term	id	nGeneIds	pvalue	adjPvalue	oddsRatio	nOverlap	batch	timepoint	cellLine	batch2	perturbation	concentration	direction
REP.B005_PC3_24H_E21_deforolimus_0.25uM down	844632e8-9494-4475-93dc-667e173dd140	250	6.104341835959248e-10	0.0008976879799058044	2.9201932367149754	40	REP.B005	PC3	24H	E21	deforolimus	0.25uM	down
DOSVAL001_A549_24H_C21_wortmannin_10uM down	c1fba918-4d4d-4c7d-a518-5c90605e57eb	250	2.1401485390872108e-09	0.0008976879799058044	2.8471884057971018	39	DOSVAL001	A549	24H	C21	wortmannin	10uM	down
REP.B005_PC3_24H_E22_deforolimus_0.08uM down	179c1307-11fb-4e40-92b9-977925459637	250	2.1401485390872108e-09	0.0008976879799058044	2.8471884057971018	39	REP.B005	PC3	24H	E22	deforolimus	0.08uM	down
PAC016_U2OS_6H_I13_BRD-K49461735_10uM up	28d494f0-0a3b-42c2-ba9f-c94e09685ad0	250	2.1401485390872108e-09	0.0008976879799058044	2.8471884057971018	39	PAC016	U2OS	6H	I13	BRD-K49461735	10uM	up
PBIOA010_XC.R10_24H_B17_NVP-BEZ235_3.33uM down	e879a7ba-60f3-4959-8496-47a0c0299a5b	250	7.270743453188471e-09	0.0011089899744978985	2.774183574879227	38	PBIOA010	XC.R10	24H	B17	NVP-BEZ235	3.33uM	down
REP.B011_YAPC_24H_F17_nicotine_0.03uM down	ef543691-c6b3-4739-8d71-a3ad1625e39f	250	7.270743453188471e-09	0.0011089899744978985	2.774183574879227	38	REP.B011	YAPC	24H	F17	nicotine	0.03uM	down
ERG005_VCAP_24H_I09_fulvestrant_1.11uM up	98fb3ae4-0e92-4052-b265-0b7768bbde6e	250	7.270743453188471e-09	0.0011089899744978985	2.774183574879227	38	ERG005	VCAP	24H	I09	fulvestrant	1.11uM	up
REP.B005_PC3_24H_E23_deforolimus_0.03uM down	b860447a-74e1-4bdb-a52d-47f844b74faa	250	7.270743453188471e-09	0.0011089899744978985	2.774183574879227	38	REP.B005	PC3	24H	E23	deforolimus	0.03uM	down
CPC010_MCF7_24H_C14_BRD-K99582188_10uM up	84e1dcf0-7f2e-4e9d-ad76-8e4dd95764fe	250	7.270743453188471e-09	0.0011089899744978985	2.774183574879227	38	CPC010	MCF7	24H	C14	BRD-K99582188	10uM	up
FIBR012_MCLF015CN_6H_H19_BRD-K55591206_4uM up	ea4ff069-43b1-4766-9d0f-ffb3f3ab46ad	250	7.270743453188471e-09	0.0011089899744978985	2.774183574879227	38	FIBR012	MCLF015CN	6H	H19	BRD-K55591206	4uM	up
REP.A010_JURKAT_24H_A16_cefepime_0.37uM up	4cc1fe4a-28b6-47a0-ba2f-bfec34d0e555	250	7.270743453188471e-09	0.0011089899744978985	2.774183574879227	38	REP.A010	JURKAT	24H	A16	cefepime	0.37uM	up
REP.B015_PC3_24H_L04_MLN-0128_0.08uM down	d751a93a-c659-484b-8953-a91736034222	250	2.392215202350957e-08	0.0019112717274192609	2.7011787439613526	37	REP.B015	PC3	24H	L04	MLN-0128	0.08uM	down
MUC.CP008_MCF7_24H_I19_GDC-0349_10uM down	0780c95c-cd0a-4395-891f-2c2a367c0173	250	2.392215202350957e-08	0.0019112717274192609	2.7011787439613526	37	MUC.CP008	MCF7	24H	I19	GDC-0349	10uM	down
REP.A001_PC3_24H_I02_PKI-179_3.33uM down	a9453b01-6bbe-49c2-a5ad-d24337ad8378	250	2.392215202350957e-08	0.0019112717274192609	2.7011787439613526	37	REP.A001	PC3	24H	I02	PKI-179	3.33uM	down
XPR012_MCF7.311_96H_J07_BFSP2 down	0fcf72bc-adc3-4d94-a646-45f314058a7b	250	2.392215202350957e-08	0.0019112717274192609	2.7011787439613526	37	XPR012	MCF7.311	96H	J07	BFSP2	N/A	down
REP.B005_PC3_24H_E19_deforolimus_2.22uM down	dd8a10c5-5de0-425c-b903-32609b2d6869	250	2.392215202350957e-08	0.0019112717274192609	2.7011787439613526	37	REP.B005	PC3	24H	E19	deforolimus	2.22uM	down
ASG003_A549_6H_P11_ixazomib_1.11uM down	63e33c8e-2701-448d-89e1-d4bebe4e1828	250	2.392215202350957e-08	0.0019112717274192609	2.7011787439613526	37	ASG003	A549	6H	P11	ixazomib	1.11uM	down
REP.A010_JURKAT_24H_O22_iguratimod_0.37uM up	9397b09a-7630-46a1-9b69-1fe20ef5565a	250	2.392215202350957e-08	0.0019112717274192609	2.7011787439613526	37	REP.A010	JURKAT	24H	O22	iguratimod	0.37uM	up
PAC019_U2OS_6H_D14_BRD-K88762178_10uM up	1cd77589-cc72-4f84-a447-ee4d9f6ed208	250	2.392215202350957e-08	0.0019112717274192609	2.7011787439613526	37	PAC019	U2OS	6H	D14	BRD-K88762178	10uM	up
REP.A001_MCF7_24H_I04_PKI-179_0.37uM down	04819007-3259-4f8d-814e-4013296980cf	250	2.392215202350957e-08	0.0019112717274192609	2.7011787439613526	37	REP.A001	MCF7	24H	I04	PKI-179	0.37uM	down
PAC002_U2OS_6H_F11_bromhexine_10uM down	ffbf68ab-f71f-4ae5-93f4-29a1658704fe	250	2.392215202350957e-08	0.0019112717274192609	2.7011787439613526	37	PAC002	U2OS	6H	F11	bromhexine	10uM	down
REP.A013_MCF7_24H_F17_atipamezole_0.125uM down	5a35bce3-6978-400c-aeaa-01c7a1ba08bf	250	7.618222414835146e-08	0.0034545653131682385	2.6281739130434785	36	REP.A013	MCF7	24H	F17	atipamezole	0.125uM	down
POL001_JURKAT_24H_P14_GSK-2126458_3.33uM down	e402765b-9b9d-43cc-870f-7dfb0f0574df	250	7.618222414835146e-08	0.0034545653131682385	2.6281739130434785	36	POL001	JURKAT	24H	P14	GSK-2126458	3.33uM	down
ASG003_XC.L10_24H_L10_AZD-8055_10uM down	a0305cc2-8ea7-4ef6-a089-3c4d1e62a6f3	250	7.618222414835146e-08	0.0034545653131682385	2.6281739130434785	36	ASG003	XC.L10	24H	L10	AZD-8055	10uM	down
MUC.CP008_MCF7_24H_I22_GDC-0349_0.37uM down	eb3f5ad8-3f56-4bee-b5f8-86372032ebc8	250	7.618222414835146e-08	0.0034545653131682385	2.6281739130434785	36	MUC.CP008	MCF7	24H	I22	GDC-0349	0.37uM	down
REP.A013_A375_24H_H06_CGP-12177_0.04uM up	5eb18dc6-f4eb-4d79-8c2a-d714a7c218dd	250	7.618222414835146e-08	0.0034545653131682385	2.6281739130434785	36	REP.A013	A375	24H	H06	CGP-12177	0.04uM	up
CPC014_VCAP_6H_I01_torin-2_10uM down	cbd6c70b-9b5d-4445-8783-ad0a43f5cf9d	250	7.618222414835146e-08	0.0034545653131682385	2.6281739130434785	36	CPC014	VCAP	6H	I01	torin-2	10uM	down
ASG003_XC.P091_24H_D07_olaparib_10uM down	fba51cec-45de-48a4-880d-467416b5fd2d	250	7.618222414835146e-08	0.0034545653131682385	2.6281739130434785	36	ASG003	XC.P091	24H	D07	olaparib	10uM	down
REP.B001_PC3_24H_I03_PKI-179_0.25uM down	be44a6d6-b574-47cb-94ea-084639b668ec	250	7.618222414835146e-08	0.0034545653131682385	2.6281739130434785	36	REP.B001	PC3	24H	I03	PKI-179	0.25uM	down
NMH001_NPC_24H_L20_oxyphenbutazone_10uM up	af5440c2-be4b-4384-acf1-f3d6ac4f5370	250	7.618222414835146e-08	0.0034545653131682385	2.6281739130434785	36	NMH001	NPC	24H	L20	oxyphenbutazone	10uM	up
CPC003_PC3_24H_O11_CGP-71683_10uM up	bd49adbc-2851-4606-ad38-041cdb7cfe24	250	7.618222414835146e-08	0.0034545653131682385	2.6281739130434785	36	CPC003	PC3	24H	O11	CGP-71683	10uM	up
PAC069_U2OS_6H_J02_sirolimus_20uM up	3dae25f7-76dc-4ec8-9ba9-9f22d0c21e00	250	7.618222414835146e-08	0.0034545653131682385	2.6281739130434785	36	PAC069	U2OS	6H	J02	sirolimus	20uM	up
MOA001_U2OS_24H_D16_NVP-BEZ235_0.37uM up	0352c380-b88b-490c-a54a-6bf7c8289208	250	7.618222414835146e-08	0.0034545653131682385	2.6281739130434785	36	MOA001	U2OS	24H	D16	NVP-BEZ235	0.37uM	up
MOA001_U2OS_24H_D15_NVP-BEZ235_1.11uM up	ebe68936-2144-48c6-98aa-ce3d2ca04b17	250	7.618222414835146e-08	0.0034545653131682385	2.6281739130434785	36	MOA001	U2OS	24H	D15	NVP-BEZ235	1.11uM	up
ASG003_XC.P026_24H_E16_KU-0063794_10uM down	d7ccb103-33f6-4044-b2ab-9f25b11691d4	250	7.618222414835146e-08	0.0034545653131682385	2.6281739130434785	36	ASG003	XC.P026	24H	E16	KU-0063794	10uM	down
TSAI001_APP11NPC1_XH_A12_HDAC1-SHRNA4_2uM down	bd33dff1-2742-45f2-97e8-6c77326b3945	250	7.618222414835146e-08	0.0034545653131682385	2.6281739130434785	36	TSAI001	APP11NPC1	XH	A12	HDAC1-SHRNA4	2uM	down
CRCGN017_MCF10A.WT.HP_24H_A17_galangin_30uM up	7d02034c-3ef0-4e68-9a9b-f67ae904632b	250	7.618222414835146e-08	0.0034545653131682385	2.6281739130434785	36	CRCGN017	MCF10A.WT.HP	24H	A17	galangin	30uM	up
CPC014_VCAP_6H_G23_torin-1_10uM down	a616410c-ff7f-412f-a3d1-f8184ed0a44c	250	2.3467816242803088e-07	0.005876779019590483	2.555169082125604	35	CPC014	VCAP	6H	G23	torin-1	10uM	down
REP.A011_A549_24H_N09_PF-04691502_1.11uM down	0242a032-b1b8-4a91-a0cd-324d79b6f243	250	2.3467816242803088e-07	0.005876779019590483	2.555169082125604	35	REP.A011	A549	24H	N09	PF-04691502	1.11uM	down
REP.A001_PC3_24H_I04_PKI-179_0.37uM down	f931db76-cc69-41ca-a9ba-0f5b95b216fd	250	2.3467816242803088e-07	0.005876779019590483	2.555169082125604	35	REP.A001	PC3	24H	I04	PKI-179	0.37uM	down
LJP007_JURKAT_24H_L09_MLN-0128_1.11uM down	d2fddd0c-a53c-44ff-bddd-f8d62d3c9fb6	250	2.3467816242803088e-07	0.005876779019590483	2.555169082125604	35	LJP007	JURKAT	24H	L09	MLN-0128	1.11uM	down
PAC033_U2OS_6H_D08_BRD-K33346587_10uM up	3068d4ea-5c09-433a-b7e7-7b02b4e2fda4	250	2.3467816242803088e-07	0.005876779019590483	2.555169082125604	35	PAC033	U2OS	6H	D08	BRD-K33346587	10uM	up
XPR032_ES2.311_96H_N17_CLCN2 up	9da0fec4-653a-457d-9660-69e710759e46	250	2.3467816242803088e-07	0.005876779019590483	2.555169082125604	35	XPR032	ES2.311	96H	N17	CLCN2	N/A	up
REP.B015_A549_24H_L02_MLN-0128_0.74uM down	bfca7111-ffd2-4299-b01f-efe59dd488dc	250	2.3467816242803088e-07	0.005876779019590483	2.555169082125604	35	REP.B015	A549	24H	L02	MLN-0128	0.74uM	down
ASG003_U2OS_6H_L12_AZD-8055_0.12uM down	5076d803-962a-4ebd-8980-6d438105834e	250	2.3467816242803088e-07	0.005876779019590483	2.555169082125604	35	ASG003	U2OS	6H	L12	AZD-8055	0.12uM	down
REP.A025_JURKAT_24H_K10_MG-132_20uM down	5c4cbee0-9a0b-490d-b4a4-810831f3475d	250	2.3467816242803088e-07	0.005876779019590483	2.555169082125604	35	REP.A025	JURKAT	24H	K10	MG-132	20uM	down
LJP001_SKBR3_24H_L19_WYE-125132_0.37uM up	170eff71-b4cb-4046-9d6d-1fdda5d9b7be	250	2.3467816242803088e-07	0.005876779019590483	2.555169082125604	35	LJP001	SKBR3	24H	L19	WYE-125132	0.37uM	up
MOA001_U2OS_24H_D16_NVP-BEZ235_0.37uM down	0301a1c5-b24a-487e-ac8b-7a0b5dc8a418	250	2.3467816242803088e-07	0.005876779019590483	2.555169082125604	35	MOA001	U2OS	24H	D16	NVP-BEZ235	0.37uM	down
ASG003_XC.P026_24H_L10_AZD-8055_10uM down	0724c796-933f-4bd6-b59f-e5903dedfad0	250	2.3467816242803088e-07	0.005876779019590483	2.555169082125604	35	ASG003	XC.P026	24H	L10	AZD-8055	10uM	down
ASG003_XC.P905_24H_L10_AZD-8055_10uM up	f4368f57-e143-4096-bcb8-1ada286ae140	250	2.3467816242803088e-07	0.005876779019590483	2.555169082125604	35	ASG003	XC.P905	24H	L10	AZD-8055	10uM	up
REP.A010_JURKAT_24H_N23_rilmenidine_0.125uM up	65226b0c-f1fb-4792-a8c4-ee589af24b49	250	2.3467816242803088e-07	0.005876779019590483	2.555169082125604	35	REP.A010	JURKAT	24H	N23	rilmenidine	0.125uM	up
PBIOA010_XC.R10_24H_A18_AZD-8055_1.11uM down	55942340-a2b2-4352-b50d-ca35c18ad192	250	2.3467816242803088e-07	0.005876779019590483	2.555169082125604	35	PBIOA010	XC.R10	24H	A18	AZD-8055	1.11uM	down
REP.A015_MDAMB231_24H_L01_MLN-0128_10uM down	18859737-7582-4c3b-b6d6-60b96222de60	250	2.3467816242803088e-07	0.005876779019590483	2.555169082125604	35	REP.A015	MDAMB231	24H	L01	MLN-0128	10uM	down
REP.B028_THP1_24H_M06_PA-824_0.01uM down	6bc05a49-7773-402b-816a-bf218516ccc7	250	2.3467816242803088e-07	0.005876779019590483	2.555169082125604	35	REP.B028	THP1	24H	M06	PA-824	0.01uM	down
REP.A001_A549_24H_I02_PKI-179_3.33uM down	c93bebc3-1154-41b7-a195-42adea0837b1	250	2.3467816242803088e-07	0.005876779019590483	2.555169082125604	35	REP.A001	A549	24H	I02	PKI-179	3.33uM	down
ERAM001_MCF7_24H_M14_BRD-K41790758_12.5uM down	40938ef9-2ea9-4e38-918a-50869e64f5e2	250	2.3467816242803088e-07	0.005876779019590483	2.555169082125604	35	ERAM001	MCF7	24H	M14	BRD-K41790758	12.5uM	down
ASG003_XC.P914_24H_L11_AZD-8055_1.11uM down	59fafd9b-c273-4c8c-bde8-26c1f19dab38	250	2.3467816242803088e-07	0.005876779019590483	2.555169082125604	35	ASG003	XC.P914	24H	L11	AZD-8055	1.11uM	down
PAC016_U2OS_6H_O15_BRD-K57616143_10uM up	b683bde4-e9bd-43ab-8a2e-20079d19e6e0	250	2.3467816242803088e-07	0.005876779019590483	2.555169082125604	35	PAC016	U2OS	6H	O15	BRD-K57616143	10uM	up
REP.A010_JURKAT_24H_M23_swainsonine_0.125uM up	3cf6694a-cef8-4395-8199-f2f6e197d940	250	2.3467816242803088e-07	0.005876779019590483	2.555169082125604	35	REP.A010	JURKAT	24H	M23	swainsonine	0.125uM	up
DOS030_VCAP_24H_C13_BRD-K55185663_4uM down	48c3162d-c73f-46ae-b1e7-036c68ef7a17	250	2.3467816242803088e-07	0.005876779019590483	2.555169082125604	35	DOS030	VCAP	24H	C13	BRD-K55185663	4uM	down
REP.B007_A375_24H_P01_PI-103_2.22uM down	d49f0863-0686-4333-b454-fdec527c6129	250	2.3467816242803088e-07	0.005876779019590483	2.555169082125604	35	REP.B007	A375	24H	P01	PI-103	2.22uM	down
REP.A010_JURKAT_24H_L11_tasquinimod_0.125uM up	f125ac44-18b1-4cf0-98c2-3c22809e17fa	250	2.3467816242803088e-07	0.005876779019590483	2.555169082125604	35	REP.A010	JURKAT	24H	L11	tasquinimod	0.125uM	up
MUC.CP007_P1A82_24H_M23_NVP-BEZ235_0.25uM down	654c9d1d-6bda-44eb-aa97-7a4eb51c3684	250	2.3467816242803088e-07	0.005876779019590483	2.555169082125604	35	MUC.CP007	P1A82	24H	M23	NVP-BEZ235	0.25uM	down
PAC008_U2OS_6H_G07_BRD-K17705318_10uM down	436ad602-fb85-4466-8f91-54da2a0b29f8	250	2.3467816242803088e-07	0.005876779019590483	2.555169082125604	35	PAC008	U2OS	6H	G07	BRD-K17705318	10uM	down
PBIOA021_HA1E_24H_O02_MG-132_10uM down	97110215-933d-4b39-938d-ef5fb73f7686	250	2.3467816242803088e-07	0.005876779019590483	2.555169082125604	35	PBIOA021	HA1E	24H	O02	MG-132	10uM	down
CPC020_VCAP_24H_E22_GSK-1059615_10uM down	cf284236-2055-4a82-85d4-c62ac9ec02bb	250	2.3467816242803088e-07	0.005876779019590483	2.555169082125604	35	CPC020	VCAP	24H	E22	GSK-1059615	10uM	down
PAC019_U2OS_6H_A03_BRD-K11156132_10uM down	e6863b40-ba49-4522-990d-6f1f8f50adc7	250	2.3467816242803088e-07	0.005876779019590483	2.555169082125604	35	PAC019	U2OS	6H	A03	BRD-K11156132	10uM	down
HOG002_A549_6H_A14_wortmannin_10uM down	aa743e10-76b5-44e1-a823-c73f24dd784c	250	6.988413858056376e-07	0.008815936626403216	2.4821642512077293	34	HOG002	A549	6H	A14	wortmannin	10uM	down
DOSVAL003_A549_24H_N07_BRD-K15050703_20uM up	43fcbcc8-f2c5-4c37-9edb-5600a8d144da	250	6.988413858056376e-07	0.008815936626403216	2.4821642512077293	34	DOSVAL003	A549	24H	N07	BRD-K15050703	20uM	up
PAC011_U2OS_6H_G05_BRD-K37308886_10uM down	6a55c8be-bc80-4cae-8659-44abfa82ac0d	250	6.988413858056376e-07	0.008815936626403216	2.4821642512077293	34	PAC011	U2OS	6H	G05	BRD-K37308886	10uM	down
HOG002_A549_6H_N03_NVP-BEZ235_10uM down	c8e7e740-9bb2-4cbc-9cb7-c392435eeff6	250	6.988413858056376e-07	0.008815936626403216	2.4821642512077293	34	HOG002	A549	6H	N03	NVP-BEZ235	10uM	down
PAC019_U2OS_6H_N02_BRD-K66850406_10uM down	fdd00c3e-d940-4b50-b2ed-627dedf5557e	250	6.988413858056376e-07	0.008815936626403216	2.4821642512077293	34	PAC019	U2OS	6H	N02	BRD-K66850406	10uM	down
LKCP002_MCF7_24H_E18_radicicol_0.12uM down	8d5eb283-92fb-4dc6-8d34-aa77a6d31ad9	250	6.988413858056376e-07	0.008815936626403216	2.4821642512077293	34	LKCP002	MCF7	24H	E18	radicicol	0.12uM	down
CPC020_VCAP_24H_I14_levonorgestrel_10uM down	bcd4cf18-3408-4660-adb3-2a3c568e8ab0	250	6.988413858056376e-07	0.008815936626403216	2.4821642512077293	34	CPC020	VCAP	24H	I14	levonorgestrel	10uM	down
MOAR007_A375_24H_D22_TG-101348_10uM down	417677cd-939c-4ef1-bfb7-30dff25244c1	250	6.988413858056376e-07	0.008815936626403216	2.4821642512077293	34	MOAR007	A375	24H	D22	TG-101348	10uM	down
REP.A015_MDAMB231_24H_L04_MLN-0128_0.37uM down	74d85a53-796a-420d-8cee-c19319d3113b	250	6.988413858056376e-07	0.008815936626403216	2.4821642512077293	34	REP.A015	MDAMB231	24H	L04	MLN-0128	0.37uM	down
CPC006_CL34_6H_L08_PT-630_10uM down	fab424f1-4f3d-48d6-b6f8-cd40f51106a1	250	6.988413858056376e-07	0.008815936626403216	2.4821642512077293	34	CPC006	CL34	6H	L08	PT-630	10uM	down
REP.A010_PC3_24H_F17_valdecoxib_0.125uM down	72360ff7-b51a-4055-8b7a-ed450a29e9ac	250	6.988413858056376e-07	0.008815936626403216	2.4821642512077293	34	REP.A010	PC3	24H	F17	valdecoxib	0.125uM	down
LGR001_XC.L100.M_24H_I16_BGT-226_0.37uM up	32a82de0-735b-4283-8dde-257b093c71e0	250	6.988413858056376e-07	0.008815936626403216	2.4821642512077293	34	LGR001	XC.L100.M	24H	I16	BGT-226	0.37uM	up
REP.A010_A375_24H_K03_meisoindigo_1.11uM up	e07b0aca-74c8-4e24-8412-93ab4d59d64d	250	6.988413858056376e-07	0.008815936626403216	2.4821642512077293	34	REP.A010	A375	24H	K03	meisoindigo	1.11uM	up
PAC011_U2OS_6H_M24_BRD-K64593260_10uM down	b67e5bea-75c0-455b-950a-d3f772afa6b6	250	6.988413858056376e-07	0.008815936626403216	2.4821642512077293	34	PAC011	U2OS	6H	M24	BRD-K64593260	10uM	down
REP.A010_JURKAT_24H_I17_vardenafil_0.125uM up	c7bc5c8f-00f8-4595-b794-c8c2ca05fcd0	250	6.988413858056376e-07	0.008815936626403216	2.4821642512077293	34	REP.A010	JURKAT	24H	I17	vardenafil	0.125uM	up
PAC038_U2OS_6H_N15_BRD-K54495109_10uM down	648630b1-f5da-4771-a500-87bddbd5145f	250	6.988413858056376e-07	0.008815936626403216	2.4821642512077293	34	PAC038	U2OS	6H	N15	BRD-K54495109	10uM	down
PAC027_U2OS_6H_N19_BRD-K35617935_10uM up	e156dde7-8e69-4820-8a9a-3a7ef95d04fd	250	6.988413858056376e-07	0.008815936626403216	2.4821642512077293	34	PAC027	U2OS	6H	N19	BRD-K35617935	10uM	up
PAC044_U2OS_6H_O22_BRD-K39255658_10uM down	fabb3c7a-3f90-4377-8177-d66c89043564	250	6.988413858056376e-07	0.008815936626403216	2.4821642512077293	34	PAC044	U2OS	6H	O22	BRD-K39255658	10uM	down
REP.A011_MCF7_24H_N09_PF-04691502_1.11uM down	52d59265-2974-407c-baf6-19f79ee22afc	250	6.988413858056376e-07	0.008815936626403216	2.4821642512077293	34	REP.A011	MCF7	24H	N09	PF-04691502	1.11uM	down
DOSVAL001_PC3_24H_G24_BRD-K71456612_2.5uM up	02eef58a-68d7-490f-9895-4ae0b419660c	250	6.988413858056376e-07	0.008815936626403216	2.4821642512077293	34	DOSVAL001	PC3	24H	G24	BRD-K71456612	2.5uM	up
LJP009_THP1_24H_E24_ponatinib_0.04uM down	4d46d6e7-e4c8-44b8-a7ee-36a4634b24a0	250	6.988413858056376e-07	0.008815936626403216	2.4821642512077293	34	LJP009	THP1	24H	E24	ponatinib	0.04uM	down
PAC019_U2OS_6H_N17_BRD-K08080638_10uM up	c88fc367-6842-447d-87f9-97f52419701e	250	6.988413858056376e-07	0.008815936626403216	2.4821642512077293	34	PAC019	U2OS	6H	N17	BRD-K08080638	10uM	up
CEGS001_NPC.8330_24H_O02_AZD-8055_4uM down	b76768ca-9d7b-4943-8962-ea4c5f7f2cf2	250	6.988413858056376e-07	0.008815936626403216	2.4821642512077293	34	CEGS001	NPC.8330	24H	O02	AZD-8055	4uM	down
CPC002_HA1E_24H_D05_RS-67333_10uM down	5daa6f20-9095-4063-a6a3-552b68809a02	250	6.988413858056376e-07	0.008815936626403216	2.4821642512077293	34	CPC002	HA1E	24H	D05	RS-67333	10uM	down
FIBR029_MCLF040SZ_6H_N08_BRD-K09907482_4uM up	d775c731-1588-4e57-86d9-eaa09a5c1153	250	6.988413858056376e-07	0.008815936626403216	2.4821642512077293	34	FIBR029	MCLF040SZ	6H	N08	BRD-K09907482	4uM	up
CEGS001_NPC.179_24H_O06_AZD-8055_0.3uM down	bd7fbfc4-f4e4-451a-ba18-e4152c27d7f6	250	6.988413858056376e-07	0.008815936626403216	2.4821642512077293	34	CEGS001	NPC.179	24H	O06	AZD-8055	0.3uM	down
ASG003_U2OS_6H_C01_sorafenib_10uM up	3f157a05-821f-4efe-9852-b31d55b24380	250	6.988413858056376e-07	0.008815936626403216	2.4821642512077293	34	ASG003	U2OS	6H	C01	sorafenib	10uM	up
REP.A010_JURKAT_24H_P22_BMY-14802_0.37uM up	2e2e5b8f-b116-4670-87a6-ad3aef5a993e	250	6.988413858056376e-07	0.008815936626403216	2.4821642512077293	34	REP.A010	JURKAT	24H	P22	BMY-14802	0.37uM	up
PAC015_U2OS_6H_F03_BRD-K65432894_10uM down	c71d2105-3e8f-4e9b-b970-e026652cf978	250	6.988413858056376e-07	0.008815936626403216	2.4821642512077293	34	PAC015	U2OS	6H	F03	BRD-K65432894	10uM	down
MOA001_U2OS_24H_G10_BRD-K29965657_3.33uM up	14b95147-ea8c-425b-9f76-58e2dbee0c6a	250	6.988413858056376e-07	0.008815936626403216	2.4821642512077293	34	MOA001	U2OS	24H	G10	BRD-K29965657	3.33uM	up
ERG005_VCAP_6H_D05_valproic-acid_4uM down	9a0302ab-c3e1-4045-a34b-b11bc69e2140	250	6.988413858056376e-07	0.008815936626403216	2.4821642512077293	34	ERG005	VCAP	6H	D05	valproic-acid	4uM	down
MOAR004_A375_24H_P15_sunitinib_1.11uM up	9e1b7ce9-eae0-48dd-a6fe-92475c0aca58	250	6.988413858056376e-07	0.008815936626403216	2.4821642512077293	34	MOAR004	A375	24H	P15	sunitinib	1.11uM	up
LJP005_MDAMB231_3H_H14_NVP-AUY922_3.33uM up	b06ddee6-a6c0-4b54-b69e-e948c0c11240	250	6.988413858056376e-07	0.008815936626403216	2.4821642512077293	34	LJP005	MDAMB231	3H	H14	NVP-AUY922	3.33uM	up
PAC019_U2OS_6H_N12_BRD-K88809956_10uM up	eef5b65d-dfcb-4e68-a4d5-2d5c4c0c2595	250	6.988413858056376e-07	0.008815936626403216	2.4821642512077293	34	PAC019	U2OS	6H	N12	BRD-K88809956	10uM	up
XPR043_U251MG.311_96H_I18_KAT6B down	cf7f5560-1188-48b7-aeb1-9b535a5905fc	250	6.988413858056376e-07	0.008815936626403216	2.4821642512077293	34	XPR043	U251MG.311	96H	I18	KAT6B	N/A	down
ASG003_XC.P026_24H_L11_AZD-8055_1.11uM down	5d874784-2f1a-489d-bd79-3c2c1aed5f87	250	6.988413858056376e-07	0.008815936626403216	2.4821642512077293	34	ASG003	XC.P026	24H	L11	AZD-8055	1.11uM	down
ASG003_XC.P907_24H_F13_PI-103_10uM down	b8bb3dd9-3bf5-491a-8ce3-2b6d972055a6	250	6.988413858056376e-07	0.008815936626403216	2.4821642512077293	34	ASG003	XC.P907	24H	F13	PI-103	10uM	down
XPR029_PC3.311B_96H_J08_KCTD12 up	354dba90-4ef7-4145-b97a-3741eb886707	250	6.988413858056376e-07	0.008815936626403216	2.4821642512077293	34	XPR029	PC3.311B	96H	J08	KCTD12	N/A	up
PAC048_U2OS_6H_P09_BRD-K91786278_10uM down	d79ce486-e023-4467-a76b-412c12dff40f	250	6.988413858056376e-07	0.008815936626403216	2.4821642512077293	34	PAC048	U2OS	6H	P09	BRD-K91786278	10uM	down
ASG003_MCF7_48H_P07_taselisib_10uM down	1d0f5f46-555d-47e3-9d4b-574ebbabca28	250	6.988413858056376e-07	0.008815936626403216	2.4821642512077293	34	ASG003	MCF7	48H	P07	taselisib	10uM	down
PAC002_U2OS_6H_G09_BRD-K48629186_10uM down	3f8635c4-c7fe-4d92-a879-f4f270f88a46	250	6.988413858056376e-07	0.008815936626403216	2.4821642512077293	34	PAC002	U2OS	6H	G09	BRD-K48629186	10uM	down
PAC033_U2OS_6H_B22_BRD-K80954687_10uM up	67f404c6-d131-4536-8c9f-61b34699ddd2	250	6.988413858056376e-07	0.008815936626403216	2.4821642512077293	34	PAC033	U2OS	6H	B22	BRD-K80954687	10uM	up
REP.B005_PC3_24H_E24_deforolimus_0.01uM down	b9016d9c-2374-4f0b-93f8-eb0902b5188c	250	6.988413858056376e-07	0.008815936626403216	2.4821642512077293	34	REP.B005	PC3	24H	E24	deforolimus	0.01uM	down
PAC039_U2OS_6H_M17_BRD-K67460571_10uM up	18850e75-623e-4a54-94f9-2e09590b189b	250	6.988413858056376e-07	0.008815936626403216	2.4821642512077293	34	PAC039	U2OS	6H	M17	BRD-K67460571	10uM	up
ASG002_A549_24H_E19_masitinib_10uM up	339367c3-9393-4f30-a3a9-513e64e5d180	250	6.988413858056376e-07	0.008815936626403216	2.4821642512077293	34	ASG002	A549	24H	E19	masitinib	10uM	up
XPR019_AGS.311_96H_J09_LAMP3 up	742ba9ea-5e01-4da9-8b80-60227630ccfd	250	6.988413858056376e-07	0.008815936626403216	2.4821642512077293	34	XPR019	AGS.311	96H	J09	LAMP3	N/A	up
LJP008_HEK293_24H_J22_RG-108_0.37uM down	c6b37074-72a1-45cb-a12a-34f6917306c4	250	6.988413858056376e-07	0.008815936626403216	2.4821642512077293	34	LJP008	HEK293	24H	J22	RG-108	0.37uM	down
PCL001_A375_24H_B24_BRD-K45962729_0.04uM down	a60808a2-e4b3-4a1d-801d-2160bf0a891d	250	6.988413858056376e-07	0.008815936626403216	2.4821642512077293	34	PCL001	A375	24H	B24	BRD-K45962729	0.04uM	down
PAC043_U2OS_6H_K22_BRD-K88140437_10uM down	58af432b-ebb3-4292-b8ee-cd328cd25a13	250	6.988413858056376e-07	0.008815936626403216	2.4821642512077293	34	PAC043	U2OS	6H	K22	BRD-K88140437	10uM	down
ASG002_HEC251_24H_L07_KU-0063794_10uM up	4bc18f28-7e61-43f8-b632-285f0872bb00	250	6.988413858056376e-07	0.008815936626403216	2.4821642512077293	34	ASG002	HEC251	24H	L07	KU-0063794	10uM	up
CEGS001_NPC.170_24H_K07_CHIR-99021_10uM up	bef6bfce-4484-41e5-86de-0f5d75e1db17	250	6.988413858056376e-07	0.008815936626403216	2.4821642512077293	34	CEGS001	NPC.170	24H	K07	CHIR-99021	10uM	up
PAC016_U2OS_6H_F13_BRD-K45874102_10uM up	08028c17-7d04-4cd7-a458-f1b92811c9c0	250	6.988413858056376e-07	0.008815936626403216	2.4821642512077293	34	PAC016	U2OS	6H	F13	BRD-K45874102	10uM	up
PBIOA022_HCC515_24H_A13_fingolimod_10uM down	755a55ae-6766-45d6-8fb2-7b1adea3f30e	250	6.988413858056376e-07	0.008815936626403216	2.4821642512077293	34	PBIOA022	HCC515	24H	A13	fingolimod	10uM	down
FIBR039_MCLF056CN_6H_J16_BRD-K09398529_4uM up	e88a95df-44c5-4e5e-9837-ae69f0d7f799	250	6.988413858056376e-07	0.008815936626403216	2.4821642512077293	34	FIBR039	MCLF056CN	6H	J16	BRD-K09398529	4uM	up
DOSVAL004_A549_24H_H15_BRD-K28934562_4uM up	3396f95e-f71f-44ec-9e10-168cf18b253a	250	6.988413858056376e-07	0.008815936626403216	2.4821642512077293	34	DOSVAL004	A549	24H	H15	BRD-K28934562	4uM	up
ASG002_GP2D_24H_B11_AMG-232_1.11uM down	21925bca-3065-4928-9af4-9feef9e0e930	250	6.988413858056376e-07	0.008815936626403216	2.4821642512077293	34	ASG002	GP2D	24H	B11	AMG-232	1.11uM	down
MOAR006_A375_24H_E22_dipyridamole_10uM up	fce38ca1-d040-42e7-85dd-a3ac6326fc09	250	6.988413858056376e-07	0.008815936626403216	2.4821642512077293	34	MOAR006	A375	24H	E22	dipyridamole	10uM	up
LJP008_HELA_24H_A23_MK-1775_0.12uM up	83e15a51-4c89-4f90-b795-e77518f244d9	250	6.988413858056376e-07	0.008815936626403216	2.4821642512077293	34	LJP008	HELA	24H	A23	MK-1775	0.12uM	up
REP.A028_YAPC_24H_K20_brequinar_3.33uM up	a6e9cc44-9851-47ad-b888-dfa218b54c47	250	6.988413858056376e-07	0.008815936626403216	2.4821642512077293	34	REP.A028	YAPC	24H	K20	brequinar	3.33uM	up
LJP009_SHSY5Y_24H_K09_GSK-1059615_1.11uM down	0e07afc2-bbc4-4049-a84e-063b8c68e2cb	250	6.988413858056376e-07	0.008815936626403216	2.4821642512077293	34	LJP009	SHSY5Y	24H	K09	GSK-1059615	1.11uM	down
PAC015_U2OS_6H_D21_BRD-K64075179_10uM up	caab3361-bdce-4573-bd1e-20cbbc2328fb	250	6.988413858056376e-07	0.008815936626403216	2.4821642512077293	34	PAC015	U2OS	6H	D21	BRD-K64075179	10uM	up
LJP001_SKBR3_6H_K15_OSI-027_10uM up	bec73e22-ad98-4867-b738-c083f2f6b16b	250	6.988413858056376e-07	0.008815936626403216	2.4821642512077293	34	LJP001	SKBR3	6H	K15	OSI-027	10uM	up
MOAR006_A375_24H_F05_SB-743921_3.33uM down	feeae5f8-2f73-4642-88ee-2149cc97559c	250	6.988413858056376e-07	0.008815936626403216	2.4821642512077293	34	MOAR006	A375	24H	F05	SB-743921	3.33uM	down
LJP009_SHSY5Y_24H_O07_KIN001-127_10uM up	a591042d-2cd1-4b7d-b1be-119f10ea9cd0	250	6.988413858056376e-07	0.008815936626403216	2.4821642512077293	34	LJP009	SHSY5Y	24H	O07	KIN001-127	10uM	up
XPR012_MCF7.311_96H_O19_ASGR1 up	08e2b782-3bb1-4df2-a858-f28c1eaf4d9a	250	6.988413858056376e-07	0.008815936626403216	2.4821642512077293	34	XPR012	MCF7.311	96H	O19	ASGR1	N/A	up
REP.A011_A549_24H_N08_PF-04691502_3.33uM down	455c4c54-e6ac-4aa6-8923-1ca9d6d58494	250	6.988413858056376e-07	0.008815936626403216	2.4821642512077293	34	REP.A011	A549	24H	N08	PF-04691502	3.33uM	down
XPR035_HT29.311_96H_B08_PRKD1 down	6062fcc4-b030-4124-bb64-eb45942e0384	250	2.0103876043513706e-06	0.012973224517379813	2.409159420289855	33	XPR035	HT29.311	96H	B08	PRKD1	N/A	down
REP.A016_HT29_24H_A19_palbociclib_10uM down	83aa379b-074f-4aad-8d78-0cc84cc4418c	250	2.0103876043513706e-06	0.012973224517379813	2.409159420289855	33	REP.A016	HT29	24H	A19	palbociclib	10uM	down
REP.A001_XC.L10_24H_I02_PKI-179_3.33uM down	dc9c2afd-be91-4d98-b29c-b5988a8d4874	250	2.0103876043513706e-06	0.012973224517379813	2.409159420289855	33	REP.A001	XC.L10	24H	I02	PKI-179	3.33uM	down
LJP007_JURKAT_24H_L08_MLN-0128_3.33uM down	bf431d48-23cb-48a7-9599-18e115ad28dd	250	2.0103876043513706e-06	0.012973224517379813	2.409159420289855	33	LJP007	JURKAT	24H	L08	MLN-0128	3.33uM	down
XPR038_KYSE30.311_96H_F11_NDFIP1 down	26c0c893-01c6-4d71-a597-4d06bdce4893	250	2.0103876043513706e-06	0.012973224517379813	2.409159420289855	33	XPR038	KYSE30.311	96H	F11	NDFIP1	N/A	down
CPC010_HT29_6H_A12_BRD-K86492010_10uM up	1c17e721-146a-4ee3-be37-15d94edefe81	250	2.0103876043513706e-06	0.012973224517379813	2.409159420289855	33	CPC010	HT29	6H	A12	BRD-K86492010	10uM	up
REP.A001_PC3_24H_I03_PKI-179_1.11uM down	a016ceef-2beb-418d-b514-085dc457983e	250	2.0103876043513706e-06	0.012973224517379813	2.409159420289855	33	REP.A001	PC3	24H	I03	PKI-179	1.11uM	down
REP.A024_YAPC_24H_C14_BRD-K74305673_3.33uM down	e56e2551-8889-4834-b03e-ed9518d85d6c	250	2.0103876043513706e-06	0.012973224517379813	2.409159420289855	33	REP.A024	YAPC	24H	C14	BRD-K74305673	3.33uM	down
XPR010_MCF7.311_96H_C04_OXTR up	a5ff02ad-7b4a-4d2e-8534-6bc6235e42f3	250	2.0103876043513706e-06	0.012973224517379813	2.409159420289855	33	XPR010	MCF7.311	96H	C04	OXTR	N/A	up
REP.A018_HT29_24H_G10_fidarestat_0.37uM down	a2d189da-76f5-4869-bf05-1af9ceda0280	250	2.0103876043513706e-06	0.012973224517379813	2.409159420289855	33	REP.A018	HT29	24H	G10	fidarestat	0.37uM	down
ISO002_MCF10A.TP53.M.KRAS.HG_24H_E07_TPCA-1_10uM up	f28f07ab-f01f-4641-b7c6-a15439b5f88f	250	2.0103876043513706e-06	0.012973224517379813	2.409159420289855	33	ISO002	MCF10A.TP53.M.KRAS.HG	24H	E07	TPCA-1	10uM	up
CPC018_A375_6H_K08_butein_10uM up	00cd63b5-cfe7-48dd-8666-69a32d70ed40	250	2.0103876043513706e-06	0.012973224517379813	2.409159420289855	33	CPC018	A375	6H	K08	butein	10uM	up
XPR027_MCF7.311_96H_J04_RPL23A down	16f60bb6-479e-4ca8-898d-ae2ec0e27cb4	250	2.0103876043513706e-06	0.012973224517379813	2.409159420289855	33	XPR027	MCF7.311	96H	J04	RPL23A	N/A	down
PAC015_U2OS_6H_B21_BRD-K61621900_10uM up	ddfb85f1-3aee-4323-8843-8165fd4dc553	250	2.0103876043513706e-06	0.012973224517379813	2.409159420289855	33	PAC015	U2OS	6H	B21	BRD-K61621900	10uM	up
REP.A025_MCF7_24H_H02_AZD-2014_3.33uM down	30e915a6-18b6-4c87-8930-3d7edbcbfb6f	250	2.0103876043513706e-06	0.012973224517379813	2.409159420289855	33	REP.A025	MCF7	24H	H02	AZD-2014	3.33uM	down
PAC031_U2OS_6H_A06_BRD-K30803694_10uM up	a83eeecf-994f-40db-92ae-825e951484e2	250	2.0103876043513706e-06	0.012973224517379813	2.409159420289855	33	PAC031	U2OS	6H	A06	BRD-K30803694	10uM	up
XPR027_MCF7.311_96H_E19_ULK1 up	52478dce-dfeb-4a4b-bd74-6d7dfae64b71	250	2.0103876043513706e-06	0.012973224517379813	2.409159420289855	33	XPR027	MCF7.311	96H	E19	ULK1	N/A	up
AML001_HL60_24H_A08_BRD-K47084999_3.33uM up	9ddd4e69-7263-4c58-a8aa-57786c6c7ec8	250	2.0103876043513706e-06	0.012973224517379813	2.409159420289855	33	AML001	HL60	24H	A08	BRD-K47084999	3.33uM	up
PAC026_U2OS_6H_M04_BRD-K32145037_10uM up	79021d65-2fec-4f83-98d2-4ddc2e5b0c74	250	2.0103876043513706e-06	0.012973224517379813	2.409159420289855	33	PAC026	U2OS	6H	M04	BRD-K32145037	10uM	up
ASG003_XC.P932_24H_L24_JNJ-7706621_0.12uM down	6922c8c9-28a4-49ce-a10d-22874ca35d9a	250	2.0103876043513706e-06	0.012973224517379813	2.409159420289855	33	ASG003	XC.P932	24H	L24	JNJ-7706621	0.12uM	down
FIBR015_MCLF022CN_6H_O05_KO-143_4uM down	80d5175d-54e6-4e92-98c0-89cef4902117	250	2.0103876043513706e-06	0.012973224517379813	2.409159420289855	33	FIBR015	MCLF022CN	6H	O05	KO-143	4uM	down
CEGS001_NPC.170_24H_I13_sirolimus_10uM up	58ad102a-cbab-46e2-8a08-3188692a7858	250	2.0103876043513706e-06	0.012973224517379813	2.409159420289855	33	CEGS001	NPC.170	24H	I13	sirolimus	10uM	up
PAC002_U2OS_6H_E18_tanespimycin_20uM up	6b1fe6d1-448f-4511-9f6d-6d5873d1182a	250	2.0103876043513706e-06	0.012973224517379813	2.409159420289855	33	PAC002	U2OS	6H	E18	tanespimycin	20uM	up
PAC042_U2OS_6H_G13_BRD-K51072560_10uM down	2c10af96-a339-4da8-932e-9a33f2606780	250	2.0103876043513706e-06	0.012973224517379813	2.409159420289855	33	PAC042	U2OS	6H	G13	BRD-K51072560	10uM	down
PBIOA007_XC.L10_24H_E02_MW-SHH-61_3.33uM up	3eccaf25-e5b1-433e-8efb-633b39783fa6	250	2.0103876043513706e-06	0.012973224517379813	2.409159420289855	33	PBIOA007	XC.L10	24H	E02	MW-SHH-61	3.33uM	up
REP.A023_PC3_24H_F22_diacerein_0.37uM down	b836f84d-fbea-4334-9423-178311b3fe41	250	2.0103876043513706e-06	0.012973224517379813	2.409159420289855	33	REP.A023	PC3	24H	F22	diacerein	0.37uM	down
REP.B011_MDAMB231_24H_E23_ledipasvir_0.03uM down	701b8705-7e44-4bd2-8857-24b538bd03ad	250	2.0103876043513706e-06	0.012973224517379813	2.409159420289855	33	REP.B011	MDAMB231	24H	E23	ledipasvir	0.03uM	down
CPC013_HT29_6H_O23_PD-173074_10uM up	a415a91f-af4e-422e-a966-dead96eb4f11	250	2.0103876043513706e-06	0.012973224517379813	2.409159420289855	33	CPC013	HT29	6H	O23	PD-173074	10uM	up
FIBR032_MCLF054CN_6H_B24_fluoropyruvate_4uM down	8767ac35-d148-4dd8-b7aa-0192bd52cbef	250	2.0103876043513706e-06	0.012973224517379813	2.409159420289855	33	FIBR032	MCLF054CN	6H	B24	fluoropyruvate	4uM	down
PAC031_U2OS_6H_M18_BRD-K74852367_10uM up	5e8226f3-d3a2-4c0b-90cb-35b359537d62	250	2.0103876043513706e-06	0.012973224517379813	2.409159420289855	33	PAC031	U2OS	6H	M18	BRD-K74852367	10uM	up
REP.A022_HEK293_24H_H05_BAY-87-2243_0.125uM up	2abc9e25-1e33-42b1-acef-ffae248ff60d	250	2.0103876043513706e-06	0.012973224517379813	2.409159420289855	33	REP.A022	HEK293	24H	H05	BAY-87-2243	0.125uM	up
PAC059_U2OS_6H_M07_SA-1459963_10uM up	0b7d2c8f-a995-43d7-ba71-d9f354573a88	250	2.0103876043513706e-06	0.012973224517379813	2.409159420289855	33	PAC059	U2OS	6H	M07	SA-1459963	10uM	up
XPR010_MCF7.311_96H_C20_IDH3B up	c2d60568-2525-48b6-9b65-acc1e13cd0c3	250	2.0103876043513706e-06	0.012973224517379813	2.409159420289855	33	XPR010	MCF7.311	96H	C20	IDH3B	N/A	up
ASG002_GP2D_24H_E08_MG-132_1.11uM up	c0ceb96f-f21f-4946-bc0e-f1d2b7d6d12e	250	2.0103876043513706e-06	0.012973224517379813	2.409159420289855	33	ASG002	GP2D	24H	E08	MG-132	1.11uM	up
REP.B021_PC3_24H_G18_bortezomib_20uM up	a295d437-893c-42a2-bffd-747a530ae2e4	250	2.0103876043513706e-06	0.012973224517379813	2.409159420289855	33	REP.B021	PC3	24H	G18	bortezomib	20uM	up
CRCGN004_PC3_24H_D17_testosterone_20uM down	cd4ea739-e493-42ce-b545-78ee910745ec	250	2.0103876043513706e-06	0.012973224517379813	2.409159420289855	33	CRCGN004	PC3	24H	D17	testosterone	20uM	down
REP.B011_MCF7_24H_N09_PF-04691502_0.25uM up	4667745f-d009-4f38-84d2-e93adfd4b8e2	250	2.0103876043513706e-06	0.012973224517379813	2.409159420289855	33	REP.B011	MCF7	24H	N09	PF-04691502	0.25uM	up
REP.A003_HA1E_24H_N23_liranaftate_0.125uM up	b1ca6bac-5ae0-48b2-b827-0aefcc1dd3b5	250	2.0103876043513706e-06	0.012973224517379813	2.409159420289855	33	REP.A003	HA1E	24H	N23	liranaftate	0.125uM	up
EMU001_MINO_24H_J02_ZM-39923_2.5uM down	134be9d9-49f2-467a-8bb5-eb15c67e99bc	250	2.0103876043513706e-06	0.012973224517379813	2.409159420289855	33	EMU001	MINO	24H	J02	ZM-39923	2.5uM	down
LJP008_HELA_24H_K24_rucaparib_0.04uM up	3c5acd93-c90e-4e78-9493-bb9fbafca6c0	250	2.0103876043513706e-06	0.012973224517379813	2.409159420289855	33	LJP008	HELA	24H	K24	rucaparib	0.04uM	up
REP.A006_PC3_24H_N19_GDC-0980_10uM down	7ca5aa76-c6db-4dd2-a158-a534a6a3f22a	250	2.0103876043513706e-06	0.012973224517379813	2.409159420289855	33	REP.A006	PC3	24H	N19	GDC-0980	10uM	down
LJP007_JURKAT_24H_I01_sunitinib_10uM up	9970183e-a42e-444b-85e9-54b5dac5569e	250	2.0103876043513706e-06	0.012973224517379813	2.409159420289855	33	LJP007	JURKAT	24H	I01	sunitinib	10uM	up
PAC019_U2OS_6H_A11_BRD-K68921379_10uM down	c9cbfc8f-b248-459d-af02-2d849b1d310f	250	2.0103876043513706e-06	0.012973224517379813	2.409159420289855	33	PAC019	U2OS	6H	A11	BRD-K68921379	10uM	down
PAC037_U2OS_6H_C20_BRD-K99644502_10uM up	ff69b83e-e3f2-4f6a-8148-741f0407a96a	250	2.0103876043513706e-06	0.012973224517379813	2.409159420289855	33	PAC037	U2OS	6H	C20	BRD-K99644502	10uM	up
REP.A009_HT29_24H_C09_resminostat_1.11uM up	39348380-fb76-4983-9cb1-81c409a066fa	250	2.0103876043513706e-06	0.012973224517379813	2.409159420289855	33	REP.A009	HT29	24H	C09	resminostat	1.11uM	up
CRCGN006_A549_24H_D07_BRD-K18755762_20uM up	e4445445-50a4-47ab-89b7-cfbc9cde54eb	250	2.0103876043513706e-06	0.012973224517379813	2.409159420289855	33	CRCGN006	A549	24H	D07	BRD-K18755762	20uM	up
PAC039_U2OS_6H_B07_BRD-K86371068_10uM up	9fbb2014-c558-45c6-a093-a246ce31c1df	250	2.0103876043513706e-06	0.012973224517379813	2.409159420289855	33	PAC039	U2OS	6H	B07	BRD-K86371068	10uM	up
PBIOA010_XC.R10_24H_A17_AZD-8055_3.33uM down	711621af-b8c3-4923-b82e-7badb2c19c07	250	2.0103876043513706e-06	0.012973224517379813	2.409159420289855	33	PBIOA010	XC.R10	24H	A17	AZD-8055	3.33uM	down
REP.A022_HT29_24H_L19_ENMD-2076_10uM down	9afc8425-48e4-450f-9b97-501fe1bd38c7	250	2.0103876043513706e-06	0.012973224517379813	2.409159420289855	33	REP.A022	HT29	24H	L19	ENMD-2076	10uM	down
CPC006_HA1E_24H_H02_valdecoxib_200uM up	fb5c9f85-2b3e-40e1-b45e-6e38e5a3b02e	250	2.0103876043513706e-06	0.012973224517379813	2.409159420289855	33	CPC006	HA1E	24H	H02	valdecoxib	200uM	up
CPC017_A549_6H_J08_cyclosporin-a_10uM up	c9929e04-4986-45e2-9504-d2a29a282a42	250	2.0103876043513706e-06	0.012973224517379813	2.409159420289855	33	CPC017	A549	6H	J08	cyclosporin-a	10uM	up
FIBR015_MCLF022CN_6H_C08_fumonisin-b1_0.04uM up	1e0d300a-430c-4fd6-bcdb-a81793ef0a91	250	2.0103876043513706e-06	0.012973224517379813	2.409159420289855	33	FIBR015	MCLF022CN	6H	C08	fumonisin-b1	0.04uM	up
PBIOA017_HT29_24H_B13_BRD-K19826688_10uM up	7c670c8e-4784-4c4f-a052-10faebf814c2	250	2.0103876043513706e-06	0.012973224517379813	2.409159420289855	33	PBIOA017	HT29	24H	B13	BRD-K19826688	10uM	up
XPR033_A549.311_96H_O16_SLC3A1 down	b4fe20c1-bc4e-4310-a5a9-d1adedb0eb76	250	2.0103876043513706e-06	0.012973224517379813	2.409159420289855	33	XPR033	A549.311	96H	O16	SLC3A1	N/A	down
LJP009_NPC.TAK_24H_L10_RAF-265_0.37uM up	e17ce7ed-a47d-437a-9b1a-ad606b54d443	250	2.0103876043513706e-06	0.012973224517379813	2.409159420289855	33	LJP009	NPC.TAK	24H	L10	RAF-265	0.37uM	up
REP.A004_HT29_24H_M07_camicinal_10uM down	ebb9e843-7667-4329-99e1-b94ca5802189	250	2.0103876043513706e-06	0.012973224517379813	2.409159420289855	33	REP.A004	HT29	24H	M07	camicinal	10uM	down
REP.B013_HT29_24H_B22_GSK-256066_0.08uM down	88e83c6b-49ce-42a8-ace8-05a1aefcbc1f	250	2.0103876043513706e-06	0.012973224517379813	2.409159420289855	33	REP.B013	HT29	24H	B22	GSK-256066	0.08uM	down
PAC013_U2OS_6H_M06_BRD-K36702054_10uM up	f891a4e9-006e-4d4c-b084-c92a1162d859	250	2.0103876043513706e-06	0.012973224517379813	2.409159420289855	33	PAC013	U2OS	6H	M06	BRD-K36702054	10uM	up
REP.A009_THP1_24H_D03_seocalcitol_1.11uM up	c7916fde-9a13-418d-bb55-f0e2bb964174	250	2.0103876043513706e-06	0.012973224517379813	2.409159420289855	33	REP.A009	THP1	24H	D03	seocalcitol	1.11uM	up
FIBR003_MCLF027CN_6H_M08_ellagic-acid_4uM up	2652931b-5483-439e-b007-8b67c05c3373	250	2.0103876043513706e-06	0.012973224517379813	2.409159420289855	33	FIBR003	MCLF027CN	6H	M08	ellagic-acid	4uM	up
XPR016_U251MG.311_96H_C19_DUSP4 down	2f7b7fd7-3166-4e4b-a532-c6eb3c0c4c96	250	2.0103876043513706e-06	0.012973224517379813	2.409159420289855	33	XPR016	U251MG.311	96H	C19	DUSP4	N/A	down
CPC012_PC3_24H_G21_BRD-K47825575_10uM up	d03fd5cf-30a9-431f-af0a-80d6c9ebadd3	250	2.0103876043513706e-06	0.012973224517379813	2.409159420289855	33	CPC012	PC3	24H	G21	BRD-K47825575	10uM	up
DOS054_MCF7_24H_I09_BRD-K43533284_4uM down	20647ce4-d399-45dd-96a3-9fc8236e221b	250	2.0103876043513706e-06	0.012973224517379813	2.409159420289855	33	DOS054	MCF7	24H	I09	BRD-K43533284	4uM	down
PAC002_U2OS_6H_N04_metergoline_10uM up	9447c308-6fa8-4f7d-9ac2-a77e9b3c0a0c	250	2.0103876043513706e-06	0.012973224517379813	2.409159420289855	33	PAC002	U2OS	6H	N04	metergoline	10uM	up
CPC011_VCAP_24H_H15_oxymetholone_10uM down	be24950e-42f8-4d82-80d7-86cd36fe253f	250	2.0103876043513706e-06	0.012973224517379813	2.409159420289855	33	CPC011	VCAP	24H	H15	oxymetholone	10uM	down
REP.A015_HELA_24H_L01_MLN-0128_10uM down	4e636b4d-e6f7-4ff9-a1c0-08ae48c670b8	250	2.0103876043513706e-06	0.012973224517379813	2.409159420289855	33	REP.A015	HELA	24H	L01	MLN-0128	10uM	down
REP.A019_A375_24H_K20_thioguanine_3.33uM up	d6697b41-9942-4757-b21b-b1b62e9e28d0	250	2.0103876043513706e-06	0.012973224517379813	2.409159420289855	33	REP.A019	A375	24H	K20	thioguanine	3.33uM	up
XPR031_YAPC.311_96H_C07_OR10S1 down	88680f0b-ab6c-4c86-80c8-c7421150e094	250	2.0103876043513706e-06	0.012973224517379813	2.409159420289855	33	XPR031	YAPC.311	96H	C07	OR10S1	N/A	down
ASG003_XC.P026_24H_A08_NVP-BEZ235_1.11uM down	354d79a7-5825-48a1-b7df-99a2f650138c	250	2.0103876043513706e-06	0.012973224517379813	2.409159420289855	33	ASG003	XC.P026	24H	A08	NVP-BEZ235	1.11uM	down
REP.A015_MCF10A_24H_C07_voxtalisib_10uM down	0123c950-595c-4728-9c8f-080d2ae03ca2	250	2.0103876043513706e-06	0.012973224517379813	2.409159420289855	33	REP.A015	MCF10A	24H	C07	voxtalisib	10uM	down
PBIOA008_XC.R10_24H_I07_WYE-125132_10uM up	da76476a-92f1-4765-8ef6-72cbd6b8ca6a	250	2.0103876043513706e-06	0.012973224517379813	2.409159420289855	33	PBIOA008	XC.R10	24H	I07	WYE-125132	10uM	up
REP.B006_YAPC_24H_N03_diphenylpyraline_0.25uM down	93aa63f8-9f54-42df-9a13-318e24f888b0	250	2.0103876043513706e-06	0.012973224517379813	2.409159420289855	33	REP.B006	YAPC	24H	N03	diphenylpyraline	0.25uM	down
PAC001_U2OS_6H_G03_estradiol_20uM up	da6fec92-94c1-4e6a-8ee7-f3cf872e2395	250	2.0103876043513706e-06	0.012973224517379813	2.409159420289855	33	PAC001	U2OS	6H	G03	estradiol	20uM	up
CPD002_PC3_6H_N18_benzethonium_10uM up	ed81c81f-7ea4-41df-b9c5-5c21899d53c3	250	2.0103876043513706e-06	0.012973224517379813	2.409159420289855	33	CPD002	PC3	6H	N18	benzethonium	10uM	up
XPR035_MCF7.311_96H_K05_CHKA down	a53115c2-8886-428d-abb8-6ea5b5fa445e	250	2.0103876043513706e-06	0.012973224517379813	2.409159420289855	33	XPR035	MCF7.311	96H	K05	CHKA	N/A	down
PAC011_U2OS_6H_N16_BRD-K83238251_10uM up	3bb27dc7-39e0-440b-b34a-27eb369a24b6	250	2.0103876043513706e-06	0.012973224517379813	2.409159420289855	33	PAC011	U2OS	6H	N16	BRD-K83238251	10uM	up
XPR008_MCF7.311_96H_P05_HRH4 up	f3e88491-e8cc-403b-ab85-b2b610bfcd63	250	2.0103876043513706e-06	0.012973224517379813	2.409159420289855	33	XPR008	MCF7.311	96H	P05	HRH4	N/A	up
XPR012_A549.311_96H_J04_BTNL2 up	a2e7e1e6-2b9b-4246-ae70-0c5a3247fa9b	250	2.0103876043513706e-06	0.012973224517379813	2.409159420289855	33	XPR012	A549.311	96H	J04	BTNL2	N/A	up
XPR012_MCF7.311_96H_H21_BCL7C down	01195c67-1887-480d-96e9-5ad5370e8fd4	250	2.0103876043513706e-06	0.012973224517379813	2.409159420289855	33	XPR012	MCF7.311	96H	H21	BCL7C	N/A	down
REP.A010_JURKAT_24H_L15_berberine_1.11uM up	9506b523-31dc-4748-9c02-f9a8debf8e8b	250	2.0103876043513706e-06	0.012973224517379813	2.409159420289855	33	REP.A010	JURKAT	24H	L15	berberine	1.11uM	up
DOSVAL001_HEPG2_24H_G04_BRD-K74722920_10uM up	0d50059e-1bec-49c9-a85b-e37a4347e1bb	250	2.0103876043513706e-06	0.012973224517379813	2.409159420289855	33	DOSVAL001	HEPG2	24H	G04	BRD-K74722920	10uM	up
PAC011_U2OS_6H_C23_BRD-K41311678_10uM down	23204ab0-c469-460d-8367-787dd414c6e8	250	2.0103876043513706e-06	0.012973224517379813	2.409159420289855	33	PAC011	U2OS	6H	C23	BRD-K41311678	10uM	down
ERG011_VCAP_24H_D18_oligomycin-a_2.22uM up	48d7006b-eadb-4384-83c1-ff3c9ef72924	250	2.0103876043513706e-06	0.012973224517379813	2.409159420289855	33	ERG011	VCAP	24H	D18	oligomycin-a	2.22uM	up
PAC019_U2OS_6H_H15_BRD-K81606899_10uM up	73619305-1cc2-4e3e-9c24-8d01608972f6	250	2.0103876043513706e-06	0.012973224517379813	2.409159420289855	33	PAC019	U2OS	6H	H15	BRD-K81606899	10uM	up
CPC006_THP1_6H_O23_STK-064652_10uM down	933dcd69-9a6b-4de6-9373-b4fc5ef2acd6	250	2.0103876043513706e-06	0.012973224517379813	2.409159420289855	33	CPC006	THP1	6H	O23	STK-064652	10uM	down
PBIOA018_HCC515_24H_L09_BRD-K59037718_1.11uM up	d9bef9ca-0e7c-438d-9925-970099ca5215	250	2.0103876043513706e-06	0.012973224517379813	2.409159420289855	33	PBIOA018	HCC515	24H	L09	BRD-K59037718	1.11uM	up
XPR034_U251MG.311_96H_A24_GALE down	f36e0ada-5934-4962-8b14-61ffac00bfc4	250	2.0103876043513706e-06	0.012973224517379813	2.409159420289855	33	XPR034	U251MG.311	96H	A24	GALE	N/A	down
ASG003_XC.P930_24H_A05_LY-294002_1.11uM up	06b1d800-2017-4f67-98f5-85f87ca729e5	250	2.0103876043513706e-06	0.012973224517379813	2.409159420289855	33	ASG003	XC.P930	24H	A05	LY-294002	1.11uM	up
ASG003_XC.P026_24H_A07_NVP-BEZ235_10uM down	d8fc85ca-2a9f-4e3e-bb25-fc5d80fa0c6c	250	2.0103876043513706e-06	0.012973224517379813	2.409159420289855	33	ASG003	XC.P026	24H	A07	NVP-BEZ235	10uM	down
CPC013_A375_6H_K15_BRD-K54159704_10uM down	2903ace7-aa6f-4c44-9c8e-a3bdb1a3fb73	250	2.0103876043513706e-06	0.012973224517379813	2.409159420289855	33	CPC013	A375	6H	K15	BRD-K54159704	10uM	down
DPK.CP001_A549_24H_L04_nutlin-3_10uM down	587219b8-5578-488e-84e9-6f25ad7f433a	250	2.0103876043513706e-06	0.012973224517379813	2.409159420289855	33	DPK.CP001	A549	24H	L04	nutlin-3	10uM	down
PAC017_U2OS_6H_F21_BRD-K27982554_10uM down	bb83409e-d9e9-4cc8-b543-0dcc982ac443	250	2.0103876043513706e-06	0.012973224517379813	2.409159420289855	33	PAC017	U2OS	6H	F21	BRD-K27982554	10uM	down
REP.A001_HT29_24H_K24_edoxaban_0.04uM down	32da4237-ef7c-4110-843e-95c6a1075f72	250	2.0103876043513706e-06	0.012973224517379813	2.409159420289855	33	REP.A001	HT29	24H	K24	edoxaban	0.04uM	down
CPC019_HEPG2_6H_K07_BRD-K18249495_10uM up	e8f65a2d-71e3-47f7-9048-f49164dede36	250	2.0103876043513706e-06	0.012973224517379813	2.409159420289855	33	CPC019	HEPG2	6H	K07	BRD-K18249495	10uM	up
REP.A005_MCF7_24H_G20_TAS-103_3.33uM down	6d9b371d-7fc3-4705-a19f-46dd0298d554	250	2.0103876043513706e-06	0.012973224517379813	2.409159420289855	33	REP.A005	MCF7	24H	G20	TAS-103	3.33uM	down
REP.A010_HELA_24H_A08_tipiracil_3.33uM down	ff025f11-0e15-40fc-94f4-887440800ece	250	2.0103876043513706e-06	0.012973224517379813	2.409159420289855	33	REP.A010	HELA	24H	A08	tipiracil	3.33uM	down
LJP005_SKBR3_24H_I01_AZD-6482_10uM down	9ce64ce7-1b65-4452-9fac-ceeb02e28ccd	250	2.0103876043513706e-06	0.012973224517379813	2.409159420289855	33	LJP005	SKBR3	24H	I01	AZD-6482	10uM	down
REP.B015_PC3_24H_L05_MLN-0128_0.03uM down	c983d363-11f6-4146-aac9-aa09897d7ae0	250	2.0103876043513706e-06	0.012973224517379813	2.409159420289855	33	REP.B015	PC3	24H	L05	MLN-0128	0.03uM	down
LJP006_BT20_24H_E20_PHA-793887_3.33uM down	ba233465-256e-4bba-8b99-caa2b5c51dc8	250	2.0103876043513706e-06	0.012973224517379813	2.409159420289855	33	LJP006	BT20	24H	E20	PHA-793887	3.33uM	down
PAC016_U2OS_6H_J09_BRD-K50532142_10uM down	0cc2bd65-37bf-449e-88b7-aff243f3e922	250	2.0103876043513706e-06	0.012973224517379813	2.409159420289855	33	PAC016	U2OS	6H	J09	BRD-K50532142	10uM	down
MOAR010_HEC1A_24H_D02_GDC-0349_3.33uM down	66413297-cfec-4179-806d-b96db6b11ed1	250	2.0103876043513706e-06	0.012973224517379813	2.409159420289855	33	MOAR010	HEC1A	24H	D02	GDC-0349	3.33uM	down
MUC.CP004_MCF7_24H_O15_vorinostat_10uM up	21e53173-169a-49fa-8065-a26e97b85881	250	2.0103876043513706e-06	0.012973224517379813	2.409159420289855	33	MUC.CP004	MCF7	24H	O15	vorinostat	10uM	up
LJP009_HEK293_24H_K07_GSK-1059615_10uM up	d5ff8bce-9036-47e4-b590-0d2b9e801d6e	250	2.0103876043513706e-06	0.012973224517379813	2.409159420289855	33	LJP009	HEK293	24H	K07	GSK-1059615	10uM	up
ISO002_HCT116.TP53.HR_24H_J09_sirolimus_1.11uM up	ce9603ee-d2c3-4341-ab71-7619a0c87cf7	250	2.0103876043513706e-06	0.012973224517379813	2.409159420289855	33	ISO002	HCT116.TP53.HR	24H	J09	sirolimus	1.11uM	up
LJP005_SKBR3_24H_H18_NVP-AUY922_0.04uM down	9de5a41a-41f0-445f-8a19-72b2c2e03a9a	250	2.0103876043513706e-06	0.012973224517379813	2.409159420289855	33	LJP005	SKBR3	24H	H18	NVP-AUY922	0.04uM	down
ERG011_VCAP_6H_D18_oligomycin-a_2.22uM up	73b81104-1239-4e5c-8945-64be69f357b0	250	2.0103876043513706e-06	0.012973224517379813	2.409159420289855	33	ERG011	VCAP	6H	D18	oligomycin-a	2.22uM	up
MOAR011_JHH5_24H_L14_tipifarnib-P2_3.33uM up	9e7638a9-cfff-41a4-b856-fe6aaa8aaefe	250	2.0103876043513706e-06	0.012973224517379813	2.409159420289855	33	MOAR011	JHH5	24H	L14	tipifarnib-P2	3.33uM	up
LJP007_A549_24H_N09_BGT-226_1.11uM down	7e3d8037-4d4c-4267-a721-74b7bf14b6ca	250	2.0103876043513706e-06	0.012973224517379813	2.409159420289855	33	LJP007	A549	24H	N09	BGT-226	1.11uM	down
MUC.CP008_MCF7_24H_C06_NVP-BEZ235_0.04uM up	5f26b79d-87f2-4914-96b0-0feeaffe2ebe	250	2.0103876043513706e-06	0.012973224517379813	2.409159420289855	33	MUC.CP008	MCF7	24H	C06	NVP-BEZ235	0.04uM	up
AICHI002_OCILY19_24H_C21_sirolimus_0.66uM down	5c4fe0a4-3265-4de7-9afe-b68a90ba5c3a	250	2.0103876043513706e-06	0.012973224517379813	2.409159420289855	33	AICHI002	OCILY19	24H	C21	sirolimus	0.66uM	down
CPC002_HA1E_24H_E11_SKI-II_10uM up	7542770c-0a4b-4c20-83ef-2078d5d32772	250	2.0103876043513706e-06	0.012973224517379813	2.409159420289855	33	CPC002	HA1E	24H	E11	SKI-II	10uM	up
FIBR038_MCLF035SZ_6H_H09_inhibitor-BEC_4uM down	d114e321-07fd-4ef5-96f3-43bd61316884	250	2.0103876043513706e-06	0.012973224517379813	2.409159420289855	33	FIBR038	MCLF035SZ	6H	H09	inhibitor-BEC	4uM	down
FIBR037_MCLF035SZ_6H_P01_estradiol_0.37uM up	ef429bb7-1b39-4ddf-8832-511b694ae991	250	2.0103876043513706e-06	0.012973224517379813	2.409159420289855	33	FIBR037	MCLF035SZ	6H	P01	estradiol	0.37uM	up
ASG003_XC.P910_24H_P07_taselisib_10uM up	6110f689-9806-4dd8-822e-4976260635fe	250	2.0103876043513706e-06	0.012973224517379813	2.409159420289855	33	ASG003	XC.P910	24H	P07	taselisib	10uM	up
CEGS001_NPC.179_24H_O01_AZD-8055_10uM down	d6078936-f42c-4fae-919d-bd023f7c0b61	250	2.0103876043513706e-06	0.012973224517379813	2.409159420289855	33	CEGS001	NPC.179	24H	O01	AZD-8055	10uM	down
PAC028_U2OS_6H_J11_BRD-K67572910_10uM down	8449da58-6d3d-4f9c-8e6b-bd0c340a3f62	250	2.0103876043513706e-06	0.012973224517379813	2.409159420289855	33	PAC028	U2OS	6H	J11	BRD-K67572910	10uM	down
REP.B001_PC3_24H_I01_PKI-179_2.22uM down	72c929bd-460e-406a-9935-ca7bbee5ffbe	250	2.0103876043513706e-06	0.012973224517379813	2.409159420289855	33	REP.B001	PC3	24H	I01	PKI-179	2.22uM	down
DOS013_VCAP_24H_O23_BRD-K26038019_4uM down	3c04e6ab-56c8-4fe1-b874-ae33c598a8c1	250	2.0103876043513706e-06	0.012973224517379813	2.409159420289855	33	DOS013	VCAP	24H	O23	BRD-K26038019	4uM	down
PBIOA008_XC.R10_24H_I08_WYE-125132_3.33uM down	063760c7-826a-4b6a-a416-98b581f02438	250	2.0103876043513706e-06	0.012973224517379813	2.409159420289855	33	PBIOA008	XC.R10	24H	I08	WYE-125132	3.33uM	down
CPC014_MCF7_24H_C13_GDC-0941_10uM down	778e4a6f-3c4d-46fa-acba-3eedc57ea084	250	2.0103876043513706e-06	0.012973224517379813	2.409159420289855	33	CPC014	MCF7	24H	C13	GDC-0941	10uM	down
XPR035_AGS.311_96H_P16_PNKP up	00948b36-7c41-40fe-84c7-44dd2d2bd393	250	2.0103876043513706e-06	0.012973224517379813	2.409159420289855	33	XPR035	AGS.311	96H	P16	PNKP	N/A	up
EMU001_K562_24H_F04_sirolimus_0.125uM down	5a6922f6-6295-418c-83dc-6acd7e59874f	250	2.0103876043513706e-06	0.012973224517379813	2.409159420289855	33	EMU001	K562	24H	F04	sirolimus	0.125uM	down
MOA001_U2OS_24H_C15_NVP-BEZ235_10uM up	10c57aff-961c-46d1-bd68-7c1a074147c1	250	2.0103876043513706e-06	0.012973224517379813	2.409159420289855	33	MOA001	U2OS	24H	C15	NVP-BEZ235	10uM	up
ASG003_XC.P905_24H_A07_NVP-BEZ235_10uM up	4ccc88bb-a73e-40c9-854c-ede1e6c62b4f	250	2.0103876043513706e-06	0.012973224517379813	2.409159420289855	33	ASG003	XC.P905	24H	A07	NVP-BEZ235	10uM	up
CPC016_A375_6H_K12_ciclacillin_10uM down	6fcf3435-cf83-4993-bdfb-dab89de725b0	250	2.0103876043513706e-06	0.012973224517379813	2.409159420289855	33	CPC016	A375	6H	K12	ciclacillin	10uM	down
LJP009_YAPC_24H_E19_ponatinib_10uM up	b6fdf48b-b639-4501-9ab4-10afd6c16f95	250	2.0103876043513706e-06	0.012973224517379813	2.409159420289855	33	LJP009	YAPC	24H	E19	ponatinib	10uM	up
REP.A011_MCF7_24H_N08_PF-04691502_3.33uM down	4e9e6913-181f-483c-b59c-912c28ac5960	250	2.0103876043513706e-06	0.012973224517379813	2.409159420289855	33	REP.A011	MCF7	24H	N08	PF-04691502	3.33uM	down
ASG003_XC.P914_24H_L10_AZD-8055_10uM down	0faf3973-28be-4846-86c5-e20c345c0fb3	250	5.583044490259958e-06	0.02001551273713805	2.3361545893719806	32	ASG003	XC.P914	24H	L10	AZD-8055	10uM	down
PAC030_U2OS_6H_M23_BRD-K24700188_10uM down	00f7f514-ec34-46a2-81cc-547627fc5a29	250	5.583044490259958e-06	0.02001551273713805	2.3361545893719806	32	PAC030	U2OS	6H	M23	BRD-K24700188	10uM	down
REP.A014_HA1E_24H_D16_fidaxomicin_0.37uM up	69f3b670-9c6d-45ef-bc9d-b04385a779f4	250	5.583044490259958e-06	0.02001551273713805	2.3361545893719806	32	REP.A014	HA1E	24H	D16	fidaxomicin	0.37uM	up
REP.B001_PC3_24H_F03_BRD-K26619122_0.25uM down	07cabe0b-56eb-4232-9839-9b48337ee547	250	5.583044490259958e-06	0.02001551273713805	2.3361545893719806	32	REP.B001	PC3	24H	F03	BRD-K26619122	0.25uM	down
CPC006_OV7_6H_D06_Ro-28-1675_150uM up	9214733c-8166-44fc-8142-8e6d405cd7a5	250	5.583044490259958e-06	0.02001551273713805	2.3361545893719806	32	CPC006	OV7	6H	D06	Ro-28-1675	150uM	up
PAC064_U2OS_6H_J08_BRD-K10181552_10uM down	85ac7d93-fe87-49c3-97f0-851b1dbc869e	250	5.583044490259958e-06	0.02001551273713805	2.3361545893719806	32	PAC064	U2OS	6H	J08	BRD-K10181552	10uM	down
XPR036_A375.311_96H_H07_STK17A up	6fc9333e-210a-4354-8ffa-19f82686f031	250	5.583044490259958e-06	0.02001551273713805	2.3361545893719806	32	XPR036	A375.311	96H	H07	STK17A	N/A	up
CPC007_VCAP_24H_F06_BRD-K87657228_10uM up	0b0a8c83-2a0f-4edd-803e-02f8ed5942cc	250	5.583044490259958e-06	0.02001551273713805	2.3361545893719806	32	CPC007	VCAP	24H	F06	BRD-K87657228	10uM	up
FIBR015_MCLF022CN_6H_F11_LFM-A13_4uM up	5a67ea4d-2581-492f-8a76-f4e8c1298734	250	5.583044490259958e-06	0.02001551273713805	2.3361545893719806	32	FIBR015	MCLF022CN	6H	F11	LFM-A13	4uM	up
FIBR036_MCLF137CN_6H_E12_triptolide_0.004uM up	04d76a70-623d-45d9-9413-097457845629	250	5.583044490259958e-06	0.02001551273713805	2.3361545893719806	32	FIBR036	MCLF137CN	6H	E12	triptolide	0.004uM	up
LJP007_HME1_24H_N08_BGT-226_3.33uM down	bb436c08-7204-4024-b87c-81dd748ba37a	250	5.583044490259958e-06	0.02001551273713805	2.3361545893719806	32	LJP007	HME1	24H	N08	BGT-226	3.33uM	down
LJP007_MNEU.E_24H_P13_vandetanib_10uM up	435e5ffc-f99c-4278-b9ac-ae3dae99d49c	250	5.583044490259958e-06	0.02001551273713805	2.3361545893719806	32	LJP007	MNEU.E	24H	P13	vandetanib	10uM	up
FIBR032_MCLF054CN_6H_F16_imatinib_4uM down	b2c4a219-a2e1-488e-ba62-ffdbf5df5d82	250	5.583044490259958e-06	0.02001551273713805	2.3361545893719806	32	FIBR032	MCLF054CN	6H	F16	imatinib	4uM	down
PBIOA019_A549_24H_O01_vorinostat_10uM up	5b9c9014-9a94-47db-a066-fa0399517ea8	250	5.583044490259958e-06	0.02001551273713805	2.3361545893719806	32	PBIOA019	A549	24H	O01	vorinostat	10uM	up
PAC004_U2OS_6H_J06_BRD-A52934756_6.66uM up	6cbbfe2a-385f-4008-a242-a28e46a882e6	250	5.583044490259958e-06	0.02001551273713805	2.3361545893719806	32	PAC004	U2OS	6H	J06	BRD-A52934756	6.66uM	up
XPR015_HT29.311_96H_D05_CYR61 up	968b1c76-9c40-46c8-9fe7-6968786a0e53	250	5.583044490259958e-06	0.02001551273713805	2.3361545893719806	32	XPR015	HT29.311	96H	D05	CYR61	N/A	up
XPR030_PC3.311B_96H_N01_KCNQ5 down	b64397c2-c8ea-4a1c-8a60-2c5758e43992	250	5.583044490259958e-06	0.02001551273713805	2.3361545893719806	32	XPR030	PC3.311B	96H	N01	KCNQ5	N/A	down
FIBR028_MCLF130CN_6H_C16_fostamatinib_4uM up	c62e8bc1-53b6-4d5d-b20a-495fef6cb146	250	5.583044490259958e-06	0.02001551273713805	2.3361545893719806	32	FIBR028	MCLF130CN	6H	C16	fostamatinib	4uM	up
LKCP002_U2OS_6H_H13_BRD-K89692698_10uM down	e701ac9c-6934-4b9b-bbad-875731ce9f42	250	5.583044490259958e-06	0.02001551273713805	2.3361545893719806	32	LKCP002	U2OS	6H	H13	BRD-K89692698	10uM	down
PCLB001_MCF7_6H_P10_MW-SHH-61_0.125uM up	01868dd0-1df9-451a-8efe-79ac5efd4010	250	5.583044490259958e-06	0.02001551273713805	2.3361545893719806	32	PCLB001	MCF7	6H	P10	MW-SHH-61	0.125uM	up
REP.B023_MCF10A_24H_D07_amsacrine_2.22uM down	f56cd7ed-718e-4879-8c46-1d3b5dc755f4	250	5.583044490259958e-06	0.02001551273713805	2.3361545893719806	32	REP.B023	MCF10A	24H	D07	amsacrine	2.22uM	down
REP.B005_PC3_24H_L11_sulfasalazine_0.03uM up	39d80d84-e6cf-4153-b2e3-c13a554b73e0	250	5.583044490259958e-06	0.02001551273713805	2.3361545893719806	32	REP.B005	PC3	24H	L11	sulfasalazine	0.03uM	up
REP.A023_HT29_24H_A19_MK-2206_10uM down	37be2ebf-cef4-43f8-8899-62e738629422	250	5.583044490259958e-06	0.02001551273713805	2.3361545893719806	32	REP.A023	HT29	24H	A19	MK-2206	10uM	down
XPR031_YAPC.311_96H_G01_OR2L3 down	16856349-bab2-405f-8990-c2262dc65353	250	5.583044490259958e-06	0.02001551273713805	2.3361545893719806	32	XPR031	YAPC.311	96H	G01	OR2L3	N/A	down
PAC038_U2OS_6H_J18_BRD-K70198986_10uM down	4f2b85c1-82a7-4d44-9161-6bf880f2ae3a	250	5.583044490259958e-06	0.02001551273713805	2.3361545893719806	32	PAC038	U2OS	6H	J18	BRD-K70198986	10uM	down
PAC048_U2OS_6H_C01_BRD-K36150982_10uM down	96aacd9f-0b08-4b36-84b8-15d34a900081	250	5.583044490259958e-06	0.02001551273713805	2.3361545893719806	32	PAC048	U2OS	6H	C01	BRD-K36150982	10uM	down
REP.A023_HA1E_24H_M17_probucol_0.125uM up	7793636d-d8f3-4a52-8e45-b941f4311d2b	250	5.583044490259958e-06	0.02001551273713805	2.3361545893719806	32	REP.A023	HA1E	24H	M17	probucol	0.125uM	up
REP.B005_A549_24H_A20_I-BET-762_0.74uM up	33a4f6ce-e419-4b62-907b-aa70113db37e	250	5.583044490259958e-06	0.02001551273713805	2.3361545893719806	32	REP.B005	A549	24H	A20	I-BET-762	0.74uM	up
XPR024_MCF7.311_96H_O18_SLC16A4 up	5163a0c4-7935-455e-ab9d-095c56c73ac8	250	5.583044490259958e-06	0.02001551273713805	2.3361545893719806	32	XPR024	MCF7.311	96H	O18	SLC16A4	N/A	up
XPR010_AGS.311_96H_L21_SCN9A up	be331474-2a48-4311-8a20-0c6096b9258a	250	5.583044490259958e-06	0.02001551273713805	2.3361545893719806	32	XPR010	AGS.311	96H	L21	SCN9A	N/A	up
XPR028_U251MG.311_96H_P23_VARS up	2d9bb7e9-ec6e-4fcc-9946-754d8b0430f4	250	5.583044490259958e-06	0.02001551273713805	2.3361545893719806	32	XPR028	U251MG.311	96H	P23	VARS	N/A	up
FIBR034_MCLF100SZ_6H_D19_CT-200783_2.22uM up	23b6d6d9-b1c9-467f-8a70-f2b9f961f17b	250	5.583044490259958e-06	0.02001551273713805	2.3361545893719806	32	FIBR034	MCLF100SZ	6H	D19	CT-200783	2.22uM	up
CRCGN006_A549_24H_G13_vorinostat_10uM up	bb76d589-4d61-4012-8da1-0bd8189a590a	250	5.583044490259958e-06	0.02001551273713805	2.3361545893719806	32	CRCGN006	A549	24H	G13	vorinostat	10uM	up
PAC016_U2OS_6H_N06_BRD-K56269643_10uM down	06f3bb93-d27e-4a0a-9a4f-12eb799b26df	250	5.583044490259958e-06	0.02001551273713805	2.3361545893719806	32	PAC016	U2OS	6H	N06	BRD-K56269643	10uM	down
XPR015_A549.311_96H_E16_CX3CL1 up	46ad6b5b-ce33-448d-8fd0-feaccc0c76d7	250	5.583044490259958e-06	0.02001551273713805	2.3361545893719806	32	XPR015	A549.311	96H	E16	CX3CL1	N/A	up
NMH002_NPC_24H_D17_rotenone_10uM up	2b469417-ca8e-4a1f-9e55-4c54689ffc59	250	5.583044490259958e-06	0.02001551273713805	2.3361545893719806	32	NMH002	NPC	24H	D17	rotenone	10uM	up
DOSVAL002_HCC515_24H_O17_BRD-K24572125_10uM up	37cf7746-51eb-4ee4-ac81-cee397d50a75	250	5.583044490259958e-06	0.02001551273713805	2.3361545893719806	32	DOSVAL002	HCC515	24H	O17	BRD-K24572125	10uM	up
XPR040_U251MG.311_96H_C19_CUL3 down	f737698f-51f1-4a8a-a050-20012a20f2f4	250	5.583044490259958e-06	0.02001551273713805	2.3361545893719806	32	XPR040	U251MG.311	96H	C19	CUL3	N/A	down
CPC008_PC3_6H_G12_VU-0415011_10uM down	50b745a6-fcdc-4ec7-b729-7dcec5365aed	250	5.583044490259958e-06	0.02001551273713805	2.3361545893719806	32	CPC008	PC3	6H	G12	VU-0415011	10uM	down
LJP008_SHSY5Y_24H_K09_GSK-1059615_1.11uM up	b5664c6c-bc78-4396-bdff-364bf6111f6b	250	5.583044490259958e-06	0.02001551273713805	2.3361545893719806	32	LJP008	SHSY5Y	24H	K09	GSK-1059615	1.11uM	up
PAC037_U2OS_6H_J12_BRD-K73125678_10uM down	f146bf7a-26d5-415f-a705-f17e4c216f12	250	5.583044490259958e-06	0.02001551273713805	2.3361545893719806	32	PAC037	U2OS	6H	J12	BRD-K73125678	10uM	down
REP.A002_HT29_24H_O13_NVP-BEZ235_10uM down	893098e7-9445-4190-9004-b6b2409ed6be	250	5.583044490259958e-06	0.02001551273713805	2.3361545893719806	32	REP.A002	HT29	24H	O13	NVP-BEZ235	10uM	down
CPC002_PC3_24H_E11_SKI-II_10uM down	f4a49563-fac1-4f63-9043-0a3b0140d891	250	5.583044490259958e-06	0.02001551273713805	2.3361545893719806	32	CPC002	PC3	24H	E11	SKI-II	10uM	down
AICHI002_K562_24H_N07_AZD-5438_10uM up	6261e09e-a3f0-4079-9356-4c9662d6c0a9	250	5.583044490259958e-06	0.02001551273713805	2.3361545893719806	32	AICHI002	K562	24H	N07	AZD-5438	10uM	up
XPR042_ES2.311_96H_M11_HMGCR up	6c8ae4c7-e1da-465c-9476-9e498c2ce015	250	5.583044490259958e-06	0.02001551273713805	2.3361545893719806	32	XPR042	ES2.311	96H	M11	HMGCR	N/A	up
PAC015_U2OS_6H_A04_BRD-K59335919_10uM down	f98b863a-c2a8-46e6-adc5-a06188783a4f	250	5.583044490259958e-06	0.02001551273713805	2.3361545893719806	32	PAC015	U2OS	6H	A04	BRD-K59335919	10uM	down
PCLB001_MCF7_6H_M23_oxetane_10uM down	49d53dea-a3f7-469d-9d94-3cde300110d9	250	5.583044490259958e-06	0.02001551273713805	2.3361545893719806	32	PCLB001	MCF7	6H	M23	oxetane	10uM	down
REP.A010_JURKAT_24H_E04_dapivirine_0.37uM up	7dc02b40-e2ad-4fab-8dcb-61c3bb45e056	250	5.583044490259958e-06	0.02001551273713805	2.3361545893719806	32	REP.A010	JURKAT	24H	E04	dapivirine	0.37uM	up
REP.A015_MCF10A_24H_L03_MLN-0128_1.11uM up	6a6d82ac-51ea-4a4f-8182-ea675bbc0c73	250	5.583044490259958e-06	0.02001551273713805	2.3361545893719806	32	REP.A015	MCF10A	24H	L03	MLN-0128	1.11uM	up
XPR033_YAPC.311_96H_P24_ATF7 down	e25bc2f5-83d3-425e-ae09-ae2fcd33c219	250	5.583044490259958e-06	0.02001551273713805	2.3361545893719806	32	XPR033	YAPC.311	96H	P24	ATF7	N/A	down
FIBR018_MCLF076SZ_6H_M03_prima-1-met_4uM down	827417fc-4df7-4a94-97d2-b5b4b1ffde90	250	5.583044490259958e-06	0.02001551273713805	2.3361545893719806	32	FIBR018	MCLF076SZ	6H	M03	prima-1-met	4uM	down
PAC044_U2OS_6H_M22_BRD-K64864583_10uM down	32d9aecb-bbb5-4bfb-a888-f9edfb2bd789	250	5.583044490259958e-06	0.02001551273713805	2.3361545893719806	32	PAC044	U2OS	6H	M22	BRD-K64864583	10uM	down
DOS014_VCAP_24H_N21_BRD-K31931379_4uM up	fced819b-0918-470f-b0e6-653657289295	250	5.583044490259958e-06	0.02001551273713805	2.3361545893719806	32	DOS014	VCAP	24H	N21	BRD-K31931379	4uM	up
AICHI002_K562_4H_C22_sirolimus_0.125uM down	73869c46-7e83-4760-b214-8921ab97cbe3	250	5.583044490259958e-06	0.02001551273713805	2.3361545893719806	32	AICHI002	K562	4H	C22	sirolimus	0.125uM	down
LJP008_HEPG2_24H_G04_PFI-1_0.37uM down	3df31c6b-12c9-4b50-8ad4-520a6922378f	250	5.583044490259958e-06	0.02001551273713805	2.3361545893719806	32	LJP008	HEPG2	24H	G04	PFI-1	0.37uM	down
HOG002_A549_24H_P05_tanespimycin_1.11uM down	e6a87445-362d-4bf9-95e3-240880053339	250	5.583044490259958e-06	0.02001551273713805	2.3361545893719806	32	HOG002	A549	24H	P05	tanespimycin	1.11uM	down
PBIOA021_HT29_24H_H16_BRD-K99901517_0.37uM up	038baded-ee00-4e67-9785-fe327e3f3688	250	5.583044490259958e-06	0.02001551273713805	2.3361545893719806	32	PBIOA021	HT29	24H	H16	BRD-K99901517	0.37uM	up
PAC002_U2OS_6H_M08_CO-101244_10uM up	cad5e817-4767-4167-a03d-e69ceb70a5e4	250	5.583044490259958e-06	0.02001551273713805	2.3361545893719806	32	PAC002	U2OS	6H	M08	CO-101244	10uM	up
PAC017_U2OS_6H_A08_BRD-K20600965_10uM up	454aa218-1aab-48e1-99d9-46b25a09d1fe	250	5.583044490259958e-06	0.02001551273713805	2.3361545893719806	32	PAC017	U2OS	6H	A08	BRD-K20600965	10uM	up
PAC063_U2OS_6H_C18_BRD-A50837272_10uM down	a07bdf0d-1571-4767-a23e-6fb862261e8c	250	5.583044490259958e-06	0.02001551273713805	2.3361545893719806	32	PAC063	U2OS	6H	C18	BRD-A50837272	10uM	down
LKCP001_MCF7_48H_M01_levonorgestrel_10uM down	94214616-7a01-47f7-93a4-0b24402e215f	250	5.583044490259958e-06	0.02001551273713805	2.3361545893719806	32	LKCP001	MCF7	48H	M01	levonorgestrel	10uM	down
MOAR012_SKES1_24H_H02_cinepazide_3.33uM up	a4ebc5d1-c5dc-4939-a645-29dca9f4ee0d	250	5.583044490259958e-06	0.02001551273713805	2.3361545893719806	32	MOAR012	SKES1	24H	H02	cinepazide	3.33uM	up
PAC019_U2OS_6H_D03_BRD-K82803470_10uM down	83ff89a5-b066-4d5d-a73e-2c643f7bf539	250	5.583044490259958e-06	0.02001551273713805	2.3361545893719806	32	PAC019	U2OS	6H	D03	BRD-K82803470	10uM	down
PAC033_U2OS_6H_M21_BRD-K49419779_10uM down	21395354-ca40-46a5-9c7a-8e6f7c9e156b	250	5.583044490259958e-06	0.02001551273713805	2.3361545893719806	32	PAC033	U2OS	6H	M21	BRD-K49419779	10uM	down
PAC051_U2OS_6H_M15_BRD-K87167564_10uM up	c132cad9-d5c9-4711-a4b2-f53534b0878f	250	5.583044490259958e-06	0.02001551273713805	2.3361545893719806	32	PAC051	U2OS	6H	M15	BRD-K87167564	10uM	up
REP.A007_A375_24H_P01_PI-103_10uM down	b3dcad2b-20aa-4d64-9139-98a3d2851913	250	5.583044490259958e-06	0.02001551273713805	2.3361545893719806	32	REP.A007	A375	24H	P01	PI-103	10uM	down
CEGS001_NPC.179_24H_O05_AZD-8055_0.66uM down	b2284e29-4c7e-4b7b-9c47-7ad81e188024	250	5.583044490259958e-06	0.02001551273713805	2.3361545893719806	32	CEGS001	NPC.179	24H	O05	AZD-8055	0.66uM	down
PAC042_U2OS_6H_O03_BRD-K56883821_10uM down	452bc8b6-c624-4f31-a83d-57207b526cda	250	5.583044490259958e-06	0.02001551273713805	2.3361545893719806	32	PAC042	U2OS	6H	O03	BRD-K56883821	10uM	down
REP.A021_A549_24H_P07_AZD-7762_10uM down	9af06c61-449e-4623-916b-f440ec2781bf	250	5.583044490259958e-06	0.02001551273713805	2.3361545893719806	32	REP.A021	A549	24H	P07	AZD-7762	10uM	down
XPR034_BICR6.311_96H_D14_SLAMF6 up	7c1e4534-2561-4568-ba18-a2acb194fcd6	250	5.583044490259958e-06	0.02001551273713805	2.3361545893719806	32	XPR034	BICR6.311	96H	D14	SLAMF6	N/A	up
CPC010_A375_6H_A07_BRD-K06765193_10uM up	7a5e1adb-729e-4764-9cde-6f3e213f6ae4	250	5.583044490259958e-06	0.02001551273713805	2.3361545893719806	32	CPC010	A375	6H	A07	BRD-K06765193	10uM	up
CPC012_SKB_24H_I04_BRD-K55591206_10uM down	522f1b92-3b7a-4bfb-a8e2-1c90bb728244	250	5.583044490259958e-06	0.02001551273713805	2.3361545893719806	32	CPC012	SKB	24H	I04	BRD-K55591206	10uM	down
FIBR036_MCLF137CN_6H_F12_cyanoquinoline-11_4uM up	664c02a8-4b34-4b73-8b28-02dfcff85a83	250	5.583044490259958e-06	0.02001551273713805	2.3361545893719806	32	FIBR036	MCLF137CN	6H	F12	cyanoquinoline-11	4uM	up
PAC022_U2OS_6H_H15_BRD-K66848791_10uM up	7c7305c6-ae83-4cb7-a3a0-922b3c55f6b6	250	5.583044490259958e-06	0.02001551273713805	2.3361545893719806	32	PAC022	U2OS	6H	H15	BRD-K66848791	10uM	up
PBIOA008_XC.L10_24H_F14_BRD-K90518515_3.33uM down	952c807e-fa90-4977-8649-d4cb554b3af2	250	5.583044490259958e-06	0.02001551273713805	2.3361545893719806	32	PBIOA008	XC.L10	24H	F14	BRD-K90518515	3.33uM	down
ERG014_VCAP_24H_L16_BRD-K68007270_10uM up	9b8f58f1-cb4c-4f6c-8973-6eaefd04a54e	250	5.583044490259958e-06	0.02001551273713805	2.3361545893719806	32	ERG014	VCAP	24H	L16	BRD-K68007270	10uM	up
PAC022_U2OS_6H_P03_BRD-K82396235_10uM down	6fce5f95-472e-4afd-97d8-a735d6053551	250	5.583044490259958e-06	0.02001551273713805	2.3361545893719806	32	PAC022	U2OS	6H	P03	BRD-K82396235	10uM	down
PAC028_U2OS_6H_I11_BRD-K12778320_10uM down	403c5b80-0432-43df-b5ff-7f55223342b9	250	5.583044490259958e-06	0.02001551273713805	2.3361545893719806	32	PAC028	U2OS	6H	I11	BRD-K12778320	10uM	down
LKCP001_A549_24H_J09_delanzomib_0.08uM down	0b680982-0a99-4df0-953d-25e370ff965a	250	5.583044490259958e-06	0.02001551273713805	2.3361545893719806	32	LKCP001	A549	24H	J09	delanzomib	0.08uM	down
REP.A020_HT29_24H_M15_balapiravir_1.11uM up	598aa881-ff7f-4fac-a98f-7a8db1696ab7	250	5.583044490259958e-06	0.02001551273713805	2.3361545893719806	32	REP.A020	HT29	24H	M15	balapiravir	1.11uM	up
DOS058_A549_24H_G22_BRD-K72567746_4uM up	926e1334-0b24-47f0-be1d-e525591f4e8a	250	5.583044490259958e-06	0.02001551273713805	2.3361545893719806	32	DOS058	A549	24H	G22	BRD-K72567746	4uM	up
EMU001_BJAB_6H_C22_mitoxantrone_0.125uM down	f5dfc319-aaea-48f6-b30b-fdb9174ce43d	250	5.583044490259958e-06	0.02001551273713805	2.3361545893719806	32	EMU001	BJAB	6H	C22	mitoxantrone	0.125uM	down
PAC019_U2OS_6H_E06_BRD-K43615608_10uM down	86277c9e-5501-4a04-9f26-0f876e51bcd6	250	5.583044490259958e-06	0.02001551273713805	2.3361545893719806	32	PAC019	U2OS	6H	E06	BRD-K43615608	10uM	down
LGR001_XC.L100.M_24H_I18_BGT-226_0.04uM down	cb2ee513-7678-4f60-b68b-4770fab1ccd6	250	5.583044490259958e-06	0.02001551273713805	2.3361545893719806	32	LGR001	XC.L100.M	24H	I18	BGT-226	0.04uM	down
LJP007_THP1_24H_L11_MLN-0128_0.12uM down	2e364a6a-e5a0-451c-82a4-5ee2af5e1b2c	250	5.583044490259958e-06	0.02001551273713805	2.3361545893719806	32	LJP007	THP1	24H	L11	MLN-0128	0.12uM	down
REP.A009_A549_24H_L13_AZD-7687_10uM up	4ea402e7-65c9-497e-b5ba-ec73713fb160	250	5.583044490259958e-06	0.02001551273713805	2.3361545893719806	32	REP.A009	A549	24H	L13	AZD-7687	10uM	up
ASG003_XC.P909_24H_A07_NVP-BEZ235_10uM down	0fdeb8cf-96b3-4b07-8a8f-85d2381fcda8	250	5.583044490259958e-06	0.02001551273713805	2.3361545893719806	32	ASG003	XC.P909	24H	A07	NVP-BEZ235	10uM	down
KMS002_THP1_24H_E14_TUL-XXI039_10uM up	a65aa939-1a77-4a50-a578-d50252c87a19	250	5.583044490259958e-06	0.02001551273713805	2.3361545893719806	32	KMS002	THP1	24H	E14	TUL-XXI039	10uM	up
AML001_HL60_24H_G03_BRD-A35207501_10uM up	f02f1c9e-51b6-446d-bc77-354f5804ae14	250	5.583044490259958e-06	0.02001551273713805	2.3361545893719806	32	AML001	HL60	24H	G03	BRD-A35207501	10uM	up
PAC069_U2OS_6H_G15_ML-130_20uM down	75e427cf-0681-42e1-aa13-614f9b109828	250	5.583044490259958e-06	0.02001551273713805	2.3361545893719806	32	PAC069	U2OS	6H	G15	ML-130	20uM	down
T2D001_MCH58_144H_O01_CMAP-T2DTUNICAMYCIN up	79d4ca29-64a4-4ae4-ae31-1444c980ddba	250	5.583044490259958e-06	0.02001551273713805	2.3361545893719806	32	T2D001	MCH58	144H	O01	CMAP-T2DTUNICAMYCIN	N/A	up
REP.B001_PC3_24H_I02_PKI-179_0.74uM down	26efa220-b371-4c55-bcbf-37e83a7b80ff	250	5.583044490259958e-06	0.02001551273713805	2.3361545893719806	32	REP.B001	PC3	24H	I02	PKI-179	0.74uM	down
REP.B001_A549_24H_I01_PKI-179_2.22uM down	410776d4-e100-43be-bf9a-cd4827bf1656	250	5.583044490259958e-06	0.02001551273713805	2.3361545893719806	32	REP.B001	A549	24H	I01	PKI-179	2.22uM	down
XPR027_MCF7.311_96H_M09_UQCRC1 up	ea289126-b17c-49e3-8750-1087be540799	250	5.583044490259958e-06	0.02001551273713805	2.3361545893719806	32	XPR027	MCF7.311	96H	M09	UQCRC1	N/A	up
PAC012_U2OS_6H_M08_BRD-K60732356_10uM up	bbaf897a-e500-4e0a-97c5-9f19b5b5f98e	250	5.583044490259958e-06	0.02001551273713805	2.3361545893719806	32	PAC012	U2OS	6H	M08	BRD-K60732356	10uM	up
REP.A017_HT29_24H_F05_dapsone_0.125uM down	78424ea5-be45-4999-92cc-92bb18da958e	250	5.583044490259958e-06	0.02001551273713805	2.3361545893719806	32	REP.A017	HT29	24H	F05	dapsone	0.125uM	down
REP.A024_HELA_24H_C16_BRD-K74305673_0.37uM up	d97b6a2b-08e8-4d92-9424-7e96fef8686e	250	5.583044490259958e-06	0.02001551273713805	2.3361545893719806	32	REP.A024	HELA	24H	C16	BRD-K74305673	0.37uM	up
XPR035_YAPC.311_96H_K16_MELK down	8ab58a2d-c4e0-40e9-883e-21a40bc6edcd	250	5.583044490259958e-06	0.02001551273713805	2.3361545893719806	32	XPR035	YAPC.311	96H	K16	MELK	N/A	down
PBIOA013_HT29_24H_I18_BRD-K11675166_0.04uM up	32adc644-964a-44b7-a0ef-28242065707c	250	5.583044490259958e-06	0.02001551273713805	2.3361545893719806	32	PBIOA013	HT29	24H	I18	BRD-K11675166	0.04uM	up
XPR012_MCF7.311_96H_I06_BBS9 up	8c0b4b68-9e48-4d2b-8ce3-555bb3c3da3f	250	5.583044490259958e-06	0.02001551273713805	2.3361545893719806	32	XPR012	MCF7.311	96H	I06	BBS9	N/A	up
XPR028_U251MG.311_96H_M03_ATP5F1 down	0e776e56-1b52-4a0c-9ef4-53c7b8740e4a	250	5.583044490259958e-06	0.02001551273713805	2.3361545893719806	32	XPR028	U251MG.311	96H	M03	ATP5F1	N/A	down
CPC018_MCF7_6H_B07_SKI-II_10uM up	c9569170-5b47-4cba-b938-d8fd58aac25f	250	5.583044490259958e-06	0.02001551273713805	2.3361545893719806	32	CPC018	MCF7	6H	B07	SKI-II	10uM	up
ASG002_HEC265_24H_E16_obatoclax_10uM up	e2c53d2d-c2e1-44e8-b4d0-48c37ed76b7e	250	5.583044490259958e-06	0.02001551273713805	2.3361545893719806	32	ASG002	HEC265	24H	E16	obatoclax	10uM	up
REP.A011_PC3_24H_N10_PF-04691502_0.37uM down	b73ff9f4-c2ea-429b-8f79-c4f16c5cda57	250	5.583044490259958e-06	0.02001551273713805	2.3361545893719806	32	REP.A011	PC3	24H	N10	PF-04691502	0.37uM	down
REP.B015_MCF10A_24H_L02_MLN-0128_0.74uM up	da5255cf-74aa-49e7-8e1d-39bc4a8ff262	250	5.583044490259958e-06	0.02001551273713805	2.3361545893719806	32	REP.B015	MCF10A	24H	L02	MLN-0128	0.74uM	up
ERG011_VCAP_24H_J09_PP-242_2.22uM down	377c7631-c8b1-4594-9653-ea7288075735	250	5.583044490259958e-06	0.02001551273713805	2.3361545893719806	32	ERG011	VCAP	24H	J09	PP-242	2.22uM	down
FIBR012_MCLF015CN_6H_G20_alda-1_4uM up	4390165c-fa55-494e-ab25-cb01956645e5	250	5.583044490259958e-06	0.02001551273713805	2.3361545893719806	32	FIBR012	MCLF015CN	6H	G20	alda-1	4uM	up
CPC001_PC3_24H_N08_IKK-16_10uM down	6e20ac41-8310-4d61-985e-d198eab76e00	250	5.583044490259958e-06	0.02001551273713805	2.3361545893719806	32	CPC001	PC3	24H	N08	IKK-16	10uM	down
CPC006_LOVO_6H_E17_BRD-K21614065_15uM down	1657fa64-e587-4809-90c1-d32c3aaf588d	250	5.583044490259958e-06	0.02001551273713805	2.3361545893719806	32	CPC006	LOVO	6H	E17	BRD-K21614065	15uM	down
FIBR014_MCLF162SZ_6H_F09_valproic-acid_625uM up	0c47441d-f3dc-4c57-bba5-e9d596b2992a	250	5.583044490259958e-06	0.02001551273713805	2.3361545893719806	32	FIBR014	MCLF162SZ	6H	F09	valproic-acid	625uM	up
FIBR018_MCLF076SZ_6H_D08_sirolimus_4uM up	856b8f2b-b9ff-46d0-a8b6-4e3414c76d51	250	5.583044490259958e-06	0.02001551273713805	2.3361545893719806	32	FIBR018	MCLF076SZ	6H	D08	sirolimus	4uM	up
PAC019_U2OS_6H_A05_BRD-K68236123_10uM down	8a5c978b-e7e8-43eb-abd2-9280d15a0994	250	5.583044490259958e-06	0.02001551273713805	2.3361545893719806	32	PAC019	U2OS	6H	A05	BRD-K68236123	10uM	down
PBIOA008_XC.R10_24H_E09_K784-3188_1.11uM up	3138740c-6894-48d6-89f2-86ffc1856853	250	5.583044490259958e-06	0.02001551273713805	2.3361545893719806	32	PBIOA008	XC.R10	24H	E09	K784-3188	1.11uM	up
CPC006_RMUGS_6H_L11_BMS-191011_10uM down	18c088dd-c6b0-4c61-909f-c37dc2e13ce5	250	5.583044490259958e-06	0.02001551273713805	2.3361545893719806	32	CPC006	RMUGS	6H	L11	BMS-191011	10uM	down
CEGS001_NPC.179_24H_O04_AZD-8055_1.25uM down	9b527eea-f0f1-4376-9db4-cd88f2ca9ac1	250	5.583044490259958e-06	0.02001551273713805	2.3361545893719806	32	CEGS001	NPC.179	24H	O04	AZD-8055	1.25uM	down
REP.A019_YAPC_24H_O08_clomethiazole_3.33uM up	7191ec14-b3e6-4985-b349-4f20a01c4ed1	250	5.583044490259958e-06	0.02001551273713805	2.3361545893719806	32	REP.A019	YAPC	24H	O08	clomethiazole	3.33uM	up
DOSVAL004_A375_24H_G14_vorinostat_10uM up	91978fa7-386a-4d17-91db-c77b68435184	250	5.583044490259958e-06	0.02001551273713805	2.3361545893719806	32	DOSVAL004	A375	24H	G14	vorinostat	10uM	up
LCP001_MCF10A.WT_24H_E15_WHI-P154_1.11uM down	54abd5e8-e707-4040-ae68-85cd425572fa	250	5.583044490259958e-06	0.02001551273713805	2.3361545893719806	32	LCP001	MCF10A.WT	24H	E15	WHI-P154	1.11uM	down
MUC.CP008_P1A82_24H_I20_GDC-0349_3.33uM down	ed6904ce-5cc9-4f71-a421-78d95c4718cf	250	5.583044490259958e-06	0.02001551273713805	2.3361545893719806	32	MUC.CP008	P1A82	24H	I20	GDC-0349	3.33uM	down
PAC061_U2OS_6H_E15_BRD-K80998388_10uM down	ff90b70f-d87d-4625-86b2-85085db643b1	250	5.583044490259958e-06	0.02001551273713805	2.3361545893719806	32	PAC061	U2OS	6H	E15	BRD-K80998388	10uM	down
LKCP002_U2OS_6H_L13_CEP-37440_10uM up	207b587a-be1a-4cb0-88e7-b1379274dce1	250	5.583044490259958e-06	0.02001551273713805	2.3361545893719806	32	LKCP002	U2OS	6H	L13	CEP-37440	10uM	up
REP.A010_JURKAT_24H_E09_YM-976_1.11uM up	9b5f41c2-f44b-41c1-a459-818ab9f796ff	250	5.583044490259958e-06	0.02001551273713805	2.3361545893719806	32	REP.A010	JURKAT	24H	E09	YM-976	1.11uM	up
PAC019_U2OS_6H_N14_tanespimycin_20uM up	06e2b2e8-2d9c-4b36-ac4d-a70963933366	250	5.583044490259958e-06	0.02001551273713805	2.3361545893719806	32	PAC019	U2OS	6H	N14	tanespimycin	20uM	up
PAC016_U2OS_6H_G14_BRD-K47254434_10uM up	3cbbde9e-1f44-4431-8b24-ab61284fd10c	250	5.583044490259958e-06	0.02001551273713805	2.3361545893719806	32	PAC016	U2OS	6H	G14	BRD-K47254434	10uM	up
PAC041_U2OS_6H_F06_BRD-K09796735_10uM down	7b9acc93-b018-4eb7-8099-16e2c604fa0e	250	5.583044490259958e-06	0.02001551273713805	2.3361545893719806	32	PAC041	U2OS	6H	F06	BRD-K09796735	10uM	down
LJP008_HEPG2_24H_H15_entinostat_1.11uM up	cc0bba04-a3a2-4ce4-8919-5c9e4cbec66d	250	5.583044490259958e-06	0.02001551273713805	2.3361545893719806	32	LJP008	HEPG2	24H	H15	entinostat	1.11uM	up
MUC.CP007_MCF7_24H_M12_NVP-BEZ235_0.125uM down	53afc6d7-a570-4dc6-9ff6-4fd6258ff06c	250	5.583044490259958e-06	0.02001551273713805	2.3361545893719806	32	MUC.CP007	MCF7	24H	M12	NVP-BEZ235	0.125uM	down
REP.A010_JURKAT_24H_C07_exalamide_10uM up	bf7434d7-918e-4133-beb2-7e1132e482e4	250	5.583044490259958e-06	0.02001551273713805	2.3361545893719806	32	REP.A010	JURKAT	24H	C07	exalamide	10uM	up
CPC006_HT29_24H_C04_AZD-8055_10uM down	07fda006-1746-4d0b-8bd3-e1f59da033b6	250	5.583044490259958e-06	0.02001551273713805	2.3361545893719806	32	CPC006	HT29	24H	C04	AZD-8055	10uM	down
AML001_U937_6H_P18_KUC105208_0.37uM up	4007b358-b107-412f-88b8-761d8beb01ac	250	5.583044490259958e-06	0.02001551273713805	2.3361545893719806	32	AML001	U937	6H	P18	KUC105208	0.37uM	up
AICHI002_K562_4H_I07_bortezomib_10uM up	3c66b6e7-ca3f-47b3-ad40-330afbfea2fb	250	5.583044490259958e-06	0.02001551273713805	2.3361545893719806	32	AICHI002	K562	4H	I07	bortezomib	10uM	up
AICHI002_OCILY19_24H_L23_everolimus_0.04uM down	3045fc79-1144-479b-9648-18d579124af2	250	5.583044490259958e-06	0.02001551273713805	2.3361545893719806	32	AICHI002	OCILY19	24H	L23	everolimus	0.04uM	down
GMB001_HL60_2H_F14_tanespimycin_2.22uM down	501601c9-bf8c-42dd-a17d-5b77ccddb86f	250	5.583044490259958e-06	0.02001551273713805	2.3361545893719806	32	GMB001	HL60	2H	F14	tanespimycin	2.22uM	down
MOA001_U2OS_24H_C08_IND-125_3.33uM up	231860c8-f946-48bc-a085-da8ca406f26b	250	5.583044490259958e-06	0.02001551273713805	2.3361545893719806	32	MOA001	U2OS	24H	C08	IND-125	3.33uM	up
PBIOA021_HCC515_24H_D22_GO-6976_0.37uM up	56a2fe36-2415-43eb-9576-23328852de61	250	5.583044490259958e-06	0.02001551273713805	2.3361545893719806	32	PBIOA021	HCC515	24H	D22	GO-6976	0.37uM	up
REP.A015_PC3_24H_L04_MLN-0128_0.37uM down	57fa210b-375a-4c36-8222-92f3c408a6af	250	5.583044490259958e-06	0.02001551273713805	2.3361545893719806	32	REP.A015	PC3	24H	L04	MLN-0128	0.37uM	down
REP.B004_YAPC_24H_G24_nitrendipine_0.01uM up	3ccd98fb-8a7d-4779-8c01-527e70be745d	250	5.583044490259958e-06	0.02001551273713805	2.3361545893719806	32	REP.B004	YAPC	24H	G24	nitrendipine	0.01uM	up
PBIOA022_PC3_24H_C12_BRD-A05715709_0.04uM up	63f53a96-4949-47b7-ad6f-f5ac27822b0d	250	5.583044490259958e-06	0.02001551273713805	2.3361545893719806	32	PBIOA022	PC3	24H	C12	BRD-A05715709	0.04uM	up
FIBR006_MCLF033SZ_6H_C17_troglitazone_4uM up	df95238b-3ce9-4ee7-970d-b182277b6a20	250	5.583044490259958e-06	0.02001551273713805	2.3361545893719806	32	FIBR006	MCLF033SZ	6H	C17	troglitazone	4uM	up
LJP008_HELA_24H_H22_C-646_0.37uM up	6cbe794c-c71b-462e-a5c6-ff74630106fb	250	5.583044490259958e-06	0.02001551273713805	2.3361545893719806	32	LJP008	HELA	24H	H22	C-646	0.37uM	up
REP.A010_JURKAT_24H_A23_nutlin-3_0.125uM up	abe7e4f9-06aa-4b16-b215-9918685590fc	250	5.583044490259958e-06	0.02001551273713805	2.3361545893719806	32	REP.A010	JURKAT	24H	A23	nutlin-3	0.125uM	up
REP.A023_HA1E_24H_P16_floxuridine_0.37uM down	6be9fd03-7516-4474-a4b0-3a9a225dc28d	250	5.583044490259958e-06	0.02001551273713805	2.3361545893719806	32	REP.A023	HA1E	24H	P16	floxuridine	0.37uM	down
REP.A010_A375_24H_F17_valdecoxib_0.125uM down	1c73fc9c-77d6-49b5-a74a-b97f1c67c072	250	5.583044490259958e-06	0.02001551273713805	2.3361545893719806	32	REP.A010	A375	24H	F17	valdecoxib	0.125uM	down
ASG003_MCF7_6H_F08_orciprenaline_1.11uM down	fa203f54-0967-4ee0-b877-ef4bac1f352b	250	5.583044490259958e-06	0.02001551273713805	2.3361545893719806	32	ASG003	MCF7	6H	F08	orciprenaline	1.11uM	down
PAC013_U2OS_6H_L13_BRD-K29290722_10uM up	ea990e5c-07ca-4d06-93c9-8b074656073f	250	5.583044490259958e-06	0.02001551273713805	2.3361545893719806	32	PAC013	U2OS	6H	L13	BRD-K29290722	10uM	up
PAC069_U2OS_6H_L02_geldanamycin_20uM up	2648e0ae-ceeb-4326-9d9e-d340f7947c7d	250	5.583044490259958e-06	0.02001551273713805	2.3361545893719806	32	PAC069	U2OS	6H	L02	geldanamycin	20uM	up
REP.A001_HT29_24H_I02_PKI-179_3.33uM down	522b5a01-63a1-4ecf-ac43-c9d81245e780	250	5.583044490259958e-06	0.02001551273713805	2.3361545893719806	32	REP.A001	HT29	24H	I02	PKI-179	3.33uM	down
REP.A010_JURKAT_24H_D03_sulbutiamine_1.11uM up	3c68b130-70b8-40fd-a562-977df3fff10a	250	5.583044490259958e-06	0.02001551273713805	2.3361545893719806	32	REP.A010	JURKAT	24H	D03	sulbutiamine	1.11uM	up
PAC069_U2OS_6H_K03_K784-3188_20uM up	a813ff05-c75c-478c-b8c2-5f2611dd30e6	250	5.583044490259958e-06	0.02001551273713805	2.3361545893719806	32	PAC069	U2OS	6H	K03	K784-3188	20uM	up
REP.B003_PC3_24H_I12_arofylline_0.01uM down	305784a8-e15e-42bc-8251-cf1cf0cd4298	250	5.583044490259958e-06	0.02001551273713805	2.3361545893719806	32	REP.B003	PC3	24H	I12	arofylline	0.01uM	down
XPR015_HT29.311_96H_G09_CNTFR up	401bbd72-63f7-43c0-ad4f-69f0107b56f6	250	5.583044490259958e-06	0.02001551273713805	2.3361545893719806	32	XPR015	HT29.311	96H	G09	CNTFR	N/A	up
XPR022_MCF7.311_96H_G18_PSMA5 down	a9082547-06ea-4931-81d8-c83e29f7ec11	250	5.583044490259958e-06	0.02001551273713805	2.3361545893719806	32	XPR022	MCF7.311	96H	G18	PSMA5	N/A	down
XPR032_U251MG.311_96H_B22_PANX1 down	8ffd7f79-3ddc-4d18-ba9b-bf620d722041	250	5.583044490259958e-06	0.02001551273713805	2.3361545893719806	32	XPR032	U251MG.311	96H	B22	PANX1	N/A	down
AICHI002_K562_4H_E23_BRD-K28372487_0.04uM down	a5e92a56-dd42-4a94-9862-11b80a69c10a	250	5.583044490259958e-06	0.02001551273713805	2.3361545893719806	32	AICHI002	K562	4H	E23	BRD-K28372487	0.04uM	down
AICHI002_SKMEL5_24H_N01_PF-05212384_10uM down	fdd700b3-9a95-4db8-a794-fc9de9c20463	250	5.583044490259958e-06	0.02001551273713805	2.3361545893719806	32	AICHI002	SKMEL5	24H	N01	PF-05212384	10uM	down
PAC030_U2OS_6H_J23_BRD-K16715205_10uM down	8c886d46-cca7-41c9-9098-6a841a3033ad	250	5.583044490259958e-06	0.02001551273713805	2.3361545893719806	32	PAC030	U2OS	6H	J23	BRD-K16715205	10uM	down
PRISM001_MCF7_6H_E15_tozasertib_0.3uM down	5658d286-140d-4b0c-ba17-ffe27fef635c	250	5.583044490259958e-06	0.02001551273713805	2.3361545893719806	32	PRISM001	MCF7	6H	E15	tozasertib	0.3uM	down
XPR010_AGS.311_96H_K20_CYP51A1 up	1cd607c6-5b5b-4ac9-8da8-c2af6aac0847	250	5.583044490259958e-06	0.02001551273713805	2.3361545893719806	32	XPR010	AGS.311	96H	K20	CYP51A1	N/A	up
PBIOA015_HT29_24H_I02_cytarabine_3.33uM down	c0f6c0f4-276b-41e3-8db4-fdc21709248a	250	5.583044490259958e-06	0.02001551273713805	2.3361545893719806	32	PBIOA015	HT29	24H	I02	cytarabine	3.33uM	down
PAC011_U2OS_6H_B10_BRD-K64992851_10uM down	028bb69e-2712-478c-82cc-40a8251eeb11	250	5.583044490259958e-06	0.02001551273713805	2.3361545893719806	32	PAC011	U2OS	6H	B10	BRD-K64992851	10uM	down
PBIOA013_A375_24H_H19_pyrazolanthrone_10uM down	e034ab1b-2923-45ea-9f98-6b1621e5959f	250	5.583044490259958e-06	0.02001551273713805	2.3361545893719806	32	PBIOA013	A375	24H	H19	pyrazolanthrone	10uM	down
CPC007_A375_24H_O18_BRD-K48199208_10uM down	2a38a063-1c4f-41bd-8e66-d95eea0b884f	250	5.583044490259958e-06	0.02001551273713805	2.3361545893719806	32	CPC007	A375	24H	O18	BRD-K48199208	10uM	down
CPC010_MCF7_24H_J06_BRD-K65955264_10uM down	366a4c2d-ecef-4ce2-9a11-91e0de91480a	250	5.583044490259958e-06	0.02001551273713805	2.3361545893719806	32	CPC010	MCF7	24H	J06	BRD-K65955264	10uM	down
ERG005_VCAP_24H_N22_withaferin-a_20uM down	fcc30576-3927-4b71-ba92-3e187c75871a	250	5.583044490259958e-06	0.02001551273713805	2.3361545893719806	32	ERG005	VCAP	24H	N22	withaferin-a	20uM	down
LJP008_HCC515_24H_G21_azacitidine_1.11uM up	748198c9-1d31-42d3-b117-6ff7909f8633	250	5.583044490259958e-06	0.02001551273713805	2.3361545893719806	32	LJP008	HCC515	24H	G21	azacitidine	1.11uM	up
REP.A028_MDAMB231_24H_P11_rosiglitazone_0.125uM up	017aced9-2ed3-40b7-9a0c-adaa20f7d4d8	250	5.583044490259958e-06	0.02001551273713805	2.3361545893719806	32	REP.A028	MDAMB231	24H	P11	rosiglitazone	0.125uM	up
ASG003_XC.P931_24H_L10_AZD-8055_10uM up	9f744fac-aa67-4560-8505-9c457f6ceb46	250	5.583044490259958e-06	0.02001551273713805	2.3361545893719806	32	ASG003	XC.P931	24H	L10	AZD-8055	10uM	up
CRCGN015_MCF10A_48H_N11_tetranitromethane_30uM down	4d21ee59-7bda-4139-a91f-badc90d70066	250	5.583044490259958e-06	0.02001551273713805	2.3361545893719806	32	CRCGN015	MCF10A	48H	N11	tetranitromethane	30uM	down
LJP005_BT20_24H_N07_YM-201636_10uM up	57de5329-bd11-471c-9ec1-74fd72642bdb	250	5.583044490259958e-06	0.02001551273713805	2.3361545893719806	32	LJP005	BT20	24H	N07	YM-201636	10uM	up
PBIOA018_HT29_24H_H19_SGI-1776_10uM up	aad2e65f-0dcb-438b-80ed-ebf7f75d4a0f	250	5.583044490259958e-06	0.02001551273713805	2.3361545893719806	32	PBIOA018	HT29	24H	H19	SGI-1776	10uM	up
CPC003_HA1E_24H_F09_SR-95639A_10uM down	4ae24382-e6f5-4695-bb77-0a894840ce7a	250	5.583044490259958e-06	0.02001551273713805	2.3361545893719806	32	CPC003	HA1E	24H	F09	SR-95639A	10uM	down
FIBR006_MCLF033SZ_6H_N11_estradiol_0.37uM up	0e6c39ab-14b0-4568-9de4-4969d9839ce9	250	5.583044490259958e-06	0.02001551273713805	2.3361545893719806	32	FIBR006	MCLF033SZ	6H	N11	estradiol	0.37uM	up
LKCP001_U2OS_6H_C07_foretinib_10uM up	2a987a50-05cb-475b-bed1-52f15cba5acc	250	5.583044490259958e-06	0.02001551273713805	2.3361545893719806	32	LKCP001	U2OS	6H	C07	foretinib	10uM	up
MOAR014_HAP1.TP53_24H_F21_bromosporine_3.33uM down	d71008ce-4ad0-47f0-9373-fa7edce171b9	250	5.583044490259958e-06	0.02001551273713805	2.3361545893719806	32	MOAR014	HAP1.TP53	24H	F21	bromosporine	3.33uM	down
PAC019_U2OS_6H_H23_BRD-K11158154_10uM up	414acbcb-1ca1-483c-9150-db628eae99dd	250	5.583044490259958e-06	0.02001551273713805	2.3361545893719806	32	PAC019	U2OS	6H	H23	BRD-K11158154	10uM	up
PBIOA022_PC3_24H_D07_BRD-K04923131_10uM up	a2c6b41d-9640-48b4-b1ca-dc012a3dbaca	250	5.583044490259958e-06	0.02001551273713805	2.3361545893719806	32	PBIOA022	PC3	24H	D07	BRD-K04923131	10uM	up
REP.A015_HT29_24H_L01_MLN-0128_10uM down	85417999-58db-470a-a9e7-34b2fb36f0ab	250	5.583044490259958e-06	0.02001551273713805	2.3361545893719806	32	REP.A015	HT29	24H	L01	MLN-0128	10uM	down
DOSVAL001_HCC515_24H_P11_BRD-K21626096_4uM up	d73418ee-567a-4d55-85d1-6857ca137fa7	250	5.583044490259958e-06	0.02001551273713805	2.3361545893719806	32	DOSVAL001	HCC515	24H	P11	BRD-K21626096	4uM	up
CPC017_MCF7_24H_C01_FCCP_10uM down	262e6245-3659-4bde-8752-18ac5d8efba0	250	5.583044490259958e-06	0.02001551273713805	2.3361545893719806	32	CPC017	MCF7	24H	C01	FCCP	10uM	down
RAD001_MCF7_24H_D09_melatonin_0.01uM up	eb3641c3-b68d-4b17-9eac-d525c3c295c2	250	5.583044490259958e-06	0.02001551273713805	2.3361545893719806	32	RAD001	MCF7	24H	D09	melatonin	0.01uM	up
REP.A011_A375_24H_N08_PF-04691502_3.33uM down	8e9d4fd6-552a-46ed-8074-1659c1925c78	250	5.583044490259958e-06	0.02001551273713805	2.3361545893719806	32	REP.A011	A375	24H	N08	PF-04691502	3.33uM	down
XPR011_HT29.311_96H_E12_ADAM15 down	1335f56f-6888-4211-ab0d-89ca988438fa	250	5.583044490259958e-06	0.02001551273713805	2.3361545893719806	32	XPR011	HT29.311	96H	E12	ADAM15	N/A	down
REP.A010_JURKAT_24H_P11_fluocinolone-acetonide_0.125uM up	460d89db-0a43-4e0b-bfaa-56e4de5ab20c	250	5.583044490259958e-06	0.02001551273713805	2.3361545893719806	32	REP.A010	JURKAT	24H	P11	fluocinolone-acetonide	0.125uM	up
RAD001_HCC515_6H_L14_bortezomib_10uM up	bbfcb356-ea0e-4bc2-ab53-0fad6f827322	250	5.583044490259958e-06	0.02001551273713805	2.3361545893719806	32	RAD001	HCC515	6H	L14	bortezomib	10uM	up
XPR034_BICR6.311_96H_K21_PPIF up	a98ff675-911a-4628-bf1d-e98432011df6	250	5.583044490259958e-06	0.02001551273713805	2.3361545893719806	32	XPR034	BICR6.311	96H	K21	PPIF	N/A	up
REP.B013_HA1E_24H_M03_AMD-11070_0.25uM up	21226184-a44a-4012-b093-f99fb7953640	250	5.583044490259958e-06	0.02001551273713805	2.3361545893719806	32	REP.B013	HA1E	24H	M03	AMD-11070	0.25uM	up
XPR027_BICR6.311_96H_A04_ASAH1 up	723c1ca5-2239-4335-b13e-02f6ab926fcd	250	5.583044490259958e-06	0.02001551273713805	2.3361545893719806	32	XPR027	BICR6.311	96H	A04	ASAH1	N/A	up
CPC013_MCF7_24H_H16_BRD-K58784778_10uM up	cbdb2a16-6ed6-46a4-a3c1-7a18fcd28eac	250	5.583044490259958e-06	0.02001551273713805	2.3361545893719806	32	CPC013	MCF7	24H	H16	BRD-K58784778	10uM	up
EMU001_BJAB_24H_L03_mycophenolate-mofetil_0.66uM up	7dacb1db-a117-424e-9f75-6fa9c1b3a1de	250	5.583044490259958e-06	0.02001551273713805	2.3361545893719806	32	EMU001	BJAB	24H	L03	mycophenolate-mofetil	0.66uM	up
XPR036_MCF7.311_96H_P14_ROCK1 down	f9e872bc-a634-47ae-a256-c44864406db7	250	5.583044490259958e-06	0.02001551273713805	2.3361545893719806	32	XPR036	MCF7.311	96H	P14	ROCK1	N/A	down
NMH002_NEU_6H_K13_androstanol_10uM down	47e320a9-d6b6-4280-acb8-502869b39e93	250	5.583044490259958e-06	0.02001551273713805	2.3361545893719806	32	NMH002	NEU	6H	K13	androstanol	10uM	down
PAC037_U2OS_6H_P19_BRD-K97170716_10uM up	7e33cef7-4045-405b-a6da-253992b35363	250	5.583044490259958e-06	0.02001551273713805	2.3361545893719806	32	PAC037	U2OS	6H	P19	BRD-K97170716	10uM	up
PAC057_U2OS_6H_D23_BRD-K09780243_10uM down	4cfacd8e-b959-4e49-a974-1af3386532c1	250	5.583044490259958e-06	0.02001551273713805	2.3361545893719806	32	PAC057	U2OS	6H	D23	BRD-K09780243	10uM	down
PBIOA014_HA1E_24H_C23_MG-132_10uM down	0c5ff5b1-cb61-4023-9e72-9f4f52f7bf83	250	5.583044490259958e-06	0.02001551273713805	2.3361545893719806	32	PBIOA014	HA1E	24H	C23	MG-132	10uM	down
REP.A006_PC3_24H_N21_GDC-0980_1.11uM down	c30ed576-147a-4a8c-99c4-e6a33121c31f	250	5.583044490259958e-06	0.02001551273713805	2.3361545893719806	32	REP.A006	PC3	24H	N21	GDC-0980	1.11uM	down
PAC046_U2OS_6H_A16_BRD-K09301754_10uM up	0328494b-c40f-4a9f-b130-d8728e5af348	250	5.583044490259958e-06	0.02001551273713805	2.3361545893719806	32	PAC046	U2OS	6H	A16	BRD-K09301754	10uM	up
PBIOA021_PC3_24H_P09_BRD-K33269038_1.11uM up	ba67865c-fe18-4226-abac-225133989b0b	250	5.583044490259958e-06	0.02001551273713805	2.3361545893719806	32	PBIOA021	PC3	24H	P09	BRD-K33269038	1.11uM	up
CRCGN007_HEPG2_24H_B23_coumophos_0.25uM down	73a6abe1-8bd8-455e-ae13-bb21cdef3ea7	250	5.583044490259958e-06	0.02001551273713805	2.3361545893719806	32	CRCGN007	HEPG2	24H	B23	coumophos	0.25uM	down
LJP008_HEK293_24H_B15_KU-55933_1.11uM down	04abe32b-930e-4880-b0cd-342005ff4327	250	5.583044490259958e-06	0.02001551273713805	2.3361545893719806	32	LJP008	HEK293	24H	B15	KU-55933	1.11uM	down
PAC002_U2OS_6H_O15_SB-216763_10uM up	13db88f7-14d5-4603-9f06-0d1428ece057	250	5.583044490259958e-06	0.02001551273713805	2.3361545893719806	32	PAC002	U2OS	6H	O15	SB-216763	10uM	up
REP.A011_HA1E_24H_G02_dronedarone_3.33uM up	28bb9e49-e54c-4a2d-837a-bc672a4bea13	250	5.583044490259958e-06	0.02001551273713805	2.3361545893719806	32	REP.A011	HA1E	24H	G02	dronedarone	3.33uM	up
REP.A012_HA1E_24H_A21_colchicine_1.11uM down	1c6e7413-1127-4ff2-b438-7a05eb00ab59	250	5.583044490259958e-06	0.02001551273713805	2.3361545893719806	32	REP.A012	HA1E	24H	A21	colchicine	1.11uM	down
CPC001_HCC515_24H_G07_NNC-05-2090_10uM down	9fe6621b-46a7-4b73-8f4e-4b8d086bb899	250	5.583044490259958e-06	0.02001551273713805	2.3361545893719806	32	CPC001	HCC515	24H	G07	NNC-05-2090	10uM	down
FIBR015_MCLF022CN_6H_C06_BRD-K78716413_0.04uM up	62f07e91-2eb9-4cd9-b554-1d61b52f113d	250	5.583044490259958e-06	0.02001551273713805	2.3361545893719806	32	FIBR015	MCLF022CN	6H	C06	BRD-K78716413	0.04uM	up
ASG002_NCIH1437_24H_K04_quizartinib_10uM down	f48f6b93-0b69-43e2-8e78-3e5959b6aee9	250	5.583044490259958e-06	0.02001551273713805	2.3361545893719806	32	ASG002	NCIH1437	24H	K04	quizartinib	10uM	down
PBIOA017_A375_24H_H09_ABT-702_1.11uM up	f6c0f9b9-5541-4eb1-860c-b5c28ee8407c	250	5.583044490259958e-06	0.02001551273713805	2.3361545893719806	32	PBIOA017	A375	24H	H09	ABT-702	1.11uM	up
CPC013_HEPG2_6H_O23_PD-173074_10uM up	584ed746-94d1-42d3-b7da-9ccc27b12e8d	250	5.583044490259958e-06	0.02001551273713805	2.3361545893719806	32	CPC013	HEPG2	6H	O23	PD-173074	10uM	up
XPR011_MCF7.311_96H_D04_APOLD1 up	bd0e17af-6c85-4897-a2da-91d5cfb9f883	250	5.583044490259958e-06	0.02001551273713805	2.3361545893719806	32	XPR011	MCF7.311	96H	D04	APOLD1	N/A	up
PAC044_U2OS_6H_A04_BRD-K91787616_10uM down	c0894878-aba6-4675-8bec-fb85c1e23c01	250	1.495661795858065e-05	0.028679186735995895	2.2631497584541065	31	PAC044	U2OS	6H	A04	BRD-K91787616	10uM	down
REP.B027_A375_24H_E16_diosmin_0.08uM up	b128ce95-e85d-4346-afd7-9b9abc6200e0	250	1.495661795858065e-05	0.028679186735995895	2.2631497584541065	31	REP.B027	A375	24H	E16	diosmin	0.08uM	up
MOAR008_HEC251_24H_M22_tiagabine_10uM down	2acb606f-d197-477a-8079-42a6bc47e5f5	250	1.495661795858065e-05	0.028679186735995895	2.2631497584541065	31	MOAR008	HEC251	24H	M22	tiagabine	10uM	down
REP.A010_JURKAT_24H_O11_milnacipran_0.125uM up	fd9cf580-22dd-44eb-a47c-632eaeaab1a5	250	1.495661795858065e-05	0.028679186735995895	2.2631497584541065	31	REP.A010	JURKAT	24H	O11	milnacipran	0.125uM	up
DOS006_VCAP_24H_O04_BRD-K85398522_4uM down	4826561c-6f91-4cd7-a3a8-b6afef03c433	250	1.495661795858065e-05	0.028679186735995895	2.2631497584541065	31	DOS006	VCAP	24H	O04	BRD-K85398522	4uM	down
DOSVAL006_HEPG2_24H_F01_BRD-K86961442_20uM down	32288ee5-9dfa-423e-b7ea-0a9b637d018a	250	1.495661795858065e-05	0.028679186735995895	2.2631497584541065	31	DOSVAL006	HEPG2	24H	F01	BRD-K86961442	20uM	down
PCLB001_MCF7_6H_G02_BRD-K91338578_2.5uM down	44436398-b528-4f96-b303-e86dc4d52293	250	1.495661795858065e-05	0.028679186735995895	2.2631497584541065	31	PCLB001	MCF7	6H	G02	BRD-K91338578	2.5uM	down
PAC022_U2OS_6H_H12_BRD-K48005659_10uM up	c55d16ae-e89b-4b0a-b354-3832227d6ced	250	1.495661795858065e-05	0.028679186735995895	2.2631497584541065	31	PAC022	U2OS	6H	H12	BRD-K48005659	10uM	up
REP.A005_HA1E_24H_M23_gemfibrozil_0.125uM up	fb44cc02-9a9d-45eb-bc1d-66eede344d45	250	1.495661795858065e-05	0.028679186735995895	2.2631497584541065	31	REP.A005	HA1E	24H	M23	gemfibrozil	0.125uM	up
PAC028_U2OS_6H_F12_BRD-K42871839_10uM down	c2a165a1-44fe-42f3-b983-cebc1d9c6cfb	250	1.495661795858065e-05	0.028679186735995895	2.2631497584541065	31	PAC028	U2OS	6H	F12	BRD-K42871839	10uM	down
PAC019_U2OS_6H_M08_BRD-K06723172_10uM down	d8fdd1a7-43b5-43c7-90d5-daa94f238f44	250	1.495661795858065e-05	0.028679186735995895	2.2631497584541065	31	PAC019	U2OS	6H	M08	BRD-K06723172	10uM	down
REP.A013_A375_24H_K02_STA-5326_3.33uM down	ea1c2456-ae60-41fa-95ce-20870c255f0f	250	1.495661795858065e-05	0.028679186735995895	2.2631497584541065	31	REP.A013	A375	24H	K02	STA-5326	3.33uM	down
REP.B013_PC3_24H_H14_BMS-777607_0.74uM up	3dc3197c-9efb-47d5-a5c8-dd96e7e79906	250	1.495661795858065e-05	0.028679186735995895	2.2631497584541065	31	REP.B013	PC3	24H	H14	BMS-777607	0.74uM	up
XPR022_MCF7.311_96H_G24_PSG2 down	28485eb2-3607-41dc-b66a-34751bbda6c5	250	1.495661795858065e-05	0.028679186735995895	2.2631497584541065	31	XPR022	MCF7.311	96H	G24	PSG2	N/A	down
CPC006_A375_24H_D18_TGX-115_150uM down	17282f9d-5699-42d7-9439-496d12e02d97	250	1.495661795858065e-05	0.028679186735995895	2.2631497584541065	31	CPC006	A375	24H	D18	TGX-115	150uM	down
CPC006_SW620_6H_F16_BRD-K68336408_60uM up	7a386c3a-925f-4490-86b9-0e6b4a044e60	250	1.495661795858065e-05	0.028679186735995895	2.2631497584541065	31	CPC006	SW620	6H	F16	BRD-K68336408	60uM	up
PAC069_U2OS_6H_M10_BRD-K24557107_20uM down	7290ddae-8711-4c5a-aefb-1f9cb4911397	250	1.495661795858065e-05	0.028679186735995895	2.2631497584541065	31	PAC069	U2OS	6H	M10	BRD-K24557107	20uM	down
PAC066_U2OS_6H_J08_BRD-K63299069_10uM down	7bbd5cf2-080e-4fff-8270-d9413e0cabdb	250	1.495661795858065e-05	0.028679186735995895	2.2631497584541065	31	PAC066	U2OS	6H	J08	BRD-K63299069	10uM	down
PBIOA014_HT29_24H_O01_vorinostat_10uM up	cf72b54a-33cb-4a4a-8641-54fcb3d643a9	250	1.495661795858065e-05	0.028679186735995895	2.2631497584541065	31	PBIOA014	HT29	24H	O01	vorinostat	10uM	up
POL001_JURKAT_24H_B12_rottlerin_0.04uM down	0e6ebb1f-6342-4d40-a668-85d80332f477	250	1.495661795858065e-05	0.028679186735995895	2.2631497584541065	31	POL001	JURKAT	24H	B12	rottlerin	0.04uM	down
REP.A018_HA1E_24H_D07_guanethidine_10uM up	7d7c2a2e-3b1d-47de-919e-e63520adaf4d	250	1.495661795858065e-05	0.028679186735995895	2.2631497584541065	31	REP.A018	HA1E	24H	D07	guanethidine	10uM	up
PAC022_U2OS_6H_M12_BRD-K41574893_10uM up	9be5819f-87db-45ea-9446-c4abb3f83c5c	250	1.495661795858065e-05	0.028679186735995895	2.2631497584541065	31	PAC022	U2OS	6H	M12	BRD-K41574893	10uM	up
AICHI001_K562_24H_G14_vorinostat_2.5uM up	e91080b0-fae2-4684-91ce-4b01d6fa8b1a	250	1.495661795858065e-05	0.028679186735995895	2.2631497584541065	31	AICHI001	K562	24H	G14	vorinostat	2.5uM	up
PAC033_U2OS_6H_C03_BRD-K81031146_10uM up	a5ab0024-2e3f-434e-8e92-4600d6733803	250	1.495661795858065e-05	0.028679186735995895	2.2631497584541065	31	PAC033	U2OS	6H	C03	BRD-K81031146	10uM	up
REP.B006_YAPC_24H_J06_moracizine_0.01uM up	55ef2a62-229e-4522-91e6-253071bd3c56	250	1.495661795858065e-05	0.028679186735995895	2.2631497584541065	31	REP.B006	YAPC	24H	J06	moracizine	0.01uM	up
REP.A018_PC3_24H_K24_SDZ-NKT-343_0.04uM down	e8c480a8-0216-49f1-b24a-fe9eb9025eec	250	1.495661795858065e-05	0.028679186735995895	2.2631497584541065	31	REP.A018	PC3	24H	K24	SDZ-NKT-343	0.04uM	down
REP.A019_MCF7_24H_K19_thioguanine_10uM down	3382ddb5-fec3-4a96-b74b-c4f0caaec184	250	1.495661795858065e-05	0.028679186735995895	2.2631497584541065	31	REP.A019	MCF7	24H	K19	thioguanine	10uM	down
XPR019_BICR6.311_96H_I16_KLRG1 up	bab11f47-dea7-408b-aef4-908fb77a5ef2	250	1.495661795858065e-05	0.028679186735995895	2.2631497584541065	31	XPR019	BICR6.311	96H	I16	KLRG1	N/A	up
XPR023_AGS.311_96H_O03_RPL13 down	69a16769-afea-49cc-883c-6706e38724af	250	1.495661795858065e-05	0.028679186735995895	2.2631497584541065	31	XPR023	AGS.311	96H	O03	RPL13	N/A	down
CPC005_HT29_24H_G04_lobaric-acid_10uM up	9c0f94e7-403b-40c5-b335-9e21ba80ee2e	250	1.495661795858065e-05	0.028679186735995895	2.2631497584541065	31	CPC005	HT29	24H	G04	lobaric-acid	10uM	up
CPC013_PC3_6H_C05_obatoclax_10uM up	a98ea7b5-df74-481c-a68d-b37d2eae6507	250	1.495661795858065e-05	0.028679186735995895	2.2631497584541065	31	CPC013	PC3	6H	C05	obatoclax	10uM	up
CPC006_HA1E_6H_O16_quiflapon_80uM up	ed4897e9-b8fd-414a-bf90-57203393d13c	250	1.495661795858065e-05	0.028679186735995895	2.2631497584541065	31	CPC006	HA1E	6H	O16	quiflapon	80uM	up
CPC013_VCAP_24H_M21_oligomycin-a_10uM down	8ddd1dd5-ad40-4db8-917b-9345450543d8	250	1.495661795858065e-05	0.028679186735995895	2.2631497584541065	31	CPC013	VCAP	24H	M21	oligomycin-a	10uM	down
DOSVAL004_A549_24H_B09_BRD-K90089455_4uM down	9282c3cd-5e20-4ec4-87bd-e1f903344883	250	1.495661795858065e-05	0.028679186735995895	2.2631497584541065	31	DOSVAL004	A549	24H	B09	BRD-K90089455	4uM	down
CPC006_MDST8_6H_G17_cyclosporin-a_10uM up	4d16d4bc-748b-40f2-a8cf-ed179db28e79	250	1.495661795858065e-05	0.028679186735995895	2.2631497584541065	31	CPC006	MDST8	6H	G17	cyclosporin-a	10uM	up
CPC020_PC3_24H_E07_BRD-K27855499_10uM up	6ea6bec4-746f-4f57-a91d-1cfc589f5657	250	1.495661795858065e-05	0.028679186735995895	2.2631497584541065	31	CPC020	PC3	24H	E07	BRD-K27855499	10uM	up
LJP008_NPC.CAS9_24H_B24_KU-60019_0.04uM down	3116772d-92ab-46c7-b190-85c98f30f5cd	250	1.495661795858065e-05	0.028679186735995895	2.2631497584541065	31	LJP008	NPC.CAS9	24H	B24	KU-60019	0.04uM	down
DOSVAL006_A375_24H_C19_sirolimus_20uM up	63a60815-56c9-4dd7-b116-b059d8180ffc	250	1.495661795858065e-05	0.028679186735995895	2.2631497584541065	31	DOSVAL006	A375	24H	C19	sirolimus	20uM	up
ASG003_MCF7_24H_L12_AZD-8055_0.12uM down	946c6d15-aee3-407d-9202-8a5adec78291	250	1.495661795858065e-05	0.028679186735995895	2.2631497584541065	31	ASG003	MCF7	24H	L12	AZD-8055	0.12uM	down
PAC013_U2OS_6H_P22_BRD-K69349639_10uM down	eb1057b0-65d6-48cc-b76c-58b28a0cdd16	250	1.495661795858065e-05	0.028679186735995895	2.2631497584541065	31	PAC013	U2OS	6H	P22	BRD-K69349639	10uM	down
REP.B006_HT29_24H_N19_GDC-0980_2.22uM down	0bc25567-9685-493f-8592-db15884e0dff	250	1.495661795858065e-05	0.028679186735995895	2.2631497584541065	31	REP.B006	HT29	24H	N19	GDC-0980	2.22uM	down
PAC033_U2OS_6H_B16_BRD-K59159023_10uM up	637de621-a9a2-4223-9b4e-f4e56624ad97	250	1.495661795858065e-05	0.028679186735995895	2.2631497584541065	31	PAC033	U2OS	6H	B16	BRD-K59159023	10uM	up
PAC036_U2OS_6H_L03_BRD-K53421673_10uM down	9514f024-6ef8-4677-beba-6fb650906c44	250	1.495661795858065e-05	0.028679186735995895	2.2631497584541065	31	PAC036	U2OS	6H	L03	BRD-K53421673	10uM	down
CPC012_PHH_24H_F21_VU-0410183-2_10uM up	c7bbb32d-6ec8-42c8-91d4-788d9ebdc0bd	250	1.495661795858065e-05	0.028679186735995895	2.2631497584541065	31	CPC012	PHH	24H	F21	VU-0410183-2	10uM	up
PAC069_U2OS_6H_F08_BRD-A64850503_20uM down	343a794b-c9cf-455a-9b5d-6cd0d00bc543	250	1.495661795858065e-05	0.028679186735995895	2.2631497584541065	31	PAC069	U2OS	6H	F08	BRD-A64850503	20uM	down
ASG003_XC.P912_24H_J21_alvocidib_0.12uM down	5a4d5912-6805-4242-abdb-9d9fbcb5e088	250	1.495661795858065e-05	0.028679186735995895	2.2631497584541065	31	ASG003	XC.P912	24H	J21	alvocidib	0.12uM	down
PBIOA020_A375_24H_C19_BRD-A19037878_10uM up	70b4d5ee-d059-49c1-aeda-b4d1f31f5f4a	250	1.495661795858065e-05	0.028679186735995895	2.2631497584541065	31	PBIOA020	A375	24H	C19	BRD-A19037878	10uM	up
PAC042_U2OS_6H_G05_BRD-K25068941_10uM up	176db4db-7d6a-4a9f-a7b2-7ac958e76425	250	1.495661795858065e-05	0.028679186735995895	2.2631497584541065	31	PAC042	U2OS	6H	G05	BRD-K25068941	10uM	up
REP.A010_JURKAT_24H_P17_penfluridol_0.125uM up	73b7d5df-d25b-465f-8eb3-7c6458aede14	250	1.495661795858065e-05	0.028679186735995895	2.2631497584541065	31	REP.A010	JURKAT	24H	P17	penfluridol	0.125uM	up
MOAR012_SH4_24H_I15_felbamate_1.11uM up	cab7a19b-d1da-434c-bfb4-03b6bb0b7b2a	250	1.495661795858065e-05	0.028679186735995895	2.2631497584541065	31	MOAR012	SH4	24H	I15	felbamate	1.11uM	up
PAC001_U2OS_6H_D06_JTE-907_10uM up	4a38889d-01e5-4b4c-9842-636b7a2f5893	250	1.495661795858065e-05	0.028679186735995895	2.2631497584541065	31	PAC001	U2OS	6H	D06	JTE-907	10uM	up
XPR029_PC3.311B_96H_N02_HIF1AN up	a42261d5-379b-4f1b-8637-8d76aecf57b4	250	1.495661795858065e-05	0.028679186735995895	2.2631497584541065	31	XPR029	PC3.311B	96H	N02	HIF1AN	N/A	up
XPRJJ001_A375_96H_A20_KDM5A down	122d7110-728b-4a1f-914d-9806336a9e9c	250	1.495661795858065e-05	0.028679186735995895	2.2631497584541065	31	XPRJJ001	A375	96H	A20	KDM5A	N/A	down
ASG003_U2OS_24H_F16_idarubicin_12uM down	f4536804-c0c2-412d-8dc1-60a64e619fa9	250	1.495661795858065e-05	0.028679186735995895	2.2631497584541065	31	ASG003	U2OS	24H	F16	idarubicin	12uM	down
REP.A027_HA1E_24H_O13_ketoprofen_10uM down	cfa6b337-7d27-4306-b6c3-153aec58695a	250	1.495661795858065e-05	0.028679186735995895	2.2631497584541065	31	REP.A027	HA1E	24H	O13	ketoprofen	10uM	down
PAC057_U2OS_6H_O15_BRD-K92313046_10uM up	09979c9b-8cc9-4e39-ab41-d839e8d8b85c	250	1.495661795858065e-05	0.028679186735995895	2.2631497584541065	31	PAC057	U2OS	6H	O15	BRD-K92313046	10uM	up
XPR036_A375.311_96H_K20_ARSG up	32305ff8-8f51-4cc8-b86f-28a73a4afa40	250	1.495661795858065e-05	0.028679186735995895	2.2631497584541065	31	XPR036	A375.311	96H	K20	ARSG	N/A	up
MOAR006_A375_24H_C07_filanesib_10uM down	ea27c269-28f1-443c-b979-760b22d72ee2	250	1.495661795858065e-05	0.028679186735995895	2.2631497584541065	31	MOAR006	A375	24H	C07	filanesib	10uM	down
LKCP001_U2OS_24H_G10_vandetanib_10uM up	b44bec5b-472b-4e49-b902-43493ec5f41b	250	1.495661795858065e-05	0.028679186735995895	2.2631497584541065	31	LKCP001	U2OS	24H	G10	vandetanib	10uM	up
PAC026_U2OS_6H_N14_tretinoin_20uM up	5d3b0768-3923-49b6-8e96-d7cf45177957	250	1.495661795858065e-05	0.028679186735995895	2.2631497584541065	31	PAC026	U2OS	6H	N14	tretinoin	20uM	up
PAC063_U2OS_6H_O23_LY-294002_20uM down	def67250-7554-4868-b713-0ec28f7f1637	250	1.495661795858065e-05	0.028679186735995895	2.2631497584541065	31	PAC063	U2OS	6H	O23	LY-294002	20uM	down
REP.A009_HT29_24H_C07_resminostat_10uM up	11d27df5-7e17-476a-8f72-e622f8b176cf	250	1.495661795858065e-05	0.028679186735995895	2.2631497584541065	31	REP.A009	HT29	24H	C07	resminostat	10uM	up
PAC041_U2OS_6H_I09_BRD-K84749975_10uM down	bf179707-7eb9-4d10-a6bd-fb6aedda7b69	250	1.495661795858065e-05	0.028679186735995895	2.2631497584541065	31	PAC041	U2OS	6H	I09	BRD-K84749975	10uM	down
REP.A010_HELA_24H_G01_BRD-A13133631_10uM down	ff98c53b-06c2-4371-8397-5921591b950a	250	1.495661795858065e-05	0.028679186735995895	2.2631497584541065	31	REP.A010	HELA	24H	G01	BRD-A13133631	10uM	down
PAC044_U2OS_6H_E10_geldanamycin_20uM up	9ace37c5-246d-491d-b1ad-19d0f9914477	250	1.495661795858065e-05	0.028679186735995895	2.2631497584541065	31	PAC044	U2OS	6H	E10	geldanamycin	20uM	up
PAC069_U2OS_6H_I11_BRD-K37393297_20uM up	fa616643-f9c0-493e-836c-4105ea4f06f2	250	1.495661795858065e-05	0.028679186735995895	2.2631497584541065	31	PAC069	U2OS	6H	I11	BRD-K37393297	20uM	up
PAC048_U2OS_6H_P14_BRD-K63428678_10uM down	2bf3ade8-2c37-40d4-aa5a-901d6287380c	250	1.495661795858065e-05	0.028679186735995895	2.2631497584541065	31	PAC048	U2OS	6H	P14	BRD-K63428678	10uM	down
REP.A022_JURKAT_24H_K19_MLN-4924_10uM up	8bd2587a-3fba-4cf6-b4b0-f0c88b637d31	250	1.495661795858065e-05	0.028679186735995895	2.2631497584541065	31	REP.A022	JURKAT	24H	K19	MLN-4924	10uM	up
XPR015_HT29.311_96H_F09_CXCL9 up	d91624f7-6aaa-4f0e-a21a-3ff833ba9787	250	1.495661795858065e-05	0.028679186735995895	2.2631497584541065	31	XPR015	HT29.311	96H	F09	CXCL9	N/A	up
REP.B017_MCF7_24H_I15_mirtazapine_0.25uM up	5b27d7bc-ed36-47bc-a01e-26531e9af005	250	1.495661795858065e-05	0.028679186735995895	2.2631497584541065	31	REP.B017	MCF7	24H	I15	mirtazapine	0.25uM	up
CEGS001_NPC.179_24H_M24_zopiclone_0.74uM down	ad4865b8-0dc7-40ec-bdf8-f82f7362e30c	250	1.495661795858065e-05	0.028679186735995895	2.2631497584541065	31	CEGS001	NPC.179	24H	M24	zopiclone	0.74uM	down
CPC011_MCF7_6H_K05_racecadotril_10uM down	b796020e-0913-4556-97e2-efbcd70d3acc	250	1.495661795858065e-05	0.028679186735995895	2.2631497584541065	31	CPC011	MCF7	6H	K05	racecadotril	10uM	down
ASG003_U2OS_24H_E18_KU-0063794_0.12uM down	c14d4c1e-5043-43a3-807c-a1c81666f084	250	1.495661795858065e-05	0.028679186735995895	2.2631497584541065	31	ASG003	U2OS	24H	E18	KU-0063794	0.12uM	down
DOS004_VCAP_24H_B03_BRD-K88306141_4uM up	7e752b40-ac83-4f3f-bd09-c07553187fe7	250	1.495661795858065e-05	0.028679186735995895	2.2631497584541065	31	DOS004	VCAP	24H	B03	BRD-K88306141	4uM	up
LJP008_MDAMB231_24H_E11_GSK-J1_0.12uM down	e7a9c6a2-eab0-4945-978b-afbbf1398624	250	1.495661795858065e-05	0.028679186735995895	2.2631497584541065	31	LJP008	MDAMB231	24H	E11	GSK-J1	0.12uM	down
MOAR009_BEN_24H_A05_BRD-K65856711_3.33uM down	4d87411a-4700-47bf-aed1-7cc5ca55eef1	250	1.495661795858065e-05	0.028679186735995895	2.2631497584541065	31	MOAR009	BEN	24H	A05	BRD-K65856711	3.33uM	down
REP.A013_HT29_24H_A16_conivaptan_0.37uM down	4367d162-f6df-4137-a8d5-1f2dda7ff908	250	1.495661795858065e-05	0.028679186735995895	2.2631497584541065	31	REP.A013	HT29	24H	A16	conivaptan	0.37uM	down
PAC031_U2OS_6H_D13_BRD-K32916048_10uM down	c1b9f848-df33-4a3e-84da-5ee13f327069	250	1.495661795858065e-05	0.028679186735995895	2.2631497584541065	31	PAC031	U2OS	6H	D13	BRD-K32916048	10uM	down
REP.A002_PC3_24H_O13_NVP-BEZ235_10uM down	9af40739-60e4-4503-8a13-d4c425bc80d3	250	1.495661795858065e-05	0.028679186735995895	2.2631497584541065	31	REP.A002	PC3	24H	O13	NVP-BEZ235	10uM	down
REP.A010_JURKAT_24H_B13_glipizide_10uM up	f7034a34-4035-4e3b-886b-55daeb8c4caa	250	1.495661795858065e-05	0.028679186735995895	2.2631497584541065	31	REP.A010	JURKAT	24H	B13	glipizide	10uM	up
ASG002_BICR6_24H_I22_CGS-21680_10uM up	ee4460a7-631f-48c7-829f-28397c2ed3bf	250	1.495661795858065e-05	0.028679186735995895	2.2631497584541065	31	ASG002	BICR6	24H	I22	CGS-21680	10uM	up
MOAR010_SH4_24H_D01_GDC-0349_10uM up	dc701e08-35d8-4488-b98f-cd287147b7b4	250	1.495661795858065e-05	0.028679186735995895	2.2631497584541065	31	MOAR010	SH4	24H	D01	GDC-0349	10uM	up
XPR035_AGS.311_96H_M18_WNK3 up	b8a877cc-b608-4e74-af97-f169d7642932	250	1.495661795858065e-05	0.028679186735995895	2.2631497584541065	31	XPR035	AGS.311	96H	M18	WNK3	N/A	up
REP.A028_MCF7_24H_D18_ciglitazone_0.04uM down	8d0d86a8-a012-46ff-917f-54dfaa83650b	250	1.495661795858065e-05	0.028679186735995895	2.2631497584541065	31	REP.A028	MCF7	24H	D18	ciglitazone	0.04uM	down
REP.B018_YAPC_24H_I06_torcetrapib_0.01uM up	7b87e595-16f9-4c7a-840d-1c384e3d3ef8	250	1.495661795858065e-05	0.028679186735995895	2.2631497584541065	31	REP.B018	YAPC	24H	I06	torcetrapib	0.01uM	up
CPC014_A549_6H_E17_WYE-125132_10uM down	f184ff41-2d7b-467b-a745-7d23c33ed10c	250	1.495661795858065e-05	0.028679186735995895	2.2631497584541065	31	CPC014	A549	6H	E17	WYE-125132	10uM	down
CPC019_HT29_6H_E19_BRD-K76691125_10uM up	5b9f2463-f67c-4808-b5b0-b588cb2d5762	250	1.495661795858065e-05	0.028679186735995895	2.2631497584541065	31	CPC019	HT29	6H	E19	BRD-K76691125	10uM	up
XPR012_MCF7.311_96H_O16_ATP8B4 up	4240f023-1274-4235-9b3d-a5bb7cbb7576	250	1.495661795858065e-05	0.028679186735995895	2.2631497584541065	31	XPR012	MCF7.311	96H	O16	ATP8B4	N/A	up
PAC019_U2OS_6H_K02_BRD-K38561684_10uM down	c1ecf2f2-f687-4036-a2dd-b103a2adc399	250	1.495661795858065e-05	0.028679186735995895	2.2631497584541065	31	PAC019	U2OS	6H	K02	BRD-K38561684	10uM	down
PAC019_U2OS_6H_O06_BRD-K57204946_10uM up	23b9accc-6bb6-4f6b-8768-f87927bde128	250	1.495661795858065e-05	0.028679186735995895	2.2631497584541065	31	PAC019	U2OS	6H	O06	BRD-K57204946	10uM	up
PAC044_U2OS_6H_O09_BRD-K77831863_10uM down	e95ebf66-137b-4e61-926f-602997fe3e3e	250	1.495661795858065e-05	0.028679186735995895	2.2631497584541065	31	PAC044	U2OS	6H	O09	BRD-K77831863	10uM	down
CEGS001_NPC.8330_24H_O01_AZD-8055_10uM down	9d3becca-c7f1-4d5c-a0d2-47954fb94bcb	250	1.495661795858065e-05	0.028679186735995895	2.2631497584541065	31	CEGS001	NPC.8330	24H	O01	AZD-8055	10uM	down
FIBR009_MCLF123SZ_6H_F11_LFM-A13_4uM up	0d57f8ae-779a-4cd9-9254-7a19664b4e16	250	1.495661795858065e-05	0.028679186735995895	2.2631497584541065	31	FIBR009	MCLF123SZ	6H	F11	LFM-A13	4uM	up
XPR012_A549.311_96H_H24_C1ORF106 up	40b016da-d1d8-46fe-bbd7-731fe37e8fe6	250	1.495661795858065e-05	0.028679186735995895	2.2631497584541065	31	XPR012	A549.311	96H	H24	C1ORF106	N/A	up
DOS058_A375_24H_C07_BRD-K88769248_4uM up	f67caa8e-02cf-4558-b276-f46fd9da4dca	250	1.495661795858065e-05	0.028679186735995895	2.2631497584541065	31	DOS058	A375	24H	C07	BRD-K88769248	4uM	up
PBIOA018_HCC515_24H_I05_SB-525334_0.125uM up	604e1af6-fe9b-45e7-af48-8160a584d960	250	1.495661795858065e-05	0.028679186735995895	2.2631497584541065	31	PBIOA018	HCC515	24H	I05	SB-525334	0.125uM	up
ASG002_BICR6_24H_P13_ixazomib_10uM down	9d24d7f7-e21a-45f3-a0b3-3ec57014c10d	250	1.495661795858065e-05	0.028679186735995895	2.2631497584541065	31	ASG002	BICR6	24H	P13	ixazomib	10uM	down
PBIOA020_MCF7_24H_A08_GSK-1059615_3.33uM down	5b29d500-3717-4166-84d9-bd1d1c308999	250	1.495661795858065e-05	0.028679186735995895	2.2631497584541065	31	PBIOA020	MCF7	24H	A08	GSK-1059615	3.33uM	down
MOAR014_HAP1.PIK3CA_24H_B11_mepacrine_3.33uM down	d1154d1c-0655-4370-8add-a6dab40d4d3c	250	1.495661795858065e-05	0.028679186735995895	2.2631497584541065	31	MOAR014	HAP1.PIK3CA	24H	B11	mepacrine	3.33uM	down
PAC022_U2OS_6H_O04_BRD-K77873562_10uM down	c56a74ae-2d56-42c5-889b-941513021b74	250	1.495661795858065e-05	0.028679186735995895	2.2631497584541065	31	PAC022	U2OS	6H	O04	BRD-K77873562	10uM	down
PBIOA004_XC.L10_24H_F03_BRD-K75327442_1.11uM up	6676906a-ebe1-456e-8b89-61f8f6e3a3a2	250	1.495661795858065e-05	0.028679186735995895	2.2631497584541065	31	PBIOA004	XC.L10	24H	F03	BRD-K75327442	1.11uM	up
CPC016_A549_6H_D10_BRD-A49680073_10uM up	dbf5ca3c-831f-4d37-96eb-9c66cad7864f	250	1.495661795858065e-05	0.028679186735995895	2.2631497584541065	31	CPC016	A549	6H	D10	BRD-A49680073	10uM	up
REP.A019_YAPC_24H_A20_ticagrelor_3.33uM down	27774416-0974-4c8a-8038-f79cbd667ebf	250	1.495661795858065e-05	0.028679186735995895	2.2631497584541065	31	REP.A019	YAPC	24H	A20	ticagrelor	3.33uM	down
REP.B002_HA1E_24H_K13_amiodarone_2.22uM down	ff2e6710-c581-4e7b-94c4-e8557ac32a16	250	1.495661795858065e-05	0.028679186735995895	2.2631497584541065	31	REP.B002	HA1E	24H	K13	amiodarone	2.22uM	down
CPC020_PC3_6H_E22_GSK-1059615_10uM up	a5f29b50-72d5-4814-9538-b7b8745c6016	250	1.495661795858065e-05	0.028679186735995895	2.2631497584541065	31	CPC020	PC3	6H	E22	GSK-1059615	10uM	up
REP.A022_A375_24H_P16_saxagliptin_0.37uM up	f82b1012-0487-4343-b026-2fefdc68163a	250	1.495661795858065e-05	0.028679186735995895	2.2631497584541065	31	REP.A022	A375	24H	P16	saxagliptin	0.37uM	up
XPR018_HT29.311_96H_N20_KBTBD2 down	0a3b5b73-6b67-4b54-9943-69bec3bb8e90	250	1.495661795858065e-05	0.028679186735995895	2.2631497584541065	31	XPR018	HT29.311	96H	N20	KBTBD2	N/A	down
ASG002_CAL29_24H_C16_NVP-BEZ235_10uM down	912f28d2-4170-4a62-b7c2-4ddf4569e14a	250	1.495661795858065e-05	0.028679186735995895	2.2631497584541065	31	ASG002	CAL29	24H	C16	NVP-BEZ235	10uM	down
ASG003_XC.P931_24H_L12_AZD-8055_0.12uM down	8552bec9-d0bd-4126-acc1-e6e68c75cb1f	250	1.495661795858065e-05	0.028679186735995895	2.2631497584541065	31	ASG003	XC.P931	24H	L12	AZD-8055	0.12uM	down
CPC004_HA1E_24H_B06_brazilin_10uM up	6b7db173-e3b1-4ffe-9ce3-56a2ad1f7bba	250	1.495661795858065e-05	0.028679186735995895	2.2631497584541065	31	CPC004	HA1E	24H	B06	brazilin	10uM	up
CPC007_HA1E_24H_O24_BRD-K84203638_10uM down	541d8472-e56d-40db-b461-21d498a52418	250	1.495661795858065e-05	0.028679186735995895	2.2631497584541065	31	CPC007	HA1E	24H	O24	BRD-K84203638	10uM	down
CPC016_HT29_6H_P01_LY-255283_10uM up	a4717642-b040-4cb8-b985-4f207b77906d	250	1.495661795858065e-05	0.028679186735995895	2.2631497584541065	31	CPC016	HT29	6H	P01	LY-255283	10uM	up
AICHI001_SKMEL5_24H_K10_mitoxantrone_0.125uM down	34876fc4-a0d0-45f2-a85c-b8cc7823331b	250	1.495661795858065e-05	0.028679186735995895	2.2631497584541065	31	AICHI001	SKMEL5	24H	K10	mitoxantrone	0.125uM	down
PBIOA006_XC.R10_24H_M13_panobinostat_10uM up	d773f705-2826-4cd5-b70b-d86b8deb2380	250	1.495661795858065e-05	0.028679186735995895	2.2631497584541065	31	PBIOA006	XC.R10	24H	M13	panobinostat	10uM	up
PBIOA017_A549_24H_E22_BRD-K78472431_0.37uM up	978b7758-2ff6-469b-9d47-23ce78be073f	250	1.495661795858065e-05	0.028679186735995895	2.2631497584541065	31	PBIOA017	A549	24H	E22	BRD-K78472431	0.37uM	up
REP.B019_A375_24H_D08_clofibrate_0.74uM down	1844fac2-3195-4e59-9741-defb03cc809f	250	1.495661795858065e-05	0.028679186735995895	2.2631497584541065	31	REP.B019	A375	24H	D08	clofibrate	0.74uM	down
REP.B022_HA1E_24H_A07_aclidinium_2.22uM up	caa6c122-13e7-4d3e-866e-fbcc47cd70fe	250	1.495661795858065e-05	0.028679186735995895	2.2631497584541065	31	REP.B022	HA1E	24H	A07	aclidinium	2.22uM	up
PAC048_U2OS_6H_L01_BRD-K92897514_10uM down	a7164ca5-a45e-4e0e-9c85-026cc22435f3	250	1.495661795858065e-05	0.028679186735995895	2.2631497584541065	31	PAC048	U2OS	6H	L01	BRD-K92897514	10uM	down
CPC010_PC3_24H_O04_BRD-K88511582_10uM down	ea778df3-8e8e-4597-9d25-676271678714	250	1.495661795858065e-05	0.028679186735995895	2.2631497584541065	31	CPC010	PC3	24H	O04	BRD-K88511582	10uM	down
DOS034_A375_24H_L19_BRD-K24776959_4uM down	1cf3c572-3769-4e61-b3fb-2456f63b8ed8	250	1.495661795858065e-05	0.028679186735995895	2.2631497584541065	31	DOS034	A375	24H	L19	BRD-K24776959	4uM	down
FIBR006_MCLF033SZ_6H_B20_VER-155008_4uM up	0444225c-6c5a-4699-82a9-377ecdeb6931	250	1.495661795858065e-05	0.028679186735995895	2.2631497584541065	31	FIBR006	MCLF033SZ	6H	B20	VER-155008	4uM	up
CPC013_HT29_6H_O12_dasatinib_10uM up	683b2846-752e-44d7-bfcb-6a33f46e5028	250	1.495661795858065e-05	0.028679186735995895	2.2631497584541065	31	CPC013	HT29	6H	O12	dasatinib	10uM	up
DOS057_A549_24H_A18_BRD-K00409771_4uM down	39fd7a0a-c203-42c2-81c6-208c3ed44b84	250	1.495661795858065e-05	0.028679186735995895	2.2631497584541065	31	DOS057	A549	24H	A18	BRD-K00409771	4uM	down
HOG001_A549_24H_N14_vorinostat_10uM up	f9154013-7270-4993-9518-43121a7f5080	250	1.495661795858065e-05	0.028679186735995895	2.2631497584541065	31	HOG001	A549	24H	N14	vorinostat	10uM	up
MOA001_U2OS_24H_F13_I-585855_1.11uM up	3172afb2-8697-4339-be49-a6198de764cb	250	1.495661795858065e-05	0.028679186735995895	2.2631497584541065	31	MOA001	U2OS	24H	F13	I-585855	1.11uM	up
PAC019_U2OS_6H_H06_BRD-K69837023_10uM down	59182c36-3022-411c-83d0-981097cfec63	250	1.495661795858065e-05	0.028679186735995895	2.2631497584541065	31	PAC019	U2OS	6H	H06	BRD-K69837023	10uM	down
MOAR010_HEC1A_24H_B09_neostigmine_1.11uM down	edb03271-68f8-4c3a-a058-19fb2b6bdbc8	250	1.495661795858065e-05	0.028679186735995895	2.2631497584541065	31	MOAR010	HEC1A	24H	B09	neostigmine	1.11uM	down
LJP008_SKL_24H_K07_GSK-1059615_10uM down	d460fba8-08e9-4152-b253-36dab567726b	250	1.495661795858065e-05	0.028679186735995895	2.2631497584541065	31	LJP008	SKL	24H	K07	GSK-1059615	10uM	down
PAC044_U2OS_6H_D02_BRD-K01316590_10uM down	86751688-c91e-43f0-89e0-19ca7e45723b	250	1.495661795858065e-05	0.028679186735995895	2.2631497584541065	31	PAC044	U2OS	6H	D02	BRD-K01316590	10uM	down
PBIOA013_HA1E_24H_C03_BRD-K20016490_1.11uM up	e53a23ad-1c1c-4ee4-a914-31dea79b0b4b	250	1.495661795858065e-05	0.028679186735995895	2.2631497584541065	31	PBIOA013	HA1E	24H	C03	BRD-K20016490	1.11uM	up
REP.A011_JURKAT_24H_G18_bortezomib_20uM up	eeec68eb-cb81-43a1-90f0-9abc6e972fda	250	1.495661795858065e-05	0.028679186735995895	2.2631497584541065	31	REP.A011	JURKAT	24H	G18	bortezomib	20uM	up
REP.A019_YAPC_24H_L14_dasatinib_3.33uM down	2d3d7408-b2d1-4463-85f2-647d10e229f2	250	1.495661795858065e-05	0.028679186735995895	2.2631497584541065	31	REP.A019	YAPC	24H	L14	dasatinib	3.33uM	down
PAC021_U2OS_6H_C17_BRD-K01467488_10uM down	f850e872-4370-4d80-9715-fd805b0bbce6	250	1.495661795858065e-05	0.028679186735995895	2.2631497584541065	31	PAC021	U2OS	6H	C17	BRD-K01467488	10uM	down
REP.B011_YAPC_24H_N08_PF-04691502_0.74uM down	bf1323ff-59a4-4e7c-9224-6c3000b09725	250	1.495661795858065e-05	0.028679186735995895	2.2631497584541065	31	REP.B011	YAPC	24H	N08	PF-04691502	0.74uM	down
AML001_U937_6H_K22_iloprost_3.33uM up	c1094f8b-5cb6-42ab-b28b-c9d8cc24923d	250	1.495661795858065e-05	0.028679186735995895	2.2631497584541065	31	AML001	U937	6H	K22	iloprost	3.33uM	up
PAC025_U2OS_6H_C09_BRD-K32223081_10uM down	91607178-6d11-4d06-9d4f-2e221202890f	250	1.495661795858065e-05	0.028679186735995895	2.2631497584541065	31	PAC025	U2OS	6H	C09	BRD-K32223081	10uM	down
PAC003_U2OS_6H_J21_radicicol_20uM up	cb53a34e-0a07-4fa2-9950-56da504e3c92	250	1.495661795858065e-05	0.028679186735995895	2.2631497584541065	31	PAC003	U2OS	6H	J21	radicicol	20uM	up
MOA001_U2OS_24H_N12_BRD-M07851152_0.37uM down	d8ea220b-24b2-4ecd-90e3-1bcc25c073ca	250	1.495661795858065e-05	0.028679186735995895	2.2631497584541065	31	MOA001	U2OS	24H	N12	BRD-M07851152	0.37uM	down
PBIOA004_XC.R10_24H_C16_GSK-1059615_10uM down	2b1bf36e-15e0-41d3-93f5-34e88913cc8c	250	1.495661795858065e-05	0.028679186735995895	2.2631497584541065	31	PBIOA004	XC.R10	24H	C16	GSK-1059615	10uM	down
POL001_JURKAT_24H_A09_torin-1_1.11uM up	d092688e-ae81-4a51-9fea-bb144cac5835	250	1.495661795858065e-05	0.028679186735995895	2.2631497584541065	31	POL001	JURKAT	24H	A09	torin-1	1.11uM	up
CPD002_MCF7_24H_G11_cyclosporin-a_10uM down	e5f6d841-d95d-49e5-a4ed-d4420839c77f	250	1.495661795858065e-05	0.028679186735995895	2.2631497584541065	31	CPD002	MCF7	24H	G11	cyclosporin-a	10uM	down
FIBR030_MCLF040SZ_6H_M01_7b-cis_4uM down	720eff3a-818b-4069-bbf1-7ad112153295	250	1.495661795858065e-05	0.028679186735995895	2.2631497584541065	31	FIBR030	MCLF040SZ	6H	M01	7b-cis	4uM	down
REP.A015_MCF7_24H_F17_dabigatran-etexilate_0.125uM down	108173c9-373c-427e-bb7a-ffaaea3f137b	250	1.495661795858065e-05	0.028679186735995895	2.2631497584541065	31	REP.A015	MCF7	24H	F17	dabigatran-etexilate	0.125uM	down
XPR032_AGS.311_96H_I21_DPP8 up	ef43fa30-a9b6-4e83-9ea0-cd37d3a8ac46	250	1.495661795858065e-05	0.028679186735995895	2.2631497584541065	31	XPR032	AGS.311	96H	I21	DPP8	N/A	up
ASG002_BICR6_24H_J19_AZ-628_10uM down	be165819-ed78-4153-ae6a-34b694418f94	250	1.495661795858065e-05	0.028679186735995895	2.2631497584541065	31	ASG002	BICR6	24H	J19	AZ-628	10uM	down
ASG003_XC.P906_24H_P09_taselisib_0.12uM down	2f9636b3-c6d2-4375-8e97-1154abf8e3be	250	1.495661795858065e-05	0.028679186735995895	2.2631497584541065	31	ASG003	XC.P906	24H	P09	taselisib	0.12uM	down
CPC002_VCAP_6H_O18_roscovitine_10uM up	51c0b3fc-4fa1-4f4c-8e93-d7856e10cd25	250	1.495661795858065e-05	0.028679186735995895	2.2631497584541065	31	CPC002	VCAP	6H	O18	roscovitine	10uM	up
FIBR036_MCLF137CN_6H_H06_tianeptine_4uM up	f6a60070-6f2d-4a8a-97a5-c894a3ade543	250	1.495661795858065e-05	0.028679186735995895	2.2631497584541065	31	FIBR036	MCLF137CN	6H	H06	tianeptine	4uM	up
HOG002_A549_6H_C03_BMS-536924_12uM down	2919b4d2-10e3-41b8-bf58-9500c0073013	250	1.495661795858065e-05	0.028679186735995895	2.2631497584541065	31	HOG002	A549	6H	C03	BMS-536924	12uM	down
ERG014_PC3_24H_M22_BRD-K17712926_10uM up	1cc7fb85-56fe-4ae9-965f-676fb38fdd64	250	1.495661795858065e-05	0.028679186735995895	2.2631497584541065	31	ERG014	PC3	24H	M22	BRD-K17712926	10uM	up
LJP009_SHSY5Y_24H_B04_mitoxantrone_10uM down	7c666cc8-8afb-4e98-b06e-e9d3717df92b	250	1.495661795858065e-05	0.028679186735995895	2.2631497584541065	31	LJP009	SHSY5Y	24H	B04	mitoxantrone	10uM	down
FIBR020_MCLF135CN_6H_D19_CT-200783_2.22uM up	db5c037a-24ae-46cb-822d-630271f71c68	250	1.495661795858065e-05	0.028679186735995895	2.2631497584541065	31	FIBR020	MCLF135CN	6H	D19	CT-200783	2.22uM	up
ISO002_MCF10A.KRAS.HG_24H_I05_BU-224_0.125uM up	474cc92f-0c97-440b-87f6-6c99b32e2633	250	1.495661795858065e-05	0.028679186735995895	2.2631497584541065	31	ISO002	MCF10A.KRAS.HG	24H	I05	BU-224	0.125uM	up
CPC004_VCAP_24H_L20_estropipate_10uM down	5e2c7235-6c1d-437f-b1ed-e21ae5339143	250	1.495661795858065e-05	0.028679186735995895	2.2631497584541065	31	CPC004	VCAP	24H	L20	estropipate	10uM	down
PAC019_U2OS_6H_G01_BRD-K51538472_10uM down	7c2ce344-282a-4523-89a6-36aba02cf7b1	250	1.495661795858065e-05	0.028679186735995895	2.2631497584541065	31	PAC019	U2OS	6H	G01	BRD-K51538472	10uM	down
CRCGN017_MCF10A.TP53.M_24H_H10_tetracycline_100uM up	5eab1e1f-1485-4e13-925a-9618a4a24c75	250	1.495661795858065e-05	0.028679186735995895	2.2631497584541065	31	CRCGN017	MCF10A.TP53.M	24H	H10	tetracycline	100uM	up
CPC006_DV90_6H_J24_pyrvinium-pamoate_10uM down	3396f188-5d22-4169-8333-84ac1917e2be	250	1.495661795858065e-05	0.028679186735995895	2.2631497584541065	31	CPC006	DV90	6H	J24	pyrvinium-pamoate	10uM	down
PBIOA020_HEPG2_24H_O01_vorinostat_10uM up	82f1aa86-a9fe-4512-a31c-33f26503f9df	250	1.495661795858065e-05	0.028679186735995895	2.2631497584541065	31	PBIOA020	HEPG2	24H	O01	vorinostat	10uM	up
FIBR027_MCLF130CN_6H_H16_IWP-2_4uM up	cd9e2a61-a334-46aa-b45e-233ef4b02e13	250	1.495661795858065e-05	0.028679186735995895	2.2631497584541065	31	FIBR027	MCLF130CN	6H	H16	IWP-2	4uM	up
REP.A010_JURKAT_24H_L10_tasquinimod_0.37uM up	70493e22-6b77-467a-a23c-9cbf1f91b0d9	250	1.495661795858065e-05	0.028679186735995895	2.2631497584541065	31	REP.A010	JURKAT	24H	L10	tasquinimod	0.37uM	up
MOAR012_HEC265_24H_D08_terutroban_3.33uM up	52feb5fd-7ae3-4c01-a4f6-c683f03b2d34	250	1.495661795858065e-05	0.028679186735995895	2.2631497584541065	31	MOAR012	HEC265	24H	D08	terutroban	3.33uM	up
ERG020_VCAP_24H_P18_BRD-K07275921_10uM up	582643a3-67a0-4f49-a321-aa93fbe5f7ac	250	1.495661795858065e-05	0.028679186735995895	2.2631497584541065	31	ERG020	VCAP	24H	P18	BRD-K07275921	10uM	up
MUC.CP002_NKDBA_24H_I01_SA-1922659_10uM down	d376a248-09f7-44d5-9575-95eb84e11af6	250	1.495661795858065e-05	0.028679186735995895	2.2631497584541065	31	MUC.CP002	NKDBA	24H	I01	SA-1922659	10uM	down
FIBR037_MCLF035SZ_6H_H15_SKI-II_4uM down	76a2d6bd-1126-47b5-aa9f-03cd6636e6a1	250	1.495661795858065e-05	0.028679186735995895	2.2631497584541065	31	FIBR037	MCLF035SZ	6H	H15	SKI-II	4uM	down
LJP007_JURKAT_24H_L10_MLN-0128_0.37uM down	a37d3569-4ff4-414e-9e76-fa4006480cac	250	1.495661795858065e-05	0.028679186735995895	2.2631497584541065	31	LJP007	JURKAT	24H	L10	MLN-0128	0.37uM	down
PAC019_U2OS_6H_E05_BRD-K01373529_10uM down	e759347f-abd6-4966-8886-f80b0b4af916	250	1.495661795858065e-05	0.028679186735995895	2.2631497584541065	31	PAC019	U2OS	6H	E05	BRD-K01373529	10uM	down
XPR010_AGS.311_96H_M05_SLC29A1 up	527547c7-c6d3-4827-a36d-950202467d8d	250	1.495661795858065e-05	0.028679186735995895	2.2631497584541065	31	XPR010	AGS.311	96H	M05	SLC29A1	N/A	up
PAC051_U2OS_6H_B13_tanespimycin_20uM up	2432b4ab-6083-4f5a-ab65-b957a88de57a	250	1.495661795858065e-05	0.028679186735995895	2.2631497584541065	31	PAC051	U2OS	6H	B13	tanespimycin	20uM	up
CPC011_MCF7_6H_J14_5-FP_10uM up	0a813234-eeed-4f7f-918f-896dcf927c97	250	1.495661795858065e-05	0.028679186735995895	2.2631497584541065	31	CPC011	MCF7	6H	J14	5-FP	10uM	up
REP.A010_MCF7_24H_J19_guanadrel_10uM up	d70e7962-144c-4284-9beb-ea4af21ae377	250	1.495661795858065e-05	0.028679186735995895	2.2631497584541065	31	REP.A010	MCF7	24H	J19	guanadrel	10uM	up
XPR034_BICR6.311_96H_P09_NAGK down	34d59ede-0ab3-4bf2-971c-b6b822061751	250	1.495661795858065e-05	0.028679186735995895	2.2631497584541065	31	XPR034	BICR6.311	96H	P09	NAGK	N/A	down
AICHI002_SKMEL5_24H_F20_NVP-BEZ235_2.5uM down	f3196be7-62aa-4c19-84c5-5f1cc485fe3b	250	1.495661795858065e-05	0.028679186735995895	2.2631497584541065	31	AICHI002	SKMEL5	24H	F20	NVP-BEZ235	2.5uM	down
ERG015_VCAP_24H_G02_BRD-K64693729_10uM down	bec0d443-52ed-4490-b718-a9f05c27a78e	250	1.495661795858065e-05	0.028679186735995895	2.2631497584541065	31	ERG015	VCAP	24H	G02	BRD-K64693729	10uM	down
FIBR036_MCLF137CN_6H_K22_MST-312_0.04uM up	48d70483-d40d-4bcd-af2f-421913ca9a9c	250	1.495661795858065e-05	0.028679186735995895	2.2631497584541065	31	FIBR036	MCLF137CN	6H	K22	MST-312	0.04uM	up
REP.A001_HELA_24H_I02_PKI-179_3.33uM down	3538939f-bdc4-4b55-ae34-4a6949fc9e0b	250	1.495661795858065e-05	0.028679186735995895	2.2631497584541065	31	REP.A001	HELA	24H	I02	PKI-179	3.33uM	down
MOA001_U2OS_24H_K19_BRD-K14929173_10uM up	8b9ee283-e885-466c-b5d3-3ebdb024c46f	250	1.495661795858065e-05	0.028679186735995895	2.2631497584541065	31	MOA001	U2OS	24H	K19	BRD-K14929173	10uM	up
XPR038_SNU761.311_96H_C19_UBC down	a70e36b2-aa6e-43f6-87ac-f8128c4df6b3	250	1.495661795858065e-05	0.028679186735995895	2.2631497584541065	31	XPR038	SNU761.311	96H	C19	UBC	N/A	down
PAC022_U2OS_6H_F13_BRD-K60321290_10uM up	6f6a08ac-a71e-4f48-90c6-ceef2b611a5e	250	1.495661795858065e-05	0.028679186735995895	2.2631497584541065	31	PAC022	U2OS	6H	F13	BRD-K60321290	10uM	up
PAC015_U2OS_6H_G02_BRD-K66707905_10uM down	2edf492b-5c68-4a36-97ae-1c38ebb479c4	250	1.495661795858065e-05	0.028679186735995895	2.2631497584541065	31	PAC015	U2OS	6H	G02	BRD-K66707905	10uM	down
PAC019_U2OS_6H_I02_BRD-K10081616_10uM up	f217311a-eedd-457d-a69d-16878f771030	250	1.495661795858065e-05	0.028679186735995895	2.2631497584541065	31	PAC019	U2OS	6H	I02	BRD-K10081616	10uM	up
XPR022_U251MG.311_96H_P14_RFXANK down	cebe39a8-f52e-4371-a395-b3dc8fb8e82c	250	1.495661795858065e-05	0.028679186735995895	2.2631497584541065	31	XPR022	U251MG.311	96H	P14	RFXANK	N/A	down
REP.A010_HELA_24H_N01_dofequidar_10uM down	5157fc07-43e8-4d55-bdf2-5e8239362afd	250	1.495661795858065e-05	0.028679186735995895	2.2631497584541065	31	REP.A010	HELA	24H	N01	dofequidar	10uM	down
XPR044_KELLY.311_96H_B14_PLSCR1 up	45138394-7a24-4f3c-a7a9-91f0f9f882ac	250	1.495661795858065e-05	0.028679186735995895	2.2631497584541065	31	XPR044	KELLY.311	96H	B14	PLSCR1	N/A	up
XPR010_AGS.311_96H_E17_PDE4C up	bf96a5b6-dcfc-4ca3-bb42-e7ddf9959421	250	1.495661795858065e-05	0.028679186735995895	2.2631497584541065	31	XPR010	AGS.311	96H	E17	PDE4C	N/A	up
REP.A024_MCF10A_24H_J02_nimesulide_3.33uM up	c94d8a28-83cc-4b8d-af06-5717e14126d0	250	1.495661795858065e-05	0.028679186735995895	2.2631497584541065	31	REP.A024	MCF10A	24H	J02	nimesulide	3.33uM	up
REP.B010_PC3_24H_P07_fluocinolone-acetonide_2.22uM up	6c17ea49-98fb-4836-b849-7a6584164d83	250	1.495661795858065e-05	0.028679186735995895	2.2631497584541065	31	REP.B010	PC3	24H	P07	fluocinolone-acetonide	2.22uM	up
CEGS001_NPC.215_24H_A24_BRD-K01543453_1.67uM down	bfe9683e-beac-4f06-a558-405701be7688	250	1.495661795858065e-05	0.028679186735995895	2.2631497584541065	31	CEGS001	NPC.215	24H	A24	BRD-K01543453	1.67uM	down
CPD002_PC3_24H_N18_benzethonium_10uM down	79ee6f70-e293-4bff-88db-18c5760b72c3	250	1.495661795858065e-05	0.028679186735995895	2.2631497584541065	31	CPD002	PC3	24H	N18	benzethonium	10uM	down
EMU001_MINO_24H_O24_PRT-062070_0.01uM up	004f4076-5363-47fa-9e29-a9b5bfdd4741	250	1.495661795858065e-05	0.028679186735995895	2.2631497584541065	31	EMU001	MINO	24H	O24	PRT-062070	0.01uM	up
AICHI002_TMD8_24H_E20_BRD-K28372487_2.5uM down	9f195b3c-7af1-4b5e-bece-25d6154e2fd7	250	1.495661795858065e-05	0.028679186735995895	2.2631497584541065	31	AICHI002	TMD8	24H	E20	BRD-K28372487	2.5uM	down
ASG003_XC.P933_24H_F13_PI-103_10uM down	c2472251-1b57-40f7-907c-75f60f34a5ce	250	1.495661795858065e-05	0.028679186735995895	2.2631497584541065	31	ASG003	XC.P933	24H	F13	PI-103	10uM	down
DOSBIO002_HT29_24H_D14_BRD-K19436903_10uM up	6f9e675a-1137-4c4b-9e6d-77ba223d425f	250	1.495661795858065e-05	0.028679186735995895	2.2631497584541065	31	DOSBIO002	HT29	24H	D14	BRD-K19436903	10uM	up
CRCGN005_A549_24H_K08_wortmannin_6.66uM down	e25cf4f9-8cbf-40a3-bbee-8a36ebac55b9	250	1.495661795858065e-05	0.028679186735995895	2.2631497584541065	31	CRCGN005	A549	24H	K08	wortmannin	6.66uM	down
DOS028_VCAP_6H_K03_BRD-K49299173_4uM down	ebf810bc-20d2-4818-aa1d-cc9e5ec7fc34	250	1.495661795858065e-05	0.028679186735995895	2.2631497584541065	31	DOS028	VCAP	6H	K03	BRD-K49299173	4uM	down
PAC037_U2OS_6H_P15_BRD-K60547079_10uM up	ffbccb7b-7850-4564-93d7-d388dd3a55c7	250	1.495661795858065e-05	0.028679186735995895	2.2631497584541065	31	PAC037	U2OS	6H	P15	BRD-K60547079	10uM	up
PAC069_U2OS_6H_J18_BRD-K37984227_20uM down	400788e1-6bac-4276-83aa-28190f383c14	250	1.495661795858065e-05	0.028679186735995895	2.2631497584541065	31	PAC069	U2OS	6H	J18	BRD-K37984227	20uM	down
PCL001_HEPG2_24H_P07_nutlin-3_10uM down	a908a86c-114e-4176-a6b0-c7aa070f6979	250	1.495661795858065e-05	0.028679186735995895	2.2631497584541065	31	PCL001	HEPG2	24H	P07	nutlin-3	10uM	down
REP.A007_HT29_24H_L01_amitriptyline_10uM up	8367cc8c-d4e4-4aaa-b7b3-eb91dc2cf913	250	1.495661795858065e-05	0.028679186735995895	2.2631497584541065	31	REP.A007	HT29	24H	L01	amitriptyline	10uM	up
ASG002_PC3_24H_B07_ABT-751_10uM down	dcdfe241-be5c-4c3a-94f5-f932bfc78a1b	250	1.495661795858065e-05	0.028679186735995895	2.2631497584541065	31	ASG002	PC3	24H	B07	ABT-751	10uM	down
ASG003_A549_6H_H07_vemurafenib_10uM up	355d58fd-934d-494f-b736-207e09b57080	250	1.495661795858065e-05	0.028679186735995895	2.2631497584541065	31	ASG003	A549	6H	H07	vemurafenib	10uM	up
FIBR021_MCLF037SZ_6H_B18_PP-30_4uM down	38cb4e14-d0d2-4bcc-bac5-3799be45f8c8	250	1.495661795858065e-05	0.028679186735995895	2.2631497584541065	31	FIBR021	MCLF037SZ	6H	B18	PP-30	4uM	down
CPC006_A375_6H_E19_BRD-A18763547_10uM down	4fc9052e-3c95-494d-b251-53d1b21f2431	250	1.495661795858065e-05	0.028679186735995895	2.2631497584541065	31	CPC006	A375	6H	E19	BRD-A18763547	10uM	down
DOS034_A549_24H_K22_BRD-K49923618_4uM down	b84decdd-9111-4c36-8cd8-239ad67f569c	250	1.495661795858065e-05	0.028679186735995895	2.2631497584541065	31	DOS034	A549	24H	K22	BRD-K49923618	4uM	down
LJP007_HELA_24H_K09_GSK-1059615_1.11uM down	37d455b1-632d-45a6-8563-02ad415aa61d	250	1.495661795858065e-05	0.028679186735995895	2.2631497584541065	31	LJP007	HELA	24H	K09	GSK-1059615	1.11uM	down
MOAR018_HAP1.BRD4_24H_D01_bisindolylmaleimide-ix_3.33uM down	750e727c-738d-4311-94dd-bbe2ed5941e3	250	1.495661795858065e-05	0.028679186735995895	2.2631497584541065	31	MOAR018	HAP1.BRD4	24H	D01	bisindolylmaleimide-ix	3.33uM	down
FIBR036_MCLF137CN_6H_N21_BRD-A85739295_0.37uM up	d186b04b-4c9a-47cc-9527-976a111e3acb	250	1.495661795858065e-05	0.028679186735995895	2.2631497584541065	31	FIBR036	MCLF137CN	6H	N21	BRD-A85739295	0.37uM	up
PCL001_MCF7_24H_A17_RVX-208_0.12uM down	adc7666a-23f8-4c51-a91d-034cabf8d517	250	1.495661795858065e-05	0.028679186735995895	2.2631497584541065	31	PCL001	MCF7	24H	A17	RVX-208	0.12uM	down
EMU001_SKMEL5_24H_B13_SB-2343_10uM down	5a0649d1-43d1-4887-925c-457d805763aa	250	1.495661795858065e-05	0.028679186735995895	2.2631497584541065	31	EMU001	SKMEL5	24H	B13	SB-2343	10uM	down
PAC044_U2OS_6H_J10_BRD-K04831789_10uM down	364d0d23-6785-4bbe-8b9a-f0868ad676e9	250	1.495661795858065e-05	0.028679186735995895	2.2631497584541065	31	PAC044	U2OS	6H	J10	BRD-K04831789	10uM	down
XPR025_U251MG.311_96H_H10_TKFC up	d706dd1d-c11c-420e-9416-1827be6e2ec0	250	1.495661795858065e-05	0.028679186735995895	2.2631497584541065	31	XPR025	U251MG.311	96H	H10	TKFC	N/A	up
REP.A005_A375_24H_H19_levofloxacin_10uM up	00b2b30a-55a2-461c-94e2-2e0c5644216f	250	1.495661795858065e-05	0.028679186735995895	2.2631497584541065	31	REP.A005	A375	24H	H19	levofloxacin	10uM	up
AICHI001_K562_24H_C10_TAK-715_0.125uM up	4a03b279-63c9-47ab-b08d-511b25ffd0a4	250	1.495661795858065e-05	0.028679186735995895	2.2631497584541065	31	AICHI001	K562	24H	C10	TAK-715	0.125uM	up
FIBR042_MCLF0067SZ_6H_F11_LFM-A13_4uM down	88071390-53d8-4454-9455-69a721ff7a83	250	1.495661795858065e-05	0.028679186735995895	2.2631497584541065	31	FIBR042	MCLF0067SZ	6H	F11	LFM-A13	4uM	down
CEGS001_NPC.179_24H_A23_BRD-K01543453_3.33uM down	bc3f47e7-6849-46a5-8798-c78116ff7b79	250	1.495661795858065e-05	0.028679186735995895	2.2631497584541065	31	CEGS001	NPC.179	24H	A23	BRD-K01543453	3.33uM	down
CPC012_HA1E_6H_F02_BRD-K05562558_10uM up	924d5671-a8e0-420e-a324-716cee09a6c3	250	1.495661795858065e-05	0.028679186735995895	2.2631497584541065	31	CPC012	HA1E	6H	F02	BRD-K05562558	10uM	up
REP.A001_HA1E_24H_G08_ASA-404_3.33uM up	23913b2f-520a-4a8f-a620-befb7a549e65	250	1.495661795858065e-05	0.028679186735995895	2.2631497584541065	31	REP.A001	HA1E	24H	G08	ASA-404	3.33uM	up
MOAR010_MELHO_24H_A14_RITA_3.33uM up	4250ffb4-2000-4231-96b6-a8727abff5eb	250	1.495661795858065e-05	0.028679186735995895	2.2631497584541065	31	MOAR010	MELHO	24H	A14	RITA	3.33uM	up
DOS047_A375_24H_F19_BRD-K28883735_4uM down	a39221ff-029e-4edd-93e5-6dd3aafc10b0	250	1.495661795858065e-05	0.028679186735995895	2.2631497584541065	31	DOS047	A375	24H	F19	BRD-K28883735	4uM	down
REP.A010_JURKAT_24H_H13_rimonabant_10uM up	720a5d5c-9a68-4107-8f26-a3b2fda64267	250	1.495661795858065e-05	0.028679186735995895	2.2631497584541065	31	REP.A010	JURKAT	24H	H13	rimonabant	10uM	up
REP.A023_A375_24H_B16_phenylbutyrate_0.37uM down	07ced855-c162-4afc-82ed-d08d44d5cda9	250	1.495661795858065e-05	0.028679186735995895	2.2631497584541065	31	REP.A023	A375	24H	B16	phenylbutyrate	0.37uM	down
REP.A015_PC3_24H_C07_voxtalisib_10uM down	d6d35124-4f5a-45a8-9717-6bc8f389af86	250	1.495661795858065e-05	0.028679186735995895	2.2631497584541065	31	REP.A015	PC3	24H	C07	voxtalisib	10uM	down
REP.A025_A375_24H_J20_tioguanine_3.33uM up	6e7453c5-4d34-41f0-a3f6-617ea7529285	250	1.495661795858065e-05	0.028679186735995895	2.2631497584541065	31	REP.A025	A375	24H	J20	tioguanine	3.33uM	up
ASG003_XC.P932_24H_A07_NVP-BEZ235_10uM up	845dc9f8-50d1-4cc8-9cef-bc331e84c985	250	1.495661795858065e-05	0.028679186735995895	2.2631497584541065	31	ASG003	XC.P932	24H	A07	NVP-BEZ235	10uM	up
XPR025_MCF7.311_96H_L10_TIRAP up	8003f57e-19e3-4a3e-b1f8-c289dc166443	250	1.495661795858065e-05	0.028679186735995895	2.2631497584541065	31	XPR025	MCF7.311	96H	L10	TIRAP	N/A	up
PCLB003_HEPG2_24H_I10_BRD-K19826688_0.37uM up	50557f97-3057-4f4e-8800-9c8d10574c2d	250	1.495661795858065e-05	0.028679186735995895	2.2631497584541065	31	PCLB003	HEPG2	24H	I10	BRD-K19826688	0.37uM	up
LJP009_JURKAT_24H_A03_vorinostat_10uM up	6ccd712b-e2fa-4da4-b75b-4ad4fce2f975	250	1.495661795858065e-05	0.028679186735995895	2.2631497584541065	31	LJP009	JURKAT	24H	A03	vorinostat	10uM	up
REP.A019_PC3_24H_A07_taselisib_10uM down	5a3e3fc4-3ee9-4830-9dfe-b02ec0a030be	250	1.495661795858065e-05	0.028679186735995895	2.2631497584541065	31	REP.A019	PC3	24H	A07	taselisib	10uM	down
ABY001_NCIH508_XH_N02_HMN-214_0.66uM down	98c45b7b-e10c-4298-bdbf-1959cd65fe34	250	1.495661795858065e-05	0.028679186735995895	2.2631497584541065	31	ABY001	NCIH508	XH	N02	HMN-214	0.66uM	down
CPC012_VCAP_24H_D05_K784-3187_10uM down	fb450ced-995a-48c7-9d8e-74dfb3283a41	250	1.495661795858065e-05	0.028679186735995895	2.2631497584541065	31	CPC012	VCAP	24H	D05	K784-3187	10uM	down
REP.B006_PC3_24H_H22_riluzole_0.08uM up	81d85c0e-177f-409d-b904-1ad62d715ccd	250	1.495661795858065e-05	0.028679186735995895	2.2631497584541065	31	REP.B006	PC3	24H	H22	riluzole	0.08uM	up
REP.A015_HEK293_24H_L01_MLN-0128_10uM down	461a31fc-cf93-4e8e-8c51-440a9755c79a	250	1.495661795858065e-05	0.028679186735995895	2.2631497584541065	31	REP.A015	HEK293	24H	L01	MLN-0128	10uM	down
XPR029_AGS.311_96H_P24_TUBA1B up	b3089c72-ec99-49af-b320-3c58bf83ce3b	250	1.495661795858065e-05	0.028679186735995895	2.2631497584541065	31	XPR029	AGS.311	96H	P24	TUBA1B	N/A	up
MUC.CP008_P1A82_24H_K21_BRD-K58353976_1.11uM down	7ac680c4-2d9b-4481-9b18-3bf41fe4f35c	250	1.495661795858065e-05	0.028679186735995895	2.2631497584541065	31	MUC.CP008	P1A82	24H	K21	BRD-K58353976	1.11uM	down
CPC006_HCC515_6H_A06_temozolomide_10uM down	c5277e32-b91c-4b4d-a168-72a5effdcfcb	250	1.495661795858065e-05	0.028679186735995895	2.2631497584541065	31	CPC006	HCC515	6H	A06	temozolomide	10uM	down
PAC002_U2OS_6H_P14_MG-132_10uM up	3b386c53-0027-4fb1-8a5a-f3b684d441dd	250	1.495661795858065e-05	0.028679186735995895	2.2631497584541065	31	PAC002	U2OS	6H	P14	MG-132	10uM	up
REP.A006_HT29_24H_N21_GDC-0980_1.11uM down	810b25dc-a469-46a1-80c2-2d18b8d7bd49	250	1.495661795858065e-05	0.028679186735995895	2.2631497584541065	31	REP.A006	HT29	24H	N21	GDC-0980	1.11uM	down
PAC051_U2OS_6H_O19_BRD-K93410778_10uM up	4f1389fd-0c35-4846-80ad-cb930962ea55	250	1.495661795858065e-05	0.028679186735995895	2.2631497584541065	31	PAC051	U2OS	6H	O19	BRD-K93410778	10uM	up
PAC068_U2OS_6H_B19_BRD-K20355073_10uM up	40e5f89e-8fab-4ab0-a95f-d39384c1e8e2	250	1.495661795858065e-05	0.028679186735995895	2.2631497584541065	31	PAC068	U2OS	6H	B19	BRD-K20355073	10uM	up
MOAR010_OVTOKO_24H_D01_GDC-0349_10uM up	840c90ce-3223-4487-acbf-4ba3bd2447b1	250	1.495661795858065e-05	0.028679186735995895	2.2631497584541065	31	MOAR010	OVTOKO	24H	D01	GDC-0349	10uM	up
REP.A024_HEK293_24H_C15_BRD-K74305673_1.11uM up	542ac63d-baaf-46da-8d86-27142295bb73	250	1.495661795858065e-05	0.028679186735995895	2.2631497584541065	31	REP.A024	HEK293	24H	C15	BRD-K74305673	1.11uM	up
RAD001_HCC515_6H_L16_bortezomib_1.11uM up	8b9f01fb-b424-4e64-a19b-c56cd5883309	250	1.495661795858065e-05	0.028679186735995895	2.2631497584541065	31	RAD001	HCC515	6H	L16	bortezomib	1.11uM	up
PAC004_U2OS_6H_B15_cloxacillin_10uM down	c2c7558e-b236-4708-ade5-856e55218bf9	250	1.495661795858065e-05	0.028679186735995895	2.2631497584541065	31	PAC004	U2OS	6H	B15	cloxacillin	10uM	down
XPR008_MCF7.311_96H_O23_BIRC5 down	aa5e06b7-720c-4a34-9ba5-29b944bf881a	250	1.495661795858065e-05	0.028679186735995895	2.2631497584541065	31	XPR008	MCF7.311	96H	O23	BIRC5	N/A	down
GMB001_HT29_2H_D23_mitoxantrone_0.37uM down	2aa216ae-0e9e-46f4-9687-feaf1ce82e4d	250	1.495661795858065e-05	0.028679186735995895	2.2631497584541065	31	GMB001	HT29	2H	D23	mitoxantrone	0.37uM	down
XPR018_PC3.311B_96H_B17_INHBE down	154b4d10-47c1-48c2-a78d-011f7d6503a3	250	1.495661795858065e-05	0.028679186735995895	2.2631497584541065	31	XPR018	PC3.311B	96H	B17	INHBE	N/A	down
REP.A007_HT29_24H_N13_10-DEBC_10uM up	10a87af5-c142-4e46-964e-6521abd26fb6	250	1.495661795858065e-05	0.028679186735995895	2.2631497584541065	31	REP.A007	HT29	24H	N13	10-DEBC	10uM	up
CEGS001_NPC.179_24H_O03_AZD-8055_2.5uM down	4903f898-f2d0-493b-9c41-2c75a00b4ba2	250	1.495661795858065e-05	0.028679186735995895	2.2631497584541065	31	CEGS001	NPC.179	24H	O03	AZD-8055	2.5uM	down
XPR027_MCF7.311_96H_E17_UPB1 up	8386e7dd-818c-4514-a36d-1d572c3312d8	250	1.495661795858065e-05	0.028679186735995895	2.2631497584541065	31	XPR027	MCF7.311	96H	E17	UPB1	N/A	up
DOS011_VCAP_6H_E24_BRD-K41017712_4uM up	bcf65e1d-525d-4dd7-9f99-27f0a04b29b2	250	1.495661795858065e-05	0.028679186735995895	2.2631497584541065	31	DOS011	VCAP	6H	E24	BRD-K41017712	4uM	up
XPR044_A549.311_96H_P22_HOXA10 up	8f894e99-d68c-49ec-bcd7-dd295aa95a18	250	1.495661795858065e-05	0.028679186735995895	2.2631497584541065	31	XPR044	A549.311	96H	P22	HOXA10	N/A	up
FIBR003_MCLF027CN_6H_M24_cytosporone-b_4uM down	44d5ab43-7787-4f1c-9e28-d4bb8f3e6dd1	250	1.495661795858065e-05	0.028679186735995895	2.2631497584541065	31	FIBR003	MCLF027CN	6H	M24	cytosporone-b	4uM	down
LJP001_BT20_24H_M09_palbociclib_10uM down	74fdaa63-936d-43b0-805b-77f488d7dc6e	250	1.495661795858065e-05	0.028679186735995895	2.2631497584541065	31	LJP001	BT20	24H	M09	palbociclib	10uM	down
LJP009_NPC.TAK_24H_A03_vorinostat_10uM up	7af53589-0a43-4e30-9f19-916b72cac1de	250	1.495661795858065e-05	0.028679186735995895	2.2631497584541065	31	LJP009	NPC.TAK	24H	A03	vorinostat	10uM	up
PAC008_U2OS_6H_I17_BRD-K71941064_10uM down	cd1833f7-6861-4b69-b580-3f2df71f47cf	250	1.495661795858065e-05	0.028679186735995895	2.2631497584541065	31	PAC008	U2OS	6H	I17	BRD-K71941064	10uM	down
REP.A024_MCF10A_24H_E12_pralatrexate_0.04uM up	6f24ef0f-a9b7-470c-9287-01a2a36291d6	250	1.495661795858065e-05	0.028679186735995895	2.2631497584541065	31	REP.A024	MCF10A	24H	E12	pralatrexate	0.04uM	up
PAC019_U2OS_6H_C13_BRD-K16506419_10uM up	0e9b6fa5-1a30-4c49-ade4-0c95c92c03bc	250	1.495661795858065e-05	0.028679186735995895	2.2631497584541065	31	PAC019	U2OS	6H	C13	BRD-K16506419	10uM	up
ASG002_OC316_24H_M19_thioridazine_10uM down	09b7d433-9e3c-4270-8eac-90ae9cbdbe2d	250	1.495661795858065e-05	0.028679186735995895	2.2631497584541065	31	ASG002	OC316	24H	M19	thioridazine	10uM	down
REP.B001_HELA_24H_O18_timolol_0.01uM down	058b851f-cb29-4520-8f54-1bd2a3ac5a80	250	1.495661795858065e-05	0.028679186735995895	2.2631497584541065	31	REP.B001	HELA	24H	O18	timolol	0.01uM	down
CEGS001_NPC.177_24H_A16_modafinil_3.33uM down	d4fa6846-ed2a-4879-96ec-a0af7266a5d5	250	1.495661795858065e-05	0.028679186735995895	2.2631497584541065	31	CEGS001	NPC.177	24H	A16	modafinil	3.33uM	down
CPC007_HT29_24H_J07_BRD-K56477805_10uM down	d2c1e8cb-d7df-45a2-9f3a-0b2ab053f87c	250	1.495661795858065e-05	0.028679186735995895	2.2631497584541065	31	CPC007	HT29	24H	J07	BRD-K56477805	10uM	down
LJP009_NPC.TAK_24H_L08_RAF-265_3.33uM up	38f1d70f-e605-402c-b857-0704db609fc2	250	1.495661795858065e-05	0.028679186735995895	2.2631497584541065	31	LJP009	NPC.TAK	24H	L08	RAF-265	3.33uM	up
PAC016_U2OS_6H_C17_BRD-K43025624_10uM up	903b5f33-01b4-4ea6-9123-e08d3367851a	250	1.495661795858065e-05	0.028679186735995895	2.2631497584541065	31	PAC016	U2OS	6H	C17	BRD-K43025624	10uM	up
REP.B006_HT29_24H_G01_CEP-32496_2.22uM down	094cb48f-381f-4aea-8514-97b8ddee4ca9	250	1.495661795858065e-05	0.028679186735995895	2.2631497584541065	31	REP.B006	HT29	24H	G01	CEP-32496	2.22uM	down
REP.A015_MDAMB231_24H_L03_MLN-0128_1.11uM down	1578af8c-5022-49d1-a5bc-d361980352a3	250	1.495661795858065e-05	0.028679186735995895	2.2631497584541065	31	REP.A015	MDAMB231	24H	L03	MLN-0128	1.11uM	down
REP.B009_A549_24H_O08_rolipram_0.74uM up	120d7f65-dae7-4b25-9b17-a1d9e18c5609	250	1.495661795858065e-05	0.028679186735995895	2.2631497584541065	31	REP.B009	A549	24H	O08	rolipram	0.74uM	up
XPR008_HT29.311_96H_A05_BCL2 up	e29bc607-fc1e-47f9-82e2-cb2cf4f5b146	250	1.495661795858065e-05	0.028679186735995895	2.2631497584541065	31	XPR008	HT29.311	96H	A05	BCL2	N/A	up
PAC039_U2OS_6H_N19_BRD-K99581286_10uM up	e57cd5fd-c942-49fb-b043-7785c01a3e6e	250	1.495661795858065e-05	0.028679186735995895	2.2631497584541065	31	PAC039	U2OS	6H	N19	BRD-K99581286	10uM	up
XPR015_HT29.311_96H_K08_CUL2 up	32e80747-f97d-4bf1-8be6-2758de3ff534	250	1.495661795858065e-05	0.028679186735995895	2.2631497584541065	31	XPR015	HT29.311	96H	K08	CUL2	N/A	up
XPR025_MCF7.311_96H_L06_TFEC up	5d0fa305-4f60-4daa-baed-ba233c9f0d74	250	1.495661795858065e-05	0.028679186735995895	2.2631497584541065	31	XPR025	MCF7.311	96H	L06	TFEC	N/A	up
REP.B007_PC3_24H_P01_PI-103_2.22uM down	7c7b10ea-efb7-4e80-b406-c93d1d2ac57a	250	1.495661795858065e-05	0.028679186735995895	2.2631497584541065	31	REP.B007	PC3	24H	P01	PI-103	2.22uM	down
PAC022_U2OS_6H_E03_BRD-K99470298_10uM down	15e6dd4b-df64-4d89-a990-92c80e844f60	250	1.495661795858065e-05	0.028679186735995895	2.2631497584541065	31	PAC022	U2OS	6H	E03	BRD-K99470298	10uM	down
CPC006_A375_24H_O24_KO-143_40uM up	f27960ae-7749-4873-bd2e-b16b2aa6c56c	250	1.495661795858065e-05	0.028679186735995895	2.2631497584541065	31	CPC006	A375	24H	O24	KO-143	40uM	up
CPC015_NPC_24H_G20_bithionol_10uM up	f7b47bf5-0d3c-4dbb-90fe-33cbd1a7eda8	250	1.495661795858065e-05	0.028679186735995895	2.2631497584541065	31	CPC015	NPC	24H	G20	bithionol	10uM	up
LJP009_HME1_24H_A07_XMD-1499_10uM down	37e2113e-dedc-4e49-864d-b754f4c9af71	250	1.495661795858065e-05	0.028679186735995895	2.2631497584541065	31	LJP009	HME1	24H	A07	XMD-1499	10uM	down
MOAR002_A375_24H_C22_mercaptopurine_10uM up	6261d906-af44-4e8b-b54a-cd238d8bfcae	250	1.495661795858065e-05	0.028679186735995895	2.2631497584541065	31	MOAR002	A375	24H	C22	mercaptopurine	10uM	up
ASG003_XC.500_24H_L11_AZD-8055_1.11uM down	52879a7e-473e-40ef-9842-f1af67942538	250	1.495661795858065e-05	0.028679186735995895	2.2631497584541065	31	ASG003	XC.500	24H	L11	AZD-8055	1.11uM	down
REP.A015_YAPC_24H_C07_voxtalisib_10uM down	8ea2f766-3aea-4406-a570-db9fde60bc56	250	1.495661795858065e-05	0.028679186735995895	2.2631497584541065	31	REP.A015	YAPC	24H	C07	voxtalisib	10uM	down
MOA001_U2OS_24H_E06_BRD-M81170892_3.33uM up	72393eed-9590-49b0-b663-14228ebaf864	250	1.495661795858065e-05	0.028679186735995895	2.2631497584541065	31	MOA001	U2OS	24H	E06	BRD-M81170892	3.33uM	up
PAC037_U2OS_6H_I03_BRD-K88970431_10uM up	84c9fc9e-b5ad-40cc-aa0c-c89b939b72e1	250	1.495661795858065e-05	0.028679186735995895	2.2631497584541065	31	PAC037	U2OS	6H	I03	BRD-K88970431	10uM	up
DOS055_A375_24H_P24_BRD-K12124649_4uM down	2560f8d4-f749-4245-9d35-750ff08927a3	250	1.495661795858065e-05	0.028679186735995895	2.2631497584541065	31	DOS055	A375	24H	P24	BRD-K12124649	4uM	down
ASG002_ES2_24H_H09_camptothecin_0.12uM up	b83c9941-acc2-4d40-96c6-cc861ecc9eff	250	1.495661795858065e-05	0.028679186735995895	2.2631497584541065	31	ASG002	ES2	24H	H09	camptothecin	0.12uM	up
REP.A012_JURKAT_24H_J06_oxatomide_0.04uM up	34ac439f-bbe7-4d30-b944-a22295218088	250	1.495661795858065e-05	0.028679186735995895	2.2631497584541065	31	REP.A012	JURKAT	24H	J06	oxatomide	0.04uM	up
REP.B003_HA1E_24H_H03_sotalol_0.25uM up	e1fa6e72-fa5a-4e4c-8bd3-7dcc117a2141	250	1.495661795858065e-05	0.028679186735995895	2.2631497584541065	31	REP.B003	HA1E	24H	H03	sotalol	0.25uM	up
ASG002_NCIH2172_24H_O08_calcitriol_1.11uM up	fc314a4e-7ae7-42dd-8ba3-950207a7c827	250	1.495661795858065e-05	0.028679186735995895	2.2631497584541065	31	ASG002	NCIH2172	24H	O08	calcitriol	1.11uM	up
ASG003_U2OS_48H_G01_fludarabine_10uM down	99403f03-fd1c-44bb-ab80-a62859256754	250	1.495661795858065e-05	0.028679186735995895	2.2631497584541065	31	ASG003	U2OS	48H	G01	fludarabine	10uM	down
CPC019_A375_6H_H15_JPR-3-97-17_10uM up	cdd12f1b-5e27-459f-83dc-11144e0bbcde	250	1.495661795858065e-05	0.028679186735995895	2.2631497584541065	31	CPC019	A375	6H	H15	JPR-3-97-17	10uM	up
MUC.CP008_HA1E_24H_I20_GDC-0349_3.33uM up	0a034dfc-2894-4033-902e-431eebc4d940	250	1.495661795858065e-05	0.028679186735995895	2.2631497584541065	31	MUC.CP008	HA1E	24H	I20	GDC-0349	3.33uM	up
XPR013_MCF7.311_96H_N19_CCL5 up	a84ad4c2-8eb3-40d0-a9a8-e7d3a2fdb714	250	1.495661795858065e-05	0.028679186735995895	2.2631497584541065	31	XPR013	MCF7.311	96H	N19	CCL5	N/A	up
DOSBIO002_HT29_24H_C09_BRD-K20109053_10uM up	871a25c1-1e7f-4bfc-aa3b-7da123d79c8c	250	1.495661795858065e-05	0.028679186735995895	2.2631497584541065	31	DOSBIO002	HT29	24H	C09	BRD-K20109053	10uM	up
DOS009_VCAP_24H_A17_BRD-K72993421_4uM up	d10fbd8f-767f-4320-96df-1fef3f3087ac	250	1.495661795858065e-05	0.028679186735995895	2.2631497584541065	31	DOS009	VCAP	24H	A17	BRD-K72993421	4uM	up
CPC002_PC3_24H_F08_PD-198306_10uM down	00fb2dad-43a1-4d3b-ada8-02da056cfe2f	250	1.495661795858065e-05	0.028679186735995895	2.2631497584541065	31	CPC002	PC3	24H	F08	PD-198306	10uM	down
MOA001_A549_24H_D15_NVP-BEZ235_1.11uM down	c5e1984e-ce5f-41cc-8c31-b5d955dad3b4	250	1.495661795858065e-05	0.028679186735995895	2.2631497584541065	31	MOA001	A549	24H	D15	NVP-BEZ235	1.11uM	down
POL001_HT29_24H_P13_GSK-2126458_10uM down	0d1f4d70-0200-4693-9e92-9716d6af530c	250	1.495661795858065e-05	0.028679186735995895	2.2631497584541065	31	POL001	HT29	24H	P13	GSK-2126458	10uM	down
XPR024_MCF7.311_96H_I07_RPL19 down	ed2ed6e5-26ae-455c-b164-b20a90a2e522	250	1.495661795858065e-05	0.028679186735995895	2.2631497584541065	31	XPR024	MCF7.311	96H	I07	RPL19	N/A	down
XPR026_BICR6.311_96H_N11_TRAF6 up	d5deb4c2-fd59-4a6c-867f-7fc322825d08	250	1.495661795858065e-05	0.028679186735995895	2.2631497584541065	31	XPR026	BICR6.311	96H	N11	TRAF6	N/A	up
REP.A010_JURKAT_24H_M12_alaproclate_0.04uM up	adca931d-6adf-4562-97d1-c918ab1f3edf	250	1.495661795858065e-05	0.028679186735995895	2.2631497584541065	31	REP.A010	JURKAT	24H	M12	alaproclate	0.04uM	up
CPC001_HCC515_24H_D23_isoflupredone-acetate_10uM down	72f02fdf-4f4f-4ab1-b527-3d97bf8eb396	250	1.495661795858065e-05	0.028679186735995895	2.2631497584541065	31	CPC001	HCC515	24H	D23	isoflupredone-acetate	10uM	down
REP.B002_HELA_24H_E14_diazepam_0.74uM up	4de09753-b836-4a48-9962-b93f836436da	250	1.495661795858065e-05	0.028679186735995895	2.2631497584541065	31	REP.B002	HELA	24H	E14	diazepam	0.74uM	up
CRCGN004_PC3_24H_F04_mercaptopurine_20uM up	f7af1972-f04c-4301-911c-53ef213d5e34	250	1.495661795858065e-05	0.028679186735995895	2.2631497584541065	31	CRCGN004	PC3	24H	F04	mercaptopurine	20uM	up
ASG003_XC.P908_24H_H16_dabrafenib_10uM up	e11e4b1f-5947-49bf-93f0-683e51985193	250	1.495661795858065e-05	0.028679186735995895	2.2631497584541065	31	ASG003	XC.P908	24H	H16	dabrafenib	10uM	up
FIBR013_MCLF162SZ_6H_D06_BRD-K61053657_4uM up	1565fe51-7d0f-4a40-984d-3197399ab64e	250	1.495661795858065e-05	0.028679186735995895	2.2631497584541065	31	FIBR013	MCLF162SZ	6H	D06	BRD-K61053657	4uM	up
PAC037_U2OS_6H_O20_BRD-K49584388_10uM up	0daa9393-5f3f-418d-913b-feeb3e465c3e	250	1.495661795858065e-05	0.028679186735995895	2.2631497584541065	31	PAC037	U2OS	6H	O20	BRD-K49584388	10uM	up
LJP008_HME1_24H_G05_PFI-1_0.12uM down	2dc2280e-d985-4c53-ad3c-4a9d696ee993	250	1.495661795858065e-05	0.028679186735995895	2.2631497584541065	31	LJP008	HME1	24H	G05	PFI-1	0.12uM	down
MOAR011_IGR37_24H_N17_trelagliptin_3.33uM down	9174b44d-46a1-4bf8-9548-868fc1690f07	250	1.495661795858065e-05	0.028679186735995895	2.2631497584541065	31	MOAR011	IGR37	24H	N17	trelagliptin	3.33uM	down
PAC019_U2OS_6H_E21_BRD-K23674983_10uM up	f9686ea6-9726-44fa-bf24-abf177011d08	250	1.495661795858065e-05	0.028679186735995895	2.2631497584541065	31	PAC019	U2OS	6H	E21	BRD-K23674983	10uM	up
BRAF001_HEK293T_6H_K08_mefenamic-acid_2.5uM down	ecd41ff2-0379-489c-85e1-fb3a9a101241	250	1.495661795858065e-05	0.028679186735995895	2.2631497584541065	31	BRAF001	HEK293T	6H	K08	mefenamic-acid	2.5uM	down
PAC059_U2OS_6H_I08_BRD-K03262953_10uM up	dc3a0cb4-7077-45d0-b004-e0f1d257870f	250	1.495661795858065e-05	0.028679186735995895	2.2631497584541065	31	PAC059	U2OS	6H	I08	BRD-K03262953	10uM	up
XPR008_MCF7.311_96H_D05_PDE4A up	a52880ae-cb7d-439e-8718-4cd26374e7b8	250	1.495661795858065e-05	0.028679186735995895	2.2631497584541065	31	XPR008	MCF7.311	96H	D05	PDE4A	N/A	up
XPR034_BICR6.311_96H_K19_HARS down	48ad55e5-d5ab-4283-91bc-e0e31c17f3ed	250	1.495661795858065e-05	0.028679186735995895	2.2631497584541065	31	XPR034	BICR6.311	96H	K19	HARS	N/A	down
ASG002_BICR6_24H_F10_floxuridine_10uM down	1f20892c-4e53-44b4-95a3-f2a3c4e4d554	250	1.495661795858065e-05	0.028679186735995895	2.2631497584541065	31	ASG002	BICR6	24H	F10	floxuridine	10uM	down
CPC014_PHH_24H_I01_torin-2_10uM up	8c4b121a-4ea4-4146-8c57-b1e86592d297	250	1.495661795858065e-05	0.028679186735995895	2.2631497584541065	31	CPC014	PHH	24H	I01	torin-2	10uM	up
CPC013_PC3_24H_C02_BRD-K51608872_10uM down	f1d06111-e5c1-4ee2-9dba-cc6145e41553	250	1.495661795858065e-05	0.028679186735995895	2.2631497584541065	31	CPC013	PC3	24H	C02	BRD-K51608872	10uM	down
CPC018_A549_24H_I10_NSC-3852_10uM down	086324ef-9d9a-48f2-beef-1bbc82225ea2	250	1.495661795858065e-05	0.028679186735995895	2.2631497584541065	31	CPC018	A549	24H	I10	NSC-3852	10uM	down
FIBR005_MCLF033SZ_6H_M03_prima-1-met_4uM up	9c895c00-750d-488e-b5ea-02be36fd00b6	250	1.495661795858065e-05	0.028679186735995895	2.2631497584541065	31	FIBR005	MCLF033SZ	6H	M03	prima-1-met	4uM	up
FIBR006_MCLF033SZ_6H_C18_levothyroxine_0.04uM up	978acc47-8103-4942-b59b-9745fd5f8941	250	1.495661795858065e-05	0.028679186735995895	2.2631497584541065	31	FIBR006	MCLF033SZ	6H	C18	levothyroxine	0.04uM	up
DOS012_VCAP_24H_M24_BRD-K22518694_4uM up	7b1425ab-eca7-4fa9-9984-a07b0ea24a45	250	1.495661795858065e-05	0.028679186735995895	2.2631497584541065	31	DOS012	VCAP	24H	M24	BRD-K22518694	4uM	up
DOS056_MCF7_24H_K20_BRD-K50131804_4uM down	c4abaa12-1d72-4f7b-8efd-5883e34a3699	250	1.495661795858065e-05	0.028679186735995895	2.2631497584541065	31	DOS056	MCF7	24H	K20	BRD-K50131804	4uM	down
CPC019_MCF7_24H_F13_RJC-00245SC_10uM down	fd10a6d1-fc25-4ae1-87b3-c7dfbd99f319	250	1.495661795858065e-05	0.028679186735995895	2.2631497584541065	31	CPC019	MCF7	24H	F13	RJC-00245SC	10uM	down
ERG015_PC3_24H_P04_BRD-K18183699_10uM down	79947d69-064e-46e9-9f61-0acc7c383ff9	250	1.495661795858065e-05	0.028679186735995895	2.2631497584541065	31	ERG015	PC3	24H	P04	BRD-K18183699	10uM	down
MOAR011_NCIH2110_24H_J04_PF-02545920_10uM up	d73c2e19-1d14-48b9-99a3-9f2243bb453b	250	1.495661795858065e-05	0.028679186735995895	2.2631497584541065	31	MOAR011	NCIH2110	24H	J04	PF-02545920	10uM	up
PAC019_U2OS_6H_H12_BRD-K37760698_10uM up	17642456-b01b-4d36-958c-c98c22533fe7	250	1.495661795858065e-05	0.028679186735995895	2.2631497584541065	31	PAC019	U2OS	6H	H12	BRD-K37760698	10uM	up
ISO002_MCF10A.TP53.M.KRAS.HG_24H_C19_wortmannin_10uM down	91c3847e-f45d-4cc9-8d9d-158c62709bed	250	1.495661795858065e-05	0.028679186735995895	2.2631497584541065	31	ISO002	MCF10A.TP53.M.KRAS.HG	24H	C19	wortmannin	10uM	down
REP.A013_PC3_24H_A14_conivaptan_3.33uM down	6c7fb4bd-79dc-431c-86a3-2ca6f553473a	250	1.495661795858065e-05	0.028679186735995895	2.2631497584541065	31	REP.A013	PC3	24H	A14	conivaptan	3.33uM	down
REP.A010_JURKAT_24H_M02_norgestrel_3.33uM up	00e16741-a686-4c09-8a17-950c0fc6a04f	250	1.495661795858065e-05	0.028679186735995895	2.2631497584541065	31	REP.A010	JURKAT	24H	M02	norgestrel	3.33uM	up
NMH002_NPC_6H_N05_geldanamycin_10uM up	8d756902-a893-4b0c-b3db-5c9a6af6a396	250	1.495661795858065e-05	0.028679186735995895	2.2631497584541065	31	NMH002	NPC	6H	N05	geldanamycin	10uM	up
MOAR011_HEC251_24H_A09_amrinone_1.11uM up	df9ad769-c582-484d-b385-8746ad7de4d4	250	1.495661795858065e-05	0.028679186735995895	2.2631497584541065	31	MOAR011	HEC251	24H	A09	amrinone	1.11uM	up
REP.B012_MCF10A_24H_O20_cobimetinib_0.74uM down	b25d1a7e-4dcd-4641-be53-a414e5bbcf59	250	1.495661795858065e-05	0.028679186735995895	2.2631497584541065	31	REP.B012	MCF10A	24H	O20	cobimetinib	0.74uM	down
XPR015_HT29.311_96H_C07_CREB3L2 up	adcf8e08-0016-458d-91af-e6441c3be9f4	250	1.495661795858065e-05	0.028679186735995895	2.2631497584541065	31	XPR015	HT29.311	96H	C07	CREB3L2	N/A	up
XPR044_LCLC103H.311_96H_F22_CALU up	c06ca38b-4f35-4105-9675-38e6a76f9cea	250	1.495661795858065e-05	0.028679186735995895	2.2631497584541065	31	XPR044	LCLC103H.311	96H	F22	CALU	N/A	up
CPC013_MCF7_24H_E04_BRD-K76938712_10uM up	f5d5109f-050b-41f6-9063-5a049f43fa31	250	1.495661795858065e-05	0.028679186735995895	2.2631497584541065	31	CPC013	MCF7	24H	E04	BRD-K76938712	10uM	up
REP.A015_HEK293_24H_O10_BRD-K61195623_0.37uM down	9c94784f-6c18-411b-9fe8-53dfd78f6ea6	250	1.495661795858065e-05	0.028679186735995895	2.2631497584541065	31	REP.A015	HEK293	24H	O10	BRD-K61195623	0.37uM	down
NMH002_NEU_6H_K09_farnesol_10uM down	4bb6fdb4-5414-4564-b17d-b6fa70fcb1ef	250	1.495661795858065e-05	0.028679186735995895	2.2631497584541065	31	NMH002	NEU	6H	K09	farnesol	10uM	down
PAC064_U2OS_6H_O05_BRD-K53544328_10uM down	ff2a0e79-b2cb-4a20-a42f-0b854932c624	250	1.495661795858065e-05	0.028679186735995895	2.2631497584541065	31	PAC064	U2OS	6H	O05	BRD-K53544328	10uM	down
XPR027_MCF7.311_96H_J10_RPL23A down	b9ddf00e-4d3a-4420-8446-5dee7f296311	250	1.495661795858065e-05	0.028679186735995895	2.2631497584541065	31	XPR027	MCF7.311	96H	J10	RPL23A	N/A	down
REP.A001_A375_24H_I02_PKI-179_3.33uM down	accd03df-a812-43b5-aafc-a3987a2f4860	250	1.495661795858065e-05	0.028679186735995895	2.2631497584541065	31	REP.A001	A375	24H	I02	PKI-179	3.33uM	down
PAC037_U2OS_6H_P21_BRD-K20798215_10uM up	22bbdd25-2419-4ea8-bd55-aa347ed94ab7	250	1.495661795858065e-05	0.028679186735995895	2.2631497584541065	31	PAC037	U2OS	6H	P21	BRD-K20798215	10uM	up
PAC030_U2OS_6H_D24_BRD-K95294904_10uM down	79ee8034-9a6b-41f5-a71d-157cf8d9450e	250	1.495661795858065e-05	0.028679186735995895	2.2631497584541065	31	PAC030	U2OS	6H	D24	BRD-K95294904	10uM	down
EMU001_BJAB_24H_B15_SB-2343_0.66uM down	0daa2cea-e910-4947-9a84-9663676e77c1	250	1.495661795858065e-05	0.028679186735995895	2.2631497584541065	31	EMU001	BJAB	24H	B15	SB-2343	0.66uM	down
ERG005_VCAP_24H_D09_tretinoin_4uM up	91e2c4a0-4464-40f8-ad5e-569f83d52548	250	1.495661795858065e-05	0.028679186735995895	2.2631497584541065	31	ERG005	VCAP	24H	D09	tretinoin	4uM	up
FIBR016_MCLF022CN_6H_D14_AZD-7545_4uM up	db82629f-ab40-4223-a598-dc6f1266d4a3	250	1.495661795858065e-05	0.028679186735995895	2.2631497584541065	31	FIBR016	MCLF022CN	6H	D14	AZD-7545	4uM	up
REP.B011_MCF10A_24H_N23_oxybuprocaine_0.03uM up	418a3d97-1f5f-44c6-8bfa-3136317a6ff7	250	1.495661795858065e-05	0.028679186735995895	2.2631497584541065	31	REP.B011	MCF10A	24H	N23	oxybuprocaine	0.03uM	up
REP.A012_HA1E_24H_B17_flutrimazole_0.125uM down	ce6d8de4-9aca-426f-b22d-fa9255a5e733	250	1.495661795858065e-05	0.028679186735995895	2.2631497584541065	31	REP.A012	HA1E	24H	B17	flutrimazole	0.125uM	down
PAC013_U2OS_6H_M24_BRD-K64558129_10uM down	103b815b-9c08-432b-827f-dd0b4ba5af14	250	1.495661795858065e-05	0.028679186735995895	2.2631497584541065	31	PAC013	U2OS	6H	M24	BRD-K64558129	10uM	down
REP.B021_A375_24H_H16_rosuvastatin_0.08uM up	8e28d1a3-f486-4831-a156-36a81a47b60a	250	1.495661795858065e-05	0.028679186735995895	2.2631497584541065	31	REP.B021	A375	24H	H16	rosuvastatin	0.08uM	up
REP.B026_HA1E_24H_J03_rotigotine_0.25uM up	b03d3bbf-7dfe-429f-bb2f-86d5d92514ff	250	1.495661795858065e-05	0.028679186735995895	2.2631497584541065	31	REP.B026	HA1E	24H	J03	rotigotine	0.25uM	up
XPR008_AGS.311_96H_K23_GRM2 down	d3cf9828-826e-4be6-89eb-dba068702271	250	1.495661795858065e-05	0.028679186735995895	2.2631497584541065	31	XPR008	AGS.311	96H	K23	GRM2	N/A	down
XPR016_U251MG.311_96H_M22_ELK4 down	36245cd6-31ca-4e2d-af7d-f090374a29e9	250	1.495661795858065e-05	0.028679186735995895	2.2631497584541065	31	XPR016	U251MG.311	96H	M22	ELK4	N/A	down
CPC005_PC3_6H_B11_dilazep_10uM up	e4378436-2c82-4ac2-b52c-d250fd87cc0a	250	1.495661795858065e-05	0.028679186735995895	2.2631497584541065	31	CPC005	PC3	6H	B11	dilazep	10uM	up
MUC.CP005_MCF7_24H_K23_CGS-15943_40uM down	3031621f-0c2b-4b70-be46-d9319936bc5b	250	1.495661795858065e-05	0.028679186735995895	2.2631497584541065	31	MUC.CP005	MCF7	24H	K23	CGS-15943	40uM	down
CPC006_VCAP_24H_C04_AZD-8055_10uM down	71134655-77a5-4348-8720-a77a09d7eeec	250	1.495661795858065e-05	0.028679186735995895	2.2631497584541065	31	CPC006	VCAP	24H	C04	AZD-8055	10uM	down
LJP006_MCF10A_24H_G08_celastrol_3.33uM up	2247910e-787d-47de-a46a-994612cfa26e	250	1.495661795858065e-05	0.028679186735995895	2.2631497584541065	31	LJP006	MCF10A	24H	G08	celastrol	3.33uM	up
PAC002_U2OS_6H_D14_3'-fluorobenzylspiperone_10uM up	6b2123ac-4d4e-40f9-b8c7-425b44a9d4b2	250	1.495661795858065e-05	0.028679186735995895	2.2631497584541065	31	PAC002	U2OS	6H	D14	3'-fluorobenzylspiperone	10uM	up
KTOX002_HPTEC_6H_K17_troglitazone_10uM up	bc903221-9f4e-4987-bfb0-e454f23d9240	250	1.495661795858065e-05	0.028679186735995895	2.2631497584541065	31	KTOX002	HPTEC	6H	K17	troglitazone	10uM	up
MOA001_U2OS_24H_N09_BRD-K55273525_1.11uM down	e0a853b8-d30e-4160-b55f-a31a89d4d30c	250	1.495661795858065e-05	0.028679186735995895	2.2631497584541065	31	MOA001	U2OS	24H	N09	BRD-K55273525	1.11uM	down
MOAR012_MDAMB468_24H_J11_cyclandelate_3.33uM up	718ef83c-c1a1-47e5-ae39-244a980b2b3f	250	1.495661795858065e-05	0.028679186735995895	2.2631497584541065	31	MOAR012	MDAMB468	24H	J11	cyclandelate	3.33uM	up
ASG003_U2OS_24H_L10_AZD-8055_10uM up	afc54e6b-1346-4af3-8513-381b6c107341	250	1.495661795858065e-05	0.028679186735995895	2.2631497584541065	31	ASG003	U2OS	24H	L10	AZD-8055	10uM	up
PAC024_U2OS_6H_O14_BRD-K56161792_10uM up	ea6446ca-6be3-467b-8161-c43d5b5ebf9f	250	1.495661795858065e-05	0.028679186735995895	2.2631497584541065	31	PAC024	U2OS	6H	O14	BRD-K56161792	10uM	up
PAC050_U2OS_6H_I10_BRD-K01351858_10uM down	5d980dd5-fb30-4362-b7e0-6f1d854048b3	250	1.495661795858065e-05	0.028679186735995895	2.2631497584541065	31	PAC050	U2OS	6H	I10	BRD-K01351858	10uM	down
REP.A016_JURKAT_24H_L10_DMP-777_0.37uM up	34d0784a-fca7-4a98-a1b0-341bd98fa2a7	250	1.495661795858065e-05	0.028679186735995895	2.2631497584541065	31	REP.A016	JURKAT	24H	L10	DMP-777	0.37uM	up
XPR027_MCF7.311_96H_O20_WEE2 up	fdab9625-8de2-4ce3-b147-24b73d4809e7	250	1.495661795858065e-05	0.028679186735995895	2.2631497584541065	31	XPR027	MCF7.311	96H	O20	WEE2	N/A	up
LJP008_HEPG2_24H_H13_entinostat_10uM up	74080523-4419-4330-9c37-3ab2ac33c609	250	1.495661795858065e-05	0.028679186735995895	2.2631497584541065	31	LJP008	HEPG2	24H	H13	entinostat	10uM	up
REP.A007_YAPC_24H_D22_pentobarbital_0.37uM up	ca41bd13-507c-4930-9942-4b3dbe021393	250	1.495661795858065e-05	0.028679186735995895	2.2631497584541065	31	REP.A007	YAPC	24H	D22	pentobarbital	0.37uM	up
MOA001_U2OS_24H_O06_cycloheximide_10uM down	578c047a-958b-49d6-a90b-d78cd5d4fd90	250	1.495661795858065e-05	0.028679186735995895	2.2631497584541065	31	MOA001	U2OS	24H	O06	cycloheximide	10uM	down
MOAR017_HAP1.RELA_24H_D17_NVP-BEZ235_3.33uM up	f1d6c8a8-0d1e-4882-b8bd-c304aafb1dbe	250	1.495661795858065e-05	0.028679186735995895	2.2631497584541065	31	MOAR017	HAP1.RELA	24H	D17	NVP-BEZ235	3.33uM	up
LKCP002_MCF7_48H_P01_GDC-0068_10uM up	5715695f-bc45-4e40-a9b8-3594f3f2eebb	250	1.495661795858065e-05	0.028679186735995895	2.2631497584541065	31	LKCP002	MCF7	48H	P01	GDC-0068	10uM	up
PAC025_U2OS_6H_I01_BRD-K97731768_10uM down	eba9e2d7-b9aa-422a-a119-bdb0739a6ecd	250	1.495661795858065e-05	0.028679186735995895	2.2631497584541065	31	PAC025	U2OS	6H	I01	BRD-K97731768	10uM	down
PAC001_U2OS_6H_N04_BW-373U86_10uM up	0a26fe6d-dc6f-4189-9af7-0c8024474cde	250	1.495661795858065e-05	0.028679186735995895	2.2631497584541065	31	PAC001	U2OS	6H	N04	BW-373U86	10uM	up
AICHI001_OCILY3_4H_K05_GSK-461364_0.04uM down	6acd0607-6aca-4d7c-afbd-44f8919b35f0	250	1.495661795858065e-05	0.028679186735995895	2.2631497584541065	31	AICHI001	OCILY3	4H	K05	GSK-461364	0.04uM	down
REP.A007_A375_24H_N11_propylthiouracil_0.125uM up	9d34eba6-ac5b-451b-a8d4-4c9b549760d8	250	1.495661795858065e-05	0.028679186735995895	2.2631497584541065	31	REP.A007	A375	24H	N11	propylthiouracil	0.125uM	up
ASG002_A204_24H_H08_camptothecin_1.11uM up	4f81b116-7253-4bd3-9002-458f789ed65f	250	1.495661795858065e-05	0.028679186735995895	2.2631497584541065	31	ASG002	A204	24H	H08	camptothecin	1.11uM	up
CPC007_HT29_6H_E12_BRD-K60870698_10uM up	13e04460-9eea-46d9-885d-e15d61a0d6a9	250	1.495661795858065e-05	0.028679186735995895	2.2631497584541065	31	CPC007	HT29	6H	E12	BRD-K60870698	10uM	up
HOG002_A549_6H_N07_NVP-BEZ235_0.125uM down	3a0f87e1-8f77-4013-873d-aa7908ecd227	250	1.495661795858065e-05	0.028679186735995895	2.2631497584541065	31	HOG002	A549	6H	N07	NVP-BEZ235	0.125uM	down
REP.B024_JURKAT_24H_P21_sirolimus_0.25uM up	59f7c7fa-e5b0-4095-b333-c79e8568eb59	250	1.495661795858065e-05	0.028679186735995895	2.2631497584541065	31	REP.B024	JURKAT	24H	P21	sirolimus	0.25uM	up
XPR033_HT29.311_96H_J08_LDHA up	46ed25c7-6d66-4913-8695-196c480afcf3	250	1.495661795858065e-05	0.028679186735995895	2.2631497584541065	31	XPR033	HT29.311	96H	J08	LDHA	N/A	up
CPC009_PC3_6H_A05_KU-C104254_10uM up	d29bf0d2-d013-4216-abba-dd9ac4fe9799	250	1.495661795858065e-05	0.028679186735995895	2.2631497584541065	31	CPC009	PC3	6H	A05	KU-C104254	10uM	up
CPC006_HCC15_6H_G19_LE-135_20uM down	480da44e-a2b8-43c9-b724-8a5743d33449	250	1.495661795858065e-05	0.028679186735995895	2.2631497584541065	31	CPC006	HCC15	6H	G19	LE-135	20uM	down
MOAR009_HEC265_24H_O17_LY-2979165_3.33uM down	55e98c77-b101-4b6f-895e-7bcbc42e57eb	250	1.495661795858065e-05	0.028679186735995895	2.2631497584541065	31	MOAR009	HEC265	24H	O17	LY-2979165	3.33uM	down
DOSVAL006_PC3_24H_C19_sirolimus_20uM up	3c839878-75d5-4954-bf39-8e05cf2360e8	250	1.495661795858065e-05	0.028679186735995895	2.2631497584541065	31	DOSVAL006	PC3	24H	C19	sirolimus	20uM	up
PAC022_U2OS_6H_F06_BRD-K68741898_10uM up	669f628f-5e6c-4d8f-ba5c-726efc158431	250	1.495661795858065e-05	0.028679186735995895	2.2631497584541065	31	PAC022	U2OS	6H	F06	BRD-K68741898	10uM	up
TAA001_SHSY5Y_24H_K07_tanespimycin_10uM down	3f7500f9-95b7-4e88-af90-69e908fbfe78	250	1.495661795858065e-05	0.028679186735995895	2.2631497584541065	31	TAA001	SHSY5Y	24H	K07	tanespimycin	10uM	down
REP.A010_HEK293_24H_P23_BMY-14802_0.125uM down	1e65a496-90ce-42f6-aa54-76e369e42e82	250	1.495661795858065e-05	0.028679186735995895	2.2631497584541065	31	REP.A010	HEK293	24H	P23	BMY-14802	0.125uM	down
MOAR009_MELHO_24H_B10_caffeine_10uM up	0fe063af-409e-4929-b0bf-61b659559161	250	1.495661795858065e-05	0.028679186735995895	2.2631497584541065	31	MOAR009	MELHO	24H	B10	caffeine	10uM	up
LJP005_MCF10A_3H_P21_trametinib_1.11uM down	8f9aee2d-d89e-4bf2-9d9e-5b64f229742e	250	1.495661795858065e-05	0.028679186735995895	2.2631497584541065	31	LJP005	MCF10A	3H	P21	trametinib	1.11uM	down
PAC013_U2OS_6H_A24_BRD-K64979177_10uM down	da1d6c25-0e5e-4934-a838-a6c9f6e99b80	250	1.495661795858065e-05	0.028679186735995895	2.2631497584541065	31	PAC013	U2OS	6H	A24	BRD-K64979177	10uM	down
PAC039_U2OS_6H_N18_BRD-K74817844_10uM up	cb9fc319-db5c-4702-b385-05866a4b3449	250	1.495661795858065e-05	0.028679186735995895	2.2631497584541065	31	PAC039	U2OS	6H	N18	BRD-K74817844	10uM	up
LJP001_BT20_24H_K15_OSI-027_10uM down	9bf50f88-564b-4aaf-9c2f-8b8bc5c4d36b	250	1.495661795858065e-05	0.028679186735995895	2.2631497584541065	31	LJP001	BT20	24H	K15	OSI-027	10uM	down
REP.A027_A375_24H_C01_RAF-265_10uM up	6eaa18ea-0d7e-4787-992f-7a4795400166	250	1.495661795858065e-05	0.028679186735995895	2.2631497584541065	31	REP.A027	A375	24H	C01	RAF-265	10uM	up
REP.A025_MCF7_24H_J19_tioguanine_10uM down	01f8f673-1ab6-42c8-83ba-0e8b2fa80b8d	250	1.495661795858065e-05	0.028679186735995895	2.2631497584541065	31	REP.A025	MCF7	24H	J19	tioguanine	10uM	down
ASG002_COV434_24H_C13_nutlin-3_10uM down	317e47ea-af0a-4f07-8627-af64b9393e8a	250	1.495661795858065e-05	0.028679186735995895	2.2631497584541065	31	ASG002	COV434	24H	C13	nutlin-3	10uM	down
CPC018_A375_6H_M17_DH-97_10uM up	f4d45646-2180-4ad8-b51d-891c653c21bf	250	1.495661795858065e-05	0.028679186735995895	2.2631497584541065	31	CPC018	A375	6H	M17	DH-97	10uM	up
MOAR009_NCIH838_24H_H24_BIBN-4096_1.11uM up	6fc9a04f-1fe0-4be4-b090-0fc1627b4238	250	1.495661795858065e-05	0.028679186735995895	2.2631497584541065	31	MOAR009	NCIH838	24H	H24	BIBN-4096	1.11uM	up
CPC009_HA1E_6H_C16_KU-C104337_10uM up	127bfe97-7781-4f24-bcd6-c8b35285f15d	250	1.495661795858065e-05	0.028679186735995895	2.2631497584541065	31	CPC009	HA1E	6H	C16	KU-C104337	10uM	up
CPC012_A549_6H_A19_BRD-K04534322_10uM up	b08d0fbb-bb68-4793-a1ea-965edbd4f959	250	1.495661795858065e-05	0.028679186735995895	2.2631497584541065	31	CPC012	A549	6H	A19	BRD-K04534322	10uM	up
XPR027_MCF7.311_96H_A14_VSTM1 down	d1e11bcf-ed89-4b39-9278-79cbd924dbb3	250	1.495661795858065e-05	0.028679186735995895	2.2631497584541065	31	XPR027	MCF7.311	96H	A14	VSTM1	N/A	down
PAC067_U2OS_6H_D03_BRD-K82842087_10uM down	e26da189-475b-438a-9a62-7dbe9b2adb48	250	1.495661795858065e-05	0.028679186735995895	2.2631497584541065	31	PAC067	U2OS	6H	D03	BRD-K82842087	10uM	down
CPC013_A375_6H_I22_BRD-K15672523_10uM down	3e9fc36f-97ff-4cdb-bf80-617f5fe24fb5	250	1.495661795858065e-05	0.028679186735995895	2.2631497584541065	31	CPC013	A375	6H	I22	BRD-K15672523	10uM	down
CPC014_VCAP_24H_J17_oleoylethanolamide_10uM up	5f0d959f-7d05-46aa-9bb7-b38914377a66	250	1.495661795858065e-05	0.028679186735995895	2.2631497584541065	31	CPC014	VCAP	24H	J17	oleoylethanolamide	10uM	up
PBIOA016_HCC515_24H_D07_NVP-BEZ235_10uM up	e234ac77-3610-4857-9a61-dba8e84f1971	250	1.495661795858065e-05	0.028679186735995895	2.2631497584541065	31	PBIOA016	HCC515	24H	D07	NVP-BEZ235	10uM	up
REP.A005_XC.L10_24H_E19_deforolimus_10uM up	9783b6d6-f43e-4389-a9cf-e753622b49b1	250	1.495661795858065e-05	0.028679186735995895	2.2631497584541065	31	REP.A005	XC.L10	24H	E19	deforolimus	10uM	up
REP.B023_HT29_24H_K06_amtolmetin-guacil_0.01uM up	12eee9c5-1a6b-4cdc-81eb-20c33654361f	250	1.495661795858065e-05	0.028679186735995895	2.2631497584541065	31	REP.B023	HT29	24H	K06	amtolmetin-guacil	0.01uM	up
LGR001_XC.L100.M_48H_I16_BGT-226_0.37uM up	586867ba-cf50-4678-9f87-1bc05a947848	250	1.495661795858065e-05	0.028679186735995895	2.2631497584541065	31	LGR001	XC.L100.M	48H	I16	BGT-226	0.37uM	up
PAC025_U2OS_6H_A05_BRD-K05041765_10uM down	2e462555-be19-4d9a-80fe-54b7b03dd203	250	1.495661795858065e-05	0.028679186735995895	2.2631497584541065	31	PAC025	U2OS	6H	A05	BRD-K05041765	10uM	down
LJP008_HME1_24H_O13_CGK-733_10uM down	358b9ad9-8c5d-4840-aeaa-60305ae4f48e	250	1.495661795858065e-05	0.028679186735995895	2.2631497584541065	31	LJP008	HME1	24H	O13	CGK-733	10uM	down
PAC015_U2OS_6H_N02_BRD-K75453159_10uM down	9d4e28ed-dd93-4786-b38b-7147cc157b97	250	1.495661795858065e-05	0.028679186735995895	2.2631497584541065	31	PAC015	U2OS	6H	N02	BRD-K75453159	10uM	down
REP.A010_JURKAT_24H_L18_berberine_0.04uM up	284107e3-3c1f-4902-b055-9118d7c0bf49	250	1.495661795858065e-05	0.028679186735995895	2.2631497584541065	31	REP.A010	JURKAT	24H	L18	berberine	0.04uM	up
PBIOA011_XC.R10_24H_C20_BRD-A19037878_10uM up	67dfe461-f663-4688-9533-6aa21394958f	250	1.495661795858065e-05	0.028679186735995895	2.2631497584541065	31	PBIOA011	XC.R10	24H	C20	BRD-A19037878	10uM	up
CPC001_VCAP_24H_K13_PD-123319_10uM up	5de73c3f-50e3-4965-a4e4-0097bd878072	250	1.495661795858065e-05	0.028679186735995895	2.2631497584541065	31	CPC001	VCAP	24H	K13	PD-123319	10uM	up
ASG003_U2OS_6H_N01_dasatinib_10uM up	a73ee1cd-a15c-4825-806a-aa2909bbb946	250	3.862187039759831e-05	0.03956041957414068	2.190144927536232	30	ASG003	U2OS	6H	N01	dasatinib	10uM	up
XPR013_MCF7.311_96H_J20_CD19 up	c3a8dc0c-1525-488d-9e11-60b93b9d6886	250	3.862187039759831e-05	0.03956041957414068	2.190144927536232	30	XPR013	MCF7.311	96H	J20	CD19	N/A	up
XPR032_ES2.311_96H_O23_SPTLC2 up	484c9ff7-4e44-4d24-bb7b-3d323a23c09d	250	3.862187039759831e-05	0.03956041957414068	2.190144927536232	30	XPR032	ES2.311	96H	O23	SPTLC2	N/A	up
ASG002_RCC10RGB_24H_C16_NVP-BEZ235_10uM up	b6b7fd88-81c5-4d2c-a4cb-be810c27328f	250	3.862187039759831e-05	0.03956041957414068	2.190144927536232	30	ASG002	RCC10RGB	24H	C16	NVP-BEZ235	10uM	up
XPR008_HT29.311_96H_A03_COASY up	91de5786-d692-4520-bca6-c82fb1eff44e	250	3.862187039759831e-05	0.03956041957414068	2.190144927536232	30	XPR008	HT29.311	96H	A03	COASY	N/A	up
AICHI001_K562_24H_K01_GSK-461364_10uM up	e11504d4-01ee-4886-9ea3-3410f0aa691d	250	3.862187039759831e-05	0.03956041957414068	2.190144927536232	30	AICHI001	K562	24H	K01	GSK-461364	10uM	up
PBIOA009_XC.R10_24H_H14_prima-1-met_3.33uM down	20fa695c-deef-46d1-8214-6680845e3a4a	250	3.862187039759831e-05	0.03956041957414068	2.190144927536232	30	PBIOA009	XC.R10	24H	H14	prima-1-met	3.33uM	down
DOS060_A549_24H_J10_BRD-K54877231_4uM up	cdfc2f93-86b1-412c-ab0e-55e4a63f34cc	250	3.862187039759831e-05	0.03956041957414068	2.190144927536232	30	DOS060	A549	24H	J10	BRD-K54877231	4uM	up
FIBR036_MCLF137CN_6H_F15_cerulenin_4uM up	f266de48-f8e6-48e3-a71e-d44b777965d1	250	3.862187039759831e-05	0.03956041957414068	2.190144927536232	30	FIBR036	MCLF137CN	6H	F15	cerulenin	4uM	up
LJP005_SKBR3_3H_H13_NVP-AUY922_10uM down	e8f4dd11-83c6-4d00-b5d4-3d15796b5dfe	250	3.862187039759831e-05	0.03956041957414068	2.190144927536232	30	LJP005	SKBR3	3H	H13	NVP-AUY922	10uM	down
LJP008_HELA_24H_J04_BRD-K55591206_0.37uM down	d519291b-04cd-4f9c-a422-d620aa232673	250	3.862187039759831e-05	0.03956041957414068	2.190144927536232	30	LJP008	HELA	24H	J04	BRD-K55591206	0.37uM	down
PAC002_U2OS_6H_J20_WHI-P154_10uM up	5083e4cf-9a36-4b24-aa1c-bd0f71628679	250	3.862187039759831e-05	0.03956041957414068	2.190144927536232	30	PAC002	U2OS	6H	J20	WHI-P154	10uM	up
PAC022_U2OS_6H_E21_BRD-K86956630_10uM down	37abf802-ed39-4791-a469-08c25fa979f6	250	3.862187039759831e-05	0.03956041957414068	2.190144927536232	30	PAC022	U2OS	6H	E21	BRD-K86956630	10uM	down
FIBR024_MCLF126CN_6H_F06_terreic-acid_4uM up	aedf17d3-0314-4df6-ab4b-bdd5b06d6386	250	3.862187039759831e-05	0.03956041957414068	2.190144927536232	30	FIBR024	MCLF126CN	6H	F06	terreic-acid	4uM	up
ISO002_MCF10A.TP53.M.KRAS.HG_24H_G15_sirolimus_1.11uM down	b82db586-753a-48d1-aa87-855313b81845	250	3.862187039759831e-05	0.03956041957414068	2.190144927536232	30	ISO002	MCF10A.TP53.M.KRAS.HG	24H	G15	sirolimus	1.11uM	down
REP.A007_HA1E_24H_K14_elvitegravir_3.33uM up	59e0a508-4c55-46b7-ac1f-6ee3f5d5225a	250	3.862187039759831e-05	0.03956041957414068	2.190144927536232	30	REP.A007	HA1E	24H	K14	elvitegravir	3.33uM	up
PAC052_U2OS_6H_E16_BRD-K96425583_10uM up	a3afcbc6-4481-4066-9bb9-cbee34c84c18	250	3.862187039759831e-05	0.03956041957414068	2.190144927536232	30	PAC052	U2OS	6H	E16	BRD-K96425583	10uM	up
PCLB001_HT29_24H_P04_WY-01-045_0.125uM down	896ec2ec-2174-4f67-a6ab-dd37e5262c23	250	3.862187039759831e-05	0.03956041957414068	2.190144927536232	30	PCLB001	HT29	24H	P04	WY-01-045	0.125uM	down
POL001_PC3_24H_A09_torin-1_1.11uM down	bc593a91-ac38-415b-bc1e-28f6a4b20c31	250	3.862187039759831e-05	0.03956041957414068	2.190144927536232	30	POL001	PC3	24H	A09	torin-1	1.11uM	down
FIBR005_MCLF033SZ_6H_M05_tipifarnib-P2_4uM up	9ac97e79-dc95-45f9-89d4-39eec1108aa2	250	3.862187039759831e-05	0.03956041957414068	2.190144927536232	30	FIBR005	MCLF033SZ	6H	M05	tipifarnib-P2	4uM	up
CPC006_HT29_24H_B13_PP-110_20uM down	1fe62d50-8acc-4848-aa83-07d195f0b9b8	250	3.862187039759831e-05	0.03956041957414068	2.190144927536232	30	CPC006	HT29	24H	B13	PP-110	20uM	down
REP.B005_PC3_24H_G02_D-4476_0.74uM up	72b21c01-ec3b-47e9-8761-dafbf0e7f9ff	250	3.862187039759831e-05	0.03956041957414068	2.190144927536232	30	REP.B005	PC3	24H	G02	D-4476	0.74uM	up
REP.B012_MCF10A_24H_O19_cobimetinib_2.22uM down	0ac859d6-9ae0-4f37-a1c9-e0be0974bc43	250	3.862187039759831e-05	0.03956041957414068	2.190144927536232	30	REP.B012	MCF10A	24H	O19	cobimetinib	2.22uM	down
LUNG001_A549_24H_M19_GSK-1059615_10uM up	db962e09-bf11-4f5d-af67-e2fa3832615c	250	3.862187039759831e-05	0.03956041957414068	2.190144927536232	30	LUNG001	A549	24H	M19	GSK-1059615	10uM	up
XPR017_ES2.311_96H_F19_HORMAD2 up	03ab3da0-96bf-4abc-97e3-5665974c05e6	250	3.862187039759831e-05	0.03956041957414068	2.190144927536232	30	XPR017	ES2.311	96H	F19	HORMAD2	N/A	up
MOA001_A549_24H_F14_I-585855_0.37uM up	2a2e9686-f6b6-4fd6-b419-69c02b881192	250	3.862187039759831e-05	0.03956041957414068	2.190144927536232	30	MOA001	A549	24H	F14	I-585855	0.37uM	up
XPR032_AGS.311_96H_B20_PCSK1 down	41c33852-4501-4612-baab-e8d53ddf116c	250	3.862187039759831e-05	0.03956041957414068	2.190144927536232	30	XPR032	AGS.311	96H	B20	PCSK1	N/A	down
PAC002_U2OS_6H_D10_atrazine_10uM down	82fb068a-cca2-4111-8641-74424a4da668	250	3.862187039759831e-05	0.03956041957414068	2.190144927536232	30	PAC002	U2OS	6H	D10	atrazine	10uM	down
CPC006_HT115_6H_J03_PF-3845_10uM down	d50f3dbd-67db-4da9-95be-4ad9ddce4773	250	3.862187039759831e-05	0.03956041957414068	2.190144927536232	30	CPC006	HT115	6H	J03	PF-3845	10uM	down
CPC006_NCIH508_6H_P09_CD-437_12uM up	ca4a2630-9d27-4318-a3d7-6eb2fbbb4d4f	250	3.862187039759831e-05	0.03956041957414068	2.190144927536232	30	CPC006	NCIH508	6H	P09	CD-437	12uM	up
CPC006_MCF7_24H_B10_tosedostat_80uM up	bfdede2d-8580-4d12-8a0b-f88c57ae4757	250	3.862187039759831e-05	0.03956041957414068	2.190144927536232	30	CPC006	MCF7	24H	B10	tosedostat	80uM	up
REP.A010_JURKAT_24H_D05_sulbutiamine_0.125uM up	61aa7246-0fc9-47fb-96b5-58e52b74bef0	250	3.862187039759831e-05	0.03956041957414068	2.190144927536232	30	REP.A010	JURKAT	24H	D05	sulbutiamine	0.125uM	up
ERG011_VCAP_6H_P09_mibefradil_10uM up	58d7a48e-5b9c-4ab7-8c8e-0622b41d29e6	250	3.862187039759831e-05	0.03956041957414068	2.190144927536232	30	ERG011	VCAP	6H	P09	mibefradil	10uM	up
LJP001_MCF7_6H_F22_saracatinib_0.08uM down	8d1806b9-1484-4bbe-b70f-ebc2dcb62628	250	3.862187039759831e-05	0.03956041957414068	2.190144927536232	30	LJP001	MCF7	6H	F22	saracatinib	0.08uM	down
LJP009_ASC.C_24H_I10_BX-795_0.37uM down	b078e7b0-aef8-4d7e-8642-af21db149164	250	3.862187039759831e-05	0.03956041957414068	2.190144927536232	30	LJP009	ASC.C	24H	I10	BX-795	0.37uM	down
PAC059_U2OS_6H_B19_BRD-K51256476_10uM down	2598e080-c47b-4974-ab63-d638e37eca8d	250	3.862187039759831e-05	0.03956041957414068	2.190144927536232	30	PAC059	U2OS	6H	B19	BRD-K51256476	10uM	down
PAC069_U2OS_6H_I08_BRD-A37656721_20uM down	89db9669-6cb8-49b3-a9d0-c291cae7f730	250	3.862187039759831e-05	0.03956041957414068	2.190144927536232	30	PAC069	U2OS	6H	I08	BRD-A37656721	20uM	down
PAC002_U2OS_6H_I22_geldanamycin_20uM up	50477795-be4a-4b39-9b47-69a0c4fdbe5f	250	3.862187039759831e-05	0.03956041957414068	2.190144927536232	30	PAC002	U2OS	6H	I22	geldanamycin	20uM	up
PAC011_U2OS_6H_M19_BRD-K49103797_10uM up	fbe58fcd-b225-4175-9aa0-3b777728d832	250	3.862187039759831e-05	0.03956041957414068	2.190144927536232	30	PAC011	U2OS	6H	M19	BRD-K49103797	10uM	up
CPC014_PC3_24H_P24_tenofovir_10uM down	49d286c1-abf4-4ebd-a0e0-819df4b339c4	250	3.862187039759831e-05	0.03956041957414068	2.190144927536232	30	CPC014	PC3	24H	P24	tenofovir	10uM	down
CPC015_NPC_24H_H16_hydrastine_10uM down	f2d52be1-ec57-43e5-8495-1a4ef0fc60a7	250	3.862187039759831e-05	0.03956041957414068	2.190144927536232	30	CPC015	NPC	24H	H16	hydrastine	10uM	down
REP.A020_JURKAT_24H_K01_XBD-173_10uM down	0e504870-8810-4268-a192-be27c1a6a7f1	250	3.862187039759831e-05	0.03956041957414068	2.190144927536232	30	REP.A020	JURKAT	24H	K01	XBD-173	10uM	down
REP.A022_JURKAT_24H_K20_MLN-4924_3.33uM up	6936e6d4-5cc2-42d5-b75a-801619509b8d	250	3.862187039759831e-05	0.03956041957414068	2.190144927536232	30	REP.A022	JURKAT	24H	K20	MLN-4924	3.33uM	up
MOA001_U2OS_24H_C15_NVP-BEZ235_10uM down	77b51087-0f45-4f6c-82b1-85afee4dd956	250	3.862187039759831e-05	0.03956041957414068	2.190144927536232	30	MOA001	U2OS	24H	C15	NVP-BEZ235	10uM	down
PAC033_U2OS_6H_F22_BRD-K94082609_10uM down	233df5ca-630d-4f1a-8382-0d89519e8f12	250	3.862187039759831e-05	0.03956041957414068	2.190144927536232	30	PAC033	U2OS	6H	F22	BRD-K94082609	10uM	down
PAC058_U2OS_6H_M24_BRD-K50131741_10uM down	b13c2642-d746-41c7-b14a-9516bc46cb03	250	3.862187039759831e-05	0.03956041957414068	2.190144927536232	30	PAC058	U2OS	6H	M24	BRD-K50131741	10uM	down
PAC068_U2OS_6H_K22_BRD-K30558628_10uM down	1d6f57e5-b257-46fd-9f63-567c61158656	250	3.862187039759831e-05	0.03956041957414068	2.190144927536232	30	PAC068	U2OS	6H	K22	BRD-K30558628	10uM	down
POL001_HT29_24H_O01_vorinostat_10uM up	16b19e95-494a-4b4f-8d48-dc66b77a85a8	250	3.862187039759831e-05	0.03956041957414068	2.190144927536232	30	POL001	HT29	24H	O01	vorinostat	10uM	up
REP.B004_A375_24H_E05_mecamylamine_0.03uM up	e542d1d6-0cdc-4591-9f61-ad68a5a2c119	250	3.862187039759831e-05	0.03956041957414068	2.190144927536232	30	REP.B004	A375	24H	E05	mecamylamine	0.03uM	up
REP.B011_PC3_24H_N08_PF-04691502_0.74uM down	5a345d74-e767-45fa-8135-0c8e0944a2c2	250	3.862187039759831e-05	0.03956041957414068	2.190144927536232	30	REP.B011	PC3	24H	N08	PF-04691502	0.74uM	down
REP.A001_A549_24H_H07_lomeguatrib_10uM up	a84506e9-dbdd-46a9-9a15-05eb04540887	250	3.862187039759831e-05	0.03956041957414068	2.190144927536232	30	REP.A001	A549	24H	H07	lomeguatrib	10uM	up
XPR010_AGS.311_96H_F20_DGKA up	c0153c0f-87f7-4e6f-98b5-7ad750adecb9	250	3.862187039759831e-05	0.03956041957414068	2.190144927536232	30	XPR010	AGS.311	96H	F20	DGKA	N/A	up
AICHI002_BJAB_24H_G13_vorinostat_10uM up	4c76bce2-4f26-4693-bd40-5dae7158033b	250	3.862187039759831e-05	0.03956041957414068	2.190144927536232	30	AICHI002	BJAB	24H	G13	vorinostat	10uM	up
ASG003_XC.P026_24H_I24_GW-501516_0.12uM down	94440630-e76d-47b6-a1cd-c4be0a20af26	250	3.862187039759831e-05	0.03956041957414068	2.190144927536232	30	ASG003	XC.P026	24H	I24	GW-501516	0.12uM	down
DOS055_MCF7_24H_D18_BRD-K94585132_4uM up	be12b6dc-5021-4d77-8cf0-c7d358612107	250	3.862187039759831e-05	0.03956041957414068	2.190144927536232	30	DOS055	MCF7	24H	D18	BRD-K94585132	4uM	up
ASG002_ES2_24H_J07_lopinavir_10uM down	b8930807-06d6-445c-9c7c-9ccb4e8d0225	250	3.862187039759831e-05	0.03956041957414068	2.190144927536232	30	ASG002	ES2	24H	J07	lopinavir	10uM	down
CPC002_HA1E_24H_P16_benperidol_10uM down	314e8f11-e6fd-40d4-8940-7ad186e9500b	250	3.862187039759831e-05	0.03956041957414068	2.190144927536232	30	CPC002	HA1E	24H	P16	benperidol	10uM	down
EMU001_NALM6_24H_M16_docetaxel_0.125uM down	ca52464e-d3ff-41f4-88b3-fc8a9790de10	250	3.862187039759831e-05	0.03956041957414068	2.190144927536232	30	EMU001	NALM6	24H	M16	docetaxel	0.125uM	down
CPC007_HT29_24H_P07_BRD-K76425766_10uM up	242ef17b-b46a-4223-b574-49c5371d44f4	250	3.862187039759831e-05	0.03956041957414068	2.190144927536232	30	CPC007	HT29	24H	P07	BRD-K76425766	10uM	up
ISO002_MCF10A.BRCA1.HD_24H_O17_tivozanib_0.125uM down	aad60e6b-d6dc-47f3-a1a9-d273c2afedb5	250	3.862187039759831e-05	0.03956041957414068	2.190144927536232	30	ISO002	MCF10A.BRCA1.HD	24H	O17	tivozanib	0.125uM	down
DOSBIO001_PC3_24H_P03_SA-1457472_10uM down	6d2430b4-884c-4672-8de0-eca44116fcc8	250	3.862187039759831e-05	0.03956041957414068	2.190144927536232	30	DOSBIO001	PC3	24H	P03	SA-1457472	10uM	down
CPC014_NPC_24H_B10_CGP-52411_10uM up	efad5f76-c82a-4ad8-aa16-13c83ec6722e	250	3.862187039759831e-05	0.03956041957414068	2.190144927536232	30	CPC014	NPC	24H	B10	CGP-52411	10uM	up
LJP009_JURKAT_24H_N18_JNK-IN-5A_0.04uM down	8e030be1-2153-43e8-b1fe-3d5b76ae0b52	250	3.862187039759831e-05	0.03956041957414068	2.190144927536232	30	LJP009	JURKAT	24H	N18	JNK-IN-5A	0.04uM	down
LKCP002_U2OS_48H_P01_GDC-0068_10uM down	4a7b9e96-4696-4f26-aa6b-b7d139313e17	250	3.862187039759831e-05	0.03956041957414068	2.190144927536232	30	LKCP002	U2OS	48H	P01	GDC-0068	10uM	down
LJP006_PC3_24H_N01_GSK-2126458_10uM down	3e2b374b-6f08-4526-82b5-8bf068a9fc9a	250	3.862187039759831e-05	0.03956041957414068	2.190144927536232	30	LJP006	PC3	24H	N01	GSK-2126458	10uM	down
NMH002_NEU_24H_N22_BG-1024_10uM up	4f0b4ff8-4ca8-4b3d-9a4b-6d216697b97b	250	3.862187039759831e-05	0.03956041957414068	2.190144927536232	30	NMH002	NEU	24H	N22	BG-1024	10uM	up
MOAR011_CJM_24H_M23_BIX-01294_3.33uM down	ec0c57e7-d58c-40c3-8940-c9af8221bed5	250	3.862187039759831e-05	0.03956041957414068	2.190144927536232	30	MOAR011	CJM	24H	M23	BIX-01294	3.33uM	down
XPR019_BICR6.311_96H_E19_LGALS16 down	560b76e3-6027-48a5-a083-384b10d8500e	250	3.862187039759831e-05	0.03956041957414068	2.190144927536232	30	XPR019	BICR6.311	96H	E19	LGALS16	N/A	down
REP.B013_HEK293_24H_B21_GSK-256066_0.25uM up	1f441388-5fcf-4cc4-a113-07a0eadf13d6	250	3.862187039759831e-05	0.03956041957414068	2.190144927536232	30	REP.B013	HEK293	24H	B21	GSK-256066	0.25uM	up
XPR034_BICR6.311_96H_F01_MYO3A down	6f17337a-4397-4193-ba6c-e8f681865b3c	250	3.862187039759831e-05	0.03956041957414068	2.190144927536232	30	XPR034	BICR6.311	96H	F01	MYO3A	N/A	down
PAC027_U2OS_6H_P17_BRD-K69443135_10uM down	8ba858f0-cb82-4468-aa2f-abe6114d71e3	250	3.862187039759831e-05	0.03956041957414068	2.190144927536232	30	PAC027	U2OS	6H	P17	BRD-K69443135	10uM	down
PAC039_U2OS_6H_K20_BRD-K56086519_10uM up	9b451f0c-31d3-49a4-9276-0956b854e7e3	250	3.862187039759831e-05	0.03956041957414068	2.190144927536232	30	PAC039	U2OS	6H	K20	BRD-K56086519	10uM	up
PAC049_U2OS_6H_M09_thioridazine_20uM up	6ddc77e8-de9c-4835-9846-95345f7bda50	250	3.862187039759831e-05	0.03956041957414068	2.190144927536232	30	PAC049	U2OS	6H	M09	thioridazine	20uM	up
PAC051_U2OS_6H_A03_BRD-K36462169_10uM down	aaa740b6-f183-436e-990e-65a300163a53	250	3.862187039759831e-05	0.03956041957414068	2.190144927536232	30	PAC051	U2OS	6H	A03	BRD-K36462169	10uM	down
PAC051_U2OS_6H_E24_BRD-K95666496_10uM down	25703d36-1348-4324-a9b0-5797c8749bf7	250	3.862187039759831e-05	0.03956041957414068	2.190144927536232	30	PAC051	U2OS	6H	E24	BRD-K95666496	10uM	down
PAC040_U2OS_6H_D14_BRD-K39223685_10uM down	7a25b4fe-8109-403b-86e1-2f716b05c55d	250	3.862187039759831e-05	0.03956041957414068	2.190144927536232	30	PAC040	U2OS	6H	D14	BRD-K39223685	10uM	down
PCLB003_A549_24H_K13_BRD-K35860134_10uM up	56af67f7-2888-4871-8946-59e64045e3dc	250	3.862187039759831e-05	0.03956041957414068	2.190144927536232	30	PCLB003	A549	24H	K13	BRD-K35860134	10uM	up
REP.A015_HA1E_24H_O23_emtricitabine_0.125uM down	627fe77f-b908-4fdd-8af8-190e38fee14a	250	3.862187039759831e-05	0.03956041957414068	2.190144927536232	30	REP.A015	HA1E	24H	O23	emtricitabine	0.125uM	down
REP.A005_A375_24H_L19_APD-668_10uM up	6d19408f-a53b-411a-b13b-1e3b4c011098	250	3.862187039759831e-05	0.03956041957414068	2.190144927536232	30	REP.A005	A375	24H	L19	APD-668	10uM	up
REP.A024_PC3_24H_C06_doramapimod_0.04uM up	6950e503-7ec1-4f2a-9719-f164faac0a31	250	3.862187039759831e-05	0.03956041957414068	2.190144927536232	30	REP.A024	PC3	24H	C06	doramapimod	0.04uM	up
REP.A007_A375_24H_I07_GDC-0941_10uM down	3249bfea-ee88-4a4b-9634-880810a09b02	250	3.862187039759831e-05	0.03956041957414068	2.190144927536232	30	REP.A007	A375	24H	I07	GDC-0941	10uM	down
REP.B025_MCF7_24H_J21_tioguanine_0.25uM up	56f3382a-951d-4460-9c84-8f541ce9c926	250	3.862187039759831e-05	0.03956041957414068	2.190144927536232	30	REP.B025	MCF7	24H	J21	tioguanine	0.25uM	up
XPR023_BICR6.311_96H_I16_RSBN1 up	8027cd9c-57d9-4fc3-8f15-7355779d1fcd	250	3.862187039759831e-05	0.03956041957414068	2.190144927536232	30	XPR023	BICR6.311	96H	I16	RSBN1	N/A	up
XPR034_BICR6.311_96H_G15_GLO1 up	73a77735-e2ed-4327-a349-f7ba8929be76	250	3.862187039759831e-05	0.03956041957414068	2.190144927536232	30	XPR034	BICR6.311	96H	G15	GLO1	N/A	up
XPR035_BICR6.311_96H_G14_TPD52L3 down	7f59b67b-5363-4ee6-9287-e2655418c53c	250	3.862187039759831e-05	0.03956041957414068	2.190144927536232	30	XPR035	BICR6.311	96H	G14	TPD52L3	N/A	down
XPR036_MCF7.311_96H_B19_ALDH18A1 down	dd30bccf-c9b2-4a85-9cc1-76551032af14	250	3.862187039759831e-05	0.03956041957414068	2.190144927536232	30	XPR036	MCF7.311	96H	B19	ALDH18A1	N/A	down
REP.B023_A375_24H_H01_atorvastatin_2.22uM down	d69efeed-3ffd-49f0-81d6-357c155a57ee	250	3.862187039759831e-05	0.03956041957414068	2.190144927536232	30	REP.B023	A375	24H	H01	atorvastatin	2.22uM	down
XPR009_MCF7.311_96H_B23_PTGDR2 up	4d23c841-199c-4786-be28-31b580ba3aa4	250	3.862187039759831e-05	0.03956041957414068	2.190144927536232	30	XPR009	MCF7.311	96H	B23	PTGDR2	N/A	up
ASG003_XC.P910_24H_L11_AZD-8055_1.11uM down	dbb307fa-1956-47c3-aafe-b84e5c6b4aca	250	3.862187039759831e-05	0.03956041957414068	2.190144927536232	30	ASG003	XC.P910	24H	L11	AZD-8055	1.11uM	down
XPR031_A375.311_96H_J13_PLS3 up	8c709be7-a08c-4159-a804-f86f9d09fbde	250	3.862187039759831e-05	0.03956041957414068	2.190144927536232	30	XPR031	A375.311	96H	J13	PLS3	N/A	up
CPC015_MCF7_24H_I23_homosalate_10uM down	3a5c022c-ad9e-40ad-af2e-086ff0911593	250	3.862187039759831e-05	0.03956041957414068	2.190144927536232	30	CPC015	MCF7	24H	I23	homosalate	10uM	down
CRCGN004_PC3_24H_E07_methapyrilene_20uM down	ae21cf2e-6aee-4ebf-8ea0-30731f31b6b6	250	3.862187039759831e-05	0.03956041957414068	2.190144927536232	30	CRCGN004	PC3	24H	E07	methapyrilene	20uM	down
REP.A012_MCF10A_24H_O20_cobimetinib_3.33uM down	f5a3f2a6-129c-416f-acc7-0f525bc30cc1	250	3.862187039759831e-05	0.03956041957414068	2.190144927536232	30	REP.A012	MCF10A	24H	O20	cobimetinib	3.33uM	down
ISO002_MCF10A.WTLP_24H_J04_BRD-K38024286_0.37uM down	61f862b4-df41-4c1a-befc-2dc3b89a6f6b	250	3.862187039759831e-05	0.03956041957414068	2.190144927536232	30	ISO002	MCF10A.WTLP	24H	J04	BRD-K38024286	0.37uM	down
KMS002_NOMO1_6H_B16_TUL_XX087_1.11uM up	36156cbc-39cd-48a6-9c56-5312466098f4	250	3.862187039759831e-05	0.03956041957414068	2.190144927536232	30	KMS002	NOMO1	6H	B16	TUL	XX087_1.11uM	up
DOS051_PC3_24H_O05_BRD-M94512770_4uM down	4bf9aa91-a95c-4a03-a758-53309e9004f9	250	3.862187039759831e-05	0.03956041957414068	2.190144927536232	30	DOS051	PC3	24H	O05	BRD-M94512770	4uM	down
LJP007_HUES3_24H_L08_MLN-0128_3.33uM down	9b20e96a-38bc-4e30-a532-aa5d8ad70909	250	3.862187039759831e-05	0.03956041957414068	2.190144927536232	30	LJP007	HUES3	24H	L08	MLN-0128	3.33uM	down
CPC003_VCAP_24H_F02_ethisterone_10uM down	0b3cdb4d-227c-4343-9779-ef24a8651b9d	250	3.862187039759831e-05	0.03956041957414068	2.190144927536232	30	CPC003	VCAP	24H	F02	ethisterone	10uM	down
MOAR009_BEN_24H_L22_ivermectin_10uM up	5baf5e93-27d4-4838-9ede-462b67d50009	250	3.862187039759831e-05	0.03956041957414068	2.190144927536232	30	MOAR009	BEN	24H	L22	ivermectin	10uM	up
CPC006_THP1_6H_C02_SB-216763_10uM down	509ebaba-5e19-4615-9e79-294a6e3f32be	250	3.862187039759831e-05	0.03956041957414068	2.190144927536232	30	CPC006	THP1	6H	C02	SB-216763	10uM	down
CPC010_MCF7_24H_P08_BRD-K99135512_10uM down	521b2583-0e1d-4f40-b5ff-9c76c529eecc	250	3.862187039759831e-05	0.03956041957414068	2.190144927536232	30	CPC010	MCF7	24H	P08	BRD-K99135512	10uM	down
FIBR031_MCLF054CN_6H_M05_tipifarnib-P2_4uM up	145f6769-efe5-4ec0-8d23-b0924cea730c	250	3.862187039759831e-05	0.03956041957414068	2.190144927536232	30	FIBR031	MCLF054CN	6H	M05	tipifarnib-P2	4uM	up
DOS046_HT29_24H_M03_BRD-K17854785_4uM down	4832ec79-45dd-4279-bbcc-15ff3bb18f4b	250	3.862187039759831e-05	0.03956041957414068	2.190144927536232	30	DOS046	HT29	24H	M03	BRD-K17854785	4uM	down
PAC051_U2OS_6H_J04_BRD-K55194575_10uM up	2d0ca68b-49b0-4088-b03f-5218b69c4a18	250	3.862187039759831e-05	0.03956041957414068	2.190144927536232	30	PAC051	U2OS	6H	J04	BRD-K55194575	10uM	up
CPC010_MCF7_24H_H10_BRD-K41845021_10uM down	682e9a33-9ffe-4d3a-8fc6-ab84b6538348	250	3.862187039759831e-05	0.03956041957414068	2.190144927536232	30	CPC010	MCF7	24H	H10	BRD-K41845021	10uM	down
PAC064_U2OS_6H_P03_BRD-K67426191_10uM down	f702ed92-1e9d-4fa5-bf58-bd07ccca197e	250	3.862187039759831e-05	0.03956041957414068	2.190144927536232	30	PAC064	U2OS	6H	P03	BRD-K67426191	10uM	down
CPC019_MCF7_24H_G02_BRD-K32238524_10uM up	368f2ddf-9523-4c36-b059-184bd03ba9e8	250	3.862187039759831e-05	0.03956041957414068	2.190144927536232	30	CPC019	MCF7	24H	G02	BRD-K32238524	10uM	up
CPC014_VCAP_24H_G15_QL-X-138_10uM down	3d13dc90-f5b3-47ee-8ac0-335879b8640c	250	3.862187039759831e-05	0.03956041957414068	2.190144927536232	30	CPC014	VCAP	24H	G15	QL-X-138	10uM	down
REP.A011_A549_24H_N07_PF-04691502_10uM down	c673ebf3-3e7c-4eb6-85be-8871aefee516	250	3.862187039759831e-05	0.03956041957414068	2.190144927536232	30	REP.A011	A549	24H	N07	PF-04691502	10uM	down
CRCGN017_MCF10A.WT.HP_24H_A09_acetohexamide_12uM up	499f2bfb-b156-41a2-a710-11dbc602ccc8	250	3.862187039759831e-05	0.03956041957414068	2.190144927536232	30	CRCGN017	MCF10A.WT.HP	24H	A09	acetohexamide	12uM	up
XPR013_MCF7.311_96H_J09_CCL20 up	8b0af144-e4ef-4e7a-84ce-79a07afa4ff6	250	3.862187039759831e-05	0.03956041957414068	2.190144927536232	30	XPR013	MCF7.311	96H	J09	CCL20	N/A	up
DOS015_VCAP_6H_E10_BRD-A19037878_10uM up	506b1ade-52d5-4bf8-aec2-e48a2daa7acd	250	3.862187039759831e-05	0.03956041957414068	2.190144927536232	30	DOS015	VCAP	6H	E10	BRD-A19037878	10uM	up
REP.B005_PC3_24H_E20_deforolimus_0.74uM down	4b535b7a-6ace-4891-95ac-8088e2dfeeca	250	3.862187039759831e-05	0.03956041957414068	2.190144927536232	30	REP.B005	PC3	24H	E20	deforolimus	0.74uM	down
PBIOA016_HEPG2_24H_D07_NVP-BEZ235_10uM down	bc96094a-f9c9-452c-9e14-c85c8bcfabdb	250	3.862187039759831e-05	0.03956041957414068	2.190144927536232	30	PBIOA016	HEPG2	24H	D07	NVP-BEZ235	10uM	down
REP.B019_MCF10A_24H_F21_umeclidinium_0.25uM up	12a30e3d-84cb-4704-ad44-7ad78b4e31ce	250	3.862187039759831e-05	0.03956041957414068	2.190144927536232	30	REP.B019	MCF10A	24H	F21	umeclidinium	0.25uM	up
REP.A004_HELA_24H_B16_MK-0752_0.37uM up	c5b02da0-de2a-4e0b-96a9-6c457a1f6012	250	3.862187039759831e-05	0.03956041957414068	2.190144927536232	30	REP.A004	HELA	24H	B16	MK-0752	0.37uM	up
REP.A023_YAPC_24H_O08_CEP-37440_3.33uM up	0340455d-eaa6-4be8-b510-30ff894dcc07	250	3.862187039759831e-05	0.03956041957414068	2.190144927536232	30	REP.A023	YAPC	24H	O08	CEP-37440	3.33uM	up
XPR031_AGS.311_96H_L10_POLR3H up	4bc2207a-f223-49e4-80ec-b9b34290fa70	250	3.862187039759831e-05	0.03956041957414068	2.190144927536232	30	XPR031	AGS.311	96H	L10	POLR3H	N/A	up
XPR035_AGS.311_96H_G13_DLG1 down	6a9dc7c5-a7f8-4111-82d6-529a1c7e2584	250	3.862187039759831e-05	0.03956041957414068	2.190144927536232	30	XPR035	AGS.311	96H	G13	DLG1	N/A	down
XPR020_ES2.311_96H_G01_LTN1 down	2bea98a7-1c04-42e5-96cd-3fd523eab28c	250	3.862187039759831e-05	0.03956041957414068	2.190144927536232	30	XPR020	ES2.311	96H	G01	LTN1	N/A	down
CPC013_SKB_24H_B03_BRD-A19037878_10uM up	e7d75a78-ee70-4878-a9fd-791f78dfaf04	250	3.862187039759831e-05	0.03956041957414068	2.190144927536232	30	CPC013	SKB	24H	B03	BRD-A19037878	10uM	up
CPC020_PC3_24H_E22_GSK-1059615_10uM up	29e297c6-4304-4aee-a5bf-78b2592bb263	250	3.862187039759831e-05	0.03956041957414068	2.190144927536232	30	CPC020	PC3	24H	E22	GSK-1059615	10uM	up
XPR021_AGS.311_96H_E11_NADSYN1 up	1ac7469b-3440-4dba-b828-e8034e7e404e	250	3.862187039759831e-05	0.03956041957414068	2.190144927536232	30	XPR021	AGS.311	96H	E11	NADSYN1	N/A	up
DOS021_VCAP_24H_B21_BRD-K33868913_4uM up	420ceb94-f532-4d82-8a5d-cb5c5e87fd56	250	3.862187039759831e-05	0.03956041957414068	2.190144927536232	30	DOS021	VCAP	24H	B21	BRD-K33868913	4uM	up
FIBR012_MCLF015CN_6H_F19_sildenafil_4uM up	e0ee2441-7679-4e7e-8a30-bca7cd0e1444	250	3.862187039759831e-05	0.03956041957414068	2.190144927536232	30	FIBR012	MCLF015CN	6H	F19	sildenafil	4uM	up
XPR033_ES2.311_96H_H02_CTSG down	7d56abe3-07db-4b17-821a-0dfb12946bab	250	3.862187039759831e-05	0.03956041957414068	2.190144927536232	30	XPR033	ES2.311	96H	H02	CTSG	N/A	down
XPR036_A375.311_96H_K19_CSNK1A1L up	afa2f4e2-3769-429d-97e0-8a71b05bca55	250	3.862187039759831e-05	0.03956041957414068	2.190144927536232	30	XPR036	A375.311	96H	K19	CSNK1A1L	N/A	up
XPR037_AGS.311_96H_E03_FGD2 down	bc5d3714-3fb1-4ba2-a29d-707fe2e17077	250	3.862187039759831e-05	0.03956041957414068	2.190144927536232	30	XPR037	AGS.311	96H	E03	FGD2	N/A	down
PAC025_U2OS_6H_E16_BRD-K26443253_10uM up	12349aca-37e2-47cc-9419-1088f9c2116a	250	3.862187039759831e-05	0.03956041957414068	2.190144927536232	30	PAC025	U2OS	6H	E16	BRD-K26443253	10uM	up
PAC027_U2OS_6H_I16_BRD-K31460017_10uM down	7f21c2cb-c205-49f9-8979-4e8c3def3086	250	3.862187039759831e-05	0.03956041957414068	2.190144927536232	30	PAC027	U2OS	6H	I16	BRD-K31460017	10uM	down
ERG005_VCAP_24H_J06_genistein_4uM up	6b3db492-83b9-43f3-89d8-2c96a97f5af4	250	3.862187039759831e-05	0.03956041957414068	2.190144927536232	30	ERG005	VCAP	24H	J06	genistein	4uM	up
PAC050_U2OS_6H_C14_BRD-K15515777_10uM down	3604f8d3-c69f-4074-848b-040b11a780f2	250	3.862187039759831e-05	0.03956041957414068	2.190144927536232	30	PAC050	U2OS	6H	C14	BRD-K15515777	10uM	down
ASG003_XC.500_24H_D21_AMG-232_0.12uM up	3ccc61e8-6813-4c0a-99e3-2f23eabdfa1f	250	3.862187039759831e-05	0.03956041957414068	2.190144927536232	30	ASG003	XC.500	24H	D21	AMG-232	0.12uM	up
REP.A006_PC3_24H_A20_mubritinib_3.33uM down	eb4ab346-9263-417a-a44a-b75dc0cfbc5b	250	3.862187039759831e-05	0.03956041957414068	2.190144927536232	30	REP.A006	PC3	24H	A20	mubritinib	3.33uM	down
REP.A010_A375_24H_L23_R-428_0.125uM up	99272a38-3b9b-47fd-87cd-f36699aca57d	250	3.862187039759831e-05	0.03956041957414068	2.190144927536232	30	REP.A010	A375	24H	L23	R-428	0.125uM	up
ERG010_VCAP_24H_G03_BRD-K70399291_10uM down	84e5cdda-9c5e-4905-be97-6a59c65c3c2a	250	3.862187039759831e-05	0.03956041957414068	2.190144927536232	30	ERG010	VCAP	24H	G03	BRD-K70399291	10uM	down
CEGS001_NPC.8330_24H_O04_AZD-8055_1.25uM down	2143106d-2362-4785-81bf-a97a302a61b6	250	3.862187039759831e-05	0.03956041957414068	2.190144927536232	30	CEGS001	NPC.8330	24H	O04	AZD-8055	1.25uM	down
DOS034_A549_24H_N05_BRD-K81646882_4uM up	e78bde8e-ea9e-4ffa-99bb-c587197a7ff3	250	3.862187039759831e-05	0.03956041957414068	2.190144927536232	30	DOS034	A549	24H	N05	BRD-K81646882	4uM	up
REP.B001_A375_24H_G22_proguanil_0.08uM up	279a97a1-784d-469c-be0b-e8d9fc48247c	250	3.862187039759831e-05	0.03956041957414068	2.190144927536232	30	REP.B001	A375	24H	G22	proguanil	0.08uM	up
REP.B012_MCF10A_24H_F22_pimozide_0.08uM down	a9f1f5eb-58d2-45a4-b8f8-7d940146fb6a	250	3.862187039759831e-05	0.03956041957414068	2.190144927536232	30	REP.B012	MCF10A	24H	F22	pimozide	0.08uM	down
XPR008_MCF7.311_96H_D23_HTR1A up	9eaa507e-6332-4bd4-a2fe-b20fa278fa86	250	3.862187039759831e-05	0.03956041957414068	2.190144927536232	30	XPR008	MCF7.311	96H	D23	HTR1A	N/A	up
DOSBIO001_MCF7_24H_H21_BRD-K96041907_10uM down	110a5332-10e9-40fb-aeac-67065149046f	250	3.862187039759831e-05	0.03956041957414068	2.190144927536232	30	DOSBIO001	MCF7	24H	H21	BRD-K96041907	10uM	down
LJP009_NEU_24H_G08_SB-203580_3.33uM down	ce8ede70-64df-4921-81f3-f1b397560531	250	3.862187039759831e-05	0.03956041957414068	2.190144927536232	30	LJP009	NEU	24H	G08	SB-203580	3.33uM	down
LKCP001_A549_24H_K02_everolimus_1.11uM down	7803e481-8111-465e-ad03-abf90e985404	250	3.862187039759831e-05	0.03956041957414068	2.190144927536232	30	LKCP001	A549	24H	K02	everolimus	1.11uM	down
ASG003_XC.P922_24H_A07_NVP-BEZ235_10uM down	91d269fb-228a-4527-adcc-325194374766	250	3.862187039759831e-05	0.03956041957414068	2.190144927536232	30	ASG003	XC.P922	24H	A07	NVP-BEZ235	10uM	down
MOAR009_NCIH2110_24H_P13_GS-9973_10uM down	cf8328ec-af6a-4fdc-bf7d-628a7ee19ed6	250	3.862187039759831e-05	0.03956041957414068	2.190144927536232	30	MOAR009	NCIH2110	24H	P13	GS-9973	10uM	down
FIBR029_MCLF040SZ_6H_M08_ellagic-acid_4uM up	b2738275-f3c3-409b-a6f6-e70052ec4261	250	3.862187039759831e-05	0.03956041957414068	2.190144927536232	30	FIBR029	MCLF040SZ	6H	M08	ellagic-acid	4uM	up
DOSVAL006_HCC515_24H_C11_BRD-K87434936_10uM down	59ceb985-994c-49b0-b0fb-de4ff31a31ff	250	3.862187039759831e-05	0.03956041957414068	2.190144927536232	30	DOSVAL006	HCC515	24H	C11	BRD-K87434936	10uM	down
EMU001_TMD8_24H_C21_mitoxantrone_0.66uM down	e658eb8e-3f7a-43a6-853d-334764dfc513	250	3.862187039759831e-05	0.03956041957414068	2.190144927536232	30	EMU001	TMD8	24H	C21	mitoxantrone	0.66uM	down
FIBR006_MCLF033SZ_6H_D13_kinetin-riboside_2.22uM up	978532eb-2aad-46d6-adfe-686c713ef6c4	250	3.862187039759831e-05	0.03956041957414068	2.190144927536232	30	FIBR006	MCLF033SZ	6H	D13	kinetin-riboside	2.22uM	up
MOA001_U2OS_24H_C06_BRD-K41483742_3.33uM up	b26d10ea-d608-4bef-a39f-27f331d1f2d2	250	3.862187039759831e-05	0.03956041957414068	2.190144927536232	30	MOA001	U2OS	24H	C06	BRD-K41483742	3.33uM	up
PAC012_U2OS_6H_C18_BRD-K62214276_10uM down	5722fb31-b093-41e6-a6a6-033b78f07e46	250	3.862187039759831e-05	0.03956041957414068	2.190144927536232	30	PAC012	U2OS	6H	C18	BRD-K62214276	10uM	down
FIBR006_MCLF033SZ_6H_G23_RITA_4uM down	c8af21d2-d3f4-4457-911d-2326af45ab0c	250	3.862187039759831e-05	0.03956041957414068	2.190144927536232	30	FIBR006	MCLF033SZ	6H	G23	RITA	4uM	down
XPR012_MCF7.311_96H_P20_BTNL8 up	0f88d125-ea4c-4544-bbbb-8a1eeaf851ed	250	3.862187039759831e-05	0.03956041957414068	2.190144927536232	30	XPR012	MCF7.311	96H	P20	BTNL8	N/A	up
PAC025_U2OS_6H_G22_BRD-K48738035_10uM up	7c637ac6-b82a-4e03-9294-fba34fcc3def	250	3.862187039759831e-05	0.03956041957414068	2.190144927536232	30	PAC025	U2OS	6H	G22	BRD-K48738035	10uM	up
PAC044_U2OS_6H_D07_BRD-K48753787_10uM down	51f8bb0e-dac3-482b-b4ee-42b0e1217c00	250	3.862187039759831e-05	0.03956041957414068	2.190144927536232	30	PAC044	U2OS	6H	D07	BRD-K48753787	10uM	down
PAC048_U2OS_6H_E10_geldanamycin_20uM up	bbde78f2-080e-4918-82ce-bf3983c68a7d	250	3.862187039759831e-05	0.03956041957414068	2.190144927536232	30	PAC048	U2OS	6H	E10	geldanamycin	20uM	up
PBIOA004_XC.L10_24H_O04_tanespimycin_10uM down	438d6d9a-5aa6-4450-b2aa-3aef8a42f7aa	250	3.862187039759831e-05	0.03956041957414068	2.190144927536232	30	PBIOA004	XC.L10	24H	O04	tanespimycin	10uM	down
PAC048_U2OS_6H_L03_BRD-K70899691_10uM up	7b18f394-c13e-483c-a6fb-2b06fcc3b551	250	3.862187039759831e-05	0.03956041957414068	2.190144927536232	30	PAC048	U2OS	6H	L03	BRD-K70899691	10uM	up
REP.A002_XC.L10_24H_M14_artesunate_3.33uM up	229b9ddc-217e-4c0a-abab-1dd8d94f516b	250	3.862187039759831e-05	0.03956041957414068	2.190144927536232	30	REP.A002	XC.L10	24H	M14	artesunate	3.33uM	up
REP.A013_A549_24H_N10_loxoprofen_0.37uM down	6ce5842e-9fae-4c5a-bdfb-4ba56832e2ef	250	3.862187039759831e-05	0.03956041957414068	2.190144927536232	30	REP.A013	A549	24H	N10	loxoprofen	0.37uM	down
REP.A015_YAPC_24H_L05_MLN-0128_0.125uM up	d85061dd-cfe0-44b1-a4c2-9e14dbd0a2aa	250	3.862187039759831e-05	0.03956041957414068	2.190144927536232	30	REP.A015	YAPC	24H	L05	MLN-0128	0.125uM	up
REP.A021_JURKAT_24H_E24_miconazole_0.04uM down	382814b8-7424-4732-969c-e3bab4edfdf0	250	3.862187039759831e-05	0.03956041957414068	2.190144927536232	30	REP.A021	JURKAT	24H	E24	miconazole	0.04uM	down
PAC069_U2OS_6H_H09_BRD-K11474067_20uM down	96d31f80-d1f6-4bd5-8cfb-4de15a6b6f17	250	3.862187039759831e-05	0.03956041957414068	2.190144927536232	30	PAC069	U2OS	6H	H09	BRD-K11474067	20uM	down
REP.B021_MCF10A_24H_I06_NMS-1286937_0.01uM down	7e4dd2ad-688f-4b44-b5a3-110d41c4b8e0	250	3.862187039759831e-05	0.03956041957414068	2.190144927536232	30	REP.B021	MCF10A	24H	I06	NMS-1286937	0.01uM	down
AICHI001_THP1_24H_C09_TAK-715_0.66uM down	077890dc-dc53-4328-80e3-e74a99b84a9f	250	3.862187039759831e-05	0.03956041957414068	2.190144927536232	30	AICHI001	THP1	24H	C09	TAK-715	0.66uM	down
PCLB001_JURKAT_24H_G04_AT1-SHH-29_2.5uM down	30381891-988d-4acb-9b63-c53975249213	250	3.862187039759831e-05	0.03956041957414068	2.190144927536232	30	PCLB001	JURKAT	24H	G04	AT1-SHH-29	2.5uM	down
XPR019_BICR6.311_96H_D02_STAT1 down	be9572e5-23cc-4179-b012-674a3310e195	250	3.862187039759831e-05	0.03956041957414068	2.190144927536232	30	XPR019	BICR6.311	96H	D02	STAT1	N/A	down
PAC027_U2OS_6H_N20_BRD-K30065842_10uM up	7e730cb8-4bba-41e4-88d9-ef833465d49f	250	3.862187039759831e-05	0.03956041957414068	2.190144927536232	30	PAC027	U2OS	6H	N20	BRD-K30065842	10uM	up
XPR037_ES2.311_96H_I19_FDX1L down	198d1a3e-0cff-4595-aef9-53a3a26f7b2c	250	3.862187039759831e-05	0.03956041957414068	2.190144927536232	30	XPR037	ES2.311	96H	I19	FDX1L	N/A	down
ASG002_BC3C_24H_O19_salmeterol_10uM up	8cd054ba-a273-4d2d-af24-666d4169238d	250	3.862187039759831e-05	0.03956041957414068	2.190144927536232	30	ASG002	BC3C	24H	O19	salmeterol	10uM	up
LKCP002_A549_24H_E14_CGI-1746_1.11uM up	debad62c-d3d0-4049-86a7-3f3e87e09b85	250	3.862187039759831e-05	0.03956041957414068	2.190144927536232	30	LKCP002	A549	24H	E14	CGI-1746	1.11uM	up
CPC001_HA1E_24H_K21_cromakalim_10uM up	2f7874c9-d942-4a51-9c51-5c4c8a1827d2	250	3.862187039759831e-05	0.03956041957414068	2.190144927536232	30	CPC001	HA1E	24H	K21	cromakalim	10uM	up
CPC006_HA1E_24H_M24_bortezomib_0.04uM down	2c50528c-4005-4091-bfb5-4b97fb6faf64	250	3.862187039759831e-05	0.03956041957414068	2.190144927536232	30	CPC006	HA1E	24H	M24	bortezomib	0.04uM	down
CPC013_A549_24H_C17_JNJ-7706621_10uM down	b320db6d-87fd-40f1-89ab-5df1aa2fd94f	250	3.862187039759831e-05	0.03956041957414068	2.190144927536232	30	CPC013	A549	24H	C17	JNJ-7706621	10uM	down
REP.A013_A375_24H_F14_atipamezole_3.33uM down	c008b53a-6f8b-4ed7-ac01-3685e74e82e0	250	3.862187039759831e-05	0.03956041957414068	2.190144927536232	30	REP.A013	A375	24H	F14	atipamezole	3.33uM	down
FIBR038_MCLF035SZ_6H_M24_cytosporone-b_4uM down	f83cf6b6-6e06-4b37-a22a-264d9cf250bd	250	3.862187039759831e-05	0.03956041957414068	2.190144927536232	30	FIBR038	MCLF035SZ	6H	M24	cytosporone-b	4uM	down
ISO002_HCT116.WT_24H_M03_tunicamycin_1.11uM up	d39e8794-47b3-42b2-9097-e503f36c23d0	250	3.862187039759831e-05	0.03956041957414068	2.190144927536232	30	ISO002	HCT116.WT	24H	M03	tunicamycin	1.11uM	up
REP.A016_A375_24H_P09_trehalose_1.11uM up	ea9c5e1f-4423-4344-8f43-48f7a6670785	250	3.862187039759831e-05	0.03956041957414068	2.190144927536232	30	REP.A016	A375	24H	P09	trehalose	1.11uM	up
PBIOA004_XC.L10_24H_I10_KHS-101_20uM up	5d33317e-8330-4ab4-9163-c7860d0fdfe7	250	3.862187039759831e-05	0.03956041957414068	2.190144927536232	30	PBIOA004	XC.L10	24H	I10	KHS-101	20uM	up
PAC044_U2OS_6H_F24_BRD-K44205194_10uM up	83d304ee-c133-4f51-ba9a-9c5bf0756907	250	3.862187039759831e-05	0.03956041957414068	2.190144927536232	30	PAC044	U2OS	6H	F24	BRD-K44205194	10uM	up
PAC052_U2OS_6H_C04_BRD-K23770948_10uM up	7d8edfb0-8de7-4219-990b-9daac4900798	250	3.862187039759831e-05	0.03956041957414068	2.190144927536232	30	PAC052	U2OS	6H	C04	BRD-K23770948	10uM	up
PAC063_U2OS_6H_J22_BRD-K07540687_10uM down	74f40acb-6f83-4911-9c5a-3481c70261cc	250	3.862187039759831e-05	0.03956041957414068	2.190144927536232	30	PAC063	U2OS	6H	J22	BRD-K07540687	10uM	down
REP.A011_A375_24H_H23_rilpivirine_0.125uM up	bc48d840-6366-4839-99d1-78329ece0d3f	250	3.862187039759831e-05	0.03956041957414068	2.190144927536232	30	REP.A011	A375	24H	H23	rilpivirine	0.125uM	up
REP.A015_YAPC_24H_L02_MLN-0128_3.33uM up	04fe2bc9-5549-4eb4-969d-7b2ffc8390b0	250	3.862187039759831e-05	0.03956041957414068	2.190144927536232	30	REP.A015	YAPC	24H	L02	MLN-0128	3.33uM	up
REP.A007_A375_24H_P09_torin-1_1.11uM down	632d6996-f4fb-4171-b217-cd9e639f2cf5	250	3.862187039759831e-05	0.03956041957414068	2.190144927536232	30	REP.A007	A375	24H	P09	torin-1	1.11uM	down
REP.A010_JURKAT_24H_J24_guanadrel_0.04uM up	18a61372-886d-4e63-98c8-a1254b4434f0	250	3.862187039759831e-05	0.03956041957414068	2.190144927536232	30	REP.A010	JURKAT	24H	J24	guanadrel	0.04uM	up
REP.A025_MCF7_24H_H04_AZD-2014_0.37uM down	180b11ef-9da6-4f49-a345-6b4cd4083abd	250	3.862187039759831e-05	0.03956041957414068	2.190144927536232	30	REP.A025	MCF7	24H	H04	AZD-2014	0.37uM	down
REP.B014_A375_24H_E17_TAK-875_0.03uM down	a967c7aa-fa8d-4639-a92f-fcdbbcae05fe	250	3.862187039759831e-05	0.03956041957414068	2.190144927536232	30	REP.B014	A375	24H	E17	TAK-875	0.03uM	down
XPR012_MCF7.311_96H_G22_ATXN7L2 down	5e390d99-7bb2-4aa8-bea3-a80043829363	250	3.862187039759831e-05	0.03956041957414068	2.190144927536232	30	XPR012	MCF7.311	96H	G22	ATXN7L2	N/A	down
ASG002_AGS_24H_N13_JNJ-7706621_10uM up	0e011988-0b92-4677-81d5-4532c3f2dd99	250	3.862187039759831e-05	0.03956041957414068	2.190144927536232	30	ASG002	AGS	24H	N13	JNJ-7706621	10uM	up
REP.B020_JURKAT_24H_H21_ACY-1215_0.25uM down	f57de69a-2947-449f-9f1c-cccf3b6bbe8c	250	3.862187039759831e-05	0.03956041957414068	2.190144927536232	30	REP.B020	JURKAT	24H	H21	ACY-1215	0.25uM	down
REP.B024_MDAMB231_24H_O23_sildenafil_0.03uM up	8c36bc89-1f03-4bda-97f0-07de62a965b4	250	3.862187039759831e-05	0.03956041957414068	2.190144927536232	30	REP.B024	MDAMB231	24H	O23	sildenafil	0.03uM	up
XPR016_U251MG.311_96H_C03_DPEP3 up	1189cc3c-5efe-42c9-a20e-f5d3d91f479a	250	3.862187039759831e-05	0.03956041957414068	2.190144927536232	30	XPR016	U251MG.311	96H	C03	DPEP3	N/A	up
XPR034_BICR6.311_96H_C20_TRPM7 down	7ec4b7d8-8b75-49ee-92a8-a7fd4ea51f5d	250	3.862187039759831e-05	0.03956041957414068	2.190144927536232	30	XPR034	BICR6.311	96H	C20	TRPM7	N/A	down
XPR033_PC3.311B_96H_A17_MMP20 down	9a895d34-b593-487a-b700-d205c7edd468	250	3.862187039759831e-05	0.03956041957414068	2.190144927536232	30	XPR033	PC3.311B	96H	A17	MMP20	N/A	down
XPR034_YAPC.311_96H_J06_PRPF4B up	82204469-0cc7-4d0c-a9d7-84a04b1136c2	250	3.862187039759831e-05	0.03956041957414068	2.190144927536232	30	XPR034	YAPC.311	96H	J06	PRPF4B	N/A	up
AICHI002_BJAB_24H_A08_IKK-16_2.5uM down	ed4db2de-976a-43ff-9b9c-d6e6c124f110	250	3.862187039759831e-05	0.03956041957414068	2.190144927536232	30	AICHI002	BJAB	24H	A08	IKK-16	2.5uM	down
AICHI002_SKMEL5_24H_I10_bortezomib_0.125uM up	f1eb1b0e-5e4e-4c32-9274-2a1e6162f57b	250	3.862187039759831e-05	0.03956041957414068	2.190144927536232	30	AICHI002	SKMEL5	24H	I10	bortezomib	0.125uM	up
AICHI002_OCILY19_24H_L22_everolimus_0.125uM down	fbb45e2c-03eb-455a-a897-65095e56505d	250	3.862187039759831e-05	0.03956041957414068	2.190144927536232	30	AICHI002	OCILY19	24H	L22	everolimus	0.125uM	down
REP.A009_HT29_24H_C08_resminostat_3.33uM up	c7e5baed-ba12-45e3-8d53-bb6e8e69cb82	250	3.862187039759831e-05	0.03956041957414068	2.190144927536232	30	REP.A009	HT29	24H	C08	resminostat	3.33uM	up
CPC006_SNU1040_6H_B16_DL-PDMP_60uM up	a544eff7-bfe5-4fc8-b70c-7435340c17a7	250	3.862187039759831e-05	0.03956041957414068	2.190144927536232	30	CPC006	SNU1040	6H	B16	DL-PDMP	60uM	up
CPC013_VCAP_24H_G19_enobosarm_10uM down	4e498bcc-8900-4002-bff7-5a28253891a1	250	3.862187039759831e-05	0.03956041957414068	2.190144927536232	30	CPC013	VCAP	24H	G19	enobosarm	10uM	down
CRCGN004_PC3_24H_G10_aflatoxin-b1_10uM down	4a829cf7-f998-44f4-af49-637d661b4e93	250	3.862187039759831e-05	0.03956041957414068	2.190144927536232	30	CRCGN004	PC3	24H	G10	aflatoxin-b1	10uM	down
REP.B018_MCF10A_24H_I20_BI-2536_0.74uM up	257f071d-83a6-4d11-8ba4-49c4a5dd26d5	250	3.862187039759831e-05	0.03956041957414068	2.190144927536232	30	REP.B018	MCF10A	24H	I20	BI-2536	0.74uM	up
LKCP001_A549_24H_E04_radezolid_10uM up	006f79c3-552c-4de2-b4fd-97e314bd8c0e	250	3.862187039759831e-05	0.03956041957414068	2.190144927536232	30	LKCP001	A549	24H	E04	radezolid	10uM	up
ERG010_VCAP_6H_H11_BRD-K62358627_10uM up	97f0e323-da5b-44e1-8182-a98c640d2476	250	3.862187039759831e-05	0.03956041957414068	2.190144927536232	30	ERG010	VCAP	6H	H11	BRD-K62358627	10uM	up
PBIOA013_MCF7_24H_D03_GSK-690693_1.11uM down	d8fa2a01-9df7-4611-87fe-bad36f4b057f	250	3.862187039759831e-05	0.03956041957414068	2.190144927536232	30	PBIOA013	MCF7	24H	D03	GSK-690693	1.11uM	down
PBIOA016_PC3_24H_D09_NVP-BEZ235_1.11uM down	85ea52ab-8b79-448e-989b-0d35101f9fe5	250	3.862187039759831e-05	0.03956041957414068	2.190144927536232	30	PBIOA016	PC3	24H	D09	NVP-BEZ235	1.11uM	down
AICHI002_HBL1_24H_G10_BRD-K32972437_0.125uM down	c2f98c1a-6a76-4425-ae99-05b2f648164c	250	3.862187039759831e-05	0.03956041957414068	2.190144927536232	30	AICHI002	HBL1	24H	G10	BRD-K32972437	0.125uM	down
PBIOA021_HCC515_24H_D20_GO-6976_3.33uM up	74aab2ff-a81e-4eca-be83-5639b70627f4	250	3.862187039759831e-05	0.03956041957414068	2.190144927536232	30	PBIOA021	HCC515	24H	D20	GO-6976	3.33uM	up
REP.A015_YAPC_24H_N20_carglumic-acid_3.33uM down	f70d4223-5087-4da3-b060-3f544d982f67	250	3.862187039759831e-05	0.03956041957414068	2.190144927536232	30	REP.A015	YAPC	24H	N20	carglumic-acid	3.33uM	down
LJP005_MDAMB231_3H_K07_radicicol_10uM up	6172d4a3-2d3d-4107-8e00-3c741a96a4a6	250	3.862187039759831e-05	0.03956041957414068	2.190144927536232	30	LJP005	MDAMB231	3H	K07	radicicol	10uM	up
XPR028_U251MG.311_96H_I08_NDUFA12 down	7a9f899c-087c-4016-96bc-feba5e9cf32d	250	3.862187039759831e-05	0.03956041957414068	2.190144927536232	30	XPR028	U251MG.311	96H	I08	NDUFA12	N/A	down
XPR033_A549.311_96H_K19_TRPC6 up	2f51fa1f-4ae0-4d82-a3a7-a0913b1baced	250	3.862187039759831e-05	0.03956041957414068	2.190144927536232	30	XPR033	A549.311	96H	K19	TRPC6	N/A	up
XPR034_PC3.311B_96H_B10_KSR2 down	5562d107-bcac-46b0-877a-d0d9e1d97d9f	250	3.862187039759831e-05	0.03956041957414068	2.190144927536232	30	XPR034	PC3.311B	96H	B10	KSR2	N/A	down
XPR043_HCC1806.311_96H_G18_PI4KB down	8b5734d3-52d5-41ef-ab2a-75026acd80fb	250	3.862187039759831e-05	0.03956041957414068	2.190144927536232	30	XPR043	HCC1806.311	96H	G18	PI4KB	N/A	down
ASG002_MELHO_24H_N19_vandetanib_10uM up	1ce6ffd3-f907-48e6-aad6-311cf7862f3d	250	3.862187039759831e-05	0.03956041957414068	2.190144927536232	30	ASG002	MELHO	24H	N19	vandetanib	10uM	up
LJP008_ASC_24H_J22_RG-108_0.37uM up	e3a57d72-1bc1-48c7-a129-81eb90234eeb	250	3.862187039759831e-05	0.03956041957414068	2.190144927536232	30	LJP008	ASC	24H	J22	RG-108	0.37uM	up
LJP008_HEK293_24H_K07_GSK-1059615_10uM down	d31b6e08-bbfa-45f3-985c-c80de2587836	250	3.862187039759831e-05	0.03956041957414068	2.190144927536232	30	LJP008	HEK293	24H	K07	GSK-1059615	10uM	down
PAC037_U2OS_6H_M20_BRD-K73025852_10uM up	ae7a167d-4a0d-4e40-a061-5eec525e7719	250	3.862187039759831e-05	0.03956041957414068	2.190144927536232	30	PAC037	U2OS	6H	M20	BRD-K73025852	10uM	up
DOS030_VCAP_24H_G22_BRD-K05912972_4uM down	13d71b88-1d83-4fbd-bf7f-4c5ea2f24863	250	3.862187039759831e-05	0.03956041957414068	2.190144927536232	30	DOS030	VCAP	24H	G22	BRD-K05912972	4uM	down
MOAR008_A204_24H_H06_ditolylguanidine_1.11uM down	ae8ae884-4834-4e28-b897-889f4f8acaee	250	3.862187039759831e-05	0.03956041957414068	2.190144927536232	30	MOAR008	A204	24H	H06	ditolylguanidine	1.11uM	down
DOS056_MCF7_24H_K11_BRD-K68190084_4uM up	e23ec8fe-972d-46b4-a819-b2722dfc4375	250	3.862187039759831e-05	0.03956041957414068	2.190144927536232	30	DOS056	MCF7	24H	K11	BRD-K68190084	4uM	up
DOSBIO002_PC3_24H_B04_BRD-K18814836_10uM up	1f8377ca-b376-4d26-8d52-6e1a874a81ca	250	3.862187039759831e-05	0.03956041957414068	2.190144927536232	30	DOSBIO002	PC3	24H	B04	BRD-K18814836	10uM	up
ERG005_VCAP_24H_K12_thioridazine_20uM down	dd0badf7-5d2e-44cf-9007-99b1c99c760a	250	3.862187039759831e-05	0.03956041957414068	2.190144927536232	30	ERG005	VCAP	24H	K12	thioridazine	20uM	down
PAC002_U2OS_6H_D06_betulinic-acid_10uM down	26733c1a-3d44-4c36-b096-37a1003ec9d6	250	3.862187039759831e-05	0.03956041957414068	2.190144927536232	30	PAC002	U2OS	6H	D06	betulinic-acid	10uM	down
FIBR007_MCLF051CN_6H_D07_erastin_2.22uM up	e362f9d3-369f-46a9-9249-dd6ae5fcc79f	250	3.862187039759831e-05	0.03956041957414068	2.190144927536232	30	FIBR007	MCLF051CN	6H	D07	erastin	2.22uM	up
REP.B021_A375_24H_O09_allopurinol_0.25uM up	c3356dac-a212-402c-905b-8435d4b88e3b	250	3.862187039759831e-05	0.03956041957414068	2.190144927536232	30	REP.B021	A375	24H	O09	allopurinol	0.25uM	up
PAC033_U2OS_6H_O23_BRD-K94194278_10uM down	baf4c491-f910-4c50-81c1-dc87ce00aa84	250	3.862187039759831e-05	0.03956041957414068	2.190144927536232	30	PAC033	U2OS	6H	O23	BRD-K94194278	10uM	down
XPR037_ES2.311_96H_G17_FCGR3A up	5ae4aaa8-4144-4069-a70c-416c389fd572	250	3.862187039759831e-05	0.03956041957414068	2.190144927536232	30	XPR037	ES2.311	96H	G17	FCGR3A	N/A	up
REP.A024_MCF10A_24H_C13_BRD-K74305673_10uM up	a5d347c2-ea40-4cbf-b100-3d1b629caadc	250	3.862187039759831e-05	0.03956041957414068	2.190144927536232	30	REP.A024	MCF10A	24H	C13	BRD-K74305673	10uM	up
MUC.CP001_MCF7_6H_N02_SA-85901_0.37uM down	152ad4d5-4b9b-4d29-bd8e-3768a448b54b	250	3.862187039759831e-05	0.03956041957414068	2.190144927536232	30	MUC.CP001	MCF7	6H	N02	SA-85901	0.37uM	down
XPR008_MCF7.311_96H_H10_CLCNKA up	36367e8a-f042-49e0-a7e1-5a7c75f7fd79	250	3.862187039759831e-05	0.03956041957414068	2.190144927536232	30	XPR008	MCF7.311	96H	H10	CLCNKA	N/A	up
FIBR032_MCLF054CN_6H_E18_PX-12_4uM down	3139322c-fabd-4d24-b748-11d88e7ebfb2	250	3.862187039759831e-05	0.03956041957414068	2.190144927536232	30	FIBR032	MCLF054CN	6H	E18	PX-12	4uM	down
PAC032_U2OS_6H_M06_BRD-K94353570_10uM up	c55f82a6-0554-4b96-918b-e5418705fd72	250	3.862187039759831e-05	0.03956041957414068	2.190144927536232	30	PAC032	U2OS	6H	M06	BRD-K94353570	10uM	up
REP.A015_A375_24H_L03_MLN-0128_1.11uM up	a1ceefe5-8655-4279-8540-e0b0b88bdc42	250	3.862187039759831e-05	0.03956041957414068	2.190144927536232	30	REP.A015	A375	24H	L03	MLN-0128	1.11uM	up
DOSVAL004_HCC515_24H_G15_vorinostat_4uM up	b1878d10-6e7d-47a5-b4b6-8af61ffaf249	250	3.862187039759831e-05	0.03956041957414068	2.190144927536232	30	DOSVAL004	HCC515	24H	G15	vorinostat	4uM	up
XPR012_MCF7.311_96H_B09_BICC1 up	21c711e5-891c-4c5d-9bc8-f0f6e30a612c	250	3.862187039759831e-05	0.03956041957414068	2.190144927536232	30	XPR012	MCF7.311	96H	B09	BICC1	N/A	up
PCLB003_MCF7_24H_H08_tert-butylhydroquinone_30uM up	af79ba90-5d14-4d1a-9f6e-a3b34f33d2d1	250	3.862187039759831e-05	0.03956041957414068	2.190144927536232	30	PCLB003	MCF7	24H	H08	tert-butylhydroquinone	30uM	up
REP.B012_A549_24H_B21_KBG_0.25uM down	1d7e5969-85b4-4b7c-870f-11412a140f3a	250	3.862187039759831e-05	0.03956041957414068	2.190144927536232	30	REP.B012	A549	24H	B21	KBG	0.25uM	down
XPR015_HT29.311_96H_K07_CREG1 up	e2353977-1965-497c-a2e0-420dc1b352bd	250	3.862187039759831e-05	0.03956041957414068	2.190144927536232	30	XPR015	HT29.311	96H	K07	CREG1	N/A	up
REP.A023_MCF10A_24H_G04_levonorgestrel_0.37uM down	709ce324-362d-4941-8375-b6f44fe5dd0e	250	3.862187039759831e-05	0.03956041957414068	2.190144927536232	30	REP.A023	MCF10A	24H	G04	levonorgestrel	0.37uM	down
LJP009_SHSY5Y_24H_K10_GSK-1059615_0.37uM down	a52fd912-a1bd-4bda-8816-6cb09dd95d54	250	3.862187039759831e-05	0.03956041957414068	2.190144927536232	30	LJP009	SHSY5Y	24H	K10	GSK-1059615	0.37uM	down
REP.B011_MCF10A_24H_B18_raclopride_0.01uM down	6020de2d-a5b3-4290-b35b-bce5e2fdbe0f	250	3.862187039759831e-05	0.03956041957414068	2.190144927536232	30	REP.B011	MCF10A	24H	B18	raclopride	0.01uM	down
MOAR009_MELHO_24H_A19_vardenafil_10uM down	5f455f64-7043-4a6f-aea9-e1dfeacc34f2	250	3.862187039759831e-05	0.03956041957414068	2.190144927536232	30	MOAR009	MELHO	24H	A19	vardenafil	10uM	down
MOAR010_22RV1_24H_K06_nialamide_1.11uM down	46baea9b-0a4a-430e-b978-9e6d8198513e	250	3.862187039759831e-05	0.03956041957414068	2.190144927536232	30	MOAR010	22RV1	24H	K06	nialamide	1.11uM	down
AICHI002_BJAB_24H_H08_MLN-4924_2.5uM down	7844f3ac-d2f9-421d-a03c-4493d0f2a03d	250	3.862187039759831e-05	0.03956041957414068	2.190144927536232	30	AICHI002	BJAB	24H	H08	MLN-4924	2.5uM	down
ASG003_A549_48H_O07_lapatinib_10uM up	d34fd58f-fa61-49b1-8b78-1a5bcdfb086c	250	3.862187039759831e-05	0.03956041957414068	2.190144927536232	30	ASG003	A549	48H	O07	lapatinib	10uM	up
EMU001_SKMEL5_24H_G07_CGI-1746_10uM up	607d88e7-330b-4db2-9dff-040b08263bc5	250	3.862187039759831e-05	0.03956041957414068	2.190144927536232	30	EMU001	SKMEL5	24H	G07	CGI-1746	10uM	up
FIBR029_MCLF040SZ_6H_A06_DL-PDMP_4uM up	065ee1b4-5c57-4a9b-80ee-573ddc17adca	250	3.862187039759831e-05	0.03956041957414068	2.190144927536232	30	FIBR029	MCLF040SZ	6H	A06	DL-PDMP	4uM	up
LUNG001_IMR90_24H_C15_AM-580_10uM down	6f6245ee-09fd-42f2-ba28-2a04904ff267	250	3.862187039759831e-05	0.03956041957414068	2.190144927536232	30	LUNG001	IMR90	24H	C15	AM-580	10uM	down
ASG002_COV434_24H_A07_CGS-15943_10uM down	263ba2a0-172c-484b-a9ea-b11dc0accd21	250	3.862187039759831e-05	0.03956041957414068	2.190144927536232	30	ASG002	COV434	24H	A07	CGS-15943	10uM	down
MUC.CP008_HA1E_24H_P12_MK-8245_0.04uM down	2bc5d42f-eb05-4673-b32b-9bd39b74d864	250	3.862187039759831e-05	0.03956041957414068	2.190144927536232	30	MUC.CP008	HA1E	24H	P12	MK-8245	0.04uM	down
PAC004_U2OS_6H_D17_AY-9944_10uM down	740262a7-43e3-4959-ab9f-04a2f2e533f3	250	3.862187039759831e-05	0.03956041957414068	2.190144927536232	30	PAC004	U2OS	6H	D17	AY-9944	10uM	down
PAC006_U2OS_6H_G17_trimipramine_10uM down	c5e2eb6f-dbee-4b48-9c95-9cc6d6003e44	250	3.862187039759831e-05	0.03956041957414068	2.190144927536232	30	PAC006	U2OS	6H	G17	trimipramine	10uM	down
PAC008_U2OS_6H_D21_BRD-K42247636_10uM up	bae69096-0aed-47ed-990c-fd466e91d101	250	3.862187039759831e-05	0.03956041957414068	2.190144927536232	30	PAC008	U2OS	6H	D21	BRD-K42247636	10uM	up
PAC057_U2OS_6H_N24_BRD-K29720768_10uM down	fa166270-fc5b-4ee8-b62f-27aceb783f2b	250	3.862187039759831e-05	0.03956041957414068	2.190144927536232	30	PAC057	U2OS	6H	N24	BRD-K29720768	10uM	down
ASG002_ES2_24H_F01_LY-294002_10uM down	dab4af1c-3cc3-440f-bf12-791143c62c7b	250	3.862187039759831e-05	0.03956041957414068	2.190144927536232	30	ASG002	ES2	24H	F01	LY-294002	10uM	down
PBIOA016_A375_24H_A18_cytarabine_0.04uM down	851067f5-b6ce-414a-aa78-77455e220b6c	250	3.862187039759831e-05	0.03956041957414068	2.190144927536232	30	PBIOA016	A375	24H	A18	cytarabine	0.04uM	down
CEGS001_NPC.170_24H_D12_fluoxetine_0.74uM up	f996663f-7fb8-434c-8da8-55691d80e2e8	250	3.862187039759831e-05	0.03956041957414068	2.190144927536232	30	CEGS001	NPC.170	24H	D12	fluoxetine	0.74uM	up
PAC040_U2OS_6H_F08_BRD-K91043938_10uM up	633c3b89-e9f1-4be8-95a3-cbecb2e322ec	250	3.862187039759831e-05	0.03956041957414068	2.190144927536232	30	PAC040	U2OS	6H	F08	BRD-K91043938	10uM	up
REP.A004_A375_24H_I01_ABT-239_10uM down	b6d2db1e-8325-449c-8c0e-ca4e7223ac8a	250	3.862187039759831e-05	0.03956041957414068	2.190144927536232	30	REP.A004	A375	24H	I01	ABT-239	10uM	down
REP.A009_A375_24H_H02_levothyroxine_3.33uM down	a3bd9ae2-b210-411e-a3b5-a8482120c094	250	3.862187039759831e-05	0.03956041957414068	2.190144927536232	30	REP.A009	A375	24H	H02	levothyroxine	3.33uM	down
FIBR010_MCLF123SZ_6H_H24_tozasertib_4uM up	28305d18-0bfe-419d-97dd-416b6f376292	250	3.862187039759831e-05	0.03956041957414068	2.190144927536232	30	FIBR010	MCLF123SZ	6H	H24	tozasertib	4uM	up
PAC041_U2OS_6H_C16_mitoxantrone_20uM down	b01368e9-c8f5-4eb2-b137-81cc123fbed1	250	3.862187039759831e-05	0.03956041957414068	2.190144927536232	30	PAC041	U2OS	6H	C16	mitoxantrone	20uM	down
REP.A025_A375_24H_J21_tioguanine_1.11uM up	c33d78ff-3663-4d9f-a28a-9b9d447ce75f	250	3.862187039759831e-05	0.03956041957414068	2.190144927536232	30	REP.A025	A375	24H	J21	tioguanine	1.11uM	up
XPR032_A375.311_96H_C03_SLC5A6 down	a884ace7-51fc-47b3-8dcd-bbde36afb9ef	250	3.862187039759831e-05	0.03956041957414068	2.190144927536232	30	XPR032	A375.311	96H	C03	SLC5A6	N/A	down
AICHI002_TMD8_24H_N05_PF-05212384_0.04uM up	e92d8d1e-cfd1-4148-963e-ea09b935a011	250	3.862187039759831e-05	0.03956041957414068	2.190144927536232	30	AICHI002	TMD8	24H	N05	PF-05212384	0.04uM	up
LJP002_MCF10A_24H_O15_CHIR-99021_10uM up	4aab0de7-5197-4e73-bbd5-0a4f3c4a7154	250	3.862187039759831e-05	0.03956041957414068	2.190144927536232	30	LJP002	MCF10A	24H	O15	CHIR-99021	10uM	up
AICHI001_OCILY19_24H_P11_GDC-834_0.04uM down	164547b4-11b4-49f7-a098-f3323910b097	250	3.862187039759831e-05	0.03956041957414068	2.190144927536232	30	AICHI001	OCILY19	24H	P11	GDC-834	0.04uM	down
PAC002_U2OS_6H_D09_BP-554_10uM down	47c8adc2-4c68-4c02-8fa0-62eb000ccb7a	250	3.862187039759831e-05	0.03956041957414068	2.190144927536232	30	PAC002	U2OS	6H	D09	BP-554	10uM	down
REP.A012_HA1E_24H_M09_lofexidine_1.11uM down	3ab1008a-bc6b-4c08-bc36-3caec00b9a3f	250	3.862187039759831e-05	0.03956041957414068	2.190144927536232	30	REP.A012	HA1E	24H	M09	lofexidine	1.11uM	down
CPC007_MCF7_24H_D18_BRD-K54018158_10uM up	5c727d39-39b3-4fbb-9da7-1482a57947d3	250	3.862187039759831e-05	0.03956041957414068	2.190144927536232	30	CPC007	MCF7	24H	D18	BRD-K54018158	10uM	up
CPC007_PC3_24H_O23_BRD-A43126523_10uM down	7238eea3-7040-40be-8f51-a4fd93816d53	250	3.862187039759831e-05	0.03956041957414068	2.190144927536232	30	CPC007	PC3	24H	O23	BRD-A43126523	10uM	down
REP.A019_MCF7_24H_A09_taselisib_1.11uM down	0fcb9f66-c790-4ca3-b9e2-bbcee76079cf	250	3.862187039759831e-05	0.03956041957414068	2.190144927536232	30	REP.A019	MCF7	24H	A09	taselisib	1.11uM	down
DOS024_VCAP_24H_M06_BRD-K35440818_4uM down	bcc7b026-6529-41c8-b105-2ffdba496cd1	250	3.862187039759831e-05	0.03956041957414068	2.190144927536232	30	DOS024	VCAP	24H	M06	BRD-K35440818	4uM	down
DOS033_A549_24H_I13_BRD-K47611269_4uM down	e1946014-9afd-47fd-bd35-47b3a71dd334	250	3.862187039759831e-05	0.03956041957414068	2.190144927536232	30	DOS033	A549	24H	I13	BRD-K47611269	4uM	down
EMU001_NALM6_24H_B14_SB-2343_2.5uM down	96966791-9720-4083-947f-bf85da449ddb	250	3.862187039759831e-05	0.03956041957414068	2.190144927536232	30	EMU001	NALM6	24H	B14	SB-2343	2.5uM	down
REP.A021_HA1E_24H_I03_NMS-1286937_1.11uM down	12ebc7bb-5613-4ced-a13e-c1deabaadc7c	250	3.862187039759831e-05	0.03956041957414068	2.190144927536232	30	REP.A021	HA1E	24H	I03	NMS-1286937	1.11uM	down
REP.A005_HA1E_24H_H04_clioquinol_0.37uM down	1b666cc2-ae64-4c29-a1b2-fa7be3a8ab3c	250	3.862187039759831e-05	0.03956041957414068	2.190144927536232	30	REP.A005	HA1E	24H	H04	clioquinol	0.37uM	down
REP.B007_HT29_24H_N02_sulpiride_0.74uM down	24a5e468-240a-4ff9-9bbe-9a03f3e2876e	250	3.862187039759831e-05	0.03956041957414068	2.190144927536232	30	REP.B007	HT29	24H	N02	sulpiride	0.74uM	down
XPR012_MCF7.311_96H_E17_ASGR2 up	af47e567-8565-4ecf-af30-311565643986	250	3.862187039759831e-05	0.03956041957414068	2.190144927536232	30	XPR012	MCF7.311	96H	E17	ASGR2	N/A	up
LJP006_MDAMB231_24H_G21_afatinib_1.11uM up	05128d7e-3d64-40a3-8903-c787e378cf1c	250	3.862187039759831e-05	0.03956041957414068	2.190144927536232	30	LJP006	MDAMB231	24H	G21	afatinib	1.11uM	up
LJP007_THP1_24H_N09_BGT-226_1.11uM up	5927f728-4ddf-401f-a282-fa748658799d	250	3.862187039759831e-05	0.03956041957414068	2.190144927536232	30	LJP007	THP1	24H	N09	BGT-226	1.11uM	up
LJP008_HELA_24H_K22_rucaparib_0.37uM up	a25326b8-0150-45c5-b666-13eb70049999	250	3.862187039759831e-05	0.03956041957414068	2.190144927536232	30	LJP008	HELA	24H	K22	rucaparib	0.37uM	up
MUC.CP002_NKDBA_24H_I14_SA-424068_3.33uM up	d0aea483-fe24-4946-9fe5-a396a0c0ef64	250	3.862187039759831e-05	0.03956041957414068	2.190144927536232	30	MUC.CP002	NKDBA	24H	I14	SA-424068	3.33uM	up
REP.A024_THP1_24H_C13_BRD-K74305673_10uM down	c162ce5f-eb14-4935-a40f-b9cf92c2b45d	250	3.862187039759831e-05	0.03956041957414068	2.190144927536232	30	REP.A024	THP1	24H	C13	BRD-K74305673	10uM	down
PAC002_U2OS_6H_G03_estradiol_20uM up	c52b3642-0956-48f6-a391-ed6eb2222cc9	250	3.862187039759831e-05	0.03956041957414068	2.190144927536232	30	PAC002	U2OS	6H	G03	estradiol	20uM	up
XPR011_MCF7.311_96H_F07_AMIGO2 down	fda50e35-3db4-40d1-a478-a08149fa04a4	250	3.862187039759831e-05	0.03956041957414068	2.190144927536232	30	XPR011	MCF7.311	96H	F07	AMIGO2	N/A	down
PAC056_U2OS_6H_I10_BRD-M23605671_10uM down	74edf7a0-050d-48be-97c2-dfe2ef7e4597	250	3.862187039759831e-05	0.03956041957414068	2.190144927536232	30	PAC056	U2OS	6H	I10	BRD-M23605671	10uM	down
CPC009_HT29_6H_C17_BRD-K28366633_10uM up	e9647a55-b3a2-4d7a-9c26-12a9722e680a	250	3.862187039759831e-05	0.03956041957414068	2.190144927536232	30	CPC009	HT29	6H	C17	BRD-K28366633	10uM	up
XPR012_MCF7.311_96H_E06_MELK down	2179668b-dda1-46c9-a925-fd2e4982b7e6	250	3.862187039759831e-05	0.03956041957414068	2.190144927536232	30	XPR012	MCF7.311	96H	E06	MELK	N/A	down
PBIOA018_HEPG2_24H_F19_RVE-VIII-11_10uM down	23f6fe28-361e-4ad7-80c3-1f4a30481921	250	3.862187039759831e-05	0.03956041957414068	2.190144927536232	30	PBIOA018	HEPG2	24H	F19	RVE-VIII-11	10uM	down
CPC003_HA1E_24H_N05_PQ-401_10uM up	bdfaaa6d-145f-4eb2-8ada-3b5a517f3f17	250	3.862187039759831e-05	0.03956041957414068	2.190144927536232	30	CPC003	HA1E	24H	N05	PQ-401	10uM	up
POL001_HT29_24H_D02_rotenone_4uM up	32a6da84-f7b2-4c39-bba6-d40a53f2d9af	250	3.862187039759831e-05	0.03956041957414068	2.190144927536232	30	POL001	HT29	24H	D02	rotenone	4uM	up
XPR027_MCF7.311_96H_G23_VMP1 down	46bf831f-4f2d-4419-8899-65eb93f0187d	250	3.862187039759831e-05	0.03956041957414068	2.190144927536232	30	XPR027	MCF7.311	96H	G23	VMP1	N/A	down
XPR034_BICR6.311_96H_B13_PPIP5K2 up	d6a49d2f-b116-4977-9555-889c39afd56d	250	3.862187039759831e-05	0.03956041957414068	2.190144927536232	30	XPR034	BICR6.311	96H	B13	PPIP5K2	N/A	up
REP.A012_HA1E_24H_N02_BMS-299897_3.33uM down	99b829c2-55d1-437b-9a42-c913326f5b19	250	3.862187039759831e-05	0.03956041957414068	2.190144927536232	30	REP.A012	HA1E	24H	N02	BMS-299897	3.33uM	down
REP.A015_HEK293_24H_O08_BRD-K61195623_3.33uM down	1d40ec90-a833-4ba1-bee2-428791a64b30	250	3.862187039759831e-05	0.03956041957414068	2.190144927536232	30	REP.A015	HEK293	24H	O08	BRD-K61195623	3.33uM	down
REP.A022_JURKAT_24H_O19_almitrine_10uM up	a3c8940e-1acd-48d8-81f5-1a412d2adc05	250	3.862187039759831e-05	0.03956041957414068	2.190144927536232	30	REP.A022	JURKAT	24H	O19	almitrine	10uM	up
REP.B001_PC3_24H_D20_propafenone_0.74uM down	d6efabce-e4d3-4c05-b1f0-67754321ec05	250	3.862187039759831e-05	0.03956041957414068	2.190144927536232	30	REP.B001	PC3	24H	D20	propafenone	0.74uM	down
REP.B011_YAPC_24H_A09_XL-888_0.25uM down	11f5c25d-0e3c-4730-89fe-46823a3f2680	250	3.862187039759831e-05	0.03956041957414068	2.190144927536232	30	REP.B011	YAPC	24H	A09	XL-888	0.25uM	down
REP.B019_MCF10A_24H_K20_thioguanine_0.74uM up	c0296eeb-6287-4796-89b6-ddcd43b40b44	250	3.862187039759831e-05	0.03956041957414068	2.190144927536232	30	REP.B019	MCF10A	24H	K20	thioguanine	0.74uM	up
XPR036_HT29.311_96H_L22_GABRR1 up	9c5e97d7-3fff-47d0-9276-1747b6b885a9	250	3.862187039759831e-05	0.03956041957414068	2.190144927536232	30	XPR036	HT29.311	96H	L22	GABRR1	N/A	up
XPR034_ES2.311_96H_J05_AFG3L2 down	343c2b7c-7fc4-4047-a5aa-977c0ecec6f9	250	3.862187039759831e-05	0.03956041957414068	2.190144927536232	30	XPR034	ES2.311	96H	J05	AFG3L2	N/A	down
XPR036_A375.311_96H_A11_PGRMC1 down	a1375c3e-e060-42ac-be8d-b3b4606a3b77	250	3.862187039759831e-05	0.03956041957414068	2.190144927536232	30	XPR036	A375.311	96H	A11	PGRMC1	N/A	down
ASG003_XC.P092_24H_L12_AZD-8055_0.12uM down	6d3010d7-356a-47e6-a31c-330b23d5d0af	250	3.862187039759831e-05	0.03956041957414068	2.190144927536232	30	ASG003	XC.P092	24H	L12	AZD-8055	0.12uM	down
CEGS001_NPC.179_24H_O02_AZD-8055_4uM down	2ff9a66c-6184-4262-9e79-af2e6f811a03	250	3.862187039759831e-05	0.03956041957414068	2.190144927536232	30	CEGS001	NPC.179	24H	O02	AZD-8055	4uM	down
CPC002_PC3_24H_J13_aminopurvalanol-a_10uM down	939a69dd-6956-43d7-881a-5ef245e52b77	250	3.862187039759831e-05	0.03956041957414068	2.190144927536232	30	CPC002	PC3	24H	J13	aminopurvalanol-a	10uM	down
CPC018_PHH_24H_I22_BRD-K14965640_10uM down	d7e3f243-e3cf-4127-8bab-b5fac3197d4b	250	3.862187039759831e-05	0.03956041957414068	2.190144927536232	30	CPC018	PHH	24H	I22	BRD-K14965640	10uM	down
AICHI002_TMD8_24H_K22_GW-843682X_0.125uM up	54c6b1bf-13ef-49ef-9cb5-96fdee4ca314	250	3.862187039759831e-05	0.03956041957414068	2.190144927536232	30	AICHI002	TMD8	24H	K22	GW-843682X	0.125uM	up
REP.A019_MCF7_24H_A07_taselisib_10uM down	524dd5bf-9a5d-4e65-bf47-be21d2c9158f	250	3.862187039759831e-05	0.03956041957414068	2.190144927536232	30	REP.A019	MCF7	24H	A07	taselisib	10uM	down
DOS013_VCAP_24H_P04_BRD-K76876037_4uM up	39f1d23e-f4dd-4f1d-9fca-234a36987713	250	3.862187039759831e-05	0.03956041957414068	2.190144927536232	30	DOS013	VCAP	24H	P04	BRD-K76876037	4uM	up
MOAR005_A375_24H_E07_alsterpaullone_10uM down	f05b5b34-8db8-4323-8ad8-b982c1369394	250	3.862187039759831e-05	0.03956041957414068	2.190144927536232	30	MOAR005	A375	24H	E07	alsterpaullone	10uM	down
CPC014_VCAP_24H_N08_mirin_10uM down	57955081-820e-4380-bf6f-4094a898eafa	250	3.862187039759831e-05	0.03956041957414068	2.190144927536232	30	CPC014	VCAP	24H	N08	mirin	10uM	down
CPC018_NPC_24H_B03_BRD-A19037878_10uM up	ec489158-24ac-4675-803a-c52d3e4698af	250	3.862187039759831e-05	0.03956041957414068	2.190144927536232	30	CPC018	NPC	24H	B03	BRD-A19037878	10uM	up
PAC019_U2OS_6H_I03_BRD-K32209551_10uM down	ab26a144-50bc-43f8-ab7d-6ca3d472e6bd	250	3.862187039759831e-05	0.03956041957414068	2.190144927536232	30	PAC019	U2OS	6H	I03	BRD-K32209551	10uM	down
FIBR029_MCLF040SZ_6H_M01_7b-cis_4uM down	73f79600-2626-481d-bb4b-3d42af1bbc82	250	3.862187039759831e-05	0.03956041957414068	2.190144927536232	30	FIBR029	MCLF040SZ	6H	M01	7b-cis	4uM	down
LGR001_XC.L100.M_48H_I16_BGT-226_0.37uM down	b0a23736-bb14-4be1-9b3c-49e45e06a521	250	3.862187039759831e-05	0.03956041957414068	2.190144927536232	30	LGR001	XC.L100.M	48H	I16	BGT-226	0.37uM	down
PAC065_U2OS_6H_O07_BRD-K40917447_10uM up	2e4df1c2-5a2a-4241-8290-fb388489a59c	250	3.862187039759831e-05	0.03956041957414068	2.190144927536232	30	PAC065	U2OS	6H	O07	BRD-K40917447	10uM	up
REP.A001_HT29_24H_K02_ZD-7114_3.33uM up	6e5ca65e-80b9-4fc9-afab-cfb39e08bd9d	250	3.862187039759831e-05	0.03956041957414068	2.190144927536232	30	REP.A001	HT29	24H	K02	ZD-7114	3.33uM	up
LJP005_HA1E_24H_B15_tozasertib_1.11uM down	96b49716-e1c9-46c1-ad87-71bf3fdb3f9c	250	3.862187039759831e-05	0.03956041957414068	2.190144927536232	30	LJP005	HA1E	24H	B15	tozasertib	1.11uM	down
LJP001_HS578T_24H_O03_torin-1_10uM down	0798e503-f90c-488e-95df-4955151257cf	250	3.862187039759831e-05	0.03956041957414068	2.190144927536232	30	LJP001	HS578T	24H	O03	torin-1	10uM	down
MOAR010_IGR37_24H_B12_diazepam_1.11uM down	98dc8f76-3719-4a1d-91dd-51baff287614	250	3.862187039759831e-05	0.03956041957414068	2.190144927536232	30	MOAR010	IGR37	24H	B12	diazepam	1.11uM	down
XPR034_ES2.311_96H_E14_LIMK1 up	3a429244-faf9-4be0-9814-f87603cc636b	250	3.862187039759831e-05	0.03956041957414068	2.190144927536232	30	XPR034	ES2.311	96H	E14	LIMK1	N/A	up
XPR041_DANG.311_96H_I01_BAZ1B down	a2d2ffdc-8948-4621-9eb4-9e31c81bf7c2	250	3.862187039759831e-05	0.03956041957414068	2.190144927536232	30	XPR041	DANG.311	96H	I01	BAZ1B	N/A	down
MOA001_U2OS_24H_M11_BRD-M07851152_10uM down	e0dce0cd-e930-45f9-b078-bb4421ee17e8	250	3.862187039759831e-05	0.03956041957414068	2.190144927536232	30	MOA001	U2OS	24H	M11	BRD-M07851152	10uM	down
CEGS001_NPC.179_24H_E16_PF-02545920_1.25uM up	41ac3e8f-13dd-4696-b9c2-a3af6e498eae	250	3.862187039759831e-05	0.03956041957414068	2.190144927536232	30	CEGS001	NPC.179	24H	E16	PF-02545920	1.25uM	up
DOS060_A549_24H_C05_BRD-K52929685_4uM down	5106fc31-d7d3-4171-a42a-9ab08c3c1251	250	3.862187039759831e-05	0.03956041957414068	2.190144927536232	30	DOS060	A549	24H	C05	BRD-K52929685	4uM	down
MOAR011_HCC95_24H_H08_deferasirox_3.33uM up	690cd428-4d9e-4044-b573-c5a2b30f4f9c	250	3.862187039759831e-05	0.03956041957414068	2.190144927536232	30	MOAR011	HCC95	24H	H08	deferasirox	3.33uM	up
MOA001_A549_24H_C16_NVP-BEZ235_3.33uM down	7dccf1bd-f54c-4c3c-b6b0-b6a498818391	250	3.862187039759831e-05	0.03956041957414068	2.190144927536232	30	MOA001	A549	24H	C16	NVP-BEZ235	3.33uM	down
REP.A001_A549_24H_I04_PKI-179_0.37uM down	0dcca78e-fa41-4949-a9f1-5a6c8ea025f5	250	3.862187039759831e-05	0.03956041957414068	2.190144927536232	30	REP.A001	A549	24H	I04	PKI-179	0.37uM	down
LJP009_A375_24H_H12_dabrafenib_0.04uM down	33032d25-2322-4a6b-a4d7-2fd82382a216	250	3.862187039759831e-05	0.03956041957414068	2.190144927536232	30	LJP009	A375	24H	H12	dabrafenib	0.04uM	down
MUC.CP001_MCF7_24H_H20_ixazomib_0.37uM down	2dfa4119-742f-4cca-b9e0-1b0e156047c9	250	3.862187039759831e-05	0.03956041957414068	2.190144927536232	30	MUC.CP001	MCF7	24H	H20	ixazomib	0.37uM	down
REP.A010_A549_24H_D13_CX-5461_10uM down	4bfd422f-07d4-4183-ab0d-55743780412f	250	3.862187039759831e-05	0.03956041957414068	2.190144927536232	30	REP.A010	A549	24H	D13	CX-5461	10uM	down
PAC002_U2OS_6H_C03_byssochlamic-acid_10uM down	2fc12c75-275b-4a39-afc4-9b25cfe63eda	250	3.862187039759831e-05	0.03956041957414068	2.190144927536232	30	PAC002	U2OS	6H	C03	byssochlamic-acid	10uM	down
PAC016_U2OS_6H_P14_BRD-K58753007_10uM up	a9eede6c-a84c-4a64-884c-a7e46c63fb6c	250	3.862187039759831e-05	0.03956041957414068	2.190144927536232	30	PAC016	U2OS	6H	P14	BRD-K58753007	10uM	up
REP.B018_THP1_24H_D21_RU-58841_0.25uM down	a8562e82-9a7e-49f9-941a-ec682792f34c	250	3.862187039759831e-05	0.03956041957414068	2.190144927536232	30	REP.B018	THP1	24H	D21	RU-58841	0.25uM	down
REP.B025_HELA_24H_G21_indibulin_0.25uM down	8231dbba-271c-456d-a618-265d794f5824	250	3.862187039759831e-05	0.03956041957414068	2.190144927536232	30	REP.B025	HELA	24H	G21	indibulin	0.25uM	down
PAC019_U2OS_6H_L16_genistein_20uM up	d5f75d73-4ccf-4d24-973b-d93b41c40e40	250	3.862187039759831e-05	0.03956041957414068	2.190144927536232	30	PAC019	U2OS	6H	L16	genistein	20uM	up
PAC039_U2OS_6H_P10_BRD-K76508844_10uM up	83929cce-a83b-44bf-8f97-de44fa980d77	250	3.862187039759831e-05	0.03956041957414068	2.190144927536232	30	PAC039	U2OS	6H	P10	BRD-K76508844	10uM	up
PBIOA021_HCC515_24H_I05_GO-6976_0.125uM up	6648ece4-0397-4026-b0f3-0f7e25493c52	250	3.862187039759831e-05	0.03956041957414068	2.190144927536232	30	PBIOA021	HCC515	24H	I05	GO-6976	0.125uM	up
REP.A003_A549_24H_A19_alvespimycin_10uM down	32e85218-943f-4cf4-b0e9-63b41dbe3462	250	3.862187039759831e-05	0.03956041957414068	2.190144927536232	30	REP.A003	A549	24H	A19	alvespimycin	10uM	down
ASG002_JHH7_24H_L03_PHA-793887_0.12uM down	78e86eb0-04ef-43ad-aed0-23accd141497	250	3.862187039759831e-05	0.03956041957414068	2.190144927536232	30	ASG002	JHH7	24H	L03	PHA-793887	0.12uM	down
XPR033_BICR6.311_96H_I21_NFS1 up	ae24b034-0c98-44d8-bab7-34c8dc361a98	250	3.862187039759831e-05	0.03956041957414068	2.190144927536232	30	XPR033	BICR6.311	96H	I21	NFS1	N/A	up
XPR034_BICR6.311_96H_M20_MAP3K6 down	158c6f82-ee51-4730-a583-e01fa79763fe	250	3.862187039759831e-05	0.03956041957414068	2.190144927536232	30	XPR034	BICR6.311	96H	M20	MAP3K6	N/A	down
XPR042_U251MG.311_96H_F15_CANT1 up	104f7467-4f26-438d-9a82-f2faf5295d0e	250	3.862187039759831e-05	0.03956041957414068	2.190144927536232	30	XPR042	U251MG.311	96H	F15	CANT1	N/A	up
REP.A011_PC3_24H_N08_PF-04691502_3.33uM down	2db687ba-38f2-45bc-8bc5-c3a9fac1ee4a	250	3.862187039759831e-05	0.03956041957414068	2.190144927536232	30	REP.A011	PC3	24H	N08	PF-04691502	3.33uM	down
AICHI001_SKMEL5_24H_B14_dovitinib_2.5uM up	5bfcb21d-9ad8-4b24-9348-4ea2073619d0	250	3.862187039759831e-05	0.03956041957414068	2.190144927536232	30	AICHI001	SKMEL5	24H	B14	dovitinib	2.5uM	up
PAC039_U2OS_6H_P21_BRD-K45073068_10uM down	7ee6bf52-5e89-4faa-9cff-d5c5e246a978	250	3.862187039759831e-05	0.03956041957414068	2.190144927536232	30	PAC039	U2OS	6H	P21	BRD-K45073068	10uM	down
XPR012_AGS.311_96H_K13_ASAH2B down	2e89a3f4-daac-4fdf-aaa8-9fa66e6b6f2b	250	3.862187039759831e-05	0.03956041957414068	2.190144927536232	30	XPR012	AGS.311	96H	K13	ASAH2B	N/A	down
CEGS001_NPC.215_24H_C06_17-AAG_0.3uM down	5d47e610-082e-4f6b-9b3c-96ca18f66200	250	3.862187039759831e-05	0.03956041957414068	2.190144927536232	30	CEGS001	NPC.215	24H	C06	17-AAG	0.3uM	down
XPR017_A375.311_96H_C20_HAVCR1 up	8634b21f-2e90-47c6-b56e-26a950b10b8e	250	3.862187039759831e-05	0.03956041957414068	2.190144927536232	30	XPR017	A375.311	96H	C20	HAVCR1	N/A	up
XPR039_HCC1806.311_96H_F24_NCAPG down	a61729fe-7eb0-4e40-9fc7-1003ebca24e4	250	3.862187039759831e-05	0.03956041957414068	2.190144927536232	30	XPR039	HCC1806.311	96H	F24	NCAPG	N/A	down
CEGS001_NPC.8330_24H_I17_sirolimus_0.66uM down	b7f9c02b-c8bd-4e48-ae1d-7d796aaceb78	250	3.862187039759831e-05	0.03956041957414068	2.190144927536232	30	CEGS001	NPC.8330	24H	I17	sirolimus	0.66uM	down
PBIOA021_HT29_24H_O04_tanespimycin_10uM down	9db88449-6695-40b1-8b6c-22dba0a0d7fc	250	3.862187039759831e-05	0.03956041957414068	2.190144927536232	30	PBIOA021	HT29	24H	O04	tanespimycin	10uM	down
AICHI002_OCILY19_24H_N08_AZD-5438_2.5uM down	f6f20408-0e20-4739-8416-922afb02aa78	250	3.862187039759831e-05	0.03956041957414068	2.190144927536232	30	AICHI002	OCILY19	24H	N08	AZD-5438	2.5uM	down
CPC016_ASC_24H_O13_zatebradine_10uM up	1670c769-4f65-4c07-835e-1dbd4a766e1c	250	3.862187039759831e-05	0.03956041957414068	2.190144927536232	30	CPC016	ASC	24H	O13	zatebradine	10uM	up
CPC020_HT29_6H_O07_heliomycin_10uM up	3c7773c5-737c-49a5-ae0c-51e4f0a3c648	250	3.862187039759831e-05	0.03956041957414068	2.190144927536232	30	CPC020	HT29	6H	O07	heliomycin	10uM	up
DOS015_VCAP_6H_C12_vorinostat_10uM up	5426a239-1766-4f34-90c1-c63681c2f512	250	3.862187039759831e-05	0.03956041957414068	2.190144927536232	30	DOS015	VCAP	6H	C12	vorinostat	10uM	up
DOS046_A375_24H_D14_BRD-K43472599_4uM up	fa2f3231-e27e-4eb0-ad2a-b78546032ff6	250	3.862187039759831e-05	0.03956041957414068	2.190144927536232	30	DOS046	A375	24H	D14	BRD-K43472599	4uM	up
PAC044_U2OS_6H_E04_BRD-K42679345_10uM down	5dbfabf2-d7df-4dd5-a967-a752cd91c610	250	3.862187039759831e-05	0.03956041957414068	2.190144927536232	30	PAC044	U2OS	6H	E04	BRD-K42679345	10uM	down
FIBR032_MCLF054CN_6H_L11_PIK-75_0.37uM down	eb1aef1a-52ad-494f-86fd-7ab4f8ae540a	250	3.862187039759831e-05	0.03956041957414068	2.190144927536232	30	FIBR032	MCLF054CN	6H	L11	PIK-75	0.37uM	down
MOAR010_CJM_24H_B04_CP-339818_10uM up	c5067be4-bfa9-479c-b426-ebff521e0352	250	3.862187039759831e-05	0.03956041957414068	2.190144927536232	30	MOAR010	CJM	24H	B04	CP-339818	10uM	up
PAC048_U2OS_6H_P16_BRD-K92789454_10uM down	27ac068b-d787-471f-aac2-de796ff0a431	250	3.862187039759831e-05	0.03956041957414068	2.190144927536232	30	PAC048	U2OS	6H	P16	BRD-K92789454	10uM	down
LKCP002_A549_24H_A08_NVP-BEZ235_1.11uM down	bd88851e-a8d7-43f0-8f7d-79abddac8c82	250	3.862187039759831e-05	0.03956041957414068	2.190144927536232	30	LKCP002	A549	24H	A08	NVP-BEZ235	1.11uM	down
PAC040_U2OS_6H_I15_BRD-K92503225_10uM down	cf34eca7-b21c-4a66-a2fd-2e81b2a90cf8	250	3.862187039759831e-05	0.03956041957414068	2.190144927536232	30	PAC040	U2OS	6H	I15	BRD-K92503225	10uM	down
PAC062_U2OS_6H_E17_BRD-A60386802_20uM up	172fa856-349b-473f-8eaf-fa855440b6d1	250	3.862187039759831e-05	0.03956041957414068	2.190144927536232	30	PAC062	U2OS	6H	E17	BRD-A60386802	20uM	up
PBIOA020_HCC515_24H_P02_NVP-TAE684_3.33uM down	9f9d6419-8a2a-43c9-928d-2013b0c03ea3	250	3.862187039759831e-05	0.03956041957414068	2.190144927536232	30	PBIOA020	HCC515	24H	P02	NVP-TAE684	3.33uM	down
REP.A002_HELA_24H_H15_filgotinib_1.11uM up	37e004b9-27df-4b75-9f7f-540377f3b1db	250	3.862187039759831e-05	0.03956041957414068	2.190144927536232	30	REP.A002	HELA	24H	H15	filgotinib	1.11uM	up
PCLB001_U266_6H_M23_oxetane_10uM down	82d64275-91a9-49e1-a021-978a51fea65a	250	3.862187039759831e-05	0.03956041957414068	2.190144927536232	30	PCLB001	U266	6H	M23	oxetane	10uM	down
REP.B009_YAPC_24H_F16_lorglumide_0.08uM up	b26d89ec-8fce-420e-a178-95cb7cbda255	250	3.862187039759831e-05	0.03956041957414068	2.190144927536232	30	REP.B009	YAPC	24H	F16	lorglumide	0.08uM	up
REP.B021_PC3_24H_P21_cabergoline_0.25uM down	de5f83c8-8318-4d83-a049-8b77480df962	250	3.862187039759831e-05	0.03956041957414068	2.190144927536232	30	REP.B021	PC3	24H	P21	cabergoline	0.25uM	down
REP.B022_A375_24H_H06_BAY-87-2243_0.01uM up	75f4d30f-3e23-431c-b2cb-edbf68b0effd	250	3.862187039759831e-05	0.03956041957414068	2.190144927536232	30	REP.B022	A375	24H	H06	BAY-87-2243	0.01uM	up
AICHI002_K562_24H_I14_BRD-A96686988_2.5uM down	9f26a432-a636-4d28-840f-9adbc6ff9671	250	3.862187039759831e-05	0.03956041957414068	2.190144927536232	30	AICHI002	K562	24H	I14	BRD-A96686988	2.5uM	down
ASG002_LNCAP.FGC_24H_D09_gatifloxacin_0.12uM down	9c21a9fd-26f1-4e52-81f6-f9d104966904	250	3.862187039759831e-05	0.03956041957414068	2.190144927536232	30	ASG002	LNCAP.FGC	24H	D09	gatifloxacin	0.12uM	down
PAC019_U2OS_6H_N18_BRD-K30860517_10uM up	760deabe-3607-43c5-888d-3514ff71a634	250	3.862187039759831e-05	0.03956041957414068	2.190144927536232	30	PAC019	U2OS	6H	N18	BRD-K30860517	10uM	up
PBIOA017_HCC515_24H_O01_vorinostat_10uM up	72cfb38d-b513-4b54-9813-b6a455fa4d22	250	3.862187039759831e-05	0.03956041957414068	2.190144927536232	30	PBIOA017	HCC515	24H	O01	vorinostat	10uM	up
REP.A009_HT29_24H_G24_TAK-733_0.04uM down	c20e2062-3e79-42b9-b1af-ce9698d7f783	250	3.862187039759831e-05	0.03956041957414068	2.190144927536232	30	REP.A009	HT29	24H	G24	TAK-733	0.04uM	down
XPR024_U251MG.311_96H_M11_SIRT3 down	248c5787-c185-4e7b-960c-76d9d2a10d3f	250	3.862187039759831e-05	0.03956041957414068	2.190144927536232	30	XPR024	U251MG.311	96H	M11	SIRT3	N/A	down
CPC015_HT29_6H_O21_CGP-71683_10uM up	b7c275a4-902c-4b55-a18d-5f0897b678a4	250	3.862187039759831e-05	0.03956041957414068	2.190144927536232	30	CPC015	HT29	6H	O21	CGP-71683	10uM	up
XPR027_MCF7.311_96H_A08_VSIR down	a57b7694-9833-4ef6-983b-128a8da3e2bb	250	3.862187039759831e-05	0.03956041957414068	2.190144927536232	30	XPR027	MCF7.311	96H	A08	VSIR	N/A	down
DOS053_A549_24H_K10_BRD-K95762279_4uM down	7de3e198-1648-44e5-9900-57a555fc4e16	250	3.862187039759831e-05	0.03956041957414068	2.190144927536232	30	DOS053	A549	24H	K10	BRD-K95762279	4uM	down
REP.A015_YAPC_24H_C07_voxtalisib_10uM up	e476e8f8-167a-444d-b3c9-efa535ae58cc	250	3.862187039759831e-05	0.03956041957414068	2.190144927536232	30	REP.A015	YAPC	24H	C07	voxtalisib	10uM	up
ASG003_XC.P092_24H_H04_troglitazone_10uM up	85632c20-fac3-4463-9ea6-092c23f27a2c	250	3.862187039759831e-05	0.03956041957414068	2.190144927536232	30	ASG003	XC.P092	24H	H04	troglitazone	10uM	up
NMH002_NEU_24H_H21_SU-11652_10uM down	ccef0f02-bc19-49ab-99bd-7c7305a78fbc	250	3.862187039759831e-05	0.03956041957414068	2.190144927536232	30	NMH002	NEU	24H	H21	SU-11652	10uM	down
AICHI002_K562_4H_L19_everolimus_10uM up	f7c94917-c892-41ac-ae35-e23280a34845	250	3.862187039759831e-05	0.03956041957414068	2.190144927536232	30	AICHI002	K562	4H	L19	everolimus	10uM	up
PAC010_U2OS_6H_L02_BRD-K88156935_10uM down	6bb2064a-50ad-446b-beef-3c85a3b68cd6	250	3.862187039759831e-05	0.03956041957414068	2.190144927536232	30	PAC010	U2OS	6H	L02	BRD-K88156935	10uM	down
REP.A021_MCF10A_24H_J07_JNJ-26481585_10uM up	e5658195-61d1-4ce9-b17d-c589bf590bee	250	3.862187039759831e-05	0.03956041957414068	2.190144927536232	30	REP.A021	MCF10A	24H	J07	JNJ-26481585	10uM	up
REP.A024_HELA_24H_D15_tamsulosin_1.11uM up	7017d03b-867c-453c-b641-7ef0186dd543	250	3.862187039759831e-05	0.03956041957414068	2.190144927536232	30	REP.A024	HELA	24H	D15	tamsulosin	1.11uM	up
CPC009_A549_6H_K24_celecoxib_10uM down	c9834a1e-2b7c-4beb-ac4d-9e557aaca065	250	3.862187039759831e-05	0.03956041957414068	2.190144927536232	30	CPC009	A549	6H	K24	celecoxib	10uM	down
REP.B011_YAPC_24H_A07_XL-888_2.22uM down	5cbce07d-13c7-4d23-a327-5cd5f487b3c0	250	3.862187039759831e-05	0.03956041957414068	2.190144927536232	30	REP.B011	YAPC	24H	A07	XL-888	2.22uM	down
REP.B013_HT29_24H_K01_STA-5326_2.22uM up	381fe3c7-ff07-4a21-a89e-5f1a78f7c5ac	250	3.862187039759831e-05	0.03956041957414068	2.190144927536232	30	REP.B013	HT29	24H	K01	STA-5326	2.22uM	up
CPC007_MCF7_6H_C19_BRD-K24677486_10uM down	d6c22b0e-3e83-4183-abf2-16eebf0489f6	250	3.862187039759831e-05	0.03956041957414068	2.190144927536232	30	CPC007	MCF7	6H	C19	BRD-K24677486	10uM	down
AICHI001_SKMEL5_24H_K01_GSK-461364_10uM up	1d6ad7c0-5292-4701-b257-d5a3dbc8f4f4	250	3.862187039759831e-05	0.03956041957414068	2.190144927536232	30	AICHI001	SKMEL5	24H	K01	GSK-461364	10uM	up
XPR033_MCF7.311_96H_G07_NDUFB2 up	ce187d84-e80b-4dc0-8ce0-4955183767d4	250	3.862187039759831e-05	0.03956041957414068	2.190144927536232	30	XPR033	MCF7.311	96H	G07	NDUFB2	N/A	up
ABY001_A375_XH_L01_pazopanib_10uM up	54df3f42-419e-4631-bf91-4c61f8426a9a	250	3.862187039759831e-05	0.03956041957414068	2.190144927536232	30	ABY001	A375	XH	L01	pazopanib	10uM	up
ASG002_OVK18_24H_A13_TW-37_10uM up	8f57639f-017e-4c8d-ba50-d20bff1151ca	250	3.862187039759831e-05	0.03956041957414068	2.190144927536232	30	ASG002	OVK18	24H	A13	TW-37	10uM	up
CPC008_PC3_6H_N18_BRD-K12579869_10uM down	8c637d28-a9dc-4123-bfb7-9af76842a314	250	3.862187039759831e-05	0.03956041957414068	2.190144927536232	30	CPC008	PC3	6H	N18	BRD-K12579869	10uM	down
CPC009_HA1E_6H_A04_wortmannin_10uM down	1ae57506-4bab-4206-ae60-6af22cceaba2	250	3.862187039759831e-05	0.03956041957414068	2.190144927536232	30	CPC009	HA1E	6H	A04	wortmannin	10uM	down
CPC002_HA1E_6H_C16_nalbuphine_10uM down	5468d09d-8147-4186-b16d-49308e70a712	250	3.862187039759831e-05	0.03956041957414068	2.190144927536232	30	CPC002	HA1E	6H	C16	nalbuphine	10uM	down
CPC020_MCF7_24H_C02_CVF-SUMO-11_10uM down	e8518536-9d66-4ff1-8fb1-1716de9e40e1	250	3.862187039759831e-05	0.03956041957414068	2.190144927536232	30	CPC020	MCF7	24H	C02	CVF-SUMO-11	10uM	down
CPC018_A375_6H_H18_sirolimus_10uM up	edc16647-1433-4136-854c-76e08b6a09f4	250	3.862187039759831e-05	0.03956041957414068	2.190144927536232	30	CPC018	A375	6H	H18	sirolimus	10uM	up
DOS012_VCAP_24H_E18_wortmannin_10uM down	5d9da81c-f4d5-4099-a378-91aa53a20e46	250	3.862187039759831e-05	0.03956041957414068	2.190144927536232	30	DOS012	VCAP	24H	E18	wortmannin	10uM	down
ISO002_HCT116.TP53.M_24H_I17_AZD-3514_0.125uM down	498cd5ec-8a6a-41ee-9366-250b72712001	250	3.862187039759831e-05	0.03956041957414068	2.190144927536232	30	ISO002	HCT116.TP53.M	24H	I17	AZD-3514	0.125uM	down
LJP007_THP1_24H_K15_HG-9-91-01_1.11uM up	8e0eeeaf-b63e-4eb8-a0e1-3ddbe8dd7f75	250	3.862187039759831e-05	0.03956041957414068	2.190144927536232	30	LJP007	THP1	24H	K15	HG-9-91-01	1.11uM	up
DOSVAL003_A549_24H_F15_BRD-K20500634_4uM up	3b134223-1474-4f8b-81fe-23e79e8d52e5	250	3.862187039759831e-05	0.03956041957414068	2.190144927536232	30	DOSVAL003	A549	24H	F15	BRD-K20500634	4uM	up
PAC018_U2OS_6H_I02_BRD-K10398797_10uM down	9849553a-104f-4baf-b55f-2b9c904992a2	250	3.862187039759831e-05	0.03956041957414068	2.190144927536232	30	PAC018	U2OS	6H	I02	BRD-K10398797	10uM	down
PAC019_U2OS_6H_D02_BRD-K70318404_10uM down	61a7ef6e-3f8d-48db-a8fe-2ca46f55a22b	250	3.862187039759831e-05	0.03956041957414068	2.190144927536232	30	PAC019	U2OS	6H	D02	BRD-K70318404	10uM	down
PAC027_U2OS_6H_F14_BRD-K84334677_10uM down	123c3fbc-7001-4bb9-9ece-00359433a03e	250	3.862187039759831e-05	0.03956041957414068	2.190144927536232	30	PAC027	U2OS	6H	F14	BRD-K84334677	10uM	down
XPR024_MCF7.311_96H_A05_RPL19 down	6392ad79-f1c6-4ce5-8286-16c6398942fe	250	3.862187039759831e-05	0.03956041957414068	2.190144927536232	30	XPR024	MCF7.311	96H	A05	RPL19	N/A	down
ERG021_PC3_24H_P14_WAY-170523_3.33uM up	ffceda84-5dc2-4b83-b50e-f1821a4e185f	250	3.862187039759831e-05	0.03956041957414068	2.190144927536232	30	ERG021	PC3	24H	P14	WAY-170523	3.33uM	up
PBIOA021_PC3_24H_H22_BRD-K46476470_0.37uM up	330a1ce6-243b-4415-a88e-a51ef7c0584b	250	3.862187039759831e-05	0.03956041957414068	2.190144927536232	30	PBIOA021	PC3	24H	H22	BRD-K46476470	0.37uM	up
REP.A005_HELA_24H_E10_DU-728_0.37uM up	aaf9909c-f119-4807-9e12-80e67209d9e7	250	3.862187039759831e-05	0.03956041957414068	2.190144927536232	30	REP.A005	HELA	24H	E10	DU-728	0.37uM	up
FIBR003_MCLF027CN_6H_G16_NSC-632839_0.74uM down	925992fe-0528-4af8-b763-804446d684e1	250	3.862187039759831e-05	0.03956041957414068	2.190144927536232	30	FIBR003	MCLF027CN	6H	G16	NSC-632839	0.74uM	down
DOSVAL002_HCC515_24H_G17_BRD-A19037878_10uM up	4cc42815-24bb-480c-9a2d-e5ea334ec3d2	250	3.862187039759831e-05	0.03956041957414068	2.190144927536232	30	DOSVAL002	HCC515	24H	G17	BRD-A19037878	10uM	up
REP.A018_HELA_24H_P03_ifosfamide_1.11uM down	4254bdae-c6a4-4142-bd24-1861d4e50bcd	250	3.862187039759831e-05	0.03956041957414068	2.190144927536232	30	REP.A018	HELA	24H	P03	ifosfamide	1.11uM	down
MOAR002_A375_24H_M12_tretinoin_1.11uM up	753b23fd-055f-41f1-8eca-a8f1b670759a	250	3.862187039759831e-05	0.03956041957414068	2.190144927536232	30	MOAR002	A375	24H	M12	tretinoin	1.11uM	up
MUC.CP007_P1A82_24H_M20_NVP-BEZ235_2.22uM down	4410b470-fd17-4785-9045-b57d10f46d84	250	3.862187039759831e-05	0.03956041957414068	2.190144927536232	30	MUC.CP007	P1A82	24H	M20	NVP-BEZ235	2.22uM	down
REP.B013_HUVEC.A_24H_D04_BRD-K37846922_0.01uM down	ce533955-1f87-440d-bda0-06e27eb55369	250	3.862187039759831e-05	0.03956041957414068	2.190144927536232	30	REP.B013	HUVEC.A	24H	D04	BRD-K37846922	0.01uM	down
XPR012_MCF7.311_96H_I15_LSM6 up	77952f48-e19c-4b6d-b709-ad768f39325d	250	3.862187039759831e-05	0.03956041957414068	2.190144927536232	30	XPR012	MCF7.311	96H	I15	LSM6	N/A	up
XPR036_ES2.311_96H_M12_TP53RK down	efeb85b9-beb1-42f7-8431-b170524acf25	250	3.862187039759831e-05	0.03956041957414068	2.190144927536232	30	XPR036	ES2.311	96H	M12	TP53RK	N/A	down
ASG003_U2OS_6H_J05_emetine_1.11uM down	200e7480-cbb1-4bbd-9528-66dcc8be6901	250	3.862187039759831e-05	0.03956041957414068	2.190144927536232	30	ASG003	U2OS	6H	J05	emetine	1.11uM	down
FIBR006_MCLF033SZ_6H_A20_APO-866_0.08uM up	16e862e2-7111-48c2-80bf-b9872158415e	250	3.862187039759831e-05	0.03956041957414068	2.190144927536232	30	FIBR006	MCLF033SZ	6H	A20	APO-866	0.08uM	up
DOSVAL006_HT29_24H_G13_vorinostat_20uM up	d172219c-7856-400e-af8a-1446e368ec00	250	3.862187039759831e-05	0.03956041957414068	2.190144927536232	30	DOSVAL006	HT29	24H	G13	vorinostat	20uM	up
FIBR032_MCLF054CN_6H_J20_cyclosporin-a_4uM up	b82d29b3-3179-4476-bb62-56dd478e9ff7	250	3.862187039759831e-05	0.03956041957414068	2.190144927536232	30	FIBR032	MCLF054CN	6H	J20	cyclosporin-a	4uM	up
LJP005_SKBR3_24H_A09_CP-724714_1.11uM down	5b03e52f-7f1c-4bd4-9d96-e922d7a94342	250	3.862187039759831e-05	0.03956041957414068	2.190144927536232	30	LJP005	SKBR3	24H	A09	CP-724714	1.11uM	down
TSAI002_NPC-8_XH_H16_compe_2.22uM down	51f8df84-336d-42e6-9ff2-cd801a9a8e43	250	3.862187039759831e-05	0.03956041957414068	2.190144927536232	30	TSAI002	NPC-8	XH	H16	compe	2.22uM	down
LJP008_MDAMB231_24H_C13_JQ-1-R_10uM up	08182945-d250-4ac5-8827-1186d4083e55	250	3.862187039759831e-05	0.03956041957414068	2.190144927536232	30	LJP008	MDAMB231	24H	C13	JQ-1-R	10uM	up
LJP008_NPC.TAK_24H_I03_I-BET-762_1.11uM down	48c08ede-3e9a-4fd8-bec8-c0cfae6cb0d8	250	3.862187039759831e-05	0.03956041957414068	2.190144927536232	30	LJP008	NPC.TAK	24H	I03	I-BET-762	1.11uM	down
CPC010_HT29_6H_L10_BRD-K40094191_10uM up	f064dd5c-eaa4-42e0-912d-ee1608db5809	250	3.862187039759831e-05	0.03956041957414068	2.190144927536232	30	CPC010	HT29	6H	L10	BRD-K40094191	10uM	up
PAC026_U2OS_6H_J24_BRD-K44415466_10uM down	1a4c222a-8192-474d-95b9-6a0a46c3838c	250	3.862187039759831e-05	0.03956041957414068	2.190144927536232	30	PAC026	U2OS	6H	J24	BRD-K44415466	10uM	down
PAC017_U2OS_6H_E21_BRD-K26817071_10uM down	d3e8f1f8-4ee5-4b83-a3da-ccbf8796b9d0	250	3.862187039759831e-05	0.03956041957414068	2.190144927536232	30	PAC017	U2OS	6H	E21	BRD-K26817071	10uM	down
REP.B006_MCF7_24H_I15_mitoxantrone_0.25uM down	5e2f19bc-0d3b-4d63-8822-4a7f6c6cb363	250	3.862187039759831e-05	0.03956041957414068	2.190144927536232	30	REP.B006	MCF7	24H	I15	mitoxantrone	0.25uM	down
PAC044_U2OS_6H_K13_BRD-K66640841_10uM down	893029a4-b0ff-4951-977a-2b50f3dd393f	250	3.862187039759831e-05	0.03956041957414068	2.190144927536232	30	PAC044	U2OS	6H	K13	BRD-K66640841	10uM	down
REP.A002_A549_24H_O14_NVP-BEZ235_3.33uM down	718019a8-e3e8-4cc3-a6bc-dcf7aca83abd	250	3.862187039759831e-05	0.03956041957414068	2.190144927536232	30	REP.A002	A549	24H	O14	NVP-BEZ235	3.33uM	down
REP.A006_YAPC_24H_B19_darapladib_10uM down	40af4d7e-800d-47a7-ac30-3ab83d233beb	250	3.862187039759831e-05	0.03956041957414068	2.190144927536232	30	REP.A006	YAPC	24H	B19	darapladib	10uM	down
REP.A001_A549_24H_I01_PKI-179_10uM down	0cd96004-3bcc-40a9-a199-95fce6222ec9	250	3.862187039759831e-05	0.03956041957414068	2.190144927536232	30	REP.A001	A549	24H	I01	PKI-179	10uM	down
CPC018_A375_6H_H16_dorsomorphin_10uM up	a88691eb-4c46-4995-a66a-bf68cbb657b8	250	3.862187039759831e-05	0.03956041957414068	2.190144927536232	30	CPC018	A375	6H	H16	dorsomorphin	10uM	up
XPR012_MCF7.311_96H_B13_BRD7 down	702e6dec-ce6b-42e9-a745-e9baeb6b513f	250	3.862187039759831e-05	0.03956041957414068	2.190144927536232	30	XPR012	MCF7.311	96H	B13	BRD7	N/A	down
REP.B018_MCF10A_24H_J19_AMG-232_2.22uM down	8e26c1e8-2fc5-4b53-a7b1-abcd6503620f	250	3.862187039759831e-05	0.03956041957414068	2.190144927536232	30	REP.B018	MCF10A	24H	J19	AMG-232	2.22uM	down
XPR008_MCF7.311_96H_E12_XPO1 down	ec09220d-f300-422b-b052-328e9ccb2b44	250	3.862187039759831e-05	0.03956041957414068	2.190144927536232	30	XPR008	MCF7.311	96H	E12	XPO1	N/A	down
XPR037_A549.311_96H_J03_GAPT down	7c3859b0-f172-41b7-97a3-7c10c6b52df9	250	3.862187039759831e-05	0.03956041957414068	2.190144927536232	30	XPR037	A549.311	96H	J03	GAPT	N/A	down
AICHI002_K562_4H_E02_canertinib_2.5uM up	f2939c3f-dae9-43a7-ae31-e72e5f9d1f7b	250	3.862187039759831e-05	0.03956041957414068	2.190144927536232	30	AICHI002	K562	4H	E02	canertinib	2.5uM	up
ASG002_BICR6_24H_D19_rucaparib_10uM down	3a61ed5c-29c4-47f4-87f1-ac7523d7d601	250	3.862187039759831e-05	0.03956041957414068	2.190144927536232	30	ASG002	BICR6	24H	D19	rucaparib	10uM	down
ASG002_PC3_24H_G18_tandutinib_0.08uM down	e6f064fa-abf4-4be7-83d7-a929149d5ecb	250	3.862187039759831e-05	0.03956041957414068	2.190144927536232	30	ASG002	PC3	24H	G18	tandutinib	0.08uM	down
CPC005_A375_24H_L12_daphnetin_10uM up	5bb6440c-400f-499e-9513-e79f0d3061d6	250	3.862187039759831e-05	0.03956041957414068	2.190144927536232	30	CPC005	A375	24H	L12	daphnetin	10uM	up
CRCGN011_HEPG2_24H_O05_geldanamycin_1.25uM down	4fafdcbb-64d6-4e92-ad7c-0340ff3f61cf	250	3.862187039759831e-05	0.03956041957414068	2.190144927536232	30	CRCGN011	HEPG2	24H	O05	geldanamycin	1.25uM	down
CPC007_HT29_24H_M16_BRD-A12083771_10uM up	8ea87c60-507e-4157-945a-daa2d1348f63	250	3.862187039759831e-05	0.03956041957414068	2.190144927536232	30	CPC007	HT29	24H	M16	BRD-A12083771	10uM	up
CPC019_PC3_24H_N19_MW-MITF9_10uM up	9e766ed1-9dbe-42f7-b070-fb48357d5aff	250	3.862187039759831e-05	0.03956041957414068	2.190144927536232	30	CPC019	PC3	24H	N19	MW-MITF9	10uM	up
LCP001_MCF10A.WT_3H_J01_dasatinib_10uM up	8dc18191-b186-4e3b-b9df-0abb2bbfddb1	250	3.862187039759831e-05	0.03956041957414068	2.190144927536232	30	LCP001	MCF10A.WT	3H	J01	dasatinib	10uM	up
PAC002_U2OS_6H_H10_benazepril_10uM down	d00ea8af-8f55-4222-9e9f-d1ad4f572877	250	3.862187039759831e-05	0.03956041957414068	2.190144927536232	30	PAC002	U2OS	6H	H10	benazepril	10uM	down
XPR022_U251MG.311_96H_D09_RAB31 up	a1622ab0-c716-4f59-8947-225a1a63afb5	250	3.862187039759831e-05	0.03956041957414068	2.190144927536232	30	XPR022	U251MG.311	96H	D09	RAB31	N/A	up
XPR027_AGS.311_96H_O24_WNT3 down	f4170fe9-724d-4fa0-badb-bb170befaea0	250	3.862187039759831e-05	0.03956041957414068	2.190144927536232	30	XPR027	AGS.311	96H	O24	WNT3	N/A	down
PAC044_U2OS_6H_A03_BRD-K03013810_10uM up	30674058-c1b8-4b07-832b-04bce8994829	250	3.862187039759831e-05	0.03956041957414068	2.190144927536232	30	PAC044	U2OS	6H	A03	BRD-K03013810	10uM	up
XPR035_AGS.311_96H_N20_DOLK up	9f2dbd68-0b82-4390-aa1d-7e95531b88d0	250	3.862187039759831e-05	0.03956041957414068	2.190144927536232	30	XPR035	AGS.311	96H	N20	DOLK	N/A	up
PAC063_U2OS_6H_K15_BRD-K39794286_10uM down	36395f2e-8d04-4594-8b81-f9b0efd3e474	250	3.862187039759831e-05	0.03956041957414068	2.190144927536232	30	PAC063	U2OS	6H	K15	BRD-K39794286	10uM	down
DOS053_A549_24H_O22_BRD-K53410660_4uM down	28c7f463-121d-46ce-959f-58cda77e8110	250	3.862187039759831e-05	0.03956041957414068	2.190144927536232	30	DOS053	A549	24H	O22	BRD-K53410660	4uM	down
CPC010_HA1E_6H_D15_BRD-A68065211_10uM up	316e6f85-e306-4167-8e8c-7eca75420153	250	3.862187039759831e-05	0.03956041957414068	2.190144927536232	30	CPC010	HA1E	6H	D15	BRD-A68065211	10uM	up
CPC005_PC3_24H_K23_scopoline_10uM down	c31a7eed-29f8-4fdc-980d-001c90292aae	250	3.862187039759831e-05	0.03956041957414068	2.190144927536232	30	CPC005	PC3	24H	K23	scopoline	10uM	down
FIBR029_MCLF040SZ_6H_P04_PP-110_4uM up	d4beea02-ab43-4283-9a4e-cf8323586ffd	250	3.862187039759831e-05	0.03956041957414068	2.190144927536232	30	FIBR029	MCLF040SZ	6H	P04	PP-110	4uM	up
REP.A002_MCF7_24H_D20_atrasentan_3.33uM down	3b256c67-27ee-43a1-ac4c-98ca36f16a3d	250	3.862187039759831e-05	0.03956041957414068	2.190144927536232	30	REP.A002	MCF7	24H	D20	atrasentan	3.33uM	down
KTOX002_HPTEC_6H_O03_indometacin_320uM up	a7a012ef-ef44-474c-a197-4443bd2f9b54	250	3.862187039759831e-05	0.03956041957414068	2.190144927536232	30	KTOX002	HPTEC	6H	O03	indometacin	320uM	up
REP.B008_HEK293_24H_B13_amcinonide_2.22uM down	4291b6c3-ced4-4f46-8c92-da2262ed144e	250	3.862187039759831e-05	0.03956041957414068	2.190144927536232	30	REP.B008	HEK293	24H	B13	amcinonide	2.22uM	down
XPR012_AGS.311_96H_M12_BCL3 up	e2d4fe58-b6ca-4281-b790-7309b0392d5a	250	3.862187039759831e-05	0.03956041957414068	2.190144927536232	30	XPR012	AGS.311	96H	M12	BCL3	N/A	up
LJP009_HME1_24H_L07_RAF-265_10uM up	a6177ea4-cf98-4081-8cdf-865067bd8349	250	3.862187039759831e-05	0.03956041957414068	2.190144927536232	30	LJP009	HME1	24H	L07	RAF-265	10uM	up
LJP007_HELA_24H_L07_MLN-0128_10uM up	24d09997-5af9-493e-b740-f588ecbb50b4	250	3.862187039759831e-05	0.03956041957414068	2.190144927536232	30	LJP007	HELA	24H	L07	MLN-0128	10uM	up
REP.B008_YAPC_24H_H10_moxonidine_0.08uM up	55acf1ca-985a-461d-bfd1-ba9da8e43cba	250	3.862187039759831e-05	0.03956041957414068	2.190144927536232	30	REP.B008	YAPC	24H	H10	moxonidine	0.08uM	up
AICHI001_K562_4H_L02_AZD-1480_2.5uM down	024639b2-f1bd-4813-8c11-afb0dfd99565	250	3.862187039759831e-05	0.03956041957414068	2.190144927536232	30	AICHI001	K562	4H	L02	AZD-1480	2.5uM	down
MOAR010_SKES1_24H_D01_GDC-0349_10uM down	27b744b7-f28d-4177-91b8-a11500a5cb39	250	3.862187039759831e-05	0.03956041957414068	2.190144927536232	30	MOAR010	SKES1	24H	D01	GDC-0349	10uM	down
CEGS001_NPC.215_24H_C04_17-AAG_1.25uM down	eaef0c5d-fcfa-49f3-97ed-c032acb8bc4e	250	3.862187039759831e-05	0.03956041957414068	2.190144927536232	30	CEGS001	NPC.215	24H	C04	17-AAG	1.25uM	down
CPC004_MCF7_6H_I24_spiramide_10uM up	bcb2202f-c746-4626-baa7-842835351632	250	3.862187039759831e-05	0.03956041957414068	2.190144927536232	30	CPC004	MCF7	6H	I24	spiramide	10uM	up
PAC016_U2OS_6H_D13_BRD-K43936062_10uM up	4be8ee86-96c5-49a1-9a9e-271e7f00c79d	250	3.862187039759831e-05	0.03956041957414068	2.190144927536232	30	PAC016	U2OS	6H	D13	BRD-K43936062	10uM	up
PAC019_U2OS_6H_L10_BRD-K60778274_10uM up	d0084483-b0e3-4885-8962-b39bbf6747cf	250	3.862187039759831e-05	0.03956041957414068	2.190144927536232	30	PAC019	U2OS	6H	L10	BRD-K60778274	10uM	up
PAC033_U2OS_6H_D06_BRD-K15019832_10uM up	773396c5-0dfb-410c-bb5e-d439d8179947	250	3.862187039759831e-05	0.03956041957414068	2.190144927536232	30	PAC033	U2OS	6H	D06	BRD-K15019832	10uM	up
DOSVAL001_HT29_24H_O05_SB-216641_10uM up	ac6ee9ea-4854-45d3-8ed7-e557b1923527	250	3.862187039759831e-05	0.03956041957414068	2.190144927536232	30	DOSVAL001	HT29	24H	O05	SB-216641	10uM	up
PAC041_U2OS_6H_D18_BRD-K06199632_10uM up	e023d340-55bb-4f2a-aaef-401195f2d65e	250	3.862187039759831e-05	0.03956041957414068	2.190144927536232	30	PAC041	U2OS	6H	D18	BRD-K06199632	10uM	up
FIBR011_MCLF015CN_6H_N04_BRD-K19216856_4uM up	9937eae1-d275-4310-84be-b52e8df70d5e	250	3.862187039759831e-05	0.03956041957414068	2.190144927536232	30	FIBR011	MCLF015CN	6H	N04	BRD-K19216856	4uM	up
FIBR012_MCLF015CN_6H_G02_AC-55649_4uM down	e2b0ce6e-08f2-4577-a197-e40656a7a113	250	3.862187039759831e-05	0.03956041957414068	2.190144927536232	30	FIBR012	MCLF015CN	6H	G02	AC-55649	4uM	down
POL001_JURKAT_24H_A08_torin-1_3.33uM down	2b0af9ff-3d6c-4f76-8f8a-3b68fc906fd8	250	3.862187039759831e-05	0.03956041957414068	2.190144927536232	30	POL001	JURKAT	24H	A08	torin-1	3.33uM	down
PAC066_U2OS_6H_P11_BRD-K38831170_10uM down	acc42ea0-8046-47e5-822b-5b898f007066	250	3.862187039759831e-05	0.03956041957414068	2.190144927536232	30	PAC066	U2OS	6H	P11	BRD-K38831170	10uM	down
MUC.CP002_NKDBA_24H_G05_SA-424371_10uM down	2665d485-7477-4bfd-a1d4-9f5e0a9004fd	250	3.862187039759831e-05	0.03956041957414068	2.190144927536232	30	MUC.CP002	NKDBA	24H	G05	SA-424371	10uM	down
PAC002_U2OS_6H_I23_TPCA-1_10uM up	55eac6c0-11ce-4d97-b5e1-43a0482e4c03	250	3.862187039759831e-05	0.03956041957414068	2.190144927536232	30	PAC002	U2OS	6H	I23	TPCA-1	10uM	up
REP.A016_MCF10A_24H_E03_R-547_1.11uM down	328aa8ab-da7a-423f-aa52-19b4737e5582	250	3.862187039759831e-05	0.03956041957414068	2.190144927536232	30	REP.A016	MCF10A	24H	E03	R-547	1.11uM	down
REP.B016_A549_24H_I22_MK-1775_0.08uM up	b44e140a-9841-4634-8982-5eb63180757b	250	3.862187039759831e-05	0.03956041957414068	2.190144927536232	30	REP.B016	A549	24H	I22	MK-1775	0.08uM	up
POL001_HEPG2_24H_M15_oligomycin-a_1.11uM up	eaba8189-c7a2-45b9-87a8-f0225f7337a7	250	3.862187039759831e-05	0.03956041957414068	2.190144927536232	30	POL001	HEPG2	24H	M15	oligomycin-a	1.11uM	up
ASG003_WA09.AST_24H_L20_lomerizine_1.11uM down	8d0b861a-00c8-44b3-932e-24c95c6eabab	250	3.862187039759831e-05	0.03956041957414068	2.190144927536232	30	ASG003	WA09.AST	24H	L20	lomerizine	1.11uM	down
REP.B009_HT29_24H_G19_TAK-733_2.22uM down	975fad15-43b1-4aae-a1ef-dce941e56cfa	250	3.862187039759831e-05	0.03956041957414068	2.190144927536232	30	REP.B009	HT29	24H	G19	TAK-733	2.22uM	down
PAC019_U2OS_6H_L05_BRD-K86888602_10uM down	bdc61a60-e76e-466a-b69a-2d3ceb534e33	250	3.862187039759831e-05	0.03956041957414068	2.190144927536232	30	PAC019	U2OS	6H	L05	BRD-K86888602	10uM	down
PAC027_U2OS_6H_M21_BRD-K19045069_10uM up	95becdbc-aa04-4734-a630-c8acda43f502	250	3.862187039759831e-05	0.03956041957414068	2.190144927536232	30	PAC027	U2OS	6H	M21	BRD-K19045069	10uM	up
XPR023_HT29.311_96H_P18_SFMBT1 up	906e8d69-80be-4d51-a7a3-d9c44ca8ac95	250	3.862187039759831e-05	0.03956041957414068	2.190144927536232	30	XPR023	HT29.311	96H	P18	SFMBT1	N/A	up
XPR026_AGS.311_96H_A06_TNFRSF21 down	5b59338d-7644-49bd-aeb5-4da915e3b8ed	250	3.862187039759831e-05	0.03956041957414068	2.190144927536232	30	XPR026	AGS.311	96H	A06	TNFRSF21	N/A	down
PBIOA015_HCC515_24H_I19_BRD-K26664453_10uM down	99f6b250-59ab-4d34-b51c-96ffa8d117de	250	3.862187039759831e-05	0.03956041957414068	2.190144927536232	30	PBIOA015	HCC515	24H	I19	BRD-K26664453	10uM	down
XPR008_MCF7.311_96H_D13_ATP1B4 up	1a8b9a61-c91e-46b7-b1e1-00abe376e4cf	250	3.862187039759831e-05	0.03956041957414068	2.190144927536232	30	XPR008	MCF7.311	96H	D13	ATP1B4	N/A	up
FIBR020_MCLF135CN_6H_I12_MK-1775_0.12uM up	67667c3b-4a33-4e6a-9e1b-e2628a394b46	250	3.862187039759831e-05	0.03956041957414068	2.190144927536232	30	FIBR020	MCLF135CN	6H	I12	MK-1775	0.12uM	up
FIBR036_MCLF137CN_6H_O14_GMX-1778_0.004uM up	bb7a0a0a-9b2f-4de7-893c-6e7e74fd3524	250	3.862187039759831e-05	0.03956041957414068	2.190144927536232	30	FIBR036	MCLF137CN	6H	O14	GMX-1778	0.004uM	up
LJP006_A375_24H_O15_torin-1_1.11uM up	5a0e2aa6-db8d-4995-83cc-ece4cb13dbd5	250	3.862187039759831e-05	0.03956041957414068	2.190144927536232	30	LJP006	A375	24H	O15	torin-1	1.11uM	up
REP.A021_MCF10A_24H_E05_temsirolimus_0.125uM up	30121865-c98a-4daf-9d79-2584cd457746	250	3.862187039759831e-05	0.03956041957414068	2.190144927536232	30	REP.A021	MCF10A	24H	E05	temsirolimus	0.125uM	up
REP.A022_JURKAT_24H_A20_entinostat_3.33uM up	5e42e039-2be2-4bcf-9b09-ecd57d6643b1	250	3.862187039759831e-05	0.03956041957414068	2.190144927536232	30	REP.A022	JURKAT	24H	A20	entinostat	3.33uM	up
LJP006_LNCAP_24H_L13_sirolimus_10uM down	c60fcfe2-3f7a-4bf0-8553-2a4ec9b654e0	250	3.862187039759831e-05	0.03956041957414068	2.190144927536232	30	LJP006	LNCAP	24H	L13	sirolimus	10uM	down
XPR038_U251MG.311_96H_G20_GUSB up	7f1c949a-aaa2-4c4f-98ad-12298e011403	250	3.862187039759831e-05	0.03956041957414068	2.190144927536232	30	XPR038	U251MG.311	96H	G20	GUSB	N/A	up
LJP009_HME1_24H_P06_KIN001-055_0.04uM up	96b8b9f7-22c6-4985-a20d-08cd56359ed7	250	3.862187039759831e-05	0.03956041957414068	2.190144927536232	30	LJP009	HME1	24H	P06	KIN001-055	0.04uM	up
XPR013_MCF7.311_96H_K19_C4BPA up	7af75118-6d35-4d5f-b0b9-c39a4c4abbfc	250	3.862187039759831e-05	0.03956041957414068	2.190144927536232	30	XPR013	MCF7.311	96H	K19	C4BPA	N/A	up
ASG003_A549_6H_N07_TW-37_10uM up	2cd226be-bbfe-4b4e-95c0-48e9c0a9ba4f	250	3.862187039759831e-05	0.03956041957414068	2.190144927536232	30	ASG003	A549	6H	N07	TW-37	10uM	up
PAC006_U2OS_6H_F14_BRD-A15914070_10uM up	ff13dea6-7c35-4184-9cbc-900ff86e54d1	250	3.862187039759831e-05	0.03956041957414068	2.190144927536232	30	PAC006	U2OS	6H	F14	BRD-A15914070	10uM	up
XPR033_U251MG.311_96H_P22_LDHA down	44b3aada-474e-45a3-b9bc-102c1ac7170b	250	3.862187039759831e-05	0.03956041957414068	2.190144927536232	30	XPR033	U251MG.311	96H	P22	LDHA	N/A	down
XPR036_MCF7.311_96H_K06_PGRMC1 up	bd218221-25fe-4df3-8814-de85c21cbc6d	250	3.862187039759831e-05	0.03956041957414068	2.190144927536232	30	XPR036	MCF7.311	96H	K06	PGRMC1	N/A	up
XPR037_ES2.311_96H_H22_GP6 down	f194a163-07f7-44e7-84ce-0b691c06bfaa	250	3.862187039759831e-05	0.03956041957414068	2.190144927536232	30	XPR037	ES2.311	96H	H22	GP6	N/A	down
ASG003_XC.P910_24H_L10_AZD-8055_10uM down	b2b9af29-7649-4c43-bb7a-1da5d4510892	250	3.862187039759831e-05	0.03956041957414068	2.190144927536232	30	ASG003	XC.P910	24H	L10	AZD-8055	10uM	down
PAC019_U2OS_6H_D10_BRD-K35414268_10uM up	7a07e058-556d-4c29-b3e6-da6397af5275	250	3.862187039759831e-05	0.03956041957414068	2.190144927536232	30	PAC019	U2OS	6H	D10	BRD-K35414268	10uM	up
PAC019_U2OS_6H_J04_BRD-K97986353_10uM down	09987bb8-83a3-4537-be47-3adade78e55a	250	3.862187039759831e-05	0.03956041957414068	2.190144927536232	30	PAC019	U2OS	6H	J04	BRD-K97986353	10uM	down
CEGS001_NPC.179_24H_I24_troglitazone_0.74uM down	3920f250-e2ce-47eb-9df4-abdef9d13dbd	250	3.862187039759831e-05	0.03956041957414068	2.190144927536232	30	CEGS001	NPC.179	24H	I24	troglitazone	0.74uM	down
CPD002_MCF7_6H_M21_ceforanide_10uM up	c2ee5ffa-d1ec-48b9-a041-0f7f1a268500	250	3.862187039759831e-05	0.03956041957414068	2.190144927536232	30	CPD002	MCF7	6H	M21	ceforanide	10uM	up
CRCGN017_MCF10A.TP53.M_24H_E05_BRD-A06416737_30uM down	413d253b-03d9-411f-a3e8-ab0f704f1a91	250	3.862187039759831e-05	0.03956041957414068	2.190144927536232	30	CRCGN017	MCF10A.TP53.M	24H	E05	BRD-A06416737	30uM	down
DOS014_VCAP_24H_N05_BRD-K41571462_4uM up	5f908664-3c36-4b48-b11d-85b36592c737	250	3.862187039759831e-05	0.03956041957414068	2.190144927536232	30	DOS014	VCAP	24H	N05	BRD-K41571462	4uM	up
FIBR006_MCLF033SZ_6H_A15_BRD-K89329876_4uM up	2fadd9b2-ed63-4ecd-83e1-9c0348087cea	250	3.862187039759831e-05	0.03956041957414068	2.190144927536232	30	FIBR006	MCLF033SZ	6H	A15	BRD-K89329876	4uM	up
FIBR021_MCLF037SZ_6H_P12_flutamide_4uM down	69ae95d3-97a5-40ca-b355-2baf4fbbe33c	250	3.862187039759831e-05	0.03956041957414068	2.190144927536232	30	FIBR021	MCLF037SZ	6H	P12	flutamide	4uM	down
FIBR022_MCLF037SZ_6H_D15_navitoclax_2.22uM up	493a8460-6eb5-47bf-a2c2-1382b6a22742	250	3.862187039759831e-05	0.03956041957414068	2.190144927536232	30	FIBR022	MCLF037SZ	6H	D15	navitoclax	2.22uM	up
LCP001_MCF10A.PIK3CA.HH_24H_G06_CYT-387_1.11uM up	72703d82-78eb-40f6-9847-df1e0ead5e55	250	3.862187039759831e-05	0.03956041957414068	2.190144927536232	30	LCP001	MCF10A.PIK3CA.HH	24H	G06	CYT-387	1.11uM	up
LJP001_SKBR3_24H_P03_torin-1_0.37uM up	ee1bfae9-cd5e-42c3-915d-ecda7d75f0d2	250	3.862187039759831e-05	0.03956041957414068	2.190144927536232	30	LJP001	SKBR3	24H	P03	torin-1	0.37uM	up
CEGS001_NPC.170_24H_O14_rolipram_4uM down	e2f7f81e-8550-44b7-8dcb-2b0645f1ac2f	250	3.862187039759831e-05	0.03956041957414068	2.190144927536232	30	CEGS001	NPC.170	24H	O14	rolipram	4uM	down
CPC011_PC3_24H_E11_clotrimazole_10uM up	369af66f-02f7-4e11-9f3e-28a9704fe682	250	3.862187039759831e-05	0.03956041957414068	2.190144927536232	30	CPC011	PC3	24H	E11	clotrimazole	10uM	up
PAC053_U2OS_6H_O10_BRD-K88856990_10uM down	9de8b71b-dbfd-4595-8f62-abb04accd965	250	3.862187039759831e-05	0.03956041957414068	2.190144927536232	30	PAC053	U2OS	6H	O10	BRD-K88856990	10uM	down
XPR032_PC3.311B_96H_B19_TNFRSF10B down	196986e8-aa21-42f4-b557-623eead179a0	250	3.862187039759831e-05	0.03956041957414068	2.190144927536232	30	XPR032	PC3.311B	96H	B19	TNFRSF10B	N/A	down
REP.A007_HT29_24H_P07_torin-1_10uM up	494c59d6-a94c-4010-a30e-63ca9c7f197d	250	3.862187039759831e-05	0.03956041957414068	2.190144927536232	30	REP.A007	HT29	24H	P07	torin-1	10uM	up
PAC037_U2OS_6H_B11_BRD-K15160749_10uM down	89cfa272-1ec5-4a94-85e9-26e533afca50	250	3.862187039759831e-05	0.03956041957414068	2.190144927536232	30	PAC037	U2OS	6H	B11	BRD-K15160749	10uM	down
FIBR019_MCLF135CN_6H_E14_D-4476_20uM up	b243e958-1f1b-47ae-af20-8cc69d12f74d	250	3.862187039759831e-05	0.03956041957414068	2.190144927536232	30	FIBR019	MCLF135CN	6H	E14	D-4476	20uM	up
LJP005_HEPG2_24H_H06_buparlisib_0.04uM down	7563e95d-fcf3-4fa6-a09a-fcbf798d3589	250	3.862187039759831e-05	0.03956041957414068	2.190144927536232	30	LJP005	HEPG2	24H	H06	buparlisib	0.04uM	down
LJP008_NEU_24H_K08_GSK-1059615_3.33uM down	f01303db-51c1-4549-abd7-badae01af650	250	3.862187039759831e-05	0.03956041957414068	2.190144927536232	30	LJP008	NEU	24H	K08	GSK-1059615	3.33uM	down
PCLB001_A549_6H_M18_MW-SHH-98_2.5uM up	f171f145-4b1c-4a77-b74d-24eb5b290d14	250	3.862187039759831e-05	0.03956041957414068	2.190144927536232	30	PCLB001	A549	6H	M18	MW-SHH-98	2.5uM	up
REP.A003_A375_24H_M16_SR-27897_0.37uM down	4368f83c-1f4f-4546-aa1f-31fa2dfe6cd3	250	3.862187039759831e-05	0.03956041957414068	2.190144927536232	30	REP.A003	A375	24H	M16	SR-27897	0.37uM	down
REP.B018_HT29_24H_I21_BI-2536_0.25uM up	a966e912-91a2-4a02-be88-c6964b751eee	250	3.862187039759831e-05	0.03956041957414068	2.190144927536232	30	REP.B018	HT29	24H	I21	BI-2536	0.25uM	up
REP.B023_A375_24H_P14_floxuridine_0.74uM up	c579a6ff-8349-463d-bd7e-a451f0a64cf3	250	3.862187039759831e-05	0.03956041957414068	2.190144927536232	30	REP.B023	A375	24H	P14	floxuridine	0.74uM	up
REP.B013_PC3_24H_K15_anandamide_0.25uM down	6bf8d756-6477-4da2-b5b2-6ccf838249f5	250	3.862187039759831e-05	0.03956041957414068	2.190144927536232	30	REP.B013	PC3	24H	K15	anandamide	0.25uM	down
AML001_CD34_6H_K07_BRD-K68552125_10uM up	41f09036-abb1-4f3a-8c94-53db1445c956	250	3.862187039759831e-05	0.03956041957414068	2.190144927536232	30	AML001	CD34	6H	K07	BRD-K68552125	10uM	up
ASG002_NCIH2110_24H_L11_barasertib-HQPA_1.11uM down	4efb007c-11a3-4ff2-b553-881847c50b1c	250	3.862187039759831e-05	0.03956041957414068	2.190144927536232	30	ASG002	NCIH2110	24H	L11	barasertib-HQPA	1.11uM	down
LJP008_SKL_24H_A23_MK-1775_0.12uM up	62e12c36-3648-4535-a0f5-8ec88ab5cc40	250	3.862187039759831e-05	0.03956041957414068	2.190144927536232	30	LJP008	SKL	24H	A23	MK-1775	0.12uM	up
AICHI001_BJAB_4H_K11_mitoxantrone_0.04uM down	dcbf00a0-51c8-4bfb-b768-f79047691303	250	3.862187039759831e-05	0.03956041957414068	2.190144927536232	30	AICHI001	BJAB	4H	K11	mitoxantrone	0.04uM	down
CPC006_HA1E_24H_P07_fostamatinib_10uM up	025e033a-e9ee-48f7-a5ec-f6b51e87c6fb	250	3.862187039759831e-05	0.03956041957414068	2.190144927536232	30	CPC006	HA1E	24H	P07	fostamatinib	10uM	up
PAC002_U2OS_6H_M05_spiperone_10uM up	a79ece0a-4d3f-42ff-836a-859de747630a	250	3.862187039759831e-05	0.03956041957414068	2.190144927536232	30	PAC002	U2OS	6H	M05	spiperone	10uM	up
AICHI002_K562_24H_C11_alpelisib_0.04uM down	dcba56d0-4895-4249-8f06-82a85e72bb05	250	3.862187039759831e-05	0.03956041957414068	2.190144927536232	30	AICHI002	K562	24H	C11	alpelisib	0.04uM	down
CPC002_VCAP_6H_B10_LY-288513_10uM down	15d4ebc0-fff4-4d41-8456-ffcdc1fe80e0	250	3.862187039759831e-05	0.03956041957414068	2.190144927536232	30	CPC002	VCAP	6H	B10	LY-288513	10uM	down
CPC003_HA1E_6H_D07_levocabastine_10uM down	42aa4659-46f8-4d17-9e54-49d84273981f	250	3.862187039759831e-05	0.03956041957414068	2.190144927536232	30	CPC003	HA1E	6H	D07	levocabastine	10uM	down
HOG002_A549_6H_A16_wortmannin_1.11uM down	ed5e12a2-e900-436b-9a7b-3b0500db16a9	250	3.862187039759831e-05	0.03956041957414068	2.190144927536232	30	HOG002	A549	6H	A16	wortmannin	1.11uM	down
LJP007_CD34_24H_G21_KIN001-244_1.11uM down	591cdbb0-3725-438d-9f9d-3cf8a18082e8	250	3.862187039759831e-05	0.03956041957414068	2.190144927536232	30	LJP007	CD34	24H	G21	KIN001-244	1.11uM	down
LJP007_NPC.TAK_24H_E15_AZ-628_1.11uM up	92e883f0-eeb0-4c27-be45-5994379c9f77	250	3.862187039759831e-05	0.03956041957414068	2.190144927536232	30	LJP007	NPC.TAK	24H	E15	AZ-628	1.11uM	up
AICHI002_K562_4H_C19_sirolimus_10uM up	a9d76664-97fb-4b95-a81f-2232dc66d131	250	3.862187039759831e-05	0.03956041957414068	2.190144927536232	30	AICHI002	K562	4H	C19	sirolimus	10uM	up
CPC014_MCF7_6H_I01_torin-2_10uM up	811e2fe8-9498-4221-bad2-6e422cbbb05c	250	3.862187039759831e-05	0.03956041957414068	2.190144927536232	30	CPC014	MCF7	6H	I01	torin-2	10uM	up
PAC042_U2OS_6H_M06_BRD-K35404971_10uM up	5ca5462f-ec97-4e1d-83ae-07d11335df77	250	3.862187039759831e-05	0.03956041957414068	2.190144927536232	30	PAC042	U2OS	6H	M06	BRD-K35404971	10uM	up
PBIOA018_MCF7_24H_O01_vorinostat_10uM up	2ae23195-6a43-4a22-8746-2b0ac353645d	250	3.862187039759831e-05	0.03956041957414068	2.190144927536232	30	PBIOA018	MCF7	24H	O01	vorinostat	10uM	up
CRCGN016_MCF10A.TP53.M_24H_P23_BRD-K88135829_30uM down	88ce36bb-46df-428c-936a-392a51dbabf2	250	3.862187039759831e-05	0.03956041957414068	2.190144927536232	30	CRCGN016	MCF10A.TP53.M	24H	P23	BRD-K88135829	30uM	down
REP.A004_HT29_24H_K02_procaine_3.33uM down	b4224621-4e1e-477c-bf14-890d22104da8	250	3.862187039759831e-05	0.03956041957414068	2.190144927536232	30	REP.A004	HT29	24H	K02	procaine	3.33uM	down
DOSVAL005_HT29_24H_P03_BRD-K66814954_4uM down	2856eba0-2625-4fbd-8c4a-113ad6f365f0	250	3.862187039759831e-05	0.03956041957414068	2.190144927536232	30	DOSVAL005	HT29	24H	P03	BRD-K66814954	4uM	down
REP.A009_HT29_24H_C10_resminostat_0.37uM up	0751c64f-a263-4e30-a999-fbf58a48ba97	250	3.862187039759831e-05	0.03956041957414068	2.190144927536232	30	REP.A009	HT29	24H	C10	resminostat	0.37uM	up
LGR001_XC.L100.M_72H_I16_BGT-226_0.37uM down	44fd11a8-28eb-401a-8674-e562e308b2d3	250	3.862187039759831e-05	0.03956041957414068	2.190144927536232	30	LGR001	XC.L100.M	72H	I16	BGT-226	0.37uM	down
REP.A012_A549_24H_N22_raltegravir_0.37uM up	01be2515-5cb3-43c2-8907-60c989ff959e	250	3.862187039759831e-05	0.03956041957414068	2.190144927536232	30	REP.A012	A549	24H	N22	raltegravir	0.37uM	up
REP.A023_YAPC_24H_O07_CEP-37440_10uM up	e6bc9a44-59e7-417e-9806-204e75e002bb	250	3.862187039759831e-05	0.03956041957414068	2.190144927536232	30	REP.A023	YAPC	24H	O07	CEP-37440	10uM	up
LJP007_NPC.TAK_24H_N01_BRD-K09991945_10uM down	d7b61c80-effb-4189-a00c-aea0c88fbd64	250	3.862187039759831e-05	0.03956041957414068	2.190144927536232	30	LJP007	NPC.TAK	24H	N01	BRD-K09991945	10uM	down
REP.B027_A375_24H_I11_amiloride_0.03uM up	e5d44c1f-c26e-47de-bbc7-c95ee4806453	250	3.862187039759831e-05	0.03956041957414068	2.190144927536232	30	REP.B027	A375	24H	I11	amiloride	0.03uM	up
REP.B027_HT29_24H_J21_ranolazine_0.25uM up	c9cf7231-8efa-4efb-963f-f1ac37df9d74	250	3.862187039759831e-05	0.03956041957414068	2.190144927536232	30	REP.B027	HT29	24H	J21	ranolazine	0.25uM	up
AICHI002_K562_24H_H05_GSK-1838705A_0.04uM down	3d6e482b-33b4-4d73-aedc-f2da891296f7	250	3.862187039759831e-05	0.03956041957414068	2.190144927536232	30	AICHI002	K562	24H	H05	GSK-1838705A	0.04uM	down
MOAR001_A375_24H_P02_asiatic-acid_3.33uM up	3b376e1f-afe0-4072-be5f-1b385ad3a9df	250	3.862187039759831e-05	0.03956041957414068	2.190144927536232	30	MOAR001	A375	24H	P02	asiatic-acid	3.33uM	up
PAC051_U2OS_6H_C22_BRD-K15453459_10uM up	9ceaa1b6-77a7-4b43-8298-f5378851101c	250	3.862187039759831e-05	0.03956041957414068	2.190144927536232	30	PAC051	U2OS	6H	C22	BRD-K15453459	10uM	up
ASG003_XC.P936_24H_L10_AZD-8055_10uM up	7e782953-2f2c-4804-b4ee-40e625b51b87	250	3.862187039759831e-05	0.03956041957414068	2.190144927536232	30	ASG003	XC.P936	24H	L10	AZD-8055	10uM	up
CPC004_HA1E_24H_G12_menadione_10uM up	5f14a8ca-10d6-4191-8116-eac1889808f3	250	3.862187039759831e-05	0.03956041957414068	2.190144927536232	30	CPC004	HA1E	24H	G12	menadione	10uM	up
CPC012_NPC_24H_O14_BRD-K68202742_10uM up	c9cd3f90-ca59-4752-aebe-bf4a3bf03024	250	3.862187039759831e-05	0.03956041957414068	2.190144927536232	30	CPC012	NPC	24H	O14	BRD-K68202742	10uM	up
PAC002_U2OS_6H_A16_SB-334867_10uM down	6a6f016d-5a0e-4627-bb73-870a4c066186	250	3.862187039759831e-05	0.03956041957414068	2.190144927536232	30	PAC002	U2OS	6H	A16	SB-334867	10uM	down
PAC019_U2OS_6H_A10_BRD-K98950492_10uM down	29a13a66-1d06-4b6f-aaa5-a0a016eb9b5d	250	3.862187039759831e-05	0.03956041957414068	2.190144927536232	30	PAC019	U2OS	6H	A10	BRD-K98950492	10uM	down
DOSBIO001_MCF7_24H_N01_BRD-K69894866_10uM down	2cc58b64-05b8-4af3-8549-b2fc2e864b3a	250	3.862187039759831e-05	0.03956041957414068	2.190144927536232	30	DOSBIO001	MCF7	24H	N01	BRD-K69894866	10uM	down
PAC021_U2OS_6H_C14_BRD-K36198653_10uM down	b6e0d077-c74b-41fe-96e4-c6b4548bd677	250	3.862187039759831e-05	0.03956041957414068	2.190144927536232	30	PAC021	U2OS	6H	C14	BRD-K36198653	10uM	down
LGR001_XC.L100.M_24H_C17_nutlin-3_0.125uM down	b6821d2e-ab4c-479c-9d41-a444640cfbc0	250	3.862187039759831e-05	0.03956041957414068	2.190144927536232	30	LGR001	XC.L100.M	24H	C17	nutlin-3	0.125uM	down
LCP001_MCF10A.WT_12H_F19_etoposide_10uM down	bcd11a1b-163f-46e1-92b7-4399ef1e4c42	250	3.862187039759831e-05	0.03956041957414068	2.190144927536232	30	LCP001	MCF10A.WT	12H	F19	etoposide	10uM	down
LJP007_HELA_24H_L08_MLN-0128_3.33uM up	7b517b65-4554-4323-8540-9307ceb03020	250	3.862187039759831e-05	0.03956041957414068	2.190144927536232	30	LJP007	HELA	24H	L08	MLN-0128	3.33uM	up
LJP007_MNEU.E_24H_D08_cabozantinib_3.33uM up	eca6f951-6a32-4bf2-84c8-a792a44d48bb	250	3.862187039759831e-05	0.03956041957414068	2.190144927536232	30	LJP007	MNEU.E	24H	D08	cabozantinib	3.33uM	up
LKCP001_A549_24H_F13_PHA-793887_10uM down	24970a90-829f-4135-b74d-bd59f9e6b502	250	3.862187039759831e-05	0.03956041957414068	2.190144927536232	30	LKCP001	A549	24H	F13	PHA-793887	10uM	down
REP.A028_YAPC_24H_P22_cyanocobalamin_0.37uM down	a6248e2b-4e33-4359-96ef-707d2333a954	250	3.862187039759831e-05	0.03956041957414068	2.190144927536232	30	REP.A028	YAPC	24H	P22	cyanocobalamin	0.37uM	down
PAC052_U2OS_6H_O13_BRD-K68312364_10uM up	7746493d-c5a2-447d-b0b8-7fedcad8102a	250	3.862187039759831e-05	0.03956041957414068	2.190144927536232	30	PAC052	U2OS	6H	O13	BRD-K68312364	10uM	up
REP.B003_HA1E_24H_E08_AMG-208_0.74uM down	7986c707-212c-49c4-85a9-9a4448d98a2a	250	3.862187039759831e-05	0.03956041957414068	2.190144927536232	30	REP.B003	HA1E	24H	E08	AMG-208	0.74uM	down
REP.B009_MCF7_24H_L09_MBX-2982_0.25uM up	f2822fea-b1ba-41eb-92cd-c418a981b17c	250	3.862187039759831e-05	0.03956041957414068	2.190144927536232	30	REP.B009	MCF7	24H	L09	MBX-2982	0.25uM	up
REP.B026_A375_24H_E15_indacaterol_0.25uM up	39343459-6597-4936-8153-1dfc406530f2	250	3.862187039759831e-05	0.03956041957414068	2.190144927536232	30	REP.B026	A375	24H	E15	indacaterol	0.25uM	up
XPR016_U251MG.311_96H_D02_FAM129C up	9efdc895-6cb4-4526-8f39-85f94d45c5af	250	3.862187039759831e-05	0.03956041957414068	2.190144927536232	30	XPR016	U251MG.311	96H	D02	FAM129C	N/A	up
XPR022_MCF7.311_96H_J04_AKT1 up	e9cc704d-0be0-42e9-863e-348e550c6941	250	3.862187039759831e-05	0.03956041957414068	2.190144927536232	30	XPR022	MCF7.311	96H	J04	AKT1	N/A	up
CPC016_HEPG2_6H_M08_SDZ-205-557_10uM down	ef1366e0-06d4-4e16-b6e0-584cb35755d3	250	3.862187039759831e-05	0.03956041957414068	2.190144927536232	30	CPC016	HEPG2	6H	M08	SDZ-205-557	10uM	down
ASG003_MCF7_48H_J22_azathioprine_10uM up	92a78a45-aa58-47eb-81fc-6ea417ef5f8b	250	3.862187039759831e-05	0.03956041957414068	2.190144927536232	30	ASG003	MCF7	48H	J22	azathioprine	10uM	up
CEGS002_HIMG002_24H_C01_17-AAG_10uM up	59a0c225-1565-4b35-a518-3d990aee46d6	250	3.862187039759831e-05	0.03956041957414068	2.190144927536232	30	CEGS002	HIMG002	24H	C01	17-AAG	10uM	up
ASG002_HEC1A_24H_L07_KU-0063794_10uM up	c4d72393-c38c-4100-87e8-d27eba5b4887	250	3.862187039759831e-05	0.03956041957414068	2.190144927536232	30	ASG002	HEC1A	24H	L07	KU-0063794	10uM	up
CPC008_MCF7_24H_C04_BRD-K33720394_10uM down	4c871a48-891d-4afb-a9fc-745675af2350	250	3.862187039759831e-05	0.03956041957414068	2.190144927536232	30	CPC008	MCF7	24H	C04	BRD-K33720394	10uM	down
CPC010_MCF7_6H_A05_BRD-K50776152_10uM up	2b608d44-abac-4b14-a2df-be9254b8d1b2	250	3.862187039759831e-05	0.03956041957414068	2.190144927536232	30	CPC010	MCF7	6H	A05	BRD-K50776152	10uM	up
PAC058_U2OS_6H_D09_BRD-K07634536_10uM up	60b88082-6768-4b5f-8940-adb944bdfb77	250	3.862187039759831e-05	0.03956041957414068	2.190144927536232	30	PAC058	U2OS	6H	D09	BRD-K07634536	10uM	up
PBIOA015_A549_24H_A11_ivachtin_0.125uM down	2e50992e-7f48-48a8-afb4-17ea58714c25	250	3.862187039759831e-05	0.03956041957414068	2.190144927536232	30	PBIOA015	A549	24H	A11	ivachtin	0.125uM	down
XPR042_LCLC103H.311_96H_C11_HMGCR up	a4b989bc-76ce-4cd9-908c-053ef2912336	250	3.862187039759831e-05	0.03956041957414068	2.190144927536232	30	XPR042	LCLC103H.311	96H	C11	HMGCR	N/A	up
ASG003_XC.P908_24H_M19_afatinib_10uM up	ef8378b5-c3da-42d9-874a-185fb70245cd	250	3.862187039759831e-05	0.03956041957414068	2.190144927536232	30	ASG003	XC.P908	24H	M19	afatinib	10uM	up
EMU001_SKMEL5_24H_C09_idelalisib_0.66uM up	f8e71b79-fefe-4f4b-a59f-46bb60a3c65c	250	3.862187039759831e-05	0.03956041957414068	2.190144927536232	30	EMU001	SKMEL5	24H	C09	idelalisib	0.66uM	up
LJP007_A549_24H_N10_BGT-226_0.37uM down	fee24d96-339e-451b-9926-cc8def9a9b28	250	3.862187039759831e-05	0.03956041957414068	2.190144927536232	30	LJP007	A549	24H	N10	BGT-226	0.37uM	down
LJP008_MCF10A_24H_B07_GSK-461364_10uM down	501313f0-bd03-4da5-b4d3-976352072d72	250	3.862187039759831e-05	0.03956041957414068	2.190144927536232	30	LJP008	MCF10A	24H	B07	GSK-461364	10uM	down
HOG003_A549_24H_B22_KU-0060648_0.002uM up	850a3671-fe00-413b-a32e-aada25407da6	250	3.862187039759831e-05	0.03956041957414068	2.190144927536232	30	HOG003	A549	24H	B22	KU-0060648	0.002uM	up
LRS001_PHH.MGH_24H_P20_BMS-345541_3.33uM up	05a08a2c-e00e-44b9-b891-f6994ccce71e	250	3.862187039759831e-05	0.03956041957414068	2.190144927536232	30	LRS001	PHH.MGH	24H	P20	BMS-345541	3.33uM	up
ASG003_XC.P922_24H_B06_R-547_0.12uM down	30ac9154-3576-4060-b199-580be0bda450	250	3.862187039759831e-05	0.03956041957414068	2.190144927536232	30	ASG003	XC.P922	24H	B06	R-547	0.12uM	down
CPC008_A375_6H_D22_BRD-K40441731_10uM up	aa336f72-02d1-497c-a591-cda44a7593a5	250	3.862187039759831e-05	0.03956041957414068	2.190144927536232	30	CPC008	A375	6H	D22	BRD-K40441731	10uM	up
ERG010_VCAP_6H_F19_BRD-K36909552_10uM down	15e2c4f7-9bf8-405b-a8ba-d7e19a5f92c6	250	3.862187039759831e-05	0.03956041957414068	2.190144927536232	30	ERG010	VCAP	6H	F19	BRD-K36909552	10uM	down
PAC019_U2OS_6H_A15_BRD-K73141149_10uM down	91189d5d-395f-4edb-ba2f-1c9921874bc7	250	3.862187039759831e-05	0.03956041957414068	2.190144927536232	30	PAC019	U2OS	6H	A15	BRD-K73141149	10uM	down
REP.A017_HA1E_24H_H15_brivudine_1.11uM up	088b58df-a399-476a-b608-2681c0ca851e	250	3.862187039759831e-05	0.03956041957414068	2.190144927536232	30	REP.A017	HA1E	24H	H15	brivudine	1.11uM	up
DOS060_HT29_24H_G10_BRD-K32240435_4uM up	5d9d29ec-5483-40cb-8860-49ccf90d9379	250	3.862187039759831e-05	0.03956041957414068	2.190144927536232	30	DOS060	HT29	24H	G10	BRD-K32240435	4uM	up
PAC044_U2OS_6H_D11_BRD-K13665559_20uM up	0728841a-394f-4e61-b63e-8e3e277353b3	250	3.862187039759831e-05	0.03956041957414068	2.190144927536232	30	PAC044	U2OS	6H	D11	BRD-K13665559	20uM	up
PBIOA012_XC.L10_24H_E19_PD-0325901_10uM down	978e0e09-7446-4405-a365-cc92ccb59678	250	3.862187039759831e-05	0.03956041957414068	2.190144927536232	30	PBIOA012	XC.L10	24H	E19	PD-0325901	10uM	down
FIBR006_MCLF033SZ_6H_D15_navitoclax_2.22uM up	c77f2bc5-34a4-4bf2-b0a1-5dabe022d3ff	250	3.862187039759831e-05	0.03956041957414068	2.190144927536232	30	FIBR006	MCLF033SZ	6H	D15	navitoclax	2.22uM	up
PCLB001_A375_24H_O13_tigecycline_10uM up	1eeb4b2a-3c76-485e-9c5b-630cff219bd9	250	3.862187039759831e-05	0.03956041957414068	2.190144927536232	30	PCLB001	A375	24H	O13	tigecycline	10uM	up
LJP005_MCF10A_24H_C01_PD-0325901_10uM down	fdf8cba7-0824-481e-bb74-61c9111314e9	250	3.862187039759831e-05	0.03956041957414068	2.190144927536232	30	LJP005	MCF10A	24H	C01	PD-0325901	10uM	down
PBIOA012_XC.R10_24H_C20_BRD-A19037878_10uM up	71e679bb-d731-4ce9-af13-68e6dcc118d8	250	3.862187039759831e-05	0.03956041957414068	2.190144927536232	30	PBIOA012	XC.R10	24H	C20	BRD-A19037878	10uM	up
CPC018_A375_6H_G18_GBR-12935_10uM up	2f7eba13-40f3-4c4c-8e8a-d32e37366dd8	250	3.862187039759831e-05	0.03956041957414068	2.190144927536232	30	CPC018	A375	6H	G18	GBR-12935	10uM	up
LJP007_HEPG2_24H_A24_TPCA-1_0.04uM down	586f6e90-758d-4fe6-81d5-9a44228234a4	250	3.862187039759831e-05	0.03956041957414068	2.190144927536232	30	LJP007	HEPG2	24H	A24	TPCA-1	0.04uM	down
REP.B018_MCF10A_24H_A23_PYM-50028_0.01uM up	a304075e-c86d-425e-a107-8f45fd52c2dc	250	3.862187039759831e-05	0.03956041957414068	2.190144927536232	30	REP.B018	MCF10A	24H	A23	PYM-50028	0.01uM	up
XPR008_MCF7.311_96H_F03_WASL up	9da7d3db-481e-4c7f-8e2c-60f1d59ed4ea	250	3.862187039759831e-05	0.03956041957414068	2.190144927536232	30	XPR008	MCF7.311	96H	F03	WASL	N/A	up
REP.B005_HA1E_24H_N16_CPI-1189_0.08uM up	1e837840-1b24-4c2c-a83b-96c4573cb1d9	250	3.862187039759831e-05	0.03956041957414068	2.190144927536232	30	REP.B005	HA1E	24H	N16	CPI-1189	0.08uM	up
XPR036_MCF7.311_96H_M18_PFKFB2 up	9c510a99-2d17-4f00-af22-98c3d831c238	250	3.862187039759831e-05	0.03956041957414068	2.190144927536232	30	XPR036	MCF7.311	96H	M18	PFKFB2	N/A	up
REP.B009_MCF7_24H_L20_AZD-9668_0.74uM down	404c1577-f3e3-4071-9cfb-08cd78235bc1	250	3.862187039759831e-05	0.03956041957414068	2.190144927536232	30	REP.B009	MCF7	24H	L20	AZD-9668	0.74uM	down
XPRJJ002_A375_96H_K06_HDAC10 up	884670a9-41ad-471f-add2-2a324869d829	250	3.862187039759831e-05	0.03956041957414068	2.190144927536232	30	XPRJJ002	A375	96H	K06	HDAC10	N/A	up
AICHI002_OCILY19_4H_B16_fostamatinib_0.125uM down	228b0d58-144c-4a15-a6f1-2eb7e6ece7f6	250	3.862187039759831e-05	0.03956041957414068	2.190144927536232	30	AICHI002	OCILY19	4H	B16	fostamatinib	0.125uM	down
MOA001_U2OS_24H_D15_NVP-BEZ235_1.11uM down	9a39e207-b60c-4649-8e27-458b6e0342f5	250	3.862187039759831e-05	0.03956041957414068	2.190144927536232	30	MOA001	U2OS	24H	D15	NVP-BEZ235	1.11uM	down
CPC014_A549_6H_M24_brivanib_10uM up	046caaf8-5a52-4530-b217-0115f18218e4	250	3.862187039759831e-05	0.03956041957414068	2.190144927536232	30	CPC014	A549	6H	M24	brivanib	10uM	up
PAC001_U2OS_6H_D21_BRD-K63784565_10uM down	19eee16c-e2e9-4fb5-98eb-0ffd19d69b7e	250	3.862187039759831e-05	0.03956041957414068	2.190144927536232	30	PAC001	U2OS	6H	D21	BRD-K63784565	10uM	down
ERG012_PC3_6H_K23_troglitazone_10uM down	3e3ed313-5e68-454c-bb4a-15990c13759a	250	3.862187039759831e-05	0.03956041957414068	2.190144927536232	30	ERG012	PC3	6H	K23	troglitazone	10uM	down
LCP001_MCF10A.WT_3H_A14_latrunculin-b_4uM up	3221050c-3d4e-4b9a-bb04-04ee3d92549a	250	3.862187039759831e-05	0.03956041957414068	2.190144927536232	30	LCP001	MCF10A.WT	3H	A14	latrunculin-b	4uM	up
LJP002_HS578T_6H_A19_erlotinib_10uM down	d240d620-1a2e-4f28-836f-5a36965411e4	250	3.862187039759831e-05	0.03956041957414068	2.190144927536232	30	LJP002	HS578T	6H	A19	erlotinib	10uM	down
LKCP002_U2OS_48H_L13_CEP-37440_10uM up	b5988131-caa7-4c1c-b4f6-eb848632e8f6	250	3.862187039759831e-05	0.03956041957414068	2.190144927536232	30	LKCP002	U2OS	48H	L13	CEP-37440	10uM	up
MOAR009_MELHO_24H_H07_rimcazole_10uM down	27afe524-2e0d-4775-acb5-fb0a452c70e6	250	3.862187039759831e-05	0.03956041957414068	2.190144927536232	30	MOAR009	MELHO	24H	H07	rimcazole	10uM	down
LJP002_SKBR3_6H_F05_canertinib_0.37uM down	99d22aa4-36f8-436e-907a-7a4bcd9f155c	250	3.862187039759831e-05	0.03956041957414068	2.190144927536232	30	LJP002	SKBR3	6H	F05	canertinib	0.37uM	down
CPC014_A549_6H_K09_ZG-10_10uM down	1d7b895f-276d-40f3-8c4b-086fee3ef8ef	250	3.862187039759831e-05	0.03956041957414068	2.190144927536232	30	CPC014	A549	6H	K09	ZG-10	10uM	down
CPC002_VCAP_24H_K15_rosiglitazone_10uM up	ac8e047e-bec8-4375-9f25-ad793f3f08a1	250	3.862187039759831e-05	0.03956041957414068	2.190144927536232	30	CPC002	VCAP	24H	K15	rosiglitazone	10uM	up
PAC011_U2OS_6H_N12_BRD-K25187028_10uM up	478805a8-0111-455c-aa18-26fd9ef6b57e	250	3.862187039759831e-05	0.03956041957414068	2.190144927536232	30	PAC011	U2OS	6H	N12	BRD-K25187028	10uM	up
REP.A018_HELA_24H_L03_EMD-53998_1.11uM up	49af3b69-f29c-4b2b-b79e-1d356139b047	250	3.862187039759831e-05	0.03956041957414068	2.190144927536232	30	REP.A018	HELA	24H	L03	EMD-53998	1.11uM	up
REP.B017_YAPC_24H_B11_canertinib_0.03uM up	4ae0ab1f-1ac5-45df-aee3-dca77d3dd141	250	3.862187039759831e-05	0.03956041957414068	2.190144927536232	30	REP.B017	YAPC	24H	B11	canertinib	0.03uM	up
CPC014_MCF7_6H_D04_calmidazolium_10uM down	b00ecaa2-b3dd-41c8-b9cc-db1787f78875	250	3.862187039759831e-05	0.03956041957414068	2.190144927536232	30	CPC014	MCF7	6H	D04	calmidazolium	10uM	down
XPR012_MCF7.311_96H_G11_ARHGEF25 down	fe51f699-24a4-456b-8218-a3f0ff5653fb	250	3.862187039759831e-05	0.03956041957414068	2.190144927536232	30	XPR012	MCF7.311	96H	G11	ARHGEF25	N/A	down
ASG003_WA09.AST_24H_A08_NVP-BEZ235_1.11uM down	c780296d-3762-47f8-9f64-4c6545ab94cb	250	3.862187039759831e-05	0.03956041957414068	2.190144927536232	30	ASG003	WA09.AST	24H	A08	NVP-BEZ235	1.11uM	down
CEGS001_NPC.179_24H_O15_rolipram_2.5uM down	74e26c7d-2731-4d0f-b079-4f75074f61d6	250	3.862187039759831e-05	0.03956041957414068	2.190144927536232	30	CEGS001	NPC.179	24H	O15	rolipram	2.5uM	down
CPC004_PC3_6H_K20_amodiaquine_10uM down	26cb80db-1a58-4b30-96da-2ca7d8967930	250	3.862187039759831e-05	0.03956041957414068	2.190144927536232	30	CPC004	PC3	6H	K20	amodiaquine	10uM	down
CPC020_A549_6H_A03_geldanamycin_10uM down	c5e80c7c-b4e4-4daa-af67-484e445cc015	250	3.862187039759831e-05	0.03956041957414068	2.190144927536232	30	CPC020	A549	6H	A03	geldanamycin	10uM	down
DOSVAL006_HCC515_24H_A18_BRD-K67399667_4uM down	1211a71a-619f-4599-97bf-bd12c2a512c6	250	3.862187039759831e-05	0.03956041957414068	2.190144927536232	30	DOSVAL006	HCC515	24H	A18	BRD-K67399667	4uM	down
PAC053_U2OS_6H_A04_BRD-K46446437_10uM down	e295c11e-55df-4cba-a7cf-a41c7b28de38	250	3.862187039759831e-05	0.03956041957414068	2.190144927536232	30	PAC053	U2OS	6H	A04	BRD-K46446437	10uM	down
FIBR036_MCLF137CN_6H_L05_phenelzine_4uM up	da0b069b-a9bb-42b1-b20f-37cd01c2f37a	250	3.862187039759831e-05	0.03956041957414068	2.190144927536232	30	FIBR036	MCLF137CN	6H	L05	phenelzine	4uM	up
FIBR039_MCLF056CN_6H_P07_BRD-K40853697_4uM up	def02408-6016-48c6-a499-c0f46a6a7658	250	3.862187039759831e-05	0.03956041957414068	2.190144927536232	30	FIBR039	MCLF056CN	6H	P07	BRD-K40853697	4uM	up
PAC055_U2OS_6H_F11_BRD-K34414758_10uM up	8af1103c-522e-44c7-9451-aee8fcca0380	250	3.862187039759831e-05	0.03956041957414068	2.190144927536232	30	PAC055	U2OS	6H	F11	BRD-K34414758	10uM	up
LKCP001_A549_6H_B07_palomid-529_10uM up	e10da0a8-2d00-415d-8082-b277e95a0339	250	3.862187039759831e-05	0.03956041957414068	2.190144927536232	30	LKCP001	A549	6H	B07	palomid-529	10uM	up
PAC002_U2OS_6H_F03_lysylphenylalanyl-tyrosine_10uM down	3f8eaca8-4f85-41de-a935-bd2568f1a183	250	3.862187039759831e-05	0.03956041957414068	2.190144927536232	30	PAC002	U2OS	6H	F03	lysylphenylalanyl-tyrosine	10uM	down
LJP007_HEK293_24H_L11_MLN-0128_0.12uM up	86abf967-8f4d-459e-bba5-a5c64ce6e088	250	3.862187039759831e-05	0.03956041957414068	2.190144927536232	30	LJP007	HEK293	24H	L11	MLN-0128	0.12uM	up
PBIOA016_MCF7_24H_K12_bortezomib_10uM up	687be321-3b8f-4963-99e9-09c0059a4318	250	3.862187039759831e-05	0.03956041957414068	2.190144927536232	30	PBIOA016	MCF7	24H	K12	bortezomib	10uM	up
LKCP001_U2OS_6H_L10_dasatinib_10uM up	646383a0-64a4-4bfe-9faa-fb1c1051cb2f	250	3.862187039759831e-05	0.03956041957414068	2.190144927536232	30	LKCP001	U2OS	6H	L10	dasatinib	10uM	up
PBIOA010_XC.R10_24H_A16_AZD-8055_10uM down	7e47df3a-00e2-49bb-9a41-e8b359f90171	250	3.862187039759831e-05	0.03956041957414068	2.190144927536232	30	PBIOA010	XC.R10	24H	A16	AZD-8055	10uM	down
POL001_PC3_24H_P17_GSK-2126458_0.125uM down	68ac7c69-ef8b-4b3c-b388-55232387a8f3	250	3.862187039759831e-05	0.03956041957414068	2.190144927536232	30	POL001	PC3	24H	P17	GSK-2126458	0.125uM	down
REP.A011_HA1E_24H_G19_fluconazole_10uM up	8772d227-1b97-424d-9a33-a1549074b825	250	3.862187039759831e-05	0.03956041957414068	2.190144927536232	30	REP.A011	HA1E	24H	G19	fluconazole	10uM	up
ERAM001_A549_24H_G15_withaferin-a_8uM up	71803164-71ed-4a67-ba89-f0a39aabf06e	250	3.862187039759831e-05	0.03956041957414068	2.190144927536232	30	ERAM001	A549	24H	G15	withaferin-a	8uM	up
DOS046_A375_24H_G23_BRD-K04239420_4uM up	0fc92e55-c312-45fa-a2da-19e234c9d403	250	3.862187039759831e-05	0.03956041957414068	2.190144927536232	30	DOS046	A375	24H	G23	BRD-K04239420	4uM	up
PAC051_U2OS_6H_O11_BRD-K68202742_20uM up	d3a5a9f4-7daf-42f1-a75d-dfd6f8e4d63d	250	3.862187039759831e-05	0.03956041957414068	2.190144927536232	30	PAC051	U2OS	6H	O11	BRD-K68202742	20uM	up
CPC002_HA1E_24H_G06_rosmarinic-acid_10uM down	ac6187de-05a1-4a69-83d5-c4a03ff548a3	250	3.862187039759831e-05	0.03956041957414068	2.190144927536232	30	CPC002	HA1E	24H	G06	rosmarinic-acid	10uM	down
REP.A024_A375_24H_H22_losartan_0.37uM down	5003f155-9266-41a1-867a-d1fa7f28b959	250	3.862187039759831e-05	0.03956041957414068	2.190144927536232	30	REP.A024	A375	24H	H22	losartan	0.37uM	down
CRCGN006_A549_24H_C19_geldanamycin_10uM down	3169f1e5-904f-4ba6-afb2-4a90e76f0aa6	250	3.862187039759831e-05	0.03956041957414068	2.190144927536232	30	CRCGN006	A549	24H	C19	geldanamycin	10uM	down
DOSVAL001_PC3_24H_C21_wortmannin_10uM down	2ea0d56f-afee-4cf9-ab10-e598f5a38302	250	3.862187039759831e-05	0.03956041957414068	2.190144927536232	30	DOSVAL001	PC3	24H	C21	wortmannin	10uM	down
REP.B019_YAPC_24H_P08_taladegib_0.74uM up	d730fae7-ab57-4789-8495-af527ac883ac	250	3.862187039759831e-05	0.03956041957414068	2.190144927536232	30	REP.B019	YAPC	24H	P08	taladegib	0.74uM	up
DOSBIO002_HT29_24H_M07_BRD-K63423329_10uM up	55f25cab-4cef-44f5-b9a2-f5fefe948a0e	250	3.862187039759831e-05	0.03956041957414068	2.190144927536232	30	DOSBIO002	HT29	24H	M07	BRD-K63423329	10uM	up
ERG014_VCAP_6H_C20_BRD-K07298554_10uM up	6d15df67-15ea-45b6-96ea-a8d107ea5a83	250	3.862187039759831e-05	0.03956041957414068	2.190144927536232	30	ERG014	VCAP	6H	C20	BRD-K07298554	10uM	up
LJP009_NPC_24H_L11_RAF-265_0.12uM up	6082277c-c875-48c1-9b27-c8d6cedb870c	250	3.862187039759831e-05	0.03956041957414068	2.190144927536232	30	LJP009	NPC	24H	L11	RAF-265	0.12uM	up
XPR014_PC3.311B_96H_K11_CDC42SE1 down	9e1edf69-df3d-4e8c-b9d2-5fbff0f49e9c	250	3.862187039759831e-05	0.03956041957414068	2.190144927536232	30	XPR014	PC3.311B	96H	K11	CDC42SE1	N/A	down
AICHI001_OCILY19_24H_O01_wortmannin_10uM down	d73a37a5-7baf-45f0-9d13-e4f51c9329e4	250	3.862187039759831e-05	0.03956041957414068	2.190144927536232	30	AICHI001	OCILY19	24H	O01	wortmannin	10uM	down
ASG002_NCIH838_24H_B24_nocodazole_0.12uM down	84e17420-cb1c-413d-950b-12261301432d	250	3.862187039759831e-05	0.03956041957414068	2.190144927536232	30	ASG002	NCIH838	24H	B24	nocodazole	0.12uM	down
ASG003_MCF7_48H_L10_AZD-8055_10uM down	4a373bd8-284f-42e4-8bd0-ee74c1c6eacd	250	3.862187039759831e-05	0.03956041957414068	2.190144927536232	30	ASG003	MCF7	48H	L10	AZD-8055	10uM	down
PAC031_U2OS_6H_O03_BRD-K77629773_10uM down	d838f8b2-2257-4708-8b45-4e90feda86fe	250	3.862187039759831e-05	0.03956041957414068	2.190144927536232	30	PAC031	U2OS	6H	O03	BRD-K77629773	10uM	down
PAC038_U2OS_6H_D03_BRD-K42526449_10uM up	eb32ea35-974d-4935-a405-eb8fc566858a	250	3.862187039759831e-05	0.03956041957414068	2.190144927536232	30	PAC038	U2OS	6H	D03	BRD-K42526449	10uM	up
LJP007_JURKAT_24H_N12_BGT-226_0.04uM down	e103288d-7858-4af3-8012-5749b2f00644	250	3.862187039759831e-05	0.03956041957414068	2.190144927536232	30	LJP007	JURKAT	24H	N12	BGT-226	0.04uM	down
PBIOA016_HT29_24H_A13_cytarabine_10uM down	a796b5a7-b38b-4116-a603-2d45801487dc	250	3.862187039759831e-05	0.03956041957414068	2.190144927536232	30	PBIOA016	HT29	24H	A13	cytarabine	10uM	down
REP.A015_MCF7_24H_L01_MLN-0128_10uM down	7b0ddbf2-ccab-417e-aef5-f38b534f0f1b	250	3.862187039759831e-05	0.03956041957414068	2.190144927536232	30	REP.A015	MCF7	24H	L01	MLN-0128	10uM	down
ASG003_XC.P091_24H_F24_BRD-K61033289_0.12uM down	42bb67d7-3b1f-46c8-885f-0b0b34281ce8	250	3.862187039759831e-05	0.03956041957414068	2.190144927536232	30	ASG003	XC.P091	24H	F24	BRD-K61033289	0.12uM	down
CPD001_MCF7_6H_O12_paclitaxel_10uM up	e4e309d9-3552-474f-9c9a-ad5f87603c57	250	3.862187039759831e-05	0.03956041957414068	2.190144927536232	30	CPD001	MCF7	6H	O12	paclitaxel	10uM	up
DOSVAL005_A549_24H_G19_BRD-K63000292_20uM up	5355352c-8ffb-4665-8450-fa0f3fe9c91e	250	3.862187039759831e-05	0.03956041957414068	2.190144927536232	30	DOSVAL005	A549	24H	G19	BRD-K63000292	20uM	up
FIBR005_MCLF033SZ_6H_K06_linoleic-acid_40uM up	f5c52822-2ce7-428c-bba2-d7be3a2412d0	250	3.862187039759831e-05	0.03956041957414068	2.190144927536232	30	FIBR005	MCLF033SZ	6H	K06	linoleic-acid	40uM	up
XPR038_SNGM.311_96H_L21_CAT down	be1ed077-5f22-4c57-8f35-52a23d1f0422	250	3.862187039759831e-05	0.03956041957414068	2.190144927536232	30	XPR038	SNGM.311	96H	L21	CAT	N/A	down
DOS025_VCAP_24H_E10_BRD-A19037878_10uM up	139623cb-5138-48ac-9c47-76357ed8b549	250	3.862187039759831e-05	0.03956041957414068	2.190144927536232	30	DOS025	VCAP	24H	E10	BRD-A19037878	10uM	up
LJP005_SKBR3_24H_H13_NVP-AUY922_10uM down	2a058d29-e30e-4e89-9501-64412e2efbc5	250	3.862187039759831e-05	0.03956041957414068	2.190144927536232	30	LJP005	SKBR3	24H	H13	NVP-AUY922	10uM	down
ISO002_HCT116.TP53.HR_24H_N01_BU-239_10uM down	f6687659-9010-4aef-95bf-29f85cabf080	250	3.862187039759831e-05	0.03956041957414068	2.190144927536232	30	ISO002	HCT116.TP53.HR	24H	N01	BU-239	10uM	down
LJP005_PC3_24H_F05_CGP-60474_0.12uM up	8a5c3885-ff17-473c-86b8-6b5b7481910d	250	3.862187039759831e-05	0.03956041957414068	2.190144927536232	30	LJP005	PC3	24H	F05	CGP-60474	0.12uM	up
PAC002_U2OS_6H_B08_CGP-57380_10uM up	fbfe8dd0-269c-46b2-abe5-92fcfb35d1fa	250	3.862187039759831e-05	0.03956041957414068	2.190144927536232	30	PAC002	U2OS	6H	B08	CGP-57380	10uM	up
PAC012_U2OS_6H_K07_sirolimus_20uM up	b7d23f67-79f3-451a-b060-d6ada3b9fb78	250	3.862187039759831e-05	0.03956041957414068	2.190144927536232	30	PAC012	U2OS	6H	K07	sirolimus	20uM	up
LTC004_HME1_24H_G22_MK-2206_0.06uM down	54a4c7a9-9755-4834-859a-9e818240d169	250	3.862187039759831e-05	0.03956041957414068	2.190144927536232	30	LTC004	HME1	24H	G22	MK-2206	0.06uM	down
PAC028_U2OS_6H_P18_BRD-K15502859_10uM down	4598402f-d849-4c03-bfbe-108252b72bf6	250	3.862187039759831e-05	0.03956041957414068	2.190144927536232	30	PAC028	U2OS	6H	P18	BRD-K15502859	10uM	down
PAC037_U2OS_6H_A11_BRD-K47690679_10uM down	6c62b4f8-69a1-4e02-a9b5-a35b82269d5f	250	3.862187039759831e-05	0.03956041957414068	2.190144927536232	30	PAC037	U2OS	6H	A11	BRD-K47690679	10uM	down
MOAR002_A375_24H_P02_dynasore_3.33uM up	e9bb50f5-b147-4010-9a3f-944a176e21fe	250	3.862187039759831e-05	0.03956041957414068	2.190144927536232	30	MOAR002	A375	24H	P02	dynasore	3.33uM	up
PAC056_U2OS_6H_K11_BRD-K10701104_10uM up	4af9a2ef-5b1b-4591-b094-780d1a98d2d4	250	3.862187039759831e-05	0.03956041957414068	2.190144927536232	30	PAC056	U2OS	6H	K11	BRD-K10701104	10uM	up
MOAR011_HEC265_24H_M24_BIX-01294_1.11uM up	209dbe70-cb32-426c-a87c-53b4e869b392	250	3.862187039759831e-05	0.03956041957414068	2.190144927536232	30	MOAR011	HEC265	24H	M24	BIX-01294	1.11uM	up
DOS048_A375_24H_K09_BRD-K12279187_4uM down	d058e5ef-8150-4b5a-9fb8-d3712b3c6391	250	3.862187039759831e-05	0.03956041957414068	2.190144927536232	30	DOS048	A375	24H	K09	BRD-K12279187	4uM	down
PCLB002_MCF7_24H_N14_BRD-K98948170_30uM down	26f2074c-afb8-4c21-a244-73226ac6836b	250	3.862187039759831e-05	0.03956041957414068	2.190144927536232	30	PCLB002	MCF7	24H	N14	BRD-K98948170	30uM	down
LJP007_HELA_24H_L09_MLN-0128_1.11uM up	c1b2655f-d57e-422d-98c7-c7248a879d08	250	3.862187039759831e-05	0.03956041957414068	2.190144927536232	30	LJP007	HELA	24H	L09	MLN-0128	1.11uM	up
PAC021_U2OS_6H_L12_BRD-K84128738_10uM up	4f0ee1c2-3ca2-4fa9-8b79-9a2426269c21	250	3.862187039759831e-05	0.03956041957414068	2.190144927536232	30	PAC021	U2OS	6H	L12	BRD-K84128738	10uM	up
PAC041_U2OS_6H_D05_BRD-K15973523_10uM down	d6ca226b-3dcc-4561-bba4-d656492b4e48	250	3.862187039759831e-05	0.03956041957414068	2.190144927536232	30	PAC041	U2OS	6H	D05	BRD-K15973523	10uM	down
REP.B021_A549_24H_J07_JNJ-26481585_2.22uM up	a6f5d6a9-68bb-4733-b279-0369ab1fc0a7	250	3.862187039759831e-05	0.03956041957414068	2.190144927536232	30	REP.B021	A549	24H	J07	JNJ-26481585	2.22uM	up
LJP009_SHSY5Y_24H_K07_GSK-1059615_10uM up	d77f8e7e-d16d-432d-badc-64d64311f978	250	3.862187039759831e-05	0.03956041957414068	2.190144927536232	30	LJP009	SHSY5Y	24H	K07	GSK-1059615	10uM	up
PAC065_U2OS_6H_F08_BRD-K36120694_10uM up	7a19aea3-164e-4c91-bd24-f81343952899	250	3.862187039759831e-05	0.03956041957414068	2.190144927536232	30	PAC065	U2OS	6H	F08	BRD-K36120694	10uM	up
ASG003_U2OS_48H_P07_taselisib_10uM down	26252fa3-f9d8-449c-8c2b-8914bbe2c947	250	3.862187039759831e-05	0.03956041957414068	2.190144927536232	30	ASG003	U2OS	48H	P07	taselisib	10uM	down
CPC005_A375_24H_G20_etoposide_10uM down	06e0224d-93d2-41bf-b57d-1ccf432f784a	250	3.862187039759831e-05	0.03956041957414068	2.190144927536232	30	CPC005	A375	24H	G20	etoposide	10uM	down
CPC006_HA1E_24H_M16_SRT-1720_12uM down	faeeb96a-b530-4459-a6c5-61cc545bbc84	250	3.862187039759831e-05	0.03956041957414068	2.190144927536232	30	CPC006	HA1E	24H	M16	SRT-1720	12uM	down
CPC007_A549_6H_G21_BRD-K22006123_10uM down	75272afd-709d-460c-8feb-90c74df1ab03	250	3.862187039759831e-05	0.03956041957414068	2.190144927536232	30	CPC007	A549	6H	G21	BRD-K22006123	10uM	down
PBIOA005_XC.R10_24H_L05_614_6900_7557_4uM up	fd1a9785-9b0c-44e0-9d29-33d6c19ad8a0	250	3.862187039759831e-05	0.03956041957414068	2.190144927536232	30	PBIOA005	XC.R10	24H	L05	614	6900_7557_4uM	up
CPC013_ASC_24H_K08_AZD-7762_10uM down	53e599db-fb95-483d-803c-3e0c6e5c8a7f	250	3.862187039759831e-05	0.03956041957414068	2.190144927536232	30	CPC013	ASC	24H	K08	AZD-7762	10uM	down
CPC014_VCAP_24H_L02_BRD-K74733595_10uM up	45e0af56-d466-4bd1-84d9-b628ca7a747d	250	3.862187039759831e-05	0.03956041957414068	2.190144927536232	30	CPC014	VCAP	24H	L02	BRD-K74733595	10uM	up
LJP007_THP1_24H_L07_MLN-0128_10uM up	a92147c5-945a-42c5-86d8-dae10ab8a2a0	250	3.862187039759831e-05	0.03956041957414068	2.190144927536232	30	LJP007	THP1	24H	L07	MLN-0128	10uM	up
REP.A012_A375_24H_M08_lofexidine_3.33uM up	e415f1a4-4bac-47f6-8864-7862e6741a59	250	3.862187039759831e-05	0.03956041957414068	2.190144927536232	30	REP.A012	A375	24H	M08	lofexidine	3.33uM	up
REP.A019_PC3_24H_A23_ticagrelor_0.125uM down	1337f4bc-1c11-49a3-852c-ac31c70f8f29	250	3.862187039759831e-05	0.03956041957414068	2.190144927536232	30	REP.A019	PC3	24H	A23	ticagrelor	0.125uM	down
FIBR015_MCLF022CN_6H_O09_antimycin-a_4uM down	6733ae4f-ba1e-42cd-b493-3273cda2f2b1	250	3.862187039759831e-05	0.03956041957414068	2.190144927536232	30	FIBR015	MCLF022CN	6H	O09	antimycin-a	4uM	down
LJP008_THP1_24H_O03_PD-0325901_1.11uM down	0fdf3f57-c330-4328-8a15-784d1d9603cb	250	3.862187039759831e-05	0.03956041957414068	2.190144927536232	30	LJP008	THP1	24H	O03	PD-0325901	1.11uM	down
LJP005_HCC515_24H_M15_NVP-BEZ235_1.11uM up	4d12e627-66fe-4292-8108-ba42257a3a25	250	3.862187039759831e-05	0.03956041957414068	2.190144927536232	30	LJP005	HCC515	24H	M15	NVP-BEZ235	1.11uM	up
XPR024_U251MG.311_96H_O08_SLC11A2 down	c4daac74-635a-4aae-99e7-51ceea4ca4d7	250	3.862187039759831e-05	0.03956041957414068	2.190144927536232	30	XPR024	U251MG.311	96H	O08	SLC11A2	N/A	down
LKCP002_A549_6H_C19_GSK-461364_10uM up	ff038082-d930-4378-9e34-b479f2c5027c	250	3.862187039759831e-05	0.03956041957414068	2.190144927536232	30	LKCP002	A549	6H	C19	GSK-461364	10uM	up
MOAR005_A375_24H_A22_trequinsin_10uM down	d42f1ac9-1592-4878-8dc3-600e76351983	250	3.862187039759831e-05	0.03956041957414068	2.190144927536232	30	MOAR005	A375	24H	A22	trequinsin	10uM	down
PAC016_U2OS_6H_J14_BRD-K50942788_10uM up	c538c5e7-e6c6-4556-86c1-171348fec7d3	250	3.862187039759831e-05	0.03956041957414068	2.190144927536232	30	PAC016	U2OS	6H	J14	BRD-K50942788	10uM	up
AICHI001_THP1_4H_B16_dovitinib_0.125uM down	153d62f7-7be0-43cf-815e-0044a091487c	250	3.862187039759831e-05	0.03956041957414068	2.190144927536232	30	AICHI001	THP1	4H	B16	dovitinib	0.125uM	down
ASG002_NCIH2110_24H_H17_erlotinib_1.11uM up	b7f14192-45e6-4b65-b5b1-5938ff9d2ffc	250	3.862187039759831e-05	0.03956041957414068	2.190144927536232	30	ASG002	NCIH2110	24H	H17	erlotinib	1.11uM	up
ASG003_XC.P933_24H_L11_AZD-8055_1.11uM down	b0c876cc-9b55-4dd2-b50b-2fcaba5a8aaa	250	3.862187039759831e-05	0.03956041957414068	2.190144927536232	30	ASG003	XC.P933	24H	L11	AZD-8055	1.11uM	down
PAC044_U2OS_6H_O13_BRD-K63922933_10uM down	19c79a95-1afd-4c26-a484-a199219cd9d9	250	3.862187039759831e-05	0.03956041957414068	2.190144927536232	30	PAC044	U2OS	6H	O13	BRD-K63922933	10uM	down
PAC056_U2OS_6H_A19_BRD-K84673192_10uM up	1cd7be4a-40ed-4a96-92c9-6209accd67d8	250	3.862187039759831e-05	0.03956041957414068	2.190144927536232	30	PAC056	U2OS	6H	A19	BRD-K84673192	10uM	up
PAC061_U2OS_6H_C08_BRD-K51812182_10uM up	4f4ec6f5-70e4-4ac8-8b4c-f9a02f10ef0b	250	3.862187039759831e-05	0.03956041957414068	2.190144927536232	30	PAC061	U2OS	6H	C08	BRD-K51812182	10uM	up
CVD001_HEPG2_24H_G14_BRD-K94818765_20uM up	9b513c17-a7fe-4378-bd91-07996922a9e8	250	3.862187039759831e-05	0.03956041957414068	2.190144927536232	30	CVD001	HEPG2	24H	G14	BRD-K94818765	20uM	up
REP.A022_JURKAT_24H_I03_SNX-2112_1.11uM down	8e5d749e-a443-4d20-91fe-d6f4025dd962	250	3.862187039759831e-05	0.03956041957414068	2.190144927536232	30	REP.A022	JURKAT	24H	I03	SNX-2112	1.11uM	down
REP.A025_PC3_24H_H01_AZD-2014_10uM down	57af34f7-f7b4-42ef-bdbd-57fc3a9c65bd	250	3.862187039759831e-05	0.03956041957414068	2.190144927536232	30	REP.A025	PC3	24H	H01	AZD-2014	10uM	down
CPC006_SKLU1_6H_H23_PI-103_12uM up	01f04b84-5aaf-4d89-9d22-8facef4fadd4	250	3.862187039759831e-05	0.03956041957414068	2.190144927536232	30	CPC006	SKLU1	6H	H23	PI-103	12uM	up
REP.B003_YAPC_24H_D16_oxypurinol_0.08uM up	2e949767-9b09-4db1-90ae-8bdeadc48c01	250	3.862187039759831e-05	0.03956041957414068	2.190144927536232	30	REP.B003	YAPC	24H	D16	oxypurinol	0.08uM	up
ERG011_VCAP_24H_J16_geldanamycin_0.08uM down	b516d707-4776-4415-babe-7fe42a33f1fe	250	3.862187039759831e-05	0.03956041957414068	2.190144927536232	30	ERG011	VCAP	24H	J16	geldanamycin	0.08uM	down
XPR037_U251MG.311_96H_L14_GP5 up	2cd24df2-7739-4a43-8ef4-c836f70fab5c	250	3.862187039759831e-05	0.03956041957414068	2.190144927536232	30	XPR037	U251MG.311	96H	L14	GP5	N/A	up
CPC015_HT29_6H_A13_GW-4064_10uM down	81645788-f85d-4442-800d-816ac5d0f534	250	3.862187039759831e-05	0.03956041957414068	2.190144927536232	30	CPC015	HT29	6H	A13	GW-4064	10uM	down
FIBR006_MCLF033SZ_6H_I12_MK-1775_0.12uM up	d936672d-871a-40bc-b9a5-67690a56ceb1	250	3.862187039759831e-05	0.03956041957414068	2.190144927536232	30	FIBR006	MCLF033SZ	6H	I12	MK-1775	0.12uM	up
FIBR013_MCLF162SZ_6H_P07_BRD-K40853697_4uM up	ab11ac8e-82fc-49ba-a7f0-f5ce24aabde9	250	3.862187039759831e-05	0.03956041957414068	2.190144927536232	30	FIBR013	MCLF162SZ	6H	P07	BRD-K40853697	4uM	up
PAC044_U2OS_6H_N21_BRD-K40506152_10uM up	385872da-c27d-4447-bf5d-0347e3e03d53	250	3.862187039759831e-05	0.03956041957414068	2.190144927536232	30	PAC044	U2OS	6H	N21	BRD-K40506152	10uM	up
DOS056_A375_24H_A17_BRD-K23319301_4uM up	07372647-6c13-4644-8ec9-56b92d1eedaf	250	3.862187039759831e-05	0.03956041957414068	2.190144927536232	30	DOS056	A375	24H	A17	BRD-K23319301	4uM	up
RAD001_HCC515_6H_L18_bortezomib_0.125uM up	06231601-a1c6-40e8-b541-4c9e1a3edbef	250	3.862187039759831e-05	0.03956041957414068	2.190144927536232	30	RAD001	HCC515	6H	L18	bortezomib	0.125uM	up
LJP005_MCF10A_24H_E21_dovitinib_1.11uM up	b23ed9e8-01da-45cc-8f00-e99349cec15c	250	3.862187039759831e-05	0.03956041957414068	2.190144927536232	30	LJP005	MCF10A	24H	E21	dovitinib	1.11uM	up
LJP008_ASC.C_24H_O02_PD-0325901_3.33uM down	9cc246ac-d700-428f-acaf-ac06a2e517aa	250	3.862187039759831e-05	0.03956041957414068	2.190144927536232	30	LJP008	ASC.C	24H	O02	PD-0325901	3.33uM	down
RAD001_HCC515_6H_L19_bortezomib_0.04uM up	a11a27f5-7c48-4b41-92f0-1053d2612684	250	3.862187039759831e-05	0.03956041957414068	2.190144927536232	30	RAD001	HCC515	6H	L19	bortezomib	0.04uM	up
PCLB001_HCC515_24H_N01_MW-SHH-98_0.66uM up	92138703-6a54-442f-a490-29b18469ef2b	250	3.862187039759831e-05	0.03956041957414068	2.190144927536232	30	PCLB001	HCC515	24H	N01	MW-SHH-98	0.66uM	up
PAC002_U2OS_6H_M07_formononetin_10uM up	d932a561-4c45-4537-97ce-da87670eb6fb	250	3.862187039759831e-05	0.03956041957414068	2.190144927536232	30	PAC002	U2OS	6H	M07	formononetin	10uM	up
PAC002_U2OS_6H_F21_BRD-K47869605_10uM down	59b960d2-e7e8-4bc3-b36d-bdbb44a200b5	250	3.862187039759831e-05	0.03956041957414068	2.190144927536232	30	PAC002	U2OS	6H	F21	BRD-K47869605	10uM	down
PAC051_U2OS_6H_E10_geldanamycin_20uM up	3f9bfe61-bcfa-4e00-bf27-b25b0424b6f7	250	3.862187039759831e-05	0.03956041957414068	2.190144927536232	30	PAC051	U2OS	6H	E10	geldanamycin	20uM	up
REP.A013_HT29_24H_K04_STA-5326_0.37uM up	9dfbfdba-f9f6-42e6-9e70-c74499e07d08	250	3.862187039759831e-05	0.03956041957414068	2.190144927536232	30	REP.A013	HT29	24H	K04	STA-5326	0.37uM	up
PAC026_U2OS_6H_A20_BRD-K25982056_10uM up	28ddebb4-8054-4083-8768-8d01837e87b7	250	3.862187039759831e-05	0.03956041957414068	2.190144927536232	30	PAC026	U2OS	6H	A20	BRD-K25982056	10uM	up
REP.A001_HELA_3H_G01_lestaurtinib_10uM up	764b1fe5-a707-47f1-80f1-46293ba76073	250	3.862187039759831e-05	0.03956041957414068	2.190144927536232	30	REP.A001	HELA	3H	G01	lestaurtinib	10uM	up
REP.A012_HELA_24H_H18_histamine_0.04uM up	57c44735-1840-4a81-8fb8-4b84127d8183	250	3.862187039759831e-05	0.03956041957414068	2.190144927536232	30	REP.A012	HELA	24H	H18	histamine	0.04uM	up
REP.B014_HEK293_24H_E19_ritodrine_2.22uM down	4dfd123a-bc76-4e16-b175-4e3e2c099fd5	250	3.862187039759831e-05	0.03956041957414068	2.190144927536232	30	REP.B014	HEK293	24H	E19	ritodrine	2.22uM	down
REP.B007_HA1E_24H_G13_bortezomib_20uM up	7201e485-4c83-4eda-b8d6-c6d816efa23b	250	3.862187039759831e-05	0.03956041957414068	2.190144927536232	30	REP.B007	HA1E	24H	G13	bortezomib	20uM	up
XPR032_YAPC.311_96H_G12_IL12B up	9ad99cc8-1800-4579-8f1a-b66d095457da	250	3.862187039759831e-05	0.03956041957414068	2.190144927536232	30	XPR032	YAPC.311	96H	G12	IL12B	N/A	up
XPR039_KYSE30.311_96H_F22_FAM69A down	1d476590-c4c8-48ce-adf3-8ca5adefe208	250	3.862187039759831e-05	0.03956041957414068	2.190144927536232	30	XPR039	KYSE30.311	96H	F22	FAM69A	N/A	down
REP.A021_HT29_24H_E15_MEK-162_1.11uM down	4e7f3b23-5ca8-4a9a-a26a-ffd0ff28313a	250	3.862187039759831e-05	0.03956041957414068	2.190144927536232	30	REP.A021	HT29	24H	E15	MEK-162	1.11uM	down
ASG003_XC.P910_24H_L10_AZD-8055_10uM up	f80b1e08-adad-4b6b-8e97-d8c0797e6f30	250	3.862187039759831e-05	0.03956041957414068	2.190144927536232	30	ASG003	XC.P910	24H	L10	AZD-8055	10uM	up
DOS052_A375_24H_J20_BRD-K35995122_4uM down	5fe7489f-b227-482d-a84e-6342cf6ab214	250	3.862187039759831e-05	0.03956041957414068	2.190144927536232	30	DOS052	A375	24H	J20	BRD-K35995122	4uM	down
PBIOA015_PC3_24H_P20_triciribine_3.33uM down	f10ed330-97a4-4459-9d0a-8c5d461118ea	250	3.862187039759831e-05	0.03956041957414068	2.190144927536232	30	PBIOA015	PC3	24H	P20	triciribine	3.33uM	down
LGR001_XC.L100.M_48H_I18_BGT-226_0.04uM down	c741706e-8438-473c-abb5-7dd6b2eed86e	250	3.862187039759831e-05	0.03956041957414068	2.190144927536232	30	LGR001	XC.L100.M	48H	I18	BGT-226	0.04uM	down
REP.A011_A375_24H_N07_PF-04691502_10uM down	aa3473e7-5a16-4614-b321-022f103a8980	250	3.862187039759831e-05	0.03956041957414068	2.190144927536232	30	REP.A011	A375	24H	N07	PF-04691502	10uM	down
REP.A011_MCF7_24H_N10_PF-04691502_0.37uM down	fdfde376-a154-4a49-9bfc-349ce304c355	250	3.862187039759831e-05	0.03956041957414068	2.190144927536232	30	REP.A011	MCF7	24H	N10	PF-04691502	0.37uM	down
XPR028_U251MG.311_96H_B04_HADH down	f5dee73c-f1a7-4d10-bb73-2469a7d70811	250	3.862187039759831e-05	0.03956041957414068	2.190144927536232	30	XPR028	U251MG.311	96H	B04	HADH	N/A	down
PAC028_U2OS_6H_B07_BRD-K91003483_10uM down	0f34612c-92fd-461d-ba44-b366050a1830	250	3.862187039759831e-05	0.03956041957414068	2.190144927536232	30	PAC028	U2OS	6H	B07	BRD-K91003483	10uM	down
PAC042_U2OS_6H_J18_BRD-K17402942_10uM up	0bba23d0-ef96-4bbf-8199-23281233dcd9	250	3.862187039759831e-05	0.03956041957414068	2.190144927536232	30	PAC042	U2OS	6H	J18	BRD-K17402942	10uM	up
PAC067_U2OS_6H_E14_BRD-K18519621_10uM up	6de032cb-be6a-4a6c-ac29-deff4b2a3669	250	3.862187039759831e-05	0.03956041957414068	2.190144927536232	30	PAC067	U2OS	6H	E14	BRD-K18519621	10uM	up
REP.B001_A375_24H_I01_PKI-179_2.22uM down	58ed8762-85c2-44cc-a6f4-5344a5610fcf	250	3.862187039759831e-05	0.03956041957414068	2.190144927536232	30	REP.B001	A375	24H	I01	PKI-179	2.22uM	down
REP.B013_HT29_24H_C21_bortezomib_20uM down	8d596c12-428c-4aa6-9dcb-79b8de43ae06	250	3.862187039759831e-05	0.03956041957414068	2.190144927536232	30	REP.B013	HT29	24H	C21	bortezomib	20uM	down
PAC068_U2OS_6H_N17_BRD-K88323568_10uM down	0fcad040-0a05-4701-a9c6-83a9630b0435	250	3.862187039759831e-05	0.03956041957414068	2.190144927536232	30	PAC068	U2OS	6H	N17	BRD-K88323568	10uM	down
LJP007_SKL_24H_J07_KIN001-270_10uM down	504b741f-ce0f-43e6-b78d-2c1ecb64967e	250	3.862187039759831e-05	0.03956041957414068	2.190144927536232	30	LJP007	SKL	24H	J07	KIN001-270	10uM	down
