signatureID	similarity	pValue	nGenes	compound	lincsPertID	GeneTargets	concentration	cellLine	time	_row
LINCSCP_43960	-0.3903680532	2.280050639e-05	111	AC1N6AX4	LSM-1272	NA	10uM	PC3	24h	LINCSCP_43960
LINCSCP_15120	-0.3875855558	2.637055269e-05	111	Thioridazine	LSM-1863	DRD1|DRD2|DRD3|DRD4|HTR2A|HTR2C	10uM	HA1E	6h	LINCSCP_15120
LINCSCP_151278	-0.3758244296	4.807655598e-05	111	Dasatinib	LSM-1020	ABL1|BCR|BLK|EPHA2|FGR|FRK|FYN|HCK|KIT|LCK|LYN|PDGFRB|SRC|SRMS|YES1	0.04uM	PC3	24h	LINCSCP_151278
LINCSCP_13778	0.3678174055	7.142645561e-05	111	Gangleoidin Acetate	LSM-3750	NA	10uM	HA1E	24h	LINCSCP_13778
LINCSCP_13815	0.3645200639	8.382198411e-05	111	Dehydroepiandrosterone Acetate	LSM-4181	NA	10uM	HA1E	24h	LINCSCP_13815
LINCSCP_44266	-0.3643768514	8.440329974e-05	111	AM 251	LSM-4057	CNR1	10uM	PC3	24h	LINCSCP_44266
LINCSCP_66290	-0.3639338966	8.622516972e-05	111	BML-259	LSM-6266	CDK2|CDK5	80uM	WSUDLCL2	6h	LINCSCP_66290
LINCSCP_23553	-0.3638725756	8.648025049e-05	111	AC1MJFJP	LSM-36616	NA	3uM	HEPG2	6h	LINCSCP_23553
LINCSCP_174311	-0.3627964099	9.107286861e-05	111	Sertindole	LSM-5765	DRD2|HTR2A|HTR2C	10uM	YAPC	24h	LINCSCP_174311
LINCSCP_49862	-0.3585902527	0.0001112909187	111	12K-516S	LSM-2954	NA	10uM	PHH	24h	LINCSCP_49862
LINCSCP_99930	-0.3566134268	0.0001221703034	111	Radicicol	LSM-43303	NA	10uM	HCC515	24h	LINCSCP_99930
LINCSCP_46895	0.3562358042	0.0001243578483	111	Verrucarin A	LSM-43143	NA	10uM	PC3	6h	LINCSCP_46895
LINCSCP_27205	-0.3553098902	0.0001298766349	111	CHEMBL2355150	LSM-39523	NA	10uM	HT29	6h	LINCSCP_27205
LINCSCP_160172	-0.3547204406	0.0001335076296	111	IDOXURIDINE	LSM-45784	NA	10uM	PC3	24h	LINCSCP_160172
LINCSCP_49734	-0.3545366411	0.0001346589765	111	Tozasertib	LSM-1021	ABL1|AURKA|AURKB|AURKC|BCR|FLT3|JAK2	10uM	PC3	24h	LINCSCP_49734
LINCSCP_43961	-0.3530268224	0.0001444718091	111	Cilnidipine	LSM-1284	CACNA1B	10uM	PC3	24h	LINCSCP_43961
LINCSCP_45096	-0.3514644072	0.0001553224783	111	Sirolimus	LSM-42783	FKBP1A|MTOR	10uM	PC3	6h	LINCSCP_45096
LINCSCP_14800	0.3512178434	0.0001571023596	111	Salsolinol	LSM-4243	NA	10uM	HA1E	24h	LINCSCP_14800
LINCSCP_156180	0.3499891458	0.0001662576295	111	STOCK1N-09285	LSM-1332	ESR1	0.04uM	PC3	24h	LINCSCP_156180
LINCSCP_311	0.3489248077	0.0001745857476	111	W 5	LSM-2932	NA	10uM	A375	24h	LINCSCP_311
LINCSCP_45179	-0.3482592426	0.0001799884581	111	Tivozanib	LSM-1005	FLT1|FLT4|KDR|KIT|PDGFRA|PDGFRB	10uM	PC3	6h	LINCSCP_45179
LINCSCP_111064	-0.3475040931	0.0001863058747	111	Dihydroorotate Dehydrogenase Inhibitor, Brequinar	LSM-45952	NA	0.37uM	HELA	24h	LINCSCP_111064
LINCSCP_246	0.3471945185	0.0001889546139	111	Mifobate	LSM-1761	PPARG	10uM	A375	24h	LINCSCP_246
LINCSCP_10756	-0.3452059143	0.0002068187991	111	NINDS_000152	LSM-4661	CYCS	10uM	ASC	24h	LINCSCP_10756
LINCSCP_44959	-0.3446036793	0.0002125298713	111	Tivozanib	LSM-1005	FLT1|FLT4|KDR|KIT|PDGFRA|PDGFRB	10uM	PC3	24h	LINCSCP_44959
LINCSCP_52198	0.3446013501	0.0002125522405	111	BCB03_000153	LSM-36631	NA	10uM	SKB	24h	LINCSCP_52198
LINCSCP_29947	-0.3445923218	0.000212638966	111	GSK 1059615	LSM-42799	PIK3CA|PIK3CB|PIK3CD|PIK3CG	0.1uM	MCF10A	6h	LINCSCP_29947
LINCSCP_22799	0.3442565583	0.0002158876587	111	Cephaeline	LSM-3808	NA	10uM	HEPG2	6h	LINCSCP_22799
LINCSCP_160410	-0.3402443	0.0002584316451	111	BAY 87-2243	LSM-45786	NA	0.12uM	PC3	24h	LINCSCP_160410
LINCSCP_25987	-0.3400432886	0.0002607544726	111	MLS000682490	LSM-4195	OPRK1	10uM	HT29	24h	LINCSCP_25987
LINCSCP_34401	-0.3399975963	0.0002612851635	111	BRD-K72853990-066-01-3	LSM-5805	ADRA2A|ADRA2B|ADRA2C|DRD1|DRD2|DRD3|DRD4|DRD5|HTR1A|HTR1B|HTR1D|HTR2A|HTR2B|HTR2C	10uM	MCF7	6h	LINCSCP_34401
LINCSCP_20449	0.3398127941	0.0002634417457	111	3R14S-Ochratoxin a	LSM-5521	NA	10uM	HCC515	6h	LINCSCP_20449
LINCSCP_204009	-0.3396241471	0.0002656601584	111	Zoxazolamine	LSM-3476	NA	10uM	ASC	24h	LINCSCP_204009
LINCSCP_21894	-0.3393757647	0.0002686073732	111	CHEMBL1591577	LSM-3313	CLK1|CLK4|DYRK1A|DYRK1B	10uM	HEPG2	6h	LINCSCP_21894
LINCSCP_92432	0.3384486153	0.0002798775907	111	BRD-A82197375	LSM-45476	NA	0.04uM	HA1E	24h	LINCSCP_92432
LINCSCP_13852	0.337496123	0.0002919095963	111	Ethyl 1-benzyl-4,5-dioxopyrrolidine-3-carboxylate	LSM-1941	AKR1B1	10uM	HA1E	6h	LINCSCP_13852
LINCSCP_83310	0.3362941894	0.0003077743344	111	Vandetanib	LSM-1199	EGFR|EPHA1|EPHA10|EPHA2|EPHA3|EPHA4|EPHA5|EPHA6|EPHA7|EPHA8|EPHB1|EPHB2|EPHB3|EPHB4|EPHB6|ERBB2|ERBB3|ERBB4|FLT1|FLT4|KDR|PTK6|RET|SRC|TEK	0.12uM	ASC.C	24h	LINCSCP_83310
LINCSCP_10428	-0.3357022283	0.000315877023	111	4-(3-Ethyl[1,2,4]triazolo[3,4-b][1,3,4]thiadiazol-6-yl)aniline	LSM-4945	NA	10uM	A673	6h	LINCSCP_10428
LINCSCP_10859	-0.3346611895	0.0003306059658	111	Obatoclax	LSM-43178	BCL2	10uM	ASC	24h	LINCSCP_10859
LINCSCP_272314	-0.334205897	0.0003372446407	111	Raloxifene	LSM-3425	ESR1|ESR2	10uM	PC3	6h	LINCSCP_272314
LINCSCP_161675	0.3335408336	0.0003471632754	111	Albendazole	LSM-3782	NA	0.37uM	PC3	24h	LINCSCP_161675
LINCSCP_97218	0.3333994987	0.0003493054854	111	Avasimibe	LSM-45417	NA	3.33uM	HA1E	24h	LINCSCP_97218
LINCSCP_46707	0.3330125764	0.0003552325918	111	4-Hydroxy-retinoic acid	LSM-43161	NA	10uM	PC3	24h	LINCSCP_46707
LINCSCP_24021	0.3329947838	0.000355507367	111	CHEMBL2356537	LSM-6830	NA	3.33uM	HEPG2	24h	LINCSCP_24021
LINCSCP_254100	0.3327994641	0.0003585366482	111	BRD-K31562577	LSM-38989	NA	10uM	MCF7	6h	LINCSCP_254100
LINCSCP_13641	0.3308159549	0.0003906764941	111	Lobelanidine	LSM-1665	OPRM1|SLC18A2	10uM	HA1E	24h	LINCSCP_13641
LINCSCP_13559	-0.3306799425	0.0003929748182	111	Tyrphostin AG-1478	LSM-1224	EGFR	60uM	H1299	6h	LINCSCP_13559
LINCSCP_11637	-0.3306607346	0.0003933003941	111	CI-1040	LSM-1048	MAP2K1|MAP2K2	1uM	BT20	24h	LINCSCP_11637
LINCSCP_11272	0.3306564307	0.0003933733788	111	Clofibric acid	LSM-2427	PPARA	10uM	ASC	24h	LINCSCP_11272
LINCSCP_59061	0.3305319357	0.0003954899737	111	3R14S-Ochratoxin a	LSM-5521	NA	10uM	VCAP	6h	LINCSCP_59061
LINCSCP_39417	-0.3282912593	0.0004354240967	111	YM 201636	LSM-1109	NA	0.1uM	MDAMB231	24h	LINCSCP_39417
LINCSCP_167548	-0.3280210294	0.0004404832511	111	Bardoxolone Methyl	LSM-45471	IKBKB|KEAP1|NFE2L2|PPARG	1.11uM	YAPC	24h	LINCSCP_167548
LINCSCP_77752	-0.3275203189	0.0004500006525	111	E 2012	LSM-45770	NA	10uM	A375	24h	LINCSCP_77752
LINCSCP_25617	0.3267667006	0.0004646825037	111	DASA-58	LSM-3813	PKM	90uM	HT29	24h	LINCSCP_25617
LINCSCP_15502	-0.3266012806	0.0004679636061	111	AC1MSUFC	LSM-6191	HMGCR	40uM	HA1E	6h	LINCSCP_15502
LINCSCP_168824	-0.3263906775	0.0004721717561	111	AC1MJ3VH	LSM-1731	TOP2A	3.33uM	YAPC	24h	LINCSCP_168824
LINCSCP_11333	0.326335734	0.0004732753154	111	Fusaric acid	LSM-3944	DBH	10uM	ASC	24h	LINCSCP_11333
LINCSCP_84890	-0.3262891683	0.0004742124602	111	BAY 61-3606	LSM-1167	SYK	1.11uM	ASC	24h	LINCSCP_84890
LINCSCP_52331	0.3258725717	0.0004826728295	111	SCHEMBL618594	LSM-1070	NA	10uM	SKB	24h	LINCSCP_52331
LINCSCP_156677	0.3258317435	0.000483509407	111	Colchicine	LSM-5199	TUBA1A|TUBA1B|TUBA1C|TUBA3E|TUBA4A|TUBB|TUBB1|TUBB2A|TUBB2B|TUBB3|TUBB4A|TUBB4B|TUBB6|TUBB8	0.04uM	PC3	24h	LINCSCP_156677
LINCSCP_45382	-0.3250439475	0.000499914851	111	SMR000798332	LSM-2559	NA	10uM	PC3	6h	LINCSCP_45382
LINCSCP_14599	0.3234732259	0.0005341616745	111	ANANDAMIDE (20:3,N-6)	LSM-43024	CNR1|CNR2|TRPV1	10uM	HA1E	6h	LINCSCP_14599
LINCSCP_40269	0.3233405701	0.0005371505336	111	5-(6-Aminopurin-9-yl)-2-methyltetrahydrofuran-3-ol	LSM-4354	NA	10uM	NCIH596	6h	LINCSCP_40269
LINCSCP_85811	-0.320297835	0.0006100681737	111	Alvocidib	LSM-1011	CDK1|CDK2|CDK4|CDK5|CDK6|CDK7|CDK8|CDK9|EGFR|PYGM	0.04uM	BT20	24h	LINCSCP_85811
LINCSCP_117711	-0.3200109091	0.000617393095	111	301836-43-1	LSM-1203	CSNK1A1|TGFB1	10uM	HT29	24h	LINCSCP_117711
LINCSCP_156743	0.3199593751	0.000618717222	111	Famotidine	LSM-5201	HRH2	0.04uM	PC3	24h	LINCSCP_156743
LINCSCP_67520	0.3198479151	0.0006215900156	111	Wortmannin	LSM-3947	PIK3CA|PIK3CG|PLK1	1uM	MCF7	24h	LINCSCP_67520
LINCSCP_292766	0.3197573328	0.0006239337147	111	CHEMBL1882023	LSM-2385	NA	10uM	VCAP	24h	LINCSCP_292766
LINCSCP_147867	0.3194751865	0.0006312859282	111	UNC 669	LSM-6337	NA	1.11uM	NPC.CAS9	24h	LINCSCP_147867
LINCSCP_87778	-0.319459076	0.0006317081291	111	Radicicol	LSM-43303	NA	3.33uM	HA1E	24h	LINCSCP_87778
LINCSCP_86020	-0.3190876198	0.0006415148001	111	AT-7519	LSM-1004	CDK1|CDK10|CDK11B|CDK12|CDK13|CDK14|CDK15|CDK16|CDK17|CDK18|CDK19|CDK2|CDK20|CDK3|CDK4|CDK5|CDK6|CDK7|CDK8|CDK9	0.12uM	BT20	24h	LINCSCP_86020
LINCSCP_113083	0.3188635173	0.0006474985767	111	SCHEMBL17052537	LSM-5803	BTK|JAK3|MKNK2|MTOR|PRKDC	1.11uM	HME1	24h	LINCSCP_113083
LINCSCP_13691	-0.3186805581	0.0006524216891	111	SCHEMBL6668531	LSM-2236	SLC6A3	10uM	HA1E	24h	LINCSCP_13691
LINCSCP_45709	-0.3181854181	0.0006659176963	111	KUC104486	LSM-3137	NA	10uM	PC3	24h	LINCSCP_45709
LINCSCP_46481	0.3180312713	0.0006701712239	111	Amonafide	LSM-5667	TOP2A	10uM	PC3	24h	LINCSCP_46481
LINCSCP_15	0.3178887139	0.0006741271111	111	Imipramine	LSM-2852	CHRM2|SLC6A2|SLC6A4	0.5uM	A375	24h	LINCSCP_15
LINCSCP_167228	-0.3162897657	0.0007199872774	111	ZK-93423	LSM-2741	GABRA1|GABRA2|GABRA3|GABRA5	10uM	YAPC	24h	LINCSCP_167228
LINCSCP_309872	0.3161989537	0.0007226757416	111	BRD-K28925416	LSM-45362	NA	10uM	VCAP	6h	LINCSCP_309872
LINCSCP_209986	-0.3158823568	0.000732120577	111	Thioridazine	LSM-1863	DRD1|DRD2|DRD3|DRD4|HTR2A|HTR2C	10uM	HA1E	6h	LINCSCP_209986
LINCSCP_818	0.3157498263	0.0007361077418	111	DASA-58	LSM-3813	PKM	90uM	A375	24h	LINCSCP_818
LINCSCP_19330	-0.3153328842	0.0007487814534	111	Isoliquiritigenin	LSM-43093	GABBR1	10uM	HCC515	24h	LINCSCP_19330
LINCSCP_74100	-0.3151135486	0.0007555284723	111	MBX-2982	LSM-45394	NA	10uM	A375	24h	LINCSCP_74100
LINCSCP_225424	-0.3150586993	0.0007572243786	111	Fluphenazine	LSM-3226	DRD1|DRD2	10uM	HT29	6h	LINCSCP_225424
LINCSCP_107901	0.3147276792	0.0007675335259	111	PF-04447943	LSM-45238	NA	0.12uM	HELA	24h	LINCSCP_107901
LINCSCP_289885	-0.3144292326	0.0007769382055	111	Diazoxide	LSM-3639	KCNJ11	10uM	VCAP	6h	LINCSCP_289885
LINCSCP_245623	0.3141446631	0.0007860037102	111	BRD-K64790987	LSM-40812	NA	5uM	MCF7	24h	LINCSCP_245623
LINCSCP_23648	0.3140945006	0.0007876117362	111	Tyrphostin AG 527	LSM-42874	EGFR	3uM	HEPG2	6h	LINCSCP_23648
LINCSCP_7497	-0.313960779	0.0007919130773	111	1446-61-3	LSM-3383	CNR1	10uM	A549	6h	LINCSCP_7497
LINCSCP_15230	0.3138366702	0.0007959244353	111	3-Chloro-l-alanine	LSM-6205	RPS2	0.5uM	HA1E	24h	LINCSCP_15230
LINCSCP_159776	0.3135473057	0.0008053493962	111	Quinacrine	LSM-1577	TP53	10uM	PC3	24h	LINCSCP_159776
LINCSCP_106119	-0.3135460776	0.0008053896142	111	Vidofludimus	LSM-45600	NA	10uM	HELA	24h	LINCSCP_106119
LINCSCP_243790	-0.3130081454	0.0008231834162	111	Triflupromazine	LSM-3421	DRD2|HTR2B	10uM	MCF7	6h	LINCSCP_243790
LINCSCP_84326	0.312852806	0.0008283882728	111	BGT-226	LSM-6710	MTOR|PIK3CA|PIK3CB|PIK3CD|PIK3CG|PIK3R1|PIK3R2|PIK3R3|PIK3R5	0.12uM	ASC	24h	LINCSCP_84326
LINCSCP_53667	-0.3127396439	0.0008321988552	111	MLS000709026	LSM-43139	RAD51	40uM	SNU1040	6h	LINCSCP_53667
LINCSCP_111528	0.312714418	0.0008330504853	111	Momelotinib	LSM-1141	JAK1|JAK2	0.04uM	HEPG2	24h	LINCSCP_111528
LINCSCP_23568	-0.3126154598	0.0008363990355	111	AK-968/11781209	LSM-36629	NA	3uM	HEPG2	6h	LINCSCP_23568
LINCSCP_74834	-0.3125081595	0.0008400437721	111	Trimethoprim	LSM-5246	NA	0.12uM	A375	24h	LINCSCP_74834
LINCSCP_79848	-0.312477168	0.0008410991826	111	Dequalinium	LSM-5846	NA	0.37uM	A375	24h	LINCSCP_79848
LINCSCP_128306	0.3124150635	0.0008432177892	111	AT 7867	LSM-1155	NA	0.12uM	HUES3	24h	LINCSCP_128306
LINCSCP_28821	-0.3123951469	0.0008438982471	111	RO 90-7501	LSM-3293	APP	10uM	HUH7	24h	LINCSCP_28821
LINCSCP_4810	-0.3122584997	0.0008485804173	111	10-DEBC	LSM-4710	PIM1	20uM	A549	6h	LINCSCP_4810
LINCSCP_201488	0.3120755434	0.0008548865533	111	Omacetaxine Mepesuccinate	LSM-3716	NA	0.01uM	A549	24h	LINCSCP_201488
LINCSCP_10975	-0.3119998363	0.0008575085404	111	Calmidazolium	LSM-5017	ATP2B1|PDE1A	10uM	ASC	24h	LINCSCP_10975
LINCSCP_10738	-0.3119198065	0.0008602882268	111	CID 75060944	LSM-36674	NA	10uM	ASC	24h	LINCSCP_10738
LINCSCP_51078	0.3117565748	0.0008659833362	111	3-Chloro-l-alanine	LSM-6205	RPS2	0.5uM	RMUGS	6h	LINCSCP_51078
LINCSCP_165751	0.3116619679	0.0008692999049	111	Azacitidine	LSM-5218	DNMT1|DNMT3A	0.37uM	SKL	24h	LINCSCP_165751
LINCSCP_238362	0.3115959572	0.0008716208696	111	CHEMBL1609153	LSM-3045	CHRM1	10uM	MCF7	24h	LINCSCP_238362
LINCSCP_33495	-0.3111744841	0.0008865741131	111	H89	LSM-42924	PRKACA	10uM	MCF7	6h	LINCSCP_33495
LINCSCP_168946	-0.3107456031	0.0009020305626	111	FK 866	LSM-43216	NAMPT	0.12uM	YAPC	24h	LINCSCP_168946
LINCSCP_5042	0.3105538968	0.000909018787	111	MLS002729074	LSM-1256	NA	10uM	A549	6h	LINCSCP_5042
LINCSCP_168829	-0.3104405571	0.0009131735665	111	Niclosamide	LSM-2787	STAT3	10uM	YAPC	24h	LINCSCP_168829
LINCSCP_10036	0.3104158311	0.0009140822696	111	Avrainvillamide	LSM-42688	NA	0.12uM	A549	24h	LINCSCP_10036
LINCSCP_3593	0.3098634178	0.0009346006414	111	BRD-K60212338	LSM-14876	NA	10uM	A375	24h	LINCSCP_3593
LINCSCP_16079	-0.3095629681	0.0009459361222	111	MLS002607743	LSM-4089	NA	10uM	HA1E	6h	LINCSCP_16079
LINCSCP_168943	-0.3095485454	0.0009464834109	111	FK 866	LSM-43216	NAMPT	3.33uM	YAPC	24h	LINCSCP_168943
LINCSCP_262203	-0.3093581351	0.0009537359816	111	Tolmetin	LSM-3852	PTGS1|PTGS2	10uM	NPC	24h	LINCSCP_262203
LINCSCP_8538	0.3091439957	0.0009619529947	111	BRD-K64513711	LSM-12367	NA	5uM	A549	24h	LINCSCP_8538
LINCSCP_25903	-0.3089877687	0.0009679885129	111	2-Chloro-n-(1-phenyl-3-propyl-1H-pyrazol-5-yl)acetamide	LSM-2532	NA	10uM	HT29	24h	LINCSCP_25903
LINCSCP_81338	0.3089862732	0.000968046452	111	Linsitinib	LSM-1135	IGF1R|INSR	0.12uM	A549	24h	LINCSCP_81338
LINCSCP_32290	-0.3086816073	0.0009799168443	111	CID 45006067	LSM-43074	NA	10uM	MCF7	6h	LINCSCP_32290
LINCSCP_56321	0.3083093063	0.000994602815	111	Propylpyrazoletriol	LSM-1978	ESR1	10uM	VCAP	6h	LINCSCP_56321
LINCSCP_13893	0.3074210963	0.001030454625	111	Levcromakalim	LSM-2535	KCNJ8	10uM	HA1E	6h	LINCSCP_13893
LINCSCP_277915	-0.3074008539	0.001031285264	111	BRD-K47551852	LSM-11325	NA	10uM	PC3	24h	LINCSCP_277915
LINCSCP_77959	0.3073947139	0.001031537337	111	Ricolinostat	LSM-6324	NA	0.37uM	A375	24h	LINCSCP_77959
LINCSCP_73505	-0.3072736302	0.00103651985	111	Niclosamide	LSM-2787	STAT3	1.11uM	A375	24h	LINCSCP_73505
LINCSCP_64942	0.3070117953	0.001047369352	111	BRD-K63305270	LSM-40731	NA	10uM	VCAP	24h	LINCSCP_64942
LINCSCP_65831	0.3069624186	0.00104942692	111	SCHEMBL17783975	LSM-39947	NA	10uM	VCAP	6h	LINCSCP_65831
LINCSCP_9627	0.3068910754	0.001052406367	111	Omacetaxine Mepesuccinate	LSM-3716	NA	0.01uM	A549	6h	LINCSCP_9627
LINCSCP_174064	0.3068459054	0.00105429675	111	sn-Glycero-3-phosphocholine	LSM-45427	NA	0.04uM	YAPC	24h	LINCSCP_174064
LINCSCP_151430	0.3068019279	0.001056140205	111	Y-39983	LSM-1150	ROCK1|ROCK2	3.33uM	PC3	24h	LINCSCP_151430
LINCSCP_156744	0.3065294145	0.001067629176	111	TAK-700 (Orteronel)	LSM-45634	NA	10uM	PC3	24h	LINCSCP_156744
LINCSCP_99832	0.3064212386	0.001072221317	111	SCHEMBL17052537	LSM-5803	BTK|JAK3|MKNK2|MTOR|PRKDC	0.12uM	HCC515	24h	LINCSCP_99832
LINCSCP_17889	0.3061450831	0.001084026134	111	CHEMBL277800	LSM-1837	POLA1|RRM1|RRM2	10uM	HCC515	24h	LINCSCP_17889
LINCSCP_174757	0.3057376735	0.001101658199	111	Tazarotene	LSM-45376	RARA|RARB|RARG	1.11uM	YAPC	24h	LINCSCP_174757
LINCSCP_136429	0.3056331733	0.001106222757	111	Olprinone (Hydrochloride)	LSM-45375	NA	10uM	MCF7	24h	LINCSCP_136429
LINCSCP_163744	-0.3053586054	0.001118298146	111	noscapine	NA	NA	3.33uM	SKBR3	24h	LINCSCP_163744
LINCSCP_289275	-0.3053446012	0.001118917256	111	282089-49-0	LSM-3400	CNR2	10uM	VCAP	24h	LINCSCP_289275
LINCSCP_131533	-0.305241468	0.001123486279	111	Tamatinib	LSM-1040	SYK	3.33uM	MCF10A	3h	LINCSCP_131533
LINCSCP_3583	0.3049706157	0.001135566734	111	BRD-K51810646	LSM-11597	NA	10uM	A375	24h	LINCSCP_3583
LINCSCP_187987	0.3043940165	0.001161679263	111	3-Chloro-l-alanine	LSM-6205	RPS2	0.5uM	A549	24h	LINCSCP_187987
LINCSCP_4393	-0.3043426022	0.001164034039	111	Fluphenazine	LSM-3226	DRD1|DRD2	10uM	A549	6h	LINCSCP_4393
LINCSCP_88225	0.3042969347	0.001166129256	111	TORIN1	LSM-1079	MTOR	1.11uM	HA1E	24h	LINCSCP_88225
LINCSCP_25786	-0.3040687442	0.001176650193	111	CID-2858522	LSM-3337	NA	10uM	HT29	6h	LINCSCP_25786
LINCSCP_190483	0.3038667077	0.001186037383	111	Alitretinoin	LSM-42856	RARA|RARB|RARG|RXRA|RXRB|RXRG	10uM	A549	24h	LINCSCP_190483
LINCSCP_267687	-0.3037667852	0.00119070524	111	MLS002276498	LSM-3406	NA	10uM	PC3	24h	LINCSCP_267687
LINCSCP_67995	-0.30375264	0.001191367381	111	Radicicol	LSM-43303	NA	5uM	PC3	6h	LINCSCP_67995
LINCSCP_80833	-0.3037305601	0.001192401618	111	BMN 673	LSM-45245	NA	1.11uM	A375	24h	LINCSCP_80833
LINCSCP_175987	-0.3036486988	0.001196243196	111	EMD-1214063	LSM-45557	MET	10uM	YAPC	24h	LINCSCP_175987
LINCSCP_65785	0.3036294355	0.001197148819	111	BRD-K20578716	LSM-15120	NA	10uM	VCAP	6h	LINCSCP_65785
LINCSCP_149216	0.3032767642	0.00121383968	111	Chelerythrine	LSM-1187	NA	0.04uM	NPC	24h	LINCSCP_149216
LINCSCP_13827	0.3029829722	0.001227905494	111	AC1L1KV5	LSM-1395	TUBB	10uM	HA1E	6h	LINCSCP_13827
LINCSCP_128550	0.3026969842	0.0012417401	111	HG-9-91-01	LSM-6343	NA	1.11uM	HUVEC	24h	LINCSCP_128550
LINCSCP_57280	-0.3024565157	0.001253482391	111	2-Chloro-n-(1-phenyl-3-propyl-1H-pyrazol-5-yl)acetamide	LSM-2532	NA	10uM	VCAP	24h	LINCSCP_57280
LINCSCP_19831	0.3022978736	0.001261284283	111	SCHEMBL2238247	LSM-1981	NA	10uM	HCC515	6h	LINCSCP_19831
LINCSCP_69198	0.3021243591	0.001269868189	111	Apitolisib (gdc-0980, rg7422)	LSM-4257	PIK3CA|PIK3CB|PIK3CD|PIK3CG|MTOR	0.37uM	A375	24h	LINCSCP_69198
LINCSCP_38381	0.3020177439	0.001275168871	111	Tigecycline	LSM-36875	NA	0.5uM	MCF7	24h	LINCSCP_38381
LINCSCP_46130	-0.3019596649	0.001278064907	111	Honokiol	LSM-6013	NA	10uM	PC3	24h	LINCSCP_46130
LINCSCP_140934	0.3018846365	0.001281814965	111	Bruceantin	LSM-45541	NA	3.33uM	MCF7	24h	LINCSCP_140934
LINCSCP_162652	-0.3015075007	0.001300817042	111	Dihydroorotate Dehydrogenase Inhibitor, Brequinar	LSM-45952	NA	1.11uM	PC3	24h	LINCSCP_162652
LINCSCP_30337	-0.3013993314	0.001306314296	111	Dihydroegotamine	LSM-1639	HTR1B|HTR1D	10uM	MCF7	6h	LINCSCP_30337
LINCSCP_37315	-0.3011984651	0.001316578597	111	SA-1459031	LSM-38951	NA	0.5uM	MCF7	6h	LINCSCP_37315
LINCSCP_150769	-0.3009950658	0.001327047062	111	Tozasertib	LSM-1021	ABL1|AURKA|AURKB|AURKC|BCR|FLT3|JAK2	10uM	PC3	24h	LINCSCP_150769
LINCSCP_15394	-0.3007160021	0.00134153304	111	CAY10603	LSM-4941	HDAC6	10uM	HA1E	24h	LINCSCP_15394
LINCSCP_9718	-0.3006759432	0.001343624235	111	NU1025	LSM-4643	PARP1	0.1uM	A549	24h	LINCSCP_9718
LINCSCP_219112	0.3005245861	0.001351552317	111	Chloroquine	LSM-1901	NA	10uM	HEPG2	6h	LINCSCP_219112
LINCSCP_7494	-0.300334776	0.001361554701	111	Desipramine	LSM-3351	SLC6A2|SLC6A4	10uM	A549	6h	LINCSCP_7494
LINCSCP_129846	0.3003303055	0.001361791091	111	SCHEMBL17052537	LSM-5803	BTK|JAK3|MKNK2|MTOR|PRKDC	0.04uM	LNCAP	24h	LINCSCP_129846
LINCSCP_68290	-0.3000391044	0.001377269838	111	13-Hydroxy-8,14,19-trimethoxy-4,10,12,16-tetramethyl-3,20,22-trioxo-2-azabicyclo[16.3.1]docosa-1(21),4,6,10,18-pentaen-9-yl carbamate	LSM-42815	HSP90AA1	10uM	VCAP	6h	LINCSCP_68290
LINCSCP_68513	-0.2997935319	0.00139044738	111	Sirolimus	LSM-42783	FKBP1A|MTOR	10uM	VCAP	6h	LINCSCP_68513
LINCSCP_158634	-0.2996895259	0.001396062874	111	NCGC00166323-01	LSM-6478	NA	0.37uM	PC3	24h	LINCSCP_158634
LINCSCP_44253	0.2995894421	0.001401486061	111	Cephaeline	LSM-3808	NA	10uM	PC3	24h	LINCSCP_44253
LINCSCP_48152	0.2995614316	0.001403007281	111	BRD-K80138901	LSM-14943	NA	5uM	PC3	24h	LINCSCP_48152
LINCSCP_140935	0.2994574025	0.001408670129	111	Bruceantin	LSM-45541	NA	1.11uM	MCF7	24h	LINCSCP_140935
LINCSCP_164901	0.2993489276	0.00141459711	111	XMD 8-92	LSM-1094	MAPK7	3.33uM	SKL.C	24h	LINCSCP_164901
LINCSCP_271964	0.2991206783	0.001427142575	111	Ascorbic-acid	LSM-5152	SLC23A1	10uM	PC3	24h	LINCSCP_271964
LINCSCP_52999	-0.299092626	0.001428691398	111	3-(4-Pyridyl)indole	LSM-4569	ROCK1	10uM	SKLU1	6h	LINCSCP_52999
LINCSCP_123046	-0.2986706839	0.001452172717	111	Epirubicin HCl	LSM-45684	NA	3.33uM	HT29	24h	LINCSCP_123046
LINCSCP_38205	0.2986606617	0.001452734698	111	SA-1922796	LSM-40483	NA	1uM	MCF7	24h	LINCSCP_38205
LINCSCP_140937	0.2985854316	0.001456959437	111	Bruceantin	LSM-45541	NA	0.12uM	MCF7	24h	LINCSCP_140937
LINCSCP_71927	-0.2984784367	0.001462987249	111	ZK-93423	LSM-2741	GABRA1|GABRA2|GABRA3|GABRA5	10uM	A375	24h	LINCSCP_71927
LINCSCP_76685	-0.2984401359	0.001465150518	111	3-(4-Pyridyl)indole	LSM-4569	ROCK1	3.33uM	A375	24h	LINCSCP_76685
LINCSCP_151304	-0.2984110061	0.001466797743	111	Linifanib	LSM-1183	CSF1R|FLT1|FLT3|FLT4|KDR|PDGFRA|PDGFRB	3.33uM	PC3	24h	LINCSCP_151304
LINCSCP_120719	-0.298409311	0.001466893646	111	Elacridar	LSM-45579	NA	10uM	HT29	24h	LINCSCP_120719
LINCSCP_265001	0.2983866005	0.001468179121	111	SU-6656	LSM-42805	LYN	10uM	PC3	6h	LINCSCP_265001
LINCSCP_22222	-0.2982807235	0.001474185551	111	ML167	LSM-3449	CLK1|CLK4|DYRK1A|DYRK1B	10uM	HEPG2	6h	LINCSCP_22222
LINCSCP_111063	-0.2982172102	0.001477799381	111	Dihydroorotate Dehydrogenase Inhibitor, Brequinar	LSM-45952	NA	1.11uM	HELA	24h	LINCSCP_111063
LINCSCP_81362	0.2980313272	0.00148842221	111	Trametinib	LSM-1143	MAP2K1|MAP2K2	0.12uM	A549	24h	LINCSCP_81362
LINCSCP_10524	-0.2980270231	0.001488668995	111	Fedratinib	LSM-1142	FLT3|JAK2	10uM	AGS	6h	LINCSCP_10524
LINCSCP_21629	-0.2980249822	0.001488786033	111	CHEMBL1242477	LSM-6208	PIK3CA|PIK3CB|PIK3CD|PIK3CG	20uM	HEPG2	6h	LINCSCP_21629
LINCSCP_47300	0.2979640944	0.001492281476	111	YL-59	LSM-44637	NA	10uM	PC3	24h	LINCSCP_47300
LINCSCP_168944	-0.2978865802	0.001496742195	111	FK 866	LSM-43216	NAMPT	1.11uM	YAPC	24h	LINCSCP_168944
LINCSCP_44746	-0.297697768	0.001507658524	111	Mbcq	LSM-3445	PDE5A	10uM	PC3	24h	LINCSCP_44746
LINCSCP_23545	-0.2976694704	0.001509300788	111	2-(3,4-Dichlorophenyl)-2,3-dihydro-1,3-benzoxazole	LSM-36611	NA	3uM	HEPG2	6h	LINCSCP_23545
LINCSCP_43205	0.2975303847	0.001517396349	111	1-Methyl-1,2,3,4-tetrahydroisoquinoline	LSM-36851	NA	10uM	NPC	24h	LINCSCP_43205
LINCSCP_77347	-0.2974900876	0.001519749219	111	Amuvatinib	LSM-1118	FLT3|KIT|MET|PDGFRA	10uM	A375	24h	LINCSCP_77347
LINCSCP_83663	0.2974098223	0.001524445638	111	VE-821	LSM-36358	NA	0.04uM	ASC.C	24h	LINCSCP_83663
LINCSCP_220345	0.2972165375	0.001535809106	111	IN1304	LSM-1338	PPARG	10uM	HEPG2	6h	LINCSCP_220345
LINCSCP_218168	-0.2972066861	0.001536390337	111	Raloxifene	LSM-3425	ESR1|ESR2	10uM	HCC515	24h	LINCSCP_218168
LINCSCP_348	0.2971945965	0.001537103895	111	R-59022	LSM-3215	DGKA	10uM	A375	24h	LINCSCP_348
LINCSCP_22979	0.2971522647	0.001539604795	111	Omacetaxine Mepesuccinate	LSM-3716	NA	10uM	HEPG2	6h	LINCSCP_22979
LINCSCP_132770	-0.2970654959	0.001544742524	111	Radicicol	LSM-43303	NA	0.37uM	MCF7	24h	LINCSCP_132770
LINCSCP_109388	0.2969732596	0.001550221064	111	Diazoxide	LSM-3639	KCNJ11	0.04uM	HELA	24h	LINCSCP_109388
LINCSCP_161258	-0.2963826314	0.001585722708	111	Leflunomide	LSM-3771	DHODH	10uM	PC3	24h	LINCSCP_161258
LINCSCP_14404	0.2962491054	0.001593850322	111	BSPBIO_003237	LSM-42875	NA	10uM	HA1E	24h	LINCSCP_14404
LINCSCP_827	-0.2961562193	0.001599526508	111	CAY10618	LSM-4946	NAMPT	10uM	A375	24h	LINCSCP_827
LINCSCP_14979	0.2961520692	0.001599780544	111	BSPBIO_001530	LSM-1549	NA	10uM	HA1E	24h	LINCSCP_14979
LINCSCP_251839	-0.2961448432	0.001600222947	111	Amuvatinib	LSM-1118	FLT3|KIT|MET|PDGFRA	1uM	MCF7	24h	LINCSCP_251839
LINCSCP_168945	-0.2960718446	0.001604698465	111	FK 866	LSM-43216	NAMPT	0.37uM	YAPC	24h	LINCSCP_168945
LINCSCP_73087	-0.2959321555	0.001613294433	111	ITRACONAZOLE HYDROCHLORIDE	LSM-45773	NA	10uM	A375	24h	LINCSCP_73087
LINCSCP_58487	0.2956824152	0.001628766779	111	ST50840204	LSM-4690	NA	10uM	VCAP	6h	LINCSCP_58487
LINCSCP_19970	0.2955713851	0.001635688649	111	MLS-0425579.0001	LSM-42816	NA	10uM	HCC515	6h	LINCSCP_19970
LINCSCP_170200	0.2954811579	0.001641333271	111	PF-04691502	LSM-45239	MTOR|PIK3CA|PIK3CB|PIK3CD|PIK3CG|PIK3R1|PIK3R2|PIK3R3|PIK3R5	0.12uM	YAPC	24h	LINCSCP_170200
LINCSCP_239299	-0.295416645	0.00164538003	111	Nelfinavir	LSM-5819	CYP1A2|CYP2B6|CYP2C19|CYP2C9|CYP2D6|CYP3A4|CYP3A7	10uM	MCF7	6h	LINCSCP_239299
LINCSCP_284788	0.2952829395	0.00165379595	111	4-[(6-Amino-4-pyrimidinyl)amino]benzenesulfonamide	LSM-3612	NA	10uM	SKB	24h	LINCSCP_284788
LINCSCP_43526	0.2949997553	0.001671749701	111	2-Deoxyglucose	LSM-37253	NA	10uM	NPC	24h	LINCSCP_43526
LINCSCP_9693	0.2949847614	0.001672705216	111	Narciclasine	LSM-4934	RHOA	0.5uM	A549	24h	LINCSCP_9693
LINCSCP_72817	-0.29496482	0.001673976788	111	Mubritinib (TAK 165)	LSM-45710	ERBB2	0.04uM	A375	24h	LINCSCP_72817
LINCSCP_9689	0.2947188389	0.001689734197	111	3-Chloro-l-alanine	LSM-6205	RPS2	1uM	A549	24h	LINCSCP_9689
LINCSCP_284523	0.2946558354	0.00169379175	111	8R-Lisuride	LSM-3984	ADRA2A|ADRA2B|ADRA2C|DRD1|DRD2|DRD3|DRD4|DRD5|HTR1A|HTR1B|HTR1D|HTR2A|HTR2B|HTR2C	10uM	SKB	24h	LINCSCP_284523
LINCSCP_47545	-0.2946061735	0.001696996298	111	Tiratricol	LSM-5706	THRB	10uM	PC3	24h	LINCSCP_47545
LINCSCP_52429	-0.2944778113	0.001705304672	111	MLS001173269	LSM-3752	NA	10uM	SKB	24h	LINCSCP_52429
LINCSCP_33126	-0.2943599677	0.001712964677	111	RS504393	LSM-3952	CCR2	10uM	MCF7	24h	LINCSCP_33126
LINCSCP_103936	0.2942127892	0.001722575313	111	fluocinolone-acetonide	LSM-45676	NA	0.04uM	HELA	24h	LINCSCP_103936
LINCSCP_45866	-0.2940757221	0.00173156963	111	Triazolothiadiazine, 7	LSM-4205	NA	10uM	PC3	6h	LINCSCP_45866
LINCSCP_111569	0.29402468	0.001734929867	111	GW843682X	LSM-1014	PLK1|PLK3	0.12uM	HEPG2	24h	LINCSCP_111569
LINCSCP_283763	0.2940220383	0.001735103942	111	ST077211	LSM-4616	NA	10uM	SKB	24h	LINCSCP_283763
LINCSCP_44235	0.2938696259	0.001745173796	111	Ketanserin	LSM-3092	HTR2A|HTR2C	10uM	PC3	24h	LINCSCP_44235
LINCSCP_34585	-0.2938483384	0.001746584466	111	Chlorotrianisene	LSM-5411	ESR1|ESR2	10uM	MCF7	6h	LINCSCP_34585
LINCSCP_72813	-0.2937464066	0.001753353571	111	Mubritinib (TAK 165)	LSM-45710	ERBB2	3.33uM	A375	24h	LINCSCP_72813
LINCSCP_158581	0.2935671359	0.001765316339	111	Tipifarnib	LSM-6258	CHURC1-FNTB|FNTA|FNTB	0.12uM	PC3	24h	LINCSCP_158581
LINCSCP_45596	-0.2935203589	0.001768449931	111	Triazolothiadiazine, 23	LSM-3093	NA	10uM	PC3	6h	LINCSCP_45596
LINCSCP_156239	0.2932600118	0.001785982875	111	Bemegride	LSM-2325	GABRA1	0.12uM	PC3	24h	LINCSCP_156239
LINCSCP_45996	-0.2929883936	0.001804442665	111	MLS002703099	LSM-2090	NA	10uM	PC3	6h	LINCSCP_45996
LINCSCP_25830	-0.2925504167	0.00183457305	111	CAY10618	LSM-4946	NAMPT	10uM	HT29	6h	LINCSCP_25830
LINCSCP_176710	0.2922112452	0.001858218574	111	Immethridine	LSM-3087	HRH3	10uM	A375	6h	LINCSCP_176710
LINCSCP_160720	-0.2919927499	0.001873596957	111	Sertindole	LSM-5765	DRD2|HTR2A|HTR2C	1.11uM	PC3	24h	LINCSCP_160720
LINCSCP_152439	0.2919914616	0.001873687975	111	SB239063	LSM-1036	MAPK11|MAPK14	1.11uM	PC3	24h	LINCSCP_152439
LINCSCP_11491	-0.291701298	0.001894289702	111	16Beta-hydroxydisitoxigenin	LSM-1432	ATP1A1	10uM	ASC	24h	LINCSCP_11491
LINCSCP_51590	-0.2916831958	0.001895581732	111	Tamatinib	LSM-1040	SYK	1uM	SKBR3	6h	LINCSCP_51590
LINCSCP_61030	-0.2916527749	0.001897754811	111	CHEMBL3184089	LSM-10181	NA	5uM	VCAP	24h	LINCSCP_61030
LINCSCP_47279	-0.2914945596	0.00190909313	111	Ketoconazole	LSM-5148	AR|CYP19A1	10uM	PC3	24h	LINCSCP_47279
LINCSCP_44273	-0.2914783426	0.001910258763	111	Quercetin	LSM-4199	PIK3CG	10uM	PC3	24h	LINCSCP_44273
LINCSCP_21602	0.2911904361	0.001931060243	111	Nimodipine	LSM-1659	CACNA1C|CACNA1D|CACNA1F|CACNA1S|NR3C2	10uM	HEPG2	6h	LINCSCP_21602
LINCSCP_57911	0.2910270306	0.001942957451	111	CHEMBL1719251	LSM-3895	NA	10uM	VCAP	6h	LINCSCP_57911
LINCSCP_157698	-0.2908988175	0.001952338798	111	Vidofludimus	LSM-45600	NA	3.33uM	PC3	24h	LINCSCP_157698
LINCSCP_43578	0.290475471	0.001983607017	111	ITSA-1	LSM-37000	NA	10uM	NPC	6h	LINCSCP_43578
LINCSCP_220751	-0.2904511698	0.001985415579	111	Spiperone	LSM-3235	ADRA1A|DRD2|DRD3|DRD4|HTR1A|HTR2A|HTR7	10uM	HEPG2	6h	LINCSCP_220751
LINCSCP_74338	0.2903484492	0.001993076811	111	Troglitazone	LSM-4890	PPARG	0.04uM	A375	24h	LINCSCP_74338
LINCSCP_11815	-0.2898272543	0.002032363071	111	Neratinib	LSM-42778	EGFR|ERBB2|ERBB4	0.1uM	BT20	24h	LINCSCP_11815
LINCSCP_61643	-0.2896619571	0.002044968283	111	BRD-K71195237	LSM-12775	NA	5uM	VCAP	24h	LINCSCP_61643
LINCSCP_69261	0.289435665	0.002062339534	111	Nilotinib	LSM-1099	ABL1|BCR|KIT	10uM	A375	24h	LINCSCP_69261
LINCSCP_837	-0.2893806061	0.002066586264	111	CL-976	LSM-6282	ACAT1	80uM	A375	24h	LINCSCP_837
LINCSCP_43511	0.2891456197	0.002084799953	111	Merodantoin	LSM-37221	NA	10uM	NPC	24h	LINCSCP_43511
LINCSCP_26388	-0.2889275827	0.002101829638	111	BAS 00535043	LSM-44976	NA	10uM	HT29	6h	LINCSCP_26388
LINCSCP_4684	-0.2887346344	0.002117004603	111	Rosiglitazone	LSM-1949	PPARG	80uM	A549	6h	LINCSCP_4684
LINCSCP_78079	0.2887176242	0.002118347155	111	Podofilox	LSM-3055	NA	0.37uM	A375	24h	LINCSCP_78079
LINCSCP_136513	0.2886898246	0.00212054294	111	Sulmazole	LSM-4362	NA	10uM	MCF7	24h	LINCSCP_136513
LINCSCP_60047	0.2886217132	0.002125931501	111	BRD-K53477720	LSM-7540	NA	5uM	VCAP	24h	LINCSCP_60047
LINCSCP_218724	0.2884789203	0.002137268606	111	AGK 2	LSM-43196	SIRT2	10uM	HEC108	6h	LINCSCP_218724
LINCSCP_3092	0.2882764489	0.002153437637	111	Danazol	LSM-3073	AR|ESR1|GNRHR|PGR	10uM	A375	6h	LINCSCP_3092
LINCSCP_147257	0.2879260193	0.002181683889	111	ZINC6718453	LSM-1198	NA	3.33uM	NEU	24h	LINCSCP_147257
LINCSCP_54361	0.2878832	0.002185158184	111	32703-82-5	LSM-4897	KIF11	40uM	SW620	6h	LINCSCP_54361
LINCSCP_23642	-0.2878638133	0.002186732841	111	ST004815	LSM-36681	NA	5uM	HEPG2	6h	LINCSCP_23642
LINCSCP_88227	0.2877564088	0.002195475191	111	TORIN1	LSM-1079	MTOR	0.12uM	HA1E	24h	LINCSCP_88227
LINCSCP_75894	-0.2876577111	0.002203536688	111	Ketoconazole	LSM-6434	NA	10uM	A375	24h	LINCSCP_75894
LINCSCP_14849	-0.2876555704	0.002203711827	111	Sirolimus	LSM-42783	FKBP1A|MTOR	10uM	HA1E	6h	LINCSCP_14849
LINCSCP_33158	-0.2876297045	0.002205829092	111	AC1N6AX4	LSM-1272	NA	10uM	MCF7	6h	LINCSCP_33158
LINCSCP_51270	-0.2876192009	0.002206689388	111	AS601245	LSM-1034	MAPK10|MAPK8|MAPK9	0.1uM	SKBR3	24h	LINCSCP_51270
LINCSCP_55902	-0.2876067791	0.002207707192	111	Cyclosporin A	LSM-1703	PPIA|PPP3CA	10uM	VCAP	24h	LINCSCP_55902
LINCSCP_43448	0.2875975051	0.002208467352	111	Andreson	LSM-2965	NA	10uM	NPC	24h	LINCSCP_43448
LINCSCP_28831	-0.2874476321	0.002220784784	111	CHEMBL34095	LSM-3355	NA	10uM	HUH7	24h	LINCSCP_28831
LINCSCP_43313	-0.2869728881	0.002260212857	111	BRD-K29064493-001-01-0	LSM-37036	NA	10uM	NPC	6h	LINCSCP_43313
LINCSCP_44066	-0.2868712812	0.002268733159	111	Halcinonide	LSM-3832	NR3C1	10uM	PC3	24h	LINCSCP_44066
LINCSCP_40048	-0.2866848913	0.00228443846	111	KU0060648	LSM-4935	PIK3CA|PIK3CB|PIK3CD|PRKDC	10uM	NCIH2073	6h	LINCSCP_40048
LINCSCP_52001	0.2864615919	0.002303383035	111	EX-8678	LSM-1147	NA	10uM	SKBR3	6h	LINCSCP_52001
LINCSCP_33257	-0.2864123915	0.002307576192	111	NNC 05-2090	LSM-3905	SLC6A12	10uM	MCF7	6h	LINCSCP_33257
LINCSCP_81041	0.2861396226	0.002330948538	111	AKT Inhibitor VIII	LSM-1035	AKT1|AKT2	3.33uM	A549	24h	LINCSCP_81041
LINCSCP_51734	0.2858748912	0.002353836389	111	CHEMBL3188944	LSM-6296	NA	1uM	SKBR3	6h	LINCSCP_51734
LINCSCP_28292	-0.2858656796	0.002354636433	111	SA-1921456	LSM-41319	NA	10uM	HT29	24h	LINCSCP_28292
LINCSCP_151306	-0.2858404604	0.002356828034	111	Linifanib	LSM-1183	CSF1R|FLT1|FLT3|FLT4|KDR|PDGFRA|PDGFRB	0.37uM	PC3	24h	LINCSCP_151306
LINCSCP_45872	0.2856273392	0.002375422355	111	H0635_SIGMA	LSM-5010	NA	10uM	PC3	24h	LINCSCP_45872
LINCSCP_47038	0.2855092471	0.002385782541	111	Elliptecine	LSM-4842	TOP2A|TOP2B	10uM	PC3	6h	LINCSCP_47038
LINCSCP_5100	0.2854920652	0.002387293293	111	CHEMBL567341	LSM-2534	NA	10uM	A549	6h	LINCSCP_5100
LINCSCP_54958	0.2853312968	0.002401471122	111	CHEMBL1222381	LSM-6252	NA	80uM	THP1	6h	LINCSCP_54958
LINCSCP_19221	0.2850924125	0.002422678223	111	Teniposide	LSM-1483	TOP2A	1uM	HCC515	24h	LINCSCP_19221
LINCSCP_69474	-0.2849874732	0.002432047586	111	Canertinib	LSM-1120	EGFR|ERBB2|ERBB4	0.12uM	A375	24h	LINCSCP_69474
LINCSCP_113084	0.2849174628	0.002438316554	111	SCHEMBL17052537	LSM-5803	BTK|JAK3|MKNK2|MTOR|PRKDC	0.37uM	HME1	24h	LINCSCP_113084
LINCSCP_65013	0.2848193203	0.002447129098	111	BRD-K12017137	LSM-37889	NA	10uM	VCAP	6h	LINCSCP_65013
LINCSCP_143492	0.2848074733	0.002448194826	111	Cinaciguat	LSM-45801	NA	0.37uM	MCF7	24h	LINCSCP_143492
LINCSCP_22423	0.2848010352	0.002448774153	111	BRN 1088757	LSM-43334	NA	10uM	HEPG2	6h	LINCSCP_22423
LINCSCP_159030	0.2847743645	0.002451175428	111	AMG 232	LSM-45882	NA	0.37uM	PC3	24h	LINCSCP_159030
LINCSCP_83222	0.2847639692	0.002452111935	111	HG-14-10-04	LSM-6345	NA	0.12uM	ASC.C	24h	LINCSCP_83222
LINCSCP_211794	0.2847481812	0.002453534877	111	Diotyrosine	LSM-5697	NA	10uM	HA1E	6h	LINCSCP_211794
LINCSCP_69383	-0.2847430073	0.002454001359	111	Saracatinib	LSM-1032	ABL1|SRC	0.37uM	A375	24h	LINCSCP_69383
LINCSCP_40176	0.2845245754	0.002473768302	111	Rottlerin	LSM-42845	NA	10uM	NCIH508	6h	LINCSCP_40176
LINCSCP_281638	-0.2844466786	0.002480852225	111	13-Hydroxy-8,14,19-trimethoxy-4,10,12,16-tetramethyl-3,20,22-trioxo-2-azabicyclo[16.3.1]docosa-1(21),4,6,10,18-pentaen-9-yl carbamate	LSM-42815	HSP90AA1	10uM	PHH	24h	LINCSCP_281638
LINCSCP_4128	-0.2844061343	0.002484546562	111	Ethopropazine	LSM-1342	CHRM1	10uM	A549	24h	LINCSCP_4128
LINCSCP_31557	-0.2843689919	0.002487935275	111	MLS002700183	LSM-1862	NA	10uM	MCF7	24h	LINCSCP_31557
LINCSCP_54864	-0.2843256383	0.002491895945	111	Thioridazine	LSM-1863	DRD1|DRD2|DRD3|DRD4|HTR2A|HTR2C	10uM	THP1	6h	LINCSCP_54864
LINCSCP_63279	0.2841227488	0.002510507086	111	BRD-K31641287	LSM-10346	NA	5uM	VCAP	6h	LINCSCP_63279
LINCSCP_140938	0.2841156815	0.002511157635	111	Bruceantin	LSM-45541	NA	0.04uM	MCF7	24h	LINCSCP_140938
LINCSCP_244119	0.2841099362	0.002511686591	111	Closantel	LSM-4989	NA	10uM	MCF7	6h	LINCSCP_244119
LINCSCP_46658	0.2840779075	0.002514637283	111	NSC126859	LSM-43109	NA	10uM	PC3	6h	LINCSCP_46658
LINCSCP_204210	0.2840725313	0.00251513288	111	RS504393	LSM-3952	CCR2	10uM	ASC	24h	LINCSCP_204210
LINCSCP_31494	0.2840492652	0.002517278646	111	MLS002607695	LSM-3147	NA	10uM	MCF7	6h	LINCSCP_31494
LINCSCP_284672	-0.2839269687	0.002528584867	111	Zaprinast	LSM-2259	PDE5A	10uM	SKB	24h	LINCSCP_284672
LINCSCP_165585	-0.2838266075	0.002537897382	111	AT 7867	LSM-1155	NA	3.33uM	SKL	24h	LINCSCP_165585
LINCSCP_19415	-0.2838251788	0.002538030175	111	CAY10618	LSM-4946	NAMPT	10uM	HCC515	24h	LINCSCP_19415
LINCSCP_154538	0.2837908248	0.002541225134	111	Darapladib	LSM-45613	PLA2G7	1.11uM	PC3	24h	LINCSCP_154538
LINCSCP_49184	-0.2836362241	0.002555648093	111	BRD-K84559549	LSM-41887	NA	10uM	PC3	6h	LINCSCP_49184
LINCSCP_30531	-0.283633537	0.002555899435	111	GF-109203	LSM-2677	PRKCA	10uM	MCF7	24h	LINCSCP_30531
LINCSCP_30723	0.2835948628	0.002559519256	111	NSC23766	LSM-1818	NA	100uM	MCF7	6h	LINCSCP_30723
LINCSCP_273625	-0.2835643167	0.00256238158	111	Radicicol	LSM-43303	NA	0.1uM	PC3	6h	LINCSCP_273625
LINCSCP_4946	-0.2834517953	0.002572950307	111	MLS002703118	LSM-2728	NA	10uM	A549	24h	LINCSCP_4946
LINCSCP_113097	-0.2833911629	0.002578661575	111	BRD-A24396574-001-01-5	LSM-5006	NA	0.04uM	HME1	24h	LINCSCP_113097
LINCSCP_253581	0.2833150972	0.002585842749	111	SA-243276	LSM-41502	NA	10uM	MCF7	24h	LINCSCP_253581
LINCSCP_16891	0.2832551125	0.002591518462	111	BRD-K83509924	LSM-41833	NA	10uM	HA1E	6h	LINCSCP_16891
LINCSCP_43861	-0.2832420583	0.002592755129	111	2-(2-Bromo-4-methyl-phenylamino)-pyrido[3,2-e][1,3]thiazin-4-one	LSM-45312	NA	10uM	PC3	6h	LINCSCP_43861
LINCSCP_12547	-0.2832082688	0.002595958587	111	CHEMBL1222381	LSM-6252	NA	80uM	CL34	6h	LINCSCP_12547
LINCSCP_273626	-0.2830894089	0.002607255647	111	Radicicol	LSM-43303	NA	0.1uM	PC3	6h	LINCSCP_273626
LINCSCP_160550	-0.2830699674	0.002609107676	111	Masitinib	LSM-1130	FGFR3|KIT|LYN|PDGFRA|PDGFRB	10uM	PC3	24h	LINCSCP_160550
LINCSCP_124147	0.2827741753	0.002637432041	111	Orlistat	LSM-5724	DAGLA|FASN|LIPF|PNLIP	1.11uM	HT29	24h	LINCSCP_124147
LINCSCP_19244	0.2826527832	0.002649136262	111	AC1Q6JJ5	LSM-6192	TOP2A	0.1uM	HCC515	24h	LINCSCP_19244
LINCSCP_62799	-0.2826314511	0.002651197856	111	BRD-K63279176	LSM-12278	NA	5uM	VCAP	24h	LINCSCP_62799
LINCSCP_44265	-0.2826030441	0.002653945444	111	Piceatannol	LSM-42918	NA	10uM	PC3	24h	LINCSCP_44265
LINCSCP_46749	-0.2825407216	0.002659982399	111	ZINC28755859	LSM-5466	INSR	10uM	PC3	24h	LINCSCP_46749
LINCSCP_70573	0.2823939812	0.002674245515	111	Alectinib	LSM-1202	ALK|RET	3.33uM	A375	24h	LINCSCP_70573
LINCSCP_310171	0.28231231	0.002682213752	111	BRD-K71240454	LSM-15050	NA	10uM	VCAP	6h	LINCSCP_310171
LINCSCP_56251	-0.2823052655	0.002682902052	111	5-Nitroso-8-cinnolinol	LSM-2275	HDAC1	10uM	VCAP	24h	LINCSCP_56251
LINCSCP_62294	0.2822036795	0.00269284542	111	BRD-K52309792	LSM-11627	NA	5uM	VCAP	24h	LINCSCP_62294
LINCSCP_30492	-0.2820493074	0.002708019143	111	MLS000709026	LSM-43139	RAD51	40uM	MCF7	24h	LINCSCP_30492
LINCSCP_9010	-0.2820441334	0.002708529046	111	BRD-K25379780	LSM-9970	NA	10uM	A549	24h	LINCSCP_9010
LINCSCP_36654	-0.2818506093	0.002727663197	111	TAE-684	LSM-1024	ALK	10uM	MCF7	6h	LINCSCP_36654
LINCSCP_83015	-0.2817953183	0.002733152263	111	SB-216763	LSM-1161	GSK3B	0.12uM	ASC.C	24h	LINCSCP_83015
LINCSCP_15620	-0.2817901537	0.002733665489	111	CAY-10594	LSM-6256	PLD2	20uM	HA1E	6h	LINCSCP_15620
LINCSCP_31540	0.2817315653	0.002739493754	111	H0635_SIGMA	LSM-5010	NA	10uM	MCF7	24h	LINCSCP_31540
LINCSCP_2161	-0.2814718086	0.002765468905	111	CHEMBL2359949	LSM-39623	NA	10uM	A375	6h	LINCSCP_2161
LINCSCP_815	0.2814540954	0.002767248247	111	TH02453-036-P1	LSM-6273	NA	10uM	A375	24h	LINCSCP_815
LINCSCP_99658	0.2813332884	0.002779411157	111	Nilotinib	LSM-1099	ABL1|BCR|KIT	0.12uM	HCC515	24h	LINCSCP_99658
LINCSCP_155815	-0.2812038655	0.002792494927	111	BRD-A82197375	LSM-45476	NA	10uM	PC3	24h	LINCSCP_155815
LINCSCP_44237	0.2811919462	0.002793702674	111	Iodophenpropit	LSM-3151	HRH3|HRH4	10uM	PC3	24h	LINCSCP_44237
LINCSCP_212182	0.2810864744	0.00280441031	111	BRD-K45758869-001-01-3	LSM-39802	NA	10uM	HA1E	6h	LINCSCP_212182
LINCSCP_44769	-0.2810326603	0.002809887809	111	SCHEMBL8922766	LSM-1595	ADORA3	10uM	PC3	6h	LINCSCP_44769
LINCSCP_162997	-0.2809325394	0.002820104329	111	Radicicol	LSM-43303	NA	3.33uM	SKBR3	24h	LINCSCP_162997
LINCSCP_140936	0.2808850109	0.002824965919	111	Bruceantin	LSM-45541	NA	0.37uM	MCF7	24h	LINCSCP_140936
LINCSCP_44352	-0.2808421722	0.002829354271	111	Propylpyrazoletriol	LSM-1978	ESR1	10uM	PC3	24h	LINCSCP_44352
LINCSCP_150159	0.2807578223	0.002838012923	111	Daminozide	LSM-6329	NA	10uM	NPC.TAK	24h	LINCSCP_150159
LINCSCP_32905	0.2807385678	0.002839992775	111	TOCRIS-0930	LSM-2999	ADRB3	10uM	MCF7	24h	LINCSCP_32905
LINCSCP_14420	0.2805753892	0.002856821626	111	H 8	LSM-2410	NA	10uM	HA1E	24h	LINCSCP_14420
LINCSCP_59761	-0.2805519792	0.002859243285	111	BRD-K37788266	LSM-39350	NA	5uM	VCAP	6h	LINCSCP_59761
LINCSCP_12400	-0.2805176805	0.002862794671	111	13-Hydroxy-8,14,19-trimethoxy-4,10,12,16-tetramethyl-3,20,22-trioxo-2-azabicyclo[16.3.1]docosa-1(21),4,6,10,18-pentaen-9-yl carbamate	LSM-42815	HSP90AA1	0.5uM	CD34	6h	LINCSCP_12400
LINCSCP_139821	0.2804925394	0.002865400372	111	Niacin	LSM-4676	HCAR2|HCAR3	0.37uM	MCF7	24h	LINCSCP_139821
LINCSCP_170084	0.2804813566	0.002866560075	111	Pramipexole	LSM-5243	DRD2|DRD3|DRD4	1.11uM	YAPC	24h	LINCSCP_170084
LINCSCP_277935	0.2804629374	0.002868471154	111	BRD-K57166447	LSM-11891	NA	10uM	PC3	24h	LINCSCP_277935
LINCSCP_37712	-0.2804354164	0.002871328717	111	Pravastatin	LSM-3347	HMGCR	0.5uM	MCF7	24h	LINCSCP_37712
LINCSCP_29642	0.2804072175	0.002874259317	111	Imatinib	LSM-1023	ABL1|BCR|CSF1R|KIT|PDGFRA|PDGFRB	1uM	MCF10A	24h	LINCSCP_29642
LINCSCP_33964	-0.2802799397	0.002887520372	111	BRN 1549781	LSM-4461	NA	10uM	MCF7	6h	LINCSCP_33964
LINCSCP_22972	0.28025183	0.002890456527	111	Dichlorphenamide	LSM-3602	CA1|CA12|CA2|CA4	10uM	HEPG2	6h	LINCSCP_22972
LINCSCP_22820	-0.2802489591	0.002890756556	111	KN93	LSM-42804	CAMK2A	10uM	HEPG2	6h	LINCSCP_22820
LINCSCP_66289	-0.2802342913	0.002892289872	111	N9-Isopropylolomoucine	LSM-3607	CDK1|CDK5	100uM	WSUDLCL2	6h	LINCSCP_66289
LINCSCP_21868	0.2801605799	0.002900006454	111	MLS002699818	LSM-2918	NA	10uM	HEPG2	6h	LINCSCP_21868
LINCSCP_35627	0.2800579013	0.002910786409	111	Cucurbitacin-I	LSM-43115	JAK2|STAT3	0.1uM	MCF7	24h	LINCSCP_35627
LINCSCP_116527	0.2799920235	0.002917721716	111	GW843682X	LSM-1014	PLK1|PLK3	0.12uM	HT29	24h	LINCSCP_116527
LINCSCP_12576	-0.2797558288	0.002942709609	111	Rucaparib	LSM-4947	PARP1|PARP2|PARP3	10uM	CL34	6h	LINCSCP_12576
LINCSCP_45871	-0.2797210595	0.002946404197	111	Pinacidil	LSM-1557	ABCC8|ABCC9	10uM	PC3	24h	LINCSCP_45871
LINCSCP_83065	0.2797000544	0.002948638227	111	AZ628	LSM-1050	BRAF|RAF1	1.11uM	ASC.C	24h	LINCSCP_83065
LINCSCP_9861	-0.279565375	0.002962998476	111	Menadione	LSM-3755	NA	3uM	A549	6h	LINCSCP_9861
LINCSCP_5402	0.2795358063	0.002966159665	111	SCH-23390	LSM-3005	DRD1|DRD5|HTR2C	10uM	A549	24h	LINCSCP_5402
LINCSCP_15091	-0.2793504104	0.002986049592	111	RS102895	LSM-3870	CCR2	10uM	HA1E	24h	LINCSCP_15091
LINCSCP_21592	-0.2792412671	0.002997814899	111	THR1 Inhibitor, 2	LSM-1445	BTK	100uM	HEPG2	6h	LINCSCP_21592
LINCSCP_6705	-0.2792329906	0.002998708781	111	PD-173074	LSM-1026	FGFR1|FGFR3	10uM	A549	6h	LINCSCP_6705
LINCSCP_45637	-0.2791728401	0.003005212377	111	Triazolothiadiazine, 22	LSM-4131	NA	10uM	PC3	6h	LINCSCP_45637
LINCSCP_131064	-0.2791088854	0.003012141195	111	Erlotinib	LSM-1097	EGFR	3.33uM	MCF10A	3h	LINCSCP_131064
LINCSCP_111062	-0.279087017	0.003014513708	111	Dihydroorotate Dehydrogenase Inhibitor, Brequinar	LSM-45952	NA	3.33uM	HELA	24h	LINCSCP_111062
LINCSCP_22612	-0.279059576	0.003017493161	111	Dovitinib	LSM-1127	EGFR|FGFR1|FGFR2|FGFR3|FLT1|FLT3|FLT4|KDR|KIT|PDGFRA|PDGFRB	10uM	HEPG2	6h	LINCSCP_22612
LINCSCP_33998	-0.2790341754	0.003020253436	111	CHEMBL1982812	LSM-6576	NA	10uM	MCF7	6h	LINCSCP_33998
LINCSCP_221516	-0.278904921	0.003034334706	111	LY 2183240	LSM-2839	FAAH	10uM	HEPG2	6h	LINCSCP_221516
LINCSCP_38532	0.2787886537	0.003047051552	111	ENMD-2076	LSM-45335	AURKA|AURKB|CSF1R|FGFR3|FLT3|KDR|KIT|PDGFRA|SRC	0.37uM	MCF7	24h	LINCSCP_38532
LINCSCP_38209	-0.2787881962	0.003047101687	111	SA-1921614	LSM-40574	NA	10uM	MCF7	24h	LINCSCP_38209
LINCSCP_5358	0.2786559503	0.003061624667	111	Gatifloxacin	LSM-5139	NA	10uM	A549	24h	LINCSCP_5358
LINCSCP_57123	-0.2786432506	0.003063022585	111	SMR000068650	LSM-2859	NA	100uM	VCAP	6h	LINCSCP_57123
LINCSCP_5128	0.2786122975	0.003066432173	111	AC1MCK4M	LSM-3199	NA	10uM	A549	6h	LINCSCP_5128
LINCSCP_49218	-0.2786069616	0.003067020283	111	BRD-K11533227	LSM-36781	NA	10uM	PC3	24h	LINCSCP_49218
LINCSCP_11757	-0.2786069144	0.003067025487	111	Tozasertib	LSM-1021	ABL1|AURKA|AURKB|AURKC|BCR|FLT3|JAK2	10uM	BT20	24h	LINCSCP_11757
LINCSCP_87873	0.2785850918	0.003069431783	111	Ruxolitinib	LSM-1139	JAK1|JAK2|TYK2	3.33uM	HA1E	24h	LINCSCP_87873
LINCSCP_37134	0.2783560193	0.003094793417	111	CHEMBL2355513	LSM-39806	NA	0.5uM	MCF7	6h	LINCSCP_37134
LINCSCP_4588	-0.278309886	0.003099923785	111	10-DEBC	LSM-4710	PIM1	20uM	A549	24h	LINCSCP_4588
LINCSCP_22688	-0.2782898507	0.003102154237	111	AMG-9810	LSM-2953	TRPV1	10uM	HEPG2	6h	LINCSCP_22688
LINCSCP_12951	0.2781698488	0.003115543809	111	LY 2183240	LSM-2839	FAAH	10uM	EFO27	6h	LINCSCP_12951
LINCSCP_133127	-0.2781266422	0.00312037742	111	TAE-684	LSM-1024	ALK	10uM	MCF7	3h	LINCSCP_133127
LINCSCP_116970	-0.2780311651	0.003131082562	111	PF-04217903	LSM-1166	MET	0.04uM	HT29	24h	LINCSCP_116970
LINCSCP_9134	0.2779365017	0.003141729055	111	Cucurbitacin-I	LSM-43115	JAK2|STAT3	0.01uM	A549	24h	LINCSCP_9134
LINCSCP_174991	0.2778805043	0.003148042221	111	Isradipine	LSM-1897	CACNA1C|CACNA1D|CACNA1F|CACNA1S|CACNA2D1	1.11uM	YAPC	24h	LINCSCP_174991
LINCSCP_44901	-0.2777714821	0.003160366126	111	Valdecoxib	LSM-5305	PTGS2	100uM	PC3	24h	LINCSCP_44901
LINCSCP_24155	-0.2776556462	0.003173507757	111	13-Hydroxy-8,14,19-trimethoxy-4,10,12,16-tetramethyl-3,20,22-trioxo-2-azabicyclo[16.3.1]docosa-1(21),4,6,10,18-pentaen-9-yl carbamate	LSM-42815	HSP90AA1	0.5uM	HL60	6h	LINCSCP_24155
LINCSCP_172415	0.277525394	0.00318834356	111	Scopolamine	LSM-1684	CHRM1|CHRM2|CHRM3|CHRM4	0.12uM	YAPC	24h	LINCSCP_172415
LINCSCP_14933	-0.2774420105	0.003197873696	111	Triflupromazine	LSM-3421	DRD2|HTR2B	10uM	HA1E	6h	LINCSCP_14933
LINCSCP_171798	-0.2774405995	0.003198035183	111	TAK-715	LSM-1060	MAPK14	10uM	YAPC	24h	LINCSCP_171798
LINCSCP_57936	-0.2773630415	0.003206922874	111	MLS002703099	LSM-2090	NA	10uM	VCAP	24h	LINCSCP_57936
LINCSCP_149557	0.2773387565	0.003209710352	111	TPCA-1	LSM-1136	IKBKB	0.04uM	NPC.TAK	24h	LINCSCP_149557
LINCSCP_79863	-0.2773036093	0.003213748475	111	5-BrdU	LSM-45493	NA	10uM	A375	24h	LINCSCP_79863
LINCSCP_72612	0.2771797083	0.003228020091	111	Levofloxacin	LSM-5270	NA	0.12uM	A375	24h	LINCSCP_72612
LINCSCP_66816	-0.2771359211	0.003233077356	111	Vorinostat	LSM-3828	HDAC1|HDAC2|HDAC3|HDAC6|HDAC8	10uM	HA1E	6h	LINCSCP_66816
LINCSCP_174619	-0.2771185624	0.003235084193	111	IMD-0354	LSM-3667	IKBKB	1.11uM	YAPC	24h	LINCSCP_174619
LINCSCP_11554	-0.2769443429	0.003255287745	111	Niclosamide	LSM-2787	STAT3	10uM	ASC	24h	LINCSCP_11554
LINCSCP_243	-0.27689383	0.003261166696	111	PSB 36	LSM-1748	ADORA1	10uM	A375	24h	LINCSCP_243
LINCSCP_33537	0.2768844982	0.003262253821	111	Omacetaxine Mepesuccinate	LSM-3716	NA	10uM	MCF7	6h	LINCSCP_33537
LINCSCP_85477	0.2768730691	0.003263585713	111	AKT Inhibitor VIII	LSM-1035	AKT1|AKT2	3.33uM	BT20	3h	LINCSCP_85477
LINCSCP_126527	0.2767479673	0.003278196498	111	Enzastaurin	LSM-1069	PRKCB	3.33uM	HT29	24h	LINCSCP_126527
LINCSCP_11095	-0.2767118104	0.003282430237	111	Pilaralisib	LSM-5998	PIK3CA|PIK3CD|PIK3CG	10uM	ASC	24h	LINCSCP_11095
LINCSCP_60054	0.2766919236	0.003284760949	111	BRD-K57758244	LSM-7617	NA	5uM	VCAP	24h	LINCSCP_60054
LINCSCP_236655	-0.2766789647	0.003286280514	111	Tamatinib	LSM-1040	SYK	10uM	MCF7	6h	LINCSCP_236655
LINCSCP_24085	0.2766755994	0.003286675243	111	Crizotinib	LSM-1027	ALK|MET	0.12uM	HEPG2	24h	LINCSCP_24085
LINCSCP_9495	0.2765404128	0.003302566695	111	Omacetaxine Mepesuccinate	LSM-3716	NA	0.5uM	A549	24h	LINCSCP_9495
LINCSCP_61412	-0.2764679615	0.003311111864	111	BRD-K10279767	LSM-9053	NA	5uM	VCAP	24h	LINCSCP_61412
LINCSCP_174895	0.2764221551	0.003316524678	111	Bavisant (dihydrochloride hydrate)	LSM-45666	HRH3	1.11uM	YAPC	24h	LINCSCP_174895
LINCSCP_75780	-0.2764165006	0.003317193406	111	GSK1292263	LSM-45911	NA	10uM	A375	24h	LINCSCP_75780
LINCSCP_240176	-0.2763271448	0.003327777131	111	ZINC06431970	LSM-43103	NA	10uM	MCF7	6h	LINCSCP_240176
LINCSCP_14910	-0.2762611019	0.00333561904	111	Triclosan	LSM-2929	DNMT1	10uM	HA1E	6h	LINCSCP_14910
LINCSCP_174617	-0.2762412213	0.003337982905	111	IMD-0354	LSM-3667	IKBKB	10uM	YAPC	24h	LINCSCP_174617
LINCSCP_100756	-0.2760972737	0.003355143638	111	GSK-J2	LSM-44940	NA	1.11uM	HCC515	24h	LINCSCP_100756
LINCSCP_162344	0.2760638313	0.003359141797	111	RS-127445	LSM-45551	NA	10uM	PC3	24h	LINCSCP_162344
LINCSCP_38217	0.2760385497	0.003362167149	111	SA-243913	LSM-40780	NA	10uM	MCF7	24h	LINCSCP_38217
LINCSCP_30537	-0.2760048547	0.003366203098	111	Isoliquiritigenin	LSM-43093	GABBR1	10uM	MCF7	24h	LINCSCP_30537
LINCSCP_92757	-0.2760041675	0.003366285449	111	Desoxypeganine	LSM-2290	ACHE|MAOA	9.58uM	HA1E	24h	LINCSCP_92757
LINCSCP_34101	0.2759981056	0.003367012015	111	BRD-K91677732	LSM-6166	NA	10uM	MCF7	6h	LINCSCP_34101
LINCSCP_281566	-0.2759867787	0.003368370006	111	Dovitinib	LSM-1127	EGFR|FGFR1|FGFR2|FGFR3|FLT1|FLT3|FLT4|KDR|KIT|PDGFRA|PDGFRB	10uM	PHH	24h	LINCSCP_281566
LINCSCP_126177	0.2758623768	0.003383317076	111	SIN-1, Hydrochloride	LSM-45857	NA	0.04uM	HT29	24h	LINCSCP_126177
LINCSCP_32227	-0.2758455266	0.003385346224	111	ZINC00125569	LSM-4701	NA	10uM	MCF7	24h	LINCSCP_32227
LINCSCP_53765	0.2757451506	0.003397456427	111	3-Chloro-l-alanine	LSM-6205	RPS2	0.5uM	SNUC4	6h	LINCSCP_53765
LINCSCP_53866	0.275466333	0.003431299682	111	Itrazole	LSM-5032	NA	10uM	SNUC5	6h	LINCSCP_53866
LINCSCP_243740	-0.2752769892	0.003454454695	111	SPECTRUM_001028	LSM-2966	ESR1|ESR2	10uM	MCF7	6h	LINCSCP_243740
LINCSCP_159014	0.2752015197	0.003463722943	111	BI-2536	LSM-1041	PLK1	0.04uM	PC3	24h	LINCSCP_159014
LINCSCP_59640	-0.2750301189	0.00348485526	111	BRD-K18000410	LSM-38223	NA	5uM	VCAP	24h	LINCSCP_59640
LINCSCP_9621	0.2750297551	0.003484900244	111	Tretinoin	LSM-42854	RARA|RARB|RARG|RORB	0.001uM	A549	6h	LINCSCP_9621
LINCSCP_51726	-0.2750021864	0.003488310055	111	CG-930	LSM-44952	MAPK8	10uM	SKBR3	6h	LINCSCP_51726
LINCSCP_150865	0.2748808201	0.0035033568	111	C21H27N7O3	LSM-1128	AKT1|AKT2|AKT3|PRKCQ	10uM	PC3	24h	LINCSCP_150865
LINCSCP_45604	-0.2748774687	0.003503773122	111	Triazolothiadiazine, 6	LSM-3276	NA	10uM	PC3	6h	LINCSCP_45604
LINCSCP_167036	-0.2745467487	0.003545075511	111	17-DMAG (Alvespimycin) HCl	LSM-46133	NA	10uM	YAPC	24h	LINCSCP_167036
LINCSCP_14568	0.2745242288	0.003547903762	111	Fluprostenol	LSM-42934	NA	10uM	HA1E	6h	LINCSCP_14568
LINCSCP_57176	-0.2743208197	0.003573541526	111	NSC95397	LSM-3521	NA	10uM	VCAP	6h	LINCSCP_57176
LINCSCP_61164	0.274286028	0.003577943288	111	BRD-K79027750	LSM-13257	NA	5uM	VCAP	6h	LINCSCP_61164
LINCSCP_70232	0.2742815483	0.003578510405	111	Epigalocatechin Gallate	LSM-5661	FASN	0.04uM	A375	24h	LINCSCP_70232
LINCSCP_251404	-0.2741811614	0.003591240207	111	AZD-1152-HQPA	LSM-1067	AURKA|AURKB	1uM	MCF7	24h	LINCSCP_251404
LINCSCP_17787	0.2741720597	0.003592396371	111	FTI276	LSM-4727	FNTA	10uM	HCC15	6h	LINCSCP_17787
LINCSCP_106847	-0.2741702522	0.003592626012	111	3-(4-Pyridyl)indole	LSM-4569	ROCK1	1.11uM	HELA	24h	LINCSCP_106847
LINCSCP_66042	0.2740839564	0.003603605211	111	BRD-K83720640	LSM-41843	NA	0.5uM	VCAP	24h	LINCSCP_66042
LINCSCP_174323	-0.2739971849	0.003614675259	111	Golvatinib (E7050)	LSM-45804	KDR|MET	10uM	YAPC	24h	LINCSCP_174323
LINCSCP_127332	0.2739545312	0.003620128065	111	Apremilast (CC-10004)	LSM-45894	PDE4A|PDE4B|PDE4C|PDE4D	1.11uM	HT29	24h	LINCSCP_127332
LINCSCP_170155	0.2739284073	0.003623471355	111	AC1Q5RFA	LSM-43063	NA	3.33uM	YAPC	24h	LINCSCP_170155
LINCSCP_17648	-0.2737403679	0.003647618135	111	MLS000709026	LSM-43139	RAD51	40uM	HCC15	6h	LINCSCP_17648
LINCSCP_8777	-0.2737094261	0.00365160528	111	BRD-K93157782	LSM-42329	NA	5uM	A549	24h	LINCSCP_8777
LINCSCP_9983	0.2736051097	0.003665076231	111	Sirolimus	LSM-42782	FKBP1A|MTOR	0.12uM	A549	24h	LINCSCP_9983
LINCSCP_55047	-0.2735500375	0.003672205964	111	16,16-Dimethyl prostaglandin e2	LSM-43285	HPGD	10uM	THP1	6h	LINCSCP_55047
LINCSCP_175686	-0.2735113605	0.00367722058	111	CHIR-265	LSM-1207	BRAF|KDR	0.12uM	YAPC	24h	LINCSCP_175686
LINCSCP_88778	-0.2735015267	0.003678496547	111	Entinostat	LSM-4811	HDAC1|HDAC10|HDAC11|HDAC2|HDAC3|HDAC4|HDAC5|HDAC6|HDAC7|HDAC8|HDAC9	10uM	HA1E	24h	LINCSCP_88778
LINCSCP_193019	0.2733889462	0.003693132545	111	SPECTRUM_000281	LSM-4326	NA	10uM	A549	24h	LINCSCP_193019
LINCSCP_6452	0.2733346123	0.003700214866	111	MLS002725680	LSM-2842	NA	10uM	A549	24h	LINCSCP_6452
LINCSCP_44412	-0.2733065532	0.003703877087	111	Tyrphostin B46	LSM-3628	EGFR	10uM	PC3	24h	LINCSCP_44412
LINCSCP_30858	-0.2732808677	0.003707232345	111	Menadione	LSM-3755	NA	10uM	MCF7	6h	LINCSCP_30858
LINCSCP_22031	0.273138225	0.003725915232	111	Acyclovir	LSM-5459	NA	10uM	HEPG2	6h	LINCSCP_22031
LINCSCP_9158	-0.2730832345	0.003733140228	111	SCHEMBL16226502	LSM-43056	HSP90AA1	0.01uM	A549	24h	LINCSCP_9158
LINCSCP_60080	0.2730480288	0.003737772355	111	BRD-K79145797	LSM-43429	NA	5uM	VCAP	24h	LINCSCP_60080
LINCSCP_175569	-0.2729989467	0.003744238859	111	Hexachlorophene	LSM-6032	NA	3.33uM	YAPC	24h	LINCSCP_175569
LINCSCP_25593	-0.272990165	0.003745396884	111	10-DEBC	LSM-4710	PIM1	20uM	HT29	24h	LINCSCP_25593
LINCSCP_147470	-0.2729043336	0.003756732302	111	OSI-930	LSM-1179	FLT1|FLT4|KDR|KIT	10uM	NPC.CAS9	24h	LINCSCP_147470
LINCSCP_65266	0.2728261297	0.003767087134	111	BRD-K34547533	LSM-39160	NA	10uM	VCAP	24h	LINCSCP_65266
LINCSCP_21937	-0.2727967858	0.003770979093	111	CHEMBL1515144	LSM-4023	NA	10uM	HEPG2	6h	LINCSCP_21937
LINCSCP_193762	0.2727749208	0.003773881464	111	BRD-K24894325	LSM-6094	NA	10uM	A549	6h	LINCSCP_193762
LINCSCP_6738	0.272740187	0.003778496146	111	Tubaic acid	LSM-1247	NA	10uM	A549	24h	LINCSCP_6738
LINCSCP_64475	-0.272709579	0.003782566861	111	Radicicol	LSM-43303	NA	20uM	VCAP	24h	LINCSCP_64475
LINCSCP_72791	-0.2726963422	0.003784328525	111	Phenformin	LSM-2233	NA	0.37uM	A375	24h	LINCSCP_72791
LINCSCP_47011	-0.2724428154	0.003818211957	111	WZ 3146	LSM-5809	EGFR	10uM	PC3	6h	LINCSCP_47011
LINCSCP_7236	-0.2723945189	0.003824697443	111	83002-04-4	LSM-1260	CNR1|CNR2|GPR55	10uM	A549	24h	LINCSCP_7236
LINCSCP_59988	0.2723271216	0.00383376436	111	BRD-K05570331	LSM-43359	NA	5uM	VCAP	24h	LINCSCP_59988
LINCSCP_204228	0.2722831617	0.003839688646	111	4H-1-Benzopyran-4-one, 5,6,7-trimethoxy-3-(2-methoxyphenyl)-	LSM-4077	NA	10uM	ASC	24h	LINCSCP_204228
LINCSCP_30445	-0.2722517309	0.003843929465	111	Manumycin-A	LSM-43075	FNTA|IKBKB	10uM	MCF7	24h	LINCSCP_30445
LINCSCP_203905	-0.2722113768	0.003849380413	111	BSPBIO_002280	LSM-1893	NR3C1	10uM	ASC	24h	LINCSCP_203905
LINCSCP_131354	-0.2721780412	0.003853888538	111	Radicicol	LSM-43303	NA	10uM	MCF10A	24h	LINCSCP_131354
LINCSCP_284752	0.2721434597	0.003858570144	111	YC1	LSM-3346	GUCY1A2|HIF1A	10uM	SKB	24h	LINCSCP_284752
LINCSCP_124309	0.2721038138	0.003863943643	111	Amuvatinib	LSM-1118	FLT3|KIT|MET|PDGFRA	1.11uM	HT29	24h	LINCSCP_124309
LINCSCP_15382	0.2720762818	0.003867679192	111	AZD-2014	LSM-5754	MTOR	10uM	HA1E	24h	LINCSCP_15382
LINCSCP_150365	-0.2720513555	0.003871063992	111	BAY 61-3606	LSM-1167	SYK	1.11uM	NPC.TAK	24h	LINCSCP_150365
LINCSCP_11835	-0.2720302932	0.003873926154	111	SCHEMBL3954849	LSM-5982	NA	10uM	BT20	24h	LINCSCP_11835
LINCSCP_33935	-0.2719722392	0.003881824969	111	BRD-K87387614	LSM-42031	NA	10uM	MCF7	24h	LINCSCP_33935
LINCSCP_45611	-0.2719360338	0.003886758354	111	MLS002264468	LSM-3473	NA	10uM	PC3	6h	LINCSCP_45611
LINCSCP_132853	-0.2719115474	0.003890098093	111	13-Hydroxy-8,14,19-trimethoxy-4,10,12,16-tetramethyl-3,20,22-trioxo-2-azabicyclo[16.3.1]docosa-1(21),4,6,10,18-pentaen-9-yl carbamate	LSM-42815	HSP90AA1	1.11uM	MCF7	24h	LINCSCP_132853
LINCSCP_49896	-0.2719083343	0.003890536515	111	BRD-K85123403	LSM-41918	NA	10uM	PHH	24h	LINCSCP_49896
LINCSCP_97523	-0.2718550575	0.003897812631	111	Valrubicin	LSM-45887	TOP2A	10uM	HA1E	24h	LINCSCP_97523
LINCSCP_44952	-0.2718409762	0.003899737773	111	Capsaicin	LSM-43180	TRPV1	100uM	PC3	24h	LINCSCP_44952
LINCSCP_38586	0.2718340173	0.003900689477	111	Broad-Sai-686	LSM-45328	NA	0.04uM	MCF7	24h	LINCSCP_38586
LINCSCP_87249	0.2718274125	0.003901592956	111	SCHEMBL16980224	LSM-1092	AURKA	0.37uM	CD34	24h	LINCSCP_87249
LINCSCP_62013	0.2718108713	0.003903856455	111	BRD-K55341911	LSM-11783	NA	5uM	VCAP	24h	LINCSCP_62013
LINCSCP_105261	0.2717927608	0.003906336052	111	Olaparib	LSM-1145	PARP1|PARP2|PARP3	10uM	HELA	24h	LINCSCP_105261
LINCSCP_536	-0.2717474609	0.003912544459	111	ML9	LSM-3531	NA	10uM	A375	6h	LINCSCP_536
LINCSCP_9494	0.2716789325	0.003921953156	111	Omacetaxine Mepesuccinate	LSM-3716	NA	0.1uM	A549	24h	LINCSCP_9494
LINCSCP_109961	-0.2716124804	0.003931096127	111	Thioguanosine	LSM-5832	NA	1.11uM	HELA	24h	LINCSCP_109961
LINCSCP_74510	0.2714848249	0.003948713503	111	Bemegride	LSM-2325	GABRA1	0.12uM	A375	24h	LINCSCP_74510
LINCSCP_19300	0.2714012886	0.003960280348	111	Gemcitabine	LSM-5333	POLA1|POLD1|POLE|RRM1|RRM2|RRM2B	0.1uM	HCC515	24h	LINCSCP_19300
LINCSCP_73891	-0.271386518	0.003962328709	111	Brivanib	LSM-5421	FGFR1|FGFR2|FGFR3|FGFR4|FLT1|FLT4|KDR	3.33uM	A375	24h	LINCSCP_73891
LINCSCP_84821	0.2713148971	0.003972274435	111	MLN-8054	LSM-1066	AURKA	0.04uM	ASC	24h	LINCSCP_84821
LINCSCP_144909	-0.2712877908	0.003976044409	111	Momelotinib	LSM-1141	JAK1|JAK2	10uM	MDAMB231	24h	LINCSCP_144909
LINCSCP_11858	-0.2710290891	0.004012186493	111	PF-562271	LSM-1072	PTK2|PTK2B	0.5uM	BT20	24h	LINCSCP_11858
LINCSCP_172416	0.2709383951	0.004024926406	111	Scopolamine	LSM-1684	CHRM1|CHRM2|CHRM3|CHRM4	0.04uM	YAPC	24h	LINCSCP_172416
LINCSCP_155427	0.2709223559	0.004027183224	111	GSK-923295	LSM-45692	NA	3.33uM	PC3	24h	LINCSCP_155427
LINCSCP_205638	-0.2709165531	0.004027999993	111	Pimozide	LSM-2001	DRD1|DRD2|DRD3|DRD4|DRD5|HTR2A	10uM	CL34	6h	LINCSCP_205638
LINCSCP_72814	-0.2707353173	0.004053584449	111	Mubritinib (TAK 165)	LSM-45710	ERBB2	1.11uM	A375	24h	LINCSCP_72814
LINCSCP_129418	-0.2706342888	0.004067909369	111	Tivozanib	LSM-1005	FLT1|FLT4|KDR|KIT|PDGFRA|PDGFRB	3.33uM	JURKAT	24h	LINCSCP_129418
LINCSCP_12303	-0.2706280987	0.00406878854	111	PD-0325901	LSM-1101	MAP2K1|MAP2K2	1uM	BT20	6h	LINCSCP_12303
LINCSCP_15835	0.2706022462	0.004072462171	111	MLS001060826	LSM-1858	NA	10uM	HA1E	6h	LINCSCP_15835
LINCSCP_111061	-0.2705892931	0.004074303917	111	Dihydroorotate Dehydrogenase Inhibitor, Brequinar	LSM-45952	NA	10uM	HELA	24h	LINCSCP_111061
LINCSCP_156468	-0.2705732887	0.004076580549	111	Rilpivirine	LSM-45777	NA	10uM	PC3	24h	LINCSCP_156468
LINCSCP_44162	-0.270527363	0.004083119809	111	NNC 05-2090	LSM-3905	SLC6A12	10uM	PC3	6h	LINCSCP_44162
LINCSCP_40352	-0.2704223599	0.004098106248	111	BX-795	LSM-1189	PDK1|PDPK1	10uM	NCIH596	6h	LINCSCP_40352
LINCSCP_15155	-0.2704048253	0.004100613651	111	Trifluoperazine	LSM-4010	DRD2|DRD3|DRD4|HTR2A|HTR2C	10uM	HA1E	6h	LINCSCP_15155
LINCSCP_19268	0.2703424391	0.004109545825	111	3-Chloro-l-alanine	LSM-6205	RPS2	0.5uM	HCC515	24h	LINCSCP_19268
LINCSCP_5468	-0.2703181772	0.004113024246	111	KUC104250	LSM-2034	NA	10uM	A549	6h	LINCSCP_5468
LINCSCP_60030	-0.2703031933	0.004115173778	111	MLS003130128	LSM-7325	NA	5uM	VCAP	24h	LINCSCP_60030
LINCSCP_132580	0.2701207933	0.004141421074	111	SCHEMBL6874948	LSM-5674	LCK	0.04uM	MCF7	24h	LINCSCP_132580
LINCSCP_180739	-0.2701063924	0.004143499724	111	BRD-K04733502	LSM-37529	NA	10uM	A375	6h	LINCSCP_180739
LINCSCP_19225	-0.2700362301	0.004153640418	111	BRD-A43331270-001-01-6	LSM-4436	ADRA1A|CACNA1C	10uM	HCC515	24h	LINCSCP_19225
LINCSCP_35411	-0.2699339416	0.00416846417	111	Broad-Sai-424	LSM-45346	NA	10uM	MCF7	24h	LINCSCP_35411
LINCSCP_31389	0.269800002	0.004187946386	111	BRD-K55216615	LSM-3230	NA	10uM	MCF7	24h	LINCSCP_31389
LINCSCP_156710	0.2697712987	0.004192132024	111	Altanserin	LSM-1987	HTR2A	1.11uM	PC3	24h	LINCSCP_156710
LINCSCP_16385	-0.2697331202	0.004197705151	111	N-(3-Cyano-4,5,6,7-tetrahydro-1-benzothiophen-2-yl)-2-{[3-cyano-6-(thiophen-2-yl)pyridin-2-yl]sulfanyl}acetamide	LSM-4755	NA	10uM	HA1E	6h	LINCSCP_16385
LINCSCP_4827	0.2696991126	0.004202675023	111	TH02453-036-P1	LSM-6273	NA	10uM	A549	6h	LINCSCP_4827
LINCSCP_172784	0.2695631039	0.004222603988	111	Ticagrelor	LSM-45528	NA	3.33uM	YAPC	24h	LINCSCP_172784
LINCSCP_44681	0.2695538819	0.004223958314	111	BSPBIO_001542	LSM-42823	PPP1CA|PPP2CA	10uM	PC3	24h	LINCSCP_44681
LINCSCP_49221	-0.2694100156	0.004245136654	111	Broad-Sai-443	LSM-45300	NA	10uM	PC3	24h	LINCSCP_49221
LINCSCP_7839	0.2693962239	0.004247171894	111	CHEMBL2355150	LSM-39523	NA	10uM	A549	24h	LINCSCP_7839
LINCSCP_13899	-0.2693150241	0.004259172207	111	H89	LSM-42924	PRKACA	10uM	HA1E	6h	LINCSCP_13899
LINCSCP_66814	-0.2692963113	0.004261942026	111	13-Hydroxy-8,14,19-trimethoxy-4,10,12,16-tetramethyl-3,20,22-trioxo-2-azabicyclo[16.3.1]docosa-1(21),4,6,10,18-pentaen-9-yl carbamate	LSM-42815	HSP90AA1	10uM	HA1E	6h	LINCSCP_66814
LINCSCP_68475	-0.2692318612	0.004271494083	111	Sirolimus	LSM-42783	FKBP1A|MTOR	10uM	VCAP	6h	LINCSCP_68475
LINCSCP_159658	0.2691748737	0.004279956058	111	Cediranib	LSM-5926	FLT1|FLT4|KDR|KIT|PDGFRA|PDGFRB	1.11uM	PC3	24h	LINCSCP_159658
LINCSCP_152514	0.2691272476	0.004287039459	111	BCPP000194	LSM-1188	NA	0.04uM	PC3	24h	LINCSCP_152514
LINCSCP_68941	-0.2691203197	0.00428807072	111	13-Hydroxy-8,14,19-trimethoxy-4,10,12,16-tetramethyl-3,20,22-trioxo-2-azabicyclo[16.3.1]docosa-1(21),4,6,10,18-pentaen-9-yl carbamate	LSM-42815	HSP90AA1	10uM	VCAP	6h	LINCSCP_68941
LINCSCP_54413	-0.2690274297	0.004301919363	111	Rolipram	LSM-1471	PDE4A|PDE4B|PDE4C|PDE4D	10uM	SW948	6h	LINCSCP_54413
LINCSCP_130763	-0.2689178201	0.004318312097	111	Momelotinib	LSM-1141	JAK1|JAK2	10uM	MCF10A	24h	LINCSCP_130763
LINCSCP_65449	0.2688959221	0.004321593752	111	BRD-K35701136	LSM-39224	NA	10uM	VCAP	6h	LINCSCP_65449
LINCSCP_13216	-0.2687393618	0.004345121043	111	Cardamomin	LSM-44652	NA	10uM	FIBRNPC	24h	LINCSCP_13216
LINCSCP_172760	0.2686906102	0.004352470607	111	Picotamide	LSM-3497	TBXA2R	3.33uM	YAPC	24h	LINCSCP_172760
LINCSCP_120293	0.268622296	0.004362788007	111	MK-5108	LSM-36812	AURKA|AURKB	10uM	HT29	24h	LINCSCP_120293
LINCSCP_16543	-0.2686203208	0.00436308665	111	BRD-K80786583-001-01-5	LSM-41674	NA	10uM	HA1E	6h	LINCSCP_16543
LINCSCP_68441	-0.2685529275	0.00437328702	111	Sirolimus	LSM-42783	FKBP1A|MTOR	10uM	VCAP	6h	LINCSCP_68441
LINCSCP_45981	0.2684315896	0.004391705976	111	H0635_SIGMA	LSM-5010	NA	10uM	PC3	6h	LINCSCP_45981
LINCSCP_20153	0.2684185881	0.004393683686	111	BRD-K75128590-001-01-8	LSM-6152	NA	10uM	HCC515	6h	LINCSCP_20153
LINCSCP_259474	0.2684156153	0.004394136013	111	6-Nitro dopamine	LSM-36976	NA	10uM	NEU	24h	LINCSCP_259474
LINCSCP_273588	-0.2683643922	0.004401936256	111	Morin	LSM-36988	NA	5uM	PC3	24h	LINCSCP_273588
LINCSCP_42471	-0.2682799786	0.004414817774	111	856437-59-7	LSM-4751	NA	10uM	NPC	24h	LINCSCP_42471
LINCSCP_72766	-0.2680040701	0.004457156724	111	BECLOMETHASONE DIPROPIONATE	LSM-45855	NA	1.11uM	A375	24h	LINCSCP_72766
LINCSCP_48666	-0.2679430498	0.004466569326	111	BRD-K48475203	LSM-39961	NA	10uM	PC3	6h	LINCSCP_48666
LINCSCP_17607	0.267855152	0.004480159074	111	SMR000390896	LSM-1958	NA	10uM	HCC15	6h	LINCSCP_17607
LINCSCP_173591	-0.2678048833	0.004487947653	111	Miconazole	LSM-5165	NA	10uM	YAPC	24h	LINCSCP_173591
LINCSCP_20922	-0.2677685571	0.004493583515	111	Curcumin	LSM-43083	PTGS1|PTGS2	0.41uM	HCC515	24h	LINCSCP_20922
LINCSCP_5184	0.2676899998	0.004505792985	111	CHEMBL1398049	LSM-4144	NA	10uM	A549	6h	LINCSCP_5184
LINCSCP_78077	0.2676774048	0.00450775328	111	Podofilox	LSM-3055	NA	3.33uM	A375	24h	LINCSCP_78077
LINCSCP_54983	-0.2676766254	0.004507874605	111	BI-2536	LSM-1041	PLK1	10uM	THP1	6h	LINCSCP_54983
LINCSCP_294813	0.2675737274	0.004523918602	111	PLX-4720	LSM-1049	BRAF	10uM	VCAP	24h	LINCSCP_294813
LINCSCP_33619	-0.2674910006	0.00453685444	111	INCA-6	LSM-2729	NFATC1	10uM	MCF7	24h	LINCSCP_33619
LINCSCP_123709	0.2674442994	0.004544171603	111	Ibutamoren (Mesylate)	LSM-45605	NA	3.33uM	HT29	24h	LINCSCP_123709
LINCSCP_12713	-0.2674335222	0.004545861681	111	PP-30	LSM-6238	RAF1	10uM	COV644	6h	LINCSCP_12713
LINCSCP_128840	-0.2674222797	0.004547625318	111	Entinostat	LSM-4811	HDAC1|HDAC10|HDAC11|HDAC2|HDAC3|HDAC4|HDAC5|HDAC6|HDAC7|HDAC8|HDAC9	0.04uM	HUVEC	24h	LINCSCP_128840
LINCSCP_6357	0.2674186771	0.004548190588	111	VX-702	LSM-5252	MAPK14	10uM	A549	24h	LINCSCP_6357
LINCSCP_83530	0.2674023786	0.004550748745	111	Pracinostat	LSM-43290	NA	0.12uM	ASC.C	24h	LINCSCP_83530
LINCSCP_165848	0.2672518629	0.004574433979	111	CX-5461	LSM-6342	NA	0.12uM	SKL	24h	LINCSCP_165848
LINCSCP_5068	-0.2672025868	0.004582211983	111	CHEMBL241271	LSM-1916	NA	10uM	A549	6h	LINCSCP_5068
LINCSCP_152447	0.2670827495	0.004601177046	111	SGX-523	LSM-1123	MET	0.12uM	PC3	24h	LINCSCP_152447
LINCSCP_22193	0.2670190907	0.004611279966	111	MLS002703076	LSM-2886	NA	10uM	HEPG2	6h	LINCSCP_22193
LINCSCP_158858	0.2670004089	0.004614248609	111	AC1NWAPU	LSM-1690	NR3C1	0.04uM	PC3	24h	LINCSCP_158858
LINCSCP_167551	-0.266978446	0.004617740812	111	Bardoxolone Methyl	LSM-45471	IKBKB|KEAP1|NFE2L2|PPARG	0.04uM	YAPC	24h	LINCSCP_167551
LINCSCP_269612	0.2669598947	0.004620692392	111	SKF-83566	LSM-1623	NA	10uM	PC3	24h	LINCSCP_269612
LINCSCP_52958	-0.2669579779	0.004620997455	111	BRD-A69951442-001-01-3	LSM-4466	NR3C1	10uM	SKLU1	6h	LINCSCP_52958
LINCSCP_6453	0.2668894495	0.004631915838	111	Tyrphostin AG 126	LSM-5752	NA	10uM	A549	24h	LINCSCP_6453
LINCSCP_81889	-0.2668125733	0.004644191666	111	COT Inhibitor-2	LSM-1154	NA	10uM	A549	24h	LINCSCP_81889
LINCSCP_13958	-0.2667455553	0.004654916991	111	Mevastatin	LSM-4123	HMGCR	10uM	HA1E	6h	LINCSCP_13958
LINCSCP_243523	0.2667024618	0.004661825209	111	Zoxazolamine	LSM-3476	NA	10uM	MCF7	24h	LINCSCP_243523
LINCSCP_66531	-0.2666593657	0.004668742988	111	13-Hydroxy-8,14,19-trimethoxy-4,10,12,16-tetramethyl-3,20,22-trioxo-2-azabicyclo[16.3.1]docosa-1(21),4,6,10,18-pentaen-9-yl carbamate	LSM-42815	HSP90AA1	10uM	A549	6h	LINCSCP_66531
LINCSCP_4155	0.2665601874	0.004684697898	111	BSPBIO_001542	LSM-42823	PPP1CA|PPP2CA	10uM	A549	24h	LINCSCP_4155
LINCSCP_42621	-0.2665458296	0.004687011689	111	Vitinoin	LSM-2135	RARA|RARB|RARG|RORB	10uM	NPC	24h	LINCSCP_42621
LINCSCP_255038	0.2664760261	0.004698275166	111	Estriol	LSM-2368	ESR1|ESR2	0.37uM	MCF7	24h	LINCSCP_255038
LINCSCP_33024	-0.2664721986	0.00469889348	111	Falnidamol	LSM-3584	EGFR	10uM	MCF7	6h	LINCSCP_33024
LINCSCP_10211	0.2664225874	0.00470691436	111	Temozolomide	LSM-4590	MGMT	0.001uM	A549	6h	LINCSCP_10211
LINCSCP_85248	-0.2663630388	0.004716558021	111	Foretinib	LSM-1158	FLT1|FLT3|FLT4|KDR|KIT|MET|PDGFRA|PDGFRB|TEK	10uM	BT20	24h	LINCSCP_85248
LINCSCP_303868	-0.2662882648	0.004728692347	111	BRD-K82768800	LSM-13483	NA	5uM	VCAP	6h	LINCSCP_303868
LINCSCP_168830	-0.2662267478	0.004738696195	111	Niclosamide	LSM-2787	STAT3	3.33uM	YAPC	24h	LINCSCP_168830
LINCSCP_253060	0.2662039325	0.004742411218	111	BRD-K24621485	LSM-9922	NA	1uM	MCF7	24h	LINCSCP_253060
LINCSCP_168972	-0.2661269957	0.004754957979	111	Pyridostigmine	LSM-5770	ACHE	10uM	YAPC	24h	LINCSCP_168972
LINCSCP_53046	-0.266060439	0.004765835872	111	N9-Isopropylolomoucine	LSM-3607	CDK1|CDK5	100uM	SKLU1	6h	LINCSCP_53046
LINCSCP_158826	0.2659628332	0.00478182853	111	AVN-944	LSM-45510	NA	0.37uM	PC3	24h	LINCSCP_158826
LINCSCP_152379	0.2659350318	0.004786392535	111	844499-71-4	LSM-1175	NA	1.11uM	PC3	24h	LINCSCP_152379
LINCSCP_7707	0.265771401	0.004813333733	111	AC1L1JM9	LSM-2056	NA	10uM	A549	6h	LINCSCP_7707
LINCSCP_4730	-0.2657636572	0.004814612076	111	Tamatinib	LSM-1040	SYK	10uM	A549	6h	LINCSCP_4730
LINCSCP_278844	-0.2657606403	0.004815110182	111	BRD-K48508383	LSM-39964	NA	10uM	PC3	24h	LINCSCP_278844
LINCSCP_4462	0.2656999682	0.004825137257	111	Chaetocin	LSM-6198	SUV39H1	0.1uM	A549	24h	LINCSCP_4462
LINCSCP_131351	-0.2656925524	0.004826364123	111	AT-7519	LSM-1004	CDK1|CDK10|CDK11B|CDK12|CDK13|CDK14|CDK15|CDK16|CDK17|CDK18|CDK19|CDK2|CDK20|CDK3|CDK4|CDK5|CDK6|CDK7|CDK8|CDK9	0.37uM	MCF10A	24h	LINCSCP_131351
LINCSCP_173115	0.2655614143	0.004848105473	111	LY2940680	LSM-45539	SMO	0.12uM	YAPC	24h	LINCSCP_173115
LINCSCP_16584	-0.2655469212	0.004850513634	111	ITK Inhibitor	LSM-1043	ITK	10uM	HA1E	6h	LINCSCP_16584
LINCSCP_16760	-0.2654423945	0.004867913342	111	XMD-1185H	LSM-42731	NA	10uM	HA1E	6h	LINCSCP_16760
LINCSCP_156674	0.2653175886	0.004888761679	111	Colchicine	LSM-5199	TUBA1A|TUBA1B|TUBA1C|TUBA3E|TUBA4A|TUBB|TUBB1|TUBB2A|TUBB2B|TUBB3|TUBB4A|TUBB4B|TUBB6|TUBB8	1.11uM	PC3	24h	LINCSCP_156674
LINCSCP_18441	0.2653080278	0.004890362055	111	Cephaeline	LSM-3808	NA	10uM	HCC515	6h	LINCSCP_18441
LINCSCP_18256	0.2653002407	0.004891665874	111	EO 1428	LSM-1228	MAPK11|MAPK14	10uM	HCC515	24h	LINCSCP_18256
LINCSCP_5618	0.2652719793	0.004896400383	111	H0635_SIGMA	LSM-5010	NA	10uM	A549	6h	LINCSCP_5618
LINCSCP_9688	0.2652671389	0.004897211678	111	3-Chloro-l-alanine	LSM-6205	RPS2	10uM	A549	24h	LINCSCP_9688
LINCSCP_310184	-0.2652521623	0.004899722674	111	BRD-K77987635	LSM-41524	NA	30uM	VCAP	6h	LINCSCP_310184
LINCSCP_67421	-0.2652319235	0.004903117766	111	Radicicol	LSM-43303	NA	5uM	MCF7	6h	LINCSCP_67421
LINCSCP_34388	0.2652182268	0.004905416578	111	Meclofenamic acid	LSM-3108	ALOX5|PTGS1|PTGS2	10uM	MCF7	6h	LINCSCP_34388
LINCSCP_37644	0.2652044884	0.004907723384	111	Nocodazole	LSM-2260	NA	10uM	MCF7	24h	LINCSCP_37644
LINCSCP_128761	0.2651660259	0.004914186706	111	ABT737	LSM-1180	BCL2|BCL2L1|BCL2L2	0.12uM	HUVEC	24h	LINCSCP_128761
LINCSCP_108824	-0.2651258093	0.004920952908	111	BAY 87-2243	LSM-45786	NA	0.37uM	HELA	24h	LINCSCP_108824
LINCSCP_147823	-0.2651195825	0.00492200127	111	Ricolinostat	LSM-6324	NA	10uM	NPC.CAS9	24h	LINCSCP_147823
LINCSCP_128217	0.2650860619	0.00492764834	111	BRD-A25736793	LSM-43054	MTOR	0.04uM	HUES3	24h	LINCSCP_128217
LINCSCP_164810	0.2650472392	0.004934195847	111	Resveratrol	LSM-42917	PTGS1|PTGS2|SIRT1	1.11uM	SKL.C	24h	LINCSCP_164810
LINCSCP_271939	-0.2650365581	0.004935998583	111	Acebutolol	LSM-4384	ADRB1	10uM	PC3	24h	LINCSCP_271939
LINCSCP_13854	-0.264995343	0.004942960329	111	Talniflumate	LSM-1960	CLCA1	10uM	HA1E	6h	LINCSCP_13854
LINCSCP_268159	-0.2649915573	0.004943600228	111	CHEMBL3186688	LSM-3014	NA	10uM	PC3	24h	LINCSCP_268159
LINCSCP_99931	-0.2649441226	0.004951624292	111	Radicicol	LSM-43303	NA	3.33uM	HCC515	24h	LINCSCP_99931
LINCSCP_107971	0.264932588	0.004953577253	111	ETHYLENEDIAMINE TETRACETATE TETRA-ETHANOLAMINE	LSM-45734	NA	1.11uM	HELA	24h	LINCSCP_107971
LINCSCP_281394	-0.2649298927	0.004954033702	111	BRD-A80960055-001-01-7	LSM-5162	NA	10uM	PHH	24h	LINCSCP_281394
LINCSCP_31632	-0.2648602225	0.004965845326	111	MLS001065865	LSM-3388	NA	10uM	MCF7	24h	LINCSCP_31632
LINCSCP_8528	0.2648155205	0.004973437164	111	BRD-K58660339	LSM-11970	NA	5uM	A549	24h	LINCSCP_8528
LINCSCP_164885	0.2647827633	0.004979006954	111	VE-821	LSM-36358	NA	0.04uM	SKL.C	24h	LINCSCP_164885
LINCSCP_148183	-0.2647457701	0.004985303676	111	Chelerythrine	LSM-1187	NA	1.11uM	NPC.CAS9	24h	LINCSCP_148183
LINCSCP_126154	-0.2646874328	0.004995247906	111	Valrubicin	LSM-45887	TOP2A	10uM	HT29	24h	LINCSCP_126154
LINCSCP_78080	0.2646210928	0.005006577749	111	Podofilox	LSM-3055	NA	0.12uM	A375	24h	LINCSCP_78080
LINCSCP_78076	0.2645205223	0.005023797351	111	Podofilox	LSM-3055	NA	10uM	A375	24h	LINCSCP_78076
LINCSCP_170379	0.2645005414	0.005027224735	111	BRD-K00150267	LSM-45400	NA	0.37uM	YAPC	24h	LINCSCP_170379
LINCSCP_43393	0.2644609844	0.005034016243	111	6-Formylindolo[3,2-b]carbazole	LSM-5198	NA	10uM	NPC	24h	LINCSCP_43393
LINCSCP_5292	-0.2644581858	0.005034497031	111	MLS002264468	LSM-3473	NA	10uM	A549	6h	LINCSCP_5292
LINCSCP_81134	0.2644374194	0.005038065972	111	C21H27N7O3	LSM-1128	AKT1|AKT2|AKT3|PRKCQ	0.12uM	A549	24h	LINCSCP_81134
LINCSCP_48081	-0.2643975	0.005044932904	111	Morin	LSM-36988	NA	10uM	PC3	24h	LINCSCP_48081
LINCSCP_107854	0.264363723	0.005050749731	111	Desmopressin	LSM-46024	NA	0.04uM	HELA	24h	LINCSCP_107854
LINCSCP_37085	0.264220375	0.005075502689	111	SA-1939007	LSM-38222	NA	3uM	MCF7	6h	LINCSCP_37085
LINCSCP_111474	0.2641269294	0.005091696791	111	Erlotinib	LSM-1097	EGFR	0.04uM	HEPG2	24h	LINCSCP_111474
LINCSCP_155619	-0.2641020174	0.005096021807	111	Brivanib	LSM-5421	FGFR1|FGFR2|FGFR3|FGFR4|FLT1|FLT4|KDR	3.33uM	PC3	24h	LINCSCP_155619
LINCSCP_66797	-0.2640669616	0.005102113452	111	Trichostatin A, Streptomyces Sp.	LSM-42814	HDAC1|HDAC10|HDAC3|HDAC4|HDAC6|HDAC7|HDAC8	10uM	HA1E	6h	LINCSCP_66797
LINCSCP_115466	0.2640278018	0.005108925917	111	GW843682X	LSM-1014	PLK1|PLK3	1.11uM	HS578T	24h	LINCSCP_115466
LINCSCP_15235	0.2640203041	0.005110231178	111	BMS-299897	LSM-6207	NA	10uM	HA1E	24h	LINCSCP_15235
LINCSCP_88224	0.2640199157	0.005110298807	111	TORIN1	LSM-1079	MTOR	3.33uM	HA1E	24h	LINCSCP_88224
LINCSCP_62870	-0.263998644	0.005114003642	111	BRD-K25164076	LSM-9959	NA	5uM	VCAP	24h	LINCSCP_62870
LINCSCP_51556	-0.2639721208	0.005118626469	111	Seliciclib	LSM-1001	CDK1|CDK2|CDK5|CDK7|CDK9	10uM	SKBR3	6h	LINCSCP_51556
LINCSCP_15395	0.2638460232	0.005140655461	111	AZD-8055	LSM-1007	MTOR	10uM	HA1E	24h	LINCSCP_15395
LINCSCP_148752	0.2637209184	0.005162594456	111	Veliparib	LSM-1146	PARP1|PARP2	0.04uM	NPC	24h	LINCSCP_148752
LINCSCP_93955	0.2636907127	0.005167903968	111	PENICILLIN V POTASSIUM	LSM-45657	NA	3.33uM	HA1E	24h	LINCSCP_93955
LINCSCP_4296	-0.2636621283	0.005172932974	111	Methylpromazine	LSM-1599	HRH1	10uM	A549	6h	LINCSCP_4296
LINCSCP_51090	-0.2636149537	0.005181242192	111	Promazine	LSM-2137	CHRM5|DRD2|DRD3|DRD4|HTR2A	10uM	RMUGS	6h	LINCSCP_51090
LINCSCP_32066	-0.2635741905	0.005188431696	111	MLS000534605	LSM-4827	NA	10uM	MCF7	6h	LINCSCP_32066
LINCSCP_1060	0.2635492171	0.005192840692	111	Fatostatin	LSM-6295	SREBF1|SREBF2	10uM	A375	6h	LINCSCP_1060
LINCSCP_78659	-0.263537931	0.005194834326	111	BAY 87-2243	LSM-45786	NA	3.33uM	A375	24h	LINCSCP_78659
LINCSCP_285033	0.2635191688	0.005198150094	111	Clonidine	LSM-4223	ADRA2A|ADRA2B|ADRA2C	10uM	SKB	24h	LINCSCP_285033
LINCSCP_39212	-0.263499674	0.005201597322	111	Dasatinib	LSM-1020	ABL1|BCR|BLK|EPHA2|FGR|FRK|FYN|HCK|KIT|LCK|LYN|PDGFRB|SRC|SRMS|YES1	0.5uM	MDAMB231	6h	LINCSCP_39212
LINCSCP_43728	0.2634913801	0.005203064526	111	LE-135	LSM-2127	RARB	20uM	OV7	6h	LINCSCP_43728
LINCSCP_236132	0.2634794438	0.005205176744	111	Dihomo-Gamma-Linolenic acid	LSM-42904	PTGS1	10uM	MCF7	24h	LINCSCP_236132
LINCSCP_18744	-0.2634557203	0.005209377033	111	Thiothixene	LSM-43048	HTR2A	10uM	HCC515	6h	LINCSCP_18744
LINCSCP_45281	0.2633767604	0.005223378832	111	Emetine	LSM-2041	RPS2	10uM	PC3	24h	LINCSCP_45281
LINCSCP_124184	0.2633577025	0.005226763351	111	dexamethasone	LSM-5512	NR3C1	0.37uM	HT29	24h	LINCSCP_124184
LINCSCP_157829	-0.2633426572	0.005229436638	111	Epirubicin HCl	LSM-45684	NA	3.33uM	PC3	24h	LINCSCP_157829
LINCSCP_44673	0.2632387173	0.005247938292	111	Leu-Enkephalin	LSM-1461	OPRD1|OPRM1	10uM	PC3	24h	LINCSCP_44673
LINCSCP_23575	0.2631957875	0.005255596944	111	Emetine	LSM-2041	RPS2	3uM	HEPG2	6h	LINCSCP_23575
LINCSCP_167549	-0.2631273619	0.005267824604	111	Bardoxolone Methyl	LSM-45471	IKBKB|KEAP1|NFE2L2|PPARG	0.37uM	YAPC	24h	LINCSCP_167549
LINCSCP_52668	0.2631158714	0.005269880448	111	Cyclacillin	LSM-3987	NA	10uM	SKB	24h	LINCSCP_52668
LINCSCP_273274	-0.2631046559	0.005271887778	111	NCGC00183099-01	LSM-5321	PGR	10uM	PC3	24h	LINCSCP_273274
LINCSCP_203076	-0.2630866907	0.005275104573	111	PRL-3InhibitorI	LSM-43277	PTP4A3	40uM	AGS	6h	LINCSCP_203076
LINCSCP_63524	0.2630103944	0.005288785423	111	BRD-K75416754	LSM-13045	NA	5uM	VCAP	24h	LINCSCP_63524
LINCSCP_221678	0.2629032225	0.005308056022	111	E319	LSM-36677	NA	1uM	HEPG2	6h	LINCSCP_221678
LINCSCP_67776	-0.2628602284	0.005315804348	111	Trichostatin A, Streptomyces Sp.	LSM-42814	HDAC1|HDAC10|HDAC3|HDAC4|HDAC6|HDAC7|HDAC8	0.5uM	NPC	24h	LINCSCP_67776
LINCSCP_22795	-0.2628093737	0.005324982323	111	Nimesulide	LSM-3718	LTF|PTGS2	10uM	HEPG2	6h	LINCSCP_22795
LINCSCP_19864	0.2628055216	0.0053256781	111	Rifapentine	LSM-46028	CYP2C8|CYP2C9|CYP3A4	10uM	HCC515	6h	LINCSCP_19864
LINCSCP_68295	-0.2627830456	0.005329739406	111	13-Hydroxy-8,14,19-trimethoxy-4,10,12,16-tetramethyl-3,20,22-trioxo-2-azabicyclo[16.3.1]docosa-1(21),4,6,10,18-pentaen-9-yl carbamate	LSM-42815	HSP90AA1	10uM	VCAP	6h	LINCSCP_68295
LINCSCP_165242	0.2627799174	0.005330304884	111	Olaparib	LSM-1145	PARP1|PARP2|PARP3	1.11uM	SKL.C	24h	LINCSCP_165242
LINCSCP_61357	-0.2627602386	0.005333863347	111	BRD-K59000636	LSM-11994	NA	5uM	VCAP	6h	LINCSCP_61357
LINCSCP_172789	0.2627296295	0.005339402521	111	Proglumide	LSM-4439	CCKAR|CCKBR	10uM	YAPC	24h	LINCSCP_172789
LINCSCP_15910	-0.262610522	0.005361005558	111	Salmeterol	LSM-1240	ADRB2	10uM	HA1E	6h	LINCSCP_15910
LINCSCP_204181	0.2625934993	0.005364099403	111	Nicergoline	LSM-3720	ADRA1A	10uM	ASC	24h	LINCSCP_204181
LINCSCP_282091	-0.2625200652	0.00537746407	111	Oxindole I	LSM-42977	KDR	10uM	PHH	24h	LINCSCP_282091
LINCSCP_64815	-0.2624692108	0.00538673673	111	BRD-K89390280	LSM-15064	NA	10uM	VCAP	6h	LINCSCP_64815
LINCSCP_164368	-0.2623700959	0.005404849968	111	Pazopanib	LSM-1114	CSF1R|FGFR1|FGFR3|FLT1|FLT4|ITK|KDR|KIT|LCK|PDGFRA|PDGFRB	10uM	SKL.C	24h	LINCSCP_164368
LINCSCP_85823	0.2623170583	0.005414564839	111	Sorafenib	LSM-1008	BRAF|DDR2|FGFR1|FLT1|FLT3|FLT4|KDR|KIT|PDGFRB|RAF1|RET	0.04uM	BT20	24h	LINCSCP_85823
LINCSCP_104249	-0.2622587168	0.005425269191	111	MBX-2982	LSM-45394	NA	10uM	HELA	24h	LINCSCP_104249
LINCSCP_9496	0.2621957642	0.005436840695	111	Omacetaxine Mepesuccinate	LSM-3716	NA	3uM	A549	24h	LINCSCP_9496
LINCSCP_120899	-0.2621769803	0.005440297666	111	Zuclomiphene	LSM-42849	ESR1	10uM	HT29	24h	LINCSCP_120899
LINCSCP_88779	-0.2620524338	0.005463268664	111	Entinostat	LSM-4811	HDAC1|HDAC10|HDAC11|HDAC2|HDAC3|HDAC4|HDAC5|HDAC6|HDAC7|HDAC8|HDAC9	3.33uM	HA1E	24h	LINCSCP_88779
LINCSCP_52745	-0.2620382494	0.005465890273	111	CHEMBL73824	LSM-2649	SIGMAR1	10uM	SKB	24h	LINCSCP_52745
LINCSCP_97893	0.2620339663	0.005466682092	111	Sildenafil	LSM-3797	PDE5A	0.04uM	HA1E	24h	LINCSCP_97893
LINCSCP_284713	0.2619974959	0.005473428672	111	Levomepromazine	LSM-2778	DRD2|DRD3|DRD4	10uM	SKB	24h	LINCSCP_284713
LINCSCP_155779	0.2619663597	0.005479194343	111	Mozavaptan	LSM-45912	NA	0.04uM	PC3	24h	LINCSCP_155779
LINCSCP_186503	-0.2619447018	0.005483208056	111	SA-424828	LSM-14695	NA	10uM	A375	24h	LINCSCP_186503
LINCSCP_51659	-0.2618912536	0.005493124434	111	Vemurafenib	LSM-1068	BRAF	1uM	SKBR3	6h	LINCSCP_51659
LINCSCP_93464	0.261730524	0.00552304125	111	JNJ-38877605	LSM-1157	MET	10uM	HA1E	24h	LINCSCP_93464
LINCSCP_26976	-0.2616973937	0.005529225832	111	Mibefradil	LSM-2192	CACNA1C|CACNA1G|CACNA1H|CACNA1I	10uM	HT29	6h	LINCSCP_26976
LINCSCP_143218	0.2616913646	0.005530351977	111	CEPHARANTHINE	LSM-45918	NA	0.04uM	MCF7	24h	LINCSCP_143218
LINCSCP_16776	0.2615766785	0.005551812448	111	MLS000662068	LSM-4843	NA	10uM	HA1E	6h	LINCSCP_16776
LINCSCP_10563	-0.26157641	0.005551862774	111	NVP-AUY922	LSM-1162	HSP90AA1|HSP90AB1	10uM	AGS	6h	LINCSCP_10563
LINCSCP_5037	-0.2615368781	0.005559277346	111	Amiloride	LSM-4194	ASIC1|ASIC2|SCNN1A|SCNN1B|SCNN1G	10uM	A549	24h	LINCSCP_5037
LINCSCP_10568	-0.2615100672	0.005564310995	111	MLS003448149	LSM-3003	NA	10uM	AGS	6h	LINCSCP_10568
LINCSCP_41256	0.2614999659	0.005566208524	111	SCHEMBL11413072	LSM-36846	NA	10uM	NEU	6h	LINCSCP_41256
LINCSCP_53896	0.2614673023	0.005572348332	111	FGIN1-27	LSM-2201	TSPO	10uM	SNUC5	6h	LINCSCP_53896
LINCSCP_35886	0.2614195892	0.005581327827	111	Sirolimus	LSM-42783	FKBP1A|MTOR	0.01uM	MCF7	24h	LINCSCP_35886
LINCSCP_25980	-0.2614102035	0.005583095719	111	MLS001065868	LSM-4020	NA	10uM	HT29	24h	LINCSCP_25980
LINCSCP_34819	0.2613405744	0.005596226568	111	BRD-K66866904	LSM-14899	NA	5uM	MCF7	24h	LINCSCP_34819
LINCSCP_312588	0.2613100695	0.005601987914	111	BRD-K93845141	LSM-42372	NA	10uM	VCAP	24h	LINCSCP_312588
LINCSCP_229	0.2612332177	0.005616526047	111	PRESTWICK3_000685	LSM-1674	NA	10uM	A375	24h	LINCSCP_229
LINCSCP_37167	0.2612274243	0.005617623337	111	SA-1473405	LSM-40861	NA	1uM	MCF7	6h	LINCSCP_37167
LINCSCP_5070	0.2611850669	0.005625651866	111	BRD-A97035593	LSM-1947	XIAP	10uM	A549	6h	LINCSCP_5070
LINCSCP_11123	-0.2611647619	0.005629504152	111	Suloctidil	LSM-1469	NA	10uM	ASC	24h	LINCSCP_11123
LINCSCP_47384	-0.2611584299	0.00563070593	111	JNJ-38877605	LSM-1157	MET	10uM	PC3	6h	LINCSCP_47384
LINCSCP_48170	-0.2611188873	0.005638216147	111	BRD-K95419055	LSM-42443	NA	5uM	PC3	24h	LINCSCP_48170
LINCSCP_47375	0.2610869622	0.005644286071	111	Ascorbic-acid	LSM-5152	SLC23A1	10uM	PC3	6h	LINCSCP_47375
LINCSCP_33432	0.2610426157	0.005652727355	111	AC1NWALX	LSM-1410	RPS2	10uM	MCF7	6h	LINCSCP_33432
LINCSCP_310038	-0.2610303085	0.005655071992	111	AC1O9B13	LSM-36694	NA	10uM	VCAP	24h	LINCSCP_310038
LINCSCP_65915	-0.2610109899	0.005658754124	111	BRD-K07581216	LSM-6957	NA	3uM	VCAP	24h	LINCSCP_65915
LINCSCP_151264	-0.2609440236	0.005671534422	111	BMS-387032	LSM-1132	CDK2|CDK7|CDK9	0.37uM	PC3	24h	LINCSCP_151264
LINCSCP_133883	-0.2609064207	0.005678722047	111	UNC0638	LSM-6325	NA	10uM	MCF7	24h	LINCSCP_133883
LINCSCP_15337	0.2608944116	0.005681019247	111	GSK-319347A	LSM-1216	IKBKG	5uM	HA1E	24h	LINCSCP_15337
LINCSCP_269157	-0.2608796052	0.005683852665	111	CHEMBL1472453	LSM-2683	NA	10uM	PC3	24h	LINCSCP_269157
LINCSCP_120438	-0.260851702	0.005689195773	111	AC1MJ3VH	LSM-1731	TOP2A	3.33uM	HT29	24h	LINCSCP_120438
LINCSCP_266800	0.2607899917	0.005701028389	111	Dubinidine	LSM-1971	NA	10uM	PC3	24h	LINCSCP_266800
LINCSCP_14929	-0.2607888058	0.005701255987	111	Chlorprothixene	LSM-42990	DRD2|DRD3|HTR2A|HTR2C	10uM	HA1E	6h	LINCSCP_14929
LINCSCP_50261	0.2606860509	0.005721007942	111	MEGXM0_000203	LSM-36622	NA	3uM	PHH	24h	LINCSCP_50261
LINCSCP_4620	0.2606807696	0.005722024765	111	RG 108	LSM-6283	DNMT1	80uM	A549	24h	LINCSCP_4620
LINCSCP_13931	-0.260679322	0.005722303516	111	Purmorphamine	LSM-3649	SMO	10uM	HA1E	6h	LINCSCP_13931
LINCSCP_214519	0.2606541789	0.005727146848	111	SB 221284	LSM-2316	HTR2B|HTR2C	10uM	HCC515	6h	LINCSCP_214519
LINCSCP_103296	-0.2606171229	0.005734291631	111	Temsirolimus (CCI-779, NSC 683864)	LSM-45994	MTOR	10uM	HELA	24h	LINCSCP_103296
LINCSCP_172778	0.2605503594	0.005747184326	111	Zolpidem	LSM-5560	GABRA1|GABRA2|GABRA3|GABRB1|GABRG2	3.33uM	YAPC	24h	LINCSCP_172778
LINCSCP_115627	0.2605286049	0.0057513909	111	PI-103	LSM-1126	MTOR|PIK3CA|PIK3CB|PIK3CD|PIK3CG	3.33uM	HS578T	24h	LINCSCP_115627
LINCSCP_78133	0.2605116861	0.005754664295	111	Levetiracetam	LSM-5603	CACNA1B|SV2A	0.37uM	A375	24h	LINCSCP_78133
LINCSCP_36997	-0.2604818744	0.005760436227	111	NVP-AEW541	LSM-44953	IGF1R	10uM	MCF7	6h	LINCSCP_36997
LINCSCP_136830	0.2604501908	0.005766576216	111	Anastrozole	LSM-5631	CYP19A1	10uM	MCF7	24h	LINCSCP_136830
LINCSCP_23725	0.2603857818	0.005779076042	111	Omacetaxine Mepesuccinate	LSM-3716	NA	3uM	HEPG2	6h	LINCSCP_23725
LINCSCP_51095	-0.2603833562	0.005779547253	111	KU0060648	LSM-4935	PIK3CA|PIK3CB|PIK3CD|PRKDC	10uM	RMUGS	6h	LINCSCP_51095
LINCSCP_30710	-0.2603456752	0.005786871669	111	L-Sulforaphane	LSM-4919	NFE2L2	10uM	MCF7	6h	LINCSCP_30710
LINCSCP_53869	0.2603180013	0.005792256173	111	Nimodipine	LSM-1659	CACNA1C|CACNA1D|CACNA1F|CACNA1S|NR3C2	10uM	SNUC5	6h	LINCSCP_53869
LINCSCP_97213	0.2602886044	0.005797980805	111	MK-2206	LSM-1057	AKT1|AKT2|AKT3	1.11uM	HA1E	24h	LINCSCP_97213
LINCSCP_251530	-0.2602823714	0.005799195248	111	Tamatinib	LSM-1040	SYK	10uM	MCF7	6h	LINCSCP_251530
LINCSCP_66885	-0.2602344619	0.005808537455	111	13-Hydroxy-8,14,19-trimethoxy-4,10,12,16-tetramethyl-3,20,22-trioxo-2-azabicyclo[16.3.1]docosa-1(21),4,6,10,18-pentaen-9-yl carbamate	LSM-42815	HSP90AA1	10uM	HCC515	24h	LINCSCP_66885
LINCSCP_826	-0.2602288746	0.005809627817	111	PF750	LSM-6277	FAAH	80uM	A375	24h	LINCSCP_826
LINCSCP_52952	0.2601983058	0.005815596633	111	Artesunate	LSM-4916	NA	10uM	SKLU1	6h	LINCSCP_52952
LINCSCP_52942	0.2601942433	0.005816390279	111	5-(6-Aminopurin-9-yl)-2-methyltetrahydrofuran-3-ol	LSM-4354	NA	10uM	SKLU1	6h	LINCSCP_52942
LINCSCP_113406	0.2601807397	0.005819029022	111	936890-98-1	LSM-42786	MTOR	0.37uM	HME1	3h	LINCSCP_113406
LINCSCP_9806	0.26015046	0.005824949863	111	3-Chloro-l-alanine	LSM-6205	RPS2	1uM	A549	6h	LINCSCP_9806
LINCSCP_7575	0.2601461055	0.005825801774	111	306935-41-1	LSM-2331	HCAR3	10uM	A549	24h	LINCSCP_7575
LINCSCP_68392	-0.2601440349	0.005826206916	111	Sirolimus	LSM-42783	FKBP1A|MTOR	10uM	VCAP	6h	LINCSCP_68392
LINCSCP_96914	0.2600591072	0.0058428453	111	Phorbol Myristate Acetate	LSM-25630	NA	0.3uM	HA1E	24h	LINCSCP_96914
LINCSCP_66871	-0.2600101197	0.005852461761	111	Trichostatin A, Streptomyces Sp.	LSM-42814	HDAC1|HDAC10|HDAC3|HDAC4|HDAC6|HDAC7|HDAC8	0.5uM	HA1E	6h	LINCSCP_66871
LINCSCP_60731	-0.2600032286	0.005853815645	111	BRD-K07912534	LSM-8130	NA	5uM	VCAP	24h	LINCSCP_60731
LINCSCP_129690	-0.2599993754	0.005854572804	111	OTSSP167	LSM-6340	NA	0.04uM	JURKAT	24h	LINCSCP_129690
LINCSCP_2449	-0.2599663801	0.005861059916	111	SCHEMBL16980224	LSM-1092	AURKA	10uM	A375	6h	LINCSCP_2449
LINCSCP_84887	0.2599623967	0.005861843519	111	301836-43-1	LSM-1203	CSNK1A1|TGFB1	0.04uM	ASC	24h	LINCSCP_84887
LINCSCP_111634	0.2599470437	0.005864864569	111	936890-98-1	LSM-42786	MTOR	0.37uM	HEPG2	24h	LINCSCP_111634
LINCSCP_88042	-0.2599385301	0.005866540418	111	BRD-A24396574-001-01-5	LSM-5006	NA	0.37uM	HA1E	24h	LINCSCP_88042
LINCSCP_66860	-0.2599319771	0.00586783061	111	Trichostatin A, Streptomyces Sp.	LSM-42814	HDAC1|HDAC10|HDAC3|HDAC4|HDAC6|HDAC7|HDAC8	10uM	HA1E	6h	LINCSCP_66860
LINCSCP_149260	0.2599135946	0.005871451244	111	NVP-BHG712	LSM-1201	NA	3.33uM	NPC	24h	LINCSCP_149260
LINCSCP_161028	-0.2597975276	0.005894357718	111	IMD-0354	LSM-3667	IKBKB	0.12uM	PC3	24h	LINCSCP_161028
LINCSCP_33773	-0.2597255212	0.005908608486	111	Clomipramine	LSM-3171	SLC6A2|SLC6A4	10uM	MCF7	6h	LINCSCP_33773
LINCSCP_24157	-0.2597085448	0.005911972735	111	13-Hydroxy-8,14,19-trimethoxy-4,10,12,16-tetramethyl-3,20,22-trioxo-2-azabicyclo[16.3.1]docosa-1(21),4,6,10,18-pentaen-9-yl carbamate	LSM-42815	HSP90AA1	1uM	HL60	6h	LINCSCP_24157
LINCSCP_50575	-0.2596945231	0.005914752723	111	Fedratinib	LSM-1142	FLT3|JAK2	10uM	PL21	6h	LINCSCP_50575
LINCSCP_67420	-0.2596591226	0.005921776532	111	Radicicol	LSM-43303	NA	10uM	MCF7	6h	LINCSCP_67420
LINCSCP_112947	-0.2595868695	0.005936135263	111	TIE2 Kinase Inhibitor	LSM-1194	NA	0.37uM	HEPG2	24h	LINCSCP_112947
LINCSCP_25487	-0.2595360039	0.005946262257	111	Phloretin	LSM-6221	NA	100uM	HT29	24h	LINCSCP_25487
LINCSCP_196	0.2595339903	0.005946663459	111	Chlorphenesin Carbamate	LSM-1516	NA	10uM	A375	24h	LINCSCP_196
LINCSCP_4474	0.2594914256	0.005955150107	111	SMR001317659	LSM-2094	NA	0.5uM	A549	24h	LINCSCP_4474
LINCSCP_49070	0.2594658782	0.005960248959	111	BRD-K01497355	LSM-37354	NA	10uM	PC3	6h	LINCSCP_49070
LINCSCP_22962	-0.2594173298	0.005969949141	111	Methyl 7-desoxypurpurogallin-7-carboxylate trimethyl ether	LSM-3428	NA	10uM	HEPG2	6h	LINCSCP_22962
LINCSCP_30150	0.2593047537	0.005992496357	111	Genistein	LSM-5549	CFTR|ESR2	0.5uM	MCF7	6h	LINCSCP_30150
LINCSCP_21337	0.2592751901	0.005998430002	111	Gemcitabine	LSM-5333	POLA1|POLD1|POLE|RRM1|RRM2|RRM2B	0.1uM	HEC108	6h	LINCSCP_21337
LINCSCP_233134	-0.2591187611	0.006029913524	111	BRD-K55194575	LSM-11773	NA	10uM	HT29	24h	LINCSCP_233134
LINCSCP_157786	0.2590795291	0.006037832505	111	Amonafide	LSM-5667	TOP2A	10uM	PC3	24h	LINCSCP_157786
LINCSCP_38350	0.259035355	0.006046760092	111	SCHEMBL16712694	LSM-41493	NA	10uM	MCF7	6h	LINCSCP_38350
LINCSCP_187825	-0.2590243102	0.006048994078	111	CHEMBL1616521	LSM-1793	OPRD1	10uM	A549	6h	LINCSCP_187825
LINCSCP_32489	0.2589772649	0.006058517962	111	Pregnenolone	LSM-5550	NA	10uM	MCF7	24h	LINCSCP_32489
LINCSCP_284367	0.2589646928	0.006061065325	111	Pyrimethamine	LSM-3967	NA	10uM	SKB	24h	LINCSCP_284367
LINCSCP_156822	0.2589645013	0.006061104127	111	Histamine 2HCl	LSM-45288	HRH1	10uM	PC3	24h	LINCSCP_156822
LINCSCP_221207	-0.2589532677	0.006063381099	111	Amitrole	LSM-4595	NA	10uM	HEPG2	6h	LINCSCP_221207
LINCSCP_34434	-0.2589432075	0.00606542088	111	Terazosin	LSM-4997	ADRA1A|ADRA1B|ADRA1D	10uM	MCF7	24h	LINCSCP_34434
LINCSCP_28595	0.2589180238	0.006070529727	111	Estriol	LSM-2368	ESR1|ESR2	3.33uM	HT29	24h	LINCSCP_28595
LINCSCP_81348	0.2589104133	0.006072074363	111	Momelotinib	LSM-1141	JAK1|JAK2	1.11uM	A549	24h	LINCSCP_81348
LINCSCP_36641	-0.2587679686	0.006101049698	111	SCHEMBL1564574	LSM-1006	CHEK1|CHEK2	1uM	MCF7	6h	LINCSCP_36641
LINCSCP_103652	-0.2587667631	0.006101295424	111	Niclosamide	LSM-2787	STAT3	0.37uM	HELA	24h	LINCSCP_103652
LINCSCP_33125	0.258604097	0.006134535421	111	Fusaric acid	LSM-3944	DBH	10uM	MCF7	24h	LINCSCP_33125
LINCSCP_22095	0.2586035823	0.006134640842	111	SCHEMBL2554014	LSM-3728	NA	10uM	HEPG2	6h	LINCSCP_22095
LINCSCP_44964	0.2585798781	0.006139498155	111	TSU-68	LSM-43215	AURKA|AURKB|FGFR1|FGFR2|FGFR3|FGFR4|KDR|PDGFRA|PDGFRB	5uM	PC3	24h	LINCSCP_44964
LINCSCP_132768	-0.2585748804	0.006140522672	111	Radicicol	LSM-43303	NA	3.33uM	MCF7	24h	LINCSCP_132768
LINCSCP_35192	0.2585312452	0.006149474366	111	BRD-K28083085	LSM-38800	NA	10uM	MCF7	24h	LINCSCP_35192
LINCSCP_45539	-0.2585255128	0.006150651228	111	MLS002264388	LSM-3816	NA	10uM	PC3	24h	LINCSCP_45539
LINCSCP_26973	-0.2585235675	0.006151050644	111	Seliciclib	LSM-1001	CDK1|CDK2|CDK5|CDK7|CDK9	10uM	HT29	6h	LINCSCP_26973
LINCSCP_152198	-0.2585215197	0.006151471122	111	amcinonide	NA	NA	3.33uM	PC3	24h	LINCSCP_152198
LINCSCP_156103	-0.2584718458	0.006161678701	111	Rimonabant	LSM-36994	CNR1	10uM	PC3	24h	LINCSCP_156103
LINCSCP_10035	0.2584593357	0.006164251789	111	Avrainvillamide	LSM-42688	NA	0.04uM	A549	24h	LINCSCP_10035
LINCSCP_26277	-0.2583994987	0.006176572317	111	CHEMBL1474834	LSM-2118	CLK1|CLK4|DYRK1A|DYRK1B	10uM	HT29	6h	LINCSCP_26277
LINCSCP_122455	-0.2583641462	0.006183861735	111	Apilimod	LSM-45286	NA	0.37uM	HT29	24h	LINCSCP_122455
LINCSCP_81706	0.2582907144	0.006199027209	111	CHIR-99021	LSM-1181	NA	3.33uM	A549	24h	LINCSCP_81706
LINCSCP_50455	-0.2582140889	0.006214887459	111	LY 2183240	LSM-2839	FAAH	10uM	PHH	6h	LINCSCP_50455
LINCSCP_136647	0.2581891283	0.006220061674	111	Warfarin	LSM-1405	VKORC1	1.11uM	MCF7	24h	LINCSCP_136647
LINCSCP_14987	-0.2581124195	0.006235987025	111	Methylpromazine	LSM-1599	HRH1	10uM	HA1E	24h	LINCSCP_14987
LINCSCP_152444	0.2580391574	0.006251230576	111	SGX-523	LSM-1123	MET	3.33uM	PC3	24h	LINCSCP_152444
LINCSCP_39577	-0.2580346799	0.006252163262	111	CHEMBL2136735	LSM-1152	FGFR1|FGFR3|FLT1|FLT4|KDR|PDGFRA|PDGFRB	0.5uM	MDAMB231	6h	LINCSCP_39577
LINCSCP_178254	-0.2580248903	0.006254202959	111	Flunisolide	LSM-3089	NR3C1	10uM	A375	6h	LINCSCP_178254
LINCSCP_154805	-0.2579697962	0.006265692949	111	AV-412 (free base)	LSM-45753	NA	10uM	PC3	24h	LINCSCP_154805
LINCSCP_165867	0.257952585	0.006269286222	111	Belinostat	LSM-43181	HDAC1|HDAC10|HDAC11|HDAC2|HDAC3|HDAC4|HDAC5|HDAC6|HDAC7|HDAC8|HDAC9	0.04uM	SKL	24h	LINCSCP_165867
LINCSCP_24158	-0.2579009826	0.006280070478	111	13-Hydroxy-8,14,19-trimethoxy-4,10,12,16-tetramethyl-3,20,22-trioxo-2-azabicyclo[16.3.1]docosa-1(21),4,6,10,18-pentaen-9-yl carbamate	LSM-42815	HSP90AA1	3uM	HL60	6h	LINCSCP_24158
LINCSCP_45136	-0.2578959683	0.006281119293	111	BAY-117821	LSM-42889	NA	10uM	PC3	6h	LINCSCP_45136
LINCSCP_16926	0.2578937775	0.006281577567	111	Carbinoxamine	LSM-1435	HRH1	10uM	HA1E	6h	LINCSCP_16926
LINCSCP_22678	-0.2578260545	0.006295758844	111	Perphenazine	LSM-2224	DRD2	10uM	HEPG2	6h	LINCSCP_22678
LINCSCP_153884	0.2577957665	0.006302110392	111	KPT-330	LSM-45842	XPO1	1.11uM	PC3	24h	LINCSCP_153884
LINCSCP_194549	-0.2577836605	0.006304650672	111	BRD-K51922621	LSM-14852	NA	5uM	A549	24h	LINCSCP_194549
LINCSCP_4864	0.2577100143	0.006320123877	111	Fatostatin	LSM-6295	SREBF1|SREBF2	10uM	A549	6h	LINCSCP_4864
LINCSCP_29950	-0.2576440788	0.006334005654	111	GSK 1059615	LSM-42799	PIK3CA|PIK3CB|PIK3CD|PIK3CG	1uM	MCF10A	6h	LINCSCP_29950
LINCSCP_18658	0.2576274855	0.006337503393	111	Methoprene acid	LSM-42820	RXRA	10uM	HCC515	6h	LINCSCP_18658
LINCSCP_30104	-0.2575798334	0.006347557613	111	Radicicol	LSM-43303	NA	10uM	MCF7	24h	LINCSCP_30104
LINCSCP_255004	0.2575730016	0.006349000235	111	Wortmannin	LSM-3947	PIK3CA|PIK3CG|PLK1	1.11uM	MCF7	24h	LINCSCP_255004
LINCSCP_42194	-0.2575278829	0.006358534914	111	SCHEMBL2608041	LSM-44987	HDAC6	10uM	NPC	24h	LINCSCP_42194
LINCSCP_48662	-0.2574939062	0.006365723377	111	CHEMBL3182386	LSM-36547	NA	10uM	PC3	6h	LINCSCP_48662
LINCSCP_19904	0.2574891079	0.006366739135	111	KUC104219	LSM-3250	NA	10uM	HCC515	6h	LINCSCP_19904
LINCSCP_22332	-0.2573786813	0.006390155349	111	BRD-K19181733	LSM-38299	NA	10uM	HEPG2	6h	LINCSCP_22332
LINCSCP_16240	-0.2573757401	0.006390780078	111	Panobinostat	LSM-43059	HDAC1|HDAC10|HDAC11|HDAC2|HDAC3|HDAC4|HDAC5|HDAC6|HDAC7|HDAC8|HDAC9	10uM	HA1E	6h	LINCSCP_16240
LINCSCP_50150	-0.2573466723	0.006396957195	111	AC1OCDAW	LSM-1622	TOP2A	10uM	PHH	24h	LINCSCP_50150
LINCSCP_72744	-0.2573406757	0.006398232177	111	cucurbitacin-i	LSM-45610	NA	0.12uM	A375	24h	LINCSCP_72744
LINCSCP_11335	-0.2573059053	0.006405629395	111	PD-198306	LSM-3974	MAP2K1|MAP2K2	10uM	ASC	24h	LINCSCP_11335
LINCSCP_60453	-0.2571433986	0.006440302561	111	BRD-K00799745	LSM-6867	NA	5uM	VCAP	6h	LINCSCP_60453
LINCSCP_54417	-0.2571064084	0.0064482182	111	Necrostatin	LSM-1494	RIPK1	100uM	SW948	6h	LINCSCP_54417
LINCSCP_22130	0.2570941268	0.00645084828	111	H0635_SIGMA	LSM-5010	NA	10uM	HEPG2	6h	LINCSCP_22130
LINCSCP_115728	0.2570780366	0.006454295397	111	EX-8678	LSM-1147	NA	1.11uM	HS578T	24h	LINCSCP_115728
LINCSCP_176023	-0.2570667601	0.006456712223	111	GSK-461364	LSM-1013	PLK1	10uM	YAPC	24h	LINCSCP_176023
LINCSCP_172577	0.2570661979	0.006456832727	111	Gefitinib	LSM-1098	EGFR	0.12uM	YAPC	24h	LINCSCP_172577
LINCSCP_118640	0.2570514582	0.00645999306	111	ZD-7288	LSM-2406	HCN1|HCN2|HCN3|HCN4	0.04uM	HT29	24h	LINCSCP_118640
LINCSCP_17383	0.2570511902	0.006460050526	111	4L7B	LSM-36813	KEAP1	0.41uM	HA1E	24h	LINCSCP_17383
LINCSCP_174618	-0.2570504279	0.006460214012	111	IMD-0354	LSM-3667	IKBKB	3.33uM	YAPC	24h	LINCSCP_174618
LINCSCP_8550	0.2570421857	0.006461981865	111	BRD-K68735643	LSM-12621	NA	5uM	A549	24h	LINCSCP_8550
LINCSCP_152165	-0.2569443925	0.006482990169	111	NCGC00346967-01	LSM-6297	EPHB3	10uM	PC3	24h	LINCSCP_152165
LINCSCP_72812	-0.2568316971	0.00650727492	111	Mubritinib (TAK 165)	LSM-45710	ERBB2	10uM	A375	24h	LINCSCP_72812
LINCSCP_5719	0.2567578685	0.006523227977	111	Dichloroacetic acid	LSM-5314	NA	10uM	A549	24h	LINCSCP_5719
LINCSCP_36961	-0.2567502284	0.006524880834	111	Amuvatinib	LSM-1118	FLT3|KIT|MET|PDGFRA	10uM	MCF7	6h	LINCSCP_36961
LINCSCP_100773	-0.2567278531	0.00652972368	111	SCHEMBL16226502	LSM-43056	HSP90AA1	10uM	HCC515	24h	LINCSCP_100773
LINCSCP_161257	0.2566930164	0.00653726998	111	Dolastatin 10	LSM-45943	NA	0.04uM	PC3	24h	LINCSCP_161257
LINCSCP_25712	-0.2565846182	0.006560800578	111	CHEMBL416418	LSM-6211	ASAH1|UGCG	60uM	HT29	6h	LINCSCP_25712
LINCSCP_212720	0.2565366549	0.006571236204	111	CHEMBL2333346	LSM-36791	NA	0.1uM	HA1E	6h	LINCSCP_212720
LINCSCP_56868	-0.2565165373	0.006575617653	111	Isoliquiritigenin	LSM-43093	GABBR1	10uM	VCAP	24h	LINCSCP_56868
LINCSCP_57582	-0.2565155597	0.006575830631	111	MLS002264459	LSM-3975	NA	10uM	VCAP	24h	LINCSCP_57582
LINCSCP_63654	0.2564644525	0.006586973387	111	BRD-K01202062	LSM-8504	NA	5uM	VCAP	24h	LINCSCP_63654
LINCSCP_148745	-0.2564436654	0.006591510329	111	Vorinostat	LSM-3828	HDAC1|HDAC2|HDAC3|HDAC6|HDAC8	10uM	NPC	24h	LINCSCP_148745
LINCSCP_27883	0.2564372184	0.006592918	111	BRD-K30758067	LSM-38952	NA	5uM	HT29	24h	LINCSCP_27883
LINCSCP_47539	-0.2564100532	0.006598852304	111	Oxethazaine	LSM-5672	NA	10uM	PC3	24h	LINCSCP_47539
LINCSCP_161255	0.2564088114	0.006599123683	111	Dolastatin 10	LSM-45943	NA	0.37uM	PC3	24h	LINCSCP_161255
LINCSCP_11475	0.2564014102	0.006600741366	111	Omacetaxine Mepesuccinate	LSM-3716	NA	10uM	ASC	24h	LINCSCP_11475
LINCSCP_40288	0.2562806214	0.006627192071	111	NSC23766	LSM-1818	NA	100uM	NCIH596	6h	LINCSCP_40288
LINCSCP_112209	-0.2562314069	0.006637996133	111	PD-0325901	LSM-1101	MAP2K1|MAP2K2	0.12uM	HEPG2	24h	LINCSCP_112209
LINCSCP_53720	-0.2561804417	0.006649200993	111	N9-Isopropylolomoucine	LSM-3607	CDK1|CDK5	100uM	SNU1040	6h	LINCSCP_53720
LINCSCP_50138	-0.2561454276	0.006656908665	111	AM-92016	LSM-1319	NA	10uM	PHH	24h	LINCSCP_50138
LINCSCP_22464	0.2560964933	0.006667693847	111	Verrucarin A	LSM-43143	NA	10uM	HEPG2	6h	LINCSCP_22464
LINCSCP_85315	-0.2560496094	0.006678041677	111	Radicicol	LSM-43303	NA	3.33uM	BT20	24h	LINCSCP_85315
LINCSCP_164736	-0.2559776806	0.00669394486	111	CHEMBL3347630	LSM-43292	NA	10uM	SKL.C	24h	LINCSCP_164736
LINCSCP_78078	0.2559249982	0.006705614037	111	Podofilox	LSM-3055	NA	1.11uM	A375	24h	LINCSCP_78078
LINCSCP_928	-0.2559085663	0.006709257397	111	MLS000709026	LSM-43139	RAD51	40uM	A375	6h	LINCSCP_928
LINCSCP_103136	0.2558776729	0.006716111972	111	Mizolastine	LSM-5377	HRH1	3.33uM	HELA	24h	LINCSCP_103136
LINCSCP_176844	-0.2558706329	0.006717674855	111	FGIN1-27	LSM-2201	TSPO	10uM	A375	24h	LINCSCP_176844
LINCSCP_53945	0.2558528225	0.006721630241	111	TH02453-036-P1	LSM-6273	NA	10uM	SNUC5	6h	LINCSCP_53945
LINCSCP_73525	-0.2558321522	0.006726223344	111	SPECTRUM_001522	LSM-1487	NR3C1	0.12uM	A375	24h	LINCSCP_73525
LINCSCP_155918	-0.2558211679	0.006728665283	111	AMG-517	LSM-45865	TRPV1	3.33uM	PC3	24h	LINCSCP_155918
LINCSCP_24408	0.2557739518	0.006739170883	111	GW843682X	LSM-1014	PLK1|PLK3	1uM	HS578T	24h	LINCSCP_24408
LINCSCP_89388	-0.2557302394	0.006748909867	111	Licochalcone A	LSM-46030	NA	3.33uM	HA1E	24h	LINCSCP_89388
LINCSCP_103860	0.2557125323	0.006752858504	111	AMG 487	LSM-45938	NA	3.33uM	HELA	24h	LINCSCP_103860
LINCSCP_112615	0.2556959582	0.00675655634	111	XMD 8-92	LSM-1094	MAPK7	1.11uM	HEPG2	24h	LINCSCP_112615
LINCSCP_132767	-0.2556934329	0.006757119923	111	Radicicol	LSM-43303	NA	10uM	MCF7	24h	LINCSCP_132767
LINCSCP_267070	-0.2556912969	0.006757596657	111	Isradipine	LSM-1897	CACNA1C|CACNA1D|CACNA1F|CACNA1S|CACNA2D1	10uM	PC3	6h	LINCSCP_267070
LINCSCP_124273	0.2556043588	0.006777025408	111	Myosin ATPase Activator, EMD57003	LSM-45380	NA	1.11uM	HT29	24h	LINCSCP_124273
LINCSCP_81398	0.2555513282	0.006788900878	111	SCHEMBL6874948	LSM-5674	LCK	0.12uM	A549	24h	LINCSCP_81398
LINCSCP_148226	0.2554547691	0.006810571321	111	VX-745	LSM-1169	MAPK14	0.37uM	NPC.CAS9	24h	LINCSCP_148226
LINCSCP_178893	-0.2553852873	0.006826202787	111	Latrunculin B	LSM-43068	WWTR1|YAP1	10uM	A375	6h	LINCSCP_178893
LINCSCP_5357	0.255381784	0.006826991783	111	D,L Carbidopa	LSM-5128	DDC	10uM	A549	24h	LINCSCP_5357
LINCSCP_20485	0.2553329754	0.006837992493	111	Oleoylethanolamide	LSM-42935	GPR119|PPARA	10uM	HCC515	6h	LINCSCP_20485
LINCSCP_10974	0.2553075822	0.006843721931	111	Verrucarin A	LSM-43143	NA	10uM	ASC	24h	LINCSCP_10974
LINCSCP_29105	-0.2553072052	0.006843807023	111	Rita	LSM-6201	MDM2	10uM	JHUEM2	6h	LINCSCP_29105
LINCSCP_4202	-0.2552667241	0.006852949626	111	Gingerol	LSM-2569	NA	10uM	A549	24h	LINCSCP_4202
LINCSCP_104303	-0.2552028432	0.006867399076	111	CO-1686 (AVL-301)	LSM-45736	EGFR	10uM	HELA	24h	LINCSCP_104303
LINCSCP_22489	-0.2551453074	0.006880436394	111	MLS000536845	LSM-4496	NA	10uM	HEPG2	6h	LINCSCP_22489
LINCSCP_188218	0.2550442855	0.006903380504	111	MLS002276523	LSM-1250	NA	10uM	A549	24h	LINCSCP_188218
LINCSCP_46587	-0.2550233441	0.006908145177	111	20554-84-1	LSM-43090	NA	10uM	PC3	6h	LINCSCP_46587
LINCSCP_44868	0.254995673	0.006914445505	111	3-Chloro-l-alanine	LSM-6205	RPS2	0.5uM	PC3	24h	LINCSCP_44868
LINCSCP_210995	0.2549764526	0.006918824718	111	CHEMBL105897	LSM-4005	NA	10uM	HA1E	6h	LINCSCP_210995
LINCSCP_247709	0.2549488698	0.006925113546	111	BRD-K97173328	LSM-14400	NA	5uM	MCF7	24h	LINCSCP_247709
LINCSCP_45655	-0.2548640355	0.006944487302	111	MLS002607804	LSM-1875	NA	10uM	PC3	24h	LINCSCP_45655
LINCSCP_101020	0.2548412503	0.006949698974	111	GSK-2334470	LSM-1222	PDK1|PDPK1	0.12uM	HCC515	24h	LINCSCP_101020
LINCSCP_49257	-0.2547642017	0.006967348031	111	Broad-Sai-560	LSM-45991	NA	10uM	PC3	24h	LINCSCP_49257
LINCSCP_56170	0.254702605	0.006981486128	111	RHC80267	LSM-3249	NA	10uM	VCAP	6h	LINCSCP_56170
LINCSCP_91045	0.2546775328	0.006987248166	111	Gemfibrozil	LSM-2227	CYP2C8|LPL|PPARA	0.04uM	HA1E	24h	LINCSCP_91045
LINCSCP_32739	-0.2546473157	0.006994198152	111	Pazopanib	LSM-1114	CSF1R|FGFR1|FGFR3|FLT1|FLT4|ITK|KDR|KIT|LCK|PDGFRA|PDGFRB	10uM	MCF7	6h	LINCSCP_32739
LINCSCP_15533	-0.2545741226	0.007011058131	111	CHEMBL416418	LSM-6211	ASAH1|UGCG	60uM	HA1E	6h	LINCSCP_15533
LINCSCP_263929	-0.2545257845	0.007022212502	111	Sulindac	LSM-43065	AKR1B1|PTGS1|PTGS2	10uM	NPC	6h	LINCSCP_263929
LINCSCP_237325	0.254524611	0.007022483476	111	KUC103670	LSM-2549	NA	10uM	MCF7	24h	LINCSCP_237325
LINCSCP_149005	-0.2545167929	0.007024289095	111	Belinostat	LSM-43181	HDAC1|HDAC10|HDAC11|HDAC2|HDAC3|HDAC4|HDAC5|HDAC6|HDAC7|HDAC8|HDAC9	1.11uM	NPC	24h	LINCSCP_149005
LINCSCP_45894	0.2544999212	0.007028187096	111	MLS-0425616.0001	LSM-2145	NA	10uM	PC3	24h	LINCSCP_45894
LINCSCP_140933	0.254490471	0.007030371269	111	Bruceantin	LSM-45541	NA	10uM	MCF7	24h	LINCSCP_140933
LINCSCP_17850	0.2544539327	0.007038821857	111	Hemado	LSM-1233	ADORA3	10uM	HCC515	24h	LINCSCP_17850
LINCSCP_83098	-0.2544317527	0.007043956029	111	Dacomitinib	LSM-42808	EGFR|ERBB2|ERBB3|ERBB4	10uM	ASC.C	24h	LINCSCP_83098
LINCSCP_189791	-0.2543910149	0.007053394574	111	CID-2858522	LSM-3337	NA	10uM	A549	6h	LINCSCP_189791
LINCSCP_33968	0.2543164539	0.007070698627	111	CHEMBL2359798	LSM-6796	NA	10uM	MCF7	6h	LINCSCP_33968
LINCSCP_32479	-0.2543151465	0.007071002398	111	ZINC101150009	LSM-43197	NA	10uM	MCF7	24h	LINCSCP_32479
LINCSCP_155224	-0.2542137197	0.007094602666	111	AC1MJ3VH	LSM-1731	TOP2A	3.33uM	PC3	24h	LINCSCP_155224
LINCSCP_115763	0.2540505625	0.007132712885	111	QL47	LSM-6019	BMX|BTK	3.33uM	HS578T	24h	LINCSCP_115763
LINCSCP_83141	0.2540446691	0.007134092869	111	Sunitinib	LSM-42800	CSF1R|FLT1|FLT3|FLT4|KDR|KIT|PDGFRA|PDGFRB|RET	3.33uM	ASC.C	24h	LINCSCP_83141
LINCSCP_54366	0.2540192741	0.007140041906	111	GW843682X	LSM-1014	PLK1|PLK3	10uM	SW620	6h	LINCSCP_54366
LINCSCP_21644	-0.2539877221	0.007147439427	111	KU0060648	LSM-4935	PIK3CA|PIK3CB|PIK3CD|PRKDC	10uM	HEPG2	6h	LINCSCP_21644
LINCSCP_56248	-0.2539819537	0.007148792581	111	Lasalocid	LSM-2214	NA	10uM	VCAP	24h	LINCSCP_56248
LINCSCP_97905	0.2539018373	0.00716760988	111	Cyclizine	LSM-5857	HRH1	0.04uM	HA1E	24h	LINCSCP_97905
LINCSCP_23561	0.2538728491	0.00717442925	111	MEGXM0_000203	LSM-36622	NA	10uM	HEPG2	6h	LINCSCP_23561
LINCSCP_201877	0.2537888036	0.007194233166	111	Fluoropyruvate	LSM-6203	NA	0.001uM	A549	6h	LINCSCP_201877
LINCSCP_34010	0.2537732767	0.007197897115	111	BRD-K34412705	LSM-39151	NA	10uM	MCF7	6h	LINCSCP_34010
LINCSCP_239070	-0.253677709	0.007220484981	111	Carvedilol	LSM-1310	ADRA1A|ADRA1B|ADRA1D|ADRB1|ADRB2|ADRB3	10uM	MCF7	6h	LINCSCP_239070
LINCSCP_60564	0.2536582238	0.007225098099	111	BRD-K46807184	LSM-7444	NA	5uM	VCAP	24h	LINCSCP_60564
LINCSCP_49997	0.2536367311	0.007230189508	111	QL-X-138	LSM-42720	BTK|JAK3|MKNK2|MTOR|PRKDC	10uM	PHH	24h	LINCSCP_49997
LINCSCP_160585	-0.2536063353	0.007237395389	111	Elesclomol	LSM-4929	HSPA1A	0.04uM	PC3	24h	LINCSCP_160585
LINCSCP_28447	0.2535866457	0.007242066572	111	SCHEMBL17515404	LSM-44606	NA	1uM	HT29	24h	LINCSCP_28447
LINCSCP_22549	0.2535351527	0.00725429542	111	F0012-0289	LSM-4634	NA	10uM	HEPG2	6h	LINCSCP_22549
LINCSCP_296137	0.2535097499	0.007260334945	111	BRD-K85592362	LSM-41939	NA	10uM	VCAP	24h	LINCSCP_296137
LINCSCP_163636	-0.2534744239	0.007268741134	111	Canertinib	LSM-1120	EGFR|ERBB2|ERBB4	10uM	SKBR3	24h	LINCSCP_163636
LINCSCP_85133	-0.2534526571	0.007273925039	111	PD-0325901	LSM-1101	MAP2K1|MAP2K2	0.04uM	BT20	24h	LINCSCP_85133
LINCSCP_67809	-0.2534389279	0.00727719644	111	Vorinostat	LSM-3828	HDAC1|HDAC2|HDAC3|HDAC6|HDAC8	3uM	NPC	24h	LINCSCP_67809
LINCSCP_253802	0.2534212373	0.007281413646	111	SA-243276	LSM-41502	NA	3uM	MCF7	6h	LINCSCP_253802
LINCSCP_173045	0.2534162306	0.007282607593	111	Benazepril	LSM-5609	ACE	10uM	YAPC	24h	LINCSCP_173045
LINCSCP_132151	-0.2532725597	0.007316942163	111	WH-4-025	LSM-44937	NA	3.33uM	MCF7	24h	LINCSCP_132151
LINCSCP_204127	0.2532379917	0.007325224585	111	Alrestatin	LSM-2775	AKR1B1	10uM	ASC	24h	LINCSCP_204127
LINCSCP_33060	-0.253227842	0.007327657997	111	Guggulsterone	LSM-1874	AR|NR1H4|NR3C1|NR3C2|PGR	10uM	MCF7	24h	LINCSCP_33060
LINCSCP_23562	0.2531989353	0.007334592393	111	MEGXM0_000203	LSM-36622	NA	3uM	HEPG2	6h	LINCSCP_23562
LINCSCP_108695	-0.2531980103	0.007334814389	111	CP-724714	LSM-42777	ERBB2	10uM	HELA	24h	LINCSCP_108695
LINCSCP_39010	0.2531870881	0.007337436089	111	sorafenib	NA	BRAF|DDR2|FGFR1|FLT1|FLT3|FLT4|KDR|KIT|PDGFRB|RAF1|RET	1uM	MDAMB231	24h	LINCSCP_39010
LINCSCP_236629	-0.2531807989	0.007338946085	111	Pimozide	LSM-2001	DRD1|DRD2|DRD3|DRD4|DRD5|HTR2A	10uM	MCF7	6h	LINCSCP_236629
LINCSCP_53861	0.2531522438	0.007345805425	111	5-(6-Aminopurin-9-yl)-2-methyltetrahydrofuran-3-ol	LSM-4354	NA	10uM	SNUC5	6h	LINCSCP_53861
LINCSCP_126568	-0.2530978506	0.007358887159	111	Pimecrolimus	LSM-45937	FKBP1A	10uM	HT29	24h	LINCSCP_126568
LINCSCP_105962	0.2530728991	0.007364894963	111	Cyproterone Acetate	LSM-45961	NA	0.04uM	HELA	24h	LINCSCP_105962
LINCSCP_112937	0.2530707418	0.007365414616	111	Veliparib	LSM-1146	PARP1|PARP2	0.04uM	HEPG2	24h	LINCSCP_112937
LINCSCP_24851	0.2530231591	0.007376884282	111	PCI-32765	LSM-1129	BTK	10uM	HS578T	6h	LINCSCP_24851
LINCSCP_9374	-0.2530063538	0.007380938929	111	13-Hydroxy-8,14,19-trimethoxy-4,10,12,16-tetramethyl-3,20,22-trioxo-2-azabicyclo[16.3.1]docosa-1(21),4,6,10,18-pentaen-9-yl carbamate	LSM-42815	HSP90AA1	10uM	A549	24h	LINCSCP_9374
LINCSCP_209402	-0.2529280165	0.007399865524	111	Chlorpromazine	LSM-4017	ADRA2A|ADRA2B|ADRA2C|DRD1|DRD2|DRD3|DRD4|DRD5|HRH1|HTR1A|HTR2A|HTR2C|HTR6|HTR7	10uM	HA1E	6h	LINCSCP_209402
LINCSCP_151254	-0.2529120529	0.007403727654	111	CHEMBL2136735	LSM-1152	FGFR1|FGFR3|FLT1|FLT4|KDR|PDGFRA|PDGFRB	0.04uM	PC3	24h	LINCSCP_151254
LINCSCP_51765	-0.2529083175	0.007404631629	111	HG6-64-1	LSM-43248	NA	10uM	SKBR3	6h	LINCSCP_51765
LINCSCP_81310	0.2528979536	0.007407140229	111	Nilotinib	LSM-1099	ABL1|BCR|KIT	10uM	A549	24h	LINCSCP_81310
LINCSCP_56843	-0.2528403873	0.007421087937	111	SCH-79797	LSM-6224	F2R	10uM	VCAP	24h	LINCSCP_56843
LINCSCP_46099	0.2528338361	0.007422676708	111	Diphencyprone	LSM-5625	NA	10uM	PC3	24h	LINCSCP_46099
LINCSCP_56024	0.2527789089	0.007436009164	111	Oxybenzone	LSM-3309	NA	10uM	VCAP	24h	LINCSCP_56024
LINCSCP_5506	-0.2527746396	0.007437046341	111	MLS002264450	LSM-2798	NA	10uM	A549	6h	LINCSCP_5506
LINCSCP_221142	-0.2527744573	0.007437090617	111	Promazine	LSM-2137	CHRM5|DRD2|DRD3|DRD4|HTR2A	10uM	HEPG2	6h	LINCSCP_221142
LINCSCP_46660	0.2527705233	0.007438046451	111	GSK-461364	LSM-1013	PLK1	10uM	PC3	6h	LINCSCP_46660
LINCSCP_263217	-0.2527647629	0.007439446244	111	CHEMBL2354516	LSM-14832	NA	10uM	NPC	24h	LINCSCP_263217
LINCSCP_90763	0.2527211988	0.007450039929	111	Danusertib	LSM-5253	AURKA|AURKB|AURKC|FGFR1|NTRK1|RET	0.04uM	HA1E	24h	LINCSCP_90763
LINCSCP_25896	-0.2526706207	0.007462355967	111	MLS000095184	LSM-2403	NA	10uM	HT29	24h	LINCSCP_25896
LINCSCP_49235	0.2526607765	0.007464755185	111	CHEMBL2381520	LSM-36786	NA	3uM	PC3	24h	LINCSCP_49235
LINCSCP_49838	-0.252658112	0.007465404679	111	ACON1_002097	LSM-4527	NA	10uM	PHH	24h	LINCSCP_49838
LINCSCP_88748	-0.2526466761	0.007468192897	111	Vorinostat	LSM-3828	HDAC1|HDAC2|HDAC3|HDAC6|HDAC8	10uM	HA1E	24h	LINCSCP_88748
LINCSCP_4383	-0.2526306279	0.007472107183	111	E6 Berbamine	LSM-3111	CALM1	10uM	A549	6h	LINCSCP_4383
LINCSCP_4713	-0.2526242254	0.007473669298	111	MLS000709026	LSM-43139	RAD51	40uM	A549	6h	LINCSCP_4713
LINCSCP_50618	-0.2525101691	0.007501546057	111	Cerulenin	LSM-43210	FASN	40uM	PL21	6h	LINCSCP_50618
LINCSCP_11239	0.2524837624	0.007508013282	111	MLS000756415	LSM-1695	DRD1	10uM	ASC	24h	LINCSCP_11239
LINCSCP_16261	-0.2524789673	0.007509188162	111	Givinostat	LSM-4807	HDAC2	10uM	HA1E	6h	LINCSCP_16261
LINCSCP_47778	0.2524137416	0.007525185809	111	Methiazole	LSM-4894	NA	10uM	PC3	24h	LINCSCP_47778
LINCSCP_15574	-0.2523738356	0.00753498826	111	Cytochalasin B	LSM-43278	ACTB	10uM	HA1E	6h	LINCSCP_15574
LINCSCP_65257	0.2523583515	0.007538794782	111	MLS003130041	LSM-15129	NA	10uM	VCAP	24h	LINCSCP_65257
LINCSCP_295437	0.2523502654	0.007540783299	111	Gefitinib	LSM-1098	EGFR	10uM	VCAP	6h	LINCSCP_295437
LINCSCP_212603	0.2523451605	0.007542038912	111	PCI-34051	LSM-4812	HDAC1|HDAC10|HDAC6|HDAC8	3uM	HA1E	24h	LINCSCP_212603
LINCSCP_43971	-0.2523159743	0.007549221248	111	LFM-A12	LSM-1567	EGFR	10uM	PC3	24h	LINCSCP_43971
LINCSCP_203819	-0.25230449	0.007552049038	111	Butoconazole	LSM-1344	NA	10uM	ASC	24h	LINCSCP_203819
LINCSCP_74252	-0.2523002042	0.007553104574	111	Griseofulvin	LSM-5259	NA	0.37uM	A375	24h	LINCSCP_74252
LINCSCP_26506	-0.2522259654	0.007571409318	111	BRD-K55612480	LSM-40319	NA	10uM	HT29	6h	LINCSCP_26506
LINCSCP_249809	-0.2521946258	0.007579148353	111	SA-1921085	LSM-40459	NA	10uM	MCF7	24h	LINCSCP_249809
LINCSCP_60106	0.252190905	0.00758006763	111	BRD-K01573538	LSM-6880	NA	5uM	VCAP	6h	LINCSCP_60106
LINCSCP_118017	-0.252172694	0.007584568366	111	SAQUINAVIR MESYLATE	LSM-45573	NA	10uM	HT29	24h	LINCSCP_118017
LINCSCP_78848	-0.2521634532	0.007586853079	111	Tolvaptan	LSM-45837	AVPR2	10uM	A375	24h	LINCSCP_78848
LINCSCP_111861	0.2521140968	0.007599066355	111	TORIN1	LSM-1079	MTOR	1.11uM	HEPG2	24h	LINCSCP_111861
LINCSCP_66344	-0.2520962803	0.007603479336	111	Vorinostat	LSM-3828	HDAC1|HDAC2|HDAC3|HDAC6|HDAC8	10uM	A375	6h	LINCSCP_66344
LINCSCP_93570	-0.2520769895	0.007608260029	111	ICI 182,780	LSM-45768	NA	10uM	HA1E	24h	LINCSCP_93570
LINCSCP_135937	0.252074087	0.007608979568	111	Balicatib	LSM-45647	NA	0.04uM	MCF7	24h	LINCSCP_135937
LINCSCP_301058	0.2520730589	0.007609234451	111	BRD-K71397492	LSM-12795	NA	5uM	VCAP	6h	LINCSCP_301058
LINCSCP_4475	0.2520524772	0.007614338559	111	ZINC01050121	LSM-6210	NA	20uM	A549	24h	LINCSCP_4475
LINCSCP_47190	-0.2520456117	0.007616041838	111	NCGC00170205-01	LSM-36647	NA	10uM	PC3	6h	LINCSCP_47190
LINCSCP_46589	0.25200762	0.007625473313	111	N-[(4-Fluoro-3-methylphenyl)sulfonyl]glycine	LSM-4587	NA	10uM	PC3	6h	LINCSCP_46589
LINCSCP_22576	0.2520038196	0.007626417329	111	Tyrphostin AG 126	LSM-5752	NA	10uM	HEPG2	6h	LINCSCP_22576
LINCSCP_21726	-0.2519227015	0.007646591779	111	CAY-10594	LSM-6256	PLD2	20uM	HEPG2	6h	LINCSCP_21726
LINCSCP_124124	0.2518903262	0.007654656815	111	Telotristat	LSM-45772	TPH1|TPH2	0.37uM	HT29	24h	LINCSCP_124124
LINCSCP_4882	-0.2518712705	0.007659407317	111	SMR001318078	LSM-1737	NA	10uM	A549	24h	LINCSCP_4882
LINCSCP_57522	0.2518544494	0.007663602918	111	VU0424206-1	LSM-2295	NA	10uM	VCAP	24h	LINCSCP_57522
LINCSCP_26561	0.2518323845	0.007669109529	111	Verrucarin A	LSM-43143	NA	10uM	HT29	6h	LINCSCP_26561
LINCSCP_157989	-0.25182805	0.007670191652	111	Tozasertib	LSM-1021	ABL1|AURKA|AURKB|AURKC|BCR|FLT3|JAK2	10uM	PC3	24h	LINCSCP_157989
LINCSCP_47428	-0.2518219401	0.007671717292	111	RO-3306	LSM-42788	CDK1	10uM	PC3	6h	LINCSCP_47428
LINCSCP_64144	-0.2517980753	0.007677678797	111	BRD-K01329157	LSM-14677	NA	5uM	VCAP	24h	LINCSCP_64144
LINCSCP_157132	0.2517484252	0.007690094707	111	Cilomilast	LSM-45782	NA	0.12uM	PC3	24h	LINCSCP_157132
LINCSCP_1337	-0.2517235829	0.007696313637	111	Vorinostat	LSM-3828	HDAC1|HDAC2|HDAC3|HDAC6|HDAC8	10uM	A375	6h	LINCSCP_1337
LINCSCP_34496	0.2517134873	0.007698842202	111	Penciclovir	LSM-5587	NA	10uM	MCF7	24h	LINCSCP_34496
LINCSCP_4164	0.2516880404	0.007705218937	111	Glemanserin	LSM-1685	HTR2A	10uM	A549	24h	LINCSCP_4164
LINCSCP_175441	-0.2516593573	0.007712412218	111	Retigabine	LSM-45405	KCNQ1|KCNQ2|KCNQ3|KCNQ4|KCNQ5	0.04uM	YAPC	24h	LINCSCP_175441
LINCSCP_192989	0.2515883726	0.007730239643	111	4-[(6-Amino-4-pyrimidinyl)amino]benzenesulfonamide	LSM-3612	NA	10uM	A549	6h	LINCSCP_192989
LINCSCP_240579	-0.2515448617	0.007741185154	111	Pioglitazone	LSM-1592	PPARG	10uM	MCF7	24h	LINCSCP_240579
LINCSCP_153613	-0.2514308454	0.007769931866	111	Suprofen	LSM-4406	PTGS1|PTGS2	3.33uM	PC3	24h	LINCSCP_153613
LINCSCP_73467	-0.2513841693	0.007781727396	111	Cobicistat (GS-9350)	LSM-45771	CYP3A4|CYP3A43|CYP3A5|CYP3A7|CYP3A7-CYP3A51P	10uM	A375	24h	LINCSCP_73467
LINCSCP_219347	-0.2513808616	0.007782563894	111	Vemurafenib	LSM-1068	BRAF	10uM	HEPG2	6h	LINCSCP_219347
LINCSCP_213904	0.2513702271	0.007785253815	111	NO-711	LSM-2939	SLC6A1	10uM	HCC515	24h	LINCSCP_213904
LINCSCP_291704	-0.2513632829	0.007787010734	111	Promazine	LSM-2137	CHRM5|DRD2|DRD3|DRD4|HTR2A	10uM	VCAP	6h	LINCSCP_291704
LINCSCP_66792	-0.2513251337	0.007796668972	111	Vorinostat	LSM-3828	HDAC1|HDAC2|HDAC3|HDAC6|HDAC8	10uM	HA1E	6h	LINCSCP_66792
LINCSCP_176897	-0.2513240752	0.007796937109	111	Trifluoperazine	LSM-4010	DRD2|DRD3|DRD4|HTR2A|HTR2C	10uM	A375	24h	LINCSCP_176897
LINCSCP_25642	-0.2512484485	0.007816115402	111	BAS 00631343	LSM-6284	NA	10uM	HT29	24h	LINCSCP_25642
LINCSCP_217434	0.2512446355	0.007817083455	111	Rifampicin	LSM-43162	NR1I2	10uM	HCC515	6h	LINCSCP_217434
LINCSCP_21947	-0.2511989513	0.007828690044	111	VU0418000-1	LSM-4203	NA	10uM	HEPG2	6h	LINCSCP_21947
LINCSCP_1155	0.2511838851	0.007832521103	111	AC1LS3SF	LSM-2797	NA	10uM	A375	24h	LINCSCP_1155
LINCSCP_21285	-0.2511594859	0.007838728922	111	Troglitazone	LSM-4890	PPARG	10uM	HEC108	6h	LINCSCP_21285
LINCSCP_169719	-0.2511593333	0.00783876775	111	Midostaurin	LSM-2287	FLT3|KDR|KIT|PDGFRA|PDGFRB|PRKCA|PRKCB|PRKCD|PRKCE|PRKCG|PRKCH|PRKCI|PRKCQ|PRKCZ|PRKD1|PRKD3	0.37uM	YAPC	24h	LINCSCP_169719
LINCSCP_16589	0.2511006374	0.007853719429	111	Withaferin-A	LSM-5073	IKBKB|NAMPT	10uM	HA1E	6h	LINCSCP_16589
LINCSCP_25283	-0.2510899644	0.007856440879	111	E6 Berbamine	LSM-3111	CALM1	10uM	HT29	24h	LINCSCP_25283
LINCSCP_107827	-0.251075515	0.007860126585	111	Thioguanine	LSM-6723	NA	1.11uM	HELA	24h	LINCSCP_107827
LINCSCP_12301	-0.251062889	0.007863348433	111	PD-0325901	LSM-1101	MAP2K1|MAP2K2	0.5uM	BT20	6h	LINCSCP_12301
LINCSCP_172799	0.2510047205	0.007878206675	111	tetrahydropalmatine	LSM-45878	NA	0.12uM	YAPC	24h	LINCSCP_172799
LINCSCP_99276	-0.2509678699	0.007887632417	111	Deferasirox	LSM-45297	NA	10uM	HA1E	24h	LINCSCP_99276
LINCSCP_66371	-0.2509653753	0.007888270853	111	13-Hydroxy-8,14,19-trimethoxy-4,10,12,16-tetramethyl-3,20,22-trioxo-2-azabicyclo[16.3.1]docosa-1(21),4,6,10,18-pentaen-9-yl carbamate	LSM-42815	HSP90AA1	10uM	A375	6h	LINCSCP_66371
LINCSCP_119377	0.2509427248	0.007894069814	111	GSK 525762A	LSM-6334	NA	0.04uM	HT29	24h	LINCSCP_119377
LINCSCP_83900	0.2509179686	0.007900412176	111	GSK 1059615	LSM-42799	PIK3CA|PIK3CB|PIK3CD|PIK3CG	0.12uM	ASC.C	24h	LINCSCP_83900
LINCSCP_128015	0.2508941109	0.007906528615	111	CHEMBL552425	LSM-1003	DDR1	0.04uM	HUES3	24h	LINCSCP_128015
LINCSCP_41852	-0.2508523574	0.007917243098	111	Fedratinib	LSM-1142	FLT3|JAK2	10uM	NOMO1	6h	LINCSCP_41852
LINCSCP_16660	-0.2508469549	0.007918630375	111	XMD 8-92	LSM-1094	MAPK7	10uM	HA1E	6h	LINCSCP_16660
LINCSCP_114340	0.2508415789	0.007920011081	111	AZ20	LSM-36357	NA	10uM	HME1	24h	LINCSCP_114340
LINCSCP_68975	0.2507954113	0.007931876862	111	Crizotinib	LSM-1027	ALK|MET	1.11uM	A375	24h	LINCSCP_68975
LINCSCP_25339	-0.2507749824	0.0079371324	111	Quinpirole Dihydrochloride	LSM-1868	DRD2|DRD3|DRD4	10uM	HT29	6h	LINCSCP_25339
LINCSCP_49053	-0.2507445823	0.007944958844	111	BRD-K93158953	LSM-42330	NA	10uM	PC3	24h	LINCSCP_49053
LINCSCP_32315	-0.2506931922	0.007958204622	111	Saracatinib	LSM-1032	ABL1|SRC	10uM	MCF7	6h	LINCSCP_32315
LINCSCP_83555	-0.2506894757	0.007959163288	111	852475-26-4	LSM-43291	NA	0.04uM	ASC.C	24h	LINCSCP_83555
LINCSCP_22113	-0.2506666251	0.007965059917	111	MLS002264466	LSM-3995	NA	10uM	HEPG2	6h	LINCSCP_22113
LINCSCP_16943	0.2506565282	0.007967666647	111	BRD-K09186736-001-01-2	LSM-37761	NA	10uM	HA1E	6h	LINCSCP_16943
LINCSCP_109449	0.2506038819	0.007981270703	111	Naftifine	LSM-43018	NA	10uM	HELA	24h	LINCSCP_109449
LINCSCP_23724	0.2505880645	0.007985361993	111	Omacetaxine Mepesuccinate	LSM-3716	NA	10uM	HEPG2	6h	LINCSCP_23724
LINCSCP_46104	0.2505583572	0.007993051017	111	Vindesine	LSM-5693	NA	10uM	PC3	24h	LINCSCP_46104
LINCSCP_172687	-0.2504945755	0.008009581487	111	Amuvatinib	LSM-1118	FLT3|KIT|MET|PDGFRA	10uM	YAPC	24h	LINCSCP_172687
LINCSCP_13835	-0.250371342	0.008041605732	111	Cucurbitacin I	LSM-42825	JAK2|STAT3	10uM	HA1E	6h	LINCSCP_13835
LINCSCP_67732	-0.2502232339	0.008080243592	111	Vorinostat	LSM-3828	HDAC1|HDAC2|HDAC3|HDAC6|HDAC8	10uM	NEU	6h	LINCSCP_67732
LINCSCP_111566	0.2502073879	0.008084387133	111	GW843682X	LSM-1014	PLK1|PLK3	3.33uM	HEPG2	24h	LINCSCP_111566
LINCSCP_52478	0.2501948954	0.008087655096	111	AC1NWAPO	LSM-1425	NA	10uM	SKB	24h	LINCSCP_52478
LINCSCP_106423	0.2501552045	0.008098045723	111	Tedizolid	LSM-45778	NA	0.04uM	HELA	24h	LINCSCP_106423
LINCSCP_44151	0.2501452849	0.008100644396	111	Omacetaxine Mepesuccinate	LSM-3716	NA	10uM	PC3	6h	LINCSCP_44151
LINCSCP_18310	0.2501361248	0.008103044738	111	Haematoxylone, Tetramethyl-	LSM-3804	NA	10uM	HCC515	24h	LINCSCP_18310
LINCSCP_220799	-0.2499901054	0.008141393314	111	ST50177349	LSM-3880	SHH|SMO	10uM	HEPG2	6h	LINCSCP_220799
LINCSCP_24960	0.2499900638	0.00814140427	111	MLS006011051	LSM-42801	BRAF	10uM	HS578T	6h	LINCSCP_24960
LINCSCP_35794	-0.2499352195	0.008155849185	111	Thioridazine	LSM-1863	DRD1|DRD2|DRD3|DRD4|HTR2A|HTR2C	10uM	MCF7	6h	LINCSCP_35794
LINCSCP_149004	-0.2498612198	0.008175375108	111	Belinostat	LSM-43181	HDAC1|HDAC10|HDAC11|HDAC2|HDAC3|HDAC4|HDAC5|HDAC6|HDAC7|HDAC8|HDAC9	3.33uM	NPC	24h	LINCSCP_149004
LINCSCP_66817	-0.2498554097	0.008176909934	111	Trichostatin A, Streptomyces Sp.	LSM-42814	HDAC1|HDAC10|HDAC3|HDAC4|HDAC6|HDAC7|HDAC8	10uM	HA1E	6h	LINCSCP_66817
LINCSCP_284657	0.2498520805	0.008177789492	111	L701324	LSM-2157	GRIN1|GRIN2A|GRIN2B	10uM	SKB	24h	LINCSCP_284657
LINCSCP_66835	-0.2498253188	0.008184862966	111	Vorinostat	LSM-3828	HDAC1|HDAC2|HDAC3|HDAC6|HDAC8	10uM	HA1E	6h	LINCSCP_66835
LINCSCP_69345	0.2498141519	0.008187816122	111	SCHEMBL6874948	LSM-5674	LCK	3.33uM	A375	24h	LINCSCP_69345
LINCSCP_288994	-0.2497792319	0.008197056997	111	Blebbistatin	LSM-6195	MYH2	40uM	U937	6h	LINCSCP_288994
LINCSCP_112244	0.2497770547	0.008197633435	111	Vandetanib	LSM-1199	EGFR|EPHA1|EPHA10|EPHA2|EPHA3|EPHA4|EPHA5|EPHA6|EPHA7|EPHA8|EPHB1|EPHB2|EPHB3|EPHB4|EPHB6|ERBB2|ERBB3|ERBB4|FLT1|FLT4|KDR|PTK6|RET|SRC|TEK	0.37uM	HEPG2	24h	LINCSCP_112244
LINCSCP_68163	-0.2497393435	0.00820762392	111	Trichostatin A, Streptomyces Sp.	LSM-42814	HDAC1|HDAC10|HDAC3|HDAC4|HDAC6|HDAC7|HDAC8	3uM	PC3	6h	LINCSCP_68163
LINCSCP_54203	0.249707733	0.008216006448	111	Cytochalasin B	LSM-43278	ACTB	10uM	SW620	6h	LINCSCP_54203
LINCSCP_53107	0.249634487	0.00823545903	111	RS-23597-190	LSM-6204	HTR4	100uM	SKM1	6h	LINCSCP_53107
LINCSCP_264450	-0.2496313868	0.008236283266	111	13-Hydroxy-8,14,19-trimethoxy-4,10,12,16-tetramethyl-3,20,22-trioxo-2-azabicyclo[16.3.1]docosa-1(21),4,6,10,18-pentaen-9-yl carbamate	LSM-42815	HSP90AA1	10uM	PC3	6h	LINCSCP_264450
LINCSCP_235600	0.2496270977	0.00823742372	111	Estradiol	LSM-2421	ESR1|ESR2|NR1I2	0.5uM	MCF7	24h	LINCSCP_235600
LINCSCP_147390	-0.2495969015	0.008245456683	111	Amuvatinib	LSM-1118	FLT3|KIT|MET|PDGFRA	10uM	NPC.CAS9	24h	LINCSCP_147390
LINCSCP_16080	-0.2495815245	0.008249550032	111	SCHEMBL2557158	LSM-4121	NA	10uM	HA1E	6h	LINCSCP_16080
LINCSCP_133976	-0.2495283238	0.008263725831	111	GSK429286A	LSM-1012	ROCK1	3.33uM	MCF7	24h	LINCSCP_133976
LINCSCP_56994	-0.2494791041	0.008276860012	111	MLS000564806	LSM-4368	NA	10uM	VCAP	6h	LINCSCP_56994
LINCSCP_83699	-0.249472582	0.008278601806	111	EMF-sumo1-1	NA	NA	3.33uM	ASC.C	24h	LINCSCP_83699
LINCSCP_12092	-0.2494350856	0.008288621837	111	C24H25CLFN5O3	LSM-42794	EGFR|ERBB2|ERBB4	0.1uM	BT20	24h	LINCSCP_12092
LINCSCP_170429	0.2493920636	0.008300131653	111	Histamine 2HCl	LSM-45288	HRH1	0.04uM	YAPC	24h	LINCSCP_170429
LINCSCP_160520	0.2493588278	0.008309033001	111	GDC-0152	LSM-45425	NA	10uM	PC3	24h	LINCSCP_160520
LINCSCP_398	-0.2493442432	0.008312941747	111	SPECTRUM_001095	LSM-1280	NR3C1	10uM	A375	6h	LINCSCP_398
LINCSCP_46806	0.2493120356	0.008321579338	111	MLS002725680	LSM-2842	NA	10uM	PC3	24h	LINCSCP_46806
LINCSCP_193619	0.249289625	0.00832759416	111	BRD-K57293132	LSM-6131	NA	10uM	A549	24h	LINCSCP_193619
LINCSCP_30923	0.249288498	0.008327896749	111	MLS002729050	LSM-1996	NA	10uM	MCF7	24h	LINCSCP_30923
LINCSCP_18016	0.2492458525	0.008339353448	111	Omacetaxine Mepesuccinate	LSM-3716	NA	10uM	HCC515	24h	LINCSCP_18016
LINCSCP_152212	-0.2491925986	0.008353679636	111	HY-11007	LSM-1022	ABL1|BCR	0.37uM	PC3	24h	LINCSCP_152212
LINCSCP_60784	0.2491257049	0.008371705878	111	BRD-K61553312	LSM-8297	NA	5uM	VCAP	24h	LINCSCP_60784
LINCSCP_38469	0.2491141547	0.00837482187	111	TL_HRAS26	LSM-2013	NA	3.33uM	MCF7	24h	LINCSCP_38469
LINCSCP_89837	-0.2491105642	0.008375790711	111	Clarithromycin	LSM-5606	NA	3.33uM	HA1E	24h	LINCSCP_89837
LINCSCP_67716	-0.2490719576	0.008386214364	111	Vorinostat	LSM-3828	HDAC1|HDAC2|HDAC3|HDAC6|HDAC8	1uM	NEU	24h	LINCSCP_67716
LINCSCP_50269	-0.2490702414	0.008386677982	111	NSC 663284	LSM-2042	CDC25A|CDC25B	10uM	PHH	24h	LINCSCP_50269
LINCSCP_115531	0.2490493409	0.008392326108	111	936890-98-1	LSM-42786	MTOR	3.33uM	HS578T	24h	LINCSCP_115531
LINCSCP_20756	0.2490409088	0.008394605734	111	BRD-K85592362	LSM-41939	NA	10uM	HCC515	6h	LINCSCP_20756
LINCSCP_10924	-0.2489906531	0.008408203724	111	F1566-0341	LSM-4706	NA	10uM	ASC	24h	LINCSCP_10924
LINCSCP_45162	-0.2489727141	0.008413062282	111	GF-109203	LSM-2677	PRKCA	10uM	PC3	6h	LINCSCP_45162
LINCSCP_55301	-0.2489692954	0.008413988485	111	BRD-A95504714	LSM-45336	NA	10uM	U937	24h	LINCSCP_55301
LINCSCP_162867	-0.248953313	0.008418319649	111	PF431396	LSM-1116	NA	1.11uM	SKBR3	24h	LINCSCP_162867
LINCSCP_46696	0.2489009634	0.008432519908	111	SCHEMBL618594	LSM-1070	NA	10uM	PC3	24h	LINCSCP_46696
LINCSCP_14751	0.2488791373	0.00843844665	111	Ambroxol	LSM-3260	CYP3A4	10uM	HA1E	24h	LINCSCP_14751
LINCSCP_48694	-0.2488550499	0.008444991713	111	BRD-K75725875	LSM-41393	NA	10uM	PC3	6h	LINCSCP_48694
LINCSCP_122914	-0.2487985421	0.008460363636	111	Vidofludimus	LSM-45600	NA	10uM	HT29	24h	LINCSCP_122914
LINCSCP_27913	-0.2487941591	0.00846155698	111	BRD-K48914099	LSM-39992	NA	5uM	HT29	24h	LINCSCP_27913
LINCSCP_25249	-0.2487775098	0.00846609141	111	Thioridazine	LSM-1863	DRD1|DRD2|DRD3|DRD4|HTR2A|HTR2C	10uM	HT29	24h	LINCSCP_25249
LINCSCP_94691	0.2487640807	0.00846975035	111	Dinoprost	LSM-45599	PTGFR	0.12uM	HA1E	24h	LINCSCP_94691
LINCSCP_99932	-0.2487314614	0.008478643774	111	Radicicol	LSM-43303	NA	1.11uM	HCC515	24h	LINCSCP_99932
LINCSCP_54221	0.2487281471	0.008479547841	111	ST021200	LSM-4601	NA	10uM	SW620	6h	LINCSCP_54221
LINCSCP_18467	0.2486830342	0.008491862272	111	Racecadotril	LSM-1286	MME	10uM	HCC515	24h	LINCSCP_18467
LINCSCP_154141	-0.248653544	0.008499920721	111	Balicatib	LSM-45647	NA	3.33uM	PC3	24h	LINCSCP_154141
LINCSCP_168988	-0.2486416464	0.008503173739	111	Sepantronium	LSM-5399	BIRC5	0.12uM	YAPC	24h	LINCSCP_168988
LINCSCP_20768	0.2486058413	0.008512970138	111	Hydroxyl	LSM-44628	NA	0.5uM	HCC515	24h	LINCSCP_20768
LINCSCP_77425	-0.2485917824	0.008516819429	111	Lafutidine	LSM-45448	NA	1.11uM	A375	24h	LINCSCP_77425
LINCSCP_24825	0.2485422915	0.008530382115	111	Nilotinib	LSM-1099	ABL1|BCR|KIT	1uM	HS578T	24h	LINCSCP_24825
LINCSCP_53541	-0.2485411679	0.008530690235	111	CHEMBL436817	LSM-6200	NA	40uM	SNGM	6h	LINCSCP_53541
LINCSCP_26617	-0.2485217314	0.008536022069	111	SMR000217164	LSM-2440	NA	10uM	HT29	6h	LINCSCP_26617
LINCSCP_78380	-0.2484433283	0.00855755949	111	tioconazole	LSM-45902	NA	0.12uM	A375	24h	LINCSCP_78380
LINCSCP_188480	0.2484323993	0.008560565483	111	AC1LS3SF	LSM-2797	NA	10uM	A549	6h	LINCSCP_188480
LINCSCP_172969	0.2484226303	0.008563253223	111	CC-930	LSM-45244	MAPK10|MAPK8|MAPK9	3.33uM	YAPC	24h	LINCSCP_172969
LINCSCP_14851	-0.2483823643	0.008574339465	111	Brazilin	LSM-1844	NA	10uM	HA1E	6h	LINCSCP_14851
LINCSCP_51346	-0.248356951	0.00858134286	111	WH-4-025	LSM-45317	NA	0.5uM	SKBR3	24h	LINCSCP_51346
LINCSCP_10385	0.2483566819	0.00858141705	111	ZINC68199948	LSM-6249	TP53	10uM	A673	6h	LINCSCP_10385
LINCSCP_15993	-0.2483498245	0.008583307709	111	ML181	LSM-2790	NPBWR1	10uM	HA1E	6h	LINCSCP_15993
LINCSCP_48709	-0.2483451494	0.008584596869	111	BRD-K96396151	LSM-42501	NA	10uM	PC3	6h	LINCSCP_48709
LINCSCP_19032	0.2483393281	0.008586202371	111	Isocycloheximide	LSM-1687	RPL3	10uM	HCC515	6h	LINCSCP_19032
LINCSCP_63047	0.2482979139	0.008597631839	111	MLS003487589	LSM-42592	NA	5uM	VCAP	24h	LINCSCP_63047
LINCSCP_151426	0.2482891306	0.008600057577	111	QL47	LSM-6019	BMX|BTK	0.37uM	PC3	24h	LINCSCP_151426
LINCSCP_107594	0.2482573261	0.008608846246	111	Taselisib	LSM-45140	PIK3CA|PIK3CB|PIK3CD|PIK3CG|PIK3R1|PIK3R2|PIK3R3|PIK3R5	1.11uM	HELA	24h	LINCSCP_107594
LINCSCP_9592	-0.2482560481	0.008609199547	111	O-Demethylated Adapalene	LSM-6237	RARG	0.01uM	A549	6h	LINCSCP_9592
LINCSCP_22857	0.2482258662	0.008617547482	111	Isocycloheximide	LSM-1687	RPL3	10uM	HEPG2	6h	LINCSCP_22857
LINCSCP_109988	0.2482224634	0.008618489088	111	Vandetanib	LSM-1199	EGFR|EPHA1|EPHA10|EPHA2|EPHA3|EPHA4|EPHA5|EPHA6|EPHA7|EPHA8|EPHB1|EPHB2|EPHB3|EPHB4|EPHB6|ERBB2|ERBB3|ERBB4|FLT1|FLT4|KDR|PTK6|RET|SRC|TEK	0.04uM	HELA	24h	LINCSCP_109988
LINCSCP_166076	0.2481619235	0.008635256754	111	Chelerythrine	LSM-1187	NA	0.12uM	SKL	24h	LINCSCP_166076
LINCSCP_93942	-0.2481598501	0.008635831543	111	Dexniguldipine	LSM-15285	NA	10uM	HA1E	24h	LINCSCP_93942
LINCSCP_26633	-0.2481234493	0.008645927843	111	ZINC101150009	LSM-43197	NA	10uM	HT29	6h	LINCSCP_26633
LINCSCP_172949	0.2481131269	0.00864879283	111	1-(4-fluorobenzyl)-N-(piperidin-4-yl)-1H-benzo[d]imidazol-2-amine	LSM-45608	NA	0.04uM	YAPC	24h	LINCSCP_172949
LINCSCP_140566	0.2481127459	0.008648898591	111	Andrographolide	LSM-45595	NA	0.04uM	MCF7	24h	LINCSCP_140566
LINCSCP_59048	0.2480970029	0.008653269679	111	Brivanib	LSM-5421	FGFR1|FGFR2|FGFR3|FGFR4|FLT1|FLT4|KDR	10uM	VCAP	6h	LINCSCP_59048
LINCSCP_151280	-0.2480195697	0.008674797676	111	PD-173074	LSM-1026	FGFR1|FGFR3	3.33uM	PC3	24h	LINCSCP_151280
LINCSCP_68556	-0.2479769466	0.008686667885	111	13-Methyl-7-[9-(4,4,5,5,5-pentafluoropentylsulfinyl)nonyl]-6,7,8,9,11,12,14,15,16,17-decahydrocyclopenta[a]phenanthrene-3,17-diol	LSM-1895	ESR1	10uM	VCAP	24h	LINCSCP_68556
LINCSCP_163702	-0.2479002676	0.008708058445	111	Radicicol	LSM-43303	NA	3.33uM	SKBR3	24h	LINCSCP_163702
LINCSCP_34179	-0.2478944556	0.008709681671	111	AHOUBRCZNHFOSL-UHFFFAOYSA-N	LSM-5101	SLC6A4	10uM	MCF7	6h	LINCSCP_34179
LINCSCP_102997	0.2478287642	0.008728047035	111	Piracetam	LSM-5364	NA	0.04uM	HELA	24h	LINCSCP_102997
LINCSCP_138330	-0.2478216936	0.008730025801	111	AC480 (BMS-599626)	LSM-45494	EGFR|ERBB2|ERBB4	10uM	MCF7	24h	LINCSCP_138330
LINCSCP_45840	-0.2477786371	0.008742084038	111	KUC104226	LSM-3582	NA	10uM	PC3	6h	LINCSCP_45840
LINCSCP_22255	-0.2477699405	0.008744521347	111	MLS002276500	LSM-3964	NA	10uM	HEPG2	6h	LINCSCP_22255
LINCSCP_34674	-0.2477496484	0.008750210747	111	BRD-K59850506-001-01-0	LSM-5694	AR|ESR1|PGR	10uM	MCF7	24h	LINCSCP_34674
LINCSCP_22177	0.2477311579	0.008755397884	111	5-Methoxytryptamine	LSM-4582	HTR2A|HTR6	10uM	HEPG2	6h	LINCSCP_22177
LINCSCP_44245	-0.2477118233	0.008760824691	111	Mometasone Furoate	LSM-3349	NR3C1	10uM	PC3	24h	LINCSCP_44245
LINCSCP_59616	-0.2477048881	0.008762771969	111	Mercaptopurine	LSM-5963	PPAT	10uM	VCAP	6h	LINCSCP_59616
LINCSCP_99412	0.2476941366	0.008765791578	111	Mitoxantrone	LSM-2481	TOP2A	0.12uM	HCC515	24h	LINCSCP_99412
LINCSCP_23356	0.2476739876	0.008771452941	111	SCHEMBL16980377	LSM-6821	NA	3uM	HEPG2	24h	LINCSCP_23356
LINCSCP_82710	-0.2476702387	0.00877250667	111	MGCD-265	LSM-1124	AXL|FLT1|FLT4|KDR|MET|MST1R|TEK	10uM	A549	24h	LINCSCP_82710
LINCSCP_117806	-0.2476500568	0.008778181108	111	CC-401	LSM-1186	NA	0.04uM	HT29	24h	LINCSCP_117806
LINCSCP_117849	-0.2475819347	0.008797358595	111	MGCD-265	LSM-1124	AXL|FLT1|FLT4|KDR|MET|MST1R|TEK	10uM	HT29	24h	LINCSCP_117849
LINCSCP_13664	0.247572706	0.008799959444	111	Ethyl 1-benzyl-4,5-dioxopyrrolidine-3-carboxylate	LSM-1941	AKR1B1	10uM	HA1E	24h	LINCSCP_13664
LINCSCP_131629	-0.2475527385	0.008805589081	111	C24H25CLFN5O3	LSM-42794	EGFR|ERBB2|ERBB4	3.33uM	MCF10A	3h	LINCSCP_131629
LINCSCP_160244	-0.2475485737	0.008806763712	111	PF-04457845	LSM-45946	NA	10uM	PC3	24h	LINCSCP_160244
LINCSCP_67294	-0.24749601	0.00882160041	111	Wortmannin	LSM-3947	PIK3CA|PIK3CG|PLK1	10uM	MCF7	6h	LINCSCP_67294
LINCSCP_1919	0.247482876	0.008825311072	111	Vindesine	LSM-5693	NA	10uM	A375	6h	LINCSCP_1919
LINCSCP_156672	0.2474719168	0.008828408361	111	Colchicine	LSM-5199	TUBA1A|TUBA1B|TUBA1C|TUBA3E|TUBA4A|TUBB|TUBB1|TUBB2A|TUBB2B|TUBB3|TUBB4A|TUBB4B|TUBB6|TUBB8	10uM	PC3	24h	LINCSCP_156672
LINCSCP_32827	0.2474381923	0.008837945574	111	Remacemide	LSM-1489	GRIN1	10uM	MCF7	24h	LINCSCP_32827
LINCSCP_23444	-0.2474221155	0.008842495231	111	SCHEMBL16984308	LSM-6838	NA	10uM	HEPG2	24h	LINCSCP_23444
LINCSCP_18888	0.2473628094	0.008859296493	111	Primidone	LSM-2700	GABRA1|GABRA2|GABRA3|GABRA4|GABRA5|GABRA6|GABRB1|GABRB2|GABRB3|GABRD|GABRE|GABRG1|GABRG2|GABRG3|GABRP|GABRQ|SCN10A|SCN11A|SCN1A|SCN2A|SCN3A|SCN4A|SCN5A|SCN7A|SCN8A|SCN9A	10uM	HCC515	24h	LINCSCP_18888
LINCSCP_310525	0.2473448441	0.008864391548	111	BRD-K15960830	LSM-38105	NA	10uM	VCAP	6h	LINCSCP_310525
LINCSCP_66878	-0.2473392913	0.008865966882	111	13-Hydroxy-8,14,19-trimethoxy-4,10,12,16-tetramethyl-3,20,22-trioxo-2-azabicyclo[16.3.1]docosa-1(21),4,6,10,18-pentaen-9-yl carbamate	LSM-42815	HSP90AA1	10uM	HCC515	24h	LINCSCP_66878
LINCSCP_25596	-0.2473365446	0.008866746207	111	Carbamazepine	LSM-3610	SCN10A|SCN11A|SCN1A|SCN2A|SCN3A|SCN4A|SCN5A|SCN7A|SCN8A|SCN9A	100uM	HT29	24h	LINCSCP_25596
LINCSCP_73215	0.2473341088	0.008867437387	111	Anacetrapib (MK-0859)	LSM-45618	NA	0.37uM	A375	24h	LINCSCP_73215
LINCSCP_20594	0.2472986273	0.008877510777	111	MLS000703473	LSM-6571	NA	10uM	HCC515	6h	LINCSCP_20594
LINCSCP_174149	-0.2472746897	0.008884312487	111	SGI-1776	LSM-6307	PIM1|PIM2|PIM3	10uM	YAPC	24h	LINCSCP_174149
LINCSCP_174143	-0.2472026515	0.008904809337	111	Masitinib	LSM-1130	FGFR3|KIT|LYN|PDGFRA|PDGFRB	10uM	YAPC	24h	LINCSCP_174143
LINCSCP_1323	0.2471972937	0.008906335464	111	CHEMBL1271117	LSM-3371	NA	10uM	A375	6h	LINCSCP_1323
LINCSCP_23078	0.2471879653	0.008908993092	111	7,4'-Dihydroxyflavone	LSM-4649	NA	10uM	HEPG2	6h	LINCSCP_23078
LINCSCP_249683	0.2471802008	0.00891120571	111	Wortmannin	LSM-3947	PIK3CA|PIK3CG|PLK1	0.5uM	MCF7	24h	LINCSCP_249683
LINCSCP_205877	0.2470666809	0.008943610287	111	Fumonisin-B1	LSM-6190	CERS1	100uM	CORL23	6h	LINCSCP_205877
LINCSCP_25810	-0.2470438401	0.0089501428	111	N9-Isopropylolomoucine	LSM-3607	CDK1|CDK5	100uM	HT29	6h	LINCSCP_25810
LINCSCP_69161	-0.2470081714	0.008960352511	111	Seliciclib	LSM-1001	CDK1|CDK2|CDK5|CDK7|CDK9	1.11uM	A375	24h	LINCSCP_69161
LINCSCP_9630	0.2468833646	0.008996157616	111	Omacetaxine Mepesuccinate	LSM-3716	NA	0.5uM	A549	6h	LINCSCP_9630
LINCSCP_69111	0.2468779602	0.008997710893	111	Buparlisib	LSM-1148	PIK3CA|PIK3CB|PIK3CD|PIK3CG|PIK3R1|PIK3R2|PIK3R3|PIK3R5	10uM	A375	24h	LINCSCP_69111
LINCSCP_116777	0.2468761038	0.008998244499	111	ZSTK 474	LSM-1053	PIK3CG	1.11uM	HT29	24h	LINCSCP_116777
LINCSCP_94722	0.2468438238	0.009007527503	111	naftidrofuryl	LSM-45485	NA	0.04uM	HA1E	24h	LINCSCP_94722
LINCSCP_38857	0.2467912493	0.009022664795	111	Camptothecin	LSM-4611	TOP1	0.001uM	MCF7	6h	LINCSCP_38857
LINCSCP_13977	-0.246769161	0.009029031138	111	PCA-4248	LSM-1433	PTAFR	10uM	HA1E	24h	LINCSCP_13977
LINCSCP_140766	0.2467174532	0.009043950028	111	dexamethasone	LSM-5512	NR3C1	3.33uM	MCF7	24h	LINCSCP_140766
LINCSCP_5626	-0.2466181283	0.009072668389	111	MLS001060803	LSM-1865	NA	10uM	A549	6h	LINCSCP_5626
LINCSCP_14266	-0.2466147025	0.009073660342	111	PP 1	LSM-3047	NA	10uM	HA1E	6h	LINCSCP_14266
LINCSCP_79847	-0.2465608022	0.009089279918	111	Dequalinium	LSM-5846	NA	1.11uM	A375	24h	LINCSCP_79847
LINCSCP_54945	0.2465299343	0.009098235665	111	ASN 05257430	LSM-2975	NA	10uM	THP1	6h	LINCSCP_54945
LINCSCP_35879	-0.2465279968	0.009098798048	111	AC1MJ3VH	LSM-1731	TOP2A	1uM	MCF7	24h	LINCSCP_35879
LINCSCP_2594	-0.2465003925	0.009106813956	111	Estradiol	LSM-2421	ESR1|ESR2|NR1I2	10uM	A375	6h	LINCSCP_2594
LINCSCP_1786	-0.2464848004	0.009111344436	111	CHEMBL1474834	LSM-2118	CLK1|CLK4|DYRK1A|DYRK1B	10uM	A375	6h	LINCSCP_1786
LINCSCP_172352	-0.2464584982	0.009118991338	111	MOXIDECTIN	LSM-45247	NA	10uM	YAPC	24h	LINCSCP_172352
LINCSCP_35560	0.2464541505	0.009120255914	111	CHEMBL2381524	LSM-44612	NA	0.1uM	MCF7	6h	LINCSCP_35560
LINCSCP_25697	-0.2464085201	0.009133537209	111	Rita	LSM-6201	MDM2	10uM	HT29	6h	LINCSCP_25697
LINCSCP_164782	0.2463426079	0.009152751813	111	Rucaparib	LSM-4947	PARP1|PARP2|PARP3	0.12uM	SKL.C	24h	LINCSCP_164782
LINCSCP_12019	-0.2463119983	0.009161687159	111	WZ 4002	LSM-1085	EGFR|ERBB2	10uM	BT20	6h	LINCSCP_12019
LINCSCP_9107	0.246299986	0.009165195822	111	4-Deoxyuridine	LSM-6181	CDA|DNMT1	3uM	A549	24h	LINCSCP_9107
LINCSCP_305030	-0.2462966727	0.009166163795	111	BRD-K42733037	LSM-11026	NA	5uM	VCAP	24h	LINCSCP_305030
LINCSCP_223089	-0.2462947315	0.009166730953	111	TGX-115	LSM-6262	NA	100uM	HT115	6h	LINCSCP_223089
LINCSCP_48697	-0.2462320168	0.009185071078	111	BRD-K78014537	LSM-41528	NA	10uM	PC3	6h	LINCSCP_48697
LINCSCP_88232	0.2461963285	0.009195522085	111	QL47	LSM-6019	BMX|BTK	0.37uM	HA1E	24h	LINCSCP_88232
LINCSCP_38790	-0.2461641713	0.009204948006	111	CHEMBL2333346	LSM-36791	NA	10uM	MCF7	24h	LINCSCP_38790
LINCSCP_107673	0.2461588544	0.009206507317	111	CC-401	LSM-1186	NA	0.37uM	HELA	24h	LINCSCP_107673
LINCSCP_125898	-0.2461437985	0.009210924089	111	AMSACRINE	LSM-45972	NA	1.11uM	HT29	24h	LINCSCP_125898
LINCSCP_11816	-0.2461332219	0.009214027918	111	Neratinib	LSM-42778	EGFR|ERBB2|ERBB4	0.5uM	BT20	24h	LINCSCP_11816
LINCSCP_59028	0.2461327619	0.009214162935	111	8-Epi-15-d2c-isop	LSM-43167	PTGDR|PTGDR2	10uM	VCAP	6h	LINCSCP_59028
LINCSCP_21456	0.246111494	0.009220407138	111	AC1NWALX	LSM-1410	RPS2	10uM	HEPG2	6h	LINCSCP_21456
LINCSCP_731	-0.2461099647	0.009220856279	111	Cerulenin	LSM-43210	FASN	40uM	A375	24h	LINCSCP_731
LINCSCP_18939	-0.2461063711	0.009221911786	111	Chlorprothixene	LSM-42990	DRD2|DRD3|HTR2A|HTR2C	10uM	HCC515	24h	LINCSCP_18939
LINCSCP_44407	-0.2461021297	0.009223157657	111	SCHEMBL6465902	LSM-3544	PDE5A	10uM	PC3	24h	LINCSCP_44407
LINCSCP_15121	-0.24607562	0.009230948115	111	4-Hydroxytamoxifen	LSM-42848	ESR1|ESR2	10uM	HA1E	6h	LINCSCP_15121
LINCSCP_173041	0.246029782	0.009244432271	111	Ttnpb	LSM-43006	RARB	1.11uM	YAPC	24h	LINCSCP_173041
LINCSCP_269193	-0.2460259217	0.009245568642	111	Anastrozole	LSM-5631	CYP19A1	10uM	PC3	24h	LINCSCP_269193
LINCSCP_51036	0.2459960334	0.009254371187	111	Phorbol 12-myristate-13-acetate	LSM-4341	PRKCA	10uM	RMUGS	6h	LINCSCP_51036
LINCSCP_49601	-0.2459377046	0.009271571064	111	4LY1	LSM-6529	HDAC1|HDAC2	1.11uM	PC3	24h	LINCSCP_49601
LINCSCP_30051	-0.2459016881	0.009282205591	111	Gefitinib	LSM-1098	EGFR	0.1uM	MCF10A	6h	LINCSCP_30051
LINCSCP_103130	0.2458942198	0.009284412097	111	brivanib	LSM-45738	NA	3.33uM	HELA	24h	LINCSCP_103130
LINCSCP_122740	-0.2458707807	0.009291340115	111	GSK1292263	LSM-45911	NA	10uM	HT29	24h	LINCSCP_122740
LINCSCP_28911	0.2458078376	0.00930996708	111	Emetine	LSM-2041	RPS2	3uM	HUH7	6h	LINCSCP_28911
LINCSCP_129939	-0.2457346287	0.009331673385	111	AT-7519	LSM-1004	CDK1|CDK10|CDK11B|CDK12|CDK13|CDK14|CDK15|CDK16|CDK17|CDK18|CDK19|CDK2|CDK20|CDK3|CDK4|CDK5|CDK6|CDK7|CDK8|CDK9	0.37uM	LNCAP	24h	LINCSCP_129939
LINCSCP_223956	-0.2456421986	0.009359142298	111	BDBM50127227	LSM-43025	FNTA|IKBKB	10uM	HT29	6h	LINCSCP_223956
LINCSCP_65027	0.2455957696	0.009372967173	111	Cycloheximide	LSM-2791	RPL3	1uM	VCAP	6h	LINCSCP_65027
LINCSCP_111299	0.2455556269	0.009384934686	111	CGP 60474	LSM-1025	CDK1	0.12uM	HEPG2	24h	LINCSCP_111299
LINCSCP_240459	-0.2455207781	0.009395334839	111	Canertinib	LSM-1120	EGFR|ERBB2|ERBB4	10uM	MCF7	6h	LINCSCP_240459
LINCSCP_54035	0.2454792848	0.009407731197	111	Purmorphamine	LSM-3649	SMO	40uM	SW480	6h	LINCSCP_54035
LINCSCP_33414	0.2454766655	0.009408514227	111	Omacetaxine Mepesuccinate	LSM-3716	NA	10uM	MCF7	24h	LINCSCP_33414
LINCSCP_66820	-0.2454490669	0.009416768011	111	Vorinostat	LSM-3828	HDAC1|HDAC2|HDAC3|HDAC6|HDAC8	10uM	HA1E	6h	LINCSCP_66820
LINCSCP_148350	0.2454425938	0.009418704829	111	SCHEMBL15556278	LSM-1002	DDR1	1.11uM	NPC.CAS9	24h	LINCSCP_148350
LINCSCP_24826	0.245402296	0.009430770163	111	SCHEMBL16980224	LSM-1092	AURKA	0.1uM	HS578T	24h	LINCSCP_24826
LINCSCP_28556	-0.2453969233	0.009432379799	111	ML162	LSM-1493	NA	3.33uM	HT29	24h	LINCSCP_28556
LINCSCP_259136	0.2453571245	0.009444310866	111	BRD-K96539190	LSM-42511	NA	10uM	NEU	24h	LINCSCP_259136
LINCSCP_27800	-0.245329293	0.009452662192	111	BRD-K32330804	LSM-10390	NA	5uM	HT29	24h	LINCSCP_27800
LINCSCP_26696	-0.2453107961	0.009458216097	111	AC1O9X68	LSM-6647	NA	10uM	HT29	6h	LINCSCP_26696
LINCSCP_11509	0.2452498688	0.00947653055	111	LE 300	LSM-2007	DRD5	10uM	ASC	24h	LINCSCP_11509
LINCSCP_52961	-0.2452313553	0.0094821018	111	Sirolimus	LSM-42783	FKBP1A|MTOR	10uM	SKLU1	6h	LINCSCP_52961
LINCSCP_150473	0.245211113	0.009488196589	111	AZD 1480	LSM-1140	JAK1|JAK2	1.11uM	NPC.TAK	24h	LINCSCP_150473
LINCSCP_69653	-0.2452104406	0.009488399074	111	LRRK2-IN-1	LSM-1086	LRRK2	0.37uM	A375	24h	LINCSCP_69653
LINCSCP_77459	-0.2451578298	0.009504256172	111	Famciclovir	LSM-2990	NA	10uM	A375	24h	LINCSCP_77459
LINCSCP_8732	-0.2451540004	0.009505411269	111	BRD-K39911750	LSM-39469	NA	5uM	A549	24h	LINCSCP_8732
LINCSCP_54896	-0.2451519058	0.009506043154	111	MLS000709026	LSM-43139	RAD51	40uM	THP1	6h	LINCSCP_54896
LINCSCP_45951	-0.2451275993	0.00951337829	111	SCHEMBL1675174	LSM-3678	NA	10uM	PC3	24h	LINCSCP_45951
LINCSCP_120563	0.2451274937	0.009513410177	111	138402-11-6	LSM-3338	AGTR1	10uM	HT29	24h	LINCSCP_120563
LINCSCP_45055	-0.2451155898	0.009517004314	111	MLS000038106	LSM-4068	NA	10uM	PC3	24h	LINCSCP_45055
LINCSCP_40103	-0.245063882	0.009532630349	111	BI-2536	LSM-1041	PLK1	10uM	NCIH2073	6h	LINCSCP_40103
LINCSCP_153522	-0.2450476928	0.009537527331	111	Etomoxir	LSM-6240	CPT1A	10uM	PC3	24h	LINCSCP_153522
LINCSCP_253995	0.2450373196	0.009540666219	111	BRD-K74489738	LSM-41328	NA	3uM	MCF7	24h	LINCSCP_253995
LINCSCP_255175	0.245024026	0.009544690159	111	MLN-8054	LSM-1066	AURKA	0.5uM	MCF7	24h	LINCSCP_255175
LINCSCP_14246	0.2450055939	0.009550271953	111	Glyburide	LSM-2811	ABCC8|CFTR|KCNJ11|KCNJ5|KCNJ8	10uM	HA1E	6h	LINCSCP_14246
LINCSCP_69491	-0.2449825579	0.009557252003	111	Dasatinib	LSM-1020	ABL1|BCR|BLK|EPHA2|FGR|FRK|FYN|HCK|KIT|LCK|LYN|PDGFRB|SRC|SRMS|YES1	0.37uM	A375	24h	LINCSCP_69491
LINCSCP_109959	-0.2449571281	0.009564962601	111	Thioguanosine	LSM-5832	NA	10uM	HELA	24h	LINCSCP_109959
LINCSCP_42093	-0.2449509563	0.009566834778	111	BRD-K95985487-001-01-3	LSM-36800	NA	3uM	NOMO1	6h	LINCSCP_42093
LINCSCP_51982	0.2449179157	0.009576862936	111	OSI-930	LSM-1179	FLT1|FLT4|KDR|KIT	0.1uM	SKBR3	6h	LINCSCP_51982
LINCSCP_113286	0.2448754345	0.009589770012	111	QL47	LSM-6019	BMX|BTK	0.37uM	HME1	24h	LINCSCP_113286
LINCSCP_53257	-0.2448708119	0.00959117541	111	16Beta-bromoandrosterone	LSM-6294	G6PD	10uM	SKM1	6h	LINCSCP_53257
LINCSCP_15385	0.2448590532	0.00959475123	111	PI-103	LSM-1126	MTOR|PIK3CA|PIK3CB|PIK3CD|PIK3CG	10uM	HA1E	24h	LINCSCP_15385
LINCSCP_78112	0.2448395141	0.009600695627	111	XL-147	LSM-45674	PIK3CA|PIK3CB|PIK3CD|PIK3CG|PIK3R1|PIK3R2|PIK3R3|PIK3R5	10uM	A375	24h	LINCSCP_78112
LINCSCP_7466	-0.2448228303	0.009605773925	111	Valyltryptophan	LSM-3021	NA	10uM	A549	6h	LINCSCP_7466
LINCSCP_241687	-0.2447820638	0.009618192583	111	ML7	LSM-4095	MYLK	10uM	MCF7	24h	LINCSCP_241687
LINCSCP_243170	0.2447417912	0.009630474637	111	Diflunisal	LSM-2490	PTGS1|PTGS2	10uM	MCF7	6h	LINCSCP_243170
LINCSCP_22595	-0.2446820072	0.009648732571	111	Xanthohumol	LSM-43235	VCP	10uM	HEPG2	6h	LINCSCP_22595
LINCSCP_150866	0.2446601015	0.009655430149	111	C21H27N7O3	LSM-1128	AKT1|AKT2|AKT3|PRKCQ	3.33uM	PC3	24h	LINCSCP_150866
LINCSCP_23574	0.244650688	0.009658309539	111	Emetine	LSM-2041	RPS2	10uM	HEPG2	6h	LINCSCP_23574
LINCSCP_67855	-0.2446172764	0.00966853557	111	13-Hydroxy-8,14,19-trimethoxy-4,10,12,16-tetramethyl-3,20,22-trioxo-2-azabicyclo[16.3.1]docosa-1(21),4,6,10,18-pentaen-9-yl carbamate	LSM-42815	HSP90AA1	10uM	PC3	6h	LINCSCP_67855
LINCSCP_54353	0.2445942054	0.009675602278	111	Cytosporone B	LSM-6280	NR4A1	10uM	SW620	6h	LINCSCP_54353
LINCSCP_21407	-0.244568662	0.009683431557	111	CAY10618	LSM-4946	NAMPT	10uM	HEC108	6h	LINCSCP_21407
LINCSCP_86106	-0.2445621537	0.009685427302	111	13-Hydroxy-8,14,19-trimethoxy-4,10,12,16-tetramethyl-3,20,22-trioxo-2-azabicyclo[16.3.1]docosa-1(21),4,6,10,18-pentaen-9-yl carbamate	LSM-42815	HSP90AA1	10uM	BT20	24h	LINCSCP_86106
LINCSCP_15641	-0.2445022395	0.009703816795	111	10-DEBC	LSM-4710	PIM1	20uM	HA1E	6h	LINCSCP_15641
LINCSCP_56134	0.2444958134	0.009705790978	111	Clofibric acid	LSM-2427	PPARA	10uM	VCAP	6h	LINCSCP_56134
LINCSCP_45939	-0.2444423007	0.009722244517	111	Tozasertib	LSM-1021	ABL1|AURKA|AURKB|AURKC|BCR|FLT3|JAK2	10uM	PC3	24h	LINCSCP_45939
LINCSCP_218179	-0.2444257357	0.009727342706	111	Broad-Sai-296	LSM-45315	NA	10uM	HCC515	24h	LINCSCP_218179
LINCSCP_57162	-0.2444033534	0.009734235027	111	CAY-10594	LSM-6256	PLD2	20uM	VCAP	6h	LINCSCP_57162
LINCSCP_105235	0.2443934932	0.009737272711	111	Acarbose	LSM-4631	AMY2A|MGAM	0.12uM	HELA	24h	LINCSCP_105235
LINCSCP_238297	-0.2443587511	0.009747982504	111	NNC 26-9100	LSM-2163	GBA|SSTR4	10uM	MCF7	24h	LINCSCP_238297
LINCSCP_130649	-0.2443411817	0.009753402496	111	Radicicol	LSM-43303	NA	10uM	MCF10A	24h	LINCSCP_130649
LINCSCP_298685	0.2443395347	0.009753910717	111	BRD-K94292824	LSM-8050	NA	5uM	VCAP	6h	LINCSCP_298685
LINCSCP_174024	-0.2443236999	0.009758798086	111	SNX-2112 (PF-04928473)	LSM-45259	NA	3.33uM	YAPC	24h	LINCSCP_174024
LINCSCP_87329	0.244309447	0.009763199038	111	N-(3-Fluoro-4-((7-methoxyquinolin-4-yl)oxy)phenyl)-1-(2-hydroxy-2-methylpropyl)-5-methyl-3-oxo-2-phenyl-2,3-dihydro-1H-pyrazole-4-carboxamide	LSM-1113	NA	10uM	CD34	24h	LINCSCP_87329
LINCSCP_240487	-0.2442974797	0.009766895594	111	WZ 4002	LSM-1085	EGFR|ERBB2	10uM	MCF7	6h	LINCSCP_240487
LINCSCP_260109	0.2442919551	0.009768602506	111	AGK 2	LSM-43196	SIRT2	10uM	NEU	6h	LINCSCP_260109
LINCSCP_93810	-0.2442838737	0.00977109985	111	KW-2478	LSM-45404	NA	10uM	HA1E	24h	LINCSCP_93810
LINCSCP_15262	0.244266831	0.009776368261	111	XAV 939	LSM-5303	TNKS|TNKS2	10uM	HA1E	24h	LINCSCP_15262
LINCSCP_32104	-0.2442547261	0.009780111754	111	CID 45006067	LSM-43074	NA	10uM	MCF7	24h	LINCSCP_32104
LINCSCP_149414	-0.244244673	0.009783221685	111	ZINC77024257	LSM-1171	MDM2	0.04uM	NPC	24h	LINCSCP_149414
LINCSCP_154613	0.2442104441	0.009793816949	111	LCQ-908	LSM-45255	DGAT1	0.04uM	PC3	24h	LINCSCP_154613
LINCSCP_62771	-0.2441962058	0.009798227276	111	BRD-K21547311	LSM-9736	NA	5uM	VCAP	24h	LINCSCP_62771
LINCSCP_78081	0.2441409115	0.009815371222	111	Podofilox	LSM-3055	NA	0.04uM	A375	24h	LINCSCP_78081
LINCSCP_31690	-0.244133315	0.009817728572	111	MLS001060802	LSM-1408	NA	10uM	MCF7	6h	LINCSCP_31690
LINCSCP_13391	0.2440655758	0.009838771427	111	STF62247	LSM-37217	NA	10uM	FIBRNPC	6h	LINCSCP_13391
LINCSCP_182704	-0.2440655476	0.009838780187	111	BRD-K36656125	LSM-10644	NA	5uM	A375	24h	LINCSCP_182704
LINCSCP_120558	-0.2440511336	0.009843262938	111	FK 866	LSM-43216	NAMPT	3.33uM	HT29	24h	LINCSCP_120558
LINCSCP_132854	-0.2440334948	0.00984875104	111	13-Hydroxy-8,14,19-trimethoxy-4,10,12,16-tetramethyl-3,20,22-trioxo-2-azabicyclo[16.3.1]docosa-1(21),4,6,10,18-pentaen-9-yl carbamate	LSM-42815	HSP90AA1	0.37uM	MCF7	24h	LINCSCP_132854
LINCSCP_19129	0.2439798259	0.009865466046	111	CHEMBL3188521	LSM-3435	NR1H4	10uM	HCC515	6h	LINCSCP_19129
LINCSCP_304028	-0.2439078314	0.009887927616	111	BRD-K57022684	LSM-11881	NA	5uM	VCAP	24h	LINCSCP_304028
LINCSCP_238337	0.2438702567	0.009899668374	111	5-Methoxytryptamine	LSM-4582	HTR2A|HTR6	10uM	MCF7	24h	LINCSCP_238337
LINCSCP_256510	0.2438510091	0.009905687304	111	Nicardipine	LSM-1418	CACNA1C|CACNA1D|CACNA1F|CACNA1S	10uM	NCIH1694	6h	LINCSCP_256510
LINCSCP_71183	0.2437873169	0.009925627501	111	PI 3-K/mTOR Inhibitor III, PKI-179	LSM-45478	MTOR|PIK3CA	1.11uM	A375	24h	LINCSCP_71183
LINCSCP_67807	-0.2437358603	0.009941762821	111	Vorinostat	LSM-3828	HDAC1|HDAC2|HDAC3|HDAC6|HDAC8	10uM	NPC	24h	LINCSCP_67807
LINCSCP_54154	-0.2437189695	0.00994706433	111	Promazine	LSM-2137	CHRM5|DRD2|DRD3|DRD4|HTR2A	10uM	SW620	6h	LINCSCP_54154
LINCSCP_29433	-0.2437154341	0.009948174274	111	AS601245	LSM-1034	MAPK10|MAPK8|MAPK9	1uM	MCF10A	24h	LINCSCP_29433
LINCSCP_112028	0.243683648	0.009958158647	111	KW-2449	LSM-42803	ABL1|AURKA|AURKB|FLT3	0.37uM	HEPG2	24h	LINCSCP_112028
LINCSCP_23629	0.2436657217	0.009963793389	111	Cycloheximide	LSM-2791	RPL3	10uM	HEPG2	6h	LINCSCP_23629
LINCSCP_259943	0.2436573455	0.009966427219	111	Kenpaullone	LSM-2824	CDK1|CDK5|GSK3B	10uM	NEU	24h	LINCSCP_259943
LINCSCP_1156	0.2436424726	0.009971105393	111	2-(2,5-Dimethoxyphenylcarbamoyl)phenyl acetate	LSM-2829	NA	10uM	A375	24h	LINCSCP_1156
LINCSCP_174620	-0.2436351396	0.009973412669	111	IMD-0354	LSM-3667	IKBKB	0.37uM	YAPC	24h	LINCSCP_174620
LINCSCP_34487	-0.2436301664	0.009974977702	111	ZINC43409584	LSM-5516	NA	10uM	MCF7	24h	LINCSCP_34487
LINCSCP_155079	0.2435963573	0.009985622955	111	MK-5108	LSM-36812	AURKA|AURKB	10uM	PC3	24h	LINCSCP_155079
LINCSCP_211588	0.243584323	0.009989414523	111	BAS 01052444	LSM-4602	NA	10uM	HA1E	6h	LINCSCP_211588
LINCSCP_57670	-0.2435467116	0.01000127264	111	MLS003448149	LSM-3003	NA	10uM	VCAP	6h	LINCSCP_57670
LINCSCP_66880	-0.2434843913	0.01002094822	111	Vorinostat	LSM-3828	HDAC1|HDAC2|HDAC3|HDAC6|HDAC8	10uM	HCC515	24h	LINCSCP_66880
LINCSCP_15257	0.2434687163	0.01002590243	111	PRL-3InhibitorI	LSM-43277	PTP4A3	40uM	HA1E	24h	LINCSCP_15257
LINCSCP_51589	-0.2434563859	0.01002980107	111	Tamatinib	LSM-1040	SYK	10uM	SKBR3	6h	LINCSCP_51589
LINCSCP_38482	0.2434457068	0.01003317867	111	CHEMBL2359886	LSM-6824	NA	0.12uM	MCF7	24h	LINCSCP_38482
LINCSCP_52707	-0.2434097769	0.01004454996	111	Reboxetine	LSM-1561	SLC6A2	10uM	SKB	24h	LINCSCP_52707
LINCSCP_22070	-0.2433686157	0.0100575908	111	MLS002699817	LSM-3247	NA	10uM	HEPG2	6h	LINCSCP_22070
LINCSCP_19068	0.2433629764	0.0100593786	111	Fast Scarlet	LSM-2299	NA	10uM	HCC515	6h	LINCSCP_19068
LINCSCP_5108	-0.2433471423	0.01006439998	111	MLS001065859	LSM-2643	NA	10uM	A549	6h	LINCSCP_5108
LINCSCP_44869	-0.2433397968	0.01006673014	111	Olaparib	LSM-1145	PARP1|PARP2|PARP3	40uM	PC3	24h	LINCSCP_44869
LINCSCP_77911	0.2432838309	0.01008449947	111	Cediranib	LSM-5926	FLT1|FLT4|KDR|KIT|PDGFRA|PDGFRB	0.37uM	A375	24h	LINCSCP_77911
LINCSCP_27801	-0.2432606733	0.01009186014	111	BRD-K32581454-001-01-5	LSM-6827	NA	5uM	HT29	24h	LINCSCP_27801
LINCSCP_139751	0.2432572366	0.01009295287	111	Oxybenzone	LSM-3309	NA	0.04uM	MCF7	24h	LINCSCP_139751
LINCSCP_107762	0.2432257562	0.01010296745	111	Penciclovir	LSM-5587	NA	1.11uM	HELA	24h	LINCSCP_107762
LINCSCP_14921	-0.2432152595	0.01010630863	111	ZINC1569718	LSM-3105	NA	10uM	HA1E	6h	LINCSCP_14921
LINCSCP_252320	0.2431014077	0.01014261071	111	SA-1939079	LSM-41390	NA	3uM	MCF7	24h	LINCSCP_252320
LINCSCP_21455	0.2431008705	0.01014278227	111	ENT-Benazepril	LSM-1336	ACE	10uM	HEPG2	6h	LINCSCP_21455
LINCSCP_21977	-0.2430910724	0.0101459118	111	MLS003370614	LSM-1918	NA	10uM	HEPG2	6h	LINCSCP_21977
LINCSCP_243553	0.2430799311	0.01014947141	111	ZINC9212372	LSM-5852	ADRA1A	10uM	MCF7	24h	LINCSCP_243553
LINCSCP_96852	-0.2430345975	0.01016396664	111	Entinostat	LSM-4811	HDAC1|HDAC10|HDAC11|HDAC2|HDAC3|HDAC4|HDAC5|HDAC6|HDAC7|HDAC8|HDAC9	10uM	HA1E	24h	LINCSCP_96852
LINCSCP_175442	-0.2430327955	0.0101645432	111	Bazedoxifene HCl	LSM-45508	ESR1|ESR2	10uM	YAPC	24h	LINCSCP_175442
LINCSCP_56772	-0.2430303558	0.01016532383	111	Perhexiline	LSM-4353	CPT1A|CPT2	10uM	VCAP	24h	LINCSCP_56772
LINCSCP_49266	-0.2430007848	0.01017478994	111	Tubastatin A	LSM-4806	HDAC6	10uM	PC3	6h	LINCSCP_49266
LINCSCP_263683	0.2429702551	0.01018457107	111	Dopamine 4-O-sulfate	LSM-37052	DRD1|DRD2|DRD3|DRD4|DRD5	10uM	NPC	6h	LINCSCP_263683
LINCSCP_81390	0.2429142833	0.01020252477	111	GW843682X	LSM-1014	PLK1|PLK3	1.11uM	A549	24h	LINCSCP_81390
LINCSCP_7592	0.2429120168	0.01020325236	111	Methyl beta-carboline-3 carboxylate	LSM-2630	NA	10uM	A549	24h	LINCSCP_7592
LINCSCP_22844	0.2428858883	0.01021164347	111	NSC5112	LSM-1490	CFTR|ESR2	10uM	HEPG2	6h	LINCSCP_22844
LINCSCP_67802	0.2428383203	0.01022693538	111	Wortmannin	LSM-3947	PIK3CA|PIK3CG|PLK1	3uM	NPC	24h	LINCSCP_67802
LINCSCP_34364	-0.2428276224	0.01023037722	111	Clotrimazole	LSM-5341	KCNN4	10uM	MCF7	6h	LINCSCP_34364
LINCSCP_193707	-0.2428089126	0.01023639923	111	MLS002473875	LSM-6072	NA	10uM	A549	6h	LINCSCP_193707
LINCSCP_47202	-0.2428075261	0.01023684563	111	ST014075	LSM-4907	NA	10uM	PC3	6h	LINCSCP_47202
LINCSCP_117470	0.2427923916	0.01024171935	111	Cyclohexanecarboxamide, 4-(1-aminoethyl)-n-4-pyridinyl-, trans-	LSM-1177	ROCK1|ROCK2	0.37uM	HT29	24h	LINCSCP_117470
LINCSCP_46008	-0.2427751899	0.01024726122	111	CHEMBL1472453	LSM-2683	NA	10uM	PC3	6h	LINCSCP_46008
LINCSCP_72372	0.2427704455	0.01024879018	111	Ofloxacin	LSM-4370	NA	0.37uM	A375	24h	LINCSCP_72372
LINCSCP_284351	0.2427594636	0.01025233008	111	Enrofloxacin	LSM-3709	NA	10uM	SKB	24h	LINCSCP_284351
LINCSCP_81423	0.2427525061	0.01025457328	111	Mitoxantrone	LSM-2481	TOP2A	0.04uM	A549	24h	LINCSCP_81423
LINCSCP_61918	0.2427143881	0.01026687086	111	BRD-K85194284	LSM-13634	NA	5uM	VCAP	6h	LINCSCP_61918
LINCSCP_68514	-0.2427039955	0.01027022593	111	Thioridazine	LSM-1863	DRD1|DRD2|DRD3|DRD4|HTR2A|HTR2C	10uM	VCAP	6h	LINCSCP_68514
LINCSCP_81311	0.2426969047	0.01027251566	111	Nilotinib	LSM-1099	ABL1|BCR|KIT	3.33uM	A549	24h	LINCSCP_81311
LINCSCP_172781	0.242669038	0.01028151847	111	Zolpidem	LSM-5560	GABRA1|GABRA2|GABRA3|GABRB1|GABRG2	0.12uM	YAPC	24h	LINCSCP_172781
LINCSCP_150510	0.2426581764	0.0102850294	111	Regorafenib	LSM-1226	ABL1|BRAF|DDR2|FGFR1|FGFR2|FLT1|FLT4|FRK|KDR|KIT|MAPK11|PDGFRA|PDGFRB|RAF1|RET|TEK	0.37uM	NPC.TAK	24h	LINCSCP_150510
LINCSCP_23502	0.2426220928	0.01029670065	111	Omacetaxine Mepesuccinate	LSM-3716	NA	3uM	HEPG2	24h	LINCSCP_23502
LINCSCP_109960	-0.2425958188	0.01030520627	111	Thioguanosine	LSM-5832	NA	3.33uM	HELA	24h	LINCSCP_109960
LINCSCP_93882	-0.2425899157	0.01030711812	111	SR 33805 oxalate	LSM-45933	NA	10uM	HA1E	24h	LINCSCP_93882
LINCSCP_107597	0.2425706816	0.01031334967	111	Taselisib	LSM-45140	PIK3CA|PIK3CB|PIK3CD|PIK3CG|PIK3R1|PIK3R2|PIK3R3|PIK3R5	0.04uM	HELA	24h	LINCSCP_107597
LINCSCP_159826	0.2425617911	0.01031623119	111	Podofilox	LSM-3055	NA	1.11uM	PC3	24h	LINCSCP_159826
LINCSCP_11968	0.2425272591	0.01032743005	111	sorafenib	NA	BRAF|DDR2|FGFR1|FLT1|FLT3|FLT4|KDR|KIT|PDGFRB|RAF1|RET	0.5uM	BT20	6h	LINCSCP_11968
LINCSCP_50169	0.2425111814	0.01033264775	111	Equilin	LSM-2063	HSD17B1	10uM	PHH	24h	LINCSCP_50169
LINCSCP_26722	-0.242488045	0.01034016027	111	SCHEMBL16980224	LSM-1092	AURKA	10uM	HT29	6h	LINCSCP_26722
LINCSCP_7776	0.2424821937	0.01034206097	111	BRD-K07452532	LSM-6798	NA	10uM	A549	24h	LINCSCP_7776
LINCSCP_27250	-0.2424812275	0.01034237487	111	BRD-K81249836	LSM-41708	NA	10uM	HT29	6h	LINCSCP_27250
LINCSCP_46750	-0.2424343507	0.01035761359	111	CAY10577	LSM-5469	NA	10uM	PC3	24h	LINCSCP_46750
LINCSCP_161223	-0.2424308978	0.01035873686	111	Fluspirilene	LSM-3748	DRD2|HTR2A	3.33uM	PC3	24h	LINCSCP_161223
LINCSCP_29051	0.2423894742	0.01037222052	111	Omacetaxine Mepesuccinate	LSM-3716	NA	3uM	HUH7	6h	LINCSCP_29051
LINCSCP_112914	-0.2423808619	0.01037502583	111	PD-0325901	LSM-1101	MAP2K1|MAP2K2	10uM	HEPG2	24h	LINCSCP_112914
LINCSCP_81470	0.2423797871	0.01037537598	111	PHA-793887	LSM-1073	CDK1|CDK10|CDK11B|CDK12|CDK13|CDK14|CDK15|CDK16|CDK17|CDK18|CDK19|CDK2|CDK20|CDK3|CDK4|CDK5|CDK6|CDK7|CDK8|CDK9	0.12uM	A549	24h	LINCSCP_81470
LINCSCP_24351	0.2423429846	0.01038737158	111	AZD-1152-HQPA	LSM-1067	AURKA|AURKB	0.5uM	HS578T	24h	LINCSCP_24351
LINCSCP_33962	0.2423401957	0.01038828111	111	BRD-A07407288	LSM-1460	NA	10uM	MCF7	6h	LINCSCP_33962
LINCSCP_67795	-0.2423113434	0.0103976946	111	Trichostatin A, Streptomyces Sp.	LSM-42814	HDAC1|HDAC10|HDAC3|HDAC4|HDAC6|HDAC7|HDAC8	1uM	NPC	24h	LINCSCP_67795
LINCSCP_66789	-0.2423074328	0.01039897107	111	Trichostatin A, Streptomyces Sp.	LSM-42814	HDAC1|HDAC10|HDAC3|HDAC4|HDAC6|HDAC7|HDAC8	10uM	HA1E	6h	LINCSCP_66789
LINCSCP_33494	-0.2422889788	0.01040499655	111	D-64406	LSM-2606	NA	10uM	MCF7	6h	LINCSCP_33494
LINCSCP_156018	0.2422810041	0.01040760133	111	CX-5461	LSM-6342	NA	0.04uM	PC3	24h	LINCSCP_156018
LINCSCP_44421	-0.2422438133	0.01041975659	111	Doxorubicin	LSM-4062	TOP2A	10uM	PC3	24h	LINCSCP_44421
LINCSCP_39628	-0.2422372978	0.01042188738	111	HMN-214	LSM-42802	CSF1R|FLT1|FLT3|FLT4|KDR|KIT|PDGFRB|RET	10uM	MDAMB231	6h	LINCSCP_39628
LINCSCP_42432	-0.2421849598	0.01043901744	111	Dacinostat	LSM-43097	HDAC1	10uM	NPC	24h	LINCSCP_42432
LINCSCP_124057	0.2421339645	0.01045573181	111	Anagrelide	LSM-3380	PDE3A|PDE3B	1.11uM	HT29	24h	LINCSCP_124057
LINCSCP_142810	0.2420862819	0.01047138161	111	Azithromycin	LSM-5821	NA	0.04uM	MCF7	24h	LINCSCP_142810
LINCSCP_67664	-0.2420751506	0.01047503796	111	Vorinostat	LSM-3828	HDAC1|HDAC2|HDAC3|HDAC6|HDAC8	10uM	NCIH1694	6h	LINCSCP_67664
LINCSCP_14273	0.2420062204	0.01049770468	111	UCL 2077	LSM-3106	NA	10uM	HA1E	6h	LINCSCP_14273
LINCSCP_176632	0.2419907628	0.01050279359	111	Promazine	LSM-2137	CHRM5|DRD2|DRD3|DRD4|HTR2A	10uM	A375	6h	LINCSCP_176632
LINCSCP_79958	-0.2419886918	0.01050347556	111	AZD7545	LSM-45675	NA	10uM	A375	24h	LINCSCP_79958
LINCSCP_29727	-0.2419824784	0.01050552185	111	A-443654	LSM-1045	AKT1|AKT2	0.1uM	MCF10A	6h	LINCSCP_29727
LINCSCP_6984	0.2419743839	0.01050818819	111	CHEMBL1208118	LSM-3598	ENTPD3	10uM	A549	6h	LINCSCP_6984
LINCSCP_40165	-0.2419379123	0.01052020928	111	Manumycin-A	LSM-43075	FNTA|IKBKB	10uM	NCIH508	6h	LINCSCP_40165
LINCSCP_109441	-0.2419173785	0.01052698254	111	IMD-0354	LSM-3667	IKBKB	0.12uM	HELA	24h	LINCSCP_109441
LINCSCP_11986	-0.241851223	0.01054883061	111	Selumetinib	LSM-1056	MAP2K1|MAP2K2	10uM	BT20	6h	LINCSCP_11986
LINCSCP_14605	-0.241830063	0.01055582714	111	Reserpine	LSM-4162	SLC18A1|SLC18A2	10uM	HA1E	6h	LINCSCP_14605
LINCSCP_164442	-0.2418095142	0.0105626255	111	HG-14-10-04	LSM-6345	NA	1.11uM	SKL.C	24h	LINCSCP_164442
LINCSCP_14205	0.2417995538	0.01056592217	111	Ciglitazone	LSM-1911	PPARG	10uM	HA1E	6h	LINCSCP_14205
LINCSCP_54725	-0.2417944238	0.01056762042	111	BRD-A69951442-001-01-3	LSM-4466	NR3C1	10uM	T3M10	6h	LINCSCP_54725
LINCSCP_321	0.2417550522	0.01058066224	111	Piribedil	LSM-3057	ADRA2A|DRD2|DRD3	10uM	A375	24h	LINCSCP_321
LINCSCP_87790	0.2417550026	0.01058067868	111	Apitolisib (gdc-0980, rg7422)	LSM-4257	PIK3CA|PIK3CB|PIK3CD|PIK3CG|MTOR	3.33uM	HA1E	24h	LINCSCP_87790
LINCSCP_31436	-0.2417429336	0.01058467934	111	MLS003179196	LSM-1356	NA	10uM	MCF7	6h	LINCSCP_31436
LINCSCP_67242	-0.2417401627	0.01058559805	111	13-Hydroxy-8,14,19-trimethoxy-4,10,12,16-tetramethyl-3,20,22-trioxo-2-azabicyclo[16.3.1]docosa-1(21),4,6,10,18-pentaen-9-yl carbamate	LSM-42815	HSP90AA1	10uM	MCF7	6h	LINCSCP_67242
LINCSCP_49244	-0.2417300267	0.01058895925	111	Broad-Sai-424	LSM-45346	NA	3uM	PC3	24h	LINCSCP_49244
LINCSCP_50392	-0.2416924544	0.01060142675	111	Caffeic Acid Phenethyl Ester	LSM-43033	NA	20uM	PHH	24h	LINCSCP_50392
LINCSCP_44925	-0.2416548373	0.01061392203	111	L-690330	LSM-4578	IMPA1	10uM	PC3	24h	LINCSCP_44925
LINCSCP_92301	0.2416257635	0.01062358832	111	Zuclomiphene	LSM-42849	ESR1	0.04uM	HA1E	24h	LINCSCP_92301
LINCSCP_284476	0.2416132682	0.01062774506	111	Meprylcaine	LSM-3460	NA	10uM	SKB	24h	LINCSCP_284476
LINCSCP_53650	0.2415987275	0.01063258401	111	Chaetocin	LSM-6198	SUV39H1	0.1uM	SNU1040	6h	LINCSCP_53650
LINCSCP_263848	0.2415878553	0.01063620343	111	Pyridine-2,4-dicarboxylic acid	LSM-37062	NA	10uM	NPC	24h	LINCSCP_263848
LINCSCP_271661	-0.2415830569	0.01063780118	111	BRD-K00429057	LSM-37306	NA	10uM	PC3	6h	LINCSCP_271661
LINCSCP_111269	0.2415795081	0.01063898296	111	WZ3105	LSM-5970	CLK2|CSNK1E|FLT3|ULK1	0.12uM	HEPG2	24h	LINCSCP_111269
LINCSCP_115398	-0.2415759227	0.01064017707	111	WH-4-025	LSM-44937	NA	10uM	HS578T	3h	LINCSCP_115398
LINCSCP_44034	-0.2415201991	0.01065875071	111	Aloisine	LSM-3131	CDK2	10uM	PC3	24h	LINCSCP_44034
LINCSCP_59145	0.2414983141	0.01066605315	111	QL-X-138	LSM-42720	BTK|JAK3|MKNK2|MTOR|PRKDC	10uM	VCAP	6h	LINCSCP_59145
LINCSCP_61443	-0.2414192014	0.01069248747	111	BRD-K35979672	LSM-10592	NA	5uM	VCAP	24h	LINCSCP_61443
LINCSCP_52744	0.2414092363	0.01069582124	111	LOPAC-L-133	LSM-2633	DRD4	10uM	SKB	24h	LINCSCP_52744
LINCSCP_42119	-0.2414065069	0.01069673451	111	BRD-K05562558	LSM-45101	NA	10uM	NPC	24h	LINCSCP_42119
LINCSCP_84266	0.241402056	0.01069822392	111	BRD-A25736793	LSM-43054	MTOR	0.12uM	ASC	24h	LINCSCP_84266
LINCSCP_31381	-0.2413879484	0.01070294604	111	KUC103871	LSM-3133	SMAD3	10uM	MCF7	24h	LINCSCP_31381
LINCSCP_28239	-0.2413457041	0.01071709697	111	CHEMBL2356381	LSM-39052	NA	10uM	HT29	24h	LINCSCP_28239
LINCSCP_156676	0.2413218752	0.01072508639	111	Colchicine	LSM-5199	TUBA1A|TUBA1B|TUBA1C|TUBA3E|TUBA4A|TUBB|TUBB1|TUBB2A|TUBB2B|TUBB3|TUBB4A|TUBB4B|TUBB6|TUBB8	0.12uM	PC3	24h	LINCSCP_156676
LINCSCP_9544	-0.2413124766	0.01072823902	111	Sirolimus	LSM-42783	FKBP1A|MTOR	3uM	A549	6h	LINCSCP_9544
LINCSCP_170092	0.2412969252	0.01073345728	111	Nafamostat Mesylate	LSM-45274	NA	0.12uM	YAPC	24h	LINCSCP_170092
LINCSCP_32035	-0.241218393	0.01075984278	111	CHEMDIV1_009700	LSM-4562	NA	10uM	MCF7	6h	LINCSCP_32035
LINCSCP_81336	0.2412088685	0.01076304671	111	Linsitinib	LSM-1135	IGF1R|INSR	1.11uM	A549	24h	LINCSCP_81336
LINCSCP_4324	-0.2411643474	0.0107780342	111	Thioridazine	LSM-1863	DRD1|DRD2|DRD3|DRD4|HTR2A|HTR2C	10uM	A549	6h	LINCSCP_4324
LINCSCP_9035	0.2411563774	0.01078071912	111	BRD-K43357772	LSM-11064	NA	10uM	A549	24h	LINCSCP_9035
LINCSCP_243594	0.241145314	0.01078444714	111	PRESTWICK0_000159	LSM-43254	NA	10uM	MCF7	24h	LINCSCP_243594
LINCSCP_26922	0.2411329001	0.01078863157	111	Cephaeline	LSM-3808	NA	10uM	HT29	6h	LINCSCP_26922
LINCSCP_19301	-0.2411289705	0.01078995644	111	Phloretin	LSM-6221	NA	100uM	HCC515	24h	LINCSCP_19301
LINCSCP_151126	0.2411275913	0.01079042147	111	GW843682X	LSM-1014	PLK1|PLK3	0.37uM	PC3	24h	LINCSCP_151126
LINCSCP_462	0.2410848132	0.01080485395	111	Naltrexone-HCl	LSM-1850	OPRD1|OPRK1|OPRM1	10uM	A375	6h	LINCSCP_462
LINCSCP_30590	0.2410569074	0.01081427792	111	CHEMBL1617726	LSM-6255	NA	80uM	MCF7	24h	LINCSCP_30590
LINCSCP_19659	-0.2410241072	0.01082536399	111	Vorinostat	LSM-3828	HDAC1|HDAC2|HDAC3|HDAC6|HDAC8	10uM	HCC515	6h	LINCSCP_19659
LINCSCP_5501	0.2410237977	0.01082546866	111	Acyclovir	LSM-5459	NA	10uM	A549	6h	LINCSCP_5501
LINCSCP_71278	0.2410062028	0.01083141965	111	Topiramate	LSM-5435	CA2|CA4|GABRA1|GABRA2|GABRA3|GABRA4|GABRA5|GABRA6|GABRB1|GABRB2|GABRB3|GABRD|GABRE|GABRG1|GABRG2|GABRG3|GABRP|GABRQ|GRIA1|GRIA2|GRIA3|GRIA4|GRIK1|GRIK2|GRIK3|GRIK4|GRIK5|SCN10A|SCN11A|SCN1A|SCN2A|SCN3A|SCN4A|SCN5A|SCN7A|SCN8A|SCN9A	3.33uM	A375	24h	LINCSCP_71278
LINCSCP_97545	0.2409281345	0.01085785883	111	SIN-1, Hydrochloride	LSM-45857	NA	0.12uM	HA1E	24h	LINCSCP_97545
LINCSCP_97918	0.2408705926	0.01087738256	111	Pindolol	LSM-1953	ADRB1|ADRB2|HTR1A	10uM	HA1E	24h	LINCSCP_97918
LINCSCP_52782	0.2408443878	0.01088628396	111	Ioxaglic acid	LSM-3781	NA	10uM	SKB	24h	LINCSCP_52782
LINCSCP_172774	0.240840134	0.01088772951	111	Taselisib	LSM-45140	PIK3CA|PIK3CB|PIK3CD|PIK3CG|PIK3R1|PIK3R2|PIK3R3|PIK3R5	0.37uM	YAPC	24h	LINCSCP_172774
LINCSCP_11710	0.2407791055	0.01090848712	111	THZ-2-98-01	LSM-45329	NA	0.5uM	BT20	24h	LINCSCP_11710
LINCSCP_124296	0.2407728237	0.01091062574	111	Afatinib	LSM-43226	EGFR|ERBB2|ERBB4	3.33uM	HT29	24h	LINCSCP_124296
LINCSCP_208493	0.2407653204	0.01091318067	111	NCGC00025322-01	LSM-2687	GRM5	10uM	HA1E	6h	LINCSCP_208493
LINCSCP_6919	-0.2407079105	0.01093274652	111	Hexamethoxyflavone	LSM-4160	PIM1	10uM	A549	24h	LINCSCP_6919
LINCSCP_16837	0.2407042595	0.01093399187	111	BRD-K47690943	LSM-39919	NA	10uM	HA1E	6h	LINCSCP_16837
LINCSCP_2309	0.2406995066	0.01093561323	111	AK-778/12434114	LSM-4538	NA	10uM	A375	6h	LINCSCP_2309
LINCSCP_2400	-0.2406823097	0.01094148145	111	CHEMBL1673039	LSM-1093	LRRK2|MAPK7	10uM	A375	6h	LINCSCP_2400
LINCSCP_45936	-0.2406737392	0.01094440704	111	NCGC00011767	LSM-3280	NA	10uM	PC3	24h	LINCSCP_45936
LINCSCP_49669	0.2406686232	0.01094615375	111	CHEMBL3182405	LSM-4793	NA	1.11uM	PC3	24h	LINCSCP_49669
LINCSCP_41409	-0.2406582631	0.01094969162	111	Suberohydroxamic acid	LSM-37125	NA	10uM	NEU	24h	LINCSCP_41409
LINCSCP_7475	-0.2406319782	0.01095867221	111	STO609	LSM-3164	CAMKK1|CAMKK2	10uM	A549	6h	LINCSCP_7475
LINCSCP_116593	0.2406020672	0.01096889957	111	936890-98-1	LSM-42786	MTOR	0.12uM	HT29	24h	LINCSCP_116593
LINCSCP_55556	-0.2405949478	0.01097133509	111	Kinetin Riboside	LSM-6292	NA	10uM	U937	6h	LINCSCP_55556
LINCSCP_5145	-0.2405943061	0.01097155464	111	MLS001172197	LSM-3527	NA	10uM	A549	6h	LINCSCP_5145
LINCSCP_64788	0.2405885094	0.01097353807	111	BRD-K61779668	LSM-40651	NA	10uM	VCAP	6h	LINCSCP_64788
LINCSCP_85966	-0.2405880519	0.01097369465	111	BMS-387032	LSM-1132	CDK2|CDK7|CDK9	0.12uM	BT20	24h	LINCSCP_85966
LINCSCP_68298	-0.2405858638	0.01097444341	111	13-Hydroxy-8,14,19-trimethoxy-4,10,12,16-tetramethyl-3,20,22-trioxo-2-azabicyclo[16.3.1]docosa-1(21),4,6,10,18-pentaen-9-yl carbamate	LSM-42815	HSP90AA1	10uM	VCAP	24h	LINCSCP_68298
LINCSCP_64493	0.2405822744	0.01097567182	111	Estradiol	LSM-2421	ESR1|ESR2|NR1I2	1uM	VCAP	24h	LINCSCP_64493
LINCSCP_181625	-0.2405458304	0.01098815104	111	BRD-K61190439	LSM-12133	NA	5uM	A375	24h	LINCSCP_181625
LINCSCP_22970	-0.2405305019	0.01099340353	111	Tyrphostin AG-1478	LSM-1224	EGFR	10uM	HEPG2	6h	LINCSCP_22970
LINCSCP_49058	0.2404584428	0.01101812506	111	BRD-K95551268	LSM-42453	NA	10uM	PC3	24h	LINCSCP_49058
LINCSCP_18315	0.2404535405	0.01101980865	111	RO-194603	LSM-3815	NA	10uM	HCC515	24h	LINCSCP_18315
LINCSCP_2426	-0.2404188437	0.01103173114	111	BRD-K75081836	LSM-45110	NA	10uM	A375	6h	LINCSCP_2426
LINCSCP_252855	0.2404021603	0.01103746792	111	LY-294002	LSM-2597	MTOR|PIK3CA|PIK3CB|PIK3CD|PIK3CG|PLK1|PRKDC	1uM	MCF7	6h	LINCSCP_252855
LINCSCP_131331	-0.2403952419	0.01103984763	111	AZD-5438	LSM-1159	CDK1|CDK10|CDK11B|CDK12|CDK13|CDK14|CDK15|CDK16|CDK17|CDK18|CDK19|CDK2|CDK20|CDK3|CDK4|CDK5|CDK6|CDK7|CDK8|CDK9	3.33uM	MCF10A	24h	LINCSCP_131331
LINCSCP_205802	-0.2403923733	0.01104083448	111	Vorinostat	LSM-3828	HDAC1|HDAC2|HDAC3|HDAC6|HDAC8	10uM	CL34	6h	LINCSCP_205802
LINCSCP_277850	-0.2403923251	0.01104085108	111	BRD-K25164076	LSM-9959	NA	10uM	PC3	24h	LINCSCP_277850
LINCSCP_16972	0.2403657103	0.01105001069	111	ZINC00399124	LSM-5611	NA	10uM	HA1E	6h	LINCSCP_16972
LINCSCP_51654	-0.240355541	0.0110535123	111	Tivozanib	LSM-1005	FLT1|FLT4|KDR|KIT|PDGFRA|PDGFRB	10uM	SKBR3	6h	LINCSCP_51654
LINCSCP_104956	-0.240339631	0.01105899251	111	AC480 (BMS-599626)	LSM-45494	EGFR|ERBB2|ERBB4	10uM	HELA	24h	LINCSCP_104956
LINCSCP_148951	-0.2403124604	0.01106835694	111	Pracinostat	LSM-43290	NA	1.11uM	NPC	24h	LINCSCP_148951
LINCSCP_46651	-0.2403058451	0.01107063801	111	N,N-Dimethyl-n'-{5-[(2-methyl-4-quinolyl)thio]-1,3,4-thiadiazol-2-yl}iminoformamide	LSM-4930	NA	10uM	PC3	6h	LINCSCP_46651
LINCSCP_3569	0.2402844807	0.01107800752	111	CHEMBL2355585	LSM-39481	NA	10uM	A375	24h	LINCSCP_3569
LINCSCP_9331	-0.2402522686	0.01108912702	111	CHEMBL1242477	LSM-6208	PIK3CA|PIK3CB|PIK3CD|PIK3CG	3uM	A549	6h	LINCSCP_9331
LINCSCP_25321	0.2402277719	0.01109758977	111	Epibatidine	LSM-1518	NA	10uM	HT29	6h	LINCSCP_25321
LINCSCP_110004	-0.2402032072	0.01110608165	111	Topiroxostat	LSM-45827	NA	0.12uM	HELA	24h	LINCSCP_110004
LINCSCP_115316	-0.2401874836	0.0111115202	111	PIK-93	LSM-1191	NA	1.11uM	HS578T	3h	LINCSCP_115316
LINCSCP_44059	0.2401854758	0.01111221484	111	Omacetaxine Mepesuccinate	LSM-3716	NA	10uM	PC3	24h	LINCSCP_44059
LINCSCP_39054	-0.2401847453	0.01111246758	111	BI-2536	LSM-1041	PLK1	1uM	MDAMB231	24h	LINCSCP_39054
LINCSCP_100059	0.2401667942	0.01111867993	111	rifampicin	NA	NA	0.37uM	HCC515	24h	LINCSCP_100059
LINCSCP_25076	-0.2401461834	0.01112581644	111	BMS 641988	LSM-6248	AR	10uM	HT115	6h	LINCSCP_25076
LINCSCP_66058	0.2401408226	0.01112767329	111	BRD-K89020690	LSM-42122	NA	0.5uM	VCAP	24h	LINCSCP_66058
LINCSCP_86892	0.2401337503	0.01113012335	111	KU-55933	LSM-1074	ATM	0.37uM	CD34	24h	LINCSCP_86892
LINCSCP_126943	-0.2401254901	0.01113298556	111	Alvocidib	LSM-1011	CDK1|CDK2|CDK4|CDK5|CDK6|CDK7|CDK8|CDK9|EGFR|PYGM	0.37uM	HT29	24h	LINCSCP_126943
LINCSCP_152210	-0.2401226213	0.01113397976	111	HY-11007	LSM-1022	ABL1|BCR	3.33uM	PC3	24h	LINCSCP_152210
LINCSCP_63881	-0.2401064356	0.01113959052	111	BRD-K34332181	LSM-10497	NA	5uM	VCAP	24h	LINCSCP_63881
LINCSCP_44606	0.2401052111	0.01114001509	111	AC1NWALX	LSM-1410	RPS2	10uM	PC3	6h	LINCSCP_44606
LINCSCP_13448	0.2400279351	0.01116683771	111	3-Chloro-l-alanine	LSM-6205	RPS2	0.5uM	H1299	6h	LINCSCP_13448
LINCSCP_283772	0.2400227904	0.01116862545	111	PCL2_000154	LSM-36683	NA	10uM	SKB	24h	LINCSCP_283772
LINCSCP_4926	0.2400211587	0.01116919252	111	BAS 07573666	LSM-2540	NA	10uM	A549	24h	LINCSCP_4926
LINCSCP_212572	0.2400117167	0.01117247432	111	Broad-Sai-296	LSM-45315	NA	5uM	HA1E	24h	LINCSCP_212572
LINCSCP_142206	-0.2400042255	0.0111750787	111	BAY 87-2243	LSM-45786	NA	3.33uM	MCF7	24h	LINCSCP_142206
LINCSCP_39455	-0.239954853	0.01119225665	111	Amuvatinib	LSM-1118	FLT3|KIT|MET|PDGFRA	1uM	MDAMB231	24h	LINCSCP_39455
LINCSCP_147688	0.2399514277	0.01119344927	111	BS-181	LSM-6305	NA	3.33uM	NPC.CAS9	24h	LINCSCP_147688
LINCSCP_22769	-0.2399286322	0.01120138896	111	PP 1	LSM-3047	NA	10uM	HEPG2	6h	LINCSCP_22769
LINCSCP_135661	0.2398988127	0.01121178256	111	Tamatinib	LSM-1040	SYK	0.04uM	MCF7	24h	LINCSCP_135661
LINCSCP_166303	0.2398764515	0.0112195821	111	Olaparib	LSM-1145	PARP1|PARP2|PARP3	0.12uM	SKL	24h	LINCSCP_166303
LINCSCP_252111	-0.2398521474	0.01122806469	111	13-Hydroxy-8,14,19-trimethoxy-4,10,12,16-tetramethyl-3,20,22-trioxo-2-azabicyclo[16.3.1]docosa-1(21),4,6,10,18-pentaen-9-yl carbamate	LSM-42815	HSP90AA1	10uM	MCF7	24h	LINCSCP_252111
LINCSCP_12721	-0.2398280006	0.01123649798	111	CID-2858522	LSM-3337	NA	10uM	COV644	6h	LINCSCP_12721
LINCSCP_39234	-0.239825904	0.01123723046	111	Aurora A Inhibitor I	LSM-1065	AURKA	10uM	MDAMB231	6h	LINCSCP_39234
LINCSCP_62747	0.2398041038	0.01124484939	111	BRD-K00256608	LSM-8440	NA	5uM	VCAP	24h	LINCSCP_62747
LINCSCP_33342	-0.2398018825	0.01124562595	111	IKK Inhibitor VII	LSM-2309	IKBKB	10uM	MCF7	24h	LINCSCP_33342
LINCSCP_47650	0.2397688663	0.01125717408	111	Epiisopicropodophyllin	LSM-5703	NA	10uM	PC3	24h	LINCSCP_47650
LINCSCP_67822	-0.2396999636	0.01128130764	111	Vorinostat	LSM-3828	HDAC1|HDAC2|HDAC3|HDAC6|HDAC8	10uM	NPC	6h	LINCSCP_67822
LINCSCP_98716	0.2396792256	0.01128858012	111	Ingenol Mebutate	LSM-45681	NA	1.11uM	HA1E	24h	LINCSCP_98716
LINCSCP_43379	0.2396728994	0.01129079944	111	BRD-A47268303-001-01-7	LSM-36889	NA	10uM	NPC	24h	LINCSCP_43379
LINCSCP_95433	-0.2396666198	0.01129300277	111	Fluticasone Propionate	LSM-3384	NR3C1|PGR	3.33uM	HA1E	24h	LINCSCP_95433
LINCSCP_172788	0.2396481696	0.01129947864	111	Ticagrelor	LSM-45528	NA	0.04uM	YAPC	24h	LINCSCP_172788
LINCSCP_840	0.2396447659	0.01130067365	111	RG 108	LSM-6283	DNMT1	80uM	A375	24h	LINCSCP_840
LINCSCP_163350	-0.23962929	0.01130610858	111	Radicicol	LSM-43303	NA	3.33uM	SKBR3	3h	LINCSCP_163350
LINCSCP_106941	-0.2395698837	0.01132699246	111	Varlitinib	LSM-45403	EGFR|ERBB2	10uM	HELA	24h	LINCSCP_106941
LINCSCP_103380	-0.2395482786	0.01133459594	111	Ganetespib (STA-9090)	LSM-45281	HSP90AA1|HSP90AB1	10uM	HELA	24h	LINCSCP_103380
LINCSCP_55898	0.2395119417	0.01134739412	111	SQ22536	LSM-1656	ADCY1	10uM	VCAP	24h	LINCSCP_55898
LINCSCP_74159	-0.2394975694	0.01135245965	111	CO-1686 (AVL-301)	LSM-45736	EGFR	0.04uM	A375	24h	LINCSCP_74159
LINCSCP_32698	-0.2394952602	0.01135327371	111	TAE-684	LSM-1024	ALK	10uM	MCF7	6h	LINCSCP_32698
LINCSCP_2364	0.2394471976	0.01137022884	111	Pregnenolone	LSM-5550	NA	10uM	A375	6h	LINCSCP_2364
LINCSCP_41728	0.2394441345	0.01137131019	111	SA-1459975	LSM-40000	NA	0.5uM	NKDBA	24h	LINCSCP_41728
LINCSCP_55568	-0.2394109144	0.01138304324	111	CHEMBL2131454	LSM-38019	NA	10uM	U937	6h	LINCSCP_55568
LINCSCP_55471	-0.239403468	0.01138567469	111	3-(4-Pyridyl)indole	LSM-4569	ROCK1	10uM	U937	6h	LINCSCP_55471
LINCSCP_77441	-0.2394032935	0.01138573638	111	Ticagrelor	LSM-45528	NA	10uM	A375	24h	LINCSCP_77441
LINCSCP_45834	-0.2393942785	0.01138892287	111	Triazolothiadiazine, 29	LSM-3455	NA	10uM	PC3	6h	LINCSCP_45834
LINCSCP_173043	0.2393842062	0.01139248403	111	Ttnpb	LSM-43006	RARB	0.12uM	YAPC	24h	LINCSCP_173043
LINCSCP_4640	0.2393529641	0.01140353618	111	PIK 90	LSM-6697	NA	10uM	A549	24h	LINCSCP_4640
LINCSCP_45606	-0.239337399	0.01140904596	111	CHEMBL1591577	LSM-3313	CLK1|CLK4|DYRK1A|DYRK1B	10uM	PC3	6h	LINCSCP_45606
LINCSCP_44686	-0.2393313393	0.0114111916	111	CA-074 METHYL ESTER	LSM-1653	CTSB	10uM	PC3	24h	LINCSCP_44686
LINCSCP_161251	0.239307135	0.01141976554	111	Olmesartan Medoxomil	LSM-3767	AGTR1	0.04uM	PC3	24h	LINCSCP_161251
LINCSCP_53903	-0.2392822586	0.01142858346	111	PRIMA 1	LSM-6220	ACHE	40uM	SNUC5	6h	LINCSCP_53903
LINCSCP_87063	-0.2392607002	0.01143623005	111	Epigalocatechin Gallate	LSM-5661	FASN	0.04uM	CD34	24h	LINCSCP_87063
LINCSCP_48281	0.2392477465	0.01144082677	111	BRD-K19882533	LSM-9632	NA	5uM	PC3	24h	LINCSCP_48281
LINCSCP_152772	-0.2392330385	0.01144604801	111	Josamycin	LSM-46041	NA	0.04uM	PC3	24h	LINCSCP_152772
LINCSCP_113128	0.2392225082	0.01144978744	111	GSK-1904529A	LSM-1134	IGF1R|INSR	10uM	HME1	24h	LINCSCP_113128
LINCSCP_22467	-0.2392120089	0.01145351695	111	ITK Inhibitor	LSM-1043	ITK	10uM	HEPG2	6h	LINCSCP_22467
LINCSCP_132153	-0.2392065122	0.01145546989	111	WH-4-025	LSM-44937	NA	0.37uM	MCF7	24h	LINCSCP_132153
LINCSCP_202522	0.2391756374	0.01146644484	111	Wortmannin	LSM-3947	PIK3CA|PIK3CG|PLK1	0.12uM	A549	24h	LINCSCP_202522
LINCSCP_25509	-0.2391510107	0.01147520544	111	Flutamide	LSM-2621	AR	30uM	HT29	24h	LINCSCP_25509
LINCSCP_64013	0.2391452191	0.01147726657	111	BRD-K61519911	LSM-12158	NA	5uM	VCAP	24h	LINCSCP_64013
LINCSCP_88154	0.23912541	0.01148431871	111	WYE 125132	LSM-1064	MTOR	1.11uM	HA1E	24h	LINCSCP_88154
LINCSCP_21334	-0.2391070338	0.01149086414	111	Valdecoxib	LSM-5305	PTGS2	100uM	HEC108	6h	LINCSCP_21334
LINCSCP_27489	-0.2390704934	0.01150388917	111	BRD-K24658364	LSM-9925	NA	5uM	HT29	24h	LINCSCP_27489
LINCSCP_10865	-0.2390580347	0.01150833311	111	CHEMBL2360967	LSM-36663	NA	10uM	ASC	24h	LINCSCP_10865
LINCSCP_37662	0.2390171251	0.0115229358	111	SA-102695	LSM-38552	NA	1uM	MCF7	24h	LINCSCP_37662
LINCSCP_67863	-0.2389807724	0.01153592554	111	13-Hydroxy-8,14,19-trimethoxy-4,10,12,16-tetramethyl-3,20,22-trioxo-2-azabicyclo[16.3.1]docosa-1(21),4,6,10,18-pentaen-9-yl carbamate	LSM-42815	HSP90AA1	10uM	PC3	6h	LINCSCP_67863
LINCSCP_36168	0.2389800126	0.0115361972	111	Omacetaxine Mepesuccinate	LSM-3716	NA	0.5uM	MCF7	6h	LINCSCP_36168
LINCSCP_25167	-0.2389646409	0.01154169387	111	AC1NWALF	LSM-1930	ATP1A1	10uM	HT29	6h	LINCSCP_25167
LINCSCP_69450	-0.2388458356	0.01158425402	111	BRD-A24396574-001-01-5	LSM-5006	NA	0.12uM	A375	24h	LINCSCP_69450
LINCSCP_15133	-0.2388215449	0.01159297266	111	Dilazep	LSM-3068	SLC29A1	10uM	HA1E	6h	LINCSCP_15133
LINCSCP_24056	0.2387982923	0.01160132409	111	BRD-K64106162	LSM-45347	NA	0.04uM	HEPG2	24h	LINCSCP_24056
LINCSCP_162061	0.2387895008	0.01160448303	111	16,16-Dimethyl prostaglandin e2	LSM-43285	HPGD	0uM	PC3	24h	LINCSCP_162061
LINCSCP_33483	-0.2387766979	0.01160908467	111	L-733060	LSM-2345	TACR1	10uM	MCF7	6h	LINCSCP_33483
LINCSCP_51763	-0.2387698277	0.01161155463	111	PD-173074	LSM-1026	FGFR1|FGFR3	1uM	SKBR3	6h	LINCSCP_51763
LINCSCP_19955	-0.238761027	0.01161471931	111	MLS002607743	LSM-4089	NA	10uM	HCC515	6h	LINCSCP_19955
LINCSCP_223372	-0.2387218485	0.01162881685	111	Triflupromazine	LSM-3421	DRD2|HTR2B	10uM	HT29	6h	LINCSCP_223372
LINCSCP_52691	0.2387087076	0.01163354867	111	Farnesyl Thiotriazole	LSM-43047	NA	10uM	SKB	24h	LINCSCP_52691
LINCSCP_160058	-0.238669099	0.01164782123	111	Rosuvastatin	LSM-43032	HMGCR	10uM	PC3	24h	LINCSCP_160058
LINCSCP_37788	0.2386433547	0.01165710615	111	CBIOL_001848	LSM-2616	RARA	0.5uM	MCF7	6h	LINCSCP_37788
LINCSCP_51627	-0.2386323907	0.01166106239	111	THZ-2-98-01	LSM-45329	NA	1uM	SKBR3	6h	LINCSCP_51627
LINCSCP_52305	0.2386065844	0.01167037893	111	FPA1_000317	LSM-36751	NA	10uM	SKB	24h	LINCSCP_52305
LINCSCP_11438	0.2385965488	0.01167400372	111	JTE 013	LSM-2961	S1PR2	10uM	ASC	24h	LINCSCP_11438
LINCSCP_19457	-0.2385809298	0.01167964719	111	9-Fluoro-11,17,21-trihydroxy-16-methylpregna-1,4-diene-3,20-dione	LSM-4412	NR3C1	10uM	HCC515	6h	LINCSCP_19457
LINCSCP_87395	0.2385623369	0.01168636825	111	Alectinib	LSM-1202	ALK|RET	10uM	CD34	24h	LINCSCP_87395
LINCSCP_19407	-0.2385504627	0.01169066237	111	Vorinostat	LSM-3828	HDAC1|HDAC2|HDAC3|HDAC6|HDAC8	10uM	HCC515	24h	LINCSCP_19407
LINCSCP_46718	0.2385353682	0.0116961231	111	VX-702	LSM-5252	MAPK14	10uM	PC3	24h	LINCSCP_46718
LINCSCP_45857	-0.2384957474	0.01171046723	111	MLS002264466	LSM-3995	NA	10uM	PC3	6h	LINCSCP_45857
LINCSCP_252011	-0.238490396	0.01171240581	111	Canertinib	LSM-1120	EGFR|ERBB2|ERBB4	10uM	MCF7	6h	LINCSCP_252011
LINCSCP_82984	-0.2384429914	0.01172959066	111	TPCA-1	LSM-1136	IKBKB	0.04uM	ASC.C	24h	LINCSCP_82984
LINCSCP_69094	-0.2384173056	0.01173891132	111	SCHEMBL570779	LSM-1149	NA	3.33uM	A375	24h	LINCSCP_69094
LINCSCP_54938	-0.2383209214	0.01177394434	111	LY 2183240	LSM-2839	FAAH	10uM	THP1	6h	LINCSCP_54938
LINCSCP_255170	0.2382937923	0.01178382149	111	Tozasertib	LSM-1021	ABL1|AURKA|AURKB|AURKC|BCR|FLT3|JAK2	1uM	MCF7	24h	LINCSCP_255170
LINCSCP_295418	-0.2382242703	0.01180916616	111	TAE-684	LSM-1024	ALK	10uM	VCAP	6h	LINCSCP_295418
LINCSCP_281641	0.2381916272	0.01182108281	111	Pantoprazole	LSM-1390	ATP4A|ATP4B	10uM	PHH	24h	LINCSCP_281641
LINCSCP_160073	0.2381766582	0.01182655093	111	NMS-1286937	LSM-45818	NA	0.37uM	PC3	24h	LINCSCP_160073
LINCSCP_56496	0.2381623267	0.01183178819	111	Fipronil	LSM-1608	NA	10uM	VCAP	6h	LINCSCP_56496
LINCSCP_93069	-0.2381598569	0.01183269097	111	AZ628	LSM-1050	BRAF|RAF1	3.33uM	HA1E	24h	LINCSCP_93069
LINCSCP_17219	-0.2381396942	0.01184006315	111	COL-3	LSM-36908	NA	3uM	HA1E	24h	LINCSCP_17219
LINCSCP_36911	-0.2381223337	0.01184641392	111	Buparlisib	LSM-1148	PIK3CA|PIK3CB|PIK3CD|PIK3CG|PIK3R1|PIK3R2|PIK3R3|PIK3R5	10uM	MCF7	6h	LINCSCP_36911
LINCSCP_112821	0.2381217022	0.011846645	111	844499-71-4	LSM-1175	NA	0.37uM	HEPG2	24h	LINCSCP_112821
LINCSCP_51471	0.2380872867	0.01185924386	111	MLN-8054	LSM-1066	AURKA	1uM	SKBR3	24h	LINCSCP_51471
LINCSCP_61483	-0.2380867778	0.01185943025	111	BRD-K63424643	LSM-12289	NA	5uM	VCAP	24h	LINCSCP_61483
LINCSCP_18208	-0.2380611718	0.01186881185	111	NCGC00025073-01	LSM-2384	SLC8A1	10uM	HCC515	24h	LINCSCP_18208
LINCSCP_42316	-0.2380358656	0.01187808999	111	STK206352	LSM-6661	NA	10uM	NPC	24h	LINCSCP_42316
LINCSCP_5111	-0.2380080782	0.01188828514	111	SMR000127643	LSM-2658	NA	10uM	A549	6h	LINCSCP_5111
LINCSCP_140630	0.2379643181	0.01190435612	111	Sarsasapogenin	LSM-45816	NA	0.18uM	MCF7	24h	LINCSCP_140630
LINCSCP_208729	0.2379430581	0.01191217076	111	Ceforanide	LSM-2838	NA	10uM	HA1E	24h	LINCSCP_208729
LINCSCP_235336	-0.2379375047	0.01191421278	111	HMN-214	LSM-42802	CSF1R|FLT1|FLT3|FLT4|KDR|KIT|PDGFRB|RET	1uM	MCF10A	24h	LINCSCP_235336
LINCSCP_51631	-0.2378982914	0.01192864053	111	Dasatinib	LSM-1020	ABL1|BCR|BLK|EPHA2|FGR|FRK|FYN|HCK|KIT|LCK|LYN|PDGFRB|SRC|SRMS|YES1	1uM	SKBR3	6h	LINCSCP_51631
LINCSCP_143386	0.23784685	0.01194759052	111	Omacetaxine Mepesuccinate	LSM-3716	NA	0.04uM	MCF7	24h	LINCSCP_143386
LINCSCP_123579	-0.2378266973	0.01195502157	111	Aphidicolin	LSM-45486	NA	0.37uM	HT29	24h	LINCSCP_123579
LINCSCP_7168	-0.2377854322	0.0119702501	111	Zardaverine	LSM-2833	PDE4D	10uM	A549	6h	LINCSCP_7168
LINCSCP_78663	-0.2377811457	0.01197183297	111	BAY 87-2243	LSM-45786	NA	0.04uM	A375	24h	LINCSCP_78663
LINCSCP_145578	0.2377632158	0.01197845587	111	Gefitinib	LSM-1098	EGFR	0.12uM	MDAMB231	24h	LINCSCP_145578
LINCSCP_48341	0.2377552376	0.0119814039	111	BRD-K85118298	LSM-41916	NA	5uM	PC3	24h	LINCSCP_48341
LINCSCP_67793	-0.2377514995	0.01198278539	111	Trichostatin A, Streptomyces Sp.	LSM-42814	HDAC1|HDAC10|HDAC3|HDAC4|HDAC6|HDAC7|HDAC8	0.5uM	NPC	24h	LINCSCP_67793
LINCSCP_35573	0.2377426295	0.01198606398	111	Broad-Sai-424	LSM-45346	NA	10uM	MCF7	6h	LINCSCP_35573
LINCSCP_112693	-0.2377329813	0.01198963112	111	GW-5074	LSM-42779	RAF1	10uM	HEPG2	24h	LINCSCP_112693
LINCSCP_41583	-0.2377310361	0.01199035041	111	(-)-Rolipram	LSM-25638	PDE4A|PDE4B|PDE4C|PDE4D	10uM	NEU	6h	LINCSCP_41583
LINCSCP_45308	-0.2376751132	0.01201104571	111	T5285107	LSM-2951	NA	10uM	PC3	24h	LINCSCP_45308
LINCSCP_34048	0.2376661109	0.01201438007	111	BRD-K57732441	LSM-40434	NA	10uM	MCF7	6h	LINCSCP_34048
LINCSCP_43320	0.2376634006	0.01201538411	111	Cycloheximide	LSM-2791	RPL3	10uM	NPC	6h	LINCSCP_43320
LINCSCP_88340	0.2376562647	0.01201802795	111	CHEMBL3182395	LSM-1164	MAP2K5|MAPK7	0.04uM	HA1E	24h	LINCSCP_88340
LINCSCP_14469	0.2376461028	0.01202179379	111	Enalapril	LSM-3282	ACE	10uM	HA1E	24h	LINCSCP_14469
LINCSCP_33615	-0.2375963179	0.0120402583	111	313516-66-4	LSM-2690	PPARG	10uM	MCF7	24h	LINCSCP_33615
LINCSCP_171270	0.2375583252	0.01205436592	111	Cidoxepin	LSM-42948	HRH1|HRH2|SLC6A2|SLC6A4	1.11uM	YAPC	24h	LINCSCP_171270
LINCSCP_44834	0.2375366058	0.01206243734	111	Quinacrine	LSM-1577	TP53	10uM	PC3	24h	LINCSCP_44834
LINCSCP_15483	-0.2375343017	0.01206329386	111	MLS000564806	LSM-4368	NA	10uM	HA1E	6h	LINCSCP_15483
LINCSCP_202894	0.2375091676	0.01207264075	111	M3M3FBS	LSM-2196	PLCB2|PLCB3|PLCD1|PLCG1|PLCG2	80uM	A673	6h	LINCSCP_202894
LINCSCP_23685	0.2375017596	0.01207539686	111	Niacin	LSM-4676	HCAR2|HCAR3	3uM	HEPG2	6h	LINCSCP_23685
LINCSCP_41830	-0.2375003375	0.01207592598	111	Rita	LSM-6201	MDM2	10uM	NOMO1	6h	LINCSCP_41830
LINCSCP_98106	-0.2374910577	0.0120793794	111	Rimantadine	LSM-5143	NA	0.37uM	HA1E	24h	LINCSCP_98106
LINCSCP_135773	0.2374844718	0.0120818308	111	Lexibulin	LSM-6232	TUBA1A|TUBA1B|TUBA1C|TUBA3E|TUBA4A|TUBB|TUBB1|TUBB2A|TUBB2B|TUBB3|TUBB4A|TUBB4B|TUBB6|TUBB8	0.37uM	MCF7	24h	LINCSCP_135773
LINCSCP_78532	-0.2374427353	0.0120973761	111	CP-724714	LSM-42777	ERBB2	10uM	A375	24h	LINCSCP_78532
LINCSCP_210068	0.2374217453	0.01210520072	111	TH02453-036-P1	LSM-6273	NA	10uM	HA1E	6h	LINCSCP_210068
LINCSCP_148950	-0.2374200856	0.01210581962	111	Pracinostat	LSM-43290	NA	3.33uM	NPC	24h	LINCSCP_148950
LINCSCP_173996	0.2374086707	0.01211007688	111	Falnidamol	LSM-3584	EGFR	0.37uM	YAPC	24h	LINCSCP_173996
LINCSCP_49108	0.2374063183	0.01211095437	111	BRD-K25496062	LSM-15125	NA	10uM	PC3	6h	LINCSCP_49108
LINCSCP_126226	0.2373970765	0.01211440237	111	Doramapimod	LSM-1170	MAPK11|MAPK12|MAPK14	10uM	HT29	24h	LINCSCP_126226
LINCSCP_34884	0.2373757834	0.01212234974	111	BRD-K10327449	LSM-9056	NA	5uM	MCF7	24h	LINCSCP_34884
LINCSCP_82104	0.2373567	0.01212947626	111	KU-55933	LSM-1074	ATM	1.11uM	A549	24h	LINCSCP_82104
LINCSCP_17122	-0.2373549608	0.01213012592	111	Entinostat	LSM-4811	HDAC1|HDAC10|HDAC11|HDAC2|HDAC3|HDAC4|HDAC5|HDAC6|HDAC7|HDAC8|HDAC9	1uM	HA1E	24h	LINCSCP_17122
LINCSCP_310088	-0.2373445928	0.01213399949	111	BRD-A35769934	LSM-45343	NA	30uM	VCAP	6h	LINCSCP_310088
LINCSCP_212259	-0.2373407983	0.0121354174	111	Tamoxifen	LSM-42959	ESR1|ESR2	10uM	HA1E	6h	LINCSCP_212259
LINCSCP_174977	-0.2373358008	0.01213728506	111	Lomitapide	LSM-45564	MTTP|P4HB	10uM	YAPC	24h	LINCSCP_174977
LINCSCP_241998	0.2373290503	0.01213980827	111	Ccmq	LSM-2112	NA	10uM	MCF7	24h	LINCSCP_241998
LINCSCP_53002	-0.2373006002	0.01215044742	111	L-690330	LSM-4578	IMPA1	10uM	SKLU1	6h	LINCSCP_53002
LINCSCP_44327	0.2372827249	0.01215713619	111	Cephaeline	LSM-3808	NA	10uM	PC3	6h	LINCSCP_44327
LINCSCP_197530	0.2372597254	0.01216574715	111	BRD-K42709418	LSM-11023	NA	5uM	A549	24h	LINCSCP_197530
LINCSCP_2526	-0.2372411467	0.01217270683	111	Felodipine	LSM-1447	CACNA1C|CACNA1D|CACNA1F|CACNA1S|NR3C2	10uM	A375	6h	LINCSCP_2526
LINCSCP_152005	0.2371744836	0.01219770788	111	BIX01294	LSM-4571	EHMT2	0.12uM	PC3	24h	LINCSCP_152005
LINCSCP_21706	-0.2371690242	0.01219975734	111	Cerulenin	LSM-43210	FASN	40uM	HEPG2	6h	LINCSCP_21706
LINCSCP_83059	-0.2371483448	0.01220752312	111	OSI-930	LSM-1179	FLT1|FLT4|KDR|KIT	1.11uM	ASC.C	24h	LINCSCP_83059
LINCSCP_12354	0.237128264	0.01221506823	111	NVP-AEW541	LSM-44953	IGF1R	1uM	BT20	6h	LINCSCP_12354
LINCSCP_22146	-0.2371184148	0.01221877045	111	MLS001060803	LSM-1865	NA	10uM	HEPG2	6h	LINCSCP_22146
LINCSCP_52930	0.2370888606	0.01222988543	111	Fluspirilene	LSM-3748	DRD2|HTR2A	10uM	SKB	24h	LINCSCP_52930
LINCSCP_88226	0.2370686521	0.01223749065	111	TORIN1	LSM-1079	MTOR	0.37uM	HA1E	24h	LINCSCP_88226
LINCSCP_152258	-0.2370337861	0.01225062185	111	Pyrazolanthrone	LSM-1163	MAPK10|MAPK8|MAPK9|TTK	3.33uM	PC3	24h	LINCSCP_152258
LINCSCP_64767	-0.2370210501	0.01225542151	111	BRD-K38733341	LSM-39401	NA	10uM	VCAP	6h	LINCSCP_64767
LINCSCP_21654	0.2370167789	0.0122570315	111	Minoxidil	LSM-2134	ABCC9|KCNJ11|KCNJ8	10uM	HEPG2	6h	LINCSCP_21654
LINCSCP_47655	-0.2370013518	0.01226284824	111	BRD-K71451869-001-01-2	LSM-5794	NR3C1	10uM	PC3	24h	LINCSCP_47655
LINCSCP_140100	-0.2369798195	0.0122709709	111	ALX-5407	LSM-3197	SLC6A9	3.33uM	MCF7	24h	LINCSCP_140100
LINCSCP_88724	-0.2369609014	0.01227811129	111	Ricolinostat	LSM-6324	NA	10uM	HA1E	24h	LINCSCP_88724
LINCSCP_67243	-0.2369552089	0.01228026058	111	Wortmannin	LSM-3947	PIK3CA|PIK3CG|PLK1	10uM	MCF7	6h	LINCSCP_67243
LINCSCP_171770	-0.2369347891	0.01228797301	111	Econazole	LSM-1617	NA	10uM	YAPC	24h	LINCSCP_171770
LINCSCP_22053	-0.2369114349	0.01229679897	111	SR-02000000367	LSM-2994	NA	10uM	HEPG2	6h	LINCSCP_22053
LINCSCP_120883	-0.2368963811	0.01230249096	111	Bicalutamide	LSM-1437	AR	1.11uM	HT29	24h	LINCSCP_120883
LINCSCP_26009	0.2368958218	0.01230270252	111	MLS001065903	LSM-2501	NA	10uM	HT29	6h	LINCSCP_26009
LINCSCP_168942	-0.2368786396	0.01230920222	111	FK 866	LSM-43216	NAMPT	10uM	YAPC	24h	LINCSCP_168942
LINCSCP_151260	-0.2368762311	0.01231011352	111	Canertinib	LSM-1120	EGFR|ERBB2|ERBB4	0.04uM	PC3	24h	LINCSCP_151260
LINCSCP_172078	0.2368693934	0.01231270109	111	Canertinib	LSM-1120	EGFR|ERBB2|ERBB4	0.12uM	YAPC	24h	LINCSCP_172078
LINCSCP_116902	-0.2368450606	0.01232191317	111	SB-216763	LSM-1161	GSK3B	0.37uM	HT29	24h	LINCSCP_116902
LINCSCP_9864	-0.2368407323	0.01232355244	111	Vorinostat	LSM-3828	HDAC1|HDAC2|HDAC3|HDAC6|HDAC8	0.5uM	A549	6h	LINCSCP_9864
LINCSCP_280134	0.2368343569	0.01232596732	111	KUC111774N	LSM-36810	NA	3uM	PC3	6h	LINCSCP_280134
LINCSCP_150131	-0.236827266	0.01232865375	111	Belinostat	LSM-43181	HDAC1|HDAC10|HDAC11|HDAC2|HDAC3|HDAC4|HDAC5|HDAC6|HDAC7|HDAC8|HDAC9	1.11uM	NPC.TAK	24h	LINCSCP_150131
LINCSCP_168641	0.2368051136	0.01233704958	111	Anastrozole	LSM-5631	CYP19A1	0.12uM	YAPC	24h	LINCSCP_168641
LINCSCP_96085	-0.2367824825	0.012345632	111	E 2012	LSM-45770	NA	10uM	HA1E	24h	LINCSCP_96085
LINCSCP_169890	-0.2367749094	0.0123485051	111	Penfluridol	LSM-2334	NA	10uM	YAPC	24h	LINCSCP_169890
LINCSCP_4064	-0.236768686	0.01235086661	111	CHEMBL2333346	LSM-36791	NA	10uM	A375	24h	LINCSCP_4064
LINCSCP_116257	-0.2367609374	0.0123538074	111	CGP 60474	LSM-1025	CDK1	0.12uM	HT29	24h	LINCSCP_116257
LINCSCP_115561	0.2367538677	0.01235649108	111	SCHEMBL17052537	LSM-5803	BTK|JAK3|MKNK2|MTOR|PRKDC	3.33uM	HS578T	24h	LINCSCP_115561
LINCSCP_58525	0.2367451316	0.01235980802	111	ACON1_001667	LSM-43070	NA	10uM	VCAP	24h	LINCSCP_58525
LINCSCP_148926	-0.2367386099	0.0123622847	111	Mocetinostat	LSM-5344	HDAC1|HDAC11|HDAC2|HDAC3|HDAC8	10uM	NPC	24h	LINCSCP_148926
LINCSCP_165619	0.2367374855	0.01236271174	111	AZD-1775	LSM-1153	WEE1	0.12uM	SKL	24h	LINCSCP_165619
LINCSCP_50523	-0.2367286513	0.01236606741	111	Caffeic Acid Phenethyl Ester	LSM-43033	NA	20uM	PHH	6h	LINCSCP_50523
LINCSCP_131568	-0.2367040114	0.0123754311	111	PD-0325901	LSM-1101	MAP2K1|MAP2K2	10uM	MCF10A	3h	LINCSCP_131568
LINCSCP_45110	0.2367010987	0.01237653838	111	3-Chloro-l-alanine	LSM-6205	RPS2	0.5uM	PC3	6h	LINCSCP_45110
LINCSCP_33996	-0.2366845287	0.0123828393	111	BRD-K28377013	LSM-6097	NA	10uM	MCF7	6h	LINCSCP_33996
LINCSCP_5615	-0.2366802099	0.012384482	111	MLS000583963	LSM-1362	NA	10uM	A549	6h	LINCSCP_5615
LINCSCP_116259	-0.2366699385	0.01238838969	111	PHA-665752	LSM-42793	MET	10uM	HT29	24h	LINCSCP_116259
LINCSCP_30241	0.2366038177	0.01241357052	111	BSPBIO_001542	LSM-42823	PPP1CA|PPP2CA	10uM	MCF7	24h	LINCSCP_30241
LINCSCP_68075	-0.2365993567	0.01241527103	111	13-Hydroxy-8,14,19-trimethoxy-4,10,12,16-tetramethyl-3,20,22-trioxo-2-azabicyclo[16.3.1]docosa-1(21),4,6,10,18-pentaen-9-yl carbamate	LSM-42815	HSP90AA1	0.5uM	PC3	6h	LINCSCP_68075
LINCSCP_244873	-0.2365766573	0.01242392703	111	Alista	LSM-3161	PTGER1|PTGER2	10uM	MCF7	6h	LINCSCP_244873
LINCSCP_11322	0.2364976911	0.01245408031	111	Cephaeline	LSM-3808	NA	10uM	ASC	24h	LINCSCP_11322
LINCSCP_46089	-0.2364963422	0.01245459593	111	Idebenone	LSM-5505	NA	10uM	PC3	24h	LINCSCP_46089
LINCSCP_203726	0.2364398137	0.01247622143	111	Moxifloxacin	LSM-5746	NA	10uM	ASC	24h	LINCSCP_203726
LINCSCP_154543	0.2364391732	0.01247646662	111	SB 242235	LSM-45559	NA	3.33uM	PC3	24h	LINCSCP_154543
LINCSCP_158835	0.2364326648	0.01247895862	111	Siguazodan	LSM-1686	PDE3A	10uM	PC3	24h	LINCSCP_158835
LINCSCP_62655	-0.2364250064	0.0124818915	111	BRD-K46232974	LSM-11246	NA	5uM	VCAP	24h	LINCSCP_62655
LINCSCP_4266	-0.2364074403	0.01248862091	111	Ethopropazine	LSM-1342	CHRM1	10uM	A549	6h	LINCSCP_4266
LINCSCP_263477	0.2364070316	0.01248877752	111	BRD-K54472228	LSM-37124	NA	10uM	NPC	24h	LINCSCP_263477
LINCSCP_269251	-0.2363318161	0.01251762802	111	NM-PP1	LSM-3760	NA	10uM	PC3	24h	LINCSCP_269251
LINCSCP_11149	-0.236325896	0.01251990125	111	NSC 663284	LSM-2042	CDC25A|CDC25B	10uM	ASC	24h	LINCSCP_11149
LINCSCP_23750	-0.2362915702	0.01253308909	111	Caffeic Acid Phenethyl Ester	LSM-43033	NA	20uM	HEPG2	6h	LINCSCP_23750
LINCSCP_19897	0.236270571	0.01254116286	111	KUC103658	LSM-3168	NA	10uM	HCC515	6h	LINCSCP_19897
LINCSCP_158643	0.2362510898	0.01254865702	111	Mirtazapine	LSM-1706	ADRA2A|ADRA2B|ADRA2C|HTR2A|HTR2C|HTR3A	10uM	PC3	24h	LINCSCP_158643
LINCSCP_14619	-0.2362316394	0.01255614326	111	Trimipramine	LSM-1371	ADRA1A|ADRA1B|ADRA1D|DRD2|HRH1|HTR2A|HTR2C|SLC6A2|SLC6A3|SLC6A4	10uM	HA1E	24h	LINCSCP_14619
LINCSCP_49369	-0.2362224909	0.01255966577	111	Broad-Sai-424	LSM-45346	NA	10uM	PC3	6h	LINCSCP_49369
LINCSCP_268936	-0.2362019399	0.01256758182	111	MLS002264449	LSM-3136	NA	10uM	PC3	6h	LINCSCP_268936
LINCSCP_18199	0.2361875574	0.01257312439	111	151057-13-5	LSM-2212	GRIN1	10uM	HCC515	24h	LINCSCP_18199
LINCSCP_13921	0.2361397903	0.01259154768	111	Ivachtin	LSM-3438	CASP3	10uM	HA1E	6h	LINCSCP_13921
LINCSCP_18722	0.2361250668	0.01259723115	111	HE044657	LSM-3500	NA	10uM	HCC515	6h	LINCSCP_18722
LINCSCP_23066	0.2361105244	0.01260284688	111	Cycloheximide	LSM-2791	RPL3	10uM	HEPG2	6h	LINCSCP_23066
LINCSCP_32591	-0.2361079598	0.01260383747	111	XMD-16144	LSM-42717	NA	10uM	MCF7	24h	LINCSCP_32591
LINCSCP_51750	-0.236095151	0.01260878593	111	SCHEMBL3954849	LSM-5982	NA	1uM	SKBR3	6h	LINCSCP_51750
LINCSCP_32600	-0.2360572147	0.01262345186	111	QL-XI-92	LSM-42736	DDR1	10uM	MCF7	24h	LINCSCP_32600
LINCSCP_1105	0.2360440632	0.01262853962	111	CHEMBL1520057	LSM-2178	NA	10uM	A375	24h	LINCSCP_1105
LINCSCP_21900	-0.2360249229	0.01263594743	111	MLS003337116	LSM-3457	NA	10uM	HEPG2	6h	LINCSCP_21900
LINCSCP_108826	-0.2359510391	0.01266457792	111	BAY 87-2243	LSM-45786	NA	0.04uM	HELA	24h	LINCSCP_108826
LINCSCP_236959	0.2359393509	0.01266911235	111	SR-02000000246	LSM-4247	NA	10uM	MCF7	24h	LINCSCP_236959
LINCSCP_25036	-0.2359337263	0.01267129495	111	LDN 193189	LSM-1115	ACVR1|BMPR1A	10uM	HT115	6h	LINCSCP_25036
LINCSCP_272	0.2359128286	0.01267940695	111	Dubinidine	LSM-1971	NA	10uM	A375	24h	LINCSCP_272
LINCSCP_241297	0.2358373396	0.01270874793	111	Telenzepine	LSM-2111	CHRM1	10uM	MCF7	6h	LINCSCP_241297
LINCSCP_49226	0.2358270346	0.01271275786	111	BG-51	LSM-45301	HDAC3	0.1uM	PC3	24h	LINCSCP_49226
LINCSCP_111734	-0.2358204787	0.01271530946	111	A-443654	LSM-1045	NA	3.33uM	HEPG2	24h	LINCSCP_111734
LINCSCP_47391	-0.2358183818	0.01271612571	111	GSK-1059615	LSM-42798	PIK3CA|PIK3CB|PIK3CD|PIK3CG|PIK3R1|PIK3R2|PIK3R3|PIK3R5	10uM	PC3	6h	LINCSCP_47391
LINCSCP_194651	-0.2358162819	0.01271694314	111	BRD-K93107794	LSM-14987	NA	5uM	A549	24h	LINCSCP_194651
LINCSCP_70420	0.2358057815	0.01272103144	111	SCHEMBL16980224	LSM-1092	AURKA	0.37uM	A375	24h	LINCSCP_70420
LINCSCP_67090	-0.2357959821	0.01272484778	111	Trichostatin A, Streptomyces Sp.	LSM-42814	HDAC1|HDAC10|HDAC3|HDAC4|HDAC6|HDAC7|HDAC8	10uM	HT29	6h	LINCSCP_67090
LINCSCP_51335	-0.2357865549	0.01272852015	111	Tamatinib	LSM-1040	SYK	10uM	SKBR3	24h	LINCSCP_51335
LINCSCP_39261	-0.2357713573	0.01273444234	111	BI-2536	LSM-1041	PLK1	1uM	MDAMB231	6h	LINCSCP_39261
LINCSCP_39175	-0.2357548162	0.01274089076	111	CP466722	LSM-1009	ATM	10uM	MDAMB231	6h	LINCSCP_39175
LINCSCP_26543	-0.235705952	0.01275995679	111	GSK-461364	LSM-1013	PLK1	10uM	HT29	6h	LINCSCP_26543
LINCSCP_931	-0.2356916872	0.01276552739	111	Fedratinib	LSM-1142	FLT3|JAK2	10uM	A375	6h	LINCSCP_931
LINCSCP_110684	-0.2356757421	0.01277175666	111	Cladribine	LSM-5976	ADA	3.33uM	HELA	24h	LINCSCP_110684
LINCSCP_45691	-0.2356730407	0.01277281227	111	Methylprednisolone	LSM-5485	NR3C1	10uM	PC3	24h	LINCSCP_45691
LINCSCP_86682	0.2356501678	0.01278175332	111	COT Inhibitor-2	LSM-1154	NA	0.12uM	CD34	24h	LINCSCP_86682
LINCSCP_120362	-0.2356489151	0.01278224318	111	Tyrphostin AG-112	LSM-43079	NA	0.37uM	HT29	24h	LINCSCP_120362
LINCSCP_143383	0.2356271511	0.01279075609	111	Omacetaxine Mepesuccinate	LSM-3716	NA	1.11uM	MCF7	24h	LINCSCP_143383
LINCSCP_41658	-0.2356259118	0.01279124099	111	SA-427069	LSM-39453	NA	1uM	NKDBA	24h	LINCSCP_41658
LINCSCP_48746	0.235622351	0.01279263432	111	BRD-K21953167	LSM-38458	NA	10uM	PC3	24h	LINCSCP_48746
LINCSCP_104536	0.2356058317	0.01279909991	111	AT-7519	LSM-1004	CDK1|CDK10|CDK11B|CDK12|CDK13|CDK14|CDK15|CDK16|CDK17|CDK18|CDK19|CDK2|CDK20|CDK3|CDK4|CDK5|CDK6|CDK7|CDK8|CDK9	0.04uM	HELA	24h	LINCSCP_104536
LINCSCP_175685	-0.2356045322	0.01279960867	111	CHIR-265	LSM-1207	BRAF|KDR	0.37uM	YAPC	24h	LINCSCP_175685
LINCSCP_242216	-0.2355789076	0.01280964405	111	Pimozide	LSM-2001	DRD1|DRD2|DRD3|DRD4|DRD5|HTR2A	10uM	MCF7	6h	LINCSCP_242216
LINCSCP_30733	0.2354921354	0.01284367776	111	3-Chloro-l-alanine	LSM-6205	RPS2	0.5uM	MCF7	6h	LINCSCP_30733
LINCSCP_26872	-0.2354861373	0.01284603322	111	Thiothixene	LSM-43048	HTR2A	10uM	HT29	6h	LINCSCP_26872
LINCSCP_85091	0.2354819011	0.01284769704	111	Olaparib	LSM-1145	PARP1|PARP2|PARP3	0.04uM	ASC	24h	LINCSCP_85091
LINCSCP_49484	0.2354716208	0.01285173549	111	Equilin	LSM-2063	HSD17B1	0.04uM	PC3	24h	LINCSCP_49484
LINCSCP_64516	-0.2354570813	0.01285744898	111	Radicicol	LSM-43303	NA	20uM	VCAP	48h	LINCSCP_64516
LINCSCP_7906	0.2354408056	0.01286384737	111	Ethyl {3-[(3,5-dimethoxybenzoyl)amino]phenyl}carbamate	LSM-4855	NA	10uM	A549	24h	LINCSCP_7906
LINCSCP_17108	0.235438553	0.01286473315	111	Broad-Sai-595	LSM-45345	NA	1uM	HA1E	24h	LINCSCP_17108
LINCSCP_86024	-0.2354321196	0.01286726322	111	Radicicol	LSM-43303	NA	1.11uM	BT20	24h	LINCSCP_86024
LINCSCP_28710	0.235420633	0.01287178162	111	MEGXM0_000203	LSM-36622	NA	10uM	HUH7	24h	LINCSCP_28710
LINCSCP_233204	-0.2354103414	0.0128758311	111	BRD-K88373420	LSM-42088	NA	10uM	HT29	24h	LINCSCP_233204
LINCSCP_305701	-0.2354010254	0.0128794977	111	BRD-K98466889	LSM-42608	NA	5uM	VCAP	24h	LINCSCP_305701
LINCSCP_44353	-0.2353914999	0.01288324769	111	Flurandrenolide	LSM-1993	NR3C1	10uM	PC3	24h	LINCSCP_44353
LINCSCP_17398	-0.2353642847	0.01289396698	111	13-Hydroxy-8,14,19-trimethoxy-4,10,12,16-tetramethyl-3,20,22-trioxo-2-azabicyclo[16.3.1]docosa-1(21),4,6,10,18-pentaen-9-yl carbamate	LSM-42815	HSP90AA1	3.33uM	HA1E	24h	LINCSCP_17398
LINCSCP_29033	0.2353609216	0.01289529215	111	SCHEMBL16980366	LSM-6847	NA	10uM	HUH7	6h	LINCSCP_29033
LINCSCP_121979	-0.2352970812	0.01292046984	111	Anamorelin	LSM-45737	GHSR	10uM	HT29	24h	LINCSCP_121979
LINCSCP_97916	0.2352383723	0.01294366161	111	Sirolimus	LSM-42783	FKBP1A|MTOR	0.12uM	HA1E	24h	LINCSCP_97916
LINCSCP_241803	0.2351686457	0.01297125284	111	Diflunisal	LSM-2490	PTGS1|PTGS2	10uM	MCF7	6h	LINCSCP_241803
LINCSCP_101968	-0.2351427808	0.0129815008	111	Azathioprine	LSM-42936	PPAT	10uM	HELA	24h	LINCSCP_101968
LINCSCP_112944	-0.2351419155	0.01298184376	111	TIE2 Kinase Inhibitor	LSM-1194	NA	10uM	HEPG2	24h	LINCSCP_112944
LINCSCP_128097	0.2351281479	0.01298730161	111	AZD4547	LSM-6308	NA	0.37uM	HUES3	24h	LINCSCP_128097
LINCSCP_128664	0.2350341626	0.01302461359	111	Vandetanib	LSM-1199	EGFR|EPHA1|EPHA10|EPHA2|EPHA3|EPHA4|EPHA5|EPHA6|EPHA7|EPHA8|EPHB1|EPHB2|EPHB3|EPHB4|EPHB6|ERBB2|ERBB3|ERBB4|FLT1|FLT4|KDR|PTK6|RET|SRC|TEK	0.37uM	HUVEC	24h	LINCSCP_128664
LINCSCP_11508	-0.2350104885	0.01303402686	111	Pimozide	LSM-2001	DRD1|DRD2|DRD3|DRD4|DRD5|HTR2A	10uM	ASC	24h	LINCSCP_11508
LINCSCP_121515	0.2350035613	0.01303678239	111	BMY-14802	LSM-1339	HTR1A	0.12uM	HT29	24h	LINCSCP_121515
LINCSCP_36457	0.2349997094	0.01303831482	111	GW-5074	LSM-42779	RAF1	1uM	MCF7	24h	LINCSCP_36457
LINCSCP_22849	0.2349625963	0.0130530879	111	Doxylamine	LSM-1563	HRH1	10uM	HEPG2	6h	LINCSCP_22849
LINCSCP_132771	-0.2349523993	0.01305714944	111	Radicicol	LSM-43303	NA	0.12uM	MCF7	24h	LINCSCP_132771
LINCSCP_140099	-0.2349012484	0.01307753982	111	ALX-5407	LSM-3197	SLC6A9	10uM	MCF7	24h	LINCSCP_140099
LINCSCP_46599	0.2348702416	0.01308991364	111	ST50903421	LSM-4642	NA	10uM	PC3	6h	LINCSCP_46599
LINCSCP_19698	-0.2348051252	0.01311593274	111	KUC104127	LSM-2322	NA	10uM	HCC515	6h	LINCSCP_19698
LINCSCP_260991	0.2348047811	0.01311607035	111	STK064652	LSM-6186	NA	10uM	NOMO1	6h	LINCSCP_260991
LINCSCP_66800	-0.2347707978	0.01312966737	111	Vorinostat	LSM-3828	HDAC1|HDAC2|HDAC3|HDAC6|HDAC8	10uM	HA1E	6h	LINCSCP_66800
LINCSCP_268659	-0.2346699392	0.01317009414	111	CHEMBL1270912	LSM-2769	NA	10uM	PC3	24h	LINCSCP_268659
LINCSCP_49231	-0.2346520196	0.01317728814	111	BL003-049-HDAC3	LSM-36785	NA	10uM	PC3	24h	LINCSCP_49231
LINCSCP_50411	0.2346359718	0.01318373361	111	MEGXM0_000203	LSM-36622	NA	3uM	PHH	6h	LINCSCP_50411
LINCSCP_28897	-0.2346317054	0.0131854476	111	AC1MJFJP	LSM-36616	NA	10uM	HUH7	6h	LINCSCP_28897
LINCSCP_14624	-0.234622936	0.01318897131	111	(8Xi,11beta,14xi,16beta)-21-Chloro-9-fluoro-11-hydroxy-16-methyl-3,20-dioxopregna-1,4-dien-17-yl propanoate	LSM-1414	NR3C1	10uM	HA1E	24h	LINCSCP_14624
LINCSCP_123113	-0.2346194727	0.01319036316	111	Aminolevulinic acid	LSM-5677	ALAD	1.11uM	HT29	24h	LINCSCP_123113
LINCSCP_3090	0.2346162254	0.01319166832	111	5807-14-7	LSM-5565	NA	10uM	A375	6h	LINCSCP_3090
LINCSCP_13936	0.2345974661	0.01319921026	111	Omacetaxine Mepesuccinate	LSM-3716	NA	10uM	HA1E	6h	LINCSCP_13936
LINCSCP_9633	0.2345860117	0.01320381719	111	Omacetaxine Mepesuccinate	LSM-3716	NA	3uM	A549	6h	LINCSCP_9633
LINCSCP_18549	0.2345484321	0.0132189415	111	Gamolenic acid	LSM-42900	PTGS1|PTGS2	10uM	HCC515	24h	LINCSCP_18549
LINCSCP_148440	-0.2344932864	0.01324116282	111	CHEMBL552425	LSM-1003	DDR1	0.12uM	NPC	24h	LINCSCP_148440
LINCSCP_13636	0.2344902616	0.01324238263	111	F-L-Leu	LSM-1586	NA	10uM	HA1E	24h	LINCSCP_13636
LINCSCP_164140	-0.2344513791	0.01325807142	111	13-Hydroxy-8,14,19-trimethoxy-4,10,12,16-tetramethyl-3,20,22-trioxo-2-azabicyclo[16.3.1]docosa-1(21),4,6,10,18-pentaen-9-yl carbamate	LSM-42815	HSP90AA1	1.11uM	SKBR3	3h	LINCSCP_164140
LINCSCP_237943	-0.2343031358	0.01331803521	111	MLS-0354783.0001	LSM-3683	NA	10uM	MCF7	24h	LINCSCP_237943
LINCSCP_128031	-0.2342953566	0.01332118837	111	Tivozanib	LSM-1005	FLT1|FLT4|KDR|KIT|PDGFRA|PDGFRB	0.37uM	HUES3	24h	LINCSCP_128031
LINCSCP_54978	-0.234267104	0.01333264557	111	Tipifarnib	LSM-6258	CHURC1-FNTB|FNTA|FNTB	10uM	THP1	6h	LINCSCP_54978
LINCSCP_100016	-0.2342091169	0.01335618785	111	13-Hydroxy-8,14,19-trimethoxy-4,10,12,16-tetramethyl-3,20,22-trioxo-2-azabicyclo[16.3.1]docosa-1(21),4,6,10,18-pentaen-9-yl carbamate	LSM-42815	HSP90AA1	1.11uM	HCC515	24h	LINCSCP_100016
LINCSCP_44652	0.2341857815	0.01336567203	111	6266-99-5	LSM-3501	GRM5	10uM	PC3	6h	LINCSCP_44652
LINCSCP_29605	-0.2341256145	0.01339015272	111	CGP 60474	LSM-1025	CDK1	0.1uM	MCF10A	24h	LINCSCP_29605
LINCSCP_251284	0.2341180916	0.01339321639	111	Sirolimus	LSM-42783	FKBP1A|MTOR	1uM	MCF7	24h	LINCSCP_251284
LINCSCP_10873	-0.2341144701	0.01339469145	111	Sorafenib	LSM-1008	BRAF|DDR2|FGFR1|FLT1|FLT3|FLT4|KDR|KIT|PDGFRB|RAF1|RET	10uM	ASC	24h	LINCSCP_10873
LINCSCP_152176	-0.2340986548	0.01340113477	111	XMD 8-92	LSM-1094	MAPK7	0.04uM	PC3	24h	LINCSCP_152176
LINCSCP_25184	0.2340611049	0.01341644375	111	Primidone	LSM-2700	GABRA1|GABRA2|GABRA3|GABRA4|GABRA5|GABRA6|GABRB1|GABRB2|GABRB3|GABRD|GABRE|GABRG1|GABRG2|GABRG3|GABRP|GABRQ|SCN10A|SCN11A|SCN1A|SCN2A|SCN3A|SCN4A|SCN5A|SCN7A|SCN8A|SCN9A	10uM	HT29	6h	LINCSCP_25184
LINCSCP_130877	-0.2340408263	0.01342471763	111	CHEMBL1083527	LSM-1122	NA	10uM	MCF10A	3h	LINCSCP_130877
LINCSCP_203221	-0.2340245921	0.01343134457	111	AC1O9B1U	LSM-4549	NA	10uM	ASC	24h	LINCSCP_203221
LINCSCP_44644	-0.2340176197	0.01343419161	111	AC1L1JM9	LSM-2056	NA	10uM	PC3	6h	LINCSCP_44644
LINCSCP_28960	0.2340165691	0.01343462067	111	CHEMBL2356537	LSM-6830	NA	10uM	HUH7	6h	LINCSCP_28960
LINCSCP_91106	-0.2340141704	0.0134356003	111	Phenformin	LSM-2233	NA	10uM	HA1E	24h	LINCSCP_91106
LINCSCP_20546	-0.2340082798	0.01343800624	111	EI-346-ERLOTINIB-ANALOG	LSM-42715	NA	10uM	HCC515	6h	LINCSCP_20546
LINCSCP_132979	0.2340011773	0.0134409077	111	Pictilisib	LSM-1047	PIK3CA|PIK3CB|PIK3CD|PIK3CG|PIK3R1|PIK3R2|PIK3R3|PIK3R5	1.11uM	MCF7	3h	LINCSCP_132979
LINCSCP_86334	-0.2339995394	0.01344157688	111	PD-173074	LSM-1026	FGFR1|FGFR3	10uM	BT20	3h	LINCSCP_86334
LINCSCP_29273	-0.233991258	0.01344496074	111	L-Sulforaphane	LSM-4919	NFE2L2	10uM	LOVO	6h	LINCSCP_29273
LINCSCP_38334	-0.2339898533	0.0134455348	111	SA-1921614	LSM-40574	NA	0.5uM	MCF7	6h	LINCSCP_38334
LINCSCP_26831	-0.2339346936	0.01346809345	111	Paroxetine	LSM-2843	SLC6A4	10uM	HT29	6h	LINCSCP_26831
LINCSCP_37641	0.2339337703	0.01346847132	111	IC 261	LSM-42870	NA	3uM	MCF7	24h	LINCSCP_37641
LINCSCP_57756	-0.2339320588	0.01346917183	111	MLS002264469	LSM-2012	NA	10uM	VCAP	24h	LINCSCP_57756
LINCSCP_83405	0.2339292431	0.01347032434	111	848193-68-0	LSM-6271	SIRT1	0.04uM	ASC.C	24h	LINCSCP_83405
LINCSCP_25957	-0.2338549636	0.01350075894	111	MLS001172197	LSM-3527	NA	10uM	HT29	24h	LINCSCP_25957
LINCSCP_34850	-0.2338520032	0.01350197312	111	BRD-K73459720	LSM-41264	NA	5uM	MCF7	24h	LINCSCP_34850
LINCSCP_56755	-0.2338261332	0.01351258776	111	GF-109203	LSM-2677	PRKCA	10uM	VCAP	6h	LINCSCP_56755
LINCSCP_22430	0.2338258511	0.01351270355	111	BRN 1088760	LSM-43335	NA	10uM	HEPG2	6h	LINCSCP_22430
LINCSCP_229411	0.2338009154	0.01352294177	111	BRD-K62957477	LSM-12256	NA	5uM	HT29	24h	LINCSCP_229411
LINCSCP_25739	-0.2337974025	0.01352438465	111	Skiii	LSM-2462	SPHK1	40uM	HT29	6h	LINCSCP_25739
LINCSCP_10977	0.2337964902	0.01352475937	111	SCHEMBL3655059	LSM-5023	RRM1	10uM	ASC	24h	LINCSCP_10977
LINCSCP_160408	-0.2337885183	0.01352803435	111	BAY 87-2243	LSM-45786	NA	1.11uM	PC3	24h	LINCSCP_160408
LINCSCP_46748	-0.2337622158	0.01353884463	111	2-(2,4-Dichlorophenoxy)-n-(4-methyl-2-nitrophenyl)acetamide	LSM-4588	NA	10uM	PC3	24h	LINCSCP_46748
LINCSCP_54216	0.2337577097	0.0135406974	111	VER 155008	LSM-6239	HSPA1A	10uM	SW620	6h	LINCSCP_54216
LINCSCP_36024	0.2337222669	0.01355527798	111	Doxorubicin	LSM-4062	TOP2A	0.001uM	MCF7	24h	LINCSCP_36024
LINCSCP_111749	0.2336772549	0.01357381487	111	Linifanib	LSM-1183	CSF1R|FLT1|FLT3|FLT4|KDR|PDGFRA|PDGFRB	0.12uM	HEPG2	24h	LINCSCP_111749
LINCSCP_60282	0.2336447374	0.01358721999	111	BRD-K31786211	LSM-7261	NA	5uM	VCAP	6h	LINCSCP_60282
LINCSCP_30301	-0.23363425	0.01359154584	111	Rivafurazon	LSM-3779	NA	10uM	MCF7	24h	LINCSCP_30301
LINCSCP_169395	0.2336299287	0.01359332864	111	Pravastatin sodium	LSM-45836	NA	0.37uM	YAPC	24h	LINCSCP_169395
LINCSCP_145315	0.2336280098	0.01359412033	111	SCHEMBL6874948	LSM-5674	LCK	0.04uM	MDAMB231	24h	LINCSCP_145315
LINCSCP_53343	-0.2336230848	0.01359615254	111	AZD-1775	LSM-1153	WEE1	10uM	SKMEL1	6h	LINCSCP_53343
LINCSCP_58090	0.2335936087	0.0136083208	111	Bifonazole	LSM-5184	NA	10uM	VCAP	24h	LINCSCP_58090
LINCSCP_55465	-0.2335912202	0.01360930727	111	Amiodarone	LSM-2379	KCNH2	10uM	U937	6h	LINCSCP_55465
LINCSCP_262810	-0.2335908912	0.01360944312	111	BSPBIO_003237	LSM-42875	NA	10uM	NPC	24h	LINCSCP_262810
LINCSCP_56749	-0.2335675171	0.01361909982	111	4-Hydroxytamoxifen	LSM-42848	ESR1|ESR2	10uM	VCAP	6h	LINCSCP_56749
LINCSCP_208323	0.2335630177	0.01362095936	111	Mestranol	LSM-2693	ESR1	10uM	HA1E	24h	LINCSCP_208323
LINCSCP_222517	0.2335340765	0.01363292573	111	Tivozanib	LSM-1005	FLT1|FLT4|KDR|KIT|PDGFRA|PDGFRB	1uM	HS578T	6h	LINCSCP_222517
LINCSCP_7903	0.2335261359	0.01363621052	111	CHEMBL2135537	LSM-6149	NA	10uM	A549	24h	LINCSCP_7903
LINCSCP_52758	0.2335140673	0.0136412043	111	BAY 36-7620	LSM-3218	GRM1	10uM	SKB	24h	LINCSCP_52758
LINCSCP_235865	0.2335065385	0.01364432041	111	Famciclovir	LSM-2990	NA	10uM	MCF7	6h	LINCSCP_235865
LINCSCP_38393	0.2334829746	0.01365407726	111	Curcumin	LSM-43083	PTGS1|PTGS2	0.5uM	MCF7	24h	LINCSCP_38393
LINCSCP_241819	-0.2334582855	0.01366430652	111	Clemastine	LSM-2655	HRH1	10uM	MCF7	6h	LINCSCP_241819
LINCSCP_119540	-0.2334323754	0.01367504886	111	Mibefradil	LSM-2192	CACNA1C|CACNA1G|CACNA1H|CACNA1I	10uM	HT29	24h	LINCSCP_119540
LINCSCP_88157	0.2333973413	0.01368958572	111	WYE 125132	LSM-1064	MTOR	0.04uM	HA1E	24h	LINCSCP_88157
LINCSCP_179332	-0.2333865358	0.01369407202	111	F1061-0166	LSM-4474	NA	10uM	A375	6h	LINCSCP_179332
LINCSCP_129411	-0.2333350015	0.01371548592	111	1166227-08-2	LSM-1204	NA	10uM	JURKAT	24h	LINCSCP_129411
LINCSCP_113555	-0.2333286352	0.01371813333	111	SCHEMBL1564574	LSM-1006	CHEK1|CHEK2	1.11uM	HME1	3h	LINCSCP_113555
LINCSCP_6625	-0.2333255334	0.01371942336	111	Canertinib	LSM-1120	EGFR|ERBB2|ERBB4	10uM	A549	6h	LINCSCP_6625
LINCSCP_1493	0.2333076867	0.01372684782	111	MLS003448168	LSM-2103	NA	10uM	A375	6h	LINCSCP_1493
LINCSCP_63165	0.2333057799	0.01372764125	111	BRD-K47977047-001-01-2	LSM-6836	NA	5uM	VCAP	6h	LINCSCP_63165
LINCSCP_40958	0.2332969548	0.0137313141	111	AC1NQ6YI	LSM-1601	HTR2A|HTR2B|HTR2C	10uM	NEU	24h	LINCSCP_40958
LINCSCP_26318	-0.2332957432	0.01373181839	111	BRD-U86222656	LSM-42708	NA	10uM	HT29	6h	LINCSCP_26318
LINCSCP_16109	-0.2332845544	0.01373647633	111	MLS002703099	LSM-2090	NA	10uM	HA1E	6h	LINCSCP_16109
LINCSCP_24003	-0.2332815832	0.01373771347	111	Broad-Sai-443	LSM-45300	NA	3.33uM	HEPG2	24h	LINCSCP_24003
LINCSCP_19607	-0.2332373447	0.01375614501	111	Tozasertib	LSM-1021	ABL1|AURKA|AURKB|AURKC|BCR|FLT3|JAK2	10uM	HCC515	6h	LINCSCP_19607
LINCSCP_54624	-0.2332281458	0.01375998034	111	CAY10603	LSM-4941	HDAC6	10uM	SW948	6h	LINCSCP_54624
LINCSCP_120146	0.2332220316	0.01376253011	111	Anacetrapib (MK-0859)	LSM-45618	NA	1.11uM	HT29	24h	LINCSCP_120146
LINCSCP_37129	0.2332156119	0.01376520766	111	SA-1462738	LSM-39545	NA	0.5uM	MCF7	6h	LINCSCP_37129
LINCSCP_83625	0.2332145528	0.01376564944	111	BRD-A01645196	LSM-42745	NA	0.37uM	ASC.C	24h	LINCSCP_83625
LINCSCP_83531	0.2332110529	0.01376710947	111	Pracinostat	LSM-43290	NA	0.04uM	ASC.C	24h	LINCSCP_83531
LINCSCP_45441	-0.233196797	0.01377305773	111	OPREA1_214521	LSM-1357	NA	10uM	PC3	24h	LINCSCP_45441
LINCSCP_64913	-0.2331939899	0.01377422929	111	BRD-K43049540	LSM-39636	NA	10uM	VCAP	24h	LINCSCP_64913
LINCSCP_31045	-0.233183852	0.01377846099	111	CID755673	LSM-2050	NA	10uM	MCF7	6h	LINCSCP_31045
LINCSCP_59151	0.2331827783	0.01377890928	111	XMD-132	LSM-42742	NA	10uM	VCAP	6h	LINCSCP_59151
LINCSCP_9157	-0.233168039	0.01378506387	111	SCHEMBL16226502	LSM-43056	HSP90AA1	0.01uM	A549	24h	LINCSCP_9157
LINCSCP_17917	0.2331624946	0.01378737966	111	IC 261	LSM-42870	NA	10uM	HCC515	24h	LINCSCP_17917
LINCSCP_23563	-0.2331446817	0.01379482198	111	MLS000107144	LSM-36458	NA	20uM	HEPG2	6h	LINCSCP_23563
LINCSCP_23517	0.2331366381	0.01379818379	111	BRD-K84245233	LSM-6856	NA	10uM	HEPG2	24h	LINCSCP_23517
LINCSCP_31154	0.2331363008	0.01379832479	111	CHEMBL593506	LSM-2831	CHRM5	10uM	MCF7	24h	LINCSCP_31154
LINCSCP_72764	-0.2330673023	0.0138271922	111	BECLOMETHASONE DIPROPIONATE	LSM-45855	NA	10uM	A375	24h	LINCSCP_72764
LINCSCP_181561	-0.2330440156	0.01383694666	111	BRD-K39156670	LSM-10806	NA	5uM	A375	24h	LINCSCP_181561
LINCSCP_46595	-0.2330005528	0.01385516868	111	SCHEMBL1564574	LSM-1006	CHEK1|CHEK2	10uM	PC3	6h	LINCSCP_46595
LINCSCP_1293	0.2329977987	0.01385632405	111	MLS000033898	LSM-2342	NA	10uM	A375	6h	LINCSCP_1293
LINCSCP_132005	-0.2329639165	0.01387054488	111	NVP-AUY922	LSM-1162	NA	0.04uM	MCF7	24h	LINCSCP_132005
LINCSCP_11922	-0.2329506767	0.01387610525	111	Tamatinib	LSM-1040	SYK	10uM	BT20	6h	LINCSCP_11922
LINCSCP_647	0.2329472534	0.01387754328	111	916985-21-2	LSM-4790	NA	10uM	A375	24h	LINCSCP_647
LINCSCP_124212	0.2329328059	0.01388361361	111	TG100-115	LSM-5731	PIK3CD|PIK3CG	3.33uM	HT29	24h	LINCSCP_124212
LINCSCP_148878	-0.2329236301	0.01388747016	111	Vorinostat	LSM-3828	HDAC1|HDAC2|HDAC3|HDAC6|HDAC8	10uM	NPC	24h	LINCSCP_148878
LINCSCP_66954	-0.2328966463	0.01389881677	111	Trichostatin A, Streptomyces Sp.	LSM-42814	HDAC1|HDAC10|HDAC3|HDAC4|HDAC6|HDAC7|HDAC8	10uM	HCC515	6h	LINCSCP_66954
LINCSCP_16582	0.2328874167	0.01390269963	111	Verrucarin A	LSM-43143	NA	10uM	HA1E	6h	LINCSCP_16582
LINCSCP_21745	-0.2328849722	0.01390372818	111	10-DEBC	LSM-4710	PIM1	20uM	HEPG2	6h	LINCSCP_21745
LINCSCP_91016	-0.2328823478	0.01390483252	111	APD668	LSM-45930	NA	10uM	HA1E	24h	LINCSCP_91016
LINCSCP_13744	-0.2328788192	0.01390631743	111	282089-49-0	LSM-3400	CNR2	10uM	HA1E	24h	LINCSCP_13744
LINCSCP_264449	-0.2328454503	0.01392036668	111	13-Hydroxy-8,14,19-trimethoxy-4,10,12,16-tetramethyl-3,20,22-trioxo-2-azabicyclo[16.3.1]docosa-1(21),4,6,10,18-pentaen-9-yl carbamate	LSM-42815	HSP90AA1	0.5uM	PC3	6h	LINCSCP_264449
LINCSCP_2505	-0.232821169	0.01393059758	111	AC1NWATH	LSM-1241	NR3C1	10uM	A375	6h	LINCSCP_2505
LINCSCP_87536	0.2327924488	0.01394270722	111	WHI-P97	LSM-1033	JAK3	0.37uM	CD34	24h	LINCSCP_87536
LINCSCP_121882	0.2327768939	0.01394926966	111	Estramustine phosphate sodium	LSM-45379	ESR2	0.04uM	HT29	24h	LINCSCP_121882
LINCSCP_17955	-0.2327236878	0.01397173707	111	Clopenthixol	LSM-42927	DRD1|DRD2	10uM	HCC515	24h	LINCSCP_17955
LINCSCP_23429	0.2327185449	0.01397391044	111	Podofilox	LSM-3055	NA	10uM	HEPG2	24h	LINCSCP_23429
LINCSCP_49983	-0.232713542	0.01397602492	111	Alvespimycin	LSM-43241	HSP90AA1	10uM	PHH	24h	LINCSCP_49983
LINCSCP_57131	-0.2327128094	0.01397633458	111	MLS003448149	LSM-3003	NA	10uM	VCAP	6h	LINCSCP_57131
LINCSCP_104367	0.2326239472	0.01401393947	111	Tipiracil (hydrochloride)	LSM-45561	TYMP	0.12uM	HELA	24h	LINCSCP_104367
LINCSCP_107715	0.2325895051	0.01402853843	111	Umeclidinium (bromide)	LSM-45495	CHRM3	0.37uM	HELA	24h	LINCSCP_107715
LINCSCP_38641	0.2325827927	0.01403138517	111	CHEMBL2357005	LSM-6822	NA	0.04uM	MCF7	24h	LINCSCP_38641
LINCSCP_136597	-0.2325822504	0.01403161519	111	AV-412 (free base)	LSM-45753	NA	10uM	MCF7	24h	LINCSCP_136597
LINCSCP_47308	0.2325782874	0.01403329615	111	MLS000763523	LSM-43127	NA	10uM	PC3	24h	LINCSCP_47308
LINCSCP_80996	-0.2325767154	0.01403396299	111	Rosiglitazone	LSM-1949	PPARG	0.37uM	A375	24h	LINCSCP_80996
LINCSCP_13232	-0.2325581336	0.01404184738	111	BSPBIO_001592	LSM-43102	PTGS1|PTGS2	10uM	FIBRNPC	24h	LINCSCP_13232
LINCSCP_43366	-0.232555529	0.01404295284	111	W 7	LSM-4021	NA	10uM	NPC	6h	LINCSCP_43366
LINCSCP_72712	-0.2325550895	0.01404313937	111	GRANISETRON HYDROCHLORIDE	LSM-45509	HTR3A	1.11uM	A375	24h	LINCSCP_72712
LINCSCP_243480	0.2325467958	0.01404666	111	Bezafibrate	LSM-3015	PPARA|PPARD|PPARG	10uM	MCF7	24h	LINCSCP_243480
LINCSCP_89369	-0.2325230994	0.01405672317	111	Zaldaride	LSM-1413	CALM1	10uM	HA1E	24h	LINCSCP_89369
LINCSCP_53688	0.2325206644	0.01405775759	111	AGK 2	LSM-43196	SIRT2	10uM	SNU1040	6h	LINCSCP_53688
LINCSCP_1092	0.2325078011	0.01406322323	111	Emetine	LSM-2041	RPS2	10uM	A375	24h	LINCSCP_1092
LINCSCP_106862	0.2325045448	0.01406460712	111	Trehalose	LSM-37121	NA	0.04uM	HELA	24h	LINCSCP_106862
LINCSCP_88875	-0.2324878498	0.01407170422	111	Belinostat	LSM-43181	HDAC1|HDAC10|HDAC11|HDAC2|HDAC3|HDAC4|HDAC5|HDAC6|HDAC7|HDAC8|HDAC9	3.33uM	HA1E	24h	LINCSCP_88875
LINCSCP_169536	-0.2324705149	0.01407907668	111	Taranabant	LSM-45803	CNR1	10uM	YAPC	24h	LINCSCP_169536
LINCSCP_7193	-0.2324637317	0.01408196243	111	1-(5-Isoquinolinesulfonyl)piperazine	LSM-3622	NA	10uM	A549	6h	LINCSCP_7193
LINCSCP_124900	-0.2324385488	0.01409268045	111	Thioridazine	LSM-1863	DRD1|DRD2|DRD3|DRD4|HTR2A|HTR2C	10uM	HT29	24h	LINCSCP_124900
LINCSCP_51588	-0.2324270808	0.01409756371	111	Tamatinib	LSM-1040	SYK	0.5uM	SKBR3	6h	LINCSCP_51588
LINCSCP_79277	-0.2323982464	0.01410984827	111	IMD-0354	LSM-3667	IKBKB	0.12uM	A375	24h	LINCSCP_79277
LINCSCP_39758	0.232368805	0.01412240104	111	ASN 05257430	LSM-2975	NA	10uM	MDST8	6h	LINCSCP_39758
LINCSCP_14124	0.2323627337	0.01412499084	111	Probucol	LSM-3617	ABCA1	10uM	HA1E	24h	LINCSCP_14124
LINCSCP_5567	0.2323620166	0.01412529676	111	MLS002264471	LSM-4120	NA	10uM	A549	6h	LINCSCP_5567
LINCSCP_37359	-0.232355241	0.01412818749	111	SA-1457415	LSM-40938	NA	1uM	MCF7	6h	LINCSCP_37359
LINCSCP_252488	0.2323100553	0.01414747887	111	SA-1473405	LSM-40861	NA	3uM	MCF7	6h	LINCSCP_252488
LINCSCP_17672	-0.2322931405	0.01415470631	111	Skiii	LSM-2462	SPHK1	40uM	HCC15	6h	LINCSCP_17672
LINCSCP_23008	0.2322162793	0.01418758833	111	Dobutamine	LSM-1807	ADRB1|ADRB2	10uM	HEPG2	6h	LINCSCP_23008
LINCSCP_252027	-0.2321815876	0.01420245156	111	AZD-1775	LSM-1153	WEE1	10uM	MCF7	6h	LINCSCP_252027
LINCSCP_77763	-0.2321811277	0.0142026487	111	Fipronil	LSM-1608	NA	0.04uM	A375	24h	LINCSCP_77763
LINCSCP_14321	0.2321316973	0.01422385021	111	Mefenamic acid	LSM-4085	PTGS1|PTGS2	10uM	HA1E	6h	LINCSCP_14321
LINCSCP_91863	-0.2321308811	0.01422420052	111	SPECTRUM_001522	LSM-1487	NR3C1	0.04uM	HA1E	24h	LINCSCP_91863
LINCSCP_153981	0.2321250957	0.01422668381	111	Lexibulin	LSM-6232	TUBA1A|TUBA1B|TUBA1C|TUBA3E|TUBA4A|TUBB|TUBB1|TUBB2A|TUBB2B|TUBB3|TUBB4A|TUBB4B|TUBB6|TUBB8	0.37uM	PC3	24h	LINCSCP_153981
LINCSCP_23340	-0.2321028347	0.01423624256	111	SCHEMBL16980379	LSM-6818	NA	10uM	HEPG2	24h	LINCSCP_23340
LINCSCP_25450	-0.2320716421	0.01424964589	111	Olaparib	LSM-1145	PARP1|PARP2|PARP3	40uM	HT29	24h	LINCSCP_25450
LINCSCP_154152	-0.2320660626	0.01425204452	111	Galeterone	LSM-45479	NA	10uM	PC3	24h	LINCSCP_154152
LINCSCP_43584	-0.2320496207	0.01425911503	111	Scriptaid	LSM-2499	HDAC1	10uM	NPC	6h	LINCSCP_43584
LINCSCP_65673	-0.2320478389	0.01425988143	111	BRD-K64693729	LSM-40804	NA	10uM	VCAP	24h	LINCSCP_65673
LINCSCP_42841	-0.232008729	0.01427671281	111	Lasalocid	LSM-2214	NA	10uM	NPC	24h	LINCSCP_42841
LINCSCP_34185	0.2320020648	0.01427958255	111	Pemoline	LSM-5159	NA	10uM	MCF7	6h	LINCSCP_34185
LINCSCP_14309	0.2319849018	0.01428697557	111	IAA-94	LSM-3913	NA	10uM	HA1E	6h	LINCSCP_14309
LINCSCP_8981	-0.2319740419	0.01429165526	111	BRD-K96396151	LSM-42501	NA	10uM	A549	24h	LINCSCP_8981
LINCSCP_49427	-0.2319568453	0.01429906818	111	Curcumin	LSM-43083	PTGS1|PTGS2	10uM	PC3	6h	LINCSCP_49427
LINCSCP_4558	-0.231954822	0.01429994061	111	UK 356618	LSM-4940	MMP3	10uM	A549	24h	LINCSCP_4558
LINCSCP_121802	-0.2319414217	0.01430571971	111	Bopindolol  malonate	LSM-45796	NA	0.37uM	HT29	24h	LINCSCP_121802
LINCSCP_28953	-0.2319410205	0.01430589276	111	BRD-K32581454-001-01-5	LSM-6827	NA	3uM	HUH7	6h	LINCSCP_28953
LINCSCP_221010	0.231911939	0.0143184418	111	Eicosatrienoic acid (20:3 n-3)	LSM-42997	NA	10uM	HEPG2	6h	LINCSCP_221010
LINCSCP_52402	-0.2319089536	0.01431973057	111	BRD-K60460488-066-01-0	LSM-5702	CYP1A2|CYP2B6|CYP2C19|CYP2C9|CYP2D6|CYP3A4|CYP3A7	10uM	SKB	24h	LINCSCP_52402
LINCSCP_50601	-0.2319080229	0.01432013237	111	Isoliquiritigenin	LSM-43093	GABBR1	10uM	PL21	6h	LINCSCP_50601
LINCSCP_34385	-0.2318457859	0.0143470233	111	Antipyrine	LSM-3038	NA	10uM	MCF7	6h	LINCSCP_34385
LINCSCP_45938	-0.2318310131	0.01435341268	111	Linopirdine	LSM-3317	KCNQ2|KCNQ3	10uM	PC3	24h	LINCSCP_45938
LINCSCP_192073	-0.2318222996	0.01435718255	111	Pergolide	LSM-3352	ADRA2A|ADRA2B|ADRA2C|DRD1|DRD2|DRD3|DRD4|DRD5|HTR1A|HTR1B|HTR1D|HTR2A|HTR2B|HTR2C	10uM	A549	6h	LINCSCP_192073
LINCSCP_242383	-0.2318217699	0.01435741173	111	Nortriptyline	LSM-4039	KCNJ10|SLC6A2|SLC6A4	10uM	MCF7	6h	LINCSCP_242383
LINCSCP_52368	-0.2317982413	0.01436759566	111	SCHEMBL16196749	LSM-42847	NTRK1	10uM	SKB	24h	LINCSCP_52368
LINCSCP_44674	-0.2317730063	0.01437852515	111	Budesonide	LSM-1472	NR3C1	10uM	PC3	24h	LINCSCP_44674
LINCSCP_152315	-0.231766868	0.01438118481	111	301836-43-1	LSM-1203	CSNK1A1|TGFB1	0.12uM	PC3	24h	LINCSCP_152315
LINCSCP_105326	0.2317510067	0.01438805929	111	RG2833 (RGFP109)	LSM-45565	NA	0.04uM	HELA	24h	LINCSCP_105326
LINCSCP_174378	0.2317230047	0.01440020263	111	Escitalopram	LSM-3569	SLC6A4	3.33uM	YAPC	24h	LINCSCP_174378
LINCSCP_68746	-0.2317214958	0.01440085725	111	Thioridazine	LSM-1863	DRD1|DRD2|DRD3|DRD4|HTR2A|HTR2C	10uM	VCAP	24h	LINCSCP_68746
LINCSCP_67792	-0.2316953948	0.0144121847	111	Vorinostat	LSM-3828	HDAC1|HDAC2|HDAC3|HDAC6|HDAC8	3uM	NPC	24h	LINCSCP_67792
LINCSCP_60463	-0.2316932487	0.01441311641	111	BRD-K15761174	LSM-7061	NA	5uM	VCAP	6h	LINCSCP_60463
LINCSCP_96573	-0.2316889523	0.01441498182	111	TRAMIPROSATE	LSM-45751	NA	0.37uM	HA1E	24h	LINCSCP_96573
LINCSCP_51971	-0.2316843256	0.01441699091	111	Fedratinib	LSM-1142	FLT3|JAK2	10uM	SKBR3	6h	LINCSCP_51971
LINCSCP_22640	-0.2316790985	0.01441926096	111	EI-346-ERLOTINIB-ANALOG	LSM-42715	NA	10uM	HEPG2	6h	LINCSCP_22640
LINCSCP_142995	0.2316764626	0.01442040584	111	Thiabendazole	LSM-3741	NA	0.12uM	MCF7	24h	LINCSCP_142995
LINCSCP_97558	0.2316714001	0.01442260489	111	Diazoxide	LSM-3639	KCNJ11	0.04uM	HA1E	24h	LINCSCP_97558
LINCSCP_22406	-0.231666587	0.01442469584	111	MLS003179192	LSM-3532	NA	10uM	HEPG2	6h	LINCSCP_22406
LINCSCP_13454	-0.2316598671	0.01442761564	111	BIBR-1532	LSM-43274	TERT	80uM	H1299	6h	LINCSCP_13454
LINCSCP_26420	-0.2316494487	0.01443214347	111	MLS001033149	LSM-6634	NA	10uM	HT29	6h	LINCSCP_26420
LINCSCP_86693	0.2316418307	0.014435455	111	Pazopanib	LSM-1114	CSF1R|FGFR1|FGFR3|FLT1|FLT4|ITK|KDR|KIT|LCK|PDGFRA|PDGFRB	0.37uM	CD34	24h	LINCSCP_86693
LINCSCP_41740	0.23164027	0.01443613352	111	Quinoclamine	LSM-6261	NA	3uM	NKDBA	24h	LINCSCP_41740
LINCSCP_33115	-0.2316163152	0.01444655139	111	RO10-5824	LSM-3796	DRD4	10uM	MCF7	24h	LINCSCP_33115
LINCSCP_252929	0.2316051929	0.01445139068	111	SA-1460136	LSM-41232	NA	1uM	MCF7	6h	LINCSCP_252929
LINCSCP_54573	0.231575532	0.01446430295	111	SRT-1720	LSM-42691	SIRT1	10uM	SW948	6h	LINCSCP_54573
LINCSCP_30579	-0.231533942	0.01448242519	111	CHEMBL3182405	LSM-4793	NA	10uM	MCF7	24h	LINCSCP_30579
LINCSCP_53844	0.2315277104	0.01448514224	111	Cytosporone B	LSM-6280	NR4A1	10uM	SNUC4	6h	LINCSCP_53844
LINCSCP_64822	-0.2315073427	0.01449402584	111	BRD-K93219845	LSM-42338	NA	10uM	VCAP	6h	LINCSCP_64822
LINCSCP_83890	0.2315064407	0.01449441937	111	HMN-214	LSM-42802	CSF1R|FLT1|FLT3|FLT4|KDR|KIT|PDGFRB|RET	10uM	ASC.C	24h	LINCSCP_83890
LINCSCP_175138	-0.2315038456	0.01449555161	111	Thioguanosine	LSM-5832	NA	10uM	YAPC	24h	LINCSCP_175138
LINCSCP_47690	-0.2314967544	0.01449864591	111	Thiostrepton	LSM-43142	FOXM1	10uM	PC3	6h	LINCSCP_47690
LINCSCP_161100	0.2314142254	0.01453470028	111	Alisertib	LSM-37184	AURKA	0.12uM	PC3	24h	LINCSCP_161100
LINCSCP_92496	-0.2314090699	0.01453695517	111	CO-1686 (AVL-301)	LSM-45736	EGFR	0.37uM	HA1E	24h	LINCSCP_92496
LINCSCP_9981	0.2314036723	0.01453931624	111	CHEMBL2143628	LSM-6855	NA	10uM	A549	24h	LINCSCP_9981
LINCSCP_67227	-0.2313992422	0.01454125437	111	Trichostatin A, Streptomyces Sp.	LSM-42814	HDAC1|HDAC10|HDAC3|HDAC4|HDAC6|HDAC7|HDAC8	1uM	JURKAT	24h	LINCSCP_67227
LINCSCP_121788	-0.2313980616	0.01454177091	111	Moclobemide	LSM-5247	MAOA	3.33uM	HT29	24h	LINCSCP_121788
LINCSCP_172790	0.2313833766	0.01454819721	111	Proglumide	LSM-4439	CCKAR|CCKBR	3.33uM	YAPC	24h	LINCSCP_172790
LINCSCP_5174	-0.2313744124	0.01455212122	111	SMR000046567	LSM-3958	NA	10uM	A549	6h	LINCSCP_5174
LINCSCP_64549	-0.2313610821	0.0145579582	111	SCHEMBL16226068	LSM-43297	HSP90AA1	5uM	VCAP	6h	LINCSCP_64549
LINCSCP_25609	-0.2313484602	0.01456348689	111	Fluspirilene	LSM-3748	DRD2|HTR2A	5uM	HT29	24h	LINCSCP_25609
LINCSCP_80527	-0.2313207038	0.01457565121	111	Thiothixene	LSM-43048	HTR2A	3.33uM	A375	24h	LINCSCP_80527
LINCSCP_30224	-0.2312956556	0.01458663626	111	Wortmannin	LSM-3947	PIK3CA|PIK3CG|PLK1	10uM	MCF7	6h	LINCSCP_30224
LINCSCP_54891	-0.2312956069	0.01458665764	111	KU0060648	LSM-4935	PIK3CA|PIK3CB|PIK3CD|PRKDC	10uM	THP1	6h	LINCSCP_54891
LINCSCP_44326	-0.2312628797	0.01460102119	111	Skatole	LSM-3655	CYP2F1	10uM	PC3	6h	LINCSCP_44326
LINCSCP_236603	-0.2312200926	0.0146198185	111	Perhexiline	LSM-4353	CPT1A|CPT2	10uM	MCF7	6h	LINCSCP_236603
LINCSCP_22155	0.2312197471	0.01461997035	111	(R,R)-Tramadol	LSM-5221	OPRM1|SLC6A2|SLC6A4	10uM	HEPG2	6h	LINCSCP_22155
LINCSCP_254392	0.2312111766	0.01462373814	111	SA-433965	LSM-14707	NA	1uM	MCF7	6h	LINCSCP_254392
LINCSCP_100574	-0.2312090217	0.01462468559	111	UNC 669	LSM-6337	NA	10uM	HCC515	24h	LINCSCP_100574
LINCSCP_44597	-0.2312044172	0.01462671027	111	Dmbi	LSM-42905	PDGFRB	10uM	PC3	24h	LINCSCP_44597
LINCSCP_175191	-0.2311799286	0.01463748253	111	Dequalinium	LSM-5846	NA	3.33uM	YAPC	24h	LINCSCP_175191
LINCSCP_13595	-0.2311678374	0.01464280386	111	PKC Beta Inhibitor	LSM-4753	PRKCB	10uM	H1299	6h	LINCSCP_13595
LINCSCP_48032	-0.2311368477	0.01465645004	111	Pizotyline	LSM-3695	HTR2A|HTR2C	10uM	PC3	6h	LINCSCP_48032
LINCSCP_53151	-0.2310851455	0.0146792415	111	3-(4-Pyridyl)indole	LSM-4569	ROCK1	10uM	SKM1	6h	LINCSCP_53151
LINCSCP_17619	-0.2310259593	0.01470536992	111	Olaparib	LSM-1145	PARP1|PARP2|PARP3	40uM	HCC15	6h	LINCSCP_17619
LINCSCP_17807	0.2310073093	0.01471361153	111	Batimastat	LSM-6276	NA	40uM	HCC15	6h	LINCSCP_17807
LINCSCP_19759	-0.2309991768	0.01471720661	111	Triazolothiadiazine, 6	LSM-3276	NA	10uM	HCC515	6h	LINCSCP_19759
LINCSCP_196420	-0.2309692615	0.01473043766	111	BRD-K01490356	LSM-8526	NA	5uM	A549	24h	LINCSCP_196420
LINCSCP_132060	-0.2309659273	0.01473191295	111	Radicicol	LSM-43303	NA	10uM	MCF7	24h	LINCSCP_132060
LINCSCP_241906	0.2309561814	0.01473622601	111	Mapp, D-Erythro	LSM-3703	NA	10uM	MCF7	6h	LINCSCP_241906
LINCSCP_68276	-0.2309531572	0.01473756462	111	13-Hydroxy-8,14,19-trimethoxy-4,10,12,16-tetramethyl-3,20,22-trioxo-2-azabicyclo[16.3.1]docosa-1(21),4,6,10,18-pentaen-9-yl carbamate	LSM-42815	HSP90AA1	10uM	VCAP	24h	LINCSCP_68276
LINCSCP_24695	0.2309414193	0.01474276111	111	Pelitinib	LSM-42796	EGFR	1uM	HS578T	24h	LINCSCP_24695
LINCSCP_36346	-0.2309342948	0.01474591596	111	Auranofin	LSM-43136	NA	0.1uM	MCF7	6h	LINCSCP_36346
LINCSCP_16847	0.2309286764	0.01474840434	111	MLS000626949	LSM-43326	NA	10uM	HA1E	6h	LINCSCP_16847
LINCSCP_238782	0.2309274573	0.01474894431	111	Fenoldopam	LSM-1609	DRD1	10uM	MCF7	24h	LINCSCP_238782
LINCSCP_147629	0.2309192944	0.01475256035	111	HG-14-10-04	LSM-6345	NA	0.04uM	NPC.CAS9	24h	LINCSCP_147629
LINCSCP_11494	-0.2309135602	0.01475510098	111	Dcpib	LSM-1517	SLC1A2	10uM	ASC	24h	LINCSCP_11494
LINCSCP_95908	0.2308864657	0.01476711084	111	pancuronium	LSM-45391	NA	0.37uM	HA1E	24h	LINCSCP_95908
LINCSCP_33563	0.2308846611	0.01476791104	111	SKF96365	LSM-1766	CYP3A4|TRPC1	10uM	MCF7	24h	LINCSCP_33563
LINCSCP_1170	0.2308845264	0.01476797076	111	SMR001317717	LSM-3019	NA	10uM	A375	24h	LINCSCP_1170
LINCSCP_46095	-0.2308705381	0.01477417481	111	Diphenoxylate	LSM-5534	OPRM1	10uM	PC3	24h	LINCSCP_46095
LINCSCP_63518	-0.230838534	0.01478837771	111	BRD-K67655178	LSM-12545	NA	5uM	VCAP	24h	LINCSCP_63518
LINCSCP_16463	-0.2308268793	0.01479355281	111	BSPBIO_000981	LSM-43126	ACTA1	10uM	HA1E	6h	LINCSCP_16463
LINCSCP_88798	-0.230819916	0.01479664552	111	Mocetinostat	LSM-5344	HDAC1|HDAC11|HDAC2|HDAC3|HDAC8	1.11uM	HA1E	24h	LINCSCP_88798
LINCSCP_28871	0.2308056838	0.01480296842	111	BRD-K84245233	LSM-6856	NA	3uM	HUH7	24h	LINCSCP_28871
LINCSCP_152175	-0.2307975161	0.01480659813	111	XMD 8-92	LSM-1094	MAPK7	0.12uM	PC3	24h	LINCSCP_152175
LINCSCP_67039	-0.2307883574	0.01481066913	111	Vorinostat	LSM-3828	HDAC1|HDAC2|HDAC3|HDAC6|HDAC8	10uM	HT115	6h	LINCSCP_67039
LINCSCP_98535	-0.2307845095	0.01481237979	111	Doxorubicin	LSM-4062	TOP2A	3.33uM	HA1E	24h	LINCSCP_98535
LINCSCP_9183	0.2307788357	0.01481490254	111	Chaetocin	LSM-6198	SUV39H1	0.5uM	A549	24h	LINCSCP_9183
LINCSCP_113703	0.2307650791	0.01482102064	111	1166227-08-2	LSM-1204	NA	1.11uM	HME1	24h	LINCSCP_113703
LINCSCP_243178	-0.2307559437	0.01482508478	111	Zuclomiphene	LSM-42849	ESR1	10uM	MCF7	6h	LINCSCP_243178
LINCSCP_186587	-0.2307403355	0.01483203069	111	SA-90377	LSM-40102	NA	10uM	A375	24h	LINCSCP_186587
LINCSCP_38316	-0.2307388356	0.01483269831	111	CGP 57380	LSM-2944	MKNK1	3uM	MCF7	6h	LINCSCP_38316
LINCSCP_44895	-0.2307277344	0.01483764042	111	GW 405833	LSM-2217	CNR2	40uM	PC3	24h	LINCSCP_44895
LINCSCP_19367	0.2307250257	0.01483884653	111	SB225002	LSM-3367	CXCR2	10uM	HCC515	24h	LINCSCP_19367
LINCSCP_143381	0.2307198465	0.01484115292	111	Omacetaxine Mepesuccinate	LSM-3716	NA	10uM	MCF7	24h	LINCSCP_143381
LINCSCP_37540	-0.2306921056	0.01485351169	111	Lestaurtinib	LSM-1231	FLT3|JAK2|NTRK1|NTRK2|NTRK3|RET	0.5uM	MCF7	6h	LINCSCP_37540
LINCSCP_49270	-0.2306595626	0.01486802119	111	Panobinostat	LSM-43059	HDAC1|HDAC10|HDAC11|HDAC2|HDAC3|HDAC4|HDAC5|HDAC6|HDAC7|HDAC8|HDAC9	10uM	PC3	6h	LINCSCP_49270
LINCSCP_43352	-0.2306090471	0.01489056823	111	SCHEMBL13533329	LSM-37181	NA	10uM	NPC	6h	LINCSCP_43352
LINCSCP_38180	0.2305999205	0.01489464498	111	CHEMBL3188986	LSM-38984	NA	1uM	MCF7	24h	LINCSCP_38180
LINCSCP_25543	-0.2305508639	0.01491657454	111	Capsaicin	LSM-43180	TRPV1	100uM	HT29	24h	LINCSCP_25543
LINCSCP_26030	-0.2305381009	0.0149222845	111	MLS001065891	LSM-3963	NA	10uM	HT29	6h	LINCSCP_26030
LINCSCP_202756	0.2305302543	0.0149257959	111	Temozolomide	LSM-4590	MGMT	0.01uM	A549	6h	LINCSCP_202756
LINCSCP_175810	-0.2305288604	0.01492641978	111	FPL-55712	LSM-1940	NA	1.11uM	YAPC	24h	LINCSCP_175810
LINCSCP_4917	-0.2305194495	0.01493063231	111	Triazine Scaffold, 33	LSM-2428	NA	10uM	A549	24h	LINCSCP_4917
LINCSCP_50490	-0.2304884778	0.01494450323	111	NSC95397	LSM-3521	NA	3uM	PHH	6h	LINCSCP_50490
LINCSCP_136381	0.230451411	0.0149611186	111	Ruxolitinib	LSM-1139	JAK1|JAK2	0.04uM	MCF7	24h	LINCSCP_136381
LINCSCP_84722	0.230430924	0.01497030889	111	VE-821	LSM-36358	NA	10uM	ASC	24h	LINCSCP_84722
LINCSCP_68606	-0.2304284028	0.01497144021	111	Thioridazine	LSM-1863	DRD1|DRD2|DRD3|DRD4|HTR2A|HTR2C	10uM	VCAP	6h	LINCSCP_68606
LINCSCP_9047	0.2304031255	0.01498278686	111	BRD-K48724570	LSM-11398	NA	10uM	A549	24h	LINCSCP_9047
LINCSCP_81011	-0.2303931528	0.01498726556	111	CP-724714	LSM-42777	ERBB2	10uM	A549	24h	LINCSCP_81011
LINCSCP_11038	-0.2303726897	0.01499645906	111	T5223000	LSM-4646	NA	10uM	ASC	24h	LINCSCP_11038
LINCSCP_60078	0.2303533123	0.01500516928	111	BRD-K78232231	LSM-7870	NA	5uM	VCAP	24h	LINCSCP_60078
LINCSCP_66063	-0.2303525659	0.01500550487	111	BRD-K94633563	LSM-42410	NA	10uM	VCAP	24h	LINCSCP_66063
LINCSCP_163910	-0.2303444271	0.01500916468	111	Pictilisib	LSM-1047	PIK3CA|PIK3CB|PIK3CD|PIK3CG|PIK3R1|PIK3R2|PIK3R3|PIK3R5	10uM	SKBR3	3h	LINCSCP_163910
LINCSCP_176240	-0.2303248776	0.01501795877	111	Dihydroorotate Dehydrogenase Inhibitor, Brequinar	LSM-45952	NA	3.33uM	YAPC	24h	LINCSCP_176240
LINCSCP_111345	0.230309476	0.01502489013	111	Foretinib	LSM-1158	FLT1|FLT3|FLT4|KDR|KIT|MET|PDGFRA|PDGFRB|TEK	1.11uM	HEPG2	24h	LINCSCP_111345
LINCSCP_53899	-0.2303069657	0.01502602015	111	Valdecoxib	LSM-5305	PTGS2	100uM	SNUC5	6h	LINCSCP_53899
LINCSCP_31929	0.2302689224	0.01504315423	111	BRD-K52099002	LSM-40147	NA	10uM	MCF7	24h	LINCSCP_31929
LINCSCP_36578	-0.2302595536	0.01504737637	111	SCHEMBL618594	LSM-1070	NA	10uM	MCF7	6h	LINCSCP_36578
LINCSCP_141419	0.2302561175	0.01504892518	111	Pilocarpine	LSM-5909	CHRM1|CHRM2|CHRM3	10uM	MCF7	24h	LINCSCP_141419
LINCSCP_62167	-0.2302489547	0.01505215417	111	BRD-K63366817	LSM-12284	NA	5uM	VCAP	24h	LINCSCP_62167
LINCSCP_163431	0.2302406382	0.01505590396	111	Nilotinib	LSM-1099	ABL1|BCR|KIT	0.12uM	SKBR3	3h	LINCSCP_163431
LINCSCP_69471	-0.2302389983	0.0150566435	111	Canertinib	LSM-1120	EGFR|ERBB2|ERBB4	3.33uM	A375	24h	LINCSCP_69471
LINCSCP_15969	-0.2302332819	0.01505922155	111	CHEMBL610781	LSM-2503	NA	10uM	HA1E	6h	LINCSCP_15969
LINCSCP_170692	-0.2302331674	0.01505927317	111	Paroxetine	LSM-2843	SLC6A4	10uM	YAPC	24h	LINCSCP_170692
LINCSCP_16753	-0.2301985443	0.01507489614	111	XMD-16144	LSM-42717	NA	10uM	HA1E	6h	LINCSCP_16753
LINCSCP_3036	0.2301711997	0.01508724476	111	CHEMBL1991045	LSM-6686	NA	10uM	A375	6h	LINCSCP_3036
LINCSCP_150745	-0.2301627482	0.01509106318	111	CP-724714	LSM-42777	ERBB2	10uM	PC3	24h	LINCSCP_150745
LINCSCP_83245	0.2301499058	0.01509686705	111	761437-28-9	LSM-1208	NA	0.37uM	ASC.C	24h	LINCSCP_83245
LINCSCP_5117	0.230148086	0.01509768959	111	2-(2,5-Dimethoxyphenylcarbamoyl)phenyl acetate	LSM-2829	NA	10uM	A549	6h	LINCSCP_5117
LINCSCP_68861	-0.2301390714	0.01510176489	111	13-Hydroxy-8,14,19-trimethoxy-4,10,12,16-tetramethyl-3,20,22-trioxo-2-azabicyclo[16.3.1]docosa-1(21),4,6,10,18-pentaen-9-yl carbamate	LSM-42815	HSP90AA1	1uM	VCAP	6h	LINCSCP_68861
LINCSCP_114342	0.2301364198	0.0151029638	111	AZ20	LSM-36357	NA	1.11uM	HME1	24h	LINCSCP_114342
LINCSCP_154143	-0.2301067852	0.01511636865	111	Balicatib	LSM-45647	NA	0.37uM	PC3	24h	LINCSCP_154143
LINCSCP_188708	0.2300898591	0.01512402956	111	CHEMBL1939080	LSM-3053	NA	10uM	A549	6h	LINCSCP_188708
LINCSCP_38585	0.2300847276	0.01512635282	111	4L7B	LSM-36813	KEAP1	3.33uM	MCF7	24h	LINCSCP_38585
LINCSCP_27284	-0.2300686304	0.01513364268	111	Ketoconazole	LSM-5148	AR|CYP19A1	10uM	HT29	6h	LINCSCP_27284
LINCSCP_131386	0.2300684476	0.01513372548	111	Sirolimus	LSM-42783	FKBP1A|MTOR	1.11uM	MCF10A	24h	LINCSCP_131386
LINCSCP_47212	-0.2300574948	0.01513868739	111	MLS001207806	LSM-43094	NA	10uM	PC3	6h	LINCSCP_47212
LINCSCP_85350	-0.2300551874	0.01513973287	111	BX 912	LSM-1055	PDK1|PDPK1	10uM	BT20	24h	LINCSCP_85350
LINCSCP_219306	0.2300055474	0.0151622402	111	AM-580	LSM-2132	RARA	10uM	HEPG2	6h	LINCSCP_219306
LINCSCP_30867	-0.2300042026	0.01516285034	111	(1Ar,7as,10as,10br)-1a,5-Dimethyl-8-methylidene-2,3,6,7,7a,8,10a,10b-octahydrooxireno[9,10]cyclodeca[1,2-b]furan-9(1ah)-one	LSM-43089	NA	20uM	MCF7	6h	LINCSCP_30867
LINCSCP_154404	-0.2299909174	0.01516887913	111	APD668	LSM-45930	NA	10uM	PC3	24h	LINCSCP_154404
LINCSCP_34890	-0.2299679029	0.01517932795	111	CHEMBL3186769	LSM-11083	NA	5uM	MCF7	24h	LINCSCP_34890
LINCSCP_99483	0.2299600134	0.01518291133	111	LDN 193189	LSM-1115	ACVR1|BMPR1A	0.37uM	HCC515	24h	LINCSCP_99483
LINCSCP_235850	-0.2299096169	0.01520581845	111	Paroxetine	LSM-2843	SLC6A4	10uM	MCF7	6h	LINCSCP_235850
LINCSCP_14322	0.2298902314	0.01521463787	111	Aloisine A	LSM-4110	CDK2	10uM	HA1E	6h	LINCSCP_14322
LINCSCP_115661	-0.229847499	0.01523409466	111	Radicicol	LSM-43303	NA	10uM	HS578T	24h	LINCSCP_115661
LINCSCP_46414	-0.2298126242	0.01524998977	111	BAS 01037725	LSM-4495	NA	10uM	PC3	24h	LINCSCP_46414
LINCSCP_39967	-0.2298001677	0.01525567064	111	TGX-115	LSM-6262	NA	100uM	NCIH1836	6h	LINCSCP_39967
LINCSCP_14902	-0.229787727	0.01526134614	111	AG-957	LSM-2807	ABL1|EGFR	10uM	HA1E	6h	LINCSCP_14902
LINCSCP_3591	-0.2297850717	0.01526255772	111	BRD-K59253994	LSM-36435	NA	10uM	A375	24h	LINCSCP_3591
LINCSCP_30941	0.2297729951	0.01526806925	111	Triazine Scaffold, 33	LSM-2428	NA	10uM	MCF7	24h	LINCSCP_30941
LINCSCP_15198	-0.2297505134	0.01527833402	111	Fumonisin-B1	LSM-6190	CERS1	100uM	HA1E	24h	LINCSCP_15198
LINCSCP_131185	-0.2297476561	0.01527963907	111	Tamatinib	LSM-1040	SYK	0.37uM	MCF10A	24h	LINCSCP_131185
LINCSCP_8544	0.2297345774	0.01528561382	111	BRD-K67236726	LSM-12519	NA	5uM	A549	24h	LINCSCP_8544
LINCSCP_119977	-0.2297188694	0.01529279235	111	Ganciclovir	LSM-5382	NA	3.33uM	HT29	24h	LINCSCP_119977
LINCSCP_243797	0.229712747	0.01529559108	111	Lisinopril	LSM-5756	ACE	10uM	MCF7	6h	LINCSCP_243797
LINCSCP_54970	-0.2297042306	0.01529948496	111	CID-2858522	LSM-3337	NA	10uM	THP1	6h	LINCSCP_54970
LINCSCP_129872	0.2296760185	0.01531239013	111	CHEMBL2136735	LSM-1152	FGFR1|FGFR3|FLT1|FLT4|KDR|PDGFRA|PDGFRB	3.33uM	LNCAP	24h	LINCSCP_129872
LINCSCP_5050	-0.2296583889	0.01532045929	111	MLS000583956	LSM-1515	NA	10uM	A549	6h	LINCSCP_5050
LINCSCP_14613	-0.2296509294	0.01532387466	111	SPECTRUM_000898	LSM-1303	NR3C1	10uM	HA1E	24h	LINCSCP_14613
LINCSCP_63556	0.2296495808	0.01532449219	111	BRD-K07569193	LSM-8880	NA	5uM	VCAP	6h	LINCSCP_63556
LINCSCP_168860	-0.229617654	0.01533911805	111	GSK-1070916	LSM-1062	AURKB|AURKC	3.33uM	YAPC	24h	LINCSCP_168860
LINCSCP_193631	0.2296016369	0.01534646014	111	BRD-K64099269	LSM-40768	NA	10uM	A549	24h	LINCSCP_193631
LINCSCP_72726	0.2295768487	0.01535782882	111	Gemfibrozil	LSM-2227	CYP2C8|LPL|PPARA	0.12uM	A375	24h	LINCSCP_72726
LINCSCP_151002	0.2295444491	0.01537269937	111	SB590885	LSM-42746	NA	0.04uM	PC3	24h	LINCSCP_151002
LINCSCP_148674	-0.2295198278	0.01538400823	111	Motesanib	LSM-1042	FLT1|FLT4|KDR|KIT|PDGFRA|PDGFRB|RET	1.11uM	NPC	24h	LINCSCP_148674
LINCSCP_111419	0.2294602427	0.01541140631	111	PIK-93	LSM-1191	NA	0.12uM	HEPG2	24h	LINCSCP_111419
LINCSCP_167868	0.2294314209	0.0154246742	111	Otenabant	LSM-45969	CNR1	0.12uM	YAPC	24h	LINCSCP_167868
LINCSCP_51334	-0.2294241491	0.01542802323	111	Tamatinib	LSM-1040	SYK	0.5uM	SKBR3	24h	LINCSCP_51334
LINCSCP_51426	0.2294184038	0.01543066974	111	PHA-793887	LSM-1073	CDK1|CDK10|CDK11B|CDK12|CDK13|CDK14|CDK15|CDK16|CDK17|CDK18|CDK19|CDK2|CDK20|CDK3|CDK4|CDK5|CDK6|CDK7|CDK8|CDK9	0.1uM	SKBR3	24h	LINCSCP_51426
LINCSCP_55413	0.2294178317	0.01543093328	111	Necrostatin	LSM-1494	RIPK1	100uM	U937	6h	LINCSCP_55413
LINCSCP_45503	0.2293771557	0.01544968159	111	VU0365121-1	LSM-2981	NA	10uM	PC3	24h	LINCSCP_45503
LINCSCP_36690	-0.2293384325	0.01546754819	111	BI-2536	LSM-1041	PLK1	10uM	MCF7	6h	LINCSCP_36690
LINCSCP_7453	-0.229334186	0.01546950857	111	H89	LSM-42924	PRKACA	10uM	A549	6h	LINCSCP_7453
LINCSCP_45237	-0.2293334598	0.01546984387	111	CAY10618	LSM-4946	NAMPT	10uM	PC3	6h	LINCSCP_45237
LINCSCP_33476	-0.2293274354	0.01547262545	111	Cyclosporine	LSM-42883	PPIA|PPP3CA	10uM	MCF7	6h	LINCSCP_33476
LINCSCP_128	-0.2293025821	0.01548410527	111	ZINC1569718	LSM-3105	NA	10uM	A375	6h	LINCSCP_128
LINCSCP_296325	0.2292825374	0.01549336941	111	Dapsone	LSM-5714	DHFR	10uM	VCAP	6h	LINCSCP_296325
LINCSCP_160409	-0.2292583881	0.01550453694	111	BAY 87-2243	LSM-45786	NA	0.37uM	PC3	24h	LINCSCP_160409
LINCSCP_9798	0.2292500452	0.01550839664	111	Chloroquine	LSM-1901	NA	0.001uM	A549	6h	LINCSCP_9798
LINCSCP_10229	-0.2292434878	0.01551143085	111	179324-69-7	LSM-6281	ADRM1|PSMA1|PSMA2|PSMA3|PSMA4|PSMA5|PSMA6|PSMA7|PSMA8|PSMB1|PSMB10|PSMB11|PSMB2|PSMB3|PSMB4|PSMB5|PSMB6|PSMB7|PSMB8|PSMB9|PSMC1|PSMC2|PSMC3|PSMC4|PSMC5|PSMC6|PSMD1|PSMD11|PSMD12|PSMD13|PSMD14|PSMD2|PSMD3|PSMD4|PSMD6|PSMD7|PSMD8|SEM1	0.001uM	A549	6h	LINCSCP_10229
LINCSCP_53973	-0.2292262112	0.01551942759	111	Erastin	LSM-4914	VDAC2	5uM	SW480	6h	LINCSCP_53973
LINCSCP_78136	0.2292125017	0.01552577577	111	BRD-A99911370	LSM-45442	NA	10uM	A375	24h	LINCSCP_78136
LINCSCP_63170	0.2291937151	0.01553447856	111	CHEMBL2355432	LSM-12125	NA	5uM	VCAP	6h	LINCSCP_63170
LINCSCP_11139	-0.2291836933	0.01553912282	111	Brompheniramine	LSM-1736	HRH1	10uM	ASC	24h	LINCSCP_11139
LINCSCP_143086	0.2291717975	0.01554463707	111	CEFOTETAN	LSM-45671	NA	0.04uM	MCF7	24h	LINCSCP_143086
LINCSCP_50676	-0.2291582173	0.01555093424	111	CL-976	LSM-6282	ACAT1	80uM	PL21	6h	LINCSCP_50676
LINCSCP_129718	-0.2291506146	0.0155544606	111	Infigratinib	LSM-1184	FGFR1|FGFR2|FGFR3|FGFR4	0.37uM	JURKAT	24h	LINCSCP_129718
LINCSCP_137242	-0.2291001775	0.01557787233	111	MG-132	LSM-1107	PSMB1	20uM	MCF7	24h	LINCSCP_137242
LINCSCP_54773	-0.2290972831	0.01557921677	111	Cerulenin	LSM-43210	FASN	40uM	T3M10	6h	LINCSCP_54773
LINCSCP_99880	0.2290807418	0.01558690209	111	GSK-1904529A	LSM-1134	IGF1R|INSR	0.12uM	HCC515	24h	LINCSCP_99880
LINCSCP_67778	-0.2290604974	0.01559631239	111	Trichostatin A, Streptomyces Sp.	LSM-42814	HDAC1|HDAC10|HDAC3|HDAC4|HDAC6|HDAC7|HDAC8	1uM	NPC	24h	LINCSCP_67778
LINCSCP_14908	0.2290451921	0.01560343011	111	Loxapine	LSM-2881	DRD1|DRD2|DRD3|DRD4|HRH1|HTR2A|HTR2C|HTR6	10uM	HA1E	6h	LINCSCP_14908
LINCSCP_44693	0.2290425831	0.01560464369	111	Mifobate	LSM-1761	PPARG	10uM	PC3	24h	LINCSCP_44693
LINCSCP_273142	0.2290410707	0.01560534726	111	Salmeterol	LSM-1240	ADRB2	10uM	PC3	24h	LINCSCP_273142
LINCSCP_88169	0.2290130129	0.0156184042	111	THZ-2-98-01	LSM-44946	NA	0.04uM	HA1E	24h	LINCSCP_88169
LINCSCP_284411	-0.2290026507	0.01562322874	111	CTK8H3236	LSM-1838	TACR1	10uM	SKB	24h	LINCSCP_284411
LINCSCP_279470	0.2289846607	0.01563160779	111	BRD-K42006110	LSM-14824	NA	10uM	PC3	6h	LINCSCP_279470
LINCSCP_30834	0.2289691367	0.01563884141	111	SMR000651449	LSM-3511	NA	10uM	MCF7	6h	LINCSCP_30834
LINCSCP_18691	-0.2289608501	0.01564270383	111	H 8	LSM-2410	NA	10uM	HCC515	6h	LINCSCP_18691
LINCSCP_33597	-0.2289566415	0.01564466582	111	Aristolochic acid	LSM-2373	NA	10uM	MCF7	24h	LINCSCP_33597
LINCSCP_152173	-0.2289433498	0.01565086358	111	XMD 8-92	LSM-1094	MAPK7	1.11uM	PC3	24h	LINCSCP_152173
LINCSCP_85318	-0.2289247482	0.01565954085	111	Radicicol	LSM-43303	NA	0.12uM	BT20	24h	LINCSCP_85318
LINCSCP_7111	-0.2289042347	0.01566911484	111	AC1N6AX4	LSM-1272	NA	10uM	A549	6h	LINCSCP_7111
LINCSCP_16694	0.2288970182	0.01567248408	111	HMN-214	LSM-42802	CSF1R|FLT1|FLT3|FLT4|KDR|KIT|PDGFRB|RET	10uM	HA1E	6h	LINCSCP_16694
LINCSCP_71987	-0.22885331	0.01569290414	111	CICLESONIDE	LSM-45682	NR3C1	10uM	A375	24h	LINCSCP_71987
LINCSCP_310829	0.2288511239	0.01569392605	111	BRD-K48805623	LSM-39987	NA	10uM	VCAP	24h	LINCSCP_310829
LINCSCP_82021	-0.228844738	0.01569691158	111	Osimertinib	LSM-6344	EGFR|ERBB2|ERBB3|ERBB4	3.33uM	A549	24h	LINCSCP_82021
LINCSCP_57472	0.2288394909	0.01569936505	111	MLS002703110	LSM-3776	NPSR1	10uM	VCAP	6h	LINCSCP_57472
LINCSCP_134641	-0.2288328205	0.01570248458	111	179324-69-7	LSM-6281	ADRM1|PSMA1|PSMA2|PSMA3|PSMA4|PSMA5|PSMA6|PSMA7|PSMA8|PSMB1|PSMB10|PSMB11|PSMB2|PSMB3|PSMB4|PSMB5|PSMB6|PSMB7|PSMB8|PSMB9|PSMC1|PSMC2|PSMC3|PSMC4|PSMC5|PSMC6|PSMD1|PSMD11|PSMD12|PSMD13|PSMD14|PSMD2|PSMD3|PSMD4|PSMD6|PSMD7|PSMD8|SEM1	20uM	MCF7	24h	LINCSCP_134641
LINCSCP_12131	-0.228826031	0.01570566031	111	CHEMBL585951	LSM-36386	MAPK8	1uM	BT20	24h	LINCSCP_12131
LINCSCP_52293	0.2288229091	0.01570712072	111	SCHEMBL15444220	LSM-43124	NA	10uM	SKB	24h	LINCSCP_52293
LINCSCP_20392	-0.2288188097	0.01570903863	111	NU-7441	LSM-1061	PRKDC	10uM	HCC515	6h	LINCSCP_20392
LINCSCP_128076	-0.228789767	0.01572263196	111	OSI-930	LSM-1179	FLT1|FLT4|KDR|KIT	10uM	HUES3	24h	LINCSCP_128076
LINCSCP_254469	-0.22877234	0.01573079352	111	CGP 57380	LSM-2944	MKNK1	10uM	MCF7	6h	LINCSCP_254469
LINCSCP_17253	-0.2287616249	0.0157358135	111	KUC111774N	LSM-36810	NA	0.5uM	HA1E	24h	LINCSCP_17253
LINCSCP_15381	0.2287291215	0.0157510498	111	TGX-115	LSM-6262	NA	100uM	HA1E	24h	LINCSCP_15381
LINCSCP_81099	-0.2287175814	0.0157564624	111	GSK 1059615	LSM-42799	PIK3CA|PIK3CB|PIK3CD|PIK3CG	0.04uM	A549	24h	LINCSCP_81099
LINCSCP_46542	-0.2286935291	0.01576774872	111	GNF-PF-5186	LSM-4449	NA	10uM	PC3	6h	LINCSCP_46542
LINCSCP_241868	-0.2286770666	0.01577547765	111	Desipramine	LSM-3351	SLC6A2|SLC6A4	10uM	MCF7	6h	LINCSCP_241868
LINCSCP_18133	0.228669329	0.0157791115	111	N6-Methyladenosine	LSM-3835	NA	10uM	HCC515	6h	LINCSCP_18133
LINCSCP_31338	-0.2286687478	0.01577938451	111	CHEMBL1551506	LSM-2315	NA	10uM	MCF7	24h	LINCSCP_31338
LINCSCP_29843	0.2286666154	0.01578038606	111	QL47	LSM-6019	BMX|BTK	1uM	MCF10A	6h	LINCSCP_29843
LINCSCP_15259	-0.2286332871	0.01579604759	111	MLS000709026	LSM-43139	RAD51	40uM	HA1E	24h	LINCSCP_15259
LINCSCP_9899	-0.2286223706	0.01580118033	111	Avicin-D	LSM-44620	NA	3uM	A549	6h	LINCSCP_9899
LINCSCP_8695	-0.2286108928	0.01580657859	111	BRD-K50230035	LSM-11487	NA	5uM	A549	24h	LINCSCP_8695
LINCSCP_309835	0.2286083706	0.01580776503	111	BRD-A15501135	LSM-45357	NA	30uM	VCAP	6h	LINCSCP_309835
LINCSCP_13642	-0.2286061204	0.01580882361	111	fluticasone	NA	NR3C1|PGR	10uM	HA1E	24h	LINCSCP_13642
LINCSCP_65161	0.2285774883	0.0158222985	111	BRD-K52497027	LSM-40165	NA	10uM	VCAP	6h	LINCSCP_65161
LINCSCP_49254	-0.228528846	0.01584521344	111	Broad-Sai-370	LSM-45321	NA	10uM	PC3	24h	LINCSCP_49254
LINCSCP_34172	0.2284876853	0.01586462638	111	Methyl 1-hydroxy-7-(hydroxymethyl)-1,4a,5,7a-tetrahydrocyclopenta[c]pyran-4-carboxylate	LSM-4955	NA	10uM	MCF7	6h	LINCSCP_34172
LINCSCP_253922	0.2284728212	0.01587164191	111	BRD-K36910796	LSM-15073	NA	10uM	MCF7	24h	LINCSCP_253922
LINCSCP_65190	0.2284688982	0.0158734939	111	BRD-K84023371	LSM-15058	NA	0.5uM	VCAP	6h	LINCSCP_65190
LINCSCP_6339	0.2284652155	0.01587523263	111	4-Hydroxy-retinoic acid	LSM-43161	NA	10uM	A549	24h	LINCSCP_6339
LINCSCP_201175	0.2284537207	0.01588066084	111	Vorinostat	LSM-3828	HDAC1|HDAC2|HDAC3|HDAC6|HDAC8	0.001uM	A549	24h	LINCSCP_201175
LINCSCP_14270	0.2284186917	0.01589721255	111	Tyrphostin 23	LSM-3091	EGFR	10uM	HA1E	6h	LINCSCP_14270
LINCSCP_60432	0.2283931195	0.01590930526	111	BRD-K84838433	LSM-7938	NA	5uM	VCAP	24h	LINCSCP_60432
LINCSCP_163729	0.2283913387	0.01591014765	111	WYE 125132	LSM-1064	MTOR	0.12uM	SKBR3	24h	LINCSCP_163729
LINCSCP_28376	-0.2283882348	0.01591161605	111	BRD-K63383460	LSM-40735	NA	10uM	HT29	24h	LINCSCP_28376
LINCSCP_53754	-0.2283795635	0.0159157189	111	L-Sulforaphane	LSM-4919	NFE2L2	10uM	SNUC4	6h	LINCSCP_53754
LINCSCP_39910	0.2283537633	0.01592793177	111	NSC23766	LSM-1818	NA	100uM	NCIH1836	6h	LINCSCP_39910
LINCSCP_29154	-0.2283497253	0.01592984394	111	MK-2206	LSM-1057	AKT1|AKT2|AKT3	10uM	JHUEM2	6h	LINCSCP_29154
LINCSCP_130566	-0.2283401418	0.01593438293	111	Withaferin A	LSM-6685	IKBKB|NAMPT	3.33uM	MCF10A	24h	LINCSCP_130566
LINCSCP_202521	0.2283302283	0.01593907944	111	Wortmannin	LSM-3947	PIK3CA|PIK3CG|PLK1	0.04uM	A549	24h	LINCSCP_202521
LINCSCP_54873	0.2283117028	0.01594785906	111	Parbendazole	LSM-4893	TUBB	0.5uM	THP1	6h	LINCSCP_54873
LINCSCP_2612	-0.2282925206	0.01595695431	111	Bisacodyl	LSM-2883	NA	10uM	A375	6h	LINCSCP_2612
LINCSCP_84977	0.2282903939	0.01595796297	111	CC-401	LSM-1186	NA	0.04uM	ASC	24h	LINCSCP_84977
LINCSCP_148855	-0.2282768398	0.01596439271	111	Ricolinostat	LSM-6324	NA	3.33uM	NPC	24h	LINCSCP_148855
LINCSCP_50035	-0.2282659864	0.01596954292	111	Amitriptyline	LSM-3190	CHRM1|CHRM2|CHRM3|CHRM4|CHRM5|HRH1|HTR6|SLC6A2|SLC6A4	10uM	PHH	24h	LINCSCP_50035
LINCSCP_46690	-0.2282621136	0.01597138102	111	Antimycin A	LSM-5076	CYCS	10uM	PC3	24h	LINCSCP_46690
LINCSCP_17	-0.2282564829	0.01597405377	111	Amitriptyline	LSM-3190	CHRM1|CHRM2|CHRM3|CHRM4|CHRM5|HRH1|HTR6|SLC6A2|SLC6A4	10uM	A375	24h	LINCSCP_17
LINCSCP_55378	0.2282560778	0.01597424609	111	Securinine	LSM-6733	GABRA1	1uM	U937	6h	LINCSCP_55378
LINCSCP_161549	-0.2282558277	0.01597436479	111	Thioguanosine	LSM-5832	NA	0.37uM	PC3	24h	LINCSCP_161549
LINCSCP_14869	-0.2282547623	0.01597487057	111	Promazine	LSM-2137	CHRM5|DRD2|DRD3|DRD4|HTR2A	10uM	HA1E	6h	LINCSCP_14869
LINCSCP_28711	0.22823912	0.01598229794	111	MEGXM0_000203	LSM-36622	NA	3uM	HUH7	24h	LINCSCP_28711
LINCSCP_171263	0.2282359194	0.015983818	111	Quiflapon	LSM-6242	ALOX5AP	3.33uM	YAPC	24h	LINCSCP_171263
LINCSCP_45917	0.2281979649	0.01600185372	111	MLS002703076	LSM-2886	NA	10uM	PC3	24h	LINCSCP_45917
LINCSCP_57227	-0.228197021	0.01600230246	111	BAS 00631343	LSM-6284	NA	10uM	VCAP	6h	LINCSCP_57227
LINCSCP_175008	-0.228162674	0.0160186395	111	CEPHARANTHINE	LSM-45918	NA	3.33uM	YAPC	24h	LINCSCP_175008
LINCSCP_263487	-0.2281609998	0.01601943622	111	FK 866	LSM-43216	NAMPT	10uM	NPC	24h	LINCSCP_263487
LINCSCP_159051	0.2281505825	0.01602439425	111	SDZ NKT 343	LSM-45398	NA	10uM	PC3	24h	LINCSCP_159051
LINCSCP_30294	0.2281339593	0.01603230868	111	RO 90-7501	LSM-3293	APP	10uM	MCF7	24h	LINCSCP_30294
LINCSCP_16885	-0.2281329513	0.01603278868	111	MLS000589843	LSM-43120	NA	10uM	HA1E	6h	LINCSCP_16885
LINCSCP_944	-0.2281201261	0.01603889736	111	Tamatinib	LSM-1040	SYK	10uM	A375	6h	LINCSCP_944
LINCSCP_38701	0.2281182424	0.0160397947	111	Avrainvillamide-analog-1	LSM-37146	NA	1.11uM	MCF7	24h	LINCSCP_38701
LINCSCP_15050	0.2280983446	0.01604927651	111	Byssochlamic acid	LSM-2963	NA	10uM	HA1E	24h	LINCSCP_15050
LINCSCP_170993	-0.2280760121	0.01605992428	111	LGX818	LSM-45655	NA	3.33uM	YAPC	24h	LINCSCP_170993
LINCSCP_21616	-0.2280565744	0.01606919682	111	Sirolimus	LSM-42783	FKBP1A|MTOR	10uM	HEPG2	6h	LINCSCP_21616
LINCSCP_10458	-0.2280529898	0.0160709073	111	Parthenolide	LSM-43090	NA	10uM	A673	6h	LINCSCP_10458
LINCSCP_56738	0.2280322035	0.01608082925	111	BW-B-70C	LSM-42827	ALOX5	10uM	VCAP	6h	LINCSCP_56738
LINCSCP_118430	0.2280208696	0.01608624152	111	Bevirimat	LSM-45795	NA	0.04uM	HT29	24h	LINCSCP_118430
LINCSCP_99411	0.2280129929	0.01609000377	111	Mitoxantrone	LSM-2481	TOP2A	0.37uM	HCC515	24h	LINCSCP_99411
LINCSCP_134879	0.2279871257	0.01610236452	111	BRD-K00544996	LSM-45922	PPARA|PPARG	3.33uM	MCF7	24h	LINCSCP_134879
LINCSCP_75608	-0.2279602932	0.0161151952	111	Dexniguldipine	LSM-15285	NA	10uM	A375	24h	LINCSCP_75608
LINCSCP_20473	-0.2279593014	0.01611566964	111	Dacinostat	LSM-43097	HDAC1	10uM	HCC515	6h	LINCSCP_20473
LINCSCP_41341	0.2279446648	0.01612267246	111	Caffeine	LSM-2026	ADORA1|ADORA2A|ADORA2B|ADORA3|ATM|ITPR1|RYR1	10uM	NEU	24h	LINCSCP_41341
LINCSCP_14108	-0.2279372743	0.01612620939	111	Medrysone	LSM-3259	NR3C1	10uM	HA1E	24h	LINCSCP_14108
LINCSCP_11009	0.2279263913	0.01613141902	111	Somatostatin	LSM-5326	SSTR1|SSTR2|SSTR3|SSTR4|SSTR5	10uM	ASC	24h	LINCSCP_11009
LINCSCP_86023	-0.2279198133	0.01613456856	111	Radicicol	LSM-43303	NA	3.33uM	BT20	24h	LINCSCP_86023
LINCSCP_74493	0.2278875868	0.01615000634	111	Emedastine	LSM-5331	HRH1	0.04uM	A375	24h	LINCSCP_74493
LINCSCP_66285	-0.2278873052	0.01615014127	111	STK219801	LSM-43281	NA	20uM	WSUDLCL2	6h	LINCSCP_66285
LINCSCP_175037	0.2278809935	0.01615316637	111	SPECTRUM_001319	LSM-1963	HSD11B1	3.33uM	YAPC	24h	LINCSCP_175037
LINCSCP_67821	-0.2278797909	0.01615374281	111	13-Hydroxy-8,14,19-trimethoxy-4,10,12,16-tetramethyl-3,20,22-trioxo-2-azabicyclo[16.3.1]docosa-1(21),4,6,10,18-pentaen-9-yl carbamate	LSM-42815	HSP90AA1	10uM	NPC	6h	LINCSCP_67821
LINCSCP_81687	0.2278739661	0.01615653502	111	QL47	LSM-6019	BMX|BTK	10uM	A549	24h	LINCSCP_81687
LINCSCP_94930	-0.2278698804	0.01615849383	111	DMP 777	LSM-45678	NA	10uM	HA1E	24h	LINCSCP_94930
LINCSCP_22133	0.2278242299	0.01618039413	111	MLS002725684	LSM-1500	NA	10uM	HEPG2	6h	LINCSCP_22133
LINCSCP_55749	-0.2278238644	0.01618056958	111	9-[3-(3,5-Dimethylpiperazin-1-yl)propyl]-9H-carbazole	LSM-1693	SIGMAR1	10uM	VCAP	6h	LINCSCP_55749
LINCSCP_53797	-0.2277782188	0.01620249345	111	NVP-AUY922	LSM-1162	HSP90AA1|HSP90AB1	10uM	SNUC4	6h	LINCSCP_53797
LINCSCP_15968	-0.2277671284	0.01620782411	111	SR-02000000448	LSM-2483	NA	10uM	HA1E	6h	LINCSCP_15968
LINCSCP_165382	-0.2277670207	0.01620787586	111	Dacomitinib	LSM-42808	EGFR|ERBB2|ERBB3|ERBB4	10uM	SKL	24h	LINCSCP_165382
LINCSCP_9632	0.2277653266	0.01620869029	111	Omacetaxine Mepesuccinate	LSM-3716	NA	1uM	A549	6h	LINCSCP_9632
LINCSCP_41584	-0.2277365341	0.01622253734	111	Nullscript	LSM-37186	NA	10uM	NEU	6h	LINCSCP_41584
LINCSCP_152353	0.2277255469	0.01622782407	111	Rigosertib	LSM-44531	CDK1|F2R|FLT1|FYN|PDGFRA|PLK1|PLK2|SRC	10uM	PC3	24h	LINCSCP_152353
LINCSCP_15430	-0.227723004	0.01622904781	111	CAY10618	LSM-4946	NAMPT	10uM	HA1E	24h	LINCSCP_15430
LINCSCP_44098	0.2277163413	0.01623225464	111	Ginsenoside RC	LSM-1713	NA	10uM	PC3	6h	LINCSCP_44098
LINCSCP_152334	0.2277145458	0.01623311897	111	VX-745	LSM-1169	MAPK14	0.04uM	PC3	24h	LINCSCP_152334
LINCSCP_64341	-0.2277074223	0.01623654834	111	BRD-K95411194	LSM-42441	NA	5uM	VCAP	24h	LINCSCP_64341
LINCSCP_49670	0.227699555	0.01624033655	111	CHEMBL3182405	LSM-4793	NA	3.33uM	PC3	24h	LINCSCP_49670
LINCSCP_32400	-0.227690283	0.01624480211	111	HG-6-64-01	LSM-42721	NA	10uM	MCF7	6h	LINCSCP_32400
LINCSCP_67012	-0.2276704588	0.01625435335	111	13-Hydroxy-8,14,19-trimethoxy-4,10,12,16-tetramethyl-3,20,22-trioxo-2-azabicyclo[16.3.1]docosa-1(21),4,6,10,18-pentaen-9-yl carbamate	LSM-42815	HSP90AA1	10uM	HEPG2	6h	LINCSCP_67012
LINCSCP_42881	0.2276618465	0.01625850425	111	Tyrphostin B7	LSM-42938	PDGFRB	10uM	NPC	24h	LINCSCP_42881
LINCSCP_142406	0.2276409065	0.0162686006	111	Saxagliptin	LSM-45955	DPP4	0.37uM	MCF7	24h	LINCSCP_142406
LINCSCP_7305	-0.2276222114	0.01627761917	111	Zuclomiphene	LSM-42849	ESR1	10uM	A549	24h	LINCSCP_7305
LINCSCP_25652	-0.227616519	0.01628036607	111	Tamoxifen	LSM-42959	ESR1|ESR2	30uM	HT29	24h	LINCSCP_25652
LINCSCP_33469	-0.2275931235	0.01629165987	111	Mibefradil	LSM-2192	CACNA1C|CACNA1G|CACNA1H|CACNA1I	10uM	MCF7	6h	LINCSCP_33469
LINCSCP_88613	-0.2275748267	0.01630049709	111	Vorinostat	LSM-3828	HDAC1|HDAC2|HDAC3|HDAC6|HDAC8	10uM	HA1E	24h	LINCSCP_88613
LINCSCP_43856	0.2275432442	0.01631576094	111	BRD-K21918725	LSM-45229	NA	1uM	PC3	6h	LINCSCP_43856
LINCSCP_67790	-0.227521427	0.01632631247	111	Vorinostat	LSM-3828	HDAC1|HDAC2|HDAC3|HDAC6|HDAC8	10uM	NPC	24h	LINCSCP_67790
LINCSCP_164618	-0.2274670769	0.01635262372	111	IOX2	LSM-6339	NA	3.33uM	SKL.C	24h	LINCSCP_164618
LINCSCP_47182	-0.2274568037	0.01635760117	111	BRN 1549781	LSM-4461	NA	10uM	PC3	6h	LINCSCP_47182
LINCSCP_113831	0.2274321897	0.01636953217	111	PCI-32765	LSM-1129	BTK	0.12uM	HME1	24h	LINCSCP_113831
LINCSCP_23375	0.2274293867	0.01637089135	111	D-64131	LSM-2592	TUBB	3uM	HEPG2	24h	LINCSCP_23375
LINCSCP_156250	0.227421315	0.01637480581	111	Rilmenidine	LSM-4253	ADRA2A|NISCH	0.37uM	PC3	24h	LINCSCP_156250
LINCSCP_26930	-0.2274199148	0.01637548496	111	NSC653260	LSM-43039	NA	10uM	HT29	6h	LINCSCP_26930
LINCSCP_25789	-0.2274048666	0.01638278519	111	SCHEMBL14379041	LSM-43082	PPARG	10uM	HT29	6h	LINCSCP_25789
LINCSCP_16636	-0.2274039372	0.01638323618	111	ZINC101150009	LSM-43197	NA	10uM	HA1E	6h	LINCSCP_16636
LINCSCP_57387	0.2274001969	0.01638505117	111	MLS001007458	LSM-2288	NA	10uM	VCAP	6h	LINCSCP_57387
LINCSCP_50040	-0.2273740662	0.01639773602	111	Cilostazol	LSM-3491	PDE3A	10uM	PHH	24h	LINCSCP_50040
LINCSCP_709	0.2273374366	0.01641553177	111	LY 2183240	LSM-2839	FAAH	10uM	A375	24h	LINCSCP_709
LINCSCP_311929	-0.2273303576	0.0164189729	111	BRD-K91250867	LSM-42243	NA	10uM	VCAP	6h	LINCSCP_311929
LINCSCP_53028	-0.2273270104	0.01642060018	111	Selumetinib	LSM-1056	MAP2K1|MAP2K2	80uM	SKLU1	6h	LINCSCP_53028
LINCSCP_15718	0.2273197939	0.01642410911	111	4-Methoxy-6-phenyl-1H-pyrimidine-2-thione	LSM-2060	NA	10uM	HA1E	24h	LINCSCP_15718
LINCSCP_114154	0.2273109732	0.01642839889	111	GSK J4	LSM-6328	NA	0.04uM	HME1	24h	LINCSCP_114154
LINCSCP_61947	-0.2273099823	0.01642888086	111	BRD-K14952621	LSM-9325	NA	5uM	VCAP	24h	LINCSCP_61947
LINCSCP_4689	0.2272958804	0.01643574126	111	3-Chloro-l-alanine	LSM-6205	RPS2	0.5uM	A549	6h	LINCSCP_4689
LINCSCP_273404	0.2272742376	0.01644627505	111	ZINC95486475	LSM-5822	NA	10uM	PC3	24h	LINCSCP_273404
LINCSCP_47922	0.227257083	0.01645462855	111	18Alpha-carbenoxolone	LSM-5378	HSD11B1	10uM	PC3	6h	LINCSCP_47922
LINCSCP_129921	-0.2272326619	0.01646652688	111	AZD-5438	LSM-1159	CDK1|CDK10|CDK11B|CDK12|CDK13|CDK14|CDK15|CDK16|CDK17|CDK18|CDK19|CDK2|CDK20|CDK3|CDK4|CDK5|CDK6|CDK7|CDK8|CDK9	0.37uM	LNCAP	24h	LINCSCP_129921
LINCSCP_129901	-0.2272212131	0.01647210745	111	PD-173074	LSM-1026	FGFR1|FGFR3	10uM	LNCAP	24h	LINCSCP_129901
LINCSCP_281480	-0.2272079648	0.01647856722	111	CHEMBL1612418	LSM-4618	NA	10uM	PHH	24h	LINCSCP_281480
LINCSCP_10615	-0.2272015994	0.01648167168	111	CAY10603	LSM-4941	HDAC6	10uM	AGS	6h	LINCSCP_10615
LINCSCP_28361	-0.2271788733	0.01649275967	111	BRD-K44366812	LSM-39720	NA	10uM	HT29	24h	LINCSCP_28361
LINCSCP_54008	0.227174982	0.01649465886	111	Darinaparsin	LSM-4924	NA	10uM	SW480	6h	LINCSCP_54008
LINCSCP_152157	-0.2271071551	0.01652779311	111	Rabusertib	LSM-36359	CHEK1	10uM	PC3	24h	LINCSCP_152157
LINCSCP_128608	0.2270817618	0.01654021286	111	GSK-3 Inhibitor II	LSM-1030	GSK3B	10uM	HUVEC	24h	LINCSCP_128608
LINCSCP_67003	-0.2270465749	0.01655743595	111	13-Hydroxy-8,14,19-trimethoxy-4,10,12,16-tetramethyl-3,20,22-trioxo-2-azabicyclo[16.3.1]docosa-1(21),4,6,10,18-pentaen-9-yl carbamate	LSM-42815	HSP90AA1	10uM	HEPG2	6h	LINCSCP_67003
LINCSCP_54875	-0.2270450361	0.01655818951	111	CT-200783	LSM-43273	NA	10uM	THP1	6h	LINCSCP_54875
LINCSCP_166282	0.2270296739	0.01656571408	111	WHI-P97	LSM-1033	JAK3	3.33uM	SKL	24h	LINCSCP_166282
LINCSCP_221254	0.2270227012	0.01656913037	111	Ilomastat	LSM-3143	NA	10uM	HEPG2	6h	LINCSCP_221254
LINCSCP_134732	-0.2270220075	0.01656947028	111	PCA-4248	LSM-1433	PTAFR	0.12uM	MCF7	24h	LINCSCP_134732
LINCSCP_33443	0.2269985617	0.01658096227	111	Isocycloheximide	LSM-1687	RPL3	10uM	MCF7	6h	LINCSCP_33443
LINCSCP_161955	-0.2269727022	0.01659364531	111	Doxorubicin	LSM-4062	TOP2A	3.33uM	PC3	24h	LINCSCP_161955
LINCSCP_66238	-0.2269636951	0.01659806491	111	Fedratinib	LSM-1142	FLT3|JAK2	10uM	WSUDLCL2	6h	LINCSCP_66238
LINCSCP_172269	0.2269481204	0.01660570953	111	Trilostane	LSM-45466	NA	0.04uM	YAPC	24h	LINCSCP_172269
LINCSCP_2927	-0.2269281511	0.0166155156	111	Quercetin	LSM-4199	PIK3CG	10uM	A375	6h	LINCSCP_2927
LINCSCP_53887	-0.2269238604	0.01661762324	111	7-Nitroindazole	LSM-5222	NA	80uM	SNUC5	6h	LINCSCP_53887
LINCSCP_9184	0.2269149547	0.01662199854	111	Chaetocin	LSM-6198	SUV39H1	1uM	A549	24h	LINCSCP_9184
LINCSCP_173136	0.2268970311	0.01663080732	111	Prosteride	LSM-1842	SRD5A1|SRD5A2	3.33uM	YAPC	24h	LINCSCP_173136
LINCSCP_60714	0.2268955463	0.01663153719	111	MLS003129153	LSM-7923	NA	5uM	VCAP	6h	LINCSCP_60714
LINCSCP_194405	-0.2268867945	0.01663584001	111	BRD-K99447056	LSM-42655	NA	5uM	A549	24h	LINCSCP_194405
LINCSCP_66773	-0.226865312	0.01664640593	111	Trichostatin A, Streptomyces Sp.	LSM-42814	HDAC1|HDAC10|HDAC3|HDAC4|HDAC6|HDAC7|HDAC8	10uM	HA1E	6h	LINCSCP_66773
LINCSCP_17031	-0.2268532441	0.01665234391	111	Sarcolysin	LSM-36838	NA	10uM	HA1E	24h	LINCSCP_17031
LINCSCP_14122	0.2268417877	0.01665798275	111	H9	LSM-3575	PRKACA	10uM	HA1E	24h	LINCSCP_14122
LINCSCP_56933	-0.2268394693	0.01665912403	111	CHEMBL179288	LSM-3648	NA	10uM	VCAP	24h	LINCSCP_56933
LINCSCP_22120	0.2268142687	0.01667153427	111	MLS002264511	LSM-4182	NA	10uM	HEPG2	6h	LINCSCP_22120
LINCSCP_19178	-0.2268105904	0.01667334636	111	Thioridazine	LSM-1863	DRD1|DRD2|DRD3|DRD4|HTR2A|HTR2C	10uM	HCC515	6h	LINCSCP_19178
LINCSCP_50052	-0.2267808717	0.01668799321	111	CHEMBL198368	LSM-1382	SLC1A2	10uM	PHH	24h	LINCSCP_50052
LINCSCP_91851	0.2267507087	0.01670287047	111	Temoporfin	LSM-45995	NA	0.04uM	HA1E	24h	LINCSCP_91851
LINCSCP_130793	-0.2267409291	0.01670769647	111	Crizotinib	LSM-1027	ALK|MET	10uM	MCF10A	3h	LINCSCP_130793
LINCSCP_148854	-0.2267379444	0.01670916964	111	Ricolinostat	LSM-6324	NA	10uM	NPC	24h	LINCSCP_148854
LINCSCP_38312	0.2267238397	0.01671613265	111	BCL-2 Inhibitor	LSM-2861	BCL2	0.5uM	MCF7	6h	LINCSCP_38312
LINCSCP_131268	-0.2266831204	0.01673624857	111	BRD-A24396574-001-01-5	LSM-5006	NA	1.11uM	MCF10A	24h	LINCSCP_131268
LINCSCP_10157	0.2266439353	0.01675562639	111	TP14	LSM-45308	NA	0.37uM	A549	24h	LINCSCP_10157
LINCSCP_187937	-0.2266389359	0.01675810008	111	Trifluoperazine	LSM-4010	DRD2|DRD3|DRD4|HTR2A|HTR2C	10uM	A549	6h	LINCSCP_187937
LINCSCP_161254	0.2266315869	0.01676173692	111	Dolastatin 10	LSM-45943	NA	1.11uM	PC3	24h	LINCSCP_161254
LINCSCP_12045	-0.2266262001	0.01676440316	111	Neratinib	LSM-42778	EGFR|ERBB2|ERBB4	0.1uM	BT20	6h	LINCSCP_12045
LINCSCP_309833	-0.2266208616	0.01676704587	111	assinex_D328	LSM-46014	NA	30uM	VCAP	24h	LINCSCP_309833
LINCSCP_111617	0.2266118486	0.01677150832	111	BI-2536	LSM-1041	PLK1	0.12uM	HEPG2	24h	LINCSCP_111617
LINCSCP_130550	0.2266062238	0.01677429378	111	C21H27N7O3	LSM-1128	AKT1|AKT2|AKT3|PRKCQ	0.37uM	MCF10A	24h	LINCSCP_130550
LINCSCP_24430	0.2265996268	0.01677756118	111	Motesanib	LSM-1042	FLT1|FLT4|KDR|KIT|PDGFRA|PDGFRB|RET	1uM	HS578T	24h	LINCSCP_24430
LINCSCP_52754	-0.2265989512	0.01677789582	111	Iodophenpropit	LSM-3151	HRH3|HRH4	10uM	SKB	24h	LINCSCP_52754
LINCSCP_19966	-0.2265988404	0.01677795072	111	MLS001333211	LSM-4985	NR3C1	10uM	HCC515	6h	LINCSCP_19966
LINCSCP_26905	-0.2265872031	0.01678371596	111	Ouabain	LSM-2781	ATP1A1	10uM	HT29	6h	LINCSCP_26905
LINCSCP_654	-0.2265859701	0.01678432693	111	GW 405833	LSM-2217	CNR2	40uM	A375	24h	LINCSCP_654
LINCSCP_42394	-0.2265533707	0.01680048665	111	SAN1_009051	LSM-36665	NA	10uM	NPC	24h	LINCSCP_42394
LINCSCP_112644	0.226552386	0.01680097501	111	amcinonide	NA	NA	0.04uM	HEPG2	24h	LINCSCP_112644
LINCSCP_154780	0.2265373958	0.01680841044	111	2,2-Dichloro-n-[(1R,2S)-1,3-dihydroxy-1-(4-nitrophenyl)propan-2-yl]acetamide	LSM-20955	NA	0.04uM	PC3	24h	LINCSCP_154780
LINCSCP_46055	-0.2265116868	0.01682116928	111	nifedipine	LSM-4176	CACNA1C|CACNA1D|CACNA1F|CACNA1S|CACNA2D1	10uM	PC3	24h	LINCSCP_46055
LINCSCP_30528	0.2265062047	0.01682389104	111	Fcodpguefhccia-Uhfffaoysa-N	LSM-42689	CASP3	10uM	MCF7	24h	LINCSCP_30528
LINCSCP_43680	-0.226494762	0.01682957333	111	Piceatannol	LSM-42918	NA	10uM	NPC	6h	LINCSCP_43680
LINCSCP_42391	-0.2264722029	0.01684078065	111	Neurodazine	LSM-5381	NA	10uM	NPC	24h	LINCSCP_42391
LINCSCP_54446	0.2264665731	0.01684357857	111	NSC23766	LSM-1818	NA	100uM	SW948	6h	LINCSCP_54446
LINCSCP_24429	-0.2264429888	0.01685530384	111	PF-562271	LSM-1072	PTK2|PTK2B	10uM	HS578T	24h	LINCSCP_24429
LINCSCP_64170	-0.2264346112	0.01685947058	111	BRD-K19534956	LSM-14746	NA	5uM	VCAP	24h	LINCSCP_64170
LINCSCP_81546	-0.2264310278	0.01686125311	111	PD-173074	LSM-1026	FGFR1|FGFR3	1.11uM	A549	24h	LINCSCP_81546
LINCSCP_49489	0.2264073506	0.01687303526	111	CHEMBL2359886	LSM-6824	NA	1.11uM	PC3	24h	LINCSCP_49489
LINCSCP_139187	0.2263861542	0.01688358899	111	TSU-68	LSM-43215	AURKA|AURKB|FGFR1|FGFR2|FGFR3|FGFR4|KDR|PDGFRA|PDGFRB	0.04uM	MCF7	24h	LINCSCP_139187
LINCSCP_57773	-0.226378531	0.01688738599	111	CHEMBL1716096	LSM-2446	NA	10uM	VCAP	24h	LINCSCP_57773
LINCSCP_3923	-0.2263259246	0.01691360862	111	4L7B	LSM-36813	KEAP1	10uM	A375	24h	LINCSCP_3923
LINCSCP_6878	-0.2263121384	0.01692048641	111	CHEMBL364005	LSM-3051	HTR6	10uM	A549	24h	LINCSCP_6878
LINCSCP_219101	-0.2262992936	0.01692689674	111	Sirolimus	LSM-42783	FKBP1A|MTOR	10uM	HEPG2	6h	LINCSCP_219101
LINCSCP_25722	-0.2262908064	0.0169311335	111	MLS000709026	LSM-43139	RAD51	40uM	HT29	6h	LINCSCP_25722
LINCSCP_51544	-0.2262853998	0.01693383292	111	AKT Inhibitor VIII	LSM-1035	AKT1|AKT2	10uM	SKBR3	6h	LINCSCP_51544
LINCSCP_72815	-0.2262590611	0.01694698876	111	Mubritinib (TAK 165)	LSM-45710	ERBB2	0.37uM	A375	24h	LINCSCP_72815
LINCSCP_65767	-0.2262588145	0.01694711198	111	BRD-K11624501	LSM-37863	NA	10uM	VCAP	6h	LINCSCP_65767
LINCSCP_16956	0.2262042347	0.01697440217	111	CHEMBL2002102	LSM-39063	NA	10uM	HA1E	6h	LINCSCP_16956
LINCSCP_172121	-0.2261915032	0.0169807735	111	Varlitinib	LSM-45403	EGFR|ERBB2	10uM	YAPC	24h	LINCSCP_172121
LINCSCP_120882	-0.2261867291	0.01698316313	111	Bicalutamide	LSM-1437	AR	3.33uM	HT29	24h	LINCSCP_120882
LINCSCP_33821	0.2261844788	0.01698428964	111	ZINC02419385	LSM-4849	NA	10uM	MCF7	24h	LINCSCP_33821
LINCSCP_63864	0.2261680966	0.01699249237	111	BRD-K07923524	LSM-8906	NA	5uM	VCAP	24h	LINCSCP_63864
LINCSCP_56999	-0.226167763	0.01699265942	111	Brefeldin A	LSM-42812	NA	0.1uM	VCAP	6h	LINCSCP_56999
LINCSCP_52098	0.2261246425	0.0170142669	111	NVP-AEW541	LSM-44953	IGF1R	0.1uM	SKBR3	6h	LINCSCP_52098
LINCSCP_69537	-0.2261220816	0.01701555092	111	Radicicol	LSM-43303	NA	3.33uM	A375	24h	LINCSCP_69537
LINCSCP_139660	0.2261184275	0.01701738318	111	Dacomitinib	LSM-42808	EGFR|ERBB2|ERBB3|ERBB4	0.12uM	MCF7	24h	LINCSCP_139660
LINCSCP_171816	-0.2260707548	0.0170413032	111	Ivacaftor (VX-770)	LSM-45975	CFTR	10uM	YAPC	24h	LINCSCP_171816
LINCSCP_47393	-0.2260690209	0.01704217375	111	Droxinostat	LSM-5292	HDAC6|HDAC8	10uM	PC3	6h	LINCSCP_47393
LINCSCP_141311	0.2260659884	0.01704369636	111	Meclofenamic acid	LSM-3108	ALOX5|PTGS1|PTGS2	10uM	MCF7	24h	LINCSCP_141311
LINCSCP_152770	-0.2260391579	0.01705717311	111	Josamycin	LSM-46041	NA	0.37uM	PC3	24h	LINCSCP_152770
LINCSCP_213284	0.2260282142	0.01706267271	111	Avrainvillamide-analog-1	LSM-37146	NA	1.11uM	HA1E	24h	LINCSCP_213284
LINCSCP_151571	0.2260200186	0.01706679227	111	AZD4547	LSM-6308	NA	10uM	PC3	24h	LINCSCP_151571
LINCSCP_151409	0.2260109465	0.01707135344	111	13-Hydroxy-8,14,19-trimethoxy-4,10,12,16-tetramethyl-3,20,22-trioxo-2-azabicyclo[16.3.1]docosa-1(21),4,6,10,18-pentaen-9-yl carbamate	LSM-42815	HSP90AA1	0.12uM	PC3	24h	LINCSCP_151409
LINCSCP_13470	-0.2260029357	0.0170753819	111	GW 405833	LSM-2217	CNR2	40uM	H1299	6h	LINCSCP_13470
LINCSCP_178806	-0.2260008398	0.017076436	111	Etomidate	LSM-37126	GABRA1|GABRA2|GABRA3|GABRA4|GABRA5|GABRA6|GABRB1|GABRB2|GABRB3|GABRD|GABRE|GABRG1|GABRG2|GABRG3|GABRP|GABRQ	10uM	A375	6h	LINCSCP_178806
LINCSCP_25407	-0.2259973125	0.01707821016	111	Necrostatin	LSM-1494	RIPK1	100uM	HT29	24h	LINCSCP_25407
LINCSCP_19039	-0.2259902693	0.01708175323	111	SPECTRUM1505012	LSM-1773	CYP19A1	10uM	HCC515	6h	LINCSCP_19039
LINCSCP_47475	0.2259628847	0.01709553499	111	Ethosuximide	LSM-5195	CACNA1G|CACNA1H|CACNA1I	10uM	PC3	24h	LINCSCP_47475
LINCSCP_31630	0.2259274628	0.01711337588	111	3,4-Dimethoxyphenethylamine	LSM-5691	NA	10uM	MCF7	24h	LINCSCP_31630
LINCSCP_65035	0.2259235855	0.01711532974	111	BRD-K46503544-001-01-5	LSM-5572	TOP2A|TOP2B	0.5uM	VCAP	6h	LINCSCP_65035
LINCSCP_133112	-0.2259046408	0.01712487916	111	BRD-K01425431	NA	NA	0.37uM	MCF7	3h	LINCSCP_133112
LINCSCP_160307	0.2258972189	0.01712862158	111	SB743921	LSM-45775	NA	0.37uM	PC3	24h	LINCSCP_160307
LINCSCP_10314	-0.2258753644	0.0171396455	111	Thioridazine	LSM-1863	DRD1|DRD2|DRD3|DRD4|HTR2A|HTR2C	10uM	A673	6h	LINCSCP_10314
LINCSCP_47900	0.2258742572	0.01714020417	111	Florfenicol	LSM-5287	NA	10uM	PC3	6h	LINCSCP_47900
LINCSCP_70010	-0.2258699533	0.01714237595	111	AT 7867	LSM-1155	NA	0.37uM	A375	24h	LINCSCP_70010
LINCSCP_42346	-0.2258541913	0.01715033162	111	Calmidazolium	LSM-5017	ATP2B1|PDE1A	10uM	NPC	24h	LINCSCP_42346
LINCSCP_57674	0.2258098586	0.01717272508	111	MLS002473640	LSM-3067	NA	10uM	VCAP	6h	LINCSCP_57674
LINCSCP_26999	-0.2257902263	0.01718264989	111	Clemastine	LSM-2655	HRH1	10uM	HT29	6h	LINCSCP_26999
LINCSCP_260596	0.2257862128	0.01718467948	111	SA-247582	LSM-40758	NA	3uM	NKDBA	24h	LINCSCP_260596
LINCSCP_236382	0.2257509554	0.01720251757	111	Corynantheine	LSM-2124	NA	10uM	MCF7	6h	LINCSCP_236382
LINCSCP_256552	0.2257297322	0.01721326296	111	2-Fluoropalmitic acid	LSM-6199	ACSL1	40uM	NCIH1694	6h	LINCSCP_256552
LINCSCP_102651	-0.2257295092	0.01721337591	111	Pelitinib	LSM-42796	EGFR	10uM	HELA	24h	LINCSCP_102651
LINCSCP_284540	0.2257146796	0.01722088765	111	Isocarboxazid	LSM-4101	MAOA|MAOB	10uM	SKB	24h	LINCSCP_284540
LINCSCP_174119	-0.2257033939	0.01722660617	111	Zosuquidar	LSM-5782	ABCB1	10uM	YAPC	24h	LINCSCP_174119
LINCSCP_50459	0.2257001419	0.01722825428	111	Tyrphostin A9	LSM-4617	NA	3uM	PHH	6h	LINCSCP_50459
LINCSCP_125933	-0.2256880639	0.01723437663	111	Sertindole	LSM-5765	DRD2|HTR2A|HTR2C	3.33uM	HT29	24h	LINCSCP_125933
LINCSCP_54412	-0.2256733127	0.01724185657	111	Brefeldin A	LSM-42812	NA	0.1uM	SW948	6h	LINCSCP_54412
LINCSCP_126909	-0.2256643297	0.01724641295	111	Cinaciguat	LSM-45801	NA	0.04uM	HT29	24h	LINCSCP_126909
LINCSCP_251750	0.2256601798	0.01724851827	111	Tivantinib	LSM-1131	MET	0.1uM	MCF7	24h	LINCSCP_251750
LINCSCP_239475	0.225625957	0.0172658883	111	ZINC01282667	LSM-4831	NA	10uM	MCF7	24h	LINCSCP_239475
LINCSCP_13079	-0.225621186	0.01726831105	111	2-Bromo-n-(2-phenylethyl)acetamide	LSM-37051	NA	10uM	FIBRNPC	6h	LINCSCP_13079
LINCSCP_23323	0.225602372	0.01727786788	111	MEGXM0_000203	LSM-36622	NA	10uM	HEPG2	24h	LINCSCP_23323
LINCSCP_12548	-0.2255367347	0.01731124497	111	Dorsomorphin	LSM-3207	BMPR1A|BMPR1B|PRKAA1	10uM	CL34	6h	LINCSCP_12548
LINCSCP_224054	-0.2255253309	0.01731704956	111	Trifluoperazine	LSM-4010	DRD2|DRD3|DRD4|HTR2A|HTR2C	10uM	HT29	24h	LINCSCP_224054
LINCSCP_30206	-0.2255154485	0.01732208111	111	AG-957	LSM-2807	ABL1|EGFR	10uM	MCF7	6h	LINCSCP_30206
LINCSCP_11452	-0.2254965419	0.01733171083	111	Tyrphostin AG 879	LSM-3320	ERBB2|KDR|NTRK1	10uM	ASC	24h	LINCSCP_11452
LINCSCP_49417	-0.225488913	0.01733559775	111	L-Sulforaphane	LSM-4919	NFE2L2	10uM	PC3	6h	LINCSCP_49417
LINCSCP_39732	0.2254630411	0.01734878516	111	(S)-(-)-BAY K 8644	LSM-4545	CACNA1C	10uM	MDST8	6h	LINCSCP_39732
LINCSCP_44622	-0.2254590248	0.01735083311	111	Brazilin	LSM-1844	NA	10uM	PC3	6h	LINCSCP_44622
LINCSCP_136640	0.2254484982	0.01735620178	111	Amineptine	LSM-45457	NA	3.33uM	MCF7	24h	LINCSCP_136640
LINCSCP_147974	-0.2254484477	0.01735622753	111	Belinostat	LSM-43181	HDAC1|HDAC10|HDAC11|HDAC2|HDAC3|HDAC4|HDAC5|HDAC6|HDAC7|HDAC8|HDAC9	0.37uM	NPC.CAS9	24h	LINCSCP_147974
LINCSCP_47364	-0.2254416972	0.01735967108	111	CVF-SUMO-7	LSM-4835	NA	10uM	PC3	6h	LINCSCP_47364
LINCSCP_106191	0.2254164987	0.01737253058	111	Phenytoin	LSM-5663	SCN1A|SCN2A|SCN5A	3.33uM	HELA	24h	LINCSCP_106191
LINCSCP_25929	-0.2254142029	0.01737370258	111	T5285107	LSM-2951	NA	10uM	HT29	24h	LINCSCP_25929
LINCSCP_18003	-0.2254129696	0.01737433221	111	Clobenpropit	LSM-3600	HRH3|HRH4	10uM	HCC515	24h	LINCSCP_18003
LINCSCP_97924	0.2254014311	0.01738022389	111	Chlorpropamide	LSM-6695	ABCC8|KCNJ11	10uM	HA1E	24h	LINCSCP_97924
LINCSCP_230429	-0.2253974483	0.01738225797	111	BRD-K39108047	LSM-39428	NA	5uM	HT29	24h	LINCSCP_230429
LINCSCP_2684	-0.2253685423	0.01739702676	111	Fenoterol	LSM-1948	ADRB2	10uM	A375	6h	LINCSCP_2684
LINCSCP_26446	-0.2253619052	0.01740041934	111	Sirolimus	LSM-42782	FKBP1A|MTOR	10uM	HT29	6h	LINCSCP_26446
LINCSCP_47623	0.2253583482	0.01740223776	111	BP-897	LSM-2376	DRD3	10uM	PC3	24h	LINCSCP_47623
LINCSCP_125932	-0.2253541969	0.01740436018	111	Sertindole	LSM-5765	DRD2|HTR2A|HTR2C	10uM	HT29	24h	LINCSCP_125932
LINCSCP_25018	0.2253487742	0.01740713302	111	IN1541	LSM-4460	PRKAA1	10uM	HT115	6h	LINCSCP_25018
LINCSCP_78006	0.2253449184	0.01740910486	111	Emapunil	LSM-45673	NA	1.11uM	A375	24h	LINCSCP_78006
LINCSCP_107826	-0.2253307812	0.01741633617	111	Thioguanine	LSM-6723	NA	3.33uM	HELA	24h	LINCSCP_107826
LINCSCP_219542	0.2253293407	0.01741707314	111	MLS002699811	LSM-3541	NA	10uM	HEPG2	6h	LINCSCP_219542
LINCSCP_112925	-0.2253052996	0.01742937687	111	ITK Inhibitor	LSM-1043	ITK	0.04uM	HEPG2	24h	LINCSCP_112925
LINCSCP_14636	-0.225295861	0.01743420937	111	1228746-78-8	LSM-1533	NPC1L1	10uM	HA1E	24h	LINCSCP_14636
LINCSCP_25798	-0.2252765461	0.01744410213	111	TGX-115	LSM-6262	NA	100uM	HT29	6h	LINCSCP_25798
LINCSCP_5315	-0.2252618525	0.01745163121	111	SCHEMBL1675329	LSM-3821	NA	10uM	A549	6h	LINCSCP_5315
LINCSCP_51410	-0.225260859	0.01745214039	111	Selumetinib	LSM-1056	MAP2K1|MAP2K2	10uM	SKBR3	24h	LINCSCP_51410
LINCSCP_68309	-0.2252570423	0.01745409657	111	13-Hydroxy-8,14,19-trimethoxy-4,10,12,16-tetramethyl-3,20,22-trioxo-2-azabicyclo[16.3.1]docosa-1(21),4,6,10,18-pentaen-9-yl carbamate	LSM-42815	HSP90AA1	10uM	VCAP	6h	LINCSCP_68309
LINCSCP_61378	-0.225243637	0.01746096882	111	BRD-K82176569	LSM-13452	NA	5uM	VCAP	6h	LINCSCP_61378
LINCSCP_27170	-0.2252435555	0.01746101059	111	BRN 1549781	LSM-4461	NA	10uM	HT29	6h	LINCSCP_27170
LINCSCP_45744	-0.2252425513	0.01746152549	111	VU0400193-3	LSM-3884	GRM4	10uM	PC3	24h	LINCSCP_45744
LINCSCP_57645	0.2252336338	0.01746609848	111	T5832551	LSM-2617	NA	10uM	VCAP	6h	LINCSCP_57645
LINCSCP_20393	-0.2252234514	0.01747132136	111	SB590885	LSM-42746	BRAF	10uM	HCC515	6h	LINCSCP_20393
LINCSCP_127169	-0.2252200641	0.01747305909	111	Doxorubicin	LSM-4062	TOP2A	3.33uM	HT29	24h	LINCSCP_127169
LINCSCP_6883	-0.2252096124	0.01747842199	111	Amperozide	LSM-3159	DRD2|HTR2A	10uM	A549	24h	LINCSCP_6883
LINCSCP_57112	-0.2251995105	0.01748360676	111	GF-109203	LSM-2677	PRKCA	10uM	VCAP	6h	LINCSCP_57112
LINCSCP_55326	-0.2251877378	0.01748965073	111	2-(4-Nitro-phenylamino)-benzoic acid	LSM-45307	NA	3uM	U937	24h	LINCSCP_55326
LINCSCP_55956	-0.2251652976	0.01750117626	111	IN1152	LSM-2575	NA	10uM	VCAP	24h	LINCSCP_55956
LINCSCP_124367	0.2251363076	0.01751607554	111	Ifosfamide	LSM-5118	CYP2A6|CYP2B6|CYP2C18|CYP2C19|CYP2C8|CYP2C9|CYP3A4|CYP3A5|CYP3A7|PTGS1	10uM	HT29	24h	LINCSCP_124367
LINCSCP_254071	0.2251362912	0.01751608395	111	Estradiol	LSM-2421	ESR1|ESR2|NR1I2	3uM	MCF7	6h	LINCSCP_254071
LINCSCP_273093	-0.2251110458	0.01752906769	111	Vorinostat	LSM-3828	HDAC1|HDAC2|HDAC3|HDAC6|HDAC8	10uM	PC3	6h	LINCSCP_273093
LINCSCP_68591	-0.2250768558	0.01754666485	111	Sirolimus	LSM-42783	FKBP1A|MTOR	10uM	VCAP	6h	LINCSCP_68591
LINCSCP_19477	-0.2250375514	0.01756691325	111	Thioridazine	LSM-1863	DRD1|DRD2|DRD3|DRD4|HTR2A|HTR2C	10uM	HCC515	6h	LINCSCP_19477
LINCSCP_239562	-0.2250063629	0.01758299493	111	MLS000583956	LSM-1515	NA	10uM	MCF7	6h	LINCSCP_239562
LINCSCP_46365	-0.2249982499	0.01758718033	111	MLS001033149	LSM-6634	NA	10uM	PC3	6h	LINCSCP_46365
LINCSCP_11495	-0.2249579075	0.0176080052	111	CCG-214295	LSM-4427	NA	10uM	ASC	24h	LINCSCP_11495
LINCSCP_50273	-0.2249434074	0.01761549541	111	CDK4 Inhibitor III	LSM-2121	CDK4	10uM	PHH	24h	LINCSCP_50273
LINCSCP_37612	0.2249428637	0.01761577629	111	vincristine	NA	TUBB	0.5uM	MCF7	24h	LINCSCP_37612
LINCSCP_18124	-0.2249123758	0.01763153438	111	HSCI1_000191	LSM-3624	JAK3	10uM	HCC515	6h	LINCSCP_18124
LINCSCP_156042	0.2249023622	0.01763671271	111	Pomalidomide	LSM-45637	CRBN|CUL4A|DDB1|RBX1	0.04uM	PC3	24h	LINCSCP_156042
LINCSCP_57432	0.2249017684	0.0176370198	111	MLS002699341	LSM-3152	NA	10uM	VCAP	6h	LINCSCP_57432
LINCSCP_11791	-0.2248974902	0.01763923265	111	WZ 4002	LSM-1085	EGFR|ERBB2	10uM	BT20	24h	LINCSCP_11791
LINCSCP_124336	0.2248857913	0.0176452849	111	Moxifloxacin	LSM-5746	NA	0.04uM	HT29	24h	LINCSCP_124336
LINCSCP_10538	-0.2248631185	0.01765701945	111	Tamatinib	LSM-1040	SYK	10uM	AGS	6h	LINCSCP_10538
LINCSCP_13243	0.224862311	0.0176574375	111	Acetyl-Farnesyl-Cysteine	LSM-43236	PPARG	10uM	FIBRNPC	24h	LINCSCP_13243
LINCSCP_11296	0.2248505744	0.01766351468	111	2,3',4,5'-Tetramethoxystilbene	LSM-3013	NA	10uM	ASC	24h	LINCSCP_11296
LINCSCP_223716	-0.2247750701	0.01770265379	111	Trichostatin A, Streptomyces Sp.	LSM-42814	HDAC1|HDAC10|HDAC3|HDAC4|HDAC6|HDAC7|HDAC8	10uM	HT29	6h	LINCSCP_223716
LINCSCP_17995	0.2247738304	0.01770329708	111	Picotamide	LSM-3497	TBXA2R	10uM	HCC515	24h	LINCSCP_17995
LINCSCP_113597	0.2247612277	0.01770983742	111	Lapatinib	LSM-1051	EGFR|ERBB2	1.11uM	HME1	3h	LINCSCP_113597
LINCSCP_36233	0.2247479118	0.01771675017	111	3-Chloro-l-alanine	LSM-6205	RPS2	0.5uM	MCF7	24h	LINCSCP_36233
LINCSCP_28754	-0.2247431178	0.01771923949	111	52490-15-0	LSM-36669	NA	20uM	HUH7	24h	LINCSCP_28754
LINCSCP_284818	-0.2247387589	0.01772150313	111	Dienestrol	LSM-43043	ESR1	10uM	SKB	24h	LINCSCP_284818
LINCSCP_679	-0.2247180382	0.01773226711	111	Skiii	LSM-2462	SPHK1	40uM	A375	24h	LINCSCP_679
LINCSCP_5461	0.224710335	0.01773627018	111	MLS002222336	LSM-1855	PTGS1|PTGS2	10uM	A549	6h	LINCSCP_5461
LINCSCP_20652	0.2247074718	0.0177377583	111	CHEMBL2138962	LSM-40974	NA	10uM	HCC515	6h	LINCSCP_20652
LINCSCP_1524	-0.2247028028	0.01774018519	111	CHEMBL2136110	LSM-2505	NA	10uM	A375	6h	LINCSCP_1524
LINCSCP_88909	0.2246999476	0.0177416694	111	Daminozide	LSM-6329	NA	0.04uM	HA1E	24h	LINCSCP_88909
LINCSCP_175051	0.224662153	0.01776132646	111	Beta-Narcotine	LSM-4043	SIGMAR1	0.37uM	YAPC	24h	LINCSCP_175051
LINCSCP_5146	0.2246476539	0.01776887247	111	MLS002264487	LSM-3550	NA	10uM	A549	6h	LINCSCP_5146
LINCSCP_238407	-0.2246418608	0.01777188823	111	11K-629S	LSM-3579	NA	10uM	MCF7	24h	LINCSCP_238407
LINCSCP_143385	0.2246384975	0.0177736393	111	Omacetaxine Mepesuccinate	LSM-3716	NA	0.12uM	MCF7	24h	LINCSCP_143385
LINCSCP_168167	0.2246161017	0.01778530329	111	Sitagliptin	LSM-5363	DPP4	0.37uM	YAPC	24h	LINCSCP_168167
LINCSCP_67231	-0.2246013692	0.01779297973	111	Trichostatin A, Streptomyces Sp.	LSM-42814	HDAC1|HDAC10|HDAC3|HDAC4|HDAC6|HDAC7|HDAC8	0.5uM	JURKAT	6h	LINCSCP_67231
LINCSCP_4724	-0.2245936824	0.01779698611	111	Dalcetrapib	LSM-6227	CETP	80uM	A549	6h	LINCSCP_4724
LINCSCP_43920	0.2245653263	0.01781177215	111	LY-294002	LSM-2597	MTOR|PIK3CA|PIK3CB|PIK3CD|PIK3CG|PLK1|PRKDC	1uM	PC3	24h	LINCSCP_43920
LINCSCP_124175	0.224554805	0.0178172611	111	BRD-A70541707	LSM-45654	NA	10uM	HT29	24h	LINCSCP_124175
LINCSCP_247911	0.2245273477	0.01783159239	111	BRD-K62689646	LSM-12234	NA	5uM	MCF7	24h	LINCSCP_247911
LINCSCP_173039	0.2245207953	0.01783501391	111	Ttnpb	LSM-43006	RARB	10uM	YAPC	24h	LINCSCP_173039
LINCSCP_106265	0.2245185577	0.01783618243	111	Selumetinib	LSM-1056	MAP2K1|MAP2K2	0.37uM	HELA	24h	LINCSCP_106265
LINCSCP_291708	-0.2245080879	0.01784165094	111	BAY-117821	LSM-42889	NA	10uM	VCAP	6h	LINCSCP_291708
LINCSCP_103061	0.2245061056	0.01784268651	111	Olprinone (Hydrochloride)	LSM-45375	NA	0.12uM	HELA	24h	LINCSCP_103061
LINCSCP_24596	0.22449407	0.01784897498	111	CP-724714	LSM-42777	ERBB2	1uM	HS578T	6h	LINCSCP_24596
LINCSCP_10530	-0.2244890163	0.01785161606	111	Phloretin	LSM-6221	NA	100uM	AGS	6h	LINCSCP_10530
LINCSCP_6659	-0.2244821521	0.01785520386	111	AC1O9X68	LSM-6647	NA	10uM	A549	6h	LINCSCP_6659
LINCSCP_259285	0.2244760613	0.01785838793	111	BRD-K54652275	LSM-11748	NA	10uM	NEU	24h	LINCSCP_259285
LINCSCP_241675	0.2244598785	0.01786685017	111	Herniarin	LSM-3820	NA	10uM	MCF7	24h	LINCSCP_241675
LINCSCP_147778	0.2244595376	0.01786702847	111	Olaparib	LSM-1145	PARP1|PARP2|PARP3	0.37uM	NPC.CAS9	24h	LINCSCP_147778
LINCSCP_17077	-0.2244594391	0.01786707995	111	11,17,21-Trihydroxypregn-4-ene-3,20-dione	LSM-6492	NR3C1	20uM	HA1E	24h	LINCSCP_17077
LINCSCP_14594	0.224452276	0.01787082683	111	Brinzolamide	LSM-3677	CA1|CA2|CA7	10uM	HA1E	6h	LINCSCP_14594
LINCSCP_240907	-0.2244393726	0.01787757795	111	Paroxetine	LSM-2843	SLC6A4	10uM	MCF7	6h	LINCSCP_240907
LINCSCP_9586	0.2244169561	0.01788931169	111	AKT Inhibitor IV	LSM-43091	AKT1	0.01uM	A549	6h	LINCSCP_9586
LINCSCP_54028	-0.2244106091	0.01789263517	111	BI-2536	LSM-1041	PLK1	10uM	SW480	6h	LINCSCP_54028
LINCSCP_65981	0.2243815493	0.01790785864	111	BRD-K46381939	LSM-11259	NA	1uM	VCAP	24h	LINCSCP_65981
LINCSCP_14331	0.224370784	0.01791350106	111	Tetrabromobenzotriazole	LSM-4192	CSNK2A1	10uM	HA1E	6h	LINCSCP_14331
LINCSCP_87908	0.2243301884	0.01793479223	111	AZD-8055	LSM-1007	MTOR	10uM	HA1E	24h	LINCSCP_87908
LINCSCP_111794	0.2243154468	0.01794252916	111	Sirolimus	LSM-42783	FKBP1A|MTOR	3.33uM	HEPG2	24h	LINCSCP_111794
LINCSCP_35572	0.2242950702	0.0179532283	111	BRD-K54343811	LSM-44966	NA	10uM	MCF7	6h	LINCSCP_35572
LINCSCP_100420	-0.2242610865	0.0179710844	111	Vorinostat	LSM-3828	HDAC1|HDAC2|HDAC3|HDAC6|HDAC8	10uM	HCC515	24h	LINCSCP_100420
LINCSCP_68165	-0.2241910229	0.01800794638	111	Trichostatin A, Streptomyces Sp.	LSM-42814	HDAC1|HDAC10|HDAC3|HDAC4|HDAC6|HDAC7|HDAC8	10uM	PC3	6h	LINCSCP_68165
LINCSCP_42249	-0.224183626	0.01801184186	111	ZINC5751650	LSM-43166	NA	10uM	NPC	24h	LINCSCP_42249
LINCSCP_45480	0.2241635621	0.01802241195	111	CHEMBL1706858	LSM-2657	APEX1	10uM	PC3	24h	LINCSCP_45480
LINCSCP_50419	-0.2241565424	0.01802611134	111	NSC 663284	LSM-2042	CDC25A|CDC25B	10uM	PHH	6h	LINCSCP_50419
LINCSCP_102332	0.2241125688	0.01804930034	111	Senicapoc	LSM-45645	KCNN4	0.12uM	HELA	24h	LINCSCP_102332
LINCSCP_45779	-0.2240970552	0.01805748741	111	5-Nonyloxytryptamine	LSM-20005	NA	10uM	PC3	6h	LINCSCP_45779
LINCSCP_100015	-0.2240905968	0.01806089668	111	13-Hydroxy-8,14,19-trimethoxy-4,10,12,16-tetramethyl-3,20,22-trioxo-2-azabicyclo[16.3.1]docosa-1(21),4,6,10,18-pentaen-9-yl carbamate	LSM-42815	HSP90AA1	3.33uM	HCC515	24h	LINCSCP_100015
LINCSCP_60907	-0.224087624	0.01806246614	111	BRD-K63903580	LSM-12325	NA	5uM	VCAP	24h	LINCSCP_60907
LINCSCP_95701	-0.2240822824	0.0180652865	111	MLN9708	LSM-45406	NA	0.04uM	HA1E	24h	LINCSCP_95701
LINCSCP_15523	0.224079152	0.01806693954	111	3-Chloro-l-alanine	LSM-6205	RPS2	0.5uM	HA1E	6h	LINCSCP_15523
LINCSCP_52840	0.2240472178	0.01808381004	111	Cisaprida	LSM-2133	HTR4|KCNH2	10uM	SKB	24h	LINCSCP_52840
LINCSCP_156125	0.2240468362	0.01808401175	111	Bitopertin	LSM-45785	NA	0.12uM	PC3	24h	LINCSCP_156125
LINCSCP_116622	0.2240335562	0.0180910315	111	SCHEMBL17052537	LSM-5803	BTK|JAK3|MKNK2|MTOR|PRKDC	0.37uM	HT29	24h	LINCSCP_116622
LINCSCP_9810	0.2240154014	0.01810063188	111	Narciclasine	LSM-4934	RHOA	0.5uM	A549	6h	LINCSCP_9810
LINCSCP_6567	-0.2239940417	0.01811193269	111	LRRK2-IN-1	LSM-1086	LRRK2	10uM	A549	6h	LINCSCP_6567
LINCSCP_159025	0.2239757557	0.01812161211	111	PHA-793887	LSM-1073	CDK1|CDK10|CDK11B|CDK12|CDK13|CDK14|CDK15|CDK16|CDK17|CDK18|CDK19|CDK2|CDK20|CDK3|CDK4|CDK5|CDK6|CDK7|CDK8|CDK9	0.12uM	PC3	24h	LINCSCP_159025
LINCSCP_65903	-0.2239699042	0.01812471046	111	BRD-K99439802	LSM-42654	NA	10uM	VCAP	6h	LINCSCP_65903
LINCSCP_252630	-0.2239608707	0.01812949452	111	SA-85377	LSM-39088	NA	0.5uM	MCF7	24h	LINCSCP_252630
LINCSCP_156390	-0.2239415535	0.01813972849	111	Luteolin	LSM-5229	NA	10uM	PC3	24h	LINCSCP_156390
LINCSCP_12614	-0.2239350364	0.01814318231	111	Fedratinib	LSM-1142	FLT3|JAK2	10uM	CORL23	6h	LINCSCP_12614
LINCSCP_28921	-0.2239203381	0.01815097387	111	CHEMBL2354536	LSM-6819	NA	3uM	HUH7	6h	LINCSCP_28921
LINCSCP_65901	-0.2239117071	0.01815555049	111	BRD-K98327170	LSM-42600	NA	10uM	VCAP	6h	LINCSCP_65901
LINCSCP_148919	0.2238965104	0.01816361106	111	STK219801	LSM-43281	NA	0.04uM	NPC	24h	LINCSCP_148919
LINCSCP_18643	-0.2238958673	0.01816395221	111	Thiothixene	LSM-43048	HTR2A	10uM	HCC515	24h	LINCSCP_18643
LINCSCP_51378	-0.2238943696	0.01816474681	111	Dasatinib	LSM-1020	ABL1|BCR|BLK|EPHA2|FGR|FRK|FYN|HCK|KIT|LCK|LYN|PDGFRB|SRC|SRMS|YES1	1uM	SKBR3	24h	LINCSCP_51378
LINCSCP_106340	-0.2238753214	0.01817485518	111	Dexfenfluramine	LSM-5685	SLC6A4	10uM	HELA	24h	LINCSCP_106340
LINCSCP_140026	-0.2238710896	0.01817710156	111	Ozagrel	LSM-42902	TBXAS1	0.04uM	MCF7	24h	LINCSCP_140026
LINCSCP_97854	0.2238675406	0.01817898561	111	Lonidamine	LSM-6272	NA	1.11uM	HA1E	24h	LINCSCP_97854
LINCSCP_3537	-0.2238631437	0.01818132008	111	BRD-K17139610	LSM-9464	NA	10uM	A375	24h	LINCSCP_3537
LINCSCP_38030	-0.2238552302	0.01818552229	111	BRD-K31315646	LSM-14790	NA	10uM	MCF7	6h	LINCSCP_38030
LINCSCP_295256	0.2238384757	0.018194422	111	F0012-0289	LSM-4634	NA	10uM	VCAP	24h	LINCSCP_295256
LINCSCP_65827	-0.223837023	0.01819519381	111	BRD-K46674611	LSM-39863	NA	10uM	VCAP	6h	LINCSCP_65827
LINCSCP_88156	0.2237913173	0.01821949184	111	WYE 125132	LSM-1064	MTOR	0.12uM	HA1E	24h	LINCSCP_88156
LINCSCP_146310	-0.2237864758	0.01822206729	111	OTSSP167	LSM-6340	NA	0.04uM	MNEU.E	24h	LINCSCP_146310
LINCSCP_37543	-0.2237800962	0.01822546147	111	Lestaurtinib	LSM-1231	FLT3|JAK2|NTRK1|NTRK2|NTRK3|RET	3uM	MCF7	6h	LINCSCP_37543
LINCSCP_28562	-0.2237789287	0.0182260827	111	AC1OCDAW	LSM-1622	TOP2A	3.33uM	HT29	24h	LINCSCP_28562
LINCSCP_143080	-0.2237623295	0.01823491683	111	MLN 2238	LSM-4944	PSMB1	0.04uM	MCF7	24h	LINCSCP_143080
LINCSCP_104134	-0.2237568313	0.01823784382	111	Rifabutin	LSM-5004	NA	0.04uM	HELA	24h	LINCSCP_104134
LINCSCP_40397	0.2237483866	0.01824234014	111	DASA-58	LSM-3813	PKM	90uM	NCIH596	6h	LINCSCP_40397
LINCSCP_239037	-0.2237413689	0.01824607741	111	Imatinib	LSM-1023	ABL1|BCR|CSF1R|KIT|PDGFRA|PDGFRB	10uM	MCF7	24h	LINCSCP_239037
LINCSCP_28744	0.2237400765	0.01824676571	111	CHEMBL2359886	LSM-6824	NA	3uM	HUH7	24h	LINCSCP_28744
LINCSCP_5210	-0.2237367268	0.0182485499	111	MLS003153123	LSM-2020	NA	10uM	A549	6h	LINCSCP_5210
LINCSCP_14709	-0.2237194959	0.01825773007	111	Zuclomiphene	LSM-42849	ESR1	10uM	HA1E	24h	LINCSCP_14709
LINCSCP_65979	0.2236958881	0.01827031414	111	BRD-K46381939	LSM-11259	NA	0.5uM	VCAP	24h	LINCSCP_65979
LINCSCP_9232	-0.223689219	0.01827387049	111	3,5-Bis(4-methylbenzylidene)piperidin-4-one	LSM-42949	SENP2|USP1|USP2|USP7	0.01uM	A549	24h	LINCSCP_9232
LINCSCP_20601	0.2236436692	0.01829817592	111	MLS000778276	LSM-43118	NA	10uM	HCC515	6h	LINCSCP_20601
LINCSCP_151321	-0.2236433235	0.01829836054	111	Radicicol	LSM-43303	NA	10uM	PC3	24h	LINCSCP_151321
LINCSCP_13916	-0.2236361792	0.01830217532	111	Tyrphostin AG 879	LSM-3320	ERBB2|KDR|NTRK1	10uM	HA1E	6h	LINCSCP_13916
LINCSCP_216594	-0.2236291294	0.0183059403	111	Latrunculin B	LSM-43068	WWTR1|YAP1	10uM	HCC515	6h	LINCSCP_216594
LINCSCP_55291	0.2236281712	0.0183064521	111	KUC107191N	LSM-45334	NA	1uM	U937	24h	LINCSCP_55291
LINCSCP_144969	-0.2236259995	0.01830761204	111	NU-7441	LSM-1061	PRKDC	10uM	MDAMB231	3h	LINCSCP_144969
LINCSCP_289711	0.2235687478	0.01833821489	111	Saclofen	LSM-1402	NA	10uM	VCAP	6h	LINCSCP_289711
LINCSCP_85956	-0.2235593105	0.01834326366	111	Canertinib	LSM-1120	EGFR|ERBB2|ERBB4	10uM	BT20	24h	LINCSCP_85956
LINCSCP_256272	0.2235374325	0.01835497258	111	331771-20-1	LSM-1096	AURKA|AURKB	1uM	MDAMB231	6h	LINCSCP_256272
LINCSCP_67812	-0.2235221808	0.01836313898	111	Vorinostat	LSM-3828	HDAC1|HDAC2|HDAC3|HDAC6|HDAC8	10uM	NPC	24h	LINCSCP_67812
LINCSCP_38201	0.2235191969	0.01836473705	111	Fenbendazole	LSM-3134	TUBB	3uM	MCF7	24h	LINCSCP_38201
LINCSCP_111792	0.2235031515	0.01837333245	111	WYE 125132	LSM-1064	MTOR	0.04uM	HEPG2	24h	LINCSCP_111792
LINCSCP_125897	-0.2234990358	0.01837553776	111	AMSACRINE	LSM-45972	NA	3.33uM	HT29	24h	LINCSCP_125897
LINCSCP_169800	-0.2234955246	0.01837741935	111	R428	LSM-45574	NA	10uM	YAPC	24h	LINCSCP_169800
LINCSCP_22020	0.2234709424	0.01839059708	111	CHEMBL1270811	LSM-2573	NA	10uM	HEPG2	6h	LINCSCP_22020
LINCSCP_43126	-0.2234701083	0.01839104436	111	BRD-K41335306	LSM-44762	NA	10uM	NPC	24h	LINCSCP_43126
LINCSCP_111504	0.2234671314	0.01839264081	111	WH-4-025	LSM-44937	NA	0.04uM	HEPG2	24h	LINCSCP_111504
LINCSCP_45916	-0.2234638275	0.01839441268	111	AC1NCVYC	LSM-2836	NA	10uM	PC3	24h	LINCSCP_45916
LINCSCP_66403	-0.2233915506	0.01843321238	111	Vorinostat	LSM-3828	HDAC1|HDAC2|HDAC3|HDAC6|HDAC8	10uM	A375	6h	LINCSCP_66403
LINCSCP_106733	0.2233864172	0.01843597076	111	Methimazole	LSM-5646	TPO	0.04uM	HELA	24h	LINCSCP_106733
LINCSCP_2588	-0.2233816162	0.01843855086	111	Diloxanide Furoate	LSM-2223	NA	10uM	A375	6h	LINCSCP_2588
LINCSCP_39669	0.2233750231	0.01844209457	111	NVP-AEW541	LSM-44953	IGF1R	0.1uM	MDAMB231	6h	LINCSCP_39669
LINCSCP_13136	-0.223352301	0.01845431191	111	Rottlerin	LSM-42845	NA	10uM	FIBRNPC	24h	LINCSCP_13136
LINCSCP_56254	-0.2233368815	0.01846260673	111	Penfluridol	LSM-2334	NA	10uM	VCAP	24h	LINCSCP_56254
LINCSCP_232968	0.2233247891	0.01846911398	111	BRD-K81658952	LSM-13413	NA	10uM	HT29	24h	LINCSCP_232968
LINCSCP_182934	-0.2233002124	0.01848234554	111	BRD-K10812716-001-02-2	LSM-37832	NA	5uM	A375	24h	LINCSCP_182934
LINCSCP_139976	-0.2232868666	0.018489534	111	BIIB 021	LSM-5627	HSP90AA1	0.37uM	MCF7	24h	LINCSCP_139976
LINCSCP_25254	-0.2232844575	0.0184908319	111	4-Hydroxytamoxifen	LSM-42848	ESR1|ESR2	10uM	HT29	24h	LINCSCP_25254
LINCSCP_136294	0.2232727479	0.01849714146	111	Benzbromarone	LSM-2239	NA	1.11uM	MCF7	24h	LINCSCP_136294
LINCSCP_173671	0.2232641462	0.01850177757	111	Palovarotene	LSM-45512	RARG	1.11uM	YAPC	24h	LINCSCP_173671
LINCSCP_85134	-0.223250705	0.01850902404	111	NU-7441	LSM-1061	PRKDC	10uM	BT20	24h	LINCSCP_85134
LINCSCP_60229	-0.223228479	0.01852101193	111	CHEMBL2142658	LSM-7797	NA	5uM	VCAP	24h	LINCSCP_60229
LINCSCP_38148	0.2231990218	0.01853691045	111	SA-1457103	LSM-37876	NA	1uM	MCF7	24h	LINCSCP_38148
LINCSCP_138469	0.2231984534	0.01853721733	111	Colchicine	LSM-5199	TUBA1A|TUBA1B|TUBA1C|TUBA3E|TUBA4A|TUBB|TUBB1|TUBB2A|TUBB2B|TUBB3|TUBB4A|TUBB4B|TUBB6|TUBB8	3.33uM	MCF7	24h	LINCSCP_138469
LINCSCP_1382	0.2231935333	0.01853987397	111	KUC103868	LSM-2445	NA	10uM	A375	24h	LINCSCP_1382
LINCSCP_18532	0.2231922879	0.01854054649	111	Glipizide	LSM-2251	ABCC8|KCNJ11	10uM	HCC515	24h	LINCSCP_18532
LINCSCP_247770	0.2231582185	0.01855895211	111	BRD-K12511144	LSM-9175	NA	5uM	MCF7	24h	LINCSCP_247770
LINCSCP_42999	-0.2231505213	0.01856311262	111	BRD-K39597586	LSM-10833	NA	10uM	NPC	24h	LINCSCP_42999
LINCSCP_64763	-0.2231488223	0.01856403106	111	CHEMBL2362194	LSM-39079	NA	10uM	VCAP	6h	LINCSCP_64763
LINCSCP_48579	-0.2231422647	0.01856757638	111	BRD-K80169513	LSM-13321	NA	10uM	PC3	24h	LINCSCP_48579
LINCSCP_99567	0.2231106438	0.01858468014	111	PF477736	LSM-1112	CHEK1	0.37uM	HCC515	24h	LINCSCP_99567
LINCSCP_58288	0.2230941154	0.01859362575	111	Benactyzine	LSM-5908	NA	10uM	VCAP	6h	LINCSCP_58288
LINCSCP_29474	-0.2230816396	0.01860038048	111	CP466722	LSM-1009	ATM	10uM	MCF10A	24h	LINCSCP_29474
LINCSCP_100036	0.2230718398	0.01860568783	111	QL47	LSM-6019	BMX|BTK	0.12uM	HCC515	24h	LINCSCP_100036
LINCSCP_12161	-0.2230695033	0.01860695343	111	COT Inhibitor-2	LSM-1154	NA	0.1uM	BT20	24h	LINCSCP_12161
LINCSCP_67813	-0.2230611184	0.0186114958	111	Trichostatin A, Streptomyces Sp.	LSM-42814	HDAC1|HDAC10|HDAC3|HDAC4|HDAC6|HDAC7|HDAC8	10uM	NPC	6h	LINCSCP_67813
LINCSCP_18273	0.2230472792	0.01861899503	111	Clomethiazole	LSM-3110	GABRA1	10uM	HCC515	24h	LINCSCP_18273
LINCSCP_29827	0.2230463402	0.01861950394	111	GW843682X	LSM-1014	PLK1|PLK3	10uM	MCF10A	6h	LINCSCP_29827
LINCSCP_31648	0.2230423944	0.01862164265	111	Corticosterone	LSM-5814	HSD11B1|NR3C2	10uM	MCF7	24h	LINCSCP_31648
LINCSCP_34903	-0.2230272975	0.01862982738	111	BRD-K30934336	LSM-38962	NA	5uM	MCF7	24h	LINCSCP_34903
LINCSCP_125386	-0.2230217481	0.01863283674	111	IDOXURIDINE	LSM-45784	NA	10uM	HT29	24h	LINCSCP_125386
LINCSCP_14845	-0.2230052864	0.01864176621	111	Betamethasone 17,21-dipropionate	LSM-1725	NA	10uM	HA1E	6h	LINCSCP_14845
LINCSCP_63297	0.2230013053	0.01864392628	111	BRD-K62689646	LSM-12234	NA	5uM	VCAP	6h	LINCSCP_63297
LINCSCP_44243	0.2229910258	0.0186495047	111	Endecaphyllin X	LSM-3220	NA	10uM	PC3	24h	LINCSCP_44243
LINCSCP_16879	0.2229816152	0.0186546128	111	CHEMBL2135537	LSM-6149	NA	10uM	HA1E	6h	LINCSCP_16879
LINCSCP_116200	-0.2229735705	0.01865898049	111	Mitoxantrone	LSM-2481	TOP2A	3.33uM	HT29	24h	LINCSCP_116200
LINCSCP_16519	-0.2229611175	0.01866574332	111	Ispinesib	LSM-5732	KIF11	10uM	HA1E	6h	LINCSCP_16519
LINCSCP_286514	-0.2229463505	0.01867376554	111	MLS000709026	LSM-43139	RAD51	40uM	SNGM	6h	LINCSCP_286514
LINCSCP_53019	-0.2229273592	0.01868408699	111	TPCA-1	LSM-1136	IKBKB	10uM	SKLU1	6h	LINCSCP_53019
LINCSCP_14857	-0.2229117987	0.01869254751	111	Dexamethasone Acetate	LSM-1915	NR3C1	10uM	HA1E	6h	LINCSCP_14857
LINCSCP_91648	0.2229033679	0.01869713285	111	Anastrozole	LSM-5631	CYP19A1	10uM	HA1E	24h	LINCSCP_91648
LINCSCP_9492	0.222900876	0.01869848837	111	Tretinoin	LSM-42854	RARA|RARB|RARG|RORB	3uM	A549	24h	LINCSCP_9492
LINCSCP_42387	-0.2228875875	0.01870571813	111	Mocetinostat	LSM-5344	HDAC1|HDAC11|HDAC2|HDAC3|HDAC8	10uM	NPC	24h	LINCSCP_42387
LINCSCP_17935	-0.2228573545	0.01872217585	111	IKK Inhibitor VII	LSM-2309	IKBKB	10uM	HCC515	24h	LINCSCP_17935
LINCSCP_42944	-0.2228548022	0.01872356577	111	BRD-K03641022	LSM-37474	NA	10uM	NPC	24h	LINCSCP_42944
LINCSCP_4964	-0.2228462844	0.01872820512	111	AC1LWSL2	LSM-3096	NA	10uM	A549	24h	LINCSCP_4964
LINCSCP_5568	-0.2228407675	0.01873121045	111	SCHEMBL2557158	LSM-4121	NA	10uM	A549	6h	LINCSCP_5568
LINCSCP_46123	0.222832286	0.01873583164	111	Methyltestosterone	LSM-5902	AR	10uM	PC3	24h	LINCSCP_46123
LINCSCP_169488	-0.2228074431	0.01874937302	111	Fenticonazole Nitrate	LSM-45431	NA	10uM	YAPC	24h	LINCSCP_169488
LINCSCP_57601	0.222803803	0.01875135786	111	Triazolothiadiazine, 31	LSM-1514	NA	10uM	VCAP	6h	LINCSCP_57601
LINCSCP_32549	0.2227842006	0.01876204971	111	Nilotinib	LSM-1099	ABL1|BCR|KIT	10uM	MCF7	24h	LINCSCP_32549
LINCSCP_1186	0.2227588002	0.01877591179	111	Propentofylline	LSM-3315	PDE1A	10uM	A375	24h	LINCSCP_1186
LINCSCP_67308	-0.2227410308	0.01878561452	111	13-Hydroxy-8,14,19-trimethoxy-4,10,12,16-tetramethyl-3,20,22-trioxo-2-azabicyclo[16.3.1]docosa-1(21),4,6,10,18-pentaen-9-yl carbamate	LSM-42815	HSP90AA1	10uM	MCF7	6h	LINCSCP_67308
LINCSCP_90865	0.2227299578	0.01879166301	111	Ridaforolimus (Deforolimus, MK-8669)	LSM-45997	MTOR	0.04uM	HA1E	24h	LINCSCP_90865
LINCSCP_156004	0.2227107246	0.01880217285	111	BRD-K00248354	LSM-45928	NA	0.37uM	PC3	24h	LINCSCP_156004
LINCSCP_109439	-0.2227047356	0.01880544654	111	IMD-0354	LSM-3667	IKBKB	1.11uM	HELA	24h	LINCSCP_109439
LINCSCP_271989	0.2226818741	0.01881794749	111	Fluconazole	LSM-2106	CYP51A1	10uM	PC3	24h	LINCSCP_271989
LINCSCP_58894	-0.2226750977	0.01882165432	111	Canertinib	LSM-1120	EGFR|ERBB2|ERBB4	10uM	VCAP	24h	LINCSCP_58894
LINCSCP_94186	0.2226605041	0.0188296394	111	Cariprazine	LSM-45253	DRD2|DRD3	0.04uM	HA1E	24h	LINCSCP_94186
LINCSCP_59182	0.2226481179	0.01883641895	111	CHEMBL2141431	LSM-6089	NA	10uM	VCAP	24h	LINCSCP_59182
LINCSCP_80502	-0.2226285655	0.0188471252	111	Ranolazine	LSM-1952	SCN4A|SCN5A|SCN9A	10uM	A375	24h	LINCSCP_80502
LINCSCP_30418	-0.2226261793	0.01884843217	111	Itrazole	LSM-5032	NA	10uM	MCF7	24h	LINCSCP_30418
LINCSCP_36008	0.2226211522	0.01885118587	111	Omacetaxine Mepesuccinate	LSM-3716	NA	0.5uM	MCF7	24h	LINCSCP_36008
LINCSCP_12398	-0.2226184878	0.01885264548	111	Trichostatin A, Streptomyces Sp.	LSM-42814	HDAC1|HDAC10|HDAC3|HDAC4|HDAC6|HDAC7|HDAC8	1uM	CD34	6h	LINCSCP_12398
LINCSCP_124240	0.2226141357	0.01885502985	111	PHA-793887	LSM-1073	CDK1|CDK10|CDK11B|CDK12|CDK13|CDK14|CDK15|CDK16|CDK17|CDK18|CDK19|CDK2|CDK20|CDK3|CDK4|CDK5|CDK6|CDK7|CDK8|CDK9	0.04uM	HT29	24h	LINCSCP_124240
LINCSCP_173665	0.2226126012	0.01885587061	111	NMS-1286937	LSM-45818	NA	1.11uM	YAPC	24h	LINCSCP_173665
LINCSCP_156733	0.2225933701	0.01886641026	111	CI-218872	LSM-1991	GABRA1	3.33uM	PC3	24h	LINCSCP_156733
LINCSCP_15756	-0.222587411	0.01886967723	111	MLS002703118	LSM-2728	NA	10uM	HA1E	24h	LINCSCP_15756
LINCSCP_42280	-0.2225851192	0.01887093376	111	Pimelic diphenylamide 106	LSM-4808	NA	10uM	NPC	24h	LINCSCP_42280
LINCSCP_176323	-0.2225768882	0.01887544728	111	Netupitant	LSM-45459	TACR1	10uM	YAPC	24h	LINCSCP_176323
LINCSCP_59928	-0.222565112	0.01888190642	111	BRD-K82004360	LSM-41749	NA	5uM	VCAP	24h	LINCSCP_59928
LINCSCP_5689	0.2225403827	0.01889547645	111	Argatroban	LSM-5061	F2	10uM	A549	24h	LINCSCP_5689
LINCSCP_255551	0.2225354861	0.01889816445	111	Flutamide	LSM-2621	AR	0.01uM	MCF7	6h	LINCSCP_255551
LINCSCP_36007	0.2225184358	0.01890752673	111	Omacetaxine Mepesuccinate	LSM-3716	NA	0.1uM	MCF7	24h	LINCSCP_36007
LINCSCP_44846	-0.222517238	0.01890818459	111	BRD-A69951442-001-01-3	LSM-4466	NR3C1	10uM	PC3	24h	LINCSCP_44846
LINCSCP_204393	0.2225013652	0.01891690413	111	E4031	LSM-2928	KCNH2	10uM	ASC	24h	LINCSCP_204393
LINCSCP_13992	-0.2224912699	0.0189224517	111	Niguldipine	LSM-1688	ADRA1A|CACNA1C	10uM	HA1E	24h	LINCSCP_13992
LINCSCP_44893	-0.2224839003	0.01892650236	111	FGIN1-27	LSM-2201	TSPO	10uM	PC3	24h	LINCSCP_44893
LINCSCP_143133	0.222455441	0.01894215171	111	Sirolimus	LSM-42783	FKBP1A|MTOR	0.12uM	MCF7	24h	LINCSCP_143133
LINCSCP_37405	0.2224532688	0.01894334662	111	BRD-K98339888	LSM-15084	NA	1uM	MCF7	6h	LINCSCP_37405
LINCSCP_53738	-0.2224400555	0.01895061665	111	Parthenolide	LSM-43090	NA	10uM	SNU1040	6h	LINCSCP_53738
LINCSCP_30654	-0.2224053962	0.0189696977	111	CL-976	LSM-6282	ACAT1	80uM	MCF7	24h	LINCSCP_30654
LINCSCP_55525	-0.2223990155	0.01897321232	111	CAY10603	LSM-4941	HDAC6	10uM	U937	6h	LINCSCP_55525
LINCSCP_49355	-0.2223876081	0.01897949711	111	BG-51	LSM-45301	HDAC3	0.1uM	PC3	6h	LINCSCP_49355
LINCSCP_20956	0.2223847127	0.01898109254	111	AT-9283	LSM-37023	ABL1|AURKA|AURKB|FLT3|JAK2|JAK3	0.12uM	HCC515	24h	LINCSCP_20956
LINCSCP_10586	0.2223842922	0.01898132426	111	ABT737	LSM-1180	BCL2|BCL2L1|BCL2L2	10uM	AGS	6h	LINCSCP_10586
LINCSCP_261327	0.2223817292	0.01898273672	111	BRD-K95985487-001-01-3	LSM-36800	NA	0.01uM	NOMO1	6h	LINCSCP_261327
LINCSCP_27557	0.2223683012	0.0189901381	111	BRD-K60703313	LSM-12097	NA	5uM	HT29	24h	LINCSCP_27557
LINCSCP_75566	-0.2223443018	0.01900337253	111	LY451395	LSM-45718	GRIA1|GRIA2|GRIA3|GRIA4	10uM	A375	24h	LINCSCP_75566
LINCSCP_160406	-0.2223372888	0.01900724136	111	BAY 87-2243	LSM-45786	NA	10uM	PC3	24h	LINCSCP_160406
LINCSCP_96912	0.2223165647	0.01901867804	111	Phorbol Myristate Acetate	LSM-25630	NA	2.7uM	HA1E	24h	LINCSCP_96912
LINCSCP_33784	-0.2222968085	0.01902958611	111	ICI-199,441	LSM-3643	OPRK1	10uM	MCF7	6h	LINCSCP_33784
LINCSCP_15219	0.2222945503	0.01903083333	111	Rosiglitazone	LSM-1949	PPARG	80uM	HA1E	24h	LINCSCP_15219
LINCSCP_49285	-0.2222918763	0.01903231022	111	Apatinib Hydrochloride	LSM-4810	HDAC1|HDAC10|HDAC11|HDAC2|HDAC3|HDAC4|HDAC5|HDAC6|HDAC7|HDAC8|HDAC9	0.5uM	PC3	6h	LINCSCP_49285
LINCSCP_187520	-0.222261688	0.01904899068	111	MLN-8054	LSM-1066	AURKA	10uM	A375	6h	LINCSCP_187520
LINCSCP_49406	-0.2222553359	0.0190525021	111	STK721917	LSM-36809	NA	10uM	PC3	24h	LINCSCP_49406
LINCSCP_66691	-0.2222152581	0.01907467003	111	LY-294002	LSM-2597	MTOR|PIK3CA|PIK3CB|PIK3CD|PIK3CG|PLK1|PRKDC	0.5uM	A549	24h	LINCSCP_66691
LINCSCP_207373	-0.2222134282	0.01907568269	111	N-Methyltyramine	LSM-37200	NA	10uM	FIBRNPC	6h	LINCSCP_207373
LINCSCP_165065	0.2222106228	0.01907723536	111	NVP-BHG712	LSM-1201	NA	0.04uM	SKL.C	24h	LINCSCP_165065
LINCSCP_249857	0.2222043478	0.01908070859	111	BRD-K77888550	LSM-13191	NA	10uM	MCF7	24h	LINCSCP_249857
LINCSCP_244219	0.222197725	0.01908437493	111	Xylazine	LSM-2477	NA	10uM	MCF7	6h	LINCSCP_244219
LINCSCP_57186	-0.222196776	0.01908490036	111	10-DEBC	LSM-4710	PIM1	20uM	VCAP	6h	LINCSCP_57186
LINCSCP_5603	-0.2221744631	0.01909725746	111	SR-02000000240	LSM-3680	NA	10uM	A549	24h	LINCSCP_5603
LINCSCP_35042	-0.2221585093	0.01910609703	111	BRD-K69261014	LSM-41040	NA	5uM	MCF7	24h	LINCSCP_35042
LINCSCP_72767	-0.2221551673	0.01910794919	111	BECLOMETHASONE DIPROPIONATE	LSM-45855	NA	0.37uM	A375	24h	LINCSCP_72767
LINCSCP_871	-0.222154187	0.01910849253	111	CYTO7H11	LSM-4351	BAX	10uM	A375	6h	LINCSCP_871
LINCSCP_33010	-0.2221494718	0.01911110604	111	CHEMBL364005	LSM-3051	HTR6	10uM	MCF7	6h	LINCSCP_33010
LINCSCP_47769	0.2221188789	0.01912807048	111	2-Cyano-3-(3,4-dihydroxy-5-nitrophenyl)-n,n-diethylprop-2-enamide	LSM-5898	COMT	10uM	PC3	6h	LINCSCP_47769
LINCSCP_154526	0.2221151751	0.01913012521	111	SPECTRUM_001048	LSM-1367	ESR1|ESR2|NR1I2	1.11uM	PC3	24h	LINCSCP_154526
LINCSCP_119362	0.2221000604	0.01913851217	111	Danusertib	LSM-5253	AURKA|AURKB|AURKC|FGFR1|NTRK1|RET	1.11uM	HT29	24h	LINCSCP_119362
LINCSCP_11371	0.2220972358	0.01914007987	111	AC1NWALX	LSM-1410	RPS2	10uM	ASC	24h	LINCSCP_11371
LINCSCP_64300	-0.2220922837	0.01914282865	111	SA-424763	LSM-40551	NA	5uM	VCAP	24h	LINCSCP_64300
LINCSCP_9295	0.222090431	0.0191438571	111	Ingenol 3,20-dibenzoate	LSM-4445	PRKCD|PRKCE	0.01uM	A549	6h	LINCSCP_9295
LINCSCP_44343	0.2220704877	0.01915493098	111	SCHEMBL14177979	LSM-1672	TUBB	10uM	PC3	24h	LINCSCP_44343
LINCSCP_31605	0.2220467397	0.01916812465	111	E4031	LSM-2928	KCNH2	10uM	MCF7	24h	LINCSCP_31605
LINCSCP_83848	0.2220313039	0.01917670451	111	CHEMBL1950303	LSM-1058	NA	10uM	ASC.C	24h	LINCSCP_83848
LINCSCP_99018	0.2220276977	0.01917870951	111	GSK-461364	LSM-1013	PLK1	0.12uM	HA1E	24h	LINCSCP_99018
LINCSCP_12132	0.2220189716	0.01918356173	111	OSI-930	LSM-1179	FLT1|FLT4|KDR|KIT	1uM	BT20	24h	LINCSCP_12132
LINCSCP_84263	0.2220185568	0.01918379242	111	BRD-A25736793	LSM-43054	MTOR	3.33uM	ASC	24h	LINCSCP_84263
LINCSCP_66539	-0.2220094745	0.01918884388	111	13-Hydroxy-8,14,19-trimethoxy-4,10,12,16-tetramethyl-3,20,22-trioxo-2-azabicyclo[16.3.1]docosa-1(21),4,6,10,18-pentaen-9-yl carbamate	LSM-42815	HSP90AA1	10uM	A549	6h	LINCSCP_66539
LINCSCP_19365	-0.2219947455	0.01919703846	111	SCHEMBL14379041	LSM-43082	PPARG	10uM	HCC515	24h	LINCSCP_19365
LINCSCP_52252	0.2219938144	0.01919755655	111	BRD-K53592093-001-01-3	LSM-6128	NA	10uM	SKB	24h	LINCSCP_52252
LINCSCP_214224	-0.2219917788	0.01919868934	111	Parthenolide	LSM-43090	NA	10uM	HCC515	6h	LINCSCP_214224
LINCSCP_41359	-0.2219655189	0.01921330773	111	BML 210	LSM-37001	NA	10uM	NEU	24h	LINCSCP_41359
LINCSCP_156047	0.2219655109	0.01921331222	111	Acivicin	LSM-45583	NA	0.14uM	PC3	24h	LINCSCP_156047
LINCSCP_147801	0.2219545795	0.01921940034	111	ABT737	LSM-1180	BCL2|BCL2L1|BCL2L2	1.11uM	NPC.CAS9	24h	LINCSCP_147801
LINCSCP_37497	0.2219360116	0.01922974534	111	SA-84902	LSM-42377	NA	1uM	MCF7	24h	LINCSCP_37497
LINCSCP_11290	0.2219335514	0.01923111643	111	Denbufylline	LSM-2837	NA	10uM	ASC	24h	LINCSCP_11290
LINCSCP_132693	0.2219306981	0.01923270666	111	C24H25CLFN5O3	LSM-42794	EGFR|ERBB2|ERBB4	0.12uM	MCF7	24h	LINCSCP_132693
LINCSCP_236862	0.2219301459	0.01923301443	111	MLS000048987	LSM-3185	NA	10uM	MCF7	24h	LINCSCP_236862
LINCSCP_139718	-0.2219285912	0.01923388093	111	Dexfenfluramine	LSM-5685	SLC6A4	1.11uM	MCF7	24h	LINCSCP_139718
LINCSCP_909	0.2219229233	0.01923704037	111	Parbendazole	LSM-4893	TUBB	0.5uM	A375	6h	LINCSCP_909
LINCSCP_62609	-0.2219063998	0.01924625336	111	BRD-K02089646	LSM-8561	NA	5uM	VCAP	24h	LINCSCP_62609
LINCSCP_57128	-0.2218976823	0.01925111553	111	NVP-AUY922	LSM-1162	HSP90AA1|HSP90AB1	10uM	VCAP	6h	LINCSCP_57128
LINCSCP_5140	-0.2218612529	0.01927144545	111	MLS001065857	LSM-3390	NA	10uM	A549	6h	LINCSCP_5140
LINCSCP_204384	0.2218578989	0.01927331811	111	Isoflupredone Acetate	LSM-2641	NR3C1	10uM	ASC	24h	LINCSCP_204384
LINCSCP_165606	0.2218552924	0.01927477351	111	Veliparib	LSM-1146	PARP1|PARP2	0.37uM	SKL	24h	LINCSCP_165606
LINCSCP_164667	0.2218522716	0.0192764604	111	GSK J4	LSM-6328	NA	0.37uM	SKL.C	24h	LINCSCP_164667
LINCSCP_24350	0.2218518067	0.01927672002	111	AZD-1152-HQPA	LSM-1067	AURKA|AURKB	0.1uM	HS578T	24h	LINCSCP_24350
LINCSCP_69386	-0.2218232347	0.01929268168	111	BI-2536	LSM-1041	PLK1	10uM	A375	24h	LINCSCP_69386
LINCSCP_27019	-0.2218230746	0.01929277116	111	282089-49-0	LSM-3400	CNR2	10uM	HT29	6h	LINCSCP_27019
LINCSCP_154686	0.2218184245	0.01929536998	111	Medetomidine	LSM-1722	NA	3.33uM	PC3	24h	LINCSCP_154686
LINCSCP_85247	0.2217887464	0.01931196362	111	Buparlisib	LSM-1148	PIK3CA|PIK3CB|PIK3CD|PIK3CG|PIK3R1|PIK3R2|PIK3R3|PIK3R5	0.04uM	BT20	24h	LINCSCP_85247
LINCSCP_16683	-0.2217862162	0.01931337891	111	CHEMBL1673039	LSM-1093	LRRK2|MAPK7	10uM	HA1E	6h	LINCSCP_16683
LINCSCP_30998	-0.221761528	0.01932719284	111	MLS002474581	LSM-3621	NA	10uM	MCF7	24h	LINCSCP_30998
LINCSCP_97935	0.2217559541	0.0193303128	111	Honokiol	LSM-6013	NA	0.04uM	HA1E	24h	LINCSCP_97935
LINCSCP_77019	-0.2217542412	0.01933127167	111	Andrographolide	LSM-45595	NA	3.33uM	A375	24h	LINCSCP_77019
LINCSCP_34218	0.221726847	0.01934661246	111	Dapsone	LSM-5714	DHFR	10uM	MCF7	6h	LINCSCP_34218
LINCSCP_24824	0.221726431	0.01934684547	111	Nilotinib	LSM-1099	ABL1|BCR|KIT	0.5uM	HS578T	24h	LINCSCP_24824
LINCSCP_24094	0.2217067391	0.01935787956	111	Nilotinib	LSM-1099	ABL1|BCR|KIT	1.11uM	HEPG2	24h	LINCSCP_24094
LINCSCP_150392	0.2216783637	0.01937378883	111	CHEMBL1950303	LSM-1058	NA	0.04uM	NPC.TAK	24h	LINCSCP_150392
LINCSCP_36801	-0.2216652027	0.01938117169	111	EX-8678	LSM-1147	NA	0.5uM	MCF7	24h	LINCSCP_36801
LINCSCP_51100	-0.2216432369	0.01939349903	111	Fedratinib	LSM-1142	FLT3|JAK2	10uM	RMUGS	6h	LINCSCP_51100
LINCSCP_33529	0.2216293924	0.01940127221	111	ZK-93426	LSM-3530	GABRA1	10uM	MCF7	6h	LINCSCP_33529
LINCSCP_81273	0.2216190108	0.0194071028	111	BX 912	LSM-1055	PDK1|PDPK1	0.04uM	A549	24h	LINCSCP_81273
LINCSCP_174	0.2216166449	0.01940843178	111	Phensuximide	LSM-1359	CACNA1G|CACNA1H|CACNA1I	10uM	A375	24h	LINCSCP_174
LINCSCP_44553	0.2215828036	0.01942744959	111	Primidone	LSM-2700	GABRA1|GABRA2|GABRA3|GABRA4|GABRA5|GABRA6|GABRB1|GABRB2|GABRB3|GABRD|GABRE|GABRG1|GABRG2|GABRG3|GABRP|GABRQ|SCN10A|SCN11A|SCN1A|SCN2A|SCN3A|SCN4A|SCN5A|SCN7A|SCN8A|SCN9A	10uM	PC3	24h	LINCSCP_44553
LINCSCP_15129	-0.221580893	0.01942852378	111	GF-109203	LSM-2677	PRKCA	10uM	HA1E	6h	LINCSCP_15129
LINCSCP_68542	-0.2215747041	0.01943200369	111	Olaparib	LSM-1145	PARP1|PARP2|PARP3	10uM	VCAP	24h	LINCSCP_68542
LINCSCP_73088	-0.2215650654	0.01943742438	111	ITRACONAZOLE HYDROCHLORIDE	LSM-45773	NA	3.33uM	A375	24h	LINCSCP_73088
LINCSCP_18064	-0.221536459	0.01945351998	111	Y-134	LSM-4127	ESR1|ESR2	10uM	HCC515	24h	LINCSCP_18064
LINCSCP_64751	0.2215192565	0.01946320463	111	CHEMBL3185697	LSM-38297	NA	10uM	VCAP	6h	LINCSCP_64751
LINCSCP_188108	-0.2215100918	0.01946836586	111	Sirolimus	LSM-42783	FKBP1A|MTOR	10uM	A549	6h	LINCSCP_188108
LINCSCP_29438	0.2215012853	0.0194733265	111	NU-7441	LSM-1061	PRKDC	0.1uM	MCF10A	24h	LINCSCP_29438
LINCSCP_147847	-0.2214998263	0.01947414843	111	Vorinostat	LSM-3828	HDAC1|HDAC2|HDAC3|HDAC6|HDAC8	10uM	NPC.CAS9	24h	LINCSCP_147847
LINCSCP_2137	-0.221496707	0.01947590585	111	Belinostat	LSM-43181	HDAC1|HDAC10|HDAC11|HDAC2|HDAC3|HDAC4|HDAC5|HDAC6|HDAC7|HDAC8|HDAC9	10uM	A375	6h	LINCSCP_2137
LINCSCP_190217	-0.2214633594	0.01949470222	111	Megestrol Acetate	LSM-2441	PGR	10uM	A549	6h	LINCSCP_190217
LINCSCP_46664	0.2214606085	0.01949625348	111	AC1OAATK	LSM-4772	NA	10uM	PC3	6h	LINCSCP_46664
LINCSCP_59210	0.2214563027	0.01949868173	111	MLS002474103	LSM-6109	NA	10uM	VCAP	24h	LINCSCP_59210
LINCSCP_54093	0.2214239006	0.01951696339	111	Ingenol 3,20-dibenzoate	LSM-4445	PRKCD|PRKCE	10uM	SW620	6h	LINCSCP_54093
LINCSCP_112163	-0.2214028	0.01952887653	111	FR-180204	LSM-42790	MAPK1|MAPK3	10uM	HEPG2	24h	LINCSCP_112163
LINCSCP_67810	-0.2213835498	0.01953975043	111	Trichostatin A, Streptomyces Sp.	LSM-42814	HDAC1|HDAC10|HDAC3|HDAC4|HDAC6|HDAC7|HDAC8	10uM	NPC	24h	LINCSCP_67810
LINCSCP_292814	0.2213744967	0.01954486609	111	VU0366037-2	LSM-2878	GRM4	10uM	VCAP	24h	LINCSCP_292814
LINCSCP_78496	-0.2213688423	0.01954806182	111	PF-04457845	LSM-45946	NA	10uM	A375	24h	LINCSCP_78496
LINCSCP_23157	-0.2213300167	0.01957001718	111	MLS001203652	LSM-43117	NA	10uM	HEPG2	6h	LINCSCP_23157
LINCSCP_9695	0.2213227648	0.01957412041	111	Narciclasine	LSM-4934	RHOA	1uM	A549	24h	LINCSCP_9695
LINCSCP_151110	0.2213055878	0.01958384236	111	Alvocidib	LSM-1011	CDK1|CDK2|CDK4|CDK5|CDK6|CDK7|CDK8|CDK9|EGFR|PYGM	0.04uM	PC3	24h	LINCSCP_151110
LINCSCP_14114	0.22130146	0.0195861792	111	448906-42-1	LSM-3345	AHR	10uM	HA1E	24h	LINCSCP_14114
LINCSCP_176290	-0.2212611154	0.01960903231	111	Deferasirox	LSM-45297	NA	0.37uM	YAPC	24h	LINCSCP_176290
LINCSCP_284671	0.2212603331	0.0196094757	111	NCGC00018102-06	LSM-2250	CACNA1G|CACNA1H	10uM	SKB	24h	LINCSCP_284671
LINCSCP_47449	-0.221256184	0.0196118273	111	Chlormezanone	LSM-4356	GABRA1	10uM	PC3	24h	LINCSCP_47449
LINCSCP_19350	-0.2212439903	0.01961873978	111	Cerulenin	LSM-43210	FASN	40uM	HCC515	24h	LINCSCP_19350
LINCSCP_238363	-0.2212414341	0.01962018909	111	59826-53-8	LSM-3066	NA	10uM	MCF7	24h	LINCSCP_238363
LINCSCP_18313	0.221230989	0.01962611235	111	Cephaeline	LSM-3808	NA	10uM	HCC515	24h	LINCSCP_18313
LINCSCP_2914	0.2212294661	0.01962697607	111	AC1L29BH	LSM-4722	NA	10uM	A375	6h	LINCSCP_2914
LINCSCP_72769	-0.2212183315	0.01963329228	111	BECLOMETHASONE DIPROPIONATE	LSM-45855	NA	0.04uM	A375	24h	LINCSCP_72769
LINCSCP_176241	-0.2212140369	0.01963572891	111	Dihydroorotate Dehydrogenase Inhibitor, Brequinar	LSM-45952	NA	1.11uM	YAPC	24h	LINCSCP_176241
LINCSCP_111425	0.2212028183	0.01964209518	111	Apitolisib (gdc-0980, rg7422)	LSM-4257	PIK3CA|PIK3CB|PIK3CD|PIK3CG|MTOR	0.12uM	HEPG2	24h	LINCSCP_111425
LINCSCP_11887	-0.221185593	0.01965187356	111	CI-1040	LSM-1048	MAP2K1|MAP2K2	0.1uM	BT20	6h	LINCSCP_11887
LINCSCP_53582	-0.2211672267	0.01966230432	111	Tivozanib	LSM-1005	FLT1|FLT4|KDR|KIT|PDGFRA|PDGFRB	10uM	SNGM	6h	LINCSCP_53582
LINCSCP_97149	0.2211586314	0.01966718746	111	Glycopyrrolate	LSM-5163	CHRM1|CHRM2|CHRM3	0.12uM	HA1E	24h	LINCSCP_97149
LINCSCP_30664	0.2211329264	0.01968179724	111	ABT-751	LSM-6285	NA	10uM	MCF7	24h	LINCSCP_30664
LINCSCP_272427	-0.2211253516	0.01968610421	111	Practolol	LSM-1531	ADRB1	10uM	PC3	24h	LINCSCP_272427
LINCSCP_128291	0.2210951514	0.01970328406	111	BS-181	LSM-6305	NA	3.33uM	HUES3	24h	LINCSCP_128291
LINCSCP_20933	0.2210698652	0.01971767839	111	SCHEMBL16980377	LSM-6821	NA	3.33uM	HCC515	24h	LINCSCP_20933
LINCSCP_158902	0.2210598589	0.01972337703	111	Epinephrine HCl	LSM-45900	ADRA1A|ADRA1B|ADRA1D|ADRA2A|ADRA2B|ADRA2C|ADRB1|ADRB2|ADRB3	3.33uM	PC3	24h	LINCSCP_158902
LINCSCP_105430	0.2210321362	0.01973917272	111	Roquinimex	LSM-2046	NA	3.33uM	HELA	24h	LINCSCP_105430
LINCSCP_30012	0.2210028005	0.01975589927	111	BMS-387032	LSM-1132	CDK2|CDK7|CDK9	0.5uM	MCF10A	6h	LINCSCP_30012
LINCSCP_161480	0.2209993417	0.01975787222	111	cortisone-acetate	LSM-45387	TUBA1A|TUBA1B|TUBA1C|TUBA3E|TUBA4A|TUBB|TUBB1|TUBB2A|TUBB2B|TUBB3|TUBB4A|TUBB4B|TUBB6|TUBB8	10uM	PC3	24h	LINCSCP_161480
LINCSCP_74279	-0.2209946596	0.01976054318	111	TG 100801	LSM-45980	BLK|EPHB4|FGFR1|FGFR2|FGR|FLT1|FRK|FYN|HCK|KDR|LCK|LYN|PDGFRB|SRC|SRMS|YES1	10uM	A375	24h	LINCSCP_74279
LINCSCP_45909	0.220986354	0.01976528206	111	Cyproheptadine	LSM-5419	HRH1	10uM	PC3	24h	LINCSCP_45909
LINCSCP_42899	-0.2209840989	0.01976656889	111	Sulfisoxazole	LSM-3120	NA	10uM	NPC	24h	LINCSCP_42899
LINCSCP_62153	-0.2209649107	0.01977752127	111	BRD-K44547539	LSM-11138	NA	5uM	VCAP	24h	LINCSCP_62153
LINCSCP_14261	-0.2209632137	0.01977849018	111	W13	LSM-2991	CALM1|MYLK|PDE1A	10uM	HA1E	6h	LINCSCP_14261
LINCSCP_99678	0.2209632013	0.01977849723	111	Linsitinib	LSM-1135	IGF1R|INSR	10uM	HCC515	24h	LINCSCP_99678
LINCSCP_74813	-0.2209594468	0.01978064099	111	Minoxidil	LSM-2134	ABCC9|KCNJ11|KCNJ8	3.33uM	A375	24h	LINCSCP_74813
LINCSCP_129156	-0.2209540478	0.01978372398	111	SB-203580	LSM-1168	MAPK1|MAPK11|MAPK14	3.33uM	HUVEC	24h	LINCSCP_129156
LINCSCP_279832	0.2209518809	0.01978496154	111	Broad-Sai-595	LSM-45345	NA	0.1uM	PC3	6h	LINCSCP_279832
LINCSCP_25015	0.2209499246	0.01978607879	111	SCHEMBL6851809	LSM-43061	MTOR	10uM	HT115	6h	LINCSCP_25015
LINCSCP_50901	0.2209455771	0.01978856197	111	Evodiamine	LSM-6483	TRPV1	10uM	RMGI	6h	LINCSCP_50901
LINCSCP_14904	0.2209311901	0.01979678125	111	Ethamivan	LSM-2846	NA	10uM	HA1E	6h	LINCSCP_14904
LINCSCP_77905	0.2209272953	0.01979900686	111	OSI-906 (Linsitinib)	LSM-45278	IGF1R|INSR	0.37uM	A375	24h	LINCSCP_77905
LINCSCP_294419	0.2209113793	0.01980810396	111	3-Chloro-n-{3-[(furan-2-ylmethyl)carbamoyl]-5,6-dihydro-4H-cyclopenta[b]thiophen-2-yl}-1-benzothiophene-2-carboxamide	LSM-4726	NA	10uM	VCAP	24h	LINCSCP_294419
LINCSCP_137196	-0.2209045439	0.019812012	111	Amodiaquine	LSM-4042	HNMT	10uM	MCF7	24h	LINCSCP_137196
LINCSCP_299797	-0.220896287	0.01981673359	111	BRD-K11156132	LSM-9110	NA	5uM	VCAP	24h	LINCSCP_299797
LINCSCP_263230	0.220858021	0.0198386283	111	BRD-K51329831	LSM-40100	NA	10uM	NPC	24h	LINCSCP_263230
LINCSCP_21775	-0.2208352247	0.01985168156	111	MLS000106215	LSM-4009	NA	100uM	HEPG2	6h	LINCSCP_21775
LINCSCP_143081	-0.2208328417	0.01985304645	111	CEFOTETAN	LSM-45671	NA	10uM	MCF7	24h	LINCSCP_143081
LINCSCP_13755	0.2208191134	0.01986091138	111	Luzindole	LSM-3490	MTNR1B	10uM	HA1E	24h	LINCSCP_13755
LINCSCP_32362	-0.2208187038	0.01986114608	111	Afatinib	LSM-43226	EGFR|ERBB2|ERBB4	10uM	MCF7	6h	LINCSCP_32362
LINCSCP_52217	0.2208110606	0.01986552606	111	SAN1_014122	LSM-36657	NA	10uM	SKB	24h	LINCSCP_52217
LINCSCP_21650	-0.220810462	0.01986586915	111	Fedratinib	LSM-1142	FLT3|JAK2	10uM	HEPG2	6h	LINCSCP_21650
LINCSCP_263469	-0.220786667	0.01987951056	111	Tyramine O-Sulfate	LSM-37105	NA	10uM	NPC	24h	LINCSCP_263469
LINCSCP_170950	-0.2207835862	0.0198812773	111	Dexniguldipine	LSM-15285	NA	10uM	YAPC	24h	LINCSCP_170950
LINCSCP_162825	-0.2207642411	0.01989237446	111	Vemurafenib	LSM-1068	BRAF	3.33uM	SKBR3	24h	LINCSCP_162825
LINCSCP_625	0.220761028	0.0198942181	111	3-Chloro-l-alanine	LSM-6205	RPS2	0.5uM	A375	24h	LINCSCP_625
LINCSCP_21582	-0.2207542543	0.01989810533	111	6-(7-Hydroxy-6,7-dihydro-5H-pyrrolo[1,2-c]imidazol-7-yl)-n-methyl-2-naphthamide	LSM-6184	CYP17A1	40uM	HEPG2	6h	LINCSCP_21582
LINCSCP_54252	-0.2207392445	0.01990672138	111	AC1M52QF	LSM-43140	NA	10uM	SW620	6h	LINCSCP_54252
LINCSCP_476	-0.2207232862	0.01991588538	111	Gemfibrozil	LSM-2227	CYP2C8|LPL|PPARA	10uM	A375	6h	LINCSCP_476
LINCSCP_117283	0.2207125885	0.01992203055	111	N-[4-Chloro-3-(trifluoromethyl)phenyl]-2-ethoxybenzamide	LSM-6321	NA	1.11uM	HT29	24h	LINCSCP_117283
LINCSCP_562	-0.2207109894	0.01992294926	111	6-(7-Hydroxy-6,7-dihydro-5H-pyrrolo[1,2-c]imidazol-7-yl)-n-methyl-2-naphthamide	LSM-6184	CYP17A1	40uM	A375	24h	LINCSCP_562
LINCSCP_34153	-0.2207056968	0.01992599026	111	BRD-K81514393	LSM-41722	NA	10uM	MCF7	24h	LINCSCP_34153
LINCSCP_120517	0.2206984533	0.01993015284	111	Trimethobenzamide	LSM-2750	DRD2	1.11uM	HT29	24h	LINCSCP_120517
LINCSCP_38058	0.2206916798	0.01993404597	111	BRD-K46666779	LSM-15075	NA	3uM	MCF7	6h	LINCSCP_38058
LINCSCP_54989	-0.2206890147	0.01993557796	111	Tyrphostin AG-1478	LSM-1224	EGFR	60uM	THP1	6h	LINCSCP_54989
LINCSCP_39881	-0.220657468	0.01995371965	111	CAY10603	LSM-4941	HDAC6	10uM	NCIH1694	6h	LINCSCP_39881
LINCSCP_44313	-0.2206487148	0.01995875593	111	PP 1	LSM-3047	NA	10uM	PC3	6h	LINCSCP_44313
LINCSCP_65036	0.2206434555	0.01996178245	111	BRD-K46503544-001-01-5	LSM-5572	TOP2A|TOP2B	1uM	VCAP	6h	LINCSCP_65036
LINCSCP_36489	-0.2206126371	0.01997952524	111	MLS002232309	LSM-5577	NA	0.1uM	MCF7	24h	LINCSCP_36489
LINCSCP_309834	0.2206034241	0.01998483202	111	BRD-A15501135	LSM-45357	NA	10uM	VCAP	6h	LINCSCP_309834
LINCSCP_63506	-0.2206013847	0.01998600685	111	BRD-K58033375	LSM-11933	NA	5uM	VCAP	24h	LINCSCP_63506
LINCSCP_127396	0.2206013019	0.01998605455	111	Indapamide	LSM-1936	KCNQ1|SLC12A3	10uM	HT29	24h	LINCSCP_127396
LINCSCP_66808	-0.2205965194	0.01998880991	111	Vorinostat	LSM-3828	HDAC1|HDAC2|HDAC3|HDAC6|HDAC8	10uM	HA1E	6h	LINCSCP_66808
LINCSCP_4467	-0.2205692141	0.02000454776	111	Olaparib	LSM-1145	PARP1|PARP2|PARP3	40uM	A549	24h	LINCSCP_4467
LINCSCP_33455	-0.2205508239	0.02001515325	111	Amoxapine	LSM-2021	DRD1|DRD2|DRD3|DRD4|DRD5|HTR2A|HTR6|SLC6A2|SLC6A4	10uM	MCF7	6h	LINCSCP_33455
LINCSCP_252874	-0.2205380769	0.02002250725	111	SA-1919710	LSM-39226	NA	3uM	MCF7	6h	LINCSCP_252874
LINCSCP_129506	-0.2205370678	0.02002308948	111	Dacomitinib	LSM-42808	EGFR|ERBB2|ERBB3|ERBB4	10uM	JURKAT	24h	LINCSCP_129506
LINCSCP_14661	-0.2205281004	0.02002826442	111	Prednisolone Hemisuccinate	LSM-1810	NR3C1	10uM	HA1E	24h	LINCSCP_14661
LINCSCP_9063	-0.2205216829	0.0200319686	111	BRD-K63158888	LSM-44813	NA	10uM	A549	24h	LINCSCP_9063
LINCSCP_32950	0.2205081799	0.02003976441	111	N-[(1-Ethylpyrrolidin-3-yl)methyl]-2-methoxy-5-sulfamoylbenzamide	LSM-1307	CA7|DRD2|DRD3	10uM	MCF7	6h	LINCSCP_32950
LINCSCP_45832	-0.220484039	0.02005370835	111	MLS002264446	LSM-3261	NA	10uM	PC3	6h	LINCSCP_45832
LINCSCP_170165	0.2204803452	0.02005584266	111	Fiacitabine	LSM-45763	NA	0.04uM	YAPC	24h	LINCSCP_170165
LINCSCP_39396	-0.2204713785	0.02006102452	111	NVP-AUY922	LSM-1162	HSP90AA1|HSP90AB1	0.1uM	MDAMB231	24h	LINCSCP_39396
LINCSCP_23925	-0.2204447069	0.02007644479	111	PCI-34051	LSM-4812	HDAC1|HDAC10|HDAC6|HDAC8	10uM	HEPG2	24h	LINCSCP_23925
LINCSCP_178874	-0.2204210601	0.02009012478	111	Tadalafil	LSM-4109	PDE11A|PDE5A	10uM	A375	6h	LINCSCP_178874
LINCSCP_244919	-0.2204162308	0.02009291956	111	ZINC21991644	LSM-5796	PGR	10uM	MCF7	6h	LINCSCP_244919
LINCSCP_212517	0.2204149386	0.02009366746	111	BRD-K10436544	LSM-45992	NA	3uM	HA1E	24h	LINCSCP_212517
LINCSCP_175326	-0.2204084056	0.02009744886	111	SPECTRUM_001579	LSM-6509	NA	0.12uM	YAPC	24h	LINCSCP_175326
LINCSCP_8174	-0.220393835	0.02010588479	111	BRD-K60582191	LSM-40581	NA	5uM	A549	24h	LINCSCP_8174
LINCSCP_14224	0.2203801884	0.02011378853	111	U 46619	LSM-42901	NA	10uM	HA1E	6h	LINCSCP_14224
LINCSCP_140724	0.220353647	0.02012916826	111	282089-49-0	LSM-3400	CNR2	3.33uM	MCF7	24h	LINCSCP_140724
LINCSCP_162437	0.2203259745	0.02014521411	111	GSK-461364	LSM-1013	PLK1	0.37uM	PC3	24h	LINCSCP_162437
LINCSCP_57835	-0.2203183179	0.02014965577	111	MLS002264466	LSM-3995	NA	10uM	VCAP	24h	LINCSCP_57835
LINCSCP_22227	-0.2203119351	0.0201533591	111	KUC103904N	LSM-3468	NA	10uM	HEPG2	6h	LINCSCP_22227
LINCSCP_15529	-0.2203091029	0.02015500253	111	Rottlerin	LSM-42845	NA	10uM	HA1E	6h	LINCSCP_15529
LINCSCP_8525	0.2202987066	0.02016103621	111	BRD-K55854370	LSM-11812	NA	5uM	A549	24h	LINCSCP_8525
LINCSCP_16073	-0.2202986075	0.02016109371	111	MLS002264466	LSM-3995	NA	10uM	HA1E	6h	LINCSCP_16073
LINCSCP_78802	-0.2202826079	0.02017038242	111	Masitinib	LSM-1130	FGFR3|KIT|LYN|PDGFRA|PDGFRB	3.33uM	A375	24h	LINCSCP_78802
LINCSCP_22173	0.2202789839	0.02017248683	111	Cyproheptadine	LSM-5419	HRH1	10uM	HEPG2	6h	LINCSCP_22173
LINCSCP_67758	-0.2202724605	0.02017627543	111	Trichostatin A, Streptomyces Sp.	LSM-42814	HDAC1|HDAC10|HDAC3|HDAC4|HDAC6|HDAC7|HDAC8	10uM	NPC	24h	LINCSCP_67758
LINCSCP_57149	-0.2202704617	0.02017743639	111	ABT737	LSM-1180	BCL2|BCL2L1|BCL2L2	10uM	VCAP	6h	LINCSCP_57149
LINCSCP_124794	-0.2202636779	0.02018137707	111	Telatinib	LSM-45625	FLT4|KDR|KIT|PDGFRB	3.33uM	HT29	24h	LINCSCP_124794
LINCSCP_42045	-0.2202593242	0.02018390651	111	MLS001207806	LSM-43094	NA	0.1uM	NOMO1	6h	LINCSCP_42045
LINCSCP_254438	-0.2202559954	0.02018584062	111	LY-294002	LSM-2597	MTOR|PIK3CA|PIK3CB|PIK3CD|PIK3CG|PLK1|PRKDC	1uM	MCF7	6h	LINCSCP_254438
LINCSCP_92684	-0.2202489915	0.02018991062	111	AC1NWAML	LSM-1325	NR3C1	0.04uM	HA1E	24h	LINCSCP_92684
LINCSCP_42874	-0.2202339491	0.02019865424	111	Phenyl Biguanide	LSM-4586	NA	10uM	NPC	24h	LINCSCP_42874
LINCSCP_57018	0.2202262733	0.02020311716	111	Fumonisin-B1	LSM-6190	CERS1	100uM	VCAP	6h	LINCSCP_57018
LINCSCP_270226	-0.2202006619	0.02021801448	111	CHEMBL398733	LSM-4566	NA	10uM	PC3	24h	LINCSCP_270226
LINCSCP_22128	0.2202	0.02021839961	111	MLS-0044127.0001	LSM-1377	NA	10uM	HEPG2	6h	LINCSCP_22128
LINCSCP_66900	-0.2201979831	0.02021957318	111	13-Hydroxy-8,14,19-trimethoxy-4,10,12,16-tetramethyl-3,20,22-trioxo-2-azabicyclo[16.3.1]docosa-1(21),4,6,10,18-pentaen-9-yl carbamate	LSM-42815	HSP90AA1	10uM	HCC515	24h	LINCSCP_66900
LINCSCP_29902	-0.2201759197	0.02023241519	111	Amuvatinib	LSM-1118	FLT3|KIT|MET|PDGFRA	10uM	MCF10A	24h	LINCSCP_29902
LINCSCP_49284	-0.2201654643	0.02023850323	111	Apatinib Hydrochloride	LSM-4810	HDAC1|HDAC10|HDAC11|HDAC2|HDAC3|HDAC4|HDAC5|HDAC6|HDAC7|HDAC8|HDAC9	0.1uM	PC3	6h	LINCSCP_49284
LINCSCP_104810	-0.2201604934	0.02024139822	111	CI-1040	LSM-1048	MAP2K1|MAP2K2	0.37uM	HELA	24h	LINCSCP_104810
LINCSCP_101101	-0.220150713	0.02024709536	111	Veliparib	LSM-1146	PARP1|PARP2	3.33uM	HCC515	24h	LINCSCP_101101
LINCSCP_252896	0.2201501747	0.02024740893	111	BRD-K52577250	LSM-11640	NA	0.5uM	MCF7	6h	LINCSCP_252896
LINCSCP_235585	0.2201202817	0.02026483045	111	Radicicol	LSM-43303	NA	0.1uM	MCF7	24h	LINCSCP_235585
LINCSCP_205612	0.2201112104	0.02027011968	111	Salermide	LSM-5123	SIRT1|SIRT2	100uM	CL34	6h	LINCSCP_205612
LINCSCP_49367	0.2201039109	0.02027437672	111	BRD-K54343811	LSM-44966	NA	10uM	PC3	6h	LINCSCP_49367
LINCSCP_33417	0.2200993522	0.02027703574	111	Ioxaglic acid	LSM-3781	NA	10uM	MCF7	24h	LINCSCP_33417
LINCSCP_310063	-0.2200886884	0.02028325686	111	BRD-K79826210	LSM-41628	NA	10uM	VCAP	24h	LINCSCP_310063
LINCSCP_5508	0.2200655095	0.02029678488	111	KUC103655	LSM-2855	NA	10uM	A549	6h	LINCSCP_5508
LINCSCP_124763	-0.2200646454	0.02029728934	111	Pimavanserin	LSM-45960	HTR2A	10uM	HT29	24h	LINCSCP_124763
LINCSCP_62974	-0.2200282524	0.02031854572	111	BRD-K50194167	LSM-11483	NA	5uM	VCAP	6h	LINCSCP_62974
LINCSCP_81534	0.2199994963	0.02033535503	111	GSK-1904529A	LSM-1134	IGF1R|INSR	1.11uM	A549	24h	LINCSCP_81534
LINCSCP_46053	-0.2199985948	0.02033588219	111	Lorazepam	LSM-4970	GABRA1|GABRA2|GABRA3|GABRA4|GABRA5|GABRA6|GABRB1|GABRB2|GABRB3|GABRD|GABRE|GABRG1|GABRG2|GABRG3|GABRP|GABRQ	10uM	PC3	24h	LINCSCP_46053
LINCSCP_33514	0.2199864316	0.02034299592	111	Pravastatin	LSM-3347	HMGCR	10uM	MCF7	6h	LINCSCP_33514
LINCSCP_20658	0.2199860561	0.02034321555	111	BRD-K74271701	LSM-41311	NA	10uM	HCC515	6h	LINCSCP_20658
LINCSCP_171297	-0.219960534	0.02035814944	111	Vidofludimus	LSM-45600	NA	10uM	YAPC	24h	LINCSCP_171297
LINCSCP_67816	-0.219959928	0.02035850414	111	Vorinostat	LSM-3828	HDAC1|HDAC2|HDAC3|HDAC6|HDAC8	10uM	NPC	6h	LINCSCP_67816
LINCSCP_26428	-0.2199402632	0.02037001736	111	MLS000534605	LSM-4827	NA	10uM	HT29	6h	LINCSCP_26428
LINCSCP_113439	-0.2199207799	0.02038142978	111	CGP 60474	LSM-1025	CDK1	10uM	HME1	3h	LINCSCP_113439
LINCSCP_88874	-0.2199148659	0.02038489501	111	Belinostat	LSM-43181	HDAC1|HDAC10|HDAC11|HDAC2|HDAC3|HDAC4|HDAC5|HDAC6|HDAC7|HDAC8|HDAC9	10uM	HA1E	24h	LINCSCP_88874
LINCSCP_126068	0.219895448	0.02039627624	111	FLUDARABINE PHOSPHATE	LSM-45862	POLA1|POLD1|POLE|RRM1|RRM2|RRM2B	0.12uM	HT29	24h	LINCSCP_126068
LINCSCP_83782	0.2198503093	0.02042275418	111	galantamine	NA	NA	10uM	ASC.C	24h	LINCSCP_83782
LINCSCP_78701	-0.2198161169	0.02044283078	111	METERGOLINE	LSM-3265	HTR1A|HTR2A	3.33uM	A375	24h	LINCSCP_78701
LINCSCP_62851	-0.219809588	0.02044666628	111	BRD-K06718821	LSM-43446	NA	5uM	VCAP	24h	LINCSCP_62851
LINCSCP_112688	0.219797823	0.02045357927	111	MLN-8054	LSM-1066	AURKA	3.33uM	HEPG2	24h	LINCSCP_112688
LINCSCP_102783	-0.219789871	0.02045825297	111	Tipranavir	LSM-45721	NA	10uM	HELA	24h	LINCSCP_102783
LINCSCP_44951	-0.2197680746	0.02047106824	111	PIK 75	LSM-44948	PIK3CA	0.1uM	PC3	24h	LINCSCP_44951
LINCSCP_157283	0.2197657691	0.02047242416	111	AMD-070 (hydrochloride)	LSM-45591	NA	10uM	PC3	24h	LINCSCP_157283
LINCSCP_139711	0.2197437763	0.02048536263	111	Mebendazole	LSM-3749	NA	3.33uM	MCF7	24h	LINCSCP_139711
LINCSCP_29291	0.2197368459	0.02048944125	111	3-Chloro-l-alanine	LSM-6205	RPS2	0.5uM	LOVO	6h	LINCSCP_29291
LINCSCP_137622	-0.21972915	0.02049397126	111	MBX-2982	LSM-45394	NA	10uM	MCF7	24h	LINCSCP_137622
LINCSCP_47310	0.2197175499	0.02050080097	111	SMR000651464	LSM-2818	NA	10uM	PC3	24h	LINCSCP_47310
LINCSCP_64884	0.219714439	0.02050263285	111	BRD-K20098898	LSM-38351	NA	10uM	VCAP	24h	LINCSCP_64884
LINCSCP_276	-0.2197134873	0.02050319332	111	4-Hydroxytamoxifen	LSM-42848	ESR1|ESR2	10uM	A375	24h	LINCSCP_276
LINCSCP_1817	-0.2197130434	0.02050345471	111	MLS002703112	LSM-2931	NA	10uM	A375	6h	LINCSCP_1817
LINCSCP_284029	0.2197113307	0.02050446336	111	Isotretinoin	LSM-42855	RARA|RARB|RARG	10uM	SKB	24h	LINCSCP_284029
LINCSCP_269803	0.2197112941	0.02050448492	111	Flubendazole	LSM-5916	TUBB	10uM	PC3	24h	LINCSCP_269803
LINCSCP_217250	0.2197097888	0.02050537146	111	BRD-K45735142	LSM-6782	NA	10uM	HCC515	6h	LINCSCP_217250
LINCSCP_7235	0.2196984137	0.02051207186	111	Hemado	LSM-1233	ADORA3	10uM	A549	24h	LINCSCP_7235
LINCSCP_51662	-0.219679667	0.02052311858	111	Selumetinib	LSM-1056	MAP2K1|MAP2K2	10uM	SKBR3	6h	LINCSCP_51662
LINCSCP_272057	0.2196585969	0.02053554048	111	BRD-K52111234	LSM-40150	NA	10uM	PC3	24h	LINCSCP_272057
LINCSCP_57602	0.2196555352	0.02053734604	111	CHEMBL2311700	LSM-1540	NA	10uM	VCAP	6h	LINCSCP_57602
LINCSCP_144502	0.219653804	0.02053836702	111	Deferasirox	LSM-45297	NA	0.04uM	MCF7	24h	LINCSCP_144502
LINCSCP_42252	-0.2196392602	0.02054694611	111	Pyroxamide	LSM-4534	NA	10uM	NPC	24h	LINCSCP_42252
LINCSCP_60878	-0.2196307538	0.02055196528	111	BRD-K40410846	LSM-10892	NA	5uM	VCAP	24h	LINCSCP_60878
LINCSCP_131145	-0.2196268585	0.02055426408	111	Alvocidib	LSM-1011	CDK1|CDK2|CDK4|CDK5|CDK6|CDK7|CDK8|CDK9|EGFR|PYGM	0.04uM	MCF10A	24h	LINCSCP_131145
LINCSCP_108314	0.2195858239	0.02057849357	111	Nemonapride	LSM-45497	NA	0.37uM	HELA	24h	LINCSCP_108314
LINCSCP_132855	-0.219585325	0.02057878828	111	13-Hydroxy-8,14,19-trimethoxy-4,10,12,16-tetramethyl-3,20,22-trioxo-2-azabicyclo[16.3.1]docosa-1(21),4,6,10,18-pentaen-9-yl carbamate	LSM-42815	HSP90AA1	0.12uM	MCF7	24h	LINCSCP_132855
LINCSCP_163417	-0.2195800747	0.02058189022	111	Alpelisib	LSM-4256	PIK3CA	1.11uM	SKBR3	3h	LINCSCP_163417
LINCSCP_77724	-0.2195766725	0.02058390054	111	SPECTRUM_000403	LSM-1605	NR3C1	1.11uM	A375	24h	LINCSCP_77724
LINCSCP_83711	0.2195680899	0.02058897247	111	SCHEMBL16980224	LSM-1092	AURKA	3.33uM	ASC.C	24h	LINCSCP_83711
LINCSCP_109049	-0.2195445329	0.02060289926	111	Avasimibe	LSM-45417	NA	1.11uM	HELA	24h	LINCSCP_109049
LINCSCP_4591	-0.2195330094	0.02060971482	111	Carbamazepine	LSM-3610	SCN10A|SCN11A|SCN1A|SCN2A|SCN3A|SCN4A|SCN5A|SCN7A|SCN8A|SCN9A	100uM	A549	24h	LINCSCP_4591
LINCSCP_66101	-0.2195297268	0.0206116567	111	BRD-K30231186	LSM-38921	NA	0.5uM	VCAP	24h	LINCSCP_66101
LINCSCP_33542	-0.219526947	0.02061330122	111	Chlorpromazine	LSM-4017	ADRA2A|ADRA2B|ADRA2C|DRD1|DRD2|DRD3|DRD4|DRD5|HRH1|HTR1A|HTR2A|HTR2C|HTR6|HTR7	10uM	MCF7	6h	LINCSCP_33542
LINCSCP_59235	0.2195257084	0.02061403402	111	BRD-K57732441	LSM-40434	NA	10uM	VCAP	24h	LINCSCP_59235
LINCSCP_88002	0.2195116107	0.02062237627	111	936890-98-1	LSM-42786	MTOR	0.12uM	HA1E	24h	LINCSCP_88002
LINCSCP_140363	0.2194978989	0.02063049293	111	Dapsone	LSM-5714	DHFR	10uM	MCF7	24h	LINCSCP_140363
LINCSCP_268771	-0.2194821079	0.02063984379	111	SCHEMBL13736177	LSM-3938	NA	10uM	PC3	24h	LINCSCP_268771
LINCSCP_279452	-0.2194714063	0.02064618299	111	BRD-K32628102	LSM-39067	NA	10uM	PC3	6h	LINCSCP_279452
LINCSCP_56235	0.2194571029	0.02065465832	111	CL-82198	LSM-1992	MMP13	10uM	VCAP	24h	LINCSCP_56235
LINCSCP_130000	0.2194449107	0.02066188504	111	ZSTK 474	LSM-1053	PIK3CG	0.12uM	LNCAP	24h	LINCSCP_130000
LINCSCP_22958	-0.219440074	0.02066475249	111	T 98475	LSM-3382	GNRHR	10uM	HEPG2	6h	LINCSCP_22958
LINCSCP_25701	0.2193831877	0.02069850366	111	3-Chloro-l-alanine	LSM-6205	RPS2	0.5uM	HT29	6h	LINCSCP_25701
LINCSCP_174758	0.2193647616	0.02070944618	111	Tazarotene	LSM-45376	RARA|RARB|RARG	0.37uM	YAPC	24h	LINCSCP_174758
LINCSCP_22781	0.2193360123	0.02072652918	111	HE044657	LSM-3500	NA	10uM	HEPG2	6h	LINCSCP_22781
LINCSCP_104623	-0.2193146787	0.02073921357	111	R428	LSM-45574	NA	1.11uM	HELA	24h	LINCSCP_104623
LINCSCP_273612	-0.2193036741	0.02074575921	111	ZINC00263037	LSM-37220	NA	5uM	PC3	24h	LINCSCP_273612
LINCSCP_139513	0.2193033624	0.02074594463	111	Deoxycholic acid	LSM-5529	GPBAR1	3.33uM	MCF7	24h	LINCSCP_139513
LINCSCP_22036	-0.219298919	0.02074858818	111	MLS002264450	LSM-2798	NA	10uM	HEPG2	6h	LINCSCP_22036
LINCSCP_9690	0.2192960257	0.02075030962	111	3-Chloro-l-alanine	LSM-6205	RPS2	3uM	A549	24h	LINCSCP_9690
LINCSCP_73779	-0.2192899101	0.02075394871	111	Elacridar	LSM-45579	NA	10uM	A375	24h	LINCSCP_73779
LINCSCP_39775	0.2192880927	0.02075503022	111	MLS003672589	LSM-36804	NA	10uM	MDST8	6h	LINCSCP_39775
LINCSCP_10435	-0.2192756122	0.02076245879	111	(1Ar,7as,10as,10br)-1a,5-Dimethyl-8-methylidene-2,3,6,7,7a,8,10a,10b-octahydrooxireno[9,10]cyclodeca[1,2-b]furan-9(1ah)-one	LSM-43089	NA	20uM	A673	6h	LINCSCP_10435
LINCSCP_57006	-0.2192601227	0.02077168146	111	BRD-A43331270-001-01-6	LSM-4436	ADRA1A|CACNA1C	10uM	VCAP	6h	LINCSCP_57006
LINCSCP_211815	-0.2192582261	0.02077281097	111	WZ 4002	LSM-1085	EGFR|ERBB2	10uM	HA1E	6h	LINCSCP_211815
LINCSCP_56118	0.2192379988	0.0207848605	111	Pyrazolanthrone	LSM-1163	MAPK10|MAPK8|MAPK9|TTK	10uM	VCAP	6h	LINCSCP_56118
LINCSCP_66829	-0.2192209061	0.02079504742	111	Trichostatin A, Streptomyces Sp.	LSM-42814	HDAC1|HDAC10|HDAC3|HDAC4|HDAC6|HDAC7|HDAC8	10uM	HA1E	6h	LINCSCP_66829
LINCSCP_312573	-0.2192122714	0.02080019514	111	BRD-K89326053	LSM-7991	NA	1uM	VCAP	24h	LINCSCP_312573
LINCSCP_61810	-0.2191973355	0.02080910202	111	BRD-K68007071	LSM-12572	NA	5uM	VCAP	24h	LINCSCP_61810
LINCSCP_19464	0.2191888178	0.02081418299	111	PX 12	LSM-4918	TXN|TXNRD1	30uM	HCC515	6h	LINCSCP_19464
LINCSCP_39460	0.2191796813	0.02081963419	111	Erlotinib	LSM-1097	EGFR	10uM	MDAMB231	24h	LINCSCP_39460
LINCSCP_64559	-0.2191645968	0.02082863697	111	Radicicol	LSM-43303	NA	20uM	VCAP	6h	LINCSCP_64559
LINCSCP_138253	-0.2191623508	0.02082997774	111	AZ628	LSM-1050	BRAF|RAF1	3.33uM	MCF7	24h	LINCSCP_138253
LINCSCP_34211	-0.2191617387	0.02083034314	111	(S, R)-Mefloquine	LSM-5525	NA	10uM	MCF7	6h	LINCSCP_34211
LINCSCP_143751	0.2191480249	0.02083853132	111	doxorubicin	LSM-4062	TOP2A	0.12uM	MCF7	24h	LINCSCP_143751
LINCSCP_170270	0.2191312619	0.02084854387	111	Adarotene	LSM-45863	NA	1.11uM	YAPC	24h	LINCSCP_170270
LINCSCP_262760	-0.2191086256	0.02086207109	111	Orphenadrine	LSM-1630	GRIN1|GRIN2A|GRIN2B|GRIN2C|GRIN2D|GRIN3A|GRIN3B|HRH1|SCN10A|SCN11A|SCN1A|SCN2A|SCN3A|SCN4A|SCN5A|SCN7A|SCN8A|SCN9A|SLC6A2	10uM	NPC	24h	LINCSCP_262760
LINCSCP_112782	-0.2190701851	0.02088505999	111	CHEMBL1950303	LSM-1058	NA	10uM	HEPG2	24h	LINCSCP_112782
LINCSCP_12274	-0.21904857	0.02089799629	111	Fedratinib	LSM-1142	FLT3|JAK2	10uM	BT20	6h	LINCSCP_12274
LINCSCP_128023	0.2190207489	0.02091465681	111	1166227-08-2	LSM-1204	NA	3.33uM	HUES3	24h	LINCSCP_128023
LINCSCP_60897	0.2189807962	0.02093860232	111	BRD-K54456094	LSM-11735	NA	5uM	VCAP	24h	LINCSCP_60897
LINCSCP_310108	0.2189798296	0.02093918191	111	Benzbromarone	LSM-2239	NA	30uM	VCAP	6h	LINCSCP_310108
LINCSCP_156796	0.2189671875	0.02094676404	111	Bupivacaine	LSM-4301	SCN4A	0.12uM	PC3	24h	LINCSCP_156796
LINCSCP_69377	-0.2189623374	0.02094967345	111	BMS-345541	LSM-1028	IKBKB	0.37uM	A375	24h	LINCSCP_69377
LINCSCP_9975	-0.2189604713	0.02095079299	111	Vorinostat	LSM-3828	HDAC1|HDAC2|HDAC3|HDAC6|HDAC8	0.04uM	A549	24h	LINCSCP_9975
LINCSCP_28522	-0.2189566553	0.02095308248	111	Vorinostat	LSM-3828	HDAC1|HDAC2|HDAC3|HDAC6|HDAC8	10uM	HT29	24h	LINCSCP_28522
LINCSCP_74088	-0.2189430288	0.02096125969	111	BRD-A82197375	LSM-45476	NA	10uM	A375	24h	LINCSCP_74088
LINCSCP_151277	-0.2189407472	0.02096262917	111	Dasatinib	LSM-1020	ABL1|BCR|BLK|EPHA2|FGR|FRK|FYN|HCK|KIT|LCK|LYN|PDGFRB|SRC|SRMS|YES1	0.12uM	PC3	24h	LINCSCP_151277
LINCSCP_155827	-0.2189358417	0.02096557376	111	MBX-2982	LSM-45394	NA	10uM	PC3	24h	LINCSCP_155827
LINCSCP_67537	-0.2189297634	0.02096922288	111	Wortmannin	LSM-3947	PIK3CA|PIK3CG|PLK1	10uM	MCF7	6h	LINCSCP_67537
LINCSCP_44948	-0.2189226479	0.02097349538	111	MLS003448149	LSM-3003	NA	10uM	PC3	24h	LINCSCP_44948
LINCSCP_64925	-0.2189216931	0.02097406873	111	BRD-K53640012	LSM-40218	NA	10uM	VCAP	24h	LINCSCP_64925
LINCSCP_22871	-0.2189157001	0.02097766785	111	Talniflumate	LSM-1960	CLCA1	10uM	HEPG2	6h	LINCSCP_22871
LINCSCP_7192	-0.2189135217	0.02097897626	111	Flupentixol	LSM-43011	DRD1|DRD2	10uM	A549	6h	LINCSCP_7192
LINCSCP_272948	0.218901058	0.02098646351	111	Rimantadine	LSM-44963	NA	10uM	PC3	6h	LINCSCP_272948
LINCSCP_37771	0.2188999861	0.02098710752	111	IC 261	LSM-42870	NA	3uM	MCF7	6h	LINCSCP_37771
LINCSCP_15401	0.2188978704	0.02098837874	111	ICG-001	LSM-6267	NA	10uM	HA1E	24h	LINCSCP_15401
LINCSCP_85957	-0.2188939148	0.02099075568	111	Canertinib	LSM-1120	EGFR|ERBB2|ERBB4	3.33uM	BT20	24h	LINCSCP_85957
LINCSCP_294783	0.2188902437	0.02099296182	111	BAS 04938498	LSM-4486	NA	10uM	VCAP	24h	LINCSCP_294783
LINCSCP_109753	0.2188746104	0.02100235887	111	Pindolol	LSM-1953	ADRB1|ADRB2|HTR1A	0.12uM	HELA	24h	LINCSCP_109753
LINCSCP_171458	-0.2188666745	0.02100713052	111	Dacomitinib	LSM-42808	EGFR|ERBB2|ERBB3|ERBB4	10uM	YAPC	24h	LINCSCP_171458
LINCSCP_52170	0.2188584268	0.02101209058	111	BRD-K75128590-001-01-8	LSM-6152	NA	10uM	SKB	24h	LINCSCP_52170
LINCSCP_14092	-0.2188427665	0.02102151124	111	GBR12935	LSM-3101	NA	10uM	HA1E	24h	LINCSCP_14092
LINCSCP_220814	-0.2188325345	0.02102766839	111	IN1345	LSM-3976	EGFR	10uM	HEPG2	6h	LINCSCP_220814
LINCSCP_260268	0.2188309131	0.02102864423	111	LY-294002	LSM-2597	MTOR|PIK3CA|PIK3CB|PIK3CD|PIK3CG|PLK1|PRKDC	3uM	NKDBA	24h	LINCSCP_260268
LINCSCP_218086	-0.2188290228	0.02102978197	111	Estriol	LSM-2368	ESR1|ESR2	0.04uM	HCC515	24h	LINCSCP_218086
LINCSCP_22151	-0.2188175294	0.02103670063	111	SR-03000000952-1	LSM-1998	NA	10uM	HEPG2	6h	LINCSCP_22151
LINCSCP_162596	-0.2188105472	0.02104090466	111	BMN 673	LSM-45245	NA	10uM	PC3	24h	LINCSCP_162596
LINCSCP_97921	0.2187937154	0.02105104215	111	Pindolol	LSM-1953	ADRB1|ADRB2|HTR1A	0.37uM	HA1E	24h	LINCSCP_97921
LINCSCP_272145	0.2187864903	0.021055395	111	19-Norethindrone acetate	LSM-37246	PGR	10uM	PC3	24h	LINCSCP_272145
LINCSCP_151130	0.2187765852	0.02106136367	111	SCHEMBL6874948	LSM-5674	LCK	3.33uM	PC3	24h	LINCSCP_151130
LINCSCP_20819	-0.2187721805	0.02106401836	111	Panobinostat	LSM-43059	HDAC1|HDAC10|HDAC11|HDAC2|HDAC3|HDAC4|HDAC5|HDAC6|HDAC7|HDAC8|HDAC9	1.11uM	HCC515	24h	LINCSCP_20819
LINCSCP_57236	-0.2187374243	0.02108497572	111	Kinetin Riboside	LSM-6292	NA	10uM	VCAP	6h	LINCSCP_57236
LINCSCP_33674	-0.2187300752	0.02108940944	111	AM-92016	LSM-1319	NA	10uM	MCF7	6h	LINCSCP_33674
LINCSCP_65030	-0.2187268671	0.02109134508	111	BRD-K39245533	LSM-7350	NA	10uM	VCAP	6h	LINCSCP_65030
LINCSCP_64922	0.2187135271	0.02109939577	111	BX 912	LSM-1055	PDK1|PDPK1	0.5uM	VCAP	24h	LINCSCP_64922
LINCSCP_83403	0.2187108796	0.02110099382	111	848193-68-0	LSM-6271	SIRT1	0.37uM	ASC.C	24h	LINCSCP_83403
LINCSCP_201369	-0.2187101133	0.02110145641	111	13-Hydroxy-8,14,19-trimethoxy-4,10,12,16-tetramethyl-3,20,22-trioxo-2-azabicyclo[16.3.1]docosa-1(21),4,6,10,18-pentaen-9-yl carbamate	LSM-42815	HSP90AA1	3uM	A549	24h	LINCSCP_201369
LINCSCP_57960	-0.2186998636	0.02110764437	111	59826-53-8	LSM-3066	NA	10uM	VCAP	24h	LINCSCP_57960
LINCSCP_294798	0.2186953107	0.02111039356	111	CHEMBL2362396	LSM-6537	NA	10uM	VCAP	24h	LINCSCP_294798
LINCSCP_52144	-0.2186818716	0.02111851028	111	AC1O9CBL	LSM-4596	NA	10uM	SKB	24h	LINCSCP_52144
LINCSCP_43344	-0.2186603092	0.02113153885	111	BIO2_000029	LSM-2270	NA	10uM	NPC	6h	LINCSCP_43344
LINCSCP_3672	-0.2186544978	0.02113505139	111	BRD-K10211010	LSM-9049	NA	10uM	A375	24h	LINCSCP_3672
LINCSCP_112909	0.218652061	0.02113652442	111	GW620972X	LSM-1209	NA	3.33uM	HEPG2	24h	LINCSCP_112909
LINCSCP_93189	-0.2186393522	0.02114420818	111	Esmolol	LSM-4957	ADRB1|ADRB2	3.33uM	HA1E	24h	LINCSCP_93189
LINCSCP_285459	0.2186355635	0.02114649934	111	GSK-1904529A	LSM-1134	IGF1R|INSR	0.5uM	SKBR3	6h	LINCSCP_285459
LINCSCP_43828	-0.2186335652	0.02114770785	111	13-Hydroxy-8,14,19-trimethoxy-4,10,12,16-tetramethyl-3,20,22-trioxo-2-azabicyclo[16.3.1]docosa-1(21),4,6,10,18-pentaen-9-yl carbamate	LSM-42815	HSP90AA1	3uM	PC3	6h	LINCSCP_43828
LINCSCP_13585	0.2186120539	0.02116072094	111	(1Ar,7as,10as,10br)-1a,5-Dimethyl-8-methylidene-2,3,6,7,7a,8,10a,10b-octahydrooxireno[9,10]cyclodeca[1,2-b]furan-9(1ah)-one	LSM-43089	NA	20uM	H1299	6h	LINCSCP_13585
LINCSCP_254070	0.2185944854	0.02117135398	111	Estradiol	LSM-2421	ESR1|ESR2|NR1I2	0.5uM	MCF7	6h	LINCSCP_254070
LINCSCP_122692	-0.2185857765	0.02117662656	111	TAK-875	LSM-45725	FFAR1	10uM	HT29	24h	LINCSCP_122692
LINCSCP_14448	-0.2185832735	0.02117814218	111	WAY-170523	LSM-2795	MMP13	10uM	HA1E	24h	LINCSCP_14448
LINCSCP_16095	0.2185819872	0.02117892109	111	H0635_SIGMA	LSM-5010	NA	10uM	HA1E	6h	LINCSCP_16095
LINCSCP_18679	-0.2185762938	0.02118236892	111	HOECHST-33342	LSM-2168	TOP1	10uM	HCC515	6h	LINCSCP_18679
LINCSCP_103745	-0.2185757089	0.0211827232	111	Fenoldopam	LSM-1609	DRD1	10uM	HELA	24h	LINCSCP_103745
LINCSCP_7344	0.2185680941	0.02118733545	111	Omacetaxine Mepesuccinate	LSM-3716	NA	10uM	A549	24h	LINCSCP_7344
LINCSCP_103001	0.2185601033	0.02119217639	111	SGX-523	LSM-1123	MET	0.37uM	HELA	24h	LINCSCP_103001
LINCSCP_164138	-0.2185535801	0.02119612899	111	13-Hydroxy-8,14,19-trimethoxy-4,10,12,16-tetramethyl-3,20,22-trioxo-2-azabicyclo[16.3.1]docosa-1(21),4,6,10,18-pentaen-9-yl carbamate	LSM-42815	HSP90AA1	10uM	SKBR3	3h	LINCSCP_164138
LINCSCP_9094	-0.2185520561	0.0211970525	111	CHEMBL3188797	LSM-44904	NA	10uM	A549	24h	LINCSCP_9094
LINCSCP_174436	-0.2185465619	0.02120038218	111	MG-132	LSM-1107	PSMB1	20uM	YAPC	24h	LINCSCP_174436
LINCSCP_60862	-0.2185406603	0.02120395922	111	CHEMBL3185534	LSM-10173	NA	5uM	VCAP	24h	LINCSCP_60862
LINCSCP_22075	-0.2185313332	0.02120961365	111	CHEMBL1822499	LSM-3331	NA	10uM	HEPG2	6h	LINCSCP_22075
LINCSCP_267263	-0.2185092575	0.02122300185	111	Thalidomide	LSM-1914	CRBN|CUL4A|DDB1|RBX1|TNF	10uM	PC3	24h	LINCSCP_267263
LINCSCP_47005	-0.2184725847	0.02124525872	111	AC1O9X68	LSM-6647	NA	10uM	PC3	6h	LINCSCP_47005
LINCSCP_23277	-0.2184621811	0.02125157641	111	BRD-K88008216	LSM-42071	NA	10uM	HEPG2	6h	LINCSCP_23277
LINCSCP_21364	-0.2184558586	0.02125541653	111	HSCI1_000314	LSM-6251	ARG1|ARG2	80uM	HEC108	6h	LINCSCP_21364
LINCSCP_124156	0.2184286873	0.02127192663	111	Semaxanib	LSM-42995	FLT1|FLT4|KDR|KIT|PDGFRB	0.04uM	HT29	24h	LINCSCP_124156
LINCSCP_18479	-0.218426501	0.02127325562	111	Securinine	LSM-6733	GABRA1	10uM	HCC515	24h	LINCSCP_18479
LINCSCP_65010	0.2183998843	0.02128944025	111	Mibefradil	LSM-2192	CACNA1C|CACNA1G|CACNA1H|CACNA1I	0.5uM	VCAP	6h	LINCSCP_65010
LINCSCP_165314	-0.2183852373	0.02129835109	111	SGI-1776	LSM-6307	PIM1|PIM2|PIM3	0.12uM	SKL	24h	LINCSCP_165314
LINCSCP_81022	0.2183747993	0.02130470318	111	Neratinib	LSM-42778	EGFR|ERBB2|ERBB4	0.04uM	A549	24h	LINCSCP_81022
LINCSCP_50151	-0.218374118	0.02130511785	111	8-Bromo-camp, na	LSM-4446	NA	10uM	PHH	24h	LINCSCP_50151
LINCSCP_72503	0.2183250504	0.02133500071	111	LCL161	LSM-45968	NA	0.37uM	A375	24h	LINCSCP_72503
LINCSCP_216237	-0.2183012046	0.02134953611	111	SCHEMBL2559243	LSM-3225	NA	10uM	HCC515	6h	LINCSCP_216237
LINCSCP_104621	-0.218300826	0.02134976695	111	R428	LSM-45574	NA	10uM	HELA	24h	LINCSCP_104621
LINCSCP_12115	-0.218288124	0.02135751315	111	Pelitinib	LSM-42796	EGFR	0.1uM	BT20	24h	LINCSCP_12115
LINCSCP_165017	0.218287106	0.02135813405	111	Chelerythrine	LSM-1187	NA	0.04uM	SKL.C	24h	LINCSCP_165017
LINCSCP_58529	0.2182710728	0.02136791538	111	CHEMDIV3_007362	LSM-4468	NA	10uM	VCAP	24h	LINCSCP_58529
LINCSCP_33545	-0.2182674604	0.0213701197	111	TWS 119	LSM-1111	GSK3B	10uM	MCF7	6h	LINCSCP_33545
LINCSCP_60261	0.2182668411	0.02137049764	111	BRD-K03995514	LSM-6913	NA	5uM	VCAP	6h	LINCSCP_60261
LINCSCP_132852	-0.2182627741	0.02137297966	111	13-Hydroxy-8,14,19-trimethoxy-4,10,12,16-tetramethyl-3,20,22-trioxo-2-azabicyclo[16.3.1]docosa-1(21),4,6,10,18-pentaen-9-yl carbamate	LSM-42815	HSP90AA1	3.33uM	MCF7	24h	LINCSCP_132852
LINCSCP_45690	0.2182611191	0.02137398973	111	Mafenide	LSM-5445	CA6	10uM	PC3	24h	LINCSCP_45690
LINCSCP_108312	0.2182430062	0.02138504719	111	Nemonapride	LSM-45497	NA	3.33uM	HELA	24h	LINCSCP_108312
LINCSCP_49995	-0.2182277422	0.02139436921	111	Linifanib	LSM-1183	CSF1R|FLT1|FLT3|FLT4|KDR|PDGFRA|PDGFRB	10uM	PHH	24h	LINCSCP_49995
LINCSCP_38070	0.2182204554	0.0213988207	111	BRD-K62122103	LSM-40664	NA	3uM	MCF7	6h	LINCSCP_38070
LINCSCP_80554	-0.2182048122	0.02140837964	111	Goserelin	LSM-46023	NA	0.12uM	A375	24h	LINCSCP_80554
LINCSCP_10213	0.2181946948	0.02141456395	111	Temozolomide	LSM-4590	MGMT	0.01uM	A549	6h	LINCSCP_10213
LINCSCP_142247	-0.2181920488	0.02141618159	111	METERGOLINE	LSM-3265	HTR1A|HTR2A	10uM	MCF7	24h	LINCSCP_142247
LINCSCP_89265	-0.2181808533	0.02142302713	111	Regorafenib	LSM-1226	ABL1|BRAF|DDR2|FGFR1|FGFR2|FLT1|FLT4|FRK|KDR|KIT|MAPK11|PDGFRA|PDGFRB|RAF1|RET|TEK	0.12uM	HA1E	24h	LINCSCP_89265
LINCSCP_46390	-0.2181704467	0.021429392	111	Sirolimus	LSM-42782	FKBP1A|MTOR	10uM	PC3	6h	LINCSCP_46390
LINCSCP_45904	0.2181460447	0.02144432306	111	SMR000024485	LSM-42913	NA	10uM	PC3	24h	LINCSCP_45904
LINCSCP_453	-0.218126179	0.02145648504	111	SPECTRUM_000011	LSM-1767	NA	10uM	A375	6h	LINCSCP_453
LINCSCP_271948	0.2181190508	0.0214608504	111	Meclizine	LSM-1607	HRH1|NR1I3	10uM	PC3	24h	LINCSCP_271948
LINCSCP_19699	0.218114961	0.02146335538	111	TL_HRAS27	LSM-2330	NA	10uM	HCC515	6h	LINCSCP_19699
LINCSCP_2003	0.2180960955	0.02147491373	111	BRD-K18964980	LSM-29352	NA	10uM	A375	6h	LINCSCP_2003
LINCSCP_25566	-0.2180676634	0.02149234327	111	Loperamide	LSM-3365	OPRD1|OPRM1	10uM	HT29	24h	LINCSCP_25566
LINCSCP_39335	-0.2180382662	0.02151037723	111	C24H25CLFN5O3	LSM-42794	EGFR|ERBB2|ERBB4	10uM	MDAMB231	24h	LINCSCP_39335
LINCSCP_51377	-0.2180298576	0.02151553796	111	Dasatinib	LSM-1020	ABL1|BCR|BLK|EPHA2|FGR|FRK|FYN|HCK|KIT|LCK|LYN|PDGFRB|SRC|SRMS|YES1	10uM	SKBR3	24h	LINCSCP_51377
LINCSCP_73884	-0.218015713	0.02152422146	111	AZD4547	LSM-6308	NA	10uM	A375	24h	LINCSCP_73884
LINCSCP_151253	-0.2179963117	0.02153613703	111	CHEMBL2136735	LSM-1152	FGFR1|FGFR3|FLT1|FLT4|KDR|PDGFRA|PDGFRB	0.12uM	PC3	24h	LINCSCP_151253
LINCSCP_239184	0.2179525385	0.02156304178	111	Rofecoxib	LSM-2482	PTGS2	10uM	MCF7	6h	LINCSCP_239184
LINCSCP_16975	0.217938297	0.02157180142	111	BIM0133	LSM-5621	NA	10uM	HA1E	6h	LINCSCP_16975
LINCSCP_22777	-0.2179357462	0.02157337064	111	1-(2,6-Dichlorobenzylideneamino)guanidine	LSM-3266	ADRA2A|ADRA2B	10uM	HEPG2	6h	LINCSCP_22777
LINCSCP_241121	-0.2179288609	0.02157760703	111	Betulinic acid	LSM-3004	GPBAR1	10uM	MCF7	24h	LINCSCP_241121
LINCSCP_83610	0.2179144277	0.02158648968	111	Daminozide	LSM-6329	NA	10uM	ASC.C	24h	LINCSCP_83610
LINCSCP_32817	0.217897615	0.02159684075	111	BRD-A28746609	LSM-1102	NR1I2|TUBB	10uM	MCF7	24h	LINCSCP_32817
LINCSCP_106232	-0.2178925496	0.02159996018	111	Vemurafenib	LSM-1068	BRAF	10uM	HELA	24h	LINCSCP_106232
LINCSCP_68271	-0.2178704028	0.02161360354	111	Trichostatin A, Streptomyces Sp.	LSM-42814	HDAC1|HDAC10|HDAC3|HDAC4|HDAC6|HDAC7|HDAC8	10uM	U937	6h	LINCSCP_68271
LINCSCP_156106	0.2178451095	0.02162919423	111	Rimonabant	LSM-36994	CNR1	0.37uM	PC3	24h	LINCSCP_156106
LINCSCP_78276	0.2178363249	0.02163461133	111	TCB2	LSM-45588	NA	1.11uM	A375	24h	LINCSCP_78276
LINCSCP_173969	-0.2178037016	0.02165473882	111	Aripiprazole	LSM-5776	DRD2|HRH1|HTR1A|HTR1B|HTR1D|HTR2A|HTR2C	10uM	YAPC	24h	LINCSCP_173969
LINCSCP_33840	-0.2177997366	0.02165718616	111	ST014075	LSM-4907	NA	10uM	MCF7	24h	LINCSCP_33840
LINCSCP_145432	0.2177609913	0.02168111394	111	CHEMBL2136735	LSM-1152	FGFR1|FGFR3|FLT1|FLT4|KDR|PDGFRA|PDGFRB	1.11uM	MDAMB231	24h	LINCSCP_145432
LINCSCP_239760	-0.217726511	0.0217024269	111	BRD-K74711637	LSM-6151	NA	10uM	MCF7	6h	LINCSCP_239760
LINCSCP_46410	0.2177245101	0.02170366419	111	Iloprost	LSM-43147	PTGER1|PTGER2|PTGIR	10uM	PC3	24h	LINCSCP_46410
LINCSCP_25781	-0.2177169983	0.02170831001	111	CHEMBL3182405	LSM-4793	NA	10uM	HT29	6h	LINCSCP_25781
LINCSCP_118004	0.2177106862	0.02171221449	111	Propafenone	LSM-1416	ADRB1|ADRB2|KCNH2|SCN10A|SCN11A|SCN1A|SCN2A|SCN3A|SCN4A|SCN5A|SCN7A|SCN8A|SCN9A	0.04uM	HT29	24h	LINCSCP_118004
LINCSCP_106805	0.2176933731	0.021722927	111	Cyclohexanecarboxamide, 4-(1-aminoethyl)-n-4-pyridinyl-, trans-	LSM-1177	ROCK1|ROCK2	0.04uM	HELA	24h	LINCSCP_106805
LINCSCP_79505	-0.2176608422	0.02174306773	111	Leflunomide	LSM-3771	DHODH	10uM	A375	24h	LINCSCP_79505
LINCSCP_284949	0.2176562373	0.02174592008	111	Amitrole	LSM-4595	NA	10uM	SKB	24h	LINCSCP_284949
LINCSCP_22966	0.2176542241	0.02174716712	111	Icariin	LSM-3462	NA	10uM	HEPG2	6h	LINCSCP_22966
LINCSCP_51229	-0.2176523869	0.02174830525	111	JSH-23	LSM-5897	RELA	5uM	RMUGS	6h	LINCSCP_51229
LINCSCP_19303	0.2176272726	0.0217638684	111	HLI-373	LSM-6225	MDM2	10uM	HCC515	24h	LINCSCP_19303
LINCSCP_41506	0.217623787	0.02176602917	111	N-(2-Amino-phenyl)-nicotinamide	LSM-37011	NA	10uM	NEU	6h	LINCSCP_41506
LINCSCP_60828	-0.2175939398	0.02178453921	111	BRD-K99681782	LSM-8426	NA	5uM	VCAP	24h	LINCSCP_60828
LINCSCP_207560	0.2175864497	0.02178918643	111	NaCl	LSM-46007	NA	0.1uM	FIBRNPC	24h	LINCSCP_207560
LINCSCP_4961	-0.2175677144	0.02180081432	111	MLS-0315821.0002	LSM-3022	NA	10uM	A549	24h	LINCSCP_4961
LINCSCP_39834	0.2175639472	0.02180315308	111	pyrvinium-pamoate	NA	AR	10uM	MDST8	6h	LINCSCP_39834
LINCSCP_235680	0.2175551198	0.02180863407	111	Trifluoperazine	LSM-4010	DRD2|DRD3|DRD4|HTR2A|HTR2C	0.1uM	MCF7	6h	LINCSCP_235680
LINCSCP_156618	-0.2175403481	0.02181780863	111	Seliciclib	LSM-1001	CDK1|CDK2|CDK5|CDK7|CDK9	10uM	PC3	24h	LINCSCP_156618
LINCSCP_111726	0.2175274426	0.02182582674	111	PD-173074	LSM-1026	FGFR1|FGFR3	0.04uM	HEPG2	24h	LINCSCP_111726
LINCSCP_243000	-0.217523456	0.02182830413	111	Fludarabine	LSM-5747	RRM1	10uM	MCF7	24h	LINCSCP_243000
LINCSCP_66082	0.2175218446	0.02182930559	111	BRD-K12744550-019-01-8	LSM-44540	NA	1uM	VCAP	24h	LINCSCP_66082
LINCSCP_53882	0.2175180701	0.02183165148	111	QS-11	LSM-5212	ARFGAP1	10uM	SNUC5	6h	LINCSCP_53882
LINCSCP_101767	-0.2175179666	0.02183171581	111	ARTESUNATE	LSM-45731	NA	0.37uM	HELA	24h	LINCSCP_101767
LINCSCP_65175	-0.2175079114	0.02183796628	111	BRD-K69236395	LSM-41037	NA	10uM	VCAP	6h	LINCSCP_65175
LINCSCP_32221	-0.2175041872	0.0218402817	111	Afatinib	LSM-43226	EGFR|ERBB2|ERBB4	10uM	MCF7	24h	LINCSCP_32221
LINCSCP_24674	0.2175036999	0.02184058467	111	JNJ-38877605	LSM-1157	MET	0.1uM	HS578T	24h	LINCSCP_24674
LINCSCP_44861	-0.2174820616	0.021854042	111	Rosiglitazone	LSM-1949	PPARG	80uM	PC3	24h	LINCSCP_44861
LINCSCP_24156	-0.2174757509	0.02185796805	111	13-Hydroxy-8,14,19-trimethoxy-4,10,12,16-tetramethyl-3,20,22-trioxo-2-azabicyclo[16.3.1]docosa-1(21),4,6,10,18-pentaen-9-yl carbamate	LSM-42815	HSP90AA1	10uM	HL60	6h	LINCSCP_24156
LINCSCP_125625	-0.2174751966	0.02185831295	111	BAY 87-2243	LSM-45786	NA	0.04uM	HT29	24h	LINCSCP_125625
LINCSCP_65450	0.2174649878	0.02186466553	111	BRD-K37073485	LSM-39303	NA	10uM	VCAP	6h	LINCSCP_65450
LINCSCP_54847	-0.2174620605	0.02186648743	111	L-Sulforaphane	LSM-4919	NFE2L2	10uM	THP1	6h	LINCSCP_54847
LINCSCP_140944	0.2174583707	0.02186878397	111	ACETYLCYSTEINE	LSM-45626	NA	0.04uM	MCF7	24h	LINCSCP_140944
LINCSCP_43261	-0.21744922	0.02187448043	111	CHEMBL1923808	LSM-37250	NA	10uM	NPC	24h	LINCSCP_43261
LINCSCP_102830	0.2174491926	0.02187449751	111	APD668	LSM-45930	NA	0.04uM	HELA	24h	LINCSCP_102830
LINCSCP_9692	0.2174397712	0.02188036381	111	Narciclasine	LSM-4934	RHOA	0.1uM	A549	24h	LINCSCP_9692
LINCSCP_45132	-0.217435514	0.02188301499	111	Fedratinib	LSM-1142	FLT3|JAK2	10uM	PC3	6h	LINCSCP_45132
LINCSCP_22316	0.2173919572	0.02191015632	111	MLS002473970	LSM-6545	NA	10uM	HEPG2	6h	LINCSCP_22316
LINCSCP_9735	-0.2173917349	0.0219102949	111	PF-04217903	LSM-1166	MET	0.5uM	A549	24h	LINCSCP_9735
LINCSCP_154616	0.2173821964	0.02191624248	111	Eplerenone	LSM-42771	NR3C2	1.11uM	PC3	24h	LINCSCP_154616
LINCSCP_29116	-0.2173797082	0.02191779417	111	KU0060648	LSM-4935	PIK3CA|PIK3CB|PIK3CD|PRKDC	10uM	JHUEM2	6h	LINCSCP_29116
LINCSCP_22986	-0.2173725313	0.0219222704	111	Chlorpromazine	LSM-4017	ADRA2A|ADRA2B|ADRA2C|DRD1|DRD2|DRD3|DRD4|DRD5|HRH1|HTR1A|HTR2A|HTR2C|HTR6|HTR7	10uM	HEPG2	6h	LINCSCP_22986
LINCSCP_168403	-0.2173616038	0.02192908733	111	AV-412 (free base)	LSM-45753	NA	10uM	YAPC	24h	LINCSCP_168403
LINCSCP_1711	-0.2173475872	0.02193783402	111	ML181	LSM-2790	NPBWR1	10uM	A375	6h	LINCSCP_1711
LINCSCP_62290	0.2173468206	0.02193831252	111	CHEMBL2356697	LSM-11433	NA	5uM	VCAP	24h	LINCSCP_62290
LINCSCP_16708	0.2173324598	0.02194727725	111	GNF-PF-2272	LSM-6669	NA	10uM	HA1E	6h	LINCSCP_16708
LINCSCP_270723	-0.217328295	0.02194987773	111	CHEMBL552425	LSM-1003	DDR1	10uM	PC3	24h	LINCSCP_270723
LINCSCP_43350	-0.2173146323	0.02195841049	111	BRN 1086272	LSM-37176	NA	10uM	NPC	6h	LINCSCP_43350
LINCSCP_226762	0.2172991114	0.02196810719	111	Tadalafil	LSM-4109	PDE11A|PDE5A	10uM	HT29	6h	LINCSCP_226762
LINCSCP_65728	-0.2172867768	0.02197581585	111	BRD-K90184854	LSM-42191	NA	10uM	VCAP	24h	LINCSCP_65728
LINCSCP_36830	-0.217279899	0.02198011527	111	HMN-214	LSM-42802	CSF1R|FLT1|FLT3|FLT4|KDR|KIT|PDGFRB|RET	10uM	MCF7	24h	LINCSCP_36830
LINCSCP_60494	-0.2172733393	0.02198421646	111	BRD-K01121544	LSM-6873	NA	5uM	VCAP	24h	LINCSCP_60494
LINCSCP_40037	-0.2172643545	0.02198983493	111	Olaparib	LSM-1145	PARP1|PARP2|PARP3	40uM	NCIH2073	6h	LINCSCP_40037
LINCSCP_56019	-0.2172434482	0.02200291313	111	SB-202190	LSM-3209	MAPK14	10uM	VCAP	24h	LINCSCP_56019
LINCSCP_18943	-0.2172305407	0.02201099087	111	Desipramine	LSM-3351	SLC6A2|SLC6A4	10uM	HCC515	24h	LINCSCP_18943
LINCSCP_81160	0.2172271673	0.0220131024	111	Buparlisib	LSM-1148	PIK3CA|PIK3CB|PIK3CD|PIK3CG|PIK3R1|PIK3R2|PIK3R3|PIK3R5	10uM	A549	24h	LINCSCP_81160
LINCSCP_53137	-0.2172152048	0.02202059165	111	BAY-117821	LSM-42889	NA	10uM	SKM1	6h	LINCSCP_53137
LINCSCP_14948	-0.2172129258	0.02202201869	111	Sertraline	LSM-3843	SLC6A4	10uM	HA1E	6h	LINCSCP_14948
LINCSCP_241001	-0.2172088291	0.02202458408	111	PHA-665752	LSM-42793	MET	10uM	MCF7	6h	LINCSCP_241001
LINCSCP_42272	-0.2171871799	0.02203814546	111	BRD-K35669573	LSM-29348	NA	10uM	NPC	24h	LINCSCP_42272
LINCSCP_4368	0.2171799676	0.02204266494	111	Alfaxalone	LSM-2922	GABBR1	10uM	A549	6h	LINCSCP_4368
LINCSCP_204084	0.2171522014	0.02206007159	111	Piperidolate	LSM-1951	CHRM1	10uM	ASC	24h	LINCSCP_204084
LINCSCP_72544	0.2171485297	0.02206237424	111	Ridaforolimus (Deforolimus, MK-8669)	LSM-45997	MTOR	1.11uM	A375	24h	LINCSCP_72544
LINCSCP_53590	-0.217139097	0.02206829086	111	CAY-10594	LSM-6256	PLD2	20uM	SNGM	6h	LINCSCP_53590
LINCSCP_43401	-0.2171339083	0.02207154597	111	15D-PGJ2	LSM-43081	PPARG	10uM	NPC	24h	LINCSCP_43401
LINCSCP_39983	-0.2171322622	0.02207257875	111	PF750	LSM-6277	FAAH	80uM	NCIH1836	6h	LINCSCP_39983
LINCSCP_308587	-0.2171256915	0.02207670165	111	BRD-M12187987	LSM-45005	NA	5uM	VCAP	6h	LINCSCP_308587
LINCSCP_145876	-0.2171200598	0.02208023595	111	SCHEMBL1564574	LSM-1006	CHEK1|CHEK2	0.37uM	MDAMB231	3h	LINCSCP_145876
LINCSCP_15196	0.2171168529	0.02208224865	111	YK 4-279	LSM-4933	DHX9|FLI1	10uM	HA1E	24h	LINCSCP_15196
LINCSCP_2009	-0.2170932812	0.0220970478	111	CHEMDIV1_009700	LSM-4562	NA	10uM	A375	6h	LINCSCP_2009
LINCSCP_125188	-0.217090939	0.0220985188	111	Triclabendazole	LSM-5875	DNMT1	10uM	HT29	24h	LINCSCP_125188
LINCSCP_44870	0.2170485601	0.02212514866	111	Parbendazole	LSM-4893	TUBB	0.5uM	PC3	24h	LINCSCP_44870
LINCSCP_65553	-0.2170359716	0.02213306423	111	BRD-K01093405	LSM-37340	NA	10uM	VCAP	24h	LINCSCP_65553
LINCSCP_126082	-0.2170335401	0.02213459341	111	Duloxetine	LSM-3591	SLC6A2|SLC6A3|SLC6A4	10uM	HT29	24h	LINCSCP_126082
LINCSCP_53876	0.2170141303	0.02214680376	111	NSC23766	LSM-1818	NA	100uM	SNUC5	6h	LINCSCP_53876
LINCSCP_83247	0.2170004168	0.02215543411	111	761437-28-9	LSM-1208	NA	0.04uM	ASC.C	24h	LINCSCP_83247
LINCSCP_285024	-0.2170002075	0.02215556585	111	Beta-Narcotine	LSM-4043	SIGMAR1	10uM	SKB	24h	LINCSCP_285024
LINCSCP_53055	0.217000163	0.02215559384	111	N-(Carboxycarbonyl)-d-phenylalanine	LSM-6270	NA	100uM	SKLU1	6h	LINCSCP_53055
LINCSCP_87717	-0.216995626	0.02215844981	111	NVP-AUY922	LSM-1162	NA	10uM	HA1E	24h	LINCSCP_87717
LINCSCP_4690	-0.2169943653	0.02215924343	111	Olaparib	LSM-1145	PARP1|PARP2|PARP3	40uM	A549	6h	LINCSCP_4690
LINCSCP_130519	-0.2169889543	0.02216265003	111	PF431396	LSM-1116	NA	3.33uM	MCF10A	24h	LINCSCP_130519
LINCSCP_95526	0.2169644916	0.0221780567	111	Semaxanib	LSM-42995	FLT1|FLT4|KDR|KIT|PDGFRB	0.12uM	HA1E	24h	LINCSCP_95526
LINCSCP_32554	-0.2169582357	0.02218199813	111	Quisinostat	LSM-5900	HDAC1|MDM2	10uM	MCF7	24h	LINCSCP_32554
LINCSCP_88821	-0.2169260403	0.02220229194	111	Pracinostat	LSM-43290	NA	3.33uM	HA1E	24h	LINCSCP_88821
LINCSCP_88000	0.2169163222	0.02220842072	111	936890-98-1	LSM-42786	MTOR	1.11uM	HA1E	24h	LINCSCP_88000
LINCSCP_63744	0.2169051214	0.02221548636	111	BRD-K76665741	LSM-13121	NA	5uM	VCAP	24h	LINCSCP_63744
LINCSCP_122626	-0.2169037919	0.02221632513	111	Ambroxol	LSM-3260	CYP3A4	10uM	HT29	24h	LINCSCP_122626
LINCSCP_207977	0.2168964475	0.02222095932	111	Calpeptin	LSM-2570	NA	10uM	HA1E	24h	LINCSCP_207977
LINCSCP_40125	0.2168757444	0.02223402697	111	114798-26-4	LSM-3701	AGTR1	100uM	NCIH2073	6h	LINCSCP_40125
LINCSCP_35389	-0.2168697847	0.02223778988	111	Tubastatin A	LSM-4806	HDAC6	10uM	MCF7	24h	LINCSCP_35389
LINCSCP_43524	-0.2168566251	0.02224610077	111	Tamoxifen	LSM-42959	ESR1|ESR2	10uM	NPC	24h	LINCSCP_43524
LINCSCP_28621	-0.2168548573	0.02224721742	111	E319	LSM-36677	NA	0.41uM	HT29	24h	LINCSCP_28621
LINCSCP_135772	0.2168525959	0.02224864592	111	Lexibulin	LSM-6232	TUBA1A|TUBA1B|TUBA1C|TUBA3E|TUBA4A|TUBB|TUBB1|TUBB2A|TUBB2B|TUBB3|TUBB4A|TUBB4B|TUBB6|TUBB8	1.11uM	MCF7	24h	LINCSCP_135772
LINCSCP_272025	0.2168413654	0.02225574131	111	CHEMBL2002102	LSM-39063	NA	10uM	PC3	24h	LINCSCP_272025
LINCSCP_103321	-0.2168334346	0.02226075314	111	Chenodeoxycholic Acid	LSM-45742	NA	3.33uM	HELA	24h	LINCSCP_103321
LINCSCP_123815	-0.2168311665	0.02226218659	111	Triflupromazine	LSM-3421	DRD2|HTR2B	10uM	HT29	24h	LINCSCP_123815
LINCSCP_77578	-0.2168234231	0.02226708118	111	pancuronium	LSM-45391	NA	0.04uM	A375	24h	LINCSCP_77578
LINCSCP_149881	0.2168204515	0.02226895976	111	SCHEMBL618594	LSM-1070	NA	3.33uM	NPC.TAK	24h	LINCSCP_149881
LINCSCP_11288	0.2168204444	0.02226896428	111	Zardaverine	LSM-2833	PDE4D	10uM	ASC	24h	LINCSCP_11288
LINCSCP_48959	-0.2168129998	0.02227367121	111	BRD-K34545919	LSM-44745	NA	10uM	PC3	24h	LINCSCP_48959
LINCSCP_150	0.2168047369	0.02227889651	111	Sildenafil	LSM-3797	PDE5A	10uM	A375	6h	LINCSCP_150
LINCSCP_63217	0.2168021462	0.02228053504	111	BRD-K31815095	LSM-10358	NA	5uM	VCAP	24h	LINCSCP_63217
LINCSCP_57017	-0.2168017377	0.02228079337	111	AC1NS4S0	LSM-43073	ATP2A1	10uM	VCAP	6h	LINCSCP_57017
LINCSCP_59542	0.2167958399	0.02228452393	111	Acebutolol	LSM-4384	ADRB1	10uM	VCAP	6h	LINCSCP_59542
LINCSCP_19165	-0.2167883382	0.02228926981	111	SPECTRUM_001088	LSM-1510	NR3C2	10uM	HCC515	6h	LINCSCP_19165
LINCSCP_48642	0.2167799028	0.02229460742	111	BRD-K10799838	LSM-44689	NA	10uM	PC3	6h	LINCSCP_48642
LINCSCP_201158	0.216775779	0.02229721722	111	AZD-1152-HQPA	LSM-1067	AURKA|AURKB	0.01uM	A549	24h	LINCSCP_201158
LINCSCP_19192	-0.216766339	0.02230319238	111	CGS-15943	LSM-3076	ADORA1|ADORA2A|ADORA2B	10uM	HCC515	6h	LINCSCP_19192
LINCSCP_203	0.2167615582	0.02230621899	111	Pentobarbital	LSM-1566	GABRA1|GABRA2|GABRA3|GABRA4|GABRA5|GABRA6|GABRB1|GABRB2|GABRB3|GABRD|GABRE|GABRG1|GABRG2|GABRG3|GABRP|GABRQ	10uM	A375	24h	LINCSCP_203
LINCSCP_18695	-0.2167459993	0.02231607134	111	Ehna	LSM-2600	ADA|PDE2A	10uM	HCC515	6h	LINCSCP_18695
LINCSCP_128837	-0.2167369865	0.02232178023	111	Entinostat	LSM-4811	HDAC1|HDAC10|HDAC11|HDAC2|HDAC3|HDAC4|HDAC5|HDAC6|HDAC7|HDAC8|HDAC9	1.11uM	HUVEC	24h	LINCSCP_128837
LINCSCP_128985	0.2167342853	0.02232349146	111	AZ20	LSM-36357	NA	3.33uM	HUVEC	24h	LINCSCP_128985
LINCSCP_22833	0.2167295066	0.02232651911	111	Talampicillin	LSM-1304	NA	10uM	HEPG2	6h	LINCSCP_22833
LINCSCP_216248	-0.2166786802	0.0223587428	111	KUC104223	LSM-3409	NA	10uM	HCC515	6h	LINCSCP_216248
LINCSCP_30120	0.216673091	0.0223622888	111	Valproic acid	LSM-4620	ABAT|ALDH5A1|HDAC1|SCN1A|SCN3A	1uM	MCF7	24h	LINCSCP_30120
LINCSCP_125998	-0.2166546271	0.0223740063	111	Escitalopram	LSM-3569	SLC6A4	10uM	HT29	24h	LINCSCP_125998
LINCSCP_178223	-0.2166524654	0.02237537845	111	CHEMBL1270912	LSM-2769	NA	10uM	A375	6h	LINCSCP_178223
LINCSCP_9649	-0.2166494855	0.02237727015	111	Doxorubicin	LSM-4062	TOP2A	3uM	A549	6h	LINCSCP_9649
LINCSCP_10008	0.2166322749	0.02238819842	111	Wortmannin	LSM-3947	PIK3CA|PIK3CG|PLK1	10uM	A549	24h	LINCSCP_10008
LINCSCP_87327	0.2166290626	0.02239023865	111	Chelerythrine	LSM-1187	NA	0.12uM	CD34	24h	LINCSCP_87327
LINCSCP_67626	-0.2166132302	0.02240029657	111	13-Hydroxy-8,14,19-trimethoxy-4,10,12,16-tetramethyl-3,20,22-trioxo-2-azabicyclo[16.3.1]docosa-1(21),4,6,10,18-pentaen-9-yl carbamate	LSM-42815	HSP90AA1	10uM	MCF7	24h	LINCSCP_67626
LINCSCP_638	-0.2166044938	0.02240584826	111	CHEMBL416418	LSM-6211	ASAH1|UGCG	60uM	A375	24h	LINCSCP_638
LINCSCP_68320	-0.2165915523	0.02241407436	111	13-Hydroxy-8,14,19-trimethoxy-4,10,12,16-tetramethyl-3,20,22-trioxo-2-azabicyclo[16.3.1]docosa-1(21),4,6,10,18-pentaen-9-yl carbamate	LSM-42815	HSP90AA1	10uM	VCAP	24h	LINCSCP_68320
LINCSCP_161261	-0.21658905	0.0224156652	111	Leflunomide	LSM-3771	DHODH	0.37uM	PC3	24h	LINCSCP_161261
LINCSCP_109261	-0.2165662558	0.02243016113	111	Dorzolamide HCL	LSM-45672	NA	0.12uM	HELA	24h	LINCSCP_109261
LINCSCP_13609	0.2165633448	0.02243201291	111	Hemado	LSM-1233	ADORA3	10uM	HA1E	24h	LINCSCP_13609
LINCSCP_107451	0.2165454429	0.02244340405	111	Aprepitant	LSM-45261	NA	10uM	HELA	24h	LINCSCP_107451
LINCSCP_157637	-0.216539691	0.02244706512	111	Ketoconazole	LSM-6434	NA	10uM	PC3	24h	LINCSCP_157637
LINCSCP_19344	-0.2165019407	0.02247110555	111	MLS003448149	LSM-3003	NA	10uM	HCC515	24h	LINCSCP_19344
LINCSCP_44225	-0.2165001422	0.02247225144	111	GR-79236	LSM-2899	ADORA1	10uM	PC3	24h	LINCSCP_44225
LINCSCP_35277	-0.2164990262	0.02247296252	111	BRD-K06816133	LSM-37634	NA	10uM	MCF7	24h	LINCSCP_35277
LINCSCP_149864	0.2164980216	0.02247360259	111	Vandetanib	LSM-1199	EGFR|EPHA1|EPHA10|EPHA2|EPHA3|EPHA4|EPHA5|EPHA6|EPHA7|EPHA8|EPHB1|EPHB2|EPHB3|EPHB4|EPHB6|ERBB2|ERBB3|ERBB4|FLT1|FLT4|KDR|PTK6|RET|SRC|TEK	0.12uM	NPC.TAK	24h	LINCSCP_149864
LINCSCP_119164	-0.2164968991	0.02247431783	111	Bardoxolone Methyl	LSM-45471	IKBKB|KEAP1|NFE2L2|PPARG	1.11uM	HT29	24h	LINCSCP_119164
LINCSCP_892	-0.2164919805	0.02247745216	111	Blebbistatin	LSM-6195	MYH2	40uM	A375	6h	LINCSCP_892
LINCSCP_176243	-0.2164768708	0.02248708296	111	Dihydroorotate Dehydrogenase Inhibitor, Brequinar	LSM-45952	NA	0.12uM	YAPC	24h	LINCSCP_176243
LINCSCP_235631	0.2164605819	0.0224974693	111	Troglitazone	LSM-4890	PPARG	0.5uM	MCF7	6h	LINCSCP_235631
LINCSCP_133995	-0.2164332529	0.02251490447	111	amcinonide	NA	NA	10uM	MCF7	24h	LINCSCP_133995
LINCSCP_80995	-0.2163886836	0.02254336334	111	Rosiglitazone	LSM-1949	PPARG	1.11uM	A375	24h	LINCSCP_80995
LINCSCP_26070	-0.2163671889	0.02255709933	111	CHEMBL2136110	LSM-2505	NA	10uM	HT29	6h	LINCSCP_26070
LINCSCP_50194	-0.2163597774	0.02256183725	111	Skiii	LSM-2462	SPHK1	10uM	PHH	24h	LINCSCP_50194
LINCSCP_59907	-0.2163586938	0.02256253004	111	BRD-K69295800	LSM-41043	NA	5uM	VCAP	24h	LINCSCP_59907
LINCSCP_141871	0.2163433902	0.02257231608	111	NMS-1286937	LSM-45818	NA	1.11uM	MCF7	24h	LINCSCP_141871
LINCSCP_25599	-0.2163411407	0.02257375487	111	CHEMBL179288	LSM-3648	NA	10uM	HT29	24h	LINCSCP_25599
LINCSCP_49583	0.2163365405	0.02257669738	111	Wortmannin	LSM-3947	PIK3CA|PIK3CG|PLK1	0.12uM	PC3	24h	LINCSCP_49583
LINCSCP_80181	-0.2163360103	0.02257703655	111	BX471	LSM-45629	NA	3.33uM	A375	24h	LINCSCP_80181
LINCSCP_128559	0.2163147536	0.02259063782	111	BRD-A25736793	LSM-43054	MTOR	0.04uM	HUVEC	24h	LINCSCP_128559
LINCSCP_217171	0.2163022402	0.02259864796	111	BRD-K08777248	LSM-37743	NA	10uM	HCC515	6h	LINCSCP_217171
LINCSCP_308736	-0.2163019078	0.02259886072	111	BRD-K65761985	LSM-12437	NA	5uM	VCAP	24h	LINCSCP_308736
LINCSCP_138468	0.2162385649	0.02263944555	111	Colchicine	LSM-5199	TUBA1A|TUBA1B|TUBA1C|TUBA3E|TUBA4A|TUBB|TUBB1|TUBB2A|TUBB2B|TUBB3|TUBB4A|TUBB4B|TUBB6|TUBB8	10uM	MCF7	24h	LINCSCP_138468
LINCSCP_22754	-0.2162356574	0.02264130997	111	SR59230A	LSM-2774	ADRB3	10uM	HEPG2	6h	LINCSCP_22754
LINCSCP_294968	0.2162256248	0.02264774417	111	MEGXM0_000433	LSM-43072	NA	10uM	VCAP	6h	LINCSCP_294968
LINCSCP_84870	-0.2162232445	0.02264927096	111	SB-203580	LSM-1168	MAPK1|MAPK11|MAPK14	10uM	ASC	24h	LINCSCP_84870
LINCSCP_20487	0.216206641	0.02265992337	111	Tyrphostin AG 126	LSM-5752	NA	10uM	HCC515	6h	LINCSCP_20487
LINCSCP_52220	0.2161971493	0.02266601498	111	ST072947	LSM-43087	NA	10uM	SKB	24h	LINCSCP_52220
LINCSCP_10702	-0.2161669454	0.02268540857	111	ZINC27645180	LSM-5250	NFKB1|TNF	10uM	ASC	24h	LINCSCP_10702
LINCSCP_160803	0.216155257	0.02269291738	111	HMN-214	LSM-42802	CSF1R|FLT1|FLT3|FLT4|KDR|KIT|PDGFRB|RET	3.33uM	PC3	24h	LINCSCP_160803
LINCSCP_131300	-0.2161512054	0.02269552066	111	BMS-387032	LSM-1132	CDK2|CDK7|CDK9	0.12uM	MCF10A	24h	LINCSCP_131300
LINCSCP_47155	0.2161495006	0.02269661616	111	CHEMBL2357745	LSM-6159	NA	10uM	PC3	24h	LINCSCP_47155
LINCSCP_82732	0.2161319674	0.02270788531	111	GW620972X	LSM-1209	NA	0.12uM	A549	24h	LINCSCP_82732
LINCSCP_47380	-0.2161249946	0.02271236832	111	CVF-SUMO-14	LSM-4841	NA	10uM	PC3	6h	LINCSCP_47380
LINCSCP_163129	-0.2161249423	0.02271240195	111	CP-724714	LSM-42777	ERBB2	1.11uM	SKBR3	3h	LINCSCP_163129
LINCSCP_227929	-0.2161107827	0.02272150782	111	PK04PUR_000351	LSM-36678	NA	10uM	HT29	6h	LINCSCP_227929
LINCSCP_128285	0.2161060299	0.02272456497	111	BMS-509744	LSM-1137	NA	0.37uM	HUES3	24h	LINCSCP_128285
LINCSCP_53804	-0.2161052917	0.0227250399	111	Cerulenin	LSM-43210	FASN	40uM	SNUC4	6h	LINCSCP_53804
LINCSCP_220909	0.2160898959	0.02273494561	111	AC1NSZMI	LSM-1768	NA	10uM	HEPG2	6h	LINCSCP_220909
LINCSCP_9128	-0.2160499864	0.02276064087	111	13-Hydroxy-8,14,19-trimethoxy-4,10,12,16-tetramethyl-3,20,22-trioxo-2-azabicyclo[16.3.1]docosa-1(21),4,6,10,18-pentaen-9-yl carbamate	LSM-42815	HSP90AA1	1uM	A549	24h	LINCSCP_9128
LINCSCP_15012	-0.2159856336	0.02280212602	111	AC1MD3YP	LSM-1801	EIF2S1	10uM	HA1E	24h	LINCSCP_15012
LINCSCP_314	0.2159682538	0.02281334103	111	Andreson	LSM-2965	NA	10uM	A375	24h	LINCSCP_314
LINCSCP_41650	-0.2159507643	0.02282463164	111	CHEMBL2359871	LSM-10199	NA	3uM	NKDBA	24h	LINCSCP_41650
LINCSCP_22348	0.2159504408	0.02282484052	111	N-[(4-Fluoro-3-methylphenyl)sulfonyl]glycine	LSM-4587	NA	10uM	HEPG2	6h	LINCSCP_22348
LINCSCP_11174	-0.2159398717	0.0228316659	111	Trimethobenzamide	LSM-2750	DRD2	10uM	ASC	24h	LINCSCP_11174
LINCSCP_84268	0.2159307795	0.02283753896	111	SB525334	LSM-1121	TGFBR1	10uM	ASC	24h	LINCSCP_84268
LINCSCP_145462	-0.2159270713	0.02283993463	111	PD-173074	LSM-1026	FGFR1|FGFR3	1.11uM	MDAMB231	24h	LINCSCP_145462
LINCSCP_43245	-0.2159176967	0.02284599196	111	Cerulenin	LSM-43210	FASN	10uM	NPC	24h	LINCSCP_43245
LINCSCP_252434	0.2159040349	0.02285482192	111	SA-84512	LSM-39138	NA	0.5uM	MCF7	6h	LINCSCP_252434
LINCSCP_33221	-0.2159036026	0.02285510141	111	PP 1	LSM-3047	NA	10uM	MCF7	6h	LINCSCP_33221
LINCSCP_172414	0.2158890826	0.02286448932	111	Scopolamine	LSM-1684	CHRM1|CHRM2|CHRM3|CHRM4	0.37uM	YAPC	24h	LINCSCP_172414
LINCSCP_33273	-0.2158888016	0.02286467103	111	Buspirone	LSM-4105	HTR1A	10uM	MCF7	6h	LINCSCP_33273
LINCSCP_112868	0.2158663093	0.0228792201	111	AZD 1480	LSM-1140	JAK1|JAK2	1.11uM	HEPG2	24h	LINCSCP_112868
LINCSCP_44475	-0.2158566092	0.02288549705	111	UNII-MET7ZRB8Y7	LSM-3754	NA	10uM	PC3	6h	LINCSCP_44475
LINCSCP_65448	0.2158402018	0.02289611761	111	BRD-K35616093	LSM-15137	NA	10uM	VCAP	6h	LINCSCP_65448
LINCSCP_263287	-0.2158389037	0.02289695809	111	BRD-K88373420	LSM-42088	NA	10uM	NPC	24h	LINCSCP_263287
LINCSCP_33086	-0.2158345267	0.02289979212	111	Hinokitiol	LSM-2835	NA	10uM	MCF7	24h	LINCSCP_33086
LINCSCP_25452	-0.2158344023	0.02289987267	111	QS-11	LSM-5212	ARFGAP1	10uM	HT29	24h	LINCSCP_25452
LINCSCP_14870	0.215799922	0.02292220878	111	GW-5074	LSM-42779	RAF1	10uM	HA1E	6h	LINCSCP_14870
LINCSCP_16278	0.2157955862	0.02292501885	111	BRD-8899	LSM-29350	NA	10uM	HA1E	6h	LINCSCP_16278
LINCSCP_117840	-0.2157904347	0.02292835787	111	SB239063	LSM-1036	MAPK11|MAPK14	0.37uM	HT29	24h	LINCSCP_117840
LINCSCP_14756	-0.2157850108	0.02293187397	111	Desipramine	LSM-3351	SLC6A2|SLC6A4	10uM	HA1E	24h	LINCSCP_14756
LINCSCP_153883	0.2157798072	0.02293524769	111	KPT-330	LSM-45842	XPO1	3.33uM	PC3	24h	LINCSCP_153883
LINCSCP_209323	0.2157759715	0.02293773478	111	Primidone	LSM-2700	GABRA1|GABRA2|GABRA3|GABRA4|GABRA5|GABRA6|GABRB1|GABRB2|GABRB3|GABRD|GABRE|GABRG1|GABRG2|GABRG3|GABRP|GABRQ|SCN10A|SCN11A|SCN1A|SCN2A|SCN3A|SCN4A|SCN5A|SCN7A|SCN8A|SCN9A	10uM	HA1E	6h	LINCSCP_209323
LINCSCP_42250	-0.2157690032	0.02294225369	111	AC1NAR46	LSM-4866	NA	10uM	NPC	24h	LINCSCP_42250
LINCSCP_56187	0.2157665066	0.02294387291	111	SC68376	LSM-3919	MAPK14	10uM	VCAP	6h	LINCSCP_56187
LINCSCP_212492	-0.2157503309	0.02295436635	111	BRD-K01621458	LSM-45313	NA	10uM	HA1E	24h	LINCSCP_212492
LINCSCP_66370	-0.2157499729	0.02295459864	111	Trichostatin A, Streptomyces Sp.	LSM-42814	HDAC1|HDAC10|HDAC3|HDAC4|HDAC6|HDAC7|HDAC8	10uM	A375	6h	LINCSCP_66370
LINCSCP_87832	0.2157088139	0.0229813179	111	Dactolisib	LSM-4255	MTOR|PIK3CA|PIK3CB|PIK3CD|PIK3CG|PIK3R1|PIK3R2|PIK3R3|PIK3R5	1.11uM	HA1E	24h	LINCSCP_87832
LINCSCP_53898	-0.2156780992	0.02300127439	111	Fedratinib	LSM-1142	FLT3|JAK2	10uM	SNUC5	6h	LINCSCP_53898
LINCSCP_22418	-0.2156344359	0.02302966966	111	CP-724714	LSM-42777	ERBB2	10uM	HEPG2	6h	LINCSCP_22418
LINCSCP_163287	-0.2156283896	0.02303360402	111	Foretinib	LSM-1158	FLT1|FLT3|FLT4|KDR|KIT|MET|PDGFRA|PDGFRB|TEK	0.12uM	SKBR3	3h	LINCSCP_163287
LINCSCP_201107	-0.2156280844	0.02303380269	111	Thioridazine	LSM-1863	DRD1|DRD2|DRD3|DRD4|HTR2A|HTR2C	10uM	A549	24h	LINCSCP_201107
LINCSCP_8670	0.2156144959	0.02304264703	111	BRD-K46065939	LSM-11235	NA	5uM	A549	24h	LINCSCP_8670
LINCSCP_5819	-0.2155904985	0.0230582734	111	GR-89696	LSM-1919	OPRK1	10uM	A549	6h	LINCSCP_5819
LINCSCP_238360	0.2155833531	0.02306292805	111	Andreson	LSM-2965	NA	10uM	MCF7	24h	LINCSCP_238360
LINCSCP_135576	0.2155765912	0.02306733356	111	Setiptiline	LSM-45982	NA	0.12uM	MCF7	24h	LINCSCP_135576
LINCSCP_125952	-0.2155543715	0.02308181533	111	Diacerein	LSM-5766	IL1B	1.11uM	HT29	24h	LINCSCP_125952
LINCSCP_16825	-0.2155500749	0.0230846165	111	BRD-K39289507	LSM-39439	NA	10uM	HA1E	6h	LINCSCP_16825
LINCSCP_175209	-0.2155457412	0.02308744222	111	5-BrdU	LSM-45493	NA	3.33uM	YAPC	24h	LINCSCP_175209
LINCSCP_5459	0.2155337326	0.02309527376	111	Gatifloxacin	LSM-5139	NA	10uM	A549	6h	LINCSCP_5459
LINCSCP_2596	-0.2155322836	0.02309621889	111	Scriptaid	LSM-2499	HDAC1	10uM	A375	6h	LINCSCP_2596
LINCSCP_47688	-0.2155234195	0.02310200136	111	Merbromin	LSM-44960	NA	10uM	PC3	6h	LINCSCP_47688
LINCSCP_66822	-0.2155176496	0.02310576596	111	13-Hydroxy-8,14,19-trimethoxy-4,10,12,16-tetramethyl-3,20,22-trioxo-2-azabicyclo[16.3.1]docosa-1(21),4,6,10,18-pentaen-9-yl carbamate	LSM-42815	HSP90AA1	10uM	HA1E	6h	LINCSCP_66822
LINCSCP_13665	0.2155132304	0.02310864969	111	AC1MSQZQ	LSM-1945	TACR1	10uM	HA1E	24h	LINCSCP_13665
LINCSCP_240857	0.215513088	0.02310874261	111	Fluconazole	LSM-2106	CYP51A1	10uM	MCF7	6h	LINCSCP_240857
LINCSCP_32717	0.215503721	0.02311485603	111	3-Methylcholanthrene	LSM-5711	AHR	10uM	MCF7	6h	LINCSCP_32717
LINCSCP_77664	-0.2154952387	0.02312039319	111	Thioguanine	LSM-6723	NA	1.11uM	A375	24h	LINCSCP_77664
LINCSCP_124906	-0.2154656427	0.02313972221	111	SPECTRUM_000090	LSM-1817	ADRA2A|ADRA2B|ADRA2C|DRD1|DRD2|DRD3|DRD4|DRD5|HTR1A|HTR1B|HTR1D|HTR2A|HTR2B|HTR2C	10uM	HT29	24h	LINCSCP_124906
LINCSCP_202641	0.2154655887	0.02313975745	111	Raloxifene	LSM-3425	ESR1|ESR2	1.11uM	A549	24h	LINCSCP_202641
LINCSCP_37547	0.2154563777	0.02314577597	111	D-64131	LSM-2592	TUBB	1uM	MCF7	6h	LINCSCP_37547
LINCSCP_21931	-0.2154518548	0.0231487317	111	MLS002264459	LSM-3975	NA	10uM	HEPG2	6h	LINCSCP_21931
LINCSCP_113496	0.2154508593	0.02314938235	111	PD-173074	LSM-1026	FGFR1|FGFR3	0.37uM	HME1	3h	LINCSCP_113496
LINCSCP_48353	-0.2154340587	0.0231603648	111	BRD-K18929270	LSM-38284	NA	5uM	PC3	24h	LINCSCP_48353
LINCSCP_56086	-0.2154221381	0.02316815992	111	Quercetin	LSM-4199	PIK3CG	10uM	VCAP	24h	LINCSCP_56086
LINCSCP_163169	-0.2153816842	0.02319463032	111	NU-7441	LSM-1061	PRKDC	10uM	SKBR3	3h	LINCSCP_163169
LINCSCP_129756	0.2153664026	0.02320463635	111	SCHEMBL6874948	LSM-5674	LCK	0.04uM	LNCAP	24h	LINCSCP_129756
LINCSCP_97822	0.2153657674	0.02320505235	111	REGADENOSON	LSM-45927	NA	10uM	HA1E	24h	LINCSCP_97822
LINCSCP_36284	-0.2153552942	0.02321191216	111	Trichostatin	LSM-43005	HDAC1|HDAC10|HDAC3|HDAC4|HDAC6|HDAC7|HDAC8	10uM	MCF7	24h	LINCSCP_36284
LINCSCP_12350	-0.2153483222	0.02321647974	111	PF431396	LSM-1116	NA	1uM	BT20	6h	LINCSCP_12350
LINCSCP_187619	-0.2153461397	0.0232179097	111	Thioridazine	LSM-1863	DRD1|DRD2|DRD3|DRD4|HTR2A|HTR2C	10uM	A549	24h	LINCSCP_187619
LINCSCP_78000	0.2153363121	0.02322434972	111	Bimatoprost	LSM-45826	NA	1.11uM	A375	24h	LINCSCP_78000
LINCSCP_92999	-0.2153286016	0.02322940339	111	CI-1040	LSM-1048	MAP2K1|MAP2K2	0.37uM	HA1E	24h	LINCSCP_92999
LINCSCP_176287	-0.2153240012	0.0232324191	111	Deferasirox	LSM-45297	NA	10uM	YAPC	24h	LINCSCP_176287
LINCSCP_70680	0.2153230499	0.02323304275	111	GW620972X	LSM-1209	NA	10uM	A375	24h	LINCSCP_70680
LINCSCP_2641	-0.21532254	0.02323337707	111	Procainamide	LSM-3681	SCN10A|SCN11A|SCN1A|SCN2A|SCN3A|SCN4A|SCN5A|SCN7A|SCN8A|SCN9A	10uM	A375	6h	LINCSCP_2641
LINCSCP_83040	-0.2153207595	0.02323454438	111	CHEMBL3182395	LSM-1164	MAP2K5|MAPK7	3.33uM	ASC.C	24h	LINCSCP_83040
LINCSCP_53691	0.2153091105	0.02324218275	111	ST021200	LSM-4601	NA	10uM	SNU1040	6h	LINCSCP_53691
LINCSCP_88183	0.2152857356	0.02325751645	111	ZSTK 474	LSM-1053	PIK3CG	1.11uM	HA1E	24h	LINCSCP_88183
LINCSCP_4313	0.2152843561	0.02325842165	111	BH3I-1&PRIME;	LSM-42832	BCL2L1	10uM	A549	6h	LINCSCP_4313
LINCSCP_5360	0.2152726703	0.0232660909	111	Glycopyrrolate	LSM-5163	CHRM1|CHRM2|CHRM3	10uM	A549	24h	LINCSCP_5360
LINCSCP_68196	-0.2152682345	0.02326900264	111	Vorinostat	LSM-3828	HDAC1|HDAC2|HDAC3|HDAC6|HDAC8	10uM	RMUGS	6h	LINCSCP_68196
LINCSCP_15616	-0.215249809	0.02328110079	111	CID-2858522	LSM-3337	NA	10uM	HA1E	6h	LINCSCP_15616
LINCSCP_17333	0.2152371186	0.02328943645	111	BRD-K54343811	LSM-44966	NA	10uM	HA1E	24h	LINCSCP_17333
LINCSCP_49629	-0.2152042189	0.02331105835	111	Broad-Sai-443	LSM-45300	NA	10uM	PC3	24h	LINCSCP_49629
LINCSCP_48447	-0.2151792607	0.02332747247	111	BRD-K62242359	LSM-40671	NA	10uM	PC3	24h	LINCSCP_48447
LINCSCP_128554	0.2151638545	0.02333760955	111	BRD-A25736793	LSM-43054	MTOR	10uM	HUVEC	24h	LINCSCP_128554
LINCSCP_61457	-0.2151628252	0.02333828694	111	BRD-K44681861	LSM-11145	NA	5uM	VCAP	24h	LINCSCP_61457
LINCSCP_47263	0.2151487818	0.02334753083	111	Methyl 1-hydroxy-7-(hydroxymethyl)-1,4a,5,7a-tetrahydrocyclopenta[c]pyran-4-carboxylate	LSM-4955	NA	10uM	PC3	24h	LINCSCP_47263
LINCSCP_43668	-0.2151370824	0.0233552342	111	Vorinostat	LSM-3828	HDAC1|HDAC2|HDAC3|HDAC6|HDAC8	10uM	NPC	6h	LINCSCP_43668
LINCSCP_135740	-0.2151200994	0.02336642037	111	Bardoxolone Methyl	LSM-45471	IKBKB|KEAP1|NFE2L2|PPARG	10uM	MCF7	24h	LINCSCP_135740
LINCSCP_31645	-0.2150951852	0.02338283887	111	CHEMBL1433941	LSM-3587	NA	10uM	MCF7	24h	LINCSCP_31645
LINCSCP_17114	-0.2150925043	0.02338460616	111	Tacedinaline	LSM-19036	HDAC1|HDAC10|HDAC11|HDAC2|HDAC3|HDAC4|HDAC5|HDAC6|HDAC7|HDAC8|HDAC9	5uM	HA1E	24h	LINCSCP_17114
LINCSCP_139893	0.2150774922	0.02339450459	111	TAK-242	LSM-45934	NA	0.12uM	MCF7	24h	LINCSCP_139893
LINCSCP_45813	0.2150555481	0.02340898015	111	KUC104123	LSM-2866	NA	10uM	PC3	6h	LINCSCP_45813
LINCSCP_43993	-0.215030585	0.02342545659	111	ZK 164015	LSM-2085	NA	10uM	PC3	24h	LINCSCP_43993
LINCSCP_14892	-0.2150253006	0.0234289457	111	Zuclomiphene	LSM-42849	ESR1	10uM	HA1E	6h	LINCSCP_14892
LINCSCP_41013	0.21497413	0.02346275516	111	RO-194603	LSM-3815	NA	10uM	NEU	24h	LINCSCP_41013
LINCSCP_71766	0.2149650932	0.02346873027	111	Pemirolast (BMY 26517) potassium	LSM-45285	NA	3.33uM	A375	24h	LINCSCP_71766
LINCSCP_145889	0.214954968	0.0234754266	111	Sirolimus	LSM-42783	FKBP1A|MTOR	0.12uM	MDAMB231	3h	LINCSCP_145889
LINCSCP_115126	-0.2149509459	0.02347808712	111	PD-0325901	LSM-1101	MAP2K1|MAP2K2	0.12uM	HS578T	3h	LINCSCP_115126
LINCSCP_35770	0.2149214558	0.02349760169	111	Ingenol 3,20-dibenzoate	LSM-4445	PRKCD|PRKCE	0.1uM	MCF7	6h	LINCSCP_35770
LINCSCP_97546	0.2149059516	0.02350786692	111	SIN-1, Hydrochloride	LSM-45857	NA	0.04uM	HA1E	24h	LINCSCP_97546
LINCSCP_14476	0.2148993205	0.02351225845	111	Mnitmt	LSM-3401	NA	10uM	HA1E	24h	LINCSCP_14476
LINCSCP_31672	-0.2148971711	0.02351368211	111	SR-02000000241	LSM-4082	NA	10uM	MCF7	24h	LINCSCP_31672
LINCSCP_211781	0.2148956554	0.02351468603	111	Genistein	LSM-5549	CFTR|ESR2	10uM	HA1E	6h	LINCSCP_211781
LINCSCP_10414	-0.2148809561	0.02352442431	111	10-DEBC	LSM-4710	PIM1	20uM	A673	6h	LINCSCP_10414
LINCSCP_123403	-0.2148761967	0.02352757811	111	Tacedinaline	LSM-19036	HDAC1|HDAC10|HDAC11|HDAC2|HDAC3|HDAC4|HDAC5|HDAC6|HDAC7|HDAC8|HDAC9	10uM	HT29	24h	LINCSCP_123403
LINCSCP_69635	0.2148579684	0.02353966051	111	TORIN1	LSM-1079	MTOR	0.37uM	A375	24h	LINCSCP_69635
LINCSCP_137018	-0.2148557879	0.02354110623	111	AC1MJ3VH	LSM-1731	TOP2A	1.11uM	MCF7	24h	LINCSCP_137018
LINCSCP_153505	-0.2148462283	0.02354744512	111	LX-1031	LSM-45540	NA	3.33uM	PC3	24h	LINCSCP_153505
LINCSCP_161284	0.2148437199	0.02354910868	111	CEFOTETAN	LSM-45671	NA	1.11uM	PC3	24h	LINCSCP_161284
LINCSCP_855	-0.2148390736	0.0235521903	111	Tamoxifen	LSM-42959	ESR1|ESR2	30uM	A375	24h	LINCSCP_855
LINCSCP_69388	-0.2148265553	0.02356049472	111	BI-2536	LSM-1041	PLK1	1.11uM	A375	24h	LINCSCP_69388
LINCSCP_11458	0.2148160664	0.02356745485	111	SB225002	LSM-3367	CXCR2	10uM	ASC	24h	LINCSCP_11458
LINCSCP_48619	-0.2148134348	0.0235692014	111	BRD-K53923090	LSM-40230	NA	10uM	PC3	24h	LINCSCP_48619
LINCSCP_131210	-0.2148128243	0.02356960656	111	BI-2536	LSM-1041	PLK1	0.12uM	MCF10A	24h	LINCSCP_131210
LINCSCP_156999	0.2148020282	0.02357677293	111	Mepivacaine	LSM-4306	SCN10A|SCN11A|SCN1A|SCN2A|SCN3A|SCN4A|SCN5A|SCN7A|SCN8A|SCN9A	0.37uM	PC3	24h	LINCSCP_156999
LINCSCP_25455	-0.2147949435	0.02358147664	111	Rottlerin	LSM-42845	NA	10uM	HT29	24h	LINCSCP_25455
LINCSCP_178112	-0.2147824273	0.02358978856	111	13-Hydroxy-8,14,19-trimethoxy-4,10,12,16-tetramethyl-3,20,22-trioxo-2-azabicyclo[16.3.1]docosa-1(21),4,6,10,18-pentaen-9-yl carbamate	LSM-42815	HSP90AA1	10uM	A375	6h	LINCSCP_178112
LINCSCP_14137	0.2147542394	0.02360851702	111	Gliquidone	LSM-3809	ABCC8	10uM	HA1E	24h	LINCSCP_14137
LINCSCP_94810	0.2147541394	0.0236085835	111	Ozagrel	LSM-42902	TBXAS1	10uM	HA1E	24h	LINCSCP_94810
LINCSCP_173672	0.2147511474	0.02361057219	111	Palovarotene	LSM-45512	RARG	0.37uM	YAPC	24h	LINCSCP_173672
LINCSCP_91819	0.2147485339	0.02361230943	111	TORIN1	LSM-1079	MTOR	0.37uM	HA1E	24h	LINCSCP_91819
LINCSCP_153109	-0.214743966	0.023615346	111	NP118809	LSM-45765	CACNA1B	10uM	PC3	24h	LINCSCP_153109
LINCSCP_67979	0.2147361018	0.02362057469	111	Vorinostat	LSM-3828	HDAC1|HDAC2|HDAC3|HDAC6|HDAC8	0.1uM	PC3	24h	LINCSCP_67979
LINCSCP_51037	-0.214694198	0.02364845191	111	CYTO7H11	LSM-4351	BAX	10uM	RMUGS	6h	LINCSCP_51037
LINCSCP_100104	0.2146823277	0.02365635399	111	Tivozanib	LSM-1005	FLT1|FLT4|KDR|KIT|PDGFRA|PDGFRB	1.11uM	HCC515	24h	LINCSCP_100104
LINCSCP_31226	0.2146772001	0.02365976812	111	MLS003448164	LSM-4226	NA	10uM	MCF7	24h	LINCSCP_31226
LINCSCP_171040	-0.2146771507	0.02365980097	111	Clofazimine	LSM-5669	NA	10uM	YAPC	24h	LINCSCP_171040
LINCSCP_77723	-0.2146682834	0.02366570617	111	SPECTRUM_000403	LSM-1605	NR3C1	3.33uM	A375	24h	LINCSCP_77723
LINCSCP_310878	0.2146156983	0.02370075102	111	BRD-K82364958	LSM-41769	NA	10uM	VCAP	24h	LINCSCP_310878
LINCSCP_51477	0.2146122377	0.02370305884	111	CHEMBL3188944	LSM-6296	NA	0.1uM	SKBR3	24h	LINCSCP_51477
LINCSCP_242049	0.2145939866	0.02371523353	111	Atomoxetine	LSM-2452	SLC6A2|SLC6A3|SLC6A4	10uM	MCF7	24h	LINCSCP_242049
LINCSCP_149006	-0.2145834163	0.02372228705	111	Belinostat	LSM-43181	HDAC1|HDAC10|HDAC11|HDAC2|HDAC3|HDAC4|HDAC5|HDAC6|HDAC7|HDAC8|HDAC9	0.37uM	NPC	24h	LINCSCP_149006
LINCSCP_14217	-0.2145824556	0.02372292817	111	Abexinostat	LSM-2269	HDAC1|HDAC10|HDAC2|HDAC3|HDAC6	10uM	HA1E	6h	LINCSCP_14217
LINCSCP_172359	-0.2145622664	0.0237364057	111	Andrographolide	LSM-45595	NA	3.33uM	YAPC	24h	LINCSCP_172359
LINCSCP_254853	-0.2145481505	0.02374583276	111	BRD-A08658758	LSM-45324	NA	0.37uM	MCF7	24h	LINCSCP_254853
LINCSCP_311436	0.2145340668	0.02375524153	111	BRD-K05378136	LSM-37558	NA	10uM	VCAP	6h	LINCSCP_311436
LINCSCP_154436	0.2145051486	0.02377457063	111	Latanoprost	LSM-43170	PTGFR	1.11uM	PC3	24h	LINCSCP_154436
LINCSCP_36317	-0.2144917182	0.02378355217	111	CYTO7H11	LSM-4351	BAX	3uM	MCF7	6h	LINCSCP_36317
LINCSCP_129436	-0.2144861845	0.02378725368	111	CGP 60474	LSM-1025	CDK1	0.37uM	JURKAT	24h	LINCSCP_129436
LINCSCP_27218	-0.2144798531	0.02379148938	111	AK-968/11369213	LSM-6608	NA	10uM	HT29	6h	LINCSCP_27218
LINCSCP_97953	0.2144764723	0.02379375136	111	Clonidine	LSM-4223	ADRA2A|ADRA2B|ADRA2C	0.04uM	HA1E	24h	LINCSCP_97953
LINCSCP_4651	-0.2144607569	0.0238042685	111	CYTO7H11	LSM-4351	BAX	10uM	A549	6h	LINCSCP_4651
LINCSCP_14977	0.2144557073	0.02380764869	111	Epibatidine	LSM-1518	NA	10uM	HA1E	24h	LINCSCP_14977
LINCSCP_282432	-0.2144521694	0.02381001722	111	Nortriptyline	LSM-4039	KCNJ10|SLC6A2|SLC6A4	10uM	PHH	24h	LINCSCP_282432
LINCSCP_260110	0.2144465208	0.02381379915	111	Adapalene	LSM-37048	RARA|RARB|RARG	10uM	NEU	6h	LINCSCP_260110
LINCSCP_138097	-0.2144430667	0.02381611206	111	XL888	LSM-45553	NA	3.33uM	MCF7	24h	LINCSCP_138097
LINCSCP_117262	0.2144282206	0.02382605533	111	Iniparib	LSM-6317	PARP1	0.04uM	HT29	24h	LINCSCP_117262
LINCSCP_103277	0.2143945129	0.02384864456	111	Warfarin	LSM-1405	VKORC1	0.04uM	HELA	24h	LINCSCP_103277
LINCSCP_45391	-0.2143936107	0.02384924943	111	T6117073	LSM-2869	NA	10uM	PC3	6h	LINCSCP_45391
LINCSCP_23630	0.2143885956	0.02385261192	111	Cycloheximide	LSM-2791	RPL3	3uM	HEPG2	6h	LINCSCP_23630
LINCSCP_28308	0.214373152	0.02386296904	111	BRD-K88822846	LSM-42112	NA	10uM	HT29	24h	LINCSCP_28308
LINCSCP_32355	-0.2143581978	0.02387300155	111	BRD-K62768020	LSM-45100	NA	10uM	MCF7	6h	LINCSCP_32355
LINCSCP_103849	0.2143497548	0.02387866743	111	GSK-923295	LSM-45692	NA	1.11uM	HELA	24h	LINCSCP_103849
LINCSCP_11924	0.214332336	0.02389036041	111	CHEMBL552425	LSM-1003	DDR1	0.1uM	BT20	6h	LINCSCP_11924
LINCSCP_60585	-0.2143246826	0.02389549956	111	BRD-K58034811	LSM-7621	NA	5uM	VCAP	24h	LINCSCP_60585
LINCSCP_492	0.2143223819	0.02389704461	111	Chelidonine	LSM-2715	NA	10uM	A375	6h	LINCSCP_492
LINCSCP_84420	0.2143205093	0.02389830228	111	C30H33N3O5S	LSM-1156	ATM	0.12uM	ASC	24h	LINCSCP_84420
LINCSCP_52899	0.2143186812	0.02389953006	111	RO 16-6941	LSM-2985	NA	10uM	SKB	24h	LINCSCP_52899
LINCSCP_58814	-0.2143099366	0.02390540396	111	Oxalomalicacid	LSM-5156	ACO1|IDH1	10uM	VCAP	24h	LINCSCP_58814
LINCSCP_4459	-0.214308811	0.02390616014	111	Blebbistatin	LSM-6195	MYH2	40uM	A549	24h	LINCSCP_4459
LINCSCP_45864	-0.2142987572	0.02391291509	111	Triazolothiadiazine, 24	LSM-4180	NA	10uM	PC3	6h	LINCSCP_45864
LINCSCP_16775	-0.2142907794	0.02391827642	111	Merck-Ketone	LSM-36779	NA	10uM	HA1E	6h	LINCSCP_16775
LINCSCP_38607	-0.2142871367	0.02392072477	111	AC1OCDAW	LSM-1622	TOP2A	3.33uM	MCF7	24h	LINCSCP_38607
LINCSCP_134026	-0.2142561335	0.02394157143	111	PF-03758309	LSM-4254	PAK4	3.33uM	MCF7	24h	LINCSCP_134026
LINCSCP_56553	-0.2142499377	0.02394573942	111	AG-957	LSM-2807	ABL1|EGFR	10uM	VCAP	6h	LINCSCP_56553
LINCSCP_57324	0.2142341582	0.02395635712	111	MLS001065870	LSM-3844	NA	10uM	VCAP	24h	LINCSCP_57324
LINCSCP_135382	0.2142025028	0.02397766966	111	Tivantinib	LSM-1131	MET	1.11uM	MCF7	24h	LINCSCP_135382
LINCSCP_44883	0.2141980339	0.02398067971	111	Narciclasine	LSM-4934	RHOA	10uM	PC3	24h	LINCSCP_44883
LINCSCP_15214	0.2141979239	0.02398075377	111	IN1549	LSM-4488	NA	10uM	HA1E	24h	LINCSCP_15214
LINCSCP_1119	0.214172352	0.02399798424	111	10-Methylphenothiazin-3-amine	LSM-2434	NA	10uM	A375	24h	LINCSCP_1119
LINCSCP_5086	-0.2141631786	0.02400416788	111	Triazine Scaffold, 31	LSM-2261	NA	10uM	A549	6h	LINCSCP_5086
LINCSCP_194001	0.2141539778	0.02401037133	111	Doxazosin	LSM-4335	ADRA1A|ADRA1B|ADRA1D	10uM	A549	6h	LINCSCP_194001
LINCSCP_60289	0.2141527884	0.0240111734	111	BRD-K39227212	LSM-7349	NA	5uM	VCAP	6h	LINCSCP_60289
LINCSCP_128008	0.214151977	0.02401172052	111	TPCA-1	LSM-1136	IKBKB	0.04uM	HUES3	24h	LINCSCP_128008
LINCSCP_151590	-0.214138751	0.02402064077	111	Dacomitinib	LSM-42808	EGFR|ERBB2|ERBB3|ERBB4	3.33uM	PC3	24h	LINCSCP_151590
LINCSCP_243186	0.2141368007	0.02402195638	111	Ticrynafen	LSM-5478	CYP2C9|SLC12A1	10uM	MCF7	6h	LINCSCP_243186
LINCSCP_213692	0.2141366255	0.02402207458	111	Clopenthixol	LSM-42927	DRD1|DRD2	10uM	HCC515	6h	LINCSCP_213692
LINCSCP_156558	-0.2141190413	0.02403393918	111	Fiacitabine	LSM-45763	NA	10uM	PC3	24h	LINCSCP_156558
LINCSCP_22585	-0.2141131233	0.02403793334	111	WZ 4002	LSM-1085	EGFR|ERBB2	10uM	HEPG2	6h	LINCSCP_22585
LINCSCP_52233	0.2141061754	0.02404262337	111	264236-77-3	LSM-36668	NA	10uM	SKB	24h	LINCSCP_52233
LINCSCP_82062	-0.2141046306	0.02404366627	111	Vandetanib	LSM-1199	EGFR|EPHA1|EPHA10|EPHA2|EPHA3|EPHA4|EPHA5|EPHA6|EPHA7|EPHA8|EPHB1|EPHB2|EPHB3|EPHB4|EPHB6|ERBB2|ERBB3|ERBB4|FLT1|FLT4|KDR|PTK6|RET|SRC|TEK	10uM	A549	24h	LINCSCP_82062
LINCSCP_66825	-0.2141021666	0.02404532974	111	Trichostatin A, Streptomyces Sp.	LSM-42814	HDAC1|HDAC10|HDAC3|HDAC4|HDAC6|HDAC7|HDAC8	10uM	HA1E	6h	LINCSCP_66825
LINCSCP_64572	-0.2140982996	0.02404794069	111	Sirolimus	LSM-42783	FKBP1A|MTOR	20uM	VCAP	6h	LINCSCP_64572
LINCSCP_9410	-0.2140850418	0.02405689391	111	ZINC01050121	LSM-6210	NA	10uM	A549	24h	LINCSCP_9410
LINCSCP_31384	0.2140608479	0.02407323977	111	CHEMBL2426181	LSM-3160	NA	10uM	MCF7	24h	LINCSCP_31384
LINCSCP_46283	0.2140567463	0.02407601184	111	MLS000859112	LSM-6180	NA	10uM	PC3	24h	LINCSCP_46283
LINCSCP_47163	-0.2140457114	0.02408347116	111	BRD-K88217904	LSM-6162	NA	10uM	PC3	24h	LINCSCP_47163
LINCSCP_64232	0.2140282394	0.02409528578	111	BRD-K90329522	LSM-14976	NA	5uM	VCAP	24h	LINCSCP_64232
LINCSCP_158199	-0.2140277291	0.02409563092	111	TAK-715	LSM-1060	MAPK14	10uM	PC3	24h	LINCSCP_158199
LINCSCP_66832	-0.2140104468	0.0241073223	111	Trichostatin A, Streptomyces Sp.	LSM-42814	HDAC1|HDAC10|HDAC3|HDAC4|HDAC6|HDAC7|HDAC8	10uM	HA1E	6h	LINCSCP_66832
LINCSCP_132147	-0.214008116	0.02410889947	111	13-Hydroxy-8,14,19-trimethoxy-4,10,12,16-tetramethyl-3,20,22-trioxo-2-azabicyclo[16.3.1]docosa-1(21),4,6,10,18-pentaen-9-yl carbamate	LSM-42815	HSP90AA1	0.37uM	MCF7	24h	LINCSCP_132147
LINCSCP_273172	0.2139894281	0.02412154788	111	Bicalutamide	LSM-1437	AR	10uM	PC3	24h	LINCSCP_273172
LINCSCP_113755	0.2139827669	0.02412605774	111	Ipatasertib	LSM-6341	AKT1|AKT2|AKT3	10uM	HME1	24h	LINCSCP_113755
LINCSCP_10243	0.2139817643	0.02412673653	111	Enalapril	LSM-3282	ACE	0.01uM	A549	6h	LINCSCP_10243
LINCSCP_60104	0.2139544974	0.02414520502	111	BRD-K99432717	LSM-8097	NA	5uM	VCAP	24h	LINCSCP_60104
LINCSCP_43467	0.21393355	0.02415940139	111	BG-1018	LSM-37136	NA	10uM	NPC	24h	LINCSCP_43467
LINCSCP_151251	-0.2139222473	0.02416706435	111	CHEMBL2136735	LSM-1152	FGFR1|FGFR3|FLT1|FLT4|KDR|PDGFRA|PDGFRB	1.11uM	PC3	24h	LINCSCP_151251
LINCSCP_236492	0.2139217047	0.02416743226	111	Dipropyldopamine	LSM-3854	NA	10uM	MCF7	6h	LINCSCP_236492
LINCSCP_94272	-0.2138863547	0.02419141242	111	AC1NWAOX	LSM-1520	NA	3.33uM	HA1E	24h	LINCSCP_94272
LINCSCP_48907	-0.2138778413	0.02419719067	111	BRD-K05204496	LSM-37545	NA	10uM	PC3	24h	LINCSCP_48907
LINCSCP_4535	-0.2138752579	0.02419894434	111	Valproic acid	LSM-4620	ABAT|ALDH5A1|HDAC1|SCN1A|SCN3A	10uM	A549	24h	LINCSCP_4535
LINCSCP_4230	0.2138744916	0.02419946455	111	2-(4,5-Dihydro-1H-imidazol-2-yl)quinoline	LSM-3231	NA	10uM	A549	24h	LINCSCP_4230
LINCSCP_111410	-0.2138721533	0.02420105194	111	Radicicol	LSM-43303	NA	3.33uM	HEPG2	24h	LINCSCP_111410
LINCSCP_172970	0.2138686037	0.02420346174	111	CC-930	LSM-45244	MAPK10|MAPK8|MAPK9	1.11uM	YAPC	24h	LINCSCP_172970
LINCSCP_56880	-0.2138591626	0.02420987243	111	PIK 75	LSM-44948	PIK3CA	0.1uM	VCAP	24h	LINCSCP_56880
LINCSCP_188854	0.2138569621	0.02421136681	111	Dicloxacillin	LSM-5234	NA	10uM	A549	24h	LINCSCP_188854
LINCSCP_67674	-0.2138564387	0.02421172231	111	Wortmannin	LSM-3947	PIK3CA|PIK3CG|PLK1	10uM	NCIH596	6h	LINCSCP_67674
LINCSCP_187792	0.2138542248	0.0242132259	111	Binospirone	LSM-1611	HTR1A	10uM	A549	6h	LINCSCP_187792
LINCSCP_117986	-0.2138506948	0.02421562348	111	Josamycin	LSM-46041	NA	0.04uM	HT29	24h	LINCSCP_117986
LINCSCP_4672	0.2138412085	0.02422206759	111	Evodiamine	LSM-6483	TRPV1	10uM	A549	6h	LINCSCP_4672
LINCSCP_54486	-0.2138275733	0.02423133273	111	SMER28	LSM-4523	NA	10uM	SW948	6h	LINCSCP_54486
LINCSCP_44043	0.2138188602	0.02423725482	111	Scoulerine	LSM-3391	ADRA1D|ADRA2A|GABRA1	10uM	PC3	24h	LINCSCP_44043
LINCSCP_104309	-0.2138130851	0.02424118075	111	Fenticonazole Nitrate	LSM-45431	NA	10uM	HELA	24h	LINCSCP_104309
LINCSCP_172905	0.2138045543	0.02424698096	111	AKT Inhibitor VIII	LSM-1035	AKT1|AKT2	1.11uM	YAPC	24h	LINCSCP_172905
LINCSCP_72598	0.2137666004	0.02427280073	111	Merimepodib	LSM-45503	NA	1.11uM	A375	24h	LINCSCP_72598
LINCSCP_42796	-0.2137513666	0.02428317084	111	16Beta-hydroxydisitoxigenin	LSM-1432	ATP1A1	10uM	NPC	24h	LINCSCP_42796
LINCSCP_250546	0.2137512012	0.02428328342	111	PG 490	LSM-6185	NA	0.001uM	MCF7	6h	LINCSCP_250546
LINCSCP_283692	0.2137445255	0.02428782901	111	N-Benzyl-1-(3-chlorobenzyl)-n-methylpiperidine-3-carboxamide	LSM-1845	NA	10uM	SKB	24h	LINCSCP_283692
LINCSCP_148698	0.2137427415	0.02428904387	111	Osimertinib	LSM-6344	EGFR|ERBB2|ERBB3|ERBB4	3.33uM	NPC	24h	LINCSCP_148698
LINCSCP_548	0.2137296273	0.02429797592	111	SD 169	LSM-4054	MAPK14	10uM	A375	6h	LINCSCP_548
LINCSCP_105447	-0.2136910398	0.02432427417	111	Conivaptan HCl	LSM-45291	NA	10uM	HELA	24h	LINCSCP_105447
LINCSCP_306108	0.2136726696	0.02433680243	111	BRD-K60993486	LSM-12118	NA	5uM	VCAP	6h	LINCSCP_306108
LINCSCP_67145	0.2136380714	0.02436041287	111	Vorinostat	LSM-3828	HDAC1|HDAC2|HDAC3|HDAC6|HDAC8	0.1uM	HT29	24h	LINCSCP_67145
LINCSCP_20028	-0.2136316803	0.02436477648	111	NM-PP1	LSM-3760	NA	10uM	HCC515	6h	LINCSCP_20028
LINCSCP_148326	0.2136266442	0.02436821535	111	331771-20-1	LSM-1096	AURKA|AURKB	1.11uM	NPC.CAS9	24h	LINCSCP_148326
LINCSCP_2954	-0.2136007764	0.0243858857	111	CHEMBL2141431	LSM-6089	NA	10uM	A375	6h	LINCSCP_2954
LINCSCP_9629	0.2135968133	0.02438859382	111	Omacetaxine Mepesuccinate	LSM-3716	NA	0.1uM	A549	6h	LINCSCP_9629
LINCSCP_43492	0.2135899385	0.02439329233	111	Gallic acid	LSM-37191	CA1	10uM	NPC	24h	LINCSCP_43492
LINCSCP_45223	0.2135791438	0.02440067134	111	Sepantronium	LSM-5399	BIRC5	0.5uM	PC3	6h	LINCSCP_45223
LINCSCP_4895	-0.2135673491	0.02440873615	111	SMR000015484	LSM-42840	NA	10uM	A549	24h	LINCSCP_4895
LINCSCP_66735	0.2135413893	0.02442649448	111	Wortmannin	LSM-3947	PIK3CA|PIK3CG|PLK1	10uM	ASC	24h	LINCSCP_66735
LINCSCP_174545	-0.2135406894	0.02442697344	111	SPECTRUM_000011	LSM-1767	NA	10uM	YAPC	24h	LINCSCP_174545
LINCSCP_68714	-0.2135380247	0.02442879696	111	Thioridazine	LSM-1863	DRD1|DRD2|DRD3|DRD4|HTR2A|HTR2C	10uM	VCAP	24h	LINCSCP_68714
LINCSCP_88228	0.2135058642	0.02445081414	111	TORIN1	LSM-1079	MTOR	0.04uM	HA1E	24h	LINCSCP_88228
LINCSCP_16329	0.2134953584	0.02445801013	111	CID 75060947	LSM-36700	NA	10uM	HA1E	6h	LINCSCP_16329
LINCSCP_90431	-0.2134945904	0.0244585362	111	Salvinorin A	LSM-2433	OPRK1	1.11uM	HA1E	24h	LINCSCP_90431
LINCSCP_34644	-0.2134808453	0.02446795393	111	Dexlansoprazole	LSM-5064	ATP4A|ATP4B	10uM	MCF7	24h	LINCSCP_34644
LINCSCP_122566	-0.2134658478	0.02447823322	111	Dexniguldipine	LSM-15285	NA	10uM	HT29	24h	LINCSCP_122566
LINCSCP_111341	0.2134656864	0.02447834385	111	Buparlisib	LSM-1148	PIK3CA|PIK3CB|PIK3CD|PIK3CG|PIK3R1|PIK3R2|PIK3R3|PIK3R5	0.12uM	HEPG2	24h	LINCSCP_111341
LINCSCP_289035	-0.2134572332	0.02448413931	111	Skiii	LSM-2462	SPHK1	40uM	U937	6h	LINCSCP_289035
LINCSCP_12387	0.2134335217	0.02450040205	111	Tretinoin	LSM-42854	RARA|RARB|RARG|RORB	10uM	CD34	24h	LINCSCP_12387
LINCSCP_124451	0.213421422	0.02450870434	111	BRD-A98888159	LSM-45917	NA	10uM	HT29	24h	LINCSCP_124451
LINCSCP_66855	0.2133809807	0.02453647071	111	Wortmannin	LSM-3947	PIK3CA|PIK3CG|PLK1	10uM	HA1E	24h	LINCSCP_66855
LINCSCP_56417	-0.2133707079	0.0245435281	111	AG-957	LSM-2807	ABL1|EGFR	10uM	VCAP	24h	LINCSCP_56417
LINCSCP_297040	-0.2133594889	0.02455123759	111	BRD-K03486902	LSM-37465	NA	5uM	VCAP	6h	LINCSCP_297040
LINCSCP_253105	-0.2133566065	0.02455321865	111	SA-90377	LSM-40102	NA	1uM	MCF7	24h	LINCSCP_253105
LINCSCP_283964	0.2133461893	0.02456037943	111	Deoxy Cholate	LSM-5477	NA	10uM	SKB	24h	LINCSCP_283964
LINCSCP_44057	-0.2133404255	0.02456434228	111	Purmorphamine	LSM-3649	SMO	10uM	PC3	24h	LINCSCP_44057
LINCSCP_251600	-0.2133308396	0.02457093413	111	WZ 4002	LSM-1085	EGFR|ERBB2	10uM	MCF7	6h	LINCSCP_251600
LINCSCP_31826	-0.2133295728	0.02457180537	111	Perospirone	LSM-5912	DRD2|HTR2A	10uM	MCF7	6h	LINCSCP_31826
LINCSCP_20838	0.2133273335	0.02457334549	111	BRD-K54343811	LSM-44966	NA	1.11uM	HCC515	24h	LINCSCP_20838
LINCSCP_128610	0.2133134642	0.02458288643	111	GSK-3 Inhibitor II	LSM-1030	GSK3B	1.11uM	HUVEC	24h	LINCSCP_128610
LINCSCP_25772	-0.2133061576	0.02458791395	111	Cerulenin	LSM-43210	FASN	40uM	HT29	6h	LINCSCP_25772
LINCSCP_131532	-0.2133027242	0.02459027673	111	Tamatinib	LSM-1040	SYK	10uM	MCF10A	3h	LINCSCP_131532
LINCSCP_38107	0.2132902468	0.02459886506	111	CHEMBL1992500	LSM-42232	NA	1uM	MCF7	6h	LINCSCP_38107
LINCSCP_102999	0.213289632	0.02459928829	111	SGX-523	LSM-1123	MET	3.33uM	HELA	24h	LINCSCP_102999
LINCSCP_24940	-0.2132607203	0.02461919848	111	XMD15-27	LSM-45209	NA	0.1uM	HS578T	6h	LINCSCP_24940
LINCSCP_57140	-0.2132589547	0.02462041485	111	Cerulenin	LSM-43210	FASN	40uM	VCAP	6h	LINCSCP_57140
LINCSCP_22158	-0.2132541946	0.02462369441	111	DUP-697	LSM-2119	PTGS2	10uM	HEPG2	6h	LINCSCP_22158
LINCSCP_9764	-0.213247765	0.02462812473	111	CYTO7H11	LSM-4351	BAX	10uM	A549	6h	LINCSCP_9764
LINCSCP_294794	0.2131960003	0.02466381834	111	SCHEMBL18825	LSM-5237	CRBN|TNF	10uM	VCAP	24h	LINCSCP_294794
LINCSCP_124990	-0.2131828221	0.02467291219	111	Quinacrine	LSM-1577	TP53	10uM	HT29	24h	LINCSCP_124990
LINCSCP_36927	-0.2131740529	0.02467896518	111	YM 201636	LSM-1109	NA	1uM	MCF7	6h	LINCSCP_36927
LINCSCP_99518	-0.2131715779	0.02468067377	111	NVP-AUY922	LSM-1162	NA	1.11uM	HCC515	24h	LINCSCP_99518
LINCSCP_10663	-0.2131684101	0.02468286075	111	Pifithrin MU	LSM-4188	HSPA1A|TP53	10uM	AGS	6h	LINCSCP_10663
LINCSCP_97500	0.2131653121	0.02468499977	111	Mifobate	LSM-1761	PPARG	3.33uM	HA1E	24h	LINCSCP_97500
LINCSCP_40960	0.2131584407	0.02468974464	111	IN1092	LSM-1739	NA	10uM	NEU	24h	LINCSCP_40960
LINCSCP_57200	-0.213155358	0.02469187354	111	MLN 2238	LSM-4944	PSMB1	10uM	VCAP	6h	LINCSCP_57200
LINCSCP_121984	0.2131493549	0.02469601978	111	Anamorelin	LSM-45737	GHSR	0.04uM	HT29	24h	LINCSCP_121984
LINCSCP_4996	0.2131414487	0.0247014814	111	MLS001065838	LSM-3595	NA	10uM	A549	24h	LINCSCP_4996
LINCSCP_19321	0.2131252307	0.02471268792	111	O-Demethylated Adapalene	LSM-6237	RARG	10uM	HCC515	24h	LINCSCP_19321
LINCSCP_20559	0.2130847247	0.02474069637	111	AC1MEEHF	LSM-6366	NA	10uM	HCC515	6h	LINCSCP_20559
LINCSCP_66322	0.2130821967	0.02474244531	111	VX-11E	LSM-6291	MAPK1	0.5uM	WSUDLCL2	6h	LINCSCP_66322
LINCSCP_147959	0.2130810888	0.02474321182	111	Anacardic acid	LSM-6320	NA	10uM	NPC.CAS9	24h	LINCSCP_147959
LINCSCP_279846	-0.2130631479	0.02475562701	111	Tacedinaline	LSM-19036	HDAC1|HDAC10|HDAC11|HDAC2|HDAC3|HDAC4|HDAC5|HDAC6|HDAC7|HDAC8|HDAC9	0.1uM	PC3	6h	LINCSCP_279846
LINCSCP_122042	0.2130607149	0.0247573111	111	Histamine 2HCl	LSM-45288	HRH1	0.12uM	HT29	24h	LINCSCP_122042
LINCSCP_146006	-0.2130577482	0.02475936467	111	Sirolimus	LSM-42783	FKBP1A|MTOR	10uM	MNEU.E	24h	LINCSCP_146006
LINCSCP_84143	0.2130537738	0.0247621161	111	AZD4547	LSM-6308	NA	3.33uM	ASC	24h	LINCSCP_84143
LINCSCP_21879	-0.2130416379	0.0247705191	111	CID 45259133	LSM-3081	NA	10uM	HEPG2	6h	LINCSCP_21879
LINCSCP_21902	-0.2130353308	0.02477488717	111	MLS002264468	LSM-3473	NA	10uM	HEPG2	6h	LINCSCP_21902
LINCSCP_213176	-0.2130147935	0.02478911512	111	CHEMBL2381524	LSM-44612	NA	0.12uM	HA1E	24h	LINCSCP_213176
LINCSCP_140051	-0.2130141078	0.02478959024	111	Tivozanib	LSM-1005	FLT1|FLT4|KDR|KIT|PDGFRA|PDGFRB	10uM	MCF7	24h	LINCSCP_140051
LINCSCP_91632	0.2129901923	0.02480616764	111	Fosinopril	LSM-4444	ACE	1.11uM	HA1E	24h	LINCSCP_91632
LINCSCP_95517	-0.2129837116	0.02481066143	111	Orlistat	LSM-5724	DAGLA|FASN|LIPF|PNLIP	3.33uM	HA1E	24h	LINCSCP_95517
LINCSCP_23336	0.2129720366	0.02481875884	111	Emetine	LSM-2041	RPS2	10uM	HEPG2	24h	LINCSCP_23336
LINCSCP_68599	-0.2129586904	0.02482801807	111	LY-294002	LSM-2597	MTOR|PIK3CA|PIK3CB|PIK3CD|PIK3CG|PLK1|PRKDC	10uM	VCAP	24h	LINCSCP_68599
LINCSCP_15987	0.2129521244	0.02483257447	111	Acyclovir	LSM-5459	NA	10uM	HA1E	6h	LINCSCP_15987
LINCSCP_97683	0.2129494018	0.024834464	111	Alisertib	LSM-37184	AURKA	0.04uM	HA1E	24h	LINCSCP_97683
LINCSCP_156740	0.2129442429	0.02483804469	111	Famotidine	LSM-5201	HRH2	1.11uM	PC3	24h	LINCSCP_156740
LINCSCP_156087	0.2129379481	0.02484241434	111	Methazolamide	LSM-5311	CA1|CA2|CA4|CA7	1.11uM	PC3	24h	LINCSCP_156087
LINCSCP_161414	-0.2129375579	0.02484268523	111	CEPHARANTHINE	LSM-45918	NA	10uM	PC3	24h	LINCSCP_161414
LINCSCP_256690	-0.2129244378	0.02485179512	111	CAY-10594	LSM-6256	PLD2	20uM	NCIH1694	6h	LINCSCP_256690
LINCSCP_52926	-0.2129096615	0.02486205835	111	Skatole	LSM-3655	CYP2F1	10uM	SKB	24h	LINCSCP_52926
LINCSCP_43418	-0.2128748184	0.02488627373	111	Scriptaid	LSM-2499	HDAC1	10uM	NPC	24h	LINCSCP_43418
LINCSCP_38554	0.2128493704	0.02490397247	111	CHEMBL2143628	LSM-6855	NA	3.33uM	MCF7	24h	LINCSCP_38554
LINCSCP_311974	0.2128451778	0.02490688937	111	BRD-K16026651	LSM-38109	NA	10uM	VCAP	24h	LINCSCP_311974
LINCSCP_24345	-0.2128442841	0.0249075112	111	Tozasertib	LSM-1021	ABL1|AURKA|AURKB|AURKC|BCR|FLT3|JAK2	10uM	HS578T	24h	LINCSCP_24345
LINCSCP_42718	-0.2128416259	0.02490936073	111	Hispidin	LSM-42859	PRKCB	10uM	NPC	24h	LINCSCP_42718
LINCSCP_139894	0.2128317216	0.02491625326	111	TAK-242	LSM-45934	NA	0.04uM	MCF7	24h	LINCSCP_139894
LINCSCP_129959	0.2128259623	0.02492026187	111	CHEMBL585951	LSM-36386	MAPK8	0.04uM	LNCAP	24h	LINCSCP_129959
LINCSCP_39030	-0.2128196417	0.02492466188	111	Aurora A Inhibitor I	LSM-1065	AURKA	10uM	MDAMB231	24h	LINCSCP_39030
LINCSCP_134555	-0.21279926	0.02493885488	111	179324-69-7	LSM-6281	ADRM1|PSMA1|PSMA2|PSMA3|PSMA4|PSMA5|PSMA6|PSMA7|PSMA8|PSMB1|PSMB10|PSMB11|PSMB2|PSMB3|PSMB4|PSMB5|PSMB6|PSMB7|PSMB8|PSMB9|PSMC1|PSMC2|PSMC3|PSMC4|PSMC5|PSMC6|PSMD1|PSMD11|PSMD12|PSMD13|PSMD14|PSMD2|PSMD3|PSMD4|PSMD6|PSMD7|PSMD8|SEM1	20uM	MCF7	24h	LINCSCP_134555
LINCSCP_31972	0.2127913109	0.0249443922	111	FPA1_000112	LSM-36718	NA	10uM	MCF7	24h	LINCSCP_31972
LINCSCP_6626	-0.2127885923	0.02494628621	111	XMD 8-92	LSM-1094	MAPK7	10uM	A549	6h	LINCSCP_6626
LINCSCP_7974	0.212782979	0.02495019726	111	BRD-K48036219	LSM-39937	NA	10uM	A549	6h	LINCSCP_7974
LINCSCP_2284	-0.2127815847	0.02495116879	111	BCB03_000082	LSM-36632	NA	10uM	A375	6h	LINCSCP_2284
LINCSCP_99569	0.2127742222	0.02495629964	111	PF477736	LSM-1112	CHEK1	0.04uM	HCC515	24h	LINCSCP_99569
LINCSCP_174025	-0.212771096	0.02495847846	111	SNX-2112 (PF-04928473)	LSM-45259	NA	1.11uM	YAPC	24h	LINCSCP_174025
LINCSCP_4323	0.2127609132	0.02496557671	111	L-655,708	LSM-1859	GABRA5	10uM	A549	6h	LINCSCP_4323
LINCSCP_17518	-0.2127262671	0.02498974072	111	PF 543	LSM-42693	SPHK1	10uM	HA1E	24h	LINCSCP_17518
LINCSCP_48678	-0.2127211204	0.02499333204	111	BRD-K59733592	LSM-40538	NA	10uM	PC3	6h	LINCSCP_48678
LINCSCP_33091	0.2127128125	0.02499913012	111	NO-711	LSM-2939	SLC6A1	10uM	MCF7	24h	LINCSCP_33091
LINCSCP_253627	0.2127082233	0.02500233338	111	Methiazole	LSM-4894	NA	3uM	MCF7	6h	LINCSCP_253627
LINCSCP_31778	-0.212706086	0.02500382529	111	Nitazoxanide	LSM-6002	NA	10uM	MCF7	24h	LINCSCP_31778
LINCSCP_101091	0.2126892171	0.02501560348	111	ITK Inhibitor	LSM-1043	ITK	0.37uM	HCC515	24h	LINCSCP_101091
LINCSCP_21006	-0.2126604703	0.02503568589	111	Apatinib Hydrochloride	LSM-4810	HDAC1|HDAC10|HDAC11|HDAC2|HDAC3|HDAC4|HDAC5|HDAC6|HDAC7|HDAC8|HDAC9	0.12uM	HCC515	24h	LINCSCP_21006
LINCSCP_52338	-0.2126529801	0.0250409208	111	BRD-A80960055-001-01-7	LSM-5162	NA	10uM	SKB	24h	LINCSCP_52338
LINCSCP_19292	-0.2126413146	0.02504907565	111	MLS000709026	LSM-43139	RAD51	40uM	HCC515	24h	LINCSCP_19292
LINCSCP_83626	-0.2126243618	0.0250609307	111	BRD-A01645196	LSM-42745	NA	0.12uM	ASC.C	24h	LINCSCP_83626
LINCSCP_120295	0.2126094218	0.02507138217	111	MK-5108	LSM-36812	AURKA|AURKB	1.11uM	HT29	24h	LINCSCP_120295
LINCSCP_43933	-0.2125938978	0.0250822461	111	13-Hydroxy-8,14,19-trimethoxy-4,10,12,16-tetramethyl-3,20,22-trioxo-2-azabicyclo[16.3.1]docosa-1(21),4,6,10,18-pentaen-9-yl carbamate	LSM-42815	HSP90AA1	1uM	PC3	6h	LINCSCP_43933
LINCSCP_3740	0.2125595988	0.0251062634	111	BRD-K84797952	LSM-41900	NA	10uM	A375	24h	LINCSCP_3740
LINCSCP_7279	-0.212550963	0.02511231355	111	GR-127935	LSM-2243	HTR1A|HTR1B|HTR1D|HTR2A|HTR2C	10uM	A549	24h	LINCSCP_7279
LINCSCP_97607	-0.2125335237	0.02512453512	111	IMD-0354	LSM-3667	IKBKB	10uM	HA1E	24h	LINCSCP_97607
LINCSCP_242280	0.2125285409	0.02512802809	111	Atomoxetine	LSM-2452	SLC6A2|SLC6A3|SLC6A4	10uM	MCF7	6h	LINCSCP_242280
LINCSCP_54652	0.212517457	0.02513579931	111	Triacsin C	LSM-43284	ACSL1	10uM	SW948	6h	LINCSCP_54652
LINCSCP_1140	-0.2124755253	0.02516521737	111	CHEMBL578162	LSM-2638	NA	10uM	A375	24h	LINCSCP_1140
LINCSCP_133701	-0.2124687443	0.0251699775	111	ABT737	LSM-1180	BCL2|BCL2L1|BCL2L2	0.12uM	MCF7	24h	LINCSCP_133701
LINCSCP_23980	-0.212462806	0.02517414674	111	BRD-K10436544	LSM-45992	NA	10uM	HEPG2	24h	LINCSCP_23980
LINCSCP_52995	-0.2124600366	0.02517609123	111	Tamatinib	LSM-1040	SYK	10uM	SKLU1	6h	LINCSCP_52995
LINCSCP_69563	0.2124552644	0.02517944238	111	WYE 125132	LSM-1064	MTOR	0.37uM	A375	24h	LINCSCP_69563
LINCSCP_20703	0.2124497155	0.02518333945	111	Phylloquinone	LSM-43150	NA	10uM	HCC515	6h	LINCSCP_20703
LINCSCP_170818	-0.2124463984	0.02518566928	111	KW-2478	LSM-45404	NA	10uM	YAPC	24h	LINCSCP_170818
LINCSCP_20064	-0.2124442862	0.02518715295	111	Panobinostat	LSM-43059	HDAC1|HDAC10|HDAC11|HDAC2|HDAC3|HDAC4|HDAC5|HDAC6|HDAC7|HDAC8|HDAC9	10uM	HCC515	6h	LINCSCP_20064
LINCSCP_23024	-0.2124415448	0.02518907868	111	Isorotenone	LSM-2115	NA	10uM	HEPG2	6h	LINCSCP_23024
LINCSCP_15065	-0.2124319877	0.02519579322	111	E6 Berbamine	LSM-3111	CALM1	10uM	HA1E	24h	LINCSCP_15065
LINCSCP_66585	-0.212426585	0.02519958971	111	13-Hydroxy-8,14,19-trimethoxy-4,10,12,16-tetramethyl-3,20,22-trioxo-2-azabicyclo[16.3.1]docosa-1(21),4,6,10,18-pentaen-9-yl carbamate	LSM-42815	HSP90AA1	10uM	A549	6h	LINCSCP_66585
LINCSCP_37207	0.2124198996	0.02520428817	111	CHEMBL2144678	LSM-42435	NA	1uM	MCF7	6h	LINCSCP_37207
LINCSCP_11776	0.2124169293	0.02520637595	111	TORIN-2	LSM-1080	MTOR	0.1uM	BT20	24h	LINCSCP_11776
LINCSCP_47442	-0.2124037501	0.02521564106	111	Alprenolol	LSM-1238	ADRB1|ADRB2	10uM	PC3	24h	LINCSCP_47442
LINCSCP_117275	-0.2123969633	0.0252204134	111	Olaparib	LSM-1145	PARP1|PARP2|PARP3	10uM	HT29	24h	LINCSCP_117275
LINCSCP_97821	0.2123927852	0.02522335171	111	Enoxacin	LSM-5848	NA	0.04uM	HA1E	24h	LINCSCP_97821
LINCSCP_18281	-0.2123867605	0.02522758928	111	SB-202190	LSM-3209	MAPK14	10uM	HCC515	24h	LINCSCP_18281
LINCSCP_45390	0.2123710365	0.02523865171	111	MLS-0311344.0001	LSM-2815	NA	10uM	PC3	6h	LINCSCP_45390
LINCSCP_100060	0.2123640034	0.02524360108	111	rifampicin	NA	NA	0.12uM	HCC515	24h	LINCSCP_100060
LINCSCP_164171	-0.212335445	0.025263707	111	LRRK2-IN-1	LSM-1086	LRRK2	0.37uM	SKBR3	3h	LINCSCP_164171
LINCSCP_271553	0.2123082742	0.02528284861	111	BRD-K60093216	LSM-6133	NA	10uM	PC3	24h	LINCSCP_271553
LINCSCP_14290	0.2123060126	0.02528444248	111	PNU-99194A	LSM-3568	DRD3	10uM	HA1E	6h	LINCSCP_14290
LINCSCP_66620	-0.212289825	0.02529585305	111	Vorinostat	LSM-3828	HDAC1|HDAC2|HDAC3|HDAC6|HDAC8	0.5uM	A549	24h	LINCSCP_66620
LINCSCP_115076	0.2122873329	0.02529761008	111	C19H19FN4O3	LSM-1178	FGFR1|FLT1|KDR	3.33uM	HS578T	24h	LINCSCP_115076
LINCSCP_62780	-0.2122799781	0.02530279623	111	BRD-K35930698	LSM-10587	NA	5uM	VCAP	24h	LINCSCP_62780
LINCSCP_710	-0.2122422013	0.02532944823	111	SMR000068650	LSM-2859	NA	100uM	A375	24h	LINCSCP_710
LINCSCP_4590	-0.2122410061	0.02533029184	111	BML-259	LSM-6266	CDK2|CDK5	80uM	A549	24h	LINCSCP_4590
LINCSCP_69405	0.2122359627	0.02533385197	111	936890-98-1	LSM-42786	MTOR	3.33uM	A375	24h	LINCSCP_69405
LINCSCP_234243	0.2122346845	0.02533475433	111	KO143	LSM-6260	ABCG2	40uM	JHUEM2	6h	LINCSCP_234243
LINCSCP_309985	-0.212219725	0.02534531696	111	BRD-K12450081	LSM-37913	NA	30uM	VCAP	24h	LINCSCP_309985
LINCSCP_26764	-0.212216475	0.02534761223	111	Terfenadine	LSM-1273	HRH1|KCNH2	10uM	HT29	6h	LINCSCP_26764
LINCSCP_163397	-0.2121978727	0.02536075317	111	apigenin	LSM-5206	NA	10uM	SKBR3	3h	LINCSCP_163397
LINCSCP_176520	0.212186369	0.02536888253	111	Triamterene	LSM-4060	SCNN1A|SCNN1B|SCNN1G	0.1uM	A375	6h	LINCSCP_176520
LINCSCP_71469	-0.2121753878	0.0253766447	111	Butoconazole	LSM-1344	NA	10uM	A375	24h	LINCSCP_71469
LINCSCP_36366	0.2121654272	0.02538368723	111	Narciclasine	LSM-4934	RHOA	1uM	MCF7	6h	LINCSCP_36366
LINCSCP_257383	-0.212164545	0.02538431103	111	Tivozanib	LSM-1005	FLT1|FLT4|KDR|KIT|PDGFRA|PDGFRB	10uM	NCIH508	6h	LINCSCP_257383
LINCSCP_53690	0.2121624455	0.02538579569	111	BMS-536924	LSM-1210	IGF1R	10uM	SNU1040	6h	LINCSCP_53690
LINCSCP_82646	0.2121594554	0.02538791029	111	HMN-214	LSM-42802	CSF1R|FLT1|FLT3|FLT4|KDR|KIT|PDGFRB|RET	1.11uM	A549	24h	LINCSCP_82646
LINCSCP_37328	-0.2121481399	0.02539591388	111	SA-1919710	LSM-39226	NA	10uM	MCF7	6h	LINCSCP_37328
LINCSCP_31547	-0.2121395584	0.02540198515	111	MLS002276542	LSM-1681	NA	10uM	MCF7	24h	LINCSCP_31547
LINCSCP_171662	-0.2121176114	0.02541751793	111	Loperamide	LSM-3365	OPRD1|OPRM1	10uM	YAPC	24h	LINCSCP_171662
LINCSCP_53868	-0.2121163952	0.0254183789	111	BRD-A43331270-001-01-6	LSM-4436	ADRA1A|CACNA1C	10uM	SNUC5	6h	LINCSCP_53868
LINCSCP_52354	-0.2121119742	0.0254215089	111	8-Epi-15-d2c-isop	LSM-43167	PTGDR|PTGDR2	10uM	SKB	24h	LINCSCP_52354
LINCSCP_128227	0.2120744431	0.02544809344	111	MLN-0128	LSM-1206	MTOR	0.12uM	HUES3	24h	LINCSCP_128227
LINCSCP_137833	0.2120729018	0.02544918575	111	Pomalidomide	LSM-45637	CRBN|CUL4A|DDB1|RBX1	3.33uM	MCF7	24h	LINCSCP_137833
LINCSCP_36377	-0.2120432991	0.02547017183	111	KU0060648	LSM-4935	PIK3CA|PIK3CB|PIK3CD|PRKDC	3uM	MCF7	6h	LINCSCP_36377
LINCSCP_174828	0.2120397031	0.02547272212	111	Enoxacin	LSM-5848	NA	3.33uM	YAPC	24h	LINCSCP_174828
LINCSCP_38906	-0.2120370326	0.02547461624	111	SCHEMBL618594	LSM-1070	NA	10uM	MDAMB231	24h	LINCSCP_38906
LINCSCP_8951	0.2120354739	0.02547572179	111	BRD-K71387353	LSM-12794	NA	10uM	A549	24h	LINCSCP_8951
LINCSCP_88592	-0.2120277584	0.02548119497	111	Idelalisib	LSM-1205	PIK3CD|PIK3CG	0.37uM	HA1E	24h	LINCSCP_88592
LINCSCP_86070	-0.2120215402	0.02548560667	111	Selumetinib	LSM-1056	MAP2K1|MAP2K2	10uM	BT20	24h	LINCSCP_86070
LINCSCP_59397	0.2120029962	0.02549876732	111	CHEMBL2357745	LSM-6159	NA	10uM	VCAP	6h	LINCSCP_59397
LINCSCP_300951	0.2120024816	0.02549913263	111	BRD-K37847786	LSM-10719	NA	5uM	VCAP	6h	LINCSCP_300951
LINCSCP_67008	-0.2119892415	0.02550853277	111	13-Hydroxy-8,14,19-trimethoxy-4,10,12,16-tetramethyl-3,20,22-trioxo-2-azabicyclo[16.3.1]docosa-1(21),4,6,10,18-pentaen-9-yl carbamate	LSM-42815	HSP90AA1	10uM	HEPG2	6h	LINCSCP_67008
LINCSCP_10280	0.2119500486	0.02553637606	111	Etanidazole	LSM-4774	NA	0.001uM	A549	6h	LINCSCP_10280
LINCSCP_156194	0.2119497116	0.02553661559	111	Berberine	LSM-6553	NA	3.33uM	PC3	24h	LINCSCP_156194
LINCSCP_25232	0.2119349846	0.02554708465	111	BSPBIO_001542	LSM-42823	PPP1CA|PPP2CA	10uM	HT29	24h	LINCSCP_25232
LINCSCP_279585	0.2119241753	0.02555477107	111	Isonicotinohydroxamic acid	LSM-36788	NA	0.1uM	PC3	24h	LINCSCP_279585
LINCSCP_116831	-0.2119225183	0.02555594952	111	Y-39983	LSM-1150	ROCK1|ROCK2	1.11uM	HT29	24h	LINCSCP_116831
LINCSCP_28329	0.21192137	0.0255567662	111	BRD-K02952507	LSM-6740	NA	10uM	HT29	24h	LINCSCP_28329
LINCSCP_25648	-0.2119190142	0.0255584418	111	PAC-1	LSM-3119	CASP3	10uM	HT29	24h	LINCSCP_25648
LINCSCP_269049	0.2118977744	0.02557355283	111	CHEMBL1561166	LSM-1244	NA	10uM	PC3	24h	LINCSCP_269049
LINCSCP_54029	-0.2118725284	0.02559152408	111	Quinoclamine	LSM-6261	NA	10uM	SW480	6h	LINCSCP_54029
LINCSCP_56535	0.2118410834	0.02561392304	111	Diclofenac	LSM-2160	PTGS1|PTGS2	10uM	VCAP	6h	LINCSCP_56535
LINCSCP_73418	-0.2118364554	0.02561722108	111	CHEMBL179288	LSM-3648	NA	0.37uM	A375	24h	LINCSCP_73418
LINCSCP_19644	0.2118362128	0.02561739392	111	MLS000033898	LSM-2342	NA	10uM	HCC515	6h	LINCSCP_19644
LINCSCP_152451	0.2118302655	0.02562163272	111	MGCD-265	LSM-1124	AXL|FLT1|FLT4|KDR|MET|MST1R|TEK	1.11uM	PC3	24h	LINCSCP_152451
LINCSCP_16893	0.2118210478	0.02562820356	111	BRD-K83929831	LSM-6160	NA	10uM	HA1E	6h	LINCSCP_16893
LINCSCP_223302	-0.2118143298	0.02563299337	111	Clemastine	LSM-2655	HRH1	10uM	HT29	6h	LINCSCP_223302
LINCSCP_140614	0.2118113244	0.02563513641	111	PF-3084014	LSM-45940	NA	0.04uM	MCF7	24h	LINCSCP_140614
LINCSCP_44411	-0.2118049632	0.02563967289	111	1-(5-Isoquinolinesulfonyl)piperazine	LSM-3622	NA	10uM	PC3	24h	LINCSCP_44411
LINCSCP_3063	-0.2117916079	0.02564919937	111	AHOUBRCZNHFOSL-UHFFFAOYSA-N	LSM-5101	SLC6A4	10uM	A375	6h	LINCSCP_3063
LINCSCP_6956	0.2117845406	0.02565424176	111	Androstenedone	LSM-1933	NA	10uM	A549	6h	LINCSCP_6956
LINCSCP_65993	0.2117785339	0.02565852818	111	BRD-K54127914	LSM-46099	NA	0.5uM	VCAP	24h	LINCSCP_65993
LINCSCP_34073	-0.2117781584	0.02565879614	111	BRD-K74163137	LSM-6150	NA	10uM	MCF7	6h	LINCSCP_34073
LINCSCP_33717	-0.211771105	0.02566383022	111	Lasalocid	LSM-2214	NA	10uM	MCF7	6h	LINCSCP_33717
LINCSCP_50196	-0.2117663735	0.02566720764	111	IN1152	LSM-2575	NA	10uM	PHH	24h	LINCSCP_50196
LINCSCP_28578	-0.2117621989	0.02567018786	111	Curcumin	LSM-43083	PTGS1|PTGS2	11.11uM	HT29	24h	LINCSCP_28578
LINCSCP_45114	-0.2117510957	0.02567811572	111	CHEMBL1242477	LSM-6208	PIK3CA|PIK3CB|PIK3CD|PIK3CG	20uM	PC3	6h	LINCSCP_45114
LINCSCP_30366	-0.2117452612	0.02568228244	111	GF-109203	LSM-2677	PRKCA	10uM	MCF7	6h	LINCSCP_30366
LINCSCP_64812	0.2117306238	0.0256927385	111	BRD-K86832444	LSM-42006	NA	10uM	VCAP	6h	LINCSCP_64812
LINCSCP_46807	0.2117301677	0.02569306435	111	Tyrphostin AG 126	LSM-5752	NA	10uM	PC3	24h	LINCSCP_46807
LINCSCP_17395	-0.2117237929	0.02569761929	111	13-Hydroxy-8,14,19-trimethoxy-4,10,12,16-tetramethyl-3,20,22-trioxo-2-azabicyclo[16.3.1]docosa-1(21),4,6,10,18-pentaen-9-yl carbamate	LSM-42815	HSP90AA1	0.37uM	HA1E	24h	LINCSCP_17395
LINCSCP_22104	-0.2117133128	0.02570510897	111	MLS002264457	LSM-3858	NA	10uM	HEPG2	6h	LINCSCP_22104
LINCSCP_133873	-0.2116874836	0.02572357613	111	Belinostat	LSM-43181	HDAC1|HDAC10|HDAC11|HDAC2|HDAC3|HDAC4|HDAC5|HDAC6|HDAC7|HDAC8|HDAC9	1.11uM	MCF7	24h	LINCSCP_133873
LINCSCP_67661	-0.2116711234	0.02573527905	111	13-Hydroxy-8,14,19-trimethoxy-4,10,12,16-tetramethyl-3,20,22-trioxo-2-azabicyclo[16.3.1]docosa-1(21),4,6,10,18-pentaen-9-yl carbamate	LSM-42815	HSP90AA1	10uM	MDST8	6h	LINCSCP_67661
LINCSCP_48961	-0.2116595338	0.02574357211	111	BRD-K35193330	LSM-39198	NA	10uM	PC3	24h	LINCSCP_48961
LINCSCP_72553	-0.2116567685	0.0257455512	111	Naringenin	LSM-1927	CYP19A1|ESR2	0.04uM	A375	24h	LINCSCP_72553
LINCSCP_4578	0.211650975	0.02574969795	111	AZD-2014	LSM-5754	MTOR	10uM	A549	24h	LINCSCP_4578
LINCSCP_36632	-0.2116408553	0.02575694265	111	A-443654	LSM-1045	AKT1|AKT2	0.5uM	MCF7	6h	LINCSCP_36632
LINCSCP_24257	-0.2116329925	0.02576257272	111	AT-7519	LSM-1004	CDK1|CDK10|CDK11B|CDK12|CDK13|CDK14|CDK15|CDK16|CDK17|CDK18|CDK19|CDK2|CDK20|CDK3|CDK4|CDK5|CDK6|CDK7|CDK8|CDK9	0.5uM	HS578T	24h	LINCSCP_24257
LINCSCP_62035	-0.211621347	0.02577091339	111	MLS003649973	LSM-13110	NA	5uM	VCAP	24h	LINCSCP_62035
LINCSCP_27223	-0.2116136054	0.02577645934	111	BRD-K53638321	LSM-6129	NA	10uM	HT29	6h	LINCSCP_27223
LINCSCP_103768	-0.2116106459	0.02577857971	111	FK 866	LSM-43216	NAMPT	0.04uM	HELA	24h	LINCSCP_103768
LINCSCP_254570	0.2116007315	0.02578568411	111	SA-424764	LSM-14998	NA	10uM	MCF7	6h	LINCSCP_254570
LINCSCP_156774	0.2115942184	0.02579035222	111	BRD-K00150267	LSM-45400	NA	10uM	PC3	24h	LINCSCP_156774
LINCSCP_140540	0.2115712287	0.02580683505	111	Gabapentin	LSM-5716	CACNA1A|CACNA1B|CACNA1C|CACNA1D|CACNA1E|CACNA1F|CACNA1G|CACNA1H|CACNA1I|CACNA1S|CACNA2D1|CACNA2D2|CACNA2D3|CACNA2D4|CACNB1|CACNB2|CACNB3|CACNB4|CACNG1|CACNG2|CACNG3|CACNG4|CACNG5|CACNG6|CACNG7|CACNG8	0.37uM	MCF7	24h	LINCSCP_140540
LINCSCP_6413	0.2115537664	0.02581936098	111	59826-53-8	LSM-3066	NA	10uM	A549	24h	LINCSCP_6413
LINCSCP_59386	0.2115318009	0.02583512445	111	CHEMBL2135537	LSM-6149	NA	10uM	VCAP	6h	LINCSCP_59386
LINCSCP_27028	-0.2115185999	0.02584460202	111	RS-17053	LSM-3721	ADRA1A	10uM	HT29	6h	LINCSCP_27028
LINCSCP_62255	0.2114903829	0.02586487027	111	BRD-K10894258	LSM-9095	NA	5uM	VCAP	24h	LINCSCP_62255
LINCSCP_76732	-0.211489228	0.02586570014	111	Canertinib	LSM-1120	EGFR|ERBB2|ERBB4	10uM	A375	24h	LINCSCP_76732
LINCSCP_34291	0.2114608278	0.02588611414	111	Methapyrilene	LSM-5582	HRH1	10uM	MCF7	24h	LINCSCP_34291
LINCSCP_218177	-0.211460089	0.02588664539	111	Raloxifene	LSM-3425	ESR1|ESR2	10uM	HCC515	24h	LINCSCP_218177
LINCSCP_49143	-0.211454814	0.02589043862	111	CHEMBL2139560	LSM-40087	NA	10uM	PC3	6h	LINCSCP_49143
LINCSCP_1280	0.211453253	0.02589156126	111	Emetine	LSM-2041	RPS2	10uM	A375	6h	LINCSCP_1280
LINCSCP_165829	0.2114532206	0.02589158456	111	GSK 1059615	LSM-42799	PIK3CA|PIK3CB|PIK3CD|PIK3CG	0.37uM	SKL	24h	LINCSCP_165829
LINCSCP_225620	0.2114503956	0.02589361627	111	Ranolazine	LSM-1952	SCN4A|SCN5A|SCN9A	10uM	HT29	6h	LINCSCP_225620
LINCSCP_56300	-0.2114225498	0.0259136501	111	GS-39783	LSM-3686	GABBR1	10uM	VCAP	24h	LINCSCP_56300
LINCSCP_168083	0.211399259	0.02593041697	111	Iniparib	LSM-6317	PARP1	0.37uM	YAPC	24h	LINCSCP_168083
LINCSCP_14060	0.2113927874	0.02593507749	111	BD-1047	LSM-2810	SIGMAR1	10uM	HA1E	24h	LINCSCP_14060
LINCSCP_17953	0.2113887579	0.02593797967	111	Lysergol	LSM-2609	NA	10uM	HCC515	24h	LINCSCP_17953
LINCSCP_27215	-0.2113679439	0.02595297509	111	CHEMBL2141330	LSM-39999	NA	10uM	HT29	6h	LINCSCP_27215
LINCSCP_294504	-0.2113446749	0.02596974792	111	NCGC00172397-01	LSM-36640	NA	10uM	VCAP	6h	LINCSCP_294504
LINCSCP_19173	-0.2113312671	0.02597941676	111	GNF-PF-4997	LSM-1718	NR3C1	10uM	HCC515	6h	LINCSCP_19173
LINCSCP_27181	-0.2113243318	0.02598441927	111	NCGC00170205-01	LSM-36647	NA	10uM	HT29	6h	LINCSCP_27181
LINCSCP_44217	-0.2113137468	0.02599205591	111	CTK8E8566	LSM-2746	NR1H4	10uM	PC3	24h	LINCSCP_44217
LINCSCP_235365	-0.2113084542	0.02599587502	111	Nilotinib	LSM-1099	ABL1|BCR|KIT	0.5uM	MCF10A	24h	LINCSCP_235365
LINCSCP_66840	-0.2113058238	0.0259977733	111	Trichostatin A, Streptomyces Sp.	LSM-42814	HDAC1|HDAC10|HDAC3|HDAC4|HDAC6|HDAC7|HDAC8	10uM	HA1E	6h	LINCSCP_66840
LINCSCP_76415	0.2113034328	0.0259994989	111	Ilomastat	LSM-3143	NA	10uM	A375	24h	LINCSCP_76415
LINCSCP_86021	-0.211301514	0.02600088377	111	AT-7519	LSM-1004	CDK1|CDK10|CDK11B|CDK12|CDK13|CDK14|CDK15|CDK16|CDK17|CDK18|CDK19|CDK2|CDK20|CDK3|CDK4|CDK5|CDK6|CDK7|CDK8|CDK9	0.04uM	BT20	24h	LINCSCP_86021
LINCSCP_133725	-0.2112961353	0.02600476612	111	Ricolinostat	LSM-6324	NA	0.12uM	MCF7	24h	LINCSCP_133725
LINCSCP_44778	-0.2112950581	0.02600554372	111	Cercosporin	LSM-1808	NA	10uM	PC3	6h	LINCSCP_44778
LINCSCP_303604	0.2112813358	0.02601545099	111	BRD-K61519793	LSM-12157	NA	5uM	VCAP	24h	LINCSCP_303604
LINCSCP_282738	-0.2112792041	0.02601699039	111	Rosiglitazone	LSM-1949	PPARG	80uM	PL21	6h	LINCSCP_282738
LINCSCP_11550	0.2112495481	0.02603841369	111	Vanoxerine	LSM-2703	SLC6A3	10uM	ASC	24h	LINCSCP_11550
LINCSCP_281484	-0.2112469345	0.02604030242	111	Genistein	LSM-5549	CFTR|ESR2	10uM	PHH	24h	LINCSCP_281484
LINCSCP_45287	0.2112463792	0.02604070375	111	MLS001060804	LSM-2231	NA	10uM	PC3	24h	LINCSCP_45287
LINCSCP_155252	-0.2112442504	0.02604224229	111	SPECTRUM_001522	LSM-1487	NR3C1	0.04uM	PC3	24h	LINCSCP_155252
LINCSCP_13653	0.2112401231	0.02604522533	111	AC1L1E8W	LSM-1832	ADORA1|ADORA2A	10uM	HA1E	24h	LINCSCP_13653
LINCSCP_640	0.2112358967	0.0260482804	111	Narciclasine	LSM-4934	RHOA	10uM	A375	24h	LINCSCP_640
LINCSCP_34424	-0.2112272218	0.02605455197	111	(S)APOMORPHINE	LSM-43266	ADRA2A|ADRA2B|ADRA2C|DRD1|DRD2|DRD3|DRD4|DRD5|HTR1A|HTR2A|HTR2B|HTR2C|TRPA1	10uM	MCF7	6h	LINCSCP_34424
LINCSCP_87260	-0.2112184101	0.02606092375	111	CHEMBL3188661	LSM-5394	DDR1	1.11uM	CD34	24h	LINCSCP_87260
LINCSCP_67725	-0.2112162105	0.02606251443	111	Trichostatin A, Streptomyces Sp.	LSM-42814	HDAC1|HDAC10|HDAC3|HDAC4|HDAC6|HDAC7|HDAC8	10uM	NEU	24h	LINCSCP_67725
LINCSCP_37291	0.2111918332	0.02608014964	111	SA-424828	LSM-14695	NA	1uM	MCF7	6h	LINCSCP_37291
LINCSCP_31313	-0.2111911622	0.02608063523	111	VU0404997-2	LSM-1470	GRM4	10uM	MCF7	24h	LINCSCP_31313
LINCSCP_86523	-0.211176453	0.02609128131	111	TPCA-1	LSM-1136	IKBKB	3.33uM	CD34	24h	LINCSCP_86523
LINCSCP_14652	-0.2111596746	0.02610342952	111	Betamethasone 17,21-dipropionate	LSM-1725	NA	10uM	HA1E	24h	LINCSCP_14652
LINCSCP_279383	-0.2111444377	0.02611446586	111	13-Hydroxy-8,14,19-trimethoxy-4,10,12,16-tetramethyl-3,20,22-trioxo-2-azabicyclo[16.3.1]docosa-1(21),4,6,10,18-pentaen-9-yl carbamate	LSM-42815	HSP90AA1	0.5uM	PC3	6h	LINCSCP_279383
LINCSCP_18760	0.2111420769	0.0261161762	111	Alaproclate	LSM-1333	SLC6A4	10uM	HCC515	24h	LINCSCP_18760
LINCSCP_142175	-0.2111389971	0.02611840756	111	Aripiprazole	LSM-5776	DRD2|HRH1|HTR1A|HTR1B|HTR1D|HTR2A|HTR2C	10uM	MCF7	24h	LINCSCP_142175
LINCSCP_15984	0.2111362791	0.02612037685	111	SCHEMBL2592382	LSM-2668	NA	10uM	HA1E	6h	LINCSCP_15984
LINCSCP_14688	-0.211132806	0.02612289353	111	Perphenazine	LSM-2224	DRD2	10uM	HA1E	24h	LINCSCP_14688
LINCSCP_51783	-0.2111276741	0.02612661257	111	PCI-32765	LSM-1129	BTK	10uM	SKBR3	24h	LINCSCP_51783
LINCSCP_73615	-0.2111054747	0.02614270542	111	Tetradecylthioacetic acid	LSM-5584	NA	0.12uM	A375	24h	LINCSCP_73615
LINCSCP_131732	0.2110884912	0.02615502289	111	WYE 125132	LSM-1064	MTOR	1.11uM	MCF10A	3h	LINCSCP_131732
LINCSCP_38700	0.211077549	0.02616296142	111	Avrainvillamide-analog-1	LSM-37146	NA	0.04uM	MCF7	24h	LINCSCP_38700
LINCSCP_64154	-0.2110721624	0.02616687013	111	BRD-K07060092	LSM-14705	NA	5uM	VCAP	24h	LINCSCP_64154
LINCSCP_86078	0.2110658961	0.02617141783	111	ZSTK 474	LSM-1053	PIK3CG	1.11uM	BT20	24h	LINCSCP_86078
LINCSCP_37247	-0.2110600128	0.02617568819	111	SA-247582	LSM-40758	NA	1uM	MCF7	24h	LINCSCP_37247
LINCSCP_16874	0.2110247917	0.02620126561	111	BRD-K67519589	LSM-40951	NA	10uM	HA1E	6h	LINCSCP_16874
LINCSCP_107391	-0.2110196943	0.02620496908	111	Raloxifene	LSM-3425	ESR1|ESR2	10uM	HELA	24h	LINCSCP_107391
LINCSCP_37292	0.2110159351	0.02620770059	111	SA-424371	LSM-37838	NA	1uM	MCF7	6h	LINCSCP_37292
LINCSCP_122398	-0.211010295	0.02621179924	111	BMS-777607	LSM-1144	AXL|MERTK|MET|MST1R|TYRO3	10uM	HT29	24h	LINCSCP_122398
LINCSCP_31563	-0.2110098609	0.02621211472	111	SR-03000000952-1	LSM-1998	NA	10uM	MCF7	24h	LINCSCP_31563
LINCSCP_204131	-0.211004463	0.02621603788	111	MRS 1220	LSM-2834	ADORA3	10uM	ASC	24h	LINCSCP_204131
LINCSCP_23489	-0.211000863	0.02621865462	111	CHEMDIV3_016432	LSM-36715	NA	10uM	HEPG2	24h	LINCSCP_23489
LINCSCP_96916	0.2109678785	0.02624264073	111	Phorbol Myristate Acetate	LSM-25630	NA	0.03uM	HA1E	24h	LINCSCP_96916
LINCSCP_585	-0.210931086	0.02626941797	111	BRD-A43331270-001-01-6	LSM-4436	ADRA1A|CACNA1C	10uM	A375	24h	LINCSCP_585
LINCSCP_5530	0.2109267071	0.02627260643	111	SCHEMBL2559243	LSM-3225	NA	10uM	A549	6h	LINCSCP_5530
LINCSCP_152209	-0.2108977782	0.02629367919	111	HY-11007	LSM-1022	ABL1|BCR	10uM	PC3	24h	LINCSCP_152209
LINCSCP_119349	0.2108967551	0.0262944247	111	BMS-794833	LSM-45864	NA	3.33uM	HT29	24h	LINCSCP_119349
LINCSCP_261987	-0.2108863456	0.02630201102	111	Alaproclate	LSM-1333	SLC6A4	10uM	NPC	24h	LINCSCP_261987
LINCSCP_19310	-0.2108862127	0.02630210784	111	Skiii	LSM-2462	SPHK1	40uM	HCC515	24h	LINCSCP_19310
LINCSCP_286653	-0.210883324	0.02630421349	111	Tozasertib	LSM-1021	ABL1|AURKA|AURKB|AURKC|BCR|FLT3|JAK2	10uM	SNGM	6h	LINCSCP_286653
LINCSCP_82616	0.2108798515	0.02630674475	111	Rigosertib	LSM-44531	CDK1|F2R|FLT1|FYN|PDGFRA|PLK1|PLK2|SRC	1.11uM	A549	24h	LINCSCP_82616
LINCSCP_168476	0.2108791507	0.02630725568	111	Temsirolimus (CCI-779, NSC 683864)	LSM-45994	MTOR	3.33uM	YAPC	24h	LINCSCP_168476
LINCSCP_154756	0.2108786766	0.02630760129	111	Benfluorex	LSM-4365	HMGCR	0.04uM	PC3	24h	LINCSCP_154756
LINCSCP_32876	0.2108769087	0.02630889014	111	Tetraidofluorescein	LSM-2320	NA	10uM	MCF7	24h	LINCSCP_32876
LINCSCP_52748	-0.2108650747	0.02631751881	111	Glimepiride	LSM-2760	ABCC8|KCNJ11	10uM	SKB	24h	LINCSCP_52748
LINCSCP_17636	-0.2108551496	0.02632475744	111	Promazine	LSM-2137	CHRM5|DRD2|DRD3|DRD4|HTR2A	10uM	HCC15	6h	LINCSCP_17636
LINCSCP_110497	-0.2108549042	0.02632493648	111	2-(Ethylmercuriothio)benzoic acid	LSM-5710	NA	10uM	HELA	24h	LINCSCP_110497
LINCSCP_52393	-0.2108485316	0.0263295851	111	Canertinib	LSM-1120	EGFR|ERBB2|ERBB4	10uM	SKB	24h	LINCSCP_52393
LINCSCP_69304	-0.2108363741	0.02633845563	111	C19H19FN4O3	LSM-1178	FGFR1|FLT1|KDR	1.11uM	A375	24h	LINCSCP_69304
LINCSCP_176242	-0.2108333155	0.02634068768	111	Dihydroorotate Dehydrogenase Inhibitor, Brequinar	LSM-45952	NA	0.37uM	YAPC	24h	LINCSCP_176242
LINCSCP_152200	-0.2108314047	0.02634208221	111	amcinonide	NA	NA	0.37uM	PC3	24h	LINCSCP_152200
LINCSCP_28870	0.2108294657	0.02634349735	111	BRD-K84245233	LSM-6856	NA	10uM	HUH7	24h	LINCSCP_28870
LINCSCP_62072	0.2108148493	0.02635416705	111	BRD-K99809487	LSM-14563	NA	5uM	VCAP	24h	LINCSCP_62072
LINCSCP_107844	-0.2108052516	0.02636117521	111	Dasatinib	LSM-1020	ABL1|BCR|BLK|EPHA2|FGR|FRK|FYN|HCK|KIT|LCK|LYN|PDGFRB|SRC|SRMS|YES1	3.33uM	HELA	24h	LINCSCP_107844
LINCSCP_17177	-0.2108000171	0.02636499805	111	Vorinostat	LSM-3828	HDAC1|HDAC2|HDAC3|HDAC6|HDAC8	3uM	HA1E	6h	LINCSCP_17177
LINCSCP_13124	0.21079412	0.02636930541	111	Wortmannin	LSM-3947	PIK3CA|PIK3CG|PLK1	10uM	FIBRNPC	24h	LINCSCP_13124
LINCSCP_257635	0.2107767483	0.02638199747	111	PF-04217903	LSM-1166	MET	40uM	NCIH596	6h	LINCSCP_257635
LINCSCP_69031	-0.2107712812	0.02638599288	111	AZD-1152-HQPA	LSM-1067	AURKA|AURKB	0.12uM	A375	24h	LINCSCP_69031
LINCSCP_12915	-0.2107644367	0.02639099567	111	BIBR-1532	LSM-43274	TERT	80uM	EFO27	6h	LINCSCP_12915
LINCSCP_252521	0.2107540767	0.02639856949	111	BRD-K85102293	LSM-41914	NA	0.5uM	MCF7	6h	LINCSCP_252521
LINCSCP_152180	-0.2107273703	0.02641810226	111	GSK429286A	LSM-1012	ROCK1	0.37uM	PC3	24h	LINCSCP_152180
LINCSCP_16959	-0.2107250189	0.02641982261	111	Erbstatin Analog	LSM-43038	EGFR	10uM	HA1E	6h	LINCSCP_16959
LINCSCP_266347	-0.2107081473	0.0264321693	111	Fluspirilene	LSM-3748	DRD2|HTR2A	10uM	PC3	24h	LINCSCP_266347
LINCSCP_68672	-0.2107024898	0.02643631059	111	Sirolimus	LSM-42783	FKBP1A|MTOR	10uM	VCAP	6h	LINCSCP_68672
LINCSCP_174689	-0.210702457	0.02643633466	111	Alisertib	LSM-37184	AURKA	10uM	YAPC	24h	LINCSCP_174689
LINCSCP_295791	-0.2106974739	0.02643998268	111	CHEMBL1982812	LSM-6576	NA	10uM	VCAP	6h	LINCSCP_295791
LINCSCP_271774	0.2106875086	0.02644727949	111	BRD-K45735142	LSM-6782	NA	10uM	PC3	6h	LINCSCP_271774
LINCSCP_148477	0.2106800922	0.02645271106	111	SGI-1776	LSM-6307	PIM1|PIM2|PIM3	0.12uM	NPC	24h	LINCSCP_148477
LINCSCP_19316	-0.2106710452	0.02645933811	111	Calcitriol	LSM-43088	VDR	1uM	HCC515	24h	LINCSCP_19316
LINCSCP_10040	0.2106700687	0.02646005351	111	SCHEMBL16980377	LSM-6821	NA	10uM	A549	24h	LINCSCP_10040
LINCSCP_9048	0.2106652396	0.02646359152	111	BRD-K49417484	LSM-11431	NA	10uM	A549	24h	LINCSCP_9048
LINCSCP_42646	-0.2106508829	0.02647411229	111	SB-366791	LSM-3316	TRPV1	10uM	NPC	24h	LINCSCP_42646
LINCSCP_30151	0.2106507104	0.02647423878	111	Fluphenazine	LSM-3226	DRD1|DRD2	1uM	MCF7	6h	LINCSCP_30151
LINCSCP_50373	-0.2106336474	0.02648674746	111	AEG 3482	LSM-25621	NA	10uM	PHH	24h	LINCSCP_50373
LINCSCP_8649	0.2106129228	0.0265019472	111	BRD-K77909743	LSM-13194	NA	5uM	A549	24h	LINCSCP_8649
LINCSCP_11899	-0.2106077617	0.0265057336	111	PDK1 Inhibitor	LSM-1081	PDPK1	0.5uM	BT20	6h	LINCSCP_11899
LINCSCP_176716	0.2106077401	0.02650574945	111	Oxibendazole	LSM-3153	TUBB	10uM	A375	6h	LINCSCP_176716
LINCSCP_174350	-0.2106011522	0.0265105833	111	179324-69-7	LSM-6281	ADRM1|PSMA1|PSMA2|PSMA3|PSMA4|PSMA5|PSMA6|PSMA7|PSMA8|PSMB1|PSMB10|PSMB11|PSMB2|PSMB3|PSMB4|PSMB5|PSMB6|PSMB7|PSMB8|PSMB9|PSMC1|PSMC2|PSMC3|PSMC4|PSMC5|PSMC6|PSMD1|PSMD11|PSMD12|PSMD13|PSMD14|PSMD2|PSMD3|PSMD4|PSMD6|PSMD7|PSMD8|SEM1	20uM	YAPC	24h	LINCSCP_174350
LINCSCP_283879	0.2105940238	0.02651581454	111	SA-103006	LSM-42617	NA	10uM	SKB	24h	LINCSCP_283879
LINCSCP_151252	-0.2105887353	0.02651969614	111	CHEMBL2136735	LSM-1152	FGFR1|FGFR3|FLT1|FLT4|KDR|PDGFRA|PDGFRB	0.37uM	PC3	24h	LINCSCP_151252
LINCSCP_28702	-0.2105689877	0.02653419453	111	STK177393	LSM-36613	NA	3uM	HUH7	24h	LINCSCP_28702
LINCSCP_242567	0.2105502339	0.02654796949	111	MAYBRIDGE4_003950	LSM-4735	NA	10uM	MCF7	24h	LINCSCP_242567
LINCSCP_177112	0.2105182478	0.02657147797	111	Nimodipine	LSM-1659	CACNA1C|CACNA1D|CACNA1F|CACNA1S|NR3C2	10uM	A375	24h	LINCSCP_177112
LINCSCP_63844	0.2105180675	0.02657161049	111	BRD-K86671899	LSM-13737	NA	5uM	VCAP	6h	LINCSCP_63844
LINCSCP_68409	-0.2105100851	0.02657748003	111	Thioridazine	LSM-1863	DRD1|DRD2|DRD3|DRD4|HTR2A|HTR2C	10uM	VCAP	6h	LINCSCP_68409
LINCSCP_138815	0.2104841665	0.02659654579	111	Foretinib	LSM-1158	FLT1|FLT3|FLT4|KDR|KIT|MET|PDGFRA|PDGFRB|TEK	0.04uM	MCF7	24h	LINCSCP_138815
LINCSCP_26681	-0.2104824036	0.026597843	111	MLS001033149	LSM-6634	NA	10uM	HT29	6h	LINCSCP_26681
LINCSCP_93546	0.2104614611	0.02661325747	111	BMS-299897	LSM-6207	NA	10uM	HA1E	24h	LINCSCP_93546
LINCSCP_706	0.2104592656	0.02661487385	111	Darinaparsin	LSM-4924	NA	10uM	A375	24h	LINCSCP_706
LINCSCP_149841	0.2104545342	0.02661835762	111	BMS-509744	LSM-1137	NA	0.04uM	NPC.TAK	24h	LINCSCP_149841
LINCSCP_44718	0.2104501652	0.02662157483	111	Chelidonine	LSM-2715	NA	10uM	PC3	24h	LINCSCP_44718
LINCSCP_40184	-0.2104485069	0.02662279608	111	Fedratinib	LSM-1142	FLT3|JAK2	10uM	NCIH508	6h	LINCSCP_40184
LINCSCP_260264	0.2104398314	0.02662918578	111	CHEMBL2144294	LSM-38749	NA	0.5uM	NKDBA	24h	LINCSCP_260264
LINCSCP_92439	-0.2104186195	0.02664481424	111	MBX-2982	LSM-45394	NA	10uM	HA1E	24h	LINCSCP_92439
LINCSCP_138098	-0.2104147398	0.02664767353	111	XL888	LSM-45553	NA	1.11uM	MCF7	24h	LINCSCP_138098
LINCSCP_148370	0.2104134962	0.0266485901	111	PD-0325901	LSM-1101	MAP2K1|MAP2K2	0.12uM	NPC.CAS9	24h	LINCSCP_148370
LINCSCP_2637	-0.2104076524	0.02665289765	111	SCHEMBL6465902	LSM-3544	PDE5A	10uM	A375	6h	LINCSCP_2637
LINCSCP_44259	0.2103943774	0.02666268484	111	Tyrphostin AG 825	LSM-42864	ERBB2	10uM	PC3	24h	LINCSCP_44259
LINCSCP_40343	-0.210380821	0.02667268272	111	Niclosamide	LSM-2787	STAT3	10uM	NCIH596	6h	LINCSCP_40343
LINCSCP_115963	-0.2103791718	0.02667389923	111	GSK-1904529A	LSM-1134	IGF1R|INSR	0.37uM	HS578T	3h	LINCSCP_115963
LINCSCP_8724	0.2103689592	0.02668143343	111	BRD-K29785890	LSM-38893	NA	5uM	A549	24h	LINCSCP_8724
LINCSCP_226747	0.2103684724	0.02668179258	111	Albendazole	LSM-3782	NA	10uM	HT29	6h	LINCSCP_226747
LINCSCP_9419	-0.2103670195	0.02668286467	111	Phenanthridone	LSM-2229	PARP1	0.001uM	A549	24h	LINCSCP_9419
LINCSCP_38418	-0.2103608554	0.02668741322	111	L-Sulforaphane	LSM-4919	NFE2L2	3uM	MCF7	6h	LINCSCP_38418
LINCSCP_26003	0.2103567119	0.02669047108	111	2-Bromo-n-phenylbenzamide	LSM-2067	NA	10uM	HT29	6h	LINCSCP_26003
LINCSCP_47700	-0.2103272611	0.02671221447	111	Oxcarbazepine	LSM-5219	SCN10A|SCN11A|SCN1A|SCN2A|SCN3A|SCN4A|SCN5A|SCN7A|SCN8A|SCN9A	10uM	PC3	6h	LINCSCP_47700
LINCSCP_30669	-0.2103073714	0.02672690744	111	PAC-1	LSM-3119	CASP3	10uM	MCF7	24h	LINCSCP_30669
LINCSCP_21361	0.2103042945	0.02672918105	111	PIK 75	LSM-44948	PIK3CA	0.1uM	HEC108	6h	LINCSCP_21361
LINCSCP_1275	0.2102961504	0.02673519968	111	AC1MDKLV	LSM-1956	NA	10uM	A375	6h	LINCSCP_1275
LINCSCP_25462	-0.2102959183	0.02673537128	111	LE-135	LSM-2127	RARB	20uM	HT29	24h	LINCSCP_25462
LINCSCP_267587	-0.2102871174	0.02674187664	111	CHEMBL567340	LSM-2494	NA	10uM	PC3	24h	LINCSCP_267587
LINCSCP_22944	0.210287026	0.02674194424	111	Vinpocetine	LSM-3178	PDE1A	10uM	HEPG2	6h	LINCSCP_22944
LINCSCP_42458	-0.2102826525	0.02674517746	111	Enzastaurin	LSM-1069	PRKCB	10uM	NPC	24h	LINCSCP_42458
LINCSCP_67347	-0.2102746915	0.02675106378	111	13-Hydroxy-8,14,19-trimethoxy-4,10,12,16-tetramethyl-3,20,22-trioxo-2-azabicyclo[16.3.1]docosa-1(21),4,6,10,18-pentaen-9-yl carbamate	LSM-42815	HSP90AA1	10uM	MCF7	6h	LINCSCP_67347
LINCSCP_145875	-0.2102652588	0.02675803971	111	SCHEMBL1564574	LSM-1006	CHEK1|CHEK2	1.11uM	MDAMB231	3h	LINCSCP_145875
LINCSCP_62646	-0.2102524012	0.02676755102	111	BRD-K36418235	LSM-10626	NA	5uM	VCAP	24h	LINCSCP_62646
LINCSCP_145401	0.2102456451	0.02677254999	111	SCHEMBL17052537	LSM-5803	BTK|JAK3|MKNK2|MTOR|PRKDC	3.33uM	MDAMB231	24h	LINCSCP_145401
LINCSCP_49224	-0.2102345619	0.02678075226	111	Broad-Sai-609	LSM-45327	NA	10uM	PC3	24h	LINCSCP_49224
LINCSCP_173882	0.2102325673	0.02678222861	111	Decitabine	LSM-5855	DNMT1|DNMT3A	0.37uM	YAPC	24h	LINCSCP_173882
LINCSCP_20383	0.2102174796	0.0267933985	111	Oxalomalicacid	LSM-5156	ACO1|IDH1	10uM	HCC515	6h	LINCSCP_20383
LINCSCP_19247	-0.2102123383	0.02679720566	111	Blebbistatin	LSM-6195	MYH2	40uM	HCC515	24h	LINCSCP_19247
LINCSCP_67038	-0.2102106016	0.02679849182	111	Trichostatin A, Streptomyces Sp.	LSM-42814	HDAC1|HDAC10|HDAC3|HDAC4|HDAC6|HDAC7|HDAC8	10uM	HT115	6h	LINCSCP_67038
LINCSCP_88029	0.2102100387	0.0267989087	111	SCHEMBL17052537	LSM-5803	BTK|JAK3|MKNK2|MTOR|PRKDC	3.33uM	HA1E	24h	LINCSCP_88029
LINCSCP_254350	0.2102069138	0.02680122302	111	CHEMBL2361406	LSM-41857	NA	0.5uM	MCF7	24h	LINCSCP_254350
LINCSCP_105105	0.2102038003	0.02680352911	111	Balaglitazone	LSM-45744	PPARG	0.04uM	HELA	24h	LINCSCP_105105
LINCSCP_99385	0.2101780277	0.0268226247	111	AKT Inhibitor VIII	LSM-1035	AKT1|AKT2	3.33uM	HCC515	24h	LINCSCP_99385
LINCSCP_57215	-0.2101624041	0.0268342062	111	Tozasertib	LSM-1021	ABL1|AURKA|AURKB|AURKC|BCR|FLT3|JAK2	10uM	VCAP	6h	LINCSCP_57215
LINCSCP_12243	-0.2101588598	0.02683683419	111	BRD-A24396574-001-01-5	LSM-5006	NA	0.5uM	BT20	6h	LINCSCP_12243
LINCSCP_34229	-0.2101540726	0.02684038401	111	RO-3306	LSM-42788	CDK1	10uM	MCF7	6h	LINCSCP_34229
LINCSCP_82077	0.2101538552	0.0268405452	111	Veliparib	LSM-1146	PARP1|PARP2	3.33uM	A549	24h	LINCSCP_82077
LINCSCP_71184	0.2101361305	0.02685369207	111	PI 3-K/mTOR Inhibitor III, PKI-179	LSM-45478	MTOR|PIK3CA	0.37uM	A375	24h	LINCSCP_71184
LINCSCP_67993	-0.2101216114	0.02686446538	111	Radicicol	LSM-43303	NA	1uM	PC3	6h	LINCSCP_67993
LINCSCP_33486	-0.2101155848	0.0268689382	111	Estriol	LSM-2368	ESR1|ESR2	10uM	MCF7	6h	LINCSCP_33486
LINCSCP_55883	-0.2101084244	0.02687425338	111	MLS000877024	LSM-1479	NFE2L2	10uM	VCAP	24h	LINCSCP_55883
LINCSCP_122657	-0.2101075976	0.02687486714	111	Clofazimine	LSM-5669	NA	3.33uM	HT29	24h	LINCSCP_122657
LINCSCP_22790	0.210095556	0.02688380782	111	UNII-U7RWT9J78O	LSM-44950	NA	10uM	HEPG2	6h	LINCSCP_22790
LINCSCP_159078	0.2100675871	0.0269045841	111	AZD-1480	LSM-45764	NA	0.37uM	PC3	24h	LINCSCP_159078
LINCSCP_221077	0.2100601161	0.02691013609	111	Saclofen	LSM-1402	NA	10uM	HEPG2	6h	LINCSCP_221077
LINCSCP_61180	-0.2100480211	0.02691912643	111	BRD-K95722922	LSM-14299	NA	5uM	VCAP	6h	LINCSCP_61180
LINCSCP_115742	0.2100451247	0.02692127978	111	Imatinib	LSM-1023	ABL1|BCR|CSF1R|KIT|PDGFRA|PDGFRB	0.12uM	HS578T	24h	LINCSCP_115742
LINCSCP_99576	-0.2100429341	0.02692290848	111	Radicicol	LSM-43303	NA	10uM	HCC515	24h	LINCSCP_99576
LINCSCP_81339	0.2100242555	0.02693679916	111	Linsitinib	LSM-1135	IGF1R|INSR	0.04uM	A549	24h	LINCSCP_81339
LINCSCP_176527	-0.2100132766	0.02694496672	111	Mefenamic acid	LSM-4085	PTGS1|PTGS2	3uM	A375	6h	LINCSCP_176527
LINCSCP_23829	-0.2100119749	0.02694593526	111	ICI182, 780	LSM-45338	ESR1	10uM	HEPG2	24h	LINCSCP_23829
LINCSCP_311923	-0.2099920423	0.02696076955	111	BRD-K89185880	LSM-42130	NA	10uM	VCAP	6h	LINCSCP_311923
LINCSCP_4581	-0.2099885242	0.0269633885	111	MK-2206	LSM-1057	AKT1|AKT2|AKT3	10uM	A549	24h	LINCSCP_4581
LINCSCP_3075	-0.2099743069	0.02697397448	111	Clobetasol Propionate	LSM-5281	NR3C1	10uM	A375	6h	LINCSCP_3075
LINCSCP_1291	0.2099568762	0.02698695794	111	MLS001065854	LSM-2273	NA	10uM	A375	6h	LINCSCP_1291
LINCSCP_9679	0.2099556705	0.0269878562	111	Wortmannin	LSM-3947	PIK3CA|PIK3CG|PLK1	1uM	A549	24h	LINCSCP_9679
LINCSCP_25954	-0.209946584	0.02699462668	111	CHEMBL566899	LSM-3418	NA	10uM	HT29	24h	LINCSCP_25954
LINCSCP_13253	0.209944527	0.02699615962	111	Broad-Sai-560	LSM-45991	NA	10uM	FIBRNPC	24h	LINCSCP_13253
LINCSCP_30502	-0.2099397341	0.02699973163	111	Phloretin	LSM-6221	NA	100uM	MCF7	24h	LINCSCP_30502
LINCSCP_34602	0.2099270592	0.02700917977	111	Etoricoxib	LSM-5650	PTGS2	10uM	MCF7	6h	LINCSCP_34602
LINCSCP_74483	-0.2099129291	0.02701971604	111	Alaproclate	LSM-1333	SLC6A4	3.33uM	A375	24h	LINCSCP_74483
LINCSCP_66427	-0.2098981056	0.02703077308	111	13-Hydroxy-8,14,19-trimethoxy-4,10,12,16-tetramethyl-3,20,22-trioxo-2-azabicyclo[16.3.1]docosa-1(21),4,6,10,18-pentaen-9-yl carbamate	LSM-42815	HSP90AA1	10uM	A375	24h	LINCSCP_66427
LINCSCP_29697	-0.2098711539	0.02705088656	111	PDK1 Inhibitor	LSM-1081	PDPK1	0.1uM	MCF10A	6h	LINCSCP_29697
LINCSCP_127870	-0.2098689244	0.02705255099	111	Reserpine	LSM-4162	SLC18A1|SLC18A2	10uM	HT29	24h	LINCSCP_127870
LINCSCP_132000	-0.2098494809	0.02706706995	111	NVP-AUY922	LSM-1162	NA	10uM	MCF7	24h	LINCSCP_132000
LINCSCP_15327	0.2098222717	0.02708739883	111	GMX1778	LSM-6247	NAMPT	0.1uM	HA1E	24h	LINCSCP_15327
LINCSCP_93830	-0.2098205776	0.02708866502	111	Apilimod	LSM-45286	NA	1.11uM	HA1E	24h	LINCSCP_93830
LINCSCP_111065	-0.2097985744	0.0271051145	111	Dihydroorotate Dehydrogenase Inhibitor, Brequinar	LSM-45952	NA	0.12uM	HELA	24h	LINCSCP_111065
LINCSCP_60842	-0.2097465843	0.02714401586	111	BRD-K12089955	LSM-9154	NA	5uM	VCAP	24h	LINCSCP_60842
LINCSCP_34482	-0.2097391484	0.02714958364	111	Loracarbef	LSM-5429	NA	10uM	MCF7	24h	LINCSCP_34482
LINCSCP_10721	0.2097237566	0.02716111165	111	MLS000860958	LSM-2484	NA	10uM	ASC	24h	LINCSCP_10721
LINCSCP_309981	0.2097129162	0.02716923321	111	Phenformin	LSM-2233	NA	30uM	VCAP	24h	LINCSCP_309981
LINCSCP_18737	0.2097078708	0.02717301396	111	SB 200646	LSM-3738	HTR2B|HTR2C	10uM	HCC515	6h	LINCSCP_18737
LINCSCP_105122	0.209698913	0.02717972749	111	Trovafloxacin mesylate	LSM-45386	NA	0.12uM	HELA	24h	LINCSCP_105122
LINCSCP_60290	-0.2096968701	0.02718125876	111	BRD-K40567080	LSM-43391	NA	5uM	VCAP	6h	LINCSCP_60290
LINCSCP_25796	-0.2096685038	0.02720252854	111	BI-2536	LSM-1041	PLK1	10uM	HT29	6h	LINCSCP_25796
LINCSCP_205678	-0.2096626409	0.02720692647	111	COT-10B	LSM-6226	NA	40uM	CL34	6h	LINCSCP_205678
LINCSCP_46493	-0.2096579549	0.02721044204	111	Afatinib	LSM-43226	EGFR|ERBB2|ERBB4	10uM	PC3	24h	LINCSCP_46493
LINCSCP_22664	0.2096420565	0.02722237219	111	Bongkrekic acid	LSM-42821	SLC25A4	10uM	HEPG2	6h	LINCSCP_22664
LINCSCP_110391	-0.2096354107	0.02722736053	111	Hexachlorophene	LSM-6032	NA	1.11uM	HELA	24h	LINCSCP_110391
LINCSCP_66747	-0.2096102864	0.0272462259	111	Trichostatin A, Streptomyces Sp.	LSM-42814	HDAC1|HDAC10|HDAC3|HDAC4|HDAC6|HDAC7|HDAC8	10uM	EFO27	6h	LINCSCP_66747
LINCSCP_16132	0.2096004519	0.02725361346	111	Tryptoline	LSM-2711	NA	10uM	HA1E	6h	LINCSCP_16132
LINCSCP_94547	0.2095981567	0.02725533778	111	Propentofylline	LSM-3315	PDE1A	0.37uM	HA1E	24h	LINCSCP_94547
LINCSCP_11417	-0.2095967017	0.02725643099	111	Fccp	LSM-2317	NA	10uM	ASC	24h	LINCSCP_11417
LINCSCP_158057	0.2095787187	0.02726994521	111	altrenogest	LSM-45498	NA	1.11uM	PC3	24h	LINCSCP_158057
LINCSCP_54167	-0.2095749595	0.0272727709	111	MLS000709026	LSM-43139	RAD51	40uM	SW620	6h	LINCSCP_54167
LINCSCP_32314	-0.2095701525	0.0272763847	111	BRD-K19181733	LSM-38299	NA	10uM	MCF7	6h	LINCSCP_32314
LINCSCP_45063	-0.2095443942	0.02729575584	111	Nifedipine	LSM-4176	CACNA1C|CACNA1D|CACNA1F|CACNA1S|CACNA2D1	10uM	PC3	24h	LINCSCP_45063
LINCSCP_81012	0.2095418991	0.02729763287	111	CP-724714	LSM-42777	ERBB2	3.33uM	A549	24h	LINCSCP_81012
LINCSCP_5851	0.2095294389	0.02730700811	111	Dextromethorphan	LSM-2726	GRIN2A|SIGMAR1|SLC6A4	10uM	A549	6h	LINCSCP_5851
LINCSCP_33658	0.2094954652	0.02733258443	111	Mebendazole	LSM-3749	NA	10uM	MCF7	24h	LINCSCP_33658
LINCSCP_89791	0.2094908454	0.02733606387	111	THIOCTIC ACID	LSM-45889	NA	0.37uM	HA1E	24h	LINCSCP_89791
LINCSCP_91626	0.2094885037	0.02733782776	111	Siramesine (hydrochloride)	LSM-45705	NA	1.11uM	HA1E	24h	LINCSCP_91626
LINCSCP_141972	-0.2094845163	0.02734083139	111	IDOXURIDINE	LSM-45784	NA	3.33uM	MCF7	24h	LINCSCP_141972
LINCSCP_312435	0.209482193	0.02734258161	111	BRD-K14989056	LSM-38047	NA	3uM	VCAP	24h	LINCSCP_312435
LINCSCP_62499	0.2094702049	0.02735161425	111	BRD-K10120618	LSM-9046	NA	5uM	VCAP	6h	LINCSCP_62499
LINCSCP_41529	0.209468663	0.02735277622	111	Plumbagin	LSM-37061	NA	10uM	NEU	6h	LINCSCP_41529
LINCSCP_109438	-0.2094427225	0.02737233095	111	IMD-0354	LSM-3667	IKBKB	3.33uM	HELA	24h	LINCSCP_109438
LINCSCP_25508	-0.2094420816	0.02737281416	111	AKT Inhibitor IV	LSM-43091	AKT1	10uM	HT29	24h	LINCSCP_25508
LINCSCP_21356	-0.2094416112	0.02737316892	111	Niclosamide	LSM-2787	STAT3	10uM	HEC108	6h	LINCSCP_21356
LINCSCP_76427	-0.209391336	0.02741110267	111	Econazole	LSM-1617	NA	10uM	A375	24h	LINCSCP_76427
LINCSCP_36088	-0.2093889874	0.02741287583	111	Dactolisib	LSM-4255	MTOR|PIK3CA|PIK3CB|PIK3CD|PIK3CG|PIK3R1|PIK3R2|PIK3R3|PIK3R5	1uM	MCF7	6h	LINCSCP_36088
LINCSCP_13839	-0.2093748648	0.02742354024	111	9-[3-(3,5-Dimethylpiperazin-1-yl)propyl]-9H-carbazole	LSM-1693	SIGMAR1	10uM	HA1E	6h	LINCSCP_13839
LINCSCP_8325	-0.2093743742	0.02742391079	111	MLS003129118	LSM-8079	NA	5uM	A549	24h	LINCSCP_8325
LINCSCP_255561	0.2093613719	0.02743373248	111	Temozolomide	LSM-4590	MGMT	0.5uM	MCF7	6h	LINCSCP_255561
LINCSCP_130971	-0.2093566738	0.02743728207	111	Pelitinib	LSM-42796	EGFR	0.12uM	MCF10A	3h	LINCSCP_130971
LINCSCP_49777	-0.2093483939	0.02744353882	111	Curcumin	LSM-43083	PTGS1|PTGS2	10uM	PC3	6h	LINCSCP_49777
LINCSCP_118539	-0.2093420977	0.02744829742	111	Belinostat	LSM-43181	HDAC1|HDAC10|HDAC11|HDAC2|HDAC3|HDAC4|HDAC5|HDAC6|HDAC7|HDAC8|HDAC9	10uM	HT29	24h	LINCSCP_118539
LINCSCP_16701	-0.2093292231	0.02745803001	111	BRD-K75081836	LSM-45110	NA	10uM	HA1E	6h	LINCSCP_16701
LINCSCP_16824	-0.2093254911	0.02746085177	111	MLS001207806	LSM-43094	NA	10uM	HA1E	6h	LINCSCP_16824
LINCSCP_21975	0.2093236161	0.02746226952	111	MLS002222336	LSM-1855	PTGS1|PTGS2	10uM	HEPG2	6h	LINCSCP_21975
LINCSCP_48046	-0.2093177776	0.02746668469	111	Desloratadine	LSM-5887	HRH1	10uM	PC3	6h	LINCSCP_48046
LINCSCP_130308	0.2093055315	0.0274759474	111	CHEMBL585951	LSM-36386	MAPK8	10uM	LNCAP	3h	LINCSCP_130308
LINCSCP_96853	-0.209299644	0.02748040149	111	Entinostat	LSM-4811	HDAC1|HDAC10|HDAC11|HDAC2|HDAC3|HDAC4|HDAC5|HDAC6|HDAC7|HDAC8|HDAC9	3.33uM	HA1E	24h	LINCSCP_96853
LINCSCP_3993	-0.2092948095	0.02748405939	111	Broad-Sai-045	LSM-45330	NA	0.12uM	A375	24h	LINCSCP_3993
LINCSCP_178407	-0.2092831024	0.02749291913	111	CHEMBL1616521	LSM-1793	OPRD1	10uM	A375	6h	LINCSCP_178407
LINCSCP_42823	-0.2092749207	0.02749911234	111	Flurandrenolide	LSM-1993	NR3C1	10uM	NPC	24h	LINCSCP_42823
LINCSCP_55359	0.209271194	0.02750193367	111	BRD-K05456756	LSM-45349	NA	0.5uM	U937	6h	LINCSCP_55359
LINCSCP_163435	-0.2092616953	0.02750912586	111	13-Hydroxy-8,14,19-trimethoxy-4,10,12,16-tetramethyl-3,20,22-trioxo-2-azabicyclo[16.3.1]docosa-1(21),4,6,10,18-pentaen-9-yl carbamate	LSM-42815	HSP90AA1	1.11uM	SKBR3	3h	LINCSCP_163435
LINCSCP_32852	-0.2092410515	0.02752476243	111	SPECTRUM1505012	LSM-1773	CYP19A1	10uM	MCF7	24h	LINCSCP_32852
LINCSCP_29136	-0.2092332791	0.02753065153	111	NVP-AUY922	LSM-1162	HSP90AA1|HSP90AB1	10uM	JHUEM2	6h	LINCSCP_29136
LINCSCP_33750	-0.209232598	0.02753116765	111	CTK8E8566	LSM-2746	NR1H4	10uM	MCF7	6h	LINCSCP_33750
LINCSCP_38449	0.2092306707	0.02753262818	111	R,S-equol	LSM-45303	ESR1|ESR2	1.11uM	MCF7	24h	LINCSCP_38449
LINCSCP_3629	-0.2092263213	0.02753592438	111	BRD-K79758054	LSM-41623	NA	10uM	A375	24h	LINCSCP_3629
LINCSCP_17506	-0.2092217033	0.0275394245	111	Entinostat	LSM-4811	HDAC1|HDAC10|HDAC11|HDAC2|HDAC3|HDAC4|HDAC5|HDAC6|HDAC7|HDAC8|HDAC9	0.04uM	HA1E	24h	LINCSCP_17506
LINCSCP_28769	0.2092126764	0.0275462674	111	Cycloheximide	LSM-2791	RPL3	3uM	HUH7	24h	LINCSCP_28769
LINCSCP_4936	0.2092093287	0.02754880549	111	NCGC00011940	LSM-2623	NA	10uM	A549	24h	LINCSCP_4936
LINCSCP_41737	0.2092043244	0.02755259987	111	SA-247582	LSM-40758	NA	10uM	NKDBA	24h	LINCSCP_41737
LINCSCP_45895	-0.2092022259	0.0275541912	111	Benzbromarone	LSM-2239	NA	10uM	PC3	24h	LINCSCP_45895
LINCSCP_167745	0.2091999473	0.02755591912	111	Danusertib	LSM-5253	AURKA|AURKB|AURKC|FGFR1|NTRK1|RET	3.33uM	YAPC	24h	LINCSCP_167745
LINCSCP_112231	-0.2091927121	0.02756140646	111	Idelalisib	LSM-1205	PIK3CD|PIK3CG	1.11uM	HEPG2	24h	LINCSCP_112231
LINCSCP_52578	0.2091810231	0.02757027369	111	H 8	LSM-2410	NA	10uM	SKB	24h	LINCSCP_52578
LINCSCP_73521	-0.2091732779	0.02757615046	111	SPECTRUM_001522	LSM-1487	NR3C1	10uM	A375	24h	LINCSCP_73521
LINCSCP_30286	-0.2091631427	0.02758384225	111	PAC-1	LSM-3119	CASP3	10uM	MCF7	24h	LINCSCP_30286
LINCSCP_67862	-0.2091613705	0.02758518738	111	Trichostatin A, Streptomyces Sp.	LSM-42814	HDAC1|HDAC10|HDAC3|HDAC4|HDAC6|HDAC7|HDAC8	10uM	PC3	6h	LINCSCP_67862
LINCSCP_17741	0.2091570776	0.02758844606	111	Phenothiazine	LSM-3324	NA	10uM	HCC15	6h	LINCSCP_17741
LINCSCP_65848	-0.2091345296	0.02760556722	111	BRD-K65243627	LSM-40833	NA	10uM	VCAP	6h	LINCSCP_65848
LINCSCP_30996	0.2091225531	0.02761466492	111	MLS001065838	LSM-3595	NA	10uM	MCF7	24h	LINCSCP_30996
LINCSCP_52773	-0.2091163607	0.02761936977	111	GSK 3BETA Inhibitor VIII	LSM-3514	GSK3B	10uM	SKB	24h	LINCSCP_52773
LINCSCP_106764	-0.2091152098	0.02762024432	111	DMP 777	LSM-45678	NA	10uM	HELA	24h	LINCSCP_106764
LINCSCP_148368	0.209111919	0.027622745	111	PD-0325901	LSM-1101	MAP2K1|MAP2K2	1.11uM	NPC.CAS9	24h	LINCSCP_148368
LINCSCP_111262	0.209096167	0.02763471749	111	Enzastaurin	LSM-1069	PRKCB	0.37uM	HEPG2	24h	LINCSCP_111262
LINCSCP_57757	-0.2090896463	0.02763967493	111	CHEMBL1705313	LSM-2057	NA	10uM	VCAP	24h	LINCSCP_57757
LINCSCP_37166	0.2090777349	0.0276487326	111	SA-1473405	LSM-40861	NA	0.5uM	MCF7	6h	LINCSCP_37166
LINCSCP_4891	0.2090698768	0.02765470948	111	MLS002703104	LSM-1920	NA	10uM	A549	24h	LINCSCP_4891
LINCSCP_147012	0.2090603822	0.02766193256	111	GSK-J2	LSM-44940	NA	3.33uM	NEU	24h	LINCSCP_147012
LINCSCP_45184	0.2090533763	0.02766726332	111	TSU-68	LSM-43215	AURKA|AURKB|FGFR1|FGFR2|FGFR3|FGFR4|KDR|PDGFRA|PDGFRB	5uM	PC3	6h	LINCSCP_45184
LINCSCP_127671	0.2090530885	0.02766748239	111	Gibberellin A3	LSM-4083	NA	0.02uM	HT29	24h	LINCSCP_127671
LINCSCP_19069	-0.2090289979	0.02768581975	111	Tetraidofluorescein	LSM-2320	NA	10uM	HCC515	6h	LINCSCP_19069
LINCSCP_147382	-0.2090286713	0.0276860684	111	Vorinostat	LSM-3828	HDAC1|HDAC2|HDAC3|HDAC6|HDAC8	10uM	NPC.CAS9	24h	LINCSCP_147382
LINCSCP_44047	0.2090285947	0.02768612672	111	Diphenyleneiodonium	LSM-3467	NOS2|NOS3	10uM	PC3	24h	LINCSCP_44047
LINCSCP_67229	-0.2090245975	0.02768917039	111	Trichostatin A, Streptomyces Sp.	LSM-42814	HDAC1|HDAC10|HDAC3|HDAC4|HDAC6|HDAC7|HDAC8	3uM	JURKAT	24h	LINCSCP_67229
LINCSCP_156014	0.209023425	0.02769006319	111	CX-5461	LSM-6342	NA	3.33uM	PC3	24h	LINCSCP_156014
LINCSCP_39344	-0.2090220408	0.02769111732	111	GSK 1059615	LSM-42799	PIK3CA|PIK3CB|PIK3CD|PIK3CG	0.1uM	MDAMB231	24h	LINCSCP_39344
LINCSCP_4293	0.2090216588	0.02769140822	111	BSPBIO_001542	LSM-42823	PPP1CA|PPP2CA	10uM	A549	6h	LINCSCP_4293
LINCSCP_19484	0.2090029751	0.02770563947	111	3-Chloro-l-alanine	LSM-6205	RPS2	0.5uM	HCC515	6h	LINCSCP_19484
LINCSCP_168088	0.2089961414	0.02771084621	111	Alectinib	LSM-1202	ALK|RET	1.11uM	YAPC	24h	LINCSCP_168088
LINCSCP_46886	-0.2089886083	0.02771658681	111	AC1NL2CS	LSM-4833	NA	10uM	PC3	6h	LINCSCP_46886
LINCSCP_29481	0.2089855456	0.027718921	111	Lapatinib	LSM-1051	EGFR|ERBB2	0.1uM	MCF10A	24h	LINCSCP_29481
LINCSCP_23457	0.2089849796	0.02771935245	111	Niacin	LSM-4676	HCAR2|HCAR3	3uM	HEPG2	24h	LINCSCP_23457
LINCSCP_263323	0.2089828111	0.02772100525	111	BRD-A12881497-001-01-4	LSM-36845	HTR1A|HTR1B|HTR1D|HTR2A|HTR2B|HTR2C|HTR3A|HTR3B|HTR4|HTR5A|HTR6|HTR7	10uM	NPC	24h	LINCSCP_263323
LINCSCP_120074	0.2089805622	0.02772271944	111	AT-9283	LSM-37023	ABL1|AURKA|AURKB|FLT3|JAK2|JAK3	1.11uM	HT29	24h	LINCSCP_120074
LINCSCP_156097	0.2089735683	0.02772805106	111	Doxazosin	LSM-4335	ADRA1A|ADRA1B|ADRA1D	10uM	PC3	24h	LINCSCP_156097
LINCSCP_68341	-0.2089719327	0.02772929806	111	13-Hydroxy-8,14,19-trimethoxy-4,10,12,16-tetramethyl-3,20,22-trioxo-2-azabicyclo[16.3.1]docosa-1(21),4,6,10,18-pentaen-9-yl carbamate	LSM-42815	HSP90AA1	10uM	VCAP	24h	LINCSCP_68341
LINCSCP_278710	-0.2089688309	0.02773166304	111	BRD-K84023371	LSM-15058	NA	0.1uM	PC3	6h	LINCSCP_278710
LINCSCP_148414	-0.2089556402	0.02774172207	111	Vorinostat	LSM-3828	HDAC1|HDAC2|HDAC3|HDAC6|HDAC8	10uM	NPC	24h	LINCSCP_148414
LINCSCP_55299	0.2089490095	0.02774677972	111	Wortmannin	LSM-3947	PIK3CA|PIK3CG|PLK1	3uM	U937	24h	LINCSCP_55299
LINCSCP_103051	0.2089387449	0.02775461077	111	CEP-32496	LSM-45568	BRAF|EGFR|RET	10uM	HELA	24h	LINCSCP_103051
LINCSCP_142156	-0.2089034882	0.02778152296	111	VU-0402605	LSM-45754	NA	0.04uM	MCF7	24h	LINCSCP_142156
LINCSCP_32758	-0.2088764415	0.02780218329	111	SCHEMBL16980224	LSM-1092	AURKA	10uM	MCF7	6h	LINCSCP_32758
LINCSCP_45885	-0.2088688212	0.02780800661	111	MLS002477156	LSM-1922	XIAP	10uM	PC3	24h	LINCSCP_45885
LINCSCP_61387	-0.2088661969	0.02781001228	111	CHEMBL2361962	LSM-14158	NA	5uM	VCAP	6h	LINCSCP_61387
LINCSCP_67040	-0.2088597015	0.02781497713	111	Trichostatin A, Streptomyces Sp.	LSM-42814	HDAC1|HDAC10|HDAC3|HDAC4|HDAC6|HDAC7|HDAC8	10uM	HT29	6h	LINCSCP_67040
LINCSCP_292428	0.2088542026	0.02781918082	111	SCHEMBL1675329	LSM-3821	NA	10uM	VCAP	24h	LINCSCP_292428
LINCSCP_34791	-0.2088473868	0.02782439201	111	MLS002474002	LSM-41070	NA	5uM	MCF7	24h	LINCSCP_34791
LINCSCP_19017	-0.2088467606	0.02782487089	111	SPECTRUM_001522	LSM-1487	NR3C1	10uM	HCC515	6h	LINCSCP_19017
LINCSCP_4513	0.2088237978	0.02784243402	111	Imiquimod	LSM-5408	TLR7|TLR8	10uM	A549	24h	LINCSCP_4513
LINCSCP_25878	0.2088157518	0.02784859028	111	Emetine	LSM-2041	RPS2	10uM	HT29	24h	LINCSCP_25878
LINCSCP_287455	-0.2087783419	0.02787722891	111	6,10,10B-Trihydroxy-3,4a,7,7,10a-pentamethyl-1-oxo-3-vinyldodecahydro-1H-benzo[f]chromen-5-yl acetate	LSM-4467	ADCY2	10uM	SW480	6h	LINCSCP_287455
LINCSCP_36010	0.2087706086	0.02788315223	111	Omacetaxine Mepesuccinate	LSM-3716	NA	1uM	MCF7	24h	LINCSCP_36010
LINCSCP_64029	0.2087700076	0.02788361254	111	BRD-K87758256	LSM-13811	NA	5uM	VCAP	24h	LINCSCP_64029
LINCSCP_60483	-0.2087663904	0.02788638358	111	CHEMBL2357677	LSM-7738	NA	5uM	VCAP	6h	LINCSCP_60483
LINCSCP_6764	0.2087662976	0.02788645462	111	ST092443	LSM-1481	ADORA1|ADORA2A|ADORA2B	10uM	A549	24h	LINCSCP_6764
LINCSCP_68958	-0.2087458627	0.02790211326	111	13-Hydroxy-8,14,19-trimethoxy-4,10,12,16-tetramethyl-3,20,22-trioxo-2-azabicyclo[16.3.1]docosa-1(21),4,6,10,18-pentaen-9-yl carbamate	LSM-42815	HSP90AA1	10uM	WSUDLCL2	6h	LINCSCP_68958
LINCSCP_141103	0.2087376395	0.02790841657	111	Talnetant	LSM-45828	TACR3	1.11uM	MCF7	24h	LINCSCP_141103
LINCSCP_43939	-0.2087368377	0.02790903124	111	SCHEMBL16226502	LSM-43056	HSP90AA1	10uM	PC3	6h	LINCSCP_43939
LINCSCP_24487	0.208735239	0.02791025683	111	CP466722	LSM-1009	ATM	1uM	HS578T	6h	LINCSCP_24487
LINCSCP_124266	0.2087234168	0.02791932151	111	SDZ NKT 343	LSM-45398	NA	3.33uM	HT29	24h	LINCSCP_124266
LINCSCP_63646	-0.2087087509	0.02793057005	111	BRD-K93880770	LSM-14187	NA	5uM	VCAP	6h	LINCSCP_63646
LINCSCP_41507	-0.2087062764	0.02793246838	111	Scriptaid	LSM-2499	HDAC1	10uM	NEU	6h	LINCSCP_41507
LINCSCP_19563	-0.2086836327	0.02794984435	111	CAY-10594	LSM-6256	PLD2	20uM	HCC515	6h	LINCSCP_19563
LINCSCP_172762	0.2086758785	0.0279557967	111	Picotamide	LSM-3497	TBXA2R	0.37uM	YAPC	24h	LINCSCP_172762
LINCSCP_116810	-0.2086188152	0.02799963377	111	13-Hydroxy-8,14,19-trimethoxy-4,10,12,16-tetramethyl-3,20,22-trioxo-2-azabicyclo[16.3.1]docosa-1(21),4,6,10,18-pentaen-9-yl carbamate	LSM-42815	HSP90AA1	0.04uM	HT29	24h	LINCSCP_116810
LINCSCP_206907	0.2086146976	0.02800279922	111	KW-06	LSM-36896	NA	10uM	FIBRNPC	24h	LINCSCP_206907
LINCSCP_152378	0.2085843748	0.02802611979	111	844499-71-4	LSM-1175	NA	3.33uM	PC3	24h	LINCSCP_152378
LINCSCP_11373	-0.2085602286	0.02804470185	111	Cyclosporine	LSM-42817	PPIA|PPP3CA	10uM	ASC	24h	LINCSCP_11373
LINCSCP_40065	-0.2085287297	0.02806895796	111	Cytochalasin B	LSM-43278	ACTB	10uM	NCIH2073	6h	LINCSCP_40065
LINCSCP_110354	-0.2085222316	0.02807396413	111	BX471	LSM-45629	NA	3.33uM	HELA	24h	LINCSCP_110354
LINCSCP_129042	-0.2084971961	0.02809325871	111	triptolide	NA	NA	10uM	HUVEC	24h	LINCSCP_129042
LINCSCP_6023	-0.2084951288	0.02809485249	111	CHEMBL2130568	LSM-29353	NA	10uM	A549	6h	LINCSCP_6023
LINCSCP_100460	-0.2084809476	0.02810578732	111	GSK-1070916	LSM-1062	AURKB|AURKC	10uM	HCC515	24h	LINCSCP_100460
LINCSCP_102413	-0.2084678502	0.02811588967	111	Voreloxin (Hydrochloride)	LSM-45617	TOP2A|TOP2B	1.11uM	HELA	24h	LINCSCP_102413
LINCSCP_129753	0.2084669108	0.02811661435	111	SCHEMBL6874948	LSM-5674	LCK	1.11uM	LNCAP	24h	LINCSCP_129753
LINCSCP_43450	-0.2084656305	0.02811760206	111	M-344	LSM-37091	NA	10uM	NPC	24h	LINCSCP_43450
LINCSCP_31556	-0.2084613409	0.02812091159	111	KUC103423N	LSM-1819	NA	10uM	MCF7	24h	LINCSCP_31556
LINCSCP_240401	-0.2084489595	0.02813046589	111	NU-7441	LSM-1061	PRKDC	10uM	MCF7	6h	LINCSCP_240401
LINCSCP_10636	-0.2084373831	0.02813940156	111	Vorinostat	LSM-3828	HDAC1|HDAC2|HDAC3|HDAC6|HDAC8	10uM	AGS	6h	LINCSCP_10636
LINCSCP_99577	-0.2084138028	0.02815761031	111	Radicicol	LSM-43303	NA	3.33uM	HCC515	24h	LINCSCP_99577
LINCSCP_66911	-0.2084100617	0.02816050018	111	13-Hydroxy-8,14,19-trimethoxy-4,10,12,16-tetramethyl-3,20,22-trioxo-2-azabicyclo[16.3.1]docosa-1(21),4,6,10,18-pentaen-9-yl carbamate	LSM-42815	HSP90AA1	10uM	HCC515	24h	LINCSCP_66911
LINCSCP_149899	0.2084070604	0.02816281866	111	GSK-461364	LSM-1013	PLK1	0.04uM	NPC.TAK	24h	LINCSCP_149899
LINCSCP_24894	0.2084027189	0.02816617284	111	OSI-930	LSM-1179	FLT1|FLT4|KDR|KIT	0.5uM	HS578T	6h	LINCSCP_24894
LINCSCP_43965	0.2083992966	0.02816881703	111	AC1L1KV5	LSM-1395	TUBB	10uM	PC3	24h	LINCSCP_43965
LINCSCP_265050	-0.2083830755	0.02818135309	111	Pimozide	LSM-2001	DRD1|DRD2|DRD3|DRD4|DRD5|HTR2A	10uM	PC3	24h	LINCSCP_265050
LINCSCP_5428	-0.2083806002	0.02818326645	111	SMR000651468	LSM-3706	NA	10uM	A549	24h	LINCSCP_5428
LINCSCP_65332	-0.2083754803	0.02818722444	111	CHEMBL2355430	LSM-41098	NA	10uM	VCAP	24h	LINCSCP_65332
LINCSCP_66577	-0.2083638371	0.02819622705	111	13-Hydroxy-8,14,19-trimethoxy-4,10,12,16-tetramethyl-3,20,22-trioxo-2-azabicyclo[16.3.1]docosa-1(21),4,6,10,18-pentaen-9-yl carbamate	LSM-42815	HSP90AA1	10uM	A549	6h	LINCSCP_66577
LINCSCP_51047	-0.2083621104	0.02819756236	111	PK-11195	LSM-1532	TSPO	100uM	RMUGS	6h	LINCSCP_51047
LINCSCP_46700	-0.208354826	0.0282031962	111	MLS000038113	LSM-4839	NA	10uM	PC3	24h	LINCSCP_46700
LINCSCP_43660	-0.2083496467	0.02820720251	111	Nullscript	LSM-37186	NA	10uM	NPC	6h	LINCSCP_43660
LINCSCP_104728	-0.2083464568	0.02820967025	111	XL888	LSM-45553	NA	0.04uM	HELA	24h	LINCSCP_104728
LINCSCP_50404	-0.2083420453	0.02821308321	111	AC1MJFJP	LSM-36616	NA	3uM	PHH	6h	LINCSCP_50404
LINCSCP_161185	0.208335341	0.02821827082	111	Dipyrone	LSM-5839	PTGS1	0.04uM	PC3	24h	LINCSCP_161185
LINCSCP_235679	-0.2083352606	0.02821833304	111	Withaferin A	LSM-6685	IKBKB|NAMPT	1uM	MCF7	6h	LINCSCP_235679
LINCSCP_142588	0.2083129921	0.02823556954	111	Escitalopram	LSM-3569	SLC6A4	0.04uM	MCF7	24h	LINCSCP_142588
LINCSCP_145560	0.2083028311	0.0282434374	111	ZSTK 474	LSM-1053	PIK3CG	0.12uM	MDAMB231	24h	LINCSCP_145560
LINCSCP_211813	0.2083008065	0.02824500532	111	Tretinoin	LSM-42854	RARA|RARB|RARG|RORB	10uM	HA1E	6h	LINCSCP_211813
LINCSCP_233863	0.2082914756	0.02825223248	111	Raloxifene	LSM-3425	ESR1|ESR2	3.33uM	HT29	24h	LINCSCP_233863
LINCSCP_106105	-0.2082794109	0.02826157935	111	AC1NWAOX	LSM-1520	NA	0.12uM	HELA	24h	LINCSCP_106105
LINCSCP_176221	-0.2082570879	0.0282788805	111	Pilaralisib	LSM-5998	PIK3CA|PIK3CD|PIK3CG	10uM	YAPC	24h	LINCSCP_176221
LINCSCP_45504	-0.2082441668	0.02828889898	111	MLS003448149	LSM-3003	NA	10uM	PC3	24h	LINCSCP_45504
LINCSCP_28572	-0.2082286166	0.02830095992	111	Enclomiphene	LSM-42850	ESR1	10uM	HT29	24h	LINCSCP_28572
LINCSCP_28249	-0.2082212661	0.02830666265	111	BRD-K39597586	LSM-10833	NA	10uM	HT29	24h	LINCSCP_28249
LINCSCP_100565	-0.2082193189	0.02830817347	111	Dasatinib	LSM-1020	ABL1|BCR|BLK|EPHA2|FGR|FRK|FYN|HCK|KIT|LCK|LYN|PDGFRB|SRC|SRMS|YES1	0.37uM	HCC515	24h	LINCSCP_100565
LINCSCP_83893	-0.2081934333	0.02832826477	111	HMN-214	LSM-42802	CSF1R|FLT1|FLT3|FLT4|KDR|KIT|PDGFRB|RET	0.37uM	ASC.C	24h	LINCSCP_83893
LINCSCP_172976	0.2081902214	0.02833075852	111	Zonisamide	LSM-3062	CA1|CA12|CA7|SCN11A|SCN1A|SCN2A|SCN3A|SCN4A|SCN5A|SCN9A	1.11uM	YAPC	24h	LINCSCP_172976
LINCSCP_92861	0.2081901074	0.02833084706	111	Rilmenidine	LSM-4253	ADRA2A|NISCH	1.11uM	HA1E	24h	LINCSCP_92861
LINCSCP_43410	-0.2081619988	0.02835267912	111	Oxamflatin	LSM-43060	NA	10uM	NPC	24h	LINCSCP_43410
LINCSCP_25736	-0.2081542	0.02835873901	111	Gallocatechin Gallate	LSM-6228	BACE1|FASN	90uM	HT29	6h	LINCSCP_25736
LINCSCP_12602	0.2081399442	0.02836981905	111	3-Chloro-l-alanine	LSM-6205	RPS2	0.5uM	CORL23	6h	LINCSCP_12602
LINCSCP_972	-0.2081315782	0.02837632304	111	BX-795	LSM-1189	PDK1|PDPK1	10uM	A375	6h	LINCSCP_972
LINCSCP_262260	-0.2081252145	0.02838127128	111	AC1L99UL	LSM-1831	NA	10uM	NPC	24h	LINCSCP_262260
LINCSCP_61433	-0.2081218836	0.02838386152	111	BRD-K29381365	LSM-10209	NA	5uM	VCAP	24h	LINCSCP_61433
LINCSCP_1637	-0.20811641	0.02838811858	111	KUC104129	LSM-3950	NA	10uM	A375	6h	LINCSCP_1637
LINCSCP_45266	-0.2081113806	0.02839203059	111	CHEMBL1394624	LSM-1401	NA	10uM	PC3	24h	LINCSCP_45266
LINCSCP_25930	-0.2080879314	0.02841027611	111	SECINH3	LSM-2989	NA	10uM	HT29	24h	LINCSCP_25930
LINCSCP_117090	-0.2080832255	0.02841393892	111	HG-9-91-01	LSM-6343	NA	0.04uM	HT29	24h	LINCSCP_117090
LINCSCP_194015	0.2080753899	0.02842003854	111	Carbinoxamine	LSM-1435	HRH1	10uM	A549	6h	LINCSCP_194015
LINCSCP_154142	-0.2080688855	0.02842510278	111	Balicatib	LSM-45647	NA	1.11uM	PC3	24h	LINCSCP_154142
LINCSCP_270396	-0.2080474058	0.028441832	111	Latrunculin B	LSM-43068	WWTR1|YAP1	10uM	PC3	6h	LINCSCP_270396
LINCSCP_11774	0.2080441761	0.02844434818	111	MK-2206	LSM-1057	AKT1|AKT2|AKT3	10uM	BT20	24h	LINCSCP_11774
LINCSCP_237984	0.2080176249	0.02846504042	111	CHEMBL1270505	LSM-4166	NA	10uM	MCF7	24h	LINCSCP_237984
LINCSCP_176628	-0.2079952242	0.028482508	111	Amoxapine	LSM-2021	DRD1|DRD2|DRD3|DRD4|DRD5|HTR2A|HTR6|SLC6A2|SLC6A4	10uM	A375	6h	LINCSCP_176628
LINCSCP_46148	-0.2079814197	0.02849327694	111	Dichloroacetic acid	LSM-5314	NA	10uM	PC3	6h	LINCSCP_46148
LINCSCP_5976	0.2079579436	0.02851159873	111	CHEMBL1327417	LSM-4729	NA	10uM	A549	24h	LINCSCP_5976
LINCSCP_3559	0.2079468655	0.02852024803	111	BRD-K33452357	LSM-44737	NA	10uM	A375	24h	LINCSCP_3559
LINCSCP_160951	0.2079273468	0.02853549286	111	Levamisole	LSM-6655	NA	0.04uM	PC3	24h	LINCSCP_160951
LINCSCP_43292	-0.2079148511	0.02854525603	111	7-Hydroxychlorpromazine	LSM-36973	NA	10uM	NPC	6h	LINCSCP_43292
LINCSCP_35620	-0.2079056295	0.02855246294	111	13-Hydroxy-8,14,19-trimethoxy-4,10,12,16-tetramethyl-3,20,22-trioxo-2-azabicyclo[16.3.1]docosa-1(21),4,6,10,18-pentaen-9-yl carbamate	LSM-42815	HSP90AA1	10uM	MCF7	24h	LINCSCP_35620
LINCSCP_28242	-0.2078701903	0.02858017386	111	BRD-K36313546	LSM-10622	NA	10uM	HT29	24h	LINCSCP_28242
LINCSCP_38276	0.2078595688	0.02858848363	111	SA-1919918	LSM-37759	NA	0.5uM	MCF7	6h	LINCSCP_38276
LINCSCP_130411	-0.2078590715	0.02858887273	111	LRRK2-IN-1	LSM-1086	LRRK2	3.33uM	LNCAP	3h	LINCSCP_130411
LINCSCP_39937	0.2078573872	0.02859019062	111	Tamatinib	LSM-1040	SYK	10uM	NCIH1836	6h	LINCSCP_39937
LINCSCP_71991	-0.2078521715	0.02859427211	111	CICLESONIDE	LSM-45682	NR3C1	0.12uM	A375	24h	LINCSCP_71991
LINCSCP_33737	0.2078239842	0.02861633806	111	Buddleoflavonoloside	LSM-2566	NA	10uM	MCF7	6h	LINCSCP_33737
LINCSCP_168589	0.2078215492	0.02861824501	111	Camostat Mesilate	LSM-45240	NA	10uM	YAPC	24h	LINCSCP_168589
LINCSCP_62692	0.2078199326	0.02861951106	111	BRD-K80807816	LSM-13371	NA	5uM	VCAP	24h	LINCSCP_62692
LINCSCP_139627	-0.2078166869	0.02862205305	111	Epirubicin HCl	LSM-45684	NA	3.33uM	MCF7	24h	LINCSCP_139627
LINCSCP_79610	-0.2078033367	0.02863251089	111	Theophylline	LSM-6010	ADORA1|ADORA2A|ADORA2B|ADORA3|PDE3A|PDE4A|PDE4B	0.37uM	A375	24h	LINCSCP_79610
LINCSCP_46165	0.2077983238	0.02863643852	111	Vindesine	LSM-5693	NA	10uM	PC3	6h	LINCSCP_46165
LINCSCP_287400	0.2077959387	0.02863830749	111	Nifedipine	LSM-4176	CACNA1C|CACNA1D|CACNA1F|CACNA1S|CACNA2D1	10uM	SNUC5	6h	LINCSCP_287400
LINCSCP_27174	-0.2077925038	0.02864099914	111	Merck-Ketone	LSM-36779	NA	10uM	HT29	6h	LINCSCP_27174
LINCSCP_14953	-0.2077647192	0.02866278	111	Amodiaquine	LSM-4042	HNMT	10uM	HA1E	6h	LINCSCP_14953
LINCSCP_139543	0.2077525214	0.02867234654	111	BMS-927711	LSM-45712	CALCRL	3.33uM	MCF7	24h	LINCSCP_139543
LINCSCP_204206	0.2077358077	0.02868545921	111	SC68376	LSM-3919	MAPK14	10uM	ASC	24h	LINCSCP_204206
LINCSCP_30976	-0.2077357125	0.02868553391	111	SMR000043634	LSM-3192	NA	10uM	MCF7	24h	LINCSCP_30976
LINCSCP_132062	-0.2077138487	0.02870269476	111	Radicicol	LSM-43303	NA	1.11uM	MCF7	24h	LINCSCP_132062
LINCSCP_42227	-0.2077076874	0.02870753238	111	ST019366	LSM-4420	NA	10uM	NPC	24h	LINCSCP_42227
LINCSCP_24418	0.2077015029	0.02871238889	111	HY-11007	LSM-1022	ABL1|BCR	0.1uM	HS578T	24h	LINCSCP_24418
LINCSCP_157355	0.2076926969	0.02871930512	111	Pinacidil	LSM-1557	ABCC8|ABCC9	10uM	PC3	24h	LINCSCP_157355
LINCSCP_48349	-0.207685246	0.02872515816	111	BRD-K09551497	LSM-37773	NA	5uM	PC3	24h	LINCSCP_48349
LINCSCP_54308	0.2076833366	0.02872665829	111	10-DEBC	LSM-4710	PIM1	20uM	SW620	6h	LINCSCP_54308
LINCSCP_124871	-0.2076826356	0.02872720907	111	Cediranib	LSM-5926	FLT1|FLT4|KDR|KIT|PDGFRA|PDGFRB	10uM	HT29	24h	LINCSCP_124871
LINCSCP_11019	-0.2076727494	0.02873497718	111	(Z)-Guggulsterone	LSM-43187	NR1H4	10uM	ASC	24h	LINCSCP_11019
LINCSCP_57530	-0.207670943	0.02873639676	111	MLS002264464	LSM-2528	NA	10uM	VCAP	24h	LINCSCP_57530
LINCSCP_47015	-0.2076679028	0.02873878608	111	BRD-K75081836	LSM-45110	NA	10uM	PC3	6h	LINCSCP_47015
LINCSCP_15030	-0.2076619372	0.02874347504	111	Rhodomyrtoxin	LSM-2289	NA	10uM	HA1E	24h	LINCSCP_15030
LINCSCP_143208	-0.2076614668	0.02874384475	111	Tosedostat	LSM-6286	ANPEP|C9orf3|DNPEP|ENPEP|ERAP1|ERAP2|LAP3|LNPEP|LVRN|METAP1|METAP1D|METAP2|NPEPL1|NPEPPS|RNPEP|RNPEPL1|XPNPEP1|XPNPEP2|XPNPEP3	3.33uM	MCF7	24h	LINCSCP_143208
LINCSCP_15917	-0.2076604058	0.02874467879	111	Chlorthalidone	LSM-1417	CA7|SLC12A3	10uM	HA1E	6h	LINCSCP_15917
LINCSCP_151932	0.2076553922	0.02874862005	111	UNC1215	LSM-6338	NA	0.37uM	PC3	24h	LINCSCP_151932
LINCSCP_23872	0.2076226112	0.02877440118	111	Tacedinaline	LSM-19036	HDAC1|HDAC10|HDAC11|HDAC2|HDAC3|HDAC4|HDAC5|HDAC6|HDAC7|HDAC8|HDAC9	1.11uM	HEPG2	24h	LINCSCP_23872
LINCSCP_53998	-0.2076018836	0.02879071279	111	MST-312	LSM-6230	TERT	10uM	SW480	6h	LINCSCP_53998
LINCSCP_50479	-0.2075938543	0.02879703358	111	SCHEMBL16984312	LSM-6840	NA	10uM	PHH	6h	LINCSCP_50479
LINCSCP_66748	-0.2075936353	0.028797206	111	Vorinostat	LSM-3828	HDAC1|HDAC2|HDAC3|HDAC6|HDAC8	10uM	EFO27	6h	LINCSCP_66748
LINCSCP_47580	0.207587758	0.02880183346	111	Didanosine	LSM-6017	PNP	10uM	PC3	24h	LINCSCP_47580
LINCSCP_113940	0.2075834274	0.02880524357	111	FR-180204	LSM-42790	MAPK1|MAPK3	0.04uM	HME1	24h	LINCSCP_113940
LINCSCP_40088	0.2075700379	0.02881578922	111	CHEMBL1222381	LSM-6252	NA	80uM	NCIH2073	6h	LINCSCP_40088
LINCSCP_19135	-0.2075525056	0.02882960262	111	Falnidamol	LSM-3584	EGFR	10uM	HCC515	6h	LINCSCP_19135
LINCSCP_11609	0.2075510809	0.02883072537	111	WYE 125132	LSM-1064	MTOR	1uM	BT20	24h	LINCSCP_11609
LINCSCP_27165	-0.2075387518	0.02884044297	111	Parthenolide	LSM-43090	NA	10uM	HT29	6h	LINCSCP_27165
LINCSCP_43411	0.2075368553	0.02884193802	111	ITSA-1	LSM-37000	NA	10uM	NPC	24h	LINCSCP_43411
LINCSCP_24120	0.207532198	0.02884560969	111	BRD-A73513677	LSM-45325	NA	0.5uM	HL60	24h	LINCSCP_24120
LINCSCP_23445	-0.2075210407	0.02885440746	111	BRD-K55149044	LSM-6839	NA	10uM	HEPG2	24h	LINCSCP_23445
LINCSCP_240659	-0.2075105066	0.02886271584	111	Ritanserin	LSM-2906	HTR2A|HTR2B|HTR2C	10uM	MCF7	24h	LINCSCP_240659
LINCSCP_157697	-0.2075033684	0.02886834699	111	Vidofludimus	LSM-45600	NA	10uM	PC3	24h	LINCSCP_157697
LINCSCP_20625	0.2074957456	0.0288743615	111	BRD-K49553303-001-01-8	LSM-40022	NA	10uM	HCC515	6h	LINCSCP_20625
LINCSCP_105346	0.2074948543	0.02887506485	111	ABT-333	LSM-45402	NA	3.33uM	HELA	24h	LINCSCP_105346
LINCSCP_155	-0.2074822831	0.0288849862	111	Chlorpromazine	LSM-4017	ADRA2A|ADRA2B|ADRA2C|DRD1|DRD2|DRD3|DRD4|DRD5|HRH1|HTR1A|HTR2A|HTR2C|HTR6|HTR7	10uM	A375	6h	LINCSCP_155
LINCSCP_1578	0.2074793907	0.02888726932	111	2-(Trifluoromethyl)phenothiazine	LSM-3173	NA	10uM	A375	6h	LINCSCP_1578
LINCSCP_165910	0.2074725154	0.02889269705	111	PD-0325901	LSM-1101	MAP2K1|MAP2K2	10uM	SKL	24h	LINCSCP_165910
LINCSCP_22011	-0.2074707144	0.02889411896	111	MLS003126539	LSM-2463	NA	10uM	HEPG2	6h	LINCSCP_22011
LINCSCP_43264	0.2074693358	0.02889520747	111	BRD-U65466710	LSM-42732	NA	10uM	NPC	24h	LINCSCP_43264
LINCSCP_60542	-0.2074536359	0.02890760582	111	BRD-K35290760	LSM-7302	NA	5uM	VCAP	24h	LINCSCP_60542
LINCSCP_71138	-0.2074231644	0.02893168239	111	CEP-701	LSM-45844	NA	0.04uM	A375	24h	LINCSCP_71138
LINCSCP_26370	-0.2074192507	0.02893477595	111	MLS000583951	LSM-1796	NA	10uM	HT29	6h	LINCSCP_26370
LINCSCP_22880	0.2074183874	0.02893545845	111	CHEMBL300780	LSM-2087	DRD3	10uM	HEPG2	6h	LINCSCP_22880
LINCSCP_207350	-0.2074169699	0.02893657898	111	BRD-K65213718	LSM-37155	NA	10uM	FIBRNPC	6h	LINCSCP_207350
LINCSCP_153488	-0.2074146704	0.02893839683	111	Rimexolone	LSM-2685	NR3C1	1.11uM	PC3	24h	LINCSCP_153488
LINCSCP_50089	-0.2073870524	0.02896023775	111	Papp	LSM-2302	HTR1A|HTR1D	10uM	PHH	24h	LINCSCP_50089
LINCSCP_131229	0.2073785382	0.02896697377	111	936890-98-1	LSM-42786	MTOR	0.04uM	MCF10A	24h	LINCSCP_131229
LINCSCP_23397	0.2073738	0.02897072302	111	Cycloheximide	LSM-2791	RPL3	3uM	HEPG2	24h	LINCSCP_23397
LINCSCP_46243	0.2073715911	0.02897247104	111	MLS002703076	LSM-2886	NA	10uM	PC3	24h	LINCSCP_46243
LINCSCP_17144	-0.2073611716	0.02898071759	111	Panobinostat	LSM-43059	HDAC1|HDAC10|HDAC11|HDAC2|HDAC3|HDAC4|HDAC5|HDAC6|HDAC7|HDAC8|HDAC9	0.1uM	HA1E	6h	LINCSCP_17144
LINCSCP_56937	-0.2073517857	0.02898814783	111	IMD-0354	LSM-3667	IKBKB	10uM	VCAP	24h	LINCSCP_56937
LINCSCP_176419	0.2073494487	0.02898999807	111	SPECTRUM_001604	LSM-5826	NA	0.1uM	A375	24h	LINCSCP_176419
LINCSCP_67066	-0.2073383144	0.02899881501	111	Trichostatin A, Streptomyces Sp.	LSM-42814	HDAC1|HDAC10|HDAC3|HDAC4|HDAC6|HDAC7|HDAC8	10uM	HT29	6h	LINCSCP_67066
LINCSCP_169309	0.2073333621	0.02900273727	111	Rifabutin	LSM-5004	NA	3.33uM	YAPC	24h	LINCSCP_169309
LINCSCP_22416	-0.2072922071	0.02903535011	111	CHEMBL3185054	LSM-41334	NA	10uM	HEPG2	6h	LINCSCP_22416
LINCSCP_66843	-0.2072888849	0.02903798409	111	Vorinostat	LSM-3828	HDAC1|HDAC2|HDAC3|HDAC6|HDAC8	10uM	HA1E	6h	LINCSCP_66843
LINCSCP_156161	0.2072866754	0.02903973598	111	Meisoindigo	LSM-45840	NA	0.12uM	PC3	24h	LINCSCP_156161
LINCSCP_46965	-0.207285056	0.02904102008	111	GSK-1070916	LSM-1062	AURKB|AURKC	10uM	PC3	6h	LINCSCP_46965
LINCSCP_84136	0.2072627252	0.02905873185	111	PF-04217903	LSM-1166	MET	10uM	ASC	24h	LINCSCP_84136
LINCSCP_97980	0.2072601439	0.02906077977	111	Isradipine	LSM-1897	CACNA1C|CACNA1D|CACNA1F|CACNA1S|CACNA2D1	1.11uM	HA1E	24h	LINCSCP_97980
LINCSCP_14268	0.2072569311	0.02906332899	111	522-11-2	LSM-3052	NA	10uM	HA1E	6h	LINCSCP_14268
LINCSCP_39271	-0.2072487504	0.02906982066	111	WHI-P97	LSM-1033	JAK3	0.5uM	MDAMB231	6h	LINCSCP_39271
LINCSCP_67777	-0.2072427023	0.02907462088	111	Trichostatin A, Streptomyces Sp.	LSM-42814	HDAC1|HDAC10|HDAC3|HDAC4|HDAC6|HDAC7|HDAC8	10uM	NPC	24h	LINCSCP_67777
LINCSCP_44399	-0.207231388	0.02908360252	111	Amitriptyline	LSM-3190	CHRM1|CHRM2|CHRM3|CHRM4|CHRM5|HRH1|HTR6|SLC6A2|SLC6A4	10uM	PC3	24h	LINCSCP_44399
LINCSCP_163586	0.2071841263	0.02912114581	111	PHA-793887	LSM-1073	CDK1|CDK10|CDK11B|CDK12|CDK13|CDK14|CDK15|CDK16|CDK17|CDK18|CDK19|CDK2|CDK20|CDK3|CDK4|CDK5|CDK6|CDK7|CDK8|CDK9	0.12uM	SKBR3	24h	LINCSCP_163586
LINCSCP_63168	-0.2071792351	0.02912503355	111	BRD-K51993206	LSM-11610	NA	5uM	VCAP	6h	LINCSCP_63168
LINCSCP_64578	0.2071730847	0.02912992283	111	Estradiol	LSM-2421	ESR1|ESR2|NR1I2	1uM	VCAP	6h	LINCSCP_64578
LINCSCP_53571	-0.2071727987	0.02913015018	111	BMS-536924	LSM-1210	IGF1R	10uM	SNGM	6h	LINCSCP_53571
LINCSCP_11456	-0.2071671728	0.02913462316	111	Mometasone Furoate	LSM-3349	NR3C1	10uM	ASC	24h	LINCSCP_11456
LINCSCP_129864	-0.207163184	0.02913779481	111	Withaferin A	LSM-6685	IKBKB|NAMPT	0.04uM	LNCAP	24h	LINCSCP_129864
LINCSCP_154499	-0.2071576358	0.02914220698	111	Phenformin	LSM-2233	NA	0.04uM	PC3	24h	LINCSCP_154499
LINCSCP_163530	-0.2071484935	0.02914947856	111	Tamatinib	LSM-1040	SYK	1.11uM	SKBR3	24h	LINCSCP_163530
LINCSCP_116456	-0.2071473498	0.02915038838	111	13-Hydroxy-8,14,19-trimethoxy-4,10,12,16-tetramethyl-3,20,22-trioxo-2-azabicyclo[16.3.1]docosa-1(21),4,6,10,18-pentaen-9-yl carbamate	LSM-42815	HSP90AA1	0.04uM	HT29	24h	LINCSCP_116456
LINCSCP_13949	-0.2071303514	0.02916391293	111	NNC 05-2090	LSM-3905	SLC6A12	10uM	HA1E	6h	LINCSCP_13949
LINCSCP_67067	-0.2071292967	0.02916475223	111	13-Hydroxy-8,14,19-trimethoxy-4,10,12,16-tetramethyl-3,20,22-trioxo-2-azabicyclo[16.3.1]docosa-1(21),4,6,10,18-pentaen-9-yl carbamate	LSM-42815	HSP90AA1	10uM	HT29	6h	LINCSCP_67067
LINCSCP_278566	0.2071284179	0.02916545163	111	BRD-K13868095	LSM-44693	NA	10uM	PC3	6h	LINCSCP_278566
LINCSCP_4618	-0.2070869622	0.02919845918	111	Rucaparib	LSM-4947	PARP1|PARP2|PARP3	10uM	A549	24h	LINCSCP_4618
LINCSCP_179427	0.2070805433	0.02920357288	111	Praziquantel	LSM-1387	NA	10uM	A375	6h	LINCSCP_179427
LINCSCP_32291	-0.2070773138	0.02920614595	111	F1061-0166	LSM-4474	NA	10uM	MCF7	6h	LINCSCP_32291
LINCSCP_4470	-0.2070769933	0.02920640128	111	CT-200783	LSM-43273	NA	10uM	A549	24h	LINCSCP_4470
LINCSCP_199463	-0.2070745869	0.02920831867	111	BRD-K96521176	LSM-42508	NA	5uM	A549	24h	LINCSCP_199463
LINCSCP_30931	0.2070561206	0.02922303623	111	MLS002699913	LSM-2152	NA	10uM	MCF7	24h	LINCSCP_30931
LINCSCP_33633	0.2070539701	0.02922475058	111	2,2'-Pyridylisatogen	LSM-2971	P2RY1	10uM	MCF7	24h	LINCSCP_33633
LINCSCP_120076	0.2070486849	0.02922896425	111	AT-9283	LSM-37023	ABL1|AURKA|AURKB|FLT3|JAK2|JAK3	0.12uM	HT29	24h	LINCSCP_120076
LINCSCP_143290	0.2070401818	0.02923574442	111	AZD2014	LSM-45472	MTOR	0.04uM	MCF7	24h	LINCSCP_143290
LINCSCP_101969	-0.2070373068	0.02923803718	111	Azathioprine	LSM-42936	PPAT	3.33uM	HELA	24h	LINCSCP_101969
LINCSCP_67729	-0.2070247426	0.02924805872	111	Trichostatin A, Streptomyces Sp.	LSM-42814	HDAC1|HDAC10|HDAC3|HDAC4|HDAC6|HDAC7|HDAC8	10uM	NEU	6h	LINCSCP_67729
LINCSCP_24875	0.2070243586	0.02924836507	111	SCHEMBL570779	LSM-1149	NA	0.1uM	HS578T	6h	LINCSCP_24875
LINCSCP_230732	0.2070084274	0.02926107651	111	BRD-K73428213	LSM-12927	NA	5uM	HT29	24h	LINCSCP_230732
LINCSCP_23501	0.2069868878	0.02927827039	111	Omacetaxine Mepesuccinate	LSM-3716	NA	10uM	HEPG2	24h	LINCSCP_23501
LINCSCP_129379	-0.2069831695	0.02928123932	111	CHEMBL1673039	LSM-1093	LRRK2|MAPK7	10uM	JURKAT	24h	LINCSCP_129379
LINCSCP_138472	0.2069807719	0.02928315389	111	Colchicine	LSM-5199	TUBA1A|TUBA1B|TUBA1C|TUBA3E|TUBA4A|TUBB|TUBB1|TUBB2A|TUBB2B|TUBB3|TUBB4A|TUBB4B|TUBB6|TUBB8	0.12uM	MCF7	24h	LINCSCP_138472
LINCSCP_30852	-0.2069794536	0.02928420663	111	IMD-0354	LSM-3667	IKBKB	10uM	MCF7	6h	LINCSCP_30852
LINCSCP_46129	0.2069706205	0.0292912613	111	Vinorelbine	LSM-6007	TUBB	10uM	PC3	24h	LINCSCP_46129
LINCSCP_164139	-0.206970451	0.0292913967	111	13-Hydroxy-8,14,19-trimethoxy-4,10,12,16-tetramethyl-3,20,22-trioxo-2-azabicyclo[16.3.1]docosa-1(21),4,6,10,18-pentaen-9-yl carbamate	LSM-42815	HSP90AA1	3.33uM	SKBR3	3h	LINCSCP_164139
LINCSCP_211596	-0.2069659633	0.02929498143	111	BRD-K43581698	LSM-39668	NA	10uM	HA1E	6h	LINCSCP_211596
LINCSCP_25678	-0.2069635384	0.02929691854	111	BRD-A43331270-001-01-6	LSM-4436	ADRA1A|CACNA1C	10uM	HT29	6h	LINCSCP_25678
LINCSCP_224772	-0.2069613465	0.02929866964	111	Wortmannin	LSM-3947	PIK3CA|PIK3CG|PLK1	10uM	HT29	6h	LINCSCP_224772
LINCSCP_64671	0.2069609647	0.02929897464	111	BRD-K51993206	LSM-11610	NA	10uM	VCAP	24h	LINCSCP_64671
LINCSCP_86831	0.2069434496	0.02931297071	111	OTSSP167	LSM-6340	NA	0.04uM	CD34	24h	LINCSCP_86831
LINCSCP_46158	-0.2069390694	0.02931647169	111	FK-506	LSM-43010	FKBP1A	10uM	PC3	6h	LINCSCP_46158
LINCSCP_14047	-0.2069151227	0.02933561824	111	IN1152	LSM-2575	NA	10uM	HA1E	24h	LINCSCP_14047
LINCSCP_29641	0.2069131376	0.02933720594	111	Imatinib	LSM-1023	ABL1|BCR|CSF1R|KIT|PDGFRA|PDGFRB	0.5uM	MCF10A	24h	LINCSCP_29641
LINCSCP_52769	0.2069025976	0.02934563689	111	1446-61-3	LSM-3383	CNR1	10uM	SKB	24h	LINCSCP_52769
LINCSCP_42960	0.2069006425	0.02934720103	111	BRD-K15935695	LSM-9381	NA	10uM	NPC	24h	LINCSCP_42960
LINCSCP_270091	-0.2068909653	0.029354944	111	Sertraline	LSM-3843	SLC6A4	10uM	PC3	6h	LINCSCP_270091
LINCSCP_192976	0.2068874543	0.02935775362	111	Icariin	LSM-3462	NA	10uM	A549	6h	LINCSCP_192976
LINCSCP_17358	-0.2068858189	0.02935906244	111	Vorinostat	LSM-3828	HDAC1|HDAC2|HDAC3|HDAC6|HDAC8	10uM	HA1E	24h	LINCSCP_17358
LINCSCP_66225	-0.2068804723	0.02936334169	111	QS-11	LSM-5212	ARFGAP1	10uM	WSUDLCL2	6h	LINCSCP_66225
LINCSCP_80657	-0.2068745156	0.02936810981	111	Mycophenolate Mofetil	LSM-43041	IMPDH1|IMPDH2	0.04uM	A375	24h	LINCSCP_80657
LINCSCP_284017	0.2068729098	0.02936939526	111	MLS-0435526.0001	LSM-4881	NA	10uM	SKB	24h	LINCSCP_284017
LINCSCP_59347	0.2068723027	0.0293698813	111	BRD-K45735142	LSM-6782	NA	10uM	VCAP	6h	LINCSCP_59347
LINCSCP_204107	-0.2068716059	0.02937043911	111	MLS001173561	LSM-2507	GRM7	10uM	ASC	24h	LINCSCP_204107
LINCSCP_161396	0.2068668895	0.02937421518	111	Isradipine	LSM-1897	CACNA1C|CACNA1D|CACNA1F|CACNA1S|CACNA2D1	10uM	PC3	24h	LINCSCP_161396
LINCSCP_149093	-0.2068586555	0.02938080846	111	Vorinostat	LSM-3828	HDAC1|HDAC2|HDAC3|HDAC6|HDAC8	10uM	NPC	24h	LINCSCP_149093
LINCSCP_73496	-0.2068559428	0.02938298091	111	Halofantrine	LSM-5072	NA	0.04uM	A375	24h	LINCSCP_73496
LINCSCP_10079	0.2068517214	0.0293863618	111	Genistein	LSM-5549	CFTR|ESR2	1.11uM	A549	24h	LINCSCP_10079
LINCSCP_135877	0.2068478593	0.0293894553	111	MK-5172	LSM-45592	NA	0.04uM	MCF7	24h	LINCSCP_135877
LINCSCP_124239	0.2068439403	0.02939259461	111	PHA-793887	LSM-1073	CDK1|CDK10|CDK11B|CDK12|CDK13|CDK14|CDK15|CDK16|CDK17|CDK18|CDK19|CDK2|CDK20|CDK3|CDK4|CDK5|CDK6|CDK7|CDK8|CDK9	0.12uM	HT29	24h	LINCSCP_124239
LINCSCP_49220	-0.2068428844	0.02939344046	111	Broad-Sai-443	LSM-45300	NA	0.5uM	PC3	24h	LINCSCP_49220
LINCSCP_52747	-0.2068266422	0.02940645467	111	EO 1428	LSM-1228	MAPK11|MAPK14	10uM	SKB	24h	LINCSCP_52747
LINCSCP_46575	0.2068062652	0.02942278875	111	Sitagliptin	LSM-5363	DPP4	10uM	PC3	6h	LINCSCP_46575
LINCSCP_140383	-0.20678484	0.02943997141	111	ABT-199 (GDC-0199)	LSM-45468	BCL2	1.11uM	MCF7	24h	LINCSCP_140383
LINCSCP_116376	-0.2067840312	0.02944062026	111	PIK-93	LSM-1191	NA	0.37uM	HT29	24h	LINCSCP_116376
LINCSCP_47241	-0.2067730276	0.02944944841	111	MLS000589843	LSM-43120	NA	10uM	PC3	6h	LINCSCP_47241
LINCSCP_224658	-0.2067636266	0.02945699261	111	MLS001172197	LSM-3527	NA	10uM	HT29	6h	LINCSCP_224658
LINCSCP_175152	-0.2067528202	0.02946566666	111	MG-132	LSM-1107	PSMB1	20uM	YAPC	24h	LINCSCP_175152
LINCSCP_33589	-0.2067526193	0.02946582788	111	Lasalocid	LSM-2214	NA	10uM	MCF7	24h	LINCSCP_33589
LINCSCP_44592	-0.2067521743	0.02946618516	111	Rosuvastatin	LSM-43032	HMGCR	10uM	PC3	24h	LINCSCP_44592
LINCSCP_16963	0.2067466818	0.02947059471	111	N,N-Diethyl-2-(5-oxo-2,3-dihydro[1,3]thiazolo[3',2':1,2]pyrimido[5,4-b]indol-6(5H)-yl)acetamide	LSM-2887	NA	10uM	HA1E	6h	LINCSCP_16963
LINCSCP_52089	0.2067307611	0.02948337965	111	VX-745	LSM-1169	MAPK14	10uM	SKBR3	6h	LINCSCP_52089
LINCSCP_19421	-0.206721378	0.02949091681	111	Tozasertib	LSM-1021	ABL1|AURKA|AURKB|AURKC|BCR|FLT3|JAK2	10uM	HCC515	24h	LINCSCP_19421
LINCSCP_26219	0.2067161303	0.02949513283	111	Mafenide	LSM-5445	CA6	10uM	HT29	6h	LINCSCP_26219
LINCSCP_27145	-0.2067022081	0.02950632057	111	Fasudil	LSM-3715	ROCK1|ROCK2	10uM	HT29	6h	LINCSCP_27145
LINCSCP_663	0.2066989602	0.02950893105	111	Minoxidil	LSM-2134	ABCC9|KCNJ11|KCNJ8	10uM	A375	24h	LINCSCP_663
LINCSCP_63898	0.2066859153	0.0295194178	111	BRD-K75394059	LSM-13040	NA	5uM	VCAP	24h	LINCSCP_63898
LINCSCP_168594	0.2066757526	0.02952758974	111	Camostat Mesilate	LSM-45240	NA	0.04uM	YAPC	24h	LINCSCP_168594
LINCSCP_159369	0.2066658161	0.02953558162	111	Fosfomycin Tromethamine	LSM-45458	NA	3.33uM	PC3	24h	LINCSCP_159369
LINCSCP_113758	0.206663339	0.02953757428	111	Ipatasertib	LSM-6341	AKT1|AKT2|AKT3	0.37uM	HME1	24h	LINCSCP_113758
LINCSCP_62695	-0.2066554221	0.02954394349	111	BRD-K83933044	LSM-13559	NA	5uM	VCAP	24h	LINCSCP_62695
LINCSCP_150078	-0.2066397578	0.02955654902	111	Pracinostat	LSM-43290	NA	0.37uM	NPC.TAK	24h	LINCSCP_150078
LINCSCP_40063	-0.2066390085	0.0295571521	111	Piplartine	LSM-42914	NA	10uM	NCIH2073	6h	LINCSCP_40063
LINCSCP_51425	-0.2066205555	0.0295720079	111	AZD-1152-HQPA	LSM-1067	AURKA|AURKB	1uM	SKBR3	24h	LINCSCP_51425
LINCSCP_16687	0.2066181027	0.02957398304	111	Tyrphostin AG 126	LSM-5752	NA	10uM	HA1E	6h	LINCSCP_16687
LINCSCP_112139	-0.2066173095	0.0295746218	111	SB525334	LSM-1121	TGFBR1	10uM	HEPG2	24h	LINCSCP_112139
LINCSCP_37623	0.2066137646	0.02957747662	111	Methiazole	LSM-4894	NA	3uM	MCF7	24h	LINCSCP_37623
LINCSCP_74534	0.2066124068	0.02957857014	111	Ammonium Glycyrrhizinate	LSM-46003	NA	10uM	A375	24h	LINCSCP_74534
LINCSCP_35367	-0.2066060197	0.02958371453	111	BRD-K80169513	LSM-13321	NA	10uM	MCF7	24h	LINCSCP_35367
LINCSCP_1344	0.2066053031	0.02958429181	111	2-(4-Chlorophenyl)-4-propan-2-yloxyquinazoline	LSM-3936	NA	10uM	A375	6h	LINCSCP_1344
LINCSCP_145108	-0.2065767903	0.02960726686	111	CP466722	LSM-1009	ATM	3.33uM	MDAMB231	3h	LINCSCP_145108
LINCSCP_39664	0.2065553766	0.02962453156	111	TWS 119	LSM-1111	GSK3B	0.5uM	MDAMB231	6h	LINCSCP_39664
LINCSCP_30201	-0.2065421574	0.02963519377	111	6-(4-Hydroxy-6-methoxy-7-methyl-3-oxo-1H-2-benzofuran-5-yl)-4-methylhex-4-enoic acid	LSM-2681	IMPDH1|IMPDH2	10uM	MCF7	6h	LINCSCP_30201
LINCSCP_120585	-0.2065247797	0.02964921507	111	Andarine	LSM-5880	AR	0.12uM	HT29	24h	LINCSCP_120585
LINCSCP_15561	-0.2065238685	0.02964995038	111	Amiodarone	LSM-2379	KCNH2	10uM	HA1E	6h	LINCSCP_15561
LINCSCP_122453	-0.2064975374	0.02967120692	111	Apilimod	LSM-45286	NA	3.33uM	HT29	24h	LINCSCP_122453
LINCSCP_16362	-0.2064921257	0.02967557725	111	SCHEMBL2608041	LSM-44987	HDAC6	10uM	HA1E	6h	LINCSCP_16362
LINCSCP_29017	-0.2064694454	0.02969389913	111	SCHEMBL16980376	LSM-6842	NA	3uM	HUH7	6h	LINCSCP_29017
LINCSCP_80628	-0.206466068	0.02969662838	111	Rupatadine Fumarate	LSM-45384	NA	10uM	A375	24h	LINCSCP_80628
LINCSCP_4446	0.2064646974	0.02969773595	111	PX 12	LSM-4918	TXN|TXNRD1	30uM	A549	24h	LINCSCP_4446
LINCSCP_77758	-0.2064585098	0.02970273678	111	Fipronil	LSM-1608	NA	10uM	A375	24h	LINCSCP_77758
LINCSCP_102952	0.2064570533	0.02970391402	111	LY2801653	LSM-45706	MET	3.33uM	HELA	24h	LINCSCP_102952
LINCSCP_116978	0.2064543925	0.02970606474	111	Tyrphostin AG-1478	LSM-1224	EGFR	3.33uM	HT29	24h	LINCSCP_116978
LINCSCP_115659	-0.2064407336	0.02971710728	111	AT-7519	LSM-1004	CDK1|CDK10|CDK11B|CDK12|CDK13|CDK14|CDK15|CDK16|CDK17|CDK18|CDK19|CDK2|CDK20|CDK3|CDK4|CDK5|CDK6|CDK7|CDK8|CDK9	0.12uM	HS578T	24h	LINCSCP_115659
LINCSCP_108286	0.2064346469	0.02972202922	111	BMS-707035	LSM-45501	NA	0.04uM	HELA	24h	LINCSCP_108286
LINCSCP_26568	-0.2064095636	0.02974231987	111	3,6-Dimethyl-9-[6-(oxiran-2-yl)-6-oxohexyl]decahydropyrrolo[1,2-a][1,4,7,10]tetraazacyclododecine-1,4,7,10-tetrone	LSM-5046	NA	10uM	HT29	6h	LINCSCP_26568
LINCSCP_130829	-0.2063980419	0.02975164403	111	Vemurafenib	LSM-1068	BRAF	10uM	MCF10A	3h	LINCSCP_130829
LINCSCP_28358	-0.2063908413	0.02975747256	111	BRD-K43540029	LSM-39664	NA	10uM	HT29	24h	LINCSCP_28358
LINCSCP_5114	-0.206377979	0.02976788632	111	MLS001250347	LSM-2752	NA	10uM	A549	6h	LINCSCP_5114
LINCSCP_12871	0.2063720931	0.02977265276	111	SCHEMBL13991002	LSM-6278	NA	40uM	DV90	6h	LINCSCP_12871
LINCSCP_16518	-0.2063715382	0.02977310217	111	Apatinib Hydrochloride	LSM-4810	HDAC1|HDAC10|HDAC11|HDAC2|HDAC3|HDAC4|HDAC5|HDAC6|HDAC7|HDAC8|HDAC9	10uM	HA1E	6h	LINCSCP_16518
LINCSCP_174677	0.2063710147	0.02977352614	111	Tomelukast	LSM-3675	CYSLTR1	1uM	YAPC	24h	LINCSCP_174677
LINCSCP_37828	0.2063631184	0.02977992179	111	BRD-K75322905	LSM-13035	NA	3uM	MCF7	6h	LINCSCP_37828
LINCSCP_40036	0.2063611621	0.02978150648	111	3-Chloro-l-alanine	LSM-6205	RPS2	0.5uM	NCIH2073	6h	LINCSCP_40036
LINCSCP_126174	0.2063607928	0.0297818056	111	SIN-1, Hydrochloride	LSM-45857	NA	1.11uM	HT29	24h	LINCSCP_126174
LINCSCP_160291	0.206359977	0.02978246652	111	Decitabine	LSM-5855	DNMT1|DNMT3A	0.04uM	PC3	24h	LINCSCP_160291
LINCSCP_45910	0.2063414872	0.02979744807	111	MLS000718932	LSM-2636	NA	10uM	PC3	24h	LINCSCP_45910
LINCSCP_86569	0.2063157128	0.02981834275	111	CGP 60474	LSM-1025	CDK1	0.37uM	CD34	24h	LINCSCP_86569
LINCSCP_116888	0.2062759764	0.02985058042	111	1166227-08-2	LSM-1204	NA	3.33uM	HT29	24h	LINCSCP_116888
LINCSCP_134726	-0.2062752021	0.02985120891	111	MG-132	LSM-1107	PSMB1	20uM	MCF7	24h	LINCSCP_134726
LINCSCP_52339	-0.2062681068	0.02985696847	111	BRD-A84327315-001-01-1	LSM-43157	VDR	10uM	SKB	24h	LINCSCP_52339
LINCSCP_6136	-0.2062657596	0.02985887401	111	CID 6167421	LSM-44973	NA	10uM	A549	24h	LINCSCP_6136
LINCSCP_35961	0.2062644069	0.02985997224	111	LY-294002	LSM-2597	MTOR|PIK3CA|PIK3CB|PIK3CD|PIK3CG|PLK1|PRKDC	3uM	MCF7	24h	LINCSCP_35961
LINCSCP_50423	-0.2062082428	0.02990560006	111	CDK4 Inhibitor III	LSM-2121	CDK4	10uM	PHH	6h	LINCSCP_50423
LINCSCP_51376	-0.2062066423	0.02990690113	111	Dasatinib	LSM-1020	ABL1|BCR|BLK|EPHA2|FGR|FRK|FYN|HCK|KIT|LCK|LYN|PDGFRB|SRC|SRMS|YES1	0.5uM	SKBR3	24h	LINCSCP_51376
LINCSCP_292527	0.2061910021	0.02991961827	111	BRD-K08829932	LSM-2177	NA	10uM	VCAP	6h	LINCSCP_292527
LINCSCP_56775	-0.2061877099	0.02992229579	111	Brefeldin A	LSM-42812	NA	0.1uM	VCAP	24h	LINCSCP_56775
LINCSCP_25366	0.2061741604	0.02993331744	111	Eticlopride	LSM-3109	DRD2	10uM	HT29	6h	LINCSCP_25366
LINCSCP_51951	0.2061735035	0.02993385188	111	PF477736	LSM-1112	CHEK1	0.1uM	SKBR3	6h	LINCSCP_51951
LINCSCP_57216	-0.2061697468	0.02993690842	111	179324-69-7	LSM-6281	ADRM1|PSMA1|PSMA2|PSMA3|PSMA4|PSMA5|PSMA6|PSMA7|PSMA8|PSMB1|PSMB10|PSMB11|PSMB2|PSMB3|PSMB4|PSMB5|PSMB6|PSMB7|PSMB8|PSMB9|PSMC1|PSMC2|PSMC3|PSMC4|PSMC5|PSMC6|PSMD1|PSMD11|PSMD12|PSMD13|PSMD14|PSMD2|PSMD3|PSMD4|PSMD6|PSMD7|PSMD8|SEM1	0.01uM	VCAP	6h	LINCSCP_57216
LINCSCP_7020	0.2061591338	0.02994554471	111	Fenoterol	LSM-1948	ADRB2	10uM	A549	24h	LINCSCP_7020
LINCSCP_218226	-0.2061358668	0.02996448559	111	Broad-Sai-560	LSM-45991	NA	0.37uM	HCC515	24h	LINCSCP_218226
LINCSCP_24948	0.206133859	0.02996612061	111	ABT737	LSM-1180	BCL2|BCL2L1|BCL2L2	10uM	HS578T	6h	LINCSCP_24948
LINCSCP_83205	0.2060902816	0.03000162444	111	BRD-A25736793	LSM-43054	MTOR	0.04uM	ASC.C	24h	LINCSCP_83205
LINCSCP_110132	-0.2060679546	0.03001982878	111	Momelotinib	LSM-1141	JAK1|JAK2	10uM	HELA	24h	LINCSCP_110132
LINCSCP_63875	0.2060651562	0.03002211112	111	BRD-K24748809	LSM-9931	NA	5uM	VCAP	24h	LINCSCP_63875
LINCSCP_42420	-0.2060613097	0.03002524848	111	Voriconazole Impurity D	LSM-5570	CYP2C19|CYP2C9|CYP3A4|CYP3A5|PTGS1	10uM	NPC	24h	LINCSCP_42420
LINCSCP_112349	0.2060572099	0.03002859276	111	GSK-J1	LSM-44939	NA	1.11uM	HEPG2	24h	LINCSCP_112349
LINCSCP_49178	-0.2060324972	0.0300487582	111	BRD-K76758536	LSM-41462	NA	10uM	PC3	6h	LINCSCP_49178
LINCSCP_269232	0.2060294754	0.03005122478	111	MLS002276514	LSM-3561	NA	10uM	PC3	24h	LINCSCP_269232
LINCSCP_162998	-0.2060259026	0.03005414127	111	Radicicol	LSM-43303	NA	1.11uM	SKBR3	24h	LINCSCP_162998
LINCSCP_55295	0.2060241479	0.03005557377	111	BRD-A74382794	LSM-45339	NA	3uM	U937	24h	LINCSCP_55295
LINCSCP_67399	-0.2060033539	0.03007255366	111	Radicicol	LSM-43303	NA	5uM	MCF7	24h	LINCSCP_67399
LINCSCP_111030	-0.2059995392	0.03007566951	111	ABACAVIR SULFATE	LSM-45963	NA	0.04uM	HELA	24h	LINCSCP_111030
LINCSCP_42853	-0.205995828	0.03007870114	111	Carbonyl Cyanide M-Chlorophenylhydrazone	LSM-2341	NA	10uM	NPC	24h	LINCSCP_42853
LINCSCP_56786	-0.2059842508	0.03008815998	111	L-Sulforaphane	LSM-4919	NFE2L2	10uM	VCAP	24h	LINCSCP_56786
LINCSCP_147942	0.2059771306	0.0300939786	111	852475-26-4	LSM-43291	NA	3.33uM	NPC.CAS9	24h	LINCSCP_147942
LINCSCP_36813	0.2059737337	0.0300967549	111	MGCD-265	LSM-1124	AXL|FLT1|FLT4|KDR|MET|MST1R|TEK	0.1uM	MCF7	24h	LINCSCP_36813
LINCSCP_25147	0.2059690122	0.03010061411	111	AC1NWALX	LSM-1410	RPS2	10uM	HT29	6h	LINCSCP_25147
LINCSCP_119350	0.2059677719	0.03010162801	111	BMS-794833	LSM-45864	NA	1.11uM	HT29	24h	LINCSCP_119350
LINCSCP_65583	-0.2059644628	0.03010433309	111	BRD-K14363876	LSM-14727	NA	10uM	VCAP	24h	LINCSCP_65583
LINCSCP_187983	-0.2059585968	0.0301091289	111	Pimozide	LSM-2001	DRD1|DRD2|DRD3|DRD4|DRD5|HTR2A	10uM	A549	24h	LINCSCP_187983
LINCSCP_281003	-0.2059574139	0.03011009606	111	Enalapril	LSM-3282	ACE	1uM	PC3	6h	LINCSCP_281003
LINCSCP_136536	0.2059532365	0.03011351182	111	Licarbazepine	LSM-45929	NA	0.04uM	MCF7	24h	LINCSCP_136536
LINCSCP_145669	-0.205945939	0.03011947964	111	GSK 1059615	LSM-42799	PIK3CA|PIK3CB|PIK3CD|PIK3CG	10uM	MDAMB231	3h	LINCSCP_145669
LINCSCP_53943	0.2059450574	0.03012020063	111	79966-13-5	LSM-6665	NA	10uM	SNUC5	6h	LINCSCP_53943
LINCSCP_223523	-0.2059387906	0.03012532647	111	Medetomidine	LSM-1722	ADRA2A|ADRA2B|ADRA2C	10uM	HT29	24h	LINCSCP_223523
LINCSCP_136043	0.2059377838	0.03012615004	111	Ridaforolimus (Deforolimus, MK-8669)	LSM-45997	MTOR	0.37uM	MCF7	24h	LINCSCP_136043
LINCSCP_81288	0.2059301719	0.03013237712	111	Dactolisib	LSM-4255	MTOR|PIK3CA|PIK3CB|PIK3CD|PIK3CG|PIK3R1|PIK3R2|PIK3R3|PIK3R5	1.11uM	A549	24h	LINCSCP_81288
LINCSCP_22867	-0.2059295919	0.03013285168	111	Dexamethasone Acetate	LSM-1915	NR3C1	10uM	HEPG2	6h	LINCSCP_22867
LINCSCP_214504	0.2059283316	0.03013388285	111	Methantheline	LSM-2202	HRH2	10uM	HCC515	6h	LINCSCP_214504
LINCSCP_1878	-0.2058964428	0.03015998331	111	Albuterol	LSM-5178	ADRB2	10uM	A375	6h	LINCSCP_1878
LINCSCP_6713	-0.2058760743	0.03017666469	111	Bosutinib	LSM-1190	ABL1|BCR|CAMK2G|HCK|LYN|SRC	10uM	A549	6h	LINCSCP_6713
LINCSCP_3117	-0.2058436251	0.03020325595	111	RO-3306	LSM-42788	CDK1	10uM	A375	6h	LINCSCP_3117
LINCSCP_54889	-0.2058309698	0.03021363204	111	CHEMBL258148	LSM-6214	CTSL	90uM	THP1	6h	LINCSCP_54889
LINCSCP_73485	0.2058245544	0.03021889319	111	(-)-Tramadol	LSM-3125	OPRM1|SLC6A2|SLC6A4	10uM	A375	24h	LINCSCP_73485
LINCSCP_41251	-0.205822167	0.03022085121	111	LBH-589	LSM-42730	NA	10uM	NEU	24h	LINCSCP_41251
LINCSCP_48962	-0.2058038247	0.03023589851	111	BRD-K35210537	LSM-39201	NA	10uM	PC3	24h	LINCSCP_48962
LINCSCP_37732	0.205791282	0.03024619167	111	SA-243276	LSM-41502	NA	0.5uM	MCF7	24h	LINCSCP_37732
LINCSCP_67772	-0.2057856121	0.03025084565	111	Vorinostat	LSM-3828	HDAC1|HDAC2|HDAC3|HDAC6|HDAC8	10uM	NPC	24h	LINCSCP_67772
LINCSCP_59105	0.2057710944	0.03026276486	111	HMN-214	LSM-42802	CSF1R|FLT1|FLT3|FLT4|KDR|KIT|PDGFRB|RET	10uM	VCAP	6h	LINCSCP_59105
LINCSCP_85188	-0.2057641916	0.03026843349	111	CHEMBL1083527	LSM-1122	NA	10uM	BT20	24h	LINCSCP_85188
LINCSCP_156016	0.2057450363	0.03028416886	111	CX-5461	LSM-6342	NA	0.37uM	PC3	24h	LINCSCP_156016
LINCSCP_128184	-0.2057433856	0.0302855252	111	CDK9 Inhibitor	LSM-1197	NA	3.33uM	HUES3	24h	LINCSCP_128184
LINCSCP_28889	-0.2057280102	0.03029816097	111	F1304-0056	LSM-36608	NA	3uM	HUH7	6h	LINCSCP_28889
LINCSCP_61966	0.2057236493	0.03030174562	111	BRD-K24339152	LSM-9905	NA	5uM	VCAP	24h	LINCSCP_61966
LINCSCP_19356	-0.2057194634	0.0303051868	111	ABT737	LSM-1180	BCL2|BCL2L1|BCL2L2	10uM	HCC515	24h	LINCSCP_19356
LINCSCP_45536	0.2057181704	0.03030624981	111	KUC103874	LSM-3746	NA	10uM	PC3	24h	LINCSCP_45536
LINCSCP_77573	-0.2057156967	0.03030828363	111	pancuronium	LSM-45391	NA	10uM	A375	24h	LINCSCP_77573
LINCSCP_77453	-0.2057136029	0.03031000517	111	tetrahydropalmatine	LSM-45878	NA	10uM	A375	24h	LINCSCP_77453
LINCSCP_16896	-0.205694863	0.03032541712	111	BRD-K84450674	LSM-41883	NA	10uM	HA1E	6h	LINCSCP_16896
LINCSCP_132550	0.2056873189	0.03033162334	111	AZD-8055	LSM-1007	MTOR	0.04uM	MCF7	24h	LINCSCP_132550
LINCSCP_239859	0.2056809184	0.0303368896	111	MEGXM0_000348	LSM-4497	NA	10uM	MCF7	24h	LINCSCP_239859
LINCSCP_23926	-0.2056805979	0.03033715332	111	PCI-34051	LSM-4812	HDAC1|HDAC10|HDAC6|HDAC8	3.33uM	HEPG2	24h	LINCSCP_23926
LINCSCP_64339	-0.2056722272	0.03034404189	111	BRD-K94501123	LSM-42404	NA	5uM	VCAP	24h	LINCSCP_64339
LINCSCP_109131	-0.2056655768	0.03034951569	111	Sertindole	LSM-5765	DRD2|HTR2A|HTR2C	10uM	HELA	24h	LINCSCP_109131
LINCSCP_223257	-0.2056493379	0.03036288512	111	Sappanone A Trimethyl Ether	LSM-42843	NA	10uM	HT29	6h	LINCSCP_223257
LINCSCP_32854	0.2056489678	0.03036318994	111	CHEMBL404099	LSM-1802	NA	10uM	MCF7	24h	LINCSCP_32854
LINCSCP_24509	-0.2056416441	0.03036922112	111	GSK-1070916	LSM-1062	AURKB|AURKC	10uM	HS578T	6h	LINCSCP_24509
LINCSCP_27637	0.205639201	0.03037123336	111	BRD-K02159117	LSM-8566	NA	5uM	HT29	24h	LINCSCP_27637
LINCSCP_81519	-0.2056353256	0.03037442546	111	CHEMBL2136735	LSM-1152	FGFR1|FGFR3|FLT1|FLT4|KDR|PDGFRA|PDGFRB	0.04uM	A549	24h	LINCSCP_81519
LINCSCP_241	-0.2056297819	0.03037899212	111	AC1NSZSY	LSM-1728	CYP17A1|NR3C2|PGR	10uM	A375	24h	LINCSCP_241
LINCSCP_61154	-0.2056041597	0.03040010643	111	CHEMBL2360719	LSM-12663	NA	5uM	VCAP	6h	LINCSCP_61154
LINCSCP_172593	0.2055991169	0.03040426349	111	TG100-115	LSM-5731	PIK3CD|PIK3CG	1.11uM	YAPC	24h	LINCSCP_172593
LINCSCP_262978	0.2055925173	0.03040970465	111	BRD-K17817744	LSM-14743	NA	10uM	NPC	24h	LINCSCP_262978
LINCSCP_52370	0.2055871242	0.03041415168	111	Androstenedione	LSM-5464	AKR1C3|HSD17B1|HSD3B1	10uM	SKB	24h	LINCSCP_52370
LINCSCP_40977	0.2055741274	0.0304248708	111	BRL54443	LSM-2389	HTR1E|HTR1F	10uM	NEU	24h	LINCSCP_40977
LINCSCP_265915	-0.2055596661	0.0304368015	111	LE 300	LSM-2007	DRD5	10uM	PC3	6h	LINCSCP_265915
LINCSCP_169958	-0.2055551305	0.03044054424	111	179324-69-7	LSM-6281	ADRM1|PSMA1|PSMA2|PSMA3|PSMA4|PSMA5|PSMA6|PSMA7|PSMA8|PSMB1|PSMB10|PSMB11|PSMB2|PSMB3|PSMB4|PSMB5|PSMB6|PSMB7|PSMB8|PSMB9|PSMC1|PSMC2|PSMC3|PSMC4|PSMC5|PSMC6|PSMD1|PSMD11|PSMD12|PSMD13|PSMD14|PSMD2|PSMD3|PSMD4|PSMD6|PSMD7|PSMD8|SEM1	20uM	YAPC	24h	LINCSCP_169958
LINCSCP_262031	-0.2055482511	0.03044622181	111	Pinacidil	LSM-1557	ABCC8|ABCC9	10uM	NPC	24h	LINCSCP_262031
LINCSCP_232923	-0.20554678	0.03044743607	111	BRD-K60636255	LSM-12092	NA	10uM	HT29	24h	LINCSCP_232923
LINCSCP_33605	-0.2055311203	0.03046036373	111	Skiii	LSM-2462	SPHK1	10uM	MCF7	24h	LINCSCP_33605
LINCSCP_306942	-0.2055280684	0.03046288373	111	BRD-K10835142	LSM-9087	NA	5uM	VCAP	6h	LINCSCP_306942
LINCSCP_58266	-0.2055259259	0.03046465301	111	Diphencyprone	LSM-5625	NA	10uM	VCAP	6h	LINCSCP_58266
LINCSCP_18169	0.2055239593	0.03046627702	111	AC1Q471E	LSM-1613	SIGMAR1	10uM	HCC515	24h	LINCSCP_18169
LINCSCP_52599	-0.2055223756	0.03046758491	111	AG-957	LSM-2807	ABL1|EGFR	10uM	SKB	24h	LINCSCP_52599
LINCSCP_6905	0.20551651	0.03047242935	111	Enrofloxacin	LSM-3709	NA	10uM	A549	24h	LINCSCP_6905
LINCSCP_22643	-0.2055162965	0.03047260567	111	WZ-7043	LSM-42718	CSF1R	10uM	HEPG2	6h	LINCSCP_22643
LINCSCP_19408	-0.2055153715	0.03047336975	111	Tanespimycin	LSM-43238	HSP90AA1|HSP90AB1	0.5uM	HCC515	24h	LINCSCP_19408
LINCSCP_16932	-0.2055140347	0.03047447394	111	XUKUURHRXDUEBC-UHFFFAOYSA-N	LSM-5164	DPP4|HMGCR	10uM	HA1E	6h	LINCSCP_16932
LINCSCP_67708	-0.2055038881	0.03048285608	111	13-Hydroxy-8,14,19-trimethoxy-4,10,12,16-tetramethyl-3,20,22-trioxo-2-azabicyclo[16.3.1]docosa-1(21),4,6,10,18-pentaen-9-yl carbamate	LSM-42815	HSP90AA1	10uM	NEU	24h	LINCSCP_67708
LINCSCP_23706	0.205473535	0.03050794275	111	GSK 3BETA Inhibitor VIII	LSM-3514	GSK3B	3uM	HEPG2	6h	LINCSCP_23706
LINCSCP_239442	-0.2054616244	0.03051779157	111	ST013960	LSM-4594	NA	10uM	MCF7	24h	LINCSCP_239442
LINCSCP_17392	-0.205460297	0.03051888938	111	Broad-Sai-686	LSM-45328	NA	3.33uM	HA1E	24h	LINCSCP_17392
LINCSCP_154496	-0.2054590927	0.03051988534	111	Phenformin	LSM-2233	NA	1.11uM	PC3	24h	LINCSCP_154496
LINCSCP_49520	-0.2054434952	0.0305327877	111	SCHEMBL16980366	LSM-6847	NA	10uM	PC3	24h	LINCSCP_49520
LINCSCP_111520	0.2054327568	0.03054167318	111	AS601245	LSM-1034	MAPK10|MAPK8|MAPK9	0.37uM	HEPG2	24h	LINCSCP_111520
LINCSCP_143084	0.2054303384	0.03054367463	111	CEFOTETAN	LSM-45671	NA	0.37uM	MCF7	24h	LINCSCP_143084
LINCSCP_19416	-0.2054263066	0.03054701152	111	JSH-23	LSM-5897	RELA	5uM	HCC515	24h	LINCSCP_19416
LINCSCP_34373	-0.2054259525	0.03054730456	111	Benzydamine	LSM-5423	NA	10uM	MCF7	6h	LINCSCP_34373
LINCSCP_171787	-0.2054224609	0.03055019465	111	Tacedinaline	LSM-19036	HDAC1|HDAC10|HDAC11|HDAC2|HDAC3|HDAC4|HDAC5|HDAC6|HDAC7|HDAC8|HDAC9	3.33uM	YAPC	24h	LINCSCP_171787
LINCSCP_129865	-0.2054206948	0.03055165656	111	C24H25CLFN5O3	LSM-42794	EGFR|ERBB2|ERBB4	10uM	LNCAP	24h	LINCSCP_129865
LINCSCP_37998	-0.2054122624	0.03055863747	111	Fccp	LSM-2317	NA	1uM	MCF7	6h	LINCSCP_37998
LINCSCP_52780	0.20541104	0.03055964959	111	Omacetaxine Mepesuccinate	LSM-3716	NA	10uM	SKB	24h	LINCSCP_52780
LINCSCP_141803	0.2054014663	0.03056757718	111	Isosorbide Mononitrate	LSM-5883	GUCY1A2|GUCY1A3|GUCY1B3	10uM	MCF7	24h	LINCSCP_141803
LINCSCP_5399	0.2054012416	0.03056776321	111	MLS003337114	LSM-2896	NA	10uM	A549	24h	LINCSCP_5399
LINCSCP_252777	0.2054004348	0.03056843137	111	SA-103013	LSM-42258	NA	0.5uM	MCF7	24h	LINCSCP_252777
LINCSCP_114680	0.2053998586	0.0305689086	111	GW620972X	LSM-1209	NA	3.33uM	HME1	24h	LINCSCP_114680
LINCSCP_7771	0.2053997461	0.03056900173	111	4LY1	LSM-6529	HDAC1|HDAC2	10uM	A549	24h	LINCSCP_7771
LINCSCP_67049	-0.2053911523	0.03057611973	111	Vorinostat	LSM-3828	HDAC1|HDAC2|HDAC3|HDAC6|HDAC8	10uM	HT29	6h	LINCSCP_67049
LINCSCP_31029	0.2053818091	0.03058385995	111	MLS001065864	LSM-4239	NA	10uM	MCF7	24h	LINCSCP_31029
LINCSCP_38435	-0.2053714355	0.03059245575	111	Trichostatin A, Streptomyces Sp.	LSM-42814	HDAC1|HDAC10|HDAC3|HDAC4|HDAC6|HDAC7|HDAC8	0.37uM	MCF7	24h	LINCSCP_38435
LINCSCP_156786	0.2053668074	0.03059629138	111	Adenosine	LSM-28568	ADORA1|ADORA2A|ADORA2B|ADORA3	10uM	PC3	24h	LINCSCP_156786
LINCSCP_128456	0.2053630195	0.03059943096	111	Dacomitinib	LSM-42808	EGFR|ERBB2|ERBB3|ERBB4	0.12uM	HUVEC	24h	LINCSCP_128456
LINCSCP_52821	0.2053568315	0.03060456038	111	8-Bromo-cgmp	LSM-4503	NA	10uM	SKB	24h	LINCSCP_52821
LINCSCP_162651	-0.2053487129	0.0306112913	111	Dihydroorotate Dehydrogenase Inhibitor, Brequinar	LSM-45952	NA	3.33uM	PC3	24h	LINCSCP_162651
LINCSCP_81291	0.2053345888	0.03062300432	111	Dactolisib	LSM-4255	MTOR|PIK3CA|PIK3CB|PIK3CD|PIK3CG|PIK3R1|PIK3R2|PIK3R3|PIK3R5	0.04uM	A549	24h	LINCSCP_81291
LINCSCP_67990	-0.2053270828	0.03062923045	111	13-Hydroxy-8,14,19-trimethoxy-4,10,12,16-tetramethyl-3,20,22-trioxo-2-azabicyclo[16.3.1]docosa-1(21),4,6,10,18-pentaen-9-yl carbamate	LSM-42815	HSP90AA1	1uM	PC3	6h	LINCSCP_67990
LINCSCP_4400	0.2053254752	0.0306305641	111	N-Methylquipazine	LSM-3379	HTR2A|HTR3A|HTR3B	10uM	A549	6h	LINCSCP_4400
LINCSCP_33940	0.2053208239	0.03063442295	111	CHEMBL1991045	LSM-6686	NA	10uM	MCF7	24h	LINCSCP_33940
LINCSCP_47691	-0.2053103	0.03064315558	111	Iohexol	LSM-5095	NA	10uM	PC3	6h	LINCSCP_47691
LINCSCP_30430	0.2052904152	0.03065966136	111	PX 12	LSM-4918	TXN|TXNRD1	30uM	MCF7	24h	LINCSCP_30430
LINCSCP_276936	0.2052804615	0.03066792655	111	BRD-K13624944	LSM-37970	NA	5uM	PC3	24h	LINCSCP_276936
LINCSCP_77753	-0.2052594482	0.03068538131	111	E 2012	LSM-45770	NA	3.33uM	A375	24h	LINCSCP_77753
LINCSCP_509	-0.205210245	0.0307262849	111	SCHEMBL2394914	LSM-3083	EGFR	10uM	A375	6h	LINCSCP_509
LINCSCP_134643	-0.2051694129	0.03076026453	111	179324-69-7	LSM-6281	ADRM1|PSMA1|PSMA2|PSMA3|PSMA4|PSMA5|PSMA6|PSMA7|PSMA8|PSMB1|PSMB10|PSMB11|PSMB2|PSMB3|PSMB4|PSMB5|PSMB6|PSMB7|PSMB8|PSMB9|PSMC1|PSMC2|PSMC3|PSMC4|PSMC5|PSMC6|PSMD1|PSMD11|PSMD12|PSMD13|PSMD14|PSMD2|PSMD3|PSMD4|PSMD6|PSMD7|PSMD8|SEM1	20uM	MCF7	24h	LINCSCP_134643
LINCSCP_6811	0.2051628307	0.0307657451	111	Bisoprolol	LSM-1886	ADRB1	10uM	A549	24h	LINCSCP_6811
LINCSCP_111918	0.2051437074	0.03078167244	111	CHEMBL552425	LSM-1003	DDR1	3.33uM	HEPG2	24h	LINCSCP_111918
LINCSCP_128614	0.2051350195	0.03078891074	111	BGT-226	LSM-6710	MTOR|PIK3CA|PIK3CB|PIK3CD|PIK3CG|PIK3R1|PIK3R2|PIK3R3|PIK3R5	3.33uM	HUVEC	24h	LINCSCP_128614
LINCSCP_121435	-0.2051273024	0.03079534138	111	Emedastine	LSM-5331	HRH1	1.11uM	HT29	24h	LINCSCP_121435
LINCSCP_22974	-0.2051269838	0.0307956069	111	501925-31-1	LSM-3608	CHRNA7	10uM	HEPG2	6h	LINCSCP_22974
LINCSCP_11921	-0.2051225498	0.03079930225	111	Tamatinib	LSM-1040	SYK	0.5uM	BT20	6h	LINCSCP_11921
LINCSCP_156783	0.2051165284	0.03080432129	111	Pimozide	LSM-2001	DRD1|DRD2|DRD3|DRD4|DRD5|HTR2A	0.37uM	PC3	24h	LINCSCP_156783
LINCSCP_131369	-0.2051105827	0.03080927776	111	CHEMBL585951	LSM-36386	MAPK8	0.37uM	MCF10A	24h	LINCSCP_131369
LINCSCP_41531	-0.2051091069	0.03081050816	111	WAY-262611	LSM-37067	NA	10uM	NEU	6h	LINCSCP_41531
LINCSCP_161036	0.2051041954	0.03081460322	111	Naftifine	LSM-43018	NA	10uM	PC3	24h	LINCSCP_161036
LINCSCP_113922	0.205103568	0.03081512637	111	MLN-0128	LSM-1206	MTOR	0.04uM	HME1	24h	LINCSCP_113922
LINCSCP_945	-0.2051023275	0.03081616073	111	Skiii	LSM-2462	SPHK1	40uM	A375	6h	LINCSCP_945
LINCSCP_15209	-0.205092046	0.03082473497	111	Sirolimus	LSM-42783	FKBP1A|MTOR	10uM	HA1E	24h	LINCSCP_15209
LINCSCP_104667	-0.2050837275	0.03083167363	111	Gemcitabine	LSM-5333	POLA1|POLD1|POLE|RRM1|RRM2|RRM2B	0.12uM	HELA	24h	LINCSCP_104667
LINCSCP_42239	-0.2050822069	0.03083294219	111	ST012030	LSM-4502	NA	10uM	NPC	24h	LINCSCP_42239
LINCSCP_304199	-0.2050814579	0.03083356701	111	CHEMBL2362331	LSM-10109	NA	5uM	VCAP	6h	LINCSCP_304199
LINCSCP_169959	-0.2050650297	0.03084727483	111	179324-69-7	LSM-6281	ADRM1|PSMA1|PSMA2|PSMA3|PSMA4|PSMA5|PSMA6|PSMA7|PSMA8|PSMB1|PSMB10|PSMB11|PSMB2|PSMB3|PSMB4|PSMB5|PSMB6|PSMB7|PSMB8|PSMB9|PSMC1|PSMC2|PSMC3|PSMC4|PSMC5|PSMC6|PSMD1|PSMD11|PSMD12|PSMD13|PSMD14|PSMD2|PSMD3|PSMD4|PSMD6|PSMD7|PSMD8|SEM1	20uM	YAPC	24h	LINCSCP_169959
LINCSCP_52823	-0.2050628917	0.0308490591	111	RU-24969	LSM-1976	HTR1A|HTR1B|HTR6	10uM	SKB	24h	LINCSCP_52823
LINCSCP_47402	-0.205052043	0.03085811459	111	Erbstatin Analog	LSM-43038	EGFR	10uM	PC3	6h	LINCSCP_47402
LINCSCP_149976	0.2050324768	0.03087445231	111	AGK 2	LSM-43196	SIRT2	1.11uM	NPC.TAK	24h	LINCSCP_149976
LINCSCP_30176	0.2050288918	0.03087744664	111	Isocycloheximide	LSM-1687	RPL3	10uM	MCF7	6h	LINCSCP_30176
LINCSCP_112761	-0.2050178778	0.03088664724	111	BAY 61-3606	LSM-1167	SYK	0.37uM	HEPG2	24h	LINCSCP_112761
LINCSCP_45734	-0.2050142604	0.03088966956	111	4-(4-Benzylpiperazin-1-yl)thieno[2,3-d]pyrimidine	LSM-3685	NA	10uM	PC3	24h	LINCSCP_45734
LINCSCP_227314	-0.2049993906	0.03090209592	111	Chlorpromazine	LSM-4017	ADRA2A|ADRA2B|ADRA2C|DRD1|DRD2|DRD3|DRD4|DRD5|HRH1|HTR1A|HTR2A|HTR2C|HTR6|HTR7	10uM	HT29	6h	LINCSCP_227314
LINCSCP_20767	0.2049972646	0.03090387291	111	Oxetane	LSM-44627	NA	10uM	HCC515	24h	LINCSCP_20767
LINCSCP_9694	0.204997116	0.03090399712	111	Narciclasine	LSM-4934	RHOA	10uM	A549	24h	LINCSCP_9694
LINCSCP_88796	-0.2049927854	0.03090761709	111	Mocetinostat	LSM-5344	HDAC1|HDAC11|HDAC2|HDAC3|HDAC8	10uM	HA1E	24h	LINCSCP_88796
LINCSCP_62832	-0.20498195	0.03091667595	111	BRD-K97717522	LSM-14430	NA	5uM	VCAP	24h	LINCSCP_62832
LINCSCP_25320	-0.2049642664	0.03093146517	111	Ipratropium	LSM-1497	CHRM1|CHRM2|CHRM3|CHRM4	10uM	HT29	6h	LINCSCP_25320
LINCSCP_44490	0.2049602201	0.03093485003	111	AC1NWALX	LSM-1410	RPS2	10uM	PC3	24h	LINCSCP_44490
LINCSCP_20850	-0.2049536581	0.03094033996	111	SCHEMBL16980366	LSM-6847	NA	10uM	HCC515	24h	LINCSCP_20850
LINCSCP_257469	-0.2049416472	0.03095039083	111	MLS000038106	LSM-4068	NA	10uM	NCIH508	6h	LINCSCP_257469
LINCSCP_4768	0.204936941	0.03095432975	111	BMS 641988	LSM-6248	AR	10uM	A549	6h	LINCSCP_4768
LINCSCP_11897	0.2049337849	0.03095697156	111	GW-5074	LSM-42779	RAF1	10uM	BT20	6h	LINCSCP_11897
LINCSCP_253647	0.204930959	0.0309593371	111	IC 261	LSM-42870	NA	1uM	MCF7	6h	LINCSCP_253647
LINCSCP_34265	-0.2049253137	0.03096406324	111	Ciprofloxacin	LSM-5226	NA	10uM	MCF7	24h	LINCSCP_34265
LINCSCP_19386	-0.2048844464	0.03099829488	111	CAY10603	LSM-4941	HDAC6	10uM	HCC515	24h	LINCSCP_19386
LINCSCP_279589	0.2048842181	0.03099848618	111	Benzohydroxamate	LSM-36789	NA	0.1uM	PC3	24h	LINCSCP_279589
LINCSCP_37700	-0.2048833766	0.03099919141	111	ST-4062971	LSM-36806	NA	3uM	MCF7	24h	LINCSCP_37700
LINCSCP_140611	0.204879928	0.03100208158	111	PF-3084014	LSM-45940	NA	1.11uM	MCF7	24h	LINCSCP_140611
LINCSCP_103280	0.2048790295	0.03100283464	111	AT-9283	LSM-37023	ABL1|AURKA|AURKB|FLT3|JAK2|JAK3	1.11uM	HELA	24h	LINCSCP_103280
LINCSCP_125212	-0.2048723949	0.03100839566	111	Miconazole	LSM-5165	NA	10uM	HT29	24h	LINCSCP_125212
LINCSCP_19204	-0.204869937	0.03101045603	111	BDBM50127227	LSM-43025	FNTA|IKBKB	10uM	HCC515	6h	LINCSCP_19204
LINCSCP_144200	0.2048515326	0.0310258877	111	EMD-1214063	LSM-45557	MET	0.37uM	MCF7	24h	LINCSCP_144200
LINCSCP_22889	0.2048451508	0.03103124015	111	Diclofenac	LSM-2160	PTGS1|PTGS2	10uM	HEPG2	6h	LINCSCP_22889
LINCSCP_28415	-0.2048404464	0.03103518628	111	COL-3	LSM-36908	NA	10uM	HT29	24h	LINCSCP_28415
LINCSCP_149302	0.2048385329	0.03103679149	111	844499-71-4	LSM-1175	NA	3.33uM	NPC	24h	LINCSCP_149302
LINCSCP_99608	0.2048257859	0.03104748655	111	SB590885	LSM-42746	NA	1.11uM	HCC515	24h	LINCSCP_99608
LINCSCP_168947	-0.2048022844	0.031067213	111	FK 866	LSM-43216	NAMPT	0.04uM	YAPC	24h	LINCSCP_168947
LINCSCP_23626	-0.2047970492	0.03107160871	111	SA-1973507	LSM-6829	NA	10uM	HEPG2	6h	LINCSCP_23626
LINCSCP_15876	0.2047910513	0.03107664549	111	CHEMBL1405981	LSM-2930	NA	10uM	HA1E	6h	LINCSCP_15876
LINCSCP_32915	0.2047877476	0.03107942005	111	MDL 29951	LSM-3330	FBP1	10uM	MCF7	24h	LINCSCP_32915
LINCSCP_31150	-0.2047857514	0.03108109669	111	MLS000676065	LSM-2793	NA	10uM	MCF7	24h	LINCSCP_31150
LINCSCP_21447	0.2047749252	0.03109019087	111	Bupropion	LSM-1267	SLC6A2|SLC6A3	10uM	HEPG2	6h	LINCSCP_21447
LINCSCP_17021	0.2047748663	0.03109024033	111	Cobalt (Ii) Chloride	LSM-5958	HIF1A	10uM	HA1E	6h	LINCSCP_17021
LINCSCP_57225	-0.2047683872	0.03109568402	111	ST51005413	LSM-4948	NA	10uM	VCAP	6h	LINCSCP_57225
LINCSCP_15018	-0.2047672298	0.03109665656	111	Thioridazine	LSM-1863	DRD1|DRD2|DRD3|DRD4|HTR2A|HTR2C	10uM	HA1E	24h	LINCSCP_15018
LINCSCP_254368	0.2047662592	0.03109747209	111	SA-1458902	LSM-42561	NA	1uM	MCF7	24h	LINCSCP_254368
LINCSCP_7360	-0.2047628361	0.03110034864	111	MRS-1334	LSM-1279	ADORA3	10uM	A549	6h	LINCSCP_7360
LINCSCP_150050	0.2047546684	0.03110721304	111	GSK 525762A	LSM-6334	NA	0.12uM	NPC.TAK	24h	LINCSCP_150050
LINCSCP_28663	-0.2047514229	0.03110994099	111	Entinostat	LSM-4811	HDAC1|HDAC10|HDAC11|HDAC2|HDAC3|HDAC4|HDAC5|HDAC6|HDAC7|HDAC8|HDAC9	1.11uM	HT29	24h	LINCSCP_28663
LINCSCP_129439	-0.2047297739	0.03112814311	111	SGI-1776	LSM-6307	PIM1|PIM2|PIM3	10uM	JURKAT	24h	LINCSCP_129439
LINCSCP_102201	0.2047272422	0.0311302723	111	Tamibarotene	LSM-5493	RARA|RARB	0.04uM	HELA	24h	LINCSCP_102201
LINCSCP_28919	0.2047164754	0.03113932872	111	CDK4 Inhibitor III	LSM-2121	CDK4	3uM	HUH7	6h	LINCSCP_28919
LINCSCP_77391	0.2047027821	0.0311508499	111	Bruceantin	LSM-45541	NA	0.12uM	A375	24h	LINCSCP_77391
LINCSCP_117139	-0.2046940193	0.03115822466	111	Quizartinib	LSM-1037	CSF1R|FLT3|KIT|PDGFRA|PDGFRB|RET	10uM	HT29	24h	LINCSCP_117139
LINCSCP_54095	0.2046792131	0.03117068878	111	PX 12	LSM-4918	TXN|TXNRD1	30uM	SW620	6h	LINCSCP_54095
LINCSCP_9809	0.2046720752	0.03117669913	111	Narciclasine	LSM-4934	RHOA	0.1uM	A549	6h	LINCSCP_9809
LINCSCP_114858	0.2046705561	0.03117797836	111	C21H27N7O3	LSM-1128	AKT1|AKT2|AKT3|PRKCQ	0.04uM	HS578T	24h	LINCSCP_114858
LINCSCP_8545	0.2046588847	0.03118780849	111	CHEMBL2358056	LSM-43490	NA	5uM	A549	24h	LINCSCP_8545
LINCSCP_235682	0.2046381238	0.03120530073	111	Trifluoperazine	LSM-4010	DRD2|DRD3|DRD4|HTR2A|HTR2C	10uM	MCF7	6h	LINCSCP_235682
LINCSCP_99405	0.2046379443	0.03120545195	111	Vemurafenib	LSM-1068	BRAF	0.37uM	HCC515	24h	LINCSCP_99405
LINCSCP_88823	-0.2046312541	0.03121109063	111	Pracinostat	LSM-43290	NA	0.37uM	HA1E	24h	LINCSCP_88823
LINCSCP_209620	-0.2046285242	0.03121339167	111	Trifluoperazine	LSM-4010	DRD2|DRD3|DRD4|HTR2A|HTR2C	10uM	HA1E	24h	LINCSCP_209620
LINCSCP_25351	-0.2046250814	0.03121629387	111	LY-294002	LSM-2597	MTOR|PIK3CA|PIK3CB|PIK3CD|PIK3CG|PLK1|PRKDC	10uM	HT29	6h	LINCSCP_25351
LINCSCP_81963	-0.2046120874	0.03122724949	111	SB525334	LSM-1121	TGFBR1	1.11uM	A549	24h	LINCSCP_81963
LINCSCP_31680	0.2046035035	0.03123448868	111	CHEMBL1718102	LSM-43051	NA	10uM	MCF7	24h	LINCSCP_31680
LINCSCP_30260	0.2045989381	0.03123833941	111	L 741,742	LSM-2276	DRD4	10uM	MCF7	24h	LINCSCP_30260
LINCSCP_3123	0.2045917605	0.03124439431	111	Cobalt (Ii) Chloride	LSM-5958	HIF1A	10uM	A375	6h	LINCSCP_3123
LINCSCP_212113	0.2045717279	0.03126129856	111	Nadolol	LSM-1879	ADRB1|ADRB2	10uM	HA1E	6h	LINCSCP_212113
LINCSCP_191760	0.2045686135	0.03126392729	111	Pipamperone	LSM-2586	DRD2|HTR2A	10uM	A549	24h	LINCSCP_191760
LINCSCP_243611	-0.2045676797	0.03126471556	111	Perhexiline	LSM-4353	CPT1A|CPT2	10uM	MCF7	6h	LINCSCP_243611
LINCSCP_25165	-0.2045634513	0.03126828499	111	AC1NWALC	LSM-1913	ATP1A1	10uM	HT29	6h	LINCSCP_25165
LINCSCP_204	-0.2045544566	0.03127587903	111	NSC409663	LSM-1568	ADRA1A|ADRB1|DRD1|DRD2|DRD3|DRD4|DRD5|HTR1A|HTR2A|HTR3A|HTR4|HTR5A|HTR6|HTR7	10uM	A375	24h	LINCSCP_204
LINCSCP_30334	-0.2045347888	0.03129248957	111	Methylpromazine	LSM-1599	HRH1	10uM	MCF7	6h	LINCSCP_30334
LINCSCP_205062	-0.2045333378	0.03129371531	111	COT Inhibitor-2	LSM-1154	NA	0.5uM	BT20	24h	LINCSCP_205062
LINCSCP_50260	0.2045225476	0.03130283172	111	MEGXM0_000203	LSM-36622	NA	10uM	PHH	24h	LINCSCP_50260
LINCSCP_23430	0.2045210024	0.03130413738	111	Podofilox	LSM-3055	NA	3uM	HEPG2	24h	LINCSCP_23430
LINCSCP_172516	0.2045012039	0.03132087111	111	Methoxsalen	LSM-3410	CYP1A1|CYP1A2|CYP2A13|CYP2A6|CYP3A4	0.37uM	YAPC	24h	LINCSCP_172516
LINCSCP_161570	-0.2044985481	0.03132311641	111	Vandetanib	LSM-1199	EGFR|EPHA1|EPHA10|EPHA2|EPHA3|EPHA4|EPHA5|EPHA6|EPHA7|EPHA8|EPHB1|EPHB2|EPHB3|EPHB4|EPHB6|ERBB2|ERBB3|ERBB4|FLT1|FLT4|KDR|PTK6|RET|SRC|TEK	10uM	PC3	24h	LINCSCP_161570
LINCSCP_205587	-0.2044933874	0.03132747973	111	13-Hydroxy-8,14,19-trimethoxy-4,10,12,16-tetramethyl-3,20,22-trioxo-2-azabicyclo[16.3.1]docosa-1(21),4,6,10,18-pentaen-9-yl carbamate	LSM-42815	HSP90AA1	10uM	CL34	6h	LINCSCP_205587
LINCSCP_9431	-0.2044923306	0.03132837339	111	XAV 939	LSM-5303	TNKS|TNKS2	0.01uM	A549	24h	LINCSCP_9431
LINCSCP_212244	0.2044858537	0.03133385039	111	BRD-K85592362	LSM-41939	NA	10uM	HA1E	6h	LINCSCP_212244
LINCSCP_42658	0.2044845924	0.03133491709	111	EXO-1	LSM-3769	NA	10uM	NPC	24h	LINCSCP_42658
LINCSCP_295593	-0.2044701962	0.03134709418	111	BRD-K38599483	LSM-39394	NA	10uM	VCAP	24h	LINCSCP_295593
LINCSCP_17020	0.2044529161	0.03136171588	111	Spironolactone	LSM-4018	NR3C2	10uM	HA1E	6h	LINCSCP_17020
LINCSCP_153331	0.2044512421	0.03136313266	111	Tranilast	LSM-42898	NA	3.33uM	PC3	24h	LINCSCP_153331
LINCSCP_27850	0.2044467797	0.03136690961	111	BRD-K05928130	LSM-37597	NA	5uM	HT29	24h	LINCSCP_27850
LINCSCP_22622	-0.2044318749	0.0313795279	111	AC1LUIBL	LSM-6693	NA	10uM	HEPG2	6h	LINCSCP_22622
LINCSCP_42270	-0.2044307284	0.03138049866	111	NCGC00170547-01	LSM-36672	NA	10uM	NPC	24h	LINCSCP_42270
LINCSCP_181704	-0.2044298292	0.03138126013	111	BRD-K87748653	LSM-13809	NA	5uM	A375	24h	LINCSCP_181704
LINCSCP_81227	0.2044221249	0.03138778448	111	PLX-4720	LSM-1049	BRAF	3.33uM	A549	24h	LINCSCP_81227
LINCSCP_31855	0.2044203309	0.03138930384	111	ZINC01068696	LSM-4505	NA	10uM	MCF7	24h	LINCSCP_31855
LINCSCP_80289	-0.2044098873	0.03139815017	111	AC1NWAUW	LSM-1341	PRKACA	0.37uM	A375	24h	LINCSCP_80289
LINCSCP_173609	-0.2043988597	0.03140749349	111	SB271046	LSM-45888	NA	10uM	YAPC	24h	LINCSCP_173609
LINCSCP_20361	0.2043976668	0.03140850436	111	Verrucarin A	LSM-43143	NA	10uM	HCC515	6h	LINCSCP_20361
LINCSCP_9631	0.2043950479	0.03141072363	111	Omacetaxine Mepesuccinate	LSM-3716	NA	10uM	A549	6h	LINCSCP_9631
LINCSCP_13681	-0.2043868514	0.03141767039	111	Tyrphostin AG 538	LSM-42862	NA	10uM	HA1E	24h	LINCSCP_13681
LINCSCP_22748	0.2043831211	0.03142083232	111	Rimexolone	LSM-2685	NR3C1	10uM	HEPG2	6h	LINCSCP_22748
LINCSCP_66221	-0.2043641562	0.03143691188	111	AG 14361	LSM-1988	PARP1	20uM	WSUDLCL2	6h	LINCSCP_66221
LINCSCP_41555	-0.204354356	0.03144522381	111	Suberohydroxamic acid	LSM-37125	NA	10uM	NEU	6h	LINCSCP_41555
LINCSCP_46576	-0.2043516985	0.03144747807	111	Saracatinib	LSM-1032	ABL1|SRC	10uM	PC3	6h	LINCSCP_46576
LINCSCP_158852	0.2043492037	0.03144959444	111	Fluticasone Propionate	LSM-3384	NR3C1|PGR	0.04uM	PC3	24h	LINCSCP_158852
LINCSCP_48391	0.2043458896	0.03145240603	111	SCHEMBL17783853	LSM-38775	NA	5uM	PC3	24h	LINCSCP_48391
LINCSCP_36640	-0.2043360786	0.03146073053	111	SCHEMBL17857056	LSM-5545	NA	10uM	MCF7	6h	LINCSCP_36640
LINCSCP_28291	0.2043287682	0.03146693456	111	BRD-K74318028	LSM-12979	NA	10uM	HT29	24h	LINCSCP_28291
LINCSCP_15551	-0.2043230958	0.03147174918	111	Valdecoxib	LSM-5305	PTGS2	100uM	HA1E	6h	LINCSCP_15551
LINCSCP_100017	-0.2043147223	0.03147885767	111	13-Hydroxy-8,14,19-trimethoxy-4,10,12,16-tetramethyl-3,20,22-trioxo-2-azabicyclo[16.3.1]docosa-1(21),4,6,10,18-pentaen-9-yl carbamate	LSM-42815	HSP90AA1	0.37uM	HCC515	24h	LINCSCP_100017
LINCSCP_19992	0.2043110929	0.03148193915	111	Cyproheptadine	LSM-5419	HRH1	10uM	HCC515	6h	LINCSCP_19992
LINCSCP_265374	-0.2043070995	0.03148532997	111	Dcebio	LSM-2704	NA	10uM	PC3	6h	LINCSCP_265374
LINCSCP_49168	-0.2043053712	0.03148679757	111	BRD-K71448503	LSM-15156	NA	10uM	PC3	6h	LINCSCP_49168
LINCSCP_29354	0.2042992028	0.03149203604	111	SRT-1720	LSM-42691	SIRT1	10uM	LOVO	6h	LINCSCP_29354
LINCSCP_47517	0.2042971021	0.03149382021	111	Hyoscyamine	LSM-5514	NA	10uM	PC3	24h	LINCSCP_47517
LINCSCP_9420	-0.2042951738	0.031495458	111	Phenanthridone	LSM-2229	PARP1	0.001uM	A549	24h	LINCSCP_9420
LINCSCP_84365	0.2042823226	0.03150637516	111	AT 7867	LSM-1155	NA	3.33uM	ASC	24h	LINCSCP_84365
LINCSCP_165210	-0.2042641878	0.03152178614	111	ZINC77024257	LSM-1171	MDM2	10uM	SKL.C	24h	LINCSCP_165210
LINCSCP_133391	-0.2042633181	0.03152252543	111	Dacomitinib	LSM-42808	EGFR|ERBB2|ERBB3|ERBB4	0.37uM	MCF7	24h	LINCSCP_133391
LINCSCP_6091	-0.2042539148	0.03153051903	111	MLS000534605	LSM-4827	NA	10uM	A549	6h	LINCSCP_6091
LINCSCP_78833	-0.2042524232	0.03153178714	111	Elesclomol	LSM-4929	HSPA1A	0.37uM	A375	24h	LINCSCP_78833
LINCSCP_46932	-0.2042485519	0.03153507876	111	15D-PGJ2	LSM-43081	PPARG	10uM	PC3	6h	LINCSCP_46932
LINCSCP_21893	-0.2042455559	0.0315376263	111	CHEMBL1357975	LSM-3306	NA	10uM	HEPG2	6h	LINCSCP_21893
LINCSCP_39730	-0.2042314009	0.03154966476	111	Fedratinib	LSM-1142	FLT3|JAK2	10uM	MDST8	6h	LINCSCP_39730
LINCSCP_68800	-0.2041912353	0.0315838459	111	13-Hydroxy-8,14,19-trimethoxy-4,10,12,16-tetramethyl-3,20,22-trioxo-2-azabicyclo[16.3.1]docosa-1(21),4,6,10,18-pentaen-9-yl carbamate	LSM-42815	HSP90AA1	10uM	VCAP	24h	LINCSCP_68800
LINCSCP_27718	0.2041909028	0.03158412901	111	BRD-K73716473	LSM-12947	NA	5uM	HT29	24h	LINCSCP_27718
LINCSCP_76626	-0.204181094	0.03159248115	111	Manumycin-A	LSM-43075	FNTA|IKBKB	1.11uM	A375	24h	LINCSCP_76626
LINCSCP_28223	-0.2041789455	0.0315943108	111	BRD-K23488072	LSM-38549	NA	10uM	HT29	24h	LINCSCP_28223
LINCSCP_39749	-0.2041745396	0.03159806322	111	GF-109203	LSM-2677	PRKCA	10uM	MDST8	6h	LINCSCP_39749
LINCSCP_14391	-0.2041743391	0.03159823403	111	Enclomiphene	LSM-42850	ESR1	10uM	HA1E	24h	LINCSCP_14391
LINCSCP_10097	0.2041725439	0.03159976302	111	MLS003672589	LSM-36804	NA	3.33uM	A549	24h	LINCSCP_10097
LINCSCP_66767	-0.2041656035	0.03160567504	111	Trichostatin A, Streptomyces Sp.	LSM-42814	HDAC1|HDAC10|HDAC3|HDAC4|HDAC6|HDAC7|HDAC8	10uM	HA1E	6h	LINCSCP_66767
LINCSCP_170839	-0.2041464076	0.03162203145	111	Apilimod	LSM-45286	NA	0.37uM	YAPC	24h	LINCSCP_170839
LINCSCP_18543	-0.2041431001	0.03162485043	111	SCHEMBL5945809	LSM-2339	HTR2A	10uM	HCC515	24h	LINCSCP_18543
LINCSCP_235038	-0.2041312537	0.03163494882	111	Vemurafenib	LSM-1068	BRAF	0.1uM	MCF10A	6h	LINCSCP_235038
LINCSCP_6587	-0.2041137326	0.03164988961	111	Chenodiol	LSM-5353	NR1H4	10uM	A549	6h	LINCSCP_6587
LINCSCP_53296	0.2041094526	0.03165354016	111	Chaetocin	LSM-6198	SUV39H1	0.1uM	SKMEL1	6h	LINCSCP_53296
LINCSCP_63325	0.2041073973	0.03165529333	111	BRD-K97029281	LSM-14388	NA	5uM	VCAP	6h	LINCSCP_63325
LINCSCP_220931	0.204106383	0.0316561586	111	YS-035	LSM-2117	NA	10uM	HEPG2	6h	LINCSCP_220931
LINCSCP_7753	-0.2040904447	0.03166975716	111	BRN 1549781	LSM-4461	NA	10uM	A549	24h	LINCSCP_7753
LINCSCP_67847	-0.204084106	0.03167516668	111	13-Hydroxy-8,14,19-trimethoxy-4,10,12,16-tetramethyl-3,20,22-trioxo-2-azabicyclo[16.3.1]docosa-1(21),4,6,10,18-pentaen-9-yl carbamate	LSM-42815	HSP90AA1	10uM	PC3	6h	LINCSCP_67847
LINCSCP_208173	0.2040688234	0.03168821228	111	SB225002	LSM-3367	CXCR2	10uM	HA1E	6h	LINCSCP_208173
LINCSCP_152233	-0.2040583192	0.0316971815	111	CHEMBL2132289	LSM-1044	RPS6KA3	10uM	PC3	24h	LINCSCP_152233
LINCSCP_6685	-0.2040506095	0.03170376603	111	Quisinostat	LSM-5900	HDAC1|MDM2	10uM	A549	6h	LINCSCP_6685
LINCSCP_98203	0.2040348116	0.03171726189	111	5-BrdU	LSM-45493	NA	0.04uM	HA1E	24h	LINCSCP_98203
LINCSCP_284789	-0.2040181704	0.03173148338	111	MRS 1754	LSM-3616	ADORA2B	10uM	SKB	24h	LINCSCP_284789
LINCSCP_26982	-0.2040119413	0.03173680817	111	Abexinostat	LSM-2269	HDAC1|HDAC10|HDAC2|HDAC3|HDAC6	10uM	HT29	6h	LINCSCP_26982
LINCSCP_43988	0.2040089049	0.03173940403	111	PRESTWICK3_000892	LSM-1968	NA	10uM	PC3	24h	LINCSCP_43988
LINCSCP_51427	0.2039913911	0.0317543802	111	PHA-793887	LSM-1073	CDK1|CDK10|CDK11B|CDK12|CDK13|CDK14|CDK15|CDK16|CDK17|CDK18|CDK19|CDK2|CDK20|CDK3|CDK4|CDK5|CDK6|CDK7|CDK8|CDK9	0.5uM	SKBR3	24h	LINCSCP_51427
LINCSCP_136342	0.2039864803	0.03175858057	111	Cnqx	LSM-3184	NA	1.11uM	MCF7	24h	LINCSCP_136342
LINCSCP_14633	-0.2039757543	0.03176775648	111	Ovasterol-beta	LSM-1488	ESR1	10uM	HA1E	24h	LINCSCP_14633
LINCSCP_133394	-0.2039735302	0.03176965943	111	Dasatinib	LSM-1020	ABL1|BCR|BLK|EPHA2|FGR|FRK|FYN|HCK|KIT|LCK|LYN|PDGFRB|SRC|SRMS|YES1	10uM	MCF7	24h	LINCSCP_133394
LINCSCP_44298	-0.2039645289	0.03177736195	111	ZM-241385	LSM-2444	ADORA1|ADORA2A|ADORA2B	10uM	PC3	6h	LINCSCP_44298
LINCSCP_29939	-0.2039591899	0.0317819314	111	C24H25CLFN5O3	LSM-42794	EGFR|ERBB2|ERBB4	0.1uM	MCF10A	6h	LINCSCP_29939
LINCSCP_41307	-0.203953827	0.03178652183	111	Vorinostat	LSM-3828	HDAC1|HDAC2|HDAC3|HDAC6|HDAC8	10uM	NEU	6h	LINCSCP_41307
LINCSCP_42552	-0.2039521591	0.03178794955	111	Scriptaid	LSM-2499	HDAC1	10uM	NPC	24h	LINCSCP_42552
LINCSCP_142099	0.2039437475	0.03179515095	111	Epothilone B (EPO906, Patupilone)	LSM-46001	NA	1.11uM	MCF7	24h	LINCSCP_142099
LINCSCP_66400	-0.2039199718	0.03181551349	111	Trichostatin A, Streptomyces Sp.	LSM-42814	HDAC1|HDAC10|HDAC3|HDAC4|HDAC6|HDAC7|HDAC8	10uM	A375	6h	LINCSCP_66400
LINCSCP_129812	0.20391873	0.03181657729	111	936890-98-1	LSM-42786	MTOR	3.33uM	LNCAP	24h	LINCSCP_129812
LINCSCP_304429	-0.203907715	0.03182601498	111	BRD-K09725203	LSM-9022	NA	5uM	VCAP	24h	LINCSCP_304429
LINCSCP_64908	0.2038913602	0.0318400322	111	TORIN1	LSM-1079	MTOR	0.1uM	VCAP	24h	LINCSCP_64908
LINCSCP_47784	0.2038552815	0.03187097272	111	ZINC04521755	LSM-5468	ESR1|ESR2	10uM	PC3	24h	LINCSCP_47784
LINCSCP_19687	-0.2038400785	0.03188401811	111	MLS003370624	LSM-42860	NA	10uM	HCC515	6h	LINCSCP_19687
LINCSCP_8740	0.2038342786	0.03188899613	111	BRD-K48548528	LSM-39967	NA	5uM	A549	24h	LINCSCP_8740
LINCSCP_28650	-0.2038291642	0.03189338629	111	Apatinib Hydrochloride	LSM-4810	HDAC1|HDAC10|HDAC11|HDAC2|HDAC3|HDAC4|HDAC5|HDAC6|HDAC7|HDAC8|HDAC9	1.11uM	HT29	24h	LINCSCP_28650
LINCSCP_211296	0.2038189586	0.03190214828	111	Methandriol	LSM-5941	NA	10uM	HA1E	6h	LINCSCP_211296
LINCSCP_7345	-0.2038169357	0.03190388521	111	RS-17053	LSM-3721	ADRA1A	10uM	A549	24h	LINCSCP_7345
LINCSCP_15043	0.2038112217	0.0319087921	111	Eugenol	LSM-2720	NA	10uM	HA1E	24h	LINCSCP_15043
LINCSCP_80557	-0.2037942598	0.03192336171	111	AZD8931 (Sapitinib)	LSM-45462	EGFR|ERBB2|ERBB3	3.33uM	A375	24h	LINCSCP_80557
LINCSCP_128984	0.2037694952	0.03194464359	111	AZ20	LSM-36357	NA	10uM	HUVEC	24h	LINCSCP_128984
LINCSCP_36417	-0.203760727	0.03195218164	111	Menadione	LSM-3755	NA	10uM	MCF7	6h	LINCSCP_36417
LINCSCP_149803	0.2037606558	0.03195224285	111	Motesanib	LSM-1042	FLT1|FLT4|KDR|KIT|PDGFRA|PDGFRB|RET	0.12uM	NPC.TAK	24h	LINCSCP_149803
LINCSCP_139856	0.2037319647	0.03197691907	111	altrenogest	LSM-45498	NA	1.11uM	MCF7	24h	LINCSCP_139856
LINCSCP_130867	-0.203713528	0.03199278426	111	GSK 1059615	LSM-42799	PIK3CA|PIK3CB|PIK3CD|PIK3CG	1.11uM	MCF10A	3h	LINCSCP_130867
LINCSCP_4519	0.2037108792	0.03199506416	111	L-690330	LSM-4578	IMPA1	10uM	A549	24h	LINCSCP_4519
LINCSCP_107436	0.2036904063	0.03201269052	111	Etazolate	LSM-3446	GABRB3|PDE4A	0.37uM	HELA	24h	LINCSCP_107436
LINCSCP_60079	0.2036850173	0.03201733159	111	BRD-K78380744	LSM-7873	NA	5uM	VCAP	24h	LINCSCP_60079
LINCSCP_270080	-0.2036660295	0.03203368863	111	Telmisartan	LSM-3657	AGTR1|PPARG	10uM	PC3	6h	LINCSCP_270080
LINCSCP_295359	0.2036653016	0.03203431581	111	Rifampicin	LSM-43162	NR1I2	10uM	VCAP	6h	LINCSCP_295359
LINCSCP_49783	-0.2036646514	0.03203487606	111	LY-294002	LSM-2597	MTOR|PIK3CA|PIK3CB|PIK3CD|PIK3CG|PLK1|PRKDC	10uM	PC3	6h	LINCSCP_49783
LINCSCP_244500	-0.203630672	0.03206416615	111	2-Propenoic acid, 3-[4-(1H-imidazol-1-ylmethyl)phenyl]-, (z)-	LSM-2442	TBXAS1	10uM	MCF7	24h	LINCSCP_244500
LINCSCP_11414	-0.2036263613	0.03206788357	111	Papp	LSM-2302	HTR1A|HTR1D	10uM	ASC	24h	LINCSCP_11414
LINCSCP_147562	0.2036256318	0.03206851276	111	Masitinib	LSM-1130	FGFR3|KIT|LYN|PDGFRA|PDGFRB	1.11uM	NPC.CAS9	24h	LINCSCP_147562
LINCSCP_19579	-0.2036225872	0.03207113859	111	CAY10603	LSM-4941	HDAC6	10uM	HCC515	6h	LINCSCP_19579
LINCSCP_154554	0.2036127107	0.03207965785	111	Buflomedil	LSM-5365	ADRA1A	10uM	PC3	24h	LINCSCP_154554
LINCSCP_173212	0.2036046246	0.03208663422	111	AZD3514	LSM-45831	AR	0.04uM	YAPC	24h	LINCSCP_173212
LINCSCP_52791	0.2035901949	0.03209908677	111	SPECTRUM_001015	LSM-1237	PGR	10uM	SKB	24h	LINCSCP_52791
LINCSCP_78658	-0.2035838877	0.03210453106	111	BAY 87-2243	LSM-45786	NA	10uM	A375	24h	LINCSCP_78658
LINCSCP_5996	-0.2035831939	0.03210513002	111	Thiostrepton	LSM-43142	FOXM1	10uM	A549	6h	LINCSCP_5996
LINCSCP_26376	-0.2035727531	0.0321141442	111	BRD-K04534322	LSM-36643	NA	10uM	HT29	6h	LINCSCP_26376
LINCSCP_104464	-0.203571736	0.03211502242	111	Pomalidomide	LSM-45637	CRBN|CUL4A|DDB1|RBX1	0.04uM	HELA	24h	LINCSCP_104464
LINCSCP_55298	0.2035645855	0.03212119732	111	Wortmannin	LSM-3947	PIK3CA|PIK3CG|PLK1	1uM	U937	24h	LINCSCP_55298
LINCSCP_34604	0.2035601738	0.03212500754	111	Cycladiene	LSM-4142	ESR1	10uM	MCF7	6h	LINCSCP_34604
LINCSCP_67265	-0.2035441546	0.032138846	111	13-Hydroxy-8,14,19-trimethoxy-4,10,12,16-tetramethyl-3,20,22-trioxo-2-azabicyclo[16.3.1]docosa-1(21),4,6,10,18-pentaen-9-yl carbamate	LSM-42815	HSP90AA1	10uM	MCF7	6h	LINCSCP_67265
LINCSCP_178746	-0.203529682	0.03215135282	111	Ormetoprim	LSM-5401	P2RX2|P2RX3	10uM	A375	6h	LINCSCP_178746
LINCSCP_310759	0.2035220823	0.03215792185	111	BRD-K07627743	LSM-37685	NA	10uM	VCAP	24h	LINCSCP_310759
LINCSCP_74178	-0.2035123179	0.03216636377	111	Cimetidine	LSM-2404	HRH2	10uM	A375	24h	LINCSCP_74178
LINCSCP_277072	0.2035077665	0.03217029929	111	BRD-K62058497	LSM-40662	NA	5uM	PC3	24h	LINCSCP_277072
LINCSCP_78914	-0.2034865328	0.03218866536	111	ZK-93426	LSM-3530	GABRA1	10uM	A375	24h	LINCSCP_78914
LINCSCP_85152	-0.2034791394	0.03219506238	111	Dasatinib	LSM-1020	ABL1|BCR|BLK|EPHA2|FGR|FRK|FYN|HCK|KIT|LCK|LYN|PDGFRB|SRC|SRMS|YES1	10uM	BT20	24h	LINCSCP_85152
LINCSCP_44040	-0.2034732406	0.03220016698	111	T 98475	LSM-3382	GNRHR	10uM	PC3	24h	LINCSCP_44040
LINCSCP_131273	-0.203464354	0.03220785836	111	Withaferin A	LSM-6685	IKBKB|NAMPT	3.33uM	MCF10A	24h	LINCSCP_131273
LINCSCP_8294	-0.2034527203	0.0322179298	111	BRD-K77006185	LSM-41479	NA	5uM	A549	24h	LINCSCP_8294
LINCSCP_175197	-0.2034475519	0.03222240495	111	Menadione	LSM-3755	NA	3.33uM	YAPC	24h	LINCSCP_175197
LINCSCP_129873	0.2034419154	0.03222728602	111	CHEMBL2136735	LSM-1152	FGFR1|FGFR3|FLT1|FLT4|KDR|PDGFRA|PDGFRB	1.11uM	LNCAP	24h	LINCSCP_129873
LINCSCP_139401	-0.2034419064	0.03222729387	111	MG-132	LSM-1107	PSMB1	20uM	MCF7	24h	LINCSCP_139401
LINCSCP_564	0.2034416034	0.03222755621	111	STK064652	LSM-6186	NA	10uM	A375	24h	LINCSCP_564
LINCSCP_67068	-0.2034364639	0.03223200749	111	Vorinostat	LSM-3828	HDAC1|HDAC2|HDAC3|HDAC6|HDAC8	10uM	HT29	6h	LINCSCP_67068
LINCSCP_14779	0.2034058896	0.0322584984	111	AC1O7M2R	LSM-3745	ADCY2	10uM	HA1E	24h	LINCSCP_14779
LINCSCP_25563	-0.2034031954	0.03226083369	111	CID-2858522	LSM-3337	NA	10uM	HT29	24h	LINCSCP_25563
LINCSCP_5800	-0.2034026861	0.03226127515	111	Honokiol	LSM-6013	NA	10uM	A549	24h	LINCSCP_5800
LINCSCP_122944	-0.2033952198	0.03226774747	111	Lonafarnib	LSM-45716	CHURC1-FNTB|FNTA|FNTB	10uM	HT29	24h	LINCSCP_122944
LINCSCP_140612	0.203381804	0.03227938018	111	PF-3084014	LSM-45940	NA	0.37uM	MCF7	24h	LINCSCP_140612
LINCSCP_155618	-0.20337379	0.03228633067	111	Brivanib	LSM-5421	FGFR1|FGFR2|FGFR3|FGFR4|FLT1|FLT4|KDR	10uM	PC3	24h	LINCSCP_155618
LINCSCP_71688	0.2033710294	0.03228872522	111	Dactolisib	LSM-4255	MTOR|PIK3CA|PIK3CB|PIK3CD|PIK3CG|PIK3R1|PIK3R2|PIK3R3|PIK3R5	3.33uM	A375	24h	LINCSCP_71688
LINCSCP_111529	0.2033675632	0.03229173204	111	C19H19FN4O3	LSM-1178	FGFR1|FLT1|KDR	10uM	HEPG2	24h	LINCSCP_111529
LINCSCP_36934	-0.2033667568	0.03229243162	111	PD-0325901	LSM-1101	MAP2K1|MAP2K2	1uM	MCF7	6h	LINCSCP_36934
LINCSCP_236885	0.2033516498	0.03230553935	111	MLS002276498	LSM-3406	NA	10uM	MCF7	24h	LINCSCP_236885
LINCSCP_27524	0.2033248527	0.03232880125	111	BRD-K43601041	LSM-11086	NA	5uM	HT29	24h	LINCSCP_27524
LINCSCP_60787	-0.2033161738	0.03233633822	111	BRD-K62427254	LSM-8302	NA	5uM	VCAP	24h	LINCSCP_60787
LINCSCP_44366	-0.2033138388	0.03233836625	111	GW 405833	LSM-2217	CNR2	10uM	PC3	24h	LINCSCP_44366
LINCSCP_48155	-0.2033134392	0.03233871334	111	BRD-K96477379	LSM-15004	NA	5uM	PC3	24h	LINCSCP_48155
LINCSCP_125740	-0.20331119	0.03234066697	111	Zosuquidar	LSM-5782	ABCB1	10uM	HT29	24h	LINCSCP_125740
LINCSCP_67106	-0.2033080588	0.03234338685	111	Trichostatin A, Streptomyces Sp.	LSM-42814	HDAC1|HDAC10|HDAC3|HDAC4|HDAC6|HDAC7|HDAC8	10uM	HT29	6h	LINCSCP_67106
LINCSCP_90389	0.2032764445	0.03237085909	111	Tamibarotene	LSM-5493	RARA|RARB	1.11uM	HA1E	24h	LINCSCP_90389
LINCSCP_10325	-0.2032753205	0.03237183621	111	CT-200783	LSM-43273	NA	10uM	A673	6h	LINCSCP_10325
LINCSCP_171333	-0.2032709174	0.03237566409	111	Triclosan	LSM-2929	DNMT1	10uM	YAPC	24h	LINCSCP_171333
LINCSCP_12919	0.2032702988	0.0323762019	111	AM-580	LSM-2132	RARA	10uM	EFO27	6h	LINCSCP_12919
LINCSCP_25422	-0.2032472447	0.03239625078	111	Salermide	LSM-5123	SIRT1|SIRT2	100uM	HT29	24h	LINCSCP_25422
LINCSCP_55339	0.2032362748	0.03240579435	111	KUC107191N	LSM-45334	NA	1uM	U937	6h	LINCSCP_55339
LINCSCP_147452	-0.2032311833	0.0324102246	111	CHEMBL3182395	LSM-1164	MAP2K5|MAPK7	10uM	NPC.CAS9	24h	LINCSCP_147452
LINCSCP_17731	0.2032222718	0.03241798009	111	ABT737	LSM-1180	BCL2|BCL2L1|BCL2L2	10uM	HCC15	6h	LINCSCP_17731
LINCSCP_130540	-0.2032186604	0.03242112339	111	CGP 60474	LSM-1025	CDK1	0.04uM	MCF10A	24h	LINCSCP_130540
LINCSCP_251877	-0.2031993827	0.03243790707	111	SAR245409	LSM-1174	NA	0.1uM	MCF7	24h	LINCSCP_251877
LINCSCP_148446	-0.2031780921	0.03245645169	111	Tivantinib	LSM-1131	MET	0.12uM	NPC	24h	LINCSCP_148446
LINCSCP_99723	0.2031698897	0.03246359859	111	SCHEMBL3958507	LSM-5245	COQ8B|EGFR	0.37uM	HCC515	24h	LINCSCP_99723
LINCSCP_44833	-0.2031632931	0.0324693473	111	BRD-A43331270-001-01-6	LSM-4436	ADRA1A|CACNA1C	10uM	PC3	24h	LINCSCP_44833
LINCSCP_13428	0.2031584828	0.03247353982	111	Evodiamine	LSM-6483	TRPV1	10uM	H1299	6h	LINCSCP_13428
LINCSCP_41653	0.2031568215	0.03247498785	111	SA-84512	LSM-39138	NA	3uM	NKDBA	24h	LINCSCP_41653
LINCSCP_15266	0.2031552644	0.03247634519	111	9-Methyl-5H-6-thia-4,5-diaza-chrysene 6,6-dioxide	LSM-6219	NA	10uM	HA1E	24h	LINCSCP_15266
LINCSCP_70397	0.2031476324	0.0324829984	111	Sirolimus	LSM-42783	FKBP1A|MTOR	10uM	A375	24h	LINCSCP_70397
LINCSCP_65189	-0.2031438979	0.03248625444	111	BRD-K84023371	LSM-15058	NA	0.01uM	VCAP	6h	LINCSCP_65189
LINCSCP_278810	-0.2031340889	0.032494808	111	BRD-K30342454	LSM-44731	NA	10uM	PC3	24h	LINCSCP_278810
LINCSCP_110560	-0.2031319021	0.03249671516	111	AC1NWALF	LSM-1930	ATP1A1	0.37uM	HELA	24h	LINCSCP_110560
LINCSCP_117504	0.2031302435	0.0324981617	111	Daminozide	LSM-6329	NA	3.33uM	HT29	24h	LINCSCP_117504
LINCSCP_78226	-0.2030924982	0.03253109655	111	Triclabendazole	LSM-5875	DNMT1	10uM	A375	24h	LINCSCP_78226
LINCSCP_192333	-0.2030900532	0.03253323088	111	Nefazodone	LSM-4031	HTR2A|HTR2C|SLC6A2|SLC6A4	10uM	A549	24h	LINCSCP_192333
LINCSCP_163032	-0.2030897176	0.03253352389	111	BX 912	LSM-1055	PDK1|PDPK1	10uM	SKBR3	24h	LINCSCP_163032
LINCSCP_132061	-0.2030873935	0.03253555284	111	Radicicol	LSM-43303	NA	3.33uM	MCF7	24h	LINCSCP_132061
LINCSCP_4138	0.2030696647	0.03255103372	111	Leu-Enkephalin	LSM-1461	OPRD1|OPRM1	10uM	A549	24h	LINCSCP_4138
LINCSCP_174102	0.2030648498	0.03255523912	111	BRD-A02747686	LSM-45850	NA	3.33uM	YAPC	24h	LINCSCP_174102
LINCSCP_2524	-0.203055125	0.03256373442	111	(8Xi,11beta,14xi,16beta)-21-Chloro-9-fluoro-11-hydroxy-16-methyl-3,20-dioxopregna-1,4-dien-17-yl propanoate	LSM-1414	NR3C1	10uM	A375	6h	LINCSCP_2524
LINCSCP_14225	-0.2030516311	0.03256678708	111	U 0126	LSM-42806	MAP2K1|MAP2K2	10uM	HA1E	6h	LINCSCP_14225
LINCSCP_2496	-0.2030431622	0.03257418736	111	WH-4023	LSM-42724	ABL1|SRC	10uM	A375	6h	LINCSCP_2496
LINCSCP_32382	-0.2030391352	0.0325777068	111	N,N-Dimethyl-n'-{5-[(2-methyl-4-quinolyl)thio]-1,3,4-thiadiazol-2-yl}iminoformamide	LSM-4930	NA	10uM	MCF7	6h	LINCSCP_32382
LINCSCP_170847	-0.2030287434	0.03258679006	111	MG-132	LSM-1107	PSMB1	20uM	YAPC	24h	LINCSCP_170847
LINCSCP_25440	-0.2030255722	0.03258956238	111	CHEMBL436817	LSM-6200	NA	40uM	HT29	24h	LINCSCP_25440
LINCSCP_43097	-0.2030218884	0.03259278313	111	BRD-K14352739	LSM-44695	NA	10uM	NPC	24h	LINCSCP_43097
LINCSCP_161548	-0.2030172078	0.0325968757	111	Thioguanosine	LSM-5832	NA	1.11uM	PC3	24h	LINCSCP_161548
LINCSCP_33625	0.2030132059	0.03260037524	111	Cycloheximide	LSM-2791	RPL3	10uM	MCF7	24h	LINCSCP_33625
LINCSCP_47061	-0.2030092098	0.03260386992	111	WH-4025	LSM-42723	NA	10uM	PC3	6h	LINCSCP_47061
LINCSCP_130613	-0.2029991044	0.03261270887	111	Pelitinib	LSM-42796	EGFR	10uM	MCF10A	24h	LINCSCP_130613
LINCSCP_17696	0.2029966298	0.03261487366	111	ST021200	LSM-4601	NA	10uM	HCC15	6h	LINCSCP_17696
LINCSCP_1680	0.2029952021	0.03261612268	111	MLS002264437	LSM-1962	NA	10uM	A375	6h	LINCSCP_1680
LINCSCP_167	0.2029870512	0.03262325421	111	Homatropine	LSM-1299	CHRM1	10uM	A375	24h	LINCSCP_167
LINCSCP_51168	-0.2029689265	0.03263911687	111	423735-93-7	LSM-3308	NA	10uM	RMUGS	6h	LINCSCP_51168
LINCSCP_6773	0.202967728	0.03264016604	111	Bongkrekic acid	LSM-42821	SLC25A4	10uM	A549	24h	LINCSCP_6773
LINCSCP_63807	-0.2029660772	0.03264161117	111	BRD-K51322285	LSM-11567	NA	5uM	VCAP	6h	LINCSCP_63807
LINCSCP_151275	-0.2029597902	0.0326471154	111	Dasatinib	LSM-1020	ABL1|BCR|BLK|EPHA2|FGR|FRK|FYN|HCK|KIT|LCK|LYN|PDGFRB|SRC|SRMS|YES1	1.11uM	PC3	24h	LINCSCP_151275
LINCSCP_43619	0.2029423232	0.03266241172	111	Pregnenolone	LSM-5550	NA	10uM	NPC	6h	LINCSCP_43619
LINCSCP_43260	-0.2029414466	0.03266317952	111	N-(P-aminophenethyl)spiperone	LSM-37236	NA	10uM	NPC	24h	LINCSCP_43260
LINCSCP_110561	-0.20293782	0.03266635632	111	AC1NWALF	LSM-1930	ATP1A1	0.12uM	HELA	24h	LINCSCP_110561
LINCSCP_13838	0.2029333743	0.03267025087	111	Catechin	LSM-1682	NA	10uM	HA1E	6h	LINCSCP_13838
LINCSCP_53167	-0.2029315315	0.03267186535	111	Isoliquiritigenin	LSM-43093	GABBR1	10uM	SKM1	6h	LINCSCP_53167
LINCSCP_50573	-0.2029232242	0.03267914424	111	MLS000709026	LSM-43139	RAD51	40uM	PL21	6h	LINCSCP_50573
LINCSCP_23684	0.202915013	0.03268634019	111	Niacin	LSM-4676	HCAR2|HCAR3	10uM	HEPG2	6h	LINCSCP_23684
LINCSCP_12887	-0.2029129382	0.03268815866	111	SMR000075319	LSM-6371	KPNB1	60uM	EFO27	6h	LINCSCP_12887
LINCSCP_152485	0.2029097223	0.03269097748	111	ZINC77024257	LSM-1171	MDM2	10uM	PC3	24h	LINCSCP_152485
LINCSCP_84914	-0.202908921	0.0326916799	111	CHEMBL1950303	LSM-1058	NA	1.11uM	ASC	24h	LINCSCP_84914
LINCSCP_288818	0.2029007213	0.03269886816	111	Carbacyclin	LSM-42923	PPARD|PTGIR	0.5uM	U937	24h	LINCSCP_288818
LINCSCP_34683	0.2028936453	0.03270507234	111	Bunolol	LSM-5810	ADRB1|ADRB2	10uM	MCF7	24h	LINCSCP_34683
LINCSCP_115135	-0.2028758301	0.03272069708	111	Vemurafenib	LSM-1068	BRAF	3.33uM	HS578T	3h	LINCSCP_115135
LINCSCP_111781	-0.2028754342	0.03272104438	111	SCHEMBL1564574	LSM-1006	CHEK1|CHEK2	10uM	HEPG2	24h	LINCSCP_111781
LINCSCP_54321	0.2028735824	0.03272266892	111	FTI276	LSM-4727	FNTA	10uM	SW620	6h	LINCSCP_54321
LINCSCP_154754	0.202872266	0.03272382375	111	Benfluorex	LSM-4365	HMGCR	0.37uM	PC3	24h	LINCSCP_154754
LINCSCP_42134	-0.2028702964	0.03272555165	111	SUGA2_000482	LSM-36658	NA	10uM	NPC	24h	LINCSCP_42134
LINCSCP_126628	-0.2028674237	0.03272807208	111	CEPHARANTHINE	LSM-45918	NA	10uM	HT29	24h	LINCSCP_126628
LINCSCP_16777	0.2028664063	0.03272896476	111	CHEMBL2359798	LSM-6796	NA	10uM	HA1E	6h	LINCSCP_16777
LINCSCP_33800	-0.202857844	0.03273647812	111	Parthenolide	LSM-43090	NA	10uM	MCF7	6h	LINCSCP_33800
LINCSCP_303659	0.2028517404	0.03274183493	111	BRD-K84047740	LSM-13564	NA	5uM	VCAP	24h	LINCSCP_303659
LINCSCP_33507	-0.2028413731	0.03275093532	111	Iodophenpropit	LSM-3151	HRH3|HRH4	10uM	MCF7	6h	LINCSCP_33507
LINCSCP_113545	-0.2028404226	0.0327517698	111	TAE-684	LSM-1024	ALK	0.12uM	HME1	3h	LINCSCP_113545
LINCSCP_67080	-0.202840044	0.03275210217	111	Wortmannin	LSM-3947	PIK3CA|PIK3CG|PLK1	10uM	HT29	6h	LINCSCP_67080
LINCSCP_256133	0.2028246204	0.03276564541	111	SB-203580	LSM-1168	MAPK1|MAPK11|MAPK14	10uM	MDAMB231	6h	LINCSCP_256133
LINCSCP_297509	0.2028237818	0.03276638195	111	CHEMBL2143863	LSM-6878	NA	5uM	VCAP	6h	LINCSCP_297509
LINCSCP_278780	-0.2028199568	0.03276974142	111	BRD-K14593092	LSM-38027	NA	10uM	PC3	24h	LINCSCP_278780
LINCSCP_16271	0.2028185733	0.03277095663	111	Varenicline	LSM-5358	CHRNA4	10uM	HA1E	6h	LINCSCP_16271
LINCSCP_61231	0.2028177221	0.03277170424	111	BRD-K40240180	LSM-10884	NA	5uM	VCAP	24h	LINCSCP_61231
LINCSCP_43649	0.2027960019	0.03279078749	111	Oleoylethanolamide	LSM-42935	GPR119|PPARA	10uM	NPC	6h	LINCSCP_43649
LINCSCP_36031	-0.2027843409	0.03280103665	111	SMR000075319	LSM-6371	KPNB1	0.01uM	MCF7	6h	LINCSCP_36031
LINCSCP_71665	-0.2027812279	0.03280377321	111	LY2886721	LSM-45433	NA	10uM	A375	24h	LINCSCP_71665
LINCSCP_3365	-0.2027803055	0.03280458408	111	BRD-K73008154	LSM-41235	NA	5uM	A375	24h	LINCSCP_3365
LINCSCP_92670	0.2027730671	0.03281094806	111	Valdecoxib	LSM-5305	PTGS2	0.37uM	HA1E	24h	LINCSCP_92670
LINCSCP_114341	0.2027585981	0.03282367219	111	AZ20	LSM-36357	NA	3.33uM	HME1	24h	LINCSCP_114341
LINCSCP_14780	0.2027542691	0.03282747994	111	Quipazine	LSM-3747	NA	10uM	HA1E	24h	LINCSCP_14780
LINCSCP_62526	-0.2027405017	0.03283959223	111	BRD-K23775758	LSM-9864	NA	5uM	VCAP	6h	LINCSCP_62526
LINCSCP_65824	0.2027223549	0.03285556306	111	BRD-K44161636	LSM-44771	NA	10uM	VCAP	6h	LINCSCP_65824
LINCSCP_135343	0.202709056	0.03286727151	111	Azathioprine	LSM-42936	PPAT	0.04uM	MCF7	24h	LINCSCP_135343
LINCSCP_67820	-0.2026994802	0.03287570433	111	Trichostatin A, Streptomyces Sp.	LSM-42814	HDAC1|HDAC10|HDAC3|HDAC4|HDAC6|HDAC7|HDAC8	10uM	NPC	6h	LINCSCP_67820
LINCSCP_190390	0.2026992524	0.03287590492	111	ZINC01068696	LSM-4505	NA	10uM	A549	24h	LINCSCP_190390
LINCSCP_163006	-0.2026903809	0.03288371916	111	PIK-93	LSM-1191	NA	0.12uM	SKBR3	24h	LINCSCP_163006
LINCSCP_64560	-0.202668821	0.03290271619	111	Radicicol	LSM-43303	NA	5uM	VCAP	6h	LINCSCP_64560
LINCSCP_25243	-0.2026570627	0.03291308062	111	SPECTRUM_000011	LSM-1767	NA	10uM	HT29	24h	LINCSCP_25243
LINCSCP_35160	0.2026506498	0.03291873452	111	BRD-K04750859	LSM-37530	NA	5uM	MCF7	24h	LINCSCP_35160
LINCSCP_45702	0.2026473541	0.03292164041	111	SCH-23390	LSM-3005	DRD1|DRD5|HTR2C	10uM	PC3	24h	LINCSCP_45702
LINCSCP_58240	0.2026467638	0.03292216091	111	Dichloroacetic acid	LSM-5314	NA	10uM	VCAP	6h	LINCSCP_58240
LINCSCP_153633	-0.2026230484	0.0329430783	111	ZK-93423	LSM-2741	GABRA1|GABRA2|GABRA3|GABRA5	0.37uM	PC3	24h	LINCSCP_153633
LINCSCP_225472	-0.202621585	0.03294436945	111	Duloxetine	LSM-3591	SLC6A2|SLC6A3|SLC6A4	10uM	HT29	6h	LINCSCP_225472
LINCSCP_22302	-0.2026195015	0.03294620769	111	PK04PUR_000067	LSM-36645	NA	10uM	HEPG2	6h	LINCSCP_22302
LINCSCP_22838	-0.2026030756	0.03296070337	111	Heat	LSM-1404	ADRA1A	10uM	HEPG2	6h	LINCSCP_22838
LINCSCP_115577	-0.2025982979	0.03296492062	111	BRD-A24396574-001-01-5	LSM-5006	NA	0.04uM	HS578T	24h	LINCSCP_115577
LINCSCP_120845	-0.2025933244	0.03296931127	111	Ketotifen	LSM-2637	HRH1	10uM	HT29	24h	LINCSCP_120845
LINCSCP_106873	0.2025830191	0.03297841033	111	Apocynin	LSM-45904	NA	0.12uM	HELA	24h	LINCSCP_106873
LINCSCP_13661	-0.2025821039	0.03297921849	111	CHEMBL299879	LSM-1923	NPY5R	10uM	HA1E	24h	LINCSCP_13661
LINCSCP_11520	0.2025742353	0.03298616763	111	Colforsin	LSM-2193	ADCY2	10uM	ASC	24h	LINCSCP_11520
LINCSCP_33294	0.2025730121	0.03298724799	111	Vitamin P	LSM-1477	AKR1C3	10uM	MCF7	24h	LINCSCP_33294
LINCSCP_17786	-0.202571214	0.03298883621	111	3,5-Bis(4-methylbenzylidene)piperidin-4-one	LSM-42949	SENP2|USP1|USP2|USP7	10uM	HCC15	6h	LINCSCP_17786
LINCSCP_1736	-0.2025691135	0.03299069158	111	MLS-0437131.0001	LSM-3305	NA	10uM	A375	6h	LINCSCP_1736
LINCSCP_55900	0.2025644983	0.03299476857	111	Siguazodan	LSM-1686	PDE3A	10uM	VCAP	24h	LINCSCP_55900
LINCSCP_118137	0.2025602156	0.03299855222	111	ZD 7114 hydrochloride	LSM-45452	NA	10uM	HT29	24h	LINCSCP_118137
LINCSCP_39878	0.2025508906	0.03300679174	111	Tipifarnib	LSM-6258	CHURC1-FNTB|FNTA|FNTB	10uM	NCIH1694	6h	LINCSCP_39878
LINCSCP_99662	-0.2025493585	0.03300814573	111	13-Hydroxy-8,14,19-trimethoxy-4,10,12,16-tetramethyl-3,20,22-trioxo-2-azabicyclo[16.3.1]docosa-1(21),4,6,10,18-pentaen-9-yl carbamate	LSM-42815	HSP90AA1	1.11uM	HCC515	24h	LINCSCP_99662
LINCSCP_68136	-0.2025448226	0.03301215439	111	13-Hydroxy-8,14,19-trimethoxy-4,10,12,16-tetramethyl-3,20,22-trioxo-2-azabicyclo[16.3.1]docosa-1(21),4,6,10,18-pentaen-9-yl carbamate	LSM-42815	HSP90AA1	1uM	PC3	6h	LINCSCP_68136
LINCSCP_16321	0.2025355186	0.03302037827	111	SCHEMBL6468298	LSM-6130	NA	10uM	HA1E	6h	LINCSCP_16321
LINCSCP_2350	-0.2025329931	0.03302261091	111	PU-H-71	LSM-5492	HSP90AA1	10uM	A375	6h	LINCSCP_2350
LINCSCP_83246	0.2024908909	0.03305984905	111	761437-28-9	LSM-1208	NA	0.12uM	ASC.C	24h	LINCSCP_83246
LINCSCP_52125	-0.2024853232	0.03306477621	111	MLS001116189	LSM-6172	NA	10uM	SKB	24h	LINCSCP_52125
LINCSCP_47526	-0.2024694603	0.03307881747	111	Methyldopa	LSM-5596	ADRA2A|ADRA2B|ADRA2C|DDC	10uM	PC3	24h	LINCSCP_47526
LINCSCP_15172	0.2024625411	0.03308494369	111	5-(6-Aminopurin-9-yl)-2-methyltetrahydrofuran-3-ol	LSM-4354	NA	10uM	HA1E	24h	LINCSCP_15172
LINCSCP_77722	-0.2024530925	0.03309331091	111	SPECTRUM_000403	LSM-1605	NR3C1	10uM	A375	24h	LINCSCP_77722
LINCSCP_22796	-0.2024453103	0.03310020382	111	UNII-MET7ZRB8Y7	LSM-3754	NA	10uM	HEPG2	6h	LINCSCP_22796
LINCSCP_49287	-0.2024447353	0.03310071317	111	Apatinib Hydrochloride	LSM-4810	HDAC1|HDAC10|HDAC11|HDAC2|HDAC3|HDAC4|HDAC5|HDAC6|HDAC7|HDAC8|HDAC9	3uM	PC3	6h	LINCSCP_49287
LINCSCP_3700	0.2024444838	0.03310093598	111	BRD-K43253317	LSM-39647	NA	10uM	A375	24h	LINCSCP_3700
LINCSCP_47591	-0.2024434004	0.03310189567	111	Troglitazone	LSM-4890	PPARG	10uM	PC3	24h	LINCSCP_47591
LINCSCP_261884	-0.2024357123	0.03310870667	111	TAK-715	LSM-1060	MAPK14	10uM	NPC	24h	LINCSCP_261884
LINCSCP_161586	0.2024190576	0.03312346542	111	Omacetaxine Mepesuccinate	LSM-3716	NA	0.12uM	PC3	24h	LINCSCP_161586
LINCSCP_55182	-0.2024177203	0.03312465079	111	MW-STK33-100	LSM-44614	NA	3uM	THP1	6h	LINCSCP_55182
LINCSCP_1829	-0.2024161575	0.03312603599	111	Tozasertib	LSM-1021	ABL1|AURKA|AURKB|AURKC|BCR|FLT3|JAK2	10uM	A375	6h	LINCSCP_1829
LINCSCP_141782	0.2024137081	0.03312820719	111	SCHEMBL6851809	LSM-43061	MTOR	0.37uM	MCF7	24h	LINCSCP_141782
LINCSCP_172575	0.2024089827	0.03313239618	111	Gefitinib	LSM-1098	EGFR	1.11uM	YAPC	24h	LINCSCP_172575
LINCSCP_6650	-0.2024041329	0.03313669587	111	Retinyl Acetate	LSM-43225	NA	10uM	A549	6h	LINCSCP_6650
LINCSCP_310152	-0.2024028837	0.03313780345	111	BRD-K50204028	LSM-40053	NA	30uM	VCAP	6h	LINCSCP_310152
LINCSCP_13415	-0.2023995032	0.03314080098	111	Perhexiline	LSM-4353	CPT1A|CPT2	10uM	H1299	6h	LINCSCP_13415
LINCSCP_103384	-0.202397095	0.0331429364	111	Ganetespib (STA-9090)	LSM-45281	HSP90AA1|HSP90AB1	0.12uM	HELA	24h	LINCSCP_103384
LINCSCP_33318	0.2023953827	0.03314445487	111	SPBIO_002561	LSM-2031	CHRNA2|HTR3A	10uM	MCF7	24h	LINCSCP_33318
LINCSCP_125770	-0.2023930443	0.03314652859	111	SGI-1776	LSM-6307	PIM1|PIM2|PIM3	10uM	HT29	24h	LINCSCP_125770
LINCSCP_33478	-0.2023847855	0.03315385364	111	Syrosingopine	LSM-2297	NA	10uM	MCF7	6h	LINCSCP_33478
LINCSCP_19492	-0.2023661311	0.0331704038	111	CHEMBL416418	LSM-6211	ASAH1|UGCG	60uM	HCC515	6h	LINCSCP_19492
LINCSCP_51657	-0.2023638101	0.03317246353	111	Vemurafenib	LSM-1068	BRAF	0.5uM	SKBR3	6h	LINCSCP_51657
LINCSCP_93165	-0.2023538502	0.03318130332	111	AC1Q5RFA	LSM-43063	NA	3.33uM	HA1E	24h	LINCSCP_93165
LINCSCP_26466	-0.2023354557	0.03319763431	111	PK04PUR_000067	LSM-36645	NA	10uM	HT29	6h	LINCSCP_26466
LINCSCP_35337	0.202327658	0.03320455935	111	BRD-K57073585	LSM-14868	NA	10uM	MCF7	24h	LINCSCP_35337
LINCSCP_34924	0.2023269308	0.03320520518	111	BRD-K28668737	LSM-10169	NA	5uM	MCF7	24h	LINCSCP_34924
LINCSCP_221004	0.2023218807	0.03320969082	111	CHEMBL34095	LSM-3355	NA	10uM	HEPG2	6h	LINCSCP_221004
LINCSCP_27802	-0.2023202867	0.03321110672	111	BRD-K35158088	LSM-10542	NA	5uM	HT29	24h	LINCSCP_27802
LINCSCP_168652	0.2023192162	0.03321205772	111	Mitiglinide calcium	LSM-45488	NA	0.37uM	YAPC	24h	LINCSCP_168652
LINCSCP_42534	0.2023187591	0.03321246379	111	SPECTRUM_000890	LSM-1787	NA	10uM	NPC	24h	LINCSCP_42534
LINCSCP_12286	0.2023175821	0.03321350932	111	Buparlisib	LSM-1148	PIK3CA|PIK3CB|PIK3CD|PIK3CG|PIK3R1|PIK3R2|PIK3R3|PIK3R5	0.1uM	BT20	6h	LINCSCP_12286
LINCSCP_160075	0.2022913513	0.03323681872	111	NMS-1286937	LSM-45818	NA	0.04uM	PC3	24h	LINCSCP_160075
LINCSCP_156660	0.2022826657	0.03324453998	111	Estramustine phosphate sodium	LSM-45379	ESR2	10uM	PC3	24h	LINCSCP_156660
LINCSCP_41580	-0.2022814484	0.03324562226	111	CAY10603	LSM-4941	HDAC6	10uM	NEU	6h	LINCSCP_41580
LINCSCP_126784	-0.2022786412	0.03324811824	111	Vandetanib	LSM-1199	EGFR|EPHA1|EPHA10|EPHA2|EPHA3|EPHA4|EPHA5|EPHA6|EPHA7|EPHA8|EPHB1|EPHB2|EPHB3|EPHB4|EPHB6|ERBB2|ERBB3|ERBB4|FLT1|FLT4|KDR|PTK6|RET|SRC|TEK	10uM	HT29	24h	LINCSCP_126784
LINCSCP_38008	0.2022700401	0.03325576654	111	BRD-K21635943	LSM-38443	NA	10uM	MCF7	6h	LINCSCP_38008
LINCSCP_13563	-0.2022674714	0.03325805103	111	CAY10603	LSM-4941	HDAC6	10uM	H1299	6h	LINCSCP_13563
LINCSCP_236698	-0.2022674269	0.03325809059	111	CID-2858522	LSM-3337	NA	10uM	MCF7	6h	LINCSCP_236698
LINCSCP_10126	-0.2022670257	0.03325844737	111	2-(4-(4-Chloro-1,2-diphenylbut-1-en-1-yl)phenoxy)-n,n-dimethylethanamine	LSM-42974	ESR1	10uM	A549	24h	LINCSCP_10126
LINCSCP_260385	0.2022497199	0.03327384177	111	SA-426799	LSM-14914	NA	0.5uM	NKDBA	24h	LINCSCP_260385
LINCSCP_13437	-0.2022440889	0.03327885216	111	Thioridazine	LSM-1863	DRD1|DRD2|DRD3|DRD4|HTR2A|HTR2C	10uM	H1299	6h	LINCSCP_13437
LINCSCP_49286	-0.2022397744	0.0332826915	111	Apatinib Hydrochloride	LSM-4810	HDAC1|HDAC10|HDAC11|HDAC2|HDAC3|HDAC4|HDAC5|HDAC6|HDAC7|HDAC8|HDAC9	10uM	PC3	6h	LINCSCP_49286
LINCSCP_61927	0.2022368981	0.03328525128	111	BRD-K92758184	LSM-14113	NA	5uM	VCAP	6h	LINCSCP_61927
LINCSCP_31937	0.202222524	0.03329804606	111	MD-041	LSM-43138	NA	10uM	MCF7	24h	LINCSCP_31937
LINCSCP_16008	-0.2022156227	0.0333041906	111	SR-02000000367	LSM-2994	NA	10uM	HA1E	6h	LINCSCP_16008
LINCSCP_7479	0.2022036874	0.03331481928	111	Carbofuran	LSM-3186	NA	10uM	A549	6h	LINCSCP_7479
LINCSCP_41347	-0.2021958017	0.03332184332	111	BG-1024	LSM-36975	NA	10uM	NEU	24h	LINCSCP_41347
LINCSCP_14899	-0.2021941417	0.03332332205	111	Niclosamide	LSM-2787	STAT3	10uM	HA1E	6h	LINCSCP_14899
LINCSCP_279465	-0.2021899616	0.03332704605	111	BRD-K40324831	LSM-39492	NA	10uM	PC3	6h	LINCSCP_279465
LINCSCP_31688	0.2021842786	0.03333210948	111	MLS-0044127.0001	LSM-1377	NA	10uM	MCF7	6h	LINCSCP_31688
LINCSCP_90931	0.2021837865	0.03333254798	111	Levofloxacin	LSM-5270	NA	0.04uM	HA1E	24h	LINCSCP_90931
LINCSCP_170028	-0.2021635614	0.03335057365	111	Dronedarone HCl	LSM-45428	CACNA1C|CACNA1D|CACNA1F|CACNA1S|HCN4|KCNJ2|SCN10A|SCN11A|SCN1A|SCN2A|SCN3A|SCN4A|SCN5A|SCN7A|SCN8A|SCN9A	10uM	YAPC	24h	LINCSCP_170028
LINCSCP_254042	-0.2021623947	0.03335161374	111	SKF96365	LSM-1766	CYP3A4|TRPC1	10uM	MCF7	6h	LINCSCP_254042
LINCSCP_93037	0.2021414985	0.03337024661	111	BRD-K00486725	LSM-45808	NA	0.04uM	HA1E	24h	LINCSCP_93037
LINCSCP_81298	0.202121997	0.03338764381	111	Alpelisib	LSM-4256	PIK3CA	10uM	A549	24h	LINCSCP_81298
LINCSCP_222286	0.2021166779	0.03339239036	111	KUC105208 KUC105208N	LSM-45316	NA	1uM	HL60	6h	LINCSCP_222286
LINCSCP_138723	0.202114845	0.03339402606	111	ABT-333	LSM-45402	NA	0.37uM	MCF7	24h	LINCSCP_138723
LINCSCP_17256	0.2021120421	0.03339652749	111	SCHEMBL17497315	LSM-44610	NA	1uM	HA1E	24h	LINCSCP_17256
LINCSCP_4140	-0.2021101387	0.0333982263	111	Methixene	LSM-1467	CHRM1|CHRM5|HTR2C	10uM	A549	24h	LINCSCP_4140
LINCSCP_163351	-0.2021099574	0.03339838813	111	Radicicol	LSM-43303	NA	1.11uM	SKBR3	3h	LINCSCP_163351
LINCSCP_148380	0.2021071863	0.03340086153	111	ZINC77024257	LSM-1171	MDM2	1.11uM	NPC.CAS9	24h	LINCSCP_148380
LINCSCP_69021	-0.2021050332	0.03340278343	111	Dasatinib	LSM-1020	ABL1|BCR|BLK|EPHA2|FGR|FRK|FYN|HCK|KIT|LCK|LYN|PDGFRB|SRC|SRMS|YES1	10uM	A375	24h	LINCSCP_69021
LINCSCP_262605	-0.2020965465	0.03341035967	111	Arecaidine Propargyl Ester	LSM-2520	CHRM1	10uM	NPC	24h	LINCSCP_262605
LINCSCP_23745	-0.2020873442	0.03341857634	111	BRD-K86336638	LSM-6857	NA	10uM	HEPG2	6h	LINCSCP_23745
LINCSCP_75076	0.2020779282	0.03342698557	111	Acarbose	LSM-4631	AMY2A|MGAM	0.04uM	A375	24h	LINCSCP_75076
LINCSCP_145925	-0.2020688609	0.03343508512	111	EX-8678	LSM-1147	NA	0.12uM	MDAMB231	3h	LINCSCP_145925
LINCSCP_149826	0.2020631139	0.03344021961	111	Osimertinib	LSM-6344	EGFR|ERBB2|ERBB3|ERBB4	1.11uM	NPC.TAK	24h	LINCSCP_149826
LINCSCP_15948	-0.2020628081	0.03344049285	111	CHEMBL2057216	LSM-2203	NA	10uM	HA1E	6h	LINCSCP_15948
LINCSCP_34747	-0.2020613168	0.03344182528	111	ST057710	LSM-37202	NA	10uM	MCF7	24h	LINCSCP_34747
LINCSCP_26686	-0.2020541248	0.03344825197	111	CHEMBL1673039	LSM-1093	LRRK2|MAPK7	10uM	HT29	6h	LINCSCP_26686
LINCSCP_160300	0.2020488586	0.03345295841	111	Epothilone B (EPO906, Patupilone)	LSM-46001	NA	1.11uM	PC3	24h	LINCSCP_160300
LINCSCP_164429	0.2020418819	0.03345919446	111	SB525334	LSM-1121	TGFBR1	3.33uM	SKL.C	24h	LINCSCP_164429
LINCSCP_39781	-0.2020272719	0.03347225658	111	CAY-10594	LSM-6256	PLD2	20uM	MDST8	6h	LINCSCP_39781
LINCSCP_59533	0.2020248764	0.03347439863	111	Methyl 1-hydroxy-7-(hydroxymethyl)-1,4a,5,7a-tetrahydrocyclopenta[c]pyran-4-carboxylate	LSM-4955	NA	10uM	VCAP	6h	LINCSCP_59533
LINCSCP_126189	0.2020115793	0.03348629133	111	Diazoxide	LSM-3639	KCNJ11	0.04uM	HT29	24h	LINCSCP_126189
LINCSCP_133432	-0.2020074715	0.03348996598	111	Sunitinib	LSM-42800	CSF1R|FLT1|FLT3|FLT4|KDR|KIT|PDGFRA|PDGFRB|RET	1.11uM	MCF7	24h	LINCSCP_133432
LINCSCP_107900	0.2019860308	0.03350915141	111	PF-04447943	LSM-45238	NA	0.37uM	HELA	24h	LINCSCP_107900
LINCSCP_61280	0.2019841147	0.03351086643	111	BRD-K74294292	LSM-12978	NA	5uM	VCAP	24h	LINCSCP_61280
LINCSCP_93088	-0.201981049	0.03351361055	111	UK 383367	LSM-45910	NA	1.11uM	HA1E	24h	LINCSCP_93088
LINCSCP_67757	-0.2019796076	0.03351490076	111	Vorinostat	LSM-3828	HDAC1|HDAC2|HDAC3|HDAC6|HDAC8	10uM	NPC	24h	LINCSCP_67757
LINCSCP_56470	-0.2019781298	0.03351622373	111	Terfenadine	LSM-1273	HRH1|KCNH2	10uM	VCAP	6h	LINCSCP_56470
LINCSCP_172943	0.2019531632	0.03353857981	111	Penciclovir	LSM-5587	NA	0.04uM	YAPC	24h	LINCSCP_172943
LINCSCP_54460	0.2019377945	0.03355234779	111	Pala	LSM-6202	CAD	80uM	SW948	6h	LINCSCP_54460
LINCSCP_271132	-0.2019260387	0.03356288245	111	Emend	LSM-5350	TACR1	10uM	PC3	24h	LINCSCP_271132
LINCSCP_42985	-0.2019111156	0.03357625939	111	CHEMBL3187550	LSM-43465	NA	10uM	NPC	24h	LINCSCP_42985
LINCSCP_219052	-0.2019049886	0.0335817529	111	Amlodipine	LSM-1388	CACNA1C|CACNA1D|CACNA1F|CACNA1S|CACNA2D1	10uM	HEPG2	6h	LINCSCP_219052
LINCSCP_53440	0.2018985069	0.03358756521	111	BAY-117821	LSM-42889	NA	10uM	SKMEL28	6h	LINCSCP_53440
LINCSCP_310128	-0.2018877615	0.0335972028	111	BRD-K31367750	LSM-15031	NA	30uM	VCAP	6h	LINCSCP_310128
LINCSCP_236581	0.2018541923	0.03362732626	111	TH02453-036-P1	LSM-6273	NA	10uM	MCF7	24h	LINCSCP_236581
LINCSCP_42535	-0.2018539068	0.03362758258	111	Betamethasone Acetate	LSM-1904	NR3C1	10uM	NPC	24h	LINCSCP_42535
LINCSCP_4038	-0.2018441089	0.03363637909	111	2-(4-(4-Chloro-1,2-diphenylbut-1-en-1-yl)phenoxy)-n,n-dimethylethanamine	LSM-42974	ESR1	10uM	A375	24h	LINCSCP_4038
LINCSCP_11521	-0.2018417635	0.033638485	111	Lasalocid	LSM-2214	NA	10uM	ASC	24h	LINCSCP_11521
LINCSCP_126423	-0.2018207398	0.03365736761	111	Furosemide	LSM-5847	SLC12A1|SLC12A2	0.04uM	HT29	24h	LINCSCP_126423
LINCSCP_108029	-0.2018191742	0.03365877408	111	AZD3514	LSM-45831	AR	10uM	HELA	24h	LINCSCP_108029
LINCSCP_234928	0.201818859	0.03365905728	111	Enzastaurin	LSM-1069	PRKCB	0.1uM	MCF10A	24h	LINCSCP_234928
LINCSCP_215578	-0.2018181568	0.03365968814	111	Parthenolide	LSM-43090	NA	10uM	HCC515	6h	LINCSCP_215578
LINCSCP_67560	-0.2018150244	0.03366250249	111	13-Hydroxy-8,14,19-trimethoxy-4,10,12,16-tetramethyl-3,20,22-trioxo-2-azabicyclo[16.3.1]docosa-1(21),4,6,10,18-pentaen-9-yl carbamate	LSM-42815	HSP90AA1	10uM	MCF7	6h	LINCSCP_67560
LINCSCP_53980	-0.201807	0.03366971293	111	Rita	LSM-6201	MDM2	10uM	SW480	6h	LINCSCP_53980
LINCSCP_267985	0.2018055228	0.03367104039	111	2-Bromo-n-[3-(pentanoylamino)phenyl]benzamide	LSM-3693	NA	10uM	PC3	6h	LINCSCP_267985
LINCSCP_22408	-0.2018018436	0.03367434692	111	ZINC06431970	LSM-43103	NA	10uM	HEPG2	6h	LINCSCP_22408
LINCSCP_47660	0.2017979255	0.03367786853	111	Benzocaine	LSM-5830	NA	10uM	PC3	24h	LINCSCP_47660
LINCSCP_10201	0.2017976366	0.03367812816	111	Fluorouracil	LSM-4261	DPYD|TYMS	0.001uM	A549	6h	LINCSCP_10201
LINCSCP_104980	-0.2017922678	0.0336829541	111	Fiacitabine	LSM-45763	NA	10uM	HELA	24h	LINCSCP_104980
LINCSCP_17290	-0.2017906141	0.0336844407	111	Avrainvillamide Analog 5	LSM-45314	NA	1.11uM	HA1E	24h	LINCSCP_17290
LINCSCP_61452	-0.2017846838	0.03368977228	111	BRD-K41652832	LSM-10958	NA	5uM	VCAP	24h	LINCSCP_61452
LINCSCP_132328	-0.2017700092	0.03370296836	111	SCHEMBL570779	LSM-1149	NA	0.12uM	MCF7	3h	LINCSCP_132328
LINCSCP_5539	-0.2017677008	0.03370504458	111	MLS000862515	LSM-3487	NA	10uM	A549	6h	LINCSCP_5539
LINCSCP_44291	-0.201757131	0.03371455267	111	Abexinostat	LSM-2269	HDAC1|HDAC10|HDAC2|HDAC3|HDAC6	10uM	PC3	6h	LINCSCP_44291
LINCSCP_155828	-0.2017542166	0.03371717469	111	MBX-2982	LSM-45394	NA	3.33uM	PC3	24h	LINCSCP_155828
LINCSCP_133872	-0.2017507033	0.03372033579	111	Belinostat	LSM-43181	HDAC1|HDAC10|HDAC11|HDAC2|HDAC3|HDAC4|HDAC5|HDAC6|HDAC7|HDAC8|HDAC9	3.33uM	MCF7	24h	LINCSCP_133872
LINCSCP_68678	-0.2017468034	0.03372384497	111	Sirolimus	LSM-42783	FKBP1A|MTOR	10uM	VCAP	24h	LINCSCP_68678
LINCSCP_36240	0.2017418122	0.03372833665	111	Narciclasine	LSM-4934	RHOA	0.5uM	MCF7	24h	LINCSCP_36240
LINCSCP_129978	-0.2017401295	0.03372985109	111	THZ-2-98-01	LSM-44946	NA	10uM	LNCAP	24h	LINCSCP_129978
LINCSCP_72643	-0.2017269357	0.03374172723	111	Verapamil	LSM-1298	CACNA1C|CACNA1D|CACNA1F|CACNA1G|CACNA1S	0.04uM	A375	24h	LINCSCP_72643
LINCSCP_92913	-0.2017236347	0.03374469909	111	XL888	LSM-45553	NA	3.33uM	HA1E	24h	LINCSCP_92913
LINCSCP_165670	0.2017214406	0.03374667459	111	N-[4-Chloro-3-(trifluoromethyl)phenyl]-2-ethoxybenzamide	LSM-6321	NA	10uM	SKL	24h	LINCSCP_165670
LINCSCP_140477	-0.2017193122	0.03374859099	111	MG-132	LSM-1107	PSMB1	20uM	MCF7	24h	LINCSCP_140477
LINCSCP_13922	-0.201715442	0.03375207594	111	Diphenyleneiodonium	LSM-3467	NOS2|NOS3	10uM	HA1E	6h	LINCSCP_13922
LINCSCP_160084	0.2017009589	0.03376512008	111	MLN-8054	LSM-1066	AURKA	1.11uM	PC3	24h	LINCSCP_160084
LINCSCP_152132	-0.2016940052	0.03377138448	111	AZ20	LSM-36357	NA	0.04uM	PC3	24h	LINCSCP_152132
LINCSCP_146803	0.2016756172	0.03378795422	111	GSK J4	LSM-6328	NA	1.11uM	NEU	24h	LINCSCP_146803
LINCSCP_45365	0.2016680558	0.03379476997	111	Emetine	LSM-2041	RPS2	10uM	PC3	6h	LINCSCP_45365
LINCSCP_226639	0.2016586458	0.03380325364	111	LE-135	LSM-2127	RARB	10uM	HT29	6h	LINCSCP_226639
LINCSCP_15883	0.2016575433	0.03380424768	111	ZINC02121610	LSM-3277	NA	10uM	HA1E	6h	LINCSCP_15883
LINCSCP_45108	-0.2016550298	0.03380651411	111	RS-23597-190	LSM-6204	HTR4	100uM	PC3	6h	LINCSCP_45108
LINCSCP_81378	0.2016537007	0.0338077126	111	SCHEMBL3958507	LSM-5245	COQ8B|EGFR	1.11uM	A549	24h	LINCSCP_81378
LINCSCP_47067	0.2016454849	0.03381512187	111	QL-XII-47	LSM-42741	BMX|BTK	10uM	PC3	6h	LINCSCP_47067
LINCSCP_48002	0.2016345829	0.03382495582	111	Rufloxacin	LSM-5715	NA	10uM	PC3	6h	LINCSCP_48002
LINCSCP_85884	-0.201622291	0.03383604634	111	PD-0325901	LSM-1101	MAP2K1|MAP2K2	10uM	BT20	24h	LINCSCP_85884
LINCSCP_240726	-0.2016176786	0.03384020872	111	Pyrimethamine	LSM-3967	NA	10uM	MCF7	24h	LINCSCP_240726
LINCSCP_33137	0.2016139704	0.03384355551	111	Anisomycin	LSM-4047	NA	10uM	MCF7	24h	LINCSCP_33137
LINCSCP_41562	0.2016092612	0.03384780605	111	Benzohydroxamate	LSM-36789	NA	10uM	NEU	6h	LINCSCP_41562
LINCSCP_152313	0.2016078634	0.03384906778	111	301836-43-1	LSM-1203	CSNK1A1|TGFB1	1.11uM	PC3	24h	LINCSCP_152313
LINCSCP_95667	-0.2016025268	0.03385388527	111	Afatinib	LSM-43226	EGFR|ERBB2|ERBB4	3.33uM	HA1E	24h	LINCSCP_95667
LINCSCP_31841	-0.2015858633	0.03386893176	111	MLS000583956	LSM-1515	NA	10uM	MCF7	24h	LINCSCP_31841
LINCSCP_47040	-0.2015839564	0.03387065395	111	Cediranib	LSM-5926	FLT1|FLT4|KDR|KIT|PDGFRA|PDGFRB	10uM	PC3	6h	LINCSCP_47040
LINCSCP_32925	0.2015686879	0.03388444638	111	Ranitidine	LSM-42886	HRH2	10uM	MCF7	24h	LINCSCP_32925
LINCSCP_91836	-0.2015599626	0.03389233022	111	AC1MJ3VH	LSM-1731	TOP2A	1.11uM	HA1E	24h	LINCSCP_91836
LINCSCP_4753	-0.2015580881	0.03389402413	111	Isoliquiritigenin	LSM-43093	GABBR1	10uM	A549	6h	LINCSCP_4753
LINCSCP_77629	0.2015236837	0.03392512714	111	CC-930	LSM-45244	MAPK10|MAPK8|MAPK9	1.11uM	A375	24h	LINCSCP_77629
LINCSCP_14894	-0.2015215697	0.03392703912	111	Clemastine	LSM-2655	HRH1	10uM	HA1E	6h	LINCSCP_14894
LINCSCP_27749	0.2015194567	0.03392895024	111	BRD-K95919017	LSM-14312	NA	5uM	HT29	24h	LINCSCP_27749
LINCSCP_122408	0.2015188525	0.0339294967	111	Gemifloxacin	LSM-44972	NA	0.12uM	HT29	24h	LINCSCP_122408
LINCSCP_88991	0.2015187632	0.0339295775	111	triptolide	NA	NA	0.04uM	HA1E	24h	LINCSCP_88991
LINCSCP_130750	-0.2015130065	0.03393478473	111	Ruxolitinib	LSM-1139	JAK1|JAK2|TYK2	0.04uM	MCF10A	24h	LINCSCP_130750
LINCSCP_148443	0.2015082123	0.03393912175	111	Tivantinib	LSM-1131	MET	3.33uM	NPC	24h	LINCSCP_148443
LINCSCP_220283	-0.2015043345	0.03394263024	111	AC1LGCD9	LSM-4698	NA	10uM	HEPG2	6h	LINCSCP_220283
LINCSCP_115712	-0.2014986047	0.03394781478	111	Selumetinib	LSM-1056	MAP2K1|MAP2K2	0.12uM	HS578T	24h	LINCSCP_115712
LINCSCP_120377	-0.2014973069	0.03394898922	111	10-DEBC	LSM-4710	PIM1	10uM	HT29	24h	LINCSCP_120377
LINCSCP_64748	0.2014887894	0.03395669762	111	BRD-K17705111	LSM-38206	NA	10uM	VCAP	6h	LINCSCP_64748
LINCSCP_25710	0.2014868956	0.03395841174	111	SMR001317659	LSM-2094	NA	0.5uM	HT29	6h	LINCSCP_25710
LINCSCP_72274	0.2014857596	0.03395943998	111	Lexibulin	LSM-6232	TUBA1A|TUBA1B|TUBA1C|TUBA3E|TUBA4A|TUBB|TUBB1|TUBB2A|TUBB2B|TUBB3|TUBB4A|TUBB4B|TUBB6|TUBB8	3.33uM	A375	24h	LINCSCP_72274
LINCSCP_123051	-0.2014821723	0.03396268725	111	Dacinostat	LSM-43097	HDAC1	10uM	HT29	24h	LINCSCP_123051
LINCSCP_32720	-0.2014796928	0.03396493178	111	MLS001033149	LSM-6634	NA	10uM	MCF7	6h	LINCSCP_32720
LINCSCP_162362	-0.2014722548	0.03397166586	111	Tanaproget	LSM-45780	NA	10uM	PC3	24h	LINCSCP_162362
LINCSCP_67069	-0.2014674617	0.03397600596	111	Trichostatin A, Streptomyces Sp.	LSM-42814	HDAC1|HDAC10|HDAC3|HDAC4|HDAC6|HDAC7|HDAC8	10uM	HT29	6h	LINCSCP_67069
LINCSCP_178465	-0.2014588484	0.03398380637	111	SCHEMBL1675223	LSM-2485	NA	10uM	A375	6h	LINCSCP_178465
LINCSCP_138884	-0.2014529859	0.03398911644	111	Camptothecin	LSM-4611	TOP1	1.11uM	MCF7	24h	LINCSCP_138884
LINCSCP_213204	0.2014484545	0.03399322128	111	Estriol	LSM-2368	ESR1|ESR2	0.37uM	HA1E	24h	LINCSCP_213204
LINCSCP_27099	-0.2014296645	0.03401024716	111	6-(4-Hydroxy-6-methoxy-7-methyl-3-oxo-1H-2-benzofuran-5-yl)-4-methylhex-4-enoic acid	LSM-2681	IMPDH1|IMPDH2	10uM	HT29	6h	LINCSCP_27099
LINCSCP_37564	-0.2014129772	0.03402537382	111	SA-1922927	LSM-40473	NA	10uM	MCF7	6h	LINCSCP_37564
LINCSCP_203395	-0.2014104533	0.03402766212	111	MEGXM0_000433	LSM-43072	NA	10uM	ASC	24h	LINCSCP_203395
LINCSCP_85935	-0.2013999941	0.03403714656	111	BRD-A24396574-001-01-5	LSM-5006	NA	0.37uM	BT20	24h	LINCSCP_85935
LINCSCP_31104	-0.2013988657	0.03403816992	111	OPREA1_214521	LSM-1357	NA	10uM	MCF7	24h	LINCSCP_31104
LINCSCP_4102	-0.2013899769	0.03404623222	111	GSK-1070916	LSM-1062	AURKB|AURKC	1uM	A375	6h	LINCSCP_4102
LINCSCP_129002	0.2013694652	0.03406484291	111	GSK-J2	LSM-44940	NA	10uM	HUVEC	24h	LINCSCP_129002
LINCSCP_221474	0.2013689114	0.03406534551	111	MLS000863584	LSM-44563	NA	3uM	HEPG2	24h	LINCSCP_221474
LINCSCP_57899	-0.2013515295	0.03408112344	111	MLS002607703	LSM-3242	NA	10uM	VCAP	6h	LINCSCP_57899
LINCSCP_59124	-0.2013457074	0.03408640964	111	Alvespimycin	LSM-43241	HSP90AA1	10uM	VCAP	6h	LINCSCP_59124
LINCSCP_74361	0.2013388273	0.03409265731	111	Methazolamide	LSM-5311	CA1|CA2|CA4|CA7	0.04uM	A375	24h	LINCSCP_74361
LINCSCP_53207	-0.2013387687	0.03409271058	111	TGX-115	LSM-6262	NA	100uM	SKM1	6h	LINCSCP_53207
LINCSCP_273228	-0.2013370244	0.03409429465	111	Pronetalol	LSM-5176	NA	10uM	PC3	24h	LINCSCP_273228
LINCSCP_43294	-0.2013313947	0.03409940786	111	BG-1003	LSM-45121	NA	10uM	NPC	6h	LINCSCP_43294
LINCSCP_294786	0.2013255416	0.03410472455	111	AC1N9M1C	LSM-4494	NA	10uM	VCAP	24h	LINCSCP_294786
LINCSCP_17402	-0.2013183684	0.03411124139	111	AC1OCDAW	LSM-1622	TOP2A	0.37uM	HA1E	24h	LINCSCP_17402
LINCSCP_405	-0.2013171397	0.03411235783	111	AC1NWAML	LSM-1325	NR3C1	10uM	A375	6h	LINCSCP_405
LINCSCP_216723	0.2013118383	0.03411717496	111	SCHEMBL6468298	LSM-6130	NA	10uM	HCC515	6h	LINCSCP_216723
LINCSCP_49308	0.2012948797	0.03413258819	111	BG-51	LSM-45301	HDAC3	3uM	PC3	24h	LINCSCP_49308
LINCSCP_42563	-0.201294655	0.03413279247	111	Triclosan	LSM-2929	DNMT1	10uM	NPC	24h	LINCSCP_42563
LINCSCP_91492	-0.2012888459	0.03413807364	111	Teriflunomide	LSM-45555	NA	10uM	HA1E	24h	LINCSCP_91492
LINCSCP_45633	0.2012865976	0.03414011777	111	MLS002699810	LSM-4058	NA	10uM	PC3	6h	LINCSCP_45633
LINCSCP_9569	-0.2012835649	0.03414287529	111	COT-10B	LSM-6226	NA	10uM	A549	6h	LINCSCP_9569
LINCSCP_139855	0.2012730773	0.03415241259	111	altrenogest	LSM-45498	NA	3.33uM	MCF7	24h	LINCSCP_139855
LINCSCP_33727	-0.2012713978	0.03415394008	111	Butein	LSM-42896	ACE	10uM	MCF7	6h	LINCSCP_33727
LINCSCP_169879	-0.2012686615	0.03415642894	111	Carfilzomib (PR-171)	LSM-45547	ADRM1|PSMA1|PSMA2|PSMA3|PSMA4|PSMA5|PSMA6|PSMA7|PSMA8|PSMB1|PSMB10|PSMB11|PSMB2|PSMB3|PSMB4|PSMB5|PSMB6|PSMB7|PSMB8|PSMB9|PSMC1|PSMC2|PSMC3|PSMC4|PSMC5|PSMC6|PSMD1|PSMD11|PSMD12|PSMD13|PSMD14|PSMD2|PSMD3|PSMD4|PSMD6|PSMD7|PSMD8|SEM1	3.33uM	YAPC	24h	LINCSCP_169879
LINCSCP_45062	0.2012488772	0.03417442841	111	BMS 191011	LSM-4148	KCNMA1	10uM	PC3	24h	LINCSCP_45062
LINCSCP_152472	0.2012115355	0.03420842325	111	GW620972X	LSM-1209	NA	0.04uM	PC3	24h	LINCSCP_152472
LINCSCP_283663	-0.201207171	0.03421239849	111	AC1MCT8Q	LSM-4376	NA	10uM	SKB	24h	LINCSCP_283663
LINCSCP_211538	-0.2012031308	0.03421607856	111	F1061-0166	LSM-4474	NA	10uM	HA1E	6h	LINCSCP_211538
LINCSCP_65152	-0.2011828081	0.03423459528	111	CHEMBL3182386	LSM-36547	NA	10uM	VCAP	6h	LINCSCP_65152
LINCSCP_48164	-0.201176108	0.03424070176	111	BRD-K49669601	LSM-40025	NA	5uM	PC3	24h	LINCSCP_48164
LINCSCP_62477	0.2011547916	0.03426013589	111	BRD-K84120458	LSM-13571	NA	5uM	VCAP	24h	LINCSCP_62477
LINCSCP_29628	-0.2011530568	0.03426171791	111	Alvocidib	LSM-1011	CDK1|CDK2|CDK4|CDK5|CDK6|CDK7|CDK8|CDK9|EGFR|PYGM	0.5uM	MCF10A	24h	LINCSCP_29628
LINCSCP_19362	-0.2011522883	0.03426241873	111	CID-2858522	LSM-3337	NA	10uM	HCC515	24h	LINCSCP_19362
LINCSCP_290165	0.20114612	0.03426804434	111	Alpha-Solanine	LSM-3583	NA	10uM	VCAP	24h	LINCSCP_290165
LINCSCP_138099	-0.2011397932	0.03427381542	111	XL888	LSM-45553	NA	0.37uM	MCF7	24h	LINCSCP_138099
LINCSCP_169956	-0.2011385497	0.03427494974	111	179324-69-7	LSM-6281	ADRM1|PSMA1|PSMA2|PSMA3|PSMA4|PSMA5|PSMA6|PSMA7|PSMA8|PSMB1|PSMB10|PSMB11|PSMB2|PSMB3|PSMB4|PSMB5|PSMB6|PSMB7|PSMB8|PSMB9|PSMC1|PSMC2|PSMC3|PSMC4|PSMC5|PSMC6|PSMD1|PSMD11|PSMD12|PSMD13|PSMD14|PSMD2|PSMD3|PSMD4|PSMD6|PSMD7|PSMD8|SEM1	20uM	YAPC	24h	LINCSCP_169956
LINCSCP_240957	0.2011368618	0.03427648959	111	Erythromycin	LSM-3416	MLNR	10uM	MCF7	6h	LINCSCP_240957
LINCSCP_103916	0.2011355362	0.03427769893	111	Piretanide	LSM-3959	SLC12A1|SLC12A2	0.37uM	HELA	24h	LINCSCP_103916
LINCSCP_168031	0.2011319144	0.03428100323	111	Gemfibrozil	LSM-2227	CYP2C8|LPL|PPARA	0.04uM	YAPC	24h	LINCSCP_168031
LINCSCP_67398	-0.2011286221	0.03428400717	111	Radicicol	LSM-43303	NA	10uM	MCF7	24h	LINCSCP_67398
LINCSCP_206885	-0.2011196834	0.03429216412	111	2-Hydroxysaclofen	LSM-22635	NA	10uM	FIBRNPC	24h	LINCSCP_206885
LINCSCP_44813	-0.2011191238	0.03429267479	111	Fisetinidol	LSM-4014	NA	10uM	PC3	6h	LINCSCP_44813
LINCSCP_128857	-0.2011114978	0.03429963519	111	Mocetinostat	LSM-5344	HDAC1|HDAC11|HDAC2|HDAC3|HDAC8	0.12uM	HUVEC	24h	LINCSCP_128857
LINCSCP_44175	-0.2011002594	0.03430989491	111	MLS000877024	LSM-1479	NFE2L2	10uM	PC3	24h	LINCSCP_44175
LINCSCP_66373	-0.2010949482	0.03431474453	111	Trichostatin A, Streptomyces Sp.	LSM-42814	HDAC1|HDAC10|HDAC3|HDAC4|HDAC6|HDAC7|HDAC8	10uM	A375	6h	LINCSCP_66373
LINCSCP_170583	-0.2010897595	0.03431948281	111	ICI 182,780	LSM-45768	NA	0.37uM	YAPC	24h	LINCSCP_170583
LINCSCP_165738	0.2010796611	0.03432870607	111	Vorinostat	LSM-3828	HDAC1|HDAC2|HDAC3|HDAC6|HDAC8	1.11uM	SKL	24h	LINCSCP_165738
LINCSCP_48077	0.2010699569	0.03433757142	111	benzathine	NA	NA	10uM	PC3	6h	LINCSCP_48077
LINCSCP_173117	0.2010668751	0.03434038717	111	Capsaicin	LSM-43180	TRPV1	10uM	YAPC	24h	LINCSCP_173117
LINCSCP_17495	-0.2010634578	0.03434350975	111	Apatinib Hydrochloride	LSM-4810	HDAC1|HDAC10|HDAC11|HDAC2|HDAC3|HDAC4|HDAC5|HDAC6|HDAC7|HDAC8|HDAC9	1.11uM	HA1E	24h	LINCSCP_17495
LINCSCP_133592	-0.2010576761	0.03434879333	111	AT 7867	LSM-1155	NA	3.33uM	MCF7	24h	LINCSCP_133592
LINCSCP_34804	0.2010546466	0.03435156202	111	BRD-K09824708	LSM-14715	NA	5uM	MCF7	24h	LINCSCP_34804
LINCSCP_28705	-0.2010498635	0.03435593387	111	AC1MJFJP	LSM-36616	NA	3uM	HUH7	24h	LINCSCP_28705
LINCSCP_26492	0.2010496055	0.03435616969	111	ON-01910	LSM-43198	CDK1|FLT1|FYN|PDGFRA|PLK1|PLK2|SRC	10uM	HT29	6h	LINCSCP_26492
LINCSCP_18801	0.2010486074	0.03435708205	111	Isocycloheximide	LSM-1687	RPL3	10uM	HCC515	24h	LINCSCP_18801
LINCSCP_141100	0.2010448375	0.03436052818	111	Umeclidinium (bromide)	LSM-45495	CHRM3	0.04uM	MCF7	24h	LINCSCP_141100
LINCSCP_65493	-0.2010415176	0.03436356324	111	MLS003128807	LSM-40464	NA	10uM	VCAP	6h	LINCSCP_65493
LINCSCP_36631	-0.2010129043	0.03438973085	111	A-443654	LSM-1045	AKT1|AKT2	0.1uM	MCF7	6h	LINCSCP_36631
LINCSCP_66985	-0.2010078501	0.03439435482	111	13-Hydroxy-8,14,19-trimethoxy-4,10,12,16-tetramethyl-3,20,22-trioxo-2-azabicyclo[16.3.1]docosa-1(21),4,6,10,18-pentaen-9-yl carbamate	LSM-42815	HSP90AA1	10uM	HEPG2	6h	LINCSCP_66985
LINCSCP_79415	-0.2009956132	0.0344055521	111	STK-674938	LSM-45580	NA	10uM	A375	24h	LINCSCP_79415
LINCSCP_57792	-0.2009948855	0.03440621807	111	MLS002264447	LSM-2942	NA	10uM	VCAP	24h	LINCSCP_57792
LINCSCP_33524	0.2009876238	0.03441286444	111	Iodipamide	LSM-3496	NA	10uM	MCF7	6h	LINCSCP_33524
LINCSCP_59747	-0.2009826239	0.03441744132	111	BRD-K25436320	LSM-38659	NA	5uM	VCAP	6h	LINCSCP_59747
LINCSCP_88153	0.200982579	0.03441748241	111	WYE 125132	LSM-1064	MTOR	3.33uM	HA1E	24h	LINCSCP_88153
LINCSCP_15633	-0.2009824488	0.03441760164	111	MK-2206	LSM-1057	AKT1|AKT2|AKT3	10uM	HA1E	6h	LINCSCP_15633
LINCSCP_11974	-0.200976573	0.03442298097	111	WH-4-023	LSM-5613	ABL1|SRC	1uM	BT20	6h	LINCSCP_11974
LINCSCP_14303	0.2009706199	0.03442843176	111	Gliquidone	LSM-3809	ABCC8	10uM	HA1E	6h	LINCSCP_14303
LINCSCP_59131	-0.2009656542	0.03443297905	111	U-0126	LSM-42807	MAP2K1|MAP2K2	10uM	VCAP	6h	LINCSCP_59131
LINCSCP_13791	-0.2009637478	0.03443472491	111	2-Phenylethyl 3-(3,4-dihydroxyphenyl)prop-2-enoate	LSM-3894	ALOX5	10uM	HA1E	24h	LINCSCP_13791
LINCSCP_49271	-0.2009588896	0.03443917446	111	Panobinostat	LSM-43059	HDAC1|HDAC10|HDAC11|HDAC2|HDAC3|HDAC4|HDAC5|HDAC6|HDAC7|HDAC8|HDAC9	3uM	PC3	6h	LINCSCP_49271
LINCSCP_88211	-0.2009513985	0.03444603631	111	13-Hydroxy-8,14,19-trimethoxy-4,10,12,16-tetramethyl-3,20,22-trioxo-2-azabicyclo[16.3.1]docosa-1(21),4,6,10,18-pentaen-9-yl carbamate	LSM-42815	HSP90AA1	10uM	HA1E	24h	LINCSCP_88211
LINCSCP_51070	-0.2009421376	0.03445452092	111	Thioridazine	LSM-1863	DRD1|DRD2|DRD3|DRD4|HTR2A|HTR2C	10uM	RMUGS	6h	LINCSCP_51070
LINCSCP_31871	-0.2009415345	0.03445507351	111	BRD-K10010115	LSM-45102	NA	10uM	MCF7	24h	LINCSCP_31871
LINCSCP_10449	0.2009330833	0.03446281792	111	BAS 00631343	LSM-6284	NA	10uM	A673	6h	LINCSCP_10449
LINCSCP_18792	0.2009327279	0.03446314366	111	Amidate	LSM-1640	GABRA1|GABRA2|GABRA3|GABRA4|GABRA5|GABRA6|GABRB1|GABRB2|GABRB3|GABRD|GABRE|GABRG1|GABRG2|GABRG3|GABRP|GABRQ	10uM	HCC515	24h	LINCSCP_18792
LINCSCP_45087	-0.200931571	0.03446420398	111	L-Sulforaphane	LSM-4919	NFE2L2	10uM	PC3	6h	LINCSCP_45087
LINCSCP_55508	-0.2009197441	0.03447504455	111	CID-2858522	LSM-3337	NA	10uM	U937	6h	LINCSCP_55508
LINCSCP_272031	-0.2009187397	0.03447596537	111	Glyburide	LSM-2811	ABCC8|CFTR|KCNJ11|KCNJ5|KCNJ8	10uM	PC3	24h	LINCSCP_272031
LINCSCP_13501	-0.2009127295	0.03448147561	111	PP-30	LSM-6238	RAF1	10uM	H1299	6h	LINCSCP_13501
LINCSCP_22639	0.2009027887	0.03449059105	111	BL-074	LSM-42714	NA	10uM	HEPG2	6h	LINCSCP_22639
LINCSCP_164464	-0.2009022132	0.03449111885	111	761437-28-9	LSM-1208	NA	10uM	SKL.C	24h	LINCSCP_164464
LINCSCP_51754	0.2008892715	0.03450298929	111	OSI-027	LSM-1063	MTOR	0.1uM	SKBR3	6h	LINCSCP_51754
LINCSCP_83169	-0.2008869443	0.03450512423	111	PHA-767491	LSM-6304	NA	0.04uM	ASC.C	24h	LINCSCP_83169
LINCSCP_207421	0.200879272	0.03451216341	111	BG-1015	LSM-36852	NA	10uM	FIBRNPC	24h	LINCSCP_207421
LINCSCP_54999	-0.2008766583	0.03451456174	111	BML-259	LSM-6266	CDK2|CDK5	80uM	THP1	6h	LINCSCP_54999
LINCSCP_35314	0.2008702405	0.03452045129	111	BRD-K41115759	LSM-39541	NA	10uM	MCF7	24h	LINCSCP_35314
LINCSCP_30387	-0.2008522601	0.03453695606	111	Fluphenazine	LSM-3226	DRD1|DRD2	10uM	MCF7	6h	LINCSCP_30387
LINCSCP_133805	-0.2008463425	0.03454238942	111	CHEMBL3347630	LSM-43292	NA	10uM	MCF7	24h	LINCSCP_133805
LINCSCP_30577	-0.2008452361	0.03454340538	111	ABT737	LSM-1180	BCL2|BCL2L1|BCL2L2	10uM	MCF7	24h	LINCSCP_30577
LINCSCP_154735	0.2008337998	0.03455390826	111	Pantoprazole	LSM-1390	ATP4A|ATP4B	1.12uM	PC3	24h	LINCSCP_154735
LINCSCP_20468	-0.2008272388	0.034559935	111	Ruxolitinib	LSM-1139	JAK1|JAK2|TYK2	10uM	HCC515	6h	LINCSCP_20468
LINCSCP_11332	0.2008255195	0.03456151439	111	Dnqx	LSM-3911	NA	10uM	ASC	24h	LINCSCP_11332
LINCSCP_130913	0.2008252766	0.03456173755	111	SCHEMBL570779	LSM-1149	NA	10uM	MCF10A	3h	LINCSCP_130913
LINCSCP_128019	0.200813773	0.03457230694	111	Tivantinib	LSM-1131	MET	0.37uM	HUES3	24h	LINCSCP_128019
LINCSCP_284841	-0.2008124993	0.03457347737	111	Methocarbamol	LSM-1453	CA1	10uM	SKB	24h	LINCSCP_284841
LINCSCP_141713	0.2008089792	0.03457671227	111	Aminosalicylic acid	LSM-5862	PTGS1|PTGS2	10uM	MCF7	24h	LINCSCP_141713
LINCSCP_298701	0.2008077549	0.03457783743	111	MLS003129699	LSM-6866	NA	5uM	VCAP	24h	LINCSCP_298701
LINCSCP_7571	0.2008049764	0.03458039105	111	Colforsin	LSM-2193	ADCY2	10uM	A549	24h	LINCSCP_7571
LINCSCP_55119	-0.2008009696	0.03458407384	111	Vorinostat	LSM-3828	HDAC1|HDAC2|HDAC3|HDAC6|HDAC8	10uM	THP1	24h	LINCSCP_55119
LINCSCP_139153	0.2007977506	0.0345870327	111	Pinacidil	LSM-1557	ABCC8|ABCC9	3.33uM	MCF7	24h	LINCSCP_139153
LINCSCP_53552	0.2007961238	0.03458852816	111	ZINC01050121	LSM-6210	NA	20uM	SNGM	6h	LINCSCP_53552
LINCSCP_153982	0.2007841488	0.03459953797	111	Lexibulin	LSM-6232	TUBA1A|TUBA1B|TUBA1C|TUBA3E|TUBA4A|TUBB|TUBB1|TUBB2A|TUBB2B|TUBB3|TUBB4A|TUBB4B|TUBB6|TUBB8	0.12uM	PC3	24h	LINCSCP_153982
LINCSCP_250695	0.2007767178	0.03460637147	111	Vorinostat	LSM-3828	HDAC1|HDAC2|HDAC3|HDAC6|HDAC8	0.001uM	MCF7	6h	LINCSCP_250695
LINCSCP_16549	0.2007758654	0.03460715537	111	BRN 1088760	LSM-43335	NA	10uM	HA1E	6h	LINCSCP_16549
LINCSCP_196562	-0.2007707042	0.03461190237	111	BRD-K55038865	LSM-11764	NA	5uM	A549	24h	LINCSCP_196562
LINCSCP_32353	-0.2007633052	0.03461870851	111	BRD-K61175124	LSM-36703	NA	10uM	MCF7	6h	LINCSCP_32353
LINCSCP_84115	0.2007363763	0.0346434891	111	Bosutinib	LSM-1190	ABL1|BCR|CAMK2G|HCK|LYN|SRC	0.04uM	ASC	24h	LINCSCP_84115
LINCSCP_99368	0.2007277183	0.03465145958	111	Crizotinib	LSM-1027	ALK|MET	1.11uM	HCC515	24h	LINCSCP_99368
LINCSCP_723	0.200727546	0.0346516183	111	BMS 641988	LSM-6248	AR	10uM	A375	24h	LINCSCP_723
LINCSCP_36006	0.2007248238	0.03465412466	111	Omacetaxine Mepesuccinate	LSM-3716	NA	0.01uM	MCF7	24h	LINCSCP_36006
LINCSCP_159825	0.2007219944	0.03465672985	111	Podofilox	LSM-3055	NA	3.33uM	PC3	24h	LINCSCP_159825
LINCSCP_11255	-0.2007116663	0.03466624103	111	GR-89696	LSM-1919	OPRK1	10uM	ASC	24h	LINCSCP_11255
LINCSCP_3301	-0.2006883854	0.03468768857	111	BRD-K98240084	LSM-14465	NA	5uM	A375	24h	LINCSCP_3301
LINCSCP_17123	-0.200685342	0.03469049321	111	Entinostat	LSM-4811	HDAC1|HDAC10|HDAC11|HDAC2|HDAC3|HDAC4|HDAC5|HDAC6|HDAC7|HDAC8|HDAC9	3uM	HA1E	24h	LINCSCP_17123
LINCSCP_54655	-0.2006761078	0.03469900384	111	Vorinostat	LSM-3828	HDAC1|HDAC2|HDAC3|HDAC6|HDAC8	10uM	SW948	6h	LINCSCP_54655
LINCSCP_137203	-0.2006712804	0.0347034537	111	BRD-A03684405	LSM-45399	NA	3.33uM	MCF7	24h	LINCSCP_137203
LINCSCP_169961	-0.2006650213	0.03470922408	111	179324-69-7	LSM-6281	ADRM1|PSMA1|PSMA2|PSMA3|PSMA4|PSMA5|PSMA6|PSMA7|PSMA8|PSMB1|PSMB10|PSMB11|PSMB2|PSMB3|PSMB4|PSMB5|PSMB6|PSMB7|PSMB8|PSMB9|PSMC1|PSMC2|PSMC3|PSMC4|PSMC5|PSMC6|PSMD1|PSMD11|PSMD12|PSMD13|PSMD14|PSMD2|PSMD3|PSMD4|PSMD6|PSMD7|PSMD8|SEM1	20uM	YAPC	24h	LINCSCP_169961
LINCSCP_27097	0.2006584514	0.03471528175	111	D-64131	LSM-2592	TUBB	10uM	HT29	6h	LINCSCP_27097
LINCSCP_13242	-0.2006494358	0.03472359597	111	Decitabine	LSM-5855	DNMT1|DNMT3A	10uM	FIBRNPC	24h	LINCSCP_13242
LINCSCP_18100	-0.2006479764	0.03472494199	111	IKK Inhibitor VII	LSM-2309	IKBKB	10uM	HCC515	6h	LINCSCP_18100
LINCSCP_4983	-0.2006458562	0.03472689759	111	SMR000798335	LSM-3364	NA	10uM	A549	24h	LINCSCP_4983
LINCSCP_172526	0.2006404587	0.03473187636	111	Orlistat	LSM-5724	DAGLA|FASN|LIPF|PNLIP	3.33uM	YAPC	24h	LINCSCP_172526
LINCSCP_105771	-0.2006390776	0.03473315044	111	Dexniguldipine	LSM-15285	NA	10uM	HELA	24h	LINCSCP_105771
LINCSCP_25012	-0.200636577	0.0347354573	111	Zileuton	LSM-5084	ALOX5	100uM	HT115	6h	LINCSCP_25012
LINCSCP_22320	-0.2006337118	0.03473810071	111	Fluticasone	LSM-5328	NR3C1|PGR	10uM	HEPG2	6h	LINCSCP_22320
LINCSCP_272491	-0.2006321232	0.03473956642	111	Flutamide	LSM-2621	AR	10uM	PC3	24h	LINCSCP_272491
LINCSCP_57047	-0.2006314813	0.03474015871	111	CT-200783	LSM-43273	NA	10uM	VCAP	6h	LINCSCP_57047
LINCSCP_132432	-0.2006301661	0.03474137213	111	Fedratinib	LSM-1142	FLT3|JAK2	10uM	MCF7	3h	LINCSCP_132432
LINCSCP_31525	-0.2006243791	0.03474671215	111	SCHEMBL2557158	LSM-4121	NA	10uM	MCF7	6h	LINCSCP_31525
LINCSCP_2097	-0.2006176695	0.03475290431	111	CBDIVE_003036	LSM-4324	NA	10uM	A375	6h	LINCSCP_2097
LINCSCP_49295	0.2006144366	0.03475588822	111	BRD-K01621458	LSM-45313	NA	5uM	PC3	24h	LINCSCP_49295
LINCSCP_6996	-0.2006055958	0.03476404921	111	Wiskostatin	LSM-1364	WASL	10uM	A549	24h	LINCSCP_6996
LINCSCP_154475	-0.2006004369	0.03476881218	111	BECLOMETHASONE DIPROPIONATE	LSM-45855	NA	0.04uM	PC3	24h	LINCSCP_154475
LINCSCP_43105	0.2005971836	0.03477181606	111	BRD-K20126873	LSM-38355	NA	10uM	NPC	24h	LINCSCP_43105
LINCSCP_164856	0.2005944351	0.03477435407	111	AZ20	LSM-36357	NA	10uM	SKL.C	24h	LINCSCP_164856
LINCSCP_78967	-0.2005675068	0.03479922797	111	Sertindole	LSM-5765	DRD2|HTR2A|HTR2C	10uM	A375	24h	LINCSCP_78967
LINCSCP_201668	0.2005667189	0.034799956	111	SCHEMBL16226502	LSM-43056	HSP90AA1	0.001uM	A549	24h	LINCSCP_201668
LINCSCP_63201	-0.2005663725	0.03480027609	111	BRD-K99344911	LSM-14532	NA	5uM	VCAP	6h	LINCSCP_63201
LINCSCP_310365	0.2005619699	0.03480434429	111	BRD-K37879871	LSM-39354	NA	10uM	VCAP	24h	LINCSCP_310365
LINCSCP_163616	-0.2005581981	0.03480783	111	BRD-A24396574-001-01-5	LSM-5006	NA	0.12uM	SKBR3	24h	LINCSCP_163616
LINCSCP_25394	-0.2005366292	0.03482776832	111	CYTO7H11	LSM-4351	BAX	10uM	HT29	24h	LINCSCP_25394
LINCSCP_117598	-0.2005295439	0.0348343201	111	amcinonide	NA	NA	3.33uM	HT29	24h	LINCSCP_117598
LINCSCP_23240	0.2005267246	0.03483692739	111	MLS003130365	LSM-6785	NA	10uM	HEPG2	6h	LINCSCP_23240
LINCSCP_63490	0.2005231502	0.03484023324	111	BRD-K38643780	LSM-10771	NA	5uM	VCAP	24h	LINCSCP_63490
LINCSCP_74342	-0.2005116452	0.03485087563	111	AC1NWAML	LSM-1325	NR3C1	0.37uM	A375	24h	LINCSCP_74342
LINCSCP_49232	-0.2005109824	0.03485148879	111	BL003-049-HDAC3	LSM-36785	NA	3uM	PC3	24h	LINCSCP_49232
LINCSCP_62203	-0.2005090621	0.03485326536	111	BRD-K20342806	LSM-9671	NA	5uM	VCAP	6h	LINCSCP_62203
LINCSCP_87510	0.2005041659	0.03485779554	111	PD-0325901	LSM-1101	MAP2K1|MAP2K2	3.33uM	CD34	24h	LINCSCP_87510
LINCSCP_10912	0.2005038662	0.03485807285	111	BRD-K62768020	LSM-45100	NA	10uM	ASC	24h	LINCSCP_10912
LINCSCP_165449	-0.2004986624	0.03486288824	111	PHA-767491	LSM-6304	NA	3.33uM	SKL	24h	LINCSCP_165449
LINCSCP_4575	-0.200490725	0.03487023427	111	Quinoclamine	LSM-6261	NA	10uM	A549	24h	LINCSCP_4575
LINCSCP_54064	0.2004894286	0.03487143419	111	6-(7-Hydroxy-6,7-dihydro-5H-pyrrolo[1,2-c]imidazol-7-yl)-n-methyl-2-naphthamide	LSM-6184	CYP17A1	40uM	SW620	6h	LINCSCP_54064
LINCSCP_55926	-0.2004883931	0.03487239268	111	N-Desmethylclozapine	LSM-2206	CHRM1|DRD2|DRD3|HTR2A|HTR2C	10uM	VCAP	24h	LINCSCP_55926
LINCSCP_33540	-0.2004874469	0.03487326852	111	PD-407824	LSM-3862	NA	10uM	MCF7	6h	LINCSCP_33540
LINCSCP_655	-0.2004863019	0.03487432832	111	MLS000709026	LSM-43139	RAD51	40uM	A375	24h	LINCSCP_655
LINCSCP_114053	0.2004851936	0.03487535427	111	KU-55933	LSM-1074	ATM	10uM	HME1	24h	LINCSCP_114053
LINCSCP_126043	-0.2004758115	0.0348840401	111	VX-222 (VCH-222, Lomibuvir)	LSM-45284	NA	0.37uM	HT29	24h	LINCSCP_126043
LINCSCP_30311	0.2004755027	0.03488432603	111	Homatropine	LSM-1299	CHRM1	10uM	MCF7	6h	LINCSCP_30311
LINCSCP_112945	-0.2004650409	0.0348940136	111	TIE2 Kinase Inhibitor	LSM-1194	NA	3.33uM	HEPG2	24h	LINCSCP_112945
LINCSCP_147340	0.2004488366	0.03490902322	111	ITK Inhibitor	LSM-1043	ITK	10uM	NEU	24h	LINCSCP_147340
LINCSCP_148040	0.2004456088	0.03491201365	111	NU-7026	LSM-2191	PRKDC	0.37uM	NPC.CAS9	24h	LINCSCP_148040
LINCSCP_15660	-0.200443066	0.03491436966	111	Vorinostat	LSM-3828	HDAC1|HDAC2|HDAC3|HDAC6|HDAC8	10uM	HA1E	6h	LINCSCP_15660
LINCSCP_9195	0.2004372574	0.03491975206	111	AM-580	LSM-2132	RARA	0.001uM	A549	24h	LINCSCP_9195
LINCSCP_15568	-0.2004371463	0.03491985502	111	Skiii	LSM-2462	SPHK1	40uM	HA1E	6h	LINCSCP_15568
LINCSCP_243909	-0.2004336889	0.03492305901	111	Demeclocycline	LSM-5135	NA	10uM	MCF7	24h	LINCSCP_243909
LINCSCP_81289	0.2004292779	0.03492714716	111	Dactolisib	LSM-4255	MTOR|PIK3CA|PIK3CB|PIK3CD|PIK3CG|PIK3R1|PIK3R2|PIK3R3|PIK3R5	0.37uM	A549	24h	LINCSCP_81289
LINCSCP_15865	-0.200427418	0.03492887103	111	SMR000798332	LSM-2559	NA	10uM	HA1E	6h	LINCSCP_15865
LINCSCP_14038	-0.2004134756	0.03494179604	111	Skiii	LSM-2462	SPHK1	10uM	HA1E	24h	LINCSCP_14038
LINCSCP_151273	-0.2004095285	0.03494545584	111	Dasatinib	LSM-1020	ABL1|BCR|BLK|EPHA2|FGR|FRK|FYN|HCK|KIT|LCK|LYN|PDGFRB|SRC|SRMS|YES1	10uM	PC3	24h	LINCSCP_151273
LINCSCP_49827	-0.2004057725	0.03494893878	111	CHEMBL1619263	LSM-4840	NA	10uM	PHH	24h	LINCSCP_49827
LINCSCP_150000	0.2003718742	0.03498038565	111	PFI-1	LSM-6331	NA	1.11uM	NPC.TAK	24h	LINCSCP_150000
LINCSCP_7322	-0.2003590106	0.03499232522	111	YC1	LSM-3346	GUCY1A2|HIF1A	10uM	A549	24h	LINCSCP_7322
LINCSCP_86952	0.2003571365	0.03499406505	111	GSK-J1	LSM-44939	NA	10uM	CD34	24h	LINCSCP_86952
LINCSCP_263126	0.2003549148	0.03499612756	111	Wortmannin	LSM-3947	PIK3CA|PIK3CG|PLK1	10uM	NPC	24h	LINCSCP_263126
LINCSCP_4580	0.2003535105	0.03499743128	111	PI-103	LSM-1126	MTOR|PIK3CA|PIK3CB|PIK3CD|PIK3CG	10uM	A549	24h	LINCSCP_4580
LINCSCP_170860	-0.2003496089	0.0350010538	111	Protriptyline	LSM-2936	SLC6A2|SLC6A4	10uM	YAPC	24h	LINCSCP_170860
LINCSCP_304229	0.2003479874	0.03500255941	111	BRD-K38498143	LSM-10759	NA	5uM	VCAP	6h	LINCSCP_304229
LINCSCP_86136	-0.2003445874	0.0350057165	111	LRRK2-IN-1	LSM-1086	LRRK2	10uM	BT20	24h	LINCSCP_86136
LINCSCP_83728	0.2003365299	0.03501319939	111	CGP 60474	LSM-1025	CDK1	10uM	ASC.C	24h	LINCSCP_83728
LINCSCP_283157	-0.2003327368	0.03501672246	111	Tyrphostin 1	LSM-2933	NA	10uM	RMGI	6h	LINCSCP_283157
LINCSCP_18653	0.2003319086	0.0350174917	111	Suloctidil	LSM-1469	NA	10uM	HCC515	6h	LINCSCP_18653
LINCSCP_60139	-0.2003247702	0.03502412287	111	BRD-K13719685	LSM-7033	NA	5uM	VCAP	24h	LINCSCP_60139
LINCSCP_21717	-0.2002941815	0.03505254979	111	Phenethylisothiocyanate	LSM-4926	CYP2E1	10uM	HEPG2	6h	LINCSCP_21717
LINCSCP_36779	0.2002852752	0.03506083031	111	CHEMBL214378	LSM-36991	NA	10uM	MCF7	24h	LINCSCP_36779
LINCSCP_154621	0.2002788449	0.03506680985	111	RVX-208	LSM-45724	NA	3.33uM	PC3	24h	LINCSCP_154621
LINCSCP_20277	0.2002689368	0.03507602509	111	sorafenib	NA	BRAF|DDR2|FGFR1|FLT1|FLT3|FLT4|KDR|KIT|PDGFRB|RAF1|RET	10uM	HCC515	6h	LINCSCP_20277
LINCSCP_310671	0.2002684208	0.03507650504	111	BRD-K82117061	LSM-41757	NA	10uM	VCAP	6h	LINCSCP_310671
LINCSCP_41122	-0.2002683114	0.03507660682	111	BRD-K79532217	LSM-41611	NA	10uM	NEU	24h	LINCSCP_41122
LINCSCP_85398	-0.2002679128	0.03507697756	111	13-Hydroxy-8,14,19-trimethoxy-4,10,12,16-tetramethyl-3,20,22-trioxo-2-azabicyclo[16.3.1]docosa-1(21),4,6,10,18-pentaen-9-yl carbamate	LSM-42815	HSP90AA1	10uM	BT20	24h	LINCSCP_85398
LINCSCP_127999	0.2002664238	0.03507836266	111	Amuvatinib	LSM-1118	FLT3|KIT|MET|PDGFRA	1.11uM	HUES3	24h	LINCSCP_127999
LINCSCP_50019	-0.2002628275	0.03508170813	111	Brazilin	LSM-1844	NA	10uM	PHH	24h	LINCSCP_50019
LINCSCP_37377	-0.2002492369	0.03509435337	111	Menadione	LSM-3755	NA	3uM	MCF7	6h	LINCSCP_37377
LINCSCP_23334	0.2002344872	0.03510808145	111	Vinblastine	LSM-6068	TUBA1A|TUBA1B|TUBA1C|TUBA3E|TUBA4A|TUBB|TUBB1|TUBB2A|TUBB2B|TUBB3|TUBB4A|TUBB4B|TUBB6|TUBB8	3uM	HEPG2	24h	LINCSCP_23334
LINCSCP_43616	0.200232661	0.03510978144	111	Ctpb	LSM-37088	NA	10uM	NPC	6h	LINCSCP_43616
LINCSCP_174691	-0.2002240569	0.03511779194	111	Alisertib	LSM-37184	AURKA	1.11uM	YAPC	24h	LINCSCP_174691
LINCSCP_66394	-0.2002198839	0.03512167767	111	Vorinostat	LSM-3828	HDAC1|HDAC2|HDAC3|HDAC6|HDAC8	10uM	A375	6h	LINCSCP_66394
LINCSCP_104033	-0.2002159742	0.03512531847	111	AZD4547	LSM-6308	NA	10uM	HELA	24h	LINCSCP_104033
LINCSCP_214588	-0.2002127452	0.03512832562	111	Valsartan	LSM-2993	AGTR1	10uM	HCC515	6h	LINCSCP_214588
LINCSCP_242978	0.200198483	0.03514161068	111	YL-61	LSM-44650	NA	10uM	MCF7	24h	LINCSCP_242978
LINCSCP_48317	0.2001813182	0.03515760508	111	BRD-K06953509	LSM-37645	NA	5uM	PC3	24h	LINCSCP_48317
LINCSCP_52742	-0.2001800806	0.03515875856	111	D-64406	LSM-2606	NA	10uM	SKB	24h	LINCSCP_52742
LINCSCP_10256	0.2001794642	0.03515933305	111	Amifostine	LSM-4721	NA	1uM	A549	6h	LINCSCP_10256
LINCSCP_96612	-0.2001676132	0.03517037994	111	Loratadine	LSM-5891	HRH1	10uM	HA1E	24h	LINCSCP_96612
LINCSCP_67091	-0.2001563682	0.03518086479	111	13-Hydroxy-8,14,19-trimethoxy-4,10,12,16-tetramethyl-3,20,22-trioxo-2-azabicyclo[16.3.1]docosa-1(21),4,6,10,18-pentaen-9-yl carbamate	LSM-42815	HSP90AA1	10uM	HT29	6h	LINCSCP_67091
LINCSCP_30350	-0.2001536492	0.03518340031	111	Thioridazine	LSM-1863	DRD1|DRD2|DRD3|DRD4|HTR2A|HTR2C	10uM	MCF7	6h	LINCSCP_30350
LINCSCP_53875	-0.2001323388	0.03520327845	111	Sirolimus	LSM-42783	FKBP1A|MTOR	10uM	SNUC5	6h	LINCSCP_53875
LINCSCP_1218	0.2001285712	0.03520679379	111	4-Fluoro-n-(pyridin-3-yl)benzamide	LSM-3702	CYP11B2	10uM	A375	24h	LINCSCP_1218
LINCSCP_205623	-0.200122894	0.03521209147	111	Sirolimus	LSM-42783	FKBP1A|MTOR	10uM	CL34	6h	LINCSCP_205623
LINCSCP_129239	0.2001157012	0.03521880435	111	HMN-214	LSM-42802	CSF1R|FLT1|FLT3|FLT4|KDR|KIT|PDGFRB|RET	10uM	HUVEC	24h	LINCSCP_129239
LINCSCP_174176	-0.2000996499	0.0352337886	111	Elesclomol	LSM-4929	HSPA1A	0.37uM	YAPC	24h	LINCSCP_174176
LINCSCP_192464	-0.20009932	0.03523409663	111	Levonorgestrel	LSM-2768	PGR	10uM	A549	6h	LINCSCP_192464
LINCSCP_7988	0.2000890395	0.03524369659	111	CHEMBL2135537	LSM-6149	NA	10uM	A549	6h	LINCSCP_7988
LINCSCP_152404	0.2000755791	0.03525626936	111	CC-401	LSM-1186	NA	0.37uM	PC3	24h	LINCSCP_152404
LINCSCP_178263	-0.2000629754	0.03526804529	111	KUC103882	LSM-3187	NA	10uM	A375	6h	LINCSCP_178263
LINCSCP_58044	0.2000616767	0.03526925893	111	Corticosterone	LSM-5814	HSD11B1|NR3C2	10uM	VCAP	6h	LINCSCP_58044
LINCSCP_148082	-0.2000571402	0.03527349838	111	triptolide	NA	NA	10uM	NPC.CAS9	24h	LINCSCP_148082
LINCSCP_38545	-0.2000543225	0.03527613182	111	Vorinostat	LSM-3828	HDAC1|HDAC2|HDAC3|HDAC6|HDAC8	10uM	MCF7	24h	LINCSCP_38545
LINCSCP_92296	-0.2000457921	0.0352841054	111	Zuclomiphene	LSM-42849	ESR1	10uM	HA1E	24h	LINCSCP_92296
LINCSCP_8458	-0.2000410886	0.03528850248	111	BRD-K24272049	LSM-9899	NA	5uM	A549	24h	LINCSCP_8458
LINCSCP_89090	-0.2000319785	0.03529702053	111	Chelerythrine	LSM-1187	NA	0.37uM	HA1E	24h	LINCSCP_89090
LINCSCP_27472	0.2000266823	0.03530197325	111	BRD-K11062991	LSM-9102	NA	5uM	HT29	24h	LINCSCP_27472
LINCSCP_67238	-0.2000186745	0.03530946298	111	13-Hydroxy-8,14,19-trimethoxy-4,10,12,16-tetramethyl-3,20,22-trioxo-2-azabicyclo[16.3.1]docosa-1(21),4,6,10,18-pentaen-9-yl carbamate	LSM-42815	HSP90AA1	10uM	LOVO	6h	LINCSCP_67238
