signatureID	similarity	pValue	nGenes	compound	lincsPertID	GeneTargets	concentration	cellLine	time	_row
LINCSCP_261653	0.9999999999	8.101080003e-06	3	BRD-K30511626	LSM-6791	NA	10uM	NPC	24h	LINCSCP_261653
LINCSCP_132974	0.9999999997	1.546333934e-05	3	BI-2536	LSM-1041	PLK1	0.37uM	MCF7	3h	LINCSCP_132974
LINCSCP_71338	-0.9999999994	2.219513491e-05	3	Torsemide	LSM-2662	SLC12A1	3.33uM	A375	24h	LINCSCP_71338
LINCSCP_71104	0.9999999993	2.313275361e-05	3	SAQUINAVIR MESYLATE	LSM-45573	NA	3.33uM	A375	24h	LINCSCP_71104
LINCSCP_262150	-0.9999999989	2.921447693e-05	3	Nbqx	LSM-3054	GRIA1	10uM	NPC	24h	LINCSCP_262150
LINCSCP_137497	-0.9999999989	2.928671309e-05	3	KX2-391	LSM-45890	SRC	3.33uM	MCF7	24h	LINCSCP_137497
LINCSCP_21827	0.9999999988	3.090547624e-05	3	NCT-502	LSM-2265	NA	10uM	HEPG2	6h	LINCSCP_21827
LINCSCP_20691	-0.9999999975	4.465350242e-05	3	3-[(3-Hydroxy-2-phenylpropanoyl)oxy]-8-methyl-8-(propan-2-yl)-8-azoniabicyclo[3.2.1]octane	LSM-1268	CHRM1|CHRM2|CHRM3|CHRM4	10uM	HCC515	6h	LINCSCP_20691
LINCSCP_310118	-0.9999999968	5.101123666e-05	3	BRD-K21994180	LSM-38461	NA	30uM	VCAP	6h	LINCSCP_310118
LINCSCP_72066	0.9999999949	6.42923919e-05	3	Dolutegravir (GSK1349572)	LSM-45596	NA	3.33uM	A375	24h	LINCSCP_72066
LINCSCP_48428	-0.9999999935	7.230898548e-05	3	BRD-K19677752	LSM-9619	NA	10uM	PC3	24h	LINCSCP_48428
LINCSCP_146931	-0.9999999909	8.601011262e-05	3	Anacardic acid	LSM-6320	NA	0.12uM	NEU	24h	LINCSCP_146931
LINCSCP_68156	0.9999999858	0.0001071238203	3	Trichostatin A, Streptomyces Sp.	LSM-42814	HDAC1|HDAC10|HDAC3|HDAC4|HDAC6|HDAC7|HDAC8	0.5uM	PC3	24h	LINCSCP_68156
LINCSCP_44279	0.9999999796	0.0001286691123	3	(+)-Camptothecin	LSM-1442	TOP1	10uM	PC3	6h	LINCSCP_44279
LINCSCP_134182	-0.999999977	0.0001365831153	3	HMN-214	LSM-42802	CSF1R|FLT1|FLT3|FLT4|KDR|KIT|PDGFRB|RET	3.33uM	MCF7	24h	LINCSCP_134182
LINCSCP_176625	0.9999999753	0.0001414708791	3	Piperidolate	LSM-1951	CHRM1	10uM	A375	6h	LINCSCP_176625
LINCSCP_31618	0.9999999739	0.0001453944471	3	Toremifene	LSM-42973	ESR1|ESR2	10uM	MCF7	24h	LINCSCP_31618
LINCSCP_49403	-0.999999972	0.0001507148117	3	Curcumin	LSM-43083	PTGS1|PTGS2	0.1uM	PC3	24h	LINCSCP_49403
LINCSCP_75514	0.9999999687	0.0001593765449	3	Tasisulam	LSM-45766	NA	1.11uM	A375	24h	LINCSCP_75514
LINCSCP_89658	0.9999999676	0.0001619756363	3	AMIKACIN HYDRATE	LSM-45899	NA	1.11uM	HA1E	24h	LINCSCP_89658
LINCSCP_96540	0.9999999668	0.0001640769653	3	Maxacalcitol-D6	LSM-45401	NA	10uM	HA1E	24h	LINCSCP_96540
LINCSCP_158822	-0.999999966	0.0001659674671	3	Scopolamine	LSM-1684	CHRM1|CHRM2|CHRM3|CHRM4	0.04uM	PC3	24h	LINCSCP_158822
LINCSCP_20879	-0.9999999652	0.0001679294784	3	MLS004683642	LSM-36755	KEAP1	33.33uM	HCC515	24h	LINCSCP_20879
LINCSCP_15941	-0.9999999579	0.0001848242301	3	Dicloxacillin	LSM-5234	NA	10uM	HA1E	6h	LINCSCP_15941
LINCSCP_39932	0.9999999542	0.0001927151445	3	Dactolisib	LSM-4255	MTOR|PIK3CA|PIK3CB|PIK3CD|PIK3CG|PIK3R1|PIK3R2|PIK3R3|PIK3R5	0.5uM	NCIH1836	6h	LINCSCP_39932
LINCSCP_171212	-0.9999999483	0.0002046920987	3	PF-03758309	LSM-4254	PAK4	0.12uM	YAPC	24h	LINCSCP_171212
LINCSCP_86504	0.9999999479	0.0002055767913	3	rifampicin	NA	NA	1.11uM	BT20	3h	LINCSCP_86504
LINCSCP_36177	0.9999999427	0.0002154268059	3	Withaferin A	LSM-6685	IKBKB|NAMPT	0.001uM	MCF7	6h	LINCSCP_36177
LINCSCP_8869	-0.9999999417	0.0002173423329	3	BRD-K03050720	LSM-14685	NA	10uM	A549	24h	LINCSCP_8869
LINCSCP_125760	-0.9999999379	0.000224313864	3	Cyclosporin A	LSM-42829	PPIA|PPP3CA	1.11uM	HT29	24h	LINCSCP_125760
LINCSCP_53918	0.9999999301	0.0002380978464	3	ST021200	LSM-4601	NA	10uM	SNUC5	6h	LINCSCP_53918
LINCSCP_31242	-0.9999999238	0.0002485202081	3	MLS002264472	LSM-2073	NA	10uM	MCF7	6h	LINCSCP_31242
LINCSCP_68828	0.9999999197	0.0002550599263	3	LY-294002	LSM-2597	MTOR|PIK3CA|PIK3CB|PIK3CD|PIK3CG|PLK1|PRKDC	10uM	VCAP	24h	LINCSCP_68828
LINCSCP_70707	-0.9999999185	0.0002570083185	3	Veliparib	LSM-1146	PARP1|PARP2	0.37uM	A375	24h	LINCSCP_70707
LINCSCP_43612	-0.9999999028	0.0002807558318	3	Spermidine	LSM-37075	NA	10uM	NPC	6h	LINCSCP_43612
LINCSCP_62644	-0.999999899	0.0002861450015	3	BRD-K33544525	LSM-10462	NA	5uM	VCAP	24h	LINCSCP_62644
LINCSCP_258093	0.9999998815	0.0003098956368	3	SUGA1_008424	LSM-36671	NA	10uM	NEU	24h	LINCSCP_258093
LINCSCP_133134	0.9999998792	0.0003128816475	3	CHEMBL585951	LSM-36386	MAPK8	3.33uM	MCF7	3h	LINCSCP_133134
LINCSCP_37489	0.9999998743	0.0003191938317	3	Vorinostat	LSM-3828	HDAC1|HDAC2|HDAC3|HDAC6|HDAC8	3uM	MCF7	24h	LINCSCP_37489
LINCSCP_17473	0.9999998729	0.0003209302765	3	MK-5108	LSM-36812	AURKA|AURKB	1.11uM	HA1E	24h	LINCSCP_17473
LINCSCP_37869	0.9999998655	0.0003301293302	3	BRD-K04856990	LSM-37532	NA	10uM	MCF7	24h	LINCSCP_37869
LINCSCP_42954	-0.9999998518	0.0003466251944	3	CHEMBL2132570	LSM-37762	NA	10uM	NPC	24h	LINCSCP_42954
LINCSCP_68764	0.9999998402	0.0003598778401	3	LY-294002	LSM-2597	MTOR|PIK3CA|PIK3CB|PIK3CD|PIK3CG|PLK1|PRKDC	10uM	VCAP	24h	LINCSCP_68764
LINCSCP_13050	-0.9999998339	0.000366969687	3	Didesmethylimipramine	LSM-37238	NA	10uM	FIBRNPC	24h	LINCSCP_13050
LINCSCP_311353	-0.9999998334	0.000367522345	3	BRD-K76528265	LSM-41454	NA	10uM	VCAP	24h	LINCSCP_311353
LINCSCP_72215	-0.9999998214	0.0003804720239	3	Diflunisal	LSM-2490	PTGS1|PTGS2	3.33uM	A375	24h	LINCSCP_72215
LINCSCP_173551	-0.9999998195	0.0003825215193	3	Maxacalcitol-D6	LSM-45401	NA	1.11uM	YAPC	24h	LINCSCP_173551
LINCSCP_53567	-0.9999998057	0.0003968263368	3	CHEMBL1434137	LSM-6234	RARG	40uM	SNGM	6h	LINCSCP_53567
LINCSCP_81686	-0.9999998021	0.0004005186065	3	TORIN1	LSM-1079	MTOR	0.04uM	A549	24h	LINCSCP_81686
LINCSCP_241579	-0.9999998016	0.0004010321428	3	2-Propenoic acid, 3-[4-(1H-imidazol-1-ylmethyl)phenyl]-, (z)-	LSM-2442	TBXAS1	10uM	MCF7	24h	LINCSCP_241579
LINCSCP_285547	-0.9999998001	0.000402546035	3	MLS006011051	LSM-42801	BRAF	10uM	SKBR3	6h	LINCSCP_285547
LINCSCP_148457	0.9999997815	0.0004208782886	3	Tivozanib	LSM-1005	FLT1|FLT4|KDR|KIT|PDGFRA|PDGFRB	0.37uM	NPC	24h	LINCSCP_148457
LINCSCP_35334	-0.999999762	0.0004392135797	3	BRD-K55149044	LSM-6839	NA	10uM	MCF7	24h	LINCSCP_35334
LINCSCP_73201	-0.999999761	0.0004401747399	3	2-Methoxyestradiol	LSM-45490	NA	0.12uM	A375	24h	LINCSCP_73201
LINCSCP_62412	-0.9999997554	0.000445285713	3	BRD-K80940272	LSM-13383	NA	5uM	VCAP	6h	LINCSCP_62412
LINCSCP_48717	-0.9999997176	0.0004784264801	3	BRD-K02549628	LSM-37415	NA	10uM	PC3	24h	LINCSCP_48717
LINCSCP_53570	-0.999999693	0.0004988226626	3	Isoliquiritigenin	LSM-43093	GABBR1	10uM	SNGM	6h	LINCSCP_53570
LINCSCP_175033	-0.9999996751	0.0005132194449	3	Phentolamine	LSM-4022	ADRA1A|ADRA1B|ADRA1D|ADRA2A|ADRA2B|ADRA2C	0.37uM	YAPC	24h	LINCSCP_175033
LINCSCP_26388	0.9999996525	0.0005307113094	3	BAS 00535043	LSM-44976	NA	10uM	HT29	6h	LINCSCP_26388
LINCSCP_48885	-0.9999996346	0.0005442543217	3	BRD-K57328348	LSM-40414	NA	10uM	PC3	6h	LINCSCP_48885
LINCSCP_60671	-0.9999996314	0.0005465781342	3	BRD-K27835062	LSM-7203	NA	5uM	VCAP	6h	LINCSCP_60671
LINCSCP_43105	-0.9999996185	0.0005560891199	3	BRD-K20126873	LSM-38355	NA	10uM	NPC	24h	LINCSCP_43105
LINCSCP_15063	0.9999995782	0.000584724554	3	SCHEMBL2394914	LSM-3083	EGFR	10uM	HA1E	24h	LINCSCP_15063
LINCSCP_54264	-0.9999995671	0.0005923851396	3	MLS002460474	LSM-3256	NA	10uM	SW620	6h	LINCSCP_54264
LINCSCP_64359	0.9999995627	0.0005953651047	3	MLS003128721	LSM-9006	NA	5uM	VCAP	6h	LINCSCP_64359
LINCSCP_174489	-0.9999995367	0.0006128262299	3	Probucol	LSM-3617	ABCA1	0.12uM	YAPC	24h	LINCSCP_174489
LINCSCP_54750	-0.9999995317	0.0006161015697	3	HLI-373	LSM-6225	MDM2	10uM	T3M10	6h	LINCSCP_54750
LINCSCP_25663	-0.9999995283	0.0006183093398	3	NUTLIN 3	LSM-4288	MDM2	40uM	HT29	6h	LINCSCP_25663
LINCSCP_11384	0.9999995223	0.0006222729403	3	SMP2_000249	LSM-1820	ATP1A1	10uM	ASC	24h	LINCSCP_11384
LINCSCP_37330	-0.9999994891	0.0006435255369	3	SCHEMBL17783882	LSM-39458	NA	1uM	MCF7	6h	LINCSCP_37330
LINCSCP_231841	-0.9999994723	0.0006540271817	3	BRD-K73533033	LSM-41266	NA	5uM	HT29	24h	LINCSCP_231841
LINCSCP_40345	0.9999994695	0.0006557367822	3	MLS002699429	LSM-44942	NA	40uM	NCIH596	6h	LINCSCP_40345
LINCSCP_131286	-0.9999994538	0.0006653695873	3	CHEMBL2136735	LSM-1152	FGFR1|FGFR3|FLT1|FLT4|KDR|PDGFRA|PDGFRB	1.11uM	MCF10A	24h	LINCSCP_131286
LINCSCP_108713	-0.9999994377	0.0006751098333	3	Epothilone B (EPO906, Patupilone)	LSM-46001	NA	10uM	HELA	24h	LINCSCP_108713
LINCSCP_53568	-0.9999994	0.0006973968008	3	GF-109203	LSM-2677	PRKCA	10uM	SNGM	6h	LINCSCP_53568
LINCSCP_9910	-0.9999993983	0.0006983935369	3	COL-3	LSM-36908	NA	0.5uM	A549	6h	LINCSCP_9910
LINCSCP_150378	-0.9999993948	0.0007003776724	3	VX-745	LSM-1169	MAPK14	0.37uM	NPC.TAK	24h	LINCSCP_150378
LINCSCP_62500	0.9999993731	0.0007128263449	3	BRD-K10654753	LSM-9068	NA	5uM	VCAP	6h	LINCSCP_62500
LINCSCP_4393	-0.9999993679	0.0007157721031	3	Fluphenazine	LSM-3226	DRD1|DRD2	10uM	A549	6h	LINCSCP_4393
LINCSCP_83808	-0.9999993414	0.0007306426822	3	SB-203580	LSM-1168	MAPK1|MAPK11|MAPK14	1.11uM	ASC.C	24h	LINCSCP_83808
LINCSCP_239497	0.9999993357	0.0007338004912	3	ST50998710	LSM-43133	NA	10uM	MCF7	24h	LINCSCP_239497
LINCSCP_174623	-0.9999993207	0.0007420493813	3	179324-69-7	LSM-6281	ADRM1|PSMA1|PSMA2|PSMA3|PSMA4|PSMA5|PSMA6|PSMA7|PSMA8|PSMB1|PSMB10|PSMB11|PSMB2|PSMB3|PSMB4|PSMB5|PSMB6|PSMB7|PSMB8|PSMB9|PSMC1|PSMC2|PSMC3|PSMC4|PSMC5|PSMC6|PSMD1|PSMD11|PSMD12|PSMD13|PSMD14|PSMD2|PSMD3|PSMD4|PSMD6|PSMD7|PSMD8|SEM1	20uM	YAPC	24h	LINCSCP_174623
LINCSCP_25118	-0.9999993196	0.0007426261628	3	TH02453-036-P1	LSM-6273	NA	10uM	HT115	6h	LINCSCP_25118
LINCSCP_30660	-0.9999993089	0.0007484345702	3	GW843682X	LSM-1014	PLK1|PLK3	10uM	MCF7	24h	LINCSCP_30660
LINCSCP_50931	0.9999992962	0.0007552941357	3	Dactolisib	LSM-4255	MTOR|PIK3CA|PIK3CB|PIK3CD|PIK3CG|PIK3R1|PIK3R2|PIK3R3|PIK3R5	0.5uM	RMGI	6h	LINCSCP_50931
LINCSCP_124778	-0.9999992954	0.0007557240632	3	AZD1981	LSM-45513	PTGDR2	0.37uM	HT29	24h	LINCSCP_124778
LINCSCP_151705	0.999999268	0.0007702981785	3	MLN-0128	LSM-1206	MTOR	1.11uM	PC3	24h	LINCSCP_151705
LINCSCP_176089	-0.9999992211	0.0007945623304	3	Isoconazole	LSM-6515	NA	10uM	YAPC	24h	LINCSCP_176089
LINCSCP_75127	-0.9999992063	0.0008020978286	3	JNJ-38877605	LSM-1157	MET	1.11uM	A375	24h	LINCSCP_75127
LINCSCP_259338	-0.9999992017	0.0008044206131	3	BRD-K77644833	LSM-41505	NA	10uM	NEU	24h	LINCSCP_259338
LINCSCP_73820	-0.9999991758	0.0008173727761	3	SN-38	LSM-45563	NA	1.11uM	A375	24h	LINCSCP_73820
LINCSCP_70073	-0.9999991746	0.000817931483	3	Iniparib	LSM-6317	PARP1	1.11uM	A375	24h	LINCSCP_70073
LINCSCP_88205	-0.9999991574	0.0008264097529	3	Imatinib	LSM-1023	ABL1|BCR|CSF1R|KIT|PDGFRA|PDGFRB	10uM	HA1E	24h	LINCSCP_88205
LINCSCP_6454	-0.9999991355	0.0008370799399	3	MLS006011051	LSM-42801	BRAF	10uM	A549	24h	LINCSCP_6454
LINCSCP_62845	-0.9999991326	0.000838508184	3	CHEMBL3184674	LSM-8534	NA	5uM	VCAP	24h	LINCSCP_62845
LINCSCP_33640	0.9999991138	0.0008475573907	3	Fenofibrate	LSM-3107	PPARA	10uM	MCF7	24h	LINCSCP_33640
LINCSCP_129829	0.999999089	0.0008593029017	3	MK-2206	LSM-1057	AKT1|AKT2|AKT3	10uM	LNCAP	24h	LINCSCP_129829
LINCSCP_100077	-0.9999990766	0.0008651360478	3	TPCA-1	LSM-1136	IKBKB	3.33uM	HCC515	24h	LINCSCP_100077
LINCSCP_125266	-0.9999990687	0.0008688596784	3	Repaglinide	LSM-3863	ABCC8|KCNJ11	10uM	HT29	24h	LINCSCP_125266
LINCSCP_133418	0.9999990676	0.0008693662786	3	Allitinib	LSM-1225	NA	10uM	MCF7	24h	LINCSCP_133418
LINCSCP_280321	-0.9999990646	0.0008707519872	3	BRD-K89097220	LSM-45319	NA	0.04uM	PC3	24h	LINCSCP_280321
LINCSCP_5217	0.9999990331	0.0008852697411	3	MLS003448169	LSM-2164	NA	10uM	A549	6h	LINCSCP_5217
LINCSCP_12973	-0.9999990086	0.0008964202941	3	MK-2206	LSM-1057	AKT1|AKT2|AKT3	10uM	EFO27	6h	LINCSCP_12973
LINCSCP_162400	-0.9999990073	0.0008970434419	3	EMD-1214063	LSM-45557	MET	1.11uM	PC3	24h	LINCSCP_162400
LINCSCP_90	0.9999989684	0.000914422232	3	Pindolol	LSM-1953	ADRB1|ADRB2|HTR1A	10uM	A375	6h	LINCSCP_90
LINCSCP_150855	0.9999989163	0.0009372348578	3	CGP 60474	LSM-1025	CDK1	1.11uM	PC3	24h	LINCSCP_150855
LINCSCP_104300	-0.9999989159	0.0009374169913	3	Adapalene	LSM-37048	RARA|RARB|RARG	0.37uM	HELA	24h	LINCSCP_104300
LINCSCP_137939	-0.9999988791	0.0009531866992	3	Dinaciclib	LSM-6306	CDK1|CDK2|CDK5|CDK9	0.04uM	MCF7	24h	LINCSCP_137939
LINCSCP_38133	-0.9999988776	0.000953816727	3	Vinblastine	LSM-1647	TUBB	3uM	MCF7	24h	LINCSCP_38133
LINCSCP_66552	0.9999988714	0.0009564770419	3	Wortmannin	LSM-3947	PIK3CA|PIK3CG|PLK1	10uM	A549	6h	LINCSCP_66552
LINCSCP_50822	-0.9999988534	0.0009640468093	3	AZD-2014	LSM-5754	MTOR	10uM	RKO	6h	LINCSCP_50822
LINCSCP_54359	-0.9999988262	0.0009754231216	3	CL-976	LSM-6282	ACAT1	80uM	SW620	6h	LINCSCP_54359
LINCSCP_153559	-0.9999987956	0.0009880523801	3	Dextromethorphan	LSM-2726	GRIN2A|SIGMAR1|SLC6A4	3.33uM	PC3	24h	LINCSCP_153559
LINCSCP_33405	-0.9999987917	0.0009896478929	3	GSK 3BETA Inhibitor VIII	LSM-3514	GSK3B	10uM	MCF7	24h	LINCSCP_33405
LINCSCP_57875	-0.9999987787	0.0009949644559	3	SR3335	LSM-2456	RORA	10uM	VCAP	6h	LINCSCP_57875
LINCSCP_44749	-0.9999987673	0.0009995938702	3	SB258585	LSM-3812	HTR6	10uM	PC3	24h	LINCSCP_44749
LINCSCP_39507	0.9999987619	0.001001797514	3	Cyclohexanecarboxamide, 4-(1-aminoethyl)-n-4-pyridinyl-, trans-	LSM-1177	ROCK1|ROCK2	0.5uM	MDAMB231	6h	LINCSCP_39507
LINCSCP_165224	-0.9999987305	0.001014412339	3	WHI-P97	LSM-1033	JAK3	1.11uM	SKL.C	24h	LINCSCP_165224
LINCSCP_32487	-0.9999986737	0.001036864315	3	BRD-K41668190	LSM-45105	NA	10uM	MCF7	24h	LINCSCP_32487
LINCSCP_33943	-0.999998664	0.00104062317	3	BRD-K90417362	LSM-42205	NA	10uM	MCF7	24h	LINCSCP_33943
LINCSCP_157158	0.9999986198	0.001057706998	3	179324-69-7	LSM-6281	ADRM1|PSMA1|PSMA2|PSMA3|PSMA4|PSMA5|PSMA6|PSMA7|PSMA8|PSMB1|PSMB10|PSMB11|PSMB2|PSMB3|PSMB4|PSMB5|PSMB6|PSMB7|PSMB8|PSMB9|PSMC1|PSMC2|PSMC3|PSMC4|PSMC5|PSMC6|PSMD1|PSMD11|PSMD12|PSMD13|PSMD14|PSMD2|PSMD3|PSMD4|PSMD6|PSMD7|PSMD8|SEM1	20uM	PC3	24h	LINCSCP_157158
LINCSCP_3839	0.9999986098	0.001061515949	3	BG-51	LSM-45301	HDAC3	1.11uM	A375	24h	LINCSCP_3839
LINCSCP_106829	-0.9999985787	0.001073357469	3	AS-605240	LSM-42784	PIK3CG	0.04uM	HELA	24h	LINCSCP_106829
LINCSCP_75287	0.9999985765	0.001074167926	3	Conivaptan HCl	LSM-45291	NA	1.11uM	A375	24h	LINCSCP_75287
LINCSCP_65242	-0.9999985669	0.001077775149	3	MLS003129405	LSM-15119	NA	10uM	VCAP	24h	LINCSCP_65242
LINCSCP_32932	-0.9999985476	0.001085028118	3	Albendazole	LSM-3782	NA	10uM	MCF7	24h	LINCSCP_32932
LINCSCP_165127	-0.9999985394	0.001088091202	3	CC-401	LSM-1186	NA	3.33uM	SKL.C	24h	LINCSCP_165127
LINCSCP_129468	0.9999985009	0.00110231181	3	Ipatasertib	LSM-6341	AKT1|AKT2|AKT3	0.04uM	JURKAT	24h	LINCSCP_129468
LINCSCP_10339	0.9999984929	0.001105247137	3	CHEMBL3186197	LSM-6215	IGF1R|INSR	10uM	A673	6h	LINCSCP_10339
LINCSCP_245122	0.9999984929	0.00110524775	3	Withaferin A	LSM-6685	IKBKB|NAMPT	0.1uM	MCF7	6h	LINCSCP_245122
LINCSCP_4338	0.9999984672	0.001114665007	3	Triprolidine	LSM-42877	HRH1	10uM	A549	6h	LINCSCP_4338
LINCSCP_128148	-0.9999984648	0.001115527973	3	COT Inhibitor-2	LSM-1154	NA	10uM	HUES3	24h	LINCSCP_128148
LINCSCP_62502	0.9999984535	0.001119605338	3	BRD-K11631766	LSM-9137	NA	5uM	VCAP	6h	LINCSCP_62502
LINCSCP_104496	-0.9999983888	0.001142800726	3	Pentamidine	LSM-4540	NA	3.33uM	HELA	24h	LINCSCP_104496
LINCSCP_12945	-0.9999983725	0.00114855977	3	GF-109203	LSM-2677	PRKCA	10uM	EFO27	6h	LINCSCP_12945
LINCSCP_50209	-0.9999983389	0.001160355034	3	Acepromazine	LSM-4609	NA	10uM	PHH	24h	LINCSCP_50209
LINCSCP_32821	-0.9999982853	0.001178935274	3	Oxfendazole	LSM-1466	NA	10uM	MCF7	24h	LINCSCP_32821
LINCSCP_54465	-0.9999982819	0.001180092509	3	TL_HRAS26	LSM-2013	NA	10uM	SW948	6h	LINCSCP_54465
LINCSCP_141344	-0.9999982408	0.001194122656	3	Prosteride	LSM-1842	SRD5A1|SRD5A2	0.37uM	MCF7	24h	LINCSCP_141344
LINCSCP_65341	-0.9999982246	0.001199610469	3	BRD-K75828577	LSM-41397	NA	10uM	VCAP	24h	LINCSCP_65341
LINCSCP_249420	-0.9999982169	0.001202209628	3	BRD-K12025316	LSM-37890	NA	5uM	MCF7	24h	LINCSCP_249420
LINCSCP_259177	-0.9999981776	0.001215395758	3	BRD-K06816133	LSM-37634	NA	10uM	NEU	24h	LINCSCP_259177
LINCSCP_10388	0.9999981693	0.001218168494	3	Cerulenin	LSM-43210	FASN	40uM	A673	6h	LINCSCP_10388
LINCSCP_174473	-0.999998146	0.001225889267	3	EVP-6124 (hydrochloride)	LSM-45538	CHRFAM7A|CHRNA7	10uM	YAPC	24h	LINCSCP_174473
LINCSCP_239135	0.9999981222	0.001233727174	3	Rosiglitazone	LSM-1949	PPARG	10uM	MCF7	6h	LINCSCP_239135
LINCSCP_156718	0.9999981127	0.00123685037	3	179324-69-7	LSM-6281	ADRM1|PSMA1|PSMA2|PSMA3|PSMA4|PSMA5|PSMA6|PSMA7|PSMA8|PSMB1|PSMB10|PSMB11|PSMB2|PSMB3|PSMB4|PSMB5|PSMB6|PSMB7|PSMB8|PSMB9|PSMC1|PSMC2|PSMC3|PSMC4|PSMC5|PSMC6|PSMD1|PSMD11|PSMD12|PSMD13|PSMD14|PSMD2|PSMD3|PSMD4|PSMD6|PSMD7|PSMD8|SEM1	20uM	PC3	24h	LINCSCP_156718
LINCSCP_157506	-0.9999980945	0.001242807973	3	LY2228820	LSM-45439	MAPK14	3.33uM	PC3	24h	LINCSCP_157506
LINCSCP_45311	0.999998091	0.001243947708	3	SMR000076922	LSM-3142	NA	10uM	PC3	24h	LINCSCP_45311
LINCSCP_92620	0.9999980862	0.001245509465	3	TG 100801	LSM-45980	BLK|EPHB4|FGFR1|FGFR2|FGR|FLT1|FRK|FYN|HCK|KDR|LCK|LYN|PDGFRB|SRC|SRMS|YES1	3.33uM	HA1E	24h	LINCSCP_92620
LINCSCP_263230	-0.9999980728	0.001249856142	3	BRD-K51329831	LSM-40100	NA	10uM	NPC	24h	LINCSCP_263230
LINCSCP_2038	-0.9999980209	0.001266565384	3	BRD-K56596360	LSM-40377	NA	10uM	A375	6h	LINCSCP_2038
LINCSCP_51724	-0.9999979644	0.001284534608	3	MLN-8054	LSM-1066	AURKA	10uM	SKBR3	6h	LINCSCP_51724
LINCSCP_1626	0.9999979531	0.001288087122	3	SR-03000001971	LSM-43027	NA	10uM	A375	6h	LINCSCP_1626
LINCSCP_155203	0.9999978833	0.00130986075	3	PI-103	LSM-1126	MTOR|PIK3CA|PIK3CB|PIK3CD|PIK3CG	0.12uM	PC3	24h	LINCSCP_155203
LINCSCP_5168	0.9999978209	0.001329026571	3	7-Bromo-1,2,3,9-tetrahydropyrrolo[2,1-b]quinazoline	LSM-3873	NA	10uM	A549	6h	LINCSCP_5168
LINCSCP_125100	-0.9999978166	0.001330341312	3	BRD-A99911370	LSM-45442	NA	1.11uM	HT29	24h	LINCSCP_125100
LINCSCP_171487	-0.9999978157	0.001330621134	3	Nimodipine	LSM-1659	CACNA1C|CACNA1D|CACNA1F|CACNA1S|NR3C2	0.04uM	YAPC	24h	LINCSCP_171487
LINCSCP_5953	-0.9999978067	0.00133333887	3	BRD-K45842176	LSM-36685	NA	10uM	A549	24h	LINCSCP_5953
LINCSCP_143282	-0.9999977881	0.001338982082	3	cortisone-acetate	LSM-45387	TUBA1A|TUBA1B|TUBA1C|TUBA3E|TUBA4A|TUBB|TUBB1|TUBB2A|TUBB2B|TUBB3|TUBB4A|TUBB4B|TUBB6|TUBB8	0.37uM	MCF7	24h	LINCSCP_143282
LINCSCP_12900	-0.9999977845	0.001340075696	3	BRD-A69951442-001-01-3	LSM-4466	NR3C1	10uM	EFO27	6h	LINCSCP_12900
LINCSCP_127637	-0.9999977303	0.001356370837	3	Bexarotene	LSM-45378	RXRA|RXRB|RXRG	3.33uM	HT29	24h	LINCSCP_127637
LINCSCP_146609	-0.9999976976	0.001366104718	3	761437-28-9	LSM-1208	NA	10uM	NEU	24h	LINCSCP_146609
LINCSCP_237411	0.9999976922	0.001367705057	3	ZINC04171744	LSM-3586	NA	10uM	MCF7	24h	LINCSCP_237411
LINCSCP_80013	0.9999976904	0.00136823566	3	Aniracetam	LSM-3969	DRD2|GRIA1|GRIA2|GRIA3|HTR2A	10uM	A375	24h	LINCSCP_80013
LINCSCP_234173	0.9999976442	0.001381850938	3	CHEMBL1434137	LSM-6234	RARG	40uM	JHUEM2	6h	LINCSCP_234173
LINCSCP_85369	0.9999976388	0.001383441272	3	Dactolisib	LSM-4255	MTOR|PIK3CA|PIK3CB|PIK3CD|PIK3CG|PIK3R1|PIK3R2|PIK3R3|PIK3R5	3.33uM	BT20	24h	LINCSCP_85369
LINCSCP_13617	-0.9999976154	0.001390283884	3	Nomilin	LSM-1294	NA	10uM	HA1E	24h	LINCSCP_13617
LINCSCP_19117	0.9999976065	0.001392885007	3	Ilomastat	LSM-3143	NA	10uM	HCC515	6h	LINCSCP_19117
LINCSCP_130606	-0.999997596	0.00139592554	3	AZD-6482	LSM-1059	PIK3CA|PIK3CB|PIK3CD|PIK3CG|PIK3R1|PIK3R2|PIK3R3|PIK3R5	0.04uM	MCF10A	24h	LINCSCP_130606
LINCSCP_22269	0.9999975754	0.001401906684	3	MLS-0435432.0001	LSM-4242	NA	10uM	HEPG2	6h	LINCSCP_22269
LINCSCP_87627	-0.9999975105	0.001420528847	3	AZD-1152-HQPA	LSM-1067	AURKA|AURKB	0.12uM	HA1E	24h	LINCSCP_87627
LINCSCP_111304	-0.9999975059	0.001421845454	3	PHA-665752	LSM-42793	MET	0.37uM	HEPG2	24h	LINCSCP_111304
LINCSCP_39162	0.9999974751	0.001430591494	3	Seliciclib	LSM-1001	CDK1|CDK2|CDK5|CDK7|CDK9	10uM	MDAMB231	6h	LINCSCP_39162
LINCSCP_85825	-0.9999974677	0.001432696458	3	GW843682X	LSM-1014	PLK1|PLK3	3.33uM	BT20	24h	LINCSCP_85825
LINCSCP_206310	0.9999974418	0.001439996473	3	GANT58	LSM-4911	GLI1	10uM	COV644	6h	LINCSCP_206310
LINCSCP_9973	-0.9999974363	0.001441547397	3	ENMD-2076	LSM-45335	AURKA|AURKB|CSF1R|FGFR3|FLT3|KDR|KIT|PDGFRA|SRC	3.33uM	A549	24h	LINCSCP_9973
LINCSCP_224124	-0.9999973798	0.001457357465	3	Minoxidil	LSM-2134	ABCC9|KCNJ11|KCNJ8	10uM	HT29	6h	LINCSCP_224124
LINCSCP_121894	-0.9999973515	0.001465184429	3	Colchicine	LSM-5199	TUBA1A|TUBA1B|TUBA1C|TUBA3E|TUBA4A|TUBB|TUBB1|TUBB2A|TUBB2B|TUBB3|TUBB4A|TUBB4B|TUBB6|TUBB8	0.04uM	HT29	24h	LINCSCP_121894
LINCSCP_130313	-0.999997315	0.001475266456	3	CHEMBL585951	LSM-36386	MAPK8	0.04uM	LNCAP	3h	LINCSCP_130313
LINCSCP_52296	-0.9999972949	0.001480766212	3	PK04_098276	LSM-44591	NA	10uM	SKB	24h	LINCSCP_52296
LINCSCP_51283	-0.9999971684	0.001514999061	3	SB590885	LSM-42746	BRAF	1uM	SKBR3	24h	LINCSCP_51283
LINCSCP_94683	-0.9999970075	0.001557452883	3	TAK-242	LSM-45934	NA	1.11uM	HA1E	24h	LINCSCP_94683
LINCSCP_6989	0.9999969818	0.001564127796	3	PHA-665752	LSM-42793	MET	10uM	A549	6h	LINCSCP_6989
LINCSCP_123810	-0.9999969472	0.001573066478	3	179324-69-7	LSM-6281	ADRM1|PSMA1|PSMA2|PSMA3|PSMA4|PSMA5|PSMA6|PSMA7|PSMA8|PSMB1|PSMB10|PSMB11|PSMB2|PSMB3|PSMB4|PSMB5|PSMB6|PSMB7|PSMB8|PSMB9|PSMC1|PSMC2|PSMC3|PSMC4|PSMC5|PSMC6|PSMD1|PSMD11|PSMD12|PSMD13|PSMD14|PSMD2|PSMD3|PSMD4|PSMD6|PSMD7|PSMD8|SEM1	20uM	HT29	24h	LINCSCP_123810
LINCSCP_54068	-0.99999689	0.001587719373	3	Mesoridazine	LSM-1329	DRD2|HTR2A	10uM	SW620	6h	LINCSCP_54068
LINCSCP_139146	0.9999968424	0.001599839719	3	Dexniguldipine	LSM-15285	NA	10uM	MCF7	24h	LINCSCP_139146
LINCSCP_153901	-0.9999967963	0.001611469796	3	Marimastat	LSM-45636	NA	3.33uM	PC3	24h	LINCSCP_153901
LINCSCP_97842	0.9999967608	0.001620371678	3	Leflunomide	LSM-3771	DHODH	1.11uM	HA1E	24h	LINCSCP_97842
LINCSCP_70323	-0.999996753	0.001622315152	3	Tranylcypromine	LSM-5578	KDM1A|MAOA|MAOB	10uM	A375	24h	LINCSCP_70323
LINCSCP_143026	-0.9999967438	0.001624626919	3	Fluspirilene	LSM-3748	DRD2|HTR2A	0.04uM	MCF7	24h	LINCSCP_143026
LINCSCP_147467	0.9999967419	0.001625079324	3	Ipatasertib	LSM-6341	AKT1|AKT2|AKT3	0.37uM	NPC.CAS9	24h	LINCSCP_147467
LINCSCP_11994	0.9999967285	0.001628440597	3	ZSTK 474	LSM-1053	PIK3CG	10uM	BT20	6h	LINCSCP_11994
LINCSCP_124009	-0.9999966761	0.001641424039	3	Corvasal	LSM-25617	NA	1.11uM	HT29	24h	LINCSCP_124009
LINCSCP_138563	0.9999966546	0.001646706153	3	Anamorelin	LSM-45737	GHSR	0.04uM	MCF7	24h	LINCSCP_138563
LINCSCP_285141	-0.9999966493	0.00164801244	3	CI-1040	LSM-1048	MAP2K1|MAP2K2	0.5uM	SKBR3	6h	LINCSCP_285141
LINCSCP_41585	-0.9999965685	0.001667763457	3	CHIR-99021	LSM-1181	NA	10uM	NEU	6h	LINCSCP_41585
LINCSCP_148425	-0.9999965285	0.00167747136	3	Amuvatinib	LSM-1118	FLT3|KIT|MET|PDGFRA	0.37uM	NPC	24h	LINCSCP_148425
LINCSCP_100041	0.999996483	0.001688411795	3	Y-39983	LSM-1150	ROCK1|ROCK2	0.37uM	HCC515	24h	LINCSCP_100041
LINCSCP_130089	-0.9999964829	0.001688447742	3	SCHEMBL3958507	LSM-5245	COQ8B|EGFR	0.37uM	LNCAP	3h	LINCSCP_130089
LINCSCP_74534	-0.9999964591	0.001694157648	3	Ammonium Glycyrrhizinate	LSM-46003	NA	10uM	A375	24h	LINCSCP_74534
LINCSCP_270765	-0.9999964162	0.00170437679	3	N-[2-(2-Chlorophenyl)-1,3-benzoxazol-5-yl]-2-(4-nitrophenoxy)acetamide	LSM-4652	NA	10uM	PC3	24h	LINCSCP_270765
LINCSCP_195615	-0.9999963941	0.001709622791	3	BRD-K29368169	LSM-10208	NA	5uM	A549	24h	LINCSCP_195615
LINCSCP_22983	0.9999963111	0.001729195733	3	PD-407824	LSM-3862	NA	10uM	HEPG2	6h	LINCSCP_22983
LINCSCP_176480	0.9999962548	0.001742341261	3	Hydroflumethiazide	LSM-5497	SLC12A1|SLC12A3	3uM	A375	6h	LINCSCP_176480
LINCSCP_25840	0.9999962068	0.00175347096	3	Trifluoperazine	LSM-4010	DRD2|DRD3|DRD4|HTR2A|HTR2C	10uM	HT29	6h	LINCSCP_25840
LINCSCP_68251	-0.9999961159	0.001774344708	3	Wortmannin	LSM-3947	PIK3CA|PIK3CG|PLK1	10uM	SW620	6h	LINCSCP_68251
LINCSCP_25458	-0.9999960937	0.001779419328	3	LDN 193189	LSM-1115	ACVR1|BMPR1A	10uM	HT29	24h	LINCSCP_25458
LINCSCP_153767	0.9999960637	0.001786233875	3	Tofacitinib (CP-690550) Citrate	LSM-45505	NA	0.04uM	PC3	24h	LINCSCP_153767
LINCSCP_67987	0.9999960291	0.001794065033	3	Trichostatin A, Streptomyces Sp.	LSM-42814	HDAC1|HDAC10|HDAC3|HDAC4|HDAC6|HDAC7|HDAC8	1uM	PC3	6h	LINCSCP_67987
LINCSCP_38058	-0.9999958992	0.001823183726	3	BRD-K46666779	LSM-15075	NA	3uM	MCF7	6h	LINCSCP_38058
LINCSCP_163373	-0.9999957603	0.001853789716	3	CI-1040	LSM-1048	MAP2K1|MAP2K2	10uM	SKBR3	3h	LINCSCP_163373
LINCSCP_134045	-0.9999957359	0.001859119569	3	MLN-8054	LSM-1066	AURKA	1.11uM	MCF7	24h	LINCSCP_134045
LINCSCP_226841	-0.9999957083	0.001865131374	3	Apoptosis Activator II	LSM-2329	NA	10uM	HT29	6h	LINCSCP_226841
LINCSCP_8668	0.9999956379	0.001880367847	3	BRD-K44787412	LSM-11154	NA	5uM	A549	24h	LINCSCP_8668
LINCSCP_133593	-0.9999956275	0.001882609984	3	AT 7867	LSM-1155	NA	1.11uM	MCF7	24h	LINCSCP_133593
LINCSCP_1055	-0.9999955949	0.00188960701	3	ML100	LSM-6293	NA	10uM	A375	6h	LINCSCP_1055
LINCSCP_3110	-0.9999955104	0.001907644485	3	Carbamazepine	LSM-3610	SCN10A|SCN11A|SCN1A|SCN2A|SCN3A|SCN4A|SCN5A|SCN7A|SCN8A|SCN9A	10uM	A375	6h	LINCSCP_3110
LINCSCP_107825	-0.9999954603	0.001918269863	3	Thioguanine	LSM-6723	NA	10uM	HELA	24h	LINCSCP_107825
LINCSCP_52439	0.9999953842	0.001934270088	3	SCHEMBL16980224	LSM-1092	AURKA	10uM	SKB	24h	LINCSCP_52439
LINCSCP_33346	-0.9999953326	0.00194505675	3	Estriol	LSM-2368	ESR1|ESR2	10uM	MCF7	24h	LINCSCP_33346
LINCSCP_28209	-0.9999952685	0.001958364415	3	BRD-K14095788	LSM-37992	NA	10uM	HT29	24h	LINCSCP_28209
LINCSCP_47279	-0.999995175	0.001977621815	3	Ketoconazole	LSM-5148	AR|CYP19A1	10uM	PC3	24h	LINCSCP_47279
LINCSCP_94483	0.9999951593	0.001980843443	3	Enalapril	LSM-3282	ACE	0.04uM	HA1E	24h	LINCSCP_94483
LINCSCP_38940	-0.9999951298	0.001986864513	3	PDK1 Inhibitor	LSM-1081	PDPK1	0.5uM	MDAMB231	24h	LINCSCP_38940
LINCSCP_208392	-0.9999950949	0.001993969267	3	8R-Lisuride	LSM-3984	ADRA2A|ADRA2B|ADRA2C|DRD1|DRD2|DRD3|DRD4|DRD5|HTR1A|HTR1B|HTR1D|HTR2A|HTR2B|HTR2C	10uM	HA1E	24h	LINCSCP_208392
LINCSCP_35371	0.9999950693	0.001999171949	3	BRD-K87838848	LSM-13816	NA	10uM	MCF7	24h	LINCSCP_35371
LINCSCP_89560	0.9999950635	0.002000350323	3	Dutasteride	LSM-45861	SRD5A1|SRD5A2|SRD5A3	10uM	HA1E	24h	LINCSCP_89560
LINCSCP_293888	-0.9999950435	0.002004388092	3	Mifepristone	LSM-2822	AR|NR3C1|PGR	10uM	VCAP	24h	LINCSCP_293888
LINCSCP_117092	0.9999949469	0.002023839209	3	BRD-A25736793	LSM-43054	MTOR	3.33uM	HT29	24h	LINCSCP_117092
LINCSCP_128245	-0.9999948334	0.002046431837	3	FR-180204	LSM-42790	MAPK1|MAPK3	0.04uM	HUES3	24h	LINCSCP_128245
LINCSCP_176016	-0.9999948253	0.002048032863	3	Bexarotene	LSM-45378	RXRA|RXRB|RXRG	0.04uM	YAPC	24h	LINCSCP_176016
LINCSCP_114790	-0.9999946937	0.002073907218	3	Mitoxantrone	LSM-2481	TOP2A	0.37uM	HS578T	24h	LINCSCP_114790
LINCSCP_152203	0.9999946284	0.002086632216	3	SCHEMBL16980224	LSM-1092	AURKA	10uM	PC3	24h	LINCSCP_152203
LINCSCP_54735	-0.9999946184	0.002088586368	3	7-Nitroindazole	LSM-5222	NA	80uM	T3M10	6h	LINCSCP_54735
LINCSCP_225943	0.999994555	0.00210085053	3	4-[(5-Bromoquinolin-8-yl)amino]-4-oxobutanoic acid	LSM-4561	NA	10uM	HT29	6h	LINCSCP_225943
LINCSCP_43822	0.999994412	0.002128247213	3	Trichostatin A, Streptomyces Sp.	LSM-42814	HDAC1|HDAC10|HDAC3|HDAC4|HDAC6|HDAC7|HDAC8	0.5uM	PC3	6h	LINCSCP_43822
LINCSCP_19918	-0.9999944009	0.002130365071	3	Triazolothiadiazine, 29	LSM-3455	NA	10uM	HCC515	6h	LINCSCP_19918
LINCSCP_41175	-0.9999943189	0.002145917974	3	CHEMBL27449	LSM-36998	NA	10uM	NEU	24h	LINCSCP_41175
LINCSCP_39564	0.9999942903	0.002151309597	3	EX-8678	LSM-1147	NA	0.1uM	MDAMB231	6h	LINCSCP_39564
LINCSCP_15344	0.999994279	0.002153433166	3	SRT-1720	LSM-42691	SIRT1	10uM	HA1E	24h	LINCSCP_15344
LINCSCP_142687	-0.9999942517	0.002158561386	3	D-Serine	LSM-45895	NA	1.11uM	MCF7	24h	LINCSCP_142687
LINCSCP_12038	-0.9999942106	0.002166270109	3	SB 239063	LSM-44951	MAPK11|MAPK14	0.5uM	BT20	6h	LINCSCP_12038
LINCSCP_56042	-0.9999941767	0.002172593102	3	Probucol	LSM-3617	ABCA1	10uM	VCAP	24h	LINCSCP_56042
LINCSCP_112896	0.9999941637	0.002175019368	3	SCHEMBL15556278	LSM-1002	DDR1	10uM	HEPG2	24h	LINCSCP_112896
LINCSCP_19357	-0.999994153	0.002177016189	3	Vemurafenib	LSM-1068	BRAF	10uM	HCC515	24h	LINCSCP_19357
LINCSCP_83848	-0.9999941482	0.002177905255	3	CHEMBL1950303	LSM-1058	NA	10uM	ASC.C	24h	LINCSCP_83848
LINCSCP_28320	-0.9999941127	0.002184499412	3	BRD-K96552587	LSM-42512	NA	10uM	HT29	24h	LINCSCP_28320
LINCSCP_63277	0.9999940856	0.002189524715	3	BRD-K29674378	LSM-10228	NA	5uM	VCAP	6h	LINCSCP_63277
LINCSCP_84960	0.9999940458	0.002196879026	3	GSK 1059615	LSM-42799	PIK3CA|PIK3CB|PIK3CD|PIK3CG	10uM	ASC	24h	LINCSCP_84960
LINCSCP_51602	0.9999940388	0.002198167965	3	GSK-1070916	LSM-1062	AURKB|AURKC	10uM	SKBR3	6h	LINCSCP_51602
LINCSCP_95167	-0.999994023	0.002201085462	3	Tipifarnib	LSM-6258	CHURC1-FNTB|FNTA|FNTB	0.04uM	HA1E	24h	LINCSCP_95167
LINCSCP_180604	-0.9999940095	0.002203568339	3	CHEMBL2143638	LSM-41122	NA	10uM	A375	6h	LINCSCP_180604
LINCSCP_69851	-0.9999939764	0.002209651265	3	Sunitinib	LSM-42800	CSF1R|FLT1|FLT3|FLT4|KDR|KIT|PDGFRA|PDGFRB|RET	0.04uM	A375	24h	LINCSCP_69851
LINCSCP_133260	-0.9999939757	0.002209775104	3	Amuvatinib	LSM-1118	FLT3|KIT|MET|PDGFRA	10uM	MCF7	24h	LINCSCP_133260
LINCSCP_32211	-0.999993966	0.002211560054	3	CHEMBL2141850	LSM-6136	NA	10uM	MCF7	24h	LINCSCP_32211
LINCSCP_8881	-0.9999938851	0.00222634132	3	BRD-K11169037	LSM-14721	NA	10uM	A549	24h	LINCSCP_8881
LINCSCP_70546	-0.9999938681	0.002229429559	3	VX-745	LSM-1169	MAPK14	0.12uM	A375	24h	LINCSCP_70546
LINCSCP_63883	0.9999937974	0.002242245773	3	BRD-K42614769	LSM-11013	NA	5uM	VCAP	24h	LINCSCP_63883
LINCSCP_92043	-0.9999937751	0.002246265608	3	GSK-923295	LSM-45692	NA	0.04uM	HA1E	24h	LINCSCP_92043
LINCSCP_251049	-0.9999937661	0.002247889847	3	MG-132	LSM-1107	PSMB1	0.001uM	MCF7	24h	LINCSCP_251049
LINCSCP_47572	0.9999937132	0.002257411313	3	Pyrimethamine	LSM-3967	NA	10uM	PC3	24h	LINCSCP_47572
LINCSCP_221717	0.9999936868	0.00226213704	3	MW-SHH-61	LSM-44611	NA	10uM	HEPG2	6h	LINCSCP_221717
LINCSCP_118329	-0.999993474	0.002299946695	3	Abiraterone Acetate	LSM-45880	NA	10uM	HT29	24h	LINCSCP_118329
LINCSCP_159965	-0.9999934248	0.002308608588	3	Tacrine	LSM-5871	ACHE|BCHE	0.37uM	PC3	24h	LINCSCP_159965
LINCSCP_288161	-0.9999933781	0.002316796362	3	CHEMBL2204241	LSM-36798	NA	0.01uM	THP1	24h	LINCSCP_288161
LINCSCP_25332	-0.9999933238	0.002326277887	3	PRESTWICK3_000989	LSM-1719	NA	10uM	HT29	6h	LINCSCP_25332
LINCSCP_87929	-0.9999932791	0.002334047667	3	Sorafenib	LSM-1008	BRAF|DDR2|FGFR1|FLT1|FLT3|FLT4|KDR|KIT|PDGFRB|RAF1|RET	0.37uM	HA1E	24h	LINCSCP_87929
LINCSCP_207	-0.9999931831	0.002350647922	3	SPECTRUM_000903	LSM-1578	NA	10uM	A375	24h	LINCSCP_207
LINCSCP_185160	0.9999931655	0.002353686501	3	BRD-K57346283	LSM-40416	NA	5uM	A375	24h	LINCSCP_185160
LINCSCP_118045	-0.999993126	0.002360472264	3	VX-765	LSM-45578	NA	0.12uM	HT29	24h	LINCSCP_118045
LINCSCP_271565	-0.9999930991	0.002365095828	3	BRD-K64304398	LSM-6635	NA	10uM	PC3	24h	LINCSCP_271565
LINCSCP_21722	0.9999930967	0.00236550287	3	SCHEMBL14379041	LSM-43082	PPARG	10uM	HEPG2	6h	LINCSCP_21722
LINCSCP_177958	0.9999930956	0.002365692629	3	MLS003079541	LSM-4214	NA	10uM	A375	24h	LINCSCP_177958
LINCSCP_137994	0.9999929568	0.00238935976	3	R428	LSM-45574	NA	10uM	MCF7	24h	LINCSCP_137994
LINCSCP_141442	-0.9999929373	0.002392667059	3	EDOXUDINE	LSM-45811	NA	0.04uM	MCF7	24h	LINCSCP_141442
LINCSCP_54197	-0.9999929164	0.002396189484	3	Lexibulin	LSM-6232	TUBA1A|TUBA1B|TUBA1C|TUBA3E|TUBA4A|TUBB|TUBB1|TUBB2A|TUBB2B|TUBB3|TUBB4A|TUBB4B|TUBB6|TUBB8	1uM	SW620	6h	LINCSCP_54197
LINCSCP_147843	-0.9999929001	0.002398946945	3	PFI-1	LSM-6331	NA	1.11uM	NPC.CAS9	24h	LINCSCP_147843
LINCSCP_2503	-0.9999928941	0.002399967964	3	Teicoplanin	LSM-42744	NA	10uM	A375	6h	LINCSCP_2503
LINCSCP_219930	-0.9999928444	0.002408345337	3	CHEMBL597055	LSM-3333	NA	10uM	HEPG2	6h	LINCSCP_219930
LINCSCP_177975	0.9999927987	0.002416026705	3	Wortmannin	LSM-3947	PIK3CA|PIK3CG|PLK1	10uM	A375	6h	LINCSCP_177975
LINCSCP_21155	-0.9999927415	0.002425590926	3	3-Chloro-l-alanine	LSM-6205	RPS2	0.5uM	HCT116	6h	LINCSCP_21155
LINCSCP_26859	-0.999992676	0.00243652069	3	SB415286	LSM-3719	GSK3B	10uM	HT29	6h	LINCSCP_26859
LINCSCP_44671	-0.9999926753	0.002436626349	3	Metergoline Phenylmethyl Ester	LSM-1441	HTR1A|HTR2A	10uM	PC3	24h	LINCSCP_44671
LINCSCP_85363	0.9999926635	0.002438593111	3	apigenin	LSM-5206	NA	3.33uM	BT20	24h	LINCSCP_85363
LINCSCP_115924	-0.9999926623	0.002438789864	3	BRD-A24396574-001-01-5	LSM-5006	NA	10uM	HS578T	3h	LINCSCP_115924
LINCSCP_131863	-0.9999926265	0.002444743924	3	Tozasertib	LSM-1021	ABL1|AURKA|AURKB|AURKC|BCR|FLT3|JAK2	3.33uM	MCF7	24h	LINCSCP_131863
LINCSCP_4651	0.99999256	0.00245573053	3	CYTO7H11	LSM-4351	BAX	10uM	A549	6h	LINCSCP_4651
LINCSCP_109938	-0.9999924832	0.002468383235	3	Rimantadine	LSM-5143	NA	0.37uM	HELA	24h	LINCSCP_109938
LINCSCP_29328	0.9999924786	0.002469140042	3	CHEMBL1434137	LSM-6234	RARG	40uM	LOVO	6h	LINCSCP_29328
LINCSCP_86633	-0.9999924718	0.002470247229	3	Tyrphostin AG-1478	LSM-1224	EGFR	0.37uM	CD34	24h	LINCSCP_86633
LINCSCP_153836	-0.9999924355	0.00247620231	3	Ondansetron	LSM-1375	HTR3A	1.11uM	PC3	24h	LINCSCP_153836
LINCSCP_26647	-0.9999924235	0.002478165331	3	BRD-K41668190	LSM-45105	NA	10uM	HT29	6h	LINCSCP_26647
LINCSCP_22302	0.9999923848	0.002484490804	3	PK04PUR_000067	LSM-36645	NA	10uM	HEPG2	6h	LINCSCP_22302
LINCSCP_173721	-0.9999923733	0.002486360676	3	tioconazole	LSM-45902	NA	0.12uM	YAPC	24h	LINCSCP_173721
LINCSCP_44020	-0.9999923645	0.002487790075	3	Odq	LSM-2568	GUCY1A2	10uM	PC3	24h	LINCSCP_44020
LINCSCP_144027	-0.9999923069	0.002497154417	3	VX-661	LSM-45570	CFTR	0.12uM	MCF7	24h	LINCSCP_144027
LINCSCP_10067	-0.9999922288	0.002509793932	3	SCHEMBL12410954	LSM-37026	NA	0.04uM	A549	24h	LINCSCP_10067
LINCSCP_43889	-0.999992224	0.002510575696	3	BRD-K85822033	LSM-45305	NA	3uM	PC3	6h	LINCSCP_43889
LINCSCP_32097	-0.9999922146	0.002512094768	3	F3098-6208	LSM-4422	NA	10uM	MCF7	24h	LINCSCP_32097
LINCSCP_21492	0.9999920663	0.002535904998	3	AC1NWALF	LSM-1930	ATP1A1	10uM	HEPG2	6h	LINCSCP_21492
LINCSCP_52360	0.999992052	0.002538184531	3	SMR000217164	LSM-2440	NA	10uM	SKB	24h	LINCSCP_52360
LINCSCP_36685	-0.9999920452	0.002539275462	3	PHA-793887	LSM-1073	CDK1|CDK10|CDK11B|CDK12|CDK13|CDK14|CDK15|CDK16|CDK17|CDK18|CDK19|CDK2|CDK20|CDK3|CDK4|CDK5|CDK6|CDK7|CDK8|CDK9	0.1uM	MCF7	6h	LINCSCP_36685
LINCSCP_43110	-0.9999920099	0.00254491211	3	BRD-K25427024	LSM-9973	NA	10uM	NPC	24h	LINCSCP_43110
LINCSCP_237275	0.9999919578	0.002553183331	3	SCHEMBL1675197	LSM-2027	NA	10uM	MCF7	24h	LINCSCP_237275
LINCSCP_172425	0.9999919491	0.00255456229	3	Sarsasapogenin	LSM-45816	NA	0.53uM	YAPC	24h	LINCSCP_172425
LINCSCP_137628	-0.9999918908	0.002563796355	3	AZD7687	LSM-45251	NA	10uM	MCF7	24h	LINCSCP_137628
LINCSCP_132848	-0.9999918812	0.002565323552	3	Imatinib	LSM-1023	ABL1|BCR|CSF1R|KIT|PDGFRA|PDGFRB	0.37uM	MCF7	24h	LINCSCP_132848
LINCSCP_70166	-0.9999918151	0.00257574802	3	Vorinostat	LSM-3828	HDAC1|HDAC2|HDAC3|HDAC6|HDAC8	0.04uM	A375	24h	LINCSCP_70166
LINCSCP_33331	-0.9999917802	0.002581219317	3	IC 261	LSM-42870	NA	10uM	MCF7	24h	LINCSCP_33331
LINCSCP_22650	0.9999917316	0.002588842105	3	QL-XI-92	LSM-42736	DDR1	10uM	HEPG2	6h	LINCSCP_22650
LINCSCP_126382	-0.9999917209	0.002590527968	3	STK-674938	LSM-45580	NA	10uM	HT29	24h	LINCSCP_126382
LINCSCP_152991	-0.9999916263	0.002605274298	3	Disopyramide	LSM-1439	SCN10A|SCN11A|SCN1A|SCN2A|SCN3A|SCN4A|SCN5A|SCN7A|SCN8A|SCN9A	1.11uM	PC3	24h	LINCSCP_152991
LINCSCP_2193	0.9999915478	0.002617467132	3	AC1O52XK	LSM-43099	NA	10uM	A375	6h	LINCSCP_2193
LINCSCP_83123	-0.9999915267	0.00262072653	3	PCI-32765	LSM-1129	BTK	3.33uM	ASC.C	24h	LINCSCP_83123
LINCSCP_18573	0.9999914322	0.002635299059	3	Levocabastine	LSM-2731	HRH1|NTSR2	10uM	HCC515	24h	LINCSCP_18573
LINCSCP_135920	-0.9999914088	0.002638890101	3	SPARFLOXACIN	LSM-45959	NA	10uM	MCF7	24h	LINCSCP_135920
LINCSCP_259189	0.9999914041	0.002639616752	3	BRD-K13559922	LSM-37967	NA	10uM	NEU	24h	LINCSCP_259189
LINCSCP_132385	0.9999913834	0.002642797376	3	TORIN-2	LSM-1080	MTOR	3.33uM	MCF7	3h	LINCSCP_132385
LINCSCP_59976	-0.9999913575	0.002646770213	3	BRD-K75845944	LSM-41399	NA	5uM	VCAP	6h	LINCSCP_59976
LINCSCP_244219	-0.9999913114	0.00265381102	3	Xylazine	LSM-2477	NA	10uM	MCF7	6h	LINCSCP_244219
LINCSCP_32523	-0.9999912605	0.002661568389	3	MLS-0435526.0001	LSM-4881	NA	10uM	MCF7	24h	LINCSCP_32523
LINCSCP_80372	-0.999991178	0.002674107349	3	Ingenol Mebutate	LSM-45681	NA	1.11uM	A375	24h	LINCSCP_80372
LINCSCP_145444	0.9999911683	0.00267558143	3	BMS-387032	LSM-1132	CDK2|CDK7|CDK9	1.11uM	MDAMB231	24h	LINCSCP_145444
LINCSCP_113056	0.9999911393	0.00267996183	3	936890-98-1	LSM-42786	MTOR	0.04uM	HME1	24h	LINCSCP_113056
LINCSCP_125301	-0.9999909961	0.002701536525	3	MLN-8054	LSM-1066	AURKA	0.04uM	HT29	24h	LINCSCP_125301
LINCSCP_22895	0.999990978	0.002704248508	3	SCHEMBL6668531	LSM-2236	SLC6A3	10uM	HEPG2	6h	LINCSCP_22895
LINCSCP_235185	0.9999907602	0.002736690554	3	Linsitinib	LSM-1135	IGF1R|INSR	0.5uM	MCF10A	24h	LINCSCP_235185
LINCSCP_99226	-0.9999906663	0.002750572645	3	Etanidazole	LSM-4774	NA	0.12uM	HA1E	24h	LINCSCP_99226
LINCSCP_10017	-0.9999906332	0.002755441751	3	CHEMBL2381524	LSM-44612	NA	0.37uM	A549	24h	LINCSCP_10017
LINCSCP_65934	0.9999906212	0.002757209673	3	BRD-K21569926-019-01-5	LSM-36510	NA	3uM	VCAP	24h	LINCSCP_65934
LINCSCP_176557	-0.9999904305	0.00278508907	3	Carbinoxamine	LSM-1435	HRH1	10uM	A375	6h	LINCSCP_176557
LINCSCP_12593	-0.9999904044	0.002788896945	3	Ingenol 3,20-dibenzoate	LSM-4445	PRKCD|PRKCE	10uM	CORL23	6h	LINCSCP_12593
LINCSCP_55220	0.999990151	0.002825478221	3	DG-041	LSM-43279	PTGER3	40uM	TYKNU	6h	LINCSCP_55220
LINCSCP_68786	0.9999900681	0.002837346164	3	Wortmannin	LSM-3947	PIK3CA|PIK3CG|PLK1	10uM	VCAP	6h	LINCSCP_68786
LINCSCP_97810	-0.999990049	0.002840063472	3	LY2090314	LSM-45915	GSK3A|GSK3B	10uM	HA1E	24h	LINCSCP_97810
LINCSCP_88288	-0.9999900101	0.00284561673	3	Tivantinib	LSM-1131	MET	3.33uM	HA1E	24h	LINCSCP_88288
LINCSCP_26528	0.9999899371	0.00285599608	3	CHEMBL2139070	LSM-41430	NA	10uM	HT29	6h	LINCSCP_26528
LINCSCP_35814	-0.9999898652	0.002866172754	3	Sildenafil	LSM-3797	PDE5A	0.001uM	MCF7	6h	LINCSCP_35814
LINCSCP_147266	-0.9999898177	0.002872883319	3	CC-401	LSM-1186	NA	0.12uM	NEU	24h	LINCSCP_147266
LINCSCP_34804	0.9999897297	0.002885280496	3	BRD-K09824708	LSM-14715	NA	5uM	MCF7	24h	LINCSCP_34804
LINCSCP_102712	-0.9999896867	0.0028913063	3	TAS-103 (dihydrochloride)	LSM-45292	NA	3.33uM	HELA	24h	LINCSCP_102712
LINCSCP_311719	-0.9999896696	0.002893702684	3	BRD-K47992037	LSM-44778	NA	10uM	VCAP	24h	LINCSCP_311719
LINCSCP_81524	-0.9999893635	0.002936266867	3	Canertinib	LSM-1120	EGFR|ERBB2|ERBB4	0.12uM	A549	24h	LINCSCP_81524
LINCSCP_169228	-0.999989316	0.002942805347	3	Resminostat	LSM-45663	NA	0.12uM	YAPC	24h	LINCSCP_169228
LINCSCP_5674	0.9999892479	0.002952178343	3	MLS000038106	LSM-4068	NA	10uM	A549	6h	LINCSCP_5674
LINCSCP_266218	-0.9999889965	0.002986489144	3	Dexamethasone Acetate	LSM-1915	NR3C1	10uM	PC3	24h	LINCSCP_266218
LINCSCP_3828	-0.9999889777	0.00298903425	3	Estradiol	LSM-2421	ESR1|ESR2|NR1I2	10uM	A375	24h	LINCSCP_3828
LINCSCP_68079	0.999988927	0.002995908644	3	Wortmannin	LSM-3947	PIK3CA|PIK3CG|PLK1	10uM	PC3	6h	LINCSCP_68079
LINCSCP_144820	-0.999988868	0.003003871346	3	CI-1040	LSM-1048	MAP2K1|MAP2K2	3.33uM	MDAMB231	24h	LINCSCP_144820
LINCSCP_165802	0.9999888461	0.003006830426	3	Epigalocatechin Gallate	LSM-5661	FASN	10uM	SKL	24h	LINCSCP_165802
LINCSCP_47327	0.9999888179	0.003010631599	3	Dapsone	LSM-5714	DHFR	10uM	PC3	24h	LINCSCP_47327
LINCSCP_196054	-0.9999887607	0.003018317506	3	BRD-K79145303	LSM-13264	NA	5uM	A549	24h	LINCSCP_196054
LINCSCP_73815	-0.9999886229	0.003036771295	3	BRD-A83706824	LSM-45746	NA	0.37uM	A375	24h	LINCSCP_73815
LINCSCP_19167	0.9999886064	0.003038965464	3	Periplocymarin	LSM-1573	NA	10uM	HCC515	6h	LINCSCP_19167
LINCSCP_144668	-0.9999885751	0.003043136544	3	PF431396	LSM-1116	NA	0.12uM	MDAMB231	24h	LINCSCP_144668
LINCSCP_21996	0.9999885454	0.0030470896	3	CHEMBL1456638	LSM-42884	NA	10uM	HEPG2	6h	LINCSCP_21996
LINCSCP_58357	-0.9999885241	0.003049917632	3	MLS001116217	LSM-6174	NA	10uM	VCAP	24h	LINCSCP_58357
LINCSCP_220	0.9999884841	0.003055234026	3	Pirlindole	LSM-1636	MAOA	10uM	A375	24h	LINCSCP_220
LINCSCP_81327	-0.999988387	0.003068083646	3	WH-4-025	LSM-44937	NA	0.04uM	A549	24h	LINCSCP_81327
LINCSCP_60756	-0.9999882288	0.003088915695	3	BRD-K37081092	LSM-8216	NA	5uM	VCAP	24h	LINCSCP_60756
LINCSCP_129042	-0.999988203	0.003092294047	3	triptolide	NA	NA	10uM	HUVEC	24h	LINCSCP_129042
LINCSCP_112908	-0.9999878269	0.003141205669	3	GW620972X	LSM-1209	NA	10uM	HEPG2	24h	LINCSCP_112908
LINCSCP_125682	0.9999877675	0.003148861749	3	sn-Glycero-3-phosphocholine	LSM-45427	NA	1.11uM	HT29	24h	LINCSCP_125682
LINCSCP_146224	-0.9999876161	0.003168291281	3	BRD-A25736793	LSM-43054	MTOR	3.33uM	MNEU.E	24h	LINCSCP_146224
LINCSCP_2210	0.9999876101	0.003169054062	3	BRD-K76938712	LSM-41474	NA	10uM	A375	6h	LINCSCP_2210
LINCSCP_92934	-0.999987541	0.003177877698	3	Ixabepilone	LSM-43293	TUBA1A|TUBA1B|TUBA1C|TUBA3E|TUBA4A|TUBB|TUBB1|TUBB2A|TUBB2B|TUBB3|TUBB4A|TUBB4B|TUBB6|TUBB8	0.12uM	HA1E	24h	LINCSCP_92934
LINCSCP_53466	0.9999874961	0.003183594107	3	TPCA-1	LSM-1136	IKBKB	10uM	SKMEL28	6h	LINCSCP_53466
LINCSCP_132079	0.9999874898	0.003184402838	3	Fedratinib	LSM-1142	FLT3|JAK2	3.33uM	MCF7	24h	LINCSCP_132079
LINCSCP_107492	0.9999874437	0.003190263716	3	Avanafil	LSM-45456	PDE5A	0.04uM	HELA	24h	LINCSCP_107492
LINCSCP_136072	-0.9999873496	0.003202192521	3	Norethindrone Acetate	LSM-1295	PGR	1.11uM	MCF7	24h	LINCSCP_136072
LINCSCP_165544	-0.9999872018	0.003220845393	3	BGT-226	LSM-6710	MTOR|PIK3CA|PIK3CB|PIK3CD|PIK3CG|PIK3R1|PIK3R2|PIK3R3|PIK3R5	10uM	SKL	24h	LINCSCP_165544
LINCSCP_6809	0.9999871986	0.00322124608	3	MLS002222336	LSM-1855	PTGS1|PTGS2	10uM	A549	24h	LINCSCP_6809
LINCSCP_98056	-0.9999871449	0.003228000868	3	179324-69-7	LSM-6281	ADRM1|PSMA1|PSMA2|PSMA3|PSMA4|PSMA5|PSMA6|PSMA7|PSMA8|PSMB1|PSMB10|PSMB11|PSMB2|PSMB3|PSMB4|PSMB5|PSMB6|PSMB7|PSMB8|PSMB9|PSMC1|PSMC2|PSMC3|PSMC4|PSMC5|PSMC6|PSMD1|PSMD11|PSMD12|PSMD13|PSMD14|PSMD2|PSMD3|PSMD4|PSMD6|PSMD7|PSMD8|SEM1	20uM	HA1E	24h	LINCSCP_98056
LINCSCP_137055	-0.9999870955	0.0032341972	3	GSK-1070916	LSM-1062	AURKB|AURKC	0.37uM	MCF7	24h	LINCSCP_137055
LINCSCP_3410	-0.9999869226	0.003255783281	3	BRD-K71947697	LSM-41180	NA	5uM	A375	24h	LINCSCP_3410
LINCSCP_38190	-0.9999867629	0.003275610509	3	SA-1937536	LSM-39879	NA	1uM	MCF7	24h	LINCSCP_38190
LINCSCP_12037	-0.9999867471	0.003277560273	3	SB 239063	LSM-44951	MAPK11|MAPK14	0.1uM	BT20	6h	LINCSCP_12037
LINCSCP_37167	-0.9999865171	0.003305877836	3	SA-1473405	LSM-40861	NA	1uM	MCF7	6h	LINCSCP_37167
LINCSCP_64772	-0.9999865153	0.003306108136	3	BRD-K44360367	LSM-39717	NA	10uM	VCAP	6h	LINCSCP_64772
LINCSCP_39705	0.9999862555	0.003337793998	3	IN1549	LSM-4488	NA	10uM	MDST8	6h	LINCSCP_39705
LINCSCP_90996	0.9999862303	0.003340858899	3	Tolcapone	LSM-5282	COMT	0.12uM	HA1E	24h	LINCSCP_90996
LINCSCP_159359	-0.9999861307	0.003352914553	3	SPECTRUM2_000920	LSM-1590	NA	0.37uM	PC3	24h	LINCSCP_159359
LINCSCP_19444	-0.9999860671	0.003360590808	3	pyrvinium-pamoate	NA	AR	10uM	HCC515	24h	LINCSCP_19444
LINCSCP_270397	0.999986059	0.003361574654	3	Latrunculin B	LSM-43068	WWTR1|YAP1	10uM	PC3	6h	LINCSCP_270397
LINCSCP_180110	0.9999860418	0.003363649817	3	Diphenyleneiodonium	LSM-3467	NOS2|NOS3	10uM	A375	6h	LINCSCP_180110
LINCSCP_83699	-0.999985877	0.003383445832	3	EMF-sumo1-1	NA	NA	3.33uM	ASC.C	24h	LINCSCP_83699
LINCSCP_52411	-0.9999858649	0.003384890576	3	WHI-P97	LSM-1033	JAK3	10uM	SKB	24h	LINCSCP_52411
LINCSCP_108821	0.9999858619	0.003385253503	3	BAY 87-2243	LSM-45786	NA	10uM	HELA	24h	LINCSCP_108821
LINCSCP_44694	0.99998585	0.00338667842	3	SPECTRUM_000011	LSM-1767	NA	10uM	PC3	24h	LINCSCP_44694
LINCSCP_34591	0.9999857737	0.003395801554	3	Lanatoside-C	LSM-5496	NA	10uM	MCF7	6h	LINCSCP_34591
LINCSCP_304385	-0.9999856916	0.003405586013	3	BRD-K92023938	LSM-14082	NA	5uM	VCAP	6h	LINCSCP_304385
LINCSCP_143370	-0.9999856363	0.00341215715	3	Vandetanib	LSM-1199	EGFR|EPHA1|EPHA10|EPHA2|EPHA3|EPHA4|EPHA5|EPHA6|EPHA7|EPHA8|EPHB1|EPHB2|EPHB3|EPHB4|EPHB6|ERBB2|ERBB3|ERBB4|FLT1|FLT4|KDR|PTK6|RET|SRC|TEK	3.33uM	MCF7	24h	LINCSCP_143370
LINCSCP_42395	0.9999855964	0.003416888626	3	CHEMBL2132289	LSM-1044	RPS6KA3	10uM	NPC	24h	LINCSCP_42395
LINCSCP_176744	-0.9999855903	0.003417613714	3	Deracoxib	LSM-3536	PTGS2	10uM	A375	6h	LINCSCP_176744
LINCSCP_164255	-0.9999855514	0.003422219839	3	Cabozantinib	LSM-1195	KDR|MET	3.33uM	SKL.C	24h	LINCSCP_164255
LINCSCP_33018	-0.9999855426	0.003423269437	3	MDL 29951	LSM-3330	FBP1	10uM	MCF7	6h	LINCSCP_33018
LINCSCP_17244	-0.9999854377	0.003435660635	3	SCHEMBL17497626	LSM-44605	NA	10uM	HA1E	24h	LINCSCP_17244
LINCSCP_75032	0.9999854047	0.00343954919	3	Brexpiprazole	LSM-45790	DRD2|HTR1A|HTR2A	1.11uM	A375	24h	LINCSCP_75032
LINCSCP_11600	0.9999851654	0.003467632229	3	Quercetin	LSM-4199	PIK3CG	10uM	ASC	24h	LINCSCP_11600
LINCSCP_32706	-0.9999850973	0.003475588201	3	Aurora A Inhibitor I	LSM-1065	AURKA	10uM	MCF7	6h	LINCSCP_32706
LINCSCP_15514	-0.9999850001	0.003486907393	3	CHEMBL436817	LSM-6200	NA	40uM	HA1E	6h	LINCSCP_15514
LINCSCP_32029	-0.9999849775	0.003489531635	3	MLS002699918	LSM-2263	NA	10uM	MCF7	6h	LINCSCP_32029
LINCSCP_29093	-0.9999849405	0.0034938268	3	Ingenol 3,20-dibenzoate	LSM-4445	PRKCD|PRKCE	10uM	JHUEM2	6h	LINCSCP_29093
LINCSCP_285855	-0.9999849302	0.003495012971	3	BMS-299897	LSM-6207	NA	10uM	SKM1	6h	LINCSCP_285855
LINCSCP_26302	0.9999847224	0.00351903705	3	GNF-PF-1339	LSM-43001	NA	10uM	HT29	6h	LINCSCP_26302
LINCSCP_39776	-0.9999846817	0.003523711152	3	423735-93-7	LSM-3308	NA	10uM	MDST8	6h	LINCSCP_39776
LINCSCP_141849	-0.9999845251	0.003541676921	3	BRD-A68202111	LSM-45833	NA	0.12uM	MCF7	24h	LINCSCP_141849
LINCSCP_175117	0.9999844046	0.003555439912	3	Rimantadine	LSM-5143	NA	0.37uM	YAPC	24h	LINCSCP_175117
LINCSCP_86525	-0.9999843177	0.003565334289	3	TPCA-1	LSM-1136	IKBKB	0.37uM	CD34	24h	LINCSCP_86525
LINCSCP_110084	-0.9999843123	0.003565952827	3	Albendazole	LSM-3782	NA	10uM	HELA	24h	LINCSCP_110084
LINCSCP_145984	-0.9999842402	0.003574140509	3	rifampicin	NA	NA	0.37uM	MDAMB231	3h	LINCSCP_145984
LINCSCP_210636	0.9999842358	0.00357463308	3	KUC104140	LSM-2639	NA	10uM	HA1E	6h	LINCSCP_210636
LINCSCP_2131	-0.9999842153	0.003576962759	3	BAS 05532738	LSM-4550	RPS6KA1|RPS6KA2|RPS6KA3	10uM	A375	6h	LINCSCP_2131
LINCSCP_65276	0.9999839044	0.003612008658	3	BRD-K38454082	LSM-39383	NA	10uM	VCAP	24h	LINCSCP_65276
LINCSCP_31409	0.9999838826	0.003614462017	3	MLS002264457	LSM-3858	NA	10uM	MCF7	24h	LINCSCP_31409
LINCSCP_21421	0.9999838565	0.00361738648	3	Parthenolide	LSM-43090	NA	10uM	HEC108	6h	LINCSCP_21421
LINCSCP_293005	-0.9999837897	0.00362485817	3	MLS-0257792.0001	LSM-2218	NA	10uM	VCAP	6h	LINCSCP_293005
LINCSCP_176176	-0.9999836274	0.003642962559	3	PF-4136309	LSM-45276	NA	0.37uM	YAPC	24h	LINCSCP_176176
LINCSCP_13595	-0.9999835614	0.003650297562	3	PKC Beta Inhibitor	LSM-4753	PRKCB	10uM	H1299	6h	LINCSCP_13595
LINCSCP_257044	-0.9999835105	0.003655939267	3	Erastin	LSM-4914	VDAC2	5uM	NCIH2073	6h	LINCSCP_257044
LINCSCP_163009	0.9999834103	0.003667035417	3	Apitolisib (gdc-0980, rg7422)	LSM-4257	PIK3CA|PIK3CB|PIK3CD|PIK3CG|MTOR	3.33uM	SKBR3	24h	LINCSCP_163009
LINCSCP_9297	0.9999833906	0.003669208806	3	Ingenol 3,20-dibenzoate	LSM-4445	PRKCD|PRKCE	0.5uM	A549	6h	LINCSCP_9297
LINCSCP_113332	-0.9999833636	0.003672192443	3	Sorafenib	LSM-1008	BRAF|DDR2|FGFR1|FLT1|FLT3|FLT4|KDR|KIT|PDGFRB|RAF1|RET	3.33uM	HME1	3h	LINCSCP_113332
LINCSCP_153690	0.9999832828	0.003681103703	3	CICLESONIDE	LSM-45682	NR3C1	10uM	PC3	24h	LINCSCP_153690
LINCSCP_85354	-0.9999832472	0.00368501098	3	BX 912	LSM-1055	PDK1|PDPK1	0.12uM	BT20	24h	LINCSCP_85354
LINCSCP_278969	-0.9999829349	0.0037192008	3	BRD-K10779199	LSM-37828	NA	10uM	PC3	6h	LINCSCP_278969
LINCSCP_4183	0.9999829291	0.003719838121	3	Scopoline	LSM-1903	NA	10uM	A549	24h	LINCSCP_4183
LINCSCP_11666	-0.9999828552	0.003727882591	3	Lapatinib	LSM-1051	EGFR|ERBB2	0.1uM	BT20	24h	LINCSCP_11666
LINCSCP_143363	-0.9999827786	0.003736200354	3	TIBOLONE	LSM-45847	NA	10uM	MCF7	24h	LINCSCP_143363
LINCSCP_51094	-0.9999827448	0.003739868293	3	SMP2_000081	LSM-43276	FKBP1A	20uM	RMUGS	6h	LINCSCP_51094
LINCSCP_180733	-0.9999827033	0.003744353543	3	JNJ-38877605	LSM-1157	MET	10uM	A375	6h	LINCSCP_180733
LINCSCP_163905	0.9999824784	0.003768620229	3	BI-2536	LSM-1041	PLK1	3.33uM	SKBR3	3h	LINCSCP_163905
LINCSCP_117042	-0.9999823907	0.003778039184	3	Pazopanib	LSM-1114	CSF1R|FGFR1|FGFR3|FLT1|FLT4|ITK|KDR|KIT|LCK|PDGFRA|PDGFRB	0.04uM	HT29	24h	LINCSCP_117042
LINCSCP_19409	0.9999823375	0.003783747863	3	3-Methyladenine	LSM-4733	NA	10uM	HCC515	24h	LINCSCP_19409
LINCSCP_303604	0.9999823314	0.003784396016	3	BRD-K61519793	LSM-12157	NA	5uM	VCAP	24h	LINCSCP_303604
LINCSCP_28396	0.9999823268	0.003784891638	3	BRD-K87838848	LSM-13816	NA	10uM	HT29	24h	LINCSCP_28396
LINCSCP_116604	-0.9999822417	0.003793997404	3	PHA-793887	LSM-1073	CDK1|CDK10|CDK11B|CDK12|CDK13|CDK14|CDK15|CDK16|CDK17|CDK18|CDK19|CDK2|CDK20|CDK3|CDK4|CDK5|CDK6|CDK7|CDK8|CDK9	0.37uM	HT29	24h	LINCSCP_116604
LINCSCP_7753	-0.999982226	0.003795673921	3	BRN 1549781	LSM-4461	NA	10uM	A549	24h	LINCSCP_7753
LINCSCP_36006	-0.999982219	0.003796415158	3	Omacetaxine Mepesuccinate	LSM-3716	NA	0.01uM	MCF7	24h	LINCSCP_36006
LINCSCP_70539	0.9999821856	0.00379997957	3	Dabrafenib	LSM-6303	BRAF	0.37uM	A375	24h	LINCSCP_70539
LINCSCP_2908	-0.9999821835	0.003800199656	3	L-692585	LSM-3566	GHSR	10uM	A375	6h	LINCSCP_2908
LINCSCP_10610	0.9999820931	0.003809837132	3	MK-2206	LSM-1057	AKT1|AKT2|AKT3	10uM	AGS	6h	LINCSCP_10610
LINCSCP_201570	0.9999820777	0.003811471157	3	Dactolisib	LSM-4255	MTOR|PIK3CA|PIK3CB|PIK3CD|PIK3CG|PIK3R1|PIK3R2|PIK3R3|PIK3R5	0.01uM	A549	6h	LINCSCP_201570
LINCSCP_177970	-0.9999819532	0.003824684115	3	BRD-A07407288	LSM-1460	NA	10uM	A375	6h	LINCSCP_177970
LINCSCP_144694	-0.999981789	0.003842049345	3	C21H27N7O3	LSM-1128	AKT1|AKT2|AKT3|PRKCQ	10uM	MDAMB231	24h	LINCSCP_144694
LINCSCP_188288	-0.9999816964	0.003851804887	3	Vanoxerine	LSM-2703	SLC6A3	10uM	A549	24h	LINCSCP_188288
LINCSCP_156719	0.9999816922	0.003852241326	3	179324-69-7	LSM-6281	ADRM1|PSMA1|PSMA2|PSMA3|PSMA4|PSMA5|PSMA6|PSMA7|PSMA8|PSMB1|PSMB10|PSMB11|PSMB2|PSMB3|PSMB4|PSMB5|PSMB6|PSMB7|PSMB8|PSMB9|PSMC1|PSMC2|PSMC3|PSMC4|PSMC5|PSMC6|PSMD1|PSMD11|PSMD12|PSMD13|PSMD14|PSMD2|PSMD3|PSMD4|PSMD6|PSMD7|PSMD8|SEM1	20uM	PC3	24h	LINCSCP_156719
LINCSCP_258858	0.999981595	0.003862458068	3	Wortmannin	LSM-3947	PIK3CA|PIK3CG|PLK1	3uM	NEU	24h	LINCSCP_258858
LINCSCP_55558	0.9999815933	0.003862633919	3	PIK 90	LSM-6697	NA	10uM	U937	6h	LINCSCP_55558
LINCSCP_70420	-0.9999815246	0.003869838845	3	SCHEMBL16980224	LSM-1092	AURKA	0.37uM	A375	24h	LINCSCP_70420
LINCSCP_138182	-0.9999811787	0.003905892601	3	CI-1040	LSM-1048	MAP2K1|MAP2K2	1.11uM	MCF7	24h	LINCSCP_138182
LINCSCP_87658	-0.9999810674	0.003917428733	3	CHEMBL1083527	LSM-1122	NA	0.04uM	HA1E	24h	LINCSCP_87658
LINCSCP_85634	-0.9999809981	0.003924594072	3	Pelitinib	LSM-42796	EGFR	1.11uM	BT20	3h	LINCSCP_85634
LINCSCP_249879	-0.9999808577	0.003939065487	3	BRD-K87920375	LSM-13827	NA	10uM	MCF7	24h	LINCSCP_249879
LINCSCP_18081	0.9999808227	0.003942660722	3	KF 38789	LSM-1641	SELP	10uM	HCC515	6h	LINCSCP_18081
LINCSCP_68137	-0.9999807447	0.003950676458	3	Wortmannin	LSM-3947	PIK3CA|PIK3CG|PLK1	0.1uM	PC3	6h	LINCSCP_68137
LINCSCP_62511	-0.9999806826	0.003957033069	3	BRD-K16506804	LSM-9427	NA	5uM	VCAP	6h	LINCSCP_62511
LINCSCP_59277	0.9999806605	0.003959301	3	MLS001030493	LSM-43128	NA	10uM	VCAP	24h	LINCSCP_59277
LINCSCP_50168	0.9999806155	0.00396390296	3	Prostoglandin A1	LSM-42846	NA	10uM	PHH	24h	LINCSCP_50168
LINCSCP_13229	-0.9999806029	0.003965195438	3	CAY10603	LSM-4941	HDAC6	10uM	FIBRNPC	24h	LINCSCP_13229
LINCSCP_11143	-0.9999805739	0.003968152035	3	Prednisolone Hemisuccinate	LSM-1810	NR3C1	10uM	ASC	24h	LINCSCP_11143
LINCSCP_12456	-0.9999805423	0.003971383214	3	2-(2-Bromo-4-methyl-phenylamino)-pyrido[3,2-e][1,3]thiazin-4-one	LSM-45312	NA	0.5uM	CD34	6h	LINCSCP_12456
LINCSCP_54332	-0.9999804857	0.003977148171	3	4-(3-Ethyl[1,2,4]triazolo[3,4-b][1,3,4]thiadiazol-6-yl)aniline	LSM-4945	NA	10uM	SW620	6h	LINCSCP_54332
LINCSCP_246379	0.9999804332	0.003982504186	3	BRD-K41335306	LSM-44762	NA	5uM	MCF7	24h	LINCSCP_246379
LINCSCP_151787	0.9999803853	0.003987376068	3	Idelalisib	LSM-1205	PIK3CD|PIK3CG	10uM	PC3	24h	LINCSCP_151787
LINCSCP_161153	0.9999802696	0.003999116329	3	RUTIN	LSM-45936	NA	0.37uM	PC3	24h	LINCSCP_161153
LINCSCP_139715	-0.9999800052	0.004025818372	3	Mebendazole	LSM-3749	NA	0.04uM	MCF7	24h	LINCSCP_139715
LINCSCP_3358	-0.9999799511	0.00403126227	3	BRD-K37127287	LSM-39305	NA	5uM	A375	24h	LINCSCP_3358
LINCSCP_47683	-0.9999798587	0.004040537679	3	Fenoprofen	LSM-6498	PTGS1|PTGS2	10uM	PC3	24h	LINCSCP_47683
LINCSCP_48156	-0.9999798205	0.004044367998	3	BRD-K97961692	LSM-15007	NA	5uM	PC3	24h	LINCSCP_48156
LINCSCP_51273	-0.9999797241	0.004054020025	3	AS601245	LSM-1034	MAPK10|MAPK8|MAPK9	1uM	SKBR3	24h	LINCSCP_51273
LINCSCP_76462	-0.9999796811	0.004058312299	3	TAK-715	LSM-1060	MAPK14	0.04uM	A375	24h	LINCSCP_76462
LINCSCP_153378	0.9999796696	0.004059468343	3	MG-132	LSM-1107	PSMB1	20uM	PC3	24h	LINCSCP_153378
LINCSCP_70138	-0.999979589	0.004067504305	3	Ricolinostat	LSM-6324	NA	3.33uM	A375	24h	LINCSCP_70138
LINCSCP_137547	-0.99997956	0.004070397119	3	BRD-A28746609	LSM-1102	NR1I2|TUBB	0.37uM	MCF7	24h	LINCSCP_137547
LINCSCP_164617	0.9999792948	0.004096710111	3	IOX2	LSM-6339	NA	10uM	SKL.C	24h	LINCSCP_164617
LINCSCP_149664	-0.9999792294	0.004103175532	3	Dacomitinib	LSM-42808	EGFR|ERBB2|ERBB3|ERBB4	3.33uM	NPC.TAK	24h	LINCSCP_149664
LINCSCP_165077	0.9999791388	0.004112120385	3	BX-795	LSM-1189	PDK1|PDPK1	0.04uM	SKL.C	24h	LINCSCP_165077
LINCSCP_12545	-0.999979068	0.004119089454	3	NU1025	LSM-4643	PARP1	10uM	CL34	6h	LINCSCP_12545
LINCSCP_30012	0.9999789007	0.004135513937	3	BMS-387032	LSM-1132	CDK2|CDK7|CDK9	0.5uM	MCF10A	6h	LINCSCP_30012
LINCSCP_13649	-0.9999788396	0.004141504439	3	IN1246	LSM-1790	MMP13|MMP2|MMP3	10uM	HA1E	24h	LINCSCP_13649
LINCSCP_35266	-0.9999788177	0.004143642728	3	BRD-K96396151	LSM-42501	NA	10uM	MCF7	24h	LINCSCP_35266
LINCSCP_48483	-0.999978734	0.004151826622	3	BRD-K03957451	LSM-37484	NA	10uM	PC3	24h	LINCSCP_48483
LINCSCP_100679	-0.9999786696	0.004158100727	3	Cyclohexanecarboxamide, 4-(1-aminoethyl)-n-4-pyridinyl-, trans-	LSM-1177	ROCK1|ROCK2	0.37uM	HCC515	24h	LINCSCP_100679
LINCSCP_156104	-0.9999782681	0.004197052181	3	Rimonabant	LSM-36994	CNR1	3.33uM	PC3	24h	LINCSCP_156104
LINCSCP_54491	-0.9999782413	0.004199646285	3	M3M3FBS	LSM-2196	PLCB2|PLCB3|PLCD1|PLCG1|PLCG2	80uM	SW948	6h	LINCSCP_54491
LINCSCP_10525	0.9999782411	0.004199659587	3	XAV 939	LSM-5303	TNKS|TNKS2	10uM	AGS	6h	LINCSCP_10525
LINCSCP_28250	-0.9999780692	0.004216217924	3	BRD-K41700431	LSM-10962	NA	10uM	HT29	24h	LINCSCP_28250
LINCSCP_72623	-0.9999778817	0.004234202011	3	Mibefradil	LSM-2192	CACNA1C|CACNA1G|CACNA1H|CACNA1I	0.37uM	A375	24h	LINCSCP_72623
LINCSCP_30028	-0.999977792	0.004242778064	3	XMD 8-92	LSM-1094	MAPK7	10uM	MCF10A	6h	LINCSCP_30028
LINCSCP_2628	-0.9999777237	0.004249297069	3	Zolmitriptan	LSM-3208	HTR1A|HTR1B|HTR1D|HTR1F	10uM	A375	6h	LINCSCP_2628
LINCSCP_64766	-0.9999776218	0.004259004297	3	BRD-K36278687	LSM-39256	NA	10uM	VCAP	6h	LINCSCP_64766
LINCSCP_52797	-0.9999775483	0.004266000296	3	4-Hydroxynon-2-enal	LSM-43066	NA	10uM	SKB	24h	LINCSCP_52797
LINCSCP_154881	0.999977536	0.004267169628	3	Temsirolimus (CCI-779, NSC 683864)	LSM-45994	MTOR	0.12uM	PC3	24h	LINCSCP_154881
LINCSCP_65586	-0.9999774771	0.004272759561	3	BRD-K15525241	LSM-38081	NA	10uM	VCAP	24h	LINCSCP_65586
LINCSCP_268251	-0.9999774417	0.004276114646	3	KUC103881	LSM-4067	NA	10uM	PC3	24h	LINCSCP_268251
LINCSCP_157994	-0.9999772827	0.004291158406	3	Tozasertib	LSM-1021	ABL1|AURKA|AURKB|AURKC|BCR|FLT3|JAK2	0.04uM	PC3	24h	LINCSCP_157994
LINCSCP_18633	-0.9999772039	0.004298595295	3	ANANDAMIDE (20:3,N-6)	LSM-43024	CNR1|CNR2|TRPV1	10uM	HCC515	24h	LINCSCP_18633
LINCSCP_113581	-0.9999771658	0.004302180332	3	noscapine	NA	NA	0.12uM	HME1	3h	LINCSCP_113581
LINCSCP_96536	-0.9999769871	0.004318982886	3	179324-69-7	LSM-6281	ADRM1|PSMA1|PSMA2|PSMA3|PSMA4|PSMA5|PSMA6|PSMA7|PSMA8|PSMB1|PSMB10|PSMB11|PSMB2|PSMB3|PSMB4|PSMB5|PSMB6|PSMB7|PSMB8|PSMB9|PSMC1|PSMC2|PSMC3|PSMC4|PSMC5|PSMC6|PSMD1|PSMD11|PSMD12|PSMD13|PSMD14|PSMD2|PSMD3|PSMD4|PSMD6|PSMD7|PSMD8|SEM1	20uM	HA1E	24h	LINCSCP_96536
LINCSCP_68841	0.9999767234	0.00434366151	3	Wortmannin	LSM-3947	PIK3CA|PIK3CG|PLK1	1uM	VCAP	6h	LINCSCP_68841
LINCSCP_62391	0.9999766584	0.004349723892	3	BRD-K59176197	LSM-12003	NA	5uM	VCAP	6h	LINCSCP_62391
LINCSCP_194271	-0.9999765885	0.004356226777	3	BRD-K16969565	LSM-38165	NA	5uM	A549	24h	LINCSCP_194271
LINCSCP_170772	0.999976548	0.004359993565	3	CGP-12177	LSM-1474	NA	1.11uM	YAPC	24h	LINCSCP_170772
LINCSCP_16410	-0.9999765317	0.004361513533	3	CHEMDIV3_013267	LSM-4920	NA	10uM	HA1E	6h	LINCSCP_16410
LINCSCP_128563	-0.9999764947	0.004364946316	3	SB525334	LSM-1121	TGFBR1	0.37uM	HUVEC	24h	LINCSCP_128563
LINCSCP_126529	0.9999763733	0.004376205776	3	Enzastaurin	LSM-1069	PRKCB	0.37uM	HT29	24h	LINCSCP_126529
LINCSCP_38632	-0.9999763378	0.00437948851	3	BRD-K10436544	LSM-45992	NA	0.12uM	MCF7	24h	LINCSCP_38632
LINCSCP_51714	-0.9999762809	0.004384756175	3	CGP 60474	LSM-1025	CDK1	0.1uM	SKBR3	6h	LINCSCP_51714
LINCSCP_117007	0.9999761184	0.004399750782	3	SCHEMBL17378613	LSM-5749	CSF1R	10uM	HT29	24h	LINCSCP_117007
LINCSCP_7969	-0.9999757311	0.004435280115	3	MLS002474103	LSM-6109	NA	10uM	A549	6h	LINCSCP_7969
LINCSCP_78128	0.9999756685	0.004440997157	3	Macitentan	LSM-45420	EDNRA|EDNRB	0.12uM	A375	24h	LINCSCP_78128
LINCSCP_12929	0.9999756543	0.004442292211	3	SCH-79797	LSM-6224	F2R	10uM	EFO27	6h	LINCSCP_12929
LINCSCP_195580	-0.999975636	0.004443961993	3	BRD-K16561564	LSM-9431	NA	5uM	A549	24h	LINCSCP_195580
LINCSCP_132115	0.9999754403	0.004461771646	3	Dactolisib	LSM-4255	MTOR|PIK3CA|PIK3CB|PIK3CD|PIK3CG|PIK3R1|PIK3R2|PIK3R3|PIK3R5	3.33uM	MCF7	24h	LINCSCP_132115
LINCSCP_58264	-0.9999754087	0.004464645708	3	Benazepril	LSM-5609	ACE	10uM	VCAP	6h	LINCSCP_58264
LINCSCP_39854	-0.9999753188	0.004472799218	3	Fedratinib	LSM-1142	FLT3|JAK2	10uM	NCIH1694	6h	LINCSCP_39854
LINCSCP_259539	0.9999753054	0.004474012954	3	2,4-Dihydroxy-d-phenylalanine	LSM-37137	NA	10uM	NEU	24h	LINCSCP_259539
LINCSCP_58593	-0.9999752334	0.004480529689	3	SUGA2_000514	LSM-36687	NA	10uM	VCAP	24h	LINCSCP_58593
LINCSCP_42731	0.9999752202	0.004481719919	3	Papp	LSM-2302	HTR1A|HTR1D	10uM	NPC	24h	LINCSCP_42731
LINCSCP_19051	0.9999750836	0.004494055283	3	AC1NWALF	LSM-1930	ATP1A1	10uM	HCC515	6h	LINCSCP_19051
LINCSCP_46855	0.9999749793	0.004503449826	3	OSI-027	LSM-1063	MTOR	10uM	PC3	24h	LINCSCP_46855
LINCSCP_261293	-0.9999749748	0.004503855809	3	BRD-K35669573	LSM-29348	NA	0.01uM	NOMO1	6h	LINCSCP_261293
LINCSCP_37910	0.9999748676	0.004513495848	3	BRD-K36910796	LSM-15073	NA	3uM	MCF7	24h	LINCSCP_37910
LINCSCP_158611	-0.9999745715	0.004540005279	3	Lidoflazine	LSM-3397	NA	0.12uM	PC3	24h	LINCSCP_158611
LINCSCP_70000	-0.9999744715	0.004548921844	3	BS-181	LSM-6305	NA	0.04uM	A375	24h	LINCSCP_70000
LINCSCP_2247	-0.9999742347	0.00456997293	3	AC1NUE3V	LSM-43141	DUSP1|DUSP6	10uM	A375	6h	LINCSCP_2247
LINCSCP_5061	-0.9999741885	0.004574065299	3	BRD-A69470004	LSM-1743	XIAP	10uM	A549	6h	LINCSCP_5061
LINCSCP_101400	-0.9999741263	0.004579575546	3	Topiramate	LSM-5435	CA2|CA4|GABRA1|GABRA2|GABRA3|GABRA4|GABRA5|GABRA6|GABRB1|GABRB2|GABRB3|GABRD|GABRE|GABRG1|GABRG2|GABRG3|GABRP|GABRQ|GRIA1|GRIA2|GRIA3|GRIA4|GRIK1|GRIK2|GRIK3|GRIK4|GRIK5|SCN10A|SCN11A|SCN1A|SCN2A|SCN3A|SCN4A|SCN5A|SCN7A|SCN8A|SCN9A	3.33uM	HELA	24h	LINCSCP_101400
LINCSCP_77149	-0.9999739615	0.00459414241	3	RU 58841	LSM-45711	NA	10uM	A375	24h	LINCSCP_77149
LINCSCP_50772	0.9999738364	0.004605158839	3	Skiii	LSM-2462	SPHK1	40uM	RKO	6h	LINCSCP_50772
LINCSCP_77780	0.9999736824	0.004618698317	3	Capsaicin	LSM-43180	TRPV1	0.12uM	A375	24h	LINCSCP_77780
LINCSCP_155517	0.9999735553	0.004629829936	3	Fingolimod (FTY720) HCl	LSM-45416	S1PR1|S1PR2|S1PR3|S1PR4|S1PR5	3.33uM	PC3	24h	LINCSCP_155517
LINCSCP_21376	-0.9999733457	0.004648149592	3	ZINC77024257	LSM-1171	MDM2	10uM	HEC108	6h	LINCSCP_21376
LINCSCP_107777	-0.9999733338	0.004649185615	3	SPECTRUM2_000920	LSM-1590	NA	0.04uM	HELA	24h	LINCSCP_107777
LINCSCP_92030	0.9999733109	0.004651176573	3	Lesinurad	LSM-45661	SLC22A12	0.12uM	HA1E	24h	LINCSCP_92030
LINCSCP_158245	-0.9999731735	0.004663139581	3	BRD-A08662020	LSM-45607	NA	0.12uM	PC3	24h	LINCSCP_158245
LINCSCP_70447	-0.9999730521	0.004673675767	3	CHEMBL2132289	LSM-1044	RPS6KA3	3.33uM	A375	24h	LINCSCP_70447
LINCSCP_48427	0.9999730432	0.004674443519	3	BRD-K17139610	LSM-9464	NA	10uM	PC3	24h	LINCSCP_48427
LINCSCP_37991	-0.999972987	0.004679319198	3	BRD-K04856990	LSM-37532	NA	0.5uM	MCF7	6h	LINCSCP_37991
LINCSCP_142	0.9999728745	0.004689050512	3	Benzoxiquine	LSM-3570	NA	10uM	A375	6h	LINCSCP_142
LINCSCP_138606	0.9999728123	0.00469442395	3	Acarbose	LSM-4631	AMY2A|MGAM	10uM	MCF7	24h	LINCSCP_138606
LINCSCP_17713	-0.9999726602	0.004707541295	3	GMX1778	LSM-6247	NAMPT	0.1uM	HCC15	6h	LINCSCP_17713
LINCSCP_77385	0.9999725905	0.004713537947	3	MG-132	LSM-1107	PSMB1	20uM	A375	24h	LINCSCP_77385
LINCSCP_45889	-0.9999724613	0.004724634053	3	VU0402604-1	LSM-2016	NA	10uM	PC3	24h	LINCSCP_45889
LINCSCP_132073	0.9999723524	0.004733964865	3	Apitolisib (gdc-0980, rg7422)	LSM-4257	PIK3CA|PIK3CB|PIK3CD|PIK3CG|MTOR	3.33uM	MCF7	24h	LINCSCP_132073
LINCSCP_269120	0.9999723499	0.004734172827	3	MLS002276507	LSM-2327	NA	10uM	PC3	24h	LINCSCP_269120
LINCSCP_105962	-0.9999722339	0.004744096356	3	Cyproterone Acetate	LSM-45961	NA	0.04uM	HELA	24h	LINCSCP_105962
LINCSCP_87226	0.9999722007	0.004746931209	3	GSK429286A	LSM-1012	ROCK1	0.12uM	CD34	24h	LINCSCP_87226
LINCSCP_175512	-0.9999721615	0.004750282005	3	MG-132	LSM-1107	PSMB1	20uM	YAPC	24h	LINCSCP_175512
LINCSCP_95187	-0.9999720412	0.004760533209	3	Triflupromazine	LSM-3421	DRD2|HTR2B	3.33uM	HA1E	24h	LINCSCP_95187
LINCSCP_251083	-0.9999719888	0.004764990613	3	Veliparib	LSM-1146	PARP1|PARP2	0.001uM	MCF7	24h	LINCSCP_251083
LINCSCP_13341	-0.9999718836	0.004773930066	3	Kenpaullone	LSM-2824	CDK1|CDK5|GSK3B	10uM	FIBRNPC	6h	LINCSCP_13341
LINCSCP_92366	-0.9999718299	0.004778489948	3	BRD-A28746609	LSM-1102	NR1I2|TUBB	0.04uM	HA1E	24h	LINCSCP_92366
LINCSCP_63182	0.9999718096	0.004780209773	3	BRD-K73843002	LSM-12952	NA	5uM	VCAP	6h	LINCSCP_63182
LINCSCP_71493	0.9999717475	0.004785470908	3	MK 0893	LSM-45875	GCGR	10uM	A375	24h	LINCSCP_71493
LINCSCP_76502	-0.9999716234	0.004795970775	3	BRD-A08662020	LSM-45607	NA	0.12uM	A375	24h	LINCSCP_76502
LINCSCP_165825	-0.9999714799	0.004808076845	3	I-BET151	LSM-6335	NA	0.04uM	SKL	24h	LINCSCP_165825
LINCSCP_149782	-0.9999713246	0.004821152305	3	HG-14-10-04	LSM-6345	NA	3.33uM	NPC.TAK	24h	LINCSCP_149782
LINCSCP_89346	-0.9999712246	0.004829549467	3	Aminoglutethimide	LSM-1409	CYP11A1|CYP19A1	3.33uM	HA1E	24h	LINCSCP_89346
LINCSCP_25080	0.9999711601	0.004834958914	3	Tivozanib	LSM-1005	FLT1|FLT4|KDR|KIT|PDGFRA|PDGFRB	10uM	HT115	6h	LINCSCP_25080
LINCSCP_34652	-0.9999711338	0.00483716839	3	NCGC00016544-01	LSM-5302	NA	10uM	MCF7	24h	LINCSCP_34652
LINCSCP_13450	0.9999711038	0.004839678694	3	CT-200783	LSM-43273	NA	10uM	H1299	6h	LINCSCP_13450
LINCSCP_8	0.9999709393	0.004853435015	3	Dabrafenib	LSM-6303	BRAF	3uM	A375	24h	LINCSCP_8
LINCSCP_163649	0.9999708459	0.004861231802	3	GSK-1904529A	LSM-1134	IGF1R|INSR	3.33uM	SKBR3	24h	LINCSCP_163649
LINCSCP_31927	-0.9999707964	0.004865351876	3	62134-48-9	LSM-4651	NA	10uM	MCF7	24h	LINCSCP_31927
LINCSCP_211754	0.9999707174	0.004871927661	3	KU-55933	LSM-1074	ATM	10uM	HA1E	6h	LINCSCP_211754
LINCSCP_29379	-0.9999706613	0.004876592206	3	10-DEBC	LSM-4710	PIM1	20uM	LOVO	6h	LINCSCP_29379
LINCSCP_49658	-0.999970653	0.004877283136	3	Avrainvillamide-analog-6	LSM-37107	NA	0.12uM	PC3	24h	LINCSCP_49658
LINCSCP_112830	0.9999706031	0.004881430002	3	GSK 1059615	LSM-42799	PIK3CA|PIK3CB|PIK3CD|PIK3CG	10uM	HEPG2	24h	LINCSCP_112830
LINCSCP_29586	-0.9999705182	0.004888475291	3	SCHEMBL15556278	LSM-1002	DDR1	0.5uM	MCF10A	24h	LINCSCP_29586
LINCSCP_70119	-0.9999703139	0.004905378062	3	GSK-J1	LSM-44939	NA	10uM	A375	24h	LINCSCP_70119
LINCSCP_133281	-0.9999703099	0.004905709453	3	Tivantinib	LSM-1131	MET	3.33uM	MCF7	24h	LINCSCP_133281
LINCSCP_163964	-0.9999702477	0.004910851314	3	BRD-A24396574-001-01-5	LSM-5006	NA	10uM	SKBR3	3h	LINCSCP_163964
LINCSCP_83045	-0.9999702447	0.00491109806	3	Bosutinib	LSM-1190	ABL1|BCR|CAMK2G|HCK|LYN|SRC	10uM	ASC.C	24h	LINCSCP_83045
LINCSCP_18509	0.9999701474	0.004919121276	3	MT-21	LSM-1969	CYCS	10uM	HCC515	24h	LINCSCP_18509
LINCSCP_105805	0.9999700639	0.004925989367	3	CLIMBAZOLE	LSM-45377	NA	0.12uM	HELA	24h	LINCSCP_105805
LINCSCP_40318	-0.9999699832	0.00493263146	3	3,7-Bis(dimethylamino)phenothiazin-5-ium	LSM-4555	ACHE	10uM	NCIH596	6h	LINCSCP_40318
LINCSCP_157017	0.9999698931	0.004940029086	3	Foretinib	LSM-1158	FLT1|FLT3|FLT4|KDR|KIT|MET|PDGFRA|PDGFRB|TEK	0.37uM	PC3	24h	LINCSCP_157017
LINCSCP_8001	0.9999697916	0.004948348495	3	Racepinephrine	LSM-4958	ADRA1A|ADRA1B|ADRA1D|ADRA2A|ADRA2B|ADRA2C|ADRB1|ADRB2|ADRB3	10uM	A549	6h	LINCSCP_8001
LINCSCP_88096	0.9999696893	0.004956713953	3	PI-103	LSM-1126	MTOR|PIK3CA|PIK3CB|PIK3CD|PIK3CG	0.37uM	HA1E	24h	LINCSCP_88096
LINCSCP_134862	0.999969563	0.004967032382	3	Nevirapine	LSM-5336	CYP1A2|CYP2A6|CYP2B6|CYP2C9|CYP2D6|CYP3A4|CYP3A5	1.11uM	MCF7	24h	LINCSCP_134862
LINCSCP_105142	0.9999694868	0.004973249099	3	ATN-161 (trifluoroacetate salt)	LSM-45295	NA	10uM	HELA	24h	LINCSCP_105142
LINCSCP_61591	0.999969401	0.004980237295	3	BRD-K35189425	LSM-10544	NA	5uM	VCAP	24h	LINCSCP_61591
LINCSCP_75463	-0.9999693774	0.004982153939	3	Valproic acid	LSM-4620	ABAT|ALDH5A1|HDAC1|SCN1A|SCN3A	0.04uM	A375	24h	LINCSCP_75463
LINCSCP_162063	-0.9999693049	0.0049880472	3	Trimebutine	LSM-5182	OPRD1|OPRK1|OPRM1	3.33uM	PC3	24h	LINCSCP_162063
LINCSCP_154330	-0.9999690938	0.005005173724	3	Mibefradil	LSM-2192	CACNA1C|CACNA1G|CACNA1H|CACNA1I	0.12uM	PC3	24h	LINCSCP_154330
LINCSCP_162748	0.9999688331	0.005026235406	3	Piperidolate	LSM-1951	CHRM1	1.11uM	PC3	24h	LINCSCP_162748
LINCSCP_113223	-0.9999687635	0.005031849888	3	THZ-2-98-01	LSM-44946	NA	0.04uM	HME1	24h	LINCSCP_113223
LINCSCP_16955	0.9999686323	0.005042406036	3	Zuclomiphene	LSM-42849	ESR1	10uM	HA1E	6h	LINCSCP_16955
LINCSCP_16230	0.9999684415	0.005057714102	3	CHEMBL2142321	LSM-4813	NA	10uM	HA1E	6h	LINCSCP_16230
LINCSCP_7045	0.9999682873	0.005070054014	3	CHEMBL57427	LSM-2840	NA	10uM	A549	24h	LINCSCP_7045
LINCSCP_92055	0.9999682857	0.005070187692	3	AMG 487	LSM-45938	NA	0.04uM	HA1E	24h	LINCSCP_92055
LINCSCP_202765	-0.9999682421	0.005073672915	3	2-(Allylamino)-3-chloronaphthoquinone	LSM-19709	NA	0.1uM	A549	6h	LINCSCP_202765
LINCSCP_283020	-0.9999680889	0.005085892421	3	BRD32048	LSM-4943	NA	10uM	RKO	6h	LINCSCP_283020
LINCSCP_19854	0.9999680723	0.005087211958	3	SR-02000000448	LSM-2483	NA	10uM	HCC515	6h	LINCSCP_19854
LINCSCP_312225	0.9999677275	0.005114614463	3	BRD-K86182839	LSM-41973	NA	10uM	VCAP	6h	LINCSCP_312225
LINCSCP_258540	0.9999677231	0.005114960076	3	U-0126	LSM-42807	MAP2K1|MAP2K2	10uM	NEU	24h	LINCSCP_258540
LINCSCP_14268	-0.9999676699	0.005119170258	3	522-11-2	LSM-3052	NA	10uM	HA1E	6h	LINCSCP_14268
LINCSCP_68038	0.9999676358	0.005121874281	3	Vorinostat	LSM-3828	HDAC1|HDAC2|HDAC3|HDAC6|HDAC8	0.5uM	PC3	24h	LINCSCP_68038
LINCSCP_9606	-0.9999668808	0.005181270085	3	NVP-AUY922	LSM-1162	HSP90AA1|HSP90AB1	0.001uM	A549	6h	LINCSCP_9606
LINCSCP_119592	-0.999966813	0.005186568822	3	Phenylbutazone	LSM-2219	PTGS1|PTGS2	0.12uM	HT29	24h	LINCSCP_119592
LINCSCP_68077	-0.9999667566	0.005190976892	3	13-Hydroxy-8,14,19-trimethoxy-4,10,12,16-tetramethyl-3,20,22-trioxo-2-azabicyclo[16.3.1]docosa-1(21),4,6,10,18-pentaen-9-yl carbamate	LSM-42815	HSP90AA1	1uM	PC3	6h	LINCSCP_68077
LINCSCP_122187	-0.9999666976	0.005195584188	3	Raltegravir	LSM-5233	NA	0.04uM	HT29	24h	LINCSCP_122187
LINCSCP_29838	0.9999666156	0.005201972181	3	OSI-027	LSM-1063	MTOR	10uM	MCF10A	6h	LINCSCP_29838
LINCSCP_71337	-0.9999665305	0.005208602635	3	Torsemide	LSM-2662	SLC12A1	10uM	A375	24h	LINCSCP_71337
LINCSCP_132972	0.9999664375	0.005215827537	3	BI-2536	LSM-1041	PLK1	3.33uM	MCF7	3h	LINCSCP_132972
LINCSCP_89628	-0.9999663158	0.005225275176	3	MK-2866 (GTx-024)	LSM-45447	AR	1.11uM	HA1E	24h	LINCSCP_89628
LINCSCP_25027	-0.9999661803	0.005235781145	3	AG 14361	LSM-1988	PARP1	20uM	HT115	6h	LINCSCP_25027
LINCSCP_164412	0.9999657326	0.005270317618	3	GSK 1059615	LSM-42799	PIK3CA|PIK3CB|PIK3CD|PIK3CG	1.11uM	SKL.C	24h	LINCSCP_164412
LINCSCP_9322	-0.9999655792	0.005282106464	3	Thioridazine	LSM-1863	DRD1|DRD2|DRD3|DRD4|HTR2A|HTR2C	3uM	A549	6h	LINCSCP_9322
LINCSCP_66578	0.999965574	0.005282498609	3	Wortmannin	LSM-3947	PIK3CA|PIK3CG|PLK1	10uM	A549	6h	LINCSCP_66578
LINCSCP_65226	-0.999965239	0.005308139716	3	BRD-K14593092	LSM-38027	NA	10uM	VCAP	24h	LINCSCP_65226
LINCSCP_251933	-0.9999650217	0.005324703649	3	C24H25CLFN5O3	LSM-42794	EGFR|ERBB2|ERBB4	0.5uM	MCF7	6h	LINCSCP_251933
LINCSCP_12873	0.9999649116	0.005333084411	3	Tozasertib	LSM-1021	ABL1|AURKA|AURKB|AURKC|BCR|FLT3|JAK2	10uM	DV90	6h	LINCSCP_12873
LINCSCP_22443	0.9999649045	0.005333620075	3	CHEMBL2131967	LSM-42358	NA	10uM	HEPG2	6h	LINCSCP_22443
LINCSCP_12015	0.99996489	0.005334721459	3	AZD-8055	LSM-1007	MTOR	0.1uM	BT20	6h	LINCSCP_12015
LINCSCP_88208	-0.9999648846	0.005335131885	3	Imatinib	LSM-1023	ABL1|BCR|CSF1R|KIT|PDGFRA|PDGFRB	0.37uM	HA1E	24h	LINCSCP_88208
LINCSCP_169641	-0.9999648441	0.005338205336	3	Pomalidomide	LSM-45637	CRBN|CUL4A|DDB1|RBX1	0.37uM	YAPC	24h	LINCSCP_169641
LINCSCP_7976	0.9999647146	0.005348032246	3	BRD-K50177987	LSM-40052	NA	10uM	A549	6h	LINCSCP_7976
LINCSCP_31065	0.9999647075	0.005348572248	3	CHEMBL1474387	LSM-42951	NPSR1	10uM	MCF7	6h	LINCSCP_31065
LINCSCP_122952	-0.9999645297	0.00536202612	3	Triclosan	LSM-2929	DNMT1	1.11uM	HT29	24h	LINCSCP_122952
LINCSCP_19315	-0.9999644688	0.005366627399	3	Cytochalasin B	LSM-43278	ACTB	10uM	HCC515	24h	LINCSCP_19315
LINCSCP_64941	0.9999644428	0.005368591576	3	BRD-K62841356	LSM-40710	NA	10uM	VCAP	24h	LINCSCP_64941
LINCSCP_294934	-0.9999643847	0.005372972719	3	F3284-4453	LSM-4777	NA	10uM	VCAP	24h	LINCSCP_294934
LINCSCP_23883	-0.9999642596	0.005382404808	3	Tozasertib	LSM-1021	ABL1|AURKA|AURKB|AURKC|BCR|FLT3|JAK2	3.33uM	HEPG2	24h	LINCSCP_23883
LINCSCP_4503	0.9999641792	0.00538845256	3	Erismodegib	LSM-4938	SMO	10uM	A549	24h	LINCSCP_4503
LINCSCP_163136	0.999963787	0.005417871842	3	Neratinib	LSM-42778	EGFR|ERBB2|ERBB4	0.37uM	SKBR3	3h	LINCSCP_163136
LINCSCP_81147	-0.9999637661	0.00541943773	3	SCHEMBL570779	LSM-1149	NA	0.04uM	A549	24h	LINCSCP_81147
LINCSCP_12818	0.9999636927	0.005424917886	3	AGK 2	LSM-43196	SIRT2	10uM	DV90	6h	LINCSCP_12818
LINCSCP_81439	0.9999636178	0.005430512253	3	BI-2536	LSM-1041	PLK1	0.37uM	A549	24h	LINCSCP_81439
LINCSCP_160248	0.9999633331	0.005451718472	3	PF-04457845	LSM-45946	NA	0.12uM	PC3	24h	LINCSCP_160248
LINCSCP_122254	-0.9999633017	0.005454053598	3	Efaproxiral Sodium	LSM-45515	HBA1|HBA2|HBB	10uM	HT29	24h	LINCSCP_122254
LINCSCP_48088	0.9999632328	0.005459172841	3	ST059620	LSM-37140	NA	20uM	PC3	24h	LINCSCP_48088
LINCSCP_90592	-0.9999631281	0.005466940999	3	Lexibulin	LSM-6232	TUBA1A|TUBA1B|TUBA1C|TUBA3E|TUBA4A|TUBB|TUBB1|TUBB2A|TUBB2B|TUBB3|TUBB4A|TUBB4B|TUBB6|TUBB8	1.11uM	HA1E	24h	LINCSCP_90592
LINCSCP_132883	-0.9999630524	0.005472548324	3	LRRK2-IN-1	LSM-1086	LRRK2	1.11uM	MCF7	24h	LINCSCP_132883
LINCSCP_13398	-0.9999629614	0.005479285376	3	TWS 119	LSM-1111	GSK3B	10uM	FIBRNPC	6h	LINCSCP_13398
LINCSCP_68355	0.999962958	0.005479533587	3	13-Hydroxy-8,14,19-trimethoxy-4,10,12,16-tetramethyl-3,20,22-trioxo-2-azabicyclo[16.3.1]docosa-1(21),4,6,10,18-pentaen-9-yl carbamate	LSM-42815	HSP90AA1	10uM	VCAP	24h	LINCSCP_68355
LINCSCP_148057	-0.9999628316	0.005488875415	3	Rabusertib	LSM-36359	CHEK1	1.11uM	NPC.CAS9	24h	LINCSCP_148057
LINCSCP_136495	0.9999627107	0.005497794268	3	Moricizine	LSM-2476	SCN10A|SCN11A|SCN1A|SCN2A|SCN3A|SCN4A|SCN5A|SCN7A|SCN8A|SCN9A	10uM	MCF7	24h	LINCSCP_136495
LINCSCP_17480	0.9999626595	0.005501570414	3	Raloxifene	LSM-3425	ESR1|ESR2	10uM	HA1E	24h	LINCSCP_17480
LINCSCP_113893	0.9999625087	0.005512666755	3	GSK 1059615	LSM-42799	PIK3CA|PIK3CB|PIK3CD|PIK3CG	10uM	HME1	24h	LINCSCP_113893
LINCSCP_81788	-0.999962341	0.005524983737	3	Cabozantinib	LSM-1195	KDR|MET	3.33uM	A549	24h	LINCSCP_81788
LINCSCP_2454	0.9999622336	0.005532855665	3	ZINC01037382	LSM-43107	NA	10uM	A375	6h	LINCSCP_2454
LINCSCP_92313	-0.9999621683	0.005537637786	3	KX2-391	LSM-45890	SRC	10uM	HA1E	24h	LINCSCP_92313
LINCSCP_56804	-0.9999621319	0.005540300172	3	RS-23597-190	LSM-6204	HTR4	100uM	VCAP	24h	LINCSCP_56804
LINCSCP_68163	-0.9999619575	0.005553045734	3	Trichostatin A, Streptomyces Sp.	LSM-42814	HDAC1|HDAC10|HDAC3|HDAC4|HDAC6|HDAC7|HDAC8	3uM	PC3	6h	LINCSCP_68163
LINCSCP_61579	0.9999619061	0.005556792758	3	BRD-K25473383	LSM-9976	NA	5uM	VCAP	24h	LINCSCP_61579
LINCSCP_77245	0.9999618993	0.005557289113	3	Torcetrapib	LSM-45543	NA	10uM	A375	24h	LINCSCP_77245
LINCSCP_42204	-0.9999615173	0.005585081264	3	ALD1-H_000967	LSM-45113	NA	10uM	NPC	24h	LINCSCP_42204
LINCSCP_30770	0.9999614916	0.005586943104	3	MST-312	LSM-6230	TERT	10uM	MCF7	6h	LINCSCP_30770
LINCSCP_128360	0.9999614244	0.005591814779	3	Tivozanib	LSM-1005	FLT1|FLT4|KDR|KIT|PDGFRA|PDGFRB	10uM	HUVEC	24h	LINCSCP_128360
LINCSCP_21998	0.9999613797	0.005595052001	3	CHEMBL1551506	LSM-2315	NA	10uM	HEPG2	6h	LINCSCP_21998
LINCSCP_93386	0.9999613678	0.005595914203	3	Pimozide	LSM-2001	DRD1|DRD2|DRD3|DRD4|DRD5|HTR2A	10uM	HA1E	24h	LINCSCP_93386
LINCSCP_61786	-0.9999611545	0.005611341316	3	BRD-K46796516	LSM-11286	NA	5uM	VCAP	24h	LINCSCP_61786
LINCSCP_253	-0.9999607701	0.005639039617	3	Tropisetron	LSM-5617	HTR3A	10uM	A375	24h	LINCSCP_253
LINCSCP_37242	0.9999607495	0.005640518032	3	SA-1459975	LSM-40000	NA	3uM	MCF7	24h	LINCSCP_37242
LINCSCP_66569	-0.9999607285	0.005642030925	3	13-Hydroxy-8,14,19-trimethoxy-4,10,12,16-tetramethyl-3,20,22-trioxo-2-azabicyclo[16.3.1]docosa-1(21),4,6,10,18-pentaen-9-yl carbamate	LSM-42815	HSP90AA1	10uM	A549	6h	LINCSCP_66569
LINCSCP_201163	0.999960639	0.005648453398	3	Trichostatin	LSM-43005	HDAC1|HDAC10|HDAC3|HDAC4|HDAC6|HDAC7|HDAC8	0.01uM	A549	24h	LINCSCP_201163
LINCSCP_121605	-0.9999604795	0.005659889348	3	CI-1040	LSM-1048	MAP2K1|MAP2K2	0.12uM	HT29	24h	LINCSCP_121605
LINCSCP_74146	0.9999603662	0.005667991779	3	Tioconazole	LSM-5028	NA	0.12uM	A375	24h	LINCSCP_74146
LINCSCP_77265	0.9999598956	0.005701548802	3	BI-2536	LSM-1041	PLK1	1.11uM	A375	24h	LINCSCP_77265
LINCSCP_29950	0.999959799	0.005708406402	3	GSK 1059615	LSM-42799	PIK3CA|PIK3CB|PIK3CD|PIK3CG	1uM	MCF10A	6h	LINCSCP_29950
LINCSCP_45907	-0.9999597347	0.005712970488	3	SMR000082310	LSM-2595	NA	10uM	PC3	24h	LINCSCP_45907
LINCSCP_284037	-0.9999594785	0.005731120773	3	Vorinostat	LSM-3828	HDAC1|HDAC2|HDAC3|HDAC6|HDAC8	10uM	SKB	24h	LINCSCP_284037
LINCSCP_129096	-0.9999590953	0.005758150637	3	TAK-715	LSM-1060	MAPK14	3.33uM	HUVEC	24h	LINCSCP_129096
LINCSCP_153200	-0.9999590737	0.005759671537	3	Sotrastaurin	LSM-42761	PRKCA|PRKCB|PRKCD|PRKCE|PRKCG|PRKCH|PRKCI|PRKCQ|PRKCZ|PRKD1|PRKD3	3.33uM	PC3	24h	LINCSCP_153200
LINCSCP_41083	-0.9999590552	0.005760973006	3	BRD-K16782389	LSM-9444	NA	10uM	NEU	24h	LINCSCP_41083
LINCSCP_84728	-0.9999589269	0.0057699944	3	Rabusertib	LSM-36359	CHEK1	10uM	ASC	24h	LINCSCP_84728
LINCSCP_109461	-0.9999586723	0.005787851488	3	Tamsulosin HCl	LSM-45903	ADRA1A|ADRA1B|ADRA1D	10uM	HELA	24h	LINCSCP_109461
LINCSCP_16398	0.9999586452	0.005789748453	3	ST50920250	LSM-4230	NA	10uM	HA1E	6h	LINCSCP_16398
LINCSCP_253217	0.9999583138	0.005812897657	3	Thiostrepton	LSM-43142	FOXM1	10uM	MCF7	6h	LINCSCP_253217
LINCSCP_88172	-0.9999581034	0.00582754948	3	noscapine	NA	NA	0.37uM	HA1E	24h	LINCSCP_88172
LINCSCP_102136	-0.9999580849	0.005828836636	3	Dacarbazine	LSM-5487	NA	10uM	HELA	24h	LINCSCP_102136
LINCSCP_11807	-0.9999576372	0.005859884926	3	SB 239063	LSM-44951	MAPK11|MAPK14	0.5uM	BT20	24h	LINCSCP_11807
LINCSCP_65351	-0.9999573258	0.005881379242	3	BRD-K84807441	LSM-41901	NA	10uM	VCAP	24h	LINCSCP_65351
LINCSCP_175757	-0.9999572753	0.005884863224	3	Bifonazole	LSM-5184	NA	0.37uM	YAPC	24h	LINCSCP_175757
LINCSCP_158884	-0.9999571608	0.005892742362	3	Guanethidine	LSM-6719	SLC6A2	3.33uM	PC3	24h	LINCSCP_158884
LINCSCP_86349	0.9999570908	0.005897553695	3	A-443654	LSM-1045	NA	0.37uM	BT20	3h	LINCSCP_86349
LINCSCP_151694	0.999957042	0.005900908817	3	BRD-A25736793	LSM-43054	MTOR	0.37uM	PC3	24h	LINCSCP_151694
LINCSCP_132686	-0.9999568541	0.005913795457	3	Withaferin A	LSM-6685	IKBKB|NAMPT	0.37uM	MCF7	24h	LINCSCP_132686
LINCSCP_32488	-0.9999567733	0.005919331441	3	F1679-0128	LSM-4626	NA	10uM	MCF7	24h	LINCSCP_32488
LINCSCP_60019	-0.9999564132	0.005943939167	3	BRD-K27841704	LSM-7204	NA	5uM	VCAP	24h	LINCSCP_60019
LINCSCP_9669	-0.9999564009	0.005944772569	3	AC1Q6JJ5	LSM-6192	TOP2A	0.01uM	A549	24h	LINCSCP_9669
LINCSCP_48585	-0.9999561615	0.005961071546	3	BRD-K85236313	LSM-41922	NA	10uM	PC3	24h	LINCSCP_48585
LINCSCP_110784	-0.9999558945	0.005979200693	3	MG-132	LSM-1107	PSMB1	20uM	HELA	24h	LINCSCP_110784
LINCSCP_310673	-0.9999558346	0.005983258147	3	BRD-K82440152	LSM-41777	NA	10uM	VCAP	6h	LINCSCP_310673
LINCSCP_298938	-0.9999558294	0.005983609847	3	BRD-K31039264	LSM-7252	NA	5uM	VCAP	6h	LINCSCP_298938
LINCSCP_14381	-0.999955808	0.005985059353	3	60559-98-0	LSM-1975	KCNJ11	10uM	HA1E	24h	LINCSCP_14381
LINCSCP_83830	-0.9999557621	0.005988171149	3	Dabrafenib	LSM-6303	BRAF	10uM	ASC.C	24h	LINCSCP_83830
LINCSCP_31827	0.9999556903	0.005993023181	3	Dextrorphan	LSM-36603	OPRD1|OPRK1|OPRM1	10uM	MCF7	6h	LINCSCP_31827
LINCSCP_85058	-0.9999556865	0.005993279709	3	ZINC77024257	LSM-1171	MDM2	1.11uM	ASC	24h	LINCSCP_85058
LINCSCP_272441	-0.9999556783	0.005993834004	3	Lomefloxacin	LSM-5145	NA	10uM	PC3	24h	LINCSCP_272441
LINCSCP_132284	0.9999556337	0.005996852427	3	PF431396	LSM-1116	NA	1.11uM	MCF7	3h	LINCSCP_132284
LINCSCP_165498	0.9999555039	0.006005620505	3	MLN-0128	LSM-1206	MTOR	1.11uM	SKL	24h	LINCSCP_165498
LINCSCP_163010	0.9999554891	0.006006615206	3	Apitolisib (gdc-0980, rg7422)	LSM-4257	PIK3CA|PIK3CB|PIK3CD|PIK3CG|MTOR	1.11uM	SKBR3	24h	LINCSCP_163010
LINCSCP_88100	-0.9999554323	0.006010446236	3	A-443654	LSM-1045	NA	1.11uM	HA1E	24h	LINCSCP_88100
LINCSCP_4922	-0.9999553629	0.006015123529	3	639090-55-4	LSM-2500	NA	10uM	A549	24h	LINCSCP_4922
LINCSCP_22047	0.9999553382	0.006016792803	3	KUC104337	LSM-2893	NA	10uM	HEPG2	6h	LINCSCP_22047
LINCSCP_33175	-0.999955268	0.006021516534	3	CHEBI:48565	LSM-1614	ADRA2A|ADRA2B|ADRA2C|HTR1A|HTR1B|HTR1D|HTR2B	10uM	MCF7	6h	LINCSCP_33175
LINCSCP_116367	-0.9999551926	0.006026586687	3	Radicicol	LSM-43303	NA	10uM	HT29	24h	LINCSCP_116367
LINCSCP_93197	-0.9999549026	0.006046063537	3	Bopindolol  malonate	LSM-45796	NA	0.37uM	HA1E	24h	LINCSCP_93197
LINCSCP_142602	-0.9999548905	0.006046873704	3	HMN-214	LSM-42802	CSF1R|FLT1|FLT3|FLT4|KDR|KIT|PDGFRB|RET	3.33uM	MCF7	24h	LINCSCP_142602
LINCSCP_22760	-0.9999548746	0.006047934479	3	Hinokitiol	LSM-2835	NA	10uM	HEPG2	6h	LINCSCP_22760
LINCSCP_537	-0.9999546967	0.006059850314	3	Tomelukast	LSM-3675	CYSLTR1	10uM	A375	6h	LINCSCP_537
LINCSCP_332	-0.9999546305	0.006064273036	3	SRC Kinase Inhibitor I	LSM-3112	CSK|LCK	10uM	A375	24h	LINCSCP_332
LINCSCP_94562	-0.9999541785	0.006094409498	3	ICI 192,605	LSM-45545	NA	10uM	HA1E	24h	LINCSCP_94562
LINCSCP_93975	-0.999954172	0.006094838648	3	CLIMBAZOLE	LSM-45377	NA	0.37uM	HA1E	24h	LINCSCP_93975
LINCSCP_141458	-0.9999539442	0.006109971397	3	Cediranib	LSM-5926	FLT1|FLT4|KDR|KIT|PDGFRA|PDGFRB	0.37uM	MCF7	24h	LINCSCP_141458
LINCSCP_45916	0.9999536128	0.006131908274	3	AC1NCVYC	LSM-2836	NA	10uM	PC3	24h	LINCSCP_45916
LINCSCP_95582	0.9999535163	0.006138286369	3	TG100-115	LSM-5731	PIK3CD|PIK3CG	10uM	HA1E	24h	LINCSCP_95582
LINCSCP_146457	0.9999532981	0.006152676896	3	Tyrphostin AG-1478	LSM-1224	EGFR	0.37uM	NEU	24h	LINCSCP_146457
LINCSCP_630	0.9999532545	0.006155548837	3	CHEMBL1242477	LSM-6208	PIK3CA|PIK3CB|PIK3CD|PIK3CG	20uM	A375	24h	LINCSCP_630
LINCSCP_42085	-0.9999529161	0.006177786013	3	MLS000589843	LSM-43120	NA	0.5uM	NOMO1	6h	LINCSCP_42085
LINCSCP_163005	0.9999528677	0.006180965387	3	PIK-93	LSM-1191	NA	0.37uM	SKBR3	24h	LINCSCP_163005
LINCSCP_25626	0.999952867	0.006181006509	3	JSH-23	LSM-5897	RELA	5uM	HT29	24h	LINCSCP_25626
LINCSCP_156714	0.9999528668	0.006181022075	3	179324-69-7	LSM-6281	ADRM1|PSMA1|PSMA2|PSMA3|PSMA4|PSMA5|PSMA6|PSMA7|PSMA8|PSMB1|PSMB10|PSMB11|PSMB2|PSMB3|PSMB4|PSMB5|PSMB6|PSMB7|PSMB8|PSMB9|PSMC1|PSMC2|PSMC3|PSMC4|PSMC5|PSMC6|PSMD1|PSMD11|PSMD12|PSMD13|PSMD14|PSMD2|PSMD3|PSMD4|PSMD6|PSMD7|PSMD8|SEM1	20uM	PC3	24h	LINCSCP_156714
LINCSCP_42122	-0.9999528543	0.006181843397	3	ZINC27645180	LSM-5250	NFKB1|TNF	10uM	NPC	24h	LINCSCP_42122
LINCSCP_135541	-0.9999528418	0.006182663486	3	Oprozomib (ONX 0912)	LSM-45496	NA	0.04uM	MCF7	24h	LINCSCP_135541
LINCSCP_138472	-0.9999527598	0.006188030988	3	Colchicine	LSM-5199	TUBA1A|TUBA1B|TUBA1C|TUBA3E|TUBA4A|TUBB|TUBB1|TUBB2A|TUBB2B|TUBB3|TUBB4A|TUBB4B|TUBB6|TUBB8	0.12uM	MCF7	24h	LINCSCP_138472
LINCSCP_50444	0.9999526089	0.006197912466	3	BRD-K32581454-001-01-5	LSM-6827	NA	3uM	PHH	6h	LINCSCP_50444
LINCSCP_125714	0.9999524072	0.006211085063	3	Tacalcitol	LSM-45518	NA	0.12uM	HT29	24h	LINCSCP_125714
LINCSCP_2909	-0.9999524067	0.006211116083	3	CTK8E7509	LSM-3630	CYSLTR1	10uM	A375	6h	LINCSCP_2909
LINCSCP_279183	-0.9999523787	0.006212946497	3	BRD-K86845397	LSM-42007	NA	10uM	PC3	6h	LINCSCP_279183
LINCSCP_115321	0.9999522171	0.006223475342	3	Apitolisib (gdc-0980, rg7422)	LSM-4257	PIK3CA|PIK3CB|PIK3CD|PIK3CG|MTOR	3.33uM	HS578T	3h	LINCSCP_115321
LINCSCP_206054	-0.9999521031	0.006230896121	3	PF-04217903	LSM-1166	MET	40uM	CORL23	6h	LINCSCP_206054
LINCSCP_24974	-0.9999519916	0.006238147299	3	AZD-5438	LSM-1159	CDK1|CDK10|CDK11B|CDK12|CDK13|CDK14|CDK15|CDK16|CDK17|CDK18|CDK19|CDK2|CDK20|CDK3|CDK4|CDK5|CDK6|CDK7|CDK8|CDK9	1uM	HS578T	6h	LINCSCP_24974
LINCSCP_49552	-0.9999517894	0.006251268668	3	CHEMBL2130605	LSM-22206	NA	0.37uM	PC3	24h	LINCSCP_49552
LINCSCP_3361	-0.9999516984	0.006257163244	3	BRD-K58490891	LSM-40468	NA	5uM	A375	24h	LINCSCP_3361
LINCSCP_111869	-0.9999514941	0.006270386757	3	QL47	LSM-6019	BMX|BTK	0.12uM	HEPG2	24h	LINCSCP_111869
LINCSCP_38621	-0.9999510501	0.006299016802	3	Enclomiphene	LSM-42850	ESR1	0.37uM	MCF7	24h	LINCSCP_38621
LINCSCP_71247	0.9999509909	0.006302828044	3	Dutasteride	LSM-45861	SRD5A1|SRD5A2|SRD5A3	10uM	A375	24h	LINCSCP_71247
LINCSCP_23295	-0.9999509609	0.006304754127	3	CHEMBL2141840	LSM-42619	NA	10uM	HEPG2	6h	LINCSCP_23295
LINCSCP_37448	-0.9999509167	0.006307596183	3	D-64131	LSM-2592	TUBB	1uM	MCF7	24h	LINCSCP_37448
LINCSCP_58076	-0.9999508445	0.00631223018	3	Fenoldopam	LSM-1609	DRD1	10uM	VCAP	24h	LINCSCP_58076
LINCSCP_88490	0.9999506573	0.006324241607	3	GSK 1059615	LSM-42799	PIK3CA|PIK3CB|PIK3CD|PIK3CG	0.04uM	HA1E	24h	LINCSCP_88490
LINCSCP_146465	0.9999504284	0.006338894095	3	KW-2449	LSM-42803	ABL1|AURKA|AURKB|FLT3	0.04uM	NEU	24h	LINCSCP_146465
LINCSCP_240938	-0.9999501726	0.006355226081	3	Temefos	LSM-3148	NA	10uM	MCF7	6h	LINCSCP_240938
LINCSCP_83596	-0.9999500325	0.00636415316	3	UNC0638	LSM-6325	NA	0.12uM	ASC.C	24h	LINCSCP_83596
LINCSCP_27343	-0.9999499175	0.006371476877	3	Piperacillin	LSM-5924	NA	10uM	HT29	6h	LINCSCP_27343
LINCSCP_174670	-0.9999497638	0.006381244664	3	Carbachol Chloride	LSM-5827	CHRM1|CHRM2|CHRM3|CHRNA2	0.04uM	YAPC	24h	LINCSCP_174670
LINCSCP_242891	-0.9999497494	0.006382159322	3	BRD-K09186736-001-01-2	LSM-37761	NA	10uM	MCF7	24h	LINCSCP_242891
LINCSCP_148574	-0.9999496779	0.006386696443	3	COT Inhibitor-2	LSM-1154	NA	10uM	NPC	24h	LINCSCP_148574
LINCSCP_318	-0.9999496572	0.006388007423	3	Metyrapone	LSM-3035	CYP11B1	10uM	A375	24h	LINCSCP_318
LINCSCP_146574	-0.9999494789	0.006399313492	3	SB525334	LSM-1121	TGFBR1	3.33uM	NEU	24h	LINCSCP_146574
LINCSCP_150147	-0.9999492803	0.006411876224	3	Decitabine	LSM-5855	DNMT1|DNMT3A	10uM	NPC.TAK	24h	LINCSCP_150147
LINCSCP_40037	0.9999492792	0.006411950264	3	Olaparib	LSM-1145	PARP1|PARP2|PARP3	40uM	NCIH2073	6h	LINCSCP_40037
LINCSCP_30725	0.9999492144	0.00641604065	3	Thioridazine	LSM-1863	DRD1|DRD2|DRD3|DRD4|HTR2A|HTR2C	10uM	MCF7	6h	LINCSCP_30725
LINCSCP_54533	0.9999491846	0.006417922463	3	Fcodpguefhccia-Uhfffaoysa-N	LSM-42689	CASP3	10uM	SW948	6h	LINCSCP_54533
LINCSCP_70366	-0.9999491527	0.006419941777	3	VE-821	LSM-36358	NA	3.33uM	A375	24h	LINCSCP_70366
LINCSCP_22157	-0.9999491503	0.006420089082	3	CHEMBL1474834	LSM-2118	CLK1|CLK4|DYRK1A|DYRK1B	10uM	HEPG2	6h	LINCSCP_22157
LINCSCP_187482	-0.9999489905	0.006430173123	3	Tozasertib	LSM-1021	ABL1|AURKA|AURKB|AURKC|BCR|FLT3|JAK2	0.1uM	A375	24h	LINCSCP_187482
LINCSCP_124898	-0.9999489302	0.006433970799	3	DICUMAROL	LSM-45761	NQO1|VKORC1	0.12uM	HT29	24h	LINCSCP_124898
LINCSCP_6619	0.9999488455	0.006439302262	3	Pregnenolone	LSM-5550	NA	10uM	A549	6h	LINCSCP_6619
LINCSCP_143054	-0.9999486431	0.006452029539	3	Dolastatin 10	LSM-45943	NA	0.37uM	MCF7	24h	LINCSCP_143054
LINCSCP_4936	0.9999484996	0.006461037825	3	NCGC00011940	LSM-2623	NA	10uM	A549	24h	LINCSCP_4936
LINCSCP_109099	-0.9999483916	0.006467810228	3	AMSACRINE	LSM-45972	NA	0.12uM	HELA	24h	LINCSCP_109099
LINCSCP_52760	-0.9999483892	0.006467957815	3	Prothiaden Spofa	LSM-42985	SLC6A2|SLC6A4	10uM	SKB	24h	LINCSCP_52760
LINCSCP_40850	-0.9999483424	0.006470891514	3	BRD-K69406317-001-01-8	LSM-41049	NA	10uM	NEU	24h	LINCSCP_40850
LINCSCP_30753	0.9999482022	0.006479667599	3	KU0060648	LSM-4935	PIK3CA|PIK3CB|PIK3CD|PRKDC	10uM	MCF7	6h	LINCSCP_30753
LINCSCP_126887	-0.9999481869	0.006480620524	3	Albendazole	LSM-3782	NA	3.33uM	HT29	24h	LINCSCP_126887
LINCSCP_150318	-0.9999480038	0.006492064461	3	Ponatinib	LSM-1151	ABL1|BCR|FGFR1|FGFR2|FGFR3|FGFR4|FLT3|KIT|RET|TEK	3.33uM	NPC.TAK	24h	LINCSCP_150318
LINCSCP_90881	0.9999479948	0.0064926278	3	Otenabant	LSM-45969	CNR1	0.37uM	HA1E	24h	LINCSCP_90881
LINCSCP_4557	-0.9999475377	0.006521095378	3	MLS002460474	LSM-3256	NA	10uM	A549	24h	LINCSCP_4557
LINCSCP_170254	-0.9999473677	0.006531653553	3	PSI-6130	LSM-45483	NA	0.12uM	YAPC	24h	LINCSCP_170254
LINCSCP_271252	-0.9999473146	0.006534948655	3	CHEMBL83092	LSM-5224	NA	10uM	PC3	6h	LINCSCP_271252
LINCSCP_58371	0.9999468985	0.006560704831	3	MLS001178727	LSM-4623	NA	10uM	VCAP	24h	LINCSCP_58371
LINCSCP_168907	0.9999468092	0.006566220022	3	Acyclovir	LSM-5459	NA	10uM	YAPC	24h	LINCSCP_168907
LINCSCP_175186	-0.9999467671	0.006568814222	3	Naphazoline	LSM-3737	ADRA1A|ADRA1B|ADRA1D|ADRA2A|ADRA2B|ADRA2C	1.11uM	YAPC	24h	LINCSCP_175186
LINCSCP_193841	-0.9999464447	0.006588677545	3	BRD-K50204028	LSM-40053	NA	10uM	A549	6h	LINCSCP_193841
LINCSCP_145580	-0.9999462264	0.00660209219	3	Imatinib	LSM-1023	ABL1|BCR|CSF1R|KIT|PDGFRA|PDGFRB	10uM	MDAMB231	24h	LINCSCP_145580
LINCSCP_15517	-0.9999461383	0.006607499564	3	Pala	LSM-6202	CAD	80uM	HA1E	6h	LINCSCP_15517
LINCSCP_76661	0.9999461376	0.00660754284	3	AS-605240	LSM-42784	PIK3CG	3.33uM	A375	24h	LINCSCP_76661
LINCSCP_242753	-0.9999457033	0.006634129627	3	BRD-K71599932	LSM-6146	NA	10uM	MCF7	6h	LINCSCP_242753
LINCSCP_4481	-0.999945658	0.006636894729	3	CHEMBL258148	LSM-6214	CTSL	90uM	A549	24h	LINCSCP_4481
LINCSCP_154148	-0.9999455767	0.006641858065	3	Danusertib	LSM-5253	AURKA|AURKB|AURKC|FGFR1|NTRK1|RET	1.11uM	PC3	24h	LINCSCP_154148
LINCSCP_223408	-0.9999453528	0.00665550647	3	Albendazole	LSM-3782	NA	10uM	HT29	6h	LINCSCP_223408
LINCSCP_33448	0.9999452162	0.006663819853	3	BIO2_000516	LSM-1836	RPL3	10uM	MCF7	6h	LINCSCP_33448
LINCSCP_14157	0.9999451513	0.006667763389	3	ML7	LSM-4095	MYLK	10uM	HA1E	24h	LINCSCP_14157
LINCSCP_42142	-0.9999451375	0.006668605324	3	ST50073310	LSM-4574	NA	10uM	NPC	24h	LINCSCP_42142
LINCSCP_114969	0.9999451339	0.006668822665	3	Apitolisib (gdc-0980, rg7422)	LSM-4257	PIK3CA|PIK3CB|PIK3CD|PIK3CG|MTOR	1.11uM	HS578T	24h	LINCSCP_114969
LINCSCP_169301	-0.999944993	0.006677380642	3	Lorglumide	LSM-4389	CCKAR|CCKBR	0.04uM	YAPC	24h	LINCSCP_169301
LINCSCP_133633	-0.9999449373	0.006680760334	3	GSK-461364	LSM-1013	PLK1	1.11uM	MCF7	24h	LINCSCP_133633
LINCSCP_5776	-0.9999447956	0.006689349156	3	Nelfinavir	LSM-5819	CYP1A2|CYP2B6|CYP2C19|CYP2C9|CYP2D6|CYP3A4|CYP3A7	10uM	A549	24h	LINCSCP_5776
LINCSCP_240277	-0.9999447524	0.00669196702	3	CHEMBL2132289	LSM-1044	RPS6KA3	10uM	MCF7	24h	LINCSCP_240277
LINCSCP_68453	0.9999446896	0.006695771808	3	LY-294002	LSM-2597	MTOR|PIK3CA|PIK3CB|PIK3CD|PIK3CG|PLK1|PRKDC	10uM	VCAP	24h	LINCSCP_68453
LINCSCP_145188	-0.9999445956	0.00670145813	3	BX 912	LSM-1055	PDK1|PDPK1	0.37uM	MDAMB231	3h	LINCSCP_145188
LINCSCP_132931	0.9999445564	0.006703827718	3	SCHEMBL6874948	LSM-5674	LCK	1.11uM	MCF7	3h	LINCSCP_132931
LINCSCP_191339	-0.9999444189	0.006712135947	3	ZINC00969081	LSM-3555	NA	10uM	A549	6h	LINCSCP_191339
LINCSCP_228080	-0.9999441499	0.006728358179	3	BRD-K06589444	LSM-37625	NA	5uM	HT29	24h	LINCSCP_228080
LINCSCP_1205	-0.9999440378	0.006735105426	3	MLS001065838	LSM-3595	NA	10uM	A375	24h	LINCSCP_1205
LINCSCP_140291	0.9999439405	0.006740961813	3	Ibutamoren (Mesylate)	LSM-45605	NA	10uM	MCF7	24h	LINCSCP_140291
LINCSCP_39837	-0.9999438536	0.006746184796	3	Troglitazone	LSM-4890	PPARG	10uM	NCIH1694	6h	LINCSCP_39837
LINCSCP_36909	0.9999436713	0.006757128078	3	Buparlisib	LSM-1148	PIK3CA|PIK3CB|PIK3CD|PIK3CG|PIK3R1|PIK3R2|PIK3R3|PIK3R5	0.1uM	MCF7	6h	LINCSCP_36909
LINCSCP_206380	-0.9999436485	0.006758492581	3	GW843682X	LSM-1014	PLK1|PLK3	10uM	COV644	6h	LINCSCP_206380
LINCSCP_133796	0.9999436282	0.006759712386	3	Mocetinostat	LSM-5344	HDAC1|HDAC11|HDAC2|HDAC3|HDAC8	0.37uM	MCF7	24h	LINCSCP_133796
LINCSCP_206560	-0.9999435394	0.006765032004	3	PF-04217903	LSM-1166	MET	40uM	DV90	6h	LINCSCP_206560
LINCSCP_251791	0.9999434169	0.00677236532	3	TPCA-1	LSM-1136	IKBKB	0.1uM	MCF7	24h	LINCSCP_251791
LINCSCP_98842	-0.9999430573	0.006793854127	3	Melatonin	LSM-4779	MTNR1A|MTNR1B	1.11uM	HA1E	24h	LINCSCP_98842
LINCSCP_940	-0.9999429112	0.006802563657	3	COT-10B	LSM-6226	NA	40uM	A375	6h	LINCSCP_940
LINCSCP_303778	0.9999427714	0.006810885809	3	BRD-K37020290	LSM-10669	NA	5uM	VCAP	6h	LINCSCP_303778
LINCSCP_47446	0.9999423576	0.006835464957	3	Mebeverine	LSM-1296	CHRM1	10uM	PC3	24h	LINCSCP_47446
LINCSCP_146409	-0.9999421036	0.006850512881	3	Cabozantinib	LSM-1195	KDR|MET	0.12uM	NEU	24h	LINCSCP_146409
LINCSCP_52127	-0.9999420968	0.006850913231	3	MLS000518920	LSM-6173	NA	10uM	SKB	24h	LINCSCP_52127
LINCSCP_309782	0.9999420514	0.006853597621	3	BRD-K51877340	LSM-40133	NA	30uM	VCAP	24h	LINCSCP_309782
LINCSCP_82589	-0.9999419022	0.006862415921	3	Dabrafenib	LSM-6303	BRAF	0.04uM	A549	24h	LINCSCP_82589
LINCSCP_43397	-0.9999414272	0.006890412756	3	QS-11	LSM-5212	ARFGAP1	10uM	NPC	24h	LINCSCP_43397
LINCSCP_51706	0.9999413525	0.006894803644	3	SCHEMBL17052537	LSM-5803	BTK|JAK3|MKNK2|MTOR|PRKDC	1uM	SKBR3	6h	LINCSCP_51706
LINCSCP_218507	0.9999412429	0.006901245618	3	RO-281675	LSM-6231	GCK	100uM	HCT116	6h	LINCSCP_218507
LINCSCP_88488	0.9999412377	0.006901548861	3	GSK 1059615	LSM-42799	PIK3CA|PIK3CB|PIK3CD|PIK3CG	0.37uM	HA1E	24h	LINCSCP_88488
LINCSCP_120029	0.9999410894	0.006910250537	3	GDC-0980 (RG7422)	LSM-45720	MTOR|PIK3CA|PIK3CB|PIK3CD|PIK3CG|PIK3R1|PIK3R2|PIK3R3|PIK3R5	0.04uM	HT29	24h	LINCSCP_120029
LINCSCP_75490	-0.9999410028	0.006915330862	3	Acetaminophen	LSM-5533	FAAH|PTGS1|PTGS2|TRPV1	1.11uM	A375	24h	LINCSCP_75490
LINCSCP_254491	0.9999408897	0.006921956376	3	SA-1922796	LSM-40483	NA	10uM	MCF7	6h	LINCSCP_254491
LINCSCP_63735	0.9999408617	0.006923593394	3	BRD-K71650306	LSM-12814	NA	5uM	VCAP	24h	LINCSCP_63735
LINCSCP_98150	-0.9999406562	0.006935613966	3	TIBOLONE	LSM-45847	NA	0.04uM	HA1E	24h	LINCSCP_98150
LINCSCP_151593	-0.9999406003	0.006938881151	3	Dacomitinib	LSM-42808	EGFR|ERBB2|ERBB3|ERBB4	0.12uM	PC3	24h	LINCSCP_151593
LINCSCP_435	-0.9999405728	0.006940488637	3	Binospirone	LSM-1611	HTR1A	10uM	A375	6h	LINCSCP_435
LINCSCP_129533	0.9999404052	0.006950264409	3	PCI-32765	LSM-1129	BTK	0.37uM	JURKAT	24h	LINCSCP_129533
LINCSCP_109666	-0.9999403198	0.006955246919	3	Dolastatin 10	LSM-45943	NA	3.33uM	HELA	24h	LINCSCP_109666
LINCSCP_36339	0.9999399438	0.006977121592	3	Wortmannin	LSM-3947	PIK3CA|PIK3CG|PLK1	0.1uM	MCF7	6h	LINCSCP_36339
LINCSCP_165644	-0.9999398354	0.00698341708	3	GSK-1070916	LSM-1062	AURKB|AURKC	0.12uM	SKL	24h	LINCSCP_165644
LINCSCP_294651	0.9999398109	0.006984835574	3	SPB02137	LSM-3295	NA	10uM	VCAP	6h	LINCSCP_294651
LINCSCP_292	0.9999397038	0.006991050446	3	Mitoxantrone	LSM-2481	TOP2A	10uM	A375	24h	LINCSCP_292
LINCSCP_133649	0.9999396899	0.006991853915	3	GSK-1070916	LSM-1062	AURKB|AURKC	10uM	MCF7	24h	LINCSCP_133649
LINCSCP_69790	-0.9999395363	0.007000753536	3	AZD4547	LSM-6308	NA	0.12uM	A375	24h	LINCSCP_69790
LINCSCP_194405	-0.999939489	0.007003491486	3	BRD-K99447056	LSM-42655	NA	5uM	A549	24h	LINCSCP_194405
LINCSCP_94086	-0.9999393602	0.007010936752	3	Chlorprothixene	LSM-42990	DRD2|DRD3|HTR2A|HTR2C	10uM	HA1E	24h	LINCSCP_94086
LINCSCP_9100	-0.999939215	0.007019330218	3	BRD-K97972722	LSM-42577	NA	10uM	A549	24h	LINCSCP_9100
LINCSCP_174026	0.9999390589	0.007028333403	3	SNX-2112 (PF-04928473)	LSM-45259	NA	0.37uM	YAPC	24h	LINCSCP_174026
LINCSCP_78000	-0.999939042	0.007029312025	3	Bimatoprost	LSM-45826	NA	1.11uM	A375	24h	LINCSCP_78000
LINCSCP_81409	-0.9999389578	0.007034163037	3	GSK-3 Inhibitor IX	LSM-42780	NA	0.37uM	A549	24h	LINCSCP_81409
LINCSCP_19627	0.9999386021	0.007054630347	3	MLS002703105	LSM-1300	NA	10uM	HCC515	6h	LINCSCP_19627
LINCSCP_48067	0.9999385383	0.007058293868	3	Darifenacin	LSM-5995	CHRM1|CHRM2|CHRM3|CHRM4|CHRM5	10uM	PC3	6h	LINCSCP_48067
LINCSCP_70602	0.99993843	0.007064506349	3	GSK 1059615	LSM-42799	PIK3CA|PIK3CB|PIK3CD|PIK3CG	10uM	A375	24h	LINCSCP_70602
LINCSCP_8431	-0.9999383557	0.007068767666	3	BRD-K02952507	LSM-6740	NA	5uM	A549	24h	LINCSCP_8431
LINCSCP_47417	0.9999382995	0.007071989099	3	BRD-K60996261	LSM-40607	NA	10uM	PC3	6h	LINCSCP_47417
LINCSCP_106553	0.9999382487	0.007074902086	3	naftidrofuryl	LSM-45485	NA	0.12uM	HELA	24h	LINCSCP_106553
LINCSCP_60258	-0.999938128	0.007081815464	3	BRD-K01023753	LSM-6871	NA	5uM	VCAP	6h	LINCSCP_60258
LINCSCP_151808	-0.9999380387	0.007086923013	3	Infigratinib	LSM-1184	FGFR1|FGFR2|FGFR3|FGFR4	0.37uM	PC3	24h	LINCSCP_151808
LINCSCP_145571	0.9999380071	0.007088728627	3	EX-8678	LSM-1147	NA	0.37uM	MDAMB231	24h	LINCSCP_145571
LINCSCP_77959	-0.9999378423	0.007098146085	3	Ricolinostat	LSM-6324	NA	0.37uM	A375	24h	LINCSCP_77959
LINCSCP_35238	-0.9999377728	0.007102110397	3	BRD-K71195237	LSM-12775	NA	10uM	MCF7	24h	LINCSCP_35238
LINCSCP_239217	0.999937655	0.00710883119	3	Cidoxepin	LSM-42948	HRH1|HRH2|SLC6A2|SLC6A4	10uM	MCF7	6h	LINCSCP_239217
LINCSCP_214476	-0.9999376262	0.007110470439	3	Thenoyl Trifluoroacetone	LSM-1997	CES1	10uM	HCC515	6h	LINCSCP_214476
LINCSCP_202642	-0.9999374923	0.007118098993	3	Raloxifene	LSM-3425	ESR1|ESR2	3.33uM	A549	24h	LINCSCP_202642
LINCSCP_2597	-0.9999374026	0.007123205812	3	Physostigmine	LSM-2558	ACHE	10uM	A375	6h	LINCSCP_2597
LINCSCP_14538	0.9999373983	0.007123449955	3	Flurandrenolide	LSM-1993	NR3C1	10uM	HA1E	6h	LINCSCP_14538
LINCSCP_250999	0.999937173	0.007136259201	3	3-Chloro-l-alanine	LSM-6205	RPS2	0.001uM	MCF7	24h	LINCSCP_250999
LINCSCP_115689	0.9999370494	0.00714327586	3	WYE 125132	LSM-1064	MTOR	0.04uM	HS578T	24h	LINCSCP_115689
LINCSCP_36958	-0.9999369543	0.007148665407	3	CHEMBL1673039	LSM-1093	LRRK2|MAPK7	1uM	MCF7	6h	LINCSCP_36958
LINCSCP_72270	-0.9999368055	0.007157100457	3	Tafamidis	LSM-45558	TTR	0.37uM	A375	24h	LINCSCP_72270
LINCSCP_149428	-0.9999366035	0.007168531778	3	TIE2 Kinase Inhibitor	LSM-1194	NA	3.33uM	NPC	24h	LINCSCP_149428
LINCSCP_172774	0.999936471	0.007176015067	3	Taselisib	LSM-45140	PIK3CA|PIK3CB|PIK3CD|PIK3CG|PIK3R1|PIK3R2|PIK3R3|PIK3R5	0.37uM	YAPC	24h	LINCSCP_172774
LINCSCP_130370	0.9999364574	0.007176784964	3	Gefitinib	LSM-1098	EGFR	1.11uM	LNCAP	3h	LINCSCP_130370
LINCSCP_165954	-0.9999362851	0.007186506472	3	NCGC00346967-01	LSM-6297	EPHB3	1.11uM	SKL	24h	LINCSCP_165954
LINCSCP_46754	0.9999361519	0.007194019092	3	PU-H-71	LSM-5492	HSP90AA1	10uM	PC3	24h	LINCSCP_46754
LINCSCP_38584	-0.9999359731	0.007204080044	3	4L7B	LSM-36813	KEAP1	11.11uM	MCF7	24h	LINCSCP_38584
LINCSCP_88723	-0.9999359657	0.007204500567	3	AGK 2	LSM-43196	SIRT2	0.04uM	HA1E	24h	LINCSCP_88723
LINCSCP_38522	-0.9999359319	0.007206399556	3	Raloxifene	LSM-3425	ESR1|ESR2	3.33uM	MCF7	24h	LINCSCP_38522
LINCSCP_18299	0.9999358938	0.007208539702	3	SB-431542	LSM-3498	ACVR1C|TGFBR1	10uM	HCC515	24h	LINCSCP_18299
LINCSCP_43942	0.9999358006	0.007213777994	3	Wortmannin	LSM-3947	PIK3CA|PIK3CG|PLK1	10uM	PC3	6h	LINCSCP_43942
LINCSCP_61945	0.9999357287	0.00721781912	3	MLS003649980	LSM-9300	NA	5uM	VCAP	24h	LINCSCP_61945
LINCSCP_27141	-0.9999356679	0.007221233085	3	SSR 69071	LSM-3634	ELANE	10uM	HT29	6h	LINCSCP_27141
LINCSCP_39075	-0.9999355939	0.007225385231	3	CP-724714	LSM-42777	ERBB2	10uM	MDAMB231	24h	LINCSCP_39075
LINCSCP_32677	-0.9999355466	0.007228036556	3	ZINC28755859	LSM-5466	INSR	10uM	MCF7	6h	LINCSCP_32677
LINCSCP_290492	-0.9999352101	0.007246879748	3	ANANDAMIDE (20:3,N-6)	LSM-43024	CNR1|CNR2|TRPV1	10uM	VCAP	6h	LINCSCP_290492
LINCSCP_38808	-0.9999351049	0.007252764389	3	BRD-K65000194	LSM-15090	NA	5uM	MCF7	24h	LINCSCP_38808
LINCSCP_26964	-0.9999350241	0.007257273425	3	SMR000304369	LSM-1950	ADRB1|ADRB2	10uM	HT29	6h	LINCSCP_26964
LINCSCP_65353	-0.9999349554	0.007261112047	3	BRD-K85119394	LSM-41917	NA	10uM	VCAP	24h	LINCSCP_65353
LINCSCP_30570	-0.9999346052	0.0072806314	3	Phenoxazine	LSM-4657	NA	10uM	MCF7	24h	LINCSCP_30570
LINCSCP_90305	-0.9999345987	0.007280995046	3	CICLESONIDE	LSM-45682	NR3C1	1.11uM	HA1E	24h	LINCSCP_90305
LINCSCP_10819	0.9999345363	0.00728446559	3	Norlichexanthone	LSM-4782	AURKB|PIM1	10uM	ASC	24h	LINCSCP_10819
LINCSCP_32714	0.9999344579	0.007288827469	3	AZD-6482	LSM-1059	PIK3CA|PIK3CB|PIK3CD|PIK3CG|PIK3R1|PIK3R2|PIK3R3|PIK3R5	10uM	MCF7	6h	LINCSCP_32714
LINCSCP_61064	0.9999342919	0.007298051666	3	BRD-K60237462	LSM-12070	NA	5uM	VCAP	24h	LINCSCP_61064
LINCSCP_3874	-0.9999342002	0.007303144149	3	Broad-Sai-424	LSM-45346	NA	0.12uM	A375	24h	LINCSCP_3874
LINCSCP_139892	0.9999339009	0.007319734856	3	TAK-242	LSM-45934	NA	0.37uM	MCF7	24h	LINCSCP_139892
LINCSCP_145235	0.9999338928	0.007320180062	3	13-Hydroxy-8,14,19-trimethoxy-4,10,12,16-tetramethyl-3,20,22-trioxo-2-azabicyclo[16.3.1]docosa-1(21),4,6,10,18-pentaen-9-yl carbamate	LSM-42815	HSP90AA1	1.11uM	MDAMB231	3h	LINCSCP_145235
LINCSCP_70432	-0.9999337505	0.00732805695	3	CHEMBL3188661	LSM-5394	DDR1	0.37uM	A375	24h	LINCSCP_70432
LINCSCP_35531	-0.9999336526	0.007333467577	3	Vorinostat	LSM-3828	HDAC1|HDAC2|HDAC3|HDAC6|HDAC8	0.01uM	MCF7	24h	LINCSCP_35531
LINCSCP_59657	0.9999336148	0.007335556424	3	BRD-K34755514	LSM-39170	NA	5uM	VCAP	24h	LINCSCP_59657
LINCSCP_155641	0.999933291	0.007353427341	3	179324-69-7	LSM-6281	ADRM1|PSMA1|PSMA2|PSMA3|PSMA4|PSMA5|PSMA6|PSMA7|PSMA8|PSMB1|PSMB10|PSMB11|PSMB2|PSMB3|PSMB4|PSMB5|PSMB6|PSMB7|PSMB8|PSMB9|PSMC1|PSMC2|PSMC3|PSMC4|PSMC5|PSMC6|PSMD1|PSMD11|PSMD12|PSMD13|PSMD14|PSMD2|PSMD3|PSMD4|PSMD6|PSMD7|PSMD8|SEM1	20uM	PC3	24h	LINCSCP_155641
LINCSCP_35849	-0.9999332822	0.007353910054	3	SMR000075319	LSM-6371	KPNB1	0.01uM	MCF7	24h	LINCSCP_35849
LINCSCP_89351	0.9999327086	0.007385458978	3	Oxaprozin	LSM-2553	PTGS1|PTGS2	10uM	HA1E	24h	LINCSCP_89351
LINCSCP_73089	0.9999326676	0.007387707599	3	ITRACONAZOLE HYDROCHLORIDE	LSM-45773	NA	1.11uM	A375	24h	LINCSCP_73089
LINCSCP_12171	-0.9999325932	0.00739178845	3	XMD 8-92	LSM-1094	MAPK7	10uM	BT20	24h	LINCSCP_12171
LINCSCP_63190	0.9999324846	0.007397740262	3	CHEMBL2359168	LSM-13718	NA	5uM	VCAP	6h	LINCSCP_63190
LINCSCP_170976	0.9999323267	0.007406385777	3	Nateglinide	LSM-5555	ABCC8|KCNJ11	1.11uM	YAPC	24h	LINCSCP_170976
LINCSCP_109370	-0.9999322914	0.007408315792	3	SPECTRUM_000011	LSM-1767	NA	0.04uM	HELA	24h	LINCSCP_109370
LINCSCP_278054	-0.999932224	0.007412003738	3	13-Hydroxy-8,14,19-trimethoxy-4,10,12,16-tetramethyl-3,20,22-trioxo-2-azabicyclo[16.3.1]docosa-1(21),4,6,10,18-pentaen-9-yl carbamate	LSM-42815	HSP90AA1	0.5uM	PC3	24h	LINCSCP_278054
LINCSCP_12020	0.9999321509	0.007415995786	3	SCHEMBL17052537	LSM-5803	BTK|JAK3|MKNK2|MTOR|PRKDC	0.5uM	BT20	6h	LINCSCP_12020
LINCSCP_33460	-0.9999320285	0.007422686602	3	CHEMBL323994	LSM-42851	JAK3	10uM	MCF7	6h	LINCSCP_33460
LINCSCP_88871	-0.9999319562	0.00742662973	3	Cyclohexanecarboxamide, 4-(1-aminoethyl)-n-4-pyridinyl-, trans-	LSM-1177	ROCK1|ROCK2	0.37uM	HA1E	24h	LINCSCP_88871
LINCSCP_83814	-0.9999318899	0.007430246114	3	Dasatinib	LSM-1020	ABL1|BCR|BLK|EPHA2|FGR|FRK|FYN|HCK|KIT|LCK|LYN|PDGFRB|SRC|SRMS|YES1	1.11uM	ASC.C	24h	LINCSCP_83814
LINCSCP_147622	0.9999312508	0.007465027664	3	MLN-0128	LSM-1206	MTOR	0.37uM	NPC.CAS9	24h	LINCSCP_147622
LINCSCP_43661	-0.9999311105	0.00747263969	3	CHIR-99021	LSM-1181	NA	10uM	NPC	6h	LINCSCP_43661
LINCSCP_19203	0.9999308981	0.007484154066	3	BDBM50127227	LSM-43025	FNTA|IKBKB	10uM	HCC515	6h	LINCSCP_19203
LINCSCP_110299	-0.9999307576	0.007491754662	3	ARN-509	LSM-45475	AR	10uM	HELA	24h	LINCSCP_110299
LINCSCP_46200	-0.9999306815	0.007495871878	3	MEGXM0_000032	LSM-4453	NA	10uM	PC3	24h	LINCSCP_46200
LINCSCP_148801	-0.9999306811	0.007495896275	3	(R)-(-)-Jq1 enantiomer	LSM-6333	NA	0.04uM	NPC	24h	LINCSCP_148801
LINCSCP_41143	0.9999306446	0.007497869137	3	2-Amino-3-(2,4-dihydroxyphenyl)propanoic acid	LSM-36872	NA	10uM	NEU	24h	LINCSCP_41143
LINCSCP_54590	-0.999930461	0.007507784796	3	CHEMBL607856	LSM-3321	NA	10uM	SW948	6h	LINCSCP_54590
LINCSCP_12099	-0.999930379	0.007512212651	3	C21H27N7O3	LSM-1128	AKT1|AKT2|AKT3|PRKCQ	1uM	BT20	24h	LINCSCP_12099
LINCSCP_33564	-0.9999302236	0.007520591467	3	AC1LA7UC	LSM-4480	NA	10uM	MCF7	24h	LINCSCP_33564
LINCSCP_120554	-0.9999302034	0.007521678467	3	Tetradecylthioacetic acid	LSM-5584	NA	0.37uM	HT29	24h	LINCSCP_120554
LINCSCP_50817	-0.9999301661	0.007523690923	3	KO143	LSM-6260	ABCG2	40uM	RKO	6h	LINCSCP_50817
LINCSCP_29666	0.9999301016	0.007527161383	3	ITK Inhibitor	LSM-1043	ITK	10uM	MCF10A	6h	LINCSCP_29666
LINCSCP_16539	0.9999297201	0.007547673893	3	Entinostat	LSM-4811	HDAC1|HDAC10|HDAC11|HDAC2|HDAC3|HDAC4|HDAC5|HDAC6|HDAC7|HDAC8|HDAC9	10uM	HA1E	6h	LINCSCP_16539
LINCSCP_107878	-0.9999296319	0.00755241133	3	PD-0325901	LSM-1101	MAP2K1|MAP2K2	0.04uM	HELA	24h	LINCSCP_107878
LINCSCP_115518	0.9999293618	0.007566893309	3	Pictilisib	LSM-1047	PIK3CA|PIK3CB|PIK3CD|PIK3CG|PIK3R1|PIK3R2|PIK3R3|PIK3R5	10uM	HS578T	24h	LINCSCP_115518
LINCSCP_12003	-0.9999293317	0.007568501314	3	MK-2206	LSM-1057	AKT1|AKT2|AKT3	1uM	BT20	6h	LINCSCP_12003
LINCSCP_76098	0.9999290741	0.007582283667	3	Selumetinib	LSM-1056	MAP2K1|MAP2K2	10uM	A375	24h	LINCSCP_76098
LINCSCP_48076	0.99992875	0.0075995914	3	112160-87-9	LSM-43256	ADRB2	10uM	PC3	6h	LINCSCP_48076
LINCSCP_115688	0.9999286935	0.007602604378	3	WYE 125132	LSM-1064	MTOR	0.12uM	HS578T	24h	LINCSCP_115688
LINCSCP_56747	0.9999286628	0.007604240958	3	Naltrexone-HCl	LSM-1850	OPRD1|OPRK1|OPRM1	10uM	VCAP	6h	LINCSCP_56747
LINCSCP_159186	-0.999928438	0.007616212468	3	Zolpidem	LSM-5560	GABRA1|GABRA2|GABRA3|GABRB1|GABRG2	0.12uM	PC3	24h	LINCSCP_159186
LINCSCP_133289	0.9999283137	0.007622822427	3	1166227-08-2	LSM-1204	NA	0.37uM	MCF7	24h	LINCSCP_133289
LINCSCP_65183	-0.9999282932	0.007623911477	3	BRD-K77790153	LSM-36586	NA	10uM	VCAP	6h	LINCSCP_65183
LINCSCP_19462	-0.9999282236	0.007627612411	3	Artesunate	LSM-4916	NA	10uM	HCC515	6h	LINCSCP_19462
LINCSCP_39946	-0.9999279356	0.007642900773	3	LY 2183240	LSM-2839	FAAH	10uM	NCIH1836	6h	LINCSCP_39946
LINCSCP_19032	-0.9999279086	0.007644330525	3	Isocycloheximide	LSM-1687	RPL3	10uM	HCC515	6h	LINCSCP_19032
LINCSCP_13691	0.9999277444	0.007653032169	3	SCHEMBL6668531	LSM-2236	SLC6A3	10uM	HA1E	24h	LINCSCP_13691
LINCSCP_263925	-0.9999274988	0.007666027379	3	BAYK 8644	LSM-22627	CACNA1C	10uM	NPC	6h	LINCSCP_263925
LINCSCP_16860	0.9999274726	0.007667413579	3	CHEMBL2140128	LSM-40457	NA	10uM	HA1E	6h	LINCSCP_16860
LINCSCP_151732	-0.9999274525	0.007668474796	3	Motesanib	LSM-1042	FLT1|FLT4|KDR|KIT|PDGFRA|PDGFRB|RET	0.04uM	PC3	24h	LINCSCP_151732
LINCSCP_107599	-0.9999266362	0.007711496462	3	Zolpidem	LSM-5560	GABRA1|GABRA2|GABRA3|GABRB1|GABRG2	3.33uM	HELA	24h	LINCSCP_107599
LINCSCP_58529	0.9999265947	0.007713679276	3	CHEMDIV3_007362	LSM-4468	NA	10uM	VCAP	24h	LINCSCP_58529
LINCSCP_34958	0.9999264684	0.007720309424	3	BRD-K53808186	LSM-11698	NA	5uM	MCF7	24h	LINCSCP_34958
LINCSCP_68996	-0.9999260794	0.007740703276	3	AKT Inhibitor VIII	LSM-1035	AKT1|AKT2	0.04uM	A375	24h	LINCSCP_68996
LINCSCP_55489	-0.9999259088	0.007749632819	3	MLS003448149	LSM-3003	NA	10uM	U937	6h	LINCSCP_55489
LINCSCP_84737	-0.9999258743	0.007751437485	3	NCGC00346967-01	LSM-6297	EPHB3	3.33uM	ASC	24h	LINCSCP_84737
LINCSCP_97289	0.9999258366	0.007753407487	3	Azelastine	LSM-5127	HRH1	10uM	HA1E	24h	LINCSCP_97289
LINCSCP_52097	-0.9999258045	0.007755083909	3	PHA-665752	LSM-42793	MET	10uM	SKBR3	6h	LINCSCP_52097
LINCSCP_230872	-0.9999257991	0.007755367987	3	BRD-K16117792	LSM-9399	NA	5uM	HT29	24h	LINCSCP_230872
LINCSCP_46571	0.9999255718	0.007767239317	3	Belinostat	LSM-43181	HDAC1|HDAC10|HDAC11|HDAC2|HDAC3|HDAC4|HDAC5|HDAC6|HDAC7|HDAC8|HDAC9	10uM	PC3	6h	LINCSCP_46571
LINCSCP_3541	0.9999251085	0.007791376038	3	BRD-K19011062	LSM-9566	NA	10uM	A375	24h	LINCSCP_3541
LINCSCP_32165	-0.9999251028	0.007791673546	3	ZINC04084020	LSM-4584	NA	10uM	MCF7	24h	LINCSCP_32165
LINCSCP_145794	-0.9999250394	0.007794968652	3	Canertinib	LSM-1120	EGFR|ERBB2|ERBB4	0.04uM	MDAMB231	3h	LINCSCP_145794
LINCSCP_255113	-0.9999250236	0.007795787855	3	2-(4-(4-Chloro-1,2-diphenylbut-1-en-1-yl)phenoxy)-n,n-dimethylethanamine	LSM-42974	ESR1	0.12uM	MCF7	24h	LINCSCP_255113
LINCSCP_288793	0.9999246627	0.007814527713	3	BRD-K04986062	LSM-45341	NA	1uM	U937	24h	LINCSCP_288793
LINCSCP_153476	-0.9999245394	0.007820923805	3	Levobunolol	LSM-6578	ADRB1|ADRB2	1.11uM	PC3	24h	LINCSCP_153476
LINCSCP_189879	-0.999924154	0.007840870075	3	Cladribine	LSM-5976	ADA	10uM	A549	6h	LINCSCP_189879
LINCSCP_104123	-0.9999240463	0.007846433916	3	KX2-391	LSM-45890	SRC	10uM	HELA	24h	LINCSCP_104123
LINCSCP_68522	0.999923954	0.007851201456	3	LY-294002	LSM-2597	MTOR|PIK3CA|PIK3CB|PIK3CD|PIK3CG|PLK1|PRKDC	10uM	VCAP	24h	LINCSCP_68522
LINCSCP_108330	-0.9999239357	0.007852144895	3	Aminosalicylic acid	LSM-5862	PTGS1|PTGS2	3.33uM	HELA	24h	LINCSCP_108330
LINCSCP_49745	-0.9999237869	0.007859823169	3	CHEMBL3183436	LSM-15092	NA	0.1uM	PC3	6h	LINCSCP_49745
LINCSCP_89719	0.9999237718	0.00786059872	3	Ropinirole	LSM-2351	DRD2|DRD3|DRD4	0.37uM	HA1E	24h	LINCSCP_89719
LINCSCP_65105	0.9999230619	0.007897117584	3	BRD-K55816391	LSM-46051	NA	10uM	VCAP	24h	LINCSCP_65105
LINCSCP_205606	0.9999228781	0.007906543452	3	Nimodipine	LSM-1659	CACNA1C|CACNA1D|CACNA1F|CACNA1S|NR3C2	10uM	CL34	6h	LINCSCP_205606
LINCSCP_45430	0.9999227524	0.007912985909	3	SMR000030495	LSM-4137	NA	10uM	PC3	6h	LINCSCP_45430
LINCSCP_31675	-0.9999225623	0.007922715379	3	MLS000047258	LSM-4096	NA	10uM	MCF7	24h	LINCSCP_31675
LINCSCP_223889	0.9999223102	0.007935604648	3	N-Benzylquinazolin-4-amine	LSM-2968	NA	10uM	HT29	6h	LINCSCP_223889
LINCSCP_129609	0.9999223003	0.007936110065	3	BRD-A25736793	LSM-43054	MTOR	1.11uM	JURKAT	24h	LINCSCP_129609
LINCSCP_36593	-0.999922243	0.007939032718	3	CI-1040	LSM-1048	MAP2K1|MAP2K2	1uM	MCF7	6h	LINCSCP_36593
LINCSCP_36562	0.9999221344	0.007944577961	3	QL47	LSM-6019	BMX|BTK	10uM	MCF7	24h	LINCSCP_36562
LINCSCP_36465	0.9999220127	0.007950784764	3	CP466722	LSM-1009	ATM	10uM	MCF7	24h	LINCSCP_36465
LINCSCP_160385	0.9999217815	0.007962559809	3	Erlotinib	LSM-1097	EGFR	0.37uM	PC3	24h	LINCSCP_160385
LINCSCP_25527	-0.9999216812	0.007967664673	3	AC1NSM0X	LSM-4605	P2RX1	10uM	HT29	24h	LINCSCP_25527
LINCSCP_10008	0.9999216757	0.007967944897	3	Wortmannin	LSM-3947	PIK3CA|PIK3CG|PLK1	10uM	A549	24h	LINCSCP_10008
LINCSCP_51260	-0.9999211736	0.007993439418	3	Fatostatin	LSM-6295	SREBF1|SREBF2	10uM	RMUGS	6h	LINCSCP_51260
LINCSCP_141404	-0.9999211218	0.007996069225	3	Pimobendan	LSM-45256	NA	0.37uM	MCF7	24h	LINCSCP_141404
LINCSCP_24690	-0.9999209602	0.008004252773	3	LDN 193189	LSM-1115	ACVR1|BMPR1A	10uM	HS578T	24h	LINCSCP_24690
LINCSCP_281752	-0.9999208344	0.00801062028	3	Hydrastine	LSM-2035	NA	10uM	PHH	24h	LINCSCP_281752
LINCSCP_141984	-0.9999204903	0.008028011454	3	Novobiocin	LSM-5910	NA	3.33uM	MCF7	24h	LINCSCP_141984
LINCSCP_45565	0.999920453	0.008029896865	3	MLS003128614	LSM-2014	NA	10uM	PC3	6h	LINCSCP_45565
LINCSCP_24583	-0.999920222	0.008041546352	3	SCHEMBL15556278	LSM-1002	DDR1	10uM	HS578T	6h	LINCSCP_24583
LINCSCP_191420	-0.999919894	0.008058058987	3	Mosapride	LSM-5042	HTR4	10uM	A549	24h	LINCSCP_191420
LINCSCP_153878	0.99991985	0.008060273106	3	Atomoxetine	LSM-2452	SLC6A2|SLC6A3|SLC6A4	1.11uM	PC3	24h	LINCSCP_153878
LINCSCP_175093	-0.9999195005	0.008077827708	3	Telmisartan	LSM-3657	AGTR1|PPARG	0.37uM	YAPC	24h	LINCSCP_175093
LINCSCP_36385	-0.9999193616	0.008084793161	3	Scriptaid	LSM-2499	HDAC1	0.001uM	MCF7	6h	LINCSCP_36385
LINCSCP_116406	-0.9999192706	0.008089354386	3	BX 912	LSM-1055	PDK1|PDPK1	0.37uM	HT29	24h	LINCSCP_116406
LINCSCP_10125	-0.9999191862	0.008093585126	3	2-(4-(4-Chloro-1,2-diphenylbut-1-en-1-yl)phenoxy)-n,n-dimethylethanamine	LSM-42974	ESR1	0.04uM	A549	24h	LINCSCP_10125
LINCSCP_33950	0.9999191825	0.008093770414	3	BRD-K94544211	LSM-42406	NA	10uM	MCF7	24h	LINCSCP_33950
LINCSCP_174738	-0.9999189777	0.008104019255	3	114798-26-4	LSM-3701	AGTR1	3.33uM	YAPC	24h	LINCSCP_174738
LINCSCP_25432	-0.9999187566	0.008115064977	3	NSC23766	LSM-1818	NA	100uM	HT29	24h	LINCSCP_25432
LINCSCP_128003	-0.9999186425	0.008120763783	3	TPCA-1	LSM-1136	IKBKB	10uM	HUES3	24h	LINCSCP_128003
LINCSCP_127772	-0.9999186066	0.008122553854	3	179324-69-7	LSM-6281	ADRM1|PSMA1|PSMA2|PSMA3|PSMA4|PSMA5|PSMA6|PSMA7|PSMA8|PSMB1|PSMB10|PSMB11|PSMB2|PSMB3|PSMB4|PSMB5|PSMB6|PSMB7|PSMB8|PSMB9|PSMC1|PSMC2|PSMC3|PSMC4|PSMC5|PSMC6|PSMD1|PSMD11|PSMD12|PSMD13|PSMD14|PSMD2|PSMD3|PSMD4|PSMD6|PSMD7|PSMD8|SEM1	20uM	HT29	24h	LINCSCP_127772
LINCSCP_13960	0.9999185547	0.008125143044	3	ML 3163	LSM-4138	MAPK14	10uM	HA1E	6h	LINCSCP_13960
LINCSCP_50716	-0.9999183917	0.008133269245	3	Ingenol 3,20-dibenzoate	LSM-4445	PRKCD|PRKCE	10uM	RKO	6h	LINCSCP_50716
LINCSCP_38936	0.9999183727	0.00813421557	3	Seliciclib	LSM-1001	CDK1|CDK2|CDK5|CDK7|CDK9	10uM	MDAMB231	24h	LINCSCP_38936
LINCSCP_63728	-0.9999180796	0.008148808024	3	BRD-K69548259	LSM-12671	NA	5uM	VCAP	24h	LINCSCP_63728
LINCSCP_233399	-0.9999179547	0.008155016563	3	L-Sulforaphane	LSM-4919	NFE2L2	10uM	HT29	6h	LINCSCP_233399
LINCSCP_49917	-0.9999178205	0.008161686234	3	5,6-Dichlorobenzimidazole riboside	LSM-5138	CSNK2A1	10uM	PHH	24h	LINCSCP_49917
LINCSCP_31027	-0.9999174481	0.008180156395	3	MLS001065875	LSM-4163	NA	10uM	MCF7	24h	LINCSCP_31027
LINCSCP_49796	0.9999169844	0.008203098244	3	179324-69-7	LSM-6281	ADRM1|PSMA1|PSMA2|PSMA3|PSMA4|PSMA5|PSMA6|PSMA7|PSMA8|PSMB1|PSMB10|PSMB11|PSMB2|PSMB3|PSMB4|PSMB5|PSMB6|PSMB7|PSMB8|PSMB9|PSMC1|PSMC2|PSMC3|PSMC4|PSMC5|PSMC6|PSMD1|PSMD11|PSMD12|PSMD13|PSMD14|PSMD2|PSMD3|PSMD4|PSMD6|PSMD7|PSMD8|SEM1	10uM	PC3	6h	LINCSCP_49796
LINCSCP_57217	-0.9999169657	0.008204023206	3	CL-976	LSM-6282	ACAT1	80uM	VCAP	6h	LINCSCP_57217
LINCSCP_35300	0.9999165865	0.00822273651	3	MLS003128748	LSM-10166	NA	10uM	MCF7	24h	LINCSCP_35300
LINCSCP_132731	0.9999163861	0.008232607458	3	PI-103	LSM-1126	MTOR|PIK3CA|PIK3CB|PIK3CD|PIK3CG	10uM	MCF7	24h	LINCSCP_132731
LINCSCP_220158	-0.999916319	0.008235911727	3	N-[2-(4-Fluorophenyl)-1,3-benzoxazol-5-yl]-2-(4-nitrophenoxy)acetamide	LSM-4758	NA	10uM	HEPG2	6h	LINCSCP_220158
LINCSCP_40898	0.9999162297	0.008240304171	3	Ispinesib	LSM-5732	KIF11	10uM	NEU	24h	LINCSCP_40898
LINCSCP_108565	0.9999161111	0.008246134644	3	BRD-K00144236	LSM-45653	NA	1.11uM	HELA	24h	LINCSCP_108565
LINCSCP_260418	-0.9999160733	0.008247993453	3	BRD-K82494270	LSM-13468	NA	10uM	NKDBA	24h	LINCSCP_260418
LINCSCP_236536	-0.9999160627	0.008248513604	3	Thioridazine	LSM-1863	DRD1|DRD2|DRD3|DRD4|HTR2A|HTR2C	10uM	MCF7	24h	LINCSCP_236536
LINCSCP_54639	-0.9999158437	0.00825926494	3	FTI276	LSM-4727	FNTA	10uM	SW948	6h	LINCSCP_54639
LINCSCP_2449	-0.9999154978	0.008276222599	3	SCHEMBL16980224	LSM-1092	AURKA	10uM	A375	6h	LINCSCP_2449
LINCSCP_119648	-0.9999151481	0.008293330522	3	Latanoprost	LSM-43170	PTGFR	10uM	HT29	24h	LINCSCP_119648
LINCSCP_83095	-0.9999149962	0.008300749537	3	KW-2449	LSM-42803	ABL1|AURKA|AURKB|FLT3	0.37uM	ASC.C	24h	LINCSCP_83095
LINCSCP_66511	0.999914995	0.0083008114	3	Wortmannin	LSM-3947	PIK3CA|PIK3CG|PLK1	10uM	A549	6h	LINCSCP_66511
LINCSCP_54973	-0.9999147903	0.008310796798	3	Loperamide	LSM-3365	OPRD1|OPRM1	10uM	THP1	6h	LINCSCP_54973
LINCSCP_106688	-0.9999147046	0.008314978119	3	Orphenadrine	LSM-1630	GRIN1|GRIN2A|GRIN2B|GRIN2C|GRIN2D|GRIN3A|GRIN3B|HRH1|SCN10A|SCN11A|SCN1A|SCN2A|SCN3A|SCN4A|SCN5A|SCN7A|SCN8A|SCN9A|SLC6A2	1.11uM	HELA	24h	LINCSCP_106688
LINCSCP_22866	0.9999144692	0.00832644123	3	AC1NWALC	LSM-1913	ATP1A1	10uM	HEPG2	6h	LINCSCP_22866
LINCSCP_3883	-0.9999144521	0.008327275945	3	AZD-1152-HQPA	LSM-1067	AURKA|AURKB	3.33uM	A375	24h	LINCSCP_3883
LINCSCP_219309	-0.9999142328	0.008337943822	3	3-Aminobenzamide	LSM-4525	NA	40uM	HEPG2	6h	LINCSCP_219309
LINCSCP_257670	-0.9999142184	0.008338641174	3	VX-11E	LSM-6291	MAPK1	0.5uM	NCIH596	6h	LINCSCP_257670
LINCSCP_38948	-0.9999141547	0.008341737849	3	CP466722	LSM-1009	ATM	0.5uM	MDAMB231	24h	LINCSCP_38948
LINCSCP_23794	0.9999140754	0.008345590122	3	Curcumin	LSM-43083	PTGS1|PTGS2	10uM	HEPG2	6h	LINCSCP_23794
LINCSCP_153769	0.9999139939	0.008349543956	3	Dolutegravir (GSK1349572)	LSM-45596	NA	3.33uM	PC3	24h	LINCSCP_153769
LINCSCP_81179	-0.9999139387	0.008352225811	3	TGX 221	LSM-1172	PIK3CB	3.33uM	A549	24h	LINCSCP_81179
LINCSCP_41106	0.9999138393	0.008357045251	3	BRD-K49477330	LSM-44782	NA	10uM	NEU	24h	LINCSCP_41106
LINCSCP_62552	0.9999138311	0.00835744388	3	BRD-K52356070	LSM-11629	NA	5uM	VCAP	6h	LINCSCP_62552
LINCSCP_150441	0.9999137475	0.008361499338	3	ZINC6718453	LSM-1198	NA	10uM	NPC.TAK	24h	LINCSCP_150441
LINCSCP_177801	-0.9999136242	0.008367473529	3	T5832551	LSM-2617	NA	10uM	A375	24h	LINCSCP_177801
LINCSCP_153534	-0.9999136167	0.00836783673	3	VGX-1027	LSM-45622	NA	10uM	PC3	24h	LINCSCP_153534
LINCSCP_134993	-0.9999136041	0.008368445721	3	Sotrastaurin	LSM-42761	PRKCA|PRKCB|PRKCD|PRKCE|PRKCG|PRKCH|PRKCI|PRKCQ|PRKCZ|PRKD1|PRKD3	1.11uM	MCF7	24h	LINCSCP_134993
LINCSCP_5357	-0.9999132271	0.008386687024	3	D,L Carbidopa	LSM-5128	DDC	10uM	A549	24h	LINCSCP_5357
LINCSCP_38817	-0.9999131442	0.008390690128	3	AZD-1152HQPA	LSM-46008	NA	3uM	MCF7	24h	LINCSCP_38817
LINCSCP_1863	0.9999130759	0.008393990547	3	BRD-U86222656	LSM-42708	NA	10uM	A375	6h	LINCSCP_1863
LINCSCP_121682	-0.9999124487	0.008424219676	3	DOCETAXEL	LSM-45649	NA	0.37uM	HT29	24h	LINCSCP_121682
LINCSCP_53859	0.9999122262	0.008434914613	3	Phorbol 12-myristate-13-acetate	LSM-4341	PRKCA	10uM	SNUC5	6h	LINCSCP_53859
LINCSCP_39661	-0.9999119522	0.008448072838	3	PF431396	LSM-1116	NA	0.5uM	MDAMB231	6h	LINCSCP_39661
LINCSCP_21282	0.9999119178	0.008449723314	3	PIK 90	LSM-6697	NA	10uM	HCT116	6h	LINCSCP_21282
LINCSCP_70721	-0.9999116408	0.008462995902	3	TIE2 Kinase Inhibitor	LSM-1194	NA	0.04uM	A375	24h	LINCSCP_70721
LINCSCP_173066	-0.9999115015	0.008469667619	3	SPECTRUM_000403	LSM-1605	NR3C1	0.37uM	YAPC	24h	LINCSCP_173066
LINCSCP_69476	0.9999114506	0.008472102357	3	BMS-387032	LSM-1132	CDK2|CDK7|CDK9	10uM	A375	24h	LINCSCP_69476
LINCSCP_51859	-0.9999114222	0.008473458233	3	Canertinib	LSM-1120	EGFR|ERBB2|ERBB4	1uM	SKBR3	24h	LINCSCP_51859
LINCSCP_46902	-0.9999111644	0.00848578039	3	3,6-Dimethyl-9-[6-(oxiran-2-yl)-6-oxohexyl]decahydropyrrolo[1,2-a][1,4,7,10]tetraazacyclododecine-1,4,7,10-tetrone	LSM-5046	NA	10uM	PC3	6h	LINCSCP_46902
LINCSCP_38105	-0.9999108971	0.008498537945	3	W 7	LSM-4021	NA	0.5uM	MCF7	6h	LINCSCP_38105
LINCSCP_129773	-0.9999105964	0.008512867486	3	Tamatinib	LSM-1040	SYK	0.12uM	LNCAP	24h	LINCSCP_129773
LINCSCP_2200	0.9999104387	0.008520372708	3	Trichostatin	LSM-43005	HDAC1|HDAC10|HDAC3|HDAC4|HDAC6|HDAC7|HDAC8	10uM	A375	6h	LINCSCP_2200
LINCSCP_20897	0.999910083	0.00853727345	3	ML162	LSM-1493	NA	0.12uM	HCC515	24h	LINCSCP_20897
LINCSCP_67561	0.9999100037	0.008541039939	3	Wortmannin	LSM-3947	PIK3CA|PIK3CG|PLK1	10uM	MCF7	6h	LINCSCP_67561
LINCSCP_15176	-0.9999098663	0.008547556347	3	Nicardipine	LSM-1418	CACNA1C|CACNA1D|CACNA1F|CACNA1S	10uM	HA1E	24h	LINCSCP_15176
LINCSCP_13864	0.9999097484	0.008553146345	3	CHEMBL318111	LSM-2138	NA	10uM	HA1E	6h	LINCSCP_13864
LINCSCP_85010	0.9999097029	0.008555300235	3	SB239063	LSM-1036	MAPK11|MAPK14	1.11uM	ASC	24h	LINCSCP_85010
LINCSCP_58148	-0.9999096336	0.008558584437	3	Alosetron	LSM-5576	HTR3A	10uM	VCAP	24h	LINCSCP_58148
LINCSCP_165960	-0.9999094721	0.008566228158	3	XMD 8-92	LSM-1094	MAPK7	1.11uM	SKL	24h	LINCSCP_165960
LINCSCP_31528	0.9999092943	0.008574637635	3	MLS002264511	LSM-4182	NA	10uM	MCF7	6h	LINCSCP_31528
LINCSCP_2567	-0.999908858	0.008595234527	3	AC1O9ATU	LSM-1760	HMGCR	10uM	A375	6h	LINCSCP_2567
LINCSCP_4628	-0.9999085726	0.008608680869	3	PAC-1	LSM-3119	CASP3	10uM	A549	24h	LINCSCP_4628
LINCSCP_121731	-0.999908462	0.008613884819	3	Cabazitaxel	LSM-46002	NA	0.12uM	HT29	24h	LINCSCP_121731
LINCSCP_59401	0.9999081555	0.008628297467	3	MLS001030493	LSM-43128	NA	10uM	VCAP	6h	LINCSCP_59401
LINCSCP_87092	-0.9999080844	0.008631633836	3	852475-26-4	LSM-43291	NA	0.12uM	CD34	24h	LINCSCP_87092
LINCSCP_112179	-0.9999080047	0.008635376117	3	761437-28-9	LSM-1208	NA	0.12uM	HEPG2	24h	LINCSCP_112179
LINCSCP_158300	-0.9999076742	0.008650873664	3	Risperidone	LSM-3193	ADRA1A|ADRA1B|DRD2|DRD3|DRD4|HRH1|HTR1A|HTR1D|HTR2A|HTR2C	0.04uM	PC3	24h	LINCSCP_158300
LINCSCP_24917	0.9999074422	0.008661736725	3	EX-8678	LSM-1147	NA	0.5uM	HS578T	6h	LINCSCP_24917
LINCSCP_27582	-0.9999073811	0.008664595089	3	BRD-K72461570	LSM-12875	NA	5uM	HT29	24h	LINCSCP_27582
LINCSCP_156459	-0.9999071225	0.008676683574	3	AZ628	LSM-1050	BRAF|RAF1	0.37uM	PC3	24h	LINCSCP_156459
LINCSCP_108806	-0.9999070474	0.008680190522	3	Trazodone	LSM-3580	HTR2A|HTR2C|SLC6A4	0.37uM	HELA	24h	LINCSCP_108806
LINCSCP_47514	-0.999906986	0.008683059107	3	Camptothecin	LSM-4611	TOP1	10uM	PC3	24h	LINCSCP_47514
LINCSCP_51238	-0.9999066968	0.008696546392	3	32703-82-5	LSM-4897	KIF11	40uM	RMUGS	6h	LINCSCP_51238
LINCSCP_244976	-0.9999063746	0.008711549929	3	Theophylline	LSM-6010	ADORA1|ADORA2A|ADORA2B|ADORA3|PDE3A|PDE4A|PDE4B	10uM	MCF7	6h	LINCSCP_244976
LINCSCP_111052	-0.999906329	0.008713668576	3	MG-132	LSM-1107	PSMB1	20uM	HELA	24h	LINCSCP_111052
LINCSCP_17591	-0.9999062383	0.008717886436	3	AC1NXRFO	LSM-43270	NA	40uM	HCC15	6h	LINCSCP_17591
LINCSCP_70461	-0.9999062267	0.008718426972	3	MLN-8054	LSM-1066	AURKA	0.37uM	A375	24h	LINCSCP_70461
LINCSCP_38360	0.9999059629	0.008730681452	3	PD-407824	LSM-3862	NA	10uM	MCF7	6h	LINCSCP_38360
LINCSCP_25782	-0.9999056487	0.008745256477	3	UK 356618	LSM-4940	MMP3	10uM	HT29	6h	LINCSCP_25782
LINCSCP_80003	-0.9999055128	0.008751552978	3	Pyrimethamine	LSM-3967	NA	1.11uM	A375	24h	LINCSCP_80003
LINCSCP_33658	-0.9999054851	0.008752833732	3	Mebendazole	LSM-3749	NA	10uM	MCF7	24h	LINCSCP_33658
LINCSCP_94985	-0.999905299	0.008761446679	3	Curcumin	LSM-43083	PTGS1|PTGS2	3.33uM	HA1E	24h	LINCSCP_94985
LINCSCP_247180	-0.9999049269	0.008778642809	3	MLS004342499	LSM-37372	NA	5uM	MCF7	24h	LINCSCP_247180
LINCSCP_3812	-0.9999048999	0.00877989105	3	TL_HRAS26	LSM-2013	NA	0.12uM	A375	24h	LINCSCP_3812
LINCSCP_156170	0.9999048243	0.008783376707	3	Cinoxacin	LSM-6552	NA	3.33uM	PC3	24h	LINCSCP_156170
LINCSCP_15559	0.9999047311	0.008787677404	3	CHEMBL259628	LSM-6222	PTPN1	10uM	HA1E	6h	LINCSCP_15559
LINCSCP_78104	0.9999046873	0.008789698477	3	MG-132	LSM-1107	PSMB1	20uM	A375	24h	LINCSCP_78104
LINCSCP_244325	-0.9999044497	0.008800646291	3	Benperidol	LSM-3792	DRD2	10uM	MCF7	6h	LINCSCP_244325
LINCSCP_140149	-0.9999044173	0.008802138548	3	Azacitidine	LSM-5218	DNMT1|DNMT3A	1.11uM	MCF7	24h	LINCSCP_140149
LINCSCP_220443	-0.9999039353	0.008824305361	3	SPECTRUM_000211	LSM-1877	ADRA2A|ADRA2B|ADRA2C|HTR1A|HTR1B|HTR1D|HTR2B	10uM	HEPG2	6h	LINCSCP_220443
LINCSCP_54628	0.9999038991	0.008825969039	3	N9-Isopropylolomoucine	LSM-3607	CDK1|CDK5	100uM	SW948	6h	LINCSCP_54628
LINCSCP_41778	0.999903891	0.008826338031	3	Trichostatin A, Streptomyces Sp.	LSM-42814	HDAC1|HDAC10|HDAC3|HDAC4|HDAC6|HDAC7|HDAC8	1uM	NKDBA	24h	LINCSCP_41778
LINCSCP_50717	0.9999034412	0.008846969031	3	PX 12	LSM-4918	TXN|TXNRD1	30uM	RKO	6h	LINCSCP_50717
LINCSCP_84962	0.9999030793	0.008863532383	3	GSK 1059615	LSM-42799	PIK3CA|PIK3CB|PIK3CD|PIK3CG	1.11uM	ASC	24h	LINCSCP_84962
LINCSCP_37708	-0.9999030216	0.008866172897	3	SA-440832	LSM-40344	NA	1uM	MCF7	24h	LINCSCP_37708
LINCSCP_104172	-0.9999029672	0.008868656738	3	BRD-A28746609	LSM-1102	NR1I2|TUBB	3.33uM	HELA	24h	LINCSCP_104172
LINCSCP_239933	-0.9999029092	0.008871308284	3	BRD-K58784778	LSM-6794	NA	10uM	MCF7	24h	LINCSCP_239933
LINCSCP_9244	0.9999027572	0.008878250558	3	Vorinostat	LSM-3828	HDAC1|HDAC2|HDAC3|HDAC6|HDAC8	3uM	A549	24h	LINCSCP_9244
LINCSCP_115453	-0.9999026182	0.008884592682	3	SCHEMBL3958507	LSM-5245	COQ8B|EGFR	3.33uM	HS578T	24h	LINCSCP_115453
LINCSCP_53915	-0.9999025493	0.00888773383	3	GF-109203	LSM-2677	PRKCA	10uM	SNUC5	6h	LINCSCP_53915
LINCSCP_16923	0.9999023228	0.008898056341	3	CVF-SUMO-7	LSM-4835	NA	10uM	HA1E	6h	LINCSCP_16923
LINCSCP_62524	0.9999023094	0.008898668287	3	BRD-K23058957	LSM-9827	NA	5uM	VCAP	6h	LINCSCP_62524
LINCSCP_167761	-0.9999021358	0.008906574339	3	GSK 525762A	LSM-6334	NA	0.04uM	YAPC	24h	LINCSCP_167761
LINCSCP_116409	0.9999020741	0.008909379277	3	TWS 119	LSM-1111	GSK3B	10uM	HT29	24h	LINCSCP_116409
LINCSCP_8202	-0.9999019754	0.008913868714	3	BRD-K80883001	LSM-41683	NA	5uM	A549	24h	LINCSCP_8202
LINCSCP_47729	0.9999017384	0.008924639278	3	Lanatoside-C	LSM-5496	NA	10uM	PC3	6h	LINCSCP_47729
LINCSCP_85827	-0.9999016292	0.008929596122	3	GW843682X	LSM-1014	PLK1|PLK3	0.37uM	BT20	24h	LINCSCP_85827
LINCSCP_155594	0.9999015527	0.00893306726	3	Flutamide	LSM-2621	AR	10uM	PC3	24h	LINCSCP_155594
LINCSCP_94148	-0.9999013183	0.00894369366	3	Idelalisib	LSM-1205	PIK3CD|PIK3CG	0.37uM	HA1E	24h	LINCSCP_94148
LINCSCP_189226	-0.9999009158	0.008961915497	3	MLS-0435541.0001	LSM-3553	NA	10uM	A549	6h	LINCSCP_189226
LINCSCP_193609	-0.9999009124	0.008962069313	3	BRD-K51083659	LSM-40089	NA	10uM	A549	24h	LINCSCP_193609
LINCSCP_91783	-0.9999006177	0.008975388101	3	IN1549	LSM-4488	NA	0.37uM	HA1E	24h	LINCSCP_91783
LINCSCP_143157	0.9999004344	0.008983662198	3	Pimecrolimus	LSM-45937	FKBP1A	0.12uM	MCF7	24h	LINCSCP_143157
LINCSCP_139385	-0.9999002439	0.00899225331	3	MK-8033	LSM-45677	MET|MST1R	0.04uM	MCF7	24h	LINCSCP_139385
LINCSCP_14048	-0.9998999461	0.009005664623	3	D-64131	LSM-2592	TUBB	10uM	HA1E	24h	LINCSCP_14048
LINCSCP_139813	-0.9998996209	0.009020286733	3	Diclofensine (hydrochloride)	LSM-45632	NA	3.33uM	MCF7	24h	LINCSCP_139813
LINCSCP_75346	-0.9998993433	0.009032751689	3	Camptothecin	LSM-4611	TOP1	1.11uM	A375	24h	LINCSCP_75346
LINCSCP_41218	-0.9998990918	0.00904402794	3	ZINC100309116	LSM-37114	CNR2	10uM	NEU	24h	LINCSCP_41218
LINCSCP_165983	-0.9998990769	0.009044695732	3	amcinonide	NA	NA	10uM	SKL	24h	LINCSCP_165983
LINCSCP_100822	-0.9998989851	0.009048812244	3	HY-11007	LSM-1022	ABL1|BCR	0.12uM	HCC515	24h	LINCSCP_100822
LINCSCP_146	0.9998988661	0.009054139567	3	Fluspirilene	LSM-3748	DRD2|HTR2A	10uM	A375	6h	LINCSCP_146
LINCSCP_32200	-0.9998986543	0.009063613697	3	MLS002474283	LSM-6132	NA	10uM	MCF7	24h	LINCSCP_32200
LINCSCP_303316	-0.9998980216	0.009091865649	3	BRD-K46241566	LSM-11247	NA	5uM	VCAP	6h	LINCSCP_303316
LINCSCP_137199	0.9998973469	0.009121890244	3	Amodiaquine	LSM-4042	HNMT	0.37uM	MCF7	24h	LINCSCP_137199
LINCSCP_72347	0.9998969834	0.009138028096	3	TRAVOPROST	LSM-45593	PTGFR	1.11uM	A375	24h	LINCSCP_72347
LINCSCP_236198	-0.9998967084	0.00915021715	3	TAS-301	LSM-3234	CAMK2A	10uM	MCF7	24h	LINCSCP_236198
LINCSCP_263143	-0.9998960233	0.009180513483	3	BRD-K03957451	LSM-37484	NA	10uM	NPC	24h	LINCSCP_263143
LINCSCP_87242	0.9998956004	0.009199163609	3	amcinonide	NA	NA	1.11uM	CD34	24h	LINCSCP_87242
LINCSCP_190503	-0.9998955222	0.009202607873	3	MLS001178727	LSM-4623	NA	10uM	A549	24h	LINCSCP_190503
LINCSCP_8317	0.9998953311	0.009211022343	3	BRD-K75990826	LSM-7832	NA	5uM	A549	24h	LINCSCP_8317
LINCSCP_165116	0.9998951695	0.009218129547	3	GSK 1059615	LSM-42799	PIK3CA|PIK3CB|PIK3CD|PIK3CG	1.11uM	SKL.C	24h	LINCSCP_165116
LINCSCP_77983	-0.999894934	0.009228478674	3	Merbarone	LSM-45500	NA	0.37uM	A375	24h	LINCSCP_77983
LINCSCP_63111	-0.9998947569	0.00923625036	3	BRD-K74260000	LSM-12974	NA	5uM	VCAP	24h	LINCSCP_63111
LINCSCP_42784	-0.9998943604	0.009253634273	3	9-Octadecenamide,n-[(4-hydroxy-3-methoxyphenyl)methyl]-	LSM-3941	CNR1|TRPV1	10uM	NPC	24h	LINCSCP_42784
LINCSCP_147322	-0.9998943164	0.009255560905	3	Regorafenib	LSM-1226	ABL1|BRAF|DDR2|FGFR1|FGFR2|FLT1|FLT4|FRK|KDR|KIT|MAPK11|PDGFRA|PDGFRB|RAF1|RET|TEK	10uM	NEU	24h	LINCSCP_147322
LINCSCP_25098	-0.9998942721	0.009257499796	3	NSC95397	LSM-3521	NA	10uM	HT115	6h	LINCSCP_25098
LINCSCP_60724	-0.9998942419	0.009258824456	3	BRD-K02063190	LSM-8110	NA	5uM	VCAP	24h	LINCSCP_60724
LINCSCP_176691	-0.9998939363	0.009272191342	3	127408-30-4	LSM-2947	KCNJ8	10uM	A375	6h	LINCSCP_176691
LINCSCP_38106	-0.9998934527	0.009293307043	3	W 7	LSM-4021	NA	5uM	MCF7	6h	LINCSCP_38106
LINCSCP_70375	-0.9998934255	0.009294492174	3	Rabusertib	LSM-36359	CHEK1	0.12uM	A375	24h	LINCSCP_70375
LINCSCP_259633	-0.9998932719	0.009301187557	3	5-(2,4,5-Trihydroxybenzyl)imidazolidine-2,4-dione	LSM-36865	NA	10uM	NEU	6h	LINCSCP_259633
LINCSCP_293653	0.9998930984	0.00930874628	3	CHEMBL1374544	LSM-2988	NA	10uM	VCAP	6h	LINCSCP_293653
LINCSCP_26311	0.9998929881	0.009313545177	3	NM-PP1	LSM-3760	NA	10uM	HT29	6h	LINCSCP_26311
LINCSCP_120347	-0.9998927519	0.009323819373	3	Trifluoperazine	LSM-4010	DRD2|DRD3|DRD4|HTR2A|HTR2C	10uM	HT29	24h	LINCSCP_120347
LINCSCP_9473	0.9998925821	0.009331196988	3	BMS-536924	LSM-1210	IGF1R	0.5uM	A549	24h	LINCSCP_9473
LINCSCP_145997	-0.9998924029	0.009338975457	3	Amuvatinib	LSM-1118	FLT3|KIT|MET|PDGFRA	0.37uM	MNEU.E	24h	LINCSCP_145997
LINCSCP_43579	0.9998922723	0.009344644639	3	BML 210	LSM-37001	NA	10uM	NPC	6h	LINCSCP_43579
LINCSCP_63692	-0.9998917312	0.009368080616	3	BRD-K41389876	LSM-10942	NA	5uM	VCAP	24h	LINCSCP_63692
LINCSCP_50867	-0.9998914723	0.009379275818	3	ABT-751	LSM-6285	NA	10uM	RKO	6h	LINCSCP_50867
LINCSCP_149669	-0.9998914594	0.009379834727	3	Dasatinib	LSM-1020	ABL1|BCR|BLK|EPHA2|FGR|FRK|FYN|HCK|KIT|LCK|LYN|PDGFRB|SRC|SRMS|YES1	10uM	NPC.TAK	24h	LINCSCP_149669
LINCSCP_110498	-0.9998914543	0.009380053533	3	2-(Ethylmercuriothio)benzoic acid	LSM-5710	NA	3.33uM	HELA	24h	LINCSCP_110498
LINCSCP_33952	-0.9998912411	0.009389261879	3	CHEMBL2141840	LSM-42619	NA	10uM	MCF7	24h	LINCSCP_33952
LINCSCP_132436	-0.9998910906	0.009395756515	3	Fedratinib	LSM-1142	FLT3|JAK2	0.12uM	MCF7	3h	LINCSCP_132436
LINCSCP_145804	-0.9998910289	0.009398416612	3	GSK-1904529A	LSM-1134	IGF1R|INSR	0.37uM	MDAMB231	3h	LINCSCP_145804
LINCSCP_23089	-0.9998906933	0.009412880336	3	Palmidrol	LSM-3518	CNR2|GPR119	10uM	HEPG2	6h	LINCSCP_23089
LINCSCP_30947	-0.9998901854	0.009434724607	3	MLS001065903	LSM-2501	NA	10uM	MCF7	24h	LINCSCP_30947
LINCSCP_157484	-0.9998901372	0.009436791469	3	SPECTRUM_001418	LSM-1664	ADRB2	0.37uM	PC3	24h	LINCSCP_157484
LINCSCP_97538	-0.9998898431	0.009449415789	3	SPECTRUM_000011	LSM-1767	NA	0.37uM	HA1E	24h	LINCSCP_97538
LINCSCP_51365	0.9998896419	0.009458042688	3	SCHEMBL1564574	LSM-1006	CHEK1|CHEK2	0.1uM	SKBR3	24h	LINCSCP_51365
LINCSCP_46392	0.9998896355	0.009458317214	3	SPOX1_002925	LSM-4769	NA	10uM	PC3	6h	LINCSCP_46392
LINCSCP_250785	-0.9998895536	0.009461825275	3	AKT Inhibitor IV	LSM-43091	AKT1	0.001uM	MCF7	24h	LINCSCP_250785
LINCSCP_417	-0.9998894468	0.009466400207	3	Leu-Enkephalin	LSM-1461	OPRD1|OPRM1	10uM	A375	6h	LINCSCP_417
LINCSCP_133349	-0.9998891632	0.009478532318	3	OSI-930	LSM-1179	FLT1|FLT4|KDR|KIT	0.37uM	MCF7	24h	LINCSCP_133349
LINCSCP_45541	0.9998887755	0.009495098124	3	BRD-K82185908	LSM-3846	NA	10uM	PC3	24h	LINCSCP_45541
LINCSCP_1997	0.999888662	0.009499940199	3	Givinostat	LSM-4807	HDAC2	10uM	A375	6h	LINCSCP_1997
LINCSCP_96162	-0.9998885814	0.009503376966	3	MLS002222336	LSM-1855	PTGS1|PTGS2	0.04uM	HA1E	24h	LINCSCP_96162
LINCSCP_72009	0.999888376	0.009512134314	3	Rotundine	LSM-45477	NA	0.12uM	A375	24h	LINCSCP_72009
LINCSCP_175694	0.9998879871	0.009528691669	3	Taltirelin	LSM-45418	NA	10uM	YAPC	24h	LINCSCP_175694
LINCSCP_145848	-0.9998878915	0.009532754019	3	BRD-K01425431	NA	NA	0.04uM	MDAMB231	3h	LINCSCP_145848
LINCSCP_129906	-0.9998876556	0.009542781566	3	PD-173074	LSM-1026	FGFR1|FGFR3	0.04uM	LNCAP	24h	LINCSCP_129906
LINCSCP_19187	-0.9998876539	0.009542852521	3	GF-109203	LSM-2677	PRKCA	10uM	HCC515	6h	LINCSCP_19187
LINCSCP_59722	-0.9998875329	0.009547988181	3	BRD-K97888290	LSM-42572	NA	5uM	VCAP	24h	LINCSCP_59722
LINCSCP_1431	-0.9998875059	0.009549135778	3	MLS000559245	LSM-3942	NA	10uM	A375	24h	LINCSCP_1431
LINCSCP_12778	-0.9998873445	0.009555983883	3	3-Chloro-l-alanine	LSM-6205	RPS2	0.5uM	DV90	6h	LINCSCP_12778
LINCSCP_73432	0.9998872963	0.00955802812	3	Sulpiride	LSM-5080	CA7|DRD2|DRD3	0.04uM	A375	24h	LINCSCP_73432
LINCSCP_4747	-0.999886997	0.00957070944	3	GF-109203	LSM-2677	PRKCA	10uM	A549	6h	LINCSCP_4747
LINCSCP_67925	0.9998869594	0.009572302566	3	Wortmannin	LSM-3947	PIK3CA|PIK3CG|PLK1	10uM	PC3	6h	LINCSCP_67925
LINCSCP_25085	0.9998867241	0.009582262536	3	ABT737	LSM-1180	BCL2|BCL2L1|BCL2L2	10uM	HT115	6h	LINCSCP_25085
LINCSCP_7274	0.9998866634	0.00958482942	3	Mibefradil	LSM-2192	CACNA1C|CACNA1G|CACNA1H|CACNA1I	10uM	A549	24h	LINCSCP_7274
LINCSCP_163320	0.9998865046	0.00959153913	3	TORIN-2	LSM-1080	MTOR	3.33uM	SKBR3	3h	LINCSCP_163320
LINCSCP_148933	-0.999886436	0.009594440604	3	BIX01294	LSM-4571	EHMT2	3.33uM	NPC	24h	LINCSCP_148933
LINCSCP_57651	-0.9998864054	0.009595731095	3	ZINC00621344	LSM-2727	NA	10uM	VCAP	6h	LINCSCP_57651
LINCSCP_60410	0.9998863266	0.00959905831	3	BRD-K67891857	LSM-7754	NA	5uM	VCAP	24h	LINCSCP_60410
LINCSCP_10082	-0.9998861305	0.00960733564	3	Avrainvillamide-analog-6	LSM-37107	NA	0.04uM	A549	24h	LINCSCP_10082
LINCSCP_103469	0.9998859365	0.009615516994	3	Pictilisib	LSM-1047	PIK3CA|PIK3CB|PIK3CD|PIK3CG|PIK3R1|PIK3R2|PIK3R3|PIK3R5	0.04uM	HELA	24h	LINCSCP_103469
LINCSCP_73300	-0.9998857377	0.009623890542	3	Fosinopril	LSM-4444	ACE	0.04uM	A375	24h	LINCSCP_73300
LINCSCP_259238	-0.999885258	0.009644072568	3	BRD-K33591392	LSM-10464	NA	10uM	NEU	24h	LINCSCP_259238
LINCSCP_12453	-0.9998850947	0.009650934433	3	Calcitriol	LSM-43088	VDR	1uM	CD34	6h	LINCSCP_12453
LINCSCP_115498	-0.9998847753	0.009664339119	3	Mitoxantrone	LSM-2481	TOP2A	0.12uM	HS578T	24h	LINCSCP_115498
LINCSCP_30606	-0.9998847313	0.00966618359	3	Pevonedistat	LSM-6263	NAE1|UBA3	10uM	MCF7	24h	LINCSCP_30606
LINCSCP_48116	-0.9998846516	0.009669523715	3	BRD-K44200196	LSM-39704	NA	5uM	PC3	24h	LINCSCP_48116
LINCSCP_128460	0.9998841839	0.009689107232	3	Dasatinib	LSM-1020	ABL1|BCR|BLK|EPHA2|FGR|FRK|FYN|HCK|KIT|LCK|LYN|PDGFRB|SRC|SRMS|YES1	1.11uM	HUVEC	24h	LINCSCP_128460
LINCSCP_22939	0.9998841684	0.009689757516	3	Iodophenpropit	LSM-3151	HRH3|HRH4	10uM	HEPG2	6h	LINCSCP_22939
LINCSCP_133328	-0.9998841153	0.009691976693	3	CHEMBL3182395	LSM-1164	MAP2K5|MAPK7	10uM	MCF7	24h	LINCSCP_133328
LINCSCP_46637	0.9998837111	0.009708862949	3	SNS-314	LSM-5795	AURKA|AURKB|AURKC	10uM	PC3	6h	LINCSCP_46637
LINCSCP_62433	-0.9998835122	0.009717166445	3	BRD-K12441425	LSM-9171	NA	5uM	VCAP	24h	LINCSCP_62433
LINCSCP_100053	-0.9998831709	0.009731391417	3	CHIR-99021	LSM-1181	NA	0.37uM	HCC515	24h	LINCSCP_100053
LINCSCP_69857	-0.9998827924	0.009747142332	3	Pazopanib	LSM-1114	CSF1R|FGFR1|FGFR3|FLT1|FLT4|ITK|KDR|KIT|LCK|PDGFRA|PDGFRB	0.04uM	A375	24h	LINCSCP_69857
LINCSCP_242101	-0.9998827408	0.009749284691	3	Eugenitol	LSM-3016	NA	10uM	MCF7	24h	LINCSCP_242101
LINCSCP_39426	0.9998825534	0.00975707194	3	Canertinib	LSM-1120	EGFR|ERBB2|ERBB4	10uM	MDAMB231	24h	LINCSCP_39426
LINCSCP_36429	0.9998824262	0.009762357483	3	Alvocidib	LSM-1011	CDK1|CDK2|CDK4|CDK5|CDK6|CDK7|CDK8|CDK9|EGFR|PYGM	0.5uM	MCF7	6h	LINCSCP_36429
LINCSCP_19266	-0.9998821734	0.009772845766	3	RS-23597-190	LSM-6204	HTR4	100uM	HCC515	24h	LINCSCP_19266
LINCSCP_89518	0.9998821081	0.009775554243	3	Benzydamine	LSM-5423	NA	10uM	HA1E	24h	LINCSCP_89518
LINCSCP_86631	-0.9998817772	0.00978926519	3	Tyrphostin AG-1478	LSM-1224	EGFR	3.33uM	CD34	24h	LINCSCP_86631
LINCSCP_118270	-0.9998812992	0.009809033834	3	Ellagic acid	LSM-36455	CA1|CA12|CA14|CA2|CA4|CA6|CA9|SYK	3.33uM	HT29	24h	LINCSCP_118270
LINCSCP_12594	0.9998809631	0.009822913436	3	PX 12	LSM-4918	TXN|TXNRD1	30uM	CORL23	6h	LINCSCP_12594
LINCSCP_41721	0.9998805535	0.00983979595	3	SA-1919710	LSM-39226	NA	10uM	NKDBA	24h	LINCSCP_41721
LINCSCP_23414	-0.9998799419	0.009864956198	3	Gangaleoidin	LSM-18999	NA	3uM	HEPG2	24h	LINCSCP_23414
LINCSCP_132065	-0.9998788027	0.009911648853	3	Radicicol	LSM-43303	NA	0.04uM	MCF7	24h	LINCSCP_132065
LINCSCP_129621	0.9998787446	0.009914025563	3	MLN-0128	LSM-1206	MTOR	1.11uM	JURKAT	24h	LINCSCP_129621
LINCSCP_151927	-0.9998783369	0.009930681367	3	Ricolinostat	LSM-6324	NA	0.12uM	PC3	24h	LINCSCP_151927
LINCSCP_157262	0.9998781393	0.009938741325	3	Protriptyline	LSM-2936	SLC6A2|SLC6A4	0.37uM	PC3	24h	LINCSCP_157262
LINCSCP_146474	-0.9998778181	0.009951832334	3	Dasatinib	LSM-1020	ABL1|BCR|BLK|EPHA2|FGR|FRK|FYN|HCK|KIT|LCK|LYN|PDGFRB|SRC|SRMS|YES1	1.11uM	NEU	24h	LINCSCP_146474
LINCSCP_59788	-0.9998773619	0.009970391334	3	BRD-K71555338	LSM-41163	NA	5uM	VCAP	6h	LINCSCP_59788
LINCSCP_70507	-0.9998769911	0.009985453765	3	N-(3-Fluoro-4-((7-methoxyquinolin-4-yl)oxy)phenyl)-1-(2-hydroxy-2-methylpropyl)-5-methyl-3-oxo-2-phenyl-2,3-dihydro-1H-pyrazole-4-carboxamide	LSM-1113	NA	3.33uM	A375	24h	LINCSCP_70507
LINCSCP_104500	0.9998767681	0.009994500392	3	Pentamidine	LSM-4540	NA	0.04uM	HELA	24h	LINCSCP_104500
LINCSCP_76110	0.9998766237	0.01000035757	3	Dabigatran Etexilate	LSM-45249	NA	10uM	A375	24h	LINCSCP_76110
LINCSCP_58753	-0.9998766141	0.01000074587	3	Ispinesib	LSM-5732	KIF11	10uM	VCAP	6h	LINCSCP_58753
LINCSCP_216673	0.9998765457	0.01000351726	3	5-Bromo-n-[(3-methylpyridin-2-yl)carbamothioyl]pyridine-3-carboxamide	LSM-4572	NA	10uM	HCC515	6h	LINCSCP_216673
LINCSCP_62508	0.9998764627	0.01000687778	3	BRD-K16030225	LSM-9391	NA	5uM	VCAP	6h	LINCSCP_62508
LINCSCP_66449	0.9998762587	0.01001513785	3	Vorinostat	LSM-3828	HDAC1|HDAC2|HDAC3|HDAC6|HDAC8	10uM	A375	24h	LINCSCP_66449
LINCSCP_126148	0.9998761841	0.01001815702	3	CEP-37440	LSM-45849	NA	10uM	HT29	24h	LINCSCP_126148
LINCSCP_24934	-0.9998761783	0.01001838959	3	Canertinib	LSM-1120	EGFR|ERBB2|ERBB4	0.5uM	HS578T	6h	LINCSCP_24934
LINCSCP_157493	0.9998758281	0.01003255053	3	Chlorprothixene	LSM-42990	DRD2|DRD3|HTR2A|HTR2C	10uM	PC3	24h	LINCSCP_157493
LINCSCP_12857	0.9998757689	0.0100349387	3	ZM336372	LSM-6268	NA	100uM	DV90	6h	LINCSCP_12857
LINCSCP_132823	0.9998757211	0.01003687012	3	ZSTK 474	LSM-1053	PIK3CG	1.11uM	MCF7	24h	LINCSCP_132823
LINCSCP_97416	0.9998756547	0.01003954963	3	metitepine	LSM-4320	HTR5A|HTR6|HTR7	3.33uM	HA1E	24h	LINCSCP_97416
LINCSCP_70604	0.9998752821	0.01005458101	3	GSK 1059615	LSM-42799	PIK3CA|PIK3CB|PIK3CD|PIK3CG	1.11uM	A375	24h	LINCSCP_70604
LINCSCP_85786	-0.9998748311	0.01007274486	3	Momelotinib	LSM-1141	JAK1|JAK2	0.12uM	BT20	3h	LINCSCP_85786
LINCSCP_187912	-0.9998747089	0.01007766092	3	Linopirdine	LSM-3317	KCNQ2|KCNQ3	10uM	A549	6h	LINCSCP_187912
LINCSCP_33534	-0.9998745092	0.01008568876	3	Purmorphamine	LSM-3649	SMO	10uM	MCF7	6h	LINCSCP_33534
LINCSCP_76057	-0.9998745005	0.01008604057	3	Losmapimod	LSM-42767	MAPK11|MAPK14	3.33uM	A375	24h	LINCSCP_76057
LINCSCP_98540	0.9998744626	0.01008756216	3	Flumazenil	LSM-4228	GABRA1|GABRA2|GABRA3|GABRA4|GABRA5|GABRA6|GABRB1|GABRB2|GABRB3|GABRD|GABRE|GABRG1|GABRG2|GABRG3|GABRP|GABRQ	10uM	HA1E	24h	LINCSCP_98540
LINCSCP_31641	0.9998743336	0.01009274539	3	Rimcazole	LSM-5777	SIGMAR1	10uM	MCF7	24h	LINCSCP_31641
LINCSCP_73672	-0.9998738649	0.01011154834	3	5-(6-Aminopurin-9-yl)-2-methyltetrahydrofuran-3-ol	LSM-4354	NA	3.33uM	A375	24h	LINCSCP_73672
LINCSCP_134273	0.9998738251	0.01011314346	3	PD-0325901	LSM-1101	MAP2K1|MAP2K2	1.11uM	MCF7	24h	LINCSCP_134273
LINCSCP_129501	-0.9998733391	0.0101326034	3	KW-2449	LSM-42803	ABL1|AURKA|AURKB|FLT3	3.33uM	JURKAT	24h	LINCSCP_129501
LINCSCP_146743	-0.9998731442	0.0101403937	3	Olaparib	LSM-1145	PARP1|PARP2|PARP3	3.33uM	NEU	24h	LINCSCP_146743
LINCSCP_51547	-0.9998731425	0.01014046328	3	GSK-3 Inhibitor IX	LSM-42780	GSK3A|GSK3B	10uM	SKBR3	6h	LINCSCP_51547
LINCSCP_111455	-0.9998730506	0.01014413449	3	TWS 119	LSM-1111	GSK3B	0.12uM	HEPG2	24h	LINCSCP_111455
LINCSCP_116721	-0.9998728195	0.01015336608	3	Radicicol	LSM-43303	NA	10uM	HT29	24h	LINCSCP_116721
LINCSCP_182911	-0.9998724169	0.0101694222	3	BRD-K00046588	LSM-37282	NA	5uM	A375	24h	LINCSCP_182911
LINCSCP_107826	-0.9998723127	0.01017357344	3	Thioguanine	LSM-6723	NA	3.33uM	HELA	24h	LINCSCP_107826
LINCSCP_73992	-0.9998722699	0.01017527919	3	179324-69-7	LSM-6281	ADRM1|PSMA1|PSMA2|PSMA3|PSMA4|PSMA5|PSMA6|PSMA7|PSMA8|PSMB1|PSMB10|PSMB11|PSMB2|PSMB3|PSMB4|PSMB5|PSMB6|PSMB7|PSMB8|PSMB9|PSMC1|PSMC2|PSMC3|PSMC4|PSMC5|PSMC6|PSMD1|PSMD11|PSMD12|PSMD13|PSMD14|PSMD2|PSMD3|PSMD4|PSMD6|PSMD7|PSMD8|SEM1	20uM	A375	24h	LINCSCP_73992
LINCSCP_109936	0.9998722391	0.01017650765	3	Rimantadine	LSM-5143	NA	3.33uM	HELA	24h	LINCSCP_109936
LINCSCP_254230	-0.9998719774	0.01018692469	3	SA-84905	LSM-38061	NA	0.5uM	MCF7	24h	LINCSCP_254230
LINCSCP_22799	0.999871784	0.01019461785	3	Cephaeline	LSM-3808	NA	10uM	HEPG2	6h	LINCSCP_22799
LINCSCP_142631	-0.9998714643	0.01020731879	3	metitepine	LSM-4320	HTR5A|HTR6|HTR7	10uM	MCF7	24h	LINCSCP_142631
LINCSCP_57814	-0.9998713002	0.01021383065	3	CID 67066889	LSM-3488	NA	10uM	VCAP	24h	LINCSCP_57814
LINCSCP_29117	0.9998711553	0.01021957969	3	PJ34	LSM-4937	NA	10uM	JHUEM2	6h	LINCSCP_29117
LINCSCP_68583	0.9998709285	0.01022857061	3	Sirolimus	LSM-42783	FKBP1A|MTOR	10uM	VCAP	24h	LINCSCP_68583
LINCSCP_98695	-0.9998707225	0.01023673038	3	179324-69-7	LSM-6281	ADRM1|PSMA1|PSMA2|PSMA3|PSMA4|PSMA5|PSMA6|PSMA7|PSMA8|PSMB1|PSMB10|PSMB11|PSMB2|PSMB3|PSMB4|PSMB5|PSMB6|PSMB7|PSMB8|PSMB9|PSMC1|PSMC2|PSMC3|PSMC4|PSMC5|PSMC6|PSMD1|PSMD11|PSMD12|PSMD13|PSMD14|PSMD2|PSMD3|PSMD4|PSMD6|PSMD7|PSMD8|SEM1	20uM	HA1E	24h	LINCSCP_98695
LINCSCP_52919	-0.9998706712	0.01023876306	3	Alpha-Solanine	LSM-3583	NA	10uM	SKB	24h	LINCSCP_52919
LINCSCP_86653	0.9998706019	0.01024150474	3	Dasatinib	LSM-1020	ABL1|BCR|BLK|EPHA2|FGR|FRK|FYN|HCK|KIT|LCK|LYN|PDGFRB|SRC|SRMS|YES1	0.04uM	CD34	24h	LINCSCP_86653
LINCSCP_137496	-0.9998701806	0.01025816396	3	KX2-391	LSM-45890	SRC	10uM	MCF7	24h	LINCSCP_137496
LINCSCP_16973	0.9998697778	0.01027406399	3	AK-968/11369213	LSM-6608	NA	10uM	HA1E	6h	LINCSCP_16973
LINCSCP_8142	-0.999869531	0.01028379752	3	BRD-K38294617	LSM-39374	NA	5uM	A549	24h	LINCSCP_8142
LINCSCP_28653	-0.9998694125	0.01028846544	3	Alisertib	LSM-37184	AURKA	0.04uM	HT29	24h	LINCSCP_28653
LINCSCP_183179	-0.9998692543	0.01029469782	3	BRD-K95457967	LSM-42448	NA	5uM	A375	24h	LINCSCP_183179
LINCSCP_33633	-0.9998689785	0.01030555013	3	2,2'-Pyridylisatogen	LSM-2971	P2RY1	10uM	MCF7	24h	LINCSCP_33633
LINCSCP_53776	0.9998689102	0.01030823318	3	GW 405833	LSM-2217	CNR2	40uM	SNUC4	6h	LINCSCP_53776
LINCSCP_191069	-0.9998687966	0.01031270046	3	331771-20-1	LSM-1096	AURKA|AURKB	10uM	A549	24h	LINCSCP_191069
LINCSCP_220575	-0.9998687535	0.01031439526	3	Erythromycin	LSM-3416	MLNR	10uM	HEPG2	6h	LINCSCP_220575
LINCSCP_47098	-0.9998687522	0.01031444608	3	MLS000778276	LSM-43118	NA	10uM	PC3	24h	LINCSCP_47098
LINCSCP_128079	0.9998686065	0.01032016832	3	OSI-930	LSM-1179	FLT1|FLT4|KDR|KIT	0.37uM	HUES3	24h	LINCSCP_128079
LINCSCP_46187	0.9998685125	0.01032386132	3	MLS003179196	LSM-1356	NA	10uM	PC3	24h	LINCSCP_46187
LINCSCP_55085	-0.9998681408	0.01033844115	3	BRD-K35669573	LSM-29348	NA	0.01uM	THP1	24h	LINCSCP_55085
LINCSCP_97813	-0.999867981	0.01034470705	3	LY2090314	LSM-45915	GSK3A|GSK3B	0.37uM	HA1E	24h	LINCSCP_97813
LINCSCP_41111	-0.9998678043	0.01035162657	3	BRD-K62919978	LSM-40714	NA	10uM	NEU	24h	LINCSCP_41111
LINCSCP_53323	0.9998677436	0.010354003	3	Piplartine	LSM-42914	NA	10uM	SKMEL1	6h	LINCSCP_53323
LINCSCP_15385	0.9998674659	0.0103648665	3	PI-103	LSM-1126	MTOR|PIK3CA|PIK3CB|PIK3CD|PIK3CG	10uM	HA1E	24h	LINCSCP_15385
LINCSCP_107451	-0.9998674129	0.01036694116	3	Aprepitant	LSM-45261	NA	10uM	HELA	24h	LINCSCP_107451
LINCSCP_175418	0.9998672968	0.01037147731	3	Chlorpromazine	LSM-4017	ADRA2A|ADRA2B|ADRA2C|DRD1|DRD2|DRD3|DRD4|DRD5|HRH1|HTR1A|HTR2A|HTR2C|HTR6|HTR7	10uM	YAPC	24h	LINCSCP_175418
LINCSCP_22370	-0.9998669103	0.0103865689	3	sorafenib	NA	BRAF|DDR2|FGFR1|FLT1|FLT3|FLT4|KDR|KIT|PDGFRB|RAF1|RET	10uM	HEPG2	6h	LINCSCP_22370
LINCSCP_92805	-0.999866488	0.01040303702	3	Berberine	LSM-6553	NA	10uM	HA1E	24h	LINCSCP_92805
LINCSCP_201487	-0.9998662064	0.01041399972	3	Omacetaxine Mepesuccinate	LSM-3716	NA	0.01uM	A549	24h	LINCSCP_201487
LINCSCP_155995	0.9998656987	0.01043374226	3	179324-69-7	LSM-6281	ADRM1|PSMA1|PSMA2|PSMA3|PSMA4|PSMA5|PSMA6|PSMA7|PSMA8|PSMB1|PSMB10|PSMB11|PSMB2|PSMB3|PSMB4|PSMB5|PSMB6|PSMB7|PSMB8|PSMB9|PSMC1|PSMC2|PSMC3|PSMC4|PSMC5|PSMC6|PSMD1|PSMD11|PSMD12|PSMD13|PSMD14|PSMD2|PSMD3|PSMD4|PSMD6|PSMD7|PSMD8|SEM1	20uM	PC3	24h	LINCSCP_155995
LINCSCP_156900	0.9998656723	0.01043476894	3	RG2833 (RGFP109)	LSM-45565	NA	10uM	PC3	24h	LINCSCP_156900
LINCSCP_258416	-0.9998647807	0.01046934108	3	Cholic acid	LSM-5541	CES1|FECH|PLA2G1B	10uM	NEU	24h	LINCSCP_258416
LINCSCP_39337	-0.9998647689	0.0104697976	3	C21H27N7O3	LSM-1128	AKT1|AKT2|AKT3|PRKCQ	0.1uM	MDAMB231	24h	LINCSCP_39337
LINCSCP_38081	0.9998645414	0.0104786005	3	BRD-K70595525	LSM-36820	NA	0.5uM	MCF7	6h	LINCSCP_38081
LINCSCP_153739	0.9998643939	0.01048430546	3	MG-132	LSM-1107	PSMB1	20uM	PC3	24h	LINCSCP_153739
LINCSCP_29616	0.9998643754	0.0104850219	3	MLN-8054	LSM-1066	AURKA	10uM	MCF10A	24h	LINCSCP_29616
LINCSCP_149015	0.9998643502	0.01048599337	3	UNC0638	LSM-6325	NA	10uM	NPC	24h	LINCSCP_149015
LINCSCP_113100	0.999864131	0.01049446367	3	Withaferin A	LSM-6685	IKBKB|NAMPT	1.11uM	HME1	24h	LINCSCP_113100
LINCSCP_51450	0.9998640883	0.01049611233	3	AZD-8055	LSM-1007	MTOR	1uM	SKBR3	24h	LINCSCP_51450
LINCSCP_14345	-0.9998638744	0.01050436891	3	Pantoprazole	LSM-1390	ATP4A|ATP4B	10uM	HA1E	24h	LINCSCP_14345
LINCSCP_202521	-0.9998638343	0.01050591742	3	Wortmannin	LSM-3947	PIK3CA|PIK3CG|PLK1	0.04uM	A549	24h	LINCSCP_202521
LINCSCP_143306	0.9998630082	0.01053773728	3	Ibutilide	LSM-43264	KCNH2	0.37uM	MCF7	24h	LINCSCP_143306
LINCSCP_14057	-0.9998627386	0.0105481007	3	Molsidomine	LSM-2777	GUCY1A3	10uM	HA1E	24h	LINCSCP_14057
LINCSCP_212670	-0.9998625722	0.01055449336	3	Broad-Sai-045	LSM-45330	NA	1uM	HA1E	6h	LINCSCP_212670
LINCSCP_311150	0.999862511	0.01055684214	3	Wortmannin	LSM-3947	PIK3CA|PIK3CG|PLK1	1uM	VCAP	24h	LINCSCP_311150
LINCSCP_22026	0.9998623101	0.01056455232	3	MLS002264451	LSM-2624	NA	10uM	HEPG2	6h	LINCSCP_22026
LINCSCP_81633	0.9998618366	0.01058270527	3	Selumetinib	LSM-1056	MAP2K1|MAP2K2	10uM	A549	24h	LINCSCP_81633
LINCSCP_31599	-0.9998616498	0.01058985462	3	MLS000063258	LSM-2808	NA	10uM	MCF7	24h	LINCSCP_31599
LINCSCP_159645	0.9998614204	0.01059863006	3	Refametinib	LSM-45886	NA	3.33uM	PC3	24h	LINCSCP_159645
LINCSCP_173861	0.9998611257	0.01060989593	3	Entinostat	LSM-4811	HDAC1|HDAC10|HDAC11|HDAC2|HDAC3|HDAC4|HDAC5|HDAC6|HDAC7|HDAC8|HDAC9	10uM	YAPC	24h	LINCSCP_173861
LINCSCP_20751	0.9998605968	0.01063007837	3	RO-3306	LSM-42788	CDK1	10uM	HCC515	6h	LINCSCP_20751
LINCSCP_39909	0.9998604307	0.01063641005	3	Sirolimus	LSM-42783	FKBP1A|MTOR	10uM	NCIH1836	6h	LINCSCP_39909
LINCSCP_52780	-0.9998601366	0.01064761214	3	Omacetaxine Mepesuccinate	LSM-3716	NA	10uM	SKB	24h	LINCSCP_52780
LINCSCP_20639	0.9998600495	0.0106509276	3	CHEMBL2359459	LSM-6810	NA	10uM	HCC515	6h	LINCSCP_20639
LINCSCP_97189	-0.9998596191	0.01066729318	3	Saxagliptin	LSM-45955	DPP4	1.11uM	HA1E	24h	LINCSCP_97189
LINCSCP_107064	-0.9998593375	0.01067798765	3	Mirtazapine	LSM-1706	ADRA2A|ADRA2B|ADRA2C|HTR2A|HTR2C|HTR3A	0.37uM	HELA	24h	LINCSCP_107064
LINCSCP_106621	-0.9998590917	0.01068731139	3	TAK-715	LSM-1060	MAPK14	10uM	HELA	24h	LINCSCP_106621
LINCSCP_122695	-0.9998588211	0.01069756897	3	TAK-875	LSM-45725	FFAR1	0.37uM	HT29	24h	LINCSCP_122695
LINCSCP_126333	-0.9998580334	0.01072737285	3	179324-69-7	LSM-6281	ADRM1|PSMA1|PSMA2|PSMA3|PSMA4|PSMA5|PSMA6|PSMA7|PSMA8|PSMB1|PSMB10|PSMB11|PSMB2|PSMB3|PSMB4|PSMB5|PSMB6|PSMB7|PSMB8|PSMB9|PSMC1|PSMC2|PSMC3|PSMC4|PSMC5|PSMC6|PSMD1|PSMD11|PSMD12|PSMD13|PSMD14|PSMD2|PSMD3|PSMD4|PSMD6|PSMD7|PSMD8|SEM1	20uM	HT29	24h	LINCSCP_126333
LINCSCP_17106	-0.9998580131	0.01072813954	3	SCHEMBL16892136	LSM-44965	NA	5uM	HA1E	24h	LINCSCP_17106
LINCSCP_294099	-0.9998578685	0.01073359894	3	Amlexanox	LSM-5432	PDE4A|PDE4B|PDE4C|PDE4D	10uM	VCAP	6h	LINCSCP_294099
LINCSCP_126534	-0.9998578409	0.01073464438	3	Cyclizine	LSM-5857	HRH1	1.11uM	HT29	24h	LINCSCP_126534
LINCSCP_142624	-0.999857458	0.0107490918	3	Doxofylline	LSM-5779	ADORA1|PDE4A|PDE4B|PDE4C|PDE4D	0.04uM	MCF7	24h	LINCSCP_142624
LINCSCP_106201	-0.9998574268	0.0107502679	3	AC1L1IKY	LSM-5389	NA	0.04uM	HELA	24h	LINCSCP_106201
LINCSCP_36687	0.9998572585	0.01075660851	3	PHA-793887	LSM-1073	CDK1|CDK10|CDK11B|CDK12|CDK13|CDK14|CDK15|CDK16|CDK17|CDK18|CDK19|CDK2|CDK20|CDK3|CDK4|CDK5|CDK6|CDK7|CDK8|CDK9	10uM	MCF7	6h	LINCSCP_36687
LINCSCP_41101	0.9998572278	0.01075776506	3	BRD-K43776433	LSM-11100	NA	10uM	NEU	24h	LINCSCP_41101
LINCSCP_170091	-0.9998570325	0.01076512378	3	Nafamostat Mesylate	LSM-45274	NA	0.37uM	YAPC	24h	LINCSCP_170091
LINCSCP_173541	-0.9998568166	0.01077324763	3	Nilotinib	LSM-1099	ABL1|BCR|KIT	0.12uM	YAPC	24h	LINCSCP_173541
LINCSCP_171180	-0.9998564556	0.01078682067	3	Milciclib (PHA-848125)	LSM-45577	CDK1|CDK2|CDK4|NTRK1	1.11uM	YAPC	24h	LINCSCP_171180
LINCSCP_54661	-0.9998562966	0.01079279111	3	PF750	LSM-6277	FAAH	80uM	SW948	6h	LINCSCP_54661
LINCSCP_61735	0.9998562602	0.0107941614	3	BRD-K07727895	LSM-8894	NA	5uM	VCAP	24h	LINCSCP_61735
LINCSCP_109096	-0.9998562594	0.01079418903	3	AMSACRINE	LSM-45972	NA	3.33uM	HELA	24h	LINCSCP_109096
LINCSCP_17205	-0.9998562562	0.01079431051	3	Avicin-G	LSM-44622	NA	0.5uM	HA1E	24h	LINCSCP_17205
LINCSCP_114096	-0.9998559047	0.01080750065	3	N-[4-Chloro-3-(trifluoromethyl)phenyl]-2-ethoxybenzamide	LSM-6321	NA	3.33uM	HME1	24h	LINCSCP_114096
LINCSCP_192893	-0.9998557769	0.01081229168	3	Cefotiam	LSM-2022	NA	10uM	A549	6h	LINCSCP_192893
LINCSCP_15198	-0.9998555957	0.01081908341	3	Fumonisin-B1	LSM-6190	CERS1	100uM	HA1E	24h	LINCSCP_15198
LINCSCP_148220	-0.9998554619	0.01082409216	3	Dabrafenib	LSM-6303	BRAF	0.37uM	NPC.CAS9	24h	LINCSCP_148220
LINCSCP_125547	-0.9998553832	0.01082703871	3	Phorbol Myristate Acetate	LSM-25630	NA	0.03uM	HT29	24h	LINCSCP_125547
LINCSCP_306	-0.9998553652	0.01082771531	3	Vinburnine	LSM-2891	NA	10uM	A375	24h	LINCSCP_306
LINCSCP_28726	-0.999855225	0.01083295995	3	Aminopurvalanol	LSM-2151	CDK1|CDK2|CDK5	10uM	HUH7	24h	LINCSCP_28726
LINCSCP_70558	-0.9998550961	0.01083778152	3	CHEMBL1950303	LSM-1058	NA	0.12uM	A375	24h	LINCSCP_70558
LINCSCP_26097	0.9998542728	0.0108685289	3	ML228	LSM-2978	HIF1A	10uM	HT29	6h	LINCSCP_26097
LINCSCP_26014	0.9998540772	0.01087581885	3	CHEMBL1474387	LSM-42951	NPSR1	10uM	HT29	6h	LINCSCP_26014
LINCSCP_91212	0.999853801	0.01088610912	3	BRD-A19795905	LSM-44955	NA	0.12uM	HA1E	24h	LINCSCP_91212
LINCSCP_293487	-0.9998534372	0.0108996446	3	STK468807	LSM-4170	NA	10uM	VCAP	24h	LINCSCP_293487
LINCSCP_38186	0.9998533224	0.01090391022	3	BCL-2 Inhibitor	LSM-2861	BCL2	0.5uM	MCF7	24h	LINCSCP_38186
LINCSCP_140169	-0.9998533215	0.01090394674	3	Manumycin-A	LSM-43075	FNTA|IKBKB	0.12uM	MCF7	24h	LINCSCP_140169
LINCSCP_20561	0.9998532528	0.01090649985	3	BRN 1549781	LSM-4461	NA	10uM	HCC515	6h	LINCSCP_20561
LINCSCP_45046	-0.9998526017	0.01093066954	3	RG 108	LSM-6283	DNMT1	80uM	PC3	24h	LINCSCP_45046
LINCSCP_87898	-0.9998514965	0.01097157096	3	C19H19FN4O3	LSM-1178	FGFR1|FLT1|KDR	1.11uM	HA1E	24h	LINCSCP_87898
LINCSCP_54460	0.9998514337	0.01097388967	3	Pala	LSM-6202	CAD	80uM	SW948	6h	LINCSCP_54460
LINCSCP_256978	-0.9998514209	0.01097436402	3	PF-04217903	LSM-1166	MET	40uM	NCIH1836	6h	LINCSCP_256978
LINCSCP_60133	0.999851201	0.01098248189	3	BRD-K06295532	LSM-6939	NA	5uM	VCAP	24h	LINCSCP_60133
LINCSCP_46532	-0.9998511666	0.01098375002	3	HG-6-64-01	LSM-42721	NA	10uM	PC3	24h	LINCSCP_46532
LINCSCP_21466	-0.9998511141	0.0109856893	3	SPECTRUM_001522	LSM-1487	NR3C1	10uM	HEPG2	6h	LINCSCP_21466
LINCSCP_163123	-0.99985086	0.01099505881	3	Trametinib	LSM-1143	MAP2K1|MAP2K2	1.11uM	SKBR3	24h	LINCSCP_163123
LINCSCP_7444	-0.9998508261	0.01099631094	3	N-(4-Hydroxyphenyl)icosa-5,8,11,14-tetraenamide	LSM-2480	TRPV1	10uM	A549	6h	LINCSCP_7444
LINCSCP_102890	-0.9998507748	0.01099820071	3	Norfloxacin	LSM-5286	NA	0.04uM	HELA	24h	LINCSCP_102890
LINCSCP_62085	0.9998504412	0.0110104861	3	BRD-K23958338	LSM-9875	NA	5uM	VCAP	6h	LINCSCP_62085
LINCSCP_139810	-0.9998499985	0.01102677214	3	N-(4-METHOXYPHENYL)-1-PHENYL-1H-PYRAZOL-3-AMINE	LSM-45685	NA	0.12uM	MCF7	24h	LINCSCP_139810
LINCSCP_19268	-0.9998499901	0.01102707895	3	3-Chloro-l-alanine	LSM-6205	RPS2	0.5uM	HCC515	24h	LINCSCP_19268
LINCSCP_35672	-0.9998498757	0.01103128283	3	CHEMBL1242477	LSM-6208	PIK3CA|PIK3CB|PIK3CD|PIK3CG	0.1uM	MCF7	24h	LINCSCP_35672
LINCSCP_33273	-0.9998496605	0.01103918788	3	Buspirone	LSM-4105	HTR1A	10uM	MCF7	6h	LINCSCP_33273
LINCSCP_113623	-0.9998492667	0.01105363554	3	13-Hydroxy-8,14,19-trimethoxy-4,10,12,16-tetramethyl-3,20,22-trioxo-2-azabicyclo[16.3.1]docosa-1(21),4,6,10,18-pentaen-9-yl carbamate	LSM-42815	HSP90AA1	0.12uM	HME1	3h	LINCSCP_113623
LINCSCP_30934	-0.9998490871	0.0110602189	3	Benzbromarone	LSM-2239	NA	10uM	MCF7	24h	LINCSCP_30934
LINCSCP_305	-0.9998490854	0.01106028198	3	GW305074X	LSM-1029	RAF1	10uM	A375	24h	LINCSCP_305
LINCSCP_70182	-0.9998486747	0.01107532301	3	UNC 669	LSM-6337	NA	0.37uM	A375	24h	LINCSCP_70182
LINCSCP_87748	0.9998486655	0.0110756589	3	TORIN-2	LSM-1080	MTOR	3.33uM	HA1E	24h	LINCSCP_87748
LINCSCP_39175	0.999848187	0.0110931556	3	CP466722	LSM-1009	ATM	10uM	MDAMB231	6h	LINCSCP_39175
LINCSCP_4673	0.9998476423	0.01111303935	3	BRD-A69951442-001-01-3	LSM-4466	NR3C1	10uM	A549	6h	LINCSCP_4673
LINCSCP_21062	-0.9998476154	0.01111402006	3	Gemcitabine	LSM-5333	POLA1|POLD1|POLE|RRM1|RRM2|RRM2B	0.5uM	HCC515	6h	LINCSCP_21062
LINCSCP_32699	0.9998475116	0.0111178033	3	TAE-684	LSM-1024	ALK	10uM	MCF7	6h	LINCSCP_32699
LINCSCP_47998	-0.9998464602	0.01115606731	3	BRD-K59850506-001-01-0	LSM-5694	AR|ESR1|PGR	10uM	PC3	6h	LINCSCP_47998
LINCSCP_9891	-0.999846436	0.01115694715	3	Oxetane	LSM-44627	NA	3uM	A549	24h	LINCSCP_9891
LINCSCP_42691	-0.9998464175	0.01115762015	3	Droperidol	LSM-4193	DRD2	10uM	NPC	24h	LINCSCP_42691
LINCSCP_222131	-0.9998462437	0.0111639326	3	BRD-K13077924	LSM-45363	NA	0.5uM	HL60	24h	LINCSCP_222131
LINCSCP_2283	-0.9998458359	0.01117872717	3	AC1MDRA3	LSM-4493	NA	10uM	A375	6h	LINCSCP_2283
LINCSCP_48742	0.9998455679	0.01118843782	3	CHEMBL2358401	LSM-15117	NA	10uM	PC3	24h	LINCSCP_48742
LINCSCP_84002	-0.9998452721	0.01119914864	3	Veliparib	LSM-1146	PARP1|PARP2	0.12uM	ASC.C	24h	LINCSCP_84002
LINCSCP_28366	-0.999845071	0.01120642463	3	BRD-K54335715	LSM-40248	NA	10uM	HT29	24h	LINCSCP_28366
LINCSCP_240515	-0.9998448212	0.01121545491	3	PD-173074	LSM-1026	FGFR1|FGFR3	10uM	MCF7	6h	LINCSCP_240515
LINCSCP_212753	0.99984469	0.01122019478	3	Curcumin	LSM-43083	PTGS1|PTGS2	0.5uM	HA1E	24h	LINCSCP_212753
LINCSCP_67632	-0.9998442607	0.01123569226	3	Mebendazole	LSM-3749	NA	20uM	MCF7	24h	LINCSCP_67632
LINCSCP_14921	0.9998440847	0.01124203834	3	ZINC1569718	LSM-3105	NA	10uM	HA1E	6h	LINCSCP_14921
LINCSCP_179581	0.9998435081	0.01126280785	3	Quetiapine	LSM-3543	DRD1|DRD2|HRH1|HTR1A|HTR1D|HTR1E|HTR2A|HTR2C	10uM	A375	6h	LINCSCP_179581
LINCSCP_133495	0.9998433999	0.01126670365	3	BRD-A25736793	LSM-43054	MTOR	0.04uM	MCF7	24h	LINCSCP_133495
LINCSCP_33591	-0.9998429613	0.01128246932	3	MEK1/2 Inhibitor	LSM-42879	MAP2K1|MAP2K2	10uM	MCF7	24h	LINCSCP_33591
LINCSCP_90980	-0.9998428531	0.01128635612	3	MG-132	LSM-1107	PSMB1	20uM	HA1E	24h	LINCSCP_90980
LINCSCP_55628	-0.9998426575	0.01129337664	3	Hispidin	LSM-42859	PRKCB	10uM	VCAP	24h	LINCSCP_55628
LINCSCP_21262	-0.9998422517	0.01130793074	3	DC-45-A2	LSM-6274	NA	10uM	HCT116	6h	LINCSCP_21262
LINCSCP_2953	-0.9998417367	0.01132637478	3	CHEMBL2136621	LSM-38354	NA	10uM	A375	6h	LINCSCP_2953
LINCSCP_175784	-0.9998413771	0.0113392367	3	179324-69-7	LSM-6281	ADRM1|PSMA1|PSMA2|PSMA3|PSMA4|PSMA5|PSMA6|PSMA7|PSMA8|PSMB1|PSMB10|PSMB11|PSMB2|PSMB3|PSMB4|PSMB5|PSMB6|PSMB7|PSMB8|PSMB9|PSMC1|PSMC2|PSMC3|PSMC4|PSMC5|PSMC6|PSMD1|PSMD11|PSMD12|PSMD13|PSMD14|PSMD2|PSMD3|PSMD4|PSMD6|PSMD7|PSMD8|SEM1	20uM	YAPC	24h	LINCSCP_175784
LINCSCP_87372	-0.9998408671	0.01135745093	3	NVP-BHG712	LSM-1201	NA	3.33uM	CD34	24h	LINCSCP_87372
LINCSCP_295319	-0.9998405671	0.01136815202	3	Lopinavir	LSM-6027	NA	10uM	VCAP	24h	LINCSCP_295319
LINCSCP_88141	0.9998403587	0.0113755807	3	CHEMBL585951	LSM-36386	MAPK8	3.33uM	HA1E	24h	LINCSCP_88141
LINCSCP_104771	0.9998403319	0.01137653333	3	Ciprofloxacin	LSM-5226	NA	10uM	HELA	24h	LINCSCP_104771
LINCSCP_37656	0.9998403158	0.01137710828	3	CHEMBL2135770	LSM-38343	NA	10uM	MCF7	24h	LINCSCP_37656
LINCSCP_59729	-0.9998400237	0.01138750965	3	BRD-K04632192	LSM-37525	NA	5uM	VCAP	6h	LINCSCP_59729
LINCSCP_43999	-0.9998397714	0.01139648647	3	(Z,E)-3-(imidazol-4-Ylmethylene)indolin-2-one	LSM-42866	EGFR	10uM	PC3	24h	LINCSCP_43999
LINCSCP_133431	0.9998393221	0.01141245496	3	Sunitinib	LSM-42800	CSF1R|FLT1|FLT3|FLT4|KDR|KIT|PDGFRA|PDGFRB|RET	3.33uM	MCF7	24h	LINCSCP_133431
LINCSCP_14084	0.9998392322	0.01141564622	3	U0126	LSM-1220	NA	10uM	HA1E	24h	LINCSCP_14084
LINCSCP_48567	-0.9998391752	0.01141766992	3	BRD-K69760878	LSM-41068	NA	10uM	PC3	24h	LINCSCP_48567
LINCSCP_165595	-0.9998384677	0.0114427579	3	Vandetanib	LSM-1199	EGFR|EPHA1|EPHA10|EPHA2|EPHA3|EPHA4|EPHA5|EPHA6|EPHA7|EPHA8|EPHB1|EPHB2|EPHB3|EPHB4|EPHB6|ERBB2|ERBB3|ERBB4|FLT1|FLT4|KDR|PTK6|RET|SRC|TEK	0.04uM	SKL	24h	LINCSCP_165595
LINCSCP_22868	-0.9998383823	0.01144578103	3	Bucladesine	LSM-1926	PRKACA	10uM	HEPG2	6h	LINCSCP_22868
LINCSCP_43112	-0.9998383473	0.01144701994	3	BRD-K27411973	LSM-14776	NA	10uM	NPC	24h	LINCSCP_43112
LINCSCP_32431	-0.9998381945	0.0114524282	3	MLS000583957	LSM-1763	NA	10uM	MCF7	24h	LINCSCP_32431
LINCSCP_2050	0.9998380729	0.01145673098	3	Trichostatin	LSM-43005	HDAC1|HDAC10|HDAC3|HDAC4|HDAC6|HDAC7|HDAC8	10uM	A375	6h	LINCSCP_2050
LINCSCP_97238	0.9998380044	0.01145915451	3	LACOSAMIDE	LSM-45385	SCN10A|SCN11A|SCN1A|SCN2A|SCN3A|SCN4A|SCN5A|SCN7A|SCN8A|SCN9A	0.37uM	HA1E	24h	LINCSCP_97238
LINCSCP_15383	0.9998375899	0.01147380778	3	SMR000651449	LSM-3511	NA	10uM	HA1E	24h	LINCSCP_15383
LINCSCP_9727	-0.9998373516	0.01148222148	3	IWR-1-ENDO	LSM-5707	TNKS|TNKS2	1uM	A549	24h	LINCSCP_9727
LINCSCP_128184	0.9998371525	0.01148924811	3	CDK9 Inhibitor	LSM-1197	NA	3.33uM	HUES3	24h	LINCSCP_128184
LINCSCP_2453	-0.9998369052	0.01149796767	3	Dovitinib	LSM-1127	EGFR|FGFR1|FGFR2|FGFR3|FLT1|FLT3|FLT4|KDR|KIT|PDGFRA|PDGFRB	10uM	A375	6h	LINCSCP_2453
LINCSCP_159030	-0.9998368376	0.01150035102	3	AMG 232	LSM-45882	NA	0.37uM	PC3	24h	LINCSCP_159030
LINCSCP_85981	-0.9998366508	0.01150693164	3	PD-173074	LSM-1026	FGFR1|FGFR3	3.33uM	BT20	24h	LINCSCP_85981
LINCSCP_125710	0.9998363492	0.01151754917	3	Tacalcitol	LSM-45518	NA	10uM	HT29	24h	LINCSCP_125710
LINCSCP_42987	-0.9998360911	0.01152662849	3	BRD-K31931379	LSM-10366	NA	10uM	NPC	24h	LINCSCP_42987
LINCSCP_14423	-0.9998357277	0.01153939885	3	RG 14620	LSM-42910	EGFR	10uM	HA1E	24h	LINCSCP_14423
LINCSCP_174786	0.9998356397	0.01154249206	3	Thiabendazole	LSM-3741	NA	3.33uM	YAPC	24h	LINCSCP_174786
LINCSCP_250742	-0.9998353864	0.01155138223	3	CHEMBL416418	LSM-6211	ASAH1|UGCG	0.01uM	MCF7	24h	LINCSCP_250742
LINCSCP_31174	0.9998335812	0.01161454928	3	MLS003128610	LSM-3191	NA	10uM	MCF7	24h	LINCSCP_31174
LINCSCP_2365	0.9998334991	0.01161741352	3	F0012-0289	LSM-4634	NA	10uM	A375	6h	LINCSCP_2365
LINCSCP_102404	0.9998333363	0.01162309073	3	Lexibulin	LSM-6232	TUBA1A|TUBA1B|TUBA1C|TUBA3E|TUBA4A|TUBB|TUBB1|TUBB2A|TUBB2B|TUBB3|TUBB4A|TUBB4B|TUBB6|TUBB8	0.04uM	HELA	24h	LINCSCP_102404
LINCSCP_139894	0.9998332832	0.01162494253	3	TAK-242	LSM-45934	NA	0.04uM	MCF7	24h	LINCSCP_139894
LINCSCP_64533	-0.9998329944	0.01163500649	3	Estradiol	LSM-2421	ESR1|ESR2|NR1I2	5uM	VCAP	48h	LINCSCP_64533
LINCSCP_152975	-0.9998326839	0.01164581805	3	Ziprasidone	LSM-5433	DRD2|HRH1|HTR1A|HTR1B|HTR1D|HTR1E|HTR2A|HTR2C|HTR7	0.12uM	PC3	24h	LINCSCP_152975
LINCSCP_115640	-0.9998326574	0.01164674	3	AZD-5438	LSM-1159	CDK1|CDK10|CDK11B|CDK12|CDK13|CDK14|CDK15|CDK16|CDK17|CDK18|CDK19|CDK2|CDK20|CDK3|CDK4|CDK5|CDK6|CDK7|CDK8|CDK9	0.37uM	HS578T	24h	LINCSCP_115640
LINCSCP_62867	0.9998326564	0.01164677744	3	BRD-K20099363	LSM-9651	NA	5uM	VCAP	24h	LINCSCP_62867
LINCSCP_173135	-0.9998325876	0.01164917049	3	Prosteride	LSM-1842	SRD5A1|SRD5A2	10uM	YAPC	24h	LINCSCP_173135
LINCSCP_85888	-0.9998321963	0.01166277528	3	PD-0325901	LSM-1101	MAP2K1|MAP2K2	0.12uM	BT20	24h	LINCSCP_85888
LINCSCP_145250	0.9998320993	0.01166614672	3	Ruxolitinib	LSM-1139	JAK1|JAK2|TYK2	0.04uM	MDAMB231	3h	LINCSCP_145250
LINCSCP_62487	0.9998320429	0.01166810564	3	BRD-K99723587	LSM-14555	NA	5uM	VCAP	24h	LINCSCP_62487
LINCSCP_7620	-0.9998316887	0.01168040333	3	Mebendazole	LSM-3749	NA	10uM	A549	24h	LINCSCP_7620
LINCSCP_15038	-0.9998316063	0.01168326217	3	Phenylalanyltyrosine	LSM-2496	NA	10uM	HA1E	24h	LINCSCP_15038
LINCSCP_76588	-0.9998313082	0.01169359773	3	Fluphenazine	LSM-3226	DRD1|DRD2	10uM	A375	24h	LINCSCP_76588
LINCSCP_12036	-0.9998312578	0.01169534788	3	Enzastaurin	LSM-1069	PRKCB	1uM	BT20	6h	LINCSCP_12036
LINCSCP_37339	0.9998309507	0.01170598358	3	CHEMBL2143684	LSM-15081	NA	10uM	MCF7	6h	LINCSCP_37339
LINCSCP_36191	-0.9998307461	0.01171306537	3	CYTO7H11	LSM-4351	BAX	0.5uM	MCF7	24h	LINCSCP_36191
LINCSCP_42571	-0.9998306319	0.01171701527	3	Quinidine Gluconate	LSM-46038	SCN5A	10uM	NPC	24h	LINCSCP_42571
LINCSCP_138480	0.9998301232	0.01173459963	3	karakoline	LSM-45542	NA	10uM	MCF7	24h	LINCSCP_138480
LINCSCP_173723	-0.9998298615	0.01174363727	3	Almorexant (hydrochloride)	LSM-45611	NA	10uM	YAPC	24h	LINCSCP_173723
LINCSCP_252444	0.99982979	0.01174610184	3	SA-1939126	LSM-39500	NA	1uM	MCF7	6h	LINCSCP_252444
LINCSCP_172617	-0.9998293788	0.01176028203	3	PHA-793887	LSM-1073	CDK1|CDK10|CDK11B|CDK12|CDK13|CDK14|CDK15|CDK16|CDK17|CDK18|CDK19|CDK2|CDK20|CDK3|CDK4|CDK5|CDK6|CDK7|CDK8|CDK9	1.11uM	YAPC	24h	LINCSCP_172617
LINCSCP_38921	0.9998290692	0.01177094974	3	AKT Inhibitor VIII	LSM-1035	AKT1|AKT2	10uM	MDAMB231	24h	LINCSCP_38921
LINCSCP_67753	0.9998288952	0.0117769399	3	Wortmannin	LSM-3947	PIK3CA|PIK3CG|PLK1	10uM	NOMO1	6h	LINCSCP_67753
LINCSCP_128894	-0.9998285618	0.01178840747	3	I-BET151	LSM-6335	NA	0.04uM	HUVEC	24h	LINCSCP_128894
LINCSCP_55396	0.9998283666	0.01179511632	3	2-(4-Nitro-phenylamino)-benzoic acid	LSM-45307	NA	3uM	U937	6h	LINCSCP_55396
LINCSCP_21949	-0.9998281535	0.01180243782	3	MLS003079541	LSM-4214	NA	10uM	HEPG2	6h	LINCSCP_21949
LINCSCP_74757	-0.9998279252	0.0118102736	3	Nafamostat Mesylate	LSM-45274	NA	0.04uM	A375	24h	LINCSCP_74757
LINCSCP_45420	0.9998279053	0.01181095616	3	MLS000089581	LSM-3886	NA	10uM	PC3	6h	LINCSCP_45420
LINCSCP_80834	-0.9998277307	0.01181694864	3	BMN 673	LSM-45245	NA	0.37uM	A375	24h	LINCSCP_80834
LINCSCP_37417	0.9998276744	0.01181887991	3	Thiostrepton	LSM-43142	FOXM1	10uM	MCF7	24h	LINCSCP_37417
LINCSCP_166179	-0.9998273983	0.01182834128	3	GSK 1059615	LSM-42799	PIK3CA|PIK3CB|PIK3CD|PIK3CG	0.04uM	SKL	24h	LINCSCP_166179
LINCSCP_46502	-0.9998272858	0.01183219641	3	ST019365	LSM-4719	NA	10uM	PC3	24h	LINCSCP_46502
LINCSCP_30556	-0.9998270265	0.01184107669	3	GMX1778	LSM-6247	NAMPT	0.1uM	MCF7	24h	LINCSCP_30556
LINCSCP_253846	-0.9998267051	0.01185207368	3	CHEMBL2359798	LSM-6796	NA	1uM	MCF7	24h	LINCSCP_253846
LINCSCP_64784	-0.9998266908	0.01185255989	3	BRD-K55187504	LSM-40293	NA	10uM	VCAP	6h	LINCSCP_64784
LINCSCP_128080	0.9998264424	0.01186105105	3	OSI-930	LSM-1179	FLT1|FLT4|KDR|KIT	0.12uM	HUES3	24h	LINCSCP_128080
LINCSCP_112983	-0.9998259581	0.01187758902	3	Sorafenib	LSM-1008	BRAF|DDR2|FGFR1|FLT1|FLT3|FLT4|KDR|KIT|PDGFRB|RAF1|RET	0.37uM	HME1	24h	LINCSCP_112983
LINCSCP_179405	0.9998257459	0.01188482733	3	Plinabulin	LSM-43250	TUBA1A|TUBA1B|TUBA1C|TUBA3E|TUBA4A|TUBB|TUBB1|TUBB2A|TUBB2B|TUBB3|TUBB4A|TUBB4B|TUBB6|TUBB8	10uM	A375	6h	LINCSCP_179405
LINCSCP_310417	-0.9998256685	0.01188746957	3	BRD-K69892607	LSM-7784	NA	10uM	VCAP	24h	LINCSCP_310417
LINCSCP_10305	0.9998254582	0.01189463635	3	SCHEMBL6851809	LSM-43061	MTOR	10uM	A673	6h	LINCSCP_10305
LINCSCP_54709	-0.9998253799	0.01189730244	3	Troglitazone	LSM-4890	PPARG	10uM	T3M10	6h	LINCSCP_54709
LINCSCP_161327	0.999825205	0.01190326164	3	Metformin	LSM-4730	GPD2|MT-ND1|ND2|ND3|ND4|ND4L|ND5|ND6|NDUFA1|NDUFA10|NDUFA11|NDUFA12|NDUFA13|NDUFA2|NDUFA3|NDUFA4|NDUFA4L2|NDUFA5|NDUFA6|NDUFA7|NDUFA8|NDUFA9|NDUFAB1|NDUFAF1|NDUFAF2|NDUFAF3|NDUFAF4|NDUFB1|NDUFB10|NDUFB11|NDUFB2|NDUFB3|NDUFB4|NDUFB5|NDUFB6|NDUFB7|NDUFB8|NDUFB9|NDUFC1|NDUFC2|NDUFS1|NDUFS2|NDUFS3|NDUFS4|NDUFS5|NDUFS6|NDUFS7|NDUFS8|NDUFV1|NDUFV2|NDUFV3	0.37uM	PC3	24h	LINCSCP_161327
LINCSCP_60946	-0.9998250373	0.011908969	3	BRD-K93109423	LSM-14139	NA	5uM	VCAP	24h	LINCSCP_60946
LINCSCP_58201	0.9998248442	0.01191554025	3	Perospirone	LSM-5912	DRD2|HTR2A	10uM	VCAP	24h	LINCSCP_58201
LINCSCP_66413	-0.9998247098	0.01192011177	3	Vorinostat	LSM-3828	HDAC1|HDAC2|HDAC3|HDAC6|HDAC8	0.5uM	A375	24h	LINCSCP_66413
LINCSCP_70208	-0.9998239826	0.01194480984	3	GSK 525762A	LSM-6334	NA	0.04uM	A375	24h	LINCSCP_70208
LINCSCP_77828	0.9998235175	0.01196058251	3	MLS002222336	LSM-1855	PTGS1|PTGS2	0.12uM	A375	24h	LINCSCP_77828
LINCSCP_7837	-0.9998220556	0.01201001896	3	CHEMBL1890839	LSM-6110	NA	10uM	A549	24h	LINCSCP_7837
LINCSCP_8716	0.9998219146	0.01201477558	3	BRD-K15918270	LSM-38102	NA	5uM	A549	24h	LINCSCP_8716
LINCSCP_74377	-0.9998217308	0.01202097479	3	Rimonabant	LSM-36994	CNR1	0.37uM	A375	24h	LINCSCP_74377
LINCSCP_160461	-0.999821489	0.01202912518	3	ACEXAMIC ACID	LSM-45740	NA	3.33uM	PC3	24h	LINCSCP_160461
LINCSCP_43680	0.9998214755	0.01202958097	3	Piceatannol	LSM-42918	NA	10uM	NPC	6h	LINCSCP_43680
LINCSCP_62935	-0.9998214281	0.01203117829	3	BRD-K83675132	LSM-13545	NA	5uM	VCAP	24h	LINCSCP_62935
LINCSCP_14660	-0.9998213263	0.01203460683	3	CHEMBL404099	LSM-1802	NA	10uM	HA1E	24h	LINCSCP_14660
LINCSCP_132107	-0.9998212275	0.01203793237	3	TWS 119	LSM-1111	GSK3B	0.04uM	MCF7	24h	LINCSCP_132107
LINCSCP_68706	0.9998204047	0.01206560663	3	Sirolimus	LSM-42783	FKBP1A|MTOR	10uM	VCAP	6h	LINCSCP_68706
LINCSCP_131465	-0.9998203684	0.01206682589	3	Y-39983	LSM-1150	ROCK1|ROCK2	0.12uM	MCF10A	24h	LINCSCP_131465
LINCSCP_27429	-0.9998202472	0.01207089489	3	BRD-K80553643	LSM-14944	NA	5uM	HT29	24h	LINCSCP_27429
LINCSCP_17562	0.9998200237	0.01207839717	3	THR1 Inhibitor, 2	LSM-1445	BTK	100uM	HCC15	6h	LINCSCP_17562
LINCSCP_130725	-0.9998198285	0.0120849453	3	YM 201636	LSM-1109	NA	0.12uM	MCF10A	24h	LINCSCP_130725
LINCSCP_94859	-0.9998194022	0.01209923486	3	K-115	LSM-45986	NA	3.33uM	HA1E	24h	LINCSCP_94859
LINCSCP_69492	-0.9998186783	0.01212345852	3	Dasatinib	LSM-1020	ABL1|BCR|BLK|EPHA2|FGR|FRK|FYN|HCK|KIT|LCK|LYN|PDGFRB|SRC|SRMS|YES1	0.12uM	A375	24h	LINCSCP_69492
LINCSCP_67840	0.9998182635	0.01213731902	3	Wortmannin	LSM-3947	PIK3CA|PIK3CG|PLK1	10uM	PC3	6h	LINCSCP_67840
LINCSCP_1625	-0.9998181769	0.01214020971	3	SCHEMBL14977174	LSM-3791	NA	10uM	A375	6h	LINCSCP_1625
LINCSCP_271430	-0.9998180838	0.01214331707	3	CHEMBL2361177	LSM-37819	NA	10uM	PC3	24h	LINCSCP_271430
LINCSCP_97114	-0.9998180523	0.0121443694	3	Zosuquidar	LSM-5782	ABCB1	0.04uM	HA1E	24h	LINCSCP_97114
LINCSCP_129898	0.9998178603	0.01215077508	3	Dasatinib	LSM-1020	ABL1|BCR|BLK|EPHA2|FGR|FRK|FYN|HCK|KIT|LCK|LYN|PDGFRB|SRC|SRMS|YES1	0.37uM	LNCAP	24h	LINCSCP_129898
LINCSCP_60507	0.9998170599	0.01217744556	3	MLS003130241	LSM-7010	NA	5uM	VCAP	24h	LINCSCP_60507
LINCSCP_72219	-0.9998170213	0.0121787302	3	Diflunisal	LSM-2490	PTGS1|PTGS2	0.04uM	A375	24h	LINCSCP_72219
LINCSCP_111714	-0.9998165796	0.01219342011	3	GSK-1904529A	LSM-1134	IGF1R|INSR	0.04uM	HEPG2	24h	LINCSCP_111714
LINCSCP_100475	-0.9998164121	0.01219898807	3	(R)-(-)-Jq1 enantiomer	LSM-6333	NA	0.37uM	HCC515	24h	LINCSCP_100475
LINCSCP_37264	0.9998162756	0.01220352155	3	Vorinostat	LSM-3828	HDAC1|HDAC2|HDAC3|HDAC6|HDAC8	3uM	MCF7	24h	LINCSCP_37264
LINCSCP_439	-0.9998162682	0.01220376845	3	Dihydroegotamine	LSM-1639	HTR1B|HTR1D	10uM	A375	6h	LINCSCP_439
LINCSCP_114988	-0.9998161271	0.01220845403	3	SB590885	LSM-42746	NA	0.37uM	HS578T	24h	LINCSCP_114988
LINCSCP_208238	-0.9998160476	0.01221109222	3	Piretanide	LSM-3959	SLC12A1|SLC12A2	10uM	HA1E	6h	LINCSCP_208238
LINCSCP_33458	-0.9998160167	0.01221211935	3	Benoxinate	LSM-2069	SCN10A|SCN11A|SCN1A|SCN2A|SCN3A|SCN4A|SCN5A|SCN7A|SCN8A|SCN9A	10uM	MCF7	6h	LINCSCP_33458
LINCSCP_120665	-0.9998158839	0.01221652387	3	BRD-A36275421	LSM-45939	NA	10uM	HT29	24h	LINCSCP_120665
LINCSCP_88029	0.9998154198	0.01223191129	3	SCHEMBL17052537	LSM-5803	BTK|JAK3|MKNK2|MTOR|PRKDC	3.33uM	HA1E	24h	LINCSCP_88029
LINCSCP_2577	-0.9998149514	0.01224742385	3	L-755,507	LSM-1912	ADRB3	10uM	A375	6h	LINCSCP_2577
LINCSCP_88106	-0.9998148042	0.01225229329	3	AZD-5438	LSM-1159	CDK1|CDK10|CDK11B|CDK12|CDK13|CDK14|CDK15|CDK16|CDK17|CDK18|CDK19|CDK2|CDK20|CDK3|CDK4|CDK5|CDK6|CDK7|CDK8|CDK9	1.11uM	HA1E	24h	LINCSCP_88106
LINCSCP_92114	0.9998146049	0.01225888432	3	UREA	LSM-45688	NA	0.12uM	HA1E	24h	LINCSCP_92114
LINCSCP_40100	-0.9998141632	0.01227348084	3	PD-98059	LSM-3394	MAP2K1	10uM	NCIH2073	6h	LINCSCP_40100
LINCSCP_74809	-0.9998137051	0.01228859953	3	Tebipenem Pivoxil	LSM-46000	NA	0.37uM	A375	24h	LINCSCP_74809
LINCSCP_38485	-0.9998136791	0.01228945429	3	BRD-K22587354	LSM-45322	NA	0.04uM	MCF7	24h	LINCSCP_38485
LINCSCP_148413	0.9998135678	0.0122931274	3	Olaparib	LSM-1145	PARP1|PARP2|PARP3	0.04uM	NPC.CAS9	24h	LINCSCP_148413
LINCSCP_139528	0.9998133765	0.01229942992	3	Lonafarnib	LSM-45716	CHURC1-FNTB|FNTA|FNTB	0.12uM	MCF7	24h	LINCSCP_139528
LINCSCP_303069	0.9998133317	0.01230090802	3	BRD-K37434018	LSM-10689	NA	5uM	VCAP	24h	LINCSCP_303069
LINCSCP_55725	0.9998131794	0.01230592559	3	PI828	LSM-4198	NA	10uM	VCAP	24h	LINCSCP_55725
LINCSCP_8042	0.9998131142	0.01230807237	3	MLS002473918	LSM-6112	NA	10uM	A549	6h	LINCSCP_8042
LINCSCP_46312	-0.9998125001	0.01232827847	3	BRD-K04534322	LSM-36643	NA	10uM	PC3	6h	LINCSCP_46312
LINCSCP_3815	-0.9998121574	0.0123395392	3	TL_HRAS26	LSM-2013	NA	1.11uM	A375	24h	LINCSCP_3815
LINCSCP_58263	-0.9998115757	0.01235863233	3	Valacyclovir	LSM-5571	NA	10uM	VCAP	6h	LINCSCP_58263
LINCSCP_60297	0.9998115225	0.01236037567	3	CHEMBL2361927	LSM-7441	NA	5uM	VCAP	6h	LINCSCP_60297
LINCSCP_99800	-0.9998113999	0.01236439506	3	936890-98-1	LSM-42786	MTOR	1.11uM	HCC515	24h	LINCSCP_99800
LINCSCP_67928	0.9998109123	0.01238036989	3	Vorinostat	LSM-3828	HDAC1|HDAC2|HDAC3|HDAC6|HDAC8	10uM	PC3	24h	LINCSCP_67928
LINCSCP_65020	-0.9998107987	0.01238408825	3	BRD-K32035967	LSM-39029	NA	10uM	VCAP	6h	LINCSCP_65020
LINCSCP_62447	-0.9998107507	0.01238565822	3	BRD-K33881003	LSM-10480	NA	5uM	VCAP	24h	LINCSCP_62447
LINCSCP_151696	0.9998103813	0.01239774041	3	BRD-A25736793	LSM-43054	MTOR	0.04uM	PC3	24h	LINCSCP_151696
LINCSCP_13302	-0.9998102793	0.01240107561	3	Celecoxib	LSM-2032	PTGS2	10uM	FIBRNPC	6h	LINCSCP_13302
LINCSCP_120253	-0.9998101638	0.01240485121	3	Anastrozole	LSM-5631	CYP19A1	1.11uM	HT29	24h	LINCSCP_120253
LINCSCP_58455	-0.9998098366	0.01241553722	3	MLS-0435557.0001	LSM-4864	NA	10uM	VCAP	6h	LINCSCP_58455
LINCSCP_5861	0.9998097566	0.0124181477	3	FK-506	LSM-43010	FKBP1A	10uM	A549	6h	LINCSCP_5861
LINCSCP_51165	-0.9998096544	0.01242148396	3	UK 356618	LSM-4940	MMP3	10uM	RMUGS	6h	LINCSCP_51165
LINCSCP_109317	0.9998095874	0.01242366807	3	Carbamazepine	LSM-3610	SCN10A|SCN11A|SCN1A|SCN2A|SCN3A|SCN4A|SCN5A|SCN7A|SCN8A|SCN9A	10uM	HELA	24h	LINCSCP_109317
LINCSCP_117011	-0.9998095852	0.01242374086	3	SCHEMBL17378613	LSM-5749	CSF1R	0.12uM	HT29	24h	LINCSCP_117011
LINCSCP_18574	-0.9998093877	0.01243018204	3	SU 1498	LSM-42944	ERBB2	10uM	HCC515	24h	LINCSCP_18574
LINCSCP_171922	0.9998082659	0.01246670694	3	MG-132	LSM-1107	PSMB1	20uM	YAPC	24h	LINCSCP_171922
LINCSCP_93034	-0.9998081861	0.0124692994	3	BRD-K00486725	LSM-45808	NA	1.11uM	HA1E	24h	LINCSCP_93034
LINCSCP_281740	-0.999807992	0.01247560758	3	L-755,507	LSM-1912	ADRB3	10uM	PHH	24h	LINCSCP_281740
LINCSCP_57898	0.9998079325	0.01247754218	3	BRD-K55216615	LSM-3230	NA	10uM	VCAP	6h	LINCSCP_57898
LINCSCP_46190	0.9998070786	0.01250524782	3	Thiostrepton	LSM-43142	FOXM1	10uM	PC3	24h	LINCSCP_46190
LINCSCP_102400	-0.9998065625	0.01252196482	3	Lexibulin	LSM-6232	TUBA1A|TUBA1B|TUBA1C|TUBA3E|TUBA4A|TUBB|TUBB1|TUBB2A|TUBB2B|TUBB3|TUBB4A|TUBB4B|TUBB6|TUBB8	3.33uM	HELA	24h	LINCSCP_102400
LINCSCP_5978	0.999806185	0.01253417636	3	AC1O9ZP5	LSM-6676	NA	10uM	A549	24h	LINCSCP_5978
LINCSCP_2814	0.9998061378	0.01253570227	3	SB-431542	LSM-3498	ACVR1C|TGFBR1	10uM	A375	6h	LINCSCP_2814
LINCSCP_48974	0.999806124	0.01253614978	3	BRD-K44401329	LSM-39722	NA	10uM	PC3	24h	LINCSCP_48974
LINCSCP_130546	-0.9998055979	0.0125531483	3	PHA-665752	LSM-42793	MET	0.04uM	MCF10A	24h	LINCSCP_130546
LINCSCP_195143	-0.999805425	0.01255872877	3	BRD-K59578981	LSM-7637	NA	5uM	A549	24h	LINCSCP_195143
LINCSCP_137051	-0.9998047383	0.01258087244	3	NG,NG-Dimethyl-L-arginine, Dihydrochloride	LSM-45294	NA	0.04uM	MCF7	24h	LINCSCP_137051
LINCSCP_134683	0.9998042861	0.01259542978	3	SELEGILINE HYDROCHLORIDE	LSM-45964	NA	0.37uM	MCF7	24h	LINCSCP_134683
LINCSCP_297278	-0.9998036202	0.01261684199	3	BRD-K88488723	LSM-42092	NA	5uM	VCAP	6h	LINCSCP_297278
LINCSCP_43707	-0.9998034641	0.0126218546	3	4,11-Diethyl-4,9-dihydroxy-1H-pyrano[3',4':6,7]indolizino[1,2-b]quinoline-3,14(4H,12H)-dione	LSM-6189	TOP1	0.5uM	OV7	6h	LINCSCP_43707
LINCSCP_142542	-0.9998033529	0.01262542594	3	Levonorgestrel	LSM-2768	PGR	3.33uM	MCF7	24h	LINCSCP_142542
LINCSCP_133259	-0.9998031412	0.01263222072	3	CHEMBL1673039	LSM-1093	LRRK2|MAPK7	0.04uM	MCF7	24h	LINCSCP_133259
LINCSCP_30327	-0.9998026133	0.01264914513	3	Epibatidine	LSM-1518	NA	10uM	MCF7	6h	LINCSCP_30327
LINCSCP_149565	-0.9998025892	0.01264991833	3	Tivantinib	LSM-1131	MET	10uM	NPC.TAK	24h	LINCSCP_149565
LINCSCP_127305	0.9998021263	0.01266474247	3	2-(Ethylmercuriothio)benzoic acid	LSM-5710	NA	0.04uM	HT29	24h	LINCSCP_127305
LINCSCP_115460	-0.9998017816	0.01267576852	3	Sorafenib	LSM-1008	BRAF|DDR2|FGFR1|FLT1|FLT3|FLT4|KDR|KIT|PDGFRB|RAF1|RET	1.11uM	HS578T	24h	LINCSCP_115460
LINCSCP_30679	-0.9998016902	0.01267869046	3	16Beta-bromoandrosterone	LSM-6294	G6PD	10uM	MCF7	24h	LINCSCP_30679
LINCSCP_29500	-0.9998016585	0.01267970391	3	GSK-1070916	LSM-1062	AURKB|AURKC	1uM	MCF10A	24h	LINCSCP_29500
LINCSCP_1236	0.9998016477	0.01268004711	3	MLS000089581	LSM-3886	NA	10uM	A375	24h	LINCSCP_1236
LINCSCP_11502	0.9998013242	0.01269038526	3	SKF96365	LSM-1766	CYP3A4|TRPC1	10uM	ASC	24h	LINCSCP_11502
LINCSCP_90718	0.9998010421	0.01269939292	3	Chlorthalidone	LSM-1417	CA7|SLC12A3	1.11uM	HA1E	24h	LINCSCP_90718
LINCSCP_7391	0.999800817	0.01270657428	3	Nafadotride	LSM-1755	DRD3	10uM	A549	6h	LINCSCP_7391
LINCSCP_93445	-0.9998005706	0.01271442961	3	Olaparib	LSM-1145	PARP1|PARP2|PARP3	0.04uM	HA1E	24h	LINCSCP_93445
LINCSCP_63223	0.9997991566	0.01275942547	3	BRD-K43931839	LSM-11109	NA	5uM	VCAP	24h	LINCSCP_63223
LINCSCP_3111	-0.9997991031	0.01276112789	3	Vidarabine	LSM-5800	ADA	10uM	A375	6h	LINCSCP_3111
LINCSCP_41225	-0.9997983672	0.01278447907	3	CHEMBL330274	LSM-37167	DRD1|DRD2	10uM	NEU	24h	LINCSCP_41225
LINCSCP_97020	0.9997980131	0.01279569879	3	GDC-0068	LSM-45747	NA	3.33uM	HA1E	24h	LINCSCP_97020
LINCSCP_30429	-0.9997977407	0.01280432477	3	Zileuton	LSM-5084	ALOX5	100uM	MCF7	24h	LINCSCP_30429
LINCSCP_13415	0.9997972814	0.01281885637	3	Perhexiline	LSM-4353	CPT1A|CPT2	10uM	H1299	6h	LINCSCP_13415
LINCSCP_156715	0.9997969899	0.01282806893	3	179324-69-7	LSM-6281	ADRM1|PSMA1|PSMA2|PSMA3|PSMA4|PSMA5|PSMA6|PSMA7|PSMA8|PSMB1|PSMB10|PSMB11|PSMB2|PSMB3|PSMB4|PSMB5|PSMB6|PSMB7|PSMB8|PSMB9|PSMC1|PSMC2|PSMC3|PSMC4|PSMC5|PSMC6|PSMD1|PSMD11|PSMD12|PSMD13|PSMD14|PSMD2|PSMD3|PSMD4|PSMD6|PSMD7|PSMD8|SEM1	20uM	PC3	24h	LINCSCP_156715
LINCSCP_29529	-0.9997968479	0.01283255491	3	sorafenib	NA	BRAF|DDR2|FGFR1|FLT1|FLT3|FLT4|KDR|KIT|PDGFRB|RAF1|RET	0.1uM	MCF10A	24h	LINCSCP_29529
LINCSCP_56597	-0.9997968058	0.01283388541	3	Triciribine	LSM-3810	AKT1|AKT2|AKT3	10uM	VCAP	6h	LINCSCP_56597
LINCSCP_50474	0.9997961873	0.01285340387	3	BRD-K52785744-001-01-7	LSM-6837	NA	3uM	PHH	6h	LINCSCP_50474
LINCSCP_80352	-0.9997958577	0.01286379075	3	Apremilast (CC-10004)	LSM-45894	PDE4A|PDE4B|PDE4C|PDE4D	10uM	A375	24h	LINCSCP_80352
LINCSCP_176154	-0.9997955721	0.01287278722	3	Ribavirin	LSM-45572	NA	0.04uM	YAPC	24h	LINCSCP_176154
LINCSCP_222767	-0.9997950586	0.01288894407	3	JNJ-38877605	LSM-1157	MET	10uM	HS578T	6h	LINCSCP_222767
LINCSCP_11999	-0.9997949265	0.01289309954	3	BI-2536	LSM-1041	PLK1	0.5uM	BT20	6h	LINCSCP_11999
LINCSCP_4018	-0.9997948242	0.01289631324	3	MLS003672589	LSM-36804	NA	0.12uM	A375	24h	LINCSCP_4018
LINCSCP_32589	0.9997939487	0.01292380121	3	EI-346-ERLOTINIB-ANALOG	LSM-42715	NA	10uM	MCF7	24h	LINCSCP_32589
LINCSCP_120842	-0.9997934891	0.01293820677	3	Resminostat	LSM-45663	NA	0.37uM	HT29	24h	LINCSCP_120842
LINCSCP_3522	-0.9997934494	0.01293945123	3	BRD-K09069264	LSM-6970	NA	10uM	A375	24h	LINCSCP_3522
LINCSCP_73262	0.9997928825	0.01295719429	3	Buparlisib	LSM-1148	PIK3CA|PIK3CB|PIK3CD|PIK3CG|PIK3R1|PIK3R2|PIK3R3|PIK3R5	10uM	A375	24h	LINCSCP_73262
LINCSCP_133640	0.9997924117	0.01297191361	3	KU-55933	LSM-1074	ATM	0.37uM	MCF7	24h	LINCSCP_133640
LINCSCP_10468	-0.9997919912	0.01298504716	3	Erastin	LSM-4914	VDAC2	5uM	AGS	6h	LINCSCP_10468
LINCSCP_46694	-0.9997918887	0.01298824615	3	K858	LSM-5122	KIF11	10uM	PC3	24h	LINCSCP_46694
LINCSCP_70535	-0.9997915683	0.01299824038	3	BAY 61-3606	LSM-1167	SYK	0.04uM	A375	24h	LINCSCP_70535
LINCSCP_262363	-0.9997915042	0.0130002372	3	Flumethasone	LSM-3369	NR3C1	10uM	NPC	24h	LINCSCP_262363
LINCSCP_20534	0.9997908511	0.01302058464	3	OSI-027	LSM-1063	MTOR	10uM	HCC515	6h	LINCSCP_20534
LINCSCP_140886	-0.9997903742	0.01303542261	3	Pazufloxacin	LSM-5745	NA	3.33uM	MCF7	24h	LINCSCP_140886
LINCSCP_13800	-0.9997902741	0.01303853421	3	Xaliproden	LSM-3966	HTR1A	10uM	HA1E	24h	LINCSCP_13800
LINCSCP_59867	0.9997901009	0.01304391559	3	BRD-K30066603	LSM-38910	NA	5uM	VCAP	24h	LINCSCP_59867
LINCSCP_60319	-0.9997900718	0.01304482183	3	BRD-K72980834	LSM-7807	NA	5uM	VCAP	6h	LINCSCP_60319
LINCSCP_6652	-0.9997899459	0.01304873174	3	Tyrphostin AG 126	LSM-5752	NA	10uM	A549	6h	LINCSCP_6652
LINCSCP_32594	-0.9997894492	0.01306414963	3	QL-X-138	LSM-42720	BTK|JAK3|MKNK2|MTOR|PRKDC	10uM	MCF7	24h	LINCSCP_32594
LINCSCP_43287	-0.9997893219	0.01306809902	3	MCN 5652, (+/-)	LSM-36945	NA	10uM	NPC	6h	LINCSCP_43287
LINCSCP_175844	-0.9997891648	0.01307297295	3	Droperidol	LSM-4193	DRD2	10uM	YAPC	24h	LINCSCP_175844
LINCSCP_64722	-0.9997889398	0.01307994546	3	BRD-K94312010	LSM-42398	NA	10uM	VCAP	24h	LINCSCP_64722
LINCSCP_72523	0.9997884141	0.01309622562	3	3-Aminobenzamide	LSM-4525	NA	0.04uM	A375	24h	LINCSCP_72523
LINCSCP_47311	0.9997883773	0.01309736395	3	PK04PUR_000351	LSM-36678	NA	10uM	PC3	24h	LINCSCP_47311
LINCSCP_44030	0.9997880213	0.01310837693	3	Quinoxaline1	LSM-2675	CDK1|CDK5|GSK3A	10uM	PC3	24h	LINCSCP_44030
LINCSCP_47732	0.9997879114	0.01311177436	3	BRD-K40476324-001-01-6	LSM-5523	ATP1A1	10uM	PC3	6h	LINCSCP_47732
LINCSCP_120542	-0.999787235	0.01313266615	3	Fenoldopam	LSM-1609	DRD1	0.37uM	HT29	24h	LINCSCP_120542
LINCSCP_291755	-0.9997871788	0.01313440021	3	4-(3-Ethyl[1,2,4]triazolo[3,4-b][1,3,4]thiadiazol-6-yl)aniline	LSM-4945	NA	10uM	VCAP	6h	LINCSCP_291755
LINCSCP_136434	-0.9997868749	0.01314377526	3	Olprinone (Hydrochloride)	LSM-45375	NA	0.04uM	MCF7	24h	LINCSCP_136434
LINCSCP_248337	-0.999786844	0.01314472967	3	BRD-K17645417	LSM-38203	NA	5uM	MCF7	24h	LINCSCP_248337
LINCSCP_239760	0.9997866673	0.01315017601	3	BRD-K74711637	LSM-6151	NA	10uM	MCF7	6h	LINCSCP_239760
LINCSCP_130716	0.9997865405	0.01315408281	3	Alpelisib	LSM-4256	PIK3CA	3.33uM	MCF10A	24h	LINCSCP_130716
LINCSCP_27773	-0.9997856501	0.01318148902	3	BRD-K62702428	LSM-40697	NA	5uM	HT29	24h	LINCSCP_27773
LINCSCP_1086	-0.9997855177	0.01318556124	3	AC1MDKLV	LSM-1956	NA	10uM	A375	24h	LINCSCP_1086
LINCSCP_7450	-0.9997850141	0.01320103166	3	IN1128	LSM-2557	PTGS1|PTGS2|SIRT1	10uM	A549	6h	LINCSCP_7450
LINCSCP_62515	-0.9997848633	0.01320566237	3	BRD-K19529619	LSM-9606	NA	5uM	VCAP	6h	LINCSCP_62515
LINCSCP_4975	0.9997845408	0.01321555745	3	1-[4-(4-Bromophenyl)-1,3-thiazol-2-yl]piperidine-4-carboxamide	LSM-3270	NA	10uM	A549	24h	LINCSCP_4975
LINCSCP_290864	0.9997845278	0.01321595451	3	Simvastatin	LSM-2492	HMGCR	10uM	VCAP	6h	LINCSCP_290864
LINCSCP_172759	-0.9997835815	0.01324494404	3	Picotamide	LSM-3497	TBXA2R	10uM	YAPC	24h	LINCSCP_172759
LINCSCP_238016	-0.9997834531	0.01324887445	3	D,L Carbidopa	LSM-5128	DDC	10uM	MCF7	6h	LINCSCP_238016
LINCSCP_164467	-0.9997827335	0.01327086973	3	761437-28-9	LSM-1208	NA	0.37uM	SKL.C	24h	LINCSCP_164467
LINCSCP_140091	-0.9997826805	0.01327248806	3	AZD-1775	LSM-1153	WEE1	0.12uM	MCF7	24h	LINCSCP_140091
LINCSCP_258330	0.9997822596	0.01328533351	3	Apigenin	LSM-5206	NA	10uM	NEU	24h	LINCSCP_258330
LINCSCP_222129	0.9997819987	0.01329329292	3	BRD-K05456756	LSM-45349	NA	1uM	HL60	24h	LINCSCP_222129
LINCSCP_10360	-0.9997819562	0.01329458666	3	CHEMBL1434137	LSM-6234	RARG	40uM	A673	6h	LINCSCP_10360
LINCSCP_43365	0.9997817329	0.01330139455	3	Chlorpromazine	LSM-4017	ADRA2A|ADRA2B|ADRA2C|DRD1|DRD2|DRD3|DRD4|DRD5|HRH1|HTR1A|HTR2A|HTR2C|HTR6|HTR7	10uM	NPC	6h	LINCSCP_43365
LINCSCP_102413	-0.9997814884	0.01330884337	3	Voreloxin (Hydrochloride)	LSM-45617	TOP2A|TOP2B	1.11uM	HELA	24h	LINCSCP_102413
LINCSCP_128476	-0.9997812251	0.0133168598	3	PCI-32765	LSM-1129	BTK	10uM	HUVEC	24h	LINCSCP_128476
LINCSCP_136549	-0.9997809058	0.01332657368	3	FAMPRIDINE	LSM-45521	KCNA1|KCNA10|KCNA2|KCNA3|KCNA4|KCNA5|KCNA6|KCNA7|KCNB1|KCNB2|KCNC1|KCNC2|KCNC3|KCNC4|KCND1|KCND2|KCND3|KCNF1|KCNG1|KCNG2|KCNG3|KCNG4|KCNH1|KCNH2|KCNH3|KCNH4|KCNH5|KCNH6|KCNH7|KCNH8|KCNQ1|KCNQ2|KCNQ3|KCNQ4|KCNQ5|KCNS1|KCNS2|KCNS3|KCNV1|KCNV2	10uM	MCF7	24h	LINCSCP_136549
LINCSCP_26006	-0.9997805422	0.01333762726	3	MLS000081884	LSM-2266	NA	10uM	HT29	6h	LINCSCP_26006
LINCSCP_194124	-0.9997804344	0.01334090333	3	5807-14-7	LSM-5565	NA	10uM	A549	6h	LINCSCP_194124
LINCSCP_29724	0.9997793977	0.01337236243	3	WH-4-025	LSM-45317	NA	10uM	MCF10A	6h	LINCSCP_29724
LINCSCP_93085	-0.999779342	0.01337405135	3	Rilpivirine	LSM-45777	NA	0.04uM	HA1E	24h	LINCSCP_93085
LINCSCP_285809	0.9997792902	0.01337561911	3	STK064652	LSM-6186	NA	10uM	SKM1	6h	LINCSCP_285809
LINCSCP_111880	-0.9997791918	0.01337860182	3	LRRK2-IN-1	LSM-1086	LRRK2	0.37uM	HEPG2	24h	LINCSCP_111880
LINCSCP_87416	-0.9997789848	0.01338487183	3	844499-71-4	LSM-1175	NA	0.37uM	CD34	24h	LINCSCP_87416
LINCSCP_66315	-0.999778933	0.01338643946	3	PKC Beta Inhibitor	LSM-4753	PRKCB	10uM	WSUDLCL2	6h	LINCSCP_66315
LINCSCP_88281	0.9997788752	0.01338818931	3	CHEMBL552425	LSM-1003	DDR1	10uM	HA1E	24h	LINCSCP_88281
LINCSCP_52309	-0.9997787986	0.01339050682	3	PD-173074	LSM-1026	FGFR1|FGFR3	10uM	SKB	24h	LINCSCP_52309
LINCSCP_159571	-0.9997783996	0.01340257893	3	FK888	LSM-3876	TACR1	0.04uM	PC3	24h	LINCSCP_159571
LINCSCP_3310	-0.9997783864	0.01340298068	3	BRD-K34160774	LSM-10492	NA	5uM	A375	24h	LINCSCP_3310
LINCSCP_105064	-0.9997782394	0.01340742301	3	omeprazole	LSM-45749	NA	10uM	HELA	24h	LINCSCP_105064
LINCSCP_2947	-0.9997781137	0.01341122411	3	CHEMBL2138010	LSM-6083	NA	10uM	A375	6h	LINCSCP_2947
LINCSCP_121858	-0.9997778285	0.01341984003	3	BRD-A32440707	LSM-45970	NA	0.04uM	HT29	24h	LINCSCP_121858
LINCSCP_35382	-0.9997774631	0.01343087008	3	BRD-K97318829	LSM-42545	NA	10uM	MCF7	24h	LINCSCP_35382
LINCSCP_281605	-0.9997774393	0.01343158891	3	WH-4023	LSM-42724	ABL1|SRC	10uM	PHH	24h	LINCSCP_281605
LINCSCP_91523	-0.9997772356	0.01343773608	3	2-Methoxyestradiol	LSM-45490	NA	3.33uM	HA1E	24h	LINCSCP_91523
LINCSCP_36532	0.9997771366	0.01344072055	3	TORIN-2	LSM-1080	MTOR	1uM	MCF7	24h	LINCSCP_36532
LINCSCP_166495	-0.9997770245	0.01344409977	3	Calcitriol	LSM-45950	NA	0.04uM	YAPC	24h	LINCSCP_166495
LINCSCP_35825	-0.9997769484	0.01344639488	3	Trichostatin	LSM-43005	HDAC1|HDAC10|HDAC3|HDAC4|HDAC6|HDAC7|HDAC8	0.01uM	MCF7	6h	LINCSCP_35825
LINCSCP_134566	0.999776918	0.01344731023	3	Licochalcone A	LSM-46030	NA	10uM	MCF7	24h	LINCSCP_134566
LINCSCP_7337	-0.999776752	0.01345231429	3	SCHEMBL1670775	LSM-3483	NA	10uM	A549	24h	LINCSCP_7337
LINCSCP_58624	-0.9997759984	0.01347500064	3	Cilomilast	LSM-5719	PDE4A|PDE4B|PDE4D	10uM	VCAP	24h	LINCSCP_58624
LINCSCP_31035	0.9997759829	0.01347546523	3	MLS000108814	LSM-1588	NA	10uM	MCF7	6h	LINCSCP_31035
LINCSCP_25124	-0.9997754374	0.01349186516	3	N-[4-(1-Benzoylpiperidin-4-yl)butyl]-3-pyridin-3-ylpropanamide	LSM-6279	NA	0.5uM	HT115	6h	LINCSCP_25124
LINCSCP_27477	-0.9997744778	0.01352065989	3	BRD-K17554130	LSM-9484	NA	5uM	HT29	24h	LINCSCP_27477
LINCSCP_97148	0.9997734128	0.01355254958	3	Glycopyrrolate	LSM-5163	CHRM1|CHRM2|CHRM3	0.37uM	HA1E	24h	LINCSCP_97148
LINCSCP_41538	-0.9997730855	0.0135623343	3	BG-1006	LSM-45124	NA	10uM	NEU	6h	LINCSCP_41538
LINCSCP_67545	0.9997728	0.01357086356	3	CGS-15943	LSM-3076	ADORA1|ADORA2A|ADORA2B	40uM	MCF7	24h	LINCSCP_67545
LINCSCP_41078	-0.9997726059	0.0135766603	3	BRD-K06898795	LSM-37639	NA	10uM	NEU	24h	LINCSCP_41078
LINCSCP_53627	0.9997717879	0.01360105915	3	MLS000038106	LSM-4068	NA	10uM	SNGM	6h	LINCSCP_53627
LINCSCP_110689	-0.9997716666	0.01360467309	3	MG-132	LSM-1107	PSMB1	20uM	HELA	24h	LINCSCP_110689
LINCSCP_6081	0.9997714198	0.01361202415	3	CHEMBL2139663	LSM-29347	NA	10uM	A549	6h	LINCSCP_6081
LINCSCP_62255	-0.9997711228	0.01362086486	3	BRD-K10894258	LSM-9095	NA	5uM	VCAP	24h	LINCSCP_62255
LINCSCP_4277	0.9997709761	0.01362522992	3	Fluoxetine	LSM-1449	SLC6A4	10uM	A549	6h	LINCSCP_4277
LINCSCP_136277	0.9997701978	0.01364836145	3	Iniparib	LSM-6317	PARP1	0.37uM	MCF7	24h	LINCSCP_136277
LINCSCP_48984	0.9997695868	0.01366649438	3	BRD-K52047117	LSM-15147	NA	10uM	PC3	24h	LINCSCP_48984
LINCSCP_84291	-0.9997692384	0.0136768249	3	WZ 4002	LSM-1085	EGFR|ERBB2	0.04uM	ASC	24h	LINCSCP_84291
LINCSCP_55723	-0.9997689037	0.01368674006	3	BRN 0893050	LSM-4183	NA	10uM	VCAP	24h	LINCSCP_55723
LINCSCP_234994	-0.9997676591	0.01372354528	3	Saracatinib	LSM-1032	ABL1|SRC	0.5uM	MCF10A	6h	LINCSCP_234994
LINCSCP_131858	-0.9997675136	0.01372784375	3	SCHEMBL3954849	LSM-5982	NA	1.11uM	MCF7	24h	LINCSCP_131858
LINCSCP_41396	-0.9997672476	0.01373569331	3	Pregnenolone	LSM-5550	NA	10uM	NEU	24h	LINCSCP_41396
LINCSCP_16841	-0.999766771	0.01374975121	3	CHEMBL2142935	LSM-6808	NA	10uM	HA1E	6h	LINCSCP_16841
LINCSCP_44570	-0.9997666387	0.0137536491	3	Diethylcarbamazine	LSM-3009	ALOX5	10uM	PC3	24h	LINCSCP_44570
LINCSCP_112661	-0.9997666185	0.01375424651	3	CHEMBL3188661	LSM-5394	DDR1	0.12uM	HEPG2	24h	LINCSCP_112661
LINCSCP_24014	0.9997662387	0.01376543389	3	Broad-Sai-045	LSM-45330	NA	0.04uM	HEPG2	24h	LINCSCP_24014
LINCSCP_156765	0.9997661925	0.01376679365	3	Anamorelin	LSM-45737	GHSR	0.37uM	PC3	24h	LINCSCP_156765
LINCSCP_15213	-0.9997661897	0.01376687508	3	BAS 02002358	LSM-1843	GPER1	20uM	HA1E	24h	LINCSCP_15213
LINCSCP_67725	-0.9997661309	0.01376860743	3	Trichostatin A, Streptomyces Sp.	LSM-42814	HDAC1|HDAC10|HDAC3|HDAC4|HDAC6|HDAC7|HDAC8	10uM	NEU	24h	LINCSCP_67725
LINCSCP_59823	0.9997659781	0.0137731051	3	BRD-K01605959-001-01-9	LSM-37363	NA	5uM	VCAP	24h	LINCSCP_59823
LINCSCP_120164	-0.9997658644	0.01377644872	3	TRIENTINE HYDROCHLORIDE	LSM-45752	NA	1.11uM	HT29	24h	LINCSCP_120164
LINCSCP_47539	-0.9997656614	0.01378242173	3	Oxethazaine	LSM-5672	NA	10uM	PC3	24h	LINCSCP_47539
LINCSCP_33354	-0.9997655936	0.01378441541	3	201038-74-6	LSM-2529	HTR7	10uM	MCF7	24h	LINCSCP_33354
LINCSCP_42216	-0.9997654155	0.01378965185	3	MLS-0315871.0001	LSM-4862	NA	10uM	NPC	24h	LINCSCP_42216
LINCSCP_175836	-0.9997651525	0.01379737866	3	Pyrilamine	LSM-4206	HRH1	0.12uM	YAPC	24h	LINCSCP_175836
LINCSCP_147596	0.9997649561	0.01380314823	3	GSK 1059615	LSM-42799	PIK3CA|PIK3CB|PIK3CD|PIK3CG	3.33uM	NPC.CAS9	24h	LINCSCP_147596
LINCSCP_176231	-0.9997649549	0.0138031836	3	MG-132	LSM-1107	PSMB1	20uM	YAPC	24h	LINCSCP_176231
LINCSCP_199663	-0.9997648362	0.01380666703	3	BRD-K67887361	LSM-40969	NA	5uM	A549	24h	LINCSCP_199663
LINCSCP_70188	-0.9997647276	0.01380985405	3	JW 55	LSM-6318	NA	0.37uM	A375	24h	LINCSCP_70188
LINCSCP_99674	-0.99976466	0.01381184042	3	Ruxolitinib	LSM-1139	JAK1|JAK2|TYK2	1.11uM	HCC515	24h	LINCSCP_99674
LINCSCP_146345	-0.9997640666	0.01382924175	3	CHEMBL1673039	LSM-1093	LRRK2|MAPK7	1.11uM	NEU	24h	LINCSCP_146345
LINCSCP_156286	-0.9997638317	0.01383612373	3	SPECTRUM_001092	LSM-1337	NR3C1	0.12uM	PC3	24h	LINCSCP_156286
LINCSCP_48004	0.999763584	0.01384338036	3	89778-26-7	LSM-3135	ESR1	10uM	PC3	6h	LINCSCP_48004
LINCSCP_133013	0.9997625195	0.0138745121	3	PF-562271	LSM-1072	PTK2|PTK2B	10uM	MCF7	3h	LINCSCP_133013
LINCSCP_34434	-0.9997619147	0.01389216722	3	Terazosin	LSM-4997	ADRA1A|ADRA1B|ADRA1D	10uM	MCF7	24h	LINCSCP_34434
LINCSCP_52353	-0.9997618712	0.01389343773	3	PDK1 Inhibitor	LSM-1081	PDPK1	10uM	SKB	24h	LINCSCP_52353
LINCSCP_147508	-0.999761848	0.01389411363	3	Dacomitinib	LSM-42808	EGFR|ERBB2|ERBB3|ERBB4	1.11uM	NPC.CAS9	24h	LINCSCP_147508
LINCSCP_148624	-0.9997616908	0.01389869813	3	BMS-777607	LSM-1144	AXL|MERTK|MET|MST1R|TYRO3	0.12uM	NPC	24h	LINCSCP_148624
LINCSCP_284030	-0.9997614528	0.01390563754	3	WYE 354	LSM-5840	MTOR	10uM	SKB	24h	LINCSCP_284030
LINCSCP_102824	0.9997612753	0.01391081055	3	TILUDRONATE DISODIUM	LSM-45491	NA	0.04uM	HELA	24h	LINCSCP_102824
LINCSCP_43855	-0.9997605852	0.01393090232	3	N-{3-[(4-methoxyphenyl)amino]-1,4-dioxo-1,4-dihydronaphthalen-2-yl}acetamide	LSM-45353	NA	0.5uM	PC3	6h	LINCSCP_43855
LINCSCP_12692	-0.9997605016	0.01393333556	3	Tyrphostin AG-112	LSM-43079	NA	10uM	COV644	6h	LINCSCP_12692
LINCSCP_5152	0.9997603603	0.01393744507	3	MLS002276465	LSM-3644	NA	10uM	A549	6h	LINCSCP_5152
LINCSCP_33960	-0.9997599652	0.01394893101	3	ST014147	LSM-4899	NA	10uM	MCF7	6h	LINCSCP_33960
LINCSCP_239441	-0.9997597948	0.0139538811	3	T5820451	LSM-2682	NA	10uM	MCF7	24h	LINCSCP_239441
LINCSCP_312008	-0.9997597129	0.01395625837	3	CHEMBL3188539	LSM-39509	NA	10uM	VCAP	24h	LINCSCP_312008
LINCSCP_81255	-0.999759432	0.01396441623	3	Fedratinib	LSM-1142	FLT3|JAK2	0.04uM	A549	24h	LINCSCP_81255
LINCSCP_279382	0.9997594208	0.01396473994	3	13-Hydroxy-8,14,19-trimethoxy-4,10,12,16-tetramethyl-3,20,22-trioxo-2-azabicyclo[16.3.1]docosa-1(21),4,6,10,18-pentaen-9-yl carbamate	LSM-42815	HSP90AA1	0.1uM	PC3	6h	LINCSCP_279382
LINCSCP_51194	0.9997591516	0.01397255093	3	PF 3845	LSM-6265	FAAH	10uM	RMUGS	6h	LINCSCP_51194
LINCSCP_35267	-0.9997585568	0.01398979493	3	BRD-K96552587	LSM-42512	NA	10uM	MCF7	24h	LINCSCP_35267
LINCSCP_218151	-0.9997585446	0.01399014976	3	Isonicotinohydroxamic acid	LSM-36788	NA	10uM	HCC515	24h	LINCSCP_218151
LINCSCP_39709	0.9997584276	0.01399353763	3	AG 14361	LSM-1988	PARP1	20uM	MDST8	6h	LINCSCP_39709
LINCSCP_4482	0.9997582137	0.01399973251	3	CHEMBL3186197	LSM-6215	IGF1R|INSR	10uM	A549	24h	LINCSCP_4482
LINCSCP_151210	0.9997577746	0.01401243956	3	MK-2206	LSM-1057	AKT1|AKT2|AKT3	0.37uM	PC3	24h	LINCSCP_151210
LINCSCP_73186	0.999757679	0.01401520504	3	Chenodeoxycholic Acid	LSM-45742	NA	3.33uM	A375	24h	LINCSCP_73186
LINCSCP_75503	0.9997576772	0.01401525501	3	MG-132	LSM-1107	PSMB1	20uM	A375	24h	LINCSCP_75503
LINCSCP_31501	-0.9997567421	0.01404227149	3	CHEMBL1270003	LSM-3311	NA	10uM	MCF7	6h	LINCSCP_31501
LINCSCP_289283	-0.9997563813	0.01405268262	3	UNII-EE9FJW53Z2	LSM-3437	NA	10uM	VCAP	24h	LINCSCP_289283
LINCSCP_143049	-0.9997562023	0.01405784586	3	Olmesartan Medoxomil	LSM-3767	AGTR1	0.12uM	MCF7	24h	LINCSCP_143049
LINCSCP_159470	0.9997559677	0.01406460676	3	SPECTRUM_000403	LSM-1605	NR3C1	10uM	PC3	24h	LINCSCP_159470
LINCSCP_24872	-0.9997556613	0.0140734352	3	PF477736	LSM-1112	CHEK1	1uM	HS578T	6h	LINCSCP_24872
LINCSCP_175092	-0.999755251	0.01408524625	3	Telmisartan	LSM-3657	AGTR1|PPARG	1.11uM	YAPC	24h	LINCSCP_175092
LINCSCP_73506	0.9997551686	0.01408761659	3	Niclosamide	LSM-2787	STAT3	0.37uM	A375	24h	LINCSCP_73506
LINCSCP_113118	0.9997551425	0.01408836848	3	Canertinib	LSM-1120	EGFR|ERBB2|ERBB4	1.11uM	HME1	24h	LINCSCP_113118
LINCSCP_68802	0.9997544585	0.0141080326	3	Sirolimus	LSM-42783	FKBP1A|MTOR	10uM	VCAP	24h	LINCSCP_68802
LINCSCP_87789	0.9997541363	0.01411728499	3	Apitolisib (gdc-0980, rg7422)	LSM-4257	PIK3CA|PIK3CB|PIK3CD|PIK3CG|MTOR	10uM	HA1E	24h	LINCSCP_87789
LINCSCP_106873	-0.9997541234	0.01411765717	3	Apocynin	LSM-45904	NA	0.12uM	HELA	24h	LINCSCP_106873
LINCSCP_204857	-0.999754119	0.0141177826	3	GSK-3 Inhibitor II	LSM-1030	GSK3B	0.1uM	BT20	6h	LINCSCP_204857
LINCSCP_132018	-0.9997540615	0.01411943248	3	CP466722	LSM-1009	ATM	10uM	MCF7	24h	LINCSCP_132018
LINCSCP_79269	0.9997538937	0.01412424874	3	RESORCINOL	LSM-45913	NA	1.11uM	A375	24h	LINCSCP_79269
LINCSCP_38067	0.9997536626	0.01413087898	3	SB225002	LSM-3367	CXCR2	10uM	MCF7	6h	LINCSCP_38067
LINCSCP_51577	-0.9997535536	0.0141340067	3	PLX-4720	LSM-1049	BRAF	0.5uM	SKBR3	6h	LINCSCP_51577
LINCSCP_60145	0.9997534149	0.01413798332	3	BRD-K20093888	LSM-7114	NA	5uM	VCAP	24h	LINCSCP_60145
LINCSCP_59711	-0.9997527065	0.01415827733	3	BRD-K86617991	LSM-41997	NA	5uM	VCAP	24h	LINCSCP_59711
LINCSCP_1564	-0.9997523583	0.01416824136	3	F1822-0459	LSM-2995	NA	10uM	A375	6h	LINCSCP_1564
LINCSCP_8650	0.9997523023	0.01416984477	3	BRD-K79260617	LSM-13273	NA	5uM	A549	24h	LINCSCP_8650
LINCSCP_15616	0.9997521507	0.01417418056	3	CID-2858522	LSM-3337	NA	10uM	HA1E	6h	LINCSCP_15616
LINCSCP_2587	0.9997519775	0.01417913166	3	Thiotepa	LSM-2194	CYP2B6|CYP3A4	10uM	A375	6h	LINCSCP_2587
LINCSCP_157074	0.9997514726	0.01419355791	3	179324-69-7	LSM-6281	ADRM1|PSMA1|PSMA2|PSMA3|PSMA4|PSMA5|PSMA6|PSMA7|PSMA8|PSMB1|PSMB10|PSMB11|PSMB2|PSMB3|PSMB4|PSMB5|PSMB6|PSMB7|PSMB8|PSMB9|PSMC1|PSMC2|PSMC3|PSMC4|PSMC5|PSMC6|PSMD1|PSMD11|PSMD12|PSMD13|PSMD14|PSMD2|PSMD3|PSMD4|PSMD6|PSMD7|PSMD8|SEM1	20uM	PC3	24h	LINCSCP_157074
LINCSCP_53913	-0.999750915	0.01420947187	3	O-Demethylated Adapalene	LSM-6237	RARG	10uM	SNUC5	6h	LINCSCP_53913
LINCSCP_50754	-0.9997505495	0.01421989395	3	KU0060648	LSM-4935	PIK3CA|PIK3CB|PIK3CD|PRKDC	10uM	RKO	6h	LINCSCP_50754
LINCSCP_3179	0.9997503049	0.01422686368	3	BRD-K28083085	LSM-38800	NA	5uM	A375	24h	LINCSCP_3179
LINCSCP_33569	-0.999750026	0.01423480771	3	Nalbufina [Dcit]	LSM-1908	OPRD1|OPRK1|OPRM1	10uM	MCF7	24h	LINCSCP_33569
LINCSCP_20089	0.9997496049	0.0142467928	3	CHEMDIV1_009700	LSM-4562	NA	10uM	HCC515	6h	LINCSCP_20089
LINCSCP_163484	0.9997496041	0.01424681404	3	AZD-8055	LSM-1007	MTOR	0.12uM	SKBR3	24h	LINCSCP_163484
LINCSCP_14021	-0.9997495826	0.0142474276	3	PD-160170	LSM-2247	NPY1R	10uM	HA1E	24h	LINCSCP_14021
LINCSCP_128300	-0.9997495687	0.01424782314	3	Idelalisib	LSM-1205	PIK3CD|PIK3CG	0.12uM	HUES3	24h	LINCSCP_128300
LINCSCP_234890	-0.9997488824	0.01426733386	3	SCHEMBL17857056	LSM-5545	NA	0.5uM	MCF10A	24h	LINCSCP_234890
LINCSCP_112195	0.9997483494	0.01428246648	3	BGT-226	LSM-6710	MTOR|PIK3CA|PIK3CB|PIK3CD|PIK3CG|PIK3R1|PIK3R2|PIK3R3|PIK3R5	1.11uM	HEPG2	24h	LINCSCP_112195
LINCSCP_3872	-0.9997480228	0.01429173087	3	Benzohydroxamate	LSM-36789	NA	1.11uM	A375	24h	LINCSCP_3872
LINCSCP_140020	-0.9997472786	0.01431282182	3	Ivacaftor (VX-770)	LSM-45975	CFTR	0.04uM	MCF7	24h	LINCSCP_140020
LINCSCP_90508	-0.9997470502	0.01431928909	3	SPECTRUM_000897	LSM-1378	NR3C1	3.33uM	HA1E	24h	LINCSCP_90508
LINCSCP_106000	0.9997469678	0.01432162186	3	Milciclib (PHA-848125)	LSM-45577	CDK1|CDK2|CDK4|NTRK1	3.33uM	HELA	24h	LINCSCP_106000
LINCSCP_125172	-0.9997468635	0.0143245715	3	Maxacalcitol-D6	LSM-45401	NA	1.11uM	HT29	24h	LINCSCP_125172
LINCSCP_45331	-0.9997464911	0.01433510509	3	Vorinostat	LSM-3828	HDAC1|HDAC2|HDAC3|HDAC6|HDAC8	10uM	PC3	24h	LINCSCP_45331
LINCSCP_7281	-0.99974638	0.01433824766	3	Zaprinast	LSM-2259	PDE5A	10uM	A549	24h	LINCSCP_7281
LINCSCP_50855	-0.9997462076	0.01434312068	3	Neratinib	LSM-42778	EGFR|ERBB2|ERBB4	10uM	RKO	6h	LINCSCP_50855
LINCSCP_65592	0.9997461696	0.01434419204	3	MLS003130126	LSM-38194	NA	10uM	VCAP	24h	LINCSCP_65592
LINCSCP_117870	-0.9997457703	0.01435547027	3	GW620972X	LSM-1209	NA	0.37uM	HT29	24h	LINCSCP_117870
LINCSCP_194060	-0.9997449694	0.01437806644	3	Rifampicin	LSM-43162	NR1I2	10uM	A549	6h	LINCSCP_194060
LINCSCP_153765	0.999744676	0.01438633576	3	Tofacitinib (CP-690550) Citrate	LSM-45505	NA	0.37uM	PC3	24h	LINCSCP_153765
LINCSCP_48547	-0.9997440093	0.01440510707	3	BRD-K55878534	LSM-44796	NA	10uM	PC3	24h	LINCSCP_48547
LINCSCP_25110	0.9997426367	0.0144436748	3	3,5-Bis(4-methylbenzylidene)piperidin-4-one	LSM-42949	SENP2|USP1|USP2|USP7	10uM	HT115	6h	LINCSCP_25110
LINCSCP_25339	-0.9997423571	0.0144515199	3	Quinpirole Dihydrochloride	LSM-1868	DRD2|DRD3|DRD4	10uM	HT29	6h	LINCSCP_25339
LINCSCP_169305	-0.999742352	0.01445166188	3	KX2-391	LSM-45890	SRC	0.37uM	YAPC	24h	LINCSCP_169305
LINCSCP_62605	0.9997420218	0.01446092017	3	BRD-K99339232	LSM-14531	NA	5uM	VCAP	6h	LINCSCP_62605
LINCSCP_150048	-0.9997419404	0.01446320307	3	GSK 525762A	LSM-6334	NA	1.11uM	NPC.TAK	24h	LINCSCP_150048
LINCSCP_108523	-0.9997416437	0.01447151385	3	Ercalcitriol	LSM-45788	NA	1.11uM	HELA	24h	LINCSCP_108523
LINCSCP_25689	-0.9997415922	0.01447295742	3	AC1Q6JJ5	LSM-6192	TOP2A	0.1uM	HT29	6h	LINCSCP_25689
LINCSCP_31683	-0.9997414975	0.01447560985	3	MLS002554302	LSM-4246	NA	10uM	MCF7	24h	LINCSCP_31683
LINCSCP_35286	0.9997413493	0.01447975798	3	BRD-K15524596	LSM-38080	NA	10uM	MCF7	24h	LINCSCP_35286
LINCSCP_4256	-0.9997413102	0.01448085138	3	SPECTRUM_001060	LSM-1251	ESR1	10uM	A549	6h	LINCSCP_4256
LINCSCP_45428	0.9997412389	0.0144828485	3	MLS001065846	LSM-4111	NA	10uM	PC3	6h	LINCSCP_45428
LINCSCP_47281	-0.9997412323	0.01448303191	3	Pemoline	LSM-5159	NA	10uM	PC3	24h	LINCSCP_47281
LINCSCP_119156	-0.9997405631	0.01450174803	3	Amlodipine	LSM-1388	CACNA1C|CACNA1D|CACNA1F|CACNA1S|CACNA2D1	10uM	HT29	24h	LINCSCP_119156
LINCSCP_61252	-0.9997397352	0.01452487054	3	BRD-K59904884	LSM-12048	NA	5uM	VCAP	24h	LINCSCP_61252
LINCSCP_22456	-0.9997396781	0.01452646463	3	MLS-0315868.0001	LSM-4861	NA	10uM	HEPG2	6h	LINCSCP_22456
LINCSCP_1678	-0.9997396173	0.01452815847	3	MLS002264411	LSM-1873	NA	10uM	A375	6h	LINCSCP_1678
LINCSCP_276319	-0.9997395994	0.01452865904	3	BRD-K01751906	LSM-37368	NA	5uM	PC3	24h	LINCSCP_276319
LINCSCP_10633	-0.9997392206	0.01453922394	3	FPL64176	LSM-3777	CACNA1C	10uM	AGS	6h	LINCSCP_10633
LINCSCP_73923	-0.9997390815	0.01454310138	3	Nicotin-Amide	LSM-5428	PARP1	0.37uM	A375	24h	LINCSCP_73923
LINCSCP_117348	0.9997388658	0.01454911039	3	Vorinostat	LSM-3828	HDAC1|HDAC2|HDAC3|HDAC6|HDAC8	3.33uM	HT29	24h	LINCSCP_117348
LINCSCP_13041	-0.9997388038	0.01455083682	3	2-(6-Methyl-1H-indol-3-yl)ethanamine	LSM-37177	NA	10uM	FIBRNPC	24h	LINCSCP_13041
LINCSCP_144758	-0.9997385872	0.01455687042	3	CP466722	LSM-1009	ATM	0.04uM	MDAMB231	24h	LINCSCP_144758
LINCSCP_139154	0.9997385667	0.01455744072	3	Pinacidil	LSM-1557	ABCC8|ABCC9	1.11uM	MCF7	24h	LINCSCP_139154
LINCSCP_187258	-0.9997381745	0.01456835718	3	TL_HRAS26	LSM-2013	NA	0.04uM	A375	24h	LINCSCP_187258
LINCSCP_166431	0.9997377925	0.01457897953	3	CEP-701	LSM-45844	NA	3.33uM	YAPC	24h	LINCSCP_166431
LINCSCP_40238	-0.9997374295	0.01458907045	3	3,5-Bis(4-methylbenzylidene)piperidin-4-one	LSM-42949	SENP2|USP1|USP2|USP7	10uM	NCIH508	6h	LINCSCP_40238
LINCSCP_130785	0.9997371439	0.01459700306	3	CP-724714	LSM-42777	ERBB2	0.12uM	MCF10A	3h	LINCSCP_130785
LINCSCP_252708	-0.9997366614	0.01461039272	3	Pevonedistat	LSM-6263	NAE1|UBA3	10uM	MCF7	24h	LINCSCP_252708
LINCSCP_41922	-0.9997364216	0.0146170455	3	atorvastatin	NA	DPP4|HMGCR	10uM	NOMO1	6h	LINCSCP_41922
LINCSCP_164731	-0.9997361593	0.01462431481	3	BIX01294	LSM-4571	EHMT2	3.33uM	SKL.C	24h	LINCSCP_164731
LINCSCP_28009	-0.9997361094	0.01462569785	3	BRD-M49151292	LSM-45039	NA	5uM	HT29	24h	LINCSCP_28009
LINCSCP_36072	-0.9997361005	0.01462594483	3	AG 14361	LSM-1988	PARP1	10uM	MCF7	6h	LINCSCP_36072
LINCSCP_112368	-0.9997360377	0.01462768503	3	Ricolinostat	LSM-6324	NA	0.37uM	HEPG2	24h	LINCSCP_112368
LINCSCP_52441	-0.9997350614	0.01465471437	3	Dovitinib	LSM-1127	EGFR|FGFR1|FGFR2|FGFR3|FLT1|FLT3|FLT4|KDR|KIT|PDGFRA|PDGFRB	10uM	SKB	24h	LINCSCP_52441
LINCSCP_111691	0.999734332	0.0146748724	3	CHEMBL2136735	LSM-1152	FGFR1|FGFR3|FLT1|FLT4|KDR|PDGFRA|PDGFRB	10uM	HEPG2	24h	LINCSCP_111691
LINCSCP_53070	-0.9997342528	0.01467706164	3	PKC Beta Inhibitor	LSM-4753	PRKCB	10uM	SKLU1	6h	LINCSCP_53070
LINCSCP_27761	-0.9997340768	0.01468192092	3	BRD-K14095788	LSM-37992	NA	5uM	HT29	24h	LINCSCP_27761
LINCSCP_124308	-0.9997338073	0.01468935952	3	Amuvatinib	LSM-1118	FLT3|KIT|MET|PDGFRA	3.33uM	HT29	24h	LINCSCP_124308
LINCSCP_72218	-0.9997337261	0.01469159734	3	Diflunisal	LSM-2490	PTGS1|PTGS2	0.12uM	A375	24h	LINCSCP_72218
LINCSCP_146461	-0.999733492	0.01469805652	3	KW-2449	LSM-42803	ABL1|AURKA|AURKB|FLT3	3.33uM	NEU	24h	LINCSCP_146461
LINCSCP_85298	-0.9997328171	0.01471665441	3	SU 11274	LSM-42792	MET	1.11uM	BT20	24h	LINCSCP_85298
LINCSCP_29455	-0.9997323461	0.01472962082	3	AZ628	LSM-1050	BRAF|RAF1	0.1uM	MCF10A	24h	LINCSCP_29455
LINCSCP_150110	-0.9997318948	0.01474203521	3	Rucaparib	LSM-4947	PARP1|PARP2|PARP3	0.04uM	NPC.TAK	24h	LINCSCP_150110
LINCSCP_23863	-0.9997317866	0.01474501048	3	Diethylstilbestrol	LSM-42960	ESR1|ESR2|ESRRG	10uM	HEPG2	24h	LINCSCP_23863
LINCSCP_137081	-0.9997316135	0.01474976637	3	Hydroflumethiazide	LSM-5497	SLC12A1|SLC12A3	0.04uM	MCF7	24h	LINCSCP_137081
LINCSCP_163529	-0.9997311071	0.01476367761	3	Tamatinib	LSM-1040	SYK	3.33uM	SKBR3	24h	LINCSCP_163529
LINCSCP_251600	0.9997308862	0.01476973962	3	WZ 4002	LSM-1085	EGFR|ERBB2	10uM	MCF7	6h	LINCSCP_251600
LINCSCP_42646	0.9997306212	0.01477700912	3	SB-366791	LSM-3316	TRPV1	10uM	NPC	24h	LINCSCP_42646
LINCSCP_66314	-0.9997305143	0.01477994201	3	32703-82-5	LSM-4897	KIF11	40uM	WSUDLCL2	6h	LINCSCP_66314
LINCSCP_167888	0.9997304657	0.01478127522	3	TAS-103 (dihydrochloride)	LSM-45292	NA	10uM	YAPC	24h	LINCSCP_167888
LINCSCP_15675	-0.9997304569	0.01478151505	3	PKC Beta Inhibitor	LSM-4753	PRKCB	10uM	HA1E	6h	LINCSCP_15675
LINCSCP_14492	-0.999730421	0.01478250078	3	Amantadine	LSM-3571	GRIN1|GRIN2A|GRIN2B|GRIN2C|GRIN2D|GRIN3A|GRIN3B	10uM	HA1E	24h	LINCSCP_14492
LINCSCP_307533	-0.9997294932	0.01480791823	3	BRD-K47752932	LSM-11337	NA	5uM	VCAP	6h	LINCSCP_307533
LINCSCP_6220	0.9997294337	0.01480954628	3	Tandutinib	LSM-5949	FLT3|KIT|PDGFRA|PDGFRB	10uM	A549	24h	LINCSCP_6220
LINCSCP_42379	-0.9997292217	0.01481534888	3	ST078797	LSM-4531	NA	10uM	NPC	24h	LINCSCP_42379
LINCSCP_131145	0.9997289076	0.01482393951	3	Alvocidib	LSM-1011	CDK1|CDK2|CDK4|CDK5|CDK6|CDK7|CDK8|CDK9|EGFR|PYGM	0.04uM	MCF10A	24h	LINCSCP_131145
LINCSCP_117962	-0.9997288261	0.01482616598	3	Physostigmine	LSM-2558	ACHE	0.04uM	HT29	24h	LINCSCP_117962
LINCSCP_130155	0.999728709	0.01482936674	3	Pictilisib	LSM-1047	PIK3CA|PIK3CB|PIK3CD|PIK3CG|PIK3R1|PIK3R2|PIK3R3|PIK3R5	0.37uM	LNCAP	3h	LINCSCP_130155
LINCSCP_46277	0.999727956	0.01484993514	3	CHEMBL2142877	LSM-29356	NA	10uM	PC3	24h	LINCSCP_46277
LINCSCP_121484	-0.9997277494	0.01485557146	3	Ammonium Glycyrrhizinate	LSM-46003	NA	0.37uM	HT29	24h	LINCSCP_121484
LINCSCP_114884	0.9997277197	0.01485638273	3	Buparlisib	LSM-1148	PIK3CA|PIK3CB|PIK3CD|PIK3CG|PIK3R1|PIK3R2|PIK3R3|PIK3R5	3.33uM	HS578T	24h	LINCSCP_114884
LINCSCP_41938	0.9997275292	0.0148615792	3	TUL_XX087	LSM-36794	NA	10uM	NOMO1	24h	LINCSCP_41938
LINCSCP_66246	-0.9997274711	0.01486316261	3	Skiii	LSM-2462	SPHK1	40uM	WSUDLCL2	6h	LINCSCP_66246
LINCSCP_113895	0.9997273836	0.01486554945	3	GSK 1059615	LSM-42799	PIK3CA|PIK3CB|PIK3CD|PIK3CG	1.11uM	HME1	24h	LINCSCP_113895
LINCSCP_72878	-0.9997273487	0.01486650263	3	Ruxolitinib	LSM-1139	JAK1|JAK2	0.37uM	A375	24h	LINCSCP_72878
LINCSCP_121270	-0.9997271229	0.01487265732	3	Cisapride	LSM-6397	HTR4	0.04uM	HT29	24h	LINCSCP_121270
LINCSCP_233978	-0.9997265638	0.01488788553	3	BRD-K69096174	LSM-6848	NA	3uM	HUH7	24h	LINCSCP_233978
LINCSCP_78927	0.9997265073	0.01488942288	3	REV-5901	LSM-1734	ALOX5	0.33uM	A375	24h	LINCSCP_78927
LINCSCP_38000	-0.9997264816	0.01489012375	3	BRD-K15230829	LSM-9342	NA	3uM	MCF7	6h	LINCSCP_38000
LINCSCP_244094	0.9997263047	0.01489493775	3	Pranlukast	LSM-6006	CYSLTR1|CYSLTR2	10uM	MCF7	24h	LINCSCP_244094
LINCSCP_149800	-0.9997257729	0.01490940117	3	Motesanib	LSM-1042	FLT1|FLT4|KDR|KIT|PDGFRA|PDGFRB|RET	3.33uM	NPC.TAK	24h	LINCSCP_149800
LINCSCP_90526	0.9997254542	0.01491806344	3	AZD1208	LSM-45651	NA	3.33uM	HA1E	24h	LINCSCP_90526
LINCSCP_118247	-0.9997253504	0.01492088506	3	(+)-Timolol	LSM-15524	NA	1.11uM	HT29	24h	LINCSCP_118247
LINCSCP_39942	-0.9997251167	0.01492723052	3	O-Demethylated Adapalene	LSM-6237	RARG	10uM	NCIH1836	6h	LINCSCP_39942
LINCSCP_105940	-0.9997250046	0.01493027303	3	179324-69-7	LSM-6281	ADRM1|PSMA1|PSMA2|PSMA3|PSMA4|PSMA5|PSMA6|PSMA7|PSMA8|PSMB1|PSMB10|PSMB11|PSMB2|PSMB3|PSMB4|PSMB5|PSMB6|PSMB7|PSMB8|PSMB9|PSMC1|PSMC2|PSMC3|PSMC4|PSMC5|PSMC6|PSMD1|PSMD11|PSMD12|PSMD13|PSMD14|PSMD2|PSMD3|PSMD4|PSMD6|PSMD7|PSMD8|SEM1	20uM	HELA	24h	LINCSCP_105940
LINCSCP_16044	-0.9997239617	0.0149585607	3	MLS002607744	LSM-3517	NA	10uM	HA1E	6h	LINCSCP_16044
LINCSCP_35564	0.9997236223	0.01496775328	3	SCHEMBL16892136	LSM-44965	NA	10uM	MCF7	6h	LINCSCP_35564
LINCSCP_26139	-0.9997231932	0.01497936981	3	MLS002264485	LSM-3668	NA	10uM	HT29	6h	LINCSCP_26139
LINCSCP_2571	-0.9997230448	0.0149833835	3	Prosteride	LSM-1842	SRD5A1|SRD5A2	10uM	A375	6h	LINCSCP_2571
LINCSCP_74495	0.9997229532	0.01498586266	3	Swainsonine	LSM-45602	NA	3.85uM	A375	24h	LINCSCP_74495
LINCSCP_93423	-0.9997224864	0.01499848246	3	Histamine 2HCl	LSM-45288	HRH1	3.33uM	HA1E	24h	LINCSCP_93423
LINCSCP_13925	-0.9997217176	0.01501924388	3	GSK 3BETA Inhibitor VIII	LSM-3514	GSK3B	10uM	HA1E	6h	LINCSCP_13925
LINCSCP_20435	-0.9997213999	0.01502781405	3	Androstenedione	LSM-5464	AKR1C3|HSD17B1|HSD3B1	10uM	HCC515	6h	LINCSCP_20435
LINCSCP_60081	0.9997211937	0.01503337563	3	BRD-K79932545	LSM-7893	NA	5uM	VCAP	24h	LINCSCP_60081
LINCSCP_163597	-0.9997211493	0.01503457128	3	PF-562271	LSM-1072	PTK2|PTK2B	0.37uM	SKBR3	24h	LINCSCP_163597
LINCSCP_151754	0.9997210073	0.01503840049	3	BGT-226	LSM-6710	MTOR|PIK3CA|PIK3CB|PIK3CD|PIK3CG|PIK3R1|PIK3R2|PIK3R3|PIK3R5	0.37uM	PC3	24h	LINCSCP_151754
LINCSCP_84604	0.9997206601	0.01504775469	3	I-BET151	LSM-6335	NA	1.11uM	ASC	24h	LINCSCP_84604
LINCSCP_41477	-0.9997204537	0.01505331384	3	BRD-A94810754-001-01-2	LSM-43160	NA	10uM	NEU	6h	LINCSCP_41477
LINCSCP_312065	0.99972036	0.01505583735	3	BRD-K91395443	LSM-42250	NA	10uM	VCAP	24h	LINCSCP_312065
LINCSCP_170841	-0.9997201839	0.01506057692	3	Apilimod	LSM-45286	NA	0.04uM	YAPC	24h	LINCSCP_170841
LINCSCP_126054	0.9997201677	0.01506101252	3	MG-132	LSM-1107	PSMB1	20uM	HT29	24h	LINCSCP_126054
LINCSCP_42721	0.9997197075	0.0150733935	3	(Z,E)-3-(imidazol-4-Ylmethylene)indolin-2-one	LSM-42866	EGFR	10uM	NPC	24h	LINCSCP_42721
LINCSCP_67547	-0.9997194852	0.01507936916	3	Mebendazole	LSM-3749	NA	5uM	MCF7	24h	LINCSCP_67547
LINCSCP_67297	0.9997191797	0.01508757923	3	Wortmannin	LSM-3947	PIK3CA|PIK3CG|PLK1	10uM	MCF7	24h	LINCSCP_67297
LINCSCP_125337	-0.9997191716	0.01508779499	3	MG-132	LSM-1107	PSMB1	20uM	HT29	24h	LINCSCP_125337
LINCSCP_145327	-0.9997189358	0.01509412988	3	GSK-3 Inhibitor IX	LSM-42780	NA	0.04uM	MDAMB231	24h	LINCSCP_145327
LINCSCP_172684	-0.9997188288	0.01509700085	3	Pazufloxacin	LSM-5745	NA	0.37uM	YAPC	24h	LINCSCP_172684
LINCSCP_67780	-0.9997181289	0.01511578213	3	13-Hydroxy-8,14,19-trimethoxy-4,10,12,16-tetramethyl-3,20,22-trioxo-2-azabicyclo[16.3.1]docosa-1(21),4,6,10,18-pentaen-9-yl carbamate	LSM-42815	HSP90AA1	0.5uM	NPC	24h	LINCSCP_67780
LINCSCP_167756	-0.9997173828	0.01513577462	3	GSK 525762A	LSM-6334	NA	10uM	YAPC	24h	LINCSCP_167756
LINCSCP_86049	0.9997173636	0.01513628723	3	WYE 125132	LSM-1064	MTOR	0.37uM	BT20	24h	LINCSCP_86049
LINCSCP_146159	-0.9997173257	0.01513730328	3	COT Inhibitor-2	LSM-1154	NA	1.11uM	MNEU.E	24h	LINCSCP_146159
LINCSCP_41023	-0.9997172272	0.01513994177	3	IN1345	LSM-3976	EGFR	10uM	NEU	24h	LINCSCP_41023
LINCSCP_18622	0.9997171325	0.01514247493	3	Nizatidine	LSM-42962	HRH2	10uM	HCC515	24h	LINCSCP_18622
LINCSCP_88946	-0.9997169535	0.01514726595	3	GSK-J2	LSM-44940	NA	10uM	HA1E	24h	LINCSCP_88946
LINCSCP_221103	0.9997168727	0.01514942694	3	Sirolimus	LSM-42783	FKBP1A|MTOR	10uM	HEPG2	6h	LINCSCP_221103
LINCSCP_62041	0.9997167991	0.01515139595	3	BRD-K78467731	LSM-13226	NA	5uM	VCAP	24h	LINCSCP_62041
LINCSCP_201647	0.9997165899	0.01515699224	3	Withaferin A	LSM-6685	IKBKB|NAMPT	0.5uM	A549	6h	LINCSCP_201647
LINCSCP_109095	-0.9997163442	0.01516356264	3	AMSACRINE	LSM-45972	NA	10uM	HELA	24h	LINCSCP_109095
LINCSCP_144366	-0.9997161774	0.01516802071	3	Dihydrosphingosine	LSM-45620	NA	0.33uM	MCF7	24h	LINCSCP_144366
LINCSCP_105145	0.9997159031	0.01517534879	3	ATN-161 (trifluoroacetate salt)	LSM-45295	NA	0.37uM	HELA	24h	LINCSCP_105145
LINCSCP_122368	-0.9997158449	0.01517690262	3	Vinburnine	LSM-2891	NA	6.79uM	HT29	24h	LINCSCP_122368
LINCSCP_27206	-0.9997157454	0.01517955973	3	BRD-K40956802-001-01-8	LSM-6806	NA	10uM	HT29	6h	LINCSCP_27206
LINCSCP_92634	-0.9997150795	0.01519733023	3	Abexinostat	LSM-2269	HDAC1|HDAC10|HDAC2|HDAC3|HDAC6	0.37uM	HA1E	24h	LINCSCP_92634
LINCSCP_57103	-0.9997143823	0.01521591282	3	NSC119236	LSM-4575	NA	20uM	VCAP	6h	LINCSCP_57103
LINCSCP_133214	-0.9997142549	0.01521930616	3	AS-605240	LSM-42784	PIK3CG	0.37uM	MCF7	3h	LINCSCP_133214
LINCSCP_154161	-0.9997141937	0.01522093547	3	GSK 525762A	LSM-6334	NA	0.37uM	PC3	24h	LINCSCP_154161
LINCSCP_309226	-0.9997135521	0.01523801069	3	BRD-K66866904	LSM-14899	NA	5uM	VCAP	24h	LINCSCP_309226
LINCSCP_54172	0.9997128327	0.01525713654	3	Valdecoxib	LSM-5305	PTGS2	100uM	SW620	6h	LINCSCP_54172
LINCSCP_131806	0.999712788	0.01525832381	3	TORIN1	LSM-1079	MTOR	0.12uM	MCF10A	3h	LINCSCP_131806
LINCSCP_36941	-0.9997125924	0.01526351909	3	Ruxolitinib	LSM-1139	JAK1|JAK2|TYK2	10uM	MCF7	6h	LINCSCP_36941
LINCSCP_95368	-0.999712518	0.01526549456	3	Milrinone	LSM-3493	PDE3A	1.11uM	HA1E	24h	LINCSCP_95368
LINCSCP_56480	-0.9997123429	0.01527014169	3	BRD-A28746609	LSM-1102	NR1I2|TUBB	10uM	VCAP	6h	LINCSCP_56480
LINCSCP_41562	0.9997123321	0.01527042961	3	Benzohydroxamate	LSM-36789	NA	10uM	NEU	6h	LINCSCP_41562
LINCSCP_48230	0.9997122593	0.01527236004	3	SCHEMBL16980379	LSM-6818	NA	5uM	PC3	24h	LINCSCP_48230
LINCSCP_146349	-0.9997121833	0.01527437853	3	Amuvatinib	LSM-1118	FLT3|KIT|MET|PDGFRA	10uM	NEU	24h	LINCSCP_146349
LINCSCP_31126	-0.9997121576	0.01527505928	3	BRD-K08829932	LSM-2177	NA	10uM	MCF7	24h	LINCSCP_31126
LINCSCP_149646	-0.9997118046	0.0152844233	3	AZD4547	LSM-6308	NA	10uM	NPC.TAK	24h	LINCSCP_149646
LINCSCP_36965	0.9997117523	0.01528580979	3	PI-103	LSM-1126	MTOR|PIK3CA|PIK3CB|PIK3CD|PIK3CG	0.5uM	MCF7	6h	LINCSCP_36965
LINCSCP_29070	0.9997117506	0.01528585596	3	Strophanthidin	LSM-3891	ATP1A1	1uM	HUH7	6h	LINCSCP_29070
LINCSCP_74231	-0.9997117045	0.01528707888	3	Lorazepam	LSM-4970	GABRA1|GABRA2|GABRA3|GABRA4|GABRA5|GABRA6|GABRB1|GABRB2|GABRB3|GABRD|GABRE|GABRG1|GABRG2|GABRG3|GABRP|GABRQ	10uM	A375	24h	LINCSCP_74231
LINCSCP_142677	0.9997116347	0.0152889276	3	TOFA	LSM-45429	NA	0.12uM	MCF7	24h	LINCSCP_142677
LINCSCP_222087	-0.9997110675	0.01530395849	3	2-(4-chlorophenyl)-3-(2-methoxyphenyl)hexahydro-1H-pyrrolo[1,2-c]imidazol-1-one	LSM-45309	NA	3uM	HL60	24h	LINCSCP_222087
LINCSCP_6213	-0.9997109391	0.01530735914	3	N,N-Dimethyl-n'-{5-[(2-methyl-4-quinolyl)thio]-1,3,4-thiadiazol-2-yl}iminoformamide	LSM-4930	NA	10uM	A549	24h	LINCSCP_6213
LINCSCP_295775	-0.9997097096	0.01533987886	3	BRD-K23103632	LSM-6091	NA	10uM	VCAP	6h	LINCSCP_295775
LINCSCP_178154	-0.9997090953	0.01535610356	3	VU0011562	LSM-1989	NA	10uM	A375	6h	LINCSCP_178154
LINCSCP_22877	-0.99970883	0.01536310502	3	CHEMBL323994	LSM-42851	JAK3	10uM	HEPG2	6h	LINCSCP_22877
LINCSCP_89455	-0.9997082347	0.01537880071	3	DMXAA (Vadimezan)	LSM-45482	NA	0.37uM	HA1E	24h	LINCSCP_89455
LINCSCP_299601	-0.9997078743	0.0153882967	3	BRD-K32324469	LSM-10388	NA	5uM	VCAP	6h	LINCSCP_299601
LINCSCP_60493	-0.9997076511	0.01539417624	3	BRD-K00913793	LSM-6869	NA	5uM	VCAP	24h	LINCSCP_60493
LINCSCP_132481	0.9997070682	0.01540951458	3	Alpelisib	LSM-4256	PIK3CA	3.33uM	MCF7	3h	LINCSCP_132481
LINCSCP_212646	-0.9997065734	0.01542252604	3	Broad-Sai-443	LSM-45300	NA	10uM	HA1E	6h	LINCSCP_212646
LINCSCP_55265	-0.9997064121	0.01542676421	3	Avicin-D	LSM-44620	NA	3uM	U266	6h	LINCSCP_55265
LINCSCP_62900	0.9997063551	0.01542826138	3	BRD-K60391168	LSM-12079	NA	5uM	VCAP	24h	LINCSCP_62900
LINCSCP_176520	-0.9997060599	0.01543601497	3	Triamterene	LSM-4060	SCNN1A|SCNN1B|SCNN1G	0.1uM	A375	6h	LINCSCP_176520
LINCSCP_134297	0.9997059647	0.01543851515	3	WHI-P97	LSM-1033	JAK3	1.11uM	MCF7	24h	LINCSCP_134297
LINCSCP_64938	0.999705896	0.01544031679	3	BRD-K61050695	LSM-40610	NA	10uM	VCAP	24h	LINCSCP_64938
LINCSCP_106344	-0.9997051619	0.0154595778	3	Dexfenfluramine	LSM-5685	SLC6A4	0.12uM	HELA	24h	LINCSCP_106344
LINCSCP_132597	-0.9997048667	0.01546731401	3	Tamatinib	LSM-1040	SYK	0.12uM	MCF7	24h	LINCSCP_132597
LINCSCP_34645	0.9997047715	0.01546980802	3	Halofantrine	LSM-5072	NA	10uM	MCF7	24h	LINCSCP_34645
LINCSCP_148010	-0.9997047598	0.01547011483	3	Tranylcypromine	LSM-5578	KDM1A|MAOA|MAOB	0.37uM	NPC.CAS9	24h	LINCSCP_148010
LINCSCP_299058	-0.9997042383	0.0154837737	3	MLS003129176	LSM-7839	NA	5uM	VCAP	6h	LINCSCP_299058
LINCSCP_67890	0.9997041896	0.01548504737	3	13-Hydroxy-8,14,19-trimethoxy-4,10,12,16-tetramethyl-3,20,22-trioxo-2-azabicyclo[16.3.1]docosa-1(21),4,6,10,18-pentaen-9-yl carbamate	LSM-42815	HSP90AA1	10uM	PC3	24h	LINCSCP_67890
LINCSCP_19451	0.9997034624	0.01550407119	3	Phorbol 12-myristate-13-acetate	LSM-4341	PRKCA	10uM	HCC515	6h	LINCSCP_19451
LINCSCP_11979	-0.9997034582	0.01550418153	3	TAK-715	LSM-1060	MAPK14	0.1uM	BT20	6h	LINCSCP_11979
LINCSCP_243832	-0.9997034471	0.01550447023	3	Tolbutamide	LSM-3907	ABCC8|KCNJ11	10uM	MCF7	6h	LINCSCP_243832
LINCSCP_7217	-0.9997030761	0.01551416658	3	GW-9662	LSM-4097	PPARG	10uM	A549	6h	LINCSCP_7217
LINCSCP_16791	-0.9997028573	0.0155198819	3	BRD-K18249495	LSM-38239	NA	10uM	HA1E	6h	LINCSCP_16791
LINCSCP_113383	-0.999702532	0.01552837513	3	Saracatinib	LSM-1032	ABL1|SRC	0.12uM	HME1	3h	LINCSCP_113383
LINCSCP_60459	-0.9997024944	0.01552935603	3	BRD-K10432434	LSM-6987	NA	5uM	VCAP	6h	LINCSCP_60459
LINCSCP_142885	0.9997020719	0.01554038064	3	Tomelukast	LSM-3675	CYSLTR1	0.11uM	MCF7	24h	LINCSCP_142885
LINCSCP_241455	0.9997019091	0.01554462465	3	Spiramide	LSM-4124	HTR1A|HTR2A	10uM	MCF7	6h	LINCSCP_241455
LINCSCP_27564	0.999701855	0.01554603609	3	BRD-K63922933	LSM-12327	NA	5uM	HT29	24h	LINCSCP_27564
LINCSCP_43042	-0.9997017393	0.01554905296	3	BRD-K70918484	LSM-12760	NA	10uM	NPC	24h	LINCSCP_43042
LINCSCP_113798	-0.9997015428	0.01555417367	3	KW-2449	LSM-42803	ABL1|AURKA|AURKB|FLT3	3.33uM	HME1	24h	LINCSCP_113798
LINCSCP_234202	-0.9997014323	0.0155570531	3	Tyrphostin 1	LSM-2933	NA	10uM	JHUEM2	6h	LINCSCP_234202
LINCSCP_70670	-0.9997012458	0.01556191046	3	SCHEMBL15556278	LSM-1002	DDR1	1.11uM	A375	24h	LINCSCP_70670
LINCSCP_134948	-0.9997005593	0.01557978115	3	levopropoxyphene	LSM-45704	NA	0.04uM	MCF7	24h	LINCSCP_134948
LINCSCP_151302	0.9996997256	0.01560145656	3	AZD-5438	LSM-1159	CDK1|CDK10|CDK11B|CDK12|CDK13|CDK14|CDK15|CDK16|CDK17|CDK18|CDK19|CDK2|CDK20|CDK3|CDK4|CDK5|CDK6|CDK7|CDK8|CDK9	0.04uM	PC3	24h	LINCSCP_151302
LINCSCP_125662	0.9996994542	0.01560850542	3	METERGOLINE	LSM-3265	HTR1A|HTR2A	10uM	HT29	24h	LINCSCP_125662
LINCSCP_124666	-0.9996992036	0.01561501293	3	Ttnpb	LSM-43006	RARB	0.04uM	HT29	24h	LINCSCP_124666
LINCSCP_103881	-0.9996990841	0.01561811386	3	Benzamil	LSM-3945	PKD2L1|SCNN1A|SCNN1B|SCNN1D|SCNN1G|SLC8A1	0.12uM	HELA	24h	LINCSCP_103881
LINCSCP_53886	-0.9996985718	0.01563140437	3	Prostoglandin A1	LSM-42846	NA	1uM	SNUC5	6h	LINCSCP_53886
LINCSCP_76515	-0.9996985241	0.01563264067	3	Tivozanib	LSM-1005	FLT1|FLT4|KDR|KIT|PDGFRA|PDGFRB	0.04uM	A375	24h	LINCSCP_76515
LINCSCP_126886	-0.9996980548	0.01564480262	3	Albendazole	LSM-3782	NA	10uM	HT29	24h	LINCSCP_126886
LINCSCP_147627	0.999697769	0.01565220528	3	HG-14-10-04	LSM-6345	NA	0.37uM	NPC.CAS9	24h	LINCSCP_147627
LINCSCP_141575	-0.9996960751	0.01569600859	3	Quinacrine	LSM-1577	TP53	10uM	MCF7	24h	LINCSCP_141575
LINCSCP_72791	0.9996959621	0.01569892832	3	Phenformin	LSM-2233	NA	0.37uM	A375	24h	LINCSCP_72791
LINCSCP_47336	-0.9996959556	0.01569909534	3	Mebendazole	LSM-3749	NA	10uM	PC3	24h	LINCSCP_47336
LINCSCP_25190	0.9996956666	0.01570655633	3	Bithionol	LSM-2862	NA	10uM	HT29	6h	LINCSCP_25190
LINCSCP_47790	0.9996956627	0.01570665489	3	SPBIO_003097	LSM-5569	NA	10uM	PC3	24h	LINCSCP_47790
LINCSCP_24604	-0.99969533	0.01571523898	3	Enzastaurin	LSM-1069	PRKCB	10uM	HS578T	6h	LINCSCP_24604
LINCSCP_3564	-0.9996952193	0.01571809458	3	BRD-K37088230	LSM-10671	NA	10uM	A375	24h	LINCSCP_3564
LINCSCP_173633	-0.9996952184	0.01571811768	3	Mirodenafil (dihydrochloride)	LSM-45289	NA	10uM	YAPC	24h	LINCSCP_173633
LINCSCP_88978	0.9996948834	0.01572675463	3	GSK429286A	LSM-1012	ROCK1	10uM	HA1E	24h	LINCSCP_88978
LINCSCP_45778	0.9996944931	0.0157368096	3	CHEMBL1271220	LSM-2153	NA	10uM	PC3	6h	LINCSCP_45778
LINCSCP_123378	-0.9996942309	0.01574356205	3	Ilomastat	LSM-3143	NA	0.04uM	HT29	24h	LINCSCP_123378
LINCSCP_108524	-0.9996941382	0.01574594828	3	Ercalcitriol	LSM-45788	NA	0.37uM	HELA	24h	LINCSCP_108524
LINCSCP_122710	0.99969402	0.01574898974	3	Chlorprothixene	LSM-42990	DRD2|DRD3|HTR2A|HTR2C	10uM	HT29	24h	LINCSCP_122710
LINCSCP_32173	0.9996939248	0.01575143969	3	CHEMBL2356468	LSM-39552	NA	10uM	MCF7	24h	LINCSCP_32173
LINCSCP_147513	-0.9996930327	0.01577437885	3	Dasatinib	LSM-1020	ABL1|BCR|BLK|EPHA2|FGR|FRK|FYN|HCK|KIT|LCK|LYN|PDGFRB|SRC|SRMS|YES1	3.33uM	NPC.CAS9	24h	LINCSCP_147513
LINCSCP_137535	-0.9996928743	0.01577844796	3	GDC-0834 (Racemate)	LSM-45549	NA	0.37uM	MCF7	24h	LINCSCP_137535
LINCSCP_35898	-0.9996926798	0.01578344585	3	CHEMBL416418	LSM-6211	ASAH1|UGCG	0.001uM	MCF7	24h	LINCSCP_35898
LINCSCP_37091	0.9996925642	0.01578641416	3	CHEMBL1868011	LSM-6088	CASP3	1uM	MCF7	6h	LINCSCP_37091
LINCSCP_256	0.9996914754	0.01581434456	3	Budesonide	LSM-1472	NR3C1	10uM	A375	24h	LINCSCP_256
LINCSCP_112037	-0.9996914266	0.01581559368	3	Dasatinib	LSM-1020	ABL1|BCR|BLK|EPHA2|FGR|FRK|FYN|HCK|KIT|LCK|LYN|PDGFRB|SRC|SRMS|YES1	10uM	HEPG2	24h	LINCSCP_112037
LINCSCP_64634	-0.9996912949	0.01581896894	3	MLS003130046	LSM-38640	NA	10uM	VCAP	24h	LINCSCP_64634
LINCSCP_10275	0.9996910725	0.0158246666	3	Sirolimus	LSM-42782	FKBP1A|MTOR	3uM	A549	6h	LINCSCP_10275
LINCSCP_2749	-0.9996909446	0.01582794203	3	ML 3163	LSM-4138	MAPK14	10uM	A375	6h	LINCSCP_2749
LINCSCP_91844	0.999690819	0.01583115783	3	Niclosamide	LSM-2787	STAT3	0.12uM	HA1E	24h	LINCSCP_91844
LINCSCP_15609	-0.9996906826	0.01583464972	3	Vemurafenib	LSM-1068	BRAF	10uM	HA1E	6h	LINCSCP_15609
LINCSCP_107968	0.9996897845	0.01585762313	3	Pimavanserin	LSM-45960	HTR2A	0.04uM	HELA	24h	LINCSCP_107968
LINCSCP_94498	-0.9996894292	0.01586670228	3	RASAGILINE	LSM-45548	MAOB	1.11uM	HA1E	24h	LINCSCP_94498
LINCSCP_141712	-0.9996888967	0.01588029848	3	Clofibric acid	LSM-2427	PPARA	0.04uM	MCF7	24h	LINCSCP_141712
LINCSCP_78878	-0.9996886677	0.01588614468	3	MK-2206	LSM-1057	AKT1|AKT2|AKT3	10uM	A375	24h	LINCSCP_78878
LINCSCP_172680	0.9996882533	0.01589671362	3	Afatinib	LSM-43226	EGFR|ERBB2|ERBB4	0.04uM	YAPC	24h	LINCSCP_172680
LINCSCP_310074	-0.9996879771	0.01590375297	3	BRD-K87063901	LSM-42020	NA	30uM	VCAP	24h	LINCSCP_310074
LINCSCP_285564	0.9996878921	0.01590591953	3	Doramapimod	LSM-1170	MAPK11|MAPK12|MAPK14	0.5uM	SKBR3	6h	LINCSCP_285564
LINCSCP_20163	0.9996878094	0.0159080271	3	STK199030	LSM-4739	NA	10uM	HCC515	6h	LINCSCP_20163
LINCSCP_4282	0.9996875852	0.01591373837	3	Ipratropium	LSM-1497	CHRM1|CHRM2|CHRM3|CHRM4	10uM	A549	6h	LINCSCP_4282
LINCSCP_141502	-0.9996874168	0.0159180274	3	Exherin (trifluoroacetate)	LSM-45648	NA	0.04uM	MCF7	24h	LINCSCP_141502
LINCSCP_34785	0.9996872235	0.01592294989	3	MLS002474240	LSM-39599	NA	5uM	MCF7	24h	LINCSCP_34785
LINCSCP_141501	-0.9996868918	0.01593139132	3	Exherin (trifluoroacetate)	LSM-45648	NA	0.12uM	MCF7	24h	LINCSCP_141501
LINCSCP_167526	-0.9996867679	0.01593454294	3	179324-69-7	LSM-6281	ADRM1|PSMA1|PSMA2|PSMA3|PSMA4|PSMA5|PSMA6|PSMA7|PSMA8|PSMB1|PSMB10|PSMB11|PSMB2|PSMB3|PSMB4|PSMB5|PSMB6|PSMB7|PSMB8|PSMB9|PSMC1|PSMC2|PSMC3|PSMC4|PSMC5|PSMC6|PSMD1|PSMD11|PSMD12|PSMD13|PSMD14|PSMD2|PSMD3|PSMD4|PSMD6|PSMD7|PSMD8|SEM1	20uM	YAPC	24h	LINCSCP_167526
LINCSCP_262586	0.9996862848	0.01594682723	3	NCGC00018102-06	LSM-2250	CACNA1G|CACNA1H	10uM	NPC	24h	LINCSCP_262586
LINCSCP_141874	-0.999686026	0.0159534032	3	NMS-1286937	LSM-45818	NA	0.04uM	MCF7	24h	LINCSCP_141874
LINCSCP_86401	0.9996836191	0.01601443698	3	WYE 125132	LSM-1064	MTOR	3.33uM	BT20	3h	LINCSCP_86401
LINCSCP_116109	-0.9996828813	0.01603310038	3	AS-605240	LSM-42784	PIK3CG	0.04uM	HS578T	3h	LINCSCP_116109
LINCSCP_85525	0.9996818744	0.01605853489	3	WZ3105	LSM-5970	CLK2|CSNK1E|FLT3|ULK1	3.33uM	BT20	3h	LINCSCP_85525
LINCSCP_114877	-0.999681825	0.0160597824	3	AZD-8330	LSM-1165	MAP2K1|MAP2K2	10uM	HS578T	24h	LINCSCP_114877
LINCSCP_22850	-0.9996814581	0.01606903916	3	Azasetron	LSM-1565	HTR3A	10uM	HEPG2	6h	LINCSCP_22850
LINCSCP_33136	0.9996813356	0.01607212951	3	Nefazodone	LSM-4031	HTR2A|HTR2C|SLC6A2|SLC6A4	10uM	MCF7	24h	LINCSCP_33136
LINCSCP_29120	0.9996808837	0.01608352291	3	BMS-754807	LSM-6218	IGF1R|INSR	10uM	JHUEM2	6h	LINCSCP_29120
LINCSCP_104616	-0.9996801307	0.01610248743	3	Berberine	LSM-6553	NA	3.33uM	HELA	24h	LINCSCP_104616
LINCSCP_263184	0.9996795775	0.01611640793	3	LY-294002	LSM-2597	MTOR|PIK3CA|PIK3CB|PIK3CD|PIK3CG|PLK1|PRKDC	1uM	NPC	24h	LINCSCP_263184
LINCSCP_263893	-0.9996789474	0.01613224725	3	Tretinoin	LSM-42854	RARA|RARB|RARG|RORB	10uM	NPC	24h	LINCSCP_263893
LINCSCP_18550	-0.9996789225	0.01613287193	3	Propoxycaine	LSM-2397	SCN10A|SCN11A|SCN1A|SCN2A|SCN3A|SCN4A|SCN5A|SCN7A|SCN8A|SCN9A	10uM	HCC515	24h	LINCSCP_18550
LINCSCP_147797	-0.9996788908	0.01613366713	3	848193-68-0	LSM-6271	SIRT1	0.12uM	NPC.CAS9	24h	LINCSCP_147797
LINCSCP_113832	-0.9996788897	0.01613369446	3	PCI-32765	LSM-1129	BTK	0.04uM	HME1	24h	LINCSCP_113832
LINCSCP_99217	-0.9996777395	0.01616256649	3	MG-132	LSM-1107	PSMB1	20uM	HA1E	24h	LINCSCP_99217
LINCSCP_115766	-0.9996776025	0.01616600118	3	QL47	LSM-6019	BMX|BTK	0.12uM	HS578T	24h	LINCSCP_115766
LINCSCP_68435	0.9996775837	0.01616647321	3	LY-294002	LSM-2597	MTOR|PIK3CA|PIK3CB|PIK3CD|PIK3CG|PLK1|PRKDC	10uM	VCAP	24h	LINCSCP_68435
LINCSCP_61438	-0.9996773623	0.01617202419	3	BRD-K32326107	LSM-10389	NA	5uM	VCAP	24h	LINCSCP_61438
LINCSCP_86490	0.9996772127	0.01617577224	3	LRRK2-IN-1	LSM-1086	LRRK2	10uM	BT20	3h	LINCSCP_86490
LINCSCP_1606	0.9996759585	0.01620716811	3	MLS002699811	LSM-3541	NA	10uM	A375	6h	LINCSCP_1606
LINCSCP_89529	-0.9996757779	0.01621168473	3	Pyrazinamide	LSM-5425	FASN	0.04uM	HA1E	24h	LINCSCP_89529
LINCSCP_64793	-0.9996756882	0.01621392698	3	BRD-K67236726	LSM-12519	NA	10uM	VCAP	6h	LINCSCP_64793
LINCSCP_66495	0.9996755847	0.01621651586	3	Trichostatin A, Streptomyces Sp.	LSM-42814	HDAC1|HDAC10|HDAC3|HDAC4|HDAC6|HDAC7|HDAC8	0.5uM	A375	6h	LINCSCP_66495
LINCSCP_82460	-0.9996754082	0.01622092475	3	amcinonide	NA	NA	10uM	A549	24h	LINCSCP_82460
LINCSCP_34678	0.9996753787	0.01622166292	3	Milrinone	LSM-3493	PDE3A	10uM	MCF7	24h	LINCSCP_34678
LINCSCP_114108	-0.9996751016	0.01622858637	3	848193-68-0	LSM-6271	SIRT1	3.33uM	HME1	24h	LINCSCP_114108
LINCSCP_51762	0.9996749418	0.01623257548	3	PD-173074	LSM-1026	FGFR1|FGFR3	10uM	SKBR3	6h	LINCSCP_51762
LINCSCP_126088	0.999674772	0.01623681475	3	TOFA	LSM-45429	NA	10uM	HT29	24h	LINCSCP_126088
LINCSCP_169372	-0.9996746897	0.01623887007	3	Donitriptan hydrochloride	LSM-45430	HTR1B|HTR1D|PTGDR2	0.12uM	YAPC	24h	LINCSCP_169372
LINCSCP_34518	-0.9996745263	0.01624294705	3	Pilocarpine	LSM-5909	CHRM1|CHRM2|CHRM3	10uM	MCF7	24h	LINCSCP_34518
LINCSCP_7011	0.9996743607	0.01624707959	3	Betamethasone 17,21-dipropionate	LSM-1725	NA	10uM	A549	24h	LINCSCP_7011
LINCSCP_13464	-0.9996741521	0.01625228334	3	Rotenone	LSM-5260	MT-ND1	0.5uM	H1299	6h	LINCSCP_13464
LINCSCP_68685	0.9996738155	0.01626067602	3	LY-294002	LSM-2597	MTOR|PIK3CA|PIK3CB|PIK3CD|PIK3CG|PLK1|PRKDC	10uM	VCAP	24h	LINCSCP_68685
LINCSCP_114601	0.9996734008	0.01627100963	3	GSK 1059615	LSM-42799	PIK3CA|PIK3CB|PIK3CD|PIK3CG	10uM	HME1	24h	LINCSCP_114601
LINCSCP_1275	-0.9996732483	0.01627480827	3	AC1MDKLV	LSM-1956	NA	10uM	A375	6h	LINCSCP_1275
LINCSCP_35710	-0.999673229	0.01627528912	3	3,5-Bis(4-methylbenzylidene)piperidin-4-one	LSM-42949	SENP2|USP1|USP2|USP7	0.5uM	MCF7	24h	LINCSCP_35710
LINCSCP_46776	0.9996729668	0.01628181832	3	Canertinib	LSM-1120	EGFR|ERBB2|ERBB4	10uM	PC3	24h	LINCSCP_46776
LINCSCP_5553	-0.9996729549	0.01628211415	3	SCHEMBL13832486	LSM-3817	NA	10uM	A549	6h	LINCSCP_5553
LINCSCP_154692	-0.9996723955	0.01629603259	3	Mitoxantrone	LSM-2481	TOP2A	3.33uM	PC3	24h	LINCSCP_154692
LINCSCP_129397	0.9996720623	0.01630431778	3	Sirolimus	LSM-42783	FKBP1A|MTOR	10uM	JURKAT	24h	LINCSCP_129397
LINCSCP_171652	0.9996718558	0.01630945235	3	MG-132	LSM-1107	PSMB1	20uM	YAPC	24h	LINCSCP_171652
LINCSCP_17792	-0.9996715215	0.01631775716	3	Fluspirilene	LSM-3748	DRD2|HTR2A	5uM	HCC15	6h	LINCSCP_17792
LINCSCP_6690	0.9996715004	0.01631828094	3	Sirolimus	LSM-42782	FKBP1A|MTOR	10uM	A549	6h	LINCSCP_6690
LINCSCP_138947	-0.9996711686	0.01632652148	3	Lenvatinib (E7080)	LSM-45581	FLT1|FLT4|KDR	0.04uM	MCF7	24h	LINCSCP_138947
LINCSCP_31049	0.9996708871	0.01633350909	3	N-[2-Chloro-5-(trifluoromethyl)phenyl]-5-(pyridin-4-yl)-1,3,4-thiadiazol-2-amine	LSM-2109	NA	10uM	MCF7	6h	LINCSCP_31049
LINCSCP_86321	0.9996708457	0.01633453672	3	BMS-387032	LSM-1132	CDK2|CDK7|CDK9	0.04uM	BT20	3h	LINCSCP_86321
LINCSCP_117157	0.9996706871	0.01633847039	3	Osimertinib	LSM-6344	EGFR|ERBB2|ERBB3|ERBB4	10uM	HT29	24h	LINCSCP_117157
LINCSCP_3348	0.9996705453	0.01634198841	3	BRD-K84879982	LSM-41904	NA	5uM	A375	24h	LINCSCP_3348
LINCSCP_9102	0.9996705386	0.01634215359	3	BRD-K98624380	LSM-15010	NA	10uM	A549	24h	LINCSCP_9102
LINCSCP_249718	0.9996697406	0.01636193452	3	BRD-K14475668	LSM-38017	NA	10uM	MCF7	24h	LINCSCP_249718
LINCSCP_23195	-0.9996693917	0.01637057565	3	SMR000127896	LSM-4852	NA	10uM	HEPG2	6h	LINCSCP_23195
LINCSCP_24797	-0.9996692079	0.01637512668	3	MLS006011051	LSM-42801	BRAF	0.1uM	HS578T	24h	LINCSCP_24797
LINCSCP_157794	0.9996691821	0.01637576598	3	179324-69-7	LSM-6281	ADRM1|PSMA1|PSMA2|PSMA3|PSMA4|PSMA5|PSMA6|PSMA7|PSMA8|PSMB1|PSMB10|PSMB11|PSMB2|PSMB3|PSMB4|PSMB5|PSMB6|PSMB7|PSMB8|PSMB9|PSMC1|PSMC2|PSMC3|PSMC4|PSMC5|PSMC6|PSMD1|PSMD11|PSMD12|PSMD13|PSMD14|PSMD2|PSMD3|PSMD4|PSMD6|PSMD7|PSMD8|SEM1	20uM	PC3	24h	LINCSCP_157794
LINCSCP_296316	-0.9996688826	0.01638317729	3	AR-196/42202287	LSM-4854	NA	10uM	VCAP	6h	LINCSCP_296316
LINCSCP_97855	0.9996678515	0.01640866656	3	Lonidamine	LSM-6272	NA	0.37uM	HA1E	24h	LINCSCP_97855
LINCSCP_235573	-0.9996675596	0.01641587498	3	PHA-665752	LSM-42793	MET	1uM	MCF10A	6h	LINCSCP_235573
LINCSCP_7416	0.9996675096	0.01641710886	3	Cinnarizine	LSM-42858	HRH1	10uM	A549	6h	LINCSCP_7416
LINCSCP_121772	0.9996672767	0.01642285811	3	AC1Q5RFA	LSM-43063	NA	0.37uM	HT29	24h	LINCSCP_121772
LINCSCP_10329	0.9996670777	0.01642777105	3	BIBR-1532	LSM-43274	TERT	80uM	A673	6h	LINCSCP_10329
LINCSCP_3347	-0.9996667936	0.01643477844	3	BRD-K84015265	LSM-41863	NA	5uM	A375	24h	LINCSCP_3347
LINCSCP_42458	0.9996660354	0.0164534678	3	Enzastaurin	LSM-1069	PRKCB	10uM	NPC	24h	LINCSCP_42458
LINCSCP_45191	-0.9996658119	0.01645897193	3	SB-216763	LSM-1161	GSK3B	10uM	PC3	6h	LINCSCP_45191
LINCSCP_740	-0.9996657997	0.01645927223	3	AZD-1775	LSM-1153	WEE1	10uM	A375	24h	LINCSCP_740
LINCSCP_3104	-0.9996655095	0.01646641695	3	Fludarabine	LSM-5747	RRM1	10uM	A375	6h	LINCSCP_3104
LINCSCP_132074	0.9996650195	0.01647847493	3	Apitolisib (gdc-0980, rg7422)	LSM-4257	PIK3CA|PIK3CB|PIK3CD|PIK3CG|MTOR	1.11uM	MCF7	24h	LINCSCP_132074
LINCSCP_86067	-0.9996645557	0.0164898779	3	noscapine	NA	NA	0.37uM	BT20	24h	LINCSCP_86067
LINCSCP_54888	0.9996643156	0.01649578067	3	Rotenone	LSM-5260	MT-ND1	0.5uM	THP1	6h	LINCSCP_54888
LINCSCP_110686	-0.9996639599	0.01650451824	3	Cladribine	LSM-5976	ADA	0.37uM	HELA	24h	LINCSCP_110686
LINCSCP_110499	-0.9996638169	0.01650802882	3	2-(Ethylmercuriothio)benzoic acid	LSM-5710	NA	1.11uM	HELA	24h	LINCSCP_110499
LINCSCP_125610	-0.9996636253	0.01651273395	3	179324-69-7	LSM-6281	ADRM1|PSMA1|PSMA2|PSMA3|PSMA4|PSMA5|PSMA6|PSMA7|PSMA8|PSMB1|PSMB10|PSMB11|PSMB2|PSMB3|PSMB4|PSMB5|PSMB6|PSMB7|PSMB8|PSMB9|PSMC1|PSMC2|PSMC3|PSMC4|PSMC5|PSMC6|PSMD1|PSMD11|PSMD12|PSMD13|PSMD14|PSMD2|PSMD3|PSMD4|PSMD6|PSMD7|PSMD8|SEM1	20uM	HT29	24h	LINCSCP_125610
LINCSCP_54119	-0.9996629208	0.01653001716	3	Thioridazine	LSM-1863	DRD1|DRD2|DRD3|DRD4|HTR2A|HTR2C	10uM	SW620	6h	LINCSCP_54119
LINCSCP_133270	0.9996628456	0.01653186102	3	TPCA-1	LSM-1136	IKBKB	0.12uM	MCF7	24h	LINCSCP_133270
LINCSCP_39287	-0.9996623515	0.01654397175	3	Enzastaurin	LSM-1069	PRKCB	10uM	MDAMB231	6h	LINCSCP_39287
LINCSCP_138666	-0.9996622892	0.01654549769	3	Epitiostanol	LSM-45392	NA	10uM	MCF7	24h	LINCSCP_138666
LINCSCP_10219	-0.999662157	0.01654873507	3	Camptothecin	LSM-4611	TOP1	0.5uM	A549	6h	LINCSCP_10219
LINCSCP_42889	-0.99966181	0.0165572313	3	BD-1047	LSM-2810	SIGMAR1	10uM	NPC	24h	LINCSCP_42889
LINCSCP_44731	0.999661543	0.01656376669	3	Purvalanola	LSM-3118	CDK1|CDK2|CDK4|CDK5	10uM	PC3	24h	LINCSCP_44731
LINCSCP_64931	0.9996611262	0.01657396331	3	Enzalutamide	LSM-6254	AR	1uM	VCAP	24h	LINCSCP_64931
LINCSCP_131160	-0.9996610146	0.01657669245	3	GW843682X	LSM-1014	PLK1|PLK3	1.11uM	MCF10A	24h	LINCSCP_131160
LINCSCP_119430	-0.9996594675	0.01661447875	3	BDBM52947	LSM-4323	NA	0.12uM	HT29	24h	LINCSCP_119430
LINCSCP_47415	0.9996594262	0.01661548782	3	YL-54	LSM-44651	NA	10uM	PC3	6h	LINCSCP_47415
LINCSCP_11790	0.9996593228	0.01661800992	3	AZD-8055	LSM-1007	MTOR	1uM	BT20	24h	LINCSCP_11790
LINCSCP_174196	0.9996592202	0.01662051172	3	Tolvaptan	LSM-45837	AVPR2	0.04uM	YAPC	24h	LINCSCP_174196
LINCSCP_115648	0.9996590445	0.0166247948	3	Linifanib	LSM-1183	CSF1R|FLT1|FLT3|FLT4|KDR|PDGFRA|PDGFRB	0.04uM	HS578T	24h	LINCSCP_115648
LINCSCP_2112	-0.9996589461	0.01662719333	3	BCB03_000153	LSM-36631	NA	10uM	A375	6h	LINCSCP_2112
LINCSCP_151324	-0.9996584442	0.01663942401	3	Radicicol	LSM-43303	NA	0.37uM	PC3	24h	LINCSCP_151324
LINCSCP_173664	-0.9996582544	0.01664404901	3	NMS-1286937	LSM-45818	NA	3.33uM	YAPC	24h	LINCSCP_173664
LINCSCP_43900	0.9996571585	0.0166707154	3	13-Hydroxy-8,14,19-trimethoxy-4,10,12,16-tetramethyl-3,20,22-trioxo-2-azabicyclo[16.3.1]docosa-1(21),4,6,10,18-pentaen-9-yl carbamate	LSM-42815	HSP90AA1	10uM	PC3	24h	LINCSCP_43900
LINCSCP_300440	-0.9996568276	0.0166787572	3	BRD-K05432839	LSM-8748	NA	5uM	VCAP	6h	LINCSCP_300440
LINCSCP_65783	0.999655848	0.01670254876	3	BRD-K19919069	LSM-38339	NA	10uM	VCAP	6h	LINCSCP_65783
LINCSCP_7995	0.9996556085	0.01670835879	3	Prostratin	LSM-4888	NA	10uM	A549	6h	LINCSCP_7995
LINCSCP_51421	-0.9996555207	0.01671048895	3	ZSTK 474	LSM-1053	PIK3CG	1uM	SKBR3	24h	LINCSCP_51421
LINCSCP_11991	0.9996551919	0.01671846215	3	AZD-6482	LSM-1059	PIK3CA|PIK3CB|PIK3CD|PIK3CG|PIK3R1|PIK3R2|PIK3R3|PIK3R5	1uM	BT20	6h	LINCSCP_11991
LINCSCP_51531	0.9996551238	0.01672011424	3	Sirolimus	LSM-42783	FKBP1A|MTOR	0.5uM	SKBR3	6h	LINCSCP_51531
LINCSCP_118017	-0.9996547186	0.01672993336	3	SAQUINAVIR MESYLATE	LSM-45573	NA	10uM	HT29	24h	LINCSCP_118017
LINCSCP_71698	-0.9996533881	0.01676213715	3	Folic acid	LSM-5355	FOLR2	0.04uM	A375	24h	LINCSCP_71698
LINCSCP_14544	-0.9996532798	0.0167647558	3	NNC 26-9100	LSM-2163	GBA|SSTR4	10uM	HA1E	6h	LINCSCP_14544
LINCSCP_97856	-0.9996526818	0.01677920841	3	Lonidamine	LSM-6272	NA	0.12uM	HA1E	24h	LINCSCP_97856
LINCSCP_14112	0.9996526518	0.01677993264	3	Ubenimex	LSM-3323	LTA4H|RNPEP	10uM	HA1E	24h	LINCSCP_14112
LINCSCP_262128	-0.9996524492	0.01678482663	3	Ethamivan	LSM-2846	NA	10uM	NPC	24h	LINCSCP_262128
LINCSCP_85801	0.9996522868	0.01678874729	3	AZD-8055	LSM-1007	MTOR	3.33uM	BT20	24h	LINCSCP_85801
LINCSCP_87732	0.9996522282	0.01679016137	3	AZD-6482	LSM-1059	PIK3CA|PIK3CB|PIK3CD|PIK3CG|PIK3R1|PIK3R2|PIK3R3|PIK3R5	0.37uM	HA1E	24h	LINCSCP_87732
LINCSCP_173632	0.9996521327	0.01679246852	3	179324-69-7	LSM-6281	ADRM1|PSMA1|PSMA2|PSMA3|PSMA4|PSMA5|PSMA6|PSMA7|PSMA8|PSMB1|PSMB10|PSMB11|PSMB2|PSMB3|PSMB4|PSMB5|PSMB6|PSMB7|PSMB8|PSMB9|PSMC1|PSMC2|PSMC3|PSMC4|PSMC5|PSMC6|PSMD1|PSMD11|PSMD12|PSMD13|PSMD14|PSMD2|PSMD3|PSMD4|PSMD6|PSMD7|PSMD8|SEM1	20uM	YAPC	24h	LINCSCP_173632
LINCSCP_149920	0.9996514159	0.0168097615	3	Iniparib	LSM-6317	PARP1	1.11uM	NPC.TAK	24h	LINCSCP_149920
LINCSCP_54815	-0.9996512685	0.01681331539	3	Trifluoperazine	LSM-4010	DRD2|DRD3|DRD4|HTR2A|HTR2C	10uM	T3M10	6h	LINCSCP_54815
LINCSCP_244051	-0.9996510786	0.0168178927	3	Triflusal	LSM-5797	NFKB1|NOS2|PDE10A|PTGS1	10uM	MCF7	24h	LINCSCP_244051
LINCSCP_81165	0.9996503912	0.01683444973	3	Buparlisib	LSM-1148	PIK3CA|PIK3CB|PIK3CD|PIK3CG|PIK3R1|PIK3R2|PIK3R3|PIK3R5	0.04uM	A549	24h	LINCSCP_81165
LINCSCP_121680	-0.9996501344	0.01684063181	3	DOCETAXEL	LSM-45649	NA	3.33uM	HT29	24h	LINCSCP_121680
LINCSCP_34355	0.9996500241	0.01684328823	3	Telenzepine	LSM-2111	CHRM1	10uM	MCF7	6h	LINCSCP_34355
LINCSCP_11070	0.999650021	0.01684336242	3	Pazopanib	LSM-1114	CSF1R|FGFR1|FGFR3|FLT1|FLT4|ITK|KDR|KIT|LCK|PDGFRA|PDGFRB	10uM	ASC	24h	LINCSCP_11070
LINCSCP_200729	-0.9996497149	0.01685072587	3	BRD-K33452357	LSM-44737	NA	10uM	A549	24h	LINCSCP_200729
LINCSCP_258240	0.9996485791	0.01687802431	3	BRD-K85694079	LSM-41944	NA	10uM	NEU	24h	LINCSCP_258240
LINCSCP_312285	-0.9996482642	0.01688558645	3	BRD-K22663811	LSM-38500	NA	10uM	VCAP	24h	LINCSCP_312285
LINCSCP_65052	-0.9996480149	0.01689156884	3	Thapsigargin	LSM-43008	ATP2A1	10uM	VCAP	6h	LINCSCP_65052
LINCSCP_3026	-0.9996466932	0.01692325645	3	BRD-K81249836	LSM-41708	NA	10uM	A375	6h	LINCSCP_3026
LINCSCP_148989	-0.9996461882	0.01693534585	3	CX-5461	LSM-6342	NA	0.12uM	NPC	24h	LINCSCP_148989
LINCSCP_289890	-0.9996461185	0.01693701532	3	Phenazopyridine	LSM-3705	SCN10A|SCN11A|SCN1A|SCN2A|SCN3A|SCN4A|SCN5A|SCN7A|SCN8A|SCN9A	10uM	VCAP	6h	LINCSCP_289890
LINCSCP_15343	-0.9996458109	0.0169443731	3	HSCI1_000314	LSM-6251	ARG1|ARG2	80uM	HA1E	24h	LINCSCP_15343
LINCSCP_169339	-0.9996456018	0.01694937472	3	GDC-0834 (Racemate)	LSM-45549	NA	3.33uM	YAPC	24h	LINCSCP_169339
LINCSCP_64185	0.9996451972	0.01695904859	3	BRD-K31883841	LSM-14794	NA	5uM	VCAP	24h	LINCSCP_64185
LINCSCP_23564	0.9996450164	0.01696336868	3	MLS000107144	LSM-36458	NA	5uM	HEPG2	6h	LINCSCP_23564
LINCSCP_14648	0.9996443017	0.01698043905	3	Metolazone	LSM-1680	SLC12A3	10uM	HA1E	24h	LINCSCP_14648
LINCSCP_153379	0.9996437016	0.01699475574	3	MG-132	LSM-1107	PSMB1	20uM	PC3	24h	LINCSCP_153379
LINCSCP_69764	-0.9996434635	0.01700043467	3	OSI-930	LSM-1179	FLT1|FLT4|KDR|KIT	1.11uM	A375	24h	LINCSCP_69764
LINCSCP_46537	-0.9996434484	0.01700079516	3	2-(4-Chlorophenyl)-6-(methylthio)-4-oxo-3,4-dihydro-2H-1,3-thiazine-5-carbonitrile	LSM-4328	NA	10uM	PC3	6h	LINCSCP_46537
LINCSCP_29179	0.9996431956	0.01700682069	3	pyrvinium-pamoate	NA	AR	10uM	JHUEM2	6h	LINCSCP_29179
LINCSCP_2734	-0.9996418634	0.017038542	3	Gliquidone	LSM-3809	ABCC8	10uM	A375	6h	LINCSCP_2734
LINCSCP_49186	0.9996418128	0.01703974614	3	CHEMBL2362024	LSM-41975	NA	10uM	PC3	6h	LINCSCP_49186
LINCSCP_61448	-0.9996412364	0.0170534518	3	BRD-K39629581	LSM-10836	NA	5uM	VCAP	24h	LINCSCP_61448
LINCSCP_213571	-0.9996411339	0.01705588683	3	Cyclosporine	LSM-42817	PPIA|PPP3CA	10uM	HCC515	6h	LINCSCP_213571
LINCSCP_34802	0.999641087	0.01705700274	3	SA-424828	LSM-14695	NA	5uM	MCF7	24h	LINCSCP_34802
LINCSCP_7580	-0.9996406513	0.01706735244	3	JWH-015	LSM-2386	CNR2	10uM	A549	24h	LINCSCP_7580
LINCSCP_52593	-0.9996404677	0.01707171342	3	Rotenonic acid	LSM-2748	NA	10uM	SKB	24h	LINCSCP_52593
LINCSCP_106305	-0.9996404162	0.01707293412	3	Nimodipine	LSM-1659	CACNA1C|CACNA1D|CACNA1F|CACNA1S|NR3C2	3.33uM	HELA	24h	LINCSCP_106305
LINCSCP_12542	0.9996402367	0.01707719718	3	CHEMBL399379	LSM-6245	ACLY	80uM	CL34	6h	LINCSCP_12542
LINCSCP_270691	-0.9996395157	0.01709430141	3	GSK-1904529A	LSM-1134	IGF1R|INSR	10uM	PC3	24h	LINCSCP_270691
LINCSCP_180834	-0.9996387938	0.017111409	3	Dapsone	LSM-5714	DHFR	10uM	A375	6h	LINCSCP_180834
LINCSCP_83177	0.9996385634	0.01711686704	3	Doramapimod	LSM-1170	MAPK11|MAPK12|MAPK14	3.33uM	ASC.C	24h	LINCSCP_83177
LINCSCP_10348	-0.9996384821	0.01711879235	3	3,7-Bis(dimethylamino)phenothiazin-5-ium	LSM-4555	ACHE	10uM	A673	6h	LINCSCP_10348
LINCSCP_68466	0.9996381263	0.01712721486	3	13-Methyl-7-[9-(4,4,5,5,5-pentafluoropentylsulfinyl)nonyl]-6,7,8,9,11,12,14,15,16,17-decahydrocyclopenta[a]phenanthrene-3,17-diol	LSM-1895	ESR1	10uM	VCAP	24h	LINCSCP_68466
LINCSCP_46075	-0.9996380802	0.01712830513	3	Indigo Red	LSM-42899	CDK1|CDK5|GSK3A	10uM	PC3	24h	LINCSCP_46075
LINCSCP_11078	0.9996380518	0.0171289761	3	Enzastaurin	LSM-1069	PRKCB	10uM	ASC	24h	LINCSCP_11078
LINCSCP_81963	0.9996379643	0.01713104786	3	SB525334	LSM-1121	TGFBR1	1.11uM	A549	24h	LINCSCP_81963
LINCSCP_151619	-0.9996372795	0.01714724252	3	Allitinib	LSM-1225	NA	10uM	PC3	24h	LINCSCP_151619
LINCSCP_50823	-0.9996365584	0.01716428062	3	PI-103	LSM-1126	MTOR|PIK3CA|PIK3CB|PIK3CD|PIK3CG	10uM	RKO	6h	LINCSCP_50823
LINCSCP_40373	0.9996362868	0.0171706916	3	AZD-2014	LSM-5754	MTOR	10uM	NCIH596	6h	LINCSCP_40373
LINCSCP_42809	-0.9996359294	0.01717912758	3	SPECTRUM_000051	LSM-1749	OPRD1|OPRK1|OPRM1	10uM	NPC	24h	LINCSCP_42809
LINCSCP_201780	0.9996356299	0.01718619183	3	Trichostatin	LSM-43005	HDAC1|HDAC10|HDAC3|HDAC4|HDAC6|HDAC7|HDAC8	0.001uM	A549	24h	LINCSCP_201780
LINCSCP_75355	-0.9996352316	0.01719558355	3	Paroxetine	LSM-2843	SLC6A4	0.04uM	A375	24h	LINCSCP_75355
LINCSCP_28344	-0.9996349728	0.01720168345	3	BRD-K27865298	LSM-10112	NA	10uM	HT29	24h	LINCSCP_28344
LINCSCP_166568	-0.9996348865	0.01720371621	3	Ziprasidone	LSM-5433	DRD2|HRH1|HTR1A|HTR1B|HTR1D|HTR1E|HTR2A|HTR2C|HTR7	10uM	YAPC	24h	LINCSCP_166568
LINCSCP_258882	-0.9996339799	0.01722506258	3	BRD-K09059649	LSM-8977	NA	10uM	NEU	24h	LINCSCP_258882
LINCSCP_139204	-0.9996338123	0.01722900819	3	AP26113	LSM-45408	NA	0.12uM	MCF7	24h	LINCSCP_139204
LINCSCP_58897	-0.9996337391	0.01723072952	3	CHEMBL2333339	LSM-4809	NA	10uM	VCAP	24h	LINCSCP_58897
LINCSCP_21462	-0.9996336045	0.01723389579	3	Mitotane	LSM-1451	CYP11A1|CYP11B1	10uM	HEPG2	6h	LINCSCP_21462
LINCSCP_12820	0.9996333504	0.01723987098	3	Isoliquiritigenin	LSM-43093	GABBR1	10uM	DV90	6h	LINCSCP_12820
LINCSCP_107431	-0.9996329979	0.01724815701	3	BI-2536	LSM-1041	PLK1	0.12uM	HELA	24h	LINCSCP_107431
LINCSCP_68111	-0.9996324477	0.01726108074	3	13-Methyl-7-[9-(4,4,5,5,5-pentafluoropentylsulfinyl)nonyl]-6,7,8,9,11,12,14,15,16,17-decahydrocyclopenta[a]phenanthrene-3,17-diol	LSM-1895	ESR1	1uM	PC3	6h	LINCSCP_68111
LINCSCP_7967	0.999632394	0.01726234106	3	CHEMBL2136858	LSM-39300	NA	10uM	A549	6h	LINCSCP_7967
LINCSCP_36474	-0.9996323671	0.01726297414	3	CHEMBL2132289	LSM-1044	RPS6KA3	0.5uM	MCF7	24h	LINCSCP_36474
LINCSCP_45108	-0.9996322971	0.0172646185	3	RS-23597-190	LSM-6204	HTR4	100uM	PC3	6h	LINCSCP_45108
LINCSCP_106805	-0.9996317123	0.0172783421	3	Cyclohexanecarboxamide, 4-(1-aminoethyl)-n-4-pyridinyl-, trans-	LSM-1177	ROCK1|ROCK2	0.04uM	HELA	24h	LINCSCP_106805
LINCSCP_110121	-0.9996315378	0.01728243478	3	AVL-292	LSM-45948	BTK	3.33uM	HELA	24h	LINCSCP_110121
LINCSCP_41775	-0.9996314425	0.01728467041	3	pyrvinium-pamoate	NA	AR	3uM	NKDBA	24h	LINCSCP_41775
LINCSCP_49220	-0.9996308406	0.01729877988	3	Broad-Sai-443	LSM-45300	NA	0.5uM	PC3	24h	LINCSCP_49220
LINCSCP_113593	-0.9996305464	0.01730567036	3	ZSTK 474	LSM-1053	PIK3CG	0.12uM	HME1	3h	LINCSCP_113593
LINCSCP_39015	-0.999629808	0.01732295731	3	WH-4-023	LSM-5613	ABL1|SRC	0.5uM	MDAMB231	24h	LINCSCP_39015
LINCSCP_121728	-0.9996295004	0.01733015329	3	Cabazitaxel	LSM-46002	NA	3.33uM	HT29	24h	LINCSCP_121728
LINCSCP_42056	-0.9996289831	0.01734224771	3	BG-STK33-59	LSM-36797	NA	3uM	NOMO1	6h	LINCSCP_42056
LINCSCP_5098	-0.9996288485	0.01734539484	3	MLS001065903	LSM-2501	NA	10uM	A549	6h	LINCSCP_5098
LINCSCP_12656	-0.999628818	0.01734610681	3	DASA-58	LSM-3813	PKM	90uM	CORL23	6h	LINCSCP_12656
LINCSCP_120965	-0.9996285464	0.01735245289	3	BRD-A28746609	LSM-1102	NR1I2|TUBB	10uM	HT29	24h	LINCSCP_120965
LINCSCP_8622	-0.9996279758	0.01736577579	3	BRD-K35060373	LSM-10536	NA	5uM	A549	24h	LINCSCP_8622
LINCSCP_271317	-0.9996277039	0.01737212078	3	Ttnpb	LSM-43006	RARB	10uM	PC3	6h	LINCSCP_271317
LINCSCP_23272	-0.9996271335	0.01738542554	3	BRD-K84450674	LSM-41883	NA	10uM	HEPG2	6h	LINCSCP_23272
LINCSCP_137976	0.9996270454	0.01738747948	3	Altrenogest	LSM-45810	NA	10uM	MCF7	24h	LINCSCP_137976
LINCSCP_164561	0.9996268295	0.01739251173	3	Sirolimus	LSM-42783	FKBP1A|MTOR	10uM	SKL.C	24h	LINCSCP_164561
LINCSCP_35058	-0.9996265298	0.017399494	3	BRD-K96552587	LSM-42512	NA	5uM	MCF7	24h	LINCSCP_35058
LINCSCP_305970	-0.9996261887	0.01740743838	3	BRD-K07431800	LSM-8866	NA	5uM	VCAP	6h	LINCSCP_305970
LINCSCP_30530	-0.9996256911	0.01741902177	3	PNU-74654	LSM-44945	CTNNB1|TCF4	80uM	MCF7	24h	LINCSCP_30530
LINCSCP_70490	0.9996248266	0.0174391256	3	galantamine	NA	NA	1.11uM	A375	24h	LINCSCP_70490
LINCSCP_40996	-0.9996246171	0.01744399548	3	Bromhexine	LSM-3048	NA	10uM	NEU	24h	LINCSCP_40996
LINCSCP_22891	-0.9996243579	0.01745001766	3	Mibefradil	LSM-2192	CACNA1C|CACNA1G|CACNA1H|CACNA1I	10uM	HEPG2	6h	LINCSCP_22891
LINCSCP_57784	0.9996242331	0.01745291429	3	KUC104140	LSM-2639	NA	10uM	VCAP	24h	LINCSCP_57784
LINCSCP_12728	-0.9996235867	0.01746792021	3	PF-04217903	LSM-1166	MET	40uM	COV644	6h	LINCSCP_12728
LINCSCP_16701	-0.9996230323	0.01748078142	3	BRD-K75081836	LSM-45110	NA	10uM	HA1E	6h	LINCSCP_16701
LINCSCP_121949	-0.9996228829	0.01748424512	3	CI-218872	LSM-1991	GABRA1	10uM	HT29	24h	LINCSCP_121949
LINCSCP_94536	0.9996222797	0.01749822342	3	CIANIDANOL	LSM-45741	NA	0.12uM	HA1E	24h	LINCSCP_94536
LINCSCP_47615	0.9996216179	0.0175135477	3	Ciclopirox	LSM-5307	ATP1A1	10uM	PC3	24h	LINCSCP_47615
LINCSCP_44073	-0.9996214787	0.0175167678	3	NNC 05-2090	LSM-3905	SLC6A12	10uM	PC3	24h	LINCSCP_44073
LINCSCP_115835	-0.9996212813	0.01752133482	3	GSK-3 Inhibitor IX	LSM-42780	NA	3.33uM	HS578T	3h	LINCSCP_115835
LINCSCP_51034	-0.9996211289	0.01752486108	3	6-(7-Hydroxy-6,7-dihydro-5H-pyrrolo[1,2-c]imidazol-7-yl)-n-methyl-2-naphthamide	LSM-6184	CYP17A1	40uM	RMUGS	6h	LINCSCP_51034
LINCSCP_141628	-0.9996209229	0.01752962495	3	Podofilox	LSM-3055	NA	0.04uM	MCF7	24h	LINCSCP_141628
LINCSCP_87503	0.9996203225	0.01754350153	3	GW620972X	LSM-1209	NA	10uM	CD34	24h	LINCSCP_87503
LINCSCP_28410	-0.9996200461	0.01754988692	3	Tigecycline	LSM-36875	NA	3uM	HT29	24h	LINCSCP_28410
LINCSCP_106414	-0.999620011	0.01755069883	3	Tozasertib	LSM-1021	ABL1|AURKA|AURKB|AURKC|BCR|FLT3|JAK2	1.11uM	HELA	24h	LINCSCP_106414
LINCSCP_170839	-0.9996200104	0.01755071259	3	Apilimod	LSM-45286	NA	0.37uM	YAPC	24h	LINCSCP_170839
LINCSCP_24161	-0.9996199786	0.01755144611	3	BRD-A35207501	LSM-45361	NA	10uM	HL60	6h	LINCSCP_24161
LINCSCP_56915	0.9996198878	0.01755354374	3	TGX-115	LSM-6262	NA	100uM	VCAP	24h	LINCSCP_56915
LINCSCP_70212	0.9996196993	0.01755789539	3	Mocetinostat	LSM-5344	HDAC1|HDAC11|HDAC2|HDAC3|HDAC8	0.37uM	A375	24h	LINCSCP_70212
LINCSCP_105941	-0.9996190944	0.01757185358	3	179324-69-7	LSM-6281	ADRM1|PSMA1|PSMA2|PSMA3|PSMA4|PSMA5|PSMA6|PSMA7|PSMA8|PSMB1|PSMB10|PSMB11|PSMB2|PSMB3|PSMB4|PSMB5|PSMB6|PSMB7|PSMB8|PSMB9|PSMC1|PSMC2|PSMC3|PSMC4|PSMC5|PSMC6|PSMD1|PSMD11|PSMD12|PSMD13|PSMD14|PSMD2|PSMD3|PSMD4|PSMD6|PSMD7|PSMD8|SEM1	20uM	HELA	24h	LINCSCP_105941
LINCSCP_112872	0.9996188416	0.01757768513	3	331771-20-1	LSM-1096	AURKA|AURKB	10uM	HEPG2	24h	LINCSCP_112872
LINCSCP_139858	-0.9996185259	0.01758496278	3	altrenogest	LSM-45498	NA	0.12uM	MCF7	24h	LINCSCP_139858
LINCSCP_106595	-0.9996181403	0.01759384785	3	Econazole	LSM-1617	NA	0.12uM	HELA	24h	LINCSCP_106595
LINCSCP_1945	0.9996180502	0.01759592406	3	Memantine	LSM-5966	GRIN1	10uM	A375	6h	LINCSCP_1945
LINCSCP_120787	0.9996173349	0.01761239503	3	Mefloquine	LSM-5525	NA	1.11uM	HT29	24h	LINCSCP_120787
LINCSCP_60430	-0.9996173056	0.01761306828	3	CHEMBL2132498	LSM-7932	NA	5uM	VCAP	24h	LINCSCP_60430
LINCSCP_8039	0.9996172003	0.0176154926	3	Dexamethasone	LSM-5512	NR3C1	10uM	A549	6h	LINCSCP_8039
LINCSCP_53591	0.9996167816	0.01762512419	3	CHEMBL520231	LSM-43280	XPO1	10uM	SNGM	6h	LINCSCP_53591
LINCSCP_129624	0.9996166377	0.01762843282	3	MLN-0128	LSM-1206	MTOR	0.04uM	JURKAT	24h	LINCSCP_129624
LINCSCP_152198	0.9996166	0.01762930038	3	amcinonide	NA	NA	3.33uM	PC3	24h	LINCSCP_152198
LINCSCP_137691	0.9996163988	0.0176339244	3	MG-132	LSM-1107	PSMB1	20uM	MCF7	24h	LINCSCP_137691
LINCSCP_169887	-0.9996155575	0.01765325356	3	SPECTRUM_001092	LSM-1337	NR3C1	0.37uM	YAPC	24h	LINCSCP_169887
LINCSCP_35388	0.9996151412	0.01766280824	3	BRD-K98945308	LSM-14501	NA	10uM	MCF7	24h	LINCSCP_35388
LINCSCP_131059	0.999615073	0.01766437278	3	Dactolisib	LSM-4255	MTOR|PIK3CA|PIK3CB|PIK3CD|PIK3CG|PIK3R1|PIK3R2|PIK3R3|PIK3R5	1.11uM	MCF10A	3h	LINCSCP_131059
LINCSCP_136335	0.9996122345	0.01772938826	3	SB 242235	LSM-45559	NA	3.33uM	MCF7	24h	LINCSCP_136335
LINCSCP_65262	-0.9996121146	0.01773212873	3	BRD-K31697605	LSM-39001	NA	10uM	VCAP	24h	LINCSCP_65262
LINCSCP_53895	-0.9996116895	0.0177418444	3	M3M3FBS	LSM-2196	PLCB2|PLCB3|PLCD1|PLCG1|PLCG2	80uM	SNUC5	6h	LINCSCP_53895
LINCSCP_34720	0.9996113415	0.01774979152	3	Topotecan	LSM-5662	TOP1|TOP1MT	10uM	MCF7	6h	LINCSCP_34720
LINCSCP_34314	-0.9996113055	0.01775061355	3	Khellin	LSM-5863	NA	10uM	MCF7	24h	LINCSCP_34314
LINCSCP_28526	-0.9996112795	0.01775120853	3	CHEMBL2143628	LSM-6855	NA	0.37uM	HT29	24h	LINCSCP_28526
LINCSCP_11609	0.9996111661	0.01775379736	3	WYE 125132	LSM-1064	MTOR	1uM	BT20	24h	LINCSCP_11609
LINCSCP_11378	0.9996106766	0.01776496903	3	KF 38789	LSM-1641	SELP	10uM	ASC	24h	LINCSCP_11378
LINCSCP_22361	0.9996102102	0.01777560827	3	Pimelic diphenylamide 106	LSM-4808	NA	10uM	HEPG2	6h	LINCSCP_22361
LINCSCP_31789	0.9996095628	0.01779036492	3	Troxipide	LSM-5125	NA	10uM	MCF7	6h	LINCSCP_31789
LINCSCP_25049	0.9996092093	0.01779841615	3	Valdecoxib	LSM-5305	PTGS2	100uM	HT115	6h	LINCSCP_25049
LINCSCP_133637	0.9996091208	0.01780043284	3	KU-55933	LSM-1074	ATM	10uM	MCF7	24h	LINCSCP_133637
LINCSCP_33131	-0.9996079874	0.01782622259	3	IN1345	LSM-3976	EGFR	10uM	MCF7	24h	LINCSCP_33131
LINCSCP_19154	0.9996077676	0.01783121999	3	Rhodomyrtoxin B	LSM-1285	SLCO1B3	10uM	HCC515	6h	LINCSCP_19154
LINCSCP_147253	0.9996077566	0.01783146887	3	GSK 1059615	LSM-42799	PIK3CA|PIK3CB|PIK3CD|PIK3CG	0.37uM	NEU	24h	LINCSCP_147253
LINCSCP_151872	0.999607584	0.01783539177	3	CGP 60474	LSM-1025	CDK1	0.37uM	PC3	24h	LINCSCP_151872
LINCSCP_3315	0.9996066482	0.01785664791	3	BRD-K50358328	LSM-11495	NA	5uM	A375	24h	LINCSCP_3315
LINCSCP_6092	-0.9996064837	0.01786038207	3	BRD-K69406317-001-01-8	LSM-41049	NA	10uM	A549	6h	LINCSCP_6092
LINCSCP_7503	-0.9996063971	0.01786234674	3	Talibegron	LSM-3433	ADRB3	10uM	A549	6h	LINCSCP_7503
LINCSCP_47391	0.9996059245	0.01787306789	3	GSK-1059615	LSM-42798	PIK3CA|PIK3CB|PIK3CD|PIK3CG|PIK3R1|PIK3R2|PIK3R3|PIK3R5	10uM	PC3	6h	LINCSCP_47391
LINCSCP_133740	0.9996058684	0.01787434041	3	PFI-1	LSM-6331	NA	3.33uM	MCF7	24h	LINCSCP_133740
LINCSCP_70579	0.9996052934	0.01788737498	3	MLS006011051	LSM-42801	BRAF	3.33uM	A375	24h	LINCSCP_70579
LINCSCP_108797	0.9996049122	0.01789601018	3	Erlotinib	LSM-1097	EGFR	10uM	HELA	24h	LINCSCP_108797
LINCSCP_6943	0.9996043529	0.01790867329	3	CGK733	LSM-1610	ATM|ATR	10uM	A549	6h	LINCSCP_6943
LINCSCP_56554	0.9996043497	0.01790874757	3	Paroxetine	LSM-2843	SLC6A4	10uM	VCAP	6h	LINCSCP_56554
LINCSCP_75276	0.9996040427	0.01791569297	3	Foretinib	LSM-1158	FLT1|FLT3|FLT4|KDR|KIT|MET|PDGFRA|PDGFRB|TEK	0.37uM	A375	24h	LINCSCP_75276
LINCSCP_51082	-0.9996039442	0.01791792122	3	BMS-299897	LSM-6207	NA	10uM	RMUGS	6h	LINCSCP_51082
LINCSCP_8257	-0.9996028468	0.01794272923	3	BRD-K73517272	LSM-14916	NA	5uM	A549	24h	LINCSCP_8257
LINCSCP_37786	0.9996027751	0.01794435085	3	LY-294002	LSM-2597	MTOR|PIK3CA|PIK3CB|PIK3CD|PIK3CG|PLK1|PRKDC	3uM	MCF7	6h	LINCSCP_37786
LINCSCP_94961	0.9996024965	0.01795064229	3	AC1NSM0X	LSM-4605	P2RX1	3.33uM	HA1E	24h	LINCSCP_94961
LINCSCP_77350	0.9996024629	0.01795140182	3	Amuvatinib	LSM-1118	FLT3|KIT|MET|PDGFRA	0.37uM	A375	24h	LINCSCP_77350
LINCSCP_115728	0.9996023459	0.01795404307	3	EX-8678	LSM-1147	NA	1.11uM	HS578T	24h	LINCSCP_115728
LINCSCP_96825	-0.9996022348	0.01795655075	3	AZD7762	LSM-45536	CHEK1	0.37uM	HA1E	24h	LINCSCP_96825
LINCSCP_56345	-0.9996016589	0.01796954554	3	196868-63-0	LSM-3505	IGF1R	10uM	VCAP	6h	LINCSCP_56345
LINCSCP_41819	0.9996016152	0.01797053141	3	L-Sulforaphane	LSM-4919	NFE2L2	10uM	NOMO1	6h	LINCSCP_41819
LINCSCP_156596	0.9996015495	0.0179720143	3	PF-04691502	LSM-45239	MTOR|PIK3CA|PIK3CB|PIK3CD|PIK3CG|PIK3R1|PIK3R2|PIK3R3|PIK3R5	1.11uM	PC3	24h	LINCSCP_156596
LINCSCP_3534	-0.9996014656	0.01797390629	3	BRD-K16535949	LSM-14732	NA	10uM	A375	24h	LINCSCP_3534
LINCSCP_27645	0.9996013396	0.01797674779	3	BRD-K07442049	LSM-8867	NA	5uM	HT29	24h	LINCSCP_27645
LINCSCP_101106	-0.9996011334	0.01798139553	3	WHI-P97	LSM-1033	JAK3	10uM	HCC515	24h	LINCSCP_101106
LINCSCP_15465	-0.9996010345	0.01798362587	3	Clonidine	LSM-4223	ADRA2A|ADRA2B|ADRA2C	10uM	HA1E	24h	LINCSCP_15465
LINCSCP_44263	0.9996002494	0.01800131122	3	Nortriptyline	LSM-4039	KCNJ10|SLC6A2|SLC6A4	10uM	PC3	24h	LINCSCP_44263
LINCSCP_101226	0.9995990662	0.01802793412	3	SAQUINAVIR MESYLATE	LSM-45573	NA	10uM	HELA	24h	LINCSCP_101226
LINCSCP_146546	-0.9995988244	0.01803336969	3	Doramapimod	LSM-1170	MAPK11|MAPK12|MAPK14	0.37uM	NEU	24h	LINCSCP_146546
LINCSCP_254431	0.999598807	0.01803376121	3	SA-243423	LSM-38482	NA	1uM	MCF7	6h	LINCSCP_254431
LINCSCP_100418	-0.9995985265	0.01804006553	3	Infigratinib	LSM-1184	FGFR1|FGFR2|FGFR3|FGFR4	0.12uM	HCC515	24h	LINCSCP_100418
LINCSCP_145451	-0.9995984454	0.01804188766	3	GSK-1904529A	LSM-1134	IGF1R|INSR	0.37uM	MDAMB231	24h	LINCSCP_145451
LINCSCP_59736	-0.9995984115	0.01804264894	3	BRD-K14799717	LSM-38040	NA	5uM	VCAP	6h	LINCSCP_59736
LINCSCP_110624	-0.9995981918	0.01804758433	3	Tobramycin	LSM-6534	NA	3.33uM	HELA	24h	LINCSCP_110624
LINCSCP_19810	0.9995980621	0.01805049611	3	Triazolothiadiazine, 9	LSM-1347	NA	10uM	HCC515	6h	LINCSCP_19810
LINCSCP_116479	-0.9995973496	0.01806648894	3	AS601245	LSM-1034	MAPK10|MAPK8|MAPK9	0.12uM	HT29	24h	LINCSCP_116479
LINCSCP_176462	0.9995963874	0.01808806405	3	Allantoin	LSM-5190	NA	0.5uM	A375	6h	LINCSCP_176462
LINCSCP_24789	-0.9995963488	0.01808892992	3	ZINC77024257	LSM-1171	MDM2	0.5uM	HS578T	24h	LINCSCP_24789
LINCSCP_58393	-0.9995961892	0.01809250451	3	MLS001033149	LSM-6634	NA	10uM	VCAP	24h	LINCSCP_58393
LINCSCP_45505	0.9995959364	0.01809816811	3	MLS002473640	LSM-3067	NA	10uM	PC3	24h	LINCSCP_45505
LINCSCP_54618	0.9995955255	0.01810736825	3	Ursolic acid	LSM-4889	HSD11B1|PTPN1	70uM	SW948	6h	LINCSCP_54618
LINCSCP_268787	0.9995951059	0.01811675979	3	BRD-K95561591	LSM-4147	NA	10uM	PC3	24h	LINCSCP_268787
LINCSCP_240917	0.999594451	0.01813140574	3	CGP 57380	LSM-2944	MKNK1	10uM	MCF7	6h	LINCSCP_240917
LINCSCP_40890	0.999594101	0.0181392272	3	CHEMBL2359949	LSM-39623	NA	10uM	NEU	24h	LINCSCP_40890
LINCSCP_151997	0.9995934512	0.01815374293	3	Mocetinostat	LSM-5344	HDAC1|HDAC11|HDAC2|HDAC3|HDAC8	1.11uM	PC3	24h	LINCSCP_151997
LINCSCP_78948	-0.9995932689	0.01815781235	3	Simeprevir	LSM-45598	NA	0.04uM	A375	24h	LINCSCP_78948
LINCSCP_37843	-0.9995931755	0.01815989746	3	AC1NUE3V	LSM-43141	DUSP1|DUSP6	1uM	MCF7	24h	LINCSCP_37843
LINCSCP_116198	-0.9995922504	0.01818053398	3	Vemurafenib	LSM-1068	BRAF	0.04uM	HT29	24h	LINCSCP_116198
LINCSCP_65370	-0.9995919655	0.01818688573	3	BRD-K93156709	LSM-42328	NA	10uM	VCAP	24h	LINCSCP_65370
LINCSCP_122251	-0.9995918012	0.01819054732	3	Zardaverine	LSM-2833	PDE4D	0.37uM	HT29	24h	LINCSCP_122251
LINCSCP_180768	-0.9995913317	0.01820100642	3	Sulfacetamide	LSM-5374	NA	10uM	A375	6h	LINCSCP_180768
LINCSCP_81338	-0.9995908656	0.01821138212	3	Linsitinib	LSM-1135	IGF1R|INSR	0.12uM	A549	24h	LINCSCP_81338
LINCSCP_254290	0.9995896972	0.01823736966	3	AG490	LSM-42880	JAK2|JAK3	1uM	MCF7	24h	LINCSCP_254290
LINCSCP_309404	-0.9995882398	0.01826973219	3	BRD-K45222065	LSM-39775	NA	5uM	VCAP	24h	LINCSCP_309404
LINCSCP_13296	0.9995880706	0.01827348598	3	BRD-A94810754-001-01-2	LSM-43160	NA	10uM	FIBRNPC	6h	LINCSCP_13296
LINCSCP_262119	-0.9995880033	0.01827498069	3	Hypericin	LSM-2650	NA	10uM	NPC	24h	LINCSCP_262119
LINCSCP_27543	0.9995876758	0.01828224116	3	BRD-K52178187	LSM-11619	NA	5uM	HT29	24h	LINCSCP_27543
LINCSCP_85716	-0.9995870581	0.01829593116	3	apigenin	LSM-5206	NA	10uM	BT20	3h	LINCSCP_85716
LINCSCP_179036	0.9995869912	0.01829741421	3	(3-Chlorophenyl)[4-(7-chloroquinolin-4-yl)piperazin-1-yl]methanone	LSM-3413	NA	10uM	A375	6h	LINCSCP_179036
LINCSCP_145543	-0.9995869285	0.01829880263	3	THZ-2-98-01	LSM-44946	NA	0.04uM	MDAMB231	24h	LINCSCP_145543
LINCSCP_166382	0.9995868549	0.01830043357	3	Propafenone	LSM-1416	ADRB1|ADRB2|KCNH2|SCN10A|SCN11A|SCN1A|SCN2A|SCN3A|SCN4A|SCN5A|SCN7A|SCN8A|SCN9A	10uM	YAPC	24h	LINCSCP_166382
LINCSCP_86404	0.9995867864	0.01830194983	3	WYE 125132	LSM-1064	MTOR	0.12uM	BT20	3h	LINCSCP_86404
LINCSCP_49466	0.9995865071	0.01830813562	3	ICI182, 780	LSM-45338	ESR1	10uM	PC3	24h	LINCSCP_49466
LINCSCP_11607	0.9995856121	0.01832793932	3	WYE 125132	LSM-1064	MTOR	0.5uM	BT20	24h	LINCSCP_11607
LINCSCP_100982	-0.9995852057	0.01833692477	3	869288-64-2	LSM-1200	NA	1.11uM	HCC515	24h	LINCSCP_100982
LINCSCP_144464	-0.9995847691	0.01834657387	3	Mycophenolic acid	LSM-42933	IMPDH1|IMPDH2	0.37uM	MCF7	24h	LINCSCP_144464
LINCSCP_45129	-0.9995846993	0.01834811623	3	GW 405833	LSM-2217	CNR2	40uM	PC3	6h	LINCSCP_45129
LINCSCP_146897	0.9995842695	0.01835760783	3	I-BET151	LSM-6335	NA	10uM	NEU	24h	LINCSCP_146897
LINCSCP_68713	0.9995840731	0.01836194582	3	Sirolimus	LSM-42783	FKBP1A|MTOR	10uM	VCAP	24h	LINCSCP_68713
LINCSCP_95273	0.9995837539	0.01836898901	3	Lodoxamide	LSM-45990	NA	0.37uM	HA1E	24h	LINCSCP_95273
LINCSCP_156494	-0.9995837486	0.01836910767	3	phylloquinone	LSM-45941	NA	1.11uM	PC3	24h	LINCSCP_156494
LINCSCP_37644	-0.9995827277	0.01839162045	3	Nocodazole	LSM-2260	NA	10uM	MCF7	24h	LINCSCP_37644
LINCSCP_12500	0.9995825363	0.01839583845	3	Perhexiline	LSM-4353	CPT1A|CPT2	10uM	CL34	6h	LINCSCP_12500
LINCSCP_108626	-0.9995819249	0.01840930492	3	MG-132	LSM-1107	PSMB1	20uM	HELA	24h	LINCSCP_108626
LINCSCP_27234	-0.9995816733	0.01841484509	3	BRD-K63368502	LSM-40733	NA	10uM	HT29	6h	LINCSCP_27234
LINCSCP_193254	-0.9995810721	0.01842807201	3	AC1L29BH	LSM-4722	NA	10uM	A549	24h	LINCSCP_193254
LINCSCP_76642	-0.9995809823	0.01843004722	3	BRD-A69951442-001-01-3	LSM-4466	NR3C1	10uM	A375	24h	LINCSCP_76642
LINCSCP_109090	-0.999580677	0.01843676228	3	REV-5901	LSM-1734	ALOX5	0.33uM	HELA	24h	LINCSCP_109090
LINCSCP_4207	-0.9995800825	0.01844982768	3	Marmesin	LSM-2799	NA	10uM	A549	24h	LINCSCP_4207
LINCSCP_147072	-0.9995799105	0.01845360541	3	SCHEMBL16980224	LSM-1092	AURKA	0.04uM	NEU	24h	LINCSCP_147072
LINCSCP_252894	0.9995796772	0.01845872893	3	CHEMBL2143684	LSM-15081	NA	0.5uM	MCF7	6h	LINCSCP_252894
LINCSCP_226770	-0.9995796139	0.01846011981	3	Mebeverine	LSM-1296	CHRM1	10uM	HT29	6h	LINCSCP_226770
LINCSCP_153738	0.9995793107	0.01846677671	3	MG-132	LSM-1107	PSMB1	20uM	PC3	24h	LINCSCP_153738
LINCSCP_205475	-0.9995788568	0.01847673565	3	iloprost	LSM-43147	PTGER1|PTGER2|PTGIR	0.5uM	CD34	24h	LINCSCP_205475
LINCSCP_82494	0.9995786396	0.01848150053	3	PF-03758309	LSM-4254	PAK4	0.04uM	A549	24h	LINCSCP_82494
LINCSCP_74865	0.9995781405	0.01849244308	3	PF-04691502	LSM-45239	MTOR|PIK3CA|PIK3CB|PIK3CD|PIK3CG|PIK3R1|PIK3R2|PIK3R3|PIK3R5	0.04uM	A375	24h	LINCSCP_74865
LINCSCP_74720	-0.9995769713	0.01851805462	3	Dicloxacillin	LSM-5234	NA	0.12uM	A375	24h	LINCSCP_74720
LINCSCP_25841	-0.9995764688	0.01852905069	3	GW843682X	LSM-1014	PLK1|PLK3	10uM	HT29	6h	LINCSCP_25841
LINCSCP_10165	-0.9995764626	0.01852918641	3	Tamoxifen	LSM-42959	ESR1|ESR2	0.12uM	A549	24h	LINCSCP_10165
LINCSCP_122525	-0.999576353	0.01853158346	3	LY451395	LSM-45718	GRIA1|GRIA2|GRIA3|GRIA4	3.33uM	HT29	24h	LINCSCP_122525
LINCSCP_17721	-0.9995760336	0.01853856869	3	GSK-319347A	LSM-1216	IKBKG	5uM	HCC15	6h	LINCSCP_17721
LINCSCP_312087	0.9995759129	0.01854120801	3	BRD-K00248354	LSM-43605	NA	10uM	VCAP	6h	LINCSCP_312087
LINCSCP_4958	-0.9995758888	0.01854173437	3	SECINH3	LSM-2989	NA	10uM	A549	24h	LINCSCP_4958
LINCSCP_84156	0.9995758391	0.01854281973	3	KW-2449	LSM-42803	ABL1|AURKA|AURKB|FLT3	1.11uM	ASC	24h	LINCSCP_84156
LINCSCP_106745	-0.9995750255	0.01856059751	3	MG-132	LSM-1107	PSMB1	20uM	HELA	24h	LINCSCP_106745
LINCSCP_5288	-0.9995747774	0.01856601409	3	ASN 04454474	LSM-3422	NA	10uM	A549	6h	LINCSCP_5288
LINCSCP_48713	-0.9995732997	0.01859824725	3	BRD-K01427177	LSM-15096	NA	10uM	PC3	24h	LINCSCP_48713
LINCSCP_9338	0.9995729087	0.01860676862	3	3,7-Bis(dimethylamino)phenothiazin-5-ium	LSM-4555	ACHE	3uM	A549	6h	LINCSCP_9338
LINCSCP_151115	-0.9995727686	0.01860981908	3	SCHEMBL3958507	LSM-5245	COQ8B|EGFR	0.12uM	PC3	24h	LINCSCP_151115
LINCSCP_65284	-0.9995722996	0.01862003258	3	BRD-K43286821	LSM-39650	NA	10uM	VCAP	24h	LINCSCP_65284
LINCSCP_291116	-0.9995720981	0.01862441921	3	Megestrol Acetate	LSM-2441	PGR	10uM	VCAP	24h	LINCSCP_291116
LINCSCP_57821	-0.9995712226	0.01864346197	3	SCHEMBL2573365	LSM-3671	NA	10uM	VCAP	24h	LINCSCP_57821
LINCSCP_179252	0.9995693452	0.01868423586	3	ZSTK 474	LSM-1053	PIK3CG	10uM	A375	6h	LINCSCP_179252
LINCSCP_44897	-0.9995691385	0.0186887202	3	PJ34	LSM-4937	NA	10uM	PC3	24h	LINCSCP_44897
LINCSCP_3106	-0.9995690926	0.01868971477	3	Terbinafine	LSM-43227	NA	10uM	A375	6h	LINCSCP_3106
LINCSCP_15642	0.9995688687	0.01869457098	3	N9-Isopropylolomoucine	LSM-3607	CDK1|CDK5	100uM	HA1E	6h	LINCSCP_15642
LINCSCP_119171	0.9995685163	0.01870221008	3	Odanacatib (MK-0822)	LSM-45851	CTSK	0.37uM	HT29	24h	LINCSCP_119171
LINCSCP_92673	-0.999568065	0.0187119884	3	Troglitazone	LSM-4890	PPARG	10uM	HA1E	24h	LINCSCP_92673
LINCSCP_20666	0.9995678208	0.01871727706	3	CHEMBL2139291	LSM-41642	NA	10uM	HCC515	6h	LINCSCP_20666
LINCSCP_116638	-0.9995674978	0.01872427082	3	Withaferin A	LSM-6685	IKBKB|NAMPT	3.33uM	HT29	24h	LINCSCP_116638
LINCSCP_22765	-0.9995672191	0.01873030435	3	ZM 306416	LSM-2921	FLT1|KDR	10uM	HEPG2	6h	LINCSCP_22765
LINCSCP_287560	-0.999567141	0.01873199311	3	ASN 05257430	LSM-2975	NA	10uM	SW480	6h	LINCSCP_287560
LINCSCP_33399	0.9995671374	0.01873207183	3	282089-49-0	LSM-3400	CNR2	10uM	MCF7	24h	LINCSCP_33399
LINCSCP_45078	0.9995667967	0.01873944209	3	Cucurbitacin-I	LSM-43115	JAK2|STAT3	10uM	PC3	6h	LINCSCP_45078
LINCSCP_72281	0.9995666571	0.01874246132	3	Homochlorcyclizine	LSM-1394	HRH1	1.11uM	A375	24h	LINCSCP_72281
LINCSCP_148769	0.9995666257	0.0187431411	3	GSK-461364	LSM-1013	PLK1	0.37uM	NPC	24h	LINCSCP_148769
LINCSCP_95275	0.9995665043	0.01874576636	3	Lodoxamide	LSM-45990	NA	0.04uM	HA1E	24h	LINCSCP_95275
LINCSCP_9571	-0.9995659128	0.01875855338	3	Estradiol	LSM-2421	ESR1|ESR2|NR1I2	0.01uM	A549	6h	LINCSCP_9571
LINCSCP_156868	-0.9995656179	0.01876492444	3	JNJ-38877605	LSM-1157	MET	0.12uM	PC3	24h	LINCSCP_156868
LINCSCP_12930	0.9995650702	0.01877675045	3	COT-10B	LSM-6226	NA	40uM	EFO27	6h	LINCSCP_12930
LINCSCP_51147	-0.9995644717	0.01878966598	3	BX-795	LSM-1189	PDK1|PDPK1	10uM	RMUGS	6h	LINCSCP_51147
LINCSCP_14069	0.9995643621	0.01879203097	3	Epirizole	LSM-2868	PTGS1|PTGS2	10uM	HA1E	24h	LINCSCP_14069
LINCSCP_53679	0.999564144	0.01879673546	3	Piplartine	LSM-42914	NA	10uM	SNU1040	6h	LINCSCP_53679
LINCSCP_80526	-0.9995640908	0.01879788148	3	Thiothixene	LSM-43048	HTR2A	10uM	A375	24h	LINCSCP_80526
LINCSCP_98648	0.9995640094	0.01879963608	3	Imatinib	LSM-1023	ABL1|BCR|CSF1R|KIT|PDGFRA|PDGFRB	10uM	HA1E	24h	LINCSCP_98648
LINCSCP_153450	-0.9995638648	0.01880275414	3	E-3810	LSM-45728	FGFR1|FGFR2|FLT1|FLT4|KDR	10uM	PC3	24h	LINCSCP_153450
LINCSCP_3107	-0.9995637259	0.01880574941	3	Pyridostigmine	LSM-5770	ACHE	10uM	A375	6h	LINCSCP_3107
LINCSCP_278459	-0.9995624694	0.01883281243	3	BRD-K76528265	LSM-41454	NA	10uM	PC3	24h	LINCSCP_278459
LINCSCP_23100	0.9995618399	0.01884635701	3	Strophanthidin	LSM-3891	ATP1A1	10uM	HEPG2	6h	LINCSCP_23100
LINCSCP_23836	0.9995614369	0.01885502194	3	BRD-K01621458	LSM-45313	NA	0.12uM	HEPG2	24h	LINCSCP_23836
LINCSCP_17017	0.9995610604	0.01886311358	3	Iproniazid	LSM-5940	NA	10uM	HA1E	6h	LINCSCP_17017
LINCSCP_165499	-0.9995609242	0.01886604063	3	MLN-0128	LSM-1206	MTOR	0.37uM	SKL	24h	LINCSCP_165499
LINCSCP_3654	-0.9995605834	0.01887336174	3	BRD-K96396151	LSM-42501	NA	10uM	A375	24h	LINCSCP_3654
LINCSCP_7435	-0.9995602865	0.01887973677	3	IKK Inhibitor VII	LSM-2309	IKBKB	10uM	A549	6h	LINCSCP_7435
LINCSCP_878	0.9995597907	0.01889037764	3	ML162	LSM-1493	NA	10uM	A375	6h	LINCSCP_878
LINCSCP_115811	0.999558907	0.01890933136	3	Sorafenib	LSM-1008	BRAF|DDR2|FGFR1|FLT1|FLT3|FLT4|KDR|KIT|PDGFRB|RAF1|RET	3.33uM	HS578T	3h	LINCSCP_115811
LINCSCP_113027	0.9995586528	0.01891478031	3	Saracatinib	LSM-1032	ABL1|SRC	10uM	HME1	24h	LINCSCP_113027
LINCSCP_32109	-0.9995585544	0.01891688855	3	AC1N9M1C	LSM-4494	NA	10uM	MCF7	24h	LINCSCP_32109
LINCSCP_37383	-0.9995584244	0.01891967376	3	SA-101686	LSM-41790	NA	0.5uM	MCF7	6h	LINCSCP_37383
LINCSCP_178627	0.9995583258	0.01892178606	3	Otenzepad	LSM-22625	CHRM1|CHRM2	10uM	A375	6h	LINCSCP_178627
LINCSCP_239161	0.9995571606	0.01894673071	3	Latanoprost	LSM-43170	PTGFR	10uM	MCF7	6h	LINCSCP_239161
LINCSCP_2253	0.999557006	0.01895003744	3	IN1451	LSM-4349	MAPK3	10uM	A375	6h	LINCSCP_2253
LINCSCP_79429	0.9995569486	0.01895126489	3	Dipyrone	LSM-5839	PTGS1	1.11uM	A375	24h	LINCSCP_79429
LINCSCP_2792	0.9995562668	0.01896584304	3	SYK Inhibitor	LSM-42930	SYK	10uM	A375	6h	LINCSCP_2792
LINCSCP_4334	0.9995555031	0.0189821578	3	4-Hydroxytamoxifen	LSM-42848	ESR1|ESR2	10uM	A549	6h	LINCSCP_4334
LINCSCP_84493	-0.9995552206	0.01898819004	3	AGK 2	LSM-43196	SIRT2	0.04uM	ASC	24h	LINCSCP_84493
LINCSCP_251877	-0.9995549908	0.01899309315	3	SAR245409	LSM-1174	NA	0.1uM	MCF7	24h	LINCSCP_251877
LINCSCP_98523	-0.9995549881	0.01899315206	3	BX471	LSM-45629	NA	3.33uM	HA1E	24h	LINCSCP_98523
LINCSCP_42301	0.9995548774	0.01899551484	3	MEGXP0_001010	LSM-44579	NA	10uM	NPC	24h	LINCSCP_42301
LINCSCP_262944	-0.9995547295	0.01899867079	3	Wortmannin	LSM-3947	PIK3CA|PIK3CG|PLK1	1uM	NPC	24h	LINCSCP_262944
LINCSCP_55072	0.999554216	0.01900962189	3	TUL_XX087	LSM-36794	NA	10uM	THP1	24h	LINCSCP_55072
LINCSCP_43706	-0.9995541864	0.01901025301	3	Necrostatin	LSM-1494	RIPK1	100uM	OV7	6h	LINCSCP_43706
LINCSCP_267754	-0.9995540466	0.01901323522	3	MLS001065911	LSM-4070	NA	10uM	PC3	24h	LINCSCP_267754
LINCSCP_145482	-0.9995537447	0.01901966864	3	AZD-5438	LSM-1159	CDK1|CDK10|CDK11B|CDK12|CDK13|CDK14|CDK15|CDK16|CDK17|CDK18|CDK19|CDK2|CDK20|CDK3|CDK4|CDK5|CDK6|CDK7|CDK8|CDK9	0.12uM	MDAMB231	24h	LINCSCP_145482
LINCSCP_46180	-0.9995535954	0.01902285126	3	(+)-Taxifolin	LSM-5990	ADIPOR2	10uM	PC3	6h	LINCSCP_46180
LINCSCP_65393	0.9995533437	0.01902821378	3	BRD-K05469482	LSM-37562	NA	10uM	VCAP	6h	LINCSCP_65393
LINCSCP_165196	0.9995532217	0.0190308129	3	GW620972X	LSM-1209	NA	0.12uM	SKL.C	24h	LINCSCP_165196
LINCSCP_35648	-0.9995532039	0.01903119248	3	SCHEMBL16226502	LSM-43056	HSP90AA1	0.01uM	MCF7	24h	LINCSCP_35648
LINCSCP_203921	-0.9995530987	0.0190334322	3	NU-7026	LSM-2191	PRKDC	10uM	ASC	24h	LINCSCP_203921
LINCSCP_12295	0.999551921	0.01905849642	3	BMS-387032	LSM-1132	CDK2|CDK7|CDK9	0.5uM	BT20	6h	LINCSCP_12295
LINCSCP_9930	0.9995513748	0.01907010975	3	MW-SHH-61	LSM-44611	NA	0.5uM	A549	6h	LINCSCP_9930
LINCSCP_113740	-0.999551292	0.01907186886	3	Cabozantinib	LSM-1195	KDR|MET	0.37uM	HME1	24h	LINCSCP_113740
LINCSCP_86136	0.9995493698	0.01911267876	3	LRRK2-IN-1	LSM-1086	LRRK2	10uM	BT20	24h	LINCSCP_86136
LINCSCP_142351	0.9995476613	0.01914887996	3	Masitinib	LSM-1130	FGFR3|KIT|LYN|PDGFRA|PDGFRB	1.11uM	MCF7	24h	LINCSCP_142351
LINCSCP_62507	-0.999547337	0.01915574386	3	BRD-K15318079	LSM-9345	NA	5uM	VCAP	6h	LINCSCP_62507
LINCSCP_7474	-0.9995469302	0.01916435018	3	Alprostadil	LSM-42979	PTGER1|PTGER2	10uM	A549	6h	LINCSCP_7474
LINCSCP_1993	-0.9995462139	0.0191794934	3	3-(6-Nitro-1,3-dioxo-1H-benzo[de]isoquinolin-2(3H)-yl)propanoic acid	LSM-4529	NA	10uM	A375	6h	LINCSCP_1993
LINCSCP_272635	-0.9995459831	0.01918436995	3	Itrazole	LSM-5032	NA	10uM	PC3	24h	LINCSCP_272635
LINCSCP_69287	0.9995453766	0.01919718066	3	Linsitinib	LSM-1135	IGF1R|INSR	0.37uM	A375	24h	LINCSCP_69287
LINCSCP_60473	-0.9995452567	0.01919971335	3	BRD-K45850369	LSM-7433	NA	5uM	VCAP	6h	LINCSCP_60473
LINCSCP_66761	0.99954454	0.01921483784	3	Wortmannin	LSM-3947	PIK3CA|PIK3CG|PLK1	10uM	H1299	6h	LINCSCP_66761
LINCSCP_39404	-0.9995442595	0.01922075504	3	Infigratinib	LSM-1184	FGFR1|FGFR2|FGFR3|FGFR4	1uM	MDAMB231	24h	LINCSCP_39404
LINCSCP_223728	-0.9995442131	0.01922173318	3	AC1NA5E1	LSM-1464	OPRK1	10uM	HT29	6h	LINCSCP_223728
LINCSCP_137689	0.9995434752	0.01923728635	3	MG-132	LSM-1107	PSMB1	20uM	MCF7	24h	LINCSCP_137689
LINCSCP_74082	-0.9995432785	0.01924143111	3	BRD-A69421747	LSM-45546	NA	10uM	A375	24h	LINCSCP_74082
LINCSCP_108031	-0.9995428555	0.01925033974	3	AZD3514	LSM-45831	AR	1.11uM	HELA	24h	LINCSCP_108031
LINCSCP_128105	-0.9995397781	0.01931503092	3	Tyrphostin AG-1478	LSM-1224	EGFR	0.04uM	HUES3	24h	LINCSCP_128105
LINCSCP_83717	-0.9995393452	0.01932411323	3	HY-11007	LSM-1022	ABL1|BCR	3.33uM	ASC.C	24h	LINCSCP_83717
LINCSCP_149809	-0.9995391351	0.01932852172	3	761437-28-9	LSM-1208	NA	0.12uM	NPC.TAK	24h	LINCSCP_149809
LINCSCP_62878	0.9995387888	0.01933578135	3	BRD-K33013391	LSM-43467	NA	5uM	VCAP	24h	LINCSCP_62878
LINCSCP_133023	0.9995386341	0.0193390254	3	SCHEMBL17052537	LSM-5803	BTK|JAK3|MKNK2|MTOR|PRKDC	0.12uM	MCF7	3h	LINCSCP_133023
LINCSCP_89503	-0.9995385624	0.01934052684	3	SELEGILINE HYDROCHLORIDE	LSM-45964	NA	0.37uM	HA1E	24h	LINCSCP_89503
LINCSCP_251259	-0.9995381014	0.0193501865	3	DR 2313	LSM-4130	NA	0.001uM	MCF7	6h	LINCSCP_251259
LINCSCP_162363	-0.9995379923	0.01935247199	3	Tanaproget	LSM-45780	NA	3.33uM	PC3	24h	LINCSCP_162363
LINCSCP_27647	-0.9995379334	0.01935370553	3	BRD-K10558099	LSM-9062	NA	5uM	HT29	24h	LINCSCP_27647
LINCSCP_11895	-0.9995377854	0.0193568047	3	Seliciclib	LSM-1001	CDK1|CDK2|CDK5|CDK7|CDK9	10uM	BT20	6h	LINCSCP_11895
LINCSCP_29176	0.999537686	0.01935888567	3	Pifithrin MU	LSM-4188	HSPA1A|TP53	10uM	JHUEM2	6h	LINCSCP_29176
LINCSCP_85410	0.9995376337	0.01935998074	3	Ruxolitinib	LSM-1139	JAK1|JAK2|TYK2	10uM	BT20	24h	LINCSCP_85410
LINCSCP_293786	-0.9995374883	0.01936302506	3	ST029676	LSM-4171	NA	10uM	VCAP	6h	LINCSCP_293786
LINCSCP_69533	-0.9995373551	0.01936581323	3	AT-7519	LSM-1004	CDK1|CDK10|CDK11B|CDK12|CDK13|CDK14|CDK15|CDK16|CDK17|CDK18|CDK19|CDK2|CDK20|CDK3|CDK4|CDK5|CDK6|CDK7|CDK8|CDK9	0.37uM	A375	24h	LINCSCP_69533
LINCSCP_100051	0.9995370974	0.01937120788	3	CHIR-99021	LSM-1181	NA	3.33uM	HCC515	24h	LINCSCP_100051
LINCSCP_125354	-0.9995368848	0.0193756556	3	Agomelatine	LSM-45989	NA	0.12uM	HT29	24h	LINCSCP_125354
LINCSCP_145699	-0.9995362187	0.01938958589	3	Saracatinib	LSM-1032	ABL1|SRC	10uM	MDAMB231	3h	LINCSCP_145699
LINCSCP_166238	-0.9995362143	0.01938967789	3	MGCD-265	LSM-1124	AXL|FLT1|FLT4|KDR|MET|MST1R|TEK	0.12uM	SKL	24h	LINCSCP_166238
LINCSCP_142102	-0.9995357281	0.01939983902	3	Epothilone B (EPO906, Patupilone)	LSM-46001	NA	0.04uM	MCF7	24h	LINCSCP_142102
LINCSCP_147576	-0.9995354624	0.01940538982	3	PHA-767491	LSM-6304	NA	0.12uM	NPC.CAS9	24h	LINCSCP_147576
LINCSCP_278804	-0.9995346792	0.01942174368	3	BRD-K28615450	LSM-38830	NA	10uM	PC3	24h	LINCSCP_278804
LINCSCP_81935	-0.9995344216	0.01942711923	3	Doramapimod	LSM-1170	MAPK11|MAPK12|MAPK14	0.12uM	A549	24h	LINCSCP_81935
LINCSCP_62972	-0.999534309	0.01942946761	3	BRD-K36462169	LSM-10630	NA	5uM	VCAP	6h	LINCSCP_62972
LINCSCP_227154	0.999534202	0.01943169925	3	Butylparaben	LSM-2161	NA	10uM	HT29	6h	LINCSCP_227154
LINCSCP_164568	-0.9995341835	0.01943208646	3	GSK-461364	LSM-1013	PLK1	0.04uM	SKL.C	24h	LINCSCP_164568
LINCSCP_32919	-0.9995341791	0.01943217688	3	Oxantel Embonate	LSM-44971	NA	10uM	MCF7	24h	LINCSCP_32919
LINCSCP_130884	-0.999534168	0.01943240931	3	Dovitinib	LSM-1127	EGFR|FGFR1|FGFR2|FGFR3|FLT1|FLT3|FLT4|KDR|KIT|PDGFRA|PDGFRB	3.33uM	MCF10A	3h	LINCSCP_130884
LINCSCP_28572	0.9995340105	0.0194356948	3	Enclomiphene	LSM-42850	ESR1	10uM	HT29	24h	LINCSCP_28572
LINCSCP_24705	-0.9995338103	0.01943986937	3	CHIR-99021	LSM-1181	NA	10uM	HS578T	24h	LINCSCP_24705
LINCSCP_75412	-0.9995335299	0.01944571424	3	Vinburnine	LSM-2891	NA	0.75uM	A375	24h	LINCSCP_75412
LINCSCP_34210	0.9995322185	0.01947303096	3	Dexamethasone	LSM-5512	NR3C1	10uM	MCF7	6h	LINCSCP_34210
LINCSCP_64889	0.9995316899	0.0194840321	3	BRD-K25304254	LSM-38653	NA	10uM	VCAP	24h	LINCSCP_64889
LINCSCP_137558	-0.9995316632	0.01948458698	3	Aliskiren	LSM-2653	REN	1.11uM	MCF7	24h	LINCSCP_137558
LINCSCP_90202	-0.9995315926	0.01948605512	3	Tivantinib	LSM-1131	MET	3.33uM	HA1E	24h	LINCSCP_90202
LINCSCP_161	-0.999531586	0.01948619235	3	SPECTRUM_001060	LSM-1251	ESR1	10uM	A375	24h	LINCSCP_161
LINCSCP_7884	-0.9995309757	0.01949888496	3	CHEMBL1984778	LSM-6640	NA	10uM	A549	24h	LINCSCP_7884
LINCSCP_15187	-0.9995300079	0.01951899373	3	BRD-A43331270-001-01-6	LSM-4436	ADRA1A|CACNA1C	10uM	HA1E	24h	LINCSCP_15187
LINCSCP_149770	0.9995298139	0.01952302092	3	SB525334	LSM-1121	TGFBR1	10uM	NPC.TAK	24h	LINCSCP_149770
LINCSCP_148788	0.9995293621	0.01953239929	3	GSK-1070916	LSM-1062	AURKB|AURKC	0.12uM	NPC	24h	LINCSCP_148788
LINCSCP_9087	0.9995289657	0.01954062404	3	BRD-K86149906	LSM-41972	NA	10uM	A549	24h	LINCSCP_9087
LINCSCP_233227	0.9995283345	0.01955371306	3	BRD-K98624380	LSM-15010	NA	10uM	HT29	24h	LINCSCP_233227
LINCSCP_156073	-0.9995281013	0.01955854638	3	Pentamidine	LSM-4540	NA	10uM	PC3	24h	LINCSCP_156073
LINCSCP_50539	-0.9995280803	0.01955898191	3	4,11-Diethyl-4,9-dihydroxy-1H-pyrano[3',4':6,7]indolizino[1,2-b]quinoline-3,14(4H,12H)-dione	LSM-6189	TOP1	0.5uM	PL21	6h	LINCSCP_50539
LINCSCP_4762	-0.999528067	0.01955925796	3	BRD-K41087962	LSM-42690	NA	0.5uM	A549	6h	LINCSCP_4762
LINCSCP_122631	-0.9995276124	0.0195686762	3	Ambroxol	LSM-3260	CYP3A4	0.04uM	HT29	24h	LINCSCP_122631
LINCSCP_76587	-0.9995269677	0.01958202712	3	Lorcaserin HCl	LSM-45745	HTR2C	0.04uM	A375	24h	LINCSCP_76587
LINCSCP_19209	0.9995268494	0.01958447562	3	Verapamil	LSM-1298	CACNA1C|CACNA1D|CACNA1F|CACNA1G|CACNA1S	10uM	HCC515	24h	LINCSCP_19209
LINCSCP_109513	-0.9995265465	0.01959074454	3	Alisertib	LSM-37184	AURKA	0.12uM	HELA	24h	LINCSCP_109513
LINCSCP_206	-0.999526016	0.01960171711	3	Metrizamide	LSM-1575	NA	10uM	A375	24h	LINCSCP_206
LINCSCP_23425	0.9995259717	0.01960263256	3	KI8751	LSM-3040	KDR	10uM	HEPG2	24h	LINCSCP_23425
LINCSCP_71351	-0.9995259428	0.01960323066	3	ASC-J9	LSM-45642	NA	1.11uM	A375	24h	LINCSCP_71351
LINCSCP_180312	-0.9995244848	0.01963335543	3	SC-514	LSM-2579	IKBKB	10uM	A375	6h	LINCSCP_180312
LINCSCP_12351	-0.999524476	0.01963353669	3	TWS 119	LSM-1111	GSK3B	0.1uM	BT20	6h	LINCSCP_12351
LINCSCP_13818	0.9995242749	0.01963768795	3	PI828	LSM-4198	NA	10uM	HA1E	24h	LINCSCP_13818
LINCSCP_47988	0.9995235697	0.01965223886	3	BRD-K55113501-001-01-2	LSM-5656	NA	10uM	PC3	6h	LINCSCP_47988
LINCSCP_7974	-0.9995230349	0.01966326752	3	BRD-K48036219	LSM-39937	NA	10uM	A549	6h	LINCSCP_7974
LINCSCP_47241	0.9995226963	0.01967024581	3	MLS000589843	LSM-43120	NA	10uM	PC3	6h	LINCSCP_47241
LINCSCP_64200	-0.9995226345	0.01967151889	3	BRD-K57073585	LSM-14868	NA	5uM	VCAP	24h	LINCSCP_64200
LINCSCP_74922	-0.9995224625	0.01967506363	3	ETOPOSIDE	LSM-6348	TOP2A|TOP2B	0.12uM	A375	24h	LINCSCP_74922
LINCSCP_67615	-0.9995223522	0.01967733556	3	13-Hydroxy-8,14,19-trimethoxy-4,10,12,16-tetramethyl-3,20,22-trioxo-2-azabicyclo[16.3.1]docosa-1(21),4,6,10,18-pentaen-9-yl carbamate	LSM-42815	HSP90AA1	10uM	MCF7	6h	LINCSCP_67615
LINCSCP_69728	0.9995223088	0.01967823019	3	CGP 60474	LSM-1025	CDK1	1.11uM	A375	24h	LINCSCP_69728
LINCSCP_66937	0.9995222404	0.01967963951	3	13-Hydroxy-8,14,19-trimethoxy-4,10,12,16-tetramethyl-3,20,22-trioxo-2-azabicyclo[16.3.1]docosa-1(21),4,6,10,18-pentaen-9-yl carbamate	LSM-42815	HSP90AA1	10uM	HCC515	6h	LINCSCP_66937
LINCSCP_151589	-0.9995220452	0.01968365982	3	Dacomitinib	LSM-42808	EGFR|ERBB2|ERBB3|ERBB4	10uM	PC3	24h	LINCSCP_151589
LINCSCP_165622	0.9995219439	0.01968574474	3	GSK-461364	LSM-1013	PLK1	10uM	SKL	24h	LINCSCP_165622
LINCSCP_156355	0.9995217313	0.01969012178	3	179324-69-7	LSM-6281	ADRM1|PSMA1|PSMA2|PSMA3|PSMA4|PSMA5|PSMA6|PSMA7|PSMA8|PSMB1|PSMB10|PSMB11|PSMB2|PSMB3|PSMB4|PSMB5|PSMB6|PSMB7|PSMB8|PSMB9|PSMC1|PSMC2|PSMC3|PSMC4|PSMC5|PSMC6|PSMD1|PSMD11|PSMD12|PSMD13|PSMD14|PSMD2|PSMD3|PSMD4|PSMD6|PSMD7|PSMD8|SEM1	20uM	PC3	24h	LINCSCP_156355
LINCSCP_48700	-0.9995204991	0.01971547284	3	BRD-K84023371	LSM-15058	NA	0.01uM	PC3	6h	LINCSCP_48700
LINCSCP_150088	0.9995202398	0.01972080299	3	I-BET151	LSM-6335	NA	3.33uM	NPC.TAK	24h	LINCSCP_150088
LINCSCP_18647	0.9995195985	0.01973398049	3	Thiocolchicoside	LSM-1316	NA	10uM	HCC515	6h	LINCSCP_18647
LINCSCP_1930	0.9995192559	0.01974101595	3	Pizotyline	LSM-3695	HTR2A|HTR2C	10uM	A375	6h	LINCSCP_1930
LINCSCP_168671	0.9995187374	0.01975165956	3	Gallopamil	LSM-21596	NA	0.12uM	YAPC	24h	LINCSCP_168671
LINCSCP_37593	0.9995186165	0.01975414157	3	SA-1458163	LSM-36821	NA	10uM	MCF7	6h	LINCSCP_37593
LINCSCP_10667	0.9995185237	0.01975604554	3	pyrvinium-pamoate	NA	AR	10uM	AGS	6h	LINCSCP_10667
LINCSCP_99751	-0.9995179292	0.0197682388	3	GSK-3 Inhibitor IX	LSM-42780	NA	3.33uM	HCC515	24h	LINCSCP_99751
LINCSCP_1635	0.9995176885	0.01977317437	3	MLS002264386	LSM-3916	NA	10uM	A375	6h	LINCSCP_1635
LINCSCP_18895	-0.9995170114	0.01978704928	3	Cycloheximide	LSM-2791	RPL3	10uM	HCC515	24h	LINCSCP_18895
LINCSCP_180581	-0.9995164894	0.01979773964	3	BRD-K60757524	LSM-6134	NA	10uM	A375	6h	LINCSCP_180581
LINCSCP_85752	0.9995161751	0.01980417404	3	13-Hydroxy-8,14,19-trimethoxy-4,10,12,16-tetramethyl-3,20,22-trioxo-2-azabicyclo[16.3.1]docosa-1(21),4,6,10,18-pentaen-9-yl carbamate	LSM-42815	HSP90AA1	10uM	BT20	3h	LINCSCP_85752
LINCSCP_55990	-0.9995155229	0.01981751993	3	MDL-28170	LSM-2958	CAPN1|CTSB	10uM	VCAP	24h	LINCSCP_55990
LINCSCP_146597	0.9995150048	0.01982811323	3	FR-180204	LSM-42790	MAPK1|MAPK3	10uM	NEU	24h	LINCSCP_146597
LINCSCP_113409	0.9995147235	0.01983386412	3	Palbociclib	LSM-1071	CCND1|CDK4|CDK6	10uM	HME1	3h	LINCSCP_113409
LINCSCP_187619	-0.9995143238	0.01984203104	3	Thioridazine	LSM-1863	DRD1|DRD2|DRD3|DRD4|HTR2A|HTR2C	10uM	A549	24h	LINCSCP_187619
LINCSCP_55078	0.9995142611	0.01984331073	3	BRD-8899	LSM-29350	NA	0.001uM	THP1	24h	LINCSCP_55078
LINCSCP_43467	-0.9995142293	0.0198439608	3	BG-1018	LSM-37136	NA	10uM	NPC	24h	LINCSCP_43467
LINCSCP_137948	-0.9995136892	0.01985499117	3	Guanadrel	LSM-43257	SLC6A2	1.11uM	MCF7	24h	LINCSCP_137948
LINCSCP_58899	-0.9995136658	0.01985546788	3	Pictilisib	LSM-1047	PIK3CA|PIK3CB|PIK3CD|PIK3CG|PIK3R1|PIK3R2|PIK3R3|PIK3R5	10uM	VCAP	24h	LINCSCP_58899
LINCSCP_125557	0.9995134345	0.01986018967	3	PF-03814735	LSM-45437	NA	0.37uM	HT29	24h	LINCSCP_125557
LINCSCP_65	0.9995131594	0.01986580348	3	Chlorthalidone	LSM-1417	CA7|SLC12A3	10uM	A375	6h	LINCSCP_65
LINCSCP_62027	-0.9995123243	0.01988283683	3	BRD-K66185487	LSM-12465	NA	5uM	VCAP	24h	LINCSCP_62027
LINCSCP_145606	-0.9995114262	0.01990113662	3	QL47	LSM-6019	BMX|BTK	1.11uM	MDAMB231	24h	LINCSCP_145606
LINCSCP_310202	-0.9995113267	0.01990316402	3	ST51005413	LSM-4948	NA	30uM	VCAP	6h	LINCSCP_310202
LINCSCP_9561	-0.999511256	0.0199046032	3	Gemcitabine	LSM-5333	POLA1|POLD1|POLE|RRM1|RRM2|RRM2B	0.5uM	A549	6h	LINCSCP_9561
LINCSCP_118676	-0.999509803	0.0199341709	3	Ivabradine HCl	LSM-45499	NA	0.04uM	HT29	24h	LINCSCP_118676
LINCSCP_77489	-0.9995097134	0.01993599253	3	BRD-A98888159	LSM-45917	NA	10uM	A375	24h	LINCSCP_77489
LINCSCP_51037	-0.9995094455	0.01994143993	3	CYTO7H11	LSM-4351	BAX	10uM	RMUGS	6h	LINCSCP_51037
LINCSCP_167827	-0.9995091636	0.0199471684	3	3-Aminobenzamide	LSM-4525	NA	0.04uM	YAPC	24h	LINCSCP_167827
LINCSCP_32798	-0.9995088512	0.01995351698	3	THZ-2-98-01	LSM-42738	NA	10uM	MCF7	6h	LINCSCP_32798
LINCSCP_132713	0.9995087101	0.01995638198	3	GSK-1904529A	LSM-1134	IGF1R|INSR	10uM	MCF7	24h	LINCSCP_132713
LINCSCP_147585	-0.9995075542	0.01997984724	3	Doramapimod	LSM-1170	MAPK11|MAPK12|MAPK14	3.33uM	NPC.CAS9	24h	LINCSCP_147585
LINCSCP_505	-0.9995074726	0.019981502	3	Zonisamide	LSM-3062	CA1|CA12|CA7|SCN11A|SCN1A|SCN2A|SCN3A|SCN4A|SCN5A|SCN9A	10uM	A375	6h	LINCSCP_505
LINCSCP_294404	-0.9995069388	0.01999232936	3	BRD-K69406317-001-01-8	LSM-41049	NA	10uM	VCAP	24h	LINCSCP_294404
LINCSCP_137809	-0.9995065436	0.02000033991	3	CX-5461	LSM-6342	NA	3.33uM	MCF7	24h	LINCSCP_137809
LINCSCP_68444	-0.999506268	0.0200059238	3	Genistein	LSM-5549	CFTR|ESR2	10uM	VCAP	6h	LINCSCP_68444
LINCSCP_81392	-0.9995062524	0.02000624026	3	GW843682X	LSM-1014	PLK1|PLK3	0.12uM	A549	24h	LINCSCP_81392
LINCSCP_19931	-0.9995061193	0.02000893739	3	MLS002264419	LSM-3651	NA	10uM	HCC515	6h	LINCSCP_19931
LINCSCP_161354	0.9995060737	0.0200098604	3	Pimecrolimus	LSM-45937	FKBP1A	10uM	PC3	24h	LINCSCP_161354
LINCSCP_174833	-0.999505569	0.02002008168	3	REGADENOSON	LSM-45927	NA	10uM	YAPC	24h	LINCSCP_174833
LINCSCP_108443	-0.9995046247	0.02003919262	3	Loratadine	LSM-5891	HRH1	10uM	HELA	24h	LINCSCP_108443
LINCSCP_94394	-0.9995043142	0.02004547254	3	ABT737	LSM-1180	BCL2|BCL2L1|BCL2L2	10uM	HA1E	24h	LINCSCP_94394
LINCSCP_163407	0.9995041708	0.0200483715	3	Dactolisib	LSM-4255	MTOR|PIK3CA|PIK3CB|PIK3CD|PIK3CG|PIK3R1|PIK3R2|PIK3R3|PIK3R5	0.12uM	SKBR3	3h	LINCSCP_163407
LINCSCP_30747	-0.9995034824	0.02006228646	3	Arachidonyl Trifluoromethylketone	LSM-43275	PLA2G4A	80uM	MCF7	6h	LINCSCP_30747
LINCSCP_147155	-0.9995032252	0.02006748101	3	N-(3-Fluoro-4-((7-methoxyquinolin-4-yl)oxy)phenyl)-1-(2-hydroxy-2-methylpropyl)-5-methyl-3-oxo-2-phenyl-2,3-dihydro-1H-pyrazole-4-carboxamide	LSM-1113	NA	3.33uM	NEU	24h	LINCSCP_147155
LINCSCP_15008	0.9995022949	0.02008626469	3	SPECTRUM_000011	LSM-1767	NA	10uM	HA1E	24h	LINCSCP_15008
LINCSCP_39529	-0.9995019475	0.0200932743	3	GSK-1904529A	LSM-1134	IGF1R|INSR	10uM	MDAMB231	6h	LINCSCP_39529
LINCSCP_195640	-0.999501908	0.0200940713	3	BRD-K39629581	LSM-10836	NA	5uM	A549	24h	LINCSCP_195640
LINCSCP_63110	-0.9995017945	0.02009636139	3	BRD-K71225733	LSM-12779	NA	5uM	VCAP	24h	LINCSCP_63110
LINCSCP_143105	0.9995013064	0.02010620242	3	Sildenafil	LSM-3797	PDE5A	10uM	MCF7	24h	LINCSCP_143105
LINCSCP_30278	0.9995012513	0.02010731396	3	Hymecromone	LSM-3025	MAOA|MAOB	10uM	MCF7	24h	LINCSCP_30278
LINCSCP_117606	-0.999501152	0.02010931666	3	SCHEMBL16980224	LSM-1092	AURKA	0.37uM	HT29	24h	LINCSCP_117606
LINCSCP_12701	-0.9995000154	0.02013221369	3	M3M3FBS	LSM-2196	PLCB2|PLCB3|PLCD1|PLCG1|PLCG2	80uM	COV644	6h	LINCSCP_12701
LINCSCP_151245	-0.9994996811	0.02013894366	3	C24H25CLFN5O3	LSM-42794	EGFR|ERBB2|ERBB4	1.11uM	PC3	24h	LINCSCP_151245
LINCSCP_74100	0.9994992712	0.02014719263	3	MBX-2982	LSM-45394	NA	10uM	A375	24h	LINCSCP_74100
LINCSCP_67881	0.9994986176	0.02016033853	3	Vorinostat	LSM-3828	HDAC1|HDAC2|HDAC3|HDAC6|HDAC8	10uM	PC3	6h	LINCSCP_67881
LINCSCP_83500	0.9994981613	0.02016951094	3	GSK 525762A	LSM-6334	NA	0.12uM	ASC.C	24h	LINCSCP_83500
LINCSCP_13525	0.9994979825	0.02017310344	3	Cerulenin	LSM-43210	FASN	40uM	H1299	6h	LINCSCP_13525
LINCSCP_137609	-0.9994975172	0.02018245048	3	BRD-A69421747	LSM-45546	NA	0.04uM	MCF7	24h	LINCSCP_137609
LINCSCP_56356	-0.9994974171	0.02018446114	3	SPECTRUM_000080	LSM-1248	NR3C1	10uM	VCAP	24h	LINCSCP_56356
LINCSCP_66925	0.9994966057	0.0202007498	3	Wortmannin	LSM-3947	PIK3CA|PIK3CG|PLK1	10uM	HCC515	6h	LINCSCP_66925
LINCSCP_28873	0.9994957572	0.02021776912	3	Strophanthidin	LSM-3891	ATP1A1	5uM	HUH7	24h	LINCSCP_28873
LINCSCP_5263	-0.9994951045	0.02023085135	3	MLS002699818	LSM-2918	NA	10uM	A549	6h	LINCSCP_5263
LINCSCP_39926	-0.9994949962	0.02023301973	3	SMER28	LSM-4523	NA	10uM	NCIH1836	6h	LINCSCP_39926
LINCSCP_25005	-0.9994944685	0.02024358946	3	Cucurbitacin-I	LSM-43115	JAK2|STAT3	10uM	HT115	6h	LINCSCP_25005
LINCSCP_76912	-0.9994941341	0.02025028471	3	Dienogest	LSM-45823	NA	10uM	A375	24h	LINCSCP_76912
LINCSCP_45205	-0.9994940832	0.02025130424	3	Pevonedistat	LSM-6263	NAE1|UBA3	10uM	PC3	6h	LINCSCP_45205
LINCSCP_47808	-0.9994939743	0.02025348371	3	Cyclophosphamide	LSM-4961	CYP2A6|CYP2B6|CYP2C18|CYP2C19|CYP2C8|CYP2C9|CYP2D6|CYP3A4|CYP3A5|CYP3A7	10uM	PC3	6h	LINCSCP_47808
LINCSCP_218228	0.9994939295	0.02025437879	3	Broad-Sai-560	LSM-45991	NA	3.33uM	HCC515	24h	LINCSCP_218228
LINCSCP_1516	-0.9994938873	0.0202552234	3	MLS003429132	LSM-42893	NA	10uM	A375	6h	LINCSCP_1516
LINCSCP_54676	-0.9994921591	0.02028977999	3	PKC Beta Inhibitor	LSM-4753	PRKCB	10uM	SW948	6h	LINCSCP_54676
LINCSCP_114540	-0.9994917059	0.02029883166	3	Dabrafenib	LSM-6303	BRAF	0.04uM	HME1	24h	LINCSCP_114540
LINCSCP_138539	0.9994914967	0.02030300936	3	Famotidine	LSM-5201	HRH2	0.04uM	MCF7	24h	LINCSCP_138539
LINCSCP_30069	-0.9994913963	0.02030501391	3	HMN-214	LSM-42802	CSF1R|FLT1|FLT3|FLT4|KDR|KIT|PDGFRB|RET	0.5uM	MCF10A	6h	LINCSCP_30069
LINCSCP_48970	-0.9994913706	0.02030552749	3	CHEMBL3188539	LSM-39509	NA	10uM	PC3	24h	LINCSCP_48970
LINCSCP_63370	0.9994910559	0.02031180903	3	BRD-K35769695	LSM-10575	NA	5uM	VCAP	24h	LINCSCP_63370
LINCSCP_28886	-0.9994904738	0.02032342107	3	362-74-3	LSM-1265	PRKACA	10uM	HUH7	6h	LINCSCP_28886
LINCSCP_87305	-0.9994899584	0.02033369836	3	JNJ-38877605	LSM-1157	MET	0.12uM	CD34	24h	LINCSCP_87305
LINCSCP_57016	-0.9994895191	0.0203424549	3	YK 4-279	LSM-4933	DHX9|FLI1	10uM	VCAP	6h	LINCSCP_57016
LINCSCP_124057	-0.9994893874	0.02034507882	3	Anagrelide	LSM-3380	PDE3A|PDE3B	1.11uM	HT29	24h	LINCSCP_124057
LINCSCP_29297	-0.9994892745	0.02034732825	3	BIBR-1532	LSM-43274	TERT	80uM	LOVO	6h	LINCSCP_29297
LINCSCP_61419	-0.999488997	0.02035285528	3	BRD-K19294102	LSM-9588	NA	5uM	VCAP	24h	LINCSCP_61419
LINCSCP_97390	-0.9994887674	0.02035742666	3	HMN-214	LSM-42802	CSF1R|FLT1|FLT3|FLT4|KDR|KIT|PDGFRB|RET	0.04uM	HA1E	24h	LINCSCP_97390
LINCSCP_18477	-0.9994886871	0.02035902532	3	CHEMBL1201939	LSM-1399	HTR1B	10uM	HCC515	24h	LINCSCP_18477
LINCSCP_48870	-0.9994885505	0.0203617449	3	BRD-K24319052	LSM-15122	NA	10uM	PC3	6h	LINCSCP_48870
LINCSCP_124396	0.9994885284	0.02036218611	3	Taselisib	LSM-45140	PIK3CA|PIK3CB|PIK3CD|PIK3CG|PIK3R1|PIK3R2|PIK3R3|PIK3R5	0.04uM	HT29	24h	LINCSCP_124396
LINCSCP_175847	-0.9994882726	0.02036727836	3	Droperidol	LSM-4193	DRD2	0.37uM	YAPC	24h	LINCSCP_175847
LINCSCP_28748	0.9994878326	0.02037603257	3	Simvastatin	LSM-2492	HMGCR	10uM	HUH7	24h	LINCSCP_28748
LINCSCP_39233	-0.9994876006	0.02038064725	3	Tivozanib	LSM-1005	FLT1|FLT4|KDR|KIT|PDGFRA|PDGFRB	1uM	MDAMB231	6h	LINCSCP_39233
LINCSCP_61379	-0.9994874758	0.02038312855	3	BRD-K82462147	LSM-13465	NA	5uM	VCAP	6h	LINCSCP_61379
LINCSCP_116884	-0.9994871481	0.02038964601	3	Tivantinib	LSM-1131	MET	0.37uM	HT29	24h	LINCSCP_116884
LINCSCP_175962	-0.9994870325	0.02039194356	3	MG-132	LSM-1107	PSMB1	20uM	YAPC	24h	LINCSCP_175962
LINCSCP_154614	0.9994867309	0.02039793815	3	Eplerenone	LSM-42771	NR3C2	10uM	PC3	24h	LINCSCP_154614
LINCSCP_217271	0.9994865396	0.02040173885	3	BRD-K51556300-001-01-9	LSM-40116	NA	10uM	HCC515	6h	LINCSCP_217271
LINCSCP_81764	-0.9994862268	0.02040795343	3	SB-216763	LSM-1161	GSK3B	3.33uM	A549	24h	LINCSCP_81764
LINCSCP_34959	0.9994861147	0.02041017914	3	BRD-K55149044	LSM-6839	NA	5uM	MCF7	24h	LINCSCP_34959
LINCSCP_91017	0.9994851484	0.02042936118	3	APD668	LSM-45930	NA	3.33uM	HA1E	24h	LINCSCP_91017
LINCSCP_67724	-0.9994847234	0.02043779219	3	Vorinostat	LSM-3828	HDAC1|HDAC2|HDAC3|HDAC6|HDAC8	10uM	NEU	6h	LINCSCP_67724
LINCSCP_81599	-0.9994840064	0.02045200789	3	CHEMBL585951	LSM-36386	MAPK8	1.11uM	A549	24h	LINCSCP_81599
LINCSCP_292766	-0.9994830479	0.02047099707	3	CHEMBL1882023	LSM-2385	NA	10uM	VCAP	24h	LINCSCP_292766
LINCSCP_18728	-0.9994819195	0.02049332919	3	Hippeastrine	LSM-3588	NA	10uM	HCC515	6h	LINCSCP_18728
LINCSCP_50017	0.9994815378	0.02050087745	3	SCHEMBL11184005	LSM-1791	PTGS1|PTGS2	10uM	PHH	24h	LINCSCP_50017
LINCSCP_88182	0.9994811437	0.02050866779	3	ZSTK 474	LSM-1053	PIK3CG	3.33uM	HA1E	24h	LINCSCP_88182
LINCSCP_61402	0.9994806943	0.02051754796	3	BRD-K04086909	LSM-8681	NA	5uM	VCAP	24h	LINCSCP_61402
LINCSCP_51184	0.9994801492	0.02052831468	3	AC1LWZG4	LSM-2387	NA	10uM	RMUGS	6h	LINCSCP_51184
LINCSCP_44009	0.9994792346	0.0205463674	3	BIO2_000029	LSM-2270	NA	10uM	PC3	24h	LINCSCP_44009
LINCSCP_102380	0.9994788922	0.02055312006	3	Odanacatib (MK-0822)	LSM-45851	CTSK	0.04uM	HELA	24h	LINCSCP_102380
LINCSCP_14798	-0.9994782998	0.02056480007	3	N-[4-(Acridin-9-ylmethyl)-3-methoxyphenyl]methanesulfonamide	LSM-4221	TOP2A	10uM	HA1E	24h	LINCSCP_14798
LINCSCP_52015	0.9994782669	0.02056544894	3	Canertinib	LSM-1120	EGFR|ERBB2|ERBB4	0.1uM	SKBR3	6h	LINCSCP_52015
LINCSCP_2632	0.9994759155	0.0206117445	3	Erythromycin	LSM-3416	MLNR	10uM	A375	6h	LINCSCP_2632
LINCSCP_110681	-0.9994754362	0.02062116838	3	Ranolazine	LSM-1952	SCN4A|SCN5A|SCN9A	0.12uM	HELA	24h	LINCSCP_110681
LINCSCP_22728	0.99947521	0.02062561428	3	L741,626	LSM-2088	DRD2	10uM	HEPG2	6h	LINCSCP_22728
LINCSCP_2877	0.9994745038	0.02063948823	3	6-(4-Hydroxy-6-methoxy-7-methyl-3-oxo-1H-2-benzofuran-5-yl)-4-methylhex-4-enoic acid	LSM-2681	IMPDH1|IMPDH2	10uM	A375	6h	LINCSCP_2877
LINCSCP_154274	0.9994744175	0.02064118302	3	301836-43-1	LSM-1203	CSNK1A1|TGFB1	1.11uM	PC3	24h	LINCSCP_154274
LINCSCP_26112	-0.9994731788	0.02066549396	3	CHEMBL3185651	LSM-3257	NA	10uM	HT29	6h	LINCSCP_26112
LINCSCP_64623	0.999472844	0.02067206007	3	BRD-K17180926	LSM-38179	NA	10uM	VCAP	24h	LINCSCP_64623
LINCSCP_34929	-0.9994714039	0.02070028091	3	BRD-K56975856	LSM-11878	NA	5uM	MCF7	24h	LINCSCP_34929
LINCSCP_214850	-0.9994703103	0.02072168353	3	SCHEMBL12187882	LSM-2029	PTPN1|PTPN11	10uM	HCC515	6h	LINCSCP_214850
LINCSCP_158220	-0.9994702133	0.02072358169	3	Ivacaftor (VX-770)	LSM-45975	CFTR	0.37uM	PC3	24h	LINCSCP_158220
LINCSCP_110247	-0.9994698844	0.02073001519	3	179324-69-7	LSM-6281	ADRM1|PSMA1|PSMA2|PSMA3|PSMA4|PSMA5|PSMA6|PSMA7|PSMA8|PSMB1|PSMB10|PSMB11|PSMB2|PSMB3|PSMB4|PSMB5|PSMB6|PSMB7|PSMB8|PSMB9|PSMC1|PSMC2|PSMC3|PSMC4|PSMC5|PSMC6|PSMD1|PSMD11|PSMD12|PSMD13|PSMD14|PSMD2|PSMD3|PSMD4|PSMD6|PSMD7|PSMD8|SEM1	20uM	HELA	24h	LINCSCP_110247
LINCSCP_178653	0.9994693847	0.02073978242	3	Itrazole	LSM-5032	NA	10uM	A375	6h	LINCSCP_178653
LINCSCP_54543	0.9994677809	0.02077110593	3	ST021200	LSM-4601	NA	10uM	SW948	6h	LINCSCP_54543
LINCSCP_106831	-0.999466752	0.02079117479	3	MG-132	LSM-1107	PSMB1	20uM	HELA	24h	LINCSCP_106831
LINCSCP_214960	-0.9994663953	0.02079812777	3	Dipyridamole	LSM-3927	ADA|PDE10A|PDE1A|PDE1B|PDE1C|PDE2A|PDE3A|PDE3B|PDE4A|PDE4B|PDE4C|PDE4D|PDE5A|PDE6A|PDE6B|PDE6C|PDE6D|PDE6G|PDE6H|PDE7A|PDE7B|PDE8A|PDE8B|PDE9A|SLC29A1	10uM	HCC515	6h	LINCSCP_214960
LINCSCP_86428	-0.9994653408	0.02081867094	3	Selumetinib	LSM-1056	MAP2K1|MAP2K2	0.12uM	BT20	3h	LINCSCP_86428
LINCSCP_125866	0.9994651916	0.02082157543	3	LACOSAMIDE	LSM-45385	SCN10A|SCN11A|SCN1A|SCN2A|SCN3A|SCN4A|SCN5A|SCN7A|SCN8A|SCN9A	10uM	HT29	24h	LINCSCP_125866
LINCSCP_53292	0.9994637846	0.02084894936	3	AC1NXRFO	LSM-43270	NA	40uM	SKMEL1	6h	LINCSCP_53292
LINCSCP_18000	-0.9994634019	0.0208563884	3	84215-10-1	LSM-3529	CALM2	10uM	HCC515	24h	LINCSCP_18000
LINCSCP_150911	0.9994633209	0.02085796258	3	NVP-AUY922	LSM-1162	NA	0.12uM	PC3	24h	LINCSCP_150911
LINCSCP_67949	0.9994630846	0.02086255387	3	13-Hydroxy-8,14,19-trimethoxy-4,10,12,16-tetramethyl-3,20,22-trioxo-2-azabicyclo[16.3.1]docosa-1(21),4,6,10,18-pentaen-9-yl carbamate	LSM-42815	HSP90AA1	10uM	PC3	24h	LINCSCP_67949
LINCSCP_127413	-0.999463003	0.02086413969	3	179324-69-7	LSM-6281	ADRM1|PSMA1|PSMA2|PSMA3|PSMA4|PSMA5|PSMA6|PSMA7|PSMA8|PSMB1|PSMB10|PSMB11|PSMB2|PSMB3|PSMB4|PSMB5|PSMB6|PSMB7|PSMB8|PSMB9|PSMC1|PSMC2|PSMC3|PSMC4|PSMC5|PSMC6|PSMD1|PSMD11|PSMD12|PSMD13|PSMD14|PSMD2|PSMD3|PSMD4|PSMD6|PSMD7|PSMD8|SEM1	20uM	HT29	24h	LINCSCP_127413
LINCSCP_270438	-0.9994617976	0.02088754534	3	CHEMBL1290246	LSM-4524	NA	10uM	PC3	6h	LINCSCP_270438
LINCSCP_148121	0.9994617208	0.0208890355	3	CGP 60474	LSM-1025	CDK1	0.37uM	NPC.CAS9	24h	LINCSCP_148121
LINCSCP_154821	0.9994615228	0.02089287875	3	MG-132	LSM-1107	PSMB1	20uM	PC3	24h	LINCSCP_154821
LINCSCP_3176	-0.9994610772	0.02090152179	3	BRD-K18396390	LSM-38254	NA	5uM	A375	24h	LINCSCP_3176
LINCSCP_50995	-0.9994610365	0.02090231047	3	N9-Isopropylolomoucine	LSM-3607	CDK1|CDK5	100uM	RMGI	6h	LINCSCP_50995
LINCSCP_160869	-0.9994609423	0.0209041368	3	Duloxetine	LSM-3591	SLC6A2|SLC6A3|SLC6A4	3.33uM	PC3	24h	LINCSCP_160869
LINCSCP_171735	0.9994607149	0.02090854711	3	Cabozantinib	LSM-1195	KDR|MET	3.33uM	YAPC	24h	LINCSCP_171735
LINCSCP_76300	-0.9994594264	0.02093351287	3	Tiagabine	LSM-5700	SLC6A1	0.12uM	A375	24h	LINCSCP_76300
LINCSCP_735	-0.9994593245	0.02093548519	3	Phenoxazine	LSM-4657	NA	10uM	A375	24h	LINCSCP_735
LINCSCP_31235	-0.999459305	0.02093586351	3	CHEMBL3182318	LSM-1792	NA	10uM	MCF7	6h	LINCSCP_31235
LINCSCP_34446	-0.9994588021	0.02094559699	3	Tenatoprazole	LSM-5052	IDO1	10uM	MCF7	24h	LINCSCP_34446
LINCSCP_169134	0.9994586978	0.02094761595	3	MG-132	LSM-1107	PSMB1	20uM	YAPC	24h	LINCSCP_169134
LINCSCP_176623	0.999458519	0.02095107664	3	Dexamethasone Acetate	LSM-1915	NR3C1	10uM	A375	6h	LINCSCP_176623
LINCSCP_90823	0.9994584358	0.02095268626	3	LCL161	LSM-45968	NA	0.04uM	HA1E	24h	LINCSCP_90823
LINCSCP_36820	0.9994583819	0.0209537277	3	JNK-IN-2	LSM-43288	IRAK1	0.5uM	MCF7	24h	LINCSCP_36820
LINCSCP_80657	-0.99945834	0.02095453796	3	Mycophenolate Mofetil	LSM-43041	IMPDH1|IMPDH2	0.04uM	A375	24h	LINCSCP_80657
LINCSCP_115169	0.9994582893	0.02095551946	3	WZ3105	LSM-5970	CLK2|CSNK1E|FLT3|ULK1	0.04uM	HS578T	3h	LINCSCP_115169
LINCSCP_27177	-0.9994578703	0.0209636228	3	CHEMBL2137336	LSM-37457	NA	10uM	HT29	6h	LINCSCP_27177
LINCSCP_41080	-0.9994578566	0.02096388729	3	BRD-K09459434	LSM-37770	NA	10uM	NEU	24h	LINCSCP_41080
LINCSCP_70593	-0.9994571853	0.02097686339	3	844499-71-4	LSM-1175	NA	0.37uM	A375	24h	LINCSCP_70593
LINCSCP_165823	-0.9994570106	0.02098024031	3	I-BET151	LSM-6335	NA	0.37uM	SKL	24h	LINCSCP_165823
LINCSCP_58370	-0.9994545279	0.02102815303	3	MLS-0435555.0001	LSM-4876	NA	10uM	VCAP	24h	LINCSCP_58370
LINCSCP_175901	-0.9994533782	0.02105030393	3	Sertaconazole	LSM-1938	NA	0.37uM	YAPC	24h	LINCSCP_175901
LINCSCP_1293	-0.9994530599	0.02105643218	3	MLS000033898	LSM-2342	NA	10uM	A375	6h	LINCSCP_1293
LINCSCP_156998	0.9994517743	0.02108116705	3	Mepivacaine	LSM-4306	SCN10A|SCN11A|SCN1A|SCN2A|SCN3A|SCN4A|SCN5A|SCN7A|SCN8A|SCN9A	1.11uM	PC3	24h	LINCSCP_156998
LINCSCP_85218	0.9994504971	0.02110571272	3	LDN 193189	LSM-1115	ACVR1|BMPR1A	10uM	BT20	24h	LINCSCP_85218
LINCSCP_43054	-0.9994503543	0.02110845454	3	BRD-K79657514	LSM-13292	NA	10uM	NPC	24h	LINCSCP_43054
LINCSCP_38644	0.9994500417	0.02111445715	3	Estriol	LSM-2368	ESR1|ESR2	0.04uM	MCF7	24h	LINCSCP_38644
LINCSCP_54153	-0.9994500373	0.02111454011	3	ALDA 1	LSM-6212	ALDH2	40uM	SW620	6h	LINCSCP_54153
LINCSCP_117180	0.9994495852	0.02112321955	3	OTSSP167	LSM-6340	NA	0.04uM	HT29	24h	LINCSCP_117180
LINCSCP_19214	0.9994495117	0.02112463004	3	Sirolimus	LSM-42782	FKBP1A|MTOR	10uM	HCC515	24h	LINCSCP_19214
LINCSCP_66468	0.999448635	0.0211414448	3	LY-294002	LSM-2597	MTOR|PIK3CA|PIK3CB|PIK3CD|PIK3CG|PLK1|PRKDC	10uM	A375	24h	LINCSCP_66468
LINCSCP_33664	-0.9994483116	0.02114764564	3	1991-52-2	LSM-4747	NA	10uM	MCF7	24h	LINCSCP_33664
LINCSCP_22920	-0.9994476338	0.02116063302	3	H89	LSM-42924	PRKACA	10uM	HEPG2	6h	LINCSCP_22920
LINCSCP_165558	-0.9994471657	0.02116959895	3	PD-0325901	LSM-1101	MAP2K1|MAP2K2	1.11uM	SKL	24h	LINCSCP_165558
LINCSCP_28060	-0.9994469381	0.02117395702	3	BRD-K00859238	LSM-37331	NA	5uM	HT29	24h	LINCSCP_28060
LINCSCP_51156	-0.9994468517	0.02117560971	3	SRT-1720	LSM-42691	SIRT1	10uM	RMUGS	6h	LINCSCP_51156
LINCSCP_44024	0.9994464835	0.02118265659	3	D-64406	LSM-2606	NA	10uM	PC3	24h	LINCSCP_44024
LINCSCP_39979	-0.9994460307	0.02119131971	3	TH02453-036-P1	LSM-6273	NA	10uM	NCIH1836	6h	LINCSCP_39979
LINCSCP_23809	0.9994460067	0.02119178019	3	Trichostatin A, Streptomyces Sp.	LSM-42814	HDAC1|HDAC10|HDAC3|HDAC4|HDAC6|HDAC7|HDAC8	0.04uM	HEPG2	24h	LINCSCP_23809
LINCSCP_26000	-0.9994452714	0.02120583996	3	AG 14361	LSM-1988	PARP1	10uM	HT29	6h	LINCSCP_26000
LINCSCP_234947	-0.9994451792	0.02120760214	3	QL47	LSM-6019	BMX|BTK	0.5uM	MCF10A	24h	LINCSCP_234947
LINCSCP_36931	-0.9994450943	0.02120922452	3	PD-0325901	LSM-1101	MAP2K1|MAP2K2	0.1uM	MCF7	6h	LINCSCP_36931
LINCSCP_110945	-0.9994448046	0.02121476076	3	Hesperidin	LSM-45813	NA	0.12uM	HELA	24h	LINCSCP_110945
LINCSCP_27911	-0.999444386	0.02122275873	3	BRD-K44833108	LSM-39752	NA	5uM	HT29	24h	LINCSCP_27911
LINCSCP_51282	-0.9994439027	0.0212319876	3	SB590885	LSM-42746	BRAF	10uM	SKBR3	24h	LINCSCP_51282
LINCSCP_31889	0.9994433575	0.02124239442	3	BAS 00535043	LSM-44976	NA	10uM	MCF7	24h	LINCSCP_31889
LINCSCP_294387	-0.9994432079	0.02124524826	3	BRD-K61529775	LSM-40633	NA	10uM	VCAP	24h	LINCSCP_294387
LINCSCP_68108	0.9994431378	0.02124658567	3	Trichostatin A, Streptomyces Sp.	LSM-42814	HDAC1|HDAC10|HDAC3|HDAC4|HDAC6|HDAC7|HDAC8	1uM	PC3	6h	LINCSCP_68108
LINCSCP_132547	0.9994429474	0.02125021827	3	AZD-8055	LSM-1007	MTOR	1.11uM	MCF7	24h	LINCSCP_132547
LINCSCP_120919	-0.9994425006	0.02125873896	3	KX2-391	LSM-45890	SRC	1.11uM	HT29	24h	LINCSCP_120919
LINCSCP_28314	-0.999441916	0.02126988282	3	BRD-K93763482	LSM-14184	NA	10uM	HT29	24h	LINCSCP_28314
LINCSCP_49785	0.9994412272	0.02128300576	3	Temozolomide	LSM-4590	MGMT	0.01uM	PC3	6h	LINCSCP_49785
LINCSCP_52648	-0.9994398567	0.0213090936	3	Cephaeline	LSM-3808	NA	10uM	SKB	24h	LINCSCP_52648
LINCSCP_36091	-0.9994391321	0.02132287198	3	XAV 939	LSM-5303	TNKS|TNKS2	0.01uM	MCF7	6h	LINCSCP_36091
LINCSCP_150364	-0.9994389187	0.02132692946	3	BAY 61-3606	LSM-1167	SYK	3.33uM	NPC.TAK	24h	LINCSCP_150364
LINCSCP_144572	-0.9994384147	0.02133650609	3	Vitamin B12	LSM-46022	NA	0.37uM	MCF7	24h	LINCSCP_144572
LINCSCP_11789	0.9994364345	0.02137409406	3	AZD-8055	LSM-1007	MTOR	10uM	BT20	24h	LINCSCP_11789
LINCSCP_46626	0.9994363688	0.02137534099	3	Ispinesib	LSM-5732	KIF11	10uM	PC3	6h	LINCSCP_46626
LINCSCP_145558	0.9994362476	0.02137763927	3	ZSTK 474	LSM-1053	PIK3CG	1.11uM	MDAMB231	24h	LINCSCP_145558
LINCSCP_151135	0.9994361486	0.02137951591	3	GSK 1059615	LSM-42799	PIK3CA|PIK3CB|PIK3CD|PIK3CG	10uM	PC3	24h	LINCSCP_151135
LINCSCP_57695	0.9994360806	0.02138080438	3	VU0418939-2	LSM-3547	NA	10uM	VCAP	6h	LINCSCP_57695
LINCSCP_311974	-0.9994345297	0.02141018764	3	BRD-K16026651	LSM-38109	NA	10uM	VCAP	24h	LINCSCP_311974
LINCSCP_4410	0.9994343369	0.0214138384	3	Dipropyldopamine	LSM-3854	NA	10uM	A549	6h	LINCSCP_4410
LINCSCP_87010	-0.9994342624	0.02141524839	3	Azacitidine	LSM-5218	DNMT1|DNMT3A	0.12uM	CD34	24h	LINCSCP_87010
LINCSCP_239494	-0.9994334719	0.02143020725	3	FPA1_000251	LSM-36713	NA	10uM	MCF7	24h	LINCSCP_239494
LINCSCP_102291	0.9994328826	0.02144135079	3	Tamatinib	LSM-1040	SYK	0.04uM	HELA	24h	LINCSCP_102291
LINCSCP_52702	-0.999431607	0.02146545346	3	CHEMBL198368	LSM-1382	SLC1A2	10uM	SKB	24h	LINCSCP_52702
LINCSCP_176380	-0.9994307774	0.02148111397	3	Allantoin	LSM-5190	NA	0.5uM	A375	24h	LINCSCP_176380
LINCSCP_135614	0.9994303484	0.02148920709	3	Prochlorperazine	LSM-2436	DRD2	10uM	MCF7	24h	LINCSCP_135614
LINCSCP_98103	-0.9994281933	0.02152982246	3	Rimantadine	LSM-5143	NA	10uM	HA1E	24h	LINCSCP_98103
LINCSCP_3849	-0.9994277821	0.02153756173	3	BRD-K52160314	LSM-45320	NA	10uM	A375	24h	LINCSCP_3849
LINCSCP_69840	-0.9994265335	0.02156104954	3	COT Inhibitor-2	LSM-1154	NA	10uM	A375	24h	LINCSCP_69840
LINCSCP_171788	-0.9994258138	0.02157457647	3	Tacedinaline	LSM-19036	HDAC1|HDAC10|HDAC11|HDAC2|HDAC3|HDAC4|HDAC5|HDAC6|HDAC7|HDAC8|HDAC9	1.11uM	YAPC	24h	LINCSCP_171788
LINCSCP_57390	-0.9994254979	0.02158051174	3	MLS000095184	LSM-2403	NA	10uM	VCAP	6h	LINCSCP_57390
LINCSCP_105714	-0.9994251208	0.02158759385	3	SR 33805 oxalate	LSM-45933	NA	0.37uM	HELA	24h	LINCSCP_105714
LINCSCP_47233	0.9994249865	0.02159011507	3	CHEMBL2360495	LSM-6811	NA	10uM	PC3	6h	LINCSCP_47233
LINCSCP_212535	0.9994232463	0.02162276323	3	Broad-Sai-595	LSM-45345	NA	5uM	HA1E	24h	LINCSCP_212535
LINCSCP_150114	-0.9994230029	0.02162732494	3	CX-5461	LSM-6342	NA	0.37uM	NPC.TAK	24h	LINCSCP_150114
LINCSCP_37205	-0.999422009	0.02164594601	3	CHEMBL2144678	LSM-42435	NA	0.5uM	MCF7	6h	LINCSCP_37205
LINCSCP_222223	0.9994218542	0.02164884484	3	BRD-A73513677	LSM-45325	NA	1uM	HL60	6h	LINCSCP_222223
LINCSCP_42939	-0.9994212811	0.02165957375	3	Parthenolide	LSM-43090	NA	10uM	NPC	24h	LINCSCP_42939
LINCSCP_199310	0.9994201911	0.02167996336	3	BRD-K43433419	LSM-39657	NA	5uM	A549	24h	LINCSCP_199310
LINCSCP_259733	0.9994199403	0.02168465214	3	(S)-2-Amino-3-(2,4-dihydroxyphenyl)propanoic acid	LSM-37021	NA	10uM	NEU	6h	LINCSCP_259733
LINCSCP_38942	-0.9994198764	0.02168584713	3	AT-7519	LSM-1004	CDK1|CDK10|CDK11B|CDK12|CDK13|CDK14|CDK15|CDK16|CDK17|CDK18|CDK19|CDK2|CDK20|CDK3|CDK4|CDK5|CDK6|CDK7|CDK8|CDK9	0.5uM	MDAMB231	24h	LINCSCP_38942
LINCSCP_13008	-0.9994197025	0.02168909715	3	3-(5-Hydroxy-3-benzo(b)thienyl)alanine	LSM-36853	NA	10uM	FIBRNPC	24h	LINCSCP_13008
LINCSCP_130624	0.9994190276	0.02170170797	3	TORIN-2	LSM-1080	MTOR	0.04uM	MCF10A	24h	LINCSCP_130624
LINCSCP_304096	-0.9994186852	0.02170810247	3	BRD-K86483825	LSM-13724	NA	5uM	VCAP	24h	LINCSCP_304096
LINCSCP_117759	-0.9994180319	0.02172029712	3	Alectinib	LSM-1202	ALK|RET	10uM	HT29	24h	LINCSCP_117759
LINCSCP_1042	-0.9994175399	0.02172947814	3	32703-82-5	LSM-4897	KIF11	40uM	A375	6h	LINCSCP_1042
LINCSCP_3700	0.9994166641	0.02174581072	3	BRD-K43253317	LSM-39647	NA	10uM	A375	24h	LINCSCP_3700
LINCSCP_156716	0.9994164023	0.02175068917	3	179324-69-7	LSM-6281	ADRM1|PSMA1|PSMA2|PSMA3|PSMA4|PSMA5|PSMA6|PSMA7|PSMA8|PSMB1|PSMB10|PSMB11|PSMB2|PSMB3|PSMB4|PSMB5|PSMB6|PSMB7|PSMB8|PSMB9|PSMC1|PSMC2|PSMC3|PSMC4|PSMC5|PSMC6|PSMD1|PSMD11|PSMD12|PSMD13|PSMD14|PSMD2|PSMD3|PSMD4|PSMD6|PSMD7|PSMD8|SEM1	20uM	PC3	24h	LINCSCP_156716
LINCSCP_29441	-0.9994160797	0.02175670152	3	SB590885	LSM-42746	BRAF	0.1uM	MCF10A	24h	LINCSCP_29441
LINCSCP_133457	-0.9994158912	0.02176021327	3	PHA-767491	LSM-6304	NA	0.37uM	MCF7	24h	LINCSCP_133457
LINCSCP_84016	-0.9994156131	0.02176539185	3	BCPP000194	LSM-1188	NA	10uM	ASC.C	24h	LINCSCP_84016
LINCSCP_68881	0.9994155456	0.02176665008	3	Wortmannin	LSM-3947	PIK3CA|PIK3CG|PLK1	1uM	VCAP	6h	LINCSCP_68881
LINCSCP_155537	0.9994155341	0.02176686415	3	MG-132	LSM-1107	PSMB1	20uM	PC3	24h	LINCSCP_155537
LINCSCP_11014	-0.9994150947	0.02177504609	3	SMR000217164	LSM-2440	NA	10uM	ASC	24h	LINCSCP_11014
LINCSCP_112449	-0.9994137676	0.02179973578	3	CHEMBL3347630	LSM-43292	NA	10uM	HEPG2	24h	LINCSCP_112449
LINCSCP_11311	-0.9994135611	0.02180357608	3	Dihydrosamidin	LSM-3429	NA	10uM	ASC	24h	LINCSCP_11311
LINCSCP_123857	0.9994135353	0.02180405652	3	Mirtazapine	LSM-1706	ADRA2A|ADRA2B|ADRA2C|HTR2A|HTR2C|HTR3A	10uM	HT29	24h	LINCSCP_123857
LINCSCP_36656	-0.9994134145	0.02180630114	3	WH-4-023	LSM-5613	ABL1|SRC	0.1uM	MCF7	6h	LINCSCP_36656
LINCSCP_136869	-0.99941297	0.02181456311	3	Baricitinib	LSM-6709	JAK1|JAK2	0.37uM	MCF7	24h	LINCSCP_136869
LINCSCP_40024	0.9994128727	0.02181637072	3	Manumycin-A	LSM-43075	FNTA|IKBKB	10uM	NCIH2073	6h	LINCSCP_40024
LINCSCP_254154	-0.9994124499	0.02182422471	3	CHEMBL2359857	LSM-6812	NA	0.5uM	MCF7	6h	LINCSCP_254154
LINCSCP_153816	-0.9994122118	0.02182864793	3	Salvinorin A	LSM-2433	OPRK1	10uM	PC3	24h	LINCSCP_153816
LINCSCP_146891	0.9994119065	0.02183431683	3	RG 108	LSM-6283	DNMT1	10uM	NEU	24h	LINCSCP_146891
LINCSCP_213032	-0.9994118511	0.02183534425	3	CHEMBL2359886	LSM-6824	NA	3.33uM	HA1E	24h	LINCSCP_213032
LINCSCP_10556	-0.9994115767	0.02184043846	3	Tolazamide	LSM-2699	ABCC8|KCNJ11	10uM	AGS	6h	LINCSCP_10556
LINCSCP_52743	-0.9994114642	0.02184252614	3	H89	LSM-42924	PRKACA	10uM	SKB	24h	LINCSCP_52743
LINCSCP_18019	-0.999410652	0.0218575951	3	PD-169316	LSM-3731	NA	10uM	HCC515	24h	LINCSCP_18019
LINCSCP_239168	0.9994105385	0.02185969942	3	Zucapsaicin	LSM-43179	TRPV1	10uM	MCF7	6h	LINCSCP_239168
LINCSCP_6840	-0.9994098187	0.02187304272	3	Lobendazole	LSM-2346	NA	10uM	A549	24h	LINCSCP_6840
LINCSCP_30814	-0.9994094104	0.02188060767	3	Phenethylisothiocyanate	LSM-4926	CYP2E1	10uM	MCF7	6h	LINCSCP_30814
LINCSCP_50804	-0.99940776	0.02191116267	3	HSCI1_000314	LSM-6251	ARG1|ARG2	80uM	RKO	6h	LINCSCP_50804
LINCSCP_36479	-0.9994073748	0.02191828865	3	A-443654	LSM-1045	AKT1|AKT2	1uM	MCF7	24h	LINCSCP_36479
LINCSCP_75348	-0.9994071623	0.02192221751	3	Camptothecin	LSM-4611	TOP1	0.12uM	A375	24h	LINCSCP_75348
LINCSCP_175085	-0.9994069257	0.02192659251	3	EX527	LSM-36370	SIRT1	3.33uM	YAPC	24h	LINCSCP_175085
LINCSCP_55110	-0.9994067083	0.02193061094	3	CHEMBL2204241	LSM-36798	NA	1uM	THP1	24h	LINCSCP_55110
LINCSCP_97657	-0.9994067022	0.02193072467	3	Carbachol Chloride	LSM-5827	CHRM1|CHRM2|CHRM3|CHRNA2	0.37uM	HA1E	24h	LINCSCP_97657
LINCSCP_62786	0.9994065629	0.02193329885	3	BRD-K46178029	LSM-11241	NA	5uM	VCAP	24h	LINCSCP_62786
LINCSCP_144658	0.9994062576	0.02193894035	3	GSK 1059615	LSM-42799	PIK3CA|PIK3CB|PIK3CD|PIK3CG	10uM	MDAMB231	24h	LINCSCP_144658
LINCSCP_69791	-0.9994062265	0.02193951397	3	AZD4547	LSM-6308	NA	0.04uM	A375	24h	LINCSCP_69791
LINCSCP_134154	-0.9994056465	0.02195022819	3	Rigosertib	LSM-44531	CDK1|F2R|FLT1|FYN|PDGFRA|PLK1|PLK2|SRC	0.37uM	MCF7	24h	LINCSCP_134154
LINCSCP_38774	-0.9994053345	0.02195598986	3	TP14	LSM-45308	NA	3.33uM	MCF7	24h	LINCSCP_38774
LINCSCP_23886	-0.9994048924	0.02196415007	3	Broad-Sai-424	LSM-45346	NA	0.04uM	HEPG2	24h	LINCSCP_23886
LINCSCP_146028	0.9994019695	0.02201802943	3	Tivozanib	LSM-1005	FLT1|FLT4|KDR|KIT|PDGFRA|PDGFRB	1.11uM	MNEU.E	24h	LINCSCP_146028
LINCSCP_29801	0.9994011537	0.02203304334	3	AZD-8055	LSM-1007	MTOR	0.1uM	MCF10A	6h	LINCSCP_29801
LINCSCP_39843	-0.9994008951	0.02203780067	3	NSC23766	LSM-1818	NA	100uM	NCIH1694	6h	LINCSCP_39843
LINCSCP_142286	-0.999400524	0.0220446259	3	PF-04217903	LSM-1166	MET	0.37uM	MCF7	24h	LINCSCP_142286
LINCSCP_59081	-0.9994001959	0.02205065824	3	Ruxolitinib	LSM-1139	JAK1|JAK2|TYK2	10uM	VCAP	6h	LINCSCP_59081
LINCSCP_141357	-0.9993999654	0.02205489515	3	ETHYLENEDIAMINE TETRACETATE TETRA-ETHANOLAMINE	LSM-45734	NA	0.12uM	MCF7	24h	LINCSCP_141357
LINCSCP_79601	0.9993999417	0.02205532962	3	Pimecrolimus	LSM-45937	FKBP1A	10uM	A375	24h	LINCSCP_79601
LINCSCP_33356	-0.9993998412	0.02205717662	3	Calpeptin	LSM-2570	NA	10uM	MCF7	24h	LINCSCP_33356
LINCSCP_287268	-0.999399176	0.02206939826	3	Simvastatin	LSM-2492	HMGCR	10uM	SNUC5	6h	LINCSCP_287268
LINCSCP_154564	0.9993981171	0.02208883999	3	179324-69-7	LSM-6281	ADRM1|PSMA1|PSMA2|PSMA3|PSMA4|PSMA5|PSMA6|PSMA7|PSMA8|PSMB1|PSMB10|PSMB11|PSMB2|PSMB3|PSMB4|PSMB5|PSMB6|PSMB7|PSMB8|PSMB9|PSMC1|PSMC2|PSMC3|PSMC4|PSMC5|PSMC6|PSMD1|PSMD11|PSMD12|PSMD13|PSMD14|PSMD2|PSMD3|PSMD4|PSMD6|PSMD7|PSMD8|SEM1	20uM	PC3	24h	LINCSCP_154564
LINCSCP_36279	-0.9993980033	0.02209092905	3	IWR-1-ENDO	LSM-5707	TNKS|TNKS2	3uM	MCF7	24h	LINCSCP_36279
LINCSCP_115731	0.9993976069	0.02209820169	3	EX-8678	LSM-1147	NA	0.04uM	HS578T	24h	LINCSCP_115731
LINCSCP_33630	-0.9993966362	0.02211599969	3	GR-79236	LSM-2899	ADORA1	10uM	MCF7	24h	LINCSCP_33630
LINCSCP_17174	-0.9993962171	0.02212368145	3	Vorinostat	LSM-3828	HDAC1|HDAC2|HDAC3|HDAC6|HDAC8	0.5uM	HA1E	6h	LINCSCP_17174
LINCSCP_70362	-0.9993934758	0.02217385164	3	GSK-J2	LSM-44940	NA	0.37uM	A375	24h	LINCSCP_70362
LINCSCP_157783	0.9993920167	0.02220051029	3	UNII-CVL1685GPH	LSM-36356	NA	0.37uM	PC3	24h	LINCSCP_157783
LINCSCP_175352	-0.9993917007	0.02220627911	3	Pyrimethamine	LSM-3967	NA	10uM	YAPC	24h	LINCSCP_175352
LINCSCP_266882	0.9993912882	0.02221380828	3	Fluphenazine	LSM-3226	DRD1|DRD2	10uM	PC3	24h	LINCSCP_266882
LINCSCP_2003	-0.9993911407	0.02221650009	3	BRD-K18964980	LSM-29352	NA	10uM	A375	6h	LINCSCP_2003
LINCSCP_61606	-0.9993911335	0.0222166314	3	BRD-K45442578	LSM-11198	NA	5uM	VCAP	24h	LINCSCP_61606
LINCSCP_146700	0.9993909913	0.02221922503	3	AZD-1775	LSM-1153	WEE1	3.33uM	NEU	24h	LINCSCP_146700
LINCSCP_227235	-0.9993902862	0.02223208507	3	Endecaphyllin X	LSM-3220	NA	10uM	HT29	6h	LINCSCP_227235
LINCSCP_31223	0.9993900522	0.02223635122	3	MLS002473457	LSM-4212	NA	10uM	MCF7	24h	LINCSCP_31223
LINCSCP_30864	-0.9993896034	0.02224453113	3	DASA-58	LSM-3813	PKM	90uM	MCF7	6h	LINCSCP_30864
LINCSCP_167889	-0.9993895372	0.02224573853	3	TAS-103 (dihydrochloride)	LSM-45292	NA	3.33uM	YAPC	24h	LINCSCP_167889
LINCSCP_13656	-0.9993894703	0.02224695659	3	100599-27-7	LSM-1878	NA	10uM	HA1E	24h	LINCSCP_13656
LINCSCP_70648	-0.9993891163	0.02225340646	3	331771-20-1	LSM-1096	AURKA|AURKB	0.12uM	A375	24h	LINCSCP_70648
LINCSCP_47705	0.9993889481	0.02225647025	3	Ciclopirox	LSM-5307	ATP1A1	10uM	PC3	6h	LINCSCP_47705
LINCSCP_11155	0.9993887086	0.02226083131	3	Lovastatin	LSM-2189	HMGCR	10uM	ASC	24h	LINCSCP_11155
LINCSCP_163497	-0.999388568	0.02226339164	3	SCHEMBL3958507	LSM-5245	COQ8B|EGFR	0.04uM	SKBR3	24h	LINCSCP_163497
LINCSCP_106481	-0.9993881629	0.02227076737	3	altrenogest	LSM-45498	NA	0.37uM	HELA	24h	LINCSCP_106481
LINCSCP_139932	0.9993877373	0.02227851164	3	Cabozantinib	LSM-1195	KDR|MET	3.33uM	MCF7	24h	LINCSCP_139932
LINCSCP_31153	0.999387525	0.02228237498	3	KUC104545N	LSM-2814	NA	10uM	MCF7	24h	LINCSCP_31153
LINCSCP_161079	0.9993865382	0.02230032003	3	AC1NSZCT	LSM-1785	NR3C1	3.33uM	PC3	24h	LINCSCP_161079
LINCSCP_113723	-0.9993862068	0.02230634329	3	SAR245409	LSM-1174	NA	0.12uM	HME1	24h	LINCSCP_113723
LINCSCP_30735	0.9993860489	0.02230921168	3	CT-200783	LSM-43273	NA	10uM	MCF7	6h	LINCSCP_30735
LINCSCP_46340	0.9993855194	0.02231883071	3	BRD-K32485462	LSM-39058	NA	10uM	PC3	6h	LINCSCP_46340
LINCSCP_149295	0.9993855181	0.02231885486	3	869288-64-2	LSM-1200	NA	10uM	NPC	24h	LINCSCP_149295
LINCSCP_143343	-0.9993847017	0.02233367848	3	Anidulafungin	LSM-45534	NA	0.12uM	MCF7	24h	LINCSCP_143343
LINCSCP_6036	0.9993846818	0.02233403828	3	SPOX1_000823	LSM-4560	NA	10uM	A549	6h	LINCSCP_6036
LINCSCP_36516	-0.9993837448	0.02235104032	3	Tozasertib	LSM-1021	ABL1|AURKA|AURKB|AURKC|BCR|FLT3|JAK2	0.1uM	MCF7	24h	LINCSCP_36516
LINCSCP_214775	-0.9993836675	0.02235244072	3	Alprenolol	LSM-1238	ADRB1|ADRB2	10uM	HCC515	6h	LINCSCP_214775
LINCSCP_51333	0.9993835501	0.02235456966	3	Lapatinib	LSM-1051	EGFR|ERBB2	1uM	SKBR3	24h	LINCSCP_51333
LINCSCP_113001	0.9993827645	0.02236881095	3	GSK 1059615	LSM-42799	PIK3CA|PIK3CB|PIK3CD|PIK3CG	0.37uM	HME1	24h	LINCSCP_113001
LINCSCP_126177	-0.9993822493	0.02237814522	3	SIN-1, Hydrochloride	LSM-45857	NA	0.04uM	HT29	24h	LINCSCP_126177
LINCSCP_42135	-0.9993821414	0.02238010035	3	F0605-0375	LSM-4554	NA	10uM	NPC	24h	LINCSCP_42135
LINCSCP_48533	0.9993817305	0.02238754106	3	BRD-K43540029	LSM-39664	NA	10uM	PC3	24h	LINCSCP_48533
LINCSCP_108356	-0.9993814558	0.02239251588	3	CX-4945 (Silmitasertib)	LSM-45467	CSNK2A1	0.37uM	HELA	24h	LINCSCP_108356
LINCSCP_56599	-0.9993791567	0.02243409603	3	Rosuvastatin	LSM-43032	HMGCR	10uM	VCAP	6h	LINCSCP_56599
LINCSCP_102708	0.9993785364	0.02244530215	3	179324-69-7	LSM-6281	ADRM1|PSMA1|PSMA2|PSMA3|PSMA4|PSMA5|PSMA6|PSMA7|PSMA8|PSMB1|PSMB10|PSMB11|PSMB2|PSMB3|PSMB4|PSMB5|PSMB6|PSMB7|PSMB8|PSMB9|PSMC1|PSMC2|PSMC3|PSMC4|PSMC5|PSMC6|PSMD1|PSMD11|PSMD12|PSMD13|PSMD14|PSMD2|PSMD3|PSMD4|PSMD6|PSMD7|PSMD8|SEM1	20uM	HELA	24h	LINCSCP_102708
LINCSCP_47036	0.9993785144	0.02244570045	3	Sirolimus	LSM-42782	FKBP1A|MTOR	10uM	PC3	6h	LINCSCP_47036
LINCSCP_33307	-0.9993761663	0.02248806699	3	Cyclopentolate	LSM-1800	CHRM3	10uM	MCF7	24h	LINCSCP_33307
LINCSCP_207145	0.999375919	0.02249252416	3	3-(2-Chloro-10-oxido-10H-phenothiazin-10-yl)-n,n-dimethylpropan-1-amine	LSM-36840	ADRA2A|ADRA2B|ADRA2C|DRD1|DRD2|DRD3|DRD4|DRD5|HRH1|HTR1A|HTR2A|HTR2C|HTR6|HTR7	10uM	FIBRNPC	6h	LINCSCP_207145
LINCSCP_74805	-0.9993757924	0.02249480487	3	AC480 (BMS-599626)	LSM-45494	EGFR|ERBB2|ERBB4	0.04uM	A375	24h	LINCSCP_74805
LINCSCP_263811	0.9993740125	0.02252685738	3	Val-Val-Val	LSM-36965	NA	10uM	NPC	24h	LINCSCP_263811
LINCSCP_53513	-0.9993739588	0.02252782455	3	RG 108	LSM-6283	DNMT1	80uM	SKMEL28	6h	LINCSCP_53513
LINCSCP_32475	-0.9993737198	0.02253212402	3	(Z)-Guggulsterone	LSM-43187	NR1H4	10uM	MCF7	24h	LINCSCP_32475
LINCSCP_36879	0.9993729883	0.02254528025	3	Linsitinib	LSM-1135	IGF1R|INSR	0.1uM	MCF7	6h	LINCSCP_36879
LINCSCP_146641	-0.9993727406	0.0225497339	3	PD-0325901	LSM-1101	MAP2K1|MAP2K2	0.12uM	NEU	24h	LINCSCP_146641
LINCSCP_3691	-0.9993720707	0.02256177236	3	CHEMBL3188986	LSM-38984	NA	10uM	A375	24h	LINCSCP_3691
LINCSCP_56816	-0.9993717268	0.0225679508	3	LDN 193189	LSM-1115	ACVR1|BMPR1A	10uM	VCAP	24h	LINCSCP_56816
LINCSCP_67664	-0.9993716336	0.02256962445	3	Vorinostat	LSM-3828	HDAC1|HDAC2|HDAC3|HDAC6|HDAC8	10uM	NCIH1694	6h	LINCSCP_67664
LINCSCP_26839	0.9993711989	0.0225774319	3	AMG-9810	LSM-2953	TRPV1	10uM	HT29	6h	LINCSCP_26839
LINCSCP_65297	-0.9993711938	0.02257752323	3	BRD-K49751344	LSM-14849	NA	10uM	VCAP	24h	LINCSCP_65297
LINCSCP_241648	-0.9993706998	0.0225863908	3	Iodipamide	LSM-3496	NA	10uM	MCF7	24h	LINCSCP_241648
LINCSCP_133618	-0.9993706874	0.02258661269	3	SCHEMBL618594	LSM-1070	NA	3.33uM	MCF7	24h	LINCSCP_133618
LINCSCP_15495	0.9993678511	0.02263746016	3	L-Sulforaphane	LSM-4919	NFE2L2	10uM	HA1E	6h	LINCSCP_15495
LINCSCP_167313	-0.9993655876	0.02267795635	3	Dacarbazine	LSM-5487	NA	3.33uM	YAPC	24h	LINCSCP_167313
LINCSCP_222049	-0.9993643327	0.02270037632	3	PF 543	LSM-42693	SPHK1	0.37uM	HEPG2	24h	LINCSCP_222049
LINCSCP_66494	0.999364236	0.02270210426	3	Trichostatin A, Streptomyces Sp.	LSM-42814	HDAC1|HDAC10|HDAC3|HDAC4|HDAC6|HDAC7|HDAC8	0.1uM	A375	6h	LINCSCP_66494
LINCSCP_58383	-0.9993642067	0.02270262735	3	CAY10578	LSM-5652	NA	10uM	VCAP	24h	LINCSCP_58383
LINCSCP_70183	-0.9993639576	0.02270707345	3	UNC 669	LSM-6337	NA	0.12uM	A375	24h	LINCSCP_70183
LINCSCP_34352	0.9993635969	0.02271351172	3	Clofilium	LSM-5214	NA	10uM	MCF7	6h	LINCSCP_34352
LINCSCP_62564	-0.999363503	0.02271518902	3	BRD-K62342148	LSM-12216	NA	5uM	VCAP	6h	LINCSCP_62564
LINCSCP_42096	-0.9993629407	0.02272522056	3	CHEMBL41721	LSM-4978	CNR1|CNR2|GRIN1	10uM	NPC	24h	LINCSCP_42096
LINCSCP_283757	-0.9993623112	0.02273644646	3	BAS 01052444	LSM-4602	NA	10uM	SKB	24h	LINCSCP_283757
LINCSCP_90836	-0.9993611383	0.02275734866	3	3-Aminobenzamide	LSM-4525	NA	10uM	HA1E	24h	LINCSCP_90836
LINCSCP_151209	0.9993610982	0.02275806358	3	MK-2206	LSM-1057	AKT1|AKT2|AKT3	1.11uM	PC3	24h	LINCSCP_151209
LINCSCP_73691	-0.9993609406	0.02276087106	3	Lesinurad	LSM-45661	SLC22A12	1.11uM	A375	24h	LINCSCP_73691
LINCSCP_90800	-0.999360604	0.02276686504	3	Diclofenac	LSM-2160	PTGS1|PTGS2	10uM	HA1E	24h	LINCSCP_90800
LINCSCP_28776	-0.9993596514	0.02278381944	3	LY 2183240	LSM-2839	FAAH	3uM	HUH7	24h	LINCSCP_28776
LINCSCP_20324	0.9993596505	0.02278383504	3	BRD-K78596368	LSM-41559	NA	10uM	HCC515	6h	LINCSCP_20324
LINCSCP_79471	-0.9993596289	0.02278422005	3	Fluspirilene	LSM-3748	DRD2|HTR2A	1.11uM	A375	24h	LINCSCP_79471
LINCSCP_12627	-0.999358484	0.02280458	3	GF-109203	LSM-2677	PRKCA	10uM	CORL23	6h	LINCSCP_12627
LINCSCP_35226	0.9993578429	0.02281597425	3	BRD-K62242359	LSM-40671	NA	10uM	MCF7	24h	LINCSCP_35226
LINCSCP_155365	0.9993575154	0.02282179255	3	179324-69-7	LSM-6281	ADRM1|PSMA1|PSMA2|PSMA3|PSMA4|PSMA5|PSMA6|PSMA7|PSMA8|PSMB1|PSMB10|PSMB11|PSMB2|PSMB3|PSMB4|PSMB5|PSMB6|PSMB7|PSMB8|PSMB9|PSMC1|PSMC2|PSMC3|PSMC4|PSMC5|PSMC6|PSMD1|PSMD11|PSMD12|PSMD13|PSMD14|PSMD2|PSMD3|PSMD4|PSMD6|PSMD7|PSMD8|SEM1	20uM	PC3	24h	LINCSCP_155365
LINCSCP_218633	0.9993574133	0.02282360504	3	Sirolimus	LSM-42782	FKBP1A|MTOR	10uM	HEC108	6h	LINCSCP_218633
LINCSCP_142205	0.9993570841	0.02282945109	3	BAY 87-2243	LSM-45786	NA	10uM	MCF7	24h	LINCSCP_142205
LINCSCP_137727	0.9993570277	0.02283045276	3	Theobromine	LSM-5483	NA	0.37uM	MCF7	24h	LINCSCP_137727
LINCSCP_87239	-0.9993568573	0.02283347776	3	EMF-sumo1-1	NA	NA	0.04uM	CD34	24h	LINCSCP_87239
LINCSCP_167632	0.9993565547	0.02283884965	3	Saracatinib	LSM-1032	ABL1|SRC	1.11uM	YAPC	24h	LINCSCP_167632
LINCSCP_17535	-0.9993562036	0.02284508091	3	Dienestrol	LSM-43043	ESR1	3.33uM	HA1E	24h	LINCSCP_17535
LINCSCP_128047	-0.9993560366	0.02284804377	3	SGI-1776	LSM-6307	PIM1|PIM2|PIM3	3.33uM	HUES3	24h	LINCSCP_128047
LINCSCP_101713	-0.9993556696	0.02285455372	3	MG-132	LSM-1107	PSMB1	20uM	HELA	24h	LINCSCP_101713
LINCSCP_131472	-0.9993555308	0.02285701508	3	LRRK2-IN-1	LSM-1086	LRRK2	0.04uM	MCF10A	24h	LINCSCP_131472
LINCSCP_165892	-0.9993552429	0.02286212216	3	Daminozide	LSM-6329	NA	10uM	SKL	24h	LINCSCP_165892
LINCSCP_19161	0.9993552174	0.02286257412	3	Fluoxetine	LSM-1449	SLC6A4	10uM	HCC515	6h	LINCSCP_19161
LINCSCP_11210	0.9993537211	0.02288908853	3	Rosuvastatin	LSM-43032	HMGCR	10uM	ASC	24h	LINCSCP_11210
LINCSCP_94158	0.9993521474	0.02291694152	3	AGI-5198	LSM-45669	NA	3.33uM	HA1E	24h	LINCSCP_94158
LINCSCP_132816	-0.9993520917	0.02291792738	3	Selumetinib	LSM-1056	MAP2K1|MAP2K2	3.33uM	MCF7	24h	LINCSCP_132816
LINCSCP_52669	-0.999350091	0.02295328791	3	Cuneatin Methyl Ether	LSM-3996	NA	10uM	SKB	24h	LINCSCP_52669
LINCSCP_100082	0.9993496337	0.022961364	3	Sirolimus	LSM-42783	FKBP1A|MTOR	10uM	HCC515	24h	LINCSCP_100082
LINCSCP_70629	-0.999349235	0.02296840084	3	CHIR-265	LSM-1207	BRAF|KDR	0.37uM	A375	24h	LINCSCP_70629
LINCSCP_31092	-0.9993487729	0.02297655569	3	MLS000089581	LSM-3886	NA	10uM	MCF7	6h	LINCSCP_31092
LINCSCP_57679	-0.9993486137	0.02297936434	3	Triazolothiadiazine, 6	LSM-3276	NA	10uM	VCAP	6h	LINCSCP_57679
LINCSCP_188923	-0.999348182	0.02298697784	3	SMR000031368	LSM-2820	NA	10uM	A549	24h	LINCSCP_188923
LINCSCP_20155	0.9993464731	0.02301709424	3	BRD-K78603557	LSM-6664	NA	10uM	HCC515	6h	LINCSCP_20155
LINCSCP_102896	0.9993460028	0.02302537583	3	BECLOMETHASONE DIPROPIONATE	LSM-45855	NA	0.04uM	HELA	24h	LINCSCP_102896
LINCSCP_124394	0.9993453708	0.02303649995	3	Taselisib	LSM-45140	PIK3CA|PIK3CB|PIK3CD|PIK3CG|PIK3R1|PIK3R2|PIK3R3|PIK3R5	0.37uM	HT29	24h	LINCSCP_124394
LINCSCP_133393	-0.9993446895	0.0230484857	3	Dacomitinib	LSM-42808	EGFR|ERBB2|ERBB3|ERBB4	0.04uM	MCF7	24h	LINCSCP_133393
LINCSCP_1511	0.9993437142	0.02306563229	3	CHEMBL1712678	LSM-2319	NA	10uM	A375	6h	LINCSCP_1511
LINCSCP_42495	0.9993435402	0.02306869166	3	WH-4023	LSM-42724	ABL1|SRC	10uM	NPC	24h	LINCSCP_42495
LINCSCP_131075	0.9993430898	0.02307660483	3	YM 201636	LSM-1109	NA	10uM	MCF10A	3h	LINCSCP_131075
LINCSCP_157325	0.9993429488	0.02307908022	3	Defactinib	LSM-45153	PTK2|PTK2B	10uM	PC3	24h	LINCSCP_157325
LINCSCP_121729	-0.9993427095	0.02308328442	3	Cabazitaxel	LSM-46002	NA	1.11uM	HT29	24h	LINCSCP_121729
LINCSCP_50679	0.9993424165	0.02308842795	3	MLS000106215	LSM-4009	NA	100uM	PL21	6h	LINCSCP_50679
LINCSCP_75277	-0.9993423784	0.02308909682	3	Foretinib	LSM-1158	FLT1|FLT3|FLT4|KDR|KIT|MET|PDGFRA|PDGFRB|TEK	0.12uM	A375	24h	LINCSCP_75277
LINCSCP_87966	-0.9993413274	0.02310754293	3	Mitoxantrone	LSM-2481	TOP2A	0.12uM	HA1E	24h	LINCSCP_87966
LINCSCP_45232	0.999341064	0.02311216232	3	Vorinostat	LSM-3828	HDAC1|HDAC2|HDAC3|HDAC6|HDAC8	10uM	PC3	6h	LINCSCP_45232
LINCSCP_11826	-0.9993406739	0.02311900334	3	GSK-461364	LSM-1013	PLK1	0.5uM	BT20	24h	LINCSCP_11826
LINCSCP_63532	0.9993401533	0.02312813005	3	BRD-K83826027	LSM-13551	NA	5uM	VCAP	24h	LINCSCP_63532
LINCSCP_256809	-0.9993385946	0.02315543446	3	PK-11195	LSM-1532	TSPO	100uM	NCIH1836	6h	LINCSCP_256809
LINCSCP_64561	-0.999338463	0.02315773879	3	AC1O44XP	LSM-43305	PPARG	20uM	VCAP	6h	LINCSCP_64561
LINCSCP_111909	0.99933736	0.02317703712	3	TPCA-1	LSM-1136	IKBKB	10uM	HEPG2	24h	LINCSCP_111909
LINCSCP_120797	0.9993373121	0.02317787545	3	Afuresertib	LSM-42768	AKT1|AKT2|AKT3	10uM	HT29	24h	LINCSCP_120797
LINCSCP_136336	0.9993372102	0.0231796575	3	SB 242235	LSM-45559	NA	1.11uM	MCF7	24h	LINCSCP_136336
LINCSCP_115673	0.9993364393	0.02319313603	3	CHEMBL585951	LSM-36386	MAPK8	10uM	HS578T	24h	LINCSCP_115673
LINCSCP_156120	-0.9993359435	0.02320179961	3	Midostaurin	LSM-2287	FLT3|KDR|KIT|PDGFRA|PDGFRB|PRKCA|PRKCB|PRKCD|PRKCE|PRKCG|PRKCH|PRKCI|PRKCQ|PRKCZ|PRKD1|PRKD3	0.04uM	PC3	24h	LINCSCP_156120
LINCSCP_65307	-0.9993355612	0.0232084785	3	BRD-K53642448	LSM-40219	NA	10uM	VCAP	24h	LINCSCP_65307
LINCSCP_44511	0.999335015	0.02321801622	3	SPECTRUM2_001084	LSM-1740	ATP1A1	10uM	PC3	24h	LINCSCP_44511
LINCSCP_43189	-0.9993342801	0.02323084428	3	BRD-K87536251	LSM-13798	NA	10uM	NPC	24h	LINCSCP_43189
LINCSCP_260147	-0.999333725	0.02324052793	3	PD-98059	LSM-3394	MAP2K1	10uM	NEU	6h	LINCSCP_260147
LINCSCP_48129	-0.999333383	0.0232464924	3	BRD-K27622376	LSM-38777	NA	5uM	PC3	24h	LINCSCP_48129
LINCSCP_31220	-0.9993332286	0.02324918442	3	Triazolothiadiazine, 22	LSM-4131	NA	10uM	MCF7	24h	LINCSCP_31220
LINCSCP_91062	-0.999333064	0.02325205476	3	cucurbitacin-i	LSM-45610	NA	0.12uM	HA1E	24h	LINCSCP_91062
LINCSCP_20489	0.9993320145	0.02327034413	3	TORIN-2	LSM-1080	MTOR	10uM	HCC515	6h	LINCSCP_20489
LINCSCP_45065	-0.9993319891	0.02327078763	3	16Beta-bromoandrosterone	LSM-6294	G6PD	10uM	PC3	24h	LINCSCP_45065
LINCSCP_109867	-0.9993315244	0.02327888035	3	Bisoprolol	LSM-1886	ADRB1	0.12uM	HELA	24h	LINCSCP_109867
LINCSCP_145430	0.9993309444	0.02328897933	3	CHEMBL2136735	LSM-1152	FGFR1|FGFR3|FLT1|FLT4|KDR|PDGFRA|PDGFRB	10uM	MDAMB231	24h	LINCSCP_145430
LINCSCP_11024	-0.9993308382	0.02329082678	3	BRD-K34387287	LSM-6106	NA	10uM	ASC	24h	LINCSCP_11024
LINCSCP_49631	-0.9993298226	0.02330849697	3	CHEMBL2138369	LSM-38405	NA	1.11uM	PC3	24h	LINCSCP_49631
LINCSCP_958	-0.9993288958	0.02332460915	3	VER 155008	LSM-6239	HSPA1A	10uM	A375	6h	LINCSCP_958
LINCSCP_64230	-0.999328508	0.02333134804	3	BRD-K89144439	LSM-14968	NA	5uM	VCAP	24h	LINCSCP_64230
LINCSCP_143756	-0.999328162	0.02333736027	3	Doxorubicin	LSM-4062	TOP2A	0.37uM	MCF7	24h	LINCSCP_143756
LINCSCP_65405	0.9993281405	0.02333773233	3	BRD-K10846668	LSM-37833	NA	10uM	VCAP	6h	LINCSCP_65405
LINCSCP_161680	-0.9993281226	0.02333804472	3	Nesbuvir	LSM-45670	NA	1.11uM	PC3	24h	LINCSCP_161680
LINCSCP_177702	-0.9993277106	0.02334519941	3	Amiloride	LSM-4194	ASIC1|ASIC2|SCNN1A|SCNN1B|SCNN1G	10uM	A375	6h	LINCSCP_177702
LINCSCP_147202	-0.9993273692	0.02335112646	3	CHEMBL1950303	LSM-1058	NA	10uM	NEU	24h	LINCSCP_147202
LINCSCP_151347	0.9993273147	0.0233520736	3	WYE 125132	LSM-1064	MTOR	1.11uM	PC3	24h	LINCSCP_151347
LINCSCP_112135	0.9993271425	0.02335506178	3	BRD-A25736793	LSM-43054	MTOR	1.11uM	HEPG2	24h	LINCSCP_112135
LINCSCP_161027	0.999325672	0.02338057229	3	IMD-0354	LSM-3667	IKBKB	0.37uM	PC3	24h	LINCSCP_161027
LINCSCP_129623	0.9993251325	0.02338992286	3	MLN-0128	LSM-1206	MTOR	0.12uM	JURKAT	24h	LINCSCP_129623
LINCSCP_188482	-0.9993245469	0.02340007135	3	CHEMBL1332325	LSM-2845	NA	10uM	A549	6h	LINCSCP_188482
LINCSCP_193512	-0.9993243435	0.02340359442	3	Auraptene	LSM-43035	MAOB	10uM	A549	6h	LINCSCP_193512
LINCSCP_36114	-0.9993234654	0.02341879961	3	Skiii	LSM-2462	SPHK1	0.01uM	MCF7	6h	LINCSCP_36114
LINCSCP_9651	-0.999323035	0.023426247	3	CYTO7H11	LSM-4351	BAX	10uM	A549	24h	LINCSCP_9651
LINCSCP_13735	0.9993228534	0.02342939079	3	Cyclopamine	LSM-3304	SMO	10uM	HA1E	24h	LINCSCP_13735
LINCSCP_173400	-0.9993225344	0.02343490798	3	Tolfenamic acid	LSM-5612	NA	3.33uM	YAPC	24h	LINCSCP_173400
LINCSCP_61364	-0.9993222798	0.02343931283	3	MLS003650044	LSM-12357	NA	5uM	VCAP	6h	LINCSCP_61364
LINCSCP_60113	0.9993222298	0.02344017659	3	BRD-K41350512	LSM-7374	NA	5uM	VCAP	6h	LINCSCP_60113
LINCSCP_137520	-0.9993220705	0.02344293156	3	TAK-733	LSM-45834	MAP2K1|MAP2K2	10uM	MCF7	24h	LINCSCP_137520
LINCSCP_92806	0.999320294	0.02347363131	3	Berberine	LSM-6553	NA	3.33uM	HA1E	24h	LINCSCP_92806
LINCSCP_65706	-0.9993182876	0.02350825549	3	CHEMBL2358734	LSM-41679	NA	10uM	VCAP	24h	LINCSCP_65706
LINCSCP_34559	0.9993182044	0.02350968922	3	Tiaprofenic acid	LSM-1769	PTGS1|PTGS2	10uM	MCF7	6h	LINCSCP_34559
LINCSCP_133221	0.9993181955	0.02350984277	3	TORIN1	LSM-1079	MTOR	0.12uM	MCF7	3h	LINCSCP_133221
LINCSCP_15157	-0.9993181105	0.02351130924	3	4-Deoxyuridine	LSM-6181	CDA|DNMT1	10uM	HA1E	24h	LINCSCP_15157
LINCSCP_12807	0.9993173408	0.02352457664	3	Tamatinib	LSM-1040	SYK	10uM	DV90	6h	LINCSCP_12807
LINCSCP_223967	-0.9993171984	0.02352702923	3	RS-79948	LSM-3932	ADRA2A	10uM	HT29	6h	LINCSCP_223967
LINCSCP_153703	-0.9993158313	0.02355057404	3	Lintitript	LSM-2780	CCKAR	3.33uM	PC3	24h	LINCSCP_153703
LINCSCP_56113	-0.9993149094	0.02356643648	3	AC1NNAUY	LSM-1660	TPP2	10uM	VCAP	6h	LINCSCP_56113
LINCSCP_280617	-0.9993146175	0.02357145736	3	MLN-8054	LSM-1066	AURKA	0.5uM	PC3	6h	LINCSCP_280617
LINCSCP_64157	-0.9993124118	0.02360935953	3	BRD-K10323659	LSM-14718	NA	5uM	VCAP	24h	LINCSCP_64157
LINCSCP_26971	-0.9993119748	0.02361686224	3	CHEMBL318111	LSM-2138	NA	10uM	HT29	6h	LINCSCP_26971
LINCSCP_72818	-0.9993117894	0.02362004484	3	SPECTRUM_001048	LSM-1367	ESR1|ESR2|NR1I2	10uM	A375	24h	LINCSCP_72818
LINCSCP_17115	-0.9993110908	0.02363203091	3	Broad-Sai-424	LSM-45346	NA	10uM	HA1E	24h	LINCSCP_17115
LINCSCP_175340	-0.9993102944	0.02364568819	3	179324-69-7	LSM-6281	ADRM1|PSMA1|PSMA2|PSMA3|PSMA4|PSMA5|PSMA6|PSMA7|PSMA8|PSMB1|PSMB10|PSMB11|PSMB2|PSMB3|PSMB4|PSMB5|PSMB6|PSMB7|PSMB8|PSMB9|PSMC1|PSMC2|PSMC3|PSMC4|PSMC5|PSMC6|PSMD1|PSMD11|PSMD12|PSMD13|PSMD14|PSMD2|PSMD3|PSMD4|PSMD6|PSMD7|PSMD8|SEM1	20uM	YAPC	24h	LINCSCP_175340
LINCSCP_152755	-0.9993099635	0.023651361	3	Zaldaride	LSM-1413	CALM1	10uM	PC3	24h	LINCSCP_152755
LINCSCP_281251	0.9993095092	0.02365914562	3	BRD-K54822214	LSM-40272	NA	10uM	PHH	24h	LINCSCP_281251
LINCSCP_27825	-0.9993082503	0.02368070693	3	BRD-K91143067	LSM-14035	NA	5uM	HT29	24h	LINCSCP_27825
LINCSCP_164766	0.9993078176	0.02368811156	3	GSK 1059615	LSM-42799	PIK3CA|PIK3CB|PIK3CD|PIK3CG	10uM	SKL.C	24h	LINCSCP_164766
LINCSCP_99305	0.9993073955	0.02369533507	3	Pranlukast	LSM-6006	CYSLTR1|CYSLTR2	0.04uM	HA1E	24h	LINCSCP_99305
LINCSCP_46839	-0.9993072634	0.02369759418	3	CG-930	LSM-44952	MAPK8	10uM	PC3	24h	LINCSCP_46839
LINCSCP_48240	-0.999306786	0.0237057598	3	BRD-K38797319	LSM-10780	NA	5uM	PC3	24h	LINCSCP_48240
LINCSCP_67775	-0.9993059247	0.02372048387	3	Troglitazone	LSM-4890	PPARG	3uM	NPC	24h	LINCSCP_67775
LINCSCP_132572	-0.9993057334	0.02372375271	3	GW843682X	LSM-1014	PLK1|PLK3	0.37uM	MCF7	24h	LINCSCP_132572
LINCSCP_13055	-0.9993044819	0.02374512723	3	LBH-589	LSM-42730	NA	10uM	FIBRNPC	24h	LINCSCP_13055
LINCSCP_11788	0.9993042593	0.02374892726	3	AZD-8055	LSM-1007	MTOR	0.5uM	BT20	24h	LINCSCP_11788
LINCSCP_77603	-0.9993042196	0.02374960599	3	1-(4-fluorobenzyl)-N-(piperidin-4-yl)-1H-benzo[d]imidazol-2-amine	LSM-45608	NA	10uM	A375	24h	LINCSCP_77603
LINCSCP_42642	0.9993031772	0.02376739186	3	GR-55562	LSM-3026	HTR1B	10uM	NPC	24h	LINCSCP_42642
LINCSCP_113136	0.9993030677	0.0237692592	3	Dasatinib	LSM-1020	ABL1|BCR|BLK|EPHA2|FGR|FRK|FYN|HCK|KIT|LCK|LYN|PDGFRB|SRC|SRMS|YES1	1.11uM	HME1	24h	LINCSCP_113136
LINCSCP_10001	-0.9993029075	0.02377199155	3	AC1OCDAW	LSM-1622	TOP2A	0.04uM	A549	24h	LINCSCP_10001
LINCSCP_113094	-0.9993021045	0.02378568022	3	BRD-A24396574-001-01-5	LSM-5006	NA	1.11uM	HME1	24h	LINCSCP_113094
LINCSCP_19913	0.9993007037	0.02380954231	3	MLS002607727	LSM-3407	NA	10uM	HCC515	6h	LINCSCP_19913
LINCSCP_67661	-0.9993003973	0.02381475892	3	13-Hydroxy-8,14,19-trimethoxy-4,10,12,16-tetramethyl-3,20,22-trioxo-2-azabicyclo[16.3.1]docosa-1(21),4,6,10,18-pentaen-9-yl carbamate	LSM-42815	HSP90AA1	10uM	MDST8	6h	LINCSCP_67661
LINCSCP_146346	-0.999299979	0.02382187771	3	CHEMBL1673039	LSM-1093	LRRK2|MAPK7	0.37uM	NEU	24h	LINCSCP_146346
LINCSCP_52639	0.999298884	0.023840505	3	1-(5-Isoquinolinesulfonyl)piperazine	LSM-3622	NA	10uM	SKB	24h	LINCSCP_52639
LINCSCP_98426	-0.9992984633	0.02384765607	3	Retigabine	LSM-45405	KCNQ1|KCNQ2|KCNQ3|KCNQ4|KCNQ5	10uM	HA1E	24h	LINCSCP_98426
LINCSCP_5959	0.9992981264	0.02385338232	3	CHEMBL2134949	LSM-40355	NA	10uM	A549	24h	LINCSCP_5959
LINCSCP_11519	0.9992978945	0.02385732329	3	301836-43-1	LSM-1203	CSNK1A1|TGFB1	10uM	ASC	24h	LINCSCP_11519
LINCSCP_19184	-0.9992977383	0.02385997742	3	Moricizine	LSM-2476	SCN10A|SCN11A|SCN1A|SCN2A|SCN3A|SCN4A|SCN5A|SCN7A|SCN8A|SCN9A	10uM	HCC515	6h	LINCSCP_19184
LINCSCP_70232	-0.9992974642	0.02386463402	3	Epigalocatechin Gallate	LSM-5661	FASN	0.04uM	A375	24h	LINCSCP_70232
LINCSCP_9905	0.9992973523	0.02386653548	3	Tigecycline	LSM-36875	NA	10uM	A549	6h	LINCSCP_9905
LINCSCP_164450	0.9992971784	0.02386948816	3	WZ 4002	LSM-1085	EGFR|ERBB2	0.12uM	SKL.C	24h	LINCSCP_164450
LINCSCP_5352	-0.9992970969	0.0238708724	3	VU0447126-2	LSM-1381	NA	10uM	A549	24h	LINCSCP_5352
LINCSCP_17520	-0.9992961202	0.02388745283	3	Nilotinib	LSM-1099	ABL1|BCR|KIT	0.04uM	HA1E	24h	LINCSCP_17520
LINCSCP_5729	-0.9992959383	0.02389053944	3	Dimethylphenylpiperazinium	LSM-36445	NA	10uM	A549	24h	LINCSCP_5729
LINCSCP_168459	-0.9992950544	0.02390553426	3	AT-9283	LSM-37023	ABL1|AURKA|AURKB|FLT3|JAK2|JAK3	1.11uM	YAPC	24h	LINCSCP_168459
LINCSCP_33845	-0.9992942458	0.02391924224	3	CHEMBL2131985	LSM-39083	NA	10uM	MCF7	24h	LINCSCP_33845
LINCSCP_37681	-0.9992939979	0.02392344264	3	Chelidonine	LSM-2715	NA	3uM	MCF7	24h	LINCSCP_37681
LINCSCP_214776	0.9992939331	0.02392454098	3	Nitrendipine	LSM-1246	CACNA1C|CACNA1D|CACNA2D1	10uM	HCC515	6h	LINCSCP_214776
LINCSCP_12516	-0.9992931297	0.02393814886	3	Prostoglandin A1	LSM-42846	NA	1uM	CL34	6h	LINCSCP_12516
LINCSCP_44452	0.9992928845	0.02394230128	3	Scriptaid	LSM-2499	HDAC1	10uM	PC3	6h	LINCSCP_44452
LINCSCP_28773	0.9992927434	0.02394468979	3	3,5-Bis(4-methylbenzylidene)piperidin-4-one	LSM-2827	SENP2|USP1|USP2|USP7	10uM	HUH7	24h	LINCSCP_28773
LINCSCP_180319	0.9992925092	0.02394865427	3	Phenyl Biguanide	LSM-4586	NA	10uM	A375	6h	LINCSCP_180319
LINCSCP_59157	-0.9992912331	0.02397024526	3	BAS 01078354	LSM-6469	NA	10uM	VCAP	24h	LINCSCP_59157
LINCSCP_165156	-0.9992907181	0.02397895324	3	331771-20-1	LSM-1096	AURKA|AURKB	10uM	SKL.C	24h	LINCSCP_165156
LINCSCP_55115	-0.9992905853	0.02398119942	3	MLS000589843	LSM-43120	NA	0.01uM	THP1	24h	LINCSCP_55115
LINCSCP_237832	-0.9992901574	0.02398843125	3	CHEMBL1705549	LSM-2498	NA	10uM	MCF7	24h	LINCSCP_237832
LINCSCP_32390	0.9992880684	0.0240237069	3	PCL2_000057	LSM-36753	NA	10uM	MCF7	6h	LINCSCP_32390
LINCSCP_9953	0.9992870266	0.02404128101	3	BRD-K11533227	LSM-36781	NA	1.11uM	A549	24h	LINCSCP_9953
LINCSCP_91939	-0.9992864488	0.02405102025	3	Fenoldopam	LSM-1609	DRD1	0.37uM	HA1E	24h	LINCSCP_91939
LINCSCP_255000	-0.9992862915	0.02405367268	3	Wortmannin	LSM-3947	PIK3CA|PIK3CG|PLK1	0.04uM	MCF7	24h	LINCSCP_255000
LINCSCP_113683	-0.9992862672	0.02405408196	3	TPCA-1	LSM-1136	IKBKB	1.11uM	HME1	24h	LINCSCP_113683
LINCSCP_29104	0.9992862376	0.0240545814	3	Chaetocin	LSM-6198	SUV39H1	0.1uM	JHUEM2	6h	LINCSCP_29104
LINCSCP_15340	-0.999285901	0.02406025242	3	AC1M52QF	LSM-43140	NA	10uM	HA1E	24h	LINCSCP_15340
LINCSCP_7343	0.9992845682	0.02408269731	3	Dichlorphenamide	LSM-3602	CA1|CA12|CA2|CA4	10uM	A549	24h	LINCSCP_7343
LINCSCP_119465	0.999284497	0.02408389653	3	Ridaforolimus (Deforolimus, MK-8669)	LSM-45997	MTOR	0.37uM	HT29	24h	LINCSCP_119465
LINCSCP_165249	-0.99928446	0.02408451969	3	CHEMBL1673039	LSM-1093	LRRK2|MAPK7	3.33uM	SKL	24h	LINCSCP_165249
LINCSCP_48044	-0.9992844281	0.02408505602	3	Propofol	LSM-3847	GABRA1|GABRA2|GABRA3|GABRA4|GABRA5|GABRA6|GABRB1|GABRB2|GABRB3|GABRD|GABRE|GABRG1|GABRG2|GABRG3|GABRP|GABRQ	10uM	PC3	6h	LINCSCP_48044
LINCSCP_96864	0.9992838855	0.0240941865	3	CP-724714	LSM-42777	ERBB2	10uM	HA1E	24h	LINCSCP_96864
LINCSCP_86764	0.9992830261	0.02410864247	3	HG-14-10-04	LSM-6345	NA	1.11uM	CD34	24h	LINCSCP_86764
LINCSCP_167249	-0.999282135	0.02412362026	3	MG-132	LSM-1107	PSMB1	20uM	YAPC	24h	LINCSCP_167249
LINCSCP_98858	-0.9992821025	0.02412416731	3	MG-132	LSM-1107	PSMB1	20uM	HA1E	24h	LINCSCP_98858
LINCSCP_19114	0.9992820761	0.02412461078	3	GR 113808	LSM-3098	HTR4	10uM	HCC515	6h	LINCSCP_19114
LINCSCP_271013	-0.9992820569	0.02412493302	3	4-Methoxy-2-(4-propoxyphenyl)quinazoline	LSM-3300	NA	10uM	PC3	6h	LINCSCP_271013
LINCSCP_271208	-0.99928171	0.02413076147	3	NSC650841	LSM-4740	NA	10uM	PC3	24h	LINCSCP_271208
LINCSCP_64122	0.9992816688	0.02413145378	3	BRD-K86578973	LSM-13731	NA	5uM	VCAP	6h	LINCSCP_64122
LINCSCP_131927	-0.999281343	0.02413692556	3	GSK 1059615	LSM-42799	PIK3CA|PIK3CB|PIK3CD|PIK3CG	0.04uM	MCF7	24h	LINCSCP_131927
LINCSCP_132817	-0.9992802158	0.02415585074	3	Selumetinib	LSM-1056	MAP2K1|MAP2K2	1.11uM	MCF7	24h	LINCSCP_132817
LINCSCP_309995	-0.9992796413	0.02416549015	3	BRD-K23073505	LSM-38524	NA	30uM	VCAP	24h	LINCSCP_309995
LINCSCP_112479	0.9992794654	0.02416844026	3	GSK 1059615	LSM-42799	PIK3CA|PIK3CB|PIK3CD|PIK3CG	10uM	HEPG2	24h	LINCSCP_112479
LINCSCP_156613	0.9992788677	0.02417846328	3	MG-132	LSM-1107	PSMB1	20uM	PC3	24h	LINCSCP_156613
LINCSCP_6565	-0.9992787596	0.02418027494	3	CHEMDIV2_001418	LSM-1970	NA	10uM	A549	6h	LINCSCP_6565
LINCSCP_27194	-0.999278188	0.02418985624	3	BRD-K31260488	LSM-38973	NA	10uM	HT29	6h	LINCSCP_27194
LINCSCP_76438	0.9992781863	0.02418988562	3	BIIB 021	LSM-5627	HSP90AA1	0.04uM	A375	24h	LINCSCP_76438
LINCSCP_154883	0.9992772449	0.02420565634	3	Teriflunomide	LSM-45555	NA	10uM	PC3	24h	LINCSCP_154883
LINCSCP_18688	0.9992770656	0.02420865921	3	Penfluridol	LSM-2334	NA	10uM	HCC515	6h	LINCSCP_18688
LINCSCP_123350	-0.9992767026	0.02421473752	3	Cabozantinib	LSM-1195	KDR|MET	3.33uM	HT29	24h	LINCSCP_123350
LINCSCP_31633	-0.9992765933	0.02421656664	3	MLS002554300	LSM-3399	NA	10uM	MCF7	24h	LINCSCP_31633
LINCSCP_148654	0.9992760329	0.02422594521	3	MLN-0128	LSM-1206	MTOR	0.12uM	NPC	24h	LINCSCP_148654
LINCSCP_63329	-0.9992760293	0.02422600534	3	BRD-K03113036-001-01-9	LSM-6817	NA	5uM	VCAP	24h	LINCSCP_63329
LINCSCP_112926	0.9992745147	0.02425133764	3	ZINC77024257	LSM-1171	MDM2	10uM	HEPG2	24h	LINCSCP_112926
LINCSCP_38904	-0.9992743416	0.02425423063	3	AS601245	LSM-1034	MAPK10|MAPK8|MAPK9	1uM	MDAMB231	24h	LINCSCP_38904
LINCSCP_131705	-0.9992737529	0.02426406796	3	AT-7519	LSM-1004	CDK1|CDK10|CDK11B|CDK12|CDK13|CDK14|CDK15|CDK16|CDK17|CDK18|CDK19|CDK2|CDK20|CDK3|CDK4|CDK5|CDK6|CDK7|CDK8|CDK9	0.04uM	MCF10A	3h	LINCSCP_131705
LINCSCP_170588	-0.9992731956	0.02427337748	3	Rottlerin	LSM-42845	NA	1.11uM	YAPC	24h	LINCSCP_170588
LINCSCP_130739	0.9992730181	0.02427634064	3	WH-4-025	LSM-44937	NA	10uM	MCF10A	24h	LINCSCP_130739
LINCSCP_56628	-0.9992723372	0.02428770895	3	AC1NWAQS	LSM-1562	KDM1A|MAOA|MAOB	10uM	VCAP	24h	LINCSCP_56628
LINCSCP_21737	0.9992721446	0.02429092275	3	PI-103	LSM-1126	MTOR|PIK3CA|PIK3CB|PIK3CD|PIK3CG	10uM	HEPG2	6h	LINCSCP_21737
LINCSCP_45897	0.9992716294	0.0242995191	3	VU0366968-1	LSM-2285	NA	10uM	PC3	24h	LINCSCP_45897
LINCSCP_235	0.9992709811	0.02431033296	3	BIOMOL-NT_000059	LSM-1707	ADRA1A|ADRB1|DRD1|DRD2|DRD3|DRD4|DRD5|HTR1A|HTR2A|HTR3A|HTR4|HTR5A|HTR6|HTR7	10uM	A375	24h	LINCSCP_235
LINCSCP_150525	-0.9992708237	0.0243129574	3	ITK Inhibitor	LSM-1043	ITK	10uM	NPC.TAK	24h	LINCSCP_150525
LINCSCP_27363	-0.9992699763	0.02432708259	3	BRD-K24798550	LSM-38627	NA	5uM	HT29	24h	LINCSCP_27363
LINCSCP_26670	-0.9992698977	0.02432839248	3	Mirin	LSM-43213	MRE11	10uM	HT29	6h	LINCSCP_26670
LINCSCP_46222	-0.9992694839	0.02433528662	3	STK661558	LSM-2431	NA	10uM	PC3	24h	LINCSCP_46222
LINCSCP_11194	0.9992692449	0.02433926715	3	Deguelin	LSM-3368	AKT1	10uM	ASC	24h	LINCSCP_11194
LINCSCP_47308	-0.9992689063	0.02434490551	3	MLS000763523	LSM-43127	NA	10uM	PC3	24h	LINCSCP_47308
LINCSCP_51523	0.9992668786	0.02437864794	3	WYE 125132	LSM-1064	MTOR	10uM	SKBR3	6h	LINCSCP_51523
LINCSCP_61336	0.9992668556	0.02437902954	3	BRD-K38311495	LSM-10749	NA	5uM	VCAP	6h	LINCSCP_61336
LINCSCP_219323	-0.9992663604	0.02438726226	3	Simvastatin	LSM-2492	HMGCR	10uM	HEPG2	6h	LINCSCP_219323
LINCSCP_14770	-0.9992656251	0.02439948327	3	Thiethylperazine	LSM-3556	DRD2	10uM	HA1E	24h	LINCSCP_14770
LINCSCP_48334	-0.9992652977	0.02440492185	3	BRD-K66177994	LSM-44828	NA	5uM	PC3	24h	LINCSCP_48334
LINCSCP_184293	-0.9992647606	0.02441384153	3	BRD-K66626628	LSM-40902	NA	5uM	A375	24h	LINCSCP_184293
LINCSCP_84801	-0.9992645014	0.02441814575	3	PF-03758309	LSM-4254	PAK4	0.37uM	ASC	24h	LINCSCP_84801
LINCSCP_278028	0.9992641144	0.0244245688	3	BRD-K91701366	LSM-42265	NA	10uM	PC3	24h	LINCSCP_278028
LINCSCP_27607	0.9992632647	0.02443866777	3	BRD-K84143894	LSM-13573	NA	5uM	HT29	24h	LINCSCP_27607
LINCSCP_81534	0.9992630237	0.02444266569	3	GSK-1904529A	LSM-1134	IGF1R|INSR	1.11uM	A549	24h	LINCSCP_81534
LINCSCP_139290	-0.9992628868	0.02444493527	3	Chlorprothixene	LSM-42990	DRD2|DRD3|HTR2A|HTR2C	10uM	MCF7	24h	LINCSCP_139290
LINCSCP_106863	-0.9992621662	0.02445688197	3	Dipyridamole	LSM-3927	ADA|PDE10A|PDE1A|PDE1B|PDE1C|PDE2A|PDE3A|PDE3B|PDE4A|PDE4B|PDE4C|PDE4D|PDE5A|PDE6A|PDE6B|PDE6C|PDE6D|PDE6G|PDE6H|PDE7A|PDE7B|PDE8A|PDE8B|PDE9A|SLC29A1	10uM	HELA	24h	LINCSCP_106863
LINCSCP_65457	0.999261739	0.02446396265	3	BRD-K43680293	LSM-39676	NA	10uM	VCAP	6h	LINCSCP_65457
LINCSCP_31543	-0.9992603563	0.02448686382	3	ML162	LSM-1493	NA	10uM	MCF7	24h	LINCSCP_31543
LINCSCP_5534	-0.9992600238	0.02449236753	3	MLS002264446	LSM-3261	NA	10uM	A549	6h	LINCSCP_5534
LINCSCP_72647	-0.9992600201	0.0244924292	3	Colforsin	LSM-2193	ADCY2	0.37uM	A375	24h	LINCSCP_72647
LINCSCP_25993	0.9992595124	0.02450083124	3	MLS000583956	LSM-1515	NA	10uM	HT29	6h	LINCSCP_25993
LINCSCP_21518	-0.9992591759	0.02450639861	3	Cimetidine	LSM-2404	HRH2	10uM	HEPG2	6h	LINCSCP_21518
LINCSCP_13029	-0.9992583438	0.02452015957	3	BRD-K29064493-001-01-0	LSM-37036	NA	10uM	FIBRNPC	24h	LINCSCP_13029
LINCSCP_206538	0.9992576836	0.02453107072	3	SB225002	LSM-3367	CXCR2	10uM	DV90	6h	LINCSCP_206538
LINCSCP_239159	0.9992574876	0.02453430949	3	Saquinavir	LSM-2205	NA	10uM	MCF7	6h	LINCSCP_239159
LINCSCP_45488	-0.9992566821	0.02454761551	3	CHEMBL1700271	LSM-2719	NA	10uM	PC3	24h	LINCSCP_45488
LINCSCP_48458	-0.9992542883	0.02458711582	3	BRD-K72343629	LSM-41191	NA	10uM	PC3	24h	LINCSCP_48458
LINCSCP_237804	-0.9992520989	0.02462318707	3	Dicloxacillin	LSM-5234	NA	10uM	MCF7	24h	LINCSCP_237804
LINCSCP_138708	-0.9992513528	0.02463546814	3	Celecoxib	LSM-2032	PTGS2	10uM	MCF7	24h	LINCSCP_138708
LINCSCP_26818	0.9992505575	0.02464855095	3	Penfluridol	LSM-2334	NA	10uM	HT29	6h	LINCSCP_26818
LINCSCP_68382	0.999250309	0.02465263905	3	Wortmannin	LSM-3947	PIK3CA|PIK3CG|PLK1	10uM	VCAP	24h	LINCSCP_68382
LINCSCP_133413	-0.999249673	0.02466309438	3	PCI-32765	LSM-1129	BTK	3.33uM	MCF7	24h	LINCSCP_133413
LINCSCP_141031	0.9992496687	0.02466316505	3	179324-69-7	LSM-6281	ADRM1|PSMA1|PSMA2|PSMA3|PSMA4|PSMA5|PSMA6|PSMA7|PSMA8|PSMB1|PSMB10|PSMB11|PSMB2|PSMB3|PSMB4|PSMB5|PSMB6|PSMB7|PSMB8|PSMB9|PSMC1|PSMC2|PSMC3|PSMC4|PSMC5|PSMC6|PSMD1|PSMD11|PSMD12|PSMD13|PSMD14|PSMD2|PSMD3|PSMD4|PSMD6|PSMD7|PSMD8|SEM1	20uM	MCF7	24h	LINCSCP_141031
LINCSCP_44441	-0.9992495827	0.02466457928	3	Lasalocid	LSM-2214	NA	10uM	PC3	6h	LINCSCP_44441
LINCSCP_2831	0.9992490147	0.02467391259	3	NSC25485	LSM-1580	ATP1A1	10uM	A375	6h	LINCSCP_2831
LINCSCP_4360	0.999248731	0.02467857398	3	SB-206553	LSM-2800	HTR2B|HTR2C	10uM	A549	6h	LINCSCP_4360
LINCSCP_3254	-0.9992486357	0.02468013925	3	BRD-K17181267	LSM-9466	NA	5uM	A375	24h	LINCSCP_3254
LINCSCP_36704	0.9992484192	0.02468369469	3	AZD-8055	LSM-1007	MTOR	0.5uM	MCF7	6h	LINCSCP_36704
LINCSCP_25593	0.9992459836	0.02472366288	3	10-DEBC	LSM-4710	PIM1	20uM	HT29	24h	LINCSCP_25593
LINCSCP_270954	-0.9992459006	0.02472502289	3	HMS1476K01	LSM-43092	NA	10uM	PC3	6h	LINCSCP_270954
LINCSCP_17114	-0.9992446588	0.02474537472	3	Tacedinaline	LSM-19036	HDAC1|HDAC10|HDAC11|HDAC2|HDAC3|HDAC4|HDAC5|HDAC6|HDAC7|HDAC8|HDAC9	5uM	HA1E	24h	LINCSCP_17114
LINCSCP_159014	-0.9992445539	0.02474709406	3	BI-2536	LSM-1041	PLK1	0.04uM	PC3	24h	LINCSCP_159014
LINCSCP_249863	-0.9992435986	0.02476273716	3	BRD-K79758054	LSM-41623	NA	10uM	MCF7	24h	LINCSCP_249863
LINCSCP_38788	-0.9992425995	0.02477908875	3	CHEMBL2333346	LSM-36791	NA	0.12uM	MCF7	24h	LINCSCP_38788
LINCSCP_52260	-0.9992418708	0.0247910069	3	BRD-K61175124	LSM-36703	NA	10uM	SKB	24h	LINCSCP_52260
LINCSCP_65396	-0.9992415258	0.02479664812	3	BRD-K06973013	LSM-37647	NA	10uM	VCAP	6h	LINCSCP_65396
LINCSCP_45350	0.9992406064	0.02481167471	3	CHEMBL1394624	LSM-1401	NA	10uM	PC3	6h	LINCSCP_45350
LINCSCP_121614	-0.9992401293	0.02481946901	3	Lisofylline	LSM-45727	NA	3.33uM	HT29	24h	LINCSCP_121614
LINCSCP_225668	0.9992399538	0.02482233531	3	Targinine	LSM-36418	NA	10uM	HT29	6h	LINCSCP_225668
LINCSCP_97459	-0.9992397353	0.02482590339	3	TOFA	LSM-45429	NA	1.11uM	HA1E	24h	LINCSCP_97459
LINCSCP_2621	-0.9992394287	0.02483090905	3	TOCRIS-0930	LSM-2999	ADRB3	10uM	A375	6h	LINCSCP_2621
LINCSCP_109540	-0.9992388673	0.02484007205	3	Clenbuterol	LSM-5144	ADRB2	3.33uM	HELA	24h	LINCSCP_109540
LINCSCP_16727	-0.9992385282	0.02484560577	3	CHEMBL2143681	LSM-6163	NA	10uM	HA1E	6h	LINCSCP_16727
LINCSCP_60	0.9992379444	0.02485512948	3	Wortmannin	LSM-1318	PIK3CA|PIK3CG|PLK1	10uM	A375	6h	LINCSCP_60
LINCSCP_70450	-0.9992379044	0.02485578167	3	CHEMBL2132289	LSM-1044	RPS6KA3	0.12uM	A375	24h	LINCSCP_70450
LINCSCP_98991	-0.9992365504	0.02487785558	3	Alvimopan (monohydrate)	LSM-45414	OPRM1	3.33uM	HA1E	24h	LINCSCP_98991
LINCSCP_173299	-0.9992365238	0.02487828854	3	Ricolinostat	LSM-6324	NA	1.11uM	YAPC	24h	LINCSCP_173299
LINCSCP_76116	-0.9992364325	0.0248797773	3	Dacomitinib	LSM-42808	EGFR|ERBB2|ERBB3|ERBB4	10uM	A375	24h	LINCSCP_76116
LINCSCP_257913	0.9992357788	0.02489042531	3	SCHEMBL10061624	LSM-45114	NA	10uM	NEU	24h	LINCSCP_257913
LINCSCP_108452	-0.999234583	0.02490989377	3	179324-69-7	LSM-6281	ADRM1|PSMA1|PSMA2|PSMA3|PSMA4|PSMA5|PSMA6|PSMA7|PSMA8|PSMB1|PSMB10|PSMB11|PSMB2|PSMB3|PSMB4|PSMB5|PSMB6|PSMB7|PSMB8|PSMB9|PSMC1|PSMC2|PSMC3|PSMC4|PSMC5|PSMC6|PSMD1|PSMD11|PSMD12|PSMD13|PSMD14|PSMD2|PSMD3|PSMD4|PSMD6|PSMD7|PSMD8|SEM1	20uM	HELA	24h	LINCSCP_108452
LINCSCP_113847	-0.9992343449	0.02491376798	3	Sunitinib	LSM-42800	CSF1R|FLT1|FLT3|FLT4|KDR|KIT|PDGFRA|PDGFRB|RET	1.11uM	HME1	24h	LINCSCP_113847
LINCSCP_11300	0.9992341725	0.02491657415	3	Ethylbeta-carboline-3-carboxylate	LSM-3077	NA	10uM	ASC	24h	LINCSCP_11300
LINCSCP_136554	-0.9992337268	0.02492382373	3	FAMPRIDINE	LSM-45521	KCNA1|KCNA10|KCNA2|KCNA3|KCNA4|KCNA5|KCNA6|KCNA7|KCNB1|KCNB2|KCNC1|KCNC2|KCNC3|KCNC4|KCND1|KCND2|KCND3|KCNF1|KCNG1|KCNG2|KCNG3|KCNG4|KCNH1|KCNH2|KCNH3|KCNH4|KCNH5|KCNH6|KCNH7|KCNH8|KCNQ1|KCNQ2|KCNQ3|KCNQ4|KCNQ5|KCNS1|KCNS2|KCNS3|KCNV1|KCNV2	0.04uM	MCF7	24h	LINCSCP_136554
LINCSCP_117717	0.9992336968	0.02492431175	3	BAY 61-3606	LSM-1167	SYK	10uM	HT29	24h	LINCSCP_117717
LINCSCP_62442	-0.9992333871	0.0249293481	3	BRD-K27679491	LSM-10095	NA	5uM	VCAP	24h	LINCSCP_62442
LINCSCP_109262	-0.9992329968	0.02493569468	3	Dorzolamide HCL	LSM-45672	NA	0.04uM	HELA	24h	LINCSCP_109262
LINCSCP_41047	-0.9992329471	0.02493650339	3	CHEMBL3187550	LSM-43465	NA	10uM	NEU	24h	LINCSCP_41047
LINCSCP_27882	-0.9992306668	0.02497354553	3	BRD-K30644784	LSM-38944	NA	5uM	HT29	24h	LINCSCP_27882
LINCSCP_69379	0.9992304215	0.02497752777	3	BMS-345541	LSM-1028	IKBKB	0.04uM	A375	24h	LINCSCP_69379
LINCSCP_46636	-0.9992303468	0.02497873923	3	AC1O9I2Y	LSM-4707	NA	10uM	PC3	6h	LINCSCP_46636
LINCSCP_175143	0.9992300538	0.02498349447	3	Thioguanosine	LSM-5832	NA	0.04uM	YAPC	24h	LINCSCP_175143
LINCSCP_79858	0.9992296514	0.0249900227	3	salsoline	LSM-45527	NA	3.33uM	A375	24h	LINCSCP_79858
LINCSCP_43364	-0.999229622	0.02499050025	3	Glutamyldopamine	LSM-37219	NA	10uM	NPC	6h	LINCSCP_43364
LINCSCP_2069	-0.999229589	0.02499103436	3	ZINC02868881	LSM-4724	NA	10uM	A375	6h	LINCSCP_2069
LINCSCP_98522	-0.9992288211	0.02500348845	3	BX471	LSM-45629	NA	10uM	HA1E	24h	LINCSCP_98522
LINCSCP_116665	0.9992285708	0.02500754615	3	BMS-387032	LSM-1132	CDK2|CDK7|CDK9	0.12uM	HT29	24h	LINCSCP_116665
LINCSCP_173895	-0.9992281342	0.02501462302	3	Epothilone B (EPO906, Patupilone)	LSM-46001	NA	0.12uM	YAPC	24h	LINCSCP_173895
LINCSCP_20686	0.9992270455	0.02503226079	3	CHEMBL2135524	LSM-42623	NA	10uM	HCC515	6h	LINCSCP_20686
LINCSCP_54418	-0.9992265882	0.02503966444	3	4,11-Diethyl-4,9-dihydroxy-1H-pyrano[3',4':6,7]indolizino[1,2-b]quinoline-3,14(4H,12H)-dione	LSM-6189	TOP1	0.5uM	SW948	6h	LINCSCP_54418
LINCSCP_25343	-0.9992264612	0.02504172077	3	Ethoprophos	LSM-2169	ACHE	10uM	HT29	6h	LINCSCP_25343
LINCSCP_173021	0.9992263815	0.02504301191	3	Dasatinib	LSM-1020	ABL1|BCR|BLK|EPHA2|FGR|FRK|FYN|HCK|KIT|LCK|LYN|PDGFRB|SRC|SRMS|YES1	10uM	YAPC	24h	LINCSCP_173021
LINCSCP_41913	-0.9992259614	0.02504981044	3	GW843682X	LSM-1014	PLK1|PLK3	10uM	NOMO1	6h	LINCSCP_41913
LINCSCP_13371	0.9992259588	0.02504985329	3	PI-103	LSM-1126	MTOR|PIK3CA|PIK3CB|PIK3CD|PIK3CG	10uM	FIBRNPC	6h	LINCSCP_13371
LINCSCP_142214	-0.9992256762	0.02505442553	3	ESTRAMUSTINE	LSM-45460	NA	0.37uM	MCF7	24h	LINCSCP_142214
LINCSCP_189813	0.9992256116	0.02505547019	3	ZINC00969081	LSM-3555	NA	10uM	A549	6h	LINCSCP_189813
LINCSCP_163566	-0.9992250703	0.02506422819	3	PD-0325901	LSM-1101	MAP2K1|MAP2K2	1.11uM	SKBR3	24h	LINCSCP_163566
LINCSCP_29157	-0.9992248528	0.02506774499	3	BML-259	LSM-6266	CDK2|CDK5	80uM	JHUEM2	6h	LINCSCP_29157
LINCSCP_30350	0.999224096	0.02507998028	3	Thioridazine	LSM-1863	DRD1|DRD2|DRD3|DRD4|HTR2A|HTR2C	10uM	MCF7	6h	LINCSCP_30350
LINCSCP_61315	0.9992226689	0.0251030378	3	BRD-K09641927	LSM-9018	NA	5uM	VCAP	6h	LINCSCP_61315
LINCSCP_169159	0.9992220619	0.02511283777	3	Pimasertib	LSM-5946	MAP2K1|MAP2K2	3.33uM	YAPC	24h	LINCSCP_169159
LINCSCP_310496	-0.99922113	0.02512787691	3	13-Hydroxy-8,14,19-trimethoxy-4,10,12,16-tetramethyl-3,20,22-trioxo-2-azabicyclo[16.3.1]docosa-1(21),4,6,10,18-pentaen-9-yl carbamate	LSM-42815	HSP90AA1	1uM	VCAP	6h	LINCSCP_310496
LINCSCP_10173	-0.9992206948	0.02513489782	3	CHEMBL2333346	LSM-36791	NA	10uM	A549	24h	LINCSCP_10173
LINCSCP_3554	-0.9992203395	0.0251406266	3	BRD-K29251608	LSM-38858	NA	10uM	A375	24h	LINCSCP_3554
LINCSCP_21175	-0.9992194121	0.02515557726	3	Dactolisib	LSM-4255	MTOR|PIK3CA|PIK3CB|PIK3CD|PIK3CG|PIK3R1|PIK3R2|PIK3R3|PIK3R5	0.5uM	HCT116	6h	LINCSCP_21175
LINCSCP_69711	-0.9992191067	0.0251604986	3	Tivozanib	LSM-1005	FLT1|FLT4|KDR|KIT|PDGFRA|PDGFRB	0.37uM	A375	24h	LINCSCP_69711
LINCSCP_146911	-0.9992190311	0.02516171548	3	852475-26-4	LSM-43291	NA	1.11uM	NEU	24h	LINCSCP_146911
LINCSCP_62070	0.9992182511	0.02517427961	3	BRD-K98607641	LSM-14481	NA	5uM	VCAP	24h	LINCSCP_62070
LINCSCP_125115	0.9992177551	0.0251822665	3	Nemonapride	LSM-45497	NA	0.04uM	HT29	24h	LINCSCP_125115
LINCSCP_61731	0.9992175582	0.02518543494	3	BRD-K03013810	LSM-8620	NA	5uM	VCAP	24h	LINCSCP_61731
LINCSCP_28019	-0.9992174677	0.0251868923	3	BRD-K34604832	LSM-10515	NA	5uM	HT29	24h	LINCSCP_28019
LINCSCP_283964	-0.999217369	0.02518848146	3	Deoxy Cholate	LSM-5477	NA	10uM	SKB	24h	LINCSCP_283964
LINCSCP_8413	-0.9992169139	0.02519580396	3	CHEMBL2362317	LSM-12520	NA	5uM	A549	24h	LINCSCP_8413
LINCSCP_39408	0.9992163975	0.02520411093	3	EX-8678	LSM-1147	NA	1uM	MDAMB231	24h	LINCSCP_39408
LINCSCP_65195	0.999215936	0.0252115332	3	CHEMBL2130971	LSM-42090	NA	10uM	VCAP	6h	LINCSCP_65195
LINCSCP_66184	-0.9992147768	0.02523016635	3	BRD-K89326053	LSM-7991	NA	0.5uM	VCAP	24h	LINCSCP_66184
LINCSCP_29891	-0.9992147413	0.02523073591	3	YM 201636	LSM-1109	NA	1uM	MCF10A	24h	LINCSCP_29891
LINCSCP_28701	0.9992139038	0.02524418841	3	STK177393	LSM-36613	NA	10uM	HUH7	24h	LINCSCP_28701
LINCSCP_43842	0.999212414	0.02526810262	3	Wortmannin	LSM-3947	PIK3CA|PIK3CG|PLK1	1uM	PC3	6h	LINCSCP_43842
LINCSCP_111400	-0.999211146	0.02528843692	3	PF477736	LSM-1112	CHEK1	0.37uM	HEPG2	24h	LINCSCP_111400
LINCSCP_19288	0.9992106643	0.02529615838	3	SMP2_000081	LSM-43276	FKBP1A	20uM	HCC515	24h	LINCSCP_19288
LINCSCP_11209	-0.9992092365	0.02531903006	3	Propofol	LSM-3847	GABRA1|GABRA2|GABRA3|GABRA4|GABRA5|GABRA6|GABRB1|GABRB2|GABRB3|GABRD|GABRE|GABRG1|GABRG2|GABRG3|GABRP|GABRQ	10uM	ASC	24h	LINCSCP_11209
LINCSCP_3755	-0.999209047	0.02532206399	3	L-Sulforaphane	LSM-4919	NFE2L2	10uM	A375	24h	LINCSCP_3755
LINCSCP_243528	-0.9992087891	0.02532619254	3	Haloperidol	LSM-3512	DRD1|DRD2|DRD3|DRD4|HTR2A	10uM	MCF7	24h	LINCSCP_243528
LINCSCP_21988	0.9992087076	0.02532749601	3	5-Nonyloxytryptamine	LSM-20005	NA	10uM	HEPG2	6h	LINCSCP_21988
LINCSCP_40251	-0.9992084621	0.02533142536	3	PKC Beta Inhibitor	LSM-4753	PRKCB	10uM	NCIH508	6h	LINCSCP_40251
LINCSCP_60886	-0.9992076758	0.02534400524	3	BRD-K46359800	LSM-11257	NA	5uM	VCAP	24h	LINCSCP_60886
LINCSCP_160338	-0.9992074017	0.02534839034	3	BRD-A62647958	LSM-45248	NA	0.12uM	PC3	24h	LINCSCP_160338
LINCSCP_312537	-0.999207026	0.02535439758	3	BRD-K68338581-019-01-5	LSM-36579	NA	10uM	VCAP	24h	LINCSCP_312537
LINCSCP_89005	-0.9992067658	0.0253585576	3	SCHEMBL16980224	LSM-1092	AURKA	3.33uM	HA1E	24h	LINCSCP_89005
LINCSCP_136896	0.9992059037	0.02537233638	3	Amitriptyline	LSM-3190	CHRM1|CHRM2|CHRM3|CHRM4|CHRM5|HRH1|HTR6|SLC6A2|SLC6A4	10uM	MCF7	24h	LINCSCP_136896
LINCSCP_278890	-0.9992054974	0.02537882655	3	BRD-K78518750	LSM-41554	NA	10uM	PC3	24h	LINCSCP_278890
LINCSCP_70398	0.9992046728	0.02539199514	3	Mitoxantrone	LSM-2481	TOP2A	10uM	A375	24h	LINCSCP_70398
LINCSCP_42974	-0.9992046396	0.0253925255	3	BRD-K25164076	LSM-9959	NA	10uM	NPC	24h	LINCSCP_42974
LINCSCP_311643	-0.9992043741	0.0253967642	3	13-Methyl-7-[9-(4,4,5,5,5-pentafluoropentylsulfinyl)nonyl]-6,7,8,9,11,12,14,15,16,17-decahydrocyclopenta[a]phenanthrene-3,17-diol	LSM-1895	ESR1	0.5uM	VCAP	24h	LINCSCP_311643
LINCSCP_40070	-0.9992042626	0.02539854364	3	L-690330	LSM-4578	IMPA1	10uM	NCIH2073	6h	LINCSCP_40070
LINCSCP_2225	0.9992042617	0.02539855844	3	Alvocidib	LSM-1011	CDK1|CDK2|CDK4|CDK5|CDK6|CDK7|CDK8|CDK9|EGFR|PYGM	10uM	A375	6h	LINCSCP_2225
LINCSCP_30867	0.9992040428	0.02540205116	3	(1Ar,7as,10as,10br)-1a,5-Dimethyl-8-methylidene-2,3,6,7,7a,8,10a,10b-octahydrooxireno[9,10]cyclodeca[1,2-b]furan-9(1ah)-one	LSM-43089	NA	20uM	MCF7	6h	LINCSCP_30867
LINCSCP_24752	-0.9992022064	0.02543134219	3	CHEMBL2136735	LSM-1152	FGFR1|FGFR3|FLT1|FLT4|KDR|PDGFRA|PDGFRB	0.5uM	HS578T	24h	LINCSCP_24752
LINCSCP_34418	0.9992018908	0.02543637264	3	Diphemanil	LSM-4102	CHRM1|CHRM3	10uM	MCF7	6h	LINCSCP_34418
LINCSCP_29372	-0.9992006355	0.02545637031	3	Pevonedistat	LSM-6263	NAE1|UBA3	10uM	LOVO	6h	LINCSCP_29372
LINCSCP_39870	-0.9992003951	0.0254601988	3	PIK 75	LSM-44948	PIK3CA	0.1uM	NCIH1694	6h	LINCSCP_39870
LINCSCP_155372	-0.9992001541	0.02546403502	3	Andarine	LSM-5880	AR	0.04uM	PC3	24h	LINCSCP_155372
LINCSCP_23781	0.9991985686	0.02548926441	3	KUC111774N	LSM-36810	NA	10uM	HEPG2	24h	LINCSCP_23781
LINCSCP_5999	0.9991980198	0.0254979914	3	SCHEMBL15422014	LSM-44566	NA	10uM	A549	6h	LINCSCP_5999
LINCSCP_128477	-0.9991977848	0.02550172832	3	PCI-32765	LSM-1129	BTK	3.33uM	HUVEC	24h	LINCSCP_128477
LINCSCP_86101	-0.9991974938	0.02550635253	3	Imatinib	LSM-1023	ABL1|BCR|CSF1R|KIT|PDGFRA|PDGFRB	3.33uM	BT20	24h	LINCSCP_86101
LINCSCP_6374	-0.999197246	0.02551029168	3	RG7227, ITMN-191, RO5190591, 850876-88-9	LSM-43182	NA	10uM	A549	24h	LINCSCP_6374
LINCSCP_41071	0.9991968849	0.02551602864	3	CHEMBL2355362	LSM-41632	NA	10uM	NEU	24h	LINCSCP_41071
LINCSCP_48175	0.9991967958	0.02551744455	3	BRD-K06816133	LSM-37634	NA	5uM	PC3	24h	LINCSCP_48175
LINCSCP_4163	0.9991965181	0.02552185644	3	N-Formylmethionylalanine	LSM-1678	NA	10uM	A549	24h	LINCSCP_4163
LINCSCP_63533	-0.9991960672	0.02552901736	3	BRD-K84218095	LSM-13577	NA	5uM	VCAP	24h	LINCSCP_63533
LINCSCP_25658	0.9991958446	0.02553255239	3	PIK 90	LSM-6697	NA	10uM	HT29	24h	LINCSCP_25658
LINCSCP_32265	-0.9991954524	0.02553877767	3	HMS1484F20	LSM-43110	NA	10uM	MCF7	24h	LINCSCP_32265
LINCSCP_92793	-0.9991953682	0.02554011507	3	Altrenogest	LSM-45810	NA	10uM	HA1E	24h	LINCSCP_92793
LINCSCP_44045	-0.9991952471	0.02554203691	3	Ivachtin	LSM-3438	CASP3	10uM	PC3	24h	LINCSCP_44045
LINCSCP_168625	0.9991936102	0.0255680038	3	Ritonavir	LSM-5623	CYP1A2|CYP2B6|CYP2C19|CYP2C8|CYP2C9|CYP2D6|CYP2E1|CYP3A4|CYP3A5|CYP3A7	10uM	YAPC	24h	LINCSCP_168625
LINCSCP_123876	-0.999192742	0.02558176649	3	Aminocaproic acid	LSM-5733	PLAT|PLG	3.33uM	HT29	24h	LINCSCP_123876
LINCSCP_278192	-0.9991925073	0.02558548514	3	BRD-K80400482	LSM-13343	NA	10uM	PC3	24h	LINCSCP_278192
LINCSCP_173209	-0.9991917702	0.02559716183	3	AZD3514	LSM-45831	AR	1.11uM	YAPC	24h	LINCSCP_173209
LINCSCP_148607	-0.9991916681	0.02559877844	3	PHA-767491	LSM-6304	NA	0.04uM	NPC	24h	LINCSCP_148607
LINCSCP_9526	-0.9991914507	0.02560222011	3	SCHEMBL16226502	LSM-43056	HSP90AA1	0.5uM	A549	6h	LINCSCP_9526
LINCSCP_207864	-0.9991912112	0.02560601257	3	GSK-2334470	LSM-1222	PDK1|PDPK1	0.1uM	H1299	6h	LINCSCP_207864
LINCSCP_208177	-0.9991910923	0.02560789571	3	Fluticasone Propionate	LSM-3384	NR3C1|PGR	10uM	HA1E	6h	LINCSCP_208177
LINCSCP_72983	-0.9991909149	0.02561070394	3	Mitoxantrone	LSM-2481	TOP2A	1.11uM	A375	24h	LINCSCP_72983
LINCSCP_34057	-0.9991907203	0.0256137841	3	BRD-K62719675	LSM-40701	NA	10uM	MCF7	6h	LINCSCP_34057
LINCSCP_3827	-0.9991906492	0.0256149091	3	Estradiol	LSM-2421	ESR1|ESR2|NR1I2	0.37uM	A375	24h	LINCSCP_3827
LINCSCP_29531	-0.9991899403	0.02562612583	3	sorafenib	NA	BRAF|DDR2|FGFR1|FLT1|FLT3|FLT4|KDR|KIT|PDGFRB|RAF1|RET	10uM	MCF10A	24h	LINCSCP_29531
LINCSCP_648	-0.9991886644	0.02564630217	3	SMER28	LSM-4523	NA	10uM	A375	24h	LINCSCP_648
LINCSCP_100787	-0.9991883752	0.02565087241	3	GSK429286A	LSM-1012	ROCK1	3.33uM	HCC515	24h	LINCSCP_100787
LINCSCP_122415	-0.9991881505	0.02565442392	3	Ambrisentan	LSM-45789	EDNRA|EDNRB	0.04uM	HT29	24h	LINCSCP_122415
LINCSCP_58910	0.9991869824	0.02567287631	3	Gefitinib	LSM-1098	EGFR	10uM	VCAP	24h	LINCSCP_58910
LINCSCP_78945	-0.9991859832	0.02568864877	3	Simeprevir	LSM-45598	NA	1.11uM	A375	24h	LINCSCP_78945
LINCSCP_239290	0.9991853296	0.02569896181	3	Escitalopram	LSM-3569	SLC6A4	10uM	MCF7	6h	LINCSCP_239290
LINCSCP_19842	-0.9991853188	0.02569913154	3	CHEMBL1456638	LSM-42884	NA	10uM	HCC515	6h	LINCSCP_19842
LINCSCP_21260	-0.9991851527	0.02570175281	3	MLN 2238	LSM-4944	PSMB1	10uM	HCT116	6h	LINCSCP_21260
LINCSCP_35949	0.999183557	0.02572690811	3	Skiii	LSM-2462	SPHK1	3uM	MCF7	24h	LINCSCP_35949
LINCSCP_130025	0.999183194	0.025732629	3	Imatinib	LSM-1023	ABL1|BCR|CSF1R|KIT|PDGFRA|PDGFRB	0.04uM	LNCAP	24h	LINCSCP_130025
LINCSCP_20094	0.9991824484	0.02574437226	3	ALD1-H_001128	LSM-45103	NA	10uM	HCC515	6h	LINCSCP_20094
LINCSCP_2986	-0.9991821846	0.02574852546	3	BRD-K50521229	LSM-6124	NA	10uM	A375	6h	LINCSCP_2986
LINCSCP_2130	-0.999182116	0.02574960548	3	Fluticasone	LSM-5328	NR3C1|PGR	10uM	A375	6h	LINCSCP_2130
LINCSCP_5097	-0.9991810598	0.0257662285	3	639090-55-4	LSM-2500	NA	10uM	A549	6h	LINCSCP_5097
LINCSCP_301992	0.9991806777	0.0257722402	3	BRD-K85208848	LSM-13638	NA	5uM	VCAP	6h	LINCSCP_301992
LINCSCP_76260	-0.9991805627	0.02577404806	3	Quinidine Gluconate	LSM-46038	SCN5A	10uM	A375	24h	LINCSCP_76260
LINCSCP_116219	-0.9991799887	0.02578307556	3	Enzastaurin	LSM-1069	PRKCB	1.11uM	HT29	24h	LINCSCP_116219
LINCSCP_156291	-0.9991793064	0.02579380085	3	Penfluridol	LSM-2334	NA	0.37uM	PC3	24h	LINCSCP_156291
LINCSCP_76496	-0.9991792001	0.02579547133	3	179324-69-7	LSM-6281	ADRM1|PSMA1|PSMA2|PSMA3|PSMA4|PSMA5|PSMA6|PSMA7|PSMA8|PSMB1|PSMB10|PSMB11|PSMB2|PSMB3|PSMB4|PSMB5|PSMB6|PSMB7|PSMB8|PSMB9|PSMC1|PSMC2|PSMC3|PSMC4|PSMC5|PSMC6|PSMD1|PSMD11|PSMD12|PSMD13|PSMD14|PSMD2|PSMD3|PSMD4|PSMD6|PSMD7|PSMD8|SEM1	20uM	A375	24h	LINCSCP_76496
LINCSCP_78489	-0.9991783313	0.02580912207	3	Tetrahydrouridine	LSM-45757	NA	0.04uM	A375	24h	LINCSCP_78489
LINCSCP_82982	0.9991780905	0.02581290373	3	TPCA-1	LSM-1136	IKBKB	0.37uM	ASC.C	24h	LINCSCP_82982
LINCSCP_54677	0.9991778446	0.02581676531	3	MLS000106215	LSM-4009	NA	100uM	SW948	6h	LINCSCP_54677
LINCSCP_125742	-0.9991777143	0.02581881214	3	Zosuquidar	LSM-5782	ABCB1	1.11uM	HT29	24h	LINCSCP_125742
LINCSCP_156079	0.9991774774	0.02582253115	3	179324-69-7	LSM-6281	ADRM1|PSMA1|PSMA2|PSMA3|PSMA4|PSMA5|PSMA6|PSMA7|PSMA8|PSMB1|PSMB10|PSMB11|PSMB2|PSMB3|PSMB4|PSMB5|PSMB6|PSMB7|PSMB8|PSMB9|PSMC1|PSMC2|PSMC3|PSMC4|PSMC5|PSMC6|PSMD1|PSMD11|PSMD12|PSMD13|PSMD14|PSMD2|PSMD3|PSMD4|PSMD6|PSMD7|PSMD8|SEM1	20uM	PC3	24h	LINCSCP_156079
LINCSCP_48220	0.9991774644	0.02582273605	3	BRD-K88590679	LSM-42100	NA	5uM	PC3	24h	LINCSCP_48220
LINCSCP_38771	-0.9991770124	0.02582982986	3	TP14	LSM-45308	NA	0.04uM	MCF7	24h	LINCSCP_38771
LINCSCP_141861	-0.9991769927	0.0258301397	3	Rosuvastatin	LSM-43032	HMGCR	0.12uM	MCF7	24h	LINCSCP_141861
LINCSCP_26636	-0.9991769049	0.02583151778	3	BRD-K34387287	LSM-6106	NA	10uM	HT29	6h	LINCSCP_26636
LINCSCP_34259	0.9991766007	0.0258362908	3	Allantoin	LSM-5190	NA	10uM	MCF7	24h	LINCSCP_34259
LINCSCP_43846	0.9991757743	0.0258492551	3	SMR000064811	LSM-22739	NA	10uM	PC3	6h	LINCSCP_43846
LINCSCP_26128	0.9991749918	0.02586152488	3	MLS002264468	LSM-3473	NA	10uM	HT29	6h	LINCSCP_26128
LINCSCP_2344	-0.9991749481	0.02586220883	3	CAY10577	LSM-5469	NA	10uM	A375	6h	LINCSCP_2344
LINCSCP_151205	-0.999173019	0.02589243058	3	PHA-793887	LSM-1073	CDK1|CDK10|CDK11B|CDK12|CDK13|CDK14|CDK15|CDK16|CDK17|CDK18|CDK19|CDK2|CDK20|CDK3|CDK4|CDK5|CDK6|CDK7|CDK8|CDK9	0.12uM	PC3	24h	LINCSCP_151205
LINCSCP_162290	0.9991730032	0.02589267827	3	Thiothixene	LSM-43048	HTR2A	10uM	PC3	24h	LINCSCP_162290
LINCSCP_243123	-0.9991727179	0.02589714374	3	XUKUURHRXDUEBC-UHFFFAOYSA-N	LSM-5164	DPP4|HMGCR	10uM	MCF7	6h	LINCSCP_243123
LINCSCP_241123	-0.9991727114	0.025897246	3	BP-554	LSM-3007	HTR1A	10uM	MCF7	24h	LINCSCP_241123
LINCSCP_12563	-0.9991724753	0.02590094214	3	CHEMBL179288	LSM-3648	NA	10uM	CL34	6h	LINCSCP_12563
LINCSCP_95277	0.9991708358	0.02592659028	3	Altretamine	LSM-3492	NA	3.33uM	HA1E	24h	LINCSCP_95277
LINCSCP_43370	-0.9991700351	0.02593910723	3	Didesmethylimipramine	LSM-37238	NA	10uM	NPC	6h	LINCSCP_43370
LINCSCP_45012	0.9991699874	0.02593985271	3	BSPBIO_001592	LSM-43102	PTGS1|PTGS2	50uM	PC3	24h	LINCSCP_45012
LINCSCP_175425	-0.9991695958	0.02594597141	3	179324-69-7	LSM-6281	ADRM1|PSMA1|PSMA2|PSMA3|PSMA4|PSMA5|PSMA6|PSMA7|PSMA8|PSMB1|PSMB10|PSMB11|PSMB2|PSMB3|PSMB4|PSMB5|PSMB6|PSMB7|PSMB8|PSMB9|PSMC1|PSMC2|PSMC3|PSMC4|PSMC5|PSMC6|PSMD1|PSMD11|PSMD12|PSMD13|PSMD14|PSMD2|PSMD3|PSMD4|PSMD6|PSMD7|PSMD8|SEM1	20uM	YAPC	24h	LINCSCP_175425
LINCSCP_152389	0.9991690848	0.02595395487	3	GSK 1059615	LSM-42799	PIK3CA|PIK3CB|PIK3CD|PIK3CG	10uM	PC3	24h	LINCSCP_152389
LINCSCP_5032	0.9991687431	0.02595929175	3	3,6-Diphenyl-1,2,4-triazin-5-yl methyl ether	LSM-4108	NA	10uM	A549	24h	LINCSCP_5032
LINCSCP_94056	-0.9991681817	0.02596805707	3	Roxithromycin	LSM-45999	NA	10uM	HA1E	24h	LINCSCP_94056
LINCSCP_73872	-0.9991680652	0.02596987687	3	GW842166X	LSM-45586	CNR2	10uM	A375	24h	LINCSCP_73872
LINCSCP_72776	-0.999167547	0.02597796402	3	Iniparib	LSM-6317	PARP1	10uM	A375	24h	LINCSCP_72776
LINCSCP_25312	0.9991671914	0.02598351288	3	Rhodomyrtoxin B	LSM-1285	SLCO1B3	10uM	HT29	6h	LINCSCP_25312
LINCSCP_234243	0.9991670343	0.0259859644	3	KO143	LSM-6260	ABCG2	40uM	JHUEM2	6h	LINCSCP_234243
LINCSCP_133721	0.9991655792	0.02600865502	3	Ricolinostat	LSM-6324	NA	10uM	MCF7	24h	LINCSCP_133721
LINCSCP_81225	-0.9991652977	0.02601304191	3	PF477736	LSM-1112	CHEK1	0.04uM	A549	24h	LINCSCP_81225
LINCSCP_41170	-0.999163961	0.02603386461	3	Tolcapone	LSM-5282	COMT	10uM	NEU	24h	LINCSCP_41170
LINCSCP_39963	-0.9991637782	0.0260367115	3	(S)-Tipifarnib	LSM-6259	NA	10uM	NCIH1836	6h	LINCSCP_39963
LINCSCP_111546	-0.9991620954	0.02606290066	3	AZD-8055	LSM-1007	MTOR	0.04uM	HEPG2	24h	LINCSCP_111546
LINCSCP_17795	-0.999161726	0.02606864538	3	79966-13-5	LSM-6665	NA	10uM	HCC15	6h	LINCSCP_17795
LINCSCP_133492	0.9991616071	0.02607049465	3	BRD-A25736793	LSM-43054	MTOR	1.11uM	MCF7	24h	LINCSCP_133492
LINCSCP_20660	-0.9991613554	0.02607440818	3	BRD-K76073118	LSM-41422	NA	10uM	HCC515	6h	LINCSCP_20660
LINCSCP_160071	-0.9991611261	0.02607797323	3	NMS-1286937	LSM-45818	NA	3.33uM	PC3	24h	LINCSCP_160071
LINCSCP_90838	0.9991608126	0.0260828463	3	3-Aminobenzamide	LSM-4525	NA	1.11uM	HA1E	24h	LINCSCP_90838
LINCSCP_65521	0.9991606799	0.02608490877	3	BRD-K78496556	LSM-41553	NA	10uM	VCAP	6h	LINCSCP_65521
LINCSCP_37735	0.9991605917	0.02608627871	3	Vorinostat	LSM-3828	HDAC1|HDAC2|HDAC3|HDAC6|HDAC8	3uM	MCF7	24h	LINCSCP_37735
LINCSCP_21698	-0.999159965	0.02609601692	3	Tyrphostin 1	LSM-2933	NA	10uM	HEPG2	6h	LINCSCP_21698
LINCSCP_40855	-0.9991597944	0.0260986667	3	2-Fluoroadenosine	LSM-4828	RRM1	10uM	NEU	24h	LINCSCP_40855
LINCSCP_25127	-0.999159738	0.02609954298	3	Veliparib	LSM-1146	PARP1|PARP2	10uM	HT115	6h	LINCSCP_25127
LINCSCP_154412	-0.9991596054	0.02610160265	3	Imiloxan	LSM-1308	ADRA2A|ADRA2B	1.11uM	PC3	24h	LINCSCP_154412
LINCSCP_133723	-0.99915903	0.02611053678	3	Ricolinostat	LSM-6324	NA	1.11uM	MCF7	24h	LINCSCP_133723
LINCSCP_1344	0.9991588795	0.02611287347	3	2-(4-Chlorophenyl)-4-propan-2-yloxyquinazoline	LSM-3936	NA	10uM	A375	6h	LINCSCP_1344
LINCSCP_39260	0.9991583521	0.02612106076	3	BI-2536	LSM-1041	PLK1	10uM	MDAMB231	6h	LINCSCP_39260
LINCSCP_75894	-0.9991571318	0.0261399934	3	Ketoconazole	LSM-6434	NA	10uM	A375	24h	LINCSCP_75894
LINCSCP_150127	-0.9991566992	0.02614670168	3	Cyclohexanecarboxamide, 4-(1-aminoethyl)-n-4-pyridinyl-, trans-	LSM-1177	ROCK1|ROCK2	0.12uM	NPC.TAK	24h	LINCSCP_150127
LINCSCP_120470	-0.9991554476	0.02616610001	3	NG,NG-Dimethyl-L-arginine, Dihydrochloride	LSM-45294	NA	0.37uM	HT29	24h	LINCSCP_120470
LINCSCP_56123	-0.9991540798	0.02618728249	3	Seliciclib	LSM-1001	CDK1|CDK2|CDK5|CDK7|CDK9	10uM	VCAP	6h	LINCSCP_56123
LINCSCP_16942	0.9991539119	0.02618988129	3	GSK-1059615	LSM-42798	PIK3CA|PIK3CB|PIK3CD|PIK3CG|PIK3R1|PIK3R2|PIK3R3|PIK3R5	10uM	HA1E	6h	LINCSCP_16942
LINCSCP_22453	-0.999152805	0.02620701068	3	HG-5-88-01	LSM-42725	COQ8B|EGFR	10uM	HEPG2	6h	LINCSCP_22453
LINCSCP_43655	0.9991517511	0.02622330786	3	Trichostatin	LSM-43005	HDAC1|HDAC10|HDAC3|HDAC4|HDAC6|HDAC7|HDAC8	10uM	NPC	6h	LINCSCP_43655
LINCSCP_153865	-0.99915129	0.02623043524	3	Tamatinib	LSM-1040	SYK	3.33uM	PC3	24h	LINCSCP_153865
LINCSCP_89818	-0.999150574	0.02624149975	3	179324-69-7	LSM-6281	ADRM1|PSMA1|PSMA2|PSMA3|PSMA4|PSMA5|PSMA6|PSMA7|PSMA8|PSMB1|PSMB10|PSMB11|PSMB2|PSMB3|PSMB4|PSMB5|PSMB6|PSMB7|PSMB8|PSMB9|PSMC1|PSMC2|PSMC3|PSMC4|PSMC5|PSMC6|PSMD1|PSMD11|PSMD12|PSMD13|PSMD14|PSMD2|PSMD3|PSMD4|PSMD6|PSMD7|PSMD8|SEM1	20uM	HA1E	24h	LINCSCP_89818
LINCSCP_144917	0.999150212	0.02624709174	3	C19H19FN4O3	LSM-1178	FGFR1|FLT1|KDR	1.11uM	MDAMB231	24h	LINCSCP_144917
LINCSCP_18173	0.9991501485	0.02624807111	3	Niguldipine	LSM-1688	ADRA1A|CACNA1C	10uM	HCC515	24h	LINCSCP_18173
LINCSCP_9677	-0.9991496319	0.02625604886	3	Wortmannin	LSM-3947	PIK3CA|PIK3CG|PLK1	0.5uM	A549	24h	LINCSCP_9677
LINCSCP_279492	-0.9991488451	0.02626819532	3	BRD-K54577741	LSM-40259	NA	10uM	PC3	6h	LINCSCP_279492
LINCSCP_129209	-0.9991488021	0.02626885843	3	Rigosertib	LSM-44531	CDK1|F2R|FLT1|FYN|PDGFRA|PLK1|PLK2|SRC	10uM	HUVEC	24h	LINCSCP_129209
LINCSCP_100304	-0.9991475708	0.02628785361	3	BRD-A25736793	LSM-43054	MTOR	0.12uM	HCC515	24h	LINCSCP_100304
LINCSCP_117785	-0.9991473569	0.02629115198	3	HMN-214	LSM-42802	CSF1R|FLT1|FLT3|FLT4|KDR|KIT|PDGFRB|RET	1.11uM	HT29	24h	LINCSCP_117785
LINCSCP_152437	-0.9991465076	0.02630424476	3	SB239063	LSM-1036	MAPK11|MAPK14	10uM	PC3	24h	LINCSCP_152437
LINCSCP_60105	0.9991461897	0.0263091441	3	BRD-K99805333	LSM-8101	NA	5uM	VCAP	24h	LINCSCP_60105
LINCSCP_250138	-0.9991443104	0.02633808664	3	Broad-Sai-609	LSM-45327	NA	3uM	MCF7	6h	LINCSCP_250138
LINCSCP_123215	-0.9991442179	0.02633951026	3	Tedizolid	LSM-45778	NA	0.37uM	HT29	24h	LINCSCP_123215
LINCSCP_148536	-0.9991440493	0.02634210533	3	KW-2449	LSM-42803	ABL1|AURKA|AURKB|FLT3	0.37uM	NPC	24h	LINCSCP_148536
LINCSCP_105956	-0.9991439234	0.02634404305	3	Targinine	LSM-36418	NA	0.04uM	HELA	24h	LINCSCP_105956
LINCSCP_60102	0.9991437771	0.02634629367	3	CHEMBL2356547	LSM-8092	NA	5uM	VCAP	24h	LINCSCP_60102
LINCSCP_36263	-0.9991431392	0.02635610809	3	Scriptaid	LSM-2499	HDAC1	1uM	MCF7	24h	LINCSCP_36263
LINCSCP_153492	-0.9991425714	0.02636484025	3	MILTEFOSINE [5mM]	LSM-45587	NA	10uM	PC3	24h	LINCSCP_153492
LINCSCP_15006	0.9991424594	0.02636656283	3	Mepireserpate	LSM-1758	SLC18A1|SLC18A2	10uM	HA1E	24h	LINCSCP_15006
LINCSCP_142547	-0.9991404916	0.0263968013	3	R-7128	LSM-45627	NA	10uM	MCF7	24h	LINCSCP_142547
LINCSCP_41049	-0.9991398002	0.0264074175	3	BRD-K36232729	LSM-39255	NA	10uM	NEU	24h	LINCSCP_41049
LINCSCP_151941	0.9991397577	0.02640806958	3	PFI-1	LSM-6331	NA	10uM	PC3	24h	LINCSCP_151941
LINCSCP_236280	0.9991397074	0.02640884249	3	Fluoxetine	LSM-1449	SLC6A4	10uM	MCF7	6h	LINCSCP_236280
LINCSCP_113031	-0.9991394488	0.02641281144	3	Saracatinib	LSM-1032	ABL1|SRC	0.12uM	HME1	24h	LINCSCP_113031
LINCSCP_156114	0.9991389971	0.02641974371	3	AT-7519	LSM-1004	CDK1|CDK10|CDK11B|CDK12|CDK13|CDK14|CDK15|CDK16|CDK17|CDK18|CDK19|CDK2|CDK20|CDK3|CDK4|CDK5|CDK6|CDK7|CDK8|CDK9	0.04uM	PC3	24h	LINCSCP_156114
LINCSCP_284041	-0.9991385248	0.02642698961	3	MLN-8054	LSM-1066	AURKA	10uM	SKB	24h	LINCSCP_284041
LINCSCP_129221	0.9991385088	0.02642723494	3	MLS006011051	LSM-42801	BRAF	10uM	HUVEC	24h	LINCSCP_129221
LINCSCP_170135	-0.9991374963	0.02644276309	3	CPI-613	LSM-45873	NA	0.04uM	YAPC	24h	LINCSCP_170135
LINCSCP_123416	0.9991365504	0.02645725975	3	TAK-715	LSM-1060	MAPK14	3.33uM	HT29	24h	LINCSCP_123416
LINCSCP_15028	0.9991362622	0.02646167544	3	L 741,742	LSM-2276	DRD4	10uM	HA1E	24h	LINCSCP_15028
LINCSCP_168080	-0.9991360227	0.02646534539	3	Iniparib	LSM-6317	PARP1	10uM	YAPC	24h	LINCSCP_168080
LINCSCP_155379	-0.9991356137	0.02647160867	3	Moxonidine	LSM-3743	NISCH	10uM	PC3	24h	LINCSCP_155379
LINCSCP_16237	-0.9991346475	0.02648640217	3	ST50850895	LSM-4492	NA	10uM	HA1E	6h	LINCSCP_16237
LINCSCP_61715	0.999134365	0.02649072607	3	BRD-K66357706	LSM-12472	NA	5uM	VCAP	6h	LINCSCP_61715
LINCSCP_50270	-0.9991334568	0.02650462162	3	NSC 663284	LSM-2042	CDC25A|CDC25B	3uM	PHH	24h	LINCSCP_50270
LINCSCP_45829	0.9991324876	0.02651944168	3	BRD-K55216615	LSM-3230	NA	10uM	PC3	6h	LINCSCP_45829
LINCSCP_106556	0.9991305831	0.02654853926	3	Cabozantinib	LSM-1195	KDR|MET	3.33uM	HELA	24h	LINCSCP_106556
LINCSCP_7568	-0.999130471	0.02655025082	3	NNC 26-9100	LSM-2163	GBA|SSTR4	10uM	A549	24h	LINCSCP_7568
LINCSCP_123412	-0.9991293856	0.02656681935	3	8-Cyclohexyl-2,3,3a,4,5,6-hexahydro-1H-pyrazino[3,2,1-jk]carbazole	LSM-1624	MAOA	0.37uM	HT29	24h	LINCSCP_123412
LINCSCP_47291	-0.9991291181	0.02657090053	3	Tizanidine	LSM-5242	ADRA2A|ADRA2B|ADRA2C	10uM	PC3	24h	LINCSCP_47291
LINCSCP_40312	0.999129028	0.02657227552	3	MLS000709026	LSM-43139	RAD51	40uM	NCIH596	6h	LINCSCP_40312
LINCSCP_66412	-0.999128623	0.02657845345	3	13-Hydroxy-8,14,19-trimethoxy-4,10,12,16-tetramethyl-3,20,22-trioxo-2-azabicyclo[16.3.1]docosa-1(21),4,6,10,18-pentaen-9-yl carbamate	LSM-42815	HSP90AA1	10uM	A375	24h	LINCSCP_66412
LINCSCP_46252	-0.9991284672	0.02658083049	3	CHEMBL2134949	LSM-40355	NA	10uM	PC3	24h	LINCSCP_46252
LINCSCP_54678	-0.9991279723	0.0265883776	3	Trifluoperazine	LSM-4010	DRD2|DRD3|DRD4|HTR2A|HTR2C	10uM	SW948	6h	LINCSCP_54678
LINCSCP_53949	-0.9991263105	0.02661370295	3	PF750	LSM-6277	FAAH	80uM	SNUC5	6h	LINCSCP_53949
LINCSCP_28378	0.9991262551	0.02661454701	3	BRD-K63455741	LSM-40744	NA	10uM	HT29	24h	LINCSCP_28378
LINCSCP_46943	0.9991231439	0.02666189505	3	Everolimus	LSM-43172	FKBP1A|MTOR	10uM	PC3	6h	LINCSCP_46943
LINCSCP_107065	-0.999122741	0.0266680216	3	Mirtazapine	LSM-1706	ADRA2A|ADRA2B|ADRA2C|HTR2A|HTR2C|HTR3A	0.12uM	HELA	24h	LINCSCP_107065
LINCSCP_32656	0.999122585	0.02667039253	3	BMS-345541	LSM-1028	IKBKB	10uM	MCF7	6h	LINCSCP_32656
LINCSCP_223576	0.9991224878	0.02667186984	3	Pepstatin	LSM-2282	NA	10uM	HT29	24h	LINCSCP_223576
LINCSCP_94450	-0.9991224208	0.02667288821	3	Dacomitinib	LSM-42808	EGFR|ERBB2|ERBB3|ERBB4	1.11uM	HA1E	24h	LINCSCP_94450
LINCSCP_51475	0.9991220748	0.02667814703	3	Neratinib	LSM-42778	EGFR|ERBB2|ERBB4	10uM	SKBR3	24h	LINCSCP_51475
LINCSCP_32190	-0.9991206446	0.02669987088	3	BRD-K53327986	LSM-6127	NA	10uM	MCF7	24h	LINCSCP_32190
LINCSCP_13473	0.9991201849	0.02670684978	3	Dactolisib	LSM-4255	MTOR|PIK3CA|PIK3CB|PIK3CD|PIK3CG|PIK3R1|PIK3R2|PIK3R3|PIK3R5	0.5uM	H1299	6h	LINCSCP_13473
LINCSCP_54215	-0.9991193267	0.02671987499	3	Tolazamide	LSM-2699	ABCC8|KCNJ11	10uM	SW620	6h	LINCSCP_54215
LINCSCP_81706	-0.9991191538	0.02672249794	3	CHIR-99021	LSM-1181	NA	3.33uM	A549	24h	LINCSCP_81706
LINCSCP_165937	0.9991191002	0.02672331079	3	GSK-J2	LSM-44940	NA	0.04uM	SKL	24h	LINCSCP_165937
LINCSCP_14874	0.9991190687	0.02672378834	3	Apigenin Triacetate	LSM-2246	NA	10uM	HA1E	6h	LINCSCP_14874
LINCSCP_2761	-0.9991190178	0.02672456046	3	Estra-1,3,5(10),7-tetraen-17-one, 3-hydroxy-	LSM-1881	HSD17B1	10uM	A375	6h	LINCSCP_2761
LINCSCP_24636	0.9991176438	0.0267453958	3	OSI-027	LSM-1063	MTOR	0.1uM	HS578T	6h	LINCSCP_24636
LINCSCP_115519	0.9991171792	0.02675243753	3	Pictilisib	LSM-1047	PIK3CA|PIK3CB|PIK3CD|PIK3CG|PIK3R1|PIK3R2|PIK3R3|PIK3R5	3.33uM	HS578T	24h	LINCSCP_115519
LINCSCP_122630	0.9991169134	0.02675646472	3	Ambroxol	LSM-3260	CYP3A4	0.12uM	HT29	24h	LINCSCP_122630
LINCSCP_73425	0.9991168165	0.02675793365	3	Tyrphostin AG-112	LSM-43079	NA	0.12uM	A375	24h	LINCSCP_73425
LINCSCP_59778	-0.9991167777	0.02675852118	3	BRD-K58273050	LSM-40456	NA	5uM	VCAP	6h	LINCSCP_59778
LINCSCP_146739	-0.9991165763	0.02676157276	3	(R)-(-)-Jq1 enantiomer	LSM-6333	NA	0.37uM	NEU	24h	LINCSCP_146739
LINCSCP_88631	-0.9991165575	0.02676185645	3	AZD-1775	LSM-1153	WEE1	0.12uM	HA1E	24h	LINCSCP_88631
LINCSCP_234757	-0.9991163843	0.02676447981	3	AR-C133057XX	LSM-6244	NOS2	10uM	LOVO	6h	LINCSCP_234757
LINCSCP_41259	-0.9991150969	0.02678397374	3	BRD-A35825362	LSM-36878	NA	10uM	NEU	6h	LINCSCP_41259
LINCSCP_294137	-0.9991150614	0.02678451099	3	Ethinyl Estradiol	LSM-5593	ESR1	10uM	VCAP	6h	LINCSCP_294137
LINCSCP_100935	-0.9991148479	0.02678774178	3	Dabrafenib	LSM-6303	BRAF	0.37uM	HCC515	24h	LINCSCP_100935
LINCSCP_103652	-0.9991148101	0.02678831415	3	Niclosamide	LSM-2787	STAT3	0.37uM	HELA	24h	LINCSCP_103652
LINCSCP_77578	-0.9991143017	0.02679600711	3	pancuronium	LSM-45391	NA	0.04uM	A375	24h	LINCSCP_77578
LINCSCP_223950	0.999113674	0.02680550244	3	Haloperidol	LSM-3512	DRD1|DRD2|DRD3|DRD4|HTR2A	10uM	HT29	6h	LINCSCP_223950
LINCSCP_175659	-0.9991135919	0.02680674381	3	Imatinib	LSM-1023	ABL1|BCR|CSF1R|KIT|PDGFRA|PDGFRB	3.33uM	YAPC	24h	LINCSCP_175659
LINCSCP_79398	-0.9991130347	0.02681516982	3	RUTIN	LSM-45936	NA	3.33uM	A375	24h	LINCSCP_79398
LINCSCP_19297	0.9991114171	0.02683961339	3	Valdecoxib	LSM-5305	PTGS2	100uM	HCC515	24h	LINCSCP_19297
LINCSCP_138269	-0.9991113667	0.02684037497	3	Rilpivirine	LSM-45777	NA	0.04uM	MCF7	24h	LINCSCP_138269
LINCSCP_239007	0.9991109921	0.02684603275	3	Sertraline	LSM-3843	SLC6A4	10uM	MCF7	24h	LINCSCP_239007
LINCSCP_254170	-0.9991101199	0.02685920066	3	BRD-K75813018	LSM-13065	NA	3uM	MCF7	6h	LINCSCP_254170
LINCSCP_110610	-0.9991093474	0.02687085784	3	179324-69-7	LSM-6281	ADRM1|PSMA1|PSMA2|PSMA3|PSMA4|PSMA5|PSMA6|PSMA7|PSMA8|PSMB1|PSMB10|PSMB11|PSMB2|PSMB3|PSMB4|PSMB5|PSMB6|PSMB7|PSMB8|PSMB9|PSMC1|PSMC2|PSMC3|PSMC4|PSMC5|PSMC6|PSMD1|PSMD11|PSMD12|PSMD13|PSMD14|PSMD2|PSMD3|PSMD4|PSMD6|PSMD7|PSMD8|SEM1	20uM	HELA	24h	LINCSCP_110610
LINCSCP_20227	-0.9991088193	0.02687882352	3	CP466722	LSM-1009	ATM	10uM	HCC515	6h	LINCSCP_20227
LINCSCP_28899	0.9991084412	0.02688452609	3	Cucurbitacin I	LSM-42825	JAK2|STAT3	10uM	HUH7	6h	LINCSCP_28899
LINCSCP_81548	-0.9991082231	0.0268878152	3	PD-173074	LSM-1026	FGFR1|FGFR3	0.12uM	A549	24h	LINCSCP_81548
LINCSCP_108486	-0.9991078681	0.02689316737	3	NMS-1286937	LSM-45818	NA	3.33uM	HELA	24h	LINCSCP_108486
LINCSCP_815	-0.9991077198	0.02689540221	3	TH02453-036-P1	LSM-6273	NA	10uM	A375	24h	LINCSCP_815
LINCSCP_87683	-0.9991075456	0.02689802849	3	LDN 193189	LSM-1115	ACVR1|BMPR1A	1.11uM	HA1E	24h	LINCSCP_87683
LINCSCP_148434	-0.9991062111	0.02691813454	3	Sirolimus	LSM-42783	FKBP1A|MTOR	10uM	NPC	24h	LINCSCP_148434
LINCSCP_26984	-0.9991056125	0.02692714761	3	Cyclosporine	LSM-42883	PPIA|PPP3CA	10uM	HT29	6h	LINCSCP_26984
LINCSCP_56204	-0.9991044151	0.02694517018	3	Formoterol	LSM-4251	ADRB2	10uM	VCAP	6h	LINCSCP_56204
LINCSCP_83962	0.9991036628	0.02695648663	3	SCHEMBL15556278	LSM-1002	DDR1	10uM	ASC.C	24h	LINCSCP_83962
LINCSCP_16429	-0.9991020675	0.0269804672	3	CHEMBL2362396	LSM-6537	NA	10uM	HA1E	6h	LINCSCP_16429
LINCSCP_34711	-0.999101851	0.02698372058	3	2-Aminobenzene-sulfonamide	LSM-5465	NA	10uM	MCF7	6h	LINCSCP_34711
LINCSCP_5547	-0.9991017166	0.02698573967	3	Azithromycin	LSM-5821	NA	10uM	A549	6h	LINCSCP_5547
LINCSCP_105374	0.999101509	0.0269888588	3	BMS-299897	LSM-6207	NA	0.04uM	HELA	24h	LINCSCP_105374
LINCSCP_147437	-0.9991007498	0.02700026048	3	SAR245409	LSM-1174	NA	0.37uM	NPC.CAS9	24h	LINCSCP_147437
LINCSCP_255219	-0.9991006308	0.02700204624	3	TP7	LSM-46015	NA	10uM	MCF7	6h	LINCSCP_255219
LINCSCP_118512	-0.9990996614	0.0270165964	3	Amiodarone	LSM-2379	KCNH2	0.37uM	HT29	24h	LINCSCP_118512
LINCSCP_271974	-0.9990996382	0.02701694559	3	SCHEMBL10015911	LSM-43159	PTGFR	10uM	PC3	24h	LINCSCP_271974
LINCSCP_155621	-0.9990996116	0.02701734486	3	Brivanib	LSM-5421	FGFR1|FGFR2|FGFR3|FGFR4|FLT1|FLT4|KDR	0.37uM	PC3	24h	LINCSCP_155621
LINCSCP_25375	-0.999099025	0.02702614537	3	Rivafurazon	LSM-3779	NA	10uM	HT29	6h	LINCSCP_25375
LINCSCP_15942	-0.9990978919	0.02704313642	3	SCHEMBL2560486	LSM-2126	NA	10uM	HA1E	6h	LINCSCP_15942
LINCSCP_25198	-0.9990978762	0.02704337189	3	Dephostatin	LSM-3344	PTPN1|PTPN6	10uM	HT29	6h	LINCSCP_25198
LINCSCP_19853	0.9990978058	0.02704442743	3	SR3335	LSM-2456	RORA	10uM	HCC515	6h	LINCSCP_19853
LINCSCP_20840	0.9990974795	0.02704931812	3	BRD-K55533488	LSM-45318	NA	3.33uM	HCC515	24h	LINCSCP_20840
LINCSCP_294901	-0.9990970216	0.02705618027	3	ST012525	LSM-4714	NA	10uM	VCAP	24h	LINCSCP_294901
LINCSCP_153263	0.9990957888	0.02707464612	3	Bambuterol	LSM-4346	ADRB2	0.12uM	PC3	24h	LINCSCP_153263
LINCSCP_81542	-0.9990950772	0.0270852992	3	Dasatinib	LSM-1020	ABL1|BCR|BLK|EPHA2|FGR|FRK|FYN|HCK|KIT|LCK|LYN|PDGFRB|SRC|SRMS|YES1	0.12uM	A549	24h	LINCSCP_81542
LINCSCP_9551	-0.9990950175	0.02708619236	3	CHEMBL258148	LSM-6214	CTSL	0.01uM	A549	6h	LINCSCP_9551
LINCSCP_138781	0.9990949903	0.02708660022	3	Rottlerin	LSM-42845	NA	3.33uM	MCF7	24h	LINCSCP_138781
LINCSCP_270244	-0.9990948711	0.02708838455	3	Alitretinoin	LSM-42856	RARA|RARB|RARG|RXRA|RXRB|RXRG	10uM	PC3	24h	LINCSCP_270244
LINCSCP_85319	-0.9990944038	0.0270953766	3	Radicicol	LSM-43303	NA	0.04uM	BT20	24h	LINCSCP_85319
LINCSCP_91541	0.999094002	0.02710138871	3	Anacetrapib (MK-0859)	LSM-45618	NA	3.33uM	HA1E	24h	LINCSCP_91541
LINCSCP_170617	-0.9990926063	0.0271222583	3	Foretinib	LSM-1158	FLT1|FLT3|FLT4|KDR|KIT|MET|PDGFRA|PDGFRB|TEK	3.33uM	YAPC	24h	LINCSCP_170617
LINCSCP_104	-0.9990925337	0.02712334338	3	CHEMBL288096	LSM-2361	NA	10uM	A375	6h	LINCSCP_104
LINCSCP_3819	0.9990921144	0.02712960951	3	Panobinostat	LSM-43059	HDAC1|HDAC10|HDAC11|HDAC2|HDAC3|HDAC4|HDAC5|HDAC6|HDAC7|HDAC8|HDAC9	0.37uM	A375	24h	LINCSCP_3819
LINCSCP_176706	-0.9990920275	0.02713090832	3	Dexamethasone 21-acetate	LSM-3049	NR3C1	10uM	A375	6h	LINCSCP_176706
LINCSCP_50385	-0.9990911611	0.02714385088	3	Strophanthidin	LSM-3891	ATP1A1	1uM	PHH	24h	LINCSCP_50385
LINCSCP_16601	-0.99909025	0.02715745557	3	BRD-A80960055-001-01-7	LSM-5162	NA	10uM	HA1E	6h	LINCSCP_16601
LINCSCP_49360	0.9990898653	0.02716319874	3	Broad-Sai-045	LSM-45330	NA	10uM	PC3	6h	LINCSCP_49360
LINCSCP_42253	0.9990892541	0.02717231817	3	CHEMBL2354474	LSM-37873	NA	10uM	NPC	24h	LINCSCP_42253
LINCSCP_144173	-0.9990891193	0.02717433048	3	SPIRONOLACTONE	LSM-4018	NR3C2	10uM	MCF7	24h	LINCSCP_144173
LINCSCP_40938	-0.9990890116	0.02717593611	3	Glycodeoxycholate	LSM-5760	NA	10uM	NEU	24h	LINCSCP_40938
LINCSCP_99757	-0.9990887888	0.02717926052	3	Tamatinib	LSM-1040	SYK	3.33uM	HCC515	24h	LINCSCP_99757
LINCSCP_59789	0.9990887321	0.02718010642	3	BRD-K74864389	LSM-41347	NA	5uM	VCAP	6h	LINCSCP_59789
LINCSCP_47130	-0.9990869025	0.02720738136	3	CHEMBL2140128	LSM-40457	NA	10uM	PC3	24h	LINCSCP_47130
LINCSCP_133014	0.999086584	0.02721212715	3	PF-562271	LSM-1072	PTK2|PTK2B	3.33uM	MCF7	3h	LINCSCP_133014
LINCSCP_41661	0.9990860264	0.02722043246	3	CHEMBL2355513	LSM-39806	NA	10uM	NKDBA	24h	LINCSCP_41661
LINCSCP_136550	-0.9990858031	0.02722375866	3	FAMPRIDINE	LSM-45521	KCNA1|KCNA10|KCNA2|KCNA3|KCNA4|KCNA5|KCNA6|KCNA7|KCNB1|KCNB2|KCNC1|KCNC2|KCNC3|KCNC4|KCND1|KCND2|KCND3|KCNF1|KCNG1|KCNG2|KCNG3|KCNG4|KCNH1|KCNH2|KCNH3|KCNH4|KCNH5|KCNH6|KCNH7|KCNH8|KCNQ1|KCNQ2|KCNQ3|KCNQ4|KCNQ5|KCNS1|KCNS2|KCNS3|KCNV1|KCNV2	3.33uM	MCF7	24h	LINCSCP_136550
LINCSCP_148118	0.9990852613	0.02723182525	3	CGP 60474	LSM-1025	CDK1	10uM	NPC.CAS9	24h	LINCSCP_148118
LINCSCP_112265	0.9990843282	0.02724571302	3	SCHEMBL618594	LSM-1070	NA	0.12uM	HEPG2	24h	LINCSCP_112265
LINCSCP_19025	0.9990841599	0.02724821761	3	Desoxymetasone	LSM-1602	NR3C1	10uM	HCC515	6h	LINCSCP_19025
LINCSCP_39267	0.9990826736	0.02727032257	3	TORIN-2	LSM-1080	MTOR	1uM	MDAMB231	6h	LINCSCP_39267
LINCSCP_220844	0.9990824832	0.02727315295	3	Spiramide	LSM-4124	HTR1A|HTR2A	10uM	HEPG2	6h	LINCSCP_220844
LINCSCP_68480	0.9990814038	0.02728919287	3	Sirolimus	LSM-42783	FKBP1A|MTOR	10uM	VCAP	24h	LINCSCP_68480
LINCSCP_238629	0.9990812014	0.02729219949	3	NCGC00011767	LSM-3280	NA	10uM	MCF7	6h	LINCSCP_238629
LINCSCP_63593	-0.9990810784	0.02729402746	3	BRD-K35510956	LSM-10559	NA	5uM	VCAP	6h	LINCSCP_63593
LINCSCP_32698	0.9990808354	0.02729763608	3	TAE-684	LSM-1024	ALK	10uM	MCF7	6h	LINCSCP_32698
LINCSCP_11081	-0.9990798228	0.02731267052	3	SB 239063	LSM-44951	MAPK11|MAPK14	10uM	ASC	24h	LINCSCP_11081
LINCSCP_242405	0.9990787845	0.02732807826	3	AMBCB17415880	LSM-6488	NA	10uM	MCF7	24h	LINCSCP_242405
LINCSCP_17578	0.9990787402	0.02732873503	3	Nimodipine	LSM-1659	CACNA1C|CACNA1D|CACNA1F|CACNA1S|NR3C2	10uM	HCC15	6h	LINCSCP_17578
LINCSCP_217203	-0.9990770662	0.0273535565	3	CHEMBL2139823	LSM-6093	NA	10uM	HCC515	6h	LINCSCP_217203
LINCSCP_41864	-0.9990762575	0.0273655397	3	PNU-74654	LSM-44945	CTNNB1|TCF4	80uM	NOMO1	6h	LINCSCP_41864
LINCSCP_132624	0.9990759933	0.02736945376	3	Pictilisib	LSM-1047	PIK3CA|PIK3CB|PIK3CD|PIK3CG|PIK3R1|PIK3R2|PIK3R3|PIK3R5	3.33uM	MCF7	24h	LINCSCP_132624
LINCSCP_173445	0.999075687	0.02737399035	3	MG-132	LSM-1107	PSMB1	20uM	YAPC	24h	LINCSCP_173445
LINCSCP_126698	-0.9990735578	0.02740550633	3	cortisone-acetate	LSM-45387	TUBA1A|TUBA1B|TUBA1C|TUBA3E|TUBA4A|TUBB|TUBB1|TUBB2A|TUBB2B|TUBB3|TUBB4A|TUBB4B|TUBB6|TUBB8	0.12uM	HT29	24h	LINCSCP_126698
LINCSCP_234742	-0.9990724465	0.02742194053	3	Flutamide	LSM-2621	AR	30uM	LOVO	6h	LINCSCP_234742
LINCSCP_251267	-0.9990723216	0.02742378694	3	DR 2313	LSM-4130	NA	3uM	MCF7	6h	LINCSCP_251267
LINCSCP_52451	-0.9990719766	0.02742888588	3	VX-745	LSM-1169	MAPK14	10uM	SKB	24h	LINCSCP_52451
LINCSCP_86165	0.9990717292	0.02743254352	3	Alvocidib	LSM-1011	CDK1|CDK2|CDK4|CDK5|CDK6|CDK7|CDK8|CDK9|EGFR|PYGM	0.04uM	BT20	3h	LINCSCP_86165
LINCSCP_116768	-0.999070821	0.02744596133	3	noscapine	NA	NA	0.04uM	HT29	24h	LINCSCP_116768
LINCSCP_260012	0.9990704071	0.02745207448	3	Acetyl-Farnesyl-Cysteine	LSM-43236	PPARG	10uM	NEU	24h	LINCSCP_260012
LINCSCP_47043	-0.9990689906	0.02747298532	3	Quizartinib	LSM-1037	CSF1R|FLT3|KIT|PDGFRA|PDGFRB|RET	10uM	PC3	6h	LINCSCP_47043
LINCSCP_43078	-0.9990683794	0.0274820035	3	BRD-K96157570	LSM-15002	NA	10uM	NPC	24h	LINCSCP_43078
LINCSCP_73594	-0.9990672814	0.02749819602	3	Esculin	LSM-45981	NA	3.33uM	A375	24h	LINCSCP_73594
LINCSCP_17107	-0.9990671488	0.02750015081	3	Broad-Sai-595	LSM-45345	NA	10uM	HA1E	24h	LINCSCP_17107
LINCSCP_43569	-0.9990666098	0.02750809632	3	SMER28	LSM-4523	NA	10uM	NPC	6h	LINCSCP_43569
LINCSCP_12189	-0.9990663387	0.02751209015	3	SB-216763	LSM-1161	GSK3B	10uM	BT20	24h	LINCSCP_12189
LINCSCP_12058	-0.9990652729	0.0275277919	3	GSK-461364	LSM-1013	PLK1	0.5uM	BT20	6h	LINCSCP_12058
LINCSCP_54571	0.9990651544	0.02752953659	3	Phenoxazine	LSM-4657	NA	10uM	SW948	6h	LINCSCP_54571
LINCSCP_32752	-0.9990649251	0.02753291361	3	STK249718	LSM-6671	NA	10uM	MCF7	6h	LINCSCP_32752
LINCSCP_68072	0.9990647369	0.02753568509	3	Trichostatin A, Streptomyces Sp.	LSM-42814	HDAC1|HDAC10|HDAC3|HDAC4|HDAC6|HDAC7|HDAC8	10uM	PC3	6h	LINCSCP_68072
LINCSCP_57015	0.9990644837	0.02753941237	3	SCHEMBL6851809	LSM-43061	MTOR	10uM	VCAP	6h	LINCSCP_57015
LINCSCP_11501	0.9990640277	0.02754612406	3	Cymarin	LSM-1756	ATP1A1	10uM	ASC	24h	LINCSCP_11501
LINCSCP_68771	0.9990638147	0.02754925868	3	Sirolimus	LSM-42783	FKBP1A|MTOR	10uM	VCAP	6h	LINCSCP_68771
LINCSCP_10593	-0.9990631197	0.02755948428	3	SB-216763	LSM-1161	GSK3B	10uM	AGS	6h	LINCSCP_10593
LINCSCP_60703	-0.9990627912	0.02756431579	3	BRD-K62875000	LSM-7689	NA	5uM	VCAP	6h	LINCSCP_60703
LINCSCP_167246	-0.9990625985	0.02756715039	3	MG-132	LSM-1107	PSMB1	20uM	YAPC	24h	LINCSCP_167246
LINCSCP_78348	0.9990621053	0.02757440251	3	Avagacestat (BMS-708163)	LSM-45535	APH1A|APH1B|NCSTN|PSEN1|PSEN2|PSENEN	1.11uM	A375	24h	LINCSCP_78348
LINCSCP_163485	-0.9990616697	0.02758080655	3	AZD-8055	LSM-1007	MTOR	0.04uM	SKBR3	24h	LINCSCP_163485
LINCSCP_133222	0.9990603159	0.02760069877	3	TORIN1	LSM-1079	MTOR	0.04uM	MCF7	3h	LINCSCP_133222
LINCSCP_70479	-0.9990601822	0.02760266218	3	JNJ-38877605	LSM-1157	MET	0.37uM	A375	24h	LINCSCP_70479
LINCSCP_259969	0.9990597722	0.02760868293	3	Epigalocatechin Gallate	LSM-5661	FASN	10uM	NEU	24h	LINCSCP_259969
LINCSCP_29806	0.9990596948	0.02760982001	3	SCHEMBL17052537	LSM-5803	BTK|JAK3|MKNK2|MTOR|PRKDC	10uM	MCF10A	6h	LINCSCP_29806
LINCSCP_17969	-0.999059177	0.0276174216	3	Aloisine	LSM-3131	CDK2	10uM	HCC515	24h	LINCSCP_17969
LINCSCP_130742	0.999059025	0.02761965284	3	WH-4-025	LSM-44937	NA	0.37uM	MCF10A	24h	LINCSCP_130742
LINCSCP_96885	-0.9990587729	0.02762335332	3	Epothilone B (EPO906, Patupilone)	LSM-46001	NA	0.37uM	HA1E	24h	LINCSCP_96885
LINCSCP_60252	-0.9990586705	0.02762485596	3	BRD-K93545352	LSM-8043	NA	5uM	VCAP	24h	LINCSCP_60252
LINCSCP_69656	-0.9990586212	0.02762558026	3	CHIR-99021	LSM-1181	NA	10uM	A375	24h	LINCSCP_69656
LINCSCP_140922	-0.9990585821	0.02762615339	3	MK-3207 (Hydrochloride)	LSM-45896	CALCRL	3.33uM	MCF7	24h	LINCSCP_140922
LINCSCP_62688	0.9990583245	0.02762993337	3	BRD-K77933659	LSM-13197	NA	5uM	VCAP	24h	LINCSCP_62688
LINCSCP_139805	-0.9990582326	0.02763128187	3	Quinidine Gluconate	LSM-46038	SCN5A	0.04uM	MCF7	24h	LINCSCP_139805
LINCSCP_30308	-0.999058093	0.02763333039	3	SPECTRUM_001060	LSM-1251	ESR1	10uM	MCF7	6h	LINCSCP_30308
LINCSCP_311945	-0.999057819	0.02763735031	3	Troglitazone	LSM-4890	PPARG	1uM	VCAP	24h	LINCSCP_311945
LINCSCP_300	-0.9990574129	0.02764330585	3	I-OME-AG 538	LSM-42946	NA	10uM	A375	24h	LINCSCP_300
LINCSCP_48716	-0.999057345	0.02764430166	3	BRD-K02290471	LSM-37405	NA	10uM	PC3	24h	LINCSCP_48716
LINCSCP_107116	0.9990567049	0.02765368757	3	penicillin	LSM-45269	NA	3.33uM	HELA	24h	LINCSCP_107116
LINCSCP_69910	0.9990564782	0.02765701045	3	BRD-A25736793	LSM-43054	MTOR	0.12uM	A375	24h	LINCSCP_69910
LINCSCP_45238	-0.9990562466	0.02766040583	3	JSH-23	LSM-5897	RELA	5uM	PC3	6h	LINCSCP_45238
LINCSCP_61815	-0.9990558613	0.02766605308	3	BRD-K71531260	LSM-12802	NA	5uM	VCAP	24h	LINCSCP_61815
LINCSCP_66357	0.999055513	0.02767115641	3	Trichostatin A, Streptomyces Sp.	LSM-42814	HDAC1|HDAC10|HDAC3|HDAC4|HDAC6|HDAC7|HDAC8	10uM	A375	6h	LINCSCP_66357
LINCSCP_116748	-0.9990550978	0.02767723814	3	WYE 125132	LSM-1064	MTOR	0.37uM	HT29	24h	LINCSCP_116748
LINCSCP_6206	-0.9990550147	0.02767845612	3	BRD-K76938712	LSM-41474	NA	10uM	A549	24h	LINCSCP_6206
LINCSCP_7195	0.999054246	0.02768971247	3	UNII-MET7ZRB8Y7	LSM-3754	NA	10uM	A549	6h	LINCSCP_7195
LINCSCP_10169	-0.9990539499	0.02769404708	3	Dienestrol	LSM-43043	ESR1	10uM	A549	24h	LINCSCP_10169
LINCSCP_161044	-0.9990534753	0.02770099424	3	Irsogladine	LSM-3663	PDE4A	1.11uM	PC3	24h	LINCSCP_161044
LINCSCP_132638	0.9990529662	0.02770844354	3	936890-98-1	LSM-42786	MTOR	0.37uM	MCF7	24h	LINCSCP_132638
LINCSCP_1917	-0.9990521416	0.02772050686	3	Clofazimine	LSM-5669	NA	10uM	A375	6h	LINCSCP_1917
LINCSCP_45935	-0.99905068	0.02774187412	3	MLS002729052	LSM-3269	NA	10uM	PC3	24h	LINCSCP_45935
LINCSCP_132788	-0.9990505952	0.02774311388	3	SCHEMBL1564574	LSM-1006	CHEK1|CHEK2	0.37uM	MCF7	24h	LINCSCP_132788
LINCSCP_162437	-0.9990502715	0.0277478431	3	GSK-461364	LSM-1013	PLK1	0.37uM	PC3	24h	LINCSCP_162437
LINCSCP_172791	0.9990497469	0.0277555074	3	Proglumide	LSM-4439	CCKAR|CCKBR	1.11uM	YAPC	24h	LINCSCP_172791
LINCSCP_113519	-0.9990488128	0.02776914702	3	Linifanib	LSM-1183	CSF1R|FLT1|FLT3|FLT4|KDR|PDGFRA|PDGFRB	1.11uM	HME1	3h	LINCSCP_113519
LINCSCP_36692	-0.9990479988	0.02778102938	3	SCHEMBL17378613	LSM-5749	CSF1R	0.1uM	MCF7	6h	LINCSCP_36692
LINCSCP_279676	0.9990471945	0.02779276352	3	Panobinostat	LSM-43059	HDAC1|HDAC10|HDAC11|HDAC2|HDAC3|HDAC4|HDAC5|HDAC6|HDAC7|HDAC8|HDAC9	0.01uM	PC3	24h	LINCSCP_279676
LINCSCP_226416	-0.9990470715	0.02779455789	3	AO-476/43380301	LSM-4532	NA	10uM	HT29	6h	LINCSCP_226416
LINCSCP_3371	-0.9990465379	0.02780234018	3	BRD-K85174275	LSM-41920	NA	5uM	A375	24h	LINCSCP_3371
LINCSCP_13479	0.9990447207	0.02782882567	3	Gemcitabine	LSM-5333	POLA1|POLD1|POLE|RRM1|RRM2|RRM2B	0.1uM	H1299	6h	LINCSCP_13479
LINCSCP_31944	0.9990442677	0.0278354245	3	CHEMBL2139663	LSM-29347	NA	10uM	MCF7	24h	LINCSCP_31944
LINCSCP_5807	0.9990441362	0.02783733998	3	Nornicotine	LSM-5009	NA	10uM	A549	6h	LINCSCP_5807
LINCSCP_4426	-0.9990438734	0.02784116735	3	Phorbol 12-myristate-13-acetate	LSM-4341	PRKCA	10uM	A549	24h	LINCSCP_4426
LINCSCP_121583	-0.9990424472	0.02786192614	3	Clemizole	LSM-5225	NA	10uM	HT29	24h	LINCSCP_121583
LINCSCP_165424	0.9990423591	0.02786320833	3	Sunitinib	LSM-42800	CSF1R|FLT1|FLT3|FLT4|KDR|KIT|PDGFRA|PDGFRB|RET	10uM	SKL	24h	LINCSCP_165424
LINCSCP_15448	0.9990409562	0.02788361382	3	AC1LDBAO	LSM-4032	NA	20uM	HA1E	24h	LINCSCP_15448
LINCSCP_132099	-0.9990402221	0.02789428481	3	BX 912	LSM-1055	PDK1|PDPK1	0.37uM	MCF7	24h	LINCSCP_132099
LINCSCP_108509	0.9990395573	0.0279039458	3	Avagacestat (BMS-708163)	LSM-45535	APH1A|APH1B|NCSTN|PSEN1|PSEN2|PSENEN	10uM	HELA	24h	LINCSCP_108509
LINCSCP_26109	-0.9990391584	0.02790974086	3	MLS003153124	LSM-3217	NA	10uM	HT29	6h	LINCSCP_26109
LINCSCP_56693	0.9990390708	0.02791101284	3	R-59022	LSM-3215	DGKA	10uM	VCAP	24h	LINCSCP_56693
LINCSCP_18304	-0.9990386003	0.02791784628	3	Fasudil	LSM-3715	ROCK1|ROCK2	10uM	HCC515	24h	LINCSCP_18304
LINCSCP_65635	-0.999037694	0.02793100475	3	BRD-K40365006	LSM-39495	NA	10uM	VCAP	24h	LINCSCP_65635
LINCSCP_13559	0.9990374502	0.02793454216	3	Tyrphostin AG-1478	LSM-1224	EGFR	60uM	H1299	6h	LINCSCP_13559
LINCSCP_68055	-0.9990365246	0.02794797282	3	13-Hydroxy-8,14,19-trimethoxy-4,10,12,16-tetramethyl-3,20,22-trioxo-2-azabicyclo[16.3.1]docosa-1(21),4,6,10,18-pentaen-9-yl carbamate	LSM-42815	HSP90AA1	3uM	PC3	24h	LINCSCP_68055
LINCSCP_21872	-0.9990360329	0.02795510378	3	ML090	LSM-2952	NA	10uM	HEPG2	6h	LINCSCP_21872
LINCSCP_107430	-0.9990343733	0.02797916192	3	BI-2536	LSM-1041	PLK1	0.37uM	HELA	24h	LINCSCP_107430
LINCSCP_62971	0.9990341672	0.02798214788	3	BRD-K33591392	LSM-10464	NA	5uM	VCAP	6h	LINCSCP_62971
LINCSCP_242383	0.9990338128	0.02798728269	3	Nortriptyline	LSM-4039	KCNJ10|SLC6A2|SLC6A4	10uM	MCF7	6h	LINCSCP_242383
LINCSCP_11346	-0.9990335791	0.02799066749	3	LY255283	LSM-4075	NA	10uM	ASC	24h	LINCSCP_11346
LINCSCP_59158	-0.9990331082	0.02799748754	3	MEGXP0_001658	LSM-43137	NA	10uM	VCAP	24h	LINCSCP_59158
LINCSCP_86845	-0.9990323528	0.02800842371	3	AT 7867	LSM-1155	NA	3.33uM	CD34	24h	LINCSCP_86845
LINCSCP_70295	-0.9990316031	0.02801927329	3	Resveratrol	LSM-42917	PTGS1|PTGS2|SIRT1	1.11uM	A375	24h	LINCSCP_70295
LINCSCP_13592	0.9990306948	0.02803241261	3	179324-69-7	LSM-6281	ADRM1|PSMA1|PSMA2|PSMA3|PSMA4|PSMA5|PSMA6|PSMA7|PSMA8|PSMB1|PSMB10|PSMB11|PSMB2|PSMB3|PSMB4|PSMB5|PSMB6|PSMB7|PSMB8|PSMB9|PSMC1|PSMC2|PSMC3|PSMC4|PSMC5|PSMC6|PSMD1|PSMD11|PSMD12|PSMD13|PSMD14|PSMD2|PSMD3|PSMD4|PSMD6|PSMD7|PSMD8|SEM1	0.01uM	H1299	6h	LINCSCP_13592
LINCSCP_165700	0.999030668	0.02803280051	3	1268524-70-4	LSM-6332	NA	10uM	SKL	24h	LINCSCP_165700
LINCSCP_195871	-0.9990285585	0.02806329156	3	BRD-K19915020	LSM-9634	NA	5uM	A549	24h	LINCSCP_195871
LINCSCP_105121	0.9990275589	0.02807772856	3	Trovafloxacin mesylate	LSM-45386	NA	0.37uM	HELA	24h	LINCSCP_105121
LINCSCP_10956	-0.9990267531	0.02808936156	3	PCL2_000057	LSM-36753	NA	10uM	ASC	24h	LINCSCP_10956
LINCSCP_123000	0.9990260379	0.02809968257	3	UNII-CVL1685GPH	LSM-36356	NA	1.11uM	HT29	24h	LINCSCP_123000
LINCSCP_20120	0.9990252767	0.02811066233	3	ZINC04646813	LSM-44991	NA	10uM	HCC515	6h	LINCSCP_20120
LINCSCP_268358	-0.9990250224	0.02811433004	3	MLS003429132	LSM-42893	NA	10uM	PC3	6h	LINCSCP_268358
LINCSCP_56048	0.9990235333	0.02813579411	3	Naphazoline	LSM-3737	ADRA1A|ADRA1B|ADRA1D|ADRA2A|ADRA2B|ADRA2C	10uM	VCAP	24h	LINCSCP_56048
LINCSCP_112043	0.999023384	0.02813794639	3	PDK1 Inhibitor	LSM-1081	PDPK1	10uM	HEPG2	24h	LINCSCP_112043
LINCSCP_2630	0.9990230692	0.02814248114	3	Pentylenetetrazol	LSM-3287	NA	10uM	A375	6h	LINCSCP_2630
LINCSCP_68056	0.9990223482	0.02815286622	3	Wortmannin	LSM-3947	PIK3CA|PIK3CG|PLK1	10uM	PC3	24h	LINCSCP_68056
LINCSCP_133865	-0.9990221059	0.02815635492	3	Cyclohexanecarboxamide, 4-(1-aminoethyl)-n-4-pyridinyl-, trans-	LSM-1177	ROCK1|ROCK2	10uM	MCF7	24h	LINCSCP_133865
LINCSCP_19979	-0.9990214213	0.02816621089	3	CHEMBL1616521	LSM-1793	OPRD1	10uM	HCC515	6h	LINCSCP_19979
LINCSCP_151283	-0.9990207513	0.02817585332	3	PD-173074	LSM-1026	FGFR1|FGFR3	0.12uM	PC3	24h	LINCSCP_151283
LINCSCP_150829	0.9990204808	0.02817974409	3	GSK 1059615	LSM-42799	PIK3CA|PIK3CB|PIK3CD|PIK3CG	10uM	PC3	24h	LINCSCP_150829
LINCSCP_115006	-0.9990204706	0.02817989146	3	apigenin	LSM-5206	NA	0.37uM	HS578T	24h	LINCSCP_115006
LINCSCP_94569	0.999019632	0.02819195361	3	MLN-0128	LSM-1206	MTOR	3.33uM	HA1E	24h	LINCSCP_94569
LINCSCP_25403	-0.9990193107	0.02819657437	3	Brefeldin A	LSM-42812	NA	0.1uM	HT29	24h	LINCSCP_25403
LINCSCP_49152	-0.9990186964	0.02820540417	3	BRD-K58611676	LSM-40477	NA	10uM	PC3	6h	LINCSCP_49152
LINCSCP_32561	0.9990170253	0.02822941511	3	13(S)-HODE	LSM-43243	PPARG	10uM	MCF7	24h	LINCSCP_32561
LINCSCP_6570	-0.9990166073	0.02823541692	3	GSK-3 Inhibitor IX	LSM-42780	GSK3A|GSK3B	10uM	A549	6h	LINCSCP_6570
LINCSCP_60620	-0.9990160958	0.02824276103	3	BRD-K76964118	LSM-7844	NA	5uM	VCAP	24h	LINCSCP_60620
LINCSCP_115068	-0.9990125654	0.02829339343	3	AS601245	LSM-1034	MAPK10|MAPK8|MAPK9	0.04uM	HS578T	24h	LINCSCP_115068
LINCSCP_21325	-0.9990110899	0.02831452816	3	AM-580	LSM-2132	RARA	10uM	HEC108	6h	LINCSCP_21325
LINCSCP_132762	0.9990106947	0.02832018636	3	AT-7519	LSM-1004	CDK1|CDK10|CDK11B|CDK12|CDK13|CDK14|CDK15|CDK16|CDK17|CDK18|CDK19|CDK2|CDK20|CDK3|CDK4|CDK5|CDK6|CDK7|CDK8|CDK9	3.33uM	MCF7	24h	LINCSCP_132762
LINCSCP_55174	-0.9990100506	0.02832940525	3	BRD-K51556300-001-01-9	LSM-40116	NA	3uM	THP1	6h	LINCSCP_55174
LINCSCP_41422	-0.9990096729	0.02833481023	3	Oleoylethanolamide	LSM-42935	GPR119|PPARA	10uM	NEU	24h	LINCSCP_41422
LINCSCP_89710	-0.9990091115	0.02834284099	3	Clotrimazole	LSM-5341	KCNN4	10uM	HA1E	24h	LINCSCP_89710
LINCSCP_4559	0.999009054	0.02834366354	3	Selumetinib	LSM-1056	MAP2K1|MAP2K2	80uM	A549	24h	LINCSCP_4559
LINCSCP_42149	-0.9990089604	0.02834500272	3	BRD-K33676730	LSM-39115	NA	10uM	NPC	24h	LINCSCP_42149
LINCSCP_52316	0.9990083534	0.02835368291	3	NCGC00092314-01	LSM-4969	AKT1|AKT2|AKT3	10uM	SKB	24h	LINCSCP_52316
LINCSCP_3985	-0.9990080571	0.02835791967	3	AT-9283	LSM-37023	ABL1|AURKA|AURKB|FLT3|JAK2|JAK3	0.12uM	A375	24h	LINCSCP_3985
LINCSCP_90564	-0.9990075186	0.02836561749	3	Bardoxolone Methyl	LSM-45471	IKBKB|KEAP1|NFE2L2|PPARG	0.12uM	HA1E	24h	LINCSCP_90564
LINCSCP_39825	-0.9990065738	0.02837911727	3	ABT-751	LSM-6285	NA	10uM	MDST8	6h	LINCSCP_39825
LINCSCP_223242	-0.9990059847	0.02838753168	3	Betamethasone Acetate	LSM-1904	NR3C1	10uM	HT29	6h	LINCSCP_223242
LINCSCP_277832	-0.9990047935	0.02840453894	3	BRD-K17890048	LSM-36403	NA	10uM	PC3	24h	LINCSCP_277832
LINCSCP_138469	-0.9990042127	0.0284128277	3	Colchicine	LSM-5199	TUBA1A|TUBA1B|TUBA1C|TUBA3E|TUBA4A|TUBB|TUBB1|TUBB2A|TUBB2B|TUBB3|TUBB4A|TUBB4B|TUBB6|TUBB8	3.33uM	MCF7	24h	LINCSCP_138469
LINCSCP_164335	0.9990030904	0.02842883755	3	PDK1 Inhibitor	LSM-1081	PDPK1	0.37uM	SKL.C	24h	LINCSCP_164335
LINCSCP_67616	0.9990029231	0.02843122228	3	Wortmannin	LSM-3947	PIK3CA|PIK3CG|PLK1	10uM	MCF7	6h	LINCSCP_67616
LINCSCP_82014	-0.9990007185	0.02846264302	3	GSK-3 Inhibitor II	LSM-1030	GSK3B	0.04uM	A549	24h	LINCSCP_82014
LINCSCP_14555	-0.9989997029	0.02847710537	3	Ergocornine	LSM-2437	DRD2	10uM	HA1E	6h	LINCSCP_14555
LINCSCP_159602	-0.9989990328	0.02848664349	3	Pimobendan	LSM-45256	NA	10uM	PC3	24h	LINCSCP_159602
LINCSCP_26379	0.9989988633	0.02848905518	3	SULF1-A_000010	LSM-36649	NA	10uM	HT29	6h	LINCSCP_26379
LINCSCP_96230	-0.9989978267	0.02850380284	3	Refametinib	LSM-45886	NA	1.11uM	HA1E	24h	LINCSCP_96230
LINCSCP_123549	0.9989974507	0.02850915098	3	Fluphenazine	LSM-3226	DRD1|DRD2	0.37uM	HT29	24h	LINCSCP_123549
LINCSCP_250772	-0.9989972526	0.02851196731	3	Estradiol	LSM-2421	ESR1|ESR2|NR1I2	0.01uM	MCF7	24h	LINCSCP_250772
LINCSCP_34342	-0.9989972014	0.02851269597	3	Fludrocortisone	LSM-1510	NR3C2	10uM	MCF7	6h	LINCSCP_34342
LINCSCP_51091	-0.9989971272	0.02851375104	3	Rotenone	LSM-5260	MT-ND1	0.5uM	RMUGS	6h	LINCSCP_51091
LINCSCP_132991	0.9989968589	0.02851756595	3	936890-98-1	LSM-42786	MTOR	1.11uM	MCF7	3h	LINCSCP_132991
LINCSCP_54951	-0.9989956345	0.0285349671	3	SMR000162699	LSM-3117	NA	40uM	THP1	6h	LINCSCP_54951
LINCSCP_82328	-0.9989944188	0.02855223427	3	Anacardic acid	LSM-6320	NA	0.12uM	A549	24h	LINCSCP_82328
LINCSCP_32073	0.9989942278	0.0285549459	3	SCHEMBL2608041	LSM-44987	HDAC6	10uM	MCF7	6h	LINCSCP_32073
LINCSCP_5543	-0.9989933732	0.02856707668	3	KUC104226	LSM-3582	NA	10uM	A549	6h	LINCSCP_5543
LINCSCP_32367	-0.9989931273	0.02857056692	3	ST012525	LSM-4714	NA	10uM	MCF7	6h	LINCSCP_32367
LINCSCP_236194	0.9989916677	0.02859127049	3	Fluphenazine	LSM-3226	DRD1|DRD2	10uM	MCF7	24h	LINCSCP_236194
LINCSCP_27420	-0.9989913722	0.02859546141	3	BRD-K60212338	LSM-14876	NA	5uM	HT29	24h	LINCSCP_27420
LINCSCP_131989	0.9989913459	0.02859583364	3	Buparlisib	LSM-1148	PIK3CA|PIK3CB|PIK3CD|PIK3CG|PIK3R1|PIK3R2|PIK3R3|PIK3R5	3.33uM	MCF7	24h	LINCSCP_131989
LINCSCP_261570	-0.9989912636	0.02859699986	3	Carbetocin	LSM-5025	OXTR	10uM	NPC	24h	LINCSCP_261570
LINCSCP_115626	0.9989912201	0.02859761685	3	PI-103	LSM-1126	MTOR|PIK3CA|PIK3CB|PIK3CD|PIK3CG	10uM	HS578T	24h	LINCSCP_115626
LINCSCP_98071	-0.9989907509	0.02860426835	3	AZD2014	LSM-45472	MTOR	0.12uM	HA1E	24h	LINCSCP_98071
LINCSCP_71023	-0.9989899822	0.02861516158	3	Batimastat	LSM-6276	NA	0.12uM	A375	24h	LINCSCP_71023
LINCSCP_80019	-0.9989895765	0.02862090828	3	Carbimazole	LSM-5930	TPO	10uM	A375	24h	LINCSCP_80019
LINCSCP_93843	-0.9989888617	0.02863103197	3	Anandamide	LSM-43816	CNR1|CNR2|TRPV1	0.37uM	HA1E	24h	LINCSCP_93843
LINCSCP_65826	-0.9989876195	0.02864861655	3	BRD-K45156967	LSM-39770	NA	10uM	VCAP	6h	LINCSCP_65826
LINCSCP_44046	-0.9989871323	0.02865550965	3	JNJ-16259685	LSM-3443	GRM1	10uM	PC3	24h	LINCSCP_44046
LINCSCP_87332	-0.9989855808	0.02867745209	3	N-(3-Fluoro-4-((7-methoxyquinolin-4-yl)oxy)phenyl)-1-(2-hydroxy-2-methylpropyl)-5-methyl-3-oxo-2-phenyl-2,3-dihydro-1H-pyrazole-4-carboxamide	LSM-1113	NA	0.37uM	CD34	24h	LINCSCP_87332
LINCSCP_108355	0.9989849117	0.02868690987	3	CX-4945 (Silmitasertib)	LSM-45467	CSNK2A1	1.11uM	HELA	24h	LINCSCP_108355
LINCSCP_15429	0.9989846263	0.02869094407	3	PF750	LSM-6277	FAAH	80uM	HA1E	24h	LINCSCP_15429
LINCSCP_31481	0.9989839653	0.02870028281	3	SMR000031368	LSM-2820	NA	10uM	MCF7	6h	LINCSCP_31481
LINCSCP_1714	-0.9989836902	0.0287041679	3	KUC104123	LSM-2866	NA	10uM	A375	6h	LINCSCP_1714
LINCSCP_98006	-0.9989832702	0.02871010038	3	Genz-644282	LSM-45838	NA	0.04uM	HA1E	24h	LINCSCP_98006
LINCSCP_81089	0.9989826245	0.02871921704	3	WZ3105	LSM-5970	CLK2|CSNK1E|FLT3|ULK1	3.33uM	A549	24h	LINCSCP_81089
LINCSCP_38332	-0.9989824227	0.02872206517	3	SA-1919345	LSM-40531	NA	3uM	MCF7	6h	LINCSCP_38332
LINCSCP_39576	-0.998982336	0.02872328885	3	YM 201636	LSM-1109	NA	1uM	MDAMB231	6h	LINCSCP_39576
LINCSCP_49009	-0.9989814999	0.02873508747	3	BRD-K73365449	LSM-44846	NA	10uM	PC3	24h	LINCSCP_49009
LINCSCP_1044	-0.9989811629	0.02873984161	3	PKC Beta Inhibitor	LSM-4753	PRKCB	10uM	A375	6h	LINCSCP_1044
LINCSCP_16842	-0.9989802896	0.02875215871	3	CHEMBL2134189	LSM-39985	NA	10uM	HA1E	6h	LINCSCP_16842
LINCSCP_136143	-0.9989792206	0.02876722862	3	Colforsin	LSM-2193	ADCY2	3.33uM	MCF7	24h	LINCSCP_136143
LINCSCP_34312	-0.9989788131	0.02877297049	3	Albendazole	LSM-3782	NA	10uM	MCF7	24h	LINCSCP_34312
LINCSCP_65776	-0.9989780096	0.02878429058	3	BRD-K15377376	LSM-9346	NA	10uM	VCAP	6h	LINCSCP_65776
LINCSCP_97666	0.998977563	0.02879057923	3	Tomelukast	LSM-3675	CYSLTR1	1uM	HA1E	24h	LINCSCP_97666
LINCSCP_24790	0.9989775485	0.02879078351	3	ZINC77024257	LSM-1171	MDM2	1uM	HS578T	24h	LINCSCP_24790
LINCSCP_162088	-0.9989774999	0.02879146787	3	2-(Ethylmercuriothio)benzoic acid	LSM-5710	NA	1.11uM	PC3	24h	LINCSCP_162088
LINCSCP_210688	-0.998977208	0.02879557835	3	AF 1312TS	LSM-3503	NA	10uM	HA1E	6h	LINCSCP_210688
LINCSCP_121558	-0.99897563	0.0288177875	3	376348-65-1, Uk-427857, uk427857	LSM-6182	CCR5	0.04uM	HT29	24h	LINCSCP_121558
LINCSCP_163572	0.9989755141	0.0288194171	3	936890-98-1	LSM-42786	MTOR	1.11uM	SKBR3	24h	LINCSCP_163572
LINCSCP_308780	-0.9989754485	0.02882033961	3	BRD-K87539610	LSM-13799	NA	5uM	VCAP	24h	LINCSCP_308780
LINCSCP_144384	-0.9989753551	0.02882165351	3	PF-4136309	LSM-45276	NA	3.33uM	MCF7	24h	LINCSCP_144384
LINCSCP_24716	-0.9989753468	0.0288217702	3	Tivantinib	LSM-1131	MET	1uM	HS578T	24h	LINCSCP_24716
LINCSCP_39914	0.9989750288	0.02882624376	3	Pimozide	LSM-2001	DRD1|DRD2|DRD3|DRD4|DRD5|HTR2A	10uM	NCIH1836	6h	LINCSCP_39914
LINCSCP_258176	0.998974219	0.02883763077	3	AZD-1152-HQPA	LSM-1067	AURKA|AURKB	10uM	NEU	24h	LINCSCP_258176
LINCSCP_57768	-0.998973336	0.02885004186	3	SCHEMBL2560033	LSM-2383	NA	10uM	VCAP	24h	LINCSCP_57768
LINCSCP_62563	0.9989728235	0.02885724268	3	BRD-K62117749	LSM-12197	NA	5uM	VCAP	6h	LINCSCP_62563
LINCSCP_148969	0.9989724858	0.02886198696	3	GSK 1059615	LSM-42799	PIK3CA|PIK3CB|PIK3CD|PIK3CG	1.11uM	NPC	24h	LINCSCP_148969
LINCSCP_85155	-0.9989716414	0.02887384574	3	Dasatinib	LSM-1020	ABL1|BCR|BLK|EPHA2|FGR|FRK|FYN|HCK|KIT|LCK|LYN|PDGFRB|SRC|SRMS|YES1	0.37uM	BT20	24h	LINCSCP_85155
LINCSCP_163650	-0.9989712596	0.02887920715	3	GSK-1904529A	LSM-1134	IGF1R|INSR	1.11uM	SKBR3	24h	LINCSCP_163650
LINCSCP_83827	-0.9989704324	0.02889081742	3	BAY 61-3606	LSM-1167	SYK	0.37uM	ASC.C	24h	LINCSCP_83827
LINCSCP_130009	0.9989693199	0.02890642493	3	EX-8678	LSM-1147	NA	3.33uM	LNCAP	24h	LINCSCP_130009
LINCSCP_5040	-0.9989690514	0.02891019034	3	MLS002460408	LSM-4244	NA	10uM	A549	24h	LINCSCP_5040
LINCSCP_39269	0.9989675785	0.02893083807	3	SCHEMBL15556278	LSM-1002	DDR1	10uM	MDAMB231	6h	LINCSCP_39269
LINCSCP_70112	-0.9989672679	0.02893519075	3	848193-68-0	LSM-6271	SIRT1	0.04uM	A375	24h	LINCSCP_70112
LINCSCP_88896	0.9989669812	0.02893920717	3	Decitabine	LSM-5855	DNMT1|DNMT3A	0.12uM	HA1E	24h	LINCSCP_88896
LINCSCP_141229	-0.9989662637	0.02894925645	3	Dasatinib	LSM-1020	ABL1|BCR|BLK|EPHA2|FGR|FRK|FYN|HCK|KIT|LCK|LYN|PDGFRB|SRC|SRMS|YES1	1.11uM	MCF7	24h	LINCSCP_141229
LINCSCP_39994	0.9989662575	0.02894934374	3	Pifithrin MU	LSM-4188	HSPA1A|TP53	10uM	NCIH1836	6h	LINCSCP_39994
LINCSCP_22926	-0.9989662037	0.02895009744	3	Clemastine	LSM-2655	HRH1	10uM	HEPG2	6h	LINCSCP_22926
LINCSCP_44174	-0.9989661612	0.02895069197	3	(+)-Camptothecin	LSM-1442	TOP1	10uM	PC3	24h	LINCSCP_44174
LINCSCP_116404	-0.9989660295	0.02895253716	3	BX 912	LSM-1055	PDK1|PDPK1	3.33uM	HT29	24h	LINCSCP_116404
LINCSCP_86474	0.9989653738	0.02896171666	3	TORIN1	LSM-1079	MTOR	1.11uM	BT20	3h	LINCSCP_86474
LINCSCP_7142	-0.9989652572	0.02896334904	3	Piperidolate	LSM-1951	CHRM1	10uM	A549	6h	LINCSCP_7142
LINCSCP_107216	-0.9989649476	0.02896768313	3	Corvasal	LSM-25617	NA	0.04uM	HELA	24h	LINCSCP_107216
LINCSCP_149421	-0.998964656	0.02897176375	3	WHI-P97	LSM-1033	JAK3	10uM	NPC	24h	LINCSCP_149421
LINCSCP_115687	0.9989640535	0.0289801938	3	WYE 125132	LSM-1064	MTOR	0.37uM	HS578T	24h	LINCSCP_115687
LINCSCP_55206	-0.9989634773	0.0289882534	3	SMR001317659	LSM-2094	NA	0.5uM	TYKNU	6h	LINCSCP_55206
LINCSCP_263362	-0.9989633125	0.02899055779	3	Isomhpg	LSM-36898	NA	10uM	NPC	24h	LINCSCP_263362
LINCSCP_279886	-0.998963145	0.02899289995	3	Broad-Sai-560	LSM-45991	NA	3uM	PC3	6h	LINCSCP_279886
LINCSCP_45618	0.9989621754	0.02900645527	3	CHEMBL2141722	LSM-3674	NA	10uM	PC3	6h	LINCSCP_45618
LINCSCP_23949	-0.9989620741	0.02900787132	3	Erastin	LSM-4914	VDAC2	0.37uM	HEPG2	24h	LINCSCP_23949
LINCSCP_194220	-0.998961842	0.02901111478	3	Norethindrone	LSM-4061	PGR	10uM	A549	6h	LINCSCP_194220
LINCSCP_6005	0.9989616452	0.02901386565	3	Treprostinil	LSM-5119	PTGIR	10uM	A549	6h	LINCSCP_6005
LINCSCP_42335	-0.9989616169	0.0290142613	3	MEGXM0_000149	LSM-4932	NA	10uM	NPC	24h	LINCSCP_42335
LINCSCP_120590	-0.9989616035	0.02901444763	3	Pyridostigmine	LSM-5770	ACHE	0.37uM	HT29	24h	LINCSCP_120590
LINCSCP_94	-0.9989614639	0.02901639947	3	Tyrphostin 25	LSM-2054	EGFR	10uM	A375	6h	LINCSCP_94
LINCSCP_28532	0.9989612786	0.0290189872	3	Sirolimus	LSM-42782	FKBP1A|MTOR	10uM	HT29	24h	LINCSCP_28532
LINCSCP_57846	0.9989589193	0.02905193071	3	Aminoglutethimide	LSM-1409	CYP11A1|CYP19A1	10uM	VCAP	6h	LINCSCP_57846
LINCSCP_87213	0.9989576021	0.02907030659	3	NCGC00346967-01	LSM-6297	EPHB3	0.37uM	CD34	24h	LINCSCP_87213
LINCSCP_146762	-0.9989568143	0.02908129146	3	848193-68-0	LSM-6271	SIRT1	1.11uM	NEU	24h	LINCSCP_146762
LINCSCP_14715	-0.9989565429	0.02908507469	3	Cimetidine	LSM-2404	HRH2	10uM	HA1E	24h	LINCSCP_14715
LINCSCP_142576	-0.9989561637	0.02909036116	3	Volasertib (BI 6727)	LSM-45277	PLK1	0.04uM	MCF7	24h	LINCSCP_142576
LINCSCP_123651	0.9989558724	0.02909441993	3	INOSITOL	LSM-45237	NA	0.37uM	HT29	24h	LINCSCP_123651
LINCSCP_132380	-0.9989549405	0.02910740363	3	Pelitinib	LSM-42796	EGFR	1.11uM	MCF7	3h	LINCSCP_132380
LINCSCP_277801	-0.9989546338	0.02911167471	3	BRD-K06188347	LSM-8788	NA	10uM	PC3	24h	LINCSCP_277801
LINCSCP_33217	-0.9989545919	0.02911225799	3	CHEMBL57427	LSM-2840	NA	10uM	MCF7	6h	LINCSCP_33217
LINCSCP_68295	-0.9989530717	0.02913342091	3	13-Hydroxy-8,14,19-trimethoxy-4,10,12,16-tetramethyl-3,20,22-trioxo-2-azabicyclo[16.3.1]docosa-1(21),4,6,10,18-pentaen-9-yl carbamate	LSM-42815	HSP90AA1	10uM	VCAP	6h	LINCSCP_68295
LINCSCP_111912	0.9989530564	0.02913363424	3	TPCA-1	LSM-1136	IKBKB	0.37uM	HEPG2	24h	LINCSCP_111912
LINCSCP_158831	-0.9989530399	0.02913386329	3	Sarsasapogenin	LSM-45816	NA	0.53uM	PC3	24h	LINCSCP_158831
LINCSCP_51812	-0.99895215	0.02914624553	3	Linsitinib	LSM-1135	IGF1R|INSR	1uM	SKBR3	24h	LINCSCP_51812
LINCSCP_22144	-0.9989518359	0.02915061312	3	AO-081/15245014	LSM-42836	NA	10uM	HEPG2	6h	LINCSCP_22144
LINCSCP_132840	-0.9989514637	0.02915579012	3	Gefitinib	LSM-1098	EGFR	3.33uM	MCF7	24h	LINCSCP_132840
LINCSCP_50403	0.998950498	0.02916921528	3	BDBM50442904	LSM-4418	NA	3uM	PHH	6h	LINCSCP_50403
LINCSCP_133748	-0.998950316	0.02917174491	3	Vorinostat	LSM-3828	HDAC1|HDAC2|HDAC3|HDAC6|HDAC8	0.37uM	MCF7	24h	LINCSCP_133748
LINCSCP_65529	-0.9989502637	0.0291724722	3	BRD-K82263627	LSM-44870	NA	10uM	VCAP	6h	LINCSCP_65529
LINCSCP_21208	0.9989499571	0.02917673191	3	CHEMBL399379	LSM-6245	ACLY	80uM	HCT116	6h	LINCSCP_21208
LINCSCP_20161	-0.9989488732	0.02919178957	3	AC1O9ZP5	LSM-6676	NA	10uM	HCC515	6h	LINCSCP_20161
LINCSCP_6276	0.998948238	0.02920061049	3	SCHEMBL15556278	LSM-1002	DDR1	10uM	A549	6h	LINCSCP_6276
LINCSCP_64495	-0.9989480836	0.0292027545	3	Estradiol	LSM-2421	ESR1|ESR2|NR1I2	5uM	VCAP	24h	LINCSCP_64495
LINCSCP_22697	-0.9989479133	0.02920511794	3	Benzoxiquine	LSM-3570	NA	10uM	HEPG2	6h	LINCSCP_22697
LINCSCP_79566	-0.9989464465	0.02922547359	3	Cyclizine	LSM-5857	HRH1	3.33uM	A375	24h	LINCSCP_79566
LINCSCP_216662	-0.9989459968	0.02923171099	3	STK661558	LSM-2431	NA	10uM	HCC515	6h	LINCSCP_216662
LINCSCP_56727	-0.9989456812	0.02923608855	3	SPECTRUM_001088	LSM-1510	NR3C2	10uM	VCAP	6h	LINCSCP_56727
LINCSCP_127644	-0.9989451586	0.02924333407	3	SPECTRUM_000886	LSM-1906	ESR1|GNRHR	1.11uM	HT29	24h	LINCSCP_127644
LINCSCP_130706	-0.9989449375	0.0292463991	3	Dactolisib	LSM-4255	MTOR|PIK3CA|PIK3CB|PIK3CD|PIK3CG|PIK3R1|PIK3R2|PIK3R3|PIK3R5	0.37uM	MCF10A	24h	LINCSCP_130706
LINCSCP_71629	0.9989448007	0.02924829619	3	Tranilast	LSM-42898	NA	10uM	A375	24h	LINCSCP_71629
LINCSCP_54596	-0.998944736	0.02924919239	3	Loperamide	LSM-3365	OPRD1|OPRM1	10uM	SW948	6h	LINCSCP_54596
LINCSCP_50952	0.9989426519	0.0292780662	3	PP-30	LSM-6238	RAF1	10uM	RMGI	6h	LINCSCP_50952
LINCSCP_1718	-0.9989423219	0.02928263568	3	KUC104547N	LSM-2884	NA	10uM	A375	6h	LINCSCP_1718
LINCSCP_12377	-0.9989419194	0.02928820775	3	2-(2-Bromo-4-methyl-phenylamino)-pyrido[3,2-e][1,3]thiazin-4-one	LSM-45312	NA	0.5uM	CD34	24h	LINCSCP_12377
LINCSCP_25352	-0.9989402236	0.02931167229	3	GF-109203	LSM-2677	PRKCA	10uM	HT29	6h	LINCSCP_25352
LINCSCP_75193	0.9989401545	0.02931262858	3	Lofexidine	LSM-4951	ADRA2A	1.11uM	A375	24h	LINCSCP_75193
LINCSCP_256879	-0.9989387808	0.02933162296	3	CHEMBL259628	LSM-6222	PTPN1	10uM	NCIH1836	6h	LINCSCP_256879
LINCSCP_175029	0.9989381	0.02934103117	3	CL-976	LSM-6282	ACAT1	0.04uM	YAPC	24h	LINCSCP_175029
LINCSCP_173498	-0.9989379129	0.02934361616	3	TAK-285	LSM-45987	EGFR|ERBB2	0.37uM	YAPC	24h	LINCSCP_173498
LINCSCP_6598	-0.9989365933	0.02936184302	3	Tcpobop	LSM-5450	NR1I3	10uM	A549	6h	LINCSCP_6598
LINCSCP_75639	-0.9989363744	0.02936486493	3	CLIMBAZOLE	LSM-45377	NA	3.33uM	A375	24h	LINCSCP_75639
LINCSCP_3283	0.9989355713	0.02937595073	3	BRD-K81954574	LSM-13431	NA	5uM	A375	24h	LINCSCP_3283
LINCSCP_20690	0.9989330557	0.02941064902	3	Methyl 1-hydroxy-7-(hydroxymethyl)-1,4a,5,7a-tetrahydrocyclopenta[c]pyran-4-carboxylate	LSM-4955	NA	10uM	HCC515	6h	LINCSCP_20690
LINCSCP_3838	-0.9989327932	0.02941426785	3	BG-51	LSM-45301	HDAC3	10uM	A375	24h	LINCSCP_3838
LINCSCP_101351	-0.9989316091	0.02943058444	3	MG-132	LSM-1107	PSMB1	20uM	HELA	24h	LINCSCP_101351
LINCSCP_36032	-0.99893141	0.02943332704	3	SMR000075319	LSM-6371	KPNB1	0.1uM	MCF7	6h	LINCSCP_36032
LINCSCP_1964	0.9989305453	0.0294452349	3	MLS000583956	LSM-1515	NA	10uM	A375	6h	LINCSCP_1964
LINCSCP_132631	-0.9989298049	0.02945542833	3	PD-0325901	LSM-1101	MAP2K1|MAP2K2	1.11uM	MCF7	24h	LINCSCP_132631
LINCSCP_16152	0.9989290915	0.02946524618	3	Rimcazole	LSM-5777	SIGMAR1	10uM	HA1E	6h	LINCSCP_16152
LINCSCP_222145	-0.9989276636	0.02948488591	3	UTMB00042	LSM-45326	NA	1uM	HL60	24h	LINCSCP_222145
LINCSCP_107967	-0.9989272755	0.02949022199	3	Pimavanserin	LSM-45960	HTR2A	0.12uM	HELA	24h	LINCSCP_107967
LINCSCP_151400	-0.9989271846	0.02949147174	3	Imatinib	LSM-1023	ABL1|BCR|CSF1R|KIT|PDGFRA|PDGFRB	3.33uM	PC3	24h	LINCSCP_151400
LINCSCP_175754	-0.9989271255	0.02949228409	3	Bifonazole	LSM-5184	NA	10uM	YAPC	24h	LINCSCP_175754
LINCSCP_114341	0.9989269878	0.02949417776	3	AZ20	LSM-36357	NA	3.33uM	HME1	24h	LINCSCP_114341
LINCSCP_97691	0.9989269726	0.0294943868	3	Chlorophenylpiperazine	LSM-25627	NA	3.33uM	HA1E	24h	LINCSCP_97691
LINCSCP_88178	-0.9989263126	0.0295034571	3	Selumetinib	LSM-1056	MAP2K1|MAP2K2	0.37uM	HA1E	24h	LINCSCP_88178
LINCSCP_60505	0.9989261371	0.02950586967	3	BRD-K10046096	LSM-6981	NA	5uM	VCAP	24h	LINCSCP_60505
LINCSCP_145489	-0.9989236279	0.02954032762	3	Linifanib	LSM-1183	CSF1R|FLT1|FLT3|FLT4|KDR|PDGFRA|PDGFRB	0.04uM	MDAMB231	24h	LINCSCP_145489
LINCSCP_160054	-0.9989233451	0.02954420793	3	Repaglinide	LSM-3863	ABCC8|KCNJ11	1.11uM	PC3	24h	LINCSCP_160054
LINCSCP_97994	-0.9989220194	0.02956239516	3	Tosedostat	LSM-6286	ANPEP|C9orf3|DNPEP|ENPEP|ERAP1|ERAP2|LAP3|LNPEP|LVRN|METAP1|METAP1D|METAP2|NPEPL1|NPEPPS|RNPEP|RNPEPL1|XPNPEP1|XPNPEP2|XPNPEP3	0.12uM	HA1E	24h	LINCSCP_97994
LINCSCP_185643	0.9989217154	0.02956656434	3	BRD-K18032654	LSM-38227	NA	5uM	A375	24h	LINCSCP_185643
LINCSCP_263862	-0.9989217081	0.02956666371	3	Icosapent	LSM-42964	PTGS1|PTGS2	10uM	NPC	24h	LINCSCP_263862
LINCSCP_148577	-0.9989216582	0.029567348	3	COT Inhibitor-2	LSM-1154	NA	0.37uM	NPC	24h	LINCSCP_148577
LINCSCP_64056	0.9989214636	0.02957001631	3	BRD-M97109212	LSM-45091	NA	5uM	VCAP	24h	LINCSCP_64056
LINCSCP_126020	-0.9989214041	0.02957083201	3	HMN-214	LSM-42802	CSF1R|FLT1|FLT3|FLT4|KDR|KIT|PDGFRB|RET	0.12uM	HT29	24h	LINCSCP_126020
LINCSCP_222142	-0.9989205783	0.02958215231	3	BRD-K21918725	LSM-45229	NA	1uM	HL60	24h	LINCSCP_222142
LINCSCP_158634	-0.9989197815	0.02959307085	3	NCGC00166323-01	LSM-6478	NA	0.37uM	PC3	24h	LINCSCP_158634
LINCSCP_15909	0.998919358	0.02959887164	3	SR-02000000246	LSM-4247	NA	10uM	HA1E	6h	LINCSCP_15909
LINCSCP_12275	-0.9989191073	0.02960230618	3	CHIR-99021	LSM-1181	NA	10uM	BT20	6h	LINCSCP_12275
LINCSCP_167209	-0.9989175619	0.02962346443	3	SKF-81297	LSM-45271	NA	0.04uM	YAPC	24h	LINCSCP_167209
LINCSCP_94664	-0.9989175514	0.02962360737	3	Gliclazide	LSM-5096	ABCC8	10uM	HA1E	24h	LINCSCP_94664
LINCSCP_14676	-0.9989173205	0.0296267676	3	Celecoxib	LSM-2032	PTGS2	10uM	HA1E	24h	LINCSCP_14676
LINCSCP_180042	-0.998916803	0.0296338489	3	Moexipril	LSM-2751	ACE	10uM	A375	6h	LINCSCP_180042
LINCSCP_121681	-0.9989162064	0.0296420092	3	DOCETAXEL	LSM-45649	NA	1.11uM	HT29	24h	LINCSCP_121681
LINCSCP_77227	-0.9989156561	0.02964953483	3	Raloxifene	LSM-3425	ESR1|ESR2	10uM	A375	24h	LINCSCP_77227
LINCSCP_88038	0.9989155261	0.02965131316	3	CGP 60474	LSM-1025	CDK1	0.12uM	HA1E	24h	LINCSCP_88038
LINCSCP_85882	0.9989154414	0.02965247132	3	Pictilisib	LSM-1047	PIK3CA|PIK3CB|PIK3CD|PIK3CG|PIK3R1|PIK3R2|PIK3R3|PIK3R5	0.12uM	BT20	24h	LINCSCP_85882
LINCSCP_14563	-0.9989153545	0.02965365897	3	1-[2-Chloro-2-(2,4-dichlorophenyl)ethenyl]-1H-1,2,4-triazole	LSM-2614	GABRB2|GABRB3	10uM	HA1E	6h	LINCSCP_14563
LINCSCP_143244	0.9989150178	0.02965826184	3	SPECTRUM_001319	LSM-1963	HSD11B1	3.33uM	MCF7	24h	LINCSCP_143244
LINCSCP_2448	-0.998914947	0.02965923045	3	Quisinostat	LSM-5900	HDAC1|MDM2	10uM	A375	6h	LINCSCP_2448
LINCSCP_176607	0.9989147402	0.02966205651	3	MLS002222336	LSM-1855	PTGS1|PTGS2	10uM	A375	6h	LINCSCP_176607
LINCSCP_150982	0.9989135902	0.02967777175	3	Apitolisib (gdc-0980, rg7422)	LSM-4257	PIK3CA|PIK3CB|PIK3CD|PIK3CG|MTOR	0.37uM	PC3	24h	LINCSCP_150982
LINCSCP_308591	-0.9989128501	0.02968788039	3	BRD-M23876883	LSM-45016	NA	5uM	VCAP	6h	LINCSCP_308591
LINCSCP_25041	0.9989127694	0.0296889829	3	CHEMBL258148	LSM-6214	CTSL	90uM	HT115	6h	LINCSCP_25041
LINCSCP_14404	-0.9989123607	0.02969456295	3	BSPBIO_003237	LSM-42875	NA	10uM	HA1E	24h	LINCSCP_14404
LINCSCP_133819	0.9989119687	0.02969991452	3	Pracinostat	LSM-43290	NA	1.11uM	MCF7	24h	LINCSCP_133819
LINCSCP_26644	0.9989113847	0.02970788574	3	TORIN1	LSM-1079	MTOR	10uM	HT29	6h	LINCSCP_26644
LINCSCP_2301	-0.9989112414	0.02970984116	3	STK139544	LSM-4522	NA	10uM	A375	6h	LINCSCP_2301
LINCSCP_102248	-0.9989110439	0.02971253566	3	Prochlorperazine	LSM-2436	DRD2	0.12uM	HELA	24h	LINCSCP_102248
LINCSCP_52495	-0.9989100563	0.02972600975	3	Perphenazine	LSM-2224	DRD2	10uM	SKB	24h	LINCSCP_52495
LINCSCP_10368	0.9989091747	0.02973803077	3	PP-30	LSM-6238	RAF1	10uM	A673	6h	LINCSCP_10368
LINCSCP_25733	-0.998908449	0.02974792335	3	SCH-79797	LSM-6224	F2R	10uM	HT29	6h	LINCSCP_25733
LINCSCP_102	-0.9989079568	0.02975462992	3	R-N-Propylnorapomorphine	LSM-2281	DRD1|DRD2	10uM	A375	6h	LINCSCP_102
LINCSCP_124165	-0.9989060611	0.02978045032	3	benproperine	LSM-45733	NA	1.11uM	HT29	24h	LINCSCP_124165
LINCSCP_33282	0.9989059952	0.02978134646	3	PI828	LSM-4198	NA	10uM	MCF7	6h	LINCSCP_33282
LINCSCP_120505	-0.9989059396	0.02978210331	3	Tonabersat	LSM-45914	NA	1.11uM	HT29	24h	LINCSCP_120505
LINCSCP_20001	0.9989057337	0.02978490675	3	KUC104235N	LSM-2734	NA	10uM	HCC515	6h	LINCSCP_20001
LINCSCP_78212	-0.9989052673	0.02979125403	3	Maxacalcitol-D6	LSM-45401	NA	0.12uM	A375	24h	LINCSCP_78212
LINCSCP_682	-0.9989051582	0.02979273947	3	Simvastatin	LSM-2492	HMGCR	10uM	A375	24h	LINCSCP_682
LINCSCP_250580	-0.9989046649	0.02979945225	3	Quinacrine	LSM-1577	TP53	0.1uM	MCF7	6h	LINCSCP_250580
LINCSCP_20601	0.9989042067	0.02980568548	3	MLS000778276	LSM-43118	NA	10uM	HCC515	6h	LINCSCP_20601
LINCSCP_126383	0.9989042056	0.02980570052	3	STK-674938	LSM-45580	NA	3.33uM	HT29	24h	LINCSCP_126383
LINCSCP_60515	-0.998903317	0.02981778492	3	SCHEMBL16083218	LSM-7083	NA	5uM	VCAP	24h	LINCSCP_60515
LINCSCP_162834	0.9989024616	0.02982941396	3	Mitoxantrone	LSM-2481	TOP2A	0.12uM	SKBR3	24h	LINCSCP_162834
LINCSCP_30594	-0.9989012891	0.02984534474	3	PD-98059	LSM-3394	MAP2K1	10uM	MCF7	24h	LINCSCP_30594
LINCSCP_3242	-0.9988987702	0.02987954374	3	BRD-K69498175	LSM-12668	NA	5uM	A375	24h	LINCSCP_3242
LINCSCP_66389	0.9988980368	0.02988949369	3	Trichostatin A, Streptomyces Sp.	LSM-42814	HDAC1|HDAC10|HDAC3|HDAC4|HDAC6|HDAC7|HDAC8	10uM	A375	6h	LINCSCP_66389
LINCSCP_176578	-0.998897176	0.02990116801	3	Venlafaxine	LSM-1616	SLC6A2|SLC6A4	10uM	A375	6h	LINCSCP_176578
LINCSCP_46301	0.9988970934	0.02990228705	3	CHEMBL2142321	LSM-4813	NA	10uM	PC3	6h	LINCSCP_46301
LINCSCP_106166	-0.998896988	0.02990371714	3	BMS-927711	LSM-45712	CALCRL	10uM	HELA	24h	LINCSCP_106166
LINCSCP_109498	-0.998896981	0.02990381135	3	Tomelukast	LSM-3675	CYSLTR1	0.33uM	HELA	24h	LINCSCP_109498
LINCSCP_56759	-0.9988957267	0.02992081294	3	Indirubin-3'monoxime	LSM-2430	CDK1|CDK5|GSK3A	10uM	VCAP	6h	LINCSCP_56759
LINCSCP_278852	-0.9988956789	0.0299214598	3	BRD-K53293903	LSM-40198	NA	10uM	PC3	24h	LINCSCP_278852
LINCSCP_273491	0.9988956323	0.02992209198	3	Memantine	LSM-5154	GRIN1|GRIN2A|GRIN2B|GRIN2C|GRIN2D|GRIN3A|GRIN3B	10uM	PC3	6h	LINCSCP_273491
LINCSCP_98790	-0.9988944976	0.02993746255	3	PH-797804	LSM-36373	MAPK14	0.12uM	HA1E	24h	LINCSCP_98790
LINCSCP_155725	0.9988937703	0.02994730997	3	179324-69-7	LSM-6281	ADRM1|PSMA1|PSMA2|PSMA3|PSMA4|PSMA5|PSMA6|PSMA7|PSMA8|PSMB1|PSMB10|PSMB11|PSMB2|PSMB3|PSMB4|PSMB5|PSMB6|PSMB7|PSMB8|PSMB9|PSMC1|PSMC2|PSMC3|PSMC4|PSMC5|PSMC6|PSMD1|PSMD11|PSMD12|PSMD13|PSMD14|PSMD2|PSMD3|PSMD4|PSMD6|PSMD7|PSMD8|SEM1	20uM	PC3	24h	LINCSCP_155725
LINCSCP_30984	0.9988933363	0.02995318578	3	MLS000094939	LSM-3353	NA	10uM	MCF7	24h	LINCSCP_30984
LINCSCP_64283	-0.9988927804	0.02996070911	3	BRD-K41069217	LSM-39540	NA	5uM	VCAP	24h	LINCSCP_64283
LINCSCP_179670	-0.9988925065	0.0299644145	3	Tyrphostin 25	LSM-2054	EGFR	10uM	A375	6h	LINCSCP_179670
LINCSCP_150963	-0.9988922574	0.02996778519	3	PLX-4720	LSM-1049	BRAF	1.11uM	PC3	24h	LINCSCP_150963
LINCSCP_278008	-0.9988922376	0.02996805318	3	BRD-K83072410	LSM-13506	NA	10uM	PC3	24h	LINCSCP_278008
LINCSCP_101742	-0.9988919916	0.02997138131	3	Ibuprofen	LSM-1354	PTGS1|PTGS2	1.11uM	HELA	24h	LINCSCP_101742
LINCSCP_131902	-0.9988917526	0.02997461436	3	Dasatinib	LSM-1020	ABL1|BCR|BLK|EPHA2|FGR|FRK|FYN|HCK|KIT|LCK|LYN|PDGFRB|SRC|SRMS|YES1	0.12uM	MCF7	24h	LINCSCP_131902
LINCSCP_23060	0.9988909479	0.02998549643	3	3,6-Dimethoxyflavone	LSM-4593	NA	10uM	HEPG2	6h	LINCSCP_23060
LINCSCP_82039	0.9988908081	0.02998738607	3	OTSSP167	LSM-6340	NA	3.33uM	A549	24h	LINCSCP_82039
LINCSCP_25246	0.9988894189	0.03000616256	3	Cercosporin	LSM-1808	NA	10uM	HT29	24h	LINCSCP_25246
LINCSCP_25914	-0.9988878723	0.03002705271	3	Vanoxerine	LSM-2703	SLC6A3	10uM	HT29	24h	LINCSCP_25914
LINCSCP_70219	-0.9988876154	0.03003052172	3	BIX01294	LSM-4571	EHMT2	0.12uM	A375	24h	LINCSCP_70219
LINCSCP_145630	-0.9988818555	0.0301081838	3	rifampicin	NA	NA	1.11uM	MDAMB231	24h	LINCSCP_145630
LINCSCP_273218	-0.9988815233	0.03011265777	3	Fexofenadine	LSM-1770	HRH1	10uM	PC3	24h	LINCSCP_273218
LINCSCP_94556	0.9988796894	0.03013733876	3	Linopirdine	LSM-3317	KCNQ2|KCNQ3	10uM	HA1E	24h	LINCSCP_94556
LINCSCP_63105	-0.9988794139	0.03014104402	3	BRD-K62957477	LSM-12256	NA	5uM	VCAP	24h	LINCSCP_63105
LINCSCP_99001	-0.9988786725	0.03015101626	3	Mycophenolate Mofetil	LSM-43041	IMPDH1|IMPDH2	0.04uM	HA1E	24h	LINCSCP_99001
LINCSCP_257868	-0.9988785076	0.0301532325	3	N-(5-Chloro-2-hydroxyphenyl)-2-ethoxybenzamide	LSM-4803	NA	10uM	NEU	24h	LINCSCP_257868
LINCSCP_132087	-0.9988784794	0.03015361253	3	CI-1040	LSM-1048	MAP2K1|MAP2K2	0.37uM	MCF7	24h	LINCSCP_132087
LINCSCP_251188	-0.9988783786	0.03015496732	3	PJ34	LSM-4937	NA	10uM	MCF7	6h	LINCSCP_251188
LINCSCP_240659	-0.9988773658	0.03016858192	3	Ritanserin	LSM-2906	HTR2A|HTR2B|HTR2C	10uM	MCF7	24h	LINCSCP_240659
LINCSCP_191039	0.9988772496	0.0301701437	3	ZSTK 474	LSM-1053	PIK3CG	10uM	A549	24h	LINCSCP_191039
LINCSCP_92532	0.9988768166	0.03017596201	3	AMG-517	LSM-45865	TRPV1	0.37uM	HA1E	24h	LINCSCP_92532
LINCSCP_123273	-0.998875718	0.03019071895	3	altrenogest	LSM-45498	NA	1.11uM	HT29	24h	LINCSCP_123273
LINCSCP_51375	0.9988748122	0.03020287959	3	Dasatinib	LSM-1020	ABL1|BCR|BLK|EPHA2|FGR|FRK|FYN|HCK|KIT|LCK|LYN|PDGFRB|SRC|SRMS|YES1	0.1uM	SKBR3	24h	LINCSCP_51375
LINCSCP_261021	0.9988738044	0.03021640594	3	Sirolimus	LSM-42783	FKBP1A|MTOR	10uM	NOMO1	6h	LINCSCP_261021
LINCSCP_19252	-0.998873367	0.03022227452	3	BAS 02002358	LSM-1843	GPER1	20uM	HCC515	24h	LINCSCP_19252
LINCSCP_174227	-0.9988730465	0.03022657368	3	Avasimibe	LSM-45417	NA	10uM	YAPC	24h	LINCSCP_174227
LINCSCP_73832	0.9988719434	0.03024136577	3	Pimasertib	LSM-5946	MAP2K1|MAP2K2	1.11uM	A375	24h	LINCSCP_73832
LINCSCP_223580	0.9988716465	0.03024534527	3	92953-43-0	LSM-2465	OPRK1	10uM	HT29	24h	LINCSCP_223580
LINCSCP_39891	-0.9988715978	0.03024599817	3	Veliparib	LSM-1146	PARP1|PARP2	10uM	NCIH1694	6h	LINCSCP_39891
LINCSCP_25513	0.9988712893	0.03025013372	3	Fcodpguefhccia-Uhfffaoysa-N	LSM-42689	CASP3	10uM	HT29	24h	LINCSCP_25513
LINCSCP_151925	-0.998870353	0.03026267997	3	Ricolinostat	LSM-6324	NA	1.11uM	PC3	24h	LINCSCP_151925
LINCSCP_175923	-0.9988694784	0.03027439494	3	NIKETHAMIDE	LSM-45832	NA	3.33uM	YAPC	24h	LINCSCP_175923
LINCSCP_146645	-0.9988687156	0.03028460965	3	BMS-509744	LSM-1137	NA	1.11uM	NEU	24h	LINCSCP_146645
LINCSCP_52367	-0.9988676032	0.0302994983	3	(Z)-Guggulsterone	LSM-43187	NR1H4	10uM	SKB	24h	LINCSCP_52367
LINCSCP_88105	-0.9988668784	0.03030919464	3	AZD-5438	LSM-1159	CDK1|CDK10|CDK11B|CDK12|CDK13|CDK14|CDK15|CDK16|CDK17|CDK18|CDK19|CDK2|CDK20|CDK3|CDK4|CDK5|CDK6|CDK7|CDK8|CDK9	3.33uM	HA1E	24h	LINCSCP_88105
LINCSCP_3149	-0.9988664086	0.03031547782	3	CHEMBL2354516	LSM-14832	NA	5uM	A375	24h	LINCSCP_3149
LINCSCP_164410	0.9988652762	0.03033061986	3	GSK 1059615	LSM-42799	PIK3CA|PIK3CB|PIK3CD|PIK3CG	10uM	SKL.C	24h	LINCSCP_164410
LINCSCP_57378	0.99886497	0.03033471153	3	MLS002699913	LSM-2152	NA	10uM	VCAP	6h	LINCSCP_57378
LINCSCP_14478	0.9988649489	0.03033499366	3	164178-33-0	LSM-3415	CNR1|CNR2	10uM	HA1E	24h	LINCSCP_14478
LINCSCP_1465	-0.998864688	0.03033848153	3	VU0413807-2	LSM-1620	CACNA1G|CACNA1H|CACNA1I	10uM	A375	6h	LINCSCP_1465
LINCSCP_6449	-0.9988643717	0.03034270751	3	MLS-0435526.0001	LSM-4881	NA	10uM	A549	24h	LINCSCP_6449
LINCSCP_66815	0.9988642695	0.03034407359	3	Wortmannin	LSM-3947	PIK3CA|PIK3CG|PLK1	10uM	HA1E	6h	LINCSCP_66815
LINCSCP_165594	-0.9988642197	0.03034473818	3	Vandetanib	LSM-1199	EGFR|EPHA1|EPHA10|EPHA2|EPHA3|EPHA4|EPHA5|EPHA6|EPHA7|EPHA8|EPHB1|EPHB2|EPHB3|EPHB4|EPHB6|ERBB2|ERBB3|ERBB4|FLT1|FLT4|KDR|PTK6|RET|SRC|TEK	0.12uM	SKL	24h	LINCSCP_165594
LINCSCP_54968	-0.9988638053	0.03035027548	3	SB-216763	LSM-1161	GSK3B	10uM	THP1	6h	LINCSCP_54968
LINCSCP_160411	0.9988618622	0.0303762212	3	BAY 87-2243	LSM-45786	NA	0.04uM	PC3	24h	LINCSCP_160411
LINCSCP_51256	0.9988613558	0.03038297888	3	ML100	LSM-6293	NA	10uM	RMUGS	6h	LINCSCP_51256
LINCSCP_33150	-0.9988612012	0.03038504161	3	Y-134	LSM-4127	ESR1|ESR2	10uM	MCF7	24h	LINCSCP_33150
LINCSCP_34917	0.998860993	0.03038782012	3	BRD-K91652715	LSM-42262	NA	5uM	MCF7	24h	LINCSCP_34917
LINCSCP_164123	0.998859455	0.0304083335	3	EX-8678	LSM-1147	NA	0.37uM	SKBR3	3h	LINCSCP_164123
LINCSCP_50730	-0.9988578098	0.03043026182	3	Chaetocin	LSM-6198	SUV39H1	0.1uM	RKO	6h	LINCSCP_50730
LINCSCP_277893	0.9988548509	0.03046965883	3	CHEMBL2355585	LSM-39481	NA	10uM	PC3	24h	LINCSCP_277893
LINCSCP_114429	-0.9988544044	0.0304755996	3	CHEMBL3188661	LSM-5394	DDR1	3.33uM	HME1	24h	LINCSCP_114429
LINCSCP_103687	-0.9988541035	0.03047960224	3	Glyburide	LSM-2811	ABCC8|CFTR|KCNJ11|KCNJ5|KCNJ8	1.11uM	HELA	24h	LINCSCP_103687
LINCSCP_67801	-0.9988537327	0.03048453448	3	Wortmannin	LSM-3947	PIK3CA|PIK3CG|PLK1	0.5uM	NPC	24h	LINCSCP_67801
LINCSCP_134709	-0.9988537105	0.03048483003	3	Pyrazinamide	LSM-5425	FASN	0.04uM	MCF7	24h	LINCSCP_134709
LINCSCP_145886	0.9988535987	0.03048631681	3	Sirolimus	LSM-42783	FKBP1A|MTOR	3.33uM	MDAMB231	3h	LINCSCP_145886
LINCSCP_270868	-0.9988535901	0.03048643033	3	HG-5-88-01	LSM-42725	COQ8B|EGFR	10uM	PC3	24h	LINCSCP_270868
LINCSCP_37781	-0.9988525266	0.03050057162	3	SA-102695	LSM-38552	NA	3uM	MCF7	6h	LINCSCP_37781
LINCSCP_41009	-0.9988518732	0.03050925576	3	Indolophenanthridine	LSM-3788	NA	10uM	NEU	24h	LINCSCP_41009
LINCSCP_20274	-0.9988515923	0.03051298782	3	SUGA2_000514	LSM-36687	NA	10uM	HCC515	6h	LINCSCP_20274
LINCSCP_3734	-0.9988513955	0.03051560318	3	BRD-K77793090	LSM-13185	NA	10uM	A375	24h	LINCSCP_3734
LINCSCP_290272	0.9988513419	0.03051631458	3	Wortmannin	LSM-3947	PIK3CA|PIK3CG|PLK1	10uM	VCAP	6h	LINCSCP_290272
LINCSCP_202816	-0.9988512977	0.03051690233	3	Sirolimus	LSM-42782	FKBP1A|MTOR	0.5uM	A549	6h	LINCSCP_202816
LINCSCP_193228	-0.9988503338	0.0305297054	3	Dorsomorphin	LSM-3207	BMPR1A|BMPR1B|PRKAA1	10uM	A549	24h	LINCSCP_193228
LINCSCP_55806	-0.9988500562	0.03053339189	3	Calpeptin	LSM-2570	NA	10uM	VCAP	6h	LINCSCP_55806
LINCSCP_221974	-0.9988475899	0.03056612301	3	Genistein	LSM-5549	CFTR|ESR2	0.04uM	HEPG2	24h	LINCSCP_221974
LINCSCP_11495	0.9988475766	0.03056630062	3	CCG-214295	LSM-4427	NA	10uM	ASC	24h	LINCSCP_11495
LINCSCP_113851	0.998845621	0.03059222907	3	Pazopanib	LSM-1114	CSF1R|FGFR1|FGFR3|FLT1|FLT4|ITK|KDR|KIT|LCK|PDGFRA|PDGFRB	10uM	HME1	24h	LINCSCP_113851
LINCSCP_173251	-0.9988452399	0.03059727903	3	Cediranib	LSM-5926	FLT1|FLT4|KDR|KIT|PDGFRA|PDGFRB	1.11uM	YAPC	24h	LINCSCP_173251
LINCSCP_52939	-0.9988449818	0.0306006986	3	6-(7-Hydroxy-6,7-dihydro-5H-pyrrolo[1,2-c]imidazol-7-yl)-n-methyl-2-naphthamide	LSM-6184	CYP17A1	40uM	SKLU1	6h	LINCSCP_52939
LINCSCP_151131	0.9988445792	0.03060603296	3	SCHEMBL6874948	LSM-5674	LCK	1.11uM	PC3	24h	LINCSCP_151131
LINCSCP_77782	0.9988442845	0.03060993632	3	CTS-1027	LSM-45524	NA	10uM	A375	24h	LINCSCP_77782
LINCSCP_21974	0.9988441502	0.03061171522	3	MLS002264403	LSM-1786	NA	10uM	HEPG2	6h	LINCSCP_21974
LINCSCP_38415	0.998843521	0.03062004722	3	MW-SHH-61	LSM-44611	NA	3uM	MCF7	24h	LINCSCP_38415
LINCSCP_31610	-0.9988425543	0.03063284504	3	MLS001060778	LSM-2982	NA	10uM	MCF7	24h	LINCSCP_31610
LINCSCP_120410	-0.9988425208	0.03063328802	3	Cobicistat (GS-9350)	LSM-45771	CYP3A4|CYP3A43|CYP3A5|CYP3A7|CYP3A7-CYP3A51P	0.37uM	HT29	24h	LINCSCP_120410
LINCSCP_155363	0.9988416934	0.03064423662	3	179324-69-7	LSM-6281	ADRM1|PSMA1|PSMA2|PSMA3|PSMA4|PSMA5|PSMA6|PSMA7|PSMA8|PSMB1|PSMB10|PSMB11|PSMB2|PSMB3|PSMB4|PSMB5|PSMB6|PSMB7|PSMB8|PSMB9|PSMC1|PSMC2|PSMC3|PSMC4|PSMC5|PSMC6|PSMD1|PSMD11|PSMD12|PSMD13|PSMD14|PSMD2|PSMD3|PSMD4|PSMD6|PSMD7|PSMD8|SEM1	20uM	PC3	24h	LINCSCP_155363
LINCSCP_218855	0.9988416502	0.03064480928	3	Allantoin	LSM-5190	NA	0.5uM	HEK293T	24h	LINCSCP_218855
LINCSCP_90801	0.9988402538	0.03066327814	3	Diclofenac	LSM-2160	PTGS1|PTGS2	3.33uM	HA1E	24h	LINCSCP_90801
LINCSCP_10420	0.9988395726	0.03067228345	3	BSPBIO_001592	LSM-43102	PTGS1|PTGS2	50uM	A673	6h	LINCSCP_10420
LINCSCP_173141	0.9988385682	0.03068555709	3	Pimavanserin	LSM-45960	HTR2A	10uM	YAPC	24h	LINCSCP_173141
LINCSCP_46525	-0.9988372897	0.03070244571	3	HMS1484F20	LSM-43110	NA	10uM	PC3	24h	LINCSCP_46525
LINCSCP_83151	-0.998837216	0.03070341931	3	Pazopanib	LSM-1114	CSF1R|FGFR1|FGFR3|FLT1|FLT4|ITK|KDR|KIT|LCK|PDGFRA|PDGFRB	0.04uM	ASC.C	24h	LINCSCP_83151
LINCSCP_74507	0.9988367987	0.03070892819	3	Bemegride	LSM-2325	GABRA1	3.33uM	A375	24h	LINCSCP_74507
LINCSCP_37082	0.9988366214	0.03071126972	3	CHEMBL2143415	LSM-6085	NA	3uM	MCF7	6h	LINCSCP_37082
LINCSCP_51945	0.9988360612	0.03071866388	3	Pyrazolanthrone	LSM-1163	MAPK10|MAPK8|MAPK9|TTK	10uM	SKBR3	6h	LINCSCP_51945
LINCSCP_143757	-0.9988341478	0.03074390817	3	Doxorubicin	LSM-4062	TOP2A	0.12uM	MCF7	24h	LINCSCP_143757
LINCSCP_64167	-0.9988327527	0.03076230039	3	BRD-K17288883	LSM-14739	NA	5uM	VCAP	24h	LINCSCP_64167
LINCSCP_4530	0.9988327202	0.03076272858	3	Niclosamide	LSM-2787	STAT3	10uM	A549	24h	LINCSCP_4530
LINCSCP_221777	-0.9988325667	0.03076475253	3	Estradiol	LSM-2421	ESR1|ESR2|NR1I2	3.33uM	HEPG2	24h	LINCSCP_221777
LINCSCP_260165	-0.9988310819	0.03078431395	3	Tretinoin	LSM-42854	RARA|RARB|RARG|RORB	10uM	NEU	6h	LINCSCP_260165
LINCSCP_164387	-0.9988309319	0.03078628957	3	PHA-767491	LSM-6304	NA	3.33uM	SKL.C	24h	LINCSCP_164387
LINCSCP_284010	-0.9988301988	0.03079594215	3	Gefitinib	LSM-1098	EGFR	10uM	SKB	24h	LINCSCP_284010
LINCSCP_1864	-0.9988294983	0.03080516284	3	Naftopidil	LSM-4302	NA	10uM	A375	6h	LINCSCP_1864
LINCSCP_34018	-0.9988293813	0.03080670277	3	BRD-K39921295	LSM-39470	NA	10uM	MCF7	6h	LINCSCP_34018
LINCSCP_138092	0.9988287821	0.03081458863	3	BMY-14802	LSM-1339	HTR1A	1.11uM	MCF7	24h	LINCSCP_138092
LINCSCP_86054	0.9988281115	0.03082341033	3	Sirolimus	LSM-42783	FKBP1A|MTOR	1.11uM	BT20	24h	LINCSCP_86054
LINCSCP_112475	0.9988264528	0.03084522124	3	I-BET151	LSM-6335	NA	1.11uM	HEPG2	24h	LINCSCP_112475
LINCSCP_219306	-0.9988261567	0.03084911291	3	AM-580	LSM-2132	RARA	10uM	HEPG2	6h	LINCSCP_219306
LINCSCP_173250	-0.998826144	0.0308492801	3	Cediranib	LSM-5926	FLT1|FLT4|KDR|KIT|PDGFRA|PDGFRB	3.33uM	YAPC	24h	LINCSCP_173250
LINCSCP_164314	-0.9988238313	0.03087965918	3	KW-2449	LSM-42803	ABL1|AURKA|AURKB|FLT3	10uM	SKL.C	24h	LINCSCP_164314
LINCSCP_41275	-0.9988222207	0.03090079889	3	Rimonabant	LSM-36994	CNR1	10uM	NEU	6h	LINCSCP_41275
LINCSCP_110692	-0.9988217901	0.03090644801	3	MG-132	LSM-1107	PSMB1	20uM	HELA	24h	LINCSCP_110692
LINCSCP_162850	-0.9988214645	0.03091071998	3	Enzastaurin	LSM-1069	PRKCB	1.11uM	SKBR3	24h	LINCSCP_162850
LINCSCP_49448	0.998820204	0.03092724851	3	Trichostatin A, Streptomyces Sp.	LSM-42814	HDAC1|HDAC10|HDAC3|HDAC4|HDAC6|HDAC7|HDAC8	0.12uM	PC3	24h	LINCSCP_49448
LINCSCP_93152	-0.9988196445	0.03093458327	3	Tebipenem Pivoxil	LSM-46000	NA	10uM	HA1E	24h	LINCSCP_93152
LINCSCP_81506	-0.9988192302	0.03094001261	3	Withaferin A	LSM-6685	IKBKB|NAMPT	0.12uM	A549	24h	LINCSCP_81506
LINCSCP_32291	-0.998818649	0.03094762737	3	F1061-0166	LSM-4474	NA	10uM	MCF7	6h	LINCSCP_32291
LINCSCP_6207	0.9988182289	0.03095313038	3	Entinostat	LSM-4811	HDAC1|HDAC10|HDAC11|HDAC2|HDAC3|HDAC4|HDAC5|HDAC6|HDAC7|HDAC8|HDAC9	10uM	A549	24h	LINCSCP_6207
LINCSCP_101436	-0.9988173201	0.03096503203	3	MK-2866 (GTx-024)	LSM-45447	AR	3.33uM	HELA	24h	LINCSCP_101436
LINCSCP_28563	-0.9988162907	0.03097850853	3	Wortmannin	LSM-3947	PIK3CA|PIK3CG|PLK1	0.04uM	HT29	24h	LINCSCP_28563
LINCSCP_82134	0.9988162722	0.0309787505	3	CGP 60474	LSM-1025	CDK1	1.11uM	A549	24h	LINCSCP_82134
LINCSCP_418	-0.998815741	0.03098570237	3	Sotalol	LSM-1465	ADRB1|ADRB2|KCNH2	10uM	A375	6h	LINCSCP_418
LINCSCP_21609	-0.9988145941	0.03100070557	3	BRD-A69951442-001-01-3	LSM-4466	NR3C1	10uM	HEPG2	6h	LINCSCP_21609
LINCSCP_38534	-0.998814111	0.03100702311	3	ENMD-2076	LSM-45335	AURKA|AURKB|CSF1R|FGFR3|FLT3|KDR|KIT|PDGFRA|SRC	1.11uM	MCF7	24h	LINCSCP_38534
LINCSCP_125214	-0.9988128738	0.03102319602	3	Miconazole	LSM-5165	NA	1.11uM	HT29	24h	LINCSCP_125214
LINCSCP_151837	-0.9988116598	0.03103905838	3	GSK-461364	LSM-1013	PLK1	0.12uM	PC3	24h	LINCSCP_151837
LINCSCP_29116	0.9988111745	0.03104539603	3	KU0060648	LSM-4935	PIK3CA|PIK3CB|PIK3CD|PRKDC	10uM	JHUEM2	6h	LINCSCP_29116
LINCSCP_41017	-0.9988096297	0.0310655642	3	CHEMBL1788383	LSM-3875	DRD2|SIGMAR1	10uM	NEU	24h	LINCSCP_41017
LINCSCP_156358	0.9988089684	0.03107419388	3	179324-69-7	LSM-6281	ADRM1|PSMA1|PSMA2|PSMA3|PSMA4|PSMA5|PSMA6|PSMA7|PSMA8|PSMB1|PSMB10|PSMB11|PSMB2|PSMB3|PSMB4|PSMB5|PSMB6|PSMB7|PSMB8|PSMB9|PSMC1|PSMC2|PSMC3|PSMC4|PSMC5|PSMC6|PSMD1|PSMD11|PSMD12|PSMD13|PSMD14|PSMD2|PSMD3|PSMD4|PSMD6|PSMD7|PSMD8|SEM1	20uM	PC3	24h	LINCSCP_156358
LINCSCP_146265	0.9988084075	0.03108151128	3	761437-28-9	LSM-1208	NA	10uM	MNEU.E	24h	LINCSCP_146265
LINCSCP_121071	-0.9988083365	0.03108243753	3	Cytarabine	LSM-5470	POLA1|POLB|POLD1|POLE	0.12uM	HT29	24h	LINCSCP_121071
LINCSCP_36627	-0.9988074276	0.0310942912	3	WH-4-025	LSM-45317	NA	0.5uM	MCF7	6h	LINCSCP_36627
LINCSCP_155582	0.9988068014	0.03110245617	3	Afuresertib	LSM-42768	AKT1|AKT2|AKT3	10uM	PC3	24h	LINCSCP_155582
LINCSCP_70540	0.9988048721	0.03112759617	3	Dabrafenib	LSM-6303	BRAF	0.12uM	A375	24h	LINCSCP_70540
LINCSCP_37113	-0.9988045439	0.03113186983	3	BRD-K33384411	LSM-8196	NA	3uM	MCF7	6h	LINCSCP_37113
LINCSCP_41166	0.9988044629	0.03113292489	3	Hydroxytyrosol	LSM-36968	NA	10uM	NEU	24h	LINCSCP_41166
LINCSCP_175154	0.9988035677	0.03114458172	3	MG-132	LSM-1107	PSMB1	20uM	YAPC	24h	LINCSCP_175154
LINCSCP_50868	-0.9988031809	0.03114961558	3	Tosedostat	LSM-6286	ANPEP|C9orf3|DNPEP|ENPEP|ERAP1|ERAP2|LAP3|LNPEP|LVRN|METAP1|METAP1D|METAP2|NPEPL1|NPEPPS|RNPEP|RNPEPL1|XPNPEP1|XPNPEP2|XPNPEP3	80uM	RKO	6h	LINCSCP_50868
LINCSCP_36375	0.9988024865	0.03115865332	3	KU0060648	LSM-4935	PIK3CA|PIK3CB|PIK3CD|PRKDC	10uM	MCF7	6h	LINCSCP_36375
LINCSCP_131804	0.9988023827	0.03116000378	3	TORIN1	LSM-1079	MTOR	1.11uM	MCF10A	3h	LINCSCP_131804
LINCSCP_162899	0.9988022818	0.03116131632	3	C21H27N7O3	LSM-1128	AKT1|AKT2|AKT3|PRKCQ	0.04uM	SKBR3	24h	LINCSCP_162899
LINCSCP_88203	-0.998801144	0.03117611785	3	Gefitinib	LSM-1098	EGFR	0.12uM	HA1E	24h	LINCSCP_88203
LINCSCP_128503	-0.9988002163	0.03118817994	3	Pazopanib	LSM-1114	CSF1R|FGFR1|FGFR3|FLT1|FLT4|ITK|KDR|KIT|LCK|PDGFRA|PDGFRB	0.37uM	HUVEC	24h	LINCSCP_128503
LINCSCP_147610	0.9987996254	0.03119586076	3	BRD-A25736793	LSM-43054	MTOR	0.37uM	NPC.CAS9	24h	LINCSCP_147610
LINCSCP_91142	0.9987986237	0.03120887639	3	LY2801653	LSM-45706	MET	10uM	HA1E	24h	LINCSCP_91142
LINCSCP_99976	-0.9987983472	0.03121246884	3	noscapine	NA	NA	0.12uM	HCC515	24h	LINCSCP_99976
LINCSCP_3187	-0.9987974679	0.03122388888	3	BRD-K43253317	LSM-39647	NA	5uM	A375	24h	LINCSCP_3187
LINCSCP_99502	-0.9987967324	0.03123343753	3	AZD-8330	LSM-1165	MAP2K1|MAP2K2	0.12uM	HCC515	24h	LINCSCP_99502
LINCSCP_410	-0.9987962818	0.03123928717	3	Phensuximide	LSM-1359	CACNA1G|CACNA1H|CACNA1I	10uM	A375	6h	LINCSCP_410
LINCSCP_50471	0.99879542	0.03125046922	3	ST076228	LSM-36689	NA	10uM	PHH	6h	LINCSCP_50471
LINCSCP_86478	0.998795369	0.03125113125	3	QL47	LSM-6019	BMX|BTK	10uM	BT20	3h	LINCSCP_86478
LINCSCP_163323	0.99879497	0.03125630776	3	TORIN-2	LSM-1080	MTOR	0.12uM	SKBR3	3h	LINCSCP_163323
LINCSCP_155229	0.9987940662	0.03126802866	3	Niclosamide	LSM-2787	STAT3	10uM	PC3	24h	LINCSCP_155229
LINCSCP_239230	0.9987940225	0.03126859576	3	Miglitol	LSM-5559	GAA|MGAM	10uM	MCF7	6h	LINCSCP_239230
LINCSCP_158073	0.9987936792	0.03127304647	3	Gliclazide	LSM-5096	ABCC8	10uM	PC3	24h	LINCSCP_158073
LINCSCP_109968	-0.9987930199	0.031281593	3	Resiquimod	LSM-45841	NA	0.37uM	HELA	24h	LINCSCP_109968
LINCSCP_12016	0.9987929383	0.03128265097	3	AZD-8055	LSM-1007	MTOR	0.5uM	BT20	6h	LINCSCP_12016
LINCSCP_112400	-0.9987923365	0.0312904504	3	Dasatinib	LSM-1020	ABL1|BCR|BLK|EPHA2|FGR|FRK|FYN|HCK|KIT|LCK|LYN|PDGFRB|SRC|SRMS|YES1	0.04uM	HEPG2	24h	LINCSCP_112400
LINCSCP_120921	-0.9987923237	0.03129061633	3	KX2-391	LSM-45890	SRC	0.12uM	HT29	24h	LINCSCP_120921
LINCSCP_80353	-0.998790716	0.0313114412	3	Apremilast (CC-10004)	LSM-45894	PDE4A|PDE4B|PDE4C|PDE4D	3.33uM	A375	24h	LINCSCP_80353
LINCSCP_43224	0.9987901799	0.03131838233	3	Papp	LSM-2302	HTR1A|HTR1D	10uM	NPC	24h	LINCSCP_43224
LINCSCP_138451	0.9987891131	0.03133218956	3	ETOPOSIDE	LSM-6348	TOP2A|TOP2B	3.33uM	MCF7	24h	LINCSCP_138451
LINCSCP_130670	-0.9987876989	0.03135048454	3	Fedratinib	LSM-1142	FLT3|JAK2	0.37uM	MCF10A	24h	LINCSCP_130670
LINCSCP_36655	0.9987861448	0.03137057615	3	TAE-684	LSM-1024	ALK	1uM	MCF7	6h	LINCSCP_36655
LINCSCP_50186	-0.9987858592	0.03137426835	3	Papaverine	LSM-2338	PDE10A	10uM	PHH	24h	LINCSCP_50186
LINCSCP_35660	-0.9987847007	0.03138923597	3	AC1NXRFO	LSM-43270	NA	0.5uM	MCF7	24h	LINCSCP_35660
LINCSCP_83147	0.9987841432	0.0313964356	3	Pazopanib	LSM-1114	CSF1R|FGFR1|FGFR3|FLT1|FLT4|ITK|KDR|KIT|LCK|PDGFRA|PDGFRB	3.33uM	ASC.C	24h	LINCSCP_83147
LINCSCP_16012	-0.9987840107	0.03139814735	3	CHEMBL1270915	LSM-3056	NA	10uM	HA1E	6h	LINCSCP_16012
LINCSCP_75653	0.9987838682	0.03139998678	3	LGX818	LSM-45655	NA	0.37uM	A375	24h	LINCSCP_75653
LINCSCP_35541	-0.9987836158	0.0314032461	3	PCI-34051	LSM-4812	HDAC1|HDAC10|HDAC6|HDAC8	1uM	MCF7	24h	LINCSCP_35541
LINCSCP_70410	0.998782875	0.03141280907	3	EMF-sumo1-1	NA	NA	0.04uM	A375	24h	LINCSCP_70410
LINCSCP_57596	-0.9987828245	0.03141346056	3	MLS002264397	LSM-1315	NA	10uM	VCAP	6h	LINCSCP_57596
LINCSCP_47912	-0.9987827506	0.03141441506	3	Vesamicol	LSM-2313	SLC18A3	10uM	PC3	6h	LINCSCP_47912
LINCSCP_113369	-0.9987826853	0.03141525693	3	Mitoxantrone	LSM-2481	TOP2A	1.11uM	HME1	3h	LINCSCP_113369
LINCSCP_151218	0.9987824556	0.03141822119	3	PF-562271	LSM-1072	PTK2|PTK2B	0.04uM	PC3	24h	LINCSCP_151218
LINCSCP_121727	-0.998780983	0.03143721962	3	Cabazitaxel	LSM-46002	NA	10uM	HT29	24h	LINCSCP_121727
LINCSCP_17345	-0.9987797878	0.03145263105	3	AZD-1152-HQPA	LSM-1067	AURKA|AURKB	3.33uM	HA1E	24h	LINCSCP_17345
LINCSCP_148302	0.9987782014	0.03147307359	3	GSK-2334470	LSM-1222	PDK1|PDPK1	1.11uM	NPC.CAS9	24h	LINCSCP_148302
LINCSCP_85289	0.998777643	0.0314802668	3	TORIN-2	LSM-1080	MTOR	0.04uM	BT20	24h	LINCSCP_85289
LINCSCP_113343	-0.9987763213	0.03149728424	3	SCHEMBL6874948	LSM-5674	LCK	10uM	HME1	3h	LINCSCP_113343
LINCSCP_60843	-0.9987761412	0.03149960295	3	BRD-K13324372	LSM-9229	NA	5uM	VCAP	24h	LINCSCP_60843
LINCSCP_158603	-0.9987760764	0.03150043678	3	Triflupromazine	LSM-3421	DRD2|HTR2B	1.11uM	PC3	24h	LINCSCP_158603
LINCSCP_127771	-0.9987747205	0.03151788482	3	179324-69-7	LSM-6281	ADRM1|PSMA1|PSMA2|PSMA3|PSMA4|PSMA5|PSMA6|PSMA7|PSMA8|PSMB1|PSMB10|PSMB11|PSMB2|PSMB3|PSMB4|PSMB5|PSMB6|PSMB7|PSMB8|PSMB9|PSMC1|PSMC2|PSMC3|PSMC4|PSMC5|PSMC6|PSMD1|PSMD11|PSMD12|PSMD13|PSMD14|PSMD2|PSMD3|PSMD4|PSMD6|PSMD7|PSMD8|SEM1	20uM	HT29	24h	LINCSCP_127771
LINCSCP_79510	0.9987744298	0.03152162405	3	Leflunomide	LSM-3771	DHODH	0.04uM	A375	24h	LINCSCP_79510
LINCSCP_66224	-0.9987743701	0.03152239156	3	3-Chloro-l-alanine	LSM-6205	RPS2	0.5uM	WSUDLCL2	6h	LINCSCP_66224
LINCSCP_109990	-0.9987743484	0.03152267048	3	Fasudil	LSM-3715	ROCK1|ROCK2	3.33uM	HELA	24h	LINCSCP_109990
LINCSCP_61420	0.9987743174	0.03152306946	3	BRD-K19597888	LSM-9611	NA	5uM	VCAP	24h	LINCSCP_61420
LINCSCP_40183	-0.998772897	0.03154133373	3	Dactolisib	LSM-4255	MTOR|PIK3CA|PIK3CB|PIK3CD|PIK3CG|PIK3R1|PIK3R2|PIK3R3|PIK3R5	0.5uM	NCIH508	6h	LINCSCP_40183
LINCSCP_13013	0.9987710732	0.03156476871	3	Nisoxetine	LSM-1934	SLC6A2	10uM	FIBRNPC	24h	LINCSCP_13013
LINCSCP_62220	-0.9987705191	0.03157188567	3	BRD-K56943062	LSM-11873	NA	5uM	VCAP	6h	LINCSCP_62220
LINCSCP_52251	-0.9987700763	0.03157757167	3	BRD-K53327986	LSM-6127	NA	10uM	SKB	24h	LINCSCP_52251
LINCSCP_50766	-0.9987678121	0.03160663	3	Amiodarone	LSM-2379	KCNH2	10uM	RKO	6h	LINCSCP_50766
LINCSCP_52470	-0.998766401	0.03162472656	3	XMD-1185H	LSM-42731	NA	10uM	SKB	24h	LINCSCP_52470
LINCSCP_154123	0.998766364	0.03162520085	3	Ergothioneine	LSM-45829	NA	3.33uM	PC3	24h	LINCSCP_154123
LINCSCP_130165	0.9987662507	0.03162665383	3	936890-98-1	LSM-42786	MTOR	3.33uM	LNCAP	3h	LINCSCP_130165
LINCSCP_52492	0.9987654132	0.0316373885	3	SCHEMBL12187882	LSM-2029	PTPN1|PTPN11	10uM	SKB	24h	LINCSCP_52492
LINCSCP_151391	0.9987648933	0.03164405091	3	EX-8678	LSM-1147	NA	0.12uM	PC3	24h	LINCSCP_151391
LINCSCP_259536	0.9987618876	0.03168253902	3	BRD-K56060837-001-01-9	LSM-37132	HTR1A|HTR1B|HTR1D|HTR2A|HTR2B|HTR2C|HTR3A|HTR3B|HTR4|HTR5A|HTR6|HTR7	10uM	NEU	24h	LINCSCP_259536
LINCSCP_148961	0.9987616371	0.03168574502	3	I-BET151	LSM-6335	NA	10uM	NPC	24h	LINCSCP_148961
LINCSCP_247296	0.9987576726	0.03173643351	3	BRD-K46004847	LSM-39821	NA	5uM	MCF7	24h	LINCSCP_247296
LINCSCP_25141	0.998756141	0.03175599462	3	atorvastatin	NA	DPP4|HMGCR	10uM	HT115	6h	LINCSCP_25141
LINCSCP_55256	0.9987558476	0.03175974079	3	Oxetane	LSM-44627	NA	0.5uM	U266	24h	LINCSCP_55256
LINCSCP_70600	-0.9987558445	0.03175978029	3	HMN-214	LSM-42802	CSF1R|FLT1|FLT3|FLT4|KDR|KIT|PDGFRB|RET	0.12uM	A375	24h	LINCSCP_70600
LINCSCP_36005	-0.9987554198	0.03176520166	3	Omacetaxine Mepesuccinate	LSM-3716	NA	0.01uM	MCF7	24h	LINCSCP_36005
LINCSCP_102403	-0.9987548381	0.03177262594	3	Lexibulin	LSM-6232	TUBA1A|TUBA1B|TUBA1C|TUBA3E|TUBA4A|TUBB|TUBB1|TUBB2A|TUBB2B|TUBB3|TUBB4A|TUBB4B|TUBB6|TUBB8	0.12uM	HELA	24h	LINCSCP_102403
LINCSCP_26679	-0.9987517636	0.03181183611	3	24(S),25-epoxycholesterol	LSM-5712	NR1H2|NR1H3	10uM	HT29	6h	LINCSCP_26679
LINCSCP_173435	-0.9987515632	0.03181438931	3	Dilazep	LSM-3068	SLC29A1	10uM	YAPC	24h	LINCSCP_173435
LINCSCP_113916	0.9987513647	0.03181691942	3	SB525334	LSM-1121	TGFBR1	0.04uM	HME1	24h	LINCSCP_113916
LINCSCP_163755	0.9987512161	0.03181881259	3	ZSTK 474	LSM-1053	PIK3CG	10uM	SKBR3	24h	LINCSCP_163755
LINCSCP_116366	-0.9987511092	0.03182017514	3	PLX-4720	LSM-1049	BRAF	0.04uM	HT29	24h	LINCSCP_116366
LINCSCP_131135	0.9987494403	0.03184143358	3	AZD-8055	LSM-1007	MTOR	3.33uM	MCF10A	24h	LINCSCP_131135
LINCSCP_24891	-0.9987489698	0.03184742398	3	CHEMBL585951	LSM-36386	MAPK8	0.5uM	HS578T	6h	LINCSCP_24891
LINCSCP_15770	0.998747639	0.0318643615	3	MLS002415569	LSM-3074	NA	10uM	HA1E	24h	LINCSCP_15770
LINCSCP_174743	0.9987472921	0.0318687755	3	RUTIN	LSM-45936	NA	10uM	YAPC	24h	LINCSCP_174743
LINCSCP_12718	-0.998745581	0.03189053709	3	HSCI1_000314	LSM-6251	ARG1|ARG2	80uM	COV644	6h	LINCSCP_12718
LINCSCP_12659	-0.9987448996	0.03189919995	3	Tozasertib	LSM-1021	ABL1|AURKA|AURKB|AURKC|BCR|FLT3|JAK2	10uM	CORL23	6h	LINCSCP_12659
LINCSCP_264732	0.9987447844	0.03190066378	3	Cilnidipine	LSM-1284	CACNA1B	10uM	PC3	6h	LINCSCP_264732
LINCSCP_142087	-0.99874442	0.03190529521	3	Decitabine	LSM-5855	DNMT1|DNMT3A	1.11uM	MCF7	24h	LINCSCP_142087
LINCSCP_12934	0.9987435252	0.03191666489	3	3-(4-Pyridyl)indole	LSM-4569	ROCK1	10uM	EFO27	6h	LINCSCP_12934
LINCSCP_56473	0.9987426642	0.03192760051	3	IN1304	LSM-1338	PPARG	10uM	VCAP	6h	LINCSCP_56473
LINCSCP_7221	-0.9987421378	0.03193428382	3	Spiramide	LSM-4124	HTR1A|HTR2A	10uM	A549	6h	LINCSCP_7221
LINCSCP_269977	-0.9987407774	0.03195155206	3	Ketoconazole	LSM-5430	AR|CYP19A1	10uM	PC3	6h	LINCSCP_269977
LINCSCP_306730	0.998739405	0.03196896286	3	BRD-K12980773	LSM-9201	NA	5uM	VCAP	24h	LINCSCP_306730
LINCSCP_120051	-0.9987392836	0.03197050191	3	Inolitazone (dihydrochloride)	LSM-45726	PPARG	0.37uM	HT29	24h	LINCSCP_120051
LINCSCP_65608	-0.9987386289	0.03197880446	3	BRD-K26508045	LSM-38713	NA	10uM	VCAP	24h	LINCSCP_65608
LINCSCP_259943	0.998737113	0.03199801845	3	Kenpaullone	LSM-2824	CDK1|CDK5|GSK3B	10uM	NEU	24h	LINCSCP_259943
LINCSCP_117392	-0.9987370713	0.03199854723	3	GSK 525762A	LSM-6334	NA	0.37uM	HT29	24h	LINCSCP_117392
LINCSCP_113384	-0.9987369736	0.03199978513	3	Saracatinib	LSM-1032	ABL1|SRC	0.04uM	HME1	3h	LINCSCP_113384
LINCSCP_35616	-0.9987369031	0.03200067818	3	13-Hydroxy-8,14,19-trimethoxy-4,10,12,16-tetramethyl-3,20,22-trioxo-2-azabicyclo[16.3.1]docosa-1(21),4,6,10,18-pentaen-9-yl carbamate	LSM-42815	HSP90AA1	0.01uM	MCF7	24h	LINCSCP_35616
LINCSCP_70695	-0.9987368905	0.03200083752	3	ITK Inhibitor	LSM-1043	ITK	0.37uM	A375	24h	LINCSCP_70695
LINCSCP_37957	0.9987368184	0.03200175155	3	179324-69-7	LSM-6281	ADRM1|PSMA1|PSMA2|PSMA3|PSMA4|PSMA5|PSMA6|PSMA7|PSMA8|PSMB1|PSMB10|PSMB11|PSMB2|PSMB3|PSMB4|PSMB5|PSMB6|PSMB7|PSMB8|PSMB9|PSMC1|PSMC2|PSMC3|PSMC4|PSMC5|PSMC6|PSMD1|PSMD11|PSMD12|PSMD13|PSMD14|PSMD2|PSMD3|PSMD4|PSMD6|PSMD7|PSMD8|SEM1	5uM	MCF7	24h	LINCSCP_37957
LINCSCP_6689	-0.9987353928	0.03201980857	3	CG-930	LSM-44952	MAPK8	10uM	A549	6h	LINCSCP_6689
LINCSCP_201733	-0.9987353298	0.03202060531	3	PRL-3InhibitorI	LSM-43277	PTP4A3	0.001uM	A549	24h	LINCSCP_201733
LINCSCP_6551	0.9987339654	0.03203787737	3	Withaferin-A	LSM-5073	IKBKB|NAMPT	10uM	A549	6h	LINCSCP_6551
LINCSCP_66570	0.9987326936	0.03205396849	3	Wortmannin	LSM-3947	PIK3CA|PIK3CG|PLK1	10uM	A549	6h	LINCSCP_66570
LINCSCP_250070	-0.9987321717	0.03206056938	3	BRD-K87536251	LSM-13798	NA	10uM	MCF7	24h	LINCSCP_250070
LINCSCP_3682	-0.998731549	0.03206844333	3	BRD-K22052171	LSM-9763	NA	10uM	A375	24h	LINCSCP_3682
LINCSCP_12447	-0.9987312755	0.03207190133	3	UTMB00042	LSM-45326	NA	1uM	CD34	6h	LINCSCP_12447
LINCSCP_48421	-0.998730124	0.0320864562	3	BRD-K07516181	LSM-8874	NA	10uM	PC3	24h	LINCSCP_48421
LINCSCP_28689	-0.9987300571	0.03208730157	3	Dienestrol	LSM-43043	ESR1	0.04uM	HT29	24h	LINCSCP_28689
LINCSCP_154590	0.99872986	0.03208979093	3	Vernakalant (Hydrochloride)	LSM-45707	NA	10uM	PC3	24h	LINCSCP_154590
LINCSCP_83463	-0.9987296265	0.03209274143	3	Dasatinib	LSM-1020	ABL1|BCR|BLK|EPHA2|FGR|FRK|FYN|HCK|KIT|LCK|LYN|PDGFRB|SRC|SRMS|YES1	0.37uM	ASC.C	24h	LINCSCP_83463
LINCSCP_70320	-0.9987291905	0.03209824952	3	Daminozide	LSM-6329	NA	0.37uM	A375	24h	LINCSCP_70320
LINCSCP_188631	0.9987284589	0.03210749028	3	TL_HRAS26	LSM-2013	NA	10uM	A549	6h	LINCSCP_188631
LINCSCP_127713	-0.9987273872	0.03212102017	3	TEMAZEPAM	LSM-45470	GABRA1|GABRA2|GABRA3|GABRA4|GABRA5|GABRA6|GABRB1|GABRB2|GABRB3|GABRD|GABRE|GABRG1|GABRG2|GABRG3|GABRP|GABRQ	0.04uM	HT29	24h	LINCSCP_127713
LINCSCP_282	-0.9987272333	0.03212296325	3	Gemfibrozil	LSM-2227	CYP2C8|LPL|PPARA	10uM	A375	24h	LINCSCP_282
LINCSCP_16207	0.9987270371	0.03212543927	3	Nelfinavir	LSM-5819	CYP1A2|CYP2B6|CYP2C19|CYP2C9|CYP2D6|CYP3A4|CYP3A7	10uM	HA1E	6h	LINCSCP_16207
LINCSCP_1595	0.9987252543	0.03214793248	3	MLS002264467	LSM-3387	NA	10uM	A375	6h	LINCSCP_1595
LINCSCP_165812	-0.9987244605	0.03215794213	3	Pracinostat	LSM-43290	NA	0.12uM	SKL	24h	LINCSCP_165812
LINCSCP_22293	-0.9987241414	0.03216196503	3	SUGA2_000113	LSM-36634	NA	10uM	HEPG2	6h	LINCSCP_22293
LINCSCP_201256	-0.998724038	0.03216326924	3	Chaetocin	LSM-6198	SUV39H1	0.1uM	A549	6h	LINCSCP_201256
LINCSCP_125518	-0.9987235515	0.03216940139	3	SB743921	LSM-45775	NA	10uM	HT29	24h	LINCSCP_125518
LINCSCP_41457	-0.9987234887	0.0321701927	3	Flavanone	LSM-1283	NA	10uM	NEU	6h	LINCSCP_41457
LINCSCP_48039	0.9987234717	0.03217040725	3	Aminosalicylic acid	LSM-5862	PTGS1|PTGS2	10uM	PC3	6h	LINCSCP_48039
LINCSCP_85244	0.9987228227	0.03217858557	3	Buparlisib	LSM-1148	PIK3CA|PIK3CB|PIK3CD|PIK3CG|PIK3R1|PIK3R2|PIK3R3|PIK3R5	1.11uM	BT20	24h	LINCSCP_85244
LINCSCP_2092	-0.998722789	0.03217900993	3	BRD-K98064019	LSM-6170	NA	10uM	A375	6h	LINCSCP_2092
LINCSCP_17646	-0.9987221424	0.03218715611	3	PRL-3InhibitorI	LSM-43277	PTP4A3	40uM	HCC15	6h	LINCSCP_17646
LINCSCP_268397	-0.998721899	0.03219022255	3	5-Bromo-n-(6-butyl-1,3-benzothiazol-2-yl)furan-2-carboxamide	LSM-2765	NA	10uM	PC3	6h	LINCSCP_268397
LINCSCP_19334	-0.9987208911	0.03220291515	3	Niclosamide	LSM-2787	STAT3	10uM	HCC515	24h	LINCSCP_19334
LINCSCP_52517	-0.9987202845	0.03221055173	3	GW7647	LSM-4172	PPARA	10uM	SKB	24h	LINCSCP_52517
LINCSCP_148681	-0.9987196977	0.03221793761	3	761437-28-9	LSM-1208	NA	0.37uM	NPC	24h	LINCSCP_148681
LINCSCP_144914	0.9987190847	0.03222565104	3	Momelotinib	LSM-1141	JAK1|JAK2	0.04uM	MDAMB231	24h	LINCSCP_144914
LINCSCP_66632	0.998718486	0.03223318213	3	13-Hydroxy-8,14,19-trimethoxy-4,10,12,16-tetramethyl-3,20,22-trioxo-2-azabicyclo[16.3.1]docosa-1(21),4,6,10,18-pentaen-9-yl carbamate	LSM-42815	HSP90AA1	10uM	A549	24h	LINCSCP_66632
LINCSCP_75064	-0.9987176951	0.0322431294	3	179324-69-7	LSM-6281	ADRM1|PSMA1|PSMA2|PSMA3|PSMA4|PSMA5|PSMA6|PSMA7|PSMA8|PSMB1|PSMB10|PSMB11|PSMB2|PSMB3|PSMB4|PSMB5|PSMB6|PSMB7|PSMB8|PSMB9|PSMC1|PSMC2|PSMC3|PSMC4|PSMC5|PSMC6|PSMD1|PSMD11|PSMD12|PSMD13|PSMD14|PSMD2|PSMD3|PSMD4|PSMD6|PSMD7|PSMD8|SEM1	20uM	A375	24h	LINCSCP_75064
LINCSCP_20009	-0.9987174529	0.03224617472	3	NCGC00010694	LSM-3205	NA	10uM	HCC515	6h	LINCSCP_20009
LINCSCP_36845	-0.9987156155	0.03226927008	3	Linifanib	LSM-1183	CSF1R|FLT1|FLT3|FLT4|KDR|PDGFRA|PDGFRB	0.1uM	MCF7	24h	LINCSCP_36845
LINCSCP_179877	-0.9987132855	0.03229853308	3	Beclomethasone Dipropionate	LSM-4209	NR3C1	10uM	A375	6h	LINCSCP_179877
LINCSCP_180273	0.9987128494	0.03230400768	3	Apigenin Triacetate	LSM-2246	NA	10uM	A375	6h	LINCSCP_180273
LINCSCP_55327	-0.9987113394	0.03232295399	3	BRD-K85822033	LSM-45305	NA	0.5uM	U937	24h	LINCSCP_55327
LINCSCP_40308	0.9987112302	0.03232432384	3	Arachidonyl Trifluoromethylketone	LSM-43275	PLA2G4A	80uM	NCIH596	6h	LINCSCP_40308
LINCSCP_130744	-0.9987099799	0.0323400029	3	WH-4-025	LSM-44937	NA	0.04uM	MCF10A	24h	LINCSCP_130744
LINCSCP_132372	0.9987098814	0.03234123836	3	CP466722	LSM-1009	ATM	10uM	MCF7	3h	LINCSCP_132372
LINCSCP_15615	-0.9987098156	0.03234206312	3	SB-216763	LSM-1161	GSK3B	10uM	HA1E	6h	LINCSCP_15615
LINCSCP_131288	-0.998709687	0.03234367507	3	CHEMBL2136735	LSM-1152	FGFR1|FGFR3|FLT1|FLT4|KDR|PDGFRA|PDGFRB	0.12uM	MCF10A	24h	LINCSCP_131288
LINCSCP_25571	0.9987081631	0.0323627734	3	Tipifarnib	LSM-6258	CHURC1-FNTB|FNTA|FNTB	10uM	HT29	24h	LINCSCP_25571
LINCSCP_123563	-0.998707826	0.03236699612	3	DMP 777	LSM-45678	NA	0.04uM	HT29	24h	LINCSCP_123563
LINCSCP_10408	0.9987076849	0.03236876331	3	PI-103	LSM-1126	MTOR|PIK3CA|PIK3CB|PIK3CD|PIK3CG	10uM	A673	6h	LINCSCP_10408
LINCSCP_258195	0.9987074672	0.03237149079	3	F1566-0341	LSM-4706	NA	10uM	NEU	24h	LINCSCP_258195
LINCSCP_39830	-0.9987065004	0.0323835982	3	Kinetin Riboside	LSM-6292	NA	10uM	MDST8	6h	LINCSCP_39830
LINCSCP_36518	0.9987054455	0.0323968026	3	ZSTK 474	LSM-1053	PIK3CG	10uM	MCF7	24h	LINCSCP_36518
LINCSCP_145837	0.9987039959	0.03241494065	3	Linifanib	LSM-1183	CSF1R|FLT1|FLT3|FLT4|KDR|PDGFRA|PDGFRB	10uM	MDAMB231	3h	LINCSCP_145837
LINCSCP_48881	-0.9987038778	0.03241641671	3	BRD-K47992037	LSM-44778	NA	10uM	PC3	6h	LINCSCP_48881
LINCSCP_34147	-0.9987036666	0.03241905839	3	MLS000925170	LSM-4856	NA	10uM	MCF7	24h	LINCSCP_34147
LINCSCP_211057	0.9987033448	0.0324230831	3	Benproperine	LSM-5053	NA	10uM	HA1E	6h	LINCSCP_211057
LINCSCP_167616	-0.9987031427	0.03242560993	3	TIC10	LSM-45687	NA	0.12uM	YAPC	24h	LINCSCP_167616
LINCSCP_100368	0.9987031302	0.03242576709	3	Osimertinib	LSM-6344	EGFR|ERBB2|ERBB3|ERBB4	1.11uM	HCC515	24h	LINCSCP_100368
LINCSCP_62302	-0.9987025442	0.03243309409	3	BRD-K59176197	LSM-12003	NA	5uM	VCAP	24h	LINCSCP_62302
LINCSCP_135090	-0.9987025202	0.03243339357	3	Amiodarone	LSM-2379	KCNH2	0.12uM	MCF7	24h	LINCSCP_135090
LINCSCP_131357	-0.9987017785	0.03244266479	3	Radicicol	LSM-43303	NA	0.37uM	MCF10A	24h	LINCSCP_131357
LINCSCP_38596	-0.9987012077	0.03244979712	3	Erastin	LSM-4914	VDAC2	0.04uM	MCF7	24h	LINCSCP_38596
LINCSCP_107957	-0.9987011565	0.03245043751	3	Prosteride	LSM-1842	SRD5A1|SRD5A2	10uM	HELA	24h	LINCSCP_107957
LINCSCP_9032	-0.998698228	0.03248700805	3	BRD-K41889859	LSM-14823	NA	10uM	A549	24h	LINCSCP_9032
LINCSCP_147047	-0.9986980643	0.03248905007	3	GSK429286A	LSM-1012	ROCK1	0.12uM	NEU	24h	LINCSCP_147047
LINCSCP_141355	-0.9986968407	0.03250431724	3	ETHYLENEDIAMINE TETRACETATE TETRA-ETHANOLAMINE	LSM-45734	NA	1.11uM	MCF7	24h	LINCSCP_141355
LINCSCP_71556	-0.9986965712	0.03250767882	3	Carprofen	LSM-1350	PTGS1|PTGS2	0.12uM	A375	24h	LINCSCP_71556
LINCSCP_68567	0.9986964234	0.0325095226	3	Sirolimus	LSM-42783	FKBP1A|MTOR	10uM	VCAP	24h	LINCSCP_68567
LINCSCP_13509	0.9986961379	0.03251308275	3	ST021200	LSM-4601	NA	10uM	H1299	6h	LINCSCP_13509
LINCSCP_87026	0.9986950962	0.03252607132	3	Entinostat	LSM-4811	HDAC1|HDAC10|HDAC11|HDAC2|HDAC3|HDAC4|HDAC5|HDAC6|HDAC7|HDAC8|HDAC9	1.11uM	CD34	24h	LINCSCP_87026
LINCSCP_92470	0.998694889	0.03252865425	3	Actarit	LSM-5475	NA	3.33uM	HA1E	24h	LINCSCP_92470
LINCSCP_87988	0.9986944057	0.0325346772	3	Pictilisib	LSM-1047	PIK3CA|PIK3CB|PIK3CD|PIK3CG|PIK3R1|PIK3R2|PIK3R3|PIK3R5	1.11uM	HA1E	24h	LINCSCP_87988
LINCSCP_298876	0.998692935	0.0325530014	3	BRD-K08043024	LSM-6960	NA	5uM	VCAP	6h	LINCSCP_298876
LINCSCP_50854	0.9986925669	0.03255758535	3	SCHEMBL13991002	LSM-6278	NA	40uM	RKO	6h	LINCSCP_50854
LINCSCP_114251	0.9986916433	0.03256908491	3	GSK 1059615	LSM-42799	PIK3CA|PIK3CB|PIK3CD|PIK3CG	10uM	HME1	24h	LINCSCP_114251
LINCSCP_81341	0.9986895395	0.03259526595	3	AS601245	LSM-1034	MAPK10|MAPK8|MAPK9	3.33uM	A549	24h	LINCSCP_81341
LINCSCP_69358	-0.9986895327	0.03259535063	3	GSK-3 Inhibitor IX	LSM-42780	NA	1.11uM	A375	24h	LINCSCP_69358
LINCSCP_73413	-0.998689489	0.03259589421	3	Trifluoperazine	LSM-4010	DRD2|DRD3|DRD4|HTR2A|HTR2C	0.12uM	A375	24h	LINCSCP_73413
LINCSCP_174690	-0.9986891109	0.03260059656	3	Alisertib	LSM-37184	AURKA	3.33uM	YAPC	24h	LINCSCP_174690
LINCSCP_176515	-0.998687689	0.03261827628	3	Noretynodrel	LSM-3807	PGR	3uM	A375	6h	LINCSCP_176515
LINCSCP_117382	-0.9986876517	0.03261874028	3	Entinostat	LSM-4811	HDAC1|HDAC10|HDAC11|HDAC2|HDAC3|HDAC4|HDAC5|HDAC6|HDAC7|HDAC8|HDAC9	0.04uM	HT29	24h	LINCSCP_117382
LINCSCP_124941	-0.9986856958	0.03264304399	3	Y-26763	LSM-2992	KCNJ8	0.04uM	HT29	24h	LINCSCP_124941
LINCSCP_68264	0.9986850846	0.03265063429	3	Trichostatin A, Streptomyces Sp.	LSM-42814	HDAC1|HDAC10|HDAC3|HDAC4|HDAC6|HDAC7|HDAC8	10uM	U266	24h	LINCSCP_68264
LINCSCP_11618	0.9986830452	0.03267594992	3	Sirolimus	LSM-42783	FKBP1A|MTOR	10uM	BT20	24h	LINCSCP_11618
LINCSCP_10737	-0.998683023	0.03267622627	3	MLS000594029	LSM-4801	NA	10uM	ASC	24h	LINCSCP_10737
LINCSCP_18085	0.9986829637	0.03267696231	3	Ginsenoside RC	LSM-1713	NA	10uM	HCC515	6h	LINCSCP_18085
LINCSCP_83172	-0.9986822325	0.03268603331	3	CDK9 Inhibitor	LSM-1197	NA	1.11uM	ASC.C	24h	LINCSCP_83172
LINCSCP_148412	0.9986820676	0.03268807915	3	Olaparib	LSM-1145	PARP1|PARP2|PARP3	0.12uM	NPC.CAS9	24h	LINCSCP_148412
LINCSCP_239064	0.9986818285	0.03269104413	3	Bupropion	LSM-1267	SLC6A2|SLC6A3	10uM	MCF7	6h	LINCSCP_239064
LINCSCP_66325	0.9986815603	0.0326943706	3	PIK 90	LSM-6697	NA	10uM	WSUDLCL2	6h	LINCSCP_66325
LINCSCP_130340	-0.9986807783	0.03270406763	3	noscapine	NA	NA	1.11uM	LNCAP	3h	LINCSCP_130340
LINCSCP_200926	0.9986786868	0.0327299879	3	LY-294002	LSM-2597	MTOR|PIK3CA|PIK3CB|PIK3CD|PIK3CG|PLK1|PRKDC	1uM	A549	24h	LINCSCP_200926
LINCSCP_312562	0.9986775262	0.03274436181	3	BRD-K85642378	LSM-41940	NA	3uM	VCAP	24h	LINCSCP_312562
LINCSCP_38902	-0.9986775032	0.03274464689	3	AS601245	LSM-1034	MAPK10|MAPK8|MAPK9	0.5uM	MDAMB231	24h	LINCSCP_38902
LINCSCP_179973	0.9986769344	0.03275168903	3	Benoxinate	LSM-2069	SCN10A|SCN11A|SCN1A|SCN2A|SCN3A|SCN4A|SCN5A|SCN7A|SCN8A|SCN9A	10uM	A375	6h	LINCSCP_179973
LINCSCP_174934	-0.9986757064	0.03276688868	3	Pindolol	LSM-1953	ADRB1|ADRB2|HTR1A	0.04uM	YAPC	24h	LINCSCP_174934
LINCSCP_29287	-0.9986756734	0.03276729678	3	2-Fluoropalmitic acid	LSM-6199	ACSL1	40uM	LOVO	6h	LINCSCP_29287
LINCSCP_6447	0.998674272	0.0327846325	3	Retinyl Acetate	LSM-43225	NA	10uM	A549	24h	LINCSCP_6447
LINCSCP_6418	-0.9986739493	0.0327886237	3	Canertinib	LSM-1120	EGFR|ERBB2|ERBB4	10uM	A549	24h	LINCSCP_6418
LINCSCP_22471	-0.9986738592	0.03278973802	3	Mosapride	LSM-5042	HTR4	10uM	HEPG2	6h	LINCSCP_22471
LINCSCP_116821	0.9986736052	0.0327928782	3	TORIN1	LSM-1079	MTOR	0.12uM	HT29	24h	LINCSCP_116821
LINCSCP_89551	-0.9986732849	0.03279683893	3	PCA-4248	LSM-1433	PTAFR	0.37uM	HA1E	24h	LINCSCP_89551
LINCSCP_155366	0.9986728019	0.03280280965	3	179324-69-7	LSM-6281	ADRM1|PSMA1|PSMA2|PSMA3|PSMA4|PSMA5|PSMA6|PSMA7|PSMA8|PSMB1|PSMB10|PSMB11|PSMB2|PSMB3|PSMB4|PSMB5|PSMB6|PSMB7|PSMB8|PSMB9|PSMC1|PSMC2|PSMC3|PSMC4|PSMC5|PSMC6|PSMD1|PSMD11|PSMD12|PSMD13|PSMD14|PSMD2|PSMD3|PSMD4|PSMD6|PSMD7|PSMD8|SEM1	20uM	PC3	24h	LINCSCP_155366
LINCSCP_67893	0.9986721744	0.03281056477	3	Trichostatin A, Streptomyces Sp.	LSM-42814	HDAC1|HDAC10|HDAC3|HDAC4|HDAC6|HDAC7|HDAC8	10uM	PC3	6h	LINCSCP_67893
LINCSCP_37757	0.998670943	0.03282577832	3	vincristine	NA	TUBB	3uM	MCF7	6h	LINCSCP_37757
LINCSCP_173967	-0.9986705339	0.03283083151	3	CHEBI:82814	LSM-1744	CACNA1C	0.12uM	YAPC	24h	LINCSCP_173967
LINCSCP_62249	-0.9986704675	0.03283165162	3	BRD-K03864628	LSM-8669	NA	5uM	VCAP	24h	LINCSCP_62249
LINCSCP_511	-0.9986704144	0.03283230765	3	Purvalanola	LSM-3118	CDK1|CDK2|CDK4|CDK5	10uM	A375	6h	LINCSCP_511
LINCSCP_88509	0.9986694123	0.03284468062	3	MLN-0128	LSM-1206	MTOR	10uM	HA1E	24h	LINCSCP_88509
LINCSCP_6102	0.9986691485	0.03284793705	3	SCHEMBL2608041	LSM-44987	HDAC6	10uM	A549	6h	LINCSCP_6102
LINCSCP_152770	-0.9986685525	0.0328552926	3	Josamycin	LSM-46041	NA	0.37uM	PC3	24h	LINCSCP_152770
LINCSCP_52837	-0.9986684802	0.03285618562	3	Nobiletin	LSM-2130	MAP2K1	10uM	SKB	24h	LINCSCP_52837
LINCSCP_41544	-0.9986675945	0.03286711291	3	M-344	LSM-37091	NA	10uM	NEU	6h	LINCSCP_41544
LINCSCP_110809	-0.9986673554	0.03287006293	3	EMD-1214063	LSM-45557	MET	10uM	HELA	24h	LINCSCP_110809
LINCSCP_117490	-0.9986659141	0.03288783665	3	UNC0638	LSM-6325	NA	0.04uM	HT29	24h	LINCSCP_117490
LINCSCP_140272	0.9986658299	0.03288887557	3	Sumatriptan	LSM-5618	HTR1A|HTR1B|HTR1D|HTR1F	0.04uM	MCF7	24h	LINCSCP_140272
LINCSCP_84050	0.9986656428	0.03289118226	3	CHEMBL552425	LSM-1003	DDR1	10uM	ASC	24h	LINCSCP_84050
LINCSCP_131152	-0.9986647985	0.03290158819	3	Sorafenib	LSM-1008	BRAF|DDR2|FGFR1|FLT1|FLT3|FLT4|KDR|KIT|PDGFRB|RAF1|RET	10uM	MCF10A	24h	LINCSCP_131152
LINCSCP_151155	-0.9986641231	0.03290991076	3	Mitoxantrone	LSM-2481	TOP2A	1.11uM	PC3	24h	LINCSCP_151155
LINCSCP_52851	-0.9986641114	0.03291005403	3	Vesamicol	LSM-2313	SLC18A3	10uM	SKB	24h	LINCSCP_52851
LINCSCP_78652	-0.9986638519	0.03291325193	3	Falnidamol	LSM-3584	EGFR	10uM	A375	24h	LINCSCP_78652
LINCSCP_85779	-0.9986635886	0.03291649479	3	AS601245	LSM-1034	MAPK10|MAPK8|MAPK9	0.37uM	BT20	3h	LINCSCP_85779
LINCSCP_187295	-0.9986630705	0.03292287621	3	Estriol	LSM-2368	ESR1|ESR2	0.37uM	A375	24h	LINCSCP_187295
LINCSCP_88128	0.9986629939	0.0329238194	3	Radicicol	LSM-43303	NA	10uM	HA1E	24h	LINCSCP_88128
LINCSCP_48598	-0.9986627197	0.03292719595	3	BRD-K92993117	LSM-42320	NA	10uM	PC3	24h	LINCSCP_48598
LINCSCP_41436	-0.9986607171	0.03295184695	3	Vorinostat	LSM-3828	HDAC1|HDAC2|HDAC3|HDAC6|HDAC8	10uM	NEU	24h	LINCSCP_41436
LINCSCP_214705	-0.9986601313	0.03295905396	3	L701324	LSM-2157	GRIN1|GRIN2A|GRIN2B	10uM	HCC515	24h	LINCSCP_214705
LINCSCP_51804	-0.9986595222	0.03296654745	3	PF477736	LSM-1112	CHEK1	1uM	SKBR3	24h	LINCSCP_51804
LINCSCP_69804	-0.9986573644	0.03299307583	3	Dacomitinib	LSM-42808	EGFR|ERBB2|ERBB3|ERBB4	10uM	A375	24h	LINCSCP_69804
LINCSCP_59755	0.9986571626	0.03299555571	3	CHEMBL2356833	LSM-38965	NA	5uM	VCAP	6h	LINCSCP_59755
LINCSCP_10783	0.9986566705	0.03300160196	3	SCHEMBL2608041	LSM-44987	HDAC6	10uM	ASC	24h	LINCSCP_10783
LINCSCP_188694	-0.998656285	0.03300633766	3	MLS003079542	LSM-2894	NA	10uM	A549	6h	LINCSCP_188694
LINCSCP_17705	-0.9986559228	0.03301078699	3	Valproic acid	LSM-4620	ABAT|ALDH5A1|HDAC1|SCN1A|SCN3A	10uM	HCC15	6h	LINCSCP_17705
LINCSCP_179508	-0.998654962	0.03302258686	3	Fast Scarlet	LSM-2299	NA	10uM	A375	6h	LINCSCP_179508
LINCSCP_150303	0.9986540228	0.03303411686	3	GW-5074	LSM-42779	RAF1	0.12uM	NPC.TAK	24h	LINCSCP_150303
LINCSCP_31535	-0.9986539932	0.03303447944	3	MLS000583963	LSM-1362	NA	10uM	MCF7	24h	LINCSCP_31535
LINCSCP_174696	0.9986537917	0.03303695325	3	Rizatriptan	LSM-3691	HTR1B|HTR1D|HTR1F	3.33uM	YAPC	24h	LINCSCP_174696
LINCSCP_71272	-0.9986536987	0.03303809463	3	Ziprasidone	LSM-5433	DRD2|HRH1|HTR1A|HTR1B|HTR1D|HTR1E|HTR2A|HTR2C|HTR7	3.33uM	A375	24h	LINCSCP_71272
LINCSCP_114752	-0.9986534652	0.03304095974	3	SCHEMBL3954849	LSM-5982	NA	3.33uM	HS578T	24h	LINCSCP_114752
LINCSCP_148231	-0.9986530884	0.0330455836	3	NVP-BHG712	LSM-1201	NA	1.11uM	NPC.CAS9	24h	LINCSCP_148231
LINCSCP_130652	0.9986529618	0.03304713734	3	Radicicol	LSM-43303	NA	0.37uM	MCF10A	24h	LINCSCP_130652
LINCSCP_149212	-0.9986526188	0.03305134564	3	Chelerythrine	LSM-1187	NA	3.33uM	NPC	24h	LINCSCP_149212
LINCSCP_154643	0.9986523544	0.03305458833	3	179324-69-7	LSM-6281	ADRM1|PSMA1|PSMA2|PSMA3|PSMA4|PSMA5|PSMA6|PSMA7|PSMA8|PSMB1|PSMB10|PSMB11|PSMB2|PSMB3|PSMB4|PSMB5|PSMB6|PSMB7|PSMB8|PSMB9|PSMC1|PSMC2|PSMC3|PSMC4|PSMC5|PSMC6|PSMD1|PSMD11|PSMD12|PSMD13|PSMD14|PSMD2|PSMD3|PSMD4|PSMD6|PSMD7|PSMD8|SEM1	20uM	PC3	24h	LINCSCP_154643
LINCSCP_150565	0.9986522579	0.03305577275	3	Olaparib	LSM-1145	PARP1|PARP2|PARP3	0.12uM	NPC.TAK	24h	LINCSCP_150565
LINCSCP_146812	-0.9986520497	0.03305832555	3	PFI-1	LSM-6331	NA	0.04uM	NEU	24h	LINCSCP_146812
LINCSCP_53761	-0.9986515686	0.03306422618	3	Sirolimus	LSM-42783	FKBP1A|MTOR	10uM	SNUC4	6h	LINCSCP_53761
LINCSCP_73920	-0.998649799	0.03308591914	3	Nicotin-Amide	LSM-5428	PARP1	10uM	A375	24h	LINCSCP_73920
LINCSCP_131285	0.9986495908	0.03308847053	3	CHEMBL2136735	LSM-1152	FGFR1|FGFR3|FLT1|FLT4|KDR|PDGFRA|PDGFRB	3.33uM	MCF10A	24h	LINCSCP_131285
LINCSCP_4019	-0.9986489071	0.03309684783	3	Avrainvillamide-analog-1	LSM-37146	NA	0.04uM	A375	24h	LINCSCP_4019
LINCSCP_51092	-0.9986481758	0.03310580559	3	916985-21-2	LSM-4790	NA	10uM	RMUGS	6h	LINCSCP_51092
LINCSCP_55585	-0.9986478585	0.03310969152	3	AC1NPD0F	LSM-1463	ORAI1	10uM	VCAP	24h	LINCSCP_55585
LINCSCP_63589	0.9986474086	0.03311520119	3	BRD-K32931486	LSM-10430	NA	5uM	VCAP	6h	LINCSCP_63589
LINCSCP_5973	-0.9986459603	0.03313292943	3	BRD-K74711637	LSM-6151	NA	10uM	A549	24h	LINCSCP_5973
LINCSCP_94488	-0.9986458022	0.03313486396	3	Aminolevulinic acid	LSM-5677	ALAD	0.12uM	HA1E	24h	LINCSCP_94488
LINCSCP_36957	0.9986440072	0.0331568218	3	CHEMBL1673039	LSM-1093	LRRK2|MAPK7	10uM	MCF7	6h	LINCSCP_36957
LINCSCP_156617	0.9986437846	0.03315954398	3	MG-132	LSM-1107	PSMB1	20uM	PC3	24h	LINCSCP_156617
LINCSCP_110407	-0.9986436858	0.0331607519	3	Linifanib	LSM-1183	CSF1R|FLT1|FLT3|FLT4|KDR|PDGFRA|PDGFRB	10uM	HELA	24h	LINCSCP_110407
LINCSCP_11907	-0.998642313	0.03317753406	3	BMS-345541	LSM-1028	IKBKB	0.1uM	BT20	6h	LINCSCP_11907
LINCSCP_86738	0.9986417499	0.03318441478	3	HG-9-91-01	LSM-6343	NA	10uM	CD34	24h	LINCSCP_86738
LINCSCP_1948	0.9986412429	0.03319060877	3	Stavudine	LSM-5983	NA	10uM	A375	6h	LINCSCP_1948
LINCSCP_88349	0.9986406128	0.0331983051	3	Ipatasertib	LSM-6341	AKT1|AKT2|AKT3	1.11uM	HA1E	24h	LINCSCP_88349
LINCSCP_164368	-0.9986403388	0.03320165173	3	Pazopanib	LSM-1114	CSF1R|FGFR1|FGFR3|FLT1|FLT4|ITK|KDR|KIT|LCK|PDGFRA|PDGFRB	10uM	SKL.C	24h	LINCSCP_164368
LINCSCP_1097	-0.9986402539	0.03320268885	3	SMR000002300	LSM-2089	NA	10uM	A375	24h	LINCSCP_1097
LINCSCP_11127	0.9986397773	0.03320850848	3	Methoprene acid	LSM-42820	RXRA	10uM	ASC	24h	LINCSCP_11127
LINCSCP_68781	0.9986391458	0.03321621854	3	Genistein	LSM-5549	CFTR|ESR2	10uM	VCAP	24h	LINCSCP_68781
LINCSCP_310057	-0.9986386056	0.03322281184	3	BRD32048	LSM-4943	NA	30uM	VCAP	24h	LINCSCP_310057
LINCSCP_54558	-0.9986381397	0.03322849722	3	CHEMBL399379	LSM-6245	ACLY	80uM	SW948	6h	LINCSCP_54558
LINCSCP_146883	-0.998637961	0.03323067782	3	Epigalocatechin Gallate	LSM-5661	FASN	0.12uM	NEU	24h	LINCSCP_146883
LINCSCP_13945	0.9986370775	0.03324145673	3	MFCD00671792	LSM-3890	DRD1	10uM	HA1E	6h	LINCSCP_13945
LINCSCP_39345	0.9986357532	0.03325760584	3	GSK 1059615	LSM-42799	PIK3CA|PIK3CB|PIK3CD|PIK3CG	10uM	MDAMB231	24h	LINCSCP_39345
LINCSCP_74651	0.9986356755	0.0332585533	3	CI-1040	LSM-1048	MAP2K1|MAP2K2	10uM	A375	24h	LINCSCP_74651
LINCSCP_17151	0.998635359	0.0332624114	3	SCHEMBL16892136	LSM-44965	NA	10uM	HA1E	6h	LINCSCP_17151
LINCSCP_117955	0.9986346267	0.0332713364	3	Oxaprozin	LSM-2553	PTGS1|PTGS2	0.12uM	HT29	24h	LINCSCP_117955
LINCSCP_9525	-0.9986345945	0.0332717289	3	SCHEMBL16226502	LSM-43056	HSP90AA1	0.1uM	A549	6h	LINCSCP_9525
LINCSCP_125451	0.9986342514	0.03327591062	3	Tetrahydrouridine	LSM-45757	NA	0.04uM	HT29	24h	LINCSCP_125451
LINCSCP_56026	-0.9986338571	0.03328071468	3	Ubenimex	LSM-3323	LTA4H|RNPEP	10uM	VCAP	24h	LINCSCP_56026
LINCSCP_156611	0.998632232	0.03330050806	3	Benoxinate	LSM-2069	SCN10A|SCN11A|SCN1A|SCN2A|SCN3A|SCN4A|SCN5A|SCN7A|SCN8A|SCN9A	0.04uM	PC3	24h	LINCSCP_156611
LINCSCP_69024	-0.9986315574	0.03330872011	3	Dasatinib	LSM-1020	ABL1|BCR|BLK|EPHA2|FGR|FRK|FYN|HCK|KIT|LCK|LYN|PDGFRB|SRC|SRMS|YES1	0.37uM	A375	24h	LINCSCP_69024
LINCSCP_84213	0.9986314052	0.03331057289	3	Pazopanib	LSM-1114	CSF1R|FGFR1|FGFR3|FLT1|FLT4|ITK|KDR|KIT|LCK|PDGFRA|PDGFRB	0.04uM	ASC	24h	LINCSCP_84213
LINCSCP_31189	-0.9986308171	0.03331773134	3	VU0365117-1	LSM-3472	NA	10uM	MCF7	24h	LINCSCP_31189
LINCSCP_164104	-0.9986306028	0.03332033922	3	Selumetinib	LSM-1056	MAP2K1|MAP2K2	1.11uM	SKBR3	3h	LINCSCP_164104
LINCSCP_83676	-0.9986304314	0.03332242463	3	NCGC00346967-01	LSM-6297	EPHB3	0.12uM	ASC.C	24h	LINCSCP_83676
LINCSCP_113351	0.9986303436	0.03332349311	3	GSK 1059615	LSM-42799	PIK3CA|PIK3CB|PIK3CD|PIK3CG	1.11uM	HME1	3h	LINCSCP_113351
LINCSCP_222104	0.9986301548	0.03332578965	3	ethyl 6-(2,3-dihydro-1H-indol-1-ylmethyl)-4-(3-nitrophenyl)-2-oxo-1,2,3,4-tetrahydro-5-pyrimidinecarboxylate	LSM-45350	NA	1uM	HL60	24h	LINCSCP_222104
LINCSCP_39933	0.9986300981	0.03332648059	3	Fedratinib	LSM-1142	FLT3|JAK2	10uM	NCIH1836	6h	LINCSCP_39933
LINCSCP_127742	-0.9986298712	0.0333292407	3	Dexamethasone Acetate	LSM-1915	NR3C1	0.12uM	HT29	24h	LINCSCP_127742
LINCSCP_25302	-0.9986287987	0.03334228613	3	Rivafurazon	LSM-3779	NA	10uM	HT29	24h	LINCSCP_25302
LINCSCP_3628	0.9986280669	0.03335118404	3	BRD-K79657514	LSM-13292	NA	10uM	A375	24h	LINCSCP_3628
LINCSCP_70428	-0.9986274153	0.03335910512	3	HY-11007	LSM-1022	ABL1|BCR	0.04uM	A375	24h	LINCSCP_70428
LINCSCP_19668	-0.9986257509	0.03337932891	3	MLS002264397	LSM-1315	NA	10uM	HCC515	6h	LINCSCP_19668
LINCSCP_47797	0.9986256145	0.03338098517	3	Vorinostat	LSM-3828	HDAC1|HDAC2|HDAC3|HDAC6|HDAC8	10uM	PC3	24h	LINCSCP_47797
LINCSCP_94772	-0.9986250805	0.03338747157	3	R547	LSM-45812	NA	1.11uM	HA1E	24h	LINCSCP_94772
LINCSCP_119396	-0.9986250795	0.0333874839	3	Entecavir	LSM-5258	NA	10uM	HT29	24h	LINCSCP_119396
LINCSCP_47592	0.9986238049	0.0334029586	3	Closantel	LSM-4989	NA	10uM	PC3	24h	LINCSCP_47592
LINCSCP_29370	0.998623664	0.03340466927	3	TGX-115	LSM-6262	NA	100uM	LOVO	6h	LINCSCP_29370
LINCSCP_51757	0.998621788	0.03342743232	3	OSI-027	LSM-1063	MTOR	1uM	SKBR3	6h	LINCSCP_51757
LINCSCP_52318	-0.9986216936	0.03342857814	3	Thiostrepton	LSM-43142	FOXM1	10uM	SKB	24h	LINCSCP_52318
LINCSCP_67929	0.9986212295	0.03343420623	3	Trichostatin A, Streptomyces Sp.	LSM-42814	HDAC1|HDAC10|HDAC3|HDAC4|HDAC6|HDAC7|HDAC8	10uM	PC3	6h	LINCSCP_67929
LINCSCP_133910	0.9986211431	0.03343525463	3	Tranylcypromine	LSM-5578	KDM1A|MAOA|MAOB	0.37uM	MCF7	24h	LINCSCP_133910
LINCSCP_87918	0.9986208974	0.03343823452	3	Alvocidib	LSM-1011	CDK1|CDK2|CDK4|CDK5|CDK6|CDK7|CDK8|CDK9|EGFR|PYGM	0.12uM	HA1E	24h	LINCSCP_87918
LINCSCP_133639	0.9986207994	0.033439422	3	KU-55933	LSM-1074	ATM	1.11uM	MCF7	24h	LINCSCP_133639
LINCSCP_64315	-0.9986200864	0.03344806636	3	BRD-K74329753	LSM-41317	NA	5uM	VCAP	24h	LINCSCP_64315
LINCSCP_52352	-0.9986198344	0.03345112209	3	VX-702	LSM-5252	MAPK14	10uM	SKB	24h	LINCSCP_52352
LINCSCP_8972	-0.9986175579	0.03347870447	3	BRD-K89961851	LSM-13978	NA	10uM	A549	24h	LINCSCP_8972
LINCSCP_67958	0.9986166875	0.03348924439	3	Trichostatin A, Streptomyces Sp.	LSM-42814	HDAC1|HDAC10|HDAC3|HDAC4|HDAC6|HDAC7|HDAC8	10uM	PC3	24h	LINCSCP_67958
LINCSCP_115066	-0.9986161342	0.03349594236	3	AS601245	LSM-1034	MAPK10|MAPK8|MAPK9	0.37uM	HS578T	24h	LINCSCP_115066
LINCSCP_24019	-0.9986151749	0.03350755356	3	CHEMBL2356537	LSM-6830	NA	0.37uM	HEPG2	24h	LINCSCP_24019
LINCSCP_264471	-0.9986148763	0.03351116685	3	LY-294002	LSM-2597	MTOR|PIK3CA|PIK3CB|PIK3CD|PIK3CG|PLK1|PRKDC	0.5uM	PC3	6h	LINCSCP_264471
LINCSCP_155955	-0.9986148714	0.0335112251	3	NUTLIN 3	LSM-4288	MDM2	1.11uM	PC3	24h	LINCSCP_155955
LINCSCP_65885	0.9986130187	0.03353363445	3	CHEMBL2135159	LSM-41907	NA	10uM	VCAP	6h	LINCSCP_65885
LINCSCP_69884	-0.9986128631	0.03353551609	3	Doramapimod	LSM-1170	MAPK11|MAPK12|MAPK14	1.11uM	A375	24h	LINCSCP_69884
LINCSCP_17748	-0.9986120353	0.03354552363	3	IWR-1-ENDO	LSM-5707	TNKS|TNKS2	10uM	HCC15	6h	LINCSCP_17748
LINCSCP_104177	0.9986113607	0.03355367709	3	Apafant	LSM-2613	PTAFR	10uM	HELA	24h	LINCSCP_104177
LINCSCP_66077	0.9986105402	0.03356359042	3	BRD-K08663380	LSM-8951	NA	10uM	VCAP	24h	LINCSCP_66077
LINCSCP_53738	-0.998610162	0.03356815879	3	Parthenolide	LSM-43090	NA	10uM	SNU1040	6h	LINCSCP_53738
LINCSCP_98857	-0.9986083156	0.03359045406	3	Cladribine	LSM-5976	ADA	0.04uM	HA1E	24h	LINCSCP_98857
LINCSCP_87814	-0.9986073099	0.03360259248	3	BX 912	LSM-1055	PDK1|PDPK1	1.11uM	HA1E	24h	LINCSCP_87814
LINCSCP_14428	0.9986072642	0.03360314316	3	4-Chloro-2-(imidazolin-2-yl)isoindoline	LSM-2572	NA	10uM	HA1E	24h	LINCSCP_14428
LINCSCP_127587	-0.9986063309	0.03361440364	3	MG-132	LSM-1107	PSMB1	20uM	HT29	24h	LINCSCP_127587
LINCSCP_80410	0.9986061916	0.03361608328	3	LY2811376	LSM-45909	NA	0.12uM	A375	24h	LINCSCP_80410
LINCSCP_82307	-0.9986060487	0.03361780699	3	852475-26-4	LSM-43291	NA	3.33uM	A549	24h	LINCSCP_82307
LINCSCP_175957	-0.9986057676	0.03362119797	3	MG-132	LSM-1107	PSMB1	20uM	YAPC	24h	LINCSCP_175957
LINCSCP_105827	0.9986053543	0.03362618163	3	AP26113	LSM-45408	NA	1.11uM	HELA	24h	LINCSCP_105827
LINCSCP_130351	0.9986048745	0.03363196615	3	ZSTK 474	LSM-1053	PIK3CG	3.33uM	LNCAP	3h	LINCSCP_130351
LINCSCP_161633	-0.9986046788	0.03363432642	3	IMEXON	LSM-45234	NA	0.37uM	PC3	24h	LINCSCP_161633
LINCSCP_3922	0.998603638	0.03364687097	3	4L7B	LSM-36813	KEAP1	0.41uM	A375	24h	LINCSCP_3922
LINCSCP_101951	-0.9986023403	0.03366250504	3	Disulfiram	LSM-5467	ALDH2	3.33uM	HELA	24h	LINCSCP_101951
LINCSCP_30730	-0.9986007517	0.03368163496	3	Tyrphostin AG-112	LSM-43079	NA	10uM	MCF7	6h	LINCSCP_30730
LINCSCP_145324	-0.998600508	0.03368456875	3	GSK-3 Inhibitor IX	LSM-42780	NA	1.11uM	MDAMB231	24h	LINCSCP_145324
LINCSCP_45481	-0.9986002632	0.03368751591	3	SCHEMBL14985222	LSM-2659	NA	10uM	PC3	24h	LINCSCP_45481
LINCSCP_119147	-0.9985992959	0.03369915679	3	Nitrendipine	LSM-1246	CACNA1C|CACNA1D|CACNA2D1	0.37uM	HT29	24h	LINCSCP_119147
LINCSCP_114928	0.9985991659	0.0337007208	3	TORIN-2	LSM-1080	MTOR	0.37uM	HS578T	24h	LINCSCP_114928
LINCSCP_69547	0.9985991076	0.03370142177	3	TAE-684	LSM-1024	ALK	0.04uM	A375	24h	LINCSCP_69547
LINCSCP_102025	-0.9985983601	0.03371041353	3	Methixene	LSM-1467	CHRM1|CHRM5|HTR2C	0.37uM	HELA	24h	LINCSCP_102025
LINCSCP_125293	-0.9985979323	0.03371555881	3	Palovarotene	LSM-45512	RARG	0.37uM	HT29	24h	LINCSCP_125293
LINCSCP_112431	0.9985966414	0.03373108003	3	GSK 525762A	LSM-6334	NA	10uM	HEPG2	24h	LINCSCP_112431
LINCSCP_42217	0.9985964717	0.03373312031	3	CBDIVE_003036	LSM-4324	NA	10uM	NPC	24h	LINCSCP_42217
LINCSCP_44784	0.9985957398	0.0337419166	3	Gemfibrozil	LSM-2227	CYP2C8|LPL|PPARA	10uM	PC3	6h	LINCSCP_44784
LINCSCP_69650	-0.9985954424	0.0337454899	3	LRRK2-IN-1	LSM-1086	LRRK2	10uM	A375	24h	LINCSCP_69650
LINCSCP_58950	0.9985953327	0.03374680827	3	Quisinostat	LSM-5900	HDAC1|MDM2	10uM	VCAP	24h	LINCSCP_58950
LINCSCP_10678	0.998593634	0.03376721193	3	CHEMBL2142321	LSM-4813	NA	10uM	ASC	24h	LINCSCP_10678
LINCSCP_70616	-0.9985931909	0.03377253287	3	CC-401	LSM-1186	NA	1.11uM	A375	24h	LINCSCP_70616
LINCSCP_119061	-0.9985924933	0.0337809078	3	Forskolin, NKH477	LSM-45443	NA	3.33uM	HT29	24h	LINCSCP_119061
LINCSCP_48579	-0.9985914875	0.03379297818	3	BRD-K80169513	LSM-13321	NA	10uM	PC3	24h	LINCSCP_48579
LINCSCP_24303	0.9985907779	0.03380149144	3	SCHEMBL17857056	LSM-5545	NA	1uM	HS578T	24h	LINCSCP_24303
LINCSCP_1048	-0.9985898153	0.03381303656	3	BAS 00631343	LSM-6284	NA	10uM	A375	6h	LINCSCP_1048
LINCSCP_99954	0.9985897896	0.03381334484	3	WYE 125132	LSM-1064	MTOR	10uM	HCC515	24h	LINCSCP_99954
LINCSCP_174908	0.9985884458	0.03382945535	3	Enzastaurin	LSM-1069	PRKCB	0.37uM	YAPC	24h	LINCSCP_174908
LINCSCP_278888	-0.9985880141	0.03383462902	3	BRD-K76999748	LSM-41478	NA	10uM	PC3	24h	LINCSCP_278888
LINCSCP_78704	0.9985854748	0.03386504644	3	METERGOLINE	LSM-3265	HTR1A|HTR2A	0.12uM	A375	24h	LINCSCP_78704
LINCSCP_106516	-0.9985849538	0.03387128425	3	TAK-242	LSM-45934	NA	0.37uM	HELA	24h	LINCSCP_106516
LINCSCP_49469	0.9985843847	0.0338780959	3	Tubastatin A	LSM-4806	HDAC6	1.11uM	PC3	24h	LINCSCP_49469
LINCSCP_65335	0.9985839785	0.03388295741	3	BRD-K72147201	LSM-41187	NA	10uM	VCAP	24h	LINCSCP_65335
LINCSCP_123899	-0.9985830805	0.0338937016	3	Lodoxamide	LSM-45990	NA	10uM	HT29	24h	LINCSCP_123899
LINCSCP_42822	0.9985823045	0.03390298348	3	CL-82198	LSM-1992	MMP13	10uM	NPC	24h	LINCSCP_42822
LINCSCP_172454	-0.9985816813	0.03391043644	3	RG7388	LSM-45958	NA	3.33uM	YAPC	24h	LINCSCP_172454
LINCSCP_128273	-0.9985816109	0.03391127835	3	Osimertinib	LSM-6344	EGFR|ERBB2|ERBB3|ERBB4	0.37uM	HUES3	24h	LINCSCP_128273
LINCSCP_174713	-0.9985815221	0.03391233992	3	Ulipristal	LSM-45584	NA	10uM	YAPC	24h	LINCSCP_174713
LINCSCP_10913	0.998580804	0.03392092542	3	ZSTK 474	LSM-1053	PIK3CG	10uM	ASC	24h	LINCSCP_10913
LINCSCP_157307	0.9985799602	0.03393100951	3	LY451395	LSM-45718	GRIA1|GRIA2|GRIA3|GRIA4	10uM	PC3	24h	LINCSCP_157307
LINCSCP_42904	0.9985795236	0.03393622655	3	Clomipramine	LSM-3171	SLC6A2|SLC6A4	10uM	NPC	24h	LINCSCP_42904
LINCSCP_123274	0.9985792184	0.03393987279	3	altrenogest	LSM-45498	NA	0.37uM	HT29	24h	LINCSCP_123274
LINCSCP_15253	-0.9985786952	0.03394612312	3	3-Aminobenzamide	LSM-4525	NA	40uM	HA1E	24h	LINCSCP_15253
LINCSCP_58271	-0.998576851	0.03396814494	3	Methotrexate	LSM-5690	DHFR	10uM	VCAP	6h	LINCSCP_58271
LINCSCP_42133	-0.9985750204	0.03398998999	3	ARG-CSC2-23	LSM-36801	NA	10uM	NPC	24h	LINCSCP_42133
LINCSCP_29225	0.9985749286	0.03399108484	3	SCHEMBL17497612	LSM-44599	NA	0.5uM	JURKAT	6h	LINCSCP_29225
LINCSCP_79054	-0.9985745119	0.03399605552	3	HMN-214	LSM-42802	CSF1R|FLT1|FLT3|FLT4|KDR|KIT|PDGFRB|RET	0.37uM	A375	24h	LINCSCP_79054
LINCSCP_9791	0.9985737431	0.03400522353	3	Wortmannin	LSM-3947	PIK3CA|PIK3CG|PLK1	0.1uM	A549	6h	LINCSCP_9791
LINCSCP_78233	-0.9985735446	0.03400758977	3	SCHEMBL6851809	LSM-43061	MTOR	3.33uM	A375	24h	LINCSCP_78233
LINCSCP_256500	0.9985731929	0.03401178335	3	Phorbol 12-myristate-13-acetate	LSM-4341	PRKCA	10uM	NCIH1694	6h	LINCSCP_256500
LINCSCP_54683	-0.9985729713	0.03401442488	3	ABT-751	LSM-6285	NA	10uM	SW948	6h	LINCSCP_54683
LINCSCP_33769	-0.9985717913	0.03402848889	3	U0126	LSM-1220	NA	10uM	MCF7	6h	LINCSCP_33769
LINCSCP_271344	-0.9985713994	0.03403315763	3	Tyrphostin AG 126	LSM-5752	NA	10uM	PC3	6h	LINCSCP_271344
LINCSCP_63907	0.9985695966	0.03405462968	3	BRD-K96150242	LSM-14328	NA	5uM	VCAP	24h	LINCSCP_63907
LINCSCP_122919	-0.9985695199	0.03405554338	3	Vidofludimus	LSM-45600	NA	0.04uM	HT29	24h	LINCSCP_122919
LINCSCP_1815	-0.9985691879	0.03405949558	3	Triazine Scaffold, 19	LSM-2920	NA	10uM	A375	6h	LINCSCP_1815
LINCSCP_37903	-0.9985685629	0.03406693544	3	BRD-K32581454-001-01-5	LSM-6827	NA	0.5uM	MCF7	24h	LINCSCP_37903
LINCSCP_91586	-0.9985684814	0.03406790657	3	Diethylpropion	LSM-5038	SLC6A2|SLC6A3	0.12uM	HA1E	24h	LINCSCP_91586
LINCSCP_167778	-0.998567848	0.03407544423	3	Racecadotril	LSM-1286	MME	0.12uM	YAPC	24h	LINCSCP_167778
LINCSCP_69665	-0.9985671628	0.03408359676	3	rifampicin	NA	NA	0.37uM	A375	24h	LINCSCP_69665
LINCSCP_4901	0.9985658075	0.03409971635	3	MLS-0390876.0001	LSM-2129	NA	10uM	A549	24h	LINCSCP_4901
LINCSCP_159433	-0.9985635544	0.03412649735	3	Dasatinib	LSM-1020	ABL1|BCR|BLK|EPHA2|FGR|FRK|FYN|HCK|KIT|LCK|LYN|PDGFRB|SRC|SRMS|YES1	0.04uM	PC3	24h	LINCSCP_159433
LINCSCP_9286	-0.9985617827	0.03414754145	3	4,11-Diethyl-4,9-dihydroxy-1H-pyrano[3',4':6,7]indolizino[1,2-b]quinoline-3,14(4H,12H)-dione	LSM-6189	TOP1	0.1uM	A549	6h	LINCSCP_9286
LINCSCP_151804	-0.9985611572	0.03415496746	3	Vandetanib	LSM-1199	EGFR|EPHA1|EPHA10|EPHA2|EPHA3|EPHA4|EPHA5|EPHA6|EPHA7|EPHA8|EPHB1|EPHB2|EPHB3|EPHB4|EPHB6|ERBB2|ERBB3|ERBB4|FLT1|FLT4|KDR|PTK6|RET|SRC|TEK	0.04uM	PC3	24h	LINCSCP_151804
LINCSCP_30996	-0.9985609716	0.0341571712	3	MLS001065838	LSM-3595	NA	10uM	MCF7	24h	LINCSCP_30996
LINCSCP_6753	-0.9985604502	0.03416336001	3	Altrenogest	LSM-1424	PGR	10uM	A549	24h	LINCSCP_6753
LINCSCP_55465	0.9985593869	0.03417597772	3	Amiodarone	LSM-2379	KCNH2	10uM	U937	6h	LINCSCP_55465
LINCSCP_3389	-0.9985587741	0.03418324742	3	BRD-K54652275	LSM-11748	NA	5uM	A375	24h	LINCSCP_3389
LINCSCP_68474	0.9985574341	0.03419913866	3	Wortmannin	LSM-3947	PIK3CA|PIK3CG|PLK1	10uM	VCAP	6h	LINCSCP_68474
LINCSCP_19536	0.998555859	0.03421780894	3	Niclosamide	LSM-2787	STAT3	10uM	HCC515	6h	LINCSCP_19536
LINCSCP_236824	-0.998555363	0.03422368652	3	SMR000127643	LSM-2658	NA	10uM	MCF7	24h	LINCSCP_236824
LINCSCP_146679	-0.9985552709	0.0342247776	3	Infigratinib	LSM-1184	FGFR1|FGFR2|FGFR3|FGFR4	10uM	NEU	24h	LINCSCP_146679
LINCSCP_73597	-0.9985535425	0.03424524822	3	Esculin	LSM-45981	NA	0.12uM	A375	24h	LINCSCP_73597
LINCSCP_113262	-0.9985534657	0.03424615813	3	Imatinib	LSM-1023	ABL1|BCR|CSF1R|KIT|PDGFRA|PDGFRB	0.37uM	HME1	24h	LINCSCP_113262
LINCSCP_59140	-0.998552025	0.03426321154	3	XMD-1499	LSM-42713	EPHB3	10uM	VCAP	6h	LINCSCP_59140
LINCSCP_139101	0.9985519231	0.03426441804	3	Acetazolamide	LSM-5543	CA1|CA12|CA14|CA2|CA4|CA7	0.37uM	MCF7	24h	LINCSCP_139101
LINCSCP_38923	-0.9985518514	0.03426526611	3	GSK-3 Inhibitor IX	LSM-42780	GSK3A|GSK3B	0.5uM	MDAMB231	24h	LINCSCP_38923
LINCSCP_4381	-0.9985514968	0.03426946151	3	RO-316233	LSM-3085	PRKCA	10uM	A549	6h	LINCSCP_4381
LINCSCP_17926	0.9985506836	0.0342790827	3	GR-127935	LSM-2243	HTR1A|HTR1B|HTR1D|HTR2A|HTR2C	10uM	HCC515	24h	LINCSCP_17926
LINCSCP_19694	-0.9985503165	0.03428342478	3	MLS002264523	LSM-2245	NA	10uM	HCC515	6h	LINCSCP_19694
LINCSCP_266726	0.9985497204	0.03429047371	3	Dipivefrin	LSM-1583	ADRA1A|ADRA1B|ADRA1D|ADRA2A|ADRA2B|ADRA2C|ADRB1|ADRB2|ADRB3	10uM	PC3	24h	LINCSCP_266726
LINCSCP_128259	0.9985496783	0.0342909717	3	Quizartinib	LSM-1037	CSF1R|FLT3|KIT|PDGFRA|PDGFRB|RET	0.37uM	HUES3	24h	LINCSCP_128259
LINCSCP_24956	0.9985486113	0.03430358631	3	CHEMBL1673039	LSM-1093	LRRK2|MAPK7	10uM	HS578T	6h	LINCSCP_24956
LINCSCP_5629	0.9985474124	0.03431775573	3	CHEMBL566283	LSM-1973	NA	10uM	A549	6h	LINCSCP_5629
LINCSCP_51400	-0.9985470629	0.03432188394	3	Tivozanib	LSM-1005	FLT1|FLT4|KDR|KIT|PDGFRA|PDGFRB	0.5uM	SKBR3	24h	LINCSCP_51400
LINCSCP_83122	-0.998546911	0.0343236793	3	PCI-32765	LSM-1129	BTK	10uM	ASC.C	24h	LINCSCP_83122
LINCSCP_148702	-0.9985458754	0.03433591068	3	Osimertinib	LSM-6344	EGFR|ERBB2|ERBB3|ERBB4	0.04uM	NPC	24h	LINCSCP_148702
LINCSCP_46964	-0.9985456803	0.03433821526	3	Tamibarotene	LSM-5493	RARA|RARB	10uM	PC3	6h	LINCSCP_46964
LINCSCP_65726	-0.9985448964	0.03434747013	3	BRD-K89833083	LSM-42168	NA	10uM	VCAP	24h	LINCSCP_65726
LINCSCP_43001	-0.9985448054	0.03434854488	3	MLS002474240	LSM-39599	NA	10uM	NPC	24h	LINCSCP_43001
LINCSCP_123204	-0.9985443875	0.03435347746	3	Voglibose	LSM-45566	NA	0.12uM	HT29	24h	LINCSCP_123204
LINCSCP_184697	0.9985416914	0.03438528521	3	BRD-K04230416	LSM-8687	NA	5uM	A375	24h	LINCSCP_184697
LINCSCP_19015	0.9985408736	0.0343949278	3	Proscillaridin A	LSM-1476	ATP1A1	10uM	HCC515	6h	LINCSCP_19015
LINCSCP_70512	0.998540827	0.03439547701	3	SB-203580	LSM-1168	MAPK1|MAPK11|MAPK14	10uM	A375	24h	LINCSCP_70512
LINCSCP_53654	0.9985404353	0.03440009458	3	CT-200783	LSM-43273	NA	10uM	SNU1040	6h	LINCSCP_53654
LINCSCP_6278	0.9985396618	0.0344092104	3	F1566-0341	LSM-4706	NA	10uM	A549	6h	LINCSCP_6278
LINCSCP_51163	-0.998539426	0.03441198932	3	MLS002460474	LSM-3256	NA	10uM	RMUGS	6h	LINCSCP_51163
LINCSCP_87625	-0.9985392742	0.03441377724	3	AZD-1152-HQPA	LSM-1067	AURKA|AURKB	1.11uM	HA1E	24h	LINCSCP_87625
LINCSCP_164430	-0.9985390533	0.03441638014	3	SB525334	LSM-1121	TGFBR1	1.11uM	SKL.C	24h	LINCSCP_164430
LINCSCP_137992	-0.9985377395	0.03443185572	3	Berberine	LSM-6553	NA	0.12uM	MCF7	24h	LINCSCP_137992
LINCSCP_87135	-0.9985368382	0.03444246785	3	UNC0638	LSM-6325	NA	0.04uM	CD34	24h	LINCSCP_87135
LINCSCP_41183	-0.9985367008	0.03444408541	3	SCHEMBL5203987	LSM-37022	NA	10uM	NEU	24h	LINCSCP_41183
LINCSCP_240331	-0.9985345046	0.0344699306	3	Ebelactone-B	LSM-43223	PNLIP	10uM	MCF7	24h	LINCSCP_240331
LINCSCP_212182	-0.9985342047	0.03447345785	3	BRD-K45758869-001-01-3	LSM-39802	NA	10uM	HA1E	6h	LINCSCP_212182
LINCSCP_253866	0.9985331013	0.03448643408	3	Fedratinib	LSM-1142	FLT3|JAK2	0.5uM	MCF7	24h	LINCSCP_253866
LINCSCP_158248	-0.9985330844	0.03448663274	3	SPECTRUM_001873	LSM-6457	NA	3.33uM	PC3	24h	LINCSCP_158248
LINCSCP_123670	0.9985292276	0.03453194985	3	Apocynin	LSM-45904	NA	0.12uM	HT29	24h	LINCSCP_123670
LINCSCP_65157	-0.9985290386	0.03453416844	3	BRD-K47342144-019-01-3	LSM-36552	NA	10uM	VCAP	6h	LINCSCP_65157
LINCSCP_33570	-0.9985288047	0.03453691499	3	Thalidomide	LSM-1914	CRBN|CUL4A|DDB1|RBX1|TNF	10uM	MCF7	24h	LINCSCP_33570
LINCSCP_145621	-0.9985285639	0.03453974184	3	LRRK2-IN-1	LSM-1086	LRRK2	0.04uM	MDAMB231	24h	LINCSCP_145621
LINCSCP_82300	0.9985277633	0.03454914014	3	GSK 1059615	LSM-42799	PIK3CA|PIK3CB|PIK3CD|PIK3CG	10uM	A549	24h	LINCSCP_82300
LINCSCP_214449	0.9985264054	0.03456507311	3	AC1O8PXK	LSM-1538	NA	10uM	HCC515	6h	LINCSCP_214449
LINCSCP_10397	-0.9985263839	0.03456532461	3	SB-216763	LSM-1161	GSK3B	10uM	A673	6h	LINCSCP_10397
LINCSCP_216325	-0.9985256504	0.0345739289	3	Pinacidil	LSM-1557	ABCC8|ABCC9	10uM	HCC515	6h	LINCSCP_216325
LINCSCP_261906	-0.9985235861	0.03459813092	3	SMR000151874	LSM-3456	NA	10uM	NPC	24h	LINCSCP_261906
LINCSCP_89814	-0.9985234195	0.03460008232	3	Sotrastaurin	LSM-42761	PRKCA|PRKCB|PRKCD|PRKCE|PRKCG|PRKCH|PRKCI|PRKCQ|PRKCZ|PRKD1|PRKD3	1.11uM	HA1E	24h	LINCSCP_89814
LINCSCP_7566	-0.9985221949	0.03461443076	3	HA 1004	LSM-2096	NA	10uM	A549	24h	LINCSCP_7566
LINCSCP_42071	-0.9985220012	0.03461670018	3	TUL_XXI035	LSM-36823	NA	3uM	NOMO1	6h	LINCSCP_42071
LINCSCP_64759	-0.9985213102	0.03462479384	3	BRD-K28249211	LSM-38811	NA	10uM	VCAP	6h	LINCSCP_64759
LINCSCP_156150	-0.9985210818	0.03462746772	3	Desoxypeganine	LSM-2290	ACHE|MAOA	0.04uM	PC3	24h	LINCSCP_156150
LINCSCP_130107	0.9985204302	0.03463509757	3	SCHEMBL6874948	LSM-5674	LCK	0.37uM	LNCAP	3h	LINCSCP_130107
LINCSCP_37723	-0.9985198704	0.03464165045	3	SA-1921996	LSM-41139	NA	0.5uM	MCF7	24h	LINCSCP_37723
LINCSCP_10966	-0.9985179188	0.03466448648	3	HG-5-113-01	LSM-42739	NA	10uM	ASC	24h	LINCSCP_10966
LINCSCP_65565	0.9985169349	0.03467599381	3	BRD-K05204496	LSM-37545	NA	10uM	VCAP	24h	LINCSCP_65565
LINCSCP_56832	0.9985165693	0.03468026835	3	Dactolisib	LSM-4255	MTOR|PIK3CA|PIK3CB|PIK3CD|PIK3CG|PIK3R1|PIK3R2|PIK3R3|PIK3R5	0.5uM	VCAP	24h	LINCSCP_56832
LINCSCP_11167	-0.998516528	0.03468075113	3	Scriptaid	LSM-2499	HDAC1	10uM	ASC	24h	LINCSCP_11167
LINCSCP_15945	-0.9985163132	0.03468326268	3	MLS003337112	LSM-2162	NA	10uM	HA1E	6h	LINCSCP_15945
LINCSCP_116178	-0.9985163023	0.03468339022	3	AKT Inhibitor VIII	LSM-1035	AKT1|AKT2	0.37uM	HT29	24h	LINCSCP_116178
LINCSCP_19287	-0.9985155394	0.03469230825	3	3-Aminobenzamide	LSM-4525	NA	40uM	HCC515	24h	LINCSCP_19287
LINCSCP_260489	-0.9985133548	0.0347178325	3	SA-424371	LSM-37838	NA	3uM	NKDBA	24h	LINCSCP_260489
LINCSCP_38297	-0.9985123383	0.03472970281	3	SA-1919667	LSM-38569	NA	1uM	MCF7	6h	LINCSCP_38297
LINCSCP_175658	-0.9985119559	0.03473416722	3	Imatinib	LSM-1023	ABL1|BCR|CSF1R|KIT|PDGFRA|PDGFRB	10uM	YAPC	24h	LINCSCP_175658
LINCSCP_16623	-0.9985118791	0.03473506353	3	Tenofovir	LSM-5340	NA	10uM	HA1E	6h	LINCSCP_16623
LINCSCP_93592	0.9985115443	0.03473897206	3	Mepivacaine	LSM-4306	SCN10A|SCN11A|SCN1A|SCN2A|SCN3A|SCN4A|SCN5A|SCN7A|SCN8A|SCN9A	0.12uM	HA1E	24h	LINCSCP_93592
LINCSCP_151977	0.9985113892	0.03474078216	3	Entinostat	LSM-4811	HDAC1|HDAC10|HDAC11|HDAC2|HDAC3|HDAC4|HDAC5|HDAC6|HDAC7|HDAC8|HDAC9	10uM	PC3	24h	LINCSCP_151977
LINCSCP_265375	0.9985111223	0.03474389714	3	Tyrphostin B7	LSM-42938	PDGFRB	10uM	PC3	6h	LINCSCP_265375
LINCSCP_77214	-0.9985088688	0.03477018729	3	179324-69-7	LSM-6281	ADRM1|PSMA1|PSMA2|PSMA3|PSMA4|PSMA5|PSMA6|PSMA7|PSMA8|PSMB1|PSMB10|PSMB11|PSMB2|PSMB3|PSMB4|PSMB5|PSMB6|PSMB7|PSMB8|PSMB9|PSMC1|PSMC2|PSMC3|PSMC4|PSMC5|PSMC6|PSMD1|PSMD11|PSMD12|PSMD13|PSMD14|PSMD2|PSMD3|PSMD4|PSMD6|PSMD7|PSMD8|SEM1	20uM	A375	24h	LINCSCP_77214
LINCSCP_31814	-0.9985087062	0.03477208366	3	Rufloxacin	LSM-5715	NA	10uM	MCF7	6h	LINCSCP_31814
LINCSCP_175238	-0.9985077933	0.03478272734	3	MG-132	LSM-1107	PSMB1	20uM	YAPC	24h	LINCSCP_175238
LINCSCP_19620	-0.9985067737	0.03479461211	3	VX-11E	LSM-6291	MAPK1	0.5uM	HCC515	6h	LINCSCP_19620
LINCSCP_255041	-0.9985057525	0.03480651033	3	Estriol	LSM-2368	ESR1|ESR2	3.33uM	MCF7	24h	LINCSCP_255041
LINCSCP_111541	-0.9985050694	0.03481446774	3	AZD-8055	LSM-1007	MTOR	10uM	HEPG2	24h	LINCSCP_111541
LINCSCP_42751	-0.9985049712	0.03481561096	3	4-(4-Octadecylphenyl)-4-oxobut-2-enoic acid	LSM-3058	PLA2G1B	10uM	NPC	24h	LINCSCP_42751
LINCSCP_19244	-0.9985028984	0.03483974354	3	AC1Q6JJ5	LSM-6192	TOP2A	0.1uM	HCC515	24h	LINCSCP_19244
LINCSCP_38278	0.9985026955	0.03484210533	3	SA-1921902	LSM-37867	NA	10uM	MCF7	6h	LINCSCP_38278
LINCSCP_155898	0.9985023347	0.03484630419	3	MG-132	LSM-1107	PSMB1	20uM	PC3	24h	LINCSCP_155898
LINCSCP_104703	-0.998501576	0.03485513142	3	Carfilzomib (PR-171)	LSM-45547	ADRM1|PSMA1|PSMA2|PSMA3|PSMA4|PSMA5|PSMA6|PSMA7|PSMA8|PSMB1|PSMB10|PSMB11|PSMB2|PSMB3|PSMB4|PSMB5|PSMB6|PSMB7|PSMB8|PSMB9|PSMC1|PSMC2|PSMC3|PSMC4|PSMC5|PSMC6|PSMD1|PSMD11|PSMD12|PSMD13|PSMD14|PSMD2|PSMD3|PSMD4|PSMD6|PSMD7|PSMD8|SEM1	0.12uM	HELA	24h	LINCSCP_104703
LINCSCP_36236	-0.9985003577	0.03486930179	3	3-Chloro-l-alanine	LSM-6205	RPS2	3uM	MCF7	24h	LINCSCP_36236
LINCSCP_129534	-0.9985001665	0.03487152501	3	PCI-32765	LSM-1129	BTK	0.12uM	JURKAT	24h	LINCSCP_129534
LINCSCP_80043	0.9984987077	0.03488848384	3	Tandutinib	LSM-5949	FLT3|KIT|PDGFRA|PDGFRB	10uM	A375	24h	LINCSCP_80043
LINCSCP_253771	-0.9984986638	0.03488899393	3	BRD-K64930062	LSM-12394	NA	3uM	MCF7	6h	LINCSCP_253771
LINCSCP_155452	0.998498468	0.03489127019	3	BRD-A36275421	LSM-45939	NA	1.11uM	PC3	24h	LINCSCP_155452
LINCSCP_69618	-0.9984971211	0.03490691946	3	Imatinib	LSM-1023	ABL1|BCR|CSF1R|KIT|PDGFRA|PDGFRB	0.12uM	A375	24h	LINCSCP_69618
LINCSCP_70504	-0.9984965545	0.03491349991	3	Chelerythrine	LSM-1187	NA	0.12uM	A375	24h	LINCSCP_70504
LINCSCP_131639	-0.9984964145	0.03491512669	3	CHEMBL2136735	LSM-1152	FGFR1|FGFR3|FLT1|FLT4|KDR|PDGFRA|PDGFRB	0.04uM	MCF10A	3h	LINCSCP_131639
LINCSCP_26543	-0.9984956239	0.03492430695	3	GSK-461364	LSM-1013	PLK1	10uM	HT29	6h	LINCSCP_26543
LINCSCP_226999	0.9984937567	0.03494597952	3	Umbelliferone	LSM-3960	CA9	10uM	HT29	6h	LINCSCP_226999
LINCSCP_17039	-0.998492201	0.03496402574	3	Kepone	LSM-36918	NA	20uM	HA1E	24h	LINCSCP_17039
LINCSCP_56581	0.9984888177	0.03500324128	3	Chlorprothixene	LSM-42990	DRD2|DRD3|HTR2A|HTR2C	10uM	VCAP	6h	LINCSCP_56581
LINCSCP_250926	-0.9984882381	0.03500995402	3	Trichostatin	LSM-43005	HDAC1|HDAC10|HDAC3|HDAC4|HDAC6|HDAC7|HDAC8	0.001uM	MCF7	6h	LINCSCP_250926
LINCSCP_41165	-0.9984877968	0.03501506543	3	Trifluridine	LSM-5217	TYMS	10uM	NEU	24h	LINCSCP_41165
LINCSCP_13070	-0.998486246	0.03503302017	3	RU-24969	LSM-1976	HTR1A|HTR1B|HTR6	10uM	FIBRNPC	6h	LINCSCP_13070
LINCSCP_131181	-0.9984845409	0.03505274933	3	GSK-3 Inhibitor IX	LSM-42780	NA	0.04uM	MCF10A	24h	LINCSCP_131181
LINCSCP_65359	-0.9984833882	0.0350660819	3	CHEMBL2362080	LSM-42120	NA	10uM	VCAP	24h	LINCSCP_65359
LINCSCP_43731	0.9984833691	0.03506630247	3	CHEMBL258148	LSM-6214	CTSL	90uM	OV7	6h	LINCSCP_43731
LINCSCP_1958	-0.9984831253	0.03506912161	3	ST024029	LSM-43064	NA	10uM	A375	6h	LINCSCP_1958
LINCSCP_13565	0.9984830787	0.03506966074	3	10-DEBC	LSM-4710	PIM1	20uM	H1299	6h	LINCSCP_13565
LINCSCP_58693	0.9984826854	0.03507420754	3	PK04PUR_000067	LSM-36645	NA	10uM	VCAP	6h	LINCSCP_58693
LINCSCP_107776	-0.9984823963	0.03507754942	3	SPECTRUM2_000920	LSM-1590	NA	0.12uM	HELA	24h	LINCSCP_107776
LINCSCP_69668	0.9984818694	0.03508364039	3	Vorinostat	LSM-3828	HDAC1|HDAC2|HDAC3|HDAC6|HDAC8	10uM	A375	24h	LINCSCP_69668
LINCSCP_126028	0.9984804879	0.03509960354	3	Rimcazole	LSM-5777	SIGMAR1	10uM	HT29	24h	LINCSCP_126028
LINCSCP_98468	-0.9984802029	0.03510289545	3	ARN-509	LSM-45475	AR	10uM	HA1E	24h	LINCSCP_98468
LINCSCP_54788	0.998479732	0.03510833533	3	BI-2536	LSM-1041	PLK1	10uM	T3M10	6h	LINCSCP_54788
LINCSCP_29804	0.998478764	0.03511951341	3	AZD-8055	LSM-1007	MTOR	1uM	MCF10A	6h	LINCSCP_29804
LINCSCP_46163	0.9984783586	0.03512419322	3	Topotecan	LSM-5662	TOP1|TOP1MT	10uM	PC3	6h	LINCSCP_46163
LINCSCP_46536	0.9984782512	0.03512543411	3	CBDIVE_003036	LSM-4324	NA	10uM	PC3	6h	LINCSCP_46536
LINCSCP_51233	-0.9984765968	0.03514452737	3	Cytosporone B	LSM-6280	NR4A1	10uM	RMUGS	6h	LINCSCP_51233
LINCSCP_295630	-0.9984735729	0.03517939825	3	MLS002474466	LSM-6126	NA	10uM	VCAP	24h	LINCSCP_295630
LINCSCP_3706	0.9984729461	0.03518662284	3	BRD-K45466167	LSM-11199	NA	10uM	A375	24h	LINCSCP_3706
LINCSCP_170550	-0.9984729452	0.0351866333	3	BMS-299897	LSM-6207	NA	10uM	YAPC	24h	LINCSCP_170550
LINCSCP_14370	-0.9984720746	0.03519666508	3	SCHEMBL14177979	LSM-1672	TUBB	10uM	HA1E	24h	LINCSCP_14370
LINCSCP_13150	0.9984700479	0.03522000606	3	Dactolisib	LSM-4255	MTOR|PIK3CA|PIK3CB|PIK3CD|PIK3CG|PIK3R1|PIK3R2|PIK3R3|PIK3R5	10uM	FIBRNPC	24h	LINCSCP_13150
LINCSCP_56020	-0.9984698315	0.03522249761	3	E-Doxepin	LSM-42947	HRH1|HRH2|SLC6A2|SLC6A4	10uM	VCAP	24h	LINCSCP_56020
LINCSCP_4056	-0.9984697749	0.0352231485	3	Nilotinib	LSM-1099	ABL1|BCR|KIT	10uM	A375	24h	LINCSCP_4056
LINCSCP_5921	-0.9984695437	0.0352258108	3	SCHEMBL15422158	LSM-44565	NA	10uM	A549	24h	LINCSCP_5921
LINCSCP_168610	0.9984695043	0.03522626345	3	Metronidazole	LSM-5628	CYP2C9|CYP3A4	0.37uM	YAPC	24h	LINCSCP_168610
LINCSCP_66775	0.9984694778	0.03522656873	3	Wortmannin	LSM-3947	PIK3CA|PIK3CG|PLK1	10uM	HA1E	6h	LINCSCP_66775
LINCSCP_19454	0.9984691028	0.03523088487	3	Perhexiline	LSM-4353	CPT1A|CPT2	10uM	HCC515	6h	LINCSCP_19454
LINCSCP_33275	-0.9984690813	0.03523113311	3	Aloisine A	LSM-4110	CDK2	10uM	MCF7	6h	LINCSCP_33275
LINCSCP_35529	0.998467918	0.03524451866	3	Entinostat	LSM-4811	HDAC1|HDAC10|HDAC11|HDAC2|HDAC3|HDAC4|HDAC5|HDAC6|HDAC7|HDAC8|HDAC9	5uM	MCF7	24h	LINCSCP_35529
LINCSCP_42517	-0.9984679177	0.03524452212	3	Practolol	LSM-1531	ADRB1	10uM	NPC	24h	LINCSCP_42517
LINCSCP_157797	0.9984645839	0.03528285695	3	179324-69-7	LSM-6281	ADRM1|PSMA1|PSMA2|PSMA3|PSMA4|PSMA5|PSMA6|PSMA7|PSMA8|PSMB1|PSMB10|PSMB11|PSMB2|PSMB3|PSMB4|PSMB5|PSMB6|PSMB7|PSMB8|PSMB9|PSMC1|PSMC2|PSMC3|PSMC4|PSMC5|PSMC6|PSMD1|PSMD11|PSMD12|PSMD13|PSMD14|PSMD2|PSMD3|PSMD4|PSMD6|PSMD7|PSMD8|SEM1	20uM	PC3	24h	LINCSCP_157797
LINCSCP_54703	-0.9984631284	0.03529958049	3	PIK 90	LSM-6697	NA	10uM	SW948	6h	LINCSCP_54703
LINCSCP_2342	-0.9984619277	0.0353133705	3	SMR000178575	LSM-2708	NA	10uM	A375	6h	LINCSCP_2342
LINCSCP_138793	0.9984618563	0.03531419104	3	Mepivacaine	LSM-4306	SCN10A|SCN11A|SCN1A|SCN2A|SCN3A|SCN4A|SCN5A|SCN7A|SCN8A|SCN9A	3.33uM	MCF7	24h	LINCSCP_138793
LINCSCP_127025	-0.9984607434	0.03532696719	3	DMP-543	LSM-3999	NA	3.33uM	HT29	24h	LINCSCP_127025
LINCSCP_61104	0.9984607322	0.03532709632	3	BRD-K07918661	LSM-8905	NA	5uM	VCAP	6h	LINCSCP_61104
LINCSCP_40137	-0.9984604802	0.03532998791	3	JSH-23	LSM-5897	RELA	5uM	NCIH2073	6h	LINCSCP_40137
LINCSCP_150848	-0.9984598181	0.0353375871	3	Dovitinib	LSM-1127	EGFR|FGFR1|FGFR2|FGFR3|FLT1|FLT3|FLT4|KDR|KIT|PDGFRA|PDGFRB	3.33uM	PC3	24h	LINCSCP_150848
LINCSCP_43580	0.9984589864	0.03534712876	3	Clofibric acid	LSM-2427	PPARA	10uM	NPC	6h	LINCSCP_43580
LINCSCP_5005	0.9984586795	0.03535064913	3	CHEMBL565654	LSM-3666	NA	10uM	A549	24h	LINCSCP_5005
LINCSCP_41282	0.9984575604	0.03536348389	3	Reminertant	LSM-37025	NTSR1	10uM	NEU	6h	LINCSCP_41282
LINCSCP_131999	-0.9984572851	0.03536663993	3	Foretinib	LSM-1158	FLT1|FLT3|FLT4|KDR|KIT|MET|PDGFRA|PDGFRB|TEK	0.04uM	MCF7	24h	LINCSCP_131999
LINCSCP_68427	0.9984567607	0.03537265251	3	Genistein	LSM-5549	CFTR|ESR2	10uM	VCAP	6h	LINCSCP_68427
LINCSCP_43107	0.9984559239	0.03538224411	3	BRD-K22052171	LSM-9763	NA	10uM	NPC	24h	LINCSCP_43107
LINCSCP_41011	-0.9984526456	0.03541979441	3	RO10-5824	LSM-3796	DRD4	10uM	NEU	24h	LINCSCP_41011
LINCSCP_39625	-0.9984520961	0.0354260843	3	Erlotinib	LSM-1097	EGFR	0.1uM	MDAMB231	6h	LINCSCP_39625
LINCSCP_119796	-0.9984519641	0.03542759551	3	SGX-523	LSM-1123	MET	0.12uM	HT29	24h	LINCSCP_119796
LINCSCP_107205	-0.9984511931	0.03543641911	3	Ursolic acid	LSM-4889	HSD11B1|PTPN1	10uM	HELA	24h	LINCSCP_107205
LINCSCP_58768	0.9984485131	0.03546707306	3	BRD-K80786583-001-01-5	LSM-41674	NA	10uM	VCAP	6h	LINCSCP_58768
LINCSCP_12446	-0.9984482842	0.03546968936	3	BRD-K21918725	LSM-45229	NA	3uM	CD34	6h	LINCSCP_12446
LINCSCP_30719	-0.9984475176	0.03547845256	3	Blebbistatin	LSM-6195	MYH2	40uM	MCF7	6h	LINCSCP_30719
LINCSCP_157237	0.998447242	0.03548160152	3	Apilimod	LSM-45286	NA	1.11uM	PC3	24h	LINCSCP_157237
LINCSCP_147209	0.9984456242	0.03550008539	3	BX-795	LSM-1189	PDK1|PDPK1	3.33uM	NEU	24h	LINCSCP_147209
LINCSCP_74432	-0.9984441879	0.03551648868	3	Meisoindigo	LSM-45840	NA	0.12uM	A375	24h	LINCSCP_74432
LINCSCP_142575	-0.9984423111	0.03553790942	3	Volasertib (BI 6727)	LSM-45277	PLK1	0.12uM	MCF7	24h	LINCSCP_142575
LINCSCP_19385	-0.9984420917	0.03554041284	3	BIO2_000792	LSM-4705	PTGS1|PTGS2	10uM	HCC515	24h	LINCSCP_19385
LINCSCP_37815	-0.9984412124	0.03555044296	3	BRD-K59024795	LSM-15079	NA	10uM	MCF7	6h	LINCSCP_37815
LINCSCP_3423	-0.9984397617	0.035566987	3	BRD-K43438744	LSM-11071	NA	5uM	A375	24h	LINCSCP_3423
LINCSCP_69669	0.9984394529	0.03557050672	3	SCHEMBL16226502	LSM-43056	HSP90AA1	10uM	A375	24h	LINCSCP_69669
LINCSCP_41217	-0.9984379516	0.03558761704	3	SCHEMBL8038519	LSM-37110	ADRA2A|ADRA2B|ADRA2C|DRD1|DRD2|DRD3|DRD4|DRD5|HRH1|HTR1A|HTR2A|HTR2C|HTR6|HTR7	10uM	NEU	24h	LINCSCP_41217
LINCSCP_172649	0.9984374215	0.03559365683	3	SDZ NKT 343	LSM-45398	NA	0.12uM	YAPC	24h	LINCSCP_172649
LINCSCP_150944	-0.9984370962	0.03559736294	3	Seliciclib	LSM-1001	CDK1|CDK2|CDK5|CDK7|CDK9	3.33uM	PC3	24h	LINCSCP_150944
LINCSCP_52349	-0.998436026	0.03560955149	3	AZ628	LSM-1050	BRAF|RAF1	10uM	SKB	24h	LINCSCP_52349
LINCSCP_139665	-0.9984354378	0.0356162487	3	Tiapride	LSM-5676	DRD2|DRD3	0.37uM	MCF7	24h	LINCSCP_139665
LINCSCP_89072	0.9984352737	0.03561811658	3	Ponatinib	LSM-1151	ABL1|BCR|FGFR1|FGFR2|FGFR3|FGFR4|FLT3|KIT|RET|TEK	1.11uM	HA1E	24h	LINCSCP_89072
LINCSCP_247290	0.9984336517	0.03563657852	3	BRD-K44204702	LSM-39705	NA	5uM	MCF7	24h	LINCSCP_247290
LINCSCP_112079	-0.9984334679	0.03563866929	3	Pazopanib	LSM-1114	CSF1R|FGFR1|FGFR3|FLT1|FLT4|ITK|KDR|KIT|LCK|PDGFRA|PDGFRB	10uM	HEPG2	24h	LINCSCP_112079
LINCSCP_64312	0.9984334	0.03563944145	3	BRD-K72913953	LSM-41228	NA	5uM	VCAP	24h	LINCSCP_64312
LINCSCP_28608	-0.9984331894	0.03564183858	3	AT-9283	LSM-37023	ABL1|AURKA|AURKB|FLT3|JAK2|JAK3	0.04uM	HT29	24h	LINCSCP_28608
LINCSCP_151562	0.9984324608	0.03565012611	3	Dinaciclib	LSM-6306	CDK1|CDK2|CDK5|CDK9	0.37uM	PC3	24h	LINCSCP_151562
LINCSCP_52152	0.9984323855	0.03565098272	3	ML228	LSM-2978	HIF1A	10uM	SKB	24h	LINCSCP_52152
LINCSCP_116165	0.9984311115	0.03566547054	3	SCHEMBL3954849	LSM-5982	NA	1.11uM	HT29	24h	LINCSCP_116165
LINCSCP_169255	-0.9984309743	0.03566703039	3	VRT752271	LSM-45974	NA	3.33uM	YAPC	24h	LINCSCP_169255
LINCSCP_87016	-0.9984309124	0.03566773358	3	UNC 669	LSM-6337	NA	0.12uM	CD34	24h	LINCSCP_87016
LINCSCP_266189	-0.9984307122	0.03567000975	3	Budesonide	LSM-1472	NR3C1	10uM	PC3	24h	LINCSCP_266189
LINCSCP_56335	0.9984290195	0.03568924688	3	1-[2-Chloro-2-(2,4-dichlorophenyl)ethenyl]-1H-1,2,4-triazole	LSM-2614	GABRB2|GABRB3	10uM	VCAP	6h	LINCSCP_56335
LINCSCP_12069	0.9984281373	0.03569926985	3	OSI-027	LSM-1063	MTOR	1uM	BT20	6h	LINCSCP_12069
LINCSCP_54544	-0.9984271461	0.03571052626	3	Darinaparsin	LSM-4924	NA	10uM	SW948	6h	LINCSCP_54544
LINCSCP_10403	-0.9984270788	0.03571129054	3	BI-2536	LSM-1041	PLK1	10uM	A673	6h	LINCSCP_10403
LINCSCP_295450	-0.9984252408	0.03573215522	3	Tretinoin	LSM-42854	RARA|RARB|RARG|RORB	10uM	VCAP	6h	LINCSCP_295450
LINCSCP_129293	-0.9984231141	0.03575628107	3	SB239063	LSM-1036	MAPK11|MAPK14	10uM	HUVEC	24h	LINCSCP_129293
LINCSCP_24965	0.9984229586	0.03575804473	3	PI-103	LSM-1126	MTOR|PIK3CA|PIK3CB|PIK3CD|PIK3CG	1uM	HS578T	6h	LINCSCP_24965
LINCSCP_54190	-0.9984204638	0.03578632424	3	MST-312	LSM-6230	TERT	10uM	SW620	6h	LINCSCP_54190
LINCSCP_125014	0.9984201495	0.03578988515	3	Cytochalasin B	LSM-46134	NA	4.17uM	HT29	24h	LINCSCP_125014
LINCSCP_25126	0.9984189659	0.03580329353	3	STK178014	LSM-43108	NA	50uM	HT115	6h	LINCSCP_25126
LINCSCP_24374	-0.9984185978	0.03580746154	3	WHI-P97	LSM-1033	JAK3	0.5uM	HS578T	24h	LINCSCP_24374
LINCSCP_11841	0.9984183889	0.03580982724	3	OSI-027	LSM-1063	MTOR	0.5uM	BT20	24h	LINCSCP_11841
LINCSCP_193221	-0.9984181009	0.03581308848	3	Fenofibrate	LSM-3107	PPARA	10uM	A549	24h	LINCSCP_193221
LINCSCP_89728	0.9984177256	0.03581733741	3	Abiraterone Acetate	LSM-45880	NA	10uM	HA1E	24h	LINCSCP_89728
LINCSCP_44440	0.9984175185	0.03581968202	3	HOECHST-33342	LSM-2168	TOP1	10uM	PC3	6h	LINCSCP_44440
LINCSCP_70153	-0.9984152731	0.03584509259	3	GSK J4	LSM-6328	NA	0.12uM	A375	24h	LINCSCP_70153
LINCSCP_109341	-0.9984148645	0.03584971429	3	MG-132	LSM-1107	PSMB1	20uM	HELA	24h	LINCSCP_109341
LINCSCP_83413	-0.9984130695	0.0358700118	3	GSK-J1	LSM-44939	NA	3.33uM	ASC.C	24h	LINCSCP_83413
LINCSCP_120932	-0.9984129617	0.03587123102	3	Felodipine	LSM-1447	CACNA1C|CACNA1D|CACNA1F|CACNA1S|NR3C2	0.37uM	HT29	24h	LINCSCP_120932
LINCSCP_175014	-0.9984124663	0.0358768309	3	Genz-644282	LSM-45838	NA	1.11uM	YAPC	24h	LINCSCP_175014
LINCSCP_19850	-0.9984114704	0.03588808468	3	CHEMBL2057940	LSM-2409	NA	10uM	HCC515	6h	LINCSCP_19850
LINCSCP_145613	-0.9984107389	0.03589634948	3	Y-39983	LSM-1150	ROCK1|ROCK2	0.37uM	MDAMB231	24h	LINCSCP_145613
LINCSCP_104173	-0.9984107118	0.03589665582	3	BRD-A28746609	LSM-1102	NR1I2|TUBB	1.11uM	HELA	24h	LINCSCP_104173
LINCSCP_32730	-0.9984061154	0.03594854001	3	MLS006011051	LSM-42801	BRAF	10uM	MCF7	6h	LINCSCP_32730
LINCSCP_55156	-0.9984053573	0.03595709029	3	MLS001207806	LSM-43094	NA	3uM	THP1	6h	LINCSCP_55156
LINCSCP_8475	-0.9984051203	0.03595976304	3	BRD-K31000214	LSM-10298	NA	5uM	A549	24h	LINCSCP_8475
LINCSCP_42087	-0.9984041055	0.03597120476	3	MLS000589843	LSM-43120	NA	1uM	NOMO1	6h	LINCSCP_42087
LINCSCP_69949	0.9984024121	0.03599028897	3	761437-28-9	LSM-1208	NA	3.33uM	A375	24h	LINCSCP_69949
LINCSCP_81452	0.9984022834	0.03599173909	3	PD-0325901	LSM-1101	MAP2K1|MAP2K2	0.12uM	A549	24h	LINCSCP_81452
LINCSCP_44993	0.9984022205	0.03599244833	3	PI-103	LSM-1126	MTOR|PIK3CA|PIK3CB|PIK3CD|PIK3CG	10uM	PC3	24h	LINCSCP_44993
LINCSCP_133711	-0.9984020663	0.03599418536	3	1268524-70-4	LSM-6332	NA	1.11uM	MCF7	24h	LINCSCP_133711
LINCSCP_59954	0.9984006331	0.03601032712	3	CHEMBL3400875	LSM-37911	NA	5uM	VCAP	6h	LINCSCP_59954
LINCSCP_52093	-0.9984001813	0.03601541481	3	TWS 119	LSM-1111	GSK3B	0.1uM	SKBR3	6h	LINCSCP_52093
LINCSCP_74464	0.9983993286	0.03602501409	3	Berberine	LSM-6553	NA	10uM	A375	24h	LINCSCP_74464
LINCSCP_30094	-0.9983988415	0.03603049688	3	Linifanib	LSM-1183	CSF1R|FLT1|FLT3|FLT4|KDR|PDGFRA|PDGFRB	10uM	MCF10A	6h	LINCSCP_30094
LINCSCP_176063	-0.9983985895	0.03603333219	3	179324-69-7	LSM-6281	ADRM1|PSMA1|PSMA2|PSMA3|PSMA4|PSMA5|PSMA6|PSMA7|PSMA8|PSMB1|PSMB10|PSMB11|PSMB2|PSMB3|PSMB4|PSMB5|PSMB6|PSMB7|PSMB8|PSMB9|PSMC1|PSMC2|PSMC3|PSMC4|PSMC5|PSMC6|PSMD1|PSMD11|PSMD12|PSMD13|PSMD14|PSMD2|PSMD3|PSMD4|PSMD6|PSMD7|PSMD8|SEM1	20uM	YAPC	24h	LINCSCP_176063
LINCSCP_84327	-0.998396756	0.03605395969	3	BGT-226	LSM-6710	MTOR|PIK3CA|PIK3CB|PIK3CD|PIK3CG|PIK3R1|PIK3R2|PIK3R3|PIK3R5	0.04uM	ASC	24h	LINCSCP_84327
LINCSCP_222587	0.9983961554	0.03606071449	3	TGX 221	LSM-1172	PIK3CB	0.1uM	HS578T	24h	LINCSCP_222587
LINCSCP_13643	-0.9983957971	0.036064743	3	9-[3-(3,5-Dimethylpiperazin-1-yl)propyl]-9H-carbazole	LSM-1693	SIGMAR1	10uM	HA1E	24h	LINCSCP_13643
LINCSCP_19622	0.9983943754	0.03608072448	3	Nifedipine	LSM-4176	CACNA1C|CACNA1D|CACNA1F|CACNA1S|CACNA2D1	10uM	HCC515	6h	LINCSCP_19622
LINCSCP_141101	-0.9983937569	0.03608767516	3	Talnetant	LSM-45828	TACR3	10uM	MCF7	24h	LINCSCP_141101
LINCSCP_10703	0.9983933259	0.03609251802	3	CHEMBL2130568	LSM-29353	NA	10uM	ASC	24h	LINCSCP_10703
LINCSCP_3247	-0.9983933182	0.03609260484	3	BRD-K07493900	LSM-8873	NA	5uM	A375	24h	LINCSCP_3247
LINCSCP_58072	0.9983918258	0.03610936803	3	Benproperine	LSM-5053	NA	10uM	VCAP	24h	LINCSCP_58072
LINCSCP_87120	-0.9983911262	0.03611722304	3	Belinostat	LSM-43181	HDAC1|HDAC10|HDAC11|HDAC2|HDAC3|HDAC4|HDAC5|HDAC6|HDAC7|HDAC8|HDAC9	1.11uM	CD34	24h	LINCSCP_87120
LINCSCP_256064	-0.9983906971	0.03612204102	3	JNK-IN-2	LSM-43288	IRAK1	0.1uM	MDAMB231	24h	LINCSCP_256064
LINCSCP_277860	-0.9983906786	0.03612224834	3	BRD-K30066603	LSM-38910	NA	10uM	PC3	24h	LINCSCP_277860
LINCSCP_92044	0.9983903016	0.03612648043	3	Perindopril	LSM-4080	ACE	10uM	HA1E	24h	LINCSCP_92044
LINCSCP_265374	0.9983892105	0.03613872497	3	Dcebio	LSM-2704	NA	10uM	PC3	6h	LINCSCP_265374
LINCSCP_31310	0.9983882063	0.03614999176	3	Triazolothiadiazine, 9	LSM-1347	NA	10uM	MCF7	24h	LINCSCP_31310
LINCSCP_46224	0.9983875094	0.03615780816	3	SPOX1_000823	LSM-4560	NA	10uM	PC3	24h	LINCSCP_46224
LINCSCP_55251	-0.9983868074	0.03616567978	3	Avicin-G	LSM-44622	NA	0.5uM	U266	24h	LINCSCP_55251
LINCSCP_32870	-0.9983867662	0.03616614204	3	Lovastatin	LSM-2189	HMGCR	10uM	MCF7	24h	LINCSCP_32870
LINCSCP_51699	0.9983856203	0.03617898693	3	AZD-8055	LSM-1007	MTOR	0.5uM	SKBR3	6h	LINCSCP_51699
LINCSCP_40336	0.9983852342	0.0361833151	3	PNU-74654	LSM-44945	CTNNB1|TCF4	80uM	NCIH596	6h	LINCSCP_40336
LINCSCP_47153	0.9983851858	0.03618385669	3	CHEMBL2139291	LSM-41642	NA	10uM	PC3	24h	LINCSCP_47153
LINCSCP_153240	0.9983847156	0.03618912662	3	PROTIRELIN	LSM-45252	NA	0.04uM	PC3	24h	LINCSCP_153240
LINCSCP_73677	-0.9983840959	0.03619606969	3	Amodiaquine	LSM-4042	HNMT	10uM	A375	24h	LINCSCP_73677
LINCSCP_121911	0.9983840848	0.03619619396	3	nimodipine	LSM-45413	NA	0.12uM	HT29	24h	LINCSCP_121911
LINCSCP_278014	-0.998383121	0.03620698933	3	BRD-K85197047	LSM-13635	NA	10uM	PC3	24h	LINCSCP_278014
LINCSCP_22122	-0.998382806	0.03621051695	3	CHEMBL1354134	LSM-4234	NA	10uM	HEPG2	6h	LINCSCP_22122
LINCSCP_104744	-0.99838227	0.03621651886	3	Ixabepilone	LSM-43293	TUBA1A|TUBA1B|TUBA1C|TUBA3E|TUBA4A|TUBB|TUBB1|TUBB2A|TUBB2B|TUBB3|TUBB4A|TUBB4B|TUBB6|TUBB8	0.37uM	HELA	24h	LINCSCP_104744
LINCSCP_64984	-0.9983818411	0.03622132099	3	BRD-K93203589	LSM-42335	NA	10uM	VCAP	24h	LINCSCP_64984
LINCSCP_136975	-0.9983813695	0.03622660035	3	SU-11652	LSM-43098	KDR|PDGFRB	3.33uM	MCF7	24h	LINCSCP_136975
LINCSCP_40348	-0.9983794803	0.03624774116	3	AS-605240	LSM-42784	PIK3CG	10uM	NCIH596	6h	LINCSCP_40348
LINCSCP_15556	0.9983791952	0.03625092969	3	Gemcitabine	LSM-5333	POLA1|POLD1|POLE|RRM1|RRM2|RRM2B	0.1uM	HA1E	6h	LINCSCP_15556
LINCSCP_178558	0.998375944	0.03628727999	3	AC1N3FUV	LSM-3480	NA	10uM	A375	6h	LINCSCP_178558
LINCSCP_148646	-0.9983743334	0.03630527358	3	SB525334	LSM-1121	TGFBR1	1.11uM	NPC	24h	LINCSCP_148646
LINCSCP_113190	-0.9983739378	0.03630969213	3	TAE-684	LSM-1024	ALK	1.11uM	HME1	24h	LINCSCP_113190
LINCSCP_54380	-0.9983737286	0.0363120277	3	Kinetin Riboside	LSM-6292	NA	10uM	SW620	6h	LINCSCP_54380
LINCSCP_141133	-0.9983719982	0.03633134637	3	Eperezolid	LSM-45703	NA	1.11uM	MCF7	24h	LINCSCP_141133
LINCSCP_68073	0.9983714679	0.03633726523	3	Trichostatin A, Streptomyces Sp.	LSM-42814	HDAC1|HDAC10|HDAC3|HDAC4|HDAC6|HDAC7|HDAC8	1uM	PC3	6h	LINCSCP_68073
LINCSCP_241398	-0.9983695431	0.03635873905	3	Ergocryptine	LSM-3664	NA	10uM	MCF7	6h	LINCSCP_241398
LINCSCP_163699	-0.9983691395	0.03636323964	3	AT-7519	LSM-1004	CDK1|CDK10|CDK11B|CDK12|CDK13|CDK14|CDK15|CDK16|CDK17|CDK18|CDK19|CDK2|CDK20|CDK3|CDK4|CDK5|CDK6|CDK7|CDK8|CDK9	0.12uM	SKBR3	24h	LINCSCP_163699
LINCSCP_135958	-0.9983682391	0.03637327855	3	BRD-A00474148	LSM-45242	NA	1.11uM	MCF7	24h	LINCSCP_135958
LINCSCP_75347	-0.998366904	0.03638816002	3	Camptothecin	LSM-4611	TOP1	0.37uM	A375	24h	LINCSCP_75347
LINCSCP_284841	-0.9983664475	0.03639324683	3	Methocarbamol	LSM-1453	CA1	10uM	SKB	24h	LINCSCP_284841
LINCSCP_157695	0.9983654392	0.03640448042	3	MG-132	LSM-1107	PSMB1	20uM	PC3	24h	LINCSCP_157695
LINCSCP_27700	-0.9983651523	0.03640767638	3	CHEMBL3182469	LSM-12253	NA	5uM	HT29	24h	LINCSCP_27700
LINCSCP_36681	0.998364642	0.03641335872	3	ZSTK 474	LSM-1053	PIK3CG	0.5uM	MCF7	6h	LINCSCP_36681
LINCSCP_80089	-0.9983642249	0.03641800319	3	Retigabine	LSM-45405	KCNQ1|KCNQ2|KCNQ3|KCNQ4|KCNQ5	0.04uM	A375	24h	LINCSCP_80089
LINCSCP_154813	0.9983628579	0.03643322172	3	GDC-0980 (RG7422)	LSM-45720	MTOR|PIK3CA|PIK3CB|PIK3CD|PIK3CG|PIK3R1|PIK3R2|PIK3R3|PIK3R5	1.11uM	PC3	24h	LINCSCP_154813
LINCSCP_41138	-0.9983621455	0.03644115008	3	1-Methyl-1,2,3,4-tetrahydroisoquinoline	LSM-36851	NA	10uM	NEU	24h	LINCSCP_41138
LINCSCP_124758	-0.9983613023	0.03645053139	3	Prosteride	LSM-1842	SRD5A1|SRD5A2	3.33uM	HT29	24h	LINCSCP_124758
LINCSCP_283133	-0.9983609636	0.03645429942	3	4-Iodo-6-phenylpyrimidine	LSM-6233	MIF	40uM	RMGI	6h	LINCSCP_283133
LINCSCP_917	0.9983589055	0.03647718597	3	SMR001317659	LSM-2094	NA	0.5uM	A375	6h	LINCSCP_917
LINCSCP_56212	-0.9983583168	0.03648373007	3	SDZ WAG 994	LSM-1448	ADORA1	10uM	VCAP	24h	LINCSCP_56212
LINCSCP_176143	-0.9983579725	0.0364875562	3	179324-69-7	LSM-6281	ADRM1|PSMA1|PSMA2|PSMA3|PSMA4|PSMA5|PSMA6|PSMA7|PSMA8|PSMB1|PSMB10|PSMB11|PSMB2|PSMB3|PSMB4|PSMB5|PSMB6|PSMB7|PSMB8|PSMB9|PSMC1|PSMC2|PSMC3|PSMC4|PSMC5|PSMC6|PSMD1|PSMD11|PSMD12|PSMD13|PSMD14|PSMD2|PSMD3|PSMD4|PSMD6|PSMD7|PSMD8|SEM1	20uM	YAPC	24h	LINCSCP_176143
LINCSCP_109959	-0.9983578263	0.03648918082	3	Thioguanosine	LSM-5832	NA	10uM	HELA	24h	LINCSCP_109959
LINCSCP_143257	-0.9983573498	0.03649447587	3	Beta-Narcotine	LSM-4043	SIGMAR1	1.11uM	MCF7	24h	LINCSCP_143257
LINCSCP_46105	-0.9983572327	0.03649577698	3	Lomerizine	LSM-5717	NA	10uM	PC3	24h	LINCSCP_46105
LINCSCP_37646	-0.9983569739	0.03649865274	3	Nocodazole	LSM-2260	NA	3uM	MCF7	24h	LINCSCP_37646
LINCSCP_32548	-0.9983569253	0.03649919285	3	Taurocholate	LSM-5866	CEL	10uM	MCF7	24h	LINCSCP_32548
LINCSCP_70261	-0.9983533075	0.03653936476	3	852475-26-4	LSM-43291	NA	0.12uM	A375	24h	LINCSCP_70261
LINCSCP_157177	0.9983531296	0.03654133873	3	Ketorolac	LSM-1526	PTGS1|PTGS2	1.11uM	PC3	24h	LINCSCP_157177
LINCSCP_59533	0.9983528979	0.03654390967	3	Methyl 1-hydroxy-7-(hydroxymethyl)-1,4a,5,7a-tetrahydrocyclopenta[c]pyran-4-carboxylate	LSM-4955	NA	10uM	VCAP	6h	LINCSCP_59533
LINCSCP_31529	0.9983519756	0.03655414268	3	Triazolothiadiazine, 28	LSM-4184	NA	10uM	MCF7	6h	LINCSCP_31529
LINCSCP_161980	-0.9983507683	0.03656753274	3	Hexachlorophene	LSM-6032	NA	1.11uM	PC3	24h	LINCSCP_161980
LINCSCP_144501	0.9983507402	0.03656784447	3	Deferasirox	LSM-45297	NA	0.12uM	MCF7	24h	LINCSCP_144501
LINCSCP_16035	-0.9983503382	0.0365723019	3	SCHEMBL2554399	LSM-3303	NA	10uM	HA1E	6h	LINCSCP_16035
LINCSCP_142618	-0.9983501522	0.0365743646	3	Rimcazole	LSM-5777	SIGMAR1	0.04uM	MCF7	24h	LINCSCP_142618
LINCSCP_155637	0.9983491406	0.03658557874	3	179324-69-7	LSM-6281	ADRM1|PSMA1|PSMA2|PSMA3|PSMA4|PSMA5|PSMA6|PSMA7|PSMA8|PSMB1|PSMB10|PSMB11|PSMB2|PSMB3|PSMB4|PSMB5|PSMB6|PSMB7|PSMB8|PSMB9|PSMC1|PSMC2|PSMC3|PSMC4|PSMC5|PSMC6|PSMD1|PSMD11|PSMD12|PSMD13|PSMD14|PSMD2|PSMD3|PSMD4|PSMD6|PSMD7|PSMD8|SEM1	20uM	PC3	24h	LINCSCP_155637
LINCSCP_97891	-0.9983477879	0.03660056885	3	Sildenafil	LSM-3797	PDE5A	0.37uM	HA1E	24h	LINCSCP_97891
LINCSCP_63332	-0.9983471219	0.03660794649	3	BRD-K05833481	LSM-8772	NA	5uM	VCAP	24h	LINCSCP_63332
LINCSCP_111078	-0.9983470637	0.03660859131	3	Mycophenolic acid	LSM-42933	IMPDH1|IMPDH2	0.04uM	HELA	24h	LINCSCP_111078
LINCSCP_52175	0.9983464723	0.03661514222	3	AC1O9ZP5	LSM-6676	NA	10uM	SKB	24h	LINCSCP_52175
LINCSCP_54246	-0.9983464365	0.03661553807	3	Capsaicin	LSM-43180	TRPV1	100uM	SW620	6h	LINCSCP_54246
LINCSCP_45615	-0.9983461578	0.03661862443	3	MLS002699811	LSM-3541	NA	10uM	PC3	6h	LINCSCP_45615
LINCSCP_152036	-0.9983457151	0.03662352678	3	I-BET151	LSM-6335	NA	0.04uM	PC3	24h	LINCSCP_152036
LINCSCP_38839	-0.9983455285	0.03662559302	3	AZD-1152HQPA	LSM-46008	NA	5uM	MCF7	6h	LINCSCP_38839
LINCSCP_4537	0.9983445375	0.03663656307	3	AS-605240	LSM-42784	PIK3CG	10uM	A549	24h	LINCSCP_4537
LINCSCP_114921	-0.9983442418	0.03663983617	3	Pelitinib	LSM-42796	EGFR	1.11uM	HS578T	24h	LINCSCP_114921
LINCSCP_165646	-0.9983437434	0.03664535143	3	Iniparib	LSM-6317	PARP1	10uM	SKL	24h	LINCSCP_165646
LINCSCP_222011	0.9983436289	0.036646619	3	Avrainvillamide-analog-1	LSM-37146	NA	0.04uM	HEPG2	24h	LINCSCP_222011
LINCSCP_141166	-0.9983422247	0.03666215332	3	Febuxostat	LSM-3064	XDH	0.04uM	MCF7	24h	LINCSCP_141166
LINCSCP_139797	0.9983410689	0.03667493524	3	Tedizolid	LSM-45778	NA	0.37uM	MCF7	24h	LINCSCP_139797
LINCSCP_158725	-0.9983407612	0.03667833715	3	ZK 200775	LSM-45516	NA	0.12uM	PC3	24h	LINCSCP_158725
LINCSCP_27242	0.9983396388	0.03669074434	3	CHEMBL2138962	LSM-40974	NA	10uM	HT29	6h	LINCSCP_27242
LINCSCP_160870	-0.9983386785	0.03670135617	3	Duloxetine	LSM-3591	SLC6A2|SLC6A3|SLC6A4	1.11uM	PC3	24h	LINCSCP_160870
LINCSCP_34856	-0.9983384899	0.03670343903	3	MLS003128866	LSM-13401	NA	5uM	MCF7	24h	LINCSCP_34856
LINCSCP_66298	-0.9983383773	0.03670468327	3	Menadione	LSM-3755	NA	10uM	WSUDLCL2	6h	LINCSCP_66298
LINCSCP_56616	-0.9983378512	0.03671049569	3	AC1NWAO0	LSM-1346	ADRB2	10uM	VCAP	24h	LINCSCP_56616
LINCSCP_37425	-0.9983377101	0.03671205416	3	Parbendazole	LSM-4893	TUBB	1uM	MCF7	24h	LINCSCP_37425
LINCSCP_35153	-0.9983364956	0.03672546615	3	BRD-K91461129	LSM-42253	NA	5uM	MCF7	24h	LINCSCP_35153
LINCSCP_46887	-0.9983357718	0.03673345728	3	MLS-0315868.0001	LSM-4861	NA	10uM	PC3	6h	LINCSCP_46887
LINCSCP_155260	-0.9983350554	0.03674136492	3	GSK-1070916	LSM-1062	AURKB|AURKC	3.33uM	PC3	24h	LINCSCP_155260
LINCSCP_219719	-0.9983346289	0.03674607241	3	MLS002607742	LSM-3374	NA	10uM	HEPG2	6h	LINCSCP_219719
LINCSCP_17474	0.9983312184	0.03678368937	3	MK-5108	LSM-36812	AURKA|AURKB	3.33uM	HA1E	24h	LINCSCP_17474
LINCSCP_150873	-0.9983307593	0.03678875059	3	LDN 193189	LSM-1115	ACVR1|BMPR1A	1.11uM	PC3	24h	LINCSCP_150873
LINCSCP_157211	-0.9983305912	0.03679060327	3	PK-11195	LSM-1532	TSPO	10uM	PC3	24h	LINCSCP_157211
LINCSCP_44182	0.9983304927	0.03679168855	3	2-Bromo-.alpha.-ergocryptine	LSM-1746	ADRA2A|ADRA2B|ADRA2C|DRD1|DRD2|DRD3|DRD4|DRD5|HTR1A|HTR1B|HTR1D|HTR2A|HTR2B|HTR2C	10uM	PC3	24h	LINCSCP_44182
LINCSCP_94147	-0.9983290068	0.03680806255	3	Idelalisib	LSM-1205	PIK3CD|PIK3CG	1.11uM	HA1E	24h	LINCSCP_94147
LINCSCP_67861	0.9983271075	0.03682898056	3	Vorinostat	LSM-3828	HDAC1|HDAC2|HDAC3|HDAC6|HDAC8	10uM	PC3	24h	LINCSCP_67861
LINCSCP_30388	-0.9983270923	0.03682914833	3	Anpirtoline	LSM-3232	HTR1B	10uM	MCF7	6h	LINCSCP_30388
LINCSCP_91077	-0.9983270424	0.03682969787	3	Norfloxacin	LSM-5286	NA	3.33uM	HA1E	24h	LINCSCP_91077
LINCSCP_30712	-0.9983262569	0.0368383452	3	YK 4-279	LSM-4933	DHX9|FLI1	10uM	MCF7	6h	LINCSCP_30712
LINCSCP_176601	0.9983261783	0.03683921094	3	SCHEMBL11184005	LSM-1791	PTGS1|PTGS2	10uM	A375	6h	LINCSCP_176601
LINCSCP_26740	-0.998326039	0.03684074422	3	AC1M08Y6	LSM-4783	NA	10uM	HT29	6h	LINCSCP_26740
LINCSCP_63510	-0.998324075	0.03686235518	3	BRD-K62995317	LSM-12261	NA	5uM	VCAP	24h	LINCSCP_63510
LINCSCP_36597	-0.9983230958	0.03687312554	3	Seliciclib	LSM-1001	CDK1|CDK2|CDK5|CDK7|CDK9	0.1uM	MCF7	6h	LINCSCP_36597
LINCSCP_310019	-0.9983225443	0.03687919059	3	BRD-K46284961	LSM-39831	NA	30uM	VCAP	24h	LINCSCP_310019
LINCSCP_115070	-0.9983211638	0.03689436632	3	Momelotinib	LSM-1141	JAK1|JAK2	3.33uM	HS578T	24h	LINCSCP_115070
LINCSCP_192021	-0.9983208776	0.03689751234	3	Ethamivan	LSM-2846	NA	10uM	A549	6h	LINCSCP_192021
LINCSCP_32391	0.9983205464	0.03690115161	3	CHEMBL2131967	LSM-42358	NA	10uM	MCF7	6h	LINCSCP_32391
LINCSCP_83010	0.9983202849	0.03690402547	3	Tivozanib	LSM-1005	FLT1|FLT4|KDR|KIT|PDGFRA|PDGFRB	0.04uM	ASC.C	24h	LINCSCP_83010
LINCSCP_59011	0.9983196655	0.03691083103	3	BCB03_000082	LSM-36632	NA	10uM	VCAP	6h	LINCSCP_59011
LINCSCP_37912	-0.9983194478	0.03691322265	3	MLS001207806	LSM-43094	NA	10uM	MCF7	24h	LINCSCP_37912
LINCSCP_25228	-0.9983178329	0.03693095906	3	Indoprofen	LSM-1564	PTGS1|PTGS2	10uM	HT29	24h	LINCSCP_25228
LINCSCP_13651	-0.9983177973	0.03693135007	3	KN 62	LSM-1824	CAMK2A|P2RX7	10uM	HA1E	24h	LINCSCP_13651
LINCSCP_97871	-0.9983176996	0.03693242231	3	MG-132	LSM-1107	PSMB1	20uM	HA1E	24h	LINCSCP_97871
LINCSCP_113325	0.9983173287	0.03693649444	3	SCHEMBL3958507	LSM-5245	COQ8B|EGFR	10uM	HME1	3h	LINCSCP_113325
LINCSCP_68547	0.9983169518	0.03694063214	3	Thioridazine	LSM-1863	DRD1|DRD2|DRD3|DRD4|HTR2A|HTR2C	10uM	VCAP	6h	LINCSCP_68547
LINCSCP_222060	-0.9983157168	0.03695418757	3	Trequinsin	LSM-3893	NA	0.37uM	HEPG2	24h	LINCSCP_222060
LINCSCP_62148	0.9983156861	0.03695452453	3	BRD-K38481268	LSM-10756	NA	5uM	VCAP	24h	LINCSCP_62148
LINCSCP_70369	-0.9983155588	0.03695592148	3	VE-821	LSM-36358	NA	0.12uM	A375	24h	LINCSCP_70369
LINCSCP_182661	-0.9983154136	0.036957514	3	BRD-K16813995	LSM-9448	NA	5uM	A375	24h	LINCSCP_182661
LINCSCP_36827	0.9983152698	0.03695909223	3	PI-103	LSM-1126	MTOR|PIK3CA|PIK3CB|PIK3CD|PIK3CG	1uM	MCF7	24h	LINCSCP_36827
LINCSCP_68754	0.9983152135	0.0369597102	3	Wortmannin	LSM-3947	PIK3CA|PIK3CG|PLK1	10uM	VCAP	6h	LINCSCP_68754
LINCSCP_260915	0.9983136007	0.03697740081	3	Mebendazole	LSM-3749	NA	10uM	NKDBA	24h	LINCSCP_260915
LINCSCP_24957	0.9983132299	0.0369814672	3	Amuvatinib	LSM-1118	FLT3|KIT|MET|PDGFRA	10uM	HS578T	6h	LINCSCP_24957
LINCSCP_54503	0.9983120942	0.03699391766	3	Minoxidil	LSM-2134	ABCC9|KCNJ11|KCNJ8	10uM	SW948	6h	LINCSCP_54503
LINCSCP_191423	-0.9983119166	0.03699586483	3	Wortmannin	LSM-3947	PIK3CA|PIK3CG|PLK1	10uM	A549	24h	LINCSCP_191423
LINCSCP_171211	-0.9983117649	0.0369975272	3	PF-03758309	LSM-4254	PAK4	0.37uM	YAPC	24h	LINCSCP_171211
LINCSCP_236557	-0.9983113417	0.0370021656	3	Piplartine	LSM-42914	NA	10uM	MCF7	24h	LINCSCP_236557
LINCSCP_17388	-0.9983111648	0.03700410427	3	Broad-Sai-686	LSM-45328	NA	0.12uM	HA1E	24h	LINCSCP_17388
LINCSCP_22298	0.9983108249	0.03700782878	3	2-Bromo-n-phenylbenzamide	LSM-2067	NA	10uM	HEPG2	6h	LINCSCP_22298
LINCSCP_25409	0.9983071476	0.03704810067	3	Cyclosporine	LSM-42817	PPIA|PPP3CA	10uM	HT29	24h	LINCSCP_25409
LINCSCP_59031	0.9983065119	0.03705505822	3	Daph	LSM-5309	EGFR	10uM	VCAP	6h	LINCSCP_59031
LINCSCP_39596	-0.9983049972	0.03707163105	3	BAY 61-3606	LSM-1167	SYK	1uM	MDAMB231	6h	LINCSCP_39596
LINCSCP_155279	0.9983044568	0.03707754193	3	179324-69-7	LSM-6281	ADRM1|PSMA1|PSMA2|PSMA3|PSMA4|PSMA5|PSMA6|PSMA7|PSMA8|PSMB1|PSMB10|PSMB11|PSMB2|PSMB3|PSMB4|PSMB5|PSMB6|PSMB7|PSMB8|PSMB9|PSMC1|PSMC2|PSMC3|PSMC4|PSMC5|PSMC6|PSMD1|PSMD11|PSMD12|PSMD13|PSMD14|PSMD2|PSMD3|PSMD4|PSMD6|PSMD7|PSMD8|SEM1	20uM	PC3	24h	LINCSCP_155279
LINCSCP_262182	0.9983036232	0.03708665761	3	Oxantel Embonate	LSM-44971	NA	10uM	NPC	24h	LINCSCP_262182
LINCSCP_128164	0.9983031035	0.03709233974	3	Pazopanib	LSM-1114	CSF1R|FGFR1|FGFR3|FLT1|FLT4|ITK|KDR|KIT|LCK|PDGFRA|PDGFRB	0.12uM	HUES3	24h	LINCSCP_128164
LINCSCP_36971	-0.9983029157	0.03709439328	3	AZD-5438	LSM-1159	CDK1|CDK10|CDK11B|CDK12|CDK13|CDK14|CDK15|CDK16|CDK17|CDK18|CDK19|CDK2|CDK20|CDK3|CDK4|CDK5|CDK6|CDK7|CDK8|CDK9	0.5uM	MCF7	6h	LINCSCP_36971
LINCSCP_51180	-0.9983026156	0.0370976732	3	(S)-Tipifarnib	LSM-6259	NA	10uM	RMUGS	6h	LINCSCP_51180
LINCSCP_60000	-0.9983021732	0.03710250924	3	BRD-K12230293	LSM-7008	NA	5uM	VCAP	24h	LINCSCP_60000
LINCSCP_52871	-0.998301896	0.03710553855	3	CHEMBL59836	LSM-2580	CHRM3	10uM	SKB	24h	LINCSCP_52871
LINCSCP_83277	-0.9983018309	0.03710624956	3	PD-0325901	LSM-1101	MAP2K1|MAP2K2	0.04uM	ASC.C	24h	LINCSCP_83277
LINCSCP_69915	-0.9982980856	0.03714715738	3	SB525334	LSM-1121	TGFBR1	0.37uM	A375	24h	LINCSCP_69915
LINCSCP_101895	-0.9982972833	0.03715591504	3	Pemirolast (BMY 26517) potassium	LSM-45285	NA	0.04uM	HELA	24h	LINCSCP_101895
LINCSCP_107671	-0.9982968417	0.0371607348	3	CC-401	LSM-1186	NA	3.33uM	HELA	24h	LINCSCP_107671
LINCSCP_19472	0.9982958002	0.0371720974	3	Manumycin-A	LSM-43075	FNTA|IKBKB	10uM	HCC515	6h	LINCSCP_19472
LINCSCP_59631	0.9982948517	0.03718244429	3	SA-441145	LSM-37879	NA	5uM	VCAP	24h	LINCSCP_59631
LINCSCP_93986	-0.9982943402	0.03718802181	3	LGX818	LSM-45655	NA	1.11uM	HA1E	24h	LINCSCP_93986
LINCSCP_15150	0.998292567	0.03720735234	3	BDBM50127227	LSM-43025	FNTA|IKBKB	10uM	HA1E	6h	LINCSCP_15150
LINCSCP_214914	0.998292201	0.03721134103	3	Trimetozine	LSM-3176	NA	10uM	HCC515	6h	LINCSCP_214914
LINCSCP_26569	0.9982920609	0.03721286807	3	WYE 125132	LSM-1064	MTOR	10uM	HT29	6h	LINCSCP_26569
LINCSCP_164411	0.9982919045	0.03721457233	3	GSK 1059615	LSM-42799	PIK3CA|PIK3CB|PIK3CD|PIK3CG	3.33uM	SKL.C	24h	LINCSCP_164411
LINCSCP_178366	0.9982888687	0.03724763773	3	CHEMBL1270505	LSM-4166	NA	10uM	A375	6h	LINCSCP_178366
LINCSCP_1065	-0.9982870353	0.03726759312	3	MLS002477158	LSM-1254	NA	10uM	A375	24h	LINCSCP_1065
LINCSCP_78849	0.9982869235	0.0372688096	3	Tolvaptan	LSM-45837	AVPR2	3.33uM	A375	24h	LINCSCP_78849
LINCSCP_7577	-0.9982868526	0.03726958118	3	TCMDC-125843	LSM-2337	NA	10uM	A549	24h	LINCSCP_7577
LINCSCP_218235	-0.9982868397	0.03726972131	3	Dienestrol	LSM-43043	ESR1	0.04uM	HCC515	24h	LINCSCP_218235
LINCSCP_157935	0.9982867215	0.03727100718	3	Selamectin	LSM-44969	NA	10uM	PC3	24h	LINCSCP_157935
LINCSCP_133392	-0.9982860874	0.03727790574	3	Dacomitinib	LSM-42808	EGFR|ERBB2|ERBB3|ERBB4	0.12uM	MCF7	24h	LINCSCP_133392
LINCSCP_67596	-0.9982838313	0.0373024399	3	Mebendazole	LSM-3749	NA	40uM	MCF7	24h	LINCSCP_67596
LINCSCP_47576	-0.9982825974	0.03731585093	3	2-Propen-1-amine, 3-(4-bromophenyl)-n,n-dimethyl-3-(3-pyridinyl)-	LSM-3042	SLC6A4	10uM	PC3	24h	LINCSCP_47576
LINCSCP_82031	-0.9982825232	0.03731665735	3	PD-0325901	LSM-1101	MAP2K1|MAP2K2	0.04uM	A549	24h	LINCSCP_82031
LINCSCP_50939	0.9982817031	0.03732556885	3	Gossypol	LSM-6229	BCL2|BCL2L1|MCL1	10uM	RMGI	6h	LINCSCP_50939
LINCSCP_3318	-0.9982806416	0.03733709969	3	BRD-K65373229	LSM-12414	NA	5uM	A375	24h	LINCSCP_3318
LINCSCP_6360	0.9982786345	0.03735889153	3	MLS-0091943.0001	LSM-42868	NA	10uM	A549	24h	LINCSCP_6360
LINCSCP_254555	0.9982779568	0.03736624751	3	SA-1925996	LSM-42061	NA	3uM	MCF7	6h	LINCSCP_254555
LINCSCP_156122	-0.9982778732	0.03736715417	3	Bitopertin	LSM-45785	NA	3.33uM	PC3	24h	LINCSCP_156122
LINCSCP_139811	-0.9982777143	0.03736887896	3	N-(4-METHOXYPHENYL)-1-PHENYL-1H-PYRAZOL-3-AMINE	LSM-45685	NA	0.04uM	MCF7	24h	LINCSCP_139811
LINCSCP_179795	-0.9982771213	0.03737531358	3	N6-Methyladenosine	LSM-3835	NA	10uM	A375	6h	LINCSCP_179795
LINCSCP_69487	-0.9982764145	0.03738298108	3	GSK-1904529A	LSM-1134	IGF1R|INSR	0.04uM	A375	24h	LINCSCP_69487
LINCSCP_216112	0.9982754682	0.03739324513	3	Salmeterol	LSM-1240	ADRB2	10uM	HCC515	6h	LINCSCP_216112
LINCSCP_8330	-0.9982745632	0.03740305789	3	BRD-K38740852	LSM-10777	NA	5uM	A549	24h	LINCSCP_8330
LINCSCP_160023	-0.9982743628	0.03740523139	3	TCB2	LSM-45588	NA	3.33uM	PC3	24h	LINCSCP_160023
LINCSCP_84182	-0.9982735262	0.0374142996	3	SCHEMBL17378613	LSM-5749	CSF1R	0.12uM	ASC	24h	LINCSCP_84182
LINCSCP_56408	0.9982731327	0.0374185644	3	Dioxybenzone	LSM-2493	NA	10uM	VCAP	24h	LINCSCP_56408
LINCSCP_130003	-0.998271964	0.03743122753	3	Lapatinib	LSM-1051	EGFR|ERBB2	3.33uM	LNCAP	24h	LINCSCP_130003
LINCSCP_144829	-0.9982714154	0.03743717097	3	SB590885	LSM-42746	NA	0.12uM	MDAMB231	24h	LINCSCP_144829
LINCSCP_21209	-0.9982700505	0.03745195284	3	BX-795	LSM-1189	PDK1|PDPK1	10uM	HCT116	6h	LINCSCP_21209
LINCSCP_127835	-0.9982698173	0.03745447684	3	Probenecid	LSM-4140	SLC22A11|SLC22A6|SLC22A8	3.33uM	HT29	24h	LINCSCP_127835
LINCSCP_60002	0.9982679425	0.03747477043	3	BRD-K13653700	LSM-7032	NA	5uM	VCAP	24h	LINCSCP_60002
LINCSCP_91695	-0.998267892	0.03747531718	3	MK-5108	LSM-36812	AURKA|AURKB	0.04uM	HA1E	24h	LINCSCP_91695
LINCSCP_95699	-0.9982661921	0.03749370682	3	MLN9708	LSM-45406	NA	0.37uM	HA1E	24h	LINCSCP_95699
LINCSCP_74400	-0.9982661427	0.03749424111	3	Vardenafil	LSM-2292	PDE5A	1.11uM	A375	24h	LINCSCP_74400
LINCSCP_25984	-0.998265481	0.03750139722	3	3,6-Diphenyl-1,2,4-triazin-5-yl methyl ether	LSM-4108	NA	10uM	HT29	24h	LINCSCP_25984
LINCSCP_83317	-0.9982647236	0.03750958646	3	Infigratinib	LSM-1184	FGFR1|FGFR2|FGFR3|FGFR4	0.04uM	ASC.C	24h	LINCSCP_83317
LINCSCP_177798	-0.9982637526	0.03752008254	3	MLS003429130	LSM-42922	NA	10uM	A375	24h	LINCSCP_177798
LINCSCP_66662	0.9982620816	0.03753813856	3	Trichostatin A, Streptomyces Sp.	LSM-42814	HDAC1|HDAC10|HDAC3|HDAC4|HDAC6|HDAC7|HDAC8	0.5uM	A549	24h	LINCSCP_66662
LINCSCP_290068	-0.9982615981	0.03754336071	3	Bifemelane	LSM-2413	MAOA|MAOB	10uM	VCAP	24h	LINCSCP_290068
LINCSCP_78985	-0.998261294	0.03754664532	3	Diacerein	LSM-5766	IL1B	10uM	A375	24h	LINCSCP_78985
LINCSCP_50282	0.9982603078	0.03755729507	3	Pentamidine	LSM-4540	NA	10uM	PHH	24h	LINCSCP_50282
LINCSCP_142104	-0.998260103	0.03755950626	3	SB743921	LSM-45775	NA	3.33uM	MCF7	24h	LINCSCP_142104
LINCSCP_56879	-0.998260039	0.03756019811	3	BX-795	LSM-1189	PDK1|PDPK1	10uM	VCAP	24h	LINCSCP_56879
LINCSCP_926	0.9982595507	0.03756546928	3	KU0060648	LSM-4935	PIK3CA|PIK3CB|PIK3CD|PRKDC	10uM	A375	6h	LINCSCP_926
LINCSCP_47885	0.9982584403	0.03757745446	3	NCGC00016955-01	LSM-5228	ACE	10uM	PC3	6h	LINCSCP_47885
LINCSCP_56604	0.9982569402	0.03759363863	3	Tadalafil	LSM-4109	PDE11A|PDE5A	10uM	VCAP	6h	LINCSCP_56604
LINCSCP_49646	0.9982567057	0.03759616831	3	Broad-Sai-045	LSM-45330	NA	3.33uM	PC3	24h	LINCSCP_49646
LINCSCP_155724	0.9982560475	0.03760326759	3	179324-69-7	LSM-6281	ADRM1|PSMA1|PSMA2|PSMA3|PSMA4|PSMA5|PSMA6|PSMA7|PSMA8|PSMB1|PSMB10|PSMB11|PSMB2|PSMB3|PSMB4|PSMB5|PSMB6|PSMB7|PSMB8|PSMB9|PSMC1|PSMC2|PSMC3|PSMC4|PSMC5|PSMC6|PSMD1|PSMD11|PSMD12|PSMD13|PSMD14|PSMD2|PSMD3|PSMD4|PSMD6|PSMD7|PSMD8|SEM1	20uM	PC3	24h	LINCSCP_155724
LINCSCP_26031	-0.9982555177	0.0376089802	3	MLS001065868	LSM-4020	NA	10uM	HT29	6h	LINCSCP_26031
LINCSCP_63029	0.998253232	0.0376336182	3	BRD-K42411085	LSM-39607	NA	5uM	VCAP	24h	LINCSCP_63029
LINCSCP_33148	-0.9982529799	0.0376363339	3	Mevastatin	LSM-4123	HMGCR	10uM	MCF7	24h	LINCSCP_33148
LINCSCP_128333	-0.9982525126	0.03764136901	3	Amuvatinib	LSM-1118	FLT3|KIT|MET|PDGFRA	0.04uM	HUVEC	24h	LINCSCP_128333
LINCSCP_54251	0.9982514281	0.0376530504	3	AZD7545	LSM-6250	NA	20uM	SW620	6h	LINCSCP_54251
LINCSCP_142263	-0.9982512198	0.03765529376	3	ACEXAMIC ACID	LSM-45740	NA	0.12uM	MCF7	24h	LINCSCP_142263
LINCSCP_160	0.9982502609	0.03766561974	3	Tubocurarine	LSM-4245	CHRNA1|CHRNA2|CHRNB1|CHRND|CHRNE|CHRNG|HTR3A	10uM	A375	6h	LINCSCP_160
LINCSCP_100588	-0.9982489613	0.03767960838	3	Entinostat	LSM-4811	HDAC1|HDAC10|HDAC11|HDAC2|HDAC3|HDAC4|HDAC5|HDAC6|HDAC7|HDAC8|HDAC9	1.11uM	HCC515	24h	LINCSCP_100588
LINCSCP_153356	-0.9982487963	0.03768138435	3	Lenalidomide	LSM-6187	CRBN|CUL4A|DDB1|RBX1|TNF	1.11uM	PC3	24h	LINCSCP_153356
LINCSCP_13750	-0.9982478043	0.03769205873	3	UNII-EE9FJW53Z2	LSM-3437	NA	10uM	HA1E	24h	LINCSCP_13750
LINCSCP_81360	-0.9982469939	0.03770077682	3	Trametinib	LSM-1143	MAP2K1|MAP2K2	1.11uM	A549	24h	LINCSCP_81360
LINCSCP_39040	0.9982467271	0.03770364678	3	Tozasertib	LSM-1021	ABL1|AURKA|AURKB|AURKC|BCR|FLT3|JAK2	0.1uM	MDAMB231	24h	LINCSCP_39040
LINCSCP_28353	-0.9982462779	0.03770847711	3	BRD-K38024133	LSM-39359	NA	10uM	HT29	24h	LINCSCP_28353
LINCSCP_21746	0.9982455672	0.03771611941	3	N9-Isopropylolomoucine	LSM-3607	CDK1|CDK5	100uM	HEPG2	6h	LINCSCP_21746
LINCSCP_75410	-0.9982451924	0.03772014948	3	Vinburnine	LSM-2891	NA	6.79uM	A375	24h	LINCSCP_75410
LINCSCP_76835	-0.9982445713	0.03772682604	3	Tipifarnib	LSM-6258	CHURC1-FNTB|FNTA|FNTB	3.33uM	A375	24h	LINCSCP_76835
LINCSCP_19088	-0.998243593	0.03773734064	3	Cycloheximide	LSM-2791	RPL3	10uM	HCC515	6h	LINCSCP_19088
LINCSCP_130447	0.9982430017	0.03774369429	3	SCHEMBL3954849	LSM-5982	NA	3.33uM	MCF10A	24h	LINCSCP_130447
LINCSCP_248441	-0.998241813	0.03775646297	3	BRD-K46092809	LSM-39825	NA	5uM	MCF7	24h	LINCSCP_248441
LINCSCP_73218	-0.998241583	0.03775893347	3	Pidotimod	LSM-5556	NA	10uM	A375	24h	LINCSCP_73218
LINCSCP_21055	-0.9982407712	0.03776765124	3	Iniparib	LSM-6317	PARP1	0.01uM	HCC515	6h	LINCSCP_21055
LINCSCP_28126	0.9982390507	0.03778611981	3	BRD-K44242139	LSM-39708	NA	5uM	HT29	24h	LINCSCP_28126
LINCSCP_155278	0.9982382173	0.03779506344	3	179324-69-7	LSM-6281	ADRM1|PSMA1|PSMA2|PSMA3|PSMA4|PSMA5|PSMA6|PSMA7|PSMA8|PSMB1|PSMB10|PSMB11|PSMB2|PSMB3|PSMB4|PSMB5|PSMB6|PSMB7|PSMB8|PSMB9|PSMC1|PSMC2|PSMC3|PSMC4|PSMC5|PSMC6|PSMD1|PSMD11|PSMD12|PSMD13|PSMD14|PSMD2|PSMD3|PSMD4|PSMD6|PSMD7|PSMD8|SEM1	20uM	PC3	24h	LINCSCP_155278
LINCSCP_149282	-0.9982365161	0.03781331122	3	Rigosertib	LSM-44531	CDK1|F2R|FLT1|FYN|PDGFRA|PLK1|PLK2|SRC	0.04uM	NPC	24h	LINCSCP_149282
LINCSCP_51231	-0.9982361283	0.03781746994	3	N-[4-(1-Benzoylpiperidin-4-yl)butyl]-3-pyridin-3-ylpropanamide	LSM-6279	NA	0.5uM	RMUGS	6h	LINCSCP_51231
LINCSCP_113306	-0.9982349775	0.03782980889	3	CHIR-99021	LSM-1181	NA	0.04uM	HME1	24h	LINCSCP_113306
LINCSCP_235596	0.9982348256	0.03783143655	3	Thioridazine	LSM-1863	DRD1|DRD2|DRD3|DRD4|HTR2A|HTR2C	0.5uM	MCF7	24h	LINCSCP_235596
LINCSCP_123923	-0.9982342044	0.03783809524	3	Cilostazol	LSM-3491	PDE3A	10uM	HT29	24h	LINCSCP_123923
LINCSCP_163630	0.9982336651	0.03784387428	3	CHEMBL2136735	LSM-1152	FGFR1|FGFR3|FLT1|FLT4|KDR|PDGFRA|PDGFRB	10uM	SKBR3	24h	LINCSCP_163630
LINCSCP_225743	0.9982333244	0.03784752534	3	Etomidate	LSM-37126	GABRA1|GABRA2|GABRA3|GABRA4|GABRA5|GABRA6|GABRB1|GABRB2|GABRB3|GABRD|GABRE|GABRG1|GABRG2|GABRG3|GABRP|GABRQ	10uM	HT29	6h	LINCSCP_225743
LINCSCP_25750	-0.9982320935	0.03786071173	3	PNU-74654	LSM-44945	CTNNB1|TCF4	80uM	HT29	6h	LINCSCP_25750
LINCSCP_14042	-0.9982313022	0.03786918611	3	LY 303511	LSM-2497	BRD2|BRD3|BRD4	10uM	HA1E	24h	LINCSCP_14042
LINCSCP_89326	0.9982309671	0.0378727743	3	PIMAGEDINE HYDROCHLORIDE	LSM-45273	NA	0.04uM	HA1E	24h	LINCSCP_89326
LINCSCP_47048	0.9982308827	0.0378736783	3	Plinabulin	LSM-43250	TUBA1A|TUBA1B|TUBA1C|TUBA3E|TUBA4A|TUBB|TUBB1|TUBB2A|TUBB2B|TUBB3|TUBB4A|TUBB4B|TUBB6|TUBB8	10uM	PC3	6h	LINCSCP_47048
LINCSCP_32294	-0.9982300874	0.03788219268	3	BAS 01037725	LSM-4495	NA	10uM	MCF7	6h	LINCSCP_32294
LINCSCP_35788	0.9982290259	0.03789355378	3	Wortmannin	LSM-3947	PIK3CA|PIK3CG|PLK1	3uM	MCF7	6h	LINCSCP_35788
LINCSCP_107432	-0.9982287327	0.03789669193	3	BI-2536	LSM-1041	PLK1	0.04uM	HELA	24h	LINCSCP_107432
LINCSCP_58870	-0.9982283686	0.03790058717	3	BRD-K34387287	LSM-6106	NA	10uM	VCAP	24h	LINCSCP_58870
LINCSCP_67637	0.9982280037	0.03790449215	3	13-Hydroxy-8,14,19-trimethoxy-4,10,12,16-tetramethyl-3,20,22-trioxo-2-azabicyclo[16.3.1]docosa-1(21),4,6,10,18-pentaen-9-yl carbamate	LSM-42815	HSP90AA1	10uM	MCF7	6h	LINCSCP_67637
LINCSCP_73456	-0.9982274441	0.03791047832	3	SU-11652	LSM-43098	KDR|PDGFRB	3.33uM	A375	24h	LINCSCP_73456
LINCSCP_95223	-0.9982265998	0.03791950834	3	RO4987655	LSM-45489	MAP2K1|MAP2K2	3.33uM	HA1E	24h	LINCSCP_95223
LINCSCP_132571	-0.9982251601	0.03793490185	3	GW843682X	LSM-1014	PLK1|PLK3	1.11uM	MCF7	24h	LINCSCP_132571
LINCSCP_22620	0.9982237017	0.03795048877	3	VX-745	LSM-1169	MAPK14	10uM	HEPG2	6h	LINCSCP_22620
LINCSCP_37207	-0.9982235664	0.03795193484	3	CHEMBL2144678	LSM-42435	NA	1uM	MCF7	6h	LINCSCP_37207
LINCSCP_99753	-0.9982232262	0.03795556944	3	GSK-3 Inhibitor IX	LSM-42780	NA	0.37uM	HCC515	24h	LINCSCP_99753
LINCSCP_164264	-0.9982224275	0.03796410199	3	CHEMBL3182395	LSM-1164	MAP2K5|MAPK7	0.12uM	SKL.C	24h	LINCSCP_164264
LINCSCP_6807	-0.9982223346	0.03796509438	3	Nefopam	LSM-1811	NA	10uM	A549	24h	LINCSCP_6807
LINCSCP_42522	-0.9982222467	0.03796603378	3	SPECTRUM2_000920	LSM-1590	NA	10uM	NPC	24h	LINCSCP_42522
LINCSCP_44228	0.998221732	0.0379715306	3	Flufenamic acid	LSM-2973	AKR1C3|AR|PTGS1|PTGS2	10uM	PC3	24h	LINCSCP_44228
LINCSCP_129719	-0.9982204411	0.03798531482	3	Infigratinib	LSM-1184	FGFR1|FGFR2|FGFR3|FGFR4	0.12uM	JURKAT	24h	LINCSCP_129719
LINCSCP_34887	-0.9982204224	0.03798551442	3	BRD-K24769439	LSM-9933	NA	5uM	MCF7	24h	LINCSCP_34887
LINCSCP_163257	0.9982203248	0.03798655614	3	LDN 193189	LSM-1115	ACVR1|BMPR1A	0.12uM	SKBR3	3h	LINCSCP_163257
LINCSCP_12050	0.9982200709	0.03798926718	3	Alvocidib	LSM-1011	CDK1|CDK2|CDK4|CDK5|CDK6|CDK7|CDK8|CDK9|EGFR|PYGM	0.1uM	BT20	6h	LINCSCP_12050
LINCSCP_90739	0.9982199154	0.03799092691	3	Ergothioneine	LSM-45829	NA	0.04uM	HA1E	24h	LINCSCP_90739
LINCSCP_22412	-0.998219176	0.03799881795	3	BRD-K72381041	LSM-41194	NA	10uM	HEPG2	6h	LINCSCP_22412
LINCSCP_95181	-0.9982189052	0.0380017078	3	179324-69-7	LSM-6281	ADRM1|PSMA1|PSMA2|PSMA3|PSMA4|PSMA5|PSMA6|PSMA7|PSMA8|PSMB1|PSMB10|PSMB11|PSMB2|PSMB3|PSMB4|PSMB5|PSMB6|PSMB7|PSMB8|PSMB9|PSMC1|PSMC2|PSMC3|PSMC4|PSMC5|PSMC6|PSMD1|PSMD11|PSMD12|PSMD13|PSMD14|PSMD2|PSMD3|PSMD4|PSMD6|PSMD7|PSMD8|SEM1	20uM	HA1E	24h	LINCSCP_95181
LINCSCP_132893	-0.9982186607	0.03800431777	3	rifampicin	NA	NA	10uM	MCF7	24h	LINCSCP_132893
LINCSCP_309744	0.9982185879	0.03800509462	3	BRD-K23073505	LSM-38524	NA	30uM	VCAP	24h	LINCSCP_309744
LINCSCP_146742	-0.9982178888	0.03801255337	3	Olaparib	LSM-1145	PARP1|PARP2|PARP3	10uM	NEU	24h	LINCSCP_146742
LINCSCP_110654	-0.9982174359	0.03801738439	3	Pyrilamine	LSM-4206	HRH1	3.33uM	HELA	24h	LINCSCP_110654
LINCSCP_67955	0.9982173423	0.03801838302	3	Vorinostat	LSM-3828	HDAC1|HDAC2|HDAC3|HDAC6|HDAC8	10uM	PC3	24h	LINCSCP_67955
LINCSCP_87002	0.998216715	0.0380250736	3	Dasatinib	LSM-1020	ABL1|BCR|BLK|EPHA2|FGR|FRK|FYN|HCK|KIT|LCK|LYN|PDGFRB|SRC|SRMS|YES1	1.11uM	CD34	24h	LINCSCP_87002
LINCSCP_137190	-0.9982161902	0.03803066921	3	5-(6-Aminopurin-9-yl)-2-methyltetrahydrofuran-3-ol	LSM-4354	NA	10uM	MCF7	24h	LINCSCP_137190
LINCSCP_81389	-0.9982123677	0.03807140726	3	GW843682X	LSM-1014	PLK1|PLK3	3.33uM	A549	24h	LINCSCP_81389
LINCSCP_263902	-0.9982121216	0.03807402925	3	Decitabine	LSM-5855	DNMT1|DNMT3A	10uM	NPC	24h	LINCSCP_263902
LINCSCP_129594	-0.9982113103	0.03808266949	3	BMS-777607	LSM-1144	AXL|MERTK|MET|MST1R|TYRO3	0.04uM	JURKAT	24h	LINCSCP_129594
LINCSCP_150331	-0.9982108638	0.03808742344	3	Aurora A Inhibitor I	LSM-1065	AURKA	0.37uM	NPC.TAK	24h	LINCSCP_150331
LINCSCP_90814	-0.9982107417	0.03808872358	3	179324-69-7	LSM-6281	ADRM1|PSMA1|PSMA2|PSMA3|PSMA4|PSMA5|PSMA6|PSMA7|PSMA8|PSMB1|PSMB10|PSMB11|PSMB2|PSMB3|PSMB4|PSMB5|PSMB6|PSMB7|PSMB8|PSMB9|PSMC1|PSMC2|PSMC3|PSMC4|PSMC5|PSMC6|PSMD1|PSMD11|PSMD12|PSMD13|PSMD14|PSMD2|PSMD3|PSMD4|PSMD6|PSMD7|PSMD8|SEM1	20uM	HA1E	24h	LINCSCP_90814
LINCSCP_16883	-0.9982097795	0.03809896678	3	BRD-K76999748	LSM-41478	NA	10uM	HA1E	6h	LINCSCP_16883
LINCSCP_143327	-0.998209682	0.03810000444	3	Metoclopramide	LSM-3689	DRD2|HTR3A|HTR4	10uM	MCF7	24h	LINCSCP_143327
LINCSCP_145755	0.9982096702	0.0381001304	3	SCHEMBL17052537	LSM-5803	BTK|JAK3|MKNK2|MTOR|PRKDC	1.11uM	MDAMB231	3h	LINCSCP_145755
LINCSCP_88140	0.9982087408	0.03811002095	3	CHEMBL585951	LSM-36386	MAPK8	10uM	HA1E	24h	LINCSCP_88140
LINCSCP_131158	-0.998208134	0.03811647747	3	GW843682X	LSM-1014	PLK1|PLK3	10uM	MCF10A	24h	LINCSCP_131158
LINCSCP_64837	0.9982080833	0.03811701646	3	YK 4-279	LSM-4933	DHX9|FLI1	0.5uM	VCAP	24h	LINCSCP_64837
LINCSCP_48145	-0.998207597	0.03812219058	3	BRD-K31302860	LSM-14789	NA	5uM	PC3	24h	LINCSCP_48145
LINCSCP_161262	0.9982075674	0.03812250501	3	Leflunomide	LSM-3771	DHODH	0.12uM	PC3	24h	LINCSCP_161262
LINCSCP_84569	0.9982074274	0.03812399418	3	Mocetinostat	LSM-5344	HDAC1|HDAC11|HDAC2|HDAC3|HDAC8	0.37uM	ASC	24h	LINCSCP_84569
LINCSCP_212379	-0.9982071269	0.03812718999	3	Chlorambucil	LSM-2645	NA	20uM	HA1E	6h	LINCSCP_212379
LINCSCP_60688	0.9982063513	0.03813543873	3	MLS003129281	LSM-7481	NA	5uM	VCAP	6h	LINCSCP_60688
LINCSCP_297459	-0.9982059807	0.03813937982	3	MLS003129073	LSM-7792	NA	5uM	VCAP	24h	LINCSCP_297459
LINCSCP_8268	-0.9982051641	0.03814806092	3	BRD-K92455082	LSM-14984	NA	5uM	A549	24h	LINCSCP_8268
LINCSCP_49536	0.9982048171	0.03815174949	3	CHEMBL2143628	LSM-6855	NA	1.11uM	PC3	24h	LINCSCP_49536
LINCSCP_85804	0.9982036783	0.03816385309	3	AZD-8055	LSM-1007	MTOR	0.12uM	BT20	24h	LINCSCP_85804
LINCSCP_153562	-0.9982034196	0.03816660203	3	Dextromethorphan	LSM-2726	GRIN2A|SIGMAR1|SLC6A4	0.12uM	PC3	24h	LINCSCP_153562
LINCSCP_155358	0.9982027958	0.03817322931	3	Alprostadil	LSM-42979	PTGER1|PTGER2	0.37uM	PC3	24h	LINCSCP_155358
LINCSCP_171631	-0.9982004213	0.03819844562	3	Pasireotide (ditrifluoroacetate)	LSM-45412	NA	0.04uM	YAPC	24h	LINCSCP_171631
LINCSCP_259565	0.9982001177	0.03820166873	3	Clorgiline	LSM-5808	MAOA	10uM	NEU	24h	LINCSCP_259565
LINCSCP_116384	0.9981994909	0.03820832246	3	Apitolisib (gdc-0980, rg7422)	LSM-4257	PIK3CA|PIK3CB|PIK3CD|PIK3CG|MTOR	0.04uM	HT29	24h	LINCSCP_116384
LINCSCP_27233	0.9981983033	0.0382209247	3	CHEMBL2360506	LSM-6783	NA	10uM	HT29	6h	LINCSCP_27233
LINCSCP_39152	-0.9981975238	0.03822919457	3	GSK-3 Inhibitor IX	LSM-42780	GSK3A|GSK3B	0.1uM	MDAMB231	6h	LINCSCP_39152
LINCSCP_9142	-0.998197066	0.03823405049	3	4,11-Diethyl-4,9-dihydroxy-1H-pyrano[3',4':6,7]indolizino[1,2-b]quinoline-3,14(4H,12H)-dione	LSM-6189	TOP1	10uM	A549	24h	LINCSCP_9142
LINCSCP_70413	0.9981961516	0.03824374714	3	amcinonide	NA	NA	1.11uM	A375	24h	LINCSCP_70413
LINCSCP_85675	0.9981959384	0.03824600832	3	PIK-93	LSM-1191	NA	3.33uM	BT20	3h	LINCSCP_85675
LINCSCP_23135	0.9981958184	0.03824728103	3	4,6-Dimethyl-n-phenylquinolin-2-amine	LSM-4902	NA	10uM	HEPG2	6h	LINCSCP_23135
LINCSCP_18210	0.998195041	0.0382555223	3	Digoxigenin	LSM-2405	NA	10uM	HCC515	24h	LINCSCP_18210
LINCSCP_153540	0.9981949345	0.03825665131	3	Vanoxerine	LSM-2703	SLC6A3	10uM	PC3	24h	LINCSCP_153540
LINCSCP_48556	-0.9981943323	0.03826303406	3	BRD-K63455741	LSM-40744	NA	10uM	PC3	24h	LINCSCP_48556
LINCSCP_86069	-0.9981935509	0.03827131509	3	noscapine	NA	NA	0.04uM	BT20	24h	LINCSCP_86069
LINCSCP_158299	-0.9981918224	0.03828962658	3	Risperidone	LSM-3193	ADRA1A|ADRA1B|DRD2|DRD3|DRD4|HRH1|HTR1A|HTR1D|HTR2A|HTR2C	0.12uM	PC3	24h	LINCSCP_158299
LINCSCP_14033	-0.9981916833	0.03829109904	3	ZM-241385	LSM-2444	ADORA1|ADORA2A|ADORA2B	10uM	HA1E	24h	LINCSCP_14033
LINCSCP_21873	0.9981911635	0.03829660377	3	VU0413243-1	LSM-2972	NA	10uM	HEPG2	6h	LINCSCP_21873
LINCSCP_48199	-0.9981911467	0.03829678149	3	BRD-K66123981	LSM-40881	NA	5uM	PC3	24h	LINCSCP_48199
LINCSCP_50644	-0.9981905818	0.03830276301	3	NSC95397	LSM-3521	NA	10uM	PL21	6h	LINCSCP_50644
LINCSCP_47420	0.9981895158	0.03831404745	3	Heliomycin	LSM-5729	NA	10uM	PC3	6h	LINCSCP_47420
LINCSCP_3995	0.9981887734	0.03832190491	3	Broad-Sai-045	LSM-45330	NA	10uM	A375	24h	LINCSCP_3995
LINCSCP_10677	-0.9981887701	0.03832193957	3	CHEMDIV1_016684	LSM-6453	NA	10uM	ASC	24h	LINCSCP_10677
LINCSCP_189179	0.9981875884	0.03833444216	3	SCH-23390	LSM-3005	DRD1|DRD5|HTR2C	10uM	A549	6h	LINCSCP_189179
LINCSCP_149663	-0.998187396	0.03833647836	3	KW-2449	LSM-42803	ABL1|AURKA|AURKB|FLT3	0.04uM	NPC.TAK	24h	LINCSCP_149663
LINCSCP_75609	0.9981868884	0.03834184665	3	Dexniguldipine	LSM-15285	NA	3.33uM	A375	24h	LINCSCP_75609
LINCSCP_2809	-0.9981858757	0.03835255649	3	Ivachtin	LSM-3438	CASP3	10uM	A375	6h	LINCSCP_2809
LINCSCP_2375	-0.9981846672	0.03836533224	3	Flupirtine	LSM-5616	KCNQ1|KCNQ2	10uM	A375	6h	LINCSCP_2375
LINCSCP_82126	0.9981837049	0.03837550343	3	(R)-(-)-Jq1 enantiomer	LSM-6333	NA	10uM	A549	24h	LINCSCP_82126
LINCSCP_27517	0.9981832269	0.03838055428	3	BRD-K41173255	LSM-10933	NA	5uM	HT29	24h	LINCSCP_27517
LINCSCP_206910	0.9981791849	0.03842323863	3	BM 5	LSM-36899	NA	10uM	FIBRNPC	24h	LINCSCP_206910
LINCSCP_123462	0.998179118	0.0384239448	3	SPECTRUM_001873	LSM-6457	NA	10uM	HT29	24h	LINCSCP_123462
LINCSCP_6661	-0.9981779455	0.03843631735	3	HMN-214	LSM-42802	CSF1R|FLT1|FLT3|FLT4|KDR|KIT|PDGFRB|RET	10uM	A549	6h	LINCSCP_6661
LINCSCP_145985	-0.9981770594	0.0384456644	3	rifampicin	NA	NA	0.04uM	MDAMB231	3h	LINCSCP_145985
LINCSCP_67957	0.9981750817	0.03846651999	3	Wortmannin	LSM-3947	PIK3CA|PIK3CG|PLK1	10uM	PC3	6h	LINCSCP_67957
LINCSCP_20915	-0.9981748031	0.03846945733	3	CHEMBL2381524	LSM-44612	NA	10uM	HCC515	24h	LINCSCP_20915
LINCSCP_25674	-0.9981747227	0.0384703048	3	Teniposide	LSM-1483	TOP2A	1uM	HT29	6h	LINCSCP_25674
LINCSCP_29084	-0.9981736321	0.03848179984	3	PG 490	LSM-6185	NA	0.1uM	JHUEM2	6h	LINCSCP_29084
LINCSCP_48097	-0.9981694296	0.03852606103	3	AC1MFWN2	LSM-36925	NA	1uM	PC3	6h	LINCSCP_48097
LINCSCP_19441	-0.9981678102	0.03854310343	3	Pifithrin MU	LSM-4188	HSPA1A|TP53	10uM	HCC515	24h	LINCSCP_19441
LINCSCP_73182	-0.998167523	0.03854612482	3	Lacidipine	LSM-46031	NA	1.11uM	A375	24h	LINCSCP_73182
LINCSCP_10608	-0.9981670993	0.03855058225	3	Pevonedistat	LSM-6263	NAE1|UBA3	10uM	AGS	6h	LINCSCP_10608
LINCSCP_155233	-0.9981661057	0.03856103326	3	Niclosamide	LSM-2787	STAT3	0.12uM	PC3	24h	LINCSCP_155233
LINCSCP_164829	0.998165209	0.03857046215	3	Ischemin	LSM-6336	NA	0.37uM	SKL.C	24h	LINCSCP_164829
LINCSCP_271094	0.9981647619	0.03857516343	3	13-Hydroxy-8,14,19-trimethoxy-4,10,12,16-tetramethyl-3,20,22-trioxo-2-azabicyclo[16.3.1]docosa-1(21),4,6,10,18-pentaen-9-yl carbamate	LSM-42815	HSP90AA1	10uM	PC3	24h	LINCSCP_271094
LINCSCP_73779	-0.9981641751	0.0385813312	3	Elacridar	LSM-45579	NA	10uM	A375	24h	LINCSCP_73779
LINCSCP_70194	0.9981640687	0.03858244959	3	Entinostat	LSM-4811	HDAC1|HDAC10|HDAC11|HDAC2|HDAC3|HDAC4|HDAC5|HDAC6|HDAC7|HDAC8|HDAC9	0.37uM	A375	24h	LINCSCP_70194
LINCSCP_109257	0.9981635578	0.038587819	3	Dorzolamide HCL	LSM-45672	NA	10uM	HELA	24h	LINCSCP_109257
LINCSCP_15484	-0.9981633817	0.03858967032	3	Nicardipine	LSM-1418	CACNA1C|CACNA1D|CACNA1F|CACNA1S	10uM	HA1E	6h	LINCSCP_15484
LINCSCP_290000	-0.9981631235	0.03859238362	3	Scopolamine	LSM-1684	CHRM1|CHRM2|CHRM3|CHRM4	10uM	VCAP	24h	LINCSCP_290000
LINCSCP_113503	0.9981623401	0.0386006141	3	PI-103	LSM-1126	MTOR|PIK3CA|PIK3CB|PIK3CD|PIK3CG	0.12uM	HME1	3h	LINCSCP_113503
LINCSCP_60942	-0.9981607457	0.03861736142	3	BRD-K89432015	LSM-13939	NA	5uM	VCAP	24h	LINCSCP_60942
LINCSCP_65685	-0.9981602394	0.03862267806	3	BRD-K70638773	LSM-41112	NA	10uM	VCAP	24h	LINCSCP_65685
LINCSCP_70526	-0.9981600792	0.03862436054	3	301836-43-1	LSM-1203	CSNK1A1|TGFB1	1.11uM	A375	24h	LINCSCP_70526
LINCSCP_120026	0.998159664	0.03862871896	3	GDC-0980 (RG7422)	LSM-45720	MTOR|PIK3CA|PIK3CB|PIK3CD|PIK3CG|PIK3R1|PIK3R2|PIK3R3|PIK3R5	1.11uM	HT29	24h	LINCSCP_120026
LINCSCP_18070	0.9981591508	0.03863410598	3	SU-6656	LSM-42805	LYN	10uM	HCC515	24h	LINCSCP_18070
LINCSCP_100107	0.9981582662	0.03864339072	3	Tivozanib	LSM-1005	FLT1|FLT4|KDR|KIT|PDGFRA|PDGFRB	0.04uM	HCC515	24h	LINCSCP_100107
LINCSCP_87615	-0.9981553821	0.03867364498	3	Mitoxantrone	LSM-2481	TOP2A	0.12uM	HA1E	24h	LINCSCP_87615
LINCSCP_111014	-0.9981549539	0.03867813568	3	Asenapine maleate	LSM-45575	NA	3.33uM	HELA	24h	LINCSCP_111014
LINCSCP_9435	-0.9981541932	0.03868611034	3	Gemcitabine	LSM-5333	POLA1|POLD1|POLE|RRM1|RRM2|RRM2B	0.001uM	A549	24h	LINCSCP_9435
LINCSCP_281480	-0.9981533651	0.03869479059	3	CHEMBL1612418	LSM-4618	NA	10uM	PHH	24h	LINCSCP_281480
LINCSCP_260088	0.9981528843	0.03869982875	3	13-Cis-retinol	LSM-43174	RXRA|RXRB|RXRG	10uM	NEU	6h	LINCSCP_260088
LINCSCP_94604	-0.998151821	0.03871096955	3	Diclofensine (hydrochloride)	LSM-45632	NA	10uM	HA1E	24h	LINCSCP_94604
LINCSCP_25864	0.9981517911	0.03871128212	3	CHEMBL1406616	LSM-1551	NA	10uM	HT29	24h	LINCSCP_25864
LINCSCP_155320	-0.9981505901	0.03872386164	3	Esculin	LSM-45981	NA	3.33uM	PC3	24h	LINCSCP_155320
LINCSCP_2398	-0.9981497103	0.03873307467	3	AS604850	LSM-43222	PIK3CG	10uM	A375	6h	LINCSCP_2398
LINCSCP_50761	-0.9981496617	0.03873358401	3	Minoxidil	LSM-2134	ABCC9|KCNJ11|KCNJ8	10uM	RKO	6h	LINCSCP_50761
LINCSCP_8538	-0.9981471575	0.03875979347	3	BRD-K64513711	LSM-12367	NA	5uM	A549	24h	LINCSCP_8538
LINCSCP_87792	0.9981457679	0.03877432934	3	Apitolisib (gdc-0980, rg7422)	LSM-4257	PIK3CA|PIK3CB|PIK3CD|PIK3CG|MTOR	0.37uM	HA1E	24h	LINCSCP_87792
LINCSCP_291945	-0.998144979	0.03878257975	3	MLS001065825	LSM-3478	NA	10uM	VCAP	24h	LINCSCP_291945
LINCSCP_113221	-0.9981446318	0.03878621032	3	THZ-2-98-01	LSM-44946	NA	0.37uM	HME1	24h	LINCSCP_113221
LINCSCP_114227	0.9981438563	0.038794318	3	Epigalocatechin Gallate	LSM-5661	FASN	10uM	HME1	24h	LINCSCP_114227
LINCSCP_76305	-0.9981429913	0.03880335897	3	CARGLUMIC ACID	LSM-45453	CPS1	0.37uM	A375	24h	LINCSCP_76305
LINCSCP_1289	-0.9981426894	0.03880651361	3	MLS002703103	LSM-2207	NA	10uM	A375	6h	LINCSCP_1289
LINCSCP_48922	-0.9981426325	0.03880710835	3	BRD-K13943990	LSM-37981	NA	10uM	PC3	24h	LINCSCP_48922
LINCSCP_74406	-0.9981402033	0.03883248538	3	MK-0812	LSM-45856	NA	1.11uM	A375	24h	LINCSCP_74406
LINCSCP_38238	0.9981389685	0.03884537868	3	PD-407824	LSM-3862	NA	10uM	MCF7	24h	LINCSCP_38238
LINCSCP_98942	-0.9981387245	0.03884792629	3	Tanaproget	LSM-45780	NA	10uM	HA1E	24h	LINCSCP_98942
LINCSCP_47129	-0.9981380671	0.0388547879	3	BRD-K58191509	LSM-40452	NA	10uM	PC3	24h	LINCSCP_47129
LINCSCP_31820	-0.9981375954	0.03885971049	3	Duloxetine	LSM-3591	SLC6A2|SLC6A3|SLC6A4	10uM	MCF7	6h	LINCSCP_31820
LINCSCP_20499	0.9981370213	0.03886570199	3	BI 78D3	LSM-5817	MAPK8	10uM	HCC515	6h	LINCSCP_20499
LINCSCP_131657	-0.9981355947	0.03888058393	3	GSK-1904529A	LSM-1134	IGF1R|INSR	0.04uM	MCF10A	3h	LINCSCP_131657
LINCSCP_157454	-0.9981346376	0.03889056575	3	Fidaxomicin	LSM-45998	NA	0.37uM	PC3	24h	LINCSCP_157454
LINCSCP_136050	-0.9981345264	0.03889172515	3	Naringenin	LSM-1927	CYP19A1|ESR2	0.12uM	MCF7	24h	LINCSCP_136050
LINCSCP_114441	-0.9981341116	0.03889605099	3	PF-03758309	LSM-4254	PAK4	3.33uM	HME1	24h	LINCSCP_114441
LINCSCP_157088	-0.9981340946	0.03889622779	3	Camptothecin	LSM-4611	TOP1	1.11uM	PC3	24h	LINCSCP_157088
LINCSCP_6320	-0.9981333152	0.03890435347	3	H7	LSM-5082	NA	10uM	A549	24h	LINCSCP_6320
LINCSCP_7826	0.9981321719	0.03891626882	3	CHEMBL2130683	LSM-39210	NA	10uM	A549	24h	LINCSCP_7826
LINCSCP_74698	0.9981316421	0.03892178903	3	Dronedarone HCl	LSM-45428	CACNA1C|CACNA1D|CACNA1F|CACNA1S|HCN4|KCNJ2|SCN10A|SCN11A|SCN1A|SCN2A|SCN3A|SCN4A|SCN5A|SCN7A|SCN8A|SCN9A	0.04uM	A375	24h	LINCSCP_74698
LINCSCP_29118	0.9981314561	0.03892372705	3	Dactolisib	LSM-4255	MTOR|PIK3CA|PIK3CB|PIK3CD|PIK3CG|PIK3R1|PIK3R2|PIK3R3|PIK3R5	0.5uM	JHUEM2	6h	LINCSCP_29118
LINCSCP_97804	-0.9981309371	0.03892913457	3	Fluspirilene	LSM-3748	DRD2|HTR2A	10uM	HA1E	24h	LINCSCP_97804
LINCSCP_33956	0.9981303844	0.03893489121	3	CHEMBL2135649	LSM-42661	NA	10uM	MCF7	24h	LINCSCP_33956
LINCSCP_159446	0.9981297459	0.03894154103	3	Ttnpb	LSM-43006	RARB	10uM	PC3	24h	LINCSCP_159446
LINCSCP_134185	-0.9981291851	0.03894738158	3	HMN-214	LSM-42802	CSF1R|FLT1|FLT3|FLT4|KDR|KIT|PDGFRB|RET	0.12uM	MCF7	24h	LINCSCP_134185
LINCSCP_45543	-0.9981279279	0.03896046901	3	CHEMBL3188110	LSM-3926	NA	10uM	PC3	24h	LINCSCP_45543
LINCSCP_292070	-0.9981272831	0.03896718099	3	KUC104236N	LSM-2305	NA	10uM	VCAP	6h	LINCSCP_292070
LINCSCP_65061	0.9981263593	0.03897679403	3	BRD-K74506886	LSM-15052	NA	10uM	VCAP	6h	LINCSCP_65061
LINCSCP_19498	-0.9981262559	0.03897786912	3	GW 405833	LSM-2217	CNR2	40uM	HCC515	6h	LINCSCP_19498
LINCSCP_76040	0.9981248989	0.03899198543	3	UNII-CVL1685GPH	LSM-36356	NA	1.11uM	A375	24h	LINCSCP_76040
LINCSCP_140483	-0.9981245021	0.03899611264	3	Lodoxamide	LSM-45990	NA	10uM	MCF7	24h	LINCSCP_140483
LINCSCP_18044	-0.998124466	0.03899648739	3	9-Octadecenamide,n-[(4-hydroxy-3-methoxyphenyl)methyl]-	LSM-3941	CNR1|TRPV1	10uM	HCC515	24h	LINCSCP_18044
LINCSCP_10604	0.9981236999	0.03900445419	3	Quinoclamine	LSM-6261	NA	10uM	AGS	6h	LINCSCP_10604
LINCSCP_64158	-0.9981231464	0.03901020861	3	BRD-K10482608	LSM-14719	NA	5uM	VCAP	24h	LINCSCP_64158
LINCSCP_52283	0.9981222853	0.0390191589	3	CHEMBL3185054	LSM-41334	NA	10uM	SKB	24h	LINCSCP_52283
LINCSCP_13328	0.9981182134	0.03906145651	3	LY-294002	LSM-2597	MTOR|PIK3CA|PIK3CB|PIK3CD|PIK3CG|PLK1|PRKDC	10uM	FIBRNPC	6h	LINCSCP_13328
LINCSCP_123288	-0.9981176153	0.03906766517	3	Emtricitabine	LSM-45730	NA	0.04uM	HT29	24h	LINCSCP_123288
LINCSCP_44007	0.9981162882	0.0390814389	3	GR-127935	LSM-2243	HTR1A|HTR1B|HTR1D|HTR2A|HTR2C	10uM	PC3	24h	LINCSCP_44007
LINCSCP_10100	0.998115491	0.03908971028	3	Avrainvillamide-analog-1	LSM-37146	NA	10uM	A549	24h	LINCSCP_10100
LINCSCP_27634	0.9981152452	0.03909226074	3	BRD-K99567611	LSM-14545	NA	5uM	HT29	24h	LINCSCP_27634
LINCSCP_134009	-0.9981147284	0.03909762129	3	HY-11007	LSM-1022	ABL1|BCR	1.11uM	MCF7	24h	LINCSCP_134009
LINCSCP_41868	-0.9981134764	0.0391106054	3	501919-59-1	LSM-6243	STAT3	100uM	NOMO1	6h	LINCSCP_41868
LINCSCP_168092	-0.9981131271	0.03911422774	3	Phenformin	LSM-2233	NA	10uM	YAPC	24h	LINCSCP_168092
LINCSCP_162680	-0.9981130736	0.03911478199	3	PA-824	LSM-45767	NA	10uM	PC3	24h	LINCSCP_162680
LINCSCP_83813	-0.9981130059	0.03911548378	3	Dasatinib	LSM-1020	ABL1|BCR|BLK|EPHA2|FGR|FRK|FYN|HCK|KIT|LCK|LYN|PDGFRB|SRC|SRMS|YES1	3.33uM	ASC.C	24h	LINCSCP_83813
LINCSCP_100676	-0.9981119861	0.03912605531	3	Cyclohexanecarboxamide, 4-(1-aminoethyl)-n-4-pyridinyl-, trans-	LSM-1177	ROCK1|ROCK2	10uM	HCC515	24h	LINCSCP_100676
LINCSCP_21867	-0.9981116356	0.03912968845	3	MLS003079542	LSM-2894	NA	10uM	HEPG2	6h	LINCSCP_21867
LINCSCP_25959	-0.9981098894	0.0391477816	3	MLS001065838	LSM-3595	NA	10uM	HT29	24h	LINCSCP_25959
LINCSCP_47549	0.9981090251	0.03915673397	3	Acemetacin	LSM-5753	PTGS1|PTGS2	10uM	PC3	24h	LINCSCP_47549
LINCSCP_10225	-0.9981077171	0.03917027819	3	2-(Allylamino)-3-chloronaphthoquinone	LSM-19709	NA	10uM	A549	6h	LINCSCP_10225
LINCSCP_111161	-0.9981055867	0.039192329	3	Piperidolate	LSM-1951	CHRM1	0.12uM	HELA	24h	LINCSCP_111161
LINCSCP_32436	0.9981053149	0.03919514088	3	BDBM50377913	LSM-5158	ALOX5|NR1I2|PTGS1	10uM	MCF7	24h	LINCSCP_32436
LINCSCP_47593	-0.9981047887	0.0392005856	3	Avermectin	LSM-5002	NA	10uM	PC3	24h	LINCSCP_47593
LINCSCP_164776	-0.9981045246	0.03920331796	3	852475-26-4	LSM-43291	NA	0.12uM	SKL.C	24h	LINCSCP_164776
LINCSCP_25908	-0.99810305	0.03921856898	3	MLS002276505	LSM-2599	NA	10uM	HT29	24h	LINCSCP_25908
LINCSCP_40329	-0.9981026111	0.03922310732	3	Cytochalasin B	LSM-43278	ACTB	10uM	NCIH596	6h	LINCSCP_40329
LINCSCP_37756	0.9981026015	0.03922320607	3	vincristine	NA	TUBB	1uM	MCF7	6h	LINCSCP_37756
LINCSCP_114883	0.9981018895	0.0392305669	3	Buparlisib	LSM-1148	PIK3CA|PIK3CB|PIK3CD|PIK3CG|PIK3R1|PIK3R2|PIK3R3|PIK3R5	10uM	HS578T	24h	LINCSCP_114883
LINCSCP_45117	0.9981009163	0.03924062599	3	AKT Inhibitor VIII	LSM-1035	AKT1|AKT2	10uM	PC3	6h	LINCSCP_45117
LINCSCP_25793	-0.9981004563	0.03924537968	3	(S)-Tipifarnib	LSM-6259	NA	10uM	HT29	6h	LINCSCP_25793
LINCSCP_150840	-0.998099059	0.03925981593	3	PF431396	LSM-1116	NA	0.04uM	PC3	24h	LINCSCP_150840
LINCSCP_174923	0.9980970206	0.03928086697	3	Sirolimus	LSM-42783	FKBP1A|MTOR	10uM	YAPC	24h	LINCSCP_174923
LINCSCP_310136	-0.9980970172	0.0392809016	3	BRD-K34952911	LSM-45367	NA	30uM	VCAP	6h	LINCSCP_310136
LINCSCP_307970	-0.9980967234	0.03928393452	3	CHEMBL2136166	LSM-11439	NA	5uM	VCAP	6h	LINCSCP_307970
LINCSCP_42104	-0.9980966975	0.03928420253	3	CAY-10415	LSM-5100	INS	10uM	NPC	24h	LINCSCP_42104
LINCSCP_83546	0.9980959111	0.03929231936	3	GSK 1059615	LSM-42799	PIK3CA|PIK3CB|PIK3CD|PIK3CG	1.11uM	ASC.C	24h	LINCSCP_83546
LINCSCP_251254	0.9980951586	0.03930008585	3	Alvocidib	LSM-1011	CDK1|CDK2|CDK4|CDK5|CDK6|CDK7|CDK8|CDK9|EGFR|PYGM	0.01uM	MCF7	6h	LINCSCP_251254
LINCSCP_79508	0.998093128	0.0393210341	3	Leflunomide	LSM-3771	DHODH	0.37uM	A375	24h	LINCSCP_79508
LINCSCP_115699	-0.9980928498	0.03932390298	3	THZ-2-98-01	LSM-44946	NA	0.37uM	HS578T	24h	LINCSCP_115699
LINCSCP_86843	-0.9980927413	0.0393250222	3	Idelalisib	LSM-1205	PIK3CD|PIK3CG	0.04uM	CD34	24h	LINCSCP_86843
LINCSCP_144087	-0.9980926928	0.03932552239	3	Istaroxime (hydrochloride)	LSM-45263	NA	0.12uM	MCF7	24h	LINCSCP_144087
LINCSCP_190243	0.9980925262	0.03932724029	3	Zardaverine	LSM-2833	PDE4D	10uM	A549	6h	LINCSCP_190243
LINCSCP_39971	-0.9980923744	0.03932880531	3	MLS003587254	LSM-43332	NA	10uM	NCIH1836	6h	LINCSCP_39971
LINCSCP_47101	0.998091404	0.03933881042	3	BRD-K31856043	LSM-39013	NA	10uM	PC3	24h	LINCSCP_47101
LINCSCP_166351	-0.9980912604	0.03934029098	3	Blonanserin (Lonasen)	LSM-45717	NA	0.04uM	YAPC	24h	LINCSCP_166351
LINCSCP_260094	-0.9980912294	0.03934061087	3	Riluzole	LSM-2471	SCN10A|SCN11A|SCN1A|SCN2A|SCN3A|SCN4A|SCN5A|SCN7A|SCN8A|SCN9A	10uM	NEU	6h	LINCSCP_260094
LINCSCP_72286	-0.9980886879	0.03936680128	3	Voreloxin (Hydrochloride)	LSM-45617	TOP2A|TOP2B	3.33uM	A375	24h	LINCSCP_72286
LINCSCP_145473	0.9980883044	0.03937075117	3	A-443654	LSM-1045	NA	3.33uM	MDAMB231	24h	LINCSCP_145473
LINCSCP_158871	0.9980877393	0.03937657211	3	179324-69-7	LSM-6281	ADRM1|PSMA1|PSMA2|PSMA3|PSMA4|PSMA5|PSMA6|PSMA7|PSMA8|PSMB1|PSMB10|PSMB11|PSMB2|PSMB3|PSMB4|PSMB5|PSMB6|PSMB7|PSMB8|PSMB9|PSMC1|PSMC2|PSMC3|PSMC4|PSMC5|PSMC6|PSMD1|PSMD11|PSMD12|PSMD13|PSMD14|PSMD2|PSMD3|PSMD4|PSMD6|PSMD7|PSMD8|SEM1	20uM	PC3	24h	LINCSCP_158871
LINCSCP_2661	-0.9980875595	0.03937842333	3	AC1N6AX4	LSM-1272	NA	10uM	A375	6h	LINCSCP_2661
LINCSCP_24631	-0.9980873918	0.03938015	3	SCHEMBL3954849	LSM-5982	NA	10uM	HS578T	6h	LINCSCP_24631
LINCSCP_66446	-0.9980873292	0.03938079481	3	Vorinostat	LSM-3828	HDAC1|HDAC2|HDAC3|HDAC6|HDAC8	0.5uM	A375	24h	LINCSCP_66446
LINCSCP_162273	-0.9980863694	0.03939067782	3	Cladribine	LSM-5976	ADA	3.33uM	PC3	24h	LINCSCP_162273
LINCSCP_69067	-0.9980851537	0.03940319246	3	Dovitinib	LSM-1127	EGFR|FGFR1|FGFR2|FGFR3|FLT1|FLT3|FLT4|KDR|KIT|PDGFRA|PDGFRB	0.12uM	A375	24h	LINCSCP_69067
LINCSCP_72261	-0.9980843721	0.03941123549	3	Coluracetam	LSM-45708	NA	10uM	A375	24h	LINCSCP_72261
LINCSCP_70336	0.9980828878	0.03942650664	3	PD-0325901	LSM-1101	MAP2K1|MAP2K2	3.33uM	A375	24h	LINCSCP_70336
LINCSCP_86811	-0.9980824225	0.03943129164	3	Osimertinib	LSM-6344	EGFR|ERBB2|ERBB3|ERBB4	0.37uM	CD34	24h	LINCSCP_86811
LINCSCP_41270	-0.9980821032	0.0394345763	3	7-Hydroxychlorpromazine	LSM-36973	NA	10uM	NEU	6h	LINCSCP_41270
LINCSCP_44846	0.9980819623	0.03943602457	3	BRD-A69951442-001-01-3	LSM-4466	NR3C1	10uM	PC3	24h	LINCSCP_44846
LINCSCP_45874	0.9980816918	0.03943880619	3	SMR000206936	LSM-1501	NA	10uM	PC3	24h	LINCSCP_45874
LINCSCP_9884	0.9980797265	0.03945901044	3	Tigecycline	LSM-36875	NA	10uM	A549	24h	LINCSCP_9884
LINCSCP_80418	-0.9980792656	0.03946374643	3	Indapamide	LSM-1936	KCNQ1|SLC12A3	10uM	A375	24h	LINCSCP_80418
LINCSCP_65576	0.9980791604	0.03946482795	3	MLS002474238	LSM-37860	NA	10uM	VCAP	24h	LINCSCP_65576
LINCSCP_152270	-0.9980789704	0.0394667808	3	Ponatinib	LSM-1151	ABL1|BCR|FGFR1|FGFR2|FGFR3|FGFR4|FLT3|KIT|RET|TEK	3.33uM	PC3	24h	LINCSCP_152270
LINCSCP_156435	-0.9980777887	0.03947892097	3	PSI-7977	LSM-45846	NA	0.37uM	PC3	24h	LINCSCP_156435
LINCSCP_125947	-0.99807679	0.03948917915	3	Golvatinib (E7050)	LSM-45804	KDR|MET	0.37uM	HT29	24h	LINCSCP_125947
LINCSCP_199004	-0.9980763578	0.03949361703	3	BRD-K42624823	LSM-39621	NA	5uM	A549	24h	LINCSCP_199004
LINCSCP_64211	0.9980757586	0.03949976935	3	BRD-K69747917	LSM-14908	NA	5uM	VCAP	24h	LINCSCP_64211
LINCSCP_228015	-0.9980740452	0.03951735758	3	Albendazole	LSM-3782	NA	10uM	HT29	6h	LINCSCP_228015
LINCSCP_74492	0.9980740386	0.03951742482	3	Emedastine	LSM-5331	HRH1	0.12uM	A375	24h	LINCSCP_74492
LINCSCP_31185	-0.9980734915	0.0395230394	3	MLS002264452	LSM-3372	NA	10uM	MCF7	24h	LINCSCP_31185
LINCSCP_64367	0.998072513	0.03953307863	3	CHEMBL2355935	LSM-38052	NA	5uM	VCAP	6h	LINCSCP_64367
LINCSCP_18684	-0.9980716507	0.03954192265	3	Phenanthridone	LSM-2229	PARP1	10uM	HCC515	6h	LINCSCP_18684
LINCSCP_126358	0.9980707235	0.03955143186	3	114798-26-4	LSM-3701	AGTR1	10uM	HT29	24h	LINCSCP_126358
LINCSCP_39014	-0.9980706559	0.03955212449	3	WH-4-023	LSM-5613	ABL1|SRC	0.1uM	MDAMB231	24h	LINCSCP_39014
LINCSCP_5075	-0.9980702699	0.03955608252	3	MLS001060771	LSM-2045	NA	10uM	A549	6h	LINCSCP_5075
LINCSCP_258917	-0.9980694693	0.03956428897	3	BRD-K20352452	LSM-38366	NA	10uM	NEU	24h	LINCSCP_258917
LINCSCP_52195	-0.9980687882	0.03957127018	3	F1061-0166	LSM-4474	NA	10uM	SKB	24h	LINCSCP_52195
LINCSCP_61766	-0.9980685462	0.03957375078	3	BRD-K34798777	LSM-10522	NA	5uM	VCAP	24h	LINCSCP_61766
LINCSCP_121303	-0.9980679553	0.03957980486	3	Methazolamide	LSM-5311	CA1|CA2|CA4|CA7	1.11uM	HT29	24h	LINCSCP_121303
LINCSCP_69322	0.9980676103	0.03958334061	3	Alvocidib	LSM-1011	CDK1|CDK2|CDK4|CDK5|CDK6|CDK7|CDK8|CDK9|EGFR|PYGM	1.11uM	A375	24h	LINCSCP_69322
LINCSCP_310826	-0.9980667827	0.03959181805	3	BRD-K47396627	LSM-39894	NA	10uM	VCAP	24h	LINCSCP_310826
LINCSCP_120598	-0.9980664915	0.03959480057	3	Moxonidine	LSM-3743	NISCH	0.04uM	HT29	24h	LINCSCP_120598
LINCSCP_420	-0.9980662283	0.03959749674	3	Ipratropium	LSM-1497	CHRM1|CHRM2|CHRM3|CHRM4	10uM	A375	6h	LINCSCP_420
LINCSCP_100742	-0.9980657714	0.03960217542	3	CGK733	LSM-1610	ATM|ATR	10uM	HCC515	24h	LINCSCP_100742
LINCSCP_46221	0.9980655353	0.03960459352	3	BAS 00535043	LSM-44976	NA	10uM	PC3	24h	LINCSCP_46221
LINCSCP_106599	-0.9980647785	0.03961234266	3	BIIB 021	LSM-5627	HSP90AA1	1.11uM	HELA	24h	LINCSCP_106599
LINCSCP_254069	0.9980640995	0.03961929356	3	BRD-K18170480	LSM-38234	NA	0.5uM	MCF7	6h	LINCSCP_254069
LINCSCP_156976	0.9980616447	0.03964441299	3	MG-132	LSM-1107	PSMB1	20uM	PC3	24h	LINCSCP_156976
LINCSCP_41227	-0.998060366	0.03965749155	3	SCHEMBL13533329	LSM-37181	NA	10uM	NEU	24h	LINCSCP_41227
LINCSCP_81090	0.9980600954	0.03966025886	3	WZ3105	LSM-5970	CLK2|CSNK1E|FLT3|ULK1	1.11uM	A549	24h	LINCSCP_81090
LINCSCP_136971	0.9980576423	0.03968533449	3	MG-132	LSM-1107	PSMB1	20uM	MCF7	24h	LINCSCP_136971
LINCSCP_158579	-0.9980549104	0.03971324278	3	Tipifarnib	LSM-6258	CHURC1-FNTB|FNTA|FNTB	1.11uM	PC3	24h	LINCSCP_158579
LINCSCP_145500	-0.9980518938	0.03974403578	3	AT-7519	LSM-1004	CDK1|CDK10|CDK11B|CDK12|CDK13|CDK14|CDK15|CDK16|CDK17|CDK18|CDK19|CDK2|CDK20|CDK3|CDK4|CDK5|CDK6|CDK7|CDK8|CDK9	0.12uM	MDAMB231	24h	LINCSCP_145500
LINCSCP_17304	-0.9980515674	0.03974736627	3	Panobinostat	LSM-43059	HDAC1|HDAC10|HDAC11|HDAC2|HDAC3|HDAC4|HDAC5|HDAC6|HDAC7|HDAC8|HDAC9	0.12uM	HA1E	24h	LINCSCP_17304
LINCSCP_61709	0.9980514016	0.03974905768	3	BRD-K58189273	LSM-11941	NA	5uM	VCAP	6h	LINCSCP_61709
LINCSCP_168202	-0.9980512724	0.03975037559	3	Closantel	LSM-4989	NA	1.11uM	YAPC	24h	LINCSCP_168202
LINCSCP_34594	0.998048645	0.03977717318	3	BRD-K40476324-001-01-6	LSM-5523	ATP1A1	10uM	MCF7	6h	LINCSCP_34594
LINCSCP_29499	-0.9980480427	0.03978331337	3	GSK-1070916	LSM-1062	AURKB|AURKC	10uM	MCF10A	24h	LINCSCP_29499
LINCSCP_151204	-0.9980478515	0.03978526185	3	PHA-793887	LSM-1073	CDK1|CDK10|CDK11B|CDK12|CDK13|CDK14|CDK15|CDK16|CDK17|CDK18|CDK19|CDK2|CDK20|CDK3|CDK4|CDK5|CDK6|CDK7|CDK8|CDK9	0.37uM	PC3	24h	LINCSCP_151204
LINCSCP_3650	-0.9980467926	0.03979605472	3	BRD-K95208083	LSM-14263	NA	10uM	A375	24h	LINCSCP_3650
LINCSCP_1411	-0.9980465861	0.03979815858	3	MLS003329220	LSM-3302	NA	10uM	A375	24h	LINCSCP_1411
LINCSCP_41490	-0.9980458017	0.03980615121	3	15D-PGJ2	LSM-43081	PPARG	10uM	NEU	6h	LINCSCP_41490
LINCSCP_60015	-0.9980444661	0.03981975621	3	MLS003129003	LSM-7151	NA	5uM	VCAP	24h	LINCSCP_60015
LINCSCP_85214	0.9980433239	0.0398313869	3	C21H27N7O3	LSM-1128	AKT1|AKT2|AKT3|PRKCQ	1.11uM	BT20	24h	LINCSCP_85214
LINCSCP_71759	0.9980427904	0.03983681898	3	Methocarbamol	LSM-1453	CA1	10uM	A375	24h	LINCSCP_71759
LINCSCP_11166	0.9980424986	0.03983978955	3	Simvastatin	LSM-2492	HMGCR	10uM	ASC	24h	LINCSCP_11166
LINCSCP_32328	0.9980402601	0.03986256983	3	BRD-K35638681	LSM-39222	NA	10uM	MCF7	6h	LINCSCP_32328
LINCSCP_9202	-0.9980386122	0.03987933123	3	3,7-Bis(dimethylamino)phenothiazin-5-ium	LSM-4555	ACHE	0.01uM	A549	24h	LINCSCP_9202
LINCSCP_265123	-0.998037481	0.03989083316	3	Hesperidin	LSM-2858	NA	10uM	PC3	24h	LINCSCP_265123
LINCSCP_41703	-0.9980370911	0.0398947972	3	LRRK2-IN-1	LSM-1086	LRRK2	20uM	NKDBA	24h	LINCSCP_41703
LINCSCP_29588	-0.9980365294	0.0399005062	3	SCHEMBL15556278	LSM-1002	DDR1	1uM	MCF10A	24h	LINCSCP_29588
LINCSCP_36503	-0.9980361647	0.03990421332	3	WH-4-023	LSM-5613	ABL1|SRC	10uM	MCF7	24h	LINCSCP_36503
LINCSCP_286556	-0.998034865	0.03991741986	3	VER 155008	LSM-6239	HSPA1A	10uM	SNGM	6h	LINCSCP_286556
LINCSCP_179844	-0.9980348493	0.03991757926	3	GW-9662	LSM-4097	PPARG	10uM	A375	6h	LINCSCP_179844
LINCSCP_112442	0.9980344079	0.03992206337	3	Mocetinostat	LSM-5344	HDAC1|HDAC11|HDAC2|HDAC3|HDAC8	0.04uM	HEPG2	24h	LINCSCP_112442
LINCSCP_6476	0.9980338285	0.03992794923	3	Entinostat	LSM-4811	HDAC1|HDAC10|HDAC11|HDAC2|HDAC3|HDAC4|HDAC5|HDAC6|HDAC7|HDAC8|HDAC9	10uM	A549	24h	LINCSCP_6476
LINCSCP_127625	-0.9980337014	0.03992923987	3	Alvimopan (monohydrate)	LSM-45414	OPRM1	3.33uM	HT29	24h	LINCSCP_127625
LINCSCP_252630	-0.99803235	0.03994296322	3	SA-85377	LSM-39088	NA	0.5uM	MCF7	24h	LINCSCP_252630
LINCSCP_130068	-0.9980309467	0.03995720874	3	rifampicin	NA	NA	10uM	LNCAP	24h	LINCSCP_130068
LINCSCP_37377	-0.9980296162	0.03997071045	3	Menadione	LSM-3755	NA	3uM	MCF7	6h	LINCSCP_37377
LINCSCP_113753	-0.9980266779	0.04000051259	3	Bosutinib	LSM-1190	ABL1|BCR|CAMK2G|HCK|LYN|SRC	0.12uM	HME1	24h	LINCSCP_113753
LINCSCP_63747	0.9980265371	0.0400019402	3	BRD-K82154894	LSM-13449	NA	5uM	VCAP	24h	LINCSCP_63747
LINCSCP_17288	-0.9980256234	0.04001120174	3	Avrainvillamide Analog 5	LSM-45314	NA	0.04uM	HA1E	24h	LINCSCP_17288
LINCSCP_132910	0.998025318	0.04001429795	3	Alvocidib	LSM-1011	CDK1|CDK2|CDK4|CDK5|CDK6|CDK7|CDK8|CDK9|EGFR|PYGM	0.04uM	MCF7	3h	LINCSCP_132910
LINCSCP_37134	-0.9980238094	0.04002958418	3	CHEMBL2355513	LSM-39806	NA	0.5uM	MCF7	6h	LINCSCP_37134
LINCSCP_40141	0.9980237383	0.04003030452	3	179324-69-7	LSM-6281	ADRM1|PSMA1|PSMA2|PSMA3|PSMA4|PSMA5|PSMA6|PSMA7|PSMA8|PSMB1|PSMB10|PSMB11|PSMB2|PSMB3|PSMB4|PSMB5|PSMB6|PSMB7|PSMB8|PSMB9|PSMC1|PSMC2|PSMC3|PSMC4|PSMC5|PSMC6|PSMD1|PSMD11|PSMD12|PSMD13|PSMD14|PSMD2|PSMD3|PSMD4|PSMD6|PSMD7|PSMD8|SEM1	0.01uM	NCIH2073	6h	LINCSCP_40141
LINCSCP_30271	-0.9980229277	0.04003851673	3	Chelidonine	LSM-2715	NA	10uM	MCF7	24h	LINCSCP_30271
LINCSCP_152299	-0.9980212335	0.04005567335	3	SB-203580	LSM-1168	MAPK1|MAPK11|MAPK14	10uM	PC3	24h	LINCSCP_152299
LINCSCP_21160	-0.9980210647	0.04005738242	3	CHEMBL1242477	LSM-6208	PIK3CA|PIK3CB|PIK3CD|PIK3CG	20uM	HCT116	6h	LINCSCP_21160
LINCSCP_11787	0.9980198312	0.040069869	3	AZD-8055	LSM-1007	MTOR	0.1uM	BT20	24h	LINCSCP_11787
LINCSCP_31698	0.9980190543	0.04007773083	3	MLS001060803	LSM-1865	NA	10uM	MCF7	6h	LINCSCP_31698
LINCSCP_15679	0.9980190102	0.04007817751	3	BAS 00631343	LSM-6284	NA	10uM	HA1E	6h	LINCSCP_15679
LINCSCP_82001	0.9980182164	0.04008620876	3	761437-28-9	LSM-1208	NA	0.12uM	A549	24h	LINCSCP_82001
LINCSCP_55529	-0.9980175997	0.04009244709	3	ICG-001	LSM-6267	NA	10uM	U937	6h	LINCSCP_55529
LINCSCP_12465	0.9980172862	0.0400956188	3	BRD-K53325797	LSM-45342	NA	0.5uM	CD34	6h	LINCSCP_12465
LINCSCP_137658	-0.9980159741	0.04010888808	3	ZIDOVUDINE [AZT]	LSM-45628	NA	10uM	MCF7	24h	LINCSCP_137658
LINCSCP_50794	-0.9980159602	0.04010902827	3	CHEMBL399379	LSM-6245	ACLY	80uM	RKO	6h	LINCSCP_50794
LINCSCP_2151	0.9980140474	0.04012836442	3	Deforolimus	LSM-43190	MTOR	10uM	A375	6h	LINCSCP_2151
LINCSCP_216584	0.9980140171	0.04012867029	3	SPB02303	LSM-4241	NA	10uM	HCC515	6h	LINCSCP_216584
LINCSCP_29196	-0.9980131495	0.04013743811	3	KUC111109N	LSM-36808	NA	0.5uM	JURKAT	24h	LINCSCP_29196
LINCSCP_173968	-0.9980119965	0.04014908638	3	CHEBI:82814	LSM-1744	CACNA1C	0.04uM	YAPC	24h	LINCSCP_173968
LINCSCP_78179	-0.9980090342	0.04017899842	3	K784-3187	LSM-45465	ESR2	3.33uM	A375	24h	LINCSCP_78179
LINCSCP_17655	-0.9980082767	0.04018664322	3	(S)-(-)-BAY K 8644	LSM-4545	CACNA1C	10uM	HCC15	6h	LINCSCP_17655
LINCSCP_65368	0.9980082468	0.04018694527	3	BRD-K92431661	LSM-42298	NA	10uM	VCAP	24h	LINCSCP_65368
LINCSCP_31716	0.9980068595	0.04020094322	3	ML089	LSM-2710	NA	10uM	MCF7	6h	LINCSCP_31716
LINCSCP_26329	-0.9980057764	0.04021186774	3	Irinotecan	LSM-2167	TOP1	10uM	HT29	6h	LINCSCP_26329
LINCSCP_284500	-0.9980052929	0.04021674394	3	Benperidol	LSM-3792	DRD2	10uM	SKB	24h	LINCSCP_284500
LINCSCP_652	-0.9980046087	0.04022364252	3	M3M3FBS	LSM-2196	PLCB2|PLCB3|PLCD1|PLCG1|PLCG2	80uM	A375	24h	LINCSCP_652
LINCSCP_26190	-0.9980038018	0.0402317772	3	CHEMBL1270412	LSM-1982	NA	10uM	HT29	6h	LINCSCP_26190
LINCSCP_107793	-0.9980033148	0.04023668603	3	CC-930	LSM-45244	MAPK10|MAPK8|MAPK9	0.37uM	HELA	24h	LINCSCP_107793
LINCSCP_87001	0.998001229	0.04025770405	3	Dasatinib	LSM-1020	ABL1|BCR|BLK|EPHA2|FGR|FRK|FYN|HCK|KIT|LCK|LYN|PDGFRB|SRC|SRMS|YES1	3.33uM	CD34	24h	LINCSCP_87001
LINCSCP_87999	0.9980009992	0.04026001901	3	936890-98-1	LSM-42786	MTOR	3.33uM	HA1E	24h	LINCSCP_87999
LINCSCP_91723	-0.9980004978	0.04026506937	3	Empagliflozin (BI 10773)	LSM-45879	SLC5A2	0.37uM	HA1E	24h	LINCSCP_91723
LINCSCP_56289	0.9979992384	0.04027775299	3	Norcyclobenzaprine	LSM-3403	NA	10uM	VCAP	24h	LINCSCP_56289
LINCSCP_20657	-0.9979986904	0.04028327	3	CHEMBL2135537	LSM-6149	NA	10uM	HCC515	6h	LINCSCP_20657
LINCSCP_144237	-0.9979969628	0.04030065856	3	GSK-461364	LSM-1013	PLK1	0.12uM	MCF7	24h	LINCSCP_144237
LINCSCP_44619	0.9979969277	0.04030101222	3	SPECTRUM2_001084	LSM-1740	ATP1A1	10uM	PC3	6h	LINCSCP_44619
LINCSCP_222140	-0.9979961151	0.04030918878	3	BRD-K21918725	LSM-45229	NA	0.5uM	HL60	24h	LINCSCP_222140
LINCSCP_28798	-0.9979950332	0.04032007252	3	Antipyrine	LSM-3038	NA	10uM	HUH7	24h	LINCSCP_28798
LINCSCP_164630	0.9979930833	0.04033968079	3	ABT737	LSM-1180	BCL2|BCL2L1|BCL2L2	3.33uM	SKL.C	24h	LINCSCP_164630
LINCSCP_90634	-0.9979929141	0.0403413817	3	KW-2449	LSM-42803	ABL1|AURKA|AURKB|FLT3	1.11uM	HA1E	24h	LINCSCP_90634
LINCSCP_78244	-0.9979926874	0.04034366007	3	MEK162 (ARRY-162, ARRY-438162)	LSM-45640	MAP2K1|MAP2K2	10uM	A375	24h	LINCSCP_78244
LINCSCP_179538	-0.997992344	0.04034711186	3	Suloctidil	LSM-1469	NA	10uM	A375	6h	LINCSCP_179538
LINCSCP_5559	-0.9979922538	0.04034801897	3	CHEMBL1393909	LSM-3908	NA	10uM	A549	6h	LINCSCP_5559
LINCSCP_25397	-0.9979907339	0.04036329381	3	Sirolimus	LSM-42782	FKBP1A|MTOR	10uM	HT29	24h	LINCSCP_25397
LINCSCP_63104	-0.9979904009	0.04036663905	3	BRD-K60993486	LSM-12118	NA	5uM	VCAP	24h	LINCSCP_63104
LINCSCP_141646	0.9979894522	0.04037616928	3	Dilazep	LSM-3068	SLC29A1	0.04uM	MCF7	24h	LINCSCP_141646
LINCSCP_165274	0.9979892423	0.04037827811	3	Tivantinib	LSM-1131	MET	10uM	SKL	24h	LINCSCP_165274
LINCSCP_104654	0.9979878664	0.04039209493	3	Dofequidar (fumarate)	LSM-45877	NA	0.37uM	HELA	24h	LINCSCP_104654
LINCSCP_16809	0.9979878546	0.0403922127	3	MLS000778276	LSM-43118	NA	10uM	HA1E	6h	LINCSCP_16809
LINCSCP_45251	-0.9979861189	0.0404096362	3	GW843682X	LSM-1014	PLK1|PLK3	10uM	PC3	6h	LINCSCP_45251
LINCSCP_44669	0.9979851054	0.04041980748	3	etoposide	LSM-6348	TOP2A|TOP2B	10uM	PC3	24h	LINCSCP_44669
LINCSCP_131575	0.9979842701	0.04042818774	3	936890-98-1	LSM-42786	MTOR	3.33uM	MCF10A	3h	LINCSCP_131575
LINCSCP_9470	-0.997984184	0.04042905098	3	O-Demethylated Adapalene	LSM-6237	RARG	1uM	A549	24h	LINCSCP_9470
LINCSCP_43011	0.9979822121	0.04044882687	3	BRD-K47512679	LSM-39902	NA	10uM	NPC	24h	LINCSCP_43011
LINCSCP_60143	0.9979820703	0.0404502482	3	BRD-K19593188	LSM-7103	NA	5uM	VCAP	24h	LINCSCP_60143
LINCSCP_39477	-0.9979817012	0.04045394935	3	Nilotinib	LSM-1099	ABL1|BCR|KIT	0.5uM	MDAMB231	24h	LINCSCP_39477
LINCSCP_77211	0.9979799863	0.04047113725	3	179324-69-7	LSM-6281	ADRM1|PSMA1|PSMA2|PSMA3|PSMA4|PSMA5|PSMA6|PSMA7|PSMA8|PSMB1|PSMB10|PSMB11|PSMB2|PSMB3|PSMB4|PSMB5|PSMB6|PSMB7|PSMB8|PSMB9|PSMC1|PSMC2|PSMC3|PSMC4|PSMC5|PSMC6|PSMD1|PSMD11|PSMD12|PSMD13|PSMD14|PSMD2|PSMD3|PSMD4|PSMD6|PSMD7|PSMD8|SEM1	20uM	A375	24h	LINCSCP_77211
LINCSCP_9236	0.9979798594	0.04047240919	3	FTI276	LSM-4727	FNTA	0.1uM	A549	24h	LINCSCP_9236
LINCSCP_122234	0.9979784109	0.04048692142	3	Foretinib	LSM-1158	FLT1|FLT3|FLT4|KDR|KIT|MET|PDGFRA|PDGFRB|TEK	0.12uM	HT29	24h	LINCSCP_122234
LINCSCP_88019	0.9979777635	0.04049340561	3	MK-2206	LSM-1057	AKT1|AKT2|AKT3	0.37uM	HA1E	24h	LINCSCP_88019
LINCSCP_79176	-0.9979762915	0.04050814596	3	Dihydroergotamine	LSM-3619	HTR1B|HTR1D	0.04uM	A375	24h	LINCSCP_79176
LINCSCP_165596	-0.9979759724	0.04051134078	3	Infigratinib	LSM-1184	FGFR1|FGFR2|FGFR3|FGFR4	10uM	SKL	24h	LINCSCP_165596
LINCSCP_105898	-0.9979751494	0.04051957834	3	TAK-875	LSM-45725	FFAR1	3.33uM	HELA	24h	LINCSCP_105898
LINCSCP_211607	-0.997974809	0.04052298527	3	Ethyl 3-[(5-mercapto-1,3,4-thiadiazol-2-yl)thio]propanoate	LSM-4648	NA	10uM	HA1E	6h	LINCSCP_211607
LINCSCP_41935	-0.9979746149	0.0405249286	3	TUL_XX087	LSM-36794	NA	0.001uM	NOMO1	24h	LINCSCP_41935
LINCSCP_40906	0.9979725244	0.04054584384	3	N-[2-(4-Fluorophenyl)-1,3-benzoxazol-5-yl]-2-(4-nitrophenoxy)acetamide	LSM-4758	NA	10uM	NEU	24h	LINCSCP_40906
LINCSCP_161204	-0.9979714095	0.04055699439	3	Furosemide	LSM-5847	SLC12A1|SLC12A2	10uM	PC3	24h	LINCSCP_161204
LINCSCP_3275	0.9979712199	0.04055889007	3	BRD-K61428915	LSM-12151	NA	5uM	A375	24h	LINCSCP_3275
LINCSCP_49674	-0.9979705819	0.0405652688	3	MLS003672589	LSM-36804	NA	3.33uM	PC3	24h	LINCSCP_49674
LINCSCP_52111	0.9979701542	0.04056954511	3	CHEMBL2142321	LSM-4813	NA	10uM	SKB	24h	LINCSCP_52111
LINCSCP_10415	0.9979683924	0.04058715302	3	N9-Isopropylolomoucine	LSM-3607	CDK1|CDK5	100uM	A673	6h	LINCSCP_10415
LINCSCP_78774	0.9979676344	0.04059472613	3	GDC-0152	LSM-45425	NA	0.37uM	A375	24h	LINCSCP_78774
LINCSCP_38201	-0.9979674838	0.04059623132	3	Fenbendazole	LSM-3134	TUBB	3uM	MCF7	24h	LINCSCP_38201
LINCSCP_91796	-0.9979673843	0.04059722492	3	SU-11652	LSM-43098	KDR|PDGFRB	0.12uM	HA1E	24h	LINCSCP_91796
LINCSCP_27530	0.9979658713	0.0406123371	3	BRD-K47366586	LSM-11319	NA	5uM	HT29	24h	LINCSCP_27530
LINCSCP_222157	-0.9979657084	0.04061396388	3	2-(2-Bromo-4-methyl-phenylamino)-pyrido[3,2-e][1,3]thiazin-4-one	LSM-45312	NA	1uM	HL60	24h	LINCSCP_222157
LINCSCP_43823	0.9979654141	0.04061690179	3	Trichostatin A, Streptomyces Sp.	LSM-42814	HDAC1|HDAC10|HDAC3|HDAC4|HDAC6|HDAC7|HDAC8	10uM	PC3	6h	LINCSCP_43823
LINCSCP_35082	-0.9979636453	0.04063455988	3	BRD-K54260596	LSM-40242	NA	5uM	MCF7	24h	LINCSCP_35082
LINCSCP_65527	-0.9979633819	0.0406371886	3	BRD-K81496150	LSM-41720	NA	10uM	VCAP	6h	LINCSCP_65527
LINCSCP_129256	-0.9979631703	0.04063930048	3	ZINC6718453	LSM-1198	NA	0.04uM	HUVEC	24h	LINCSCP_129256
LINCSCP_12328	0.9979600835	0.04067009377	3	PI-103	LSM-1126	MTOR|PIK3CA|PIK3CB|PIK3CD|PIK3CG	10uM	BT20	6h	LINCSCP_12328
LINCSCP_202918	0.9979585922	0.04068496214	3	Cytochalasin B	LSM-43278	ACTB	10uM	A673	6h	LINCSCP_202918
LINCSCP_65350	-0.997957714	0.04069371559	3	BRD-K84724939	LSM-41896	NA	10uM	VCAP	24h	LINCSCP_65350
LINCSCP_6310	-0.9979575822	0.04069502878	3	SCHEMBL3655059	LSM-5023	RRM1	10uM	A549	24h	LINCSCP_6310
LINCSCP_65022	0.9979571921	0.04069891609	3	BRD-K34462187	LSM-39155	NA	10uM	VCAP	6h	LINCSCP_65022
LINCSCP_25871	-0.9979557368	0.04071341524	3	KUC103443N	LSM-1828	NA	10uM	HT29	24h	LINCSCP_25871
LINCSCP_15870	0.9979553481	0.04071728748	3	N-(4-Methoxybenzyl)-1-(naphthalen-1-yl)methanamine	LSM-2737	NA	10uM	HA1E	6h	LINCSCP_15870
LINCSCP_39313	-0.997955148	0.04071928064	3	HY-11007	LSM-1022	ABL1|BCR	1uM	MDAMB231	6h	LINCSCP_39313
LINCSCP_106738	-0.9979537098	0.04073360237	3	Etoricoxib	LSM-5650	PTGS2	0.12uM	HELA	24h	LINCSCP_106738
LINCSCP_68059	0.9979525982	0.04074466847	3	LY-294002	LSM-2597	MTOR|PIK3CA|PIK3CB|PIK3CD|PIK3CG|PLK1|PRKDC	10uM	PC3	24h	LINCSCP_68059
LINCSCP_35836	0.9979501434	0.04076909534	3	FTI276	LSM-4727	FNTA	0.1uM	MCF7	6h	LINCSCP_35836
LINCSCP_78404	-0.9979498147	0.04077236562	3	BRD-K00144236	LSM-45653	NA	0.12uM	A375	24h	LINCSCP_78404
LINCSCP_238386	-0.9979490076	0.04078039301	3	CHEMBL597055	LSM-3333	NA	10uM	MCF7	24h	LINCSCP_238386
LINCSCP_143056	-0.9979489156	0.0407813077	3	Dolastatin 10	LSM-45943	NA	0.04uM	MCF7	24h	LINCSCP_143056
LINCSCP_293257	-0.9979478282	0.04079211978	3	Htfmt	LSM-1720	NA	10uM	VCAP	24h	LINCSCP_293257
LINCSCP_12688	0.9979475503	0.04079488321	3	Sirolimus	LSM-42783	FKBP1A|MTOR	10uM	COV644	6h	LINCSCP_12688
LINCSCP_164175	-0.9979467754	0.04080258587	3	CHIR-99021	LSM-1181	NA	3.33uM	SKBR3	3h	LINCSCP_164175
LINCSCP_28077	0.9979452409	0.04081783575	3	BRD-K37184875	LSM-39311	NA	5uM	HT29	24h	LINCSCP_28077
LINCSCP_58918	-0.9979449065	0.0408211581	3	Oleoylethanolamide	LSM-42935	GPR119|PPARA	10uM	VCAP	24h	LINCSCP_58918
LINCSCP_153305	0.9979448283	0.0408219345	3	UNII-BXU45ZH6LI	LSM-2382	OPRL1	0.04uM	PC3	24h	LINCSCP_153305
LINCSCP_27461	-0.9979444182	0.04082600899	3	BRD-K00801770	LSM-8484	NA	5uM	HT29	24h	LINCSCP_27461
LINCSCP_70363	-0.9979440946	0.04082922314	3	GSK-J2	LSM-44940	NA	0.12uM	A375	24h	LINCSCP_70363
LINCSCP_22492	-0.9979431803	0.0408383039	3	6-Formylindolo[3,2-b]carbazole	LSM-5198	NA	10uM	HEPG2	6h	LINCSCP_22492
LINCSCP_143415	-0.9979420803	0.04084922691	3	salsoline	LSM-45527	NA	0.12uM	MCF7	24h	LINCSCP_143415
LINCSCP_292827	-0.9979420688	0.04084934045	3	SCH-23390	LSM-3005	DRD1|DRD5|HTR2C	10uM	VCAP	24h	LINCSCP_292827
LINCSCP_98100	0.997941834	0.04085167247	3	Etravirine (TMC125)	LSM-45824	NA	0.37uM	HA1E	24h	LINCSCP_98100
LINCSCP_11657	0.9979398214	0.04087164761	3	CP466722	LSM-1009	ATM	0.1uM	BT20	24h	LINCSCP_11657
LINCSCP_88462	-0.9979382113	0.04088762086	3	PHA-767491	LSM-6304	NA	3.33uM	HA1E	24h	LINCSCP_88462
LINCSCP_66255	-0.9979381971	0.04088776241	3	GF-109203	LSM-2677	PRKCA	10uM	WSUDLCL2	6h	LINCSCP_66255
LINCSCP_179692	-0.9979360168	0.04090938226	3	Riluzole	LSM-2471	SCN10A|SCN11A|SCN1A|SCN2A|SCN3A|SCN4A|SCN5A|SCN7A|SCN8A|SCN9A	10uM	A375	6h	LINCSCP_179692
LINCSCP_147496	-0.9979358982	0.0409105585	3	Tyrphostin AG-1478	LSM-1224	EGFR	3.33uM	NPC.CAS9	24h	LINCSCP_147496
LINCSCP_67900	0.9979336765	0.04093257691	3	Vorinostat	LSM-3828	HDAC1|HDAC2|HDAC3|HDAC6|HDAC8	10uM	PC3	24h	LINCSCP_67900
LINCSCP_34332	-0.9979324073	0.04094515038	3	Benfluorex	LSM-4365	HMGCR	10uM	MCF7	6h	LINCSCP_34332
LINCSCP_37496	-0.997931889	0.04095028418	3	SA-1922975	LSM-42076	NA	1uM	MCF7	24h	LINCSCP_37496
LINCSCP_83288	-0.9979310751	0.04095834404	3	BS-181	LSM-6305	NA	10uM	ASC.C	24h	LINCSCP_83288
LINCSCP_4610	-0.9979305982	0.04096306619	3	Elesclomol	LSM-4929	HSPA1A	10uM	A549	24h	LINCSCP_4610
LINCSCP_66897	0.9979281426	0.04098737143	3	Wortmannin	LSM-3947	PIK3CA|PIK3CG|PLK1	10uM	HCC515	6h	LINCSCP_66897
LINCSCP_64700	-0.9979280736	0.04098805414	3	BRD-K79481905	LSM-41606	NA	10uM	VCAP	24h	LINCSCP_64700
LINCSCP_104648	-0.9979277411	0.0409913435	3	Swainsonine	LSM-45602	NA	0.43uM	HELA	24h	LINCSCP_104648
LINCSCP_63874	0.9979275378	0.04099335473	3	BRD-K24175855	LSM-9891	NA	5uM	VCAP	24h	LINCSCP_63874
LINCSCP_121616	-0.9979272625	0.04099607815	3	Lisofylline	LSM-45727	NA	0.37uM	HT29	24h	LINCSCP_121616
LINCSCP_52601	-0.9979255025	0.04101348602	3	Zardaverine	LSM-2833	PDE4D	10uM	SKB	24h	LINCSCP_52601
LINCSCP_128172	-0.9979235847	0.04103244626	3	Rebastinib	LSM-6708	ABL1	10uM	HUES3	24h	LINCSCP_128172
LINCSCP_165780	0.9979232016	0.04103623288	3	GSK 525762A	LSM-6334	NA	1.11uM	SKL	24h	LINCSCP_165780
LINCSCP_39840	-0.997922876	0.04103945077	3	PX 12	LSM-4918	TXN|TXNRD1	30uM	NCIH1694	6h	LINCSCP_39840
LINCSCP_59817	0.9979218272	0.04104981337	3	BRD-K95409124	LSM-42440	NA	5uM	VCAP	6h	LINCSCP_59817
LINCSCP_3561	-0.9979209012	0.04105896159	3	BRD-K36232729	LSM-39255	NA	10uM	A375	24h	LINCSCP_3561
LINCSCP_65072	0.9979203299	0.04106460394	3	PP-242	LSM-6357	NA	10uM	VCAP	6h	LINCSCP_65072
LINCSCP_125128	-0.9979184773	0.0410828965	3	Aminosalicylic acid	LSM-5862	PTGS1|PTGS2	10uM	HT29	24h	LINCSCP_125128
LINCSCP_150843	0.9979183453	0.04108419949	3	CHEMBL1083527	LSM-1122	NA	1.11uM	PC3	24h	LINCSCP_150843
LINCSCP_147505	-0.9979170004	0.04109747391	3	KW-2449	LSM-42803	ABL1|AURKA|AURKB|FLT3	0.12uM	NPC.CAS9	24h	LINCSCP_147505
LINCSCP_64049	-0.997916768	0.04109976714	3	BRD-M69929484	LSM-45059	NA	5uM	VCAP	24h	LINCSCP_64049
LINCSCP_34211	0.9979161437	0.0411059278	3	(S, R)-Mefloquine	LSM-5525	NA	10uM	MCF7	6h	LINCSCP_34211
LINCSCP_132603	-0.9979159772	0.04110757021	3	Mitoxantrone	LSM-2481	TOP2A	0.12uM	MCF7	24h	LINCSCP_132603
LINCSCP_110399	-0.9979153646	0.04111361325	3	DESVENLAFAXINE SUCCINATE	LSM-45451	SLC6A2|SLC6A4	0.12uM	HELA	24h	LINCSCP_110399
LINCSCP_2322	0.9979147507	0.04111966878	3	CHEMBL585951	LSM-36386	MAPK8	10uM	A375	6h	LINCSCP_2322
LINCSCP_39874	-0.9979119864	0.04114692447	3	CID-2858522	LSM-3337	NA	10uM	NCIH1694	6h	LINCSCP_39874
LINCSCP_284461	-0.997911825	0.04114851511	3	BP-554	LSM-3007	HTR1A	10uM	SKB	24h	LINCSCP_284461
LINCSCP_128092	0.9979115429	0.0411512952	3	PF-04217903	LSM-1166	MET	0.12uM	HUES3	24h	LINCSCP_128092
LINCSCP_42893	0.9979114292	0.04115241653	3	792173-99-0	LSM-2924	HCRTR1	10uM	NPC	24h	LINCSCP_42893
LINCSCP_69466	0.9979101857	0.04116466974	3	CHEMBL2136735	LSM-1152	FGFR1|FGFR3|FLT1|FLT4|KDR|PDGFRA|PDGFRB	1.11uM	A375	24h	LINCSCP_69466
LINCSCP_46268	0.9979097272	0.04116918663	3	AC1OAV9H	LSM-6653	NA	10uM	PC3	24h	LINCSCP_46268
LINCSCP_13465	0.9979095834	0.04117060315	3	CHEMBL258148	LSM-6214	CTSL	90uM	H1299	6h	LINCSCP_13465
LINCSCP_142463	-0.9979079632	0.04118656034	3	ZK-93426	LSM-3530	GABRA1	10uM	MCF7	24h	LINCSCP_142463
LINCSCP_175666	-0.9979071021	0.04119503893	3	Oglemilast	LSM-45656	NA	1.11uM	YAPC	24h	LINCSCP_175666
LINCSCP_29803	-0.9979057801	0.0412080515	3	AZD-8055	LSM-1007	MTOR	10uM	MCF10A	6h	LINCSCP_29803
LINCSCP_156440	0.9979055996	0.04120982828	3	179324-69-7	LSM-6281	ADRM1|PSMA1|PSMA2|PSMA3|PSMA4|PSMA5|PSMA6|PSMA7|PSMA8|PSMB1|PSMB10|PSMB11|PSMB2|PSMB3|PSMB4|PSMB5|PSMB6|PSMB7|PSMB8|PSMB9|PSMC1|PSMC2|PSMC3|PSMC4|PSMC5|PSMC6|PSMD1|PSMD11|PSMD12|PSMD13|PSMD14|PSMD2|PSMD3|PSMD4|PSMD6|PSMD7|PSMD8|SEM1	20uM	PC3	24h	LINCSCP_156440
LINCSCP_112280	-0.9979026799	0.04123855215	3	GSK-461364	LSM-1013	PLK1	0.04uM	HEPG2	24h	LINCSCP_112280
LINCSCP_125767	-0.9979010348	0.04125472876	3	Masitinib	LSM-1130	FGFR3|KIT|LYN|PDGFRA|PDGFRB	0.37uM	HT29	24h	LINCSCP_125767
LINCSCP_164841	-0.9979006365	0.04125864428	3	Tranylcypromine	LSM-5578	KDM1A|MAOA|MAOB	0.37uM	SKL.C	24h	LINCSCP_164841
LINCSCP_33824	-0.9979003554	0.04126140674	3	BRD-K18059480	LSM-6087	NA	10uM	MCF7	24h	LINCSCP_33824
LINCSCP_163151	-0.9979003345	0.04126161256	3	Tozasertib	LSM-1021	ABL1|AURKA|AURKB|AURKC|BCR|FLT3|JAK2	10uM	SKBR3	3h	LINCSCP_163151
LINCSCP_67911	0.9979000318	0.04126458803	3	Wortmannin	LSM-3947	PIK3CA|PIK3CG|PLK1	10uM	PC3	6h	LINCSCP_67911
LINCSCP_41312	-0.9978992765	0.04127201014	3	(3S,11bs)-Tetrabenazine	LSM-4151	SLC18A2	10uM	NEU	6h	LINCSCP_41312
LINCSCP_46257	0.9978982815	0.04128178699	3	CHEMBL2139663	LSM-29347	NA	10uM	PC3	24h	LINCSCP_46257
LINCSCP_97807	-0.9978978526	0.04128600007	3	Fluspirilene	LSM-3748	DRD2|HTR2A	0.37uM	HA1E	24h	LINCSCP_97807
LINCSCP_26585	0.9978974456	0.04128999793	3	BRD-A80960055-001-01-7	LSM-5162	NA	10uM	HT29	6h	LINCSCP_26585
LINCSCP_103798	-0.9978966065	0.04129823983	3	Pyridostigmine	LSM-5770	ACHE	0.04uM	HELA	24h	LINCSCP_103798
LINCSCP_67865	0.9978964168	0.04130010215	3	Vorinostat	LSM-3828	HDAC1|HDAC2|HDAC3|HDAC6|HDAC8	10uM	PC3	6h	LINCSCP_67865
LINCSCP_159907	-0.9978958579	0.04130559004	3	TAK-285	LSM-45987	EGFR|ERBB2	0.04uM	PC3	24h	LINCSCP_159907
LINCSCP_45295	-0.9978943982	0.04131992029	3	CHEMBL490083	LSM-2547	NA	10uM	PC3	24h	LINCSCP_45295
LINCSCP_156357	0.997893941	0.04132440748	3	179324-69-7	LSM-6281	ADRM1|PSMA1|PSMA2|PSMA3|PSMA4|PSMA5|PSMA6|PSMA7|PSMA8|PSMB1|PSMB10|PSMB11|PSMB2|PSMB3|PSMB4|PSMB5|PSMB6|PSMB7|PSMB8|PSMB9|PSMC1|PSMC2|PSMC3|PSMC4|PSMC5|PSMC6|PSMD1|PSMD11|PSMD12|PSMD13|PSMD14|PSMD2|PSMD3|PSMD4|PSMD6|PSMD7|PSMD8|SEM1	20uM	PC3	24h	LINCSCP_156357
LINCSCP_41137	-0.9978915346	0.04134801774	3	BRD-A09053961	LSM-36839	NA	10uM	NEU	24h	LINCSCP_41137
LINCSCP_139174	0.9978903431	0.04135970365	3	Nateglinide	LSM-5555	ABCC8|KCNJ11	0.12uM	MCF7	24h	LINCSCP_139174
LINCSCP_41169	0.9978897101	0.0413659106	3	BG-1003	LSM-45121	NA	10uM	NEU	24h	LINCSCP_41169
LINCSCP_57073	0.9978896492	0.04136650764	3	Dactolisib	LSM-4255	MTOR|PIK3CA|PIK3CB|PIK3CD|PIK3CG|PIK3R1|PIK3R2|PIK3R3|PIK3R5	0.5uM	VCAP	6h	LINCSCP_57073
LINCSCP_257001	-0.9978892169	0.04137074544	3	SCHEMBL13991002	LSM-6278	NA	40uM	NCIH1836	6h	LINCSCP_257001
LINCSCP_38554	-0.9978890791	0.0413720965	3	CHEMBL2143628	LSM-6855	NA	3.33uM	MCF7	24h	LINCSCP_38554
LINCSCP_44179	-0.9978886992	0.0413758206	3	SKF 89976-A	LSM-1596	SLC6A1	10uM	PC3	24h	LINCSCP_44179
LINCSCP_141978	-0.9978885586	0.04137719844	3	Neratinib	LSM-42778	EGFR|ERBB2|ERBB4	3.33uM	MCF7	24h	LINCSCP_141978
LINCSCP_17791	-0.9978872432	0.04139008999	3	BRD32048	LSM-4943	NA	10uM	HCC15	6h	LINCSCP_17791
LINCSCP_65737	0.9978866486	0.041395916	3	CHEMBL3186447	LSM-42507	NA	10uM	VCAP	24h	LINCSCP_65737
LINCSCP_173807	0.9978864432	0.0413979282	3	Allopurinol	LSM-5919	XDH	10uM	YAPC	24h	LINCSCP_173807
LINCSCP_3383	-0.9978836234	0.04142554435	3	BRD-K14395166	LSM-9299	NA	5uM	A375	24h	LINCSCP_3383
LINCSCP_106266	-0.997883529	0.04142646858	3	Selumetinib	LSM-1056	MAP2K1|MAP2K2	0.12uM	HELA	24h	LINCSCP_106266
LINCSCP_44708	0.9978827376	0.04143421584	3	Indigo Red	LSM-42899	CDK1|CDK5|GSK3A	10uM	PC3	24h	LINCSCP_44708
LINCSCP_120090	-0.9978824046	0.04143747514	3	Temsirolimus (CCI-779, NSC 683864)	LSM-45994	MTOR	10uM	HT29	24h	LINCSCP_120090
LINCSCP_56178	-0.9978823254	0.04143825015	3	H9	LSM-3575	PRKACA	10uM	VCAP	6h	LINCSCP_56178
LINCSCP_51603	-0.997882201	0.04143946712	3	GSK-1070916	LSM-1062	AURKB|AURKC	1uM	SKBR3	6h	LINCSCP_51603
LINCSCP_146959	-0.9978811924	0.04144933726	3	Decitabine	LSM-5855	DNMT1|DNMT3A	1.11uM	NEU	24h	LINCSCP_146959
LINCSCP_679	0.9978811063	0.0414501796	3	Skiii	LSM-2462	SPHK1	40uM	A375	24h	LINCSCP_679
LINCSCP_160178	-0.9978796581	0.0414643479	3	Neratinib	LSM-42778	EGFR|ERBB2|ERBB4	10uM	PC3	24h	LINCSCP_160178
LINCSCP_60449	0.9978794834	0.04146605651	3	BRD-K95096346	LSM-43441	NA	5uM	VCAP	24h	LINCSCP_60449
LINCSCP_4100	-0.9978793172	0.0414676821	3	BRD-K06170455	LSM-37608	NA	5uM	A375	6h	LINCSCP_4100
LINCSCP_68032	0.9978770715	0.04148963984	3	13-Hydroxy-8,14,19-trimethoxy-4,10,12,16-tetramethyl-3,20,22-trioxo-2-azabicyclo[16.3.1]docosa-1(21),4,6,10,18-pentaen-9-yl carbamate	LSM-42815	HSP90AA1	10uM	PC3	24h	LINCSCP_68032
LINCSCP_53642	-0.997876068	0.04149944812	3	Teniposide	LSM-1483	TOP2A	1uM	SNU1040	6h	LINCSCP_53642
LINCSCP_128904	-0.9978735377	0.04152416959	3	852475-26-4	LSM-43291	NA	0.12uM	HUVEC	24h	LINCSCP_128904
LINCSCP_210347	-0.9978730436	0.0415289953	3	CID755673	LSM-2050	NA	10uM	HA1E	6h	LINCSCP_210347
LINCSCP_48434	-0.9978718358	0.04154078868	3	BRD-K28154645	LSM-38806	NA	10uM	PC3	24h	LINCSCP_48434
LINCSCP_62033	-0.9978712868	0.04154614831	3	BRD-K75111717	LSM-13030	NA	5uM	VCAP	24h	LINCSCP_62033
LINCSCP_298984	-0.997870642	0.04155244236	3	BRD-K49510739	LSM-7488	NA	5uM	VCAP	6h	LINCSCP_298984
LINCSCP_45448	-0.9978690249	0.04156822269	3	MLS003221410	LSM-1829	NA	10uM	PC3	24h	LINCSCP_45448
LINCSCP_41268	0.9978688617	0.04156981579	3	BRD-A92334183	LSM-36951	NA	10uM	NEU	6h	LINCSCP_41268
LINCSCP_280472	-0.9978681855	0.04157641183	3	Raloxifene	LSM-3425	ESR1|ESR2	0.37uM	PC3	24h	LINCSCP_280472
LINCSCP_133098	0.997867965	0.04157856292	3	AZD-5438	LSM-1159	CDK1|CDK10|CDK11B|CDK12|CDK13|CDK14|CDK15|CDK16|CDK17|CDK18|CDK19|CDK2|CDK20|CDK3|CDK4|CDK5|CDK6|CDK7|CDK8|CDK9	3.33uM	MCF7	3h	LINCSCP_133098
LINCSCP_57017	0.9978662247	0.04159553514	3	AC1NS4S0	LSM-43073	ATP2A1	10uM	VCAP	6h	LINCSCP_57017
LINCSCP_66408	0.9978652911	0.04160463683	3	Trichostatin A, Streptomyces Sp.	LSM-42814	HDAC1|HDAC10|HDAC3|HDAC4|HDAC6|HDAC7|HDAC8	10uM	A375	6h	LINCSCP_66408
LINCSCP_49378	0.9978643738	0.0416135779	3	Vorinostat	LSM-3828	HDAC1|HDAC2|HDAC3|HDAC6|HDAC8	10uM	PC3	6h	LINCSCP_49378
LINCSCP_83780	-0.9978643398	0.04161390952	3	Ponatinib	LSM-1151	ABL1|BCR|FGFR1|FGFR2|FGFR3|FGFR4|FLT3|KIT|RET|TEK	0.12uM	ASC.C	24h	LINCSCP_83780
LINCSCP_69111	0.9978635002	0.04162209138	3	Buparlisib	LSM-1148	PIK3CA|PIK3CB|PIK3CD|PIK3CG|PIK3R1|PIK3R2|PIK3R3|PIK3R5	10uM	A375	24h	LINCSCP_69111
LINCSCP_113619	-0.9978626188	0.04163067977	3	13-Hydroxy-8,14,19-trimethoxy-4,10,12,16-tetramethyl-3,20,22-trioxo-2-azabicyclo[16.3.1]docosa-1(21),4,6,10,18-pentaen-9-yl carbamate	LSM-42815	HSP90AA1	10uM	HME1	3h	LINCSCP_113619
LINCSCP_148655	0.9978622261	0.04163450511	3	MLN-0128	LSM-1206	MTOR	0.04uM	NPC	24h	LINCSCP_148655
LINCSCP_16693	0.9978597089	0.04165901869	3	Erlotinib	LSM-1097	EGFR	10uM	HA1E	6h	LINCSCP_16693
LINCSCP_50400	-0.9978596149	0.04165993401	3	Dropropizine	LSM-4385	NA	10uM	PHH	6h	LINCSCP_50400
LINCSCP_155389	0.9978595238	0.04166082008	3	Sepantronium	LSM-5399	BIRC5	0.12uM	PC3	24h	LINCSCP_155389
LINCSCP_49521	-0.9978594086	0.04166194224	3	SCHEMBL16980366	LSM-6847	NA	1.11uM	PC3	24h	LINCSCP_49521
LINCSCP_7706	0.9978593041	0.04166295926	3	3,5-Bis(4-methylbenzylidene)piperidin-4-one	LSM-2827	SENP2|USP1|USP2|USP7	10uM	A549	6h	LINCSCP_7706
LINCSCP_242886	-0.9978582805	0.04167292285	3	SMR000543856	LSM-2149	NA	10uM	MCF7	24h	LINCSCP_242886
LINCSCP_39947	0.9978577323	0.04167825702	3	Quiflapon	LSM-6242	ALOX5AP	80uM	NCIH1836	6h	LINCSCP_39947
LINCSCP_114709	0.9978572038	0.04168339969	3	WHI-P97	LSM-1033	JAK3	10uM	HME1	24h	LINCSCP_114709
LINCSCP_110165	-0.9978564491	0.04169074255	3	179324-69-7	LSM-6281	ADRM1|PSMA1|PSMA2|PSMA3|PSMA4|PSMA5|PSMA6|PSMA7|PSMA8|PSMB1|PSMB10|PSMB11|PSMB2|PSMB3|PSMB4|PSMB5|PSMB6|PSMB7|PSMB8|PSMB9|PSMC1|PSMC2|PSMC3|PSMC4|PSMC5|PSMC6|PSMD1|PSMD11|PSMD12|PSMD13|PSMD14|PSMD2|PSMD3|PSMD4|PSMD6|PSMD7|PSMD8|SEM1	20uM	HELA	24h	LINCSCP_110165
LINCSCP_51301	0.9978563684	0.04169152737	3	AZ628	LSM-1050	BRAF|RAF1	10uM	SKBR3	24h	LINCSCP_51301
LINCSCP_59751	-0.9978559806	0.0416952994	3	BRD-K29745382	LSM-38890	NA	5uM	VCAP	6h	LINCSCP_59751
LINCSCP_37657	0.9978549994	0.04170484298	3	CHEMBL2135770	LSM-38343	NA	3uM	MCF7	24h	LINCSCP_37657
LINCSCP_293964	-0.9978530467	0.04172382847	3	(+)-Taxifolin	LSM-5990	ADIPOR2	10uM	VCAP	24h	LINCSCP_293964
LINCSCP_213179	-0.9978528946	0.04172530654	3	CHEMBL2381524	LSM-44612	NA	3.33uM	HA1E	24h	LINCSCP_213179
LINCSCP_99967	-0.9978519956	0.04173404437	3	THZ-2-98-01	LSM-44946	NA	3.33uM	HCC515	24h	LINCSCP_99967
LINCSCP_109665	-0.9978483169	0.04176977933	3	Dolastatin 10	LSM-45943	NA	10uM	HELA	24h	LINCSCP_109665
LINCSCP_70601	-0.9978473131	0.04177952429	3	HMN-214	LSM-42802	CSF1R|FLT1|FLT3|FLT4|KDR|KIT|PDGFRB|RET	0.04uM	A375	24h	LINCSCP_70601
LINCSCP_25073	0.9978469818	0.0417827403	3	Tyrphostin 1	LSM-2933	NA	10uM	HT115	6h	LINCSCP_25073
LINCSCP_147634	-0.9978463698	0.04178868107	3	WZ 4002	LSM-1085	EGFR|ERBB2	0.04uM	NPC.CAS9	24h	LINCSCP_147634
LINCSCP_46685	-0.9978461953	0.0417903742	3	SCHEMBL3655059	LSM-5023	RRM1	10uM	PC3	24h	LINCSCP_46685
LINCSCP_33827	0.9978455966	0.04179618417	3	CHEMBL2136621	LSM-38354	NA	10uM	MCF7	24h	LINCSCP_33827
LINCSCP_46390	0.9978454426	0.04179767839	3	Sirolimus	LSM-42782	FKBP1A|MTOR	10uM	PC3	6h	LINCSCP_46390
LINCSCP_252860	-0.9978453577	0.04179850194	3	Ketotifen	LSM-2637	HRH1	10uM	MCF7	6h	LINCSCP_252860
LINCSCP_29464	-0.9978447476	0.04180442179	3	GW-5074	LSM-42779	RAF1	0.5uM	MCF10A	24h	LINCSCP_29464
LINCSCP_53955	-0.997844568	0.04180616467	3	PKC Beta Inhibitor	LSM-4753	PRKCB	10uM	SNUC5	6h	LINCSCP_53955
LINCSCP_81410	-0.9978432636	0.04181881677	3	GSK-3 Inhibitor IX	LSM-42780	NA	0.12uM	A549	24h	LINCSCP_81410
LINCSCP_109224	0.9978432559	0.04181889159	3	tropisetron	LSM-45589	NA	0.37uM	HELA	24h	LINCSCP_109224
LINCSCP_25252	0.9978424634	0.04182657664	3	Dubinidine	LSM-1971	NA	10uM	HT29	24h	LINCSCP_25252
LINCSCP_258910	-0.9978411738	0.04183907961	3	BRD-K17890048	LSM-36403	NA	10uM	NEU	24h	LINCSCP_258910
LINCSCP_117362	-0.9978407091	0.04184358368	3	Azacitidine	LSM-5218	DNMT1|DNMT3A	0.37uM	HT29	24h	LINCSCP_117362
LINCSCP_166981	-0.9978404109	0.04184647415	3	MG-132	LSM-1107	PSMB1	20uM	YAPC	24h	LINCSCP_166981
LINCSCP_69923	0.9978369975	0.04187954445	3	MLN-0128	LSM-1206	MTOR	0.04uM	A375	24h	LINCSCP_69923
LINCSCP_67332	0.9978364587	0.04188476114	3	Wortmannin	LSM-3947	PIK3CA|PIK3CG|PLK1	10uM	MCF7	6h	LINCSCP_67332
LINCSCP_173149	0.9978362691	0.04188659718	3	ETHYLENEDIAMINE TETRACETATE TETRA-ETHANOLAMINE	LSM-45734	NA	1.11uM	YAPC	24h	LINCSCP_173149
LINCSCP_159256	-0.9978318876	0.04192900055	3	CC-401	LSM-1186	NA	1.11uM	PC3	24h	LINCSCP_159256
LINCSCP_136094	0.9978309488	0.04193808107	3	Merimepodib	LSM-45503	NA	10uM	MCF7	24h	LINCSCP_136094
LINCSCP_51548	-0.9978307855	0.04193966067	3	GSK-3 Inhibitor IX	LSM-42780	GSK3A|GSK3B	1uM	SKBR3	6h	LINCSCP_51548
LINCSCP_146958	-0.9978305481	0.0419419561	3	Decitabine	LSM-5855	DNMT1|DNMT3A	3.33uM	NEU	24h	LINCSCP_146958
LINCSCP_81960	0.9978291567	0.04195540837	3	BRD-A25736793	LSM-43054	MTOR	0.04uM	A549	24h	LINCSCP_81960
LINCSCP_106853	-0.9978279786	0.04196679532	3	INOSITOL	LSM-45237	NA	1.11uM	HELA	24h	LINCSCP_106853
LINCSCP_157558	-0.9978279306	0.04196725919	3	Idelalisib	LSM-1205	PIK3CD|PIK3CG	0.04uM	PC3	24h	LINCSCP_157558
LINCSCP_10352	-0.9978276458	0.04197001181	3	Dalcetrapib	LSM-6227	CETP	80uM	A673	6h	LINCSCP_10352
LINCSCP_33520	-0.9978274967	0.0419714522	3	Talibegron	LSM-3433	ADRB3	10uM	MCF7	6h	LINCSCP_33520
LINCSCP_25327	0.9978209312	0.04203484814	3	15-Benzyl-4-cyclopropylmethyl-10,17-dihydroxy-(1S,13R,15R,17S)-12-oxa-4-azapentacyclo[9.6.1.01,13.05,17.07,18]octadeca-7,9,11(18)-trien-14-one	LSM-42826	OPRD1	10uM	HT29	6h	LINCSCP_25327
LINCSCP_192402	-0.9978179007	0.04206407852	3	AC1L1E8W	LSM-1832	ADORA1|ADORA2A	10uM	A549	6h	LINCSCP_192402
LINCSCP_99637	-0.9978174637	0.0420682922	3	Erlotinib	LSM-1097	EGFR	3.33uM	HCC515	24h	LINCSCP_99637
LINCSCP_3656	-0.9978174189	0.0420687238	3	BRD-K96697180	LSM-36441	NA	10uM	A375	24h	LINCSCP_3656
LINCSCP_165322	0.9978152345	0.04208977786	3	CHEMBL3182395	LSM-1164	MAP2K5|MAPK7	10uM	SKL	24h	LINCSCP_165322
LINCSCP_94214	-0.9978152056	0.04209005617	3	CEP-18770 (Delanzomib)	LSM-45410	NA	0.37uM	HA1E	24h	LINCSCP_94214
LINCSCP_73033	0.99781455	0.04209637357	3	heraclenol	LSM-45686	NA	10uM	A375	24h	LINCSCP_73033
LINCSCP_35408	0.9978142305	0.04209945147	3	Tacedinaline	LSM-19036	HDAC1|HDAC10|HDAC11|HDAC2|HDAC3|HDAC4|HDAC5|HDAC6|HDAC7|HDAC8|HDAC9	3uM	MCF7	24h	LINCSCP_35408
LINCSCP_14732	0.9978131073	0.04211027084	3	Suloctidil	LSM-1469	NA	10uM	HA1E	24h	LINCSCP_14732
LINCSCP_179932	0.9978119816	0.04212111149	3	Hyoscine N-Oxide	LSM-1606	CHRM1|CHRM2|CHRM3|CHRM4	10uM	A375	6h	LINCSCP_179932
LINCSCP_166108	-0.9978106707	0.0421337322	3	Dabrafenib	LSM-6303	BRAF	10uM	SKL	24h	LINCSCP_166108
LINCSCP_116576	-0.9978099302	0.04214086004	3	BI-2536	LSM-1041	PLK1	0.04uM	HT29	24h	LINCSCP_116576
LINCSCP_291595	-0.9978093954	0.04214600651	3	Amiodarone	LSM-2379	KCNH2	10uM	VCAP	24h	LINCSCP_291595
LINCSCP_21655	0.9978088649	0.0421511119	3	BAY-117821	LSM-42889	NA	10uM	HEPG2	6h	LINCSCP_21655
LINCSCP_21814	0.9978086381	0.0421532933	3	ST50591990	LSM-42844	NA	10uM	HEPG2	6h	LINCSCP_21814
LINCSCP_111527	0.997807616	0.04216312644	3	Momelotinib	LSM-1141	JAK1|JAK2	0.12uM	HEPG2	24h	LINCSCP_111527
LINCSCP_53754	0.9978071443	0.04216766375	3	L-Sulforaphane	LSM-4919	NFE2L2	10uM	SNUC4	6h	LINCSCP_53754
LINCSCP_19050	-0.9978062205	0.04217654802	3	Dexamethasone Acetate	LSM-1915	NR3C1	10uM	HCC515	6h	LINCSCP_19050
LINCSCP_60045	-0.9978061642	0.04217708974	3	BRD-K50965411	LSM-7501	NA	5uM	VCAP	24h	LINCSCP_60045
LINCSCP_147359	-0.9978051744	0.04218660644	3	WHI-P97	LSM-1033	JAK3	3.33uM	NEU	24h	LINCSCP_147359
LINCSCP_164809	-0.9978046536	0.04219161381	3	Resveratrol	LSM-42917	PTGS1|PTGS2|SIRT1	3.33uM	SKL.C	24h	LINCSCP_164809
LINCSCP_195501	-0.9978024201	0.04221307781	3	BRD-K87851508	LSM-13819	NA	5uM	A549	24h	LINCSCP_195501
LINCSCP_113125	0.9977984674	0.04225103871	3	BMS-387032	LSM-1132	CDK2|CDK7|CDK9	0.37uM	HME1	24h	LINCSCP_113125
LINCSCP_145677	-0.9977977654	0.04225777725	3	GSK-3 Inhibitor IX	LSM-42780	NA	1.11uM	MDAMB231	3h	LINCSCP_145677
LINCSCP_63779	-0.9977973705	0.04226156694	3	BRD-K14385562	LSM-9298	NA	5uM	VCAP	6h	LINCSCP_63779
LINCSCP_251377	0.9977968794	0.04226627999	3	Pictilisib	LSM-1047	PIK3CA|PIK3CB|PIK3CD|PIK3CG|PIK3R1|PIK3R2|PIK3R3|PIK3R5	0.5uM	MCF7	24h	LINCSCP_251377
LINCSCP_66769	0.9977964593	0.04227031033	3	Wortmannin	LSM-3947	PIK3CA|PIK3CG|PLK1	10uM	HA1E	6h	LINCSCP_66769
LINCSCP_29151	0.9977955085	0.04227943288	3	CHEMBL520231	LSM-43280	XPO1	10uM	JHUEM2	6h	LINCSCP_29151
LINCSCP_128287	-0.9977954757	0.04227974763	3	BMS-509744	LSM-1137	NA	0.04uM	HUES3	24h	LINCSCP_128287
LINCSCP_19494	0.9977941729	0.04229224296	3	Narciclasine	LSM-4934	RHOA	10uM	HCC515	6h	LINCSCP_19494
LINCSCP_170853	-0.9977939403	0.04229447391	3	Anandamide	LSM-43816	CNR1|CNR2|TRPV1	0.04uM	YAPC	24h	LINCSCP_170853
LINCSCP_137954	0.9977928756	0.04230468209	3	Meisoindigo	LSM-45840	NA	1.11uM	MCF7	24h	LINCSCP_137954
LINCSCP_46146	0.9977922433	0.04231074386	3	Oligomycin C	LSM-43165	ATP5A1	10uM	PC3	6h	LINCSCP_46146
LINCSCP_156086	-0.9977915093	0.04231777877	3	Methazolamide	LSM-5311	CA1|CA2|CA4|CA7	3.33uM	PC3	24h	LINCSCP_156086
LINCSCP_256624	-0.9977906229	0.04232627375	3	TW 37	LSM-6236	BCL2|BCL2L1|MCL1	10uM	NCIH1694	6h	LINCSCP_256624
LINCSCP_128310	-0.9977903242	0.04232913613	3	Vandetanib	LSM-1199	EGFR|EPHA1|EPHA10|EPHA2|EPHA3|EPHA4|EPHA5|EPHA6|EPHA7|EPHA8|EPHB1|EPHB2|EPHB3|EPHB4|EPHB6|ERBB2|ERBB3|ERBB4|FLT1|FLT4|KDR|PTK6|RET|SRC|TEK	1.11uM	HUES3	24h	LINCSCP_128310
LINCSCP_158219	-0.9977889078	0.0423427053	3	Ivacaftor (VX-770)	LSM-45975	CFTR	1.11uM	PC3	24h	LINCSCP_158219
LINCSCP_99	0.9977882792	0.0423487262	3	YM90709	LSM-2128	IL5RA	10uM	A375	6h	LINCSCP_99
LINCSCP_43005	-0.9977868057	0.04236283567	3	BRD-K43568193	LSM-11082	NA	10uM	NPC	24h	LINCSCP_43005
LINCSCP_51062	-0.9977843769	0.04238608294	3	SCHEMBL3092652	LSM-6193	DPP4	10uM	RMUGS	6h	LINCSCP_51062
LINCSCP_149386	-0.9977835075	0.04239440133	3	Regorafenib	LSM-1226	ABL1|BRAF|DDR2|FGFR1|FGFR2|FLT1|FLT4|FRK|KDR|KIT|MAPK11|PDGFRA|PDGFRB|RAF1|RET|TEK	3.33uM	NPC	24h	LINCSCP_149386
LINCSCP_3248	-0.9977823139	0.04240581909	3	BRD-K09130601	LSM-8983	NA	5uM	A375	24h	LINCSCP_3248
LINCSCP_20111	0.9977811536	0.0424169147	3	ST056792	LSM-4625	NA	10uM	HCC515	6h	LINCSCP_20111
LINCSCP_188424	-0.9977805973	0.04242223324	3	CID755673	LSM-2050	NA	10uM	A549	6h	LINCSCP_188424
LINCSCP_16986	0.9977804772	0.0424233817	3	MLS001032825	LSM-4826	NA	10uM	HA1E	6h	LINCSCP_16986
LINCSCP_279386	0.9977786528	0.0424408207	3	Wortmannin	LSM-3947	PIK3CA|PIK3CG|PLK1	1uM	PC3	6h	LINCSCP_279386
LINCSCP_100868	0.9977780071	0.04244699047	3	Pyrazolanthrone	LSM-1163	MAPK10|MAPK8|MAPK9|TTK	1.11uM	HCC515	24h	LINCSCP_100868
LINCSCP_94984	-0.9977767696	0.04245881286	3	Curcumin	LSM-43083	PTGS1|PTGS2	10uM	HA1E	24h	LINCSCP_94984
LINCSCP_116108	-0.997773957	0.04248567165	3	AS-605240	LSM-42784	PIK3CG	0.12uM	HS578T	3h	LINCSCP_116108
LINCSCP_47764	0.9977732562	0.04249236202	3	Ipsapirone	LSM-4026	HTR1A	10uM	PC3	6h	LINCSCP_47764
LINCSCP_19339	0.9977729819	0.04249497997	3	Valproic acid	LSM-4620	ABAT|ALDH5A1|HDAC1|SCN1A|SCN3A	10uM	HCC515	24h	LINCSCP_19339
LINCSCP_24443	-0.997771293	0.04251109611	3	SCHEMBL618594	LSM-1070	NA	0.1uM	HS578T	6h	LINCSCP_24443
LINCSCP_121537	-0.9977708633	0.04251519552	3	Ixabepilone	LSM-43293	TUBA1A|TUBA1B|TUBA1C|TUBA3E|TUBA4A|TUBB|TUBB1|TUBB2A|TUBB2B|TUBB3|TUBB4A|TUBB4B|TUBB6|TUBB8	1.11uM	HT29	24h	LINCSCP_121537
LINCSCP_36062	0.9977691547	0.04253149238	3	Wortmannin	LSM-3947	PIK3CA|PIK3CG|PLK1	0.5uM	MCF7	6h	LINCSCP_36062
LINCSCP_13012	-0.9977688922	0.04253399502	3	SCHEMBL7531261	LSM-36929	NA	10uM	FIBRNPC	24h	LINCSCP_13012
LINCSCP_113823	0.9977682415	0.04254019923	3	SCHEMBL17378613	LSM-5749	CSF1R	1.11uM	HME1	24h	LINCSCP_113823
LINCSCP_111292	-0.9977667917	0.04255402011	3	Dovitinib	LSM-1127	EGFR|FGFR1|FGFR2|FGFR3|FLT1|FLT3|FLT4|KDR|KIT|PDGFRA|PDGFRB	0.37uM	HEPG2	24h	LINCSCP_111292
LINCSCP_19279	0.997766127	0.04256035474	3	CHEMBL416418	LSM-6211	ASAH1|UGCG	60uM	HCC515	24h	LINCSCP_19279
LINCSCP_146376	-0.9977660443	0.0425611431	3	1166227-08-2	LSM-1204	NA	1.11uM	NEU	24h	LINCSCP_146376
LINCSCP_179980	-0.9977634016	0.0425863192	3	Limonin	LSM-2105	NA	10uM	A375	6h	LINCSCP_179980
LINCSCP_149553	-0.9977632427	0.04258783273	3	TPCA-1	LSM-1136	IKBKB	3.33uM	NPC.TAK	24h	LINCSCP_149553
LINCSCP_175601	-0.9977623463	0.04259636841	3	MG-132	LSM-1107	PSMB1	20uM	YAPC	24h	LINCSCP_175601
LINCSCP_136637	0.9977621941	0.04259781723	3	Sorafenib	LSM-1008	BRAF|DDR2|FGFR1|FLT1|FLT3|FLT4|KDR|KIT|PDGFRB|RAF1|RET	0.12uM	MCF7	24h	LINCSCP_136637
LINCSCP_145690	-0.9977619927	0.04259973566	3	Mitoxantrone	LSM-2481	TOP2A	0.37uM	MDAMB231	3h	LINCSCP_145690
LINCSCP_59367	0.9977610165	0.04260902833	3	BRD-K60297835	LSM-40570	NA	10uM	VCAP	6h	LINCSCP_59367
LINCSCP_29259	0.9977609262	0.04260988781	3	CYTO7H11	LSM-4351	BAX	10uM	LOVO	6h	LINCSCP_29259
LINCSCP_153048	-0.997760251	0.0426163148	3	AMIKACIN HYDRATE	LSM-45899	NA	0.04uM	PC3	24h	LINCSCP_153048
LINCSCP_65282	-0.9977602082	0.04261672222	3	BRD-K41908462	LSM-39585	NA	10uM	VCAP	24h	LINCSCP_65282
LINCSCP_96127	-0.9977588602	0.042629549	3	Prosteride	LSM-1842	SRD5A1|SRD5A2	10uM	HA1E	24h	LINCSCP_96127
LINCSCP_211083	0.997758325	0.04263464067	3	Wortmannin	LSM-3947	PIK3CA|PIK3CG|PLK1	10uM	HA1E	6h	LINCSCP_211083
LINCSCP_234842	-0.9977580021	0.04263771219	3	GSK429286A	LSM-1012	ROCK1	0.1uM	MCF10A	24h	LINCSCP_234842
LINCSCP_174570	0.9977569518	0.04264770164	3	BRD-K00199686	LSM-45455	NA	3.33uM	YAPC	24h	LINCSCP_174570
LINCSCP_78772	0.9977568453	0.04264871457	3	GDC-0152	LSM-45425	NA	3.33uM	A375	24h	LINCSCP_78772
LINCSCP_54779	-0.997756363	0.04265330152	3	CHEMBL607856	LSM-3321	NA	10uM	T3M10	6h	LINCSCP_54779
LINCSCP_12017	0.9977553345	0.04266308063	3	AZD-8055	LSM-1007	MTOR	10uM	BT20	6h	LINCSCP_12017
LINCSCP_162116	0.9977551548	0.04266478896	3	Apremilast (CC-10004)	LSM-45894	PDE4A|PDE4B|PDE4C|PDE4D	10uM	PC3	24h	LINCSCP_162116
LINCSCP_9471	-0.9977540947	0.04267486503	3	O-Demethylated Adapalene	LSM-6237	RARG	3uM	A549	24h	LINCSCP_9471
LINCSCP_207307	-0.9977520194	0.04269458493	3	Tyrosine O-Sulfate	LSM-36390	NA	10uM	FIBRNPC	6h	LINCSCP_207307
LINCSCP_178376	0.9977502789	0.04271111525	3	BRD-U32049204	LSM-42706	NA	10uM	A375	6h	LINCSCP_178376
LINCSCP_39138	0.9977490295	0.04272297844	3	AS601245	LSM-1034	MAPK10|MAPK8|MAPK9	10uM	MDAMB231	6h	LINCSCP_39138
LINCSCP_42405	-0.9977474204	0.04273825161	3	AC1LPBDT	LSM-4597	NA	10uM	NPC	24h	LINCSCP_42405
LINCSCP_14717	0.9977468626	0.04274354531	3	Niclosamide	LSM-2787	STAT3	10uM	HA1E	24h	LINCSCP_14717
LINCSCP_36489	-0.9977468405	0.04274375478	3	MLS002232309	LSM-5577	NA	0.1uM	MCF7	24h	LINCSCP_36489
LINCSCP_291157	0.9977463661	0.04274825566	3	CGS-15943	LSM-3076	ADORA1|ADORA2A|ADORA2B	10uM	VCAP	24h	LINCSCP_291157
LINCSCP_37073	0.9977449308	0.04276187173	3	SA-1939938	LSM-37441	NA	3uM	MCF7	6h	LINCSCP_37073
LINCSCP_144719	-0.997743124	0.04277900539	3	AZD-8330	LSM-1165	MAP2K1|MAP2K2	1.11uM	MDAMB231	24h	LINCSCP_144719
LINCSCP_38115	-0.9977419522	0.04279011413	3	BRD-K96072301	LSM-42485	NA	3uM	MCF7	6h	LINCSCP_38115
LINCSCP_49654	-0.9977403932	0.04280488824	3	Genistein	LSM-5549	CFTR|ESR2	0.04uM	PC3	24h	LINCSCP_49654
LINCSCP_215680	-0.9977392332	0.04281587855	3	MLS-0342317.0001	LSM-2539	NA	10uM	HCC515	6h	LINCSCP_215680
LINCSCP_69688	0.9977382448	0.04282524024	3	Sirolimus	LSM-42783	FKBP1A|MTOR	10uM	A375	24h	LINCSCP_69688
LINCSCP_57222	0.9977379808	0.04282774022	3	MLS000106215	LSM-4009	NA	100uM	VCAP	6h	LINCSCP_57222
LINCSCP_28487	-0.9977378081	0.04282937634	3	Tubastatin A	LSM-4806	HDAC6	10uM	HT29	24h	LINCSCP_28487
LINCSCP_24465	-0.9977374556	0.04283271424	3	Seliciclib	LSM-1001	CDK1|CDK2|CDK5|CDK7|CDK9	0.5uM	HS578T	6h	LINCSCP_24465
LINCSCP_140366	-0.9977367703	0.04283920236	3	Dapsone	LSM-5714	DHFR	0.37uM	MCF7	24h	LINCSCP_140366
LINCSCP_67699	-0.9977361009	0.04284553969	3	Wortmannin	LSM-3947	PIK3CA|PIK3CG|PLK1	10uM	NEU	24h	LINCSCP_67699
LINCSCP_165484	0.9977343846	0.04286178391	3	BRD-A25736793	LSM-43054	MTOR	10uM	SKL	24h	LINCSCP_165484
LINCSCP_260199	-0.9977335563	0.04286962106	3	BML-266	LSM-37241	NA	10uM	NEU	6h	LINCSCP_260199
LINCSCP_29798	0.9977307469	0.04289619326	3	SCHEMBL15556278	LSM-1002	DDR1	1uM	MCF10A	6h	LINCSCP_29798
LINCSCP_55205	0.9977300468	0.0429028118	3	Rottlerin	LSM-42845	NA	10uM	TYKNU	6h	LINCSCP_55205
LINCSCP_44181	0.9977297859	0.04290527872	3	Cyclosporin A	LSM-1703	PPIA|PPP3CA	10uM	PC3	24h	LINCSCP_44181
LINCSCP_233815	-0.9977285954	0.04291653083	3	Genistein	LSM-5549	CFTR|ESR2	10uM	HT29	24h	LINCSCP_233815
LINCSCP_129117	-0.9977284312	0.04291808313	3	Pyrazolanthrone	LSM-1163	MAPK10|MAPK8|MAPK9|TTK	0.12uM	HUVEC	24h	LINCSCP_129117
LINCSCP_10039	-0.9977273705	0.04292810537	3	SCHEMBL16980377	LSM-6821	NA	0.12uM	A549	24h	LINCSCP_10039
LINCSCP_8137	0.9977270548	0.0429310885	3	BRD-K33326988	LSM-39098	NA	5uM	A549	24h	LINCSCP_8137
LINCSCP_114602	0.9977258035	0.04294290871	3	GSK 1059615	LSM-42799	PIK3CA|PIK3CB|PIK3CD|PIK3CG	3.33uM	HME1	24h	LINCSCP_114602
LINCSCP_70297	-0.9977258019	0.04294292344	3	Resveratrol	LSM-42917	PTGS1|PTGS2|SIRT1	0.12uM	A375	24h	LINCSCP_70297
LINCSCP_251179	0.997724572	0.04295453863	3	PRL-3InhibitorI	LSM-43277	PTP4A3	10uM	MCF7	6h	LINCSCP_251179
LINCSCP_13594	-0.9977241957	0.0429580913	3	Rucaparib	LSM-4947	PARP1|PARP2|PARP3	10uM	H1299	6h	LINCSCP_13594
LINCSCP_221500	0.9977233402	0.04296616743	3	Wortmannin	LSM-3947	PIK3CA|PIK3CG|PLK1	10uM	HEPG2	6h	LINCSCP_221500
LINCSCP_171920	0.9977232356	0.04296715528	3	MG-132	LSM-1107	PSMB1	20uM	YAPC	24h	LINCSCP_171920
LINCSCP_180234	-0.9977230637	0.04296877812	3	Docosatrienoic acid (22:3 n-3)	LSM-42841	NA	10uM	A375	6h	LINCSCP_180234
LINCSCP_261898	0.9977214122	0.04298436357	3	ZSTK 474	LSM-1053	PIK3CG	10uM	NPC	24h	LINCSCP_261898
LINCSCP_22309	0.9977203037	0.04299482228	3	BRD-K07395346	LSM-6078	NA	10uM	HEPG2	6h	LINCSCP_22309
LINCSCP_45534	0.9977190884	0.04300628486	3	ML179	LSM-3734	NA	10uM	PC3	24h	LINCSCP_45534
LINCSCP_126172	0.9977186437	0.04301047884	3	SIN-1, Hydrochloride	LSM-45857	NA	10uM	HT29	24h	LINCSCP_126172
LINCSCP_193528	0.9977186167	0.04301073393	3	Parthenolide	LSM-43090	NA	10uM	A549	6h	LINCSCP_193528
LINCSCP_163282	0.9977175267	0.04302101149	3	Buparlisib	LSM-1148	PIK3CA|PIK3CB|PIK3CD|PIK3CG|PIK3R1|PIK3R2|PIK3R3|PIK3R5	0.04uM	SKBR3	3h	LINCSCP_163282
LINCSCP_72549	0.9977162417	0.04303312419	3	Naringenin	LSM-1927	CYP19A1|ESR2	3.33uM	A375	24h	LINCSCP_72549
LINCSCP_162894	-0.9977161479	0.04303400798	3	C21H27N7O3	LSM-1128	AKT1|AKT2|AKT3|PRKCQ	10uM	SKBR3	24h	LINCSCP_162894
LINCSCP_239800	-0.9977142485	0.04305190625	3	AC1NZGSN	LSM-44975	NA	10uM	MCF7	6h	LINCSCP_239800
LINCSCP_113838	-0.9977135998	0.04305801723	3	Allitinib	LSM-1225	NA	0.04uM	HME1	24h	LINCSCP_113838
LINCSCP_17370	0.9977134682	0.04305925691	3	Sirolimus	LSM-42782	FKBP1A|MTOR	1.11uM	HA1E	24h	LINCSCP_17370
LINCSCP_89454	0.997712469	0.04306866778	3	DMXAA (Vadimezan)	LSM-45482	NA	1.11uM	HA1E	24h	LINCSCP_89454
LINCSCP_282105	-0.9977123795	0.04306951069	3	Ntzdpa	LSM-3219	PPARG	10uM	PHH	24h	LINCSCP_282105
LINCSCP_306821	0.997711757	0.04307537251	3	BRD-K56731825	LSM-11857	NA	5uM	VCAP	24h	LINCSCP_306821
LINCSCP_41028	0.997711035	0.04308217065	3	Lamotrigine	LSM-4104	SCN10A|SCN11A|SCN1A|SCN2A|SCN3A|SCN4A|SCN5A|SCN7A|SCN8A|SCN9A	10uM	NEU	24h	LINCSCP_41028
LINCSCP_155636	0.9977103092	0.04308900303	3	179324-69-7	LSM-6281	ADRM1|PSMA1|PSMA2|PSMA3|PSMA4|PSMA5|PSMA6|PSMA7|PSMA8|PSMB1|PSMB10|PSMB11|PSMB2|PSMB3|PSMB4|PSMB5|PSMB6|PSMB7|PSMB8|PSMB9|PSMC1|PSMC2|PSMC3|PSMC4|PSMC5|PSMC6|PSMD1|PSMD11|PSMD12|PSMD13|PSMD14|PSMD2|PSMD3|PSMD4|PSMD6|PSMD7|PSMD8|SEM1	20uM	PC3	24h	LINCSCP_155636
LINCSCP_73395	-0.9977094465	0.04309712251	3	LXR-623	LSM-45897	NR1H2|NR1H3	0.12uM	A375	24h	LINCSCP_73395
LINCSCP_44781	-0.9977084791	0.04310622579	3	Dubinidine	LSM-1971	NA	10uM	PC3	6h	LINCSCP_44781
LINCSCP_252010	-0.9977074831	0.0431155963	3	Canertinib	LSM-1120	EGFR|ERBB2|ERBB4	0.5uM	MCF7	6h	LINCSCP_252010
LINCSCP_65018	-0.9977067762	0.04312224589	3	CHEMBL2142072	LSM-10239	NA	10uM	VCAP	6h	LINCSCP_65018
LINCSCP_45084	0.9977055851	0.04313344701	3	Artesunate	LSM-4916	NA	10uM	PC3	6h	LINCSCP_45084
LINCSCP_39997	-0.9977053256	0.04313588783	3	pyrvinium-pamoate	NA	AR	10uM	NCIH1836	6h	LINCSCP_39997
LINCSCP_114131	-0.9977042136	0.04314634189	3	AGK 2	LSM-43196	SIRT2	10uM	HME1	24h	LINCSCP_114131
LINCSCP_36707	-0.9977023243	0.04316409863	3	WZ 4002	LSM-1085	EGFR|ERBB2	1uM	MCF7	6h	LINCSCP_36707
LINCSCP_146223	0.9977020271	0.0431668915	3	BRD-A25736793	LSM-43054	MTOR	10uM	MNEU.E	24h	LINCSCP_146223
LINCSCP_55109	-0.9977002721	0.04318337787	3	CHEMBL2204241	LSM-36798	NA	0.5uM	THP1	24h	LINCSCP_55109
LINCSCP_93011	0.9976999498	0.04318640524	3	Lisofylline	LSM-45727	NA	0.37uM	HA1E	24h	LINCSCP_93011
LINCSCP_192965	-0.9976994519	0.04319108131	3	Pravastatin	LSM-3347	HMGCR	10uM	A549	6h	LINCSCP_192965
LINCSCP_211536	0.997698626	0.04319883574	3	Wortmannin	LSM-3947	PIK3CA|PIK3CG|PLK1	10uM	HA1E	6h	LINCSCP_211536
LINCSCP_22968	0.9976985064	0.04319995939	3	SCHEMBL1670775	LSM-3483	NA	10uM	HEPG2	6h	LINCSCP_22968
LINCSCP_118591	-0.9976979524	0.04320516024	3	Bosutinib	LSM-1190	ABL1|BCR|CAMK2G|HCK|LYN|SRC	0.12uM	HT29	24h	LINCSCP_118591
LINCSCP_214491	0.9976968959	0.04321507671	3	DH 97	LSM-2108	NA	10uM	HCC515	6h	LINCSCP_214491
LINCSCP_4828	-0.9976966196	0.0432176701	3	DC-45-A2	LSM-6274	NA	10uM	A549	6h	LINCSCP_4828
LINCSCP_9366	0.997695077	0.04323214463	3	Withaferin A	LSM-6685	IKBKB|NAMPT	3uM	A549	6h	LINCSCP_9366
LINCSCP_529	-0.9976936082	0.04324592302	3	AM 281	LSM-3318	CNR1	10uM	A375	6h	LINCSCP_529
LINCSCP_39987	0.9976927572	0.04325390344	3	Tozasertib	LSM-1021	ABL1|AURKA|AURKB|AURKC|BCR|FLT3|JAK2	10uM	NCIH1836	6h	LINCSCP_39987
LINCSCP_36940	-0.9976917512	0.04326333553	3	BAY 61-3606	LSM-1167	SYK	1uM	MCF7	6h	LINCSCP_36940
LINCSCP_18352	-0.9976881821	0.04329678325	3	SB239063	LSM-1036	MAPK11|MAPK14	10uM	HCC515	24h	LINCSCP_18352
LINCSCP_2694	-0.9976856637	0.04332036933	3	CGS-12066A	LSM-2420	HTR1B	10uM	A375	6h	LINCSCP_2694
LINCSCP_106328	0.9976850783	0.04332584962	3	RASAGILINE	LSM-45548	MAOB	10uM	HELA	24h	LINCSCP_106328
LINCSCP_26493	-0.9976847198	0.04332920576	3	CHEMBL2356468	LSM-39552	NA	10uM	HT29	6h	LINCSCP_26493
LINCSCP_171145	-0.9976843731	0.04333245091	3	Ubenimex	LSM-3323	LTA4H|RNPEP	0.37uM	YAPC	24h	LINCSCP_171145
LINCSCP_76024	0.9976837524	0.04333826068	3	apicidin	LSM-45760	NA	0.12uM	A375	24h	LINCSCP_76024
LINCSCP_208338	0.9976803578	0.04337001867	3	Zardaverine	LSM-2833	PDE4D	10uM	HA1E	24h	LINCSCP_208338
LINCSCP_35362	-0.9976782774	0.04338947003	3	BRD-K77402297	LSM-13160	NA	10uM	MCF7	24h	LINCSCP_35362
LINCSCP_310864	0.997675629	0.04341422021	3	BRD-K72539944	LSM-41205	NA	10uM	VCAP	24h	LINCSCP_310864
LINCSCP_65786	-0.9976751141	0.04341903006	3	CHEMBL2355295	LSM-38384	NA	10uM	VCAP	6h	LINCSCP_65786
LINCSCP_100029	0.997674288	0.04342674668	3	TORIN1	LSM-1079	MTOR	0.37uM	HCC515	24h	LINCSCP_100029
LINCSCP_128090	0.9976737354	0.04343190774	3	PF-04217903	LSM-1166	MET	1.11uM	HUES3	24h	LINCSCP_128090
LINCSCP_174066	-0.9976733457	0.04343554704	3	Urapidil	LSM-5807	HTR1A	3.33uM	YAPC	24h	LINCSCP_174066
LINCSCP_227208	-0.9976731635	0.04343724806	3	EO 1428	LSM-1228	MAPK11|MAPK14	10uM	HT29	6h	LINCSCP_227208
LINCSCP_32915	-0.9976720004	0.04344810687	3	MDL 29951	LSM-3330	FBP1	10uM	MCF7	24h	LINCSCP_32915
LINCSCP_35941	-0.9976706796	0.04346043533	3	Estradiol	LSM-2421	ESR1|ESR2|NR1I2	0.1uM	MCF7	24h	LINCSCP_35941
LINCSCP_51526	0.9976690539	0.04347560438	3	AS601245	LSM-1034	MAPK10|MAPK8|MAPK9	10uM	SKBR3	6h	LINCSCP_51526
LINCSCP_51674	0.9976658357	0.04350561859	3	ZSTK 474	LSM-1053	PIK3CG	1uM	SKBR3	6h	LINCSCP_51674
LINCSCP_63386	-0.9976655811	0.0435079916	3	BRD-K51181663	LSM-11558	NA	5uM	VCAP	24h	LINCSCP_63386
LINCSCP_74502	0.9976650167	0.04351325327	3	Dofequidar (fumarate)	LSM-45877	NA	1.11uM	A375	24h	LINCSCP_74502
LINCSCP_299355	0.9976621548	0.04353992198	3	BRD-K19357327	LSM-9593	NA	5uM	VCAP	24h	LINCSCP_299355
LINCSCP_25233	0.9976616835	0.04354431174	3	Methylpromazine	LSM-1599	HRH1	10uM	HT29	24h	LINCSCP_25233
LINCSCP_310642	0.9976604207	0.04355607298	3	BRD-K69672023	LSM-41063	NA	10uM	VCAP	6h	LINCSCP_310642
LINCSCP_25102	0.9976596906	0.04356287073	3	AZD-8055	LSM-1007	MTOR	10uM	HT115	6h	LINCSCP_25102
LINCSCP_242165	-0.9976584344	0.0435745653	3	Parthenolide	LSM-43090	NA	10uM	MCF7	24h	LINCSCP_242165
LINCSCP_209939	-0.9976576305	0.04358204755	3	Nimodipine	LSM-1659	CACNA1C|CACNA1D|CACNA1F|CACNA1S|NR3C2	10uM	HA1E	24h	LINCSCP_209939
LINCSCP_23990	0.9976572783	0.04358532533	3	Estriol	LSM-2368	ESR1|ESR2	3.33uM	HEPG2	24h	LINCSCP_23990
LINCSCP_49694	-0.9976569998	0.04358791694	3	CHEMBL2358826	LSM-6851	NA	0.12uM	PC3	24h	LINCSCP_49694
LINCSCP_165730	0.9976554159	0.04360265351	3	PFI-1	LSM-6331	NA	10uM	SKL	24h	LINCSCP_165730
LINCSCP_16728	-0.9976512873	0.04364104208	3	856437-59-7	LSM-4751	NA	10uM	HA1E	6h	LINCSCP_16728
LINCSCP_294562	0.9976495439	0.04365724233	3	BRD-K21165668	LSM-38416	NA	10uM	VCAP	6h	LINCSCP_294562
LINCSCP_69359	-0.9976473587	0.04367753874	3	GSK-3 Inhibitor IX	LSM-42780	NA	0.37uM	A375	24h	LINCSCP_69359
LINCSCP_89937	-0.9976461395	0.04368885903	3	Belinostat	LSM-43181	HDAC1|HDAC10|HDAC11|HDAC2|HDAC3|HDAC4|HDAC5|HDAC6|HDAC7|HDAC8|HDAC9	10uM	HA1E	24h	LINCSCP_89937
LINCSCP_29655	0.9976448839	0.04370051523	3	HG6-64-1	LSM-43248	NA	0.1uM	MCF10A	24h	LINCSCP_29655
LINCSCP_48889	-0.9976436823	0.04371166616	3	BRD-K75828577	LSM-41397	NA	10uM	PC3	6h	LINCSCP_48889
LINCSCP_85870	-0.9976423222	0.04372428487	3	Saracatinib	LSM-1032	ABL1|SRC	0.12uM	BT20	24h	LINCSCP_85870
LINCSCP_157523	0.9976418991	0.04372820905	3	GSK1292263	LSM-45911	NA	10uM	PC3	24h	LINCSCP_157523
LINCSCP_91115	0.9976395033	0.04375042629	3	Benzbromarone	LSM-2239	NA	0.37uM	HA1E	24h	LINCSCP_91115
LINCSCP_278779	-0.9976390413	0.0437547085	3	BRD-K14187559	LSM-15112	NA	10uM	PC3	24h	LINCSCP_278779
LINCSCP_87575	-0.9976384445	0.04376024054	3	SCHEMBL3954849	LSM-5982	NA	10uM	HA1E	24h	LINCSCP_87575
LINCSCP_13832	-0.9976383378	0.04376123021	3	SCHEMBL12636892	LSM-1559	OXTR	10uM	HA1E	6h	LINCSCP_13832
LINCSCP_117708	0.9976380727	0.04376368697	3	Dasatinib	LSM-1020	ABL1|BCR|BLK|EPHA2|FGR|FRK|FYN|HCK|KIT|LCK|LYN|PDGFRB|SRC|SRMS|YES1	0.37uM	HT29	24h	LINCSCP_117708
LINCSCP_973	0.9976370053	0.0437735786	3	PIK 75	LSM-44948	PIK3CA	0.1uM	A375	6h	LINCSCP_973
LINCSCP_79493	0.9976350032	0.04379212619	3	Olmesartan Medoxomil	LSM-3767	AGTR1	10uM	A375	24h	LINCSCP_79493
LINCSCP_105512	-0.9976347241	0.04379471089	3	Camptothecin	LSM-4611	TOP1	0.04uM	HELA	24h	LINCSCP_105512
LINCSCP_90517	-0.997629249	0.04384538904	3	Marimastat	LSM-45636	NA	0.12uM	HA1E	24h	LINCSCP_90517
LINCSCP_41181	-0.9976285431	0.04385191899	3	Dmocp	LSM-37017	NA	10uM	NEU	24h	LINCSCP_41181
LINCSCP_162313	0.9976281625	0.04385543901	3	Sertaconazole	LSM-1938	NA	0.04uM	PC3	24h	LINCSCP_162313
LINCSCP_108329	0.9976279156	0.04385772219	3	Aminosalicylic acid	LSM-5862	PTGS1|PTGS2	10uM	HELA	24h	LINCSCP_108329
LINCSCP_18545	0.9976277485	0.04385926822	3	TyrphostinAG835	LSM-42895	EGFR	10uM	HCC515	24h	LINCSCP_18545
LINCSCP_111821	-0.997626943	0.04386671666	3	ZSTK 474	LSM-1053	PIK3CG	0.12uM	HEPG2	24h	LINCSCP_111821
LINCSCP_31079	0.9976262665	0.0438729714	3	MLS001172197	LSM-3527	NA	10uM	MCF7	6h	LINCSCP_31079
LINCSCP_94116	0.9976262129	0.04387346654	3	GSK1292263	LSM-45911	NA	3.33uM	HA1E	24h	LINCSCP_94116
LINCSCP_12180	-0.9976258774	0.04387656797	3	AZD-1775	LSM-1153	WEE1	10uM	BT20	24h	LINCSCP_12180
LINCSCP_37133	-0.9976245343	0.04388898237	3	BRD-K44887903	LSM-11159	NA	3uM	MCF7	6h	LINCSCP_37133
LINCSCP_74206	0.9976237963	0.04389580262	3	Theobromine	LSM-5483	NA	0.04uM	A375	24h	LINCSCP_74206
LINCSCP_37443	-0.9976225769	0.04390706828	3	BRD-K24621485	LSM-9922	NA	3uM	MCF7	24h	LINCSCP_37443
LINCSCP_106912	-0.9976209666	0.04392194161	3	Ibutamoren (Mesylate)	LSM-45605	NA	3.33uM	HELA	24h	LINCSCP_106912
LINCSCP_267933	-0.997618927	0.04394077274	3	MLS002460474	LSM-3256	NA	10uM	PC3	6h	LINCSCP_267933
LINCSCP_82618	-0.9976160517	0.04396730561	3	Rigosertib	LSM-44531	CDK1|F2R|FLT1|FYN|PDGFRA|PLK1|PLK2|SRC	0.12uM	A549	24h	LINCSCP_82618
LINCSCP_144396	-0.9976151115	0.04397597821	3	BMN 673	LSM-45245	NA	3.33uM	MCF7	24h	LINCSCP_144396
LINCSCP_2506	-0.9976150394	0.04397664354	3	SPECTRUM_000826	LSM-1243	NR3C1	10uM	A375	6h	LINCSCP_2506
LINCSCP_167289	-0.9976141712	0.04398465038	3	CICLESONIDE	LSM-45682	NR3C1	3.33uM	YAPC	24h	LINCSCP_167289
LINCSCP_173646	-0.9976134667	0.04399114666	3	Repaglinide	LSM-3863	ABCC8|KCNJ11	3.33uM	YAPC	24h	LINCSCP_173646
LINCSCP_12027	-0.9976127709	0.0439975609	3	Crizotinib	LSM-1027	ALK|MET	0.1uM	BT20	6h	LINCSCP_12027
LINCSCP_2651	0.9976120929	0.04400381081	3	Mycophenolate Mofetil	LSM-43041	IMPDH1|IMPDH2	10uM	A375	6h	LINCSCP_2651
LINCSCP_29525	-0.9976111521	0.04401248232	3	Dasatinib	LSM-1020	ABL1|BCR|BLK|EPHA2|FGR|FRK|FYN|HCK|KIT|LCK|LYN|PDGFRB|SRC|SRMS|YES1	10uM	MCF10A	24h	LINCSCP_29525
LINCSCP_45672	0.9976099664	0.04402340839	3	CHEMBL1551506	LSM-2315	NA	10uM	PC3	24h	LINCSCP_45672
LINCSCP_25974	0.9976086104	0.04403589985	3	MLS000089581	LSM-3886	NA	10uM	HT29	24h	LINCSCP_25974
LINCSCP_127612	0.9976060854	0.04405915135	3	EMD-1214063	LSM-45557	MET	10uM	HT29	24h	LINCSCP_127612
LINCSCP_49027	-0.9976056169	0.0440634637	3	BRD-K83007718	LSM-41808	NA	10uM	PC3	24h	LINCSCP_49027
LINCSCP_99717	-0.9976055681	0.044063913	3	Alvocidib	LSM-1011	CDK1|CDK2|CDK4|CDK5|CDK6|CDK7|CDK8|CDK9|EGFR|PYGM	0.37uM	HCC515	24h	LINCSCP_99717
LINCSCP_74692	-0.9976042489	0.04407605425	3	BRD-K00486725	LSM-45808	NA	0.04uM	A375	24h	LINCSCP_74692
LINCSCP_54744	-0.9976037904	0.04408027355	3	M3M3FBS	LSM-2196	PLCB2|PLCB3|PLCD1|PLCG1|PLCG2	80uM	T3M10	6h	LINCSCP_54744
LINCSCP_26746	-0.9976030267	0.04408730019	3	Linifanib	LSM-1183	CSF1R|FLT1|FLT3|FLT4|KDR|PDGFRA|PDGFRB	10uM	HT29	6h	LINCSCP_26746
LINCSCP_117630	-0.9976005253	0.04411030799	3	PF-03758309	LSM-4254	PAK4	0.37uM	HT29	24h	LINCSCP_117630
LINCSCP_170240	0.9976002246	0.04411307292	3	BRD-A32440707	LSM-45970	NA	1.11uM	YAPC	24h	LINCSCP_170240
LINCSCP_158757	0.9975994727	0.04411998592	3	MOXIDECTIN	LSM-45247	NA	10uM	PC3	24h	LINCSCP_158757
LINCSCP_233868	0.9975990831	0.04412356757	3	Raloxifene	LSM-3425	ESR1|ESR2	3.33uM	HT29	24h	LINCSCP_233868
LINCSCP_47340	-0.9975990633	0.04412374937	3	Medroxyprogesterone Acetate	LSM-5882	PGR	10uM	PC3	24h	LINCSCP_47340
LINCSCP_2404	-0.9975976389	0.04413684141	3	MLS-0435526.0001	LSM-4881	NA	10uM	A375	6h	LINCSCP_2404
LINCSCP_149955	0.9975966335	0.04414607969	3	848193-68-0	LSM-6271	SIRT1	0.04uM	NPC.TAK	24h	LINCSCP_149955
LINCSCP_38096	0.9975952596	0.04415870067	3	CHEMBL2140610	LSM-41626	NA	10uM	MCF7	6h	LINCSCP_38096
LINCSCP_1314	0.9975951664	0.0441595572	3	CHEMBL1394132	LSM-3090	NA	10uM	A375	6h	LINCSCP_1314
LINCSCP_76194	-0.9975950645	0.04416049315	3	Selamectin	LSM-44969	NA	10uM	A375	24h	LINCSCP_76194
LINCSCP_38682	-0.9975944156	0.0441664531	3	BL003-049-HDAC3	LSM-36785	NA	0.37uM	MCF7	24h	LINCSCP_38682
LINCSCP_131136	0.9975943476	0.04416707737	3	AZD-8055	LSM-1007	MTOR	1.11uM	MCF10A	24h	LINCSCP_131136
LINCSCP_190444	0.9975942776	0.0441677203	3	AC1MRA7L	LSM-3181	NA	10uM	A549	24h	LINCSCP_190444
LINCSCP_39771	-0.9975935314	0.04417457175	3	Vemurafenib	LSM-1068	BRAF	10uM	MDST8	6h	LINCSCP_39771
LINCSCP_70723	0.9975923506	0.04418541305	3	BCPP000194	LSM-1188	NA	3.33uM	A375	24h	LINCSCP_70723
LINCSCP_128072	0.9975922447	0.04418638475	3	Ipatasertib	LSM-6341	AKT1|AKT2|AKT3	1.11uM	HUES3	24h	LINCSCP_128072
LINCSCP_19192	0.9975919374	0.04418920566	3	CGS-15943	LSM-3076	ADORA1|ADORA2A|ADORA2B	10uM	HCC515	6h	LINCSCP_19192
LINCSCP_12924	0.9975917155	0.04419124262	3	Dactolisib	LSM-4255	MTOR|PIK3CA|PIK3CB|PIK3CD|PIK3CG|PIK3R1|PIK3R2|PIK3R3|PIK3R5	0.5uM	EFO27	6h	LINCSCP_12924
LINCSCP_38685	-0.9975913031	0.04419502759	3	MK-5108	LSM-36812	AURKA|AURKB	0.04uM	MCF7	24h	LINCSCP_38685
LINCSCP_15228	-0.9975901679	0.04420544533	3	Fluoropyruvate	LSM-6203	NA	40uM	HA1E	24h	LINCSCP_15228
LINCSCP_128532	-0.9975874675	0.04423021561	3	Doramapimod	LSM-1170	MAPK11|MAPK12|MAPK14	1.11uM	HUVEC	24h	LINCSCP_128532
LINCSCP_12412	-0.9975817757	0.04428238106	3	BRD-A72498772	LSM-45351	NA	1uM	CD34	6h	LINCSCP_12412
LINCSCP_199905	-0.9975811545	0.0442880708	3	BRD-K48528505	LSM-39965	NA	5uM	A549	24h	LINCSCP_199905
LINCSCP_112739	-0.9975800282	0.04429838517	3	N-(3-Fluoro-4-((7-methoxyquinolin-4-yl)oxy)phenyl)-1-(2-hydroxy-2-methylpropyl)-5-methyl-3-oxo-2-phenyl-2,3-dihydro-1H-pyrazole-4-carboxamide	LSM-1113	NA	0.04uM	HEPG2	24h	LINCSCP_112739
LINCSCP_51284	-0.9975797783	0.04430067351	3	LRRK2-IN-1	LSM-1086	LRRK2	0.1uM	SKBR3	24h	LINCSCP_51284
LINCSCP_309887	0.9975793434	0.04430465473	3	BRD-K36620425	LSM-39274	NA	30uM	VCAP	6h	LINCSCP_309887
LINCSCP_31148	-0.9975787444	0.04431013854	3	ZINC00621344	LSM-2727	NA	10uM	MCF7	24h	LINCSCP_31148
LINCSCP_109185	-0.9975751962	0.04434260629	3	Volasertib (BI 6727)	LSM-45277	PLK1	10uM	HELA	24h	LINCSCP_109185
LINCSCP_244922	-0.9975713284	0.04437797181	3	AC1O6OS2	LSM-5812	NA	10uM	MCF7	6h	LINCSCP_244922
LINCSCP_147413	-0.9975676575	0.04441151113	3	Tivantinib	LSM-1131	MET	0.37uM	NPC.CAS9	24h	LINCSCP_147413
LINCSCP_3287	-0.9975670158	0.04441737183	3	BRD-K85025453	LSM-13621	NA	5uM	A375	24h	LINCSCP_3287
LINCSCP_35655	-0.9975659044	0.04442751974	3	Wortmannin	LSM-3947	PIK3CA|PIK3CG|PLK1	1uM	MCF7	24h	LINCSCP_35655
LINCSCP_132723	-0.9975648515	0.04443713123	3	Dasatinib	LSM-1020	ABL1|BCR|BLK|EPHA2|FGR|FRK|FYN|HCK|KIT|LCK|LYN|PDGFRB|SRC|SRMS|YES1	0.12uM	MCF7	24h	LINCSCP_132723
LINCSCP_54138	-0.997564637	0.04443908901	3	QS-11	LSM-5212	ARFGAP1	10uM	SW620	6h	LINCSCP_54138
LINCSCP_758	-0.9975644992	0.0444403475	3	CHEMBL1617726	LSM-6255	NA	80uM	A375	24h	LINCSCP_758
LINCSCP_70083	0.9975642282	0.04444282016	3	CGP 60474	LSM-1025	CDK1	10uM	A375	24h	LINCSCP_70083
LINCSCP_137813	-0.9975625601	0.04445804172	3	CX-5461	LSM-6342	NA	0.04uM	MCF7	24h	LINCSCP_137813
LINCSCP_85339	-0.99756203	0.04446287785	3	CI-1040	LSM-1048	MAP2K1|MAP2K2	3.33uM	BT20	24h	LINCSCP_85339
LINCSCP_62700	-0.9975605501	0.04447637657	3	BRD-K91786278	LSM-14069	NA	5uM	VCAP	24h	LINCSCP_62700
LINCSCP_77843	0.9975601687	0.04447985441	3	179324-69-7	LSM-6281	ADRM1|PSMA1|PSMA2|PSMA3|PSMA4|PSMA5|PSMA6|PSMA7|PSMA8|PSMB1|PSMB10|PSMB11|PSMB2|PSMB3|PSMB4|PSMB5|PSMB6|PSMB7|PSMB8|PSMB9|PSMC1|PSMC2|PSMC3|PSMC4|PSMC5|PSMC6|PSMD1|PSMD11|PSMD12|PSMD13|PSMD14|PSMD2|PSMD3|PSMD4|PSMD6|PSMD7|PSMD8|SEM1	20uM	A375	24h	LINCSCP_77843
LINCSCP_30196	0.9975596979	0.04448414735	3	Phenolphthalein	LSM-2432	NA	10uM	MCF7	6h	LINCSCP_30196
LINCSCP_73148	-0.9975590398	0.04449014806	3	AT-9283	LSM-37023	ABL1|AURKA|AURKB|FLT3|JAK2|JAK3	0.37uM	A375	24h	LINCSCP_73148
LINCSCP_87831	0.997557972	0.04449988199	3	Dactolisib	LSM-4255	MTOR|PIK3CA|PIK3CB|PIK3CD|PIK3CG|PIK3R1|PIK3R2|PIK3R3|PIK3R5	3.33uM	HA1E	24h	LINCSCP_87831
LINCSCP_68629	0.9975572781	0.04450620667	3	Sirolimus	LSM-42783	FKBP1A|MTOR	10uM	VCAP	24h	LINCSCP_68629
LINCSCP_24632	-0.9975560285	0.04451759323	3	SCHEMBL3954849	LSM-5982	NA	1uM	HS578T	6h	LINCSCP_24632
LINCSCP_32348	-0.9975556121	0.04452138759	3	BAS 00448127	LSM-4670	NA	10uM	MCF7	6h	LINCSCP_32348
LINCSCP_116490	-0.9975543943	0.04453248064	3	C19H19FN4O3	LSM-1178	FGFR1|FLT1|KDR	0.37uM	HT29	24h	LINCSCP_116490
LINCSCP_1565	-0.9975531574	0.04454374561	3	MLS000729299	LSM-2998	NA	10uM	A375	6h	LINCSCP_1565
LINCSCP_12753	-0.9975527509	0.04454744695	3	STK064652	LSM-6186	NA	10uM	DV90	6h	LINCSCP_12753
LINCSCP_78138	-0.9975498566	0.04457379195	3	BRD-A99911370	LSM-45442	NA	1.11uM	A375	24h	LINCSCP_78138
LINCSCP_116328	-0.9975494606	0.0445773957	3	CP466722	LSM-1009	ATM	0.37uM	HT29	24h	LINCSCP_116328
LINCSCP_290131	-0.9975484863	0.0445862598	3	Lidocaine	LSM-3165	SCN10A|SCN11A|SCN1A|SCN2A|SCN3A|SCN4A|SCN5A|SCN7A|SCN8A|SCN9A	10uM	VCAP	24h	LINCSCP_290131
LINCSCP_132789	-0.9975473789	0.04459633343	3	SCHEMBL1564574	LSM-1006	CHEK1|CHEK2	0.12uM	MCF7	24h	LINCSCP_132789
LINCSCP_170069	-0.9975470182	0.04459961359	3	DOCETAXEL	LSM-45649	NA	0.04uM	YAPC	24h	LINCSCP_170069
LINCSCP_289742	0.9975463424	0.04460575959	3	Guggulsterone	LSM-1874	AR|NR1H4|NR3C1|NR3C2|PGR	10uM	VCAP	6h	LINCSCP_289742
LINCSCP_116380	0.9975462975	0.04460616777	3	Apitolisib (gdc-0980, rg7422)	LSM-4257	PIK3CA|PIK3CB|PIK3CD|PIK3CG|MTOR	3.33uM	HT29	24h	LINCSCP_116380
LINCSCP_27102	-0.9975460748	0.04460819267	3	Tolazamide	LSM-2699	ABCC8|KCNJ11	10uM	HT29	6h	LINCSCP_27102
LINCSCP_45705	-0.9975457733	0.04461093475	3	CHEMBL1436973	LSM-3078	NA	10uM	PC3	24h	LINCSCP_45705
LINCSCP_29582	0.9975452628	0.04461557601	3	TORIN-2	LSM-1080	MTOR	0.1uM	MCF10A	24h	LINCSCP_29582
LINCSCP_123678	-0.9975452261	0.04461590906	3	Binospirone	LSM-1611	HTR1A	10uM	HT29	24h	LINCSCP_123678
LINCSCP_6721	-0.9975434576	0.0446319846	3	WZ-4-145	LSM-42716	NA	10uM	A549	6h	LINCSCP_6721
LINCSCP_134269	-0.9975426312	0.04463949466	3	GW620972X	LSM-1209	NA	0.12uM	MCF7	24h	LINCSCP_134269
LINCSCP_137899	-0.9975420938	0.04464437673	3	Rimonabant	LSM-36994	CNR1	3.33uM	MCF7	24h	LINCSCP_137899
LINCSCP_163321	0.9975394121	0.04466873476	3	TORIN-2	LSM-1080	MTOR	1.11uM	SKBR3	3h	LINCSCP_163321
LINCSCP_30816	-0.9975387694	0.04467457118	3	MLS003672589	LSM-36804	NA	10uM	MCF7	6h	LINCSCP_30816
LINCSCP_69033	-0.997537532	0.04468580429	3	Enzastaurin	LSM-1069	PRKCB	10uM	A375	24h	LINCSCP_69033
LINCSCP_158835	-0.9975373055	0.04468785989	3	Siguazodan	LSM-1686	PDE3A	10uM	PC3	24h	LINCSCP_158835
LINCSCP_75904	-0.9975349966	0.04470881239	3	AZD-8330	LSM-1165	MAP2K1|MAP2K2	0.12uM	A375	24h	LINCSCP_75904
LINCSCP_23905	-0.9975315625	0.04473995719	3	331771-20-1	LSM-1096	AURKA|AURKB	10uM	HEPG2	24h	LINCSCP_23905
LINCSCP_113433	-0.997531499	0.04474053282	3	SCHEMBL17052537	LSM-5803	BTK|JAK3|MKNK2|MTOR|PRKDC	10uM	HME1	3h	LINCSCP_113433
LINCSCP_172747	0.9975309159	0.04474581878	3	Ifosfamide	LSM-5118	CYP2A6|CYP2B6|CYP2C18|CYP2C19|CYP2C8|CYP2C9|CYP3A4|CYP3A5|CYP3A7|PTGS1	10uM	YAPC	24h	LINCSCP_172747
LINCSCP_105748	-0.9975303845	0.04475063633	3	Defactinib	LSM-45153	PTK2|PTK2B	3.33uM	HELA	24h	LINCSCP_105748
LINCSCP_32579	-0.9975297118	0.04475673267	3	Plinabulin	LSM-43250	TUBA1A|TUBA1B|TUBA1C|TUBA3E|TUBA4A|TUBB|TUBB1|TUBB2A|TUBB2B|TUBB3|TUBB4A|TUBB4B|TUBB6|TUBB8	10uM	MCF7	24h	LINCSCP_32579
LINCSCP_68154	0.9975294854	0.04475878451	3	Vorinostat	LSM-3828	HDAC1|HDAC2|HDAC3|HDAC6|HDAC8	10uM	PC3	6h	LINCSCP_68154
LINCSCP_36307	-0.9975292387	0.04476102057	3	Withaferin A	LSM-6685	IKBKB|NAMPT	1uM	MCF7	24h	LINCSCP_36307
LINCSCP_72046	-0.9975290916	0.04476235319	3	Oprozomib (ONX 0912)	LSM-45496	NA	0.04uM	A375	24h	LINCSCP_72046
LINCSCP_11702	0.9975270602	0.04478075669	3	SCHEMBL17857056	LSM-5545	NA	1uM	BT20	24h	LINCSCP_11702
LINCSCP_168073	-0.9975262134	0.04478842655	3	BECLOMETHASONE DIPROPIONATE	LSM-45855	NA	0.04uM	YAPC	24h	LINCSCP_168073
LINCSCP_148305	0.9975256125	0.04479386798	3	GSK-2334470	LSM-1222	PDK1|PDPK1	0.04uM	NPC.CAS9	24h	LINCSCP_148305
LINCSCP_137222	-0.9975253428	0.04479631055	3	GSK-923295	LSM-45692	NA	1.11uM	MCF7	24h	LINCSCP_137222
LINCSCP_251125	-0.9975252043	0.04479756479	3	AC1Q6JJ5	LSM-6192	TOP2A	0.001uM	MCF7	6h	LINCSCP_251125
LINCSCP_138253	0.9975247315	0.04480184529	3	AZ628	LSM-1050	BRAF|RAF1	3.33uM	MCF7	24h	LINCSCP_138253
LINCSCP_24962	-0.9975236569	0.04481157328	3	PI-103	LSM-1126	MTOR|PIK3CA|PIK3CB|PIK3CD|PIK3CG	0.1uM	HS578T	6h	LINCSCP_24962
LINCSCP_39876	-0.9975235945	0.04481213837	3	SCHEMBL14379041	LSM-43082	PPARG	10uM	NCIH1694	6h	LINCSCP_39876
LINCSCP_44076	0.9975213012	0.0448328909	3	RS504393	LSM-3952	CCR2	10uM	PC3	24h	LINCSCP_44076
LINCSCP_134314	-0.9975184283	0.04485887595	3	Olaparib	LSM-1145	PARP1|PARP2|PARP3	3.33uM	MCF7	24h	LINCSCP_134314
LINCSCP_21434	0.9975178689	0.04486393389	3	Vemurafenib	LSM-42737	BRAF	10uM	HEK293T	24h	LINCSCP_21434
LINCSCP_70687	0.9975177343	0.04486515058	3	PD-0325901	LSM-1101	MAP2K1|MAP2K2	3.33uM	A375	24h	LINCSCP_70687
LINCSCP_19460	-0.9975162729	0.04487836117	3	4,11-Diethyl-4,9-dihydroxy-1H-pyrano[3',4':6,7]indolizino[1,2-b]quinoline-3,14(4H,12H)-dione	LSM-6189	TOP1	0.5uM	HCC515	6h	LINCSCP_19460
LINCSCP_145140	-0.9975139803	0.04489907732	3	PF477736	LSM-1112	CHEK1	0.37uM	MDAMB231	3h	LINCSCP_145140
LINCSCP_47187	0.9975131184	0.04490686344	3	BRD-K03651937	LSM-6073	NA	10uM	PC3	6h	LINCSCP_47187
LINCSCP_286469	-0.9975130568	0.04490741958	3	YK 4-279	LSM-4933	DHX9|FLI1	10uM	SNGM	6h	LINCSCP_286469
LINCSCP_2293	-0.9975121255	0.0449158303	3	CHEMBL83092	LSM-5224	NA	10uM	A375	6h	LINCSCP_2293
LINCSCP_133194	-0.9975094045	0.04494039679	3	Gefitinib	LSM-1098	EGFR	3.33uM	MCF7	3h	LINCSCP_133194
LINCSCP_115981	0.9975059707	0.04497137809	3	PI-103	LSM-1126	MTOR|PIK3CA|PIK3CB|PIK3CD|PIK3CG	0.37uM	HS578T	3h	LINCSCP_115981
LINCSCP_76422	0.9975037189	0.04499168392	3	Venlafaxine	LSM-1616	SLC6A2|SLC6A4	3.33uM	A375	24h	LINCSCP_76422
LINCSCP_100402	0.9975034533	0.04499407842	3	AT 7867	LSM-1155	NA	10uM	HCC515	24h	LINCSCP_100402
LINCSCP_278022	-0.9975028222	0.044999768	3	BRD-K87920375	LSM-13827	NA	10uM	PC3	24h	LINCSCP_278022
LINCSCP_6566	0.9975023729	0.04500381773	3	NU-7441	LSM-1061	PRKDC	10uM	A549	6h	LINCSCP_6566
LINCSCP_19586	0.997502288	0.04500458274	3	IMD-0354	LSM-3667	IKBKB	10uM	HCC515	6h	LINCSCP_19586
LINCSCP_151834	-0.9975014654	0.04501199613	3	GSK-461364	LSM-1013	PLK1	3.33uM	PC3	24h	LINCSCP_151834
LINCSCP_42942	-0.9974985254	0.04503848147	3	BRD-K01608965	LSM-8538	NA	10uM	NPC	24h	LINCSCP_42942
LINCSCP_201311	0.997498419	0.04503943995	3	Sildenafil	LSM-3797	PDE5A	1uM	A549	6h	LINCSCP_201311
LINCSCP_32268	-0.9974972259	0.04505018396	3	PCL2_000157	LSM-36754	NA	10uM	MCF7	24h	LINCSCP_32268
LINCSCP_121684	-0.9974959356	0.04506180009	3	DOCETAXEL	LSM-45649	NA	0.04uM	HT29	24h	LINCSCP_121684
LINCSCP_54711	0.9974946205	0.04507363599	3	Perhexiline	LSM-4353	CPT1A|CPT2	10uM	T3M10	6h	LINCSCP_54711
LINCSCP_87791	0.9974944205	0.04507543641	3	Apitolisib (gdc-0980, rg7422)	LSM-4257	PIK3CA|PIK3CB|PIK3CD|PIK3CG|MTOR	1.11uM	HA1E	24h	LINCSCP_87791
LINCSCP_85272	0.9974939972	0.04507924491	3	CP466722	LSM-1009	ATM	10uM	BT20	24h	LINCSCP_85272
LINCSCP_41561	-0.9974935109	0.04508362027	3	SB-216763	LSM-1161	GSK3B	10uM	NEU	6h	LINCSCP_41561
LINCSCP_32489	0.9974929799	0.04508839744	3	Pregnenolone	LSM-5550	NA	10uM	MCF7	24h	LINCSCP_32489
LINCSCP_7545	-0.9974928815	0.04508928334	3	SDCCGMLS-0066838.P001	LSM-4394	NA	10uM	A549	24h	LINCSCP_7545
LINCSCP_113049	-0.9974928425	0.04508963344	3	PD-0325901	LSM-1101	MAP2K1|MAP2K2	0.12uM	HME1	24h	LINCSCP_113049
LINCSCP_150986	0.9974917304	0.04509963695	3	Fedratinib	LSM-1142	FLT3|JAK2	3.33uM	PC3	24h	LINCSCP_150986
LINCSCP_70076	0.9974909764	0.04510641816	3	Iniparib	LSM-6317	PARP1	0.04uM	A375	24h	LINCSCP_70076
LINCSCP_162809	0.9974863458	0.04514803983	3	AKT Inhibitor VIII	LSM-1035	AKT1|AKT2	0.37uM	SKBR3	24h	LINCSCP_162809
LINCSCP_1388	-0.9974846586	0.04516319558	3	MLS000417155	LSM-2571	NA	10uM	A375	24h	LINCSCP_1388
LINCSCP_32875	0.9974841549	0.04516771946	3	AC1LCWE1	LSM-42885	HRH2	10uM	MCF7	24h	LINCSCP_32875
LINCSCP_89418	0.9974816227	0.04519045385	3	SAQUINAVIR MESYLATE	LSM-45573	NA	3.33uM	HA1E	24h	LINCSCP_89418
LINCSCP_169416	-0.9974810446	0.04519564252	3	BRD-A82197375	LSM-45476	NA	10uM	YAPC	24h	LINCSCP_169416
LINCSCP_155808	0.9974793444	0.04521089945	3	MG-132	LSM-1107	PSMB1	20uM	PC3	24h	LINCSCP_155808
LINCSCP_54022	-0.9974792279	0.04521194453	3	Vemurafenib	LSM-1068	BRAF	10uM	SW480	6h	LINCSCP_54022
LINCSCP_179580	-0.9974773859	0.04522846745	3	Deracoxib	LSM-3536	PTGS2	10uM	A375	6h	LINCSCP_179580
LINCSCP_152258	-0.9974768257	0.04523349081	3	Pyrazolanthrone	LSM-1163	MAPK10|MAPK8|MAPK9|TTK	3.33uM	PC3	24h	LINCSCP_152258
LINCSCP_167251	-0.9974745012	0.0452543307	3	MG-132	LSM-1107	PSMB1	20uM	YAPC	24h	LINCSCP_167251
LINCSCP_157076	0.9974740217	0.04525862829	3	179324-69-7	LSM-6281	ADRM1|PSMA1|PSMA2|PSMA3|PSMA4|PSMA5|PSMA6|PSMA7|PSMA8|PSMB1|PSMB10|PSMB11|PSMB2|PSMB3|PSMB4|PSMB5|PSMB6|PSMB7|PSMB8|PSMB9|PSMC1|PSMC2|PSMC3|PSMC4|PSMC5|PSMC6|PSMD1|PSMD11|PSMD12|PSMD13|PSMD14|PSMD2|PSMD3|PSMD4|PSMD6|PSMD7|PSMD8|SEM1	20uM	PC3	24h	LINCSCP_157076
LINCSCP_91467	-0.9974724377	0.04527282283	3	Warfarin	LSM-1405	VKORC1	0.04uM	HA1E	24h	LINCSCP_91467
LINCSCP_68107	0.9974718687	0.04527792073	3	Trichostatin A, Streptomyces Sp.	LSM-42814	HDAC1|HDAC10|HDAC3|HDAC4|HDAC6|HDAC7|HDAC8	10uM	PC3	6h	LINCSCP_68107
LINCSCP_146926	0.9974707922	0.04528756299	3	CX-5461	LSM-6342	NA	0.04uM	NEU	24h	LINCSCP_146926
LINCSCP_143271	-0.9974704899	0.04529027086	3	HC-030031	LSM-45802	NA	0.12uM	MCF7	24h	LINCSCP_143271
LINCSCP_191774	0.997466442	0.04532650983	3	Protriptyline	LSM-2936	SLC6A2|SLC6A4	10uM	A549	24h	LINCSCP_191774
LINCSCP_25248	-0.9974663184	0.04532761619	3	Mephenytoin	LSM-1852	SCN10A|SCN11A|SCN1A|SCN2A|SCN3A|SCN4A|SCN5A|SCN7A|SCN8A|SCN9A	10uM	HT29	24h	LINCSCP_25248
LINCSCP_73674	-0.9974660141	0.04533033897	3	5-(6-Aminopurin-9-yl)-2-methyltetrahydrofuran-3-ol	LSM-4354	NA	0.37uM	A375	24h	LINCSCP_73674
LINCSCP_208610	-0.9974658813	0.04533152762	3	SIB1757	LSM-4215	GRM5	10uM	HA1E	6h	LINCSCP_208610
LINCSCP_23144	0.9974654596	0.04533530025	3	BRD-K12182524	LSM-37898	NA	10uM	HEPG2	6h	LINCSCP_23144
LINCSCP_46381	-0.9974625578	0.04536125662	3	STK199030	LSM-4739	NA	10uM	PC3	6h	LINCSCP_46381
LINCSCP_51293	-0.9974593172	0.04539022548	3	GSK-3 Inhibitor IX	LSM-42780	GSK3A|GSK3B	10uM	SKBR3	24h	LINCSCP_51293
LINCSCP_29250	-0.9974587159	0.04539559842	3	MLS004683642	LSM-36755	KEAP1	0.5uM	JURKAT	6h	LINCSCP_29250
LINCSCP_62210	0.9974581469	0.04540068254	3	BRD-K26399147	LSM-10027	NA	5uM	VCAP	6h	LINCSCP_62210
LINCSCP_18662	0.9974580679	0.04540138844	3	Vinblastine	LSM-1647	TUBB	10uM	HCC515	6h	LINCSCP_18662
LINCSCP_268106	-0.9974579836	0.04540214115	3	MLS003568132	LSM-2332	NA	10uM	PC3	24h	LINCSCP_268106
LINCSCP_239292	-0.9974579443	0.04540249262	3	Trazodone	LSM-3580	HTR2A|HTR2C|SLC6A4	10uM	MCF7	6h	LINCSCP_239292
LINCSCP_38633	-0.9974578989	0.04540289796	3	BRD-K10436544	LSM-45992	NA	10uM	MCF7	24h	LINCSCP_38633
LINCSCP_38060	0.9974577454	0.04540426951	3	Cerulenin	LSM-43210	FASN	10uM	MCF7	6h	LINCSCP_38060
LINCSCP_99720	-0.9974576435	0.04540517966	3	SCHEMBL3958507	LSM-5245	COQ8B|EGFR	10uM	HCC515	24h	LINCSCP_99720
LINCSCP_82402	0.9974575337	0.04540616085	3	NU-7026	LSM-2191	PRKDC	10uM	A549	24h	LINCSCP_82402
LINCSCP_53732	-0.9974570945	0.04541008422	3	PKC Beta Inhibitor	LSM-4753	PRKCB	10uM	SNU1040	6h	LINCSCP_53732
LINCSCP_144638	-0.9974567821	0.04541287422	3	Dasatinib	LSM-1020	ABL1|BCR|BLK|EPHA2|FGR|FRK|FYN|HCK|KIT|LCK|LYN|PDGFRB|SRC|SRMS|YES1	0.37uM	MDAMB231	24h	LINCSCP_144638
LINCSCP_130768	-0.9974564565	0.04541578248	3	Momelotinib	LSM-1141	JAK1|JAK2	0.04uM	MCF10A	24h	LINCSCP_130768
LINCSCP_18752	0.9974559569	0.04542024453	3	Terfenadine	LSM-1273	HRH1|KCNH2	10uM	HCC515	24h	LINCSCP_18752
LINCSCP_19828	-0.9974545217	0.0454330601	3	1-Pentofuranosyl-1H-1,2,4-triazole-3-carboxamide	LSM-5189	IMPDH1	10uM	HCC515	6h	LINCSCP_19828
LINCSCP_44792	-0.9974542938	0.04543509468	3	GF-109203	LSM-2677	PRKCA	10uM	PC3	6h	LINCSCP_44792
LINCSCP_13910	-0.9974530629	0.04544608265	3	Aloisine	LSM-3131	CDK2	10uM	HA1E	6h	LINCSCP_13910
LINCSCP_288099	-0.9974525713	0.04545047019	3	TUL_XIX002	LSM-36793	NA	0.01uM	THP1	24h	LINCSCP_288099
LINCSCP_18209	0.9974524095	0.04545191356	3	BRL54443	LSM-2389	HTR1E|HTR1F	10uM	HCC515	24h	LINCSCP_18209
LINCSCP_165219	-0.9974518323	0.04545706469	3	Veliparib	LSM-1146	PARP1|PARP2	0.37uM	SKL.C	24h	LINCSCP_165219
LINCSCP_43029	-0.9974515858	0.04545926426	3	BRD-K63828515	LSM-14887	NA	10uM	NPC	24h	LINCSCP_43029
LINCSCP_164426	0.9974508921	0.04546545354	3	BRD-A25736793	LSM-43054	MTOR	0.12uM	SKL.C	24h	LINCSCP_164426
LINCSCP_34657	0.9974504814	0.04546911791	3	BRD-K28026280-001-01-7	LSM-5417	HMGCR	10uM	MCF7	24h	LINCSCP_34657
LINCSCP_205105	0.9974503118	0.04547063084	3	MLS006011051	LSM-42801	BRAF	10uM	BT20	24h	LINCSCP_205105
LINCSCP_22890	-0.9974496243	0.04547676275	3	(Z,E)-3-(imidazol-4-Ylmethylene)indolin-2-one	LSM-42866	EGFR	10uM	HEPG2	6h	LINCSCP_22890
LINCSCP_130708	0.997448717	0.04548485494	3	Dactolisib	LSM-4255	MTOR|PIK3CA|PIK3CB|PIK3CD|PIK3CG|PIK3R1|PIK3R2|PIK3R3|PIK3R5	0.04uM	MCF10A	24h	LINCSCP_130708
LINCSCP_214015	-0.9974485138	0.04548666695	3	SPECTRUM1505034	LSM-1856	NA	10uM	HCC515	6h	LINCSCP_214015
LINCSCP_111115	-0.9974471489	0.04549883738	3	Relcovaptan	LSM-4185	AVPR1A|OXTR	10uM	HELA	24h	LINCSCP_111115
LINCSCP_89589	-0.9974469675	0.04550045394	3	Ziprasidone	LSM-5433	DRD2|HRH1|HTR1A|HTR1B|HTR1D|HTR1E|HTR2A|HTR2C|HTR7	0.04uM	HA1E	24h	LINCSCP_89589
LINCSCP_149971	0.9974460273	0.04550883549	3	1268524-70-4	LSM-6332	NA	0.37uM	NPC.TAK	24h	LINCSCP_149971
LINCSCP_23109	0.9974457282	0.04551150139	3	Parthenolide	LSM-43090	NA	10uM	HEPG2	6h	LINCSCP_23109
LINCSCP_131988	0.9974455755	0.04551286226	3	Buparlisib	LSM-1148	PIK3CA|PIK3CB|PIK3CD|PIK3CG|PIK3R1|PIK3R2|PIK3R3|PIK3R5	10uM	MCF7	24h	LINCSCP_131988
LINCSCP_12724	-0.9974454549	0.04551393696	3	Tipifarnib	LSM-6258	CHURC1-FNTB|FNTA|FNTB	10uM	COV644	6h	LINCSCP_12724
LINCSCP_159207	-0.9974448803	0.04551905804	3	Famciclovir	LSM-2990	NA	3.33uM	PC3	24h	LINCSCP_159207
LINCSCP_123795	0.9974445722	0.04552180324	3	Tipifarnib	LSM-6258	CHURC1-FNTB|FNTA|FNTB	0.12uM	HT29	24h	LINCSCP_123795
LINCSCP_312542	0.997444237	0.04552479017	3	CHEMBL2356201	LSM-41555	NA	10uM	VCAP	24h	LINCSCP_312542
LINCSCP_34022	0.9974424035	0.04554112387	3	CHEMBL1886242	LSM-6116	NA	10uM	MCF7	6h	LINCSCP_34022
LINCSCP_61344	0.9974419868	0.04554483474	3	BRD-K42393177	LSM-10999	NA	5uM	VCAP	6h	LINCSCP_61344
LINCSCP_24238	-0.9974400011	0.04556251639	3	GSK-3 Inhibitor IX	LSM-42780	GSK3A|GSK3B	0.5uM	HS578T	24h	LINCSCP_24238
LINCSCP_10954	-0.9974393077	0.04556868958	3	GSK-461364	LSM-1013	PLK1	10uM	ASC	24h	LINCSCP_10954
LINCSCP_220771	-0.9974387813	0.0455733744	3	Brimonidine	LSM-3526	ADRA2A|ADRA2B|ADRA2C	10uM	HEPG2	6h	LINCSCP_220771
LINCSCP_145989	-0.9974382557	0.04557805305	3	CHEMBL1673039	LSM-1093	LRRK2|MAPK7	3.33uM	MNEU.E	24h	LINCSCP_145989
LINCSCP_8875	-0.9974371527	0.04558786796	3	CHEMBL2355193	LSM-8992	NA	10uM	A549	24h	LINCSCP_8875
LINCSCP_52449	-0.9974354566	0.04560295713	3	252916-29-3	LSM-43214	AURKA|AURKB|FGFR1|FGFR2|KDR|PDGFRA|PDGFRB	10uM	SKB	24h	LINCSCP_52449
LINCSCP_147282	-0.9974346337	0.04561027599	3	C-Fms Inhibitor	LSM-1196	NA	1.11uM	NEU	24h	LINCSCP_147282
LINCSCP_32318	-0.9974342835	0.04561339	3	172985-18-1	LSM-4563	NA	10uM	MCF7	6h	LINCSCP_32318
LINCSCP_146615	0.9974341101	0.04561493264	3	Quizartinib	LSM-1037	CSF1R|FLT3|KIT|PDGFRA|PDGFRB|RET	10uM	NEU	24h	LINCSCP_146615
LINCSCP_151276	-0.9974337696	0.04561796004	3	Dasatinib	LSM-1020	ABL1|BCR|BLK|EPHA2|FGR|FRK|FYN|HCK|KIT|LCK|LYN|PDGFRB|SRC|SRMS|YES1	0.37uM	PC3	24h	LINCSCP_151276
LINCSCP_2455	-0.997432624	0.04562814563	3	Elliptecine	LSM-4842	TOP2A|TOP2B	10uM	A375	6h	LINCSCP_2455
LINCSCP_132934	0.9974319505	0.04563413267	3	SCHEMBL6874948	LSM-5674	LCK	0.04uM	MCF7	3h	LINCSCP_132934
LINCSCP_4258	0.9974314129	0.04563891116	3	362-74-3	LSM-1265	PRKACA	10uM	A549	6h	LINCSCP_4258
LINCSCP_66344	0.9974311714	0.04564105734	3	Vorinostat	LSM-3828	HDAC1|HDAC2|HDAC3|HDAC6|HDAC8	10uM	A375	6h	LINCSCP_66344
LINCSCP_107017	-0.9974289082	0.04566116671	3	179324-69-7	LSM-6281	ADRM1|PSMA1|PSMA2|PSMA3|PSMA4|PSMA5|PSMA6|PSMA7|PSMA8|PSMB1|PSMB10|PSMB11|PSMB2|PSMB3|PSMB4|PSMB5|PSMB6|PSMB7|PSMB8|PSMB9|PSMC1|PSMC2|PSMC3|PSMC4|PSMC5|PSMC6|PSMD1|PSMD11|PSMD12|PSMD13|PSMD14|PSMD2|PSMD3|PSMD4|PSMD6|PSMD7|PSMD8|SEM1	20uM	HELA	24h	LINCSCP_107017
LINCSCP_48228	-0.9974271936	0.04567639608	3	BRD-K01055635	LSM-8501	NA	5uM	PC3	24h	LINCSCP_48228
LINCSCP_87651	-0.9974268571	0.04567938447	3	PF431396	LSM-1116	NA	0.12uM	HA1E	24h	LINCSCP_87651
LINCSCP_2615	-0.9974253995	0.04569232647	3	Protriptyline	LSM-2936	SLC6A2|SLC6A4	10uM	A375	6h	LINCSCP_2615
LINCSCP_71384	-0.9974244712	0.04570056615	3	Rebamipide	LSM-4343	NA	0.04uM	A375	24h	LINCSCP_71384
LINCSCP_175832	-0.9974240907	0.04570394345	3	Pyrilamine	LSM-4206	HRH1	10uM	YAPC	24h	LINCSCP_175832
LINCSCP_165915	-0.9974240259	0.04570451855	3	PD-0325901	LSM-1101	MAP2K1|MAP2K2	0.04uM	SKL	24h	LINCSCP_165915
LINCSCP_29129	-0.9974239937	0.04570480458	3	AKT Inhibitor IV	LSM-43091	AKT1	10uM	JHUEM2	6h	LINCSCP_29129
LINCSCP_61559	-0.9974234047	0.04571003182	3	BRD-K14493775	LSM-9308	NA	5uM	VCAP	24h	LINCSCP_61559
LINCSCP_60949	0.9974206712	0.04573428222	3	BRD-K95786246	LSM-14303	NA	5uM	VCAP	24h	LINCSCP_60949
LINCSCP_29669	0.9974196105	0.04574368878	3	WYE 125132	LSM-1064	MTOR	10uM	MCF10A	6h	LINCSCP_29669
LINCSCP_122690	-0.9974146209	0.04578791317	3	Reparixin	LSM-45694	CXCR1|CXCR2	0.12uM	HT29	24h	LINCSCP_122690
LINCSCP_67939	0.9974142847	0.04579089124	3	Wortmannin	LSM-3947	PIK3CA|PIK3CG|PLK1	10uM	PC3	6h	LINCSCP_67939
LINCSCP_79266	-0.9974141067	0.04579246814	3	Doramapimod	LSM-1170	MAPK11|MAPK12|MAPK14	0.04uM	A375	24h	LINCSCP_79266
LINCSCP_100315	0.9974137884	0.04579528806	3	MLN-0128	LSM-1206	MTOR	0.37uM	HCC515	24h	LINCSCP_100315
LINCSCP_299002	0.9974133165	0.04579946697	3	MLS003130226	LSM-7569	NA	5uM	VCAP	6h	LINCSCP_299002
LINCSCP_128391	-0.997412994	0.04580232353	3	Cabozantinib	LSM-1195	KDR|MET	1.11uM	HUVEC	24h	LINCSCP_128391
LINCSCP_61144	-0.9974110304	0.04581971026	3	BRD-K63458711	LSM-12292	NA	5uM	VCAP	6h	LINCSCP_61144
LINCSCP_39587	-0.9974092706	0.04583528706	3	XMD 8-92	LSM-1094	MAPK7	0.1uM	MDAMB231	6h	LINCSCP_39587
LINCSCP_101020	0.9974075948	0.04585011518	3	GSK-2334470	LSM-1222	PDK1|PDPK1	0.12uM	HCC515	24h	LINCSCP_101020
LINCSCP_299425	-0.997407138	0.04585415642	3	BRD-K55232867	LSM-11775	NA	5uM	VCAP	24h	LINCSCP_299425
LINCSCP_148535	-0.9974041783	0.04588033058	3	KW-2449	LSM-42803	ABL1|AURKA|AURKB|FLT3	1.11uM	NPC	24h	LINCSCP_148535
LINCSCP_153187	0.9974038748	0.04588301366	3	Regorafenib	LSM-1226	ABL1|BRAF|DDR2|FGFR1|FGFR2|FLT1|FLT4|FRK|KDR|KIT|MAPK11|PDGFRA|PDGFRB|RAF1|RET|TEK	10uM	PC3	24h	LINCSCP_153187
LINCSCP_100376	-0.9974037769	0.04588387929	3	PD-0325901	LSM-1101	MAP2K1|MAP2K2	0.12uM	HCC515	24h	LINCSCP_100376
LINCSCP_225996	0.997401394	0.04590494055	3	12K-516S	LSM-2954	NA	10uM	HT29	6h	LINCSCP_225996
LINCSCP_99388	0.997401257	0.04590615113	3	AKT Inhibitor VIII	LSM-1035	AKT1|AKT2	0.12uM	HCC515	24h	LINCSCP_99388
LINCSCP_130515	0.997399722	0.04591971308	3	GSK 1059615	LSM-42799	PIK3CA|PIK3CB|PIK3CD|PIK3CG	0.37uM	MCF10A	24h	LINCSCP_130515
LINCSCP_106420	0.9973993899	0.04592264617	3	Tedizolid	LSM-45778	NA	1.11uM	HELA	24h	LINCSCP_106420
LINCSCP_293507	-0.9973983771	0.04593159173	3	MLS001065894	LSM-1403	NA	10uM	VCAP	6h	LINCSCP_293507
LINCSCP_5323	0.9973960075	0.04595251317	3	MLS002264463	LSM-3956	NA	10uM	A549	6h	LINCSCP_5323
LINCSCP_52514	-0.9973923188	0.04598506312	3	SB415286	LSM-3719	GSK3B	10uM	SKB	24h	LINCSCP_52514
LINCSCP_72365	0.9973913315	0.04599377179	3	LY2784544	LSM-45265	NA	1.11uM	A375	24h	LINCSCP_72365
LINCSCP_151903	-0.9973910316	0.04599641651	3	ABT737	LSM-1180	BCL2|BCL2L1|BCL2L2	0.12uM	PC3	24h	LINCSCP_151903
LINCSCP_150047	0.9973904605	0.0460014529	3	GSK 525762A	LSM-6334	NA	3.33uM	NPC.TAK	24h	LINCSCP_150047
LINCSCP_25879	0.9973846455	0.04605270041	3	4-Methoxy-6-phenyl-1H-pyrimidine-2-thione	LSM-2060	NA	10uM	HT29	24h	LINCSCP_25879
LINCSCP_113264	-0.9973844168	0.04605471484	3	Imatinib	LSM-1023	ABL1|BCR|CSF1R|KIT|PDGFRA|PDGFRB	0.04uM	HME1	24h	LINCSCP_113264
LINCSCP_72280	-0.9973840106	0.04605829193	3	Homochlorcyclizine	LSM-1394	HRH1	3.33uM	A375	24h	LINCSCP_72280
LINCSCP_166216	-0.9973799965	0.0460936314	3	331771-20-1	LSM-1096	AURKA|AURKB	10uM	SKL	24h	LINCSCP_166216
LINCSCP_55767	-0.9973793288	0.04609950661	3	AC1MSQZQ	LSM-1945	TACR1	10uM	VCAP	6h	LINCSCP_55767
LINCSCP_125308	0.9973784899	0.04610688807	3	Avagacestat (BMS-708163)	LSM-45535	APH1A|APH1B|NCSTN|PSEN1|PSEN2|PSENEN	10uM	HT29	24h	LINCSCP_125308
LINCSCP_13937	-0.9973781029	0.04611029262	3	RS-17053	LSM-3721	ADRA1A	10uM	HA1E	6h	LINCSCP_13937
LINCSCP_173802	0.9973767742	0.04612197989	3	MG-132	LSM-1107	PSMB1	20uM	YAPC	24h	LINCSCP_173802
LINCSCP_127650	-0.9973767703	0.0461220145	3	GSK-461364	LSM-1013	PLK1	1.11uM	HT29	24h	LINCSCP_127650
LINCSCP_271050	0.9973766584	0.04612299795	3	CP-724714	LSM-42777	ERBB2	10uM	PC3	6h	LINCSCP_271050
LINCSCP_64964	-0.9973762437	0.04612664541	3	BRD-K77899084	LSM-41521	NA	10uM	VCAP	24h	LINCSCP_64964
LINCSCP_235577	-0.9973667013	0.04621048563	3	SCHEMBL16226068	LSM-43297	HSP90AA1	0.1uM	MCF7	24h	LINCSCP_235577
LINCSCP_47408	0.9973662173	0.04621473366	3	Danazol	LSM-3073	AR|ESR1|GNRHR|PGR	10uM	PC3	6h	LINCSCP_47408
LINCSCP_146779	-0.997364976	0.04622562824	3	1268524-70-4	LSM-6332	NA	1.11uM	NEU	24h	LINCSCP_146779
LINCSCP_88216	-0.9973640254	0.04623396903	3	13-Hydroxy-8,14,19-trimethoxy-4,10,12,16-tetramethyl-3,20,22-trioxo-2-azabicyclo[16.3.1]docosa-1(21),4,6,10,18-pentaen-9-yl carbamate	LSM-42815	HSP90AA1	0.04uM	HA1E	24h	LINCSCP_88216
LINCSCP_127114	-0.9973634942	0.04623862893	3	Nortriptyline	LSM-4039	KCNJ10|SLC6A2|SLC6A4	10uM	HT29	24h	LINCSCP_127114
LINCSCP_64877	-0.9973620297	0.0462514751	3	BRD-K12385780	LSM-37909	NA	10uM	VCAP	24h	LINCSCP_64877
LINCSCP_25060	0.9973613788	0.04625718351	3	AKT Inhibitor IV	LSM-43091	AKT1	10uM	HT115	6h	LINCSCP_25060
LINCSCP_6246	0.997359476	0.04627386664	3	CHEMBL2360967	LSM-36663	NA	10uM	A549	6h	LINCSCP_6246
LINCSCP_146438	-0.9973587776	0.04627998823	3	AZ628	LSM-1050	BRAF|RAF1	0.37uM	NEU	24h	LINCSCP_146438
LINCSCP_1480	0.997358489	0.04628251798	3	MLS003568137	LSM-1980	NA	10uM	A375	6h	LINCSCP_1480
LINCSCP_61813	-0.9973580277	0.046286561	3	BRD-K69498175	LSM-12668	NA	5uM	VCAP	24h	LINCSCP_61813
LINCSCP_59565	-0.9973578918	0.04628775182	3	BRD-K04733502	LSM-37529	NA	10uM	VCAP	6h	LINCSCP_59565
LINCSCP_41550	0.9973575481	0.04629076413	3	Tacedinaline	LSM-19036	HDAC1|HDAC10|HDAC11|HDAC2|HDAC3|HDAC4|HDAC5|HDAC6|HDAC7|HDAC8|HDAC9	10uM	NEU	6h	LINCSCP_41550
LINCSCP_81034	-0.9973560183	0.04630416707	3	Tozasertib	LSM-1021	ABL1|AURKA|AURKB|AURKC|BCR|FLT3|JAK2	10uM	A549	24h	LINCSCP_81034
LINCSCP_52184	-0.9973559943	0.0463043773	3	BRD-K96403486	LSM-42504	NA	10uM	SKB	24h	LINCSCP_52184
LINCSCP_93002	0.9973552267	0.04631110146	3	Luteolin	LSM-5229	NA	10uM	HA1E	24h	LINCSCP_93002
LINCSCP_225737	0.9973547411	0.04631535461	3	Lidocaine	LSM-3165	SCN10A|SCN11A|SCN1A|SCN2A|SCN3A|SCN4A|SCN5A|SCN7A|SCN8A|SCN9A	10uM	HT29	6h	LINCSCP_225737
LINCSCP_174800	-0.9973543474	0.0463188028	3	Furosemide	LSM-5847	SLC12A1|SLC12A2	0.37uM	YAPC	24h	LINCSCP_174800
LINCSCP_129772	-0.9973542689	0.04631948985	3	Tamatinib	LSM-1040	SYK	0.37uM	LNCAP	24h	LINCSCP_129772
LINCSCP_208955	-0.9973530551	0.04633011913	3	Glimepiride	LSM-44957	ABCC8|KCNJ11	10uM	HA1E	6h	LINCSCP_208955
LINCSCP_32672	0.9973521344	0.04633817919	3	KU-55933	LSM-1074	ATM	10uM	MCF7	6h	LINCSCP_32672
LINCSCP_312226	0.9973514486	0.04634418277	3	CHEMBL3184316	LSM-41974	NA	10uM	VCAP	6h	LINCSCP_312226
LINCSCP_172075	0.9973511447	0.04634684268	3	Canertinib	LSM-1120	EGFR|ERBB2|ERBB4	3.33uM	YAPC	24h	LINCSCP_172075
LINCSCP_7108	0.9973510708	0.04634748944	3	PI828	LSM-4198	NA	10uM	A549	24h	LINCSCP_7108
LINCSCP_163548	-0.9973484912	0.04637006099	3	Saracatinib	LSM-1032	ABL1|SRC	1.11uM	SKBR3	24h	LINCSCP_163548
LINCSCP_108946	-0.9973445522	0.04640450639	3	Zosuquidar	LSM-5782	ABCB1	0.04uM	HELA	24h	LINCSCP_108946
LINCSCP_155050	-0.9973443285	0.04640646134	3	Mitiglinide calcium	LSM-45488	NA	3.33uM	PC3	24h	LINCSCP_155050
LINCSCP_168611	0.9973428525	0.04641936133	3	Metronidazole	LSM-5628	CYP2C9|CYP3A4	0.12uM	YAPC	24h	LINCSCP_168611
LINCSCP_141312	0.9973426108	0.04642147418	3	Meclofenamic acid	LSM-3108	ALOX5|PTGS1|PTGS2	3.33uM	MCF7	24h	LINCSCP_141312
LINCSCP_134199	-0.9973380317	0.04646146982	3	CC-401	LSM-1186	NA	10uM	MCF7	24h	LINCSCP_134199
LINCSCP_111835	-0.9973377023	0.04646434558	3	Gefitinib	LSM-1098	EGFR	10uM	HEPG2	24h	LINCSCP_111835
LINCSCP_43513	0.997337458	0.04646647883	3	Zebularine	LSM-36362	CDA|DNMT1	10uM	NPC	24h	LINCSCP_43513
LINCSCP_225507	0.9973367943	0.04647227275	3	CHEMBL1270605	LSM-3968	NA	10uM	HT29	6h	LINCSCP_225507
LINCSCP_143265	-0.9973355658	0.04648299465	3	2'-Deoxycytidine (hydrochloride)	LSM-45794	NA	0.12uM	MCF7	24h	LINCSCP_143265
LINCSCP_92681	0.997335059	0.04648741708	3	AC1NWAML	LSM-1325	NR3C1	1.11uM	HA1E	24h	LINCSCP_92681
LINCSCP_120436	-0.9973349417	0.04648844047	3	Halofantrine	LSM-5072	NA	0.04uM	HT29	24h	LINCSCP_120436
LINCSCP_88913	-0.9973340781	0.04649597551	3	Tranylcypromine	LSM-5578	KDM1A|MAOA|MAOB	0.37uM	HA1E	24h	LINCSCP_88913
LINCSCP_75485	-0.9973323993	0.0465106193	3	(E)-5-((4-((2-Carboxyethyl)carbamoyl)phenyl)diazenyl)-2-hydroxybenzoic acid	LSM-5532	ALOX5|PPARG|PTGS1|PTGS2	0.37uM	A375	24h	LINCSCP_75485
LINCSCP_135507	-0.9973317362	0.04651640236	3	Dacarbazine	LSM-5487	NA	3.33uM	MCF7	24h	LINCSCP_135507
LINCSCP_143006	-0.9973314939	0.04651851527	3	Furosemide	LSM-5847	SLC12A1|SLC12A2	0.37uM	MCF7	24h	LINCSCP_143006
LINCSCP_309884	-0.9973291554	0.04653890242	3	BRD-K34952911	LSM-45367	NA	10uM	VCAP	6h	LINCSCP_309884
LINCSCP_40094	-0.9973287452	0.04654247792	3	SB-216763	LSM-1161	GSK3B	10uM	NCIH2073	6h	LINCSCP_40094
LINCSCP_80659	-0.9973283755	0.04654570005	3	Bexarotene	LSM-45378	RXRA|RXRB|RXRG	3.33uM	A375	24h	LINCSCP_80659
LINCSCP_89090	-0.9973283095	0.04654627555	3	Chelerythrine	LSM-1187	NA	0.37uM	HA1E	24h	LINCSCP_89090
LINCSCP_44127	-0.9973275482	0.04655290906	3	15332-10-2	LSM-2515	NA	10uM	PC3	6h	LINCSCP_44127
LINCSCP_48339	0.9973271672	0.04655622885	3	BRD-K75512942	LSM-41381	NA	5uM	PC3	24h	LINCSCP_48339
LINCSCP_126933	-0.9973271037	0.04655678281	3	AZD7545	LSM-45675	NA	0.04uM	HT29	24h	LINCSCP_126933
LINCSCP_87263	0.9973261118	0.04656542437	3	CHEMBL3188661	LSM-5394	DDR1	0.04uM	CD34	24h	LINCSCP_87263
LINCSCP_14379	-0.99732482	0.04657667551	3	Ketoprofen	LSM-1955	PTGS1|PTGS2	10uM	HA1E	24h	LINCSCP_14379
LINCSCP_57141	-0.997324769	0.04657712013	3	AZD7545	LSM-6250	NA	20uM	VCAP	6h	LINCSCP_57141
LINCSCP_151904	-0.9973226233	0.04659580351	3	ABT737	LSM-1180	BCL2|BCL2L1|BCL2L2	0.04uM	PC3	24h	LINCSCP_151904
LINCSCP_19635	0.9973215693	0.04660497833	3	MLS002703104	LSM-1920	NA	10uM	HCC515	6h	LINCSCP_19635
LINCSCP_25153	0.9973203852	0.04661528354	3	NSC25485	LSM-1580	ATP1A1	10uM	HT29	6h	LINCSCP_25153
LINCSCP_42838	0.9973200791	0.04661794733	3	Thioproperazine	LSM-2170	NA	10uM	NPC	24h	LINCSCP_42838
LINCSCP_13074	-0.9973197822	0.04662053063	3	Eseroline	LSM-36457	NA	10uM	FIBRNPC	6h	LINCSCP_13074
LINCSCP_172679	-0.9973185517	0.04663123584	3	Afatinib	LSM-43226	EGFR|ERBB2|ERBB4	0.12uM	YAPC	24h	LINCSCP_172679
LINCSCP_72349	0.9973181409	0.04663480969	3	TRAVOPROST	LSM-45593	PTGFR	0.12uM	A375	24h	LINCSCP_72349
LINCSCP_12637	-0.9973175937	0.04663956933	3	CHEMBL1222381	LSM-6252	NA	80uM	CORL23	6h	LINCSCP_12637
LINCSCP_4690	-0.9973173729	0.04664148942	3	Olaparib	LSM-1145	PARP1|PARP2|PARP3	40uM	A549	6h	LINCSCP_4690
LINCSCP_11411	0.9973171066	0.04664380513	3	BIO2_000029	LSM-2270	NA	10uM	ASC	24h	LINCSCP_11411
LINCSCP_25710	-0.997311041	0.04669652617	3	SMR001317659	LSM-2094	NA	0.5uM	HT29	6h	LINCSCP_25710
LINCSCP_55651	0.9973104942	0.04670127587	3	D-64406	LSM-2606	NA	10uM	VCAP	24h	LINCSCP_55651
LINCSCP_36628	-0.9973103089	0.04670288548	3	WH-4-025	LSM-45317	NA	10uM	MCF7	6h	LINCSCP_36628
LINCSCP_109833	-0.9973087669	0.04671627703	3	Genz-644282	LSM-45838	NA	10uM	HELA	24h	LINCSCP_109833
LINCSCP_3084	-0.9973075874	0.04672651796	3	Zuclomiphene	LSM-42849	ESR1	10uM	A375	6h	LINCSCP_3084
LINCSCP_122488	-0.9973054075	0.04674543836	3	BUTORPHANOL-(+)-TARTRATE (DEA license)	LSM-45696	OPRK1|OPRM1	10uM	HT29	24h	LINCSCP_122488
LINCSCP_168458	-0.9973050778	0.04674829963	3	AT-9283	LSM-37023	ABL1|AURKA|AURKB|FLT3|JAK2|JAK3	3.33uM	YAPC	24h	LINCSCP_168458
LINCSCP_226074	-0.9973043458	0.0467546508	3	NSC403917	LSM-4816	NA	10uM	HT29	6h	LINCSCP_226074
LINCSCP_145622	-0.9973042422	0.04675555001	3	CHIR-99021	LSM-1181	NA	10uM	MDAMB231	24h	LINCSCP_145622
LINCSCP_22725	-0.9973035101	0.04676190066	3	Piperidolate	LSM-1951	CHRM1	10uM	HEPG2	6h	LINCSCP_22725
LINCSCP_33850	-0.9973032441	0.04676420873	3	BRD-K34412705	LSM-39151	NA	10uM	MCF7	24h	LINCSCP_33850
LINCSCP_131381	0.9973031733	0.0467648227	3	WYE 125132	LSM-1064	MTOR	0.37uM	MCF10A	24h	LINCSCP_131381
LINCSCP_202876	-0.9973030606	0.04676580039	3	SMR000390896	LSM-1958	NA	10uM	A673	6h	LINCSCP_202876
LINCSCP_132984	-0.9973029789	0.04676650865	3	PD-0325901	LSM-1101	MAP2K1|MAP2K2	3.33uM	MCF7	3h	LINCSCP_132984
LINCSCP_98500	-0.9973014747	0.04677955452	3	MG-132	LSM-1107	PSMB1	20uM	HA1E	24h	LINCSCP_98500
LINCSCP_249933	0.9973006172	0.04678698971	3	BRD-K11977286	LSM-9151	NA	10uM	MCF7	24h	LINCSCP_249933
LINCSCP_85724	0.9973001752	0.04679082165	3	Dactolisib	LSM-4255	MTOR|PIK3CA|PIK3CB|PIK3CD|PIK3CG|PIK3R1|PIK3R2|PIK3R3|PIK3R5	1.11uM	BT20	3h	LINCSCP_85724
LINCSCP_235850	0.9972985619	0.0468048057	3	Paroxetine	LSM-2843	SLC6A4	10uM	MCF7	6h	LINCSCP_235850
LINCSCP_62974	-0.9972976669	0.04681256185	3	BRD-K50194167	LSM-11483	NA	5uM	VCAP	6h	LINCSCP_62974
LINCSCP_151835	-0.9972972686	0.04681601338	3	GSK-461364	LSM-1013	PLK1	1.11uM	PC3	24h	LINCSCP_151835
LINCSCP_48446	-0.9972965207	0.04682249326	3	BRD-K60636255	LSM-12092	NA	10uM	PC3	24h	LINCSCP_48446
LINCSCP_142178	-0.9972964115	0.04682343921	3	Aripiprazole	LSM-5776	DRD2|HRH1|HTR1A|HTR1B|HTR1D|HTR2A|HTR2C	0.37uM	MCF7	24h	LINCSCP_142178
LINCSCP_205203	-0.9972962924	0.04682447076	3	SCHEMBL570779	LSM-1149	NA	1uM	BT20	6h	LINCSCP_205203
LINCSCP_30508	-0.9972952954	0.04683310725	3	Dalcetrapib	LSM-6227	CETP	80uM	MCF7	24h	LINCSCP_30508
LINCSCP_151627	-0.9972945141	0.04683987416	3	COT Inhibitor-2	LSM-1154	NA	1.11uM	PC3	24h	LINCSCP_151627
LINCSCP_242315	0.9972922892	0.04685913908	3	Epirizole	LSM-2868	PTGS1|PTGS2	10uM	MCF7	6h	LINCSCP_242315
LINCSCP_117968	-0.9972918433	0.04686299905	3	Blonanserin (Lonasen)	LSM-45717	NA	0.04uM	HT29	24h	LINCSCP_117968
LINCSCP_39434	-0.9972907715	0.04687227546	3	BAY 61-3606	LSM-1167	SYK	10uM	MDAMB231	24h	LINCSCP_39434
LINCSCP_3409	-0.9972901072	0.04687802422	3	BRD-K69449860	LSM-41051	NA	5uM	A375	24h	LINCSCP_3409
LINCSCP_56155	-0.9972899165	0.04687967449	3	Kenpaullone	LSM-2824	CDK1|CDK5|GSK3B	10uM	VCAP	6h	LINCSCP_56155
LINCSCP_281692	-0.9972895683	0.04688268772	3	Fipronil	LSM-1608	NA	10uM	PHH	24h	LINCSCP_281692
LINCSCP_148096	0.9972867274	0.04690726128	3	amcinonide	NA	NA	1.11uM	NPC.CAS9	24h	LINCSCP_148096
LINCSCP_35950	-0.9972860297	0.04691329457	3	Mitoxantrone	LSM-2481	TOP2A	0.001uM	MCF7	24h	LINCSCP_35950
LINCSCP_118605	0.9972849734	0.04692242782	3	Dactolisib	LSM-4255	MTOR|PIK3CA|PIK3CB|PIK3CD|PIK3CG|PIK3R1|PIK3R2|PIK3R3|PIK3R5	10uM	HT29	24h	LINCSCP_118605
LINCSCP_27263	0.9972847258	0.04692456832	3	ST50050407	LSM-4859	NA	10uM	HT29	6h	LINCSCP_27263
LINCSCP_60516	-0.9972842582	0.04692861007	3	MLS003129189	LSM-7086	NA	5uM	VCAP	24h	LINCSCP_60516
LINCSCP_65717	-0.9972834391	0.04693569016	3	BRD-K84890987	LSM-41905	NA	10uM	VCAP	24h	LINCSCP_65717
LINCSCP_151860	-0.9972828553	0.0469407351	3	Iniparib	LSM-6317	PARP1	0.37uM	PC3	24h	LINCSCP_151860
LINCSCP_21670	-0.9972799153	0.04696613537	3	4-Iodo-6-phenylpyrimidine	LSM-6233	MIF	40uM	HEPG2	6h	LINCSCP_21670
LINCSCP_2393	0.9972786282	0.04697725094	3	BRD-K61341215-004-01-2	LSM-5709	CHRNA2	10uM	A375	6h	LINCSCP_2393
LINCSCP_52001	-0.9972781276	0.04698157359	3	EX-8678	LSM-1147	NA	10uM	SKBR3	6h	LINCSCP_52001
LINCSCP_117972	-0.997275753	0.0470020725	3	Zaldaride	LSM-1413	CALM1	0.37uM	HT29	24h	LINCSCP_117972
LINCSCP_43600	0.9972751784	0.04700703105	3	SCHEMBL2704865	LSM-45123	NA	10uM	NPC	6h	LINCSCP_43600
LINCSCP_36733	-0.9972750134	0.04700845464	3	SCHEMBL3954849	LSM-5982	NA	0.5uM	MCF7	6h	LINCSCP_36733
LINCSCP_250750	-0.9972742507	0.04701503639	3	Phenanthridone	LSM-2229	PARP1	0.001uM	MCF7	24h	LINCSCP_250750
LINCSCP_32305	0.9972723192	0.04703169837	3	AT-7519	LSM-1004	CDK1|CDK10|CDK11B|CDK12|CDK13|CDK14|CDK15|CDK16|CDK17|CDK18|CDK19|CDK2|CDK20|CDK3|CDK4|CDK5|CDK6|CDK7|CDK8|CDK9	10uM	MCF7	6h	LINCSCP_32305
LINCSCP_15711	-0.9972720912	0.04703366522	3	MLS-0258268.0001	LSM-1866	NA	10uM	HA1E	24h	LINCSCP_15711
LINCSCP_71630	0.9972720199	0.04703427993	3	Tranilast	LSM-42898	NA	3.33uM	A375	24h	LINCSCP_71630
LINCSCP_29085	0.9972717552	0.0470365626	3	Perhexiline	LSM-4353	CPT1A|CPT2	10uM	JHUEM2	6h	LINCSCP_29085
LINCSCP_129482	-0.9972717353	0.047036734	3	PF-04217903	LSM-1166	MET	10uM	JURKAT	24h	LINCSCP_129482
LINCSCP_30936	0.9972704373	0.04704792682	3	MLS001007458	LSM-2288	NA	10uM	MCF7	24h	LINCSCP_30936
LINCSCP_65150	-0.9972697871	0.04705353299	3	BRD-K43498025	LSM-39661	NA	10uM	VCAP	6h	LINCSCP_65150
LINCSCP_15276	-0.9972693316	0.04705745939	3	Dalcetrapib	LSM-6227	CETP	80uM	HA1E	24h	LINCSCP_15276
LINCSCP_31844	0.9972690149	0.04706018994	3	CHEMBL2142321	LSM-4813	NA	10uM	MCF7	24h	LINCSCP_31844
LINCSCP_33439	-0.9972663928	0.04708278608	3	7-[4-(2-Hydroxyphenyl)-2-(trifluoromethyl)-1,3-dioxan-5-yl]hept-5-enoic acid	LSM-1619	NA	10uM	MCF7	6h	LINCSCP_33439
LINCSCP_117790	0.9972632292	0.04711003512	3	GSK 1059615	LSM-42799	PIK3CA|PIK3CB|PIK3CD|PIK3CG	3.33uM	HT29	24h	LINCSCP_117790
LINCSCP_125755	-0.9972628612	0.04711320378	3	Moxisylyte	LSM-5868	NA	0.37uM	HT29	24h	LINCSCP_125755
LINCSCP_50788	0.9972616205	0.04712388604	3	Quiflapon	LSM-6242	ALOX5AP	80uM	RKO	6h	LINCSCP_50788
LINCSCP_210171	0.9972614151	0.04712565392	3	Vanoxerine	LSM-2703	SLC6A3	10uM	HA1E	24h	LINCSCP_210171
LINCSCP_32567	-0.9972606775	0.04713200217	3	AC1M43RN	LSM-3363	NA	10uM	MCF7	24h	LINCSCP_32567
LINCSCP_109615	-0.9972598447	0.04713916936	3	MG-132	LSM-1107	PSMB1	20uM	HELA	24h	LINCSCP_109615
LINCSCP_129620	0.9972588093	0.04714807905	3	MLN-0128	LSM-1206	MTOR	3.33uM	JURKAT	24h	LINCSCP_129620
LINCSCP_17769	0.9972584073	0.04715153781	3	PF 3845	LSM-6265	FAAH	10uM	HCC15	6h	LINCSCP_17769
LINCSCP_37150	-0.9972558752	0.047173317	3	MLS003129346	LSM-40526	NA	0.5uM	MCF7	6h	LINCSCP_37150
LINCSCP_156156	0.9972550426	0.04718047625	3	Guanadrel	LSM-43257	SLC6A2	0.04uM	PC3	24h	LINCSCP_156156
LINCSCP_172783	-0.9972549966	0.04718087113	3	Ticagrelor	LSM-45528	NA	10uM	YAPC	24h	LINCSCP_172783
LINCSCP_129455	0.9972545069	0.04718508214	3	CHEMBL3182395	LSM-1164	MAP2K5|MAPK7	0.12uM	JURKAT	24h	LINCSCP_129455
LINCSCP_17770	-0.9972539187	0.04719013835	3	MLS003587254	LSM-43332	NA	10uM	HCC15	6h	LINCSCP_17770
LINCSCP_29794	0.9972537899	0.04719124569	3	TORIN-2	LSM-1080	MTOR	0.5uM	MCF10A	6h	LINCSCP_29794
LINCSCP_83923	-0.9972517876	0.04720845452	3	CHIR-265	LSM-1207	BRAF|KDR	0.37uM	ASC.C	24h	LINCSCP_83923
LINCSCP_33713	-0.9972515558	0.04721044593	3	Minoxidil	LSM-2134	ABCC9|KCNJ11|KCNJ8	10uM	MCF7	6h	LINCSCP_33713
LINCSCP_151329	-0.9972511575	0.04721386837	3	TAE-684	LSM-1024	ALK	1.11uM	PC3	24h	LINCSCP_151329
LINCSCP_135050	-0.9972510565	0.0472147361	3	Carprofen	LSM-1350	PTGS1|PTGS2	0.04uM	MCF7	24h	LINCSCP_135050
LINCSCP_12202	0.9972498791	0.04722485092	3	PI-103	LSM-1126	MTOR|PIK3CA|PIK3CB|PIK3CD|PIK3CG	0.5uM	BT20	24h	LINCSCP_12202
LINCSCP_22086	-0.9972477112	0.0472434689	3	MLS002607684	LSM-3559	NA	10uM	HEPG2	6h	LINCSCP_22086
LINCSCP_176732	0.9972446864	0.04726943454	3	LY83583	LSM-3393	GUCY1A2	10uM	A375	6h	LINCSCP_176732
LINCSCP_25429	0.9972436786	0.04727808289	3	Manumycin-A	LSM-43075	FNTA|IKBKB	10uM	HT29	24h	LINCSCP_25429
LINCSCP_156426	0.9972425997	0.04728733917	3	Dronedarone HCl	LSM-45428	CACNA1C|CACNA1D|CACNA1F|CACNA1S|HCN4|KCNJ2|SCN10A|SCN11A|SCN1A|SCN2A|SCN3A|SCN4A|SCN5A|SCN7A|SCN8A|SCN9A	10uM	PC3	24h	LINCSCP_156426
LINCSCP_251100	-0.9972425651	0.04728763539	3	Withaferin A	LSM-6685	IKBKB|NAMPT	0.1uM	MCF7	24h	LINCSCP_251100
LINCSCP_87334	-0.9972413033	0.04729845883	3	N-(3-Fluoro-4-((7-methoxyquinolin-4-yl)oxy)phenyl)-1-(2-hydroxy-2-methylpropyl)-5-methyl-3-oxo-2-phenyl-2,3-dihydro-1H-pyrazole-4-carboxamide	LSM-1113	NA	0.04uM	CD34	24h	LINCSCP_87334
LINCSCP_168406	-0.9972410533	0.04730060283	3	AV-412 (free base)	LSM-45753	NA	0.37uM	YAPC	24h	LINCSCP_168406
LINCSCP_212668	-0.9972407133	0.0473035188	3	Broad-Sai-045	LSM-45330	NA	0.5uM	HA1E	6h	LINCSCP_212668
LINCSCP_251294	-0.9972404584	0.04730570433	3	AKT Inhibitor VIII	LSM-1035	AKT1|AKT2	1uM	MCF7	24h	LINCSCP_251294
LINCSCP_11092	0.9972400114	0.04730953795	3	U-0126	LSM-42807	MAP2K1|MAP2K2	10uM	ASC	24h	LINCSCP_11092
LINCSCP_277790	0.9972389932	0.04731826776	3	BRD-K00540336	LSM-37312	NA	10uM	PC3	24h	LINCSCP_277790
LINCSCP_1149	-0.9972384456	0.04732296134	3	ZINC01792951	LSM-2717	NA	10uM	A375	24h	LINCSCP_1149
LINCSCP_89775	0.9972368347	0.04733676888	3	Ibudilast	LSM-2357	MIF|PDE10A|PDE3A|PDE4A|PDE4B|PDE4C|PDE4D|TLR4	0.04uM	HA1E	24h	LINCSCP_89775
LINCSCP_88301	0.9972343553	0.04735801098	3	Tivozanib	LSM-1005	FLT1|FLT4|KDR|KIT|PDGFRA|PDGFRB	1.11uM	HA1E	24h	LINCSCP_88301
LINCSCP_32192	-0.9972338763	0.04736211406	3	CHEMBL461194	LSM-4879	ALPL	10uM	MCF7	24h	LINCSCP_32192
LINCSCP_46926	-0.9972321339	0.04737703564	3	LRRK2-IN-1	LSM-1086	LRRK2	10uM	PC3	6h	LINCSCP_46926
LINCSCP_7565	-0.9972315037	0.04738243136	3	149759-96-6	LSM-2081	NA	10uM	A549	24h	LINCSCP_7565
LINCSCP_31498	0.9972299219	0.04739597192	3	MLS002607703	LSM-3242	NA	10uM	MCF7	6h	LINCSCP_31498
LINCSCP_21933	0.997229104	0.04740297174	3	VU0418934-2	LSM-3990	NA	10uM	HEPG2	6h	LINCSCP_21933
LINCSCP_13719	-0.9972272572	0.04741877316	3	LOPAC-L-133	LSM-2633	DRD4	10uM	HA1E	24h	LINCSCP_13719
LINCSCP_30330	0.9972268503	0.04742225436	3	Periplocymarin	LSM-1573	NA	10uM	MCF7	6h	LINCSCP_30330
LINCSCP_118960	0.9972268472	0.04742228085	3	Oprozomib (ONX 0912)	LSM-45496	NA	1.11uM	HT29	24h	LINCSCP_118960
LINCSCP_92520	0.9972248603	0.04743927406	3	Cimetidine	LSM-2404	HRH2	0.37uM	HA1E	24h	LINCSCP_92520
LINCSCP_256770	-0.997224342	0.04744370546	3	SJ 172550	LSM-43286	MDM4	10uM	NCIH1694	6h	LINCSCP_256770
LINCSCP_7407	0.9972241159	0.04744563856	3	Amoxapine	LSM-2021	DRD1|DRD2|DRD3|DRD4|DRD5|HTR2A|HTR6|SLC6A2|SLC6A4	10uM	A549	6h	LINCSCP_7407
LINCSCP_128078	0.9972234577	0.04745126642	3	OSI-930	LSM-1179	FLT1|FLT4|KDR|KIT	1.11uM	HUES3	24h	LINCSCP_128078
LINCSCP_139729	-0.997223213	0.04745335787	3	ipratropium	LSM-45809	NA	3.33uM	MCF7	24h	LINCSCP_139729
LINCSCP_128306	-0.9972227958	0.04745692462	3	AT 7867	LSM-1155	NA	0.12uM	HUES3	24h	LINCSCP_128306
LINCSCP_75652	0.9972224119	0.04746020627	3	LGX818	LSM-45655	NA	1.11uM	A375	24h	LINCSCP_75652
LINCSCP_182159	-0.9972222473	0.04746161249	3	BRD-K39530782	LSM-10830	NA	5uM	A375	24h	LINCSCP_182159
LINCSCP_21139	0.9972220591	0.04746322126	3	PX 12	LSM-4918	TXN|TXNRD1	30uM	HCT116	6h	LINCSCP_21139
LINCSCP_25606	0.9972196367	0.04748392103	3	FTI276	LSM-4727	FNTA	10uM	HT29	24h	LINCSCP_25606
LINCSCP_97517	-0.9972194163	0.04748580371	3	CEP-37440	LSM-45849	NA	10uM	HA1E	24h	LINCSCP_97517
LINCSCP_25457	0.9972183601	0.04749482578	3	BIBR-1532	LSM-43274	TERT	80uM	HT29	24h	LINCSCP_25457
LINCSCP_167412	-0.9972168158	0.04750801393	3	MK-0752	LSM-45266	NA	0.12uM	YAPC	24h	LINCSCP_167412
LINCSCP_38167	-0.9972152531	0.04752135516	3	BRD-K22563530	LSM-9796	NA	0.5uM	MCF7	24h	LINCSCP_38167
LINCSCP_55987	-0.997213436	0.04753686433	3	SPBIO_000926	LSM-2903	NA	10uM	VCAP	24h	LINCSCP_55987
LINCSCP_87089	-0.9972129423	0.04754107705	3	852475-26-4	LSM-43291	NA	3.33uM	CD34	24h	LINCSCP_87089
LINCSCP_121996	-0.9972104327	0.04756248643	3	Pimozide	LSM-2001	DRD1|DRD2|DRD3|DRD4|DRD5|HTR2A	10uM	HT29	24h	LINCSCP_121996
LINCSCP_73424	0.9972101672	0.04756475063	3	Tyrphostin AG-112	LSM-43079	NA	0.37uM	A375	24h	LINCSCP_73424
LINCSCP_15076	0.9972097713	0.04756812722	3	Fluphenazine	LSM-3226	DRD1|DRD2	10uM	HA1E	24h	LINCSCP_15076
LINCSCP_1902	0.997208257	0.04758103938	3	Mifepristone	LSM-2822	AR|NR3C1|PGR	10uM	A375	6h	LINCSCP_1902
LINCSCP_31538	-0.9972080338	0.04758294234	3	Pinacidil	LSM-1557	ABCC8|ABCC9	10uM	MCF7	24h	LINCSCP_31538
LINCSCP_67872	0.9972068943	0.04759265663	3	Wortmannin	LSM-3947	PIK3CA|PIK3CG|PLK1	10uM	PC3	6h	LINCSCP_67872
LINCSCP_113028	-0.997205984	0.04760041429	3	Saracatinib	LSM-1032	ABL1|SRC	3.33uM	HME1	24h	LINCSCP_113028
LINCSCP_38768	-0.9972058307	0.04760172097	3	MLS004683634	LSM-6156	NA	0.37uM	MCF7	24h	LINCSCP_38768
LINCSCP_27364	-0.9972048677	0.04760992719	3	BRD-K28154645	LSM-38806	NA	5uM	HT29	24h	LINCSCP_27364
LINCSCP_158188	0.9972032126	0.04762402748	3	Tacedinaline	LSM-19036	HDAC1|HDAC10|HDAC11|HDAC2|HDAC3|HDAC4|HDAC5|HDAC6|HDAC7|HDAC8|HDAC9	3.33uM	PC3	24h	LINCSCP_158188
LINCSCP_156020	0.9972024414	0.04763059607	3	Abexinostat	LSM-2269	HDAC1|HDAC10|HDAC2|HDAC3|HDAC6	3.33uM	PC3	24h	LINCSCP_156020
LINCSCP_58476	-0.9972012942	0.04764036546	3	BRD-K50368246	LSM-40062	NA	10uM	VCAP	6h	LINCSCP_58476
LINCSCP_239843	-0.9971984934	0.04766420907	3	MAYBRIDGE4_003236	LSM-4448	NA	10uM	MCF7	24h	LINCSCP_239843
LINCSCP_27666	-0.9971979232	0.04766906151	3	BRD-K28513938	LSM-10155	NA	5uM	HT29	24h	LINCSCP_27666
LINCSCP_158942	-0.9971977999	0.04767011059	3	Semaxanib	LSM-42995	FLT1|FLT4|KDR|KIT|PDGFRB	0.04uM	PC3	24h	LINCSCP_158942
LINCSCP_41128	0.9971963457	0.0476824844	3	BRD-K85806228	LSM-13688	NA	10uM	NEU	24h	LINCSCP_41128
LINCSCP_70578	0.9971962883	0.04768297269	3	MLS006011051	LSM-42801	BRAF	10uM	A375	24h	LINCSCP_70578
LINCSCP_64825	-0.9971959089	0.04768619974	3	BRD-K95951626	LSM-42478	NA	10uM	VCAP	6h	LINCSCP_64825
LINCSCP_29446	-0.997193672	0.04770522528	3	AKT Inhibitor VIII	LSM-1035	AKT1|AKT2	0.1uM	MCF10A	24h	LINCSCP_29446
LINCSCP_94686	-0.9971926739	0.04771371212	3	TAK-242	LSM-45934	NA	0.04uM	HA1E	24h	LINCSCP_94686
LINCSCP_25897	-0.9971921416	0.04771823724	3	CHEMBL1269896	LSM-2439	NA	10uM	HT29	24h	LINCSCP_25897
LINCSCP_55153	-0.9971919655	0.04771973428	3	BRD-K35669573	LSM-29348	NA	3uM	THP1	6h	LINCSCP_55153
LINCSCP_262870	0.9971910985	0.04772710395	3	Epirizole	LSM-2868	PTGS1|PTGS2	10uM	NPC	24h	LINCSCP_262870
LINCSCP_151082	-0.9971906633	0.04773080311	3	Momelotinib	LSM-1141	JAK1|JAK2	3.33uM	PC3	24h	LINCSCP_151082
LINCSCP_36968	-0.997189817	0.04773799529	3	FR-180204	LSM-42790	MAPK1|MAPK3	0.5uM	MCF7	6h	LINCSCP_36968
LINCSCP_85109	0.9971889494	0.04774536765	3	Crizotinib	LSM-1027	ALK|MET	0.04uM	BT20	24h	LINCSCP_85109
LINCSCP_2271	0.9971864669	0.04776645544	3	AS601245	LSM-1034	MAPK10|MAPK8|MAPK9	10uM	A375	6h	LINCSCP_2271
LINCSCP_171871	-0.9971862906	0.04776795207	3	K-115	LSM-45986	NA	3.33uM	YAPC	24h	LINCSCP_171871
LINCSCP_148877	-0.9971835521	0.04779120293	3	PFI-1	LSM-6331	NA	0.04uM	NPC	24h	LINCSCP_148877
LINCSCP_36480	0.9971825242	0.04779992788	3	TORIN1	LSM-1079	MTOR	0.1uM	MCF7	24h	LINCSCP_36480
LINCSCP_79476	-0.9971818086	0.04780600037	3	LY2090314	LSM-45915	GSK3A|GSK3B	3.33uM	A375	24h	LINCSCP_79476
LINCSCP_43171	0.9971817974	0.04780609501	3	BRD-K79532217	LSM-41611	NA	10uM	NPC	24h	LINCSCP_43171
LINCSCP_178226	0.9971798512	0.04782260706	3	4-(4-Bromophenyl)-2-(methylsulfonyl)thiazole	LSM-2784	NA	10uM	A375	6h	LINCSCP_178226
LINCSCP_290693	-0.9971796165	0.04782459789	3	27277-00-5	LSM-3155	NA	10uM	VCAP	24h	LINCSCP_290693
LINCSCP_10044	-0.9971792171	0.04782798556	3	CHEMBL2357005	LSM-6822	NA	1.11uM	A549	24h	LINCSCP_10044
LINCSCP_12068	0.9971776293	0.04784145105	3	OSI-027	LSM-1063	MTOR	10uM	BT20	6h	LINCSCP_12068
LINCSCP_242455	-0.9971767381	0.04784900746	3	BRD-K24754728	LSM-6092	NA	10uM	MCF7	24h	LINCSCP_242455
LINCSCP_62951	0.9971766894	0.04784942086	3	BRD-K95779464	LSM-14302	NA	5uM	VCAP	24h	LINCSCP_62951
LINCSCP_142762	-0.9971766134	0.04785006453	3	SIN-1, Hydrochloride	LSM-45857	NA	0.04uM	MCF7	24h	LINCSCP_142762
LINCSCP_222192	-0.9971758297	0.04785670802	3	BRD-K80368509	LSM-45306	NA	10uM	HL60	24h	LINCSCP_222192
LINCSCP_164564	-0.9971751934	0.04786210199	3	GSK-461364	LSM-1013	PLK1	3.33uM	SKL.C	24h	LINCSCP_164564
LINCSCP_141006	-0.997174348	0.04786926706	3	Famciclovir	LSM-2990	NA	3.33uM	MCF7	24h	LINCSCP_141006
LINCSCP_126330	-0.9971679331	0.04792359871	3	179324-69-7	LSM-6281	ADRM1|PSMA1|PSMA2|PSMA3|PSMA4|PSMA5|PSMA6|PSMA7|PSMA8|PSMB1|PSMB10|PSMB11|PSMB2|PSMB3|PSMB4|PSMB5|PSMB6|PSMB7|PSMB8|PSMB9|PSMC1|PSMC2|PSMC3|PSMC4|PSMC5|PSMC6|PSMD1|PSMD11|PSMD12|PSMD13|PSMD14|PSMD2|PSMD3|PSMD4|PSMD6|PSMD7|PSMD8|SEM1	20uM	HT29	24h	LINCSCP_126330
LINCSCP_57668	-0.9971666468	0.04793448582	3	MLS002454457	LSM-2987	NA	10uM	VCAP	6h	LINCSCP_57668
LINCSCP_228260	-0.9971663394	0.04793708767	3	BRD-K72516992	LSM-41204	NA	5uM	HT29	24h	LINCSCP_228260
LINCSCP_73340	-0.9971612843	0.04797984748	3	Pregnenolone	LSM-5550	NA	0.37uM	A375	24h	LINCSCP_73340
LINCSCP_226534	-0.9971599311	0.0479912873	3	Labetalol	LSM-1282	ADRA1A|ADRA1B|ADRA1D|ADRA2A|ADRA2B|ADRA2C|ADRB1|ADRB2|ADRB3	10uM	HT29	6h	LINCSCP_226534
LINCSCP_113754	-0.9971594618	0.04799525401	3	Bosutinib	LSM-1190	ABL1|BCR|CAMK2G|HCK|LYN|SRC	0.04uM	HME1	24h	LINCSCP_113754
LINCSCP_250856	-0.9971588373	0.04800053202	3	CHEMBL258148	LSM-6214	CTSL	0.001uM	MCF7	6h	LINCSCP_250856
LINCSCP_111790	0.9971586568	0.04800205793	3	WYE 125132	LSM-1064	MTOR	0.37uM	HEPG2	24h	LINCSCP_111790
LINCSCP_152329	0.9971584657	0.04800367219	3	VX-745	LSM-1169	MAPK14	10uM	PC3	24h	LINCSCP_152329
LINCSCP_146861	-0.9971583404	0.04800473125	3	Mocetinostat	LSM-5344	HDAC1|HDAC11|HDAC2|HDAC3|HDAC8	10uM	NEU	24h	LINCSCP_146861
LINCSCP_161373	-0.9971552575	0.04803077648	3	Bepotastine Besilate	LSM-45480	HRH1	3.33uM	PC3	24h	LINCSCP_161373
LINCSCP_127942	-0.9971549823	0.0480331014	3	MG-132	LSM-1107	PSMB1	20uM	HT29	24h	LINCSCP_127942
LINCSCP_14070	-0.9971549502	0.04803337204	3	L-Hyoscyamine	LSM-2897	NA	10uM	HA1E	24h	LINCSCP_14070
LINCSCP_2071	-0.9971534644	0.04804591913	3	CID 75060880	LSM-36724	NA	10uM	A375	6h	LINCSCP_2071
LINCSCP_61623	0.9971532699	0.04804756152	3	BRD-K56950264	LSM-11876	NA	5uM	VCAP	24h	LINCSCP_61623
LINCSCP_154493	-0.9971502333	0.04807319238	3	Alectinib	LSM-1202	ALK|RET	0.04uM	PC3	24h	LINCSCP_154493
LINCSCP_66684	-0.9971501564	0.04807384151	3	13-Hydroxy-8,14,19-trimethoxy-4,10,12,16-tetramethyl-3,20,22-trioxo-2-azabicyclo[16.3.1]docosa-1(21),4,6,10,18-pentaen-9-yl carbamate	LSM-42815	HSP90AA1	0.5uM	A549	24h	LINCSCP_66684
LINCSCP_45862	0.9971497907	0.04807692741	3	5-Phenethylquinoline-8-ol	LSM-4135	NA	10uM	PC3	6h	LINCSCP_45862
LINCSCP_60536	0.9971494958	0.04807941545	3	BRD-K31039264	LSM-7252	NA	5uM	VCAP	24h	LINCSCP_60536
LINCSCP_37337	-0.9971485436	0.04808744933	3	Dilazep	LSM-3068	SLC29A1	3uM	MCF7	6h	LINCSCP_37337
LINCSCP_150382	-0.9971479135	0.04809276487	3	NVP-BHG712	LSM-1201	NA	3.33uM	NPC.TAK	24h	LINCSCP_150382
LINCSCP_19751	0.99714735	0.04809751765	3	Triazolothiadiazine, 23	LSM-3093	NA	10uM	HCC515	6h	LINCSCP_19751
LINCSCP_173583	-0.997146364	0.04810583293	3	TRAMIPROSATE	LSM-45751	NA	0.12uM	YAPC	24h	LINCSCP_173583
LINCSCP_36977	0.9971456846	0.04811156193	3	Doramapimod	LSM-1170	MAPK11|MAPK12|MAPK14	10uM	MCF7	6h	LINCSCP_36977
LINCSCP_39163	-0.997145559	0.04811262098	3	PDK1 Inhibitor	LSM-1081	PDPK1	0.1uM	MDAMB231	6h	LINCSCP_39163
LINCSCP_62562	-0.9971454188	0.04811380329	3	BRD-K61519793	LSM-12157	NA	5uM	VCAP	6h	LINCSCP_62562
LINCSCP_48788	-0.9971449678	0.04811760534	3	MLS003130060	LSM-15143	NA	10uM	PC3	24h	LINCSCP_48788
LINCSCP_142245	-0.9971440876	0.04812502558	3	Quinapril	LSM-3620	ACE	0.12uM	MCF7	24h	LINCSCP_142245
LINCSCP_138795	-0.9971436449	0.04812875702	3	Mepivacaine	LSM-4306	SCN10A|SCN11A|SCN1A|SCN2A|SCN3A|SCN4A|SCN5A|SCN7A|SCN8A|SCN9A	0.37uM	MCF7	24h	LINCSCP_138795
LINCSCP_53097	-0.9971429575	0.04813455138	3	AC1Q6JJ5	LSM-6192	TOP2A	0.1uM	SKM1	6h	LINCSCP_53097
LINCSCP_48725	0.9971428077	0.04813581319	3	CHEMBL2360603	LSM-37724	NA	10uM	PC3	24h	LINCSCP_48725
LINCSCP_146357	-0.99714157	0.04814624351	3	TPCA-1	LSM-1136	IKBKB	1.11uM	NEU	24h	LINCSCP_146357
LINCSCP_144553	0.9971414908	0.04814691078	3	Quercetin	LSM-4199	PIK3CG	1.11uM	MCF7	24h	LINCSCP_144553
LINCSCP_278239	-0.9971414054	0.04814762979	3	Wortmannin	LSM-3947	PIK3CA|PIK3CG|PLK1	1uM	PC3	24h	LINCSCP_278239
LINCSCP_81351	-0.9971409081	0.04815181983	3	Momelotinib	LSM-1141	JAK1|JAK2	0.04uM	A549	24h	LINCSCP_81351
LINCSCP_122002	0.9971375801	0.04817984968	3	Adenosine	LSM-28568	ADORA1|ADORA2A|ADORA2B|ADORA3	10uM	HT29	24h	LINCSCP_122002
LINCSCP_174348	0.9971374935	0.04818057904	3	179324-69-7	LSM-6281	ADRM1|PSMA1|PSMA2|PSMA3|PSMA4|PSMA5|PSMA6|PSMA7|PSMA8|PSMB1|PSMB10|PSMB11|PSMB2|PSMB3|PSMB4|PSMB5|PSMB6|PSMB7|PSMB8|PSMB9|PSMC1|PSMC2|PSMC3|PSMC4|PSMC5|PSMC6|PSMD1|PSMD11|PSMD12|PSMD13|PSMD14|PSMD2|PSMD3|PSMD4|PSMD6|PSMD7|PSMD8|SEM1	20uM	YAPC	24h	LINCSCP_174348
LINCSCP_6487	-0.9971373266	0.04818198434	3	MLN-8054	LSM-1066	AURKA	10uM	A549	24h	LINCSCP_6487
LINCSCP_145649	-0.997132395	0.04822348786	3	SCHEMBL3958507	LSM-5245	COQ8B|EGFR	0.12uM	MDAMB231	3h	LINCSCP_145649
LINCSCP_1393	-0.9971312972	0.04823272274	3	CHEMBL1700271	LSM-2719	NA	10uM	A375	24h	LINCSCP_1393
LINCSCP_18652	-0.9971312566	0.04823306397	3	MR-16728	LSM-1443	NA	10uM	HCC515	6h	LINCSCP_18652
LINCSCP_151326	-0.997130945	0.04823568438	3	Radicicol	LSM-43303	NA	0.04uM	PC3	24h	LINCSCP_151326
LINCSCP_146567	-0.9971300224	0.04824344361	3	BRD-A25736793	LSM-43054	MTOR	10uM	NEU	24h	LINCSCP_146567
LINCSCP_2177	-0.9971293854	0.04824879984	3	CHEMBL461194	LSM-4879	ALPL	10uM	A375	6h	LINCSCP_2177
LINCSCP_49464	0.9971276793	0.0482631424	3	Wortmannin	LSM-3947	PIK3CA|PIK3CG|PLK1	10uM	PC3	24h	LINCSCP_49464
LINCSCP_1259	0.9971270359	0.04826854978	3	MLS000682490	LSM-4195	OPRK1	10uM	A375	24h	LINCSCP_1259
LINCSCP_70251	0.9971259182	0.04827794232	3	GSK 1059615	LSM-42799	PIK3CA|PIK3CB|PIK3CD|PIK3CG	10uM	A375	24h	LINCSCP_70251
LINCSCP_84715	-0.9971250951	0.04828485882	3	NU-7026	LSM-2191	PRKDC	0.04uM	ASC	24h	LINCSCP_84715
LINCSCP_73450	0.9971247878	0.0482874403	3	IN1549	LSM-4488	NA	0.04uM	A375	24h	LINCSCP_73450
LINCSCP_13448	-0.9971238741	0.04829511585	3	3-Chloro-l-alanine	LSM-6205	RPS2	0.5uM	H1299	6h	LINCSCP_13448
LINCSCP_126014	-0.997120941	0.04831974772	3	Ranitidine	LSM-42886	HRH2	0.12uM	HT29	24h	LINCSCP_126014
LINCSCP_68539	0.997120115	0.04832668161	3	LY-294002	LSM-2597	MTOR|PIK3CA|PIK3CB|PIK3CD|PIK3CG|PLK1|PRKDC	10uM	VCAP	24h	LINCSCP_68539
LINCSCP_125464	0.9971193637	0.04833298828	3	Cabergoline	LSM-3939	ADRA1A|ADRA2A|ADRA2B|ADRA2C|DRD1|DRD2|DRD3|DRD4|DRD5|HTR1A|HTR1B|HTR1D|HTR2A|HTR2B|HTR2C	10uM	HT29	24h	LINCSCP_125464
LINCSCP_112420	0.9971156325	0.04836429511	3	Entinostat	LSM-4811	HDAC1|HDAC10|HDAC11|HDAC2|HDAC3|HDAC4|HDAC5|HDAC6|HDAC7|HDAC8|HDAC9	3.33uM	HEPG2	24h	LINCSCP_112420
LINCSCP_17751	0.9971148001	0.04837127629	3	CHEMBL520231	LSM-43280	XPO1	10uM	HCC15	6h	LINCSCP_17751
LINCSCP_139576	-0.9971114569	0.04839930682	3	AC1L1IKY	LSM-5389	NA	0.12uM	MCF7	24h	LINCSCP_139576
LINCSCP_88426	0.9971093039	0.0484173493	3	Allitinib	LSM-1225	NA	3.33uM	HA1E	24h	LINCSCP_88426
LINCSCP_26534	-0.9971065844	0.04844013024	3	AO-343/41780842	LSM-6674	NA	10uM	HT29	6h	LINCSCP_26534
LINCSCP_129026	-0.9971062621	0.04844282936	3	NCGC00346967-01	LSM-6297	EPHB3	0.12uM	HUVEC	24h	LINCSCP_129026
LINCSCP_97835	-0.997105037	0.04845308803	3	Dolastatin 10	LSM-45943	NA	3.33uM	HA1E	24h	LINCSCP_97835
LINCSCP_159360	-0.9971045531	0.04845713909	3	SPECTRUM2_000920	LSM-1590	NA	0.12uM	PC3	24h	LINCSCP_159360
LINCSCP_173746	-0.9971040171	0.04846162636	3	BRD-K00144236	LSM-45653	NA	0.04uM	YAPC	24h	LINCSCP_173746
LINCSCP_107460	-0.9971039203	0.04846243602	3	MG-132	LSM-1107	PSMB1	20uM	HELA	24h	LINCSCP_107460
LINCSCP_87000	0.9971037699	0.04846369531	3	Dasatinib	LSM-1020	ABL1|BCR|BLK|EPHA2|FGR|FRK|FYN|HCK|KIT|LCK|LYN|PDGFRB|SRC|SRMS|YES1	10uM	CD34	24h	LINCSCP_87000
LINCSCP_201668	-0.9971025394	0.0484739941	3	SCHEMBL16226502	LSM-43056	HSP90AA1	0.001uM	A549	24h	LINCSCP_201668
LINCSCP_11885	-0.9971005334	0.04849077958	3	GSK-3 Inhibitor IX	LSM-42780	GSK3A|GSK3B	10uM	BT20	6h	LINCSCP_11885
LINCSCP_1390	-0.9970984122	0.04850852267	3	CHEMBL1887751	LSM-2647	NA	10uM	A375	24h	LINCSCP_1390
LINCSCP_147651	0.9970981369	0.04851082447	3	761437-28-9	LSM-1208	NA	0.12uM	NPC.CAS9	24h	LINCSCP_147651
LINCSCP_22331	0.99709795	0.04851238805	3	BRD-K19166598	LSM-38298	NA	10uM	HEPG2	6h	LINCSCP_22331
LINCSCP_240297	0.997096693	0.04852289838	3	GSK-1070916	LSM-1062	AURKB|AURKC	10uM	MCF7	24h	LINCSCP_240297
LINCSCP_42891	-0.9970965102	0.04852442615	3	3,5-Bis(4-methylbenzylidene)piperidin-4-one	LSM-2827	SENP2|USP1|USP2|USP7	10uM	NPC	24h	LINCSCP_42891
LINCSCP_72238	-0.9970943268	0.04854267633	3	Amlodipine	LSM-1388	CACNA1C|CACNA1D|CACNA1F|CACNA1S|CACNA2D1	3.33uM	A375	24h	LINCSCP_72238
LINCSCP_164083	0.9970934558	0.04854995563	3	WYE 125132	LSM-1064	MTOR	0.04uM	SKBR3	3h	LINCSCP_164083
LINCSCP_87130	-0.9970932634	0.04855156277	3	UNC0638	LSM-6325	NA	10uM	CD34	24h	LINCSCP_87130
LINCSCP_14872	-0.9970932378	0.04855177696	3	NU-7026	LSM-2191	PRKDC	10uM	HA1E	6h	LINCSCP_14872
LINCSCP_12487	-0.9970921144	0.04856116258	3	2-(4-Nitro-phenylamino)-benzoic acid	LSM-45307	NA	1uM	CD34	6h	LINCSCP_12487
LINCSCP_288162	-0.997091678	0.04856480782	3	CHEMBL2204241	LSM-36798	NA	0.1uM	THP1	24h	LINCSCP_288162
LINCSCP_30715	-0.9970915333	0.04856601668	3	Evodiamine	LSM-6483	TRPV1	10uM	MCF7	6h	LINCSCP_30715
LINCSCP_141157	-0.9970891748	0.0485857133	3	SPECTRUM2_000920	LSM-1590	NA	1.11uM	MCF7	24h	LINCSCP_141157
LINCSCP_499	0.997088911	0.04858791667	3	ZM-39923	LSM-2900	NA	10uM	A375	6h	LINCSCP_499
LINCSCP_30868	0.9970876942	0.04859807444	3	Elesclomol	LSM-4929	HSPA1A	10uM	MCF7	6h	LINCSCP_30868
LINCSCP_262832	-0.9970874031	0.04860050451	3	U 46619	LSM-42901	NA	10uM	NPC	24h	LINCSCP_262832
LINCSCP_70109	-0.9970856555	0.04861509036	3	848193-68-0	LSM-6271	SIRT1	1.11uM	A375	24h	LINCSCP_70109
LINCSCP_96854	0.9970842136	0.04862712109	3	Entinostat	LSM-4811	HDAC1|HDAC10|HDAC11|HDAC2|HDAC3|HDAC4|HDAC5|HDAC6|HDAC7|HDAC8|HDAC9	1.11uM	HA1E	24h	LINCSCP_96854
LINCSCP_262528	-0.997083549	0.04863266497	3	Hyoscine N-Oxide	LSM-1606	CHRM1|CHRM2|CHRM3|CHRM4	10uM	NPC	24h	LINCSCP_262528
LINCSCP_54383	-0.9970829389	0.04863775401	3	Nifedipine	LSM-4176	CACNA1C|CACNA1D|CACNA1F|CACNA1S|CACNA2D1	10uM	SW620	6h	LINCSCP_54383
LINCSCP_31442	0.9970824467	0.04864185934	3	MLS002264408	LSM-1834	NA	10uM	MCF7	6h	LINCSCP_31442
LINCSCP_43294	-0.9970821733	0.04864413948	3	BG-1003	LSM-45121	NA	10uM	NPC	6h	LINCSCP_43294
LINCSCP_35540	-0.9970820209	0.04864541051	3	PCI-34051	LSM-4812	HDAC1|HDAC10|HDAC6|HDAC8	10uM	MCF7	24h	LINCSCP_35540
LINCSCP_165636	-0.9970801812	0.04866075005	3	C30H33N3O5S	LSM-1156	ATM	1.11uM	SKL	24h	LINCSCP_165636
LINCSCP_7036	-0.9970801039	0.04866139483	3	Fluprostenol	LSM-42934	NA	10uM	A549	24h	LINCSCP_7036
LINCSCP_163559	-0.9970800271	0.04866203483	3	Pictilisib	LSM-1047	PIK3CA|PIK3CB|PIK3CD|PIK3CG|PIK3R1|PIK3R2|PIK3R3|PIK3R5	3.33uM	SKBR3	24h	LINCSCP_163559
LINCSCP_128497	-0.9970797352	0.0486644679	3	Sunitinib	LSM-42800	CSF1R|FLT1|FLT3|FLT4|KDR|KIT|PDGFRA|PDGFRB|RET	0.37uM	HUVEC	24h	LINCSCP_128497
LINCSCP_126502	-0.9970793195	0.04866793385	3	MG-132	LSM-1107	PSMB1	20uM	HT29	24h	LINCSCP_126502
LINCSCP_116591	-0.99707837	0.04867584727	3	936890-98-1	LSM-42786	MTOR	1.11uM	HT29	24h	LINCSCP_116591
LINCSCP_104078	-0.9970779127	0.04867965852	3	VRT752271	LSM-45974	NA	0.37uM	HELA	24h	LINCSCP_104078
LINCSCP_152269	0.9970772868	0.04868487456	3	Ponatinib	LSM-1151	ABL1|BCR|FGFR1|FGFR2|FGFR3|FGFR4|FLT3|KIT|RET|TEK	10uM	PC3	24h	LINCSCP_152269
LINCSCP_51604	-0.9970763063	0.04869304433	3	A-443654	LSM-1045	AKT1|AKT2	0.1uM	SKBR3	6h	LINCSCP_51604
LINCSCP_42582	0.9970760251	0.04869538667	3	Staurosporine Aglycon	LSM-3627	CCND1|CDK4	10uM	NPC	24h	LINCSCP_42582
LINCSCP_36233	-0.9970748846	0.04870488765	3	3-Chloro-l-alanine	LSM-6205	RPS2	0.5uM	MCF7	24h	LINCSCP_36233
LINCSCP_225167	-0.9970723631	0.04872588543	3	MLS-0435541.0001	LSM-3553	NA	10uM	HT29	6h	LINCSCP_225167
LINCSCP_139602	-0.9970705358	0.04874109631	3	ABT737	LSM-1180	BCL2|BCL2L1|BCL2L2	10uM	MCF7	24h	LINCSCP_139602
LINCSCP_106851	0.9970701568	0.04874425135	3	INOSITOL	LSM-45237	NA	10uM	HELA	24h	LINCSCP_106851
LINCSCP_201983	-0.9970699604	0.04874588526	3	Alvocidib	LSM-1011	CDK1|CDK2|CDK4|CDK5|CDK6|CDK7|CDK8|CDK9|EGFR|PYGM	0.01uM	A549	6h	LINCSCP_201983
LINCSCP_212365	-0.9970690084	0.04875380796	3	Oxymetholone	LSM-36952	AR	20uM	HA1E	6h	LINCSCP_212365
LINCSCP_25533	-0.9970686001	0.04875720533	3	AR-C133057XX	LSM-6244	NOS2	10uM	HT29	24h	LINCSCP_25533
LINCSCP_148842	-0.9970678009	0.04876385476	3	1268524-70-4	LSM-6332	NA	10uM	NPC	24h	LINCSCP_148842
LINCSCP_39407	0.997065681	0.04878148735	3	EX-8678	LSM-1147	NA	10uM	MDAMB231	24h	LINCSCP_39407
LINCSCP_9310	0.9970655012	0.04878298273	3	Wortmannin	LSM-3947	PIK3CA|PIK3CG|PLK1	0.5uM	A549	6h	LINCSCP_9310
LINCSCP_78642	-0.99706491	0.04878789899	3	Trazodone	LSM-3580	HTR2A|HTR2C|SLC6A4	1.11uM	A375	24h	LINCSCP_78642
LINCSCP_127497	-0.997064581	0.04879063446	3	MG-132	LSM-1107	PSMB1	20uM	HT29	24h	LINCSCP_127497
LINCSCP_51779	-0.9970638513	0.04879670139	3	BRD-A24396574-001-01-5	LSM-5006	NA	1uM	SKBR3	24h	LINCSCP_51779
LINCSCP_99309	-0.9970609387	0.04882091021	3	MG-132	LSM-1107	PSMB1	20uM	HA1E	24h	LINCSCP_99309
LINCSCP_187127	-0.9970599097	0.04882945962	3	TL_HRAS26	LSM-2013	NA	0.04uM	A375	24h	LINCSCP_187127
LINCSCP_6255	0.9970597713	0.04883060916	3	BSPBIO_000981	LSM-43126	ACTA1	10uM	A549	6h	LINCSCP_6255
LINCSCP_6402	0.9970595091	0.04883278813	3	3R14S-Ochratoxin a	LSM-5521	NA	10uM	A549	24h	LINCSCP_6402
LINCSCP_101355	-0.9970579171	0.04884601141	3	MG-132	LSM-1107	PSMB1	20uM	HELA	24h	LINCSCP_101355
LINCSCP_99315	-0.9970565903	0.04885702995	3	Netupitant	LSM-45459	TACR1	0.37uM	HA1E	24h	LINCSCP_99315
LINCSCP_130798	0.9970551165	0.04886926623	3	Crizotinib	LSM-1027	ALK|MET	0.04uM	MCF10A	3h	LINCSCP_130798
LINCSCP_79338	-0.9970547094	0.04887264534	3	Procainamide	LSM-3681	SCN10A|SCN11A|SCN1A|SCN2A|SCN3A|SCN4A|SCN5A|SCN7A|SCN8A|SCN9A	10uM	A375	24h	LINCSCP_79338
LINCSCP_86749	0.9970541185	0.04887755021	3	BRD-A25736793	LSM-43054	MTOR	0.04uM	CD34	24h	LINCSCP_86749
LINCSCP_30226	-0.997052427	0.04889158746	3	Desacetoxymatricarin	LSM-4167	NA	10uM	MCF7	6h	LINCSCP_30226
LINCSCP_65605	-0.9970503184	0.04890908097	3	CHEMBL2139763	LSM-38584	NA	10uM	VCAP	24h	LINCSCP_65605
LINCSCP_108561	-0.9970503153	0.04890910669	3	Riociguat	LSM-45758	GUCY1A2|GUCY1A3|GUCY1B3	0.12uM	HELA	24h	LINCSCP_108561
LINCSCP_180908	-0.9970497215	0.048914032	3	Niflumic acid	LSM-6016	CLCNKA|PTGS2	10uM	A375	6h	LINCSCP_180908
LINCSCP_35323	0.9970495864	0.04891515231	3	CHEMBL2354516	LSM-14832	NA	10uM	MCF7	24h	LINCSCP_35323
LINCSCP_175525	-0.9970482266	0.04892642857	3	Triamterene	LSM-4060	SCNN1A|SCNN1B|SCNN1G	0.04uM	YAPC	24h	LINCSCP_175525
LINCSCP_20755	-0.9970430377	0.04896943439	3	61364-37-2	LSM-5894	ADRA2A|ADRA2B|ADRA2C|HTR2A|HTR2C|HTR3A	10uM	HCC515	6h	LINCSCP_20755
LINCSCP_2695	-0.9970423337	0.04897526655	3	Clofibric acid	LSM-2427	PPARA	10uM	A375	6h	LINCSCP_2695
LINCSCP_504	-0.9970420129	0.0489779233	3	Zimelidine (E-Isomer)	LSM-42965	SLC6A4	10uM	A375	6h	LINCSCP_504
LINCSCP_66799	0.9970380888	0.04901041594	3	Wortmannin	LSM-3947	PIK3CA|PIK3CG|PLK1	10uM	HA1E	6h	LINCSCP_66799
LINCSCP_294976	0.9970378789	0.04901215368	3	Wortmannin	LSM-3947	PIK3CA|PIK3CG|PLK1	10uM	VCAP	6h	LINCSCP_294976
LINCSCP_2259	-0.997037388	0.04901621716	3	AC1MFZU7	LSM-4414	NA	10uM	A375	6h	LINCSCP_2259
LINCSCP_3901	-0.9970369711	0.04901966756	3	Sirolimus	LSM-42782	FKBP1A|MTOR	0.04uM	A375	24h	LINCSCP_3901
LINCSCP_45234	0.9970356276	0.04903078495	3	(1Ar,7as,10as,10br)-1a,5-Dimethyl-8-methylidene-2,3,6,7,7a,8,10a,10b-octahydrooxireno[9,10]cyclodeca[1,2-b]furan-9(1ah)-one	LSM-43089	NA	20uM	PC3	6h	LINCSCP_45234
LINCSCP_5244	-0.9970352183	0.04903417141	3	CHEMBL1887751	LSM-2647	NA	10uM	A549	6h	LINCSCP_5244
LINCSCP_122782	0.9970348166	0.04903749439	3	AGI-5198	LSM-45669	NA	10uM	HT29	24h	LINCSCP_122782
LINCSCP_83853	-0.9970345941	0.04903933542	3	CHEMBL1950303	LSM-1058	NA	0.04uM	ASC.C	24h	LINCSCP_83853
LINCSCP_117639	-0.9970293162	0.04908297822	3	TAK-715	LSM-1060	MAPK14	10uM	HT29	24h	LINCSCP_117639
LINCSCP_249254	-0.9970287153	0.04908794487	3	BRD-K47950966	LSM-39930	NA	5uM	MCF7	24h	LINCSCP_249254
LINCSCP_48738	-0.9970264005	0.04910707138	3	BRD-K15825608	LSM-38096	NA	10uM	PC3	24h	LINCSCP_48738
LINCSCP_150912	0.9970249639	0.04911893807	3	NVP-AUY922	LSM-1162	NA	0.04uM	PC3	24h	LINCSCP_150912
LINCSCP_190317	0.997024627	0.04912172091	3	Olmesartan	LSM-5893	NA	10uM	A549	6h	LINCSCP_190317
LINCSCP_48203	0.9970223458	0.04914055683	3	BRD-K73008154	LSM-41235	NA	5uM	PC3	24h	LINCSCP_48203
LINCSCP_53863	-0.9970212515	0.04914959076	3	Cucurbitacin-I	LSM-43115	JAK2|STAT3	10uM	SNUC5	6h	LINCSCP_53863
LINCSCP_22743	-0.9970201076	0.04915903155	3	102649-78-5	LSM-2565	PRKCA	10uM	HEPG2	6h	LINCSCP_22743
LINCSCP_304574	-0.9970191684	0.04916678172	3	BRD-K73083114	LSM-12902	NA	5uM	VCAP	24h	LINCSCP_304574
LINCSCP_184002	-0.9970189233	0.04916880392	3	BRD-K72217541	LSM-12853	NA	5uM	A375	24h	LINCSCP_184002
LINCSCP_21611	-0.9970168535	0.04918587866	3	6,10,10B-Trihydroxy-3,4a,7,7,10a-pentamethyl-1-oxo-3-vinyldodecahydro-1H-benzo[f]chromen-5-yl acetate	LSM-4467	ADCY2	10uM	HEPG2	6h	LINCSCP_21611
LINCSCP_167754	-0.9970158376	0.04919425719	3	Galeterone	LSM-45479	NA	0.12uM	YAPC	24h	LINCSCP_167754
LINCSCP_33446	0.9970157925	0.04919462877	3	SMP2_000249	LSM-1820	ATP1A1	10uM	MCF7	6h	LINCSCP_33446
LINCSCP_183180	-0.9970155248	0.04919683676	3	BRD-K95901503	LSM-42474	NA	5uM	A375	24h	LINCSCP_183180
LINCSCP_293921	0.9970151119	0.04920024175	3	Gabexate	LSM-3314	PRSS1	10uM	VCAP	24h	LINCSCP_293921
LINCSCP_11695	0.9970145144	0.04920516764	3	TORIN1	LSM-1079	MTOR	1uM	BT20	24h	LINCSCP_11695
LINCSCP_122057	0.9970143757	0.04920631133	3	Olaparib	LSM-1145	PARP1|PARP2|PARP3	3.33uM	HT29	24h	LINCSCP_122057
LINCSCP_57724	-0.9970113719	0.04923107053	3	MLS003221407	LSM-4066	NA	10uM	VCAP	6h	LINCSCP_57724
LINCSCP_108505	-0.9970105732	0.04923765223	3	Candesartan	LSM-5903	AGTR1	1.11uM	HELA	24h	LINCSCP_108505
LINCSCP_53925	0.9970102995	0.04923990659	3	Dorsomorphin	LSM-3207	BMPR1A|BMPR1B|PRKAA1	10uM	SNUC5	6h	LINCSCP_53925
LINCSCP_33698	-0.9970093273	0.04924791642	3	SPECTRUM1505034	LSM-1856	NA	10uM	MCF7	6h	LINCSCP_33698
LINCSCP_68168	0.9970092321	0.0492487001	3	Vorinostat	LSM-3828	HDAC1|HDAC2|HDAC3|HDAC6|HDAC8	10uM	PC3	6h	LINCSCP_68168
LINCSCP_46294	0.9970091196	0.049249627	3	SPB02303	LSM-4241	NA	10uM	PC3	24h	LINCSCP_46294
LINCSCP_64265	0.9970088521	0.0492518305	3	BRD-K28083085	LSM-38800	NA	5uM	VCAP	24h	LINCSCP_64265
LINCSCP_2818	-0.9970079405	0.04925933918	3	MY 5445	LSM-4024	PDE5A	10uM	A375	6h	LINCSCP_2818
LINCSCP_54416	-0.9970077957	0.04926053155	3	Teniposide	LSM-1483	TOP2A	1uM	SW948	6h	LINCSCP_54416
LINCSCP_102438	0.9970076871	0.04926142625	3	TIC10	LSM-45687	NA	0.37uM	HELA	24h	LINCSCP_102438
LINCSCP_202535	-0.9970064158	0.04927189475	3	TL_HRAS26	LSM-2013	NA	10uM	A549	24h	LINCSCP_202535
LINCSCP_66382	0.9970049554	0.04928391713	3	Trichostatin A, Streptomyces Sp.	LSM-42814	HDAC1|HDAC10|HDAC3|HDAC4|HDAC6|HDAC7|HDAC8	10uM	A375	6h	LINCSCP_66382
LINCSCP_102919	-0.9970040612	0.04929127737	3	Phenformin	LSM-2233	NA	0.12uM	HELA	24h	LINCSCP_102919
LINCSCP_114201	-0.9970026579	0.04930282641	3	STK219801	LSM-43281	NA	0.12uM	HME1	24h	LINCSCP_114201
LINCSCP_2542	-0.9970026269	0.04930308157	3	1228746-78-8	LSM-1533	NPC1L1	10uM	A375	6h	LINCSCP_2542
LINCSCP_80270	-0.997000837	0.04931780713	3	9-Epiquinine	LSM-6020	SCN5A	1.11uM	A375	24h	LINCSCP_80270
LINCSCP_108334	-0.9969992729	0.04933067205	3	Aminosalicylic acid	LSM-5862	PTGS1|PTGS2	0.04uM	HELA	24h	LINCSCP_108334
LINCSCP_10120	0.9969991676	0.04933153774	3	Apatinib Hydrochloride	LSM-4810	HDAC1|HDAC10|HDAC11|HDAC2|HDAC3|HDAC4|HDAC5|HDAC6|HDAC7|HDAC8|HDAC9	1.11uM	A549	24h	LINCSCP_10120
LINCSCP_49115	0.996998484	0.0493371597	3	CHEMBL2361743	LSM-38927	NA	10uM	PC3	6h	LINCSCP_49115
LINCSCP_165798	-0.9969950746	0.04936518627	3	CHEMBL3347630	LSM-43292	NA	1.11uM	SKL	24h	LINCSCP_165798
LINCSCP_91536	-0.9969948239	0.04936724631	3	Genistein	LSM-5549	CFTR|ESR2	1.11uM	HA1E	24h	LINCSCP_91536
LINCSCP_74052	0.9969912138	0.04939690504	3	5-(Z)-7-(4-o-hydroxyphenyl-2-trifluoromethyl-1,3 dioxan-cis-5-yl)heptenoic acid	LSM-43903	NA	10uM	A375	24h	LINCSCP_74052
LINCSCP_148255	-0.9969896745	0.04940954532	3	Alectinib	LSM-1202	ALK|RET	1.11uM	NPC.CAS9	24h	LINCSCP_148255
LINCSCP_149202	-0.9969866439	0.04943442306	3	galantamine	NA	NA	0.37uM	NPC	24h	LINCSCP_149202
LINCSCP_34857	-0.9969854171	0.04944448949	3	BRD-K81496150	LSM-41720	NA	5uM	MCF7	24h	LINCSCP_34857
LINCSCP_87637	0.9969847747	0.04944976024	3	WZ3105	LSM-5970	CLK2|CSNK1E|FLT3|ULK1	1.11uM	HA1E	24h	LINCSCP_87637
LINCSCP_28156	0.9969836497	0.04945898912	3	SA-1938740	LSM-40577	NA	5uM	HT29	24h	LINCSCP_28156
LINCSCP_53912	0.9969823714	0.04946947364	3	AKT Inhibitor IV	LSM-43091	AKT1	10uM	SNUC5	6h	LINCSCP_53912
LINCSCP_25761	-0.9969817604	0.04947448415	3	BRD-K41087962	LSM-42690	NA	0.5uM	HT29	6h	LINCSCP_25761
LINCSCP_74684	0.9969809422	0.04948119258	3	Nicotine	LSM-2093	CHRNA10|CHRNA4|CHRNA9|CHRNB2	0.37uM	A375	24h	LINCSCP_74684
LINCSCP_165768	0.9969808508	0.04948194186	3	Entinostat	LSM-4811	HDAC1|HDAC10|HDAC11|HDAC2|HDAC3|HDAC4|HDAC5|HDAC6|HDAC7|HDAC8|HDAC9	1.11uM	SKL	24h	LINCSCP_165768
LINCSCP_34779	-0.9969802177	0.04948713249	3	BRD-K18641148	LSM-38266	NA	5uM	MCF7	24h	LINCSCP_34779
LINCSCP_68570	0.9969795166	0.04949287937	3	LY-294002	LSM-2597	MTOR|PIK3CA|PIK3CB|PIK3CD|PIK3CG|PLK1|PRKDC	10uM	VCAP	24h	LINCSCP_68570
LINCSCP_105672	-0.9969787901	0.04949883408	3	Anandamide	LSM-43816	CNR1|CNR2|TRPV1	0.37uM	HELA	24h	LINCSCP_105672
LINCSCP_181187	-0.9969773327	0.04951077761	3	BRD-K00185670	LSM-37291	NA	5uM	A375	24h	LINCSCP_181187
LINCSCP_12910	0.9969766938	0.04951601272	3	TL_HRAS26	LSM-2013	NA	10uM	EFO27	6h	LINCSCP_12910
LINCSCP_77208	-0.99697587	0.04952276177	3	benproperine	LSM-45733	NA	0.04uM	A375	24h	LINCSCP_77208
LINCSCP_129749	0.9969751257	0.04952885842	3	GW843682X	LSM-1014	PLK1|PLK3	0.12uM	LNCAP	24h	LINCSCP_129749
LINCSCP_69999	-0.9969746818	0.04953249483	3	BS-181	LSM-6305	NA	0.12uM	A375	24h	LINCSCP_69999
LINCSCP_54280	-0.9969744751	0.0495341873	3	CAY-10594	LSM-6256	PLD2	20uM	SW620	6h	LINCSCP_54280
LINCSCP_110848	-0.9969725191	0.04955020529	3	GSK-461364	LSM-1013	PLK1	0.37uM	HELA	24h	LINCSCP_110848
LINCSCP_43979	-0.9969724387	0.04955086363	3	AC1N92C7	LSM-1822	EDNRA	10uM	PC3	24h	LINCSCP_43979
LINCSCP_81232	0.9969722529	0.04955238415	3	Radicicol	LSM-43303	NA	10uM	A549	24h	LINCSCP_81232
LINCSCP_113186	-0.9969717322	0.04955664737	3	Radicicol	LSM-43303	NA	0.12uM	HME1	24h	LINCSCP_113186
LINCSCP_15106	-0.9969709397	0.0495631346	3	Ondansetron	LSM-1375	HTR3A	10uM	HA1E	6h	LINCSCP_15106
LINCSCP_6670	0.9969690606	0.04957851359	3	WYE 354	LSM-5840	MTOR	10uM	A549	6h	LINCSCP_6670
LINCSCP_134674	0.9969685434	0.04958274578	3	PI 3-K/mTOR Inhibitor III, PKI-179	LSM-45478	MTOR|PIK3CA	10uM	MCF7	24h	LINCSCP_134674
LINCSCP_111234	-0.9969680227	0.04958700564	3	NU-7441	LSM-1061	PRKDC	0.04uM	HEPG2	24h	LINCSCP_111234
LINCSCP_145119	0.9969672952	0.04959295717	3	TORIN-2	LSM-1080	MTOR	10uM	MDAMB231	3h	LINCSCP_145119
LINCSCP_89453	-0.9969663348	0.04960081309	3	DMXAA (Vadimezan)	LSM-45482	NA	3.33uM	HA1E	24h	LINCSCP_89453
LINCSCP_65500	-0.9969657954	0.04960522528	3	BRD-K65959597	LSM-40875	NA	10uM	VCAP	6h	LINCSCP_65500
LINCSCP_45522	0.9969649886	0.04961182309	3	MLS002264468	LSM-3473	NA	10uM	PC3	24h	LINCSCP_45522
LINCSCP_27148	-0.9969630793	0.04962743334	3	Mebendazole	LSM-3749	NA	10uM	HT29	6h	LINCSCP_27148
LINCSCP_183936	-0.9969622955	0.04963384105	3	BRD-K50887310	LSM-11534	NA	5uM	A375	24h	LINCSCP_183936
LINCSCP_133605	-0.996961586	0.04963963937	3	Infigratinib	LSM-1184	FGFR1|FGFR2|FGFR3|FGFR4	1.11uM	MCF7	24h	LINCSCP_133605
LINCSCP_47474	-0.9969604674	0.04964878058	3	Allantoin	LSM-5190	NA	10uM	PC3	24h	LINCSCP_47474
LINCSCP_177926	-0.9969594022	0.04965748386	3	ASN 04482680	LSM-3933	NA	10uM	A375	24h	LINCSCP_177926
LINCSCP_70358	0.9969575137	0.04967291044	3	NU-7026	LSM-2191	PRKDC	0.04uM	A375	24h	LINCSCP_70358
LINCSCP_135962	-0.9969558598	0.0496864165	3	Arbutin	LSM-5255	TYR	10uM	MCF7	24h	LINCSCP_135962
LINCSCP_32149	-0.9969554625	0.04968966112	3	172985-18-1	LSM-4563	NA	10uM	MCF7	24h	LINCSCP_32149
LINCSCP_41537	-0.9969550804	0.0496927807	3	Deoxycholic acid	LSM-5529	GPBAR1	10uM	NEU	6h	LINCSCP_41537
LINCSCP_156038	-0.9969549938	0.04969348727	3	Pomalidomide	LSM-45637	CRBN|CUL4A|DDB1|RBX1	3.33uM	PC3	24h	LINCSCP_156038
LINCSCP_159904	-0.996953738	0.04970373844	3	TAK-285	LSM-45987	EGFR|ERBB2	1.11uM	PC3	24h	LINCSCP_159904
LINCSCP_43638	-0.996953733	0.0497037794	3	SB-216763	LSM-1161	GSK3B	10uM	NPC	6h	LINCSCP_43638
LINCSCP_98784	0.9969527046	0.04971217283	3	NKP608	LSM-45650	NA	0.12uM	HA1E	24h	LINCSCP_98784
LINCSCP_131515	0.9969501116	0.04973332956	3	SCHEMBL6874948	LSM-5674	LCK	3.33uM	MCF10A	3h	LINCSCP_131515
LINCSCP_115770	-0.9969495816	0.04973765293	3	Y-39983	LSM-1150	ROCK1|ROCK2	1.11uM	HS578T	24h	LINCSCP_115770
LINCSCP_174708	-0.9969471308	0.04975763969	3	179324-69-7	LSM-6281	ADRM1|PSMA1|PSMA2|PSMA3|PSMA4|PSMA5|PSMA6|PSMA7|PSMA8|PSMB1|PSMB10|PSMB11|PSMB2|PSMB3|PSMB4|PSMB5|PSMB6|PSMB7|PSMB8|PSMB9|PSMC1|PSMC2|PSMC3|PSMC4|PSMC5|PSMC6|PSMD1|PSMD11|PSMD12|PSMD13|PSMD14|PSMD2|PSMD3|PSMD4|PSMD6|PSMD7|PSMD8|SEM1	20uM	YAPC	24h	LINCSCP_174708
LINCSCP_16610	0.9969448078	0.04977657658	3	AZ628	LSM-1050	BRAF|RAF1	10uM	HA1E	6h	LINCSCP_16610
LINCSCP_297067	-0.9969443552	0.04978026509	3	BRD-K11480730	LSM-37857	NA	5uM	VCAP	6h	LINCSCP_297067
LINCSCP_52155	0.9969443426	0.04978036793	3	CHEMBL2134949	LSM-40355	NA	10uM	SKB	24h	LINCSCP_52155
LINCSCP_145926	0.9969431568	0.04979003112	3	EX-8678	LSM-1147	NA	0.04uM	MDAMB231	3h	LINCSCP_145926
LINCSCP_92364	-0.9969397036	0.04981816046	3	BRD-A28746609	LSM-1102	NR1I2|TUBB	0.37uM	HA1E	24h	LINCSCP_92364
LINCSCP_152039	0.9969391648	0.04982254745	3	GSK 1059615	LSM-42799	PIK3CA|PIK3CB|PIK3CD|PIK3CG	1.11uM	PC3	24h	LINCSCP_152039
LINCSCP_61842	0.996939007	0.0498238323	3	BRD-K90061989	LSM-13984	NA	5uM	VCAP	24h	LINCSCP_61842
LINCSCP_64445	-0.9969388241	0.04982532204	3	BRD-K77326001	LSM-41491	NA	5uM	VCAP	6h	LINCSCP_64445
LINCSCP_85472	0.9969370242	0.04983997548	3	Tozasertib	LSM-1021	ABL1|AURKA|AURKB|AURKC|BCR|FLT3|JAK2	1.11uM	BT20	3h	LINCSCP_85472
LINCSCP_173544	-0.9969363093	0.04984579409	3	179324-69-7	LSM-6281	ADRM1|PSMA1|PSMA2|PSMA3|PSMA4|PSMA5|PSMA6|PSMA7|PSMA8|PSMB1|PSMB10|PSMB11|PSMB2|PSMB3|PSMB4|PSMB5|PSMB6|PSMB7|PSMB8|PSMB9|PSMC1|PSMC2|PSMC3|PSMC4|PSMC5|PSMC6|PSMD1|PSMD11|PSMD12|PSMD13|PSMD14|PSMD2|PSMD3|PSMD4|PSMD6|PSMD7|PSMD8|SEM1	20uM	YAPC	24h	LINCSCP_173544
LINCSCP_10362	-0.9969349817	0.04985659893	3	AKT Inhibitor IV	LSM-43091	AKT1	10uM	A673	6h	LINCSCP_10362
LINCSCP_64451	0.9969347569	0.04985842789	3	BRD-K81646882	LSM-41730	NA	5uM	VCAP	6h	LINCSCP_64451
LINCSCP_271025	-0.9969347073	0.04985883162	3	AZD-1152-HQPA	LSM-1067	AURKA|AURKB	10uM	PC3	6h	LINCSCP_271025
LINCSCP_94203	-0.9969319126	0.0498815662	3	PF-03758309	LSM-4254	PAK4	0.12uM	HA1E	24h	LINCSCP_94203
LINCSCP_133276	-0.9969300726	0.04989652976	3	CHEMBL552425	LSM-1003	DDR1	1.11uM	MCF7	24h	LINCSCP_133276
LINCSCP_6932	-0.9969284659	0.04990959203	3	CHEMBL602850	LSM-1328	NA	10uM	A549	6h	LINCSCP_6932
LINCSCP_30357	0.9969275879	0.04991672802	3	FGIN1-27	LSM-2201	TSPO	10uM	MCF7	6h	LINCSCP_30357
LINCSCP_239114	0.9969262975	0.04992721498	3	RAC-Etomoxir	LSM-36917	CPT1A	10uM	MCF7	6h	LINCSCP_239114
LINCSCP_67695	-0.996926258	0.04992753592	3	Trichostatin A, Streptomyces Sp.	LSM-42814	HDAC1|HDAC10|HDAC3|HDAC4|HDAC6|HDAC7|HDAC8	10uM	NEU	24h	LINCSCP_67695
LINCSCP_112766	0.9969260542	0.04992919146	3	Dabrafenib	LSM-6303	BRAF	1.11uM	HEPG2	24h	LINCSCP_112766
LINCSCP_157595	-0.996925573	0.04993310199	3	L-Sulforaphane	LSM-4919	NFE2L2	10uM	PC3	24h	LINCSCP_157595
LINCSCP_8503	-0.9969246796	0.04994036024	3	BRD-K46381939	LSM-11259	NA	5uM	A549	24h	LINCSCP_8503
LINCSCP_176237	-0.9969245894	0.0499410927	3	Etanidazole	LSM-4774	NA	0.12uM	YAPC	24h	LINCSCP_176237
LINCSCP_26858	-0.9969241941	0.0499443037	3	114798-26-4	LSM-3701	AGTR1	10uM	HT29	6h	LINCSCP_26858
LINCSCP_45637	0.9969238696	0.04994693987	3	Triazolothiadiazine, 22	LSM-4131	NA	10uM	PC3	6h	LINCSCP_45637
LINCSCP_2893	-0.99692266	0.04995676359	3	Tyrphostin 1	LSM-2933	NA	10uM	A375	6h	LINCSCP_2893
LINCSCP_105823	-0.9969222301	0.04996025512	3	Omeprazole	LSM-1651	ATP4A|ATP4B	0.12uM	HELA	24h	LINCSCP_105823
LINCSCP_57203	-0.9969221635	0.04996079607	3	Triacsin C	LSM-43284	ACSL1	10uM	VCAP	6h	LINCSCP_57203
LINCSCP_100272	-0.9969217907	0.04996382263	3	CDK9 Inhibitor	LSM-1197	NA	1.11uM	HCC515	24h	LINCSCP_100272
LINCSCP_151272	-0.996921476	0.04996637798	3	GSK-1904529A	LSM-1134	IGF1R|INSR	0.04uM	PC3	24h	LINCSCP_151272
LINCSCP_62991	0.9969198755	0.0499793719	3	BRD-K79657514	LSM-13292	NA	5uM	VCAP	6h	LINCSCP_62991
LINCSCP_147330	-0.9969192098	0.04998477551	3	GW620972X	LSM-1209	NA	1.11uM	NEU	24h	LINCSCP_147330
