signatureID	similarity	pValue	nGenes	compound	lincsPertID	GeneTargets	concentration	cellLine	time	_row
LINCSCP_53427	-1	0	3	ZINC01050121	LSM-6210	NA	20uM	SKMEL28	6h	LINCSCP_53427
LINCSCP_94640	-1	0	3	MG-132	LSM-1107	PSMB1	20uM	HA1E	24h	LINCSCP_94640
LINCSCP_126177	1	0	3	SIN-1, Hydrochloride	LSM-45857	NA	0.04uM	HT29	24h	LINCSCP_126177
LINCSCP_174715	1	0	3	Ulipristal	LSM-45584	NA	1.11uM	YAPC	24h	LINCSCP_174715
LINCSCP_26303	0.9999999998	1.392705009e-05	3	Haloperidol	LSM-3512	DRD1|DRD2|DRD3|DRD4|HTR2A	10uM	HT29	6h	LINCSCP_26303
LINCSCP_27745	-0.9999999996	1.837491759e-05	3	BRD-K93112400	LSM-14140	NA	5uM	HT29	24h	LINCSCP_27745
LINCSCP_21785	-0.9999999992	2.60534342e-05	3	PS-1145	LSM-5975	IKBKB	5uM	HEPG2	6h	LINCSCP_21785
LINCSCP_43308	0.9999999987	3.293654657e-05	3	Riluzole	LSM-2471	SCN10A|SCN11A|SCN1A|SCN2A|SCN3A|SCN4A|SCN5A|SCN7A|SCN8A|SCN9A	10uM	NPC	6h	LINCSCP_43308
LINCSCP_7153	-0.9999999986	3.324060863e-05	3	H 8	LSM-2410	NA	10uM	A549	6h	LINCSCP_7153
LINCSCP_15456	0.9999999973	4.639931111e-05	3	PS-1145	LSM-5975	IKBKB	5uM	HA1E	24h	LINCSCP_15456
LINCSCP_68540	0.9999999952	6.232514562e-05	3	Genistein	LSM-5549	CFTR|ESR2	10uM	VCAP	24h	LINCSCP_68540
LINCSCP_21709	-0.999999995	6.3501015e-05	3	HSCI1_000314	LSM-6251	ARG1|ARG2	80uM	HEPG2	6h	LINCSCP_21709
LINCSCP_201090	-0.9999999946	6.636229095e-05	3	Wortmannin	LSM-3947	PIK3CA|PIK3CG|PLK1	0.001uM	A549	24h	LINCSCP_201090
LINCSCP_57318	0.9999999943	6.802931893e-05	3	CHEMBL566495	LSM-3726	NA	10uM	VCAP	24h	LINCSCP_57318
LINCSCP_131111	-0.9999999929	7.609298704e-05	3	AS601245	LSM-1034	MAPK10|MAPK8|MAPK9	10uM	MCF10A	3h	LINCSCP_131111
LINCSCP_1990	-0.9999999927	7.69078379e-05	3	MLS001116189	LSM-6172	NA	10uM	A375	6h	LINCSCP_1990
LINCSCP_150001	0.9999999926	7.74192881e-05	3	PFI-1	LSM-6331	NA	0.37uM	NPC.TAK	24h	LINCSCP_150001
LINCSCP_34367	0.9999999917	8.218042922e-05	3	Sulfacetamide	LSM-5374	NA	10uM	MCF7	6h	LINCSCP_34367
LINCSCP_42476	0.9999999914	8.348386596e-05	3	VX-745	LSM-1169	MAPK14	10uM	NPC	24h	LINCSCP_42476
LINCSCP_14375	0.9999999888	9.508354078e-05	3	AC1NSZCT	LSM-1785	NR3C1	10uM	HA1E	24h	LINCSCP_14375
LINCSCP_196822	0.9999999886	9.630341075e-05	3	BRD-K81123598	LSM-6764	NA	5uM	A549	24h	LINCSCP_196822
LINCSCP_161274	-0.9999999872	0.000101904502	3	Lonidamine	LSM-6272	NA	0.12uM	PC3	24h	LINCSCP_161274
LINCSCP_116560	-0.9999999866	0.000104283873	3	BMS-345541	LSM-1028	IKBKB	3.33uM	HT29	24h	LINCSCP_116560
LINCSCP_76045	-0.9999999852	0.0001094860673	3	Amonafide	LSM-5667	TOP2A	3.33uM	A375	24h	LINCSCP_76045
LINCSCP_259714	0.9999999835	0.0001156959856	3	Kaempferol	LSM-5304	NA	10uM	NEU	6h	LINCSCP_259714
LINCSCP_15798	-0.999999982	0.0001207842377	3	MLS002276502	LSM-3802	NA	10uM	HA1E	24h	LINCSCP_15798
LINCSCP_156004	0.9999999792	0.0001299571061	3	BRD-K00248354	LSM-45928	NA	0.37uM	PC3	24h	LINCSCP_156004
LINCSCP_117230	0.9999999787	0.0001312560646	3	AZD-1775	LSM-1153	WEE1	0.04uM	HT29	24h	LINCSCP_117230
LINCSCP_167878	0.999999971	0.0001534481843	3	Norethindrone Acetate	LSM-1295	PGR	1.11uM	YAPC	24h	LINCSCP_167878
LINCSCP_141370	0.9999999676	0.0001620570363	3	FK888	LSM-3876	TACR1	0.04uM	MCF7	24h	LINCSCP_141370
LINCSCP_85247	0.9999999655	0.0001672004408	3	Buparlisib	LSM-1148	PIK3CA|PIK3CB|PIK3CD|PIK3CG|PIK3R1|PIK3R2|PIK3R3|PIK3R5	0.04uM	BT20	24h	LINCSCP_85247
LINCSCP_173445	0.9999999646	0.0001693108907	3	MG-132	LSM-1107	PSMB1	20uM	YAPC	24h	LINCSCP_173445
LINCSCP_8385	0.9999999644	0.0001697531603	3	BRD-K31931379	LSM-10366	NA	5uM	A549	24h	LINCSCP_8385
LINCSCP_163780	0.9999999619	0.0001758446023	3	Imatinib	LSM-1023	ABL1|BCR|CSF1R|KIT|PDGFRA|PDGFRB	3.33uM	SKBR3	24h	LINCSCP_163780
LINCSCP_106484	-0.9999999583	0.0001838623341	3	Loperamide	LSM-3365	OPRD1|OPRM1	10uM	HELA	24h	LINCSCP_106484
LINCSCP_7635	-0.9999999525	0.0001961224241	3	CCG-214295	LSM-4427	NA	10uM	A549	6h	LINCSCP_7635
LINCSCP_180006	-0.9999999494	0.0002024446247	3	IN1434	LSM-2306	EGFR	10uM	A375	6h	LINCSCP_180006
LINCSCP_60458	-0.9999999489	0.0002036088343	3	CHEMBL2355663	LSM-6956	NA	5uM	VCAP	6h	LINCSCP_60458
LINCSCP_194424	-0.9999999456	0.0002100578168	3	BRD-K06314140	LSM-14700	NA	5uM	A549	24h	LINCSCP_194424
LINCSCP_106643	-0.9999999393	0.0002218124277	3	Ivacaftor (VX-770)	LSM-45975	CFTR	0.04uM	HELA	24h	LINCSCP_106643
LINCSCP_168777	0.999999937	0.0002259445164	3	MG-132	LSM-1107	PSMB1	20uM	YAPC	24h	LINCSCP_168777
LINCSCP_47331	0.9999999321	0.0002346625697	3	Pyridostigmine	LSM-5770	ACHE	10uM	PC3	24h	LINCSCP_47331
LINCSCP_138672	0.999999931	0.000236437014	3	SPECTRUM_001060	LSM-1251	ESR1	10uM	MCF7	24h	LINCSCP_138672
LINCSCP_158055	0.9999999271	0.0002431027676	3	altrenogest	LSM-45498	NA	10uM	PC3	24h	LINCSCP_158055
LINCSCP_50734	-0.9999999165	0.0002601080811	3	AG 14361	LSM-1988	PARP1	20uM	RKO	6h	LINCSCP_50734
LINCSCP_74544	-0.9999999004	0.0002841136275	3	Iguratimod	LSM-45469	NA	0.12uM	A375	24h	LINCSCP_74544
LINCSCP_49954	-0.999999893	0.0002944683964	3	Mirin	LSM-43213	MRE11	10uM	PHH	24h	LINCSCP_49954
LINCSCP_25070	0.9999998927	0.0002949121163	3	501919-59-1	LSM-6243	STAT3	100uM	HT115	6h	LINCSCP_25070
LINCSCP_21558	-0.9999998927	0.0002949212893	3	Fraxetin	LSM-3712	NA	10uM	HEPG2	6h	LINCSCP_21558
LINCSCP_52619	0.9999998766	0.0003162521507	3	SB408124	LSM-3195	HCRTR1	10uM	SKB	24h	LINCSCP_52619
LINCSCP_37092	-0.9999998664	0.0003290772436	3	CHEMBL1868011	LSM-6088	CASP3	3uM	MCF7	6h	LINCSCP_37092
LINCSCP_51954	-0.9999998418	0.0003580943609	3	PF477736	LSM-1112	CHEK1	1uM	SKBR3	6h	LINCSCP_51954
LINCSCP_310879	0.9999998341	0.0003667062097	3	BRD-K84244541	LSM-41874	NA	10uM	VCAP	24h	LINCSCP_310879
LINCSCP_4427	0.9999998269	0.000374597207	3	Lenalidomide	LSM-6187	CRBN|CUL4A|DDB1|RBX1|TNF	100uM	A549	24h	LINCSCP_4427
LINCSCP_174973	-0.9999998268	0.0003747079208	3	Mesulergine	LSM-4045	HTR2A|HTR2C|HTR7	1.11uM	YAPC	24h	LINCSCP_174973
LINCSCP_995	-0.9999998246	0.0003770606083	3	PD-98059	LSM-3394	MAP2K1	10uM	A375	6h	LINCSCP_995
LINCSCP_53454	0.9999998042	0.0003983540332	3	TW 37	LSM-6236	BCL2|BCL2L1|MCL1	10uM	SKMEL28	6h	LINCSCP_53454
LINCSCP_55151	0.9999997969	0.0004057513984	3	BRD-K35669573	LSM-29348	NA	0.1uM	THP1	6h	LINCSCP_55151
LINCSCP_55733	-0.9999997937	0.0004089028153	3	UB-165	LSM-1331	CHRNA3|CHRNA4|CHRNB2	10uM	VCAP	6h	LINCSCP_55733
LINCSCP_38637	0.9999997909	0.0004116476151	3	SCHEMBL16980377	LSM-6821	NA	0.12uM	MCF7	24h	LINCSCP_38637
LINCSCP_146350	-0.9999997874	0.0004151654373	3	Amuvatinib	LSM-1118	FLT3|KIT|MET|PDGFRA	3.33uM	NEU	24h	LINCSCP_146350
LINCSCP_39637	-0.9999997783	0.0004239324869	3	331771-20-1	LSM-1096	AURKA|AURKB	10uM	MDAMB231	6h	LINCSCP_39637
LINCSCP_51557	-0.9999997591	0.0004418731729	3	Seliciclib	LSM-1001	CDK1|CDK2|CDK5|CDK7|CDK9	1uM	SKBR3	6h	LINCSCP_51557
LINCSCP_235388	-0.9999997418	0.0004575067474	3	NVP-AEW541	LSM-44953	IGF1R	10uM	MCF10A	24h	LINCSCP_235388
LINCSCP_3498	-0.9999997395	0.0004595316806	3	CHEMBL3182088	LSM-36574	NA	5uM	A375	24h	LINCSCP_3498
LINCSCP_130962	-0.9999997325	0.0004656564097	3	CP466722	LSM-1009	ATM	3.33uM	MCF10A	3h	LINCSCP_130962
LINCSCP_2116	-0.9999997324	0.0004657411004	3	AC1LPE6W	LSM-4508	NA	10uM	A375	6h	LINCSCP_2116
LINCSCP_112317	0.9999997272	0.0004702460559	3	Olaparib	LSM-1145	PARP1|PARP2|PARP3	10uM	HEPG2	24h	LINCSCP_112317
LINCSCP_53439	-0.9999997262	0.0004711319003	3	XAV 939	LSM-5303	TNKS|TNKS2	10uM	SKMEL28	6h	LINCSCP_53439
LINCSCP_36050	-0.9999997204	0.0004760296271	3	SCHEMBL16226502	LSM-43056	HSP90AA1	0.01uM	MCF7	6h	LINCSCP_36050
LINCSCP_105489	-0.9999997204	0.0004760845945	3	(13S)-3-Hydroxy-13-methyl-7,8,9,11,12,14,15,16-octahydro-6H-cyclopenta[a]phenanthren-17-one	LSM-1506	ESR1	10uM	HELA	24h	LINCSCP_105489
LINCSCP_312545	-0.9999997058	0.0004883071242	3	BRD-K79657514	LSM-13292	NA	10uM	VCAP	24h	LINCSCP_312545
LINCSCP_188950	0.9999997045	0.0004893796478	3	CHEMBL1367741	LSM-42978	NA	10uM	A549	24h	LINCSCP_188950
LINCSCP_90865	-0.9999996808	0.0005086664643	3	Ridaforolimus (Deforolimus, MK-8669)	LSM-45997	MTOR	0.04uM	HA1E	24h	LINCSCP_90865
LINCSCP_10385	-0.9999996699	0.0005172460881	3	ZINC68199948	LSM-6249	TP53	10uM	A673	6h	LINCSCP_10385
LINCSCP_148020	0.9999996643	0.000521650287	3	PD-0325901	LSM-1101	MAP2K1|MAP2K2	3.33uM	NPC.CAS9	24h	LINCSCP_148020
LINCSCP_12929	-0.9999996639	0.000521911761	3	SCH-79797	LSM-6224	F2R	10uM	EFO27	6h	LINCSCP_12929
LINCSCP_152364	-0.9999996639	0.0005219843774	3	Alectinib	LSM-1202	ALK|RET	0.04uM	PC3	24h	LINCSCP_152364
LINCSCP_47834	-0.9999996585	0.0005261588976	3	Oxyphenbutazone	LSM-5029	PTGS1|PTGS2	10uM	PC3	6h	LINCSCP_47834
LINCSCP_65573	0.9999996326	0.0005457235448	3	CHEMBL2138407	LSM-37782	NA	10uM	VCAP	24h	LINCSCP_65573
LINCSCP_68613	-0.9999996208	0.0005544023055	3	Sirolimus	LSM-42783	FKBP1A|MTOR	10uM	VCAP	24h	LINCSCP_68613
LINCSCP_15091	-0.9999996182	0.0005562843941	3	RS102895	LSM-3870	CCR2	10uM	HA1E	24h	LINCSCP_15091
LINCSCP_13721	-0.9999996033	0.000567047872	3	Dictamnine	LSM-2642	NA	10uM	HA1E	24h	LINCSCP_13721
LINCSCP_161446	-0.9999996027	0.0005674545895	3	SPECTRUM_001319	LSM-1963	HSD11B1	1.11uM	PC3	24h	LINCSCP_161446
LINCSCP_103956	-0.9999995895	0.0005768498594	3	MG-132	LSM-1107	PSMB1	20uM	HELA	24h	LINCSCP_103956
LINCSCP_10054	0.9999995869	0.0005786335906	3	Estradiol	LSM-2421	ESR1|ESR2|NR1I2	1.11uM	A549	24h	LINCSCP_10054
LINCSCP_16050	0.9999995645	0.0005941680658	3	MLS-0354783.0001	LSM-3683	NA	10uM	HA1E	6h	LINCSCP_16050
LINCSCP_79263	-0.9999995377	0.0006121299857	3	Doramapimod	LSM-1170	MAPK11|MAPK12|MAPK14	1.11uM	A375	24h	LINCSCP_79263
LINCSCP_66213	-0.9999995318	0.0006160268706	3	Salermide	LSM-5123	SIRT1|SIRT2	100uM	WSUDLCL2	6h	LINCSCP_66213
LINCSCP_159593	-0.9999994892	0.0006434678022	3	179324-69-7	LSM-6281	ADRM1|PSMA1|PSMA2|PSMA3|PSMA4|PSMA5|PSMA6|PSMA7|PSMA8|PSMB1|PSMB10|PSMB11|PSMB2|PSMB3|PSMB4|PSMB5|PSMB6|PSMB7|PSMB8|PSMB9|PSMC1|PSMC2|PSMC3|PSMC4|PSMC5|PSMC6|PSMD1|PSMD11|PSMD12|PSMD13|PSMD14|PSMD2|PSMD3|PSMD4|PSMD6|PSMD7|PSMD8|SEM1	20uM	PC3	24h	LINCSCP_159593
LINCSCP_87665	-0.9999994577	0.0006629834832	3	CGP 60474	LSM-1025	CDK1	10uM	HA1E	24h	LINCSCP_87665
LINCSCP_48370	-0.999999448	0.0006688847582	3	BRD-K68190084	LSM-40980	NA	5uM	PC3	24h	LINCSCP_48370
LINCSCP_93998	-0.999999443	0.0006719439122	3	AP26113	LSM-45408	NA	1.11uM	HA1E	24h	LINCSCP_93998
LINCSCP_164522	-0.9999994314	0.0006789073189	3	Idelalisib	LSM-1205	PIK3CD|PIK3CG	0.04uM	SKL.C	24h	LINCSCP_164522
LINCSCP_74276	0.9999994117	0.0006905755596	3	BRD-K00248354	LSM-45928	NA	0.37uM	A375	24h	LINCSCP_74276
LINCSCP_146461	0.9999994067	0.0006934503835	3	KW-2449	LSM-42803	ABL1|AURKA|AURKB|FLT3	3.33uM	NEU	24h	LINCSCP_146461
LINCSCP_73856	-0.9999993864	0.0007052689527	3	Afuresertib	LSM-42768	AKT1|AKT2|AKT3	1.11uM	A375	24h	LINCSCP_73856
LINCSCP_88330	0.9999993841	0.0007065728632	3	Cabozantinib	LSM-1195	KDR|MET	3.33uM	HA1E	24h	LINCSCP_88330
LINCSCP_115529	-0.99999936	0.0007202479855	3	PD-0325901	LSM-1101	MAP2K1|MAP2K2	0.04uM	HS578T	24h	LINCSCP_115529
LINCSCP_155437	0.9999993426	0.0007299721909	3	Perindopril	LSM-4080	ACE	0.04uM	PC3	24h	LINCSCP_155437
LINCSCP_1815	0.9999993373	0.0007329219095	3	Triazine Scaffold, 19	LSM-2920	NA	10uM	A375	6h	LINCSCP_1815
LINCSCP_108930	0.999999318	0.0007435145215	3	ENMD-2076	LSM-45335	AURKA|AURKB|CSF1R|FGFR3|FLT3|KDR|KIT|PDGFRA|SRC	3.33uM	HELA	24h	LINCSCP_108930
LINCSCP_282318	-0.9999992952	0.0007558217293	3	Lavendustin A	LSM-2514	NA	10uM	PHH	24h	LINCSCP_282318
LINCSCP_125318	0.9999992946	0.0007561499156	3	Quisinostat	LSM-5900	HDAC1|MDM2	0.12uM	HT29	24h	LINCSCP_125318
LINCSCP_199310	0.9999992899	0.0007586960527	3	BRD-K43433419	LSM-39657	NA	5uM	A549	24h	LINCSCP_199310
LINCSCP_18432	0.9999992826	0.0007625764266	3	N9-Isopropylolomoucine	LSM-3607	CDK1|CDK5	10uM	HCC515	6h	LINCSCP_18432
LINCSCP_27388	-0.9999992573	0.0007758724481	3	BRD-K78627754	LSM-41560	NA	5uM	HT29	24h	LINCSCP_27388
LINCSCP_65522	-0.9999992552	0.0007769984492	3	BRD-K78518750	LSM-41554	NA	10uM	VCAP	6h	LINCSCP_65522
LINCSCP_18000	0.9999992532	0.0007780313049	3	84215-10-1	LSM-3529	CALM2	10uM	HCC515	24h	LINCSCP_18000
LINCSCP_88719	-0.9999992517	0.0007788134677	3	AGK 2	LSM-43196	SIRT2	3.33uM	HA1E	24h	LINCSCP_88719
LINCSCP_122214	-0.9999992423	0.0007836819298	3	Mepivacaine	LSM-4306	SCN10A|SCN11A|SCN1A|SCN2A|SCN3A|SCN4A|SCN5A|SCN7A|SCN8A|SCN9A	1.11uM	HT29	24h	LINCSCP_122214
LINCSCP_76912	-0.9999992364	0.0007867541636	3	Dienogest	LSM-45823	NA	10uM	A375	24h	LINCSCP_76912
LINCSCP_1675	-0.9999992337	0.0007881119407	3	Triazolothiadiazine, 36	LSM-1553	NA	10uM	A375	6h	LINCSCP_1675
LINCSCP_6266	0.9999992224	0.0007939355517	3	BRD-K53592093-001-01-3	LSM-6128	NA	10uM	A549	6h	LINCSCP_6266
LINCSCP_272273	-0.9999992189	0.0007957236656	3	BRD-K42543304	LSM-6114	NA	10uM	PC3	6h	LINCSCP_272273
LINCSCP_51577	0.9999992159	0.0007972057969	3	PLX-4720	LSM-1049	BRAF	0.5uM	SKBR3	6h	LINCSCP_51577
LINCSCP_127276	0.9999992089	0.0008007670411	3	Trimebutine	LSM-5182	OPRD1|OPRK1|OPRM1	10uM	HT29	24h	LINCSCP_127276
LINCSCP_91917	0.9999991746	0.0008179704165	3	Trimethobenzamide	LSM-2750	DRD2	0.04uM	HA1E	24h	LINCSCP_91917
LINCSCP_16679	-0.999999174	0.0008182507041	3	AZD-1152-HQPA	LSM-1067	AURKA|AURKB	10uM	HA1E	6h	LINCSCP_16679
LINCSCP_13485	-0.9999991533	0.0008284349038	3	COT-10B	LSM-6226	NA	40uM	H1299	6h	LINCSCP_13485
LINCSCP_101860	-0.9999991521	0.0008290375509	3	17-DMAG (Alvespimycin) HCl	LSM-46133	NA	10uM	HELA	24h	LINCSCP_101860
LINCSCP_138722	-0.9999990939	0.0008569907243	3	ABT-333	LSM-45402	NA	1.11uM	MCF7	24h	LINCSCP_138722
LINCSCP_177761	0.9999990845	0.0008614548095	3	MLS003448168	LSM-2103	NA	10uM	A375	24h	LINCSCP_177761
LINCSCP_156480	0.9999990765	0.0008651988965	3	Pramipexole	LSM-5243	DRD2|DRD3|DRD4	10uM	PC3	24h	LINCSCP_156480
LINCSCP_57952	0.9999990619	0.0008719846449	3	KUC103898N	LSM-2754	NA	10uM	VCAP	24h	LINCSCP_57952
LINCSCP_137685	0.9999990386	0.0008827715212	3	Fenticonazole Nitrate	LSM-45431	NA	0.37uM	MCF7	24h	LINCSCP_137685
LINCSCP_128896	-0.9999990345	0.0008846307813	3	GSK 1059615	LSM-42799	PIK3CA|PIK3CB|PIK3CD|PIK3CG	1.11uM	HUVEC	24h	LINCSCP_128896
LINCSCP_11552	0.9999990078	0.0008967949351	3	Tracazolate	LSM-2745	GABRA1	10uM	ASC	24h	LINCSCP_11552
LINCSCP_129012	-0.9999989921	0.0009038703604	3	VE-821	LSM-36358	NA	0.12uM	HUVEC	24h	LINCSCP_129012
LINCSCP_71306	-0.9999989899	0.0009048595243	3	MK-8245	LSM-45756	NA	0.04uM	A375	24h	LINCSCP_71306
LINCSCP_43768	0.9999989808	0.0009089069221	3	Tivozanib	LSM-1005	FLT1|FLT4|KDR|KIT|PDGFRA|PDGFRB	10uM	OV7	6h	LINCSCP_43768
LINCSCP_103840	-0.999998914	0.0009382345494	3	Lesinurad	LSM-45661	SLC22A12	0.04uM	HELA	24h	LINCSCP_103840
LINCSCP_129874	0.9999989098	0.0009400569929	3	CHEMBL2136735	LSM-1152	FGFR1|FGFR3|FLT1|FLT4|KDR|PDGFRA|PDGFRB	0.37uM	LNCAP	24h	LINCSCP_129874
LINCSCP_45400	-0.9999988786	0.0009534166174	3	ML175	LSM-3291	NA	10uM	PC3	6h	LINCSCP_45400
LINCSCP_18659	-0.9999988774	0.0009539089151	3	SPECTRUM_000403	LSM-1605	NR3C1	10uM	HCC515	6h	LINCSCP_18659
LINCSCP_216359	0.999998873	0.0009557645821	3	MLS002477153	LSM-1939	NA	10uM	HCC515	6h	LINCSCP_216359
LINCSCP_49741	-0.9999988636	0.0009597657044	3	MLN-8054	LSM-1066	AURKA	3uM	PC3	24h	LINCSCP_49741
LINCSCP_36041	-0.9999988527	0.0009643577565	3	13-Hydroxy-8,14,19-trimethoxy-4,10,12,16-tetramethyl-3,20,22-trioxo-2-azabicyclo[16.3.1]docosa-1(21),4,6,10,18-pentaen-9-yl carbamate	LSM-42815	HSP90AA1	3uM	MCF7	6h	LINCSCP_36041
LINCSCP_289454	-0.9999988441	0.0009679488015	3	201038-74-6	LSM-2529	HTR7	10uM	VCAP	6h	LINCSCP_289454
LINCSCP_45022	-0.9999988384	0.0009703395441	3	BDBM50127227	LSM-43025	FNTA|IKBKB	10uM	PC3	24h	LINCSCP_45022
LINCSCP_40198	0.999998814	0.0009804712116	3	NSC119236	LSM-4575	NA	20uM	NCIH508	6h	LINCSCP_40198
LINCSCP_116513	0.9999988104	0.0009819512173	3	SCHEMBL3958507	LSM-5245	COQ8B|EGFR	1.11uM	HT29	24h	LINCSCP_116513
LINCSCP_257911	-0.99999876	0.001002545019	3	MLS002699921	LSM-3897	NA	10uM	NEU	24h	LINCSCP_257911
LINCSCP_7535	-0.9999987587	0.001003079487	3	Gibberellin A3	LSM-4083	NA	10uM	A549	6h	LINCSCP_7535
LINCSCP_134287	0.9999987454	0.001008418418	3	ZINC77024257	LSM-1171	MDM2	0.12uM	MCF7	24h	LINCSCP_134287
LINCSCP_91315	0.9999987319	0.00101383982	3	Moricizine	LSM-2476	SCN10A|SCN11A|SCN1A|SCN2A|SCN3A|SCN4A|SCN5A|SCN7A|SCN8A|SCN9A	10uM	HA1E	24h	LINCSCP_91315
LINCSCP_85994	-0.9999987313	0.001014072571	3	A-443654	LSM-1045	NA	1.11uM	BT20	24h	LINCSCP_85994
LINCSCP_17672	-0.9999987018	0.001025817007	3	Skiii	LSM-2462	SPHK1	40uM	HCC15	6h	LINCSCP_17672
LINCSCP_62470	-0.9999986944	0.00102874555	3	BRD-K68323967	LSM-12595	NA	5uM	VCAP	24h	LINCSCP_62470
LINCSCP_5117	-0.9999986711	0.001037849393	3	2-(2,5-Dimethoxyphenylcarbamoyl)phenyl acetate	LSM-2829	NA	10uM	A549	6h	LINCSCP_5117
LINCSCP_175096	0.9999986538	0.001044610405	3	Ibutilide	LSM-43264	KCNH2	10uM	YAPC	24h	LINCSCP_175096
LINCSCP_51250	-0.9999986511	0.001045640038	3	PAC-1	LSM-3119	CASP3	10uM	RMUGS	6h	LINCSCP_51250
LINCSCP_168809	0.999998599	0.001065665723	3	TORIN1	LSM-1079	MTOR	0.12uM	YAPC	24h	LINCSCP_168809
LINCSCP_26547	0.9999985774	0.001073850713	3	BRD-K96433222-001-01-3	LSM-6168	NA	10uM	HT29	6h	LINCSCP_26547
LINCSCP_115865	0.9999985549	0.001082293599	3	BI-2536	LSM-1041	PLK1	3.33uM	HS578T	3h	LINCSCP_115865
LINCSCP_59814	0.9999985394	0.001088079516	3	BRD-K93138145	LSM-42327	NA	5uM	VCAP	6h	LINCSCP_59814
LINCSCP_55922	0.9999985342	0.001090004176	3	Vitinoin	LSM-2135	RARA|RARB|RARG|RORB	10uM	VCAP	24h	LINCSCP_55922
LINCSCP_252647	-0.9999985333	0.001090353244	3	SCHEMBL17783882	LSM-39458	NA	0.5uM	MCF7	24h	LINCSCP_252647
LINCSCP_26	-0.9999985302	0.001091505269	3	Vemurafenib	LSM-42737	BRAF	10uM	A375	24h	LINCSCP_26
LINCSCP_42248	-0.9999985189	0.001095691118	3	BRD-K07395346	LSM-6078	NA	10uM	NPC	24h	LINCSCP_42248
LINCSCP_28474	-0.9999984858	0.001107854299	3	BRD-A08658758	LSM-45324	NA	0.04uM	HT29	24h	LINCSCP_28474
LINCSCP_58723	0.9999984766	0.001111233429	3	Axitinib	LSM-43191	FLT1|FLT4|KDR	10uM	VCAP	6h	LINCSCP_58723
LINCSCP_252072	-0.9999984371	0.00112554713	3	331771-20-1	LSM-1096	AURKA|AURKB	10uM	MCF7	6h	LINCSCP_252072
LINCSCP_50010	0.999998431	0.001127721871	3	AC1L1I54	LSM-1537	OPRD1|OPRK1|OPRM1	10uM	PHH	24h	LINCSCP_50010
LINCSCP_15756	-0.9999983943	0.001140849237	3	MLS002703118	LSM-2728	NA	10uM	HA1E	24h	LINCSCP_15756
LINCSCP_41377	0.9999983251	0.001165170948	3	Adapalene	LSM-37048	RARA|RARB|RARG	10uM	NEU	24h	LINCSCP_41377
LINCSCP_33056	-0.9999983143	0.001168927315	3	AC1L99UL	LSM-1831	NA	10uM	MCF7	24h	LINCSCP_33056
LINCSCP_50393	0.9999983061	0.001171760609	3	Caffeic Acid Phenethyl Ester	LSM-43033	NA	5uM	PHH	24h	LINCSCP_50393
LINCSCP_89018	-0.9999982902	0.001177264583	3	CHEMBL3188661	LSM-5394	DDR1	1.11uM	HA1E	24h	LINCSCP_89018
LINCSCP_146014	-0.9999982807	0.001180499907	3	Tivantinib	LSM-1131	MET	10uM	MNEU.E	24h	LINCSCP_146014
LINCSCP_12464	-0.9999982357	0.001195866036	3	Securinine	LSM-6733	GABRA1	3uM	CD34	6h	LINCSCP_12464
LINCSCP_244951	0.9999982329	0.001196821301	3	Flubendazole	LSM-5916	TUBB	10uM	MCF7	6h	LINCSCP_244951
LINCSCP_142132	-0.9999982265	0.001198990145	3	Phorbol Myristate Acetate	LSM-25630	NA	0.03uM	MCF7	24h	LINCSCP_142132
LINCSCP_20712	-0.9999981922	0.001210503513	3	JNJ-38877605	LSM-1157	MET	10uM	HCC515	6h	LINCSCP_20712
LINCSCP_149934	0.9999981918	0.00121066517	3	Olaparib	LSM-1145	PARP1|PARP2|PARP3	1.11uM	NPC.TAK	24h	LINCSCP_149934
LINCSCP_93110	-0.9999981809	0.00121429277	3	Tizanidine	LSM-5242	ADRA2A|ADRA2B|ADRA2C	10uM	HA1E	24h	LINCSCP_93110
LINCSCP_483	0.9999981503	0.001224463858	3	Dihomo-Gamma-Linolenic acid	LSM-42904	PTGS1	10uM	A375	6h	LINCSCP_483
LINCSCP_71600	0.9999981455	0.001226035956	3	UNII-BXU45ZH6LI	LSM-2382	OPRL1	3.33uM	A375	24h	LINCSCP_71600
LINCSCP_117757	-0.9999981372	0.001228806253	3	Rigosertib	LSM-44531	CDK1|F2R|FLT1|FYN|PDGFRA|PLK1|PLK2|SRC	0.12uM	HT29	24h	LINCSCP_117757
LINCSCP_120642	0.9999980934	0.00124316682	3	GSK-923295	LSM-45692	NA	3.33uM	HT29	24h	LINCSCP_120642
LINCSCP_25582	-0.9999980776	0.001248281712	3	Pevonedistat	LSM-6263	NAE1|UBA3	10uM	HT29	24h	LINCSCP_25582
LINCSCP_261559	0.9999980628	0.001253082208	3	lapatinib	NA	EGFR|ERBB2	10uM	NPC	24h	LINCSCP_261559
LINCSCP_97459	-0.9999980302	0.00126359843	3	TOFA	LSM-45429	NA	1.11uM	HA1E	24h	LINCSCP_97459
LINCSCP_51194	0.999998013	0.001269090349	3	PF 3845	LSM-6265	FAAH	10uM	RMUGS	6h	LINCSCP_51194
LINCSCP_24439	0.9999979945	0.001274982352	3	AS601245	LSM-1034	MAPK10|MAPK8|MAPK9	0.1uM	HS578T	6h	LINCSCP_24439
LINCSCP_51097	0.9999979671	0.001283680452	3	PRL-3InhibitorI	LSM-43277	PTP4A3	40uM	RMUGS	6h	LINCSCP_51097
LINCSCP_43689	-0.9999979663	0.001283924831	3	Licoagrochacone A	LSM-44661	NA	10uM	NPC	6h	LINCSCP_43689
LINCSCP_43670	-0.9999979567	0.001286946182	3	3-Methyladenine	LSM-4733	NA	10uM	NPC	6h	LINCSCP_43670
LINCSCP_234026	-0.999997951	0.001288734865	3	ZK-93423	LSM-2741	GABRA1|GABRA2|GABRA3|GABRA5	3uM	HUH7	6h	LINCSCP_234026
LINCSCP_81757	-0.999997943	0.001291253014	3	Tivozanib	LSM-1005	FLT1|FLT4|KDR|KIT|PDGFRA|PDGFRB	10uM	A549	24h	LINCSCP_81757
LINCSCP_83343	0.9999979349	0.001293783903	3	GSK-461364	LSM-1013	PLK1	0.37uM	ASC.C	24h	LINCSCP_83343
LINCSCP_22603	0.999997924	0.001297196106	3	PCL2_000350	LSM-36729	NA	10uM	HEPG2	6h	LINCSCP_22603
LINCSCP_179532	0.9999979121	0.001300923832	3	Rhamnetin	LSM-2821	ALOX5	10uM	A375	6h	LINCSCP_179532
LINCSCP_18455	0.9999978179	0.001329951612	3	Diethyltoluamide	LSM-4114	NA	10uM	HCC515	6h	LINCSCP_18455
LINCSCP_138282	-0.999997777	0.001342358694	3	Nafamostat Mesylate	LSM-45274	NA	10uM	MCF7	24h	LINCSCP_138282
LINCSCP_21811	-0.9999977694	0.001344632763	3	MLS003128614	LSM-2014	NA	10uM	HEPG2	6h	LINCSCP_21811
LINCSCP_35941	0.9999977494	0.001350654343	3	Estradiol	LSM-2421	ESR1|ESR2|NR1I2	0.1uM	MCF7	24h	LINCSCP_35941
LINCSCP_129846	0.9999977493	0.001350674871	3	SCHEMBL17052537	LSM-5803	BTK|JAK3|MKNK2|MTOR|PRKDC	0.04uM	LNCAP	24h	LINCSCP_129846
LINCSCP_251227	-0.999997735	0.001354976279	3	PF-04217903	LSM-1166	MET	0.1uM	MCF7	6h	LINCSCP_251227
LINCSCP_65215	-0.999997734	0.00135526209	3	CHEMBL2131775	LSM-37662	NA	10uM	VCAP	24h	LINCSCP_65215
LINCSCP_20975	0.999997719	0.001359742058	3	Genistein	LSM-5549	CFTR|ESR2	0.04uM	HCC515	24h	LINCSCP_20975
LINCSCP_20940	-0.9999977169	0.001360385545	3	Staurosporine	LSM-1103	CDK2|GSK3B	0.12uM	HCC515	24h	LINCSCP_20940
LINCSCP_233314	-0.9999977133	0.001361445871	3	SCHEMBL17497583	LSM-44604	NA	3uM	HT29	24h	LINCSCP_233314
LINCSCP_86286	-0.9999976814	0.001370897759	3	BRD-A24396574-001-01-5	LSM-5006	NA	10uM	BT20	3h	LINCSCP_86286
LINCSCP_167953	0.9999976513	0.001379768657	3	Colforsin	LSM-2193	ADCY2	0.04uM	YAPC	24h	LINCSCP_167953
LINCSCP_14656	0.9999976209	0.001388686199	3	Cyclosporin A	LSM-42829	PPIA|PPP3CA	10uM	HA1E	24h	LINCSCP_14656
LINCSCP_112418	-0.9999976103	0.001391766321	3	JW 55	LSM-6318	NA	0.04uM	HEPG2	24h	LINCSCP_112418
LINCSCP_210919	-0.9999976028	0.00139396327	3	SPB02137	LSM-3295	NA	10uM	HA1E	6h	LINCSCP_210919
LINCSCP_170867	0.9999975013	0.001423159871	3	Cyclobenzaprine	LSM-5537	HTR2A|HTR2C	3.33uM	YAPC	24h	LINCSCP_170867
LINCSCP_54122	0.9999974988	0.001423853734	3	2-Fluoropalmitic acid	LSM-6199	ACSL1	40uM	SW620	6h	LINCSCP_54122
LINCSCP_51700	-0.9999974653	0.001433356596	3	AZD-8055	LSM-1007	MTOR	10uM	SKBR3	6h	LINCSCP_51700
LINCSCP_297967	-0.9999974492	0.001437927279	3	BRD-K90445273	LSM-7998	NA	5uM	VCAP	24h	LINCSCP_297967
LINCSCP_72926	-0.9999974479	0.001438278023	3	CEP-32496	LSM-45568	BRAF|EGFR|RET	0.37uM	A375	24h	LINCSCP_72926
LINCSCP_154433	-0.999997427	0.001444148707	3	Gemfibrozil	LSM-2227	CYP2C8|LPL|PPARA	0.04uM	PC3	24h	LINCSCP_154433
LINCSCP_220855	-0.9999974055	0.001450187925	3	BRN 0893050	LSM-4183	NA	10uM	HEPG2	6h	LINCSCP_220855
LINCSCP_212030	-0.9999973777	0.001457942247	3	BRD-K88217904	LSM-6162	NA	10uM	HA1E	6h	LINCSCP_212030
LINCSCP_122934	-0.9999973706	0.001459898241	3	Deoxycholic acid	LSM-5529	GPBAR1	1.11uM	HT29	24h	LINCSCP_122934
LINCSCP_181689	-0.9999973519	0.001465072423	3	BRD-K83311395	LSM-13517	NA	5uM	A375	24h	LINCSCP_181689
LINCSCP_16083	-0.9999973124	0.001475983603	3	MLS002473449	LSM-4154	NA	10uM	HA1E	6h	LINCSCP_16083
LINCSCP_151403	0.9999973013	0.001479026969	3	Imatinib	LSM-1023	ABL1|BCR|CSF1R|KIT|PDGFRA|PDGFRB	0.12uM	PC3	24h	LINCSCP_151403
LINCSCP_111754	0.9999972979	0.001479953987	3	BRD-K01425431	NA	NA	0.37uM	HEPG2	24h	LINCSCP_111754
LINCSCP_112097	-0.9999972686	0.001487953498	3	PHA-767491	LSM-6304	NA	10uM	HEPG2	24h	LINCSCP_112097
LINCSCP_263823	0.9999972316	0.001497986481	3	Lithocholic acid	LSM-5371	NR1I2|VDR	10uM	NPC	24h	LINCSCP_263823
LINCSCP_2707	0.9999971921	0.001508654134	3	Ceforanide	LSM-2838	NA	10uM	A375	6h	LINCSCP_2707
LINCSCP_158321	-0.999997135	0.001523905105	3	MG-132	LSM-1107	PSMB1	20uM	PC3	24h	LINCSCP_158321
LINCSCP_3305	0.9999971136	0.001529579804	3	CHEMBL2358959	LSM-9274	NA	5uM	A375	24h	LINCSCP_3305
LINCSCP_51110	-0.9999971048	0.001531903057	3	Gly-Gly-Palo	LSM-6223	NA	80uM	RMUGS	6h	LINCSCP_51110
LINCSCP_42160	-0.9999970996	0.00153330009	3	2-(5H-[1,2,4]triazino[5,6-B]indol-3-ylsulfanyl)-n-[3-(trifluoromethyl)phenyl]acetamide	LSM-4639	NA	10uM	NPC	24h	LINCSCP_42160
LINCSCP_108275	-0.9999970902	0.001535761125	3	XL-147	LSM-45674	PIK3CA|PIK3CB|PIK3CD|PIK3CG|PIK3R1|PIK3R2|PIK3R3|PIK3R5	10uM	HELA	24h	LINCSCP_108275
LINCSCP_86949	-0.9999970376	0.001549594211	3	ABT737	LSM-1180	BCL2|BCL2L1|BCL2L2	0.37uM	CD34	24h	LINCSCP_86949
LINCSCP_25281	0.9999970304	0.001551472472	3	SCHEMBL2394914	LSM-3083	EGFR	10uM	HT29	24h	LINCSCP_25281
LINCSCP_136641	-0.9999969996	0.001559508909	3	Amineptine	LSM-45457	NA	1.11uM	MCF7	24h	LINCSCP_136641
LINCSCP_41223	-0.9999969949	0.001560717547	3	N-38763a	LSM-37143	NA	10uM	NEU	24h	LINCSCP_41223
LINCSCP_2316	-0.9999969693	0.001567362088	3	PCL2_000101	LSM-36660	NA	10uM	A375	6h	LINCSCP_2316
LINCSCP_111284	-0.9999969512	0.001572028304	3	CHEMBL1083527	LSM-1122	NA	3.33uM	HEPG2	24h	LINCSCP_111284
LINCSCP_137616	-0.9999969028	0.001584447571	3	Tolazamide	LSM-2699	ABCC8|KCNJ11	10uM	MCF7	24h	LINCSCP_137616
LINCSCP_152293	0.9999968945	0.001586564442	3	N-(3-Fluoro-4-((7-methoxyquinolin-4-yl)oxy)phenyl)-1-(2-hydroxy-2-methylpropyl)-5-methyl-3-oxo-2-phenyl-2,3-dihydro-1H-pyrazole-4-carboxamide	LSM-1113	NA	10uM	PC3	24h	LINCSCP_152293
LINCSCP_38278	0.9999968409	0.001600203762	3	SA-1921902	LSM-37867	NA	10uM	MCF7	6h	LINCSCP_38278
LINCSCP_2960	0.9999968406	0.001600282757	3	BRD-K30802967	LSM-6102	NA	10uM	A375	6h	LINCSCP_2960
LINCSCP_14619	0.9999968363	0.001601364766	3	Trimipramine	LSM-1371	ADRA1A|ADRA1B|ADRA1D|DRD2|HRH1|HTR2A|HTR2C|SLC6A2|SLC6A3|SLC6A4	10uM	HA1E	24h	LINCSCP_14619
LINCSCP_160776	0.9999968176	0.001606097947	3	Volasertib (BI 6727)	LSM-45277	PLK1	0.12uM	PC3	24h	LINCSCP_160776
LINCSCP_3452	-0.9999968159	0.001606536647	3	CHEMBL2361268	LSM-39054	NA	5uM	A375	24h	LINCSCP_3452
LINCSCP_27965	0.9999967218	0.001630087749	3	BRD-K81921806	LSM-41743	NA	5uM	HT29	24h	LINCSCP_27965
LINCSCP_289596	-0.9999967206	0.001630404493	3	Nobiletin	LSM-2130	MAP2K1	10uM	VCAP	24h	LINCSCP_289596
LINCSCP_145058	-0.9999966979	0.001636014473	3	LDN 193189	LSM-1115	ACVR1|BMPR1A	0.04uM	MDAMB231	3h	LINCSCP_145058
LINCSCP_169151	-0.9999966609	0.001645158163	3	SN-38	LSM-45563	NA	0.04uM	YAPC	24h	LINCSCP_169151
LINCSCP_23993	-0.9999966393	0.001650480461	3	Staurosporine	LSM-1103	CDK2|GSK3B	0.04uM	HEPG2	24h	LINCSCP_23993
LINCSCP_29310	0.9999965843	0.001663921312	3	Dactolisib	LSM-4255	MTOR|PIK3CA|PIK3CB|PIK3CD|PIK3CG|PIK3R1|PIK3R2|PIK3R3|PIK3R5	0.5uM	LOVO	6h	LINCSCP_29310
LINCSCP_88825	0.9999965426	0.001674062918	3	Pracinostat	LSM-43290	NA	0.04uM	HA1E	24h	LINCSCP_88825
LINCSCP_13630	0.9999964384	0.00169909493	3	OMDM-2	LSM-1521	NA	10uM	HA1E	24h	LINCSCP_13630
LINCSCP_137545	0.9999964327	0.001700459689	3	BRD-A28746609	LSM-1102	NR1I2|TUBB	3.33uM	MCF7	24h	LINCSCP_137545
LINCSCP_65230	-0.9999964267	0.001701891748	3	BRD-K15825608	LSM-38096	NA	10uM	VCAP	24h	LINCSCP_65230
LINCSCP_68558	0.9999963616	0.001717327142	3	Olaparib	LSM-1145	PARP1|PARP2|PARP3	10uM	VCAP	24h	LINCSCP_68558
LINCSCP_88124	-0.9999963251	0.00172590596	3	AT-7519	LSM-1004	CDK1|CDK10|CDK11B|CDK12|CDK13|CDK14|CDK15|CDK16|CDK17|CDK18|CDK19|CDK2|CDK20|CDK3|CDK4|CDK5|CDK6|CDK7|CDK8|CDK9	1.11uM	HA1E	24h	LINCSCP_88124
LINCSCP_81539	0.999996293	0.001733426415	3	Dasatinib	LSM-1020	ABL1|BCR|BLK|EPHA2|FGR|FRK|FYN|HCK|KIT|LCK|LYN|PDGFRB|SRC|SRMS|YES1	3.33uM	A549	24h	LINCSCP_81539
LINCSCP_12689	-0.9999962312	0.001747815603	3	NSC23766	LSM-1818	NA	100uM	COV644	6h	LINCSCP_12689
LINCSCP_97821	-0.9999962263	0.001748947954	3	Enoxacin	LSM-5848	NA	0.04uM	HA1E	24h	LINCSCP_97821
LINCSCP_65562	0.9999962223	0.001749877058	3	BRD-K04046003	LSM-37492	NA	10uM	VCAP	24h	LINCSCP_65562
LINCSCP_69852	-0.9999962008	0.001754864213	3	Pazopanib	LSM-1114	CSF1R|FGFR1|FGFR3|FLT1|FLT4|ITK|KDR|KIT|LCK|PDGFRA|PDGFRB	10uM	A375	24h	LINCSCP_69852
LINCSCP_11796	-0.9999961895	0.001757463869	3	CP-724714	LSM-42777	ERBB2	10uM	BT20	24h	LINCSCP_11796
LINCSCP_36858	0.9999961874	0.001757940823	3	C21H27N7O3	LSM-1128	AKT1|AKT2|AKT3|PRKCQ	0.5uM	MCF7	6h	LINCSCP_36858
LINCSCP_54962	-0.9999961801	0.001759622383	3	CHEMBL3182405	LSM-4793	NA	10uM	THP1	6h	LINCSCP_54962
LINCSCP_31392	-0.9999961562	0.001765133694	3	KUC104219	LSM-3250	NA	10uM	MCF7	24h	LINCSCP_31392
LINCSCP_312310	-0.9999961144	0.001774689831	3	BRD-K37299375	LSM-10679	NA	1uM	VCAP	24h	LINCSCP_312310
LINCSCP_114186	-0.9999960884	0.001780614818	3	JW 55	LSM-6318	NA	3.33uM	HME1	24h	LINCSCP_114186
LINCSCP_91023	-0.9999960752	0.001783619069	3	Imiloxan	LSM-1308	ADRA2A|ADRA2B	3.33uM	HA1E	24h	LINCSCP_91023
LINCSCP_174037	0.9999960741	0.001783885278	3	Quinapril	LSM-3620	ACE	1.11uM	YAPC	24h	LINCSCP_174037
LINCSCP_70090	-0.9999959735	0.00180659675	3	Olaparib	LSM-1145	PARP1|PARP2|PARP3	3.33uM	A375	24h	LINCSCP_70090
LINCSCP_298463	0.9999959729	0.001806724874	3	BRD-K13898895	LSM-7036	NA	5uM	VCAP	6h	LINCSCP_298463
LINCSCP_208280	-0.9999959596	0.001809696609	3	CHEBI:48565	LSM-1614	ADRA2A|ADRA2B|ADRA2C|HTR1A|HTR1B|HTR1D|HTR2B	10uM	HA1E	24h	LINCSCP_208280
LINCSCP_50855	0.9999958712	0.001829387386	3	Neratinib	LSM-42778	EGFR|ERBB2|ERBB4	10uM	RKO	6h	LINCSCP_50855
LINCSCP_28467	-0.9999958347	0.001837456509	3	SCHEMBL17497626	LSM-44605	NA	10uM	HT29	6h	LINCSCP_28467
LINCSCP_46312	-0.9999958158	0.001841633065	3	BRD-K04534322	LSM-36643	NA	10uM	PC3	6h	LINCSCP_46312
LINCSCP_92653	-0.9999958124	0.001842383553	3	Pomalidomide	LSM-45637	CRBN|CUL4A|DDB1|RBX1	0.12uM	HA1E	24h	LINCSCP_92653
LINCSCP_40338	-0.9999958074	0.001843481968	3	VER 155008	LSM-6239	HSPA1A	10uM	NCIH596	6h	LINCSCP_40338
LINCSCP_86843	-0.9999958066	0.001843660526	3	Idelalisib	LSM-1205	PIK3CD|PIK3CG	0.04uM	CD34	24h	LINCSCP_86843
LINCSCP_62524	-0.9999957798	0.00184952523	3	BRD-K23058957	LSM-9827	NA	5uM	VCAP	6h	LINCSCP_62524
LINCSCP_58332	0.9999957262	0.00186124055	3	AC1NSIF7	LSM-44974	NA	10uM	VCAP	24h	LINCSCP_58332
LINCSCP_5598	0.9999956703	0.001873379939	3	MLS001065865	LSM-3388	NA	10uM	A549	24h	LINCSCP_5598
LINCSCP_139952	-0.9999956425	0.001879382663	3	179324-69-7	LSM-6281	ADRM1|PSMA1|PSMA2|PSMA3|PSMA4|PSMA5|PSMA6|PSMA7|PSMA8|PSMB1|PSMB10|PSMB11|PSMB2|PSMB3|PSMB4|PSMB5|PSMB6|PSMB7|PSMB8|PSMB9|PSMC1|PSMC2|PSMC3|PSMC4|PSMC5|PSMC6|PSMD1|PSMD11|PSMD12|PSMD13|PSMD14|PSMD2|PSMD3|PSMD4|PSMD6|PSMD7|PSMD8|SEM1	20uM	MCF7	24h	LINCSCP_139952
LINCSCP_109705	-0.9999956323	0.001881572411	3	MG-132	LSM-1107	PSMB1	20uM	HELA	24h	LINCSCP_109705
LINCSCP_116037	-0.9999956025	0.001887983072	3	SCHEMBL1564574	LSM-1006	CHEK1|CHEK2	0.04uM	HS578T	3h	LINCSCP_116037
LINCSCP_68951	-0.9999955859	0.001891535898	3	Wortmannin	LSM-3947	PIK3CA|PIK3CG|PLK1	10uM	VCAP	24h	LINCSCP_68951
LINCSCP_100328	-0.9999955745	0.001893983597	3	WZ 4002	LSM-1085	EGFR|ERBB2	0.12uM	HCC515	24h	LINCSCP_100328
LINCSCP_87568	-0.9999955434	0.001900631307	3	Neratinib	LSM-42778	EGFR|ERBB2|ERBB4	0.04uM	HA1E	24h	LINCSCP_87568
LINCSCP_294168	0.9999954415	0.001922242524	3	Tiagabine	LSM-5700	SLC6A1	10uM	VCAP	6h	LINCSCP_294168
LINCSCP_139441	-0.9999954405	0.001922445947	3	AZD-8330	LSM-1165	MAP2K1|MAP2K2	3.33uM	MCF7	24h	LINCSCP_139441
LINCSCP_311940	-0.9999954253	0.001925644155	3	CHEMBL2356746	LSM-42554	NA	10uM	VCAP	6h	LINCSCP_311940
LINCSCP_179036	-0.9999954155	0.001927698254	3	(3-Chlorophenyl)[4-(7-chloroquinolin-4-yl)piperazin-1-yl]methanone	LSM-3413	NA	10uM	A375	6h	LINCSCP_179036
LINCSCP_10322	-0.9999954042	0.001930092537	3	TL_HRAS26	LSM-2013	NA	10uM	A673	6h	LINCSCP_10322
LINCSCP_32875	-0.9999953613	0.001939065773	3	AC1LCWE1	LSM-42885	HRH2	10uM	MCF7	24h	LINCSCP_32875
LINCSCP_30761	0.9999952923	0.001953430641	3	PRIMA 1	LSM-6220	ACHE	40uM	MCF7	6h	LINCSCP_30761
LINCSCP_51793	0.9999952705	0.001957963048	3	C21H27N7O3	LSM-1128	AKT1|AKT2|AKT3|PRKCQ	0.5uM	SKBR3	24h	LINCSCP_51793
LINCSCP_55256	-0.9999952501	0.001962173196	3	Oxetane	LSM-44627	NA	0.5uM	U266	24h	LINCSCP_55256
LINCSCP_45118	-0.9999951698	0.00197869771	3	SMR001317659	LSM-2094	NA	0.5uM	PC3	6h	LINCSCP_45118
LINCSCP_71669	-0.9999951456	0.001983649412	3	LY2886721	LSM-45433	NA	0.12uM	A375	24h	LINCSCP_71669
LINCSCP_179534	-0.9999951376	0.001985273654	3	Ethamivan	LSM-2846	NA	10uM	A375	6h	LINCSCP_179534
LINCSCP_171032	-0.999995115	0.00198987983	3	Cilengitide	LSM-45233	NA	0.12uM	YAPC	24h	LINCSCP_171032
LINCSCP_23996	-0.9999950895	0.00199507505	3	Staurosporine	LSM-1103	CDK2|GSK3B	10uM	HEPG2	24h	LINCSCP_23996
LINCSCP_49885	0.9999950858	0.001995818592	3	SCHEMBL10028379	LSM-4720	NA	10uM	PHH	24h	LINCSCP_49885
LINCSCP_6555	-0.9999950855	0.00199587698	3	AS601245	LSM-1034	MAPK10|MAPK8|MAPK9	10uM	A549	6h	LINCSCP_6555
LINCSCP_107315	0.9999950769	0.001997625559	3	RU 58841	LSM-45711	NA	1.11uM	HELA	24h	LINCSCP_107315
LINCSCP_21962	-0.9999950511	0.002002859158	3	ST50910137	LSM-1438	NA	10uM	HEPG2	6h	LINCSCP_21962
LINCSCP_240266	-0.999995034	0.002006318001	3	GW501516	LSM-5330	PPARD	10uM	MCF7	24h	LINCSCP_240266
LINCSCP_53350	0.9999949554	0.002022119867	3	SCHEMBL14379041	LSM-43082	PPARG	10uM	SKMEL1	6h	LINCSCP_53350
LINCSCP_141874	0.999994939	0.002025402657	3	NMS-1286937	LSM-45818	NA	0.04uM	MCF7	24h	LINCSCP_141874
LINCSCP_13811	0.9999949253	0.002028158691	3	Y-134	LSM-4127	ESR1|ESR2	10uM	HA1E	24h	LINCSCP_13811
LINCSCP_33997	-0.9999949234	0.00202852476	3	BRD-K30459086	LSM-6100	NA	10uM	MCF7	6h	LINCSCP_33997
LINCSCP_28689	0.9999949192	0.002029372861	3	Dienestrol	LSM-43043	ESR1	0.04uM	HT29	24h	LINCSCP_28689
LINCSCP_56114	0.9999949177	0.002029661996	3	SPECTRUM_000051	LSM-1749	OPRD1|OPRK1|OPRM1	10uM	VCAP	6h	LINCSCP_56114
LINCSCP_59172	-0.9999949161	0.002029997156	3	BRD-K08448573	LSM-36650	NA	10uM	VCAP	24h	LINCSCP_59172
LINCSCP_57884	0.9999948602	0.002041118558	3	CHEMBL2057941	LSM-2856	NA	10uM	VCAP	6h	LINCSCP_57884
LINCSCP_172584	0.9999948521	0.002042717878	3	BRD-K00663349	LSM-45739	NA	0.04uM	YAPC	24h	LINCSCP_172584
LINCSCP_7906	-0.9999948114	0.002050787404	3	Ethyl {3-[(3,5-dimethoxybenzoyl)amino]phenyl}carbamate	LSM-4855	NA	10uM	A549	24h	LINCSCP_7906
LINCSCP_231800	0.9999947619	0.00206055523	3	BRD-K57512343	LSM-40425	NA	5uM	HT29	24h	LINCSCP_231800
LINCSCP_24581	0.9999947226	0.002068270049	3	SCHEMBL15556278	LSM-1002	DDR1	0.1uM	HS578T	6h	LINCSCP_24581
LINCSCP_22329	-0.9999947161	0.00206954393	3	Belinostat	LSM-43181	HDAC1|HDAC10|HDAC11|HDAC2|HDAC3|HDAC4|HDAC5|HDAC6|HDAC7|HDAC8|HDAC9	10uM	HEPG2	6h	LINCSCP_22329
LINCSCP_20570	0.9999946973	0.002073213645	3	BRD-K02589376-001-01-9	LSM-6780	NA	10uM	HCC515	6h	LINCSCP_20570
LINCSCP_295207	-0.999994694	0.00207386516	3	Wortmannin	LSM-3947	PIK3CA|PIK3CG|PLK1	10uM	VCAP	24h	LINCSCP_295207
LINCSCP_54220	-0.9999946838	0.002075851733	3	BMS-536924	LSM-1210	IGF1R	10uM	SW620	6h	LINCSCP_54220
LINCSCP_6165	-0.9999946111	0.002090002979	3	N-[(4-Fluoro-3-methylphenyl)sulfonyl]glycine	LSM-4587	NA	10uM	A549	24h	LINCSCP_6165
LINCSCP_70443	-0.999994607	0.002090796332	3	PF-03758309	LSM-4254	PAK4	0.37uM	A375	24h	LINCSCP_70443
LINCSCP_27776	0.9999946057	0.002091045534	3	BRD-K73008154	LSM-41235	NA	5uM	HT29	24h	LINCSCP_27776
LINCSCP_171978	-0.9999945567	0.002100522885	3	Cyclohexanecarboxamide, 4-(1-aminoethyl)-n-4-pyridinyl-, trans-	LSM-1177	ROCK1|ROCK2	10uM	YAPC	24h	LINCSCP_171978
LINCSCP_3735	0.9999945249	0.002106650741	3	BRD-K80400482	LSM-13343	NA	10uM	A375	24h	LINCSCP_3735
LINCSCP_86611	0.9999944922	0.00211293536	3	AZ628	LSM-1050	BRAF|RAF1	0.37uM	CD34	24h	LINCSCP_86611
LINCSCP_90315	-0.9999944808	0.002115104814	3	Lintitript	LSM-2780	CCKAR	10uM	HA1E	24h	LINCSCP_90315
LINCSCP_112251	-0.9999944145	0.002127784638	3	Infigratinib	LSM-1184	FGFR1|FGFR2|FGFR3|FGFR4	0.12uM	HEPG2	24h	LINCSCP_112251
LINCSCP_63556	0.9999944003	0.002130482334	3	BRD-K07569193	LSM-8880	NA	5uM	VCAP	6h	LINCSCP_63556
LINCSCP_147111	-0.999994377	0.002134901967	3	MLN-8054	LSM-1066	AURKA	0.04uM	NEU	24h	LINCSCP_147111
LINCSCP_2566	-0.9999943592	0.002138292195	3	Sulconazole	LSM-1751	NA	10uM	A375	6h	LINCSCP_2566
LINCSCP_8864	-0.9999943402	0.002141890157	3	BRD-K55155550	LSM-40290	NA	5uM	A549	24h	LINCSCP_8864
LINCSCP_162748	-0.9999943359	0.002142695457	3	Piperidolate	LSM-1951	CHRM1	1.11uM	PC3	24h	LINCSCP_162748
LINCSCP_121862	-0.999994304	0.002148718078	3	omeprazole	LSM-45749	NA	0.37uM	HT29	24h	LINCSCP_121862
LINCSCP_8688	-0.9999942949	0.002150445136	3	BRD-K99547414	LSM-14543	NA	5uM	A549	24h	LINCSCP_8688
LINCSCP_8359	-0.9999942799	0.002153258409	3	BRD-K39156670	LSM-10806	NA	5uM	A549	24h	LINCSCP_8359
LINCSCP_19763	0.9999941974	0.002168728666	3	CHEMBL1591577	LSM-3313	CLK1|CLK4|DYRK1A|DYRK1B	10uM	HCC515	6h	LINCSCP_19763
LINCSCP_37729	-0.9999941882	0.002170457547	3	BRD-K75322905	LSM-13035	NA	3uM	MCF7	24h	LINCSCP_37729
LINCSCP_39950	-0.9999941691	0.002174025145	3	NVP-AUY922	LSM-1162	HSP90AA1|HSP90AB1	10uM	NCIH1836	6h	LINCSCP_39950
LINCSCP_98359	-0.9999941233	0.002182545821	3	Aniracetam	LSM-3969	DRD2|GRIA1|GRIA2|GRIA3|HTR2A	0.04uM	HA1E	24h	LINCSCP_98359
LINCSCP_171625	-0.9999940571	0.00219479331	3	Niacin	LSM-4676	HCAR2|HCAR3	0.04uM	YAPC	24h	LINCSCP_171625
LINCSCP_64445	-0.9999940524	0.002195658152	3	BRD-K77326001	LSM-41491	NA	5uM	VCAP	6h	LINCSCP_64445
LINCSCP_96666	0.9999940387	0.002198187192	3	MLN-8054	LSM-1066	AURKA	10uM	HA1E	24h	LINCSCP_96666
LINCSCP_24383	-0.9999940318	0.002199467108	3	SCHEMBL17052537	LSM-5803	BTK|JAK3|MKNK2|MTOR|PRKDC	0.5uM	HS578T	24h	LINCSCP_24383
LINCSCP_165380	-0.9999940195	0.00220172587	3	KW-2449	LSM-42803	ABL1|AURKA|AURKB|FLT3	0.12uM	SKL	24h	LINCSCP_165380
LINCSCP_41301	0.9999940133	0.002202876756	3	Dopamine 3-O-sulfate	LSM-37139	DRD1|DRD2|DRD3|DRD4|DRD5	10uM	NEU	6h	LINCSCP_41301
LINCSCP_43421	-0.9999939837	0.002208302274	3	Dinoprostone	LSM-42919	PTGER1|PTGER2|PTGER3|PTGER4	10uM	NPC	24h	LINCSCP_43421
LINCSCP_126148	-0.9999939179	0.002220350694	3	CEP-37440	LSM-45849	NA	10uM	HT29	24h	LINCSCP_126148
LINCSCP_310727	-0.9999938293	0.002236469082	3	13-Hydroxy-8,14,19-trimethoxy-4,10,12,16-tetramethyl-3,20,22-trioxo-2-azabicyclo[16.3.1]docosa-1(21),4,6,10,18-pentaen-9-yl carbamate	LSM-42815	HSP90AA1	0.1uM	VCAP	24h	LINCSCP_310727
LINCSCP_90876	0.9999938115	0.002239688116	3	AZELAIC ACID	LSM-45550	NA	0.12uM	HA1E	24h	LINCSCP_90876
LINCSCP_259152	0.999993798	0.002242124457	3	Wortmannin	LSM-3947	PIK3CA|PIK3CG|PLK1	1uM	NEU	24h	LINCSCP_259152
LINCSCP_172606	0.9999937797	0.002245431579	3	BI-2536	LSM-1041	PLK1	0.37uM	YAPC	24h	LINCSCP_172606
LINCSCP_22368	-0.9999937568	0.002249560771	3	CHEMBL2133868	LSM-39995	NA	10uM	HEPG2	6h	LINCSCP_22368
LINCSCP_92592	0.9999937517	0.002250477558	3	Griseofulvin	LSM-5259	NA	0.37uM	HA1E	24h	LINCSCP_92592
LINCSCP_281621	0.9999937244	0.002255393294	3	Terfenadine	LSM-1273	HRH1|KCNH2	10uM	PHH	24h	LINCSCP_281621
LINCSCP_46750	0.9999937209	0.002256022869	3	CAY10577	LSM-5469	NA	10uM	PC3	24h	LINCSCP_46750
LINCSCP_62801	0.9999937141	0.0022572425	3	BRD-K64478813	LSM-12364	NA	5uM	VCAP	24h	LINCSCP_62801
LINCSCP_45070	-0.9999936809	0.002263192634	3	4-Deoxyuridine	LSM-6181	CDA|DNMT1	10uM	PC3	6h	LINCSCP_45070
LINCSCP_138056	-0.9999936652	0.0022660029	3	MILNACIPRAN HYDROCHLORIDE	LSM-45870	SLC6A2|SLC6A4	1.11uM	MCF7	24h	LINCSCP_138056
LINCSCP_38145	-0.9999936492	0.002268866127	3	SA-1921902	LSM-37867	NA	3uM	MCF7	24h	LINCSCP_38145
LINCSCP_25469	-0.9999936404	0.00227044176	3	CHEMBL258148	LSM-6214	CTSL	90uM	HT29	24h	LINCSCP_25469
LINCSCP_19852	0.9999935856	0.002280198099	3	CHEMBL1716096	LSM-2446	NA	10uM	HCC515	6h	LINCSCP_19852
LINCSCP_23370	0.9999934804	0.002298818051	3	Simvastatin	LSM-2492	HMGCR	10uM	HEPG2	24h	LINCSCP_23370
LINCSCP_139553	0.9999934132	0.002310644316	3	Primaquine	LSM-1649	NA	0.04uM	MCF7	24h	LINCSCP_139553
LINCSCP_24245	-0.9999933872	0.002315196164	3	AZ628	LSM-1050	BRAF|RAF1	10uM	HS578T	24h	LINCSCP_24245
LINCSCP_38351	0.9999933719	0.002317866958	3	SCHEMBL16712694	LSM-41493	NA	1uM	MCF7	6h	LINCSCP_38351
LINCSCP_25705	-0.9999932756	0.002334655087	3	BMS-299897	LSM-6207	NA	10uM	HT29	6h	LINCSCP_25705
LINCSCP_45576	-0.9999932535	0.002338482793	3	MLS003370623	LSM-42892	NA	10uM	PC3	6h	LINCSCP_45576
LINCSCP_90108	0.9999931581	0.002354962949	3	MILTEFOSINE [5mM]	LSM-45587	NA	0.37uM	HA1E	24h	LINCSCP_90108
LINCSCP_279737	0.9999931491	0.002356508254	3	Broad-Sai-424	LSM-45346	NA	1uM	PC3	24h	LINCSCP_279737
LINCSCP_251933	0.9999930998	0.002364974845	3	C24H25CLFN5O3	LSM-42794	EGFR|ERBB2|ERBB4	0.5uM	MCF7	6h	LINCSCP_251933
LINCSCP_8226	-0.9999930488	0.002373699033	3	BRD-K06145650	LSM-14698	NA	5uM	A549	24h	LINCSCP_8226
LINCSCP_126138	-0.9999930245	0.002377835157	3	Dihydroergotamine	LSM-3619	HTR1B|HTR1D	1.11uM	HT29	24h	LINCSCP_126138
LINCSCP_12322	-0.9999930163	0.002379239862	3	JNK-IN-2	LSM-43288	IRAK1	10uM	BT20	6h	LINCSCP_12322
LINCSCP_51191	0.9999929679	0.002387468353	3	Ursolic acid	LSM-4889	HSD11B1|PTPN1	70uM	RMUGS	6h	LINCSCP_51191
LINCSCP_139149	0.9999929467	0.002391073663	3	Dexniguldipine	LSM-15285	NA	0.37uM	MCF7	24h	LINCSCP_139149
LINCSCP_4121	-0.999992945	0.002391346802	3	PRESTWICK3_000684	LSM-1289	NA	10uM	A549	24h	LINCSCP_4121
LINCSCP_284802	0.9999929316	0.002393623801	3	LY-320135	LSM-3770	CNR1	10uM	SKB	24h	LINCSCP_284802
LINCSCP_164181	-0.9999928528	0.002406921591	3	rifampicin	NA	NA	3.33uM	SKBR3	3h	LINCSCP_164181
LINCSCP_94787	-0.9999928502	0.002407362309	3	TAK-715	LSM-1060	MAPK14	10uM	HA1E	24h	LINCSCP_94787
LINCSCP_65096	-0.9999928338	0.002410118461	3	BRD-K43782840	LSM-39685	NA	10uM	VCAP	24h	LINCSCP_65096
LINCSCP_105491	0.9999927619	0.002422183843	3	(13S)-3-Hydroxy-13-methyl-7,8,9,11,12,14,15,16-octahydro-6H-cyclopenta[a]phenanthren-17-one	LSM-1506	ESR1	1.11uM	HELA	24h	LINCSCP_105491
LINCSCP_258966	-0.9999927594	0.002422606092	3	MLS003129913	LSM-10708	NA	10uM	NEU	24h	LINCSCP_258966
LINCSCP_44153	-0.9999927108	0.002430724473	3	2-Cyano-3-(3,4-dihydroxyphenyl)-n-phenylprop-2-enamide	LSM-2755	EGFR	10uM	PC3	6h	LINCSCP_44153
LINCSCP_97070	-0.9999926952	0.002433317792	3	PF-04217903	LSM-1166	MET	0.37uM	HA1E	24h	LINCSCP_97070
LINCSCP_7485	-0.9999926744	0.002436791261	3	Cyclopamine	LSM-3304	SMO	10uM	A549	6h	LINCSCP_7485
LINCSCP_9785	-0.9999926689	0.002437700662	3	AC1Q6JJ5	LSM-6192	TOP2A	10uM	A549	6h	LINCSCP_9785
LINCSCP_554	0.9999926161	0.002446461965	3	DPO-1	LSM-4249	KCNA5	10uM	A375	6h	LINCSCP_554
LINCSCP_58097	-0.9999925481	0.002457706064	3	Oxcarbazepine	LSM-5219	SCN10A|SCN11A|SCN1A|SCN2A|SCN3A|SCN4A|SCN5A|SCN7A|SCN8A|SCN9A	10uM	VCAP	24h	LINCSCP_58097
LINCSCP_36862	0.9999925158	0.002463028433	3	Pyrazolanthrone	LSM-1163	MAPK10|MAPK8|MAPK9|TTK	0.5uM	MCF7	6h	LINCSCP_36862
LINCSCP_252287	0.9999925014	0.002465384137	3	SA-1939064	LSM-40654	NA	0.5uM	MCF7	24h	LINCSCP_252287
LINCSCP_229950	-0.9999924983	0.002465895781	3	BRD-K52662613	LSM-11645	NA	5uM	HT29	24h	LINCSCP_229950
LINCSCP_57017	-0.9999924342	0.002476417476	3	AC1NS4S0	LSM-43073	ATP2A1	10uM	VCAP	6h	LINCSCP_57017
LINCSCP_88321	-0.9999924019	0.002481696056	3	CGP 60474	LSM-1025	CDK1	0.12uM	HA1E	24h	LINCSCP_88321
LINCSCP_36389	0.9999923873	0.002484072423	3	Scriptaid	LSM-2499	HDAC1	1uM	MCF7	6h	LINCSCP_36389
LINCSCP_132534	0.9999922726	0.002502719092	3	C19H19FN4O3	LSM-1178	FGFR1|FLT1|KDR	3.33uM	MCF7	3h	LINCSCP_132534
LINCSCP_150501	0.9999922712	0.002502944933	3	SCHEMBL15556278	LSM-1002	DDR1	10uM	NPC.TAK	24h	LINCSCP_150501
LINCSCP_65796	0.9999922637	0.002504158515	3	BRD-K28004127	LSM-38794	NA	10uM	VCAP	6h	LINCSCP_65796
LINCSCP_45915	-0.9999922429	0.00250751803	3	MLS000063258	LSM-2808	NA	10uM	PC3	24h	LINCSCP_45915
LINCSCP_73425	-0.9999921355	0.00252482803	3	Tyrphostin AG-112	LSM-43079	NA	0.12uM	A375	24h	LINCSCP_73425
LINCSCP_37962	-0.9999921094	0.002529009029	3	BRD-K94498396	LSM-36822	NA	1uM	MCF7	24h	LINCSCP_37962
LINCSCP_97997	0.9999920996	0.002530584563	3	CEPHARANTHINE	LSM-45918	NA	3.33uM	HA1E	24h	LINCSCP_97997
LINCSCP_150127	-0.9999920914	0.002531886182	3	Cyclohexanecarboxamide, 4-(1-aminoethyl)-n-4-pyridinyl-, trans-	LSM-1177	ROCK1|ROCK2	0.12uM	NPC.TAK	24h	LINCSCP_150127
LINCSCP_64871	-0.9999920871	0.00253258131	3	Cymarin	LSM-42701	ATP1A1	10uM	VCAP	24h	LINCSCP_64871
LINCSCP_8989	-0.9999920552	0.002537678232	3	BRD-K02952507	LSM-6740	NA	10uM	A549	24h	LINCSCP_8989
LINCSCP_1202	0.9999919298	0.002557622556	3	CHEMBL1270705	LSM-3533	NA	10uM	A375	24h	LINCSCP_1202
LINCSCP_99578	-0.9999918629	0.002568203247	3	Radicicol	LSM-43303	NA	1.11uM	HCC515	24h	LINCSCP_99578
LINCSCP_24271	-0.9999917887	0.002579895993	3	Tamatinib	LSM-1040	SYK	1uM	HS578T	24h	LINCSCP_24271
LINCSCP_160308	0.9999917313	0.002588894472	3	SB743921	LSM-45775	NA	0.12uM	PC3	24h	LINCSCP_160308
LINCSCP_8758	0.9999916673	0.002598890874	3	BRD-K81812196	LSM-41737	NA	5uM	A549	24h	LINCSCP_8758
LINCSCP_68516	-0.9999916453	0.002602316979	3	Genistein	LSM-5549	CFTR|ESR2	10uM	VCAP	6h	LINCSCP_68516
LINCSCP_29438	0.9999916005	0.002609292943	3	NU-7441	LSM-1061	PRKDC	0.1uM	MCF10A	24h	LINCSCP_29438
LINCSCP_10394	-0.9999915906	0.002610831822	3	Enzalutamide	LSM-6254	AR	0.1uM	A673	6h	LINCSCP_10394
LINCSCP_64015	-0.9999915755	0.002613175485	3	BRD-K65541951	LSM-12428	NA	5uM	VCAP	24h	LINCSCP_64015
LINCSCP_166593	-0.9999915629	0.002615117082	3	ANISODAMINE HYDROBROMIDE	LSM-45481	NA	3.33uM	YAPC	24h	LINCSCP_166593
LINCSCP_60652	-0.9999915499	0.002617142871	3	MLS003129597	LSM-8074	NA	5uM	VCAP	24h	LINCSCP_60652
LINCSCP_79023	0.9999915486	0.002617336955	3	Volasertib (BI 6727)	LSM-45277	PLK1	1.11uM	A375	24h	LINCSCP_79023
LINCSCP_58876	0.9999915304	0.002620155495	3	MLS-0390932.0001	LSM-4875	NA	10uM	VCAP	24h	LINCSCP_58876
LINCSCP_55410	-0.999991519	0.00262192006	3	THR1 Inhibitor, 2	LSM-1445	BTK	100uM	U937	6h	LINCSCP_55410
LINCSCP_52355	0.9999914824	0.002627568537	3	BRD-K10916986-001-01-6	LSM-5284	TUBB	10uM	SKB	24h	LINCSCP_52355
LINCSCP_246848	-0.9999914789	0.002628115164	3	BRD-K95208083	LSM-14263	NA	5uM	MCF7	24h	LINCSCP_246848
LINCSCP_16194	-0.9999914772	0.00262836693	3	Triptolide	LSM-5518	NA	10uM	HA1E	6h	LINCSCP_16194
LINCSCP_28927	-0.9999914398	0.002634131375	3	SCHEMBL16984306	LSM-6820	NA	10uM	HUH7	6h	LINCSCP_28927
LINCSCP_8006	0.9999914295	0.002635723045	3	BRD-A49848186	LSM-36420	NA	10uM	A549	6h	LINCSCP_8006
LINCSCP_121034	-0.9999914126	0.002638315366	3	BRD-A82197375	LSM-45476	NA	0.37uM	HT29	24h	LINCSCP_121034
LINCSCP_309820	-0.9999913017	0.002655296021	3	BRD-K85946956	LSM-15061	NA	10uM	VCAP	24h	LINCSCP_309820
LINCSCP_22216	0.9999912729	0.002659692557	3	Tozasertib	LSM-1021	ABL1|AURKA|AURKB|AURKC|BCR|FLT3|JAK2	10uM	HEPG2	6h	LINCSCP_22216
LINCSCP_26811	0.9999912483	0.002663428879	3	Harpagoside	LSM-42863	NOS2|PTGS2	10uM	HT29	6h	LINCSCP_26811
LINCSCP_134090	-0.9999912202	0.002667710982	3	Chelerythrine	LSM-1187	NA	0.04uM	MCF7	24h	LINCSCP_134090
LINCSCP_41836	-0.9999912168	0.002668215202	3	CT-200783	LSM-43273	NA	10uM	NOMO1	6h	LINCSCP_41836
LINCSCP_19779	0.9999911977	0.002671114106	3	CHEMBL2141722	LSM-3674	NA	10uM	HCC515	6h	LINCSCP_19779
LINCSCP_8321	0.9999911852	0.002673014088	3	MLS003129525	LSM-8016	NA	5uM	A549	24h	LINCSCP_8321
LINCSCP_13588	0.9999910286	0.002696657685	3	SCHEMBL13991002	LSM-6278	NA	40uM	H1299	6h	LINCSCP_13588
LINCSCP_75168	0.9999909532	0.002707970282	3	Caffeine	LSM-2026	ADORA1|ADORA2A|ADORA2B|ADORA3|ATM|ITPR1|RYR1	3.33uM	A375	24h	LINCSCP_75168
LINCSCP_88083	0.9999908291	0.002726476392	3	Dasatinib	LSM-1020	ABL1|BCR|BLK|EPHA2|FGR|FRK|FYN|HCK|KIT|LCK|LYN|PDGFRB|SRC|SRMS|YES1	1.11uM	HA1E	24h	LINCSCP_88083
LINCSCP_22996	0.9999907946	0.002731592874	3	4-Hydroxynon-2-enal	LSM-43066	NA	10uM	HEPG2	6h	LINCSCP_22996
LINCSCP_173064	-0.9999907943	0.00273164796	3	SPECTRUM_000403	LSM-1605	NR3C1	3.33uM	YAPC	24h	LINCSCP_173064
LINCSCP_69889	0.9999907396	0.002739745658	3	BMS-777607	LSM-1144	AXL|MERTK|MET|MST1R|TYRO3	3.33uM	A375	24h	LINCSCP_69889
LINCSCP_66224	-0.9999906876	0.002747422117	3	3-Chloro-l-alanine	LSM-6205	RPS2	0.5uM	WSUDLCL2	6h	LINCSCP_66224
LINCSCP_75405	-0.9999906682	0.002750281191	3	Lenvatinib (E7080)	LSM-45581	FLT1|FLT4|KDR	3.33uM	A375	24h	LINCSCP_75405
LINCSCP_19886	-0.9999906092	0.002758972207	3	CID 46937231	LSM-3033	NA	10uM	HCC515	6h	LINCSCP_19886
LINCSCP_108437	-0.999990601	0.002760172286	3	TCB2	LSM-45588	NA	10uM	HELA	24h	LINCSCP_108437
LINCSCP_70036	-0.9999905803	0.002763203733	3	SCHEMBL618594	LSM-1070	NA	0.37uM	A375	24h	LINCSCP_70036
LINCSCP_43489	0.9999905413	0.002768923722	3	Nullscript	LSM-37186	NA	10uM	NPC	24h	LINCSCP_43489
LINCSCP_41408	0.9999905144	0.002772865246	3	Trehalose	LSM-37121	NA	10uM	NEU	24h	LINCSCP_41408
LINCSCP_216138	0.9999904981	0.002775236937	3	STK177293	LSM-5173	NA	10uM	HCC515	6h	LINCSCP_216138
LINCSCP_20270	-0.9999904222	0.002786304162	3	CHEMBL2361061	LSM-39851	NA	10uM	HCC515	6h	LINCSCP_20270
LINCSCP_69470	-0.9999904121	0.002787765135	3	Canertinib	LSM-1120	EGFR|ERBB2|ERBB4	10uM	A375	24h	LINCSCP_69470
LINCSCP_29917	-0.9999903739	0.00279332175	3	SCHEMBL16980224	LSM-1092	AURKA	10uM	MCF10A	24h	LINCSCP_29917
LINCSCP_92303	-0.9999903346	0.002799011715	3	Acifran	LSM-45845	NA	3.33uM	HA1E	24h	LINCSCP_92303
LINCSCP_100194	0.9999902685	0.002808576215	3	KW-2449	LSM-42803	ABL1|AURKA|AURKB|FLT3	1.11uM	HCC515	24h	LINCSCP_100194
LINCSCP_5513	-0.9999902564	0.00281031798	3	F1396-0210	LSM-2879	NA	10uM	A549	6h	LINCSCP_5513
LINCSCP_4702	-0.9999902549	0.002810536931	3	Narciclasine	LSM-4934	RHOA	10uM	A549	6h	LINCSCP_4702
LINCSCP_15995	-0.9999902328	0.002813712366	3	MLS002391491	LSM-2817	NA	10uM	HA1E	6h	LINCSCP_15995
LINCSCP_34814	0.9999902016	0.002818205898	3	CHEMBL2354516	LSM-14832	NA	5uM	MCF7	24h	LINCSCP_34814
LINCSCP_7340	-0.9999901982	0.00281869132	3	Tyrphostin AG-1478	LSM-1224	EGFR	10uM	A549	24h	LINCSCP_7340
LINCSCP_123456	0.999990165	0.002823462447	3	BRD-A08662020	LSM-45607	NA	10uM	HT29	24h	LINCSCP_123456
LINCSCP_191286	0.9999901005	0.002832715011	3	Alpha-(2-furanylmethylene)-1H-benzimidazole-2-acetonitrile	LSM-43328	NA	10uM	A549	6h	LINCSCP_191286
LINCSCP_105029	-0.9999900926	0.002833835405	3	Benoxinate	LSM-2069	SCN10A|SCN11A|SCN1A|SCN2A|SCN3A|SCN4A|SCN5A|SCN7A|SCN8A|SCN9A	3.33uM	HELA	24h	LINCSCP_105029
LINCSCP_163786	-0.9999900808	0.002835532852	3	13-Hydroxy-8,14,19-trimethoxy-4,10,12,16-tetramethyl-3,20,22-trioxo-2-azabicyclo[16.3.1]docosa-1(21),4,6,10,18-pentaen-9-yl carbamate	LSM-42815	HSP90AA1	3.33uM	SKBR3	24h	LINCSCP_163786
LINCSCP_97662	-0.999990067	0.00283750211	3	AC1NSZCT	LSM-1785	NR3C1	1.11uM	HA1E	24h	LINCSCP_97662
LINCSCP_72141	0.9999900567	0.002838974363	3	179324-69-7	LSM-6281	ADRM1|PSMA1|PSMA2|PSMA3|PSMA4|PSMA5|PSMA6|PSMA7|PSMA8|PSMB1|PSMB10|PSMB11|PSMB2|PSMB3|PSMB4|PSMB5|PSMB6|PSMB7|PSMB8|PSMB9|PSMC1|PSMC2|PSMC3|PSMC4|PSMC5|PSMC6|PSMD1|PSMD11|PSMD12|PSMD13|PSMD14|PSMD2|PSMD3|PSMD4|PSMD6|PSMD7|PSMD8|SEM1	20uM	A375	24h	LINCSCP_72141
LINCSCP_13934	0.9999900562	0.00283904426	3	NCGC00025321-01	LSM-3669	NA	10uM	HA1E	6h	LINCSCP_13934
LINCSCP_201091	-0.9999899259	0.002857588313	3	Wortmannin	LSM-3947	PIK3CA|PIK3CG|PLK1	0.01uM	A549	24h	LINCSCP_201091
LINCSCP_236949	-0.9999898956	0.002861874515	3	CHEMBL397100	LSM-4129	NA	10uM	MCF7	24h	LINCSCP_236949
LINCSCP_28256	-0.9999898533	0.00286785825	3	BRD-K44635753	LSM-11143	NA	10uM	HT29	24h	LINCSCP_28256
LINCSCP_151794	-0.9999897648	0.002880332889	3	AT 7867	LSM-1155	NA	3.33uM	PC3	24h	LINCSCP_151794
LINCSCP_104142	-0.9999897272	0.002885620713	3	179324-69-7	LSM-6281	ADRM1|PSMA1|PSMA2|PSMA3|PSMA4|PSMA5|PSMA6|PSMA7|PSMA8|PSMB1|PSMB10|PSMB11|PSMB2|PSMB3|PSMB4|PSMB5|PSMB6|PSMB7|PSMB8|PSMB9|PSMC1|PSMC2|PSMC3|PSMC4|PSMC5|PSMC6|PSMD1|PSMD11|PSMD12|PSMD13|PSMD14|PSMD2|PSMD3|PSMD4|PSMD6|PSMD7|PSMD8|SEM1	20uM	HELA	24h	LINCSCP_104142
LINCSCP_133853	-0.9999897087	0.002888219985	3	CX-5461	LSM-6342	NA	10uM	MCF7	24h	LINCSCP_133853
LINCSCP_237306	0.9999896952	0.002890113582	3	MLS003448145	LSM-2312	NA	10uM	MCF7	24h	LINCSCP_237306
LINCSCP_43440	0.9999896564	0.002895546165	3	Pregnenolone Carbonitrile	LSM-2870	NA	10uM	NPC	24h	LINCSCP_43440
LINCSCP_128793	-0.9999895573	0.002909386476	3	GSK J4	LSM-6328	NA	10uM	HUVEC	24h	LINCSCP_128793
LINCSCP_242434	0.9999895514	0.002910216131	3	CHEMBL2138010	LSM-6083	NA	10uM	MCF7	24h	LINCSCP_242434
LINCSCP_813	-0.9999895372	0.002912191039	3	79966-13-5	LSM-6665	NA	10uM	A375	24h	LINCSCP_813
LINCSCP_156106	-0.9999895122	0.002915670889	3	Rimonabant	LSM-36994	CNR1	0.37uM	PC3	24h	LINCSCP_156106
LINCSCP_12910	0.9999894954	0.002918006713	3	TL_HRAS26	LSM-2013	NA	10uM	EFO27	6h	LINCSCP_12910
LINCSCP_85391	0.9999894389	0.002925835638	3	YM 201636	LSM-1109	NA	0.04uM	BT20	24h	LINCSCP_85391
LINCSCP_79690	0.9999893465	0.002938613814	3	SPECTRUM_001319	LSM-1963	HSD11B1	10uM	A375	24h	LINCSCP_79690
LINCSCP_137728	-0.9999893315	0.002940672682	3	Theobromine	LSM-5483	NA	0.12uM	MCF7	24h	LINCSCP_137728
LINCSCP_152324	0.9999891945	0.00295949917	3	Dabrafenib	LSM-6303	BRAF	3.33uM	PC3	24h	LINCSCP_152324
LINCSCP_126470	0.9999888532	0.003005877297	3	Dolastatin 10	LSM-45943	NA	0.12uM	HT29	24h	LINCSCP_126470
LINCSCP_83057	-0.9999888485	0.003006501046	3	OSI-930	LSM-1179	FLT1|FLT4|KDR|KIT	10uM	ASC.C	24h	LINCSCP_83057
LINCSCP_109345	-0.9999888451	0.00300696984	3	MG-132	LSM-1107	PSMB1	20uM	HELA	24h	LINCSCP_109345
LINCSCP_85717	0.9999888246	0.003009727443	3	apigenin	LSM-5206	NA	3.33uM	BT20	3h	LINCSCP_85717
LINCSCP_44165	0.9999887654	0.003017691091	3	Isomammeisin	LSM-4064	NA	10uM	PC3	6h	LINCSCP_44165
LINCSCP_119339	-0.9999887371	0.003021487298	3	Ergothioneine	LSM-45829	NA	0.37uM	HT29	24h	LINCSCP_119339
LINCSCP_41182	-0.9999886598	0.003031832276	3	(S)-2-Amino-3-(2,4-dihydroxyphenyl)propanoic acid	LSM-37021	NA	10uM	NEU	24h	LINCSCP_41182
LINCSCP_119556	-0.9999885932	0.003040727699	3	Dabrafenib	LSM-6303	BRAF	0.12uM	HT29	24h	LINCSCP_119556
LINCSCP_250887	0.9999884488	0.003059909842	3	COT-10B	LSM-6226	NA	0.01uM	MCF7	6h	LINCSCP_250887
LINCSCP_85853	0.9999884174	0.003064072806	3	Tamatinib	LSM-1040	SYK	0.04uM	BT20	24h	LINCSCP_85853
LINCSCP_34859	0.999988404	0.003065844452	3	BRD-K88522059	LSM-42094	NA	5uM	MCF7	24h	LINCSCP_34859
LINCSCP_3765	-0.9999884039	0.003065847745	3	KUC111774N	LSM-36810	NA	3uM	A375	24h	LINCSCP_3765
LINCSCP_55763	0.9999882631	0.003084410667	3	Bucladesine	LSM-1926	PRKACA	10uM	VCAP	6h	LINCSCP_55763
LINCSCP_145746	0.9999882368	0.003087864394	3	MK-2206	LSM-1057	AKT1|AKT2|AKT3	0.04uM	MDAMB231	3h	LINCSCP_145746
LINCSCP_81776	-0.9999881806	0.003095231578	3	CGP 60474	LSM-1025	CDK1	3.33uM	A549	24h	LINCSCP_81776
LINCSCP_136705	0.9999881444	0.003099965276	3	2-Methoxyestradiol	LSM-45490	NA	10uM	MCF7	24h	LINCSCP_136705
LINCSCP_35657	-0.9999881404	0.003100491406	3	AC1NXRFO	LSM-43270	NA	0.001uM	MCF7	24h	LINCSCP_35657
LINCSCP_130202	-0.9999881033	0.003105332922	3	CGP 60474	LSM-1025	CDK1	1.11uM	LNCAP	3h	LINCSCP_130202
LINCSCP_22126	-0.9999879551	0.003124615591	3	MLS000583963	LSM-1362	NA	10uM	HEPG2	6h	LINCSCP_22126
LINCSCP_19696	-0.9999879354	0.003127169157	3	ML178	LSM-2300	S1PR3	10uM	HCC515	6h	LINCSCP_19696
LINCSCP_46334	0.9999878543	0.003137666705	3	ALD1-H_001128	LSM-45103	NA	10uM	PC3	6h	LINCSCP_46334
LINCSCP_241405	0.9999878432	0.0031391005	3	RO10-5824	LSM-3796	DRD4	10uM	MCF7	6h	LINCSCP_241405
LINCSCP_167363	-0.9999878355	0.003140100041	3	Tofacitinib (CP-690550) Citrate	LSM-45505	NA	0.37uM	YAPC	24h	LINCSCP_167363
LINCSCP_74552	0.999987646	0.003164464454	3	SPECTRUM_001092	LSM-1337	NR3C1	1.11uM	A375	24h	LINCSCP_74552
LINCSCP_262428	0.9999876146	0.003168479313	3	RS504393	LSM-3952	CCR2	10uM	NPC	24h	LINCSCP_262428
LINCSCP_173649	0.9999875449	0.003177381925	3	Repaglinide	LSM-3863	ABCC8|KCNJ11	0.12uM	YAPC	24h	LINCSCP_173649
LINCSCP_91751	-0.9999874391	0.003190848155	3	CHEMBL179288	LSM-3648	NA	3.33uM	HA1E	24h	LINCSCP_91751
LINCSCP_128328	0.9999874153	0.003193871829	3	Amuvatinib	LSM-1118	FLT3|KIT|MET|PDGFRA	10uM	HUVEC	24h	LINCSCP_128328
LINCSCP_73433	-0.9999873961	0.003196300018	3	Propylthiouracil	LSM-5592	DIO1|TPO	10uM	A375	24h	LINCSCP_73433
LINCSCP_147907	-0.9999872308	0.003217191868	3	CHEMBL3347630	LSM-43292	NA	3.33uM	NPC.CAS9	24h	LINCSCP_147907
LINCSCP_48067	-0.9999871856	0.003222889037	3	Darifenacin	LSM-5995	CHRM1|CHRM2|CHRM3|CHRM4|CHRM5	10uM	PC3	6h	LINCSCP_48067
LINCSCP_122259	-0.9999871134	0.00323195691	3	Efaproxiral Sodium	LSM-45515	HBA1|HBA2|HBB	0.04uM	HT29	24h	LINCSCP_122259
LINCSCP_71024	0.9999870192	0.003243737227	3	Batimastat	LSM-6276	NA	0.04uM	A375	24h	LINCSCP_71024
LINCSCP_7173	-0.9999870052	0.003245485287	3	Fenobam	LSM-2917	GRM5	10uM	A549	6h	LINCSCP_7173
LINCSCP_42298	-0.9999869969	0.003246524278	3	AC1O9EM7	LSM-4668	NA	10uM	NPC	24h	LINCSCP_42298
LINCSCP_50796	-0.999986995	0.003246764143	3	MLS003448149	LSM-3003	NA	10uM	RKO	6h	LINCSCP_50796
LINCSCP_101026	0.999986959	0.00325126088	3	CHIR-265	LSM-1207	BRAF|KDR	0.12uM	HCC515	24h	LINCSCP_101026
LINCSCP_4927	-0.9999869587	0.003251295773	3	AC1LNRY5	LSM-2542	NA	10uM	A549	24h	LINCSCP_4927
LINCSCP_44940	0.9999869531	0.003251994965	3	LY 2183240	LSM-2839	FAAH	10uM	PC3	24h	LINCSCP_44940
LINCSCP_92467	-0.9999869223	0.003255821553	3	Cytarabine	LSM-5470	POLA1|POLB|POLD1|POLE	0.12uM	HA1E	24h	LINCSCP_92467
LINCSCP_40325	-0.9999868582	0.003263793363	3	Lexibulin	LSM-6232	TUBA1A|TUBA1B|TUBA1C|TUBA3E|TUBA4A|TUBB|TUBB1|TUBB2A|TUBB2B|TUBB3|TUBB4A|TUBB4B|TUBB6|TUBB8	1uM	NCIH596	6h	LINCSCP_40325
LINCSCP_34635	0.9999868417	0.003265843512	3	Pranlukast	LSM-6006	CYSLTR1|CYSLTR2	10uM	MCF7	6h	LINCSCP_34635
LINCSCP_24026	0.999986695	0.003283994538	3	E319	LSM-36677	NA	3.7uM	HEPG2	24h	LINCSCP_24026
LINCSCP_278652	-0.9999866902	0.003284596935	3	BRD-K53669914	LSM-40220	NA	10uM	PC3	6h	LINCSCP_278652
LINCSCP_11177	-0.9999865328	0.003303953404	3	Rhamnetin	LSM-2821	ALOX5	10uM	ASC	24h	LINCSCP_11177
LINCSCP_129986	-0.9999865097	0.00330678549	3	noscapine	NA	NA	1.11uM	LNCAP	24h	LINCSCP_129986
LINCSCP_102604	-0.999986483	0.003310060502	3	Entecavir	LSM-5258	NA	3.33uM	HELA	24h	LINCSCP_102604
LINCSCP_12447	-0.9999862473	0.003338788222	3	UTMB00042	LSM-45326	NA	1uM	CD34	6h	LINCSCP_12447
LINCSCP_69788	0.9999862395	0.003339745201	3	AZD4547	LSM-6308	NA	1.11uM	A375	24h	LINCSCP_69788
LINCSCP_118860	-0.9999861238	0.003353753117	3	Linagliptin	LSM-45916	DPP4	0.12uM	HT29	24h	LINCSCP_118860
LINCSCP_69471	-0.9999860431	0.003363487835	3	Canertinib	LSM-1120	EGFR|ERBB2|ERBB4	3.33uM	A375	24h	LINCSCP_69471
LINCSCP_57289	-0.9999860212	0.003366129049	3	MLS002703118	LSM-2728	NA	10uM	VCAP	24h	LINCSCP_57289
LINCSCP_64604	-0.9999858698	0.00338430161	3	BRD-K01048404	LSM-15015	NA	10uM	VCAP	24h	LINCSCP_64604
LINCSCP_137705	-0.9999857678	0.003396501672	3	Cimetidine	LSM-2404	HRH2	0.04uM	MCF7	24h	LINCSCP_137705
LINCSCP_68989	-0.9999857138	0.003402936946	3	Tozasertib	LSM-1021	ABL1|AURKA|AURKB|AURKC|BCR|FLT3|JAK2	0.12uM	A375	24h	LINCSCP_68989
LINCSCP_107446	0.9999857054	0.003403936883	3	AMG 232	LSM-45882	NA	3.33uM	HELA	24h	LINCSCP_107446
LINCSCP_74041	0.9999855865	0.003418065048	3	Donitriptan hydrochloride	LSM-45430	HTR1B|HTR1D|PTGDR2	3.33uM	A375	24h	LINCSCP_74041
LINCSCP_35860	0.9999855484	0.003422580716	3	Teniposide	LSM-1483	TOP2A	0.01uM	MCF7	24h	LINCSCP_35860
LINCSCP_145929	-0.9999854645	0.003432495347	3	Gefitinib	LSM-1098	EGFR	1.11uM	MDAMB231	3h	LINCSCP_145929
LINCSCP_14506	0.9999853846	0.00344191823	3	Triamcinolone	LSM-3736	NR3C1	10uM	HA1E	24h	LINCSCP_14506
LINCSCP_21644	-0.9999853655	0.003444172809	3	KU0060648	LSM-4935	PIK3CA|PIK3CB|PIK3CD|PRKDC	10uM	HEPG2	6h	LINCSCP_21644
LINCSCP_199261	0.9999853052	0.003451261204	3	BRD-K25298364	LSM-38651	NA	5uM	A549	24h	LINCSCP_199261
LINCSCP_61346	0.9999852988	0.00345201338	3	BRD-K44579616	LSM-11141	NA	5uM	VCAP	6h	LINCSCP_61346
LINCSCP_125915	-0.9999852915	0.003452864623	3	Quetiapine	LSM-3543	DRD1|DRD2|HRH1|HTR1A|HTR1D|HTR1E|HTR2A|HTR2C	3.33uM	HT29	24h	LINCSCP_125915
LINCSCP_54137	0.9999852565	0.003456973255	3	Parbendazole	LSM-4893	TUBB	0.5uM	SW620	6h	LINCSCP_54137
LINCSCP_207357	0.9999851618	0.003468053189	3	WAY-100,635	LSM-37173	HTR1A	10uM	FIBRNPC	6h	LINCSCP_207357
LINCSCP_38517	0.9999851348	0.003471213595	3	Raloxifene	LSM-3425	ESR1|ESR2	0.04uM	MCF7	24h	LINCSCP_38517
LINCSCP_136619	-0.9999850003	0.00348687458	3	Ifenprodil	LSM-4369	GRIN1|GRIN2B	0.12uM	MCF7	24h	LINCSCP_136619
LINCSCP_4342	0.9999849584	0.003491744847	3	Clebopride	LSM-2375	DRD2	10uM	A549	6h	LINCSCP_4342
LINCSCP_150154	0.9999849106	0.00349728547	3	Ischemin	LSM-6336	NA	3.33uM	NPC.TAK	24h	LINCSCP_150154
LINCSCP_16526	0.9999849008	0.003498421534	3	SEW00445	LSM-4699	NA	10uM	HA1E	6h	LINCSCP_16526
LINCSCP_101472	-0.9999848847	0.003500286004	3	ASC-J9	LSM-45642	NA	3.33uM	HELA	24h	LINCSCP_101472
LINCSCP_27131	0.9999848188	0.003507917367	3	Oxybenzone	LSM-3309	NA	10uM	HT29	6h	LINCSCP_27131
LINCSCP_150459	-0.9999847528	0.003515532884	3	CHIR-265	LSM-1207	BRAF|KDR	10uM	NPC.TAK	24h	LINCSCP_150459
LINCSCP_3876	0.9999847001	0.003521597432	3	Broad-Sai-424	LSM-45346	NA	1.11uM	A375	24h	LINCSCP_3876
LINCSCP_74490	0.9999846755	0.003524430862	3	Emedastine	LSM-5331	HRH1	1.11uM	A375	24h	LINCSCP_74490
LINCSCP_6524	0.9999846741	0.003524594983	3	BL-074	LSM-42714	NA	10uM	A549	24h	LINCSCP_6524
LINCSCP_73891	-0.999984541	0.003539861913	3	Brivanib	LSM-5421	FGFR1|FGFR2|FGFR3|FGFR4|FLT1|FLT4|KDR	3.33uM	A375	24h	LINCSCP_73891
LINCSCP_42253	0.9999845188	0.00354240419	3	CHEMBL2354474	LSM-37873	NA	10uM	NPC	24h	LINCSCP_42253
LINCSCP_262885	-0.9999844952	0.003545102097	3	316173-57-6	LSM-3027	ADORA1|ADORA2A	10uM	NPC	24h	LINCSCP_262885
LINCSCP_142008	-0.99998429	0.003568485521	3	MG-132	LSM-1107	PSMB1	20uM	MCF7	24h	LINCSCP_142008
LINCSCP_11735	0.9999842514	0.003572861321	3	TAK-715	LSM-1060	MAPK14	0.1uM	BT20	24h	LINCSCP_11735
LINCSCP_72013	-0.999984167	0.003582429894	3	Dacarbazine	LSM-5487	NA	1.11uM	A375	24h	LINCSCP_72013
LINCSCP_44373	-0.9999841546	0.003583834354	3	Diflorasone Diacetate	LSM-2380	NR3C1	10uM	PC3	24h	LINCSCP_44373
LINCSCP_264436	0.9999841278	0.003586862751	3	Withaferin A	LSM-6685	IKBKB|NAMPT	0.1uM	PC3	24h	LINCSCP_264436
LINCSCP_131828	-0.9999840931	0.003590777836	3	CHIR-99021	LSM-1181	NA	1.11uM	MCF10A	3h	LINCSCP_131828
LINCSCP_222157	-0.9999840666	0.003593772562	3	2-(2-Bromo-4-methyl-phenylamino)-pyrido[3,2-e][1,3]thiazin-4-one	LSM-45312	NA	1uM	HL60	24h	LINCSCP_222157
LINCSCP_163772	-0.9999840377	0.003597025258	3	EX-8678	LSM-1147	NA	0.04uM	SKBR3	24h	LINCSCP_163772
LINCSCP_111977	-0.9999838931	0.0036132769	3	Bosutinib	LSM-1190	ABL1|BCR|CAMK2G|HCK|LYN|SRC	10uM	HEPG2	24h	LINCSCP_111977
LINCSCP_60796	-0.9999838703	0.003615836799	3	MLS003129485	LSM-8328	NA	5uM	VCAP	24h	LINCSCP_60796
LINCSCP_305133	-0.9999838319	0.003620140213	3	Withaferin A	LSM-6685	IKBKB|NAMPT	10uM	VCAP	24h	LINCSCP_305133
LINCSCP_312246	-0.9999837835	0.003625549089	3	BRD-K95419055	LSM-42443	NA	10uM	VCAP	6h	LINCSCP_312246
LINCSCP_56713	0.9999837462	0.003629721981	3	Liothyronine	LSM-3991	THRA|THRB	10uM	VCAP	24h	LINCSCP_56713
LINCSCP_1922	0.9999837431	0.003630069208	3	Linezolid	LSM-5750	MAOA|MAOB	10uM	A375	6h	LINCSCP_1922
LINCSCP_52412	-0.9999834359	0.00366420928	3	MLS-0435541.0001	LSM-3553	NA	10uM	SKB	24h	LINCSCP_52412
LINCSCP_141971	-0.9999832957	0.00367967842	3	IDOXURIDINE	LSM-45784	NA	10uM	MCF7	24h	LINCSCP_141971
LINCSCP_27829	-0.9999832772	0.003681715189	3	BRD-K99902401	LSM-14567	NA	5uM	HT29	24h	LINCSCP_27829
LINCSCP_180869	-0.9999832239	0.003687574136	3	Edrophonium	LSM-5867	ACHE	10uM	A375	6h	LINCSCP_180869
LINCSCP_56420	0.9999832135	0.003688721998	3	Ethamivan	LSM-2846	NA	10uM	VCAP	24h	LINCSCP_56420
LINCSCP_31725	0.9999831245	0.003698484643	3	CHEMBL1550983	LSM-3129	NA	10uM	MCF7	6h	LINCSCP_31725
LINCSCP_174931	-0.9999830731	0.00370411005	3	Pindolol	LSM-1953	ADRB1|ADRB2|HTR1A	1.11uM	YAPC	24h	LINCSCP_174931
LINCSCP_155960	-0.9999830105	0.003710954827	3	Lorazepam	LSM-4970	GABRA1|GABRA2|GABRA3|GABRA4|GABRA5|GABRA6|GABRB1|GABRB2|GABRB3|GABRD|GABRE|GABRG1|GABRG2|GABRG3|GABRP|GABRQ	3.33uM	PC3	24h	LINCSCP_155960
LINCSCP_42327	-0.999982915	0.003721373328	3	Tandutinib	LSM-5949	FLT3|KIT|PDGFRA|PDGFRB	10uM	NPC	24h	LINCSCP_42327
LINCSCP_20272	-0.999982678	0.003747090344	3	4-Ethoxy-n-[3-(phenylamino)quinoxalin-2-yl]benzenesulfonamide	LSM-4641	NA	10uM	HCC515	6h	LINCSCP_20272
LINCSCP_61172	-0.9999826446	0.003750709952	3	BRD-K87643614	LSM-13802	NA	5uM	VCAP	6h	LINCSCP_61172
LINCSCP_158902	-0.9999825502	0.003760887799	3	Epinephrine HCl	LSM-45900	ADRA1A|ADRA1B|ADRA1D|ADRA2A|ADRA2B|ADRA2C|ADRB1|ADRB2|ADRB3	3.33uM	PC3	24h	LINCSCP_158902
LINCSCP_54538	-0.9999822953	0.003788266773	3	VER 155008	LSM-6239	HSPA1A	10uM	SW948	6h	LINCSCP_54538
LINCSCP_131771	-0.9999822713	0.00379082417	3	Lapatinib	LSM-1051	EGFR|ERBB2	0.04uM	MCF10A	3h	LINCSCP_131771
LINCSCP_17800	0.9999822	0.003798448234	3	DASA-58	LSM-3813	PKM	90uM	HCC15	6h	LINCSCP_17800
LINCSCP_86881	0.9999821783	0.003800758707	3	AZD-1775	LSM-1153	WEE1	0.04uM	CD34	24h	LINCSCP_86881
LINCSCP_37208	0.9999820151	0.003818124466	3	CHEMBL3400874	LSM-42482	NA	1uM	MCF7	6h	LINCSCP_37208
LINCSCP_115352	-0.9999819195	0.003828251601	3	TWS 119	LSM-1111	GSK3B	1.11uM	HS578T	3h	LINCSCP_115352
LINCSCP_39200	-0.9999818424	0.003836413181	3	AS-605240	LSM-42784	PIK3CG	0.5uM	MDAMB231	6h	LINCSCP_39200
LINCSCP_191188	0.999981822	0.003838562677	3	CHEMBL1863653	LSM-6077	NA	10uM	A549	6h	LINCSCP_191188
LINCSCP_111297	-0.9999817724	0.003843792735	3	CGP 60474	LSM-1025	CDK1	1.11uM	HEPG2	24h	LINCSCP_111297
LINCSCP_130776	-0.999981756	0.003845525397	3	Trametinib	LSM-1143	MAP2K1|MAP2K2	3.33uM	MCF10A	24h	LINCSCP_130776
LINCSCP_15847	-0.9999814169	0.003881096438	3	CHEMBL1410859	LSM-2150	NA	10uM	HA1E	6h	LINCSCP_15847
LINCSCP_32020	0.9999813877	0.003884151473	3	BRD-K05562558	LSM-45101	NA	10uM	MCF7	6h	LINCSCP_32020
LINCSCP_20766	-0.9999813639	0.003886630181	3	COL-3	LSM-36908	NA	3uM	HCC515	24h	LINCSCP_20766
LINCSCP_24496	0.9999813109	0.003892152121	3	Tamatinib	LSM-1040	SYK	0.1uM	HS578T	6h	LINCSCP_24496
LINCSCP_169890	0.9999812731	0.003896091562	3	Penfluridol	LSM-2334	NA	10uM	YAPC	24h	LINCSCP_169890
LINCSCP_124556	0.9999811761	0.003906169325	3	Flavoxate	LSM-3050	PDE4A|PDE4B|PDE4C|PDE4D|PDE7A|PDE7B|PDE8A|PDE8B	0.37uM	HT29	24h	LINCSCP_124556
LINCSCP_292613	-0.9999810648	0.003917697627	3	MLS003530000	LSM-3286	NA	10uM	VCAP	6h	LINCSCP_292613
LINCSCP_56432	0.9999808157	0.003943383141	3	Proadifen	LSM-3023	NOS1	10uM	VCAP	24h	LINCSCP_56432
LINCSCP_38518	0.9999807144	0.003953774284	3	Raloxifene	LSM-3425	ESR1|ESR2	0.12uM	MCF7	24h	LINCSCP_38518
LINCSCP_170526	-0.9999806626	0.003959089337	3	ABT-333	LSM-45402	NA	10uM	YAPC	24h	LINCSCP_170526
LINCSCP_140933	-0.9999806189	0.003963557406	3	Bruceantin	LSM-45541	NA	10uM	MCF7	24h	LINCSCP_140933
LINCSCP_32257	0.9999806112	0.003964345198	3	BRD-K85694079	LSM-41944	NA	10uM	MCF7	24h	LINCSCP_32257
LINCSCP_87216	-0.9999804941	0.003976296276	3	XMD 8-92	LSM-1094	MAPK7	10uM	CD34	24h	LINCSCP_87216
LINCSCP_5914	0.9999804908	0.003976631969	3	Vinorelbine	LSM-6007	TUBB	10uM	A549	6h	LINCSCP_5914
LINCSCP_134093	0.9999803474	0.00399121763	3	N-(3-Fluoro-4-((7-methoxyquinolin-4-yl)oxy)phenyl)-1-(2-hydroxy-2-methylpropyl)-5-methyl-3-oxo-2-phenyl-2,3-dihydro-1H-pyrazole-4-carboxamide	LSM-1113	NA	1.11uM	MCF7	24h	LINCSCP_134093
LINCSCP_39525	0.9999803373	0.003992251527	3	Foretinib	LSM-1158	FLT1|FLT3|FLT4|KDR|KIT|MET|PDGFRA|PDGFRB|TEK	0.5uM	MDAMB231	6h	LINCSCP_39525
LINCSCP_271289	-0.9999803344	0.003992541659	3	ASN 04482516	LSM-4873	NA	10uM	PC3	6h	LINCSCP_271289
LINCSCP_290660	-0.9999801034	0.004015922787	3	Tebuthiuron	LSM-2761	NA	10uM	VCAP	24h	LINCSCP_290660
LINCSCP_81206	-0.9999800892	0.004017359275	3	TORIN-2	LSM-1080	MTOR	0.12uM	A549	24h	LINCSCP_81206
LINCSCP_3447	-0.9999800849	0.004017792423	3	BRD-K06898795	LSM-37639	NA	5uM	A375	24h	LINCSCP_3447
LINCSCP_260883	-0.9999799743	0.004028933936	3	CHEMBL2360495	LSM-6811	NA	1uM	NKDBA	24h	LINCSCP_260883
LINCSCP_209054	0.9999799702	0.004029338951	3	Pyrilamine	LSM-4206	HRH1	10uM	HA1E	6h	LINCSCP_209054
LINCSCP_50927	0.9999799595	0.004030416946	3	M3M3FBS	LSM-2196	PLCB2|PLCB3|PLCD1|PLCG1|PLCG2	80uM	RMGI	6h	LINCSCP_50927
LINCSCP_251226	-0.999979852	0.004041218443	3	PF-04217903	LSM-1166	MET	0.01uM	MCF7	6h	LINCSCP_251226
LINCSCP_16152	0.9999797817	0.004048261689	3	Rimcazole	LSM-5777	SIGMAR1	10uM	HA1E	6h	LINCSCP_16152
LINCSCP_92193	0.9999795263	0.004073743192	3	Nefazodone	LSM-4031	HTR2A|HTR2C|SLC6A2|SLC6A4	0.04uM	HA1E	24h	LINCSCP_92193
LINCSCP_252292	-0.9999793077	0.004095437605	3	SA-427730	LSM-40726	NA	3uM	MCF7	24h	LINCSCP_252292
LINCSCP_26586	-0.9999792936	0.004096829377	3	BRD-A84327315-001-01-1	LSM-43157	VDR	10uM	HT29	6h	LINCSCP_26586
LINCSCP_52223	0.999979254	0.00410075231	3	CHEMBL2360967	LSM-36663	NA	10uM	SKB	24h	LINCSCP_52223
LINCSCP_51019	-0.9999792267	0.004103441585	3	32703-82-5	LSM-4897	KIF11	40uM	RMGI	6h	LINCSCP_51019
LINCSCP_48485	0.9999790662	0.004119267691	3	BRD-K05778745	LSM-37583	NA	10uM	PC3	24h	LINCSCP_48485
LINCSCP_168702	-0.9999790561	0.004120260738	3	XL335	LSM-45859	NR1H4	0.04uM	YAPC	24h	LINCSCP_168702
LINCSCP_87309	-0.9999789785	0.004127882767	3	Ponatinib	LSM-1151	ABL1|BCR|FGFR1|FGFR2|FGFR3|FGFR4|FLT3|KIT|RET|TEK	0.37uM	CD34	24h	LINCSCP_87309
LINCSCP_100333	0.9999789543	0.004130258642	3	FR-180204	LSM-42790	MAPK1|MAPK3	0.37uM	HCC515	24h	LINCSCP_100333
LINCSCP_15525	0.9999788711	0.00413841322	3	Parbendazole	LSM-4893	TUBB	0.5uM	HA1E	6h	LINCSCP_15525
LINCSCP_107562	-0.9999788637	0.004139142561	3	AC1NSZSY	LSM-1728	CYP17A1|NR3C2|PGR	10uM	HELA	24h	LINCSCP_107562
LINCSCP_141419	-0.9999787855	0.004146787795	3	Pilocarpine	LSM-5909	CHRM1|CHRM2|CHRM3	10uM	MCF7	24h	LINCSCP_141419
LINCSCP_30435	-0.9999786905	0.004156063173	3	IN1541	LSM-4460	PRKAA1	10uM	MCF7	24h	LINCSCP_30435
LINCSCP_109366	-0.9999786762	0.004157459437	3	SPECTRUM_000011	LSM-1767	NA	3.33uM	HELA	24h	LINCSCP_109366
LINCSCP_27513	-0.9999784645	0.004178043212	3	BRD-K39799535	LSM-10851	NA	5uM	HT29	24h	LINCSCP_27513
LINCSCP_202433	0.9999784617	0.004178322637	3	Raloxifene	LSM-3425	ESR1|ESR2	10uM	A549	24h	LINCSCP_202433
LINCSCP_140225	-0.999978448	0.004179646514	3	3-(4-Pyridyl)indole	LSM-4569	ROCK1	10uM	MCF7	24h	LINCSCP_140225
LINCSCP_36900	0.999978274	0.004196485536	3	AZD-8330	LSM-1165	MAP2K1|MAP2K2	0.1uM	MCF7	6h	LINCSCP_36900
LINCSCP_130485	0.9999782445	0.004199330584	3	Mitoxantrone	LSM-2481	TOP2A	0.37uM	MCF10A	24h	LINCSCP_130485
LINCSCP_34633	0.9999782403	0.004199735434	3	Isocarboxazid	LSM-4101	MAOA|MAOB	10uM	MCF7	6h	LINCSCP_34633
LINCSCP_54776	0.9999782384	0.004199924734	3	Enzalutamide	LSM-6254	AR	0.1uM	T3M10	6h	LINCSCP_54776
LINCSCP_243641	-0.9999781978	0.004203839837	3	Quinacrine	LSM-1577	TP53	10uM	MCF7	6h	LINCSCP_243641
LINCSCP_152462	-0.9999781731	0.004206215457	3	Regorafenib	LSM-1226	ABL1|BRAF|DDR2|FGFR1|FGFR2|FLT1|FLT4|FRK|KDR|KIT|MAPK11|PDGFRA|PDGFRB|RAF1|RET|TEK	3.33uM	PC3	24h	LINCSCP_152462
LINCSCP_2984	-0.9999781069	0.004212594179	3	BRD-K50204028	LSM-40053	NA	10uM	A375	6h	LINCSCP_2984
LINCSCP_96001	-0.9999780507	0.004217999829	3	CHEMBL2136735	LSM-1152	FGFR1|FGFR3|FLT1|FLT4|KDR|PDGFRA|PDGFRB	10uM	HA1E	24h	LINCSCP_96001
LINCSCP_7980	-0.999978007	0.004222197729	3	BRD-K57786095	LSM-6622	NA	10uM	A549	6h	LINCSCP_7980
LINCSCP_192109	-0.9999779553	0.004227154724	3	Tolmetin	LSM-3852	PTGS1|PTGS2	10uM	A549	6h	LINCSCP_192109
LINCSCP_137221	0.9999779352	0.004229084199	3	GSK-923295	LSM-45692	NA	3.33uM	MCF7	24h	LINCSCP_137221
LINCSCP_63704	0.9999779155	0.004230969287	3	BRD-K50120786	LSM-11476	NA	5uM	VCAP	24h	LINCSCP_63704
LINCSCP_16216	0.9999777092	0.004250683291	3	Enalaprilat	LSM-6026	ACE	10uM	HA1E	6h	LINCSCP_16216
LINCSCP_92092	0.9999776444	0.004256860232	3	Isoniazid	LSM-46042	CYP1A2|CYP2C19|CYP2C8|CYP2E1|CYP3A4	10uM	HA1E	24h	LINCSCP_92092
LINCSCP_88483	0.9999775873	0.004262291859	3	BMS-777607	LSM-1144	AXL|MERTK|MET|MST1R|TYRO3	0.12uM	HA1E	24h	LINCSCP_88483
LINCSCP_11410	-0.9999775813	0.004262862814	3	Abexinostat	LSM-2269	HDAC1|HDAC10|HDAC2|HDAC3|HDAC6	10uM	ASC	24h	LINCSCP_11410
LINCSCP_194112	-0.9999775134	0.00426931198	3	SMR000651464	LSM-2818	NA	10uM	A549	6h	LINCSCP_194112
LINCSCP_148632	0.9999774013	0.004279938845	3	HG-9-91-01	LSM-6343	NA	10uM	NPC	24h	LINCSCP_148632
LINCSCP_34442	-0.9999772992	0.004289601783	3	Methixene	LSM-1467	CHRM1|CHRM5|HTR2C	10uM	MCF7	24h	LINCSCP_34442
LINCSCP_139980	-0.9999772121	0.004297822106	3	R547	LSM-45812	NA	3.33uM	MCF7	24h	LINCSCP_139980
LINCSCP_132319	0.9999771523	0.004303457541	3	LDN 193189	LSM-1115	ACVR1|BMPR1A	3.33uM	MCF7	3h	LINCSCP_132319
LINCSCP_23553	0.9999771521	0.004303475967	3	AC1MJFJP	LSM-36616	NA	3uM	HEPG2	6h	LINCSCP_23553
LINCSCP_94240	-0.9999771222	0.004306287973	3	AZD-8330	LSM-1165	MAP2K1|MAP2K2	0.04uM	HA1E	24h	LINCSCP_94240
LINCSCP_14170	-0.9999769731	0.004320301061	3	Coumestrol	LSM-4202	ESR1|ESR2	10uM	HA1E	24h	LINCSCP_14170
LINCSCP_31288	0.9999769118	0.004326049243	3	MLS003429134	LSM-43021	NA	10uM	MCF7	6h	LINCSCP_31288
LINCSCP_86668	0.9999768329	0.004333433464	3	PCI-32765	LSM-1129	BTK	1.11uM	CD34	24h	LINCSCP_86668
LINCSCP_139663	0.9999768047	0.004336063377	3	Tiapride	LSM-5676	DRD2|DRD3	3.33uM	MCF7	24h	LINCSCP_139663
LINCSCP_206619	0.9999766323	0.00435214846	3	6-(7-Hydroxy-6,7-dihydro-5H-pyrrolo[1,2-c]imidazol-7-yl)-n-methyl-2-naphthamide	LSM-6184	CYP17A1	40uM	EFO27	6h	LINCSCP_206619
LINCSCP_61553	-0.9999765552	0.004359325765	3	BRD-K11031937	LSM-9101	NA	5uM	VCAP	24h	LINCSCP_61553
LINCSCP_31843	-0.9999763587	0.004377554084	3	SCHEMBL15422014	LSM-44566	NA	10uM	MCF7	24h	LINCSCP_31843
LINCSCP_100782	0.9999762985	0.004383123559	3	XMD 8-92	LSM-1094	MAPK7	1.11uM	HCC515	24h	LINCSCP_100782
LINCSCP_20002	0.9999761865	0.004393473902	3	MLS-0002494.0001	LSM-2762	NA	10uM	HCC515	6h	LINCSCP_20002
LINCSCP_41632	0.9999761644	0.004395503122	3	BRD-K07125273	LSM-8848	NA	10uM	NKDBA	24h	LINCSCP_41632
LINCSCP_188847	-0.9999760797	0.004403314712	3	KUC105998N	LSM-2033	NA	10uM	A549	24h	LINCSCP_188847
LINCSCP_180867	-0.9999760336	0.004407552657	3	Metformin	LSM-4730	GPD2|MT-ND1|ND2|ND3|ND4|ND4L|ND5|ND6|NDUFA1|NDUFA10|NDUFA11|NDUFA12|NDUFA13|NDUFA2|NDUFA3|NDUFA4|NDUFA4L2|NDUFA5|NDUFA6|NDUFA7|NDUFA8|NDUFA9|NDUFAB1|NDUFAF1|NDUFAF2|NDUFAF3|NDUFAF4|NDUFB1|NDUFB10|NDUFB11|NDUFB2|NDUFB3|NDUFB4|NDUFB5|NDUFB6|NDUFB7|NDUFB8|NDUFB9|NDUFC1|NDUFC2|NDUFS1|NDUFS2|NDUFS3|NDUFS4|NDUFS5|NDUFS6|NDUFS7|NDUFS8|NDUFV1|NDUFV2|NDUFV3	10uM	A375	6h	LINCSCP_180867
LINCSCP_159799	-0.9999758812	0.004421541878	3	Cefozopran (hydrochloride)	LSM-45260	NA	0.04uM	PC3	24h	LINCSCP_159799
LINCSCP_31062	0.9999757502	0.004433533136	3	MLS-0311344.0001	LSM-2815	NA	10uM	MCF7	6h	LINCSCP_31062
LINCSCP_138261	0.9999757169	0.004436576645	3	DOCETAXEL	LSM-45649	NA	0.37uM	MCF7	24h	LINCSCP_138261
LINCSCP_38055	-0.9999756995	0.004438165392	3	BRD-K42677417	LSM-11018	NA	10uM	MCF7	6h	LINCSCP_38055
LINCSCP_40003	0.9999756143	0.004445940316	3	Perhexiline	LSM-4353	CPT1A|CPT2	10uM	NCIH2073	6h	LINCSCP_40003
LINCSCP_145927	-0.9999755517	0.004451641334	3	Gefitinib	LSM-1098	EGFR	10uM	MDAMB231	3h	LINCSCP_145927
LINCSCP_65028	-0.9999754871	0.004457516552	3	Camptothecin	LSM-4611	TOP1	10uM	VCAP	6h	LINCSCP_65028
LINCSCP_108702	-0.9999754869	0.004457536675	3	Decitabine	LSM-5855	DNMT1|DNMT3A	3.33uM	HELA	24h	LINCSCP_108702
LINCSCP_42299	-0.9999754597	0.004460007549	3	Tozasertib	LSM-1021	ABL1|AURKA|AURKB|AURKC|BCR|FLT3|JAK2	10uM	NPC	24h	LINCSCP_42299
LINCSCP_48777	0.9999753895	0.004466384094	3	BRD-K44660322	LSM-39741	NA	10uM	PC3	24h	LINCSCP_48777
LINCSCP_59076	0.9999753155	0.004473097417	3	CHEMBL2333339	LSM-4809	NA	10uM	VCAP	6h	LINCSCP_59076
LINCSCP_72563	-0.9999752912	0.00447529685	3	Otenabant	LSM-45969	CNR1	0.37uM	A375	24h	LINCSCP_72563
LINCSCP_165082	-0.9999751842	0.00448497418	3	Rigosertib	LSM-44531	CDK1|F2R|FLT1|FYN|PDGFRA|PLK1|PLK2|SRC	0.12uM	SKL.C	24h	LINCSCP_165082
LINCSCP_16316	0.9999751421	0.004488782164	3	BAS 06982646	LSM-4645	NA	10uM	HA1E	6h	LINCSCP_16316
LINCSCP_47225	0.9999751261	0.004490226741	3	CHEMBL2140299	LSM-36699	NA	10uM	PC3	6h	LINCSCP_47225
LINCSCP_27698	-0.9999750302	0.004498867841	3	BRD-K61484514	LSM-12154	NA	5uM	HT29	24h	LINCSCP_27698
LINCSCP_51530	0.9999750017	0.004501438439	3	Sirolimus	LSM-42783	FKBP1A|MTOR	0.1uM	SKBR3	6h	LINCSCP_51530
LINCSCP_21324	-0.9999749949	0.00450205047	3	Narciclasine	LSM-4934	RHOA	10uM	HEC108	6h	LINCSCP_21324
LINCSCP_25452	0.9999749473	0.004506335742	3	QS-11	LSM-5212	ARFGAP1	10uM	HT29	24h	LINCSCP_25452
LINCSCP_117518	0.9999747458	0.004524419077	3	BRD-A01645196	LSM-42745	NA	0.37uM	HT29	24h	LINCSCP_117518
LINCSCP_55030	-0.9999747287	0.004525951637	3	N-[4-(1-Benzoylpiperidin-4-yl)butyl]-3-pyridin-3-ylpropanamide	LSM-6279	NA	0.5uM	THP1	6h	LINCSCP_55030
LINCSCP_9245	-0.9999747161	0.004527078839	3	Withaferin A	LSM-6685	IKBKB|NAMPT	0.001uM	A549	24h	LINCSCP_9245
LINCSCP_11938	-0.9999745829	0.004538990041	3	A-443654	LSM-1045	AKT1|AKT2	0.1uM	BT20	6h	LINCSCP_11938
LINCSCP_65058	-0.9999745639	0.004540683861	3	Meractinomycin	LSM-42703	NA	0.5uM	VCAP	6h	LINCSCP_65058
LINCSCP_14043	-0.9999745466	0.00454223199	3	T091317	LSM-2509	NR1H2|NR1H3	10uM	HA1E	24h	LINCSCP_14043
LINCSCP_14961	-0.9999744996	0.004546421939	3	AC1NWAML	LSM-1325	NR3C1	10uM	HA1E	24h	LINCSCP_14961
LINCSCP_234947	-0.9999744596	0.004549985005	3	QL47	LSM-6019	BMX|BTK	0.5uM	MCF10A	24h	LINCSCP_234947
LINCSCP_98256	-0.9999744484	0.004550977912	3	Albendazole	LSM-3782	NA	0.12uM	HA1E	24h	LINCSCP_98256
LINCSCP_19914	0.9999743431	0.004560346603	3	(3-Chlorophenyl)[4-(7-chloroquinolin-4-yl)piperazin-1-yl]methanone	LSM-3413	NA	10uM	HCC515	6h	LINCSCP_19914
LINCSCP_24260	-0.9999743204	0.004562362534	3	CP466722	LSM-1009	ATM	10uM	HS578T	24h	LINCSCP_24260
LINCSCP_34760	0.999974317	0.00456266711	3	BRD-K25436320	LSM-38659	NA	5uM	MCF7	24h	LINCSCP_34760
LINCSCP_126166	-0.9999742646	0.004567320176	3	SPECTRUM_000011	LSM-1767	NA	10uM	HT29	24h	LINCSCP_126166
LINCSCP_104644	-0.9999742376	0.004569719859	3	Emedastine	LSM-5331	HRH1	0.04uM	HELA	24h	LINCSCP_104644
LINCSCP_111419	0.9999742223	0.004571072332	3	PIK-93	LSM-1191	NA	0.12uM	HEPG2	24h	LINCSCP_111419
LINCSCP_279481	-0.9999741825	0.004574603854	3	BRD-K47724214	LSM-15141	NA	10uM	PC3	6h	LINCSCP_279481
LINCSCP_18368	-0.9999741026	0.004581670954	3	2-Bromo-.alpha.-ergocryptine	LSM-1746	ADRA2A|ADRA2B|ADRA2C|DRD1|DRD2|DRD3|DRD4|DRD5|HTR1A|HTR1B|HTR1D|HTR2A|HTR2B|HTR2C	10uM	HCC515	6h	LINCSCP_18368
LINCSCP_41042	-0.9999740634	0.004585143305	3	BRD-K23985857	LSM-14765	NA	10uM	NEU	24h	LINCSCP_41042
LINCSCP_121154	-0.9999740096	0.004589893027	3	Taranabant	LSM-45803	CNR1	0.37uM	HT29	24h	LINCSCP_121154
LINCSCP_94954	-0.9999739584	0.004594409606	3	Manumycin-A	LSM-43075	FNTA|IKBKB	10uM	HA1E	24h	LINCSCP_94954
LINCSCP_303253	0.9999739557	0.004594650473	3	BRD-K15650895	LSM-9364	NA	5uM	VCAP	6h	LINCSCP_303253
LINCSCP_114538	-0.9999738245	0.00460620557	3	Dabrafenib	LSM-6303	BRAF	0.37uM	HME1	24h	LINCSCP_114538
LINCSCP_14396	-0.9999738135	0.004607178914	3	NNC 26-9100	LSM-2163	GBA|SSTR4	10uM	HA1E	24h	LINCSCP_14396
LINCSCP_42358	-0.9999737154	0.004615797484	3	BRD-A59145032	LSM-36421	NA	10uM	NPC	24h	LINCSCP_42358
LINCSCP_12443	0.9999736953	0.004617557867	3	MRE-269	LSM-45331	PTGIR	1uM	CD34	6h	LINCSCP_12443
LINCSCP_35070	-0.999973392	0.004644110939	3	BRD-K22862802	LSM-38510	NA	5uM	MCF7	24h	LINCSCP_35070
LINCSCP_57590	0.9999733855	0.004644677585	3	Triazolothiadiazine, 22	LSM-4131	NA	10uM	VCAP	24h	LINCSCP_57590
LINCSCP_79643	0.9999731595	0.004664355156	3	Isradipine	LSM-1897	CACNA1C|CACNA1D|CACNA1F|CACNA1S|CACNA2D1	10uM	A375	24h	LINCSCP_79643
LINCSCP_25009	0.9999731458	0.004665543618	3	4,11-Diethyl-4,9-dihydroxy-1H-pyrano[3',4':6,7]indolizino[1,2-b]quinoline-3,14(4H,12H)-dione	LSM-6189	TOP1	0.5uM	HT115	6h	LINCSCP_25009
LINCSCP_115720	0.9999731181	0.004667945606	3	Lapatinib	LSM-1051	EGFR|ERBB2	10uM	HS578T	24h	LINCSCP_115720
LINCSCP_17655	0.9999730277	0.00467578814	3	(S)-(-)-BAY K 8644	LSM-4545	CACNA1C	10uM	HCC15	6h	LINCSCP_17655
LINCSCP_5230	0.9999729306	0.004684201506	3	MLS003429132	LSM-42893	NA	10uM	A549	6h	LINCSCP_5230
LINCSCP_289318	-0.9999729274	0.004684479633	3	N6-Methyladenosine	LSM-3835	NA	10uM	VCAP	24h	LINCSCP_289318
LINCSCP_34506	-0.9999729007	0.004686788502	3	Chicago Sky Blue	LSM-5668	MIF	10uM	MCF7	24h	LINCSCP_34506
LINCSCP_30215	-0.999972788	0.004696518154	3	Epicatechin Gallate	LSM-3115	FASN	10uM	MCF7	6h	LINCSCP_30215
LINCSCP_1050	-0.9999726917	0.004704826569	3	Tosedostat	LSM-6286	ANPEP|C9orf3|DNPEP|ENPEP|ERAP1|ERAP2|LAP3|LNPEP|LVRN|METAP1|METAP1D|METAP2|NPEPL1|NPEPPS|RNPEP|RNPEPL1|XPNPEP1|XPNPEP2|XPNPEP3	80uM	A375	6h	LINCSCP_1050
LINCSCP_32120	0.9999726464	0.004708727081	3	SUGA1_010488	LSM-36644	NA	10uM	MCF7	24h	LINCSCP_32120
LINCSCP_75410	0.9999725675	0.004715512789	3	Vinburnine	LSM-2891	NA	6.79uM	A375	24h	LINCSCP_75410
LINCSCP_272093	0.9999724862	0.00472249803	3	Cefoxitin	LSM-5786	NA	10uM	PC3	24h	LINCSCP_272093
LINCSCP_61735	-0.9999724529	0.004725348836	3	BRD-K07727895	LSM-8894	NA	5uM	VCAP	24h	LINCSCP_61735
LINCSCP_32076	-0.9999723944	0.004730364616	3	NSC403917	LSM-4816	NA	10uM	MCF7	6h	LINCSCP_32076
LINCSCP_5350	0.9999723468	0.004734439704	3	BRD-U88878891	LSM-42709	NA	10uM	A549	6h	LINCSCP_5350
LINCSCP_20464	-0.9999723229	0.004736485279	3	Palbociclib	LSM-1071	CCND1|CDK4|CDK6	10uM	HCC515	6h	LINCSCP_20464
LINCSCP_51249	-0.9999722909	0.004739226319	3	MLS000038106	LSM-4068	NA	10uM	RMUGS	6h	LINCSCP_51249
LINCSCP_197406	-0.999972096	0.004755866917	3	BRD-K97194666	LSM-14402	NA	5uM	A549	24h	LINCSCP_197406
LINCSCP_167937	0.9999720495	0.004759820453	3	Dabrafenib	LSM-6303	BRAF	3.33uM	YAPC	24h	LINCSCP_167937
LINCSCP_33260	-0.999971977	0.004765992991	3	Fusaric acid	LSM-3944	DBH	10uM	MCF7	6h	LINCSCP_33260
LINCSCP_103078	0.9999719549	0.004767871858	3	BRD-A31180007	LSM-45646	NA	0.37uM	HELA	24h	LINCSCP_103078
LINCSCP_59523	-0.9999719053	0.004772083579	3	Iodoacetic acid	LSM-5944	NA	10uM	VCAP	24h	LINCSCP_59523
LINCSCP_164416	-0.9999717184	0.004787935575	3	HG-9-91-01	LSM-6343	NA	10uM	SKL.C	24h	LINCSCP_164416
LINCSCP_296288	-0.9999716882	0.004790490623	3	Bonuten	LSM-5558	ACE	10uM	VCAP	6h	LINCSCP_296288
LINCSCP_90734	-0.9999715679	0.004800659199	3	Ergothioneine	LSM-45829	NA	10uM	HA1E	24h	LINCSCP_90734
LINCSCP_165436	-0.999971304	0.004822881439	3	Masitinib	LSM-1130	FGFR3|KIT|LYN|PDGFRA|PDGFRB	10uM	SKL	24h	LINCSCP_165436
LINCSCP_65821	-0.9999712251	0.004829513209	3	CHEMBL2358397	LSM-39554	NA	10uM	VCAP	6h	LINCSCP_65821
LINCSCP_115802	-0.9999712201	0.004829928912	3	Alvocidib	LSM-1011	CDK1|CDK2|CDK4|CDK5|CDK6|CDK7|CDK8|CDK9|EGFR|PYGM	0.12uM	HS578T	3h	LINCSCP_115802
LINCSCP_131729	0.9999711216	0.004838191868	3	SCHEMBL1564574	LSM-1006	CHEK1|CHEK2	0.04uM	MCF10A	3h	LINCSCP_131729
LINCSCP_100393	-0.9999710407	0.004844958154	3	BS-181	LSM-6305	NA	0.37uM	HCC515	24h	LINCSCP_100393
LINCSCP_60619	-0.9999710102	0.004847509909	3	BRD-K75990826	LSM-7832	NA	5uM	VCAP	24h	LINCSCP_60619
LINCSCP_27424	0.9999708302	0.004862537705	3	BRD-K74046820	LSM-14920	NA	5uM	HT29	24h	LINCSCP_27424
LINCSCP_79022	0.99997081	0.004864218473	3	Volasertib (BI 6727)	LSM-45277	PLK1	3.33uM	A375	24h	LINCSCP_79022
LINCSCP_15126	-0.9999707601	0.004868378519	3	Mitoxantrone	LSM-2481	TOP2A	10uM	HA1E	6h	LINCSCP_15126
LINCSCP_17060	-0.9999707362	0.004870368099	3	Kepone	LSM-36918	NA	20uM	HA1E	6h	LINCSCP_17060
LINCSCP_256552	0.9999707352	0.004870451868	3	2-Fluoropalmitic acid	LSM-6199	ACSL1	40uM	NCIH1694	6h	LINCSCP_256552
LINCSCP_115303	0.9999707221	0.004871539759	3	PLX-4720	LSM-1049	BRAF	3.33uM	HS578T	3h	LINCSCP_115303
LINCSCP_174924	-0.9999707093	0.004872601581	3	Sirolimus	LSM-42783	FKBP1A|MTOR	3.33uM	YAPC	24h	LINCSCP_174924
LINCSCP_1527	0.9999706451	0.00487793811	3	AC1OA39F	LSM-2537	NA	10uM	A375	6h	LINCSCP_1527
LINCSCP_133580	0.9999704625	0.00489308878	3	BS-181	LSM-6305	NA	3.33uM	MCF7	24h	LINCSCP_133580
LINCSCP_37920	-0.9999704439	0.004894625245	3	CHEMBL2132507	LSM-39941	NA	10uM	MCF7	24h	LINCSCP_37920
LINCSCP_64648	-0.999970109	0.004922282031	3	BRD-K36451640	LSM-39264	NA	10uM	VCAP	24h	LINCSCP_64648
LINCSCP_74001	-0.9999700148	0.004930030462	3	TAK-733	LSM-45834	MAP2K1|MAP2K2	0.37uM	A375	24h	LINCSCP_74001
LINCSCP_9650	-0.9999697848	0.004948900915	3	CYTO7H11	LSM-4351	BAX	0.01uM	A549	24h	LINCSCP_9650
LINCSCP_56623	-0.9999695637	0.004966973092	3	Iocetamic acid	LSM-1498	NA	10uM	VCAP	24h	LINCSCP_56623
LINCSCP_113093	-0.9999695616	0.004967146198	3	BRD-A24396574-001-01-5	LSM-5006	NA	3.33uM	HME1	24h	LINCSCP_113093
LINCSCP_235185	-0.9999695261	0.004970044186	3	Linsitinib	LSM-1135	IGF1R|INSR	0.5uM	MCF10A	24h	LINCSCP_235185
LINCSCP_44086	-0.9999695073	0.004971576164	3	Hemado	LSM-1233	ADORA3	10uM	PC3	6h	LINCSCP_44086
LINCSCP_106334	0.9999692808	0.004990006992	3	Mebendazole	LSM-3749	NA	10uM	HELA	24h	LINCSCP_106334
LINCSCP_65265	-0.9999692503	0.004992484853	3	BRD-K34174785	LSM-39137	NA	10uM	VCAP	24h	LINCSCP_65265
LINCSCP_108799	-0.9999690627	0.005007687343	3	Erlotinib	LSM-1097	EGFR	1.11uM	HELA	24h	LINCSCP_108799
LINCSCP_15538	-0.9999689349	0.005018025749	3	Arachidonyl Trifluoromethylketone	LSM-43275	PLA2G4A	80uM	HA1E	6h	LINCSCP_15538
LINCSCP_66849	0.9999688493	0.005024931209	3	13-Hydroxy-8,14,19-trimethoxy-4,10,12,16-tetramethyl-3,20,22-trioxo-2-azabicyclo[16.3.1]docosa-1(21),4,6,10,18-pentaen-9-yl carbamate	LSM-42815	HSP90AA1	10uM	HA1E	6h	LINCSCP_66849
LINCSCP_40292	0.9999688158	0.005027632368	3	Tyrphostin AG-112	LSM-43079	NA	10uM	NCIH596	6h	LINCSCP_40292
LINCSCP_31104	0.9999687007	0.005036899945	3	OPREA1_214521	LSM-1357	NA	10uM	MCF7	24h	LINCSCP_31104
LINCSCP_171335	-0.9999686909	0.00503768762	3	Triclosan	LSM-2929	DNMT1	1.11uM	YAPC	24h	LINCSCP_171335
LINCSCP_36506	-0.9999684834	0.005054358783	3	Palbociclib	LSM-1071	CCND1|CDK4|CDK6	10uM	MCF7	24h	LINCSCP_36506
LINCSCP_114712	-0.9999684329	0.005058407042	3	WHI-P97	LSM-1033	JAK3	0.37uM	HME1	24h	LINCSCP_114712
LINCSCP_78658	0.9999684164	0.005059724031	3	BAY 87-2243	LSM-45786	NA	10uM	A375	24h	LINCSCP_78658
LINCSCP_29661	-0.9999684137	0.005059945887	3	PF-562271	LSM-1072	PTK2|PTK2B	10uM	MCF10A	24h	LINCSCP_29661
LINCSCP_254627	-0.9999683176	0.005067636365	3	SCHEMBL17497626	LSM-44605	NA	3uM	MCF7	24h	LINCSCP_254627
LINCSCP_59128	-0.9999682769	0.00507089204	3	CAY10585	LSM-5939	HIF1A	10uM	VCAP	6h	LINCSCP_59128
LINCSCP_136643	-0.99996823	0.005074635039	3	Amineptine	LSM-45457	NA	0.12uM	MCF7	24h	LINCSCP_136643
LINCSCP_116709	0.9999681618	0.005080078397	3	BRD-K01425431	NA	NA	10uM	HT29	24h	LINCSCP_116709
LINCSCP_83918	-0.9999681259	0.005082939591	3	GSK-2334470	LSM-1222	PDK1|PDPK1	0.12uM	ASC.C	24h	LINCSCP_83918
LINCSCP_42470	-0.9999679149	0.005099738878	3	Cediranib	LSM-5926	FLT1|FLT4|KDR|KIT|PDGFRA|PDGFRB	10uM	NPC	24h	LINCSCP_42470
LINCSCP_142141	0.9999678467	0.005105152698	3	PF-03814735	LSM-45437	NA	1.11uM	MCF7	24h	LINCSCP_142141
LINCSCP_15030	-0.9999678025	0.005108663401	3	Rhodomyrtoxin	LSM-2289	NA	10uM	HA1E	24h	LINCSCP_15030
LINCSCP_142569	0.9999677459	0.005113150352	3	Atorvastatin	LSM-5771	DPP4|HMGCR	0.12uM	MCF7	24h	LINCSCP_142569
LINCSCP_89407	-0.9999676926	0.005117376223	3	PD153035 (Hydrochloride)	LSM-45421	NA	1.11uM	HA1E	24h	LINCSCP_89407
LINCSCP_25943	0.9999676523	0.005120568557	3	F2704-0009	LSM-3237	NA	10uM	HT29	24h	LINCSCP_25943
LINCSCP_10235	0.9999675709	0.005127003495	3	179324-69-7	LSM-6281	ADRM1|PSMA1|PSMA2|PSMA3|PSMA4|PSMA5|PSMA6|PSMA7|PSMA8|PSMB1|PSMB10|PSMB11|PSMB2|PSMB3|PSMB4|PSMB5|PSMB6|PSMB7|PSMB8|PSMB9|PSMC1|PSMC2|PSMC3|PSMC4|PSMC5|PSMC6|PSMD1|PSMD11|PSMD12|PSMD13|PSMD14|PSMD2|PSMD3|PSMD4|PSMD6|PSMD7|PSMD8|SEM1	1uM	A549	6h	LINCSCP_10235
LINCSCP_13701	0.9999675547	0.005128282504	3	Papp	LSM-2302	HTR1A|HTR1D	10uM	HA1E	24h	LINCSCP_13701
LINCSCP_124640	-0.9999675474	0.005128863621	3	Donepezil	LSM-1598	ACHE	0.37uM	HT29	24h	LINCSCP_124640
LINCSCP_29227	-0.9999674781	0.005134337603	3	MW-SHH-54	LSM-44602	NA	0.5uM	JURKAT	6h	LINCSCP_29227
LINCSCP_13143	0.9999673896	0.005141316592	3	Rotenone	LSM-5260	MT-ND1	10uM	FIBRNPC	24h	LINCSCP_13143
LINCSCP_198	-0.9999673678	0.005143033349	3	BDBM37535	LSM-1534	NA	10uM	A375	24h	LINCSCP_198
LINCSCP_192191	0.9999673423	0.005145042374	3	N-Desmethylclozapine	LSM-2206	CHRM1|DRD2|DRD3|HTR2A|HTR2C	10uM	A549	24h	LINCSCP_192191
LINCSCP_63303	-0.9999672873	0.005149372243	3	BRD-K74429632	LSM-12986	NA	5uM	VCAP	6h	LINCSCP_63303
LINCSCP_160084	0.9999672398	0.00515311026	3	MLN-8054	LSM-1066	AURKA	1.11uM	PC3	24h	LINCSCP_160084
LINCSCP_56793	0.9999672381	0.005153247111	3	Blebbistatin	LSM-6195	MYH2	40uM	VCAP	24h	LINCSCP_56793
LINCSCP_160595	-0.9999671562	0.005159685435	3	Triptolide (PG490)	LSM-45996	NA	0.37uM	PC3	24h	LINCSCP_160595
LINCSCP_10074	-0.9999670124	0.005170965545	3	E319	LSM-36677	NA	0.41uM	A549	24h	LINCSCP_10074
LINCSCP_30204	-0.9999668571	0.00518312073	3	Niclosamide	LSM-2787	STAT3	10uM	MCF7	6h	LINCSCP_30204
LINCSCP_12451	0.9999667999	0.005187594206	3	Calcitriol	LSM-43088	VDR	0.5uM	CD34	6h	LINCSCP_12451
LINCSCP_152387	-0.9999664711	0.005213220014	3	HMN-214	LSM-42802	CSF1R|FLT1|FLT3|FLT4|KDR|KIT|PDGFRB|RET	0.12uM	PC3	24h	LINCSCP_152387
LINCSCP_20561	-0.9999662678	0.005229001736	3	BRN 1549781	LSM-4461	NA	10uM	HCC515	6h	LINCSCP_20561
LINCSCP_2276	0.9999659058	0.005256983726	3	5,6-Dichlorobenzimidazole riboside	LSM-5138	CSNK2A1	10uM	A375	6h	LINCSCP_2276
LINCSCP_26060	0.9999656351	0.005277814415	3	MLS002264436	LSM-2216	NA	10uM	HT29	6h	LINCSCP_26060
LINCSCP_18260	-0.9999656215	0.0052788561	3	SCH-23390	LSM-3005	DRD1|DRD5|HTR2C	10uM	HCC515	24h	LINCSCP_18260
LINCSCP_194455	-0.9999655911	0.005281186339	3	BRD-K16535949	LSM-14732	NA	5uM	A549	24h	LINCSCP_194455
LINCSCP_151656	0.9999655526	0.005284141593	3	PHA-767491	LSM-6304	NA	3.33uM	PC3	24h	LINCSCP_151656
LINCSCP_309343	0.9999653994	0.005295881612	3	MLS003128874	LSM-9615	NA	5uM	VCAP	24h	LINCSCP_309343
LINCSCP_115846	-0.9999652536	0.005307024469	3	Mitoxantrone	LSM-2481	TOP2A	10uM	HS578T	3h	LINCSCP_115846
LINCSCP_31169	-0.9999650556	0.005322128909	3	Triazolothiadiazine, 23	LSM-3093	NA	10uM	MCF7	24h	LINCSCP_31169
LINCSCP_69261	0.9999649138	0.005332914703	3	Nilotinib	LSM-1099	ABL1|BCR|KIT	10uM	A375	24h	LINCSCP_69261
LINCSCP_169882	0.9999648967	0.005334215932	3	Carfilzomib (PR-171)	LSM-45547	ADRM1|PSMA1|PSMA2|PSMA3|PSMA4|PSMA5|PSMA6|PSMA7|PSMA8|PSMB1|PSMB10|PSMB11|PSMB2|PSMB3|PSMB4|PSMB5|PSMB6|PSMB7|PSMB8|PSMB9|PSMC1|PSMC2|PSMC3|PSMC4|PSMC5|PSMC6|PSMD1|PSMD11|PSMD12|PSMD13|PSMD14|PSMD2|PSMD3|PSMD4|PSMD6|PSMD7|PSMD8|SEM1	0.12uM	YAPC	24h	LINCSCP_169882
LINCSCP_84830	-0.9999648122	0.00534062823	3	Pyrazolanthrone	LSM-1163	MAPK10|MAPK8|MAPK9|TTK	1.11uM	ASC	24h	LINCSCP_84830
LINCSCP_20997	0.9999647915	0.005342203071	3	Raloxifene	LSM-3425	ESR1|ESR2	0.12uM	HCC515	24h	LINCSCP_20997
LINCSCP_55639	-0.9999646787	0.005350752095	3	IKK Inhibitor VII	LSM-2309	IKBKB	10uM	VCAP	24h	LINCSCP_55639
LINCSCP_88361	-0.9999646588	0.005352256456	3	AZ628	LSM-1050	BRAF|RAF1	1.11uM	HA1E	24h	LINCSCP_88361
LINCSCP_58770	-0.9999643702	0.005374069146	3	N,N-Dimethyl-n'-{5-[(2-methyl-4-quinolyl)thio]-1,3,4-thiadiazol-2-yl}iminoformamide	LSM-4930	NA	10uM	VCAP	6h	LINCSCP_58770
LINCSCP_271189	0.9999641875	0.005387825543	3	Glycodeoxycholate	LSM-5760	NA	10uM	PC3	24h	LINCSCP_271189
LINCSCP_73832	-0.9999641734	0.005388890152	3	Pimasertib	LSM-5946	MAP2K1|MAP2K2	1.11uM	A375	24h	LINCSCP_73832
LINCSCP_57201	-0.9999639477	0.005405833637	3	79966-13-5	LSM-6665	NA	10uM	VCAP	6h	LINCSCP_57201
LINCSCP_78960	-0.9999639008	0.005409354997	3	Azelastine	LSM-5127	HRH1	0.04uM	A375	24h	LINCSCP_78960
LINCSCP_155385	-0.9999638592	0.005412466445	3	Sepantronium	LSM-5399	BIRC5	10uM	PC3	24h	LINCSCP_155385
LINCSCP_46858	0.9999638341	0.005414345399	3	AC1M08Y6	LSM-4783	NA	10uM	PC3	24h	LINCSCP_46858
LINCSCP_56974	-0.9999638283	0.005414784502	3	Tamoxifen	LSM-42959	ESR1|ESR2	30uM	VCAP	24h	LINCSCP_56974
LINCSCP_115697	0.999963805	0.005416521225	3	THZ-2-98-01	LSM-44946	NA	3.33uM	HS578T	24h	LINCSCP_115697
LINCSCP_2613	-0.9999636393	0.005428908255	3	Vincamine	LSM-2907	NA	10uM	A375	6h	LINCSCP_2613
LINCSCP_68051	-0.9999635536	0.005435306316	3	Trichostatin A, Streptomyces Sp.	LSM-42814	HDAC1|HDAC10|HDAC3|HDAC4|HDAC6|HDAC7|HDAC8	1uM	PC3	24h	LINCSCP_68051
LINCSCP_7874	0.9999635442	0.005436005344	3	BRD-K62719675	LSM-40701	NA	10uM	A549	24h	LINCSCP_7874
LINCSCP_136457	0.9999634291	0.005444575492	3	Castanospermine	LSM-45891	NA	0.12uM	MCF7	24h	LINCSCP_136457
LINCSCP_106471	-0.9999633266	0.005452203251	3	CARGLUMIC ACID	LSM-45453	CPS1	0.04uM	HELA	24h	LINCSCP_106471
LINCSCP_149442	0.9999633251	0.005452317217	3	Olaparib	LSM-1145	PARP1|PARP2|PARP3	0.37uM	NPC	24h	LINCSCP_149442
LINCSCP_293901	0.9999633211	0.005452610576	3	Diphenhydramine	LSM-5581	HRH1	10uM	VCAP	24h	LINCSCP_293901
LINCSCP_180837	-0.9999633111	0.00545335186	3	Cefuroxime	LSM-44947	NA	10uM	A375	6h	LINCSCP_180837
LINCSCP_95743	-0.999963202	0.005461456008	3	Ifosfamide	LSM-5118	CYP2A6|CYP2B6|CYP2C18|CYP2C19|CYP2C8|CYP2C9|CYP3A4|CYP3A5|CYP3A7|PTGS1	0.04uM	HA1E	24h	LINCSCP_95743
LINCSCP_169645	-0.9999629955	0.005476759578	3	Acivicin	LSM-45583	NA	3.73uM	YAPC	24h	LINCSCP_169645
LINCSCP_107255	-0.9999627614	0.005494060079	3	Siguazodan	LSM-1686	PDE3A	1.11uM	HELA	24h	LINCSCP_107255
LINCSCP_53498	-0.9999626971	0.005498796736	3	Sepantronium	LSM-5399	BIRC5	0.5uM	SKMEL28	6h	LINCSCP_53498
LINCSCP_21203	0.999962693	0.005499099714	3	LY 2183240	LSM-2839	FAAH	10uM	HCT116	6h	LINCSCP_21203
LINCSCP_104146	-0.99996268	0.005500060648	3	179324-69-7	LSM-6281	ADRM1|PSMA1|PSMA2|PSMA3|PSMA4|PSMA5|PSMA6|PSMA7|PSMA8|PSMB1|PSMB10|PSMB11|PSMB2|PSMB3|PSMB4|PSMB5|PSMB6|PSMB7|PSMB8|PSMB9|PSMC1|PSMC2|PSMC3|PSMC4|PSMC5|PSMC6|PSMD1|PSMD11|PSMD12|PSMD13|PSMD14|PSMD2|PSMD3|PSMD4|PSMD6|PSMD7|PSMD8|SEM1	20uM	HELA	24h	LINCSCP_104146
LINCSCP_97158	0.9999625865	0.005506947284	3	Semagacestat (LY450139)	LSM-45411	NA	3.33uM	HA1E	24h	LINCSCP_97158
LINCSCP_14595	0.9999625108	0.005512510253	3	GS-39783	LSM-3686	GABBR1	10uM	HA1E	6h	LINCSCP_14595
LINCSCP_23695	-0.9999624615	0.005516136619	3	Mycophenolic acid	LSM-42933	IMPDH1|IMPDH2	3uM	HEPG2	6h	LINCSCP_23695
LINCSCP_6395	-0.9999622442	0.005532079417	3	Tamibarotene	LSM-5493	RARA|RARB	10uM	A549	24h	LINCSCP_6395
LINCSCP_116163	-0.9999621113	0.005541804133	3	SCHEMBL3954849	LSM-5982	NA	10uM	HT29	24h	LINCSCP_116163
LINCSCP_24414	0.9999620256	0.005548071598	3	Imatinib	LSM-1023	ABL1|BCR|CSF1R|KIT|PDGFRA|PDGFRB	1uM	HS578T	24h	LINCSCP_24414
LINCSCP_96241	-0.9999619241	0.005555481107	3	Cediranib	LSM-5926	FLT1|FLT4|KDR|KIT|PDGFRA|PDGFRB	3.33uM	HA1E	24h	LINCSCP_96241
LINCSCP_79587	0.9999618786	0.005558798339	3	Pindolol	LSM-1953	ADRB1|ADRB2|HTR1A	0.12uM	A375	24h	LINCSCP_79587
LINCSCP_13866	-0.999961876	0.005558986563	3	3-{3-[(1,3-Benzothiazol-2-ylsulfanyl)methyl]-4-hydroxy-5-methoxyphenyl}-2-cyanoprop-2-enamide	LSM-2158	ERBB2	10uM	HA1E	6h	LINCSCP_13866
LINCSCP_131081	0.9999618512	0.00556079247	3	Nilotinib	LSM-1099	ABL1|BCR|KIT	10uM	MCF10A	3h	LINCSCP_131081
LINCSCP_38372	0.9999617323	0.005569458247	3	GW843682X	LSM-1014	PLK1|PLK3	3uM	MCF7	6h	LINCSCP_38372
LINCSCP_18683	0.9999616781	0.005573396946	3	GW 405833	LSM-2217	CNR2	10uM	HCC515	6h	LINCSCP_18683
LINCSCP_82627	-0.9999616391	0.005576234519	3	MLS006011051	LSM-42801	BRAF	3.33uM	A549	24h	LINCSCP_82627
LINCSCP_190024	0.9999616253	0.005577237773	3	Valacyclovir	LSM-5571	NA	10uM	A549	24h	LINCSCP_190024
LINCSCP_1190	-0.9999615408	0.005583370188	3	MLS000094939	LSM-3353	NA	10uM	A375	24h	LINCSCP_1190
LINCSCP_104104	-0.9999615312	0.005584072682	3	chlormadinone-acetate	LSM-45604	NA	0.04uM	HELA	24h	LINCSCP_104104
LINCSCP_101889	-0.9999614927	0.005586865435	3	Methocarbamol	LSM-1453	CA1	0.04uM	HELA	24h	LINCSCP_101889
LINCSCP_56662	-0.9999614252	0.005591758894	3	L 168049	LSM-2394	GCGR	10uM	VCAP	24h	LINCSCP_56662
LINCSCP_99750	-0.9999614193	0.005592183665	3	GSK-3 Inhibitor IX	LSM-42780	NA	10uM	HCC515	24h	LINCSCP_99750
LINCSCP_108290	-0.9999613165	0.005599630397	3	Macitentan	LSM-45420	EDNRA|EDNRB	0.37uM	HELA	24h	LINCSCP_108290
LINCSCP_13582	0.9999611938	0.005608502096	3	DASA-58	LSM-3813	PKM	90uM	H1299	6h	LINCSCP_13582
LINCSCP_69511	0.9999611601	0.005610938542	3	A-443654	LSM-1045	NA	0.04uM	A375	24h	LINCSCP_69511
LINCSCP_222451	0.9999611139	0.005614276778	3	ITK Inhibitor	LSM-1043	ITK	0.5uM	HS578T	6h	LINCSCP_222451
LINCSCP_45361	-0.9999609142	0.005628673963	3	STK111867	LSM-1889	NA	10uM	PC3	6h	LINCSCP_45361
LINCSCP_85917	0.9999608574	0.005632762826	3	PF-562271	LSM-1072	PTK2|PTK2B	0.37uM	BT20	24h	LINCSCP_85917
LINCSCP_88974	0.9999606727	0.005646033976	3	XMD 8-92	LSM-1094	MAPK7	1.11uM	HA1E	24h	LINCSCP_88974
LINCSCP_148024	0.9999605201	0.005656975558	3	PD-0325901	LSM-1101	MAP2K1|MAP2K2	0.04uM	NPC.CAS9	24h	LINCSCP_148024
LINCSCP_263700	0.999960384	0.005666722355	3	[3H]NEMONAPRIDE	LSM-37098	DRD2|DRD3	10uM	NPC	6h	LINCSCP_263700
LINCSCP_17590	0.9999603347	0.005670246104	3	SCHEMBL3092652	LSM-6193	DPP4	10uM	HCC15	6h	LINCSCP_17590
LINCSCP_32546	-0.9999602115	0.005679042864	3	Crizotinib	LSM-1027	ALK|MET	10uM	MCF7	24h	LINCSCP_32546
LINCSCP_20343	0.9999600144	0.005693092163	3	NCGC00172361-01	LSM-36761	NA	10uM	HCC515	6h	LINCSCP_20343
LINCSCP_168601	0.9999599755	0.005695862482	3	179324-69-7	LSM-6281	ADRM1|PSMA1|PSMA2|PSMA3|PSMA4|PSMA5|PSMA6|PSMA7|PSMA8|PSMB1|PSMB10|PSMB11|PSMB2|PSMB3|PSMB4|PSMB5|PSMB6|PSMB7|PSMB8|PSMB9|PSMC1|PSMC2|PSMC3|PSMC4|PSMC5|PSMC6|PSMD1|PSMD11|PSMD12|PSMD13|PSMD14|PSMD2|PSMD3|PSMD4|PSMD6|PSMD7|PSMD8|SEM1	20uM	YAPC	24h	LINCSCP_168601
LINCSCP_34552	0.9999599595	0.005697000652	3	Dipivefrin	LSM-1583	ADRA1A|ADRA1B|ADRA1D|ADRA2A|ADRA2B|ADRA2C|ADRB1|ADRB2|ADRB3	10uM	MCF7	6h	LINCSCP_34552
LINCSCP_50782	0.9999596793	0.005716897329	3	Fcodpguefhccia-Uhfffaoysa-N	LSM-42689	CASP3	10uM	RKO	6h	LINCSCP_50782
LINCSCP_34004	-0.9999596632	0.005718043115	3	BRD-K32568627	LSM-39061	NA	10uM	MCF7	6h	LINCSCP_34004
LINCSCP_145928	-0.9999595162	0.005728449384	3	Gefitinib	LSM-1098	EGFR	3.33uM	MDAMB231	3h	LINCSCP_145928
LINCSCP_123757	-0.999959504	0.005729313896	3	Meclizine	LSM-1607	HRH1|NR1I3	1.11uM	HT29	24h	LINCSCP_123757
LINCSCP_116612	-0.999959482	0.005730870414	3	MK-2206	LSM-1057	AKT1|AKT2|AKT3	0.04uM	HT29	24h	LINCSCP_116612
LINCSCP_62139	-0.9999594222	0.005735100252	3	BRD-K27757818	LSM-10101	NA	5uM	VCAP	24h	LINCSCP_62139
LINCSCP_44770	-0.9999594112	0.005735874434	3	15-Benzyl-4-cyclopropylmethyl-10,17-dihydroxy-(1S,13R,15R,17S)-12-oxa-4-azapentacyclo[9.6.1.01,13.05,17.07,18]octadeca-7,9,11(18)-trien-14-one	LSM-42826	OPRD1	10uM	PC3	6h	LINCSCP_44770
LINCSCP_81428	0.999959102	0.005757679351	3	BMS-345541	LSM-1028	IKBKB	0.12uM	A549	24h	LINCSCP_81428
LINCSCP_22966	-0.9999590705	0.005759899515	3	Icariin	LSM-3462	NA	10uM	HEPG2	6h	LINCSCP_22966
LINCSCP_59367	-0.9999589912	0.005765478905	3	BRD-K60297835	LSM-40570	NA	10uM	VCAP	6h	LINCSCP_59367
LINCSCP_103971	-0.999958778	0.005780440502	3	SN-38	LSM-45563	NA	0.12uM	HELA	24h	LINCSCP_103971
LINCSCP_46349	-0.9999587673	0.005781194044	3	12K-516S	LSM-2954	NA	10uM	PC3	6h	LINCSCP_46349
LINCSCP_62137	-0.9999586542	0.005789116375	3	BRD-K27161987	LSM-10072	NA	5uM	VCAP	24h	LINCSCP_62137
LINCSCP_15576	0.9999586256	0.005791119816	3	MLS000063560	LSM-2612	NA	10uM	HA1E	6h	LINCSCP_15576
LINCSCP_115193	-0.9999584909	0.005800541211	3	Dovitinib	LSM-1127	EGFR|FGFR1|FGFR2|FGFR3|FLT1|FLT3|FLT4|KDR|KIT|PDGFRA|PDGFRB	0.04uM	HS578T	3h	LINCSCP_115193
LINCSCP_21939	-0.9999582478	0.005817498904	3	MLS003128613	LSM-4065	NA	10uM	HEPG2	6h	LINCSCP_21939
LINCSCP_94470	-0.9999582382	0.005818169132	3	179324-69-7	LSM-6281	ADRM1|PSMA1|PSMA2|PSMA3|PSMA4|PSMA5|PSMA6|PSMA7|PSMA8|PSMB1|PSMB10|PSMB11|PSMB2|PSMB3|PSMB4|PSMB5|PSMB6|PSMB7|PSMB8|PSMB9|PSMC1|PSMC2|PSMC3|PSMC4|PSMC5|PSMC6|PSMD1|PSMD11|PSMD12|PSMD13|PSMD14|PSMD2|PSMD3|PSMD4|PSMD6|PSMD7|PSMD8|SEM1	20uM	HA1E	24h	LINCSCP_94470
LINCSCP_86834	-0.9999581606	0.005823568305	3	BS-181	LSM-6305	NA	1.11uM	CD34	24h	LINCSCP_86834
LINCSCP_16149	0.9999581321	0.005825552559	3	MLS000773738	LSM-3464	NA	10uM	HA1E	6h	LINCSCP_16149
LINCSCP_15889	0.999958124	0.005826114783	3	MLS002264487	LSM-3550	NA	10uM	HA1E	6h	LINCSCP_15889
LINCSCP_5288	0.9999576552	0.005858641708	3	ASN 04454474	LSM-3422	NA	10uM	A549	6h	LINCSCP_5288
LINCSCP_308309	0.9999575248	0.005867649336	3	BRD-K97955841	LSM-43504	NA	5uM	VCAP	24h	LINCSCP_308309
LINCSCP_86573	-0.999957182	0.00589128354	3	SGI-1776	LSM-6307	PIM1|PIM2|PIM3	3.33uM	CD34	24h	LINCSCP_86573
LINCSCP_43905	0.9999571238	0.005895287767	3	SCHEMBL16226502	LSM-43056	HSP90AA1	0.1uM	PC3	24h	LINCSCP_43905
LINCSCP_49984	-0.9999570228	0.005902227641	3	Sirolimus	LSM-42782	FKBP1A|MTOR	10uM	PHH	24h	LINCSCP_49984
LINCSCP_28282	-0.9999569707	0.005905799547	3	BRD-K70669970	LSM-41116	NA	10uM	HT29	24h	LINCSCP_28282
LINCSCP_263518	-0.999956906	0.005910238951	3	A-Disintegrin-and-Metalloproteinase	LSM-37198	NA	10uM	NPC	24h	LINCSCP_263518
LINCSCP_23679	-0.9999563911	0.005945445711	3	BRD-K57064803	LSM-6841	NA	10uM	HEPG2	6h	LINCSCP_23679
LINCSCP_35504	0.9999563523	0.005948087947	3	Broad-Sai-595	LSM-45345	NA	5uM	MCF7	24h	LINCSCP_35504
LINCSCP_30714	-0.9999563211	0.00595021157	3	Salermide	LSM-5123	SIRT1|SIRT2	100uM	MCF7	6h	LINCSCP_30714
LINCSCP_241755	-0.9999562189	0.005957171836	3	Delcorine	LSM-1882	NA	10uM	MCF7	6h	LINCSCP_241755
LINCSCP_113715	-0.9999561023	0.005965095476	3	SB-216763	LSM-1161	GSK3B	1.11uM	HME1	24h	LINCSCP_113715
LINCSCP_20692	-0.9999560761	0.00596687709	3	Racepinephrine	LSM-4958	ADRA1A|ADRA1B|ADRA1D|ADRA2A|ADRA2B|ADRA2C|ADRB1|ADRB2|ADRB3	10uM	HCC515	6h	LINCSCP_20692
LINCSCP_6239	-0.9999559177	0.005977627289	3	Pyroxamide	LSM-4534	NA	10uM	A549	6h	LINCSCP_6239
LINCSCP_3387	0.9999558765	0.005980420223	3	BRD-K36962815	LSM-10664	NA	5uM	A375	24h	LINCSCP_3387
LINCSCP_30141	0.9999558757	0.005980474342	3	SCHEMBL16226502	LSM-43056	HSP90AA1	1uM	MCF7	6h	LINCSCP_30141
LINCSCP_127300	0.9999558238	0.005983988936	3	2-(Ethylmercuriothio)benzoic acid	LSM-5710	NA	10uM	HT29	24h	LINCSCP_127300
LINCSCP_295682	-0.9999557461	0.005989248165	3	MLS003130364	LSM-6158	NA	10uM	VCAP	24h	LINCSCP_295682
LINCSCP_253530	0.9999556031	0.005998918908	3	SA-440832	LSM-40344	NA	3uM	MCF7	24h	LINCSCP_253530
LINCSCP_59764	-0.9999555802	0.006000466659	3	BRD-K39294074	LSM-39440	NA	5uM	VCAP	6h	LINCSCP_59764
LINCSCP_108695	0.9999554977	0.006006038335	3	CP-724714	LSM-42777	ERBB2	10uM	HELA	24h	LINCSCP_108695
LINCSCP_4834	-0.999955476	0.00600750133	3	Elesclomol	LSM-4929	HSPA1A	10uM	A549	6h	LINCSCP_4834
LINCSCP_124135	0.9999554614	0.006008487527	3	Methoxsalen	LSM-3410	CYP1A1|CYP1A2|CYP2A13|CYP2A6|CYP3A4	1.11uM	HT29	24h	LINCSCP_124135
LINCSCP_221830	-0.9999552422	0.006023249927	3	Benzohydroxamate	LSM-36789	NA	0.37uM	HEPG2	24h	LINCSCP_221830
LINCSCP_73162	0.9999551178	0.006031618379	3	Temsirolimus (CCI-779, NSC 683864)	LSM-45994	MTOR	10uM	A375	24h	LINCSCP_73162
LINCSCP_81301	0.9999550634	0.006035271644	3	Alpelisib	LSM-4256	PIK3CA	0.37uM	A549	24h	LINCSCP_81301
LINCSCP_57888	-0.9999549192	0.006044946217	3	SR-02000000367	LSM-2994	NA	10uM	VCAP	6h	LINCSCP_57888
LINCSCP_240343	0.9999544754	0.006074627416	3	WZ 4002	LSM-1085	EGFR|ERBB2	10uM	MCF7	24h	LINCSCP_240343
LINCSCP_54688	0.9999544401	0.006076987895	3	PAC-1	LSM-3119	CASP3	10uM	SW948	6h	LINCSCP_54688
LINCSCP_24506	-0.9999541816	0.006094202915	3	KU-55933	LSM-1074	ATM	0.5uM	HS578T	6h	LINCSCP_24506
LINCSCP_1987	0.9999541473	0.006096478691	3	SULF1-A_000010	LSM-36649	NA	10uM	A375	6h	LINCSCP_1987
LINCSCP_122299	0.9999540944	0.006099994938	3	Arundine	LSM-4610	AR|HIF1A|IFNG|PI3	0.04uM	HT29	24h	LINCSCP_122299
LINCSCP_78359	-0.9999540345	0.006103974032	3	Ercalcitriol	LSM-45788	NA	3.33uM	A375	24h	LINCSCP_78359
LINCSCP_17119	0.999953935	0.006110575324	3	Broad-Sai-296	LSM-45315	NA	10uM	HA1E	24h	LINCSCP_17119
LINCSCP_146764	0.9999539215	0.00611147578	3	848193-68-0	LSM-6271	SIRT1	0.12uM	NEU	24h	LINCSCP_146764
LINCSCP_39578	-0.9999539023	0.006112747518	3	CHEMBL2136735	LSM-1152	FGFR1|FGFR3|FLT1|FLT4|KDR|PDGFRA|PDGFRB	10uM	MDAMB231	6h	LINCSCP_39578
LINCSCP_253496	-0.999953865	0.006115216632	3	SA-1973507	LSM-6829	NA	1uM	MCF7	24h	LINCSCP_253496
LINCSCP_162182	-0.999953708	0.006125618729	3	Indapamide	LSM-1936	KCNQ1|SLC12A3	10uM	PC3	24h	LINCSCP_162182
LINCSCP_61480	-0.9999533647	0.006148286029	3	CHEMBL2359418	LSM-12044	NA	5uM	VCAP	24h	LINCSCP_61480
LINCSCP_260765	0.9999533405	0.006149880885	3	Estradiol	LSM-2421	ESR1|ESR2|NR1I2	10uM	NKDBA	24h	LINCSCP_260765
LINCSCP_148234	0.9999528815	0.006180056337	3	NVP-BHG712	LSM-1201	NA	0.04uM	NPC.CAS9	24h	LINCSCP_148234
LINCSCP_162835	-0.9999527798	0.006186720776	3	Mitoxantrone	LSM-2481	TOP2A	0.04uM	SKBR3	24h	LINCSCP_162835
LINCSCP_294303	-0.9999527555	0.006188316164	3	AC1LP9YB	LSM-4548	NA	10uM	VCAP	24h	LINCSCP_294303
LINCSCP_31912	0.9999527467	0.006188893759	3	2-(1,3-Benzoxazol-2-ylsulfanyl)-n-(2-methoxyphenyl)acetamide	LSM-4608	NA	10uM	MCF7	24h	LINCSCP_31912
LINCSCP_52996	-0.9999526873	0.006192782559	3	Skiii	LSM-2462	SPHK1	40uM	SKLU1	6h	LINCSCP_52996
LINCSCP_236914	-0.9999525509	0.006201698085	3	EXO-1	LSM-3769	NA	10uM	MCF7	24h	LINCSCP_236914
LINCSCP_50861	0.9999525078	0.006204519678	3	32703-82-5	LSM-4897	KIF11	40uM	RKO	6h	LINCSCP_50861
LINCSCP_35130	-0.9999520849	0.00623207958	3	BRD-K67498554	LSM-40949	NA	5uM	MCF7	24h	LINCSCP_35130
LINCSCP_259419	-0.9999520129	0.006236761247	3	525-72-4	LSM-36864	NA	10uM	NEU	24h	LINCSCP_259419
LINCSCP_49523	-0.9999517304	0.006255092104	3	ENMD-2076	LSM-45335	AURKA|AURKB|CSF1R|FGFR3|FLT3|KDR|KIT|PDGFRA|SRC	0.37uM	PC3	24h	LINCSCP_49523
LINCSCP_8281	-0.999951666	0.006259266269	3	CHEMBL2362220	LSM-39025	NA	5uM	A549	24h	LINCSCP_8281
LINCSCP_12174	-0.999951666	0.006259266525	3	BAY 61-3606	LSM-1167	SYK	0.1uM	BT20	24h	LINCSCP_12174
LINCSCP_3246	-0.9999516107	0.006262841395	3	BRD-K03245480	LSM-8634	NA	5uM	A375	24h	LINCSCP_3246
LINCSCP_101736	0.999951533	0.006267867951	3	SCIO 469 hydrochloride	LSM-45867	MAPK14	1.11uM	HELA	24h	LINCSCP_101736
LINCSCP_142102	0.9999515073	0.006269533263	3	Epothilone B (EPO906, Patupilone)	LSM-46001	NA	0.04uM	MCF7	24h	LINCSCP_142102
LINCSCP_179674	-0.9999514505	0.006273202574	3	Vitinoin	LSM-2135	RARA|RARB|RARG|RORB	10uM	A375	6h	LINCSCP_179674
LINCSCP_17168	0.9999513879	0.006277243891	3	Broad-Sai-424	LSM-45346	NA	5uM	HA1E	6h	LINCSCP_17168
LINCSCP_142547	0.9999509743	0.006303894618	3	R-7128	LSM-45627	NA	10uM	MCF7	24h	LINCSCP_142547
LINCSCP_130468	-0.999950797	0.006315283688	3	PD-0325901	LSM-1101	MAP2K1|MAP2K2	0.12uM	MCF10A	24h	LINCSCP_130468
LINCSCP_94433	0.9999507914	0.00631564241	3	Selumetinib	LSM-1056	MAP2K1|MAP2K2	0.37uM	HA1E	24h	LINCSCP_94433
LINCSCP_152516	-0.9999507873	0.006315903446	3	Olaparib	LSM-1145	PARP1|PARP2|PARP3	3.33uM	PC3	24h	LINCSCP_152516
LINCSCP_111794	0.9999507281	0.006319703376	3	Sirolimus	LSM-42783	FKBP1A|MTOR	3.33uM	HEPG2	24h	LINCSCP_111794
LINCSCP_144091	-0.9999506701	0.006323416869	3	Thiothixene	LSM-43048	HTR2A	1.11uM	MCF7	24h	LINCSCP_144091
LINCSCP_131688	0.9999506369	0.0063255465	3	Linifanib	LSM-1183	CSF1R|FLT1|FLT3|FLT4|KDR|PDGFRA|PDGFRB	10uM	MCF10A	3h	LINCSCP_131688
LINCSCP_105480	-0.999950626	0.00632624663	3	AC1NWAQV	LSM-1503	NR3C1	0.37uM	HELA	24h	LINCSCP_105480
LINCSCP_21637	0.9999505945	0.006328263166	3	ALDA 1	LSM-6212	ALDH2	40uM	HEPG2	6h	LINCSCP_21637
LINCSCP_155607	0.9999502996	0.006347121881	3	GF-109203	LSM-2677	PRKCA	3.33uM	PC3	24h	LINCSCP_155607
LINCSCP_42617	-0.9999502697	0.006349030675	3	FPL-55712	LSM-1940	NA	10uM	NPC	24h	LINCSCP_42617
LINCSCP_102268	-0.9999501236	0.006358347842	3	Forskolin, NKH477	LSM-45443	NA	10uM	HELA	24h	LINCSCP_102268
LINCSCP_147546	0.9999500226	0.006364787744	3	COT Inhibitor-2	LSM-1154	NA	0.12uM	NPC.CAS9	24h	LINCSCP_147546
LINCSCP_7219	0.9999498433	0.006376189356	3	Ecopipam	LSM-4115	DRD1|DRD5	10uM	A549	6h	LINCSCP_7219
LINCSCP_58821	-0.9999497672	0.006381028792	3	Calmidazolium	LSM-5017	ATP2B1|PDE1A	10uM	VCAP	24h	LINCSCP_58821
LINCSCP_268823	-0.9999496661	0.006387448749	3	Gatifloxacin	LSM-5139	NA	10uM	PC3	6h	LINCSCP_268823
LINCSCP_46923	-0.9999493679	0.006406338569	3	Calmidazolium	LSM-5017	ATP2B1|PDE1A	10uM	PC3	6h	LINCSCP_46923
LINCSCP_116012	-0.9999493377	0.006408249057	3	AT-7519	LSM-1004	CDK1|CDK10|CDK11B|CDK12|CDK13|CDK14|CDK15|CDK16|CDK17|CDK18|CDK19|CDK2|CDK20|CDK3|CDK4|CDK5|CDK6|CDK7|CDK8|CDK9	0.12uM	HS578T	3h	LINCSCP_116012
LINCSCP_47472	0.9999492974	0.006410799156	3	Thioridazine	LSM-1863	DRD1|DRD2|DRD3|DRD4|HTR2A|HTR2C	10uM	PC3	24h	LINCSCP_47472
LINCSCP_99392	-0.9999492466	0.006414009079	3	PD-0325901	LSM-1101	MAP2K1|MAP2K2	1.11uM	HCC515	24h	LINCSCP_99392
LINCSCP_219125	0.9999492069	0.006416513721	3	149759-96-6	LSM-2081	NA	10uM	HEPG2	6h	LINCSCP_219125
LINCSCP_73769	0.9999491458	0.006420377002	3	Piretanide	LSM-3959	SLC12A1|SLC12A2	1.11uM	A375	24h	LINCSCP_73769
LINCSCP_42417	0.9999489746	0.006431173317	3	Dexketoprofen	LSM-5547	PTGS1|PTGS2	10uM	NPC	24h	LINCSCP_42417
LINCSCP_30453	-0.9999489704	0.006431434449	3	2-Fluoropalmitic acid	LSM-6199	ACSL1	40uM	MCF7	24h	LINCSCP_30453
LINCSCP_178175	-0.9999478951	0.006498845362	3	MLS-0257792.0001	LSM-2218	NA	10uM	A375	6h	LINCSCP_178175
LINCSCP_310076	0.9999477644	0.006506993609	3	ST51005413	LSM-4948	NA	30uM	VCAP	24h	LINCSCP_310076
LINCSCP_17321	0.9999475778	0.006518602522	3	Cilostamide	LSM-2628	PDE3A|PDE3B	0.04uM	HA1E	24h	LINCSCP_17321
LINCSCP_117938	-0.9999475766	0.006518680239	3	Batimastat	LSM-6276	NA	0.04uM	HT29	24h	LINCSCP_117938
LINCSCP_167312	-0.9999475211	0.006522126039	3	Dacarbazine	LSM-5487	NA	10uM	YAPC	24h	LINCSCP_167312
LINCSCP_32166	0.9999474848	0.006524384599	3	Zibotentan	LSM-5453	EDNRA	10uM	MCF7	24h	LINCSCP_32166
LINCSCP_91778	-0.9999474756	0.006524956615	3	10-DEBC	LSM-4710	PIM1	0.12uM	HA1E	24h	LINCSCP_91778
LINCSCP_105063	-0.9999474211	0.006528340222	3	BRD-A32440707	LSM-45970	NA	0.04uM	HELA	24h	LINCSCP_105063
LINCSCP_30523	-0.9999473909	0.006530217269	3	AKT Inhibitor IV	LSM-43091	AKT1	10uM	MCF7	24h	LINCSCP_30523
LINCSCP_227912	-0.9999473448	0.006533073085	3	Diltiazem	LSM-2523	CACNA1C|CACNA1D|CACNA1F|CACNA1S	10uM	HT29	6h	LINCSCP_227912
LINCSCP_129464	0.9999471947	0.006542378522	3	Ipatasertib	LSM-6341	AKT1|AKT2|AKT3	3.33uM	JURKAT	24h	LINCSCP_129464
LINCSCP_107583	0.9999471918	0.006542561263	3	Picotamide	LSM-3497	TBXA2R	0.37uM	HELA	24h	LINCSCP_107583
LINCSCP_37473	-0.9999471632	0.006544331853	3	CHEMBL2360495	LSM-6811	NA	10uM	MCF7	24h	LINCSCP_37473
LINCSCP_77351	-0.9999471195	0.006547038957	3	Amuvatinib	LSM-1118	FLT3|KIT|MET|PDGFRA	0.12uM	A375	24h	LINCSCP_77351
LINCSCP_93653	0.9999470272	0.006552747761	3	AC1NWAQV	LSM-1503	NR3C1	0.04uM	HA1E	24h	LINCSCP_93653
LINCSCP_83779	-0.9999470076	0.006553959349	3	Ponatinib	LSM-1151	ABL1|BCR|FGFR1|FGFR2|FGFR3|FGFR4|FLT3|KIT|RET|TEK	0.37uM	ASC.C	24h	LINCSCP_83779
LINCSCP_18902	-0.9999466096	0.006578529003	3	AC1L1JM9	LSM-2056	NA	10uM	HCC515	24h	LINCSCP_18902
LINCSCP_50390	0.9999462936	0.006597964129	3	AN-023/14772014	LSM-44594	NA	10uM	PHH	24h	LINCSCP_50390
LINCSCP_56657	-0.9999461912	0.006604250497	3	Thioridazine	LSM-1863	DRD1|DRD2|DRD3|DRD4|HTR2A|HTR2C	10uM	VCAP	24h	LINCSCP_56657
LINCSCP_109083	-0.9999460978	0.006609980416	3	179324-69-7	LSM-6281	ADRM1|PSMA1|PSMA2|PSMA3|PSMA4|PSMA5|PSMA6|PSMA7|PSMA8|PSMB1|PSMB10|PSMB11|PSMB2|PSMB3|PSMB4|PSMB5|PSMB6|PSMB7|PSMB8|PSMB9|PSMC1|PSMC2|PSMC3|PSMC4|PSMC5|PSMC6|PSMD1|PSMD11|PSMD12|PSMD13|PSMD14|PSMD2|PSMD3|PSMD4|PSMD6|PSMD7|PSMD8|SEM1	20uM	HELA	24h	LINCSCP_109083
LINCSCP_19940	0.9999459984	0.006616073822	3	MLS002473641	LSM-3855	NA	10uM	HCC515	6h	LINCSCP_19940
LINCSCP_168522	-0.9999457011	0.006634261629	3	179324-69-7	LSM-6281	ADRM1|PSMA1|PSMA2|PSMA3|PSMA4|PSMA5|PSMA6|PSMA7|PSMA8|PSMB1|PSMB10|PSMB11|PSMB2|PSMB3|PSMB4|PSMB5|PSMB6|PSMB7|PSMB8|PSMB9|PSMC1|PSMC2|PSMC3|PSMC4|PSMC5|PSMC6|PSMD1|PSMD11|PSMD12|PSMD13|PSMD14|PSMD2|PSMD3|PSMD4|PSMD6|PSMD7|PSMD8|SEM1	20uM	YAPC	24h	LINCSCP_168522
LINCSCP_264756	0.9999456643	0.006636507518	3	BRD-A38898897	LSM-42818	ELANE	10uM	PC3	6h	LINCSCP_264756
LINCSCP_123272	0.9999454574	0.006649131869	3	altrenogest	LSM-45498	NA	3.33uM	HT29	24h	LINCSCP_123272
LINCSCP_17043	-0.9999454032	0.006652436078	3	Benzofuran	LSM-36964	NA	10uM	HA1E	24h	LINCSCP_17043
LINCSCP_95510	-0.9999451106	0.006670239776	3	282089-49-0	LSM-3400	CNR2	10uM	HA1E	24h	LINCSCP_95510
LINCSCP_35206	-0.9999450949	0.006671193286	3	BRD-K37088230	LSM-10671	NA	10uM	MCF7	24h	LINCSCP_35206
LINCSCP_115743	0.9999450203	0.006675721856	3	Imatinib	LSM-1023	ABL1|BCR|CSF1R|KIT|PDGFRA|PDGFRB	0.04uM	HS578T	24h	LINCSCP_115743
LINCSCP_36550	0.9999449828	0.006678000123	3	WZ3105	LSM-5970	CLK2|CSNK1E|FLT3|ULK1	0.1uM	MCF7	24h	LINCSCP_36550
LINCSCP_86880	0.9999449191	0.006681865275	3	AZD-1775	LSM-1153	WEE1	0.12uM	CD34	24h	LINCSCP_86880
LINCSCP_133873	0.999944837	0.006686839439	3	Belinostat	LSM-43181	HDAC1|HDAC10|HDAC11|HDAC2|HDAC3|HDAC4|HDAC5|HDAC6|HDAC7|HDAC8|HDAC9	1.11uM	MCF7	24h	LINCSCP_133873
LINCSCP_158790	0.9999448038	0.006688852084	3	Ursolic acid	LSM-4889	HSD11B1|PTPN1	0.37uM	PC3	24h	LINCSCP_158790
LINCSCP_42938	0.9999447867	0.006689889698	3	Quercetin	LSM-4199	PIK3CG	10uM	NPC	24h	LINCSCP_42938
LINCSCP_141058	-0.9999445307	0.006705379618	3	CC-401	LSM-1186	NA	0.04uM	MCF7	24h	LINCSCP_141058
LINCSCP_76579	-0.9999442832	0.006720324578	3	MG-132	LSM-1107	PSMB1	20uM	A375	24h	LINCSCP_76579
LINCSCP_36140	-0.9999442269	0.006723719142	3	O-Demethylated Adapalene	LSM-6237	RARG	3uM	MCF7	6h	LINCSCP_36140
LINCSCP_151970	-0.9999440816	0.006732468442	3	UNC 669	LSM-6337	NA	0.04uM	PC3	24h	LINCSCP_151970
LINCSCP_62906	-0.9999439388	0.006741061932	3	BRD-K62320150	LSM-12214	NA	5uM	VCAP	24h	LINCSCP_62906
LINCSCP_39062	-0.9999438493	0.006746441342	3	SCHEMBL15556278	LSM-1002	DDR1	10uM	MDAMB231	24h	LINCSCP_39062
LINCSCP_211232	0.9999435948	0.006761710408	3	Methotrexate	LSM-5690	DHFR	10uM	HA1E	6h	LINCSCP_211232
LINCSCP_141468	-0.999943413	0.006772601059	3	Otamixaban	LSM-45819	NA	3.33uM	MCF7	24h	LINCSCP_141468
LINCSCP_138258	0.9999434075	0.006772929936	3	DOCETAXEL	LSM-45649	NA	10uM	MCF7	24h	LINCSCP_138258
LINCSCP_17331	0.9999432776	0.006780700263	3	Tacedinaline	LSM-19036	HDAC1|HDAC10|HDAC11|HDAC2|HDAC3|HDAC4|HDAC5|HDAC6|HDAC7|HDAC8|HDAC9	10uM	HA1E	24h	LINCSCP_17331
LINCSCP_111030	0.999943237	0.006783127543	3	ABACAVIR SULFATE	LSM-45963	NA	0.04uM	HELA	24h	LINCSCP_111030
LINCSCP_16759	-0.9999430015	0.006797182703	3	ZG-10	LSM-42727	IRAK1	10uM	HA1E	6h	LINCSCP_16759
LINCSCP_74367	-0.9999429478	0.006800385745	3	Everolimus	LSM-43172	FKBP1A|MTOR	0.04uM	A375	24h	LINCSCP_74367
LINCSCP_11572	-0.9999429287	0.006801522082	3	AG490	LSM-42880	JAK2|JAK3	10uM	ASC	24h	LINCSCP_11572
LINCSCP_270300	0.9999428638	0.006805389949	3	BRD-K62748479-001-01-4	LSM-6135	NA	10uM	PC3	24h	LINCSCP_270300
LINCSCP_14768	0.9999427539	0.006811928621	3	Deracoxib	LSM-3536	PTGS2	10uM	HA1E	24h	LINCSCP_14768
LINCSCP_52247	0.9999425434	0.006824442282	3	PD-0325901	LSM-1101	MAP2K1|MAP2K2	10uM	SKB	24h	LINCSCP_52247
LINCSCP_14968	-0.9999422583	0.006841352935	3	BRD-A26787626-001-02-9	LSM-1420	ATP2A1	10uM	HA1E	24h	LINCSCP_14968
LINCSCP_85355	-0.9999420926	0.006851162472	3	BX 912	LSM-1055	PDK1|PDPK1	0.04uM	BT20	24h	LINCSCP_85355
LINCSCP_61113	0.9999419272	0.006860940371	3	BRD-K14496573	LSM-9309	NA	5uM	VCAP	6h	LINCSCP_61113
LINCSCP_16148	0.9999418711	0.006864255609	3	Phenothiazine	LSM-3324	NA	10uM	HA1E	6h	LINCSCP_16148
LINCSCP_124426	0.9999415936	0.006880618957	3	Famciclovir	LSM-2990	NA	0.04uM	HT29	24h	LINCSCP_124426
LINCSCP_216242	-0.9999415768	0.006881606549	3	CHEMBL1271321	LSM-3298	NA	10uM	HCC515	6h	LINCSCP_216242
LINCSCP_33285	0.9999415563	0.0068828132	3	83002-04-4	LSM-1260	CNR1|CNR2|GPR55	10uM	MCF7	24h	LINCSCP_33285
LINCSCP_63560	-0.9999415153	0.006885227147	3	BRD-K10211010	LSM-9049	NA	5uM	VCAP	6h	LINCSCP_63560
LINCSCP_107343	-0.9999413403	0.006895524652	3	282089-49-0	LSM-3400	CNR2	10uM	HELA	24h	LINCSCP_107343
LINCSCP_38873	0.9999413262	0.006896349545	3	Enalapril	LSM-3282	ACE	0.001uM	MCF7	6h	LINCSCP_38873
LINCSCP_174528	-0.999941313	0.006897126031	3	CEP-37440	LSM-45849	NA	3.33uM	YAPC	24h	LINCSCP_174528
LINCSCP_46838	-0.9999412866	0.006898678066	3	Alvespimycin	LSM-43241	HSP90AA1	10uM	PC3	24h	LINCSCP_46838
LINCSCP_56116	-0.9999412215	0.006902499285	3	SMP2_000249	LSM-1820	ATP1A1	10uM	VCAP	6h	LINCSCP_56116
LINCSCP_57272	-0.9999411633	0.00690591652	3	MLS000033898	LSM-2342	NA	10uM	VCAP	24h	LINCSCP_57272
LINCSCP_52624	0.9999410467	0.006912758861	3	Dephostatin	LSM-3344	PTPN1|PTPN6	10uM	SKB	24h	LINCSCP_52624
LINCSCP_123989	0.9999407874	0.006927942416	3	Betulin	LSM-25606	NA	4.52uM	HT29	24h	LINCSCP_123989
LINCSCP_240949	0.9999407781	0.006928487603	3	Ambroxol	LSM-3260	CYP3A4	10uM	MCF7	6h	LINCSCP_240949
LINCSCP_77557	0.999940406	0.006950221299	3	Talnetant	LSM-45828	TACR3	1.11uM	A375	24h	LINCSCP_77557
LINCSCP_1793	0.999940317	0.006955405041	3	Triazine Scaffold, 32	LSM-2284	NA	10uM	A375	6h	LINCSCP_1793
LINCSCP_32880	-0.999940267	0.006958319369	3	Estradiol	LSM-2421	ESR1|ESR2|NR1I2	10uM	MCF7	24h	LINCSCP_32880
LINCSCP_97573	-0.9999400024	0.006973715846	3	SPECTRUM1505012	LSM-1773	CYP19A1	1.11uM	HA1E	24h	LINCSCP_97573
LINCSCP_211083	-0.999939827	0.006983900217	3	Wortmannin	LSM-3947	PIK3CA|PIK3CG|PLK1	10uM	HA1E	6h	LINCSCP_211083
LINCSCP_115670	0.9999398006	0.006985435691	3	TAE-684	LSM-1024	ALK	0.37uM	HS578T	24h	LINCSCP_115670
LINCSCP_158393	0.9999392934	0.007014798901	3	BRD-A43331270-001-01-6	LSM-4436	ADRA1A|CACNA1C	1.11uM	PC3	24h	LINCSCP_158393
LINCSCP_29137	-0.9999392382	0.007017986791	3	CHEMBL399379	LSM-6245	ACLY	80uM	JHUEM2	6h	LINCSCP_29137
LINCSCP_18445	-0.9999391293	0.007024274626	3	Terconazole	LSM-3923	NA	10uM	HCC515	6h	LINCSCP_18445
LINCSCP_3440	-0.999939048	0.007028961553	3	BRD-K68522303	LSM-12608	NA	5uM	A375	24h	LINCSCP_3440
LINCSCP_116376	-0.9999390139	0.007030927579	3	PIK-93	LSM-1191	NA	0.37uM	HT29	24h	LINCSCP_116376
LINCSCP_19761	0.9999390001	0.007031722433	3	MLS002607683	LSM-3292	NA	10uM	HCC515	6h	LINCSCP_19761
LINCSCP_29506	-0.9999389706	0.007033423412	3	TORIN1	LSM-1079	MTOR	10uM	MCF10A	24h	LINCSCP_29506
LINCSCP_131260	-0.9999388838	0.007038425666	3	CGP 60474	LSM-1025	CDK1	10uM	MCF10A	24h	LINCSCP_131260
LINCSCP_62299	-0.9999388481	0.007040483483	3	BRD-K56176052	LSM-11824	NA	5uM	VCAP	24h	LINCSCP_62299
LINCSCP_293443	-0.9999387989	0.007043313681	3	Enrofloxacin	LSM-3709	NA	10uM	VCAP	24h	LINCSCP_293443
LINCSCP_36589	0.9999383863	0.007067016183	3	GSK-3 Inhibitor IX	LSM-42780	GSK3A|GSK3B	10uM	MCF7	6h	LINCSCP_36589
LINCSCP_5765	-0.9999383336	0.007070034989	3	Moxifloxacin	LSM-5746	NA	10uM	A549	24h	LINCSCP_5765
LINCSCP_210479	-0.9999382533	0.007074640125	3	CHEMBL566899	LSM-3418	NA	10uM	HA1E	6h	LINCSCP_210479
LINCSCP_66952	-0.999937952	0.007091876111	3	Trichostatin A, Streptomyces Sp.	LSM-42814	HDAC1|HDAC10|HDAC3|HDAC4|HDAC6|HDAC7|HDAC8	0.5uM	HCC515	6h	LINCSCP_66952
LINCSCP_41853	0.9999378806	0.007095956583	3	BMS-754807	LSM-6218	IGF1R|INSR	10uM	NOMO1	6h	LINCSCP_41853
LINCSCP_39952	0.9999378154	0.007099680612	3	MLS003448149	LSM-3003	NA	10uM	NCIH1836	6h	LINCSCP_39952
LINCSCP_62368	0.9999377405	0.00710395389	3	CHEMBL2361379	LSM-10520	NA	5uM	VCAP	6h	LINCSCP_62368
LINCSCP_104350	0.9999375726	0.007113526089	3	Tezampanel	LSM-45407	NA	0.04uM	HELA	24h	LINCSCP_104350
LINCSCP_142107	0.9999375105	0.007117066202	3	SB743921	LSM-45775	NA	0.12uM	MCF7	24h	LINCSCP_142107
LINCSCP_76260	0.9999372749	0.007130468712	3	Quinidine Gluconate	LSM-46038	SCN5A	10uM	A375	24h	LINCSCP_76260
LINCSCP_111777	0.999937213	0.007133984208	3	CHEMBL585951	LSM-36386	MAPK8	1.11uM	HEPG2	24h	LINCSCP_111777
LINCSCP_235732	-0.9999372062	0.00713437326	3	Pioglitazone	LSM-1592	PPARG	10uM	MCF7	6h	LINCSCP_235732
LINCSCP_58594	0.9999370739	0.007141885018	3	ST50903421	LSM-4642	NA	10uM	VCAP	24h	LINCSCP_58594
LINCSCP_299071	0.9999370594	0.00714270466	3	SCHEMBL17487091	LSM-7939	NA	5uM	VCAP	6h	LINCSCP_299071
LINCSCP_221552	0.9999369954	0.007146338056	3	1-(4-Methoxyphenyl)-n,n-dipropyl-1H-pyrazolo[3,4-d]pyrimidin-4-amine	LSM-36807	NA	0.5uM	HEPG2	24h	LINCSCP_221552
LINCSCP_213933	-0.9999369272	0.007150204013	3	PNU-99194A	LSM-3568	DRD3	10uM	HCC515	24h	LINCSCP_213933
LINCSCP_171877	-0.9999368452	0.007154848711	3	Vortioxetine (Lu AA21004) HBr	LSM-45585	HTR1A|HTR3A|SLC6A4	3.33uM	YAPC	24h	LINCSCP_171877
LINCSCP_106591	-0.9999365627	0.007170837013	3	Econazole	LSM-1617	NA	10uM	HELA	24h	LINCSCP_106591
LINCSCP_216276	0.9999364002	0.007180015434	3	MLS002264500	LSM-3742	NA	10uM	HCC515	6h	LINCSCP_216276
LINCSCP_291114	0.9999361851	0.007192145555	3	Clebopride	LSM-2375	DRD2	10uM	VCAP	24h	LINCSCP_291114
LINCSCP_20333	0.999936165	0.007193277299	3	BRD-K85694079	LSM-41944	NA	10uM	HCC515	6h	LINCSCP_20333
LINCSCP_10009	0.999936128	0.007195362549	3	CHEMBL3183436	LSM-15092	NA	0.04uM	A549	24h	LINCSCP_10009
LINCSCP_17591	-0.9999360806	0.007198034765	3	AC1NXRFO	LSM-43270	NA	40uM	HCC15	6h	LINCSCP_17591
LINCSCP_12539	-0.9999359393	0.0072059827	3	GF-109203	LSM-2677	PRKCA	10uM	CL34	6h	LINCSCP_12539
LINCSCP_99605	-0.9999358359	0.007211796302	3	CI-1040	LSM-1048	MAP2K1|MAP2K2	0.04uM	HCC515	24h	LINCSCP_99605
LINCSCP_156073	0.9999358213	0.007212617128	3	Pentamidine	LSM-4540	NA	10uM	PC3	24h	LINCSCP_156073
LINCSCP_138181	0.9999356827	0.007220400667	3	CI-1040	LSM-1048	MAP2K1|MAP2K2	3.33uM	MCF7	24h	LINCSCP_138181
LINCSCP_8596	-0.99993549	0.007231212606	3	BRD-K41335306	LSM-44762	NA	5uM	A549	24h	LINCSCP_8596
LINCSCP_61864	-0.9999351146	0.007252221315	3	BRD-K19677752	LSM-9619	NA	5uM	VCAP	6h	LINCSCP_61864
LINCSCP_107778	0.9999350676	0.007254844708	3	Febuxostat	LSM-3064	XDH	10uM	HELA	24h	LINCSCP_107778
LINCSCP_71921	0.9999350648	0.007255001541	3	Methylnaltrexone (Bromide)	LSM-45638	NA	10uM	A375	24h	LINCSCP_71921
LINCSCP_242658	-0.9999350644	0.007255027533	3	BRD-K24894325	LSM-6094	NA	10uM	MCF7	6h	LINCSCP_242658
LINCSCP_142693	0.9999349705	0.007260269945	3	Probucol	LSM-3617	ABCA1	1.11uM	MCF7	24h	LINCSCP_142693
LINCSCP_143484	0.9999348834	0.007265130359	3	BRD-K00141503	LSM-45576	NA	3.33uM	MCF7	24h	LINCSCP_143484
LINCSCP_11187	-0.9999346271	0.007279411613	3	CHEMBL364005	LSM-3051	HTR6	10uM	ASC	24h	LINCSCP_11187
LINCSCP_13685	0.9999345607	0.007283107311	3	D-Erythro-MAPP	LSM-2195	NA	10uM	HA1E	24h	LINCSCP_13685
LINCSCP_1851	0.9999344707	0.007288114634	3	MLS002729053	LSM-3973	NA	10uM	A375	6h	LINCSCP_1851
LINCSCP_69457	-0.9999344515	0.00728918147	3	Withaferin A	LSM-6685	IKBKB|NAMPT	0.04uM	A375	24h	LINCSCP_69457
LINCSCP_119674	-0.9999344504	0.007289242581	3	MG-132	LSM-1107	PSMB1	20uM	HT29	24h	LINCSCP_119674
LINCSCP_30068	0.9999343363	0.007295586636	3	HMN-214	LSM-42802	CSF1R|FLT1|FLT3|FLT4|KDR|KIT|PDGFRB|RET	0.1uM	MCF10A	6h	LINCSCP_30068
LINCSCP_77898	-0.9999342627	0.007299676076	3	Refametinib	LSM-45886	NA	1.11uM	A375	24h	LINCSCP_77898
LINCSCP_1755	-0.9999340437	0.007311823756	3	KUC103884	LSM-4076	NA	10uM	A375	6h	LINCSCP_1755
LINCSCP_9443	0.999933935	0.007317846767	3	Phloretin	LSM-6221	NA	10uM	A549	24h	LINCSCP_9443
LINCSCP_54604	-0.9999335428	0.00733953503	3	GANT58	LSM-4911	GLI1	10uM	SW948	6h	LINCSCP_54604
LINCSCP_153961	-0.999933219	0.0073573937	3	bupivacaine	LSM-45529	NA	3.33uM	PC3	24h	LINCSCP_153961
LINCSCP_68663	-0.99993261	0.007390866519	3	Withaferin A	LSM-6685	IKBKB|NAMPT	10uM	VCAP	6h	LINCSCP_68663
LINCSCP_46587	-0.9999325005	0.007396868004	3	20554-84-1	LSM-43090	NA	10uM	PC3	6h	LINCSCP_46587
LINCSCP_3145	-0.9999324815	0.007397907399	3	BRD-K41889859	LSM-14823	NA	5uM	A375	24h	LINCSCP_3145
LINCSCP_73180	-0.99993239	0.007402917662	3	Lacidipine	LSM-46031	NA	10uM	A375	24h	LINCSCP_73180
LINCSCP_90452	0.9999323344	0.00740596299	3	Ondansetron	LSM-1375	HTR3A	0.04uM	HA1E	24h	LINCSCP_90452
LINCSCP_11053	0.9999323172	0.007406904509	3	Gefitinib	LSM-1098	EGFR	10uM	ASC	24h	LINCSCP_11053
LINCSCP_125463	-0.9999321766	0.007414595508	3	PF-04457845	LSM-45946	NA	0.04uM	HT29	24h	LINCSCP_125463
LINCSCP_24668	0.9999321499	0.007416053325	3	C21H27N7O3	LSM-1128	AKT1|AKT2|AKT3|PRKCQ	0.5uM	HS578T	24h	LINCSCP_24668
LINCSCP_128597	-0.999931903	0.007429534444	3	761437-28-9	LSM-1208	NA	3.33uM	HUVEC	24h	LINCSCP_128597
LINCSCP_203268	0.9999318345	0.007433268424	3	DHPC1_000782	LSM-4614	NA	10uM	ASC	24h	LINCSCP_203268
LINCSCP_26102	0.9999317739	0.007436576005	3	CHEMBL3186688	LSM-3014	NA	10uM	HT29	6h	LINCSCP_26102
LINCSCP_45052	0.9999317606	0.007437298139	3	ABT-751	LSM-6285	NA	10uM	PC3	24h	LINCSCP_45052
LINCSCP_22079	-0.9999317174	0.007439653741	3	CHEMBL1270608	LSM-3436	NA	10uM	HEPG2	6h	LINCSCP_22079
LINCSCP_92931	0.9999316044	0.007445804321	3	Ixabepilone	LSM-43293	TUBA1A|TUBA1B|TUBA1C|TUBA3E|TUBA4A|TUBB|TUBB1|TUBB2A|TUBB2B|TUBB3|TUBB4A|TUBB4B|TUBB6|TUBB8	3.33uM	HA1E	24h	LINCSCP_92931
LINCSCP_121419	-0.999931453	0.007454043819	3	R428	LSM-45574	NA	0.12uM	HT29	24h	LINCSCP_121419
LINCSCP_15150	-0.9999313797	0.00745802575	3	BDBM50127227	LSM-43025	FNTA|IKBKB	10uM	HA1E	6h	LINCSCP_15150
LINCSCP_106040	0.9999312897	0.007462916095	3	Narlaprevir	LSM-45473	NA	0.04uM	HELA	24h	LINCSCP_106040
LINCSCP_19806	0.9999312644	0.007464288506	3	MLS003126522	LSM-4227	NA	10uM	HCC515	6h	LINCSCP_19806
LINCSCP_111313	-0.9999311394	0.007471072917	3	LDN 193189	LSM-1115	ACVR1|BMPR1A	10uM	HEPG2	24h	LINCSCP_111313
LINCSCP_42557	0.9999311271	0.007471740349	3	Trimethobenzamide	LSM-2750	DRD2	10uM	NPC	24h	LINCSCP_42557
LINCSCP_53907	-0.9999311254	0.00747183435	3	Lexibulin	LSM-6232	TUBA1A|TUBA1B|TUBA1C|TUBA3E|TUBA4A|TUBB|TUBB1|TUBB2A|TUBB2B|TUBB3|TUBB4A|TUBB4B|TUBB6|TUBB8	1uM	SNUC5	6h	LINCSCP_53907
LINCSCP_53731	-0.9999309721	0.007480145998	3	179324-69-7	LSM-6281	ADRM1|PSMA1|PSMA2|PSMA3|PSMA4|PSMA5|PSMA6|PSMA7|PSMA8|PSMB1|PSMB10|PSMB11|PSMB2|PSMB3|PSMB4|PSMB5|PSMB6|PSMB7|PSMB8|PSMB9|PSMC1|PSMC2|PSMC3|PSMC4|PSMC5|PSMC6|PSMD1|PSMD11|PSMD12|PSMD13|PSMD14|PSMD2|PSMD3|PSMD4|PSMD6|PSMD7|PSMD8|SEM1	0.01uM	SNU1040	6h	LINCSCP_53731
LINCSCP_61562	0.9999308814	0.007485058038	3	BRD-K17661785	LSM-9491	NA	5uM	VCAP	24h	LINCSCP_61562
LINCSCP_12439	-0.9999306902	0.007495404604	3	BRD-K05456756	LSM-45349	NA	3uM	CD34	6h	LINCSCP_12439
LINCSCP_66951	-0.9999305719	0.007501798757	3	Trichostatin A, Streptomyces Sp.	LSM-42814	HDAC1|HDAC10|HDAC3|HDAC4|HDAC6|HDAC7|HDAC8	0.1uM	HCC515	6h	LINCSCP_66951
LINCSCP_49398	-0.999930454	0.007508163792	3	Oxetane	LSM-44627	NA	0.1uM	PC3	24h	LINCSCP_49398
LINCSCP_12877	0.9999302486	0.007519242133	3	Trifluoperazine	LSM-4010	DRD2|DRD3|DRD4|HTR2A|HTR2C	10uM	DV90	6h	LINCSCP_12877
LINCSCP_100988	-0.9999300474	0.007530078074	3	844499-71-4	LSM-1175	NA	1.11uM	HCC515	24h	LINCSCP_100988
LINCSCP_16848	-0.9999300063	0.007532290171	3	BRD-K51083659	LSM-40089	NA	10uM	HA1E	6h	LINCSCP_16848
LINCSCP_114164	0.9999298374	0.007541374073	3	Vorinostat	LSM-3828	HDAC1|HDAC2|HDAC3|HDAC6|HDAC8	0.37uM	HME1	24h	LINCSCP_114164
LINCSCP_59728	-0.9999298197	0.007542327919	3	MLS002473937	LSM-37498	NA	5uM	VCAP	6h	LINCSCP_59728
LINCSCP_102753	0.9999298141	0.007542629037	3	Varespladib (LY315920)	LSM-45526	PLA2G2A	10uM	HELA	24h	LINCSCP_102753
LINCSCP_4542	0.9999297405	0.007546581246	3	BMS 641988	LSM-6248	AR	10uM	A549	24h	LINCSCP_4542
LINCSCP_21300	-0.9999295809	0.007555147322	3	BRD-A69951442-001-01-3	LSM-4466	NR3C1	10uM	HEC108	6h	LINCSCP_21300
LINCSCP_62373	-0.9999294353	0.007562955564	3	BRD-K37434018	LSM-10689	NA	5uM	VCAP	6h	LINCSCP_62373
LINCSCP_145014	-0.999929143	0.007578602014	3	GSK 1059615	LSM-42799	PIK3CA|PIK3CB|PIK3CD|PIK3CG	0.37uM	MDAMB231	3h	LINCSCP_145014
LINCSCP_13945	-0.9999291427	0.007578620072	3	MFCD00671792	LSM-3890	DRD1	10uM	HA1E	6h	LINCSCP_13945
LINCSCP_62504	-0.9999290886	0.007581509248	3	BRD-K13059597	LSM-9209	NA	5uM	VCAP	6h	LINCSCP_62504
LINCSCP_31201	-0.9999290834	0.007581790058	3	MLS003128609	LSM-3739	NA	10uM	MCF7	24h	LINCSCP_31201
LINCSCP_106830	-0.9999290484	0.007583658094	3	MG-132	LSM-1107	PSMB1	20uM	HELA	24h	LINCSCP_106830
LINCSCP_8535	-0.9999290436	0.007583917945	3	CHEMBL2361659	LSM-6755	NA	5uM	A549	24h	LINCSCP_8535
LINCSCP_47109	-0.9999289197	0.007590532625	3	BRD-K36317223	LSM-39260	NA	10uM	PC3	24h	LINCSCP_47109
LINCSCP_132832	0.9999287872	0.007597604939	3	Lapatinib	LSM-1051	EGFR|ERBB2	0.04uM	MCF7	24h	LINCSCP_132832
LINCSCP_36316	-0.9999287346	0.007600410157	3	CYTO7H11	LSM-4351	BAX	1uM	MCF7	6h	LINCSCP_36316
LINCSCP_131352	0.9999285922	0.007607997887	3	AT-7519	LSM-1004	CDK1|CDK10|CDK11B|CDK12|CDK13|CDK14|CDK15|CDK16|CDK17|CDK18|CDK19|CDK2|CDK20|CDK3|CDK4|CDK5|CDK6|CDK7|CDK8|CDK9	0.12uM	MCF10A	24h	LINCSCP_131352
LINCSCP_17857	-0.9999285694	0.007609213709	3	UB-165	LSM-1331	CHRNA3|CHRNA4|CHRNB2	10uM	HCC515	24h	LINCSCP_17857
LINCSCP_56138	-0.9999285187	0.007611917501	3	Mefexamide	LSM-2459	NA	10uM	VCAP	6h	LINCSCP_56138
LINCSCP_2136	-0.9999282862	0.007624286968	3	AB01274770-01	LSM-5349	TOP2A	10uM	A375	6h	LINCSCP_2136
LINCSCP_51560	0.9999279881	0.007640112587	3	GW-5074	LSM-42779	RAF1	10uM	SKBR3	6h	LINCSCP_51560
LINCSCP_24600	-0.9999278402	0.007647956108	3	CGP 60474	LSM-1025	CDK1	0.1uM	HS578T	6h	LINCSCP_24600
LINCSCP_122343	-0.9999277452	0.007652988602	3	Epirizole	LSM-2868	PTGS1|PTGS2	0.04uM	HT29	24h	LINCSCP_122343
LINCSCP_31224	0.9999273392	0.007674458108	3	MLS003079541	LSM-4214	NA	10uM	MCF7	24h	LINCSCP_31224
LINCSCP_174515	0.999927153	0.0076842887	3	Dihydroergotamine	LSM-3619	HTR1B|HTR1D	10uM	YAPC	24h	LINCSCP_174515
LINCSCP_137879	-0.9999271342	0.007685281389	3	179324-69-7	LSM-6281	ADRM1|PSMA1|PSMA2|PSMA3|PSMA4|PSMA5|PSMA6|PSMA7|PSMA8|PSMB1|PSMB10|PSMB11|PSMB2|PSMB3|PSMB4|PSMB5|PSMB6|PSMB7|PSMB8|PSMB9|PSMC1|PSMC2|PSMC3|PSMC4|PSMC5|PSMC6|PSMD1|PSMD11|PSMD12|PSMD13|PSMD14|PSMD2|PSMD3|PSMD4|PSMD6|PSMD7|PSMD8|SEM1	20uM	MCF7	24h	LINCSCP_137879
LINCSCP_30138	0.9999271031	0.007686916118	3	Radicicol	LSM-43303	NA	1uM	MCF7	6h	LINCSCP_30138
LINCSCP_96536	-0.9999269844	0.007693174004	3	179324-69-7	LSM-6281	ADRM1|PSMA1|PSMA2|PSMA3|PSMA4|PSMA5|PSMA6|PSMA7|PSMA8|PSMB1|PSMB10|PSMB11|PSMB2|PSMB3|PSMB4|PSMB5|PSMB6|PSMB7|PSMB8|PSMB9|PSMC1|PSMC2|PSMC3|PSMC4|PSMC5|PSMC6|PSMD1|PSMD11|PSMD12|PSMD13|PSMD14|PSMD2|PSMD3|PSMD4|PSMD6|PSMD7|PSMD8|SEM1	20uM	HA1E	24h	LINCSCP_96536
LINCSCP_81208	0.9999267238	0.007706890092	3	Seliciclib	LSM-1001	CDK1|CDK2|CDK5|CDK7|CDK9	10uM	A549	24h	LINCSCP_81208
LINCSCP_48899	0.9999267016	0.007708061143	3	BRD-K01093405	LSM-37340	NA	10uM	PC3	24h	LINCSCP_48899
LINCSCP_15897	-0.999926511	0.007718076222	3	7-Bromo-1,2,3,9-tetrahydropyrrolo[2,1-b]quinazoline	LSM-3873	NA	10uM	HA1E	6h	LINCSCP_15897
LINCSCP_86173	-0.9999265101	0.007718120726	3	Sorafenib	LSM-1008	BRAF|DDR2|FGFR1|FLT1|FLT3|FLT4|KDR|KIT|PDGFRB|RAF1|RET	3.33uM	BT20	3h	LINCSCP_86173
LINCSCP_12518	0.9999264741	0.007720010923	3	BIBR-1532	LSM-43274	TERT	80uM	CL34	6h	LINCSCP_12518
LINCSCP_168780	0.9999263205	0.00772806944	3	MG-132	LSM-1107	PSMB1	20uM	YAPC	24h	LINCSCP_168780
LINCSCP_39416	0.9999262276	0.007732941256	3	Ponatinib	LSM-1151	ABL1|BCR|FGFR1|FGFR2|FGFR3|FGFR4|FLT3|KIT|RET|TEK	1uM	MDAMB231	24h	LINCSCP_39416
LINCSCP_44379	0.9999260781	0.007740775199	3	CBIOL_001848	LSM-2616	RARA	10uM	PC3	24h	LINCSCP_44379
LINCSCP_174085	-0.9999256871	0.007761217253	3	Pevonedistat	LSM-6263	NAE1|UBA3	1.11uM	YAPC	24h	LINCSCP_174085
LINCSCP_263385	-0.9999255806	0.007766779002	3	SIB-1553A	LSM-36937	NA	10uM	NPC	24h	LINCSCP_263385
LINCSCP_68439	-0.9999247792	0.007808487172	3	13-Hydroxy-8,14,19-trimethoxy-4,10,12,16-tetramethyl-3,20,22-trioxo-2-azabicyclo[16.3.1]docosa-1(21),4,6,10,18-pentaen-9-yl carbamate	LSM-42815	HSP90AA1	10uM	VCAP	6h	LINCSCP_68439
LINCSCP_11795	0.9999245589	0.007819911632	3	CP-724714	LSM-42777	ERBB2	0.5uM	BT20	24h	LINCSCP_11795
LINCSCP_9037	-0.9999245067	0.007822616216	3	BRD-K43776433	LSM-11100	NA	10uM	A549	24h	LINCSCP_9037
LINCSCP_2658	0.9999239521	0.007851300082	3	Pyrilamine	LSM-4206	HRH1	10uM	A375	6h	LINCSCP_2658
LINCSCP_252380	-0.9999237768	0.007860340925	3	SA-97110	LSM-37431	NA	0.5uM	MCF7	6h	LINCSCP_252380
LINCSCP_283729	0.9999236589	0.007866420143	3	BRD-K18364651	LSM-6777	NA	10uM	SKB	24h	LINCSCP_283729
LINCSCP_67919	0.9999236191	0.007868470919	3	Vorinostat	LSM-3828	HDAC1|HDAC2|HDAC3|HDAC6|HDAC8	10uM	PC3	6h	LINCSCP_67919
LINCSCP_44930	-0.999923612	0.00786883755	3	GF-109203	LSM-2677	PRKCA	10uM	PC3	24h	LINCSCP_44930
LINCSCP_37571	-0.9999235283	0.007873144972	3	SA-247508	LSM-40968	NA	1uM	MCF7	6h	LINCSCP_37571
LINCSCP_23880	0.9999234825	0.007875504685	3	Tozasertib	LSM-1021	ABL1|AURKA|AURKB|AURKC|BCR|FLT3|JAK2	0.37uM	HEPG2	24h	LINCSCP_23880
LINCSCP_23818	0.9999232573	0.007887084247	3	L-Sulforaphane	LSM-4919	NFE2L2	10uM	HEPG2	24h	LINCSCP_23818
LINCSCP_70632	0.999923244	0.007887765728	3	C-Fms Inhibitor	LSM-1196	NA	10uM	A375	24h	LINCSCP_70632
LINCSCP_29136	0.9999231827	0.007890914638	3	NVP-AUY922	LSM-1162	HSP90AA1|HSP90AB1	10uM	JHUEM2	6h	LINCSCP_29136
LINCSCP_44160	-0.999923069	0.007896751531	3	2-Phenylethyl 3-(3,4-dihydroxyphenyl)prop-2-enoate	LSM-3894	ALOX5	10uM	PC3	6h	LINCSCP_44160
LINCSCP_15741	-0.9999230472	0.007897874731	3	SMR000074300	LSM-2495	NA	10uM	HA1E	24h	LINCSCP_15741
LINCSCP_293413	0.9999229776	0.007901441484	3	N-(3-Acetamidophenyl)-3-chlorobenzamide	LSM-3361	NA	10uM	VCAP	24h	LINCSCP_293413
LINCSCP_170654	-0.9999229302	0.007903873625	3	GSK256066	LSM-45984	NA	1.11uM	YAPC	24h	LINCSCP_170654
LINCSCP_60470	0.9999228736	0.007906775903	3	BRD-K44436874	LSM-7411	NA	5uM	VCAP	6h	LINCSCP_60470
LINCSCP_43561	-0.9999228702	0.007906948347	3	Cpnq	LSM-36967	NA	10uM	NPC	6h	LINCSCP_43561
LINCSCP_50317	-0.9999228198	0.007909534346	3	LY 2183240	LSM-2839	FAAH	3uM	PHH	24h	LINCSCP_50317
LINCSCP_37582	-0.999922683	0.007916537814	3	SA-1939936	LSM-41620	NA	0.5uM	MCF7	6h	LINCSCP_37582
LINCSCP_58415	0.9999226464	0.007918415064	3	SPOX1_000836	LSM-4734	NA	10uM	VCAP	24h	LINCSCP_58415
LINCSCP_310405	0.9999225828	0.007921668985	3	BRD-K61779668	LSM-40651	NA	10uM	VCAP	24h	LINCSCP_310405
LINCSCP_7420	-0.9999224989	0.007925958308	3	Diclofenac	LSM-2160	PTGS1|PTGS2	10uM	A549	6h	LINCSCP_7420
LINCSCP_93929	-0.9999224954	0.007926140855	3	MG-132	LSM-1107	PSMB1	20uM	HA1E	24h	LINCSCP_93929
LINCSCP_163082	-0.9999224835	0.007926747802	3	13-Hydroxy-8,14,19-trimethoxy-4,10,12,16-tetramethyl-3,20,22-trioxo-2-azabicyclo[16.3.1]docosa-1(21),4,6,10,18-pentaen-9-yl carbamate	LSM-42815	HSP90AA1	1.11uM	SKBR3	24h	LINCSCP_163082
LINCSCP_17108	-0.9999222502	0.007938665024	3	Broad-Sai-595	LSM-45345	NA	1uM	HA1E	24h	LINCSCP_17108
LINCSCP_54047	0.999922166	0.007942965752	3	(1Ar,7as,10as,10br)-1a,5-Dimethyl-8-methylidene-2,3,6,7,7a,8,10a,10b-octahydrooxireno[9,10]cyclodeca[1,2-b]furan-9(1ah)-one	LSM-43089	NA	20uM	SW480	6h	LINCSCP_54047
LINCSCP_46444	-0.9999221333	0.007944630977	3	Sepantronium	LSM-5399	BIRC5	10uM	PC3	24h	LINCSCP_46444
LINCSCP_20234	0.999922073	0.00794770626	3	CHEMBL2360967	LSM-36663	NA	10uM	HCC515	6h	LINCSCP_20234
LINCSCP_131282	-0.9999220286	0.007949972519	3	C24H25CLFN5O3	LSM-42794	EGFR|ERBB2|ERBB4	0.12uM	MCF10A	24h	LINCSCP_131282
LINCSCP_18815	0.9999219412	0.007954426731	3	Rathyronine	LSM-1780	NA	10uM	HCC515	24h	LINCSCP_18815
LINCSCP_251830	-0.9999219343	0.007954779946	3	Gefitinib	LSM-1098	EGFR	0.1uM	MCF7	24h	LINCSCP_251830
LINCSCP_19506	-0.9999215888	0.007972362466	3	Phloretin	LSM-6221	NA	100uM	HCC515	6h	LINCSCP_19506
LINCSCP_115711	-0.9999215075	0.007976493042	3	Selumetinib	LSM-1056	MAP2K1|MAP2K2	0.37uM	HS578T	24h	LINCSCP_115711
LINCSCP_8441	0.9999214786	0.007977959977	3	BRD-K08831772	LSM-6744	NA	5uM	A549	24h	LINCSCP_8441
LINCSCP_61729	0.9999213422	0.007984887106	3	BRD-K01070670	LSM-8502	NA	5uM	VCAP	24h	LINCSCP_61729
LINCSCP_223576	-0.9999213291	0.007985555153	3	Pepstatin	LSM-2282	NA	10uM	HT29	24h	LINCSCP_223576
LINCSCP_140911	-0.9999211788	0.007993178768	3	MLN9708	LSM-45406	NA	1.11uM	MCF7	24h	LINCSCP_140911
LINCSCP_70200	-0.9999210609	0.007999151736	3	STK219801	LSM-43281	NA	0.37uM	A375	24h	LINCSCP_70200
LINCSCP_263880	-0.9999210014	0.008002167617	3	SPECTRUM5_001963	LSM-44129	NA	10uM	NPC	24h	LINCSCP_263880
LINCSCP_1472	-0.9999209728	0.008003618382	3	MLS003221410	LSM-1829	NA	10uM	A375	6h	LINCSCP_1472
LINCSCP_255751	0.9999207952	0.008012602865	3	CP-724714	LSM-42777	ERBB2	0.1uM	MDAMB231	24h	LINCSCP_255751
LINCSCP_119757	-0.9999206804	0.008018411993	3	SB 242235	LSM-45559	NA	3.33uM	HT29	24h	LINCSCP_119757
LINCSCP_34276	-0.9999203302	0.0080360939	3	ZINC21986197	LSM-5392	NA	10uM	MCF7	24h	LINCSCP_34276
LINCSCP_147429	-0.9999202478	0.00804024414	3	SB-216763	LSM-1161	GSK3B	3.33uM	NPC.CAS9	24h	LINCSCP_147429
LINCSCP_47566	0.9999201658	0.00804438061	3	BRD-K82481048-001-01-0	LSM-5889	NA	10uM	PC3	24h	LINCSCP_47566
LINCSCP_150495	0.9999201532	0.008045012241	3	MGCD-265	LSM-1124	AXL|FLT1|FLT4|KDR|MET|MST1R|TEK	10uM	NPC.TAK	24h	LINCSCP_150495
LINCSCP_169402	0.9999201436	0.008045499085	3	Temozolomide	LSM-4590	MGMT	0.12uM	YAPC	24h	LINCSCP_169402
LINCSCP_141684	0.9999199905	0.008053207641	3	BRD-A99911370	LSM-45442	NA	3.33uM	MCF7	24h	LINCSCP_141684
LINCSCP_95536	0.9999196607	0.008069786427	3	benproperine	LSM-45733	NA	1.11uM	HA1E	24h	LINCSCP_95536
LINCSCP_141185	-0.9999196097	0.008072346168	3	Ivermectin	LSM-42824	NA	10uM	MCF7	24h	LINCSCP_141185
LINCSCP_92181	0.9999196086	0.008072401365	3	L 655240	LSM-4003	NA	0.04uM	HA1E	24h	LINCSCP_92181
LINCSCP_42192	-0.99991941	0.008082365519	3	FPA1_000112	LSM-36718	NA	10uM	NPC	24h	LINCSCP_42192
LINCSCP_147977	0.9999190501	0.008100394731	3	Resveratrol	LSM-42917	PTGS1|PTGS2|SIRT1	10uM	NPC.CAS9	24h	LINCSCP_147977
LINCSCP_51814	-0.9999190249	0.008101658368	3	Pelitinib	LSM-42796	EGFR	0.5uM	SKBR3	24h	LINCSCP_51814
LINCSCP_73374	0.9999190133	0.008102237827	3	XL335	LSM-45859	NR1H4	3.33uM	A375	24h	LINCSCP_73374
LINCSCP_97607	-0.9999187986	0.008112967523	3	IMD-0354	LSM-3667	IKBKB	10uM	HA1E	24h	LINCSCP_97607
LINCSCP_12829	0.9999186656	0.008119609749	3	BMS 641988	LSM-6248	AR	10uM	DV90	6h	LINCSCP_12829
LINCSCP_64107	-0.9999184997	0.008127885525	3	BRD-K66860235	LSM-12503	NA	5uM	VCAP	6h	LINCSCP_64107
LINCSCP_297067	0.9999184967	0.008128037585	3	BRD-K11480730	LSM-37857	NA	5uM	VCAP	6h	LINCSCP_297067
LINCSCP_125110	-0.9999182635	0.00813965765	3	Nemonapride	LSM-45497	NA	10uM	HT29	24h	LINCSCP_125110
LINCSCP_118493	-0.9999179997	0.008152782841	3	Cisatracurium Besylate	LSM-45935	CHRNA1|CHRNB1|CHRND|CHRNE|CHRNG	1.11uM	HT29	24h	LINCSCP_118493
LINCSCP_48670	-0.9999178361	0.008160912579	3	BRD-K53582057	LSM-40213	NA	10uM	PC3	6h	LINCSCP_48670
LINCSCP_46523	0.9999177868	0.008163359792	3	SCHEMBL6463149	LSM-4817	CASP3	10uM	PC3	24h	LINCSCP_46523
LINCSCP_133634	0.9999177824	0.008163574553	3	GSK-461364	LSM-1013	PLK1	0.37uM	MCF7	24h	LINCSCP_133634
LINCSCP_172176	-0.9999176526	0.008170021098	3	Tipifarnib	LSM-6258	CHURC1-FNTB|FNTA|FNTB	3.33uM	YAPC	24h	LINCSCP_172176
LINCSCP_186653	0.999917564	0.008174410769	3	MLS003128880	LSM-14066	NA	10uM	A375	24h	LINCSCP_186653
LINCSCP_207977	0.99991742	0.008181550486	3	Calpeptin	LSM-2570	NA	10uM	HA1E	24h	LINCSCP_207977
LINCSCP_250233	-0.9999172196	0.008191468481	3	Broad-Sai-424	LSM-45346	NA	3uM	MCF7	24h	LINCSCP_250233
LINCSCP_101238	-0.9999170876	0.00819799676	3	Thiocolchicoside	LSM-1316	NA	10uM	HELA	24h	LINCSCP_101238
LINCSCP_171893	0.9999170117	0.00820175209	3	AZD-1775	LSM-1153	WEE1	0.04uM	YAPC	24h	LINCSCP_171893
LINCSCP_17522	0.9999169763	0.0082035019	3	Nilotinib	LSM-1099	ABL1|BCR|KIT	0.37uM	HA1E	24h	LINCSCP_17522
LINCSCP_145892	0.9999169222	0.0082061732	3	THZ-2-98-01	LSM-44946	NA	3.33uM	MDAMB231	3h	LINCSCP_145892
LINCSCP_279382	0.9999167243	0.008215940385	3	13-Hydroxy-8,14,19-trimethoxy-4,10,12,16-tetramethyl-3,20,22-trioxo-2-azabicyclo[16.3.1]docosa-1(21),4,6,10,18-pentaen-9-yl carbamate	LSM-42815	HSP90AA1	0.1uM	PC3	6h	LINCSCP_279382
LINCSCP_148599	0.999916641	0.008220046573	3	Rebastinib	LSM-6708	ABL1	1.11uM	NPC	24h	LINCSCP_148599
LINCSCP_57759	0.9999165545	0.008224311531	3	Dicloxacillin	LSM-5234	NA	10uM	VCAP	24h	LINCSCP_57759
LINCSCP_63375	0.999916323	0.008235714757	3	BRD-K40034561	LSM-10868	NA	5uM	VCAP	24h	LINCSCP_63375
LINCSCP_84910	-0.9999160263	0.008250302575	3	NVP-BHG712	LSM-1201	NA	0.12uM	ASC	24h	LINCSCP_84910
LINCSCP_261969	-0.9999160003	0.008251576788	3	AC1NWATH	LSM-1241	NR3C1	10uM	NPC	24h	LINCSCP_261969
LINCSCP_112190	0.999915913	0.008255867165	3	GSK-3 Inhibitor II	LSM-1030	GSK3B	0.37uM	HEPG2	24h	LINCSCP_112190
LINCSCP_101641	-0.9999158011	0.008261355006	3	PRX-08066 Maleic acid	LSM-45523	NA	1.11uM	HELA	24h	LINCSCP_101641
LINCSCP_149024	-0.9999153969	0.008281161609	3	Decitabine	LSM-5855	DNMT1|DNMT3A	0.37uM	NPC	24h	LINCSCP_149024
LINCSCP_100809	-0.9999151683	0.00829234471	3	amcinonide	NA	NA	0.37uM	HCC515	24h	LINCSCP_100809
LINCSCP_277468	-0.9999151401	0.008293720756	3	Trichostatin A, Streptomyces Sp.	LSM-42814	HDAC1|HDAC10|HDAC3|HDAC4|HDAC6|HDAC7|HDAC8	10uM	PC3	24h	LINCSCP_277468
LINCSCP_6596	-0.9999151337	0.008294036618	3	KU-55933	LSM-1074	ATM	10uM	A549	6h	LINCSCP_6596
LINCSCP_114212	0.9999146591	0.008317194866	3	Mocetinostat	LSM-5344	HDAC1|HDAC11|HDAC2|HDAC3|HDAC8	0.37uM	HME1	24h	LINCSCP_114212
LINCSCP_292701	-0.9999145034	0.008324779552	3	MLS003179196	LSM-1356	NA	10uM	VCAP	24h	LINCSCP_292701
LINCSCP_68169	-0.9999144542	0.008327170616	3	Trichostatin A, Streptomyces Sp.	LSM-42814	HDAC1|HDAC10|HDAC3|HDAC4|HDAC6|HDAC7|HDAC8	10uM	PHH	24h	LINCSCP_68169
LINCSCP_81581	0.9999142785	0.008335719081	3	AT-7519	LSM-1004	CDK1|CDK10|CDK11B|CDK12|CDK13|CDK14|CDK15|CDK16|CDK17|CDK18|CDK19|CDK2|CDK20|CDK3|CDK4|CDK5|CDK6|CDK7|CDK8|CDK9	1.11uM	A549	24h	LINCSCP_81581
LINCSCP_308447	-0.9999141212	0.008343362089	3	BRD-K39801870	LSM-10852	NA	5uM	VCAP	6h	LINCSCP_308447
LINCSCP_3773	-0.9999138671	0.008355700859	3	COL-3	LSM-36908	NA	0.1uM	A375	6h	LINCSCP_3773
LINCSCP_271330	0.9999138161	0.008358169777	3	ZSTK 474	LSM-1053	PIK3CG	10uM	PC3	6h	LINCSCP_271330
LINCSCP_124374	-0.9999136778	0.008364876276	3	APIXABAN	LSM-45660	F10	3.33uM	HT29	24h	LINCSCP_124374
LINCSCP_21062	-0.9999133892	0.008378847495	3	Gemcitabine	LSM-5333	POLA1|POLD1|POLE|RRM1|RRM2|RRM2B	0.5uM	HCC515	6h	LINCSCP_21062
LINCSCP_136875	0.9999131268	0.008391532761	3	MK-5108	LSM-36812	AURKA|AURKB	0.37uM	MCF7	24h	LINCSCP_136875
LINCSCP_108131	-0.9999127701	0.008408741376	3	Varenicline Tartrate	LSM-45774	CHRNA4|CHRNB2	10uM	HELA	24h	LINCSCP_108131
LINCSCP_139711	0.99991275	0.008409708831	3	Mebendazole	LSM-3749	NA	3.33uM	MCF7	24h	LINCSCP_139711
LINCSCP_155396	0.9999126398	0.008415021084	3	Enoxolone	LSM-45606	NA	0.04uM	PC3	24h	LINCSCP_155396
LINCSCP_261416	0.9999126	0.008416937333	3	BRD-K28610502-001-01-0	LSM-29349	NA	10uM	NPC	24h	LINCSCP_261416
LINCSCP_168449	-0.9999125631	0.008418712319	3	Amineptine	LSM-45457	NA	0.12uM	YAPC	24h	LINCSCP_168449
LINCSCP_281348	-0.9999124901	0.008422226962	3	BRD-K98004941	LSM-42580	NA	10uM	PHH	24h	LINCSCP_281348
LINCSCP_164191	-0.9999123398	0.00842945318	3	CHEMBL1673039	LSM-1093	LRRK2|MAPK7	0.37uM	SKL.C	24h	LINCSCP_164191
LINCSCP_58926	0.9999121172	0.008440151537	3	HMN-214	LSM-42802	CSF1R|FLT1|FLT3|FLT4|KDR|KIT|PDGFRB|RET	10uM	VCAP	24h	LINCSCP_58926
LINCSCP_174971	-0.9999120072	0.008445432359	3	Mesulergine	LSM-4045	HTR2A|HTR2C|HTR7	10uM	YAPC	24h	LINCSCP_174971
LINCSCP_88051	-0.9999117628	0.008457152974	3	C24H25CLFN5O3	LSM-42794	EGFR|ERBB2|ERBB4	10uM	HA1E	24h	LINCSCP_88051
LINCSCP_297046	0.9999117398	0.008458255923	3	BRD-K04380254	LSM-37513	NA	5uM	VCAP	6h	LINCSCP_297046
LINCSCP_283542	0.9999116543	0.008462349709	3	ZINC00164494	LSM-4660	NA	10uM	SKB	24h	LINCSCP_283542
LINCSCP_129099	0.9999116233	0.008463834754	3	TAK-715	LSM-1060	MAPK14	0.12uM	HUVEC	24h	LINCSCP_129099
LINCSCP_94196	-0.9999115302	0.008468290835	3	MG-132	LSM-1107	PSMB1	20uM	HA1E	24h	LINCSCP_94196
LINCSCP_3293	-0.9999113412	0.008477334243	3	BRD-K50174388	LSM-11481	NA	5uM	A375	24h	LINCSCP_3293
LINCSCP_163483	-0.9999113291	0.008477912205	3	AZD-8055	LSM-1007	MTOR	0.37uM	SKBR3	24h	LINCSCP_163483
LINCSCP_49894	0.9999112905	0.008479757987	3	SAN1_003817	LSM-36731	NA	10uM	PHH	24h	LINCSCP_49894
LINCSCP_11468	0.9999112665	0.008480901911	3	N9-Isopropylolomoucine	LSM-3607	CDK1|CDK5	10uM	ASC	24h	LINCSCP_11468
LINCSCP_3318	0.9999112255	0.008482861883	3	BRD-K65373229	LSM-12414	NA	5uM	A375	24h	LINCSCP_3318
LINCSCP_11179	0.9999110994	0.008488883696	3	Bumetanide	LSM-2848	SLC12A1|SLC12A2	10uM	ASC	24h	LINCSCP_11179
LINCSCP_219414	-0.9999109837	0.008494408094	3	MLS003370610	LSM-1383	NA	10uM	HEPG2	6h	LINCSCP_219414
LINCSCP_132630	0.9999109126	0.008497798326	3	PD-0325901	LSM-1101	MAP2K1|MAP2K2	3.33uM	MCF7	24h	LINCSCP_132630
LINCSCP_64936	-0.9999107553	0.00850529997	3	Digitoxin	LSM-42702	ATP1A1	0.5uM	VCAP	24h	LINCSCP_64936
LINCSCP_5626	0.9999107055	0.008507672485	3	MLS001060803	LSM-1865	NA	10uM	A549	6h	LINCSCP_5626
LINCSCP_121013	-0.9999106915	0.008508337042	3	Temozolomide	LSM-4590	MGMT	10uM	HT29	24h	LINCSCP_121013
LINCSCP_92378	0.9999105447	0.008515330341	3	Aliskiren	LSM-2653	REN	0.04uM	HA1E	24h	LINCSCP_92378
LINCSCP_47938	0.9999104221	0.008521163496	3	Mesalamine	LSM-5427	ALOX5|PPARG|PTGS1|PTGS2	10uM	PC3	6h	LINCSCP_47938
LINCSCP_31388	-0.999910409	0.008521786595	3	Triazolothiadiazine, 8	LSM-3227	NA	10uM	MCF7	24h	LINCSCP_31388
LINCSCP_151554	0.9999103769	0.008523312986	3	AZ628	LSM-1050	BRAF|RAF1	3.33uM	PC3	24h	LINCSCP_151554
LINCSCP_180861	-0.9999102984	0.008527040807	3	CHEMBL2017783	LSM-6660	NA	10uM	A375	6h	LINCSCP_180861
LINCSCP_173766	-0.999910264	0.008528677973	3	IDOXURIDINE	LSM-45784	NA	3.33uM	YAPC	24h	LINCSCP_173766
LINCSCP_92504	-0.9999099599	0.008543118983	3	Fenticonazole Nitrate	LSM-45431	NA	0.04uM	HA1E	24h	LINCSCP_92504
LINCSCP_108551	-0.9999099589	0.008543165945	3	Agomelatine	LSM-45989	NA	10uM	HELA	24h	LINCSCP_108551
LINCSCP_19701	0.9999098905	0.008546409295	3	CYM50199	LSM-2362	S1PR3	10uM	HCC515	6h	LINCSCP_19701
LINCSCP_29895	-0.9999097821	0.008551548437	3	Canertinib	LSM-1120	EGFR|ERBB2|ERBB4	1uM	MCF10A	24h	LINCSCP_29895
LINCSCP_52466	-0.9999096228	0.008559096446	3	XMD-16144	LSM-42717	NA	10uM	SKB	24h	LINCSCP_52466
LINCSCP_265516	-0.9999093993	0.008569672728	3	Testosterone Propionate	LSM-4025	AR	10uM	PC3	6h	LINCSCP_265516
LINCSCP_2145	0.9999093759	0.008570776052	3	BSPBIO_000981	LSM-43126	ACTA1	10uM	A375	6h	LINCSCP_2145
LINCSCP_271045	-0.9999092379	0.008577302928	3	4-(Pyridin-3-yloxy)-phthalonitrile	LSM-4896	NA	10uM	PC3	6h	LINCSCP_271045
LINCSCP_14707	0.9999092347	0.008577453523	3	Ketotifen	LSM-2637	HRH1	10uM	HA1E	24h	LINCSCP_14707
LINCSCP_93880	-0.9999092218	0.008578064273	3	AMD-070 (hydrochloride)	LSM-45591	NA	0.12uM	HA1E	24h	LINCSCP_93880
LINCSCP_88911	0.9999090676	0.00858534632	3	Tranylcypromine	LSM-5578	KDM1A|MAOA|MAOB	3.33uM	HA1E	24h	LINCSCP_88911
LINCSCP_17235	-0.9999090513	0.008586114016	3	SCHEMBL17498001	LSM-44601	NA	1uM	HA1E	24h	LINCSCP_17235
LINCSCP_155910	-0.9999088003	0.008597953159	3	Cimetidine	LSM-2404	HRH2	0.04uM	PC3	24h	LINCSCP_155910
LINCSCP_152509	-0.9999085837	0.008608158552	3	BCPP000194	LSM-1188	NA	10uM	PC3	24h	LINCSCP_152509
LINCSCP_175282	-0.9999085773	0.008608461122	3	Cinaciguat	LSM-45801	NA	1.11uM	YAPC	24h	LINCSCP_175282
LINCSCP_144965	-0.999908463	0.008613840241	3	PD-0325901	LSM-1101	MAP2K1|MAP2K2	1.11uM	MDAMB231	3h	LINCSCP_144965
LINCSCP_116149	0.9999084038	0.008616622552	3	CP-724714	LSM-42777	ERBB2	0.12uM	HT29	24h	LINCSCP_116149
LINCSCP_3024	-0.9999083326	0.008619971654	3	BRD-K79459005	LSM-6155	NA	10uM	A375	6h	LINCSCP_3024
LINCSCP_151816	0.9999082407	0.008624290456	3	Veliparib	LSM-1146	PARP1|PARP2	0.37uM	PC3	24h	LINCSCP_151816
LINCSCP_112497	0.9999082291	0.008624836625	3	CX-5461	LSM-6342	NA	10uM	HEPG2	24h	LINCSCP_112497
LINCSCP_24410	0.9999077791	0.008645960363	3	GSK-461364	LSM-1013	PLK1	0.5uM	HS578T	24h	LINCSCP_24410
LINCSCP_22200	-0.9999076998	0.008649673726	3	2-(4-Methoxybenzylthio)-6-methylpyrimidin-4-ol	LSM-3060	NA	10uM	HEPG2	6h	LINCSCP_22200
LINCSCP_13975	-0.9999075881	0.008654908791	3	MLS003115428	LSM-1379	ESR1|GNRHR	10uM	HA1E	24h	LINCSCP_13975
LINCSCP_68656	-0.9999072096	0.008672615601	3	Withaferin A	LSM-6685	IKBKB|NAMPT	10uM	VCAP	24h	LINCSCP_68656
LINCSCP_107777	0.9999071437	0.008675694916	3	SPECTRUM2_000920	LSM-1590	NA	0.04uM	HELA	24h	LINCSCP_107777
LINCSCP_107468	0.9999071386	0.008675932988	3	NEFIRACETAM	LSM-45762	NA	0.04uM	HELA	24h	LINCSCP_107468
LINCSCP_29555	-0.9999070893	0.008678234331	3	Selumetinib	LSM-1056	MAP2K1|MAP2K2	1uM	MCF10A	24h	LINCSCP_29555
LINCSCP_141262	-0.9999069809	0.008683292648	3	PD-0325901	LSM-1101	MAP2K1|MAP2K2	0.04uM	MCF7	24h	LINCSCP_141262
LINCSCP_2342	0.9999068678	0.008688570681	3	SMR000178575	LSM-2708	NA	10uM	A375	6h	LINCSCP_2342
LINCSCP_277140	0.9999066694	0.008697820803	3	BRD-K85411199	LSM-41931	NA	5uM	PC3	24h	LINCSCP_277140
LINCSCP_106436	-0.9999066176	0.008700234868	3	Diclofensine (hydrochloride)	LSM-45632	NA	10uM	HELA	24h	LINCSCP_106436
LINCSCP_36448	0.9999062915	0.00871541556	3	LRRK2-IN-1	LSM-1086	LRRK2	10uM	MCF7	24h	LINCSCP_36448
LINCSCP_6233	0.999906093	0.008724638706	3	ST089307	LSM-4500	NA	10uM	A549	6h	LINCSCP_6233
LINCSCP_103782	-0.9999060639	0.008725991919	3	179324-69-7	LSM-6281	ADRM1|PSMA1|PSMA2|PSMA3|PSMA4|PSMA5|PSMA6|PSMA7|PSMA8|PSMB1|PSMB10|PSMB11|PSMB2|PSMB3|PSMB4|PSMB5|PSMB6|PSMB7|PSMB8|PSMB9|PSMC1|PSMC2|PSMC3|PSMC4|PSMC5|PSMC6|PSMD1|PSMD11|PSMD12|PSMD13|PSMD14|PSMD2|PSMD3|PSMD4|PSMD6|PSMD7|PSMD8|SEM1	20uM	HELA	24h	LINCSCP_103782
LINCSCP_28032	-0.9999059273	0.008732332395	3	BRD-K84245233	LSM-6856	NA	5uM	HT29	24h	LINCSCP_28032
LINCSCP_94175	-0.9999059069	0.00873328121	3	MK-8033	LSM-45677	MET|MST1R	10uM	HA1E	24h	LINCSCP_94175
LINCSCP_39940	-0.9999058129	0.008737644139	3	Piplartine	LSM-42914	NA	10uM	NCIH1836	6h	LINCSCP_39940
LINCSCP_43563	0.9999055091	0.008751720425	3	15D-PGJ2	LSM-43081	PPARG	10uM	NPC	6h	LINCSCP_43563
LINCSCP_33998	-0.9999054525	0.008754342959	3	CHEMBL1982812	LSM-6576	NA	10uM	MCF7	6h	LINCSCP_33998
LINCSCP_77359	0.9999052344	0.008764433859	3	Nalbuphine	LSM-3477	OPRD1|OPRK1|OPRM1	10uM	A375	24h	LINCSCP_77359
LINCSCP_130292	-0.9999043857	0.008803592088	3	AT-7519	LSM-1004	CDK1|CDK10|CDK11B|CDK12|CDK13|CDK14|CDK15|CDK16|CDK17|CDK18|CDK19|CDK2|CDK20|CDK3|CDK4|CDK5|CDK6|CDK7|CDK8|CDK9	1.11uM	LNCAP	3h	LINCSCP_130292
LINCSCP_52769	-0.9999042852	0.008808217496	3	1446-61-3	LSM-3383	CNR1	10uM	SKB	24h	LINCSCP_52769
LINCSCP_56709	-0.9999038989	0.00882597827	3	Dipropyldopamine	LSM-3854	NA	10uM	VCAP	24h	LINCSCP_56709
LINCSCP_138238	-0.9999036828	0.008835895318	3	179324-69-7	LSM-6281	ADRM1|PSMA1|PSMA2|PSMA3|PSMA4|PSMA5|PSMA6|PSMA7|PSMA8|PSMB1|PSMB10|PSMB11|PSMB2|PSMB3|PSMB4|PSMB5|PSMB6|PSMB7|PSMB8|PSMB9|PSMC1|PSMC2|PSMC3|PSMC4|PSMC5|PSMC6|PSMD1|PSMD11|PSMD12|PSMD13|PSMD14|PSMD2|PSMD3|PSMD4|PSMD6|PSMD7|PSMD8|SEM1	20uM	MCF7	24h	LINCSCP_138238
LINCSCP_38996	-0.9999034499	0.008846568951	3	THZ-2-98-01	LSM-45329	NA	0.1uM	MDAMB231	24h	LINCSCP_38996
LINCSCP_181179	-0.9999034193	0.00884797428	3	BRD-K96157570	LSM-15002	NA	5uM	A375	24h	LINCSCP_181179
LINCSCP_83296	-0.9999032717	0.008854732153	3	Idelalisib	LSM-1205	PIK3CD|PIK3CG	1.11uM	ASC.C	24h	LINCSCP_83296
LINCSCP_133933	0.9999031827	0.008858804866	3	CGK733	LSM-1610	ATM|ATR	1.11uM	MCF7	24h	LINCSCP_133933
LINCSCP_129739	-0.9999031538	0.008860126736	3	Sorafenib	LSM-1008	BRAF|DDR2|FGFR1|FLT1|FLT3|FLT4|KDR|KIT|PDGFRB|RAF1|RET	10uM	LNCAP	24h	LINCSCP_129739
LINCSCP_142419	0.9999031013	0.008862526477	3	Nafronyl	LSM-1730	NA	0.12uM	MCF7	24h	LINCSCP_142419
LINCSCP_23330	-0.9999030184	0.008866318182	3	MEGXP0_000816	LSM-36633	NA	3uM	HEPG2	24h	LINCSCP_23330
LINCSCP_164404	-0.9999029941	0.008867427587	3	BMS-777607	LSM-1144	AXL|MERTK|MET|MST1R|TYRO3	10uM	SKL.C	24h	LINCSCP_164404
LINCSCP_51882	0.9999027433	0.008878882331	3	ZINC77024257	LSM-1171	MDM2	0.5uM	SKBR3	24h	LINCSCP_51882
LINCSCP_311000	0.9999026182	0.008884592322	3	BRD-K33637182	LSM-39114	NA	10uM	VCAP	6h	LINCSCP_311000
LINCSCP_284096	-0.9999025541	0.008887515019	3	IN1304	LSM-1338	PPARG	10uM	SKB	24h	LINCSCP_284096
LINCSCP_22106	-0.9999024924	0.008890331042	3	MLS003329222	LSM-3881	NA	10uM	HEPG2	6h	LINCSCP_22106
LINCSCP_102441	0.9999023167	0.008898337292	3	KW-2449	LSM-42803	ABL1|AURKA|AURKB|FLT3	10uM	HELA	24h	LINCSCP_102441
LINCSCP_136431	0.9999022744	0.008900261554	3	Olprinone (Hydrochloride)	LSM-45375	NA	1.11uM	MCF7	24h	LINCSCP_136431
LINCSCP_143210	0.9999022283	0.008902361367	3	Tosedostat	LSM-6286	ANPEP|C9orf3|DNPEP|ENPEP|ERAP1|ERAP2|LAP3|LNPEP|LVRN|METAP1|METAP1D|METAP2|NPEPL1|NPEPPS|RNPEP|RNPEPL1|XPNPEP1|XPNPEP2|XPNPEP3	0.37uM	MCF7	24h	LINCSCP_143210
LINCSCP_11733	0.9999018981	0.008917382726	3	Palbociclib	LSM-1071	CCND1|CDK4|CDK6	10uM	BT20	24h	LINCSCP_11733
LINCSCP_307596	-0.9999016479	0.00892874543	3	BRD-K77909743	LSM-13194	NA	5uM	VCAP	6h	LINCSCP_307596
LINCSCP_112343	-0.9999015732	0.008932135433	3	ABT737	LSM-1180	BCL2|BCL2L1|BCL2L2	1.11uM	HEPG2	24h	LINCSCP_112343
LINCSCP_154051	-0.9999014211	0.008939033644	3	TRAVOPROST	LSM-45593	PTGFR	3.33uM	PC3	24h	LINCSCP_154051
LINCSCP_171675	-0.9999014136	0.008939373925	3	Gliclazide	LSM-5096	ABCC8	3.33uM	YAPC	24h	LINCSCP_171675
LINCSCP_190807	0.9999012457	0.008946986677	3	ST50998710	LSM-43133	NA	10uM	A549	6h	LINCSCP_190807
LINCSCP_95564	0.9999012252	0.008947914822	3	Gefitinib	LSM-1098	EGFR	10uM	HA1E	24h	LINCSCP_95564
LINCSCP_24889	-0.9999010552	0.008955611501	3	CHIR-99021	LSM-1181	NA	1uM	HS578T	6h	LINCSCP_24889
LINCSCP_48722	-0.9999008046	0.008966946172	3	BRD-K05885800	LSM-44679	NA	10uM	PC3	24h	LINCSCP_48722
LINCSCP_88428	0.9999007432	0.008969717119	3	Allitinib	LSM-1225	NA	0.37uM	HA1E	24h	LINCSCP_88428
LINCSCP_16841	-0.9999005095	0.008980272207	3	CHEMBL2142935	LSM-6808	NA	10uM	HA1E	6h	LINCSCP_16841
LINCSCP_5071	0.9999003175	0.008988933753	3	3,5-Dimethoxy-n-(1H-1,2,4-triazol-3-yl)benzamide	LSM-1974	NA	10uM	A549	6h	LINCSCP_5071
LINCSCP_136801	0.9998999596	0.009005057694	3	Metronidazole	LSM-5628	CYP2C9|CYP3A4	3.33uM	MCF7	24h	LINCSCP_136801
LINCSCP_138807	-0.9998997714	0.009013523723	3	Roquinimex	LSM-2046	NA	0.37uM	MCF7	24h	LINCSCP_138807
LINCSCP_6269	0.9998996346	0.009019674407	3	STK568087	LSM-4669	NA	10uM	A549	6h	LINCSCP_6269
LINCSCP_118981	-0.9998995938	0.009021507291	3	Tofacitinib (CP-690550) Citrate	LSM-45505	NA	0.04uM	HT29	24h	LINCSCP_118981
LINCSCP_59201	-0.9998987637	0.009058723089	3	CHEMBL2144875	LSM-6105	NA	10uM	VCAP	24h	LINCSCP_59201
LINCSCP_192390	-0.9998987068	0.009061268147	3	NCGC00167821-01	LSM-1692	ADRA1A|ADRA2A|ADRA2B|ADRA2C|DRD1|DRD2|DRD3|DRD4|DRD5|HTR1A|HTR1B|HTR1D|HTR2A|HTR2B|HTR2C	10uM	A549	6h	LINCSCP_192390
LINCSCP_39665	-0.9998984662	0.009072021349	3	TWS 119	LSM-1111	GSK3B	10uM	MDAMB231	6h	LINCSCP_39665
LINCSCP_163720	-0.9998984585	0.009072365738	3	SCHEMBL1564574	LSM-1006	CHEK1|CHEK2	3.33uM	SKBR3	24h	LINCSCP_163720
LINCSCP_41362	0.9998982249	0.009082795744	3	Retinol	LSM-43173	RXRA|RXRB|RXRG	10uM	NEU	24h	LINCSCP_41362
LINCSCP_122500	-0.9998979227	0.009096269134	3	AMD-070 (hydrochloride)	LSM-45591	NA	10uM	HT29	24h	LINCSCP_122500
LINCSCP_117863	0.999897848	0.009099600833	3	Regorafenib	LSM-1226	ABL1|BRAF|DDR2|FGFR1|FGFR2|FLT1|FLT4|FRK|KDR|KIT|MAPK11|PDGFRA|PDGFRB|RAF1|RET|TEK	1.11uM	HT29	24h	LINCSCP_117863
LINCSCP_35596	0.9998976803	0.009107065961	3	4-Deoxyuridine	LSM-6181	CDA|DNMT1	1uM	MCF7	24h	LINCSCP_35596
LINCSCP_271208	0.9998975756	0.009111722359	3	NSC650841	LSM-4740	NA	10uM	PC3	24h	LINCSCP_271208
LINCSCP_50215	0.9998974818	0.009115893278	3	L-Hyoscyamine	LSM-2897	NA	10uM	PHH	24h	LINCSCP_50215
LINCSCP_102716	-0.9998973833	0.009120275329	3	TAS-103 (dihydrochloride)	LSM-45292	NA	0.04uM	HELA	24h	LINCSCP_102716
LINCSCP_148279	0.9998972574	0.009125868617	3	HMN-214	LSM-42802	CSF1R|FLT1|FLT3|FLT4|KDR|KIT|PDGFRB|RET	1.11uM	NPC.CAS9	24h	LINCSCP_148279
LINCSCP_45679	-0.9998970435	0.009135363589	3	MLS002264363	LSM-2417	NA	10uM	PC3	24h	LINCSCP_45679
LINCSCP_74545	-0.9998970165	0.009136559548	3	Iguratimod	LSM-45469	NA	0.04uM	A375	24h	LINCSCP_74545
LINCSCP_4901	-0.9998968209	0.009145230656	3	MLS-0390876.0001	LSM-2129	NA	10uM	A549	24h	LINCSCP_4901
LINCSCP_17145	0.9998960886	0.009177627532	3	Panobinostat	LSM-43059	HDAC1|HDAC10|HDAC11|HDAC2|HDAC3|HDAC4|HDAC5|HDAC6|HDAC7|HDAC8|HDAC9	0.5uM	HA1E	6h	LINCSCP_17145
LINCSCP_35327	0.9998959925	0.009181870051	3	BRD-K45466167	LSM-11199	NA	10uM	MCF7	24h	LINCSCP_35327
LINCSCP_34993	0.9998959666	0.009183015633	3	BRD-K01477275	LSM-37352	NA	5uM	MCF7	24h	LINCSCP_34993
LINCSCP_67148	-0.9998956954	0.009194976887	3	13-Hydroxy-8,14,19-trimethoxy-4,10,12,16-tetramethyl-3,20,22-trioxo-2-azabicyclo[16.3.1]docosa-1(21),4,6,10,18-pentaen-9-yl carbamate	LSM-42815	HSP90AA1	10uM	HT29	24h	LINCSCP_67148
LINCSCP_65437	-0.9998956039	0.009199008687	3	BRD-K28431278	LSM-38818	NA	10uM	VCAP	6h	LINCSCP_65437
LINCSCP_39664	0.9998955911	0.00919957141	3	TWS 119	LSM-1111	GSK3B	0.5uM	MDAMB231	6h	LINCSCP_39664
LINCSCP_57290	-0.9998955648	0.009200731227	3	Triazine Scaffold, 28	LSM-2785	NA	10uM	VCAP	24h	LINCSCP_57290
LINCSCP_46030	-0.9998954294	0.009206695449	3	Dactinomycin	LSM-5783	POLR2A	10uM	PC3	6h	LINCSCP_46030
LINCSCP_281439	0.9998953838	0.009208699833	3	Retinol	LSM-43173	RXRA|RXRB|RXRG	10uM	PHH	24h	LINCSCP_281439
LINCSCP_294979	-0.9998953287	0.009211126607	3	Heraclenol	LSM-4476	NA	10uM	VCAP	6h	LINCSCP_294979
LINCSCP_94725	-0.9998952943	0.00921264052	3	Cabozantinib	LSM-1195	KDR|MET	1.11uM	HA1E	24h	LINCSCP_94725
LINCSCP_58678	0.9998952393	0.009215060901	3	CBDIVE_003036	LSM-4324	NA	10uM	VCAP	6h	LINCSCP_58678
LINCSCP_142986	-0.999895178	0.009217754293	3	NVP DPP 728 dihydrochloride	LSM-45615	NA	3.33uM	MCF7	24h	LINCSCP_142986
LINCSCP_98516	0.9998950265	0.009224414932	3	Chloroquine	LSM-1901	NA	10uM	HA1E	24h	LINCSCP_98516
LINCSCP_74550	0.9998948055	0.009234120181	3	SPECTRUM_001092	LSM-1337	NR3C1	10uM	A375	24h	LINCSCP_74550
LINCSCP_143451	0.9998946198	0.009242265096	3	MG-132	LSM-1107	PSMB1	20uM	MCF7	24h	LINCSCP_143451
LINCSCP_117956	-0.9998944294	0.009250610022	3	Oxaprozin	LSM-2553	PTGS1|PTGS2	0.04uM	HT29	24h	LINCSCP_117956
LINCSCP_69650	0.9998942041	0.009260477504	3	LRRK2-IN-1	LSM-1086	LRRK2	10uM	A375	24h	LINCSCP_69650
LINCSCP_126112	0.9998934454	0.009293623226	3	Vidarabine	LSM-5800	ADA	10uM	HT29	24h	LINCSCP_126112
LINCSCP_7403	-0.9998934326	0.009294180218	3	Maackiain	LSM-1932	NA	10uM	A549	6h	LINCSCP_7403
LINCSCP_21438	0.9998933241	0.0092989134	3	PLX-4720	LSM-1049	BRAF	3uM	HEK293T	6h	LINCSCP_21438
LINCSCP_148878	0.9998933015	0.009299899033	3	Vorinostat	LSM-3828	HDAC1|HDAC2|HDAC3|HDAC6|HDAC8	10uM	NPC	24h	LINCSCP_148878
LINCSCP_181468	-0.9998931022	0.00930857763	3	BRD-K02653582	LSM-14684	NA	5uM	A375	24h	LINCSCP_181468
LINCSCP_8534	-0.9998930443	0.009311099523	3	BRD-K63724542	LSM-43487	NA	5uM	A549	24h	LINCSCP_8534
LINCSCP_30925	0.9998930212	0.009312106042	3	4-Methoxy-6-phenyl-1H-pyrimidine-2-thione	LSM-2060	NA	10uM	MCF7	24h	LINCSCP_30925
LINCSCP_103407	-0.9998926555	0.009328009641	3	Buparlisib	LSM-1148	PIK3CA|PIK3CB|PIK3CD|PIK3CG|PIK3R1|PIK3R2|PIK3R3|PIK3R5	0.37uM	HELA	24h	LINCSCP_103407
LINCSCP_93249	-0.999892537	0.009333156399	3	BRD-A32440707	LSM-45970	NA	3.33uM	HA1E	24h	LINCSCP_93249
LINCSCP_293260	-0.9998923629	0.009340714623	3	Nafadotride	LSM-1755	DRD3	10uM	VCAP	24h	LINCSCP_293260
LINCSCP_355	-0.9998921647	0.009349310848	3	SCH-28080	LSM-3243	ATP4A	10uM	A375	24h	LINCSCP_355
LINCSCP_176496	0.99989158	0.00937462208	3	Triflupromazine	LSM-3421	DRD2|HTR2B	0.1uM	A375	6h	LINCSCP_176496
LINCSCP_90357	-0.9998914157	0.009381722091	3	Oprozomib (ONX 0912)	LSM-45496	NA	10uM	HA1E	24h	LINCSCP_90357
LINCSCP_12449	0.9998913553	0.009384330848	3	BRD-K26684619	LSM-45323	NA	10uM	CD34	6h	LINCSCP_12449
LINCSCP_100705	0.9998912951	0.009386931224	3	Decitabine	LSM-5855	DNMT1|DNMT3A	0.04uM	HCC515	24h	LINCSCP_100705
LINCSCP_56644	0.9998912298	0.009389751653	3	Glemanserin	LSM-1685	HTR2A	10uM	VCAP	24h	LINCSCP_56644
LINCSCP_27533	0.9998909355	0.009402444467	3	BRD-K48102470	LSM-11358	NA	5uM	HT29	24h	LINCSCP_27533
LINCSCP_154893	-0.9998905962	0.009417060187	3	Osimertinib	LSM-6344	EGFR|ERBB2|ERBB3|ERBB4	0.12uM	PC3	24h	LINCSCP_154893
LINCSCP_21493	0.9998905301	0.009419904987	3	Pindolol	LSM-1953	ADRB1|ADRB2|HTR1A	10uM	HEPG2	6h	LINCSCP_21493
LINCSCP_43860	0.99989039	0.009425929603	3	Carbacyclin	LSM-42923	PPARD|PTGIR	1uM	PC3	6h	LINCSCP_43860
LINCSCP_301484	-0.9998901861	0.009434693662	3	BRD-K52204603	LSM-11622	NA	5uM	VCAP	6h	LINCSCP_301484
LINCSCP_46916	-0.9998899958	0.009442864227	3	Oxalomalicacid	LSM-5156	ACO1|IDH1	10uM	PC3	6h	LINCSCP_46916
LINCSCP_63276	-0.9998898273	0.009450095141	3	BRD-K25765811	LSM-9993	NA	5uM	VCAP	6h	LINCSCP_63276
LINCSCP_122849	0.9998898219	0.00945032445	3	BRD-A96746500	LSM-45978	NA	3.33uM	HT29	24h	LINCSCP_122849
LINCSCP_34214	0.9998896838	0.009456247139	3	NCH-51	LSM-5635	HDAC1|HDAC10|HDAC11|HDAC2|HDAC3|HDAC4|HDAC5|HDAC6|HDAC7|HDAC8|HDAC9	10uM	MCF7	6h	LINCSCP_34214
LINCSCP_109491	-0.9998895761	0.009460862779	3	AC1NSZCT	LSM-1785	NR3C1	10uM	HELA	24h	LINCSCP_109491
LINCSCP_56235	0.9998892236	0.009475951828	3	CL-82198	LSM-1992	MMP13	10uM	VCAP	24h	LINCSCP_56235
LINCSCP_25036	-0.9998890519	0.009483290068	3	LDN 193189	LSM-1115	ACVR1|BMPR1A	10uM	HT115	6h	LINCSCP_25036
LINCSCP_164888	-0.9998890211	0.009484606631	3	Rabusertib	LSM-36359	CHEK1	1.11uM	SKL.C	24h	LINCSCP_164888
LINCSCP_133735	-0.9998890168	0.009484791004	3	GSK J4	LSM-6328	NA	1.11uM	MCF7	24h	LINCSCP_133735
LINCSCP_175229	0.9998887982	0.009494125886	3	Nefopam	LSM-1811	NA	0.37uM	YAPC	24h	LINCSCP_175229
LINCSCP_53927	-0.999888734	0.009496866944	3	Vemurafenib	LSM-1068	BRAF	10uM	SNUC5	6h	LINCSCP_53927
LINCSCP_40194	0.9998886977	0.009498418265	3	RO-281675	LSM-6231	GCK	100uM	NCIH508	6h	LINCSCP_40194
LINCSCP_79445	0.9998886503	0.009500438387	3	MG-132	LSM-1107	PSMB1	20uM	A375	24h	LINCSCP_79445
LINCSCP_42433	0.9998885635	0.009504141046	3	AG1295	LSM-5680	FLT3	10uM	NPC	24h	LINCSCP_42433
LINCSCP_21699	-0.9998883851	0.009511744854	3	ASN 05257430	LSM-2975	NA	10uM	HEPG2	6h	LINCSCP_21699
LINCSCP_74840	0.9998878024	0.009536543163	3	Moclobemide	LSM-5247	MAOA	0.12uM	A375	24h	LINCSCP_74840
LINCSCP_112024	-0.9998877924	0.009536966367	3	Tyrphostin AG-1478	LSM-1224	EGFR	0.04uM	HEPG2	24h	LINCSCP_112024
LINCSCP_137727	-0.9998875478	0.009547355195	3	Theobromine	LSM-5483	NA	0.37uM	MCF7	24h	LINCSCP_137727
LINCSCP_88113	-0.9998875339	0.009547946964	3	Linifanib	LSM-1183	CSF1R|FLT1|FLT3|FLT4|KDR|PDGFRA|PDGFRB	0.37uM	HA1E	24h	LINCSCP_88113
LINCSCP_36799	0.9998874336	0.009552202176	3	Infigratinib	LSM-1184	FGFR1|FGFR2|FGFR3|FGFR4	1uM	MCF7	24h	LINCSCP_36799
LINCSCP_50060	0.9998873652	0.009555106438	3	7-[4-(2-Hydroxyphenyl)-2-(trifluoromethyl)-1,3-dioxan-5-yl]hept-5-enoic acid	LSM-1619	NA	10uM	PHH	24h	LINCSCP_50060
LINCSCP_29398	0.9998873141	0.009557273673	3	Elesclomol	LSM-4929	HSPA1A	10uM	LOVO	6h	LINCSCP_29398
LINCSCP_139637	0.9998871101	0.009565918402	3	Dacinostat	LSM-43097	HDAC1	0.04uM	MCF7	24h	LINCSCP_139637
LINCSCP_88966	0.9998870244	0.009569550023	3	NCGC00346967-01	LSM-6297	EPHB3	10uM	HA1E	24h	LINCSCP_88966
LINCSCP_24629	0.9998867093	0.009582888525	3	Imatinib	LSM-1023	ABL1|BCR|CSF1R|KIT|PDGFRA|PDGFRB	0.1uM	HS578T	6h	LINCSCP_24629
LINCSCP_43163	-0.9998866641	0.00958479874	3	BRD-K74316684	LSM-41315	NA	10uM	NPC	24h	LINCSCP_43163
LINCSCP_22123	0.9998866281	0.009586321921	3	MLS002725683	LSM-1326	NA	10uM	HEPG2	6h	LINCSCP_22123
LINCSCP_295191	-0.9998864525	0.00959374069	3	BRD-K99433267	LSM-42652	NA	10uM	VCAP	6h	LINCSCP_295191
LINCSCP_33999	0.9998863575	0.009597754184	3	BRD-K30802967	LSM-6102	NA	10uM	MCF7	6h	LINCSCP_33999
LINCSCP_85992	-0.9998863315	0.00959885167	3	A-443654	LSM-1045	NA	10uM	BT20	24h	LINCSCP_85992
LINCSCP_243647	-0.9998863076	0.009599861562	3	Amethopterin	LSM-4285	DHFR	10uM	MCF7	6h	LINCSCP_243647
LINCSCP_133295	-0.9998862945	0.009600415993	3	Tivozanib	LSM-1005	FLT1|FLT4|KDR|KIT|PDGFRA|PDGFRB	0.37uM	MCF7	24h	LINCSCP_133295
LINCSCP_32150	-0.9998862826	0.009600916586	3	5-{[3-(Dimethylamino)propyl]amino}-2-(2-fluorophenyl)-1,3-oxazole-4-carbonitrile	LSM-4564	NA	10uM	MCF7	24h	LINCSCP_32150
LINCSCP_156843	-0.9998862117	0.009603909774	3	Olaparib	LSM-1145	PARP1|PARP2|PARP3	0.37uM	PC3	24h	LINCSCP_156843
LINCSCP_260884	-0.9998858642	0.009618564971	3	CHEMBL2360495	LSM-6811	NA	3uM	NKDBA	24h	LINCSCP_260884
LINCSCP_104643	-0.9998858476	0.009619261608	3	Emedastine	LSM-5331	HRH1	0.12uM	HELA	24h	LINCSCP_104643
LINCSCP_155757	0.999885729	0.009624257712	3	Apafant	LSM-2613	PTAFR	3.33uM	PC3	24h	LINCSCP_155757
LINCSCP_138038	-0.9998856997	0.009625490888	3	Gemcitabine	LSM-5333	POLA1|POLD1|POLE|RRM1|RRM2|RRM2B	1.11uM	MCF7	24h	LINCSCP_138038
LINCSCP_6986	0.9998856749	0.009626534848	3	Albendazole	LSM-3782	NA	10uM	A549	6h	LINCSCP_6986
LINCSCP_120231	0.9998854366	0.009636564942	3	Siramesine (hydrochloride)	LSM-45705	NA	0.12uM	HT29	24h	LINCSCP_120231
LINCSCP_63299	0.9998854134	0.009637541259	3	BRD-K65124350	LSM-12403	NA	5uM	VCAP	6h	LINCSCP_63299
LINCSCP_146184	-0.9998853041	0.009642136186	3	Rebastinib	LSM-6708	ABL1	0.37uM	MNEU.E	24h	LINCSCP_146184
LINCSCP_78654	0.9998852738	0.009643409243	3	Falnidamol	LSM-3584	EGFR	1.11uM	A375	24h	LINCSCP_78654
LINCSCP_131400	0.9998852354	0.009645022746	3	noscapine	NA	NA	0.12uM	MCF10A	24h	LINCSCP_131400
LINCSCP_121292	-0.9998850543	0.009652631409	3	Pentamidine	LSM-4540	NA	0.37uM	HT29	24h	LINCSCP_121292
LINCSCP_95372	-0.9998850021	0.009654820762	3	Ursolic acid	LSM-4889	HSD11B1|PTPN1	10uM	HA1E	24h	LINCSCP_95372
LINCSCP_2375	0.9998849756	0.009655933668	3	Flupirtine	LSM-5616	KCNQ1|KCNQ2	10uM	A375	6h	LINCSCP_2375
LINCSCP_28471	-0.9998849749	0.009655963197	3	KUC111774N	LSM-36810	NA	10uM	HT29	6h	LINCSCP_28471
LINCSCP_191405	0.999884912	0.009658601677	3	BRD-K98634983	LSM-45119	NA	10uM	A549	6h	LINCSCP_191405
LINCSCP_148908	0.9998848221	0.009662372844	3	Entinostat	LSM-4811	HDAC1|HDAC10|HDAC11|HDAC2|HDAC3|HDAC4|HDAC5|HDAC6|HDAC7|HDAC8|HDAC9	10uM	NPC	24h	LINCSCP_148908
LINCSCP_75474	-0.9998848066	0.00966302575	3	PK-11195	LSM-1532	TSPO	0.12uM	A375	24h	LINCSCP_75474
LINCSCP_51809	-0.9998846913	0.009667861531	3	LDN 193189	LSM-1115	ACVR1|BMPR1A	10uM	SKBR3	24h	LINCSCP_51809
LINCSCP_43413	0.9998846762	0.009668491037	3	BML 210	LSM-37001	NA	10uM	NPC	24h	LINCSCP_43413
LINCSCP_182075	0.9998846745	0.009668565789	3	BRD-K08920503	LSM-8964	NA	5uM	A375	24h	LINCSCP_182075
LINCSCP_271108	-0.9998845151	0.00967524472	3	5,6-Dichlorobenzimidazole riboside	LSM-5138	CSNK2A1	10uM	PC3	24h	LINCSCP_271108
LINCSCP_104896	-0.9998841906	0.009688826455	3	UK 383367	LSM-45910	NA	10uM	HELA	24h	LINCSCP_104896
LINCSCP_7597	-0.9998841033	0.009692480233	3	GP 2A	LSM-2757	CNR2	10uM	A549	24h	LINCSCP_7597
LINCSCP_147840	-0.9998840421	0.009695035407	3	GSK J4	LSM-6328	NA	0.04uM	NPC.CAS9	24h	LINCSCP_147840
LINCSCP_13810	-0.9998840242	0.009695784202	3	Pinocembrin	LSM-4126	NA	10uM	HA1E	24h	LINCSCP_13810
LINCSCP_148788	0.9998840233	0.009695824574	3	GSK-1070916	LSM-1062	AURKB|AURKC	0.12uM	NPC	24h	LINCSCP_148788
LINCSCP_50092	0.9998835545	0.009715399122	3	BD-1008	LSM-2367	NA	10uM	PHH	24h	LINCSCP_50092
LINCSCP_19921	0.9998834357	0.009720354504	3	FR-180204	LSM-42790	MAPK1|MAPK3	10uM	HCC515	6h	LINCSCP_19921
LINCSCP_95738	-0.9998834347	0.009720395212	3	Ifosfamide	LSM-5118	CYP2A6|CYP2B6|CYP2C18|CYP2C19|CYP2C8|CYP2C9|CYP3A4|CYP3A5|CYP3A7|PTGS1	10uM	HA1E	24h	LINCSCP_95738
LINCSCP_44677	0.9998833366	0.009724487761	3	Periplocymarin	LSM-1573	NA	10uM	PC3	24h	LINCSCP_44677
LINCSCP_110092	-0.9998830958	0.009734515737	3	Nesbuvir	LSM-45670	NA	1.11uM	HELA	24h	LINCSCP_110092
LINCSCP_19421	0.9998829345	0.009741230025	3	Tozasertib	LSM-1021	ABL1|AURKA|AURKB|AURKC|BCR|FLT3|JAK2	10uM	HCC515	24h	LINCSCP_19421
LINCSCP_18209	-0.9998827066	0.009750707958	3	BRL54443	LSM-2389	HTR1E|HTR1F	10uM	HCC515	24h	LINCSCP_18209
LINCSCP_116351	-0.9998823942	0.00976368401	3	SU 11274	LSM-42792	MET	1.11uM	HT29	24h	LINCSCP_116351
LINCSCP_104141	-0.9998823212	0.009766716068	3	179324-69-7	LSM-6281	ADRM1|PSMA1|PSMA2|PSMA3|PSMA4|PSMA5|PSMA6|PSMA7|PSMA8|PSMB1|PSMB10|PSMB11|PSMB2|PSMB3|PSMB4|PSMB5|PSMB6|PSMB7|PSMB8|PSMB9|PSMC1|PSMC2|PSMC3|PSMC4|PSMC5|PSMC6|PSMD1|PSMD11|PSMD12|PSMD13|PSMD14|PSMD2|PSMD3|PSMD4|PSMD6|PSMD7|PSMD8|SEM1	20uM	HELA	24h	LINCSCP_104141
LINCSCP_41912	-0.9998822122	0.009771237149	3	Trifluoperazine	LSM-4010	DRD2|DRD3|DRD4|HTR2A|HTR2C	10uM	NOMO1	6h	LINCSCP_41912
LINCSCP_5208	0.9998819665	0.009781422899	3	NSC643180	LSM-42839	NA	10uM	A549	6h	LINCSCP_5208
LINCSCP_95823	-0.9998817085	0.009792107578	3	BRD-A98888159	LSM-45917	NA	3.33uM	HA1E	24h	LINCSCP_95823
LINCSCP_15625	-0.9998816462	0.009794685869	3	9-Cis retinol	LSM-5317	RARA|RARB|RARG|RORB	40uM	HA1E	6h	LINCSCP_15625
LINCSCP_108806	0.9998816172	0.009795887076	3	Trazodone	LSM-3580	HTR2A|HTR2C|SLC6A4	0.37uM	HELA	24h	LINCSCP_108806
LINCSCP_49295	-0.9998815543	0.009798487383	3	BRD-K01621458	LSM-45313	NA	5uM	PC3	24h	LINCSCP_49295
LINCSCP_72334	0.9998814873	0.009801258488	3	Cromolyn	LSM-5370	NA	3.33uM	A375	24h	LINCSCP_72334
LINCSCP_164703	0.999881306	0.009808754865	3	JW 55	LSM-6318	NA	0.37uM	SKL.C	24h	LINCSCP_164703
LINCSCP_151225	-0.9998812421	0.009811392081	3	CGP 60474	LSM-1025	CDK1	10uM	PC3	24h	LINCSCP_151225
LINCSCP_125208	-0.9998812199	0.009812308805	3	MEK162 (ARRY-162, ARRY-438162)	LSM-45640	MAP2K1|MAP2K2	1.11uM	HT29	24h	LINCSCP_125208
LINCSCP_7348	0.9998810232	0.009820431194	3	SCH-58261	LSM-3822	ADORA1|ADORA2A	10uM	A549	24h	LINCSCP_7348
LINCSCP_15712	-0.9998809971	0.009821509429	3	CHEMBL241271	LSM-1916	NA	10uM	HA1E	24h	LINCSCP_15712
LINCSCP_99305	0.9998808273	0.009828511798	3	Pranlukast	LSM-6006	CYSLTR1|CYSLTR2	0.04uM	HA1E	24h	LINCSCP_99305
LINCSCP_173055	-0.9998807973	0.009829748334	3	PD-0325901	LSM-1101	MAP2K1|MAP2K2	0.12uM	YAPC	24h	LINCSCP_173055
LINCSCP_134185	0.9998807171	0.009833058221	3	HMN-214	LSM-42802	CSF1R|FLT1|FLT3|FLT4|KDR|KIT|PDGFRB|RET	0.12uM	MCF7	24h	LINCSCP_134185
LINCSCP_58724	-0.9998806834	0.009834445108	3	BRD-K35638681	LSM-39222	NA	10uM	VCAP	6h	LINCSCP_58724
LINCSCP_5967	-0.9998806473	0.009835934123	3	ALD1-H_001031	LSM-45108	NA	10uM	A549	24h	LINCSCP_5967
LINCSCP_94795	-0.9998806377	0.009836328792	3	Clindamycin	LSM-45814	NA	1.11uM	HA1E	24h	LINCSCP_94795
LINCSCP_137418	0.9998805576	0.00983962965	3	Resminostat	LSM-45663	NA	10uM	MCF7	24h	LINCSCP_137418
LINCSCP_88993	0.9998800703	0.009859680767	3	EMF-sumo1-1	NA	NA	3.33uM	HA1E	24h	LINCSCP_88993
LINCSCP_113816	-0.999879861	0.009868282243	3	PDK1 Inhibitor	LSM-1081	PDPK1	3.33uM	HME1	24h	LINCSCP_113816
LINCSCP_169267	0.9998798319	0.009869475559	3	Bicalutamide	LSM-1437	AR	3.33uM	YAPC	24h	LINCSCP_169267
LINCSCP_191327	-0.9998794925	0.009883404355	3	BRD-K65261396-002-01-3	LSM-43224	FKBP1A	10uM	A549	6h	LINCSCP_191327
LINCSCP_168441	0.9998794389	0.00988559916	3	Sorafenib	LSM-1008	BRAF|DDR2|FGFR1|FLT1|FLT3|FLT4|KDR|KIT|PDGFRB|RAF1|RET	1.11uM	YAPC	24h	LINCSCP_168441
LINCSCP_248971	0.9998787784	0.009912642542	3	BRD-K41302766	LSM-39551	NA	5uM	MCF7	24h	LINCSCP_248971
LINCSCP_105630	0.9998786616	0.009917417382	3	BRD-A77864279	LSM-45397	NA	0.37uM	HELA	24h	LINCSCP_105630
LINCSCP_133335	-0.9998782152	0.009935646344	3	Bosutinib	LSM-1190	ABL1|BCR|CAMK2G|HCK|LYN|SRC	3.33uM	MCF7	24h	LINCSCP_133335
LINCSCP_18479	0.9998781377	0.00993880462	3	Securinine	LSM-6733	GABRA1	10uM	HCC515	24h	LINCSCP_18479
LINCSCP_100707	0.999877851	0.009950490138	3	Ischemin	LSM-6336	NA	3.33uM	HCC515	24h	LINCSCP_100707
LINCSCP_17920	-0.9998777326	0.009955312518	3	Saquinavir	LSM-2205	NA	10uM	HCC515	24h	LINCSCP_17920
LINCSCP_133204	0.9998776537	0.009958524771	3	Imatinib	LSM-1023	ABL1|BCR|CSF1R|KIT|PDGFRA|PDGFRB	0.04uM	MCF7	3h	LINCSCP_133204
LINCSCP_13432	0.9998774863	0.009965335951	3	Blebbistatin	LSM-6195	MYH2	40uM	H1299	6h	LINCSCP_13432
LINCSCP_6199	-0.999877383	0.00996953611	3	SNS-314	LSM-5795	AURKA|AURKB|AURKC	10uM	A549	24h	LINCSCP_6199
LINCSCP_63259	-0.9998773393	0.00997131079	3	BRD-K07594626	LSM-8883	NA	5uM	VCAP	6h	LINCSCP_63259
LINCSCP_243708	-0.9998773311	0.009971644383	3	Busulfan	LSM-5388	NA	10uM	MCF7	6h	LINCSCP_243708
LINCSCP_312400	0.9998769624	0.009986618965	3	CHEMBL2356562	LSM-42502	NA	3uM	VCAP	24h	LINCSCP_312400
LINCSCP_2271	-0.999876939	0.00998756991	3	AS601245	LSM-1034	MAPK10|MAPK8|MAPK9	10uM	A375	6h	LINCSCP_2271
LINCSCP_259833	0.9998766171	0.01000062185	3	BRD-K83068825	LSM-36447	NA	10uM	NEU	6h	LINCSCP_259833
LINCSCP_156511	0.9998764909	0.01000573624	3	Cabazitaxel	LSM-46002	NA	3.33uM	PC3	24h	LINCSCP_156511
LINCSCP_276167	-0.9998763246	0.01001247098	3	BRD-K49452151	LSM-11435	NA	5uM	PC3	24h	LINCSCP_276167
LINCSCP_19085	0.9998760322	0.01002430066	3	Naproxol	LSM-2742	PTGS1|PTGS2	10uM	HCC515	6h	LINCSCP_19085
LINCSCP_62381	-0.9998759154	0.01002901969	3	BRD-K49906853	LSM-11459	NA	5uM	VCAP	6h	LINCSCP_62381
LINCSCP_122737	-0.9998757478	0.01003579111	3	179324-69-7	LSM-6281	ADRM1|PSMA1|PSMA2|PSMA3|PSMA4|PSMA5|PSMA6|PSMA7|PSMA8|PSMB1|PSMB10|PSMB11|PSMB2|PSMB3|PSMB4|PSMB5|PSMB6|PSMB7|PSMB8|PSMB9|PSMC1|PSMC2|PSMC3|PSMC4|PSMC5|PSMC6|PSMD1|PSMD11|PSMD12|PSMD13|PSMD14|PSMD2|PSMD3|PSMD4|PSMD6|PSMD7|PSMD8|SEM1	20uM	HT29	24h	LINCSCP_122737
LINCSCP_13065	0.999875422	0.01004894244	3	2-Chloro-10H-phenothiazine-10-propanamine 5-oxide	LSM-36914	NA	10uM	FIBRNPC	6h	LINCSCP_13065
LINCSCP_133692	-0.9998752645	0.01005529065	3	848193-68-0	LSM-6271	SIRT1	3.33uM	MCF7	24h	LINCSCP_133692
LINCSCP_56947	0.9998748765	0.01007091922	3	Navitoclax	LSM-4738	BCL2|BCL2L1|BCL2L2	10uM	VCAP	24h	LINCSCP_56947
LINCSCP_69458	-0.9998744226	0.0100891678	3	C24H25CLFN5O3	LSM-42794	EGFR|ERBB2|ERBB4	10uM	A375	24h	LINCSCP_69458
LINCSCP_74877	-0.9998743418	0.01009241343	3	Benoxinate	LSM-2069	SCN10A|SCN11A|SCN1A|SCN2A|SCN3A|SCN4A|SCN5A|SCN7A|SCN8A|SCN9A	0.04uM	A375	24h	LINCSCP_74877
LINCSCP_107380	0.9998742317	0.01009683408	3	BRD-A70541707	LSM-45654	NA	3.33uM	HELA	24h	LINCSCP_107380
LINCSCP_65544	-0.9998741976	0.01009820356	3	CHEMBL2356523	LSM-42342	NA	10uM	VCAP	6h	LINCSCP_65544
LINCSCP_74845	0.9998740879	0.01010260426	3	Esmolol	LSM-4957	ADRB1|ADRB2	0.37uM	A375	24h	LINCSCP_74845
LINCSCP_39195	-0.9998740403	0.01010451477	3	A-443654	LSM-1045	AKT1|AKT2	1uM	MDAMB231	6h	LINCSCP_39195
LINCSCP_278996	0.9998739263	0.01010908813	3	BRD-K18891555	LSM-38282	NA	10uM	PC3	6h	LINCSCP_278996
LINCSCP_42871	-0.999873924	0.01010917913	3	CHEMBL59836	LSM-2580	CHRM3	10uM	NPC	24h	LINCSCP_42871
LINCSCP_91873	-0.9998738121	0.01011366652	3	GSK-1070916	LSM-1062	AURKB|AURKC	0.37uM	HA1E	24h	LINCSCP_91873
LINCSCP_58377	-0.999873732	0.0101168724	3	BRD-K45842176	LSM-36685	NA	10uM	VCAP	24h	LINCSCP_58377
LINCSCP_2892	-0.9998735019	0.01012608616	3	792173-99-0	LSM-2924	HCRTR1	10uM	A375	6h	LINCSCP_2892
LINCSCP_39229	-0.999873423	0.01012924536	3	Pictilisib	LSM-1047	PIK3CA|PIK3CB|PIK3CD|PIK3CG|PIK3R1|PIK3R2|PIK3R3|PIK3R5	0.1uM	MDAMB231	6h	LINCSCP_39229
LINCSCP_252685	0.9998731863	0.01013871257	3	MLS003129922	LSM-15083	NA	1uM	MCF7	24h	LINCSCP_252685
LINCSCP_55686	0.9998731541	0.0101399977	3	CHEMBL287327	LSM-3665	NA	10uM	VCAP	24h	LINCSCP_55686
LINCSCP_2942	-0.9998730656	0.0101435345	3	NCGC00170205-01	LSM-36647	NA	10uM	A375	6h	LINCSCP_2942
LINCSCP_62096	0.9998730137	0.01014560817	3	BRD-K52149447	LSM-11618	NA	5uM	VCAP	6h	LINCSCP_62096
LINCSCP_131	-0.9998725595	0.01016373672	3	Dorsomorphin	LSM-3207	BMPR1A|BMPR1B|PRKAA1	10uM	A375	6h	LINCSCP_131
LINCSCP_81068	-0.9998724858	0.01016667753	3	Mitoxantrone	LSM-2481	TOP2A	0.12uM	A549	24h	LINCSCP_81068
LINCSCP_91070	-0.9998723822	0.01017080711	3	MG-132	LSM-1107	PSMB1	20uM	HA1E	24h	LINCSCP_91070
LINCSCP_9060	-0.9998722053	0.01017785466	3	SCHEMBL17783876	LSM-40647	NA	10uM	A549	24h	LINCSCP_9060
LINCSCP_252155	-0.9998719367	0.01018854257	3	Estradiol	LSM-2421	ESR1|ESR2|NR1I2	10uM	MCF7	24h	LINCSCP_252155
LINCSCP_59981	-0.9998717932	0.01019425062	3	BRD-K94616516	LSM-42409	NA	5uM	VCAP	6h	LINCSCP_59981
LINCSCP_116781	-0.9998717347	0.01019657457	3	Lapatinib	LSM-1051	EGFR|ERBB2	10uM	HT29	24h	LINCSCP_116781
LINCSCP_145591	-0.999871446	0.01020804564	3	13-Hydroxy-8,14,19-trimethoxy-4,10,12,16-tetramethyl-3,20,22-trioxo-2-azabicyclo[16.3.1]docosa-1(21),4,6,10,18-pentaen-9-yl carbamate	LSM-42815	HSP90AA1	0.04uM	MDAMB231	24h	LINCSCP_145591
LINCSCP_18084	-0.9998712657	0.01021520021	3	SKF-77434	LSM-1702	DRD1	10uM	HCC515	6h	LINCSCP_18084
LINCSCP_293925	0.9998711186	0.01022103563	3	Rufloxacin	LSM-5715	NA	10uM	VCAP	24h	LINCSCP_293925
LINCSCP_141673	-0.9998710829	0.01022245156	3	Macitentan	LSM-45420	EDNRA|EDNRB	1.11uM	MCF7	24h	LINCSCP_141673
LINCSCP_10926	0.9998710325	0.01022445043	3	CHEMBL1617615	LSM-4884	XIAP	10uM	ASC	24h	LINCSCP_10926
LINCSCP_45895	0.9998706768	0.01023853844	3	Benzbromarone	LSM-2239	NA	10uM	PC3	24h	LINCSCP_45895
LINCSCP_73473	-0.9998704868	0.01024605682	3	PI-103	LSM-1126	MTOR|PIK3CA|PIK3CB|PIK3CD|PIK3CG	10uM	A375	24h	LINCSCP_73473
LINCSCP_10000	-0.9998704296	0.01024832134	3	ML162	LSM-1493	NA	10uM	A549	24h	LINCSCP_10000
LINCSCP_26088	0.9998702409	0.01025578269	3	MLS002264489	LSM-2871	NA	10uM	HT29	6h	LINCSCP_26088
LINCSCP_147919	0.9998701392	0.01025980104	3	Pracinostat	LSM-43290	NA	3.33uM	NPC.CAS9	24h	LINCSCP_147919
LINCSCP_178296	-0.9998699669	0.01026660157	3	STK222600	LSM-3535	NA	10uM	A375	6h	LINCSCP_178296
LINCSCP_139772	-0.9998699499	0.0102672754	3	ICI 192,605	LSM-45545	NA	1.11uM	MCF7	24h	LINCSCP_139772
LINCSCP_31016	-0.9998698983	0.01026931205	3	MLS002699921	LSM-3897	NA	10uM	MCF7	24h	LINCSCP_31016
LINCSCP_296603	0.9998698193	0.01027242854	3	BRD-K93138145	LSM-42327	NA	5uM	VCAP	24h	LINCSCP_296603
LINCSCP_39766	-0.9998694996	0.01028503315	3	Dorsomorphin	LSM-3207	BMPR1A|BMPR1B|PRKAA1	10uM	MDST8	6h	LINCSCP_39766
LINCSCP_26094	0.9998693066	0.01029263911	3	MLS003448167	LSM-2956	NA	10uM	HT29	6h	LINCSCP_26094
LINCSCP_85145	0.9998692653	0.0102942627	3	Vemurafenib	LSM-1068	BRAF	0.04uM	BT20	24h	LINCSCP_85145
LINCSCP_93764	-0.999869141	0.01029915731	3	CGP-12177	LSM-1474	NA	1.11uM	HA1E	24h	LINCSCP_93764
LINCSCP_307877	-0.9998687527	0.0103144263	3	BRD-K07323881-001-01-6	LSM-8858	NA	5uM	VCAP	6h	LINCSCP_307877
LINCSCP_83818	-0.9998684512	0.01032626651	3	301836-43-1	LSM-1203	CSNK1A1|TGFB1	10uM	ASC.C	24h	LINCSCP_83818
LINCSCP_75489	-0.9998682422	0.01033446478	3	Acetaminophen	LSM-5533	FAAH|PTGS1|PTGS2|TRPV1	3.33uM	A375	24h	LINCSCP_75489
LINCSCP_5180	-0.9998681612	0.01033764453	3	SMR000798352	LSM-4087	NA	10uM	A549	6h	LINCSCP_5180
LINCSCP_71063	0.9998680383	0.01034245969	3	179324-69-7	LSM-6281	ADRM1|PSMA1|PSMA2|PSMA3|PSMA4|PSMA5|PSMA6|PSMA7|PSMA8|PSMB1|PSMB10|PSMB11|PSMB2|PSMB3|PSMB4|PSMB5|PSMB6|PSMB7|PSMB8|PSMB9|PSMC1|PSMC2|PSMC3|PSMC4|PSMC5|PSMC6|PSMD1|PSMD11|PSMD12|PSMD13|PSMD14|PSMD2|PSMD3|PSMD4|PSMD6|PSMD7|PSMD8|SEM1	20uM	A375	24h	LINCSCP_71063
LINCSCP_146570	-0.9998679705	0.01034511827	3	BRD-A25736793	LSM-43054	MTOR	0.37uM	NEU	24h	LINCSCP_146570
LINCSCP_69134	0.9998675371	0.01036208206	3	TGX 221	LSM-1172	PIK3CB	0.04uM	A375	24h	LINCSCP_69134
LINCSCP_87073	0.9998674081	0.01036712593	3	RG 108	LSM-6283	DNMT1	0.37uM	CD34	24h	LINCSCP_87073
LINCSCP_33485	-0.9998673963	0.01036758972	3	BD-1008	LSM-2367	NA	10uM	MCF7	6h	LINCSCP_33485
LINCSCP_594	0.9998671723	0.01037634074	3	Fumonisin-B1	LSM-6190	CERS1	100uM	A375	24h	LINCSCP_594
LINCSCP_6979	-0.9998671586	0.01037687731	3	CHEMBL3188521	LSM-3435	NR1H4	10uM	A549	6h	LINCSCP_6979
LINCSCP_16067	0.9998668134	0.01039034979	3	MLS002607669	LSM-3914	NA	10uM	HA1E	6h	LINCSCP_16067
LINCSCP_163071	-0.9998666586	0.01039638793	3	YM 201636	LSM-1109	NA	0.37uM	SKBR3	24h	LINCSCP_163071
LINCSCP_114999	-0.9998666334	0.01039737111	3	TWS 119	LSM-1111	GSK3B	1.11uM	HS578T	24h	LINCSCP_114999
LINCSCP_81598	-0.9998663435	0.01040866483	3	CHEMBL585951	LSM-36386	MAPK8	3.33uM	A549	24h	LINCSCP_81598
LINCSCP_15044	-0.999866061	0.0104196595	3	SB-206553	LSM-2800	HTR2B|HTR2C	10uM	HA1E	24h	LINCSCP_15044
LINCSCP_158161	-0.9998659798	0.01042281619	3	Ilomastat	LSM-3143	NA	0.12uM	PC3	24h	LINCSCP_158161
LINCSCP_52940	-0.9998656866	0.0104342103	3	PG 490	LSM-6185	NA	0.1uM	SKLU1	6h	LINCSCP_52940
LINCSCP_12783	0.9998656703	0.01043484584	3	BIBR-1532	LSM-43274	TERT	80uM	DV90	6h	LINCSCP_12783
LINCSCP_134239	-0.9998655322	0.01044020682	3	SB239063	LSM-1036	MAPK11|MAPK14	0.12uM	MCF7	24h	LINCSCP_134239
LINCSCP_6557	0.999865286	0.01044976274	3	K858	LSM-5122	KIF11	10uM	A549	6h	LINCSCP_6557
LINCSCP_55632	-0.9998650143	0.01046029386	3	GR-127935	LSM-2243	HTR1A|HTR1B|HTR1D|HTR2A|HTR2C	10uM	VCAP	24h	LINCSCP_55632
LINCSCP_65328	-0.999864672	0.01047354916	3	BRD-K68315360	LSM-15154	NA	10uM	VCAP	24h	LINCSCP_65328
LINCSCP_87947	-0.9998646323	0.01047508371	3	GSK 1059615	LSM-42799	PIK3CA|PIK3CB|PIK3CD|PIK3CG	0.37uM	HA1E	24h	LINCSCP_87947
LINCSCP_165099	0.9998643115	0.01048749101	3	869288-64-2	LSM-1200	NA	0.37uM	SKL.C	24h	LINCSCP_165099
LINCSCP_3247	0.999864208	0.01049148989	3	BRD-K07493900	LSM-8873	NA	5uM	A375	24h	LINCSCP_3247
LINCSCP_4129	-0.9998639574	0.01050116612	3	Gelsemine	LSM-1353	GLRA3	10uM	A549	24h	LINCSCP_4129
LINCSCP_40839	0.9998634712	0.01051991294	3	CHEMBL1728581	LSM-6598	NA	10uM	NEU	24h	LINCSCP_40839
LINCSCP_172169	0.9998634069	0.01052239096	3	Lomerizine	LSM-5717	NA	10uM	YAPC	24h	LINCSCP_172169
LINCSCP_42760	0.9998630404	0.01053649842	3	Endecaphyllin X	LSM-3220	NA	10uM	NPC	24h	LINCSCP_42760
LINCSCP_89339	-0.9998626825	0.01055025687	3	1-(1,3-Benzodioxol-5-ylcarbonyl)piperidine	LSM-20930	NA	10uM	HA1E	24h	LINCSCP_89339
LINCSCP_147464	0.9998625797	0.01055420619	3	Ipatasertib	LSM-6341	AKT1|AKT2|AKT3	10uM	NPC.CAS9	24h	LINCSCP_147464
LINCSCP_94033	-0.9998622712	0.01056604661	3	Clofazimine	LSM-5669	NA	3.33uM	HA1E	24h	LINCSCP_94033
LINCSCP_227770	-0.9998621373	0.01057118067	3	MLS003130364	LSM-6158	NA	10uM	HT29	6h	LINCSCP_227770
LINCSCP_65998	0.9998616149	0.01059119137	3	BRD-K55896440	LSM-11815	NA	0.5uM	VCAP	24h	LINCSCP_65998
LINCSCP_21369	-0.9998614637	0.01059697716	3	CHEMBL3182405	LSM-4793	NA	10uM	HEC108	6h	LINCSCP_21369
LINCSCP_101623	0.9998612425	0.01060543328	3	Sotrastaurin	LSM-42761	PRKCA|PRKCB|PRKCD|PRKCE|PRKCG|PRKCH|PRKCI|PRKCQ|PRKCZ|PRKD1|PRKD3	1.11uM	HELA	24h	LINCSCP_101623
LINCSCP_86636	-0.9998608064	0.01062208378	3	KW-2449	LSM-42803	ABL1|AURKA|AURKB|FLT3	10uM	CD34	24h	LINCSCP_86636
LINCSCP_73723	-0.9998607619	0.0106237842	3	MG-132	LSM-1107	PSMB1	20uM	A375	24h	LINCSCP_73723
LINCSCP_93983	-0.9998602914	0.01064171743	3	TSU-68	LSM-43215	AURKA|AURKB|FGFR1|FGFR2|FGFR3|FGFR4|KDR|PDGFRA|PDGFRB	0.04uM	HA1E	24h	LINCSCP_93983
LINCSCP_149843	-0.9998602292	0.01064408769	3	BS-181	LSM-6305	NA	3.33uM	NPC.TAK	24h	LINCSCP_149843
LINCSCP_56612	-0.9998599832	0.01065345095	3	Homatropine	LSM-1299	CHRM1	10uM	VCAP	24h	LINCSCP_56612
LINCSCP_31626	-0.9998598165	0.0106597884	3	MLS002276510	LSM-3272	NA	10uM	MCF7	24h	LINCSCP_31626
LINCSCP_204403	-0.9998596251	0.01066706385	3	UCL 2077	LSM-3106	NA	10uM	ASC	24h	LINCSCP_204403
LINCSCP_176240	-0.9998595309	0.01067064457	3	Dihydroorotate Dehydrogenase Inhibitor, Brequinar	LSM-45952	NA	3.33uM	YAPC	24h	LINCSCP_176240
LINCSCP_88336	0.9998594134	0.01067510545	3	CHEMBL3182395	LSM-1164	MAP2K5|MAPK7	3.33uM	HA1E	24h	LINCSCP_88336
LINCSCP_135195	-0.9998591159	0.01068639486	3	BRD-A41986761	LSM-45957	NA	3.33uM	MCF7	24h	LINCSCP_135195
LINCSCP_9719	-0.9998588423	0.01069676555	3	NU1025	LSM-4643	PARP1	0.5uM	A549	24h	LINCSCP_9719
LINCSCP_75876	-0.9998588111	0.01069795004	3	CEP-18770 (Delanzomib)	LSM-45410	NA	10uM	A375	24h	LINCSCP_75876
LINCSCP_251398	0.9998587828	0.01069902256	3	Tozasertib	LSM-1021	ABL1|AURKA|AURKB|AURKC|BCR|FLT3|JAK2	10uM	MCF7	24h	LINCSCP_251398
LINCSCP_84189	-0.9998583402	0.01071577552	3	PCI-32765	LSM-1129	BTK	0.04uM	ASC	24h	LINCSCP_84189
LINCSCP_159570	-0.9998582855	0.01071784211	3	FK888	LSM-3876	TACR1	0.12uM	PC3	24h	LINCSCP_159570
LINCSCP_9565	0.9998582811	0.01071800886	3	Phloretin	LSM-6221	NA	0.001uM	A549	6h	LINCSCP_9565
LINCSCP_114488	0.9998581438	0.01072319933	3	galantamine	NA	NA	10uM	HME1	24h	LINCSCP_114488
LINCSCP_134698	-0.999858128	0.01072379646	3	Benzydamine	LSM-5423	NA	10uM	MCF7	24h	LINCSCP_134698
LINCSCP_78857	0.9998580199	0.01072788073	3	Saxagliptin	LSM-45955	DPP4	0.37uM	A375	24h	LINCSCP_78857
LINCSCP_253640	-0.9998576699	0.01074109838	3	SA-1455938	LSM-37655	NA	10uM	MCF7	6h	LINCSCP_253640
LINCSCP_44938	-0.9998575908	0.01074408007	3	Niclosamide	LSM-2787	STAT3	10uM	PC3	24h	LINCSCP_44938
LINCSCP_103128	0.9998575189	0.01074679371	3	Moricizine	LSM-2476	SCN10A|SCN11A|SCN1A|SCN2A|SCN3A|SCN4A|SCN5A|SCN7A|SCN8A|SCN9A	0.04uM	HELA	24h	LINCSCP_103128
LINCSCP_141456	0.9998574646	0.01074884089	3	Cediranib	LSM-5926	FLT1|FLT4|KDR|KIT|PDGFRA|PDGFRB	3.33uM	MCF7	24h	LINCSCP_141456
LINCSCP_28095	0.9998573992	0.01075130674	3	BRD-K68211814	LSM-40983	NA	5uM	HT29	24h	LINCSCP_28095
LINCSCP_17987	-0.9998573513	0.01075311161	3	UNII-EE9FJW53Z2	LSM-3437	NA	10uM	HCC515	24h	LINCSCP_17987
LINCSCP_6063	-0.9998565589	0.01078293781	3	4-(4-Methoxyphenoxy)-2-(4-propoxyphenyl)quinazoline	LSM-6594	NA	10uM	A549	6h	LINCSCP_6063
LINCSCP_104014	-0.9998564527	0.01078692888	3	Ampalex	LSM-45388	NA	0.04uM	HELA	24h	LINCSCP_104014
LINCSCP_280292	0.9998558951	0.0108078585	3	Raloxifene	LSM-3425	ESR1|ESR2	10uM	PC3	24h	LINCSCP_280292
LINCSCP_147494	0.9998557012	0.01081512881	3	AZD4547	LSM-6308	NA	0.04uM	NPC.CAS9	24h	LINCSCP_147494
LINCSCP_167361	-0.9998556761	0.01081606779	3	Tofacitinib (CP-690550) Citrate	LSM-45505	NA	3.33uM	YAPC	24h	LINCSCP_167361
LINCSCP_100408	-0.9998549922	0.01084166544	3	Vandetanib	LSM-1199	EGFR|EPHA1|EPHA10|EPHA2|EPHA3|EPHA4|EPHA5|EPHA6|EPHA7|EPHA8|EPHB1|EPHB2|EPHB3|EPHB4|EPHB6|ERBB2|ERBB3|ERBB4|FLT1|FLT4|KDR|PTK6|RET|SRC|TEK	10uM	HCC515	24h	LINCSCP_100408
LINCSCP_39110	-0.9998549616	0.01084280936	3	SCHEMBL3954849	LSM-5982	NA	10uM	MDAMB231	24h	LINCSCP_39110
LINCSCP_116803	0.9998549208	0.01084433486	3	Imatinib	LSM-1023	ABL1|BCR|CSF1R|KIT|PDGFRA|PDGFRB	0.12uM	HT29	24h	LINCSCP_116803
LINCSCP_207140	0.9998548349	0.01084754617	3	SKF 82958	LSM-22622	NA	10uM	FIBRNPC	6h	LINCSCP_207140
LINCSCP_58339	-0.9998547177	0.01085192428	3	AD-193/42475508	LSM-2249	NA	10uM	VCAP	24h	LINCSCP_58339
LINCSCP_62198	-0.9998546441	0.01085467201	3	BRD-K13304927	LSM-9228	NA	5uM	VCAP	6h	LINCSCP_62198
LINCSCP_55687	-0.999854396	0.01086393256	3	IMD-0354	LSM-3667	IKBKB	10uM	VCAP	24h	LINCSCP_55687
LINCSCP_158697	0.9998542752	0.01086843731	3	penicillin	LSM-45269	NA	10uM	PC3	24h	LINCSCP_158697
LINCSCP_5544	0.9998540934	0.01087521413	3	MLS003271340	LSM-3593	NA	10uM	A549	6h	LINCSCP_5544
LINCSCP_63274	0.9998540639	0.01087631436	3	CHEMBL2142395	LSM-9911	NA	5uM	VCAP	6h	LINCSCP_63274
LINCSCP_157422	-0.9998538974	0.01088251935	3	Y-39983	LSM-1150	ROCK1|ROCK2	3.33uM	PC3	24h	LINCSCP_157422
LINCSCP_33955	0.9998532447	0.01090679948	3	BRD-K99380810-001-01-1	LSM-6787	NA	10uM	MCF7	24h	LINCSCP_33955
LINCSCP_282416	0.9998531902	0.01090882304	3	Proxyfan	LSM-3732	HRH3	10uM	PHH	24h	LINCSCP_282416
LINCSCP_10238	0.9998528726	0.01092061883	3	Selumetinib	LSM-1056	MAP2K1|MAP2K2	0.1uM	A549	6h	LINCSCP_10238
LINCSCP_36178	-0.9998528266	0.01092232388	3	Withaferin A	LSM-6685	IKBKB|NAMPT	0.1uM	MCF7	6h	LINCSCP_36178
LINCSCP_150180	0.9998525256	0.0109334877	3	PD-0325901	LSM-1101	MAP2K1|MAP2K2	0.37uM	NPC.TAK	24h	LINCSCP_150180
LINCSCP_50144	0.9998524606	0.01093589857	3	Puromycin Hydrochloride	LSM-1431	NA	10uM	PHH	24h	LINCSCP_50144
LINCSCP_34255	0.9998523636	0.01093949371	3	Fendiline	LSM-5133	NA	10uM	MCF7	24h	LINCSCP_34255
LINCSCP_51992	0.9998522929	0.01094211226	3	NVP-AUY922	LSM-1162	HSP90AA1|HSP90AB1	0.5uM	SKBR3	6h	LINCSCP_51992
LINCSCP_94665	-0.9998520907	0.01094959785	3	Gliclazide	LSM-5096	ABCC8	3.33uM	HA1E	24h	LINCSCP_94665
LINCSCP_53796	0.9998520764	0.01095012676	3	501919-59-1	LSM-6243	STAT3	100uM	SNUC4	6h	LINCSCP_53796
LINCSCP_163287	0.9998520236	0.01095208311	3	Foretinib	LSM-1158	FLT1|FLT3|FLT4|KDR|KIT|MET|PDGFRA|PDGFRB|TEK	0.12uM	SKBR3	3h	LINCSCP_163287
LINCSCP_2361	0.9998518674	0.01095786318	3	Cholic acid	LSM-5541	CES1|FECH|PLA2G1B	10uM	A375	6h	LINCSCP_2361
LINCSCP_40978	-0.9998516459	0.0109660528	3	CHEMBL168972	LSM-2435	CHRM1	10uM	NEU	24h	LINCSCP_40978
LINCSCP_19915	-0.9998514461	0.0109734321	3	CHEMBL1270608	LSM-3436	NA	10uM	HCC515	6h	LINCSCP_19915
LINCSCP_116818	0.9998513958	0.01097529	3	TORIN1	LSM-1079	MTOR	3.33uM	HT29	24h	LINCSCP_116818
LINCSCP_120966	0.9998513408	0.01097732275	3	BRD-A28746609	LSM-1102	NR1I2|TUBB	3.33uM	HT29	24h	LINCSCP_120966
LINCSCP_54151	-0.9998507878	0.01099771978	3	Narciclasine	LSM-4934	RHOA	10uM	SW620	6h	LINCSCP_54151
LINCSCP_49206	-0.9998507066	0.01100071171	3	BRD-K98161915	LSM-42586	NA	10uM	PC3	6h	LINCSCP_49206
LINCSCP_48644	0.9998505117	0.01100788974	3	ZINC82368620	LSM-36654	NA	10uM	PC3	6h	LINCSCP_48644
LINCSCP_8379	-0.9998502855	0.01101621799	3	BRD-K85536714	LSM-13657	NA	5uM	A549	24h	LINCSCP_8379
LINCSCP_136972	0.9998502515	0.01101746917	3	MG-132	LSM-1107	PSMB1	20uM	MCF7	24h	LINCSCP_136972
LINCSCP_1468	0.9998499915	0.01102702805	3	CHEMBL2326701	LSM-1723	NA	10uM	A375	6h	LINCSCP_1468
LINCSCP_6808	0.9998498885	0.01103081225	3	Prosteride	LSM-1842	SRD5A1|SRD5A2	10uM	A549	24h	LINCSCP_6808
LINCSCP_59668	-0.9998497859	0.01103458214	3	BRD-K42134801	LSM-39597	NA	5uM	VCAP	24h	LINCSCP_59668
LINCSCP_33967	0.9998496026	0.01104131318	3	Merck-Ketone	LSM-36779	NA	10uM	MCF7	6h	LINCSCP_33967
LINCSCP_26916	0.9998495903	0.01104176588	3	Spiperone	LSM-3235	ADRA1A|DRD2|DRD3|DRD4|HTR1A|HTR2A|HTR7	10uM	HT29	6h	LINCSCP_26916
LINCSCP_173974	-0.999849563	0.01104276631	3	Aripiprazole	LSM-5776	DRD2|HRH1|HTR1A|HTR1B|HTR1D|HTR2A|HTR2C	0.04uM	YAPC	24h	LINCSCP_173974
LINCSCP_243840	-0.9998494852	0.01104562128	3	Trifluoperazine	LSM-4010	DRD2|DRD3|DRD4|HTR2A|HTR2C	10uM	MCF7	6h	LINCSCP_243840
LINCSCP_85404	-0.9998494815	0.01104575618	3	WH-4-025	LSM-44937	NA	10uM	BT20	24h	LINCSCP_85404
LINCSCP_57074	0.999848857	0.01106864806	3	Fedratinib	LSM-1142	FLT3|JAK2	10uM	VCAP	6h	LINCSCP_57074
LINCSCP_112957	0.9998487869	0.01107121533	3	Olaparib	LSM-1145	PARP1|PARP2|PARP3	3.33uM	HEPG2	24h	LINCSCP_112957
LINCSCP_34848	-0.9998486828	0.0110750274	3	BRD-K64272762	LSM-40776	NA	5uM	MCF7	24h	LINCSCP_34848
LINCSCP_90817	-0.9998485656	0.01107931297	3	179324-69-7	LSM-6281	ADRM1|PSMA1|PSMA2|PSMA3|PSMA4|PSMA5|PSMA6|PSMA7|PSMA8|PSMB1|PSMB10|PSMB11|PSMB2|PSMB3|PSMB4|PSMB5|PSMB6|PSMB7|PSMB8|PSMB9|PSMC1|PSMC2|PSMC3|PSMC4|PSMC5|PSMC6|PSMD1|PSMD11|PSMD12|PSMD13|PSMD14|PSMD2|PSMD3|PSMD4|PSMD6|PSMD7|PSMD8|SEM1	20uM	HA1E	24h	LINCSCP_90817
LINCSCP_64295	0.9998485296	0.01108063274	3	MLS003128818	LSM-11790	NA	5uM	VCAP	24h	LINCSCP_64295
LINCSCP_143283	0.9998484978	0.01108179547	3	cortisone-acetate	LSM-45387	TUBA1A|TUBA1B|TUBA1C|TUBA3E|TUBA4A|TUBB|TUBB1|TUBB2A|TUBB2B|TUBB3|TUBB4A|TUBB4B|TUBB6|TUBB8	0.12uM	MCF7	24h	LINCSCP_143283
LINCSCP_141453	-0.9998484867	0.01108219964	3	OSI-906 (Linsitinib)	LSM-45278	IGF1R|INSR	0.12uM	MCF7	24h	LINCSCP_141453
LINCSCP_39033	-0.9998483877	0.01108582177	3	Selumetinib	LSM-1056	MAP2K1|MAP2K2	0.1uM	MDAMB231	24h	LINCSCP_39033
LINCSCP_50834	0.9998481692	0.01109380692	3	BML-259	LSM-6266	CDK2|CDK5	80uM	RKO	6h	LINCSCP_50834
LINCSCP_47805	-0.9998481383	0.01109493279	3	Esmolol	LSM-4957	ADRB1|ADRB2	10uM	PC3	6h	LINCSCP_47805
LINCSCP_16145	-0.9998475847	0.01111513797	3	MLS002276510	LSM-3272	NA	10uM	HA1E	6h	LINCSCP_16145
LINCSCP_49299	0.9998475201	0.01111749588	3	CHEMBL2381524	LSM-44612	NA	0.5uM	PC3	24h	LINCSCP_49299
LINCSCP_267320	0.9998474548	0.01111987645	3	NSC95397	LSM-3521	NA	10uM	PC3	24h	LINCSCP_267320
LINCSCP_100354	0.9998473807	0.01112257466	3	GSK-3 Inhibitor II	LSM-1030	GSK3B	10uM	HCC515	24h	LINCSCP_100354
LINCSCP_13853	-0.9998470877	0.01113324886	3	AC1MSQZQ	LSM-1945	TACR1	10uM	HA1E	6h	LINCSCP_13853
LINCSCP_86318	0.9998470335	0.01113522069	3	BMS-387032	LSM-1132	CDK2|CDK7|CDK9	1.11uM	BT20	3h	LINCSCP_86318
LINCSCP_66878	-0.9998469027	0.01113998034	3	13-Hydroxy-8,14,19-trimethoxy-4,10,12,16-tetramethyl-3,20,22-trioxo-2-azabicyclo[16.3.1]docosa-1(21),4,6,10,18-pentaen-9-yl carbamate	LSM-42815	HSP90AA1	10uM	HCC515	24h	LINCSCP_66878
LINCSCP_44875	-0.999846876	0.0111409518	3	Rottlerin	LSM-42845	NA	10uM	PC3	24h	LINCSCP_44875
LINCSCP_45643	0.999846382	0.0111589106	3	MLS002264438	LSM-1311	NA	10uM	PC3	24h	LINCSCP_45643
LINCSCP_130338	-0.9998460588	0.01117064239	3	noscapine	NA	NA	10uM	LNCAP	3h	LINCSCP_130338
LINCSCP_195985	0.9998460192	0.01117207937	3	BRD-K57277442	LSM-11899	NA	5uM	A549	24h	LINCSCP_195985
LINCSCP_6870	-0.9998457267	0.01118268313	3	RO 04-6790	LSM-2960	HTR6	10uM	A549	24h	LINCSCP_6870
LINCSCP_11968	-0.9998454488	0.01119275151	3	sorafenib	NA	BRAF|DDR2|FGFR1|FLT1|FLT3|FLT4|KDR|KIT|PDGFRB|RAF1|RET	0.5uM	BT20	6h	LINCSCP_11968
LINCSCP_227460	-0.9998451701	0.01120284148	3	Carbacyclin	LSM-42923	PPARD|PTGIR	10uM	HT29	6h	LINCSCP_227460
LINCSCP_2289	0.9998447631	0.0112175554	3	Apigenin	LSM-5206	NA	10uM	A375	6h	LINCSCP_2289
LINCSCP_239385	-0.9998446627	0.01122118227	3	NCGC00172240-01	LSM-36637	NA	10uM	MCF7	24h	LINCSCP_239385
LINCSCP_85253	0.9998445057	0.01122685291	3	Foretinib	LSM-1158	FLT1|FLT3|FLT4|KDR|KIT|MET|PDGFRA|PDGFRB|TEK	0.04uM	BT20	24h	LINCSCP_85253
LINCSCP_36565	-0.9998444009	0.01123063372	3	PF-562271	LSM-1072	PTK2|PTK2B	0.5uM	MCF7	24h	LINCSCP_36565
LINCSCP_35120	-0.9998441679	0.01123904003	3	BRD-K55260239	LSM-40300	NA	5uM	MCF7	24h	LINCSCP_35120
LINCSCP_51785	-0.9998438446	0.01125069223	3	TGX 221	LSM-1172	PIK3CB	0.1uM	SKBR3	24h	LINCSCP_51785
LINCSCP_31587	-0.9998437153	0.01125534872	3	Dolasetron	LSM-5418	HTR3A	10uM	MCF7	24h	LINCSCP_31587
LINCSCP_36454	0.9998436913	0.01125621274	3	CI-1040	LSM-1048	MAP2K1|MAP2K2	0.5uM	MCF7	24h	LINCSCP_36454
LINCSCP_170104	-0.9998436507	0.01125767601	3	Tizanidine	LSM-5242	ADRA2A|ADRA2B|ADRA2C	0.12uM	YAPC	24h	LINCSCP_170104
LINCSCP_55678	0.9998428925	0.01128494108	3	Fraxidin Methyl Ether	LSM-3489	CA12	10uM	VCAP	24h	LINCSCP_55678
LINCSCP_39914	-0.999842614	0.01129493937	3	Pimozide	LSM-2001	DRD1|DRD2|DRD3|DRD4|DRD5|HTR2A	10uM	NCIH1836	6h	LINCSCP_39914
LINCSCP_38344	0.9998425583	0.01129693858	3	BI-2536	LSM-1041	PLK1	3uM	MCF7	6h	LINCSCP_38344
LINCSCP_96872	-0.9998425052	0.01129884139	3	Decitabine	LSM-5855	DNMT1|DNMT3A	1.11uM	HA1E	24h	LINCSCP_96872
LINCSCP_74783	0.9998424729	0.01129999871	3	Deferiprone	LSM-36972	UGT1A6	3.33uM	A375	24h	LINCSCP_74783
LINCSCP_233481	-0.9998418155	0.01132355497	3	MW-SHH-61	LSM-44611	NA	3uM	HT29	6h	LINCSCP_233481
LINCSCP_310017	-0.9998417627	0.01132544638	3	BRD-K40170731	LSM-15034	NA	30uM	VCAP	24h	LINCSCP_310017
LINCSCP_95258	-0.9998416304	0.01133017839	3	SB705498	LSM-45502	TRPV1	10uM	HA1E	24h	LINCSCP_95258
LINCSCP_64437	-0.9998416	0.01133126469	3	BRD-K71935941	LSM-41178	NA	5uM	VCAP	6h	LINCSCP_64437
LINCSCP_85090	0.9998413837	0.01133899943	3	Olaparib	LSM-1145	PARP1|PARP2|PARP3	0.12uM	ASC	24h	LINCSCP_85090
LINCSCP_44206	0.9998413493	0.01134023042	3	Digoxigenin	LSM-2405	NA	10uM	PC3	24h	LINCSCP_44206
LINCSCP_156435	0.9998404416	0.01137262491	3	PSI-7977	LSM-45846	NA	0.37uM	PC3	24h	LINCSCP_156435
LINCSCP_92345	0.99984028	0.01137838313	3	Levothyroxine	LSM-5447	THRA|THRB	1.11uM	HA1E	24h	LINCSCP_92345
LINCSCP_131568	0.9998401726	0.0113822071	3	PD-0325901	LSM-1101	MAP2K1|MAP2K2	10uM	MCF10A	3h	LINCSCP_131568
LINCSCP_164073	0.9998401194	0.01138410074	3	SCHEMBL1564574	LSM-1006	CHEK1|CHEK2	3.33uM	SKBR3	3h	LINCSCP_164073
LINCSCP_132082	0.9998400388	0.01138697286	3	Fedratinib	LSM-1142	FLT3|JAK2	0.12uM	MCF7	24h	LINCSCP_132082
LINCSCP_117411	-0.9998393468	0.01141157756	3	CHEMBL3347630	LSM-43292	NA	0.12uM	HT29	24h	LINCSCP_117411
LINCSCP_173246	0.9998392111	0.01141639393	3	OSI-906 (Linsitinib)	LSM-45278	IGF1R|INSR	0.37uM	YAPC	24h	LINCSCP_173246
LINCSCP_111935	0.9998390542	0.01142196184	3	Tivozanib	LSM-1005	FLT1|FLT4|KDR|KIT|PDGFRA|PDGFRB	10uM	HEPG2	24h	LINCSCP_111935
LINCSCP_133582	-0.9998387783	0.01143174835	3	BS-181	LSM-6305	NA	0.37uM	MCF7	24h	LINCSCP_133582
LINCSCP_258829	-0.9998387307	0.01143343789	3	BMS 191011	LSM-4148	KCNMA1	10uM	NEU	24h	LINCSCP_258829
LINCSCP_62818	0.9998387248	0.01143364573	3	BRD-K85827194	LSM-13689	NA	5uM	VCAP	24h	LINCSCP_62818
LINCSCP_263902	0.9998384279	0.0114441645	3	Decitabine	LSM-5855	DNMT1|DNMT3A	10uM	NPC	24h	LINCSCP_263902
LINCSCP_77106	0.9998383659	0.01144636012	3	Fluticasone Propionate	LSM-3384	NR3C1|PGR	0.04uM	A375	24h	LINCSCP_77106
LINCSCP_110773	-0.9998383019	0.0114486289	3	Tanaproget	LSM-45780	NA	10uM	HELA	24h	LINCSCP_110773
LINCSCP_18611	-0.9998379759	0.01146016203	3	ZM323881	LSM-3513	KDR	10uM	HCC515	24h	LINCSCP_18611
LINCSCP_121860	-0.9998377827	0.01146699465	3	omeprazole	LSM-45749	NA	3.33uM	HT29	24h	LINCSCP_121860
LINCSCP_18939	0.9998376136	0.01147297063	3	Chlorprothixene	LSM-42990	DRD2|DRD3|HTR2A|HTR2C	10uM	HCC515	24h	LINCSCP_18939
LINCSCP_28183	-0.9998375424	0.01147548382	3	BRD-K40704255	LSM-39517	NA	5uM	HT29	24h	LINCSCP_28183
LINCSCP_14310	-0.9998375237	0.01147614398	3	SC68376	LSM-3919	MAPK14	10uM	HA1E	6h	LINCSCP_14310
LINCSCP_132348	0.9998366248	0.01150784787	3	Foretinib	LSM-1158	FLT1|FLT3|FLT4|KDR|KIT|MET|PDGFRA|PDGFRB|TEK	10uM	MCF7	3h	LINCSCP_132348
LINCSCP_310098	0.9998365354	0.01151099676	3	BRD-K03111155	LSM-15019	NA	30uM	VCAP	6h	LINCSCP_310098
LINCSCP_42955	0.9998362551	0.01152086019	3	BRD-K11169037	LSM-14721	NA	10uM	NPC	24h	LINCSCP_42955
LINCSCP_264094	0.9998361651	0.01152402846	3	Promethazine	LSM-4440	HRH1	5uM	OV7	6h	LINCSCP_264094
LINCSCP_117866	0.9998359725	0.01153080036	3	Regorafenib	LSM-1226	ABL1|BRAF|DDR2|FGFR1|FGFR2|FLT1|FLT4|FRK|KDR|KIT|MAPK11|PDGFRA|PDGFRB|RAF1|RET|TEK	0.04uM	HT29	24h	LINCSCP_117866
LINCSCP_170334	0.9998356833	0.01154095809	3	CI-218872	LSM-1991	GABRA1	10uM	YAPC	24h	LINCSCP_170334
LINCSCP_29220	-0.9998355249	0.01154652058	3	Oxetane	LSM-44627	NA	3uM	JURKAT	6h	LINCSCP_29220
LINCSCP_55731	-0.9998353551	0.0115524808	3	LY 278584	LSM-1322	NA	10uM	VCAP	6h	LINCSCP_55731
LINCSCP_102334	-0.9998351978	0.01155799828	3	AZD1208	LSM-45651	NA	10uM	HELA	24h	LINCSCP_102334
LINCSCP_93778	-0.9998345092	0.01158212002	3	BMS-777607	LSM-1144	AXL|MERTK|MET|MST1R|TYRO3	0.12uM	HA1E	24h	LINCSCP_93778
LINCSCP_36110	0.9998343575	0.01158742536	3	Estradiol	LSM-2421	ESR1|ESR2|NR1I2	0.1uM	MCF7	6h	LINCSCP_36110
LINCSCP_107295	-0.9998334877	0.01161781162	3	SR-2640	LSM-15379	NA	10uM	HELA	24h	LINCSCP_107295
LINCSCP_37456	-0.9998333762	0.01162169862	3	Niclosamide	LSM-2787	STAT3	10uM	MCF7	24h	LINCSCP_37456
LINCSCP_17264	-0.9998332968	0.01162446791	3	COL-3	LSM-36908	NA	10uM	HA1E	6h	LINCSCP_17264
LINCSCP_27712	-0.9998331628	0.0116291389	3	CHEMBL2360118	LSM-12682	NA	5uM	HT29	24h	LINCSCP_27712
LINCSCP_178087	0.9998330418	0.01163335716	3	MLS002264391	LSM-4007	NA	10uM	A375	6h	LINCSCP_178087
LINCSCP_92110	0.999832996	0.01163495369	3	UREA	LSM-45688	NA	10uM	HA1E	24h	LINCSCP_92110
LINCSCP_33377	-0.999832822	0.01164101138	3	522-11-2	LSM-3052	NA	10uM	MCF7	24h	LINCSCP_33377
LINCSCP_195443	0.9998325624	0.01165004697	3	BRD-K66975725	LSM-12508	NA	5uM	A549	24h	LINCSCP_195443
LINCSCP_169230	0.999832371	0.01165670358	3	Ketotifen	LSM-2637	HRH1	10uM	YAPC	24h	LINCSCP_169230
LINCSCP_89064	-0.9998323642	0.0116569408	3	JNJ-38877605	LSM-1157	MET	10uM	HA1E	24h	LINCSCP_89064
LINCSCP_37294	-0.9998321241	0.01166528405	3	SA-441145	LSM-37879	NA	0.5uM	MCF7	6h	LINCSCP_37294
LINCSCP_58464	0.9998320153	0.01166906378	3	SPOX1_000823	LSM-4560	NA	10uM	VCAP	6h	LINCSCP_58464
LINCSCP_13784	-0.9998318965	0.01167319033	3	SCH-58261	LSM-3822	ADORA1|ADORA2A	10uM	HA1E	24h	LINCSCP_13784
LINCSCP_133757	-0.9998314542	0.01168853693	3	Azacitidine	LSM-5218	DNMT1|DNMT3A	10uM	MCF7	24h	LINCSCP_133757
LINCSCP_111491	0.9998311474	0.01169917312	3	Nilotinib	LSM-1099	ABL1|BCR|KIT	0.12uM	HEPG2	24h	LINCSCP_111491
LINCSCP_103340	-0.9998308481	0.01170953536	3	179324-69-7	LSM-6281	ADRM1|PSMA1|PSMA2|PSMA3|PSMA4|PSMA5|PSMA6|PSMA7|PSMA8|PSMB1|PSMB10|PSMB11|PSMB2|PSMB3|PSMB4|PSMB5|PSMB6|PSMB7|PSMB8|PSMB9|PSMC1|PSMC2|PSMC3|PSMC4|PSMC5|PSMC6|PSMD1|PSMD11|PSMD12|PSMD13|PSMD14|PSMD2|PSMD3|PSMD4|PSMD6|PSMD7|PSMD8|SEM1	20uM	HELA	24h	LINCSCP_103340
LINCSCP_67427	0.9998307797	0.01171190418	3	Vorinostat	LSM-3828	HDAC1|HDAC2|HDAC3|HDAC6|HDAC8	1uM	MCF7	6h	LINCSCP_67427
LINCSCP_74543	0.999830669	0.01171573212	3	Iguratimod	LSM-45469	NA	0.37uM	A375	24h	LINCSCP_74543
LINCSCP_31690	0.9998306151	0.01171759761	3	MLS001060802	LSM-1408	NA	10uM	MCF7	6h	LINCSCP_31690
LINCSCP_122956	0.9998305453	0.01172001278	3	Cytisine	LSM-6464	NA	10uM	HT29	24h	LINCSCP_122956
LINCSCP_100370	-0.9998304488	0.01172334891	3	Osimertinib	LSM-6344	EGFR|ERBB2|ERBB3|ERBB4	0.12uM	HCC515	24h	LINCSCP_100370
LINCSCP_306132	-0.9998301015	0.01173534928	3	CHEMBL2355500	LSM-6760	NA	5uM	VCAP	6h	LINCSCP_306132
LINCSCP_10046	-0.9998298628	0.01174359234	3	Staurosporine	LSM-1103	CDK2|GSK3B	0.04uM	A549	24h	LINCSCP_10046
LINCSCP_36661	-0.9998298231	0.01174495971	3	Palbociclib	LSM-1071	CCND1|CDK4|CDK6	0.5uM	MCF7	6h	LINCSCP_36661
LINCSCP_31018	-0.999829684	0.01174976076	3	175203-39-1	LSM-3912	NA	10uM	MCF7	24h	LINCSCP_31018
LINCSCP_35122	-0.9998296451	0.0117511028	3	BRD-K59253994	LSM-36435	NA	5uM	MCF7	24h	LINCSCP_35122
LINCSCP_20076	-0.9998292972	0.01176309562	3	ACON1_002097	LSM-4527	NA	10uM	HCC515	6h	LINCSCP_20076
LINCSCP_15932	0.9998289734	0.01177424836	3	MLS002264437	LSM-1962	NA	10uM	HA1E	6h	LINCSCP_15932
LINCSCP_126695	0.9998289029	0.01177667317	3	cortisone-acetate	LSM-45387	TUBA1A|TUBA1B|TUBA1C|TUBA3E|TUBA4A|TUBB|TUBB1|TUBB2A|TUBB2B|TUBB3|TUBB4A|TUBB4B|TUBB6|TUBB8	3.33uM	HT29	24h	LINCSCP_126695
LINCSCP_19425	-0.9998287041	0.01178351352	3	MLS000106215	LSM-4009	NA	100uM	HCC515	24h	LINCSCP_19425
LINCSCP_131564	-0.9998286037	0.0117869679	3	Pictilisib	LSM-1047	PIK3CA|PIK3CB|PIK3CD|PIK3CG|PIK3R1|PIK3R2|PIK3R3|PIK3R5	1.11uM	MCF10A	3h	LINCSCP_131564
LINCSCP_35536	-0.9998281927	0.01180109143	3	Vorinostat	LSM-3828	HDAC1|HDAC2|HDAC3|HDAC6|HDAC8	5uM	MCF7	24h	LINCSCP_35536
LINCSCP_116501	-0.9998281881	0.01180124979	3	AZD-8055	LSM-1007	MTOR	1.11uM	HT29	24h	LINCSCP_116501
LINCSCP_101616	-0.9998281716	0.01180181629	3	MK 0893	LSM-45875	GCGR	3.33uM	HELA	24h	LINCSCP_101616
LINCSCP_92364	0.9998281581	0.01180227734	3	BRD-A28746609	LSM-1102	NR1I2|TUBB	0.37uM	HA1E	24h	LINCSCP_92364
LINCSCP_37141	0.9998279525	0.0118093389	3	SA-427604	LSM-40023	NA	1uM	MCF7	6h	LINCSCP_37141
LINCSCP_77739	0.9998278176	0.01181396769	3	PF-04447943	LSM-45238	NA	0.04uM	A375	24h	LINCSCP_77739
LINCSCP_22802	-0.99982774	0.01181662742	3	2-Cyano-3-(3,4-dihydroxyphenyl)-n-phenylprop-2-enamide	LSM-2755	EGFR	10uM	HEPG2	6h	LINCSCP_22802
LINCSCP_53845	0.9998276492	0.01181974127	3	STK178014	LSM-43108	NA	50uM	SNUC4	6h	LINCSCP_53845
LINCSCP_302844	-0.9998275349	0.01182366224	3	BRD-K38037265	LSM-10732	NA	5uM	VCAP	6h	LINCSCP_302844
LINCSCP_30796	0.9998275178	0.01182424738	3	AS-605240	LSM-42784	PIK3CG	10uM	MCF7	6h	LINCSCP_30796
LINCSCP_154507	-0.9998274733	0.01182577374	3	Olanzapine	LSM-5359	DRD1|DRD2|DRD3|DRD4|HRH1|HTR1A|HTR1B|HTR1D|HTR1E|HTR2A|HTR2C|HTR6|HTR7	3.33uM	PC3	24h	LINCSCP_154507
LINCSCP_271155	0.9998272443	0.01183361854	3	BRD-K34387287	LSM-6106	NA	10uM	PC3	24h	LINCSCP_271155
LINCSCP_85427	0.9998271615	0.01183645481	3	AS601245	LSM-1034	MAPK10|MAPK8|MAPK9	0.04uM	BT20	24h	LINCSCP_85427
LINCSCP_145041	0.999827007	0.0118417427	3	PHA-665752	LSM-42793	MET	10uM	MDAMB231	3h	LINCSCP_145041
LINCSCP_71493	0.9998269442	0.01184389328	3	MK 0893	LSM-45875	GCGR	10uM	A375	24h	LINCSCP_71493
LINCSCP_77104	0.9998267838	0.01184938105	3	Fluticasone Propionate	LSM-3384	NR3C1|PGR	0.37uM	A375	24h	LINCSCP_77104
LINCSCP_106025	-0.9998267667	0.01184996528	3	MG-132	LSM-1107	PSMB1	20uM	HELA	24h	LINCSCP_106025
LINCSCP_115855	-0.9998263074	0.01186566287	3	BMS-345541	LSM-1028	IKBKB	0.37uM	HS578T	3h	LINCSCP_115855
LINCSCP_129939	0.9998262767	0.01186671372	3	AT-7519	LSM-1004	CDK1|CDK10|CDK11B|CDK12|CDK13|CDK14|CDK15|CDK16|CDK17|CDK18|CDK19|CDK2|CDK20|CDK3|CDK4|CDK5|CDK6|CDK7|CDK8|CDK9	0.37uM	LNCAP	24h	LINCSCP_129939
LINCSCP_12183	-0.9998262095	0.01186900792	3	ABT737	LSM-1180	BCL2|BCL2L1|BCL2L2	0.1uM	BT20	24h	LINCSCP_12183
LINCSCP_23000	-0.9998258401	0.01188161453	3	MLS000877024	LSM-1479	NFE2L2	10uM	HEPG2	6h	LINCSCP_23000
LINCSCP_58236	-0.9998252077	0.0119031704	3	Pramipexole	LSM-5243	DRD2|DRD3|DRD4	10uM	VCAP	6h	LINCSCP_58236
LINCSCP_57924	0.9998251771	0.01190421109	3	MLS001060802	LSM-1408	NA	10uM	VCAP	24h	LINCSCP_57924
LINCSCP_44242	-0.9998251349	0.01190564692	3	SB-202190	LSM-3209	MAPK14	10uM	PC3	24h	LINCSCP_44242
LINCSCP_64779	-0.9998248978	0.01191371695	3	CHEMBL2142739	LSM-39882	NA	10uM	VCAP	6h	LINCSCP_64779
LINCSCP_161958	0.9998246806	0.01192110285	3	Doxorubicin	LSM-4062	TOP2A	0.12uM	PC3	24h	LINCSCP_161958
LINCSCP_14891	0.9998243349	0.01193285189	3	Hypericin	LSM-2650	NA	10uM	HA1E	6h	LINCSCP_14891
LINCSCP_32294	0.9998243245	0.01193320272	3	BAS 01037725	LSM-4495	NA	10uM	MCF7	6h	LINCSCP_32294
LINCSCP_207852	-0.9998243092	0.01193372536	3	Phenothiazine	LSM-3324	NA	10uM	H1299	6h	LINCSCP_207852
LINCSCP_175002	0.9998242514	0.01193568821	3	Tosedostat	LSM-6286	ANPEP|C9orf3|DNPEP|ENPEP|ERAP1|ERAP2|LAP3|LNPEP|LVRN|METAP1|METAP1D|METAP2|NPEPL1|NPEPPS|RNPEP|RNPEPL1|XPNPEP1|XPNPEP2|XPNPEP3	3.33uM	YAPC	24h	LINCSCP_175002
LINCSCP_97897	-0.9998242129	0.01193699324	3	Enzastaurin	LSM-1069	PRKCB	0.37uM	HA1E	24h	LINCSCP_97897
LINCSCP_225104	-0.999824098	0.0119408942	3	MLS002264447	LSM-2942	NA	10uM	HT29	6h	LINCSCP_225104
LINCSCP_161334	-0.9998238001	0.01195100305	3	Sirolimus	LSM-42783	FKBP1A|MTOR	0.12uM	PC3	24h	LINCSCP_161334
LINCSCP_69506	-0.9998237519	0.01195263782	3	A-443654	LSM-1045	NA	10uM	A375	24h	LINCSCP_69506
LINCSCP_31735	-0.9998237113	0.01195401284	3	Rimcazole	LSM-5777	SIGMAR1	10uM	MCF7	6h	LINCSCP_31735
LINCSCP_45762	-0.9998236507	0.01195606953	3	Triazolothiadiazine, 36	LSM-1553	NA	10uM	PC3	6h	LINCSCP_45762
LINCSCP_32016	-0.9998231945	0.01197152263	3	NCGC00172397-01	LSM-36640	NA	10uM	MCF7	6h	LINCSCP_32016
LINCSCP_175168	-0.9998228673	0.01198259521	3	Fasudil	LSM-3715	ROCK1|ROCK2	10uM	YAPC	24h	LINCSCP_175168
LINCSCP_153463	-0.9998228294	0.01198387861	3	Methocarbamol	LSM-1453	CA1	3.33uM	PC3	24h	LINCSCP_153463
LINCSCP_60070	0.9998227641	0.01198608528	3	BRD-K69503483	LSM-7776	NA	5uM	VCAP	24h	LINCSCP_60070
LINCSCP_13578	-0.9998226344	0.01199046976	3	MLN 2238	LSM-4944	PSMB1	10uM	H1299	6h	LINCSCP_13578
LINCSCP_16294	0.999822585	0.01199213925	3	ST013960	LSM-4594	NA	10uM	HA1E	6h	LINCSCP_16294
LINCSCP_83310	-0.999822544	0.01199352565	3	Vandetanib	LSM-1199	EGFR|EPHA1|EPHA10|EPHA2|EPHA3|EPHA4|EPHA5|EPHA6|EPHA7|EPHA8|EPHB1|EPHB2|EPHB3|EPHB4|EPHB6|ERBB2|ERBB3|ERBB4|FLT1|FLT4|KDR|PTK6|RET|SRC|TEK	0.12uM	ASC.C	24h	LINCSCP_83310
LINCSCP_122560	-0.9998224541	0.01199656525	3	Indoprofen	LSM-1564	PTGS1|PTGS2	10uM	HT29	24h	LINCSCP_122560
LINCSCP_311583	0.9998223543	0.01199993493	3	BRD-K73224765	LSM-41247	NA	10uM	VCAP	6h	LINCSCP_311583
LINCSCP_312205	0.9998223139	0.01200129811	3	BRD-K74200139	LSM-41306	NA	10uM	VCAP	6h	LINCSCP_312205
LINCSCP_101492	-0.9998222895	0.01200212469	3	Nevirapine	LSM-5336	CYP1A2|CYP2A6|CYP2B6|CYP2C9|CYP2D6|CYP3A4|CYP3A5	0.37uM	HELA	24h	LINCSCP_101492
LINCSCP_49054	-0.999822219	0.01200450385	3	BRD-K93410934	LSM-42349	NA	10uM	PC3	24h	LINCSCP_49054
LINCSCP_146656	-0.9998221951	0.01200530947	3	BS-181	LSM-6305	NA	3.33uM	NEU	24h	LINCSCP_146656
LINCSCP_111755	0.9998220987	0.01200856421	3	BRD-K01425431	NA	NA	0.12uM	HEPG2	24h	LINCSCP_111755
LINCSCP_111091	-0.9998219056	0.01201508098	3	PA-824	LSM-45767	NA	10uM	HELA	24h	LINCSCP_111091
LINCSCP_78878	-0.999821743	0.0120205656	3	MK-2206	LSM-1057	AKT1|AKT2|AKT3	10uM	A375	24h	LINCSCP_78878
LINCSCP_46004	-0.9998215466	0.01202718382	3	Cyproheptadine	LSM-5419	HRH1	10uM	PC3	6h	LINCSCP_46004
LINCSCP_64110	0.9998215242	0.01202793967	3	BRD-K72956282	LSM-12893	NA	5uM	VCAP	6h	LINCSCP_64110
LINCSCP_308889	0.999821365	0.01203330346	3	BRD-K23406211	LSM-9838	NA	5uM	VCAP	6h	LINCSCP_308889
LINCSCP_178330	0.9998211061	0.01204202062	3	CHEMBL1270413	LSM-3758	NA	10uM	A375	6h	LINCSCP_178330
LINCSCP_242535	-0.9998210895	0.01204257765	3	BRD-K63368502	LSM-40733	NA	10uM	MCF7	24h	LINCSCP_242535
LINCSCP_137148	-0.9998209989	0.01204562776	3	Alprostadil	LSM-42979	PTGER1|PTGER2	10uM	MCF7	24h	LINCSCP_137148
LINCSCP_127920	-0.9998208455	0.01205078732	3	Relcovaptan	LSM-4185	AVPR1A|OXTR	1.11uM	HT29	24h	LINCSCP_127920
LINCSCP_108624	-0.9998207586	0.01205371168	3	MG-132	LSM-1107	PSMB1	20uM	HELA	24h	LINCSCP_108624
LINCSCP_30974	-0.9998205664	0.01206017201	3	MLS002699341	LSM-3152	NA	10uM	MCF7	24h	LINCSCP_30974
LINCSCP_4099	-0.9998204664	0.01206353156	3	CHEMBL3183436	LSM-15092	NA	3uM	A375	6h	LINCSCP_4099
LINCSCP_22168	-0.9998203942	0.01206595726	3	T5715535	LSM-2491	NA	10uM	HEPG2	6h	LINCSCP_22168
LINCSCP_150136	0.9998203157	0.01206859359	3	Resveratrol	LSM-42917	PTGS1|PTGS2|SIRT1	3.33uM	NPC.TAK	24h	LINCSCP_150136
LINCSCP_26154	0.9998197193	0.01208860661	3	MLS000559245	LSM-3942	NA	10uM	HT29	6h	LINCSCP_26154
LINCSCP_86445	-0.9998195933	0.01209283047	3	EX-8678	LSM-1147	NA	0.37uM	BT20	3h	LINCSCP_86445
LINCSCP_56076	-0.9998194445	0.01209781629	3	KN93	LSM-42804	CAMK2A	10uM	VCAP	24h	LINCSCP_56076
LINCSCP_58689	-0.9998188474	0.01211780558	3	CHEMDIV3_007362	LSM-4468	NA	10uM	VCAP	6h	LINCSCP_58689
LINCSCP_89632	-0.9998186213	0.01212536422	3	MG-132	LSM-1107	PSMB1	20uM	HA1E	24h	LINCSCP_89632
LINCSCP_30669	-0.9998184672	0.01213051544	3	PAC-1	LSM-3119	CASP3	10uM	MCF7	24h	LINCSCP_30669
LINCSCP_128460	0.999818061	0.01214407824	3	Dasatinib	LSM-1020	ABL1|BCR|BLK|EPHA2|FGR|FRK|FYN|HCK|KIT|LCK|LYN|PDGFRB|SRC|SRMS|YES1	1.11uM	HUVEC	24h	LINCSCP_128460
LINCSCP_116440	-0.9998178436	0.01215133377	3	YM 201636	LSM-1109	NA	3.33uM	HT29	24h	LINCSCP_116440
LINCSCP_171092	0.9998178366	0.01215156725	3	AT13387	LSM-45514	NA	0.12uM	YAPC	24h	LINCSCP_171092
LINCSCP_31345	-0.999817726	0.01215525478	3	MLS002264363	LSM-2417	NA	10uM	MCF7	24h	LINCSCP_31345
LINCSCP_156440	-0.9998173129	0.01216902137	3	179324-69-7	LSM-6281	ADRM1|PSMA1|PSMA2|PSMA3|PSMA4|PSMA5|PSMA6|PSMA7|PSMA8|PSMB1|PSMB10|PSMB11|PSMB2|PSMB3|PSMB4|PSMB5|PSMB6|PSMB7|PSMB8|PSMB9|PSMC1|PSMC2|PSMC3|PSMC4|PSMC5|PSMC6|PSMD1|PSMD11|PSMD12|PSMD13|PSMD14|PSMD2|PSMD3|PSMD4|PSMD6|PSMD7|PSMD8|SEM1	20uM	PC3	24h	LINCSCP_156440
LINCSCP_69177	-0.9998170802	0.0121767692	3	PLX-4720	LSM-1049	BRAF	10uM	A375	24h	LINCSCP_69177
LINCSCP_59988	-0.9998170144	0.01217896124	3	BRD-K05570331	LSM-43359	NA	5uM	VCAP	24h	LINCSCP_59988
LINCSCP_48008	-0.9998169836	0.01217998373	3	Aminocaproic acid	LSM-5733	PLAT|PLG	10uM	PC3	6h	LINCSCP_48008
LINCSCP_28199	-0.9998165543	0.01219426197	3	SA-424828	LSM-14695	NA	10uM	HT29	24h	LINCSCP_28199
LINCSCP_46460	-0.9998163495	0.012201068	3	PCL2_000154	LSM-36683	NA	10uM	PC3	24h	LINCSCP_46460
LINCSCP_175671	0.999816174	0.01220689624	3	Zaleplon	LSM-5971	GABRA1|GABRB1|GABRG2	3.33uM	YAPC	24h	LINCSCP_175671
LINCSCP_136315	0.9998156514	0.0122242345	3	Mubritinib (TAK 165)	LSM-45710	ERBB2	0.04uM	MCF7	24h	LINCSCP_136315
LINCSCP_54819	0.9998156167	0.01222538698	3	PS-1145	LSM-5975	IKBKB	5uM	T3M10	6h	LINCSCP_54819
LINCSCP_24747	-0.9998150335	0.01224470619	3	Ponatinib	LSM-1151	ABL1|BCR|FGFR1|FGFR2|FGFR3|FGFR4|FLT3|KIT|RET|TEK	0.1uM	HS578T	24h	LINCSCP_24747
LINCSCP_58441	0.9998147566	0.01225386919	3	AC1MG5Y0	LSM-4794	NA	10uM	VCAP	6h	LINCSCP_58441
LINCSCP_67829	0.9998139343	0.01228103473	3	Vorinostat	LSM-3828	HDAC1|HDAC2|HDAC3|HDAC6|HDAC8	10uM	PC3	24h	LINCSCP_67829
LINCSCP_58782	-0.9998136755	0.01228957509	3	MEGXM0_000149	LSM-4932	NA	10uM	VCAP	6h	LINCSCP_58782
LINCSCP_17668	0.9998136713	0.01228971317	3	Gallocatechin Gallate	LSM-6228	BACE1|FASN	90uM	HCC15	6h	LINCSCP_17668
LINCSCP_55275	-0.9998136399	0.01229074902	3	Oxetane	LSM-44627	NA	0.5uM	U266	6h	LINCSCP_55275
LINCSCP_28463	-0.9998135415	0.01229399213	3	Hydroxyl	LSM-44628	NA	0.1uM	HT29	6h	LINCSCP_28463
LINCSCP_151804	-0.9998134177	0.01229807271	3	Vandetanib	LSM-1199	EGFR|EPHA1|EPHA10|EPHA2|EPHA3|EPHA4|EPHA5|EPHA6|EPHA7|EPHA8|EPHB1|EPHB2|EPHB3|EPHB4|EPHB6|ERBB2|ERBB3|ERBB4|FLT1|FLT4|KDR|PTK6|RET|SRC|TEK	0.04uM	PC3	24h	LINCSCP_151804
LINCSCP_72398	0.9998134166	0.01229810983	3	MG-132	LSM-1107	PSMB1	20uM	A375	24h	LINCSCP_72398
LINCSCP_134008	-0.9998133478	0.01230037739	3	HY-11007	LSM-1022	ABL1|BCR	3.33uM	MCF7	24h	LINCSCP_134008
LINCSCP_53092	-0.9998129935	0.01231204656	3	Cyclohexanecarboxamide, 4-(1-aminoethyl)-n-4-pyridinyl-, trans-	LSM-1177	ROCK1|ROCK2	3uM	SKM1	6h	LINCSCP_53092
LINCSCP_294029	0.9998128551	0.01231660193	3	GR 79236	LSM-36452	ADORA1	10uM	VCAP	6h	LINCSCP_294029
LINCSCP_249830	0.9998128424	0.01231701787	3	BRD-K68190084	LSM-40980	NA	10uM	MCF7	24h	LINCSCP_249830
LINCSCP_62238	-0.9998123145	0.01233437931	3	BRD-K93763482	LSM-14184	NA	5uM	VCAP	6h	LINCSCP_62238
LINCSCP_249095	-0.999812221	0.01233745123	3	BRD-K82423177	LSM-41775	NA	5uM	MCF7	24h	LINCSCP_249095
LINCSCP_106498	-0.9998122182	0.01233754206	3	Gliclazide	LSM-5096	ABCC8	1.11uM	HELA	24h	LINCSCP_106498
LINCSCP_49103	0.9998121522	0.01233971052	3	BRD-K21387011	LSM-14753	NA	10uM	PC3	6h	LINCSCP_49103
LINCSCP_10255	0.9998119517	0.01234629417	3	Amifostine	LSM-4721	NA	10uM	A549	6h	LINCSCP_10255
LINCSCP_165072	-0.9998113107	0.01236731951	3	BX-795	LSM-1189	PDK1|PDPK1	10uM	SKL.C	24h	LINCSCP_165072
LINCSCP_220	-0.9998111458	0.01237272191	3	Pirlindole	LSM-1636	MAOA	10uM	A375	24h	LINCSCP_220
LINCSCP_30518	-0.9998108654	0.01238190453	3	CHEMBL1434137	LSM-6234	RARG	40uM	MCF7	24h	LINCSCP_30518
LINCSCP_169135	-0.9998100317	0.01240916533	3	MG-132	LSM-1107	PSMB1	20uM	YAPC	24h	LINCSCP_169135
LINCSCP_43069	0.9998092136	0.01243585589	3	MLS003128880	LSM-14066	NA	10uM	NPC	24h	LINCSCP_43069
LINCSCP_86802	-0.999809196	0.0124364312	3	GSK-3 Inhibitor II	LSM-1030	GSK3B	0.12uM	CD34	24h	LINCSCP_86802
LINCSCP_36930	0.9998091078	0.01243930505	3	COT Inhibitor-2	LSM-1154	NA	0.5uM	MCF7	6h	LINCSCP_36930
LINCSCP_123150	-0.9998086181	0.01245524937	3	ipratropium	LSM-45809	NA	0.37uM	HT29	24h	LINCSCP_123150
LINCSCP_38397	0.999808446	0.01246084845	3	MW-SHH-54	LSM-44602	NA	10uM	MCF7	24h	LINCSCP_38397
LINCSCP_211653	0.9998083015	0.01246554944	3	331771-20-1	LSM-1096	AURKA|AURKB	10uM	HA1E	6h	LINCSCP_211653
LINCSCP_45874	-0.9998082888	0.01246596106	3	SMR000206936	LSM-1501	NA	10uM	PC3	24h	LINCSCP_45874
LINCSCP_52434	0.9998082172	0.01246829112	3	PCL2_000350	LSM-36729	NA	10uM	SKB	24h	LINCSCP_52434
LINCSCP_111265	-0.9998082087	0.0124685659	3	WZ3105	LSM-5970	CLK2|CSNK1E|FLT3|ULK1	10uM	HEPG2	24h	LINCSCP_111265
LINCSCP_139889	-0.9998081536	0.01247035762	3	TAK-242	LSM-45934	NA	10uM	MCF7	24h	LINCSCP_139889
LINCSCP_148043	0.9998080733	0.0124729656	3	GSK-J2	LSM-44940	NA	10uM	NPC.CAS9	24h	LINCSCP_148043
LINCSCP_80780	-0.9998079746	0.01247617262	3	Quizartinib	LSM-1037	CSF1R|FLT3|KIT|PDGFRA|PDGFRB|RET	1.11uM	A375	24h	LINCSCP_80780
LINCSCP_128669	0.9998079329	0.01247752836	3	Infigratinib	LSM-1184	FGFR1|FGFR2|FGFR3|FGFR4	1.11uM	HUVEC	24h	LINCSCP_128669
LINCSCP_163288	-0.9998077866	0.0124822797	3	Foretinib	LSM-1158	FLT1|FLT3|FLT4|KDR|KIT|MET|PDGFRA|PDGFRB|TEK	0.04uM	SKBR3	3h	LINCSCP_163288
LINCSCP_85691	0.9998076202	0.01248768187	3	Fedratinib	LSM-1142	FLT3|JAK2	0.04uM	BT20	3h	LINCSCP_85691
LINCSCP_70721	0.9998075713	0.01248926918	3	TIE2 Kinase Inhibitor	LSM-1194	NA	0.04uM	A375	24h	LINCSCP_70721
LINCSCP_150077	0.9998075547	0.0124898087	3	Pracinostat	LSM-43290	NA	1.11uM	NPC.TAK	24h	LINCSCP_150077
LINCSCP_47539	-0.999807541	0.01249025324	3	Oxethazaine	LSM-5672	NA	10uM	PC3	24h	LINCSCP_47539
LINCSCP_51460	0.9998074181	0.01249423955	3	Crizotinib	LSM-1027	ALK|MET	1uM	SKBR3	24h	LINCSCP_51460
LINCSCP_50939	0.9998069414	0.01250969481	3	Gossypol	LSM-6229	BCL2|BCL2L1|MCL1	10uM	RMGI	6h	LINCSCP_50939
LINCSCP_8404	-0.9998068946	0.01251121033	3	BRD-K75091523	LSM-13026	NA	5uM	A549	24h	LINCSCP_8404
LINCSCP_25049	-0.999806644	0.01251932442	3	Valdecoxib	LSM-5305	PTGS2	100uM	HT115	6h	LINCSCP_25049
LINCSCP_23736	0.9998062089	0.01253340478	3	ST070518	LSM-36419	NA	10uM	HEPG2	6h	LINCSCP_23736
LINCSCP_108082	-0.9998062082	0.01253342762	3	Nordihydroguaiaretic acid	LSM-6507	NA	0.04uM	HELA	24h	LINCSCP_108082
LINCSCP_20864	0.9998060813	0.01253753136	3	Estrone	LSM-3837	ESR1	10uM	HCC515	24h	LINCSCP_20864
LINCSCP_21050	0.9998060566	0.01253832701	3	Curcumin	LSM-43083	PTGS1|PTGS2	0.1uM	HCC515	6h	LINCSCP_21050
LINCSCP_2816	-0.9998059031	0.01254328972	3	RS-17053	LSM-3721	ADRA1A	10uM	A375	6h	LINCSCP_2816
LINCSCP_38599	0.9998058501	0.01254500278	3	ML162	LSM-1493	NA	0.12uM	MCF7	24h	LINCSCP_38599
LINCSCP_137585	0.9998056846	0.01255034661	3	PF-04620110	LSM-45293	NA	0.04uM	MCF7	24h	LINCSCP_137585
LINCSCP_37329	0.999804438	0.01259054359	3	SA-1919710	LSM-39226	NA	1uM	MCF7	6h	LINCSCP_37329
LINCSCP_94996	-0.9998042093	0.01259790231	3	MG-132	LSM-1107	PSMB1	20uM	HA1E	24h	LINCSCP_94996
LINCSCP_284879	-0.9998040209	0.01260396086	3	Penitrem A	LSM-2058	KCNMA1	10uM	SKB	24h	LINCSCP_284879
LINCSCP_168141	-0.9998038306	0.0126100814	3	SB 242235	LSM-45559	NA	3.33uM	YAPC	24h	LINCSCP_168141
LINCSCP_312419	-0.9998037255	0.01261345854	3	BRD-K07627743	LSM-37685	NA	10uM	VCAP	24h	LINCSCP_312419
LINCSCP_131955	0.999803699	0.01261430901	3	PHA-665752	LSM-42793	MET	0.37uM	MCF7	24h	LINCSCP_131955
LINCSCP_143101	-0.9998034462	0.01262242969	3	Bavisant (dihydrochloride hydrate)	LSM-45666	HRH3	1.11uM	MCF7	24h	LINCSCP_143101
LINCSCP_117146	0.9998030754	0.01263433002	3	GSK-3 Inhibitor II	LSM-1030	GSK3B	3.33uM	HT29	24h	LINCSCP_117146
LINCSCP_51428	-0.9998029642	0.01263789576	3	PHA-793887	LSM-1073	CDK1|CDK10|CDK11B|CDK12|CDK13|CDK14|CDK15|CDK16|CDK17|CDK18|CDK19|CDK2|CDK20|CDK3|CDK4|CDK5|CDK6|CDK7|CDK8|CDK9	10uM	SKBR3	24h	LINCSCP_51428
LINCSCP_8858	-0.999802962	0.01263796891	3	BRD-K08982647	LSM-37751	NA	5uM	A549	24h	LINCSCP_8858
LINCSCP_18356	0.9998026849	0.01264685023	3	SPECTRUM_000897	LSM-1378	NR3C1	10uM	HCC515	6h	LINCSCP_18356
LINCSCP_151607	0.9998025311	0.01265178043	3	SCHEMBL17378613	LSM-5749	CSF1R	10uM	PC3	24h	LINCSCP_151607
LINCSCP_5033	-0.9998019943	0.0126689638	3	MLS001065846	LSM-4111	NA	10uM	A549	24h	LINCSCP_5033
LINCSCP_161483	0.9998019109	0.01267163387	3	cortisone-acetate	LSM-45387	TUBA1A|TUBA1B|TUBA1C|TUBA3E|TUBA4A|TUBB|TUBB1|TUBB2A|TUBB2B|TUBB3|TUBB4A|TUBB4B|TUBB6|TUBB8	0.37uM	PC3	24h	LINCSCP_161483
LINCSCP_309901	-0.9998018459	0.01267371127	3	BRD-K50204028	LSM-40053	NA	30uM	VCAP	6h	LINCSCP_309901
LINCSCP_64955	0.9998010101	0.01270041243	3	BRD-K71154829	LSM-41145	NA	10uM	VCAP	24h	LINCSCP_64955
LINCSCP_444	-0.999800744	0.01270890326	3	PRESTWICK3_000646	LSM-1699	NA	10uM	A375	6h	LINCSCP_444
LINCSCP_164938	-0.9998007397	0.01270904053	3	HY-11007	LSM-1022	ABL1|BCR	3.33uM	SKL.C	24h	LINCSCP_164938
LINCSCP_209948	0.9998007046	0.01271015819	3	Phenothiazine	LSM-3324	NA	10uM	HA1E	24h	LINCSCP_209948
LINCSCP_212886	-0.9998003444	0.01272163848	3	COL-3	LSM-36908	NA	0.5uM	HA1E	6h	LINCSCP_212886
LINCSCP_145224	0.9997999108	0.01273544834	3	YM 201636	LSM-1109	NA	0.37uM	MDAMB231	3h	LINCSCP_145224
LINCSCP_284244	0.9997999071	0.01273556491	3	Rofecoxib	LSM-2482	PTGS2	10uM	SKB	24h	LINCSCP_284244
LINCSCP_7020	0.9997992231	0.01275731598	3	Fenoterol	LSM-1948	ADRB2	10uM	A549	24h	LINCSCP_7020
LINCSCP_23317	-0.9997990123	0.01276401128	3	F0566-0457	LSM-36620	NA	10uM	HEPG2	24h	LINCSCP_23317
LINCSCP_105327	-0.9997990025	0.01276432011	3	Caffeine	LSM-2026	ADORA1|ADORA2A|ADORA2B|ADORA3|ATM|ITPR1|RYR1	10uM	HELA	24h	LINCSCP_105327
LINCSCP_133434	0.9997988964	0.01276769036	3	Sunitinib	LSM-42800	CSF1R|FLT1|FLT3|FLT4|KDR|KIT|PDGFRA|PDGFRB|RET	0.12uM	MCF7	24h	LINCSCP_133434
LINCSCP_172928	-0.9997985648	0.01277821096	3	Eperezolid	LSM-45703	NA	1.11uM	YAPC	24h	LINCSCP_172928
LINCSCP_68754	0.9997982602	0.01278786923	3	Wortmannin	LSM-3947	PIK3CA|PIK3CG|PLK1	10uM	VCAP	6h	LINCSCP_68754
LINCSCP_58692	0.9997981863	0.0127902136	3	CBKINASE1_008949	LSM-4513	NA	10uM	VCAP	6h	LINCSCP_58692
LINCSCP_134056	0.9997981466	0.0127914699	3	Pyrazolanthrone	LSM-1163	MAPK10|MAPK8|MAPK9|TTK	3.33uM	MCF7	24h	LINCSCP_134056
LINCSCP_193552	-0.9997976846	0.01280609976	3	BRD-K14833463	LSM-38042	NA	10uM	A549	24h	LINCSCP_193552
LINCSCP_12869	-0.9997971016	0.0128245389	3	Elesclomol	LSM-4929	HSPA1A	10uM	DV90	6h	LINCSCP_12869
LINCSCP_125289	0.9997970176	0.01282719293	3	NMS-1286937	LSM-45818	NA	0.04uM	HT29	24h	LINCSCP_125289
LINCSCP_277020	-0.999796573	0.01284123341	3	BRD-K41908552	LSM-39586	NA	5uM	PC3	24h	LINCSCP_277020
LINCSCP_27681	0.9997963863	0.01284712645	3	BRD-K37638153	LSM-10704	NA	5uM	HT29	24h	LINCSCP_27681
LINCSCP_20206	0.9997963665	0.01284775094	3	ST089307	LSM-4500	NA	10uM	HCC515	6h	LINCSCP_20206
LINCSCP_99347	-0.9997960772	0.01285687497	3	Gestrinone	LSM-45597	NA	0.04uM	HA1E	24h	LINCSCP_99347
LINCSCP_79638	0.9997960186	0.01285872084	3	179324-69-7	LSM-6281	ADRM1|PSMA1|PSMA2|PSMA3|PSMA4|PSMA5|PSMA6|PSMA7|PSMA8|PSMB1|PSMB10|PSMB11|PSMB2|PSMB3|PSMB4|PSMB5|PSMB6|PSMB7|PSMB8|PSMB9|PSMC1|PSMC2|PSMC3|PSMC4|PSMC5|PSMC6|PSMD1|PSMD11|PSMD12|PSMD13|PSMD14|PSMD2|PSMD3|PSMD4|PSMD6|PSMD7|PSMD8|SEM1	20uM	A375	24h	LINCSCP_79638
LINCSCP_161480	0.9997959289	0.01286154726	3	cortisone-acetate	LSM-45387	TUBA1A|TUBA1B|TUBA1C|TUBA3E|TUBA4A|TUBB|TUBB1|TUBB2A|TUBB2B|TUBB3|TUBB4A|TUBB4B|TUBB6|TUBB8	10uM	PC3	24h	LINCSCP_161480
LINCSCP_217038	-0.9997958684	0.01286345574	3	Emend	LSM-5350	TACR1	10uM	HCC515	6h	LINCSCP_217038
LINCSCP_262075	-0.9997954516	0.01287658151	3	L-755,507	LSM-1912	ADRB3	10uM	NPC	24h	LINCSCP_262075
LINCSCP_45881	-0.9997953068	0.01288113804	3	BRD-A74608937	LSM-1779	NA	10uM	PC3	24h	LINCSCP_45881
LINCSCP_52967	0.9997952727	0.0128822103	3	RS-23597-190	LSM-6204	HTR4	100uM	SKLU1	6h	LINCSCP_52967
LINCSCP_8473	0.9997950819	0.01288821313	3	BRD-K30934140	LSM-10294	NA	5uM	A549	24h	LINCSCP_8473
LINCSCP_31321	-0.9997948122	0.0128966914	3	Gatifloxacin	LSM-5139	NA	10uM	MCF7	24h	LINCSCP_31321
LINCSCP_164740	-0.9997946121	0.01290297842	3	CHEMBL3347630	LSM-43292	NA	0.12uM	SKL.C	24h	LINCSCP_164740
LINCSCP_70616	0.9997941469	0.01291758205	3	CC-401	LSM-1186	NA	1.11uM	A375	24h	LINCSCP_70616
LINCSCP_239369	-0.9997940988	0.01291909277	3	F1709-0025	LSM-4415	NA	10uM	MCF7	24h	LINCSCP_239369
LINCSCP_72224	0.9997938265	0.01292763233	3	179324-69-7	LSM-6281	ADRM1|PSMA1|PSMA2|PSMA3|PSMA4|PSMA5|PSMA6|PSMA7|PSMA8|PSMB1|PSMB10|PSMB11|PSMB2|PSMB3|PSMB4|PSMB5|PSMB6|PSMB7|PSMB8|PSMB9|PSMC1|PSMC2|PSMC3|PSMC4|PSMC5|PSMC6|PSMD1|PSMD11|PSMD12|PSMD13|PSMD14|PSMD2|PSMD3|PSMD4|PSMD6|PSMD7|PSMD8|SEM1	20uM	A375	24h	LINCSCP_72224
LINCSCP_1913	-0.9997936048	0.0129345816	3	Diphencyprone	LSM-5625	NA	10uM	A375	6h	LINCSCP_1913
LINCSCP_152715	-0.9997936003	0.01293472334	3	BAY 57-1293	LSM-45719	NA	1.11uM	PC3	24h	LINCSCP_152715
LINCSCP_64072	-0.9997934187	0.01294041304	3	BRD-K19593593	LSM-9610	NA	5uM	VCAP	6h	LINCSCP_64072
LINCSCP_247251	0.9997933854	0.01294145401	3	BRD-K32354807	LSM-39050	NA	5uM	MCF7	24h	LINCSCP_247251
LINCSCP_32565	0.9997931064	0.01295019054	3	Pimasertib	LSM-5946	MAP2K1|MAP2K2	10uM	MCF7	24h	LINCSCP_32565
LINCSCP_104225	-0.9997927417	0.0129616001	3	MG-132	LSM-1107	PSMB1	20uM	HELA	24h	LINCSCP_104225
LINCSCP_272234	-0.9997925386	0.01296795005	3	Glipizide	LSM-2251	ABCC8|KCNJ11	10uM	PC3	6h	LINCSCP_272234
LINCSCP_39570	0.9997924852	0.01296961887	3	BMS-387032	LSM-1132	CDK2|CDK7|CDK9	10uM	MDAMB231	6h	LINCSCP_39570
LINCSCP_26965	0.9997921585	0.01297982419	3	Deltaline	LSM-1966	CHRNA7	10uM	HT29	6h	LINCSCP_26965
LINCSCP_209413	-0.999791816	0.01299051302	3	Droperidol	LSM-4193	DRD2	10uM	HA1E	6h	LINCSCP_209413
LINCSCP_142106	0.99979172	0.01299350828	3	SB743921	LSM-45775	NA	0.37uM	MCF7	24h	LINCSCP_142106
LINCSCP_26106	0.9997917121	0.01299375463	3	KUC104491N	LSM-3102	NA	10uM	HT29	6h	LINCSCP_26106
LINCSCP_93774	-0.9997917001	0.01299412928	3	BMS-777607	LSM-1144	AXL|MERTK|MET|MST1R|TYRO3	10uM	HA1E	24h	LINCSCP_93774
LINCSCP_15590	0.9997913873	0.01300388363	3	SMR000068650	LSM-2859	NA	100uM	HA1E	6h	LINCSCP_15590
LINCSCP_11879	0.9997913815	0.01300406235	3	LRRK2-IN-1	LSM-1086	LRRK2	0.1uM	BT20	6h	LINCSCP_11879
LINCSCP_1025	-0.9997913625	0.01300465439	3	79966-13-5	LSM-6665	NA	10uM	A375	6h	LINCSCP_1025
LINCSCP_19930	0.9997909643	0.01301705938	3	MLS-0437153.0001	LSM-3645	NA	10uM	HCC515	6h	LINCSCP_19930
LINCSCP_260845	0.9997908702	0.01301999113	3	CGS-15943	LSM-3076	ADORA1|ADORA2A|ADORA2B	20uM	NKDBA	24h	LINCSCP_260845
LINCSCP_5921	0.9997908233	0.01302144908	3	SCHEMBL15422158	LSM-44565	NA	10uM	A549	24h	LINCSCP_5921
LINCSCP_73324	-0.9997906992	0.01302531064	3	Pictilisib	LSM-1047	PIK3CA|PIK3CB|PIK3CD|PIK3CG|PIK3R1|PIK3R2|PIK3R3|PIK3R5	0.04uM	A375	24h	LINCSCP_73324
LINCSCP_293506	-0.9997905799	0.01302902315	3	Pinacidil	LSM-1557	ABCC8|ABCC9	10uM	VCAP	6h	LINCSCP_293506
LINCSCP_158770	-0.9997905461	0.01303007479	3	MG-132	LSM-1107	PSMB1	20uM	PC3	24h	LINCSCP_158770
LINCSCP_1657	-0.9997901148	0.01304348468	3	Triazolothiadiazine, 22	LSM-4131	NA	10uM	A375	6h	LINCSCP_1657
LINCSCP_16275	-0.9997896258	0.0130586699	3	CHEMDIV1_009700	LSM-4562	NA	10uM	HA1E	6h	LINCSCP_16275
LINCSCP_55609	-0.9997895249	0.01306180133	3	GR-89696	LSM-1919	OPRK1	10uM	VCAP	24h	LINCSCP_55609
LINCSCP_28115	-0.9997893791	0.01306632507	3	BRD-K02004525	LSM-37382	NA	5uM	HT29	24h	LINCSCP_28115
LINCSCP_1883	0.9997891767	0.01307260108	3	(R,S)-Indatraline	LSM-5209	MAOA|MAOB	10uM	A375	6h	LINCSCP_1883
LINCSCP_168703	-0.9997890964	0.01307509319	3	Amitriptyline	LSM-3190	CHRM1|CHRM2|CHRM3|CHRM4|CHRM5|HRH1|HTR6|SLC6A2|SLC6A4	10uM	YAPC	24h	LINCSCP_168703
LINCSCP_15813	0.9997889229	0.01308047016	3	CHEMBL566722	LSM-4073	NA	10uM	HA1E	24h	LINCSCP_15813
LINCSCP_53819	0.9997888745	0.01308196836	3	AC1LWZG4	LSM-2387	NA	10uM	SNUC4	6h	LINCSCP_53819
LINCSCP_12656	0.9997885051	0.01309340871	3	DASA-58	LSM-3813	PKM	90uM	CORL23	6h	LINCSCP_12656
LINCSCP_116182	-0.9997881785	0.01310351426	3	PD-0325901	LSM-1101	MAP2K1|MAP2K2	3.33uM	HT29	24h	LINCSCP_116182
LINCSCP_160603	0.9997881668	0.01310387757	3	Tolvaptan	LSM-45837	AVPR2	0.04uM	PC3	24h	LINCSCP_160603
LINCSCP_236952	-0.9997880057	0.01310886006	3	CHEMBL1408258	LSM-4175	NA	10uM	MCF7	24h	LINCSCP_236952
LINCSCP_132081	0.9997878066	0.01311501394	3	Fedratinib	LSM-1142	FLT3|JAK2	0.37uM	MCF7	24h	LINCSCP_132081
LINCSCP_211487	0.999787735	0.01311722539	3	Rhodanine derivative, 38	LSM-42908	NA	10uM	HA1E	6h	LINCSCP_211487
LINCSCP_86389	-0.9997873332	0.01312963453	3	CHEMBL585951	LSM-36386	MAPK8	3.33uM	BT20	3h	LINCSCP_86389
LINCSCP_178777	0.9997872711	0.01313155091	3	Piceid	LSM-43202	ICAM1	10uM	A375	6h	LINCSCP_178777
LINCSCP_173934	-0.9997870669	0.01313785401	3	PF-03814735	LSM-45437	NA	3.33uM	YAPC	24h	LINCSCP_173934
LINCSCP_45949	-0.9997870246	0.01313915712	3	MLS001065858	LSM-3606	NA	10uM	PC3	24h	LINCSCP_45949
LINCSCP_212965	-0.9997861479	0.01316617631	3	MW-SHH-61	LSM-44611	NA	0.1uM	HA1E	6h	LINCSCP_212965
LINCSCP_43208	-0.9997848143	0.0132071639	3	Oxyphenbutazone	LSM-5029	PTGS1|PTGS2	10uM	NPC	24h	LINCSCP_43208
LINCSCP_222994	0.9997841715	0.01322687741	3	CHEMBL416418	LSM-6211	ASAH1|UGCG	60uM	HT115	6h	LINCSCP_222994
LINCSCP_115415	-0.9997841112	0.01322872552	3	Linsitinib	LSM-1135	IGF1R|INSR	0.04uM	HS578T	3h	LINCSCP_115415
LINCSCP_140266	-0.9997840842	0.01322955356	3	Binospirone	LSM-1611	HTR1A	0.04uM	MCF7	24h	LINCSCP_140266
LINCSCP_41672	-0.9997839217	0.01323453033	3	9-Cis retinol	LSM-5317	RARA|RARB|RARG|RORB	40uM	NKDBA	24h	LINCSCP_41672
LINCSCP_93061	-0.9997838212	0.01323760765	3	Fluconazole	LSM-2106	CYP51A1	0.04uM	HA1E	24h	LINCSCP_93061
LINCSCP_62811	0.999783571	0.01324526647	3	BRD-K73255556	LSM-12913	NA	5uM	VCAP	24h	LINCSCP_62811
LINCSCP_85013	-0.9997833097	0.01325325791	3	SB239063	LSM-1036	MAPK11|MAPK14	0.04uM	ASC	24h	LINCSCP_85013
LINCSCP_124898	-0.9997833073	0.01325333155	3	DICUMAROL	LSM-45761	NQO1|VKORC1	0.12uM	HT29	24h	LINCSCP_124898
LINCSCP_173198	-0.9997829487	0.01326429461	3	Pimobendan	LSM-45256	NA	0.37uM	YAPC	24h	LINCSCP_173198
LINCSCP_60296	0.9997826585	0.01327315994	3	CHEMBL2357862	LSM-43398	NA	5uM	VCAP	6h	LINCSCP_60296
LINCSCP_105567	-0.9997821573	0.0132884557	3	Lenvatinib (E7080)	LSM-45581	FLT1|FLT4|KDR	10uM	HELA	24h	LINCSCP_105567
LINCSCP_55996	-0.9997817324	0.01330140863	3	BP-554	LSM-3007	HTR1A	10uM	VCAP	24h	LINCSCP_55996
LINCSCP_45205	0.9997811562	0.01331895478	3	Pevonedistat	LSM-6263	NAE1|UBA3	10uM	PC3	6h	LINCSCP_45205
LINCSCP_68630	-0.9997809192	0.01332616569	3	Withaferin A	LSM-6685	IKBKB|NAMPT	10uM	VCAP	24h	LINCSCP_68630
LINCSCP_40979	-0.9997809186	0.0133261826	3	MLS001173561	LSM-2507	GRM7	10uM	NEU	24h	LINCSCP_40979
LINCSCP_84829	-0.9997806745	0.01333360629	3	Pyrazolanthrone	LSM-1163	MAPK10|MAPK8|MAPK9|TTK	3.33uM	ASC	24h	LINCSCP_84829
LINCSCP_138319	0.9997802067	0.01334782015	3	MG-132	LSM-1107	PSMB1	20uM	MCF7	24h	LINCSCP_138319
LINCSCP_279898	-0.999780138	0.01334990525	3	CHEMBL2333346	LSM-36791	NA	0.5uM	PC3	6h	LINCSCP_279898
LINCSCP_114009	0.9997791159	0.01338090121	3	AT 7867	LSM-1155	NA	1.11uM	HME1	24h	LINCSCP_114009
LINCSCP_12229	0.9997790375	0.01338327545	3	Dovitinib	LSM-1127	EGFR|FGFR1|FGFR2|FGFR3|FLT1|FLT3|FLT4|KDR|KIT|PDGFRA|PDGFRB	10uM	BT20	24h	LINCSCP_12229
LINCSCP_22348	-0.9997786377	0.01339537676	3	N-[(4-Fluoro-3-methylphenyl)sulfonyl]glycine	LSM-4587	NA	10uM	HEPG2	6h	LINCSCP_22348
LINCSCP_24493	0.99977854	0.01339833285	3	Saracatinib	LSM-1032	ABL1|SRC	1uM	HS578T	6h	LINCSCP_24493
LINCSCP_252703	-0.9997784021	0.0134025042	3	SA-1457415	LSM-40938	NA	1uM	MCF7	24h	LINCSCP_252703
LINCSCP_86792	0.999778334	0.0134045629	3	Quizartinib	LSM-1037	CSF1R|FLT3|KIT|PDGFRA|PDGFRB|RET	10uM	CD34	24h	LINCSCP_86792
LINCSCP_84168	-0.9997782893	0.01340591554	3	Dasatinib	LSM-1020	ABL1|BCR|BLK|EPHA2|FGR|FRK|FYN|HCK|KIT|LCK|LYN|PDGFRB|SRC|SRMS|YES1	1.11uM	ASC	24h	LINCSCP_84168
LINCSCP_33571	-0.9997780006	0.01341464076	3	8-Bromo-cgmp	LSM-4503	NA	10uM	MCF7	24h	LINCSCP_33571
LINCSCP_106240	-0.9997778161	0.01342021565	3	MK-2461	LSM-45560	MET	1.11uM	HELA	24h	LINCSCP_106240
LINCSCP_16990	0.9997773223	0.01343512039	3	Heliomycin	LSM-5729	NA	10uM	HA1E	6h	LINCSCP_16990
LINCSCP_56685	-0.9997771476	0.01344039021	3	SRC Kinase Inhibitor I	LSM-3112	CSK|LCK	10uM	VCAP	24h	LINCSCP_56685
LINCSCP_36288	-0.9997770303	0.01344392506	3	PF-04217903	LSM-1166	MET	10uM	MCF7	24h	LINCSCP_36288
LINCSCP_464	-0.9997767286	0.01345301949	3	N6-Cyclopentyladenosine	LSM-1867	ADORA1|ADORA2A|ADORA2B	10uM	A375	6h	LINCSCP_464
LINCSCP_98094	-0.9997764947	0.01346006465	3	Pazopanib	LSM-1114	CSF1R|FGFR1|FGFR3|FLT1|FLT4|ITK|KDR|KIT|LCK|PDGFRA|PDGFRB	0.37uM	HA1E	24h	LINCSCP_98094
LINCSCP_12952	0.9997763541	0.01346429754	3	NVP-AUY922	LSM-1162	HSP90AA1|HSP90AB1	10uM	EFO27	6h	LINCSCP_12952
LINCSCP_120723	-0.9997759809	0.01347552773	3	Elacridar	LSM-45579	NA	0.12uM	HT29	24h	LINCSCP_120723
LINCSCP_24341	0.9997759284	0.01347710494	3	SCHEMBL6874948	LSM-5674	LCK	1uM	HS578T	24h	LINCSCP_24341
LINCSCP_6893	-0.9997756288	0.01348611166	3	CHEMBL3188521	LSM-3435	NR1H4	10uM	A549	24h	LINCSCP_6893
LINCSCP_23527	-0.9997753901	0.01349328382	3	STK178014	LSM-43108	NA	50uM	HEPG2	24h	LINCSCP_23527
LINCSCP_49325	0.9997750051	0.0135048442	3	Broad-Sai-560	LSM-45991	NA	1uM	PC3	24h	LINCSCP_49325
LINCSCP_73918	0.9997747228	0.0135133158	3	Seocalcitol	LSM-45464	VDR	0.12uM	A375	24h	LINCSCP_73918
LINCSCP_102989	0.9997744522	0.0135214299	3	Sitagliptin	LSM-5363	DPP4	0.37uM	HELA	24h	LINCSCP_102989
LINCSCP_19965	0.9997744475	0.01352157092	3	MLS002264432	LSM-4237	NA	10uM	HCC515	6h	LINCSCP_19965
LINCSCP_8657	-0.9997743036	0.01352588384	3	BRD-K95567178	LSM-14288	NA	5uM	A549	24h	LINCSCP_8657
LINCSCP_57570	0.9997742597	0.01352719715	3	MLS003429134	LSM-43021	NA	10uM	VCAP	24h	LINCSCP_57570
LINCSCP_11266	0.9997741848	0.01352944255	3	SR57227A	LSM-2188	HTR3A	10uM	ASC	24h	LINCSCP_11266
LINCSCP_148203	-0.9997738611	0.01353913507	3	Dasatinib	LSM-1020	ABL1|BCR|BLK|EPHA2|FGR|FRK|FYN|HCK|KIT|LCK|LYN|PDGFRB|SRC|SRMS|YES1	0.12uM	NPC.CAS9	24h	LINCSCP_148203
LINCSCP_295281	0.9997735038	0.01354982726	3	MLS-0315771.0002	LSM-4882	NA	10uM	VCAP	24h	LINCSCP_295281
LINCSCP_33054	0.9997731327	0.01356092541	3	vincristine	NA	TUBB	10uM	MCF7	24h	LINCSCP_33054
LINCSCP_57198	-0.9997723517	0.01358424593	3	Fluspirilene	LSM-3748	DRD2|HTR2A	5uM	VCAP	6h	LINCSCP_57198
LINCSCP_13013	-0.9997721251	0.01359100655	3	Nisoxetine	LSM-1934	SLC6A2	10uM	FIBRNPC	24h	LINCSCP_13013
LINCSCP_65221	-0.9997718887	0.01359805318	3	BRD-K08781018	LSM-37744	NA	10uM	VCAP	24h	LINCSCP_65221
LINCSCP_104403	0.999771837	0.01359959509	3	Griseofulvin	LSM-5259	NA	0.12uM	HELA	24h	LINCSCP_104403
LINCSCP_47409	0.9997717303	0.01360277561	3	LY404039	LSM-5605	GRM2|GRM3	10uM	PC3	6h	LINCSCP_47409
LINCSCP_86502	0.9997717134	0.01360327907	3	rifampicin	NA	NA	10uM	BT20	3h	LINCSCP_86502
LINCSCP_64641	0.9997717046	0.01360354113	3	BRD-K28135985	LSM-38804	NA	10uM	VCAP	24h	LINCSCP_64641
LINCSCP_41616	-0.9997714122	0.01361224869	3	HEMICHOLINIUM-3	LSM-4994	NA	3uM	NKDBA	24h	LINCSCP_41616
LINCSCP_39012	-0.9997713896	0.01361292339	3	TAE-684	LSM-1024	ALK	10uM	MDAMB231	24h	LINCSCP_39012
LINCSCP_115204	-0.9997713403	0.01361439019	3	PHA-665752	LSM-42793	MET	0.12uM	HS578T	3h	LINCSCP_115204
LINCSCP_116618	0.9997712297	0.01361768267	3	PF-562271	LSM-1072	PTK2|PTK2B	0.04uM	HT29	24h	LINCSCP_116618
LINCSCP_15225	0.9997711879	0.01361892566	3	Tyrphostin AG-112	LSM-43079	NA	10uM	HA1E	24h	LINCSCP_15225
LINCSCP_96658	0.9997705794	0.01363702425	3	NMS-1286937	LSM-45818	NA	0.12uM	HA1E	24h	LINCSCP_96658
LINCSCP_153703	0.9997704939	0.01363956506	3	Lintitript	LSM-2780	CCKAR	3.33uM	PC3	24h	LINCSCP_153703
LINCSCP_107373	-0.9997700611	0.01365242071	3	179324-69-7	LSM-6281	ADRM1|PSMA1|PSMA2|PSMA3|PSMA4|PSMA5|PSMA6|PSMA7|PSMA8|PSMB1|PSMB10|PSMB11|PSMB2|PSMB3|PSMB4|PSMB5|PSMB6|PSMB7|PSMB8|PSMB9|PSMC1|PSMC2|PSMC3|PSMC4|PSMC5|PSMC6|PSMD1|PSMD11|PSMD12|PSMD13|PSMD14|PSMD2|PSMD3|PSMD4|PSMD6|PSMD7|PSMD8|SEM1	20uM	HELA	24h	LINCSCP_107373
LINCSCP_205718	-0.9997699431	0.01365592242	3	Valproic acid	LSM-4620	ABAT|ALDH5A1|HDAC1|SCN1A|SCN3A	10uM	CL34	6h	LINCSCP_205718
LINCSCP_266368	0.9997693545	0.01367338179	3	Lumicolchicine	LSM-4236	NA	10uM	PC3	24h	LINCSCP_266368
LINCSCP_59805	0.9997690189	0.01368332771	3	BRD-K83718139	LSM-41842	NA	5uM	VCAP	6h	LINCSCP_59805
LINCSCP_121833	-0.9997687971	0.01368989635	3	MG-132	LSM-1107	PSMB1	20uM	HT29	24h	LINCSCP_121833
LINCSCP_28671	-0.999768515	0.01369824632	3	PF 543	LSM-42693	SPHK1	10uM	HT29	24h	LINCSCP_28671
LINCSCP_88142	-0.9997685137	0.01369828236	3	CHEMBL585951	LSM-36386	MAPK8	1.11uM	HA1E	24h	LINCSCP_88142
LINCSCP_35144	-0.9997681771	0.01370823927	3	BRD-K81739235	LSM-41734	NA	5uM	MCF7	24h	LINCSCP_35144
LINCSCP_196004	0.9997680962	0.01371063072	3	BRD-K62773636	LSM-12243	NA	5uM	A549	24h	LINCSCP_196004
LINCSCP_136613	-0.9997678688	0.01371735272	3	MG-132	LSM-1107	PSMB1	20uM	MCF7	24h	LINCSCP_136613
LINCSCP_12101	-0.9997677708	0.0137202461	3	C30H33N3O5S	LSM-1156	ATM	10uM	BT20	24h	LINCSCP_12101
LINCSCP_239883	0.9997677043	0.01372221041	3	ST070885	LSM-4558	NA	10uM	MCF7	24h	LINCSCP_239883
LINCSCP_42758	0.9997674266	0.01373041188	3	Risperidone	LSM-3193	ADRA1A|ADRA1B|DRD2|DRD3|DRD4|HRH1|HTR1A|HTR1D|HTR2A|HTR2C	10uM	NPC	24h	LINCSCP_42758
LINCSCP_137630	-0.9997673748	0.01373194062	3	AZD7687	LSM-45251	NA	1.11uM	MCF7	24h	LINCSCP_137630
LINCSCP_56045	-0.9997673294	0.01373328214	3	Phenazopyridine	LSM-3705	SCN10A|SCN11A|SCN1A|SCN2A|SCN3A|SCN4A|SCN5A|SCN7A|SCN8A|SCN9A	10uM	VCAP	24h	LINCSCP_56045
LINCSCP_70266	-0.999767269	0.01373506394	3	Rucaparib	LSM-4947	PARP1|PARP2|PARP3	0.37uM	A375	24h	LINCSCP_70266
LINCSCP_252747	0.9997672293	0.0137362342	3	Sildenafil	LSM-3797	PDE5A	3uM	MCF7	24h	LINCSCP_252747
LINCSCP_140998	0.999767155	0.01373842793	3	Proglumide	LSM-4439	CCKAR|CCKBR	0.04uM	MCF7	24h	LINCSCP_140998
LINCSCP_6714	-0.9997667116	0.01375150275	3	PIK-75	NA	PIK3CA	10uM	A549	6h	LINCSCP_6714
LINCSCP_26375	0.9997663771	0.01376135673	3	MLS001210968	LSM-2059	NA	10uM	HT29	6h	LINCSCP_26375
LINCSCP_44600	-0.9997662221	0.01376592148	3	N-[4-(Acridin-9-ylmethyl)-3-methoxyphenyl]methanesulfonamide	LSM-4221	TOP2A	10uM	PC3	24h	LINCSCP_44600
LINCSCP_76587	-0.9997661498	0.01376804934	3	Lorcaserin HCl	LSM-45745	HTR2C	0.04uM	A375	24h	LINCSCP_76587
LINCSCP_92390	-0.9997653114	0.01379270926	3	Mozavaptan	LSM-45912	NA	0.04uM	HA1E	24h	LINCSCP_92390
LINCSCP_163791	-0.9997649611	0.01380300127	3	AS-605240	LSM-42784	PIK3CG	10uM	SKBR3	24h	LINCSCP_163791
LINCSCP_35075	-0.9997647975	0.01380780482	3	BRD-K27671514	LSM-38778	NA	5uM	MCF7	24h	LINCSCP_35075
LINCSCP_133171	0.9997647683	0.01380866149	3	Selumetinib	LSM-1056	MAP2K1|MAP2K2	1.11uM	MCF7	3h	LINCSCP_133171
LINCSCP_70020	0.9997647039	0.01381055161	3	Infigratinib	LSM-1184	FGFR1|FGFR2|FGFR3|FGFR4	3.33uM	A375	24h	LINCSCP_70020
LINCSCP_156111	0.9997641676	0.01382628202	3	AT-7519	LSM-1004	CDK1|CDK10|CDK11B|CDK12|CDK13|CDK14|CDK15|CDK16|CDK17|CDK18|CDK19|CDK2|CDK20|CDK3|CDK4|CDK5|CDK6|CDK7|CDK8|CDK9	1.11uM	PC3	24h	LINCSCP_156111
LINCSCP_7578	-0.9997639181	0.01383359287	3	Carbonyl Cyanide M-Chlorophenylhydrazone	LSM-2341	NA	10uM	A549	24h	LINCSCP_7578
LINCSCP_11270	-0.9997638957	0.01383424956	3	Nafcillin	LSM-2402	CYP1A2|CYP3A4|SLC22A6	10uM	ASC	24h	LINCSCP_11270
LINCSCP_150178	0.999763748	0.01383857717	3	PD-0325901	LSM-1101	MAP2K1|MAP2K2	3.33uM	NPC.TAK	24h	LINCSCP_150178
LINCSCP_5162	-0.9997635612	0.01384404623	3	MLS001065876	LSM-3794	NA	10uM	A549	6h	LINCSCP_5162
LINCSCP_32850	0.9997634003	0.0138487563	3	AC1O9ATU	LSM-1760	HMGCR	10uM	MCF7	24h	LINCSCP_32850
LINCSCP_4907	-0.9997633039	0.01385157811	3	MLS001060804	LSM-2231	NA	10uM	A549	24h	LINCSCP_4907
LINCSCP_105454	-0.9997631397	0.01385638204	3	Zardaverine	LSM-2833	PDE4D	3.33uM	HELA	24h	LINCSCP_105454
LINCSCP_138202	-0.9997629914	0.01386071895	3	Ledipasvir	LSM-45925	NA	0.12uM	MCF7	24h	LINCSCP_138202
LINCSCP_6156	-0.9997627248	0.01386851396	3	BRD-K19166598	LSM-38298	NA	10uM	A549	24h	LINCSCP_6156
LINCSCP_84634	-0.9997627206	0.01386863381	3	Anacardic acid	LSM-6320	NA	1.11uM	ASC	24h	LINCSCP_84634
LINCSCP_48804	0.9997626834	0.013869722	3	BRD-K60487596	LSM-40576	NA	10uM	PC3	24h	LINCSCP_48804
LINCSCP_25511	-0.9997626216	0.01387152762	3	L-690330	LSM-4578	IMPA1	10uM	HT29	24h	LINCSCP_25511
LINCSCP_203970	0.9997622767	0.0138816026	3	TOCRIS-0930	LSM-2999	ADRB3	10uM	ASC	24h	LINCSCP_203970
LINCSCP_120451	-0.9997622084	0.0138835969	3	Temoporfin	LSM-45995	NA	1.11uM	HT29	24h	LINCSCP_120451
LINCSCP_24857	-0.9997614364	0.01390611471	3	TGX 221	LSM-1172	PIK3CB	1uM	HS578T	6h	LINCSCP_24857
LINCSCP_113979	-0.9997613382	0.01390897881	3	PD-0325901	LSM-1101	MAP2K1|MAP2K2	1.11uM	HME1	24h	LINCSCP_113979
LINCSCP_217321	-0.9997612796	0.01391068662	3	CHEMBL2131444	LSM-41327	NA	10uM	HCC515	6h	LINCSCP_217321
LINCSCP_128004	0.9997610789	0.01391653116	3	TPCA-1	LSM-1136	IKBKB	3.33uM	HUES3	24h	LINCSCP_128004
LINCSCP_100321	-0.9997610168	0.01391834014	3	HG-14-10-04	LSM-6345	NA	0.37uM	HCC515	24h	LINCSCP_100321
LINCSCP_293606	-0.9997610097	0.01391854646	3	T6235235	LSM-2576	NA	10uM	VCAP	6h	LINCSCP_293606
LINCSCP_153013	-0.9997608777	0.01392239173	3	MK-2866 (GTx-024)	LSM-45447	AR	10uM	PC3	24h	LINCSCP_153013
LINCSCP_239777	0.9997605617	0.01393158669	3	SPOX1_000836	LSM-4734	NA	10uM	MCF7	6h	LINCSCP_239777
LINCSCP_11434	0.9997604446	0.0139349932	3	Isoreserpine	LSM-2816	SLC18A1|SLC18A2	10uM	ASC	24h	LINCSCP_11434
LINCSCP_25501	0.999760443	0.0139350398	3	3-(4-Pyridyl)indole	LSM-4569	ROCK1	10uM	HT29	24h	LINCSCP_25501
LINCSCP_23081	0.999760384	0.01393675538	3	Oxybenzone	LSM-3309	NA	10uM	HEPG2	6h	LINCSCP_23081
LINCSCP_53455	-0.9997602432	0.0139408508	3	PNU-74654	LSM-44945	CTNNB1|TCF4	80uM	SKMEL28	6h	LINCSCP_53455
LINCSCP_142176	-0.9997602317	0.01394118415	3	Aripiprazole	LSM-5776	DRD2|HRH1|HTR1A|HTR1B|HTR1D|HTR2A|HTR2C	3.33uM	MCF7	24h	LINCSCP_142176
LINCSCP_163043	0.999760003	0.0139478317	3	TWS 119	LSM-1111	GSK3B	0.04uM	SKBR3	24h	LINCSCP_163043
LINCSCP_75622	-0.999759671	0.01395747791	3	PENICILLIN V POTASSIUM	LSM-45657	NA	1.11uM	A375	24h	LINCSCP_75622
LINCSCP_211146	-0.9997596075	0.01395931983	3	Rutin	LSM-2457	AKR1C3	10uM	HA1E	6h	LINCSCP_211146
LINCSCP_244779	-0.9997592558	0.01396952896	3	Sparfloxacin	LSM-5251	NA	10uM	MCF7	6h	LINCSCP_244779
LINCSCP_222030	0.9997589292	0.01397900209	3	Broad-Sai-296	LSM-45315	NA	3.33uM	HEPG2	24h	LINCSCP_222030
LINCSCP_132354	-0.9997588058	0.01398257763	3	NVP-AUY922	LSM-1162	NA	10uM	MCF7	3h	LINCSCP_132354
LINCSCP_31037	-0.999758518	0.01399091832	3	ML120	LSM-1704	NA	10uM	MCF7	6h	LINCSCP_31037
LINCSCP_118126	-0.9997583891	0.01399465415	3	Pyrazinamide	LSM-5425	FASN	3.33uM	HT29	24h	LINCSCP_118126
LINCSCP_102035	0.999758147	0.0140016615	3	Suprofen	LSM-4406	PTGS1|PTGS2	3.33uM	HELA	24h	LINCSCP_102035
LINCSCP_28710	-0.9997581262	0.01400226545	3	MEGXM0_000203	LSM-36622	NA	10uM	HUH7	24h	LINCSCP_28710
LINCSCP_98981	-0.9997578202	0.01401111966	3	EMD-1214063	LSM-45557	MET	0.37uM	HA1E	24h	LINCSCP_98981
LINCSCP_63440	-0.9997570488	0.01403341817	3	BRD-K05722694	LSM-8766	NA	5uM	VCAP	6h	LINCSCP_63440
LINCSCP_149108	-0.9997568657	0.01403870527	3	GSK429286A	LSM-1012	ROCK1	3.33uM	NPC	24h	LINCSCP_149108
LINCSCP_260877	0.999756788	0.01404094911	3	BRD-K66577472	LSM-12482	NA	0.5uM	NKDBA	24h	LINCSCP_260877
LINCSCP_220283	0.9997563546	0.01405345262	3	AC1LGCD9	LSM-4698	NA	10uM	HEPG2	6h	LINCSCP_220283
LINCSCP_85767	-0.9997561137	0.01406039833	3	Ruxolitinib	LSM-1139	JAK1|JAK2|TYK2	0.37uM	BT20	3h	LINCSCP_85767
LINCSCP_101778	-0.9997560368	0.01406261437	3	Lenalidomide	LSM-6187	CRBN|CUL4A|DDB1|RBX1|TNF	1.11uM	HELA	24h	LINCSCP_101778
LINCSCP_53945	0.9997557645	0.01407046332	3	TH02453-036-P1	LSM-6273	NA	10uM	SNUC5	6h	LINCSCP_53945
LINCSCP_124876	-0.9997557042	0.01407219901	3	Cediranib	LSM-5926	FLT1|FLT4|KDR|KIT|PDGFRA|PDGFRB	0.04uM	HT29	24h	LINCSCP_124876
LINCSCP_48033	0.9997554512	0.01407948289	3	114798-26-4	LSM-3701	AGTR1	10uM	PC3	6h	LINCSCP_48033
LINCSCP_171287	-0.9997552418	0.01408551118	3	BRD-K00541818	LSM-45799	NA	3.33uM	YAPC	24h	LINCSCP_171287
LINCSCP_168323	0.9997551312	0.01408869316	3	Sulmazole	LSM-4362	NA	0.12uM	YAPC	24h	LINCSCP_168323
LINCSCP_49784	0.9997549858	0.01409287558	3	Flutamide	LSM-2621	AR	0.01uM	PC3	6h	LINCSCP_49784
LINCSCP_209955	-0.9997549171	0.01409485151	3	Trifluoperazine	LSM-4010	DRD2|DRD3|DRD4|HTR2A|HTR2C	10uM	HA1E	24h	LINCSCP_209955
LINCSCP_24166	-0.999754576	0.01410465715	3	BRD-A73513677	LSM-45325	NA	10uM	HL60	6h	LINCSCP_24166
LINCSCP_116982	-0.9997544606	0.01410797321	3	Tyrphostin AG-1478	LSM-1224	EGFR	0.04uM	HT29	24h	LINCSCP_116982
LINCSCP_110079	-0.9997542072	0.01411525001	3	Phenylephrine	LSM-15380	ADRA1A|ADRA1B|ADRA1D	3.33uM	HELA	24h	LINCSCP_110079
LINCSCP_54731	-0.9997535835	0.01413314882	3	AG 14361	LSM-1988	PARP1	20uM	T3M10	6h	LINCSCP_54731
LINCSCP_239974	0.9997534395	0.01413727666	3	SUGA1_016055	LSM-36748	NA	10uM	MCF7	24h	LINCSCP_239974
LINCSCP_110747	0.9997533818	0.01413893154	3	NIKETHAMIDE	LSM-45832	NA	0.12uM	HELA	24h	LINCSCP_110747
LINCSCP_168459	-0.9997529733	0.0141506388	3	AT-9283	LSM-37023	ABL1|AURKA|AURKB|FLT3|JAK2|JAK3	1.11uM	YAPC	24h	LINCSCP_168459
LINCSCP_147531	-0.9997529701	0.01415073043	3	PCI-32765	LSM-1129	BTK	3.33uM	NPC.CAS9	24h	LINCSCP_147531
LINCSCP_55911	-0.9997528918	0.0141529709	3	3-Tropanyl-3,5-dichlorobenzoate	LSM-1871	HTR3A	10uM	VCAP	24h	LINCSCP_55911
LINCSCP_227060	0.9997524099	0.01416676461	3	Desoxycorticosterone	LSM-4222	NR3C2	10uM	HT29	6h	LINCSCP_227060
LINCSCP_212693	-0.9997523971	0.01416713331	3	Entinostat	LSM-4811	HDAC1|HDAC10|HDAC11|HDAC2|HDAC3|HDAC4|HDAC5|HDAC6|HDAC7|HDAC8|HDAC9	0.1uM	HA1E	6h	LINCSCP_212693
LINCSCP_28369	-0.9997523088	0.01416965949	3	BRD-K55878534	LSM-44796	NA	10uM	HT29	24h	LINCSCP_28369
LINCSCP_52820	0.9997522747	0.01417063488	3	Rosiglitazone	LSM-1949	PPARG	10uM	SKB	24h	LINCSCP_52820
LINCSCP_124954	-0.9997521592	0.01417393699	3	Tetracaine	LSM-4633	SCN10A|SCN11A|SCN1A|SCN2A|SCN3A|SCN4A|SCN5A|SCN7A|SCN8A|SCN9A	10uM	HT29	24h	LINCSCP_124954
LINCSCP_106343	0.9997520451	0.01417719932	3	Dexfenfluramine	LSM-5685	SLC6A4	0.37uM	HELA	24h	LINCSCP_106343
LINCSCP_36411	-0.9997519402	0.01418019858	3	PF-04217903	LSM-1166	MET	0.5uM	MCF7	6h	LINCSCP_36411
LINCSCP_8314	-0.9997505755	0.01421915241	3	MLS003129553	LSM-7686	NA	5uM	A549	24h	LINCSCP_8314
LINCSCP_95486	-0.9997505162	0.01422084337	3	Epinephrine HCl	LSM-45900	ADRA1A|ADRA1B|ADRA1D|ADRA2A|ADRA2B|ADRA2C|ADRB1|ADRB2|ADRB3	10uM	HA1E	24h	LINCSCP_95486
LINCSCP_49179	0.9997503874	0.01422451193	3	BRD-K77644833	LSM-41505	NA	10uM	PC3	6h	LINCSCP_49179
LINCSCP_43939	0.9997503805	0.01422471064	3	SCHEMBL16226502	LSM-43056	HSP90AA1	10uM	PC3	6h	LINCSCP_43939
LINCSCP_72112	0.9997501909	0.01423011041	3	MK-0752	LSM-45266	NA	0.04uM	A375	24h	LINCSCP_72112
LINCSCP_61193	-0.9997498415	0.01424006093	3	BRD-K09641927	LSM-9018	NA	5uM	VCAP	24h	LINCSCP_61193
LINCSCP_103266	-0.9997497408	0.01424292615	3	Amineptine	LSM-45457	NA	10uM	HELA	24h	LINCSCP_103266
LINCSCP_284029	-0.9997495	0.01424977711	3	Isotretinoin	LSM-42855	RARA|RARB|RARG	10uM	SKB	24h	LINCSCP_284029
LINCSCP_2213	-0.9997491072	0.01426094521	3	CGP 60474	LSM-1025	CDK1	10uM	A375	6h	LINCSCP_2213
LINCSCP_209898	0.99974867	0.01427336575	3	FGIN-143	LSM-3474	TSPO	10uM	HA1E	6h	LINCSCP_209898
LINCSCP_61622	0.9997483361	0.01428284408	3	BRD-K55880295	LSM-11814	NA	5uM	VCAP	24h	LINCSCP_61622
LINCSCP_210925	0.9997482252	0.01428598998	3	CHEMBL597055	LSM-3333	NA	10uM	HA1E	6h	LINCSCP_210925
LINCSCP_263328	0.9997478723	0.0142959987	3	3-(5-Hydroxy-3-benzo(b)thienyl)alanine	LSM-36853	NA	10uM	NPC	24h	LINCSCP_263328
LINCSCP_7712	0.9997477056	0.01430072496	3	RO 16-6941	LSM-2985	NA	10uM	A549	6h	LINCSCP_7712
LINCSCP_38005	0.9997476541	0.01430218484	3	Estradiol	LSM-2421	ESR1|ESR2|NR1I2	1uM	MCF7	6h	LINCSCP_38005
LINCSCP_12245	-0.9997472502	0.01431362628	3	AZD 1480	LSM-1140	JAK1|JAK2	1uM	BT20	6h	LINCSCP_12245
LINCSCP_43283	0.9997470462	0.01431940108	3	L 744832	LSM-36916	NA	10uM	NPC	6h	LINCSCP_43283
LINCSCP_173828	-0.9997469992	0.01432073296	3	Tetrahydrouridine	LSM-45757	NA	0.37uM	YAPC	24h	LINCSCP_173828
LINCSCP_67867	0.9997468238	0.01432569489	3	13-Hydroxy-8,14,19-trimethoxy-4,10,12,16-tetramethyl-3,20,22-trioxo-2-azabicyclo[16.3.1]docosa-1(21),4,6,10,18-pentaen-9-yl carbamate	LSM-42815	HSP90AA1	10uM	PC3	24h	LINCSCP_67867
LINCSCP_92262	0.9997467039	0.01432908862	3	Nicotin-Amide	LSM-5428	PARP1	1.11uM	HA1E	24h	LINCSCP_92262
LINCSCP_37317	-0.9997465481	0.01433349307	3	SA-1459031	LSM-38951	NA	10uM	MCF7	6h	LINCSCP_37317
LINCSCP_85078	0.9997462217	0.01434272166	3	TIE2 Kinase Inhibitor	LSM-1194	NA	0.12uM	ASC	24h	LINCSCP_85078
LINCSCP_60976	-0.9997458735	0.01435255737	3	BRD-K54029516	LSM-11717	NA	5uM	VCAP	6h	LINCSCP_60976
LINCSCP_68769	0.9997458206	0.01435405177	3	13-Hydroxy-8,14,19-trimethoxy-4,10,12,16-tetramethyl-3,20,22-trioxo-2-azabicyclo[16.3.1]docosa-1(21),4,6,10,18-pentaen-9-yl carbamate	LSM-42815	HSP90AA1	10uM	VCAP	6h	LINCSCP_68769
LINCSCP_65532	-0.999745643	0.014359066	3	BRD-K85751793	LSM-41946	NA	10uM	VCAP	6h	LINCSCP_65532
LINCSCP_72223	0.9997454905	0.0143633688	3	179324-69-7	LSM-6281	ADRM1|PSMA1|PSMA2|PSMA3|PSMA4|PSMA5|PSMA6|PSMA7|PSMA8|PSMB1|PSMB10|PSMB11|PSMB2|PSMB3|PSMB4|PSMB5|PSMB6|PSMB7|PSMB8|PSMB9|PSMC1|PSMC2|PSMC3|PSMC4|PSMC5|PSMC6|PSMD1|PSMD11|PSMD12|PSMD13|PSMD14|PSMD2|PSMD3|PSMD4|PSMD6|PSMD7|PSMD8|SEM1	20uM	A375	24h	LINCSCP_72223
LINCSCP_110843	-0.9997454784	0.01436371033	3	SPECTRUM_000886	LSM-1906	ESR1|GNRHR	0.12uM	HELA	24h	LINCSCP_110843
LINCSCP_70240	-0.9997452999	0.01436874792	3	RG 108	LSM-6283	DNMT1	3.33uM	A375	24h	LINCSCP_70240
LINCSCP_141655	0.9997452767	0.01436940054	3	Sasapyrine	LSM-45517	NA	1.11uM	MCF7	24h	LINCSCP_141655
LINCSCP_151732	-0.9997451298	0.01437354506	3	Motesanib	LSM-1042	FLT1|FLT4|KDR|KIT|PDGFRA|PDGFRB|RET	0.04uM	PC3	24h	LINCSCP_151732
LINCSCP_68957	0.9997449858	0.01437760385	3	Trichostatin A, Streptomyces Sp.	LSM-42814	HDAC1|HDAC10|HDAC3|HDAC4|HDAC6|HDAC7|HDAC8	10uM	WSUDLCL2	6h	LINCSCP_68957
LINCSCP_63685	0.9997446958	0.01438577713	3	BRD-K29642180	LSM-10227	NA	5uM	VCAP	24h	LINCSCP_63685
LINCSCP_63724	0.9997443102	0.01439663647	3	BRD-K65927786	LSM-12450	NA	5uM	VCAP	24h	LINCSCP_63724
LINCSCP_19430	0.9997442128	0.0143993797	3	ABT-751	LSM-6285	NA	10uM	HCC515	24h	LINCSCP_19430
LINCSCP_88102	-0.9997437819	0.0144115037	3	A-443654	LSM-1045	NA	0.12uM	HA1E	24h	LINCSCP_88102
LINCSCP_169428	0.9997435942	0.01441678187	3	MBX-2982	LSM-45394	NA	10uM	YAPC	24h	LINCSCP_169428
LINCSCP_164990	-0.9997433305	0.01442419461	3	JNJ-38877605	LSM-1157	MET	10uM	SKL.C	24h	LINCSCP_164990
LINCSCP_52440	0.9997430393	0.01443237394	3	Alvespimycin	LSM-43241	HSP90AA1	10uM	SKB	24h	LINCSCP_52440
LINCSCP_88641	-0.9997421459	0.01445744252	3	KU-55933	LSM-1074	ATM	10uM	HA1E	24h	LINCSCP_88641
LINCSCP_100983	0.9997419346	0.01446336514	3	869288-64-2	LSM-1200	NA	0.37uM	HCC515	24h	LINCSCP_100983
LINCSCP_125517	0.9997412574	0.01448232938	3	Epothilone B (EPO906, Patupilone)	LSM-46001	NA	0.04uM	HT29	24h	LINCSCP_125517
LINCSCP_104503	-0.9997403324	0.01450819641	3	179324-69-7	LSM-6281	ADRM1|PSMA1|PSMA2|PSMA3|PSMA4|PSMA5|PSMA6|PSMA7|PSMA8|PSMB1|PSMB10|PSMB11|PSMB2|PSMB3|PSMB4|PSMB5|PSMB6|PSMB7|PSMB8|PSMB9|PSMC1|PSMC2|PSMC3|PSMC4|PSMC5|PSMC6|PSMD1|PSMD11|PSMD12|PSMD13|PSMD14|PSMD2|PSMD3|PSMD4|PSMD6|PSMD7|PSMD8|SEM1	20uM	HELA	24h	LINCSCP_104503
LINCSCP_131893	0.9997403176	0.01450860862	3	Mitoxantrone	LSM-2481	TOP2A	3.33uM	MCF7	24h	LINCSCP_131893
LINCSCP_19211	-0.9997392205	0.01453922565	3	Phorbol 12-myristate-13-acetate	LSM-4341	PRKCA	10uM	HCC515	24h	LINCSCP_19211
LINCSCP_104008	-0.9997387871	0.01455130422	3	Afuresertib	LSM-42768	AKT1|AKT2|AKT3	0.04uM	HELA	24h	LINCSCP_104008
LINCSCP_117723	0.9997387211	0.01455314142	3	Dabrafenib	LSM-6303	BRAF	10uM	HT29	24h	LINCSCP_117723
LINCSCP_257306	-0.9997387137	0.01455334765	3	BIBR-1532	LSM-43274	TERT	80uM	NCIH508	6h	LINCSCP_257306
LINCSCP_6717	-0.9997385979	0.0145565733	3	WZ-3105	LSM-42711	CLK2|CSNK1E|FLT3|ULK1	10uM	A549	6h	LINCSCP_6717
LINCSCP_79871	-0.9997385453	0.01455803577	3	LY2157299	LSM-45601	TGFBR1	1.11uM	A375	24h	LINCSCP_79871
LINCSCP_244972	0.9997384685	0.0145601735	3	Trapidil	LSM-4152	PDGFRA	10uM	MCF7	6h	LINCSCP_244972
LINCSCP_102386	0.9997382821	0.01456536398	3	bupivacaine	LSM-45529	NA	0.04uM	HELA	24h	LINCSCP_102386
LINCSCP_15436	0.9997382569	0.01456606314	3	AC1MEVG9	LSM-3935	PTPN1	10uM	HA1E	24h	LINCSCP_15436
LINCSCP_17750	-0.9997381341	0.01456947956	3	CAY-10594	LSM-6256	PLD2	20uM	HCC15	6h	LINCSCP_17750
LINCSCP_51343	-0.9997380111	0.01457290088	3	CHEMBL2132289	LSM-1044	RPS6KA3	1uM	SKBR3	24h	LINCSCP_51343
LINCSCP_29883	-0.9997378602	0.01457709896	3	NVP-AUY922	LSM-1162	HSP90AA1|HSP90AB1	10uM	MCF10A	24h	LINCSCP_29883
LINCSCP_199463	0.9997373624	0.01459093429	3	BRD-K96521176	LSM-42508	NA	5uM	A549	24h	LINCSCP_199463
LINCSCP_31685	0.999737154	0.01459672029	3	Oxedrine	LSM-4956	ADRA1A	10uM	MCF7	6h	LINCSCP_31685
LINCSCP_217216	-0.9997366626	0.01461036111	3	CHEMBL2362248	LSM-39042	NA	10uM	HCC515	6h	LINCSCP_217216
LINCSCP_50991	-0.9997365907	0.01461235468	3	STK219801	LSM-43281	NA	20uM	RMGI	6h	LINCSCP_50991
LINCSCP_144792	-0.9997365132	0.01461450444	3	PLX-4720	LSM-1049	BRAF	0.37uM	MDAMB231	24h	LINCSCP_144792
LINCSCP_115834	-0.9997363987	0.01461767994	3	GSK-3 Inhibitor IX	LSM-42780	NA	10uM	HS578T	3h	LINCSCP_115834
LINCSCP_12547	-0.9997363835	0.0146181015	3	CHEMBL1222381	LSM-6252	NA	80uM	CL34	6h	LINCSCP_12547
LINCSCP_24206	-0.9997355645	0.01464079335	3	STK177291	LSM-4891	TOP2A	1uM	HS27A	6h	LINCSCP_24206
LINCSCP_9395	0.9997354764	0.01464322981	3	Wortmannin	LSM-3947	PIK3CA|PIK3CG|PLK1	0.5uM	A549	24h	LINCSCP_9395
LINCSCP_5767	0.9997354365	0.01464433428	3	Terbinafine	LSM-43227	NA	10uM	A549	24h	LINCSCP_5767
LINCSCP_309263	-0.9997353262	0.01464738875	3	Withaferin A	LSM-6685	IKBKB|NAMPT	10uM	VCAP	24h	LINCSCP_309263
LINCSCP_164521	-0.999734793	0.01466213466	3	Idelalisib	LSM-1205	PIK3CD|PIK3CG	0.12uM	SKL.C	24h	LINCSCP_164521
LINCSCP_62583	-0.9997347179	0.01466421055	3	CHEMBL2356673	LSM-13408	NA	5uM	VCAP	6h	LINCSCP_62583
LINCSCP_248390	0.9997344711	0.01467103205	3	BRD-K33226370	LSM-39092	NA	5uM	MCF7	24h	LINCSCP_248390
LINCSCP_100916	-0.9997342606	0.01467684513	3	Dasatinib	LSM-1020	ABL1|BCR|BLK|EPHA2|FGR|FRK|FYN|HCK|KIT|LCK|LYN|PDGFRB|SRC|SRMS|YES1	1.11uM	HCC515	24h	LINCSCP_100916
LINCSCP_50287	0.9997338542	0.01468806468	3	SCHEMBL16980377	LSM-6821	NA	3uM	PHH	24h	LINCSCP_50287
LINCSCP_29884	-0.9997332301	0.01470527661	3	NVP-AUY922	LSM-1162	HSP90AA1|HSP90AB1	1uM	MCF10A	24h	LINCSCP_29884
LINCSCP_41852	-0.9997326956	0.01472000245	3	Fedratinib	LSM-1142	FLT3|JAK2	10uM	NOMO1	6h	LINCSCP_41852
LINCSCP_195458	0.9997325999	0.01472263746	3	BRD-K72241566	LSM-12855	NA	5uM	A549	24h	LINCSCP_195458
LINCSCP_20785	0.9997323436	0.01472969015	3	Trichostatin A, Streptomyces Sp.	LSM-42814	HDAC1|HDAC10|HDAC3|HDAC4|HDAC6|HDAC7|HDAC8	1.11uM	HCC515	24h	LINCSCP_20785
LINCSCP_102879	-0.9997323426	0.01472971779	3	MG-132	LSM-1107	PSMB1	20uM	HELA	24h	LINCSCP_102879
LINCSCP_173697	0.9997322093	0.01473338707	3	Quisinostat	LSM-5900	HDAC1|MDM2	0.12uM	YAPC	24h	LINCSCP_173697
LINCSCP_56095	0.9997320848	0.01473681077	3	AM-92016	LSM-1319	NA	10uM	VCAP	6h	LINCSCP_56095
LINCSCP_126548	-0.9997319586	0.01474027981	3	Sirolimus	LSM-42783	FKBP1A|MTOR	0.12uM	HT29	24h	LINCSCP_126548
LINCSCP_62899	0.9997319288	0.01474109971	3	BRD-K60073229	LSM-12061	NA	5uM	VCAP	24h	LINCSCP_62899
LINCSCP_131205	0.9997318133	0.01474427671	3	Saracatinib	LSM-1032	ABL1|SRC	0.04uM	MCF10A	24h	LINCSCP_131205
LINCSCP_107245	-0.9997316045	0.01475001517	3	AVN-944	LSM-45510	NA	0.12uM	HELA	24h	LINCSCP_107245
LINCSCP_35507	-0.999731238	0.0147600824	3	Broad-Sai-045	LSM-45330	NA	0.1uM	MCF7	24h	LINCSCP_35507
LINCSCP_87136	-0.9997311571	0.01476230351	3	Decitabine	LSM-5855	DNMT1|DNMT3A	10uM	CD34	24h	LINCSCP_87136
LINCSCP_8407	-0.9997308199	0.01477156013	3	BRD-K19011062	LSM-9566	NA	5uM	A549	24h	LINCSCP_8407
LINCSCP_173108	-0.999730635	0.01477663077	3	Meclofenamic acid	LSM-3108	ALOX5|PTGS1|PTGS2	0.37uM	YAPC	24h	LINCSCP_173108
LINCSCP_145660	-0.9997302801	0.01478636348	3	GW843682X	LSM-1014	PLK1|PLK3	0.37uM	MDAMB231	3h	LINCSCP_145660
LINCSCP_34359	-0.9997302278	0.01478779818	3	Tremorine	LSM-2171	NA	10uM	MCF7	6h	LINCSCP_34359
LINCSCP_35432	-0.9997299548	0.01479527737	3	Tubastatin A	LSM-4806	HDAC6	0.5uM	MCF7	6h	LINCSCP_35432
LINCSCP_20757	-0.9997296663	0.01480317802	3	Pyrimethamine	LSM-3967	NA	10uM	HCC515	6h	LINCSCP_20757
LINCSCP_120879	-0.9997294763	0.01480838114	3	Chlorambucil	LSM-2645	NA	0.12uM	HT29	24h	LINCSCP_120879
LINCSCP_69756	-0.9997294592	0.01480884981	3	Ipatasertib	LSM-6341	AKT1|AKT2|AKT3	10uM	A375	24h	LINCSCP_69756
LINCSCP_100686	-0.9997293701	0.01481128718	3	Belinostat	LSM-43181	HDAC1|HDAC10|HDAC11|HDAC2|HDAC3|HDAC4|HDAC5|HDAC6|HDAC7|HDAC8|HDAC9	0.12uM	HCC515	24h	LINCSCP_100686
LINCSCP_24905	0.9997292468	0.01481466154	3	SCHEMBL16065773	LSM-43287	NA	0.5uM	HS578T	6h	LINCSCP_24905
LINCSCP_165831	-0.9997291984	0.01481598392	3	GSK 1059615	LSM-42799	PIK3CA|PIK3CB|PIK3CD|PIK3CG	0.04uM	SKL	24h	LINCSCP_165831
LINCSCP_68967	-0.9997291323	0.01481779406	3	Neratinib	LSM-42778	EGFR|ERBB2|ERBB4	10uM	A375	24h	LINCSCP_68967
LINCSCP_43501	-0.9997290876	0.01481901606	3	Tanespimycin	LSM-43238	HSP90AA1|HSP90AB1	10uM	NPC	24h	LINCSCP_43501
LINCSCP_12819	-0.9997290343	0.01482047278	3	DG-041	LSM-43279	PTGER3	40uM	DV90	6h	LINCSCP_12819
LINCSCP_100931	0.999728576	0.01483300291	3	BAY 61-3606	LSM-1167	SYK	0.04uM	HCC515	24h	LINCSCP_100931
LINCSCP_34216	-0.9997283169	0.01484007967	3	MLS001116216	LSM-6177	NA	10uM	MCF7	6h	LINCSCP_34216
LINCSCP_155929	-0.9997280311	0.01484788339	3	Theobromine	LSM-5483	NA	10uM	PC3	24h	LINCSCP_155929
LINCSCP_58994	-0.9997279027	0.01485138913	3	SCHEMBL3655059	LSM-5023	RRM1	10uM	VCAP	6h	LINCSCP_58994
LINCSCP_20532	-0.9997276898	0.01485719913	3	Quizartinib	LSM-1037	CSF1R|FLT3|KIT|PDGFRA|PDGFRB|RET	10uM	HCC515	6h	LINCSCP_20532
LINCSCP_69627	-0.9997273015	0.01486778948	3	AS-605240	LSM-42784	PIK3CG	3.33uM	A375	24h	LINCSCP_69627
LINCSCP_213421	-0.9997270425	0.01487484612	3	Cyclosporine	LSM-42817	PPIA|PPP3CA	10uM	HCC515	24h	LINCSCP_213421
LINCSCP_48604	-0.9997261109	0.01490021139	3	BRD-K98437249	LSM-15009	NA	10uM	PC3	24h	LINCSCP_48604
LINCSCP_186106	-0.9997260806	0.01490103529	3	BRD-K70697816	LSM-41120	NA	5uM	A375	24h	LINCSCP_186106
LINCSCP_131112	-0.999725797	0.01490874688	3	AS601245	LSM-1034	MAPK10|MAPK8|MAPK9	3.33uM	MCF10A	3h	LINCSCP_131112
LINCSCP_77575	0.9997253271	0.01492151577	3	pancuronium	LSM-45391	NA	1.11uM	A375	24h	LINCSCP_77575
LINCSCP_93169	0.9997244025	0.01494661038	3	AC1Q5RFA	LSM-43063	NA	0.04uM	HA1E	24h	LINCSCP_93169
LINCSCP_191925	-0.9997242846	0.01494980811	3	AC1NWAPU	LSM-1690	NR3C1	10uM	A549	6h	LINCSCP_191925
LINCSCP_41112	-0.999723161	0.01498024085	3	BRD-K63827443	LSM-12316	NA	10uM	NEU	24h	LINCSCP_41112
LINCSCP_12215	0.9997228247	0.01498933669	3	PF-04217903	LSM-1166	MET	0.5uM	BT20	24h	LINCSCP_12215
LINCSCP_202770	0.999722616	0.01499497908	3	Enalapril	LSM-3282	ACE	0.001uM	A549	6h	LINCSCP_202770
LINCSCP_88476	0.9997224168	0.0150003613	3	Doramapimod	LSM-1170	MAPK11|MAPK12|MAPK14	0.37uM	HA1E	24h	LINCSCP_88476
LINCSCP_83616	0.9997223541	0.0150020554	3	Tranylcypromine	LSM-5578	KDM1A|MAOA|MAOB	10uM	ASC.C	24h	LINCSCP_83616
LINCSCP_41304	-0.9997223291	0.0150027311	3	SCHEMBL14867073	LSM-36446	NA	10uM	NEU	6h	LINCSCP_41304
LINCSCP_1618	-0.9997220125	0.01501128254	3	MLS003370632	LSM-3694	NA	10uM	A375	6h	LINCSCP_1618
LINCSCP_181961	-0.9997219932	0.01501180476	3	BRD-K74964997	LSM-13023	NA	5uM	A375	24h	LINCSCP_181961
LINCSCP_53065	-0.9997219479	0.01501302695	3	SCHEMBL13991002	LSM-6278	NA	40uM	SKLU1	6h	LINCSCP_53065
LINCSCP_105771	0.9997218536	0.015015572	3	Dexniguldipine	LSM-15285	NA	10uM	HELA	24h	LINCSCP_105771
LINCSCP_40809	-0.9997217288	0.01501894184	3	MD-II-038	LSM-43121	NA	10uM	NEU	24h	LINCSCP_40809
LINCSCP_111745	-0.9997216912	0.01501995563	3	Linifanib	LSM-1183	CSF1R|FLT1|FLT3|FLT4|KDR|PDGFRA|PDGFRB	10uM	HEPG2	24h	LINCSCP_111745
LINCSCP_305986	-0.9997216458	0.01502118068	3	BRD-K15600521	LSM-6749	NA	5uM	VCAP	6h	LINCSCP_305986
LINCSCP_57440	-0.9997216367	0.01502142768	3	MLS-0004183.0001	LSM-3299	NA	10uM	VCAP	6h	LINCSCP_57440
LINCSCP_40301	0.9997213436	0.01502933241	3	BMS-299897	LSM-6207	NA	10uM	NCIH596	6h	LINCSCP_40301
LINCSCP_94367	0.9997212631	0.01503150438	3	AC1L1IKY	LSM-5389	NA	3.33uM	HA1E	24h	LINCSCP_94367
LINCSCP_116454	-0.9997209687	0.01503943942	3	13-Hydroxy-8,14,19-trimethoxy-4,10,12,16-tetramethyl-3,20,22-trioxo-2-azabicyclo[16.3.1]docosa-1(21),4,6,10,18-pentaen-9-yl carbamate	LSM-42815	HSP90AA1	0.37uM	HT29	24h	LINCSCP_116454
LINCSCP_36623	-0.9997208973	0.01504136422	3	CHEMBL2132289	LSM-1044	RPS6KA3	0.5uM	MCF7	6h	LINCSCP_36623
LINCSCP_234129	0.9997208747	0.01504197329	3	Prostoglandin A1	LSM-42846	NA	1uM	JHUEM2	6h	LINCSCP_234129
LINCSCP_137547	0.999720672	0.01504743563	3	BRD-A28746609	LSM-1102	NR1I2|TUBB	0.37uM	MCF7	24h	LINCSCP_137547
LINCSCP_92883	0.9997205659	0.01505029277	3	Iguratimod	LSM-45469	NA	10uM	HA1E	24h	LINCSCP_92883
LINCSCP_94303	0.9997198319	0.01507004691	3	SPECTRUM_000224	LSM-1905	NA	1.11uM	HA1E	24h	LINCSCP_94303
LINCSCP_131961	-0.9997196479	0.01507499487	3	C21H27N7O3	LSM-1128	AKT1|AKT2|AKT3|PRKCQ	0.37uM	MCF7	24h	LINCSCP_131961
LINCSCP_95230	0.9997189943	0.01509255752	3	Mirtazapine	LSM-1706	ADRA2A|ADRA2B|ADRA2C|HTR2A|HTR2C|HTR3A	1.11uM	HA1E	24h	LINCSCP_95230
LINCSCP_19922	0.9997186948	0.01510060015	3	MLS002607684	LSM-3559	NA	10uM	HCC515	6h	LINCSCP_19922
LINCSCP_191272	0.999718437	0.01510751717	3	SUGA1_010064	LSM-36686	NA	10uM	A549	6h	LINCSCP_191272
LINCSCP_29207	-0.9997180972	0.01511663136	3	Avicin-D	LSM-44620	NA	3uM	JURKAT	6h	LINCSCP_29207
LINCSCP_69665	0.9997180806	0.01511707683	3	rifampicin	NA	NA	0.37uM	A375	24h	LINCSCP_69665
LINCSCP_46772	-0.999717917	0.01512146223	3	BX 912	LSM-1055	PDK1|PDPK1	10uM	PC3	24h	LINCSCP_46772
LINCSCP_3918	0.9997173222	0.01513739751	3	CHEMBL2130605	LSM-22206	NA	0.37uM	A375	24h	LINCSCP_3918
LINCSCP_11051	0.9997172213	0.01514009754	3	BRD-K60460488-066-01-0	LSM-5702	CYP1A2|CYP2B6|CYP2C19|CYP2C9|CYP2D6|CYP3A4|CYP3A7	10uM	ASC	24h	LINCSCP_11051
LINCSCP_30522	0.9997170164	0.01514558368	3	MLS000063560	LSM-2612	NA	10uM	MCF7	24h	LINCSCP_30522
LINCSCP_15644	-0.9997169627	0.0151470201	3	Carbamazepine	LSM-3610	SCN10A|SCN11A|SCN1A|SCN2A|SCN3A|SCN4A|SCN5A|SCN7A|SCN8A|SCN9A	100uM	HA1E	6h	LINCSCP_15644
LINCSCP_61957	0.9997169322	0.01514783548	3	BRD-K22070096	LSM-9764	NA	5uM	VCAP	24h	LINCSCP_61957
LINCSCP_158248	0.9997165879	0.01515704581	3	SPECTRUM_001873	LSM-6457	NA	3.33uM	PC3	24h	LINCSCP_158248
LINCSCP_104103	0.9997163966	0.01516216223	3	chlormadinone-acetate	LSM-45604	NA	0.12uM	HELA	24h	LINCSCP_104103
LINCSCP_26059	0.9997161728	0.01516814243	3	KUC104131	LSM-2184	NA	10uM	HT29	6h	LINCSCP_26059
LINCSCP_156231	-0.9997151833	0.0151945598	3	Dofequidar (fumarate)	LSM-45877	NA	1.11uM	PC3	24h	LINCSCP_156231
LINCSCP_83962	0.9997150983	0.01519682699	3	SCHEMBL15556278	LSM-1002	DDR1	10uM	ASC.C	24h	LINCSCP_83962
LINCSCP_143255	-0.9997147834	0.01520522362	3	Beta-Narcotine	LSM-4043	SIGMAR1	10uM	MCF7	24h	LINCSCP_143255
LINCSCP_89667	-0.9997147392	0.01520640303	3	ASC-J9	LSM-45642	NA	0.04uM	HA1E	24h	LINCSCP_89667
LINCSCP_3636	-0.9997141763	0.01522139997	3	BRD-K85174275	LSM-41920	NA	10uM	A375	24h	LINCSCP_3636
LINCSCP_145258	-0.9997141532	0.01522201356	3	AS601245	LSM-1034	MAPK10|MAPK8|MAPK9	3.33uM	MDAMB231	3h	LINCSCP_145258
LINCSCP_80571	-0.9997132754	0.01524536934	3	NIKETHAMIDE	LSM-45832	NA	0.37uM	A375	24h	LINCSCP_80571
LINCSCP_170808	0.9997131771	0.01524798383	3	BRD-A77864279	LSM-45397	NA	1.11uM	YAPC	24h	LINCSCP_170808
LINCSCP_212495	-0.999712931	0.01525452441	3	BRD-K01621458	LSM-45313	NA	5uM	HA1E	24h	LINCSCP_212495
LINCSCP_69843	0.9997128712	0.015256113	3	COT Inhibitor-2	LSM-1154	NA	0.37uM	A375	24h	LINCSCP_69843
LINCSCP_262690	-0.9997123986	0.01526866274	3	Clobenpropit	LSM-3600	HRH3|HRH4	10uM	NPC	24h	LINCSCP_262690
LINCSCP_48162	-0.99971165	0.01528852299	3	BRD-K36864553	LSM-39288	NA	5uM	PC3	24h	LINCSCP_48162
LINCSCP_113687	-0.9997113019	0.01529774902	3	Sirolimus	LSM-42783	FKBP1A|MTOR	10uM	HME1	24h	LINCSCP_113687
LINCSCP_131725	0.999710957	0.0153068842	3	SCHEMBL1564574	LSM-1006	CHEK1|CHEK2	3.33uM	MCF10A	3h	LINCSCP_131725
LINCSCP_78832	0.9997108402	0.0153099783	3	Elesclomol	LSM-4929	HSPA1A	1.11uM	A375	24h	LINCSCP_78832
LINCSCP_148460	-0.9997105966	0.01531642501	3	SB-216763	LSM-1161	GSK3B	10uM	NPC	24h	LINCSCP_148460
LINCSCP_44800	0.9997104375	0.01532063528	3	PAC-1	LSM-3119	CASP3	10uM	PC3	6h	LINCSCP_44800
LINCSCP_186503	-0.9997104314	0.01532079655	3	SA-424828	LSM-14695	NA	10uM	A375	24h	LINCSCP_186503
LINCSCP_231709	0.9997103513	0.01532291461	3	BRD-K22101161	LSM-38463	NA	5uM	HT29	24h	LINCSCP_231709
LINCSCP_175017	-0.9997095206	0.01534487332	3	Genz-644282	LSM-45838	NA	0.04uM	YAPC	24h	LINCSCP_175017
LINCSCP_149616	0.9997093423	0.01534958135	3	Bosutinib	LSM-1190	ABL1|BCR|CAMK2G|HCK|LYN|SRC	0.37uM	NPC.TAK	24h	LINCSCP_149616
LINCSCP_3724	-0.9997092398	0.01535228877	3	CHEMBL2357204	LSM-12431	NA	10uM	A375	24h	LINCSCP_3724
LINCSCP_173768	-0.9997089331	0.01536038453	3	IDOXURIDINE	LSM-45784	NA	0.37uM	YAPC	24h	LINCSCP_173768
LINCSCP_158798	0.9997089178	0.0153607865	3	Corvasal	LSM-25617	NA	0.04uM	PC3	24h	LINCSCP_158798
LINCSCP_103799	0.9997085323	0.01537095536	3	Moxonidine	LSM-3743	NISCH	10uM	HELA	24h	LINCSCP_103799
LINCSCP_30622	0.9997082199	0.01537919216	3	PF-04217903	LSM-1166	MET	40uM	MCF7	24h	LINCSCP_30622
LINCSCP_167701	-0.9997080249	0.01538432901	3	MG-132	LSM-1107	PSMB1	20uM	YAPC	24h	LINCSCP_167701
LINCSCP_65553	-0.9997079658	0.01538588618	3	BRD-K01093405	LSM-37340	NA	10uM	VCAP	24h	LINCSCP_65553
LINCSCP_16847	-0.9997079646	0.01538591821	3	MLS000626949	LSM-43326	NA	10uM	HA1E	6h	LINCSCP_16847
LINCSCP_30500	0.9997077045	0.01539276958	3	Gemcitabine	LSM-5333	POLA1|POLD1|POLE|RRM1|RRM2|RRM2B	0.1uM	MCF7	24h	LINCSCP_30500
LINCSCP_219324	-0.9997074209	0.01540023472	3	Fcodpguefhccia-Uhfffaoysa-N	LSM-42689	CASP3	10uM	HEPG2	6h	LINCSCP_219324
LINCSCP_87887	0.9997071211	0.01540812418	3	AS601245	LSM-1034	MAPK10|MAPK8|MAPK9	0.37uM	HA1E	24h	LINCSCP_87887
LINCSCP_247304	0.9997066564	0.01542034423	3	BRD-K49005570	LSM-39998	NA	5uM	MCF7	24h	LINCSCP_247304
LINCSCP_28763	-0.9997065904	0.01542207777	3	ZK-93423	LSM-2741	GABRA1|GABRA2|GABRA3|GABRA5	10uM	HUH7	24h	LINCSCP_28763
LINCSCP_167924	0.9997063884	0.01542738735	3	Mibefradil	LSM-2192	CACNA1C|CACNA1G|CACNA1H|CACNA1I	10uM	YAPC	24h	LINCSCP_167924
LINCSCP_48783	-0.9997063403	0.01542864947	3	BRD-K47992037	LSM-44778	NA	10uM	PC3	24h	LINCSCP_48783
LINCSCP_57560	0.9997057127	0.01544512982	3	MLS002264467	LSM-3387	NA	10uM	VCAP	24h	LINCSCP_57560
LINCSCP_295007	0.9997053383	0.01545495083	3	MLS000332706	LSM-4865	NA	10uM	VCAP	6h	LINCSCP_295007
LINCSCP_21908	0.9997051522	0.01545983127	3	VU0418939-2	LSM-3547	NA	10uM	HEPG2	6h	LINCSCP_21908
LINCSCP_122222	-0.9997048947	0.01546658092	3	Lersivirine	LSM-45853	NA	0.12uM	HT29	24h	LINCSCP_122222
LINCSCP_173169	-0.9997048827	0.01546689568	3	MLS002222336	LSM-1855	PTGS1|PTGS2	0.12uM	YAPC	24h	LINCSCP_173169
LINCSCP_119502	-0.9997047906	0.01546930941	3	179324-69-7	LSM-6281	ADRM1|PSMA1|PSMA2|PSMA3|PSMA4|PSMA5|PSMA6|PSMA7|PSMA8|PSMB1|PSMB10|PSMB11|PSMB2|PSMB3|PSMB4|PSMB5|PSMB6|PSMB7|PSMB8|PSMB9|PSMC1|PSMC2|PSMC3|PSMC4|PSMC5|PSMC6|PSMD1|PSMD11|PSMD12|PSMD13|PSMD14|PSMD2|PSMD3|PSMD4|PSMD6|PSMD7|PSMD8|SEM1	20uM	HT29	24h	LINCSCP_119502
LINCSCP_66506	-0.9997047176	0.01547122095	3	13-Hydroxy-8,14,19-trimethoxy-4,10,12,16-tetramethyl-3,20,22-trioxo-2-azabicyclo[16.3.1]docosa-1(21),4,6,10,18-pentaen-9-yl carbamate	LSM-42815	HSP90AA1	10uM	A549	24h	LINCSCP_66506
LINCSCP_161481	0.9997047032	0.01547159775	3	cortisone-acetate	LSM-45387	TUBA1A|TUBA1B|TUBA1C|TUBA3E|TUBA4A|TUBB|TUBB1|TUBB2A|TUBB2B|TUBB3|TUBB4A|TUBB4B|TUBB6|TUBB8	3.33uM	PC3	24h	LINCSCP_161481
LINCSCP_175046	-0.999704461	0.01547794189	3	Bisoprolol	LSM-1886	ADRB1	0.12uM	YAPC	24h	LINCSCP_175046
LINCSCP_10581	0.9997042107	0.01548449569	3	HSCI1_000314	LSM-6251	ARG1|ARG2	80uM	AGS	6h	LINCSCP_10581
LINCSCP_176205	-0.9997036701	0.01549863998	3	ABACAVIR SULFATE	LSM-45963	NA	1.11uM	YAPC	24h	LINCSCP_176205
LINCSCP_55908	0.9997036447	0.01549930413	3	SPECTRUM1505034	LSM-1856	NA	10uM	VCAP	24h	LINCSCP_55908
LINCSCP_137368	-0.9997034192	0.01550519871	3	Mefloquine	LSM-5525	NA	0.12uM	MCF7	24h	LINCSCP_137368
LINCSCP_139786	-0.9997031046	0.01551342166	3	Voglibose	LSM-45566	NA	0.12uM	MCF7	24h	LINCSCP_139786
LINCSCP_141228	0.9997030112	0.01551586143	3	Dasatinib	LSM-1020	ABL1|BCR|BLK|EPHA2|FGR|FRK|FYN|HCK|KIT|LCK|LYN|PDGFRB|SRC|SRMS|YES1	3.33uM	MCF7	24h	LINCSCP_141228
LINCSCP_1370	-0.9997029349	0.0155178558	3	KUC104487	LSM-2155	NA	10uM	A375	24h	LINCSCP_1370
LINCSCP_150016	-0.9997028146	0.01552099561	3	Azacitidine	LSM-5218	DNMT1|DNMT3A	10uM	NPC.TAK	24h	LINCSCP_150016
LINCSCP_19487	-0.9997027858	0.01552174889	3	BIBR-1532	LSM-43274	TERT	80uM	HCC515	6h	LINCSCP_19487
LINCSCP_67099	-0.9997027089	0.01552375822	3	13-Hydroxy-8,14,19-trimethoxy-4,10,12,16-tetramethyl-3,20,22-trioxo-2-azabicyclo[16.3.1]docosa-1(21),4,6,10,18-pentaen-9-yl carbamate	LSM-42815	HSP90AA1	10uM	HT29	6h	LINCSCP_67099
LINCSCP_286009	-0.9997025727	0.01552731221	3	Oligomycin A	LSM-43272	ATP5A1	10uM	SKMEL1	6h	LINCSCP_286009
LINCSCP_20007	0.9997024648	0.01553012815	3	MLS000094380	LSM-3180	NA	10uM	HCC515	6h	LINCSCP_20007
LINCSCP_44897	0.9997022784	0.01553499421	3	PJ34	LSM-4937	NA	10uM	PC3	24h	LINCSCP_44897
LINCSCP_21829	-0.9997021766	0.01553764971	3	MLS003448145	LSM-2312	NA	10uM	HEPG2	6h	LINCSCP_21829
LINCSCP_147972	0.9997021744	0.01553770594	3	Belinostat	LSM-43181	HDAC1|HDAC10|HDAC11|HDAC2|HDAC3|HDAC4|HDAC5|HDAC6|HDAC7|HDAC8|HDAC9	3.33uM	NPC.CAS9	24h	LINCSCP_147972
LINCSCP_53388	-0.999701289	0.01556078765	3	Trifluoperazine	LSM-4010	DRD2|DRD3|DRD4|HTR2A|HTR2C	10uM	SKMEL1	6h	LINCSCP_53388
LINCSCP_149364	-0.9997012744	0.01556116709	3	SB239063	LSM-1036	MAPK11|MAPK14	0.37uM	NPC	24h	LINCSCP_149364
LINCSCP_212665	0.9997011372	0.01556474056	3	BG-51	LSM-45301	HDAC3	1uM	HA1E	6h	LINCSCP_212665
LINCSCP_290998	-0.999701029	0.01556755611	3	Nicardipine	LSM-1418	CACNA1C|CACNA1D|CACNA1F|CACNA1S	10uM	VCAP	24h	LINCSCP_290998
LINCSCP_37728	-0.9997007416	0.01557503773	3	BRD-K75322905	LSM-13035	NA	1uM	MCF7	24h	LINCSCP_37728
LINCSCP_27862	-0.9997006481	0.01557747202	3	BRD-K20097363	LSM-38350	NA	5uM	HT29	24h	LINCSCP_27862
LINCSCP_154527	-0.9997004719	0.0155820551	3	SPECTRUM_001048	LSM-1367	ESR1|ESR2|NR1I2	0.37uM	PC3	24h	LINCSCP_154527
LINCSCP_153797	0.9996995016	0.01560727562	3	Bifemelane	LSM-2413	MAOA|MAOB	0.04uM	PC3	24h	LINCSCP_153797
LINCSCP_256984	0.9996986581	0.01562916643	3	114798-26-4	LSM-3701	AGTR1	100uM	NCIH1836	6h	LINCSCP_256984
LINCSCP_77727	0.9996978022	0.015651347	3	SPECTRUM_000403	LSM-1605	NR3C1	0.04uM	A375	24h	LINCSCP_77727
LINCSCP_151697	0.9996977643	0.01565232919	3	SB525334	LSM-1121	TGFBR1	10uM	PC3	24h	LINCSCP_151697
LINCSCP_35115	0.999697519	0.01565867882	3	BRD-K45153357	LSM-39769	NA	5uM	MCF7	24h	LINCSCP_35115
LINCSCP_87082	-0.9996973463	0.01566314801	3	GSK 1059615	LSM-42799	PIK3CA|PIK3CB|PIK3CD|PIK3CG	10uM	CD34	24h	LINCSCP_87082
LINCSCP_2864	-0.9996973107	0.01566406975	3	U 0126	LSM-42806	MAP2K1|MAP2K2	10uM	A375	6h	LINCSCP_2864
LINCSCP_24127	-0.9996971068	0.01566934408	3	MRE-269	LSM-45331	PTGIR	0.5uM	HL60	24h	LINCSCP_24127
LINCSCP_139128	0.9996969924	0.01567230465	3	MG-132	LSM-1107	PSMB1	20uM	MCF7	24h	LINCSCP_139128
LINCSCP_171031	0.9996968883	0.01567499482	3	Cilengitide	LSM-45233	NA	0.37uM	YAPC	24h	LINCSCP_171031
LINCSCP_140519	0.9996966564	0.01568099259	3	ZK 200775	LSM-45516	NA	10uM	MCF7	24h	LINCSCP_140519
LINCSCP_103726	-0.9996963018	0.01569015434	3	Trimethobenzamide	LSM-2750	DRD2	0.04uM	HELA	24h	LINCSCP_103726
LINCSCP_12592	-0.9996958851	0.01570091549	3	4,11-Diethyl-4,9-dihydroxy-1H-pyrano[3',4':6,7]indolizino[1,2-b]quinoline-3,14(4H,12H)-dione	LSM-6189	TOP1	0.5uM	CORL23	6h	LINCSCP_12592
LINCSCP_83731	-0.9996957653	0.01570400694	3	CGP 60474	LSM-1025	CDK1	0.37uM	ASC.C	24h	LINCSCP_83731
LINCSCP_26030	-0.9996955376	0.01570988331	3	MLS001065891	LSM-3963	NA	10uM	HT29	6h	LINCSCP_26030
LINCSCP_8782	0.9996952443	0.01571744913	3	BRD-K18972207	LSM-38285	NA	5uM	A549	24h	LINCSCP_8782
LINCSCP_1063	0.9996948233	0.0157283016	3	atorvastatin	NA	DPP4|HMGCR	10uM	A375	6h	LINCSCP_1063
LINCSCP_206078	-0.9996947362	0.015730548	3	Navitoclax	LSM-4738	BCL2|BCL2L1|BCL2L2	10uM	CORL23	6h	LINCSCP_206078
LINCSCP_294740	-0.9996947017	0.01573143532	3	BRD-K98004941	LSM-42580	NA	10uM	VCAP	6h	LINCSCP_294740
LINCSCP_3464	-0.9996945176	0.01573617819	3	BRD-K74152472	LSM-41302	NA	5uM	A375	24h	LINCSCP_3464
LINCSCP_83689	-0.9996942383	0.01574336979	3	GSK429286A	LSM-1012	ROCK1	0.04uM	ASC.C	24h	LINCSCP_83689
LINCSCP_147004	-0.9996940926	0.01574712072	3	CGK733	LSM-1610	ATM|ATR	0.04uM	NEU	24h	LINCSCP_147004
LINCSCP_24996	0.9996939972	0.01574957827	3	NVP-AEW541	LSM-44953	IGF1R	0.5uM	HS578T	6h	LINCSCP_24996
LINCSCP_163496	-0.9996938003	0.01575464298	3	SCHEMBL3958507	LSM-5245	COQ8B|EGFR	0.12uM	SKBR3	24h	LINCSCP_163496
LINCSCP_141443	0.9996931379	0.0157716757	3	Refametinib	LSM-45886	NA	10uM	MCF7	24h	LINCSCP_141443
LINCSCP_293608	-0.9996930871	0.01577298182	3	SMR000082310	LSM-2595	NA	10uM	VCAP	6h	LINCSCP_293608
LINCSCP_25008	0.9996929666	0.01577607702	3	Itrazole	LSM-5032	NA	10uM	HT115	6h	LINCSCP_25008
LINCSCP_62822	0.9996924856	0.01578843072	3	BRD-K87893855	LSM-13825	NA	5uM	VCAP	24h	LINCSCP_62822
LINCSCP_43560	-0.9996923719	0.01579135088	3	CHEMBL83092	LSM-5224	NA	10uM	NPC	6h	LINCSCP_43560
LINCSCP_195149	-0.999692286	0.01579355394	3	BRD-K60679910	LSM-7655	NA	5uM	A549	24h	LINCSCP_195149
LINCSCP_21515	0.9996919969	0.01580097175	3	Flutamide	LSM-2621	AR	10uM	HEPG2	6h	LINCSCP_21515
LINCSCP_64349	-0.9996915865	0.01581149522	3	BRD-K01404579	LSM-37350	NA	5uM	VCAP	6h	LINCSCP_64349
LINCSCP_73999	-0.9996912542	0.01582001201	3	TAK-733	LSM-45834	MAP2K1|MAP2K2	3.33uM	A375	24h	LINCSCP_73999
LINCSCP_89056	0.999690327	0.01584375088	3	GW-5074	LSM-42779	RAF1	0.12uM	HA1E	24h	LINCSCP_89056
LINCSCP_66614	-0.9996900621	0.01585052572	3	Vorinostat	LSM-3828	HDAC1|HDAC2|HDAC3|HDAC6|HDAC8	0.5uM	A549	24h	LINCSCP_66614
LINCSCP_115541	0.9996900291	0.0158513711	3	Palbociclib	LSM-1071	CCND1|CDK4|CDK6	0.04uM	HS578T	24h	LINCSCP_115541
LINCSCP_42359	0.9996896552	0.0158609279	3	BRD-A59808129-001-01-7	LSM-43151	AR|NR1H4|NR3C1|NR3C2|PGR	10uM	NPC	24h	LINCSCP_42359
LINCSCP_85763	0.9996892798	0.01587051793	3	WH-4-025	LSM-44937	NA	0.04uM	BT20	3h	LINCSCP_85763
LINCSCP_38371	-0.9996891625	0.01587351487	3	BRD-K89986699	LSM-13979	NA	10uM	MCF7	6h	LINCSCP_38371
LINCSCP_31443	0.9996891588	0.01587360931	3	MLS002607804	LSM-1875	NA	10uM	MCF7	6h	LINCSCP_31443
LINCSCP_11080	-0.9996891202	0.01587459313	3	STK249718	LSM-6671	NA	10uM	ASC	24h	LINCSCP_11080
LINCSCP_168439	-0.9996889607	0.01587866518	3	Sorafenib	LSM-1008	BRAF|DDR2|FGFR1|FLT1|FLT3|FLT4|KDR|KIT|PDGFRB|RAF1|RET	10uM	YAPC	24h	LINCSCP_168439
LINCSCP_157623	0.9996889365	0.0158792849	3	CEP-18770 (Delanzomib)	LSM-45410	NA	0.12uM	PC3	24h	LINCSCP_157623
LINCSCP_61045	-0.9996887654	0.01588365043	3	BRD-K41042783	LSM-10928	NA	5uM	VCAP	24h	LINCSCP_61045
LINCSCP_52781	-0.9996887648	0.01588366484	3	Leflunomide	LSM-3771	DHODH	10uM	SKB	24h	LINCSCP_52781
LINCSCP_41841	0.9996883156	0.01589512417	3	BIBR-1532	LSM-43274	TERT	80uM	NOMO1	6h	LINCSCP_41841
LINCSCP_243136	-0.9996882943	0.01589566651	3	Amoxapine	LSM-2021	DRD1|DRD2|DRD3|DRD4|DRD5|HTR2A|HTR6|SLC6A2|SLC6A4	10uM	MCF7	6h	LINCSCP_243136
LINCSCP_10254	-0.9996881434	0.01589951558	3	Amifostine	LSM-4721	NA	0.01uM	A549	6h	LINCSCP_10254
LINCSCP_48087	0.9996880285	0.01590244288	3	Myricetin	LSM-2957	PIK3CG	20uM	PC3	24h	LINCSCP_48087
LINCSCP_13280	0.9996879962	0.0159032678	3	Sulindac	LSM-43065	AKR1B1|PTGS1|PTGS2	10uM	FIBRNPC	6h	LINCSCP_13280
LINCSCP_101097	-0.9996878311	0.01590747493	3	ZINC77024257	LSM-1171	MDM2	0.37uM	HCC515	24h	LINCSCP_101097
LINCSCP_15863	-0.9996877579	0.01590933996	3	AC1LNRY5	LSM-2542	NA	10uM	HA1E	6h	LINCSCP_15863
LINCSCP_130877	0.999687511	0.01591562748	3	CHEMBL1083527	LSM-1122	NA	10uM	MCF10A	3h	LINCSCP_130877
LINCSCP_142574	0.9996872546	0.01592215778	3	Volasertib (BI 6727)	LSM-45277	PLK1	0.37uM	MCF7	24h	LINCSCP_142574
LINCSCP_62770	-0.9996869211	0.01593064576	3	BRD-K19616315	LSM-9613	NA	5uM	VCAP	24h	LINCSCP_62770
LINCSCP_124225	0.9996866865	0.01593661319	3	BI-2536	LSM-1041	PLK1	1.11uM	HT29	24h	LINCSCP_124225
LINCSCP_10915	0.9996863239	0.01594583169	3	Apatinib Hydrochloride	LSM-4810	HDAC1|HDAC10|HDAC11|HDAC2|HDAC3|HDAC4|HDAC5|HDAC6|HDAC7|HDAC8|HDAC9	10uM	ASC	24h	LINCSCP_10915
LINCSCP_120894	0.9996860142	0.01595370334	3	chlormadinone-acetate	LSM-45604	NA	3.33uM	HT29	24h	LINCSCP_120894
LINCSCP_91394	0.999685756	0.01596025999	3	Butaclamol (+)	LSM-45722	NA	3.33uM	HA1E	24h	LINCSCP_91394
LINCSCP_83659	-0.9996856725	0.01596238276	3	VE-821	LSM-36358	NA	3.33uM	ASC.C	24h	LINCSCP_83659
LINCSCP_121137	-0.9996850035	0.01597935913	3	AMG-517	LSM-45865	TRPV1	0.12uM	HT29	24h	LINCSCP_121137
LINCSCP_144889	0.9996849865	0.0159797921	3	WH-4-025	LSM-44937	NA	0.12uM	MDAMB231	24h	LINCSCP_144889
LINCSCP_24607	0.9996844836	0.01599254281	3	SB 239063	LSM-44951	MAPK11|MAPK14	0.5uM	HS578T	6h	LINCSCP_24607
LINCSCP_260041	0.9996843649	0.0159955509	3	Valpropylhydroxamic acid	LSM-37248	NA	10uM	NEU	24h	LINCSCP_260041
LINCSCP_23433	-0.9996840638	0.01600317941	3	CGS-15943	LSM-3076	ADORA1|ADORA2A|ADORA2B	10uM	HEPG2	24h	LINCSCP_23433
LINCSCP_149545	-0.9996833417	0.0160214567	3	CHEMBL1673039	LSM-1093	LRRK2|MAPK7	0.04uM	NPC.TAK	24h	LINCSCP_149545
LINCSCP_12997	0.9996833333	0.01602166976	3	GW843682X	LSM-1014	PLK1|PLK3	10uM	EFO27	6h	LINCSCP_12997
LINCSCP_45823	-0.9996826065	0.01604004546	3	KUC104486	LSM-3137	NA	10uM	PC3	6h	LINCSCP_45823
LINCSCP_42130	0.9996824903	0.01604298147	3	Huperzine-A	LSM-43177	ACHE	10uM	NPC	24h	LINCSCP_42130
LINCSCP_129882	0.9996823393	0.01604679761	3	Canertinib	LSM-1120	EGFR|ERBB2|ERBB4	0.04uM	LNCAP	24h	LINCSCP_129882
LINCSCP_34	-0.9996817656	0.01606128201	3	Dabrafenib	LSM-6303	BRAF	10uM	A375	6h	LINCSCP_34
LINCSCP_2448	0.9996803178	0.01609777858	3	Quisinostat	LSM-5900	HDAC1|MDM2	10uM	A375	6h	LINCSCP_2448
LINCSCP_38651	-0.9996802851	0.01609860056	3	Staurosporine	LSM-1103	CDK2|GSK3B	3.33uM	MCF7	24h	LINCSCP_38651
LINCSCP_103141	0.9996798257	0.01611016421	3	Sulmazole	LSM-4362	NA	10uM	HELA	24h	LINCSCP_103141
LINCSCP_7158	-0.9996792531	0.01612456217	3	Flutamide	LSM-2621	AR	10uM	A549	6h	LINCSCP_7158
LINCSCP_32929	-0.999678748	0.01613725636	3	Pizotyline	LSM-3695	HTR2A|HTR2C	10uM	MCF7	24h	LINCSCP_32929
LINCSCP_64981	0.9996786213	0.01614043678	3	BRD-K89354557	LSM-42143	NA	10uM	VCAP	24h	LINCSCP_64981
LINCSCP_261748	-0.9996785159	0.01614308415	3	CHEMBL2135417	LSM-41352	NA	10uM	NPC	24h	LINCSCP_261748
LINCSCP_205200	0.9996784162	0.01614558831	3	SCHEMBL570779	LSM-1149	NA	0.1uM	BT20	6h	LINCSCP_205200
LINCSCP_42937	-0.9996775756	0.0161666771	3	1,1-Dimethyl-4-acetylpiperazinium	LSM-4778	NA	10uM	NPC	24h	LINCSCP_42937
LINCSCP_35708	0.9996774828	0.01616900228	3	3,5-Bis(4-methylbenzylidene)piperidin-4-one	LSM-42949	SENP2|USP1|USP2|USP7	0.001uM	MCF7	24h	LINCSCP_35708
LINCSCP_38634	0.9996772648	0.01617446665	3	BRD-K10436544	LSM-45992	NA	1.11uM	MCF7	24h	LINCSCP_38634
LINCSCP_26207	-0.9996771365	0.01617768034	3	CHEMBL1716096	LSM-2446	NA	10uM	HT29	6h	LINCSCP_26207
LINCSCP_163699	0.9996769006	0.01618359056	3	AT-7519	LSM-1004	CDK1|CDK10|CDK11B|CDK12|CDK13|CDK14|CDK15|CDK16|CDK17|CDK18|CDK19|CDK2|CDK20|CDK3|CDK4|CDK5|CDK6|CDK7|CDK8|CDK9	0.12uM	SKBR3	24h	LINCSCP_163699
LINCSCP_270857	0.9996768665	0.01618444488	3	BRD-K96787835-001-01-1	LSM-42523	NA	10uM	PC3	24h	LINCSCP_270857
LINCSCP_217152	-0.9996766748	0.01618924399	3	AC1ME2TO	LSM-4901	NA	10uM	HCC515	6h	LINCSCP_217152
LINCSCP_92206	-0.9996766142	0.01619076303	3	Flutamide	LSM-2621	AR	10uM	HA1E	24h	LINCSCP_92206
LINCSCP_44011	-0.9996765719	0.01619182197	3	Apigetrin	LSM-2286	NA	10uM	PC3	24h	LINCSCP_44011
LINCSCP_27983	0.9996757634	0.01621204745	3	BRD-K93570498	LSM-42357	NA	5uM	HT29	24h	LINCSCP_27983
LINCSCP_164298	0.999675365	0.01622200454	3	PF-04217903	LSM-1166	MET	1.11uM	SKL.C	24h	LINCSCP_164298
LINCSCP_68075	0.9996753358	0.0162227351	3	13-Hydroxy-8,14,19-trimethoxy-4,10,12,16-tetramethyl-3,20,22-trioxo-2-azabicyclo[16.3.1]docosa-1(21),4,6,10,18-pentaen-9-yl carbamate	LSM-42815	HSP90AA1	0.5uM	PC3	6h	LINCSCP_68075
LINCSCP_283535	0.9996753033	0.01622354637	3	BRD-K52831896	LSM-40179	NA	10uM	SKB	24h	LINCSCP_283535
LINCSCP_14009	0.9996741226	0.0162530191	3	SC-10	LSM-2092	PRKCA	10uM	HA1E	24h	LINCSCP_14009
LINCSCP_49857	0.9996735604	0.01626703418	3	BRD-K38519699	LSM-39390	NA	10uM	PHH	24h	LINCSCP_49857
LINCSCP_141756	0.9996735557	0.0162671492	3	Maxacalcitol-D6	LSM-45401	NA	3.33uM	MCF7	24h	LINCSCP_141756
LINCSCP_57144	-0.9996731626	0.01627694203	3	HSCI1_000314	LSM-6251	ARG1|ARG2	80uM	VCAP	6h	LINCSCP_57144
LINCSCP_37488	-0.9996730134	0.01628065829	3	Vorinostat	LSM-3828	HDAC1|HDAC2|HDAC3|HDAC6|HDAC8	1uM	MCF7	24h	LINCSCP_37488
LINCSCP_129898	0.9996729883	0.01628128242	3	Dasatinib	LSM-1020	ABL1|BCR|BLK|EPHA2|FGR|FRK|FYN|HCK|KIT|LCK|LYN|PDGFRB|SRC|SRMS|YES1	0.37uM	LNCAP	24h	LINCSCP_129898
LINCSCP_36918	-0.999672716	0.01628806075	3	BMS-387032	LSM-1132	CDK2|CDK7|CDK9	0.1uM	MCF7	6h	LINCSCP_36918
LINCSCP_37508	0.9996725555	0.01629205232	3	SA-103006	LSM-42617	NA	1uM	MCF7	24h	LINCSCP_37508
LINCSCP_13099	0.9996722849	0.01629878502	3	N-Acetyldopamine	LSM-37245	NA	10uM	FIBRNPC	6h	LINCSCP_13099
LINCSCP_152728	0.9996719534	0.01630702721	3	1-(1,3-Benzodioxol-5-ylcarbonyl)piperidine	LSM-20930	NA	0.37uM	PC3	24h	LINCSCP_152728
LINCSCP_134167	-0.9996716829	0.0163137484	3	MLS006011051	LSM-42801	BRAF	0.12uM	MCF7	24h	LINCSCP_134167
LINCSCP_227208	0.9996716773	0.01631388845	3	EO 1428	LSM-1228	MAPK11|MAPK14	10uM	HT29	6h	LINCSCP_227208
LINCSCP_35910	-0.9996711002	0.01632821905	3	Dactolisib	LSM-4255	MTOR|PIK3CA|PIK3CB|PIK3CD|PIK3CG|PIK3R1|PIK3R2|PIK3R3|PIK3R5	0.01uM	MCF7	24h	LINCSCP_35910
LINCSCP_42381	-0.9996710763	0.01632881302	3	AO-476/43380301	LSM-4532	NA	10uM	NPC	24h	LINCSCP_42381
LINCSCP_138564	0.9996706218	0.0163400904	3	Brexpiprazole	LSM-45790	DRD2|HTR1A|HTR2A	10uM	MCF7	24h	LINCSCP_138564
LINCSCP_39907	-0.9996704339	0.0163447504	3	Fumonisin-B1	LSM-6190	CERS1	100uM	NCIH1836	6h	LINCSCP_39907
LINCSCP_100386	-0.999669789	0.01636073662	3	OTSSP167	LSM-6340	NA	1.11uM	HCC515	24h	LINCSCP_100386
LINCSCP_108389	-0.9996697862	0.01636080485	3	Triclabendazole	LSM-5875	DNMT1	10uM	HELA	24h	LINCSCP_108389
LINCSCP_92031	-0.9996694629	0.01636881419	3	Lesinurad	LSM-45661	SLC22A12	0.04uM	HA1E	24h	LINCSCP_92031
LINCSCP_28847	-0.9996692594	0.01637385203	3	Phorbol Myristate Acetate	LSM-25630	NA	10uM	HUH7	24h	LINCSCP_28847
LINCSCP_26625	-0.9996687912	0.01638543656	3	(Z)-Guggulsterone	LSM-43187	NR1H4	10uM	HT29	6h	LINCSCP_26625
LINCSCP_137365	-0.9996685461	0.01639150046	3	Mefloquine	LSM-5525	NA	3.33uM	MCF7	24h	LINCSCP_137365
LINCSCP_49963	-0.9996684019	0.01639506496	3	MLS-0435526.0001	LSM-4881	NA	10uM	PHH	24h	LINCSCP_49963
LINCSCP_222066	-0.9996680997	0.01640253334	3	Tamoxifen	LSM-42959	ESR1|ESR2	0.04uM	HEPG2	24h	LINCSCP_222066
LINCSCP_75529	-0.9996679694	0.01640575371	3	Cyclobenzaprine	LSM-5537	HTR2A|HTR2C	0.04uM	A375	24h	LINCSCP_75529
LINCSCP_44285	-0.9996679674	0.01640580251	3	2-Bromo-.alpha.-ergocryptine	LSM-1746	ADRA2A|ADRA2B|ADRA2C|DRD1|DRD2|DRD3|DRD4|DRD5|HTR1A|HTR1B|HTR1D|HTR2A|HTR2B|HTR2C	10uM	PC3	6h	LINCSCP_44285
LINCSCP_104833	-0.9996676342	0.01641403466	3	Bupropion	LSM-1267	SLC6A2|SLC6A3	1.11uM	HELA	24h	LINCSCP_104833
LINCSCP_295006	-0.9996670667	0.01642804069	3	CHEMBL2362396	LSM-6537	NA	10uM	VCAP	6h	LINCSCP_295006
LINCSCP_7886	-0.9996666495	0.0164383307	3	BRD-K67519589	LSM-40951	NA	10uM	A549	24h	LINCSCP_7886
LINCSCP_83975	0.9996663725	0.01644516072	3	GW620972X	LSM-1209	NA	3.33uM	ASC.C	24h	LINCSCP_83975
LINCSCP_8539	-0.9996658628	0.01645771766	3	BRD-K64582453	LSM-12374	NA	5uM	A549	24h	LINCSCP_8539
LINCSCP_15418	-0.9996658359	0.0164583808	3	79966-13-5	LSM-6665	NA	10uM	HA1E	24h	LINCSCP_15418
LINCSCP_31478	-0.9996658345	0.01645841428	3	CHEMBL1270312	LSM-2767	NA	10uM	MCF7	6h	LINCSCP_31478
LINCSCP_86009	0.9996653538	0.01647025006	3	Linifanib	LSM-1183	CSF1R|FLT1|FLT3|FLT4|KDR|PDGFRA|PDGFRB	0.04uM	BT20	24h	LINCSCP_86009
LINCSCP_10007	-0.9996652326	0.01647323111	3	Wortmannin	LSM-3947	PIK3CA|PIK3CG|PLK1	10uM	A549	24h	LINCSCP_10007
LINCSCP_21471	-0.9996648923	0.01648160289	3	AC1OCDAW	LSM-1622	TOP2A	10uM	HEPG2	6h	LINCSCP_21471
LINCSCP_42275	-0.9996643681	0.01649449078	3	BRD-K38455110	LSM-39384	NA	10uM	NPC	24h	LINCSCP_42275
LINCSCP_1515	-0.9996642731	0.01649682392	3	MLS003370623	LSM-42892	NA	10uM	A375	6h	LINCSCP_1515
LINCSCP_88129	-0.9996640339	0.01650269949	3	Radicicol	LSM-43303	NA	3.33uM	HA1E	24h	LINCSCP_88129
LINCSCP_59710	-0.9996638641	0.01650687078	3	BRD-K85879095	LSM-41958	NA	5uM	VCAP	24h	LINCSCP_59710
LINCSCP_143171	0.9996636833	0.01651130916	3	Bepotastine Besilate	LSM-45480	HRH1	10uM	MCF7	24h	LINCSCP_143171
LINCSCP_65775	0.9996633545	0.01651937942	3	BRD-K15284276	LSM-38070	NA	10uM	VCAP	6h	LINCSCP_65775
LINCSCP_171710	-0.9996626139	0.01653754163	3	Palbociclib	LSM-1071	CCND1|CDK4|CDK6	10uM	YAPC	24h	LINCSCP_171710
LINCSCP_153979	0.9996624932	0.01654049938	3	Lexibulin	LSM-6232	TUBA1A|TUBA1B|TUBA1C|TUBA3E|TUBA4A|TUBB|TUBB1|TUBB2A|TUBB2B|TUBB3|TUBB4A|TUBB4B|TUBB6|TUBB8	3.33uM	PC3	24h	LINCSCP_153979
LINCSCP_10651	0.9996623973	0.01654284854	3	32703-82-5	LSM-4897	KIF11	40uM	AGS	6h	LINCSCP_10651
LINCSCP_97311	0.9996623754	0.01654338498	3	Flumatinib (mesylate)	LSM-45582	ABL1	0.12uM	HA1E	24h	LINCSCP_97311
LINCSCP_167383	-0.9996623418	0.01654420846	3	Setiptiline	LSM-45982	NA	0.04uM	YAPC	24h	LINCSCP_167383
LINCSCP_42252	-0.9996623327	0.01654443037	3	Pyroxamide	LSM-4534	NA	10uM	NPC	24h	LINCSCP_42252
LINCSCP_30117	-0.999662281	0.01654569862	3	Mitoxantrone	LSM-2481	TOP2A	0.5uM	MCF7	24h	LINCSCP_30117
LINCSCP_20307	0.9996622153	0.01654730627	3	Linezolid	LSM-5750	MAOA|MAOB	10uM	HCC515	6h	LINCSCP_20307
LINCSCP_97855	0.999662063	0.01655103691	3	Lonidamine	LSM-6272	NA	0.37uM	HA1E	24h	LINCSCP_97855
LINCSCP_1686	-0.9996618581	0.01655605536	3	KUC105999N	LSM-2199	NA	10uM	A375	6h	LINCSCP_1686
LINCSCP_94214	-0.9996616669	0.01656073442	3	CEP-18770 (Delanzomib)	LSM-45410	NA	0.37uM	HA1E	24h	LINCSCP_94214
LINCSCP_6308	0.9996614521	0.01656599236	3	MLS001176107	LSM-4837	NA	10uM	A549	24h	LINCSCP_6308
LINCSCP_46690	-0.9996611742	0.01657278904	3	Antimycin A	LSM-5076	CYCS	10uM	PC3	24h	LINCSCP_46690
LINCSCP_125711	-0.9996609681	0.01657782933	3	Tacalcitol	LSM-45518	NA	3.33uM	HT29	24h	LINCSCP_125711
LINCSCP_103941	0.9996607498	0.01658316713	3	Fingolimod (FTY720) HCl	LSM-45416	S1PR1|S1PR2|S1PR3|S1PR4|S1PR5	0.12uM	HELA	24h	LINCSCP_103941
LINCSCP_98929	-0.9996607022	0.01658432894	3	RS-127445	LSM-45551	NA	0.04uM	HA1E	24h	LINCSCP_98929
LINCSCP_66155	0.9996606925	0.01658456766	3	BRD-K74728819-019-01-3	LSM-36583	NA	10uM	VCAP	24h	LINCSCP_66155
LINCSCP_132189	-0.9996605101	0.01658902304	3	Trametinib	LSM-1143	MAP2K1|MAP2K2	0.37uM	MCF7	24h	LINCSCP_132189
LINCSCP_42340	0.9996604884	0.01658955362	3	ST4029010	LSM-4786	NA	10uM	NPC	24h	LINCSCP_42340
LINCSCP_50748	-0.9996603665	0.01659253326	3	Narciclasine	LSM-4934	RHOA	10uM	RKO	6h	LINCSCP_50748
LINCSCP_163804	-0.9996601977	0.01659665446	3	QL47	LSM-6019	BMX|BTK	3.33uM	SKBR3	24h	LINCSCP_163804
LINCSCP_58270	-0.9996601933	0.01659676349	3	6998-75-0	LSM-36450	NA	10uM	VCAP	6h	LINCSCP_58270
LINCSCP_255698	0.9996601172	0.01659862142	3	CP466722	LSM-1009	ATM	0.1uM	MDAMB231	24h	LINCSCP_255698
LINCSCP_113772	0.9996585792	0.01663613723	3	AZ628	LSM-1050	BRAF|RAF1	0.04uM	HME1	24h	LINCSCP_113772
LINCSCP_58590	-0.9996581852	0.01664573184	3	CHEMBL2355399	LSM-39827	NA	10uM	VCAP	24h	LINCSCP_58590
LINCSCP_73677	0.9996581708	0.01664608405	3	Amodiaquine	LSM-4042	HNMT	10uM	A375	24h	LINCSCP_73677
LINCSCP_285544	0.9996580252	0.01664962785	3	Amuvatinib	LSM-1118	FLT3|KIT|MET|PDGFRA	0.1uM	SKBR3	6h	LINCSCP_285544
LINCSCP_85854	-0.999657824	0.01665452539	3	Mitoxantrone	LSM-2481	TOP2A	10uM	BT20	24h	LINCSCP_85854
LINCSCP_105095	0.9996577592	0.01665610417	3	Colchicine	LSM-5199	TUBA1A|TUBA1B|TUBA1C|TUBA3E|TUBA4A|TUBB|TUBB1|TUBB2A|TUBB2B|TUBB3|TUBB4A|TUBB4B|TUBB6|TUBB8	3.33uM	HELA	24h	LINCSCP_105095
LINCSCP_133606	-0.9996576993	0.01665756087	3	Infigratinib	LSM-1184	FGFR1|FGFR2|FGFR3|FGFR4	0.37uM	MCF7	24h	LINCSCP_133606
LINCSCP_294679	0.999657557	0.0166610238	3	CBKINASE1_000526	LSM-4716	NA	10uM	VCAP	6h	LINCSCP_294679
LINCSCP_39821	-0.9996566859	0.0166822006	3	179324-69-7	LSM-6281	ADRM1|PSMA1|PSMA2|PSMA3|PSMA4|PSMA5|PSMA6|PSMA7|PSMA8|PSMB1|PSMB10|PSMB11|PSMB2|PSMB3|PSMB4|PSMB5|PSMB6|PSMB7|PSMB8|PSMB9|PSMC1|PSMC2|PSMC3|PSMC4|PSMC5|PSMC6|PSMD1|PSMD11|PSMD12|PSMD13|PSMD14|PSMD2|PSMD3|PSMD4|PSMD6|PSMD7|PSMD8|SEM1	0.01uM	MDST8	6h	LINCSCP_39821
LINCSCP_131211	0.9996566357	0.016683421	3	BI-2536	LSM-1041	PLK1	0.04uM	MCF10A	24h	LINCSCP_131211
LINCSCP_66956	-0.9996566091	0.01668406862	3	Wortmannin	LSM-3947	PIK3CA|PIK3CG|PLK1	10uM	HCC515	6h	LINCSCP_66956
LINCSCP_196790	0.9996564885	0.01668699681	3	BRD-K52651393	LSM-11642	NA	5uM	A549	24h	LINCSCP_196790
LINCSCP_251122	-0.9996561489	0.01669524363	3	SCHEMBL16226502	LSM-43056	HSP90AA1	0.01uM	MCF7	6h	LINCSCP_251122
LINCSCP_135010	-0.9996560977	0.01669648637	3	PRX-08066 Maleic acid	LSM-45523	NA	3.33uM	MCF7	24h	LINCSCP_135010
LINCSCP_108941	0.999655876	0.01670186844	3	Zosuquidar	LSM-5782	ABCB1	10uM	HELA	24h	LINCSCP_108941
LINCSCP_58116	-0.9996555072	0.01671081593	3	Tegaserod	LSM-5375	HTR2B|HTR4	10uM	VCAP	24h	LINCSCP_58116
LINCSCP_192140	-0.999655487	0.01671130717	3	Procaterol	LSM-1391	ADRB2	10uM	A549	24h	LINCSCP_192140
LINCSCP_126445	-0.9996554292	0.01671270882	3	LY2090314	LSM-45915	GSK3A|GSK3B	0.37uM	HT29	24h	LINCSCP_126445
LINCSCP_63782	-0.9996551883	0.01671854951	3	BRD-K19405573	LSM-9598	NA	5uM	VCAP	6h	LINCSCP_63782
LINCSCP_111222	0.9996549245	0.01672494408	3	AKT Inhibitor VIII	LSM-1035	AKT1|AKT2	0.04uM	HEPG2	24h	LINCSCP_111222
LINCSCP_21768	-0.999654758	0.01672897941	3	Neratinib	LSM-42778	EGFR|ERBB2|ERBB4	10uM	HEPG2	6h	LINCSCP_21768
LINCSCP_188749	-0.9996545788	0.01673331976	3	CHEMBL567331	LSM-3577	CLK1|CLK4|DYRK1A	10uM	A549	6h	LINCSCP_188749
LINCSCP_111797	0.9996543988	0.01673768053	3	Sirolimus	LSM-42783	FKBP1A|MTOR	0.12uM	HEPG2	24h	LINCSCP_111797
LINCSCP_34329	-0.9996542766	0.01674063953	3	Metitepine	LSM-4320	HTR5A|HTR6|HTR7	10uM	MCF7	6h	LINCSCP_34329
LINCSCP_147731	-0.9996540239	0.01674675539	3	AZD-1775	LSM-1153	WEE1	10uM	NPC.CAS9	24h	LINCSCP_147731
LINCSCP_37683	-0.9996535831	0.01675742095	3	SA-1973507	LSM-6829	NA	3uM	MCF7	24h	LINCSCP_37683
LINCSCP_188133	-0.9996528532	0.016775067	3	PJ34	LSM-4937	NA	10uM	A549	6h	LINCSCP_188133
LINCSCP_13561	-0.9996527606	0.01677730411	3	PF 3845	LSM-6265	FAAH	10uM	H1299	6h	LINCSCP_13561
LINCSCP_284492	-0.9996527009	0.01677874794	3	Ergocryptine	LSM-3664	NA	10uM	SKB	24h	LINCSCP_284492
LINCSCP_5793	-0.9996526473	0.01678004208	3	Pterostilbene	LSM-43245	PTGS2	10uM	A549	24h	LINCSCP_5793
LINCSCP_120641	0.9996524892	0.01678386022	3	GSK-923295	LSM-45692	NA	10uM	HT29	24h	LINCSCP_120641
LINCSCP_8020	-0.9996518712	0.01679877919	3	MLS000057540	LSM-4797	NA	10uM	A549	6h	LINCSCP_8020
LINCSCP_12240	0.9996513015	0.01681251763	3	NVP-AEW541	LSM-44953	IGF1R	0.5uM	BT20	24h	LINCSCP_12240
LINCSCP_195037	0.9996512208	0.01681446436	3	BRD-K25348850	LSM-7172	NA	5uM	A549	24h	LINCSCP_195037
LINCSCP_142762	0.9996510744	0.01681799273	3	SIN-1, Hydrochloride	LSM-45857	NA	0.04uM	MCF7	24h	LINCSCP_142762
LINCSCP_130982	0.9996508363	0.01682373002	3	Seliciclib	LSM-1001	CDK1|CDK2|CDK5|CDK7|CDK9	0.37uM	MCF10A	3h	LINCSCP_130982
LINCSCP_95229	0.9996507628	0.01682550208	3	Mirtazapine	LSM-1706	ADRA2A|ADRA2B|ADRA2C|HTR2A|HTR2C|HTR3A	3.33uM	HA1E	24h	LINCSCP_95229
LINCSCP_150938	-0.9996504013	0.01683420676	3	TORIN-2	LSM-1080	MTOR	3.33uM	PC3	24h	LINCSCP_150938
LINCSCP_97836	0.9996503999	0.01683424148	3	Dolastatin 10	LSM-45943	NA	1.11uM	HA1E	24h	LINCSCP_97836
LINCSCP_29332	-0.9996503559	0.01683530095	3	PP-30	LSM-6238	RAF1	10uM	LOVO	6h	LINCSCP_29332
LINCSCP_81637	0.9996502739	0.01683727591	3	Selumetinib	LSM-1056	MAP2K1|MAP2K2	0.12uM	A549	24h	LINCSCP_81637
LINCSCP_10528	0.9996502669	0.01683744435	3	(S)-(-)-BAY K 8644	LSM-4545	CACNA1C	10uM	AGS	6h	LINCSCP_10528
LINCSCP_157430	-0.9996497321	0.0168503128	3	Cilengitide	LSM-45233	NA	0.37uM	PC3	24h	LINCSCP_157430
LINCSCP_133782	-0.9996487855	0.01687306661	3	STK219801	LSM-43281	NA	3.33uM	MCF7	24h	LINCSCP_133782
LINCSCP_117261	0.9996485625	0.01687842306	3	Iniparib	LSM-6317	PARP1	0.12uM	HT29	24h	LINCSCP_117261
LINCSCP_141977	-0.999648508	0.01687973363	3	Neratinib	LSM-42778	EGFR|ERBB2|ERBB4	10uM	MCF7	24h	LINCSCP_141977
LINCSCP_1731	-0.999648273	0.01688537422	3	Cis-N,N-Dimethyl-9-(3-(1-Piperazinyl)Propylidene)Thioxanthene-2-Sulfonamide	LSM-43212	HTR2A	10uM	A375	6h	LINCSCP_1731
LINCSCP_252	-0.9996472696	0.01690944306	3	Cercosporin	LSM-1808	NA	10uM	A375	24h	LINCSCP_252
LINCSCP_168434	-0.9996470051	0.01691578431	3	Inolitazone (dihydrochloride)	LSM-45726	PPARG	3.33uM	YAPC	24h	LINCSCP_168434
LINCSCP_66150	-0.9996469019	0.01691825491	3	BRD-K73434853	LSM-41258	NA	3uM	VCAP	24h	LINCSCP_66150
LINCSCP_64725	-0.9996465622	0.01692639208	3	BRD-K95593113	LSM-15069	NA	10uM	VCAP	24h	LINCSCP_64725
LINCSCP_7456	-0.9996465016	0.01692784401	3	Isoflupredone Acetate	LSM-2641	NR3C1	10uM	A549	6h	LINCSCP_7456
LINCSCP_54582	0.9996462839	0.01693305645	3	Phenethylisothiocyanate	LSM-4926	CYP2E1	10uM	SW948	6h	LINCSCP_54582
LINCSCP_151135	-0.9996456375	0.01694852083	3	GSK 1059615	LSM-42799	PIK3CA|PIK3CB|PIK3CD|PIK3CG	10uM	PC3	24h	LINCSCP_151135
LINCSCP_103982	-0.9996454738	0.01695243603	3	Pimasertib	LSM-5946	MAP2K1|MAP2K2	0.37uM	HELA	24h	LINCSCP_103982
LINCSCP_54673	-0.999644728	0.01697025789	3	Rucaparib	LSM-4947	PARP1|PARP2|PARP3	10uM	SW948	6h	LINCSCP_54673
LINCSCP_66002	-0.999644636	0.01697245544	3	SCHEMBL17783896	LSM-40497	NA	3uM	VCAP	24h	LINCSCP_66002
LINCSCP_8947	-0.999644042	0.01698663623	3	MLS003129149	LSM-7790	NA	10uM	A549	24h	LINCSCP_8947
LINCSCP_98218	0.9996438125	0.01699211225	3	Nefopam	LSM-1811	NA	1.11uM	HA1E	24h	LINCSCP_98218
LINCSCP_142108	0.9996436548	0.01699587187	3	SB743921	LSM-45775	NA	0.04uM	MCF7	24h	LINCSCP_142108
LINCSCP_144865	0.999643385	0.01700230566	3	Alpelisib	LSM-4256	PIK3CA	0.12uM	MDAMB231	24h	LINCSCP_144865
LINCSCP_87735	-0.9996426405	0.01702004496	3	CP466722	LSM-1009	ATM	10uM	HA1E	24h	LINCSCP_87735
LINCSCP_53143	-0.9996421462	0.01703181452	3	COT-10B	LSM-6226	NA	40uM	SKM1	6h	LINCSCP_53143
LINCSCP_135877	-0.9996404603	0.01707188797	3	MK-5172	LSM-45592	NA	0.04uM	MCF7	24h	LINCSCP_135877
LINCSCP_16871	0.9996402125	0.01707776973	3	CHEMBL3109370	LSM-6138	NA	10uM	HA1E	6h	LINCSCP_16871
LINCSCP_106852	-0.9996399202	0.017084707	3	INOSITOL	LSM-45237	NA	3.33uM	HELA	24h	LINCSCP_106852
LINCSCP_74004	-0.9996393803	0.01709751007	3	Levothyroxine	LSM-5447	THRA|THRB	10uM	A375	24h	LINCSCP_74004
LINCSCP_187937	0.9996388043	0.01711116221	3	Trifluoperazine	LSM-4010	DRD2|DRD3|DRD4|HTR2A|HTR2C	10uM	A549	6h	LINCSCP_187937
LINCSCP_93278	0.9996387455	0.0171125545	3	Adarotene	LSM-45863	NA	10uM	HA1E	24h	LINCSCP_93278
LINCSCP_11769	0.9996386886	0.0171139006	3	BI-2536	LSM-1041	PLK1	0.1uM	BT20	24h	LINCSCP_11769
LINCSCP_138308	0.9996375738	0.01714028576	3	Cabazitaxel	LSM-46002	NA	1.11uM	MCF7	24h	LINCSCP_138308
LINCSCP_147365	-0.9996371656	0.01714993573	3	TIE2 Kinase Inhibitor	LSM-1194	NA	3.33uM	NEU	24h	LINCSCP_147365
LINCSCP_26144	-0.9996371221	0.01715096337	3	MLS003128609	LSM-3739	NA	10uM	HT29	6h	LINCSCP_26144
LINCSCP_257331	0.9996370204	0.01715336653	3	Phloretin	LSM-6221	NA	100uM	NCIH508	6h	LINCSCP_257331
LINCSCP_47120	0.9996365196	0.01716519647	3	BRD-K50521229	LSM-6124	NA	10uM	PC3	24h	LINCSCP_47120
LINCSCP_25999	-0.9996360907	0.01717532134	3	SMR001318079	LSM-1972	NA	10uM	HT29	6h	LINCSCP_25999
LINCSCP_194017	-0.9996354729	0.01718989476	3	Disopyramide	LSM-1439	SCN10A|SCN11A|SCN1A|SCN2A|SCN3A|SCN4A|SCN5A|SCN7A|SCN8A|SCN9A	10uM	A549	6h	LINCSCP_194017
LINCSCP_34067	0.9996354561	0.01719029145	3	CHEMBL2138962	LSM-40974	NA	10uM	MCF7	6h	LINCSCP_34067
LINCSCP_8843	-0.9996350422	0.01720004681	3	BRD-K68338581	LSM-46104	NA	5uM	A549	24h	LINCSCP_8843
LINCSCP_36353	0.9996349706	0.01720173541	3	Fluoropyruvate	LSM-6203	NA	0.01uM	MCF7	6h	LINCSCP_36353
LINCSCP_171321	-0.9996339807	0.01722504486	3	Zaurategrast	LSM-45609	NA	10uM	YAPC	24h	LINCSCP_171321
LINCSCP_809	-0.9996333592	0.01723966414	3	Menadione	LSM-3755	NA	10uM	A375	24h	LINCSCP_809
LINCSCP_24037	-0.999633076	0.0172463211	3	CHEMBL3182405	LSM-4793	NA	0.12uM	HEPG2	24h	LINCSCP_24037
LINCSCP_68654	0.9996330265	0.01724748446	3	13-Methyl-7-[9-(4,4,5,5,5-pentafluoropentylsulfinyl)nonyl]-6,7,8,9,11,12,14,15,16,17-decahydrocyclopenta[a]phenanthrene-3,17-diol	LSM-1895	ESR1	10uM	VCAP	24h	LINCSCP_68654
LINCSCP_178067	-0.9996325305	0.01725913647	3	MLS003178538	LSM-3562	NA	10uM	A375	6h	LINCSCP_178067
LINCSCP_56579	-0.9996324271	0.01726156532	3	Spiperone	LSM-3235	ADRA1A|DRD2|DRD3|DRD4|HTR1A|HTR2A|HTR7	10uM	VCAP	6h	LINCSCP_56579
LINCSCP_125831	-0.9996322779	0.01726506897	3	Nafronyl	LSM-1730	NA	3.33uM	HT29	24h	LINCSCP_125831
LINCSCP_272865	-0.9996320469	0.01727049017	3	Mebhydrolin	LSM-43262	NA	10uM	PC3	24h	LINCSCP_272865
LINCSCP_8752	0.9996315648	0.01728180239	3	BRD-K67601479	LSM-40957	NA	5uM	A549	24h	LINCSCP_8752
LINCSCP_47233	0.9996312856	0.01728834838	3	CHEMBL2360495	LSM-6811	NA	10uM	PC3	6h	LINCSCP_47233
LINCSCP_211537	-0.9996310341	0.01729424349	3	MEGXM0_000019	LSM-4473	NA	10uM	HA1E	6h	LINCSCP_211537
LINCSCP_22317	-0.9996306221	0.01730389857	3	CHEMBL2354474	LSM-37873	NA	10uM	HEPG2	6h	LINCSCP_22317
LINCSCP_79264	-0.9996305204	0.01730628028	3	Doramapimod	LSM-1170	MAPK11|MAPK12|MAPK14	0.37uM	A375	24h	LINCSCP_79264
LINCSCP_145586	-0.9996304043	0.01730899926	3	13-Hydroxy-8,14,19-trimethoxy-4,10,12,16-tetramethyl-3,20,22-trioxo-2-azabicyclo[16.3.1]docosa-1(21),4,6,10,18-pentaen-9-yl carbamate	LSM-42815	HSP90AA1	10uM	MDAMB231	24h	LINCSCP_145586
LINCSCP_22811	0.9996298682	0.01732154813	3	PD-198306	LSM-3974	MAP2K1|MAP2K2	10uM	HEPG2	6h	LINCSCP_22811
LINCSCP_7171	-0.9996297299	0.0173247836	3	Seneciphylline	LSM-42953	NA	10uM	A549	6h	LINCSCP_7171
LINCSCP_187485	-0.9996292734	0.01733546055	3	MLN-8054	LSM-1066	AURKA	0.5uM	A375	24h	LINCSCP_187485
LINCSCP_27239	-0.9996292719	0.01733549609	3	BRD-K65904652	LSM-40871	NA	10uM	HT29	6h	LINCSCP_27239
LINCSCP_292651	-0.9996290138	0.01734153142	3	MLS002264496	LSM-3730	NA	10uM	VCAP	6h	LINCSCP_292651
LINCSCP_59463	-0.9996287513	0.01734766536	3	Gemfibrozil	LSM-2227	CYP2C8|LPL|PPARA	10uM	VCAP	24h	LINCSCP_59463
LINCSCP_917	-0.9996285313	0.01735280548	3	SMR001317659	LSM-2094	NA	0.5uM	A375	6h	LINCSCP_917
LINCSCP_124163	0.9996283252	0.01735761841	3	benproperine	LSM-45733	NA	10uM	HT29	24h	LINCSCP_124163
LINCSCP_290135	0.9996282249	0.01735996131	3	Trioxsalen	LSM-3223	NA	10uM	VCAP	24h	LINCSCP_290135
LINCSCP_41431	-0.9996279985	0.01736524526	3	Sulindac Sulfide	LSM-43321	AKR1B1|PTGS1|PTGS2	10uM	NEU	24h	LINCSCP_41431
LINCSCP_148805	0.999627887	0.01736784756	3	CGP 60474	LSM-1025	CDK1	0.04uM	NPC	24h	LINCSCP_148805
LINCSCP_172711	0.9996277338	0.01737142382	3	Moxifloxacin	LSM-5746	NA	10uM	YAPC	24h	LINCSCP_172711
LINCSCP_115798	-0.999627682	0.01737263082	3	Alvocidib	LSM-1011	CDK1|CDK2|CDK4|CDK5|CDK6|CDK7|CDK8|CDK9|EGFR|PYGM	10uM	HS578T	3h	LINCSCP_115798
LINCSCP_260079	0.9996274187	0.0173787734	3	Cpnq	LSM-36967	NA	10uM	NEU	6h	LINCSCP_260079
LINCSCP_15885	0.9996268995	0.01739087819	3	MLS000094939	LSM-3353	NA	10uM	HA1E	6h	LINCSCP_15885
LINCSCP_94623	0.9996268473	0.01739209699	3	estropipate	LSM-3126	ESR1	3.33uM	HA1E	24h	LINCSCP_94623
LINCSCP_115175	-0.9996268108	0.01739294674	3	GSK 1059615	LSM-42799	PIK3CA|PIK3CB|PIK3CD|PIK3CG	0.04uM	HS578T	3h	LINCSCP_115175
LINCSCP_303441	-0.9996263495	0.0174036939	3	BRD-K98240084	LSM-14465	NA	5uM	VCAP	6h	LINCSCP_303441
LINCSCP_2718	-0.9996256884	0.01741908447	3	SB-202190	LSM-3209	MAPK14	10uM	A375	6h	LINCSCP_2718
LINCSCP_129945	-0.9996255484	0.01742234036	3	Radicicol	LSM-43303	NA	0.37uM	LNCAP	24h	LINCSCP_129945
LINCSCP_48702	-0.9996253412	0.01742716031	3	BRD-K85413794	LSM-15060	NA	0.01uM	PC3	6h	LINCSCP_48702
LINCSCP_44895	-0.9996249697	0.01743579963	3	GW 405833	LSM-2217	CNR2	40uM	PC3	24h	LINCSCP_44895
LINCSCP_13524	-0.9996245097	0.01744648943	3	GSK-319347A	LSM-1216	IKBKG	5uM	H1299	6h	LINCSCP_13524
LINCSCP_293809	-0.9996244096	0.01744881688	3	Bicalutamide	LSM-1437	AR	10uM	VCAP	24h	LINCSCP_293809
LINCSCP_78204	0.9996243081	0.0174511733	3	179324-69-7	LSM-6281	ADRM1|PSMA1|PSMA2|PSMA3|PSMA4|PSMA5|PSMA6|PSMA7|PSMA8|PSMB1|PSMB10|PSMB11|PSMB2|PSMB3|PSMB4|PSMB5|PSMB6|PSMB7|PSMB8|PSMB9|PSMC1|PSMC2|PSMC3|PSMC4|PSMC5|PSMC6|PSMD1|PSMD11|PSMD12|PSMD13|PSMD14|PSMD2|PSMD3|PSMD4|PSMD6|PSMD7|PSMD8|SEM1	20uM	A375	24h	LINCSCP_78204
LINCSCP_155151	-0.9996241346	0.0174552031	3	Sulpiride	LSM-5080	CA7|DRD2|DRD3	10uM	PC3	24h	LINCSCP_155151
LINCSCP_14642	-0.9996232657	0.01747536772	3	Desoxymetasone	LSM-1602	NR3C1	10uM	HA1E	24h	LINCSCP_14642
LINCSCP_159134	-0.9996230244	0.01748096529	3	MG-132	LSM-1107	PSMB1	20uM	PC3	24h	LINCSCP_159134
LINCSCP_33627	-0.9996229779	0.01748204296	3	Arundine	LSM-4610	AR|HIF1A|IFNG|PI3	10uM	MCF7	24h	LINCSCP_33627
LINCSCP_86227	0.99962291	0.01748361682	3	BI-2536	LSM-1041	PLK1	3.33uM	BT20	3h	LINCSCP_86227
LINCSCP_102259	0.9996225036	0.01749303533	3	Ondansetron	LSM-1375	HTR3A	0.37uM	HELA	24h	LINCSCP_102259
LINCSCP_65001	0.9996224838	0.0174934937	3	Olaparib	LSM-1145	PARP1|PARP2|PARP3	0.5uM	VCAP	6h	LINCSCP_65001
LINCSCP_168814	-0.9996223853	0.01749577759	3	(-)-Tramadol	LSM-3125	OPRM1|SLC6A2|SLC6A4	0.37uM	YAPC	24h	LINCSCP_168814
LINCSCP_30574	0.9996221063	0.01750223918	3	Dorsomorphin	LSM-3207	BMPR1A|BMPR1B|PRKAA1	10uM	MCF7	24h	LINCSCP_30574
LINCSCP_137238	0.9996218183	0.01750890727	3	MG-132	LSM-1107	PSMB1	20uM	MCF7	24h	LINCSCP_137238
LINCSCP_35014	-0.9996218038	0.0175092448	3	BRD-K23488072	LSM-38549	NA	5uM	MCF7	24h	LINCSCP_35014
LINCSCP_100530	0.9996214246	0.01751802043	3	AGK 2	LSM-43196	SIRT2	0.12uM	HCC515	24h	LINCSCP_100530
LINCSCP_75207	-0.9996212196	0.01752276282	3	Roflumilast	LSM-45821	PDE4A|PDE4B|PDE4C|PDE4D	0.12uM	A375	24h	LINCSCP_75207
LINCSCP_10345	0.9996212063	0.01752306996	3	BMS-754807	LSM-6218	IGF1R|INSR	10uM	A673	6h	LINCSCP_10345
LINCSCP_111532	-0.9996211115	0.01752526414	3	C19H19FN4O3	LSM-1178	FGFR1|FLT1|KDR	0.37uM	HEPG2	24h	LINCSCP_111532
LINCSCP_210189	-0.9996209243	0.01752959122	3	ASN 05257430	LSM-2975	NA	10uM	HA1E	24h	LINCSCP_210189
LINCSCP_142104	0.9996200273	0.01755032104	3	SB743921	LSM-45775	NA	3.33uM	MCF7	24h	LINCSCP_142104
LINCSCP_168890	0.9996199196	0.01755280845	3	Tonabersat	LSM-45914	NA	3.33uM	YAPC	24h	LINCSCP_168890
LINCSCP_101183	0.9996198825	0.01755366422	3	Zaldaride	LSM-1413	CALM1	0.04uM	HELA	24h	LINCSCP_101183
LINCSCP_142230	0.9996192922	0.01756728981	3	SNX-2112 (PF-04928473)	LSM-45259	NA	3.33uM	MCF7	24h	LINCSCP_142230
LINCSCP_46846	-0.9996187668	0.0175794101	3	CAY10585	LSM-5939	HIF1A	10uM	PC3	24h	LINCSCP_46846
LINCSCP_56143	0.9996186612	0.01758184507	3	GYKI-52466	LSM-2530	GRIA1	10uM	VCAP	6h	LINCSCP_56143
LINCSCP_74402	0.9996186531	0.01758203161	3	Vardenafil	LSM-2292	PDE5A	0.12uM	A375	24h	LINCSCP_74402
LINCSCP_76311	-0.9996183954	0.01758797125	3	MG-132	LSM-1107	PSMB1	20uM	A375	24h	LINCSCP_76311
LINCSCP_138450	-0.9996180413	0.01759613018	3	ETOPOSIDE	LSM-6348	TOP2A|TOP2B	10uM	MCF7	24h	LINCSCP_138450
LINCSCP_29899	-0.9996179973	0.01759714337	3	Gefitinib	LSM-1098	EGFR	10uM	MCF10A	24h	LINCSCP_29899
LINCSCP_25297	-0.9996178878	0.01759966482	3	6-Benzylaminopurine	LSM-3396	NA	10uM	HT29	24h	LINCSCP_25297
LINCSCP_65374	-0.9996178064	0.01760154077	3	BRD-K94766884	LSM-8060	NA	10uM	VCAP	24h	LINCSCP_65374
LINCSCP_62693	0.9996175321	0.01760785416	3	BRD-K81943679	LSM-13429	NA	5uM	VCAP	24h	LINCSCP_62693
LINCSCP_93707	0.9996174826	0.01760899359	3	IN1541	LSM-4460	PRKAA1	0.04uM	HA1E	24h	LINCSCP_93707
LINCSCP_36071	-0.9996174514	0.01760971363	3	AG 14361	LSM-1988	PARP1	0.1uM	MCF7	6h	LINCSCP_36071
LINCSCP_177867	0.9996169124	0.01762211495	3	MLS003530000	LSM-3286	NA	10uM	A375	24h	LINCSCP_177867
LINCSCP_106556	-0.9996166673	0.01762775207	3	Cabozantinib	LSM-1195	KDR|MET	3.33uM	HELA	24h	LINCSCP_106556
LINCSCP_12763	0.9996166299	0.01762861257	3	Nimodipine	LSM-1659	CACNA1C|CACNA1D|CACNA1F|CACNA1S|NR3C2	10uM	DV90	6h	LINCSCP_12763
LINCSCP_204488	-0.9996165922	0.01762947937	3	Tyrphostin 47	LSM-4187	EGFR	10uM	ASC	24h	LINCSCP_204488
LINCSCP_34425	-0.9996165853	0.01762963701	3	Terbutaline	LSM-5065	ADRB2	10uM	MCF7	6h	LINCSCP_34425
LINCSCP_172734	-0.9996165805	0.01762974858	3	Bruceantin	LSM-45541	NA	0.04uM	YAPC	24h	LINCSCP_172734
LINCSCP_295235	0.9996161582	0.01763945533	3	Farnesol	LSM-43184	MAOB	10uM	VCAP	24h	LINCSCP_295235
LINCSCP_109368	-0.999616063	0.01764164217	3	SPECTRUM_000011	LSM-1767	NA	0.37uM	HELA	24h	LINCSCP_109368
LINCSCP_29343	0.999615989	0.01764334298	3	AS-605240	LSM-42784	PIK3CG	10uM	LOVO	6h	LINCSCP_29343
LINCSCP_151003	-0.9996156129	0.01765197988	3	BX 912	LSM-1055	PDK1|PDPK1	10uM	PC3	24h	LINCSCP_151003
LINCSCP_30910	0.9996154081	0.01765668235	3	MLS000729763	LSM-1777	NA	10uM	MCF7	24h	LINCSCP_30910
LINCSCP_72439	0.9996148882	0.01766861414	3	Balicatib	LSM-45647	NA	0.12uM	A375	24h	LINCSCP_72439
LINCSCP_26192	-0.9996147525	0.0176717259	3	MLS003126520	LSM-2036	NA	10uM	HT29	6h	LINCSCP_26192
LINCSCP_68548	0.9996142874	0.01768239019	3	LY-294002	LSM-2597	MTOR|PIK3CA|PIK3CB|PIK3CD|PIK3CG|PLK1|PRKDC	10uM	VCAP	6h	LINCSCP_68548
LINCSCP_4776	-0.9996142717	0.01768275211	3	HSCI1_000314	LSM-6251	ARG1|ARG2	80uM	A549	6h	LINCSCP_4776
LINCSCP_85052	-0.9996137382	0.0176949769	3	ITK Inhibitor	LSM-1043	ITK	1.11uM	ASC	24h	LINCSCP_85052
LINCSCP_64873	-0.9996137014	0.01769581866	3	Mibefradil	LSM-2192	CACNA1C|CACNA1G|CACNA1H|CACNA1I	0.5uM	VCAP	24h	LINCSCP_64873
LINCSCP_9002	-0.9996127895	0.01771669509	3	BRD-K15973523	LSM-9385	NA	10uM	A549	24h	LINCSCP_9002
LINCSCP_34920	-0.9996118073	0.01773915278	3	CHEMBL2358729	LSM-42483	NA	5uM	MCF7	24h	LINCSCP_34920
LINCSCP_321	0.9996103921	0.01777146037	3	Piribedil	LSM-3057	ADRA2A|DRD2|DRD3	10uM	A375	24h	LINCSCP_321
LINCSCP_112836	-0.9996099433	0.01778169362	3	ZINC6718453	LSM-1198	NA	10uM	HEPG2	24h	LINCSCP_112836
LINCSCP_77203	-0.9996099391	0.01778178808	3	benproperine	LSM-45733	NA	10uM	A375	24h	LINCSCP_77203
LINCSCP_71064	0.9996098095	0.0177847417	3	179324-69-7	LSM-6281	ADRM1|PSMA1|PSMA2|PSMA3|PSMA4|PSMA5|PSMA6|PSMA7|PSMA8|PSMB1|PSMB10|PSMB11|PSMB2|PSMB3|PSMB4|PSMB5|PSMB6|PSMB7|PSMB8|PSMB9|PSMC1|PSMC2|PSMC3|PSMC4|PSMC5|PSMC6|PSMD1|PSMD11|PSMD12|PSMD13|PSMD14|PSMD2|PSMD3|PSMD4|PSMD6|PSMD7|PSMD8|SEM1	20uM	A375	24h	LINCSCP_71064
LINCSCP_12187	0.9996095745	0.01779009731	3	C28H30CIN5O4S	LSM-42791	MET	0.1uM	BT20	24h	LINCSCP_12187
LINCSCP_4868	-0.9996093543	0.01779511371	3	MLS002460463	LSM-1270	CASP8|XIAP	10uM	A549	24h	LINCSCP_4868
LINCSCP_122467	-0.9996092719	0.01779699111	3	Anandamide	LSM-43816	CNR1|CNR2|TRPV1	0.37uM	HT29	24h	LINCSCP_122467
LINCSCP_7897	-0.9996092686	0.01779706539	3	CHEMBL2359857	LSM-6812	NA	10uM	A549	24h	LINCSCP_7897
LINCSCP_292554	0.9996086243	0.01781173443	3	CHEMBL3182990	LSM-2587	NA	10uM	VCAP	6h	LINCSCP_292554
LINCSCP_94016	-0.9996084076	0.01781666449	3	Y-39983	LSM-1150	ROCK1|ROCK2	1.11uM	HA1E	24h	LINCSCP_94016
LINCSCP_67140	-0.9996083325	0.01781837469	3	Vorinostat	LSM-3828	HDAC1|HDAC2|HDAC3|HDAC6|HDAC8	0.5uM	HT29	24h	LINCSCP_67140
LINCSCP_133475	0.9996083281	0.01781847297	3	BMS-777607	LSM-1144	AXL|MERTK|MET|MST1R|TYRO3	0.37uM	MCF7	24h	LINCSCP_133475
LINCSCP_88682	0.9996080161	0.01782556892	3	N-[4-Chloro-3-(trifluoromethyl)phenyl]-2-ethoxybenzamide	LSM-6321	NA	10uM	HA1E	24h	LINCSCP_88682
LINCSCP_23532	0.9996079485	0.01782710734	3	Caffeic Acid Phenethyl Ester	LSM-43033	NA	20uM	HEPG2	24h	LINCSCP_23532
LINCSCP_12932	-0.9996079207	0.01782773921	3	Tamatinib	LSM-1040	SYK	10uM	EFO27	6h	LINCSCP_12932
LINCSCP_163763	-0.9996078583	0.01782915808	3	Lapatinib	LSM-1051	EGFR|ERBB2	1.11uM	SKBR3	24h	LINCSCP_163763
LINCSCP_133145	0.99960781	0.01783025681	3	WYE 125132	LSM-1064	MTOR	10uM	MCF7	3h	LINCSCP_133145
LINCSCP_15132	-0.9996073749	0.01784014362	3	KI8751	LSM-3040	KDR	10uM	HA1E	6h	LINCSCP_15132
LINCSCP_18745	-0.999607265	0.01784264204	3	Alprenolol	LSM-1238	ADRB1|ADRB2	10uM	HCC515	24h	LINCSCP_18745
LINCSCP_108706	-0.9996065431	0.01785903408	3	Decitabine	LSM-5855	DNMT1|DNMT3A	0.04uM	HELA	24h	LINCSCP_108706
LINCSCP_600	0.9996060829	0.01786947506	3	6,10,10B-Trihydroxy-3,4a,7,7,10a-pentamethyl-1-oxo-3-vinyldodecahydro-1H-benzo[f]chromen-5-yl acetate	LSM-4467	ADCY2	10uM	A375	24h	LINCSCP_600
LINCSCP_144804	0.9996059878	0.01787163217	3	PIK-93	LSM-1191	NA	0.37uM	MDAMB231	24h	LINCSCP_144804
LINCSCP_220871	-0.9996053494	0.017886105	3	7-OH-PIPAT	LSM-42809	DRD3	10uM	HEPG2	6h	LINCSCP_220871
LINCSCP_156228	0.9996047693	0.01789924738	3	Swainsonine	LSM-45602	NA	0.05uM	PC3	24h	LINCSCP_156228
LINCSCP_307704	0.9996046696	0.01790150576	3	BRD-K24133356	LSM-9887	NA	5uM	VCAP	24h	LINCSCP_307704
LINCSCP_93211	-0.9996043578	0.01790856436	3	PF-04691502	LSM-45239	MTOR|PIK3CA|PIK3CB|PIK3CD|PIK3CG|PIK3R1|PIK3R2|PIK3R3|PIK3R5	0.04uM	HA1E	24h	LINCSCP_93211
LINCSCP_259696	-0.9996042876	0.0179101523	3	Adapiprazine	LSM-36960	NA	10uM	NEU	6h	LINCSCP_259696
LINCSCP_25310	0.9996042511	0.01791097865	3	MAZ51	LSM-43044	FLT4	10uM	HT29	24h	LINCSCP_25310
LINCSCP_49880	0.9996042496	0.01791101267	3	AC1O9CRC	LSM-4712	NA	10uM	PHH	24h	LINCSCP_49880
LINCSCP_69401	-0.9996036693	0.01792414062	3	PD-0325901	LSM-1101	MAP2K1|MAP2K2	0.37uM	A375	24h	LINCSCP_69401
LINCSCP_89906	0.9996032911	0.01793269036	3	MG-132	LSM-1107	PSMB1	20uM	HA1E	24h	LINCSCP_89906
LINCSCP_66678	0.9996022798	0.01795553549	3	Troglitazone	LSM-4890	PPARG	10uM	A549	24h	LINCSCP_66678
LINCSCP_163828	-0.9996020112	0.01796159774	3	rifampicin	NA	NA	3.33uM	SKBR3	24h	LINCSCP_163828
LINCSCP_145052	-0.9996014095	0.01797517123	3	C21H27N7O3	LSM-1128	AKT1|AKT2|AKT3|PRKCQ	0.04uM	MDAMB231	3h	LINCSCP_145052
LINCSCP_131090	-0.9996009648	0.01798519495	3	13-Hydroxy-8,14,19-trimethoxy-4,10,12,16-tetramethyl-3,20,22-trioxo-2-azabicyclo[16.3.1]docosa-1(21),4,6,10,18-pentaen-9-yl carbamate	LSM-42815	HSP90AA1	0.37uM	MCF10A	3h	LINCSCP_131090
LINCSCP_101507	-0.9996007888	0.01798916187	3	BRD-K00544996	LSM-45922	PPARA|PPARG	10uM	HELA	24h	LINCSCP_101507
LINCSCP_164347	0.9996004928	0.01799582964	3	PCI-32765	LSM-1129	BTK	0.37uM	SKL.C	24h	LINCSCP_164347
LINCSCP_21572	0.9996002419	0.01800148146	3	Tadalafil	LSM-4109	PDE11A|PDE5A	10uM	HEPG2	6h	LINCSCP_21572
LINCSCP_24552	0.9996002358	0.01800161755	3	Selumetinib	LSM-1056	MAP2K1|MAP2K2	1uM	HS578T	6h	LINCSCP_24552
LINCSCP_57660	-0.9996000106	0.01800668807	3	MLS002473639	LSM-2934	NA	10uM	VCAP	6h	LINCSCP_57660
LINCSCP_151233	0.999599677	0.01801419648	3	BRD-A24396574-001-01-5	LSM-5006	NA	1.11uM	PC3	24h	LINCSCP_151233
LINCSCP_28771	-0.9995995469	0.01801712208	3	Kenpaullone	LSM-2824	CDK1|CDK5|GSK3B	20uM	HUH7	24h	LINCSCP_28771
LINCSCP_292721	0.9995989122	0.01803139588	3	VU0447134-2	LSM-1795	NA	10uM	VCAP	24h	LINCSCP_292721
LINCSCP_86860	0.9995986407	0.0180374988	3	Infigratinib	LSM-1184	FGFR1|FGFR2|FGFR3|FGFR4	0.12uM	CD34	24h	LINCSCP_86860
LINCSCP_14705	0.9995986126	0.01803812904	3	Epitestosterone	LSM-2564	NA	10uM	HA1E	24h	LINCSCP_14705
LINCSCP_17599	-0.9995981246	0.01804909336	3	BAS 02002358	LSM-1843	GPER1	20uM	HCC15	6h	LINCSCP_17599
LINCSCP_131196	0.9995980766	0.01805016969	3	BMS-345541	LSM-1028	IKBKB	1.11uM	MCF10A	24h	LINCSCP_131196
LINCSCP_171157	0.9995979545	0.01805291299	3	Idelalisib	LSM-1205	PIK3CD|PIK3CG	0.37uM	YAPC	24h	LINCSCP_171157
LINCSCP_27306	0.9995977969	0.01805645034	3	BRD-K15923759	LSM-38103	NA	10uM	HT29	6h	LINCSCP_27306
LINCSCP_5668	-0.999597582	0.01806127395	3	Rimcazole	LSM-5777	SIGMAR1	10uM	A549	6h	LINCSCP_5668
LINCSCP_58261	0.9995974924	0.01806328413	3	Artemether	LSM-5519	NA	10uM	VCAP	6h	LINCSCP_58261
LINCSCP_36987	0.9995972151	0.01806950612	3	Momelotinib	LSM-1141	JAK1|JAK2	0.5uM	MCF7	6h	LINCSCP_36987
LINCSCP_154056	-0.9995969107	0.01807633339	3	GSK962040	LSM-45854	MLNR	10uM	PC3	24h	LINCSCP_154056
LINCSCP_35841	-0.9995965246	0.01808498953	3	Withaferin A	LSM-6685	IKBKB|NAMPT	0.001uM	MCF7	6h	LINCSCP_35841
LINCSCP_36118	-0.9995965191	0.01808511165	3	Mitoxantrone	LSM-2481	TOP2A	0.01uM	MCF7	6h	LINCSCP_36118
LINCSCP_128122	-0.9995963323	0.01808929882	3	Dasatinib	LSM-1020	ABL1|BCR|BLK|EPHA2|FGR|FRK|FYN|HCK|KIT|LCK|LYN|PDGFRB|SRC|SRMS|YES1	0.12uM	HUES3	24h	LINCSCP_128122
LINCSCP_17212	-0.9995961877	0.01809253889	3	Tigecycline	LSM-36875	NA	3uM	HA1E	24h	LINCSCP_17212
LINCSCP_114435	-0.9995956815	0.0181038757	3	CGP 60474	LSM-1025	CDK1	3.33uM	HME1	24h	LINCSCP_114435
LINCSCP_106610	0.9995954413	0.01810925372	3	Tacedinaline	LSM-19036	HDAC1|HDAC10|HDAC11|HDAC2|HDAC3|HDAC4|HDAC5|HDAC6|HDAC7|HDAC8|HDAC9	3.33uM	HELA	24h	LINCSCP_106610
LINCSCP_106609	0.9995952761	0.01811295097	3	Tacedinaline	LSM-19036	HDAC1|HDAC10|HDAC11|HDAC2|HDAC3|HDAC4|HDAC5|HDAC6|HDAC7|HDAC8|HDAC9	10uM	HELA	24h	LINCSCP_106609
LINCSCP_2411	-0.9995951387	0.01811602456	3	MLS001172197	LSM-3527	NA	10uM	A375	6h	LINCSCP_2411
LINCSCP_148852	0.9995945757	0.01812861718	3	AGK 2	LSM-43196	SIRT2	0.12uM	NPC	24h	LINCSCP_148852
LINCSCP_40067	0.999594296	0.01813486904	3	MLS000063560	LSM-2612	NA	10uM	NCIH2073	6h	LINCSCP_40067
LINCSCP_9205	-0.9995942424	0.01813606809	3	3,7-Bis(dimethylamino)phenothiazin-5-ium	LSM-4555	ACHE	1uM	A549	24h	LINCSCP_9205
LINCSCP_116142	0.9995942375	0.01813617727	3	rifampicin	NA	NA	1.11uM	HS578T	3h	LINCSCP_116142
LINCSCP_86439	-0.9995936844	0.01814853411	3	Lapatinib	LSM-1051	EGFR|ERBB2	0.37uM	BT20	3h	LINCSCP_86439
LINCSCP_111341	0.9995934322	0.01815416763	3	Buparlisib	LSM-1148	PIK3CA|PIK3CB|PIK3CD|PIK3CG|PIK3R1|PIK3R2|PIK3R3|PIK3R5	0.12uM	HEPG2	24h	LINCSCP_111341
LINCSCP_99602	-0.9995908578	0.01821155763	3	CI-1040	LSM-1048	MAP2K1|MAP2K2	1.11uM	HCC515	24h	LINCSCP_99602
LINCSCP_25260	0.9995907241	0.01821453223	3	L 168049	LSM-2394	GCGR	10uM	HT29	24h	LINCSCP_25260
LINCSCP_113753	0.9995905462	0.01821848999	3	Bosutinib	LSM-1190	ABL1|BCR|CAMK2G|HCK|LYN|SRC	0.12uM	HME1	24h	LINCSCP_113753
LINCSCP_99346	-0.9995905248	0.0182189669	3	Gestrinone	LSM-45597	NA	0.12uM	HA1E	24h	LINCSCP_99346
LINCSCP_5269	-0.9995903269	0.01822336861	3	ML228	LSM-2978	HIF1A	10uM	A549	6h	LINCSCP_5269
LINCSCP_271134	0.9995899693	0.01823132255	3	RG7227, ITMN-191, RO5190591, 850876-88-9	LSM-43182	NA	10uM	PC3	24h	LINCSCP_271134
LINCSCP_90709	-0.9995899105	0.01823262823	3	Maprotiline	LSM-2043	SLC6A2	0.04uM	HA1E	24h	LINCSCP_90709
LINCSCP_14200	-0.9995897217	0.01823682665	3	Dobutamine	LSM-1807	ADRB1|ADRB2	10uM	HA1E	6h	LINCSCP_14200
LINCSCP_41128	-0.9995895039	0.01824166531	3	BRD-K85806228	LSM-13688	NA	10uM	NEU	24h	LINCSCP_41128
LINCSCP_121723	-0.9995894687	0.01824244843	3	Voriconazole	LSM-5244	CYP2C19|CYP2C9|CYP3A4|CYP3A5|PTGS1	1.11uM	HT29	24h	LINCSCP_121723
LINCSCP_137869	-0.9995893105	0.01824596186	3	Pentamidine	LSM-4540	NA	3.33uM	MCF7	24h	LINCSCP_137869
LINCSCP_104646	-0.9995890935	0.01825078239	3	Swainsonine	LSM-45602	NA	3.85uM	HELA	24h	LINCSCP_104646
LINCSCP_66102	-0.9995889037	0.01825499728	3	BRD-K30231186	LSM-38921	NA	1uM	VCAP	24h	LINCSCP_66102
LINCSCP_58560	-0.9995886462	0.01826071413	3	Belinostat	LSM-43181	HDAC1|HDAC10|HDAC11|HDAC2|HDAC3|HDAC4|HDAC5|HDAC6|HDAC7|HDAC8|HDAC9	10uM	VCAP	24h	LINCSCP_58560
LINCSCP_45723	-0.9995885687	0.01826243499	3	KUC104227	LSM-3377	NA	10uM	PC3	24h	LINCSCP_45723
LINCSCP_41342	-0.9995882054	0.01827049674	3	Rottlerin	LSM-42845	NA	10uM	NEU	24h	LINCSCP_41342
LINCSCP_151695	0.9995872137	0.01829248562	3	BRD-A25736793	LSM-43054	MTOR	0.12uM	PC3	24h	LINCSCP_151695
LINCSCP_152022	-0.9995871131	0.01829471362	3	Pracinostat	LSM-43290	NA	0.37uM	PC3	24h	LINCSCP_152022
LINCSCP_64461	-0.999586587	0.01830636548	3	BRD-K99395085	LSM-42650	NA	5uM	VCAP	6h	LINCSCP_64461
LINCSCP_188004	0.999586462	0.0183091333	3	PRIMA 1	LSM-6220	ACHE	40uM	A549	24h	LINCSCP_188004
LINCSCP_61983	0.9995861556	0.01831591556	3	BRD-K36026160	LSM-10598	NA	5uM	VCAP	24h	LINCSCP_61983
LINCSCP_145360	-0.9995859254	0.01832100979	3	Pictilisib	LSM-1047	PIK3CA|PIK3CB|PIK3CD|PIK3CG|PIK3R1|PIK3R2|PIK3R3|PIK3R5	1.11uM	MDAMB231	24h	LINCSCP_145360
LINCSCP_55580	-0.999585811	0.01832353995	3	AC1L1KV5	LSM-1395	TUBB	10uM	VCAP	24h	LINCSCP_55580
LINCSCP_35480	0.9995857915	0.01832397192	3	BRD-K01621458	LSM-45313	NA	0.1uM	MCF7	24h	LINCSCP_35480
LINCSCP_226673	-0.9995856076	0.01832803846	3	GW3965	LSM-2738	NR1H2|NR1H3	10uM	HT29	6h	LINCSCP_226673
LINCSCP_106117	-0.9995853966	0.01833270545	3	MG-132	LSM-1107	PSMB1	20uM	HELA	24h	LINCSCP_106117
LINCSCP_26092	-0.9995851513	0.01833812918	3	MLS002264461	LSM-2940	NA	10uM	HT29	6h	LINCSCP_26092
LINCSCP_20225	-0.9995850531	0.01834029894	3	Fluticasone	LSM-5328	NR3C1|PGR	10uM	HCC515	6h	LINCSCP_20225
LINCSCP_58558	0.9995849911	0.01834166863	3	(2R)-3-(4-Cyanophenoxy)-n-[4-cyano-3-(trifluoromethyl)phenyl]-2-hydroxy-2-methylpropanamide	LSM-5346	AR	10uM	VCAP	24h	LINCSCP_58558
LINCSCP_61613	-0.9995845274	0.01835191246	3	BRD-K50665432	LSM-11512	NA	5uM	VCAP	24h	LINCSCP_61613
LINCSCP_39809	-0.9995844806	0.01835294801	3	Fluspirilene	LSM-3748	DRD2|HTR2A	5uM	MDST8	6h	LINCSCP_39809
LINCSCP_37316	-0.9995838143	0.01836765609	3	SA-1459031	LSM-38951	NA	3uM	MCF7	6h	LINCSCP_37316
LINCSCP_60022	0.9995836039	0.01837229976	3	CHEMBL2139107	LSM-7275	NA	5uM	VCAP	24h	LINCSCP_60022
LINCSCP_63216	-0.9995832352	0.0183804316	3	BRD-K31618614-001-01-3	LSM-10345	NA	5uM	VCAP	24h	LINCSCP_63216
LINCSCP_40170	0.99958311	0.01838319346	3	Tyrphostin AG-112	LSM-43079	NA	10uM	NCIH508	6h	LINCSCP_40170
LINCSCP_213214	-0.9995829121	0.0183875566	3	Broad-Sai-443	LSM-45300	NA	0.12uM	HA1E	24h	LINCSCP_213214
LINCSCP_116521	-0.9995826733	0.01839281943	3	Sorafenib	LSM-1008	BRAF|DDR2|FGFR1|FLT1|FLT3|FLT4|KDR|KIT|PDGFRB|RAF1|RET	0.12uM	HT29	24h	LINCSCP_116521
LINCSCP_117532	0.9995823456	0.01840004013	3	AZ20	LSM-36357	NA	0.04uM	HT29	24h	LINCSCP_117532
LINCSCP_29191	-0.9995814521	0.01841971255	3	Oxetane	LSM-44627	NA	0.1uM	JURKAT	24h	LINCSCP_29191
LINCSCP_98498	0.9995809955	0.01842975734	3	MG-132	LSM-1107	PSMB1	20uM	HA1E	24h	LINCSCP_98498
LINCSCP_138003	-0.9995808722	0.01843247047	3	NORGESTREL	LSM-45699	NA	0.37uM	MCF7	24h	LINCSCP_138003
LINCSCP_23929	-0.9995805891	0.01843869424	3	BRD-K89097220	LSM-45319	NA	1.11uM	HEPG2	24h	LINCSCP_23929
LINCSCP_105500	-0.9995805624	0.01843928011	3	179324-69-7	LSM-6281	ADRM1|PSMA1|PSMA2|PSMA3|PSMA4|PSMA5|PSMA6|PSMA7|PSMA8|PSMB1|PSMB10|PSMB11|PSMB2|PSMB3|PSMB4|PSMB5|PSMB6|PSMB7|PSMB8|PSMB9|PSMC1|PSMC2|PSMC3|PSMC4|PSMC5|PSMC6|PSMD1|PSMD11|PSMD12|PSMD13|PSMD14|PSMD2|PSMD3|PSMD4|PSMD6|PSMD7|PSMD8|SEM1	20uM	HELA	24h	LINCSCP_105500
LINCSCP_112656	0.999580554	0.01843946603	3	HY-11007	LSM-1022	ABL1|BCR	0.04uM	HEPG2	24h	LINCSCP_112656
LINCSCP_88677	-0.9995800016	0.01845160565	3	Olaparib	LSM-1145	PARP1|PARP2|PARP3	3.33uM	HA1E	24h	LINCSCP_88677
LINCSCP_33112	-0.9995796952	0.01845833386	3	UNII-MET7ZRB8Y7	LSM-3754	NA	10uM	MCF7	24h	LINCSCP_33112
LINCSCP_61871	-0.9995796346	0.01845966534	3	BRD-K31385226	LSM-10328	NA	5uM	VCAP	6h	LINCSCP_61871
LINCSCP_81445	0.9995795832	0.01846079396	3	Pictilisib	LSM-1047	PIK3CA|PIK3CB|PIK3CD|PIK3CG|PIK3R1|PIK3R2|PIK3R3|PIK3R5	0.37uM	A549	24h	LINCSCP_81445
LINCSCP_22663	-0.999579293	0.01846716382	3	Methoprene acid	LSM-42820	RXRA	10uM	HEPG2	6h	LINCSCP_22663
LINCSCP_1886	0.9995790612	0.01847225074	3	Levofloxacin	LSM-5270	NA	10uM	A375	6h	LINCSCP_1886
LINCSCP_105639	-0.9995789153	0.01847545228	3	KW-2478	LSM-45404	NA	10uM	HELA	24h	LINCSCP_105639
LINCSCP_100164	-0.9995785869	0.01848265617	3	AZ628	LSM-1050	BRAF|RAF1	1.11uM	HCC515	24h	LINCSCP_100164
LINCSCP_175659	-0.9995784264	0.01848617696	3	Imatinib	LSM-1023	ABL1|BCR|CSF1R|KIT|PDGFRA|PDGFRB	3.33uM	YAPC	24h	LINCSCP_175659
LINCSCP_130376	-0.9995784102	0.01848653141	3	Imatinib	LSM-1023	ABL1|BCR|CSF1R|KIT|PDGFRA|PDGFRB	1.11uM	LNCAP	3h	LINCSCP_130376
LINCSCP_99104	-0.9995781769	0.01849164657	3	Dexamethasone Acetate	LSM-1915	NR3C1	3.33uM	HA1E	24h	LINCSCP_99104
LINCSCP_13489	-0.9995778348	0.01849914369	3	MST-312	LSM-6230	TERT	10uM	H1299	6h	LINCSCP_13489
LINCSCP_173747	-0.9995777665	0.01850064018	3	IOWH032	LSM-45258	NA	10uM	YAPC	24h	LINCSCP_173747
LINCSCP_104501	-0.9995775499	0.01850538443	3	179324-69-7	LSM-6281	ADRM1|PSMA1|PSMA2|PSMA3|PSMA4|PSMA5|PSMA6|PSMA7|PSMA8|PSMB1|PSMB10|PSMB11|PSMB2|PSMB3|PSMB4|PSMB5|PSMB6|PSMB7|PSMB8|PSMB9|PSMC1|PSMC2|PSMC3|PSMC4|PSMC5|PSMC6|PSMD1|PSMD11|PSMD12|PSMD13|PSMD14|PSMD2|PSMD3|PSMD4|PSMD6|PSMD7|PSMD8|SEM1	20uM	HELA	24h	LINCSCP_104501
LINCSCP_221461	0.9995774605	0.01850734398	3	SA-89068	LSM-42386	NA	10uM	HEPG2	6h	LINCSCP_221461
LINCSCP_152173	0.9995772332	0.01851232087	3	XMD 8-92	LSM-1094	MAPK7	1.11uM	PC3	24h	LINCSCP_152173
LINCSCP_58557	0.9995771569	0.01851399099	3	SPOX1_001033	LSM-4552	NA	10uM	VCAP	24h	LINCSCP_58557
LINCSCP_21147	-0.999576182	0.01853532372	3	BRD-A81936046	LSM-4484	NA	10uM	HCT116	6h	LINCSCP_21147
LINCSCP_284846	0.9995761071	0.01853696054	3	PK-11195	LSM-1532	TSPO	10uM	SKB	24h	LINCSCP_284846
LINCSCP_111631	-0.9995757192	0.01854544178	3	936890-98-1	LSM-42786	MTOR	10uM	HEPG2	24h	LINCSCP_111631
LINCSCP_58203	-0.9995753041	0.01855451197	3	Selegiline	LSM-5920	MAOA|MAOB	10uM	VCAP	24h	LINCSCP_58203
LINCSCP_114903	-0.9995748641	0.0185641208	3	TGX 221	LSM-1172	PIK3CB	1.11uM	HS578T	24h	LINCSCP_114903
LINCSCP_8380	0.9995745859	0.01857019544	3	BRD-K88866336	LSM-13890	NA	5uM	A549	24h	LINCSCP_8380
LINCSCP_81778	-0.9995739471	0.01858413279	3	CGP 60474	LSM-1025	CDK1	0.37uM	A549	24h	LINCSCP_81778
LINCSCP_117494	-0.9995738914	0.01858534716	3	Decitabine	LSM-5855	DNMT1|DNMT3A	0.37uM	HT29	24h	LINCSCP_117494
LINCSCP_56588	0.9995736183	0.01859130388	3	Duloxetine	LSM-3591	SLC6A2|SLC6A3|SLC6A4	10uM	VCAP	6h	LINCSCP_56588
LINCSCP_161732	-0.9995734045	0.01859596497	3	SPECTRUM_001579	LSM-6509	NA	10uM	PC3	24h	LINCSCP_161732
LINCSCP_11471	0.9995733079	0.01859807056	3	Dimethisoquin	LSM-3647	NA	10uM	ASC	24h	LINCSCP_11471
LINCSCP_6302	-0.9995730619	0.01860343012	3	NCGC00092314-01	LSM-4969	AKT1|AKT2|AKT3	10uM	A549	24h	LINCSCP_6302
LINCSCP_28319	0.9995729143	0.01860664691	3	BRD-K96539190	LSM-42511	NA	10uM	HT29	24h	LINCSCP_28319
LINCSCP_266350	0.9995728054	0.01860901719	3	Sildenafil	LSM-3797	PDE5A	10uM	PC3	24h	LINCSCP_266350
LINCSCP_54541	0.9995724891	0.01861590759	3	Isoliquiritigenin	LSM-43093	GABBR1	10uM	SW948	6h	LINCSCP_54541
LINCSCP_112660	0.9995721423	0.01862345625	3	CHEMBL3188661	LSM-5394	DDR1	0.37uM	HEPG2	24h	LINCSCP_112660
LINCSCP_63860	0.999571988	0.01862681355	3	BRD-K00951345	LSM-8494	NA	5uM	VCAP	24h	LINCSCP_63860
LINCSCP_159401	-0.9995711086	0.01864594098	3	MG-132	LSM-1107	PSMB1	20uM	PC3	24h	LINCSCP_159401
LINCSCP_130864	-0.9995710705	0.01864677046	3	WZ3105	LSM-5970	CLK2|CSNK1E|FLT3|ULK1	0.04uM	MCF10A	3h	LINCSCP_130864
LINCSCP_8102	-0.9995708436	0.01865170155	3	BRD-K14127078	LSM-37994	NA	5uM	A549	24h	LINCSCP_8102
LINCSCP_17263	0.9995701887	0.0186659274	3	L-Sulforaphane	LSM-4919	NFE2L2	10uM	HA1E	6h	LINCSCP_17263
LINCSCP_95241	-0.9995698968	0.0186722656	3	Dienogest	LSM-45823	NA	3.33uM	HA1E	24h	LINCSCP_95241
LINCSCP_112790	-0.9995697817	0.01867476469	3	BX-795	LSM-1189	PDK1|PDPK1	1.11uM	HEPG2	24h	LINCSCP_112790
LINCSCP_83595	0.9995696067	0.01867856217	3	UNC0638	LSM-6325	NA	0.37uM	ASC.C	24h	LINCSCP_83595
LINCSCP_7034	-0.999569563	0.0186795098	3	BMY-7378	LSM-2673	ADRA1A|ADRA1B|ADRA1D|HTR1A	10uM	A549	24h	LINCSCP_7034
LINCSCP_225226	-0.9995689647	0.01869248824	3	MLS000526305	LSM-4036	NA	10uM	HT29	6h	LINCSCP_225226
LINCSCP_69757	-0.9995689488	0.01869283417	3	Ipatasertib	LSM-6341	AKT1|AKT2|AKT3	3.33uM	A375	24h	LINCSCP_69757
LINCSCP_156528	0.9995682519	0.01870794058	3	CPI-613	LSM-45873	NA	10uM	PC3	24h	LINCSCP_156528
LINCSCP_25949	-0.9995678079	0.01871755772	3	MLS000094939	LSM-3353	NA	10uM	HT29	24h	LINCSCP_25949
LINCSCP_22517	0.9995670716	0.01873349548	3	Mocetinostat	LSM-5344	HDAC1|HDAC11|HDAC2|HDAC3|HDAC8	10uM	HEPG2	6h	LINCSCP_22517
LINCSCP_257894	0.9995666055	0.0187435792	3	BRD-K75128590-001-01-8	LSM-6152	NA	10uM	NEU	24h	LINCSCP_257894
LINCSCP_32746	0.9995658877	0.01875909411	3	Xanthohumol	LSM-43235	VCP	10uM	MCF7	6h	LINCSCP_32746
LINCSCP_74137	0.9995658566	0.01875976648	3	ZIDOVUDINE [AZT]	LSM-45628	NA	3.33uM	A375	24h	LINCSCP_74137
LINCSCP_56839	-0.9995658087	0.01876080084	3	Gemcitabine	LSM-5333	POLA1|POLD1|POLE|RRM1|RRM2|RRM2B	0.1uM	VCAP	24h	LINCSCP_56839
LINCSCP_34103	-0.9995655998	0.01876531382	3	CHEMBL2133980	LSM-42341	NA	10uM	MCF7	6h	LINCSCP_34103
LINCSCP_65124	0.9995653671	0.01877034011	3	BRD-K08663380	LSM-8951	NA	0.01uM	VCAP	6h	LINCSCP_65124
LINCSCP_99507	-0.9995649964	0.01877834477	3	Buparlisib	LSM-1148	PIK3CA|PIK3CB|PIK3CD|PIK3CG|PIK3R1|PIK3R2|PIK3R3|PIK3R5	0.37uM	HCC515	24h	LINCSCP_99507
LINCSCP_174277	-0.9995645996	0.01878690715	3	AMSACRINE	LSM-45972	NA	1.11uM	YAPC	24h	LINCSCP_174277
LINCSCP_165021	0.9995642289	0.01879490311	3	N-(3-Fluoro-4-((7-methoxyquinolin-4-yl)oxy)phenyl)-1-(2-hydroxy-2-methylpropyl)-5-methyl-3-oxo-2-phenyl-2,3-dihydro-1H-pyrazole-4-carboxamide	LSM-1113	NA	0.37uM	SKL.C	24h	LINCSCP_165021
LINCSCP_12849	0.9995639193	0.01880158049	3	PI-103	LSM-1126	MTOR|PIK3CA|PIK3CB|PIK3CD|PIK3CG	10uM	DV90	6h	LINCSCP_12849
LINCSCP_111856	-0.999563916	0.01880165094	3	AS-605240	LSM-42784	PIK3CG	0.37uM	HEPG2	24h	LINCSCP_111856
LINCSCP_23017	0.9995634011	0.01881274733	3	7Beta-forskolin	LSM-2040	ADCY2	10uM	HEPG2	6h	LINCSCP_23017
LINCSCP_30688	0.9995631821	0.01881746702	3	6-(7-Hydroxy-6,7-dihydro-5H-pyrrolo[1,2-c]imidazol-7-yl)-n-methyl-2-naphthamide	LSM-6184	CYP17A1	40uM	MCF7	6h	LINCSCP_30688
LINCSCP_226747	0.9995626413	0.01882911094	3	Albendazole	LSM-3782	NA	10uM	HT29	6h	LINCSCP_226747
LINCSCP_23669	-0.9995622512	0.01883750786	3	BRD-K52785744-001-01-7	LSM-6837	NA	10uM	HEPG2	6h	LINCSCP_23669
LINCSCP_30184	0.9995615474	0.01885264508	3	AC1NWALC	LSM-1913	ATP1A1	10uM	MCF7	6h	LINCSCP_30184
LINCSCP_66163	-0.9995612797	0.01885840179	3	BRD-K76915833	LSM-41472	NA	3uM	VCAP	24h	LINCSCP_66163
LINCSCP_54468	-0.9995611256	0.01886171272	3	Parbendazole	LSM-4893	TUBB	0.5uM	SW948	6h	LINCSCP_54468
LINCSCP_115067	0.9995608413	0.01886782108	3	AS601245	LSM-1034	MAPK10|MAPK8|MAPK9	0.12uM	HS578T	24h	LINCSCP_115067
LINCSCP_202024	-0.999560555	0.01887397157	3	SCHEMBL17497612	LSM-44599	NA	0.1uM	A549	24h	LINCSCP_202024
LINCSCP_204206	-0.9995605388	0.01887431855	3	SC68376	LSM-3919	MAPK14	10uM	ASC	24h	LINCSCP_204206
LINCSCP_37101	-0.9995596216	0.01889400743	3	CHEMBL2144294	LSM-38749	NA	10uM	MCF7	6h	LINCSCP_37101
LINCSCP_69672	-0.9995595964	0.01889454751	3	CHEMBL1673039	LSM-1093	LRRK2|MAPK7	1.11uM	A375	24h	LINCSCP_69672
LINCSCP_3156	-0.9995595119	0.01889636086	3	BRD-K66643665	LSM-14898	NA	5uM	A375	24h	LINCSCP_3156
LINCSCP_65248	-0.9995590662	0.01890591903	3	BRD-K25214457	LSM-38645	NA	10uM	VCAP	24h	LINCSCP_65248
LINCSCP_178061	0.9995589864	0.01890762807	3	CHEMBL1491377	LSM-3482	NA	10uM	A375	6h	LINCSCP_178061
LINCSCP_91629	0.9995589028	0.01890942058	3	Siramesine (hydrochloride)	LSM-45705	NA	0.04uM	HA1E	24h	LINCSCP_91629
LINCSCP_138473	0.9995586143	0.01891560347	3	Colchicine	LSM-5199	TUBA1A|TUBA1B|TUBA1C|TUBA3E|TUBA4A|TUBB|TUBB1|TUBB2A|TUBB2B|TUBB3|TUBB4A|TUBB4B|TUBB6|TUBB8	0.04uM	MCF7	24h	LINCSCP_138473
LINCSCP_56510	-0.999558475	0.01891858996	3	SPECTRUM1505012	LSM-1773	CYP19A1	10uM	VCAP	6h	LINCSCP_56510
LINCSCP_1043	0.9995576294	0.01893669799	3	RG 108	LSM-6283	DNMT1	80uM	A375	6h	LINCSCP_1043
LINCSCP_22490	-0.9995576033	0.0189372577	3	4-Hydroxy-retinoic acid	LSM-43161	NA	10uM	HEPG2	6h	LINCSCP_22490
LINCSCP_50524	0.9995575115	0.01893922258	3	4-Deoxyuridine	LSM-6181	CDA|DNMT1	10uM	PL21	6h	LINCSCP_50524
LINCSCP_109804	-0.9995569117	0.01895205385	3	179324-69-7	LSM-6281	ADRM1|PSMA1|PSMA2|PSMA3|PSMA4|PSMA5|PSMA6|PSMA7|PSMA8|PSMB1|PSMB10|PSMB11|PSMB2|PSMB3|PSMB4|PSMB5|PSMB6|PSMB7|PSMB8|PSMB9|PSMC1|PSMC2|PSMC3|PSMC4|PSMC5|PSMC6|PSMD1|PSMD11|PSMD12|PSMD13|PSMD14|PSMD2|PSMD3|PSMD4|PSMD6|PSMD7|PSMD8|SEM1	20uM	HELA	24h	LINCSCP_109804
LINCSCP_55971	0.9995568419	0.01895354752	3	Tracazolate	LSM-2745	GABRA1	10uM	VCAP	24h	LINCSCP_55971
LINCSCP_4925	0.9995567395	0.01895573741	3	CHEMBL567341	LSM-2534	NA	10uM	A549	24h	LINCSCP_4925
LINCSCP_26739	0.9995561608	0.01896810839	3	L 2167	LSM-6012	PPARD	10uM	HT29	6h	LINCSCP_26739
LINCSCP_84965	-0.9995556048	0.018979985	3	GSK 1059615	LSM-42799	PIK3CA|PIK3CB|PIK3CD|PIK3CG	0.04uM	ASC	24h	LINCSCP_84965
LINCSCP_131174	0.9995554192	0.01898394944	3	GSK 1059615	LSM-42799	PIK3CA|PIK3CB|PIK3CD|PIK3CG	0.12uM	MCF10A	24h	LINCSCP_131174
LINCSCP_137460	-0.9995549529	0.01899390297	3	Bicalutamide	LSM-1437	AR	10uM	MCF7	24h	LINCSCP_137460
LINCSCP_142891	-0.9995547739	0.01899772249	3	Procainamide	LSM-3681	SCN10A|SCN11A|SCN1A|SCN2A|SCN3A|SCN4A|SCN5A|SCN7A|SCN8A|SCN9A	1.11uM	MCF7	24h	LINCSCP_142891
LINCSCP_33954	0.9995538061	0.01901836085	3	ZINC01045466	LSM-4913	NA	10uM	MCF7	24h	LINCSCP_33954
LINCSCP_133046	0.9995536248	0.01902222501	3	C24H25CLFN5O3	LSM-42794	EGFR|ERBB2|ERBB4	0.37uM	MCF7	3h	LINCSCP_133046
LINCSCP_31117	-0.9995535956	0.0190228466	3	2-Phenyl-n-[4-(1,3-thiazol-2-ylsulfamoyl)phenyl]quinoline-4-carboxamide	LSM-1985	NA	10uM	MCF7	24h	LINCSCP_31117
LINCSCP_75315	0.9995535621	0.01902356127	3	AC1NWAQV	LSM-1503	NR3C1	10uM	A375	24h	LINCSCP_75315
LINCSCP_291129	-0.9995535034	0.01902481044	3	Marmesin	LSM-2799	NA	10uM	VCAP	24h	LINCSCP_291129
LINCSCP_148755	-0.9995533526	0.01902802476	3	SCHEMBL618594	LSM-1070	NA	1.11uM	NPC	24h	LINCSCP_148755
LINCSCP_63630	0.9995521557	0.01905350412	3	BRD-K75455321	LSM-13047	NA	5uM	VCAP	6h	LINCSCP_63630
LINCSCP_4758	0.9995517023	0.01906314822	3	SMR000068650	LSM-2859	NA	100uM	A549	6h	LINCSCP_4758
LINCSCP_35924	-0.9995512538	0.01907268208	3	Gemcitabine	LSM-5333	POLA1|POLD1|POLE|RRM1|RRM2|RRM2B	0.1uM	MCF7	24h	LINCSCP_35924
LINCSCP_70555	-0.9995510359	0.01907731223	3	CHEMBL1950303	LSM-1058	NA	3.33uM	A375	24h	LINCSCP_70555
LINCSCP_104425	0.9995506159	0.0190862346	3	BRD-K00248354	LSM-45928	NA	1.11uM	HELA	24h	LINCSCP_104425
LINCSCP_55608	-0.9995504484	0.01908979068	3	SPECTRUM_000715	LSM-1890	NA	10uM	VCAP	24h	LINCSCP_55608
LINCSCP_8293	-0.9995504434	0.01908989619	3	CHEMBL3183722	LSM-41396	NA	5uM	A549	24h	LINCSCP_8293
LINCSCP_87243	-0.9995503141	0.01909264151	3	amcinonide	NA	NA	0.37uM	CD34	24h	LINCSCP_87243
LINCSCP_173307	-0.9995502978	0.01909298734	3	BRD-A75471153	LSM-45382	NA	0.12uM	YAPC	24h	LINCSCP_173307
LINCSCP_65076	-0.9995494312	0.01911137744	3	pyrvinium-pamoate	NA	AR	1uM	VCAP	6h	LINCSCP_65076
LINCSCP_283127	-0.999549179	0.01911672525	3	Dalcetrapib	LSM-6227	CETP	80uM	RMGI	6h	LINCSCP_283127
LINCSCP_130063	-0.9995488919	0.01912281275	3	CHIR-99021	LSM-1181	NA	3.33uM	LNCAP	24h	LINCSCP_130063
LINCSCP_150058	-0.9995483645	0.01913398771	3	BIX01294	LSM-4571	EHMT2	10uM	NPC.TAK	24h	LINCSCP_150058
LINCSCP_29335	0.9995482577	0.01913625088	3	Etomoxir	LSM-6240	CPT1A	90uM	LOVO	6h	LINCSCP_29335
LINCSCP_27397	-0.9995482476	0.01913646381	3	BRD-K94616516	LSM-42409	NA	5uM	HT29	24h	LINCSCP_27397
LINCSCP_46440	-0.999547961	0.01914253381	3	T6129388	LSM-2451	NA	10uM	PC3	24h	LINCSCP_46440
LINCSCP_46130	-0.9995472859	0.01915682507	3	Honokiol	LSM-6013	NA	10uM	PC3	24h	LINCSCP_46130
LINCSCP_11681	-0.9995469782	0.0191633338	3	CHEMBL2132289	LSM-1044	RPS6KA3	0.1uM	BT20	24h	LINCSCP_11681
LINCSCP_281652	-0.9995468371	0.01916631906	3	Carbinoxamine	LSM-1435	HRH1	10uM	PHH	24h	LINCSCP_281652
LINCSCP_31362	-0.9995465121	0.01917319002	3	4-(4-Bromophenyl)-2-(methylsulfonyl)thiazole	LSM-2784	NA	10uM	MCF7	24h	LINCSCP_31362
LINCSCP_241906	-0.9995464995	0.0191734573	3	Mapp, D-Erythro	LSM-3703	NA	10uM	MCF7	6h	LINCSCP_241906
LINCSCP_96817	-0.9995458382	0.01918743288	3	Tetrahydrouridine	LSM-45757	NA	3.33uM	HA1E	24h	LINCSCP_96817
LINCSCP_13995	-0.9995454704	0.01919519992	3	KBIO2_001961	LSM-1727	GABBR1|GABBR2|SLC52A2	10uM	HA1E	24h	LINCSCP_13995
LINCSCP_132049	0.9995451717	0.01920150643	3	PF477736	LSM-1112	CHEK1	3.33uM	MCF7	24h	LINCSCP_132049
LINCSCP_5495	-0.999545048	0.01920411787	3	CHEMBL1271221	LSM-2596	NA	10uM	A549	6h	LINCSCP_5495
LINCSCP_9592	-0.9995447082	0.0192112896	3	O-Demethylated Adapalene	LSM-6237	RARG	0.01uM	A549	6h	LINCSCP_9592
LINCSCP_2331	0.9995446126	0.01921330553	3	Farnesol	LSM-43184	MAOB	10uM	A375	6h	LINCSCP_2331
LINCSCP_173125	-0.9995439463	0.01922735753	3	CTS-1027	LSM-45524	NA	1.11uM	YAPC	24h	LINCSCP_173125
LINCSCP_15141	-0.999543612	0.01923440409	3	Fluphenazine	LSM-3226	DRD1|DRD2	10uM	HA1E	6h	LINCSCP_15141
LINCSCP_35701	-0.9995432378	0.01924228981	3	Trichostatin	LSM-43005	HDAC1|HDAC10|HDAC3|HDAC4|HDAC6|HDAC7|HDAC8	0.01uM	MCF7	24h	LINCSCP_35701
LINCSCP_63778	-0.9995431429	0.01924428836	3	BRD-K13448237	LSM-9234	NA	5uM	VCAP	6h	LINCSCP_63778
LINCSCP_129418	0.9995426773	0.01925409335	3	Tivozanib	LSM-1005	FLT1|FLT4|KDR|KIT|PDGFRA|PDGFRB	3.33uM	JURKAT	24h	LINCSCP_129418
LINCSCP_148541	-0.9995426091	0.01925552758	3	Dacomitinib	LSM-42808	EGFR|ERBB2|ERBB3|ERBB4	0.37uM	NPC	24h	LINCSCP_148541
LINCSCP_259827	0.9995423472	0.01926104019	3	Nor2-Chlorpromazine	LSM-37195	NA	10uM	NEU	6h	LINCSCP_259827
LINCSCP_65080	0.999542109	0.01926605281	3	BRD-K07508147	LSM-37678	NA	10uM	VCAP	24h	LINCSCP_65080
LINCSCP_12307	0.999541728	0.01927406787	3	XMD15-27	LSM-45209	NA	10uM	BT20	6h	LINCSCP_12307
LINCSCP_100706	0.9995412285	0.01928456844	3	Ischemin	LSM-6336	NA	10uM	HCC515	24h	LINCSCP_100706
LINCSCP_224733	-0.9995411055	0.01928715527	3	CHEMBL566501	LSM-4112	NA	10uM	HT29	6h	LINCSCP_224733
LINCSCP_308391	-0.9995404443	0.01930104604	3	BRD-K17223851	LSM-9467	NA	5uM	VCAP	6h	LINCSCP_308391
LINCSCP_119673	-0.9995399474	0.01931147845	3	MG-132	LSM-1107	PSMB1	20uM	HT29	24h	LINCSCP_119673
LINCSCP_11757	-0.9995397099	0.01931646256	3	Tozasertib	LSM-1021	ABL1|AURKA|AURKB|AURKC|BCR|FLT3|JAK2	10uM	BT20	24h	LINCSCP_11757
LINCSCP_50747	0.9995396301	0.01931813654	3	LE-135	LSM-2127	RARB	20uM	RKO	6h	LINCSCP_50747
LINCSCP_42439	-0.999539193	0.01932730675	3	AC1MGPVN	LSM-4682	NA	10uM	NPC	24h	LINCSCP_42439
LINCSCP_6253	0.9995378908	0.01935459877	3	AC1MVW5E	LSM-4870	NA	10uM	A549	6h	LINCSCP_6253
LINCSCP_136335	-0.9995374932	0.01936292366	3	SB 242235	LSM-45559	NA	3.33uM	MCF7	24h	LINCSCP_136335
LINCSCP_284792	0.9995372621	0.01936775949	3	Purmorphamine	LSM-3649	SMO	10uM	SKB	24h	LINCSCP_284792
LINCSCP_15778	-0.9995366774	0.01937999319	3	AC1M43RN	LSM-3363	NA	10uM	HA1E	24h	LINCSCP_15778
LINCSCP_45675	-0.9995366067	0.01938147193	3	KUC104254	LSM-2369	NA	10uM	PC3	24h	LINCSCP_45675
LINCSCP_257565	-0.9995365775	0.01938208218	3	Erismodegib	LSM-4938	SMO	10uM	NCIH596	6h	LINCSCP_257565
LINCSCP_11414	0.9995356891	0.01940065315	3	Papp	LSM-2302	HTR1A|HTR1D	10uM	ASC	24h	LINCSCP_11414
LINCSCP_111689	0.9995343578	0.01942844974	3	C24H25CLFN5O3	LSM-42794	EGFR|ERBB2|ERBB4	0.12uM	HEPG2	24h	LINCSCP_111689
LINCSCP_146312	0.9995338187	0.01943969286	3	BS-181	LSM-6305	NA	3.33uM	MNEU.E	24h	LINCSCP_146312
LINCSCP_66557	0.9995332468	0.01945161606	3	13-Hydroxy-8,14,19-trimethoxy-4,10,12,16-tetramethyl-3,20,22-trioxo-2-azabicyclo[16.3.1]docosa-1(21),4,6,10,18-pentaen-9-yl carbamate	LSM-42815	HSP90AA1	10uM	A549	6h	LINCSCP_66557
LINCSCP_256705	-0.9995327049	0.01946290349	3	NSC95397	LSM-3521	NA	10uM	NCIH1694	6h	LINCSCP_256705
LINCSCP_5842	-0.9995321497	0.01947446424	3	Dexbrompheniramine	LSM-5386	HRH1	10uM	A549	6h	LINCSCP_5842
LINCSCP_88403	-0.9995318103	0.01948152597	3	Dasatinib	LSM-1020	ABL1|BCR|BLK|EPHA2|FGR|FRK|FYN|HCK|KIT|LCK|LYN|PDGFRB|SRC|SRMS|YES1	1.11uM	HA1E	24h	LINCSCP_88403
LINCSCP_16134	-0.999531725	0.0194833027	3	AC1NAL7D	LSM-2802	NA	10uM	HA1E	6h	LINCSCP_16134
LINCSCP_57450	-0.9995316768	0.01948430473	3	MLS001065825	LSM-3478	NA	10uM	VCAP	6h	LINCSCP_57450
LINCSCP_172140	-0.99953141	0.01948985377	3	Meclizine	LSM-1607	HRH1|NR1I3	3.33uM	YAPC	24h	LINCSCP_172140
LINCSCP_5129	-0.9995313711	0.01949066321	3	MLS001065872	LSM-3213	NA	10uM	A549	6h	LINCSCP_5129
LINCSCP_57661	0.9995313185	0.0194917575	3	VU0405172-2	LSM-2937	NA	10uM	VCAP	6h	LINCSCP_57661
LINCSCP_112007	0.9995308113	0.01950230102	3	PF-04217903	LSM-1166	MET	10uM	HEPG2	24h	LINCSCP_112007
LINCSCP_22456	0.9995306674	0.01950529251	3	MLS-0315868.0001	LSM-4861	NA	10uM	HEPG2	6h	LINCSCP_22456
LINCSCP_78146	0.9995305905	0.01950689069	3	Rivaroxaban	LSM-45951	NA	0.12uM	A375	24h	LINCSCP_78146
LINCSCP_104937	0.9995304992	0.01950878731	3	Cabazitaxel	LSM-46002	NA	0.04uM	HELA	24h	LINCSCP_104937
LINCSCP_91172	-0.9995304827	0.01950912968	3	179324-69-7	LSM-6281	ADRM1|PSMA1|PSMA2|PSMA3|PSMA4|PSMA5|PSMA6|PSMA7|PSMA8|PSMB1|PSMB10|PSMB11|PSMB2|PSMB3|PSMB4|PSMB5|PSMB6|PSMB7|PSMB8|PSMB9|PSMC1|PSMC2|PSMC3|PSMC4|PSMC5|PSMC6|PSMD1|PSMD11|PSMD12|PSMD13|PSMD14|PSMD2|PSMD3|PSMD4|PSMD6|PSMD7|PSMD8|SEM1	20uM	HA1E	24h	LINCSCP_91172
LINCSCP_165505	-0.9995302861	0.01951321397	3	HG-14-10-04	LSM-6345	NA	0.37uM	SKL	24h	LINCSCP_165505
LINCSCP_253715	0.9995302618	0.01951372018	3	CHEMBL2362834	LSM-6832	NA	0.5uM	MCF7	6h	LINCSCP_253715
LINCSCP_75609	-0.9995289888	0.0195401445	3	Dexniguldipine	LSM-15285	NA	3.33uM	A375	24h	LINCSCP_75609
LINCSCP_28087	-0.9995287445	0.01954521267	3	BRD-K52183630	LSM-40152	NA	5uM	HT29	24h	LINCSCP_28087
LINCSCP_153085	-0.999527829	0.01956419047	3	BRD-K00544996	LSM-45922	PPARA|PPARG	10uM	PC3	24h	LINCSCP_153085
LINCSCP_75555	-0.9995275929	0.01956908035	3	Cholic acid	LSM-5541	CES1|FECH|PLA2G1B	3.33uM	A375	24h	LINCSCP_75555
LINCSCP_52227	-0.9995275087	0.01957082538	3	BRD-K23657553	LSM-38562	NA	10uM	SKB	24h	LINCSCP_52227
LINCSCP_263786	-0.9995271885	0.01957745616	3	SPECTRUM5_002023	LSM-5041	NA	10uM	NPC	24h	LINCSCP_263786
LINCSCP_103683	-0.9995269189	0.01958303744	3	GSK-1070916	LSM-1062	AURKB|AURKC	0.12uM	HELA	24h	LINCSCP_103683
LINCSCP_30964	-0.9995263848	0.01959408931	3	MLS-0311344.0001	LSM-2815	NA	10uM	MCF7	24h	LINCSCP_30964
LINCSCP_15117	-0.9995263428	0.01959495749	3	SPECTRUM_000011	LSM-1767	NA	10uM	HA1E	6h	LINCSCP_15117
LINCSCP_64369	-0.9995263222	0.01959538357	3	BRD-K16811158	LSM-38156	NA	5uM	VCAP	6h	LINCSCP_64369
LINCSCP_254622	-0.999525349	0.01961550494	3	CHEMBL2152359	LSM-44603	NA	10uM	MCF7	24h	LINCSCP_254622
LINCSCP_261417	-0.9995248697	0.01962540704	3	MLS001116217	LSM-6174	NA	10uM	NPC	24h	LINCSCP_261417
LINCSCP_190349	0.9995245627	0.01963174726	3	Flumazenil	LSM-4228	GABRA1|GABRA2|GABRA3|GABRA4|GABRA5|GABRA6|GABRB1|GABRB2|GABRB3|GABRD|GABRE|GABRG1|GABRG2|GABRG3|GABRP|GABRQ	10uM	A549	6h	LINCSCP_190349
LINCSCP_78806	-0.9995242201	0.01963881978	3	Masitinib	LSM-1130	FGFR3|KIT|LYN|PDGFRA|PDGFRB	0.04uM	A375	24h	LINCSCP_78806
LINCSCP_28153	0.9995237081	0.01964938477	3	BRD-K54335715	LSM-40248	NA	5uM	HT29	24h	LINCSCP_28153
LINCSCP_64639	-0.999523017	0.01966363697	3	BRD-K27709404	LSM-7198	NA	10uM	VCAP	24h	LINCSCP_64639
LINCSCP_4112	0.9995229294	0.01966544216	3	Tozasertib	LSM-1021	ABL1|AURKA|AURKB|AURKC|BCR|FLT3|JAK2	5uM	A375	6h	LINCSCP_4112
LINCSCP_111642	-0.9995227914	0.01966828679	3	Palbociclib	LSM-1071	CCND1|CDK4|CDK6	0.04uM	HEPG2	24h	LINCSCP_111642
LINCSCP_86388	0.999521558	0.01969368918	3	CHEMBL585951	LSM-36386	MAPK8	10uM	BT20	3h	LINCSCP_86388
LINCSCP_11665	-0.9995212737	0.01969954018	3	Saracatinib	LSM-1032	ABL1|SRC	1uM	BT20	24h	LINCSCP_11665
LINCSCP_142594	-0.99952052	0.01971504277	3	Sertraline HCl	LSM-45979	NA	0.04uM	MCF7	24h	LINCSCP_142594
LINCSCP_36544	0.9995201698	0.01972224146	3	Enzastaurin	LSM-1069	PRKCB	1uM	MCF7	24h	LINCSCP_36544
LINCSCP_156233	-0.9995197268	0.01973134486	3	Dofequidar (fumarate)	LSM-45877	NA	0.12uM	PC3	24h	LINCSCP_156233
LINCSCP_146495	-0.9995190527	0.0197451878	3	PCI-32765	LSM-1129	BTK	0.04uM	NEU	24h	LINCSCP_146495
LINCSCP_36247	-0.999518954	0.01974721395	3	KU0060648	LSM-4935	PIK3CA|PIK3CB|PIK3CD|PRKDC	0.01uM	MCF7	24h	LINCSCP_36247
LINCSCP_74400	0.999518314	0.01976034667	3	Vardenafil	LSM-2292	PDE5A	1.11uM	A375	24h	LINCSCP_74400
LINCSCP_162076	0.9995180828	0.01976508811	3	Oglemilast	LSM-45656	NA	1.11uM	PC3	24h	LINCSCP_162076
LINCSCP_44306	-0.9995179854	0.01976708647	3	CP94253	LSM-2739	HTR1B	10uM	PC3	6h	LINCSCP_44306
LINCSCP_14562	0.9995178823	0.01976919966	3	Carbacyclin	LSM-42923	PPARD|PTGIR	10uM	HA1E	6h	LINCSCP_14562
LINCSCP_77111	0.9995168581	0.01979019008	3	AC1NWAPU	LSM-1690	NR3C1	0.12uM	A375	24h	LINCSCP_77111
LINCSCP_48768	-0.9995153604	0.0198208426	3	BRD-K38181288	LSM-36539	NA	10uM	PC3	24h	LINCSCP_48768
LINCSCP_35856	-0.9995146008	0.01983637093	3	13-Hydroxy-8,14,19-trimethoxy-4,10,12,16-tetramethyl-3,20,22-trioxo-2-azabicyclo[16.3.1]docosa-1(21),4,6,10,18-pentaen-9-yl carbamate	LSM-42815	HSP90AA1	0.5uM	MCF7	24h	LINCSCP_35856
LINCSCP_281865	0.9995145609	0.01983718689	3	Erythromycin	LSM-3416	MLNR	10uM	PHH	24h	LINCSCP_281865
LINCSCP_214330	-0.9995132851	0.01986323798	3	Fluprostenol	LSM-42934	NA	10uM	HCC515	24h	LINCSCP_214330
LINCSCP_33550	-0.9995131538	0.01986591801	3	SPECTRUM_001048	LSM-1367	ESR1|ESR2|NR1I2	10uM	MCF7	24h	LINCSCP_33550
LINCSCP_62199	-0.9995130247	0.01986855244	3	BRD-K14654869	LSM-9317	NA	5uM	VCAP	6h	LINCSCP_62199
LINCSCP_30128	0.999512926	0.01987056528	3	SCHEMBL16226068	LSM-43297	HSP90AA1	10uM	MCF7	6h	LINCSCP_30128
LINCSCP_148382	0.999512431	0.01988066058	3	ZINC77024257	LSM-1171	MDM2	0.12uM	NPC.CAS9	24h	LINCSCP_148382
LINCSCP_63188	0.999512175	0.01988588051	3	BRD-K80999199	LSM-13386	NA	5uM	VCAP	6h	LINCSCP_63188
LINCSCP_2679	-0.9995121269	0.01988685994	3	N-Methyltropan-3-yl 2-(4-bromophenyl)propionate	LSM-1747	NA	10uM	A375	6h	LINCSCP_2679
LINCSCP_43239	-0.99951202	0.01988903841	3	Oxidopamine	LSM-37081	NA	10uM	NPC	24h	LINCSCP_43239
LINCSCP_7868	-0.9995120086	0.0198892721	3	CHEMBL2002074	LSM-6629	NA	10uM	A549	24h	LINCSCP_7868
LINCSCP_111343	-0.9995115844	0.01989791378	3	Foretinib	LSM-1158	FLT1|FLT3|FLT4|KDR|KIT|MET|PDGFRA|PDGFRB|TEK	10uM	HEPG2	24h	LINCSCP_111343
LINCSCP_14620	-0.9995114358	0.0199009419	3	Praziquantel	LSM-1387	NA	10uM	HA1E	24h	LINCSCP_14620
LINCSCP_10177	0.9995113972	0.01990172815	3	ChEBI91594	LSM-1400	NR1I2|TUBB	0.01uM	A549	6h	LINCSCP_10177
LINCSCP_48874	-0.9995109853	0.01991011526	3	BRD-K30342454	LSM-44731	NA	10uM	PC3	6h	LINCSCP_48874
LINCSCP_310248	0.9995108513	0.01991284268	3	Trifluoperazine	LSM-4010	DRD2|DRD3|DRD4|HTR2A|HTR2C	5uM	VCAP	48h	LINCSCP_310248
LINCSCP_174848	-0.9995108025	0.01991383654	3	Dolastatin 10	LSM-45943	NA	0.37uM	YAPC	24h	LINCSCP_174848
LINCSCP_120782	0.9995107589	0.01991472493	3	L 655240	LSM-4003	NA	0.37uM	HT29	24h	LINCSCP_120782
LINCSCP_1934	0.9995107055	0.01991581196	3	Cerivastatin	LSM-43237	HMGCR	10uM	A375	6h	LINCSCP_1934
LINCSCP_161331	-0.9995106644	0.01991664838	3	Sirolimus	LSM-42783	FKBP1A|MTOR	3.33uM	PC3	24h	LINCSCP_161331
LINCSCP_84011	-0.9995099903	0.01993036166	3	TIE2 Kinase Inhibitor	LSM-1194	NA	3.33uM	ASC.C	24h	LINCSCP_84011
LINCSCP_57378	-0.9995098144	0.01993393909	3	MLS002699913	LSM-2152	NA	10uM	VCAP	6h	LINCSCP_57378
LINCSCP_57870	0.9995094566	0.01994121349	3	KUC104493	LSM-2344	NA	10uM	VCAP	6h	LINCSCP_57870
LINCSCP_117278	-0.9995092015	0.01994639929	3	Olaparib	LSM-1145	PARP1|PARP2|PARP3	0.37uM	HT29	24h	LINCSCP_117278
LINCSCP_112645	0.999509056	0.01994935633	3	SCHEMBL16980224	LSM-1092	AURKA	10uM	HEPG2	24h	LINCSCP_112645
LINCSCP_197565	0.999508908	0.01995236202	3	BRD-K56763965	LSM-11860	NA	5uM	A549	24h	LINCSCP_197565
LINCSCP_108449	-0.9995086005	0.01995860822	3	179324-69-7	LSM-6281	ADRM1|PSMA1|PSMA2|PSMA3|PSMA4|PSMA5|PSMA6|PSMA7|PSMA8|PSMB1|PSMB10|PSMB11|PSMB2|PSMB3|PSMB4|PSMB5|PSMB6|PSMB7|PSMB8|PSMB9|PSMC1|PSMC2|PSMC3|PSMC4|PSMC5|PSMC6|PSMD1|PSMD11|PSMD12|PSMD13|PSMD14|PSMD2|PSMD3|PSMD4|PSMD6|PSMD7|PSMD8|SEM1	20uM	HELA	24h	LINCSCP_108449
LINCSCP_113499	-0.999508126	0.01996824248	3	PI-103	LSM-1126	MTOR|PIK3CA|PIK3CB|PIK3CD|PIK3CG	10uM	HME1	3h	LINCSCP_113499
LINCSCP_279427	-0.9995079177	0.01997247112	3	BRD-K16479870	LSM-15113	NA	10uM	PC3	6h	LINCSCP_279427
LINCSCP_45960	-0.99950781	0.01997465751	3	MLS002474519	LSM-3917	TOP2A	10uM	PC3	24h	LINCSCP_45960
LINCSCP_129072	-0.9995066277	0.01999863584	3	CHEMBL3188661	LSM-5394	DDR1	10uM	HUVEC	24h	LINCSCP_129072
LINCSCP_149006	0.9995065443	0.02000032647	3	Belinostat	LSM-43181	HDAC1|HDAC10|HDAC11|HDAC2|HDAC3|HDAC4|HDAC5|HDAC6|HDAC7|HDAC8|HDAC9	0.37uM	NPC	24h	LINCSCP_149006
LINCSCP_77435	0.9995061519	0.02000827598	3	Zolpidem	LSM-5560	GABRA1|GABRA2|GABRA3|GABRB1|GABRG2	10uM	A375	24h	LINCSCP_77435
LINCSCP_137872	-0.9995056014	0.02001942739	3	Pentamidine	LSM-4540	NA	0.12uM	MCF7	24h	LINCSCP_137872
LINCSCP_171692	-0.9995054577	0.02002233569	3	TAK-242	LSM-45934	NA	10uM	YAPC	24h	LINCSCP_171692
LINCSCP_59786	-0.9995049868	0.02003186764	3	BRD-K67271639	LSM-40937	NA	5uM	VCAP	6h	LINCSCP_59786
LINCSCP_83196	0.9995048311	0.02003501816	3	HG-9-91-01	LSM-6343	NA	1.11uM	ASC.C	24h	LINCSCP_83196
LINCSCP_109750	-0.999504615	0.02003938869	3	Pindolol	LSM-1953	ADRB1|ADRB2|HTR1A	3.33uM	HELA	24h	LINCSCP_109750
LINCSCP_88374	-0.9995034992	0.02006194619	3	PF-04217903	LSM-1166	MET	0.37uM	HA1E	24h	LINCSCP_88374
LINCSCP_130559	0.9995034704	0.02006252805	3	SCHEMBL570779	LSM-1149	NA	10uM	MCF10A	24h	LINCSCP_130559
LINCSCP_206242	0.9995034681	0.0200625746	3	PNU-74654	LSM-44945	CTNNB1|TCF4	80uM	COV644	6h	LINCSCP_206242
LINCSCP_75250	-0.9995033324	0.02006531564	3	Cobimetinib	LSM-45714	MAP2K1|MAP2K2	3.33uM	A375	24h	LINCSCP_75250
LINCSCP_146114	-0.9995032943	0.02006608641	3	Tyrphostin AG-1478	LSM-1224	EGFR	0.04uM	MNEU.E	24h	LINCSCP_146114
LINCSCP_3221	0.9995030814	0.02007038667	3	BRD-K27452198	LSM-10085	NA	5uM	A375	24h	LINCSCP_3221
LINCSCP_56744	0.9995028285	0.02007549248	3	Cercosporin	LSM-1808	NA	10uM	VCAP	6h	LINCSCP_56744
LINCSCP_74555	0.999502633	0.02007944004	3	SPECTRUM_001092	LSM-1337	NR3C1	0.04uM	A375	24h	LINCSCP_74555
LINCSCP_97972	-0.9995016662	0.02009894762	3	179324-69-7	LSM-6281	ADRM1|PSMA1|PSMA2|PSMA3|PSMA4|PSMA5|PSMA6|PSMA7|PSMA8|PSMB1|PSMB10|PSMB11|PSMB2|PSMB3|PSMB4|PSMB5|PSMB6|PSMB7|PSMB8|PSMB9|PSMC1|PSMC2|PSMC3|PSMC4|PSMC5|PSMC6|PSMD1|PSMD11|PSMD12|PSMD13|PSMD14|PSMD2|PSMD3|PSMD4|PSMD6|PSMD7|PSMD8|SEM1	20uM	HA1E	24h	LINCSCP_97972
LINCSCP_171693	-0.9995001349	0.02012980736	3	TAK-242	LSM-45934	NA	3.33uM	YAPC	24h	LINCSCP_171693
LINCSCP_60528	0.9994999489	0.02013355177	3	MLS003129710	LSM-7185	NA	5uM	VCAP	24h	LINCSCP_60528
LINCSCP_92421	0.9994994714	0.02014316426	3	BRD-A69421747	LSM-45546	NA	10uM	HA1E	24h	LINCSCP_92421
LINCSCP_14654	-0.9994986414	0.02015985855	3	SPECTRUM2_001084	LSM-1740	ATP1A1	10uM	HA1E	24h	LINCSCP_14654
LINCSCP_19605	-0.999498185	0.02016903468	3	Cytosporone B	LSM-6280	NR4A1	10uM	HCC515	6h	LINCSCP_19605
LINCSCP_86005	-0.9994977132	0.02017851316	3	Linifanib	LSM-1183	CSF1R|FLT1|FLT3|FLT4|KDR|PDGFRA|PDGFRB	3.33uM	BT20	24h	LINCSCP_86005
LINCSCP_112420	-0.9994975438	0.02018191744	3	Entinostat	LSM-4811	HDAC1|HDAC10|HDAC11|HDAC2|HDAC3|HDAC4|HDAC5|HDAC6|HDAC7|HDAC8|HDAC9	3.33uM	HEPG2	24h	LINCSCP_112420
LINCSCP_124166	-0.9994974494	0.02018381261	3	benproperine	LSM-45733	NA	0.37uM	HT29	24h	LINCSCP_124166
LINCSCP_95262	-0.9994970426	0.02019198139	3	SB705498	LSM-45502	TRPV1	0.12uM	HA1E	24h	LINCSCP_95262
LINCSCP_235021	-0.99949666	0.02019965984	3	THZ-2-98-01	LSM-45329	NA	0.5uM	MCF10A	6h	LINCSCP_235021
LINCSCP_50933	0.9994962459	0.02020796802	3	BMS-754807	LSM-6218	IGF1R|INSR	10uM	RMGI	6h	LINCSCP_50933
LINCSCP_43693	0.9994962425	0.02020803709	3	Verapamil	LSM-1298	CACNA1C|CACNA1D|CACNA1F|CACNA1G|CACNA1S	10uM	OV7	6h	LINCSCP_43693
LINCSCP_163110	-0.999496106	0.02021077469	3	Momelotinib	LSM-1141	JAK1|JAK2	3.33uM	SKBR3	24h	LINCSCP_163110
LINCSCP_182221	-0.9994960466	0.02021196579	3	MLS003650076	LSM-12381	NA	5uM	A375	24h	LINCSCP_182221
LINCSCP_85293	0.9994957002	0.02021891196	3	Seliciclib	LSM-1001	CDK1|CDK2|CDK5|CDK7|CDK9	0.37uM	BT20	24h	LINCSCP_85293
LINCSCP_59630	-0.9994954561	0.02022380433	3	BRD-K10709111	LSM-37823	NA	5uM	VCAP	24h	LINCSCP_59630
LINCSCP_19764	0.9994952815	0.02022730347	3	CHEMBL607856	LSM-3321	NA	10uM	HCC515	6h	LINCSCP_19764
LINCSCP_247770	-0.9994948177	0.02023659658	3	BRD-K12511144	LSM-9175	NA	5uM	MCF7	24h	LINCSCP_247770
LINCSCP_297066	-0.9994933597	0.02026577956	3	BRD-K10232869	LSM-37804	NA	5uM	VCAP	6h	LINCSCP_297066
LINCSCP_147865	0.9994921558	0.02028984523	3	UNC 669	LSM-6337	NA	10uM	NPC.CAS9	24h	LINCSCP_147865
LINCSCP_114687	-0.9994912008	0.02030891586	3	PD-0325901	LSM-1101	MAP2K1|MAP2K2	1.11uM	HME1	24h	LINCSCP_114687
LINCSCP_145862	-0.9994907857	0.02031719974	3	TAE-684	LSM-1024	ALK	3.33uM	MDAMB231	3h	LINCSCP_145862
LINCSCP_138252	0.9994906334	0.02032023701	3	AZ628	LSM-1050	BRAF|RAF1	10uM	MCF7	24h	LINCSCP_138252
LINCSCP_164505	-0.9994897821	0.02033721301	3	OTSSP167	LSM-6340	NA	10uM	SKL.C	24h	LINCSCP_164505
LINCSCP_37501	0.9994892013	0.02034878575	3	BRD-K95208083	LSM-14263	NA	1uM	MCF7	24h	LINCSCP_37501
LINCSCP_116458	-0.9994889518	0.02035375433	3	WH-4-025	LSM-44937	NA	3.33uM	HT29	24h	LINCSCP_116458
LINCSCP_2781	0.9994887544	0.02035768613	3	Syrosingopine	LSM-2297	NA	10uM	A375	6h	LINCSCP_2781
LINCSCP_122899	-0.999488589	0.02036097862	3	AC1NWAOX	LSM-1520	NA	0.37uM	HT29	24h	LINCSCP_122899
LINCSCP_28793	-0.9994885177	0.02036239838	3	CHEMBL2362834	LSM-6832	NA	10uM	HUH7	24h	LINCSCP_28793
LINCSCP_10818	-0.9994883945	0.0203648511	3	2002-H20	LSM-4781	NA	10uM	ASC	24h	LINCSCP_10818
LINCSCP_97452	-0.9994881394	0.02036992822	3	Duloxetine	LSM-3591	SLC6A2|SLC6A3|SLC6A4	3.33uM	HA1E	24h	LINCSCP_97452
LINCSCP_240318	0.9994879539	0.02037362019	3	Aurora A Inhibitor I	LSM-1065	AURKA	10uM	MCF7	24h	LINCSCP_240318
LINCSCP_66661	0.999487843	0.02037582641	3	Troglitazone	LSM-4890	PPARG	10uM	A549	24h	LINCSCP_66661
LINCSCP_109679	-0.9994869533	0.02039351736	3	Crizotinib	LSM-1027	ALK|MET	1.11uM	HELA	24h	LINCSCP_109679
LINCSCP_61108	0.999486378	0.02040494895	3	BRD-K10081616	LSM-9045	NA	5uM	VCAP	6h	LINCSCP_61108
LINCSCP_58371	0.9994855178	0.02042203088	3	MLS001178727	LSM-4623	NA	10uM	VCAP	24h	LINCSCP_58371
LINCSCP_56407	0.9994843644	0.02044491096	3	Benzthiazide	LSM-2474	CA2|SLC12A3	10uM	VCAP	24h	LINCSCP_56407
LINCSCP_239431	-0.9994829437	0.0204730593	3	T6235235	LSM-2576	NA	10uM	MCF7	24h	LINCSCP_239431
LINCSCP_7801	-0.9994827953	0.02047599821	3	BRD-K25719068	LSM-6095	NA	10uM	A549	24h	LINCSCP_7801
LINCSCP_132003	-0.9994815825	0.02049999285	3	NVP-AUY922	LSM-1162	NA	0.37uM	MCF7	24h	LINCSCP_132003
LINCSCP_133430	-0.9994807907	0.02051564366	3	Sunitinib	LSM-42800	CSF1R|FLT1|FLT3|FLT4|KDR|KIT|PDGFRA|PDGFRB|RET	10uM	MCF7	24h	LINCSCP_133430
LINCSCP_9876	-0.9994804377	0.02052261729	3	DR 2313	LSM-4130	NA	0.1uM	A549	6h	LINCSCP_9876
LINCSCP_64662	0.9994800746	0.02052978833	3	BRD-K46599299	LSM-39856	NA	10uM	VCAP	24h	LINCSCP_64662
LINCSCP_71319	-0.9994799172	0.02053289517	3	MG-132	LSM-1107	PSMB1	20uM	A375	24h	LINCSCP_71319
LINCSCP_163194	0.9994797454	0.02053628626	3	AZD-1152-HQPA	LSM-1067	AURKA|AURKB	3.33uM	SKBR3	3h	LINCSCP_163194
LINCSCP_11451	-0.9994793833	0.02054343263	3	Cyclopamine	LSM-3304	SMO	10uM	ASC	24h	LINCSCP_11451
LINCSCP_161352	0.9994792908	0.02054525816	3	Honokiol	LSM-6013	NA	0.12uM	PC3	24h	LINCSCP_161352
LINCSCP_179863	-0.9994791633	0.0205477737	3	Meadacid	LSM-43045	NA	10uM	A375	6h	LINCSCP_179863
LINCSCP_35502	0.9994790634	0.02054974336	3	Broad-Sai-595	LSM-45345	NA	0.1uM	MCF7	24h	LINCSCP_35502
LINCSCP_90756	0.9994790034	0.02055092811	3	Balicatib	LSM-45647	NA	0.12uM	HA1E	24h	LINCSCP_90756
LINCSCP_62800	0.999478678	0.02055734454	3	BRD-K63968737	LSM-12334	NA	5uM	VCAP	24h	LINCSCP_62800
LINCSCP_134088	0.9994782866	0.02056506018	3	Chelerythrine	LSM-1187	NA	0.37uM	MCF7	24h	LINCSCP_134088
LINCSCP_22484	-0.9994776192	0.02057821109	3	CID 74180475	LSM-36624	NA	10uM	HEPG2	6h	LINCSCP_22484
LINCSCP_14020	-0.9994773679	0.02058316088	3	Phenylbutazone	LSM-2219	PTGS1|PTGS2	10uM	HA1E	24h	LINCSCP_14020
LINCSCP_48384	-0.9994771556	0.02058734107	3	BRD-K00518397	LSM-37311	NA	5uM	PC3	24h	LINCSCP_48384
LINCSCP_4598	-0.9994770167	0.02059007611	3	IMD-0354	LSM-3667	IKBKB	10uM	A549	24h	LINCSCP_4598
LINCSCP_171611	0.9994763826	0.020602556	3	N-(4-METHOXYPHENYL)-1-PHENYL-1H-PYRAZOL-3-AMINE	LSM-45685	NA	0.37uM	YAPC	24h	LINCSCP_171611
LINCSCP_88637	0.9994762405	0.02060535125	3	GSK-461364	LSM-1013	PLK1	1.11uM	HA1E	24h	LINCSCP_88637
LINCSCP_114239	-0.9994762173	0.02060580735	3	RG 108	LSM-6283	DNMT1	10uM	HME1	24h	LINCSCP_114239
LINCSCP_914	-0.9994758837	0.02061236973	3	Rottlerin	LSM-42845	NA	10uM	A375	6h	LINCSCP_914
LINCSCP_104723	-0.9994754998	0.02061991703	3	XL888	LSM-45553	NA	10uM	HELA	24h	LINCSCP_104723
LINCSCP_244090	0.9994749987	0.02062976553	3	Probenecid	LSM-4140	SLC22A11|SLC22A6|SLC22A8	10uM	MCF7	24h	LINCSCP_244090
LINCSCP_90662	-0.9994745051	0.02063946384	3	TRAVOPROST	LSM-45593	PTGFR	10uM	HA1E	24h	LINCSCP_90662
LINCSCP_172748	-0.999474351	0.02064248882	3	Ifosfamide	LSM-5118	CYP2A6|CYP2B6|CYP2C18|CYP2C19|CYP2C8|CYP2C9|CYP3A4|CYP3A5|CYP3A7|PTGS1	3.33uM	YAPC	24h	LINCSCP_172748
LINCSCP_116475	-0.9994736453	0.02065634175	3	AS601245	LSM-1034	MAPK10|MAPK8|MAPK9	10uM	HT29	24h	LINCSCP_116475
LINCSCP_264493	-0.9994734397	0.02066037615	3	Trifluoperazine	LSM-4010	DRD2|DRD3|DRD4|HTR2A|HTR2C	10uM	PC3	6h	LINCSCP_264493
LINCSCP_49517	-0.9994731776	0.02066551834	3	AZD-1152-HQPA	LSM-1067	AURKA|AURKB	0.37uM	PC3	24h	LINCSCP_49517
LINCSCP_38262	-0.999473147	0.02066611914	3	SA-1456227	LSM-42676	NA	1uM	MCF7	24h	LINCSCP_38262
LINCSCP_51258	0.999473053	0.02066796159	3	Pifithrin MU	LSM-4188	HSPA1A|TP53	10uM	RMUGS	6h	LINCSCP_51258
LINCSCP_138846	0.9994729967	0.02066906616	3	GSK256066	LSM-45984	NA	10uM	MCF7	24h	LINCSCP_138846
LINCSCP_6150	-0.9994726917	0.02067504706	3	PLX-4720	LSM-1049	BRAF	10uM	A549	24h	LINCSCP_6150
LINCSCP_16635	-0.9994721065	0.0206865182	3	AC1LPBDT	LSM-4597	NA	10uM	HA1E	6h	LINCSCP_16635
LINCSCP_74740	-0.9994715603	0.02069721799	3	UK 383367	LSM-45910	NA	10uM	A375	24h	LINCSCP_74740
LINCSCP_42427	0.9994715252	0.02069790578	3	Palbociclib	LSM-1071	CCND1|CDK4|CDK6	10uM	NPC	24h	LINCSCP_42427
LINCSCP_169959	0.9994711674	0.02070491182	3	179324-69-7	LSM-6281	ADRM1|PSMA1|PSMA2|PSMA3|PSMA4|PSMA5|PSMA6|PSMA7|PSMA8|PSMB1|PSMB10|PSMB11|PSMB2|PSMB3|PSMB4|PSMB5|PSMB6|PSMB7|PSMB8|PSMB9|PSMC1|PSMC2|PSMC3|PSMC4|PSMC5|PSMC6|PSMD1|PSMD11|PSMD12|PSMD13|PSMD14|PSMD2|PSMD3|PSMD4|PSMD6|PSMD7|PSMD8|SEM1	20uM	YAPC	24h	LINCSCP_169959
LINCSCP_37779	0.9994707876	0.02071234625	3	SA-1922959	LSM-38477	NA	3uM	MCF7	6h	LINCSCP_37779
LINCSCP_42484	-0.999470242	0.02072301965	3	SB 203580, SULFONE	LSM-6022	MAPK1|MAPK11|MAPK14	10uM	NPC	24h	LINCSCP_42484
LINCSCP_74625	-0.9994699145	0.02072942562	3	179324-69-7	LSM-6281	ADRM1|PSMA1|PSMA2|PSMA3|PSMA4|PSMA5|PSMA6|PSMA7|PSMA8|PSMB1|PSMB10|PSMB11|PSMB2|PSMB3|PSMB4|PSMB5|PSMB6|PSMB7|PSMB8|PSMB9|PSMC1|PSMC2|PSMC3|PSMC4|PSMC5|PSMC6|PSMD1|PSMD11|PSMD12|PSMD13|PSMD14|PSMD2|PSMD3|PSMD4|PSMD6|PSMD7|PSMD8|SEM1	20uM	A375	24h	LINCSCP_74625
LINCSCP_158804	-0.9994690916	0.02074551109	3	Molindone	LSM-1709	DRD2|HTR2A	0.04uM	PC3	24h	LINCSCP_158804
LINCSCP_173537	0.9994690136	0.02074703528	3	Nilotinib	LSM-1099	ABL1|BCR|KIT	10uM	YAPC	24h	LINCSCP_173537
LINCSCP_65231	-0.9994689005	0.02074924475	3	BRD-K16257790	LSM-38126	NA	10uM	VCAP	24h	LINCSCP_65231
LINCSCP_44883	-0.9994688277	0.02075066758	3	Narciclasine	LSM-4934	RHOA	10uM	PC3	24h	LINCSCP_44883
LINCSCP_18613	-0.9994683239	0.02076050555	3	201943-63-7	LSM-3560	GRM2|GRM3	10uM	HCC515	24h	LINCSCP_18613
LINCSCP_78037	-0.9994670374	0.02078561025	3	Inamrinone	LSM-6600	PDE3A	0.37uM	A375	24h	LINCSCP_78037
LINCSCP_137003	-0.9994668966	0.02078835548	3	TORIN1	LSM-1079	MTOR	0.04uM	MCF7	24h	LINCSCP_137003
LINCSCP_84066	-0.9994664185	0.02079767638	3	1166227-08-2	LSM-1204	NA	0.12uM	ASC	24h	LINCSCP_84066
LINCSCP_87918	-0.9994650299	0.02082472276	3	Alvocidib	LSM-1011	CDK1|CDK2|CDK4|CDK5|CDK6|CDK7|CDK8|CDK9|EGFR|PYGM	0.12uM	HA1E	24h	LINCSCP_87918
LINCSCP_296125	0.9994647004	0.02083113542	3	Albendazole	LSM-3782	NA	10uM	VCAP	24h	LINCSCP_296125
LINCSCP_45212	0.9994646625	0.02083187311	3	BIO2_000792	LSM-4705	PTGS1|PTGS2	10uM	PC3	6h	LINCSCP_45212
LINCSCP_116331	0.9994645523	0.02083401772	3	Pelitinib	LSM-42796	EGFR	10uM	HT29	24h	LINCSCP_116331
LINCSCP_137360	0.999464392	0.02083713702	3	L 655240	LSM-4003	NA	1.11uM	MCF7	24h	LINCSCP_137360
LINCSCP_104915	0.9994643278	0.02083838438	3	phylloquinone	LSM-45941	NA	3.33uM	HELA	24h	LINCSCP_104915
LINCSCP_201026	0.9994640995	0.02084282646	3	BRD-K87313043	LSM-42026	NA	10uM	A549	24h	LINCSCP_201026
LINCSCP_61634	-0.9994637428	0.02084976093	3	BRD-K63686806	LSM-12308	NA	5uM	VCAP	24h	LINCSCP_61634
LINCSCP_107239	0.9994631702	0.02086089085	3	Scopolamine	LSM-1684	CHRM1|CHRM2|CHRM3|CHRM4	0.12uM	HELA	24h	LINCSCP_107239
LINCSCP_124965	-0.9994631488	0.02086130657	3	Bimatoprost	LSM-45826	NA	0.04uM	HT29	24h	LINCSCP_124965
LINCSCP_40405	-0.9994620437	0.02088277015	3	179324-69-7	LSM-6281	ADRM1|PSMA1|PSMA2|PSMA3|PSMA4|PSMA5|PSMA6|PSMA7|PSMA8|PSMB1|PSMB10|PSMB11|PSMB2|PSMB3|PSMB4|PSMB5|PSMB6|PSMB7|PSMB8|PSMB9|PSMC1|PSMC2|PSMC3|PSMC4|PSMC5|PSMC6|PSMD1|PSMD11|PSMD12|PSMD13|PSMD14|PSMD2|PSMD3|PSMD4|PSMD6|PSMD7|PSMD8|SEM1	0.01uM	NCIH596	6h	LINCSCP_40405
LINCSCP_281983	0.999461938	0.02088482149	3	BIO2_000516	LSM-1836	RPL3	10uM	PHH	24h	LINCSCP_281983
LINCSCP_310090	0.9994617746	0.02088799218	3	ACON1_002471	LSM-36614	NA	30uM	VCAP	6h	LINCSCP_310090
LINCSCP_46084	-0.9994616615	0.02089018731	3	Ebselen	LSM-2644	NA	10uM	PC3	24h	LINCSCP_46084
LINCSCP_91599	-0.9994614919	0.0208934776	3	Buparlisib	LSM-1148	PIK3CA|PIK3CB|PIK3CD|PIK3CG|PIK3R1|PIK3R2|PIK3R3|PIK3R5	0.04uM	HA1E	24h	LINCSCP_91599
LINCSCP_118032	0.9994614483	0.0208943232	3	Thiocolchicoside	LSM-1316	NA	0.37uM	HT29	24h	LINCSCP_118032
LINCSCP_43279	-0.9994611249	0.02090059604	3	Cyanopindolol	LSM-36892	ADRB1|HTR1A	10uM	NPC	6h	LINCSCP_43279
LINCSCP_106139	-0.9994595788	0.02093056032	3	Deoxycholic acid	LSM-5529	GPBAR1	1.11uM	HELA	24h	LINCSCP_106139
LINCSCP_101801	-0.9994593618	0.02093476288	3	MG-132	LSM-1107	PSMB1	20uM	HELA	24h	LINCSCP_101801
LINCSCP_164927	-0.9994592082	0.02093773758	3	amcinonide	NA	NA	1.11uM	SKL.C	24h	LINCSCP_164927
LINCSCP_88069	-0.9994589012	0.02094368084	3	BMS-387032	LSM-1132	CDK2|CDK7|CDK9	10uM	HA1E	24h	LINCSCP_88069
LINCSCP_96999	-0.9994588738	0.02094420975	3	ESTRAMUSTINE	LSM-45460	NA	0.12uM	HA1E	24h	LINCSCP_96999
LINCSCP_21787	-0.9994587492	0.02094662186	3	Tamoxifen	LSM-42959	ESR1|ESR2	30uM	HEPG2	6h	LINCSCP_21787
LINCSCP_295648	0.9994586118	0.02094928096	3	BRD-K64099269	LSM-40768	NA	10uM	VCAP	24h	LINCSCP_295648
LINCSCP_263122	0.9994584064	0.02095325373	3	BRD-K98626176	LSM-15011	NA	10uM	NPC	24h	LINCSCP_263122
LINCSCP_21887	-0.9994582316	0.02095663503	3	MLS003153124	LSM-3217	NA	10uM	HEPG2	6h	LINCSCP_21887
LINCSCP_20668	-0.9994577996	0.02096499054	3	CHEMBL1900787	LSM-6157	NA	10uM	HCC515	6h	LINCSCP_20668
LINCSCP_121044	0.9994568408	0.02098352005	3	MBX-2982	LSM-45394	NA	3.33uM	HT29	24h	LINCSCP_121044
LINCSCP_37733	0.9994555834	0.02100779585	3	Vorinostat	LSM-3828	HDAC1|HDAC2|HDAC3|HDAC6|HDAC8	10uM	MCF7	24h	LINCSCP_37733
LINCSCP_31303	-0.9994552914	0.02101343115	3	MLS003370625	LSM-43052	NA	10uM	MCF7	6h	LINCSCP_31303
LINCSCP_34105	0.9994552374	0.02101447279	3	ST50050407	LSM-4859	NA	10uM	MCF7	6h	LINCSCP_34105
LINCSCP_2426	-0.9994542415	0.02103367444	3	BRD-K75081836	LSM-45110	NA	10uM	A375	6h	LINCSCP_2426
LINCSCP_250937	-0.9994541205	0.02103600448	3	Vorinostat	LSM-3828	HDAC1|HDAC2|HDAC3|HDAC6|HDAC8	0.01uM	MCF7	6h	LINCSCP_250937
LINCSCP_42137	-0.9994540125	0.02103808574	3	CHEMBL1905358	LSM-6560	NA	10uM	NPC	24h	LINCSCP_42137
LINCSCP_29935	-0.9994539718	0.02103887057	3	TGX 221	LSM-1172	PIK3CB	1uM	MCF10A	6h	LINCSCP_29935
LINCSCP_34867	-0.999453886	0.02104052338	3	CHEMBL3188986	LSM-38984	NA	5uM	MCF7	24h	LINCSCP_34867
LINCSCP_50835	0.9994537827	0.02104251423	3	CHEMBL179288	LSM-3648	NA	10uM	RKO	6h	LINCSCP_50835
LINCSCP_64963	-0.9994537812	0.02104254218	3	CHEMBL3184084	LSM-41487	NA	10uM	VCAP	24h	LINCSCP_64963
LINCSCP_26844	-0.9994532543	0.02105269008	3	Podofilox	LSM-3055	NA	10uM	HT29	6h	LINCSCP_26844
LINCSCP_125843	-0.9994519984	0.02107685877	3	MK-2206	LSM-1057	AKT1|AKT2|AKT3	3.33uM	HT29	24h	LINCSCP_125843
LINCSCP_116689	-0.9994515691	0.0210851129	3	PI-103	LSM-1126	MTOR|PIK3CA|PIK3CB|PIK3CD|PIK3CG	0.12uM	HT29	24h	LINCSCP_116689
LINCSCP_5978	0.9994504753	0.02110613081	3	AC1O9ZP5	LSM-6676	NA	10uM	A549	24h	LINCSCP_5978
LINCSCP_2767	-0.9994503125	0.02110925714	3	O-2050	LSM-2030	CNR1	10uM	A375	6h	LINCSCP_2767
LINCSCP_136423	0.9994496608	0.02112176826	3	CEP-32496	LSM-45568	BRAF|EGFR|RET	10uM	MCF7	24h	LINCSCP_136423
LINCSCP_150383	-0.9994496307	0.02112234599	3	NVP-BHG712	LSM-1201	NA	1.11uM	NPC.TAK	24h	LINCSCP_150383
LINCSCP_70308	-0.9994496176	0.02112259592	3	Decitabine	LSM-5855	DNMT1|DNMT3A	0.37uM	A375	24h	LINCSCP_70308
LINCSCP_34336	0.9994494832	0.02112517625	3	Diperodon	LSM-4393	NA	10uM	MCF7	6h	LINCSCP_34336
LINCSCP_112875	0.9994491904	0.02113079382	3	331771-20-1	LSM-1096	AURKA|AURKB	0.37uM	HEPG2	24h	LINCSCP_112875
LINCSCP_309	0.9994489534	0.02113533933	3	Purvalanol B	LSM-2923	CDK2|CDK4|MAPK1|MAPK3	10uM	A375	24h	LINCSCP_309
LINCSCP_3268	0.999448245	0.02114892212	3	BRD-K46709181	LSM-11279	NA	5uM	A375	24h	LINCSCP_3268
LINCSCP_118953	-0.9994477152	0.02115907397	3	MG-132	LSM-1107	PSMB1	20uM	HT29	24h	LINCSCP_118953
LINCSCP_121729	0.9994475163	0.02116288318	3	Cabazitaxel	LSM-46002	NA	1.11uM	HT29	24h	LINCSCP_121729
LINCSCP_132283	-0.9994473477	0.0211661141	3	PF431396	LSM-1116	NA	3.33uM	MCF7	3h	LINCSCP_132283
LINCSCP_61846	-0.9994471831	0.02116926538	3	BRD-K91787616	LSM-14070	NA	5uM	VCAP	24h	LINCSCP_61846
LINCSCP_116836	-0.9994467035	0.0211784471	3	LRRK2-IN-1	LSM-1086	LRRK2	3.33uM	HT29	24h	LINCSCP_116836
LINCSCP_173279	-0.9994465496	0.02118139261	3	Thioridazine	LSM-1863	DRD1|DRD2|DRD3|DRD4|HTR2A|HTR2C	10uM	YAPC	24h	LINCSCP_173279
LINCSCP_68191	-0.9994459027	0.02119376911	3	Wortmannin	LSM-3947	PIK3CA|PIK3CG|PLK1	10uM	RMGI	6h	LINCSCP_68191
LINCSCP_39357	0.9994454954	0.02120155703	3	NCGC00346967-01	LSM-6297	EPHB3	0.1uM	MDAMB231	24h	LINCSCP_39357
LINCSCP_101214	-0.9994454047	0.02120329073	3	PD153035 (Hydrochloride)	LSM-45421	NA	10uM	HELA	24h	LINCSCP_101214
LINCSCP_84847	0.9994450881	0.02120934405	3	galantamine	NA	NA	3.33uM	ASC	24h	LINCSCP_84847
LINCSCP_244704	-0.9994450317	0.02121042097	3	Bicalutamide	LSM-1437	AR	10uM	MCF7	6h	LINCSCP_244704
LINCSCP_73917	0.9994444265	0.02122198434	3	Seocalcitol	LSM-45464	VDR	0.37uM	A375	24h	LINCSCP_73917
LINCSCP_62494	0.9994440751	0.02122869514	3	BRD-K02876750	LSM-8614	NA	5uM	VCAP	6h	LINCSCP_62494
LINCSCP_156782	0.999443931	0.02123144589	3	Pimozide	LSM-2001	DRD1|DRD2|DRD3|DRD4|DRD5|HTR2A	1.11uM	PC3	24h	LINCSCP_156782
LINCSCP_96049	-0.9994430808	0.02124767253	3	Ketanserin	LSM-3092	HTR2A|HTR2C	10uM	HA1E	24h	LINCSCP_96049
LINCSCP_282906	0.9994425881	0.02125707116	3	BRD-A81936046	LSM-4484	NA	10uM	RKO	6h	LINCSCP_282906
LINCSCP_68534	-0.9994425836	0.02125715592	3	13-Hydroxy-8,14,19-trimethoxy-4,10,12,16-tetramethyl-3,20,22-trioxo-2-azabicyclo[16.3.1]docosa-1(21),4,6,10,18-pentaen-9-yl carbamate	LSM-42815	HSP90AA1	10uM	VCAP	24h	LINCSCP_68534
LINCSCP_132524	0.9994415068	0.02127767949	3	AS601245	LSM-1034	MAPK10|MAPK8|MAPK9	0.37uM	MCF7	3h	LINCSCP_132524
LINCSCP_43714	0.9994414144	0.0212794414	3	Evodiamine	LSM-6483	TRPV1	10uM	OV7	6h	LINCSCP_43714
LINCSCP_130390	-0.9994407824	0.02129147576	3	AS-605240	LSM-42784	PIK3CG	0.12uM	LNCAP	3h	LINCSCP_130390
LINCSCP_89972	0.9994405718	0.02129548574	3	Lenalidomide	LSM-6187	CRBN|CUL4A|DDB1|RBX1|TNF	0.04uM	HA1E	24h	LINCSCP_89972
LINCSCP_165378	0.9994404047	0.02129866562	3	KW-2449	LSM-42803	ABL1|AURKA|AURKB|FLT3	1.11uM	SKL	24h	LINCSCP_165378
LINCSCP_31167	0.9994403942	0.02129886607	3	ML216	LSM-3070	NA	10uM	MCF7	24h	LINCSCP_31167
LINCSCP_145465	0.9994403278	0.02130013008	3	PD-173074	LSM-1026	FGFR1|FGFR3	0.04uM	MDAMB231	24h	LINCSCP_145465
LINCSCP_167364	-0.9994399273	0.02130775003	3	Tofacitinib (CP-690550) Citrate	LSM-45505	NA	0.12uM	YAPC	24h	LINCSCP_167364
LINCSCP_41864	-0.9994392209	0.02132118387	3	PNU-74654	LSM-44945	CTNNB1|TCF4	80uM	NOMO1	6h	LINCSCP_41864
LINCSCP_59725	0.9994390254	0.02132490124	3	BRD-K00991320	LSM-37335	NA	5uM	VCAP	6h	LINCSCP_59725
LINCSCP_26979	-0.9994382896	0.02133888245	3	2-(4,5-Dihydro-1H-imidazol-2-yl)quinoxaline	LSM-2238	NA	10uM	HT29	6h	LINCSCP_26979
LINCSCP_130168	-0.999437977	0.02134482138	3	936890-98-1	LSM-42786	MTOR	0.12uM	LNCAP	3h	LINCSCP_130168
LINCSCP_1059	-0.9994377619	0.0213489043	3	Parthenolide	LSM-43090	NA	10uM	A375	6h	LINCSCP_1059
LINCSCP_27431	-0.9994370893	0.02136167226	3	BRD-K91850687	LSM-14983	NA	5uM	HT29	24h	LINCSCP_27431
LINCSCP_76391	-0.9994356849	0.02138830641	3	Cabozantinib	LSM-1195	KDR|MET	10uM	A375	24h	LINCSCP_76391
LINCSCP_147384	-0.9994349341	0.02140252991	3	CHEMBL1673039	LSM-1093	LRRK2|MAPK7	10uM	NPC.CAS9	24h	LINCSCP_147384
LINCSCP_69275	0.9994333089	0.02143328918	3	WH-4-025	LSM-44937	NA	0.37uM	A375	24h	LINCSCP_69275
LINCSCP_172742	-0.9994331379	0.02143652342	3	AC1NSZSY	LSM-1728	CYP17A1|NR3C2|PGR	3.33uM	YAPC	24h	LINCSCP_172742
LINCSCP_249696	-0.9994326718	0.02144533608	3	BRD-K06188347	LSM-8788	NA	10uM	MCF7	24h	LINCSCP_249696
LINCSCP_78679	0.9994323644	0.02145114508	3	Birinapant	LSM-45858	BIRC2|BIRC3	0.37uM	A375	24h	LINCSCP_78679
LINCSCP_141034	-0.9994321159	0.02145584029	3	179324-69-7	LSM-6281	ADRM1|PSMA1|PSMA2|PSMA3|PSMA4|PSMA5|PSMA6|PSMA7|PSMA8|PSMB1|PSMB10|PSMB11|PSMB2|PSMB3|PSMB4|PSMB5|PSMB6|PSMB7|PSMB8|PSMB9|PSMC1|PSMC2|PSMC3|PSMC4|PSMC5|PSMC6|PSMD1|PSMD11|PSMD12|PSMD13|PSMD14|PSMD2|PSMD3|PSMD4|PSMD6|PSMD7|PSMD8|SEM1	20uM	MCF7	24h	LINCSCP_141034
LINCSCP_282989	0.9994321054	0.02145603904	3	MLS003672589	LSM-36804	NA	10uM	RKO	6h	LINCSCP_282989
LINCSCP_240914	-0.9994320711	0.02145668764	3	Vincamine	LSM-2907	NA	10uM	MCF7	6h	LINCSCP_240914
LINCSCP_158059	0.9994320277	0.02145750732	3	altrenogest	LSM-45498	NA	0.12uM	PC3	24h	LINCSCP_158059
LINCSCP_294690	0.9994295496	0.02150427127	3	3-Chloro-n-{3-[(furan-2-ylmethyl)carbamoyl]-5,6-dihydro-4H-cyclopenta[b]thiophen-2-yl}-1-benzothiophene-2-carboxamide	LSM-4726	NA	10uM	VCAP	6h	LINCSCP_294690
LINCSCP_73624	0.9994293526	0.0215079838	3	138402-11-6	LSM-3338	AGTR1	3.33uM	A375	24h	LINCSCP_73624
LINCSCP_114210	-0.9994292859	0.02150924074	3	Mocetinostat	LSM-5344	HDAC1|HDAC11|HDAC2|HDAC3|HDAC8	3.33uM	HME1	24h	LINCSCP_114210
LINCSCP_221432	0.999429259	0.02150974714	3	BRD-K71915010	LSM-6148	NA	10uM	HEPG2	6h	LINCSCP_221432
LINCSCP_8791	-0.9994292318	0.02151026015	3	BRD-K78032863	LSM-41531	NA	5uM	A549	24h	LINCSCP_8791
LINCSCP_70009	-0.9994291614	0.02151158646	3	AT 7867	LSM-1155	NA	1.11uM	A375	24h	LINCSCP_70009
LINCSCP_141650	-0.999428809	0.02151822572	3	MG-132	LSM-1107	PSMB1	20uM	MCF7	24h	LINCSCP_141650
LINCSCP_151545	0.9994286998	0.02152028302	3	Ipatasertib	LSM-6341	AKT1|AKT2|AKT3	0.12uM	PC3	24h	LINCSCP_151545
LINCSCP_31400	-0.9994276982	0.02153914068	3	STK222600	LSM-3535	NA	10uM	MCF7	24h	LINCSCP_31400
LINCSCP_40225	0.9994273092	0.02154646186	3	(S)-Tipifarnib	LSM-6259	NA	10uM	NCIH508	6h	LINCSCP_40225
LINCSCP_152232	-0.9994271753	0.02154898019	3	PF-03758309	LSM-4254	PAK4	0.04uM	PC3	24h	LINCSCP_152232
LINCSCP_34706	-0.9994267899	0.02155622911	3	ZINC12496510	LSM-5291	NR3C1|PGR	10uM	MCF7	6h	LINCSCP_34706
LINCSCP_4672	0.9994267045	0.0215578343	3	Evodiamine	LSM-6483	TRPV1	10uM	A549	6h	LINCSCP_4672
LINCSCP_12093	-0.9994258583	0.02157374065	3	C24H25CLFN5O3	LSM-42794	EGFR|ERBB2|ERBB4	0.5uM	BT20	24h	LINCSCP_12093
LINCSCP_101607	0.9994253131	0.02158398148	3	Zaprinast	LSM-2259	PDE5A	0.12uM	HELA	24h	LINCSCP_101607
LINCSCP_24909	0.9994250527	0.02158887105	3	NVP-AUY922	LSM-1162	HSP90AA1|HSP90AB1	0.5uM	HS578T	6h	LINCSCP_24909
LINCSCP_458	0.9994250194	0.02158949769	3	Kolestevan	LSM-1830	HMGCR	10uM	A375	6h	LINCSCP_458
LINCSCP_58950	-0.9994244379	0.02160041258	3	Quisinostat	LSM-5900	HDAC1|MDM2	10uM	VCAP	24h	LINCSCP_58950
LINCSCP_136952	-0.9994233988	0.0216199034	3	Propylthiouracil	LSM-5592	DIO1|TPO	1.11uM	MCF7	24h	LINCSCP_136952
LINCSCP_24084	-0.999422662	0.0216337148	3	Crizotinib	LSM-1027	ALK|MET	0.04uM	HEPG2	24h	LINCSCP_24084
LINCSCP_53448	-0.9994222347	0.02164172007	3	Skiii	LSM-2462	SPHK1	40uM	SKMEL28	6h	LINCSCP_53448
LINCSCP_88645	0.9994219534	0.02164698703	3	KU-55933	LSM-1074	ATM	0.12uM	HA1E	24h	LINCSCP_88645
LINCSCP_163629	-0.9994218589	0.02164875716	3	C24H25CLFN5O3	LSM-42794	EGFR|ERBB2|ERBB4	0.04uM	SKBR3	24h	LINCSCP_163629
LINCSCP_54008	-0.9994212922	0.02165936581	3	Darinaparsin	LSM-4924	NA	10uM	SW480	6h	LINCSCP_54008
LINCSCP_18170	-0.9994208495	0.02166764925	3	CHEBI:48565	LSM-1614	ADRA2A|ADRA2B|ADRA2C|HTR1A|HTR1B|HTR1D|HTR2B	10uM	HCC515	24h	LINCSCP_18170
LINCSCP_32526	0.999419366	0.0216953862	3	MLS006011051	LSM-42801	BRAF	10uM	MCF7	24h	LINCSCP_32526
LINCSCP_309778	0.9994190538	0.02170121728	3	BRD-K50777342	LSM-40073	NA	30uM	VCAP	24h	LINCSCP_309778
LINCSCP_20929	0.9994189442	0.02170326453	3	BRD-K10436544	LSM-45992	NA	1.11uM	HCC515	24h	LINCSCP_20929
LINCSCP_112842	-0.9994185805	0.02171005631	3	CC-401	LSM-1186	NA	10uM	HEPG2	24h	LINCSCP_112842
LINCSCP_23270	0.9994185575	0.02171048558	3	BRD-K84091085	LSM-41865	NA	10uM	HEPG2	6h	LINCSCP_23270
LINCSCP_174755	0.9994183819	0.02171376557	3	Tazarotene	LSM-45376	RARA|RARB|RARG	10uM	YAPC	24h	LINCSCP_174755
LINCSCP_81493	-0.9994183117	0.02171507476	3	CGP 60474	LSM-1025	CDK1	0.37uM	A549	24h	LINCSCP_81493
LINCSCP_153567	0.9994183034	0.02171522996	3	179324-69-7	LSM-6281	ADRM1|PSMA1|PSMA2|PSMA3|PSMA4|PSMA5|PSMA6|PSMA7|PSMA8|PSMB1|PSMB10|PSMB11|PSMB2|PSMB3|PSMB4|PSMB5|PSMB6|PSMB7|PSMB8|PSMB9|PSMC1|PSMC2|PSMC3|PSMC4|PSMC5|PSMC6|PSMD1|PSMD11|PSMD12|PSMD13|PSMD14|PSMD2|PSMD3|PSMD4|PSMD6|PSMD7|PSMD8|SEM1	20uM	PC3	24h	LINCSCP_153567
LINCSCP_100271	0.9994176946	0.02172659201	3	CDK9 Inhibitor	LSM-1197	NA	3.33uM	HCC515	24h	LINCSCP_100271
LINCSCP_130349	-0.9994174618	0.02173093415	3	Selumetinib	LSM-1056	MAP2K1|MAP2K2	0.04uM	LNCAP	3h	LINCSCP_130349
LINCSCP_78848	0.9994170214	0.02173914845	3	Tolvaptan	LSM-45837	AVPR2	10uM	A375	24h	LINCSCP_78848
LINCSCP_112773	-0.9994169884	0.02173976332	3	VX-745	LSM-1169	MAPK14	0.37uM	HEPG2	24h	LINCSCP_112773
LINCSCP_165355	-0.999416804	0.02174320143	3	Dinaciclib	LSM-6306	CDK1|CDK2|CDK5|CDK9	0.37uM	SKL	24h	LINCSCP_165355
LINCSCP_47355	-0.9994159349	0.02175939934	3	FPH2	LSM-4766	NA	10uM	PC3	24h	LINCSCP_47355
LINCSCP_37170	-0.9994158207	0.02176152683	3	BRD-K72174974	LSM-12850	NA	3uM	MCF7	6h	LINCSCP_37170
LINCSCP_33540	-0.999415098	0.02177498326	3	PD-407824	LSM-3862	NA	10uM	MCF7	6h	LINCSCP_33540
LINCSCP_22823	-0.9994148481	0.02177963651	3	Y-134	LSM-4127	ESR1|ESR2	10uM	HEPG2	6h	LINCSCP_22823
LINCSCP_63631	-0.9994129268	0.02181536658	3	BRD-K75813018	LSM-13065	NA	5uM	VCAP	6h	LINCSCP_63631
LINCSCP_246751	-0.9994127218	0.02181917512	3	BRD-K64622657	LSM-12376	NA	5uM	MCF7	24h	LINCSCP_246751
LINCSCP_279796	-0.9994110725	0.02184979508	3	BRD-K01621458	LSM-45313	NA	0.1uM	PC3	6h	LINCSCP_279796
LINCSCP_158206	0.9994088813	0.02189040796	3	Clindamycin	LSM-45814	NA	3.33uM	PC3	24h	LINCSCP_158206
LINCSCP_39795	-0.9994087917	0.02189206762	3	STK219801	LSM-43281	NA	20uM	MDST8	6h	LINCSCP_39795
LINCSCP_37914	-0.9994081016	0.02190484232	3	CHEMBL2140880	LSM-39548	NA	10uM	MCF7	24h	LINCSCP_37914
LINCSCP_50561	-0.999408005	0.0219066292	3	QS-11	LSM-5212	ARFGAP1	10uM	PL21	6h	LINCSCP_50561
LINCSCP_89674	-0.9994075364	0.02191529913	3	Penitrem A	LSM-2058	KCNMA1	2uM	HA1E	24h	LINCSCP_89674
LINCSCP_169534	-0.9994071131	0.02192312775	3	Theobromine	LSM-5483	NA	0.12uM	YAPC	24h	LINCSCP_169534
LINCSCP_272133	-0.9994070057	0.02192511273	3	BRD-K90543092-001-01-2	LSM-5955	PGR	10uM	PC3	24h	LINCSCP_272133
LINCSCP_86942	-0.9994068655	0.02192770433	3	848193-68-0	LSM-6271	SIRT1	1.11uM	CD34	24h	LINCSCP_86942
LINCSCP_52689	0.9994067222	0.02193035349	3	CGP13501	LSM-4158	GABBR1	10uM	SKB	24h	LINCSCP_52689
LINCSCP_151952	-0.9994066711	0.02193129856	3	Vorinostat	LSM-3828	HDAC1|HDAC2|HDAC3|HDAC6|HDAC8	0.04uM	PC3	24h	LINCSCP_151952
LINCSCP_260507	0.9994060248	0.02194324127	3	BRD-K22754681	LSM-15087	NA	0.5uM	NKDBA	24h	LINCSCP_260507
LINCSCP_216940	0.9994059687	0.0219442775	3	TG100-115	LSM-5731	PIK3CD|PIK3CG	10uM	HCC515	6h	LINCSCP_216940
LINCSCP_120618	-0.9994056533	0.02195010296	3	Amodiaquine	LSM-4042	HNMT	3.33uM	HT29	24h	LINCSCP_120618
LINCSCP_103826	0.9994053693	0.0219553474	3	Amodiaquine	LSM-4042	HNMT	0.37uM	HELA	24h	LINCSCP_103826
LINCSCP_40361	-0.9994048336	0.02196523552	3	Enzalutamide	LSM-6254	AR	0.1uM	NCIH596	6h	LINCSCP_40361
LINCSCP_237593	0.9994045296	0.02197084599	3	SCHEMBL14976663	LSM-2773	NA	10uM	MCF7	6h	LINCSCP_237593
LINCSCP_45273	-0.9994044628	0.02197207812	3	SMR001318078	LSM-1737	NA	10uM	PC3	24h	LINCSCP_45273
LINCSCP_46852	0.9994042816	0.02197542026	3	252916-29-3	LSM-43214	AURKA|AURKB|FGFR1|FGFR2|KDR|PDGFRA|PDGFRB	10uM	PC3	24h	LINCSCP_46852
LINCSCP_5573	-0.9994038154	0.02198401818	3	Triazolothiadiazine, 7	LSM-4205	NA	10uM	A549	6h	LINCSCP_5573
LINCSCP_81113	-0.9994035399	0.02198909834	3	Dovitinib	LSM-1127	EGFR|FGFR1|FGFR2|FGFR3|FLT1|FLT3|FLT4|KDR|KIT|PDGFRA|PDGFRB	3.33uM	A549	24h	LINCSCP_81113
LINCSCP_79446	0.9994029723	0.02199955906	3	MG-132	LSM-1107	PSMB1	20uM	A375	24h	LINCSCP_79446
LINCSCP_4966	-0.9994022014	0.02201375796	3	AC1M9EOE	LSM-3145	NA	10uM	A549	24h	LINCSCP_4966
LINCSCP_85194	-0.9994021829	0.02201409948	3	Dovitinib	LSM-1127	EGFR|FGFR1|FGFR2|FGFR3|FLT1|FLT3|FLT4|KDR|KIT|PDGFRA|PDGFRB	10uM	BT20	24h	LINCSCP_85194
LINCSCP_41873	-0.9994020309	0.02201689898	3	PIK 75	LSM-44948	PIK3CA	0.1uM	NOMO1	6h	LINCSCP_41873
LINCSCP_209624	-0.999401902	0.02201927166	3	Diphemanil	LSM-4102	CHRM1|CHRM3	10uM	HA1E	24h	LINCSCP_209624
LINCSCP_146138	-0.9994015791	0.0220252145	3	PDK1 Inhibitor	LSM-1081	PDPK1	0.04uM	MNEU.E	24h	LINCSCP_146138
LINCSCP_250109	0.9994015733	0.02202532093	3	CHEMBL2381520	LSM-36786	NA	0.1uM	MCF7	24h	LINCSCP_250109
LINCSCP_57404	-0.9994012258	0.02203171562	3	NCGC00012588	LSM-2552	NA	10uM	VCAP	6h	LINCSCP_57404
LINCSCP_24677	-0.9994005568	0.02204402247	3	GSK 1059615	LSM-42799	PIK3CA|PIK3CB|PIK3CD|PIK3CG	0.5uM	HS578T	24h	LINCSCP_24677
LINCSCP_41531	0.9994004384	0.02204619918	3	WAY-262611	LSM-37067	NA	10uM	NEU	6h	LINCSCP_41531
LINCSCP_57494	-0.9994003507	0.02204781231	3	MLS001065846	LSM-4111	NA	10uM	VCAP	6h	LINCSCP_57494
LINCSCP_116559	-0.999399848	0.02205705188	3	BMS-345541	LSM-1028	IKBKB	10uM	HT29	24h	LINCSCP_116559
LINCSCP_79927	0.9993996723	0.02206028111	3	Nesbuvir	LSM-45670	NA	0.04uM	A375	24h	LINCSCP_79927
LINCSCP_164500	-0.9993996147	0.02206133983	3	BMS-509744	LSM-1137	NA	3.33uM	SKL.C	24h	LINCSCP_164500
LINCSCP_13460	-0.9993978332	0.02209404988	3	Narciclasine	LSM-4934	RHOA	10uM	H1299	6h	LINCSCP_13460
LINCSCP_22841	-0.9993974797	0.0221005348	3	2-Amino-5,6-dihydro-6-methyl-4H-1,3-thiazine	LSM-1426	NA	10uM	HEPG2	6h	LINCSCP_22841
LINCSCP_295436	0.9993973576	0.02210277339	3	Gefitinib	LSM-1098	EGFR	10uM	VCAP	6h	LINCSCP_295436
LINCSCP_258263	0.9993970889	0.02210770176	3	F3284-4453	LSM-4777	NA	10uM	NEU	24h	LINCSCP_258263
LINCSCP_104131	0.999396547	0.02211763513	3	Rifabutin	LSM-5004	NA	1.11uM	HELA	24h	LINCSCP_104131
LINCSCP_145463	0.9993963357	0.02212150668	3	PD-173074	LSM-1026	FGFR1|FGFR3	0.37uM	MDAMB231	24h	LINCSCP_145463
LINCSCP_54510	-0.9993962899	0.02212234726	3	Gly-Gly-Palo	LSM-6223	NA	80uM	SW948	6h	LINCSCP_54510
LINCSCP_192177	-0.99939584	0.02213058939	3	Naringenin	LSM-1927	CYP19A1|ESR2	10uM	A549	24h	LINCSCP_192177
LINCSCP_94197	-0.9993950123	0.02214574515	3	MG-132	LSM-1107	PSMB1	20uM	HA1E	24h	LINCSCP_94197
LINCSCP_255500	0.9993949264	0.02214731693	3	Alpha-Tochopherol	LSM-4487	NA	0.5uM	MCF7	6h	LINCSCP_255500
LINCSCP_109415	0.999394486	0.02215537677	3	Atenolol	LSM-4355	ADRB1|ADRB2	1.11uM	HELA	24h	LINCSCP_109415
LINCSCP_37964	0.9993941822	0.02216093446	3	BRD-K98822179	LSM-42621	NA	0.5uM	MCF7	24h	LINCSCP_37964
LINCSCP_29536	-0.9993939877	0.02216449116	3	WH-4-023	LSM-5613	ABL1|SRC	0.1uM	MCF10A	24h	LINCSCP_29536
LINCSCP_243562	0.9993939015	0.02216606861	3	Tolbutamide	LSM-3907	ABCC8|KCNJ11	10uM	MCF7	24h	LINCSCP_243562
LINCSCP_270912	0.9993938716	0.02216661508	3	MEGXM0_000358	LSM-43077	NA	10uM	PC3	6h	LINCSCP_270912
LINCSCP_94619	0.9993937642	0.02216857913	3	Pasireotide (ditrifluoroacetate)	LSM-45412	NA	0.37uM	HA1E	24h	LINCSCP_94619
LINCSCP_309981	-0.9993923758	0.0221939525	3	Phenformin	LSM-2233	NA	30uM	VCAP	24h	LINCSCP_309981
LINCSCP_7326	0.9993913564	0.02221256415	3	SB 218795	LSM-3357	TACR3	10uM	A549	24h	LINCSCP_7326
LINCSCP_130768	0.99939112	0.02221687706	3	Momelotinib	LSM-1141	JAK1|JAK2	0.04uM	MCF10A	24h	LINCSCP_130768
LINCSCP_8863	-0.9993909492	0.02221999264	3	BRD-K53636670	LSM-40217	NA	5uM	A549	24h	LINCSCP_8863
LINCSCP_63010	-0.9993906394	0.0222256451	3	BRD-K14768034	LSM-38036	NA	5uM	VCAP	24h	LINCSCP_63010
LINCSCP_253897	-0.9993904302	0.02222946034	3	BRD-K30393343	LSM-14786	NA	0.5uM	MCF7	24h	LINCSCP_253897
LINCSCP_139542	0.9993902636	0.02223249806	3	BMS-927711	LSM-45712	CALCRL	10uM	MCF7	24h	LINCSCP_139542
LINCSCP_11507	-0.9993899738	0.02223778027	3	CL-82198	LSM-1992	MMP13	10uM	ASC	24h	LINCSCP_11507
LINCSCP_96802	-0.9993897534	0.02224179832	3	Allopurinol	LSM-5919	XDH	0.12uM	HA1E	24h	LINCSCP_96802
LINCSCP_87855	0.9993892913	0.02225021788	3	Nilotinib	LSM-1099	ABL1|BCR|KIT	3.33uM	HA1E	24h	LINCSCP_87855
LINCSCP_76251	-0.9993890573	0.02225448204	3	Tozasertib	LSM-1021	ABL1|AURKA|AURKB|AURKC|BCR|FLT3|JAK2	0.37uM	A375	24h	LINCSCP_76251
LINCSCP_106861	0.9993884152	0.02226617438	3	Trehalose	LSM-37121	NA	0.12uM	HELA	24h	LINCSCP_106861
LINCSCP_5571	-0.9993882355	0.02226944542	3	MLS003337117	LSM-4169	NA	10uM	A549	6h	LINCSCP_5571
LINCSCP_239854	-0.9993877302	0.02227864214	3	Heraclenol	LSM-4476	NA	10uM	MCF7	24h	LINCSCP_239854
LINCSCP_52877	-0.9993870246	0.02229147645	3	2,2'-Azobis(2-amidinopropane)	LSM-4591	NA	10uM	SKB	24h	LINCSCP_52877
LINCSCP_47705	0.9993865529	0.02230005314	3	Ciclopirox	LSM-5307	ATP1A1	10uM	PC3	6h	LINCSCP_47705
LINCSCP_199678	-0.9993864955	0.02230109621	3	BRD-K74782274	LSM-41341	NA	5uM	A549	24h	LINCSCP_199678
LINCSCP_209939	-0.9993864578	0.0223017803	3	Nimodipine	LSM-1659	CACNA1C|CACNA1D|CACNA1F|CACNA1S|NR3C2	10uM	HA1E	24h	LINCSCP_209939
LINCSCP_155886	-0.9993855836	0.02231766581	3	CO-1686 (AVL-301)	LSM-45736	EGFR	0.04uM	PC3	24h	LINCSCP_155886
LINCSCP_66188	-0.9993855486	0.02231830115	3	BRD-K93845141	LSM-42372	NA	0.5uM	VCAP	24h	LINCSCP_66188
LINCSCP_216197	-0.9993847828	0.02233220545	3	SCHEMBL1725480	LSM-2667	NA	10uM	HCC515	6h	LINCSCP_216197
LINCSCP_22576	-0.9993839585	0.02234716293	3	Tyrphostin AG 126	LSM-5752	NA	10uM	HEPG2	6h	LINCSCP_22576
LINCSCP_136310	-0.9993838958	0.02234829976	3	Mubritinib (TAK 165)	LSM-45710	ERBB2	10uM	MCF7	24h	LINCSCP_136310
LINCSCP_99388	-0.9993835758	0.0223541036	3	AKT Inhibitor VIII	LSM-1035	AKT1|AKT2	0.12uM	HCC515	24h	LINCSCP_99388
LINCSCP_19782	0.9993835618	0.02235435873	3	VU0418947-2	LSM-3725	NA	10uM	HCC515	6h	LINCSCP_19782
LINCSCP_40200	-0.9993832264	0.02236043897	3	Fcodpguefhccia-Uhfffaoysa-N	LSM-42689	CASP3	10uM	NCIH508	6h	LINCSCP_40200
LINCSCP_52615	0.9993831859	0.02236117327	3	GR-55562	LSM-3026	HTR1B	10uM	SKB	24h	LINCSCP_52615
LINCSCP_41200	0.9993827227	0.02236956905	3	Cycloheximide	LSM-2791	RPL3	10uM	NEU	24h	LINCSCP_41200
LINCSCP_149600	0.9993825658	0.02237241128	3	SGI-1776	LSM-6307	PIM1|PIM2|PIM3	0.04uM	NPC.TAK	24h	LINCSCP_149600
LINCSCP_70250	-0.999382386	0.02237566922	3	I-BET151	LSM-6335	NA	0.04uM	A375	24h	LINCSCP_70250
LINCSCP_48936	0.9993814624	0.02239239649	3	CHEMBL2358575	LSM-38368	NA	10uM	PC3	24h	LINCSCP_48936
LINCSCP_4940	0.999381212	0.02239692914	3	SMR000127643	LSM-2658	NA	10uM	A549	24h	LINCSCP_4940
LINCSCP_260711	-0.9993799905	0.0224190251	3	Parbendazole	LSM-4893	TUBB	1uM	NKDBA	24h	LINCSCP_260711
LINCSCP_50428	-0.9993799037	0.02242059569	3	Rotenone	LSM-5260	MT-ND1	0.5uM	PHH	6h	LINCSCP_50428
LINCSCP_128556	-0.999379707	0.02242415099	3	BRD-A25736793	LSM-43054	MTOR	1.11uM	HUVEC	24h	LINCSCP_128556
LINCSCP_14176	0.9993779104	0.0224566053	3	Felbamate	LSM-4232	GRIN1|GRIN2A|GRIN2B|GRIN2C|GRIN2D|GRIN3A|GRIN3B	10uM	HA1E	24h	LINCSCP_14176
LINCSCP_138309	0.9993772649	0.02246825432	3	Cabazitaxel	LSM-46002	NA	0.37uM	MCF7	24h	LINCSCP_138309
LINCSCP_8736	0.999377181	0.02246976844	3	BRD-K44218307	LSM-39707	NA	5uM	A549	24h	LINCSCP_8736
LINCSCP_16782	-0.9993771613	0.02247012332	3	CAM-9-021	LSM-2100	NA	10uM	HA1E	6h	LINCSCP_16782
LINCSCP_167940	-0.9993770876	0.02247145256	3	Dabrafenib	LSM-6303	BRAF	0.12uM	YAPC	24h	LINCSCP_167940
LINCSCP_129415	-0.9993756555	0.02249727273	3	1166227-08-2	LSM-1204	NA	0.12uM	JURKAT	24h	LINCSCP_129415
LINCSCP_25319	0.9993754464	0.02250103999	3	Leu-Enkephalin	LSM-1461	OPRD1|OPRM1	10uM	HT29	6h	LINCSCP_25319
LINCSCP_190542	0.9993751739	0.02250594825	3	NCGC00170564-01	LSM-36705	NA	10uM	A549	24h	LINCSCP_190542
LINCSCP_79924	0.9993751354	0.02250664159	3	Nesbuvir	LSM-45670	NA	1.11uM	A375	24h	LINCSCP_79924
LINCSCP_22182	0.9993750828	0.02250758967	3	ML089	LSM-2710	NA	10uM	HEPG2	6h	LINCSCP_22182
LINCSCP_102928	-0.9993749399	0.02251016196	3	Olanzapine	LSM-5359	DRD1|DRD2|DRD3|DRD4|HRH1|HTR1A|HTR1B|HTR1D|HTR1E|HTR2A|HTR2C|HTR6|HTR7	3.33uM	HELA	24h	LINCSCP_102928
LINCSCP_112817	-0.9993748321	0.02251210413	3	869288-64-2	LSM-1200	NA	0.04uM	HEPG2	24h	LINCSCP_112817
LINCSCP_35627	-0.9993748318	0.02251210887	3	Cucurbitacin-I	LSM-43115	JAK2|STAT3	0.1uM	MCF7	24h	LINCSCP_35627
LINCSCP_281497	0.9993742272	0.02252299431	3	CHEMBL2333339	LSM-4809	NA	10uM	PHH	24h	LINCSCP_281497
LINCSCP_59247	0.999373936	0.02252823469	3	SA-432998	LSM-40721	NA	10uM	VCAP	24h	LINCSCP_59247
LINCSCP_48099	0.9993739067	0.02252876042	3	Gossypetin	LSM-36971	NA	0.1uM	PC3	6h	LINCSCP_48099
LINCSCP_11440	0.9993739021	0.02252884402	3	RS-67333	LSM-3018	HTR4	10uM	ASC	24h	LINCSCP_11440
LINCSCP_149392	0.999373498	0.02253611419	3	GW620972X	LSM-1209	NA	3.33uM	NPC	24h	LINCSCP_149392
LINCSCP_12371	0.9993731974	0.02254152077	3	N-{3-[(4-methoxyphenyl)amino]-1,4-dioxo-1,4-dihydronaphthalen-2-yl}acetamide	LSM-45353	NA	3uM	CD34	24h	LINCSCP_12371
LINCSCP_136468	-0.9993731369	0.02254260791	3	Riluzole	LSM-2471	SCN10A|SCN11A|SCN1A|SCN2A|SCN3A|SCN4A|SCN5A|SCN7A|SCN8A|SCN9A	0.37uM	MCF7	24h	LINCSCP_136468
LINCSCP_50722	0.9993730363	0.02254441706	3	BRD-A69951442-001-01-3	LSM-4466	NR3C1	10uM	RKO	6h	LINCSCP_50722
LINCSCP_156615	-0.9993715355	0.0225713861	3	MG-132	LSM-1107	PSMB1	20uM	PC3	24h	LINCSCP_156615
LINCSCP_111986	0.9993715087	0.02257186878	3	Ipatasertib	LSM-6341	AKT1|AKT2|AKT3	0.37uM	HEPG2	24h	LINCSCP_111986
LINCSCP_20468	0.9993710177	0.02258068493	3	Ruxolitinib	LSM-1139	JAK1|JAK2|TYK2	10uM	HCC515	6h	LINCSCP_20468
LINCSCP_132612	0.9993702122	0.02259514075	3	Saracatinib	LSM-1032	ABL1|SRC	3.33uM	MCF7	24h	LINCSCP_132612
LINCSCP_34605	0.9993700074	0.02259881393	3	E324	LSM-5670	NA	10uM	MCF7	6h	LINCSCP_34605
LINCSCP_45722	-0.9993692702	0.02261203451	3	T6576678	LSM-3350	NA	10uM	PC3	24h	LINCSCP_45722
LINCSCP_40155	-0.9993690274	0.02261638606	3	Cucurbitacin-I	LSM-43115	JAK2|STAT3	10uM	NCIH508	6h	LINCSCP_40155
LINCSCP_99854	-0.99936784	0.02263765926	3	C24H25CLFN5O3	LSM-42794	EGFR|ERBB2|ERBB4	1.11uM	HCC515	24h	LINCSCP_99854
LINCSCP_99499	-0.999367819	0.02263803497	3	AZD-8330	LSM-1165	MAP2K1|MAP2K2	3.33uM	HCC515	24h	LINCSCP_99499
LINCSCP_102112	-0.9993677675	0.02263895661	3	CICLESONIDE	LSM-45682	NR3C1	10uM	HELA	24h	LINCSCP_102112
LINCSCP_112768	0.9993675983	0.02264198693	3	Dabrafenib	LSM-6303	BRAF	0.12uM	HEPG2	24h	LINCSCP_112768
LINCSCP_36921	-0.9993674537	0.02264457484	3	BMS-387032	LSM-1132	CDK2|CDK7|CDK9	1uM	MCF7	6h	LINCSCP_36921
LINCSCP_59526	0.9993670397	0.02265198432	3	Cladribine	LSM-5976	ADA	10uM	VCAP	24h	LINCSCP_59526
LINCSCP_268097	0.9993667591	0.022657006	3	VU0424206-1	LSM-2295	NA	10uM	PC3	24h	LINCSCP_268097
LINCSCP_204138	-0.9993659023	0.02267233017	3	Betulinic acid	LSM-3004	GPBAR1	10uM	ASC	24h	LINCSCP_204138
LINCSCP_31361	0.9993650076	0.02268832092	3	4-Bromo-2-(piperazin-1-yl)thiazole	LSM-2733	NA	10uM	MCF7	24h	LINCSCP_31361
LINCSCP_168905	-0.9993649382	0.02268956166	3	Trimethobenzamide	LSM-2750	DRD2	0.12uM	YAPC	24h	LINCSCP_168905
LINCSCP_50200	-0.9993645387	0.0226966978	3	Morphothebaine	LSM-2702	NA	10uM	PHH	24h	LINCSCP_50200
LINCSCP_15467	0.9993639675	0.02270689665	3	Fatostatin	LSM-6295	SREBF1|SREBF2	10uM	HA1E	24h	LINCSCP_15467
LINCSCP_89263	0.9993635279	0.02271474367	3	Regorafenib	LSM-1226	ABL1|BRAF|DDR2|FGFR1|FGFR2|FLT1|FLT4|FRK|KDR|KIT|MAPK11|PDGFRA|PDGFRB|RAF1|RET|TEK	1.11uM	HA1E	24h	LINCSCP_89263
LINCSCP_53344	0.9993628975	0.02272599144	3	Vemurafenib	LSM-1068	BRAF	10uM	SKMEL1	6h	LINCSCP_53344
LINCSCP_27174	0.9993627546	0.02272854046	3	Merck-Ketone	LSM-36779	NA	10uM	HT29	6h	LINCSCP_27174
LINCSCP_163167	0.9993625781	0.02273168824	3	PD-0325901	LSM-1101	MAP2K1|MAP2K2	0.12uM	SKBR3	3h	LINCSCP_163167
LINCSCP_128052	0.9993625614	0.02273198599	3	Cabozantinib	LSM-1195	KDR|MET	10uM	HUES3	24h	LINCSCP_128052
LINCSCP_166280	-0.9993624252	0.02273441504	3	Veliparib	LSM-1146	PARP1|PARP2	0.12uM	SKL	24h	LINCSCP_166280
LINCSCP_239475	-0.9993623556	0.02273565522	3	ZINC01282667	LSM-4831	NA	10uM	MCF7	24h	LINCSCP_239475
LINCSCP_221365	0.9993621397	0.02273950417	3	CHEMBL2144875	LSM-6105	NA	10uM	HEPG2	6h	LINCSCP_221365
LINCSCP_102267	-0.9993618909	0.02274393908	3	179324-69-7	LSM-6281	ADRM1|PSMA1|PSMA2|PSMA3|PSMA4|PSMA5|PSMA6|PSMA7|PSMA8|PSMB1|PSMB10|PSMB11|PSMB2|PSMB3|PSMB4|PSMB5|PSMB6|PSMB7|PSMB8|PSMB9|PSMC1|PSMC2|PSMC3|PSMC4|PSMC5|PSMC6|PSMD1|PSMD11|PSMD12|PSMD13|PSMD14|PSMD2|PSMD3|PSMD4|PSMD6|PSMD7|PSMD8|SEM1	20uM	HELA	24h	LINCSCP_102267
LINCSCP_14557	-0.9993616916	0.0227474919	3	RG 14620	LSM-42910	EGFR	10uM	HA1E	6h	LINCSCP_14557
LINCSCP_77475	0.9993616106	0.02274893377	3	Tauroursodeoxy cholic acid dihydrate	LSM-45947	NA	0.12uM	A375	24h	LINCSCP_77475
LINCSCP_59352	-0.9993614014	0.02275266232	3	CHEMBL2134189	LSM-39985	NA	10uM	VCAP	6h	LINCSCP_59352
LINCSCP_99758	0.999361025	0.02275936658	3	Tamatinib	LSM-1040	SYK	1.11uM	HCC515	24h	LINCSCP_99758
LINCSCP_1355	-0.9993608275	0.02276288505	3	BRD-A07407288	LSM-1460	NA	10uM	A375	24h	LINCSCP_1355
LINCSCP_312329	0.9993598918	0.02277954267	3	BRD-K51041684	LSM-11546	NA	3uM	VCAP	24h	LINCSCP_312329
LINCSCP_141311	0.9993598337	0.02278057505	3	Meclofenamic acid	LSM-3108	ALOX5|PTGS1|PTGS2	10uM	MCF7	24h	LINCSCP_141311
LINCSCP_146886	0.9993590126	0.02279518242	3	Pracinostat	LSM-43290	NA	3.33uM	NEU	24h	LINCSCP_146886
LINCSCP_111904	0.9993587517	0.02279982075	3	Amuvatinib	LSM-1118	FLT3|KIT|MET|PDGFRA	3.33uM	HEPG2	24h	LINCSCP_111904
LINCSCP_156884	0.999358701	0.02280072275	3	MG-132	LSM-1107	PSMB1	20uM	PC3	24h	LINCSCP_156884
LINCSCP_101597	-0.9993574674	0.02282264407	3	THIOCTIC ACID	LSM-45889	NA	10uM	HELA	24h	LINCSCP_101597
LINCSCP_36318	-0.9993573171	0.02282531328	3	13-Hydroxy-8,14,19-trimethoxy-4,10,12,16-tetramethyl-3,20,22-trioxo-2-azabicyclo[16.3.1]docosa-1(21),4,6,10,18-pentaen-9-yl carbamate	LSM-42815	HSP90AA1	0.01uM	MCF7	6h	LINCSCP_36318
LINCSCP_263870	0.9993567478	0.02283542207	3	FK 866	LSM-43216	NAMPT	10uM	NPC	24h	LINCSCP_263870
LINCSCP_112099	0.9993567275	0.02283578175	3	PHA-767491	LSM-6304	NA	1.11uM	HEPG2	24h	LINCSCP_112099
LINCSCP_151466	0.9993567098	0.02283609747	3	Amuvatinib	LSM-1118	FLT3|KIT|MET|PDGFRA	0.04uM	PC3	24h	LINCSCP_151466
LINCSCP_35002	0.9993563592	0.02284231949	3	BRD-K00141503	LSM-37287	NA	5uM	MCF7	24h	LINCSCP_35002
LINCSCP_10869	-0.9993563394	0.0228426714	3	T6129388	LSM-2451	NA	10uM	ASC	24h	LINCSCP_10869
LINCSCP_286970	-0.9993559064	0.0228503543	3	BRD-A81936046	LSM-4484	NA	10uM	SNUC4	6h	LINCSCP_286970
LINCSCP_74282	0.9993553417	0.02286036953	3	TG 100801	LSM-45980	BLK|EPHB4|FGFR1|FGFR2|FGR|FLT1|FRK|FYN|HCK|KDR|LCK|LYN|PDGFRB|SRC|SRMS|YES1	0.37uM	A375	24h	LINCSCP_74282
LINCSCP_94014	-0.999354845	0.02286917463	3	Y-39983	LSM-1150	ROCK1|ROCK2	10uM	HA1E	24h	LINCSCP_94014
LINCSCP_240771	-0.999354814	0.02286972416	3	BRD-A28746609	LSM-1102	NR1I2|TUBB	10uM	MCF7	6h	LINCSCP_240771
LINCSCP_56100	0.9993547825	0.02287028323	3	Bulleyaconitine-A	LSM-1415	NA	10uM	VCAP	6h	LINCSCP_56100
LINCSCP_19260	0.9993546221	0.02287312558	3	Rita	LSM-6201	MDM2	10uM	HCC515	24h	LINCSCP_19260
LINCSCP_104670	-0.9993543358	0.02287819945	3	Rilmenidine	LSM-4253	ADRA2A|NISCH	3.33uM	HELA	24h	LINCSCP_104670
LINCSCP_38922	0.9993537395	0.02288876346	3	GSK-3 Inhibitor IX	LSM-42780	GSK3A|GSK3B	0.1uM	MDAMB231	24h	LINCSCP_38922
LINCSCP_47885	-0.9993531454	0.02289928175	3	NCGC00016955-01	LSM-5228	ACE	10uM	PC3	6h	LINCSCP_47885
LINCSCP_106705	-0.9993526478	0.02290808883	3	Formoterol	LSM-4251	ADRB2	3.33uM	HELA	24h	LINCSCP_106705
LINCSCP_214850	-0.9993524284	0.0229119708	3	SCHEMBL12187882	LSM-2029	PTPN1|PTPN11	10uM	HCC515	6h	LINCSCP_214850
LINCSCP_22244	0.9993521225	0.02291738256	3	NCGC00012961	LSM-3757	NA	10uM	HEPG2	6h	LINCSCP_22244
LINCSCP_97535	-0.999351576	0.02292704757	3	SPECTRUM_000011	LSM-1767	NA	10uM	HA1E	24h	LINCSCP_97535
LINCSCP_237850	-0.9993515551	0.02292741783	3	Rifapentine	LSM-46028	CYP2C8|CYP2C9|CYP3A4	10uM	MCF7	24h	LINCSCP_237850
LINCSCP_120474	-0.9993509429	0.02293823817	3	GSK-1070916	LSM-1062	AURKB|AURKC	3.33uM	HT29	24h	LINCSCP_120474
LINCSCP_239879	-0.9993505949	0.02294438786	3	PLX-4720	LSM-1049	BRAF	10uM	MCF7	24h	LINCSCP_239879
LINCSCP_208295	0.9993504852	0.02294632606	3	Raclopride	LSM-2064	DRD2|DRD3	10uM	HA1E	24h	LINCSCP_208295
LINCSCP_175264	-0.9993503268	0.02294912453	3	Albendazole	LSM-3782	NA	1.11uM	YAPC	24h	LINCSCP_175264
LINCSCP_101031	0.9993485895	0.02297979149	3	C-Fms Inhibitor	LSM-1196	NA	0.37uM	HCC515	24h	LINCSCP_101031
LINCSCP_226754	-0.9993483923	0.02298326941	3	(S)-Nateglinide	LSM-3892	ABCC8|KCNJ11	10uM	HT29	6h	LINCSCP_226754
LINCSCP_244070	-0.9993483849	0.02298340054	3	ZINC03849581	LSM-5861	NA	10uM	MCF7	24h	LINCSCP_244070
LINCSCP_44203	-0.9993480918	0.02298856824	3	Papaverine	LSM-2338	PDE10A	10uM	PC3	24h	LINCSCP_44203
LINCSCP_248968	0.9993478154	0.0229934418	3	BRD-K39049859	LSM-39424	NA	5uM	MCF7	24h	LINCSCP_248968
LINCSCP_234243	-0.9993477778	0.02299410547	3	KO143	LSM-6260	ABCG2	40uM	JHUEM2	6h	LINCSCP_234243
LINCSCP_275986	-0.9993476425	0.02299649131	3	BRD-M30758753	LSM-45021	NA	5uM	PC3	24h	LINCSCP_275986
LINCSCP_27873	0.9993473764	0.02300118033	3	BRD-K25199340	LSM-38644	NA	5uM	HT29	24h	LINCSCP_27873
LINCSCP_117133	-0.999346891	0.02300973416	3	761437-28-9	LSM-1208	NA	10uM	HT29	24h	LINCSCP_117133
LINCSCP_47196	0.9993468712	0.023010082	3	CHEMBL2135770	LSM-38343	NA	10uM	PC3	6h	LINCSCP_47196
LINCSCP_192021	0.99934646	0.02301732542	3	Ethamivan	LSM-2846	NA	10uM	A549	6h	LINCSCP_192021
LINCSCP_24157	-0.9993457293	0.02303019025	3	13-Hydroxy-8,14,19-trimethoxy-4,10,12,16-tetramethyl-3,20,22-trioxo-2-azabicyclo[16.3.1]docosa-1(21),4,6,10,18-pentaen-9-yl carbamate	LSM-42815	HSP90AA1	1uM	HL60	6h	LINCSCP_24157
LINCSCP_240528	-0.9993455729	0.02303294281	3	Salmeterol	LSM-1240	ADRB2	10uM	MCF7	24h	LINCSCP_240528
LINCSCP_168331	0.9993455286	0.02303372247	3	Pantoprazole	LSM-1390	ATP4A|ATP4B	10.05uM	YAPC	24h	LINCSCP_168331
LINCSCP_289849	-0.9993450668	0.02304184853	3	Meclofenamic acid	LSM-3108	ALOX5|PTGS1|PTGS2	10uM	VCAP	6h	LINCSCP_289849
LINCSCP_53733	-0.999345011	0.02304283098	3	Trifluoperazine	LSM-4010	DRD2|DRD3|DRD4|HTR2A|HTR2C	10uM	SNU1040	6h	LINCSCP_53733
LINCSCP_63956	-0.9993449432	0.0230440241	3	BRD-K97103850	LSM-14395	NA	5uM	VCAP	6h	LINCSCP_63956
LINCSCP_33033	0.9993448224	0.02304614848	3	Probenecid	LSM-4140	SLC22A11|SLC22A6|SLC22A8	10uM	MCF7	6h	LINCSCP_33033
LINCSCP_112047	-0.9993447205	0.0230479403	3	PDK1 Inhibitor	LSM-1081	PDPK1	0.12uM	HEPG2	24h	LINCSCP_112047
LINCSCP_16557	-0.9993446411	0.02304933648	3	Alvocidib	LSM-1011	CDK1|CDK2|CDK4|CDK5|CDK6|CDK7|CDK8|CDK9|EGFR|PYGM	10uM	HA1E	6h	LINCSCP_16557
LINCSCP_222667	-0.9993442974	0.02305538062	3	Ruxolitinib	LSM-1139	JAK1|JAK2|TYK2	1uM	HS578T	24h	LINCSCP_222667
LINCSCP_28443	-0.9993435903	0.02306781128	3	SCHEMBL17497583	LSM-44604	NA	1uM	HT29	24h	LINCSCP_28443
LINCSCP_14775	-0.9993434602	0.02307009652	3	CHEMBL1208118	LSM-3598	ENTPD3	10uM	HA1E	24h	LINCSCP_14775
LINCSCP_81777	-0.9993432355	0.02307404537	3	CGP 60474	LSM-1025	CDK1	1.11uM	A549	24h	LINCSCP_81777
LINCSCP_32042	0.9993431415	0.02307569548	3	SC_I_004	LSM-45332	NA	10uM	MCF7	6h	LINCSCP_32042
LINCSCP_127053	-0.9993430523	0.02307726343	3	179324-69-7	LSM-6281	ADRM1|PSMA1|PSMA2|PSMA3|PSMA4|PSMA5|PSMA6|PSMA7|PSMA8|PSMB1|PSMB10|PSMB11|PSMB2|PSMB3|PSMB4|PSMB5|PSMB6|PSMB7|PSMB8|PSMB9|PSMC1|PSMC2|PSMC3|PSMC4|PSMC5|PSMC6|PSMD1|PSMD11|PSMD12|PSMD13|PSMD14|PSMD2|PSMD3|PSMD4|PSMD6|PSMD7|PSMD8|SEM1	20uM	HT29	24h	LINCSCP_127053
LINCSCP_95377	0.9993425654	0.02308581438	3	Ursolic acid	LSM-4889	HSD11B1|PTPN1	0.04uM	HA1E	24h	LINCSCP_95377
LINCSCP_98979	-0.9993423048	0.02309039026	3	EMD-1214063	LSM-45557	MET	3.33uM	HA1E	24h	LINCSCP_98979
LINCSCP_45941	-0.9993420694	0.02309452171	3	CID-2858522	LSM-3337	NA	10uM	PC3	24h	LINCSCP_45941
LINCSCP_106810	0.9993420051	0.02309565055	3	BRD-A69951442-001-01-3	LSM-4466	NR3C1	0.12uM	HELA	24h	LINCSCP_106810
LINCSCP_260634	-0.9993419247	0.02309706196	3	Menadione	LSM-3755	NA	10uM	NKDBA	24h	LINCSCP_260634
LINCSCP_94938	0.9993414153	0.02310599986	3	Azacitidine	LSM-5218	DNMT1|DNMT3A	1.11uM	HA1E	24h	LINCSCP_94938
LINCSCP_93958	-0.9993409046	0.02311495835	3	PENICILLIN V POTASSIUM	LSM-45657	NA	0.12uM	HA1E	24h	LINCSCP_93958
LINCSCP_4985	0.9993401586	0.02312803841	3	MLS001065857	LSM-3390	NA	10uM	A549	24h	LINCSCP_4985
LINCSCP_115151	-0.9993397002	0.02313607046	3	Dasatinib	LSM-1020	ABL1|BCR|BLK|EPHA2|FGR|FRK|FYN|HCK|KIT|LCK|LYN|PDGFRB|SRC|SRMS|YES1	0.04uM	HS578T	3h	LINCSCP_115151
LINCSCP_284658	-0.9993392609	0.02314376623	3	3-{3-[(1,3-Benzothiazol-2-ylsulfanyl)methyl]-4-hydroxy-5-methoxyphenyl}-2-cyanoprop-2-enamide	LSM-2158	ERBB2	10uM	SKB	24h	LINCSCP_284658
LINCSCP_101044	0.9993389178	0.02314977459	3	331771-20-1	LSM-1096	AURKA|AURKB	0.12uM	HCC515	24h	LINCSCP_101044
LINCSCP_68571	-0.9993387894	0.02315202358	3	Withaferin A	LSM-6685	IKBKB|NAMPT	10uM	VCAP	24h	LINCSCP_68571
LINCSCP_45142	0.9993382106	0.02316215627	3	HLI-373	LSM-6225	MDM2	10uM	PC3	6h	LINCSCP_45142
LINCSCP_191445	0.9993375316	0.02317403644	3	Lithocholic acid	LSM-5371	NR1I2|VDR	10uM	A549	24h	LINCSCP_191445
LINCSCP_55658	-0.9993373055	0.02317799078	3	Bapta-AM	LSM-2908	KCNA3|KCNA5|KCNH2	10uM	VCAP	24h	LINCSCP_55658
LINCSCP_42740	-0.9993372235	0.02317942495	3	Piplartine	LSM-42914	NA	10uM	NPC	24h	LINCSCP_42740
LINCSCP_243487	-0.9993370681	0.02318214291	3	Flavoxate	LSM-3050	PDE4A|PDE4B|PDE4C|PDE4D|PDE7A|PDE7B|PDE8A|PDE8B	10uM	MCF7	24h	LINCSCP_243487
LINCSCP_211605	-0.9993366919	0.02318871982	3	ST50903421	LSM-4642	NA	10uM	HA1E	6h	LINCSCP_211605
LINCSCP_11497	-0.9993366128	0.02319010288	3	AC1OCDAW	LSM-1622	TOP2A	10uM	ASC	24h	LINCSCP_11497
LINCSCP_10568	0.99933651	0.02319190007	3	MLS003448149	LSM-3003	NA	10uM	AGS	6h	LINCSCP_10568
LINCSCP_31070	-0.9993357912	0.02320446023	3	MLS-0315821.0002	LSM-3022	NA	10uM	MCF7	6h	LINCSCP_31070
LINCSCP_20063	0.9993356307	0.02320726484	3	NCGC00172397-01	LSM-36640	NA	10uM	HCC515	6h	LINCSCP_20063
LINCSCP_73708	-0.9993355729	0.02320827309	3	Perindopril	LSM-4080	ACE	3.33uM	A375	24h	LINCSCP_73708
LINCSCP_272946	0.999335376	0.02321171243	3	Glycopyrrolate	LSM-5163	CHRM1|CHRM2|CHRM3	10uM	PC3	6h	LINCSCP_272946
LINCSCP_249253	-0.9993351383	0.02321586383	3	BRD-K46815273	LSM-39876	NA	5uM	MCF7	24h	LINCSCP_249253
LINCSCP_130125	0.9993348586	0.02322074678	3	Tamatinib	LSM-1040	SYK	0.37uM	LNCAP	3h	LINCSCP_130125
LINCSCP_112856	-0.999334458	0.02322774001	3	CHIR-265	LSM-1207	BRAF|KDR	1.11uM	HEPG2	24h	LINCSCP_112856
LINCSCP_141804	0.9993336983	0.02324099329	3	Isosorbide Mononitrate	LSM-5883	GUCY1A2|GUCY1A3|GUCY1B3	3.33uM	MCF7	24h	LINCSCP_141804
LINCSCP_97973	-0.9993336086	0.02324255816	3	179324-69-7	LSM-6281	ADRM1|PSMA1|PSMA2|PSMA3|PSMA4|PSMA5|PSMA6|PSMA7|PSMA8|PSMB1|PSMB10|PSMB11|PSMB2|PSMB3|PSMB4|PSMB5|PSMB6|PSMB7|PSMB8|PSMB9|PSMC1|PSMC2|PSMC3|PSMC4|PSMC5|PSMC6|PSMD1|PSMD11|PSMD12|PSMD13|PSMD14|PSMD2|PSMD3|PSMD4|PSMD6|PSMD7|PSMD8|SEM1	20uM	HA1E	24h	LINCSCP_97973
LINCSCP_114286	0.9993335364	0.02324381844	3	Cyclohexanecarboxamide, 4-(1-aminoethyl)-n-4-pyridinyl-, trans-	LSM-1177	ROCK1|ROCK2	0.04uM	HME1	24h	LINCSCP_114286
LINCSCP_207814	0.9993326664	0.02325898649	3	Skiii	LSM-2462	SPHK1	40uM	H1299	6h	LINCSCP_207814
LINCSCP_11624	0.9993319832	0.02327089082	3	SB590885	LSM-42746	BRAF	10uM	BT20	24h	LINCSCP_11624
LINCSCP_56527	0.9993306435	0.02329421522	3	Fenoterol	LSM-1948	ADRB2	10uM	VCAP	6h	LINCSCP_56527
LINCSCP_121535	0.9993294657	0.02331470315	3	Ixabepilone	LSM-43293	TUBA1A|TUBA1B|TUBA1C|TUBA3E|TUBA4A|TUBB|TUBB1|TUBB2A|TUBB2B|TUBB3|TUBB4A|TUBB4B|TUBB6|TUBB8	10uM	HT29	24h	LINCSCP_121535
LINCSCP_8963	0.9993294008	0.02331583109	3	BRD-K79793338	LSM-13299	NA	10uM	A549	24h	LINCSCP_8963
LINCSCP_30712	0.9993293702	0.02331636416	3	YK 4-279	LSM-4933	DHX9|FLI1	10uM	MCF7	6h	LINCSCP_30712
LINCSCP_77284	0.9993291789	0.02331968936	3	AMG 232	LSM-45882	NA	0.37uM	A375	24h	LINCSCP_77284
LINCSCP_272648	-0.9993287224	0.02332762352	3	Dipivefrin	LSM-1583	ADRA1A|ADRA1B|ADRA1D|ADRA2A|ADRA2B|ADRA2C|ADRB1|ADRB2|ADRB3	10uM	PC3	24h	LINCSCP_272648
LINCSCP_22871	-0.999328452	0.02333232171	3	Talniflumate	LSM-1960	CLCA1	10uM	HEPG2	6h	LINCSCP_22871
LINCSCP_93919	-0.9993275715	0.02334761478	3	Defactinib	LSM-45153	PTK2|PTK2B	3.33uM	HA1E	24h	LINCSCP_93919
LINCSCP_130609	0.9993274611	0.02334953073	3	CP466722	LSM-1009	ATM	1.11uM	MCF10A	24h	LINCSCP_130609
LINCSCP_7876	-0.9993273899	0.02335076741	3	SA-432998	LSM-40721	NA	10uM	A549	24h	LINCSCP_7876
LINCSCP_108685	-0.9993273836	0.02335087643	3	Entinostat	LSM-4811	HDAC1|HDAC10|HDAC11|HDAC2|HDAC3|HDAC4|HDAC5|HDAC6|HDAC7|HDAC8|HDAC9	1.11uM	HELA	24h	LINCSCP_108685
LINCSCP_277317	-0.9993273663	0.02335117693	3	BRD-K49367140	LSM-40011	NA	5uM	PC3	24h	LINCSCP_277317
LINCSCP_36082	0.9993272992	0.02335234162	3	Dactolisib	LSM-4255	MTOR|PIK3CA|PIK3CB|PIK3CD|PIK3CG|PIK3R1|PIK3R2|PIK3R3|PIK3R5	0.001uM	MCF7	6h	LINCSCP_36082
LINCSCP_64868	0.9993271826	0.02335436616	3	Helveticoside	LSM-42700	NA	1uM	VCAP	24h	LINCSCP_64868
LINCSCP_66432	0.9993267986	0.02336103025	3	Wortmannin	LSM-3947	PIK3CA|PIK3CG|PLK1	10uM	A375	24h	LINCSCP_66432
LINCSCP_67623	0.999326692	0.02336288004	3	Mebendazole	LSM-3749	NA	5uM	MCF7	6h	LINCSCP_67623
LINCSCP_279408	-0.9993266708	0.02336324864	3	BRD-K09054764	LSM-37757	NA	10uM	PC3	6h	LINCSCP_279408
LINCSCP_117240	0.9993261419	0.02337242241	3	KU-55933	LSM-1074	ATM	3.33uM	HT29	24h	LINCSCP_117240
LINCSCP_29639	-0.9993259581	0.02337561068	3	WZ3105	LSM-5970	CLK2|CSNK1E|FLT3|ULK1	1uM	MCF10A	24h	LINCSCP_29639
LINCSCP_45585	0.9993258339	0.02337776515	3	CHEMBL1720543	LSM-2670	NA	10uM	PC3	6h	LINCSCP_45585
LINCSCP_6279	0.9993257891	0.02337854181	3	BRD-K72381041	LSM-41194	NA	10uM	A549	6h	LINCSCP_6279
LINCSCP_58323	-0.9993255645	0.02338243599	3	CID755673	LSM-2050	NA	10uM	VCAP	24h	LINCSCP_58323
LINCSCP_93224	-0.9993249298	0.02339343671	3	MG-132	LSM-1107	PSMB1	20uM	HA1E	24h	LINCSCP_93224
LINCSCP_66677	-0.99932486	0.02339464542	3	Vorinostat	LSM-3828	HDAC1|HDAC2|HDAC3|HDAC6|HDAC8	3uM	A549	24h	LINCSCP_66677
LINCSCP_83716	-0.9993248187	0.02339536161	3	HY-11007	LSM-1022	ABL1|BCR	10uM	ASC.C	24h	LINCSCP_83716
LINCSCP_54282	0.9993245175	0.02340057926	3	Tipifarnib	LSM-6258	CHURC1-FNTB|FNTA|FNTB	10uM	SW620	6h	LINCSCP_54282
LINCSCP_96411	0.9993244383	0.02340195234	3	Podofilox	LSM-3055	NA	0.37uM	HA1E	24h	LINCSCP_96411
LINCSCP_18804	-0.9993242397	0.02340539254	3	Mirtazapine	LSM-1706	ADRA2A|ADRA2B|ADRA2C|HTR2A|HTR2C|HTR3A	10uM	HCC515	24h	LINCSCP_18804
LINCSCP_1263	-0.9993226993	0.02343205553	3	MLS002729074	LSM-1256	NA	10uM	A375	6h	LINCSCP_1263
LINCSCP_37701	0.9993225671	0.02343434378	3	SA-1459714	LSM-40033	NA	1uM	MCF7	24h	LINCSCP_37701
LINCSCP_86900	0.9993225597	0.02343447125	3	C30H33N3O5S	LSM-1156	ATM	0.04uM	CD34	24h	LINCSCP_86900
LINCSCP_139640	0.9993222752	0.02343939271	3	Selumetinib	LSM-1056	MAP2K1|MAP2K2	1.11uM	MCF7	24h	LINCSCP_139640
LINCSCP_116325	-0.9993220596	0.02344311955	3	CP466722	LSM-1009	ATM	10uM	HT29	24h	LINCSCP_116325
LINCSCP_44528	-0.9993220143	0.02344390314	3	SCHEMBL12187882	LSM-2029	PTPN1|PTPN11	10uM	PC3	24h	LINCSCP_44528
LINCSCP_32976	0.9993218285	0.02344711653	3	SPECTRUM_001418	LSM-1664	ADRB2	10uM	MCF7	6h	LINCSCP_32976
LINCSCP_4278	0.9993217089	0.02344918365	3	Leu-Enkephalin	LSM-1461	OPRD1|OPRM1	10uM	A549	6h	LINCSCP_4278
LINCSCP_49934	-0.9993215968	0.02345112116	3	Mocetinostat	LSM-5344	HDAC1|HDAC11|HDAC2|HDAC3|HDAC8	10uM	PHH	24h	LINCSCP_49934
LINCSCP_203993	0.999321429	0.02345402279	3	Ambroxol	LSM-3260	CYP3A4	10uM	ASC	24h	LINCSCP_203993
LINCSCP_142430	-0.9993213801	0.02345486697	3	MK-2206	LSM-1057	AKT1|AKT2|AKT3	0.37uM	MCF7	24h	LINCSCP_142430
LINCSCP_47828	-0.9993213714	0.02345501782	3	Bicalutamide	LSM-1437	AR	10uM	PC3	6h	LINCSCP_47828
LINCSCP_152214	0.9993211323	0.0234591497	3	HY-11007	LSM-1022	ABL1|BCR	0.04uM	PC3	24h	LINCSCP_152214
LINCSCP_5609	-0.9993208081	0.02346475093	3	Dehydrocholic acid	LSM-5960	NA	10uM	A549	24h	LINCSCP_5609
LINCSCP_217310	0.9993206458	0.02346755425	3	BRD-K70508482	LSM-41104	NA	10uM	HCC515	6h	LINCSCP_217310
LINCSCP_30693	-0.999318948	0.0234968644	3	MLS000564806	LSM-4368	NA	10uM	MCF7	6h	LINCSCP_30693
LINCSCP_11489	-0.9993187065	0.02350103001	3	Salsolinol	LSM-4243	NA	10uM	ASC	24h	LINCSCP_11489
LINCSCP_34871	-0.9993185254	0.02350415376	3	BRD-K50795058	LSM-44783	NA	5uM	MCF7	24h	LINCSCP_34871
LINCSCP_31115	0.9993178114	0.02351646592	3	MLS-0435542.0001	LSM-1937	NA	10uM	MCF7	24h	LINCSCP_31115
LINCSCP_96154	0.9993174172	0.02352325976	3	FK888	LSM-3876	TACR1	0.37uM	HA1E	24h	LINCSCP_96154
LINCSCP_207323	-0.9993172859	0.02352552167	3	Risperidone	LSM-3193	ADRA1A|ADRA1B|DRD2|DRD3|DRD4|HRH1|HTR1A|HTR1D|HTR2A|HTR2C	10uM	FIBRNPC	6h	LINCSCP_207323
LINCSCP_157155	-0.999317252	0.02352610572	3	Vinburnine	LSM-2891	NA	0.08uM	PC3	24h	LINCSCP_157155
LINCSCP_88515	-0.9993170884	0.02352892418	3	HG-14-10-04	LSM-6345	NA	10uM	HA1E	24h	LINCSCP_88515
LINCSCP_140592	-0.9993169653	0.0235310458	3	Corvasal	LSM-25617	NA	3.33uM	MCF7	24h	LINCSCP_140592
LINCSCP_66658	-0.9993165311	0.02353852407	3	Wortmannin	LSM-3947	PIK3CA|PIK3CG|PLK1	10uM	A549	24h	LINCSCP_66658
LINCSCP_83206	-0.9993156377	0.02355390529	3	SB525334	LSM-1121	TGFBR1	10uM	ASC.C	24h	LINCSCP_83206
LINCSCP_212637	-0.9993151873	0.02356165647	3	BRD-K10436544	LSM-45992	NA	0.1uM	HA1E	6h	LINCSCP_212637
LINCSCP_115408	-0.9993151519	0.02356226458	3	Ruxolitinib	LSM-1139	JAK1|JAK2|TYK2	0.12uM	HS578T	3h	LINCSCP_115408
LINCSCP_11779	0.9993148638	0.02356722053	3	SCHEMBL15556278	LSM-1002	DDR1	0.1uM	BT20	24h	LINCSCP_11779
LINCSCP_29673	0.9993145092	0.02357331946	3	NU-7441	LSM-1061	PRKDC	0.1uM	MCF10A	6h	LINCSCP_29673
LINCSCP_212275	-0.9993140704	0.02358086399	3	Ampi	LSM-4982	NA	20uM	HA1E	24h	LINCSCP_212275
LINCSCP_68522	-0.9993138193	0.02358518063	3	LY-294002	LSM-2597	MTOR|PIK3CA|PIK3CB|PIK3CD|PIK3CG|PLK1|PRKDC	10uM	VCAP	24h	LINCSCP_68522
LINCSCP_191756	0.9993120572	0.02361544826	3	Simvastatin	LSM-2492	HMGCR	10uM	A549	24h	LINCSCP_191756
LINCSCP_71897	-0.9993114844	0.02362527883	3	Methixene	LSM-1467	CHRM1|CHRM5|HTR2C	10uM	A375	24h	LINCSCP_71897
LINCSCP_23814	-0.999311276	0.02362885463	3	Trichostatin A, Streptomyces Sp.	LSM-42814	HDAC1|HDAC10|HDAC3|HDAC4|HDAC6|HDAC7|HDAC8	3.33uM	HEPG2	24h	LINCSCP_23814
LINCSCP_82056	-0.9993112287	0.0236296658	3	AT 7867	LSM-1155	NA	10uM	A549	24h	LINCSCP_82056
LINCSCP_13041	0.9993110203	0.02363324114	3	2-(6-Methyl-1H-indol-3-yl)ethanamine	LSM-37177	NA	10uM	FIBRNPC	24h	LINCSCP_13041
LINCSCP_254556	0.9993109907	0.02363374843	3	SA-1939945	LSM-42073	NA	0.5uM	MCF7	6h	LINCSCP_254556
LINCSCP_10346	0.9993095605	0.02365826694	3	Minoxidil	LSM-2134	ABCC9|KCNJ11|KCNJ8	10uM	A673	6h	LINCSCP_10346
LINCSCP_20749	-0.9993095591	0.02365829171	3	Hydrocortisone Hemisuccinate	LSM-5816	NR3C1	10uM	HCC515	6h	LINCSCP_20749
LINCSCP_105647	0.9993094411	0.02366031295	3	(E)-5-((4-((2-Carboxyethyl)carbamoyl)phenyl)diazenyl)-2-hydroxybenzoic acid	LSM-5532	ALOX5|PPARG|PTGS1|PTGS2	1.11uM	HELA	24h	LINCSCP_105647
LINCSCP_106743	-0.9993090287	0.02366737795	3	MG-132	LSM-1107	PSMB1	20uM	HELA	24h	LINCSCP_106743
LINCSCP_64847	-0.9993088364	0.02367067122	3	BRD-K01251033	LSM-15016	NA	10uM	VCAP	24h	LINCSCP_64847
LINCSCP_6483	0.9993087592	0.02367199322	3	VX222	LSM-5873	NA	10uM	A549	24h	LINCSCP_6483
LINCSCP_130239	-0.9993082075	0.0236814389	3	BMS-387032	LSM-1132	CDK2|CDK7|CDK9	0.37uM	LNCAP	3h	LINCSCP_130239
LINCSCP_29133	-0.9993078702	0.02368721116	3	BMS-536924	LSM-1210	IGF1R	10uM	JHUEM2	6h	LINCSCP_29133
LINCSCP_19277	-0.999307854	0.02368748926	3	AKT Inhibitor VIII	LSM-1035	AKT1|AKT2	10uM	HCC515	24h	LINCSCP_19277
LINCSCP_82490	-0.9993062802	0.02371440668	3	PF-03758309	LSM-4254	PAK4	3.33uM	A549	24h	LINCSCP_82490
LINCSCP_81227	-0.9993061333	0.02371691834	3	PLX-4720	LSM-1049	BRAF	3.33uM	A549	24h	LINCSCP_81227
LINCSCP_107261	-0.9993060348	0.02371860175	3	Anagrelide	LSM-3380	PDE3A|PDE3B	1.11uM	HELA	24h	LINCSCP_107261
LINCSCP_30710	0.9993053406	0.0237304633	3	L-Sulforaphane	LSM-4919	NFE2L2	10uM	MCF7	6h	LINCSCP_30710
LINCSCP_65548	-0.999305139	0.02373390675	3	BRD-K96194602	LSM-42493	NA	10uM	VCAP	6h	LINCSCP_65548
LINCSCP_31351	-0.9993048453	0.02373892312	3	MLS003329219	LSM-2578	NA	10uM	MCF7	24h	LINCSCP_31351
LINCSCP_7229	-0.9993047727	0.02374016253	3	Azacyclonol	LSM-4191	NA	10uM	A549	6h	LINCSCP_7229
LINCSCP_6744	0.9993044869	0.02374504342	3	CHEMBL602850	LSM-1328	NA	10uM	A549	24h	LINCSCP_6744
LINCSCP_197904	0.9993041052	0.02375155769	3	BRD-K77908171	LSM-13193	NA	5uM	A549	24h	LINCSCP_197904
LINCSCP_105075	-0.9993021354	0.02378515458	3	PSI-6130	LSM-45483	NA	0.04uM	HELA	24h	LINCSCP_105075
LINCSCP_116597	-0.9993014041	0.02379761471	3	Palbociclib	LSM-1071	CCND1|CDK4|CDK6	1.11uM	HT29	24h	LINCSCP_116597
LINCSCP_32912	0.9993013592	0.02379837854	3	Amitriptyline	LSM-3190	CHRM1|CHRM2|CHRM3|CHRM4|CHRM5|HRH1|HTR6|SLC6A2|SLC6A4	10uM	MCF7	24h	LINCSCP_32912
LINCSCP_79229	0.9993010059	0.02380439588	3	BRD-K00199686	LSM-45455	NA	0.12uM	A375	24h	LINCSCP_79229
LINCSCP_273499	0.9993006737	0.023810053	3	Celecoxib	LSM-2032	PTGS2	10uM	PC3	6h	LINCSCP_273499
LINCSCP_146783	0.9993003531	0.02381551035	3	AGK 2	LSM-43196	SIRT2	10uM	NEU	24h	LINCSCP_146783
LINCSCP_72027	-0.9993003199	0.0238160752	3	Gimeracil	LSM-45923	NA	0.12uM	A375	24h	LINCSCP_72027
LINCSCP_231769	-0.9993001451	0.02381905105	3	CHEMBL3184905	LSM-39753	NA	5uM	HT29	24h	LINCSCP_231769
LINCSCP_262071	-0.9992995814	0.02382864351	3	Bisoprolol	LSM-1886	ADRB1	10uM	NPC	24h	LINCSCP_262071
LINCSCP_138330	0.9992990967	0.02383688778	3	AC480 (BMS-599626)	LSM-45494	EGFR|ERBB2|ERBB4	10uM	MCF7	24h	LINCSCP_138330
LINCSCP_21927	-0.9992987301	0.02384312026	3	MLS-0435534.0001	LSM-3879	NA	10uM	HEPG2	6h	LINCSCP_21927
LINCSCP_7551	0.9992985096	0.02384686956	3	5-Methyl-hydantoin	LSM-4463	NA	10uM	A549	24h	LINCSCP_7551
LINCSCP_87377	0.9992983814	0.02384904825	3	CHEMBL1950303	LSM-1058	NA	10uM	CD34	24h	LINCSCP_87377
LINCSCP_74802	-0.9992981593	0.02385282379	3	AC480 (BMS-599626)	LSM-45494	EGFR|ERBB2|ERBB4	1.11uM	A375	24h	LINCSCP_74802
LINCSCP_103452	-0.9992981128	0.02385361401	3	Nandrolone	LSM-5630	AR|CYP19A1|MAOA|MAOB|NISCH	10uM	HELA	24h	LINCSCP_103452
LINCSCP_266315	0.999297949	0.02385639803	3	Desipramine	LSM-3351	SLC6A2|SLC6A4	10uM	PC3	24h	LINCSCP_266315
LINCSCP_62340	0.9992974605	0.02386469778	3	BRD-K00199686	LSM-8436	NA	5uM	VCAP	6h	LINCSCP_62340
LINCSCP_23171	-0.9992962899	0.02388457291	3	BRD-K31856043	LSM-39013	NA	10uM	HEPG2	6h	LINCSCP_23171
LINCSCP_37096	-0.9992960572	0.02388852258	3	SA-1938820	LSM-38649	NA	0.5uM	MCF7	6h	LINCSCP_37096
LINCSCP_211516	0.9992957213	0.02389422105	3	KI-16425	LSM-5013	LPAR1|LPAR3	10uM	HA1E	6h	LINCSCP_211516
LINCSCP_132799	-0.9992950862	0.02390499344	3	Sirolimus	LSM-42783	FKBP1A|MTOR	1.11uM	MCF7	24h	LINCSCP_132799
LINCSCP_108642	0.9992947999	0.02390984897	3	Nicaraven	LSM-45966	NA	3.33uM	HELA	24h	LINCSCP_108642
LINCSCP_65162	-0.9992946961	0.02391160908	3	BRD-K53923090	LSM-40230	NA	10uM	VCAP	6h	LINCSCP_65162
LINCSCP_307605	-0.9992943325	0.02391777207	3	BRD-K80496944	LSM-13350	NA	5uM	VCAP	6h	LINCSCP_307605
LINCSCP_101187	0.9992943048	0.02391824147	3	179324-69-7	LSM-6281	ADRM1|PSMA1|PSMA2|PSMA3|PSMA4|PSMA5|PSMA6|PSMA7|PSMA8|PSMB1|PSMB10|PSMB11|PSMB2|PSMB3|PSMB4|PSMB5|PSMB6|PSMB7|PSMB8|PSMB9|PSMC1|PSMC2|PSMC3|PSMC4|PSMC5|PSMC6|PSMD1|PSMD11|PSMD12|PSMD13|PSMD14|PSMD2|PSMD3|PSMD4|PSMD6|PSMD7|PSMD8|SEM1	20uM	HELA	24h	LINCSCP_101187
LINCSCP_70294	-0.999294269	0.02391884867	3	Resveratrol	LSM-42917	PTGS1|PTGS2|SIRT1	3.33uM	A375	24h	LINCSCP_70294
LINCSCP_13704	0.9992938431	0.02392606532	3	L-733060	LSM-2345	TACR1	10uM	HA1E	24h	LINCSCP_13704
LINCSCP_42565	-0.9992935088	0.02393172931	3	XE991	LSM-2949	KCNQ1|KCNQ2|KCNQ3	10uM	NPC	24h	LINCSCP_42565
LINCSCP_15899	-0.9992931424	0.02393793456	3	MLS000089581	LSM-3886	NA	10uM	HA1E	6h	LINCSCP_15899
LINCSCP_165922	-0.9992922456	0.02395311688	3	CGK733	LSM-1610	ATM|ATR	10uM	SKL	24h	LINCSCP_165922
LINCSCP_34596	-0.9992922443	0.02395313881	3	SCHEMBL4098081	LSM-5539	NA	10uM	MCF7	6h	LINCSCP_34596
LINCSCP_146697	-0.9992912126	0.02397059229	3	SCHEMBL618594	LSM-1070	NA	0.12uM	NEU	24h	LINCSCP_146697
LINCSCP_69424	-0.9992903639	0.02398494165	3	MK-2206	LSM-1057	AKT1|AKT2|AKT3	1.11uM	A375	24h	LINCSCP_69424
LINCSCP_172466	0.9992894178	0.02400092634	3	179324-69-7	LSM-6281	ADRM1|PSMA1|PSMA2|PSMA3|PSMA4|PSMA5|PSMA6|PSMA7|PSMA8|PSMB1|PSMB10|PSMB11|PSMB2|PSMB3|PSMB4|PSMB5|PSMB6|PSMB7|PSMB8|PSMB9|PSMC1|PSMC2|PSMC3|PSMC4|PSMC5|PSMC6|PSMD1|PSMD11|PSMD12|PSMD13|PSMD14|PSMD2|PSMD3|PSMD4|PSMD6|PSMD7|PSMD8|SEM1	20uM	YAPC	24h	LINCSCP_172466
LINCSCP_181474	-0.9992894153	0.02400096804	3	BRD-K05442673	LSM-8749	NA	5uM	A375	24h	LINCSCP_181474
LINCSCP_251136	-0.999289384	0.02400149663	3	Wortmannin	LSM-3947	PIK3CA|PIK3CG|PLK1	0.001uM	MCF7	6h	LINCSCP_251136
LINCSCP_84818	-0.9992892031	0.02400455187	3	MLN-8054	LSM-1066	AURKA	1.11uM	ASC	24h	LINCSCP_84818
LINCSCP_118984	-0.9992889329	0.02400911434	3	Dolutegravir (GSK1349572)	LSM-45596	NA	1.11uM	HT29	24h	LINCSCP_118984
LINCSCP_124073	0.9992885426	0.02401570336	3	RG7388	LSM-45958	NA	10uM	HT29	24h	LINCSCP_124073
LINCSCP_57511	0.9992875351	0.02403270459	3	MLS003370611	LSM-1508	NA	10uM	VCAP	24h	LINCSCP_57511
LINCSCP_27545	-0.9992874058	0.02403488476	3	BRD-K52954098	LSM-11660	NA	5uM	HT29	24h	LINCSCP_27545
LINCSCP_5262	-0.9992873193	0.02403634497	3	VU0424182-2	LSM-2902	NA	10uM	A549	6h	LINCSCP_5262
LINCSCP_44117	-0.9992866387	0.02404782059	3	(Z,E)-3-(imidazol-4-Ylmethylene)indolin-2-one	LSM-42866	EGFR	10uM	PC3	6h	LINCSCP_44117
LINCSCP_170553	-0.9992865552	0.02404922753	3	BMS-299897	LSM-6207	NA	0.37uM	YAPC	24h	LINCSCP_170553
LINCSCP_46425	0.9992863083	0.02405338855	3	CHEMBL2354474	LSM-37873	NA	10uM	PC3	24h	LINCSCP_46425
LINCSCP_61125	0.9992859708	0.02405907602	3	BRD-K38304019	LSM-10747	NA	5uM	VCAP	6h	LINCSCP_61125
LINCSCP_27205	-0.9992857266	0.02406319004	3	CHEMBL2355150	LSM-39523	NA	10uM	HT29	6h	LINCSCP_27205
LINCSCP_111187	-0.9992854296	0.02406819288	3	CP-724714	LSM-42777	ERBB2	10uM	HEPG2	24h	LINCSCP_111187
LINCSCP_59140	-0.9992852201	0.02407172181	3	XMD-1499	LSM-42713	EPHB3	10uM	VCAP	6h	LINCSCP_59140
LINCSCP_48788	-0.9992848792	0.02407746199	3	MLS003130060	LSM-15143	NA	10uM	PC3	24h	LINCSCP_48788
LINCSCP_134027	-0.9992844902	0.02408401033	3	PF-03758309	LSM-4254	PAK4	1.11uM	MCF7	24h	LINCSCP_134027
LINCSCP_13964	0.9992836163	0.02409871633	3	Relcovaptan	LSM-4185	AVPR1A|OXTR	10uM	HA1E	6h	LINCSCP_13964
LINCSCP_211969	0.9992832054	0.02410562752	3	BRD-K57678861	LSM-40430	NA	10uM	HA1E	6h	LINCSCP_211969
LINCSCP_62765	-0.9992826095	0.02411564641	3	BRD-K15418616	LSM-9351	NA	5uM	VCAP	24h	LINCSCP_62765
LINCSCP_65984	-0.9992825204	0.02411714318	3	BRD-K46532981	LSM-39847	NA	3uM	VCAP	24h	LINCSCP_65984
LINCSCP_15415	-0.9992824551	0.0241182409	3	Menadione	LSM-3755	NA	10uM	HA1E	24h	LINCSCP_15415
LINCSCP_181600	-0.999282333	0.02412029302	3	BRD-K53285126	LSM-11678	NA	5uM	A375	24h	LINCSCP_181600
LINCSCP_211777	0.9992823123	0.02412064077	3	Dexamethasone	LSM-5512	NR3C1	10uM	HA1E	6h	LINCSCP_211777
LINCSCP_3165	-0.9992820069	0.02412577356	3	BRD-K90256762	LSM-14975	NA	5uM	A375	24h	LINCSCP_3165
LINCSCP_125523	0.9992819935	0.02412599931	3	SB743921	LSM-45775	NA	0.04uM	HT29	24h	LINCSCP_125523
LINCSCP_74644	-0.9992818898	0.02412774157	3	Nebivolol	LSM-45235	NA	0.04uM	A375	24h	LINCSCP_74644
LINCSCP_111412	0.9992817214	0.0241305707	3	Radicicol	LSM-43303	NA	0.37uM	HEPG2	24h	LINCSCP_111412
LINCSCP_121070	0.9992816891	0.02413111235	3	Cytarabine	LSM-5470	POLA1|POLB|POLD1|POLE	0.37uM	HT29	24h	LINCSCP_121070
LINCSCP_127445	0.9992812489	0.02413850686	3	Fenoterol	LSM-1948	ADRB2	3.33uM	HT29	24h	LINCSCP_127445
LINCSCP_4466	0.9992810128	0.02414247112	3	Rilmenidine	LSM-4253	ADRA2A|NISCH	10uM	A549	24h	LINCSCP_4466
LINCSCP_34422	-0.999280842	0.02414533876	3	Guanethidine	LSM-6719	SLC6A2	10uM	MCF7	6h	LINCSCP_34422
LINCSCP_289762	0.9992804123	0.02415255232	3	BAY-117821	LSM-42889	NA	10uM	VCAP	6h	LINCSCP_289762
LINCSCP_51550	0.9992803711	0.02415324358	3	CI-1040	LSM-1048	MAP2K1|MAP2K2	1uM	SKBR3	6h	LINCSCP_51550
LINCSCP_181704	0.9992801929	0.0241562345	3	BRD-K87748653	LSM-13809	NA	5uM	A375	24h	LINCSCP_181704
LINCSCP_5249	-0.9992795069	0.0241677445	3	AC1MCK5A	LSM-2707	NA	10uM	A549	6h	LINCSCP_5249
LINCSCP_39741	0.9992789009	0.02417790677	3	CHEMBL1434137	LSM-6234	RARG	40uM	MDST8	6h	LINCSCP_39741
LINCSCP_26490	0.9992788992	0.02417793513	3	CID_706244	LSM-4583	NA	10uM	HT29	6h	LINCSCP_26490
LINCSCP_19394	-0.9992780158	0.0241927421	3	ZM336372	LSM-6268	NA	100uM	HCC515	24h	LINCSCP_19394
LINCSCP_14836	-0.9992778862	0.02419491407	3	Coleoforsin	LSM-1644	ADCY2|ADCY5	10uM	HA1E	6h	LINCSCP_14836
LINCSCP_305423	-0.9992772743	0.02420516324	3	BRD-K96534186	LSM-14348	NA	5uM	VCAP	6h	LINCSCP_305423
LINCSCP_149845	-0.9992770306	0.02420924565	3	BS-181	LSM-6305	NA	0.37uM	NPC.TAK	24h	LINCSCP_149845
LINCSCP_31165	0.9992766763	0.0242151764	3	T5361010	LSM-3008	NA	10uM	MCF7	24h	LINCSCP_31165
LINCSCP_2906	-0.9992765841	0.02421672116	3	CCT 018159	LSM-3461	HSP90AA1	10uM	A375	6h	LINCSCP_2906
LINCSCP_7844	0.9992764017	0.0242197739	3	BRD-K44781077	LSM-6118	NA	10uM	A549	24h	LINCSCP_7844
LINCSCP_5115	-0.9992763527	0.02422059446	3	Triazine Scaffold, 27	LSM-2772	NA	10uM	A549	6h	LINCSCP_5115
LINCSCP_29504	-0.9992757951	0.0242299239	3	TORIN1	LSM-1079	MTOR	0.1uM	MCF10A	24h	LINCSCP_29504
LINCSCP_243792	-0.9992734171	0.02426967806	3	Picotamide	LSM-3497	TBXA2R	10uM	MCF7	6h	LINCSCP_243792
LINCSCP_120450	-0.9992727039	0.02428158698	3	Temoporfin	LSM-45995	NA	3.33uM	HT29	24h	LINCSCP_120450
LINCSCP_129059	0.9992726734	0.02428209623	3	amcinonide	NA	NA	0.04uM	HUVEC	24h	LINCSCP_129059
LINCSCP_63775	-0.9992726189	0.02428300584	3	BRD-K08371414	LSM-8932	NA	5uM	VCAP	6h	LINCSCP_63775
LINCSCP_27839	0.9992723717	0.02428713268	3	BRD-K01275558	LSM-37347	NA	5uM	HT29	24h	LINCSCP_27839
LINCSCP_143281	0.9992714412	0.02430265881	3	cortisone-acetate	LSM-45387	TUBA1A|TUBA1B|TUBA1C|TUBA3E|TUBA4A|TUBB|TUBB1|TUBB2A|TUBB2B|TUBB3|TUBB4A|TUBB4B|TUBB6|TUBB8	1.11uM	MCF7	24h	LINCSCP_143281
LINCSCP_45752	-0.9992712926	0.02430513753	3	MLS003337117	LSM-4169	NA	10uM	PC3	24h	LINCSCP_45752
LINCSCP_306942	-0.9992707529	0.02431413721	3	BRD-K10835142	LSM-9087	NA	5uM	VCAP	6h	LINCSCP_306942
LINCSCP_133778	-0.9992705248	0.02431794018	3	Entinostat	LSM-4811	HDAC1|HDAC10|HDAC11|HDAC2|HDAC3|HDAC4|HDAC5|HDAC6|HDAC7|HDAC8|HDAC9	0.37uM	MCF7	24h	LINCSCP_133778
LINCSCP_164928	-0.9992689445	0.02434426978	3	amcinonide	NA	NA	0.37uM	SKL.C	24h	LINCSCP_164928
LINCSCP_142576	0.9992685753	0.02435041707	3	Volasertib (BI 6727)	LSM-45277	PLK1	0.04uM	MCF7	24h	LINCSCP_142576
LINCSCP_168898	0.9992684911	0.02435181917	3	Idebenone	LSM-5505	NA	0.37uM	YAPC	24h	LINCSCP_168898
LINCSCP_141292	-0.9992678814	0.02436196638	3	MG-132	LSM-1107	PSMB1	20uM	MCF7	24h	LINCSCP_141292
LINCSCP_253340	-0.9992676345	0.02436607409	3	SA-1922927	LSM-40473	NA	3uM	MCF7	6h	LINCSCP_253340
LINCSCP_52826	0.9992673882	0.02437017219	3	Flurandrenolide	LSM-1993	NR3C1	10uM	SKB	24h	LINCSCP_52826
LINCSCP_19442	0.99926716	0.02437396773	3	16Beta-bromoandrosterone	LSM-6294	G6PD	10uM	HCC515	24h	LINCSCP_19442
LINCSCP_253803	0.9992667888	0.0243801412	3	Mebendazole	LSM-3749	NA	10uM	MCF7	6h	LINCSCP_253803
LINCSCP_19206	0.9992665836	0.02438355268	3	SB258585	LSM-3812	HTR6	10uM	HCC515	6h	LINCSCP_19206
LINCSCP_156514	0.9992657825	0.02439686649	3	Cabazitaxel	LSM-46002	NA	0.12uM	PC3	24h	LINCSCP_156514
LINCSCP_131844	-0.9992656147	0.02439965502	3	Neratinib	LSM-42778	EGFR|ERBB2|ERBB4	10uM	MCF7	24h	LINCSCP_131844
LINCSCP_179406	0.9992648398	0.02441252625	3	Motesanib	LSM-1042	FLT1|FLT4|KDR|KIT|PDGFRA|PDGFRB|RET	10uM	A375	6h	LINCSCP_179406
LINCSCP_11975	0.9992641777	0.02442351795	3	Palbociclib	LSM-1071	CCND1|CDK4|CDK6	0.1uM	BT20	6h	LINCSCP_11975
LINCSCP_312539	-0.999264114	0.02442457536	3	BRD-K76915833	LSM-41472	NA	10uM	VCAP	24h	LINCSCP_312539
LINCSCP_191998	-0.9992622807	0.02445498498	3	Coumarin	LSM-2519	NA	10uM	A549	6h	LINCSCP_191998
LINCSCP_94122	-0.9992617696	0.02446345576	3	Targinine	LSM-36418	NA	3.33uM	HA1E	24h	LINCSCP_94122
LINCSCP_167890	-0.9992606478	0.02448203745	3	TAS-103 (dihydrochloride)	LSM-45292	NA	1.11uM	YAPC	24h	LINCSCP_167890
LINCSCP_147899	0.9992600734	0.02449154765	3	Mocetinostat	LSM-5344	HDAC1|HDAC11|HDAC2|HDAC3|HDAC8	0.12uM	NPC.CAS9	24h	LINCSCP_147899
LINCSCP_15846	-0.9992597415	0.0244970396	3	MLS-0390876.0001	LSM-2129	NA	10uM	HA1E	6h	LINCSCP_15846
LINCSCP_255171	-0.9992595292	0.02450055334	3	Tozasertib	LSM-1021	ABL1|AURKA|AURKB|AURKC|BCR|FLT3|JAK2	3uM	MCF7	24h	LINCSCP_255171
LINCSCP_38162	-0.9992593617	0.02450332408	3	Belinostat	LSM-43181	HDAC1|HDAC10|HDAC11|HDAC2|HDAC3|HDAC4|HDAC5|HDAC6|HDAC7|HDAC8|HDAC9	1uM	MCF7	24h	LINCSCP_38162
LINCSCP_81288	-0.9992583598	0.02451989372	3	Dactolisib	LSM-4255	MTOR|PIK3CA|PIK3CB|PIK3CD|PIK3CG|PIK3R1|PIK3R2|PIK3R3|PIK3R5	1.11uM	A549	24h	LINCSCP_81288
LINCSCP_202202	-0.9992581844	0.02452279384	3	SCHEMBL17497626	LSM-44605	NA	0.5uM	A549	6h	LINCSCP_202202
LINCSCP_99475	0.9992580757	0.02452459099	3	C21H27N7O3	LSM-1128	AKT1|AKT2|AKT3|PRKCQ	3.33uM	HCC515	24h	LINCSCP_99475
LINCSCP_130179	0.9992578099	0.02452898419	3	PHA-793887	LSM-1073	CDK1|CDK10|CDK11B|CDK12|CDK13|CDK14|CDK15|CDK16|CDK17|CDK18|CDK19|CDK2|CDK20|CDK3|CDK4|CDK5|CDK6|CDK7|CDK8|CDK9	0.37uM	LNCAP	3h	LINCSCP_130179
LINCSCP_270650	0.9992572442	0.02453833093	3	GSK429286A	LSM-1012	ROCK1	10uM	PC3	24h	LINCSCP_270650
LINCSCP_27114	-0.9992569909	0.02454251556	3	3,5-Bis(4-methylbenzylidene)piperidin-4-one	LSM-2827	SENP2|USP1|USP2|USP7	10uM	HT29	6h	LINCSCP_27114
LINCSCP_61440	0.9992565449	0.02454988116	3	BRD-K33116513	LSM-10444	NA	5uM	VCAP	24h	LINCSCP_61440
LINCSCP_260096	0.9992560134	0.02455865595	3	3-(4-Pyridyl)indole	LSM-4569	ROCK1	10uM	NEU	6h	LINCSCP_260096
LINCSCP_106387	-0.9992558584	0.02456121483	3	MG-132	LSM-1107	PSMB1	20uM	HELA	24h	LINCSCP_106387
LINCSCP_35072	-0.9992549783	0.02457573751	3	CHEMBL3188581	LSM-38540	NA	5uM	MCF7	24h	LINCSCP_35072
LINCSCP_134271	-0.9992540328	0.02459132768	3	PD-0325901	LSM-1101	MAP2K1|MAP2K2	10uM	MCF7	24h	LINCSCP_134271
LINCSCP_83997	-0.9992536656	0.02459738134	3	ZINC77024257	LSM-1171	MDM2	0.04uM	ASC.C	24h	LINCSCP_83997
LINCSCP_168288	0.9992529012	0.02460997565	3	Medetomidine	LSM-1722	NA	0.04uM	YAPC	24h	LINCSCP_168288
LINCSCP_52096	0.9992526561	0.02461401305	3	PHA-665752	LSM-42793	MET	0.5uM	SKBR3	6h	LINCSCP_52096
LINCSCP_190473	0.9992526528	0.0246140676	3	BRD-K30640165	LSM-6775	NA	10uM	A549	24h	LINCSCP_190473
LINCSCP_6657	-0.9992525637	0.02461553437	3	WHI-P97	LSM-1033	JAK3	10uM	A549	6h	LINCSCP_6657
LINCSCP_28806	0.9992524882	0.02461677775	3	BRD-K47977047-001-01-2	LSM-6836	NA	10uM	HUH7	24h	LINCSCP_28806
LINCSCP_44958	-0.9992523166	0.02461960387	3	AC1M52QF	LSM-43140	NA	10uM	PC3	24h	LINCSCP_44958
LINCSCP_112104	0.9992515719	0.02463186331	3	CDK9 Inhibitor	LSM-1197	NA	3.33uM	HEPG2	24h	LINCSCP_112104
LINCSCP_12698	0.9992514757	0.02463344531	3	ALDA 1	LSM-6212	ALDH2	40uM	COV644	6h	LINCSCP_12698
LINCSCP_67908	0.9992512608	0.02463698155	3	Vorinostat	LSM-3828	HDAC1|HDAC2|HDAC3|HDAC6|HDAC8	10uM	PC3	24h	LINCSCP_67908
LINCSCP_48432	0.9992510822	0.02463992086	3	BRD-K24698610	LSM-38618	NA	10uM	PC3	24h	LINCSCP_48432
LINCSCP_52709	0.9992503127	0.02465257747	3	Hyoscine N-Oxide	LSM-1606	CHRM1|CHRM2|CHRM3|CHRM4	10uM	SKB	24h	LINCSCP_52709
LINCSCP_7429	0.999250136	0.02465548361	3	NCGC00018102-06	LSM-2250	CACNA1G|CACNA1H	10uM	A549	6h	LINCSCP_7429
LINCSCP_19752	0.9992500109	0.02465754014	3	MLS002264439	LSM-3154	NA	10uM	HCC515	6h	LINCSCP_19752
LINCSCP_46659	0.999249936	0.02465877149	3	Raltitrexed	LSM-5952	TYMS	10uM	PC3	6h	LINCSCP_46659
LINCSCP_299320	-0.9992498101	0.02466084027	3	BRD-K00816633	LSM-8486	NA	5uM	VCAP	24h	LINCSCP_299320
LINCSCP_40819	0.999249655	0.02466339056	3	MLS002699913	LSM-2152	NA	10uM	NEU	24h	LINCSCP_40819
LINCSCP_7225	-0.9992491915	0.02467100683	3	Cis-2-Methoxycinnamic Acid	LSM-43046	NA	10uM	A549	6h	LINCSCP_7225
LINCSCP_170102	-0.9992480758	0.02468933369	3	Tizanidine	LSM-5242	ADRA2A|ADRA2B|ADRA2C	1.11uM	YAPC	24h	LINCSCP_170102
LINCSCP_46914	-0.9992473106	0.02470189394	3	5,6-Dichlorobenzimidazole riboside	LSM-5138	CSNK2A1	10uM	PC3	6h	LINCSCP_46914
LINCSCP_104698	-0.9992471839	0.0247039731	3	Iguratimod	LSM-45469	NA	0.04uM	HELA	24h	LINCSCP_104698
LINCSCP_137989	0.9992465261	0.02471476586	3	Berberine	LSM-6553	NA	3.33uM	MCF7	24h	LINCSCP_137989
LINCSCP_29112	-0.9992462095	0.02471995786	3	LDN 193189	LSM-1115	ACVR1|BMPR1A	10uM	JHUEM2	6h	LINCSCP_29112
LINCSCP_30093	-0.9992460668	0.02472229871	3	Linifanib	LSM-1183	CSF1R|FLT1|FLT3|FLT4|KDR|PDGFRA|PDGFRB	0.1uM	MCF10A	6h	LINCSCP_30093
LINCSCP_30690	0.9992452463	0.02473574939	3	STK064652	LSM-6186	NA	10uM	MCF7	6h	LINCSCP_30690
LINCSCP_44756	0.9992451481	0.0247373584	3	MAZ51	LSM-43044	FLT4	10uM	PC3	24h	LINCSCP_44756
LINCSCP_14015	0.9992451097	0.02473798695	3	Pentosalen	LSM-2140	NA	10uM	HA1E	24h	LINCSCP_14015
LINCSCP_31291	0.9992447862	0.0247432875	3	SR-03000001971	LSM-43027	NA	10uM	MCF7	6h	LINCSCP_31291
LINCSCP_258887	-0.9992437849	0.02475968804	3	BRD-K09424864	LSM-8999	NA	10uM	NEU	24h	LINCSCP_258887
LINCSCP_73395	0.999242967	0.0247730763	3	LXR-623	LSM-45897	NR1H2|NR1H3	0.12uM	A375	24h	LINCSCP_73395
LINCSCP_148646	-0.9992420834	0.02478753091	3	SB525334	LSM-1121	TGFBR1	1.11uM	NPC	24h	LINCSCP_148646
LINCSCP_36109	0.999240519	0.02481310193	3	Estradiol	LSM-2421	ESR1|ESR2|NR1I2	0.01uM	MCF7	6h	LINCSCP_36109
LINCSCP_140458	0.9992397934	0.02482495349	3	Dienogest	LSM-45823	NA	0.04uM	MCF7	24h	LINCSCP_140458
LINCSCP_20090	0.9992397377	0.02482586335	3	OM137	LSM-5379	NA	10uM	HCC515	6h	LINCSCP_20090
LINCSCP_81097	0.9992391397	0.02483562597	3	GSK 1059615	LSM-42799	PIK3CA|PIK3CB|PIK3CD|PIK3CG	0.37uM	A549	24h	LINCSCP_81097
LINCSCP_121061	-0.9992386848	0.02484305034	3	Eugenol	LSM-2720	NA	10uM	HT29	24h	LINCSCP_121061
LINCSCP_108987	-0.9992381468	0.02485182762	3	MG-132	LSM-1107	PSMB1	20uM	HELA	24h	LINCSCP_108987
LINCSCP_26347	-0.9992379512	0.02485501802	3	Topotecan	LSM-5662	TOP1|TOP1MT	10uM	HT29	6h	LINCSCP_26347
LINCSCP_71283	-0.999237081	0.0248692072	3	Hypericin	LSM-2650	NA	10uM	A375	24h	LINCSCP_71283
LINCSCP_138108	-0.9992370699	0.02486938935	3	Nepafenac	LSM-45729	PTGS1|PTGS2	10uM	MCF7	24h	LINCSCP_138108
LINCSCP_18604	-0.9992370537	0.02486965343	3	GP 1A	LSM-3458	CNR2	10uM	HCC515	24h	LINCSCP_18604
LINCSCP_74365	-0.9992361401	0.02488454035	3	Everolimus	LSM-43172	FKBP1A|MTOR	0.37uM	A375	24h	LINCSCP_74365
LINCSCP_79015	-0.9992359451	0.02488771707	3	Atorvastatin	LSM-5771	DPP4|HMGCR	10uM	A375	24h	LINCSCP_79015
LINCSCP_238475	-0.9992353703	0.02489707852	3	MLS002477154	LSM-1676	XIAP	10uM	MCF7	6h	LINCSCP_238475
LINCSCP_81861	0.9992343414	0.02491382522	3	Dasatinib	LSM-1020	ABL1|BCR|BLK|EPHA2|FGR|FRK|FYN|HCK|KIT|LCK|LYN|PDGFRB|SRC|SRMS|YES1	1.11uM	A549	24h	LINCSCP_81861
LINCSCP_159885	0.9992342336	0.02491557958	3	BRD-A99911370	LSM-45442	NA	3.33uM	PC3	24h	LINCSCP_159885
LINCSCP_373	0.9992342041	0.0249160596	3	ML9	LSM-3531	NA	10uM	A375	24h	LINCSCP_373
LINCSCP_60114	-0.9992339217	0.02492065378	3	BRD-K50108835	LSM-7492	NA	5uM	VCAP	6h	LINCSCP_60114
LINCSCP_21749	-0.9992337863	0.02492285561	3	PF-04217903	LSM-1166	MET	40uM	HEPG2	6h	LINCSCP_21749
LINCSCP_62604	0.9992337459	0.02492351373	3	BRD-K98998964	LSM-14508	NA	5uM	VCAP	6h	LINCSCP_62604
LINCSCP_751	0.9992331423	0.02493332928	3	423735-93-7	LSM-3308	NA	10uM	A375	24h	LINCSCP_751
LINCSCP_128733	0.9992331341	0.02493346305	3	Olaparib	LSM-1145	PARP1|PARP2|PARP3	10uM	HUVEC	24h	LINCSCP_128733
LINCSCP_55393	-0.9992330497	0.02493483537	3	Tretinoin	LSM-42854	RARA|RARB|RARG|RORB	3uM	U937	6h	LINCSCP_55393
LINCSCP_40797	0.9992326547	0.02494125506	3	AC1MG5Y0	LSM-4794	NA	10uM	NEU	24h	LINCSCP_40797
LINCSCP_160299	0.999232407	0.02494528098	3	Epothilone B (EPO906, Patupilone)	LSM-46001	NA	3.33uM	PC3	24h	LINCSCP_160299
LINCSCP_159616	-0.9992321525	0.02494941774	3	AZD3514	LSM-45831	AR	1.11uM	PC3	24h	LINCSCP_159616
LINCSCP_64241	0.9992318273	0.02495470032	3	BRD-K02109522	LSM-37391	NA	5uM	VCAP	24h	LINCSCP_64241
LINCSCP_15686	0.9992312304	0.02496439442	3	VX-11E	LSM-6291	MAPK1	0.5uM	HA1E	6h	LINCSCP_15686
LINCSCP_92726	0.999230515	0.02497600945	3	AT-7519	LSM-1004	CDK1|CDK10|CDK11B|CDK12|CDK13|CDK14|CDK15|CDK16|CDK17|CDK18|CDK19|CDK2|CDK20|CDK3|CDK4|CDK5|CDK6|CDK7|CDK8|CDK9	0.04uM	HA1E	24h	LINCSCP_92726
LINCSCP_69378	0.9992297176	0.02498894824	3	BMS-345541	LSM-1028	IKBKB	0.12uM	A375	24h	LINCSCP_69378
LINCSCP_116784	0.9992284404	0.02500965962	3	Lapatinib	LSM-1051	EGFR|ERBB2	0.37uM	HT29	24h	LINCSCP_116784
LINCSCP_45967	-0.9992273982	0.02502654765	3	CHEMBL489621	LSM-4059	NA	10uM	PC3	24h	LINCSCP_45967
LINCSCP_203382	0.9992261021	0.02504753368	3	AC1MCT8Q	LSM-4376	NA	10uM	ASC	24h	LINCSCP_203382
LINCSCP_9169	0.9992257672	0.02505295253	3	Wortmannin	LSM-3947	PIK3CA|PIK3CG|PLK1	1uM	A549	24h	LINCSCP_9169
LINCSCP_68982	-0.99922529	0.02506067386	3	SCHEMBL3954849	LSM-5982	NA	0.37uM	A375	24h	LINCSCP_68982
LINCSCP_10884	0.9992240521	0.02508069065	3	BRD-K35669573	LSM-29348	NA	10uM	ASC	24h	LINCSCP_10884
LINCSCP_87214	0.9992233696	0.02509172028	3	NCGC00346967-01	LSM-6297	EPHB3	0.12uM	CD34	24h	LINCSCP_87214
LINCSCP_94216	-0.9992231835	0.02509472663	3	CEP-18770 (Delanzomib)	LSM-45410	NA	0.04uM	HA1E	24h	LINCSCP_94216
LINCSCP_28789	-0.9992230468	0.02509693491	3	CHEMBL2361748	LSM-6831	NA	10uM	HUH7	24h	LINCSCP_28789
LINCSCP_5704	0.9992229476	0.0250985369	3	(R,S)-Indatraline	LSM-5209	MAOA|MAOB	10uM	A549	24h	LINCSCP_5704
LINCSCP_217560	-0.9992227977	0.02510095789	3	Carbamazepine	LSM-3610	SCN10A|SCN11A|SCN1A|SCN2A|SCN3A|SCN4A|SCN5A|SCN7A|SCN8A|SCN9A	10uM	HCC515	6h	LINCSCP_217560
LINCSCP_152079	0.9992224013	0.02510735826	3	Resveratrol	LSM-42917	PTGS1|PTGS2|SIRT1	10uM	PC3	24h	LINCSCP_152079
LINCSCP_59259	0.9992220289	0.02511337073	3	CHEMBL2143638	LSM-41122	NA	10uM	VCAP	24h	LINCSCP_59259
LINCSCP_258023	-0.9992216399	0.02511964917	3	BRD-K06585517	LSM-15436	NA	10uM	NEU	24h	LINCSCP_258023
LINCSCP_211629	0.9992211832	0.02512701882	3	BRD-K62768020	LSM-45100	NA	10uM	HA1E	6h	LINCSCP_211629
LINCSCP_114162	-0.999220239	0.02514224799	3	Vorinostat	LSM-3828	HDAC1|HDAC2|HDAC3|HDAC6|HDAC8	3.33uM	HME1	24h	LINCSCP_114162
LINCSCP_113143	0.999220198	0.0251429084	3	PD-173074	LSM-1026	FGFR1|FGFR3	0.37uM	HME1	24h	LINCSCP_113143
LINCSCP_95439	-0.9992201204	0.02514416046	3	AC1NWAPU	LSM-1690	NR3C1	3.33uM	HA1E	24h	LINCSCP_95439
LINCSCP_78004	-0.9992200442	0.02514538773	3	Emapunil	LSM-45673	NA	10uM	A375	24h	LINCSCP_78004
LINCSCP_169925	-0.9992195262	0.02515373773	3	Ixabepilone	LSM-43293	TUBA1A|TUBA1B|TUBA1C|TUBA3E|TUBA4A|TUBB|TUBB1|TUBB2A|TUBB2B|TUBB3|TUBB4A|TUBB4B|TUBB6|TUBB8	0.04uM	YAPC	24h	LINCSCP_169925
LINCSCP_7543	0.9992190301	0.02516173202	3	Nitrendipine	LSM-1246	CACNA1C|CACNA1D|CACNA2D1	10uM	A549	24h	LINCSCP_7543
LINCSCP_137961	0.9992182972	0.02517353729	3	MG-132	LSM-1107	PSMB1	20uM	MCF7	24h	LINCSCP_137961
LINCSCP_36990	0.9992179408	0.02517927682	3	VX-745	LSM-1169	MAPK14	10uM	MCF7	6h	LINCSCP_36990
LINCSCP_45825	-0.9992173616	0.02518860048	3	CHEMBL1367741	LSM-42978	NA	10uM	PC3	6h	LINCSCP_45825
LINCSCP_251404	-0.9992169759	0.02519480671	3	AZD-1152-HQPA	LSM-1067	AURKA|AURKB	1uM	MCF7	24h	LINCSCP_251404
LINCSCP_277967	-0.9992168284	0.02519717913	3	BRD-K70900504	LSM-41132	NA	10uM	PC3	24h	LINCSCP_277967
LINCSCP_111644	-0.999216129	0.0252084298	3	PHA-793887	LSM-1073	CDK1|CDK10|CDK11B|CDK12|CDK13|CDK14|CDK15|CDK16|CDK17|CDK18|CDK19|CDK2|CDK20|CDK3|CDK4|CDK5|CDK6|CDK7|CDK8|CDK9	3.33uM	HEPG2	24h	LINCSCP_111644
LINCSCP_38092	-0.999215606	0.02521683971	3	BRD-K74868206	LSM-41348	NA	1uM	MCF7	6h	LINCSCP_38092
LINCSCP_37634	-0.9992152345	0.0252228107	3	Aminopurvalanol	LSM-2151	CDK1|CDK2|CDK5	0.5uM	MCF7	24h	LINCSCP_37634
LINCSCP_69205	0.9992148542	0.02522892246	3	Fedratinib	LSM-1142	FLT3|JAK2	0.12uM	A375	24h	LINCSCP_69205
LINCSCP_59196	0.9992144386	0.02523559943	3	BRD-K31260488	LSM-38973	NA	10uM	VCAP	24h	LINCSCP_59196
LINCSCP_239294	-0.9992135802	0.02524938509	3	Zafirlukast	LSM-5792	CYSLTR1	10uM	MCF7	6h	LINCSCP_239294
LINCSCP_108595	0.9992133399	0.02525324316	3	Neratinib	LSM-42778	EGFR|ERBB2|ERBB4	1.11uM	HELA	24h	LINCSCP_108595
LINCSCP_131418	0.9992124226	0.02526796488	3	Lapatinib	LSM-1051	EGFR|ERBB2	0.12uM	MCF10A	24h	LINCSCP_131418
LINCSCP_34573	-0.9992124178	0.02526804045	3	Emedastine	LSM-5331	HRH1	10uM	MCF7	6h	LINCSCP_34573
LINCSCP_23351	-0.9992123233	0.0252695567	3	Pentamidine	LSM-4540	NA	10uM	HEPG2	24h	LINCSCP_23351
LINCSCP_61246	-0.999211619	0.02528085324	3	BRD-K54602409	LSM-11744	NA	5uM	VCAP	24h	LINCSCP_61246
LINCSCP_77425	0.9992102815	0.02530229206	3	Lafutidine	LSM-45448	NA	1.11uM	A375	24h	LINCSCP_77425
LINCSCP_243260	-0.9992102532	0.02530274566	3	MLS003271340	LSM-3593	NA	10uM	MCF7	6h	LINCSCP_243260
LINCSCP_18259	-0.9992100518	0.02530597227	3	Betulinic acid	LSM-3004	GPBAR1	10uM	HCC515	24h	LINCSCP_18259
LINCSCP_203536	-0.9992099428	0.02530771721	3	CHEMBL3181961	LSM-40921	NA	10uM	ASC	24h	LINCSCP_203536
LINCSCP_160774	0.999209503	0.02531476187	3	Volasertib (BI 6727)	LSM-45277	PLK1	1.11uM	PC3	24h	LINCSCP_160774
LINCSCP_101292	0.9992089535	0.02532355937	3	Cyproheptadine	LSM-5419	HRH1	3.33uM	HELA	24h	LINCSCP_101292
LINCSCP_163092	-0.9992082576	0.02533469748	3	Ruxolitinib	LSM-1139	JAK1|JAK2|TYK2	10uM	SKBR3	24h	LINCSCP_163092
LINCSCP_19853	-0.9992079106	0.02534025054	3	SR3335	LSM-2456	RORA	10uM	HCC515	6h	LINCSCP_19853
LINCSCP_17798	-0.9992076594	0.02534426836	3	DC-45-A2	LSM-6274	NA	10uM	HCC15	6h	LINCSCP_17798
LINCSCP_69609	-0.9992068091	0.0253578659	3	Gefitinib	LSM-1098	EGFR	3.33uM	A375	24h	LINCSCP_69609
LINCSCP_36585	0.9992063883	0.02536459209	3	LRRK2-IN-1	LSM-1086	LRRK2	1uM	MCF7	6h	LINCSCP_36585
LINCSCP_8138	-0.9992061808	0.02536790774	3	BRD-K34230554	LSM-39140	NA	5uM	A549	24h	LINCSCP_8138
LINCSCP_12856	-0.9992060994	0.02536920815	3	BML-259	LSM-6266	CDK2|CDK5	80uM	DV90	6h	LINCSCP_12856
LINCSCP_389	-0.9992060074	0.02537067886	3	Ipsapirone	LSM-4026	HTR1A	10uM	A375	24h	LINCSCP_389
LINCSCP_139348	-0.9992058357	0.02537342244	3	Paricalcitol	LSM-45519	VDR	0.12uM	MCF7	24h	LINCSCP_139348
LINCSCP_71337	-0.999205758	0.02537466373	3	Torsemide	LSM-2662	SLC12A1	10uM	A375	24h	LINCSCP_71337
LINCSCP_39479	-0.9992056919	0.02537571982	3	SCHEMBL16980224	LSM-1092	AURKA	10uM	MDAMB231	24h	LINCSCP_39479
LINCSCP_103630	0.9992056543	0.02537632039	3	TORIN1	LSM-1079	MTOR	0.12uM	HELA	24h	LINCSCP_103630
LINCSCP_46194	-0.9992053508	0.02538116784	3	SCHEMBL15422158	LSM-44565	NA	10uM	PC3	24h	LINCSCP_46194
LINCSCP_73241	0.9992048955	0.02538843914	3	Ganetespib (STA-9090)	LSM-45281	HSP90AA1|HSP90AB1	10uM	A375	24h	LINCSCP_73241
LINCSCP_217886	0.9992048894	0.02538853709	3	TL_HRAS26	LSM-2013	NA	0.12uM	HCC515	24h	LINCSCP_217886
LINCSCP_116914	-0.9992046895	0.02539172893	3	CGP 60474	LSM-1025	CDK1	0.37uM	HT29	24h	LINCSCP_116914
LINCSCP_171882	-0.9992037799	0.0254062459	3	Formoterol	LSM-4251	ADRB2	10uM	YAPC	24h	LINCSCP_171882
LINCSCP_63651	-0.9992027429	0.02542278802	3	BRD-K99874282	LSM-14564	NA	5uM	VCAP	6h	LINCSCP_63651
LINCSCP_259131	-0.9992026817	0.02542376357	3	BRD-K95208083	LSM-14263	NA	10uM	NEU	24h	LINCSCP_259131
LINCSCP_15726	-0.9992024896	0.02542682756	3	MLS002699913	LSM-2152	NA	10uM	HA1E	24h	LINCSCP_15726
LINCSCP_151195	-0.9992022999	0.02542985091	3	Palbociclib	LSM-1071	CCND1|CDK4|CDK6	10uM	PC3	24h	LINCSCP_151195
LINCSCP_126725	0.9992022509	0.02543063282	3	Pazopanib	LSM-1114	CSF1R|FGFR1|FGFR3|FLT1|FLT4|ITK|KDR|KIT|LCK|PDGFRA|PDGFRB	3.33uM	HT29	24h	LINCSCP_126725
LINCSCP_18310	0.9992022322	0.02543092988	3	Haematoxylone, Tetramethyl-	LSM-3804	NA	10uM	HCC515	24h	LINCSCP_18310
LINCSCP_174744	-0.9992016061	0.0254409094	3	RUTIN	LSM-45936	NA	3.33uM	YAPC	24h	LINCSCP_174744
LINCSCP_69626	-0.9992008172	0.02545347677	3	AS-605240	LSM-42784	PIK3CG	10uM	A375	24h	LINCSCP_69626
LINCSCP_129221	0.9992005248	0.02545813384	3	MLS006011051	LSM-42801	BRAF	10uM	HUVEC	24h	LINCSCP_129221
LINCSCP_13537	-0.9991999442	0.02546737771	3	Selumetinib	LSM-1056	MAP2K1|MAP2K2	80uM	H1299	6h	LINCSCP_13537
LINCSCP_42604	-0.999198525	0.02548995836	3	AC1NNAUY	LSM-1660	TPP2	10uM	NPC	24h	LINCSCP_42604
LINCSCP_34626	0.9991984191	0.02549164217	3	Butenafine	LSM-5956	NA	10uM	MCF7	6h	LINCSCP_34626
LINCSCP_17129	-0.9991981228	0.02549635373	3	HDACi1,2+3_mix	NA	NA	10uM	HA1E	6h	LINCSCP_17129
LINCSCP_32497	-0.9991977593	0.02550213273	3	TAE-684	LSM-1024	ALK	10uM	MCF7	24h	LINCSCP_32497
LINCSCP_14427	0.9991975613	0.02550528026	3	102649-78-5	LSM-2565	PRKCA	10uM	HA1E	24h	LINCSCP_14427
LINCSCP_43678	-0.9991968932	0.02551589678	3	LY456236	LSM-3955	GRM1	10uM	NPC	6h	LINCSCP_43678
LINCSCP_150237	0.9991968599	0.02551642555	3	GSK429286A	LSM-1012	ROCK1	0.12uM	NPC.TAK	24h	LINCSCP_150237
LINCSCP_36834	-0.999196503	0.02552209598	3	PF-04217903	LSM-1166	MET	1uM	MCF7	24h	LINCSCP_36834
LINCSCP_14577	0.9991957353	0.02553428658	3	Crotamiton	LSM-42989	NA	10uM	HA1E	6h	LINCSCP_14577
LINCSCP_87178	0.9991956834	0.0255351108	3	CGK733	LSM-1610	ATM|ATR	10uM	CD34	24h	LINCSCP_87178
LINCSCP_59774	0.9991956148	0.02553619997	3	BRD-K50280607	LSM-40057	NA	5uM	VCAP	6h	LINCSCP_59774
LINCSCP_91470	0.9991950325	0.02554544204	3	AT-9283	LSM-37023	ABL1|AURKA|AURKB|FLT3|JAK2|JAK3	1.11uM	HA1E	24h	LINCSCP_91470
LINCSCP_170155	-0.9991945766	0.02555267583	3	AC1Q5RFA	LSM-43063	NA	3.33uM	YAPC	24h	LINCSCP_170155
LINCSCP_224710	-0.999193013	0.0255774715	3	MLS002699921	LSM-3897	NA	10uM	HT29	6h	LINCSCP_224710
LINCSCP_85463	-0.9991929989	0.0255776937	3	Crizotinib	LSM-1027	ALK|MET	0.04uM	BT20	3h	LINCSCP_85463
LINCSCP_92140	0.9991922131	0.02559014607	3	ARMODAFINIL	LSM-45603	NA	10uM	HA1E	24h	LINCSCP_92140
LINCSCP_47726	0.9991921975	0.02559039375	3	Cytarabine	LSM-5470	POLA1|POLB|POLD1|POLE	10uM	PC3	6h	LINCSCP_47726
LINCSCP_79790	-0.9991918433	0.02559600381	3	Anidulafungin	LSM-45534	NA	0.12uM	A375	24h	LINCSCP_79790
LINCSCP_3925	0.999191789	0.02559686387	3	4L7B	LSM-36813	KEAP1	3.33uM	A375	24h	LINCSCP_3925
LINCSCP_26078	-0.9991910984	0.02560779889	3	MW-A1-14	LSM-2695	NA	10uM	HT29	6h	LINCSCP_26078
LINCSCP_298010	-0.9991907917	0.02561265282	3	BRD-K12108140	LSM-7005	NA	5uM	VCAP	6h	LINCSCP_298010
LINCSCP_50492	0.9991906379	0.02561508716	3	Phorbol Myristate Acetate	LSM-25630	NA	3uM	PHH	6h	LINCSCP_50492
LINCSCP_60570	0.9991901958	0.02562208307	3	BRD-K49594309-001-01-6	LSM-7489	NA	5uM	VCAP	24h	LINCSCP_60570
LINCSCP_6597	-0.999190055	0.02562431105	3	SCHEMBL16196749	LSM-42847	NTRK1	10uM	A549	6h	LINCSCP_6597
LINCSCP_279076	-0.9991897373	0.02562933651	3	BRD-K46047563	LSM-39824	NA	10uM	PC3	6h	LINCSCP_279076
LINCSCP_83411	0.9991895057	0.02563300024	3	ABT737	LSM-1180	BCL2|BCL2L1|BCL2L2	0.04uM	ASC.C	24h	LINCSCP_83411
LINCSCP_49441	-0.9991894428	0.02563399505	3	MW-SHH-61	LSM-44611	NA	0.1uM	PC3	6h	LINCSCP_49441
LINCSCP_114184	-0.9991891219	0.0256390686	3	UNC 669	LSM-6337	NA	0.04uM	HME1	24h	LINCSCP_114184
LINCSCP_33392	0.9991884599	0.02564953391	3	CHEMBL34095	LSM-3355	NA	10uM	MCF7	24h	LINCSCP_33392
LINCSCP_88877	-0.9991881487	0.02565445327	3	Belinostat	LSM-43181	HDAC1|HDAC10|HDAC11|HDAC2|HDAC3|HDAC4|HDAC5|HDAC6|HDAC7|HDAC8|HDAC9	0.37uM	HA1E	24h	LINCSCP_88877
LINCSCP_180037	0.9991880613	0.02565583427	3	CHEMBL73824	LSM-2649	SIGMAR1	10uM	A375	6h	LINCSCP_180037
LINCSCP_41040	0.9991877172	0.02566127099	3	BRD-K08293924	LSM-37722	NA	10uM	NEU	24h	LINCSCP_41040
LINCSCP_84991	-0.999186895	0.02567425653	3	C-Fms Inhibitor	LSM-1196	NA	3.33uM	ASC	24h	LINCSCP_84991
LINCSCP_167704	-0.9991857734	0.02569196061	3	Chlorthalidone	LSM-1417	CA7|SLC12A3	1.11uM	YAPC	24h	LINCSCP_167704
LINCSCP_115006	0.9991856917	0.02569324837	3	apigenin	LSM-5206	NA	0.37uM	HS578T	24h	LINCSCP_115006
LINCSCP_262224	0.9991855705	0.02569516124	3	SB-218078	LSM-1274	CHEK1	10uM	NPC	24h	LINCSCP_262224
LINCSCP_106526	-0.9991854461	0.02569712432	3	Lurasidone	LSM-45843	DRD2|HTR2A	3.33uM	HELA	24h	LINCSCP_106526
LINCSCP_3129	-0.9991853483	0.0256986666	3	Beclomethasone Dipropionate	LSM-4209	NR3C1	10uM	A375	6h	LINCSCP_3129
LINCSCP_37741	-0.9991840877	0.02571854538	3	MLS003650115	LSM-42475	NA	1uM	MCF7	24h	LINCSCP_37741
LINCSCP_263397	0.9991838172	0.02572280895	3	RU-24969	LSM-1976	HTR1A|HTR1B|HTR6	10uM	NPC	24h	LINCSCP_263397
LINCSCP_146731	0.9991834603	0.02572843311	3	Iniparib	LSM-6317	PARP1	3.33uM	NEU	24h	LINCSCP_146731
LINCSCP_99754	0.9991828528	0.02573800252	3	GSK-3 Inhibitor IX	LSM-42780	NA	0.12uM	HCC515	24h	LINCSCP_99754
LINCSCP_89603	-0.9991828315	0.02573833892	3	Disopyramide	LSM-1439	SCN10A|SCN11A|SCN1A|SCN2A|SCN3A|SCN4A|SCN5A|SCN7A|SCN8A|SCN9A	3.33uM	HA1E	24h	LINCSCP_89603
LINCSCP_107552	-0.9991821011	0.02574984048	3	MG-132	LSM-1107	PSMB1	20uM	HELA	24h	LINCSCP_107552
LINCSCP_292219	-0.9991820508	0.02575063185	3	ML213	LSM-1324	KCNQ4	10uM	VCAP	24h	LINCSCP_292219
LINCSCP_43708	0.9991817967	0.02575463196	3	Cyclosporine	LSM-42817	PPIA|PPP3CA	10uM	OV7	6h	LINCSCP_43708
LINCSCP_24777	0.9991816546	0.02575686952	3	Rigosertib	LSM-44531	CDK1|F2R|FLT1|FYN|PDGFRA|PLK1|PLK2|SRC	10uM	HS578T	24h	LINCSCP_24777
LINCSCP_50792	-0.9991809188	0.02576844665	3	AS-605240	LSM-42784	PIK3CG	10uM	RKO	6h	LINCSCP_50792
LINCSCP_111622	0.9991808096	0.0257701646	3	Pictilisib	LSM-1047	PIK3CA|PIK3CB|PIK3CD|PIK3CG|PIK3R1|PIK3R2|PIK3R3|PIK3R5	0.37uM	HEPG2	24h	LINCSCP_111622
LINCSCP_195952	-0.9991806058	0.0257733702	3	BRD-K45355730	LSM-11190	NA	5uM	A549	24h	LINCSCP_195952
LINCSCP_43017	-0.9991805641	0.02577402722	3	SA-90377	LSM-40102	NA	10uM	NPC	24h	LINCSCP_43017
LINCSCP_73294	0.9991798478	0.02578529012	3	Siramesine (hydrochloride)	LSM-45705	NA	0.04uM	A375	24h	LINCSCP_73294
LINCSCP_37127	0.9991798428	0.02578536875	3	SA-1939126	LSM-39500	NA	0.5uM	MCF7	6h	LINCSCP_37127
LINCSCP_57104	0.9991794411	0.02579168451	3	MLS000063560	LSM-2612	NA	10uM	VCAP	6h	LINCSCP_57104
LINCSCP_7976	-0.9991786196	0.02580459362	3	BRD-K50177987	LSM-40052	NA	10uM	A549	6h	LINCSCP_7976
LINCSCP_204343	-0.9991785251	0.02580607848	3	3-{3-[(1,3-Benzothiazol-2-ylsulfanyl)methyl]-4-hydroxy-5-methoxyphenyl}-2-cyanoprop-2-enamide	LSM-2158	ERBB2	10uM	ASC	24h	LINCSCP_204343
LINCSCP_129549	-0.9991784671	0.02580698868	3	Sunitinib	LSM-42800	CSF1R|FLT1|FLT3|FLT4|KDR|KIT|PDGFRA|PDGFRB|RET	3.33uM	JURKAT	24h	LINCSCP_129549
LINCSCP_77088	0.9991784277	0.02580760761	3	Sarsasapogenin	LSM-45816	NA	0.02uM	A375	24h	LINCSCP_77088
LINCSCP_237025	-0.9991778644	0.02581645538	3	MLS001065854	LSM-2273	NA	10uM	MCF7	6h	LINCSCP_237025
LINCSCP_176469	0.9991775193	0.02582187407	3	Betazole	LSM-5366	HRH2	10uM	A375	6h	LINCSCP_176469
LINCSCP_57771	-0.9991771191	0.02582815537	3	MLS002264363	LSM-2417	NA	10uM	VCAP	24h	LINCSCP_57771
LINCSCP_51593	-0.9991765601	0.02583692757	3	CHEMBL3188661	LSM-5394	DDR1	10uM	SKBR3	6h	LINCSCP_51593
LINCSCP_22555	-0.9991758377	0.02584826069	3	TAE-684	LSM-1024	ALK	10uM	HEPG2	6h	LINCSCP_22555
LINCSCP_37188	-0.9991757232	0.02585005609	3	SA-97378	LSM-41563	NA	3uM	MCF7	6h	LINCSCP_37188
LINCSCP_40081	0.9991747618	0.02586512883	3	NVP-AUY922	LSM-1162	HSP90AA1|HSP90AB1	10uM	NCIH2073	6h	LINCSCP_40081
LINCSCP_117686	0.9991745991	0.02586767907	3	Aurora A Inhibitor I	LSM-1065	AURKA	0.04uM	HT29	24h	LINCSCP_117686
LINCSCP_21452	0.9991744386	0.02587019441	3	Alfuzosin	LSM-1291	ADRA1A|ADRA1B|ADRA1D	10uM	HEPG2	6h	LINCSCP_21452
LINCSCP_72346	0.9991739139	0.02587841547	3	TRAVOPROST	LSM-45593	PTGFR	3.33uM	A375	24h	LINCSCP_72346
LINCSCP_47693	0.9991733862	0.02588668055	3	Mepenzolate	LSM-5102	CHRM1|CHRM3	10uM	PC3	6h	LINCSCP_47693
LINCSCP_23030	0.999173097	0.02589121003	3	Lasalocid	LSM-2214	NA	10uM	HEPG2	6h	LINCSCP_23030
LINCSCP_155729	-0.9991712254	0.0259204975	3	TAK-733	LSM-45834	MAP2K1|MAP2K2	0.37uM	PC3	24h	LINCSCP_155729
LINCSCP_81171	-0.9991692528	0.02595133071	3	Foretinib	LSM-1158	FLT1|FLT3|FLT4|KDR|KIT|MET|PDGFRA|PDGFRB|TEK	0.04uM	A549	24h	LINCSCP_81171
LINCSCP_207431	-0.9991679497	0.02597167839	3	Wortmannin	LSM-3947	PIK3CA|PIK3CG|PLK1	10uM	FIBRNPC	24h	LINCSCP_207431
LINCSCP_8529	0.9991679102	0.025972295	3	BRD-K58761147	LSM-11981	NA	5uM	A549	24h	LINCSCP_8529
LINCSCP_50084	-0.9991675567	0.0259778127	3	UNII-5308DT8060	LSM-2244	SYK	10uM	PHH	24h	LINCSCP_50084
LINCSCP_68158	-0.9991673084	0.02598168806	3	Trichostatin A, Streptomyces Sp.	LSM-42814	HDAC1|HDAC10|HDAC3|HDAC4|HDAC6|HDAC7|HDAC8	3uM	PC3	24h	LINCSCP_68158
LINCSCP_71234	0.9991672491	0.0259826121	3	MG-132	LSM-1107	PSMB1	20uM	A375	24h	LINCSCP_71234
LINCSCP_39307	0.9991672172	0.02598310972	3	Quizartinib	LSM-1037	CSF1R|FLT3|KIT|PDGFRA|PDGFRB|RET	0.5uM	MDAMB231	6h	LINCSCP_39307
LINCSCP_277810	-0.9991664628	0.02599487796	3	CHEMBL2132570	LSM-37762	NA	10uM	PC3	24h	LINCSCP_277810
LINCSCP_66083	0.9991664592	0.02599493455	3	BRD-K14989056	LSM-38047	NA	10uM	VCAP	24h	LINCSCP_66083
LINCSCP_5955	-0.9991661198	0.02600022663	3	NSC217091	LSM-44943	NA	10uM	A549	24h	LINCSCP_5955
LINCSCP_26414	-0.9991658751	0.02600404214	3	MD-041	LSM-43138	NA	10uM	HT29	6h	LINCSCP_26414
LINCSCP_96531	-0.9991650132	0.02601747534	3	Nilotinib	LSM-1099	ABL1|BCR|KIT	0.37uM	HA1E	24h	LINCSCP_96531
LINCSCP_29675	0.9991648243	0.02602041826	3	NU-7441	LSM-1061	PRKDC	1uM	MCF10A	6h	LINCSCP_29675
LINCSCP_62351	-0.9991640969	0.02603174882	3	BRD-K19416218	LSM-9599	NA	5uM	VCAP	6h	LINCSCP_62351
LINCSCP_296466	-0.9991640368	0.02603268548	3	BRD-K31290665	LSM-38975	NA	5uM	VCAP	24h	LINCSCP_296466
LINCSCP_19581	0.9991637554	0.02603706633	3	10-DEBC	LSM-4710	PIM1	20uM	HCC515	6h	LINCSCP_19581
LINCSCP_167729	-0.9991632651	0.02604469939	3	SPARFLOXACIN	LSM-45959	NA	0.37uM	YAPC	24h	LINCSCP_167729
LINCSCP_82386	-0.9991593642	0.02610534831	3	PD-0325901	LSM-1101	MAP2K1|MAP2K2	1.11uM	A549	24h	LINCSCP_82386
LINCSCP_88207	0.9991588708	0.02611300939	3	Imatinib	LSM-1023	ABL1|BCR|CSF1R|KIT|PDGFRA|PDGFRB	1.11uM	HA1E	24h	LINCSCP_88207
LINCSCP_69671	0.9991587964	0.02611416456	3	CHEMBL1673039	LSM-1093	LRRK2|MAPK7	3.33uM	A375	24h	LINCSCP_69671
LINCSCP_130150	-0.9991587024	0.02611562381	3	BI-2536	LSM-1041	PLK1	0.12uM	LNCAP	3h	LINCSCP_130150
LINCSCP_76051	-0.9991582838	0.02612212014	3	179324-69-7	LSM-6281	ADRM1|PSMA1|PSMA2|PSMA3|PSMA4|PSMA5|PSMA6|PSMA7|PSMA8|PSMB1|PSMB10|PSMB11|PSMB2|PSMB3|PSMB4|PSMB5|PSMB6|PSMB7|PSMB8|PSMB9|PSMC1|PSMC2|PSMC3|PSMC4|PSMC5|PSMC6|PSMD1|PSMD11|PSMD12|PSMD13|PSMD14|PSMD2|PSMD3|PSMD4|PSMD6|PSMD7|PSMD8|SEM1	20uM	A375	24h	LINCSCP_76051
LINCSCP_32373	0.9991572954	0.02613745503	3	CHEMBL3185054	LSM-41334	NA	10uM	MCF7	6h	LINCSCP_32373
LINCSCP_13977	-0.9991566776	0.02614703564	3	PCA-4248	LSM-1433	PTAFR	10uM	HA1E	24h	LINCSCP_13977
LINCSCP_130882	-0.9991565098	0.0261496378	3	CHEMBL1083527	LSM-1122	NA	0.04uM	MCF10A	3h	LINCSCP_130882
LINCSCP_92549	-0.9991561878	0.02615462967	3	Taranabant	LSM-45803	CNR1	1.11uM	HA1E	24h	LINCSCP_92549
LINCSCP_70141	0.9991555658	0.02616426878	3	Ricolinostat	LSM-6324	NA	0.12uM	A375	24h	LINCSCP_70141
LINCSCP_170690	-0.999155369	0.0261673174	3	Camptothecin	LSM-4611	TOP1	0.12uM	YAPC	24h	LINCSCP_170690
LINCSCP_76670	-0.9991551065	0.02617138401	3	MG-132	LSM-1107	PSMB1	20uM	A375	24h	LINCSCP_76670
LINCSCP_156771	0.9991549176	0.02617430963	3	Brexpiprazole	LSM-45790	DRD2|HTR1A|HTR2A	0.37uM	PC3	24h	LINCSCP_156771
LINCSCP_59232	-0.9991549147	0.02617435522	3	BRD-K57200229-001-01-6	LSM-6809	NA	10uM	VCAP	24h	LINCSCP_59232
LINCSCP_252377	-0.9991548685	0.02617506993	3	HEMICHOLINIUM-3	LSM-4994	NA	10uM	MCF7	6h	LINCSCP_252377
LINCSCP_207817	0.9991543936	0.02618242445	3	4-Iodo-6-phenylpyrimidine	LSM-6233	MIF	40uM	H1299	6h	LINCSCP_207817
LINCSCP_19746	0.9991541476	0.02618623328	3	MLS002264440	LSM-42961	NA	10uM	HCC515	6h	LINCSCP_19746
LINCSCP_8176	-0.9991533757	0.02619818111	3	BRD-K62687522	LSM-40694	NA	5uM	A549	24h	LINCSCP_8176
LINCSCP_58265	0.9991518545	0.02622170914	3	Estrone Sulfuric acid	LSM-3126	ESR1	10uM	VCAP	6h	LINCSCP_58265
LINCSCP_136421	-0.9991517106	0.02622393367	3	Rufinamide	LSM-45759	SCN10A|SCN11A|SCN1A|SCN2A|SCN3A|SCN4A|SCN5A|SCN7A|SCN8A|SCN9A	0.12uM	MCF7	24h	LINCSCP_136421
LINCSCP_57414	0.9991516255	0.02622524952	3	2-(2,5-Dimethoxyphenylcarbamoyl)phenyl acetate	LSM-2829	NA	10uM	VCAP	6h	LINCSCP_57414
LINCSCP_125177	-0.9991510616	0.02623396526	3	Tacrine	LSM-5871	ACHE|BCHE	3.33uM	HT29	24h	LINCSCP_125177
LINCSCP_36759	0.9991502605	0.02624634266	3	C21H27N7O3	LSM-1128	AKT1|AKT2|AKT3|PRKCQ	10uM	MCF7	24h	LINCSCP_36759
LINCSCP_41686	-0.9991484798	0.02627383286	3	BRD-K82494270	LSM-13468	NA	0.5uM	NKDBA	24h	LINCSCP_41686
LINCSCP_204024	0.9991484053	0.02627498232	3	114798-26-4	LSM-3701	AGTR1	10uM	ASC	24h	LINCSCP_204024
LINCSCP_37506	0.9991476799	0.0262861715	3	Pifithrin MU	LSM-4188	HSPA1A|TP53	1uM	MCF7	24h	LINCSCP_37506
LINCSCP_7265	-0.9991474317	0.02628999923	3	Maackiain	LSM-1932	NA	10uM	A549	24h	LINCSCP_7265
LINCSCP_105554	0.9991472214	0.02629324139	3	Cilomilast	LSM-45782	NA	0.04uM	HELA	24h	LINCSCP_105554
LINCSCP_170488	0.999145812	0.02631496293	3	MG-132	LSM-1107	PSMB1	20uM	YAPC	24h	LINCSCP_170488
LINCSCP_3898	0.9991456768	0.02631704639	3	CHEMBL2143628	LSM-6855	NA	0.12uM	A375	24h	LINCSCP_3898
LINCSCP_133454	-0.9991455488	0.02631901797	3	PHA-767491	LSM-6304	NA	10uM	MCF7	24h	LINCSCP_133454
LINCSCP_59493	-0.9991447098	0.02633193795	3	Fluocinonide	LSM-19002	NR3C1	10uM	VCAP	24h	LINCSCP_59493
LINCSCP_39494	0.9991446802	0.02633239467	3	C19H19FN4O3	LSM-1178	FGFR1|FLT1|KDR	0.1uM	MDAMB231	6h	LINCSCP_39494
LINCSCP_239469	-0.9991444328	0.02633620211	3	NSC217091	LSM-44943	NA	10uM	MCF7	24h	LINCSCP_239469
LINCSCP_48698	-0.9991444021	0.02633667486	3	SCHEMBL17783967	LSM-41707	NA	10uM	PC3	6h	LINCSCP_48698
LINCSCP_26723	-0.9991443413	0.02633761047	3	Alvespimycin	LSM-43241	HSP90AA1	10uM	HT29	6h	LINCSCP_26723
LINCSCP_18889	-0.9991443296	0.02633779139	3	INCA-6	LSM-2729	NFATC1	10uM	HCC515	24h	LINCSCP_18889
LINCSCP_47776	-0.9991441818	0.02634006561	3	MLS002154158	LSM-5004	NA	10uM	PC3	24h	LINCSCP_47776
LINCSCP_223013	0.9991440197	0.02634256017	3	CHEMBL259628	LSM-6222	PTPN1	10uM	HT115	6h	LINCSCP_223013
LINCSCP_284048	0.9991425919	0.0263645243	3	FPA1_000311	LSM-36744	NA	10uM	SKB	24h	LINCSCP_284048
LINCSCP_212149	0.9991425098	0.0263657879	3	Minoxidil	LSM-2134	ABCC9|KCNJ11|KCNJ8	10uM	HA1E	6h	LINCSCP_212149
LINCSCP_207566	0.9991420501	0.0263728541	3	BG-1015	LSM-36852	NA	10uM	FIBRNPC	6h	LINCSCP_207566
LINCSCP_16770	0.9991419953	0.0263736977	3	AC1ME2TO	LSM-4901	NA	10uM	HA1E	6h	LINCSCP_16770
LINCSCP_174271	-0.9991408257	0.02639166961	3	REV-5901	LSM-1734	ALOX5	0.11uM	YAPC	24h	LINCSCP_174271
LINCSCP_51344	-0.9991407851	0.02639229268	3	KU-55933	LSM-1074	ATM	1uM	SKBR3	24h	LINCSCP_51344
LINCSCP_7419	-0.9991406405	0.02639451418	3	3-{3-[(1,3-Benzothiazol-2-ylsulfanyl)methyl]-4-hydroxy-5-methoxyphenyl}-2-cyanoprop-2-enamide	LSM-2158	ERBB2	10uM	A549	6h	LINCSCP_7419
LINCSCP_52172	-0.9991404469	0.02639748681	3	CID 75060880	LSM-36724	NA	10uM	SKB	24h	LINCSCP_52172
LINCSCP_28543	-0.9991400557	0.02640349499	3	4L7B	LSM-36813	KEAP1	3.7uM	HT29	24h	LINCSCP_28543
LINCSCP_152368	0.9991395575	0.02641114251	3	MLS006011051	LSM-42801	BRAF	0.37uM	PC3	24h	LINCSCP_152368
LINCSCP_66193	-0.9991392621	0.02641567677	3	BRD-K96285502	LSM-42495	NA	3uM	VCAP	24h	LINCSCP_66193
LINCSCP_51371	-0.9991384005	0.02642889669	3	THZ-2-98-01	LSM-45329	NA	0.1uM	SKBR3	24h	LINCSCP_51371
LINCSCP_88635	0.9991379836	0.02643529104	3	GSK-461364	LSM-1013	PLK1	10uM	HA1E	24h	LINCSCP_88635
LINCSCP_293894	-0.9991375975	0.02644121166	3	Ezetimibe	LSM-5536	NPC1L1	10uM	VCAP	24h	LINCSCP_293894
LINCSCP_110145	0.9991374731	0.02644311805	3	SPECTRUM_001579	LSM-6509	NA	1.11uM	HELA	24h	LINCSCP_110145
LINCSCP_53095	-0.9991368434	0.02645277101	3	Fumonisin-B1	LSM-6190	CERS1	100uM	SKM1	6h	LINCSCP_53095
LINCSCP_271922	-0.9991357792	0.02646907523	3	BRD-K99756483	LSM-42675	NA	10uM	PC3	6h	LINCSCP_271922
LINCSCP_103694	-0.999135764	0.02646930734	3	AZD1152	LSM-45885	AURKB	0.37uM	HELA	24h	LINCSCP_103694
LINCSCP_37461	0.9991352424	0.02647729507	3	SA-88642	LSM-39543	NA	0.5uM	MCF7	24h	LINCSCP_37461
LINCSCP_37390	-0.9991349416	0.02648190093	3	MLS003129394	LSM-15082	NA	0.5uM	MCF7	6h	LINCSCP_37390
LINCSCP_37137	0.99913482	0.02648376203	3	BRD-K49452151	LSM-11435	NA	1uM	MCF7	6h	LINCSCP_37137
LINCSCP_16981	0.9991342022	0.02649321666	3	YL-61	LSM-44650	NA	10uM	HA1E	6h	LINCSCP_16981
LINCSCP_287897	0.9991339046	0.02649777118	3	MLS003672589	LSM-36804	NA	10uM	T3M10	6h	LINCSCP_287897
LINCSCP_3143	-0.9991333721	0.02650591621	3	BRD-K38986089	LSM-14809	NA	5uM	A375	24h	LINCSCP_3143
LINCSCP_308346	0.9991330036	0.0265115521	3	Thioridazine	LSM-1863	DRD1|DRD2|DRD3|DRD4|HTR2A|HTR2C	10uM	VCAP	6h	LINCSCP_308346
LINCSCP_12690	-0.9991326379	0.02651714351	3	Rita	LSM-6201	MDM2	10uM	COV644	6h	LINCSCP_12690
LINCSCP_225785	-0.9991326019	0.02651769345	3	Urapidil	LSM-5807	HTR1A	10uM	HT29	6h	LINCSCP_225785
LINCSCP_43357	-0.9991325205	0.02651893872	3	Nor2-Chlorpromazine	LSM-37195	NA	10uM	NPC	6h	LINCSCP_43357
LINCSCP_179553	0.9991321903	0.02652398581	3	Immethridine	LSM-3087	HRH3	10uM	A375	6h	LINCSCP_179553
LINCSCP_236556	0.9991320302	0.02652643261	3	Simvastatin	LSM-2492	HMGCR	10uM	MCF7	24h	LINCSCP_236556
LINCSCP_88812	-0.999131089	0.02654081226	3	CHEMBL3347630	LSM-43292	NA	0.12uM	HA1E	24h	LINCSCP_88812
LINCSCP_8309	-0.9991304404	0.02655071867	3	BRD-K52199185	LSM-7523	NA	5uM	A549	24h	LINCSCP_8309
LINCSCP_90237	0.9991304193	0.02655104015	3	Methylnaltrexone (Bromide)	LSM-45638	NA	10uM	HA1E	24h	LINCSCP_90237
LINCSCP_126005	-0.9991299292	0.02655852269	3	Sertraline HCl	LSM-45979	NA	3.33uM	HT29	24h	LINCSCP_126005
LINCSCP_19579	0.9991295961	0.02656360637	3	CAY10603	LSM-4941	HDAC6	10uM	HCC515	6h	LINCSCP_19579
LINCSCP_163809	-0.9991290019	0.0265726734	3	Y-39983	LSM-1150	ROCK1|ROCK2	10uM	SKBR3	24h	LINCSCP_163809
LINCSCP_101777	-0.999128951	0.02657344964	3	Lenalidomide	LSM-6187	CRBN|CUL4A|DDB1|RBX1|TNF	3.33uM	HELA	24h	LINCSCP_101777
LINCSCP_259881	-0.9991288404	0.02657513755	3	Methoprene acid	LSM-42820	RXRA	10uM	NEU	24h	LINCSCP_259881
LINCSCP_192540	0.9991285164	0.02658007912	3	N6-Methyladenosine	LSM-3835	NA	10uM	A549	6h	LINCSCP_192540
LINCSCP_43224	-0.9991284416	0.02658122016	3	Papp	LSM-2302	HTR1A|HTR1D	10uM	NPC	24h	LINCSCP_43224
LINCSCP_27986	-0.9991277882	0.02659118427	3	BRD-K94373167	LSM-44910	NA	5uM	HT29	24h	LINCSCP_27986
LINCSCP_47321	-0.9991277699	0.02659146335	3	NCH-51	LSM-5635	HDAC1|HDAC10|HDAC11|HDAC2|HDAC3|HDAC4|HDAC5|HDAC6|HDAC7|HDAC8|HDAC9	10uM	PC3	24h	LINCSCP_47321
LINCSCP_18845	0.9991274457	0.02659640474	3	SCHEMBL12187882	LSM-2029	PTPN1|PTPN11	10uM	HCC515	24h	LINCSCP_18845
LINCSCP_3453	-0.9991268914	0.02660485334	3	BRD-K36619075	LSM-39273	NA	5uM	A375	24h	LINCSCP_3453
LINCSCP_29924	-0.9991263501	0.02661309894	3	TWS 119	LSM-1111	GSK3B	10uM	MCF10A	24h	LINCSCP_29924
LINCSCP_31417	-0.9991255128	0.02662585085	3	Naltrexone	LSM-3962	OPRD1|OPRK1|OPRM1	10uM	MCF7	24h	LINCSCP_31417
LINCSCP_119804	-0.9991253149	0.02662886478	3	Vernakalant (Hydrochloride)	LSM-45707	NA	10uM	HT29	24h	LINCSCP_119804
LINCSCP_157709	0.9991250294	0.02663321082	3	SPECTRUM_000224	LSM-1905	NA	10uM	PC3	24h	LINCSCP_157709
LINCSCP_139313	-0.9991246951	0.02663829816	3	Maribavir	LSM-45590	NA	0.04uM	MCF7	24h	LINCSCP_139313
LINCSCP_61093	0.9991245973	0.02663978742	3	BRD-K87972129	LSM-13829	NA	5uM	VCAP	24h	LINCSCP_61093
LINCSCP_10521	-0.9991243725	0.02664320855	3	MLS000709026	LSM-43139	RAD51	40uM	AGS	6h	LINCSCP_10521
LINCSCP_138900	0.99912432	0.02664400605	3	Imipramine	LSM-2852	CHRM2|SLC6A2|SLC6A4	10uM	MCF7	24h	LINCSCP_138900
LINCSCP_224930	-0.9991238518	0.02665113032	3	MLS002264386	LSM-3916	NA	10uM	HT29	6h	LINCSCP_224930
LINCSCP_28109	0.9991235083	0.02665635473	3	BRD-K95683812	LSM-42462	NA	5uM	HT29	24h	LINCSCP_28109
LINCSCP_27977	0.9991234091	0.02665786256	3	BRD-K90974935	LSM-42229	NA	5uM	HT29	24h	LINCSCP_27977
LINCSCP_43770	0.9991232671	0.0266600222	3	SRT-1720	LSM-42691	SIRT1	10uM	OV7	6h	LINCSCP_43770
LINCSCP_41496	-0.999123066	0.02666308082	3	NO-ASA	LSM-36980	PTGS2	10uM	NEU	6h	LINCSCP_41496
LINCSCP_284852	-0.9991228886	0.02666577751	3	Thiorphan	LSM-1652	MME	10uM	SKB	24h	LINCSCP_284852
LINCSCP_219257	-0.9991220658	0.02667828408	3	Pifithrin MU	LSM-4188	HSPA1A|TP53	10uM	HEPG2	6h	LINCSCP_219257
LINCSCP_38320	0.9991211119	0.02669277486	3	SA-1919248	LSM-39747	NA	3uM	MCF7	6h	LINCSCP_38320
LINCSCP_72028	-0.9991205316	0.02670158763	3	Gimeracil	LSM-45923	NA	0.04uM	A375	24h	LINCSCP_72028
LINCSCP_58879	-0.9991202257	0.02670623075	3	3R14S-Ochratoxin a	LSM-5521	NA	10uM	VCAP	24h	LINCSCP_58879
LINCSCP_66125	0.9991199671	0.02671015633	3	BRD-K60341033	LSM-36569	NA	1uM	VCAP	24h	LINCSCP_66125
LINCSCP_221717	-0.9991193447	0.02671960081	3	MW-SHH-61	LSM-44611	NA	10uM	HEPG2	6h	LINCSCP_221717
LINCSCP_156102	-0.9991189041	0.02672628521	3	Doxazosin	LSM-4335	ADRA1A|ADRA1B|ADRA1D	0.04uM	PC3	24h	LINCSCP_156102
LINCSCP_87550	0.9991180396	0.02673939533	3	BCPP000194	LSM-1188	NA	0.04uM	CD34	24h	LINCSCP_87550
LINCSCP_5157	-0.9991179301	0.02674105621	3	CHEMBL1892795	LSM-3684	NA	10uM	A549	6h	LINCSCP_5157
LINCSCP_86213	0.9991176427	0.02674541308	3	Mitoxantrone	LSM-2481	TOP2A	0.04uM	BT20	3h	LINCSCP_86213
LINCSCP_23225	-0.9991166637	0.0267602486	3	CHEMBL2001494	LSM-6630	NA	10uM	HEPG2	6h	LINCSCP_23225
LINCSCP_86101	0.9991165864	0.02676141869	3	Imatinib	LSM-1023	ABL1|BCR|CSF1R|KIT|PDGFRA|PDGFRB	3.33uM	BT20	24h	LINCSCP_86101
LINCSCP_150857	0.9991164385	0.02676365989	3	CGP 60474	LSM-1025	CDK1	0.12uM	PC3	24h	LINCSCP_150857
LINCSCP_89015	0.9991161633	0.02676782777	3	HY-11007	LSM-1022	ABL1|BCR	0.04uM	HA1E	24h	LINCSCP_89015
LINCSCP_155753	0.9991157284	0.02677441432	3	BRD-A28746609	LSM-1102	NR1I2|TUBB	0.37uM	PC3	24h	LINCSCP_155753
LINCSCP_112735	0.9991135281	0.02680770854	3	N-(3-Fluoro-4-((7-methoxyquinolin-4-yl)oxy)phenyl)-1-(2-hydroxy-2-methylpropyl)-5-methyl-3-oxo-2-phenyl-2,3-dihydro-1H-pyrazole-4-carboxamide	LSM-1113	NA	3.33uM	HEPG2	24h	LINCSCP_112735
LINCSCP_37649	0.9991131267	0.02681377832	3	SA-246522	LSM-38089	NA	10uM	MCF7	24h	LINCSCP_37649
LINCSCP_2913	-0.9991130579	0.02681481798	3	IMD-0354	LSM-3667	IKBKB	10uM	A375	6h	LINCSCP_2913
LINCSCP_16045	-0.9991125386	0.02682266908	3	STK222600	LSM-3535	NA	10uM	HA1E	6h	LINCSCP_16045
LINCSCP_129850	-0.9991106697	0.02685090051	3	CGP 60474	LSM-1025	CDK1	0.37uM	LNCAP	24h	LINCSCP_129850
LINCSCP_69339	0.9991098511	0.026863258	3	GW843682X	LSM-1014	PLK1|PLK3	3.33uM	A375	24h	LINCSCP_69339
LINCSCP_14668	-0.9991094326	0.02686957181	3	Betamethasone Acetate	LSM-1904	NR3C1	10uM	HA1E	24h	LINCSCP_14668
LINCSCP_130236	-0.9991089291	0.02687716845	3	BMS-387032	LSM-1132	CDK2|CDK7|CDK9	10uM	LNCAP	3h	LINCSCP_130236
LINCSCP_51843	-0.9991088171	0.02687885759	3	Buparlisib	LSM-1148	PIK3CA|PIK3CB|PIK3CD|PIK3CG|PIK3R1|PIK3R2|PIK3R3|PIK3R5	0.5uM	SKBR3	24h	LINCSCP_51843
LINCSCP_65946	-0.9991078113	0.02689402279	3	BRD-K26119753	LSM-38700	NA	10uM	VCAP	24h	LINCSCP_65946
LINCSCP_294290	0.9991074796	0.026899023	3	ACON1_002097	LSM-4527	NA	10uM	VCAP	24h	LINCSCP_294290
LINCSCP_62723	-0.9991060379	0.02692074286	3	BRD-K22345692	LSM-9782	NA	5uM	VCAP	6h	LINCSCP_62723
LINCSCP_151871	-0.9991056009	0.02692732315	3	CGP 60474	LSM-1025	CDK1	1.11uM	PC3	24h	LINCSCP_151871
LINCSCP_52140	0.9991055623	0.02692790333	3	MLS001116217	LSM-6174	NA	10uM	SKB	24h	LINCSCP_52140
LINCSCP_22455	-0.9991055018	0.02692881511	3	7,8-Dihydro-l-biopterin	LSM-4949	NOS2	10uM	HEPG2	6h	LINCSCP_22455
LINCSCP_143256	0.9991052854	0.02693207209	3	Beta-Narcotine	LSM-4043	SIGMAR1	3.33uM	MCF7	24h	LINCSCP_143256
LINCSCP_71081	0.9991050368	0.02693581465	3	(8Xi,11beta,14xi,16beta)-21-Chloro-9-fluoro-11-hydroxy-16-methyl-3,20-dioxopregna-1,4-dien-17-yl propanoate	LSM-1414	NR3C1	1.11uM	A375	24h	LINCSCP_71081
LINCSCP_63572	-0.9991048877	0.02693805846	3	BRD-K23050218	LSM-9825	NA	5uM	VCAP	6h	LINCSCP_63572
LINCSCP_138266	-0.9991047766	0.02693972957	3	Rilpivirine	LSM-45777	NA	1.11uM	MCF7	24h	LINCSCP_138266
LINCSCP_76496	-0.9991046853	0.0269411043	3	179324-69-7	LSM-6281	ADRM1|PSMA1|PSMA2|PSMA3|PSMA4|PSMA5|PSMA6|PSMA7|PSMA8|PSMB1|PSMB10|PSMB11|PSMB2|PSMB3|PSMB4|PSMB5|PSMB6|PSMB7|PSMB8|PSMB9|PSMC1|PSMC2|PSMC3|PSMC4|PSMC5|PSMC6|PSMD1|PSMD11|PSMD12|PSMD13|PSMD14|PSMD2|PSMD3|PSMD4|PSMD6|PSMD7|PSMD8|SEM1	20uM	A375	24h	LINCSCP_76496
LINCSCP_164548	-0.9991042545	0.02694758518	3	Veliparib	LSM-1146	PARP1|PARP2	0.04uM	SKL.C	24h	LINCSCP_164548
LINCSCP_113915	-0.9991042036	0.02694835183	3	SB525334	LSM-1121	TGFBR1	0.12uM	HME1	24h	LINCSCP_113915
LINCSCP_167723	-0.9991033508	0.02696117826	3	Ergothioneine	LSM-45829	NA	0.37uM	YAPC	24h	LINCSCP_167723
LINCSCP_20721	0.9991032469	0.02696273946	3	YL-59	LSM-44637	NA	10uM	HCC515	6h	LINCSCP_20721
LINCSCP_7764	0.9991030858	0.02696516288	3	AC1O9ZTN	LSM-2009	NA	10uM	A549	24h	LINCSCP_7764
LINCSCP_29745	0.9991023599	0.02697607279	3	THZ-2-98-01	LSM-45329	NA	1uM	MCF10A	6h	LINCSCP_29745
LINCSCP_158858	0.9991022512	0.02697770754	3	AC1NWAPU	LSM-1690	NR3C1	0.04uM	PC3	24h	LINCSCP_158858
LINCSCP_118480	-0.9991015628	0.02698805056	3	Bendamustine HCl	LSM-45554	NA	3.33uM	HT29	24h	LINCSCP_118480
LINCSCP_150540	0.9991015109	0.02698882969	3	Veliparib	LSM-1146	PARP1|PARP2	0.37uM	NPC.TAK	24h	LINCSCP_150540
LINCSCP_74587	0.9991014785	0.0269893166	3	Ixabepilone	LSM-43293	TUBA1A|TUBA1B|TUBA1C|TUBA3E|TUBA4A|TUBB|TUBB1|TUBB2A|TUBB2B|TUBB3|TUBB4A|TUBB4B|TUBB6|TUBB8	3.33uM	A375	24h	LINCSCP_74587
LINCSCP_153403	-0.9991002657	0.02700752727	3	BRD-A41986761	LSM-45957	NA	3.33uM	PC3	24h	LINCSCP_153403
LINCSCP_36744	0.9990992672	0.02702251157	3	HG6-64-1	LSM-43248	NA	0.5uM	MCF7	6h	LINCSCP_36744
LINCSCP_4499	-0.9990983152	0.02703678964	3	COT-10B	LSM-6226	NA	40uM	A549	24h	LINCSCP_4499
LINCSCP_84940	0.9990981437	0.02703936245	3	MLS006011051	LSM-42801	BRAF	0.12uM	ASC	24h	LINCSCP_84940
LINCSCP_27208	-0.9990976834	0.02704626202	3	CHEMBL1886242	LSM-6116	NA	10uM	HT29	6h	LINCSCP_27208
LINCSCP_8636	-0.9990976506	0.02704675345	3	BRD-K60636255	LSM-12092	NA	5uM	A549	24h	LINCSCP_8636
LINCSCP_91694	0.9990969533	0.02705720325	3	MK-5108	LSM-36812	AURKA|AURKB	0.12uM	HA1E	24h	LINCSCP_91694
LINCSCP_36101	-0.9990969277	0.02705758781	3	Phloretin	LSM-6221	NA	0.001uM	MCF7	6h	LINCSCP_36101
LINCSCP_46324	0.9990967289	0.02706056545	3	MLS000582131	LSM-4544	NA	10uM	PC3	6h	LINCSCP_46324
LINCSCP_102405	-0.9990966995	0.02706100698	3	Homochlorcyclizine	LSM-1394	HRH1	10uM	HELA	24h	LINCSCP_102405
LINCSCP_60185	-0.9990963463	0.02706629649	3	BRD-K42279779	LSM-7385	NA	5uM	VCAP	24h	LINCSCP_60185
LINCSCP_100181	-0.9990960134	0.02707128301	3	AZD4547	LSM-6308	NA	3.33uM	HCC515	24h	LINCSCP_100181
LINCSCP_78557	0.9990957878	0.02707466118	3	SB743921	LSM-45775	NA	3.33uM	A375	24h	LINCSCP_78557
LINCSCP_128894	-0.9990956493	0.02707673525	3	I-BET151	LSM-6335	NA	0.04uM	HUVEC	24h	LINCSCP_128894
LINCSCP_62003	-0.9990949357	0.02708741799	3	BRD-K47368357	LSM-11320	NA	5uM	VCAP	24h	LINCSCP_62003
LINCSCP_111782	-0.9990941157	0.02709968671	3	SCHEMBL1564574	LSM-1006	CHEK1|CHEK2	3.33uM	HEPG2	24h	LINCSCP_111782
LINCSCP_29487	-0.9990938792	0.02710322474	3	Tamatinib	LSM-1040	SYK	1uM	MCF10A	24h	LINCSCP_29487
LINCSCP_23147	-0.9990937203	0.02710560169	3	SA-427543	LSM-38115	NA	10uM	HEPG2	6h	LINCSCP_23147
LINCSCP_104322	0.9990937091	0.02710576967	3	Rolipram	LSM-1471	PDE4A|PDE4B|PDE4C|PDE4D	3.33uM	HELA	24h	LINCSCP_104322
LINCSCP_143475	-0.9990932119	0.02711320467	3	Albendazole	LSM-3782	NA	0.12uM	MCF7	24h	LINCSCP_143475
LINCSCP_80487	-0.9990931485	0.02711415319	3	Amiprilose hydrochloride	LSM-45702	NA	0.37uM	A375	24h	LINCSCP_80487
LINCSCP_158000	-0.9990925729	0.02712275795	3	Tedizolid	LSM-45778	NA	0.04uM	PC3	24h	LINCSCP_158000
LINCSCP_43252	-0.9990914479	0.02713956772	3	YM-09151-2	LSM-37183	DRD2|DRD3	10uM	NPC	24h	LINCSCP_43252
LINCSCP_99641	-0.9990913586	0.02714090219	3	Erlotinib	LSM-1097	EGFR	0.04uM	HCC515	24h	LINCSCP_99641
LINCSCP_16829	-0.9990912299	0.02714282455	3	SA-424589	LSM-39677	NA	10uM	HA1E	6h	LINCSCP_16829
LINCSCP_56870	-0.9990912261	0.02714288039	3	ST021200	LSM-4601	NA	10uM	VCAP	24h	LINCSCP_56870
LINCSCP_262904	-0.9990911585	0.02714389009	3	PD-98059	LSM-3394	MAP2K1	10uM	NPC	24h	LINCSCP_262904
LINCSCP_168327	0.9990908225	0.0271489077	3	MG-132	LSM-1107	PSMB1	20uM	YAPC	24h	LINCSCP_168327
LINCSCP_83735	-0.9990896885	0.02716583688	3	PF-03758309	LSM-4254	PAK4	3.33uM	ASC.C	24h	LINCSCP_83735
LINCSCP_174368	0.999088791	0.02717922796	3	Volasertib (BI 6727)	LSM-45277	PLK1	0.37uM	YAPC	24h	LINCSCP_174368
LINCSCP_160303	0.9990882885	0.02718672214	3	Epothilone B (EPO906, Patupilone)	LSM-46001	NA	0.04uM	PC3	24h	LINCSCP_160303
LINCSCP_36431	-0.9990879098	0.02719236844	3	Alvocidib	LSM-1011	CDK1|CDK2|CDK4|CDK5|CDK6|CDK7|CDK8|CDK9|EGFR|PYGM	3uM	MCF7	6h	LINCSCP_36431
LINCSCP_54084	0.9990874218	0.02719964219	3	Teniposide	LSM-1483	TOP2A	1uM	SW620	6h	LINCSCP_54084
LINCSCP_239956	0.9990873811	0.0272002498	3	ST012525	LSM-4714	NA	10uM	MCF7	24h	LINCSCP_239956
LINCSCP_97374	-0.9990866826	0.02721065871	3	Sertraline HCl	LSM-45979	NA	3.33uM	HA1E	24h	LINCSCP_97374
LINCSCP_191746	0.9990862034	0.02721779676	3	Fluconazole	LSM-2106	CYP51A1	10uM	A549	24h	LINCSCP_191746
LINCSCP_1285	0.9990845883	0.02724184261	3	SMR001317659	LSM-2094	NA	10uM	A375	6h	LINCSCP_1285
LINCSCP_13111	0.9990843901	0.02724479311	3	BRD-A47268303-001-01-7	LSM-36889	NA	10uM	FIBRNPC	24h	LINCSCP_13111
LINCSCP_24276	0.9990831882	0.02726267172	3	CHEMBL3188661	LSM-5394	DDR1	0.1uM	HS578T	24h	LINCSCP_24276
LINCSCP_110844	-0.9990829169	0.02726670481	3	SPECTRUM_000886	LSM-1906	ESR1|GNRHR	0.04uM	HELA	24h	LINCSCP_110844
LINCSCP_12936	0.9990827919	0.02726856407	3	CHEMBL1434137	LSM-6234	RARG	40uM	EFO27	6h	LINCSCP_12936
LINCSCP_29580	0.999082774	0.02726883007	3	MK-2206	LSM-1057	AKT1|AKT2|AKT3	0.1uM	MCF10A	24h	LINCSCP_29580
LINCSCP_82988	0.9990826158	0.02727118169	3	CHEMBL552425	LSM-1003	DDR1	3.33uM	ASC.C	24h	LINCSCP_82988
LINCSCP_50130	0.9990823096	0.02727573338	3	Gangleoidin Acetate	LSM-3750	NA	10uM	PHH	24h	LINCSCP_50130
LINCSCP_168739	0.9990813624	0.02728980839	3	CHEMBL179288	LSM-3648	NA	10uM	YAPC	24h	LINCSCP_168739
LINCSCP_65264	-0.9990811884	0.02729239301	3	BRD-K33218708	LSM-15131	NA	10uM	VCAP	24h	LINCSCP_65264
LINCSCP_50030	-0.9990807466	0.02729895452	3	AMG-9810	LSM-2953	TRPV1	10uM	PHH	24h	LINCSCP_50030
LINCSCP_50697	0.9990805968	0.02730117997	3	362-74-3	LSM-1265	PRKACA	10uM	RKO	6h	LINCSCP_50697
LINCSCP_62797	-0.999080184	0.02730730815	3	BRD-K57667228	LSM-11920	NA	5uM	VCAP	24h	LINCSCP_62797
LINCSCP_145764	-0.999079709	0.02731435982	3	CGP 60474	LSM-1025	CDK1	0.04uM	MDAMB231	3h	LINCSCP_145764
LINCSCP_116850	0.9990794351	0.02731842385	3	rifampicin	NA	NA	0.37uM	HT29	24h	LINCSCP_116850
LINCSCP_50854	0.9990793907	0.02731908345	3	SCHEMBL13991002	LSM-6278	NA	40uM	RKO	6h	LINCSCP_50854
LINCSCP_199955	0.9990790303	0.02732443067	3	BRD-K67432391	LSM-46100	NA	5uM	A549	24h	LINCSCP_199955
LINCSCP_154934	-0.9990789614	0.02732545338	3	Anacetrapib (MK-0859)	LSM-45618	NA	0.12uM	PC3	24h	LINCSCP_154934
LINCSCP_85964	-0.9990786743	0.02732971292	3	BMS-387032	LSM-1132	CDK2|CDK7|CDK9	1.11uM	BT20	24h	LINCSCP_85964
LINCSCP_45771	-0.9990783485	0.02733454499	3	STK054715	LSM-1925	NA	10uM	PC3	6h	LINCSCP_45771
LINCSCP_174545	-0.999078025	0.02733934291	3	SPECTRUM_000011	LSM-1767	NA	10uM	YAPC	24h	LINCSCP_174545
LINCSCP_208502	0.9990779108	0.02734103542	3	CTK8E8566	LSM-2746	NR1H4	10uM	HA1E	6h	LINCSCP_208502
LINCSCP_144635	0.9990768923	0.02735613464	3	Dasatinib	LSM-1020	ABL1|BCR|BLK|EPHA2|FGR|FRK|FYN|HCK|KIT|LCK|LYN|PDGFRB|SRC|SRMS|YES1	10uM	MDAMB231	24h	LINCSCP_144635
LINCSCP_201747	-0.999076638	0.0273599027	3	RO-281675	LSM-6231	GCK	0.01uM	A549	24h	LINCSCP_201747
LINCSCP_51306	0.9990765079	0.02736183025	3	GW-5074	LSM-42779	RAF1	0.1uM	SKBR3	24h	LINCSCP_51306
LINCSCP_146537	-0.9990757154	0.02737357007	3	CDK9 Inhibitor	LSM-1197	NA	10uM	NEU	24h	LINCSCP_146537
LINCSCP_65936	0.9990754107	0.02737808198	3	BRD-K22663811	LSM-38500	NA	1uM	VCAP	24h	LINCSCP_65936
LINCSCP_132186	-0.9990749975	0.02738420061	3	Trametinib	LSM-1143	MAP2K1|MAP2K2	10uM	MCF7	24h	LINCSCP_132186
LINCSCP_38390	-0.999074824	0.02738676786	3	Hydroxyl	LSM-44628	NA	10uM	MCF7	24h	LINCSCP_38390
LINCSCP_66898	0.9990745878	0.02739026501	3	Vorinostat	LSM-3828	HDAC1|HDAC2|HDAC3|HDAC6|HDAC8	10uM	HCC515	6h	LINCSCP_66898
LINCSCP_79486	0.9990725145	0.02742093488	3	Enoxacin	LSM-5848	NA	0.04uM	A375	24h	LINCSCP_79486
LINCSCP_104853	-0.9990716584	0.02743358966	3	Dronedarone HCl	LSM-45428	CACNA1C|CACNA1D|CACNA1F|CACNA1S|HCN4|KCNJ2|SCN10A|SCN11A|SCN1A|SCN2A|SCN3A|SCN4A|SCN5A|SCN7A|SCN8A|SCN9A	0.04uM	HELA	24h	LINCSCP_104853
LINCSCP_6510	-0.9990711095	0.02744169905	3	GSK-0660	LSM-6014	PPARD	10uM	A549	24h	LINCSCP_6510
LINCSCP_29876	-0.9990709499	0.02744405802	3	CHEMBL585951	LSM-36386	MAPK8	1uM	MCF10A	24h	LINCSCP_29876
LINCSCP_131310	0.9990706314	0.02744876233	3	Dasatinib	LSM-1020	ABL1|BCR|BLK|EPHA2|FGR|FRK|FYN|HCK|KIT|LCK|LYN|PDGFRB|SRC|SRMS|YES1	1.11uM	MCF10A	24h	LINCSCP_131310
LINCSCP_168778	-0.9990702749	0.02745402742	3	MG-132	LSM-1107	PSMB1	20uM	YAPC	24h	LINCSCP_168778
LINCSCP_141873	0.9990699296	0.02745912591	3	NMS-1286937	LSM-45818	NA	0.12uM	MCF7	24h	LINCSCP_141873
LINCSCP_294749	-0.9990694467	0.02746625421	3	ST023431	LSM-4327	NA	10uM	VCAP	24h	LINCSCP_294749
LINCSCP_193624	-0.9990694008	0.02746693145	3	ZINC03898662	LSM-4928	NA	10uM	A549	24h	LINCSCP_193624
LINCSCP_6013	0.9990690904	0.02747151266	3	CHEMBL349641	LSM-2070	NA	10uM	A549	6h	LINCSCP_6013
LINCSCP_50438	0.9990689465	0.0274736356	3	Mitoxantrone	LSM-2481	TOP2A	10uM	PHH	6h	LINCSCP_50438
LINCSCP_94956	-0.9990687476	0.02747657128	3	Manumycin-A	LSM-43075	FNTA|IKBKB	1.11uM	HA1E	24h	LINCSCP_94956
LINCSCP_50521	0.9990687295	0.02747683776	3	Spiramide	LSM-4124	HTR1A|HTR2A	10uM	PHH	6h	LINCSCP_50521
LINCSCP_69901	-0.9990686386	0.02747817868	3	HG-9-91-01	LSM-6343	NA	3.33uM	A375	24h	LINCSCP_69901
LINCSCP_6149	-0.9990685991	0.02747876151	3	Obatoclax	LSM-43178	BCL2	10uM	A549	24h	LINCSCP_6149
LINCSCP_2444	-0.9990685956	0.02747881295	3	Nilotinib	LSM-1099	ABL1|BCR|KIT	10uM	A375	6h	LINCSCP_2444
LINCSCP_40966	0.9990684599	0.02748081567	3	GR-89696	LSM-1919	OPRK1	10uM	NEU	24h	LINCSCP_40966
LINCSCP_210296	-0.99906787	0.02748951672	3	Amiloride	LSM-4194	ASIC1|ASIC2|SCNN1A|SCNN1B|SCNN1G	10uM	HA1E	24h	LINCSCP_210296
LINCSCP_75553	-0.9990672627	0.02749847168	3	SR 33805 oxalate	LSM-45933	NA	0.04uM	A375	24h	LINCSCP_75553
LINCSCP_14810	0.9990671504	0.02750012696	3	Deacetoxy-7-oxisogedunin	LSM-1358	HSP90AA1	10uM	HA1E	6h	LINCSCP_14810
LINCSCP_2062	-0.999066426	0.02751080386	3	SCHEMBL10028379	LSM-4720	NA	10uM	A375	6h	LINCSCP_2062
LINCSCP_57733	0.9990664022	0.0275111547	3	MLS003221389	LSM-4220	NA	10uM	VCAP	6h	LINCSCP_57733
LINCSCP_263683	0.9990662147	0.02751391865	3	Dopamine 4-O-sulfate	LSM-37052	DRD1|DRD2|DRD3|DRD4|DRD5	10uM	NPC	6h	LINCSCP_263683
LINCSCP_48800	-0.999066168	0.02751460621	3	BRD-K56584267	LSM-40375	NA	10uM	PC3	24h	LINCSCP_48800
LINCSCP_12962	-0.9990658343	0.02751952229	3	Dorsomorphin	LSM-3207	BMPR1A|BMPR1B|PRKAA1	10uM	EFO27	6h	LINCSCP_12962
LINCSCP_61967	-0.9990650194	0.02753152479	3	BRD-K24890551	LSM-9942	NA	5uM	VCAP	24h	LINCSCP_61967
LINCSCP_61985	-0.9990639562	0.02754717667	3	BRD-K36513323	LSM-10634	NA	5uM	VCAP	24h	LINCSCP_61985
LINCSCP_46123	-0.9990631584	0.0275589151	3	Methyltestosterone	LSM-5902	AR	10uM	PC3	24h	LINCSCP_46123
LINCSCP_39032	-0.9990630686	0.02756023539	3	Vemurafenib	LSM-1068	BRAF	10uM	MDAMB231	24h	LINCSCP_39032
LINCSCP_31541	0.9990628266	0.02756379505	3	MLS001060802	LSM-1408	NA	10uM	MCF7	24h	LINCSCP_31541
LINCSCP_174606	-0.9990623369	0.02757099722	3	Doramapimod	LSM-1170	MAPK11|MAPK12|MAPK14	3.33uM	YAPC	24h	LINCSCP_174606
LINCSCP_52214	-0.9990621609	0.0275735852	3	Fluticasone	LSM-5328	NR3C1|PGR	10uM	SKB	24h	LINCSCP_52214
LINCSCP_102433	-0.9990619094	0.02757728257	3	MG-132	LSM-1107	PSMB1	20uM	HELA	24h	LINCSCP_102433
LINCSCP_21436	0.9990617767	0.02757923313	3	Dabrafenib	LSM-6303	BRAF	3uM	HEK293T	6h	LINCSCP_21436
LINCSCP_173648	-0.9990616598	0.02758095187	3	Repaglinide	LSM-3863	ABCC8|KCNJ11	0.37uM	YAPC	24h	LINCSCP_173648
LINCSCP_14828	0.9990612033	0.0275876603	3	Brucinum	LSM-1539	NA	10uM	HA1E	6h	LINCSCP_14828
LINCSCP_127065	-0.9990611077	0.02758906601	3	Retigabine	LSM-45405	KCNQ1|KCNQ2|KCNQ3|KCNQ4|KCNQ5	0.04uM	HT29	24h	LINCSCP_127065
LINCSCP_49806	-0.9990606631	0.02759559839	3	Glutamine	LSM-4741	NA	0.01uM	PC3	6h	LINCSCP_49806
LINCSCP_44479	-0.9990605446	0.02759733884	3	SPECTRUM_000826	LSM-1243	NR3C1	10uM	PC3	24h	LINCSCP_44479
LINCSCP_28810	-0.999059876	0.02760715927	3	HMS1497A13	LSM-44576	NA	10uM	HUH7	24h	LINCSCP_28810
LINCSCP_22722	-0.9990590672	0.02761903422	3	Nemonapride	LSM-1726	DRD2|DRD3	10uM	HEPG2	6h	LINCSCP_22722
LINCSCP_151944	0.9990588082	0.02762283588	3	PFI-1	LSM-6331	NA	0.37uM	PC3	24h	LINCSCP_151944
LINCSCP_26153	-0.9990575094	0.02764189081	3	ASN 04482680	LSM-3933	NA	10uM	HT29	6h	LINCSCP_26153
LINCSCP_151095	-0.9990573971	0.027643538	3	Trametinib	LSM-1143	MAP2K1|MAP2K2	1.11uM	PC3	24h	LINCSCP_151095
LINCSCP_101354	-0.9990571295	0.02764746283	3	MG-132	LSM-1107	PSMB1	20uM	HELA	24h	LINCSCP_101354
LINCSCP_11920	0.9990570479	0.02764865823	3	Lapatinib	LSM-1051	EGFR|ERBB2	1uM	BT20	6h	LINCSCP_11920
LINCSCP_147711	-0.999056947	0.0276501382	3	Infigratinib	LSM-1184	FGFR1|FGFR2|FGFR3|FGFR4	10uM	NPC.CAS9	24h	LINCSCP_147711
LINCSCP_222498	0.9990568082	0.02765217318	3	MLS002232309	LSM-5577	NA	1uM	HS578T	6h	LINCSCP_222498
LINCSCP_33083	0.9990567507	0.02765301617	3	AG-957	LSM-2807	ABL1|EGFR	10uM	MCF7	24h	LINCSCP_33083
LINCSCP_21416	-0.999056651	0.02765447768	3	MLS000038106	LSM-4068	NA	10uM	HEC108	6h	LINCSCP_21416
LINCSCP_175500	-0.9990560535	0.02766323647	3	Betahistine	LSM-4044	HRH1|HRH3	0.12uM	YAPC	24h	LINCSCP_175500
LINCSCP_164221	-0.9990555246	0.02767098587	3	1166227-08-2	LSM-1204	NA	3.33uM	SKL.C	24h	LINCSCP_164221
LINCSCP_101776	-0.9990552251	0.02767537296	3	Lenalidomide	LSM-6187	CRBN|CUL4A|DDB1|RBX1|TNF	10uM	HELA	24h	LINCSCP_101776
LINCSCP_47559	-0.9990549119	0.02767996153	3	Idoxuridine	LSM-5836	NA	10uM	PC3	24h	LINCSCP_47559
LINCSCP_35146	0.9990548079	0.02768148434	3	BRD-K85236313	LSM-41922	NA	5uM	MCF7	24h	LINCSCP_35146
LINCSCP_1954	0.9990547167	0.02768281996	3	Honokiol	LSM-6013	NA	10uM	A375	6h	LINCSCP_1954
LINCSCP_183078	0.999054675	0.02768343056	3	BRD-K57351233	LSM-40418	NA	5uM	A375	24h	LINCSCP_183078
LINCSCP_180873	-0.9990545846	0.02768475419	3	MAYBRIDGE4_003950	LSM-4735	NA	10uM	A375	6h	LINCSCP_180873
LINCSCP_312129	-0.9990543865	0.02768765579	3	BRD-K23021002	LSM-38522	NA	10uM	VCAP	6h	LINCSCP_312129
LINCSCP_114680	0.999054374	0.02768783781	3	GW620972X	LSM-1209	NA	3.33uM	HME1	24h	LINCSCP_114680
LINCSCP_255056	-0.9990538874	0.02769496226	3	SCHEMBL12410954	LSM-37026	NA	0.04uM	MCF7	24h	LINCSCP_255056
LINCSCP_167733	-0.9990537978	0.02769627382	3	BMS-794833	LSM-45864	NA	3.33uM	YAPC	24h	LINCSCP_167733
LINCSCP_15508	-0.9990525413	0.02771466102	3	Auranofin	LSM-43136	NA	10uM	HA1E	6h	LINCSCP_15508
LINCSCP_106026	-0.9990513677	0.02773182233	3	MG-132	LSM-1107	PSMB1	20uM	HELA	24h	LINCSCP_106026
LINCSCP_150350	-0.9990501041	0.02775028979	3	SB-203580	LSM-1168	MAPK1|MAPK11|MAPK14	0.04uM	NPC.TAK	24h	LINCSCP_150350
LINCSCP_60897	0.9990492276	0.02776309085	3	BRD-K54456094	LSM-11735	NA	5uM	VCAP	24h	LINCSCP_60897
LINCSCP_226677	-0.9990490998	0.0277649576	3	Glimepiride	LSM-44957	ABCC8|KCNJ11	10uM	HT29	6h	LINCSCP_226677
LINCSCP_36414	0.9990489855	0.0277666264	3	BRD32048	LSM-4943	NA	1uM	MCF7	6h	LINCSCP_36414
LINCSCP_12496	0.9990479008	0.02778245938	3	(5Z)-5-[1-(4-bromophenyl)ethylidene]-2-pyrrolidin-1-yl-1,3-thiazol-4(5H)-one	LSM-45340	NA	0.5uM	CD34	6h	LINCSCP_12496
LINCSCP_82463	-0.9990475775	0.02778717613	3	amcinonide	NA	NA	0.37uM	A549	24h	LINCSCP_82463
LINCSCP_111728	0.9990472792	0.02779152775	3	PI-103	LSM-1126	MTOR|PIK3CA|PIK3CB|PIK3CD|PIK3CG	3.33uM	HEPG2	24h	LINCSCP_111728
LINCSCP_109269	-0.9990465984	0.02780145842	3	Pinaverium bromide	LSM-45920	NA	10uM	HELA	24h	LINCSCP_109269
LINCSCP_153875	-0.9990465126	0.02780270905	3	Mecamylamine	LSM-4990	CHRNA2|CHRNA3|CHRNB4	0.04uM	PC3	24h	LINCSCP_153875
LINCSCP_40204	0.999045663	0.02781509564	3	Isoliquiritigenin	LSM-43093	GABBR1	10uM	NCIH508	6h	LINCSCP_40204
LINCSCP_27447	-0.9990455282	0.02781705972	3	BRD-K42841961	LSM-39625	NA	5uM	HT29	24h	LINCSCP_27447
LINCSCP_74713	-0.9990454502	0.0278181969	3	Fluconazole	LSM-2106	CYP51A1	0.37uM	A375	24h	LINCSCP_74713
LINCSCP_109204	-0.9990449399	0.02782563298	3	Sertraline HCl	LSM-45979	NA	3.33uM	HELA	24h	LINCSCP_109204
LINCSCP_44853	-0.9990445787	0.0278308939	3	Manumycin-A	LSM-43075	FNTA|IKBKB	10uM	PC3	24h	LINCSCP_44853
LINCSCP_171819	0.9990437504	0.02784295789	3	Ivacaftor (VX-770)	LSM-45975	CFTR	0.37uM	YAPC	24h	LINCSCP_171819
LINCSCP_240911	0.9990416084	0.02787412926	3	Bithionol	LSM-2862	NA	10uM	MCF7	6h	LINCSCP_240911
LINCSCP_16267	0.9990414426	0.02787654072	3	AC1LGTHT	LSM-4553	NA	10uM	HA1E	6h	LINCSCP_16267
LINCSCP_30212	0.9990407111	0.02788717757	3	RO 04-6790	LSM-2960	HTR6	10uM	MCF7	6h	LINCSCP_30212
LINCSCP_142601	0.9990405072	0.0278901414	3	HMN-214	LSM-42802	CSF1R|FLT1|FLT3|FLT4|KDR|KIT|PDGFRB|RET	10uM	MCF7	24h	LINCSCP_142601
LINCSCP_58992	-0.9990404846	0.02789046908	3	MLS002725683	LSM-1326	NA	10uM	VCAP	6h	LINCSCP_58992
LINCSCP_64718	0.9990403713	0.02789211649	3	BRD-K91094904	LSM-42239	NA	10uM	VCAP	24h	LINCSCP_64718
LINCSCP_75106	-0.9990397806	0.02790070171	3	Olaparib	LSM-1145	PARP1|PARP2|PARP3	0.04uM	A375	24h	LINCSCP_75106
LINCSCP_55236	0.9990391843	0.02790936364	3	NSC95397	LSM-3521	NA	10uM	TYKNU	6h	LINCSCP_55236
LINCSCP_175298	0.9990378642	0.02792853333	3	AVL-292	LSM-45948	BTK	10uM	YAPC	24h	LINCSCP_175298
LINCSCP_7498	0.9990373209	0.02793641875	3	Fluticasone Propionate	LSM-3384	NR3C1|PGR	10uM	A549	6h	LINCSCP_7498
LINCSCP_136682	0.9990370328	0.02794059926	3	Osimertinib	LSM-6344	EGFR|ERBB2|ERBB3|ERBB4	3.33uM	MCF7	24h	LINCSCP_136682
LINCSCP_243769	0.9990356666	0.02796041567	3	Amoxicillin	LSM-5654	CYP2C19|SLC15A1|SLC15A2|SLC22A6	10uM	MCF7	6h	LINCSCP_243769
LINCSCP_20132	-0.9990352248	0.02796682212	3	MLS001033149	LSM-6634	NA	10uM	HCC515	6h	LINCSCP_20132
LINCSCP_260630	-0.9990350564	0.0279692624	3	Mebendazole	LSM-3749	NA	10uM	NKDBA	24h	LINCSCP_260630
LINCSCP_125102	-0.9990350201	0.02796978913	3	BRD-A99911370	LSM-45442	NA	0.12uM	HT29	24h	LINCSCP_125102
LINCSCP_117097	0.9990347774	0.02797330689	3	SB525334	LSM-1121	TGFBR1	10uM	HT29	24h	LINCSCP_117097
LINCSCP_135578	-0.9990339866	0.0279847655	3	TAZOBACTAM	LSM-45434	NA	10uM	MCF7	24h	LINCSCP_135578
LINCSCP_9868	-0.9990330813	0.02799787633	3	Alvocidib	LSM-1011	CDK1|CDK2|CDK4|CDK5|CDK6|CDK7|CDK8|CDK9|EGFR|PYGM	0.1uM	A549	6h	LINCSCP_9868
LINCSCP_115787	0.9990327725	0.02800234776	3	rifampicin	NA	NA	3.33uM	HS578T	24h	LINCSCP_115787
LINCSCP_87601	0.9990321523	0.02801132532	3	NU-7441	LSM-1061	PRKDC	1.11uM	HA1E	24h	LINCSCP_87601
LINCSCP_115057	0.9990317665	0.0280169085	3	Linsitinib	LSM-1135	IGF1R|INSR	10uM	HS578T	24h	LINCSCP_115057
LINCSCP_84026	-0.9990306295	0.02803335772	3	Olaparib	LSM-1145	PARP1|PARP2|PARP3	0.12uM	ASC.C	24h	LINCSCP_84026
LINCSCP_17629	0.9990303969	0.02803672054	3	AKT Inhibitor VIII	LSM-1035	AKT1|AKT2	10uM	HCC15	6h	LINCSCP_17629
LINCSCP_31905	0.9990298434	0.02804472324	3	BRD-K32485462	LSM-39058	NA	10uM	MCF7	24h	LINCSCP_31905
LINCSCP_6788	0.9990295612	0.02804880295	3	Coleoforsin	LSM-1644	ADCY2|ADCY5	10uM	A549	24h	LINCSCP_6788
LINCSCP_42296	-0.9990290202	0.02805662043	3	BRD-K55612480	LSM-40319	NA	10uM	NPC	24h	LINCSCP_42296
LINCSCP_36622	0.9990280146	0.02807114758	3	CHEMBL552425	LSM-1003	DDR1	1uM	MCF7	6h	LINCSCP_36622
LINCSCP_53725	-0.9990279806	0.02807163891	3	MLN 2238	LSM-4944	PSMB1	10uM	SNU1040	6h	LINCSCP_53725
LINCSCP_113032	0.9990273641	0.0280805413	3	Saracatinib	LSM-1032	ABL1|SRC	0.04uM	HME1	24h	LINCSCP_113032
LINCSCP_230988	-0.9990266012	0.02809155433	3	BRD-K61045941	LSM-12122	NA	5uM	HT29	24h	LINCSCP_230988
LINCSCP_54237	0.9990265968	0.02809161782	3	ASN 05257430	LSM-2975	NA	10uM	SW620	6h	LINCSCP_54237
LINCSCP_22667	-0.9990260003	0.02810022377	3	Ivermectin	LSM-42824	NA	10uM	HEPG2	6h	LINCSCP_22667
LINCSCP_284387	-0.9990259538	0.02810089532	3	BRD-A10420615-001-02-8	LSM-1306	ATP2A1	10uM	SKB	24h	LINCSCP_284387
LINCSCP_65698	-0.9990254403	0.02810830245	3	BRD-K77760488	LSM-41512	NA	10uM	VCAP	24h	LINCSCP_65698
LINCSCP_26823	-0.9990253325	0.02810985746	3	RG 14620	LSM-42910	EGFR	10uM	HT29	6h	LINCSCP_26823
LINCSCP_228491	0.9990250268	0.0281142655	3	BRD-K58284322	LSM-14872	NA	5uM	HT29	24h	LINCSCP_228491
LINCSCP_117548	0.999024949	0.02811538743	3	GSK-J2	LSM-44940	NA	0.37uM	HT29	24h	LINCSCP_117548
LINCSCP_55819	-0.9990247517	0.0281182326	3	Oxindole I	LSM-42977	KDR	10uM	VCAP	6h	LINCSCP_55819
LINCSCP_7380	0.9990246254	0.02812005369	3	BRL-15,572	LSM-1618	HTR1D	10uM	A549	6h	LINCSCP_7380
LINCSCP_266294	0.9990236899	0.0281335376	3	Icillin	LSM-3071	TRPA1|TRPM8	10uM	PC3	24h	LINCSCP_266294
LINCSCP_6164	0.9990232854	0.0281393662	3	Zibotentan	LSM-5453	EDNRA	10uM	A549	24h	LINCSCP_6164
LINCSCP_549	-0.9990228387	0.02814580097	3	Ala-Ala-Phe-Cmk	LSM-4092	TPP2	10uM	A375	6h	LINCSCP_549
LINCSCP_145942	-0.9990222399	0.02815442502	3	13-Hydroxy-8,14,19-trimethoxy-4,10,12,16-tetramethyl-3,20,22-trioxo-2-azabicyclo[16.3.1]docosa-1(21),4,6,10,18-pentaen-9-yl carbamate	LSM-42815	HSP90AA1	0.37uM	MDAMB231	3h	LINCSCP_145942
LINCSCP_82243	0.9990217884	0.02816092674	3	Entinostat	LSM-4811	HDAC1|HDAC10|HDAC11|HDAC2|HDAC3|HDAC4|HDAC5|HDAC6|HDAC7|HDAC8|HDAC9	0.37uM	A549	24h	LINCSCP_82243
LINCSCP_173184	0.9990216647	0.02816270726	3	179324-69-7	LSM-6281	ADRM1|PSMA1|PSMA2|PSMA3|PSMA4|PSMA5|PSMA6|PSMA7|PSMA8|PSMB1|PSMB10|PSMB11|PSMB2|PSMB3|PSMB4|PSMB5|PSMB6|PSMB7|PSMB8|PSMB9|PSMC1|PSMC2|PSMC3|PSMC4|PSMC5|PSMC6|PSMD1|PSMD11|PSMD12|PSMD13|PSMD14|PSMD2|PSMD3|PSMD4|PSMD6|PSMD7|PSMD8|SEM1	20uM	YAPC	24h	LINCSCP_173184
LINCSCP_164097	-0.9990213934	0.02816661152	3	noscapine	NA	NA	3.33uM	SKBR3	3h	LINCSCP_164097
LINCSCP_28408	-0.9990207002	0.02817658768	3	Tigecycline	LSM-36875	NA	0.5uM	HT29	24h	LINCSCP_28408
LINCSCP_70656	-0.9990202857	0.028182552	3	SGX-523	LSM-1123	MET	10uM	A375	24h	LINCSCP_70656
LINCSCP_14369	0.999019981	0.02818693449	3	Omeprazole	LSM-1651	ATP4A|ATP4B	10uM	HA1E	24h	LINCSCP_14369
LINCSCP_68718	-0.9990183821	0.02820992237	3	Withaferin A	LSM-6685	IKBKB|NAMPT	10uM	VCAP	24h	LINCSCP_68718
LINCSCP_122219	-0.9990183358	0.02821058783	3	Lersivirine	LSM-45853	NA	3.33uM	HT29	24h	LINCSCP_122219
LINCSCP_142139	-0.9990179146	0.0282166401	3	PF-03814735	LSM-45437	NA	10uM	MCF7	24h	LINCSCP_142139
LINCSCP_69679	-0.9990166123	0.02823534532	3	Amuvatinib	LSM-1118	FLT3|KIT|MET|PDGFRA	0.37uM	A375	24h	LINCSCP_69679
LINCSCP_204372	0.9990164366	0.02823786775	3	Levcromakalim	LSM-2535	KCNJ8	10uM	ASC	24h	LINCSCP_204372
LINCSCP_224754	-0.9990161538	0.02824192725	3	MLS003221411	LSM-1271	NA	10uM	HT29	6h	LINCSCP_224754
LINCSCP_10401	0.9990160648	0.02824320506	3	CHEMBL520231	LSM-43280	XPO1	10uM	A673	6h	LINCSCP_10401
LINCSCP_38082	-0.9990156365	0.02824935276	3	BRD-K70595525	LSM-36820	NA	10uM	MCF7	6h	LINCSCP_38082
LINCSCP_167134	-0.9990154701	0.02825174151	3	VGX-1027	LSM-45622	NA	1.11uM	YAPC	24h	LINCSCP_167134
LINCSCP_201983	-0.9990153899	0.02825289119	3	Alvocidib	LSM-1011	CDK1|CDK2|CDK4|CDK5|CDK6|CDK7|CDK8|CDK9|EGFR|PYGM	0.01uM	A549	6h	LINCSCP_201983
LINCSCP_6047	0.9990150739	0.02825742622	3	ACON1_001671	LSM-4585	NA	10uM	A549	6h	LINCSCP_6047
LINCSCP_117318	0.9990149258	0.02825955074	3	AGK 2	LSM-43196	SIRT2	3.33uM	HT29	24h	LINCSCP_117318
LINCSCP_149112	-0.9990141626	0.02827049749	3	GSK429286A	LSM-1012	ROCK1	0.04uM	NPC	24h	LINCSCP_149112
LINCSCP_10498	0.9990136506	0.02827783842	3	Pala	LSM-6202	CAD	80uM	AGS	6h	LINCSCP_10498
LINCSCP_278103	-0.9990130943	0.02828581308	3	LY-294002	LSM-2597	MTOR|PIK3CA|PIK3CB|PIK3CD|PIK3CG|PLK1|PRKDC	0.5uM	PC3	24h	LINCSCP_278103
LINCSCP_40032	-0.9990117453	0.02830514222	3	Tyrphostin AG-112	LSM-43079	NA	10uM	NCIH2073	6h	LINCSCP_40032
LINCSCP_16954	0.9990116955	0.02830585568	3	Pyrazinamide	LSM-5425	FASN	10uM	HA1E	6h	LINCSCP_16954
LINCSCP_41579	0.999011497	0.02830869822	3	IM-12	LSM-37170	GSK3B	10uM	NEU	6h	LINCSCP_41579
LINCSCP_33	-0.9990113609	0.02831064725	3	Dabrafenib	LSM-6303	BRAF	0.5uM	A375	6h	LINCSCP_33
LINCSCP_87569	-0.9990107417	0.02831951331	3	Crizotinib	LSM-1027	ALK|MET	10uM	HA1E	24h	LINCSCP_87569
LINCSCP_220639	-0.9990099695	0.02833056513	3	Tenoxicam	LSM-1396	PTGS1|PTGS2	10uM	HEPG2	6h	LINCSCP_220639
LINCSCP_288979	-0.9990085328	0.02835111747	3	BRD-A43331270-001-01-6	LSM-4436	ADRA1A|CACNA1C	10uM	U937	6h	LINCSCP_288979
LINCSCP_32473	0.9990070162	0.02837279664	3	Androstenol	LSM-5400	NR1I3	10uM	MCF7	24h	LINCSCP_32473
LINCSCP_40147	0.9990062835	0.02838326456	3	AC55649	LSM-6290	RARA|RARB	10uM	NCIH2073	6h	LINCSCP_40147
LINCSCP_56341	0.9990060024	0.02838727967	3	BRD-K38477985	LSM-2854	EGFR	10uM	VCAP	6h	LINCSCP_56341
LINCSCP_56182	-0.9990055873	0.02839320633	3	Indolophenanthridine	LSM-3788	NA	10uM	VCAP	6h	LINCSCP_56182
LINCSCP_172586	-0.9990047936	0.02840453707	3	Torcetrapib	LSM-45543	NA	3.33uM	YAPC	24h	LINCSCP_172586
LINCSCP_51375	0.9990044443	0.02840952346	3	Dasatinib	LSM-1020	ABL1|BCR|BLK|EPHA2|FGR|FRK|FYN|HCK|KIT|LCK|LYN|PDGFRB|SRC|SRMS|YES1	0.1uM	SKBR3	24h	LINCSCP_51375
LINCSCP_6120	0.9990042489	0.02841231074	3	SUGA1_010400	LSM-36752	NA	10uM	A549	6h	LINCSCP_6120
LINCSCP_18910	0.9990042105	0.02841285842	3	Protriptyline	LSM-2936	SLC6A2|SLC6A4	10uM	HCC515	24h	LINCSCP_18910
LINCSCP_49110	0.9990038003	0.02841871168	3	BRD-K26968982	LSM-38737	NA	10uM	PC3	6h	LINCSCP_49110
LINCSCP_133056	0.9990034573	0.02842360463	3	Canertinib	LSM-1120	EGFR|ERBB2|ERBB4	3.33uM	MCF7	3h	LINCSCP_133056
LINCSCP_74034	0.9990025387	0.02843670402	3	Aliskiren	LSM-2653	REN	10uM	A375	24h	LINCSCP_74034
LINCSCP_163406	0.9990022765	0.0284404414	3	Dactolisib	LSM-4255	MTOR|PIK3CA|PIK3CB|PIK3CD|PIK3CG|PIK3R1|PIK3R2|PIK3R3|PIK3R5	0.37uM	SKBR3	3h	LINCSCP_163406
LINCSCP_56661	0.9990017054	0.02844858212	3	Rhodomyrtoxin	LSM-2289	NA	10uM	VCAP	24h	LINCSCP_56661
LINCSCP_11925	-0.9990014781	0.02845182046	3	CHEMBL552425	LSM-1003	DDR1	10uM	BT20	6h	LINCSCP_11925
LINCSCP_94997	-0.9990005403	0.02846518052	3	MG-132	LSM-1107	PSMB1	20uM	HA1E	24h	LINCSCP_94997
LINCSCP_28695	0.9990004721	0.02846615247	3	F1304-0056	LSM-36608	NA	3uM	HUH7	24h	LINCSCP_28695
LINCSCP_105056	-0.9990004015	0.02846715708	3	citiolone	LSM-45723	NA	0.12uM	HELA	24h	LINCSCP_105056
LINCSCP_152166	0.9990002474	0.0284693517	3	NCGC00346967-01	LSM-6297	EPHB3	3.33uM	PC3	24h	LINCSCP_152166
LINCSCP_113086	0.9989989178	0.02848828059	3	SCHEMBL17052537	LSM-5803	BTK|JAK3|MKNK2|MTOR|PRKDC	0.04uM	HME1	24h	LINCSCP_113086
LINCSCP_28279	0.9989989034	0.02848848499	3	MLS002474002	LSM-41070	NA	10uM	HT29	24h	LINCSCP_28279
LINCSCP_1089	-0.9989988099	0.02848981536	3	AG 14361	LSM-1988	PARP1	10uM	A375	24h	LINCSCP_1089
LINCSCP_69122	0.9989975002	0.02850844668	3	Foretinib	LSM-1158	FLT1|FLT3|FLT4|KDR|KIT|MET|PDGFRA|PDGFRB|TEK	0.04uM	A375	24h	LINCSCP_69122
LINCSCP_50467	-0.998996919	0.02851671049	3	BRD-K46088987	LSM-6833	NA	3uM	PHH	6h	LINCSCP_50467
LINCSCP_129034	0.9989961997	0.02852693521	3	GSK429286A	LSM-1012	ROCK1	10uM	HUVEC	24h	LINCSCP_129034
LINCSCP_114771	-0.9989959365	0.0285306753	3	PD-0325901	LSM-1101	MAP2K1|MAP2K2	1.11uM	HS578T	24h	LINCSCP_114771
LINCSCP_309961	0.9989956889	0.02853419389	3	BRD-A15501135	LSM-45357	NA	30uM	VCAP	24h	LINCSCP_309961
LINCSCP_8521	0.9989950965	0.02854260931	3	BRD-K53867540	LSM-11701	NA	5uM	A549	24h	LINCSCP_8521
LINCSCP_54232	-0.9989945436	0.02855046162	3	Valproic acid	LSM-4620	ABAT|ALDH5A1|HDAC1|SCN1A|SCN3A	10uM	SW620	6h	LINCSCP_54232
LINCSCP_11802	0.9989938793	0.02855989381	3	Enzastaurin	LSM-1069	PRKCB	0.1uM	BT20	24h	LINCSCP_11802
LINCSCP_79026	0.998993207	0.02856943562	3	Volasertib (BI 6727)	LSM-45277	PLK1	0.04uM	A375	24h	LINCSCP_79026
LINCSCP_1692	0.9989931037	0.02857090196	3	SCHEMBL2560033	LSM-2383	NA	10uM	A375	6h	LINCSCP_1692
LINCSCP_128085	-0.9989920671	0.02858560717	3	AZ628	LSM-1050	BRAF|RAF1	0.37uM	HUES3	24h	LINCSCP_128085
LINCSCP_56268	-0.9989916401	0.02859166246	3	FR-122047	LSM-2672	NA	10uM	VCAP	24h	LINCSCP_56268
LINCSCP_145627	0.9989911981	0.02859792951	3	CHIR-99021	LSM-1181	NA	0.04uM	MDAMB231	24h	LINCSCP_145627
LINCSCP_83199	-0.9989911652	0.02859839467	3	HG-9-91-01	LSM-6343	NA	0.04uM	ASC.C	24h	LINCSCP_83199
LINCSCP_116753	-0.9989903085	0.02861053777	3	Sirolimus	LSM-42783	FKBP1A|MTOR	1.11uM	HT29	24h	LINCSCP_116753
LINCSCP_247534	0.9989900046	0.02861484312	3	BRD-K24746925	LSM-9930	NA	5uM	MCF7	24h	LINCSCP_247534
LINCSCP_62689	-0.9989895413	0.02862140737	3	BRD-K78310246	LSM-13217	NA	5uM	VCAP	24h	LINCSCP_62689
LINCSCP_105998	-0.9989892279	0.02862584615	3	Enzalutamide	LSM-6254	AR	0.04uM	HELA	24h	LINCSCP_105998
LINCSCP_104987	-0.9989889129	0.02863030711	3	Trimethoprim	LSM-5246	NA	3.33uM	HELA	24h	LINCSCP_104987
LINCSCP_145181	0.998988655	0.02863395822	3	SB590885	LSM-42746	NA	1.11uM	MDAMB231	3h	LINCSCP_145181
LINCSCP_12024	-0.9989884673	0.02863661555	3	CP-724714	LSM-42777	ERBB2	0.5uM	BT20	6h	LINCSCP_12024
LINCSCP_282098	0.9989876703	0.02864789705	3	Rescinnamine	LSM-42980	ACE|SLC18A2	10uM	PHH	24h	LINCSCP_282098
LINCSCP_55027	0.9989876108	0.02864873976	3	PF750	LSM-6277	FAAH	80uM	THP1	6h	LINCSCP_55027
LINCSCP_3575	0.9989869839	0.02865760943	3	BRD-K44261129	LSM-39710	NA	10uM	A375	24h	LINCSCP_3575
LINCSCP_10165	0.9989859701	0.0286719489	3	Tamoxifen	LSM-42959	ESR1|ESR2	0.12uM	A549	24h	LINCSCP_10165
LINCSCP_13905	0.9989854657	0.02867908028	3	Bis-Tyrphostin	LSM-42937	EGFR	10uM	HA1E	6h	LINCSCP_13905
LINCSCP_109889	-0.9989854032	0.02867996384	3	179324-69-7	LSM-6281	ADRM1|PSMA1|PSMA2|PSMA3|PSMA4|PSMA5|PSMA6|PSMA7|PSMA8|PSMB1|PSMB10|PSMB11|PSMB2|PSMB3|PSMB4|PSMB5|PSMB6|PSMB7|PSMB8|PSMB9|PSMC1|PSMC2|PSMC3|PSMC4|PSMC5|PSMC6|PSMD1|PSMD11|PSMD12|PSMD13|PSMD14|PSMD2|PSMD3|PSMD4|PSMD6|PSMD7|PSMD8|SEM1	20uM	HELA	24h	LINCSCP_109889
LINCSCP_56337	-0.9989846588	0.02869048358	3	CGP71683A	LSM-2692	NPY5R	10uM	VCAP	6h	LINCSCP_56337
LINCSCP_64344	-0.9989832155	0.02871087201	3	BRD-K99395085	LSM-42650	NA	5uM	VCAP	24h	LINCSCP_64344
LINCSCP_105637	0.9989826574	0.02871875235	3	PK-11195	LSM-1532	TSPO	0.12uM	HELA	24h	LINCSCP_105637
LINCSCP_27662	0.9989823898	0.02872253002	3	BRD-K25164076	LSM-9959	NA	5uM	HT29	24h	LINCSCP_27662
LINCSCP_298748	0.9989820298	0.02872761077	3	BRD-K23038591	LSM-7149	NA	5uM	VCAP	24h	LINCSCP_298748
LINCSCP_164871	0.9989814465	0.02873584139	3	NU-7026	LSM-2191	PRKDC	0.37uM	SKL.C	24h	LINCSCP_164871
LINCSCP_158611	0.9989805519	0.02874845961	3	Lidoflazine	LSM-3397	NA	0.12uM	PC3	24h	LINCSCP_158611
LINCSCP_237179	-0.9989805484	0.02874850883	3	CHEMBL1892795	LSM-3684	NA	10uM	MCF7	6h	LINCSCP_237179
LINCSCP_168218	-0.9989804541	0.02874983953	3	RVX-208	LSM-45724	NA	10uM	YAPC	24h	LINCSCP_168218
LINCSCP_28600	-0.998980218	0.02875316809	3	Staurosporine	LSM-1103	CDK2|GSK3B	3.33uM	HT29	24h	LINCSCP_28600
LINCSCP_154746	0.9989801049	0.02875476311	3	heraclenol	LSM-45686	NA	3.33uM	PC3	24h	LINCSCP_154746
LINCSCP_205611	0.9989796288	0.02876147515	3	IN1541	LSM-4460	PRKAA1	10uM	CL34	6h	LINCSCP_205611
LINCSCP_136	0.9989796029	0.02876183952	3	Triflupromazine	LSM-3421	DRD2|HTR2B	10uM	A375	6h	LINCSCP_136
LINCSCP_25275	0.9989786023	0.02877594056	3	CHEMBL254777	LSM-3059	GRM1	10uM	HT29	24h	LINCSCP_25275
LINCSCP_107651	-0.9989784873	0.02877756062	3	179324-69-7	LSM-6281	ADRM1|PSMA1|PSMA2|PSMA3|PSMA4|PSMA5|PSMA6|PSMA7|PSMA8|PSMB1|PSMB10|PSMB11|PSMB2|PSMB3|PSMB4|PSMB5|PSMB6|PSMB7|PSMB8|PSMB9|PSMC1|PSMC2|PSMC3|PSMC4|PSMC5|PSMC6|PSMD1|PSMD11|PSMD12|PSMD13|PSMD14|PSMD2|PSMD3|PSMD4|PSMD6|PSMD7|PSMD8|SEM1	20uM	HELA	24h	LINCSCP_107651
LINCSCP_149125	0.9989780731	0.02878339558	3	EMF-sumo1-1	NA	NA	0.12uM	NPC	24h	LINCSCP_149125
LINCSCP_127652	0.9989778832	0.02878606983	3	GSK-461364	LSM-1013	PLK1	0.12uM	HT29	24h	LINCSCP_127652
LINCSCP_124336	-0.9989768714	0.02880031757	3	Moxifloxacin	LSM-5746	NA	0.04uM	HT29	24h	LINCSCP_124336
LINCSCP_4262	-0.9989764981	0.02880557141	3	Homatropine	LSM-1299	CHRM1	10uM	A549	6h	LINCSCP_4262
LINCSCP_128638	-0.9989764685	0.02880598864	3	OTSSP167	LSM-6340	NA	3.33uM	HUVEC	24h	LINCSCP_128638
LINCSCP_87310	-0.9989763624	0.02880748166	3	Ponatinib	LSM-1151	ABL1|BCR|FGFR1|FGFR2|FGFR3|FGFR4|FLT3|KIT|RET|TEK	0.12uM	CD34	24h	LINCSCP_87310
LINCSCP_849	-0.998976176	0.02881010429	3	16,16-Dimethyl prostaglandin e2	LSM-43285	HPGD	10uM	A375	24h	LINCSCP_849
LINCSCP_100788	-0.9989761272	0.02881079065	3	GSK429286A	LSM-1012	ROCK1	1.11uM	HCC515	24h	LINCSCP_100788
LINCSCP_262131	0.9989759681	0.02881303029	3	Phenacetin	LSM-2851	PTGS1	10uM	NPC	24h	LINCSCP_262131
LINCSCP_122723	0.9989757644	0.02881589585	3	LY2228820	LSM-45439	MAPK14	3.33uM	HT29	24h	LINCSCP_122723
LINCSCP_87565	-0.9989735805	0.02884660651	3	Neratinib	LSM-42778	EGFR|ERBB2|ERBB4	1.11uM	HA1E	24h	LINCSCP_87565
LINCSCP_18234	0.9989735725	0.02884671899	3	CP94253	LSM-2739	HTR1B	10uM	HCC515	24h	LINCSCP_18234
LINCSCP_38822	0.9989735681	0.02884678028	3	TL Aurora 09	LSM-45304	NA	3uM	MCF7	6h	LINCSCP_38822
LINCSCP_46597	0.9989713378	0.0288781092	3	4-Ethoxy-n-[3-(phenylamino)quinoxalin-2-yl]benzenesulfonamide	LSM-4641	NA	10uM	PC3	6h	LINCSCP_46597
LINCSCP_36037	-0.9989710318	0.02888240433	3	13-Hydroxy-8,14,19-trimethoxy-4,10,12,16-tetramethyl-3,20,22-trioxo-2-azabicyclo[16.3.1]docosa-1(21),4,6,10,18-pentaen-9-yl carbamate	LSM-42815	HSP90AA1	0.1uM	MCF7	6h	LINCSCP_36037
LINCSCP_146727	-0.9989709467	0.02888359828	3	GSK-1070916	LSM-1062	AURKB|AURKC	0.37uM	NEU	24h	LINCSCP_146727
LINCSCP_28632	-0.9989708538	0.02888490282	3	CHEMBL3182405	LSM-4793	NA	0.04uM	HT29	24h	LINCSCP_28632
LINCSCP_106218	-0.9989691245	0.02890916439	3	179324-69-7	LSM-6281	ADRM1|PSMA1|PSMA2|PSMA3|PSMA4|PSMA5|PSMA6|PSMA7|PSMA8|PSMB1|PSMB10|PSMB11|PSMB2|PSMB3|PSMB4|PSMB5|PSMB6|PSMB7|PSMB8|PSMB9|PSMC1|PSMC2|PSMC3|PSMC4|PSMC5|PSMC6|PSMD1|PSMD11|PSMD12|PSMD13|PSMD14|PSMD2|PSMD3|PSMD4|PSMD6|PSMD7|PSMD8|SEM1	20uM	HELA	24h	LINCSCP_106218
LINCSCP_163935	-0.9989686121	0.02891635021	3	PHA-793887	LSM-1073	CDK1|CDK10|CDK11B|CDK12|CDK13|CDK14|CDK15|CDK16|CDK17|CDK18|CDK19|CDK2|CDK20|CDK3|CDK4|CDK5|CDK6|CDK7|CDK8|CDK9	3.33uM	SKBR3	3h	LINCSCP_163935
LINCSCP_117962	0.9989684959	0.02891797837	3	Physostigmine	LSM-2558	ACHE	0.04uM	HT29	24h	LINCSCP_117962
LINCSCP_163184	0.9989680438	0.02892431702	3	Mitoxantrone	LSM-2481	TOP2A	0.37uM	SKBR3	3h	LINCSCP_163184
LINCSCP_146719	0.9989676944	0.0289292132	3	C30H33N3O5S	LSM-1156	ATM	3.33uM	NEU	24h	LINCSCP_146719
LINCSCP_151763	-0.998967454	0.02893258196	3	PD-0325901	LSM-1101	MAP2K1|MAP2K2	10uM	PC3	24h	LINCSCP_151763
LINCSCP_70702	0.99896729	0.02893487999	3	ZINC77024257	LSM-1171	MDM2	0.12uM	A375	24h	LINCSCP_70702
LINCSCP_12235	0.9989672456	0.02893550236	3	PF431396	LSM-1116	NA	1uM	BT20	24h	LINCSCP_12235
LINCSCP_145487	0.9989668632	0.02894086055	3	Linifanib	LSM-1183	CSF1R|FLT1|FLT3|FLT4|KDR|PDGFRA|PDGFRB	0.37uM	MDAMB231	24h	LINCSCP_145487
LINCSCP_34345	-0.9989668124	0.02894157217	3	Nefopam	LSM-1811	NA	10uM	MCF7	6h	LINCSCP_34345
LINCSCP_251165	-0.9989665532	0.02894520194	3	Narciclasine	LSM-4934	RHOA	0.01uM	MCF7	6h	LINCSCP_251165
LINCSCP_46502	0.9989660199	0.02895267072	3	ST019365	LSM-4719	NA	10uM	PC3	24h	LINCSCP_46502
LINCSCP_116866	0.9989660111	0.0289527946	3	Amuvatinib	LSM-1118	FLT3|KIT|MET|PDGFRA	0.04uM	HT29	24h	LINCSCP_116866
LINCSCP_214424	0.9989651902	0.0289642873	3	Cpccoet	LSM-1360	GRM1	10uM	HCC515	6h	LINCSCP_214424
LINCSCP_205744	-0.9989643621	0.02897587553	3	MLS002460474	LSM-3256	NA	10uM	CL34	6h	LINCSCP_205744
LINCSCP_4111	-0.9989637809	0.02898400745	3	Tozasertib	LSM-1021	ABL1|AURKA|AURKB|AURKC|BCR|FLT3|JAK2	3uM	A375	6h	LINCSCP_4111
LINCSCP_33592	-0.9989631141	0.02899333254	3	5-Nitroso-8-cinnolinol	LSM-2275	HDAC1	10uM	MCF7	24h	LINCSCP_33592
LINCSCP_206756	0.99896147	0.0290163134	3	TSU-68	LSM-43215	AURKA|AURKB|FGFR1|FGFR2|FGFR3|FGFR4|KDR|PDGFRA|PDGFRB	5uM	EFO27	6h	LINCSCP_206756
LINCSCP_86476	-0.9989610466	0.02902222927	3	TORIN1	LSM-1079	MTOR	0.12uM	BT20	3h	LINCSCP_86476
LINCSCP_117292	0.9989608837	0.029024505	3	IOX2	LSM-6339	NA	0.04uM	HT29	24h	LINCSCP_117292
LINCSCP_12517	-0.9989608684	0.02902471826	3	7-Nitroindazole	LSM-5222	NA	80uM	CL34	6h	LINCSCP_12517
LINCSCP_3624	0.9989605713	0.02902886732	3	CHEMBL2361787	LSM-13210	NA	10uM	A375	24h	LINCSCP_3624
LINCSCP_163172	0.9989599971	0.02903688549	3	NU-7441	LSM-1061	PRKDC	0.37uM	SKBR3	3h	LINCSCP_163172
LINCSCP_142022	-0.9989596585	0.02904161344	3	Pracinostat	LSM-43290	NA	0.37uM	MCF7	24h	LINCSCP_142022
LINCSCP_86031	0.9989592283	0.02904761889	3	TAE-684	LSM-1024	ALK	0.37uM	BT20	24h	LINCSCP_86031
LINCSCP_149741	-0.9989590006	0.02905079578	3	Doramapimod	LSM-1170	MAPK11|MAPK12|MAPK14	3.33uM	NPC.TAK	24h	LINCSCP_149741
LINCSCP_207028	0.9989586584	0.02905557136	3	Tyrosine O-Sulfate	LSM-36390	NA	10uM	FIBRNPC	24h	LINCSCP_207028
LINCSCP_177821	0.9989586567	0.0290555953	3	KUC103875	LSM-2801	NA	10uM	A375	24h	LINCSCP_177821
LINCSCP_56375	0.9989585134	0.02905759452	3	Fipronil	LSM-1608	NA	10uM	VCAP	24h	LINCSCP_56375
LINCSCP_13040	0.9989574256	0.02907276857	3	Mpep	LSM-4678	GRM5	10uM	FIBRNPC	24h	LINCSCP_13040
LINCSCP_178135	-0.9989574109	0.02907297289	3	Gatifloxacin	LSM-5139	NA	10uM	A375	6h	LINCSCP_178135
LINCSCP_173291	-0.9989565119	0.02908550672	3	Exherin (trifluoroacetate)	LSM-45648	NA	10uM	YAPC	24h	LINCSCP_173291
LINCSCP_45490	-0.9989562332	0.02908939209	3	MLS002473458	LSM-2735	NA	10uM	PC3	24h	LINCSCP_45490
LINCSCP_218524	0.9989562008	0.02908984385	3	Glyburide	LSM-2811	ABCC8|CFTR|KCNJ11|KCNJ5|KCNJ8	10uM	HCT116	6h	LINCSCP_218524
LINCSCP_175951	-0.998955902	0.02909400749	3	Tanaproget	LSM-45780	NA	10uM	YAPC	24h	LINCSCP_175951
LINCSCP_222375	0.9989547607	0.0291099072	3	TAE-684	LSM-1024	ALK	0.1uM	HS578T	24h	LINCSCP_222375
LINCSCP_20486	0.9989546921	0.02911086278	3	MLS002725680	LSM-2842	NA	10uM	HCC515	6h	LINCSCP_20486
LINCSCP_115051	0.9989528072	0.02913710205	3	Ruxolitinib	LSM-1139	JAK1|JAK2|TYK2	10uM	HS578T	24h	LINCSCP_115051
LINCSCP_6816	-0.9989526745	0.0291389482	3	Pindolol	LSM-1953	ADRB1|ADRB2|HTR1A	10uM	A549	24h	LINCSCP_6816
LINCSCP_203851	-0.9989525342	0.02914090008	3	Ketorolac	LSM-1526	PTGS1|PTGS2	10uM	ASC	24h	LINCSCP_203851
LINCSCP_120442	0.9989506748	0.02916675803	3	AC1MJ3VH	LSM-1731	TOP2A	0.04uM	HT29	24h	LINCSCP_120442
LINCSCP_42201	-0.9989501344	0.02917426892	3	SAN1_003817	LSM-36731	NA	10uM	NPC	24h	LINCSCP_42201
LINCSCP_133414	0.9989500079	0.02917602584	3	PCI-32765	LSM-1129	BTK	1.11uM	MCF7	24h	LINCSCP_133414
LINCSCP_163673	-0.9989476614	0.02920861567	3	A-443654	LSM-1045	NA	1.11uM	SKBR3	24h	LINCSCP_163673
LINCSCP_7927	-0.9989476136	0.02920927797	3	BRD-K88278225	LSM-42082	NA	10uM	A549	24h	LINCSCP_7927
LINCSCP_193539	0.9989470508	0.02921708917	3	SMR000163306	LSM-43080	NA	10uM	A549	24h	LINCSCP_193539
LINCSCP_125028	-0.998946844	0.02921995814	3	Balapiravir	LSM-45905	NA	1.11uM	HT29	24h	LINCSCP_125028
LINCSCP_287594	0.9989468306	0.02922014451	3	IWR-1-ENDO	LSM-5707	TNKS|TNKS2	10uM	SW480	6h	LINCSCP_287594
LINCSCP_8762	0.9989458015	0.02923442028	3	BRD-K85950149	LSM-41965	NA	5uM	A549	24h	LINCSCP_8762
LINCSCP_109065	-0.9989456702	0.02923624114	3	LACOSAMIDE	LSM-45385	SCN10A|SCN11A|SCN1A|SCN2A|SCN3A|SCN4A|SCN5A|SCN7A|SCN8A|SCN9A	10uM	HELA	24h	LINCSCP_109065
LINCSCP_87612	-0.9989455359	0.02923810287	3	Mitoxantrone	LSM-2481	TOP2A	3.33uM	HA1E	24h	LINCSCP_87612
LINCSCP_103785	-0.9989453557	0.02924060202	3	179324-69-7	LSM-6281	ADRM1|PSMA1|PSMA2|PSMA3|PSMA4|PSMA5|PSMA6|PSMA7|PSMA8|PSMB1|PSMB10|PSMB11|PSMB2|PSMB3|PSMB4|PSMB5|PSMB6|PSMB7|PSMB8|PSMB9|PSMC1|PSMC2|PSMC3|PSMC4|PSMC5|PSMC6|PSMD1|PSMD11|PSMD12|PSMD13|PSMD14|PSMD2|PSMD3|PSMD4|PSMD6|PSMD7|PSMD8|SEM1	20uM	HELA	24h	LINCSCP_103785
LINCSCP_60823	-0.9989450411	0.02924496359	3	BRD-K96698997	LSM-8419	NA	5uM	VCAP	24h	LINCSCP_60823
LINCSCP_195181	0.9989446973	0.0292497289	3	BRD-K70940447	LSM-7793	NA	5uM	A549	24h	LINCSCP_195181
LINCSCP_291007	-0.9989440471	0.0292587394	3	Budesonide	LSM-1472	NR3C1	10uM	VCAP	24h	LINCSCP_291007
LINCSCP_87648	0.9989423171	0.02928270139	3	PF431396	LSM-1116	NA	3.33uM	HA1E	24h	LINCSCP_87648
LINCSCP_118781	-0.9989416713	0.02929164233	3	179324-69-7	LSM-6281	ADRM1|PSMA1|PSMA2|PSMA3|PSMA4|PSMA5|PSMA6|PSMA7|PSMA8|PSMB1|PSMB10|PSMB11|PSMB2|PSMB3|PSMB4|PSMB5|PSMB6|PSMB7|PSMB8|PSMB9|PSMC1|PSMC2|PSMC3|PSMC4|PSMC5|PSMC6|PSMD1|PSMD11|PSMD12|PSMD13|PSMD14|PSMD2|PSMD3|PSMD4|PSMD6|PSMD7|PSMD8|SEM1	20uM	HT29	24h	LINCSCP_118781
LINCSCP_214171	-0.9989413318	0.0292963407	3	EXO-1	LSM-3769	NA	10uM	HCC515	6h	LINCSCP_214171
LINCSCP_69745	0.9989407327	0.02930462988	3	CHEMBL3182395	LSM-1164	MAP2K5|MAPK7	3.33uM	A375	24h	LINCSCP_69745
LINCSCP_6629	-0.9989404925	0.02930795319	3	TAK-715	LSM-1060	MAPK14	10uM	A549	6h	LINCSCP_6629
LINCSCP_253520	0.9989397878	0.0293176999	3	SA-425929	LSM-14854	NA	3uM	MCF7	24h	LINCSCP_253520
LINCSCP_20681	-0.9989397055	0.02931883759	3	SA-89068	LSM-42386	NA	10uM	HCC515	6h	LINCSCP_20681
LINCSCP_12996	-0.9989392833	0.02932467569	3	Trifluoperazine	LSM-4010	DRD2|DRD3|DRD4|HTR2A|HTR2C	10uM	EFO27	6h	LINCSCP_12996
LINCSCP_32635	0.998938586	0.02933431466	3	CHEMDIV2_001418	LSM-1970	NA	10uM	MCF7	6h	LINCSCP_32635
LINCSCP_25130	-0.9989385484	0.02933483439	3	Trifluoperazine	LSM-4010	DRD2|DRD3|DRD4|HTR2A|HTR2C	10uM	HT115	6h	LINCSCP_25130
LINCSCP_51176	0.9989382054	0.02933957427	3	SB225002	LSM-3367	CXCR2	10uM	RMUGS	6h	LINCSCP_51176
LINCSCP_164626	-0.9989370023	0.02935619423	3	848193-68-0	LSM-6271	SIRT1	0.37uM	SKL.C	24h	LINCSCP_164626
LINCSCP_93839	-0.9989367407	0.02935980698	3	MG-132	LSM-1107	PSMB1	20uM	HA1E	24h	LINCSCP_93839
LINCSCP_17262	-0.9989354257	0.02937796011	3	Tigecycline	LSM-36875	NA	0.1uM	HA1E	6h	LINCSCP_17262
LINCSCP_113600	-0.9989348189	0.02938633356	3	Lapatinib	LSM-1051	EGFR|ERBB2	0.04uM	HME1	3h	LINCSCP_113600
LINCSCP_14281	-0.9989347104	0.0293878306	3	Oxybenzone	LSM-3309	NA	10uM	HA1E	6h	LINCSCP_14281
LINCSCP_20687	-0.998934569	0.02938978078	3	BRD-K99380810-001-01-1	LSM-6787	NA	10uM	HCC515	6h	LINCSCP_20687
LINCSCP_219611	-0.9989343063	0.02939340542	3	9-Fluoro-11,17,21-trihydroxy-16-methylpregna-1,4-diene-3,20-dione	LSM-4412	NR3C1	10uM	HEPG2	6h	LINCSCP_219611
LINCSCP_60455	0.9989342879	0.0293936592	3	BRD-K05357743	LSM-6929	NA	5uM	VCAP	6h	LINCSCP_60455
LINCSCP_28173	0.9989331329	0.02940958565	3	BRD-K93000597	LSM-42321	NA	5uM	HT29	24h	LINCSCP_28173
LINCSCP_64889	-0.9989330405	0.0294108591	3	BRD-K25304254	LSM-38653	NA	10uM	VCAP	24h	LINCSCP_64889
LINCSCP_21045	0.9989328269	0.02941380401	3	L-Buthionine Sulfoximine	LSM-36606	NA	0.1uM	HCC515	6h	LINCSCP_21045
LINCSCP_19018	0.9989325492	0.02941763116	3	Dcpib	LSM-1517	SLC1A2	10uM	HCC515	6h	LINCSCP_19018
LINCSCP_42845	-0.9989325315	0.02941787503	3	YM 976	LSM-2271	PDE4A	10uM	NPC	24h	LINCSCP_42845
LINCSCP_34086	0.998932352	0.0294203482	3	BRD-K83509924	LSM-41833	NA	10uM	MCF7	6h	LINCSCP_34086
LINCSCP_142545	0.9989305917	0.02944459698	3	Levonorgestrel	LSM-2768	PGR	0.12uM	MCF7	24h	LINCSCP_142545
LINCSCP_143213	-0.9989305233	0.02944553888	3	CEPHARANTHINE	LSM-45918	NA	10uM	MCF7	24h	LINCSCP_143213
LINCSCP_37321	-0.9989303106	0.02944846613	3	SA-90471	LSM-39037	NA	10uM	MCF7	6h	LINCSCP_37321
LINCSCP_15252	0.9989294741	0.02945998038	3	CHEMBL3186197	LSM-6215	IGF1R|INSR	10uM	HA1E	24h	LINCSCP_15252
LINCSCP_48961	-0.9989293339	0.02946191007	3	BRD-K35193330	LSM-39198	NA	10uM	PC3	24h	LINCSCP_48961
LINCSCP_18160	-0.9989275838	0.02948598369	3	Methocarbamol	LSM-1453	CA1	10uM	HCC515	24h	LINCSCP_18160
LINCSCP_34588	-0.9989259928	0.02950785198	3	Cytarabine	LSM-5470	POLA1|POLB|POLD1|POLE	10uM	MCF7	6h	LINCSCP_34588
LINCSCP_203920	0.9989254735	0.02951498585	3	BRL-37344	LSM-2146	ADRB3	10uM	ASC	24h	LINCSCP_203920
LINCSCP_116194	-0.9989253215	0.02951707401	3	Vemurafenib	LSM-1068	BRAF	3.33uM	HT29	24h	LINCSCP_116194
LINCSCP_170487	0.9989252607	0.02951790938	3	MG-132	LSM-1107	PSMB1	20uM	YAPC	24h	LINCSCP_170487
LINCSCP_55524	0.9989246907	0.02952573761	3	STK219801	LSM-43281	NA	20uM	U937	6h	LINCSCP_55524
LINCSCP_196045	0.9989239273	0.02953621795	3	BRD-K76688030	LSM-13122	NA	5uM	A549	24h	LINCSCP_196045
LINCSCP_164547	0.9989237386	0.02953880712	3	Veliparib	LSM-1146	PARP1|PARP2	0.12uM	SKL.C	24h	LINCSCP_164547
LINCSCP_100465	-0.9989229063	0.02955022896	3	GSK-1070916	LSM-1062	AURKB|AURKC	0.04uM	HCC515	24h	LINCSCP_100465
LINCSCP_52292	0.9989227981	0.02955171381	3	N,N-Dimethyl-n'-{5-[(2-methyl-4-quinolyl)thio]-1,3,4-thiadiazol-2-yl}iminoformamide	LSM-4930	NA	10uM	SKB	24h	LINCSCP_52292
LINCSCP_20716	-0.998921298	0.02957228743	3	Timolol	LSM-2176	ADRB1|ADRB2	10uM	HCC515	6h	LINCSCP_20716
LINCSCP_218784	-0.9989212329	0.029573179	3	10-DEBC	LSM-4710	PIM1	20uM	HEC108	6h	LINCSCP_218784
LINCSCP_104782	-0.9989211807	0.02957389542	3	179324-69-7	LSM-6281	ADRM1|PSMA1|PSMA2|PSMA3|PSMA4|PSMA5|PSMA6|PSMA7|PSMA8|PSMB1|PSMB10|PSMB11|PSMB2|PSMB3|PSMB4|PSMB5|PSMB6|PSMB7|PSMB8|PSMB9|PSMC1|PSMC2|PSMC3|PSMC4|PSMC5|PSMC6|PSMD1|PSMD11|PSMD12|PSMD13|PSMD14|PSMD2|PSMD3|PSMD4|PSMD6|PSMD7|PSMD8|SEM1	20uM	HELA	24h	LINCSCP_104782
LINCSCP_240328	0.99892114	0.02957445348	3	Gefitinib	LSM-1098	EGFR	10uM	MCF7	24h	LINCSCP_240328
LINCSCP_278125	0.9989211235	0.02957467933	3	BRD-K37879871	LSM-39354	NA	10uM	PC3	24h	LINCSCP_278125
LINCSCP_92498	-0.9989209825	0.02957661229	3	CO-1686 (AVL-301)	LSM-45736	EGFR	0.04uM	HA1E	24h	LINCSCP_92498
LINCSCP_20083	-0.9989208381	0.02957859153	3	AB00540134	LSM-4868	NA	10uM	HCC515	6h	LINCSCP_20083
LINCSCP_128625	-0.9989204765	0.02958354779	3	PD-0325901	LSM-1101	MAP2K1|MAP2K2	10uM	HUVEC	24h	LINCSCP_128625
LINCSCP_117164	-0.9989196561	0.02959478908	3	PD-0325901	LSM-1101	MAP2K1|MAP2K2	3.33uM	HT29	24h	LINCSCP_117164
LINCSCP_159371	0.9989188313	0.02960608539	3	Fosfomycin Tromethamine	LSM-45458	NA	0.37uM	PC3	24h	LINCSCP_159371
LINCSCP_72735	-0.9989180181	0.02961721892	3	Carvedilol	LSM-1310	ADRA1A|ADRA1B|ADRA1D|ADRB1|ADRB2|ADRB3	3.33uM	A375	24h	LINCSCP_72735
LINCSCP_67151	-0.9989178847	0.02961904589	3	Vorinostat	LSM-3828	HDAC1|HDAC2|HDAC3|HDAC6|HDAC8	0.5uM	HT29	24h	LINCSCP_67151
LINCSCP_55612	0.9989175254	0.02962396336	3	Maackiain	LSM-1932	NA	10uM	VCAP	24h	LINCSCP_55612
LINCSCP_68026	0.9989173469	0.0296264062	3	13-Hydroxy-8,14,19-trimethoxy-4,10,12,16-tetramethyl-3,20,22-trioxo-2-azabicyclo[16.3.1]docosa-1(21),4,6,10,18-pentaen-9-yl carbamate	LSM-42815	HSP90AA1	10uM	PC3	24h	LINCSCP_68026
LINCSCP_85705	0.9989172171	0.02962818178	3	BX 912	LSM-1055	PDK1|PDPK1	3.33uM	BT20	3h	LINCSCP_85705
LINCSCP_106322	0.9989166791	0.02963554407	3	VILAZODONE HYDROCHLORIDE	LSM-45389	HTR1A|SLC6A4	10uM	HELA	24h	LINCSCP_106322
LINCSCP_48635	-0.9989164772	0.02963830612	3	BRD-K06574200	LSM-15021	NA	0.01uM	PC3	6h	LINCSCP_48635
LINCSCP_299573	-0.9989164416	0.02963879308	3	BRD-K22583762	LSM-9797	NA	5uM	VCAP	6h	LINCSCP_299573
LINCSCP_13812	0.9989164192	0.02963909847	3	Emodic acid	LSM-4128	NA	10uM	HA1E	24h	LINCSCP_13812
LINCSCP_72342	-0.9989160165	0.02964460653	3	Simvastatin	LSM-2492	HMGCR	0.37uM	A375	24h	LINCSCP_72342
LINCSCP_81644	0.9989147292	0.02966220733	3	ZSTK 474	LSM-1053	PIK3CG	0.04uM	A549	24h	LINCSCP_81644
LINCSCP_26786	-0.9989145503	0.0296646521	3	Econazole	LSM-1617	NA	10uM	HT29	6h	LINCSCP_26786
LINCSCP_48799	0.9989140343	0.02967170417	3	BRD-K56116682	LSM-40353	NA	10uM	PC3	24h	LINCSCP_48799
LINCSCP_303315	0.9989138956	0.02967359938	3	BRD-K46192888	LSM-11244	NA	5uM	VCAP	6h	LINCSCP_303315
LINCSCP_30536	-0.9989138886	0.02967369415	3	DG-041	LSM-43279	PTGER3	40uM	MCF7	24h	LINCSCP_30536
LINCSCP_167994	0.9989133886	0.02968052512	3	Sulfasalazine	LSM-5278	ALOX5|PTGS1|PTGS2	0.12uM	YAPC	24h	LINCSCP_167994
LINCSCP_231657	-0.9989121483	0.02969746284	3	MLS005000107	LSM-37673	NA	5uM	HT29	24h	LINCSCP_231657
LINCSCP_210117	0.9989120135	0.02969930246	3	SMR000390896	LSM-1958	NA	10uM	HA1E	24h	LINCSCP_210117
LINCSCP_157828	-0.9989112879	0.02970920688	3	Epirubicin HCl	LSM-45684	NA	10uM	PC3	24h	LINCSCP_157828
LINCSCP_10742	0.9989111129	0.02971159494	3	BRD-K38519699	LSM-39390	NA	10uM	ASC	24h	LINCSCP_10742
LINCSCP_157796	-0.998910989	0.02971328545	3	179324-69-7	LSM-6281	ADRM1|PSMA1|PSMA2|PSMA3|PSMA4|PSMA5|PSMA6|PSMA7|PSMA8|PSMB1|PSMB10|PSMB11|PSMB2|PSMB3|PSMB4|PSMB5|PSMB6|PSMB7|PSMB8|PSMB9|PSMC1|PSMC2|PSMC3|PSMC4|PSMC5|PSMC6|PSMD1|PSMD11|PSMD12|PSMD13|PSMD14|PSMD2|PSMD3|PSMD4|PSMD6|PSMD7|PSMD8|SEM1	20uM	PC3	24h	LINCSCP_157796
LINCSCP_136797	-0.998910819	0.02971560441	3	179324-69-7	LSM-6281	ADRM1|PSMA1|PSMA2|PSMA3|PSMA4|PSMA5|PSMA6|PSMA7|PSMA8|PSMB1|PSMB10|PSMB11|PSMB2|PSMB3|PSMB4|PSMB5|PSMB6|PSMB7|PSMB8|PSMB9|PSMC1|PSMC2|PSMC3|PSMC4|PSMC5|PSMC6|PSMD1|PSMD11|PSMD12|PSMD13|PSMD14|PSMD2|PSMD3|PSMD4|PSMD6|PSMD7|PSMD8|SEM1	20uM	MCF7	24h	LINCSCP_136797
LINCSCP_115763	-0.998910738	0.02971670968	3	QL47	LSM-6019	BMX|BTK	3.33uM	HS578T	24h	LINCSCP_115763
LINCSCP_51842	-0.9989104632	0.02972045911	3	NVP-AUY922	LSM-1162	HSP90AA1|HSP90AB1	1uM	SKBR3	24h	LINCSCP_51842
LINCSCP_116267	-0.9989102929	0.02972278258	3	C21H27N7O3	LSM-1128	AKT1|AKT2|AKT3|PRKCQ	1.11uM	HT29	24h	LINCSCP_116267
LINCSCP_117175	-0.9989102642	0.02972317353	3	OTSSP167	LSM-6340	NA	10uM	HT29	24h	LINCSCP_117175
LINCSCP_129243	0.9989096988	0.02973088483	3	HMN-214	LSM-42802	CSF1R|FLT1|FLT3|FLT4|KDR|KIT|PDGFRB|RET	0.12uM	HUVEC	24h	LINCSCP_129243
LINCSCP_142105	0.9989093665	0.02973541573	3	SB743921	LSM-45775	NA	1.11uM	MCF7	24h	LINCSCP_142105
LINCSCP_201756	0.9989086686	0.02974492946	3	NU1025	LSM-4643	PARP1	0.001uM	A549	24h	LINCSCP_201756
LINCSCP_39004	-0.9989081983	0.02975134021	3	BX 912	LSM-1055	PDK1|PDPK1	0.1uM	MDAMB231	24h	LINCSCP_39004
LINCSCP_14367	-0.9989081934	0.02975140631	3	CGK733	LSM-1610	ATM|ATR	10uM	HA1E	24h	LINCSCP_14367
LINCSCP_4447	-0.9989079567	0.02975463182	3	L-Sulforaphane	LSM-4919	NFE2L2	10uM	A549	24h	LINCSCP_4447
LINCSCP_27390	0.9989073936	0.02976230347	3	BRD-K79102010	LSM-41589	NA	5uM	HT29	24h	LINCSCP_27390
LINCSCP_199394	0.9989072211	0.0297646528	3	BRD-K75145803	LSM-41368	NA	5uM	A549	24h	LINCSCP_199394
LINCSCP_23632	-0.9989071229	0.02976599136	3	Kenpaullone	LSM-2824	CDK1|CDK5|GSK3B	20uM	HEPG2	6h	LINCSCP_23632
LINCSCP_224124	-0.9989070846	0.02976651197	3	Minoxidil	LSM-2134	ABCC9|KCNJ11|KCNJ8	10uM	HT29	6h	LINCSCP_224124
LINCSCP_23800	-0.9989066718	0.02977213487	3	KUC111774N	LSM-36810	NA	0.5uM	HEPG2	6h	LINCSCP_23800
LINCSCP_24618	-0.9989061946	0.02977863188	3	Alvocidib	LSM-1011	CDK1|CDK2|CDK4|CDK5|CDK6|CDK7|CDK8|CDK9|EGFR|PYGM	0.1uM	HS578T	6h	LINCSCP_24618
LINCSCP_60421	0.9989057564	0.02978459755	3	BRD-K76132378	LSM-7833	NA	5uM	VCAP	24h	LINCSCP_60421
LINCSCP_231811	0.9989053246	0.02979047418	3	BRD-K61520982	LSM-40632	NA	5uM	HT29	24h	LINCSCP_231811
LINCSCP_37125	-0.998905014	0.02979470218	3	SA-96805	LSM-39472	NA	1uM	MCF7	6h	LINCSCP_37125
LINCSCP_105525	-0.9989049737	0.02979525039	3	Imipramine	LSM-2852	CHRM2|SLC6A2|SLC6A4	10uM	HELA	24h	LINCSCP_105525
LINCSCP_171649	-0.9989049486	0.0297955919	3	CARGLUMIC ACID	LSM-45453	CPS1	0.04uM	YAPC	24h	LINCSCP_171649
LINCSCP_87564	-0.9989034757	0.02981562695	3	Neratinib	LSM-42778	EGFR|ERBB2|ERBB4	3.33uM	HA1E	24h	LINCSCP_87564
LINCSCP_99719	0.9989032834	0.0298182413	3	Alvocidib	LSM-1011	CDK1|CDK2|CDK4|CDK5|CDK6|CDK7|CDK8|CDK9|EGFR|PYGM	0.04uM	HCC515	24h	LINCSCP_99719
LINCSCP_252284	0.9989027083	0.02982605942	3	CHEMBL1617726	LSM-6255	NA	10uM	MCF7	24h	LINCSCP_252284
LINCSCP_5304	-0.9989026584	0.02982673864	3	MLS002264485	LSM-3668	NA	10uM	A549	6h	LINCSCP_5304
LINCSCP_4450	-0.9989015457	0.02984185956	3	AC1NS4S0	LSM-43073	ATP2A1	10uM	A549	24h	LINCSCP_4450
LINCSCP_88827	-0.9989011608	0.02984708811	3	RG 108	LSM-6283	DNMT1	3.33uM	HA1E	24h	LINCSCP_88827
LINCSCP_58057	-0.9989011258	0.02984756397	3	Carvedilol	LSM-1310	ADRA1A|ADRA1B|ADRA1D|ADRB1|ADRB2|ADRB3	10uM	VCAP	24h	LINCSCP_58057
LINCSCP_135533	0.998901056	0.02984851213	3	MG-132	LSM-1107	PSMB1	20uM	MCF7	24h	LINCSCP_135533
LINCSCP_81498	0.9989006615	0.02985386962	3	BRD-A24396574-001-01-5	LSM-5006	NA	1.11uM	A549	24h	LINCSCP_81498
LINCSCP_32024	-0.9988991498	0.02987439219	3	MLS001116189	LSM-6172	NA	10uM	MCF7	6h	LINCSCP_32024
LINCSCP_46820	-0.9988986133	0.0298816722	3	Hnha	LSM-5837	HDAC1	10uM	PC3	24h	LINCSCP_46820
LINCSCP_43873	0.9988978277	0.02989233015	3	BRD-K64877338	LSM-45344	NA	0.5uM	PC3	6h	LINCSCP_43873
LINCSCP_85086	0.9988964862	0.02991051857	3	Olaparib	LSM-1145	PARP1|PARP2|PARP3	10uM	ASC	24h	LINCSCP_85086
LINCSCP_43839	-0.9988959684	0.02991753741	3	BRD-A73558769	LSM-45352	NA	3uM	PC3	6h	LINCSCP_43839
LINCSCP_24839	0.9988945184	0.02993718015	3	NVP-AEW541	LSM-44953	IGF1R	0.5uM	HS578T	24h	LINCSCP_24839
LINCSCP_53365	-0.9988943964	0.02993883245	3	N9-Isopropylolomoucine	LSM-3607	CDK1|CDK5	100uM	SKMEL1	6h	LINCSCP_53365
LINCSCP_92697	0.9988940459	0.02994357841	3	Methazolamide	LSM-5311	CA1|CA2|CA4|CA7	10uM	HA1E	24h	LINCSCP_92697
LINCSCP_43822	0.9988930756	0.02995671369	3	Trichostatin A, Streptomyces Sp.	LSM-42814	HDAC1|HDAC10|HDAC3|HDAC4|HDAC6|HDAC7|HDAC8	0.5uM	PC3	6h	LINCSCP_43822
LINCSCP_146026	-0.9988929788	0.0299580235	3	Tivozanib	LSM-1005	FLT1|FLT4|KDR|KIT|PDGFRA|PDGFRB	10uM	MNEU.E	24h	LINCSCP_146026
LINCSCP_21977	0.9988914149	0.02997918193	3	MLS003370614	LSM-1918	NA	10uM	HEPG2	6h	LINCSCP_21977
LINCSCP_116557	0.9988914069	0.029979289	3	Mitoxantrone	LSM-2481	TOP2A	0.12uM	HT29	24h	LINCSCP_116557
LINCSCP_34898	-0.998890729	0.02998845624	3	BRD-K09957764	LSM-37788	NA	5uM	MCF7	24h	LINCSCP_34898
LINCSCP_49011	0.9988903683	0.0299933325	3	CHEMBL2355308	LSM-41263	NA	10uM	PC3	24h	LINCSCP_49011
LINCSCP_37204	-0.9988902111	0.02999545756	3	SA-1925621	LSM-42390	NA	1uM	MCF7	6h	LINCSCP_37204
LINCSCP_5009	0.9988896611	0.03000288974	3	MLS001065845	LSM-3766	NA	10uM	A549	24h	LINCSCP_5009
LINCSCP_88390	-0.9988887535	0.0300151526	3	KW-2449	LSM-42803	ABL1|AURKA|AURKB|FLT3	3.33uM	HA1E	24h	LINCSCP_88390
LINCSCP_3031	0.9988887162	0.03001565659	3	SAN1_004207	LSM-36734	NA	10uM	A375	6h	LINCSCP_3031
LINCSCP_141177	0.9988883415	0.03002071654	3	CC-930	LSM-45244	MAPK10|MAPK8|MAPK9	0.12uM	MCF7	24h	LINCSCP_141177
LINCSCP_1733	-0.9988879749	0.03002566784	3	SMR000047763	LSM-3244	NA	10uM	A375	6h	LINCSCP_1733
LINCSCP_64383	0.9988876022	0.03003069975	3	MLS003128748	LSM-10166	NA	5uM	VCAP	6h	LINCSCP_64383
LINCSCP_28655	-0.9988873715	0.03003381367	3	Alisertib	LSM-37184	AURKA	10uM	HT29	24h	LINCSCP_28655
LINCSCP_42429	-0.9988872898	0.03003491748	3	Aurora A Inhibitor I	LSM-1065	AURKA	10uM	NPC	24h	LINCSCP_42429
LINCSCP_63319	-0.9988868055	0.03004145376	3	BRD-K91535031	LSM-14051	NA	5uM	VCAP	6h	LINCSCP_63319
LINCSCP_151684	-0.9988865093	0.03004545036	3	GSK 1059615	LSM-42799	PIK3CA|PIK3CB|PIK3CD|PIK3CG	0.04uM	PC3	24h	LINCSCP_151684
LINCSCP_55205	-0.9988854321	0.03005998339	3	Rottlerin	LSM-42845	NA	10uM	TYKNU	6h	LINCSCP_55205
LINCSCP_122958	-0.9988851037	0.03006441237	3	Cytisine	LSM-6464	NA	1.11uM	HT29	24h	LINCSCP_122958
LINCSCP_285050	0.9988850875	0.03006463044	3	SCHEMBL3958507	LSM-5245	COQ8B|EGFR	0.5uM	SKBR3	24h	LINCSCP_285050
LINCSCP_153148	-0.9988845634	0.03007169727	3	Atrasentan (hydrochloride)	LSM-45787	EDNRA	0.37uM	PC3	24h	LINCSCP_153148
LINCSCP_48837	-0.9988838398	0.03008145172	3	BRD-K86326967	LSM-13715	NA	10uM	PC3	24h	LINCSCP_48837
LINCSCP_169985	0.998883184	0.03009028931	3	LY2334737	LSM-45658	NA	0.04uM	YAPC	24h	LINCSCP_169985
LINCSCP_311905	-0.9988829335	0.03009366405	3	BRD-K75828577	LSM-41397	NA	10uM	VCAP	6h	LINCSCP_311905
LINCSCP_253362	0.9988826977	0.03009684103	3	NSC95397	LSM-3521	NA	1uM	MCF7	6h	LINCSCP_253362
LINCSCP_117422	-0.9988824195	0.03010058774	3	Pracinostat	LSM-43290	NA	0.37uM	HT29	24h	LINCSCP_117422
LINCSCP_26594	-0.9988822946	0.03010227088	3	SU 11274	LSM-42792	MET	10uM	HT29	6h	LINCSCP_26594
LINCSCP_164799	-0.9988820855	0.03010508688	3	Cyclohexanecarboxamide, 4-(1-aminoethyl)-n-4-pyridinyl-, trans-	LSM-1177	ROCK1|ROCK2	0.37uM	SKL.C	24h	LINCSCP_164799
LINCSCP_50808	0.9988819518	0.03010688675	3	ABT737	LSM-1180	BCL2|BCL2L1|BCL2L2	10uM	RKO	6h	LINCSCP_50808
LINCSCP_4510	-0.9988815272	0.03011260524	3	Lexibulin	LSM-6232	TUBA1A|TUBA1B|TUBA1C|TUBA3E|TUBA4A|TUBB|TUBB1|TUBB2A|TUBB2B|TUBB3|TUBB4A|TUBB4B|TUBB6|TUBB8	1uM	A549	24h	LINCSCP_4510
LINCSCP_91471	0.9988811107	0.03011821186	3	AT-9283	LSM-37023	ABL1|AURKA|AURKB|FLT3|JAK2|JAK3	0.37uM	HA1E	24h	LINCSCP_91471
LINCSCP_9788	0.9988809972	0.03011973907	3	SCHEMBL3092652	LSM-6193	DPP4	0.01uM	A549	6h	LINCSCP_9788
LINCSCP_30043	-0.9988806703	0.03012413912	3	Y-39983	LSM-1150	ROCK1|ROCK2	10uM	MCF10A	6h	LINCSCP_30043
LINCSCP_142396	0.9988806071	0.03012499022	3	Triptolide (PG490)	LSM-45996	NA	0.04uM	MCF7	24h	LINCSCP_142396
LINCSCP_156250	0.9988797893	0.03013599402	3	Rilmenidine	LSM-4253	ADRA2A|NISCH	0.37uM	PC3	24h	LINCSCP_156250
LINCSCP_201582	-0.9988792756	0.03014290465	3	Gemcitabine	LSM-5333	POLA1|POLD1|POLE|RRM1|RRM2|RRM2B	0.01uM	A549	6h	LINCSCP_201582
LINCSCP_58021	-0.9988789761	0.03014693356	3	AC1LDAF7	LSM-2506	NA	10uM	VCAP	6h	LINCSCP_58021
LINCSCP_54791	-0.9988785156	0.03015312608	3	Ursolic acid	LSM-4889	HSD11B1|PTPN1	70uM	T3M10	6h	LINCSCP_54791
LINCSCP_66104	-0.9988785046	0.03015327318	3	BRD-K30231186	LSM-38921	NA	10uM	VCAP	24h	LINCSCP_66104
LINCSCP_164697	0.99887772	0.03016382152	3	UNC 669	LSM-6337	NA	0.37uM	SKL.C	24h	LINCSCP_164697
LINCSCP_111193	-0.9988776126	0.03016526409	3	Neratinib	LSM-42778	EGFR|ERBB2|ERBB4	10uM	HEPG2	24h	LINCSCP_111193
LINCSCP_178197	-0.9988765235	0.0301798998	3	KUC104230	LSM-2512	NA	10uM	A375	6h	LINCSCP_178197
LINCSCP_78859	0.998875791	0.03018973754	3	Saxagliptin	LSM-45955	DPP4	0.04uM	A375	24h	LINCSCP_78859
LINCSCP_11364	0.9988752566	0.03019691351	3	SKF 81297	LSM-1301	DRD1|DRD5	10uM	ASC	24h	LINCSCP_11364
LINCSCP_83505	-0.9988735749	0.03021948452	3	Mocetinostat	LSM-5344	HDAC1|HDAC11|HDAC2|HDAC3|HDAC8	0.37uM	ASC.C	24h	LINCSCP_83505
LINCSCP_57862	-0.9988733825	0.03022206619	3	Celecoxib	LSM-2032	PTGS2	10uM	VCAP	6h	LINCSCP_57862
LINCSCP_8833	-0.9988733427	0.03022259959	3	BRD-K32853132	LSM-46056	NA	5uM	A549	24h	LINCSCP_8833
LINCSCP_43249	0.9988731432	0.03022527584	3	BRN 1086272	LSM-37176	NA	10uM	NPC	24h	LINCSCP_43249
LINCSCP_63043	0.9988728227	0.03022957516	3	BRD-K82585779	LSM-41785	NA	5uM	VCAP	24h	LINCSCP_63043
LINCSCP_115430	-0.9988724029	0.0302352043	3	C19H19FN4O3	LSM-1178	FGFR1|FLT1|KDR	1.11uM	HS578T	3h	LINCSCP_115430
LINCSCP_73067	-0.9988713721	0.03024902346	3	2,2-Dichloro-n-[(1R,2S)-1,3-dihydroxy-1-(4-nitrophenyl)propan-2-yl]acetamide	LSM-20955	NA	0.12uM	A375	24h	LINCSCP_73067
LINCSCP_75853	0.9988708778	0.0302556483	3	L-Sulforaphane	LSM-4919	NFE2L2	3.33uM	A375	24h	LINCSCP_75853
LINCSCP_12556	0.9988694706	0.03027449911	3	BI-2536	LSM-1041	PLK1	10uM	CL34	6h	LINCSCP_12556
LINCSCP_9167	-0.9988692371	0.03027762668	3	Wortmannin	LSM-3947	PIK3CA|PIK3CG|PLK1	3uM	A549	24h	LINCSCP_9167
LINCSCP_64866	-0.9988680968	0.03029289253	3	BRD-K07275374	LSM-37659	NA	10uM	VCAP	24h	LINCSCP_64866
LINCSCP_86351	-0.9988673953	0.03030227887	3	A-443654	LSM-1045	NA	0.04uM	BT20	3h	LINCSCP_86351
LINCSCP_88106	0.998866539	0.03031373415	3	AZD-5438	LSM-1159	CDK1|CDK10|CDK11B|CDK12|CDK13|CDK14|CDK15|CDK16|CDK17|CDK18|CDK19|CDK2|CDK20|CDK3|CDK4|CDK5|CDK6|CDK7|CDK8|CDK9	1.11uM	HA1E	24h	LINCSCP_88106
LINCSCP_39046	-0.9988661607	0.0303187938	3	AZD-1152-HQPA	LSM-1067	AURKA|AURKB	10uM	MDAMB231	24h	LINCSCP_39046
LINCSCP_34500	0.9988661157	0.03031939595	3	Benazepril	LSM-5609	ACE	10uM	MCF7	24h	LINCSCP_34500
LINCSCP_673	-0.9988660465	0.03032032134	3	Gallocatechin Gallate	LSM-6228	BACE1|FASN	90uM	A375	24h	LINCSCP_673
LINCSCP_163103	-0.9988657013	0.0303249366	3	Linsitinib	LSM-1135	IGF1R|INSR	0.04uM	SKBR3	24h	LINCSCP_163103
LINCSCP_236928	-0.9988652139	0.03033145203	3	N-[(2-Fluorophenyl)methyl]thiophene-2-carboxamide	LSM-3898	NA	10uM	MCF7	24h	LINCSCP_236928
LINCSCP_153439	-0.9988643113	0.03034351496	3	17-DMAG (Alvespimycin) HCl	LSM-46133	NA	3.33uM	PC3	24h	LINCSCP_153439
LINCSCP_7843	0.9988642843	0.03034387564	3	CHEMBL1886242	LSM-6116	NA	10uM	A549	24h	LINCSCP_7843
LINCSCP_139732	-0.9988632957	0.03035708172	3	ipratropium	LSM-45809	NA	0.12uM	MCF7	24h	LINCSCP_139732
LINCSCP_112086	-0.9988626931	0.03036512869	3	Masitinib	LSM-1130	FGFR3|KIT|LYN|PDGFRA|PDGFRB	3.33uM	HEPG2	24h	LINCSCP_112086
LINCSCP_2868	-0.9988626651	0.03036550215	3	Palmitoyl Dopamine	LSM-2468	NA	10uM	A375	6h	LINCSCP_2868
LINCSCP_88147	-0.9988624289	0.03036865568	3	SCHEMBL1564574	LSM-1006	CHEK1|CHEK2	3.33uM	HA1E	24h	LINCSCP_88147
LINCSCP_12158	0.9988606758	0.03039205233	3	YM 201636	LSM-1109	NA	0.1uM	BT20	24h	LINCSCP_12158
LINCSCP_22713	-0.9988601458	0.03039912129	3	(+)-Camptothecin	LSM-1442	TOP1	10uM	HEPG2	6h	LINCSCP_22713
LINCSCP_152743	-0.9988598309	0.03040332146	3	Physostigmine	LSM-2558	ACHE	10uM	PC3	24h	LINCSCP_152743
LINCSCP_70049	0.9988589105	0.03041559311	3	GSK-461364	LSM-1013	PLK1	1.11uM	A375	24h	LINCSCP_70049
LINCSCP_74772	0.9988586812	0.03041864941	3	Voriconazole	LSM-5244	CYP2C19|CYP2C9|CYP3A4|CYP3A5|PTGS1	1.11uM	A375	24h	LINCSCP_74772
LINCSCP_138117	0.9988583026	0.03042369529	3	Ixabepilone	LSM-43293	TUBA1A|TUBA1B|TUBA1C|TUBA3E|TUBA4A|TUBB|TUBB1|TUBB2A|TUBB2B|TUBB3|TUBB4A|TUBB4B|TUBB6|TUBB8	0.37uM	MCF7	24h	LINCSCP_138117
LINCSCP_12579	0.9988582855	0.03042392208	3	AC1LDBAO	LSM-4032	NA	20uM	CL34	6h	LINCSCP_12579
LINCSCP_38610	0.998858016	0.03042751392	3	Wortmannin	LSM-3947	PIK3CA|PIK3CG|PLK1	3.33uM	MCF7	24h	LINCSCP_38610
LINCSCP_14339	0.9988579404	0.03042852162	3	BIO2_000330	LSM-1278	NA	10uM	HA1E	24h	LINCSCP_14339
LINCSCP_191636	-0.9988569102	0.03044224503	3	MLS-0435541.0001	LSM-3553	NA	10uM	A549	6h	LINCSCP_191636
LINCSCP_191370	0.9988561558	0.03045228983	3	(4-{[(4-Fluorophenyl)sulfonyl](methyl)amino}phenoxy)acetic acid	LSM-4737	NA	10uM	A549	6h	LINCSCP_191370
LINCSCP_39654	0.9988558953	0.03045575844	3	Dovitinib	LSM-1127	EGFR|FGFR1|FGFR2|FGFR3|FLT1|FLT3|FLT4|KDR|KIT|PDGFRA|PDGFRB	1uM	MDAMB231	6h	LINCSCP_39654
LINCSCP_171478	0.9988556474	0.03045905842	3	179324-69-7	LSM-6281	ADRM1|PSMA1|PSMA2|PSMA3|PSMA4|PSMA5|PSMA6|PSMA7|PSMA8|PSMB1|PSMB10|PSMB11|PSMB2|PSMB3|PSMB4|PSMB5|PSMB6|PSMB7|PSMB8|PSMB9|PSMC1|PSMC2|PSMC3|PSMC4|PSMC5|PSMC6|PSMD1|PSMD11|PSMD12|PSMD13|PSMD14|PSMD2|PSMD3|PSMD4|PSMD6|PSMD7|PSMD8|SEM1	20uM	YAPC	24h	LINCSCP_171478
LINCSCP_42068	0.9988551104	0.03046620627	3	BRD-K51556300-001-01-9	LSM-40116	NA	3uM	NOMO1	6h	LINCSCP_42068
LINCSCP_29676	-0.998854409	0.03047553873	3	SB590885	LSM-42746	BRAF	0.1uM	MCF10A	6h	LINCSCP_29676
LINCSCP_4156	-0.9988543009	0.03047697706	3	Methylpromazine	LSM-1599	HRH1	10uM	A549	24h	LINCSCP_4156
LINCSCP_112472	-0.9988533829	0.03048918642	3	RG 108	LSM-6283	DNMT1	0.04uM	HEPG2	24h	LINCSCP_112472
LINCSCP_54305	0.9988528651	0.0304960711	3	CAY10603	LSM-4941	HDAC6	10uM	SW620	6h	LINCSCP_54305
LINCSCP_99372	-0.9988523002	0.03050357994	3	SCHEMBL3954849	LSM-5982	NA	10uM	HCC515	24h	LINCSCP_99372
LINCSCP_8239	0.9988512246	0.03051787409	3	BRD-K34516743	LSM-14797	NA	5uM	A549	24h	LINCSCP_8239
LINCSCP_58544	-0.998850951	0.03052150764	3	PK04PUR_000067	LSM-36645	NA	10uM	VCAP	24h	LINCSCP_58544
LINCSCP_107967	0.9988507601	0.03052404362	3	Pimavanserin	LSM-45960	HTR2A	0.12uM	HELA	24h	LINCSCP_107967
LINCSCP_45995	-0.9988506091	0.03052604913	3	(R,R)-Tramadol	LSM-5221	OPRM1|SLC6A2|SLC6A4	10uM	PC3	6h	LINCSCP_45995
LINCSCP_190132	-0.9988505645	0.03052664253	3	Ondansetron	LSM-1375	HTR3A	10uM	A549	6h	LINCSCP_190132
LINCSCP_21463	-0.99885056	0.03052670215	3	Proscillaridin A	LSM-1476	ATP1A1	10uM	HEPG2	6h	LINCSCP_21463
LINCSCP_163376	-0.9988504183	0.03052858392	3	CI-1040	LSM-1048	MAP2K1|MAP2K2	0.37uM	SKBR3	3h	LINCSCP_163376
LINCSCP_117604	-0.9988485786	0.03055300601	3	SCHEMBL16980224	LSM-1092	AURKA	3.33uM	HT29	24h	LINCSCP_117604
LINCSCP_256937	0.9988485226	0.0305537495	3	AZD-1775	LSM-1153	WEE1	10uM	NCIH1836	6h	LINCSCP_256937
LINCSCP_152235	0.9988469107	0.03057513091	3	CHEMBL2132289	LSM-1044	RPS6KA3	1.11uM	PC3	24h	LINCSCP_152235
LINCSCP_44009	-0.9988466789	0.03057820548	3	BIO2_000029	LSM-2270	NA	10uM	PC3	24h	LINCSCP_44009
LINCSCP_48806	-0.998846671	0.03057831031	3	BRD-K62876373	LSM-40713	NA	10uM	PC3	24h	LINCSCP_48806
LINCSCP_132465	0.9988461777	0.03058484924	3	apigenin	LSM-5206	NA	0.37uM	MCF7	3h	LINCSCP_132465
LINCSCP_56639	0.9988461648	0.03058502135	3	Racephedrine	LSM-1633	ADRA1A|ADRA2A	10uM	VCAP	24h	LINCSCP_56639
LINCSCP_292642	-0.9988460253	0.03058687036	3	MLS002264395	LSM-3615	NA	10uM	VCAP	6h	LINCSCP_292642
LINCSCP_10292	0.9988456829	0.03059140857	3	5-(6-Aminopurin-9-yl)-2-methyltetrahydrofuran-3-ol	LSM-4354	NA	10uM	A673	6h	LINCSCP_10292
LINCSCP_36707	0.9988456319	0.03059208477	3	WZ 4002	LSM-1085	EGFR|ERBB2	1uM	MCF7	6h	LINCSCP_36707
LINCSCP_88308	-0.9988454838	0.03059404657	3	SB-216763	LSM-1161	GSK3B	0.37uM	HA1E	24h	LINCSCP_88308
LINCSCP_107793	0.9988448907	0.03060190536	3	CC-930	LSM-45244	MAPK10|MAPK8|MAPK9	0.37uM	HELA	24h	LINCSCP_107793
LINCSCP_111569	-0.9988442859	0.03060991713	3	GW843682X	LSM-1014	PLK1|PLK3	0.12uM	HEPG2	24h	LINCSCP_111569
LINCSCP_271607	-0.9988441714	0.0306114348	3	MLS003130364	LSM-6158	NA	10uM	PC3	24h	LINCSCP_271607
LINCSCP_48383	-0.9988433773	0.03062194992	3	SCHEMBL17783934	LSM-37304	NA	5uM	PC3	24h	LINCSCP_48383
LINCSCP_60279	0.998842914	0.03062808314	3	BRD-K30723822	LSM-7248	NA	5uM	VCAP	6h	LINCSCP_60279
LINCSCP_25612	-0.99884277	0.03062999045	3	MLN 2238	LSM-4944	PSMB1	10uM	HT29	24h	LINCSCP_25612
LINCSCP_190207	0.9988415421	0.03064623953	3	Amiodarone	LSM-2379	KCNH2	10uM	A549	6h	LINCSCP_190207
LINCSCP_60534	0.9988407426	0.03065681458	3	MLS003129758	LSM-7230	NA	5uM	VCAP	24h	LINCSCP_60534
LINCSCP_174432	0.9988398833	0.03066817719	3	MG-132	LSM-1107	PSMB1	20uM	YAPC	24h	LINCSCP_174432
LINCSCP_263971	0.9988397238	0.0306702852	3	Dinoprostone	LSM-42919	PTGER1|PTGER2|PTGER3|PTGER4	10uM	NPC	6h	LINCSCP_263971
LINCSCP_307615	0.9988391659	0.03067765873	3	BRD-K85322309	LSM-13647	NA	5uM	VCAP	6h	LINCSCP_307615
LINCSCP_152515	-0.9988383676	0.03068820792	3	Olaparib	LSM-1145	PARP1|PARP2|PARP3	10uM	PC3	24h	LINCSCP_152515
LINCSCP_168414	-0.9988380684	0.03069216082	3	GDC-0980 (RG7422)	LSM-45720	MTOR|PIK3CA|PIK3CB|PIK3CD|PIK3CG|PIK3R1|PIK3R2|PIK3R3|PIK3R5	0.04uM	YAPC	24h	LINCSCP_168414
LINCSCP_91700	-0.9988373597	0.03070152146	3	MG-132	LSM-1107	PSMB1	20uM	HA1E	24h	LINCSCP_91700
LINCSCP_221381	-0.9988370005	0.03070626465	3	SA-424589	LSM-39677	NA	10uM	HEPG2	6h	LINCSCP_221381
LINCSCP_181721	0.9988364924	0.0307129722	3	BRD-K93738295	LSM-14180	NA	5uM	A375	24h	LINCSCP_181721
LINCSCP_169537	-0.9988357719	0.03072248255	3	Taranabant	LSM-45803	CNR1	3.33uM	YAPC	24h	LINCSCP_169537
LINCSCP_37425	-0.998835507	0.03072597798	3	Parbendazole	LSM-4893	TUBB	1uM	MCF7	24h	LINCSCP_37425
LINCSCP_2197	-0.9988354083	0.03072728096	3	CHEMBL3188326	LSM-44581	NA	10uM	A375	6h	LINCSCP_2197
LINCSCP_118507	0.9988342671	0.03074233411	3	MG-132	LSM-1107	PSMB1	20uM	HT29	24h	LINCSCP_118507
LINCSCP_33818	0.9988341739	0.03074356338	3	BRD-K06592610	LSM-37626	NA	10uM	MCF7	24h	LINCSCP_33818
LINCSCP_24759	0.9988337632	0.03074897911	3	PD-0325901	LSM-1101	MAP2K1|MAP2K2	1uM	HS578T	24h	LINCSCP_24759
LINCSCP_27629	-0.9988322603	0.03076879031	3	BRD-K97489107	LSM-14421	NA	5uM	HT29	24h	LINCSCP_27629
LINCSCP_93752	-0.9988321876	0.03076974813	3	179324-69-7	LSM-6281	ADRM1|PSMA1|PSMA2|PSMA3|PSMA4|PSMA5|PSMA6|PSMA7|PSMA8|PSMB1|PSMB10|PSMB11|PSMB2|PSMB3|PSMB4|PSMB5|PSMB6|PSMB7|PSMB8|PSMB9|PSMC1|PSMC2|PSMC3|PSMC4|PSMC5|PSMC6|PSMD1|PSMD11|PSMD12|PSMD13|PSMD14|PSMD2|PSMD3|PSMD4|PSMD6|PSMD7|PSMD8|SEM1	20uM	HA1E	24h	LINCSCP_93752
LINCSCP_10453	-0.9988321324	0.03077047462	3	PAC-1	LSM-3119	CASP3	10uM	A673	6h	LINCSCP_10453
LINCSCP_15142	0.9988319312	0.03077312614	3	TAS-301	LSM-3234	CAMK2A	10uM	HA1E	6h	LINCSCP_15142
LINCSCP_55076	-0.9988299006	0.03079986745	3	SCHEMBL2231351	LSM-36442	NA	1uM	THP1	24h	LINCSCP_55076
LINCSCP_56543	-0.998829731	0.03080210105	3	RS-39604	LSM-2461	HTR4	10uM	VCAP	6h	LINCSCP_56543
LINCSCP_89213	0.9988293557	0.03080704056	3	CHIR-265	LSM-1207	BRAF|KDR	10uM	HA1E	24h	LINCSCP_89213
LINCSCP_60902	0.9988293271	0.03080741594	3	BRD-K58590337	LSM-11964	NA	5uM	VCAP	24h	LINCSCP_60902
LINCSCP_292144	-0.9988291185	0.03081016211	3	4-Methoxy-2-(4-propoxyphenyl)quinazoline	LSM-3300	NA	10uM	VCAP	6h	LINCSCP_292144
LINCSCP_63661	0.9988285204	0.03081803153	3	BRD-K07522124	LSM-8875	NA	5uM	VCAP	24h	LINCSCP_63661
LINCSCP_8684	0.9988283805	0.0308198716	3	BRD-K83600073	LSM-13541	NA	5uM	A549	24h	LINCSCP_8684
LINCSCP_116504	-0.9988282913	0.03082104506	3	AZD-8055	LSM-1007	MTOR	0.04uM	HT29	24h	LINCSCP_116504
LINCSCP_11188	-0.9988268027	0.03084062075	3	Podofilox	LSM-3055	NA	10uM	ASC	24h	LINCSCP_11188
LINCSCP_1440	0.9988265258	0.03084426075	3	MLS003178534	LSM-4030	NA	10uM	A375	24h	LINCSCP_1440
LINCSCP_60356	0.9988264087	0.03084579987	3	BRD-K16480639	LSM-7068	NA	5uM	VCAP	24h	LINCSCP_60356
LINCSCP_2668	-0.9988257821	0.03085403554	3	Procaterol	LSM-1391	ADRB2	10uM	A375	6h	LINCSCP_2668
LINCSCP_127350	-0.9988255076	0.03085764217	3	Ingenol Mebutate	LSM-45681	NA	1.11uM	HT29	24h	LINCSCP_127350
LINCSCP_145680	-0.9988246077	0.03086946377	3	GSK-3 Inhibitor IX	LSM-42780	NA	0.04uM	MDAMB231	3h	LINCSCP_145680
LINCSCP_136874	0.9988242722	0.03087387024	3	MK-5108	LSM-36812	AURKA|AURKB	1.11uM	MCF7	24h	LINCSCP_136874
LINCSCP_56433	-0.9988240383	0.03087694176	3	Dexamethasone 21-acetate	LSM-3049	NR3C1	10uM	VCAP	24h	LINCSCP_56433
LINCSCP_137413	-0.9988240251	0.03087711458	3	Brivanib	LSM-5421	FGFR1|FGFR2|FGFR3|FGFR4|FLT1|FLT4|KDR	3.33uM	MCF7	24h	LINCSCP_137413
LINCSCP_128659	0.9988236619	0.03088188351	3	AT 7867	LSM-1155	NA	0.12uM	HUVEC	24h	LINCSCP_128659
LINCSCP_241662	-0.9988236104	0.03088256001	3	Dimethisoquin	LSM-3647	NA	10uM	MCF7	24h	LINCSCP_241662
LINCSCP_145592	-0.9988235728	0.0308830531	3	AS-605240	LSM-42784	PIK3CG	10uM	MDAMB231	24h	LINCSCP_145592
LINCSCP_133695	-0.998823425	0.03088499388	3	848193-68-0	LSM-6271	SIRT1	0.12uM	MCF7	24h	LINCSCP_133695
LINCSCP_33748	-0.9988223613	0.03089895504	3	133040-77-4	LSM-2740	CCKBR	10uM	MCF7	6h	LINCSCP_33748
LINCSCP_95560	0.998822025	0.03090336725	3	Raloxifene	LSM-3425	ESR1|ESR2	1.11uM	HA1E	24h	LINCSCP_95560
LINCSCP_37097	-0.9988216931	0.03090772125	3	SA-1938820	LSM-38649	NA	10uM	MCF7	6h	LINCSCP_37097
LINCSCP_25349	-0.9988213415	0.03091233331	3	Digitoxigenin	LSM-2401	NA	10uM	HT29	6h	LINCSCP_25349
LINCSCP_146942	0.9988211411	0.03091496142	3	Belinostat	LSM-43181	HDAC1|HDAC10|HDAC11|HDAC2|HDAC3|HDAC4|HDAC5|HDAC6|HDAC7|HDAC8|HDAC9	0.37uM	NEU	24h	LINCSCP_146942
LINCSCP_17364	0.9988208498	0.03091878115	3	CHEMBL2143628	LSM-6855	NA	10uM	HA1E	24h	LINCSCP_17364
LINCSCP_105057	-0.9988204788	0.03092364572	3	citiolone	LSM-45723	NA	0.04uM	HELA	24h	LINCSCP_105057
LINCSCP_10574	0.9988204618	0.03092386875	3	Capsaicin	LSM-43180	TRPV1	100uM	AGS	6h	LINCSCP_10574
LINCSCP_8687	-0.9988200915	0.03092872353	3	BRD-K94646939	LSM-14225	NA	5uM	A549	24h	LINCSCP_8687
LINCSCP_234874	-0.9988198364	0.03093206786	3	PLX-4720	LSM-1049	BRAF	0.1uM	MCF10A	24h	LINCSCP_234874
LINCSCP_24463	0.9988197709	0.03093292542	3	AZ628	LSM-1050	BRAF|RAF1	10uM	HS578T	6h	LINCSCP_24463
LINCSCP_197634	0.9988195395	0.03093595855	3	BRD-K76729250	LSM-13125	NA	5uM	A549	24h	LINCSCP_197634
LINCSCP_68953	0.9988188913	0.03094445241	3	13-Methyl-7-[9-(4,4,5,5,5-pentafluoropentylsulfinyl)nonyl]-6,7,8,9,11,12,14,15,16,17-decahydrocyclopenta[a]phenanthrene-3,17-diol	LSM-1895	ESR1	0.001uM	VCAP	24h	LINCSCP_68953
LINCSCP_49278	-0.9988188087	0.03094553489	3	Tacedinaline	LSM-19036	HDAC1|HDAC10|HDAC11|HDAC2|HDAC3|HDAC4|HDAC5|HDAC6|HDAC7|HDAC8|HDAC9	0.1uM	PC3	6h	LINCSCP_49278
LINCSCP_171638	-0.9988187135	0.03094678251	3	Tiagabine	LSM-5700	SLC6A1	10uM	YAPC	24h	LINCSCP_171638
LINCSCP_163433	-0.9988180886	0.03095496903	3	13-Hydroxy-8,14,19-trimethoxy-4,10,12,16-tetramethyl-3,20,22-trioxo-2-azabicyclo[16.3.1]docosa-1(21),4,6,10,18-pentaen-9-yl carbamate	LSM-42815	HSP90AA1	10uM	SKBR3	3h	LINCSCP_163433
LINCSCP_32115	0.9988180176	0.03095589808	3	AN-329/41044431	LSM-4512	NA	10uM	MCF7	24h	LINCSCP_32115
LINCSCP_77710	-0.9988169897	0.03096935888	3	PD-0325901	LSM-1101	MAP2K1|MAP2K2	10uM	A375	24h	LINCSCP_77710
LINCSCP_253005	0.9988169141	0.03097034857	3	SA-423131	LSM-37480	NA	3uM	MCF7	24h	LINCSCP_253005
LINCSCP_70609	-0.9988165904	0.03097458562	3	ZINC6718453	LSM-1198	NA	3.33uM	A375	24h	LINCSCP_70609
LINCSCP_15966	-0.9988162859	0.03097857108	3	MLS003126539	LSM-2463	NA	10uM	HA1E	6h	LINCSCP_15966
LINCSCP_125734	-0.9988148802	0.03099696297	3	GDC-0152	LSM-45425	NA	10uM	HT29	24h	LINCSCP_125734
LINCSCP_69531	-0.9988146308	0.03100022533	3	AT-7519	LSM-1004	CDK1|CDK10|CDK11B|CDK12|CDK13|CDK14|CDK15|CDK16|CDK17|CDK18|CDK19|CDK2|CDK20|CDK3|CDK4|CDK5|CDK6|CDK7|CDK8|CDK9	3.33uM	A375	24h	LINCSCP_69531
LINCSCP_135423	0.9988144964	0.03100198322	3	ZK-93423	LSM-2741	GABRA1|GABRA2|GABRA3|GABRA5	3.33uM	MCF7	24h	LINCSCP_135423
LINCSCP_117669	-0.9988144382	0.03100274434	3	Ponatinib	LSM-1151	ABL1|BCR|FGFR1|FGFR2|FGFR3|FGFR4|FLT3|KIT|RET|TEK	10uM	HT29	24h	LINCSCP_117669
LINCSCP_112896	0.9988128668	0.03102328706	3	SCHEMBL15556278	LSM-1002	DDR1	10uM	HEPG2	24h	LINCSCP_112896
LINCSCP_46781	0.9988117575	0.0310377822	3	Aurora A Inhibitor I	LSM-1065	AURKA	10uM	PC3	24h	LINCSCP_46781
LINCSCP_5020	-0.9988116424	0.03103928462	3	MLS000089581	LSM-3886	NA	10uM	A549	24h	LINCSCP_5020
LINCSCP_297152	0.9988114685	0.03104155681	3	BRD-K40056507	LSM-39477	NA	5uM	VCAP	6h	LINCSCP_297152
LINCSCP_99734	0.9988109299	0.03104859045	3	GW843682X	LSM-1014	PLK1|PLK3	1.11uM	HCC515	24h	LINCSCP_99734
LINCSCP_95426	0.9988107084	0.0310514829	3	Anagrelide	LSM-3380	PDE3A|PDE3B	10uM	HA1E	24h	LINCSCP_95426
LINCSCP_154168	-0.9988106319	0.03105248168	3	BRD-A00474148	LSM-45242	NA	0.12uM	PC3	24h	LINCSCP_154168
LINCSCP_235566	0.9988099057	0.0310619629	3	VX-745	LSM-1169	MAPK14	1uM	MCF10A	6h	LINCSCP_235566
LINCSCP_124227	0.9988088493	0.03107574831	3	BI-2536	LSM-1041	PLK1	0.12uM	HT29	24h	LINCSCP_124227
LINCSCP_136763	-0.9988088281	0.03107602464	3	Perampanel	LSM-45792	GRIA1|GRIA2|GRIA3|GRIA4	0.12uM	MCF7	24h	LINCSCP_136763
LINCSCP_37251	-0.9988087213	0.03107741859	3	SA-1457415	LSM-40938	NA	0.5uM	MCF7	24h	LINCSCP_37251
LINCSCP_180087	-0.9988084151	0.03108141249	3	448906-42-1	LSM-3345	AHR	10uM	A375	6h	LINCSCP_180087
LINCSCP_56410	0.9988072108	0.03109711903	3	Epitestosterone	LSM-2564	NA	10uM	VCAP	24h	LINCSCP_56410
LINCSCP_9170	-0.9988065871	0.03110524933	3	AC1NXRFO	LSM-43270	NA	0.01uM	A549	24h	LINCSCP_9170
LINCSCP_242514	-0.9988061348	0.03111114364	3	MLS000626949	LSM-43326	NA	10uM	MCF7	24h	LINCSCP_242514
LINCSCP_32663	-0.9988057206	0.03111654165	3	SMR000217164	LSM-2440	NA	10uM	MCF7	6h	LINCSCP_32663
LINCSCP_68063	-0.99880525	0.03112267234	3	Trichostatin A, Streptomyces Sp.	LSM-42814	HDAC1|HDAC10|HDAC3|HDAC4|HDAC6|HDAC7|HDAC8	0.5uM	PC3	24h	LINCSCP_68063
LINCSCP_44918	-0.9988046162	0.0311309288	3	CHEMBL1434137	LSM-6234	RARG	40uM	PC3	24h	LINCSCP_44918
LINCSCP_27532	0.9988042839	0.03113525655	3	BRD-K47881779	LSM-11341	NA	5uM	HT29	24h	LINCSCP_27532
LINCSCP_129042	-0.9988041563	0.0311369178	3	triptolide	NA	NA	10uM	HUVEC	24h	LINCSCP_129042
LINCSCP_9298	-0.9988026519	0.03115650099	3	Ingenol 3,20-dibenzoate	LSM-4445	PRKCD|PRKCE	10uM	A549	6h	LINCSCP_9298
LINCSCP_40909	-0.9988018707	0.03116666477	3	HG-6-64-01	LSM-42721	NA	10uM	NEU	24h	LINCSCP_40909
LINCSCP_17606	-0.9988013432	0.03117352619	3	Rosiglitazone	LSM-1949	PPARG	80uM	HCC15	6h	LINCSCP_17606
LINCSCP_267526	-0.9988005819	0.03118342668	3	BRD-A69470004	LSM-1743	XIAP	10uM	PC3	24h	LINCSCP_267526
LINCSCP_58906	0.9988001345	0.03118924379	3	Diotyrosine	LSM-5697	NA	10uM	VCAP	24h	LINCSCP_58906
LINCSCP_6593	0.9987994508	0.03119812969	3	Retinol	LSM-43173	RXRA|RXRB|RXRG	10uM	A549	6h	LINCSCP_6593
LINCSCP_19708	-0.9987976834	0.03122108987	3	MLS002264433	LSM-2510	NA	10uM	HCC515	6h	LINCSCP_19708
LINCSCP_74110	-0.9987961471	0.03124103491	3	AZD7687	LSM-45251	NA	0.12uM	A375	24h	LINCSCP_74110
LINCSCP_155657	-0.9987958497	0.03124489485	3	VRT752271	LSM-45974	NA	0.37uM	PC3	24h	LINCSCP_155657
LINCSCP_74311	0.9987952002	0.03125332166	3	Pomalidomide	LSM-45637	CRBN|CUL4A|DDB1|RBX1	1.11uM	A375	24h	LINCSCP_74311
LINCSCP_113349	-0.9987944669	0.03126283299	3	GSK 1059615	LSM-42799	PIK3CA|PIK3CB|PIK3CD|PIK3CG	10uM	HME1	3h	LINCSCP_113349
LINCSCP_160075	0.9987941195	0.0312673383	3	NMS-1286937	LSM-45818	NA	0.04uM	PC3	24h	LINCSCP_160075
LINCSCP_114691	-0.9987936446	0.03127349544	3	ITK Inhibitor	LSM-1043	ITK	10uM	HME1	24h	LINCSCP_114691
LINCSCP_8770	0.998792773	0.0312847928	3	BRD-K18747403	LSM-38273	NA	5uM	A549	24h	LINCSCP_8770
LINCSCP_97108	0.9987924905	0.03128845384	3	GDC-0152	LSM-45425	NA	0.04uM	HA1E	24h	LINCSCP_97108
LINCSCP_66042	0.9987906787	0.03131192369	3	BRD-K83720640	LSM-41843	NA	0.5uM	VCAP	24h	LINCSCP_66042
LINCSCP_12100	0.9987901367	0.03131894137	3	C30H33N3O5S	LSM-1156	ATM	0.1uM	BT20	24h	LINCSCP_12100
LINCSCP_156025	-0.9987899403	0.031321484	3	Dapivirine (TMC120)	LSM-45463	NA	10uM	PC3	24h	LINCSCP_156025
LINCSCP_125890	-0.9987892479	0.03133044527	3	REV-5901	LSM-1734	ALOX5	1uM	HT29	24h	LINCSCP_125890
LINCSCP_212936	-0.998787743	0.03134991352	3	SCHEMBL17497626	LSM-44605	NA	0.5uM	HA1E	6h	LINCSCP_212936
LINCSCP_61966	-0.9987869275	0.03136045849	3	BRD-K24339152	LSM-9905	NA	5uM	VCAP	24h	LINCSCP_61966
LINCSCP_163014	-0.9987866213	0.03136441796	3	Fedratinib	LSM-1142	FLT3|JAK2	10uM	SKBR3	24h	LINCSCP_163014
LINCSCP_188631	-0.9987857755	0.03137534941	3	TL_HRAS26	LSM-2013	NA	10uM	A549	6h	LINCSCP_188631
LINCSCP_19695	-0.9987843492	0.03139377596	3	NCT-502	LSM-2265	NA	10uM	HCC515	6h	LINCSCP_19695
LINCSCP_54594	0.9987843183	0.03139417508	3	SCHEMBL14379041	LSM-43082	PPARG	10uM	SW948	6h	LINCSCP_54594
LINCSCP_5190	-0.9987842474	0.03139509039	3	ML213	LSM-1324	KCNQ4	10uM	A549	6h	LINCSCP_5190
LINCSCP_91876	-0.9987841991	0.03139571409	3	Glyburide	LSM-2811	ABCC8|CFTR|KCNJ11|KCNJ5|KCNJ8	10uM	HA1E	24h	LINCSCP_91876
LINCSCP_146479	0.9987837067	0.03140207249	3	PDK1 Inhibitor	LSM-1081	PDPK1	3.33uM	NEU	24h	LINCSCP_146479
LINCSCP_70216	-0.9987835001	0.03140473893	3	BIX01294	LSM-4571	EHMT2	3.33uM	A375	24h	LINCSCP_70216
LINCSCP_36078	0.9987834352	0.03140557712	3	CHEMBL416418	LSM-6211	ASAH1|UGCG	10uM	MCF7	6h	LINCSCP_36078
LINCSCP_42809	0.9987833782	0.0314063128	3	SPECTRUM_000051	LSM-1749	OPRD1|OPRK1|OPRM1	10uM	NPC	24h	LINCSCP_42809
LINCSCP_11571	0.9987833678	0.03140644764	3	316173-57-6	LSM-3027	ADORA1|ADORA2A	10uM	ASC	24h	LINCSCP_11571
LINCSCP_94253	0.9987828325	0.03141335801	3	Quiflapon	LSM-6242	ALOX5AP	10uM	HA1E	24h	LINCSCP_94253
LINCSCP_15553	0.9987820961	0.03142286062	3	(S)-(-)-BAY K 8644	LSM-4545	CACNA1C	10uM	HA1E	6h	LINCSCP_15553
LINCSCP_47129	-0.9987816029	0.03142922389	3	BRD-K58191509	LSM-40452	NA	10uM	PC3	24h	LINCSCP_47129
LINCSCP_92150	-0.9987802387	0.03144681726	3	MG-132	LSM-1107	PSMB1	20uM	HA1E	24h	LINCSCP_92150
LINCSCP_30099	0.9987800309	0.03144949617	3	Trichostatin A, Streptomyces Sp.	LSM-42814	HDAC1|HDAC10|HDAC3|HDAC4|HDAC6|HDAC7|HDAC8	10uM	MCF7	24h	LINCSCP_30099
LINCSCP_149194	0.9987799562	0.03145045995	3	Ponatinib	LSM-1151	ABL1|BCR|FGFR1|FGFR2|FGFR3|FGFR4|FLT3|KIT|RET|TEK	3.33uM	NPC	24h	LINCSCP_149194
LINCSCP_37133	-0.9987796957	0.03145381712	3	BRD-K44887903	LSM-11159	NA	3uM	MCF7	6h	LINCSCP_37133
LINCSCP_8699	-0.9987793833	0.03145784502	3	BRD-K90842913	LSM-14019	NA	5uM	A549	24h	LINCSCP_8699
LINCSCP_259596	0.9987793543	0.03145821873	3	CHEMBL3260979	LSM-37257	NA	10uM	NEU	24h	LINCSCP_259596
LINCSCP_49764	0.9987784191	0.03147026922	3	MLN-8054	LSM-1066	AURKA	10uM	PC3	6h	LINCSCP_49764
LINCSCP_113939	-0.998777787	0.03147841168	3	FR-180204	LSM-42790	MAPK1|MAPK3	0.12uM	HME1	24h	LINCSCP_113939
LINCSCP_68219	0.9987771996	0.03148597657	3	Vorinostat	LSM-3828	HDAC1|HDAC2|HDAC3|HDAC6|HDAC8	10uM	SKB	24h	LINCSCP_68219
LINCSCP_32711	0.9987763353	0.031497104	3	Dacinostat	LSM-43097	HDAC1	10uM	MCF7	6h	LINCSCP_32711
LINCSCP_136023	-0.9987746803	0.03151840204	3	Pelitinib	LSM-42796	EGFR	3.33uM	MCF7	24h	LINCSCP_136023
LINCSCP_125830	0.9987742605	0.03152380091	3	Nafronyl	LSM-1730	NA	10uM	HT29	24h	LINCSCP_125830
LINCSCP_113900	-0.9987740695	0.03152625734	3	HG-9-91-01	LSM-6343	NA	3.33uM	HME1	24h	LINCSCP_113900
LINCSCP_69557	-0.9987739582	0.03152768984	3	SCHEMBL1564574	LSM-1006	CHEK1|CHEK2	0.37uM	A375	24h	LINCSCP_69557
LINCSCP_241362	0.9987735491	0.03153294947	3	NS1619	LSM-3206	KCNMA1	10uM	MCF7	6h	LINCSCP_241362
LINCSCP_114088	-0.9987732467	0.03153683774	3	CGP 60474	LSM-1025	CDK1	0.04uM	HME1	24h	LINCSCP_114088
LINCSCP_13438	-0.9987729514	0.03154063445	3	Chaetocin	LSM-6198	SUV39H1	0.1uM	H1299	6h	LINCSCP_13438
LINCSCP_204560	-0.9987726763	0.03154417015	3	Catechin Pentabenzoate	LSM-2051	NA	10uM	ASC	24h	LINCSCP_204560
LINCSCP_2796	-0.9987716251	0.03155767952	3	Daunorubicin	LSM-2962	TOP2A	10uM	A375	6h	LINCSCP_2796
LINCSCP_31399	0.9987706473	0.03157023939	3	MLS000862515	LSM-3487	NA	10uM	MCF7	24h	LINCSCP_31399
LINCSCP_244713	-0.9987705102	0.03157200024	3	CHEMBL302753	LSM-5031	EDNRA|EDNRB	10uM	MCF7	6h	LINCSCP_244713
LINCSCP_120054	-0.9987690426	0.03159084127	3	Sorafenib	LSM-1008	BRAF|DDR2|FGFR1|FLT1|FLT3|FLT4|KDR|KIT|PDGFRB|RAF1|RET	10uM	HT29	24h	LINCSCP_120054
LINCSCP_100297	-0.9987677725	0.03160713845	3	HG-9-91-01	LSM-6343	NA	0.37uM	HCC515	24h	LINCSCP_100297
LINCSCP_174918	-0.9987676124	0.03160919138	3	Metformin	LSM-4730	GPD2|MT-ND1|ND2|ND3|ND4|ND4L|ND5|ND6|NDUFA1|NDUFA10|NDUFA11|NDUFA12|NDUFA13|NDUFA2|NDUFA3|NDUFA4|NDUFA4L2|NDUFA5|NDUFA6|NDUFA7|NDUFA8|NDUFA9|NDUFAB1|NDUFAF1|NDUFAF2|NDUFAF3|NDUFAF4|NDUFB1|NDUFB10|NDUFB11|NDUFB2|NDUFB3|NDUFB4|NDUFB5|NDUFB6|NDUFB7|NDUFB8|NDUFB9|NDUFC1|NDUFC2|NDUFS1|NDUFS2|NDUFS3|NDUFS4|NDUFS5|NDUFS6|NDUFS7|NDUFS8|NDUFV1|NDUFV2|NDUFV3	3.33uM	YAPC	24h	LINCSCP_174918
LINCSCP_130469	-0.9987672184	0.03161424567	3	PD-0325901	LSM-1101	MAP2K1|MAP2K2	0.04uM	MCF10A	24h	LINCSCP_130469
LINCSCP_155804	-0.9987670663	0.03161619559	3	MG-132	LSM-1107	PSMB1	20uM	PC3	24h	LINCSCP_155804
LINCSCP_2260	0.9987657431	0.03163316002	3	Hydroxycholesterol	LSM-5036	NR1H2|NR1H3	10uM	A375	6h	LINCSCP_2260
LINCSCP_28505	0.9987657224	0.03163342569	3	BRD-K52160314	LSM-45320	NA	10uM	HT29	24h	LINCSCP_28505
LINCSCP_137885	-0.9987653619	0.03163804569	3	Methazolamide	LSM-5311	CA1|CA2|CA4|CA7	0.04uM	MCF7	24h	LINCSCP_137885
LINCSCP_59226	-0.998765179	0.03164038958	3	BRD-K51556300-001-01-9	LSM-40116	NA	10uM	VCAP	24h	LINCSCP_59226
LINCSCP_167360	-0.99876512	0.03164114565	3	Tofacitinib (CP-690550) Citrate	LSM-45505	NA	10uM	YAPC	24h	LINCSCP_167360
LINCSCP_113217	0.9987649129	0.0316437996	3	Sirolimus	LSM-42783	FKBP1A|MTOR	0.04uM	HME1	24h	LINCSCP_113217
LINCSCP_170404	0.9987649038	0.03164391638	3	179324-69-7	LSM-6281	ADRM1|PSMA1|PSMA2|PSMA3|PSMA4|PSMA5|PSMA6|PSMA7|PSMA8|PSMB1|PSMB10|PSMB11|PSMB2|PSMB3|PSMB4|PSMB5|PSMB6|PSMB7|PSMB8|PSMB9|PSMC1|PSMC2|PSMC3|PSMC4|PSMC5|PSMC6|PSMD1|PSMD11|PSMD12|PSMD13|PSMD14|PSMD2|PSMD3|PSMD4|PSMD6|PSMD7|PSMD8|SEM1	20uM	YAPC	24h	LINCSCP_170404
LINCSCP_74224	-0.9987646186	0.03164757004	3	CEFEPIME HYDROCHLORIDE	LSM-45262	NA	0.04uM	A375	24h	LINCSCP_74224
LINCSCP_34847	-0.9987643174	0.03165142858	3	BRD-K63383460	LSM-40735	NA	5uM	MCF7	24h	LINCSCP_34847
LINCSCP_142204	-0.998764293	0.03165174132	3	Falnidamol	LSM-3584	EGFR	0.04uM	MCF7	24h	LINCSCP_142204
LINCSCP_111739	-0.9987642518	0.03165226892	3	AZD-5438	LSM-1159	CDK1|CDK10|CDK11B|CDK12|CDK13|CDK14|CDK15|CDK16|CDK17|CDK18|CDK19|CDK2|CDK20|CDK3|CDK4|CDK5|CDK6|CDK7|CDK8|CDK9	10uM	HEPG2	24h	LINCSCP_111739
LINCSCP_65188	0.9987641833	0.03165314674	3	BRD-K83982653	LSM-36732	NA	10uM	VCAP	6h	LINCSCP_65188
LINCSCP_134055	-0.998762705	0.03167207634	3	Pyrazolanthrone	LSM-1163	MAPK10|MAPK8|MAPK9|TTK	10uM	MCF7	24h	LINCSCP_134055
LINCSCP_142457	0.9987626694	0.03167253236	3	BTS 54-505 hydrochloride	LSM-45426	NA	10uM	MCF7	24h	LINCSCP_142457
LINCSCP_39825	0.99876196	0.03168161215	3	ABT-751	LSM-6285	NA	10uM	MDST8	6h	LINCSCP_39825
LINCSCP_51288	-0.9987619492	0.03168175099	3	AKT Inhibitor VIII	LSM-1035	AKT1|AKT2	0.1uM	SKBR3	24h	LINCSCP_51288
LINCSCP_93167	0.9987598439	0.03170868251	3	AC1Q5RFA	LSM-43063	NA	0.37uM	HA1E	24h	LINCSCP_93167
LINCSCP_80516	0.998758589	0.03172472406	3	MG-132	LSM-1107	PSMB1	20uM	A375	24h	LINCSCP_80516
LINCSCP_148909	0.9987584933	0.03172594754	3	Entinostat	LSM-4811	HDAC1|HDAC10|HDAC11|HDAC2|HDAC3|HDAC4|HDAC5|HDAC6|HDAC7|HDAC8|HDAC9	3.33uM	NPC	24h	LINCSCP_148909
LINCSCP_138469	0.9987572595	0.03174171156	3	Colchicine	LSM-5199	TUBA1A|TUBA1B|TUBA1C|TUBA3E|TUBA4A|TUBB|TUBB1|TUBB2A|TUBB2B|TUBB3|TUBB4A|TUBB4B|TUBB6|TUBB8	3.33uM	MCF7	24h	LINCSCP_138469
LINCSCP_101548	-0.9987569481	0.03174568867	3	179324-69-7	LSM-6281	ADRM1|PSMA1|PSMA2|PSMA3|PSMA4|PSMA5|PSMA6|PSMA7|PSMA8|PSMB1|PSMB10|PSMB11|PSMB2|PSMB3|PSMB4|PSMB5|PSMB6|PSMB7|PSMB8|PSMB9|PSMC1|PSMC2|PSMC3|PSMC4|PSMC5|PSMC6|PSMD1|PSMD11|PSMD12|PSMD13|PSMD14|PSMD2|PSMD3|PSMD4|PSMD6|PSMD7|PSMD8|SEM1	20uM	HELA	24h	LINCSCP_101548
LINCSCP_52403	0.9987562462	0.03175465174	3	3-Methylcholanthrene	LSM-5711	AHR	10uM	SKB	24h	LINCSCP_52403
LINCSCP_50474	-0.998755626	0.03176256996	3	BRD-K52785744-001-01-7	LSM-6837	NA	3uM	PHH	6h	LINCSCP_50474
LINCSCP_151653	-0.9987548982	0.03177185892	3	Rebastinib	LSM-6708	ABL1	0.12uM	PC3	24h	LINCSCP_151653
LINCSCP_79588	0.9987545475	0.03177633348	3	Pindolol	LSM-1953	ADRB1|ADRB2|HTR1A	0.04uM	A375	24h	LINCSCP_79588
LINCSCP_72358	-0.9987540186	0.03178308176	3	TR-14035	LSM-45616	NA	3.33uM	A375	24h	LINCSCP_72358
LINCSCP_7094	-0.9987537298	0.03178676535	3	Zatebradine	LSM-4072	HCN1|HCN2|HCN3|HCN4	10uM	A549	24h	LINCSCP_7094
LINCSCP_259579	0.9987531282	0.03179443853	3	Cholrphenethazine	LSM-37212	NA	10uM	NEU	24h	LINCSCP_259579
LINCSCP_10808	-0.9987526122	0.03180101815	3	BRD-K90446118	LSM-42207	NA	10uM	ASC	24h	LINCSCP_10808
LINCSCP_73616	0.998752575	0.03180149206	3	Tetradecylthioacetic acid	LSM-5584	NA	0.04uM	A375	24h	LINCSCP_73616
LINCSCP_52923	-0.9987521517	0.0318068887	3	Diazoxide	LSM-3639	KCNJ11	10uM	SKB	24h	LINCSCP_52923
LINCSCP_164696	0.9987511985	0.03181903744	3	UNC 669	LSM-6337	NA	1.11uM	SKL.C	24h	LINCSCP_164696
LINCSCP_38985	0.9987503602	0.03182971675	3	AS-605240	LSM-42784	PIK3CG	0.5uM	MDAMB231	24h	LINCSCP_38985
LINCSCP_72794	-0.9987502372	0.03183128381	3	Benzbromarone	LSM-2239	NA	10uM	A375	24h	LINCSCP_72794
LINCSCP_133100	0.9987495532	0.03183999511	3	AZD-5438	LSM-1159	CDK1|CDK10|CDK11B|CDK12|CDK13|CDK14|CDK15|CDK16|CDK17|CDK18|CDK19|CDK2|CDK20|CDK3|CDK4|CDK5|CDK6|CDK7|CDK8|CDK9	0.37uM	MCF7	3h	LINCSCP_133100
LINCSCP_58381	-0.9987493164	0.03184301016	3	BRD-K52831896	LSM-40179	NA	10uM	VCAP	24h	LINCSCP_58381
LINCSCP_89019	0.9987490315	0.0318466378	3	CHEMBL3188661	LSM-5394	DDR1	0.37uM	HA1E	24h	LINCSCP_89019
LINCSCP_37228	0.9987482242	0.03185691474	3	SA-89763	LSM-38295	NA	1uM	MCF7	24h	LINCSCP_37228
LINCSCP_95514	0.9987481245	0.03185818375	3	282089-49-0	LSM-3400	CNR2	0.12uM	HA1E	24h	LINCSCP_95514
LINCSCP_20493	0.9987479319	0.03186063438	3	BIO2_000413	LSM-5781	CDK2|GSK3B	10uM	HCC515	6h	LINCSCP_20493
LINCSCP_26148	0.998747628	0.03186450186	3	DM-55-3	LSM-3831	NA	10uM	HT29	6h	LINCSCP_26148
LINCSCP_125211	0.9987475792	0.03186512248	3	MEK162 (ARRY-162, ARRY-438162)	LSM-45640	MAP2K1|MAP2K2	0.04uM	HT29	24h	LINCSCP_125211
LINCSCP_10193	-0.9987471236	0.0318709192	3	Iniparib	LSM-6317	PARP1	0.001uM	A549	6h	LINCSCP_10193
LINCSCP_8273	-0.9987462144	0.03188248313	3	BRD-K01981286	LSM-37380	NA	5uM	A549	24h	LINCSCP_8273
LINCSCP_72275	0.9987454113	0.0318926956	3	Lexibulin	LSM-6232	TUBA1A|TUBA1B|TUBA1C|TUBA3E|TUBA4A|TUBB|TUBB1|TUBB2A|TUBB2B|TUBB3|TUBB4A|TUBB4B|TUBB6|TUBB8	1.11uM	A375	24h	LINCSCP_72275
LINCSCP_152194	0.9987447455	0.03190115903	3	EMF-sumo1-1	NA	NA	0.37uM	PC3	24h	LINCSCP_152194
LINCSCP_139752	0.9987445543	0.03190358881	3	Propentofylline	LSM-3315	PDE1A	10uM	MCF7	24h	LINCSCP_139752
LINCSCP_27466	-0.9987441637	0.03190855202	3	BRD-K03257659	LSM-14687	NA	5uM	HT29	24h	LINCSCP_27466
LINCSCP_36421	-0.9987439018	0.03191188028	3	Vorinostat	LSM-3828	HDAC1|HDAC2|HDAC3|HDAC6|HDAC8	1uM	MCF7	6h	LINCSCP_36421
LINCSCP_40227	-0.9987430984	0.03192208521	3	BI-2536	LSM-1041	PLK1	10uM	NCIH508	6h	LINCSCP_40227
LINCSCP_163934	0.9987428741	0.03192493412	3	PHA-793887	LSM-1073	CDK1|CDK10|CDK11B|CDK12|CDK13|CDK14|CDK15|CDK16|CDK17|CDK18|CDK19|CDK2|CDK20|CDK3|CDK4|CDK5|CDK6|CDK7|CDK8|CDK9	10uM	SKBR3	3h	LINCSCP_163934
LINCSCP_243593	-0.9987425275	0.0319293359	3	SPBIO_002239	LSM-6037	NA	10uM	MCF7	24h	LINCSCP_243593
LINCSCP_4236	-0.9987420908	0.03193488165	3	AM 281	LSM-3318	CNR1	10uM	A549	24h	LINCSCP_4236
LINCSCP_252815	-0.9987419305	0.03193691616	3	SPECTRUM_001645	LSM-1721	OPRD1|OPRK1|OPRM1	10uM	MCF7	6h	LINCSCP_252815
LINCSCP_170215	-0.9987417625	0.03193904956	3	MG-132	LSM-1107	PSMB1	20uM	YAPC	24h	LINCSCP_170215
LINCSCP_31444	-0.9987411014	0.03194744034	3	STK054715	LSM-1925	NA	10uM	MCF7	6h	LINCSCP_31444
LINCSCP_142899	0.9987401086	0.03196003747	3	Alisertib	LSM-37184	AURKA	0.12uM	MCF7	24h	LINCSCP_142899
LINCSCP_19268	-0.9987394713	0.03196812152	3	3-Chloro-l-alanine	LSM-6205	RPS2	0.5uM	HCC515	24h	LINCSCP_19268
LINCSCP_57846	0.9987392772	0.03197058298	3	Aminoglutethimide	LSM-1409	CYP11A1|CYP19A1	10uM	VCAP	6h	LINCSCP_57846
LINCSCP_11755	-0.998739274	0.03197062381	3	Tozasertib	LSM-1021	ABL1|AURKA|AURKB|AURKC|BCR|FLT3|JAK2	0.1uM	BT20	24h	LINCSCP_11755
LINCSCP_76004	0.9987389608	0.03197459558	3	BMS-927711	LSM-45712	CALCRL	1.11uM	A375	24h	LINCSCP_76004
LINCSCP_42247	0.9987382783	0.03198324886	3	CHEMBL1710685	LSM-6536	NA	10uM	NPC	24h	LINCSCP_42247
LINCSCP_25689	-0.998737952	0.03198738486	3	AC1Q6JJ5	LSM-6192	TOP2A	0.1uM	HT29	6h	LINCSCP_25689
LINCSCP_205638	-0.9987379029	0.03198800752	3	Pimozide	LSM-2001	DRD1|DRD2|DRD3|DRD4|DRD5|HTR2A	10uM	CL34	6h	LINCSCP_205638
LINCSCP_38847	-0.9987375958	0.03199190032	3	Gemcitabine	LSM-5333	POLA1|POLD1|POLE|RRM1|RRM2|RRM2B	0.001uM	MCF7	6h	LINCSCP_38847
LINCSCP_80269	-0.998737492	0.03199321524	3	9-Epiquinine	LSM-6020	SCN5A	3.33uM	A375	24h	LINCSCP_80269
LINCSCP_55893	-0.9987361334	0.03201042935	3	Norgestrel	LSM-1612	NA	10uM	VCAP	24h	LINCSCP_55893
LINCSCP_78974	0.9987361099	0.03201072585	3	Flumatinib (mesylate)	LSM-45582	ABL1	3.33uM	A375	24h	LINCSCP_78974
LINCSCP_27771	-0.9987351706	0.03202262161	3	SA-1921617	LSM-40486	NA	5uM	HT29	24h	LINCSCP_27771
LINCSCP_104162	0.998735029	0.0320244141	3	GDC-0834 (Racemate)	LSM-45549	NA	0.37uM	HELA	24h	LINCSCP_104162
LINCSCP_60767	0.9987344937	0.0320311905	3	BRD-K45740917	LSM-8246	NA	5uM	VCAP	24h	LINCSCP_60767
LINCSCP_122075	-0.9987333031	0.03204625859	3	ascorbic-acid	LSM-45932	NA	3.33uM	HT29	24h	LINCSCP_122075
LINCSCP_52992	-0.9987324341	0.03205725171	3	Dalcetrapib	LSM-6227	CETP	80uM	SKLU1	6h	LINCSCP_52992
LINCSCP_172673	-0.9987315506	0.03206842327	3	AZD-1480	LSM-45764	NA	0.12uM	YAPC	24h	LINCSCP_172673
LINCSCP_93053	-0.9987299431	0.03208874111	3	179324-69-7	LSM-6281	ADRM1|PSMA1|PSMA2|PSMA3|PSMA4|PSMA5|PSMA6|PSMA7|PSMA8|PSMB1|PSMB10|PSMB11|PSMB2|PSMB3|PSMB4|PSMB5|PSMB6|PSMB7|PSMB8|PSMB9|PSMC1|PSMC2|PSMC3|PSMC4|PSMC5|PSMC6|PSMD1|PSMD11|PSMD12|PSMD13|PSMD14|PSMD2|PSMD3|PSMD4|PSMD6|PSMD7|PSMD8|SEM1	20uM	HA1E	24h	LINCSCP_93053
LINCSCP_37546	0.9987289417	0.03210139257	3	Buddleoflavonoloside	LSM-2566	NA	3uM	MCF7	6h	LINCSCP_37546
LINCSCP_57703	-0.9987288843	0.03210211775	3	ML179	LSM-3734	NA	10uM	VCAP	6h	LINCSCP_57703
LINCSCP_69132	-0.9987288394	0.03210268491	3	TGX 221	LSM-1172	PIK3CB	0.37uM	A375	24h	LINCSCP_69132
LINCSCP_250169	0.9987286323	0.0321053003	3	HDACi1,2+3_mix	NA	NA	0.5uM	MCF7	24h	LINCSCP_250169
LINCSCP_191654	0.9987281747	0.03211107815	3	Dovitinib	LSM-1127	EGFR|FGFR1|FGFR2|FGFR3|FLT1|FLT3|FLT4|KDR|KIT|PDGFRA|PDGFRB	10uM	A549	6h	LINCSCP_191654
LINCSCP_190780	-0.9987279271	0.03211420512	3	ZINC01207723	LSM-4675	NA	10uM	A549	6h	LINCSCP_190780
LINCSCP_84063	-0.9987278132	0.03211564219	3	1166227-08-2	LSM-1204	NA	3.33uM	ASC	24h	LINCSCP_84063
LINCSCP_116924	0.9987256939	0.03214238681	3	Cabozantinib	LSM-1195	KDR|MET	3.33uM	HT29	24h	LINCSCP_116924
LINCSCP_82668	-0.9987255635	0.03214403224	3	GSK-2334470	LSM-1222	PDK1|PDPK1	10uM	A549	24h	LINCSCP_82668
LINCSCP_292464	0.9987247937	0.03215374089	3	VU0413255-1	LSM-4132	NA	10uM	VCAP	24h	LINCSCP_292464
LINCSCP_32632	-0.9987247436	0.03215437269	3	BCB03_000082	LSM-36632	NA	10uM	MCF7	6h	LINCSCP_32632
LINCSCP_292077	0.9987242362	0.03216076993	3	CHEMBL1269896	LSM-2439	NA	10uM	VCAP	6h	LINCSCP_292077
LINCSCP_163922	0.9987239635	0.03216420754	3	936890-98-1	LSM-42786	MTOR	10uM	SKBR3	3h	LINCSCP_163922
LINCSCP_5318	0.9987239496	0.03216438351	3	MLS003126523	LSM-3860	NA	10uM	A549	6h	LINCSCP_5318
LINCSCP_64298	-0.9987238183	0.03216603838	3	BRD-K57204377	LSM-40409	NA	5uM	VCAP	24h	LINCSCP_64298
LINCSCP_173026	-0.9987236579	0.03216806017	3	Dasatinib	LSM-1020	ABL1|BCR|BLK|EPHA2|FGR|FRK|FYN|HCK|KIT|LCK|LYN|PDGFRB|SRC|SRMS|YES1	0.04uM	YAPC	24h	LINCSCP_173026
LINCSCP_45401	-0.9987220484	0.03218833997	3	MLS-0004183.0001	LSM-3299	NA	10uM	PC3	6h	LINCSCP_45401
LINCSCP_62600	-0.9987218141	0.03219129221	3	BRD-K97235918	LSM-14404	NA	5uM	VCAP	6h	LINCSCP_62600
LINCSCP_106711	0.9987216525	0.03219332749	3	AZD-1775	LSM-1153	WEE1	3.33uM	HELA	24h	LINCSCP_106711
LINCSCP_43746	0.9987213663	0.03219693117	3	RO-281675	LSM-6231	GCK	100uM	OV7	6h	LINCSCP_43746
LINCSCP_11639	0.9987212651	0.0321982053	3	AZ628	LSM-1050	BRAF|RAF1	0.5uM	BT20	24h	LINCSCP_11639
LINCSCP_89197	-0.998720373	0.03220943786	3	ZINC6718453	LSM-1198	NA	1.11uM	HA1E	24h	LINCSCP_89197
LINCSCP_160677	-0.9987203278	0.03221000698	3	REV-5901	LSM-1734	ALOX5	0.33uM	PC3	24h	LINCSCP_160677
LINCSCP_28869	-0.9987200194	0.03221388824	3	CHEMBL2143628	LSM-6855	NA	10uM	HUH7	24h	LINCSCP_28869
LINCSCP_76591	0.9987199316	0.03221499395	3	Fluphenazine	LSM-3226	DRD1|DRD2	0.37uM	A375	24h	LINCSCP_76591
LINCSCP_293322	-0.9987197028	0.03221787352	3	CHEMBL1316687	LSM-42903	NA	10uM	VCAP	24h	LINCSCP_293322
LINCSCP_20385	-0.9987181909	0.03223689502	3	BRD-A80960055-001-01-7	LSM-5162	NA	10uM	HCC515	6h	LINCSCP_20385
LINCSCP_84800	0.9987179874	0.03223945361	3	PF-03758309	LSM-4254	PAK4	1.11uM	ASC	24h	LINCSCP_84800
LINCSCP_37236	-0.9987178233	0.03224151724	3	SA-90471	LSM-39037	NA	10uM	MCF7	24h	LINCSCP_37236
LINCSCP_32131	-0.9987173902	0.03224696411	3	JNJ-7706621	LSM-5294	AURKA|AURKB|CDK1|CDK2	10uM	MCF7	24h	LINCSCP_32131
LINCSCP_306645	-0.998717255	0.03224866377	3	BRD-K77905217	LSM-13192	NA	5uM	VCAP	6h	LINCSCP_306645
LINCSCP_57890	0.9987171828	0.03224957112	3	CHEMBL1270915	LSM-3056	NA	10uM	VCAP	6h	LINCSCP_57890
LINCSCP_123980	0.9987170971	0.03225064843	3	Andrographolide	LSM-45595	NA	0.37uM	HT29	24h	LINCSCP_123980
LINCSCP_65504	-0.9987165326	0.03225774489	3	BRD-K67868064	LSM-40967	NA	10uM	VCAP	6h	LINCSCP_65504
LINCSCP_164116	-0.9987163536	0.0322599945	3	Lapatinib	LSM-1051	EGFR|ERBB2	1.11uM	SKBR3	3h	LINCSCP_164116
LINCSCP_235579	-0.9987156942	0.03226828071	3	Troglitazone	LSM-4890	PPARG	0.5uM	MCF7	24h	LINCSCP_235579
LINCSCP_66869	0.9987156893	0.03226834281	3	Trichostatin A, Streptomyces Sp.	LSM-42814	HDAC1|HDAC10|HDAC3|HDAC4|HDAC6|HDAC7|HDAC8	3uM	HA1E	24h	LINCSCP_66869
LINCSCP_4459	-0.9987154285	0.03227162031	3	Blebbistatin	LSM-6195	MYH2	40uM	A549	24h	LINCSCP_4459
LINCSCP_49569	0.998714698	0.03228079621	3	Erastin	LSM-4914	VDAC2	0.37uM	PC3	24h	LINCSCP_49569
LINCSCP_114942	-0.9987142026	0.03228701799	3	SU 11274	LSM-42792	MET	0.04uM	HS578T	24h	LINCSCP_114942
LINCSCP_43866	-0.9987141949	0.0322871146	3	BAS 09531330	LSM-32192	NA	0.5uM	PC3	6h	LINCSCP_43866
LINCSCP_57160	-0.9987140029	0.03228952543	3	SU-11652	LSM-43098	KDR|PDGFRB	10uM	VCAP	6h	LINCSCP_57160
LINCSCP_16076	-0.9987139836	0.03228976785	3	ARG-A1-22	LSM-4046	NA	10uM	HA1E	6h	LINCSCP_16076
LINCSCP_212659	-0.9987129287	0.03230301205	3	Broad-Sai-595	LSM-45345	NA	1uM	HA1E	6h	LINCSCP_212659
LINCSCP_171040	-0.9987125431	0.03230785102	3	Clofazimine	LSM-5669	NA	10uM	YAPC	24h	LINCSCP_171040
LINCSCP_92239	-0.9987110533	0.03232654326	3	Resminostat	LSM-45663	NA	0.37uM	HA1E	24h	LINCSCP_92239
LINCSCP_41057	-0.9987110506	0.03232657715	3	BRD-K46295497	LSM-14837	NA	10uM	NEU	24h	LINCSCP_41057
LINCSCP_159850	-0.9987104259	0.03233441152	3	MG-132	LSM-1107	PSMB1	20uM	PC3	24h	LINCSCP_159850
LINCSCP_19642	-0.9987102888	0.03233613021	3	MLS002703103	LSM-2207	NA	10uM	HCC515	6h	LINCSCP_19642
LINCSCP_151461	0.9987098699	0.03234138189	3	Amuvatinib	LSM-1118	FLT3|KIT|MET|PDGFRA	10uM	PC3	24h	LINCSCP_151461
LINCSCP_16727	0.9987097678	0.03234266239	3	CHEMBL2143681	LSM-6163	NA	10uM	HA1E	6h	LINCSCP_16727
LINCSCP_54128	-0.99870965	0.03234413851	3	ML239	LSM-3882	NA	10uM	SW620	6h	LINCSCP_54128
LINCSCP_48615	0.9987089756	0.03235259184	3	BRD-K39529907-019-01-2	LSM-36540	NA	10uM	PC3	24h	LINCSCP_48615
LINCSCP_69811	-0.9987089513	0.03235289709	3	Dasatinib	LSM-1020	ABL1|BCR|BLK|EPHA2|FGR|FRK|FYN|HCK|KIT|LCK|LYN|PDGFRB|SRC|SRMS|YES1	3.33uM	A375	24h	LINCSCP_69811
LINCSCP_216019	-0.9987084647	0.03235899474	3	1135243-19-4	LSM-3290	CHRM1	10uM	HCC515	6h	LINCSCP_216019
LINCSCP_163294	-0.9987084475	0.03235920984	3	NVP-AUY922	LSM-1162	NA	0.04uM	SKBR3	3h	LINCSCP_163294
LINCSCP_116918	0.9987081876	0.03236246664	3	SGI-1776	LSM-6307	PIM1|PIM2|PIM3	3.33uM	HT29	24h	LINCSCP_116918
LINCSCP_38823	0.9987068731	0.03237893136	3	TL Aurora 09	LSM-45304	NA	5uM	MCF7	6h	LINCSCP_38823
LINCSCP_3674	-0.9987068541	0.03237916847	3	BRD-K13559922	LSM-37967	NA	10uM	A375	24h	LINCSCP_3674
LINCSCP_290884	-0.998706328	0.03238575644	3	Tebuthiuron	LSM-2761	NA	10uM	VCAP	6h	LINCSCP_290884
LINCSCP_63439	0.9987059904	0.03238998198	3	MLS004342442	LSM-8555	NA	5uM	VCAP	6h	LINCSCP_63439
LINCSCP_14476	-0.9987056246	0.03239456138	3	Mnitmt	LSM-3401	NA	10uM	HA1E	24h	LINCSCP_14476
LINCSCP_168792	-0.9987047716	0.0324052361	3	Zileuton	LSM-5084	ALOX5	0.04uM	YAPC	24h	LINCSCP_168792
LINCSCP_74010	0.9987046948	0.03240619699	3	GDC-0834 (Racemate)	LSM-45549	NA	10uM	A375	24h	LINCSCP_74010
LINCSCP_298547	-0.9987043507	0.03241050143	3	BRD-K46489288	LSM-7439	NA	5uM	VCAP	6h	LINCSCP_298547
LINCSCP_142643	0.9987040255	0.03241456962	3	Dorzolamide HCL	LSM-45672	NA	10uM	MCF7	24h	LINCSCP_142643
LINCSCP_133197	0.9987034433	0.03242185124	3	Gefitinib	LSM-1098	EGFR	0.12uM	MCF7	3h	LINCSCP_133197
LINCSCP_209658	-0.9987028445	0.03242933926	3	Laudanosine	LSM-1406	NA	10uM	HA1E	6h	LINCSCP_209658
LINCSCP_29047	-0.9987027229	0.03243085993	3	BRD-K75418563	LSM-6850	NA	10uM	HUH7	6h	LINCSCP_29047
LINCSCP_151790	-0.9987022565	0.03243669048	3	Idelalisib	LSM-1205	PIK3CD|PIK3CG	0.37uM	PC3	24h	LINCSCP_151790
LINCSCP_56516	0.998702006	0.03243982086	3	Nadolol	LSM-1879	ADRB1|ADRB2	10uM	VCAP	6h	LINCSCP_56516
LINCSCP_117598	0.9987019856	0.03244007637	3	amcinonide	NA	NA	3.33uM	HT29	24h	LINCSCP_117598
LINCSCP_38236	-0.9987017899	0.03244252199	3	Vorinostat	LSM-3828	HDAC1|HDAC2|HDAC3|HDAC6|HDAC8	1uM	MCF7	24h	LINCSCP_38236
LINCSCP_45321	-0.9987017089	0.03244353417	3	CHEMBL1456973	LSM-3515	NA	10uM	PC3	24h	LINCSCP_45321
LINCSCP_310072	-0.9987011772	0.03245017862	3	BRD-K85946956	LSM-15061	NA	30uM	VCAP	24h	LINCSCP_310072
LINCSCP_31173	0.998700957	0.03245293024	3	CHEMBL1888222	LSM-3166	NA	10uM	MCF7	24h	LINCSCP_31173
LINCSCP_284762	0.9987006981	0.03245616445	3	Eicosatrienoic acid (20:3 n-3)	LSM-42997	NA	10uM	SKB	24h	LINCSCP_284762
LINCSCP_11913	-0.9987003403	0.0324606335	3	CP466722	LSM-1009	ATM	1uM	BT20	6h	LINCSCP_11913
LINCSCP_114053	-0.9986999018	0.03246611074	3	KU-55933	LSM-1074	ATM	10uM	HME1	24h	LINCSCP_114053
LINCSCP_33638	-0.998699696	0.03246868078	3	4',6-Dihydroxyflavone	LSM-4636	NA	10uM	MCF7	24h	LINCSCP_33638
LINCSCP_224027	0.9986993175	0.03247340667	3	BMS 641988	LSM-6248	AR	10uM	HT29	24h	LINCSCP_224027
LINCSCP_34026	0.9986991703	0.03247524493	3	BRD-K45735142	LSM-6782	NA	10uM	MCF7	6h	LINCSCP_34026
LINCSCP_93254	-0.9986990664	0.03247654191	3	omeprazole	LSM-45749	NA	10uM	HA1E	24h	LINCSCP_93254
LINCSCP_158229	0.9986989125	0.03247846269	3	Vinpocetine	LSM-3178	PDE1A	10uM	PC3	24h	LINCSCP_158229
LINCSCP_57467	-0.99869859	0.03248248947	3	4-Fluoro-n-(pyridin-3-yl)benzamide	LSM-3702	CYP11B2	10uM	VCAP	6h	LINCSCP_57467
LINCSCP_162840	-0.9986980003	0.03248984907	3	Dasatinib	LSM-1020	ABL1|BCR|BLK|EPHA2|FGR|FRK|FYN|HCK|KIT|LCK|LYN|PDGFRB|SRC|SRMS|YES1	0.12uM	SKBR3	24h	LINCSCP_162840
LINCSCP_15907	0.9986976062	0.03249476666	3	SMR000030495	LSM-4137	NA	10uM	HA1E	6h	LINCSCP_15907
LINCSCP_151440	0.9986961596	0.03251281219	3	LRRK2-IN-1	LSM-1086	LRRK2	0.04uM	PC3	24h	LINCSCP_151440
LINCSCP_70449	-0.9986959784	0.0325150721	3	CHEMBL2132289	LSM-1044	RPS6KA3	0.37uM	A375	24h	LINCSCP_70449
LINCSCP_112423	-0.998695555	0.03252035174	3	Entinostat	LSM-4811	HDAC1|HDAC10|HDAC11|HDAC2|HDAC3|HDAC4|HDAC5|HDAC6|HDAC7|HDAC8|HDAC9	0.12uM	HEPG2	24h	LINCSCP_112423
LINCSCP_212380	0.9986948529	0.03252910421	3	Azathioprine	LSM-42936	PPAT	20uM	HA1E	6h	LINCSCP_212380
LINCSCP_211218	0.9986945806	0.03253249774	3	Ozagrel	LSM-42902	TBXAS1	10uM	HA1E	6h	LINCSCP_211218
LINCSCP_62816	0.998694573	0.03253259284	3	BRD-K84739463	LSM-13609	NA	5uM	VCAP	24h	LINCSCP_62816
LINCSCP_60037	-0.9986921718	0.03256250557	3	CHEMBL2137429	LSM-7427	NA	5uM	VCAP	24h	LINCSCP_60037
LINCSCP_190668	-0.9986916231	0.03256933716	3	6-Aminochrysene	LSM-4506	NA	10uM	A549	6h	LINCSCP_190668
LINCSCP_201507	-0.9986914146	0.03257193291	3	SMR000075319	LSM-6371	KPNB1	0.01uM	A549	6h	LINCSCP_201507
LINCSCP_36339	-0.9986911042	0.03257579673	3	Wortmannin	LSM-3947	PIK3CA|PIK3CG|PLK1	0.1uM	MCF7	6h	LINCSCP_36339
LINCSCP_64920	0.9986908303	0.03257920472	3	BRD-K47686314	LSM-39918	NA	10uM	VCAP	24h	LINCSCP_64920
LINCSCP_139113	0.9986891205	0.0326004778	3	Loxoprofen	LSM-5054	NA	0.37uM	MCF7	24h	LINCSCP_139113
LINCSCP_233541	0.9986891185	0.03260050233	3	TL_HRAS26	LSM-2013	NA	0.12uM	HT29	24h	LINCSCP_233541
LINCSCP_64676	0.998687599	0.03261939492	3	BRD-K57879743	LSM-40438	NA	10uM	VCAP	24h	LINCSCP_64676
LINCSCP_142654	-0.998687313	0.03262295016	3	FLUDARABINE PHOSPHATE	LSM-45862	POLA1|POLD1|POLE|RRM1|RRM2|RRM2B	0.04uM	MCF7	24h	LINCSCP_142654
LINCSCP_309029	-0.9986869792	0.03262709822	3	BRD-K99786514	LSM-14560	NA	5uM	VCAP	6h	LINCSCP_309029
LINCSCP_111564	-0.9986865366	0.03263259886	3	Sorafenib	LSM-1008	BRAF|DDR2|FGFR1|FLT1|FLT3|FLT4|KDR|KIT|PDGFRB|RAF1|RET	0.04uM	HEPG2	24h	LINCSCP_111564
LINCSCP_74836	0.9986859976	0.03263929453	3	Moclobemide	LSM-5247	MAOA	10uM	A375	24h	LINCSCP_74836
LINCSCP_59160	-0.9986854636	0.03264592834	3	CHEMBL2359798	LSM-6796	NA	10uM	VCAP	24h	LINCSCP_59160
LINCSCP_74602	-0.998685449	0.03264610949	3	6-fluoro-3-hydroxypyrazine-2-carboxamide	LSM-45283	NA	0.12uM	A375	24h	LINCSCP_74602
LINCSCP_86524	-0.9986852723	0.0326483041	3	TPCA-1	LSM-1136	IKBKB	1.11uM	CD34	24h	LINCSCP_86524
LINCSCP_61903	-0.9986852562	0.03264850311	3	BRD-K65395273	LSM-12416	NA	5uM	VCAP	6h	LINCSCP_61903
LINCSCP_92339	-0.9986843484	0.03265977521	3	TAK-733	LSM-45834	MAP2K1|MAP2K2	1.11uM	HA1E	24h	LINCSCP_92339
LINCSCP_111775	-0.9986840855	0.03266303879	3	CHEMBL585951	LSM-36386	MAPK8	10uM	HEPG2	24h	LINCSCP_111775
LINCSCP_37027	-0.9986832747	0.03267310223	3	SA-89705	LSM-40176	NA	1uM	MCF7	24h	LINCSCP_37027
LINCSCP_5131	-0.9986829726	0.03267685087	3	4-[5-(4-Fluorophenyl)-1,2,4-oxadiazol-3-yl]benzoic acid	LSM-3281	NA	10uM	A549	6h	LINCSCP_5131
LINCSCP_28002	-0.9986829027	0.03267771926	3	BRD-K78586486	LSM-13232	NA	5uM	HT29	24h	LINCSCP_28002
LINCSCP_34545	-0.9986827997	0.03267899609	3	Avermectin	LSM-5002	NA	10uM	MCF7	6h	LINCSCP_34545
LINCSCP_23957	0.9986819386	0.03268967863	3	AC1OCDAW	LSM-1622	TOP2A	1.11uM	HEPG2	24h	LINCSCP_23957
LINCSCP_109245	-0.9986818344	0.03269097143	3	metitepine	LSM-4320	HTR5A|HTR6|HTR7	10uM	HELA	24h	LINCSCP_109245
LINCSCP_233241	-0.9986815635	0.0326943317	3	Tigecycline	LSM-36875	NA	0.1uM	HT29	24h	LINCSCP_233241
LINCSCP_202016	0.9986809571	0.03270185013	3	Curcumin	LSM-43083	PTGS1|PTGS2	0.1uM	A549	24h	LINCSCP_202016
LINCSCP_87772	0.9986807691	0.03270418166	3	PLX-4720	LSM-1049	BRAF	3.33uM	HA1E	24h	LINCSCP_87772
LINCSCP_250635	-0.9986803036	0.0327099525	3	AM-580	LSM-2132	RARA	0.5uM	MCF7	6h	LINCSCP_250635
LINCSCP_71582	0.9986802691	0.03271037942	3	estriol	LSM-2368	ESR1|ESR2	10uM	A375	24h	LINCSCP_71582
LINCSCP_108796	-0.9986800575	0.0327130025	3	Aripiprazole	LSM-5776	DRD2|HRH1|HTR1A|HTR1B|HTR1D|HTR2A|HTR2C	0.04uM	HELA	24h	LINCSCP_108796
LINCSCP_95959	-0.9986792309	0.03272324656	3	CC-930	LSM-45244	MAPK10|MAPK8|MAPK9	10uM	HA1E	24h	LINCSCP_95959
LINCSCP_9919	-0.9986789925	0.03272620027	3	SCHEMBL17497626	LSM-44605	NA	0.1uM	A549	6h	LINCSCP_9919
LINCSCP_10494	-0.9986789121	0.03272719683	3	Chloroquine	LSM-1901	NA	10uM	AGS	6h	LINCSCP_10494
LINCSCP_134674	-0.9986785083	0.03273219825	3	PI 3-K/mTOR Inhibitor III, PKI-179	LSM-45478	MTOR|PIK3CA	10uM	MCF7	24h	LINCSCP_134674
LINCSCP_176284	-0.9986781596	0.03273651742	3	Pirfenidone	LSM-4190	TNF	0.37uM	YAPC	24h	LINCSCP_176284
LINCSCP_98540	-0.9986781269	0.03273692276	3	Flumazenil	LSM-4228	GABRA1|GABRA2|GABRA3|GABRA4|GABRA5|GABRA6|GABRB1|GABRB2|GABRB3|GABRD|GABRE|GABRG1|GABRG2|GABRG3|GABRP|GABRQ	10uM	HA1E	24h	LINCSCP_98540
LINCSCP_289637	0.9986775841	0.03274364532	3	Glimepiride	LSM-2760	ABCC8|KCNJ11	10uM	VCAP	24h	LINCSCP_289637
LINCSCP_48227	-0.9986775324	0.03274428572	3	BRD-K97194822	LSM-44922	NA	5uM	PC3	24h	LINCSCP_48227
LINCSCP_56465	0.9986762202	0.03276052993	3	CID 91122153	LSM-44934	NA	10uM	VCAP	24h	LINCSCP_56465
LINCSCP_151149	0.9986758166	0.03276552474	3	Tamatinib	LSM-1040	SYK	1.11uM	PC3	24h	LINCSCP_151149
LINCSCP_138098	-0.9986752254	0.03277284024	3	XL888	LSM-45553	NA	1.11uM	MCF7	24h	LINCSCP_138098
LINCSCP_59020	0.9986751032	0.03277435104	3	15D-PGJ2	LSM-43081	PPARG	10uM	VCAP	6h	LINCSCP_59020
LINCSCP_160298	0.9986750442	0.032775081	3	Epothilone B (EPO906, Patupilone)	LSM-46001	NA	10uM	PC3	24h	LINCSCP_160298
LINCSCP_50259	-0.998675009	0.03277551744	3	CGK733	LSM-1610	ATM|ATR	3uM	PHH	24h	LINCSCP_50259
LINCSCP_5697	-0.9986732458	0.03279732227	3	Secnidazole	LSM-5131	NA	10uM	A549	24h	LINCSCP_5697
LINCSCP_56600	0.9986725259	0.03280622135	3	Resorcinol Monoacetate	LSM-3915	NA	10uM	VCAP	6h	LINCSCP_56600
LINCSCP_259917	0.9986715792	0.03281791882	3	Chenodiol	LSM-5353	NR1H4	10uM	NEU	24h	LINCSCP_259917
LINCSCP_53444	-0.99867094	0.03282581601	3	COT-10B	LSM-6226	NA	40uM	SKMEL28	6h	LINCSCP_53444
LINCSCP_94344	-0.998670784	0.03282774278	3	Primaquine	LSM-1649	NA	1.11uM	HA1E	24h	LINCSCP_94344
LINCSCP_27091	-0.9986693011	0.03284605318	3	Mefexamide	LSM-2459	NA	10uM	HT29	6h	LINCSCP_27091
LINCSCP_254055	-0.9986690054	0.03284970331	3	BRD-K04856990	LSM-37532	NA	10uM	MCF7	6h	LINCSCP_254055
LINCSCP_40962	0.9986675238	0.03286798588	3	CTK8H3236	LSM-1838	TACR1	10uM	NEU	24h	LINCSCP_40962
LINCSCP_240709	0.9986669051	0.03287561711	3	Duloxetine	LSM-3591	SLC6A2|SLC6A3|SLC6A4	10uM	MCF7	24h	LINCSCP_240709
LINCSCP_120014	-0.9986657394	0.03288999069	3	ITRACONAZOLE HYDROCHLORIDE	LSM-45773	NA	1.11uM	HT29	24h	LINCSCP_120014
LINCSCP_45360	-0.9986656787	0.03289073863	3	MLS-0258268.0001	LSM-1866	NA	10uM	PC3	6h	LINCSCP_45360
LINCSCP_65178	-0.9986639357	0.03291221902	3	BRD-K72382350	LSM-12870	NA	1uM	VCAP	6h	LINCSCP_65178
LINCSCP_40940	-0.9986638542	0.03291322312	3	Reversine	LSM-5842	AURKB	10uM	NEU	24h	LINCSCP_40940
LINCSCP_112060	0.9986634302	0.03291844594	3	PCI-32765	LSM-1129	BTK	0.04uM	HEPG2	24h	LINCSCP_112060
LINCSCP_210660	-0.9986627055	0.03292737177	3	MLS002264444	LSM-3036	NA	10uM	HA1E	6h	LINCSCP_210660
LINCSCP_47007	0.9986620253	0.0329357467	3	HMN-214	LSM-42802	CSF1R|FLT1|FLT3|FLT4|KDR|KIT|PDGFRB|RET	10uM	PC3	6h	LINCSCP_47007
LINCSCP_44791	0.9986614784	0.03294247875	3	Splitomicin	LSM-2607	NA	10uM	PC3	6h	LINCSCP_44791
LINCSCP_57663	-0.998660252	0.03295756923	3	ML075	LSM-2945	NA	10uM	VCAP	6h	LINCSCP_57663
LINCSCP_35100	-0.9986598358	0.03296268947	3	BRD-K24893212	LSM-38631	NA	5uM	MCF7	24h	LINCSCP_35100
LINCSCP_26966	0.9986596866	0.03296452435	3	RO 08-2750	LSM-1983	NGF|NGFR	10uM	HT29	6h	LINCSCP_26966
LINCSCP_130679	-0.9986590818	0.03297196327	3	SB590885	LSM-42746	NA	10uM	MCF10A	24h	LINCSCP_130679
LINCSCP_40201	-0.9986586448	0.03297733705	3	PP-30	LSM-6238	RAF1	10uM	NCIH508	6h	LINCSCP_40201
LINCSCP_117712	-0.9986580299	0.03298489595	3	301836-43-1	LSM-1203	CSNK1A1|TGFB1	3.33uM	HT29	24h	LINCSCP_117712
LINCSCP_97398	-0.9986577725	0.03298806014	3	Rimcazole	LSM-5777	SIGMAR1	3.33uM	HA1E	24h	LINCSCP_97398
LINCSCP_147737	0.998657386	0.03299281045	3	Sirolimus	LSM-42783	FKBP1A|MTOR	10uM	NPC.CAS9	24h	LINCSCP_147737
LINCSCP_11821	-0.998657051	0.03299692663	3	Alvocidib	LSM-1011	CDK1|CDK2|CDK4|CDK5|CDK6|CDK7|CDK8|CDK9|EGFR|PYGM	0.5uM	BT20	24h	LINCSCP_11821
LINCSCP_61169	0.9986554026	0.03301717615	3	BRD-K85667213	LSM-13670	NA	5uM	VCAP	6h	LINCSCP_61169
LINCSCP_45910	-0.9986546921	0.03302590054	3	MLS000718932	LSM-2636	NA	10uM	PC3	24h	LINCSCP_45910
LINCSCP_92431	-0.9986534987	0.03304054892	3	BRD-A82197375	LSM-45476	NA	0.12uM	HA1E	24h	LINCSCP_92431
LINCSCP_5799	-0.9986532699	0.03304335617	3	Vinorelbine	LSM-6007	TUBB	10uM	A549	24h	LINCSCP_5799
LINCSCP_16531	-0.9986521647	0.03305691591	3	SNS-314	LSM-5795	AURKA|AURKB|AURKC	10uM	HA1E	6h	LINCSCP_16531
LINCSCP_55361	0.9986515532	0.03306441448	3	N-{3-[(4-methoxyphenyl)amino]-1,4-dioxo-1,4-dihydronaphthalen-2-yl}acetamide	LSM-45353	NA	0.5uM	U937	6h	LINCSCP_55361
LINCSCP_78074	-0.9986513765	0.03306658173	3	Methyldopa	LSM-5596	ADRA2A|ADRA2B|ADRA2C|DDC	0.12uM	A375	24h	LINCSCP_78074
LINCSCP_15955	-0.9986513105	0.03306739085	3	CHEMBL1456638	LSM-42884	NA	10uM	HA1E	6h	LINCSCP_15955
LINCSCP_65031	0.9986501611	0.03308148195	3	TORIN1	LSM-1079	MTOR	0.01uM	VCAP	6h	LINCSCP_65031
LINCSCP_145188	0.9986496925	0.03308722483	3	BX 912	LSM-1055	PDK1|PDPK1	0.37uM	MDAMB231	3h	LINCSCP_145188
LINCSCP_242424	-0.998647637	0.03311240447	3	BRD-K07452532	LSM-6798	NA	10uM	MCF7	24h	LINCSCP_242424
LINCSCP_171487	-0.9986464598	0.03312681564	3	Nimodipine	LSM-1659	CACNA1C|CACNA1D|CACNA1F|CACNA1S|NR3C2	0.04uM	YAPC	24h	LINCSCP_171487
LINCSCP_152013	0.9986454058	0.03313971399	3	Epigalocatechin Gallate	LSM-5661	FASN	10uM	PC3	24h	LINCSCP_152013
LINCSCP_34987	0.9986446755	0.0331486492	3	BRD-K69951274	LSM-12698	NA	5uM	MCF7	24h	LINCSCP_34987
LINCSCP_45049	0.9986445928	0.03314966049	3	GW843682X	LSM-1014	PLK1|PLK3	10uM	PC3	24h	LINCSCP_45049
LINCSCP_133321	-0.9986434813	0.03316325219	3	SGI-1776	LSM-6307	PIM1|PIM2|PIM3	0.04uM	MCF7	24h	LINCSCP_133321
LINCSCP_136911	-0.9986432252	0.03316638394	3	LXR-623	LSM-45897	NR1H2|NR1H3	0.37uM	MCF7	24h	LINCSCP_136911
LINCSCP_97810	-0.998642519	0.03317501642	3	LY2090314	LSM-45915	GSK3A|GSK3B	10uM	HA1E	24h	LINCSCP_97810
LINCSCP_287683	0.9986416984	0.03318504427	3	Evodiamine	LSM-6483	TRPV1	10uM	SW620	6h	LINCSCP_287683
LINCSCP_32825	-0.9986416145	0.0331860697	3	ST092443	LSM-1481	ADORA1|ADORA2A|ADORA2B	10uM	MCF7	24h	LINCSCP_32825
LINCSCP_110550	-0.9986411356	0.03319191938	3	Ingenol Mebutate	LSM-45681	NA	0.04uM	HELA	24h	LINCSCP_110550
LINCSCP_300822	-0.9986409494	0.03319419386	3	BRD-K88866336	LSM-13890	NA	5uM	VCAP	24h	LINCSCP_300822
LINCSCP_70507	-0.9986401392	0.03320409008	3	N-(3-Fluoro-4-((7-methoxyquinolin-4-yl)oxy)phenyl)-1-(2-hydroxy-2-methylpropyl)-5-methyl-3-oxo-2-phenyl-2,3-dihydro-1H-pyrazole-4-carboxamide	LSM-1113	NA	3.33uM	A375	24h	LINCSCP_70507
LINCSCP_213	-0.9986399912	0.03320589686	3	SCHEMBL8922766	LSM-1595	ADORA3	10uM	A375	24h	LINCSCP_213
LINCSCP_119248	0.9986399279	0.03320666922	3	Saracatinib	LSM-1032	ABL1|SRC	1.11uM	HT29	24h	LINCSCP_119248
LINCSCP_116953	-0.998639765	0.03320865925	3	AZ628	LSM-1050	BRAF|RAF1	10uM	HT29	24h	LINCSCP_116953
LINCSCP_7724	-0.9986394235	0.03321282846	3	CCT 018159	LSM-3461	HSP90AA1	10uM	A549	6h	LINCSCP_7724
LINCSCP_61213	-0.9986388583	0.03321972753	3	BRD-K29004135	LSM-10187	NA	5uM	VCAP	24h	LINCSCP_61213
LINCSCP_138511	0.9986387307	0.03322128514	3	179324-69-7	LSM-6281	ADRM1|PSMA1|PSMA2|PSMA3|PSMA4|PSMA5|PSMA6|PSMA7|PSMA8|PSMB1|PSMB10|PSMB11|PSMB2|PSMB3|PSMB4|PSMB5|PSMB6|PSMB7|PSMB8|PSMB9|PSMC1|PSMC2|PSMC3|PSMC4|PSMC5|PSMC6|PSMD1|PSMD11|PSMD12|PSMD13|PSMD14|PSMD2|PSMD3|PSMD4|PSMD6|PSMD7|PSMD8|SEM1	20uM	MCF7	24h	LINCSCP_138511
LINCSCP_29744	-0.9986385744	0.03322319252	3	THZ-2-98-01	LSM-45329	NA	10uM	MCF10A	6h	LINCSCP_29744
LINCSCP_57628	0.9986384677	0.03322449429	3	CHEMBL1910803	LSM-42881	S1PR4	10uM	VCAP	6h	LINCSCP_57628
LINCSCP_310070	-0.9986364855	0.03324867647	3	BRD-K85565420	LSM-45348	NA	30uM	VCAP	24h	LINCSCP_310070
LINCSCP_172287	-0.9986364255	0.03324940842	3	Altretamine	LSM-3492	NA	3.33uM	YAPC	24h	LINCSCP_172287
LINCSCP_41724	-0.9986360352	0.03325416771	3	SA-424170	LSM-39302	NA	10uM	NKDBA	24h	LINCSCP_41724
LINCSCP_289812	-0.9986358663	0.0332562264	3	Clozapine	LSM-2823	ADRA1A|ADRA1B|CHRM1|CHRM2|CHRM3|CHRM4|DRD1|DRD2|DRD3|DRD4|HRH1|HRH4|HTR1A|HTR1B|HTR1D|HTR1E|HTR2A|HTR2C|HTR6|HTR7	10uM	VCAP	6h	LINCSCP_289812
LINCSCP_250702	-0.9986355825	0.03325968667	3	Withaferin A	LSM-6685	IKBKB|NAMPT	0.5uM	MCF7	6h	LINCSCP_250702
LINCSCP_225620	0.998634343	0.03327479393	3	Ranolazine	LSM-1952	SCN4A|SCN5A|SCN9A	10uM	HT29	6h	LINCSCP_225620
LINCSCP_115082	-0.9986343149	0.03327513589	3	Trametinib	LSM-1143	MAP2K1|MAP2K2	3.33uM	HS578T	24h	LINCSCP_115082
LINCSCP_45329	0.9986337794	0.0332816611	3	N-(3-Morpholin-4-ylsulfonylphenyl)-4-(2-oxopyrrolidin-1-yl)benzamide	LSM-3772	NA	10uM	PC3	24h	LINCSCP_45329
LINCSCP_12075	-0.9986313632	0.03331108432	3	HG6-64-1	LSM-43248	NA	10uM	BT20	6h	LINCSCP_12075
LINCSCP_130241	-0.9986312971	0.03331188944	3	BMS-387032	LSM-1132	CDK2|CDK7|CDK9	0.04uM	LNCAP	3h	LINCSCP_130241
LINCSCP_11010	0.998631144	0.03331375207	3	PLX-4720	LSM-1049	BRAF	10uM	ASC	24h	LINCSCP_11010
LINCSCP_39281	0.998630308	0.03332392625	3	CP-724714	LSM-42777	ERBB2	1uM	MDAMB231	6h	LINCSCP_39281
LINCSCP_155237	-0.9986302991	0.03332403507	3	Temoporfin	LSM-45995	NA	1.11uM	PC3	24h	LINCSCP_155237
LINCSCP_51199	-0.998630153	0.03332581168	3	GSK-2334470	LSM-1222	PDK1|PDPK1	0.1uM	RMUGS	6h	LINCSCP_51199
LINCSCP_220572	-0.9986301169	0.03332625113	3	138402-11-6	LSM-3338	AGTR1	10uM	HEPG2	6h	LINCSCP_220572
LINCSCP_29875	-0.9986297173	0.03333111259	3	CHEMBL585951	LSM-36386	MAPK8	10uM	MCF10A	24h	LINCSCP_29875
LINCSCP_62704	-0.9986294118	0.03333482923	3	BRD-K92789454	LSM-14116	NA	5uM	VCAP	24h	LINCSCP_62704
LINCSCP_15623	-0.9986293896	0.03333509954	3	Tipifarnib	LSM-6258	CHURC1-FNTB|FNTA|FNTB	10uM	HA1E	6h	LINCSCP_15623
LINCSCP_12747	0.9986292988	0.03333620387	3	376348-65-1, Uk-427857, uk427857	LSM-6182	CCR5	10uM	DV90	6h	LINCSCP_12747
LINCSCP_174003	0.9986290425	0.03333932069	3	BAY 87-2243	LSM-45786	NA	0.12uM	YAPC	24h	LINCSCP_174003
LINCSCP_40980	0.9986290056	0.03333976969	3	Apafant	LSM-2613	PTAFR	10uM	NEU	24h	LINCSCP_40980
LINCSCP_45265	0.9986289768	0.03334011963	3	MLS001060840	LSM-1384	NA	10uM	PC3	24h	LINCSCP_45265
LINCSCP_152120	-0.9986289571	0.03334035947	3	BRD-A01645196	LSM-42745	NA	0.04uM	PC3	24h	LINCSCP_152120
LINCSCP_19680	-0.9986286263	0.03334438253	3	MLS003128614	LSM-2014	NA	10uM	HCC515	6h	LINCSCP_19680
LINCSCP_112174	0.9986279101	0.03335308961	3	Motesanib	LSM-1042	FLT1|FLT4|KDR|KIT|PDGFRA|PDGFRB|RET	0.04uM	HEPG2	24h	LINCSCP_112174
LINCSCP_242194	0.9986262043	0.03337382038	3	SKF96365	LSM-1766	CYP3A4|TRPC1	10uM	MCF7	6h	LINCSCP_242194
LINCSCP_114193	-0.9986258021	0.03337870663	3	Entinostat	LSM-4811	HDAC1|HDAC10|HDAC11|HDAC2|HDAC3|HDAC4|HDAC5|HDAC6|HDAC7|HDAC8|HDAC9	1.11uM	HME1	24h	LINCSCP_114193
LINCSCP_29718	-0.9986255564	0.03338169154	3	CHEMBL552425	LSM-1003	DDR1	0.5uM	MCF10A	6h	LINCSCP_29718
LINCSCP_55649	-0.9986248282	0.03339053586	3	CHEMBL1165368	LSM-42920	CHRNA7	10uM	VCAP	24h	LINCSCP_55649
LINCSCP_146028	-0.9986247746	0.03339118617	3	Tivozanib	LSM-1005	FLT1|FLT4|KDR|KIT|PDGFRA|PDGFRB	1.11uM	MNEU.E	24h	LINCSCP_146028
LINCSCP_151654	-0.998624273	0.03339727628	3	Rebastinib	LSM-6708	ABL1	0.04uM	PC3	24h	LINCSCP_151654
LINCSCP_68360	-0.9986229776	0.03341299992	3	13-Hydroxy-8,14,19-trimethoxy-4,10,12,16-tetramethyl-3,20,22-trioxo-2-azabicyclo[16.3.1]docosa-1(21),4,6,10,18-pentaen-9-yl carbamate	LSM-42815	HSP90AA1	10uM	VCAP	24h	LINCSCP_68360
LINCSCP_4972	-0.9986225015	0.03341877748	3	MLS001065872	LSM-3213	NA	10uM	A549	24h	LINCSCP_4972
LINCSCP_69719	0.9986220688	0.0334240272	3	SB-216763	LSM-1161	GSK3B	0.04uM	A375	24h	LINCSCP_69719
LINCSCP_42336	-0.9986220209	0.03342460753	3	HY-11007	LSM-1022	ABL1|BCR	10uM	NPC	24h	LINCSCP_42336
LINCSCP_79817	0.9986216704	0.03342885983	3	Vandetanib	LSM-1199	EGFR|EPHA1|EPHA10|EPHA2|EPHA3|EPHA4|EPHA5|EPHA6|EPHA7|EPHA8|EPHB1|EPHB2|EPHB3|EPHB4|EPHB6|ERBB2|ERBB3|ERBB4|FLT1|FLT4|KDR|PTK6|RET|SRC|TEK	3.33uM	A375	24h	LINCSCP_79817
LINCSCP_67109	0.9986204812	0.03344328054	3	Vorinostat	LSM-3828	HDAC1|HDAC2|HDAC3|HDAC6|HDAC8	10uM	HT29	6h	LINCSCP_67109
LINCSCP_49205	-0.998620088	0.03344804775	3	CHEMBL2360006	LSM-42585	NA	10uM	PC3	6h	LINCSCP_49205
LINCSCP_57779	-0.9986199466	0.03344976164	3	CHEMBL1270313	LSM-2533	NA	10uM	VCAP	24h	LINCSCP_57779
LINCSCP_290352	-0.9986189727	0.03346156499	3	Diflorasone Diacetate	LSM-2380	NR3C1	10uM	VCAP	6h	LINCSCP_290352
LINCSCP_130800	-0.9986183511	0.03346909588	3	SCHEMBL3954849	LSM-5982	NA	3.33uM	MCF10A	3h	LINCSCP_130800
LINCSCP_284405	0.9986179303	0.03347419429	3	IN1246	LSM-1790	MMP13|MMP2|MMP3	10uM	SKB	24h	LINCSCP_284405
LINCSCP_60031	-0.998617473	0.033479732	3	BRD-K39068840	LSM-7348	NA	5uM	VCAP	24h	LINCSCP_60031
LINCSCP_273552	0.9986172392	0.03348256363	3	Trapidil	LSM-4152	PDGFRA	10uM	PC3	6h	LINCSCP_273552
LINCSCP_107212	-0.9986172329	0.03348264017	3	Corvasal	LSM-25617	NA	3.33uM	HELA	24h	LINCSCP_107212
LINCSCP_32480	-0.9986171707	0.03348339316	3	BRD-K34387287	LSM-6106	NA	10uM	MCF7	24h	LINCSCP_32480
LINCSCP_256990	-0.9986168365	0.03348743998	3	MLN 2238	LSM-4944	PSMB1	10uM	NCIH1836	6h	LINCSCP_256990
LINCSCP_104949	-0.9986166023	0.03349027597	3	MG-132	LSM-1107	PSMB1	20uM	HELA	24h	LINCSCP_104949
LINCSCP_18713	-0.9986158059	0.03349991692	3	Crotamiton	LSM-42989	NA	10uM	HCC515	6h	LINCSCP_18713
LINCSCP_250260	0.998615474	0.03350393363	3	CHEMBL2333346	LSM-36791	NA	0.1uM	MCF7	24h	LINCSCP_250260
LINCSCP_11	-0.9986154735	0.03350393965	3	PLX-4720	LSM-1049	BRAF	10uM	A375	24h	LINCSCP_11
LINCSCP_55520	-0.9986154378	0.03350437158	3	Pevonedistat	LSM-6263	NAE1|UBA3	10uM	U937	6h	LINCSCP_55520
LINCSCP_74588	0.998614258	0.0335186469	3	Ixabepilone	LSM-43293	TUBA1A|TUBA1B|TUBA1C|TUBA3E|TUBA4A|TUBB|TUBB1|TUBB2A|TUBB2B|TUBB3|TUBB4A|TUBB4B|TUBB6|TUBB8	1.11uM	A375	24h	LINCSCP_74588
LINCSCP_84679	0.9986134378	0.0335285672	3	Daminozide	LSM-6329	NA	0.04uM	ASC	24h	LINCSCP_84679
LINCSCP_258006	0.9986132178	0.03353122776	3	MEGXM0_000358	LSM-43077	NA	10uM	NEU	24h	LINCSCP_258006
LINCSCP_162050	0.9986130279	0.0335335243	3	AC1NWAUW	LSM-1341	PRKACA	10uM	PC3	24h	LINCSCP_162050
LINCSCP_81032	0.9986123272	0.03354199581	3	SCHEMBL3954849	LSM-5982	NA	0.12uM	A549	24h	LINCSCP_81032
LINCSCP_269514	0.9986122882	0.03354246694	3	AC1N0AAO	LSM-3682	NA	10uM	PC3	6h	LINCSCP_269514
LINCSCP_90813	-0.9986115731	0.03355110948	3	179324-69-7	LSM-6281	ADRM1|PSMA1|PSMA2|PSMA3|PSMA4|PSMA5|PSMA6|PSMA7|PSMA8|PSMB1|PSMB10|PSMB11|PSMB2|PSMB3|PSMB4|PSMB5|PSMB6|PSMB7|PSMB8|PSMB9|PSMC1|PSMC2|PSMC3|PSMC4|PSMC5|PSMC6|PSMD1|PSMD11|PSMD12|PSMD13|PSMD14|PSMD2|PSMD3|PSMD4|PSMD6|PSMD7|PSMD8|SEM1	20uM	HA1E	24h	LINCSCP_90813
LINCSCP_74305	-0.9986105718	0.03356320863	3	YM 976	LSM-2271	PDE4A	1.11uM	A375	24h	LINCSCP_74305
LINCSCP_208382	0.9986105339	0.03356366683	3	GW-0742	LSM-3867	PPARD	10uM	HA1E	24h	LINCSCP_208382
LINCSCP_22234	-0.9986103239	0.03356620287	3	Dactinomycin	LSM-5783	POLR2A	10uM	HEPG2	6h	LINCSCP_22234
LINCSCP_54902	0.9986099299	0.03357096255	3	BAY-117821	LSM-42889	NA	10uM	THP1	6h	LINCSCP_54902
LINCSCP_50158	-0.9986098496	0.03357193282	3	PD 102807	LSM-1888	CHRM4	10uM	PHH	24h	LINCSCP_50158
LINCSCP_133358	-0.9986087099	0.03358569399	3	Dinaciclib	LSM-6306	CDK1|CDK2|CDK5|CDK9	10uM	MCF7	24h	LINCSCP_133358
LINCSCP_37075	0.9986086978	0.03358584036	3	CHEMBL2361739	LSM-8809	NA	3uM	MCF7	6h	LINCSCP_37075
LINCSCP_104157	0.9986086695	0.03358618258	3	Levothyroxine	LSM-5447	THRA|THRB	0.12uM	HELA	24h	LINCSCP_104157
LINCSCP_102342	0.998606109	0.03361708022	3	Diflunisal	LSM-2490	PTGS1|PTGS2	1.11uM	HELA	24h	LINCSCP_102342
LINCSCP_28968	-0.9986056448	0.03362267796	3	3,5-Bis(4-methylbenzylidene)piperidin-4-one	LSM-2827	SENP2|USP1|USP2|USP7	3uM	HUH7	6h	LINCSCP_28968
LINCSCP_42629	-0.9986052177	0.03362782865	3	BMY-7378	LSM-2673	ADRA1A|ADRA1B|ADRA1D|HTR1A	10uM	NPC	24h	LINCSCP_42629
LINCSCP_33464	-0.9986050194	0.0336302194	3	CDK4 Inhibitor III	LSM-2121	CDK4	10uM	MCF7	6h	LINCSCP_33464
LINCSCP_26533	-0.9986047962	0.03363291014	3	BRD-K80786583-001-01-5	LSM-41674	NA	10uM	HT29	6h	LINCSCP_26533
LINCSCP_110090	0.9986044595	0.03363696963	3	Nesbuvir	LSM-45670	NA	10uM	HELA	24h	LINCSCP_110090
LINCSCP_121674	-0.9986044272	0.03363735946	3	AZ628	LSM-1050	BRAF|RAF1	3.33uM	HT29	24h	LINCSCP_121674
LINCSCP_148952	0.9986041187	0.03364107778	3	Pracinostat	LSM-43290	NA	0.37uM	NPC	24h	LINCSCP_148952
LINCSCP_26788	0.9986025692	0.03365974798	3	Coleoforsin	LSM-1644	ADCY2|ADCY5	10uM	HT29	6h	LINCSCP_26788
LINCSCP_104994	-0.9986017406	0.03366972781	3	Moclobemide	LSM-5247	MAOA	1.11uM	HELA	24h	LINCSCP_104994
LINCSCP_56350	0.9986017224	0.03366994716	3	GS-39783	LSM-3686	GABBR1	10uM	VCAP	6h	LINCSCP_56350
LINCSCP_46471	-0.998601344	0.03367450396	3	Dasatinib	LSM-1020	ABL1|BCR|BLK|EPHA2|FGR|FRK|FYN|HCK|KIT|LCK|LYN|PDGFRB|SRC|SRMS|YES1	10uM	PC3	24h	LINCSCP_46471
LINCSCP_101089	0.9986012265	0.03367591843	3	ITK Inhibitor	LSM-1043	ITK	3.33uM	HCC515	24h	LINCSCP_101089
LINCSCP_151793	-0.9986012059	0.03367616722	3	AT 7867	LSM-1155	NA	10uM	PC3	24h	LINCSCP_151793
LINCSCP_24062	0.9986000397	0.03369020499	3	Apatinib Hydrochloride	LSM-4810	HDAC1|HDAC10|HDAC11|HDAC2|HDAC3|HDAC4|HDAC5|HDAC6|HDAC7|HDAC8|HDAC9	10uM	HEPG2	24h	LINCSCP_24062
LINCSCP_125196	0.9985991278	0.03370117933	3	SCHEMBL6851809	LSM-43061	MTOR	1.11uM	HT29	24h	LINCSCP_125196
LINCSCP_151942	-0.9985991274	0.0337011833	3	PFI-1	LSM-6331	NA	3.33uM	PC3	24h	LINCSCP_151942
LINCSCP_16823	-0.9985989437	0.03370339412	3	SMR000031368	LSM-2820	NA	10uM	HA1E	6h	LINCSCP_16823
LINCSCP_281547	-0.9985974076	0.03372186896	3	Hnha	LSM-5837	HDAC1	10uM	PHH	24h	LINCSCP_281547
LINCSCP_178023	-0.998596869	0.03372834403	3	MLS002264389	LSM-2782	NA	10uM	A375	6h	LINCSCP_178023
LINCSCP_94082	-0.9985966734	0.0337306962	3	AT13387	LSM-45514	NA	1.11uM	HA1E	24h	LINCSCP_94082
LINCSCP_6972	0.9985964761	0.03373306755	3	Triclosan	LSM-2929	DNMT1	10uM	A549	6h	LINCSCP_6972
LINCSCP_19228	0.9985957218	0.03374213255	3	Artesunate	LSM-4916	NA	10uM	HCC515	24h	LINCSCP_19228
LINCSCP_58232	0.9985946335	0.0337552081	3	Mirtazapine	LSM-1706	ADRA2A|ADRA2B|ADRA2C|HTR2A|HTR2C|HTR3A	10uM	VCAP	6h	LINCSCP_58232
LINCSCP_121725	-0.9985943274	0.03375888549	3	Voriconazole	LSM-5244	CYP2C19|CYP2C9|CYP3A4|CYP3A5|PTGS1	0.12uM	HT29	24h	LINCSCP_121725
LINCSCP_55276	-0.9985942604	0.03375969018	3	Oxetane	LSM-44627	NA	10uM	U266	6h	LINCSCP_55276
LINCSCP_93152	-0.9985939859	0.03376298724	3	Tebipenem Pivoxil	LSM-46000	NA	10uM	HA1E	24h	LINCSCP_93152
LINCSCP_83334	-0.9985935491	0.03376823212	3	AZD-1775	LSM-1153	WEE1	1.11uM	ASC.C	24h	LINCSCP_83334
LINCSCP_2813	0.9985931337	0.03377321936	3	Iodipamide	LSM-3496	NA	10uM	A375	6h	LINCSCP_2813
LINCSCP_102244	-0.9985916419	0.0337911245	3	Prochlorperazine	LSM-2436	DRD2	10uM	HELA	24h	LINCSCP_102244
LINCSCP_151547	0.9985900565	0.03381014386	3	OSI-930	LSM-1179	FLT1|FLT4|KDR|KIT	10uM	PC3	24h	LINCSCP_151547
LINCSCP_113628	-0.9985887487	0.03382582361	3	AS-605240	LSM-42784	PIK3CG	0.37uM	HME1	3h	LINCSCP_113628
LINCSCP_48141	0.998588745	0.03382586883	3	BRD-K20761826	LSM-14750	NA	5uM	PC3	24h	LINCSCP_48141
LINCSCP_292260	-0.9985884098	0.03382988663	3	MLS002264470	LSM-2091	NA	10uM	VCAP	24h	LINCSCP_292260
LINCSCP_173488	0.9985882134	0.03383224072	3	Rivaroxaban	LSM-45951	NA	0.04uM	YAPC	24h	LINCSCP_173488
LINCSCP_21932	-0.9985879412	0.0338355021	3	MLS002473459	LSM-3989	NA	10uM	HEPG2	6h	LINCSCP_21932
LINCSCP_161240	-0.9985871914	0.0338444867	3	REGADENOSON	LSM-45927	NA	10uM	PC3	24h	LINCSCP_161240
LINCSCP_23864	0.9985871529	0.03384494792	3	Diethylstilbestrol	LSM-42960	ESR1|ESR2|ESRRG	1.11uM	HEPG2	24h	LINCSCP_23864
LINCSCP_101543	-0.9985864928	0.03385285458	3	179324-69-7	LSM-6281	ADRM1|PSMA1|PSMA2|PSMA3|PSMA4|PSMA5|PSMA6|PSMA7|PSMA8|PSMB1|PSMB10|PSMB11|PSMB2|PSMB3|PSMB4|PSMB5|PSMB6|PSMB7|PSMB8|PSMB9|PSMC1|PSMC2|PSMC3|PSMC4|PSMC5|PSMC6|PSMD1|PSMD11|PSMD12|PSMD13|PSMD14|PSMD2|PSMD3|PSMD4|PSMD6|PSMD7|PSMD8|SEM1	20uM	HELA	24h	LINCSCP_101543
LINCSCP_29102	-0.9985863067	0.03385508466	3	BRD-A81936046	LSM-4484	NA	10uM	JHUEM2	6h	LINCSCP_29102
LINCSCP_108954	-0.9985862191	0.03385613349	3	Moxisylyte	LSM-5868	NA	3.33uM	HELA	24h	LINCSCP_108954
LINCSCP_146332	0.9985854351	0.03386552184	3	Vandetanib	LSM-1199	EGFR|EPHA1|EPHA10|EPHA2|EPHA3|EPHA4|EPHA5|EPHA6|EPHA7|EPHA8|EPHB1|EPHB2|EPHB3|EPHB4|EPHB6|ERBB2|ERBB3|ERBB4|FLT1|FLT4|KDR|PTK6|RET|SRC|TEK	0.37uM	MNEU.E	24h	LINCSCP_146332
LINCSCP_212427	0.9985839091	0.03388378743	3	Ifosfamide	LSM-5118	CYP2A6|CYP2B6|CYP2C18|CYP2C19|CYP2C8|CYP2C9|CYP3A4|CYP3A5|CYP3A7|PTGS1	20uM	HA1E	24h	LINCSCP_212427
LINCSCP_9031	-0.9985828185	0.03389683579	3	CHEMBL2361748	LSM-6831	NA	10uM	A549	24h	LINCSCP_9031
LINCSCP_49755	0.9985827244	0.03389796119	3	BRD-K47121420	LSM-11308	NA	10uM	PC3	6h	LINCSCP_49755
LINCSCP_12182	0.9985822588	0.03390353047	3	MGCD-265	LSM-1124	AXL|FLT1|FLT4|KDR|MET|MST1R|TEK	1uM	BT20	24h	LINCSCP_12182
LINCSCP_29594	-0.9985813848	0.03391398185	3	AZD-8055	LSM-1007	MTOR	1uM	MCF10A	24h	LINCSCP_29594
LINCSCP_163684	0.9985810755	0.03391767976	3	Linifanib	LSM-1183	CSF1R|FLT1|FLT3|FLT4|KDR|PDGFRA|PDGFRB	3.33uM	SKBR3	24h	LINCSCP_163684
LINCSCP_57399	-0.99858098	0.0339188212	3	AC1LEPRU	LSM-2516	NA	10uM	VCAP	6h	LINCSCP_57399
LINCSCP_4765	-0.9985802852	0.0339271257	3	CHEMBL399379	LSM-6245	ACLY	80uM	A549	6h	LINCSCP_4765
LINCSCP_309859	-0.9985799857	0.03393070518	3	BRD-K12450081	LSM-37913	NA	30uM	VCAP	6h	LINCSCP_309859
LINCSCP_156141	-0.9985791025	0.03394125842	3	Dinaciclib	LSM-6306	CDK1|CDK2|CDK5|CDK9	1.11uM	PC3	24h	LINCSCP_156141
LINCSCP_23720	-0.9985790395	0.0339420101	3	BRD-K75418563	LSM-6850	NA	10uM	HEPG2	6h	LINCSCP_23720
LINCSCP_236516	-0.9985775286	0.03396005566	3	4-Deoxyuridine	LSM-6181	CDA|DNMT1	10uM	MCF7	24h	LINCSCP_236516
LINCSCP_113337	-0.9985768633	0.03396799734	3	GW843682X	LSM-1014	PLK1|PLK3	10uM	HME1	3h	LINCSCP_113337
LINCSCP_137967	-0.9985760961	0.03397715461	3	Cinoxacin	LSM-6552	NA	0.37uM	MCF7	24h	LINCSCP_137967
LINCSCP_37534	0.9985743874	0.03399753976	3	Estradiol	LSM-2421	ESR1|ESR2|NR1I2	10uM	MCF7	6h	LINCSCP_37534
LINCSCP_112640	0.9985736717	0.03400607434	3	amcinonide	NA	NA	3.33uM	HEPG2	24h	LINCSCP_112640
LINCSCP_118992	-0.9985720455	0.03402545925	3	Tamibarotene	LSM-5493	RARA|RARB	0.12uM	HT29	24h	LINCSCP_118992
LINCSCP_47527	-0.9985718341	0.03402797902	3	Dilazep	LSM-3068	SLC29A1	10uM	PC3	24h	LINCSCP_47527
LINCSCP_39313	-0.9985712274	0.03403520747	3	HY-11007	LSM-1022	ABL1|BCR	1uM	MDAMB231	6h	LINCSCP_39313
LINCSCP_41258	-0.9985708584	0.03403960355	3	2-Amino-3-(2,4-dihydroxyphenyl)propanoic acid	LSM-36872	NA	10uM	NEU	6h	LINCSCP_41258
LINCSCP_14431	0.9985698352	0.03405178891	3	STK179629	LSM-2626	CHRM1	10uM	HA1E	24h	LINCSCP_14431
LINCSCP_156474	0.9985695458	0.034055235	3	UK 383367	LSM-45910	NA	10uM	PC3	24h	LINCSCP_156474
LINCSCP_3292	-0.998569325	0.03405786381	3	CHEMBL2362001	LSM-11218	NA	5uM	A375	24h	LINCSCP_3292
LINCSCP_63289	-0.998568552	0.03406706607	3	BRD-K46746423	LSM-11283	NA	5uM	VCAP	6h	LINCSCP_63289
LINCSCP_51287	0.9985681856	0.03407142608	3	LRRK2-IN-1	LSM-1086	LRRK2	1uM	SKBR3	24h	LINCSCP_51287
LINCSCP_81123	-0.9985663611	0.03409313268	3	CGP 60474	LSM-1025	CDK1	0.04uM	A549	24h	LINCSCP_81123
LINCSCP_250855	0.9985650179	0.03410910425	3	CHEMBL416418	LSM-6211	ASAH1|UGCG	3uM	MCF7	6h	LINCSCP_250855
LINCSCP_55619	-0.9985649455	0.03410996512	3	Rottlerin	LSM-42845	NA	10uM	VCAP	24h	LINCSCP_55619
LINCSCP_152277	-0.9985638962	0.03412243546	3	galantamine	NA	NA	1.11uM	PC3	24h	LINCSCP_152277
LINCSCP_63942	-0.9985627185	0.03413642742	3	BRD-K59893315	LSM-12046	NA	5uM	VCAP	6h	LINCSCP_63942
LINCSCP_2107	-0.9985615276	0.03415056983	3	CID 45006067	LSM-43074	NA	10uM	A375	6h	LINCSCP_2107
LINCSCP_186508	-0.9985611636	0.03415489234	3	BRD-K07516181	LSM-8874	NA	10uM	A375	24h	LINCSCP_186508
LINCSCP_145684	0.9985610922	0.03415573971	3	Tamatinib	LSM-1040	SYK	0.37uM	MDAMB231	3h	LINCSCP_145684
LINCSCP_8996	-0.9985601559	0.03416685328	3	BRD-K07666543	LSM-37687	NA	10uM	A549	24h	LINCSCP_8996
LINCSCP_30584	-0.9985592837	0.03417720202	3	FK 866	LSM-43216	NAMPT	0.1uM	MCF7	24h	LINCSCP_30584
LINCSCP_37575	-0.9985582695	0.03418923306	3	BRD-K68749296	LSM-12623	NA	10uM	MCF7	6h	LINCSCP_37575
LINCSCP_152898	-0.9985582332	0.03418966332	3	Calcitriol	LSM-45950	NA	0.04uM	PC3	24h	LINCSCP_152898
LINCSCP_252103	0.9985581212	0.03419099173	3	PHA-665752	LSM-42793	MET	10uM	MCF7	6h	LINCSCP_252103
LINCSCP_52393	0.9985577724	0.03419512739	3	Canertinib	LSM-1120	EGFR|ERBB2|ERBB4	10uM	SKB	24h	LINCSCP_52393
LINCSCP_34736	0.9985570117	0.03420414648	3	UNII-P41PML4GHR	LSM-3031	HRH2	10uM	MCF7	6h	LINCSCP_34736
LINCSCP_277085	0.998556642	0.03420852969	3	BRD-K66046647	LSM-40878	NA	5uM	PC3	24h	LINCSCP_277085
LINCSCP_95179	0.9985559835	0.03421633321	3	Erythromycin	LSM-3416	MLNR	0.04uM	HA1E	24h	LINCSCP_95179
LINCSCP_3450	-0.9985543169	0.03423607846	3	BRD-K29946363	LSM-38902	NA	5uM	A375	24h	LINCSCP_3450
LINCSCP_73957	-0.9985535796	0.03424480966	3	Zuclomiphene	LSM-42849	ESR1	3.33uM	A375	24h	LINCSCP_73957
LINCSCP_132456	-0.9985501273	0.03428566186	3	TWS 119	LSM-1111	GSK3B	10uM	MCF7	3h	LINCSCP_132456
LINCSCP_157491	0.9985497177	0.0342905067	3	AT13387	LSM-45514	NA	0.12uM	PC3	24h	LINCSCP_157491
LINCSCP_59921	-0.9985487893	0.03430148277	3	BRD-K78780288	LSM-41570	NA	5uM	VCAP	24h	LINCSCP_59921
LINCSCP_120124	0.9985485428	0.03430439614	3	AMG 837 (calcium hydrate)	LSM-45945	NA	0.12uM	HT29	24h	LINCSCP_120124
LINCSCP_50533	-0.9985478919	0.03431208972	3	5-(6-Aminopurin-9-yl)-2-methyltetrahydrofuran-3-ol	LSM-4354	NA	10uM	PL21	6h	LINCSCP_50533
LINCSCP_4000	-0.998546464	0.03432895931	3	E319	LSM-36677	NA	3.7uM	A375	24h	LINCSCP_4000
LINCSCP_16119	0.9985461918	0.03433217421	3	L-694247	LSM-2416	HTR1D	10uM	HA1E	6h	LINCSCP_16119
LINCSCP_4570	-0.9985451406	0.03434458686	3	PD-98059	LSM-3394	MAP2K1	10uM	A549	24h	LINCSCP_4570
LINCSCP_117531	0.9985450376	0.0343458031	3	AZ20	LSM-36357	NA	0.12uM	HT29	24h	LINCSCP_117531
LINCSCP_67046	-0.9985449165	0.03434723302	3	Wortmannin	LSM-3947	PIK3CA|PIK3CG|PLK1	10uM	HT29	24h	LINCSCP_67046
LINCSCP_142029	0.9985429928	0.03436993488	3	Nicaraven	LSM-45966	NA	0.12uM	MCF7	24h	LINCSCP_142029
LINCSCP_117445	-0.9985427452	0.03437285632	3	852475-26-4	LSM-43291	NA	1.11uM	HT29	24h	LINCSCP_117445
LINCSCP_1169	0.9985419426	0.03438232293	3	BRD-K45675241	LSM-3010	NA	10uM	A375	24h	LINCSCP_1169
LINCSCP_260409	0.9985411458	0.0343917185	3	SA-1473648	LSM-41675	NA	0.5uM	NKDBA	24h	LINCSCP_260409
LINCSCP_53014	0.9985407656	0.03439620113	3	NVP-AUY922	LSM-1162	HSP90AA1|HSP90AB1	10uM	SKLU1	6h	LINCSCP_53014
LINCSCP_23387	0.9985406073	0.0343980669	3	Linolenic acid	LSM-42939	NA	0.1uM	HEPG2	24h	LINCSCP_23387
LINCSCP_31909	0.9985405983	0.03439817318	3	ALD1-H_001119	LSM-45104	NA	10uM	MCF7	24h	LINCSCP_31909
LINCSCP_169038	0.9985405412	0.03439884667	3	AMG 487	LSM-45938	NA	10uM	YAPC	24h	LINCSCP_169038
LINCSCP_74290	0.9985403809	0.03440073605	3	CX-5461	LSM-6342	NA	0.04uM	A375	24h	LINCSCP_74290
LINCSCP_12742	-0.9985375309	0.03443431193	3	Clonidine	LSM-4223	ADRA2A|ADRA2B|ADRA2C	10uM	COV644	6h	LINCSCP_12742
LINCSCP_195276	-0.9985374161	0.0344356639	3	BRD-K09640010	LSM-9017	NA	5uM	A549	24h	LINCSCP_195276
LINCSCP_283956	-0.998537156	0.03443872671	3	Ziprasidone	LSM-5433	DRD2|HRH1|HTR1A|HTR1B|HTR1D|HTR1E|HTR2A|HTR2C|HTR7	10uM	SKB	24h	LINCSCP_283956
LINCSCP_120920	0.9985357854	0.03445486003	3	KX2-391	LSM-45890	SRC	0.37uM	HT29	24h	LINCSCP_120920
LINCSCP_1508	0.9985354101	0.03445927619	3	BJM-AF-64	LSM-2303	NA	10uM	A375	6h	LINCSCP_1508
LINCSCP_57723	-0.9985347638	0.03446688069	3	MLS002699810	LSM-4058	NA	10uM	VCAP	6h	LINCSCP_57723
LINCSCP_158855	-0.9985341721	0.03447384151	3	AC1NWAPU	LSM-1690	NR3C1	1.11uM	PC3	24h	LINCSCP_158855
LINCSCP_84969	-0.9985337569	0.03447872434	3	ZINC6718453	LSM-1198	NA	0.37uM	ASC	24h	LINCSCP_84969
LINCSCP_116359	-0.9985336929	0.03447947721	3	PF477736	LSM-1112	CHEK1	0.12uM	HT29	24h	LINCSCP_116359
LINCSCP_139452	0.9985311197	0.03450972462	3	Rabeprazole	LSM-5045	ATP4A|ATP4B	10uM	MCF7	24h	LINCSCP_139452
LINCSCP_84871	-0.9985298882	0.03452419158	3	SB-203580	LSM-1168	MAPK1|MAPK11|MAPK14	3.33uM	ASC	24h	LINCSCP_84871
LINCSCP_253838	-0.9985286118	0.03453918025	3	13-Hydroxy-8,14,19-trimethoxy-4,10,12,16-tetramethyl-3,20,22-trioxo-2-azabicyclo[16.3.1]docosa-1(21),4,6,10,18-pentaen-9-yl carbamate	LSM-42815	HSP90AA1	10uM	MCF7	24h	LINCSCP_253838
LINCSCP_187001	-0.9985268137	0.03456028308	3	Hydroxyl	LSM-44628	NA	0.5uM	A375	6h	LINCSCP_187001
LINCSCP_24509	-0.9985258745	0.03457129976	3	GSK-1070916	LSM-1062	AURKB|AURKC	10uM	HS578T	6h	LINCSCP_24509
LINCSCP_83354	0.9985258275	0.03457185167	3	C30H33N3O5S	LSM-1156	ATM	1.11uM	ASC.C	24h	LINCSCP_83354
LINCSCP_117862	0.9985256694	0.03457370624	3	Regorafenib	LSM-1226	ABL1|BRAF|DDR2|FGFR1|FGFR2|FLT1|FLT4|FRK|KDR|KIT|MAPK11|PDGFRA|PDGFRB|RAF1|RET|TEK	3.33uM	HT29	24h	LINCSCP_117862
LINCSCP_39322	-0.9985254248	0.03457657442	3	PF-562271	LSM-1072	PTK2|PTK2B	10uM	MDAMB231	6h	LINCSCP_39322
LINCSCP_19578	-0.9985254165	0.03457667184	3	L-690488	LSM-4703	IMPA1	10uM	HCC515	6h	LINCSCP_19578
LINCSCP_306189	-0.9985248494	0.03458332199	3	BRD-K99644669	LSM-14551	NA	5uM	VCAP	6h	LINCSCP_306189
LINCSCP_26576	0.9985247369	0.03458464089	3	K858	LSM-5122	KIF11	10uM	HT29	6h	LINCSCP_26576
LINCSCP_45622	-0.9985244803	0.03458764894	3	MLS003128609	LSM-3739	NA	10uM	PC3	6h	LINCSCP_45622
LINCSCP_121152	-0.9985237871	0.03459577494	3	Taranabant	LSM-45803	CNR1	3.33uM	HT29	24h	LINCSCP_121152
LINCSCP_41070	-0.9985233742	0.03460061376	3	BRD-K79102010	LSM-41589	NA	10uM	NEU	24h	LINCSCP_41070
LINCSCP_85299	0.998522438	0.03461158297	3	SU 11274	LSM-42792	MET	0.37uM	BT20	24h	LINCSCP_85299
LINCSCP_40047	-0.9985210181	0.03462821381	3	Arachidonyl Trifluoromethylketone	LSM-43275	PLA2G4A	80uM	NCIH2073	6h	LINCSCP_40047
LINCSCP_285400	0.9985200974	0.03463899337	3	SCHEMBL16980224	LSM-1092	AURKA	0.1uM	SKBR3	24h	LINCSCP_285400
LINCSCP_2461	-0.9985200472	0.03463958092	3	Pimasertib	LSM-5946	MAP2K1|MAP2K2	10uM	A375	6h	LINCSCP_2461
LINCSCP_38200	0.9985187956	0.03465422925	3	Fenbendazole	LSM-3134	TUBB	1uM	MCF7	24h	LINCSCP_38200
LINCSCP_38767	-0.9985187645	0.03465459287	3	MLS004683634	LSM-6156	NA	0.04uM	MCF7	24h	LINCSCP_38767
LINCSCP_163096	0.9985176688	0.03466741118	3	Ruxolitinib	LSM-1139	JAK1|JAK2|TYK2	0.12uM	SKBR3	24h	LINCSCP_163096
LINCSCP_17396	0.9985176249	0.03466792399	3	13-Hydroxy-8,14,19-trimethoxy-4,10,12,16-tetramethyl-3,20,22-trioxo-2-azabicyclo[16.3.1]docosa-1(21),4,6,10,18-pentaen-9-yl carbamate	LSM-42815	HSP90AA1	10uM	HA1E	24h	LINCSCP_17396
LINCSCP_161333	-0.9985172147	0.03467272209	3	Sirolimus	LSM-42783	FKBP1A|MTOR	0.37uM	PC3	24h	LINCSCP_161333
LINCSCP_57699	-0.9985157563	0.03468977322	3	KUC104495	LSM-3636	NA	10uM	VCAP	6h	LINCSCP_57699
LINCSCP_39496	-0.998515496	0.03469281578	3	BRD-A24396574-001-01-5	LSM-5006	NA	0.1uM	MDAMB231	6h	LINCSCP_39496
LINCSCP_174035	0.9985150299	0.03469826312	3	Quinapril	LSM-3620	ACE	10uM	YAPC	24h	LINCSCP_174035
LINCSCP_45286	-0.998514817	0.03470075074	3	BRD-K08878345	LSM-2179	NA	10uM	PC3	24h	LINCSCP_45286
LINCSCP_122608	-0.9985147587	0.03470143184	3	LGX818	LSM-45655	NA	10uM	HT29	24h	LINCSCP_122608
LINCSCP_151738	-0.9985136742	0.0347141015	3	761437-28-9	LSM-1208	NA	0.04uM	PC3	24h	LINCSCP_151738
LINCSCP_171695	-0.9985133307	0.0347181144	3	TAK-242	LSM-45934	NA	0.37uM	YAPC	24h	LINCSCP_171695
LINCSCP_50728	0.9985130725	0.03472112913	3	BAS 02002358	LSM-1843	GPER1	20uM	RKO	6h	LINCSCP_50728
LINCSCP_118958	-0.9985128205	0.03472407185	3	Oprozomib (ONX 0912)	LSM-45496	NA	10uM	HT29	24h	LINCSCP_118958
LINCSCP_141231	0.9985127286	0.03472514516	3	Dasatinib	LSM-1020	ABL1|BCR|BLK|EPHA2|FGR|FRK|FYN|HCK|KIT|LCK|LYN|PDGFRB|SRC|SRMS|YES1	0.12uM	MCF7	24h	LINCSCP_141231
LINCSCP_11557	-0.9985124114	0.03472884883	3	BD-1047	LSM-2810	SIGMAR1	10uM	ASC	24h	LINCSCP_11557
LINCSCP_99992	0.9985124053	0.03472891999	3	Lapatinib	LSM-1051	EGFR|ERBB2	1.11uM	HCC515	24h	LINCSCP_99992
LINCSCP_20045	-0.9985123016	0.03473013178	3	MEGXP0_000860	LSM-4309	NA	10uM	HCC515	6h	LINCSCP_20045
LINCSCP_171563	0.9985122106	0.03473119354	3	MG-132	LSM-1107	PSMB1	20uM	YAPC	24h	LINCSCP_171563
LINCSCP_65840	-0.9985118447	0.03473546534	3	BRD-K58611676	LSM-40477	NA	10uM	VCAP	6h	LINCSCP_65840
LINCSCP_253343	-0.998511574	0.03473862578	3	SA-1458026	LSM-40479	NA	3uM	MCF7	6h	LINCSCP_253343
LINCSCP_26726	0.9985113157	0.03474164049	3	Dovitinib	LSM-1127	EGFR|FGFR1|FGFR2|FGFR3|FLT1|FLT3|FLT4|KDR|KIT|PDGFRA|PDGFRB	10uM	HT29	6h	LINCSCP_26726
LINCSCP_48556	-0.9985111048	0.03474410202	3	BRD-K63455741	LSM-40744	NA	10uM	PC3	24h	LINCSCP_48556
LINCSCP_141612	-0.9985107789	0.03474790517	3	Balapiravir	LSM-45905	NA	3.33uM	MCF7	24h	LINCSCP_141612
LINCSCP_89848	0.9985104415	0.03475184177	3	PROTIRELIN	LSM-45252	NA	10uM	HA1E	24h	LINCSCP_89848
LINCSCP_85352	0.998510194	0.03475472996	3	BX 912	LSM-1055	PDK1|PDPK1	1.11uM	BT20	24h	LINCSCP_85352
LINCSCP_171979	-0.9985101577	0.03475515313	3	Cyclohexanecarboxamide, 4-(1-aminoethyl)-n-4-pyridinyl-, trans-	LSM-1177	ROCK1|ROCK2	3.33uM	YAPC	24h	LINCSCP_171979
LINCSCP_55219	-0.9985094975	0.03476285455	3	O-Demethylated Adapalene	LSM-6237	RARG	10uM	TYKNU	6h	LINCSCP_55219
LINCSCP_171241	-0.9985085869	0.0347734743	3	Ketoconazole	LSM-6434	NA	0.37uM	YAPC	24h	LINCSCP_171241
LINCSCP_222804	0.9985085331	0.0347741021	3	SGX-523	LSM-1123	MET	10uM	HS578T	6h	LINCSCP_222804
LINCSCP_39663	-0.9985081639	0.0347784066	3	TWS 119	LSM-1111	GSK3B	0.1uM	MDAMB231	6h	LINCSCP_39663
LINCSCP_129536	0.9985081226	0.03477888846	3	Allitinib	LSM-1225	NA	10uM	JURKAT	24h	LINCSCP_129536
LINCSCP_277400	-0.9985079321	0.03478110982	3	BRD-K78327149	LSM-41547	NA	5uM	PC3	24h	LINCSCP_277400
LINCSCP_62842	-0.9985077647	0.03478306079	3	BRD-K85805864	LSM-13687	NA	5uM	VCAP	6h	LINCSCP_62842
LINCSCP_12986	-0.9985075958	0.0347850302	3	Menadione	LSM-3755	NA	10uM	EFO27	6h	LINCSCP_12986
LINCSCP_173189	-0.9985066005	0.03479663044	3	Nelarabine	LSM-45931	NA	10uM	YAPC	24h	LINCSCP_173189
LINCSCP_26080	-0.9985058442	0.03480544204	3	CHEMBL1700271	LSM-2719	NA	10uM	HT29	6h	LINCSCP_26080
LINCSCP_9693	-0.9985058062	0.03480588429	3	Narciclasine	LSM-4934	RHOA	0.5uM	A549	24h	LINCSCP_9693
LINCSCP_71290	0.9985053293	0.03481143992	3	Disopyramide	LSM-1439	SCN10A|SCN11A|SCN1A|SCN2A|SCN3A|SCN4A|SCN5A|SCN7A|SCN8A|SCN9A	3.33uM	A375	24h	LINCSCP_71290
LINCSCP_51590	0.99850487	0.03481678998	3	Tamatinib	LSM-1040	SYK	1uM	SKBR3	6h	LINCSCP_51590
LINCSCP_160988	0.9985048129	0.03481745466	3	SPECTRUM1505012	LSM-1773	CYP19A1	10uM	PC3	24h	LINCSCP_160988
LINCSCP_74484	0.9985043264	0.03482312028	3	Alaproclate	LSM-1333	SLC6A4	1.11uM	A375	24h	LINCSCP_74484
LINCSCP_38437	0.9985030901	0.03483751246	3	Trichostatin A, Streptomyces Sp.	LSM-42814	HDAC1|HDAC10|HDAC3|HDAC4|HDAC6|HDAC7|HDAC8	1.11uM	MCF7	24h	LINCSCP_38437
LINCSCP_99424	0.9985019009	0.03485135161	3	AZD-1152-HQPA	LSM-1067	AURKA|AURKB	0.12uM	HCC515	24h	LINCSCP_99424
LINCSCP_44812	0.9985017502	0.03485310509	3	BMY45778	LSM-3901	PTGIR	10uM	PC3	6h	LINCSCP_44812
LINCSCP_18681	-0.9985007835	0.03486435041	3	181144-66-1	LSM-2180	NA	10uM	HCC515	6h	LINCSCP_18681
LINCSCP_197911	0.9985001003	0.03487229526	3	BRD-K80666761	LSM-13361	NA	5uM	A549	24h	LINCSCP_197911
LINCSCP_10008	-0.9984997923	0.03487587655	3	Wortmannin	LSM-3947	PIK3CA|PIK3CG|PLK1	10uM	A549	24h	LINCSCP_10008
LINCSCP_201010	-0.9984997736	0.03487609316	3	BRD-K80553643	LSM-14944	NA	10uM	A549	24h	LINCSCP_201010
LINCSCP_163697	-0.9984997125	0.03487680335	3	AT-7519	LSM-1004	CDK1|CDK10|CDK11B|CDK12|CDK13|CDK14|CDK15|CDK16|CDK17|CDK18|CDK19|CDK2|CDK20|CDK3|CDK4|CDK5|CDK6|CDK7|CDK8|CDK9	1.11uM	SKBR3	24h	LINCSCP_163697
LINCSCP_129637	-0.998499598	0.03487813447	3	FR-180204	LSM-42790	MAPK1|MAPK3	10uM	JURKAT	24h	LINCSCP_129637
LINCSCP_1497	-0.9984994946	0.03487933707	3	KUC104487	LSM-2155	NA	10uM	A375	6h	LINCSCP_1497
LINCSCP_11279	-0.9984993904	0.03488054845	3	Rimexolone	LSM-2685	NR3C1	10uM	ASC	24h	LINCSCP_11279
LINCSCP_134305	-0.9984993376	0.03488116271	3	TIE2 Kinase Inhibitor	LSM-1194	NA	0.12uM	MCF7	24h	LINCSCP_134305
LINCSCP_53917	-0.9984987515	0.0348879751	3	BMS-536924	LSM-1210	IGF1R	10uM	SNUC5	6h	LINCSCP_53917
LINCSCP_11574	-0.9984976426	0.03490086074	3	Sulfisoxazole	LSM-3120	NA	10uM	ASC	24h	LINCSCP_11574
LINCSCP_17039	-0.9984970303	0.03490797349	3	Kepone	LSM-36918	NA	20uM	HA1E	24h	LINCSCP_17039
LINCSCP_134571	0.9984961295	0.03491843607	3	Licochalcone A	LSM-46030	NA	0.04uM	MCF7	24h	LINCSCP_134571
LINCSCP_169339	0.9984954195	0.03492667933	3	GDC-0834 (Racemate)	LSM-45549	NA	3.33uM	YAPC	24h	LINCSCP_169339
LINCSCP_6586	0.9984946595	0.03493550183	3	RG7227, ITMN-191, RO5190591, 850876-88-9	LSM-43182	NA	10uM	A549	6h	LINCSCP_6586
LINCSCP_170845	0.9984943279	0.0349393509	3	MG-132	LSM-1107	PSMB1	20uM	YAPC	24h	LINCSCP_170845
LINCSCP_32665	0.9984931488	0.03495303238	3	Retinol	LSM-43173	RXRA|RXRB|RXRG	10uM	MCF7	6h	LINCSCP_32665
LINCSCP_25813	-0.9984930251	0.03495446686	3	PF-04217903	LSM-1166	MET	40uM	HT29	6h	LINCSCP_25813
LINCSCP_157858	-0.9984928913	0.03495601943	3	Dacomitinib	LSM-42808	EGFR|ERBB2|ERBB3|ERBB4	3.33uM	PC3	24h	LINCSCP_157858
LINCSCP_11663	-0.998492321	0.03496263394	3	Saracatinib	LSM-1032	ABL1|SRC	0.5uM	BT20	24h	LINCSCP_11663
LINCSCP_100619	0.9984922634	0.0349633015	3	CHEMBL3347630	LSM-43292	NA	0.37uM	HCC515	24h	LINCSCP_100619
LINCSCP_130732	0.9984913483	0.03497391367	3	Nilotinib	LSM-1099	ABL1|BCR|KIT	0.04uM	MCF10A	24h	LINCSCP_130732
LINCSCP_34432	-0.9984905867	0.03498274229	3	Armodafinil	LSM-1343	SLC6A3	10uM	MCF7	24h	LINCSCP_34432
LINCSCP_18344	-0.9984905722	0.0349829103	3	CGP13501	LSM-4158	GABBR1	10uM	HCC515	24h	LINCSCP_18344
LINCSCP_247	-0.9984897161	0.03499283211	3	SPECTRUM_000011	LSM-1767	NA	10uM	A375	24h	LINCSCP_247
LINCSCP_172139	-0.9984890883	0.03500010616	3	Meclizine	LSM-1607	HRH1|NR1I3	10uM	YAPC	24h	LINCSCP_172139
LINCSCP_80234	-0.9984882223	0.03501013716	3	Linifanib	LSM-1183	CSF1R|FLT1|FLT3|FLT4|KDR|PDGFRA|PDGFRB	10uM	A375	24h	LINCSCP_80234
LINCSCP_206	0.9984881658	0.03501079232	3	Metrizamide	LSM-1575	NA	10uM	A375	24h	LINCSCP_206
LINCSCP_107003	0.9984880446	0.0350121954	3	ABT-199 (GDC-0199)	LSM-45468	BCL2	1.11uM	HELA	24h	LINCSCP_107003
LINCSCP_6882	-0.9984875954	0.03501739794	3	Oxibendazole	LSM-3153	TUBB	10uM	A549	24h	LINCSCP_6882
LINCSCP_129203	0.9984874343	0.03501926301	3	BX-795	LSM-1189	PDK1|PDPK1	10uM	HUVEC	24h	LINCSCP_129203
LINCSCP_53744	-0.9984859084	0.03503692695	3	Phorbol 12-myristate-13-acetate	LSM-4341	PRKCA	10uM	SNUC4	6h	LINCSCP_53744
LINCSCP_250612	-0.9984847907	0.03504985953	3	Chaetocin	LSM-6198	SUV39H1	0.01uM	MCF7	6h	LINCSCP_250612
LINCSCP_92227	-0.998484523	0.0350529568	3	AZD4547	LSM-6308	NA	0.37uM	HA1E	24h	LINCSCP_92227
LINCSCP_131887	0.9984843334	0.03505515023	3	Vemurafenib	LSM-1068	BRAF	3.33uM	MCF7	24h	LINCSCP_131887
LINCSCP_278114	-0.9984839313	0.03505980128	3	BRD-K31112909	LSM-10307	NA	10uM	PC3	24h	LINCSCP_278114
LINCSCP_176583	-0.9984838521	0.03506071719	3	SCHEMBL10583556	LSM-1657	PTGS1|PTGS2	10uM	A375	6h	LINCSCP_176583
LINCSCP_4685	-0.9984826285	0.03507486574	3	AG 14361	LSM-1988	PARP1	20uM	A549	6h	LINCSCP_4685
LINCSCP_65707	-0.9984821865	0.03507997448	3	BRD-K81646882	LSM-41730	NA	10uM	VCAP	24h	LINCSCP_65707
LINCSCP_75428	0.99848131	0.03509010504	3	CGP-12177	LSM-1474	NA	10uM	A375	24h	LINCSCP_75428
LINCSCP_164537	-0.9984812949	0.03509027962	3	Infigratinib	LSM-1184	FGFR1|FGFR2|FGFR3|FGFR4	1.11uM	SKL.C	24h	LINCSCP_164537
LINCSCP_36564	-0.9984807387	0.0350967057	3	PF-562271	LSM-1072	PTK2|PTK2B	0.1uM	MCF7	24h	LINCSCP_36564
LINCSCP_53703	0.9984807156	0.03509697316	3	423735-93-7	LSM-3308	NA	10uM	SNU1040	6h	LINCSCP_53703
LINCSCP_254552	0.9984806756	0.03509743465	3	SA-1456625	LSM-41910	NA	1uM	MCF7	6h	LINCSCP_254552
LINCSCP_129985	-0.9984801193	0.03510386123	3	noscapine	NA	NA	3.33uM	LNCAP	24h	LINCSCP_129985
LINCSCP_120432	-0.9984796884	0.0351088391	3	Halofantrine	LSM-5072	NA	3.33uM	HT29	24h	LINCSCP_120432
LINCSCP_120830	-0.9984784139	0.03512355587	3	AZD4547	LSM-6308	NA	0.37uM	HT29	24h	LINCSCP_120830
LINCSCP_28499	-0.9984783685	0.0351240793	3	BRD-K11533227	LSM-36781	NA	3.33uM	HT29	24h	LINCSCP_28499
LINCSCP_29307	0.998478354	0.03512424703	3	GW 405833	LSM-2217	CNR2	40uM	LOVO	6h	LINCSCP_29307
LINCSCP_75044	-0.998477937	0.03512906028	3	Pimozide	LSM-2001	DRD1|DRD2|DRD3|DRD4|DRD5|HTR2A	0.37uM	A375	24h	LINCSCP_75044
LINCSCP_41332	0.9984774668	0.03513448787	3	CCG-208021	LSM-44629	GNPTAB	10uM	NEU	24h	LINCSCP_41332
LINCSCP_9154	-0.9984766804	0.03514356202	3	Ingenol 3,20-dibenzoate	LSM-4445	PRKCD|PRKCE	10uM	A549	24h	LINCSCP_9154
LINCSCP_77578	0.9984765371	0.03514521628	3	pancuronium	LSM-45391	NA	0.04uM	A375	24h	LINCSCP_77578
LINCSCP_134199	0.9984755501	0.03515660122	3	CC-401	LSM-1186	NA	10uM	MCF7	24h	LINCSCP_134199
LINCSCP_161673	0.9984754398	0.0351578731	3	Albendazole	LSM-3782	NA	3.33uM	PC3	24h	LINCSCP_161673
LINCSCP_64576	0.99847538	0.03515856327	3	13-Methyl-7-[9-(4,4,5,5,5-pentafluoropentylsulfinyl)nonyl]-6,7,8,9,11,12,14,15,16,17-decahydrocyclopenta[a]phenanthrene-3,17-diol	LSM-1895	ESR1	1uM	VCAP	6h	LINCSCP_64576
LINCSCP_29263	0.9984744985	0.03516872818	3	THR1 Inhibitor, 2	LSM-1445	BTK	100uM	LOVO	6h	LINCSCP_29263
LINCSCP_106488	-0.9984732261	0.03518339618	3	Loperamide	LSM-3365	OPRD1|OPRM1	0.12uM	HELA	24h	LINCSCP_106488
LINCSCP_43531	0.9984729922	0.03518609201	3	Verapamil	LSM-1298	CACNA1C|CACNA1D|CACNA1F|CACNA1G|CACNA1S	10uM	NPC	6h	LINCSCP_43531
LINCSCP_46677	-0.9984720513	0.03519693351	3	CHROMOMYCIN-A3	LSM-4968	NA	10uM	PC3	24h	LINCSCP_46677
LINCSCP_134007	-0.9984714577	0.03520377083	3	HY-11007	LSM-1022	ABL1|BCR	10uM	MCF7	24h	LINCSCP_134007
LINCSCP_116987	0.9984711328	0.03520751289	3	KW-2449	LSM-42803	ABL1|AURKA|AURKB|FLT3	0.12uM	HT29	24h	LINCSCP_116987
LINCSCP_103768	-0.9984706952	0.03521255223	3	FK 866	LSM-43216	NAMPT	0.04uM	HELA	24h	LINCSCP_103768
LINCSCP_38105	0.9984703128	0.03521695539	3	W 7	LSM-4021	NA	0.5uM	MCF7	6h	LINCSCP_38105
LINCSCP_30232	-0.9984702167	0.03521806222	3	Rhodomyrtoxin B	LSM-1285	SLCO1B3	10uM	MCF7	24h	LINCSCP_30232
LINCSCP_124329	-0.9984696322	0.03522479099	3	MLN9708	LSM-45406	NA	0.12uM	HT29	24h	LINCSCP_124329
LINCSCP_16993	-0.9984695425	0.03522582433	3	BRD-K69603398	LSM-41060	NA	10uM	HA1E	6h	LINCSCP_16993
LINCSCP_21711	-0.9984691838	0.03522995269	3	CHEMBL1222381	LSM-6252	NA	80uM	HEPG2	6h	LINCSCP_21711
LINCSCP_88642	-0.9984686831	0.03523571591	3	KU-55933	LSM-1074	ATM	3.33uM	HA1E	24h	LINCSCP_88642
LINCSCP_70217	-0.9984678119	0.03524573932	3	BIX01294	LSM-4571	EHMT2	1.11uM	A375	24h	LINCSCP_70217
LINCSCP_23279	-0.9984669248	0.03525594392	3	BRD-K88217904	LSM-6162	NA	10uM	HEPG2	6h	LINCSCP_23279
LINCSCP_70427	0.9984667858	0.03525754314	3	HY-11007	LSM-1022	ABL1|BCR	0.12uM	A375	24h	LINCSCP_70427
LINCSCP_160556	0.9984666703	0.03525887104	3	SGI-1776	LSM-6307	PIM1|PIM2|PIM3	10uM	PC3	24h	LINCSCP_160556
LINCSCP_18162	-0.9984654425	0.03527298831	3	CGP-37157	LSM-1484	SLC8A1	10uM	HCC515	24h	LINCSCP_18162
LINCSCP_167894	-0.9984632156	0.03529857893	3	Clioquinol	LSM-2186	NA	10uM	YAPC	24h	LINCSCP_167894
LINCSCP_128701	0.9984628906	0.03530231278	3	KU-55933	LSM-1074	ATM	10uM	HUVEC	24h	LINCSCP_128701
LINCSCP_133470	0.9984624674	0.03530717304	3	Doramapimod	LSM-1170	MAPK11|MAPK12|MAPK14	0.12uM	MCF7	24h	LINCSCP_133470
LINCSCP_42566	-0.998461484	0.03531846525	3	AMG-9810	LSM-2953	TRPV1	10uM	NPC	24h	LINCSCP_42566
LINCSCP_94906	-0.9984614326	0.03531905501	3	MG-132	LSM-1107	PSMB1	20uM	HA1E	24h	LINCSCP_94906
LINCSCP_51254	-0.9984609641	0.03532443353	3	Tamoxifen	LSM-42959	ESR1|ESR2	30uM	RMUGS	6h	LINCSCP_51254
LINCSCP_209947	-0.9984609488	0.03532460978	3	ASN 05257430	LSM-2975	NA	10uM	HA1E	24h	LINCSCP_209947
LINCSCP_8111	-0.998459307	0.03534345088	3	BRD-K18913711	LSM-38283	NA	5uM	A549	24h	LINCSCP_8111
LINCSCP_220708	-0.9984589882	0.03534710814	3	BAY 59-3074	LSM-2414	CNR1|CNR2	10uM	HEPG2	6h	LINCSCP_220708
LINCSCP_7899	-0.9984573463	0.03536593841	3	SMR000197751	LSM-43333	NA	10uM	A549	24h	LINCSCP_7899
LINCSCP_100601	-0.9984559025	0.03538248914	3	GSK 525762A	LSM-6334	NA	0.37uM	HCC515	24h	LINCSCP_100601
LINCSCP_260523	-0.9984556113	0.03538582608	3	BRD-K28288650	LSM-15080	NA	10uM	NKDBA	24h	LINCSCP_260523
LINCSCP_7803	0.9984550583	0.03539216245	3	SA-424936	LSM-38729	NA	10uM	A549	24h	LINCSCP_7803
LINCSCP_112937	0.9984544334	0.03539932116	3	Veliparib	LSM-1146	PARP1|PARP2	0.04uM	HEPG2	24h	LINCSCP_112937
LINCSCP_138226	-0.9984537372	0.03540729511	3	Dronedarone HCl	LSM-45428	CACNA1C|CACNA1D|CACNA1F|CACNA1S|HCN4|KCNJ2|SCN10A|SCN11A|SCN1A|SCN2A|SCN3A|SCN4A|SCN5A|SCN7A|SCN8A|SCN9A	0.12uM	MCF7	24h	LINCSCP_138226
LINCSCP_34386	0.9984532143	0.0354132835	3	Lincomycin	LSM-5602	NA	10uM	MCF7	6h	LINCSCP_34386
LINCSCP_41707	-0.9984522125	0.03542475187	3	BRD-K07569193	LSM-8880	NA	3uM	NKDBA	24h	LINCSCP_41707
LINCSCP_70466	-0.9984522104	0.03542477617	3	GW-5074	LSM-42779	RAF1	1.11uM	A375	24h	LINCSCP_70466
LINCSCP_131353	0.9984512714	0.03543552309	3	AT-7519	LSM-1004	CDK1|CDK10|CDK11B|CDK12|CDK13|CDK14|CDK15|CDK16|CDK17|CDK18|CDK19|CDK2|CDK20|CDK3|CDK4|CDK5|CDK6|CDK7|CDK8|CDK9	0.04uM	MCF10A	24h	LINCSCP_131353
LINCSCP_86106	-0.9984511446	0.03543697372	3	13-Hydroxy-8,14,19-trimethoxy-4,10,12,16-tetramethyl-3,20,22-trioxo-2-azabicyclo[16.3.1]docosa-1(21),4,6,10,18-pentaen-9-yl carbamate	LSM-42815	HSP90AA1	10uM	BT20	24h	LINCSCP_86106
LINCSCP_17795	-0.9984490119	0.03546136984	3	79966-13-5	LSM-6665	NA	10uM	HCC15	6h	LINCSCP_17795
LINCSCP_97600	-0.9984487944	0.03546385634	3	Doramapimod	LSM-1170	MAPK11|MAPK12|MAPK14	0.04uM	HA1E	24h	LINCSCP_97600
LINCSCP_196030	-0.9984485168	0.03546703057	3	BRD-K73336648	LSM-12922	NA	5uM	A549	24h	LINCSCP_196030
LINCSCP_5215	0.9984483797	0.03546859808	3	MLS003153121	LSM-2123	NA	10uM	A549	6h	LINCSCP_5215
LINCSCP_17062	-0.9984462144	0.03549334422	3	(S)-Zearalenone	LSM-44632	NA	20uM	HA1E	6h	LINCSCP_17062
LINCSCP_268482	-0.9984461271	0.03549434164	3	MLS002264395	LSM-3615	NA	10uM	PC3	6h	LINCSCP_268482
LINCSCP_102941	-0.9984458164	0.03549789056	3	Mubritinib (TAK 165)	LSM-45710	ERBB2	1.11uM	HELA	24h	LINCSCP_102941
LINCSCP_235087	-0.9984453954	0.03550269909	3	CHEMBL3188944	LSM-6296	NA	0.5uM	MCF10A	6h	LINCSCP_235087
LINCSCP_83356	-0.9984440726	0.03551780416	3	C30H33N3O5S	LSM-1156	ATM	0.12uM	ASC.C	24h	LINCSCP_83356
LINCSCP_84003	-0.9984425285	0.03553542814	3	Veliparib	LSM-1146	PARP1|PARP2	0.04uM	ASC.C	24h	LINCSCP_84003
LINCSCP_284061	0.9984417287	0.0355445534	3	vinorelbine	NA	TUBB	10uM	SKB	24h	LINCSCP_284061
LINCSCP_139535	0.9984416499	0.03554545236	3	Triclosan	LSM-2929	DNMT1	0.04uM	MCF7	24h	LINCSCP_139535
LINCSCP_59365	-0.9984407675	0.03555551793	3	BRD-K60067222	LSM-40556	NA	10uM	VCAP	6h	LINCSCP_59365
LINCSCP_68409	-0.9984385673	0.03558060141	3	Thioridazine	LSM-1863	DRD1|DRD2|DRD3|DRD4|HTR2A|HTR2C	10uM	VCAP	6h	LINCSCP_68409
LINCSCP_11107	-0.9984384804	0.03558159177	3	XMD-1185H	LSM-42731	NA	10uM	ASC	24h	LINCSCP_11107
LINCSCP_61198	-0.9984380886	0.03558605577	3	BRD-K14558018	LSM-9312	NA	5uM	VCAP	24h	LINCSCP_61198
LINCSCP_116133	0.9984367922	0.03560082587	3	LRRK2-IN-1	LSM-1086	LRRK2	0.04uM	HS578T	3h	LINCSCP_116133
LINCSCP_13946	-0.9984362074	0.03560748571	3	Strophanthidin	LSM-3891	ATP1A1	10uM	HA1E	6h	LINCSCP_13946
LINCSCP_64775	0.998434876	0.03562264405	3	CHEMBL2355883	LSM-39766	NA	10uM	VCAP	6h	LINCSCP_64775
LINCSCP_30687	-0.9984346257	0.03562549318	3	SMR000075319	LSM-6371	KPNB1	60uM	MCF7	6h	LINCSCP_30687
LINCSCP_118988	-0.9984346026	0.03562575691	3	Tamibarotene	LSM-5493	RARA|RARB	10uM	HT29	24h	LINCSCP_118988
LINCSCP_50720	-0.998434528	0.03562660584	3	YK 4-279	LSM-4933	DHX9|FLI1	10uM	RKO	6h	LINCSCP_50720
LINCSCP_107467	0.9984342352	0.03562993829	3	NEFIRACETAM	LSM-45762	NA	0.12uM	HELA	24h	LINCSCP_107467
LINCSCP_192857	-0.99843268	0.03564763344	3	CHEMBL198368	LSM-1382	SLC1A2	10uM	A549	6h	LINCSCP_192857
LINCSCP_28091	-0.9984326534	0.0356479351	3	BRD-K59341874	LSM-40516	NA	5uM	HT29	24h	LINCSCP_28091
LINCSCP_48249	-0.9984325535	0.03564907243	3	BRD-K62473229	LSM-12224	NA	5uM	PC3	24h	LINCSCP_48249
LINCSCP_55622	0.9984319378	0.03565607415	3	ZK 164015	LSM-2085	NA	10uM	VCAP	24h	LINCSCP_55622
LINCSCP_1180	-0.9984315989	0.03565992854	3	SMR000009277	LSM-3264	NA	10uM	A375	24h	LINCSCP_1180
LINCSCP_86699	0.9984309505	0.03566730119	3	Masitinib	LSM-1130	FGFR3|KIT|LYN|PDGFRA|PDGFRB	0.37uM	CD34	24h	LINCSCP_86699
LINCSCP_34536	0.9984304952	0.03567247662	3	Lofexidine	LSM-4951	ADRA2A	10uM	MCF7	6h	LINCSCP_34536
LINCSCP_145127	0.9984299102	0.03567912596	3	Seliciclib	LSM-1001	CDK1|CDK2|CDK5|CDK7|CDK9	1.11uM	MDAMB231	3h	LINCSCP_145127
LINCSCP_90388	0.9984294203	0.0356846929	3	Tamibarotene	LSM-5493	RARA|RARB	3.33uM	HA1E	24h	LINCSCP_90388
LINCSCP_173466	0.9984286167	0.03569382353	3	Macitentan	LSM-45420	EDNRA|EDNRB	3.33uM	YAPC	24h	LINCSCP_173466
LINCSCP_119875	0.9984283553	0.03569679289	3	Castanospermine	LSM-45891	NA	10uM	HT29	24h	LINCSCP_119875
LINCSCP_276298	-0.9984277607	0.03570354727	3	BRD-K96543798-001-02-1	LSM-14350	NA	5uM	PC3	24h	LINCSCP_276298
LINCSCP_11061	-0.9984275704	0.03570570834	3	Erlotinib	LSM-1097	EGFR	10uM	ASC	24h	LINCSCP_11061
LINCSCP_116824	-0.9984273271	0.03570847112	3	QL47	LSM-6019	BMX|BTK	3.33uM	HT29	24h	LINCSCP_116824
LINCSCP_172859	-0.9984272947	0.03570883954	3	NXY 059	LSM-45683	NA	0.12uM	YAPC	24h	LINCSCP_172859
LINCSCP_120708	0.9984272	0.03570991392	3	Piretanide	LSM-3959	SLC12A1|SLC12A2	3.33uM	HT29	24h	LINCSCP_120708
LINCSCP_63773	-0.9984269944	0.03571224845	3	BRD-K07790303	LSM-8897	NA	5uM	VCAP	6h	LINCSCP_63773
LINCSCP_133549	0.9984266247	0.03571644681	3	GSK-3 Inhibitor II	LSM-1030	GSK3B	0.04uM	MCF7	24h	LINCSCP_133549
LINCSCP_6872	0.9984263933	0.035719074	3	Famciclovir	LSM-2990	NA	10uM	A549	24h	LINCSCP_6872
LINCSCP_42456	-0.998425287	0.03573163049	3	MLS001173269	LSM-3752	NA	10uM	NPC	24h	LINCSCP_42456
LINCSCP_37677	-0.9984248948	0.03573608124	3	Tolazamide	LSM-2699	ABCC8|KCNJ11	3uM	MCF7	24h	LINCSCP_37677
LINCSCP_85985	0.9984246097	0.03573931549	3	PD-173074	LSM-1026	FGFR1|FGFR3	0.04uM	BT20	24h	LINCSCP_85985
LINCSCP_113748	0.9984241645	0.03574436667	3	CHEMBL3182395	LSM-1164	MAP2K5|MAPK7	0.04uM	HME1	24h	LINCSCP_113748
LINCSCP_26023	0.998423347	0.03575363923	3	MLS001065913	LSM-3633	NA	10uM	HT29	6h	LINCSCP_26023
LINCSCP_29730	-0.9984229335	0.03575832876	3	A-443654	LSM-1045	AKT1|AKT2	1uM	MCF10A	6h	LINCSCP_29730
LINCSCP_122610	-0.9984215162	0.03577439778	3	LGX818	LSM-45655	NA	1.11uM	HT29	24h	LINCSCP_122610
LINCSCP_104717	-0.9984210003	0.03578024432	3	BMY-14802	LSM-1339	HTR1A	10uM	HELA	24h	LINCSCP_104717
LINCSCP_42162	-0.9984209343	0.03578099218	3	Patupilone	LSM-43208	TUBB	10uM	NPC	24h	LINCSCP_42162
LINCSCP_68827	0.998420763	0.03578293371	3	LY-294002	LSM-2597	MTOR|PIK3CA|PIK3CB|PIK3CD|PIK3CG|PLK1|PRKDC	0.1uM	VCAP	24h	LINCSCP_68827
LINCSCP_13771	0.9984204301	0.0357867057	3	Phenylacetohydroxamic acid	LSM-3659	NA	10uM	HA1E	24h	LINCSCP_13771
LINCSCP_47381	0.9984201371	0.03579002593	3	BRD-A94793051-001-01-0	LSM-5185	AR|ESR1|PGR	10uM	PC3	6h	LINCSCP_47381
LINCSCP_21395	-0.9984191986	0.03580065801	3	BSPBIO_001592	LSM-43102	PTGS1|PTGS2	50uM	HEC108	6h	LINCSCP_21395
LINCSCP_98427	-0.9984181819	0.03581217151	3	Retigabine	LSM-45405	KCNQ1|KCNQ2|KCNQ3|KCNQ4|KCNQ5	3.33uM	HA1E	24h	LINCSCP_98427
LINCSCP_51973	0.9984176689	0.03581798019	3	CHEMBL214378	LSM-36991	NA	1uM	SKBR3	6h	LINCSCP_51973
LINCSCP_100884	-0.9984175347	0.03581949921	3	galantamine	NA	NA	10uM	HCC515	24h	LINCSCP_100884
LINCSCP_52670	-0.9984172458	0.0358227697	3	DMP-543	LSM-3999	NA	10uM	SKB	24h	LINCSCP_52670
LINCSCP_14784	-0.9984161853	0.0358347716	3	SCHEMBL3363896	LSM-3789	ENTPD1|ENTPD2|ENTPD3	10uM	HA1E	24h	LINCSCP_14784
LINCSCP_26231	-0.9984161735	0.03583490561	3	Cis-N,N-Dimethyl-9-(3-(1-Piperazinyl)Propylidene)Thioxanthene-2-Sulfonamide	LSM-43212	HTR2A	10uM	HT29	6h	LINCSCP_26231
LINCSCP_45459	0.998415949	0.03583744501	3	MLS003153121	LSM-2123	NA	10uM	PC3	24h	LINCSCP_45459
LINCSCP_1662	0.9984158944	0.03583806336	3	MLS002264477	LSM-4186	NA	10uM	A375	6h	LINCSCP_1662
LINCSCP_87660	-0.9984158272	0.03583882324	3	Dovitinib	LSM-1127	EGFR|FGFR1|FGFR2|FGFR3|FLT1|FLT3|FLT4|KDR|KIT|PDGFRA|PDGFRB	3.33uM	HA1E	24h	LINCSCP_87660
LINCSCP_148926	0.9984143178	0.03585589735	3	Mocetinostat	LSM-5344	HDAC1|HDAC11|HDAC2|HDAC3|HDAC8	10uM	NPC	24h	LINCSCP_148926
LINCSCP_8532	0.9984139659	0.03585987736	3	BRD-K62732905	LSM-12236	NA	5uM	A549	24h	LINCSCP_8532
LINCSCP_11011	0.9984123279	0.03587839492	3	Mocetinostat	LSM-5344	HDAC1|HDAC11|HDAC2|HDAC3|HDAC8	10uM	ASC	24h	LINCSCP_11011
LINCSCP_83915	-0.9984101278	0.03590325128	3	GSK-2334470	LSM-1222	PDK1|PDPK1	3.33uM	ASC.C	24h	LINCSCP_83915
LINCSCP_151248	0.9984100029	0.03590466285	3	C24H25CLFN5O3	LSM-42794	EGFR|ERBB2|ERBB4	0.04uM	PC3	24h	LINCSCP_151248
LINCSCP_224757	-0.9984094336	0.03591109151	3	ML213	LSM-1324	KCNQ4	10uM	HT29	6h	LINCSCP_224757
LINCSCP_211000	-0.9984090172	0.03591579295	3	MLS001065831	LSM-4040	NA	10uM	HA1E	6h	LINCSCP_211000
LINCSCP_32879	-0.9984090023	0.03591596173	3	Mephentermine	LSM-2396	ADRA1A|ADRA1B|ADRA1D|ADRA2A|ADRA2B|ADRA2C|ADRB1|ADRB2|ADRB3	10uM	MCF7	24h	LINCSCP_32879
LINCSCP_170688	-0.9984079378	0.03592797713	3	Camptothecin	LSM-4611	TOP1	1.11uM	YAPC	24h	LINCSCP_170688
LINCSCP_34041	-0.99840653	0.03594386295	3	BRD-K54674054	LSM-40265	NA	10uM	MCF7	6h	LINCSCP_34041
LINCSCP_8627	-0.9984064872	0.03594434615	3	BRD-K44699604	LSM-11146	NA	5uM	A549	24h	LINCSCP_8627
LINCSCP_56423	-0.9984058726	0.03595127932	3	L-161,982	LSM-2875	PTGER4	10uM	VCAP	24h	LINCSCP_56423
LINCSCP_55251	-0.9984041215	0.03597102454	3	Avicin-G	LSM-44622	NA	0.5uM	U266	24h	LINCSCP_55251
LINCSCP_63084	-0.9984030676	0.03598290295	3	BRD-K46574442	LSM-11271	NA	5uM	VCAP	24h	LINCSCP_63084
LINCSCP_85172	-0.9984028986	0.03598480805	3	WZ3105	LSM-5970	CLK2|CSNK1E|FLT3|ULK1	1.11uM	BT20	24h	LINCSCP_85172
LINCSCP_68985	-0.9984025201	0.03598907281	3	Tozasertib	LSM-1021	ABL1|AURKA|AURKB|AURKC|BCR|FLT3|JAK2	10uM	A375	24h	LINCSCP_68985
LINCSCP_132771	-0.9984020058	0.03599486651	3	Radicicol	LSM-43303	NA	0.12uM	MCF7	24h	LINCSCP_132771
LINCSCP_48339	-0.9984018749	0.03599634107	3	BRD-K75512942	LSM-41381	NA	5uM	PC3	24h	LINCSCP_48339
LINCSCP_75398	-0.9984013001	0.03600281612	3	Reboxetine mesylate	LSM-45556	NA	10uM	A375	24h	LINCSCP_75398
LINCSCP_3310	-0.9984012402	0.03600349047	3	BRD-K34160774	LSM-10492	NA	5uM	A375	24h	LINCSCP_3310
LINCSCP_95156	0.9984005325	0.03601146055	3	Lomerizine	LSM-5717	NA	10uM	HA1E	24h	LINCSCP_95156
LINCSCP_54682	0.9984001476	0.03601579382	3	BAS 00631343	LSM-6284	NA	10uM	SW948	6h	LINCSCP_54682
LINCSCP_153677	0.9983988866	0.03602998892	3	Levosalbutamol	LSM-5480	ADRB2	0.04uM	PC3	24h	LINCSCP_153677
LINCSCP_118455	-0.9983988728	0.03603014448	3	Hoechst 33258	LSM-45280	NA	10uM	HT29	24h	LINCSCP_118455
LINCSCP_267544	0.9983986794	0.03603232088	3	3,5-Dimethoxy-n-(1H-1,2,4-triazol-3-yl)benzamide	LSM-1974	NA	10uM	PC3	24h	LINCSCP_267544
LINCSCP_181645	0.9983984664	0.03603471786	3	BRD-K66771647	LSM-12497	NA	5uM	A375	24h	LINCSCP_181645
LINCSCP_64365	-0.9983982766	0.03603685396	3	BRD-K13559922	LSM-37967	NA	5uM	VCAP	6h	LINCSCP_64365
LINCSCP_4369	-0.9983968033	0.03605342752	3	Daidzein	LSM-2935	NA	10uM	A549	6h	LINCSCP_4369
LINCSCP_492	0.9983960827	0.03606153151	3	Chelidonine	LSM-2715	NA	10uM	A375	6h	LINCSCP_492
LINCSCP_30786	-0.9983952758	0.0360706044	3	DG-041	LSM-43279	PTGER3	40uM	MCF7	6h	LINCSCP_30786
LINCSCP_8507	0.9983947148	0.03607691065	3	BRD-K48296029	LSM-11366	NA	5uM	A549	24h	LINCSCP_8507
LINCSCP_179791	0.9983944704	0.03607965681	3	RS-16566	LSM-3814	NA	10uM	A375	6h	LINCSCP_179791
LINCSCP_30151	0.9983944014	0.03608043231	3	Fluphenazine	LSM-3226	DRD1|DRD2	1uM	MCF7	6h	LINCSCP_30151
LINCSCP_156174	-0.9983941152	0.0360836495	3	Cinoxacin	LSM-6552	NA	0.04uM	PC3	24h	LINCSCP_156174
LINCSCP_109359	-0.9983939577	0.03608541902	3	Levamisole	LSM-6655	NA	10uM	HELA	24h	LINCSCP_109359
LINCSCP_63463	0.99839379	0.03608730302	3	BRD-K83757561	LSM-13550	NA	5uM	VCAP	6h	LINCSCP_63463
LINCSCP_253142	-0.9983936808	0.03608853004	3	NSC95397	LSM-3521	NA	3uM	MCF7	24h	LINCSCP_253142
LINCSCP_28802	0.9983924177	0.03610272023	3	CHEMBL2136392	LSM-6835	NA	3uM	HUH7	24h	LINCSCP_28802
LINCSCP_87934	0.9983912772	0.03611552812	3	GW843682X	LSM-1014	PLK1|PLK3	1.11uM	HA1E	24h	LINCSCP_87934
LINCSCP_75386	0.998390655	0.03612251306	3	Cilomilast	LSM-45782	NA	10uM	A375	24h	LINCSCP_75386
LINCSCP_168300	-0.9983903209	0.03612626375	3	Praziquantel	LSM-1387	NA	0.04uM	YAPC	24h	LINCSCP_168300
LINCSCP_824	0.9983886896	0.03614456991	3	Navitoclax	LSM-4738	BCL2|BCL2L1|BCL2L2	10uM	A375	24h	LINCSCP_824
LINCSCP_10991	-0.9983877067	0.03615559488	3	F1061-0166	LSM-4474	NA	10uM	ASC	24h	LINCSCP_10991
LINCSCP_142270	-0.9983863875	0.03617038777	3	sn-Glycero-3-phosphocholine	LSM-45427	NA	0.04uM	MCF7	24h	LINCSCP_142270
LINCSCP_51775	0.9983862399	0.03617204234	3	Motesanib	LSM-1042	FLT1|FLT4|KDR|KIT|PDGFRA|PDGFRB|RET	10uM	SKBR3	6h	LINCSCP_51775
LINCSCP_44807	-0.9983862099	0.03617237837	3	Hydroxyfasudil	LSM-3744	ROCK1	10uM	PC3	6h	LINCSCP_44807
LINCSCP_152074	-0.9983857856	0.03617713436	3	Belinostat	LSM-43181	HDAC1|HDAC10|HDAC11|HDAC2|HDAC3|HDAC4|HDAC5|HDAC6|HDAC7|HDAC8|HDAC9	3.33uM	PC3	24h	LINCSCP_152074
LINCSCP_33558	-0.9983857714	0.03617729363	3	Orphenadrine	LSM-1630	GRIN1|GRIN2A|GRIN2B|GRIN2C|GRIN2D|GRIN3A|GRIN3B|HRH1|SCN10A|SCN11A|SCN1A|SCN2A|SCN3A|SCN4A|SCN5A|SCN7A|SCN8A|SCN9A|SLC6A2	10uM	MCF7	24h	LINCSCP_33558
LINCSCP_52433	-0.9983857548	0.03617747961	3	GNF-PF-2272	LSM-6669	NA	10uM	SKB	24h	LINCSCP_52433
LINCSCP_28419	-0.9983856015	0.03617919841	3	Oxetane	LSM-44627	NA	0.5uM	HT29	24h	LINCSCP_28419
LINCSCP_12979	0.9983839201	0.03619803819	3	N9-Isopropylolomoucine	LSM-3607	CDK1|CDK5	100uM	EFO27	6h	LINCSCP_12979
LINCSCP_21162	0.9983830169	0.03620815483	3	7-Nitroindazole	LSM-5222	NA	80uM	HCT116	6h	LINCSCP_21162
LINCSCP_155254	-0.998382911	0.03620934072	3	NG,NG-Dimethyl-L-arginine, Dihydrochloride	LSM-45294	NA	3.33uM	PC3	24h	LINCSCP_155254
LINCSCP_145229	0.9983825462	0.03621342628	3	Nilotinib	LSM-1099	ABL1|BCR|KIT	1.11uM	MDAMB231	3h	LINCSCP_145229
LINCSCP_140088	0.9983824443	0.03621456745	3	AZD-1775	LSM-1153	WEE1	3.33uM	MCF7	24h	LINCSCP_140088
LINCSCP_137060	-0.998381955	0.03622004543	3	Glyburide	LSM-2811	ABCC8|CFTR|KCNJ11|KCNJ5|KCNJ8	1.11uM	MCF7	24h	LINCSCP_137060
LINCSCP_130937	0.9983818743	0.03622094887	3	Foretinib	LSM-1158	FLT1|FLT3|FLT4|KDR|KIT|MET|PDGFRA|PDGFRB|TEK	10uM	MCF10A	3h	LINCSCP_130937
LINCSCP_52933	0.9983816281	0.03622370498	3	Sinensetin	LSM-3903	NA	10uM	SKB	24h	LINCSCP_52933
LINCSCP_66184	-0.9983814093	0.03622615456	3	BRD-K89326053	LSM-7991	NA	0.5uM	VCAP	24h	LINCSCP_66184
LINCSCP_60469	0.9983813385	0.03622694756	3	BRD-K35380368	LSM-7303	NA	5uM	VCAP	6h	LINCSCP_60469
LINCSCP_48026	0.9983808197	0.03623275376	3	AC1O6OS2	LSM-5812	NA	10uM	PC3	6h	LINCSCP_48026
LINCSCP_143280	0.9983782443	0.03626156546	3	cortisone-acetate	LSM-45387	TUBA1A|TUBA1B|TUBA1C|TUBA3E|TUBA4A|TUBB|TUBB1|TUBB2A|TUBB2B|TUBB3|TUBB4A|TUBB4B|TUBB6|TUBB8	3.33uM	MCF7	24h	LINCSCP_143280
LINCSCP_95557	-0.9983776772	0.03626790631	3	dexamethasone	LSM-5512	NR3C1	0.04uM	HA1E	24h	LINCSCP_95557
LINCSCP_43407	0.9983774575	0.03627036273	3	SCHEMBL13888951	LSM-36981	NA	10uM	NPC	24h	LINCSCP_43407
LINCSCP_121680	0.9983758975	0.03628779998	3	DOCETAXEL	LSM-45649	NA	3.33uM	HT29	24h	LINCSCP_121680
LINCSCP_63985	-0.9983753779	0.03629360548	3	BRD-K23091084	LSM-9829	NA	5uM	VCAP	24h	LINCSCP_63985
LINCSCP_164124	-0.9983740604	0.03630832329	3	EX-8678	LSM-1147	NA	0.12uM	SKBR3	3h	LINCSCP_164124
LINCSCP_227637	-0.9983738676	0.03631047582	3	CHEMBL2140107	LSM-6099	NA	10uM	HT29	6h	LINCSCP_227637
LINCSCP_50761	0.9983725489	0.03632519929	3	Minoxidil	LSM-2134	ABCC9|KCNJ11|KCNJ8	10uM	RKO	6h	LINCSCP_50761
LINCSCP_65364	-0.9983723681	0.03632721781	3	BRD-K90619727	LSM-42214	NA	10uM	VCAP	24h	LINCSCP_65364
LINCSCP_180486	-0.9983723506	0.03632741328	3	AC1MDYV9	LSM-4905	NA	10uM	A375	6h	LINCSCP_180486
LINCSCP_21437	0.9983720598	0.03633065948	3	PLX-4720	LSM-1049	BRAF	10uM	HEK293T	6h	LINCSCP_21437
LINCSCP_64434	-0.9983718336	0.03633318414	3	BRD-K70590207	LSM-41110	NA	5uM	VCAP	6h	LINCSCP_64434
LINCSCP_38244	-0.9983718319	0.03633320259	3	SA-86418	LSM-41903	NA	0.5uM	MCF7	24h	LINCSCP_38244
LINCSCP_111903	0.9983711037	0.03634132873	3	Amuvatinib	LSM-1118	FLT3|KIT|MET|PDGFRA	10uM	HEPG2	24h	LINCSCP_111903
LINCSCP_174167	0.9983705417	0.03634760008	3	Semagacestat (LY450139)	LSM-45411	NA	10uM	YAPC	24h	LINCSCP_174167
LINCSCP_28148	0.9983703054	0.03635023612	3	BRD-K27398156	LSM-38760	NA	5uM	HT29	24h	LINCSCP_28148
LINCSCP_4414	0.9983696487	0.03635756043	3	BMY45778	LSM-3901	PTGIR	10uM	A549	6h	LINCSCP_4414
LINCSCP_116254	-0.9983693155	0.03636127739	3	CGP 60474	LSM-1025	CDK1	3.33uM	HT29	24h	LINCSCP_116254
LINCSCP_39984	-0.998369158	0.03636303311	3	CAY10618	LSM-4946	NAMPT	10uM	NCIH1836	6h	LINCSCP_39984
LINCSCP_289465	0.9983676407	0.03637995027	3	Bis-Tyrphostin	LSM-42937	EGFR	10uM	VCAP	6h	LINCSCP_289465
LINCSCP_24339	0.9983670327	0.03638672568	3	SCHEMBL6874948	LSM-5674	LCK	0.1uM	HS578T	24h	LINCSCP_24339
LINCSCP_30011	-0.9983667779	0.0363895654	3	BMS-387032	LSM-1132	CDK2|CDK7|CDK9	0.1uM	MCF10A	6h	LINCSCP_30011
LINCSCP_24231	0.9983664834	0.03639284722	3	SB590885	LSM-42746	BRAF	0.1uM	HS578T	24h	LINCSCP_24231
LINCSCP_39702	-0.9983660943	0.03639718193	3	Auranofin	LSM-43136	NA	10uM	MDST8	6h	LINCSCP_39702
LINCSCP_127391	0.998366016	0.03639805493	3	Darifenacin	LSM-5995	CHRM1|CHRM2|CHRM3|CHRM4|CHRM5	3.33uM	HT29	24h	LINCSCP_127391
LINCSCP_148930	0.9983659285	0.03639902922	3	Mocetinostat	LSM-5344	HDAC1|HDAC11|HDAC2|HDAC3|HDAC8	0.12uM	NPC	24h	LINCSCP_148930
LINCSCP_43118	-0.9983658632	0.03639975689	3	BRD-K34160774	LSM-10492	NA	10uM	NPC	24h	LINCSCP_43118
LINCSCP_20918	-0.9983651695	0.03640748482	3	Enclomiphene	LSM-42850	ESR1	3.33uM	HCC515	24h	LINCSCP_20918
LINCSCP_91535	0.9983651494	0.03640770764	3	Genistein	LSM-5549	CFTR|ESR2	3.33uM	HA1E	24h	LINCSCP_91535
LINCSCP_8674	-0.9983651428	0.0364077817	3	BRD-K63164430	LSM-12270	NA	5uM	A549	24h	LINCSCP_8674
LINCSCP_13200	-0.9983648845	0.03641065793	3	NCH-51	LSM-5635	HDAC1|HDAC10|HDAC11|HDAC2|HDAC3|HDAC4|HDAC5|HDAC6|HDAC7|HDAC8|HDAC9	10uM	FIBRNPC	24h	LINCSCP_13200
LINCSCP_2488	-0.9983638267	0.03642243758	3	WZ-3105	LSM-42711	CLK2|CSNK1E|FLT3|ULK1	10uM	A375	6h	LINCSCP_2488
LINCSCP_19938	-0.9983637149	0.03642368179	3	MLS003128612	LSM-3784	NA	10uM	HCC515	6h	LINCSCP_19938
LINCSCP_75326	-0.998363516	0.03642589664	3	TIROFIBAN HYDROCHLORIDE	LSM-45871	ITGA2B|ITGB3	0.04uM	A375	24h	LINCSCP_75326
LINCSCP_70204	0.9983620266	0.03644247343	3	GSK 525762A	LSM-6334	NA	3.33uM	A375	24h	LINCSCP_70204
LINCSCP_153673	0.9983619814	0.03644297613	3	Levosalbutamol	LSM-5480	ADRB2	3.33uM	PC3	24h	LINCSCP_153673
LINCSCP_150365	-0.9983615626	0.03644763589	3	BAY 61-3606	LSM-1167	SYK	1.11uM	NPC.TAK	24h	LINCSCP_150365
LINCSCP_8037	0.9983608326	0.03645575644	3	Glyburide	LSM-2811	ABCC8|CFTR|KCNJ11|KCNJ5|KCNJ8	10uM	A549	6h	LINCSCP_8037
LINCSCP_36923	-0.9983606201	0.03645812023	3	Ponatinib	LSM-1151	ABL1|BCR|FGFR1|FGFR2|FGFR3|FGFR4|FLT3|KIT|RET|TEK	10uM	MCF7	6h	LINCSCP_36923
LINCSCP_3793	0.9983594583	0.03647103986	3	L-Sulforaphane	LSM-4919	NFE2L2	0.04uM	A375	24h	LINCSCP_3793
LINCSCP_152228	-0.9983581603	0.03648546905	3	PF-03758309	LSM-4254	PAK4	3.33uM	PC3	24h	LINCSCP_152228
LINCSCP_57445	-0.9983579229	0.03648810718	3	AC1LBR3D	LSM-3395	NA	10uM	VCAP	6h	LINCSCP_57445
LINCSCP_13421	-0.9983578254	0.03648919079	3	Teniposide	LSM-1483	TOP2A	1uM	H1299	6h	LINCSCP_13421
LINCSCP_65322	-0.9983567717	0.03650089876	3	BRD-K65134192	LSM-40826	NA	10uM	VCAP	24h	LINCSCP_65322
LINCSCP_152078	-0.9983563346	0.03650575513	3	Belinostat	LSM-43181	HDAC1|HDAC10|HDAC11|HDAC2|HDAC3|HDAC4|HDAC5|HDAC6|HDAC7|HDAC8|HDAC9	0.04uM	PC3	24h	LINCSCP_152078
LINCSCP_30735	-0.9983556055	0.03651385265	3	CT-200783	LSM-43273	NA	10uM	MCF7	6h	LINCSCP_30735
LINCSCP_5368	-0.9983537566	0.03653438002	3	KUC104250	LSM-2034	NA	10uM	A549	24h	LINCSCP_5368
LINCSCP_17837	0.9983535847	0.03653628781	3	SJ 172550	LSM-43286	MDM4	10uM	HCC15	6h	LINCSCP_17837
LINCSCP_111458	0.9983533326	0.03653908536	3	apigenin	LSM-5206	NA	3.33uM	HEPG2	24h	LINCSCP_111458
LINCSCP_109755	-0.9983521451	0.03655226213	3	Chlorpropamide	LSM-6695	ABCC8|KCNJ11	10uM	HELA	24h	LINCSCP_109755
LINCSCP_83237	0.9983517474	0.03655667438	3	Motesanib	LSM-1042	FLT1|FLT4|KDR|KIT|PDGFRA|PDGFRB|RET	3.33uM	ASC.C	24h	LINCSCP_83237
LINCSCP_295105	-0.998351681	0.03655741015	3	MEGXP0_001010	LSM-44579	NA	10uM	VCAP	6h	LINCSCP_295105
LINCSCP_133170	-0.9983512341	0.03656236763	3	Selumetinib	LSM-1056	MAP2K1|MAP2K2	3.33uM	MCF7	3h	LINCSCP_133170
LINCSCP_34914	-0.9983507797	0.03656740698	3	BRD-K87339026	LSM-42028	NA	5uM	MCF7	24h	LINCSCP_34914
LINCSCP_13196	-0.9983507108	0.03656817038	3	BG-1026	LSM-45128	NA	10uM	FIBRNPC	24h	LINCSCP_13196
LINCSCP_91353	-0.9983485822	0.03659176774	3	Licarbazepine	LSM-45929	NA	1.11uM	HA1E	24h	LINCSCP_91353
LINCSCP_13259	0.9983476674	0.03660190419	3	PCI-34051	LSM-4812	HDAC1|HDAC10|HDAC6|HDAC8	10uM	FIBRNPC	24h	LINCSCP_13259
LINCSCP_6652	-0.9983475232	0.03660350111	3	Tyrphostin AG 126	LSM-5752	NA	10uM	A549	6h	LINCSCP_6652
LINCSCP_46373	0.9983458378	0.03662216787	3	CHEMBL3188250	LSM-41284	NA	10uM	PC3	6h	LINCSCP_46373
LINCSCP_93592	-0.9983447652	0.03663404281	3	Mepivacaine	LSM-4306	SCN10A|SCN11A|SCN1A|SCN2A|SCN3A|SCN4A|SCN5A|SCN7A|SCN8A|SCN9A	0.12uM	HA1E	24h	LINCSCP_93592
LINCSCP_51686	-0.9983447251	0.03663448644	3	SCHEMBL17378613	LSM-5749	CSF1R	0.1uM	SKBR3	6h	LINCSCP_51686
LINCSCP_76882	0.9983438947	0.03664367766	3	SDZ-201106	LSM-21614	NA	10.72uM	A375	24h	LINCSCP_76882
LINCSCP_58840	-0.998343696	0.03664587575	3	AK-778/12434114	LSM-4538	NA	10uM	VCAP	24h	LINCSCP_58840
LINCSCP_224965	-0.9983425554	0.03665849488	3	CYM5938	LSM-4165	NA	10uM	HT29	6h	LINCSCP_224965
LINCSCP_18414	0.9983420805	0.03666374809	3	MDL-28170	LSM-2958	CAPN1|CTSB	10uM	HCC515	6h	LINCSCP_18414
LINCSCP_164947	-0.9983420669	0.03666389861	3	CHEMBL3188661	LSM-5394	DDR1	0.12uM	SKL.C	24h	LINCSCP_164947
LINCSCP_133266	-0.9983420277	0.03666433228	3	TPCA-1	LSM-1136	IKBKB	10uM	MCF7	24h	LINCSCP_133266
LINCSCP_206958	-0.9983416254	0.03666878126	3	JXPQMHIXNPWEEK-UHFFFAOYSA-N	LSM-36979	NA	10uM	FIBRNPC	24h	LINCSCP_206958
LINCSCP_105303	-0.9983416149	0.03666889785	3	MG-132	LSM-1107	PSMB1	20uM	HELA	24h	LINCSCP_105303
LINCSCP_131800	-0.9983412109	0.03667336456	3	AS-605240	LSM-42784	PIK3CG	0.12uM	MCF10A	3h	LINCSCP_131800
LINCSCP_116643	0.9983410363	0.03667529584	3	C24H25CLFN5O3	LSM-42794	EGFR|ERBB2|ERBB4	10uM	HT29	24h	LINCSCP_116643
LINCSCP_156267	-0.998340788	0.03667804078	3	Ammonium Glycyrrhizinate	LSM-46003	NA	1.11uM	PC3	24h	LINCSCP_156267
LINCSCP_133231	0.9983399832	0.03668693786	3	Y-39983	LSM-1150	ROCK1|ROCK2	0.37uM	MCF7	3h	LINCSCP_133231
LINCSCP_145501	0.9983394512	0.03669281719	3	AT-7519	LSM-1004	CDK1|CDK10|CDK11B|CDK12|CDK13|CDK14|CDK15|CDK16|CDK17|CDK18|CDK19|CDK2|CDK20|CDK3|CDK4|CDK5|CDK6|CDK7|CDK8|CDK9	0.04uM	MDAMB231	24h	LINCSCP_145501
LINCSCP_240235	0.9983383718	0.03670474441	3	Mosapride	LSM-5042	HTR4	10uM	MCF7	24h	LINCSCP_240235
LINCSCP_169324	0.998337255	0.03671708062	3	179324-69-7	LSM-6281	ADRM1|PSMA1|PSMA2|PSMA3|PSMA4|PSMA5|PSMA6|PSMA7|PSMA8|PSMB1|PSMB10|PSMB11|PSMB2|PSMB3|PSMB4|PSMB5|PSMB6|PSMB7|PSMB8|PSMB9|PSMC1|PSMC2|PSMC3|PSMC4|PSMC5|PSMC6|PSMD1|PSMD11|PSMD12|PSMD13|PSMD14|PSMD2|PSMD3|PSMD4|PSMD6|PSMD7|PSMD8|SEM1	20uM	YAPC	24h	LINCSCP_169324
LINCSCP_96564	-0.99833723	0.03671735659	3	SCHEMBL6851809	LSM-43061	MTOR	10uM	HA1E	24h	LINCSCP_96564
LINCSCP_121707	-0.9983371769	0.03671794258	3	Nafamostat Mesylate	LSM-45274	NA	0.12uM	HT29	24h	LINCSCP_121707
LINCSCP_56585	0.9983363701	0.03672685239	3	6266-99-5	LSM-3501	GRM5	10uM	VCAP	6h	LINCSCP_56585
LINCSCP_115676	0.9983355507	0.03673589872	3	CHEMBL585951	LSM-36386	MAPK8	0.37uM	HS578T	24h	LINCSCP_115676
LINCSCP_63413	0.9983354161	0.0367373841	3	BRD-K85724483	LSM-13676	NA	5uM	VCAP	24h	LINCSCP_63413
LINCSCP_289589	-0.9983348699	0.036743412	3	Rosiglitazone	LSM-1949	PPARG	10uM	VCAP	24h	LINCSCP_289589
LINCSCP_35702	-0.9983347173	0.03674509678	3	Trichostatin	LSM-43005	HDAC1|HDAC10|HDAC3|HDAC4|HDAC6|HDAC7|HDAC8	0.01uM	MCF7	24h	LINCSCP_35702
LINCSCP_68816	0.998334298	0.03674972369	3	Troglitazone	LSM-4890	PPARG	0.5uM	VCAP	24h	LINCSCP_68816
LINCSCP_15155	-0.9983338527	0.03675463651	3	Trifluoperazine	LSM-4010	DRD2|DRD3|DRD4|HTR2A|HTR2C	10uM	HA1E	6h	LINCSCP_15155
LINCSCP_69045	-0.9983334515	0.0367590629	3	GSK 1059615	LSM-42799	PIK3CA|PIK3CB|PIK3CD|PIK3CG	10uM	A375	24h	LINCSCP_69045
LINCSCP_41033	-0.9983322731	0.03677206054	3	JAK3 Inhibitor V	LSM-4150	JAK3	10uM	NEU	24h	LINCSCP_41033
LINCSCP_133098	0.9983317804	0.03677749343	3	AZD-5438	LSM-1159	CDK1|CDK10|CDK11B|CDK12|CDK13|CDK14|CDK15|CDK16|CDK17|CDK18|CDK19|CDK2|CDK20|CDK3|CDK4|CDK5|CDK6|CDK7|CDK8|CDK9	3.33uM	MCF7	3h	LINCSCP_133098
LINCSCP_121682	0.998331715	0.03677821461	3	DOCETAXEL	LSM-45649	NA	0.37uM	HT29	24h	LINCSCP_121682
LINCSCP_204288	0.9983304036	0.03679267033	3	Vitamin P	LSM-1477	AKR1C3	10uM	ASC	24h	LINCSCP_204288
LINCSCP_111264	0.9983298494	0.03679877882	3	Enzastaurin	LSM-1069	PRKCB	0.04uM	HEPG2	24h	LINCSCP_111264
LINCSCP_17432	0.9983298119	0.03679919112	3	SCHEMBL16980377	LSM-6821	NA	0.37uM	HA1E	24h	LINCSCP_17432
LINCSCP_88146	-0.9983278277	0.03682105001	3	SCHEMBL1564574	LSM-1006	CHEK1|CHEK2	10uM	HA1E	24h	LINCSCP_88146
LINCSCP_151333	-0.9983271044	0.03682901504	3	CHEMBL585951	LSM-36386	MAPK8	10uM	PC3	24h	LINCSCP_151333
LINCSCP_191070	-0.9983265206	0.03683544186	3	4-(Pyridin-3-yloxy)-phthalonitrile	LSM-4896	NA	10uM	A549	24h	LINCSCP_191070
LINCSCP_138259	0.998326092	0.03684016029	3	DOCETAXEL	LSM-45649	NA	3.33uM	MCF7	24h	LINCSCP_138259
LINCSCP_90846	-0.9983258706	0.03684259787	3	Pelitinib	LSM-42796	EGFR	0.12uM	HA1E	24h	LINCSCP_90846
LINCSCP_5699	-0.9983250404	0.03685173404	3	AC1O52TR	LSM-5168	NA	10uM	A549	24h	LINCSCP_5699
LINCSCP_42504	-0.9983243682	0.03685912984	3	Amlodipine	LSM-1388	CACNA1C|CACNA1D|CACNA1F|CACNA1S|CACNA2D1	10uM	NPC	24h	LINCSCP_42504
LINCSCP_34997	-0.9983241194	0.03686186685	3	BRD-K33928422	LSM-39125	NA	5uM	MCF7	24h	LINCSCP_34997
LINCSCP_34022	-0.9983241068	0.03686200564	3	CHEMBL1886242	LSM-6116	NA	10uM	MCF7	6h	LINCSCP_34022
LINCSCP_72587	-0.9983238064	0.03686531065	3	TAS-103 (dihydrochloride)	LSM-45292	NA	0.37uM	A375	24h	LINCSCP_72587
LINCSCP_152094	-0.9983236184	0.03686737773	3	Decitabine	LSM-5855	DNMT1|DNMT3A	0.37uM	PC3	24h	LINCSCP_152094
LINCSCP_294130	0.9983234871	0.03686882237	3	Zolpidem	LSM-5560	GABRA1|GABRA2|GABRA3|GABRB1|GABRG2	10uM	VCAP	6h	LINCSCP_294130
LINCSCP_224811	0.9983228089	0.0368762806	3	ML178	LSM-2300	S1PR3	10uM	HT29	6h	LINCSCP_224811
LINCSCP_125792	0.9983216748	0.03688875006	3	Semagacestat (LY450139)	LSM-45411	NA	0.12uM	HT29	24h	LINCSCP_125792
LINCSCP_44185	-0.9983213699	0.03689210117	3	SMP2_000249	LSM-1820	ATP1A1	10uM	PC3	24h	LINCSCP_44185
LINCSCP_12730	-0.9983212723	0.03689317379	3	79966-13-5	LSM-6665	NA	10uM	COV644	6h	LINCSCP_12730
LINCSCP_89130	-0.9983206303	0.0369002296	3	VX-745	LSM-1169	MAPK14	3.33uM	HA1E	24h	LINCSCP_89130
LINCSCP_111061	-0.9983203991	0.03690277059	3	Dihydroorotate Dehydrogenase Inhibitor, Brequinar	LSM-45952	NA	10uM	HELA	24h	LINCSCP_111061
LINCSCP_11965	-0.998319712	0.03691032046	3	BX 912	LSM-1055	PDK1|PDPK1	10uM	BT20	6h	LINCSCP_11965
LINCSCP_6760	-0.9983195061	0.03691258277	3	Oxfendazole	LSM-1466	NA	10uM	A549	24h	LINCSCP_6760
LINCSCP_41556	-0.9983188314	0.03691999341	3	Epigalocatechin Gallate	LSM-5661	FASN	10uM	NEU	6h	LINCSCP_41556
LINCSCP_103677	-0.9983188051	0.03692028209	3	NG,NG-Dimethyl-L-arginine, Dihydrochloride	LSM-45294	NA	0.12uM	HELA	24h	LINCSCP_103677
LINCSCP_149424	0.998318383	0.03692491804	3	WHI-P97	LSM-1033	JAK3	0.37uM	NPC	24h	LINCSCP_149424
LINCSCP_233451	-0.9983177168	0.03693223408	3	SCHEMBL17497626	LSM-44605	NA	3uM	HT29	6h	LINCSCP_233451
LINCSCP_193655	-0.9983172081	0.03693781913	3	MLS003130364	LSM-6158	NA	10uM	A549	24h	LINCSCP_193655
LINCSCP_145130	-0.9983170559	0.03693948959	3	Seliciclib	LSM-1001	CDK1|CDK2|CDK5|CDK7|CDK9	0.04uM	MDAMB231	3h	LINCSCP_145130
LINCSCP_175170	-0.9983162895	0.03694790214	3	Fasudil	LSM-3715	ROCK1|ROCK2	1.11uM	YAPC	24h	LINCSCP_175170
LINCSCP_128632	0.998315132	0.03696060385	3	BMS-509744	LSM-1137	NA	3.33uM	HUVEC	24h	LINCSCP_128632
LINCSCP_99874	-0.9983144506	0.03696807916	3	BMS-387032	LSM-1132	CDK2|CDK7|CDK9	0.12uM	HCC515	24h	LINCSCP_99874
LINCSCP_59812	0.9983142146	0.03697066817	3	BRD-K89409550	LSM-42147	NA	5uM	VCAP	6h	LINCSCP_59812
LINCSCP_31129	-0.998312402	0.03699054371	3	MLS002264523	LSM-2245	NA	10uM	MCF7	24h	LINCSCP_31129
LINCSCP_6304	-0.9983121135	0.03699370622	3	IN1451	LSM-4349	MAPK3	10uM	A549	24h	LINCSCP_6304
LINCSCP_150387	0.998311313	0.03700248029	3	CHEMBL1950303	LSM-1058	NA	10uM	NPC.TAK	24h	LINCSCP_150387
LINCSCP_89028	-0.9983111274	0.03700451411	3	PF-03758309	LSM-4254	PAK4	10uM	HA1E	24h	LINCSCP_89028
LINCSCP_48184	0.9983106079	0.03701020671	3	BRD-K43955935	LSM-39693	NA	5uM	PC3	24h	LINCSCP_48184
LINCSCP_31326	0.9983104737	0.03701167758	3	MLS002264411	LSM-1873	NA	10uM	MCF7	24h	LINCSCP_31326
LINCSCP_170632	-0.9983103273	0.03701328141	3	Conivaptan HCl	LSM-45291	NA	0.12uM	YAPC	24h	LINCSCP_170632
LINCSCP_38006	0.9983103033	0.03701354403	3	BRD-K19004531	LSM-38289	NA	1uM	MCF7	6h	LINCSCP_38006
LINCSCP_126929	0.9983092648	0.03702491943	3	AZD7545	LSM-45675	NA	3.33uM	HT29	24h	LINCSCP_126929
LINCSCP_19192	0.9983088694	0.03702924982	3	CGS-15943	LSM-3076	ADORA1|ADORA2A|ADORA2B	10uM	HCC515	6h	LINCSCP_19192
LINCSCP_58702	-0.9983083719	0.03703469787	3	BRD-K14328427	LSM-6082	NA	10uM	VCAP	6h	LINCSCP_58702
LINCSCP_26987	-0.9983081114	0.03703754993	3	IKK Inhibitor VII	LSM-2309	IKBKB	10uM	HT29	6h	LINCSCP_26987
LINCSCP_42329	0.9983078276	0.03704065741	3	HMS1484F20	LSM-43110	NA	10uM	NPC	24h	LINCSCP_42329
LINCSCP_139661	0.9983076183	0.03704294872	3	Dacomitinib	LSM-42808	EGFR|ERBB2|ERBB3|ERBB4	0.04uM	MCF7	24h	LINCSCP_139661
LINCSCP_253598	-0.9983074486	0.03704480596	3	BRD-K90163207	LSM-13991	NA	1uM	MCF7	24h	LINCSCP_253598
LINCSCP_116970	0.9983074334	0.03704497253	3	PF-04217903	LSM-1166	MET	0.04uM	HT29	24h	LINCSCP_116970
LINCSCP_145939	-0.9983062094	0.03705836848	3	13-Hydroxy-8,14,19-trimethoxy-4,10,12,16-tetramethyl-3,20,22-trioxo-2-azabicyclo[16.3.1]docosa-1(21),4,6,10,18-pentaen-9-yl carbamate	LSM-42815	HSP90AA1	10uM	MDAMB231	3h	LINCSCP_145939
LINCSCP_278843	0.9983061036	0.03705952609	3	BRD-K48505466	LSM-39963	NA	10uM	PC3	24h	LINCSCP_278843
LINCSCP_55509	-0.9983052367	0.03706901103	3	ZINC77024257	LSM-1171	MDM2	10uM	U937	6h	LINCSCP_55509
LINCSCP_94487	-0.9983052178	0.03706921801	3	Aminolevulinic acid	LSM-5677	ALAD	0.37uM	HA1E	24h	LINCSCP_94487
LINCSCP_29833	-0.9983051255	0.03707022774	3	WZ3105	LSM-5970	CLK2|CSNK1E|FLT3|ULK1	10uM	MCF10A	6h	LINCSCP_29833
LINCSCP_59115	-0.9983036612	0.03708624166	3	Enzastaurin	LSM-1069	PRKCB	10uM	VCAP	6h	LINCSCP_59115
LINCSCP_21700	-0.9983031684	0.03709163	3	BX-795	LSM-1189	PDK1|PDPK1	10uM	HEPG2	6h	LINCSCP_21700
LINCSCP_71309	0.9983031261	0.03709209226	3	Hydroxyprogesterone Caproate	LSM-4900	AR|ESR1|ESR2|NR1H4|NR1I2|NR3C1|PGR	1.11uM	A375	24h	LINCSCP_71309
LINCSCP_101279	-0.9983005278	0.0371204877	3	Tolperisone	LSM-4381	NA	10uM	HELA	24h	LINCSCP_101279
LINCSCP_47780	-0.9983000417	0.03712579759	3	Luteolin	LSM-5229	NA	10uM	PC3	24h	LINCSCP_47780
LINCSCP_42679	-0.9982995338	0.0371313455	3	Benzonatate	LSM-4052	SCN5A	10uM	NPC	24h	LINCSCP_42679
LINCSCP_17510	-0.9982993198	0.03713368233	3	Entinostat	LSM-4811	HDAC1|HDAC10|HDAC11|HDAC2|HDAC3|HDAC4|HDAC5|HDAC6|HDAC7|HDAC8|HDAC9	1.11uM	HA1E	24h	LINCSCP_17510
LINCSCP_19993	-0.9982983337	0.03714444956	3	Nicotin-Amide	LSM-5428	PARP1	10uM	HCC515	6h	LINCSCP_19993
LINCSCP_132552	-0.9982981732	0.03714620201	3	Alvocidib	LSM-1011	CDK1|CDK2|CDK4|CDK5|CDK6|CDK7|CDK8|CDK9|EGFR|PYGM	3.33uM	MCF7	24h	LINCSCP_132552
LINCSCP_308557	0.998297533	0.03715318986	3	BRD-K88363359	LSM-13862	NA	5uM	VCAP	6h	LINCSCP_308557
LINCSCP_1985	-0.9982970919	0.03715800392	3	SCHEMBL10028376	LSM-36648	NA	10uM	A375	6h	LINCSCP_1985
LINCSCP_167900	0.998295923	0.03717075812	3	Merimepodib	LSM-45503	NA	10uM	YAPC	24h	LINCSCP_167900
LINCSCP_130699	-0.9982955156	0.03717520293	3	apigenin	LSM-5206	NA	1.11uM	MCF10A	24h	LINCSCP_130699
LINCSCP_15445	-0.9982951289	0.03717942035	3	MLS000106215	LSM-4009	NA	100uM	HA1E	24h	LINCSCP_15445
LINCSCP_310436	0.9982948744	0.03718219624	3	BRD-K79657514	LSM-13292	NA	10uM	VCAP	24h	LINCSCP_310436
LINCSCP_11008	-0.9982944664	0.03718664531	3	13-Cis-retinol	LSM-43174	RXRA|RXRB|RXRG	10uM	ASC	24h	LINCSCP_11008
LINCSCP_73503	-0.9982938255	0.03719363402	3	Niclosamide	LSM-2787	STAT3	10uM	A375	24h	LINCSCP_73503
LINCSCP_173219	-0.998293605	0.03719603744	3	Dehydroepiandrosterone (DHEA)	LSM-45807	NA	10uM	YAPC	24h	LINCSCP_173219
LINCSCP_215507	0.9982934121	0.03719814131	3	BMS 641988	LSM-6248	AR	10uM	HCC515	6h	LINCSCP_215507
LINCSCP_5982	-0.9982931075	0.03720146175	3	SCHEMBL15422032	LSM-43336	NA	10uM	A549	24h	LINCSCP_5982
LINCSCP_56244	-0.9982914776	0.03721922357	3	BRL-37344	LSM-2146	ADRB3	10uM	VCAP	24h	LINCSCP_56244
LINCSCP_41704	0.9982905531	0.03722929517	3	LRRK2-IN-1	LSM-1086	LRRK2	3uM	NKDBA	24h	LINCSCP_41704
LINCSCP_64630	-0.9982893075	0.03724286014	3	BRD-K22983069	LSM-38519	NA	10uM	VCAP	24h	LINCSCP_64630
LINCSCP_35409	-0.9982891538	0.03724453338	3	Benzohydroxamate	LSM-36789	NA	10uM	MCF7	24h	LINCSCP_35409
LINCSCP_55386	0.9982888464	0.0372478803	3	Phorbol Myristate Acetate	LSM-25630	NA	0.5uM	U937	6h	LINCSCP_55386
LINCSCP_19681	-0.9982881584	0.03725537056	3	ST50591990	LSM-42844	NA	10uM	HCC515	6h	LINCSCP_19681
LINCSCP_189006	-0.9982873539	0.03726412562	3	ML098	LSM-3713	NA	10uM	A549	24h	LINCSCP_189006
LINCSCP_51163	-0.9982865649	0.03727271041	3	MLS002460474	LSM-3256	NA	10uM	RMUGS	6h	LINCSCP_51163
LINCSCP_33316	-0.9982856447	0.03728272101	3	RO 08-2750	LSM-1983	NGF|NGFR	10uM	MCF7	24h	LINCSCP_33316
LINCSCP_48741	0.9982855669	0.03728356687	3	BRD-K17698750	LSM-15116	NA	10uM	PC3	24h	LINCSCP_48741
LINCSCP_260512	-0.9982852851	0.0372866319	3	MLS003129657	LSM-38605	NA	1uM	NKDBA	24h	LINCSCP_260512
LINCSCP_216858	-0.9982852444	0.03728707507	3	BRN 1087718	LSM-42853	NA	10uM	HCC515	6h	LINCSCP_216858
LINCSCP_164540	0.9982839988	0.03730061841	3	Infigratinib	LSM-1184	FGFR1|FGFR2|FGFR3|FGFR4	0.04uM	SKL.C	24h	LINCSCP_164540
LINCSCP_89177	-0.9982827634	0.03731404748	3	844499-71-4	LSM-1175	NA	10uM	HA1E	24h	LINCSCP_89177
LINCSCP_43113	-0.9982823676	0.03731834804	3	BRD-K27597389	LSM-14778	NA	10uM	NPC	24h	LINCSCP_43113
LINCSCP_134220	-0.9982818719	0.03732373424	3	C-Fms Inhibitor	LSM-1196	NA	0.37uM	MCF7	24h	LINCSCP_134220
LINCSCP_153133	0.9982808516	0.03733481781	3	Fentiazac	LSM-5342	PTGS1|PTGS2	10uM	PC3	24h	LINCSCP_153133
LINCSCP_151127	-0.9982804767	0.03733888987	3	GW843682X	LSM-1014	PLK1|PLK3	0.12uM	PC3	24h	LINCSCP_151127
LINCSCP_137638	0.9982804239	0.03733946362	3	Alvelestat	LSM-45793	NA	0.12uM	MCF7	24h	LINCSCP_137638
LINCSCP_91908	-0.9982798854	0.03734531155	3	Idebenone	LSM-5505	NA	1.11uM	HA1E	24h	LINCSCP_91908
LINCSCP_48835	0.9982789535	0.03735542872	3	BRD-K85751793	LSM-41946	NA	10uM	PC3	24h	LINCSCP_48835
LINCSCP_57436	-0.9982784634	0.03736074879	3	F2704-0009	LSM-3237	NA	10uM	VCAP	6h	LINCSCP_57436
LINCSCP_227974	-0.9982779899	0.03736588803	3	MLS001032825	LSM-4826	NA	10uM	HT29	6h	LINCSCP_227974
LINCSCP_73478	-0.998277086	0.03737569616	3	PI-103	LSM-1126	MTOR|PIK3CA|PIK3CB|PIK3CD|PIK3CG	0.04uM	A375	24h	LINCSCP_73478
LINCSCP_113882	-0.9982769639	0.0373770208	3	Doramapimod	LSM-1170	MAPK11|MAPK12|MAPK14	3.33uM	HME1	24h	LINCSCP_113882
LINCSCP_95406	-0.9982765498	0.03738151384	3	Scopolamine	LSM-1684	CHRM1|CHRM2|CHRM3|CHRM4	0.12uM	HA1E	24h	LINCSCP_95406
LINCSCP_116181	-0.9982764315	0.03738279694	3	PD-0325901	LSM-1101	MAP2K1|MAP2K2	10uM	HT29	24h	LINCSCP_116181
LINCSCP_57988	0.9982757661	0.0373900139	3	NCGC00012961	LSM-3757	NA	10uM	VCAP	24h	LINCSCP_57988
LINCSCP_52038	0.9982752648	0.03739545053	3	Y-39983	LSM-1150	ROCK1|ROCK2	0.1uM	SKBR3	6h	LINCSCP_52038
LINCSCP_204829	-0.9982751341	0.03739686834	3	Motesanib	LSM-1042	FLT1|FLT4|KDR|KIT|PDGFRA|PDGFRB|RET	1uM	BT20	24h	LINCSCP_204829
LINCSCP_19978	0.9982749429	0.03739894106	3	MLS000086415	LSM-1774	NA	10uM	HCC515	6h	LINCSCP_19978
LINCSCP_213549	-0.9982746883	0.03740170246	3	Norketamine	LSM-1305	CYP3A4	10uM	HCC515	6h	LINCSCP_213549
LINCSCP_93253	-0.9982742487	0.03740646807	3	BRD-A32440707	LSM-45970	NA	0.04uM	HA1E	24h	LINCSCP_93253
LINCSCP_106207	-0.9982738946	0.03741030654	3	UNII-CVL1685GPH	LSM-36356	NA	0.04uM	HELA	24h	LINCSCP_106207
LINCSCP_69210	-0.9982728155	0.03742200229	3	CI-1040	LSM-1048	MAP2K1|MAP2K2	0.37uM	A375	24h	LINCSCP_69210
LINCSCP_87611	-0.9982727055	0.0374231939	3	Mitoxantrone	LSM-2481	TOP2A	10uM	HA1E	24h	LINCSCP_87611
LINCSCP_37521	-0.9982726881	0.03742338226	3	Parbendazole	LSM-4893	TUBB	10uM	MCF7	6h	LINCSCP_37521
LINCSCP_259470	0.9982723041	0.03742754343	3	1-Methyl isoquinoline	LSM-36961	NA	10uM	NEU	24h	LINCSCP_259470
LINCSCP_120965	0.9982720382	0.03743042425	3	BRD-A28746609	LSM-1102	NR1I2|TUBB	10uM	HT29	24h	LINCSCP_120965
LINCSCP_34869	-0.9982712912	0.03743851575	3	BRD-K41520872	LSM-39568	NA	5uM	MCF7	24h	LINCSCP_34869
LINCSCP_111957	-0.9982709547	0.03744216088	3	CGP 60474	LSM-1025	CDK1	0.12uM	HEPG2	24h	LINCSCP_111957
LINCSCP_102711	-0.9982705387	0.03744666578	3	TAS-103 (dihydrochloride)	LSM-45292	NA	10uM	HELA	24h	LINCSCP_102711
LINCSCP_154696	-0.9982702439	0.03744985791	3	Mitoxantrone	LSM-2481	TOP2A	0.04uM	PC3	24h	LINCSCP_154696
LINCSCP_1542	-0.9982698802	0.03745379678	3	MLS002264390	LSM-2722	NA	10uM	A375	6h	LINCSCP_1542
LINCSCP_23368	-0.9982687995	0.03746549498	3	BRD-K22033393	LSM-6826	NA	10uM	HEPG2	24h	LINCSCP_23368
LINCSCP_69623	-0.9982686768	0.03746682348	3	13-Hydroxy-8,14,19-trimethoxy-4,10,12,16-tetramethyl-3,20,22-trioxo-2-azabicyclo[16.3.1]docosa-1(21),4,6,10,18-pentaen-9-yl carbamate	LSM-42815	HSP90AA1	0.37uM	A375	24h	LINCSCP_69623
LINCSCP_49738	0.9982684799	0.03746895495	3	MLN-8054	LSM-1066	AURKA	0.5uM	PC3	24h	LINCSCP_49738
LINCSCP_18619	-0.9982676606	0.03747782061	3	Tyrphostin B46	LSM-3628	EGFR	10uM	HCC515	24h	LINCSCP_18619
LINCSCP_312068	-0.9982672654	0.03748209668	3	BRD-K92434623	LSM-42299	NA	10uM	VCAP	24h	LINCSCP_312068
LINCSCP_155774	-0.9982670187	0.03748476568	3	Mozavaptan	LSM-45912	NA	10uM	PC3	24h	LINCSCP_155774
LINCSCP_120766	0.9982668166	0.03748695131	3	SN-38	LSM-45563	NA	0.04uM	HT29	24h	LINCSCP_120766
LINCSCP_12700	0.9982664849	0.03749053932	3	CHEMBL258148	LSM-6214	CTSL	90uM	COV644	6h	LINCSCP_12700
LINCSCP_152348	-0.9982661937	0.03749368972	3	BX-795	LSM-1189	PDK1|PDPK1	3.33uM	PC3	24h	LINCSCP_152348
LINCSCP_16542	0.998265805	0.03749789354	3	Decitabine	LSM-5855	DNMT1|DNMT3A	10uM	HA1E	6h	LINCSCP_16542
LINCSCP_166067	-0.9982653307	0.03750302262	3	Aurora A Inhibitor I	LSM-1065	AURKA	10uM	SKL	24h	LINCSCP_166067
LINCSCP_60304	-0.9982646846	0.03751000778	3	BRD-K53601225	LSM-7542	NA	5uM	VCAP	6h	LINCSCP_60304
LINCSCP_22972	-0.998264271	0.03751447906	3	Dichlorphenamide	LSM-3602	CA1|CA12|CA2|CA4	10uM	HEPG2	6h	LINCSCP_22972
LINCSCP_14876	-0.9982639682	0.03751775215	3	R-N-Propylnorapomorphine	LSM-2281	DRD1|DRD2	10uM	HA1E	6h	LINCSCP_14876
LINCSCP_42245	-0.998262977	0.03752846364	3	PK04PUR_000067	LSM-36645	NA	10uM	NPC	24h	LINCSCP_42245
LINCSCP_64739	-0.9982628823	0.03752948773	3	BRD-K05912972	LSM-37595	NA	10uM	VCAP	6h	LINCSCP_64739
LINCSCP_112227	-0.9982586508	0.03757518264	3	BS-181	LSM-6305	NA	0.12uM	HEPG2	24h	LINCSCP_112227
LINCSCP_60567	0.9982577813	0.03758456518	3	MLS003129666	LSM-7465	NA	5uM	VCAP	24h	LINCSCP_60567
LINCSCP_78326	0.9982574538	0.03758809808	3	NMS-1286937	LSM-45818	NA	0.12uM	A375	24h	LINCSCP_78326
LINCSCP_310484	-0.998255947	0.03760435162	3	BRD-K96170115	LSM-42490	NA	10uM	VCAP	24h	LINCSCP_310484
LINCSCP_52191	0.9982554506	0.03760970388	3	ST019366	LSM-4420	NA	10uM	SKB	24h	LINCSCP_52191
LINCSCP_165514	0.9982552093	0.03761230568	3	FR-180204	LSM-42790	MAPK1|MAPK3	10uM	SKL	24h	LINCSCP_165514
LINCSCP_267279	-0.9982543612	0.0376214486	3	Minoxidil	LSM-2134	ABCC9|KCNJ11|KCNJ8	10uM	PC3	24h	LINCSCP_267279
LINCSCP_16625	-0.9982540406	0.03762490376	3	CHEMBL585951	LSM-36386	MAPK8	10uM	HA1E	6h	LINCSCP_16625
LINCSCP_61568	-0.9982523394	0.0376432352	3	CHEMBL3183232	LSM-9626	NA	5uM	VCAP	24h	LINCSCP_61568
LINCSCP_69619	0.9982493305	0.03767563548	3	Imatinib	LSM-1023	ABL1|BCR|CSF1R|KIT|PDGFRA|PDGFRB	0.04uM	A375	24h	LINCSCP_69619
LINCSCP_28161	0.99824802	0.03768973858	3	BRD-K66658536	LSM-40906	NA	5uM	HT29	24h	LINCSCP_28161
LINCSCP_76119	0.998247474	0.0376956121	3	Dacomitinib	LSM-42808	EGFR|ERBB2|ERBB3|ERBB4	0.37uM	A375	24h	LINCSCP_76119
LINCSCP_216470	0.9982474547	0.0376958196	3	59826-53-8	LSM-3066	NA	10uM	HCC515	6h	LINCSCP_216470
LINCSCP_163182	0.9982463913	0.037707258	3	Mitoxantrone	LSM-2481	TOP2A	3.33uM	SKBR3	3h	LINCSCP_163182
LINCSCP_15089	-0.9982455888	0.0377158876	3	SB258585	LSM-3812	HTR6	10uM	HA1E	24h	LINCSCP_15089
LINCSCP_221488	0.9982453592	0.03771835574	3	Tyrphostin AG 527	LSM-42874	EGFR	3uM	HEPG2	24h	LINCSCP_221488
LINCSCP_39521	-0.9982426299	0.03774768792	3	PF477736	LSM-1112	CHEK1	0.1uM	MDAMB231	6h	LINCSCP_39521
LINCSCP_25184	-0.9982418573	0.03775598728	3	Primidone	LSM-2700	GABRA1|GABRA2|GABRA3|GABRA4|GABRA5|GABRA6|GABRB1|GABRB2|GABRB3|GABRD|GABRE|GABRG1|GABRG2|GABRG3|GABRP|GABRQ|SCN10A|SCN11A|SCN1A|SCN2A|SCN3A|SCN4A|SCN5A|SCN7A|SCN8A|SCN9A	10uM	HT29	6h	LINCSCP_25184
LINCSCP_310196	0.9982414149	0.03776073885	3	BRD-K85565420	LSM-45348	NA	30uM	VCAP	6h	LINCSCP_310196
LINCSCP_134860	-0.9982413339	0.03776160826	3	Nevirapine	LSM-5336	CYP1A2|CYP2A6|CYP2B6|CYP2C9|CYP2D6|CYP3A4|CYP3A5	10uM	MCF7	24h	LINCSCP_134860
LINCSCP_17584	0.9982405662	0.03776985244	3	Fumonisin-B1	LSM-6190	CERS1	100uM	HCC15	6h	LINCSCP_17584
LINCSCP_107189	-0.9982400652	0.03777523053	3	MG-132	LSM-1107	PSMB1	20uM	HELA	24h	LINCSCP_107189
LINCSCP_106042	-0.9982379862	0.0377975427	3	CEP-18770 (Delanzomib)	LSM-45410	NA	3.33uM	HELA	24h	LINCSCP_106042
LINCSCP_204120	-0.9982368713	0.03780950209	3	131780-47-7	LSM-2686	CHRM3	10uM	ASC	24h	LINCSCP_204120
LINCSCP_35308	-0.9982356426	0.03782267832	3	BRD-K34230554	LSM-39140	NA	10uM	MCF7	24h	LINCSCP_35308
LINCSCP_129709	0.998235399	0.03782529025	3	Vandetanib	LSM-1199	EGFR|EPHA1|EPHA10|EPHA2|EPHA3|EPHA4|EPHA5|EPHA6|EPHA7|EPHA8|EPHB1|EPHB2|EPHB3|EPHB4|EPHB6|ERBB2|ERBB3|ERBB4|FLT1|FLT4|KDR|PTK6|RET|SRC|TEK	10uM	JURKAT	24h	LINCSCP_129709
LINCSCP_91942	-0.9982347299	0.0378324629	3	N-Butyldeoxynojirmycin HCL	LSM-45962	UGCG	10uM	HA1E	24h	LINCSCP_91942
LINCSCP_162999	0.9982342073	0.03783806401	3	Radicicol	LSM-43303	NA	0.37uM	SKBR3	24h	LINCSCP_162999
LINCSCP_35755	-0.9982335687	0.03784490695	3	Perhexiline	LSM-4353	CPT1A|CPT2	0.01uM	MCF7	6h	LINCSCP_35755
LINCSCP_55877	-0.9982320647	0.03786101977	3	SPECTRUM_000897	LSM-1378	NR3C1	10uM	VCAP	24h	LINCSCP_55877
LINCSCP_114336	-0.9982319474	0.03786227658	3	PD-0325901	LSM-1101	MAP2K1|MAP2K2	1.11uM	HME1	24h	LINCSCP_114336
LINCSCP_153291	0.9982319324	0.03786243645	3	MG-132	LSM-1107	PSMB1	20uM	PC3	24h	LINCSCP_153291
LINCSCP_4971	-0.9982316487	0.03786547508	3	MLS001065866	LSM-3212	NA	10uM	A549	24h	LINCSCP_4971
LINCSCP_27551	0.9982306795	0.0378758532	3	BRD-K56665985	LSM-11854	NA	5uM	HT29	24h	LINCSCP_27551
LINCSCP_112145	0.9982297751	0.03788553557	3	MLN-0128	LSM-1206	MTOR	10uM	HEPG2	24h	LINCSCP_112145
LINCSCP_29582	-0.9982293511	0.03789007394	3	TORIN-2	LSM-1080	MTOR	0.1uM	MCF10A	24h	LINCSCP_29582
LINCSCP_86278	-0.998229304	0.03789057786	3	SCHEMBL17052537	LSM-5803	BTK|JAK3|MKNK2|MTOR|PRKDC	0.12uM	BT20	3h	LINCSCP_86278
LINCSCP_62469	-0.9982290594	0.03789319572	3	BRD-K67094066	LSM-12514	NA	5uM	VCAP	24h	LINCSCP_62469
LINCSCP_77268	0.9982285501	0.03789864528	3	BI-2536	LSM-1041	PLK1	0.04uM	A375	24h	LINCSCP_77268
LINCSCP_22281	0.9982279187	0.03790540156	3	CHEMDIV3_007370	LSM-4399	NA	10uM	HEPG2	6h	LINCSCP_22281
LINCSCP_7189	-0.9982275795	0.03790902966	3	CGS 20625	LSM-3520	GABRA1|GABRA2|GABRA3|GABRA4|GABRA5|GABRA6	10uM	A549	6h	LINCSCP_7189
LINCSCP_365	-0.9982271889	0.0379132083	3	Daphnetin	LSM-3366	NA	10uM	A375	24h	LINCSCP_365
LINCSCP_58404	-0.9982261558	0.03792425602	3	SCHEMBL10028379	LSM-4720	NA	10uM	VCAP	24h	LINCSCP_58404
LINCSCP_87968	-0.9982255238	0.03793101439	3	BMS-345541	LSM-1028	IKBKB	10uM	HA1E	24h	LINCSCP_87968
LINCSCP_26132	0.9982252439	0.03793400579	3	MLS002699811	LSM-3541	NA	10uM	HT29	6h	LINCSCP_26132
LINCSCP_131784	0.9982238299	0.03794911951	3	Imatinib	LSM-1023	ABL1|BCR|CSF1R|KIT|PDGFRA|PDGFRB	10uM	MCF10A	3h	LINCSCP_131784
LINCSCP_11380	0.9982232241	0.03795559211	3	Isocycloheximide	LSM-1687	RPL3	10uM	ASC	24h	LINCSCP_11380
LINCSCP_8137	-0.9982231811	0.03795605203	3	BRD-K33326988	LSM-39098	NA	5uM	A549	24h	LINCSCP_8137
LINCSCP_5854	-0.9982203586	0.03798619509	3	5-Fluoropyrimidin-2-ol	LSM-37054	TYMS	10uM	A549	6h	LINCSCP_5854
LINCSCP_141627	0.9982197953	0.03799220859	3	Podofilox	LSM-3055	NA	0.12uM	MCF7	24h	LINCSCP_141627
LINCSCP_169763	0.9982194447	0.03799595091	3	Meisoindigo	LSM-45840	NA	0.04uM	YAPC	24h	LINCSCP_169763
LINCSCP_111175	-0.9982192553	0.0379979716	3	Gestrinone	LSM-45597	NA	10uM	HELA	24h	LINCSCP_111175
LINCSCP_52471	0.9982192459	0.03799807241	3	QL-XI-92	LSM-42736	DDR1	10uM	SKB	24h	LINCSCP_52471
LINCSCP_31029	-0.9982184511	0.0380065534	3	MLS001065864	LSM-4239	NA	10uM	MCF7	24h	LINCSCP_31029
LINCSCP_59422	0.9982180463	0.03801087237	3	Flecainide	LSM-1297	SCN5A	10uM	VCAP	24h	LINCSCP_59422
LINCSCP_220089	0.9982179016	0.03801241685	3	NCGC00170203-01	LSM-36691	NA	10uM	HEPG2	6h	LINCSCP_220089
LINCSCP_144654	-0.9982177844	0.03801366722	3	WZ3105	LSM-5970	CLK2|CSNK1E|FLT3|ULK1	1.11uM	MDAMB231	24h	LINCSCP_144654
LINCSCP_53223	0.99821725	0.03801936744	3	ICG-001	LSM-6267	NA	10uM	SKM1	6h	LINCSCP_53223
LINCSCP_218856	-0.9982167547	0.03802464974	3	Allantoin	LSM-5190	NA	3uM	HEK293T	24h	LINCSCP_218856
LINCSCP_70262	-0.9982165142	0.03802721472	3	852475-26-4	LSM-43291	NA	0.04uM	A375	24h	LINCSCP_70262
LINCSCP_17558	0.9982163972	0.03802846277	3	MLS000564806	LSM-4368	NA	10uM	HCC15	6h	LINCSCP_17558
LINCSCP_30890	0.998213295	0.03806152919	3	SJ 172550	LSM-43286	MDM4	10uM	MCF7	6h	LINCSCP_30890
LINCSCP_45307	0.9982129123	0.0380656067	3	CHEMBL1405981	LSM-2930	NA	10uM	PC3	24h	LINCSCP_45307
LINCSCP_165690	-0.9982122081	0.0380731073	3	ABT737	LSM-1180	BCL2|BCL2L1|BCL2L2	1.11uM	SKL	24h	LINCSCP_165690
LINCSCP_42441	0.998211763	0.03807784794	3	Retinyl Acetate	LSM-43225	NA	10uM	NPC	24h	LINCSCP_42441
LINCSCP_234766	0.9982117375	0.03807812028	3	SMR000162699	LSM-3117	NA	40uM	LOVO	6h	LINCSCP_234766
LINCSCP_43932	0.9982115372	0.03808025249	3	Trichostatin A, Streptomyces Sp.	LSM-42814	HDAC1|HDAC10|HDAC3|HDAC4|HDAC6|HDAC7|HDAC8	1uM	PC3	6h	LINCSCP_43932
LINCSCP_59168	0.998210798	0.03808812433	3	SA-423131	LSM-37480	NA	10uM	VCAP	24h	LINCSCP_59168
LINCSCP_15206	-0.998210467	0.03809164793	3	AC1NXRFO	LSM-43270	NA	40uM	HA1E	24h	LINCSCP_15206
LINCSCP_57577	0.9982104661	0.03809165724	3	ML239	LSM-3882	NA	10uM	VCAP	24h	LINCSCP_57577
LINCSCP_30907	-0.99821034	0.03809299998	3	CHEMBL1521956	LSM-1632	NA	10uM	MCF7	24h	LINCSCP_30907
LINCSCP_79378	-0.9982102533	0.03809392343	3	Clenbuterol	LSM-5144	ADRB2	0.04uM	A375	24h	LINCSCP_79378
LINCSCP_7272	-0.9982101179	0.03809536426	3	Seliciclib	LSM-1001	CDK1|CDK2|CDK5|CDK7|CDK9	10uM	A549	24h	LINCSCP_7272
LINCSCP_29635	0.9982093467	0.03810357265	3	GSK-461364	LSM-1013	PLK1	10uM	MCF10A	24h	LINCSCP_29635
LINCSCP_2635	-0.9982088817	0.03810852195	3	Zoxazolamine	LSM-3476	NA	10uM	A375	6h	LINCSCP_2635
LINCSCP_57037	0.9982072814	0.03812554725	3	AG 14361	LSM-1988	PARP1	20uM	VCAP	6h	LINCSCP_57037
LINCSCP_53911	0.9982071157	0.03812730933	3	MLS000063560	LSM-2612	NA	10uM	SNUC5	6h	LINCSCP_53911
LINCSCP_121537	0.9982070656	0.03812784196	3	Ixabepilone	LSM-43293	TUBA1A|TUBA1B|TUBA1C|TUBA3E|TUBA4A|TUBB|TUBB1|TUBB2A|TUBB2B|TUBB3|TUBB4A|TUBB4B|TUBB6|TUBB8	1.11uM	HT29	24h	LINCSCP_121537
LINCSCP_134019	-0.9982057936	0.03814136917	3	CGP 60474	LSM-1025	CDK1	10uM	MCF7	24h	LINCSCP_134019
LINCSCP_23879	0.9982053961	0.03814559535	3	Tozasertib	LSM-1021	ABL1|AURKA|AURKB|AURKC|BCR|FLT3|JAK2	0.04uM	HEPG2	24h	LINCSCP_23879
LINCSCP_177039	-0.9982035227	0.03816550559	3	Andreson	LSM-2965	NA	10uM	A375	6h	LINCSCP_177039
LINCSCP_246761	-0.9982033943	0.03816687023	3	BRD-K66577472	LSM-12482	NA	5uM	MCF7	24h	LINCSCP_246761
LINCSCP_42144	-0.9982028333	0.03817283073	3	T5820451	LSM-2682	NA	10uM	NPC	24h	LINCSCP_42144
LINCSCP_8608	-0.9982017663	0.038184164	3	BRD-K11359987	LSM-9119	NA	5uM	A549	24h	LINCSCP_8608
LINCSCP_16162	-0.9982004963	0.0381976491	3	MLS002474519	LSM-3917	TOP2A	10uM	HA1E	6h	LINCSCP_16162
LINCSCP_42202	-0.9981982561	0.0382214258	3	ST50764508	LSM-4742	NA	10uM	NPC	24h	LINCSCP_42202
LINCSCP_46315	-0.9981978643	0.03822558226	3	MLS-0435557.0001	LSM-4864	NA	10uM	PC3	6h	LINCSCP_46315
LINCSCP_24213	-0.9981976546	0.0382278068	3	Plerixafor	LSM-36826	CXCR4	10uM	HS27A	6h	LINCSCP_24213
LINCSCP_28728	-0.9981975975	0.03822841242	3	Rotenone	LSM-5260	MT-ND1	0.1uM	HUH7	24h	LINCSCP_28728
LINCSCP_167063	-0.9981969391	0.03823539623	3	Methocarbamol	LSM-1453	CA1	0.37uM	YAPC	24h	LINCSCP_167063
LINCSCP_84421	-0.9981966529	0.03823843154	3	C30H33N3O5S	LSM-1156	ATM	0.04uM	ASC	24h	LINCSCP_84421
LINCSCP_57430	-0.9981963955	0.03824116156	3	AC1LWSL2	LSM-3096	NA	10uM	VCAP	6h	LINCSCP_57430
LINCSCP_107431	0.9981962233	0.03824298693	3	BI-2536	LSM-1041	PLK1	0.12uM	HELA	24h	LINCSCP_107431
LINCSCP_151327	-0.9981956792	0.03824875656	3	TAE-684	LSM-1024	ALK	10uM	PC3	24h	LINCSCP_151327
LINCSCP_99637	-0.9981954259	0.03825144221	3	Erlotinib	LSM-1097	EGFR	3.33uM	HCC515	24h	LINCSCP_99637
LINCSCP_64598	-0.9981945768	0.03826044291	3	Withaferin A	LSM-6685	IKBKB|NAMPT	20uM	VCAP	6h	LINCSCP_64598
LINCSCP_40161	0.9981944664	0.03826161284	3	IN1541	LSM-4460	PRKAA1	10uM	NCIH508	6h	LINCSCP_40161
LINCSCP_116679	0.9981929169	0.03827803204	3	PD-173074	LSM-1026	FGFR1|FGFR3	10uM	HT29	24h	LINCSCP_116679
LINCSCP_9707	-0.9981927373	0.03827993513	3	PJ34	LSM-4937	NA	0.1uM	A549	24h	LINCSCP_9707
LINCSCP_13738	0.9981926176	0.0382812029	3	Vegf receptor 2 kinase inhibitor iv	LSM-3373	KDR	10uM	HA1E	24h	LINCSCP_13738
LINCSCP_37124	-0.9981914991	0.03829305026	3	SA-96805	LSM-39472	NA	0.5uM	MCF7	6h	LINCSCP_37124
LINCSCP_101902	-0.9981900614	0.03830827259	3	179324-69-7	LSM-6281	ADRM1|PSMA1|PSMA2|PSMA3|PSMA4|PSMA5|PSMA6|PSMA7|PSMA8|PSMB1|PSMB10|PSMB11|PSMB2|PSMB3|PSMB4|PSMB5|PSMB6|PSMB7|PSMB8|PSMB9|PSMC1|PSMC2|PSMC3|PSMC4|PSMC5|PSMC6|PSMD1|PSMD11|PSMD12|PSMD13|PSMD14|PSMD2|PSMD3|PSMD4|PSMD6|PSMD7|PSMD8|SEM1	20uM	HELA	24h	LINCSCP_101902
LINCSCP_117597	0.9981895996	0.03831316021	3	amcinonide	NA	NA	10uM	HT29	24h	LINCSCP_117597
LINCSCP_24252	0.9981891148	0.03831829135	3	Seliciclib	LSM-1001	CDK1|CDK2|CDK5|CDK7|CDK9	1uM	HS578T	24h	LINCSCP_24252
LINCSCP_14279	-0.9981890135	0.03831936391	3	SB-202190	LSM-3209	MAPK14	10uM	HA1E	6h	LINCSCP_14279
LINCSCP_162958	0.9981884933	0.03832486829	3	CP466722	LSM-1009	ATM	0.12uM	SKBR3	24h	LINCSCP_162958
LINCSCP_100750	-0.9981879265	0.03833086601	3	NU-7026	LSM-2191	PRKDC	1.11uM	HCC515	24h	LINCSCP_100750
LINCSCP_15626	-0.9981870272	0.03834037884	3	KO143	LSM-6260	ABCG2	40uM	HA1E	6h	LINCSCP_15626
LINCSCP_237804	0.9981868268	0.03834249852	3	Dicloxacillin	LSM-5234	NA	10uM	MCF7	24h	LINCSCP_237804
LINCSCP_149052	0.9981868212	0.03834255791	3	PD-0325901	LSM-1101	MAP2K1|MAP2K2	3.33uM	NPC	24h	LINCSCP_149052
LINCSCP_153486	-0.9981864991	0.03834596441	3	Rimexolone	LSM-2685	NR3C1	10uM	PC3	24h	LINCSCP_153486
LINCSCP_220442	-0.9981858433	0.03835289882	3	MLS002222336	LSM-1855	PTGS1|PTGS2	10uM	HEPG2	6h	LINCSCP_220442
LINCSCP_41715	-0.9981854375	0.03835718917	3	MLS000778276	LSM-43118	NA	10uM	NKDBA	24h	LINCSCP_41715
LINCSCP_73710	0.9981850529	0.03836125565	3	Perindopril	LSM-4080	ACE	0.37uM	A375	24h	LINCSCP_73710
LINCSCP_39146	-0.9981849368	0.03836248288	3	SB590885	LSM-42746	BRAF	1uM	MDAMB231	6h	LINCSCP_39146
LINCSCP_15830	0.9981844987	0.03836711354	3	MLS000108814	LSM-1588	NA	10uM	HA1E	6h	LINCSCP_15830
LINCSCP_81376	-0.9981833709	0.03837903283	3	SCHEMBL3958507	LSM-5245	COQ8B|EGFR	10uM	A549	24h	LINCSCP_81376
LINCSCP_68289	0.9981827251	0.03838585578	3	Trichostatin A, Streptomyces Sp.	LSM-42814	HDAC1|HDAC10|HDAC3|HDAC4|HDAC6|HDAC7|HDAC8	10uM	VCAP	6h	LINCSCP_68289
LINCSCP_202643	0.998182368	0.03838962828	3	Raloxifene	LSM-3425	ESR1|ESR2	0.04uM	A549	24h	LINCSCP_202643
LINCSCP_67932	0.9981814293	0.03839954264	3	Vorinostat	LSM-3828	HDAC1|HDAC2|HDAC3|HDAC6|HDAC8	10uM	PC3	6h	LINCSCP_67932
LINCSCP_172803	0.9981813293	0.03840059929	3	Famciclovir	LSM-2990	NA	1.11uM	YAPC	24h	LINCSCP_172803
LINCSCP_218478	-0.9981805871	0.03840843584	3	SMR001317659	LSM-2094	NA	0.5uM	HCT116	6h	LINCSCP_218478
LINCSCP_32109	-0.9981805146	0.03840920117	3	AC1N9M1C	LSM-4494	NA	10uM	MCF7	24h	LINCSCP_32109
LINCSCP_270146	-0.998180316	0.03841129819	3	AC1MFIS3	LSM-6420	NA	10uM	PC3	24h	LINCSCP_270146
LINCSCP_75177	-0.9981797929	0.03841682033	3	Celecoxib	LSM-2032	PTGS2	0.12uM	A375	24h	LINCSCP_75177
LINCSCP_20097	-0.9981793344	0.03842166038	3	BIX01294	LSM-4571	EHMT2	10uM	HCC515	6h	LINCSCP_20097
LINCSCP_54515	-0.9981788841	0.03842641247	3	Dalcetrapib	LSM-6227	CETP	80uM	SW948	6h	LINCSCP_54515
LINCSCP_111678	-0.9981785747	0.03842967836	3	BRD-A24396574-001-01-5	LSM-5006	NA	0.04uM	HEPG2	24h	LINCSCP_111678
LINCSCP_133240	-0.9981783682	0.03843185727	3	CHIR-99021	LSM-1181	NA	10uM	MCF7	3h	LINCSCP_133240
LINCSCP_43628	-0.9981770714	0.03844553814	3	BG-1031	LSM-37111	NA	10uM	NPC	6h	LINCSCP_43628
LINCSCP_93340	-0.9981768844	0.03844751118	3	CI-218872	LSM-1991	GABRA1	3.33uM	HA1E	24h	LINCSCP_93340
LINCSCP_103375	0.9981765282	0.03845126747	3	Glafenine	LSM-4419	CFTR	3.33uM	HELA	24h	LINCSCP_103375
LINCSCP_310552	0.9981750542	0.0384668103	3	LY-294002	LSM-2597	MTOR|PIK3CA|PIK3CB|PIK3CD|PIK3CG|PLK1|PRKDC	1uM	VCAP	6h	LINCSCP_310552
LINCSCP_52629	-0.9981739777	0.03847815714	3	Lidoflazine	LSM-3397	NA	10uM	SKB	24h	LINCSCP_52629
LINCSCP_57905	-0.9981726444	0.03849220639	3	Azithromycin	LSM-5821	NA	10uM	VCAP	6h	LINCSCP_57905
LINCSCP_67073	-0.9981721532	0.03849738146	3	13-Hydroxy-8,14,19-trimethoxy-4,10,12,16-tetramethyl-3,20,22-trioxo-2-azabicyclo[16.3.1]docosa-1(21),4,6,10,18-pentaen-9-yl carbamate	LSM-42815	HSP90AA1	10uM	HT29	6h	LINCSCP_67073
LINCSCP_107655	-0.9981720311	0.03849866726	3	BRD-A98888159	LSM-45917	NA	0.37uM	HELA	24h	LINCSCP_107655
LINCSCP_137182	-0.9981713779	0.03850554809	3	Sepantronium	LSM-5399	BIRC5	0.12uM	MCF7	24h	LINCSCP_137182
LINCSCP_91584	0.9981700179	0.03851986819	3	Diethylpropion	LSM-5038	SLC6A2|SLC6A3	1.11uM	HA1E	24h	LINCSCP_91584
LINCSCP_74931	-0.9981688243	0.03853243277	3	Adarotene	LSM-45863	NA	3.33uM	A375	24h	LINCSCP_74931
LINCSCP_12908	0.9981679996	0.03854111045	3	CHEMBL436817	LSM-6200	NA	40uM	EFO27	6h	LINCSCP_12908
LINCSCP_167366	-0.9981678411	0.03854277801	3	Dolutegravir (GSK1349572)	LSM-45596	NA	10uM	YAPC	24h	LINCSCP_167366
LINCSCP_7576	-0.9981671178	0.03855038808	3	Btcp	LSM-4551	NA	10uM	A549	24h	LINCSCP_7576
LINCSCP_261820	0.9981665164	0.03855671412	3	ZINC03513106	LSM-6523	NA	10uM	NPC	24h	LINCSCP_261820
LINCSCP_52221	-0.9981660043	0.03856209973	3	AB01274770-01	LSM-5349	TOP2A	10uM	SKB	24h	LINCSCP_52221
LINCSCP_11516	-0.9981650333	0.03857230976	3	Promazine	LSM-2137	CHRM5|DRD2|DRD3|DRD4|HTR2A	10uM	ASC	24h	LINCSCP_11516
LINCSCP_147328	0.9981643641	0.03857934451	3	GW620972X	LSM-1209	NA	10uM	NEU	24h	LINCSCP_147328
LINCSCP_69064	-0.9981643417	0.03857958007	3	Dovitinib	LSM-1127	EGFR|FGFR1|FGFR2|FGFR3|FLT1|FLT3|FLT4|KDR|KIT|PDGFRA|PDGFRB	3.33uM	A375	24h	LINCSCP_69064
LINCSCP_103996	-0.9981634642	0.03858880272	3	Mefloquine	LSM-5525	NA	0.04uM	HELA	24h	LINCSCP_103996
LINCSCP_8646	-0.9981630827	0.03859281209	3	BRD-K75368232	LSM-13037	NA	5uM	A549	24h	LINCSCP_8646
LINCSCP_26959	-0.9981624647	0.03859930517	3	Delcorine	LSM-1882	NA	10uM	HT29	6h	LINCSCP_26959
LINCSCP_18180	0.9981610874	0.03861377298	3	Dobutamine	LSM-1807	ADRB1|ADRB2	10uM	HCC515	24h	LINCSCP_18180
LINCSCP_43507	0.9981595238	0.03863019134	3	MC-1293	LSM-44657	NA	10uM	NPC	24h	LINCSCP_43507
LINCSCP_18077	-0.9981589312	0.03863641169	3	979-32-8	LSM-1523	ESR1	10uM	HCC515	6h	LINCSCP_18077
LINCSCP_34376	0.9981585722	0.03864017898	3	Azathioprine	LSM-42936	PPAT	10uM	MCF7	6h	LINCSCP_34376
LINCSCP_142866	-0.99815815	0.03864461069	3	Pralatrexate	LSM-45944	DHFR	3.33uM	MCF7	24h	LINCSCP_142866
LINCSCP_15495	0.9981574538	0.03865191524	3	L-Sulforaphane	LSM-4919	NFE2L2	10uM	HA1E	6h	LINCSCP_15495
LINCSCP_56483	0.9981557004	0.03867030759	3	Oxfendazole	LSM-1466	NA	10uM	VCAP	6h	LINCSCP_56483
LINCSCP_57514	-0.9981556147	0.03867120619	3	MLS003221410	LSM-1829	NA	10uM	VCAP	24h	LINCSCP_57514
LINCSCP_69141	-0.9981547229	0.03868055679	3	CP466722	LSM-1009	ATM	10uM	A375	24h	LINCSCP_69141
LINCSCP_133644	0.9981537317	0.03869094755	3	C30H33N3O5S	LSM-1156	ATM	3.33uM	MCF7	24h	LINCSCP_133644
LINCSCP_36507	-0.9981530124	0.03869848583	3	Palbociclib	LSM-1071	CCND1|CDK4|CDK6	1uM	MCF7	24h	LINCSCP_36507
LINCSCP_63587	-0.998152702	0.03870173924	3	BRD-K31830150	LSM-10360	NA	5uM	VCAP	6h	LINCSCP_63587
LINCSCP_77899	-0.9981526321	0.03870247131	3	Refametinib	LSM-45886	NA	0.37uM	A375	24h	LINCSCP_77899
LINCSCP_146429	-0.9981518839	0.03871031012	3	OSI-930	LSM-1179	FLT1|FLT4|KDR|KIT	10uM	NEU	24h	LINCSCP_146429
LINCSCP_26728	-0.998151288	0.03871655263	3	Elliptecine	LSM-4842	TOP2A|TOP2B	10uM	HT29	6h	LINCSCP_26728
LINCSCP_156464	0.9981504534	0.0387252933	3	DOCETAXEL	LSM-45649	NA	1.11uM	PC3	24h	LINCSCP_156464
LINCSCP_44857	0.9981500739	0.03872926754	3	Oligomycin A	LSM-43272	ATP5A1	10uM	PC3	24h	LINCSCP_44857
LINCSCP_174892	-0.998149825	0.03873187407	3	3-Deazaadenosine	LSM-45781	NA	0.04uM	YAPC	24h	LINCSCP_174892
LINCSCP_119705	0.9981494651	0.03873564154	3	Alectinib	LSM-1202	ALK|RET	0.37uM	HT29	24h	LINCSCP_119705
LINCSCP_56358	-0.9981487077	0.03874357061	3	Terfenadine	LSM-1273	HRH1|KCNH2	10uM	VCAP	24h	LINCSCP_56358
LINCSCP_122390	0.9981481106	0.03874981998	3	CGP-12177	LSM-1474	NA	0.12uM	HT29	24h	LINCSCP_122390
LINCSCP_15645	0.9981470497	0.0387609212	3	ICG-001	LSM-6267	NA	10uM	HA1E	6h	LINCSCP_15645
LINCSCP_101863	-0.9981463701	0.03876803075	3	17-DMAG (Alvespimycin) HCl	LSM-46133	NA	0.37uM	HELA	24h	LINCSCP_101863
LINCSCP_10879	0.9981427622	0.03880575297	3	20554-84-1	LSM-43090	NA	10uM	ASC	24h	LINCSCP_10879
LINCSCP_74720	0.9981423955	0.03880958506	3	Dicloxacillin	LSM-5234	NA	0.12uM	A375	24h	LINCSCP_74720
LINCSCP_32129	-0.9981418847	0.03881492257	3	CHEMBL3184547	LSM-43084	NA	10uM	MCF7	24h	LINCSCP_32129
LINCSCP_161482	0.998141257	0.03882147987	3	cortisone-acetate	LSM-45387	TUBA1A|TUBA1B|TUBA1C|TUBA3E|TUBA4A|TUBB|TUBB1|TUBB2A|TUBB2B|TUBB3|TUBB4A|TUBB4B|TUBB6|TUBB8	1.11uM	PC3	24h	LINCSCP_161482
LINCSCP_92552	-0.998140657	0.03882774743	3	Taranabant	LSM-45803	CNR1	0.04uM	HA1E	24h	LINCSCP_92552
LINCSCP_68420	-0.998140232	0.03883218577	3	Vorinostat	LSM-3828	HDAC1|HDAC2|HDAC3|HDAC6|HDAC8	10uM	VCAP	24h	LINCSCP_68420
LINCSCP_172995	0.9981401212	0.03883334248	3	MG-132	LSM-1107	PSMB1	20uM	YAPC	24h	LINCSCP_172995
LINCSCP_103174	0.9981398817	0.03883584421	3	Benfluorex	LSM-4365	HMGCR	0.37uM	HELA	24h	LINCSCP_103174
LINCSCP_164386	-0.9981391814	0.03884315585	3	PHA-767491	LSM-6304	NA	10uM	SKL.C	24h	LINCSCP_164386
LINCSCP_75541	-0.9981384632	0.03885065396	3	127408-30-4	LSM-2947	KCNJ8	0.04uM	A375	24h	LINCSCP_75541
LINCSCP_211587	0.9981383653	0.03885167552	3	BRD-K35669573	LSM-29348	NA	10uM	HA1E	6h	LINCSCP_211587
LINCSCP_110893	-0.9981380435	0.03885503392	3	Tirapazamine	LSM-45275	NA	10uM	HELA	24h	LINCSCP_110893
LINCSCP_94951	-0.9981378844	0.03885669493	3	Aphidicolin	LSM-45486	NA	0.37uM	HA1E	24h	LINCSCP_94951
LINCSCP_26813	0.998137412	0.03886162495	3	Thiotepa	LSM-2194	CYP2B6|CYP3A4	10uM	HT29	6h	LINCSCP_26813
LINCSCP_57626	-0.9981357208	0.03887926863	3	MLS003128611	LSM-2220	NA	10uM	VCAP	6h	LINCSCP_57626
LINCSCP_257471	-0.9981345443	0.0388915389	3	PAC-1	LSM-3119	CASP3	10uM	NCIH508	6h	LINCSCP_257471
LINCSCP_91450	0.9981338075	0.0388992205	3	Sorafenib	LSM-1008	BRAF|DDR2|FGFR1|FLT1|FLT3|FLT4|KDR|KIT|PDGFRB|RAF1|RET	10uM	HA1E	24h	LINCSCP_91450
LINCSCP_42388	-0.9981332567	0.0389049627	3	Saracatinib	LSM-1032	ABL1|SRC	10uM	NPC	24h	LINCSCP_42388
LINCSCP_69786	-0.9981324914	0.03891293894	3	AZD4547	LSM-6308	NA	10uM	A375	24h	LINCSCP_69786
LINCSCP_45781	-0.9981323273	0.0389146498	3	Lovastatin	LSM-2189	HMGCR	10uM	PC3	6h	LINCSCP_45781
LINCSCP_34714	0.9981320603	0.0389174316	3	Acetaminophen	LSM-5533	FAAH|PTGS1|PTGS2|TRPV1	10uM	MCF7	6h	LINCSCP_34714
LINCSCP_80435	0.9981319882	0.03891818357	3	179324-69-7	LSM-6281	ADRM1|PSMA1|PSMA2|PSMA3|PSMA4|PSMA5|PSMA6|PSMA7|PSMA8|PSMB1|PSMB10|PSMB11|PSMB2|PSMB3|PSMB4|PSMB5|PSMB6|PSMB7|PSMB8|PSMB9|PSMC1|PSMC2|PSMC3|PSMC4|PSMC5|PSMC6|PSMD1|PSMD11|PSMD12|PSMD13|PSMD14|PSMD2|PSMD3|PSMD4|PSMD6|PSMD7|PSMD8|SEM1	20uM	A375	24h	LINCSCP_80435
LINCSCP_138201	-0.9981317719	0.0389204367	3	Ledipasvir	LSM-45925	NA	0.37uM	MCF7	24h	LINCSCP_138201
LINCSCP_33961	-0.9981316039	0.03892218707	3	CHEMBL1478888	LSM-6413	NA	10uM	MCF7	6h	LINCSCP_33961
LINCSCP_54997	-0.99813137	0.03892462397	3	10-DEBC	LSM-4710	PIM1	20uM	THP1	6h	LINCSCP_54997
LINCSCP_146207	-0.998130308	0.03893568763	3	BMS-777607	LSM-1144	AXL|MERTK|MET|MST1R|TYRO3	1.11uM	MNEU.E	24h	LINCSCP_146207
LINCSCP_21891	-0.9981289516	0.03894981258	3	Triazolothiadiazine, 6	LSM-3276	NA	10uM	HEPG2	6h	LINCSCP_21891
LINCSCP_143741	-0.9981289434	0.03894989738	3	BX471	LSM-45629	NA	10uM	MCF7	24h	LINCSCP_143741
LINCSCP_249192	-0.9981278987	0.0389607732	3	BRD-K23217353	LSM-38534	NA	5uM	MCF7	24h	LINCSCP_249192
LINCSCP_57878	-0.998127252	0.03896750456	3	MLS003329219	LSM-2578	NA	10uM	VCAP	6h	LINCSCP_57878
LINCSCP_2997	-0.9981265398	0.03897491552	3	BRD-K57678861	LSM-40430	NA	10uM	A375	6h	LINCSCP_2997
LINCSCP_206902	0.9981214803	0.03902752444	3	Tetrabenazine	LSM-36891	SLC18A2	10uM	FIBRNPC	24h	LINCSCP_206902
LINCSCP_161125	-0.9981214333	0.03902801256	3	Ulipristal	LSM-45584	NA	0.04uM	PC3	24h	LINCSCP_161125
LINCSCP_131579	0.9981212785	0.03902962144	3	936890-98-1	LSM-42786	MTOR	0.04uM	MCF10A	3h	LINCSCP_131579
LINCSCP_137311	0.9981192077	0.0390511325	3	Fingolimod (FTY720) HCl	LSM-45416	S1PR1|S1PR2|S1PR3|S1PR4|S1PR5	3.33uM	MCF7	24h	LINCSCP_137311
LINCSCP_94550	-0.9981191262	0.03905197895	3	MG-132	LSM-1107	PSMB1	20uM	HA1E	24h	LINCSCP_94550
LINCSCP_16779	-0.9981180619	0.03906302986	3	Tubastatin A	LSM-4806	HDAC6	10uM	HA1E	6h	LINCSCP_16779
LINCSCP_14323	-0.9981175173	0.03906868342	3	JAK3 Inhibitor V	LSM-4150	JAK3	10uM	HA1E	6h	LINCSCP_14323
LINCSCP_3451	-0.998116926	0.03907482044	3	BRD-K30098855	LSM-38912	NA	5uM	A375	24h	LINCSCP_3451
LINCSCP_5459	-0.9981168982	0.03907510905	3	Gatifloxacin	LSM-5139	NA	10uM	A549	6h	LINCSCP_5459
LINCSCP_170850	-0.9981159493	0.0390849553	3	Anandamide	LSM-43816	CNR1|CNR2|TRPV1	1.11uM	YAPC	24h	LINCSCP_170850
LINCSCP_79388	-0.9981145875	0.03909908301	3	Apomorphine	LSM-25611	DRD2|DRD3|DRD4	0.37uM	A375	24h	LINCSCP_79388
LINCSCP_29815	-0.9981140641	0.03910451098	3	MLN-8054	LSM-1066	AURKA	10uM	MCF10A	6h	LINCSCP_29815
LINCSCP_18333	-0.9981139864	0.03910531722	3	Nortriptyline	LSM-4039	KCNJ10|SLC6A2|SLC6A4	10uM	HCC515	24h	LINCSCP_18333
LINCSCP_166430	-0.9981126094	0.03911959439	3	CEP-701	LSM-45844	NA	10uM	YAPC	24h	LINCSCP_166430
LINCSCP_261299	-0.9981124259	0.03912149657	3	MLS001207806	LSM-43094	NA	0.5uM	NOMO1	6h	LINCSCP_261299
LINCSCP_25545	-0.9981122806	0.03912300347	3	GSK-319347A	LSM-1216	IKBKG	5uM	HT29	24h	LINCSCP_25545
LINCSCP_14234	0.9981104923	0.03914153539	3	Quinpirole	LSM-2582	DRD2|DRD3|DRD4	10uM	HA1E	6h	LINCSCP_14234
LINCSCP_289600	-0.9981092612	0.03915428858	3	Phenylbutazone	LSM-2219	PTGS1|PTGS2	10uM	VCAP	24h	LINCSCP_289600
LINCSCP_69933	0.9981087501	0.03915958238	3	WZ 4002	LSM-1085	EGFR|ERBB2	0.37uM	A375	24h	LINCSCP_69933
LINCSCP_32010	0.9981085591	0.03916155987	3	SCHEMBL15422158	LSM-44565	NA	10uM	MCF7	6h	LINCSCP_32010
LINCSCP_147505	-0.9981083283	0.03916395029	3	KW-2449	LSM-42803	ABL1|AURKA|AURKB|FLT3	0.12uM	NPC.CAS9	24h	LINCSCP_147505
LINCSCP_130269	0.998107458	0.03917296156	3	A-443654	LSM-1045	NA	0.37uM	LNCAP	3h	LINCSCP_130269
LINCSCP_147512	0.9981066958	0.03918085126	3	Dasatinib	LSM-1020	ABL1|BCR|BLK|EPHA2|FGR|FRK|FYN|HCK|KIT|LCK|LYN|PDGFRB|SRC|SRMS|YES1	10uM	NPC.CAS9	24h	LINCSCP_147512
LINCSCP_133637	-0.9981064948	0.03918293166	3	KU-55933	LSM-1074	ATM	10uM	MCF7	24h	LINCSCP_133637
LINCSCP_14499	-0.9981059605	0.039188461	3	Tyrphostin B46	LSM-3628	EGFR	10uM	HA1E	24h	LINCSCP_14499
LINCSCP_10331	0.9981050889	0.03919747946	3	AKT Inhibitor VIII	LSM-1035	AKT1|AKT2	10uM	A673	6h	LINCSCP_10331
LINCSCP_137703	-0.9981047397	0.03920109268	3	Cimetidine	LSM-2404	HRH2	0.37uM	MCF7	24h	LINCSCP_137703
LINCSCP_279682	0.9981044847	0.03920372987	3	CHEMBL2381524	LSM-44612	NA	0.1uM	PC3	24h	LINCSCP_279682
LINCSCP_28586	0.998103651	0.03921235372	3	Avrainvillamide	LSM-42688	NA	10uM	HT29	24h	LINCSCP_28586
LINCSCP_1586	-0.9981036224	0.03921264908	3	Triazolothiadiazine, 6	LSM-3276	NA	10uM	A375	6h	LINCSCP_1586
LINCSCP_52810	0.9981032103	0.03921691122	3	Cyclosporin A	LSM-1703	PPIA|PPP3CA	10uM	SKB	24h	LINCSCP_52810
LINCSCP_106041	-0.9981017239	0.0392322784	3	CEP-18770 (Delanzomib)	LSM-45410	NA	10uM	HELA	24h	LINCSCP_106041
LINCSCP_37595	-0.9981016421	0.03923312442	3	SA-245650	LSM-42161	NA	0.5uM	MCF7	6h	LINCSCP_37595
LINCSCP_52417	0.9981015933	0.03923362862	3	Masitinib	LSM-1130	FGFR3|KIT|LYN|PDGFRA|PDGFRB	10uM	SKB	24h	LINCSCP_52417
LINCSCP_13718	-0.9981004341	0.03924560869	3	Clopenthixol	LSM-42927	DRD1|DRD2	10uM	HA1E	24h	LINCSCP_13718
LINCSCP_28547	-0.9980998642	0.03925149765	3	13-Hydroxy-8,14,19-trimethoxy-4,10,12,16-tetramethyl-3,20,22-trioxo-2-azabicyclo[16.3.1]docosa-1(21),4,6,10,18-pentaen-9-yl carbamate	LSM-42815	HSP90AA1	0.04uM	HT29	24h	LINCSCP_28547
LINCSCP_20775	-0.9980997459	0.03925272014	3	Tigecycline	LSM-36875	NA	0.5uM	HCC515	6h	LINCSCP_20775
LINCSCP_168495	-0.9980975069	0.03927584565	3	Lacidipine	LSM-46031	NA	1.11uM	YAPC	24h	LINCSCP_168495
LINCSCP_120990	0.998097088	0.03928017114	3	Mozavaptan	LSM-45912	NA	3.33uM	HT29	24h	LINCSCP_120990
LINCSCP_146751	-0.9980964715	0.03928653461	3	N-[4-Chloro-3-(trifluoromethyl)phenyl]-2-ethoxybenzamide	LSM-6321	NA	0.37uM	NEU	24h	LINCSCP_146751
LINCSCP_23312	-0.9980964525	0.03928673082	3	BDBM50442904	LSM-4418	NA	10uM	HEPG2	24h	LINCSCP_23312
LINCSCP_45694	-0.9980959275	0.03929215068	3	5-{[(3-Fluorophenyl)amino]methyl}quinolin-8-ol	LSM-2857	NA	10uM	PC3	24h	LINCSCP_45694
LINCSCP_71145	0.9980952691	0.03929894491	3	179324-69-7	LSM-6281	ADRM1|PSMA1|PSMA2|PSMA3|PSMA4|PSMA5|PSMA6|PSMA7|PSMA8|PSMB1|PSMB10|PSMB11|PSMB2|PSMB3|PSMB4|PSMB5|PSMB6|PSMB7|PSMB8|PSMB9|PSMC1|PSMC2|PSMC3|PSMC4|PSMC5|PSMC6|PSMD1|PSMD11|PSMD12|PSMD13|PSMD14|PSMD2|PSMD3|PSMD4|PSMD6|PSMD7|PSMD8|SEM1	20uM	A375	24h	LINCSCP_71145
LINCSCP_43956	0.9980947244	0.03930456533	3	Withaferin A	LSM-6685	IKBKB|NAMPT	10uM	PC3	6h	LINCSCP_43956
LINCSCP_173592	-0.9980943254	0.03930868265	3	Miconazole	LSM-5165	NA	3.33uM	YAPC	24h	LINCSCP_173592
LINCSCP_147136	-0.9980941385	0.03931061078	3	galantamine	NA	NA	10uM	NEU	24h	LINCSCP_147136
LINCSCP_18406	0.9980940573	0.03931144858	3	CTK8E8566	LSM-2746	NR1H4	10uM	HCC515	6h	LINCSCP_18406
LINCSCP_103747	-0.9980932984	0.03931927649	3	Fenoldopam	LSM-1609	DRD1	1.11uM	HELA	24h	LINCSCP_103747
LINCSCP_23798	-0.9980925823	0.03932666153	3	SCHEMBL17497626	LSM-44605	NA	0.5uM	HEPG2	6h	LINCSCP_23798
LINCSCP_106043	-0.9980922363	0.03933022966	3	CEP-18770 (Delanzomib)	LSM-45410	NA	1.11uM	HELA	24h	LINCSCP_106043
LINCSCP_146489	-0.9980918603	0.03933410588	3	SCHEMBL17378613	LSM-5749	CSF1R	0.04uM	NEU	24h	LINCSCP_146489
LINCSCP_43387	0.9980915791	0.03933700543	3	EX527	LSM-36370	SIRT1	10uM	NPC	24h	LINCSCP_43387
LINCSCP_252444	-0.9980914629	0.03933820337	3	SA-1939126	LSM-39500	NA	1uM	MCF7	6h	LINCSCP_252444
LINCSCP_77519	-0.9980906581	0.03934649901	3	Preladenant	LSM-45967	ADORA2A	10uM	A375	24h	LINCSCP_77519
LINCSCP_146669	-0.998090079	0.03935246727	3	AT 7867	LSM-1155	NA	1.11uM	NEU	24h	LINCSCP_146669
LINCSCP_42430	-0.9980894074	0.03935938839	3	Mirin	LSM-43213	MRE11	10uM	NPC	24h	LINCSCP_42430
LINCSCP_220399	-0.9980882743	0.039371061	3	Tetramisole	LSM-1579	NA	10uM	HEPG2	6h	LINCSCP_220399
LINCSCP_61633	-0.998088073	0.03937313444	3	BRD-K63591202	LSM-12301	NA	5uM	VCAP	24h	LINCSCP_61633
LINCSCP_96854	-0.9980861688	0.03939274283	3	Entinostat	LSM-4811	HDAC1|HDAC10|HDAC11|HDAC2|HDAC3|HDAC4|HDAC5|HDAC6|HDAC7|HDAC8|HDAC9	1.11uM	HA1E	24h	LINCSCP_96854
LINCSCP_272953	-0.9980860727	0.03939373209	3	Velnacrine	LSM-1959	NA	10uM	PC3	6h	LINCSCP_272953
LINCSCP_58733	-0.9980853657	0.03940101026	3	CHEMBL2133868	LSM-39995	NA	10uM	VCAP	6h	LINCSCP_58733
LINCSCP_279418	0.9980850875	0.03940387335	3	BRD-K14383710	LSM-38012	NA	10uM	PC3	6h	LINCSCP_279418
LINCSCP_262111	0.9980847308	0.03940754434	3	Oxaprozin	LSM-2553	PTGS1|PTGS2	10uM	NPC	24h	LINCSCP_262111
LINCSCP_61371	-0.9980836694	0.03941846579	3	BRD-K73427206	LSM-12926	NA	5uM	VCAP	6h	LINCSCP_61371
LINCSCP_294891	0.9980836211	0.03941896266	3	ST4029655	LSM-4697	NA	10uM	VCAP	24h	LINCSCP_294891
LINCSCP_31546	0.9980807365	0.03944862824	3	AC1LB5IQ	LSM-1648	NA	10uM	MCF7	24h	LINCSCP_31546
LINCSCP_152327	-0.9980795077	0.03946125865	3	Dabrafenib	LSM-6303	BRAF	0.12uM	PC3	24h	LINCSCP_152327
LINCSCP_74819	-0.9980787683	0.03946885679	3	AC1Q5RFA	LSM-43063	NA	3.33uM	A375	24h	LINCSCP_74819
LINCSCP_35889	-0.9980782274	0.03947441414	3	AG 14361	LSM-1988	PARP1	0.1uM	MCF7	24h	LINCSCP_35889
LINCSCP_78592	-0.9980776024	0.03948083524	3	PF-03814735	LSM-45437	NA	10uM	A375	24h	LINCSCP_78592
LINCSCP_110840	-0.9980772769	0.0394841781	3	SPECTRUM_000886	LSM-1906	ESR1|GNRHR	3.33uM	HELA	24h	LINCSCP_110840
LINCSCP_66173	-0.9980770375	0.03948663688	3	BRD-K82750814	LSM-41792	NA	3uM	VCAP	24h	LINCSCP_66173
LINCSCP_26246	-0.9980766609	0.03949050503	3	MLS002264414	LSM-3733	NA	10uM	HT29	6h	LINCSCP_26246
LINCSCP_152050	-0.9980759177	0.03949813645	3	Rucaparib	LSM-4947	PARP1|PARP2|PARP3	3.33uM	PC3	24h	LINCSCP_152050
LINCSCP_151985	-0.9980755032	0.03950239153	3	STK219801	LSM-43281	NA	1.11uM	PC3	24h	LINCSCP_151985
LINCSCP_42874	0.9980741908	0.03951586326	3	Phenyl Biguanide	LSM-4586	NA	10uM	NPC	24h	LINCSCP_42874
LINCSCP_2825	0.9980733384	0.03952460972	3	Pheniramine	LSM-1397	HRH1	10uM	A375	6h	LINCSCP_2825
LINCSCP_41766	0.9980725477	0.03953272183	3	Kinetin Riboside	LSM-6292	NA	10uM	NKDBA	24h	LINCSCP_41766
LINCSCP_120951	-0.9980720345	0.03953798628	3	Levothyroxine	LSM-5447	THRA|THRB	0.12uM	HT29	24h	LINCSCP_120951
LINCSCP_62091	-0.9980713682	0.03954482047	3	BRD-K38188442	LSM-10742	NA	5uM	VCAP	6h	LINCSCP_62091
LINCSCP_36613	-0.9980707023	0.03955164884	3	CP466722	LSM-1009	ATM	10uM	MCF7	6h	LINCSCP_36613
LINCSCP_31120	-0.9980704072	0.03955467494	3	MLS003128614	LSM-2014	NA	10uM	MCF7	24h	LINCSCP_31120
LINCSCP_51894	-0.9980666858	0.03959281067	3	FR-180204	LSM-42790	MAPK1|MAPK3	1uM	SKBR3	24h	LINCSCP_51894
LINCSCP_42004	0.9980654814	0.03960514527	3	BRD-K95985487-001-01-3	LSM-36800	NA	1uM	NOMO1	24h	LINCSCP_42004
LINCSCP_8302	-0.9980644239	0.03961597251	3	BRD-K09926293	LSM-6980	NA	5uM	A549	24h	LINCSCP_8302
LINCSCP_10306	0.9980640654	0.0396196428	3	YK 4-279	LSM-4933	DHX9|FLI1	10uM	A673	6h	LINCSCP_10306
LINCSCP_56061	0.9980639404	0.03962092165	3	Sinensetin	LSM-3903	NA	10uM	VCAP	24h	LINCSCP_56061
LINCSCP_33474	0.9980636507	0.03962388675	3	Abexinostat	LSM-2269	HDAC1|HDAC10|HDAC2|HDAC3|HDAC6	10uM	MCF7	6h	LINCSCP_33474
LINCSCP_158323	-0.9980631763	0.03962874259	3	MG-132	LSM-1107	PSMB1	20uM	PC3	24h	LINCSCP_158323
LINCSCP_285153	0.9980620461	0.0396403064	3	Lapatinib	LSM-1051	EGFR|ERBB2	0.1uM	SKBR3	6h	LINCSCP_285153
LINCSCP_88901	-0.9980608724	0.03965231215	3	Ischemin	LSM-6336	NA	0.37uM	HA1E	24h	LINCSCP_88901
LINCSCP_130420	-0.99806019	0.03965929073	3	CHIR-99021	LSM-1181	NA	0.12uM	LNCAP	3h	LINCSCP_130420
LINCSCP_70646	-0.9980592147	0.03966926301	3	331771-20-1	LSM-1096	AURKA|AURKB	1.11uM	A375	24h	LINCSCP_70646
LINCSCP_106641	0.9980591089	0.03967034511	3	Ivacaftor (VX-770)	LSM-45975	CFTR	0.37uM	HELA	24h	LINCSCP_106641
LINCSCP_211335	0.9980589266	0.03967220792	3	ST50206508	LSM-4392	NA	10uM	HA1E	6h	LINCSCP_211335
LINCSCP_47218	-0.9980585302	0.03967626037	3	AK-968/11369213	LSM-6608	NA	10uM	PC3	6h	LINCSCP_47218
LINCSCP_10343	-0.9980584941	0.03967662964	3	Fedratinib	LSM-1142	FLT3|JAK2	10uM	A673	6h	LINCSCP_10343
LINCSCP_170890	0.9980577867	0.03968385937	3	SR 33805 oxalate	LSM-45933	NA	10uM	YAPC	24h	LINCSCP_170890
LINCSCP_130668	0.9980575455	0.03968632407	3	Fedratinib	LSM-1142	FLT3|JAK2	3.33uM	MCF10A	24h	LINCSCP_130668
LINCSCP_10028	-0.9980565285	0.03969671477	3	Curcumin	LSM-43083	PTGS1|PTGS2	100uM	A549	24h	LINCSCP_10028
LINCSCP_164528	-0.9980555791	0.0397064131	3	AT 7867	LSM-1155	NA	0.04uM	SKL.C	24h	LINCSCP_164528
LINCSCP_59743	0.9980542896	0.03971958179	3	BRD-K21458727	LSM-38433	NA	5uM	VCAP	6h	LINCSCP_59743
LINCSCP_20490	-0.9980540884	0.03972163619	3	WHI-P97	LSM-1033	JAK3	10uM	HCC515	6h	LINCSCP_20490
LINCSCP_19092	0.9980533477	0.03972919768	3	Cidoxepin	LSM-42948	HRH1|HRH2|SLC6A2|SLC6A4	10uM	HCC515	6h	LINCSCP_19092
LINCSCP_62627	-0.9980530864	0.03973186496	3	BRD-K18187596	LSM-9518	NA	5uM	VCAP	24h	LINCSCP_62627
LINCSCP_272947	-0.9980530122	0.03973262169	3	PRESTWICK3_000650	LSM-5166	NA	10uM	PC3	6h	LINCSCP_272947
LINCSCP_130348	-0.9980527004	0.03973580406	3	Selumetinib	LSM-1056	MAP2K1|MAP2K2	0.12uM	LNCAP	3h	LINCSCP_130348
LINCSCP_58274	-0.9980520126	0.03974282327	3	Orlistat	LSM-5724	DAGLA|FASN|LIPF|PNLIP	10uM	VCAP	6h	LINCSCP_58274
LINCSCP_306993	-0.9980517636	0.03974536423	3	BRD-K28117690	LSM-10134	NA	5uM	VCAP	6h	LINCSCP_306993
LINCSCP_79804	0.9980501592	0.03976173201	3	MG-132	LSM-1107	PSMB1	20uM	A375	24h	LINCSCP_79804
LINCSCP_156463	0.9980485903	0.03977773016	3	DOCETAXEL	LSM-45649	NA	3.33uM	PC3	24h	LINCSCP_156463
LINCSCP_32820	-0.9980485031	0.03977861957	3	CGP-20712A	LSM-1454	ADRB1	10uM	MCF7	24h	LINCSCP_32820
LINCSCP_227914	-0.9980461681	0.03980241754	3	Pyrazinamide	LSM-5425	FASN	10uM	HT29	6h	LINCSCP_227914
LINCSCP_16493	0.9980459477	0.03980466354	3	NCGC00170203-01	LSM-36691	NA	10uM	HA1E	6h	LINCSCP_16493
LINCSCP_109670	-0.9980456813	0.03980737722	3	Dolastatin 10	LSM-45943	NA	0.04uM	HELA	24h	LINCSCP_109670
LINCSCP_140431	0.9980452551	0.03981171979	3	NCGC00166323-01	LSM-6478	NA	1.11uM	MCF7	24h	LINCSCP_140431
LINCSCP_117474	-0.9980448377	0.03981597121	3	Belinostat	LSM-43181	HDAC1|HDAC10|HDAC11|HDAC2|HDAC3|HDAC4|HDAC5|HDAC6|HDAC7|HDAC8|HDAC9	3.33uM	HT29	24h	LINCSCP_117474
LINCSCP_16314	-0.9980445233	0.03981917355	3	BRD-K45842176	LSM-36685	NA	10uM	HA1E	6h	LINCSCP_16314
LINCSCP_69486	0.9980439476	0.03982503666	3	GSK-1904529A	LSM-1134	IGF1R|INSR	0.12uM	A375	24h	LINCSCP_69486
LINCSCP_15611	-0.9980437816	0.03982672663	3	Phenethylisothiocyanate	LSM-4926	CYP2E1	10uM	HA1E	6h	LINCSCP_15611
LINCSCP_171387	0.9980436395	0.0398281734	3	Amonafide	LSM-5667	TOP2A	10uM	YAPC	24h	LINCSCP_171387
LINCSCP_277782	0.9980420019	0.03984484541	3	13-Hydroxy-8,14,19-trimethoxy-4,10,12,16-tetramethyl-3,20,22-trioxo-2-azabicyclo[16.3.1]docosa-1(21),4,6,10,18-pentaen-9-yl carbamate	LSM-42815	HSP90AA1	3uM	PC3	24h	LINCSCP_277782
LINCSCP_266952	-0.9980418631	0.03984625722	3	SPECTRUM_001092	LSM-1337	NR3C1	10uM	PC3	6h	LINCSCP_266952
LINCSCP_250738	-0.9980414478	0.03985048446	3	ZINC01050121	LSM-6210	NA	0.01uM	MCF7	24h	LINCSCP_250738
LINCSCP_40246	0.9980389712	0.03987568047	3	JSH-23	LSM-5897	RELA	5uM	NCIH508	6h	LINCSCP_40246
LINCSCP_302426	-0.9980378694	0.03988688466	3	BRD-K78584123	LSM-13231	NA	5uM	VCAP	6h	LINCSCP_302426
LINCSCP_57192	-0.998036975	0.03989597711	3	ZM336372	LSM-6268	NA	100uM	VCAP	6h	LINCSCP_57192
LINCSCP_34358	0.9980368357	0.03989739321	3	Xylometazoline	LSM-5262	ADRA2A|ADRA2B|ADRA2C	10uM	MCF7	6h	LINCSCP_34358
LINCSCP_98025	-0.9980359597	0.03990629695	3	SPECTRUM_001319	LSM-1963	HSD11B1	10uM	HA1E	24h	LINCSCP_98025
LINCSCP_90040	0.9980358558	0.03990735185	3	DIMETHYL FUMARATE	LSM-45569	KEAP1	3.33uM	HA1E	24h	LINCSCP_90040
LINCSCP_193447	0.9980350843	0.03991519159	3	Pregnenolone Carbonitrile	LSM-2870	NA	10uM	A549	6h	LINCSCP_193447
LINCSCP_33765	0.9980339888	0.03992632125	3	6,2'-Dimethoxyflavone	LSM-4621	NA	10uM	MCF7	6h	LINCSCP_33765
LINCSCP_31535	0.9980335717	0.0399305577	3	MLS000583963	LSM-1362	NA	10uM	MCF7	24h	LINCSCP_31535
LINCSCP_87698	0.9980308484	0.03995820634	3	Withaferin A	LSM-6685	IKBKB|NAMPT	0.04uM	HA1E	24h	LINCSCP_87698
LINCSCP_91961	-0.9980306488	0.03996023216	3	138402-11-6	LSM-3338	AGTR1	3.33uM	HA1E	24h	LINCSCP_91961
LINCSCP_173936	-0.998030028	0.0399665328	3	PF-03814735	LSM-45437	NA	0.37uM	YAPC	24h	LINCSCP_173936
LINCSCP_80323	0.9980296729	0.03997013507	3	2-(Ethylmercuriothio)benzoic acid	LSM-5710	NA	3.33uM	A375	24h	LINCSCP_80323
LINCSCP_128774	-0.9980292807	0.03997411486	3	1268524-70-4	LSM-6332	NA	0.04uM	HUVEC	24h	LINCSCP_128774
LINCSCP_48926	-0.9980286689	0.0399803212	3	CHEMBL2145157	LSM-38106	NA	10uM	PC3	24h	LINCSCP_48926
LINCSCP_169650	0.998027353	0.03999366679	3	Cisapride	LSM-6397	HTR4	10uM	YAPC	24h	LINCSCP_169650
LINCSCP_133361	-0.9980272456	0.03999475607	3	Dinaciclib	LSM-6306	CDK1|CDK2|CDK5|CDK9	0.37uM	MCF7	24h	LINCSCP_133361
LINCSCP_169535	-0.9980266981	0.04000030738	3	Theobromine	LSM-5483	NA	0.04uM	YAPC	24h	LINCSCP_169535
LINCSCP_43585	-0.9980264766	0.04000255304	3	Sorafenib	LSM-1008	BRAF|DDR2|FGFR1|FLT1|FLT3|FLT4|KDR|KIT|PDGFRB|RAF1|RET	10uM	NPC	6h	LINCSCP_43585
LINCSCP_62008	-0.9980264122	0.04000320634	3	BRD-K50115811	LSM-11475	NA	5uM	VCAP	24h	LINCSCP_62008
LINCSCP_89228	0.9980258353	0.04000905391	3	AZD 1480	LSM-1140	JAK1|JAK2	0.37uM	HA1E	24h	LINCSCP_89228
LINCSCP_15337	0.9980240027	0.0400276259	3	GSK-319347A	LSM-1216	IKBKG	5uM	HA1E	24h	LINCSCP_15337
LINCSCP_87693	-0.9980236496	0.04003120307	3	Withaferin A	LSM-6685	IKBKB|NAMPT	10uM	HA1E	24h	LINCSCP_87693
LINCSCP_4138	-0.9980228294	0.0400395124	3	Leu-Enkephalin	LSM-1461	OPRD1|OPRM1	10uM	A549	24h	LINCSCP_4138
LINCSCP_5823	0.9980227631	0.04004018354	3	Altanserin	LSM-1987	HTR2A	10uM	A549	6h	LINCSCP_5823
LINCSCP_294540	0.9980220297	0.04004761145	3	MLS000582131	LSM-4544	NA	10uM	VCAP	6h	LINCSCP_294540
LINCSCP_113111	-0.9980214233	0.04005375134	3	CHEMBL2136735	LSM-1152	FGFR1|FGFR3|FLT1|FLT4|KDR|PDGFRA|PDGFRB	3.33uM	HME1	24h	LINCSCP_113111
LINCSCP_18238	0.9980212043	0.04005596891	3	GP 2A	LSM-2757	CNR2	10uM	HCC515	24h	LINCSCP_18238
LINCSCP_278742	0.9980209572	0.04005847027	3	Troglitazone	LSM-4890	PPARG	0.5uM	PC3	24h	LINCSCP_278742
LINCSCP_17270	-0.9980206607	0.04006147177	3	SCHEMBL17497626	LSM-44605	NA	3uM	HA1E	6h	LINCSCP_17270
LINCSCP_49926	0.9980200706	0.04006744532	3	Dexrazoxane	LSM-5248	TOP2A|TOP2B	10uM	PHH	24h	LINCSCP_49926
LINCSCP_131576	0.9980196943	0.04007125403	3	936890-98-1	LSM-42786	MTOR	1.11uM	MCF10A	3h	LINCSCP_131576
LINCSCP_113048	-0.9980190983	0.04007728604	3	PD-0325901	LSM-1101	MAP2K1|MAP2K2	0.37uM	HME1	24h	LINCSCP_113048
LINCSCP_95012	0.9980190332	0.04007794412	3	3-(4-Pyridyl)indole	LSM-4569	ROCK1	10uM	HA1E	24h	LINCSCP_95012
LINCSCP_92930	0.9980188967	0.04007932547	3	Ixabepilone	LSM-43293	TUBA1A|TUBA1B|TUBA1C|TUBA3E|TUBA4A|TUBB|TUBB1|TUBB2A|TUBB2B|TUBB3|TUBB4A|TUBB4B|TUBB6|TUBB8	10uM	HA1E	24h	LINCSCP_92930
LINCSCP_4716	0.998017844	0.04008997675	3	XAV 939	LSM-5303	TNKS|TNKS2	10uM	A549	6h	LINCSCP_4716
LINCSCP_241819	-0.9980177327	0.04009110205	3	Clemastine	LSM-2655	HRH1	10uM	MCF7	6h	LINCSCP_241819
LINCSCP_61906	-0.9980176229	0.04009221247	3	BRD-K71032175	LSM-12763	NA	5uM	VCAP	6h	LINCSCP_61906
LINCSCP_100306	0.9980172156	0.04009633243	3	SB525334	LSM-1121	TGFBR1	10uM	HCC515	24h	LINCSCP_100306
LINCSCP_112055	0.9980170912	0.04009759069	3	PCI-32765	LSM-1129	BTK	10uM	HEPG2	24h	LINCSCP_112055
LINCSCP_8270	0.9980160578	0.04010804165	3	BRD-K94193354	LSM-14996	NA	5uM	A549	24h	LINCSCP_8270
LINCSCP_39819	-0.998015259	0.04011611754	3	SCHEMBL13991002	LSM-6278	NA	40uM	MDST8	6h	LINCSCP_39819
LINCSCP_48012	-0.9980140491	0.04012834696	3	Altretamine	LSM-3492	NA	10uM	PC3	6h	LINCSCP_48012
LINCSCP_11118	-0.9980140268	0.04012857249	3	(8Xi,11beta,14xi,16beta)-21-Chloro-9-fluoro-11-hydroxy-16-methyl-3,20-dioxopregna-1,4-dien-17-yl propanoate	LSM-1414	NR3C1	10uM	ASC	24h	LINCSCP_11118
LINCSCP_22539	-0.998012961	0.04013934295	3	GSK-1070916	LSM-1062	AURKB|AURKC	10uM	HEPG2	6h	LINCSCP_22539
LINCSCP_24792	-0.9980118807	0.04015025612	3	Gefitinib	LSM-1098	EGFR	0.5uM	HS578T	24h	LINCSCP_24792
LINCSCP_252125	-0.9980113113	0.04015600739	3	CHEMBL2361739	LSM-8809	NA	10uM	MCF7	24h	LINCSCP_252125
LINCSCP_219271	0.9980109433	0.04015972375	3	Rolipram	LSM-1471	PDE4A|PDE4B|PDE4C|PDE4D	10uM	HEPG2	6h	LINCSCP_219271
LINCSCP_63308	0.998010734	0.04016183763	3	BRD-K81674214	LSM-13416	NA	5uM	VCAP	6h	LINCSCP_63308
LINCSCP_36657	0.9980100433	0.04016881112	3	WH-4-023	LSM-5613	ABL1|SRC	0.5uM	MCF7	6h	LINCSCP_36657
LINCSCP_308968	0.9980099788	0.04016946234	3	CHEMBL2362917	LSM-12592	NA	5uM	VCAP	6h	LINCSCP_308968
LINCSCP_2100	-0.998008309	0.04018631689	3	ACON1_002294	LSM-4339	NA	10uM	A375	6h	LINCSCP_2100
LINCSCP_104832	-0.9980075551	0.0401939246	3	Bupropion	LSM-1267	SLC6A2|SLC6A3	3.33uM	HELA	24h	LINCSCP_104832
LINCSCP_233774	-0.9980070786	0.04019873246	3	Estradiol	LSM-2421	ESR1|ESR2|NR1I2	10uM	HT29	24h	LINCSCP_233774
LINCSCP_222139	-0.9980062054	0.04020754046	3	MRE-269	LSM-45331	PTGIR	3uM	HL60	24h	LINCSCP_222139
LINCSCP_142425	-0.9980061213	0.04020838891	3	Lisinopril	LSM-5756	ACE	0.12uM	MCF7	24h	LINCSCP_142425
LINCSCP_2076	0.9980059882	0.04020973195	3	SPOX1_000836	LSM-4734	NA	10uM	A375	6h	LINCSCP_2076
LINCSCP_36249	-0.9980059699	0.04020991577	3	KU0060648	LSM-4935	PIK3CA|PIK3CB|PIK3CD|PRKDC	10uM	MCF7	24h	LINCSCP_36249
LINCSCP_34665	0.9980044444	0.04022529958	3	ZINC03977775	LSM-5564	NR3C1	10uM	MCF7	24h	LINCSCP_34665
LINCSCP_137735	0.9980043761	0.04022598822	3	Taranabant	LSM-45803	CNR1	0.04uM	MCF7	24h	LINCSCP_137735
LINCSCP_28455	-0.9980033816	0.04023601315	3	MW-SHH-61	LSM-44611	NA	10uM	HT29	24h	LINCSCP_28455
LINCSCP_24610	0.9980025073	0.04024482439	3	CG-930	LSM-44952	MAPK8	0.1uM	HS578T	6h	LINCSCP_24610
LINCSCP_268135	0.9980014269	0.04025571012	3	SCHEMBL14976663	LSM-2773	NA	10uM	PC3	24h	LINCSCP_268135
LINCSCP_13412	-0.9980012187	0.04025780754	3	Verapamil	LSM-1298	CACNA1C|CACNA1D|CACNA1F|CACNA1G|CACNA1S	10uM	H1299	6h	LINCSCP_13412
LINCSCP_97209	-0.9980009448	0.04026056734	3	Lisinopril	LSM-5756	ACE	0.12uM	HA1E	24h	LINCSCP_97209
LINCSCP_163703	0.9979993141	0.04027699055	3	Radicicol	LSM-43303	NA	1.11uM	SKBR3	24h	LINCSCP_163703
LINCSCP_53459	0.9979965777	0.04030453435	3	Niclosamide	LSM-2787	STAT3	10uM	SKMEL28	6h	LINCSCP_53459
LINCSCP_42717	-0.9979964164	0.0403061569	3	CDK4 Inhibitor III	LSM-2121	CDK4	10uM	NPC	24h	LINCSCP_42717
LINCSCP_31641	0.9979951725	0.04031867154	3	Rimcazole	LSM-5777	SIGMAR1	10uM	MCF7	24h	LINCSCP_31641
LINCSCP_139851	0.9979942004	0.04032844776	3	MG-132	LSM-1107	PSMB1	20uM	MCF7	24h	LINCSCP_139851
LINCSCP_54110	0.9979935788	0.0403346984	3	Myriocin	LSM-43271	NA	10uM	SW620	6h	LINCSCP_54110
LINCSCP_102881	-0.9979934173	0.04033632286	3	MG-132	LSM-1107	PSMB1	20uM	HELA	24h	LINCSCP_102881
LINCSCP_44288	0.9979931185	0.04033932621	3	Seliciclib	LSM-1001	CDK1|CDK2|CDK5|CDK7|CDK9	10uM	PC3	6h	LINCSCP_44288
LINCSCP_8781	-0.9979926936	0.04034359825	3	BRD-K18823018	LSM-38277	NA	5uM	A549	24h	LINCSCP_8781
LINCSCP_67023	0.9979923266	0.04034728697	3	Trichostatin A, Streptomyces Sp.	LSM-42814	HDAC1|HDAC10|HDAC3|HDAC4|HDAC6|HDAC7|HDAC8	10uM	HEPG2	24h	LINCSCP_67023
LINCSCP_49134	-0.9979922368	0.04034818947	3	BRD-K44070326	LSM-7405	NA	10uM	PC3	6h	LINCSCP_49134
LINCSCP_99662	-0.9979913729	0.04035687262	3	13-Hydroxy-8,14,19-trimethoxy-4,10,12,16-tetramethyl-3,20,22-trioxo-2-azabicyclo[16.3.1]docosa-1(21),4,6,10,18-pentaen-9-yl carbamate	LSM-42815	HSP90AA1	1.11uM	HCC515	24h	LINCSCP_99662
LINCSCP_22144	0.9979909436	0.04036118642	3	AO-081/15245014	LSM-42836	NA	10uM	HEPG2	6h	LINCSCP_22144
LINCSCP_204616	0.9979903208	0.04036744347	3	ZM-241385	LSM-2444	ADORA1|ADORA2A|ADORA2B	10uM	ASC	24h	LINCSCP_204616
LINCSCP_44539	0.9979898842	0.0403718301	3	Nocodazole	LSM-2260	NA	10uM	PC3	24h	LINCSCP_44539
LINCSCP_100684	0.9979895793	0.04037489255	3	Belinostat	LSM-43181	HDAC1|HDAC10|HDAC11|HDAC2|HDAC3|HDAC4|HDAC5|HDAC6|HDAC7|HDAC8|HDAC9	1.11uM	HCC515	24h	LINCSCP_100684
LINCSCP_175847	0.9979894908	0.04037578129	3	Droperidol	LSM-4193	DRD2	0.37uM	YAPC	24h	LINCSCP_175847
LINCSCP_42321	-0.9979892369	0.04037833204	3	Andarine	LSM-5880	AR	10uM	NPC	24h	LINCSCP_42321
LINCSCP_57743	0.9979879866	0.04039088828	3	Cetirizine	LSM-1544	HRH1	10uM	VCAP	24h	LINCSCP_57743
LINCSCP_266135	0.9979868206	0.04040259412	3	Biperiden	LSM-1235	CHRM1	10uM	PC3	24h	LINCSCP_266135
LINCSCP_149401	0.9979866306	0.0404045006	3	PD-0325901	LSM-1101	MAP2K1|MAP2K2	0.12uM	NPC	24h	LINCSCP_149401
LINCSCP_29607	-0.9979861715	0.04040910851	3	CGP 60474	LSM-1025	CDK1	10uM	MCF10A	24h	LINCSCP_29607
LINCSCP_38743	-0.9979825877	0.04044506077	3	Alisertib	LSM-37184	AURKA	0.12uM	MCF7	24h	LINCSCP_38743
LINCSCP_63726	-0.9979817733	0.04045322631	3	BRD-K66775134	LSM-12498	NA	5uM	VCAP	24h	LINCSCP_63726
LINCSCP_31824	-0.997981586	0.04045510378	3	UNII-5J49Q6B70F	LSM-5877	TUBB	10uM	MCF7	6h	LINCSCP_31824
LINCSCP_235643	0.9979807828	0.04046315536	3	Wortmannin	LSM-3947	PIK3CA|PIK3CG|PLK1	0.5uM	MCF7	6h	LINCSCP_235643
LINCSCP_9212	-0.9979804115	0.04046687665	3	Sildenafil	LSM-3797	PDE5A	0.01uM	A549	24h	LINCSCP_9212
LINCSCP_24808	-0.9979799114	0.04047188846	3	HMN-214	LSM-42802	CSF1R|FLT1|FLT3|FLT4|KDR|KIT|PDGFRB|RET	0.1uM	HS578T	24h	LINCSCP_24808
LINCSCP_85223	0.9979793984	0.04047702863	3	LDN 193189	LSM-1115	ACVR1|BMPR1A	0.04uM	BT20	24h	LINCSCP_85223
LINCSCP_48873	-0.9979791557	0.04047946036	3	BRD-K28317853	LSM-15127	NA	10uM	PC3	6h	LINCSCP_48873
LINCSCP_39174	0.9979789839	0.0404811816	3	CP466722	LSM-1009	ATM	0.5uM	MDAMB231	6h	LINCSCP_39174
LINCSCP_103652	-0.997978117	0.04048986519	3	Niclosamide	LSM-2787	STAT3	0.37uM	HELA	24h	LINCSCP_103652
LINCSCP_28075	0.9979753745	0.04051732567	3	BRD-K36080978	LSM-39242	NA	5uM	HT29	24h	LINCSCP_28075
LINCSCP_173131	-0.997975195	0.04051912237	3	N6022	LSM-45697	NA	1.11uM	YAPC	24h	LINCSCP_173131
LINCSCP_61155	-0.9979747464	0.04052361198	3	BRD-K69880993	LSM-12694	NA	5uM	VCAP	6h	LINCSCP_61155
LINCSCP_45152	-0.9979735975	0.04053510843	3	Piplartine	LSM-42914	NA	10uM	PC3	6h	LINCSCP_45152
LINCSCP_3348	-0.9979732958	0.04053812747	3	BRD-K84879982	LSM-41904	NA	5uM	A375	24h	LINCSCP_3348
LINCSCP_190947	0.9979729219	0.0405418676	3	(2R)-3-(4-Cyanophenoxy)-n-[4-cyano-3-(trifluoromethyl)phenyl]-2-hydroxy-2-methylpropanamide	LSM-5346	AR	10uM	A549	24h	LINCSCP_190947
LINCSCP_486	-0.9979726552	0.04054453581	3	Mitoxantrone	LSM-2481	TOP2A	10uM	A375	6h	LINCSCP_486
LINCSCP_24471	-0.9979725527	0.04054556042	3	PDK1 Inhibitor	LSM-1081	PDPK1	0.1uM	HS578T	6h	LINCSCP_24471
LINCSCP_253038	-0.997972426	0.04054682758	3	3,7-Bis(dimethylamino)phenothiazin-5-ium	LSM-4555	ACHE	0.5uM	MCF7	24h	LINCSCP_253038
LINCSCP_118237	-0.9979718287	0.04055280178	3	MG-132	LSM-1107	PSMB1	20uM	HT29	24h	LINCSCP_118237
LINCSCP_116693	-0.9979705547	0.0405655405	3	A-443654	LSM-1045	NA	1.11uM	HT29	24h	LINCSCP_116693
LINCSCP_74954	-0.9979705067	0.04056602045	3	nimodipine	LSM-45413	NA	10uM	A375	24h	LINCSCP_74954
LINCSCP_161011	-0.9979699689	0.04057139688	3	Azithromycin	LSM-5821	NA	0.04uM	PC3	24h	LINCSCP_161011
LINCSCP_21354	-0.9979692834	0.04057824913	3	Etomoxir	LSM-6240	CPT1A	90uM	HEC108	6h	LINCSCP_21354
LINCSCP_46687	-0.997967847	0.0405926022	3	TGX 221	LSM-1172	PIK3CB	10uM	PC3	24h	LINCSCP_46687
LINCSCP_10029	-0.9979675456	0.04059561314	3	Curcumin	LSM-43083	PTGS1|PTGS2	1.23uM	A549	24h	LINCSCP_10029
LINCSCP_150	0.9979673448	0.04059761944	3	Sildenafil	LSM-3797	PDE5A	10uM	A375	6h	LINCSCP_150
LINCSCP_51137	-0.9979671888	0.04059917807	3	BMS-536924	LSM-1210	IGF1R	10uM	RMUGS	6h	LINCSCP_51137
LINCSCP_49730	-0.9979665304	0.04060575408	3	GSK-1070916	LSM-1062	AURKB|AURKC	5uM	PC3	24h	LINCSCP_49730
LINCSCP_55270	-0.997966304	0.04060801534	3	Tigecycline	LSM-36875	NA	10uM	U266	6h	LINCSCP_55270
LINCSCP_109380	-0.9979651238	0.04061980095	3	Floxuridine	LSM-45624	NA	0.37uM	HELA	24h	LINCSCP_109380
LINCSCP_168505	0.9979645735	0.04062529485	3	AMG 837 (calcium hydrate)	LSM-45945	NA	10uM	YAPC	24h	LINCSCP_168505
LINCSCP_279383	0.9979644938	0.04062609057	3	13-Hydroxy-8,14,19-trimethoxy-4,10,12,16-tetramethyl-3,20,22-trioxo-2-azabicyclo[16.3.1]docosa-1(21),4,6,10,18-pentaen-9-yl carbamate	LSM-42815	HSP90AA1	0.5uM	PC3	6h	LINCSCP_279383
LINCSCP_109660	-0.9979638261	0.04063275553	3	Olmesartan Medoxomil	LSM-3767	AGTR1	3.33uM	HELA	24h	LINCSCP_109660
LINCSCP_8604	-0.9979628128	0.04064286744	3	SCHEMBL16980379	LSM-6818	NA	5uM	A549	24h	LINCSCP_8604
LINCSCP_59043	0.997962576	0.04064523076	3	Retinol	LSM-43173	RXRA|RXRB|RXRG	10uM	VCAP	6h	LINCSCP_59043
LINCSCP_58048	-0.997961417	0.04065679372	3	CHEMBL1271430	LSM-3824	NA	10uM	VCAP	6h	LINCSCP_58048
LINCSCP_105486	-0.9979613686	0.0406572767	3	TIROFIBAN HYDROCHLORIDE	LSM-45871	ITGA2B|ITGB3	0.37uM	HELA	24h	LINCSCP_105486
LINCSCP_252151	0.9979613676	0.04065728636	3	CHEMBL1612677	LSM-2370	NA	1uM	MCF7	24h	LINCSCP_252151
LINCSCP_161149	-0.9979612311	0.0406586485	3	114798-26-4	LSM-3701	AGTR1	0.04uM	PC3	24h	LINCSCP_161149
LINCSCP_41412	-0.9979595945	0.04067496933	3	Diotyrosine	LSM-5697	NA	10uM	NEU	24h	LINCSCP_41412
LINCSCP_16028	0.9979592493	0.04067841128	3	MLS002607677	LSM-3238	NA	10uM	HA1E	6h	LINCSCP_16028
LINCSCP_19945	-0.9979585602	0.04068528073	3	SCHEMBL2554502	LSM-3896	NA	10uM	HCC515	6h	LINCSCP_19945
LINCSCP_134628	-0.9979563604	0.04070720304	3	CEP-701	LSM-45844	NA	1.11uM	MCF7	24h	LINCSCP_134628
LINCSCP_107548	-0.9979562658	0.04070814558	3	MG-132	LSM-1107	PSMB1	20uM	HELA	24h	LINCSCP_107548
LINCSCP_15286	-0.9979555232	0.04071554351	3	Lexibulin	LSM-6232	TUBA1A|TUBA1B|TUBA1C|TUBA3E|TUBA4A|TUBB|TUBB1|TUBB2A|TUBB2B|TUBB3|TUBB4A|TUBB4B|TUBB6|TUBB8	1uM	HA1E	24h	LINCSCP_15286
LINCSCP_203773	0.9979552659	0.04071810641	3	PD-173074	LSM-1026	FGFR1|FGFR3	10uM	ASC	24h	LINCSCP_203773
LINCSCP_65011	0.9979550744	0.04072001306	3	Mibefradil	LSM-2192	CACNA1C|CACNA1G|CACNA1H|CACNA1I	1uM	VCAP	6h	LINCSCP_65011
LINCSCP_151476	0.9979549734	0.04072101944	3	CHEMBL552425	LSM-1003	DDR1	3.33uM	PC3	24h	LINCSCP_151476
LINCSCP_50529	0.9979526982	0.04074367342	3	6-(7-Hydroxy-6,7-dihydro-5H-pyrrolo[1,2-c]imidazol-7-yl)-n-methyl-2-naphthamide	LSM-6184	CYP17A1	40uM	PL21	6h	LINCSCP_50529
LINCSCP_19996	-0.997951483	0.04075576681	3	Pitavastatin Calcium	LSM-45806	HMGCR	10uM	HCC515	6h	LINCSCP_19996
LINCSCP_52307	-0.9979508744	0.04076182313	3	332874-04-1	LSM-4765	NA	10uM	SKB	24h	LINCSCP_52307
LINCSCP_93796	0.9979503084	0.04076745391	3	Valproic acid	LSM-4620	ABAT|ALDH5A1|HDAC1|SCN1A|SCN3A	0.12uM	HA1E	24h	LINCSCP_93796
LINCSCP_131746	0.99794971	0.04077340669	3	THZ-2-98-01	LSM-44946	NA	0.12uM	MCF10A	3h	LINCSCP_131746
LINCSCP_41682	-0.997949511	0.0407753861	3	Vorinostat	LSM-3828	HDAC1|HDAC2|HDAC3|HDAC6|HDAC8	0.5uM	NKDBA	24h	LINCSCP_41682
LINCSCP_308534	-0.99794886	0.04078186065	3	BRD-K79968414	LSM-13309	NA	5uM	VCAP	6h	LINCSCP_308534
LINCSCP_30515	0.997948831	0.04078214847	3	Lexibulin	LSM-6232	TUBA1A|TUBA1B|TUBA1C|TUBA3E|TUBA4A|TUBB|TUBB1|TUBB2A|TUBB2B|TUBB3|TUBB4A|TUBB4B|TUBB6|TUBB8	1uM	MCF7	24h	LINCSCP_30515
LINCSCP_8337	-0.9979482338	0.04078808763	3	BRD-K78699095	LSM-13234	NA	5uM	A549	24h	LINCSCP_8337
LINCSCP_65732	-0.9979481906	0.04078851686	3	BRD-K92659561	LSM-42307	NA	10uM	VCAP	24h	LINCSCP_65732
LINCSCP_95824	-0.9979478543	0.04079186075	3	BRD-A98888159	LSM-45917	NA	1.11uM	HA1E	24h	LINCSCP_95824
LINCSCP_76308	-0.99794781	0.0407923011	3	MG-132	LSM-1107	PSMB1	20uM	A375	24h	LINCSCP_76308
LINCSCP_92687	0.9979468351	0.04080199201	3	Pentamidine	LSM-4540	NA	1.11uM	HA1E	24h	LINCSCP_92687
LINCSCP_77259	-0.9979464423	0.04080589685	3	Dipraglurant	LSM-45908	GRM5	1.11uM	A375	24h	LINCSCP_77259
LINCSCP_14153	-0.9979463091	0.04080722017	3	Piceatannol	LSM-42918	NA	10uM	HA1E	24h	LINCSCP_14153
LINCSCP_66044	-0.9979457127	0.04081314753	3	BRD-K83720640	LSM-41843	NA	1uM	VCAP	24h	LINCSCP_66044
LINCSCP_37105	0.9979449523	0.04082070247	3	SA-1938219	LSM-38784	NA	10uM	MCF7	6h	LINCSCP_37105
LINCSCP_34569	0.9979445178	0.04082501924	3	Meclofenoxate	LSM-5273	NA	10uM	MCF7	6h	LINCSCP_34569
LINCSCP_32933	0.9979431166	0.04083893638	3	Sildenafil	LSM-3797	PDE5A	10uM	MCF7	24h	LINCSCP_32933
LINCSCP_62642	-0.9979427658	0.04084242045	3	BRD-K32240700	LSM-10384	NA	5uM	VCAP	24h	LINCSCP_62642
LINCSCP_114025	-0.9979421856	0.0408481808	3	Vorinostat	LSM-3828	HDAC1|HDAC2|HDAC3|HDAC6|HDAC8	10uM	HME1	24h	LINCSCP_114025
LINCSCP_132242	0.9979418899	0.0408511174	3	Vemurafenib	LSM-1068	BRAF	1.11uM	MCF7	3h	LINCSCP_132242
LINCSCP_146620	0.9979411905	0.04085806006	3	Quizartinib	LSM-1037	CSF1R|FLT3|KIT|PDGFRA|PDGFRB|RET	0.04uM	NEU	24h	LINCSCP_146620
LINCSCP_43885	-0.9979404952	0.04086496076	3	BRD-K80368509	LSM-45306	NA	0.5uM	PC3	6h	LINCSCP_43885
LINCSCP_1178	0.9979404261	0.04086564667	3	MLS001065872	LSM-3213	NA	10uM	A375	24h	LINCSCP_1178
LINCSCP_115582	0.9979401305	0.04086858075	3	Withaferin A	LSM-6685	IKBKB|NAMPT	0.12uM	HS578T	24h	LINCSCP_115582
LINCSCP_141096	-0.9979396824	0.04087302639	3	Umeclidinium (bromide)	LSM-45495	CHRM3	3.33uM	MCF7	24h	LINCSCP_141096
LINCSCP_172597	-0.9979393329	0.0408764945	3	Dipraglurant	LSM-45908	GRM5	10uM	YAPC	24h	LINCSCP_172597
LINCSCP_43150	-0.9979371159	0.0408984855	3	SCHEMBL17783876	LSM-40647	NA	10uM	NPC	24h	LINCSCP_43150
LINCSCP_151218	0.9979368545	0.04090107688	3	PF-562271	LSM-1072	PTK2|PTK2B	0.04uM	PC3	24h	LINCSCP_151218
LINCSCP_227230	-0.9979367973	0.04090164418	3	Risperidone	LSM-3193	ADRA1A|ADRA1B|DRD2|DRD3|DRD4|HRH1|HTR1A|HTR1D|HTR2A|HTR2C	10uM	HT29	6h	LINCSCP_227230
LINCSCP_75352	-0.9979364157	0.04090542743	3	Paroxetine	LSM-2843	SLC6A4	1.11uM	A375	24h	LINCSCP_75352
LINCSCP_253004	0.9979363612	0.04090596798	3	SA-423131	LSM-37480	NA	1uM	MCF7	24h	LINCSCP_253004
LINCSCP_69001	-0.9979354366	0.04091513374	3	PD-0325901	LSM-1101	MAP2K1|MAP2K2	0.12uM	A375	24h	LINCSCP_69001
LINCSCP_158045	-0.99793523	0.04091718238	3	CARGLUMIC ACID	LSM-45453	CPS1	1.11uM	PC3	24h	LINCSCP_158045
LINCSCP_20964	0.9979342051	0.04092733913	3	CHEMBL2356537	LSM-6830	NA	10uM	HCC515	24h	LINCSCP_20964
LINCSCP_133262	0.9979341062	0.04092831968	3	Amuvatinib	LSM-1118	FLT3|KIT|MET|PDGFRA	1.11uM	MCF7	24h	LINCSCP_133262
LINCSCP_12981	0.9979341052	0.04092832953	3	ICG-001	LSM-6267	NA	10uM	EFO27	6h	LINCSCP_12981
LINCSCP_4549	-0.9979338697	0.04093066241	3	HSCI1_000314	LSM-6251	ARG1|ARG2	80uM	A549	24h	LINCSCP_4549
LINCSCP_141649	-0.9979336042	0.04093329307	3	MG-132	LSM-1107	PSMB1	20uM	MCF7	24h	LINCSCP_141649
LINCSCP_16601	-0.9979326409	0.04094283661	3	BRD-A80960055-001-01-7	LSM-5162	NA	10uM	HA1E	6h	LINCSCP_16601
LINCSCP_279744	0.9979317895	0.04095126955	3	Broad-Sai-296	LSM-45315	NA	10uM	PC3	24h	LINCSCP_279744
LINCSCP_28205	-0.9979303542	0.04096548167	3	CHEMBL2355193	LSM-8992	NA	10uM	HT29	24h	LINCSCP_28205
LINCSCP_29288	-0.9979293315	0.04097560483	3	AG 14361	LSM-1988	PARP1	20uM	LOVO	6h	LINCSCP_29288
LINCSCP_27877	0.9979293012	0.04097590532	3	BRD-K27539817	LSM-38774	NA	5uM	HT29	24h	LINCSCP_27877
LINCSCP_25565	-0.997928877	0.04098010402	3	SCHEMBL14379041	LSM-43082	PPARG	10uM	HT29	24h	LINCSCP_25565
LINCSCP_100730	0.9979283833	0.04098498942	3	PD-0325901	LSM-1101	MAP2K1|MAP2K2	10uM	HCC515	24h	LINCSCP_100730
LINCSCP_114768	0.997926898	0.04099968479	3	AKT Inhibitor VIII	LSM-1035	AKT1|AKT2	0.04uM	HS578T	24h	LINCSCP_114768
LINCSCP_36615	0.9979266206	0.04100242774	3	PLX-4720	LSM-1049	BRAF	0.1uM	MCF7	6h	LINCSCP_36615
LINCSCP_217064	0.9979256951	0.04101158199	3	ST50973695	LSM-43131	NA	10uM	HCC515	6h	LINCSCP_217064
LINCSCP_60292	0.9979246806	0.04102161262	3	BRD-K42357106	LSM-7386	NA	5uM	VCAP	6h	LINCSCP_60292
LINCSCP_48696	-0.997923937	0.04102896425	3	BRD-K68338581-019-01-5	LSM-36579	NA	10uM	PC3	6h	LINCSCP_48696
LINCSCP_145010	-0.9979236723	0.04103158065	3	WZ3105	LSM-5970	CLK2|CSNK1E|FLT3|ULK1	0.04uM	MDAMB231	3h	LINCSCP_145010
LINCSCP_4397	-0.9979235867	0.04103242592	3	BMS-182874	LSM-3258	EDNRA	10uM	A549	6h	LINCSCP_4397
LINCSCP_24450	0.9979231704	0.04103654097	3	SB590885	LSM-42746	BRAF	0.5uM	HS578T	6h	LINCSCP_24450
LINCSCP_37667	-0.9979218467	0.04104962084	3	LY-294002	LSM-2597	MTOR|PIK3CA|PIK3CB|PIK3CD|PIK3CG|PLK1|PRKDC	1uM	MCF7	24h	LINCSCP_37667
LINCSCP_54532	-0.9979209474	0.04105850466	3	O-Demethylated Adapalene	LSM-6237	RARG	10uM	SW948	6h	LINCSCP_54532
LINCSCP_20409	0.9979194923	0.04107287533	3	BRD-K10916986-001-01-6	LSM-5284	TUBB	10uM	HCC515	6h	LINCSCP_20409
LINCSCP_5797	0.9979188618	0.04107910062	3	(+)-Taxifolin	LSM-5990	ADIPOR2	10uM	A549	24h	LINCSCP_5797
LINCSCP_31060	0.9979174326	0.0410932082	3	221243-77-2	LSM-2666	NA	10uM	MCF7	6h	LINCSCP_31060
LINCSCP_115034	0.9979158803	0.04110852629	3	Nilotinib	LSM-1099	ABL1|BCR|KIT	3.33uM	HS578T	24h	LINCSCP_115034
LINCSCP_165798	0.9979157389	0.04110992089	3	CHEMBL3347630	LSM-43292	NA	1.11uM	SKL	24h	LINCSCP_165798
LINCSCP_22171	0.9979145553	0.04112159592	3	MLS002699434	LSM-2563	NA	10uM	HEPG2	6h	LINCSCP_22171
LINCSCP_100690	-0.9979144086	0.04112304255	3	Resveratrol	LSM-42917	PTGS1|PTGS2|SIRT1	1.11uM	HCC515	24h	LINCSCP_100690
LINCSCP_307954	0.9979137781	0.04112926069	3	BRD-K42207609	LSM-10991	NA	5uM	VCAP	6h	LINCSCP_307954
LINCSCP_21574	0.9979137104	0.04112992786	3	Droperidol	LSM-4193	DRD2	10uM	HEPG2	6h	LINCSCP_21574
LINCSCP_227118	-0.9979136548	0.04113047608	3	Nafadotride	LSM-1755	DRD3	10uM	HT29	6h	LINCSCP_227118
LINCSCP_50194	-0.9979131676	0.04113527978	3	Skiii	LSM-2462	SPHK1	10uM	PHH	24h	LINCSCP_50194
LINCSCP_201062	0.9979122212	0.04114460968	3	13-Hydroxy-8,14,19-trimethoxy-4,10,12,16-tetramethyl-3,20,22-trioxo-2-azabicyclo[16.3.1]docosa-1(21),4,6,10,18-pentaen-9-yl carbamate	LSM-42815	HSP90AA1	0.01uM	A549	24h	LINCSCP_201062
LINCSCP_20273	-0.9979120703	0.0411460978	3	Floxuridine	LSM-5588	TYMS	10uM	HCC515	6h	LINCSCP_20273
LINCSCP_43988	-0.9979118734	0.04114803774	3	PRESTWICK3_000892	LSM-1968	NA	10uM	PC3	24h	LINCSCP_43988
LINCSCP_83806	0.9979118047	0.04114871537	3	SB-203580	LSM-1168	MAPK1|MAPK11|MAPK14	10uM	ASC.C	24h	LINCSCP_83806
LINCSCP_186619	0.9979114397	0.04115231239	3	BRD-K71387353	LSM-12794	NA	10uM	A375	24h	LINCSCP_186619
LINCSCP_167725	-0.9979112939	0.04115374977	3	Ergothioneine	LSM-45829	NA	0.04uM	YAPC	24h	LINCSCP_167725
LINCSCP_69836	-0.997910492	0.04116165105	3	Allitinib	LSM-1225	NA	1.11uM	A375	24h	LINCSCP_69836
LINCSCP_248961	0.9979092856	0.041173536	3	BRD-K37174007	LSM-39310	NA	5uM	MCF7	24h	LINCSCP_248961
LINCSCP_21459	0.9979089535	0.04117680731	3	16Beta-hydroxydisitoxigenin	LSM-1432	ATP1A1	10uM	HEPG2	6h	LINCSCP_21459
LINCSCP_96819	-0.9979089372	0.04117696841	3	Tetrahydrouridine	LSM-45757	NA	0.37uM	HA1E	24h	LINCSCP_96819
LINCSCP_51417	-0.9979084378	0.04118188623	3	Tozasertib	LSM-1021	ABL1|AURKA|AURKB|AURKC|BCR|FLT3|JAK2	1uM	SKBR3	24h	LINCSCP_51417
LINCSCP_59987	-0.9979082033	0.04118419612	3	BRD-K05130619	LSM-6926	NA	5uM	VCAP	24h	LINCSCP_59987
LINCSCP_73497	-0.9979079524	0.04118666619	3	AC1MJ3VH	LSM-1731	TOP2A	10uM	A375	24h	LINCSCP_73497
LINCSCP_18648	-0.9979075888	0.04119024688	3	Pantoprazole	LSM-1390	ATP4A|ATP4B	10uM	HCC515	6h	LINCSCP_18648
LINCSCP_529	0.9979074698	0.04119141852	3	AM 281	LSM-3318	CNR1	10uM	A375	6h	LINCSCP_529
LINCSCP_21704	0.9979071878	0.04119419537	3	TPCA-1	LSM-1136	IKBKB	10uM	HEPG2	6h	LINCSCP_21704
LINCSCP_85759	-0.9979071329	0.04119473507	3	WH-4-025	LSM-44937	NA	3.33uM	BT20	3h	LINCSCP_85759
LINCSCP_12716	-0.9979068147	0.04119786807	3	Tyrphostin 1	LSM-2933	NA	10uM	COV644	6h	LINCSCP_12716
LINCSCP_59193	0.9979065226	0.04120074357	3	MAYBRIDGE4_002231	LSM-4906	NA	10uM	VCAP	24h	LINCSCP_59193
LINCSCP_97980	-0.9979063568	0.04120237556	3	Isradipine	LSM-1897	CACNA1C|CACNA1D|CACNA1F|CACNA1S|CACNA2D1	1.11uM	HA1E	24h	LINCSCP_97980
LINCSCP_30441	0.9979063414	0.04120252694	3	AC1Q6JJ5	LSM-6192	TOP2A	0.1uM	MCF7	24h	LINCSCP_30441
LINCSCP_178317	0.9979061992	0.04120392676	3	CHEMBL1270507	LSM-3672	NA	10uM	A375	6h	LINCSCP_178317
LINCSCP_164882	-0.9979055517	0.04121029961	3	VE-821	LSM-36358	NA	1.11uM	SKL.C	24h	LINCSCP_164882
LINCSCP_58883	0.997905376	0.04121202923	3	BRD-K41668190	LSM-45105	NA	10uM	VCAP	24h	LINCSCP_58883
LINCSCP_10988	-0.997905334	0.04121244184	3	K858	LSM-5122	KIF11	10uM	ASC	24h	LINCSCP_10988
LINCSCP_144637	0.997902521	0.0412401156	3	Dasatinib	LSM-1020	ABL1|BCR|BLK|EPHA2|FGR|FRK|FYN|HCK|KIT|LCK|LYN|PDGFRB|SRC|SRMS|YES1	1.11uM	MDAMB231	24h	LINCSCP_144637
LINCSCP_231740	-0.9979017347	0.04124784742	3	BRD-K31142225	LSM-38969	NA	5uM	HT29	24h	LINCSCP_231740
LINCSCP_194207	0.997900826	0.0412567807	3	Dipyridamole	LSM-3927	ADA|PDE10A|PDE1A|PDE1B|PDE1C|PDE2A|PDE3A|PDE3B|PDE4A|PDE4B|PDE4C|PDE4D|PDE5A|PDE6A|PDE6B|PDE6C|PDE6D|PDE6G|PDE6H|PDE7A|PDE7B|PDE8A|PDE8B|PDE9A|SLC29A1	10uM	A549	6h	LINCSCP_194207
LINCSCP_44360	-0.9979006853	0.04125816456	3	HOECHST-33342	LSM-2168	TOP1	10uM	PC3	24h	LINCSCP_44360
LINCSCP_88739	-0.9979005538	0.04125945652	3	GSK J4	LSM-6328	NA	0.37uM	HA1E	24h	LINCSCP_88739
LINCSCP_68854	-0.9978993737	0.04127105571	3	13-Hydroxy-8,14,19-trimethoxy-4,10,12,16-tetramethyl-3,20,22-trioxo-2-azabicyclo[16.3.1]docosa-1(21),4,6,10,18-pentaen-9-yl carbamate	LSM-42815	HSP90AA1	10uM	VCAP	24h	LINCSCP_68854
LINCSCP_171193	-0.9978985002	0.04127963786	3	Cariprazine	LSM-45253	DRD2|DRD3	0.37uM	YAPC	24h	LINCSCP_171193
LINCSCP_115819	0.9978983611	0.04128100533	3	GW843682X	LSM-1014	PLK1|PLK3	0.37uM	HS578T	3h	LINCSCP_115819
LINCSCP_52557	0.9978972637	0.04129178484	3	CHEMBL299879	LSM-1923	NPY5R	10uM	SKB	24h	LINCSCP_52557
LINCSCP_161332	-0.9978950757	0.04131326986	3	Sirolimus	LSM-42783	FKBP1A|MTOR	1.11uM	PC3	24h	LINCSCP_161332
LINCSCP_230872	-0.9978944153	0.04131975295	3	BRD-K16117792	LSM-9399	NA	5uM	HT29	24h	LINCSCP_230872
LINCSCP_103113	-0.9978940635	0.04132320525	3	Mitoxantrone	LSM-2481	TOP2A	1.11uM	HELA	24h	LINCSCP_103113
LINCSCP_98027	-0.9978938721	0.04132508373	3	SPECTRUM_001319	LSM-1963	HSD11B1	1.11uM	HA1E	24h	LINCSCP_98027
LINCSCP_115806	-0.9978907053	0.04135615169	3	SCHEMBL3958507	LSM-5245	COQ8B|EGFR	1.11uM	HS578T	3h	LINCSCP_115806
LINCSCP_39980	0.9978902102	0.04136100643	3	Vorinostat	LSM-3828	HDAC1|HDAC2|HDAC3|HDAC6|HDAC8	10uM	NCIH1836	6h	LINCSCP_39980
LINCSCP_43244	-0.9978891089	0.04137180428	3	4-(2-Aminoethyl)benzene-1,3-diol	LSM-37104	NA	10uM	NPC	24h	LINCSCP_43244
LINCSCP_40288	-0.9978890206	0.04137266959	3	NSC23766	LSM-1818	NA	100uM	NCIH596	6h	LINCSCP_40288
LINCSCP_173895	0.9978880887	0.04138180379	3	Epothilone B (EPO906, Patupilone)	LSM-46001	NA	0.12uM	YAPC	24h	LINCSCP_173895
LINCSCP_96828	-0.9978868245	0.04139419206	3	PF-04457845	LSM-45946	NA	10uM	HA1E	24h	LINCSCP_96828
LINCSCP_100987	0.9978862731	0.0413995947	3	844499-71-4	LSM-1175	NA	3.33uM	HCC515	24h	LINCSCP_100987
LINCSCP_130060	0.9978860034	0.04140223678	3	LRRK2-IN-1	LSM-1086	LRRK2	0.12uM	LNCAP	24h	LINCSCP_130060
LINCSCP_6815	0.9978845017	0.04141694413	3	Androstenedone	LSM-1933	NA	10uM	A549	24h	LINCSCP_6815
LINCSCP_56921	-0.9978844473	0.04141747689	3	Ursolic acid	LSM-4889	HSD11B1|PTPN1	70uM	VCAP	24h	LINCSCP_56921
LINCSCP_243343	0.9978841581	0.04142030871	3	Chlormezanone	LSM-4356	GABRA1	10uM	MCF7	24h	LINCSCP_243343
LINCSCP_64418	0.9978826142	0.04143542334	3	BRD-K57200229-001-01-6	LSM-6809	NA	5uM	VCAP	6h	LINCSCP_64418
LINCSCP_38831	-0.9978819235	0.04144218337	3	Tozasertib	LSM-1021	ABL1|AURKA|AURKB|AURKC|BCR|FLT3|JAK2	0.5uM	MCF7	6h	LINCSCP_38831
LINCSCP_34610	-0.9978814156	0.04144715323	3	AC1O7GPT	LSM-5727	NA	10uM	MCF7	6h	LINCSCP_34610
LINCSCP_56029	-0.997881342	0.04144787383	3	MG-132	LSM-1107	PSMB1	10uM	VCAP	24h	LINCSCP_56029
LINCSCP_122609	-0.9978807398	0.04145376546	3	LGX818	LSM-45655	NA	3.33uM	HT29	24h	LINCSCP_122609
LINCSCP_24921	0.9978802214	0.04145883708	3	BMS-387032	LSM-1132	CDK2|CDK7|CDK9	0.5uM	HS578T	6h	LINCSCP_24921
LINCSCP_89658	-0.9978800875	0.0414601471	3	AMIKACIN HYDRATE	LSM-45899	NA	1.11uM	HA1E	24h	LINCSCP_89658
LINCSCP_68035	-0.9978784834	0.04147583594	3	Wortmannin	LSM-3947	PIK3CA|PIK3CG|PLK1	10uM	PC3	24h	LINCSCP_68035
LINCSCP_59385	-0.9978769548	0.04149078074	3	BRD-K73945663	LSM-41290	NA	10uM	VCAP	6h	LINCSCP_59385
LINCSCP_140652	0.9978756872	0.04150316948	3	AC1NWAPU	LSM-1690	NR3C1	3.33uM	MCF7	24h	LINCSCP_140652
LINCSCP_307121	-0.9978750269	0.04150962121	3	BRD-K73408523	LSM-12925	NA	5uM	VCAP	6h	LINCSCP_307121
LINCSCP_67429	0.997874907	0.04151079271	3	Vorinostat	LSM-3828	HDAC1|HDAC2|HDAC3|HDAC6|HDAC8	5uM	MCF7	6h	LINCSCP_67429
LINCSCP_2446	-0.997874145	0.04151823729	3	NSC650841	LSM-4740	NA	10uM	A375	6h	LINCSCP_2446
LINCSCP_220462	0.9978732594	0.04152688742	3	Hydrastine	LSM-2035	NA	10uM	HEPG2	6h	LINCSCP_220462
LINCSCP_35257	-0.9978730299	0.04152912915	3	BRD-K86671899	LSM-13737	NA	10uM	MCF7	24h	LINCSCP_35257
LINCSCP_119698	-0.9978728581	0.04153080638	3	Iniparib	LSM-6317	PARP1	1.11uM	HT29	24h	LINCSCP_119698
LINCSCP_98361	0.9978708928	0.04154999418	3	Carbimazole	LSM-5930	TPO	3.33uM	HA1E	24h	LINCSCP_98361
LINCSCP_145105	0.9978706337	0.04155252315	3	AZD-6482	LSM-1059	PIK3CA|PIK3CB|PIK3CD|PIK3CG|PIK3R1|PIK3R2|PIK3R3|PIK3R5	0.12uM	MDAMB231	3h	LINCSCP_145105
LINCSCP_106154	-0.9978703881	0.04155492027	3	Lonafarnib	LSM-45716	CHURC1-FNTB|FNTA|FNTB	0.04uM	HELA	24h	LINCSCP_106154
LINCSCP_7819	-0.9978696039	0.04156257387	3	CHEMBL2131985	LSM-39083	NA	10uM	A549	24h	LINCSCP_7819
LINCSCP_308065	-0.997868815	0.04157027156	3	BRD-K95021846	LSM-14252	NA	5uM	VCAP	6h	LINCSCP_308065
LINCSCP_91782	-0.9978671958	0.04158606562	3	IN1549	LSM-4488	NA	1.11uM	HA1E	24h	LINCSCP_91782
LINCSCP_37121	-0.9978660608	0.04159713333	3	BRD-K36959991	LSM-8215	NA	1uM	MCF7	6h	LINCSCP_37121
LINCSCP_109894	0.9978654352	0.0416032323	3	cortisone-acetate	LSM-45387	TUBA1A|TUBA1B|TUBA1C|TUBA3E|TUBA4A|TUBB|TUBB1|TUBB2A|TUBB2B|TUBB3|TUBB4A|TUBB4B|TUBB6|TUBB8	3.33uM	HELA	24h	LINCSCP_109894
LINCSCP_83272	-0.9978643942	0.04161337924	3	PD-0325901	LSM-1101	MAP2K1|MAP2K2	10uM	ASC.C	24h	LINCSCP_83272
LINCSCP_126051	-0.9978642682	0.04161460715	3	metitepine	LSM-4320	HTR5A|HTR6|HTR7	0.04uM	HT29	24h	LINCSCP_126051
LINCSCP_42368	-0.9978635283	0.04162181828	3	BRD-A84327315-001-01-1	LSM-43157	VDR	10uM	NPC	24h	LINCSCP_42368
LINCSCP_269213	0.9978630869	0.04162611859	3	N-(3-Acetamidophenyl)-3-chlorobenzamide	LSM-3361	NA	10uM	PC3	24h	LINCSCP_269213
LINCSCP_6903	-0.9978626013	0.04163084989	3	CHEMBL1208118	LSM-3598	ENTPD3	10uM	A549	24h	LINCSCP_6903
LINCSCP_45404	0.9978619908	0.04163679696	3	MLS001065857	LSM-3390	NA	10uM	PC3	6h	LINCSCP_45404
LINCSCP_88531	-0.9978618626	0.04163804616	3	FR-180204	LSM-42790	MAPK1|MAPK3	0.12uM	HA1E	24h	LINCSCP_88531
LINCSCP_138000	-0.9978608439	0.04164796738	3	NORGESTREL	LSM-45699	NA	10uM	MCF7	24h	LINCSCP_138000
LINCSCP_69872	-0.9978592629	0.04166336002	3	PHA-767491	LSM-6304	NA	1.11uM	A375	24h	LINCSCP_69872
LINCSCP_91048	-0.9978591164	0.04166478651	3	Latanoprost	LSM-43170	PTGFR	1.11uM	HA1E	24h	LINCSCP_91048
LINCSCP_174574	-0.9978586172	0.04166964544	3	BRD-K00199686	LSM-45455	NA	0.04uM	YAPC	24h	LINCSCP_174574
LINCSCP_300982	-0.9978585913	0.0416698976	3	BRD-K45713168	LSM-11216	NA	5uM	VCAP	6h	LINCSCP_300982
LINCSCP_104669	-0.9978582318	0.0416733964	3	Rilmenidine	LSM-4253	ADRA2A|NISCH	10uM	HELA	24h	LINCSCP_104669
LINCSCP_159852	-0.9978581798	0.04167390244	3	MG-132	LSM-1107	PSMB1	20uM	PC3	24h	LINCSCP_159852
LINCSCP_28434	-0.9978559681	0.04169542129	3	KUC111109N	LSM-36808	NA	10uM	HT29	24h	LINCSCP_28434
LINCSCP_115707	0.9978559272	0.04169581938	3	noscapine	NA	NA	0.04uM	HS578T	24h	LINCSCP_115707
LINCSCP_90593	0.9978554043	0.04170090535	3	Lexibulin	LSM-6232	TUBA1A|TUBA1B|TUBA1C|TUBA3E|TUBA4A|TUBB|TUBB1|TUBB2A|TUBB2B|TUBB3|TUBB4A|TUBB4B|TUBB6|TUBB8	0.37uM	HA1E	24h	LINCSCP_90593
LINCSCP_47746	-0.9978553086	0.04170183551	3	ZINC3830838	LSM-5692	SRD5A1|SRD5A2	10uM	PC3	6h	LINCSCP_47746
LINCSCP_37459	0.9978542098	0.04171252059	3	CHEMBL3188928	LSM-39286	NA	3uM	MCF7	24h	LINCSCP_37459
LINCSCP_39775	-0.9978536172	0.04171828267	3	MLS003672589	LSM-36804	NA	10uM	MDST8	6h	LINCSCP_39775
LINCSCP_146466	-0.9978518025	0.04173592043	3	Dacomitinib	LSM-42808	EGFR|ERBB2|ERBB3|ERBB4	10uM	NEU	24h	LINCSCP_146466
LINCSCP_11317	0.9978517936	0.04173600769	3	Tyrphostin B46	LSM-3628	EGFR	10uM	ASC	24h	LINCSCP_11317
LINCSCP_115337	0.9978510793	0.04174294814	3	CI-1040	LSM-1048	MAP2K1|MAP2K2	0.04uM	HS578T	3h	LINCSCP_115337
LINCSCP_55798	-0.9978497392	0.04175596658	3	Diazepam	LSM-2359	GABRA1|GABRA2|GABRA3|GABRA4|GABRA5|GABRA6|GABRB1|GABRB2|GABRB3|GABRD|GABRE|GABRG1|GABRG2|GABRG3|GABRP|GABRQ	10uM	VCAP	6h	LINCSCP_55798
LINCSCP_112613	0.9978495662	0.04175764696	3	XMD 8-92	LSM-1094	MAPK7	10uM	HEPG2	24h	LINCSCP_112613
LINCSCP_8973	0.9978481043	0.0417718432	3	BRD-K90734091	LSM-14978	NA	10uM	A549	24h	LINCSCP_8973
LINCSCP_169495	-0.9978480282	0.04177258251	3	MG-132	LSM-1107	PSMB1	20uM	YAPC	24h	LINCSCP_169495
LINCSCP_84433	-0.9978471186	0.04178141237	3	Iniparib	LSM-6317	PARP1	0.04uM	ASC	24h	LINCSCP_84433
LINCSCP_26848	0.9978459887	0.04179237926	3	10-{3-[4-(2-Chloroethyl)piperazin-1-yl]propyl}-2-(trifluoromethyl)-10H-phenothiazine	LSM-3198	DRD1|DRD2	10uM	HT29	6h	LINCSCP_26848
LINCSCP_34980	0.9978450621	0.0418013708	3	BRD-K36796217	LSM-10655	NA	5uM	MCF7	24h	LINCSCP_34980
LINCSCP_27401	-0.9978446671	0.04180520317	3	BRD-K07064094	LSM-14706	NA	5uM	HT29	24h	LINCSCP_27401
LINCSCP_7480	-0.9978446115	0.04180574242	3	Risperidone	LSM-3193	ADRA1A|ADRA1B|DRD2|DRD3|DRD4|HRH1|HTR1A|HTR1D|HTR2A|HTR2C	10uM	A549	6h	LINCSCP_7480
LINCSCP_29601	-0.9978440516	0.04181117334	3	CP-724714	LSM-42777	ERBB2	10uM	MCF10A	24h	LINCSCP_29601
LINCSCP_112148	-0.9978433531	0.041817949	3	MLN-0128	LSM-1206	MTOR	0.37uM	HEPG2	24h	LINCSCP_112148
LINCSCP_103003	0.9978416181	0.0418347726	3	SGX-523	LSM-1123	MET	0.04uM	HELA	24h	LINCSCP_103003
LINCSCP_204309	-0.9978405179	0.04184543685	3	AC1O8PYD	LSM-1697	NR3C1	10uM	ASC	24h	LINCSCP_204309
LINCSCP_4906	0.997840296	0.04184758836	3	MLS001060818	LSM-2230	NA	10uM	A549	24h	LINCSCP_4906
LINCSCP_57356	0.9978396747	0.04185360897	3	MLS000729763	LSM-1777	NA	10uM	VCAP	6h	LINCSCP_57356
LINCSCP_43303	0.9978394204	0.04185607313	3	2-En-valproic acid	LSM-44530	NA	10uM	NPC	6h	LINCSCP_43303
LINCSCP_10831	-0.9978390347	0.04185981064	3	356094-07-0	LSM-4434	NA	10uM	ASC	24h	LINCSCP_10831
LINCSCP_83789	0.9978384669	0.04186531144	3	Aurora A Inhibitor I	LSM-1065	AURKA	3.33uM	ASC.C	24h	LINCSCP_83789
LINCSCP_94007	-0.9978376619	0.04187310962	3	Ambroxol	LSM-3260	CYP3A4	0.04uM	HA1E	24h	LINCSCP_94007
LINCSCP_28933	-0.9978376347	0.04187337305	3	CHEMBL2357005	LSM-6822	NA	10uM	HUH7	6h	LINCSCP_28933
LINCSCP_65934	-0.9978371031	0.04187852086	3	BRD-K21569926-019-01-5	LSM-36510	NA	3uM	VCAP	24h	LINCSCP_65934
LINCSCP_114513	-0.9978365339	0.04188403311	3	SB-203580	LSM-1168	MAPK1|MAPK11|MAPK14	1.11uM	HME1	24h	LINCSCP_114513
LINCSCP_1901	0.9978357345	0.04189177402	3	Actarit	LSM-5475	NA	10uM	A375	6h	LINCSCP_1901
LINCSCP_19258	-0.9978351858	0.04189708549	3	Rosiglitazone	LSM-1949	PPARG	80uM	HCC515	24h	LINCSCP_19258
LINCSCP_81298	-0.997835013	0.04189875841	3	Alpelisib	LSM-4256	PIK3CA	10uM	A549	24h	LINCSCP_81298
LINCSCP_540	-0.997834839	0.04190044288	3	Gabazine	LSM-3799	GABRA1	10uM	A375	6h	LINCSCP_540
LINCSCP_21714	0.997834587	0.04190288144	3	TSU-68	LSM-43215	AURKA|AURKB|FGFR1|FGFR2|FGFR3|FGFR4|KDR|PDGFRA|PDGFRB	5uM	HEPG2	6h	LINCSCP_21714
LINCSCP_170627	-0.9978338059	0.0419104417	3	Clozapine	LSM-2823	ADRA1A|ADRA1B|CHRM1|CHRM2|CHRM3|CHRM4|DRD1|DRD2|DRD3|DRD4|HRH1|HRH4|HTR1A|HTR1B|HTR1D|HTR1E|HTR2A|HTR2C|HTR6|HTR7	0.04uM	YAPC	24h	LINCSCP_170627
LINCSCP_147103	-0.9978335853	0.04191257631	3	TAK-715	LSM-1060	MAPK14	0.37uM	NEU	24h	LINCSCP_147103
LINCSCP_67209	-0.9978325048	0.04192303035	3	Trichostatin A, Streptomyces Sp.	LSM-42814	HDAC1|HDAC10|HDAC3|HDAC4|HDAC6|HDAC7|HDAC8	0.1uM	HT29	6h	LINCSCP_67209
LINCSCP_153779	0.9978321156	0.04192679566	3	Tamibarotene	LSM-5493	RARA|RARB	0.04uM	PC3	24h	LINCSCP_153779
LINCSCP_123213	-0.9978308345	0.04193918666	3	Tedizolid	LSM-45778	NA	3.33uM	HT29	24h	LINCSCP_123213
LINCSCP_56400	0.9978306447	0.04194102205	3	Thiotepa	LSM-2194	CYP2B6|CYP3A4	10uM	VCAP	24h	LINCSCP_56400
LINCSCP_69581	-0.9978306365	0.04194110087	3	noscapine	NA	NA	0.37uM	A375	24h	LINCSCP_69581
LINCSCP_14034	0.9978302623	0.04194471916	3	Atomoxetine	LSM-2452	SLC6A2|SLC6A3|SLC6A4	10uM	HA1E	24h	LINCSCP_14034
LINCSCP_54904	-0.9978300114	0.04194714566	3	Phloretin	LSM-6221	NA	100uM	THP1	6h	LINCSCP_54904
LINCSCP_103360	0.9978295007	0.04195208277	3	Pidotimod	LSM-5556	NA	0.12uM	HELA	24h	LINCSCP_103360
LINCSCP_29030	-0.9978278428	0.04196810849	3	6266-99-5	LSM-3501	GRM5	10uM	HUH7	6h	LINCSCP_29030
LINCSCP_67658	0.9978278103	0.04196842236	3	Wortmannin	LSM-3947	PIK3CA|PIK3CG|PLK1	10uM	MCF7	6h	LINCSCP_67658
LINCSCP_73715	0.9978271148	0.04197514252	3	AMG 487	LSM-45938	NA	1.11uM	A375	24h	LINCSCP_73715
LINCSCP_7985	0.9978267579	0.04197859146	3	BRD-K64099269	LSM-40768	NA	10uM	A549	6h	LINCSCP_7985
LINCSCP_29694	-0.9978262458	0.04198353834	3	Seliciclib	LSM-1001	CDK1|CDK2|CDK5|CDK7|CDK9	1uM	MCF10A	6h	LINCSCP_29694
LINCSCP_104975	0.9978253193	0.04199248759	3	AC1Q5RFA	LSM-43063	NA	3.33uM	HELA	24h	LINCSCP_104975
LINCSCP_151608	0.997825291	0.04199276124	3	SCHEMBL17378613	LSM-5749	CSF1R	3.33uM	PC3	24h	LINCSCP_151608
LINCSCP_57901	-0.9978243092	0.04200224308	3	MLS002548989	LSM-3329	NA	10uM	VCAP	6h	LINCSCP_57901
LINCSCP_52508	-0.9978235678	0.04200940109	3	Trimetozine	LSM-3176	NA	10uM	SKB	24h	LINCSCP_52508
LINCSCP_113070	-0.9978232547	0.04201242371	3	MK-2206	LSM-1057	AKT1|AKT2|AKT3	3.33uM	HME1	24h	LINCSCP_113070
LINCSCP_54355	0.9978213712	0.04203060247	3	AC1MEVG9	LSM-3935	PTPN1	10uM	SW620	6h	LINCSCP_54355
LINCSCP_83968	-0.9978213489	0.04203081776	3	Regorafenib	LSM-1226	ABL1|BRAF|DDR2|FGFR1|FGFR2|FLT1|FLT4|FRK|KDR|KIT|MAPK11|PDGFRA|PDGFRB|RAF1|RET|TEK	10uM	ASC.C	24h	LINCSCP_83968
LINCSCP_148709	-0.9978211149	0.04203307634	3	BMS-509744	LSM-1137	NA	10uM	NPC	24h	LINCSCP_148709
LINCSCP_172376	-0.997820942	0.04203474432	3	Milrinone	LSM-3493	PDE3A	3.33uM	YAPC	24h	LINCSCP_172376
LINCSCP_47663	-0.9978208962	0.04203518597	3	CID 57083817	LSM-5420	CYP2C8|CYP2C9|CYP3A4	10uM	PC3	24h	LINCSCP_47663
LINCSCP_98228	-0.9978208193	0.04203592789	3	MG-132	LSM-1107	PSMB1	20uM	HA1E	24h	LINCSCP_98228
LINCSCP_145974	-0.9978197701	0.04204605015	3	LRRK2-IN-1	LSM-1086	LRRK2	0.04uM	MDAMB231	3h	LINCSCP_145974
LINCSCP_43795	0.9978196593	0.04204711837	3	ZM336372	LSM-6268	NA	100uM	OV7	6h	LINCSCP_43795
LINCSCP_55854	0.9978187095	0.04205627965	3	RS504393	LSM-3952	CCR2	10uM	VCAP	6h	LINCSCP_55854
LINCSCP_34264	0.9978157231	0.04208506999	3	Maprotiline	LSM-2043	SLC6A2	10uM	MCF7	24h	LINCSCP_34264
LINCSCP_7192	-0.997815305	0.04208909839	3	Flupentixol	LSM-43011	DRD1|DRD2	10uM	A549	6h	LINCSCP_7192
LINCSCP_53896	0.9978141683	0.04210005113	3	FGIN1-27	LSM-2201	TSPO	10uM	SNUC5	6h	LINCSCP_53896
LINCSCP_67115	0.9978135894	0.04210562704	3	Vorinostat	LSM-3828	HDAC1|HDAC2|HDAC3|HDAC6|HDAC8	0.5uM	HT29	24h	LINCSCP_67115
LINCSCP_96175	-0.9978128272	0.04211296891	3	179324-69-7	LSM-6281	ADRM1|PSMA1|PSMA2|PSMA3|PSMA4|PSMA5|PSMA6|PSMA7|PSMA8|PSMB1|PSMB10|PSMB11|PSMB2|PSMB3|PSMB4|PSMB5|PSMB6|PSMB7|PSMB8|PSMB9|PSMC1|PSMC2|PSMC3|PSMC4|PSMC5|PSMC6|PSMD1|PSMD11|PSMD12|PSMD13|PSMD14|PSMD2|PSMD3|PSMD4|PSMD6|PSMD7|PSMD8|SEM1	20uM	HA1E	24h	LINCSCP_96175
LINCSCP_8683	0.9978117581	0.04212326341	3	BRD-K82154894	LSM-13449	NA	5uM	A549	24h	LINCSCP_8683
LINCSCP_17089	0.9978116181	0.04212461192	3	Chlorambucil	LSM-2645	NA	20uM	HA1E	24h	LINCSCP_17089
LINCSCP_101068	0.9978108656	0.04213185571	3	SCHEMBL15556278	LSM-1002	DDR1	0.12uM	HCC515	24h	LINCSCP_101068
LINCSCP_170258	-0.9978107651	0.04213282341	3	ETOPOSIDE	LSM-6348	TOP2A|TOP2B	1.11uM	YAPC	24h	LINCSCP_170258
LINCSCP_4123	-0.9978107541	0.0421329293	3	Homatropine	LSM-1299	CHRM1	10uM	A549	24h	LINCSCP_4123
LINCSCP_142492	-0.9978104545	0.04213581338	3	Mazindol	LSM-45791	SLC6A2|SLC6A3|SLC6A4	0.04uM	MCF7	24h	LINCSCP_142492
LINCSCP_9409	-0.997810303	0.04213727147	3	ZINC01050121	LSM-6210	NA	0.01uM	A549	24h	LINCSCP_9409
LINCSCP_178221	0.997809368	0.04214627053	3	MLS002264379	LSM-2753	NA	10uM	A375	6h	LINCSCP_178221
LINCSCP_69690	0.9978084184	0.04215540785	3	CHEMBL552425	LSM-1003	DDR1	10uM	A375	24h	LINCSCP_69690
LINCSCP_32332	0.9978083138	0.04215641362	3	BRD-K42125900-001-01-9	LSM-5535	TUBB	10uM	MCF7	6h	LINCSCP_32332
LINCSCP_60051	-0.9978078982	0.04216041211	3	BRD-K56051237	LSM-7588	NA	5uM	VCAP	24h	LINCSCP_60051
LINCSCP_64150	0.997807226	0.04216687776	3	BRD-K04411796	LSM-14690	NA	5uM	VCAP	24h	LINCSCP_64150
LINCSCP_28713	-0.9978050137	0.04218815188	3	MEGXP0_000816	LSM-36633	NA	10uM	HUH7	24h	LINCSCP_28713
LINCSCP_44321	-0.9978049116	0.04218913352	3	T-0156	LSM-3414	PDE5A	10uM	PC3	6h	LINCSCP_44321
LINCSCP_48672	-0.99780466	0.04219155152	3	BRD-K54127914	LSM-46099	NA	10uM	PC3	6h	LINCSCP_48672
LINCSCP_54492	-0.9978038962	0.04219889366	3	FGIN1-27	LSM-2201	TSPO	10uM	SW948	6h	LINCSCP_54492
LINCSCP_33261	0.9978037304	0.04220048726	3	Piretanide	LSM-3959	SLC12A1|SLC12A2	10uM	MCF7	6h	LINCSCP_33261
LINCSCP_91062	-0.9978031485	0.04220607893	3	cucurbitacin-i	LSM-45610	NA	0.12uM	HA1E	24h	LINCSCP_91062
LINCSCP_113856	-0.997803109	0.04220645889	3	Pazopanib	LSM-1114	CSF1R|FGFR1|FGFR3|FLT1|FLT4|ITK|KDR|KIT|LCK|PDGFRA|PDGFRB	0.04uM	HME1	24h	LINCSCP_113856
LINCSCP_17103	0.9978020202	0.04221691998	3	Broad-Sai-443	LSM-45300	NA	3uM	HA1E	24h	LINCSCP_17103
LINCSCP_42208	-0.9978019459	0.04221763375	3	BRD-K90446118	LSM-42207	NA	10uM	NPC	24h	LINCSCP_42208
LINCSCP_68450	-0.9978016471	0.0422205047	3	Sirolimus	LSM-42783	FKBP1A|MTOR	10uM	VCAP	24h	LINCSCP_68450
LINCSCP_253068	-0.9978010184	0.04222654391	3	Buddleoflavonoloside	LSM-2566	NA	3uM	MCF7	24h	LINCSCP_253068
LINCSCP_86814	-0.997799414	0.04224195082	3	PD-0325901	LSM-1101	MAP2K1|MAP2K2	10uM	CD34	24h	LINCSCP_86814
LINCSCP_235047	0.9977992718	0.04224331596	3	Tozasertib	LSM-1021	ABL1|AURKA|AURKB|AURKC|BCR|FLT3|JAK2	1uM	MCF10A	6h	LINCSCP_235047
LINCSCP_134867	0.9977991178	0.04224479514	3	Papaverine	LSM-2338	PDE10A	3.33uM	MCF7	24h	LINCSCP_134867
LINCSCP_66087	-0.9977984948	0.04225077587	3	CHEMBL2140791	LSM-38167	NA	10uM	VCAP	24h	LINCSCP_66087
LINCSCP_130452	-0.9977972941	0.04226229983	3	Tozasertib	LSM-1021	ABL1|AURKA|AURKB|AURKC|BCR|FLT3|JAK2	10uM	MCF10A	24h	LINCSCP_130452
LINCSCP_235913	0.9977965466	0.04226947329	3	Icariin	LSM-3462	NA	10uM	MCF7	6h	LINCSCP_235913
LINCSCP_17515	0.9977961553	0.04227322762	3	Crizotinib	LSM-1027	ALK|MET	1.11uM	HA1E	24h	LINCSCP_17515
LINCSCP_93145	0.9977955499	0.04227903528	3	CPI-613	LSM-45873	NA	0.04uM	HA1E	24h	LINCSCP_93145
LINCSCP_14458	0.9977951977	0.04228241446	3	Valsartan	LSM-2993	AGTR1	10uM	HA1E	24h	LINCSCP_14458
LINCSCP_20141	-0.9977945906	0.04228823671	3	SMR000036591	LSM-43104	NA	10uM	HCC515	6h	LINCSCP_20141
LINCSCP_163578	0.9977940942	0.04229299728	3	Palbociclib	LSM-1071	CCND1|CDK4|CDK6	1.11uM	SKBR3	24h	LINCSCP_163578
LINCSCP_115052	0.9977940623	0.04229330317	3	Ruxolitinib	LSM-1139	JAK1|JAK2|TYK2	3.33uM	HS578T	24h	LINCSCP_115052
LINCSCP_129954	-0.9977927536	0.04230585187	3	CHEMBL585951	LSM-36386	MAPK8	10uM	LNCAP	24h	LINCSCP_129954
LINCSCP_31524	-0.9977924922	0.04230835743	3	MLS002607743	LSM-4089	NA	10uM	MCF7	6h	LINCSCP_31524
LINCSCP_64443	-0.9977922922	0.0423102755	3	BRD-K76352008	LSM-41440	NA	5uM	VCAP	6h	LINCSCP_64443
LINCSCP_1067	-0.9977919251	0.04231379433	3	MLS000408862	LSM-1277	NA	10uM	A375	24h	LINCSCP_1067
LINCSCP_257358	-0.9977913889	0.04231893354	3	AGK 2	LSM-43196	SIRT2	10uM	NCIH508	6h	LINCSCP_257358
LINCSCP_52388	0.9977908832	0.04232377901	3	Tyrphostin 51	LSM-43207	NA	10uM	SKB	24h	LINCSCP_52388
LINCSCP_65509	-0.9977904071	0.04232834181	3	CHEMBL2355430	LSM-41098	NA	10uM	VCAP	6h	LINCSCP_65509
LINCSCP_18586	-0.9977891203	0.0423406698	3	Eugenitol	LSM-3016	NA	10uM	HCC515	24h	LINCSCP_18586
LINCSCP_69384	0.9977890624	0.04234122461	3	Saracatinib	LSM-1032	ABL1|SRC	0.12uM	A375	24h	LINCSCP_69384
LINCSCP_100423	0.9977884589	0.04234700466	3	Veliparib	LSM-1146	PARP1|PARP2	3.33uM	HCC515	24h	LINCSCP_100423
LINCSCP_167630	-0.997788192	0.04234956124	3	Saracatinib	LSM-1032	ABL1|SRC	10uM	YAPC	24h	LINCSCP_167630
LINCSCP_96827	-0.9977881127	0.04235032034	3	AZD7762	LSM-45536	CHEK1	0.04uM	HA1E	24h	LINCSCP_96827
LINCSCP_10515	-0.997787322	0.0423578921	3	Promazine	LSM-2137	CHRM5|DRD2|DRD3|DRD4|HTR2A	10uM	AGS	6h	LINCSCP_10515
LINCSCP_60593	-0.9977869803	0.04236116388	3	BRD-K62447749	LSM-7680	NA	5uM	VCAP	24h	LINCSCP_60593
LINCSCP_22133	-0.9977868443	0.04236246581	3	MLS002725684	LSM-1500	NA	10uM	HEPG2	6h	LINCSCP_22133
LINCSCP_108746	0.9977862618	0.04236804237	3	Phorbol Myristate Acetate	LSM-25630	NA	0.3uM	HELA	24h	LINCSCP_108746
LINCSCP_95438	-0.9977860863	0.04236972287	3	AC1NWAPU	LSM-1690	NR3C1	10uM	HA1E	24h	LINCSCP_95438
LINCSCP_95888	-0.9977857432	0.0423730067	3	Talnetant	LSM-45828	TACR3	3.33uM	HA1E	24h	LINCSCP_95888
LINCSCP_148559	0.9977855272	0.0423750739	3	SCHEMBL17378613	LSM-5749	CSF1R	0.37uM	NPC	24h	LINCSCP_148559
LINCSCP_5538	-0.9977852022	0.04237818476	3	Triazolothiadiazine, 29	LSM-3455	NA	10uM	A549	6h	LINCSCP_5538
LINCSCP_40401	-0.9977845708	0.04238422722	3	Elesclomol	LSM-4929	HSPA1A	10uM	NCIH596	6h	LINCSCP_40401
LINCSCP_61055	0.9977832704	0.04239666969	3	BRD-K53101279	LSM-11667	NA	5uM	VCAP	24h	LINCSCP_61055
LINCSCP_230	-0.9977831285	0.04239802633	3	Eliprodil	LSM-1677	GRIN1|GRIN2B	10uM	A375	24h	LINCSCP_230
LINCSCP_146549	0.9977831266	0.04239804466	3	BMS-777607	LSM-1144	AXL|MERTK|MET|MST1R|TYRO3	10uM	NEU	24h	LINCSCP_146549
LINCSCP_300439	-0.9977828693	0.04240050661	3	BRD-K05275169	LSM-8742	NA	5uM	VCAP	6h	LINCSCP_300439
LINCSCP_124224	0.9977827849	0.04240131383	3	BI-2536	LSM-1041	PLK1	3.33uM	HT29	24h	LINCSCP_124224
LINCSCP_30365	-0.997782214	0.04240677409	3	Mitoxantrone	LSM-2481	TOP2A	10uM	MCF7	6h	LINCSCP_30365
LINCSCP_30079	-0.9977819318	0.04240947263	3	Pazopanib	LSM-1114	CSF1R|FGFR1|FGFR3|FLT1|FLT4|ITK|KDR|KIT|LCK|PDGFRA|PDGFRB	10uM	MCF10A	6h	LINCSCP_30079
LINCSCP_162074	-0.9977818102	0.04241063586	3	Oglemilast	LSM-45656	NA	10uM	PC3	24h	LINCSCP_162074
LINCSCP_7357	-0.9977815383	0.04241323647	3	Hemado	LSM-1233	ADORA3	10uM	A549	6h	LINCSCP_7357
LINCSCP_83842	-0.9977811011	0.04241741662	3	NVP-BHG712	LSM-1201	NA	10uM	ASC.C	24h	LINCSCP_83842
LINCSCP_149395	0.9977806725	0.04242151511	3	GW620972X	LSM-1209	NA	0.12uM	NPC	24h	LINCSCP_149395
LINCSCP_18379	-0.9977803756	0.04242435361	3	GW441756X	LSM-2066	NTRK1	10uM	HCC515	6h	LINCSCP_18379
LINCSCP_51969	0.9977801233	0.04242676548	3	Trametinib	LSM-1143	MAP2K1|MAP2K2	10uM	SKBR3	6h	LINCSCP_51969
LINCSCP_68444	-0.9977794488	0.04243321276	3	Genistein	LSM-5549	CFTR|ESR2	10uM	VCAP	6h	LINCSCP_68444
LINCSCP_71885	0.9977788855	0.04243859616	3	Tivantinib	LSM-1131	MET	10uM	A375	24h	LINCSCP_71885
LINCSCP_36264	0.9977785945	0.04244137695	3	Scriptaid	LSM-2499	HDAC1	3uM	MCF7	24h	LINCSCP_36264
LINCSCP_104380	0.9977783671	0.0424435508	3	NUTLIN 3	LSM-4288	MDM2	0.04uM	HELA	24h	LINCSCP_104380
LINCSCP_39544	0.9977781487	0.0424456378	3	CHIR-99021	LSM-1181	NA	1uM	MDAMB231	6h	LINCSCP_39544
LINCSCP_124449	-0.9977779266	0.0424477597	3	179324-69-7	LSM-6281	ADRM1|PSMA1|PSMA2|PSMA3|PSMA4|PSMA5|PSMA6|PSMA7|PSMA8|PSMB1|PSMB10|PSMB11|PSMB2|PSMB3|PSMB4|PSMB5|PSMB6|PSMB7|PSMB8|PSMB9|PSMC1|PSMC2|PSMC3|PSMC4|PSMC5|PSMC6|PSMD1|PSMD11|PSMD12|PSMD13|PSMD14|PSMD2|PSMD3|PSMD4|PSMD6|PSMD7|PSMD8|SEM1	20uM	HT29	24h	LINCSCP_124449
LINCSCP_69647	0.9977741328	0.0424839937	3	Y-39983	LSM-1150	ROCK1|ROCK2	0.37uM	A375	24h	LINCSCP_69647
LINCSCP_62796	-0.997773818	0.04248699863	3	BRD-K55659732	LSM-11799	NA	5uM	VCAP	24h	LINCSCP_62796
LINCSCP_76259	0.9977715258	0.0425088749	3	Tedizolid	LSM-45778	NA	0.04uM	A375	24h	LINCSCP_76259
LINCSCP_112826	0.997771344	0.04251060912	3	HMN-214	LSM-42802	CSF1R|FLT1|FLT3|FLT4|KDR|KIT|PDGFRB|RET	1.11uM	HEPG2	24h	LINCSCP_112826
LINCSCP_87566	-0.9977712617	0.04251139504	3	Neratinib	LSM-42778	EGFR|ERBB2|ERBB4	0.37uM	HA1E	24h	LINCSCP_87566
LINCSCP_85928	-0.9977711673	0.04251229521	3	CGP 60474	LSM-1025	CDK1	1.11uM	BT20	24h	LINCSCP_85928
LINCSCP_116575	0.9977702263	0.04252127192	3	BI-2536	LSM-1041	PLK1	0.12uM	HT29	24h	LINCSCP_116575
LINCSCP_19707	0.997769923	0.04252416499	3	CHEMBL2136110	LSM-2505	NA	10uM	HCC515	6h	LINCSCP_19707
LINCSCP_115463	-0.9977696226	0.04252702951	3	Sorafenib	LSM-1008	BRAF|DDR2|FGFR1|FLT1|FLT3|FLT4|KDR|KIT|PDGFRB|RAF1|RET	0.04uM	HS578T	24h	LINCSCP_115463
LINCSCP_13347	0.9977694561	0.04252861784	3	Spermidine	LSM-37075	NA	10uM	FIBRNPC	6h	LINCSCP_13347
LINCSCP_28003	-0.9977694149	0.04252901056	3	BRD-K80666761	LSM-13361	NA	5uM	HT29	24h	LINCSCP_28003
LINCSCP_146328	0.9977692427	0.04253065317	3	AT 7867	LSM-1155	NA	0.04uM	MNEU.E	24h	LINCSCP_146328
LINCSCP_204532	0.9977691571	0.0425314689	3	SPECTRUM_000051	LSM-1749	OPRD1|OPRK1|OPRM1	10uM	ASC	24h	LINCSCP_204532
LINCSCP_156997	-0.9977687571	0.04253528376	3	Mepivacaine	LSM-4306	SCN10A|SCN11A|SCN1A|SCN2A|SCN3A|SCN4A|SCN5A|SCN7A|SCN8A|SCN9A	3.33uM	PC3	24h	LINCSCP_156997
LINCSCP_39220	0.9977685401	0.04253735288	3	sorafenib	NA	BRAF|DDR2|FGFR1|FLT1|FLT3|FLT4|KDR|KIT|PDGFRB|RAF1|RET	0.5uM	MDAMB231	6h	LINCSCP_39220
LINCSCP_166607	-0.9977672871	0.04254929771	3	Hydroxyprogesterone Caproate	LSM-4900	AR|ESR1|ESR2|NR1H4|NR1I2|NR3C1|PGR	0.37uM	YAPC	24h	LINCSCP_166607
LINCSCP_52019	-0.9977671759	0.04255035776	3	XMD 8-92	LSM-1094	MAPK7	0.5uM	SKBR3	6h	LINCSCP_52019
LINCSCP_100348	-0.997767124	0.04255085236	3	Quizartinib	LSM-1037	CSF1R|FLT3|KIT|PDGFRA|PDGFRB|RET	10uM	HCC515	24h	LINCSCP_100348
LINCSCP_175165	-0.9977669709	0.04255231161	3	Vandetanib	LSM-1199	EGFR|EPHA1|EPHA10|EPHA2|EPHA3|EPHA4|EPHA5|EPHA6|EPHA7|EPHA8|EPHB1|EPHB2|EPHB3|EPHB4|EPHB6|ERBB2|ERBB3|ERBB4|FLT1|FLT4|KDR|PTK6|RET|SRC|TEK	0.37uM	YAPC	24h	LINCSCP_175165
LINCSCP_133616	0.9977662664	0.04255902639	3	Veliparib	LSM-1146	PARP1|PARP2	0.04uM	MCF7	24h	LINCSCP_133616
LINCSCP_100208	-0.9977662545	0.04255913945	3	Dasatinib	LSM-1020	ABL1|BCR|BLK|EPHA2|FGR|FRK|FYN|HCK|KIT|LCK|LYN|PDGFRB|SRC|SRMS|YES1	0.12uM	HCC515	24h	LINCSCP_100208
LINCSCP_7937	0.9977660875	0.0425607308	3	BRD-K95517054-001-01-7	LSM-6786	NA	10uM	A549	24h	LINCSCP_7937
LINCSCP_38374	0.9977659853	0.04256170543	3	Tosedostat	LSM-6286	ANPEP|C9orf3|DNPEP|ENPEP|ERAP1|ERAP2|LAP3|LNPEP|LVRN|METAP1|METAP1D|METAP2|NPEPL1|NPEPPS|RNPEP|RNPEPL1|XPNPEP1|XPNPEP2|XPNPEP3	3uM	MCF7	6h	LINCSCP_38374
LINCSCP_103916	0.9977659732	0.04256182068	3	Piretanide	LSM-3959	SLC12A1|SLC12A2	0.37uM	HELA	24h	LINCSCP_103916
LINCSCP_203936	0.9977654411	0.04256689104	3	Benzthiazide	LSM-2474	CA2|SLC12A3	10uM	ASC	24h	LINCSCP_203936
LINCSCP_7049	-0.997765369	0.04256757753	3	NO-711	LSM-2939	SLC6A1	10uM	A549	24h	LINCSCP_7049
LINCSCP_2991	0.997764696	0.04257398989	3	BRD-K53501402	LSM-40209	NA	10uM	A375	6h	LINCSCP_2991
LINCSCP_30666	-0.9977637641	0.04258286649	3	16,16-Dimethyl prostaglandin e2	LSM-43285	HPGD	10uM	MCF7	24h	LINCSCP_30666
LINCSCP_173018	0.9977635819	0.04258460196	3	Donepezil	LSM-1598	ACHE	0.37uM	YAPC	24h	LINCSCP_173018
LINCSCP_51717	-0.9977630186	0.04258996679	3	CGP 60474	LSM-1025	CDK1	1uM	SKBR3	6h	LINCSCP_51717
LINCSCP_276825	0.9977628748	0.04259133636	3	BRD-K74634175	LSM-41335	NA	5uM	PC3	24h	LINCSCP_276825
LINCSCP_138384	-0.9977616174	0.04260330826	3	Cinnarizine	LSM-42858	HRH1	10uM	MCF7	24h	LINCSCP_138384
LINCSCP_87063	-0.9977612321	0.0426069764	3	Epigalocatechin Gallate	LSM-5661	FASN	0.04uM	CD34	24h	LINCSCP_87063
LINCSCP_89269	-0.9977608565	0.04261055116	3	GW620972X	LSM-1209	NA	1.11uM	HA1E	24h	LINCSCP_89269
LINCSCP_63163	-0.9977607212	0.04261183885	3	BRD-K47234370	LSM-11314	NA	5uM	VCAP	6h	LINCSCP_63163
LINCSCP_18981	0.9977589525	0.04262867084	3	IN1345	LSM-3976	EGFR	10uM	HCC515	24h	LINCSCP_18981
LINCSCP_8386	-0.9977584454	0.04263349517	3	BRD-K44586044	LSM-11142	NA	5uM	A549	24h	LINCSCP_8386
LINCSCP_170753	0.9977581163	0.04263662558	3	Vinburnine	LSM-2891	NA	2.26uM	YAPC	24h	LINCSCP_170753
LINCSCP_32135	-0.9977576972	0.0426406126	3	Fluticasone	LSM-5328	NR3C1|PGR	10uM	MCF7	24h	LINCSCP_32135
LINCSCP_211635	0.9977570713	0.04264656543	3	Broad-Sai-296	LSM-45315	NA	10uM	HA1E	6h	LINCSCP_211635
LINCSCP_44427	-0.9977565373	0.04265164375	3	Remacemide	LSM-1489	GRIN1	10uM	PC3	6h	LINCSCP_44427
LINCSCP_93933	0.9977551074	0.04266523947	3	Dopamine	LSM-4630	ADRB1|DRD1|DRD2|DRD3|DRD4|DRD5	0.37uM	HA1E	24h	LINCSCP_93933
LINCSCP_212062	-0.9977547185	0.0426689356	3	Metaproterenol	LSM-4318	ADRB2	10uM	HA1E	6h	LINCSCP_212062
LINCSCP_96516	-0.9977545212	0.04267081143	3	Dantrolene-13C3	LSM-3823	RYR1	10uM	HA1E	24h	LINCSCP_96516
LINCSCP_170165	0.99775344	0.04268108721	3	Fiacitabine	LSM-45763	NA	0.04uM	YAPC	24h	LINCSCP_170165
LINCSCP_595	0.9977514125	0.0427003493	3	IN1541	LSM-4460	PRKAA1	10uM	A375	24h	LINCSCP_595
LINCSCP_7904	-0.9977511529	0.04270281554	3	BRD-K74163137	LSM-6150	NA	10uM	A549	24h	LINCSCP_7904
LINCSCP_115734	-0.9977511477	0.04270286485	3	Gefitinib	LSM-1098	EGFR	1.11uM	HS578T	24h	LINCSCP_115734
LINCSCP_96820	-0.997750779	0.04270636644	3	Tetrahydrouridine	LSM-45757	NA	0.12uM	HA1E	24h	LINCSCP_96820
LINCSCP_14980	0.9977504282	0.04270969768	3	Penicillic acid	LSM-1552	NA	10uM	HA1E	24h	LINCSCP_14980
LINCSCP_1779	-0.9977502571	0.04271132265	3	MLS000583957	LSM-1763	NA	10uM	A375	6h	LINCSCP_1779
LINCSCP_74920	-0.9977500042	0.04271372421	3	ETOPOSIDE	LSM-6348	TOP2A|TOP2B	1.11uM	A375	24h	LINCSCP_74920
LINCSCP_113321	-0.9977498566	0.04271512562	3	Alvocidib	LSM-1011	CDK1|CDK2|CDK4|CDK5|CDK6|CDK7|CDK8|CDK9|EGFR|PYGM	1.11uM	HME1	3h	LINCSCP_113321
LINCSCP_156653	-0.9977490601	0.04272268777	3	PSI-6130	LSM-45483	NA	0.04uM	PC3	24h	LINCSCP_156653
LINCSCP_46696	0.9977480381	0.04273238948	3	SCHEMBL618594	LSM-1070	NA	10uM	PC3	24h	LINCSCP_46696
LINCSCP_153953	0.9977478201	0.04273445842	3	Bardoxolone Methyl	LSM-45471	IKBKB|KEAP1|NFE2L2|PPARG	0.04uM	PC3	24h	LINCSCP_153953
LINCSCP_6894	0.9977474149	0.04273830388	3	Toltrazuril	LSM-3440	NA	10uM	A549	24h	LINCSCP_6894
LINCSCP_104231	0.9977453125	0.04275825116	3	BRD-A69421747	LSM-45546	NA	10uM	HELA	24h	LINCSCP_104231
LINCSCP_61582	-0.9977450594	0.04276065213	3	BRD-K28862107	LSM-10180	NA	5uM	VCAP	24h	LINCSCP_61582
LINCSCP_32741	0.9977450134	0.04276108827	3	BRD-K75081836	LSM-45110	NA	10uM	MCF7	6h	LINCSCP_32741
LINCSCP_100711	0.9977440775	0.042769964	3	Ischemin	LSM-6336	NA	0.04uM	HCC515	24h	LINCSCP_100711
LINCSCP_68882	0.9977440528	0.04277019822	3	13-Methyl-7-[9-(4,4,5,5,5-pentafluoropentylsulfinyl)nonyl]-6,7,8,9,11,12,14,15,16,17-decahydrocyclopenta[a]phenanthrene-3,17-diol	LSM-1895	ESR1	10uM	VCAP	6h	LINCSCP_68882
LINCSCP_123881	0.9977434457	0.04277595544	3	Trilostane	LSM-45466	NA	10uM	HT29	24h	LINCSCP_123881
LINCSCP_67761	0.9977421788	0.04278796599	3	Trichostatin A, Streptomyces Sp.	LSM-42814	HDAC1|HDAC10|HDAC3|HDAC4|HDAC6|HDAC7|HDAC8	10uM	NPC	24h	LINCSCP_67761
LINCSCP_9883	-0.9977408994	0.04280009191	3	Avicin-G	LSM-44622	NA	3uM	A549	24h	LINCSCP_9883
LINCSCP_86589	0.9977404733	0.04280412907	3	CHEMBL3182395	LSM-1164	MAP2K5|MAPK7	0.04uM	CD34	24h	LINCSCP_86589
LINCSCP_125812	0.9977401212	0.04280746582	3	Tolvaptan	LSM-45837	AVPR2	10uM	HT29	24h	LINCSCP_125812
LINCSCP_191872	0.9977385019	0.04282280574	3	BRD-A28746609	LSM-1102	NR1I2|TUBB	10uM	A549	6h	LINCSCP_191872
LINCSCP_50879	0.9977369654	0.04283735608	3	pyrvinium-pamoate	NA	AR	10uM	RKO	6h	LINCSCP_50879
LINCSCP_67764	-0.9977357108	0.04284923241	3	13-Hydroxy-8,14,19-trimethoxy-4,10,12,16-tetramethyl-3,20,22-trioxo-2-azabicyclo[16.3.1]docosa-1(21),4,6,10,18-pentaen-9-yl carbamate	LSM-42815	HSP90AA1	10uM	NPC	24h	LINCSCP_67764
LINCSCP_84789	-0.9977348474	0.04285740449	3	CHEMBL3188661	LSM-5394	DDR1	0.37uM	ASC	24h	LINCSCP_84789
LINCSCP_105352	-0.9977328799	0.04287602035	3	Lofexidine	LSM-4951	ADRA2A	3.33uM	HELA	24h	LINCSCP_105352
LINCSCP_39478	0.997729905	0.04290415289	3	Nilotinib	LSM-1099	ABL1|BCR|KIT	1uM	MDAMB231	24h	LINCSCP_39478
LINCSCP_101066	0.9977292763	0.04291009557	3	SCHEMBL15556278	LSM-1002	DDR1	1.11uM	HCC515	24h	LINCSCP_101066
LINCSCP_150182	0.9977285189	0.04291725379	3	PD-0325901	LSM-1101	MAP2K1|MAP2K2	0.04uM	NPC.TAK	24h	LINCSCP_150182
LINCSCP_166388	-0.9977282398	0.0429198912	3	PD153035 (Hydrochloride)	LSM-45421	NA	10uM	YAPC	24h	LINCSCP_166388
LINCSCP_93	0.9977277132	0.0429248678	3	Sappanone A Trimethyl Ether	LSM-42843	NA	10uM	A375	6h	LINCSCP_93
LINCSCP_175801	-0.997726869	0.04293284374	3	PH-797804	LSM-36373	MAPK14	0.04uM	YAPC	24h	LINCSCP_175801
LINCSCP_12607	-0.9977249954	0.04295054011	3	AKT Inhibitor VIII	LSM-1035	AKT1|AKT2	10uM	CORL23	6h	LINCSCP_12607
LINCSCP_36758	0.997723855	0.04296130749	3	C21H27N7O3	LSM-1128	AKT1|AKT2|AKT3|PRKCQ	0.5uM	MCF7	24h	LINCSCP_36758
LINCSCP_68546	0.9977237678	0.04296213138	3	Sirolimus	LSM-42783	FKBP1A|MTOR	10uM	VCAP	6h	LINCSCP_68546
LINCSCP_310350	0.9977234438	0.04296518963	3	BRD-K31096204	LSM-7254	NA	10uM	VCAP	24h	LINCSCP_310350
LINCSCP_189879	0.9977224044	0.04297500067	3	Cladribine	LSM-5976	ADA	10uM	A549	6h	LINCSCP_189879
LINCSCP_48895	0.9977211367	0.04298696366	3	BRD-K90070572	LSM-44900	NA	10uM	PC3	6h	LINCSCP_48895
LINCSCP_18053	-0.9977208163	0.04298998667	3	NSC653260	LSM-43039	NA	10uM	HCC515	24h	LINCSCP_18053
LINCSCP_103889	0.9977201492	0.04299627928	3	3-N-Propylxanthine	LSM-45973	NA	10uM	HELA	24h	LINCSCP_103889
LINCSCP_39559	-0.9977200691	0.04299703544	3	NVP-AUY922	LSM-1162	HSP90AA1|HSP90AB1	0.1uM	MDAMB231	6h	LINCSCP_39559
LINCSCP_5373	-0.9977196469	0.04300101741	3	CHEMBL1456638	LSM-42884	NA	10uM	A549	24h	LINCSCP_5373
LINCSCP_117324	-0.9977186318	0.04301059148	3	Ricolinostat	LSM-6324	NA	3.33uM	HT29	24h	LINCSCP_117324
LINCSCP_52984	-0.99771805	0.04301607707	3	BMS-754807	LSM-6218	IGF1R|INSR	10uM	SKLU1	6h	LINCSCP_52984
LINCSCP_156534	0.9977175277	0.04302100206	3	AC480 (BMS-599626)	LSM-45494	EGFR|ERBB2|ERBB4	10uM	PC3	24h	LINCSCP_156534
LINCSCP_27721	0.997717153	0.04302453379	3	BRD-K75179331	LSM-13031	NA	5uM	HT29	24h	LINCSCP_27721
LINCSCP_132721	0.9977169642	0.0430263142	3	Dasatinib	LSM-1020	ABL1|BCR|BLK|EPHA2|FGR|FRK|FYN|HCK|KIT|LCK|LYN|PDGFRB|SRC|SRMS|YES1	1.11uM	MCF7	24h	LINCSCP_132721
LINCSCP_103614	-0.9977161216	0.04303425614	3	Cobicistat (GS-9350)	LSM-45771	CYP3A4|CYP3A43|CYP3A5|CYP3A7|CYP3A7-CYP3A51P	10uM	HELA	24h	LINCSCP_103614
LINCSCP_161918	-0.9977159025	0.04303632062	3	MG-132	LSM-1107	PSMB1	20uM	PC3	24h	LINCSCP_161918
LINCSCP_43940	0.9977156582	0.04303862315	3	SCHEMBL16226502	LSM-43056	HSP90AA1	1uM	PC3	6h	LINCSCP_43940
LINCSCP_150907	0.9977139236	0.04305496718	3	NVP-AUY922	LSM-1162	NA	10uM	PC3	24h	LINCSCP_150907
LINCSCP_153962	-0.9977135419	0.0430585624	3	bupivacaine	LSM-45529	NA	1.11uM	PC3	24h	LINCSCP_153962
LINCSCP_101436	0.9977128799	0.04306479785	3	MK-2866 (GTx-024)	LSM-45447	AR	3.33uM	HELA	24h	LINCSCP_101436
LINCSCP_77800	0.9977124758	0.04306860358	3	Pimavanserin	LSM-45960	HTR2A	10uM	A375	24h	LINCSCP_77800
LINCSCP_13114	-0.9977121969	0.04307122989	3	MLS002702107	LSM-36423	TOP2A	10uM	FIBRNPC	24h	LINCSCP_13114
LINCSCP_130389	-0.9977112433	0.04308020956	3	AS-605240	LSM-42784	PIK3CG	0.37uM	LNCAP	3h	LINCSCP_130389
LINCSCP_89449	-0.9977102583	0.04308948164	3	CEP-701	LSM-45844	NA	0.37uM	HA1E	24h	LINCSCP_89449
LINCSCP_110132	0.9977099647	0.0430922457	3	Momelotinib	LSM-1141	JAK1|JAK2	10uM	HELA	24h	LINCSCP_110132
LINCSCP_64061	0.9977093167	0.0430983442	3	BRD-K08477148	LSM-8940	NA	5uM	VCAP	6h	LINCSCP_64061
LINCSCP_249086	-0.9977090362	0.04310098331	3	BRD-K81227048	LSM-41706	NA	5uM	MCF7	24h	LINCSCP_249086
LINCSCP_16723	0.9977088749	0.0431025015	3	13(S)-HODE	LSM-43243	PPARG	10uM	HA1E	6h	LINCSCP_16723
LINCSCP_56514	0.9977084175	0.04310680547	3	SPECTRUM_000090	LSM-1817	ADRA2A|ADRA2B|ADRA2C|DRD1|DRD2|DRD3|DRD4|DRD5|HTR1A|HTR1B|HTR1D|HTR2A|HTR2B|HTR2C	10uM	VCAP	6h	LINCSCP_56514
LINCSCP_40046	0.9977066302	0.04312361864	3	Promazine	LSM-2137	CHRM5|DRD2|DRD3|DRD4|HTR2A	10uM	NCIH2073	6h	LINCSCP_40046
LINCSCP_32309	-0.9977052918	0.0431362057	3	ST072947	LSM-43087	NA	10uM	MCF7	6h	LINCSCP_32309
LINCSCP_174431	0.997705153	0.04313751033	3	MG-132	LSM-1107	PSMB1	20uM	YAPC	24h	LINCSCP_174431
LINCSCP_16273	-0.9977047618	0.04314118868	3	ZINC00439757	LSM-4798	NA	10uM	HA1E	6h	LINCSCP_16273
LINCSCP_15505	0.9977032814	0.04315510432	3	AC1NXRFO	LSM-43270	NA	40uM	HA1E	6h	LINCSCP_15505
LINCSCP_42555	-0.9977026294	0.04316123147	3	GW3965	LSM-2738	NR1H2|NR1H3	10uM	NPC	24h	LINCSCP_42555
LINCSCP_105957	-0.9977021727	0.04316552348	3	Cyproterone Acetate	LSM-45961	NA	10uM	HELA	24h	LINCSCP_105957
LINCSCP_92517	-0.9977011169	0.04317544231	3	Cimetidine	LSM-2404	HRH2	10uM	HA1E	24h	LINCSCP_92517
LINCSCP_24068	0.997698677	0.0431983571	3	Alisertib	LSM-37184	AURKA	0.04uM	HEPG2	24h	LINCSCP_24068
LINCSCP_144683	-0.9976982025	0.04320281201	3	CGP 60474	LSM-1025	CDK1	3.33uM	MDAMB231	24h	LINCSCP_144683
LINCSCP_61498	-0.9976981845	0.04320298128	3	BRD-K80094052	LSM-13319	NA	5uM	VCAP	24h	LINCSCP_61498
LINCSCP_27896	0.9976962792	0.04322086523	3	BRD-K37140349	LSM-39306	NA	5uM	HT29	24h	LINCSCP_27896
LINCSCP_49437	-0.9976948617	0.04323416524	3	KUC111774N	LSM-36810	NA	10uM	PC3	6h	LINCSCP_49437
LINCSCP_129949	0.9976940584	0.04324170056	3	TAE-684	LSM-1024	ALK	3.33uM	LNCAP	24h	LINCSCP_129949
LINCSCP_149007	0.9976932851	0.04324895297	3	Belinostat	LSM-43181	HDAC1|HDAC10|HDAC11|HDAC2|HDAC3|HDAC4|HDAC5|HDAC6|HDAC7|HDAC8|HDAC9	0.12uM	NPC	24h	LINCSCP_149007
LINCSCP_212198	-0.9976907389	0.04327282546	3	Abiraterone	LSM-5658	CYP17A1	10uM	HA1E	6h	LINCSCP_212198
LINCSCP_14330	-0.9976900726	0.04327907021	3	SKF 86002	LSM-4189	NA	10uM	HA1E	6h	LINCSCP_14330
LINCSCP_296258	0.9976880436	0.0432980811	3	Diflunisal	LSM-2490	PTGS1|PTGS2	10uM	VCAP	6h	LINCSCP_296258
LINCSCP_120413	-0.9976865665	0.04331191585	3	PI-103	LSM-1126	MTOR|PIK3CA|PIK3CB|PIK3CD|PIK3CG	10uM	HT29	24h	LINCSCP_120413
LINCSCP_67485	0.9976862298	0.04331506902	3	Vorinostat	LSM-3828	HDAC1|HDAC2|HDAC3|HDAC6|HDAC8	0.1uM	MCF7	24h	LINCSCP_67485
LINCSCP_71891	-0.9976858564	0.04331856454	3	Levocabastine	LSM-2731	HRH1|NTSR2	10uM	A375	24h	LINCSCP_71891
LINCSCP_146374	0.9976856566	0.04332043545	3	1166227-08-2	LSM-1204	NA	10uM	NEU	24h	LINCSCP_146374
LINCSCP_173151	0.997685127	0.04332539387	3	ETHYLENEDIAMINE TETRACETATE TETRA-ETHANOLAMINE	LSM-45734	NA	0.12uM	YAPC	24h	LINCSCP_173151
LINCSCP_58278	0.9976845946	0.04333037808	3	Aripiprazole	LSM-5776	DRD2|HRH1|HTR1A|HTR1B|HTR1D|HTR2A|HTR2C	10uM	VCAP	6h	LINCSCP_58278
LINCSCP_267652	0.9976830414	0.04334491383	3	AC1LWSL2	LSM-3096	NA	10uM	PC3	24h	LINCSCP_267652
LINCSCP_13372	-0.9976829057	0.04334618349	3	Glycodeoxycholate	LSM-5760	NA	10uM	FIBRNPC	6h	LINCSCP_13372
LINCSCP_60250	0.9976811577	0.04336253719	3	BRD-K92191596	LSM-8018	NA	5uM	VCAP	24h	LINCSCP_60250
LINCSCP_168877	-0.9976796024	0.04337708262	3	179324-69-7	LSM-6281	ADRM1|PSMA1|PSMA2|PSMA3|PSMA4|PSMA5|PSMA6|PSMA7|PSMA8|PSMB1|PSMB10|PSMB11|PSMB2|PSMB3|PSMB4|PSMB5|PSMB6|PSMB7|PSMB8|PSMB9|PSMC1|PSMC2|PSMC3|PSMC4|PSMC5|PSMC6|PSMD1|PSMD11|PSMD12|PSMD13|PSMD14|PSMD2|PSMD3|PSMD4|PSMD6|PSMD7|PSMD8|SEM1	20uM	YAPC	24h	LINCSCP_168877
LINCSCP_93788	-0.9976792174	0.04338068207	3	Ambrisentan	LSM-45789	EDNRA|EDNRB	1.11uM	HA1E	24h	LINCSCP_93788
LINCSCP_9227	-0.9976791891	0.04338094671	3	Trichostatin	LSM-43005	HDAC1|HDAC10|HDAC3|HDAC4|HDAC6|HDAC7|HDAC8	0.5uM	A549	24h	LINCSCP_9227
LINCSCP_47529	-0.9976789104	0.04338355267	3	Hycanthone	LSM-5614	NA	10uM	PC3	24h	LINCSCP_47529
LINCSCP_72957	0.9976787071	0.04338545355	3	TH-302	LSM-45919	NA	10uM	A375	24h	LINCSCP_72957
LINCSCP_15193	-0.9976778077	0.0433938603	3	Cyclohexanecarboxamide, 4-(1-aminoethyl)-n-4-pyridinyl-, trans-	LSM-1177	ROCK1|ROCK2	3uM	HA1E	24h	LINCSCP_15193
LINCSCP_142382	-0.9976764985	0.0434060963	3	Elesclomol	LSM-4929	HSPA1A	0.37uM	MCF7	24h	LINCSCP_142382
LINCSCP_235075	0.9976764644	0.04340641443	3	Enzastaurin	LSM-1069	PRKCB	0.5uM	MCF10A	6h	LINCSCP_235075
LINCSCP_54313	-0.9976752774	0.04341750453	3	PF-04217903	LSM-1166	MET	40uM	SW620	6h	LINCSCP_54313
LINCSCP_156547	0.9976750218	0.0434198927	3	Minoxidil	LSM-2134	ABCC9|KCNJ11|KCNJ8	3.33uM	PC3	24h	LINCSCP_156547
LINCSCP_278747	0.9976744599	0.04342514078	3	13-Methyl-7-[9-(4,4,5,5,5-pentafluoropentylsulfinyl)nonyl]-6,7,8,9,11,12,14,15,16,17-decahydrocyclopenta[a]phenanthrene-3,17-diol	LSM-1895	ESR1	0.5uM	PC3	24h	LINCSCP_278747
LINCSCP_133010	0.9976743863	0.04342582863	3	MK-2206	LSM-1057	AKT1|AKT2|AKT3	0.37uM	MCF7	3h	LINCSCP_133010
LINCSCP_145966	0.9976743415	0.04342624732	3	Y-39983	LSM-1150	ROCK1|ROCK2	0.37uM	MDAMB231	3h	LINCSCP_145966
LINCSCP_53936	-0.9976722245	0.04344601481	3	L-690488	LSM-4703	IMPA1	10uM	SNUC5	6h	LINCSCP_53936
LINCSCP_221373	0.9976721798	0.04344643223	3	MLS002474103	LSM-6109	NA	10uM	HEPG2	6h	LINCSCP_221373
LINCSCP_130225	-0.9976685855	0.04347997487	3	CHEMBL2136735	LSM-1152	FGFR1|FGFR3|FLT1|FLT4|KDR|PDGFRA|PDGFRB	3.33uM	LNCAP	3h	LINCSCP_130225
LINCSCP_55716	0.9976680305	0.04348515179	3	Xaliproden	LSM-3966	HTR1A	10uM	VCAP	24h	LINCSCP_55716
LINCSCP_235904	-0.9976661509	0.04350267954	3	Anagrelide	LSM-3380	PDE3A|PDE3B	10uM	MCF7	6h	LINCSCP_235904
LINCSCP_228723	0.9976660632	0.04350349759	3	CHEMBL2360112	LSM-39416	NA	5uM	HT29	24h	LINCSCP_228723
LINCSCP_20752	-0.9976649349	0.04351401562	3	Albendazole	LSM-3782	NA	10uM	HCC515	6h	LINCSCP_20752
LINCSCP_64167	0.9976640545	0.04352222087	3	BRD-K17288883	LSM-14739	NA	5uM	VCAP	24h	LINCSCP_64167
LINCSCP_7417	0.997663716	0.04352537597	3	Seliciclib	LSM-1001	CDK1|CDK2|CDK5|CDK7|CDK9	10uM	A549	6h	LINCSCP_7417
LINCSCP_167217	0.9976628862	0.04353310788	3	Clofarabine	LSM-45668	POLA1|POLD1|POLE|RRM1|RRM2|RRM2B	3.33uM	YAPC	24h	LINCSCP_167217
LINCSCP_26575	-0.997662282	0.04353873657	3	AS601245	LSM-1034	MAPK10|MAPK8|MAPK9	10uM	HT29	6h	LINCSCP_26575
LINCSCP_149005	0.9976621602	0.04353987097	3	Belinostat	LSM-43181	HDAC1|HDAC10|HDAC11|HDAC2|HDAC3|HDAC4|HDAC5|HDAC6|HDAC7|HDAC8|HDAC9	1.11uM	NPC	24h	LINCSCP_149005
LINCSCP_6451	0.9976618731	0.04354254605	3	MLS-0315771.0002	LSM-4882	NA	10uM	A549	24h	LINCSCP_6451
LINCSCP_171522	-0.9976612635	0.04354822378	3	Dexfenfluramine	LSM-5685	SLC6A4	0.12uM	YAPC	24h	LINCSCP_171522
LINCSCP_278238	-0.9976611412	0.04354936283	3	Wortmannin	LSM-3947	PIK3CA|PIK3CG|PLK1	10uM	PC3	24h	LINCSCP_278238
LINCSCP_44458	0.9976592684	0.04356680158	3	Ouabain	LSM-2781	ATP1A1	10uM	PC3	6h	LINCSCP_44458
LINCSCP_145856	-0.9976576117	0.04358222275	3	Radicicol	LSM-43303	NA	3.33uM	MDAMB231	3h	LINCSCP_145856
LINCSCP_50178	0.9976570629	0.04358732984	3	Timolol	LSM-2176	ADRB1|ADRB2	10uM	PHH	24h	LINCSCP_50178
LINCSCP_39652	-0.9976556344	0.04360062106	3	Dovitinib	LSM-1127	EGFR|FGFR1|FGFR2|FGFR3|FLT1|FLT3|FLT4|KDR|KIT|PDGFRA|PDGFRB	0.5uM	MDAMB231	6h	LINCSCP_39652
LINCSCP_214457	0.9976548975	0.04360747526	3	SPECTRUM_001418	LSM-1664	ADRB2	10uM	HCC515	6h	LINCSCP_214457
LINCSCP_52218	0.9976546504	0.04360977403	3	PLX-4720	LSM-1049	BRAF	10uM	SKB	24h	LINCSCP_52218
LINCSCP_33623	-0.997653967	0.04361612957	3	Molsidomine	LSM-2777	GUCY1A3	10uM	MCF7	24h	LINCSCP_33623
LINCSCP_33259	-0.997653042	0.04362473047	3	RS-102,221	LSM-3943	HTR2C	10uM	MCF7	6h	LINCSCP_33259
LINCSCP_309064	-0.9976524707	0.0436300421	3	BRD-M88044810	LSM-45075	NA	5uM	VCAP	6h	LINCSCP_309064
LINCSCP_250936	-0.9976518485	0.04363582539	3	Vorinostat	LSM-3828	HDAC1|HDAC2|HDAC3|HDAC6|HDAC8	0.01uM	MCF7	6h	LINCSCP_250936
LINCSCP_115066	0.9976516391	0.04363777228	3	AS601245	LSM-1034	MAPK10|MAPK8|MAPK9	0.37uM	HS578T	24h	LINCSCP_115066
LINCSCP_83699	-0.9976487115	0.04366497496	3	EMF-sumo1-1	NA	NA	3.33uM	ASC.C	24h	LINCSCP_83699
LINCSCP_271552	0.9976471802	0.04367919632	3	ZINC03898662	LSM-4928	NA	10uM	PC3	24h	LINCSCP_271552
LINCSCP_35361	-0.9976462428	0.04368790025	3	BRD-K75368232	LSM-13037	NA	10uM	MCF7	24h	LINCSCP_35361
LINCSCP_121341	0.997645556	0.04369427654	3	Bitopertin	LSM-45785	NA	0.12uM	HT29	24h	LINCSCP_121341
LINCSCP_46475	-0.9976452204	0.04369739133	3	BIIB 021	LSM-5627	HSP90AA1	10uM	PC3	24h	LINCSCP_46475
LINCSCP_70561	-0.9976449641	0.04369977033	3	BX-795	LSM-1189	PDK1|PDPK1	3.33uM	A375	24h	LINCSCP_70561
LINCSCP_60695	0.9976442053	0.04370681285	3	MLS003129391	LSM-7645	NA	5uM	VCAP	6h	LINCSCP_60695
LINCSCP_51995	0.9976432163	0.04371598977	3	Buparlisib	LSM-1148	PIK3CA|PIK3CB|PIK3CD|PIK3CG|PIK3R1|PIK3R2|PIK3R3|PIK3R5	10uM	SKBR3	6h	LINCSCP_51995
LINCSCP_208532	0.9976431305	0.04371678625	3	Sulfisoxazole	LSM-3120	NA	10uM	HA1E	6h	LINCSCP_208532
LINCSCP_131035	0.9976430593	0.04371744616	3	SB590885	LSM-42746	NA	1.11uM	MCF10A	3h	LINCSCP_131035
LINCSCP_7599	-0.9976422977	0.0437245114	3	Cycloheximide	LSM-2791	RPL3	10uM	A549	24h	LINCSCP_7599
LINCSCP_152737	-0.9976414856	0.04373204424	3	Oxaprozin	LSM-2553	PTGS1|PTGS2	10uM	PC3	24h	LINCSCP_152737
LINCSCP_28723	-0.9976412845	0.04373390974	3	SCHEMBL16980379	LSM-6818	NA	10uM	HUH7	24h	LINCSCP_28723
LINCSCP_75354	0.9976389445	0.04375560641	3	Paroxetine	LSM-2843	SLC6A4	0.12uM	A375	24h	LINCSCP_75354
LINCSCP_45123	0.9976383733	0.04376090068	3	Promazine	LSM-2137	CHRM5|DRD2|DRD3|DRD4|HTR2A	10uM	PC3	6h	LINCSCP_45123
LINCSCP_88757	-0.9976380933	0.04376349631	3	Dasatinib	LSM-1020	ABL1|BCR|BLK|EPHA2|FGR|FRK|FYN|HCK|KIT|LCK|LYN|PDGFRB|SRC|SRMS|YES1	0.37uM	HA1E	24h	LINCSCP_88757
LINCSCP_48640	0.9976374269	0.04376967142	3	BRD-K08663380	LSM-8951	NA	3uM	PC3	6h	LINCSCP_48640
LINCSCP_4425	0.9976363342	0.04377979654	3	Mesoridazine	LSM-1329	DRD2|HTR2A	10uM	A549	24h	LINCSCP_4425
LINCSCP_22256	0.9976361995	0.04378104474	3	MLS002729053	LSM-3973	NA	10uM	HEPG2	6h	LINCSCP_22256
LINCSCP_56445	-0.9976342911	0.04379872062	3	LY83583	LSM-3393	GUCY1A2	10uM	VCAP	24h	LINCSCP_56445
LINCSCP_86062	-0.9976317519	0.04382222942	3	THZ-2-98-01	LSM-44946	NA	0.12uM	BT20	24h	LINCSCP_86062
LINCSCP_238294	-0.997631723	0.04382249632	3	DUP-697	LSM-2119	PTGS2	10uM	MCF7	24h	LINCSCP_238294
LINCSCP_6794	0.9976303247	0.04383543727	3	Phenoxybenzamine	LSM-1729	ADRA1A|ADRA1B|ADRA1D|ADRA2A|ADRA2B|ADRA2C	10uM	A549	24h	LINCSCP_6794
LINCSCP_112744	-0.9976300954	0.04383755828	3	SB-203580	LSM-1168	MAPK1|MAPK11|MAPK14	0.12uM	HEPG2	24h	LINCSCP_112744
LINCSCP_112893	-0.9976299556	0.04383885238	3	MGCD-265	LSM-1124	AXL|FLT1|FLT4|KDR|MET|MST1R|TEK	0.37uM	HEPG2	24h	LINCSCP_112893
LINCSCP_123505	0.9976295338	0.04384275449	3	AZD-1775	LSM-1153	WEE1	3.33uM	HT29	24h	LINCSCP_123505
LINCSCP_265505	0.99762918	0.04384602743	3	BRD-K86727142-001-06-6	LSM-3937	XIAP	10uM	PC3	6h	LINCSCP_265505
LINCSCP_130628	0.9976277014	0.04385970375	3	Seliciclib	LSM-1001	CDK1|CDK2|CDK5|CDK7|CDK9	0.37uM	MCF10A	24h	LINCSCP_130628
LINCSCP_64314	-0.9976276974	0.04385974005	3	BRD-K73592400	LSM-41269	NA	5uM	VCAP	24h	LINCSCP_64314
LINCSCP_3561	0.997626342	0.04387227342	3	BRD-K36232729	LSM-39255	NA	10uM	A375	24h	LINCSCP_3561
LINCSCP_29067	0.9976258718	0.0438766198	3	BRD-K84245233	LSM-6856	NA	10uM	HUH7	6h	LINCSCP_29067
LINCSCP_54875	-0.9976247722	0.04388678349	3	CT-200783	LSM-43273	NA	10uM	THP1	6h	LINCSCP_54875
LINCSCP_255144	0.9976225127	0.04390766133	3	Dienestrol	LSM-43043	ESR1	0.04uM	MCF7	24h	LINCSCP_255144
LINCSCP_29002	-0.9976189862	0.04394022614	3	BRD-K52785744-001-01-7	LSM-6837	NA	3uM	HUH7	6h	LINCSCP_29002
LINCSCP_30417	-0.9976182433	0.04394708349	3	Rolipram	LSM-1471	PDE4A|PDE4B|PDE4C|PDE4D	10uM	MCF7	24h	LINCSCP_30417
LINCSCP_136388	0.9976169455	0.04395905908	3	BRD-A19795905	LSM-44955	NA	10uM	MCF7	24h	LINCSCP_136388
LINCSCP_146140	-0.9976168806	0.04395965791	3	SCHEMBL17378613	LSM-5749	CSF1R	3.33uM	MNEU.E	24h	LINCSCP_146140
LINCSCP_13881	-0.9976160327	0.04396748117	3	Apigetrin	LSM-2286	NA	10uM	HA1E	6h	LINCSCP_13881
LINCSCP_37104	0.9976114019	0.04401018041	3	LY-294002	LSM-2597	MTOR|PIK3CA|PIK3CB|PIK3CD|PIK3CG|PLK1|PRKDC	1uM	MCF7	6h	LINCSCP_37104
LINCSCP_140210	-0.9976099555	0.04402350822	3	MG-132	LSM-1107	PSMB1	20uM	MCF7	24h	LINCSCP_140210
LINCSCP_2079	-0.9976078328	0.04404306159	3	ST50764508	LSM-4742	NA	10uM	A375	6h	LINCSCP_2079
LINCSCP_131238	0.9976077915	0.04404344153	3	PHA-793887	LSM-1073	CDK1|CDK10|CDK11B|CDK12|CDK13|CDK14|CDK15|CDK16|CDK17|CDK18|CDK19|CDK2|CDK20|CDK3|CDK4|CDK5|CDK6|CDK7|CDK8|CDK9	1.11uM	MCF10A	24h	LINCSCP_131238
LINCSCP_174589	-0.9976060588	0.04405939579	3	Etofenamate	LSM-5813	PTGS1|PTGS2	1.11uM	YAPC	24h	LINCSCP_174589
LINCSCP_57135	0.9976050076	0.04406907218	3	ZINC68199948	LSM-6249	TP53	10uM	VCAP	6h	LINCSCP_57135
LINCSCP_44794	-0.9976042604	0.04407594839	3	Dilazep	LSM-3068	SLC29A1	10uM	PC3	6h	LINCSCP_44794
LINCSCP_279711	-0.9976041886	0.04407660955	3	Broad-Sai-595	LSM-45345	NA	5uM	PC3	24h	LINCSCP_279711
LINCSCP_79829	-0.9976038427	0.0440797928	3	Omacetaxine Mepesuccinate	LSM-3716	NA	1.11uM	A375	24h	LINCSCP_79829
LINCSCP_6558	-0.9976011791	0.04410429554	3	MLS000583957	LSM-1763	NA	10uM	A549	6h	LINCSCP_6558
LINCSCP_284653	0.9975998198	0.04411679421	3	Cinnarizine	LSM-42858	HRH1	10uM	SKB	24h	LINCSCP_284653
LINCSCP_137024	0.9975960298	0.04415162626	3	Niclosamide	LSM-2787	STAT3	1.11uM	MCF7	24h	LINCSCP_137024
LINCSCP_250798	0.9975945953	0.0441648025	3	NVP-AUY922	LSM-1162	HSP90AA1|HSP90AB1	0.01uM	MCF7	24h	LINCSCP_250798
LINCSCP_23645	-0.9975940622	0.04416969847	3	Gangaleoidin	LSM-18999	NA	3uM	HEPG2	6h	LINCSCP_23645
LINCSCP_146259	0.9975938164	0.04417195547	3	Motesanib	LSM-1042	FLT1|FLT4|KDR|KIT|PDGFRA|PDGFRB|RET	10uM	MNEU.E	24h	LINCSCP_146259
LINCSCP_121681	0.9975932332	0.0441773097	3	DOCETAXEL	LSM-45649	NA	1.11uM	HT29	24h	LINCSCP_121681
LINCSCP_49496	-0.9975920385	0.0441882776	3	BG-51	LSM-45301	HDAC3	1.11uM	PC3	24h	LINCSCP_49496
LINCSCP_52513	0.9975915415	0.04419283953	3	Rizatriptan	LSM-3691	HTR1B|HTR1D|HTR1F	10uM	SKB	24h	LINCSCP_52513
LINCSCP_125286	0.9975912403	0.04419560422	3	NMS-1286937	LSM-45818	NA	1.11uM	HT29	24h	LINCSCP_125286
LINCSCP_295514	-0.9975910965	0.0441969237	3	AK-968/41923934	LSM-4844	NA	10uM	VCAP	24h	LINCSCP_295514
LINCSCP_169516	-0.9975907377	0.04420021685	3	L-690330	LSM-4578	IMPA1	0.12uM	YAPC	24h	LINCSCP_169516
LINCSCP_129048	0.997587283	0.04423190812	3	EMF-sumo1-1	NA	NA	10uM	HUVEC	24h	LINCSCP_129048
LINCSCP_57835	-0.9975867221	0.04423705084	3	MLS002264466	LSM-3995	NA	10uM	VCAP	24h	LINCSCP_57835
LINCSCP_260375	0.9975846826	0.04425574711	3	SA-1473405	LSM-40861	NA	10uM	NKDBA	24h	LINCSCP_260375
LINCSCP_252735	-0.9975838265	0.04426359267	3	Mebendazole	LSM-3749	NA	5uM	MCF7	24h	LINCSCP_252735
LINCSCP_66076	-0.9975835942	0.04426572149	3	BRD-K08663380	LSM-8951	NA	0.5uM	VCAP	24h	LINCSCP_66076
LINCSCP_57412	-0.9975831779	0.04426953594	3	AC1LS3SF	LSM-2797	NA	10uM	VCAP	6h	LINCSCP_57412
LINCSCP_32973	-0.9975815891	0.04428409054	3	Ivermectin	LSM-42824	NA	10uM	MCF7	6h	LINCSCP_32973
LINCSCP_243	-0.997580714	0.0442921052	3	PSB 36	LSM-1748	ADORA1	10uM	A375	24h	LINCSCP_243
LINCSCP_250394	-0.997580057	0.04429812093	3	4-Deoxyuridine	LSM-6181	CDA|DNMT1	0.01uM	MCF7	24h	LINCSCP_250394
LINCSCP_163542	0.997579417	0.04430398082	3	BMS-345541	LSM-1028	IKBKB	1.11uM	SKBR3	24h	LINCSCP_163542
LINCSCP_287224	0.9975769812	0.04432627563	3	SMR000390896	LSM-1958	NA	10uM	SNUC5	6h	LINCSCP_287224
LINCSCP_31599	-0.9975769728	0.04432635303	3	MLS000063258	LSM-2808	NA	10uM	MCF7	24h	LINCSCP_31599
LINCSCP_251632	-0.9975762665	0.04433281478	3	GSK-461364	LSM-1013	PLK1	1uM	MCF7	6h	LINCSCP_251632
LINCSCP_214062	-0.9975761725	0.04433367558	3	T091317	LSM-2509	NR1H2|NR1H3	10uM	HCC515	6h	LINCSCP_214062
LINCSCP_65123	0.9975757601	0.04433744825	3	BRD-K08039986	LSM-37707	NA	10uM	VCAP	6h	LINCSCP_65123
LINCSCP_36677	-0.9975746057	0.04434800773	3	Selumetinib	LSM-1056	MAP2K1|MAP2K2	1uM	MCF7	6h	LINCSCP_36677
LINCSCP_97898	-0.9975742938	0.04435086041	3	Enzastaurin	LSM-1069	PRKCB	0.12uM	HA1E	24h	LINCSCP_97898
LINCSCP_11384	-0.9975736361	0.04435687521	3	SMP2_000249	LSM-1820	ATP1A1	10uM	ASC	24h	LINCSCP_11384
LINCSCP_41302	-0.9975732624	0.0443602919	3	Dizocilpine	LSM-5688	GRIN1|GRIN2A|GRIN2B	10uM	NEU	6h	LINCSCP_41302
LINCSCP_168444	-0.9975731539	0.04436128395	3	Sorafenib	LSM-1008	BRAF|DDR2|FGFR1|FLT1|FLT3|FLT4|KDR|KIT|PDGFRB|RAF1|RET	0.04uM	YAPC	24h	LINCSCP_168444
LINCSCP_3112	-0.9975729703	0.04436296253	3	BRD-K72732164	LSM-41215	NA	10uM	A375	6h	LINCSCP_3112
LINCSCP_263362	-0.9975722654	0.04436940738	3	Isomhpg	LSM-36898	NA	10uM	NPC	24h	LINCSCP_263362
LINCSCP_32969	-0.9975697055	0.04439280339	3	Practolol	LSM-1531	ADRB1	10uM	MCF7	6h	LINCSCP_32969
LINCSCP_136545	0.9975689818	0.0443994151	3	Benfluorex	LSM-4365	HMGCR	1.11uM	MCF7	24h	LINCSCP_136545
LINCSCP_47349	0.9975688478	0.04440063873	3	Propantheline	LSM-5959	CHRM1|CHRM2|CHRM3	10uM	PC3	24h	LINCSCP_47349
LINCSCP_47538	0.9975684556	0.04440422192	3	Metergoline	LSM-3265	HTR1A|HTR2A	10uM	PC3	24h	LINCSCP_47538
LINCSCP_311970	-0.9975680199	0.04440820116	3	BRD-K14781269	LSM-38037	NA	10uM	VCAP	24h	LINCSCP_311970
LINCSCP_14742	-0.9975673811	0.04441403611	3	GR 113808	LSM-3098	HTR4	10uM	HA1E	24h	LINCSCP_14742
LINCSCP_35717	-0.9975671019	0.04441658575	3	Vorinostat	LSM-3828	HDAC1|HDAC2|HDAC3|HDAC6|HDAC8	0.01uM	MCF7	24h	LINCSCP_35717
LINCSCP_106628	0.997566634	0.04442085805	3	Clindamycin	LSM-45814	NA	3.33uM	HELA	24h	LINCSCP_106628
LINCSCP_35015	-0.9975663401	0.04442354199	3	BRD-K24193032	LSM-44718	NA	5uM	MCF7	24h	LINCSCP_35015
LINCSCP_122326	0.997565959	0.04442702146	3	IN1541	LSM-4460	PRKAA1	10uM	HT29	24h	LINCSCP_122326
LINCSCP_63374	-0.997565751	0.04442892019	3	MLS004342525	LSM-10841	NA	5uM	VCAP	24h	LINCSCP_63374
LINCSCP_14151	-0.9975653907	0.0444322097	3	Nortriptyline	LSM-4039	KCNJ10|SLC6A2|SLC6A4	10uM	HA1E	24h	LINCSCP_14151
LINCSCP_15554	-0.9975651433	0.04443446768	3	Minoxidil	LSM-2134	ABCC9|KCNJ11|KCNJ8	10uM	HA1E	6h	LINCSCP_15554
LINCSCP_112011	0.9975649105	0.04443659316	3	PF-04217903	LSM-1166	MET	0.12uM	HEPG2	24h	LINCSCP_112011
LINCSCP_125500	0.9975647902	0.04443769104	3	Decitabine	LSM-5855	DNMT1|DNMT3A	10uM	HT29	24h	LINCSCP_125500
LINCSCP_272286	0.9975640501	0.04444444627	3	Podofilox	LSM-3055	NA	10uM	PC3	6h	LINCSCP_272286
LINCSCP_62827	-0.9975612833	0.04446968937	3	BRD-K94940283	LSM-14250	NA	5uM	VCAP	24h	LINCSCP_62827
LINCSCP_128476	-0.9975607984	0.04447411252	3	PCI-32765	LSM-1129	BTK	10uM	HUVEC	24h	LINCSCP_128476
LINCSCP_278763	-0.997559548	0.0444855146	3	BRD-K06432527	LSM-37618	NA	10uM	PC3	24h	LINCSCP_278763
LINCSCP_180110	-0.9975592421	0.04448830379	3	Diphenyleneiodonium	LSM-3467	NOS2|NOS3	10uM	A375	6h	LINCSCP_180110
LINCSCP_10789	-0.9975589227	0.04449121589	3	SCHEMBL2001327	LSM-29355	NA	10uM	ASC	24h	LINCSCP_10789
LINCSCP_107271	-0.9975578259	0.04450121383	3	AC1NWAPU	LSM-1690	NR3C1	10uM	HELA	24h	LINCSCP_107271
LINCSCP_74583	-0.9975568003	0.04451056038	3	Nepafenac	LSM-45729	PTGS1|PTGS2	0.37uM	A375	24h	LINCSCP_74583
LINCSCP_115585	0.9975549044	0.04452783437	3	C24H25CLFN5O3	LSM-42794	EGFR|ERBB2|ERBB4	3.33uM	HS578T	24h	LINCSCP_115585
LINCSCP_104984	0.9975545278	0.04453126499	3	Fiacitabine	LSM-45763	NA	0.12uM	HELA	24h	LINCSCP_104984
LINCSCP_4190	0.9975543188	0.04453316886	3	GSK-3 Inhibitor II	LSM-1030	GSK3B	10uM	A549	24h	LINCSCP_4190
LINCSCP_128773	-0.99755376	0.04453825753	3	1268524-70-4	LSM-6332	NA	0.12uM	HUVEC	24h	LINCSCP_128773
LINCSCP_78561	0.9975535504	0.04454016654	3	SB743921	LSM-45775	NA	0.04uM	A375	24h	LINCSCP_78561
LINCSCP_56700	-0.9975519821	0.04455444625	3	Ethacrynic acid	LSM-3420	SLC12A1	10uM	VCAP	24h	LINCSCP_56700
LINCSCP_35342	0.997551734	0.04455670462	3	BRD-K62473229	LSM-12224	NA	10uM	MCF7	24h	LINCSCP_35342
LINCSCP_180720	-0.9975512595	0.04456102462	3	rifampicin	NA	NR1I2	10uM	A375	6h	LINCSCP_180720
LINCSCP_13517	-0.9975510746	0.04456270694	3	ASN 05257430	LSM-2975	NA	10uM	H1299	6h	LINCSCP_13517
LINCSCP_133303	-0.9975502395	0.04457030756	3	SB-216763	LSM-1161	GSK3B	0.04uM	MCF7	24h	LINCSCP_133303
LINCSCP_51171	-0.9975500886	0.04457168077	3	CID-2858522	LSM-3337	NA	10uM	RMUGS	6h	LINCSCP_51171
LINCSCP_111059	0.9975496927	0.04457528419	3	Etanidazole	LSM-4774	NA	0.12uM	HELA	24h	LINCSCP_111059
LINCSCP_31961	0.9975488088	0.044583326	3	ST50851843	LSM-4704	NA	10uM	MCF7	24h	LINCSCP_31961
LINCSCP_5748	-0.997547054	0.04459928885	3	CGS-15943	LSM-3076	ADORA1|ADORA2A|ADORA2B	10uM	A549	24h	LINCSCP_5748
LINCSCP_71675	-0.9975464523	0.04460476075	3	Bosutinib	LSM-1190	ABL1|BCR|CAMK2G|HCK|LYN|SRC	0.12uM	A375	24h	LINCSCP_71675
LINCSCP_150378	-0.9975452036	0.04461611427	3	VX-745	LSM-1169	MAPK14	0.37uM	NPC.TAK	24h	LINCSCP_150378
LINCSCP_95530	-0.9975434942	0.04463165229	3	Acipimox	LSM-5726	NA	1.11uM	HA1E	24h	LINCSCP_95530
LINCSCP_206806	-0.9975434905	0.04463168538	3	BDBM50127227	LSM-43025	FNTA|IKBKB	10uM	EFO27	6h	LINCSCP_206806
LINCSCP_262812	0.9975434303	0.04463223286	3	MEK1/2 Inhibitor	LSM-42879	MAP2K1|MAP2K2	10uM	NPC	24h	LINCSCP_262812
LINCSCP_24160	-0.9975434062	0.04463245148	3	KUC107191N	LSM-45334	NA	1uM	HL60	6h	LINCSCP_24160
LINCSCP_167198	-0.9975429532	0.04463656866	3	Methixene	LSM-1467	CHRM1|CHRM5|HTR2C	10uM	YAPC	24h	LINCSCP_167198
LINCSCP_71062	0.9975415719	0.04464911866	3	179324-69-7	LSM-6281	ADRM1|PSMA1|PSMA2|PSMA3|PSMA4|PSMA5|PSMA6|PSMA7|PSMA8|PSMB1|PSMB10|PSMB11|PSMB2|PSMB3|PSMB4|PSMB5|PSMB6|PSMB7|PSMB8|PSMB9|PSMC1|PSMC2|PSMC3|PSMC4|PSMC5|PSMC6|PSMD1|PSMD11|PSMD12|PSMD13|PSMD14|PSMD2|PSMD3|PSMD4|PSMD6|PSMD7|PSMD8|SEM1	20uM	A375	24h	LINCSCP_71062
LINCSCP_91243	0.9975409221	0.04465502121	3	CEP-32496	LSM-45568	BRAF|EGFR|RET	10uM	HA1E	24h	LINCSCP_91243
LINCSCP_34911	-0.9975397666	0.04466551622	3	BRD-K69075782	LSM-44837	NA	5uM	MCF7	24h	LINCSCP_34911
LINCSCP_2423	0.9975389102	0.04467329257	3	PCL2_000074	LSM-36719	NA	10uM	A375	6h	LINCSCP_2423
LINCSCP_88123	-0.9975379122	0.04468235305	3	AT-7519	LSM-1004	CDK1|CDK10|CDK11B|CDK12|CDK13|CDK14|CDK15|CDK16|CDK17|CDK18|CDK19|CDK2|CDK20|CDK3|CDK4|CDK5|CDK6|CDK7|CDK8|CDK9	3.33uM	HA1E	24h	LINCSCP_88123
LINCSCP_208979	-0.997536614	0.04469413589	3	316173-57-6	LSM-3027	ADORA1|ADORA2A	10uM	HA1E	6h	LINCSCP_208979
LINCSCP_106727	-0.9975353368	0.04470572625	3	ALX-5407	LSM-3197	SLC6A9	0.04uM	HELA	24h	LINCSCP_106727
LINCSCP_283922	-0.9975350497	0.044708331	3	CHEMBL83092	LSM-5224	NA	10uM	SKB	24h	LINCSCP_283922
LINCSCP_112446	-0.9975336576	0.04472095843	3	BIX01294	LSM-4571	EHMT2	0.37uM	HEPG2	24h	LINCSCP_112446
LINCSCP_147054	-0.9975329101	0.04472773807	3	triptolide	NA	NA	0.37uM	NEU	24h	LINCSCP_147054
LINCSCP_251256	-0.9975327611	0.04472908927	3	Withaferin A	LSM-6685	IKBKB|NAMPT	0.001uM	MCF7	6h	LINCSCP_251256
LINCSCP_91077	-0.9975317335	0.04473840684	3	Norfloxacin	LSM-5286	NA	3.33uM	HA1E	24h	LINCSCP_91077
LINCSCP_22685	0.9975314505	0.04474097222	3	Bithionol	LSM-2862	NA	10uM	HEPG2	6h	LINCSCP_22685
LINCSCP_28063	-0.9975294083	0.04475948322	3	BRD-K06303559	LSM-37610	NA	5uM	HT29	24h	LINCSCP_28063
LINCSCP_47478	-0.9975283774	0.04476882453	3	ZINC03876097	LSM-5205	NR3C1	10uM	PC3	24h	LINCSCP_47478
LINCSCP_30623	-0.9975258011	0.04479216046	3	CHEMBL179288	LSM-3648	NA	10uM	MCF7	24h	LINCSCP_30623
LINCSCP_309770	-0.9975248683	0.04480060689	3	BRD-K47128441	LSM-45358	NA	30uM	VCAP	24h	LINCSCP_309770
LINCSCP_55551	0.9975244654	0.044804254	3	AC1LDBAO	LSM-4032	NA	20uM	U937	6h	LINCSCP_55551
LINCSCP_252436	0.9975243136	0.04480562861	3	SA-84512	LSM-39138	NA	1uM	MCF7	6h	LINCSCP_252436
LINCSCP_151063	-0.9975242046	0.04480661528	3	Ruxolitinib	LSM-1139	JAK1|JAK2|TYK2	10uM	PC3	24h	LINCSCP_151063
LINCSCP_24013	-0.9975236609	0.04481153667	3	SCHEMBL12410954	LSM-37026	NA	1.11uM	HEPG2	24h	LINCSCP_24013
LINCSCP_120475	0.9975235863	0.04481221217	3	GSK-1070916	LSM-1062	AURKB|AURKC	1.11uM	HT29	24h	LINCSCP_120475
LINCSCP_213872	0.9975234796	0.04481317811	3	Rosmarinic acid	LSM-42907	NA	10uM	HCC515	24h	LINCSCP_213872
LINCSCP_24842	0.9975233988	0.04481390953	3	Linifanib	LSM-1183	CSF1R|FLT1|FLT3|FLT4|KDR|PDGFRA|PDGFRB	0.5uM	HS578T	24h	LINCSCP_24842
LINCSCP_309958	-0.9975229715	0.0448177769	3	assinex_D328	LSM-46014	NA	10uM	VCAP	6h	LINCSCP_309958
LINCSCP_80556	0.99752278	0.04481950996	3	AZD8931 (Sapitinib)	LSM-45462	EGFR|ERBB2|ERBB3	10uM	A375	24h	LINCSCP_80556
LINCSCP_3783	-0.9975225187	0.04482187457	3	BRD-A08658758	LSM-45324	NA	10uM	A375	24h	LINCSCP_3783
LINCSCP_807	0.9975220299	0.04482629807	3	848193-68-0	LSM-6271	SIRT1	20uM	A375	24h	LINCSCP_807
LINCSCP_24765	-0.9975214121	0.04483188758	3	TPCA-1	LSM-1136	IKBKB	0.5uM	HS578T	24h	LINCSCP_24765
LINCSCP_535	0.9975211564	0.04483420092	3	FGIN-143	LSM-3474	TSPO	10uM	A375	6h	LINCSCP_535
LINCSCP_100200	-0.9975182617	0.04486038272	3	Dacomitinib	LSM-42808	EGFR|ERBB2|ERBB3|ERBB4	1.11uM	HCC515	24h	LINCSCP_100200
LINCSCP_105941	-0.997517628	0.04486611181	3	179324-69-7	LSM-6281	ADRM1|PSMA1|PSMA2|PSMA3|PSMA4|PSMA5|PSMA6|PSMA7|PSMA8|PSMB1|PSMB10|PSMB11|PSMB2|PSMB3|PSMB4|PSMB5|PSMB6|PSMB7|PSMB8|PSMB9|PSMC1|PSMC2|PSMC3|PSMC4|PSMC5|PSMC6|PSMD1|PSMD11|PSMD12|PSMD13|PSMD14|PSMD2|PSMD3|PSMD4|PSMD6|PSMD7|PSMD8|SEM1	20uM	HELA	24h	LINCSCP_105941
LINCSCP_16652	0.9975168787	0.04487288577	3	F0012-0289	LSM-4634	NA	10uM	HA1E	6h	LINCSCP_16652
LINCSCP_66293	-0.9975163609	0.04487756543	3	BSPBIO_001592	LSM-43102	PTGS1|PTGS2	50uM	WSUDLCL2	6h	LINCSCP_66293
LINCSCP_20014	-0.9975156863	0.04488366255	3	VU0165202-4	LSM-3343	NA	10uM	HCC515	6h	LINCSCP_20014
LINCSCP_108705	-0.9975155601	0.04488480309	3	Decitabine	LSM-5855	DNMT1|DNMT3A	0.12uM	HELA	24h	LINCSCP_108705
LINCSCP_73342	0.9975144822	0.0448945426	3	Pregnenolone	LSM-5550	NA	0.04uM	A375	24h	LINCSCP_73342
LINCSCP_101025	0.9975134381	0.04490397535	3	CHIR-265	LSM-1207	BRAF|KDR	0.37uM	HCC515	24h	LINCSCP_101025
LINCSCP_133396	-0.9975125047	0.04491240586	3	Dasatinib	LSM-1020	ABL1|BCR|BLK|EPHA2|FGR|FRK|FYN|HCK|KIT|LCK|LYN|PDGFRB|SRC|SRMS|YES1	1.11uM	MCF7	24h	LINCSCP_133396
LINCSCP_154673	0.9975120157	0.04491682178	3	Riluzole	LSM-2471	SCN10A|SCN11A|SCN1A|SCN2A|SCN3A|SCN4A|SCN5A|SCN7A|SCN8A|SCN9A	10uM	PC3	24h	LINCSCP_154673
LINCSCP_130600	0.9975114611	0.04492183025	3	TGX 221	LSM-1172	PIK3CB	0.04uM	MCF10A	24h	LINCSCP_130600
LINCSCP_32204	-0.9975098358	0.04493650313	3	Tozasertib	LSM-1021	ABL1|AURKA|AURKB|AURKC|BCR|FLT3|JAK2	10uM	MCF7	24h	LINCSCP_32204
LINCSCP_19543	-0.9975096971	0.04493775579	3	PIK 75	LSM-44948	PIK3CA	0.1uM	HCC515	6h	LINCSCP_19543
LINCSCP_56389	-0.9975090339	0.04494374154	3	Brazilin	LSM-1844	NA	10uM	VCAP	24h	LINCSCP_56389
LINCSCP_45109	0.997508759	0.04494622202	3	TL_HRAS26	LSM-2013	NA	10uM	PC3	6h	LINCSCP_45109
LINCSCP_173629	0.99750822	0.04495108615	3	179324-69-7	LSM-6281	ADRM1|PSMA1|PSMA2|PSMA3|PSMA4|PSMA5|PSMA6|PSMA7|PSMA8|PSMB1|PSMB10|PSMB11|PSMB2|PSMB3|PSMB4|PSMB5|PSMB6|PSMB7|PSMB8|PSMB9|PSMC1|PSMC2|PSMC3|PSMC4|PSMC5|PSMC6|PSMD1|PSMD11|PSMD12|PSMD13|PSMD14|PSMD2|PSMD3|PSMD4|PSMD6|PSMD7|PSMD8|SEM1	20uM	YAPC	24h	LINCSCP_173629
LINCSCP_132679	-0.9975078147	0.04495474291	3	BRD-A24396574-001-01-5	LSM-5006	NA	1.11uM	MCF7	24h	LINCSCP_132679
LINCSCP_63035	0.9975074952	0.04495762646	3	BRD-K44521151	LSM-39730	NA	5uM	VCAP	24h	LINCSCP_63035
LINCSCP_35164	-0.9975073055	0.04495933786	3	BRD-K38227596	LSM-39369	NA	5uM	MCF7	24h	LINCSCP_35164
LINCSCP_23555	0.9975060067	0.0449710535	3	F2571-0664	LSM-36619	NA	3uM	HEPG2	6h	LINCSCP_23555
LINCSCP_78247	0.9975058948	0.04497206314	3	MEK162 (ARRY-162, ARRY-438162)	LSM-45640	MAP2K1|MAP2K2	0.37uM	A375	24h	LINCSCP_78247
LINCSCP_149927	-0.9975058552	0.04497241977	3	(R)-(-)-Jq1 enantiomer	LSM-6333	NA	0.37uM	NPC.TAK	24h	LINCSCP_149927
LINCSCP_135969	-0.9975052213	0.04497813706	3	Racecadotril	LSM-1286	MME	3.33uM	MCF7	24h	LINCSCP_135969
LINCSCP_92324	-0.9975049364	0.04498070641	3	Rifabutin	LSM-5004	NA	0.04uM	HA1E	24h	LINCSCP_92324
LINCSCP_18211	-0.99750461	0.04498364984	3	U 0126	LSM-42806	MAP2K1|MAP2K2	10uM	HCC515	24h	LINCSCP_18211
LINCSCP_40831	0.9975040825	0.04498840592	3	MW-A1-14	LSM-2695	NA	10uM	NEU	24h	LINCSCP_40831
LINCSCP_190600	0.9975039713	0.04498940838	3	SCHEMBL10061624	LSM-45114	NA	10uM	A549	24h	LINCSCP_190600
LINCSCP_220478	-0.9975036148	0.04499262277	3	Xanthoxylin	LSM-2254	NA	10uM	HEPG2	6h	LINCSCP_220478
LINCSCP_26942	-0.9975036135	0.04499263432	3	Badge	LSM-1345	PPARG	10uM	HT29	6h	LINCSCP_26942
LINCSCP_164813	0.9975018242	0.04500876237	3	Resveratrol	LSM-42917	PTGS1|PTGS2|SIRT1	0.04uM	SKL.C	24h	LINCSCP_164813
LINCSCP_122907	-0.997500715	0.04501875736	3	BRD-K00541818	LSM-45799	NA	0.04uM	HT29	24h	LINCSCP_122907
LINCSCP_47533	-0.9975000263	0.04502496252	3	MLS001401410	LSM-5634	NA	10uM	PC3	24h	LINCSCP_47533
LINCSCP_133985	-0.9974995667	0.04502910312	3	triptolide	NA	NA	1.11uM	MCF7	24h	LINCSCP_133985
LINCSCP_63707	0.9974992469	0.04503198295	3	BRD-K51322285	LSM-11567	NA	5uM	VCAP	24h	LINCSCP_63707
LINCSCP_113372	0.9974979771	0.04504341996	3	Mitoxantrone	LSM-2481	TOP2A	0.04uM	HME1	3h	LINCSCP_113372
LINCSCP_151297	-0.9974972692	0.04504979375	3	AZD-5438	LSM-1159	CDK1|CDK10|CDK11B|CDK12|CDK13|CDK14|CDK15|CDK16|CDK17|CDK18|CDK19|CDK2|CDK20|CDK3|CDK4|CDK5|CDK6|CDK7|CDK8|CDK9	10uM	PC3	24h	LINCSCP_151297
LINCSCP_138263	0.9974969607	0.04505257136	3	DOCETAXEL	LSM-45649	NA	0.04uM	MCF7	24h	LINCSCP_138263
LINCSCP_128940	0.9974967322	0.04505462844	3	Resveratrol	LSM-42917	PTGS1|PTGS2|SIRT1	0.12uM	HUVEC	24h	LINCSCP_128940
LINCSCP_110370	-0.9974963744	0.04505784965	3	Doxorubicin	LSM-4062	TOP2A	0.04uM	HELA	24h	LINCSCP_110370
LINCSCP_51878	0.9974963195	0.04505834418	3	C28H30CIN5O4S	LSM-42791	MET	0.5uM	SKBR3	24h	LINCSCP_51878
LINCSCP_107017	-0.9974935893	0.04508291507	3	179324-69-7	LSM-6281	ADRM1|PSMA1|PSMA2|PSMA3|PSMA4|PSMA5|PSMA6|PSMA7|PSMA8|PSMB1|PSMB10|PSMB11|PSMB2|PSMB3|PSMB4|PSMB5|PSMB6|PSMB7|PSMB8|PSMB9|PSMC1|PSMC2|PSMC3|PSMC4|PSMC5|PSMC6|PSMD1|PSMD11|PSMD12|PSMD13|PSMD14|PSMD2|PSMD3|PSMD4|PSMD6|PSMD7|PSMD8|SEM1	20uM	HELA	24h	LINCSCP_107017
LINCSCP_191217	-0.9974932046	0.04508637665	3	T6129388	LSM-2451	NA	10uM	A549	6h	LINCSCP_191217
LINCSCP_231758	-0.9974930993	0.04508732401	3	BRD-K40906026	LSM-39525	NA	5uM	HT29	24h	LINCSCP_231758
LINCSCP_42095	0.9974924465	0.04509319641	3	MEGXP0_000860	LSM-4309	NA	10uM	NPC	24h	LINCSCP_42095
LINCSCP_256546	0.9974920506	0.04509675718	3	BRD-A81936046	LSM-4484	NA	10uM	NCIH1694	6h	LINCSCP_256546
LINCSCP_32488	-0.9974916042	0.04510077221	3	F1679-0128	LSM-4626	NA	10uM	MCF7	24h	LINCSCP_32488
LINCSCP_64429	-0.9974910626	0.04510564266	3	MLS003130365	LSM-6785	NA	5uM	VCAP	6h	LINCSCP_64429
LINCSCP_295068	0.9974909537	0.04510662194	3	CHEMBL2355513	LSM-39806	NA	10uM	VCAP	6h	LINCSCP_295068
LINCSCP_15619	-0.9974906214	0.04510961028	3	SCHEMBL14379041	LSM-43082	PPARG	10uM	HA1E	6h	LINCSCP_15619
LINCSCP_122821	0.9974870368	0.04514183133	3	MG-132	LSM-1107	PSMB1	20uM	HT29	24h	LINCSCP_122821
LINCSCP_135033	-0.9974835376	0.0451732627	3	Hoechst 33258	LSM-45280	NA	10uM	MCF7	24h	LINCSCP_135033
LINCSCP_6242	-0.9974833048	0.04517535313	3	CP466722	LSM-1009	ATM	10uM	A549	6h	LINCSCP_6242
LINCSCP_311115	0.9974815269	0.04519131364	3	Nilotinib	LSM-1099	ABL1|BCR|KIT	10uM	VCAP	6h	LINCSCP_311115
LINCSCP_148704	0.9974772283	0.04522988073	3	PD-0325901	LSM-1101	MAP2K1|MAP2K2	3.33uM	NPC	24h	LINCSCP_148704
LINCSCP_50723	0.9974761536	0.04523951742	3	AC1Q6JJ5	LSM-6192	TOP2A	0.1uM	RKO	6h	LINCSCP_50723
LINCSCP_227174	0.9974761019	0.04523998075	3	Estriol	LSM-2368	ESR1|ESR2	10uM	HT29	6h	LINCSCP_227174
LINCSCP_23428	-0.9974755267	0.04524513837	3	CHEMBL2136392	LSM-6835	NA	10uM	HEPG2	24h	LINCSCP_23428
LINCSCP_144829	0.9974753628	0.04524660723	3	SB590885	LSM-42746	NA	0.12uM	MDAMB231	24h	LINCSCP_144829
LINCSCP_181087	0.9974743071	0.0452560704	3	BRD-K61465460	LSM-14881	NA	5uM	A375	24h	LINCSCP_181087
LINCSCP_24655	-0.9974735109	0.04526320649	3	AZD 1480	LSM-1140	JAK1|JAK2	0.5uM	HS578T	24h	LINCSCP_24655
LINCSCP_121327	-0.9974728634	0.04526900807	3	AT-7519	LSM-1004	CDK1|CDK10|CDK11B|CDK12|CDK13|CDK14|CDK15|CDK16|CDK17|CDK18|CDK19|CDK2|CDK20|CDK3|CDK4|CDK5|CDK6|CDK7|CDK8|CDK9	1.11uM	HT29	24h	LINCSCP_121327
LINCSCP_79584	0.9974720209	0.04527655715	3	Pindolol	LSM-1953	ADRB1|ADRB2|HTR1A	3.33uM	A375	24h	LINCSCP_79584
LINCSCP_271565	-0.9974716146	0.04528019642	3	BRD-K64304398	LSM-6635	NA	10uM	PC3	24h	LINCSCP_271565
LINCSCP_27133	-0.9974714846	0.04528136133	3	PD-98059	LSM-3394	MAP2K1	10uM	HT29	6h	LINCSCP_27133
LINCSCP_151800	-0.9974710824	0.04528496362	3	Vandetanib	LSM-1199	EGFR|EPHA1|EPHA10|EPHA2|EPHA3|EPHA4|EPHA5|EPHA6|EPHA7|EPHA8|EPHB1|EPHB2|EPHB3|EPHB4|EPHB6|ERBB2|ERBB3|ERBB4|FLT1|FLT4|KDR|PTK6|RET|SRC|TEK	3.33uM	PC3	24h	LINCSCP_151800
LINCSCP_234807	0.9974705586	0.04528965536	3	848193-68-0	LSM-6271	SIRT1	20uM	LOVO	6h	LINCSCP_234807
LINCSCP_193746	0.9974702396	0.04529251214	3	BRD-K19593010	LSM-38322	NA	10uM	A549	6h	LINCSCP_193746
LINCSCP_66870	-0.9974689714	0.04530386873	3	Trichostatin A, Streptomyces Sp.	LSM-42814	HDAC1|HDAC10|HDAC3|HDAC4|HDAC6|HDAC7|HDAC8	0.1uM	HA1E	6h	LINCSCP_66870
LINCSCP_34235	-0.9974688189	0.04530523398	3	BRD-K90543092-001-01-2	LSM-5955	PGR	10uM	MCF7	6h	LINCSCP_34235
LINCSCP_2332	0.9974687282	0.04530604653	3	CHEMBL2132289	LSM-1044	RPS6KA3	10uM	A375	6h	LINCSCP_2332
LINCSCP_57338	0.9974683755	0.0453092037	3	MLS001065830	LSM-4211	NA	10uM	VCAP	24h	LINCSCP_57338
LINCSCP_145489	0.9974678495	0.04531391231	3	Linifanib	LSM-1183	CSF1R|FLT1|FLT3|FLT4|KDR|PDGFRA|PDGFRB	0.04uM	MDAMB231	24h	LINCSCP_145489
LINCSCP_50814	0.997467255	0.04531923416	3	SCHEMBL14379041	LSM-43082	PPARG	10uM	RKO	6h	LINCSCP_50814
LINCSCP_81820	-0.9974672446	0.04531932742	3	AZ628	LSM-1050	BRAF|RAF1	0.37uM	A549	24h	LINCSCP_81820
LINCSCP_47348	-0.9974671604	0.04532008023	3	Iodoacetic acid	LSM-5944	NA	10uM	PC3	24h	LINCSCP_47348
LINCSCP_117800	-0.9974671107	0.0453205255	3	ZINC6718453	LSM-1198	NA	0.04uM	HT29	24h	LINCSCP_117800
LINCSCP_56862	-0.997466024	0.04533025056	3	PP-30	LSM-6238	RAF1	10uM	VCAP	24h	LINCSCP_56862
LINCSCP_133892	-0.9974637828	0.04535030058	3	Decitabine	LSM-5855	DNMT1|DNMT3A	0.37uM	MCF7	24h	LINCSCP_133892
LINCSCP_122236	-0.9974637595	0.04535050969	3	Clozapine	LSM-2823	ADRA1A|ADRA1B|CHRM1|CHRM2|CHRM3|CHRM4|DRD1|DRD2|DRD3|DRD4|HRH1|HRH4|HTR1A|HTR1B|HTR1D|HTR1E|HTR2A|HTR2C|HTR6|HTR7	10uM	HT29	24h	LINCSCP_122236
LINCSCP_27631	0.9974627852	0.04535922274	3	BRD-K98062568	LSM-14458	NA	5uM	HT29	24h	LINCSCP_27631
LINCSCP_24492	0.997462171	0.04536471528	3	Saracatinib	LSM-1032	ABL1|SRC	0.5uM	HS578T	6h	LINCSCP_24492
LINCSCP_219075	-0.9974616709	0.0453691866	3	Fipronil	LSM-1608	NA	10uM	HEPG2	6h	LINCSCP_219075
LINCSCP_251885	-0.9974609556	0.0453755818	3	SCHEMBL16980224	LSM-1092	AURKA	0.1uM	MCF7	24h	LINCSCP_251885
LINCSCP_206110	0.9974597594	0.04538627312	3	Clonidine	LSM-4223	ADRA2A|ADRA2B|ADRA2C	10uM	CORL23	6h	LINCSCP_206110
LINCSCP_8841	0.9974582575	0.04539969385	3	BRD-K67053230	LSM-46139	NA	5uM	A549	24h	LINCSCP_8841
LINCSCP_54460	0.9974577536	0.04540419609	3	Pala	LSM-6202	CAD	80uM	SW948	6h	LINCSCP_54460
LINCSCP_57710	-0.9974576759	0.04540489001	3	MLS002264386	LSM-3916	NA	10uM	VCAP	6h	LINCSCP_57710
LINCSCP_79358	-0.9974573716	0.04540760829	3	Chlorophenylpiperazine	LSM-25627	NA	1.11uM	A375	24h	LINCSCP_79358
LINCSCP_12079	-0.9974570053	0.0454108812	3	QL47	LSM-6019	BMX|BTK	1uM	BT20	6h	LINCSCP_12079
LINCSCP_17794	-0.9974559975	0.04541988235	3	4-(3-Ethyl[1,2,4]triazolo[3,4-b][1,3,4]thiadiazol-6-yl)aniline	LSM-4945	NA	10uM	HCC15	6h	LINCSCP_17794
LINCSCP_97149	0.9974552132	0.0454268853	3	Glycopyrrolate	LSM-5163	CHRM1|CHRM2|CHRM3	0.12uM	HA1E	24h	LINCSCP_97149
LINCSCP_226719	0.9974535771	0.04544149248	3	Pentoxifylline	LSM-3285	ADORA2A|ADORA2B|PDE10A|PDE1A|PDE1B|PDE1C|PDE2A|PDE3A|PDE3B|PDE4A|PDE4B|PDE4C|PDE4D|PDE5A|PDE6A|PDE6B|PDE6C|PDE6D|PDE6G|PDE6H|PDE7A|PDE7B|PDE8A|PDE8B|PDE9A|TNF	10uM	HT29	6h	LINCSCP_226719
LINCSCP_35999	0.9974527857	0.04544855677	3	Tretinoin	LSM-42854	RARA|RARB|RARG|RORB	0.01uM	MCF7	24h	LINCSCP_35999
LINCSCP_158058	0.9974521843	0.04545392316	3	altrenogest	LSM-45498	NA	0.37uM	PC3	24h	LINCSCP_158058
LINCSCP_164946	-0.9974518884	0.04545656424	3	CHEMBL3188661	LSM-5394	DDR1	0.37uM	SKL.C	24h	LINCSCP_164946
LINCSCP_22233	0.9974511792	0.04546289245	3	Rimcazole	LSM-5777	SIGMAR1	10uM	HEPG2	6h	LINCSCP_22233
LINCSCP_272269	0.997450193	0.04547169003	3	N,N-Diethyl-2-(5-oxo-2,3-dihydro[1,3]thiazolo[3',2':1,2]pyrimido[5,4-b]indol-6(5H)-yl)acetamide	LSM-2887	NA	10uM	PC3	6h	LINCSCP_272269
LINCSCP_145620	0.997447849	0.04549259487	3	LRRK2-IN-1	LSM-1086	LRRK2	0.12uM	MDAMB231	24h	LINCSCP_145620
LINCSCP_29816	-0.9974464692	0.0455048965	3	MLN-8054	LSM-1066	AURKA	1uM	MCF10A	6h	LINCSCP_29816
LINCSCP_120883	-0.9974459605	0.04550943087	3	Bicalutamide	LSM-1437	AR	1.11uM	HT29	24h	LINCSCP_120883
LINCSCP_74531	0.9974457581	0.04551123429	3	MILNACIPRAN HYDROCHLORIDE	LSM-45870	SLC6A2|SLC6A4	0.37uM	A375	24h	LINCSCP_74531
LINCSCP_291161	-0.9974453712	0.04551468291	3	Eticlopride	LSM-3109	DRD2	10uM	VCAP	24h	LINCSCP_291161
LINCSCP_21217	0.9974425455	0.04553985902	3	Dorsomorphin	LSM-3207	BMPR1A|BMPR1B|PRKAA1	10uM	HCT116	6h	LINCSCP_21217
LINCSCP_44487	0.997442501	0.04554025557	3	Deacetoxy-7-oxisogedunin	LSM-1358	HSP90AA1	10uM	PC3	24h	LINCSCP_44487
LINCSCP_65692	-0.9974423103	0.04554195381	3	BRD-K73601942	LSM-41270	NA	10uM	VCAP	24h	LINCSCP_65692
LINCSCP_97340	-0.9974420914	0.04554390367	3	179324-69-7	LSM-6281	ADRM1|PSMA1|PSMA2|PSMA3|PSMA4|PSMA5|PSMA6|PSMA7|PSMA8|PSMB1|PSMB10|PSMB11|PSMB2|PSMB3|PSMB4|PSMB5|PSMB6|PSMB7|PSMB8|PSMB9|PSMC1|PSMC2|PSMC3|PSMC4|PSMC5|PSMC6|PSMD1|PSMD11|PSMD12|PSMD13|PSMD14|PSMD2|PSMD3|PSMD4|PSMD6|PSMD7|PSMD8|SEM1	20uM	HA1E	24h	LINCSCP_97340
LINCSCP_26404	0.9974416808	0.04554756014	3	MLS001178727	LSM-4623	NA	10uM	HT29	6h	LINCSCP_26404
LINCSCP_92423	-0.9974395575	0.04556646603	3	BRD-A69421747	LSM-45546	NA	1.11uM	HA1E	24h	LINCSCP_92423
LINCSCP_47014	-0.9974392887	0.04556885843	3	CHEMBL12760	LSM-43231	NA	10uM	PC3	6h	LINCSCP_47014
LINCSCP_41201	-0.9974391884	0.04556975135	3	1,4-Diacryloylpiperazine	LSM-37064	NA	10uM	NEU	24h	LINCSCP_41201
LINCSCP_111511	-0.997438608	0.04557491694	3	Linsitinib	LSM-1135	IGF1R|INSR	10uM	HEPG2	24h	LINCSCP_111511
LINCSCP_156616	-0.9974369307	0.04558984299	3	MG-132	LSM-1107	PSMB1	20uM	PC3	24h	LINCSCP_156616
LINCSCP_141745	-0.9974363748	0.04559478895	3	Nilotinib	LSM-1099	ABL1|BCR|KIT	1.11uM	MCF7	24h	LINCSCP_141745
LINCSCP_19815	-0.9974342383	0.04561379217	3	KUC103676	LSM-1478	NA	10uM	HCC515	6h	LINCSCP_19815
LINCSCP_15949	-0.9974336539	0.04561898858	3	MLS002548990	LSM-2210	NA	10uM	HA1E	6h	LINCSCP_15949
LINCSCP_39698	0.9974323647	0.04563045122	3	IN1541	LSM-4460	PRKAA1	10uM	MDST8	6h	LINCSCP_39698
LINCSCP_48386	-0.9974311204	0.04564151043	3	BRD-K15524596	LSM-38080	NA	5uM	PC3	24h	LINCSCP_48386
LINCSCP_28460	-0.9974304863	0.04564714572	3	COL-3	LSM-36908	NA	0.1uM	HT29	6h	LINCSCP_28460
LINCSCP_99121	-0.9974302596	0.04564915988	3	Quizartinib	LSM-1037	CSF1R|FLT3|KIT|PDGFRA|PDGFRB|RET	10uM	HA1E	24h	LINCSCP_99121
LINCSCP_1685	-0.9974298783	0.04565254868	3	MLS000718723	LSM-2165	NA	10uM	A375	6h	LINCSCP_1685
LINCSCP_221922	0.9974294513	0.04565634201	3	BRD-K10436544	LSM-45992	NA	0.04uM	HEPG2	24h	LINCSCP_221922
LINCSCP_60741	0.9974279547	0.04566963702	3	BRD-K21363211	LSM-8163	NA	5uM	VCAP	24h	LINCSCP_60741
LINCSCP_50581	0.9974276401	0.04567243099	3	CHEMBL259628	LSM-6222	PTPN1	10uM	PL21	6h	LINCSCP_50581
LINCSCP_40224	-0.9974267368	0.04568045257	3	Loperamide	LSM-3365	OPRD1|OPRM1	10uM	NCIH508	6h	LINCSCP_40224
LINCSCP_180830	-0.9974263221	0.04568413492	3	Fluocinonide	LSM-19002	NR3C1	10uM	A375	6h	LINCSCP_180830
LINCSCP_70704	0.9974246471	0.04569900502	3	Veliparib	LSM-1146	PARP1|PARP2	10uM	A375	24h	LINCSCP_70704
LINCSCP_45137	0.9974246232	0.04569921725	3	Gemcitabine	LSM-5333	POLA1|POLD1|POLE|RRM1|RRM2|RRM2B	0.1uM	PC3	6h	LINCSCP_45137
LINCSCP_285448	0.9974224362	0.04571862513	3	Olaparib	LSM-1145	PARP1|PARP2|PARP3	0.5uM	SKBR3	6h	LINCSCP_285448
LINCSCP_3780	-0.9974220328	0.04572220431	3	KUC111774N	LSM-36810	NA	10uM	A375	6h	LINCSCP_3780
LINCSCP_174653	-0.9974216283	0.04572579288	3	Bosentan	LSM-5825	EDNRA|EDNRB	10uM	YAPC	24h	LINCSCP_174653
LINCSCP_21091	0.9974213912	0.04572789624	3	Selumetinib	LSM-1056	MAP2K1|MAP2K2	0.5uM	HCC515	6h	LINCSCP_21091
LINCSCP_58251	-0.9974208273	0.04573289796	3	Ketoconazole	LSM-5430	AR|CYP19A1	10uM	VCAP	6h	LINCSCP_58251
LINCSCP_166628	-0.9974197899	0.04574209787	3	(+)-Timolol	LSM-15524	NA	10uM	YAPC	24h	LINCSCP_166628
LINCSCP_126801	-0.9974189697	0.04574937091	3	Omacetaxine Mepesuccinate	LSM-3716	NA	0.04uM	HT29	24h	LINCSCP_126801
LINCSCP_117157	-0.9974184046	0.04575438097	3	Osimertinib	LSM-6344	EGFR|ERBB2|ERBB3|ERBB4	10uM	HT29	24h	LINCSCP_117157
LINCSCP_116493	-0.997418183	0.04575634565	3	Trametinib	LSM-1143	MAP2K1|MAP2K2	10uM	HT29	24h	LINCSCP_116493
LINCSCP_89626	-0.9974180757	0.0457572968	3	MK-2866 (GTx-024)	LSM-45447	AR	10uM	HA1E	24h	LINCSCP_89626
LINCSCP_36673	-0.9974165375	0.04577093093	3	Aurora A Inhibitor I	LSM-1065	AURKA	1uM	MCF7	6h	LINCSCP_36673
LINCSCP_28637	0.9974142144	0.04579151386	3	Raloxifene	LSM-3425	ESR1|ESR2	0.04uM	HT29	24h	LINCSCP_28637
LINCSCP_58262	0.9974133161	0.045799471	3	(-)-Huperzine a	LSM-43204	ACHE	10uM	VCAP	6h	LINCSCP_58262
LINCSCP_26745	-0.9974131303	0.04580111613	3	Motesanib	LSM-1042	FLT1|FLT4|KDR|KIT|PDGFRA|PDGFRB|RET	10uM	HT29	6h	LINCSCP_26745
LINCSCP_82033	0.9974120873	0.04581035302	3	BMS-509744	LSM-1137	NA	3.33uM	A549	24h	LINCSCP_82033
LINCSCP_14463	0.9974117135	0.04581366281	3	Lidocaine	LSM-3165	SCN10A|SCN11A|SCN1A|SCN2A|SCN3A|SCN4A|SCN5A|SCN7A|SCN8A|SCN9A	10uM	HA1E	24h	LINCSCP_14463
LINCSCP_176805	-0.9974113524	0.04581685926	3	Quinacrine	LSM-1577	TP53	10uM	A375	24h	LINCSCP_176805
LINCSCP_86256	0.9974109325	0.04582057736	3	PHA-793887	LSM-1073	CDK1|CDK10|CDK11B|CDK12|CDK13|CDK14|CDK15|CDK16|CDK17|CDK18|CDK19|CDK2|CDK20|CDK3|CDK4|CDK5|CDK6|CDK7|CDK8|CDK9	10uM	BT20	3h	LINCSCP_86256
LINCSCP_11526	0.9974108888	0.0458209642	3	Dids	LSM-43086	NA	10uM	ASC	24h	LINCSCP_11526
LINCSCP_16288	0.9974100011	0.04582882176	3	BRD-K30194621	LSM-38918	NA	10uM	HA1E	6h	LINCSCP_16288
LINCSCP_122065	-0.9974078203	0.04584812025	3	Amoxapine	LSM-2021	DRD1|DRD2|DRD3|DRD4|DRD5|HTR2A|HTR6|SLC6A2|SLC6A4	0.37uM	HT29	24h	LINCSCP_122065
LINCSCP_148125	0.9974074624	0.04585128607	3	PF-03758309	LSM-4254	PAK4	1.11uM	NPC.CAS9	24h	LINCSCP_148125
LINCSCP_117210	-0.9974071925	0.04585367438	3	Infigratinib	LSM-1184	FGFR1|FGFR2|FGFR3|FGFR4	0.04uM	HT29	24h	LINCSCP_117210
LINCSCP_68419	-0.9974063512	0.04586111622	3	Genistein	LSM-5549	CFTR|ESR2	10uM	VCAP	24h	LINCSCP_68419
LINCSCP_70729	0.9974061766	0.04586266022	3	Olaparib	LSM-1145	PARP1|PARP2|PARP3	3.33uM	A375	24h	LINCSCP_70729
LINCSCP_167369	-0.9974052376	0.04587096464	3	Dolutegravir (GSK1349572)	LSM-45596	NA	0.37uM	YAPC	24h	LINCSCP_167369
LINCSCP_223880	-0.9974049986	0.04587307824	3	Cinanserin	LSM-42890	NA	10uM	HT29	6h	LINCSCP_223880
LINCSCP_211134	0.9974042038	0.04588010496	3	Indigo Red	LSM-42899	CDK1|CDK5|GSK3A	10uM	HA1E	6h	LINCSCP_211134
LINCSCP_130290	-0.9974024352	0.04589573969	3	AT-7519	LSM-1004	CDK1|CDK10|CDK11B|CDK12|CDK13|CDK14|CDK15|CDK16|CDK17|CDK18|CDK19|CDK2|CDK20|CDK3|CDK4|CDK5|CDK6|CDK7|CDK8|CDK9	10uM	LNCAP	3h	LINCSCP_130290
LINCSCP_48106	-0.9974012355	0.04590634123	3	MLS000106055	LSM-37179	NA	10uM	PC3	6h	LINCSCP_48106
LINCSCP_54274	-0.9974009619	0.0459087591	3	CID-2858522	LSM-3337	NA	10uM	SW620	6h	LINCSCP_54274
LINCSCP_47378	0.9973996822	0.04592006443	3	Doxycycline	LSM-5179	MMP8	10uM	PC3	6h	LINCSCP_47378
LINCSCP_123168	-0.9973994883	0.04592177764	3	Oxybenzone	LSM-3309	NA	0.37uM	HT29	24h	LINCSCP_123168
LINCSCP_57709	0.9973994466	0.04592214544	3	N-(1,3-Benzothiazol-2-yl)thiophene-2-carboxamide	LSM-3900	NA	10uM	VCAP	6h	LINCSCP_57709
LINCSCP_1687	0.9973992704	0.04592370233	3	MLS003179193	LSM-2234	CASP3|STAT1	10uM	A375	6h	LINCSCP_1687
LINCSCP_311938	-0.9973991662	0.04592462196	3	BRD-K96343378	LSM-42498	NA	10uM	VCAP	6h	LINCSCP_311938
LINCSCP_74226	-0.9973988527	0.04592739087	3	NUTLIN 3	LSM-4288	MDM2	3.33uM	A375	24h	LINCSCP_74226
LINCSCP_24760	0.997398851	0.04592740632	3	Canertinib	LSM-1120	EGFR|ERBB2|ERBB4	0.1uM	HS578T	24h	LINCSCP_24760
LINCSCP_8872	-0.9973986684	0.04592901892	3	BRD-K07907451	LSM-37697	NA	10uM	A549	24h	LINCSCP_8872
LINCSCP_122407	-0.9973971087	0.04594279185	3	Gemifloxacin	LSM-44972	NA	0.37uM	HT29	24h	LINCSCP_122407
LINCSCP_295813	0.9973960993	0.04595170298	3	SMR000031368	LSM-2820	NA	10uM	VCAP	6h	LINCSCP_295813
LINCSCP_119271	-0.9973956005	0.0459561062	3	GSK962040	LSM-45854	MLNR	3.33uM	HT29	24h	LINCSCP_119271
LINCSCP_20915	-0.9973949391	0.04596194394	3	CHEMBL2381524	LSM-44612	NA	10uM	HCC515	24h	LINCSCP_20915
LINCSCP_22128	-0.9973947922	0.04596324002	3	MLS-0044127.0001	LSM-1377	NA	10uM	HEPG2	6h	LINCSCP_22128
LINCSCP_21156	0.9973943411	0.04596722096	3	Parbendazole	LSM-4893	TUBB	0.5uM	HCT116	6h	LINCSCP_21156
LINCSCP_137376	-0.9973939577	0.04597060457	3	Afuresertib	LSM-42768	AKT1|AKT2|AKT3	10uM	MCF7	24h	LINCSCP_137376
LINCSCP_56769	0.9973936639	0.04597319632	3	NUTLIN 3	LSM-4288	MDM2	40uM	VCAP	24h	LINCSCP_56769
LINCSCP_82454	-0.9973935046	0.04597460214	3	EMF-sumo1-1	NA	NA	10uM	A549	24h	LINCSCP_82454
LINCSCP_117186	-0.9973920026	0.04598785291	3	BS-181	LSM-6305	NA	0.04uM	HT29	24h	LINCSCP_117186
LINCSCP_164787	0.9973909871	0.04599680856	3	CX-5461	LSM-6342	NA	0.37uM	SKL.C	24h	LINCSCP_164787
LINCSCP_68181	-0.9973909665	0.04599699016	3	Vorinostat	LSM-3828	HDAC1|HDAC2|HDAC3|HDAC6|HDAC8	10uM	PHH	6h	LINCSCP_68181
LINCSCP_45561	0.9973896337	0.04600874283	3	NCGC00238427-01	LSM-1511	RORC	10uM	PC3	6h	LINCSCP_45561
LINCSCP_281421	-0.9973881293	0.04602200432	3	H-9	NA	PRKACA	10uM	PHH	24h	LINCSCP_281421
LINCSCP_85553	-0.9973864133	0.04603712704	3	Dovitinib	LSM-1127	EGFR|FGFR1|FGFR2|FGFR3|FLT1|FLT3|FLT4|KDR|KIT|PDGFRA|PDGFRB	0.04uM	BT20	3h	LINCSCP_85553
LINCSCP_6298	-0.9973840091	0.0460583058	3	7,8-Dihydro-l-biopterin	LSM-4949	NOS2	10uM	A549	24h	LINCSCP_6298
LINCSCP_16741	0.9973832319	0.04606515024	3	Plinabulin	LSM-43250	TUBA1A|TUBA1B|TUBA1C|TUBA3E|TUBA4A|TUBB|TUBB1|TUBB2A|TUBB2B|TUBB3|TUBB4A|TUBB4B|TUBB6|TUBB8	10uM	HA1E	6h	LINCSCP_16741
LINCSCP_173154	0.9973832092	0.04606534975	3	AZD1981	LSM-45513	PTGDR2	3.33uM	YAPC	24h	LINCSCP_173154
LINCSCP_105076	-0.9973800715	0.04609297083	3	ETOPOSIDE	LSM-6348	TOP2A|TOP2B	10uM	HELA	24h	LINCSCP_105076
LINCSCP_145225	0.9973783711	0.04610793342	3	YM 201636	LSM-1109	NA	0.12uM	MDAMB231	3h	LINCSCP_145225
LINCSCP_48872	0.9973777978	0.04611297657	3	BRD-K26553253	LSM-38718	NA	10uM	PC3	6h	LINCSCP_48872
LINCSCP_75900	-0.9973777746	0.04611318053	3	AZD-8330	LSM-1165	MAP2K1|MAP2K2	10uM	A375	24h	LINCSCP_75900
LINCSCP_18791	-0.997377316	0.04611721422	3	AC1OCDAW	LSM-1622	TOP2A	10uM	HCC515	24h	LINCSCP_18791
LINCSCP_89635	0.9973769122	0.04612076657	3	MG-132	LSM-1107	PSMB1	20uM	HA1E	24h	LINCSCP_89635
LINCSCP_25525	0.9973762703	0.04612641178	3	Darinaparsin	LSM-4924	NA	10uM	HT29	24h	LINCSCP_25525
LINCSCP_86501	-0.9973759776	0.04612898557	3	CHIR-99021	LSM-1181	NA	0.04uM	BT20	3h	LINCSCP_86501
LINCSCP_31337	0.9973757124	0.04613131766	3	MLS-0454334.0002	LSM-2301	NA	10uM	MCF7	24h	LINCSCP_31337
LINCSCP_63065	0.997375335	0.04613463563	3	BRD-K26903971	LSM-10059	NA	5uM	VCAP	24h	LINCSCP_63065
LINCSCP_41796	0.9973726944	0.04615784752	3	Triciribine	LSM-3810	AKT1|AKT2|AKT3	0.5uM	NKDBA	24h	LINCSCP_41796
LINCSCP_149001	-0.9973726776	0.04615799524	3	Cyclohexanecarboxamide, 4-(1-aminoethyl)-n-4-pyridinyl-, trans-	LSM-1177	ROCK1|ROCK2	0.12uM	NPC	24h	LINCSCP_149001
LINCSCP_207548	0.9973717251	0.04616636518	3	Zebularine	LSM-36362	CDA|DNMT1	10uM	FIBRNPC	24h	LINCSCP_207548
LINCSCP_157453	-0.9973713798	0.04616939902	3	Fidaxomicin	LSM-45998	NA	1.11uM	PC3	24h	LINCSCP_157453
LINCSCP_36983	-0.9973713338	0.04616980321	3	SCHEMBL16980224	LSM-1092	AURKA	0.5uM	MCF7	6h	LINCSCP_36983
LINCSCP_303724	-0.9973701478	0.04618022197	3	BRD-K07986943	LSM-8909	NA	5uM	VCAP	6h	LINCSCP_303724
LINCSCP_154831	-0.9973696666	0.04618444806	3	Meptazinol	LSM-1252	NA	1.11uM	PC3	24h	LINCSCP_154831
LINCSCP_115269	-0.9973691618	0.04618888166	3	CP466722	LSM-1009	ATM	0.37uM	HS578T	3h	LINCSCP_115269
LINCSCP_146613	-0.9973691352	0.0461891157	3	761437-28-9	LSM-1208	NA	0.12uM	NEU	24h	LINCSCP_146613
LINCSCP_113577	-0.9973690309	0.04619003117	3	noscapine	NA	NA	10uM	HME1	3h	LINCSCP_113577
LINCSCP_141340	0.9973688991	0.04619118889	3	N6022	LSM-45697	NA	0.04uM	MCF7	24h	LINCSCP_141340
LINCSCP_77775	0.9973679738	0.04619931426	3	LY2940680	LSM-45539	SMO	0.04uM	A375	24h	LINCSCP_77775
LINCSCP_154949	-0.9973672078	0.04620603887	3	TRIENTINE HYDROCHLORIDE	LSM-45752	NA	3.33uM	PC3	24h	LINCSCP_154949
LINCSCP_87904	-0.9973664257	0.0462129049	3	Trametinib	LSM-1143	MAP2K1|MAP2K2	1.11uM	HA1E	24h	LINCSCP_87904
LINCSCP_140967	-0.9973656989	0.04621928413	3	Picotamide	LSM-3497	TBXA2R	0.12uM	MCF7	24h	LINCSCP_140967
LINCSCP_137519	-0.9973640148	0.04623406211	3	179324-69-7	LSM-6281	ADRM1|PSMA1|PSMA2|PSMA3|PSMA4|PSMA5|PSMA6|PSMA7|PSMA8|PSMB1|PSMB10|PSMB11|PSMB2|PSMB3|PSMB4|PSMB5|PSMB6|PSMB7|PSMB8|PSMB9|PSMC1|PSMC2|PSMC3|PSMC4|PSMC5|PSMC6|PSMD1|PSMD11|PSMD12|PSMD13|PSMD14|PSMD2|PSMD3|PSMD4|PSMD6|PSMD7|PSMD8|SEM1	20uM	MCF7	24h	LINCSCP_137519
LINCSCP_28311	-0.9973637039	0.04623678926	3	BRD-K92543914	LSM-36600	NA	10uM	HT29	24h	LINCSCP_28311
LINCSCP_88470	-0.9973624372	0.04624790142	3	CDK9 Inhibitor	LSM-1197	NA	0.37uM	HA1E	24h	LINCSCP_88470
LINCSCP_1091	-0.997362124	0.04625064816	3	SMR000015484	LSM-42840	NA	10uM	A375	24h	LINCSCP_1091
LINCSCP_167107	-0.9973620469	0.04625132469	3	LX-1031	LSM-45540	NA	0.04uM	YAPC	24h	LINCSCP_167107
LINCSCP_45966	-0.9973620105	0.04625164349	3	MLS001065831	LSM-4040	NA	10uM	PC3	24h	LINCSCP_45966
LINCSCP_253942	-0.9973606805	0.04626330652	3	BRD-K42677417	LSM-11018	NA	3uM	MCF7	24h	LINCSCP_253942
LINCSCP_99497	-0.9973586581	0.04628103612	3	Withaferin A	LSM-6685	IKBKB|NAMPT	0.04uM	HCC515	24h	LINCSCP_99497
LINCSCP_169630	0.9973568876	0.04629655168	3	Dapivirine (TMC120)	LSM-45463	NA	0.12uM	YAPC	24h	LINCSCP_169630
LINCSCP_41603	0.9973564472	0.04630040981	3	Fenretinide	LSM-42925	RARA	10uM	NEU	6h	LINCSCP_41603
LINCSCP_62263	-0.997355612	0.04630772637	3	BRD-K22253301	LSM-9776	NA	5uM	VCAP	24h	LINCSCP_62263
LINCSCP_103817	-0.9973547646	0.0463151492	3	5-(6-Aminopurin-9-yl)-2-methyltetrahydrofuran-3-ol	LSM-4354	NA	10uM	HELA	24h	LINCSCP_103817
LINCSCP_89215	-0.9973544188	0.04631817721	3	CHIR-265	LSM-1207	BRAF|KDR	1.11uM	HA1E	24h	LINCSCP_89215
LINCSCP_150993	-0.9973543554	0.04631873291	3	CI-1040	LSM-1048	MAP2K1|MAP2K2	1.11uM	PC3	24h	LINCSCP_150993
LINCSCP_67007	0.9973540506	0.04632140195	3	Trichostatin A, Streptomyces Sp.	LSM-42814	HDAC1|HDAC10|HDAC3|HDAC4|HDAC6|HDAC7|HDAC8	10uM	HEPG2	6h	LINCSCP_67007
LINCSCP_106190	-0.9973531905	0.04632893358	3	Phenytoin	LSM-5663	SCN1A|SCN2A|SCN5A	10uM	HELA	24h	LINCSCP_106190
LINCSCP_95260	-0.9973522788	0.04633691505	3	SB705498	LSM-45502	TRPV1	1.11uM	HA1E	24h	LINCSCP_95260
LINCSCP_243483	0.9973512504	0.04634591729	3	Diplosalsalate	LSM-5575	NA	10uM	MCF7	24h	LINCSCP_243483
LINCSCP_73225	-0.9973511023	0.04634721321	3	Pentobarbital	LSM-1566	GABRA1|GABRA2|GABRA3|GABRA4|GABRA5|GABRA6|GABRB1|GABRB2|GABRB3|GABRD|GABRE|GABRG1|GABRG2|GABRG3|GABRP|GABRQ	3.33uM	A375	24h	LINCSCP_73225
LINCSCP_253084	0.9973510107	0.04634801489	3	SA-440772	LSM-39062	NA	3uM	MCF7	24h	LINCSCP_253084
LINCSCP_60254	-0.9973508861	0.04634910541	3	CHEMBL2361997	LSM-43438	NA	5uM	VCAP	24h	LINCSCP_60254
LINCSCP_37221	-0.9973497321	0.04635920435	3	BRD-K07569193	LSM-8880	NA	10uM	MCF7	24h	LINCSCP_37221
LINCSCP_1088	-0.9973496985	0.04635949804	3	SMR001318079	LSM-1972	NA	10uM	A375	24h	LINCSCP_1088
LINCSCP_58513	0.9973480623	0.04637381238	3	BRD-K96640811	LSM-29346	NA	10uM	VCAP	6h	LINCSCP_58513
LINCSCP_21256	0.9973466301	0.04638633883	3	BRD32048	LSM-4943	NA	10uM	HCT116	6h	LINCSCP_21256
LINCSCP_18858	-0.9973442987	0.04640672203	3	Thiotepa	LSM-2194	CYP2B6|CYP3A4	10uM	HCC515	24h	LINCSCP_18858
LINCSCP_8157	-0.9973436635	0.04641227379	3	BRD-K49482378	LSM-40017	NA	5uM	A549	24h	LINCSCP_8157
LINCSCP_139355	0.9973435536	0.04641323454	3	Idelalisib	LSM-1205	PIK3CD|PIK3CG	0.04uM	MCF7	24h	LINCSCP_139355
LINCSCP_234895	0.9973427107	0.046420601	3	BX 912	LSM-1055	PDK1|PDPK1	0.5uM	MCF10A	24h	LINCSCP_234895
LINCSCP_142097	0.997342662	0.0464210263	3	Epothilone B (EPO906, Patupilone)	LSM-46001	NA	10uM	MCF7	24h	LINCSCP_142097
LINCSCP_97919	-0.9973405534	0.04643944855	3	Pindolol	LSM-1953	ADRB1|ADRB2|HTR1A	3.33uM	HA1E	24h	LINCSCP_97919
LINCSCP_234626	0.9973405369	0.04643959262	3	CHEMBL2152358	LSM-44608	NA	10uM	JURKAT	6h	LINCSCP_234626
LINCSCP_36093	0.9973403033	0.04644163346	3	XAV 939	LSM-5303	TNKS|TNKS2	10uM	MCF7	6h	LINCSCP_36093
LINCSCP_254221	-0.9973401184	0.04644324836	3	SA-441487	LSM-37962	NA	0.5uM	MCF7	24h	LINCSCP_254221
LINCSCP_48687	0.9973377576	0.04646386336	3	BRD-K65567503	LSM-36577	NA	10uM	PC3	6h	LINCSCP_48687
LINCSCP_120060	-0.997336986	0.04647059922	3	Amineptine	LSM-45457	NA	10uM	HT29	24h	LINCSCP_120060
LINCSCP_8691	0.9973367157	0.04647295803	3	BRD-K97173328	LSM-14400	NA	5uM	A549	24h	LINCSCP_8691
LINCSCP_250912	0.9973364596	0.04647519401	3	BMS-536924	LSM-1210	IGF1R	0.001uM	MCF7	6h	LINCSCP_250912
LINCSCP_141875	0.9973358055	0.04648090261	3	Palovarotene	LSM-45512	RARG	10uM	MCF7	24h	LINCSCP_141875
LINCSCP_14280	0.9973357278	0.04648158047	3	QX314	LSM-3262	NA	10uM	HA1E	6h	LINCSCP_14280
LINCSCP_170057	-0.9973357275	0.04648158302	3	Dicloxacillin	LSM-5234	NA	0.04uM	YAPC	24h	LINCSCP_170057
LINCSCP_133048	0.9973355669	0.04648298465	3	C24H25CLFN5O3	LSM-42794	EGFR|ERBB2|ERBB4	0.04uM	MCF7	3h	LINCSCP_133048
LINCSCP_79330	0.9973354729	0.04648380464	3	AC1NSZCT	LSM-1785	NR3C1	0.12uM	A375	24h	LINCSCP_79330
LINCSCP_139595	-0.9973351877	0.04648629415	3	179324-69-7	LSM-6281	ADRM1|PSMA1|PSMA2|PSMA3|PSMA4|PSMA5|PSMA6|PSMA7|PSMA8|PSMB1|PSMB10|PSMB11|PSMB2|PSMB3|PSMB4|PSMB5|PSMB6|PSMB7|PSMB8|PSMB9|PSMC1|PSMC2|PSMC3|PSMC4|PSMC5|PSMC6|PSMD1|PSMD11|PSMD12|PSMD13|PSMD14|PSMD2|PSMD3|PSMD4|PSMD6|PSMD7|PSMD8|SEM1	20uM	MCF7	24h	LINCSCP_139595
LINCSCP_85939	-0.997334683	0.04649069747	3	Withaferin A	LSM-6685	IKBKB|NAMPT	3.33uM	BT20	24h	LINCSCP_85939
LINCSCP_99434	-0.9973324678	0.04651002192	3	WZ3105	LSM-5970	CLK2|CSNK1E|FLT3|ULK1	1.11uM	HCC515	24h	LINCSCP_99434
LINCSCP_61996	0.9973318185	0.04651568478	3	BRD-K43518940	LSM-11078	NA	5uM	VCAP	24h	LINCSCP_61996
LINCSCP_40824	0.9973309012	0.04652368359	3	STK661558	LSM-2431	NA	10uM	NEU	24h	LINCSCP_40824
LINCSCP_117220	0.9973308977	0.04652371377	3	SCHEMBL618594	LSM-1070	NA	3.33uM	HT29	24h	LINCSCP_117220
LINCSCP_100431	0.9973284535	0.04654502041	3	SCHEMBL618594	LSM-1070	NA	0.37uM	HCC515	24h	LINCSCP_100431
LINCSCP_172315	0.9973284254	0.04654526506	3	ACE2 Inhibitor, MLN-4760	LSM-45511	NA	0.04uM	YAPC	24h	LINCSCP_172315
LINCSCP_94793	-0.9973275743	0.04655268157	3	Clindamycin	LSM-45814	NA	10uM	HA1E	24h	LINCSCP_94793
LINCSCP_99857	0.997327061	0.04655715414	3	C24H25CLFN5O3	LSM-42794	EGFR|ERBB2|ERBB4	0.04uM	HCC515	24h	LINCSCP_99857
LINCSCP_71736	-0.9973267037	0.04656026732	3	17-DMAG (Alvespimycin) HCl	LSM-46133	NA	3.33uM	A375	24h	LINCSCP_71736
LINCSCP_227394	-0.9973263123	0.04656367731	3	Trans-1,4-bis(2-chlorobenzaminomethyl)cyclohexane dihydrochloride	LSM-2053	NA	10uM	HT29	6h	LINCSCP_227394
LINCSCP_160289	-0.9973252911	0.04657257303	3	Decitabine	LSM-5855	DNMT1|DNMT3A	0.37uM	PC3	24h	LINCSCP_160289
LINCSCP_17850	0.9973243423	0.04658083597	3	Hemado	LSM-1233	ADORA3	10uM	HCC515	24h	LINCSCP_17850
LINCSCP_266313	-0.9973242737	0.04658143327	3	138402-11-6	LSM-3338	AGTR1	10uM	PC3	24h	LINCSCP_266313
LINCSCP_122048	0.9973235561	0.04658768259	3	Indole-3-carbinol	LSM-2011	AHR	0.12uM	HT29	24h	LINCSCP_122048
LINCSCP_294747	-0.9973213694	0.04660671798	3	MLS-0315871.0001	LSM-4862	NA	10uM	VCAP	24h	LINCSCP_294747
LINCSCP_137804	-0.9973195604	0.04662246036	3	TG 100801	LSM-45980	BLK|EPHB4|FGFR1|FGFR2|FGR|FLT1|FRK|FYN|HCK|KDR|LCK|LYN|PDGFRB|SRC|SRMS|YES1	1.11uM	MCF7	24h	LINCSCP_137804
LINCSCP_122089	0.9973186708	0.04663020003	3	Epitiostanol	LSM-45392	NA	0.37uM	HT29	24h	LINCSCP_122089
LINCSCP_284350	-0.9973185101	0.0466315977	3	114798-26-4	LSM-3701	AGTR1	10uM	SKB	24h	LINCSCP_284350
LINCSCP_8893	-0.9973182479	0.04663387837	3	BRD-K23985857	LSM-14765	NA	10uM	A549	24h	LINCSCP_8893
LINCSCP_59547	-0.9973164231	0.04664974901	3	Quinine	LSM-5109	SCN5A	10uM	VCAP	6h	LINCSCP_59547
LINCSCP_148258	-0.9973155831	0.04665705268	3	Alectinib	LSM-1202	ALK|RET	0.04uM	NPC.CAS9	24h	LINCSCP_148258
LINCSCP_268825	-0.9973142012	0.04666906617	3	Glycopyrrolate	LSM-5163	CHRM1|CHRM2|CHRM3	10uM	PC3	6h	LINCSCP_268825
LINCSCP_75060	-0.9973118437	0.04668955254	3	179324-69-7	LSM-6281	ADRM1|PSMA1|PSMA2|PSMA3|PSMA4|PSMA5|PSMA6|PSMA7|PSMA8|PSMB1|PSMB10|PSMB11|PSMB2|PSMB3|PSMB4|PSMB5|PSMB6|PSMB7|PSMB8|PSMB9|PSMC1|PSMC2|PSMC3|PSMC4|PSMC5|PSMC6|PSMD1|PSMD11|PSMD12|PSMD13|PSMD14|PSMD2|PSMD3|PSMD4|PSMD6|PSMD7|PSMD8|SEM1	20uM	A375	24h	LINCSCP_75060
LINCSCP_27669	0.9973115451	0.04669214693	3	BRD-K31449336	LSM-10334	NA	5uM	HT29	24h	LINCSCP_27669
LINCSCP_114137	-0.9973114515	0.04669295982	3	Ricolinostat	LSM-6324	NA	10uM	HME1	24h	LINCSCP_114137
LINCSCP_79934	0.9973113142	0.04669415311	3	Cinaciguat	LSM-45801	NA	10uM	A375	24h	LINCSCP_79934
LINCSCP_23217	0.9973093492	0.04671122078	3	BRD-K57732441	LSM-40434	NA	10uM	HEPG2	6h	LINCSCP_23217
LINCSCP_43230	0.9973086698	0.04671711984	3	10-(3-Aminopropyl)-8-chloro-10H-phenothiazine-2,3-diol	LSM-37034	NA	10uM	NPC	24h	LINCSCP_43230
LINCSCP_7883	0.9973085827	0.04671787648	3	CHEMBL3189080	LSM-40877	NA	10uM	A549	24h	LINCSCP_7883
LINCSCP_57437	-0.9973079877	0.04672304231	3	ZINC02121610	LSM-3277	NA	10uM	VCAP	6h	LINCSCP_57437
LINCSCP_34638	0.9973079223	0.04672361043	3	Guanadrel	LSM-43257	SLC6A2	10uM	MCF7	6h	LINCSCP_34638
LINCSCP_115721	0.9973075152	0.04672714435	3	Lapatinib	LSM-1051	EGFR|ERBB2	3.33uM	HS578T	24h	LINCSCP_115721
LINCSCP_78515	0.9973070186	0.0467314557	3	Pitavastatin Calcium	LSM-45806	HMGCR	3.33uM	A375	24h	LINCSCP_78515
LINCSCP_60545	0.9973068264	0.04673312423	3	BRD-K37487131	LSM-7330	NA	5uM	VCAP	24h	LINCSCP_60545
LINCSCP_190153	-0.9973059451	0.04674077305	3	Pioglitazone	LSM-1592	PPARG	10uM	A549	6h	LINCSCP_190153
LINCSCP_2251	-0.9973047337	0.04675128526	3	ACON1_002163	LSM-4337	NA	10uM	A375	6h	LINCSCP_2251
LINCSCP_98151	0.9973038138	0.04675926659	3	Vandetanib	LSM-1199	EGFR|EPHA1|EPHA10|EPHA2|EPHA3|EPHA4|EPHA5|EPHA6|EPHA7|EPHA8|EPHB1|EPHB2|EPHB3|EPHB4|EPHB6|ERBB2|ERBB3|ERBB4|FLT1|FLT4|KDR|PTK6|RET|SRC|TEK	10uM	HA1E	24h	LINCSCP_98151
LINCSCP_268362	-0.9973025902	0.04676988003	3	BAS 07529539	LSM-2407	NA	10uM	PC3	6h	LINCSCP_268362
LINCSCP_135170	-0.9973006814	0.04678643322	3	MG-132	LSM-1107	PSMB1	20uM	MCF7	24h	LINCSCP_135170
LINCSCP_15242	-0.9972993096	0.0467983254	3	ZINC01050121	LSM-6210	NA	20uM	HA1E	24h	LINCSCP_15242
LINCSCP_28195	0.9972989471	0.04680146742	3	BRD-K01608965	LSM-8538	NA	10uM	HT29	24h	LINCSCP_28195
LINCSCP_40364	-0.9972985541	0.04680487337	3	CID-2858522	LSM-3337	NA	10uM	NCIH596	6h	LINCSCP_40364
LINCSCP_24176	-0.9972965619	0.04682213613	3	BRD-K13077924	LSM-45363	NA	3uM	HL60	6h	LINCSCP_24176
LINCSCP_51064	0.9972965489	0.04682224878	3	Manumycin-A	LSM-43075	FNTA|IKBKB	10uM	RMUGS	6h	LINCSCP_51064
LINCSCP_34968	-0.9972962176	0.04682511869	3	BRD-K87507139	LSM-13795	NA	5uM	MCF7	24h	LINCSCP_34968
LINCSCP_66211	0.9972932139	0.0468511332	3	L-Sulforaphane	LSM-4919	NFE2L2	10uM	WSUDLCL2	6h	LINCSCP_66211
LINCSCP_157379	-0.9972932122	0.04685114773	3	CLIMBAZOLE	LSM-45377	NA	10uM	PC3	24h	LINCSCP_157379
LINCSCP_81106	-0.9972923339	0.04685875231	3	CHEMBL1083527	LSM-1122	NA	10uM	A549	24h	LINCSCP_81106
LINCSCP_94384	-0.9972921873	0.04686002078	3	179324-69-7	LSM-6281	ADRM1|PSMA1|PSMA2|PSMA3|PSMA4|PSMA5|PSMA6|PSMA7|PSMA8|PSMB1|PSMB10|PSMB11|PSMB2|PSMB3|PSMB4|PSMB5|PSMB6|PSMB7|PSMB8|PSMB9|PSMC1|PSMC2|PSMC3|PSMC4|PSMC5|PSMC6|PSMD1|PSMD11|PSMD12|PSMD13|PSMD14|PSMD2|PSMD3|PSMD4|PSMD6|PSMD7|PSMD8|SEM1	20uM	HA1E	24h	LINCSCP_94384
LINCSCP_64765	0.9972914238	0.04686662967	3	BRD-K33350866	LSM-39099	NA	10uM	VCAP	6h	LINCSCP_64765
LINCSCP_1518	-0.997291028	0.0468700554	3	CHEMBL1407957	LSM-2400	NA	10uM	A375	6h	LINCSCP_1518
LINCSCP_5567	0.9972902126	0.04687711243	3	MLS002264471	LSM-4120	NA	10uM	A549	6h	LINCSCP_5567
LINCSCP_69267	-0.9972877972	0.04689800934	3	13-Hydroxy-8,14,19-trimethoxy-4,10,12,16-tetramethyl-3,20,22-trioxo-2-azabicyclo[16.3.1]docosa-1(21),4,6,10,18-pentaen-9-yl carbamate	LSM-42815	HSP90AA1	10uM	A375	24h	LINCSCP_69267
LINCSCP_86454	0.9972875961	0.04689974818	3	Imatinib	LSM-1023	ABL1|BCR|CSF1R|KIT|PDGFRA|PDGFRB	10uM	BT20	3h	LINCSCP_86454
LINCSCP_291641	-0.997287459	0.04690093472	3	Pifithrin	LSM-3485	TP53	70uM	VCAP	24h	LINCSCP_291641
LINCSCP_36817	0.9972871644	0.04690348254	3	Y-39983	LSM-1150	ROCK1|ROCK2	1uM	MCF7	24h	LINCSCP_36817
LINCSCP_77786	0.9972865277	0.04690898888	3	CTS-1027	LSM-45524	NA	0.12uM	A375	24h	LINCSCP_77786
LINCSCP_37176	-0.9972861457	0.04691229175	3	SA-96816	LSM-41313	NA	1uM	MCF7	6h	LINCSCP_37176
LINCSCP_106425	0.997285785	0.04691541066	3	Quinidine Gluconate	LSM-46038	SCN5A	3.33uM	HELA	24h	LINCSCP_106425
LINCSCP_227613	-0.9972831938	0.04693780993	3	BRD-K20178228	LSM-38360	NA	10uM	HT29	6h	LINCSCP_227613
LINCSCP_123441	-0.9972827506	0.04694164041	3	Ozagrel	LSM-42902	TBXAS1	0.37uM	HT29	24h	LINCSCP_123441
LINCSCP_169554	-0.9972810131	0.04695665247	3	NUTLIN 3	LSM-4288	MDM2	10uM	YAPC	24h	LINCSCP_169554
LINCSCP_3438	-0.9972806118	0.0469601198	3	BRD-K45230579	LSM-11181	NA	5uM	A375	24h	LINCSCP_3438
LINCSCP_34738	0.9972798136	0.0469670139	3	Ronidazole	LSM-5987	NA	10uM	MCF7	6h	LINCSCP_34738
LINCSCP_111169	-0.99727918	0.04697248627	3	Rosiglitazone	LSM-1949	PPARG	10uM	HELA	24h	LINCSCP_111169
LINCSCP_137372	-0.9972788246	0.04697555517	3	Nefazodone	LSM-4031	HTR2A|HTR2C|SLC6A2|SLC6A4	1.11uM	MCF7	24h	LINCSCP_137372
LINCSCP_263888	0.9972784195	0.04697905275	3	Carnosol	LSM-37166	NA	10uM	NPC	24h	LINCSCP_263888
LINCSCP_168060	-0.9972781425	0.04698144534	3	MG-132	LSM-1107	PSMB1	20uM	YAPC	24h	LINCSCP_168060
LINCSCP_100633	-0.9972777925	0.0469844668	3	Pracinostat	LSM-43290	NA	0.04uM	HCC515	24h	LINCSCP_100633
LINCSCP_112234	0.9972772146	0.04698945611	3	Idelalisib	LSM-1205	PIK3CD|PIK3CG	0.04uM	HEPG2	24h	LINCSCP_112234
LINCSCP_8553	-0.9972771949	0.04698962633	3	BRD-K69735552	LSM-12687	NA	5uM	A549	24h	LINCSCP_8553
LINCSCP_100693	-0.9972771435	0.04699006943	3	Resveratrol	LSM-42917	PTGS1|PTGS2|SIRT1	0.04uM	HCC515	24h	LINCSCP_100693
LINCSCP_16160	0.9972764409	0.04699613497	3	MLS002729057	LSM-3764	NA	10uM	HA1E	6h	LINCSCP_16160
LINCSCP_155766	0.997276212	0.04699811067	3	Aliskiren	LSM-2653	REN	0.12uM	PC3	24h	LINCSCP_155766
LINCSCP_31834	0.9972752695	0.04700624447	3	ST024029	LSM-43064	NA	10uM	MCF7	24h	LINCSCP_31834
LINCSCP_12617	-0.9972751445	0.04700732308	3	Phloretin	LSM-6221	NA	100uM	CORL23	6h	LINCSCP_12617
LINCSCP_196738	0.9972738161	0.04701878606	3	BRD-K19914944	LSM-6825	NA	5uM	A549	24h	LINCSCP_196738
LINCSCP_68473	-0.9972733198	0.04702306756	3	13-Hydroxy-8,14,19-trimethoxy-4,10,12,16-tetramethyl-3,20,22-trioxo-2-azabicyclo[16.3.1]docosa-1(21),4,6,10,18-pentaen-9-yl carbamate	LSM-42815	HSP90AA1	10uM	VCAP	6h	LINCSCP_68473
LINCSCP_181654	0.9972716704	0.04703729419	3	BRD-K71859938	LSM-12832	NA	5uM	A375	24h	LINCSCP_181654
LINCSCP_38844	-0.9972709392	0.04704359954	3	Alpha-Tochopherol	LSM-4487	NA	0.01uM	MCF7	6h	LINCSCP_38844
LINCSCP_26536	-0.9972706562	0.04704603959	3	SCHEMBL15444220	LSM-43124	NA	10uM	HT29	6h	LINCSCP_26536
LINCSCP_47742	0.9972703828	0.04704839671	3	Rivafurazon	LSM-3779	NA	10uM	PC3	6h	LINCSCP_47742
LINCSCP_21067	0.9972698044	0.04705338365	3	Fluorouracil	LSM-4261	DPYD|TYMS	3uM	HCC515	6h	LINCSCP_21067
LINCSCP_226414	0.9972681681	0.04706748814	3	8-Epi-15-d2c-isop	LSM-43167	PTGDR|PTGDR2	10uM	HT29	6h	LINCSCP_226414
LINCSCP_55602	-0.9972680041	0.04706890191	3	AC1L99UL	LSM-1831	NA	10uM	VCAP	24h	LINCSCP_55602
LINCSCP_123367	-0.9972678022	0.04707064151	3	179324-69-7	LSM-6281	ADRM1|PSMA1|PSMA2|PSMA3|PSMA4|PSMA5|PSMA6|PSMA7|PSMA8|PSMB1|PSMB10|PSMB11|PSMB2|PSMB3|PSMB4|PSMB5|PSMB6|PSMB7|PSMB8|PSMB9|PSMC1|PSMC2|PSMC3|PSMC4|PSMC5|PSMC6|PSMD1|PSMD11|PSMD12|PSMD13|PSMD14|PSMD2|PSMD3|PSMD4|PSMD6|PSMD7|PSMD8|SEM1	20uM	HT29	24h	LINCSCP_123367
LINCSCP_59184	-0.9972673332	0.04707468388	3	BRD-K23582869-001-01-3	LSM-38556	NA	10uM	VCAP	24h	LINCSCP_59184
LINCSCP_8800	-0.9972670227	0.04707735873	3	BRD-K15524596	LSM-38080	NA	5uM	A549	24h	LINCSCP_8800
LINCSCP_15939	0.9972668462	0.04707887961	3	CHEMBL1705313	LSM-2057	NA	10uM	HA1E	6h	LINCSCP_15939
LINCSCP_231961	-0.9972667049	0.0470800973	3	BRD-K17350012	LSM-38186	NA	5uM	HT29	24h	LINCSCP_231961
LINCSCP_95296	0.9972663101	0.0470834994	3	Cilostazol	LSM-3491	PDE3A	1.11uM	HA1E	24h	LINCSCP_95296
LINCSCP_137544	0.9972629128	0.04711276028	3	BRD-A28746609	LSM-1102	NR1I2|TUBB	10uM	MCF7	24h	LINCSCP_137544
LINCSCP_18063	-0.9972625176	0.0471161622	3	Pinocembrin	LSM-4126	NA	10uM	HCC515	24h	LINCSCP_18063
LINCSCP_51034	0.9972624461	0.04711677774	3	6-(7-Hydroxy-6,7-dihydro-5H-pyrrolo[1,2-c]imidazol-7-yl)-n-methyl-2-naphthamide	LSM-6184	CYP17A1	40uM	RMUGS	6h	LINCSCP_51034
LINCSCP_173578	-0.9972615632	0.04712437909	3	SCHEMBL6851809	LSM-43061	MTOR	0.04uM	YAPC	24h	LINCSCP_173578
LINCSCP_115116	-0.9972609608	0.0471295645	3	AKT Inhibitor VIII	LSM-1035	AKT1|AKT2	10uM	HS578T	3h	LINCSCP_115116
LINCSCP_112664	-0.9972607201	0.0471316363	3	CGP 60474	LSM-1025	CDK1	3.33uM	HEPG2	24h	LINCSCP_112664
LINCSCP_43671	-0.9972603199	0.04713508028	3	Estrone	LSM-3837	ESR1	10uM	NPC	6h	LINCSCP_43671
LINCSCP_43305	0.9972603022	0.04713523233	3	K114	LSM-44636	NA	10uM	NPC	6h	LINCSCP_43305
LINCSCP_137710	0.997259837	0.04713923584	3	L-690330	LSM-4578	IMPA1	0.12uM	MCF7	24h	LINCSCP_137710
LINCSCP_39347	0.9972591998	0.047144719	3	Foretinib	LSM-1158	FLT1|FLT3|FLT4|KDR|KIT|MET|PDGFRA|PDGFRB|TEK	0.1uM	MDAMB231	24h	LINCSCP_39347
LINCSCP_11066	-0.9972588478	0.04714774793	3	WZ 4002	LSM-1085	EGFR|ERBB2	10uM	ASC	24h	LINCSCP_11066
LINCSCP_86974	-0.9972586825	0.04714917018	3	Ricolinostat	LSM-6324	NA	0.12uM	CD34	24h	LINCSCP_86974
LINCSCP_49868	-0.9972581011	0.04715417153	3	CHEMBL2134949	LSM-40355	NA	10uM	PHH	24h	LINCSCP_49868
LINCSCP_163562	-0.9972552113	0.04717902567	3	Pictilisib	LSM-1047	PIK3CA|PIK3CB|PIK3CD|PIK3CG|PIK3R1|PIK3R2|PIK3R3|PIK3R5	0.12uM	SKBR3	24h	LINCSCP_163562
LINCSCP_62084	-0.9972551078	0.0471799157	3	BRD-K23191900	LSM-9832	NA	5uM	VCAP	6h	LINCSCP_62084
LINCSCP_96438	-0.9972545956	0.04718431909	3	Sasapyrine	LSM-45517	NA	10uM	HA1E	24h	LINCSCP_96438
LINCSCP_171337	-0.9972541285	0.04718833468	3	Triclosan	LSM-2929	DNMT1	0.12uM	YAPC	24h	LINCSCP_171337
LINCSCP_105572	0.9972536809	0.04719218206	3	Lenvatinib (E7080)	LSM-45581	FLT1|FLT4|KDR	0.04uM	HELA	24h	LINCSCP_105572
LINCSCP_5232	-0.9972536542	0.04719241234	3	BAS 07529539	LSM-2407	NA	10uM	A549	6h	LINCSCP_5232
LINCSCP_19638	-0.9972531344	0.04719688014	3	CID755673	LSM-2050	NA	10uM	HCC515	6h	LINCSCP_19638
LINCSCP_154159	0.9972529831	0.04719817989	3	GSK 525762A	LSM-6334	NA	3.33uM	PC3	24h	LINCSCP_154159
LINCSCP_87392	-0.9972519394	0.04720714987	3	Rigosertib	LSM-44531	CDK1|F2R|FLT1|FYN|PDGFRA|PLK1|PLK2|SRC	0.37uM	CD34	24h	LINCSCP_87392
LINCSCP_12623	-0.9972513282	0.04721240143	3	Gossypol	LSM-6229	BCL2|BCL2L1|MCL1	10uM	CORL23	6h	LINCSCP_12623
LINCSCP_72523	-0.9972511217	0.04721417578	3	3-Aminobenzamide	LSM-4525	NA	0.04uM	A375	24h	LINCSCP_72523
LINCSCP_133602	-0.9972487136	0.04723486137	3	Vandetanib	LSM-1199	EGFR|EPHA1|EPHA10|EPHA2|EPHA3|EPHA4|EPHA5|EPHA6|EPHA7|EPHA8|EPHB1|EPHB2|EPHB3|EPHB4|EPHB6|ERBB2|ERBB3|ERBB4|FLT1|FLT4|KDR|PTK6|RET|SRC|TEK	0.04uM	MCF7	24h	LINCSCP_133602
LINCSCP_54199	-0.9972476871	0.04724367651	3	Piplartine	LSM-42914	NA	10uM	SW620	6h	LINCSCP_54199
LINCSCP_12712	-0.9972473564	0.04724651544	3	TW 37	LSM-6236	BCL2|BCL2L1|MCL1	10uM	COV644	6h	LINCSCP_12712
LINCSCP_121787	-0.9972472555	0.04724738193	3	Moclobemide	LSM-5247	MAOA	10uM	HT29	24h	LINCSCP_121787
LINCSCP_15618	-0.9972456545	0.04726112548	3	SU-11652	LSM-43098	KDR|PDGFRB	10uM	HA1E	6h	LINCSCP_15618
LINCSCP_307627	-0.9972436619	0.04727822578	3	BRD-K90163207	LSM-13991	NA	5uM	VCAP	6h	LINCSCP_307627
LINCSCP_105745	0.9972430586	0.04728340157	3	MLN 2480	LSM-45644	ARAF|BRAF|RAF1	0.12uM	HELA	24h	LINCSCP_105745
LINCSCP_107099	-0.9972423557	0.04728943211	3	MG-132	LSM-1107	PSMB1	20uM	HELA	24h	LINCSCP_107099
LINCSCP_66165	-0.9972423227	0.04728971537	3	BRD-K77663706	LSM-41507	NA	10uM	VCAP	24h	LINCSCP_66165
LINCSCP_92890	-0.997242285	0.04729003805	3	Carfilzomib (PR-171)	LSM-45547	ADRM1|PSMA1|PSMA2|PSMA3|PSMA4|PSMA5|PSMA6|PSMA7|PSMA8|PSMB1|PSMB10|PSMB11|PSMB2|PSMB3|PSMB4|PSMB5|PSMB6|PSMB7|PSMB8|PSMB9|PSMC1|PSMC2|PSMC3|PSMC4|PSMC5|PSMC6|PSMD1|PSMD11|PSMD12|PSMD13|PSMD14|PSMD2|PSMD3|PSMD4|PSMD6|PSMD7|PSMD8|SEM1	1.11uM	HA1E	24h	LINCSCP_92890
LINCSCP_16066	-0.9972391665	0.04731678206	3	CHEMBL1719251	LSM-3895	NA	10uM	HA1E	6h	LINCSCP_16066
LINCSCP_64447	-0.9972386616	0.04732111048	3	CHEMBL2358849	LSM-41522	NA	5uM	VCAP	6h	LINCSCP_64447
LINCSCP_12520	0.9972385629	0.04732195623	3	SMR001317659	LSM-2094	NA	0.5uM	CL34	6h	LINCSCP_12520
LINCSCP_58685	0.9972374805	0.04733123386	3	Carbetocin	LSM-5025	OXTR	10uM	VCAP	6h	LINCSCP_58685
LINCSCP_54978	0.9972373211	0.04733260029	3	Tipifarnib	LSM-6258	CHURC1-FNTB|FNTA|FNTB	10uM	THP1	6h	LINCSCP_54978
LINCSCP_40103	-0.9972372744	0.04733300029	3	BI-2536	LSM-1041	PLK1	10uM	NCIH2073	6h	LINCSCP_40103
LINCSCP_54210	-0.9972352727	0.04735015226	3	O-Demethylated Adapalene	LSM-6237	RARG	10uM	SW620	6h	LINCSCP_54210
LINCSCP_126186	-0.9972323627	0.04737507645	3	Diazoxide	LSM-3639	KCNJ11	1.11uM	HT29	24h	LINCSCP_126186
LINCSCP_63929	0.9972309714	0.04738698832	3	BRD-K20211345	LSM-9662	NA	5uM	VCAP	6h	LINCSCP_63929
LINCSCP_45277	-0.997230362	0.04739220438	3	MLS001060816	LSM-1821	NA	10uM	PC3	24h	LINCSCP_45277
LINCSCP_283833	-0.9972296281	0.04739848589	3	ZINC06431970	LSM-43103	NA	10uM	SKB	24h	LINCSCP_283833
LINCSCP_162887	0.9972295525	0.04739913286	3	CGP 60474	LSM-1025	CDK1	0.04uM	SKBR3	24h	LINCSCP_162887
LINCSCP_27562	-0.997227869	0.04741353866	3	BRD-K63671514	LSM-12307	NA	5uM	HT29	24h	LINCSCP_27562
LINCSCP_107841	0.9972276879	0.04741508891	3	Donepezil	LSM-1598	ACHE	0.12uM	HELA	24h	LINCSCP_107841
LINCSCP_8635	0.9972276419	0.04741548204	3	BRD-K56206243	LSM-11826	NA	5uM	A549	24h	LINCSCP_8635
LINCSCP_8724	-0.9972274592	0.0474170449	3	BRD-K29785890	LSM-38893	NA	5uM	A549	24h	LINCSCP_8724
LINCSCP_97102	-0.9972272881	0.04741850876	3	ENMD-2076	LSM-45335	AURKA|AURKB|CSF1R|FGFR3|FLT3|KDR|KIT|PDGFRA|SRC	0.04uM	HA1E	24h	LINCSCP_97102
LINCSCP_103444	0.997226905	0.04742178591	3	Fosinopril	LSM-4444	ACE	0.12uM	HELA	24h	LINCSCP_103444
LINCSCP_62285	0.9972268852	0.04742195588	3	BRD-K43776433	LSM-11100	NA	5uM	VCAP	24h	LINCSCP_62285
LINCSCP_103333	0.9972262438	0.04742744168	3	2-Methoxyestradiol	LSM-45490	NA	3.33uM	HELA	24h	LINCSCP_103333
LINCSCP_52408	0.997225013	0.04743796846	3	AC1LGCD9	LSM-4698	NA	10uM	SKB	24h	LINCSCP_52408
LINCSCP_42387	-0.9972247088	0.04744056897	3	Mocetinostat	LSM-5344	HDAC1|HDAC11|HDAC2|HDAC3|HDAC8	10uM	NPC	24h	LINCSCP_42387
LINCSCP_14353	0.9972243424	0.04744370264	3	Felodipine	LSM-1447	CACNA1C|CACNA1D|CACNA1F|CACNA1S|NR3C2	10uM	HA1E	24h	LINCSCP_14353
LINCSCP_59797	-0.9972242672	0.04744434498	3	BRD-K80058142	LSM-41638	NA	5uM	VCAP	6h	LINCSCP_59797
LINCSCP_170128	0.9972233806	0.04745192563	3	MG-132	LSM-1107	PSMB1	20uM	YAPC	24h	LINCSCP_170128
LINCSCP_70368	0.9972227134	0.04745762889	3	VE-821	LSM-36358	NA	0.37uM	A375	24h	LINCSCP_70368
LINCSCP_121893	0.9972222894	0.04746125253	3	Colchicine	LSM-5199	TUBA1A|TUBA1B|TUBA1C|TUBA3E|TUBA4A|TUBB|TUBB1|TUBB2A|TUBB2B|TUBB3|TUBB4A|TUBB4B|TUBB6|TUBB8	0.12uM	HT29	24h	LINCSCP_121893
LINCSCP_89458	0.9972220936	0.0474629263	3	179324-69-7	LSM-6281	ADRM1|PSMA1|PSMA2|PSMA3|PSMA4|PSMA5|PSMA6|PSMA7|PSMA8|PSMB1|PSMB10|PSMB11|PSMB2|PSMB3|PSMB4|PSMB5|PSMB6|PSMB7|PSMB8|PSMB9|PSMC1|PSMC2|PSMC3|PSMC4|PSMC5|PSMC6|PSMD1|PSMD11|PSMD12|PSMD13|PSMD14|PSMD2|PSMD3|PSMD4|PSMD6|PSMD7|PSMD8|SEM1	20uM	HA1E	24h	LINCSCP_89458
LINCSCP_108731	-0.9972207753	0.04747419253	3	Terbinafine	LSM-43227	NA	10uM	HELA	24h	LINCSCP_108731
LINCSCP_33770	-0.9972183963	0.04749451651	3	7,4'-Dihydroxyflavone	LSM-4649	NA	10uM	MCF7	6h	LINCSCP_33770
LINCSCP_59287	0.9972171672	0.04750501334	3	BRD-K90970920	LSM-6165	NA	10uM	VCAP	24h	LINCSCP_59287
LINCSCP_276632	0.9972169746	0.04750665775	3	BRD-K07329815	LSM-37664	NA	5uM	PC3	24h	LINCSCP_276632
LINCSCP_75662	-0.9972164816	0.04751086726	3	AP26113	LSM-45408	NA	10uM	A375	24h	LINCSCP_75662
LINCSCP_91826	-0.9972159563	0.04751535253	3	(-)-Tramadol	LSM-3125	OPRM1|SLC6A2|SLC6A4	0.12uM	HA1E	24h	LINCSCP_91826
LINCSCP_1122	0.9972124585	0.04754520529	3	MLS001065839	LSM-2488	NA	10uM	A375	24h	LINCSCP_1122
LINCSCP_122464	-0.9972122341	0.04754712011	3	Anandamide	LSM-43816	CNR1|CNR2|TRPV1	10uM	HT29	24h	LINCSCP_122464
LINCSCP_124844	0.9972088943	0.04757560592	3	Dehydroepiandrosterone (DHEA)	LSM-45807	NA	0.37uM	HT29	24h	LINCSCP_124844
LINCSCP_117309	-0.9972087509	0.04757682821	3	GSK-J1	LSM-44939	NA	0.12uM	HT29	24h	LINCSCP_117309
LINCSCP_38190	0.9972072422	0.04758969036	3	SA-1937536	LSM-39879	NA	1uM	MCF7	24h	LINCSCP_38190
LINCSCP_31327	-0.9972067111	0.04759421743	3	CHEMBL1698064	LSM-1979	APEX1	10uM	MCF7	24h	LINCSCP_31327
LINCSCP_26827	-0.9972057898	0.04760206948	3	Flavokawain B	LSM-42931	IKBKB	10uM	HT29	6h	LINCSCP_26827
LINCSCP_112644	0.9972057543	0.04760237258	3	amcinonide	NA	NA	0.04uM	HEPG2	24h	LINCSCP_112644
LINCSCP_162836	-0.9972054842	0.04760467403	3	Dasatinib	LSM-1020	ABL1|BCR|BLK|EPHA2|FGR|FRK|FYN|HCK|KIT|LCK|LYN|PDGFRB|SRC|SRMS|YES1	10uM	SKBR3	24h	LINCSCP_162836
LINCSCP_96789	0.9972048559	0.04761002738	3	Sulbactam	LSM-45631	NA	0.37uM	HA1E	24h	LINCSCP_96789
LINCSCP_99834	0.9972048071	0.04761044356	3	CGP 60474	LSM-1025	CDK1	10uM	HCC515	24h	LINCSCP_99834
LINCSCP_221872	-0.9972047067	0.04761129884	3	CHEMBL2130605	LSM-22206	NA	0.12uM	HEPG2	24h	LINCSCP_221872
LINCSCP_52007	0.9972040004	0.04761731645	3	Ponatinib	LSM-1151	ABL1|BCR|FGFR1|FGFR2|FGFR3|FGFR4|FLT3|KIT|RET|TEK	10uM	SKBR3	6h	LINCSCP_52007
LINCSCP_139853	0.9972033678	0.04762270506	3	MG-132	LSM-1107	PSMB1	20uM	MCF7	24h	LINCSCP_139853
LINCSCP_5580	0.9972033252	0.04762306852	3	MLS002477154	LSM-1676	XIAP	10uM	A549	24h	LINCSCP_5580
LINCSCP_137765	0.9972012401	0.047640826	3	Glipizide	LSM-2251	ABCC8|KCNJ11	0.04uM	MCF7	24h	LINCSCP_137765
LINCSCP_42012	-0.9972012063	0.04764111389	3	SCHEMBL1995782	LSM-36792	NA	3uM	NOMO1	6h	LINCSCP_42012
LINCSCP_169238	-0.9971979408	0.04766891199	3	179324-69-7	LSM-6281	ADRM1|PSMA1|PSMA2|PSMA3|PSMA4|PSMA5|PSMA6|PSMA7|PSMA8|PSMB1|PSMB10|PSMB11|PSMB2|PSMB3|PSMB4|PSMB5|PSMB6|PSMB7|PSMB8|PSMB9|PSMC1|PSMC2|PSMC3|PSMC4|PSMC5|PSMC6|PSMD1|PSMD11|PSMD12|PSMD13|PSMD14|PSMD2|PSMD3|PSMD4|PSMD6|PSMD7|PSMD8|SEM1	20uM	YAPC	24h	LINCSCP_169238
LINCSCP_165458	0.9971976401	0.04767147042	3	CDK9 Inhibitor	LSM-1197	NA	0.12uM	SKL	24h	LINCSCP_165458
LINCSCP_271207	0.9971975989	0.04767182095	3	6Alpha-fluorotestosterone	LSM-5881	NA	10uM	PC3	24h	LINCSCP_271207
LINCSCP_3573	-0.9971975389	0.04767233133	3	BRD-K42543764	LSM-39614	NA	10uM	A375	24h	LINCSCP_3573
LINCSCP_155720	-0.9971955032	0.04768965102	3	179324-69-7	LSM-6281	ADRM1|PSMA1|PSMA2|PSMA3|PSMA4|PSMA5|PSMA6|PSMA7|PSMA8|PSMB1|PSMB10|PSMB11|PSMB2|PSMB3|PSMB4|PSMB5|PSMB6|PSMB7|PSMB8|PSMB9|PSMC1|PSMC2|PSMC3|PSMC4|PSMC5|PSMC6|PSMD1|PSMD11|PSMD12|PSMD13|PSMD14|PSMD2|PSMD3|PSMD4|PSMD6|PSMD7|PSMD8|SEM1	20uM	PC3	24h	LINCSCP_155720
LINCSCP_26482	0.9971938148	0.04770401126	3	Saracatinib	LSM-1032	ABL1|SRC	10uM	HT29	6h	LINCSCP_26482
LINCSCP_41871	-0.9971937507	0.04770455635	3	CHEMBL399379	LSM-6245	ACLY	80uM	NOMO1	6h	LINCSCP_41871
LINCSCP_33470	-0.9971924185	0.04771588357	3	M3M3FBS	LSM-2196	PLCB2|PLCB3|PLCD1|PLCG1|PLCG2	10uM	MCF7	6h	LINCSCP_33470
LINCSCP_125036	-0.9971909439	0.04772841873	3	Methyldopa	LSM-5596	ADRA2A|ADRA2B|ADRA2C|DDC	0.12uM	HT29	24h	LINCSCP_125036
LINCSCP_68427	0.9971893617	0.04774186448	3	Genistein	LSM-5549	CFTR|ESR2	10uM	VCAP	6h	LINCSCP_68427
LINCSCP_104247	0.9971892468	0.04774284077	3	Tolazamide	LSM-2699	ABCC8|KCNJ11	0.12uM	HELA	24h	LINCSCP_104247
LINCSCP_93215	0.9971859064	0.04777121475	3	Labetalol	LSM-1282	ADRA1A|ADRA1B|ADRA1D|ADRA2A|ADRA2B|ADRA2C|ADRB1|ADRB2|ADRB3	0.37uM	HA1E	24h	LINCSCP_93215
LINCSCP_52136	-0.9971856462	0.0477734244	3	T5715534	LSM-2466	NA	10uM	SKB	24h	LINCSCP_52136
LINCSCP_20930	0.9971853833	0.04777565689	3	BRD-K10436544	LSM-45992	NA	3.33uM	HCC515	24h	LINCSCP_20930
LINCSCP_20653	0.9971850948	0.0477781064	3	CHEMBL2360650	LSM-6142	NA	10uM	HCC515	6h	LINCSCP_20653
LINCSCP_8662	-0.9971845155	0.047783025	3	BRD-K16782389	LSM-9444	NA	5uM	A549	24h	LINCSCP_8662
LINCSCP_96243	-0.9971844209	0.04778382804	3	Cediranib	LSM-5926	FLT1|FLT4|KDR|KIT|PDGFRA|PDGFRB	0.37uM	HA1E	24h	LINCSCP_96243
LINCSCP_144860	0.9971836149	0.04779066985	3	Erlotinib	LSM-1097	EGFR	0.04uM	MDAMB231	24h	LINCSCP_144860
LINCSCP_27149	0.9971835251	0.04779143254	3	FPL64176	LSM-3777	CACNA1C	10uM	HT29	6h	LINCSCP_27149
LINCSCP_165847	0.9971829064	0.04779668362	3	CX-5461	LSM-6342	NA	0.37uM	SKL	24h	LINCSCP_165847
LINCSCP_102968	0.9971812969	0.04781034242	3	Cnqx	LSM-3184	NA	10uM	HELA	24h	LINCSCP_102968
LINCSCP_8672	-0.9971812133	0.04781105186	3	BRD-K57502578	LSM-11909	NA	5uM	A549	24h	LINCSCP_8672
LINCSCP_67578	-0.9971810379	0.04781253984	3	13-Hydroxy-8,14,19-trimethoxy-4,10,12,16-tetramethyl-3,20,22-trioxo-2-azabicyclo[16.3.1]docosa-1(21),4,6,10,18-pentaen-9-yl carbamate	LSM-42815	HSP90AA1	10uM	MCF7	6h	LINCSCP_67578
LINCSCP_65457	-0.9971805997	0.04781625736	3	BRD-K43680293	LSM-39676	NA	10uM	VCAP	6h	LINCSCP_65457
LINCSCP_57282	0.9971800629	0.04782081163	3	MLS-0342317.0001	LSM-2539	NA	10uM	VCAP	24h	LINCSCP_57282
LINCSCP_53665	0.9971785031	0.04783404136	3	FGIN1-27	LSM-2201	TSPO	10uM	SNU1040	6h	LINCSCP_53665
LINCSCP_18274	0.9971781477	0.04783705528	3	Fenbendazole	LSM-3134	TUBB	10uM	HCC515	24h	LINCSCP_18274
LINCSCP_131753	0.9971772053	0.04784504605	3	noscapine	NA	NA	0.04uM	MCF10A	3h	LINCSCP_131753
LINCSCP_27341	-0.9971760883	0.04785451656	3	BRD-K85592362	LSM-41939	NA	10uM	HT29	6h	LINCSCP_27341
LINCSCP_21165	-0.9971753076	0.0478611337	3	ZINC01050121	LSM-6210	NA	20uM	HCT116	6h	LINCSCP_21165
LINCSCP_37122	-0.9971742463	0.04787012855	3	BRD-K36959991	LSM-8215	NA	3uM	MCF7	6h	LINCSCP_37122
LINCSCP_151974	-0.9971741315	0.04787110108	3	JW 55	LSM-6318	NA	0.37uM	PC3	24h	LINCSCP_151974
LINCSCP_68555	-0.9971736289	0.04787536067	3	Thioridazine	LSM-1863	DRD1|DRD2|DRD3|DRD4|HTR2A|HTR2C	10uM	VCAP	24h	LINCSCP_68555
LINCSCP_60087	-0.9971736147	0.04787548065	3	BRD-K84271926	LSM-7931	NA	5uM	VCAP	24h	LINCSCP_60087
LINCSCP_288330	0.9971731007	0.04787983615	3	RS-23597-190	LSM-6204	HTR4	100uM	TYKNU	6h	LINCSCP_288330
LINCSCP_107765	-0.9971704346	0.0479024194	3	Penciclovir	LSM-5587	NA	0.04uM	HELA	24h	LINCSCP_107765
LINCSCP_32490	-0.9971687418	0.04791675281	3	ST-4062971	LSM-36806	NA	10uM	MCF7	24h	LINCSCP_32490
LINCSCP_44247	-0.9971685545	0.04791833827	3	Loperamide	LSM-3365	OPRD1|OPRM1	10uM	PC3	24h	LINCSCP_44247
LINCSCP_168214	0.9971676758	0.04792577696	3	Eplerenone	LSM-42771	NR3C2	1.11uM	YAPC	24h	LINCSCP_168214
LINCSCP_264419	0.9971675942	0.04792646775	3	LY-294002	LSM-2597	MTOR|PIK3CA|PIK3CB|PIK3CD|PIK3CG|PLK1|PRKDC	0.5uM	PC3	24h	LINCSCP_264419
LINCSCP_89218	-0.9971674878	0.04792736785	3	CHIR-265	LSM-1207	BRAF|KDR	0.04uM	HA1E	24h	LINCSCP_89218
LINCSCP_14657	0.9971671442	0.04793027657	3	SKF96365	LSM-1766	CYP3A4|TRPC1	10uM	HA1E	24h	LINCSCP_14657
LINCSCP_5221	-0.997166401	0.04793656614	3	MLS002264436	LSM-2216	NA	10uM	A549	6h	LINCSCP_5221
LINCSCP_88584	0.997166383	0.04793671839	3	BS-181	LSM-6305	NA	3.33uM	HA1E	24h	LINCSCP_88584
LINCSCP_81747	0.9971655714	0.04794358656	3	Tivantinib	LSM-1131	MET	1.11uM	A549	24h	LINCSCP_81747
LINCSCP_153906	0.9971645894	0.04795189453	3	Senicapoc	LSM-45645	KCNN4	10uM	PC3	24h	LINCSCP_153906
LINCSCP_173329	-0.9971640876	0.04795613978	3	Vicriviroc	LSM-6059	CCR5	1.11uM	YAPC	24h	LINCSCP_173329
LINCSCP_118804	0.9971630054	0.04796529288	3	Tivantinib	LSM-1131	MET	1.11uM	HT29	24h	LINCSCP_118804
LINCSCP_151037	-0.9971614431	0.04797850483	3	Alpelisib	LSM-4256	PIK3CA	0.12uM	PC3	24h	LINCSCP_151037
LINCSCP_3344	0.9971610701	0.04798165797	3	BRD-K60203832	LSM-40564	NA	5uM	A375	24h	LINCSCP_3344
LINCSCP_4913	-0.9971604135	0.04798720932	3	MLS000033898	LSM-2342	NA	10uM	A549	24h	LINCSCP_4913
LINCSCP_121138	-0.997159954	0.04799109321	3	AMG-517	LSM-45865	TRPV1	0.04uM	HT29	24h	LINCSCP_121138
LINCSCP_71709	0.9971597855	0.04799251752	3	BUDIPINE	LSM-45817	NA	0.12uM	A375	24h	LINCSCP_71709
LINCSCP_149844	-0.9971580467	0.04800721326	3	BS-181	LSM-6305	NA	1.11uM	NPC.TAK	24h	LINCSCP_149844
LINCSCP_30354	0.9971578409	0.04800895235	3	Maprotiline	LSM-2043	SLC6A2	10uM	MCF7	6h	LINCSCP_30354
LINCSCP_82462	-0.9971575861	0.04801110504	3	amcinonide	NA	NA	1.11uM	A549	24h	LINCSCP_82462
LINCSCP_26900	-0.9971565205	0.04802010819	3	NCGC00024919-01	LSM-2460	HTR3A	10uM	HT29	6h	LINCSCP_26900
LINCSCP_9138	-0.9971564056	0.04802107877	3	Cucurbitacin-I	LSM-43115	JAK2|STAT3	1uM	A549	24h	LINCSCP_9138
LINCSCP_31904	0.9971561675	0.04802309022	3	MW-A1-14	LSM-2695	NA	10uM	MCF7	24h	LINCSCP_31904
LINCSCP_96642	0.9971558964	0.04802538057	3	Rosuvastatin	LSM-43032	HMGCR	10uM	HA1E	24h	LINCSCP_96642
LINCSCP_157953	0.9971550016	0.04803293828	3	Propentofylline	LSM-3315	PDE1A	10uM	PC3	24h	LINCSCP_157953
LINCSCP_231676	0.9971547988	0.04803465078	3	BRD-K16126971	LSM-38116	NA	5uM	HT29	24h	LINCSCP_231676
LINCSCP_44250	-0.9971541062	0.0480404994	3	Skatole	LSM-3655	CYP2F1	10uM	PC3	24h	LINCSCP_44250
LINCSCP_106579	-0.9971511438	0.04806550901	3	Ilomastat	LSM-3143	NA	10uM	HELA	24h	LINCSCP_106579
LINCSCP_14986	0.9971507628	0.04806872441	3	MLS000766281	LSM-1597	ACHE|BCHE	10uM	HA1E	24h	LINCSCP_14986
LINCSCP_39132	0.9971496478	0.04807813349	3	Motesanib	LSM-1042	FLT1|FLT4|KDR|KIT|PDGFRA|PDGFRB|RET	0.5uM	MDAMB231	24h	LINCSCP_39132
LINCSCP_59221	-0.9971494316	0.04807995761	3	BRD-K50177987	LSM-40052	NA	10uM	VCAP	24h	LINCSCP_59221
LINCSCP_14730	0.9971493766	0.04808042112	3	Protriptyline	LSM-2936	SLC6A2|SLC6A4	10uM	HA1E	24h	LINCSCP_14730
LINCSCP_8237	-0.9971492757	0.04808127251	3	BRD-K30393343	LSM-14786	NA	5uM	A549	24h	LINCSCP_8237
LINCSCP_50614	-0.9971488498	0.04808486597	3	PIK 75	LSM-44948	PIK3CA	0.1uM	PL21	6h	LINCSCP_50614
LINCSCP_62425	0.9971479055	0.04809283162	3	BRD-K98259048	LSM-14466	NA	5uM	VCAP	6h	LINCSCP_62425
LINCSCP_158410	-0.997147297	0.04809796419	3	MG-132	LSM-1107	PSMB1	20uM	PC3	24h	LINCSCP_158410
LINCSCP_49422	-0.9971449336	0.04811789363	3	Oxetane	LSM-44627	NA	0.5uM	PC3	6h	LINCSCP_49422
LINCSCP_371	0.997143723	0.04812809916	3	Nalbuphine	LSM-3477	OPRD1|OPRK1|OPRM1	10uM	A375	24h	LINCSCP_371
LINCSCP_22385	-0.997143511	0.04812988583	3	Tozasertib	LSM-1021	ABL1|AURKA|AURKB|AURKC|BCR|FLT3|JAK2	10uM	HEPG2	6h	LINCSCP_22385
LINCSCP_251157	-0.9971420734	0.04814200183	3	Fluoropyruvate	LSM-6203	NA	0.01uM	MCF7	6h	LINCSCP_251157
LINCSCP_35384	-0.9971395771	0.04816303225	3	BRD-K97972722	LSM-42577	NA	10uM	MCF7	24h	LINCSCP_35384
LINCSCP_143491	-0.9971393804	0.04816468896	3	Cinaciguat	LSM-45801	NA	1.11uM	MCF7	24h	LINCSCP_143491
LINCSCP_97067	-0.9971390675	0.048167324	3	PF-04217903	LSM-1166	MET	10uM	HA1E	24h	LINCSCP_97067
LINCSCP_26171	0.9971388622	0.04816905347	3	MLS003221389	LSM-4220	NA	10uM	HT29	6h	LINCSCP_26171
LINCSCP_32968	-0.9971386352	0.04817096495	3	Bongkrekic acid	LSM-42821	SLC25A4	10uM	MCF7	6h	LINCSCP_32968
LINCSCP_227903	-0.9971382717	0.04817402584	3	Nafcillin	LSM-2402	CYP1A2|CYP3A4|SLC22A6	10uM	HT29	6h	LINCSCP_227903
LINCSCP_37168	-0.9971382394	0.04817429816	3	Ursolic acid	LSM-4889	HSD11B1|PTPN1	3uM	MCF7	6h	LINCSCP_37168
LINCSCP_310731	0.9971376613	0.04817916609	3	PE(15:0/20:0)	LSM-42694	NA	0.5uM	VCAP	24h	LINCSCP_310731
LINCSCP_76677	-0.9971354727	0.04819759063	3	OTSSP167	LSM-6340	NA	0.04uM	A375	24h	LINCSCP_76677
LINCSCP_49609	0.9971349413	0.04820206319	3	Avrainvillamide	LSM-42688	NA	0.12uM	PC3	24h	LINCSCP_49609
LINCSCP_5943	-0.9971346953	0.04820413387	3	CHEMDIV1_009700	LSM-4562	NA	10uM	A549	24h	LINCSCP_5943
LINCSCP_7343	-0.9971346886	0.04820418953	3	Dichlorphenamide	LSM-3602	CA1|CA12|CA2|CA4	10uM	A549	24h	LINCSCP_7343
LINCSCP_36898	-0.9971346638	0.04820439881	3	OSI-930	LSM-1179	FLT1|FLT4|KDR|KIT	1uM	MCF7	6h	LINCSCP_36898
LINCSCP_42406	-0.9971343436	0.04820709316	3	BRD-K34387287	LSM-6106	NA	10uM	NPC	24h	LINCSCP_42406
LINCSCP_286590	0.9971343065	0.0482074053	3	Enzalutamide	LSM-6254	AR	0.1uM	SNGM	6h	LINCSCP_286590
LINCSCP_201985	-0.9971342677	0.04820773185	3	Withaferin A	LSM-6685	IKBKB|NAMPT	0.001uM	A549	6h	LINCSCP_201985
LINCSCP_9913	-0.9971339412	0.04821047941	3	Oxetane	LSM-44627	NA	10uM	A549	6h	LINCSCP_9913
LINCSCP_234548	0.9971336029	0.04821332606	3	SCHEMBL17497612	LSM-44599	NA	1uM	JURKAT	6h	LINCSCP_234548
LINCSCP_4938	0.9971333901	0.04821511648	3	MLS001065859	LSM-2643	NA	10uM	A549	24h	LINCSCP_4938
LINCSCP_34374	0.9971333753	0.0482152412	3	UNII-884KT10YB7	LSM-2298	HRH2	10uM	MCF7	6h	LINCSCP_34374
LINCSCP_98629	-0.9971330637	0.04821786228	3	Felbinac	LSM-5965	NA	0.04uM	HA1E	24h	LINCSCP_98629
LINCSCP_71623	0.9971322004	0.04822512512	3	Belinostat	LSM-43181	HDAC1|HDAC10|HDAC11|HDAC2|HDAC3|HDAC4|HDAC5|HDAC6|HDAC7|HDAC8|HDAC9	10uM	A375	24h	LINCSCP_71623
LINCSCP_246287	0.9971319464	0.04822726162	3	BRD-K05502425	LSM-44678	NA	5uM	MCF7	24h	LINCSCP_246287
LINCSCP_26926	-0.9971318186	0.04822833653	3	Olomoucine	LSM-3857	CDK1|CDK2|CDK5	10uM	HT29	6h	LINCSCP_26926
LINCSCP_103791	-0.9971306364	0.04823828018	3	Andarine	LSM-5880	AR	0.12uM	HELA	24h	LINCSCP_103791
LINCSCP_162787	-0.9971306268	0.0482383608	3	Neratinib	LSM-42778	EGFR|ERBB2|ERBB4	0.04uM	SKBR3	24h	LINCSCP_162787
LINCSCP_3270	0.9971305377	0.0482391096	3	BRD-K48211564	LSM-11361	NA	5uM	A375	24h	LINCSCP_3270
LINCSCP_30517	0.9971301934	0.04824200554	3	4-Iodo-6-phenylpyrimidine	LSM-6233	MIF	40uM	MCF7	24h	LINCSCP_30517
LINCSCP_292274	0.9971301628	0.04824226258	3	KUC104131	LSM-2184	NA	10uM	VCAP	24h	LINCSCP_292274
LINCSCP_137656	-0.9971296995	0.04824615853	3	Actarit	LSM-5475	NA	0.12uM	MCF7	24h	LINCSCP_137656
LINCSCP_137860	0.9971294511	0.04824824724	3	Troglitazone	LSM-4890	PPARG	0.12uM	MCF7	24h	LINCSCP_137860
LINCSCP_77787	0.9971293402	0.04824917981	3	CTS-1027	LSM-45524	NA	0.04uM	A375	24h	LINCSCP_77787
LINCSCP_109343	-0.997129299	0.04824952581	3	MG-132	LSM-1107	PSMB1	20uM	HELA	24h	LINCSCP_109343
LINCSCP_51338	-0.9971288131	0.04825361079	3	CHEMBL3188661	LSM-5394	DDR1	0.1uM	SKBR3	24h	LINCSCP_51338
LINCSCP_33336	-0.9971287033	0.04825453373	3	BIO2_000029	LSM-2270	NA	10uM	MCF7	24h	LINCSCP_33336
LINCSCP_125885	0.9971282034	0.04825873652	3	179324-69-7	LSM-6281	ADRM1|PSMA1|PSMA2|PSMA3|PSMA4|PSMA5|PSMA6|PSMA7|PSMA8|PSMB1|PSMB10|PSMB11|PSMB2|PSMB3|PSMB4|PSMB5|PSMB6|PSMB7|PSMB8|PSMB9|PSMC1|PSMC2|PSMC3|PSMC4|PSMC5|PSMC6|PSMD1|PSMD11|PSMD12|PSMD13|PSMD14|PSMD2|PSMD3|PSMD4|PSMD6|PSMD7|PSMD8|SEM1	20uM	HT29	24h	LINCSCP_125885
LINCSCP_26145	0.9971264944	0.04827310074	3	SCHEMBL14977174	LSM-3791	NA	10uM	HT29	6h	LINCSCP_26145
LINCSCP_116616	0.9971264149	0.04827376851	3	PF-562271	LSM-1072	PTK2|PTK2B	0.37uM	HT29	24h	LINCSCP_116616
LINCSCP_149881	-0.9971230204	0.04830228663	3	SCHEMBL618594	LSM-1070	NA	3.33uM	NPC.TAK	24h	LINCSCP_149881
LINCSCP_16210	0.9971224328	0.04830722082	3	UNII-5J49Q6B70F	LSM-5877	TUBB	10uM	HA1E	6h	LINCSCP_16210
LINCSCP_42064	0.9971199879	0.04832774842	3	BRD-K51556300-001-01-9	LSM-40116	NA	0.1uM	NOMO1	6h	LINCSCP_42064
LINCSCP_87220	0.9971195242	0.04833164108	3	XMD 8-92	LSM-1094	MAPK7	0.12uM	CD34	24h	LINCSCP_87220
LINCSCP_55889	-0.9971187712	0.04833796033	3	AKT Inhibitor V, Triciribine	LSM-1546	AKT1|AKT2|AKT3	10uM	VCAP	24h	LINCSCP_55889
LINCSCP_49632	0.9971171822	0.0483512946	3	CHEMBL2138369	LSM-38405	NA	3.33uM	PC3	24h	LINCSCP_49632
LINCSCP_188012	-0.9971134513	0.04838258731	3	AKT Inhibitor IV	LSM-43091	AKT1	10uM	A549	24h	LINCSCP_188012
LINCSCP_107319	-0.9971133732	0.04838324244	3	Epinephrine HCl	LSM-45900	ADRA1A|ADRA1B|ADRA1D|ADRA2A|ADRA2B|ADRA2C|ADRB1|ADRB2|ADRB3	10uM	HELA	24h	LINCSCP_107319
LINCSCP_129868	0.9971122183	0.04839292439	3	C24H25CLFN5O3	LSM-42794	EGFR|ERBB2|ERBB4	0.37uM	LNCAP	24h	LINCSCP_129868
LINCSCP_131382	-0.9971108534	0.04840436488	3	WYE 125132	LSM-1064	MTOR	0.12uM	MCF10A	24h	LINCSCP_131382
LINCSCP_61719	-0.9971106074	0.04840642657	3	CHEMBL2361312	LSM-12950	NA	5uM	VCAP	6h	LINCSCP_61719
LINCSCP_56580	0.9971081457	0.04842705264	3	PRE-084	LSM-3278	SIGMAR1	10uM	VCAP	6h	LINCSCP_56580
LINCSCP_84777	0.9971069607	0.04843697884	3	SCHEMBL16980224	LSM-1092	AURKA	0.37uM	ASC	24h	LINCSCP_84777
LINCSCP_128393	-0.9971062484	0.04844294412	3	Cabozantinib	LSM-1195	KDR|MET	0.12uM	HUVEC	24h	LINCSCP_128393
LINCSCP_29798	-0.9971059282	0.04844562525	3	SCHEMBL15556278	LSM-1002	DDR1	1uM	MCF10A	6h	LINCSCP_29798
LINCSCP_5784	-0.9971058109	0.04844660791	3	Lofepramine	LSM-5879	SLC6A2|SLC6A4	10uM	A549	24h	LINCSCP_5784
LINCSCP_214661	-0.9971051071	0.04845250083	3	Hexamethoxyflavone	LSM-4160	PIM1	10uM	HCC515	6h	LINCSCP_214661
LINCSCP_104018	-0.9971047717	0.04845530895	3	Flutamide	LSM-2621	AR	0.37uM	HELA	24h	LINCSCP_104018
LINCSCP_34607	-0.9971033656	0.04846707971	3	Rel-Cisapride	LSM-3312	HTR4|KCNH2	10uM	MCF7	6h	LINCSCP_34607
LINCSCP_13640	-0.9971032121	0.04846836448	3	KF 38789	LSM-1641	SELP	10uM	HA1E	24h	LINCSCP_13640
LINCSCP_12482	0.9971029092	0.04847089972	3	Tretinoin	LSM-42854	RARA|RARB|RARG|RORB	0.5uM	CD34	6h	LINCSCP_12482
LINCSCP_1986	-0.9971022797	0.04847616774	3	ZINC27645180	LSM-5250	NFKB1|TNF	10uM	A375	6h	LINCSCP_1986
LINCSCP_147878	0.9971011757	0.04848540582	3	Entinostat	LSM-4811	HDAC1|HDAC10|HDAC11|HDAC2|HDAC3|HDAC4|HDAC5|HDAC6|HDAC7|HDAC8|HDAC9	3.33uM	NPC.CAS9	24h	LINCSCP_147878
LINCSCP_147097	-0.997100736	0.04848908453	3	CHEMBL2132289	LSM-1044	RPS6KA3	0.37uM	NEU	24h	LINCSCP_147097
LINCSCP_62730	-0.9970980079	0.04851190395	3	BRD-K43499440	LSM-11076	NA	5uM	VCAP	6h	LINCSCP_62730
LINCSCP_16737	0.9970963797	0.04852551719	3	GSK-0660	LSM-6014	PPARD	10uM	HA1E	6h	LINCSCP_16737
LINCSCP_89357	-0.9970960037	0.04852866041	3	Physostigmine	LSM-2558	ACHE	10uM	HA1E	24h	LINCSCP_89357
LINCSCP_106858	-0.9970941703	0.04854398489	3	Trehalose	LSM-37121	NA	3.33uM	HELA	24h	LINCSCP_106858
LINCSCP_36757	-0.9970941231	0.04854437907	3	C24H25CLFN5O3	LSM-42794	EGFR|ERBB2|ERBB4	10uM	MCF7	24h	LINCSCP_36757
LINCSCP_28469	-0.9970917965	0.04856381853	3	KUC111774N	LSM-36810	NA	0.1uM	HT29	6h	LINCSCP_28469
LINCSCP_131567	-0.997090972	0.04857070523	3	Pictilisib	LSM-1047	PIK3CA|PIK3CB|PIK3CD|PIK3CG|PIK3R1|PIK3R2|PIK3R3|PIK3R5	0.04uM	MCF10A	3h	LINCSCP_131567
LINCSCP_31403	-0.997090807	0.04857208315	3	MLS002548992	LSM-3673	NA	10uM	MCF7	24h	LINCSCP_31403
LINCSCP_23450	-0.9970907882	0.0485722401	3	SCHEMBL16984312	LSM-6840	NA	10uM	HEPG2	24h	LINCSCP_23450
LINCSCP_204358	-0.9970893942	0.0485838816	3	Cyclosporine	LSM-42883	PPIA|PPP3CA	10uM	ASC	24h	LINCSCP_204358
LINCSCP_107984	0.9970893737	0.04858405293	3	FK888	LSM-3876	TACR1	0.37uM	HELA	24h	LINCSCP_107984
LINCSCP_107955	0.9970882387	0.04859352907	3	N6022	LSM-45697	NA	0.12uM	HELA	24h	LINCSCP_107955
LINCSCP_294739	-0.9970861025	0.04861136024	3	2002-H20	LSM-4781	NA	10uM	VCAP	6h	LINCSCP_294739
LINCSCP_81828	-0.9970858719	0.04861328384	3	Dinaciclib	LSM-6306	CDK1|CDK2|CDK5|CDK9	0.04uM	A549	24h	LINCSCP_81828
LINCSCP_130682	0.9970857308	0.04861446193	3	SB590885	LSM-42746	NA	0.37uM	MCF10A	24h	LINCSCP_130682
LINCSCP_140482	-0.9970848733	0.04862161693	3	MG-132	LSM-1107	PSMB1	20uM	MCF7	24h	LINCSCP_140482
LINCSCP_140038	0.9970845872	0.0486240043	3	179324-69-7	LSM-6281	ADRM1|PSMA1|PSMA2|PSMA3|PSMA4|PSMA5|PSMA6|PSMA7|PSMA8|PSMB1|PSMB10|PSMB11|PSMB2|PSMB3|PSMB4|PSMB5|PSMB6|PSMB7|PSMB8|PSMB9|PSMC1|PSMC2|PSMC3|PSMC4|PSMC5|PSMC6|PSMD1|PSMD11|PSMD12|PSMD13|PSMD14|PSMD2|PSMD3|PSMD4|PSMD6|PSMD7|PSMD8|SEM1	20uM	MCF7	24h	LINCSCP_140038
LINCSCP_63824	0.9970827266	0.04863952448	3	BRD-K68780601-001-01-2	LSM-12626	NA	5uM	VCAP	6h	LINCSCP_63824
LINCSCP_127829	0.9970818161	0.04864711788	3	ABACAVIR SULFATE	LSM-45963	NA	3.33uM	HT29	24h	LINCSCP_127829
LINCSCP_253335	0.9970792026	0.0486689077	3	SA-1921085	LSM-40459	NA	0.5uM	MCF7	6h	LINCSCP_253335
LINCSCP_123504	0.9970783633	0.04867590372	3	AZD-1775	LSM-1153	WEE1	10uM	HT29	24h	LINCSCP_123504
LINCSCP_31893	-0.9970776286	0.04868202631	3	BRD-K21165668	LSM-38416	NA	10uM	MCF7	24h	LINCSCP_31893
LINCSCP_9040	-0.9970775084	0.04868302809	3	CHEMBL3182128	LSM-39744	NA	10uM	A549	24h	LINCSCP_9040
LINCSCP_94747	-0.9970769176	0.04868795103	3	Ilomastat	LSM-3143	NA	10uM	HA1E	24h	LINCSCP_94747
LINCSCP_114936	0.9970768982	0.04868811279	3	Seliciclib	LSM-1001	CDK1|CDK2|CDK5|CDK7|CDK9	0.04uM	HS578T	24h	LINCSCP_114936
LINCSCP_149280	0.9970759905	0.04869567526	3	Rigosertib	LSM-44531	CDK1|F2R|FLT1|FYN|PDGFRA|PLK1|PLK2|SRC	0.37uM	NPC	24h	LINCSCP_149280
LINCSCP_22156	-0.9970752861	0.04870154302	3	MLS002703099	LSM-2090	NA	10uM	HEPG2	6h	LINCSCP_22156
LINCSCP_48513	-0.9970736694	0.0487150078	3	BRD-K26626929	LSM-10044	NA	10uM	PC3	24h	LINCSCP_48513
LINCSCP_29964	-0.9970736468	0.04871519641	3	NCGC00346967-01	LSM-6297	EPHB3	10uM	MCF10A	6h	LINCSCP_29964
LINCSCP_44232	-0.9970735951	0.04871562655	3	AG490	LSM-42880	JAK2|JAK3	10uM	PC3	24h	LINCSCP_44232
LINCSCP_39716	-0.9970718942	0.04872978909	3	CT-200783	LSM-43273	NA	10uM	MDST8	6h	LINCSCP_39716
LINCSCP_73205	-0.9970712768	0.0487349289	3	179324-69-7	LSM-6281	ADRM1|PSMA1|PSMA2|PSMA3|PSMA4|PSMA5|PSMA6|PSMA7|PSMA8|PSMB1|PSMB10|PSMB11|PSMB2|PSMB3|PSMB4|PSMB5|PSMB6|PSMB7|PSMB8|PSMB9|PSMC1|PSMC2|PSMC3|PSMC4|PSMC5|PSMC6|PSMD1|PSMD11|PSMD12|PSMD13|PSMD14|PSMD2|PSMD3|PSMD4|PSMD6|PSMD7|PSMD8|SEM1	20uM	A375	24h	LINCSCP_73205
LINCSCP_111852	-0.9970684778	0.04875822271	3	13-Hydroxy-8,14,19-trimethoxy-4,10,12,16-tetramethyl-3,20,22-trioxo-2-azabicyclo[16.3.1]docosa-1(21),4,6,10,18-pentaen-9-yl carbamate	LSM-42815	HSP90AA1	0.04uM	HEPG2	24h	LINCSCP_111852
LINCSCP_289248	0.9970656369	0.0487818539	3	Ibudilast	LSM-2357	MIF|PDE10A|PDE3A|PDE4A|PDE4B|PDE4C|PDE4D|TLR4	10uM	VCAP	24h	LINCSCP_289248
LINCSCP_22072	0.9970645772	0.04879066637	3	SR-02000000346	LSM-3297	NA	10uM	HEPG2	6h	LINCSCP_22072
LINCSCP_124248	0.9970632924	0.04880134783	3	Aprepitant	LSM-45261	NA	3.33uM	HT29	24h	LINCSCP_124248
LINCSCP_10844	0.9970621765	0.04881062347	3	CBKINASE1_008949	LSM-4513	NA	10uM	ASC	24h	LINCSCP_10844
LINCSCP_262575	0.9970605078	0.04882449066	3	Diclofenac	LSM-2160	PTGS1|PTGS2	10uM	NPC	24h	LINCSCP_262575
LINCSCP_73082	-0.9970586247	0.04884013456	3	Diphenylpyraline	LSM-5385	HRH1|SLC6A3	3.33uM	A375	24h	LINCSCP_73082
LINCSCP_66778	-0.9970580852	0.04884461551	3	13-Hydroxy-8,14,19-trimethoxy-4,10,12,16-tetramethyl-3,20,22-trioxo-2-azabicyclo[16.3.1]docosa-1(21),4,6,10,18-pentaen-9-yl carbamate	LSM-42815	HSP90AA1	10uM	HA1E	24h	LINCSCP_66778
LINCSCP_253215	0.9970560264	0.04886171237	3	Trichostatin A, Streptomyces Sp.	LSM-42814	HDAC1|HDAC10|HDAC3|HDAC4|HDAC6|HDAC7|HDAC8	1uM	MCF7	6h	LINCSCP_253215
LINCSCP_253901	0.9970559931	0.04886198886	3	BRD-K30548766	LSM-38939	NA	3uM	MCF7	24h	LINCSCP_253901
LINCSCP_92896	-0.997055688	0.04886452172	3	SPECTRUM_001092	LSM-1337	NR3C1	1.11uM	HA1E	24h	LINCSCP_92896
LINCSCP_153844	0.997053877	0.04887955436	3	179324-69-7	LSM-6281	ADRM1|PSMA1|PSMA2|PSMA3|PSMA4|PSMA5|PSMA6|PSMA7|PSMA8|PSMB1|PSMB10|PSMB11|PSMB2|PSMB3|PSMB4|PSMB5|PSMB6|PSMB7|PSMB8|PSMB9|PSMC1|PSMC2|PSMC3|PSMC4|PSMC5|PSMC6|PSMD1|PSMD11|PSMD12|PSMD13|PSMD14|PSMD2|PSMD3|PSMD4|PSMD6|PSMD7|PSMD8|SEM1	20uM	PC3	24h	LINCSCP_153844
LINCSCP_59044	0.9970538107	0.04888010492	3	Neurodazine	LSM-5381	NA	10uM	VCAP	6h	LINCSCP_59044
LINCSCP_279412	0.997053795	0.04888023527	3	BRD-K12285126	LSM-37903	NA	10uM	PC3	6h	LINCSCP_279412
LINCSCP_113471	0.9970531371	0.04888569549	3	Canertinib	LSM-1120	EGFR|ERBB2|ERBB4	1.11uM	HME1	3h	LINCSCP_113471
LINCSCP_312346	-0.99705296	0.04888716462	3	BRD-K70880645	LSM-41130	NA	10uM	VCAP	24h	LINCSCP_312346
LINCSCP_212873	-0.9970523828	0.04889195392	3	Avicin-D	LSM-44620	NA	3uM	HA1E	6h	LINCSCP_212873
LINCSCP_151483	0.9970510071	0.04890336787	3	Tivantinib	LSM-1131	MET	1.11uM	PC3	24h	LINCSCP_151483
LINCSCP_140363	0.9970502591	0.04890957264	3	Dapsone	LSM-5714	DHFR	10uM	MCF7	24h	LINCSCP_140363
LINCSCP_95624	-0.9970488028	0.04892165079	3	MG-132	LSM-1107	PSMB1	20uM	HA1E	24h	LINCSCP_95624
LINCSCP_62203	-0.9970484038	0.04892495929	3	BRD-K20342806	LSM-9671	NA	5uM	VCAP	6h	LINCSCP_62203
LINCSCP_88617	-0.9970471422	0.04893541954	3	Veliparib	LSM-1146	PARP1|PARP2	1.11uM	HA1E	24h	LINCSCP_88617
LINCSCP_312026	-0.9970471339	0.04893548776	3	BRD-K54302962	LSM-40247	NA	10uM	VCAP	24h	LINCSCP_312026
LINCSCP_173418	-0.9970458262	0.0489463278	3	Podofilox	LSM-3055	NA	3.33uM	YAPC	24h	LINCSCP_173418
LINCSCP_44886	-0.9970455692	0.04894845801	3	CHEMBL258148	LSM-6214	CTSL	90uM	PC3	24h	LINCSCP_44886
LINCSCP_57089	-0.9970450943	0.04895239388	3	Gossypol	LSM-6229	BCL2|BCL2L1|MCL1	10uM	VCAP	6h	LINCSCP_57089
LINCSCP_84363	0.9970441191	0.04896047469	3	Idelalisib	LSM-1205	PIK3CD|PIK3CG	0.04uM	ASC	24h	LINCSCP_84363
LINCSCP_225252	0.9970439796	0.04896163039	3	MLS001333211	LSM-4985	NR3C1	10uM	HT29	6h	LINCSCP_225252
LINCSCP_76593	-0.9970427193	0.04897207257	3	Fluphenazine	LSM-3226	DRD1|DRD2	0.04uM	A375	24h	LINCSCP_76593
LINCSCP_35313	0.9970416769	0.04898070648	3	BRD-K39647256	LSM-36409	NA	10uM	MCF7	24h	LINCSCP_35313
LINCSCP_89288	0.9970411954	0.04898469492	3	ZINC77024257	LSM-1171	MDM2	0.37uM	HA1E	24h	LINCSCP_89288
LINCSCP_170127	-0.997040472	0.04899068528	3	MG-132	LSM-1107	PSMB1	20uM	YAPC	24h	LINCSCP_170127
LINCSCP_19072	-0.9970400203	0.04899442573	3	Mephentermine	LSM-2396	ADRA1A|ADRA1B|ADRA1D|ADRA2A|ADRA2B|ADRA2C|ADRB1|ADRB2|ADRB3	10uM	HCC515	6h	LINCSCP_19072
LINCSCP_165409	-0.9970387408	0.04900501897	3	PCI-32765	LSM-1129	BTK	0.37uM	SKL	24h	LINCSCP_165409
LINCSCP_15341	-0.9970382457	0.04900911748	3	Tivozanib	LSM-1005	FLT1|FLT4|KDR|KIT|PDGFRA|PDGFRB	10uM	HA1E	24h	LINCSCP_15341
LINCSCP_20837	-0.9970374962	0.04901532142	3	Tacedinaline	LSM-19036	HDAC1|HDAC10|HDAC11|HDAC2|HDAC3|HDAC4|HDAC5|HDAC6|HDAC7|HDAC8|HDAC9	3.33uM	HCC515	24h	LINCSCP_20837
LINCSCP_107263	-0.99703665	0.04902232463	3	Anagrelide	LSM-3380	PDE3A|PDE3B	0.12uM	HELA	24h	LINCSCP_107263
LINCSCP_35573	0.9970351821	0.04903447053	3	Broad-Sai-424	LSM-45346	NA	10uM	MCF7	6h	LINCSCP_35573
LINCSCP_54734	-0.997034512	0.04904001403	3	CHEMBL1242477	LSM-6208	PIK3CA|PIK3CB|PIK3CD|PIK3CG	20uM	T3M10	6h	LINCSCP_54734
LINCSCP_81088	-0.9970343106	0.04904168067	3	WZ3105	LSM-5970	CLK2|CSNK1E|FLT3|ULK1	10uM	A549	24h	LINCSCP_81088
LINCSCP_8396	-0.9970336025	0.04904753768	3	BRD-K31108633	LSM-10306	NA	5uM	A549	24h	LINCSCP_8396
LINCSCP_92622	0.9970321657	0.04905942025	3	TG 100801	LSM-45980	BLK|EPHB4|FGFR1|FGFR2|FGR|FLT1|FRK|FYN|HCK|KDR|LCK|LYN|PDGFRB|SRC|SRMS|YES1	0.37uM	HA1E	24h	LINCSCP_92622
LINCSCP_32142	-0.9970313413	0.04906623679	3	AB01274770-01	LSM-5349	TOP2A	10uM	MCF7	24h	LINCSCP_32142
LINCSCP_143195	-0.9970288315	0.04908698412	3	Isradipine	LSM-1897	CACNA1C|CACNA1D|CACNA1F|CACNA1S|CACNA2D1	10uM	MCF7	24h	LINCSCP_143195
LINCSCP_25662	-0.9970279244	0.04909448009	3	(3-Isopropoxyphenyl)(1-((5-methyl-1-propyl-1H-pyrazol-4-yl)methyl)piperidin-3-yl)methanone	LSM-1323	NA	10uM	HT29	6h	LINCSCP_25662
LINCSCP_55178	-0.997027742	0.04909598728	3	MW-STK33-100	LSM-44614	NA	0.1uM	THP1	6h	LINCSCP_55178
LINCSCP_17011	0.9970275444	0.04909762011	3	Medroxyprogesterone Acetate	LSM-5882	PGR	10uM	HA1E	6h	LINCSCP_17011
LINCSCP_191511	0.9970262861	0.0491080163	3	Geranylgeraniol	LSM-43247	NA	10uM	A549	24h	LINCSCP_191511
LINCSCP_311717	-0.9970260241	0.04911018053	3	BRD-K46047563	LSM-39824	NA	10uM	VCAP	24h	LINCSCP_311717
LINCSCP_7072	0.9970253663	0.04911561423	3	Indolophenanthridine	LSM-3788	NA	10uM	A549	24h	LINCSCP_7072
LINCSCP_172461	-0.9970253418	0.04911581664	3	Triptorelin	LSM-46025	GNRHR	1.11uM	YAPC	24h	LINCSCP_172461
LINCSCP_58727	0.9970250442	0.04911827491	3	AC1M5YQH	LSM-4627	NA	10uM	VCAP	6h	LINCSCP_58727
LINCSCP_126016	0.997024529	0.04912253007	3	HMN-214	LSM-42802	CSF1R|FLT1|FLT3|FLT4|KDR|KIT|PDGFRB|RET	10uM	HT29	24h	LINCSCP_126016
LINCSCP_79024	0.9970243901	0.04912367685	3	Volasertib (BI 6727)	LSM-45277	PLK1	0.37uM	A375	24h	LINCSCP_79024
LINCSCP_14792	0.9970213683	0.04914862615	3	Buspirone	LSM-4105	HTR1A	10uM	HA1E	24h	LINCSCP_14792
LINCSCP_48921	-0.9970206323	0.04915470113	3	BRD-K13679108	LSM-37976	NA	10uM	PC3	24h	LINCSCP_48921
LINCSCP_47911	-0.997019078	0.04916752764	3	Roxithromycin	LSM-5319	NA	10uM	PC3	6h	LINCSCP_47911
LINCSCP_312155	-0.997017846	0.0491776917	3	BRD-K40461288	LSM-39501	NA	10uM	VCAP	6h	LINCSCP_312155
LINCSCP_305624	0.9970177157	0.04917876658	3	BRD-K68036990	LSM-40976	NA	5uM	VCAP	24h	LINCSCP_305624
LINCSCP_59459	0.9970166139	0.04918785505	3	Griseofulvin	LSM-5259	NA	10uM	VCAP	24h	LINCSCP_59459
LINCSCP_294236	-0.9970162403	0.04919093587	3	Itopride	LSM-6004	DRD2	10uM	VCAP	6h	LINCSCP_294236
LINCSCP_87249	-0.9970158196	0.04919440584	3	SCHEMBL16980224	LSM-1092	AURKA	0.37uM	CD34	24h	LINCSCP_87249
LINCSCP_117906	0.9970149324	0.04920172178	3	TIE2 Kinase Inhibitor	LSM-1194	NA	0.37uM	HT29	24h	LINCSCP_117906
LINCSCP_36291	0.997013525	0.04921332502	3	Menadione	LSM-3755	NA	0.1uM	MCF7	24h	LINCSCP_36291
LINCSCP_88884	0.9970128421	0.04921895355	3	Resveratrol	LSM-42917	PTGS1|PTGS2|SIRT1	0.12uM	HA1E	24h	LINCSCP_88884
LINCSCP_131719	0.9970115432	0.04922965903	3	CHEMBL585951	LSM-36386	MAPK8	3.33uM	MCF10A	3h	LINCSCP_131719
LINCSCP_167773	-0.9970115319	0.04922975193	3	Arbutin	LSM-5255	TYR	0.04uM	YAPC	24h	LINCSCP_167773
LINCSCP_35674	0.9970103336	0.04923962616	3	CHEMBL1242477	LSM-6208	PIK3CA|PIK3CB|PIK3CD|PIK3CG	1uM	MCF7	24h	LINCSCP_35674
LINCSCP_93597	0.9970095753	0.04924587363	3	Lersivirine	LSM-45853	NA	0.37uM	HA1E	24h	LINCSCP_93597
LINCSCP_132460	0.9970084688	0.04925498775	3	TWS 119	LSM-1111	GSK3B	0.12uM	MCF7	3h	LINCSCP_132460
LINCSCP_130907	0.9970069873	0.04926718894	3	LDN 193189	LSM-1115	ACVR1|BMPR1A	10uM	MCF10A	3h	LINCSCP_130907
LINCSCP_244196	0.9970048057	0.04928514935	3	ZINC04062252	LSM-5289	PGR	10uM	MCF7	6h	LINCSCP_244196
LINCSCP_105628	0.9970040122	0.04929168128	3	BRD-A77864279	LSM-45397	NA	3.33uM	HELA	24h	LINCSCP_105628
LINCSCP_147705	-0.9970037332	0.04929397718	3	Vandetanib	LSM-1199	EGFR|EPHA1|EPHA10|EPHA2|EPHA3|EPHA4|EPHA5|EPHA6|EPHA7|EPHA8|EPHB1|EPHB2|EPHB3|EPHB4|EPHB6|ERBB2|ERBB3|ERBB4|FLT1|FLT4|KDR|PTK6|RET|SRC|TEK	10uM	NPC.CAS9	24h	LINCSCP_147705
LINCSCP_40346	-0.9970036295	0.04929483102	3	BRD-K41087962	LSM-42690	NA	0.5uM	NCIH596	6h	LINCSCP_40346
LINCSCP_118987	-0.9970030405	0.04929967771	3	Dolutegravir (GSK1349572)	LSM-45596	NA	0.04uM	HT29	24h	LINCSCP_118987
LINCSCP_89941	-0.9970014512	0.04931275449	3	Belinostat	LSM-43181	HDAC1|HDAC10|HDAC11|HDAC2|HDAC3|HDAC4|HDAC5|HDAC6|HDAC7|HDAC8|HDAC9	0.12uM	HA1E	24h	LINCSCP_89941
LINCSCP_175829	-0.9970011565	0.04931517867	3	Amiloride	LSM-4194	ASIC1|ASIC2|SCNN1A|SCNN1B|SCNN1G	0.37uM	YAPC	24h	LINCSCP_175829
LINCSCP_16120	-0.9970003014	0.04932221251	3	MLS002474578	LSM-2423	NA	10uM	HA1E	6h	LINCSCP_16120
LINCSCP_20429	0.9970001421	0.04932352327	3	Androstenol	LSM-5400	NR1I3	10uM	HCC515	6h	LINCSCP_20429
LINCSCP_68369	0.9969997386	0.04932684182	3	Trichostatin A, Streptomyces Sp.	LSM-42814	HDAC1|HDAC10|HDAC3|HDAC4|HDAC6|HDAC7|HDAC8	10uM	VCAP	6h	LINCSCP_68369
LINCSCP_56959	-0.9969989931	0.04933297284	3	RG 108	LSM-6283	DNMT1	80uM	VCAP	24h	LINCSCP_56959
LINCSCP_173500	-0.9969972987	0.04934690518	3	TAK-285	LSM-45987	EGFR|ERBB2	0.04uM	YAPC	24h	LINCSCP_173500
LINCSCP_7928	0.9969971547	0.04934808846	3	PCI-34051	LSM-4812	HDAC1|HDAC10|HDAC6|HDAC8	10uM	A549	24h	LINCSCP_7928
LINCSCP_177	-0.9969970498	0.04934895102	3	Lomatin	LSM-1376	NA	10uM	A375	24h	LINCSCP_177
LINCSCP_33214	-0.9969952898	0.04936341743	3	MRS 1220	LSM-2834	ADORA3	10uM	MCF7	6h	LINCSCP_33214
LINCSCP_131847	-0.9969942396	0.04937204818	3	Neratinib	LSM-42778	EGFR|ERBB2|ERBB4	0.37uM	MCF7	24h	LINCSCP_131847
LINCSCP_175054	-0.9969934369	0.04937864296	3	2'-Deoxycytidine (hydrochloride)	LSM-45794	NA	10uM	YAPC	24h	LINCSCP_175054
LINCSCP_8381	-0.996993188	0.04938068822	3	BRD-K99219003	LSM-14525	NA	5uM	A549	24h	LINCSCP_8381
LINCSCP_44649	0.9969929694	0.04938248438	3	NS1619	LSM-3206	KCNMA1	10uM	PC3	6h	LINCSCP_44649
LINCSCP_8545	-0.9969919478	0.04939087628	3	CHEMBL2358056	LSM-43490	NA	5uM	A549	24h	LINCSCP_8545
LINCSCP_84402	0.9969909731	0.0493988812	3	Sirolimus	LSM-42783	FKBP1A|MTOR	10uM	ASC	24h	LINCSCP_84402
LINCSCP_3287	-0.996990195	0.04940527128	3	BRD-K85025453	LSM-13621	NA	5uM	A375	24h	LINCSCP_3287
LINCSCP_66003	0.9969900604	0.04940637622	3	BRD-K59524902	LSM-7634	NA	1uM	VCAP	24h	LINCSCP_66003
LINCSCP_16342	-0.9969882154	0.04942152451	3	AC1MQIYX	LSM-4693	NA	10uM	HA1E	6h	LINCSCP_16342
LINCSCP_89159	0.9969879004	0.04942410986	3	Alectinib	LSM-1202	ALK|RET	10uM	HA1E	24h	LINCSCP_89159
LINCSCP_21055	-0.9969877231	0.04942556532	3	Iniparib	LSM-6317	PARP1	0.01uM	HCC515	6h	LINCSCP_21055
LINCSCP_117559	0.9969869063	0.04943226939	3	Rabusertib	LSM-36359	CHEK1	1.11uM	HT29	24h	LINCSCP_117559
LINCSCP_32675	-0.9969859477	0.04944013602	3	2-(2,4-Dichlorophenoxy)-n-(4-methyl-2-nitrophenyl)acetamide	LSM-4588	NA	10uM	MCF7	6h	LINCSCP_32675
LINCSCP_310045	-0.9969854709	0.04944404798	3	Acdpp	LSM-15382	NA	30uM	VCAP	24h	LINCSCP_310045
LINCSCP_25710	0.9969844365	0.04945253489	3	SMR001317659	LSM-2094	NA	0.5uM	HT29	6h	LINCSCP_25710
LINCSCP_41350	-0.9969841255	0.04945508627	3	NO-ASA	LSM-36980	PTGS2	10uM	NEU	24h	LINCSCP_41350
LINCSCP_165738	-0.9969836768	0.04945876639	3	Vorinostat	LSM-3828	HDAC1|HDAC2|HDAC3|HDAC6|HDAC8	1.11uM	SKL	24h	LINCSCP_165738
LINCSCP_28190	-0.9969829243	0.04946493853	3	BRD-K79610347	LSM-41616	NA	5uM	HT29	24h	LINCSCP_28190
LINCSCP_5416	0.9969823977	0.04946925799	3	CHEMBL1270003	LSM-3311	NA	10uM	A549	24h	LINCSCP_5416
LINCSCP_3240	-0.9969822258	0.04947066717	3	BRD-K40225343	LSM-10883	NA	5uM	A375	24h	LINCSCP_3240
LINCSCP_111003	-0.9969821421	0.04947135377	3	Ataluren	LSM-5991	DMD	1.11uM	HELA	24h	LINCSCP_111003
LINCSCP_9887	-0.9969802685	0.04948671608	3	COL-3	LSM-36908	NA	10uM	A549	24h	LINCSCP_9887
LINCSCP_120418	-0.9969790341	0.0494968342	3	PI-103	LSM-1126	MTOR|PIK3CA|PIK3CB|PIK3CD|PIK3CG	0.04uM	HT29	24h	LINCSCP_120418
LINCSCP_17775	0.9969788721	0.04949816235	3	10-DEBC	LSM-4710	PIM1	20uM	HCC15	6h	LINCSCP_17775
LINCSCP_297286	0.9969774958	0.04950944099	3	BRD-K89941546	LSM-42172	NA	5uM	VCAP	6h	LINCSCP_297286
LINCSCP_160757	0.9969772295	0.04951162356	3	179324-69-7	LSM-6281	ADRM1|PSMA1|PSMA2|PSMA3|PSMA4|PSMA5|PSMA6|PSMA7|PSMA8|PSMB1|PSMB10|PSMB11|PSMB2|PSMB3|PSMB4|PSMB5|PSMB6|PSMB7|PSMB8|PSMB9|PSMC1|PSMC2|PSMC3|PSMC4|PSMC5|PSMC6|PSMD1|PSMD11|PSMD12|PSMD13|PSMD14|PSMD2|PSMD3|PSMD4|PSMD6|PSMD7|PSMD8|SEM1	20uM	PC3	24h	LINCSCP_160757
LINCSCP_3434	-0.9969772254	0.04951165732	3	BRD-K10835142	LSM-9087	NA	5uM	A375	24h	LINCSCP_3434
LINCSCP_134091	-0.9969766828	0.04951610245	3	N-(3-Fluoro-4-((7-methoxyquinolin-4-yl)oxy)phenyl)-1-(2-hydroxy-2-methylpropyl)-5-methyl-3-oxo-2-phenyl-2,3-dihydro-1H-pyrazole-4-carboxamide	LSM-1113	NA	10uM	MCF7	24h	LINCSCP_134091
LINCSCP_34379	-0.9969760976	0.04952089688	3	Glyburide	LSM-2811	ABCC8|CFTR|KCNJ11|KCNJ5|KCNJ8	10uM	MCF7	6h	LINCSCP_34379
LINCSCP_30266	-0.9969757175	0.0495240115	3	Phenamil	LSM-2472	PKD2L1	10uM	MCF7	24h	LINCSCP_30266
LINCSCP_20636	0.9969750625	0.04952937649	3	BRD-K60067222	LSM-40556	NA	10uM	HCC515	6h	LINCSCP_20636
LINCSCP_58949	0.9969748554	0.04953107282	3	Pirarubicin	LSM-5899	TOP2A	10uM	VCAP	24h	LINCSCP_58949
LINCSCP_10376	-0.9969740026	0.0495380576	3	LY 2183240	LSM-2839	FAAH	10uM	A673	6h	LINCSCP_10376
LINCSCP_180822	-0.9969728057	0.04954785847	3	Amoxicillin	LSM-5654	CYP2C19|SLC15A1|SLC15A2|SLC22A6	10uM	A375	6h	LINCSCP_180822
LINCSCP_134626	-0.9969724768	0.04955055166	3	CEP-701	LSM-45844	NA	10uM	MCF7	24h	LINCSCP_134626
LINCSCP_68627	-0.9969721968	0.04955284347	3	13-Hydroxy-8,14,19-trimethoxy-4,10,12,16-tetramethyl-3,20,22-trioxo-2-azabicyclo[16.3.1]docosa-1(21),4,6,10,18-pentaen-9-yl carbamate	LSM-42815	HSP90AA1	10uM	VCAP	24h	LINCSCP_68627
LINCSCP_19125	0.9969709103	0.04956337533	3	Desipramine	LSM-3351	SLC6A2|SLC6A4	10uM	HCC515	6h	LINCSCP_19125
LINCSCP_130342	-0.9969704574	0.04956708232	3	noscapine	NA	NA	0.12uM	LNCAP	3h	LINCSCP_130342
LINCSCP_245123	0.9969702018	0.04956917452	3	Withaferin A	LSM-6685	IKBKB|NAMPT	10uM	MCF7	6h	LINCSCP_245123
LINCSCP_37038	0.9969695271	0.04957469607	3	SA-1473405	LSM-40861	NA	10uM	MCF7	24h	LINCSCP_37038
LINCSCP_9750	-0.996969199	0.04957738127	3	Alvocidib	LSM-1011	CDK1|CDK2|CDK4|CDK5|CDK6|CDK7|CDK8|CDK9|EGFR|PYGM	0.1uM	A549	24h	LINCSCP_9750
LINCSCP_63831	0.9969688924	0.04957988988	3	BRD-K72620090	LSM-12879	NA	5uM	VCAP	6h	LINCSCP_63831
LINCSCP_112524	0.9969676439	0.04959010459	3	Resveratrol	LSM-42917	PTGS1|PTGS2|SIRT1	0.37uM	HEPG2	24h	LINCSCP_112524
LINCSCP_58233	0.9969670985	0.04959456642	3	Cefpodoxime Proxetil	LSM-44979	NA	10uM	VCAP	6h	LINCSCP_58233
LINCSCP_292852	-0.9969661114	0.04960264096	3	KUC104219	LSM-3250	NA	10uM	VCAP	24h	LINCSCP_292852
LINCSCP_11022	-0.9969659446	0.04960400493	3	SMR000178575	LSM-2708	NA	10uM	ASC	24h	LINCSCP_11022
LINCSCP_89259	0.9969654339	0.04960818159	3	SCHEMBL15556278	LSM-1002	DDR1	0.12uM	HA1E	24h	LINCSCP_89259
LINCSCP_146493	-0.9969649367	0.04961224779	3	PCI-32765	LSM-1129	BTK	0.37uM	NEU	24h	LINCSCP_146493
LINCSCP_7680	-0.9969647363	0.04961388652	3	Aristolochic acid	LSM-2373	NA	10uM	A549	6h	LINCSCP_7680
LINCSCP_290330	-0.9969646248	0.04961479819	3	Glipizide	LSM-2251	ABCC8|KCNJ11	10uM	VCAP	6h	LINCSCP_290330
LINCSCP_67414	-0.9969646222	0.04961481876	3	13-Hydroxy-8,14,19-trimethoxy-4,10,12,16-tetramethyl-3,20,22-trioxo-2-azabicyclo[16.3.1]docosa-1(21),4,6,10,18-pentaen-9-yl carbamate	LSM-42815	HSP90AA1	1uM	MCF7	6h	LINCSCP_67414
LINCSCP_52233	-0.9969638499	0.04962113389	3	264236-77-3	LSM-36668	NA	10uM	SKB	24h	LINCSCP_52233
LINCSCP_7141	-0.9969631598	0.04962677593	3	Naringenin	LSM-1927	CYP19A1|ESR2	10uM	A549	6h	LINCSCP_7141
LINCSCP_121820	-0.9969631521	0.04962683835	3	Labetalol	LSM-1282	ADRA1A|ADRA1B|ADRA1D|ADRA2A|ADRA2B|ADRA2C|ADRB1|ADRB2|ADRB3	0.37uM	HT29	24h	LINCSCP_121820
LINCSCP_94617	-0.9969629362	0.04962860387	3	Pasireotide (ditrifluoroacetate)	LSM-45412	NA	3.33uM	HA1E	24h	LINCSCP_94617
LINCSCP_155387	-0.9969627559	0.04963007726	3	Sepantronium	LSM-5399	BIRC5	1.11uM	PC3	24h	LINCSCP_155387
LINCSCP_12744	-0.9969616873	0.04963881182	3	pyrvinium-pamoate	NA	AR	10uM	COV644	6h	LINCSCP_12744
LINCSCP_24159	-0.9969612635	0.04964227496	3	KUC107191N	LSM-45334	NA	10uM	HL60	6h	LINCSCP_24159
LINCSCP_74082	0.9969612564	0.04964233344	3	BRD-A69421747	LSM-45546	NA	10uM	A375	24h	LINCSCP_74082
LINCSCP_91656	0.9969593808	0.04965765942	3	Pictilisib	LSM-1047	PIK3CA|PIK3CB|PIK3CD|PIK3CG|PIK3R1|PIK3R2|PIK3R3|PIK3R5	1.11uM	HA1E	24h	LINCSCP_91656
LINCSCP_86069	0.9969591679	0.04965939849	3	noscapine	NA	NA	0.04uM	BT20	24h	LINCSCP_86069
LINCSCP_20970	-0.9969590058	0.04966072229	3	BRD-K42573370-001-01-1	LSM-37084	NA	0.04uM	HCC515	24h	LINCSCP_20970
LINCSCP_147002	-0.9969577254	0.04967118135	3	CGK733	LSM-1610	ATM|ATR	0.37uM	NEU	24h	LINCSCP_147002
LINCSCP_63199	-0.9969575426	0.04967267463	3	BRD-K94781393	LSM-14241	NA	5uM	VCAP	6h	LINCSCP_63199
LINCSCP_147266	0.9969561063	0.04968440413	3	CC-401	LSM-1186	NA	0.12uM	NEU	24h	LINCSCP_147266
LINCSCP_8126	-0.9969553976	0.0496901905	3	BRD-K27818252	LSM-38785	NA	5uM	A549	24h	LINCSCP_8126
LINCSCP_73206	-0.9969549368	0.04969395264	3	Genistein	LSM-5549	CFTR|ESR2	10uM	A375	24h	LINCSCP_73206
LINCSCP_43547	0.9969548624	0.04969456011	3	CCG-208038	LSM-36933	NA	10uM	NPC	6h	LINCSCP_43547
LINCSCP_46972	0.9969537353	0.04970376083	3	Cholic acid	LSM-5541	CES1|FECH|PLA2G1B	10uM	PC3	6h	LINCSCP_46972
LINCSCP_105521	-0.9969536612	0.04970436556	3	CLONAZEPAM	LSM-45776	GABRA1|GABRA2|GABRA3|GABRA4|GABRA5|GABRA6|GABRB1|GABRB2|GABRB3|GABRD|GABRE|GABRG1|GABRG2|GABRG3|GABRP|GABRQ	1.11uM	HELA	24h	LINCSCP_105521
LINCSCP_90816	-0.9969528437	0.04971103771	3	179324-69-7	LSM-6281	ADRM1|PSMA1|PSMA2|PSMA3|PSMA4|PSMA5|PSMA6|PSMA7|PSMA8|PSMB1|PSMB10|PSMB11|PSMB2|PSMB3|PSMB4|PSMB5|PSMB6|PSMB7|PSMB8|PSMB9|PSMC1|PSMC2|PSMC3|PSMC4|PSMC5|PSMC6|PSMD1|PSMD11|PSMD12|PSMD13|PSMD14|PSMD2|PSMD3|PSMD4|PSMD6|PSMD7|PSMD8|SEM1	20uM	HA1E	24h	LINCSCP_90816
LINCSCP_55075	-0.9969504327	0.04973070978	3	SCHEMBL2231351	LSM-36442	NA	10uM	THP1	24h	LINCSCP_55075
LINCSCP_114391	0.9969493631	0.04973943483	3	GSK429286A	LSM-1012	ROCK1	3.33uM	HME1	24h	LINCSCP_114391
LINCSCP_18230	0.996949226	0.04974055291	3	313516-66-4	LSM-2690	PPARG	10uM	HCC515	24h	LINCSCP_18230
LINCSCP_57067	-0.9969476631	0.04975329887	3	KU0060648	LSM-4935	PIK3CA|PIK3CB|PIK3CD|PRKDC	10uM	VCAP	6h	LINCSCP_57067
LINCSCP_206910	-0.9969472419	0.04975673394	3	BM 5	LSM-36899	NA	10uM	FIBRNPC	24h	LINCSCP_206910
LINCSCP_36852	-0.9969466789	0.0497613242	3	PCI-32765	LSM-1129	BTK	1uM	MCF7	6h	LINCSCP_36852
LINCSCP_95654	0.9969464041	0.04976356387	3	Avanafil	LSM-45456	PDE5A	10uM	HA1E	24h	LINCSCP_95654
LINCSCP_91859	-0.9969447649	0.04977692602	3	SPECTRUM_001522	LSM-1487	NR3C1	3.33uM	HA1E	24h	LINCSCP_91859
LINCSCP_284017	-0.9969444164	0.04977976639	3	MLS-0435526.0001	LSM-4881	NA	10uM	SKB	24h	LINCSCP_284017
LINCSCP_110838	-0.996944162	0.0497818393	3	Bexarotene	LSM-45378	RXRA|RXRB|RXRG	0.04uM	HELA	24h	LINCSCP_110838
LINCSCP_32932	0.9969421648	0.04979811313	3	Albendazole	LSM-3782	NA	10uM	MCF7	24h	LINCSCP_32932
LINCSCP_42789	0.9969418386	0.04980077092	3	Metoprolol	LSM-1259	ADRB1|ADRB2	10uM	NPC	24h	LINCSCP_42789
LINCSCP_39948	0.9969413408	0.04980482602	3	501919-59-1	LSM-6243	STAT3	100uM	NCIH1836	6h	LINCSCP_39948
LINCSCP_16988	-0.9969399551	0.04981611207	3	Methoxsalen	LSM-3410	CYP1A1|CYP1A2|CYP2A13|CYP2A6|CYP3A4	10uM	HA1E	6h	LINCSCP_16988
LINCSCP_63793	0.9969395063	0.04981976677	3	MLS003650140	LSM-10549	NA	5uM	VCAP	6h	LINCSCP_63793
LINCSCP_13171	-0.9969388784	0.04982487943	3	GF-109203	LSM-2677	PRKCA	10uM	FIBRNPC	24h	LINCSCP_13171
LINCSCP_63291	-0.9969386318	0.04982688758	3	BRD-K53283097	LSM-11676	NA	5uM	VCAP	6h	LINCSCP_63291
LINCSCP_51684	0.9969366243	0.04984323058	3	BI-2536	LSM-1041	PLK1	10uM	SKBR3	6h	LINCSCP_51684
LINCSCP_88809	-0.9969345419	0.04986017725	3	CHEMBL3347630	LSM-43292	NA	3.33uM	HA1E	24h	LINCSCP_88809
LINCSCP_46241	0.9969321529	0.04987961223	3	2-(1,3-Benzoxazol-2-ylsulfanyl)-n-(2-methoxyphenyl)acetamide	LSM-4608	NA	10uM	PC3	24h	LINCSCP_46241
LINCSCP_2753	0.9969307892	0.04989070252	3	SKF 81297	LSM-1301	DRD1|DRD5	10uM	A375	6h	LINCSCP_2753
LINCSCP_42195	-0.996929258	0.0499031521	3	SCHEMBL15422156	LSM-43123	NA	10uM	NPC	24h	LINCSCP_42195
LINCSCP_163766	-0.9969287214	0.04990751447	3	Lapatinib	LSM-1051	EGFR|ERBB2	0.04uM	SKBR3	24h	LINCSCP_163766
LINCSCP_145796	-0.996928285	0.04991106212	3	BMS-387032	LSM-1132	CDK2|CDK7|CDK9	3.33uM	MDAMB231	3h	LINCSCP_145796
LINCSCP_133986	-0.9969275704	0.04991687003	3	triptolide	NA	NA	0.37uM	MCF7	24h	LINCSCP_133986
LINCSCP_36171	-0.9969270594	0.04992102371	3	Omacetaxine Mepesuccinate	LSM-3716	NA	3uM	MCF7	6h	LINCSCP_36171
LINCSCP_112952	-0.9969261652	0.04992828962	3	BCPP000194	LSM-1188	NA	1.11uM	HEPG2	24h	LINCSCP_112952
LINCSCP_45965	-0.9969252279	0.04993590548	3	MLS001065853	LSM-4037	NA	10uM	PC3	24h	LINCSCP_45965
LINCSCP_41845	-0.9969233351	0.04995128115	3	Promazine	LSM-2137	CHRM5|DRD2|DRD3|DRD4|HTR2A	10uM	NOMO1	6h	LINCSCP_41845
LINCSCP_32669	-0.9969232875	0.04995166776	3	2-Chloro-n-(1-phenyl-3-propyl-1H-pyrazol-5-yl)acetamide	LSM-2532	NA	10uM	MCF7	6h	LINCSCP_32669
LINCSCP_234851	-0.9969229813	0.04995415473	3	SCHEMBL618594	LSM-1070	NA	1uM	MCF10A	24h	LINCSCP_234851
LINCSCP_228038	0.9969219325	0.04996267159	3	Propantheline	LSM-5959	CHRM1|CHRM2|CHRM3	10uM	HT29	6h	LINCSCP_228038
LINCSCP_238293	-0.9969215553	0.04996573472	3	UNII-U7RWT9J78O	LSM-44950	NA	10uM	MCF7	24h	LINCSCP_238293
LINCSCP_94115	0.996921332	0.04996754773	3	GSK1292263	LSM-45911	NA	10uM	HA1E	24h	LINCSCP_94115
LINCSCP_112582	-0.9969208972	0.0499710772	3	NU-7026	LSM-2191	PRKDC	3.33uM	HEPG2	24h	LINCSCP_112582
LINCSCP_94727	-0.9969207415	0.04997234197	3	Cabozantinib	LSM-1195	KDR|MET	0.12uM	HA1E	24h	LINCSCP_94727
LINCSCP_284127	0.9969194988	0.04998242915	3	CHEMBL153158	LSM-1482	SSTR4	10uM	SKB	24h	LINCSCP_284127
LINCSCP_118236	-0.9969193275	0.04998381965	3	MG-132	LSM-1107	PSMB1	20uM	HT29	24h	LINCSCP_118236
LINCSCP_21458	0.9969181662	0.04999324478	3	Altrenogest	LSM-1424	PGR	10uM	HEPG2	6h	LINCSCP_21458
