term	id	nGeneIds	pvalue	adjPvalue	oddsRatio	nOverlap	batch	timepoint	cellLine	batch2	perturbation	concentration	direction
CPC012_PHH_24H_F21_VU-0410183-2_10uM up	c7bbb32d-6ec8-42c8-91d4-788d9ebdc0bd	250	4.966586878264855e-09	0.004166482148643583	18.134400000000003	8	CPC012	PHH	24H	F21	VU-0410183-2	10uM	up
CPC009_VCAP_6H_P19_BRD-U32049204_10uM up	b6f74ac7-dd31-46fe-9ad5-ba10eb4cd04a	250	4.966586878264855e-09	0.004166482148643583	18.134400000000003	8	CPC009	VCAP	6H	P19	BRD-U32049204	10uM	up
LKCP001_A549_48H_H05_nalbuphine_1.11uM up	a87b6588-7e87-4fa7-956d-5d7acff27198	250	1.405577784696164e-07	0.005126707467504668	15.8676	7	LKCP001	A549	48H	H05	nalbuphine	1.11uM	up
MOAR008_OVTOKO_24H_J14_AZD-7762_3.33uM down	bcd4382e-da83-4170-944d-e15123ea3364	250	1.405577784696164e-07	0.005126707467504668	15.8676	7	MOAR008	OVTOKO	24H	J14	AZD-7762	3.33uM	down
XPR024_AGS.311_96H_C02_SLC24A4 up	fe207b88-e21b-49d3-b879-49c91b3d26d5	250	1.405577784696164e-07	0.005126707467504668	15.8676	7	XPR024	AGS.311	96H	C02	SLC24A4	N/A	up
CPC006_PC3_24H_H13_PF-750_80uM up	f86b94b5-3ae1-4b7b-a0a7-91de64a9c96d	250	1.405577784696164e-07	0.005126707467504668	15.8676	7	CPC006	PC3	24H	H13	PF-750	80uM	up
CPC012_A375_6H_E14_BRD-K36087356_10uM up	3885a26c-5edc-4c1a-97dd-0ba150380721	250	1.405577784696164e-07	0.005126707467504668	15.8676	7	CPC012	A375	6H	E14	BRD-K36087356	10uM	up
CPC006_PC3_24H_L02_TW-37_10uM up	c784d6d2-f3aa-4932-98d4-8987f1fcfdb8	250	1.405577784696164e-07	0.005126707467504668	15.8676	7	CPC006	PC3	24H	L02	TW-37	10uM	up
ERG020_VCAP_24H_M05_BRD-K61717269_10uM up	391a15d4-fef1-4575-b666-73b80af8023a	250	1.405577784696164e-07	0.005126707467504668	15.8676	7	ERG020	VCAP	24H	M05	BRD-K61717269	10uM	up
CPC006_SW480_6H_C09_CAY-10618_10uM up	4a0b9dca-52f3-40d3-9233-8f370e74d69e	250	1.405577784696164e-07	0.005126707467504668	15.8676	7	CPC006	SW480	6H	C09	CAY-10618	10uM	up
MOAR011_HCC95_24H_M24_BIX-01294_1.11uM up	8e8000a0-111d-417a-8dbd-a053ee6453fe	250	1.405577784696164e-07	0.005126707467504668	15.8676	7	MOAR011	HCC95	24H	M24	BIX-01294	1.11uM	up
MOAR011_NCIH1573_24H_F18_SC-144_1.11uM up	44e24003-1dfb-465c-a7da-2bb56ba14f48	250	1.405577784696164e-07	0.005126707467504668	15.8676	7	MOAR011	NCIH1573	24H	F18	SC-144	1.11uM	up
MOAR012_NCIH838_24H_D01_molidustat_10uM up	e6261130-4683-4e79-8b2e-9bf5bc2ca90a	250	1.405577784696164e-07	0.005126707467504668	15.8676	7	MOAR012	NCIH838	24H	D01	molidustat	10uM	up
MOAR012_SKES1_24H_O07_CGM-097_10uM down	ca91e279-dc7d-4373-859e-325347b2426a	250	1.405577784696164e-07	0.005126707467504668	15.8676	7	MOAR012	SKES1	24H	O07	CGM-097	10uM	down
CPC012_A375_6H_G01_QW-BI-011_10uM up	b80546c4-9275-45fe-af1d-f805edb99eab	250	1.405577784696164e-07	0.005126707467504668	15.8676	7	CPC012	A375	6H	G01	QW-BI-011	10uM	up
CPC014_ASC_24H_P18_tamibarotene_10uM down	48aaccab-3470-4ca8-bbbb-d01b9b949423	250	1.405577784696164e-07	0.005126707467504668	15.8676	7	CPC014	ASC	24H	P18	tamibarotene	10uM	down
XPR040_DANG.311_96H_O15_LIMK1 up	eaed441b-e1e2-4997-bda6-08c81718bed1	250	1.405577784696164e-07	0.005126707467504668	15.8676	7	XPR040	DANG.311	96H	O15	LIMK1	N/A	up
FIBR034_MCLF100SZ_6H_J08_tubacin_4uM down	1e247171-3d3f-42e4-aa9c-0fa8b086faf0	250	1.405577784696164e-07	0.005126707467504668	15.8676	7	FIBR034	MCLF100SZ	6H	J08	tubacin	4uM	down
CPC006_PC3_24H_O10_PAC-1_10uM up	f9296e48-fc92-4e7c-b091-40c87b4aabd6	250	1.405577784696164e-07	0.005126707467504668	15.8676	7	CPC006	PC3	24H	O10	PAC-1	10uM	up
CPC012_A375_6H_I22_BRD-K72615639_10uM up	994d1efa-2ceb-4557-a54e-7ff0d4a1d02a	250	1.405577784696164e-07	0.005126707467504668	15.8676	7	CPC012	A375	6H	I22	BRD-K72615639	10uM	up
CRCGN012_HEPG2_24H_A22_p-anisidinehcl_4uM up	7cc9fd1d-25d7-4cc7-a73f-e1a117db383c	250	1.405577784696164e-07	0.005126707467504668	15.8676	7	CRCGN012	HEPG2	24H	A22	p-anisidinehcl	4uM	up
CPC012_A375_6H_A10_BRD-A27640568_10uM up	190a0222-4da6-488e-b62a-d0da135842d3	250	1.405577784696164e-07	0.005126707467504668	15.8676	7	CPC012	A375	6H	A10	BRD-A27640568	10uM	up
CPC012_A375_6H_I20_BRD-K82837433_10uM up	fd270f25-5a28-4009-b45a-f320dcde0477	250	1.405577784696164e-07	0.005126707467504668	15.8676	7	CPC012	A375	6H	I20	BRD-K82837433	10uM	up
CPC010_MCF7_24H_H11_JAS07-004_10uM up	2869d97a-3c90-4a55-a118-05e70f18460b	250	1.405577784696164e-07	0.005126707467504668	15.8676	7	CPC010	MCF7	24H	H11	JAS07-004	10uM	up
REP.B025_HELA_24H_L08_BRD-K76674262_0.74uM up	8064a3bd-7129-4bca-bcc1-ac3df4d75744	250	1.405577784696164e-07	0.005126707467504668	15.8676	7	REP.B025	HELA	24H	L08	BRD-K76674262	0.74uM	up
CPC012_PHH_24H_H20_BRD-K08307026_10uM up	1e038002-6e5d-4a71-b2b0-7db0369eddd4	250	1.405577784696164e-07	0.005126707467504668	15.8676	7	CPC012	PHH	24H	H20	BRD-K08307026	10uM	up
MOAR008_OVTOKO_24H_D04_lylamine_10uM up	513999aa-1a03-40ba-856b-84cd9e14032f	250	1.405577784696164e-07	0.005126707467504668	15.8676	7	MOAR008	OVTOKO	24H	D04	lylamine	10uM	up
CPC008_VCAP_24H_K19_VU-0410183-2_10uM up	7af3e3f1-958f-4402-ae0f-86c21f8fc238	250	1.405577784696164e-07	0.005126707467504668	15.8676	7	CPC008	VCAP	24H	K19	VU-0410183-2	10uM	up
ERG020_VCAP_24H_C04_BRD-A24021119_10uM up	8253bc24-3279-4c21-8fa5-6894e0e79f56	250	1.405577784696164e-07	0.005126707467504668	15.8676	7	ERG020	VCAP	24H	C04	BRD-A24021119	10uM	up
PBIOA022_HEPG2_24H_B08_TW-37_3.33uM up	17efda6d-c891-4529-a6b7-09380d3f4677	250	1.405577784696164e-07	0.005126707467504668	15.8676	7	PBIOA022	HEPG2	24H	B08	TW-37	3.33uM	up
REP.A022_JURKAT_24H_B19_decitabine_10uM down	b337b691-bb19-4bc0-909c-f89731650f14	250	1.405577784696164e-07	0.005126707467504668	15.8676	7	REP.A022	JURKAT	24H	B19	decitabine	10uM	down
XPR019_A375.311_96H_M02_SETD8 up	782994ae-24f7-4797-bbe4-63d027c6dd88	250	1.405577784696164e-07	0.005126707467504668	15.8676	7	XPR019	A375.311	96H	M02	SETD8	N/A	up
CPC014_PC3_6H_P07_triciribine_10uM up	ac43a5b1-8c13-4d77-ad41-df804aab3e81	250	1.405577784696164e-07	0.005126707467504668	15.8676	7	CPC014	PC3	6H	P07	triciribine	10uM	up
CPC012_A375_6H_F19_VU-0418946-1_10uM up	806c9c23-adb5-4ae3-bb3f-ae9f44eb172a	250	1.405577784696164e-07	0.005126707467504668	15.8676	7	CPC012	A375	6H	F19	VU-0418946-1	10uM	up
CPC012_A375_6H_J08_BRD-K81795824_10uM up	62cc446c-9369-42e0-916c-fdf2e4e5205c	250	1.405577784696164e-07	0.005126707467504668	15.8676	7	CPC012	A375	6H	J08	BRD-K81795824	10uM	up
ASG003_XC.P930_24H_D06_BI-2536_0.12uM down	96fe8ec1-2254-4592-86ee-5544447f391e	250	1.405577784696164e-07	0.005126707467504668	15.8676	7	ASG003	XC.P930	24H	D06	BI-2536	0.12uM	down
REP.B010_HEK293_24H_D03_sulbutiamine_0.25uM up	df20f570-9f80-4fa0-b704-313ada660374	250	1.405577784696164e-07	0.005126707467504668	15.8676	7	REP.B010	HEK293	24H	D03	sulbutiamine	0.25uM	up
CPC019_PC3_6H_A21_BRD-K79131428_10uM up	834416b7-d8e3-4d6d-b59e-d45804645be9	250	1.405577784696164e-07	0.005126707467504668	15.8676	7	CPC019	PC3	6H	A21	BRD-K79131428	10uM	up
CPC006_HA1E_6H_C09_CAY-10618_10uM up	e0c9f634-ee33-4bd0-9e8e-8a756c5dfe27	250	1.405577784696164e-07	0.005126707467504668	15.8676	7	CPC006	HA1E	6H	C09	CAY-10618	10uM	up
MOAR011_BEN_24H_G10_fdcyd_10uM down	89d045d1-5f51-432a-9015-3d8c6de223cb	250	1.405577784696164e-07	0.005126707467504668	15.8676	7	MOAR011	BEN	24H	G10	fdcyd	10uM	down
ASG003_XC.P031_24H_N08_TW-37_0.74uM up	a7b9d52d-0ac1-476f-a7b9-6bd61de569c1	250	1.405577784696164e-07	0.005126707467504668	15.8676	7	ASG003	XC.P031	24H	N08	TW-37	0.74uM	up
MOAR008_HEC251_24H_K13_diflunisal_10uM down	dece172a-4144-47fb-b99e-bd20d43e4217	250	1.405577784696164e-07	0.005126707467504668	15.8676	7	MOAR008	HEC251	24H	K13	diflunisal	10uM	down
PCL001_MCF7_24H_I09_I-BET-762_1.11uM down	fe82d6ae-047f-4cf5-ba4f-6facc6431d3f	250	1.405577784696164e-07	0.005126707467504668	15.8676	7	PCL001	MCF7	24H	I09	I-BET-762	1.11uM	down
ASG002_YH13_24H_O07_calcitriol_10uM down	1f1f4c83-369d-4514-80a6-41cb154fe562	250	1.405577784696164e-07	0.005126707467504668	15.8676	7	ASG002	YH13	24H	O07	calcitriol	10uM	down
CPC008_VCAP_6H_N11_VU-0418947-2_10uM up	d3bf7fc9-2949-4a88-90cb-41c8b956b169	250	1.405577784696164e-07	0.005126707467504668	15.8676	7	CPC008	VCAP	6H	N11	VU-0418947-2	10uM	up
ASG002_IGR37_24H_H09_camptothecin_0.12uM down	b9392b0f-8f4f-4fea-ac5e-591cc5a37716	250	1.405577784696164e-07	0.005126707467504668	15.8676	7	ASG002	IGR37	24H	H09	camptothecin	0.12uM	down
FIBR003_MCLF027CN_6H_E07_CAY-10618_4uM up	83636ce1-97f0-4707-b15d-6efce1460d4a	250	3.2236386935492937e-06	0.011966011323518745	13.6008	6	FIBR003	MCLF027CN	6H	E07	CAY-10618	4uM	up
REP.B015_HA1E_24H_H11_aminolevulinic-acid_0.03uM down	ed2242c7-0eae-45ac-b00c-5b4669903c92	250	3.2236386935492937e-06	0.011966011323518745	13.6008	6	REP.B015	HA1E	24H	H11	aminolevulinic-acid	0.03uM	down
CPC006_HT29_24H_N01_idarubicin_0.08uM down	1e0ca000-546b-4bad-b9d4-dcf149d37958	250	3.2236386935492937e-06	0.011966011323518745	13.6008	6	CPC006	HT29	24H	N01	idarubicin	0.08uM	down
CPC012_PHH_24H_H14_VU-0418933-1_10uM up	646523de-4868-4548-8e25-672e8fb64563	250	3.2236386935492937e-06	0.011966011323518745	13.6008	6	CPC012	PHH	24H	H14	VU-0418933-1	10uM	up
DOS024_VCAP_6H_D02_BRD-K85906476_4uM down	d1be5847-51cc-493c-aff8-35d420e2c2f9	250	3.2236386935492937e-06	0.011966011323518745	13.6008	6	DOS024	VCAP	6H	D02	BRD-K85906476	4uM	down
FIBR006_MCLF033SZ_6H_E10_NSC-95397_2.22uM down	48abc8eb-a8a3-42ee-91d6-bf5ba70de553	250	3.2236386935492937e-06	0.011966011323518745	13.6008	6	FIBR006	MCLF033SZ	6H	E10	NSC-95397	2.22uM	down
ISO002_HCT116.TP53.HR_24H_O11_dexniguldipine_0.125uM down	5dd34189-6b8a-4e12-bdfc-3f2dbddef8b8	250	3.2236386935492937e-06	0.011966011323518745	13.6008	6	ISO002	HCT116.TP53.HR	24H	O11	dexniguldipine	0.125uM	down
LJP001_MCF7_6H_C11_HG-5-88-01_10uM up	3afd7683-d675-4205-a6e8-4b7821d7bf13	250	3.2236386935492937e-06	0.011966011323518745	13.6008	6	LJP001	MCF7	6H	C11	HG-5-88-01	10uM	up
REP.A009_HUVEC.A_24H_G19_TAK-733_10uM up	84ca58e4-a114-4b23-a48b-ce2c96ede85a	250	3.2236386935492937e-06	0.011966011323518745	13.6008	6	REP.A009	HUVEC.A	24H	G19	TAK-733	10uM	up
XPR022_AGS.311_96H_O24_PRSS36 up	756d9662-4cf5-417b-a9c8-9c3af68dbe6e	250	3.2236386935492937e-06	0.011966011323518745	13.6008	6	XPR022	AGS.311	96H	O24	PRSS36	N/A	up
ASG003_U2OS_6H_N07_TW-37_10uM up	013cc628-a0ee-4c5c-b1ce-f9884e5c350c	250	3.2236386935492937e-06	0.011966011323518745	13.6008	6	ASG003	U2OS	6H	N07	TW-37	10uM	up
CPC006_U937_6H_C09_CAY-10618_10uM up	c0345aa5-5036-4477-b691-a3fdc4cc3eb3	250	3.2236386935492937e-06	0.011966011323518745	13.6008	6	CPC006	U937	6H	C09	CAY-10618	10uM	up
EMU001_THP1_3H_B08_BRD-K54606188_2.5uM down	b7a81202-c04a-4c57-a84a-a5900889e7cd	250	3.2236386935492937e-06	0.011966011323518745	13.6008	6	EMU001	THP1	3H	B08	BRD-K54606188	2.5uM	down
FIBR006_MCLF033SZ_6H_N08_BRD-K09907482_4uM down	773a945d-ada0-4ff3-8400-e4215d2a83c9	250	3.2236386935492937e-06	0.011966011323518745	13.6008	6	FIBR006	MCLF033SZ	6H	N08	BRD-K09907482	4uM	down
LJP002_MCF7_6H_C23_celastrol_10uM up	573c6419-43a2-4bc9-a583-0f71885177c0	250	3.2236386935492937e-06	0.011966011323518745	13.6008	6	LJP002	MCF7	6H	C23	celastrol	10uM	up
LJP007_THP1_24H_J10_KIN001-270_0.37uM up	f68135cf-a43d-452a-93c7-9c5745dc80ad	250	3.2236386935492937e-06	0.011966011323518745	13.6008	6	LJP007	THP1	24H	J10	KIN001-270	0.37uM	up
MOAR008_T47D_24H_O07_febuxostat_10uM up	c8df6ba1-c5eb-4f56-8356-baf3e3708df4	250	3.2236386935492937e-06	0.011966011323518745	13.6008	6	MOAR008	T47D	24H	O07	febuxostat	10uM	up
REP.A022_HEK293_24H_H12_estramustine_0.04uM down	453952cc-a06d-47ea-a9c0-e31992ee4c81	250	3.2236386935492937e-06	0.011966011323518745	13.6008	6	REP.A022	HEK293	24H	H12	estramustine	0.04uM	down
REP.B020_MCF10A_24H_J02_vicriviroc_0.74uM down	a674e4a9-267a-4c91-95ce-7334e1f80bfa	250	3.2236386935492937e-06	0.011966011323518745	13.6008	6	REP.B020	MCF10A	24H	J02	vicriviroc	0.74uM	down
ASG003_A549_6H_N07_TW-37_10uM up	2cd226be-bbfe-4b4e-95c0-48e9c0a9ba4f	250	3.2236386935492937e-06	0.011966011323518745	13.6008	6	ASG003	A549	6H	N07	TW-37	10uM	up
CPC008_VCAP_6H_N21_VU-0418934-2_10uM up	878d8e93-440a-480b-9368-535c524e7264	250	3.2236386935492937e-06	0.011966011323518745	13.6008	6	CPC008	VCAP	6H	N21	VU-0418934-2	10uM	up
ERG011_VCAP_6H_I17_BRD-K61599229_10uM up	2adb1bed-5678-4124-b1af-4fe3bfd4cd2c	250	3.2236386935492937e-06	0.011966011323518745	13.6008	6	ERG011	VCAP	6H	I17	BRD-K61599229	10uM	up
REP.B010_HEK293_24H_N02_dofequidar_0.74uM up	2bea755d-bc48-4ed5-99c3-49cce4713ea1	250	3.2236386935492937e-06	0.011966011323518745	13.6008	6	REP.B010	HEK293	24H	N02	dofequidar	0.74uM	up
AICHI001_OCILY19_4H_P09_GDC-834_0.66uM down	9f807a50-b1c6-4c50-a534-f725023e243b	250	3.2236386935492937e-06	0.011966011323518745	13.6008	6	AICHI001	OCILY19	4H	P09	GDC-834	0.66uM	down
ASG002_ES2_24H_A15_TW-37_0.08uM up	3708f396-dd6d-41f3-b0d1-40ce518e7006	250	3.2236386935492937e-06	0.011966011323518745	13.6008	6	ASG002	ES2	24H	A15	TW-37	0.08uM	up
CPC006_PC3_24H_I05_ingenol_10uM up	97634769-194c-4fc6-8094-71b82857ec61	250	3.2236386935492937e-06	0.011966011323518745	13.6008	6	CPC006	PC3	24H	I05	ingenol	10uM	up
ASG002_MCF7_24H_A13_TW-37_10uM up	07466087-7279-47bc-9988-a6c316c7e048	250	3.2236386935492937e-06	0.011966011323518745	13.6008	6	ASG002	MCF7	24H	A13	TW-37	10uM	up
CPC008_VCAP_6H_K19_VU-0410183-2_10uM up	93cfcf05-52b1-432e-873a-c962f9def551	250	3.2236386935492937e-06	0.011966011323518745	13.6008	6	CPC008	VCAP	6H	K19	VU-0410183-2	10uM	up
DOS059_MCF7_24H_L05_BRD-K05889827_4uM down	fb1afb03-e4a5-43c1-bc59-9444db422bc8	250	3.2236386935492937e-06	0.011966011323518745	13.6008	6	DOS059	MCF7	24H	L05	BRD-K05889827	4uM	down
CPC012_VCAP_24H_M08_BRD-A50388635_10uM up	6aa2ac67-3d4b-4048-acf2-9b7bb9138ac0	250	3.2236386935492937e-06	0.011966011323518745	13.6008	6	CPC012	VCAP	24H	M08	BRD-A50388635	10uM	up
FIBR008_MCLF051CN_6H_N15_narciclasine_0.37uM up	880de669-eddb-4fc8-ba5a-8f632efe595f	250	3.2236386935492937e-06	0.011966011323518745	13.6008	6	FIBR008	MCLF051CN	6H	N15	narciclasine	0.37uM	up
PBIOA022_HEPG2_24H_E15_VU-0418946-1_1.11uM up	519573f6-00de-4ffd-a8a4-f398b6f340d2	250	3.2236386935492937e-06	0.011966011323518745	13.6008	6	PBIOA022	HEPG2	24H	E15	VU-0418946-1	1.11uM	up
XPR029_BICR6.311_96H_P14_A2M down	0f8ccfdd-0b90-48c4-b5aa-910e71086170	250	3.2236386935492937e-06	0.011966011323518745	13.6008	6	XPR029	BICR6.311	96H	P14	A2M	N/A	down
AICHI002_TMD8_4H_G18_vorinostat_0.01uM down	113fd3fb-cd0d-40fd-82d3-fd80e46a7587	250	3.2236386935492937e-06	0.011966011323518745	13.6008	6	AICHI002	TMD8	4H	G18	vorinostat	0.01uM	down
REP.A019_THP1_24H_E08_preladenant_3.33uM down	c496fb78-0819-4000-97db-a7cd15217c94	250	3.2236386935492937e-06	0.011966011323518745	13.6008	6	REP.A019	THP1	24H	E08	preladenant	3.33uM	down
CPC008_VCAP_6H_L23_VU-0418939-2_10uM up	c9c4a848-d8f6-428a-a609-e679cf2f5183	250	3.2236386935492937e-06	0.011966011323518745	13.6008	6	CPC008	VCAP	6H	L23	VU-0418939-2	10uM	up
CPC012_MCF7_6H_H14_VU-0418933-1_10uM up	0ed04733-a6cb-42be-a2b2-1672166fb087	250	3.2236386935492937e-06	0.011966011323518745	13.6008	6	CPC012	MCF7	6H	H14	VU-0418933-1	10uM	up
CPD002_MCF7_24H_P08_metamizole_10uM down	827dbf12-2d3b-4316-8769-c0d2906b00ca	250	3.2236386935492937e-06	0.011966011323518745	13.6008	6	CPD002	MCF7	24H	P08	metamizole	10uM	down
FIBR041_MCLF0067SZ_6H_G06_pifithrin-mu_2.22uM down	96581667-c213-4275-967d-a32a215a5c1e	250	3.2236386935492937e-06	0.011966011323518745	13.6008	6	FIBR041	MCLF0067SZ	6H	G06	pifithrin-mu	2.22uM	down
LJP005_HS578T_3H_F06_CGP-60474_0.04uM down	47e5a8d7-f655-4ffa-b8ff-64dbe36513c4	250	3.2236386935492937e-06	0.011966011323518745	13.6008	6	LJP005	HS578T	3H	F06	CGP-60474	0.04uM	down
LRS001_PHH.MGH_24H_L15_tert-butylhydroquinone_1.11uM up	566a3798-a3fa-4a22-9679-ba1554f9cbab	250	3.2236386935492937e-06	0.011966011323518745	13.6008	6	LRS001	PHH.MGH	24H	L15	tert-butylhydroquinone	1.11uM	up
MOAR009_HEC108_24H_K06_cicloprofen_1.11uM down	bee25daa-d6df-4d3d-8094-16e04f38e6c4	250	3.2236386935492937e-06	0.011966011323518745	13.6008	6	MOAR009	HEC108	24H	K06	cicloprofen	1.11uM	down
REP.B005_A375_24H_E02_pelitinib_0.74uM up	5cb5b7b8-231e-4d64-b040-7a37029483b6	250	3.2236386935492937e-06	0.011966011323518745	13.6008	6	REP.B005	A375	24H	E02	pelitinib	0.74uM	up
XPR028_U251MG.311_96H_G24_SHMT1 up	6b750a5d-909f-4a37-89d8-95b7aa429139	250	3.2236386935492937e-06	0.011966011323518745	13.6008	6	XPR028	U251MG.311	96H	G24	SHMT1	N/A	up
AICHI001_OCILY19_4H_P16_IPI-145_0.125uM down	fb25c08e-89f3-4d55-b55d-a8ffc3f791a5	250	3.2236386935492937e-06	0.011966011323518745	13.6008	6	AICHI001	OCILY19	4H	P16	IPI-145	0.125uM	down
ASG003_XC.P033_24H_M24_YM-155_0.12uM up	b8e48494-6c85-40aa-b81c-7b2bfb808bd5	250	3.2236386935492937e-06	0.011966011323518745	13.6008	6	ASG003	XC.P033	24H	M24	YM-155	0.12uM	up
CPC006_HA1E_6H_A21_PJ-34_10uM down	1650b18d-574d-409d-80df-a38cc4b5e357	250	3.2236386935492937e-06	0.011966011323518745	13.6008	6	CPC006	HA1E	6H	A21	PJ-34	10uM	down
CPC014_NPC_24H_J23_BRD-K82206012_10uM up	e80a1342-3f58-4fe4-9932-944f55293ed2	250	3.2236386935492937e-06	0.011966011323518745	13.6008	6	CPC014	NPC	24H	J23	BRD-K82206012	10uM	up
DOS041_A375_24H_K22_BRD-K02041150_4uM down	f4c6406b-584c-458d-a017-4c5b23ef0534	250	3.2236386935492937e-06	0.011966011323518745	13.6008	6	DOS041	A375	24H	K22	BRD-K02041150	4uM	down
LJP009_MCF10A_24H_G10_SB-203580_0.37uM up	703d6a44-c626-456c-9af9-0461beba1c84	250	3.2236386935492937e-06	0.011966011323518745	13.6008	6	LJP009	MCF10A	24H	G10	SB-203580	0.37uM	up
REP.B020_MCF7_24H_D10_pimobendan_0.08uM up	4a65be2d-7318-4231-ab25-6e42eeb5e1fb	250	3.2236386935492937e-06	0.011966011323518745	13.6008	6	REP.B020	MCF7	24H	D10	pimobendan	0.08uM	up
MOAR012_MELHO_24H_F17_empagliflozin_3.33uM down	b7ff49b8-5b1f-436b-a72e-e9b12b22c5e7	250	3.2236386935492937e-06	0.011966011323518745	13.6008	6	MOAR012	MELHO	24H	F17	empagliflozin	3.33uM	down
PBIOA010_XC.L10_24H_O17_BRD-K47503321_3.33uM down	8a3250a6-6b46-4290-9ac4-939ef5710330	250	3.2236386935492937e-06	0.011966011323518745	13.6008	6	PBIOA010	XC.L10	24H	O17	BRD-K47503321	3.33uM	down
PBIOA018_MCF7_24H_A21_trametinib_1.11uM down	f1cca94a-4b1f-4261-92fa-efc4e8aafb20	250	3.2236386935492937e-06	0.011966011323518745	13.6008	6	PBIOA018	MCF7	24H	A21	trametinib	1.11uM	down
PCL001_HEPG2_24H_P16_D-4476_0.74uM down	1ec17d68-d99c-480f-9a98-3099f4c83f0a	250	3.2236386935492937e-06	0.011966011323518745	13.6008	6	PCL001	HEPG2	24H	P16	D-4476	0.74uM	down
EMU001_TMD8_6H_H23_PCI-29732_0.04uM up	cef49ae7-f41e-41da-a6c1-3b4590ce0391	250	3.2236386935492937e-06	0.011966011323518745	13.6008	6	EMU001	TMD8	6H	H23	PCI-29732	0.04uM	up
REP.A026_HA1E_24H_L06_chloroquine_0.04uM up	026b1d4c-994f-420b-a6c5-15e128587686	250	3.2236386935492937e-06	0.011966011323518745	13.6008	6	REP.A026	HA1E	24H	L06	chloroquine	0.04uM	up
REP.B006_HELA_24H_H21_riluzole_0.25uM down	550fed5f-8ea4-4040-bb55-f741b477b0b6	250	3.2236386935492937e-06	0.011966011323518745	13.6008	6	REP.B006	HELA	24H	H21	riluzole	0.25uM	down
CPC008_HCC515_6H_N11_VU-0418947-2_10uM up	a4d35e4f-2f2c-4bc1-b88d-9dd83a66b50f	250	3.2236386935492937e-06	0.011966011323518745	13.6008	6	CPC008	HCC515	6H	N11	VU-0418947-2	10uM	up
CPC012_VCAP_6H_C20_BRD-K03736784_10uM down	f4c02735-aca4-43e9-8e02-6d8fbc2d85be	250	3.2236386935492937e-06	0.011966011323518745	13.6008	6	CPC012	VCAP	6H	C20	BRD-K03736784	10uM	down
CPC015_SKB_24H_C24_MDL-29951_10uM down	57a39a4d-5e63-4cfe-ae71-778785b9d904	250	3.2236386935492937e-06	0.011966011323518745	13.6008	6	CPC015	SKB	24H	C24	MDL-29951	10uM	down
PBIOA015_PC3_24H_P09_simvastatin_1.11uM up	3761b79a-695c-44b3-89cd-d8ecf2471ede	250	3.2236386935492937e-06	0.011966011323518745	13.6008	6	PBIOA015	PC3	24H	P09	simvastatin	1.11uM	up
REP.A005_HA1E_24H_A20_I-BET-762_3.33uM down	451509af-6603-45e5-8c24-aa93c6194a37	250	3.2236386935492937e-06	0.011966011323518745	13.6008	6	REP.A005	HA1E	24H	A20	I-BET-762	3.33uM	down
REP.B007_HT29_24H_N23_calpeptin_0.03uM down	2a91e3bb-0c77-4cfb-9bc9-cd1d565c2053	250	3.2236386935492937e-06	0.011966011323518745	13.6008	6	REP.B007	HT29	24H	N23	calpeptin	0.03uM	down
ASG002_IGR37_24H_P15_ixazomib_0.12uM down	e369aa7d-f0dd-4185-8634-355019aa0f5f	250	3.2236386935492937e-06	0.011966011323518745	13.6008	6	ASG002	IGR37	24H	P15	ixazomib	0.12uM	down
CPC006_HA1E_24H_E09_AG-14361_25uM down	d3014a09-0721-402a-8433-390fd8835dd7	250	3.2236386935492937e-06	0.011966011323518745	13.6008	6	CPC006	HA1E	24H	E09	AG-14361	25uM	down
CPC006_U937_6H_N03_chaetocin_0.08uM down	42dea739-56a0-4b16-ae76-dac0e058282f	250	3.2236386935492937e-06	0.011966011323518745	13.6008	6	CPC006	U937	6H	N03	chaetocin	0.08uM	down
CPC014_HA1E_6H_A08_EMF-sumo1-11_10uM up	f938f8b7-a90f-41b7-b9ae-4b42a54fa2e0	250	3.2236386935492937e-06	0.011966011323518745	13.6008	6	CPC014	HA1E	6H	A08	EMF-sumo1-11	10uM	up
ERG021_PC3_24H_M13_I-BET-151_10uM down	c0cff29a-95c0-4a8d-8f69-a91996e9f6f3	250	3.2236386935492937e-06	0.011966011323518745	13.6008	6	ERG021	PC3	24H	M13	I-BET-151	10uM	down
REP.A017_THP1_24H_E20_rifaximin_3.33uM down	f3274b41-aea3-4e95-8f36-1870b64a3c51	250	3.2236386935492937e-06	0.011966011323518745	13.6008	6	REP.A017	THP1	24H	E20	rifaximin	3.33uM	down
CPC006_U937_6H_M16_SRT-1720_12uM down	b94531c1-c657-493a-bfa9-e802086ff9cc	250	3.2236386935492937e-06	0.011966011323518745	13.6008	6	CPC006	U937	6H	M16	SRT-1720	12uM	down
CPC007_PC3_24H_M15_BRD-K73610817_10uM up	eefcff9f-683f-407e-9363-99835e2d42cd	250	3.2236386935492937e-06	0.011966011323518745	13.6008	6	CPC007	PC3	24H	M15	BRD-K73610817	10uM	up
CPC019_HEPG2_6H_F13_RJC-00245SC_10uM up	97b8410c-0ff8-4d0a-b780-810cccbba746	250	3.2236386935492937e-06	0.011966011323518745	13.6008	6	CPC019	HEPG2	6H	F13	RJC-00245SC	10uM	up
LJP006_BT20_3H_K21_JNK-9L_1.11uM down	ad5ea284-1af4-426d-86ef-b250d6494a6a	250	3.2236386935492937e-06	0.011966011323518745	13.6008	6	LJP006	BT20	3H	K21	JNK-9L	1.11uM	down
MOAR011_HCC95_24H_E08_maltobionic-acid_3.33uM up	d7fe0e32-e32e-4cd0-b2cb-b77b25c017e1	250	3.2236386935492937e-06	0.011966011323518745	13.6008	6	MOAR011	HCC95	24H	E08	maltobionic-acid	3.33uM	up
CPC012_VCAP_24H_F21_VU-0410183-2_10uM up	d512cf32-ef4f-44ea-90b4-7689014804f2	250	3.2236386935492937e-06	0.011966011323518745	13.6008	6	CPC012	VCAP	24H	F21	VU-0410183-2	10uM	up
FIBR022_MCLF037SZ_6H_D19_CT-200783_2.22uM down	ec41aa3c-7311-4289-b66f-d6b29d708e41	250	3.2236386935492937e-06	0.011966011323518745	13.6008	6	FIBR022	MCLF037SZ	6H	D19	CT-200783	2.22uM	down
PCLB002_A549_24H_I19_BRD-A19037878_10uM down	1843e95a-6c8e-4f21-8fad-94a85852bdaf	250	3.2236386935492937e-06	0.011966011323518745	13.6008	6	PCLB002	A549	24H	I19	BRD-A19037878	10uM	down
REP.A013_JURKAT_24H_O20_dexniguldipine_3.33uM up	77cbc31b-e9dc-43c2-9de2-1420f0060c3e	250	3.2236386935492937e-06	0.011966011323518745	13.6008	6	REP.A013	JURKAT	24H	O20	dexniguldipine	3.33uM	up
XPR022_PC3.311B_96H_J10_RGS10 down	9242536c-c2d8-4c5b-b11f-267bb2b19803	250	3.2236386935492937e-06	0.011966011323518745	13.6008	6	XPR022	PC3.311B	96H	J10	RGS10	N/A	down
ASG002_22RV1_24H_J19_AZ-628_10uM down	3777b488-3b29-452c-8488-de4df3cc0a75	250	3.2236386935492937e-06	0.011966011323518745	13.6008	6	ASG002	22RV1	24H	J19	AZ-628	10uM	down
ASG002_HCC1588_24H_B18_indinavir_0.12uM down	257a3f6d-f3d2-47d5-9fc4-9b8845f9aae9	250	3.2236386935492937e-06	0.011966011323518745	13.6008	6	ASG002	HCC1588	24H	B18	indinavir	0.12uM	down
CPC014_PC3_24H_M23_STK-397047_10uM up	ba34101b-bdec-4ec6-956e-5434d76648cd	250	3.2236386935492937e-06	0.011966011323518745	13.6008	6	CPC014	PC3	24H	M23	STK-397047	10uM	up
CPC019_VCAP_24H_G03_BRD-K33045404_10uM down	84a0b21a-c6b7-433d-82dc-de4ebe386c3f	250	3.2236386935492937e-06	0.011966011323518745	13.6008	6	CPC019	VCAP	24H	G03	BRD-K33045404	10uM	down
CVD001_HUH7_6H_E16_BRD-K09701578_10uM up	b34935f3-8845-4e4d-8a0b-4ce9363bd4be	250	3.2236386935492937e-06	0.011966011323518745	13.6008	6	CVD001	HUH7	6H	E16	BRD-K09701578	10uM	up
DOS049_A375_24H_O16_BRD-K69048763_4uM up	54ec64d8-3310-41f9-89e3-9d02f6ba4653	250	3.2236386935492937e-06	0.011966011323518745	13.6008	6	DOS049	A375	24H	O16	BRD-K69048763	4uM	up
ERG021_VCAP_24H_A19_BRD-K61717269_10uM up	b7bd3765-493c-4fc9-91b1-c538e24ab661	250	3.2236386935492937e-06	0.011966011323518745	13.6008	6	ERG021	VCAP	24H	A19	BRD-K61717269	10uM	up
LJP007_HCC515_24H_C13_SAR-245409_10uM up	46619596-969d-42a4-9865-fc109e61d9bc	250	3.2236386935492937e-06	0.011966011323518745	13.6008	6	LJP007	HCC515	24H	C13	SAR-245409	10uM	up
AICHI001_SKMEL5_24H_B19_trametinib_10uM down	09a6242b-f4bd-4dbc-a633-d0760b5b34c6	250	3.2236386935492937e-06	0.011966011323518745	13.6008	6	AICHI001	SKMEL5	24H	B19	trametinib	10uM	down
CPC012_HCC515_6H_A10_BRD-A27640568_10uM up	817d3580-f12c-485e-879b-0e7b9079e051	250	3.2236386935492937e-06	0.011966011323518745	13.6008	6	CPC012	HCC515	6H	A10	BRD-A27640568	10uM	up
GPR001_A549_XH_G15_GALR3_ALARIN_8uM up	c76fffe9-1594-4b2f-8e41-affbaf7e6c62	250	3.2236386935492937e-06	0.011966011323518745	13.6008	6	GPR001	A549	XH	G15	GALR3	ALARIN_8uM	up
MOAR010_NCIH2110_24H_D22_NMDA_10uM down	c828ed2a-54c0-45e9-9bae-57a9421a575f	250	3.2236386935492937e-06	0.011966011323518745	13.6008	6	MOAR010	NCIH2110	24H	D22	NMDA	10uM	down
ASG002_NCIH1437_24H_A14_TW-37_0.74uM up	3ab6d87e-c2e1-49f8-9f7b-7c79ff45be0e	250	3.2236386935492937e-06	0.011966011323518745	13.6008	6	ASG002	NCIH1437	24H	A14	TW-37	0.74uM	up
REP.B018_MCF10A_24H_N17_moxifloxacin_0.03uM down	f714841c-ecb1-42e5-93f3-1dff41c2f19e	250	3.2236386935492937e-06	0.011966011323518745	13.6008	6	REP.B018	MCF10A	24H	N17	moxifloxacin	0.03uM	down
ASG003_XC.P912_24H_O17_chelidonine_1.11uM down	669de7ec-d55b-4fa0-b9a3-543cf6087e63	250	3.2236386935492937e-06	0.011966011323518745	13.6008	6	ASG003	XC.P912	24H	O17	chelidonine	1.11uM	down
CEGS001_NPC.8330_24H_L16_riluzole_1.25uM up	82c8f163-d5a6-44c5-a2b9-2b569fecb667	250	3.2236386935492937e-06	0.011966011323518745	13.6008	6	CEGS001	NPC.8330	24H	L16	riluzole	1.25uM	up
FIBR039_MCLF056CN_6H_P04_PP-110_4uM down	2c2acac0-aa27-4aa4-ad84-fe3ed27d8a82	250	3.2236386935492937e-06	0.011966011323518745	13.6008	6	FIBR039	MCLF056CN	6H	P04	PP-110	4uM	down
CPC019_VCAP_24H_I01_BRD-K89451433_10uM down	f9a165fc-84c6-4a1f-9ce9-994bdfb93f5f	250	3.2236386935492937e-06	0.011966011323518745	13.6008	6	CPC019	VCAP	24H	I01	BRD-K89451433	10uM	down
ERG021_PC3_24H_A22_BRD-K61717269_0.37uM up	eb671840-7253-4f0f-ab43-1ded992516fc	250	3.2236386935492937e-06	0.011966011323518745	13.6008	6	ERG021	PC3	24H	A22	BRD-K61717269	0.37uM	up
LJP006_HCC515_24H_K01_AT-7519_10uM up	f05dc648-0fe7-4a0f-881b-7f7b425681d5	250	3.2236386935492937e-06	0.011966011323518745	13.6008	6	LJP006	HCC515	24H	K01	AT-7519	10uM	up
LJP008_NEU_24H_G24_azacitidine_0.04uM up	82772909-74f4-4f01-a533-53a9392dbd64	250	3.2236386935492937e-06	0.011966011323518745	13.6008	6	LJP008	NEU	24H	G24	azacitidine	0.04uM	up
LRS001_PHH.MGH_24H_I11_phloretin_3.33uM up	987a36b5-8413-4b0f-a8a2-53a590e7dbd1	250	3.2236386935492937e-06	0.011966011323518745	13.6008	6	LRS001	PHH.MGH	24H	I11	phloretin	3.33uM	up
MOAR010_HEC108_24H_O14_EBPC_3.33uM up	74e17fb5-9816-41e7-a8bb-49a1e2cf3270	250	3.2236386935492937e-06	0.011966011323518745	13.6008	6	MOAR010	HEC108	24H	O14	EBPC	3.33uM	up
FIBR039_MCLF056CN_6H_I02_melatonin_40uM down	c9f0d5e0-3994-499c-9e90-3fb8644a48e5	250	3.2236386935492937e-06	0.011966011323518745	13.6008	6	FIBR039	MCLF056CN	6H	I02	melatonin	40uM	down
ASG003_A549_48H_D02_obatoclax_1.11uM up	61814596-e6b8-41e9-bde9-07ce8c01774f	250	3.2236386935492937e-06	0.011966011323518745	13.6008	6	ASG003	A549	48H	D02	obatoclax	1.11uM	up
CPC012_A375_6H_F21_VU-0410183-2_10uM up	7e15010e-a07a-465b-a77b-b0e36058e183	250	3.2236386935492937e-06	0.011966011323518745	13.6008	6	CPC012	A375	6H	F21	VU-0410183-2	10uM	up
LJP006_HCC515_24H_G17_withaferin-a_0.12uM down	f98f11cc-70f5-43b4-9b57-c7f21ee81f4a	250	3.2236386935492937e-06	0.011966011323518745	13.6008	6	LJP006	HCC515	24H	G17	withaferin-a	0.12uM	down
REP.A002_HA1E_24H_P23_ZD-7288_0.125uM down	033aaade-900c-4281-bfc8-baa73b5c4d02	250	3.2236386935492937e-06	0.011966011323518745	13.6008	6	REP.A002	HA1E	24H	P23	ZD-7288	0.125uM	down
ERG003_VCAP_6H_I05_BRD-K34394296_10uM up	65bb5bdf-87eb-4bf0-b4a3-73a30f22fbe5	250	3.2236386935492937e-06	0.011966011323518745	13.6008	6	ERG003	VCAP	6H	I05	BRD-K34394296	10uM	up
LKCP001_U2OS_24H_P10_danazol_10uM up	57c1d5be-ae5e-4e9c-a32c-80b1558bb54b	250	3.2236386935492937e-06	0.011966011323518745	13.6008	6	LKCP001	U2OS	24H	P10	danazol	10uM	up
PBIOA007_XC.L10_24H_D06_620_7033_4251_1.11uM down	04b4a69f-62bc-4052-8fab-8075f89c6d27	250	3.2236386935492937e-06	0.011966011323518745	13.6008	6	PBIOA007	XC.L10	24H	D06	620	7033_4251_1.11uM	down
CPC006_HA1E_6H_M18_MK-1775_10uM down	5c342a14-e955-4cf0-87de-447c32a90424	250	3.2236386935492937e-06	0.011966011323518745	13.6008	6	CPC006	HA1E	6H	M18	MK-1775	10uM	down
CPC006_HT29_6H_E19_BRD-A18763547_10uM up	fc3abc86-f06c-4455-9408-b446adf15ea5	250	3.2236386935492937e-06	0.011966011323518745	13.6008	6	CPC006	HT29	6H	E19	BRD-A18763547	10uM	up
CPC006_VCAP_24H_K08_rottlerin_10uM up	fdd3ca23-7d70-40a4-a80e-138131a7aa46	250	3.2236386935492937e-06	0.011966011323518745	13.6008	6	CPC006	VCAP	24H	K08	rottlerin	10uM	up
CPC012_MCF7_24H_J08_BRD-K81795824_10uM up	36909806-916d-4ec8-ab7c-8d9596c90777	250	3.2236386935492937e-06	0.011966011323518745	13.6008	6	CPC012	MCF7	24H	J08	BRD-K81795824	10uM	up
DOSVAL001_HT29_24H_P09_BRD-K30309936_2.5uM down	7b6b69f5-b71e-4151-a415-227dd82f6ebf	250	3.2236386935492937e-06	0.011966011323518745	13.6008	6	DOSVAL001	HT29	24H	P09	BRD-K30309936	2.5uM	down
XPR009_MCF7.311_96H_N11_TOP1 down	abaaff6c-8aae-4ffa-9ebc-90a2bd02f5cc	250	3.2236386935492937e-06	0.011966011323518745	13.6008	6	XPR009	MCF7.311	96H	N11	TOP1	N/A	down
XPR022_YAPC.311_96H_F13_RAB33A down	2956a033-aae1-46d3-86a6-36865d537198	250	3.2236386935492937e-06	0.011966011323518745	13.6008	6	XPR022	YAPC.311	96H	F13	RAB33A	N/A	down
CPC006_HA1E_24H_G21_mepacrine_10uM down	94d23a6b-d831-42a7-9f8d-29086e37e46b	250	3.2236386935492937e-06	0.011966011323518745	13.6008	6	CPC006	HA1E	24H	G21	mepacrine	10uM	down
CPC008_VCAP_6H_L11_VU-0418946-1_10uM up	6f29c286-b90a-46f6-8b24-2207524a0c7d	250	3.2236386935492937e-06	0.011966011323518745	13.6008	6	CPC008	VCAP	6H	L11	VU-0418946-1	10uM	up
FIBR033_MCLF100SZ_6H_P13_salermide_4uM up	f41ece2a-ea1a-4688-b7e4-598a57647214	250	3.2236386935492937e-06	0.011966011323518745	13.6008	6	FIBR033	MCLF100SZ	6H	P13	salermide	4uM	up
LJP005_HS578T_3H_K17_PIK-93_0.12uM up	acc5e363-67a3-42a6-9ac7-dc0b12a6666e	250	3.2236386935492937e-06	0.011966011323518745	13.6008	6	LJP005	HS578T	3H	K17	PIK-93	0.12uM	up
NMH002_NPC_24H_M02_BML-284_10uM up	e7bef0ce-5960-477b-ad51-1c104209b544	250	3.2236386935492937e-06	0.011966011323518745	13.6008	6	NMH002	NPC	24H	M02	BML-284	10uM	up
CPC006_VCAP_6H_O24_KO-143_40uM up	c748bd10-9180-4a13-a183-4fd1efdb0c65	250	3.2236386935492937e-06	0.011966011323518745	13.6008	6	CPC006	VCAP	6H	O24	KO-143	40uM	up
CPC014_VCAP_24H_A06_BRD-K75081836_10uM down	38a95e07-058b-432b-bf43-4e11ee6a61ae	250	3.2236386935492937e-06	0.011966011323518745	13.6008	6	CPC014	VCAP	24H	A06	BRD-K75081836	10uM	down
CPC020_PC3_6H_M21_iproniazid_10uM down	6e165342-f298-4f75-8a00-71252e24bce6	250	3.2236386935492937e-06	0.011966011323518745	13.6008	6	CPC020	PC3	6H	M21	iproniazid	10uM	down
FIBR007_MCLF051CN_6H_I19_PP-2_4uM down	9fa8d9cd-58e5-46a4-bfa2-ccb295de4766	250	3.2236386935492937e-06	0.011966011323518745	13.6008	6	FIBR007	MCLF051CN	6H	I19	PP-2	4uM	down
NMH002_FIBRNPC_24H_J02_bafilomycin_10uM up	e75097de-ac38-4981-9bf6-afe3a9a9caf1	250	3.2236386935492937e-06	0.011966011323518745	13.6008	6	NMH002	FIBRNPC	24H	J02	bafilomycin	10uM	up
REP.B003_HT29_24H_N03_dacarbazine_0.25uM down	5e432202-4331-4a1f-8863-058867da912d	250	3.2236386935492937e-06	0.011966011323518745	13.6008	6	REP.B003	HT29	24H	N03	dacarbazine	0.25uM	down
ASG002_HCC1588_24H_A19_AS-605240_10uM down	4d1b051c-ad9b-4e63-b1cf-cd023bc8c94d	250	3.2236386935492937e-06	0.011966011323518745	13.6008	6	ASG002	HCC1588	24H	A19	AS-605240	10uM	down
CPC006_H1299_6H_N15_rotenone_0.66uM up	15163021-f7bc-4586-bfbf-5061cda17230	250	3.2236386935492937e-06	0.011966011323518745	13.6008	6	CPC006	H1299	6H	N15	rotenone	0.66uM	up
CPC012_A375_6H_E17_BRD-K61776140_10uM up	a7a977c8-2e1d-40fa-9253-9ad76f41fc44	250	3.2236386935492937e-06	0.011966011323518745	13.6008	6	CPC012	A375	6H	E17	BRD-K61776140	10uM	up
FIBR032_MCLF054CN_6H_P13_salermide_4uM up	a0a061f3-0237-40a8-a88b-1a5ee057c293	250	3.2236386935492937e-06	0.011966011323518745	13.6008	6	FIBR032	MCLF054CN	6H	P13	salermide	4uM	up
MOAR010_A204_24H_J02_D-609_3.33uM down	47bfcaff-27a7-422d-9d11-fc23b49c46f7	250	3.2236386935492937e-06	0.011966011323518745	13.6008	6	MOAR010	A204	24H	J02	D-609	3.33uM	down
REP.B022_PC3_24H_H01_BAY-87-2243_2.22uM up	b534d4d9-53d9-43a2-8abd-1ec31fce4e78	250	3.2236386935492937e-06	0.011966011323518745	13.6008	6	REP.B022	PC3	24H	H01	BAY-87-2243	2.22uM	up
XPR036_AGS.311_96H_D17_DGKH down	79307926-f09b-4513-8e5b-05d23f37407c	250	3.2236386935492937e-06	0.011966011323518745	13.6008	6	XPR036	AGS.311	96H	D17	DGKH	N/A	down
XPR022_AGS.311_96H_F24_RBM10 up	62515ec7-de56-4f7c-b848-6ce61734aada	250	3.2236386935492937e-06	0.011966011323518745	13.6008	6	XPR022	AGS.311	96H	F24	RBM10	N/A	up
AICHI002_MINO_24H_M22_BRD-A19037878_0.125uM down	6b899caf-681c-426d-b6b1-5568f0013a53	250	3.2236386935492937e-06	0.011966011323518745	13.6008	6	AICHI002	MINO	24H	M22	BRD-A19037878	0.125uM	down
CPC006_PC3_24H_G11_gossypol_12uM up	8af7f2e1-37bf-4b31-813b-e4f37cea229b	250	3.2236386935492937e-06	0.011966011323518745	13.6008	6	CPC006	PC3	24H	G11	gossypol	12uM	up
CPC012_NEU_24H_C16_MD-II-051_10uM up	1b3b8495-b139-44ca-b519-76b12d8b092b	250	3.2236386935492937e-06	0.011966011323518745	13.6008	6	CPC012	NEU	24H	C16	MD-II-051	10uM	up
FIBR032_MCLF054CN_6H_I14_PAC-1_25uM up	1ed124b1-7f7b-424a-a1fc-d464df32408a	250	3.2236386935492937e-06	0.011966011323518745	13.6008	6	FIBR032	MCLF054CN	6H	I14	PAC-1	25uM	up
MOAR005_PC3_24H_C04_PAC-1_10uM up	9e20c45f-125c-423e-a0df-eafcd0bb4ae4	250	3.2236386935492937e-06	0.011966011323518745	13.6008	6	MOAR005	PC3	24H	C04	PAC-1	10uM	up
MUC.CP008_HA1E_24H_A13_AGN-192403_10uM up	903664de-6eda-4b93-b783-3be7186b30cb	250	3.2236386935492937e-06	0.011966011323518745	13.6008	6	MUC.CP008	HA1E	24H	A13	AGN-192403	10uM	up
PBIOA022_A375_24H_E14_VU-0418946-1_3.33uM up	be5332ba-2183-4015-b189-1f796f9001b8	250	3.2236386935492937e-06	0.011966011323518745	13.6008	6	PBIOA022	A375	24H	E14	VU-0418946-1	3.33uM	up
PBIOA022_HEPG2_24H_E14_VU-0418946-1_3.33uM up	8189ed29-887f-4cd6-a0e6-3b7b3d76a6b5	250	3.2236386935492937e-06	0.011966011323518745	13.6008	6	PBIOA022	HEPG2	24H	E14	VU-0418946-1	3.33uM	up
REP.A021_HA1E_24H_I02_NMS-1286937_3.33uM down	e0cc9860-02d6-47e6-8082-616bb52ebec5	250	3.2236386935492937e-06	0.011966011323518745	13.6008	6	REP.A021	HA1E	24H	I02	NMS-1286937	3.33uM	down
REP.B020_HEK293_24H_H22_ACY-1215_0.08uM down	bb321602-647d-4b00-b914-78c6625d6e11	250	3.2236386935492937e-06	0.011966011323518745	13.6008	6	REP.B020	HEK293	24H	H22	ACY-1215	0.08uM	down
CPC005_VCAP_24H_P18_profenamine_10uM up	d0358f91-b102-4a7d-b34a-aa1d9cb86d2e	250	3.2236386935492937e-06	0.011966011323518745	13.6008	6	CPC005	VCAP	24H	P18	profenamine	10uM	up
CVD001_HUH7_24H_G12_BRD-K83694683_10uM down	cb93b8aa-4091-4491-a752-17829e3ea031	250	3.2236386935492937e-06	0.011966011323518745	13.6008	6	CVD001	HUH7	24H	G12	BRD-K83694683	10uM	down
FIBR016_MCLF022CN_6H_N15_narciclasine_0.37uM up	d46be6aa-4ece-4416-be43-6d342167c043	250	3.2236386935492937e-06	0.011966011323518745	13.6008	6	FIBR016	MCLF022CN	6H	N15	narciclasine	0.37uM	up
MOAR008_CAL29_24H_K16_sulfasalazine_10uM down	e0e8ba48-81b0-49e7-b399-20540130ff49	250	3.2236386935492937e-06	0.011966011323518745	13.6008	6	MOAR008	CAL29	24H	K16	sulfasalazine	10uM	down
CPC008_VCAP_24H_L11_VU-0418946-1_10uM up	b5595bcf-3902-46d5-aa65-ab054554cff4	250	3.2236386935492937e-06	0.011966011323518745	13.6008	6	CPC008	VCAP	24H	L11	VU-0418946-1	10uM	up
ERAM001_MCF7_24H_C11_BRD-K64890841_4uM down	545c1c0d-cb4a-4e50-a8e8-2de26ea3cc39	250	3.2236386935492937e-06	0.011966011323518745	13.6008	6	ERAM001	MCF7	24H	C11	BRD-K64890841	4uM	down
ERG012_VCAP_6H_L21_BRD-K31800869_10uM down	82727eb2-9bba-476b-89ad-5732aee235f6	250	3.2236386935492937e-06	0.011966011323518745	13.6008	6	ERG012	VCAP	6H	L21	BRD-K31800869	10uM	down
PAC035_U2OS_6H_K01_BRD-K00265832_10uM up	a6ff1c88-81ff-4ae7-8b7b-e1ac072cfde4	250	3.2236386935492937e-06	0.011966011323518745	13.6008	6	PAC035	U2OS	6H	K01	BRD-K00265832	10uM	up
REP.A008_A375_24H_C20_bortezomib_20uM down	d97cd4a4-a660-4e9d-a2aa-e9070cbb6839	250	3.2236386935492937e-06	0.011966011323518745	13.6008	6	REP.A008	A375	24H	C20	bortezomib	20uM	down
REP.A023_PC3_24H_B07_avasimibe_10uM up	fbb46d8c-4f40-4656-b5cd-41d9e269b0bb	250	3.2236386935492937e-06	0.011966011323518745	13.6008	6	REP.A023	PC3	24H	B07	avasimibe	10uM	up
CPC008_HT29_6H_H02_BRD-K07259155_10uM up	8bfb1018-8828-4f16-8eb0-8630015d9793	250	3.2236386935492937e-06	0.011966011323518745	13.6008	6	CPC008	HT29	6H	H02	BRD-K07259155	10uM	up
FIBR008_MCLF051CN_6H_E05_UK-356618_4uM up	259bb28b-09c4-448a-9a7c-6e93ca1d043b	250	3.2236386935492937e-06	0.011966011323518745	13.6008	6	FIBR008	MCLF051CN	6H	E05	UK-356618	4uM	up
FIBR041_MCLF0067SZ_6H_M01_7b-cis_4uM down	9445541d-2268-4fbb-b175-1fc24d54b405	250	3.2236386935492937e-06	0.011966011323518745	13.6008	6	FIBR041	MCLF0067SZ	6H	M01	7b-cis	4uM	down
XPR024_AGS.311_96H_M15_SIRPG down	96c67699-4197-4b47-b805-25cc6998e52f	250	3.2236386935492937e-06	0.011966011323518745	13.6008	6	XPR024	AGS.311	96H	M15	SIRPG	N/A	down
CPC006_HA1E_6H_N17_FGIN-1-27_10uM up	c92bbd0f-2411-4c3a-a4cc-9f0b8cf85f1f	250	3.2236386935492937e-06	0.011966011323518745	13.6008	6	CPC006	HA1E	6H	N17	FGIN-1-27	10uM	up
DOSBIO001_PC3_24H_F20_BRD-K79112806_10uM down	59661227-cd4a-4ce9-baa7-4cf404efc358	250	3.2236386935492937e-06	0.011966011323518745	13.6008	6	DOSBIO001	PC3	24H	F20	BRD-K79112806	10uM	down
FIBR008_MCLF051CN_6H_D05_NU-1025_2.22uM down	04f47a97-924e-4d37-bf9f-f71cb216dfd5	250	3.2236386935492937e-06	0.011966011323518745	13.6008	6	FIBR008	MCLF051CN	6H	D05	NU-1025	2.22uM	down
PAC035_U2OS_6H_E21_BRD-K40016301_10uM up	307c25f6-1961-4edd-9619-0fe869f83633	250	3.2236386935492937e-06	0.011966011323518745	13.6008	6	PAC035	U2OS	6H	E21	BRD-K40016301	10uM	up
XPR008_PC3.311B_96H_E03_DNMT1 up	094f6850-86a9-4f00-9a26-5cbdf66f1ca6	250	3.2236386935492937e-06	0.011966011323518745	13.6008	6	XPR008	PC3.311B	96H	E03	DNMT1	N/A	up
XPR014_ES2.311_96H_C24_CDON up	ab0f2a2f-08d1-4b03-9dc2-58bd692ecd8d	250	3.2236386935492937e-06	0.011966011323518745	13.6008	6	XPR014	ES2.311	96H	C24	CDON	N/A	up
XPR020_A375.311_96H_G22_MCUR1 down	d5390a3a-d70f-440a-bde8-21e6673fd3d7	250	3.2236386935492937e-06	0.011966011323518745	13.6008	6	XPR020	A375.311	96H	G22	MCUR1	N/A	down
XPR044_U251MG.311_96H_E02_HPD down	6858b0e2-a4c0-4c20-b7e0-b1025ee9d5d8	250	3.2236386935492937e-06	0.011966011323518745	13.6008	6	XPR044	U251MG.311	96H	E02	HPD	N/A	down
DOSVAL003_HA1E_24H_K07_mitoxantrone_20uM down	c3e1963d-7788-4443-9432-b3ffc2b9750c	250	3.2236386935492937e-06	0.011966011323518745	13.6008	6	DOSVAL003	HA1E	24H	K07	mitoxantrone	20uM	down
FIBR006_MCLF033SZ_6H_D19_CT-200783_2.22uM down	e8832f4b-4a1f-49fc-b9b6-8c1ada985184	250	3.2236386935492937e-06	0.011966011323518745	13.6008	6	FIBR006	MCLF033SZ	6H	D19	CT-200783	2.22uM	down
LJP007_A375_24H_D08_cabozantinib_3.33uM down	a6b2cea0-6171-49e6-a088-1ff7969d7a32	250	3.2236386935492937e-06	0.011966011323518745	13.6008	6	LJP007	A375	24H	D08	cabozantinib	3.33uM	down
PCLB001_PC3_6H_G04_AT1-SHH-29_3.33uM down	32512d41-ff99-404a-8e7c-1684415adc7c	250	3.2236386935492937e-06	0.011966011323518745	13.6008	6	PCLB001	PC3	6H	G04	AT1-SHH-29	3.33uM	down
REP.B021_MCF10A_24H_O18_SB-939_0.01uM down	421831d7-645d-45e3-ae45-bdc762cca761	250	3.2236386935492937e-06	0.011966011323518745	13.6008	6	REP.B021	MCF10A	24H	O18	SB-939	0.01uM	down
REP.B026_MCF10A_24H_N08_AZD-5363_0.74uM up	74a6341a-d13f-417b-8706-50a155029d3a	250	3.2236386935492937e-06	0.011966011323518745	13.6008	6	REP.B026	MCF10A	24H	N08	AZD-5363	0.74uM	up
AICHI001_K562_4H_O12_LJH-685_0.01uM down	7981263e-d7fe-4ba2-bb46-14ed93accc89	250	3.2236386935492937e-06	0.011966011323518745	13.6008	6	AICHI001	K562	4H	O12	LJH-685	0.01uM	down
ASG003_XC.P031_24H_N09_TW-37_0.08uM up	7b385200-f18f-4320-98d7-c8bcd2860eff	250	3.2236386935492937e-06	0.011966011323518745	13.6008	6	ASG003	XC.P031	24H	N09	TW-37	0.08uM	up
CPC014_HA1E_6H_B16_pazopanib_10uM up	2158bd3f-bc71-46ff-a4ca-8ded6e32a116	250	3.2236386935492937e-06	0.011966011323518745	13.6008	6	CPC014	HA1E	6H	B16	pazopanib	10uM	up
FIBR008_MCLF051CN_6H_L19_ABT-751_0.37uM down	7f1addc5-bc70-44d4-bb83-6bab7b4fa81f	250	3.2236386935492937e-06	0.011966011323518745	13.6008	6	FIBR008	MCLF051CN	6H	L19	ABT-751	0.37uM	down
LJP006_HA1E_24H_D17_BI-2536_0.12uM down	7592cdc7-26fc-4ac8-a1f2-5d3a1e791a68	250	3.2236386935492937e-06	0.011966011323518745	13.6008	6	LJP006	HA1E	24H	D17	BI-2536	0.12uM	down
MOAR003_A375_24H_I11_VLX-600_3.33uM up	a8a5f959-00f9-48c6-bf69-456348ca0f10	250	3.2236386935492937e-06	0.011966011323518745	13.6008	6	MOAR003	A375	24H	I11	VLX-600	3.33uM	up
REP.B023_HEK293_24H_F14_golvatinib_0.74uM down	7bbca1fa-3e0d-47ef-9ee9-5c653dc00c92	250	3.2236386935492937e-06	0.011966011323518745	13.6008	6	REP.B023	HEK293	24H	F14	golvatinib	0.74uM	down
CPC012_A375_6H_H20_BRD-K08307026_10uM up	ca5b6038-232d-4981-b3c6-1d16a4721fc6	250	3.2236386935492937e-06	0.011966011323518745	13.6008	6	CPC012	A375	6H	H20	BRD-K08307026	10uM	up
CVD001_HEPG2_6H_G08_BRD-K81826010_10uM up	21a3ca6e-bb67-4d7a-8c86-35328449fad4	250	3.2236386935492937e-06	0.011966011323518745	13.6008	6	CVD001	HEPG2	6H	G08	BRD-K81826010	10uM	up
RAD001_PC3_24H_L16_bortezomib_1.11uM up	a72374f9-8ebb-42ef-8094-d5d4de0e388e	250	3.2236386935492937e-06	0.011966011323518745	13.6008	6	RAD001	PC3	24H	L16	bortezomib	1.11uM	up
REP.B023_MCF7_24H_P17_floxuridine_0.03uM down	59dd7ca1-7310-4883-a139-6a7f0130cb8e	250	3.2236386935492937e-06	0.011966011323518745	13.6008	6	REP.B023	MCF7	24H	P17	floxuridine	0.03uM	down
XPR011_U251MG.311_96H_P09_AIM2 up	32d5f136-8ae1-4398-93d9-b87c4d2302d6	250	3.2236386935492937e-06	0.011966011323518745	13.6008	6	XPR011	U251MG.311	96H	P09	AIM2	N/A	up
XPR041_DANG.311_96H_O21_CTNNB1 up	9cb83bd7-4635-46b0-a642-747e617d6a26	250	3.2236386935492937e-06	0.011966011323518745	13.6008	6	XPR041	DANG.311	96H	O21	CTNNB1	N/A	up
ASG002_JHH5_24H_C12_procaterol_0.12uM up	6e9789af-5ef4-4abb-9a06-21a4594f4658	250	3.2236386935492937e-06	0.011966011323518745	13.6008	6	ASG002	JHH5	24H	C12	procaterol	0.12uM	up
CEGS001_NPC.8330_24H_J11_ketamine_1.67uM up	779256f4-187d-4171-bc2c-3d097820e7c0	250	3.2236386935492937e-06	0.011966011323518745	13.6008	6	CEGS001	NPC.8330	24H	J11	ketamine	1.67uM	up
CPC006_HA1E_6H_J05_BRD-K73261812_10uM up	f6db3824-10ee-4a79-a284-99c3457ea996	250	3.2236386935492937e-06	0.011966011323518745	13.6008	6	CPC006	HA1E	6H	J05	BRD-K73261812	10uM	up
CPC012_A375_6H_P04_SPB02303_10uM up	b5ba7b4d-a104-4912-afeb-344c89a333a7	250	3.2236386935492937e-06	0.011966011323518745	13.6008	6	CPC012	A375	6H	P04	SPB02303	10uM	up
CPD001_MCF7_24H_C19_captopril_10uM up	c7f11dcf-159f-4747-b7f6-fe9b2bbfb7d7	250	3.2236386935492937e-06	0.011966011323518745	13.6008	6	CPD001	MCF7	24H	C19	captopril	10uM	up
KMS002_THP1_24H_H08_BRD-K23582869_0.04uM down	cf4f8b57-d9ce-449a-b3e2-2070d0472d89	250	3.2236386935492937e-06	0.011966011323518745	13.6008	6	KMS002	THP1	24H	H08	BRD-K23582869	0.04uM	down
KTOX002_HPTEC_6H_E24_BRD-A91712064_0.3uM up	0936b259-d678-4f69-8abc-83249c4a5bc2	250	3.2236386935492937e-06	0.011966011323518745	13.6008	6	KTOX002	HPTEC	6H	E24	BRD-A91712064	0.3uM	up
MUC.CP007_P1A82_24H_H21_BRD-K37013795_10uM up	bdd98f92-f45d-4045-b9c7-97d6b7bb7270	250	3.2236386935492937e-06	0.011966011323518745	13.6008	6	MUC.CP007	P1A82	24H	H21	BRD-K37013795	10uM	up
PBIOA015_HT29_24H_O04_tanespimycin_10uM down	272d1889-8ea6-45d2-8a60-c75409333fab	250	3.2236386935492937e-06	0.011966011323518745	13.6008	6	PBIOA015	HT29	24H	O04	tanespimycin	10uM	down
REP.B013_HT29_24H_E13_MK-0773_2.22uM up	87d56578-d791-4a0d-b612-4eea8d697d63	250	3.2236386935492937e-06	0.011966011323518745	13.6008	6	REP.B013	HT29	24H	E13	MK-0773	2.22uM	up
XPR043_SNU761.311_96H_G19_RBFOX2 down	56eb6216-2362-42c1-a754-8937b61095a8	250	3.2236386935492937e-06	0.011966011323518745	13.6008	6	XPR043	SNU761.311	96H	G19	RBFOX2	N/A	down
CPC002_PC3_24H_L08_orthothymotinic-acid_10uM up	3831df56-1c86-491c-9bbb-0fbb2df2adf9	250	3.2236386935492937e-06	0.011966011323518745	13.6008	6	CPC002	PC3	24H	L08	orthothymotinic-acid	10uM	up
CPC006_PC3_24H_L07_BRD-K92317137_10uM up	d8c77541-675d-48ba-90d6-3970eb7132b7	250	3.2236386935492937e-06	0.011966011323518745	13.6008	6	CPC006	PC3	24H	L07	BRD-K92317137	10uM	up
CPC014_PC3_6H_K17_nilotinib_10uM up	1cb0e57c-49ff-4881-a72f-f8951450971e	250	3.2236386935492937e-06	0.011966011323518745	13.6008	6	CPC014	PC3	6H	K17	nilotinib	10uM	up
CVD001_HUH7_6H_D11_BRD-K84389640_4uM down	7927cfe9-2e25-42a6-98d4-350846594ace	250	3.2236386935492937e-06	0.011966011323518745	13.6008	6	CVD001	HUH7	6H	D11	BRD-K84389640	4uM	down
DOSVAL006_HT29_24H_L20_BRD-K23018071_10uM up	c3a06eea-a51c-4489-ad6d-49df6d5ca46d	250	3.2236386935492937e-06	0.011966011323518745	13.6008	6	DOSVAL006	HT29	24H	L20	BRD-K23018071	10uM	up
ERG004_VCAP_6H_L21_BRD-K90735586_30uM down	e5fe3210-bf2f-4357-bf06-60fae81ae5a6	250	3.2236386935492937e-06	0.011966011323518745	13.6008	6	ERG004	VCAP	6H	L21	BRD-K90735586	30uM	down
REP.A023_HA1E_24H_H09_volasertib_1.11uM down	6a4fe829-9b63-4568-b0e3-0a3764c5610c	250	3.2236386935492937e-06	0.011966011323518745	13.6008	6	REP.A023	HA1E	24H	H09	volasertib	1.11uM	down
MOAR009_NCIH1573_24H_N21_clioquinol_1.11uM down	b23fbbba-82cf-4b1d-ba64-1a82e7c98389	250	3.2236386935492937e-06	0.011966011323518745	13.6008	6	MOAR009	NCIH1573	24H	N21	clioquinol	1.11uM	down
NMH001_NPC_6H_G19_BRD-K27803479_10uM up	e681dd5e-4f14-413b-a190-cfda4f58f72b	250	3.2236386935492937e-06	0.011966011323518745	13.6008	6	NMH001	NPC	6H	G19	BRD-K27803479	10uM	up
CPC006_SKMEL28_6H_A04_wortmannin_10uM down	43a991e1-bd1f-4321-8300-05ecd403dd57	250	3.2236386935492937e-06	0.011966011323518745	13.6008	6	CPC006	SKMEL28	6H	A04	wortmannin	10uM	down
CPC014_HA1E_6H_O18_XL-147_10uM up	fd06d571-f58d-4741-a726-2e52a4a794ad	250	3.2236386935492937e-06	0.011966011323518745	13.6008	6	CPC014	HA1E	6H	O18	XL-147	10uM	up
CPC015_MCF7_24H_H06_trioxsalen_10uM up	da597c6e-cb8d-4e2b-b76c-7854dd4279c7	250	3.2236386935492937e-06	0.011966011323518745	13.6008	6	CPC015	MCF7	24H	H06	trioxsalen	10uM	up
CPD002_PC3_24H_F24_monensin_10uM up	0c05e8ed-6799-4c48-808f-97b5a123d7a7	250	3.2236386935492937e-06	0.011966011323518745	13.6008	6	CPD002	PC3	24H	F24	monensin	10uM	up
FIBR022_MCLF037SZ_6H_N23_CGP-37157_0.37uM up	20b7d5cb-06d9-4ecc-b552-d55aa2d92b12	250	3.2236386935492937e-06	0.011966011323518745	13.6008	6	FIBR022	MCLF037SZ	6H	N23	CGP-37157	0.37uM	up
FIBR028_MCLF130CN_6H_B17_TW-37_0.74uM up	4b56da3b-6c5d-4695-b390-bd0b5aa1fc07	250	3.2236386935492937e-06	0.011966011323518745	13.6008	6	FIBR028	MCLF130CN	6H	B17	TW-37	0.74uM	up
FIBR032_MCLF054CN_6H_C06_BRD-K78716413_0.04uM down	502c1523-8658-4279-82e3-82437b3aaf47	250	3.2236386935492937e-06	0.011966011323518745	13.6008	6	FIBR032	MCLF054CN	6H	C06	BRD-K78716413	0.04uM	down
LPROT004_YAPC_6H_M14_UNC-1215_1.11uM down	22fde151-99f9-4e1b-8612-7bf8dc7f17d3	250	3.2236386935492937e-06	0.011966011323518745	13.6008	6	LPROT004	YAPC	6H	M14	UNC-1215	1.11uM	down
XPR017_ES2.311_96H_O13_GTF3C2 down	c365a27b-ccd5-4464-a67f-43731c88a619	250	3.2236386935492937e-06	0.011966011323518745	13.6008	6	XPR017	ES2.311	96H	O13	GTF3C2	N/A	down
XPR017_MCF7.311_96H_D21_HLA-DQB2 up	fae9317a-5974-4442-b9fc-12dc1a1a1dd4	250	3.2236386935492937e-06	0.011966011323518745	13.6008	6	XPR017	MCF7.311	96H	D21	HLA-DQB2	N/A	up
CPC009_A549_6H_B16_BRD-K39757396_10uM up	2a708fe4-872d-48b6-acfb-6e45df46089a	250	3.2236386935492937e-06	0.011966011323518745	13.6008	6	CPC009	A549	6H	B16	BRD-K39757396	10uM	up
DOSVAL003_MCF7_24H_P22_BRD-K49460772_20uM up	94fce7d3-6741-4b73-9ce3-318cd1744983	250	3.2236386935492937e-06	0.011966011323518745	13.6008	6	DOSVAL003	MCF7	24H	P22	BRD-K49460772	20uM	up
LJP007_HME1_24H_B10_ALW-II-49-7_0.37uM up	84bcf445-482f-4d44-ba54-6207d759601e	250	3.2236386935492937e-06	0.011966011323518745	13.6008	6	LJP007	HME1	24H	B10	ALW-II-49-7	0.37uM	up
LJP008_HUVEC_24H_K01_I-BET-151_10uM down	d9066d40-37fd-4807-8758-00f2dc5dafa1	250	3.2236386935492937e-06	0.011966011323518745	13.6008	6	LJP008	HUVEC	24H	K01	I-BET-151	10uM	down
REP.B002_HELA_3H_M03_tranilast_0.25uM down	0215067b-3b87-471f-9342-0d2b68cc58e1	250	3.2236386935492937e-06	0.011966011323518745	13.6008	6	REP.B002	HELA	3H	M03	tranilast	0.25uM	down
CPC006_SKM1_6H_F16_BRD-K68336408_60uM up	f09a31a8-1317-44ac-89bd-394778b3012e	250	3.2236386935492937e-06	0.011966011323518745	13.6008	6	CPC006	SKM1	6H	F16	BRD-K68336408	60uM	up
ASG001_PC3_24H_A23_alvespimycin_10uM up	54185fe2-85c3-45dd-a996-7c1b18e99882	250	3.2236386935492937e-06	0.011966011323518745	13.6008	6	ASG001	PC3	24H	A23	alvespimycin	10uM	up
CPC009_HA1E_6H_M16_BRD-K55127335_10uM up	4a421de9-dc91-45bc-8a50-87859c0cd242	250	3.2236386935492937e-06	0.011966011323518745	13.6008	6	CPC009	HA1E	6H	M16	BRD-K55127335	10uM	up
CPC010_MCF7_24H_F06_BRD-K71879957_10uM down	059c2929-386b-49ca-b517-e87d10c6c59e	250	3.2236386935492937e-06	0.011966011323518745	13.6008	6	CPC010	MCF7	24H	F06	BRD-K71879957	10uM	down
CPC010_PC3_6H_H24_BRD-K73589401_10uM down	dcbb897b-1f5f-49a6-9a61-2e7e126a93f6	250	3.2236386935492937e-06	0.011966011323518745	13.6008	6	CPC010	PC3	6H	H24	BRD-K73589401	10uM	down
CPC012_A375_6H_B16_BRD-K35004659_10uM up	939ee6c1-532c-4d44-b187-f809a9296f6b	250	3.2236386935492937e-06	0.011966011323518745	13.6008	6	CPC012	A375	6H	B16	BRD-K35004659	10uM	up
CPC012_A375_6H_E09_BRD-K01614657_10uM up	0669ec73-930e-4f50-9135-9ffd1e5cb500	250	3.2236386935492937e-06	0.011966011323518745	13.6008	6	CPC012	A375	6H	E09	BRD-K01614657	10uM	up
CPC013_ASC_24H_D08_BRD-K00954209_10uM down	fe4cf256-e539-46cd-a7e2-7665910082f1	250	3.2236386935492937e-06	0.011966011323518745	13.6008	6	CPC013	ASC	24H	D08	BRD-K00954209	10uM	down
CVD001_HUH7_6H_G14_BRD-K94818765_20uM down	e1592910-014c-4614-a42c-ccb57ec75f61	250	3.2236386935492937e-06	0.011966011323518745	13.6008	6	CVD001	HUH7	6H	G14	BRD-K94818765	20uM	down
KMS002_THP1_24H_E14_TUL-XXI039_10uM up	a65aa939-1a77-4a50-a578-d50252c87a19	250	3.2236386935492937e-06	0.011966011323518745	13.6008	6	KMS002	THP1	24H	E14	TUL-XXI039	10uM	up
REP.A014_MCF10A_24H_N09_metenkephalin_1.11uM down	047bc4a1-aaa3-4653-8df8-e64111702ef3	250	3.2236386935492937e-06	0.011966011323518745	13.6008	6	REP.A014	MCF10A	24H	N09	metenkephalin	1.11uM	down
REP.B013_HA1E_24H_P12_BRD-K43966364_0.01uM down	db021db5-b9eb-4d43-8586-4db15c96dbdf	250	3.2236386935492937e-06	0.011966011323518745	13.6008	6	REP.B013	HA1E	24H	P12	BRD-K43966364	0.01uM	down
XPR034_YAPC.311_96H_M16_MAP2K6 down	3c28db25-29c3-487d-8261-ec52aca047ed	250	3.2236386935492937e-06	0.011966011323518745	13.6008	6	XPR034	YAPC.311	96H	M16	MAP2K6	N/A	down
ASG002_A204_24H_K19_anguidine_10uM up	0a1367fe-1b74-41f8-80fa-5645765577f4	250	3.2236386935492937e-06	0.011966011323518745	13.6008	6	ASG002	A204	24H	K19	anguidine	10uM	up
LJP008_HUVEC_24H_K09_GSK-1059615_1.11uM up	0b991ad8-3d12-48bb-8e60-9acced94179c	250	3.2236386935492937e-06	0.011966011323518745	13.6008	6	LJP008	HUVEC	24H	K09	GSK-1059615	1.11uM	up
ASG003_A549_24H_O16_chelidonine_10uM down	a0951e23-db5f-4e77-b295-a388c598bfe2	250	3.2236386935492937e-06	0.011966011323518745	13.6008	6	ASG003	A549	24H	O16	chelidonine	10uM	down
CPC006_HT29_24H_O10_PAC-1_10uM up	9c8d003a-5b94-4498-9e9a-24bb8bc1a9aa	250	3.2236386935492937e-06	0.011966011323518745	13.6008	6	CPC006	HT29	24H	O10	PAC-1	10uM	up
CPC006_SW948_6H_J23_tozasertib_10uM down	2a4a8a6a-4141-43c7-b938-e4d4fba8e4ad	250	3.2236386935492937e-06	0.011966011323518745	13.6008	6	CPC006	SW948	6H	J23	tozasertib	10uM	down
CPC009_VCAP_24H_B10_BRD-K14027855_10uM up	2048f75f-c677-4ae1-9a64-457ea6d9244a	250	3.2236386935492937e-06	0.011966011323518745	13.6008	6	CPC009	VCAP	24H	B10	BRD-K14027855	10uM	up
MOAR009_BC3C_24H_D24_K-02288_1.11uM down	b8d30876-17fc-41c2-8e30-11ccf4d5a04c	250	3.2236386935492937e-06	0.011966011323518745	13.6008	6	MOAR009	BC3C	24H	D24	K-02288	1.11uM	down
CPC012_VCAP_24H_H20_BRD-K08307026_10uM up	cfc28b00-9ee1-4447-b0a8-72867d9cfab9	250	3.2236386935492937e-06	0.011966011323518745	13.6008	6	CPC012	VCAP	24H	H20	BRD-K08307026	10uM	up
CPC014_HA1E_6H_A21_quizartinib_10uM up	c9bda5b7-5e7b-416a-bf38-d7aeea6d3465	250	3.2236386935492937e-06	0.011966011323518745	13.6008	6	CPC014	HA1E	6H	A21	quizartinib	10uM	up
DOSVAL005_MCF7_24H_P04_BRD-K44732214_20uM up	17f8b6d7-2a50-4aba-87c2-b321733b9c85	250	3.2236386935492937e-06	0.011966011323518745	13.6008	6	DOSVAL005	MCF7	24H	P04	BRD-K44732214	20uM	up
FIBR042_MCLF0067SZ_6H_I07_blebbistatin_4uM down	fd7f48eb-8607-4bea-9831-700f64291d73	250	3.2236386935492937e-06	0.011966011323518745	13.6008	6	FIBR042	MCLF0067SZ	6H	I07	blebbistatin	4uM	down
NMH002_FIBRNPC_24H_A03_geldanamycin_10uM down	5c23ff9d-29c0-4564-8768-342603b3a36b	250	3.2236386935492937e-06	0.011966011323518745	13.6008	6	NMH002	FIBRNPC	24H	A03	geldanamycin	10uM	down
REP.B028_JURKAT_24H_E04_isoconazole_0.08uM up	b7c7ad5d-91c3-4c57-9419-3ef596526352	250	3.2236386935492937e-06	0.011966011323518745	13.6008	6	REP.B028	JURKAT	24H	E04	isoconazole	0.08uM	up
ASG002_CAL29_24H_K22_dabrafenib_10uM down	ea4ff187-d723-459a-b75f-b2c09091c981	250	3.2236386935492937e-06	0.011966011323518745	13.6008	6	ASG002	CAL29	24H	K22	dabrafenib	10uM	down
CPC018_SKB_24H_G19_eugenitol_10uM up	aeb21f8c-049e-4d4c-8b50-6548f1e67baf	250	3.2236386935492937e-06	0.011966011323518745	13.6008	6	CPC018	SKB	24H	G19	eugenitol	10uM	up
DOS027_VCAP_6H_D21_BRD-K84471959_4uM up	c74b7691-0677-4f2e-adc1-8bf6ba4d85b5	250	3.2236386935492937e-06	0.011966011323518745	13.6008	6	DOS027	VCAP	6H	D21	BRD-K84471959	4uM	up
DOSVAL002_MCF7_24H_P13_BRD-K98645985_20uM down	0d0210e3-2bb7-479c-b0c2-d218334a2dc8	250	3.2236386935492937e-06	0.011966011323518745	13.6008	6	DOSVAL002	MCF7	24H	P13	BRD-K98645985	20uM	down
MOAR011_SKES1_24H_J22_alpidem_10uM down	0966937d-3a7a-41db-9a5c-55db9fa5f6fd	250	3.2236386935492937e-06	0.011966011323518745	13.6008	6	MOAR011	SKES1	24H	J22	alpidem	10uM	down
NMH002_FIBRNPC_24H_L12_BG-1009_10uM up	8c34c475-aa4d-4794-90e2-84bbdd6219dc	250	3.2236386935492937e-06	0.011966011323518745	13.6008	6	NMH002	FIBRNPC	24H	L12	BG-1009	10uM	up
REP.B027_A375_24H_P06_rupatadine_0.01uM down	76cebb83-ca01-4b45-a6a0-ab4f15668df1	250	3.2236386935492937e-06	0.011966011323518745	13.6008	6	REP.B027	A375	24H	P06	rupatadine	0.01uM	down
CPC006_CORL23_6H_L19_triptolide_0.08uM down	c88135fc-2002-4d7a-955f-4770a7e2d44a	250	3.2236386935492937e-06	0.011966011323518745	13.6008	6	CPC006	CORL23	6H	L19	triptolide	0.08uM	down
CPC006_HT29_24H_J12_m-3M3FBS_80uM down	dec3cb56-8683-4f7e-a45c-ab3d21303ac0	250	3.2236386935492937e-06	0.011966011323518745	13.6008	6	CPC006	HT29	24H	J12	m-3M3FBS	80uM	down
ISO002_HCT116.TP53.HR_24H_B14_moxonidine_3.33uM down	40ad7be6-8729-4e20-9f0c-24f7bf4afb50	250	3.2236386935492937e-06	0.011966011323518745	13.6008	6	ISO002	HCT116.TP53.HR	24H	B14	moxonidine	3.33uM	down
ERG021_VCAP_24H_H21_BRD-K00144236_1.11uM down	56b6127b-6a32-4575-8419-7f4462e5be24	250	3.2236386935492937e-06	0.011966011323518745	13.6008	6	ERG021	VCAP	24H	H21	BRD-K00144236	1.11uM	down
NMH002_NPC_24H_G03_BRD-K35307346_10uM up	84c274f0-d83c-40ea-894c-02f0b10ff97f	250	3.2236386935492937e-06	0.011966011323518745	13.6008	6	NMH002	NPC	24H	G03	BRD-K35307346	10uM	up
XPR019_BICR6.311_96H_P13_LAX1 down	8a3317fb-0a1d-4169-848b-865d7507ddb1	250	3.2236386935492937e-06	0.011966011323518745	13.6008	6	XPR019	BICR6.311	96H	P13	LAX1	N/A	down
CPC001_HA1E_6H_F12_cefotiam_10uM down	5a08c33f-b6e8-4619-8590-660a4ec59fe3	250	3.2236386935492937e-06	0.011966011323518745	13.6008	6	CPC001	HA1E	6H	F12	cefotiam	10uM	down
CPC007_PC3_24H_P15_BRD-A68820570_10uM up	f636ffa2-776a-4688-ba1e-e1cf825d5793	250	3.2236386935492937e-06	0.011966011323518745	13.6008	6	CPC007	PC3	24H	P15	BRD-A68820570	10uM	up
FIBR026_MCLF141SZ_6H_J15_forskolin_4uM down	e1cb5898-bd18-472d-99bf-ceea3258ead7	250	3.2236386935492937e-06	0.011966011323518745	13.6008	6	FIBR026	MCLF141SZ	6H	J15	forskolin	4uM	down
CPC008_A375_6H_E21_BRD-A00626522_10uM up	4fd3a3ff-7c78-4517-b309-d5352c27c26f	250	3.2236386935492937e-06	0.011966011323518745	13.6008	6	CPC008	A375	6H	E21	BRD-A00626522	10uM	up
NMH001_NPC_24H_A07_BRD-K88575585_10uM up	c60f10fd-7cd7-4da7-8324-01da1d6b07da	250	3.2236386935492937e-06	0.011966011323518745	13.6008	6	NMH001	NPC	24H	A07	BRD-K88575585	10uM	up
ASG003_XC.P909_24H_D02_obatoclax_1.11uM up	f5b682b2-3638-427d-9506-d28455166cf6	250	3.2236386935492937e-06	0.011966011323518745	13.6008	6	ASG003	XC.P909	24H	D02	obatoclax	1.11uM	up
CPC002_HA1E_6H_D19_UCL-2077_10uM up	70e7cb25-9120-4395-a3c0-a16982479d8a	250	3.2236386935492937e-06	0.011966011323518745	13.6008	6	CPC002	HA1E	6H	D19	UCL-2077	10uM	up
CPC006_A375_24H_O10_PAC-1_10uM up	fa640271-f549-409b-8cc3-a78097b6d747	250	3.2236386935492937e-06	0.011966011323518745	13.6008	6	CPC006	A375	24H	O10	PAC-1	10uM	up
CPC008_A375_24H_K10_BRD-K55487965_10uM down	f52183f3-1171-4d1c-8239-71bbca07e24d	250	3.2236386935492937e-06	0.011966011323518745	13.6008	6	CPC008	A375	24H	K10	BRD-K55487965	10uM	down
MOAR003_A375_24H_J12_AZD-3463_1.11uM up	66b6221f-67dd-4293-93d9-603d99dc8759	250	3.2236386935492937e-06	0.011966011323518745	13.6008	6	MOAR003	A375	24H	J12	AZD-3463	1.11uM	up
FIBR005_MCLF033SZ_6H_M17_selumetinib_4uM up	94b5ffa7-34b0-44c0-ace8-8b3868d250bf	250	3.2236386935492937e-06	0.011966011323518745	13.6008	6	FIBR005	MCLF033SZ	6H	M17	selumetinib	4uM	up
FIBR004_MCLF027CN_6H_O01_lovastatin_4uM down	3b3b3958-76a4-4dcf-afdb-db82ec5d2b83	250	3.2236386935492937e-06	0.011966011323518745	13.6008	6	FIBR004	MCLF027CN	6H	O01	lovastatin	4uM	down
MOAR008_SH4_24H_N21_acemetacin_1.11uM up	d92e87eb-5931-4cd5-a142-5a15d091bcff	250	3.2236386935492937e-06	0.011966011323518745	13.6008	6	MOAR008	SH4	24H	N21	acemetacin	1.11uM	up
LJP006_HS578T_3H_O16_torin-1_0.37uM up	94deb1be-7d55-4c2f-98cb-2ce3068767e3	250	3.2236386935492937e-06	0.011966011323518745	13.6008	6	LJP006	HS578T	3H	O16	torin-1	0.37uM	up
MOAR008_HEC108_24H_A22_daprodustat_10uM up	d3d74734-a6fe-4c09-8194-9954804e9c1e	250	3.2236386935492937e-06	0.011966011323518745	13.6008	6	MOAR008	HEC108	24H	A22	daprodustat	10uM	up
MOAR011_HEC251_24H_P17_GP-1a_3.33uM down	6e24efe8-7865-4d86-a84f-07ee0e270f8b	250	3.2236386935492937e-06	0.011966011323518745	13.6008	6	MOAR011	HEC251	24H	P17	GP-1a	3.33uM	down
ASG002_PC3_24H_H17_erlotinib_1.11uM down	f199cab5-30b5-4cca-b7b0-d5faf8e3eb35	250	3.2236386935492937e-06	0.011966011323518745	13.6008	6	ASG002	PC3	24H	H17	erlotinib	1.11uM	down
CPC008_A549_6H_O09_TL-HRAS-61_10uM up	4bd51cae-c6dc-48ec-96a2-cdc6c149f1e8	250	3.2236386935492937e-06	0.011966011323518745	13.6008	6	CPC008	A549	6H	O09	TL-HRAS-61	10uM	up
KMS002_THP1_24H_F05_MW-STK33-1C_1.11uM up	41fb055c-cd60-4779-9ace-5b42f312cc12	250	3.2236386935492937e-06	0.011966011323518745	13.6008	6	KMS002	THP1	24H	F05	MW-STK33-1C	1.11uM	up
KMS002_THP1_24H_J03_BG-STK33-55_10uM up	2f7f475b-07e4-4712-b2e9-b7028f11590d	250	3.2236386935492937e-06	0.011966011323518745	13.6008	6	KMS002	THP1	24H	J03	BG-STK33-55	10uM	up
MOAR004_PC3_24H_E22_PF-02545920_10uM up	167c709d-4bbf-44ec-83ec-4955ccb2bb95	250	3.2236386935492937e-06	0.011966011323518745	13.6008	6	MOAR004	PC3	24H	E22	PF-02545920	10uM	up
REP.A026_HUVEC.A_24H_K10_MG-132_20uM up	dd08e31d-f7ad-43fb-9e89-0c59f336d884	250	3.2236386935492937e-06	0.011966011323518745	13.6008	6	REP.A026	HUVEC.A	24H	K10	MG-132	20uM	up
XPR019_PC3.311B_96H_H16_LIMA1 up	19b1e38e-a15d-4547-a12e-9573eb90f568	250	3.2236386935492937e-06	0.011966011323518745	13.6008	6	XPR019	PC3.311B	96H	H16	LIMA1	N/A	up
ASG002_COV434_24H_H23_YM-155_1.11uM up	d79369f3-8f18-4cb2-beb3-363bed782214	250	3.2236386935492937e-06	0.011966011323518745	13.6008	6	ASG002	COV434	24H	H23	YM-155	1.11uM	up
CPC001_VCAP_6H_J02_LY-165163_10uM down	b79f97e7-66d4-4908-adfd-722377768e3b	250	3.2236386935492937e-06	0.011966011323518745	13.6008	6	CPC001	VCAP	6H	J02	LY-165163	10uM	down
CPC006_HT29_6H_P07_fostamatinib_10uM down	0545d1ae-a5b9-47c1-b76b-c2ea14088daa	250	3.2236386935492937e-06	0.011966011323518745	13.6008	6	CPC006	HT29	6H	P07	fostamatinib	10uM	down
MOAR012_SH4_24H_L23_NS-1619_3.33uM up	7950c206-d406-4421-aee2-9298499a196e	250	3.2236386935492937e-06	0.011966011323518745	13.6008	6	MOAR012	SH4	24H	L23	NS-1619	3.33uM	up
FIBR003_MCLF027CN_6H_N15_narciclasine_0.37uM up	75e4280e-32c3-4e86-ab9f-642d32920025	250	3.2236386935492937e-06	0.011966011323518745	13.6008	6	FIBR003	MCLF027CN	6H	N15	narciclasine	0.37uM	up
FIBR023_MCLF126CN_6H_C05_piperlongumine_4uM down	adc31ef6-6c4e-4458-8d33-6f887ebb2a95	250	3.2236386935492937e-06	0.011966011323518745	13.6008	6	FIBR023	MCLF126CN	6H	C05	piperlongumine	4uM	down
LJP001_BT20_24H_N04_vemurafenib_0.08uM up	d2b79c81-2603-4470-8310-a118425b2b20	250	3.2236386935492937e-06	0.011966011323518745	13.6008	6	LJP001	BT20	24H	N04	vemurafenib	0.08uM	up
REP.B014_HELA_24H_H11_BRD-K59573506_0.03uM down	650fb861-eae1-49cb-adba-e53e2d6ba37c	250	3.2236386935492937e-06	0.011966011323518745	13.6008	6	REP.B014	HELA	24H	H11	BRD-K59573506	0.03uM	down
ASG002_JHH7_24H_K04_quizartinib_10uM up	f43ec55b-4cbe-42c7-8446-a5b1e2177f4f	250	3.2236386935492937e-06	0.011966011323518745	13.6008	6	ASG002	JHH7	24H	K04	quizartinib	10uM	up
MUC.CP008_P1A82_24H_B07_tofacitinib_10uM down	d2640f11-db91-4725-992d-3f5aa1772daa	250	3.2236386935492937e-06	0.011966011323518745	13.6008	6	MUC.CP008	P1A82	24H	B07	tofacitinib	10uM	down
LJP001_HS578T_6H_E10_PD-173074_2.22uM down	317e6b82-b0b8-43eb-8b03-766f4aaa4f8a	250	3.2236386935492937e-06	0.011966011323518745	13.6008	6	LJP001	HS578T	6H	E10	PD-173074	2.22uM	down
XPR039_A549.311_96H_D07_CARS up	6c3d8953-aa9e-4898-8451-9ac46fa5ea2b	250	3.2236386935492937e-06	0.011966011323518745	13.6008	6	XPR039	A549.311	96H	D07	CARS	N/A	up
CPC010_MCF7_24H_J15_BRD-K44978960_10uM up	d8cd87d9-2c62-4f09-a0b7-1f23cd3c7e3c	250	3.2236386935492937e-06	0.011966011323518745	13.6008	6	CPC010	MCF7	24H	J15	BRD-K44978960	10uM	up
DOSVAL005_PC3_24H_M24_BRD-K33217566_4uM down	60e28421-6e49-4975-9fd8-b3df029363d2	250	3.2236386935492937e-06	0.011966011323518745	13.6008	6	DOSVAL005	PC3	24H	M24	BRD-K33217566	4uM	down
ASG002_MCF7_24H_A14_TW-37_0.74uM up	b509d2be-2654-4f3c-8364-aed6bfd74313	250	3.2236386935492937e-06	0.011966011323518745	13.6008	6	ASG002	MCF7	24H	A14	TW-37	0.74uM	up
ASG002_U251MG_24H_H19_ABT-737_10uM up	05328bd0-1447-4031-9a98-16a44760bc28	250	3.2236386935492937e-06	0.011966011323518745	13.6008	6	ASG002	U251MG	24H	H19	ABT-737	10uM	up
CPC006_HCC515_24H_I05_ingenol_10uM up	a1a49e29-ed9c-4d28-bcdd-51b048c650ac	250	3.2236386935492937e-06	0.011966011323518745	13.6008	6	CPC006	HCC515	24H	I05	ingenol	10uM	up
AICHI002_MINO_24H_N04_PF-05212384_0.125uM down	5f048dea-94b3-49e4-865e-6af4b2f76485	250	3.2236386935492937e-06	0.011966011323518745	13.6008	6	AICHI002	MINO	24H	N04	PF-05212384	0.125uM	down
FIBR042_MCLF0067SZ_6H_I12_MK-1775_0.12uM up	677a5488-532a-4464-b083-26a8e21d83af	250	3.2236386935492937e-06	0.011966011323518745	13.6008	6	FIBR042	MCLF0067SZ	6H	I12	MK-1775	0.12uM	up
XPR021_HT29.311_96H_I03_NCAPH up	b777e3d7-9182-431f-b1c7-d22214b91bdc	250	3.2236386935492937e-06	0.011966011323518745	13.6008	6	XPR021	HT29.311	96H	I03	NCAPH	N/A	up
CPC006_NCIH596_6H_C10_FPL-64176_10uM up	d4e4b45b-bdee-40fb-a679-4503c0e08d5a	250	3.2236386935492937e-06	0.011966011323518745	13.6008	6	CPC006	NCIH596	6H	C10	FPL-64176	10uM	up
CPC020_VCAP_24H_P19_clomipramine_10uM up	186ab7a9-eb79-4daa-8f75-08b6d1e1e00c	250	3.2236386935492937e-06	0.011966011323518745	13.6008	6	CPC020	VCAP	24H	P19	clomipramine	10uM	up
ISO002_MCF10A.KRAS.HG_24H_H08_thapsigargin_3.33uM up	1376aab4-380e-4974-bd8d-03f051b63650	250	3.2236386935492937e-06	0.011966011323518745	13.6008	6	ISO002	MCF10A.KRAS.HG	24H	H08	thapsigargin	3.33uM	up
LJP001_MDAMB231_6H_E11_crizotinib_10uM down	fa976950-f379-4f2e-8634-419bf7fe7e3f	250	3.2236386935492937e-06	0.011966011323518745	13.6008	6	LJP001	MDAMB231	6H	E11	crizotinib	10uM	down
AICHI001_OCILY19_4H_P10_GDC-834_0.125uM down	77f4b4cb-eaba-41aa-81f1-20bbfb892d0b	250	3.2236386935492937e-06	0.011966011323518745	13.6008	6	AICHI001	OCILY19	4H	P10	GDC-834	0.125uM	down
ASG002_OAW28_24H_A14_TW-37_0.74uM up	50cc7c69-21b1-4a85-94e9-ffdd31021941	250	3.2236386935492937e-06	0.011966011323518745	13.6008	6	ASG002	OAW28	24H	A14	TW-37	0.74uM	up
CPC012_MCF7_6H_H20_BRD-K08307026_10uM up	64529c0e-5987-434c-82fb-1999d13ef56c	250	3.2236386935492937e-06	0.011966011323518745	13.6008	6	CPC012	MCF7	6H	H20	BRD-K08307026	10uM	up
LJP008_SHSY5Y_24H_A15_NPK76-II-72-1_1.11uM up	fd740eb4-ea4f-4c58-9677-24661878e5a0	250	3.2236386935492937e-06	0.011966011323518745	13.6008	6	LJP008	SHSY5Y	24H	A15	NPK76-II-72-1	1.11uM	up
PCLB001_MCF7_6H_A11_BRD-A19037878_10uM down	604d2d5c-a11d-46c0-9e77-1da54b30fbc1	250	3.2236386935492937e-06	0.011966011323518745	13.6008	6	PCLB001	MCF7	6H	A11	BRD-A19037878	10uM	down
REP.B021_A375_24H_E01_temsirolimus_2.22uM up	44066649-a00b-4021-b0d1-f42beaac033f	250	3.2236386935492937e-06	0.011966011323518745	13.6008	6	REP.B021	A375	24H	E01	temsirolimus	2.22uM	up
ASG002_BEN_24H_C20_MG-132_20uM up	8c8725d3-93a0-4fa0-9da2-42bfdce57d82	250	3.2236386935492937e-06	0.011966011323518745	13.6008	6	ASG002	BEN	24H	C20	MG-132	20uM	up
ASG002_NCIH2172_24H_H11_digoxin_1.11uM up	36d24b2d-3c57-41e5-9fdb-a18d39814ea6	250	3.2236386935492937e-06	0.011966011323518745	13.6008	6	ASG002	NCIH2172	24H	H11	digoxin	1.11uM	up
CPC012_MCF7_6H_A09_BRD-K07023879_10uM up	7b8d53df-7bb2-4c67-a655-e0408951a6c8	250	3.2236386935492937e-06	0.011966011323518745	13.6008	6	CPC012	MCF7	6H	A09	BRD-K07023879	10uM	up
DOS041_A549_24H_M02_BRD-K12970833_4uM up	bf7fc3de-f25a-403f-b85a-15d1f20aad65	250	3.2236386935492937e-06	0.011966011323518745	13.6008	6	DOS041	A549	24H	M02	BRD-K12970833	4uM	up
ERG021_PC3_24H_O12_BRD-K54606188_0.04uM down	782127e5-61b1-4d30-8b05-213a5d702123	250	3.2236386935492937e-06	0.011966011323518745	13.6008	6	ERG021	PC3	24H	O12	BRD-K54606188	0.04uM	down
FIBR001_MCLF117SZ_6H_B17_TW-37_0.74uM up	fd3e722c-372b-4791-8a34-46d5472728a7	250	3.2236386935492937e-06	0.011966011323518745	13.6008	6	FIBR001	MCLF117SZ	6H	B17	TW-37	0.74uM	up
LJP008_JURKAT_24H_F22_GSK-J4_0.37uM down	8aae20f4-2890-42ee-8add-d7eff04778bc	250	3.2236386935492937e-06	0.011966011323518745	13.6008	6	LJP008	JURKAT	24H	F22	GSK-J4	0.37uM	down
REP.A022_HELA_24H_J04_zafirlukast_0.37uM down	11361d4b-2654-496a-9169-d7e0ae56c922	250	3.2236386935492937e-06	0.011966011323518745	13.6008	6	REP.A022	HELA	24H	J04	zafirlukast	0.37uM	down
XPR008_PC3.311B_96H_P17_GABRQ down	5e814926-d418-49eb-b566-ff6d8ede2add	250	3.2236386935492937e-06	0.011966011323518745	13.6008	6	XPR008	PC3.311B	96H	P17	GABRQ	N/A	down
XPR027_U251MG.311_96H_I12_WDR87 down	e9d03bd7-d67d-4218-a9d6-3966ccf249ca	250	3.2236386935492937e-06	0.011966011323518745	13.6008	6	XPR027	U251MG.311	96H	I12	WDR87	N/A	down
ASG002_NCIH1437_24H_D12_panobinostat_0.12uM down	ebfb10ec-cfdb-49a0-9d98-8429e76ce83e	250	3.2236386935492937e-06	0.011966011323518745	13.6008	6	ASG002	NCIH1437	24H	D12	panobinostat	0.12uM	down
DOS012_VCAP_6H_M09_geldanamycin_10uM down	288240ec-0f3c-4184-b0bd-ac7a418971c1	250	3.2236386935492937e-06	0.011966011323518745	13.6008	6	DOS012	VCAP	6H	M09	geldanamycin	10uM	down
PAC003_U2OS_6H_I13_devazepide_10uM up	30d94099-fa26-4f2a-8892-de1a5dc7e80c	250	3.2236386935492937e-06	0.011966011323518745	13.6008	6	PAC003	U2OS	6H	I13	devazepide	10uM	up
ASG002_IM95_24H_K09_bortezomib_20uM up	70630f2b-228a-4802-a102-3037fa25681c	250	3.2236386935492937e-06	0.011966011323518745	13.6008	6	ASG002	IM95	24H	K09	bortezomib	20uM	up
CPC001_HA1E_6H_M08_BRD-K74112339_10uM down	8db85dc8-e1ee-4c47-a77f-7b56d23f479a	250	3.2236386935492937e-06	0.011966011323518745	13.6008	6	CPC001	HA1E	6H	M08	BRD-K74112339	10uM	down
CVD001_HUH7_24H_H14_BRD-K94818765_4uM down	6a495689-9f27-493e-a1c5-58447ae0d7b6	250	3.2236386935492937e-06	0.011966011323518745	13.6008	6	CVD001	HUH7	24H	H14	BRD-K94818765	4uM	down
FIBR006_MCLF033SZ_6H_B03_tretinoin_4uM down	9ac73316-0253-47fd-aa1c-0b6ceb664a27	250	3.2236386935492937e-06	0.011966011323518745	13.6008	6	FIBR006	MCLF033SZ	6H	B03	tretinoin	4uM	down
LJP008_SKL_24H_G16_dasatinib_0.37uM down	82b2c779-6f61-41a1-93db-9f011d8e7a60	250	3.2236386935492937e-06	0.011966011323518745	13.6008	6	LJP008	SKL	24H	G16	dasatinib	0.37uM	down
LJP007_NEU_24H_J19_doramapimod_10uM up	e14644ae-9d41-464a-98f9-b1c1c4a8db7a	250	3.2236386935492937e-06	0.011966011323518745	13.6008	6	LJP007	NEU	24H	J19	doramapimod	10uM	up
EMU001_THP1_3H_B09_BRD-K54606188_0.66uM down	9481feac-2c2d-4b7a-9b59-e34c9ccb98f6	250	3.2236386935492937e-06	0.011966011323518745	13.6008	6	EMU001	THP1	3H	B09	BRD-K54606188	0.66uM	down
FIBR028_MCLF130CN_6H_K14_BRD-A24054354_4uM up	9180d5dd-679c-4023-a1bb-cfb85ff50935	250	3.2236386935492937e-06	0.011966011323518745	13.6008	6	FIBR028	MCLF130CN	6H	K14	BRD-A24054354	4uM	up
POL001_HEPG2_24H_F16_BRD-A08789708_0.37uM up	aa2c4fd6-410a-4339-b446-51cd649d8d2f	250	3.2236386935492937e-06	0.011966011323518745	13.6008	6	POL001	HEPG2	24H	F16	BRD-A08789708	0.37uM	up
REP.A009_PC3_24H_E22_clomifene_0.37uM up	b544f8ed-2c0d-4a84-907d-9c7e77305a62	250	3.2236386935492937e-06	0.011966011323518745	13.6008	6	REP.A009	PC3	24H	E22	clomifene	0.37uM	up
AICHI002_NALM6_24H_M20_BRD-A19037878_2.5uM down	4b5c7e42-05f2-4688-89a4-d9e3114bf865	250	3.2236386935492937e-06	0.011966011323518745	13.6008	6	AICHI002	NALM6	24H	M20	BRD-A19037878	2.5uM	down
MOAR010_CJM_24H_M19_KB-R7943_10uM up	7f5b5538-6dbf-431e-be58-1e64de4ccb4a	250	3.2236386935492937e-06	0.011966011323518745	13.6008	6	MOAR010	CJM	24H	M19	KB-R7943	10uM	up
LJP001_MDAMB231_6H_G15_fostamatinib_10uM down	38ad3c39-8907-4f5e-91a0-c8dfcf5207aa	250	3.2236386935492937e-06	0.011966011323518745	13.6008	6	LJP001	MDAMB231	6H	G15	fostamatinib	10uM	down
LRS001_PHH.MGH_24H_A14_Merck60_3.33uM down	d8c7552b-c9c8-49ee-9112-7f7b5fe36ca1	250	3.2236386935492937e-06	0.011966011323518745	13.6008	6	LRS001	PHH.MGH	24H	A14	Merck60	3.33uM	down
REP.A003_PC3_24H_O15_bindarit_1.11uM down	9206b59c-53f1-4a7a-9a9d-c1a2bcc414d4	250	3.2236386935492937e-06	0.011966011323518745	13.6008	6	REP.A003	PC3	24H	O15	bindarit	1.11uM	down
ASG003_XC.P908_24H_J04_emetine_10uM up	1b7eedba-73eb-4653-bc72-f91eb88e3688	250	3.2236386935492937e-06	0.011966011323518745	13.6008	6	ASG003	XC.P908	24H	J04	emetine	10uM	up
PBIOA021_MCF7_24H_M02_BRD-K35894044_3.33uM down	4c963f5b-7ee6-4d8a-ac72-93c87e711053	250	3.2236386935492937e-06	0.011966011323518745	13.6008	6	PBIOA021	MCF7	24H	M02	BRD-K35894044	3.33uM	down
CVD001_HUH7_6H_H11_BRD-K60932973_2.5uM down	fbbd2e25-2589-447b-8b6b-4c708b73638d	250	3.2236386935492937e-06	0.011966011323518745	13.6008	6	CVD001	HUH7	6H	H11	BRD-K60932973	2.5uM	down
EMU001_TMD8_6H_B07_BRD-K54606188_10uM down	5ddc754f-0954-4a34-a6b8-8dd32164d16d	250	3.2236386935492937e-06	0.011966011323518745	13.6008	6	EMU001	TMD8	6H	B07	BRD-K54606188	10uM	down
REP.A014_HT29_24H_A15_orantinib_1.11uM up	9a5d1d22-215a-4417-90d3-adab58eb1bb3	250	3.2236386935492937e-06	0.011966011323518745	13.6008	6	REP.A014	HT29	24H	A15	orantinib	1.11uM	up
REP.B016_A549_24H_H05_methylprednisolone_0.03uM down	de9668d3-eed0-451e-8160-e3bfabb8c1a0	250	3.2236386935492937e-06	0.011966011323518745	13.6008	6	REP.B016	A549	24H	H05	methylprednisolone	0.03uM	down
REP.B020_THP1_24H_P12_levetiracetam_0.01uM up	e8cfa9a6-6a73-4579-b082-8dcfe987d64c	250	3.2236386935492937e-06	0.011966011323518745	13.6008	6	REP.B020	THP1	24H	P12	levetiracetam	0.01uM	up
REP.B025_JURKAT_24H_K20_vandetanib_0.74uM down	deaa8c2b-caf8-4a9b-a4d4-d44575a8fb86	250	3.2236386935492937e-06	0.011966011323518745	13.6008	6	REP.B025	JURKAT	24H	K20	vandetanib	0.74uM	down
ASG002_PC3_24H_A14_TW-37_0.74uM up	ecb1e786-886a-47ef-b936-09207e846ff4	250	3.2236386935492937e-06	0.011966011323518745	13.6008	6	ASG002	PC3	24H	A14	TW-37	0.74uM	up
ASG003_XC.P931_24H_I20_AS-605240_1.11uM up	8a1393d3-ce96-41ba-9f8b-01b7db47b80e	250	3.2236386935492937e-06	0.011966011323518745	13.6008	6	ASG003	XC.P931	24H	I20	AS-605240	1.11uM	up
CPC012_A375_6H_H14_VU-0418933-1_10uM up	a94ae7a6-72eb-45bc-9e3e-b07bc514e207	250	3.2236386935492937e-06	0.011966011323518745	13.6008	6	CPC012	A375	6H	H14	VU-0418933-1	10uM	up
CVD001_HUH7_6H_J03_BRD-K98803880_2.5uM down	7b8bf17f-8bfc-4b7d-a363-398f84630908	250	3.2236386935492937e-06	0.011966011323518745	13.6008	6	CVD001	HUH7	6H	J03	BRD-K98803880	2.5uM	down
LKCP002_U2OS_6H_E18_radicicol_0.12uM down	e973917c-d222-4960-b734-50aa25de90ba	250	3.2236386935492937e-06	0.011966011323518745	13.6008	6	LKCP002	U2OS	6H	E18	radicicol	0.12uM	down
REP.A008_HELA_24H_H14_YM-155_3.33uM up	b8785fc5-6fe9-4c8e-8ab3-ae75c85b1691	250	3.2236386935492937e-06	0.011966011323518745	13.6008	6	REP.A008	HELA	24H	H14	YM-155	3.33uM	up
XPR009_BICR6.311_96H_E22_CACNB4 up	3f88738d-d6e0-452d-8b65-3d1d6182967d	250	3.2236386935492937e-06	0.011966011323518745	13.6008	6	XPR009	BICR6.311	96H	E22	CACNB4	N/A	up
XPR022_PC3.311B_96H_L10_RERG down	6dfd7a3b-88ab-4785-ac1d-39162d69fdb6	250	3.2236386935492937e-06	0.011966011323518745	13.6008	6	XPR022	PC3.311B	96H	L10	RERG	N/A	down
XPR013_PC3.311B_96H_L14_CD36 up	c11c8d10-9fd2-47d9-81c6-e7f27d3ccb61	250	3.2236386935492937e-06	0.011966011323518745	13.6008	6	XPR013	PC3.311B	96H	L14	CD36	N/A	up
CPC006_NCIH1836_6H_J23_tozasertib_10uM up	c6d9ed72-c5fa-4ec4-9289-fa0849e82f1c	250	3.2236386935492937e-06	0.011966011323518745	13.6008	6	CPC006	NCIH1836	6H	J23	tozasertib	10uM	up
CPC006_PC3_24H_C09_CAY-10618_10uM up	e5b36250-1fc5-4360-aaad-8395aab9652f	250	3.2236386935492937e-06	0.011966011323518745	13.6008	6	CPC006	PC3	24H	C09	CAY-10618	10uM	up
CPC009_VCAP_6H_O08_BRD-K42489623_10uM up	4a6343c2-cc2e-44b2-9694-3eec1a44c448	250	3.2236386935492937e-06	0.011966011323518745	13.6008	6	CPC009	VCAP	6H	O08	BRD-K42489623	10uM	up
DOS033_PC3_24H_P24_BRD-K46295497_4uM up	91c302c2-3c6e-48ad-96b8-41f24f49b9d7	250	3.2236386935492937e-06	0.011966011323518745	13.6008	6	DOS033	PC3	24H	P24	BRD-K46295497	4uM	up
MOAR003_PC3_24H_I10_VLX-600_10uM up	608bf6fb-f67a-4899-ac7e-168edf0a6479	250	3.2236386935492937e-06	0.011966011323518745	13.6008	6	MOAR003	PC3	24H	I10	VLX-600	10uM	up
PAC044_U2OS_6H_A07_BRD-K68870366_10uM up	31364447-9be3-4f9d-a5ef-7493758bea4b	250	3.2236386935492937e-06	0.011966011323518745	13.6008	6	PAC044	U2OS	6H	A07	BRD-K68870366	10uM	up
REP.A023_HA1E_24H_H08_volasertib_3.33uM down	db156ae0-5d73-492a-b419-282b5bfa1208	250	3.2236386935492937e-06	0.011966011323518745	13.6008	6	REP.A023	HA1E	24H	H08	volasertib	3.33uM	down
ASG003_XC.P031_24H_C02_sorafenib_1.11uM up	91c9299d-5063-4dd6-8abb-ccc796b7fe82	250	3.2236386935492937e-06	0.011966011323518745	13.6008	6	ASG003	XC.P031	24H	C02	sorafenib	1.11uM	up
ERG020_VCAP_24H_P10_BRD-K82837433_8uM up	ab98d041-104b-4516-b32d-6d4e782dd086	250	3.2236386935492937e-06	0.011966011323518745	13.6008	6	ERG020	VCAP	24H	P10	BRD-K82837433	8uM	up
CEGS001_NPC.8330_24H_M08_lorazepam_12.5uM up	8cfe6f03-b18f-49cf-88db-e7a7a6709f74	250	3.2236386935492937e-06	0.011966011323518745	13.6008	6	CEGS001	NPC.8330	24H	M08	lorazepam	12.5uM	up
CPC016_HEPG2_6H_G05_SU-1498_10uM up	193fbefd-e608-4019-b828-9651ae5b3909	250	3.2236386935492937e-06	0.011966011323518745	13.6008	6	CPC016	HEPG2	6H	G05	SU-1498	10uM	up
ASG002_OAW28_24H_P13_ixazomib_10uM down	f876efed-f154-41df-9a7c-d9cde6f0363f	250	3.2236386935492937e-06	0.011966011323518745	13.6008	6	ASG002	OAW28	24H	P13	ixazomib	10uM	down
MOAR011_HEC251_24H_K01_cinchonidine_10uM up	df89b2cd-c93d-4504-94d7-6503ba62fb3b	250	3.2236386935492937e-06	0.011966011323518745	13.6008	6	MOAR011	HEC251	24H	K01	cinchonidine	10uM	up
CPC019_MCF7_24H_P22_BRD-K51556300_10uM up	7ba5352e-d098-48e0-93f4-d5ab07d45bbf	250	3.2236386935492937e-06	0.011966011323518745	13.6008	6	CPC019	MCF7	24H	P22	BRD-K51556300	10uM	up
DOSVAL001_PC3_24H_C05_BRD-K87724051_4uM down	3097e9ff-b035-4443-b551-c2792055b95b	250	3.2236386935492937e-06	0.011966011323518745	13.6008	6	DOSVAL001	PC3	24H	C05	BRD-K87724051	4uM	down
PCL001_MCF7_24H_P01_BRD-A76641868_10uM up	1f9c7b62-2908-4080-b4b1-9fcdbbed4efc	250	3.2236386935492937e-06	0.011966011323518745	13.6008	6	PCL001	MCF7	24H	P01	BRD-A76641868	10uM	up
ASG002_BEN_24H_A14_TW-37_0.74uM up	95bb4495-eda9-45a8-bf2b-51435237bc86	250	3.2236386935492937e-06	0.011966011323518745	13.6008	6	ASG002	BEN	24H	A14	TW-37	0.74uM	up
FIBR040_MCLF056CN_6H_D02_valdecoxib_4uM down	e4274436-40fd-4484-bd20-ef659c878c2e	250	3.2236386935492937e-06	0.011966011323518745	13.6008	6	FIBR040	MCLF056CN	6H	D02	valdecoxib	4uM	down
MOAR001_PC3_24H_A08_chlorpropamide_3.33uM down	fa1b6238-dd13-47dc-be7d-fdb74f989431	250	3.2236386935492937e-06	0.011966011323518745	13.6008	6	MOAR001	PC3	24H	A08	chlorpropamide	3.33uM	down
REP.A015_HEK293_24H_K13_linopirdine_10uM up	c91efffb-1f1e-4983-ba03-4c2e3c506139	250	3.2236386935492937e-06	0.011966011323518745	13.6008	6	REP.A015	HEK293	24H	K13	linopirdine	10uM	up
REP.B013_HT29_24H_O17_indoprofen_0.03uM down	f669af47-6d6e-4ee7-a201-34728d14a442	250	3.2236386935492937e-06	0.011966011323518745	13.6008	6	REP.B013	HT29	24H	O17	indoprofen	0.03uM	down
TAA001_SKNSH_24H_O20_hydrocinnamic-acid_3.33uM down	8917d78c-3faa-4ca0-849a-8aa1bfe6efdf	250	3.2236386935492937e-06	0.011966011323518745	13.6008	6	TAA001	SKNSH	24H	O20	hydrocinnamic-acid	3.33uM	down
XPR016_AGS.311_96H_I06_EDAR down	d914342d-0ee0-4f83-9f3a-c0914d6b8db7	250	3.2236386935492937e-06	0.011966011323518745	13.6008	6	XPR016	AGS.311	96H	I06	EDAR	N/A	down
XPR031_BICR6.311_96H_N10_POU2F2 down	98fb38f0-3372-43a8-ac29-8fe81c9918c5	250	3.2236386935492937e-06	0.011966011323518745	13.6008	6	XPR031	BICR6.311	96H	N10	POU2F2	N/A	down
CPC006_MCF7_6H_K08_rottlerin_10uM up	9ad59dd7-db8d-4d74-a3d9-7d9e892c171b	250	3.2236386935492937e-06	0.011966011323518745	13.6008	6	CPC006	MCF7	6H	K08	rottlerin	10uM	up
CPC006_OV7_6H_C09_CAY-10618_10uM up	086956b5-ad8e-411b-b10d-f055c42ffb7c	250	3.2236386935492937e-06	0.011966011323518745	13.6008	6	CPC006	OV7	6H	C09	CAY-10618	10uM	up
ERG021_VCAP_24H_A20_BRD-K61717269_3.33uM up	dcad4a36-c0ba-4480-8f85-7c25c889967b	250	3.2236386935492937e-06	0.011966011323518745	13.6008	6	ERG021	VCAP	24H	A20	BRD-K61717269	3.33uM	up
FIBR023_MCLF126CN_6H_L14_AM-580_4uM down	15e88237-8cb7-4991-a54a-8c2c756e7cdc	250	3.2236386935492937e-06	0.011966011323518745	13.6008	6	FIBR023	MCLF126CN	6H	L14	AM-580	4uM	down
MOAR004_PC3_24H_M09_BRD-K79534915_1.11uM down	998e901e-36a7-45f9-8795-9f133a92ba15	250	3.2236386935492937e-06	0.011966011323518745	13.6008	6	MOAR004	PC3	24H	M09	BRD-K79534915	1.11uM	down
REP.A013_A375_24H_I24_PK-11195_0.04uM up	bb55df96-f9ed-4850-9936-589f2657a135	250	3.2236386935492937e-06	0.011966011323518745	13.6008	6	REP.A013	A375	24H	I24	PK-11195	0.04uM	up
REP.A015_HT29_24H_D13_vemurafenib_10uM down	92425df5-5868-4d9a-9e1c-3f5e3c1d14ba	250	3.2236386935492937e-06	0.011966011323518745	13.6008	6	REP.A015	HT29	24H	D13	vemurafenib	10uM	down
PCL001_HA1E_24H_D02_SGC-CBP30_3.33uM down	97178699-f68c-4de7-90a8-4ab06d8dfa75	250	3.2236386935492937e-06	0.011966011323518745	13.6008	6	PCL001	HA1E	24H	D02	SGC-CBP30	3.33uM	down
FIBR001_MCLF117SZ_6H_A11_purpurogallin_4uM up	a84a1091-3500-49c2-88e1-153af093dd69	250	3.2236386935492937e-06	0.011966011323518745	13.6008	6	FIBR001	MCLF117SZ	6H	A11	purpurogallin	4uM	up
FIBR039_MCLF056CN_6H_N15_narciclasine_0.37uM up	ea86ba5a-71f3-4a47-820d-9cd4b1dac35b	250	3.2236386935492937e-06	0.011966011323518745	13.6008	6	FIBR039	MCLF056CN	6H	N15	narciclasine	0.37uM	up
PAC006_U2OS_6H_P21_azasetron_10uM down	fe37f802-4693-4c1f-898b-d2fdb8157fb0	250	3.2236386935492937e-06	0.011966011323518745	13.6008	6	PAC006	U2OS	6H	P21	azasetron	10uM	down
REP.A014_PC3_24H_D02_clofazimine_3.33uM up	9917ceb5-377d-4a54-ae72-be0fe98a44bd	250	3.2236386935492937e-06	0.011966011323518745	13.6008	6	REP.A014	PC3	24H	D02	clofazimine	3.33uM	up
REP.B019_JURKAT_24H_E17_hymecromone_0.03uM up	4f82dd2b-3578-4df1-b46b-850d3bd4caf5	250	3.2236386935492937e-06	0.011966011323518745	13.6008	6	REP.B019	JURKAT	24H	E17	hymecromone	0.03uM	up
ASG002_GI1_24H_G12_tamibarotene_0.12uM up	5de29ae2-7bea-4e42-b3d8-747aca0236ea	250	3.2236386935492937e-06	0.011966011323518745	13.6008	6	ASG002	GI1	24H	G12	tamibarotene	0.12uM	up
CPC006_A549_24H_O12_CHEMBL-374350_10uM up	fd49e5df-5ddf-4cf6-906c-746e82d6750d	250	3.2236386935492937e-06	0.011966011323518745	13.6008	6	CPC006	A549	24H	O12	CHEMBL-374350	10uM	up
CPC009_HA1E_6H_O12_BRD-K65242613_10uM up	f2cc0a56-2d31-4be0-b6c1-0a53f6953e4b	250	3.2236386935492937e-06	0.011966011323518745	13.6008	6	CPC009	HA1E	6H	O12	BRD-K65242613	10uM	up
REP.B013_THP1_24H_L01_protriptyline_2.22uM down	b8186464-8cbb-4052-b624-bd9a206f4c98	250	3.2236386935492937e-06	0.011966011323518745	13.6008	6	REP.B013	THP1	24H	L01	protriptyline	2.22uM	down
CPC019_PC3_6H_L07_BRD-K46255814_10uM down	cb905572-9253-4cc6-a1ff-1dad365d2440	250	3.2236386935492937e-06	0.011966011323518745	13.6008	6	CPC019	PC3	6H	L07	BRD-K46255814	10uM	down
FIBR004_MCLF027CN_6H_K14_BRD-A24054354_4uM up	9b291c06-6bce-4ad3-9ed4-2f905f687fea	250	3.2236386935492937e-06	0.011966011323518745	13.6008	6	FIBR004	MCLF027CN	6H	K14	BRD-A24054354	4uM	up
LJP005_HT29_24H_M13_NVP-BEZ235_10uM up	afd2e1d2-c39c-433f-b499-79ade79e17e4	250	3.2236386935492937e-06	0.011966011323518745	13.6008	6	LJP005	HT29	24H	M13	NVP-BEZ235	10uM	up
MOAR011_GI1_24H_A18_piketoprofen_1.11uM down	27847396-f57b-4139-90d8-33fa6e6a8e83	250	3.2236386935492937e-06	0.011966011323518745	13.6008	6	MOAR011	GI1	24H	A18	piketoprofen	1.11uM	down
CPC008_VCAP_24H_N11_VU-0418947-2_10uM up	2f921076-dbb8-4c85-a9d3-3c251d17010e	250	3.2236386935492937e-06	0.011966011323518745	13.6008	6	CPC008	VCAP	24H	N11	VU-0418947-2	10uM	up
XPR019_PC3.311B_96H_G01_KIF19 down	ba1ccf89-102d-40a2-929b-4b2031c43c7c	250	5.905217584741984e-05	0.025489589888778037	11.334	5	XPR019	PC3.311B	96H	G01	KIF19	N/A	down
REP.B014_MCF10A_24H_H03_targinine_0.25uM up	507e2365-0a59-4fe6-9bec-05eaface4fc4	250	5.905217584741984e-05	0.025489589888778037	11.334	5	REP.B014	MCF10A	24H	H03	targinine	0.25uM	up
REP.B018_THP1_24H_H09_raloxifene_0.25uM down	ebea7bbf-7ef4-4313-ad72-b17fa54b30db	250	5.905217584741984e-05	0.025489589888778037	11.334	5	REP.B018	THP1	24H	H09	raloxifene	0.25uM	down
PCL001_HCC515_24H_M13_D-4476_10uM up	52ca90c5-1e6f-4986-a8b5-bf9c001ecfaa	250	5.905217584741984e-05	0.025489589888778037	11.334	5	PCL001	HCC515	24H	M13	D-4476	10uM	up
REP.B022_HA1E_24H_O20_almitrine_0.74uM up	994c2277-b76b-4660-8119-52dd69cc2722	250	5.905217584741984e-05	0.025489589888778037	11.334	5	REP.B022	HA1E	24H	O20	almitrine	0.74uM	up
REP.B024_HA1E_24H_L16_LY-2090314_0.08uM down	0b6f66ff-2e2e-4beb-b165-5636ccb1f67a	250	5.905217584741984e-05	0.025489589888778037	11.334	5	REP.B024	HA1E	24H	L16	LY-2090314	0.08uM	down
REP.B027_THP1_24H_B19_thiomersal_2.22uM down	f1fa56de-a659-4533-95cd-772e44e059f3	250	5.905217584741984e-05	0.025489589888778037	11.334	5	REP.B027	THP1	24H	B19	thiomersal	2.22uM	down
REP.B028_JURKAT_24H_M02_PA-824_0.74uM up	2861f18c-9e78-43a7-8df7-50f54374d0e9	250	5.905217584741984e-05	0.025489589888778037	11.334	5	REP.B028	JURKAT	24H	M02	PA-824	0.74uM	up
XPR008_HT29.311_96H_C24_NFKB1 up	dd7cab7c-84a4-470c-9be3-9e02f3285565	250	5.905217584741984e-05	0.025489589888778037	11.334	5	XPR008	HT29.311	96H	C24	NFKB1	N/A	up
XPR012_MCF7.311_96H_M16_BCKDK down	f944d82f-60fd-4234-860e-c6b0065e3eb2	250	5.905217584741984e-05	0.025489589888778037	11.334	5	XPR012	MCF7.311	96H	M16	BCKDK	N/A	down
XPR014_MCF7.311_96H_L07_CHST1 up	7a615cea-47e8-407c-9ae9-42e979d90249	250	5.905217584741984e-05	0.025489589888778037	11.334	5	XPR014	MCF7.311	96H	L07	CHST1	N/A	up
XPR016_A375.311_96H_G09_DOHH down	8cad9e21-0cb0-4bc1-81cd-95c0390d18dd	250	5.905217584741984e-05	0.025489589888778037	11.334	5	XPR016	A375.311	96H	G09	DOHH	N/A	down
XPR044_U251MG.311_96H_I01_BRD2 up	6c78b808-bd1d-4f14-94fd-49c5ce94977b	250	5.905217584741984e-05	0.025489589888778037	11.334	5	XPR044	U251MG.311	96H	I01	BRD2	N/A	up
AICHI001_TMD8_4H_H03_ruxolitinib_0.66uM up	8597940d-2185-40af-a470-6ee4bced910b	250	5.905217584741984e-05	0.025489589888778037	11.334	5	AICHI001	TMD8	4H	H03	ruxolitinib	0.66uM	up
ASG002_IGR37_24H_D05_birinapant_1.11uM up	662ae134-de2c-416e-938d-1a2224d0abe5	250	5.905217584741984e-05	0.025489589888778037	11.334	5	ASG002	IGR37	24H	D05	birinapant	1.11uM	up
ASG002_MELHO_24H_F19_alectinib_10uM up	83d9f1e5-5733-4d34-9789-341368d5e30d	250	5.905217584741984e-05	0.025489589888778037	11.334	5	ASG002	MELHO	24H	F19	alectinib	10uM	up
ASG002_OVK18_24H_F16_gefitinib_10uM up	5c956ed5-ec21-44ef-9139-9ed842f8598a	250	5.905217584741984e-05	0.025489589888778037	11.334	5	ASG002	OVK18	24H	F16	gefitinib	10uM	up
ASG002_TOV112D_24H_F08_lomerizine_1.11uM up	42fff3d3-6a96-4da0-bcc3-87b637bdc0ac	250	5.905217584741984e-05	0.025489589888778037	11.334	5	ASG002	TOV112D	24H	F08	lomerizine	1.11uM	up
REP.A003_HELA_3H_N05_dacarbazine_0.125uM up	ab4f7ccf-7821-47cf-9a44-a8c070cafe7b	250	5.905217584741984e-05	0.025489589888778037	11.334	5	REP.A003	HELA	3H	N05	dacarbazine	0.125uM	up
CPC001_PC3_6H_N21_Ro-08-2750_10uM down	bedafcef-7e7a-4313-a827-d14b465e3825	250	5.905217584741984e-05	0.025489589888778037	11.334	5	CPC001	PC3	6H	N21	Ro-08-2750	10uM	down
CPC006_HA1E_24H_B20_flutamide_30uM up	46edd37e-f955-460c-b927-4e813548a4ff	250	5.905217584741984e-05	0.025489589888778037	11.334	5	CPC006	HA1E	24H	B20	flutamide	30uM	up
CPC006_VCAP_6H_J10_EX-527_25uM up	3b5da727-e609-4e69-89eb-aa76f1854be8	250	5.905217584741984e-05	0.025489589888778037	11.334	5	CPC006	VCAP	6H	J10	EX-527	25uM	up
REP.A019_MDAMB231_24H_E02_NXY-059_3.33uM down	e48bbc61-2dd7-4dbe-b78e-6b755ab87df5	250	5.905217584741984e-05	0.025489589888778037	11.334	5	REP.A019	MDAMB231	24H	E02	NXY-059	3.33uM	down
CPC010_MCF7_24H_A17_PSH-012_10uM up	3c7d7e39-8ae9-4037-ae81-cae171967322	250	5.905217584741984e-05	0.025489589888778037	11.334	5	CPC010	MCF7	24H	A17	PSH-012	10uM	up
CPC012_ASC_24H_B22_BRD-K83998179_10uM up	c70801f7-3be4-490b-92d5-08174ff4a7be	250	5.905217584741984e-05	0.025489589888778037	11.334	5	CPC012	ASC	24H	B22	BRD-K83998179	10uM	up
CPC013_HCC515_6H_O13_BRD-K36591038_10uM down	9418fcd9-8442-435b-acd9-092d85696dbc	250	5.905217584741984e-05	0.025489589888778037	11.334	5	CPC013	HCC515	6H	O13	BRD-K36591038	10uM	down
CPC016_MCF7_6H_P10_thiethylperazine_10uM down	860f0b67-bbe3-4543-a133-09d12585fa50	250	5.905217584741984e-05	0.025489589888778037	11.334	5	CPC016	MCF7	6H	P10	thiethylperazine	10uM	down
CRCGN007_HEPG2_24H_K12_wortmannin_0.08uM down	0c045042-7b80-42c6-b54d-31c337bd971e	250	5.905217584741984e-05	0.025489589888778037	11.334	5	CRCGN007	HEPG2	24H	K12	wortmannin	0.08uM	down
CVD001_HUH7_24H_O05_BRD-K67774729_10uM up	89ead43f-dc15-49e5-9261-8dcbada44b92	250	5.905217584741984e-05	0.025489589888778037	11.334	5	CVD001	HUH7	24H	O05	BRD-K67774729	10uM	up
CVD001_HUH7_6H_E11_bucladesine_10uM down	4fd29fe1-23cd-4003-8982-3335fd569f16	250	5.905217584741984e-05	0.025489589888778037	11.334	5	CVD001	HUH7	6H	E11	bucladesine	10uM	down
DOS033_A549_24H_A06_BRD-K36048022_4uM down	a73c84fc-e78a-4100-ace0-6e079fcd62b6	250	5.905217584741984e-05	0.025489589888778037	11.334	5	DOS033	A549	24H	A06	BRD-K36048022	4uM	down
DOS060_A549_24H_G24_BRD-K39394160_4uM down	b936e06f-f2ad-4a73-997d-41e19d845461	250	5.905217584741984e-05	0.025489589888778037	11.334	5	DOS060	A549	24H	G24	BRD-K39394160	4uM	down
DOSVAL001_HCC515_24H_D07_BRD-K41335306_10uM up	a632ed92-7684-4d8b-8c02-41cf7eee27a5	250	5.905217584741984e-05	0.025489589888778037	11.334	5	DOSVAL001	HCC515	24H	D07	BRD-K41335306	10uM	up
ERG003_VCAP_6H_J05_BRD-K34394296_30uM up	66c41c03-5e17-48cb-bf27-982afc017e88	250	5.905217584741984e-05	0.025489589888778037	11.334	5	ERG003	VCAP	6H	J05	BRD-K34394296	30uM	up
XPR033_ES2.311_96H_F19_KCNE2 down	63c0a6bb-16ef-419c-ac1f-039dfd1eaa5d	250	5.905217584741984e-05	0.025489589888778037	11.334	5	XPR033	ES2.311	96H	F19	KCNE2	N/A	down
FIBR002_MCLF117SZ_6H_H18_ABT-737_4uM up	5354c46f-ead8-4995-8e44-77f7d86c5377	250	5.905217584741984e-05	0.025489589888778037	11.334	5	FIBR002	MCLF117SZ	6H	H18	ABT-737	4uM	up
FIBR004_MCLF027CN_6H_N15_narciclasine_0.37uM up	f750949f-3146-44d4-86c6-d897e90e3751	250	5.905217584741984e-05	0.025489589888778037	11.334	5	FIBR004	MCLF027CN	6H	N15	narciclasine	0.37uM	up
FIBR027_MCLF130CN_6H_H12_pterostilbene_4uM down	f25a791a-40c4-4314-be22-688f5a85528a	250	5.905217584741984e-05	0.025489589888778037	11.334	5	FIBR027	MCLF130CN	6H	H12	pterostilbene	4uM	down
FIBR029_MCLF040SZ_6H_E24_HLI-373_4uM down	e5114182-5d66-4e4e-be82-a4edb6d826a8	250	5.905217584741984e-05	0.025489589888778037	11.334	5	FIBR029	MCLF040SZ	6H	E24	HLI-373	4uM	down
FIBR040_MCLF056CN_6H_F13_etomoxir_4uM down	97e0c2f9-ebaa-4428-a2cb-9f7956968854	250	5.905217584741984e-05	0.025489589888778037	11.334	5	FIBR040	MCLF056CN	6H	F13	etomoxir	4uM	down
FIBR041_MCLF0067SZ_6H_P01_estradiol_0.37uM down	806de9c9-67f0-4e1c-9005-01469c7a4c5c	250	5.905217584741984e-05	0.025489589888778037	11.334	5	FIBR041	MCLF0067SZ	6H	P01	estradiol	0.37uM	down
KMS002_THP1_24H_C09_TUL_XXI035_0.01uM down	bfb192d5-b6b4-48cb-92aa-ea025e2ff12f	250	5.905217584741984e-05	0.025489589888778037	11.334	5	KMS002	THP1	24H	C09	TUL	XXI035_0.01uM	down
LJP008_HEK293_24H_O12_AZ-20_0.04uM down	809642a0-3f5f-40a0-9596-799de91e7685	250	5.905217584741984e-05	0.025489589888778037	11.334	5	LJP008	HEK293	24H	O12	AZ-20	0.04uM	down
LJP009_NPC_24H_E07_pyrazolanthrone_10uM up	f65cb4b7-5a75-47bc-a698-bf8c9c34254f	250	5.905217584741984e-05	0.025489589888778037	11.334	5	LJP009	NPC	24H	E07	pyrazolanthrone	10uM	up
LKCP001_A549_6H_G01_nilotinib_10uM up	b6285a44-1a11-47e9-b2b0-0e5967e3c929	250	5.905217584741984e-05	0.025489589888778037	11.334	5	LKCP001	A549	6H	G01	nilotinib	10uM	up
LKCP002_A549_6H_F18_acalabrutinib_0.08uM up	96ea025d-d592-48cd-bad4-002e18124604	250	5.905217584741984e-05	0.025489589888778037	11.334	5	LKCP002	A549	6H	F18	acalabrutinib	0.08uM	up
LRS001_PHH.MGH_24H_F20_propranolol_3.33uM up	c505e42c-83eb-4e7e-a20a-caf80501faee	250	5.905217584741984e-05	0.025489589888778037	11.334	5	LRS001	PHH.MGH	24H	F20	propranolol	3.33uM	up
MOAR008_NCIH2110_24H_N03_igmesine_1.11uM down	f9e5e2b1-50fb-4469-b397-b26e47063b33	250	5.905217584741984e-05	0.025489589888778037	11.334	5	MOAR008	NCIH2110	24H	N03	igmesine	1.11uM	down
MOAR009_BEN_24H_H01_KBG_10uM up	b084f694-8dc2-4cc4-a05e-bfab936a8d57	250	5.905217584741984e-05	0.025489589888778037	11.334	5	MOAR009	BEN	24H	H01	KBG	10uM	up
MOAR009_MDAMB468_24H_P19_SB-225002_10uM up	ce994002-0eaa-4ceb-a88f-66fdcdbfd7cb	250	5.905217584741984e-05	0.025489589888778037	11.334	5	MOAR009	MDAMB468	24H	P19	SB-225002	10uM	up
MOAR010_MELHO_24H_G02_IOX2_3.33uM up	e260cbd1-d18c-423a-a16c-b7364d75f70e	250	5.905217584741984e-05	0.025489589888778037	11.334	5	MOAR010	MELHO	24H	G02	IOX2	3.33uM	up
MOAR011_OVTOKO_24H_H18_eptifibatide_1.11uM down	2f360b7b-6392-4a23-860d-93768b65e70c	250	5.905217584741984e-05	0.025489589888778037	11.334	5	MOAR011	OVTOKO	24H	H18	eptifibatide	1.11uM	down
NMH002_NPC_24H_K08_QS-11_10uM up	5880485b-ad73-42f9-aa2e-8893978d7271	250	5.905217584741984e-05	0.025489589888778037	11.334	5	NMH002	NPC	24H	K08	QS-11	10uM	up
PAC010_U2OS_6H_K18_BRD-K11010670_10uM down	10374c3a-a9c5-4bc6-98c6-c97232763bc7	250	5.905217584741984e-05	0.025489589888778037	11.334	5	PAC010	U2OS	6H	K18	BRD-K11010670	10uM	down
PAC026_U2OS_6H_D07_BRD-K75539052_10uM down	5daf5cd3-488c-4376-b677-cc5b8b350cb5	250	5.905217584741984e-05	0.025489589888778037	11.334	5	PAC026	U2OS	6H	D07	BRD-K75539052	10uM	down
PCL001_MCF7_24H_G08_BRD-A11087911_3.33uM down	f6b7cd5a-ae0b-472e-a076-0cf11e9117b9	250	5.905217584741984e-05	0.025489589888778037	11.334	5	PCL001	MCF7	24H	G08	BRD-A11087911	3.33uM	down
RAD001_A549_6H_P22_JMW-MITF1_0.002uM up	89d5cfc2-1db5-4a98-9076-cb98cd805bd7	250	5.905217584741984e-05	0.025489589888778037	11.334	5	RAD001	A549	6H	P22	JMW-MITF1	0.002uM	up
REP.A005_HT29_24H_L03_propranolol_1.11uM up	edf51a8d-f2b5-46d3-8646-ee3921e4b1fa	250	5.905217584741984e-05	0.025489589888778037	11.334	5	REP.A005	HT29	24H	L03	propranolol	1.11uM	up
REP.A013_MCF10A_24H_G19_efavirenz_10uM up	90392f2a-5c62-4375-9bd4-defc79c84c60	250	5.905217584741984e-05	0.025489589888778037	11.334	5	REP.A013	MCF10A	24H	G19	efavirenz	10uM	up
REP.B010_HA1E_24H_I24_MK-0812_0.01uM down	9590b69a-8f13-4e11-bea7-3f0dc997c5c4	250	5.905217584741984e-05	0.025489589888778037	11.334	5	REP.B010	HA1E	24H	I24	MK-0812	0.01uM	down
REP.B006_HA1E_24H_N06_diphenylpyraline_0.01uM up	0807b122-4b13-448a-963c-b6b00fa4b0ed	250	5.905217584741984e-05	0.025489589888778037	11.334	5	REP.B006	HA1E	24H	N06	diphenylpyraline	0.01uM	up
REP.B013_PC3_24H_N11_loxoprofen_0.03uM down	6d899f53-2317-40ca-af17-26c8ab20eda2	250	5.905217584741984e-05	0.025489589888778037	11.334	5	REP.B013	PC3	24H	N11	loxoprofen	0.03uM	down
REP.B028_JURKAT_24H_K13_etanidazole_2.22uM down	e184ff85-1daf-410c-be48-367cccce928d	250	5.905217584741984e-05	0.025489589888778037	11.334	5	REP.B028	JURKAT	24H	K13	etanidazole	2.22uM	down
XPR009_HT29.311_96H_H02_COMT up	bea9150c-50eb-432b-91ea-7a39365e52af	250	5.905217584741984e-05	0.025489589888778037	11.334	5	XPR009	HT29.311	96H	H02	COMT	N/A	up
XPR009_HT29.311_96H_J07_APOA1 down	f11985a5-7ac4-41c7-9e0c-bbe45fb54981	250	5.905217584741984e-05	0.025489589888778037	11.334	5	XPR009	HT29.311	96H	J07	APOA1	N/A	down
XPR020_AGS.311_96H_O13_LZTS3 up	9688bf60-156e-4ee8-b6b4-8f8cea3565bf	250	5.905217584741984e-05	0.025489589888778037	11.334	5	XPR020	AGS.311	96H	O13	LZTS3	N/A	up
XPR028_AGS.311_96H_O24_PCCA down	c5500180-61a0-4f44-8b10-38759b3be68d	250	5.905217584741984e-05	0.025489589888778037	11.334	5	XPR028	AGS.311	96H	O24	PCCA	N/A	down
XPR033_MCF7.311_96H_G18_TGM2 up	879d3dd4-23d0-4538-8a64-41d27baf77db	250	5.905217584741984e-05	0.025489589888778037	11.334	5	XPR033	MCF7.311	96H	G18	TGM2	N/A	up
AICHI001_K562_24H_P09_GDC-834_0.66uM down	1591bd7a-0dbf-4433-b0ca-ecb3373b03ec	250	5.905217584741984e-05	0.025489589888778037	11.334	5	AICHI001	K562	24H	P09	GDC-834	0.66uM	down
XPR034_U251MG.311_96H_D24_TRRAP up	b1eb10ab-6d10-4ce9-82db-c14e7f9cdc85	250	5.905217584741984e-05	0.025489589888778037	11.334	5	XPR034	U251MG.311	96H	D24	TRRAP	N/A	up
REP.B026_MCF10A_24H_P19_bucladesine_2.22uM down	ac68b372-ca84-4434-93e7-163c0bfe462c	250	5.905217584741984e-05	0.025489589888778037	11.334	5	REP.B026	MCF10A	24H	P19	bucladesine	2.22uM	down
ASG002_T47D_24H_I04_daunorubicin_10uM up	337e2fc7-de17-4d91-bd65-31e4075d5da8	250	5.905217584741984e-05	0.025489589888778037	11.334	5	ASG002	T47D	24H	I04	daunorubicin	10uM	up
ASG003_XC.P026_24H_C08_axitinib_1.11uM down	e1c5bd96-3c7c-45e4-bc25-e60fe9dd2249	250	5.905217584741984e-05	0.025489589888778037	11.334	5	ASG003	XC.P026	24H	C08	axitinib	1.11uM	down
ASG003_XC.P910_24H_C09_axitinib_0.12uM down	1d00ab17-e1a5-4983-990d-fd0408b9ae3a	250	5.905217584741984e-05	0.025489589888778037	11.334	5	ASG003	XC.P910	24H	C09	axitinib	0.12uM	down
CPC001_VCAP_24H_K06_adipiodone_10uM down	f931a862-51c6-4dbf-97e2-fef2e9efcca9	250	5.905217584741984e-05	0.025489589888778037	11.334	5	CPC001	VCAP	24H	K06	adipiodone	10uM	down
CPC003_PC3_6H_L16_lasalocid_10uM up	b6c69f8a-dc01-4356-8d70-9bbc5b6dc8b8	250	5.905217584741984e-05	0.025489589888778037	11.334	5	CPC003	PC3	6H	L16	lasalocid	10uM	up
REP.B028_JURKAT_24H_F02_dexamethasone-acetate_0.74uM down	4a3dbe1e-9284-499f-9889-3ea07a7c3c32	250	5.905217584741984e-05	0.025489589888778037	11.334	5	REP.B028	JURKAT	24H	F02	dexamethasone-acetate	0.74uM	down
AICHI002_OCILY19_24H_I22_PRT-062607_0.125uM down	33f951f9-da72-4ec0-8c5e-42f6eac6bb40	250	5.905217584741984e-05	0.025489589888778037	11.334	5	AICHI002	OCILY19	24H	I22	PRT-062607	0.125uM	down
CPC006_PC3_24H_N02_DG-041_40uM down	79b1eae4-e7f7-49dc-aa4c-b9d3ef5e636e	250	5.905217584741984e-05	0.025489589888778037	11.334	5	CPC006	PC3	24H	N02	DG-041	40uM	down
CPC007_A549_6H_A05_BRD-K29715937_10uM down	98599a15-860c-4c0d-95f5-2191590b8044	250	5.905217584741984e-05	0.025489589888778037	11.334	5	CPC007	A549	6H	A05	BRD-K29715937	10uM	down
ASG002_A549_24H_B07_ABT-751_10uM down	a0c39bae-e8f8-4517-9f26-d39c3c0e27a2	250	5.905217584741984e-05	0.025489589888778037	11.334	5	ASG002	A549	24H	B07	ABT-751	10uM	down
CPC013_VCAP_6H_O10_JW-7-24-1_10uM up	1b25f0b2-6601-4963-b063-8b290327420a	250	5.905217584741984e-05	0.025489589888778037	11.334	5	CPC013	VCAP	6H	O10	JW-7-24-1	10uM	up
CPC015_A549_24H_C15_flumetasone_10uM down	5a921519-f09d-40de-a9ae-c72f29ddab98	250	5.905217584741984e-05	0.025489589888778037	11.334	5	CPC015	A549	24H	C15	flumetasone	10uM	down
CPC016_NPC_24H_F10_PNU-96415E_10uM up	40e1eec4-193e-4e05-b7df-b055300d8ca5	250	5.905217584741984e-05	0.025489589888778037	11.334	5	CPC016	NPC	24H	F10	PNU-96415E	10uM	up
CPC020_PC3_6H_I06_valsartan_10uM down	47a43fa0-4060-4104-81b0-50aa84dad7fa	250	5.905217584741984e-05	0.025489589888778037	11.334	5	CPC020	PC3	6H	I06	valsartan	10uM	down
CVD001_HUH7_6H_A05_BRD-K07339740_10uM up	dba572bf-c629-49fb-a7ec-68500590d22e	250	5.905217584741984e-05	0.025489589888778037	11.334	5	CVD001	HUH7	6H	A05	BRD-K07339740	10uM	up
ASG002_BICR6_24H_G07_trametinib_10uM up	d5550c80-00bd-4716-b786-7c6afe53787a	250	5.905217584741984e-05	0.025489589888778037	11.334	5	ASG002	BICR6	24H	G07	trametinib	10uM	up
DOSVAL002_MCF7_24H_O19_BRD-K44242139_20uM up	616752b3-29f4-4c3e-8d00-067217e48a12	250	5.905217584741984e-05	0.025489589888778037	11.334	5	DOSVAL002	MCF7	24H	O19	BRD-K44242139	20uM	up
DOSVAL006_A375_24H_P08_BRD-K90546933_10uM up	30e485cc-9765-412d-8022-563fdb9fddda	250	5.905217584741984e-05	0.025489589888778037	11.334	5	DOSVAL006	A375	24H	P08	BRD-K90546933	10uM	up
ERG020_VCAP_24H_E10_BRD-K89953543_10uM up	0c167ada-d68f-4897-b8da-e6cfcb339c4a	250	5.905217584741984e-05	0.025489589888778037	11.334	5	ERG020	VCAP	24H	E10	BRD-K89953543	10uM	up
ASG002_HEC251_24H_P20_idarubicin_1.11uM up	d080578f-4d5c-4b7d-b813-a96100a0a87c	250	5.905217584741984e-05	0.025489589888778037	11.334	5	ASG002	HEC251	24H	P20	idarubicin	1.11uM	up
ASG002_JHH7_24H_K03_ceritinib_0.12uM up	8ceefd0d-d5d9-4f6b-8afa-02011dc9ee19	250	5.905217584741984e-05	0.025489589888778037	11.334	5	ASG002	JHH7	24H	K03	ceritinib	0.12uM	up
FIBR022_MCLF037SZ_6H_J21_malonoben_4uM up	ce3a0b5d-a4af-4699-b626-a68ab5ff2801	250	5.905217584741984e-05	0.025489589888778037	11.334	5	FIBR022	MCLF037SZ	6H	J21	malonoben	4uM	up
FIBR040_MCLF056CN_6H_I14_PAC-1_25uM up	f78d3ee6-10da-4cf7-bf77-1d7ccac28a50	250	5.905217584741984e-05	0.025489589888778037	11.334	5	FIBR040	MCLF056CN	6H	I14	PAC-1	25uM	up
FIBR042_MCLF0067SZ_6H_C05_piperlongumine_4uM down	8d7b0f78-2297-4e7c-bdb9-ca8987344e9d	250	5.905217584741984e-05	0.025489589888778037	11.334	5	FIBR042	MCLF0067SZ	6H	C05	piperlongumine	4uM	down
HDAC001_PC3_6H_C08_BRD-K99636700_2.5uM up	64772859-19ed-4a19-9a94-43454ce0638a	250	5.905217584741984e-05	0.025489589888778037	11.334	5	HDAC001	PC3	6H	C08	BRD-K99636700	2.5uM	up
LCP001_MCF10A.KRAS.HG_24H_M03_niclosamide_1.11uM up	3e7571cb-406c-462b-9e6a-603705c265a2	250	5.905217584741984e-05	0.025489589888778037	11.334	5	LCP001	MCF10A.KRAS.HG	24H	M03	niclosamide	1.11uM	up
LGR001_XC.L100.L_96H_F10_crizotinib_0.37uM up	bfab9eac-5c8e-46b6-8082-54df73a77595	250	5.905217584741984e-05	0.025489589888778037	11.334	5	LGR001	XC.L100.L	96H	F10	crizotinib	0.37uM	up
LJP005_MCF10A_3H_M19_erlotinib_10uM up	d2672e3c-5cf8-409c-b409-946f8d265829	250	5.905217584741984e-05	0.025489589888778037	11.334	5	LJP005	MCF10A	3H	M19	erlotinib	10uM	up
LJP006_HME1_3H_E04_PD-0325901_0.37uM up	412a3b09-7191-45e5-8382-13a7d293a4f0	250	5.905217584741984e-05	0.025489589888778037	11.334	5	LJP006	HME1	3H	E04	PD-0325901	0.37uM	up
LJP008_HUVEC_24H_O01_PD-0325901_10uM up	1661ecf1-cc32-41e9-8c13-d7d6cece3127	250	5.905217584741984e-05	0.025489589888778037	11.334	5	LJP008	HUVEC	24H	O01	PD-0325901	10uM	up
LJP009_HME1_24H_M14_SGX-523_3.33uM down	5addb044-1d2c-4824-b702-482a0373b0df	250	5.905217584741984e-05	0.025489589888778037	11.334	5	LJP009	HME1	24H	M14	SGX-523	3.33uM	down
LJP009_NPC_24H_M19_MGCD-265_10uM down	4fab8b61-56fe-4aaa-a300-ddb733dbbae5	250	5.905217584741984e-05	0.025489589888778037	11.334	5	LJP009	NPC	24H	M19	MGCD-265	10uM	down
LJP009_PC3_24H_I01_CG-930_10uM down	44e0fab5-2af8-4ceb-9b05-56f007b6b321	250	5.905217584741984e-05	0.025489589888778037	11.334	5	LJP009	PC3	24H	I01	CG-930	10uM	down
MOAR001_PC3_24H_M16_GW-2580_10uM up	c269657a-d975-4683-9151-f9f5a89dfc8c	250	5.905217584741984e-05	0.025489589888778037	11.334	5	MOAR001	PC3	24H	M16	GW-2580	10uM	up
MOAR008_CJM_24H_A24_daprodustat_1.11uM up	9986eac4-e237-47bc-807b-c9e5b3ded93e	250	5.905217584741984e-05	0.025489589888778037	11.334	5	MOAR008	CJM	24H	A24	daprodustat	1.11uM	up
MOAR010_HEC108_24H_N14_cianidanol_3.33uM up	eb2d2174-8004-4448-959e-44e84a5cb506	250	5.905217584741984e-05	0.025489589888778037	11.334	5	MOAR010	HEC108	24H	N14	cianidanol	3.33uM	up
MOAR011_HEC1A_24H_K01_cinchonidine_10uM up	c467f190-490e-403c-85d3-b0f19e5339bd	250	5.905217584741984e-05	0.025489589888778037	11.334	5	MOAR011	HEC1A	24H	K01	cinchonidine	10uM	up
PAC006_U2OS_6H_A24_ICI-89406_10uM down	9e239322-d508-4c21-b947-8284dffcc819	250	5.905217584741984e-05	0.025489589888778037	11.334	5	PAC006	U2OS	6H	A24	ICI-89406	10uM	down
PAC051_U2OS_6H_B09_BRD-K08373870_10uM up	b70ab62a-485e-4768-8398-bb511da72abf	250	5.905217584741984e-05	0.025489589888778037	11.334	5	PAC051	U2OS	6H	B09	BRD-K08373870	10uM	up
PBIOA018_HT29_24H_N14_BRD-K21740361_3.33uM up	617c7f09-32c6-4bc1-8eef-6f10e92c8a2d	250	5.905217584741984e-05	0.025489589888778037	11.334	5	PBIOA018	HT29	24H	N14	BRD-K21740361	3.33uM	up
AICHI001_BJAB_4H_D01_BI-D1870_10uM down	b42eb35a-84bb-4adc-8792-6232ae3ce860	250	5.905217584741984e-05	0.025489589888778037	11.334	5	AICHI001	BJAB	4H	D01	BI-D1870	10uM	down
PCLB001_PC3_6H_K16_avicin-g_3.33uM up	392b3d59-7d90-4f5e-a743-7f9567e09472	250	5.905217584741984e-05	0.025489589888778037	11.334	5	PCLB001	PC3	6H	K16	avicin-g	3.33uM	up
REP.A002_HT29_24H_G13_bortezomib_20uM up	10970ae7-eecc-4b3b-9635-1b426ee57bad	250	5.905217584741984e-05	0.025489589888778037	11.334	5	REP.A002	HT29	24H	G13	bortezomib	20uM	up
REP.A008_YAPC_24H_M21_elacridar_1.11uM down	b8ae0750-8bcf-425b-8af8-e5168d9c6cff	250	5.905217584741984e-05	0.025489589888778037	11.334	5	REP.A008	YAPC	24H	M21	elacridar	1.11uM	down
REP.A014_HA1E_24H_N19_teroxirone_10uM down	35ff1ed7-0e89-41cd-aa56-cb8573aef775	250	5.905217584741984e-05	0.025489589888778037	11.334	5	REP.A014	HA1E	24H	N19	teroxirone	10uM	down
REP.A015_MDAMB231_24H_E14_dacinostat_3.33uM down	5a4c23ed-1d52-46a6-93be-5bdaa3d2f398	250	5.905217584741984e-05	0.025489589888778037	11.334	5	REP.A015	MDAMB231	24H	E14	dacinostat	3.33uM	down
REP.A024_HEK293_24H_B17_BRD-A20239487_0.125uM down	2c4cea07-1cea-4e80-aa7c-c0d144fdf613	250	5.905217584741984e-05	0.025489589888778037	11.334	5	REP.A024	HEK293	24H	B17	BRD-A20239487	0.125uM	down
REP.B003_A375_24H_O10_oprozomib_0.08uM down	3aee76a2-80f8-4a7f-a9ca-bff78dc844e4	250	5.905217584741984e-05	0.025489589888778037	11.334	5	REP.B003	A375	24H	O10	oprozomib	0.08uM	down
REP.B012_MDAMB231_24H_B20_KBG_0.74uM up	bf9c5a04-81c9-46f6-9bef-b2cebdef83dc	250	5.905217584741984e-05	0.025489589888778037	11.334	5	REP.B012	MDAMB231	24H	B20	KBG	0.74uM	up
REP.B013_YAPC_24H_F14_atipamezole_0.74uM up	b0fb5a3f-e376-469d-b2c5-76e9b5b85b59	250	5.905217584741984e-05	0.025489589888778037	11.334	5	REP.B013	YAPC	24H	F14	atipamezole	0.74uM	up
REP.B014_MCF7_24H_D23_piroxicam_0.03uM up	412af2cc-8be0-4c42-89b5-3684a1759746	250	5.905217584741984e-05	0.025489589888778037	11.334	5	REP.B014	MCF7	24H	D23	piroxicam	0.03uM	up
REP.B017_MDAMB231_24H_J12_aminocaproic-acid_0.01uM down	f4a3c9ad-82c8-43ce-87e5-ec22b9715a43	250	5.905217584741984e-05	0.025489589888778037	11.334	5	REP.B017	MDAMB231	24H	J12	aminocaproic-acid	0.01uM	down
REP.B020_JURKAT_24H_I21_merbarone_0.25uM down	6882e1b3-3f20-4ab4-b72b-aefd3fcbd0db	250	5.905217584741984e-05	0.025489589888778037	11.334	5	REP.B020	JURKAT	24H	I21	merbarone	0.25uM	down
REP.B020_MCF10A_24H_E16_zalcitabine_0.08uM up	6ecf7f8f-41ee-4d73-bbdb-830bac41e036	250	5.905217584741984e-05	0.025489589888778037	11.334	5	REP.B020	MCF10A	24H	E16	zalcitabine	0.08uM	up
REP.B020_PC3_24H_K23_phenazone_0.03uM down	7770fe47-01e2-46a6-95c7-cd26520ad8c7	250	5.905217584741984e-05	0.025489589888778037	11.334	5	REP.B020	PC3	24H	K23	phenazone	0.03uM	down
XPR009_MCF7.311_96H_J01_ARFGEF1 up	03541853-764a-44d4-93e7-0763d15312a3	250	5.905217584741984e-05	0.025489589888778037	11.334	5	XPR009	MCF7.311	96H	J01	ARFGEF1	N/A	up
XPR011_U251MG.311_96H_O23_ABCD2 up	5ca09845-505d-4628-acdf-01e1e6d5f8a1	250	5.905217584741984e-05	0.025489589888778037	11.334	5	XPR011	U251MG.311	96H	O23	ABCD2	N/A	up
XPR015_YAPC.311_96H_P08_DNAJC16 down	040d8c4e-462b-41b3-9c03-9c8180647d8e	250	5.905217584741984e-05	0.025489589888778037	11.334	5	XPR015	YAPC.311	96H	P08	DNAJC16	N/A	down
XPR022_AGS.311_96H_B10_THRA down	04859e9d-2a23-4f14-a209-2f0aecd66284	250	5.905217584741984e-05	0.025489589888778037	11.334	5	XPR022	AGS.311	96H	B10	THRA	N/A	down
XPR022_PC3.311B_96H_A04_ASAH1 up	07414d48-8c5a-4ac9-a31b-2237d35aa2bb	250	5.905217584741984e-05	0.025489589888778037	11.334	5	XPR022	PC3.311B	96H	A04	ASAH1	N/A	up
XPR023_A549.311_96H_F24_SETD2 up	759d541e-48a5-4410-a129-07d8971a9b7a	250	5.905217584741984e-05	0.025489589888778037	11.334	5	XPR023	A549.311	96H	F24	SETD2	N/A	up
ASG002_PC3_24H_I20_ponatinib_1.11uM down	2cea7ab2-e056-4575-a8d3-c75970a94849	250	5.905217584741984e-05	0.025489589888778037	11.334	5	ASG002	PC3	24H	I20	ponatinib	1.11uM	down
XPR032_BICR6.311_96H_L20_TUBA1A down	35d08a39-3632-4c32-b3cc-847ae24aa922	250	5.905217584741984e-05	0.025489589888778037	11.334	5	XPR032	BICR6.311	96H	L20	TUBA1A	N/A	down
ASG002_SNU407_24H_A14_TW-37_0.74uM up	52e8eb38-a6c4-44ec-bb33-91916249828e	250	5.905217584741984e-05	0.025489589888778037	11.334	5	ASG002	SNU407	24H	A14	TW-37	0.74uM	up
ASG002_ZR751_24H_K12_bortezomib_20uM up	dfb8184d-c0b9-4ed5-8b90-488d96c56793	250	5.905217584741984e-05	0.025489589888778037	11.334	5	ASG002	ZR751	24H	K12	bortezomib	20uM	up
ASG003_U2OS_48H_P09_taselisib_0.12uM down	8cd5c946-35ad-414c-8046-5351602a5b31	250	5.905217584741984e-05	0.025489589888778037	11.334	5	ASG003	U2OS	48H	P09	taselisib	0.12uM	down
ASG003_XC.P906_24H_N09_TW-37_0.08uM up	c30e50ba-c80c-45fa-be7c-d665102c4c6f	250	5.905217584741984e-05	0.025489589888778037	11.334	5	ASG003	XC.P906	24H	N09	TW-37	0.08uM	up
CPC003_HA1E_6H_A16_BRD-A53131506_10uM up	f0b20a24-8553-4c4b-9797-0b3335eaf96b	250	5.905217584741984e-05	0.025489589888778037	11.334	5	CPC003	HA1E	6H	A16	BRD-A53131506	10uM	up
CPC004_HEPG2_6H_G03_icariin_10uM down	0e08205d-ba22-4723-bd85-c6f9617e755a	250	5.905217584741984e-05	0.025489589888778037	11.334	5	CPC004	HEPG2	6H	G03	icariin	10uM	down
CPC006_A375_6H_D09_capsaicin_150uM up	91a79cee-69f9-4c76-9714-0ef9cb1fe1e9	250	5.905217584741984e-05	0.025489589888778037	11.334	5	CPC006	A375	6H	D09	capsaicin	150uM	up
CPC006_H1299_6H_H18_lonidamine_200uM up	e35b14d9-a74a-4151-b942-7c9c1ccf8047	250	5.905217584741984e-05	0.025489589888778037	11.334	5	CPC006	H1299	6H	H18	lonidamine	200uM	up
CPC006_HA1E_24H_E18_sirolimus_10uM down	2d995828-5c16-43a4-8000-27fe6ed77503	250	5.905217584741984e-05	0.025489589888778037	11.334	5	CPC006	HA1E	24H	E18	sirolimus	10uM	down
ASG003_U2OS_6H_M15_NVP-AUY922_0.08uM down	6f5a5448-0193-460a-b505-4fd9c4a511d5	250	5.905217584741984e-05	0.025489589888778037	11.334	5	ASG003	U2OS	6H	M15	NVP-AUY922	0.08uM	down
CPC006_SW620_6H_D22_SID-26681509_90uM up	ea1c273f-34a0-4f83-a865-9837d6c970e0	250	5.905217584741984e-05	0.025489589888778037	11.334	5	CPC006	SW620	6H	D22	SID-26681509	90uM	up
CPC008_PC3_24H_O22_BRD-K41006959_10uM down	2f24b101-30d3-4648-9fa5-523f67c80759	250	5.905217584741984e-05	0.025489589888778037	11.334	5	CPC008	PC3	24H	O22	BRD-K41006959	10uM	down
ASG003_XC.P901_24H_A19_procaterol_10uM down	b91417f1-13b2-4642-874d-2fbf5f83ec9c	250	5.905217584741984e-05	0.025489589888778037	11.334	5	ASG003	XC.P901	24H	A19	procaterol	10uM	down
CPC012_A375_6H_H12_MW-A1-18_10uM down	000c0eaa-f066-42a7-89dd-d3f13bb03ba9	250	5.905217584741984e-05	0.025489589888778037	11.334	5	CPC012	A375	6H	H12	MW-A1-18	10uM	down
CPC012_MCF7_24H_F09_CAY-10470_10uM up	1d96c702-32ad-4435-8917-239ed97728b5	250	5.905217584741984e-05	0.025489589888778037	11.334	5	CPC012	MCF7	24H	F09	CAY-10470	10uM	up
CPC012_MCF7_6H_F21_VU-0410183-2_10uM up	2727271b-70fd-43f9-aecf-34287901354f	250	5.905217584741984e-05	0.025489589888778037	11.334	5	CPC012	MCF7	6H	F21	VU-0410183-2	10uM	up
ASG003_XC.P901_24H_J17_simvastatin_1.11uM up	d044cec9-92de-4b3d-8af6-2b00024d18db	250	5.905217584741984e-05	0.025489589888778037	11.334	5	ASG003	XC.P901	24H	J17	simvastatin	1.11uM	up
CPC012_VCAP_24H_C20_BRD-K03736784_10uM down	2cb7f4b1-e4e9-4cb3-b118-a71f6c9589f9	250	5.905217584741984e-05	0.025489589888778037	11.334	5	CPC012	VCAP	24H	C20	BRD-K03736784	10uM	down
CPC017_SKB_24H_I13_medrysone_10uM down	1cb7b44b-ccd8-472e-946f-e3a35afc611e	250	5.905217584741984e-05	0.025489589888778037	11.334	5	CPC017	SKB	24H	I13	medrysone	10uM	down
CPC019_HA1E_6H_L05_BIX-02188_10uM up	f3ab4887-05c2-4bfa-aeb8-5838c5140ed9	250	5.905217584741984e-05	0.025489589888778037	11.334	5	CPC019	HA1E	6H	L05	BIX-02188	10uM	up
CPD001_MCF7_24H_F20_clomipramine_10uM up	3d0d5f86-afc2-435c-a2f2-1180b76f1c73	250	5.905217584741984e-05	0.025489589888778037	11.334	5	CPD001	MCF7	24H	F20	clomipramine	10uM	up
CPD001_MCF7_6H_K04_glipizide_10uM down	5825ca15-4894-4544-9df5-ecf635993fe4	250	5.905217584741984e-05	0.025489589888778037	11.334	5	CPD001	MCF7	6H	K04	glipizide	10uM	down
ASG003_XC.P910_24H_P09_taselisib_0.12uM up	e600a34b-0ae2-4a7a-9cf7-22dceb6a59dc	250	5.905217584741984e-05	0.025489589888778037	11.334	5	ASG003	XC.P910	24H	P09	taselisib	0.12uM	up
FIBR001_MCLF117SZ_6H_E05_UK-356618_4uM up	e1d9a715-9df3-40d0-9497-261c37e2195d	250	5.905217584741984e-05	0.025489589888778037	11.334	5	FIBR001	MCLF117SZ	6H	E05	UK-356618	4uM	up
FIBR008_MCLF051CN_6H_G24_BRD-K10693654_40uM down	9c94495a-9c0d-44c5-9c66-113ee42113ed	250	5.905217584741984e-05	0.025489589888778037	11.334	5	FIBR008	MCLF051CN	6H	G24	BRD-K10693654	40uM	down
FIBR013_MCLF162SZ_6H_J16_BRD-K09398529_4uM down	9d12d311-5030-4feb-be2b-d28f4f3939eb	250	5.905217584741984e-05	0.025489589888778037	11.334	5	FIBR013	MCLF162SZ	6H	J16	BRD-K09398529	4uM	down
FIBR023_MCLF126CN_6H_I19_PP-2_4uM down	f08207c7-7af9-4984-bbcd-328a27af939c	250	5.905217584741984e-05	0.025489589888778037	11.334	5	FIBR023	MCLF126CN	6H	I19	PP-2	4uM	down
FIBR023_MCLF126CN_6H_J19_BRD-K55591206_4uM down	c2dc5e51-eadc-4288-82c9-29135dcc360c	250	5.905217584741984e-05	0.025489589888778037	11.334	5	FIBR023	MCLF126CN	6H	J19	BRD-K55591206	4uM	down
FIBR026_MCLF141SZ_6H_O16_BX-795_4uM down	0e3da170-53d4-4235-bfbe-7117585cbc9c	250	5.905217584741984e-05	0.025489589888778037	11.334	5	FIBR026	MCLF141SZ	6H	O16	BX-795	4uM	down
FIBR027_MCLF130CN_6H_I14_PAC-1_25uM up	a5173472-f6d6-45de-9576-3d1cd83658d1	250	5.905217584741984e-05	0.025489589888778037	11.334	5	FIBR027	MCLF130CN	6H	I14	PAC-1	25uM	up
FIBR027_MCLF130CN_6H_M23_tosedostat_4uM down	983c2ba0-f27c-4c46-af98-79024a967eee	250	5.905217584741984e-05	0.025489589888778037	11.334	5	FIBR027	MCLF130CN	6H	M23	tosedostat	4uM	down
CPC001_VCAP_24H_B19_BAPTA-AM_10uM down	657fd193-fc51-48df-bbba-660fe651fdc5	250	5.905217584741984e-05	0.025489589888778037	11.334	5	CPC001	VCAP	24H	B19	BAPTA-AM	10uM	down
LJP002_MDAMB231_6H_J08_BMS-777607_0.08uM up	1da5283e-6dea-4f34-94b8-e2a8a63deabc	250	5.905217584741984e-05	0.025489589888778037	11.334	5	LJP002	MDAMB231	6H	J08	BMS-777607	0.08uM	up
CPC006_NCIH2073_6H_H17_BI-2536_10uM down	c6172dd6-f775-4e33-8872-da09c06653dd	250	5.905217584741984e-05	0.025489589888778037	11.334	5	CPC006	NCIH2073	6H	H17	BI-2536	10uM	down
LJP006_HA1E_24H_D16_BI-2536_0.37uM down	3937936a-d710-4d8e-b3d3-e87a0dc79d7f	250	5.905217584741984e-05	0.025489589888778037	11.334	5	LJP006	HA1E	24H	D16	BI-2536	0.37uM	down
LJP007_NPC.TAK_24H_G23_KIN001-244_0.12uM down	572fba9d-3f78-47ac-9c9b-b8d513f3da66	250	5.905217584741984e-05	0.025489589888778037	11.334	5	LJP007	NPC.TAK	24H	G23	KIN001-244	0.12uM	down
LJP008_HT29_24H_D09_CTB_1.11uM down	d7911675-3066-4d72-83fa-4d76bae59964	250	5.905217584741984e-05	0.025489589888778037	11.334	5	LJP008	HT29	24H	D09	CTB	1.11uM	down
LJP009_HCC515_24H_K20_CC-401_3.33uM down	96766bf8-1cb2-45f3-b2fa-b15640ccb99c	250	5.905217584741984e-05	0.025489589888778037	11.334	5	LJP009	HCC515	24H	K20	CC-401	3.33uM	down
LJP009_MCF7_24H_K07_GSK-1059615_10uM up	0237d1e6-c4ff-4794-b039-8567c541aa20	250	5.905217584741984e-05	0.025489589888778037	11.334	5	LJP009	MCF7	24H	K07	GSK-1059615	10uM	up
LJP009_SHSY5Y_24H_K01_HMN-214_10uM down	9233b607-1258-44ef-868b-ec88a8a3ce25	250	5.905217584741984e-05	0.025489589888778037	11.334	5	LJP009	SHSY5Y	24H	K01	HMN-214	10uM	down
CPC006_U937_6H_M18_MK-1775_10uM down	de115ab7-e50c-4747-a7a1-fa7bce75d5b2	250	5.905217584741984e-05	0.025489589888778037	11.334	5	CPC006	U937	6H	M18	MK-1775	10uM	down
MOAR008_T47D_24H_L20_L-693403_3.33uM down	79520ab5-f968-4375-a0fe-e5f615e9aedb	250	5.905217584741984e-05	0.025489589888778037	11.334	5	MOAR008	T47D	24H	L20	L-693403	3.33uM	down
MOAR009_22RV1_24H_J09_sinefungin_1.11uM down	9cc74e3e-03d1-42bd-917d-13c3f6845142	250	5.905217584741984e-05	0.025489589888778037	11.334	5	MOAR009	22RV1	24H	J09	sinefungin	1.11uM	down
CPC008_PC3_6H_L11_VU-0418946-1_10uM up	3ccc247e-ee31-4c33-9cce-ec880751e866	250	5.905217584741984e-05	0.025489589888778037	11.334	5	CPC008	PC3	6H	L11	VU-0418946-1	10uM	up
NMH002_NEU_24H_A09_rifampicin_10uM up	2e5098af-9390-44dd-893d-da4d8bf7e6fa	250	5.905217584741984e-05	0.025489589888778037	11.334	5	NMH002	NEU	24H	A09	rifampicin	10uM	up
PAC018_U2OS_6H_C03_BRD-K03376048_10uM down	260b922b-6ef3-40ad-8bec-9c7a69a5b19b	250	5.905217584741984e-05	0.025489589888778037	11.334	5	PAC018	U2OS	6H	C03	BRD-K03376048	10uM	down
PBIOA005_XC.L10_24H_P16_VU-0418942-1_10uM up	0f9a954d-beaf-4d00-b456-39c19495f519	250	5.905217584741984e-05	0.025489589888778037	11.334	5	PBIOA005	XC.L10	24H	P16	VU-0418942-1	10uM	up
PBIOA014_HA1E_24H_N13_BRD-A33442372_10uM up	d86570cf-d3ce-40f4-a792-51e10df0f144	250	5.905217584741984e-05	0.025489589888778037	11.334	5	PBIOA014	HA1E	24H	N13	BRD-A33442372	10uM	up
PBIOA021_A549_24H_K01_NPC26_12uM up	d23ca066-6374-4414-b402-ed8542df799a	250	5.905217584741984e-05	0.025489589888778037	11.334	5	PBIOA021	A549	24H	K01	NPC26	12uM	up
PBIOA021_MCF7_24H_J07_BRD-K98596482_10uM up	de5d49ec-27cf-4213-96f4-91daecb121bb	250	5.905217584741984e-05	0.025489589888778037	11.334	5	PBIOA021	MCF7	24H	J07	BRD-K98596482	10uM	up
PBIOA021_PC3_24H_N11_BRD-K10685794_0.125uM up	efeb29b1-e9ab-400c-b215-78631f0edb78	250	5.905217584741984e-05	0.025489589888778037	11.334	5	PBIOA021	PC3	24H	N11	BRD-K10685794	0.125uM	up
PBIOA022_HEPG2_24H_J05_BRD-K76132250_0.125uM up	ede07cc6-1e02-4996-a95a-1f3703c43743	250	5.905217584741984e-05	0.025489589888778037	11.334	5	PBIOA022	HEPG2	24H	J05	BRD-K76132250	0.125uM	up
REP.B003_YAPC_24H_G06_L-NAME_0.01uM down	dc862f36-1c0e-432d-a0ab-b4627609ab18	250	5.905217584741984e-05	0.025489589888778037	11.334	5	REP.B003	YAPC	24H	G06	L-NAME	0.01uM	down
REP.A027_PC3_24H_L08_letermovir_3.33uM down	c4351de4-6fd1-42b1-a6ef-8d2fa7fad197	250	5.905217584741984e-05	0.025489589888778037	11.334	5	REP.A027	PC3	24H	L08	letermovir	3.33uM	down
REP.B009_MCF7_24H_E22_clomifene_0.08uM down	90cca98d-6e9a-4ab0-927d-7361afc24ffc	250	5.905217584741984e-05	0.025489589888778037	11.334	5	REP.B009	MCF7	24H	E22	clomifene	0.08uM	down
REP.B010_HEK293_24H_A18_cefepime_0.01uM down	2b097ce1-ba91-4ad5-b09d-c3b362dda971	250	5.905217584741984e-05	0.025489589888778037	11.334	5	REP.B010	HEK293	24H	A18	cefepime	0.01uM	down
REP.B015_HA1E_24H_F18_dabigatran-etexilate_0.01uM down	b26ca421-51a2-4896-a637-73ef228a6793	250	5.905217584741984e-05	0.025489589888778037	11.334	5	REP.B015	HA1E	24H	F18	dabigatran-etexilate	0.01uM	down
XPR010_HT29.311_96H_L18_NTRK1 up	0382c9a5-9aca-4fd4-b7b5-01630385085c	250	5.905217584741984e-05	0.025489589888778037	11.334	5	XPR010	HT29.311	96H	L18	NTRK1	N/A	up
XPR023_ES2.311_96H_G08_RPS9 down	d17c4502-0c4d-41a7-969e-7f09d6093ac7	250	5.905217584741984e-05	0.025489589888778037	11.334	5	XPR023	ES2.311	96H	G08	RPS9	N/A	down
XPR024_AGS.311_96H_L17_SMG1 down	0cd6442f-5e41-43be-802c-de212d93b612	250	5.905217584741984e-05	0.025489589888778037	11.334	5	XPR024	AGS.311	96H	L17	SMG1	N/A	down
CPC014_ASC_24H_L22_lestaurtinib_10uM down	417bbdd0-bf3e-4121-a863-dae9144e24e5	250	5.905217584741984e-05	0.025489589888778037	11.334	5	CPC014	ASC	24H	L22	lestaurtinib	10uM	down
XPR030_HT29.311_96H_N04_RDH8 down	4ed90a8d-dde6-45fb-a46e-e15764f7fd35	250	5.905217584741984e-05	0.025489589888778037	11.334	5	XPR030	HT29.311	96H	N04	RDH8	N/A	down
XPR031_U251MG.311_96H_G24_PELP1 up	d93f01dd-52f1-47b0-b31a-7404cb61ec12	250	5.905217584741984e-05	0.025489589888778037	11.334	5	XPR031	U251MG.311	96H	G24	PELP1	N/A	up
XPR031_U251MG.311_96H_L15_PIGW up	5208d754-ed43-490d-9371-52ac56fbfdeb	250	5.905217584741984e-05	0.025489589888778037	11.334	5	XPR031	U251MG.311	96H	L15	PIGW	N/A	up
CPC014_NPC_24H_J12_fludarabine_10uM down	cfe1796b-a6e8-45a1-9697-491c9c363be9	250	5.905217584741984e-05	0.025489589888778037	11.334	5	CPC014	NPC	24H	J12	fludarabine	10uM	down
ASG002_MELHO_24H_C01_nelfinavir_10uM up	c4949840-9291-4b38-89bf-332e2a58400c	250	5.905217584741984e-05	0.025489589888778037	11.334	5	ASG002	MELHO	24H	C01	nelfinavir	10uM	up
CPC015_HEPG2_6H_C18_glycocholic-acid_10uM down	1360c531-e976-4655-8a35-a1fe814d016a	250	5.905217584741984e-05	0.025489589888778037	11.334	5	CPC015	HEPG2	6H	C18	glycocholic-acid	10uM	down
ASG003_XC.P906_24H_D02_obatoclax_1.11uM up	04cded6d-8301-4296-a71c-61202e08684c	250	5.905217584741984e-05	0.025489589888778037	11.334	5	ASG003	XC.P906	24H	D02	obatoclax	1.11uM	up
ASG003_XC.P930_24H_N08_TW-37_0.74uM up	b1ba2338-285f-4a13-8b8e-c543911e932f	250	5.905217584741984e-05	0.025489589888778037	11.334	5	ASG003	XC.P930	24H	N08	TW-37	0.74uM	up
CPC002_VCAP_6H_A06_skatole_10uM down	7c73d714-806c-4395-9af4-50e7789d81fc	250	5.905217584741984e-05	0.025489589888778037	11.334	5	CPC002	VCAP	6H	A06	skatole	10uM	down
CPC003_PC3_6H_N16_CCCP_10uM up	b345eafe-c076-4bba-aded-db3167f27808	250	5.905217584741984e-05	0.025489589888778037	11.334	5	CPC003	PC3	6H	N16	CCCP	10uM	up
CPC006_H1299_6H_M22_SB-225002_12uM up	fcd5c05e-e3d6-43d5-869c-ed759fa7daef	250	5.905217584741984e-05	0.025489589888778037	11.334	5	CPC006	H1299	6H	M22	SB-225002	12uM	up
CVD001_HUH7_6H_D15_BRD-K77508012_6.66uM down	367841f7-71e4-409f-8237-d3a59581aed7	250	5.905217584741984e-05	0.025489589888778037	11.334	5	CVD001	HUH7	6H	D15	BRD-K77508012	6.66uM	down
CPC006_HA1E_6H_J13_DC-45-A2_12uM down	b1bad715-e541-4eeb-bc0a-d5b61353cd6c	250	5.905217584741984e-05	0.025489589888778037	11.334	5	CPC006	HA1E	6H	J13	DC-45-A2	12uM	down
CPC007_HA1E_24H_J10_BRD-K79235952_10uM up	c069b395-7ff9-4d9f-a1e5-40d0e51c1c33	250	5.905217584741984e-05	0.025489589888778037	11.334	5	CPC007	HA1E	24H	J10	BRD-K79235952	10uM	up
CPC008_A375_6H_J10_BRD-K30351863_10uM down	d5935409-c75f-4d6f-9523-29e2eb9eed39	250	5.905217584741984e-05	0.025489589888778037	11.334	5	CPC008	A375	6H	J10	BRD-K30351863	10uM	down
CPC008_MCF7_24H_C03_BRD-K70917163_10uM down	b5fdb082-2713-48fc-8ccf-c2bd78e78ef9	250	5.905217584741984e-05	0.025489589888778037	11.334	5	CPC008	MCF7	24H	C03	BRD-K70917163	10uM	down
CPC009_HEPG2_6H_E19_BRD-K80962769_10uM down	2590596d-2413-4ab6-9f02-09a90c8debd5	250	5.905217584741984e-05	0.025489589888778037	11.334	5	CPC009	HEPG2	6H	E19	BRD-K80962769	10uM	down
CPC010_PC3_6H_E15_BRD-K28916077_10uM up	87a45274-ba45-44f0-8ff3-6c048d25f962	250	5.905217584741984e-05	0.025489589888778037	11.334	5	CPC010	PC3	6H	E15	BRD-K28916077	10uM	up
DOS013_VCAP_6H_E21_BRD-K77970970_4uM down	891b14bc-17e4-491b-8e48-65ccaf2a04d5	250	5.905217584741984e-05	0.025489589888778037	11.334	5	DOS013	VCAP	6H	E21	BRD-K77970970	4uM	down
CPC016_ASC_24H_N18_chloroxine_10uM down	accee2cc-6b7f-486e-a6db-cd5f5080443d	250	5.905217584741984e-05	0.025489589888778037	11.334	5	CPC016	ASC	24H	N18	chloroxine	10uM	down
DOS015_VCAP_24H_J07_BRD-K51241952_4uM down	00568d83-3aa9-473c-9e4c-e761a2331328	250	5.905217584741984e-05	0.025489589888778037	11.334	5	DOS015	VCAP	24H	J07	BRD-K51241952	4uM	down
ERG011_VCAP_6H_F10_A-23187_2.22uM up	5bb32be0-07be-4ea8-b716-50dc11e43a5e	250	5.905217584741984e-05	0.025489589888778037	11.334	5	ERG011	VCAP	6H	F10	A-23187	2.22uM	up
DOS042_A549_24H_C03_BRD-K90830329_4uM up	b7e0dcc8-ae91-4734-a7ee-bf0b15bc8251	250	5.905217584741984e-05	0.025489589888778037	11.334	5	DOS042	A549	24H	C03	BRD-K90830329	4uM	up
DOS044_A375_24H_N06_BRD-K60024977_4uM up	3f11b404-bc06-46b5-af75-d577ab463ff4	250	5.905217584741984e-05	0.025489589888778037	11.334	5	DOS044	A375	24H	N06	BRD-K60024977	4uM	up
DOS047_A375_24H_A23_BRD-K74894470_4uM up	6fedfa38-3979-4697-a3ba-8ea01a2dd564	250	5.905217584741984e-05	0.025489589888778037	11.334	5	DOS047	A375	24H	A23	BRD-K74894470	4uM	up
DOS056_MCF7_24H_B03_vorinostat_0.12uM up	3794cb69-f407-4b85-9051-8c67dbb14306	250	5.905217584741984e-05	0.025489589888778037	11.334	5	DOS056	MCF7	24H	B03	vorinostat	0.12uM	up
DOSBIO001_NEU_24H_O07_BRD-K74446951_10uM down	b147f603-6a85-40a5-b2e8-c6a460fa9bbc	250	5.905217584741984e-05	0.025489589888778037	11.334	5	DOSBIO001	NEU	24H	O07	BRD-K74446951	10uM	down
DOSBIO001_NPC_24H_C22_BRD-K32782699_10uM up	fbe63e41-21f1-4af6-b108-af080062727a	250	5.905217584741984e-05	0.025489589888778037	11.334	5	DOSBIO001	NPC	24H	C22	BRD-K32782699	10uM	up
DOSVAL003_HA1E_24H_H06_BRD-K69894866_4uM up	434e0647-1359-46bc-94c5-f3fb05e651d6	250	5.905217584741984e-05	0.025489589888778037	11.334	5	DOSVAL003	HA1E	24H	H06	BRD-K69894866	4uM	up
FIBR008_MCLF051CN_6H_E04_CYT-997_0.02uM down	a29241a0-0adf-44f9-b7ae-aed273c0cffe	250	5.905217584741984e-05	0.025489589888778037	11.334	5	FIBR008	MCLF051CN	6H	E04	CYT-997	0.02uM	down
FIBR009_MCLF123SZ_6H_N15_narciclasine_0.37uM up	cd16baed-a1e2-4133-b7e2-b0d1c3c533e8	250	5.905217584741984e-05	0.025489589888778037	11.334	5	FIBR009	MCLF123SZ	6H	N15	narciclasine	0.37uM	up
FIBR023_MCLF126CN_6H_J24_enzalutamide_4uM up	08ca8c3d-dd0e-40d0-94af-8c475aa37acf	250	5.905217584741984e-05	0.025489589888778037	11.334	5	FIBR023	MCLF126CN	6H	J24	enzalutamide	4uM	up
KTOX002_HPTEC_6H_G14_sorafenib_100uM up	e4623479-6a4e-48bb-a5f6-0a0e415e17fc	250	5.905217584741984e-05	0.025489589888778037	11.334	5	KTOX002	HPTEC	6H	G14	sorafenib	100uM	up
LJP005_MDAMB231_24H_L14_SB-590885_3.33uM down	ac7af9b2-fd20-4fa4-ba26-c9c41d6b18ec	250	5.905217584741984e-05	0.025489589888778037	11.334	5	LJP005	MDAMB231	24H	L14	SB-590885	3.33uM	down
LJP006_HME1_24H_E16_palbociclib_0.37uM up	36e532f2-5a3f-40fc-81f0-31b92d87eb37	250	5.905217584741984e-05	0.025489589888778037	11.334	5	LJP006	HME1	24H	E16	palbociclib	0.37uM	up
LJP006_MCF7_3H_A13_alvocidib_10uM down	0c811f1b-7163-4c8d-ae30-015307d62b4f	250	5.905217584741984e-05	0.025489589888778037	11.334	5	LJP006	MCF7	3H	A13	alvocidib	10uM	down
LJP008_CD34_24H_E17_BRD-K54606188_0.12uM down	a05dc675-a713-4942-9b37-5f02463aeec4	250	5.905217584741984e-05	0.025489589888778037	11.334	5	LJP008	CD34	24H	E17	BRD-K54606188	0.12uM	down
LJP009_HUVEC_24H_L22_AZD-1480_0.37uM up	5faa3bf0-b3fe-4ede-8aed-64d5fa4aeb67	250	5.905217584741984e-05	0.025489589888778037	11.334	5	LJP009	HUVEC	24H	L22	AZD-1480	0.37uM	up
FIBR004_MCLF027CN_6H_M06_olanzapine_4uM up	09729258-e9fa-4525-8c6c-17ace07f11a2	250	5.905217584741984e-05	0.025489589888778037	11.334	5	FIBR004	MCLF027CN	6H	M06	olanzapine	4uM	up
LKCP002_U2OS_6H_F13_pazopanib_10uM up	913af9f9-b5ee-451f-bf45-c2d6ff130d38	250	5.905217584741984e-05	0.025489589888778037	11.334	5	LKCP002	U2OS	6H	F13	pazopanib	10uM	up
MOAR003_PC3_24H_J08_CCT-018159_3.33uM down	f1e22650-f8f7-4e31-a5f2-ef3f64e7f323	250	5.905217584741984e-05	0.025489589888778037	11.334	5	MOAR003	PC3	24H	J08	CCT-018159	3.33uM	down
MOAR004_PC3_24H_G14_LP-99_3.33uM down	03cd02fb-c439-4003-8224-761d9a3fe173	250	5.905217584741984e-05	0.025489589888778037	11.334	5	MOAR004	PC3	24H	G14	LP-99	3.33uM	down
FIBR039_MCLF056CN_6H_F07_dalcetrapib_20uM up	d3b28dfe-5f1a-412c-bd52-e492d300fe0d	250	5.905217584741984e-05	0.025489589888778037	11.334	5	FIBR039	MCLF056CN	6H	F07	dalcetrapib	20uM	up
REP.B008_MCF10A_24H_E09_dolasetron_0.25uM down	e10e2c28-62e2-4e01-9094-78d7aa73e542	250	5.905217584741984e-05	0.025489589888778037	11.334	5	REP.B008	MCF10A	24H	E09	dolasetron	0.25uM	down
MOAR017_HAP1.ITGA4_24H_F08_LY-2835219_0.66uM up	ee8d5fe6-8a54-4be9-a343-b2a66ee5cb2e	250	5.905217584741984e-05	0.025489589888778037	11.334	5	MOAR017	HAP1.ITGA4	24H	F08	LY-2835219	0.66uM	up
MUC.CP003_MCF7_6H_C08_niclosamide_3.33uM up	210ce339-3ad8-45a7-87d8-db007484ba06	250	5.905217584741984e-05	0.025489589888778037	11.334	5	MUC.CP003	MCF7	6H	C08	niclosamide	3.33uM	up
PBIOA004_XC.L10_24H_F13_trifluoperazine_12.5uM down	9ae239de-ce55-4eb5-807c-8431d4b26006	250	5.905217584741984e-05	0.025489589888778037	11.334	5	PBIOA004	XC.L10	24H	F13	trifluoperazine	12.5uM	down
FIBR039_MCLF056CN_6H_K04_BMS-299897_4uM down	3f38c764-8f07-484a-8f4f-a0b139f405f4	250	5.905217584741984e-05	0.025489589888778037	11.334	5	FIBR039	MCLF056CN	6H	K04	BMS-299897	4uM	down
FIBR041_MCLF0067SZ_6H_I07_blebbistatin_4uM down	7ca80b5e-90f1-45e1-b2a6-c281138337b9	250	5.905217584741984e-05	0.025489589888778037	11.334	5	FIBR041	MCLF0067SZ	6H	I07	blebbistatin	4uM	down
LJP006_A375_24H_E09_OSI-027_1.11uM down	4572acfc-3e25-4917-b622-2a40b7fb13eb	250	5.905217584741984e-05	0.025489589888778037	11.334	5	LJP006	A375	24H	E09	OSI-027	1.11uM	down
REP.A001_HELA_3H_K10_MG-132_20uM up	d0a9e4dc-2cac-4a75-9a65-e04513fede2a	250	5.905217584741984e-05	0.025489589888778037	11.334	5	REP.A001	HELA	3H	K10	MG-132	20uM	up
REP.A016_MDAMB231_24H_B19_meglitinide_10uM up	cfbe59ca-6fe6-49b4-8f1d-30882e366ba2	250	5.905217584741984e-05	0.025489589888778037	11.334	5	REP.A016	MDAMB231	24H	B19	meglitinide	10uM	up
REP.A025_MCF7_24H_C02_bepotastine_3.33uM up	caeb4c6c-9199-4962-b6c3-b57f2e0d3b19	250	5.905217584741984e-05	0.025489589888778037	11.334	5	REP.A025	MCF7	24H	C02	bepotastine	3.33uM	up
REP.A025_PC3_24H_B13_theophylline_10uM down	c79007f9-8b85-4817-bc62-21d5e8840613	250	5.905217584741984e-05	0.025489589888778037	11.334	5	REP.A025	PC3	24H	B13	theophylline	10uM	down
REP.B005_HA1E_24H_K03_tipranavir_0.25uM up	b06d5f47-3b54-4809-aa48-48f7b6eabe7f	250	5.905217584741984e-05	0.025489589888778037	11.334	5	REP.B005	HA1E	24H	K03	tipranavir	0.25uM	up
XPR011_PC3.311B_96H_F17_ANGPTL2 down	7ab64248-8606-4924-82a7-b7a10251d38a	250	5.905217584741984e-05	0.025489589888778037	11.334	5	XPR011	PC3.311B	96H	F17	ANGPTL2	N/A	down
XPR020_PC3.311B_96H_N14_MSI1 down	20d521ba-abca-41e6-925b-f052ce0c2432	250	5.905217584741984e-05	0.025489589888778037	11.334	5	XPR020	PC3.311B	96H	N14	MSI1	N/A	down
XPR028_BICR6.311_96H_M06_GSTA3 up	6a20392b-cbc9-44fa-afa1-ad6e4af8366e	250	5.905217584741984e-05	0.025489589888778037	11.334	5	XPR028	BICR6.311	96H	M06	GSTA3	N/A	up
XPR028_BICR6.311_96H_O17_PHYKPL down	2d76b36f-52f8-472e-87f6-dc68ddf22591	250	5.905217584741984e-05	0.025489589888778037	11.334	5	XPR028	BICR6.311	96H	O17	PHYKPL	N/A	down
XPR030_BICR6.311_96H_K01_GAD1 up	bebc2205-f6fe-432d-8f2a-e6ec0e940ca2	250	5.905217584741984e-05	0.025489589888778037	11.334	5	XPR030	BICR6.311	96H	K01	GAD1	N/A	up
XPR035_A375.311_96H_O19_MAP3K19 up	a762d4be-cc2f-4f03-a2ca-cade6a504bef	250	5.905217584741984e-05	0.025489589888778037	11.334	5	XPR035	A375.311	96H	O19	MAP3K19	N/A	up
ASG003_A549_6H_M22_YM-155_10uM up	4ad3de03-5720-405b-85e8-ce026ead530e	250	5.905217584741984e-05	0.025489589888778037	11.334	5	ASG003	A549	6H	M22	YM-155	10uM	up
ASG003_MCF7_48H_F17_idarubicin_1.11uM up	3a1867b1-794f-4f5a-82e7-d480d9e6bd39	250	5.905217584741984e-05	0.025489589888778037	11.334	5	ASG003	MCF7	48H	F17	idarubicin	1.11uM	up
ASG003_MCF7_6H_L01_ABT-737_10uM up	b0179ac6-e491-4e89-bd8c-9de883481a73	250	5.905217584741984e-05	0.025489589888778037	11.334	5	ASG003	MCF7	6H	L01	ABT-737	10uM	up
CEGS002_HIMG002_24H_J01_citalopram_25uM down	8e3ff958-e533-4dd7-b3c3-42fa778bbddc	250	5.905217584741984e-05	0.025489589888778037	11.334	5	CEGS002	HIMG002	24H	J01	citalopram	25uM	down
CPC003_VCAP_6H_C20_probenecid_10uM up	b2cda5ef-a83e-4966-bdc5-a5b905777518	250	5.905217584741984e-05	0.025489589888778037	11.334	5	CPC003	VCAP	6H	C20	probenecid	10uM	up
CPC004_HA1E_6H_D04_amsacrine_10uM down	4bedb87c-06e0-4bf5-938c-45fb71855fa9	250	5.905217584741984e-05	0.025489589888778037	11.334	5	CPC004	HA1E	6H	D04	amsacrine	10uM	down
CPC004_VCAP_6H_D06_midodrine_10uM up	5f814f13-bbda-49cd-8c40-06fe17aa1be3	250	5.905217584741984e-05	0.025489589888778037	11.334	5	CPC004	VCAP	6H	D06	midodrine	10uM	up
CPC006_HA1E_24H_P13_PP-30_12uM down	dcdeb429-0b77-453e-abf3-5710f5f980fa	250	5.905217584741984e-05	0.025489589888778037	11.334	5	CPC006	HA1E	24H	P13	PP-30	12uM	down
CPC006_HA1E_6H_G03_evodiamine_10uM down	661c7d38-5ba6-4f0f-8907-7b261480b593	250	5.905217584741984e-05	0.025489589888778037	11.334	5	CPC006	HA1E	6H	G03	evodiamine	10uM	down
CPC006_JHUEM2_6H_O21_BRD-K79382620_12uM up	432eb6eb-805e-4fd1-8e5f-5eb03bd89ab1	250	5.905217584741984e-05	0.025489589888778037	11.334	5	CPC006	JHUEM2	6H	O21	BRD-K79382620	12uM	up
CPC006_PC3_24H_H16_ZM-336372_100uM up	e2b85fb4-db6d-4946-9e42-48459f041fa0	250	5.905217584741984e-05	0.025489589888778037	11.334	5	CPC006	PC3	24H	H16	ZM-336372	100uM	up
CPC006_SNUC5_6H_O19_CAM-9-027-3_10uM up	d0a10b2b-e1c0-49c2-a6ed-4cf06de99407	250	5.905217584741984e-05	0.025489589888778037	11.334	5	CPC006	SNUC5	6H	O19	CAM-9-027-3	10uM	up
CPC007_VCAP_24H_C14_BRD-A98200599_10uM down	d6fc8401-8f4d-4ade-92e5-4050ba38046d	250	5.905217584741984e-05	0.025489589888778037	11.334	5	CPC007	VCAP	24H	C14	BRD-A98200599	10uM	down
CPC009_PC3_6H_C02_BRD-K89224880_10uM up	10c868a5-e525-4ef3-87c8-e55d30ba9c1d	250	5.905217584741984e-05	0.025489589888778037	11.334	5	CPC009	PC3	6H	C02	BRD-K89224880	10uM	up
CPC016_A549_24H_H19_cuneatin_10uM down	4d58123a-1b5b-4941-9161-b1c347597bd3	250	5.905217584741984e-05	0.025489589888778037	11.334	5	CPC016	A549	24H	H19	cuneatin	10uM	down
CPC016_HT29_6H_K06_EMD-84_10uM down	c8f6d7da-4282-4346-abf3-edcd542d6996	250	5.905217584741984e-05	0.025489589888778037	11.334	5	CPC016	HT29	6H	K06	EMD-84	10uM	down
CPC018_SKB_24H_F07_hyoscyamine_10uM up	b3e8bf6d-787f-4c73-b61f-dd7d25ba3c8c	250	5.905217584741984e-05	0.025489589888778037	11.334	5	CPC018	SKB	24H	F07	hyoscyamine	10uM	up
CPD002_PC3_6H_N18_benzethonium_10uM up	ed81c81f-7ea4-41df-b9c5-5c21899d53c3	250	5.905217584741984e-05	0.025489589888778037	11.334	5	CPD002	PC3	6H	N18	benzethonium	10uM	up
DOS014_VCAP_6H_N22_BRD-K94177318_4uM up	efe1c007-472a-4d55-a1a9-e5d23a66ffc7	250	5.905217584741984e-05	0.025489589888778037	11.334	5	DOS014	VCAP	6H	N22	BRD-K94177318	4uM	up
DOS046_MCF7_24H_N03_BRD-K26499328_4uM down	13b52d93-adaf-4767-9a65-a7e129a8db8c	250	5.905217584741984e-05	0.025489589888778037	11.334	5	DOS046	MCF7	24H	N03	BRD-K26499328	4uM	down
DOSBIO002_A375_24H_B22_BRD-K28841686_10uM up	f6d0af86-8d59-424a-8685-f6e30b280f7d	250	5.905217584741984e-05	0.025489589888778037	11.334	5	DOSBIO002	A375	24H	B22	BRD-K28841686	10uM	up
EMU001_SKMEL5_24H_J22_bosutinib_0.125uM up	4dceec4d-2139-47f9-bafb-d77f9bb57434	250	5.905217584741984e-05	0.025489589888778037	11.334	5	EMU001	SKMEL5	24H	J22	bosutinib	0.125uM	up
ASG003_U2OS_6H_M13_NVP-AUY922_10uM down	37b7703c-9f61-484a-88a0-a396278025b7	250	5.905217584741984e-05	0.025489589888778037	11.334	5	ASG003	U2OS	6H	M13	NVP-AUY922	10uM	down
FIBR016_MCLF022CN_6H_I14_PAC-1_25uM up	36f61ee3-1a34-4e06-a772-a858b264b5ff	250	5.905217584741984e-05	0.025489589888778037	11.334	5	FIBR016	MCLF022CN	6H	I14	PAC-1	25uM	up
FIBR039_MCLF056CN_6H_I14_PAC-1_25uM up	306c6265-6b6b-428e-aa38-2171e04dda29	250	5.905217584741984e-05	0.025489589888778037	11.334	5	FIBR039	MCLF056CN	6H	I14	PAC-1	25uM	up
LJP008_HUVEC.A_24H_O08_AZ-20_3.33uM up	aff2f130-89c8-46a1-943b-3d038c88ec0d	250	5.905217584741984e-05	0.025489589888778037	11.334	5	LJP008	HUVEC.A	24H	O08	AZ-20	3.33uM	up
LJP008_SHSY5Y_24H_M23_ischemin_0.12uM up	2b1e80e8-2b7d-4c7e-8280-a1a917123aac	250	5.905217584741984e-05	0.025489589888778037	11.334	5	LJP008	SHSY5Y	24H	M23	ischemin	0.12uM	up
LJP009_PC3_24H_L06_GSK-2334470_0.04uM up	4ef25f48-5c69-4c7a-8f0a-f078aeaeffd4	250	5.905217584741984e-05	0.025489589888778037	11.334	5	LJP009	PC3	24H	L06	GSK-2334470	0.04uM	up
MOAR008_GI1_24H_K14_diflunisal_3.33uM down	884fd008-0dfa-4262-9131-e1fcca81d204	250	5.905217584741984e-05	0.025489589888778037	11.334	5	MOAR008	GI1	24H	K14	diflunisal	3.33uM	down
MOAR011_22RV1_24H_L20_theophylline_3.33uM down	5c0bcdd4-b847-4ba1-8d3b-fe0e0ecc9a2d	250	5.905217584741984e-05	0.025489589888778037	11.334	5	MOAR011	22RV1	24H	L20	theophylline	3.33uM	down
MOAR011_NCIH1573_24H_K03_cinchonidine_1.11uM up	16b6ae28-5b27-4c25-8bf3-fe0517cc2d37	250	5.905217584741984e-05	0.025489589888778037	11.334	5	MOAR011	NCIH1573	24H	K03	cinchonidine	1.11uM	up
MOAR011_NCIH838_24H_F17_SC-144_3.33uM up	14dac097-b0a0-4616-a318-857c54fd7c0f	250	5.905217584741984e-05	0.025489589888778037	11.334	5	MOAR011	NCIH838	24H	F17	SC-144	3.33uM	up
MUC.CP001_NKDBA_24H_G19_ixazomib_10uM down	54ecb90b-eb2f-4e8c-9b52-1f334d450c5c	250	5.905217584741984e-05	0.025489589888778037	11.334	5	MUC.CP001	NKDBA	24H	G19	ixazomib	10uM	down
PAC004_U2OS_6H_E13_L-741626_10uM down	43406187-3e01-4e43-96a3-e98851e1dfd4	250	5.905217584741984e-05	0.025489589888778037	11.334	5	PAC004	U2OS	6H	E13	L-741626	10uM	down
PAC006_U2OS_6H_P23_LFM-A12_10uM down	450f3e6f-dc93-4e68-906a-0909e614e260	250	5.905217584741984e-05	0.025489589888778037	11.334	5	PAC006	U2OS	6H	P23	LFM-A12	10uM	down
PAC066_U2OS_6H_C14_BRD-K89278382_10uM down	7780bf19-b003-4835-b90c-52cc96d40b02	250	5.905217584741984e-05	0.025489589888778037	11.334	5	PAC066	U2OS	6H	C14	BRD-K89278382	10uM	down
PBIOA004_XC.L10_24H_P03_VU-0418934-2_1.11uM up	4f10e3eb-a26e-4421-a442-f735aebaf220	250	5.905217584741984e-05	0.025489589888778037	11.334	5	PBIOA004	XC.L10	24H	P03	VU-0418934-2	1.11uM	up
PBIOA019_PC3_24H_A13_BRD-K78124620_10uM down	6002fbbd-d3f5-4f74-b868-ed8ea72fdc38	250	5.905217584741984e-05	0.025489589888778037	11.334	5	PBIOA019	PC3	24H	A13	BRD-K78124620	10uM	down
PCL001_MCF7_24H_F04_BRD-K84633118_0.37uM down	a90df3fa-7ed2-47e1-9255-041458257367	250	5.905217584741984e-05	0.025489589888778037	11.334	5	PCL001	MCF7	24H	F04	BRD-K84633118	0.37uM	down
REP.A007_HELA_24H_N13_10-DEBC_10uM up	72e2a9ec-cc1f-4db4-abbb-374596f642f1	250	5.905217584741984e-05	0.025489589888778037	11.334	5	REP.A007	HELA	24H	N13	10-DEBC	10uM	up
REP.A012_PC3_24H_E24_anamorelin_0.04uM down	06106cdc-9bf1-45bc-8e27-64c42439763e	250	5.905217584741984e-05	0.025489589888778037	11.334	5	REP.A012	PC3	24H	E24	anamorelin	0.04uM	down
REP.A014_PC3_24H_P18_lonafarnib_0.04uM down	d7ae4deb-57df-467f-a125-27e4dfe120e5	250	5.905217584741984e-05	0.025489589888778037	11.334	5	REP.A014	PC3	24H	P18	lonafarnib	0.04uM	down
REP.A014_THP1_24H_P12_CT-7758_0.04uM down	c92aa35e-4f70-40e9-8726-0677a66dce8f	250	5.905217584741984e-05	0.025489589888778037	11.334	5	REP.A014	THP1	24H	P12	CT-7758	0.04uM	down
REP.A015_A549_24H_E15_dacinostat_1.11uM down	949a9ed4-a691-482e-a60b-c9b41c710cb8	250	5.905217584741984e-05	0.025489589888778037	11.334	5	REP.A015	A549	24H	E15	dacinostat	1.11uM	down
REP.A017_THP1_24H_G09_erythromycin_1.11uM up	1c3258c3-63de-4406-aa31-7688469e3bb9	250	5.905217584741984e-05	0.025489589888778037	11.334	5	REP.A017	THP1	24H	G09	erythromycin	1.11uM	up
REP.A019_JURKAT_24H_A07_taselisib_10uM up	d51ffa0d-a76d-4745-b799-03735815a457	250	5.905217584741984e-05	0.025489589888778037	11.334	5	REP.A019	JURKAT	24H	A07	taselisib	10uM	up
LJP006_SKBR3_3H_H13_BMS-387032_10uM down	26b30455-8fa0-4b2b-af5f-c4717e5a2b6a	250	5.905217584741984e-05	0.025489589888778037	11.334	5	LJP006	SKBR3	3H	H13	BMS-387032	10uM	down
REP.B002_HA1E_24H_O08_mephentermine_0.74uM down	416dc0e3-3b8b-4e37-816e-5a8bb22837a7	250	5.905217584741984e-05	0.025489589888778037	11.334	5	REP.B002	HA1E	24H	O08	mephentermine	0.74uM	down
REP.B005_A549_24H_M15_ICI-162846_0.25uM down	080ccd7c-38cf-45ee-b517-14c64513a179	250	5.905217584741984e-05	0.025489589888778037	11.334	5	REP.B005	A549	24H	M15	ICI-162846	0.25uM	down
LJP007_HT29_24H_P17_vandetanib_0.12uM down	ce44f9b9-fa3a-44cb-8f47-92cc3506e5ef	250	5.905217584741984e-05	0.025489589888778037	11.334	5	LJP007	HT29	24H	P17	vandetanib	0.12uM	down
REP.B013_HT29_24H_O16_indoprofen_0.08uM down	f0c2cd60-4a82-4a0c-bba2-de0041f6e34f	250	5.905217584741984e-05	0.025489589888778037	11.334	5	REP.B013	HT29	24H	O16	indoprofen	0.08uM	down
REP.B018_THP1_24H_E14_miglitol_0.74uM down	c3fb90b8-69a8-4685-9868-f2fb450c83b0	250	5.905217584741984e-05	0.025489589888778037	11.334	5	REP.B018	THP1	24H	E14	miglitol	0.74uM	down
REP.B022_HUVEC.A_24H_A17_pitavastatin_0.03uM down	38056169-ed96-48d8-821e-612e87d0046a	250	5.905217584741984e-05	0.025489589888778037	11.334	5	REP.B022	HUVEC.A	24H	A17	pitavastatin	0.03uM	down
REP.B025_A549_24H_N18_nefopam_0.01uM down	90532367-70fe-4579-a328-3f9f0b56265b	250	5.905217584741984e-05	0.025489589888778037	11.334	5	REP.B025	A549	24H	N18	nefopam	0.01uM	down
XPR009_A375.311_96H_H04_NGFR down	126a1b23-e17c-4816-bfe5-8efb633d49bc	250	5.905217584741984e-05	0.025489589888778037	11.334	5	XPR009	A375.311	96H	H04	NGFR	N/A	down
XPR011_BICR6.311_96H_E02_ADAP2 up	0d9643e9-2cef-42e4-b4f3-98011474ee9d	250	5.905217584741984e-05	0.025489589888778037	11.334	5	XPR011	BICR6.311	96H	E02	ADAP2	N/A	up
XPR020_YAPC.311_96H_B16_MRPL16 down	58416825-606e-4fa2-91b4-ea2bcc45718b	250	5.905217584741984e-05	0.025489589888778037	11.334	5	XPR020	YAPC.311	96H	B16	MRPL16	N/A	down
XPR021_A375.311_96H_P18_NUCB2 down	46f4099f-8b30-431f-941a-6f3b3cc24e12	250	5.905217584741984e-05	0.025489589888778037	11.334	5	XPR021	A375.311	96H	P18	NUCB2	N/A	down
XPR027_U251MG.311_96H_I10_VSIG1 down	05a59927-090f-442b-8a5c-dd00e3c33b3a	250	5.905217584741984e-05	0.025489589888778037	11.334	5	XPR027	U251MG.311	96H	I10	VSIG1	N/A	down
XPR030_AGS.311_96H_P20_IL4I1 down	456d3f97-25de-4718-a8df-07771fb96f72	250	5.905217584741984e-05	0.025489589888778037	11.334	5	XPR030	AGS.311	96H	P20	IL4I1	N/A	down
XPR032_HT29.311_96H_G08_KCNJ14 down	c23d1f14-834c-4f8e-8b49-040c3f161403	250	5.905217584741984e-05	0.025489589888778037	11.334	5	XPR032	HT29.311	96H	G08	KCNJ14	N/A	down
XPR033_ES2.311_96H_K17_BRDT up	7b5062b3-c67d-4359-9da3-4295faaf6440	250	5.905217584741984e-05	0.025489589888778037	11.334	5	XPR033	ES2.311	96H	K17	BRDT	N/A	up
XPR034_AGS.311_96H_H05_PANK3 up	f354bafb-157b-4a22-a3a4-3fc358450889	250	5.905217584741984e-05	0.025489589888778037	11.334	5	XPR034	AGS.311	96H	H05	PANK3	N/A	up
XPR044_DANG.311_96H_A13_DVL3 down	e329deba-884e-44dd-91e8-400417233467	250	5.905217584741984e-05	0.025489589888778037	11.334	5	XPR044	DANG.311	96H	A13	DVL3	N/A	down
ASG002_GP2D_24H_L16_estradiol-cypionate_10uM down	12a4e892-3654-4333-acf9-4e6c977365a1	250	5.905217584741984e-05	0.025489589888778037	11.334	5	ASG002	GP2D	24H	L16	estradiol-cypionate	10uM	down
ASG002_IGR37_24H_N04_BRD-K61033289_10uM up	35fe1e27-3ddf-40d3-a543-91238d463d64	250	5.905217584741984e-05	0.025489589888778037	11.334	5	ASG002	IGR37	24H	N04	BRD-K61033289	10uM	up
ASG002_MDAMB468_24H_M10_marbofloxacin_10uM down	102dc231-2ecc-47c4-b950-ae3e8f400750	250	5.905217584741984e-05	0.025489589888778037	11.334	5	ASG002	MDAMB468	24H	M10	marbofloxacin	10uM	down
ASG002_OC316_24H_L18_estradiol-cypionate_0.12uM down	7a098837-0629-45b2-9d7e-5a6b1c11e7df	250	5.905217584741984e-05	0.025489589888778037	11.334	5	ASG002	OC316	24H	L18	estradiol-cypionate	0.12uM	down
ASG003_WA09.AST_24H_E10_AM-580_10uM up	b638bcfc-dd0e-431b-9bdc-fec4321608f0	250	5.905217584741984e-05	0.025489589888778037	11.334	5	ASG003	WA09.AST	24H	E10	AM-580	10uM	up
ASG003_XC.P033_24H_A13_parbendazole_10uM down	15974091-ac0a-49d5-a85d-dc384861b416	250	5.905217584741984e-05	0.025489589888778037	11.334	5	ASG003	XC.P033	24H	A13	parbendazole	10uM	down
CPC003_HCC515_24H_J01_hinokitiol_10uM up	4c836727-3cc7-445e-b7b0-8300f3ed1da9	250	5.905217584741984e-05	0.025489589888778037	11.334	5	CPC003	HCC515	24H	J01	hinokitiol	10uM	up
CPC004_A375_6H_M23_forskolin_10uM up	bc3e0b48-1e9f-4ccd-be04-f3270423921d	250	5.905217584741984e-05	0.025489589888778037	11.334	5	CPC004	A375	6H	M23	forskolin	10uM	up
CPC006_A375_24H_O13_BRD-K61033289_10uM down	193f5abb-c6ec-4c39-ba61-a4682133ece8	250	5.905217584741984e-05	0.025489589888778037	11.334	5	CPC006	A375	24H	O13	BRD-K61033289	10uM	down
CPC006_JHUEM2_6H_M08_PIK-75_0.08uM up	4fbc14dd-a00a-49b9-b57b-05d09c0025e7	250	5.905217584741984e-05	0.025489589888778037	11.334	5	CPC006	JHUEM2	6H	M08	PIK-75	0.08uM	up
CPC006_NOMO1_6H_L04_BRD-K92301463_10uM down	52aac22e-c00b-4db5-bff9-ff9989207181	250	5.905217584741984e-05	0.025489589888778037	11.334	5	CPC006	NOMO1	6H	L04	BRD-K92301463	10uM	down
LJP008_PC3_24H_C08_iniparib_3.33uM up	b8c2bd06-8d22-405a-8a8e-8ab69c2c9677	250	5.905217584741984e-05	0.025489589888778037	11.334	5	LJP008	PC3	24H	C08	iniparib	3.33uM	up
CPC009_HEPG2_6H_F08_BRD-K76363932_10uM down	7762fd47-e65d-4ec4-8798-2df7c08c3cb9	250	5.905217584741984e-05	0.025489589888778037	11.334	5	CPC009	HEPG2	6H	F08	BRD-K76363932	10uM	down
CPC009_PC3_24H_F10_BRD-K44484254_10uM down	047d7481-d347-4f74-918c-660b9ec30f46	250	5.905217584741984e-05	0.025489589888778037	11.334	5	CPC009	PC3	24H	F10	BRD-K44484254	10uM	down
CPC010_A549_6H_E08_BRD-K04136539_10uM down	c4c499c1-6e23-460d-91d9-98b7aecac255	250	5.905217584741984e-05	0.025489589888778037	11.334	5	CPC010	A549	6H	E08	BRD-K04136539	10uM	down
LJP008_PC3_24H_E13_BRD-K54606188_10uM down	78a23c02-2f1a-4a49-9fbd-225305dc2074	250	5.905217584741984e-05	0.025489589888778037	11.334	5	LJP008	PC3	24H	E13	BRD-K54606188	10uM	down
CPC015_A549_24H_P06_methoprene-acid_10uM up	f804c393-d8e5-4be1-826f-cef4eb5d2140	250	5.905217584741984e-05	0.025489589888778037	11.334	5	CPC015	A549	24H	P06	methoprene-acid	10uM	up
LKCP002_A549_48H_E18_radicicol_0.12uM down	701ef85e-57f5-4a83-96b2-a1f765031bae	250	5.905217584741984e-05	0.025489589888778037	11.334	5	LKCP002	A549	48H	E18	radicicol	0.12uM	down
CPC018_HT29_6H_P17_benzamil_10uM up	75149a39-f795-43c0-b7f1-d64b54617fee	250	5.905217584741984e-05	0.025489589888778037	11.334	5	CPC018	HT29	6H	P17	benzamil	10uM	up
CPC019_HCC515_6H_D12_BRD-K47786739_10uM down	39f69744-aac2-4bed-9556-6147994d7228	250	5.905217584741984e-05	0.025489589888778037	11.334	5	CPC019	HCC515	6H	D12	BRD-K47786739	10uM	down
CPC019_MCF7_6H_D15_ST-014147_10uM down	e042e22d-a263-409f-a45b-6faa8c3fb3e2	250	5.905217584741984e-05	0.025489589888778037	11.334	5	CPC019	MCF7	6H	D15	ST-014147	10uM	down
CRCGN014_HEPG2_3H_G05_methoxychlor_40uM up	7f67dbac-0b60-42ce-b919-c022d009ae19	250	5.905217584741984e-05	0.025489589888778037	11.334	5	CRCGN014	HEPG2	3H	G05	methoxychlor	40uM	up
DEB001_MCF7_6H_D16_ST-059620_4uM down	5c88f288-ebf1-4a71-8a98-063a58a36184	250	5.905217584741984e-05	0.025489589888778037	11.334	5	DEB001	MCF7	6H	D16	ST-059620	4uM	down
DOS057_PC3_24H_L11_BRD-K64607642_4uM down	aff1efa5-1041-48a8-8575-ed51d7122844	250	5.905217584741984e-05	0.025489589888778037	11.334	5	DOS057	PC3	24H	L11	BRD-K64607642	4uM	down
DOSBIO001_NPC_24H_P20_BRD-K84651951_10uM up	1ec250a0-6f67-40b4-8cb5-4d50ea781114	250	5.905217584741984e-05	0.025489589888778037	11.334	5	DOSBIO001	NPC	24H	P20	BRD-K84651951	10uM	up
DOSBIO002_A549_24H_G13_BRD-K09824708_10uM up	2402e0cc-a08a-43e7-b189-a9ac50327a00	250	5.905217584741984e-05	0.025489589888778037	11.334	5	DOSBIO002	A549	24H	G13	BRD-K09824708	10uM	up
DOSVAL006_HCC515_24H_G21_BRD-K01594626_4uM down	090045e5-bc9d-4090-86ed-6ed81c4c50c8	250	5.905217584741984e-05	0.025489589888778037	11.334	5	DOSVAL006	HCC515	24H	G21	BRD-K01594626	4uM	down
DOSVAL006_HEPG2_24H_E13_BRD-K74329753_20uM up	db8fa0e6-bf52-457b-81f9-a35e0568f1da	250	5.905217584741984e-05	0.025489589888778037	11.334	5	DOSVAL006	HEPG2	24H	E13	BRD-K74329753	20uM	up
EMU001_SKMEL5_24H_D22_edaravone_0.125uM up	3108d97e-74be-4579-9822-18452d82c0b3	250	5.905217584741984e-05	0.025489589888778037	11.334	5	EMU001	SKMEL5	24H	D22	edaravone	0.125uM	up
EMU001_SKMEL5_24H_I22_dasatinib_0.125uM up	c2df1675-2a64-419a-b7ee-b65bdba54ba9	250	5.905217584741984e-05	0.025489589888778037	11.334	5	EMU001	SKMEL5	24H	I22	dasatinib	0.125uM	up
FIBR009_MCLF123SZ_6H_I07_blebbistatin_4uM down	5ae0f2ce-09a0-4344-bdf2-adbeaa1bdc8f	250	5.905217584741984e-05	0.025489589888778037	11.334	5	FIBR009	MCLF123SZ	6H	I07	blebbistatin	4uM	down
FIBR015_MCLF022CN_6H_K04_BMS-299897_4uM up	df39355b-3fb7-4e29-b8a4-85aaeaa04a6f	250	5.905217584741984e-05	0.025489589888778037	11.334	5	FIBR015	MCLF022CN	6H	K04	BMS-299897	4uM	up
KTOX002_HPTEC_24H_B23_BRD-U37528018_0.3uM up	32b94d06-2419-4e03-a3c2-5883ba57c155	250	5.905217584741984e-05	0.025489589888778037	11.334	5	KTOX002	HPTEC	24H	B23	BRD-U37528018	0.3uM	up
LJP001_MCF10A_6H_K24_MLN-8054_2.22uM up	32833bdd-2430-4af1-9c05-d350449707fd	250	5.905217584741984e-05	0.025489589888778037	11.334	5	LJP001	MCF10A	6H	K24	MLN-8054	2.22uM	up
MOAR005_PC3_24H_K23_CP-673451_3.33uM down	10ff12e8-ad9e-4960-901a-a6fe10d60652	250	5.905217584741984e-05	0.025489589888778037	11.334	5	MOAR005	PC3	24H	K23	CP-673451	3.33uM	down
MOAR009_HEC108_24H_G20_AMG-487_3.33uM up	d1f16feb-bf4e-443d-93ca-c21460d8ab7c	250	5.905217584741984e-05	0.025489589888778037	11.334	5	MOAR009	HEC108	24H	G20	AMG-487	3.33uM	up
MOAR012_NCIH1573_24H_K09_icosapent_1.11uM down	7d11e666-c806-4b1f-8f66-18c6951d2c74	250	5.905217584741984e-05	0.025489589888778037	11.334	5	MOAR012	NCIH1573	24H	K09	icosapent	1.11uM	down
PAC013_U2OS_6H_F05_BRD-K40630529_10uM down	e05d92d3-6bc5-4273-ba7f-47a64baf5af7	250	5.905217584741984e-05	0.025489589888778037	11.334	5	PAC013	U2OS	6H	F05	BRD-K40630529	10uM	down
PBIOA005_XC.L10_24H_K18_BRD-K09587429_1.11uM up	fb8c1be6-d54f-444f-a586-fe1063bc61b0	250	5.905217584741984e-05	0.025489589888778037	11.334	5	PBIOA005	XC.L10	24H	K18	BRD-K09587429	1.11uM	up
LTC003_HME1_3H_A03_GDC-0941_4uM down	44951519-2c4e-4ba0-8a84-ee6b48b4b23b	250	5.905217584741984e-05	0.025489589888778037	11.334	5	LTC003	HME1	3H	A03	GDC-0941	4uM	down
PBIOA016_PC3_24H_I17_ASN-05257430_0.125uM up	c5b8afe9-b7a0-40cb-8a09-3dd3e388a12f	250	5.905217584741984e-05	0.025489589888778037	11.334	5	PBIOA016	PC3	24H	I17	ASN-05257430	0.125uM	up
PBIOA018_MCF7_24H_P20_BRD-K90286114_3.33uM up	8649414c-d522-43ff-bc72-e88ad909e5cf	250	5.905217584741984e-05	0.025489589888778037	11.334	5	PBIOA018	MCF7	24H	P20	BRD-K90286114	3.33uM	up
PBIOA022_HEPG2_24H_M08_BRD-K07303502_3.33uM down	e1c40cee-6a01-4f63-ab51-21989435ee38	250	5.905217584741984e-05	0.025489589888778037	11.334	5	PBIOA022	HEPG2	24H	M08	BRD-K07303502	3.33uM	down
RAD001_MCF7_24H_C05_LY-294002_1.11uM up	de13984f-907e-45ce-b759-1cbf7b513070	250	5.905217584741984e-05	0.025489589888778037	11.334	5	RAD001	MCF7	24H	C05	LY-294002	1.11uM	up
REP.A004_HT29_24H_G16_bortezomib_20uM up	e6a5822e-02eb-41a9-a9cd-b56a8001d15e	250	5.905217584741984e-05	0.025489589888778037	11.334	5	REP.A004	HT29	24H	G16	bortezomib	20uM	up
MOAR009_SNU407_24H_A12_TAK-220_1.11uM down	19867826-7b08-4688-9d09-e8cb0444e16b	250	5.905217584741984e-05	0.025489589888778037	11.334	5	MOAR009	SNU407	24H	A12	TAK-220	1.11uM	down
REP.A011_HA1E_24H_I15_nafamostat_1.11uM up	521acce7-3b95-4ddf-9704-e50b363499df	250	5.905217584741984e-05	0.025489589888778037	11.334	5	REP.A011	HA1E	24H	I15	nafamostat	1.11uM	up
REP.A017_MDAMB231_24H_K04_SB-705498_0.37uM down	e2d389b9-d1de-4c07-aa08-6a42649f4a25	250	5.905217584741984e-05	0.025489589888778037	11.334	5	REP.A017	MDAMB231	24H	K04	SB-705498	0.37uM	down
REP.A019_MCF7_24H_D11_clofibrate_0.125uM down	4d42a5f9-e36d-4493-a12f-f3483be6e08a	250	5.905217584741984e-05	0.025489589888778037	11.334	5	REP.A019	MCF7	24H	D11	clofibrate	0.125uM	down
MOAR010_T47D_24H_G10_niflumic-acid_10uM down	9110abe0-bc93-45ba-81de-f742ea74968f	250	5.905217584741984e-05	0.025489589888778037	11.334	5	MOAR010	T47D	24H	G10	niflumic-acid	10uM	down
REP.B008_HA1E_24H_G06_irbesartan_0.01uM up	1089e706-8856-4db8-8d92-7ec81b6f5ce3	250	5.905217584741984e-05	0.025489589888778037	11.334	5	REP.B008	HA1E	24H	G06	irbesartan	0.01uM	up
REP.B017_HEK293_24H_F23_tipifarnib-P2_0.03uM down	7fee172e-1fbc-4338-a049-8361a23a7c6f	250	5.905217584741984e-05	0.025489589888778037	11.334	5	REP.B017	HEK293	24H	F23	tipifarnib-P2	0.03uM	down
XPR010_ES2.311_96H_G05_MAOA up	8aa6b7d7-745e-4d8c-bc26-80492de7e219	250	5.905217584741984e-05	0.025489589888778037	11.334	5	XPR010	ES2.311	96H	G05	MAOA	N/A	up
XPR010_HT29.311_96H_H22_EGFR down	a5882b30-eb20-4098-ac8c-3ca6e084a7c4	250	5.905217584741984e-05	0.025489589888778037	11.334	5	XPR010	HT29.311	96H	H22	EGFR	N/A	down
XPR012_MCF7.311_96H_A14_BCL11A up	1c650c37-ea84-4f3f-9949-f12b005820ef	250	5.905217584741984e-05	0.025489589888778037	11.334	5	XPR012	MCF7.311	96H	A14	BCL11A	N/A	up
XPR015_YAPC.311_96H_C04_CSMD1 up	c1f5bb44-57c1-4441-a04f-ac6476e1863f	250	5.905217584741984e-05	0.025489589888778037	11.334	5	XPR015	YAPC.311	96H	C04	CSMD1	N/A	up
XPR020_U251MG.311_96H_A20_MCFD2 up	b909be71-82d4-44d2-87aa-5dfa286e2a86	250	5.905217584741984e-05	0.025489589888778037	11.334	5	XPR020	U251MG.311	96H	A20	MCFD2	N/A	up
XPR026_YAPC.311_96H_A14_TOLLIP down	af3b218d-92a8-4026-bebb-3ea2171b9596	250	5.905217584741984e-05	0.025489589888778037	11.334	5	XPR026	YAPC.311	96H	A14	TOLLIP	N/A	down
XPR029_A549.311_96H_L13_BCAT1 down	c6c7f86a-de8b-4588-b668-5298daeca6f9	250	5.905217584741984e-05	0.025489589888778037	11.334	5	XPR029	A549.311	96H	L13	BCAT1	N/A	down
XPR033_MCF7.311_96H_E08_GPX1 up	b2681ba1-1eab-4886-9fb0-683ec71cd842	250	5.905217584741984e-05	0.025489589888778037	11.334	5	XPR033	MCF7.311	96H	E08	GPX1	N/A	up
XPR034_YAPC.311_96H_J19_PCK1 up	94ed8708-febf-441a-b912-3e6ff197648e	250	5.905217584741984e-05	0.025489589888778037	11.334	5	XPR034	YAPC.311	96H	J19	PCK1	N/A	up
XPR036_HT29.311_96H_L05_LMTK3 up	081e3fff-ce7e-420a-a601-bb65c21cf770	250	5.905217584741984e-05	0.025489589888778037	11.334	5	XPR036	HT29.311	96H	L05	LMTK3	N/A	up
XPR036_YAPC.311_96H_P09_PGK1 down	fddb0f47-c6c0-4490-8a6f-fe4bf7f7373c	250	5.905217584741984e-05	0.025489589888778037	11.334	5	XPR036	YAPC.311	96H	P09	PGK1	N/A	down
XPRJJ001_A375_96H_I01_HDAC2 down	10cb2812-2f9d-418e-b45b-bc8d7e4b3c5c	250	5.905217584741984e-05	0.025489589888778037	11.334	5	XPRJJ001	A375	96H	I01	HDAC2	N/A	down
ASG002_BICR6_24H_O11_raloxifene_1.11uM up	02f8799c-11ac-4003-b8df-0df575799109	250	5.905217584741984e-05	0.025489589888778037	11.334	5	ASG002	BICR6	24H	O11	raloxifene	1.11uM	up
MOAR012_MELHO_24H_P20_BAY-61-3606_3.33uM down	4dede26f-7ca7-4b07-b4a9-02b10662a796	250	5.905217584741984e-05	0.025489589888778037	11.334	5	MOAR012	MELHO	24H	P20	BAY-61-3606	3.33uM	down
ASG003_XC.P915_24H_D01_obatoclax_10uM up	49ad6991-b975-42ab-8812-3a7bdd71cc33	250	5.905217584741984e-05	0.025489589888778037	11.334	5	ASG003	XC.P915	24H	D01	obatoclax	10uM	up
ASG003_XC.P922_24H_M01_thioridazine_10uM up	17e5ab3b-c37f-4e2d-addc-e2d19527fbf5	250	5.905217584741984e-05	0.025489589888778037	11.334	5	ASG003	XC.P922	24H	M01	thioridazine	10uM	up
CPC001_VCAP_6H_J21_nomilin_10uM down	25286dcc-638b-4dbb-8d29-1a15e50621ff	250	5.905217584741984e-05	0.025489589888778037	11.334	5	CPC001	VCAP	6H	J21	nomilin	10uM	down
CPC003_HCC515_24H_L14_D-4476_10uM up	9c4ca485-e386-4401-82f9-86c3c95cf1e4	250	5.905217584741984e-05	0.025489589888778037	11.334	5	CPC003	HCC515	24H	L14	D-4476	10uM	up
CPC006_A549_6H_L23_SN-38_0.37uM down	62492641-56ec-4408-8554-e7a4e7e50e2e	250	5.905217584741984e-05	0.025489589888778037	11.334	5	CPC006	A549	6H	L23	SN-38	0.37uM	down
PAC040_U2OS_6H_A16_BRD-K98953112_10uM down	17e7f741-5062-46f6-bfa6-5dc079ce3730	250	5.905217584741984e-05	0.025489589888778037	11.334	5	PAC040	U2OS	6H	A16	BRD-K98953112	10uM	down
CPC006_HT29_24H_C14_amiodarone_10uM up	fa4cad88-d973-4dee-831e-831d16aff031	250	5.905217584741984e-05	0.025489589888778037	11.334	5	CPC006	HT29	24H	C14	amiodarone	10uM	up
PBIOA015_PC3_24H_M14_deguelin_3.33uM up	4c6f1d39-e56f-40da-b65b-33d355ced3d9	250	5.905217584741984e-05	0.025489589888778037	11.334	5	PBIOA015	PC3	24H	M14	deguelin	3.33uM	up
CPC013_A549_6H_J24_BRD-A95944315_10uM up	cd8744a9-3f97-47c3-84ab-eeec0a94f2a2	250	5.905217584741984e-05	0.025489589888778037	11.334	5	CPC013	A549	6H	J24	BRD-A95944315	10uM	up
CPC014_A375_6H_O09_BRD-K07061353_10uM down	3e6f4983-c7d7-49cf-8923-7969e2b39de8	250	5.905217584741984e-05	0.025489589888778037	11.334	5	CPC014	A375	6H	O09	BRD-K07061353	10uM	down
PBIOA018_HA1E_24H_M03_volasertib_1.11uM down	b9c2a8f0-56ff-43ab-b6ad-8befd2b083cb	250	5.905217584741984e-05	0.025489589888778037	11.334	5	PBIOA018	HA1E	24H	M03	volasertib	1.11uM	down
CPC020_HA1E_6H_H03_beclomethasone-dipropionate_10uM down	9dac27e0-8d02-496d-90f8-2c09e0585782	250	5.905217584741984e-05	0.025489589888778037	11.334	5	CPC020	HA1E	6H	H03	beclomethasone-dipropionate	10uM	down
CRCGN006_A549_24H_D18_BRD-K81841463_0.08uM up	f291f4b7-fe5d-4a34-be92-dd4f80d46024	250	5.905217584741984e-05	0.025489589888778037	11.334	5	CRCGN006	A549	24H	D18	BRD-K81841463	0.08uM	up
CRCGN006_HEPG2_24H_K22_iodoform_0.74uM up	2864bfdc-1634-4f99-bda5-2ad41724414f	250	5.905217584741984e-05	0.025489589888778037	11.334	5	CRCGN006	HEPG2	24H	K22	iodoform	0.74uM	up
DOS036_A549_24H_J18_BRD-K12331173_4uM down	b6f62893-aebb-4e4e-ac51-6bb3a1695a8e	250	5.905217584741984e-05	0.025489589888778037	11.334	5	DOS036	A549	24H	J18	BRD-K12331173	4uM	down
DOSVAL001_HT29_24H_I22_BRD-K69406317_10uM up	39941d07-0de1-4dfb-ae6c-94e9a03937cc	250	5.905217584741984e-05	0.025489589888778037	11.334	5	DOSVAL001	HT29	24H	I22	BRD-K69406317	10uM	up
DOSVAL002_MCF7_24H_G11_BRD-K96831907_10uM down	5a3fcce0-55da-41f2-bab8-600ad7476d80	250	5.905217584741984e-05	0.025489589888778037	11.334	5	DOSVAL002	MCF7	24H	G11	BRD-K96831907	10uM	down
EMU001_MINO_6H_B07_BRD-K54606188_10uM down	d8e71d4c-9082-4a78-a660-b82dc57da713	250	5.905217584741984e-05	0.025489589888778037	11.334	5	EMU001	MINO	6H	B07	BRD-K54606188	10uM	down
ENR001_NPC_24H_N06_BRD-A43505851_0.04uM down	0d1c34ee-4ed3-4b9a-a662-b7bd27795d02	250	5.905217584741984e-05	0.025489589888778037	11.334	5	ENR001	NPC	24H	N06	BRD-A43505851	0.04uM	down
PCLB001_HA1E_24H_A07_KUC111774N_10uM down	9ae93bcf-4b7f-4bd7-aef6-af1ff3308565	250	5.905217584741984e-05	0.025489589888778037	11.334	5	PCLB001	HA1E	24H	A07	KUC111774N	10uM	down
FIBR001_MCLF117SZ_6H_H05_thiazolopyrimidine_4uM down	df7d7efc-3a4c-4eef-a723-d5a962bf7d40	250	5.905217584741984e-05	0.025489589888778037	11.334	5	FIBR001	MCLF117SZ	6H	H05	thiazolopyrimidine	4uM	down
FIBR008_MCLF051CN_6H_O16_BX-795_4uM down	e95091e4-4ea5-4d58-b83e-55bc0513488f	250	5.905217584741984e-05	0.025489589888778037	11.334	5	FIBR008	MCLF051CN	6H	O16	BX-795	4uM	down
FIBR024_MCLF126CN_6H_L16_BRD-A94451536_4uM down	3bca3f9d-86e2-4d1c-87d9-dca2c1afa55b	250	5.905217584741984e-05	0.025489589888778037	11.334	5	FIBR024	MCLF126CN	6H	L16	BRD-A94451536	4uM	down
FIBR040_MCLF056CN_6H_K12_QS-11_4uM down	1b102b90-9dc0-4c5f-9c47-37fe6793ce7b	250	5.905217584741984e-05	0.025489589888778037	11.334	5	FIBR040	MCLF056CN	6H	K12	QS-11	4uM	down
LJP001_BT20_24H_G15_fostamatinib_10uM down	e54468c2-f7db-413c-bae0-855f70f7121d	250	5.905217584741984e-05	0.025489589888778037	11.334	5	LJP001	BT20	24H	G15	fostamatinib	10uM	down
LJP005_HS578T_24H_B11_HG-5-113-01_0.12uM down	0af62bab-ab8a-4e10-b038-28eaad309525	250	5.905217584741984e-05	0.025489589888778037	11.334	5	LJP005	HS578T	24H	B11	HG-5-113-01	0.12uM	down
LJP007_MDAMB231_24H_H03_WZ-7043_1.11uM down	f14f649f-1083-4136-8b79-37a71839ecc1	250	5.905217584741984e-05	0.025489589888778037	11.334	5	LJP007	MDAMB231	24H	H03	WZ-7043	1.11uM	down
MOAR009_SKES1_24H_F03_ABT-491_1.11uM down	5a91f975-7503-486b-afb0-5acf125a0953	250	5.905217584741984e-05	0.025489589888778037	11.334	5	MOAR009	SKES1	24H	F03	ABT-491	1.11uM	down
MOAR010_GI1_24H_F03_PF-03049423_1.11uM up	e734e64b-f1c4-4eb6-b109-9d6f7beb6711	250	5.905217584741984e-05	0.025489589888778037	11.334	5	MOAR010	GI1	24H	F03	PF-03049423	1.11uM	up
NMH001_NPC_24H_E14_epidepride_10uM down	a51ffad4-bedc-40af-bf45-14929739e968	250	5.905217584741984e-05	0.025489589888778037	11.334	5	NMH001	NPC	24H	E14	epidepride	10uM	down
PAC057_U2OS_6H_G02_BRD-K93123387_10uM up	a9235ba6-366c-4edb-9f46-8887b664451b	250	5.905217584741984e-05	0.025489589888778037	11.334	5	PAC057	U2OS	6H	G02	BRD-K93123387	10uM	up
PAC059_U2OS_6H_J10_BRD-K37849751_10uM up	87e84bce-ac90-4818-ad34-80e83119c953	250	5.905217584741984e-05	0.025489589888778037	11.334	5	PAC059	U2OS	6H	J10	BRD-K37849751	10uM	up
PBIOA006_XC.L10_24H_A22_VU-0418939-2_10uM up	83acfaa6-ffb9-460f-bdcf-da68010cf198	250	5.905217584741984e-05	0.025489589888778037	11.334	5	PBIOA006	XC.L10	24H	A22	VU-0418939-2	10uM	up
PBIOA015_A549_24H_J11_tretinoin_0.125uM up	ed47a863-f945-485e-b38c-e3236fcf995d	250	5.905217584741984e-05	0.025489589888778037	11.334	5	PBIOA015	A549	24H	J11	tretinoin	0.125uM	up
PBIOA015_PC3_24H_J05_R-428_0.125uM up	405b8196-bcb6-4a30-ba84-aad6e1eb2eb5	250	5.905217584741984e-05	0.025489589888778037	11.334	5	PBIOA015	PC3	24H	J05	R-428	0.125uM	up
PBIOA022_HCC515_24H_B07_TW-37_10uM up	0e65f68a-0345-4c23-b131-9545c78e7235	250	5.905217584741984e-05	0.025489589888778037	11.334	5	PBIOA022	HCC515	24H	B07	TW-37	10uM	up
PBIOA022_HCC515_24H_E13_VU-0418946-1_10uM up	b2488d90-2294-4eb6-9e8a-6eefa27d65cf	250	5.905217584741984e-05	0.025489589888778037	11.334	5	PBIOA022	HCC515	24H	E13	VU-0418946-1	10uM	up
PCLB001_A549_6H_P09_MW-SHH-61_0.66uM up	4428bf62-7fae-4664-a27c-512783834dbb	250	5.905217584741984e-05	0.025489589888778037	11.334	5	PCLB001	A549	6H	P09	MW-SHH-61	0.66uM	up
REP.A001_HELA_24H_G03_lestaurtinib_1.11uM down	f872389a-c130-4b84-9354-5751b4d97120	250	5.905217584741984e-05	0.025489589888778037	11.334	5	REP.A001	HELA	24H	G03	lestaurtinib	1.11uM	down
REP.A003_YAPC_24H_D08_miltefosine_3.33uM down	57c5fbc4-9c69-404c-b505-0e821e417499	250	5.905217584741984e-05	0.025489589888778037	11.334	5	REP.A003	YAPC	24H	D08	miltefosine	3.33uM	down
REP.A015_HEK293_24H_O15_loperamide_1.11uM up	8ae63395-21dd-424e-aff0-ac6f600575c5	250	5.905217584741984e-05	0.025489589888778037	11.334	5	REP.A015	HEK293	24H	O15	loperamide	1.11uM	up
ASG003_XC.L10_24H_M23_YM-155_1.11uM up	9a8d2396-6ddc-4b4c-a3fc-771edce6fce2	250	5.905217584741984e-05	0.025489589888778037	11.334	5	ASG003	XC.L10	24H	M23	YM-155	1.11uM	up
REP.A025_THP1_24H_J08_anidulafungin_3.33uM down	c88dbb56-9c76-4ed1-9436-a24812ce355c	250	5.905217584741984e-05	0.025489589888778037	11.334	5	REP.A025	THP1	24H	J08	anidulafungin	3.33uM	down
REP.B010_MDAMB231_24H_H11_doxazosin_0.03uM down	809d17e6-9478-4859-a025-fea9d48f4cba	250	5.905217584741984e-05	0.025489589888778037	11.334	5	REP.B010	MDAMB231	24H	H11	doxazosin	0.03uM	down
REP.B011_PC3_24H_H05_dicloxacillin_0.03uM down	f0d38f62-78c0-47c6-9d76-fcdb4c367ab2	250	5.905217584741984e-05	0.025489589888778037	11.334	5	REP.B011	PC3	24H	H05	dicloxacillin	0.03uM	down
REP.B025_HEK293_24H_D03_isradipine_0.25uM up	980af655-b36b-4a86-a840-33133ed88c13	250	5.905217584741984e-05	0.025489589888778037	11.334	5	REP.B025	HEK293	24H	D03	isradipine	0.25uM	up
XPR008_BICR6.311_96H_H15_EIF2S1 down	b655a74f-3de8-4f9f-9333-3010d74c82b3	250	5.905217584741984e-05	0.025489589888778037	11.334	5	XPR008	BICR6.311	96H	H15	EIF2S1	N/A	down
XPR009_MCF7.311_96H_M01_IL5RA up	be437d48-7dbd-4f5d-9752-10f4269164f2	250	5.905217584741984e-05	0.025489589888778037	11.334	5	XPR009	MCF7.311	96H	M01	IL5RA	N/A	up
XPR015_AGS.311_96H_F14_DNMT3A down	3c736e0b-d3af-4c32-af3a-f81c842d0d5f	250	5.905217584741984e-05	0.025489589888778037	11.334	5	XPR015	AGS.311	96H	F14	DNMT3A	N/A	down
XPR024_AGS.311_96H_B14_SOX4 down	3c1775c0-500b-4183-850d-b45efd55fc98	250	5.905217584741984e-05	0.025489589888778037	11.334	5	XPR024	AGS.311	96H	B14	SOX4	N/A	down
XPR028_BICR6.311_96H_K13_PARG down	809539ad-45df-49dc-b9cb-f08d36aae8e6	250	5.905217584741984e-05	0.025489589888778037	11.334	5	XPR028	BICR6.311	96H	K13	PARG	N/A	down
XPR032_BICR6.311_96H_F16_EIF4E down	43c4b41d-7d76-4790-a6d3-99ba0b49ed8d	250	5.905217584741984e-05	0.025489589888778037	11.334	5	XPR032	BICR6.311	96H	F16	EIF4E	N/A	down
XPR035_A549.311_96H_J20_TWF1 down	a0475a15-d1d0-4e4f-8ba3-c20c802b9440	250	5.905217584741984e-05	0.025489589888778037	11.334	5	XPR035	A549.311	96H	J20	TWF1	N/A	down
XPR036_YAPC.311_96H_I23_DGKQ up	37a247ea-fd9d-4bd3-8958-f2451143fd82	250	5.905217584741984e-05	0.025489589888778037	11.334	5	XPR036	YAPC.311	96H	I23	DGKQ	N/A	up
XPR040_DANG.311_96H_H05_HLTF up	fa39dda2-029d-4200-a124-688516f73bc3	250	5.905217584741984e-05	0.025489589888778037	11.334	5	XPR040	DANG.311	96H	H05	HLTF	N/A	up
AICHI001_OCILY19_4H_I02_lenalidomide_2.5uM down	e7f6b9b1-de03-4ee7-99f2-7a5bc273b1d4	250	5.905217584741984e-05	0.025489589888778037	11.334	5	AICHI001	OCILY19	4H	I02	lenalidomide	2.5uM	down
ASG002_MKN45_24H_A14_TW-37_0.74uM up	5b96bd2e-c653-4690-b246-556ec789d99a	250	5.905217584741984e-05	0.025489589888778037	11.334	5	ASG002	MKN45	24H	A14	TW-37	0.74uM	up
CPC003_HCC515_6H_B23_DAU-5884_10uM up	094fd7de-eb07-4d52-8b18-64b61e6c6dbf	250	5.905217584741984e-05	0.025489589888778037	11.334	5	CPC003	HCC515	6H	B23	DAU-5884	10uM	up
REP.A008_PC3_24H_L19_isoniazid_10uM down	9e5c3b48-73b9-4b18-8d52-fa1b149f9091	250	5.905217584741984e-05	0.025489589888778037	11.334	5	REP.A008	PC3	24H	L19	isoniazid	10uM	down
REP.A014_PC3_24H_C05_PX-12_0.125uM down	3f2ea530-ea4e-4003-ada0-cc1cf1ceca43	250	5.905217584741984e-05	0.025489589888778037	11.334	5	REP.A014	PC3	24H	C05	PX-12	0.125uM	down
CPC018_MCF7_24H_B07_SKI-II_10uM up	4c036e79-caf9-40cd-9915-91288848015e	250	5.905217584741984e-05	0.025489589888778037	11.334	5	CPC018	MCF7	24H	B07	SKI-II	10uM	up
REP.A016_YAPC_24H_F24_ivacaftor_0.04uM down	69196042-73b0-434e-8726-fb159cee8172	250	5.905217584741984e-05	0.025489589888778037	11.334	5	REP.A016	YAPC	24H	F24	ivacaftor	0.04uM	down
CPC019_HEPG2_6H_F19_BRD-K67484673_10uM up	459aa465-a1d1-4ccf-9544-7a1c5252431b	250	5.905217584741984e-05	0.025489589888778037	11.334	5	CPC019	HEPG2	6H	F19	BRD-K67484673	10uM	up
CPC019_PC3_6H_G16_BRD-K88217904_10uM up	f134b10c-73a3-4e40-99eb-2e42335ef798	250	5.905217584741984e-05	0.025489589888778037	11.334	5	CPC019	PC3	6H	G16	BRD-K88217904	10uM	up
CPC019_VCAP_24H_K11_BRD-K64754843_10uM down	c2be3ae1-5c8d-4c7a-99a0-e76f4c070f8e	250	5.905217584741984e-05	0.025489589888778037	11.334	5	CPC019	VCAP	24H	K11	BRD-K64754843	10uM	down
CVD001_HUH7_6H_H07_BRD-K33396764_0.25uM down	c46c5e5c-8fa5-4b71-a5c4-a52369d92cf1	250	5.905217584741984e-05	0.025489589888778037	11.334	5	CVD001	HUH7	6H	H07	BRD-K33396764	0.25uM	down
DOS016_VCAP_6H_K21_BRD-K10837204_4uM down	e7bfc241-1571-4286-a691-dce6116954fa	250	5.905217584741984e-05	0.025489589888778037	11.334	5	DOS016	VCAP	6H	K21	BRD-K10837204	4uM	down
DOS019_VCAP_6H_D17_BRD-K30752405_4uM up	b835d279-0b25-4a7e-b870-537b46f32b12	250	5.905217584741984e-05	0.025489589888778037	11.334	5	DOS019	VCAP	6H	D17	BRD-K30752405	4uM	up
DOSVAL002_PC3_24H_D01_BRD-K61782241_20uM down	b82a8f5f-4135-4e68-b591-42a10ec6d447	250	5.905217584741984e-05	0.025489589888778037	11.334	5	DOSVAL002	PC3	24H	D01	BRD-K61782241	20uM	down
EMU001_K562_24H_O17_LCB-03-0110_0.04uM up	785a8c05-f1f8-4969-a381-823871bfee6d	250	5.905217584741984e-05	0.025489589888778037	11.334	5	EMU001	K562	24H	O17	LCB-03-0110	0.04uM	up
ERG011_VCAP_6H_H19_GSK-650394_10uM up	35b01dcd-c127-4e99-b174-f3854ea83588	250	5.905217584741984e-05	0.025489589888778037	11.334	5	ERG011	VCAP	6H	H19	GSK-650394	10uM	up
FIBR003_MCLF027CN_6H_N01_BRD-A36275421_0.37uM up	dd27f55b-126e-47ec-bd3f-603155c47679	250	5.905217584741984e-05	0.025489589888778037	11.334	5	FIBR003	MCLF027CN	6H	N01	BRD-A36275421	0.37uM	up
FIBR012_MCLF015CN_6H_N15_narciclasine_0.37uM up	15627a7f-cfa2-489b-a022-097a9273091c	250	5.905217584741984e-05	0.025489589888778037	11.334	5	FIBR012	MCLF015CN	6H	N15	narciclasine	0.37uM	up
FIBR016_MCLF022CN_6H_O04_ixazomib_0.04uM down	5c1324e9-9f96-4e44-93d4-a4006544ce74	250	5.905217584741984e-05	0.025489589888778037	11.334	5	FIBR016	MCLF022CN	6H	O04	ixazomib	0.04uM	down
FIBR019_MCLF135CN_6H_D04_T-5345967_4uM up	71f1c9e0-e5ec-475f-80f7-6450dc55a2b1	250	5.905217584741984e-05	0.025489589888778037	11.334	5	FIBR019	MCLF135CN	6H	D04	T-5345967	4uM	up
FIBR033_MCLF100SZ_6H_C20_parbendazole_0.04uM up	de0c2b9f-688e-44c0-86fa-c4af6b78388b	250	5.905217584741984e-05	0.025489589888778037	11.334	5	FIBR033	MCLF100SZ	6H	C20	parbendazole	0.04uM	up
FIBR038_MCLF035SZ_6H_J08_tubacin_4uM up	8965686c-dbbc-49c4-9221-8aa397590f90	250	5.905217584741984e-05	0.025489589888778037	11.334	5	FIBR038	MCLF035SZ	6H	J08	tubacin	4uM	up
FIBR041_MCLF0067SZ_6H_F06_terreic-acid_4uM down	d802cc1b-b947-41a3-b256-5c64ee0cea6d	250	5.905217584741984e-05	0.025489589888778037	11.334	5	FIBR041	MCLF0067SZ	6H	F06	terreic-acid	4uM	down
ISO002_MCF10A.TP53.M.KRAS.HG_24H_B11_tofacitinib_0.125uM down	8d03053d-75a9-4b00-a060-97e4e2052a4e	250	5.905217584741984e-05	0.025489589888778037	11.334	5	ISO002	MCF10A.TP53.M.KRAS.HG	24H	B11	tofacitinib	0.125uM	down
LJP001_MDAMB231_6H_E21_saracatinib_10uM down	37f4d139-4a90-45db-a5de-4853780e157e	250	5.905217584741984e-05	0.025489589888778037	11.334	5	LJP001	MDAMB231	6H	E21	saracatinib	10uM	down
LJP002_SKBR3_24H_I04_TG-101348_2.22uM down	dbfe2164-5492-4caf-832a-cbb6905ff54e	250	5.905217584741984e-05	0.025489589888778037	11.334	5	LJP002	SKBR3	24H	I04	TG-101348	2.22uM	down
LJP005_HA1E_24H_E20_dovitinib_3.33uM down	11e9d36b-8c3f-4346-b4dc-5581f83a4a5b	250	5.905217584741984e-05	0.025489589888778037	11.334	5	LJP005	HA1E	24H	E20	dovitinib	3.33uM	down
LJP005_MCF10A_3H_E20_dovitinib_3.33uM up	402d8fca-9ca6-4b15-8d18-ab195cb92e22	250	5.905217584741984e-05	0.025489589888778037	11.334	5	LJP005	MCF10A	3H	E20	dovitinib	3.33uM	up
REP.A018_YAPC_24H_K17_nefiracetam_0.125uM up	6271b528-c29f-49f0-92d6-63dbcb140aca	250	5.905217584741984e-05	0.025489589888778037	11.334	5	REP.A018	YAPC	24H	K17	nefiracetam	0.125uM	up
LJP009_HA1E_24H_A04_tanespimycin_10uM down	1d2718c7-57da-4c3c-a1f4-25ccb9c21059	250	5.905217584741984e-05	0.025489589888778037	11.334	5	LJP009	HA1E	24H	A04	tanespimycin	10uM	down
LJP009_HELA_24H_C12_GNF-2_0.04uM down	929bada4-9996-468b-b87e-55545b6809fa	250	5.905217584741984e-05	0.025489589888778037	11.334	5	LJP009	HELA	24H	C12	GNF-2	0.04uM	down
LJP009_HUVEC_24H_O04_PD-0325901_0.37uM up	990772fd-56c9-427e-8c58-e7aaf45baeea	250	5.905217584741984e-05	0.025489589888778037	11.334	5	LJP009	HUVEC	24H	O04	PD-0325901	0.37uM	up
LKCP001_U2OS_24H_H17_PCI-24781_1.11uM down	14a4eeb1-084f-4d0b-bd5f-5ab00e1cca26	250	5.905217584741984e-05	0.025489589888778037	11.334	5	LKCP001	U2OS	24H	H17	PCI-24781	1.11uM	down
LKCP002_U2OS_48H_O10_azacitidine_10uM up	55ac101c-c61d-4ed9-8374-6aa64665441d	250	5.905217584741984e-05	0.025489589888778037	11.334	5	LKCP002	U2OS	48H	O10	azacitidine	10uM	up
LPROT004_MCF7_6H_E13_VE-822_0.12uM down	cfb0867e-471f-44e8-8c80-ffd11d6592f2	250	5.905217584741984e-05	0.025489589888778037	11.334	5	LPROT004	MCF7	6H	E13	VE-822	0.12uM	down
LUNG001_1HAE_24H_E18_lavendustin-a_10uM up	9d8fe979-1f10-4855-87cb-1c836d86440e	250	5.905217584741984e-05	0.025489589888778037	11.334	5	LUNG001	1HAE	24H	E18	lavendustin-a	10uM	up
MOAR008_NCIH1573_24H_P16_pralidoxime_10uM down	000316e5-9482-41ef-ab0d-2338ac5f9b28	250	5.905217584741984e-05	0.025489589888778037	11.334	5	MOAR008	NCIH1573	24H	P16	pralidoxime	10uM	down
MOAR008_NCIH2110_24H_A20_DFB_3.33uM down	e103d03e-db71-4089-a08b-957dba8685ea	250	5.905217584741984e-05	0.025489589888778037	11.334	5	MOAR008	NCIH2110	24H	A20	DFB	3.33uM	down
MOAR009_CAL29_24H_F24_ampalex_1.11uM up	2500ebd6-4faf-4460-8356-f7eb71a576a0	250	5.905217584741984e-05	0.025489589888778037	11.334	5	MOAR009	CAL29	24H	F24	ampalex	1.11uM	up
MOAR010_NCIH2110_24H_J12_cryptotanshinone_1.11uM down	d7405f53-0569-4be1-be9f-8e6aee1a5ca5	250	5.905217584741984e-05	0.025489589888778037	11.334	5	MOAR010	NCIH2110	24H	J12	cryptotanshinone	1.11uM	down
REP.B016_A549_24H_B22_meglitinide_0.08uM down	52b654e8-8a08-432c-b563-9362e7e3d48b	250	5.905217584741984e-05	0.025489589888778037	11.334	5	REP.B016	A549	24H	B22	meglitinide	0.08uM	down
PBIOA004_XC.L10_24H_K10_troglitazone_10uM down	6e1e3282-e51a-4585-a142-10a5f462f670	250	5.905217584741984e-05	0.025489589888778037	11.334	5	PBIOA004	XC.L10	24H	K10	troglitazone	10uM	down
PBIOA015_A375_24H_C07_kenpaullone_15uM down	3c807971-300d-4706-b31f-f6a8cc29b231	250	5.905217584741984e-05	0.025489589888778037	11.334	5	PBIOA015	A375	24H	C07	kenpaullone	15uM	down
PBIOA018_MCF7_24H_C04_glibenclamide_0.37uM down	95e9506a-bbf3-4b30-a617-e6bd54ba9491	250	5.905217584741984e-05	0.025489589888778037	11.334	5	PBIOA018	MCF7	24H	C04	glibenclamide	0.37uM	down
PCL001_HCC515_24H_K01_BRD-K11413513_10uM down	4ebb918a-9bc8-46dc-80e1-77696b08b0ee	250	5.905217584741984e-05	0.025489589888778037	11.334	5	PCL001	HCC515	24H	K01	BRD-K11413513	10uM	down
REP.A001_PC3_24H_I16_calcitriol_0.37uM up	6fa5631b-9305-4726-93ea-76fd86e5f553	250	5.905217584741984e-05	0.025489589888778037	11.334	5	REP.A001	PC3	24H	I16	calcitriol	0.37uM	up
REP.A010_A375_24H_B16_glipizide_0.37uM up	f6b2bbee-ab81-4f61-b29c-e52fecb29f84	250	5.905217584741984e-05	0.025489589888778037	11.334	5	REP.A010	A375	24H	B16	glipizide	0.37uM	up
REP.A018_HELA_24H_F22_semaxanib_0.37uM up	1c8fe91f-61fd-4613-82b8-6ed2264a9b78	250	5.905217584741984e-05	0.025489589888778037	11.334	5	REP.A018	HELA	24H	F22	semaxanib	0.37uM	up
REP.A018_PC3_24H_P06_ifosfamide_0.04uM up	066d09b9-5773-4702-9ede-f7271a5a71be	250	5.905217584741984e-05	0.025489589888778037	11.334	5	REP.A018	PC3	24H	P06	ifosfamide	0.04uM	up
REP.B001_HA1E_24H_C24_bortezomib_20uM up	b9e825f6-5561-4d4b-84bd-e30228ec16b1	250	5.905217584741984e-05	0.025489589888778037	11.334	5	REP.B001	HA1E	24H	C24	bortezomib	20uM	up
REP.B004_A549_24H_C21_bortezomib_20uM down	5173ef54-dab8-47f5-a417-ad96a6679dee	250	5.905217584741984e-05	0.025489589888778037	11.334	5	REP.B004	A549	24H	C21	bortezomib	20uM	down
REP.B009_YAPC_24H_K14_methiopril_0.74uM up	a0d37dda-0e66-4c3f-9257-02ef5d35fdb4	250	5.905217584741984e-05	0.025489589888778037	11.334	5	REP.B009	YAPC	24H	K14	methiopril	0.74uM	up
REP.B015_MCF10A_24H_I01_mebendazole_2.22uM up	a1536464-48d4-4d2e-a9bd-1135c5e3781a	250	5.905217584741984e-05	0.025489589888778037	11.334	5	REP.B015	MCF10A	24H	I01	mebendazole	2.22uM	up
REP.B018_HA1E_24H_I20_BI-2536_0.74uM down	8a7c271b-9795-4ee3-9123-2238a2d7377d	250	5.905217584741984e-05	0.025489589888778037	11.334	5	REP.B018	HA1E	24H	I20	BI-2536	0.74uM	down
REP.B021_HA1E_24H_F06_BRD-K82225283_0.01uM down	62c30523-f048-4478-805d-ad15a141f0f2	250	5.905217584741984e-05	0.025489589888778037	11.334	5	REP.B021	HA1E	24H	F06	BRD-K82225283	0.01uM	down
REP.B025_MDAMB231_24H_B17_theophylline_0.03uM up	4570c76a-7a6c-4e16-b3d6-0dd4501b8881	250	5.905217584741984e-05	0.025489589888778037	11.334	5	REP.B025	MDAMB231	24H	B17	theophylline	0.03uM	up
REP.B028_JURKAT_24H_O16_BRD-K97440753_0.08uM down	619d12ad-9438-47ca-a860-d4c6cab71a47	250	5.905217584741984e-05	0.025489589888778037	11.334	5	REP.B028	JURKAT	24H	O16	BRD-K97440753	0.08uM	down
XPR010_PC3.311B_96H_B08_DYRK1B down	6fe1ad34-bf80-4fd6-995a-45d0faf521a5	250	5.905217584741984e-05	0.025489589888778037	11.334	5	XPR010	PC3.311B	96H	B08	DYRK1B	N/A	down
XPR015_AGS.311_96H_D17_CXCL13 down	a91cb199-c8bd-4ab9-9d1d-0296c1cd16c8	250	5.905217584741984e-05	0.025489589888778037	11.334	5	XPR015	AGS.311	96H	D17	CXCL13	N/A	down
XPR019_PC3.311B_96H_B12_LMNB2 up	7936facb-6575-4109-bb0c-529ecc96ae3b	250	5.905217584741984e-05	0.025489589888778037	11.334	5	XPR019	PC3.311B	96H	B12	LMNB2	N/A	up
XPR022_YAPC.311_96H_C22_PSG9 down	aac3379e-d9a8-42c6-bd5c-7bc45934782e	250	5.905217584741984e-05	0.025489589888778037	11.334	5	XPR022	YAPC.311	96H	C22	PSG9	N/A	down
XPR032_BICR6.311_96H_N22_SLC22A2 down	3023dfd0-93fc-433d-b46f-5d08230691ed	250	5.905217584741984e-05	0.025489589888778037	11.334	5	XPR032	BICR6.311	96H	N22	SLC22A2	N/A	down
XPR043_LCLC103H.311_96H_O13_RPS6 up	a71317b2-f986-4fc5-9000-58d09d41764c	250	5.905217584741984e-05	0.025489589888778037	11.334	5	XPR043	LCLC103H.311	96H	O13	RPS6	N/A	up
AICHI001_OCILY19_4H_B15_dovitinib_0.66uM up	e3df87f6-4079-4c75-b8db-7c57dfeaa3e4	250	5.905217584741984e-05	0.025489589888778037	11.334	5	AICHI001	OCILY19	4H	B15	dovitinib	0.66uM	up
AML001_HL60_24H_H01_BRD-K04986062_1.11uM down	3590e5c2-01e4-4a4f-bfcf-3c8bcc938d9a	250	5.905217584741984e-05	0.025489589888778037	11.334	5	AML001	HL60	24H	H01	BRD-K04986062	1.11uM	down
ASG003_A549_6H_M01_thioridazine_10uM down	29639233-ab60-4d05-be1c-1472d1634762	250	5.905217584741984e-05	0.025489589888778037	11.334	5	ASG003	A549	6H	M01	thioridazine	10uM	down
ASG003_A549_6H_M20_afatinib_1.11uM down	aeb3772e-2654-433e-b3ec-0874b5c0d021	250	5.905217584741984e-05	0.025489589888778037	11.334	5	ASG003	A549	6H	M20	afatinib	1.11uM	down
ASG003_U2OS_48H_H04_troglitazone_10uM down	540a7f4c-15e0-4136-be20-37c030dada42	250	5.905217584741984e-05	0.025489589888778037	11.334	5	ASG003	U2OS	48H	H04	troglitazone	10uM	down
ASG003_XC.P031_24H_I15_raloxifene_0.12uM up	5ae13fae-49de-49a3-a543-4c6ed2753873	250	5.905217584741984e-05	0.025489589888778037	11.334	5	ASG003	XC.P031	24H	I15	raloxifene	0.12uM	up
CPC003_PC3_6H_D02_SSR-69071_10uM up	f11ef8b6-00c7-404b-b714-96f02c6d21cc	250	5.905217584741984e-05	0.025489589888778037	11.334	5	CPC003	PC3	6H	D02	SSR-69071	10uM	up
CPC006_A549_6H_A09_CT-200783_10uM down	4c40b2c9-f255-45c9-94d3-be03870f3e77	250	5.905217584741984e-05	0.025489589888778037	11.334	5	CPC006	A549	6H	A09	CT-200783	10uM	down
CPC006_HCC515_6H_A09_CT-200783_10uM down	fe946017-d449-44ea-bdab-4d476e34e6ac	250	5.905217584741984e-05	0.025489589888778037	11.334	5	CPC006	HCC515	6H	A09	CT-200783	10uM	down
CPC006_NCIH1694_6H_K05_orantinib_6.66uM up	7f223496-ef1d-480b-92a1-c6c64537cdfc	250	5.905217584741984e-05	0.025489589888778037	11.334	5	CPC006	NCIH1694	6H	K05	orantinib	6.66uM	up
CPC008_VCAP_6H_K04_BRD-K94304934_10uM down	129bb71f-b9f1-4d98-9fc4-d3e7986dba77	250	5.905217584741984e-05	0.025489589888778037	11.334	5	CPC008	VCAP	6H	K04	BRD-K94304934	10uM	down
CPC010_PC3_6H_B09_BRD-K75040614_10uM up	ef8b2924-df50-4030-bf69-3297fe2441d1	250	5.905217584741984e-05	0.025489589888778037	11.334	5	CPC010	PC3	6H	B09	BRD-K75040614	10uM	up
REP.B019_JURKAT_24H_E18_hymecromone_0.01uM up	ccbf9d15-cc7b-4db9-8e4c-6b3c6591b6c9	250	5.905217584741984e-05	0.025489589888778037	11.334	5	REP.B019	JURKAT	24H	E18	hymecromone	0.01uM	up
CPC014_HA1E_6H_C23_ZSTK-474_10uM up	8c0742d9-e41c-49c6-ac62-58dd80322045	250	5.905217584741984e-05	0.025489589888778037	11.334	5	CPC014	HA1E	6H	C23	ZSTK-474	10uM	up
CVD001_HUH7_24H_H07_BRD-K33396764_0.25uM down	21e851f1-22ac-4cb0-b625-fc7918ef6a7e	250	5.905217584741984e-05	0.025489589888778037	11.334	5	CVD001	HUH7	24H	H07	BRD-K33396764	0.25uM	down
FIBR008_MCLF051CN_6H_I14_PAC-1_25uM up	199ac774-892d-4983-9b25-5abdf39fa110	250	5.905217584741984e-05	0.025489589888778037	11.334	5	FIBR008	MCLF051CN	6H	I14	PAC-1	25uM	up
REP.B026_JURKAT_24H_P23_bucladesine_0.03uM up	97b11eb5-4eeb-4f41-84f6-7ad6d41c5373	250	5.905217584741984e-05	0.025489589888778037	11.334	5	REP.B026	JURKAT	24H	P23	bucladesine	0.03uM	up
FIBR025_MCLF141SZ_6H_C20_parbendazole_0.04uM down	abe9e778-f089-4b60-afc8-416756fd5fa7	250	5.905217584741984e-05	0.025489589888778037	11.334	5	FIBR025	MCLF141SZ	6H	C20	parbendazole	0.04uM	down
ISO001_MCF10A.WTHP_24H_M15_BI-2536_1.11uM up	b9b2160f-8d94-4684-99fd-416fe3aab347	250	5.905217584741984e-05	0.025489589888778037	11.334	5	ISO001	MCF10A.WTHP	24H	M15	BI-2536	1.11uM	up
LJP005_PC3_24H_G01_LDN-193189_10uM up	1cbc0038-116b-4307-ba98-57fc4203927b	250	5.905217584741984e-05	0.025489589888778037	11.334	5	LJP005	PC3	24H	G01	LDN-193189	10uM	up
LJP009_HUVEC.A_24H_K10_GSK-1059615_0.37uM up	33adac63-ddef-45ea-b739-affba52f88f0	250	5.905217584741984e-05	0.025489589888778037	11.334	5	LJP009	HUVEC.A	24H	K10	GSK-1059615	0.37uM	up
LJP009_NPC.TAK_24H_B15_saracatinib_1.11uM down	6af1f7b0-a2ec-474c-a146-a51e76c3cc20	250	5.905217584741984e-05	0.025489589888778037	11.334	5	LJP009	NPC.TAK	24H	B15	saracatinib	1.11uM	down
LKCP002_A549_6H_P14_methylprednisolone_1.11uM down	7d848524-0cea-4ad3-a65e-84c8ba8cb856	250	5.905217584741984e-05	0.025489589888778037	11.334	5	LKCP002	A549	6H	P14	methylprednisolone	1.11uM	down
LUNG001_IMR90_24H_P10_tyrphostin-A9_10uM down	3f8b8dc6-049d-43c0-a383-6b2acb824bc7	250	5.905217584741984e-05	0.025489589888778037	11.334	5	LUNG001	IMR90	24H	P10	tyrphostin-A9	10uM	down
MOAR006_PC3_24H_M11_I-BET-151_3.33uM down	443b60c0-d553-47c4-b9ab-345f9c9b03cb	250	5.905217584741984e-05	0.025489589888778037	11.334	5	MOAR006	PC3	24H	M11	I-BET-151	3.33uM	down
MOAR008_JHH5_24H_M15_INCB-3284_1.11uM down	adb6c241-9ff8-46a6-b518-dcda3224e14e	250	5.905217584741984e-05	0.025489589888778037	11.334	5	MOAR008	JHH5	24H	M15	INCB-3284	1.11uM	down
MOAR010_SKES1_24H_M24_MK-3207_1.11uM up	afd65d84-b8df-4c0c-a48b-b80ec92a768f	250	5.905217584741984e-05	0.025489589888778037	11.334	5	MOAR010	SKES1	24H	M24	MK-3207	1.11uM	up
MOAR011_SNU407_24H_J16_apremilast_10uM up	32f010b1-f9e8-4c58-923e-80a65c1f7cf0	250	5.905217584741984e-05	0.025489589888778037	11.334	5	MOAR011	SNU407	24H	J16	apremilast	10uM	up
MUC.CP008_P1A82_24H_N20_BRD-A09967919_3.33uM down	0346b48f-5882-45d4-bcbf-3442c3d3458e	250	5.905217584741984e-05	0.025489589888778037	11.334	5	MUC.CP008	P1A82	24H	N20	BRD-A09967919	3.33uM	down
REP.B028_JURKAT_24H_N20_pranlukast_0.74uM down	16b59730-4be2-4f53-8ab6-7d15a47228ef	250	5.905217584741984e-05	0.025489589888778037	11.334	5	REP.B028	JURKAT	24H	N20	pranlukast	0.74uM	down
PCLB003_HT29_24H_D16_BRD-K25079130_0.37uM up	1050cd1f-4a10-4648-9c42-9198b3ec9044	250	5.905217584741984e-05	0.025489589888778037	11.334	5	PCLB003	HT29	24H	D16	BRD-K25079130	0.37uM	up
REP.A005_HT29_24H_C02_entecavir_3.33uM up	d0940922-5ab2-417d-87ac-9224112aab6a	250	5.905217584741984e-05	0.025489589888778037	11.334	5	REP.A005	HT29	24H	C02	entecavir	3.33uM	up
REP.A009_HT29_24H_L19_AZD-9668_10uM up	807d7ab1-6ca1-4d9e-a521-ceec58cb214f	250	5.905217584741984e-05	0.025489589888778037	11.334	5	REP.A009	HT29	24H	L19	AZD-9668	10uM	up
REP.A011_MCF10A_24H_G08_PSI-7976_3.33uM up	5ed98621-c35b-4bf5-827d-979ddf795af9	250	5.905217584741984e-05	0.025489589888778037	11.334	5	REP.A011	MCF10A	24H	G08	PSI-7976	3.33uM	up
XPR008_HT29.311_96H_N06_HTR1B down	664a9f92-ef17-4d67-9812-83a47f8fe91d	250	5.905217584741984e-05	0.025489589888778037	11.334	5	XPR008	HT29.311	96H	N06	HTR1B	N/A	down
REP.A016_PC3_24H_D02_ilomastat_3.33uM down	e5e1f50c-303f-480a-8876-6a0c3312d350	250	5.905217584741984e-05	0.025489589888778037	11.334	5	REP.A016	PC3	24H	D02	ilomastat	3.33uM	down
REP.B013_A549_24H_K24_tasisulam_0.01uM down	8d1401ce-bfaa-402f-bdee-021b875a0289	250	5.905217584741984e-05	0.025489589888778037	11.334	5	REP.B013	A549	24H	K24	tasisulam	0.01uM	down
REP.B022_MDAMB231_24H_I02_SNX-2112_0.74uM down	6dbea5e6-d11f-45b8-b105-b49c6db9992b	250	5.905217584741984e-05	0.025489589888778037	11.334	5	REP.B022	MDAMB231	24H	I02	SNX-2112	0.74uM	down
XPR015_ES2.311_96H_G04_CUL2 down	a5de9636-f684-4c75-87b3-c6879a11b756	250	5.905217584741984e-05	0.025489589888778037	11.334	5	XPR015	ES2.311	96H	G04	CUL2	N/A	down
XPR009_AGS.311_96H_J03_NPY5R down	273b8b55-df90-4bfa-b638-c63302a7bcd3	250	5.905217584741984e-05	0.025489589888778037	11.334	5	XPR009	AGS.311	96H	J03	NPY5R	N/A	down
XPR030_PC3.311B_96H_K06_HAL up	465408d4-622d-4bc0-8220-4238a131359f	250	5.905217584741984e-05	0.025489589888778037	11.334	5	XPR030	PC3.311B	96H	K06	HAL	N/A	up
XPR033_MCF7.311_96H_J11_ALDH3B1 up	031f138e-7ff1-4502-810b-37f338160eef	250	5.905217584741984e-05	0.025489589888778037	11.334	5	XPR033	MCF7.311	96H	J11	ALDH3B1	N/A	up
XPR043_DANG.311_96H_A20_MIF down	dbf005a2-2222-4881-945e-4449107f9dcf	250	5.905217584741984e-05	0.025489589888778037	11.334	5	XPR043	DANG.311	96H	A20	MIF	N/A	down
XPR044_DANG.311_96H_A15_DVL3 down	98964966-445f-441c-8aaf-f419b6f7ff71	250	5.905217584741984e-05	0.025489589888778037	11.334	5	XPR044	DANG.311	96H	A15	DVL3	N/A	down
XPR017_YAPC.311_96H_B16_HVCN1 down	c7de5006-32b4-49d3-b92b-7c6c9d773b50	250	5.905217584741984e-05	0.025489589888778037	11.334	5	XPR017	YAPC.311	96H	B16	HVCN1	N/A	down
ASG002_A549_24H_M15_mitomycin-c_0.12uM up	641a8c20-ab93-4528-9ac7-3066e3c66708	250	5.905217584741984e-05	0.025489589888778037	11.334	5	ASG002	A549	24H	M15	mitomycin-c	0.12uM	up
ASG002_CAL29_24H_I10_orciprenaline_10uM down	b07bbd9c-8f0f-4fd2-a2d4-92aa88db9613	250	5.905217584741984e-05	0.025489589888778037	11.334	5	ASG002	CAL29	24H	I10	orciprenaline	10uM	down
XPR019_MCF7.311_96H_H17_LILRA2 down	f48ee960-416f-4e74-b828-9d7d69e8ddfe	250	5.905217584741984e-05	0.025489589888778037	11.334	5	XPR019	MCF7.311	96H	H17	LILRA2	N/A	down
ASG002_SKES1_24H_B05_XL-888_1.11uM up	957cf02d-7313-4a3f-bd2a-8688f6d3cb45	250	5.905217584741984e-05	0.025489589888778037	11.334	5	ASG002	SKES1	24H	B05	XL-888	1.11uM	up
ASG003_A549_48H_E16_KU-0063794_10uM up	97ad8561-39b6-45b3-af10-ea46e174a50e	250	5.905217584741984e-05	0.025489589888778037	11.334	5	ASG003	A549	48H	E16	KU-0063794	10uM	up
ASG003_XC.P931_24H_G22_calcitriol_10uM up	9a80f9d0-ea4f-4f34-9078-d6b8bd6a3eab	250	5.905217584741984e-05	0.025489589888778037	11.334	5	ASG003	XC.P931	24H	G22	calcitriol	10uM	up
ASG003_XC.P931_24H_I17_anguidine_1.11uM up	28b1e681-6b32-4f9a-a874-fe12705ae262	250	5.905217584741984e-05	0.025489589888778037	11.334	5	ASG003	XC.P931	24H	I17	anguidine	1.11uM	up
CPC006_AGS_6H_E22_ML-161_10uM down	7f9fb014-202c-46c0-a522-da6eedcc4205	250	5.905217584741984e-05	0.025489589888778037	11.334	5	CPC006	AGS	6H	E22	ML-161	10uM	down
CPC006_HA1E_6H_G10_mesoridazine_10uM down	ac1c2074-7ba7-49df-af83-ac6bca09de9e	250	5.905217584741984e-05	0.025489589888778037	11.334	5	CPC006	HA1E	6H	G10	mesoridazine	10uM	down
CPC006_SKMEL28_6H_I08_BRD-A36275421_10uM up	a752654c-bd6c-4031-9f84-4858806f7e27	250	5.905217584741984e-05	0.025489589888778037	11.334	5	CPC006	SKMEL28	6H	I08	BRD-A36275421	10uM	up
CPC007_HT29_6H_J11_BRD-K24426149_10uM up	8fddcacb-584c-4c7c-a8c2-20b407246dae	250	5.905217584741984e-05	0.025489589888778037	11.334	5	CPC007	HT29	6H	J11	BRD-K24426149	10uM	up
CPC014_A549_6H_C01_BRD-U43867373_10uM down	022c1d10-5b25-444e-8a11-e98e4966e055	250	5.905217584741984e-05	0.025489589888778037	11.334	5	CPC014	A549	6H	C01	BRD-U43867373	10uM	down
XPR020_U251MG.311_96H_F07_MITF down	7188a855-18bc-4a0f-a88f-cfe450552dca	250	5.905217584741984e-05	0.025489589888778037	11.334	5	XPR020	U251MG.311	96H	F07	MITF	N/A	down
CPC016_A549_6H_E23_rimexolone_10uM down	c6effa1b-87fe-4183-9c7c-5623fb6941fa	250	5.905217584741984e-05	0.025489589888778037	11.334	5	CPC016	A549	6H	E23	rimexolone	10uM	down
CPC016_MCF7_6H_F22_wortmannin_10uM up	2bf8d880-cac1-41f9-95d9-4c59a2756399	250	5.905217584741984e-05	0.025489589888778037	11.334	5	CPC016	MCF7	6H	F22	wortmannin	10uM	up
CEGS001_NPC.8330_24H_F17_pramipexole_1.67uM up	b1285a6a-856c-414a-ad64-5ad09c3d0a75	250	5.905217584741984e-05	0.025489589888778037	11.334	5	CEGS001	NPC.8330	24H	F17	pramipexole	1.67uM	up
CVD001_HUH7_6H_E03_BRD-A65142661_20uM down	ef679a15-39a8-44f9-b5e8-d06d5190b37a	250	5.905217584741984e-05	0.025489589888778037	11.334	5	CVD001	HUH7	6H	E03	BRD-A65142661	20uM	down
XPR022_YAPC.311_96H_L15_RAB7A up	8dc9356d-b6e9-4ad5-9d2b-f33378f50597	250	5.905217584741984e-05	0.025489589888778037	11.334	5	XPR022	YAPC.311	96H	L15	RAB7A	N/A	up
DOS025_VCAP_6H_E08_BRD-K55596430_4uM down	11fe56e0-a93f-47d5-91f6-bfb0e34565fc	250	5.905217584741984e-05	0.025489589888778037	11.334	5	DOS025	VCAP	6H	E08	BRD-K55596430	4uM	down
DOS039_A375_24H_B03_vorinostat_0.12uM up	54afa07c-52f8-4dba-981b-024eea9dff1b	250	5.905217584741984e-05	0.025489589888778037	11.334	5	DOS039	A375	24H	B03	vorinostat	0.12uM	up
CPC005_PC3_6H_C11_metanephrine_10uM up	90da9fe4-f49c-46c6-83ea-411fc9a4200b	250	5.905217584741984e-05	0.025489589888778037	11.334	5	CPC005	PC3	6H	C11	metanephrine	10uM	up
DOSVAL002_HEPG2_24H_M18_BRD-K23958338_4uM down	0947b2cb-99ed-4b22-ba78-b8fb2159d7ad	250	5.905217584741984e-05	0.025489589888778037	11.334	5	DOSVAL002	HEPG2	24H	M18	BRD-K23958338	4uM	down
DOSVAL005_HA1E_24H_L03_BRD-K73716473_4uM up	e14f4f6f-b84d-4ca3-8224-0e511a5474c5	250	5.905217584741984e-05	0.025489589888778037	11.334	5	DOSVAL005	HA1E	24H	L03	BRD-K73716473	4uM	up
EMU001_K562_24H_E09_manumycin-a_0.66uM down	073e626d-29a5-40ca-997d-f24586dfaee7	250	5.905217584741984e-05	0.025489589888778037	11.334	5	EMU001	K562	24H	E09	manumycin-a	0.66uM	down
XPR024_AGS.311_96H_O07_RPL19 down	314c5c31-a46a-4628-aba2-67339decefcf	250	5.905217584741984e-05	0.025489589888778037	11.334	5	XPR024	AGS.311	96H	O07	RPL19	N/A	down
FIBR041_MCLF0067SZ_6H_P02_BRD-K90826279_4uM down	a0267882-886b-4a93-8496-76bc1abbac9b	250	5.905217584741984e-05	0.025489589888778037	11.334	5	FIBR041	MCLF0067SZ	6H	P02	BRD-K90826279	4uM	down
LJP002_MCF7_24H_D20_LDN-193189_0.08uM down	81241871-1f54-4db2-a691-e3ef8ea536a9	250	5.905217584741984e-05	0.025489589888778037	11.334	5	LJP002	MCF7	24H	D20	LDN-193189	0.08uM	down
LJP005_HS578T_24H_L13_SB-590885_10uM down	d9f278e8-cef2-406d-b870-63cbcbca1b42	250	5.905217584741984e-05	0.025489589888778037	11.334	5	LJP005	HS578T	24H	L13	SB-590885	10uM	down
XPR031_BICR6.311_96H_H04_PPP1R16B up	6f55200c-c5ab-435a-b509-2bf4364e3db3	250	5.905217584741984e-05	0.025489589888778037	11.334	5	XPR031	BICR6.311	96H	H04	PPP1R16B	N/A	up
LJP009_HCC515_24H_B15_saracatinib_1.11uM up	fbb94198-f428-4beb-aac0-7f72b075e3ad	250	5.905217584741984e-05	0.025489589888778037	11.334	5	LJP009	HCC515	24H	B15	saracatinib	1.11uM	up
LJP009_HELA_24H_G15_dasatinib_1.11uM down	a6d04fc1-5f56-4c97-9c9c-c1090c230250	250	5.905217584741984e-05	0.025489589888778037	11.334	5	LJP009	HELA	24H	G15	dasatinib	1.11uM	down
LKCP002_A549_6H_L16_clocortolone-pivalate_4uM down	a941756b-caac-4816-9712-fd32f1ed35ca	250	5.905217584741984e-05	0.025489589888778037	11.334	5	LKCP002	A549	6H	L16	clocortolone-pivalate	4uM	down
MOAR012_SH4_24H_M19_paracetamol_10uM down	394ed5a9-e485-42cc-942e-c67609a54c0f	250	5.905217584741984e-05	0.025489589888778037	11.334	5	MOAR012	SH4	24H	M19	paracetamol	10uM	down
MUC.CP001_NKDBA_24H_D16_SA-1925621_0.37uM down	7160bc61-67c8-4c93-a710-08ee1f10330f	250	5.905217584741984e-05	0.025489589888778037	11.334	5	MUC.CP001	NKDBA	24H	D16	SA-1925621	0.37uM	down
MUC.CP002_NKDBA_24H_L19_kinetin-riboside_1.11uM up	15f0865c-0509-4a84-8304-d19e3a6a0cdd	250	5.905217584741984e-05	0.025489589888778037	11.334	5	MUC.CP002	NKDBA	24H	L19	kinetin-riboside	1.11uM	up
PAC001_U2OS_6H_F11_GP-1a_10uM down	29dd4d45-2938-464c-8907-127a46d02588	250	5.905217584741984e-05	0.025489589888778037	11.334	5	PAC001	U2OS	6H	F11	GP-1a	10uM	down
PAC002_U2OS_6H_K02_ozagrel_8uM down	dd77a277-d421-4770-8835-2a41f97ca3ab	250	5.905217584741984e-05	0.025489589888778037	11.334	5	PAC002	U2OS	6H	K02	ozagrel	8uM	down
PBIOA021_MCF7_24H_L18_BRD-K14336497_0.04uM up	6cae9e8b-c1cb-41e2-b2c6-c93f420b425f	250	5.905217584741984e-05	0.025489589888778037	11.334	5	PBIOA021	MCF7	24H	L18	BRD-K14336497	0.04uM	up
PBIOA022_MCF7_24H_N01_BRD-K81335284_10uM up	a6540d00-19d8-4014-a9fc-8c37529e08ef	250	5.905217584741984e-05	0.025489589888778037	11.334	5	PBIOA022	MCF7	24H	N01	BRD-K81335284	10uM	up
PCL001_HEPG2_24H_E01_BRD-K91583156_10uM down	893be58b-1528-4513-aff0-8cd2648bd08a	250	5.905217584741984e-05	0.025489589888778037	11.334	5	PCL001	HEPG2	24H	E01	BRD-K91583156	10uM	down
REP.A001_MCF7_24H_J04_benzydamine_0.37uM up	f5f0d59d-fcc6-40d0-b700-bbc802ece715	250	5.905217584741984e-05	0.025489589888778037	11.334	5	REP.A001	MCF7	24H	J04	benzydamine	0.37uM	up
REP.A001_XC.L10_24H_P03_amikacin_1.11uM down	dadda06a-7747-4ceb-9a1b-687bc781aad2	250	5.905217584741984e-05	0.025489589888778037	11.334	5	REP.A001	XC.L10	24H	P03	amikacin	1.11uM	down
REP.A003_PC3_24H_G02_L-NAME_3.33uM down	5619a29c-45fc-45a5-af6a-f55106248183	250	5.905217584741984e-05	0.025489589888778037	11.334	5	REP.A003	PC3	24H	G02	L-NAME	3.33uM	down
REP.A005_PC3_24H_A21_I-BET-762_1.11uM down	4189f2ad-6294-4733-aa96-2a34f06f9233	250	5.905217584741984e-05	0.025489589888778037	11.334	5	REP.A005	PC3	24H	A21	I-BET-762	1.11uM	down
REP.A006_HELA_24H_B15_LY-2801653_1.11uM up	11a0396e-8355-4a4f-9635-888905e7dc1a	250	5.905217584741984e-05	0.025489589888778037	11.334	5	REP.A006	HELA	24H	B15	LY-2801653	1.11uM	up
REP.A009_HUVEC.A_24H_I19_mozavaptan_10uM down	56cc7c14-47a8-40ed-b004-98e0dcf50f0d	250	5.905217584741984e-05	0.025489589888778037	11.334	5	REP.A009	HUVEC.A	24H	I19	mozavaptan	10uM	down
REP.A009_MCF7_24H_H19_paclitaxel_10uM down	49982720-6a68-4505-9227-931a8e52a490	250	5.905217584741984e-05	0.025489589888778037	11.334	5	REP.A009	MCF7	24H	H19	paclitaxel	10uM	down
REP.A012_A549_24H_P22_foretinib_0.37uM up	9913e6e6-864a-4814-b00f-51b44532b247	250	5.905217584741984e-05	0.025489589888778037	11.334	5	REP.A012	A549	24H	P22	foretinib	0.37uM	up
REP.A019_A549_24H_N02_ketanserin_3.33uM up	83ab38b6-c504-4d64-965e-478034f26d78	250	5.905217584741984e-05	0.025489589888778037	11.334	5	REP.A019	A549	24H	N02	ketanserin	3.33uM	up
REP.B009_MDAMB231_24H_D14_BVD-523_0.74uM up	e3d13231-e4e4-4aa6-bf0e-59d60269a194	250	5.905217584741984e-05	0.025489589888778037	11.334	5	REP.B009	MDAMB231	24H	D14	BVD-523	0.74uM	up
REP.B022_A375_24H_B21_decitabine_0.25uM down	658e61ef-de62-4c8c-965a-73d236d1c251	250	5.905217584741984e-05	0.025489589888778037	11.334	5	REP.B022	A375	24H	B21	decitabine	0.25uM	down
REP.B022_HEK293_24H_E17_pinitol_0.03uM down	96ca4a2f-c520-4ecb-9fe3-8a0f406fabae	250	5.905217584741984e-05	0.025489589888778037	11.334	5	REP.B022	HEK293	24H	E17	pinitol	0.03uM	down
REP.B027_HA1E_24H_F03_bifonazole_0.25uM down	01afc8e0-8bcf-4987-87e4-a045f2715c8a	250	5.905217584741984e-05	0.025489589888778037	11.334	5	REP.B027	HA1E	24H	F03	bifonazole	0.25uM	down
XPR010_ES2.311_96H_M20_CDA down	0f1e6e81-9a0d-4757-84fe-df769f8cd006	250	5.905217584741984e-05	0.025489589888778037	11.334	5	XPR010	ES2.311	96H	M20	CDA	N/A	down
XPR011_A549.311_96H_G13_LRRK2 down	26dcda4c-52a0-4184-a553-fe7576a7dc8d	250	5.905217584741984e-05	0.025489589888778037	11.334	5	XPR011	A549.311	96H	G13	LRRK2	N/A	down
XPR014_MCF7.311_96H_N23_CHI3L2 down	a84264cf-7bc4-45cd-b077-1192d2a92847	250	5.905217584741984e-05	0.025489589888778037	11.334	5	XPR014	MCF7.311	96H	N23	CHI3L2	N/A	down
XPR017_ES2.311_96H_B22_HTRA4 down	bc334055-054e-4d5e-aa43-39683b099af8	250	5.905217584741984e-05	0.025489589888778037	11.334	5	XPR017	ES2.311	96H	B22	HTRA4	N/A	down
XPR024_A375.311_96H_O06_SLC28A2 down	cd2f11f9-5601-4aeb-8ad9-745de8c8a574	250	5.905217584741984e-05	0.025489589888778037	11.334	5	XPR024	A375.311	96H	O06	SLC28A2	N/A	down
XPR025_U251MG.311_96H_K22_STAT2 down	fad4deb0-7436-4820-b89a-44c3c587b41f	250	5.905217584741984e-05	0.025489589888778037	11.334	5	XPR025	U251MG.311	96H	K22	STAT2	N/A	down
XPR036_MCF7.311_96H_A24_RIOK1 down	6515d96a-2f55-48a2-a12e-f6d1031a8dbf	250	5.905217584741984e-05	0.025489589888778037	11.334	5	XPR036	MCF7.311	96H	A24	RIOK1	N/A	down
XPR033_BICR6.311_96H_E11_PLD2 down	861d43e2-f730-437e-a66d-8942ac6cdcd6	250	5.905217584741984e-05	0.025489589888778037	11.334	5	XPR033	BICR6.311	96H	E11	PLD2	N/A	down
ASG002_MELHO_24H_E16_obatoclax_10uM up	53102b90-d3f6-408c-bdd0-f1edae144f80	250	5.905217584741984e-05	0.025489589888778037	11.334	5	ASG002	MELHO	24H	E16	obatoclax	10uM	up
ASG002_PC3_24H_O19_salmeterol_10uM down	f64eb248-e7cb-4e43-a0fd-531646b859cd	250	5.905217584741984e-05	0.025489589888778037	11.334	5	ASG002	PC3	24H	O19	salmeterol	10uM	down
ASG003_XC.P033_24H_A15_parbendazole_0.12uM down	0e08010b-93d7-4654-a4f9-b0ae8c96a5ad	250	5.905217584741984e-05	0.025489589888778037	11.334	5	ASG003	XC.P033	24H	A15	parbendazole	0.12uM	down
ASG003_XC.P910_24H_M01_thioridazine_10uM up	865ef0dd-f78d-4626-82f2-5d4f490f82a3	250	5.905217584741984e-05	0.025489589888778037	11.334	5	ASG003	XC.P910	24H	M01	thioridazine	10uM	up
ASG003_XC.P930_24H_A14_parbendazole_1.11uM down	6ce8e398-3dfe-4c0c-b07a-948bb948c1a1	250	5.905217584741984e-05	0.025489589888778037	11.334	5	ASG003	XC.P930	24H	A14	parbendazole	1.11uM	down
CPC006_HA1E_24H_G06_KU-0063794_10uM up	f2d4f55e-ce75-43a5-a205-0aaeeb4f2a5d	250	5.905217584741984e-05	0.025489589888778037	11.334	5	CPC006	HA1E	24H	G06	KU-0063794	10uM	up
CPC006_PC3_24H_J09_YM-155_0.3uM up	7ffb58d2-526e-493b-997c-95933f6dcd1c	250	5.905217584741984e-05	0.025489589888778037	11.334	5	CPC006	PC3	24H	J09	YM-155	0.3uM	up
CPC006_RMGI_6H_P19_BMS-536924_12uM down	4b17cd99-4a50-4f9d-ba5a-84d5a96e44b0	250	5.905217584741984e-05	0.025489589888778037	11.334	5	CPC006	RMGI	6H	P19	BMS-536924	12uM	down
CPC006_VCAP_6H_E23_pifithrin-mu_10uM down	93721d77-3b5e-4b99-ad8d-b3e2a2f88bd9	250	5.905217584741984e-05	0.025489589888778037	11.334	5	CPC006	VCAP	6H	E23	pifithrin-mu	10uM	down
CPC008_A375_6H_H05_rottlerin_10uM down	d2c71aed-4a62-45fa-8e98-db5d2a5ea40f	250	5.905217584741984e-05	0.025489589888778037	11.334	5	CPC008	A375	6H	H05	rottlerin	10uM	down
XPR036_A549.311_96H_J14_AFG3L2 down	999583e7-1cde-4a72-ad99-232b66e604dd	250	5.905217584741984e-05	0.025489589888778037	11.334	5	XPR036	A549.311	96H	J14	AFG3L2	N/A	down
CPC012_PC3_24H_F21_VU-0410183-2_10uM up	ebdc0d62-143f-477b-aadd-f3d2fab1eafa	250	5.905217584741984e-05	0.025489589888778037	11.334	5	CPC012	PC3	24H	F21	VU-0410183-2	10uM	up
CPC013_HT29_6H_I24_ALW-II-38-3_10uM down	c7173906-579d-4817-a24f-43df1d9b7932	250	5.905217584741984e-05	0.025489589888778037	11.334	5	CPC013	HT29	6H	I24	ALW-II-38-3	10uM	down
CPC014_HT29_6H_L13_SB-203580_10uM down	7c21035d-bcac-44b9-82ae-54d29e6ec852	250	5.905217584741984e-05	0.025489589888778037	11.334	5	CPC014	HT29	6H	L13	SB-203580	10uM	down
CPC020_MCF7_24H_G02_BRD-K75430629_10uM down	4bb87e3a-c6a4-4134-9a37-a1fdecf97dc2	250	5.905217584741984e-05	0.025489589888778037	11.334	5	CPC020	MCF7	24H	G02	BRD-K75430629	10uM	down
DOS028_VCAP_6H_D13_BRD-K28149578_4uM down	954ff2f0-c0e2-49b4-a5c2-8e0a1c634e2c	250	5.905217584741984e-05	0.025489589888778037	11.334	5	DOS028	VCAP	6H	D13	BRD-K28149578	4uM	down
DOS051_HT29_24H_J20_BRD-K11415638_4uM up	b777de74-f772-4f69-afa1-fbe33092c588	250	5.905217584741984e-05	0.025489589888778037	11.334	5	DOS051	HT29	24H	J20	BRD-K11415638	4uM	up
EMU001_HBL1_24H_B08_BRD-K54606188_2.5uM down	8c56d8b6-c439-468d-b5d4-32800b86fedf	250	5.905217584741984e-05	0.025489589888778037	11.334	5	EMU001	HBL1	24H	B08	BRD-K54606188	2.5uM	down
FIBR008_MCLF051CN_6H_O23_tranylcypromine_4uM up	10fca4bc-4f11-45c5-a1cf-c91ee7726059	250	5.905217584741984e-05	0.025489589888778037	11.334	5	FIBR008	MCLF051CN	6H	O23	tranylcypromine	4uM	up
FIBR034_MCLF100SZ_6H_N01_BRD-A36275421_0.37uM up	400064e2-34a8-48a8-9852-2338fa272519	250	5.905217584741984e-05	0.025489589888778037	11.334	5	FIBR034	MCLF100SZ	6H	N01	BRD-A36275421	0.37uM	up
FIBR034_MCLF100SZ_6H_N15_narciclasine_0.37uM up	fdb70b8d-03ec-461f-9592-b3cb193bec6c	250	5.905217584741984e-05	0.025489589888778037	11.334	5	FIBR034	MCLF100SZ	6H	N15	narciclasine	0.37uM	up
FIBR039_MCLF056CN_6H_P05_TGX-115_4uM down	a4dd28ac-cff9-486a-9aad-d35d46081ece	250	5.905217584741984e-05	0.025489589888778037	11.334	5	FIBR039	MCLF056CN	6H	P05	TGX-115	4uM	down
FIBR042_MCLF0067SZ_6H_O02_manumycin-a_4uM down	01fc3ac8-4842-4e1a-ace1-3cc4501f409f	250	5.905217584741984e-05	0.025489589888778037	11.334	5	FIBR042	MCLF0067SZ	6H	O02	manumycin-a	4uM	down
CPC006_HA1E_6H_D07_BRD-K40758391_40uM down	c5d9ae1a-fc20-4fa3-8b92-99c3953d9469	250	5.905217584741984e-05	0.025489589888778037	11.334	5	CPC006	HA1E	6H	D07	BRD-K40758391	40uM	down
ISO002_MCF10A.KRAS.HG_24H_H19_maxacalcitol_4uM down	a38b9f1f-351c-439d-a0aa-d8a37f79edc7	250	5.905217584741984e-05	0.025489589888778037	11.334	5	ISO002	MCF10A.KRAS.HG	24H	H19	maxacalcitol	4uM	down
ISO002_MCF10A.WTLP_24H_I13_AZD-3514_10uM up	3a8ef52a-47e2-43aa-bf36-4ab3f9eede19	250	5.905217584741984e-05	0.025489589888778037	11.334	5	ISO002	MCF10A.WTLP	24H	I13	AZD-3514	10uM	up
LJP001_BT20_24H_O02_THZ-2-98-01_2.22uM up	78772a8f-d83f-4c78-9bfc-83f795e0f485	250	5.905217584741984e-05	0.025489589888778037	11.334	5	LJP001	BT20	24H	O02	THZ-2-98-01	2.22uM	up
LJP006_HA1E_24H_D09_saracatinib_1.11uM down	3503a898-b4f4-4dc0-866f-3210b6762036	250	5.905217584741984e-05	0.025489589888778037	11.334	5	LJP006	HA1E	24H	D09	saracatinib	1.11uM	down
LJP007_NPC.TAK_24H_D24_bosutinib_0.04uM up	f0e6bd21-e1f9-437b-b44b-9801abbbad04	250	5.905217584741984e-05	0.025489589888778037	11.334	5	LJP007	NPC.TAK	24H	D24	bosutinib	0.04uM	up
LJP008_HUVEC.A_24H_G13_dasatinib_10uM down	07e8aa07-9c70-479a-b140-f4a9176b048d	250	5.905217584741984e-05	0.025489589888778037	11.334	5	LJP008	HUVEC.A	24H	G13	dasatinib	10uM	down
LRS001_PHH.MGH_24H_I10_phloretin_10uM up	9ef6b261-d554-4ac1-ae4a-0dde759601e8	250	5.905217584741984e-05	0.025489589888778037	11.334	5	LRS001	PHH.MGH	24H	I10	phloretin	10uM	up
CEGS001_NPC.8330_24H_M10_lorazepam_3.33uM up	84f3963a-dc02-45de-865d-31e8b8025964	250	5.905217584741984e-05	0.025489589888778037	11.334	5	CEGS001	NPC.8330	24H	M10	lorazepam	3.33uM	up
CEGS002_HIMG002_24H_C02_17-AAG_4uM down	87ae69aa-cbcd-45d9-9769-b19835ea1d4f	250	5.905217584741984e-05	0.025489589888778037	11.334	5	CEGS002	HIMG002	24H	C02	17-AAG	4uM	down
PAC063_U2OS_6H_M21_BRD-K40358491_10uM down	16546211-54a2-4d98-8f42-295052271daa	250	5.905217584741984e-05	0.025489589888778037	11.334	5	PAC063	U2OS	6H	M21	BRD-K40358491	10uM	down
PBIOA014_MCF7_24H_H09_BRD-K50919513_1.11uM up	571e6f7b-9e7d-449d-a8fb-f2835385fae4	250	5.905217584741984e-05	0.025489589888778037	11.334	5	PBIOA014	MCF7	24H	H09	BRD-K50919513	1.11uM	up
PCLB001_A375_24H_D22_BRD-K58547375_0.125uM up	54a8e88e-2d14-4882-ad9f-bf5ccfba219e	250	5.905217584741984e-05	0.025489589888778037	11.334	5	PCLB001	A375	24H	D22	BRD-K58547375	0.125uM	up
RAD001_MCF7_24H_N14_sulforaphane_10uM down	ffda1e0a-f3d5-45a8-8ed6-d479276851b8	250	5.905217584741984e-05	0.025489589888778037	11.334	5	RAD001	MCF7	24H	N14	sulforaphane	10uM	down
REP.A005_HELA_24H_J19_argatroban_10uM up	5157b05d-c3cd-4ffb-a031-70804ffb1836	250	5.905217584741984e-05	0.025489589888778037	11.334	5	REP.A005	HELA	24H	J19	argatroban	10uM	up
REP.A012_HT29_24H_K15_S-18986_1.11uM up	8d8a5a3e-44b7-49b5-8acc-cb9750e2932a	250	5.905217584741984e-05	0.025489589888778037	11.334	5	REP.A012	HT29	24H	K15	S-18986	1.11uM	up
REP.B003_A549_24H_O24_omecamtiv-mecarbil_0.01uM down	d8fd4eb6-f53f-46e1-a22c-1dc942b0ea8c	250	5.905217584741984e-05	0.025489589888778037	11.334	5	REP.B003	A549	24H	O24	omecamtiv-mecarbil	0.01uM	down
REP.B010_MCF10A_24H_L11_tasquinimod_0.03uM up	cb400959-b1a9-4c6e-a235-16cc6ac1a59b	250	5.905217584741984e-05	0.025489589888778037	11.334	5	REP.B010	MCF10A	24H	L11	tasquinimod	0.03uM	up
REP.B011_THP1_24H_K15_CPI-613_0.25uM down	a70ff986-7e08-41be-924c-8f7534e03b79	250	5.905217584741984e-05	0.025489589888778037	11.334	5	REP.B011	THP1	24H	K15	CPI-613	0.25uM	down
REP.B016_PC3_24H_B13_sarcosine_2.22uM up	9fdd492b-f03b-47f2-b39a-2d48d2e029c4	250	5.905217584741984e-05	0.025489589888778037	11.334	5	REP.B016	PC3	24H	B13	sarcosine	2.22uM	up
CPC002_PC3_24H_H02_nefazodone_10uM up	82cca731-4314-4c49-83d4-7e9b4caeab72	250	5.905217584741984e-05	0.025489589888778037	11.334	5	CPC002	PC3	24H	H02	nefazodone	10uM	up
REP.B019_HT29_24H_M05_faropenem_0.03uM up	a596d6f7-51a7-4173-8c7b-ef88f20ff096	250	5.905217584741984e-05	0.025489589888778037	11.334	5	REP.B019	HT29	24H	M05	faropenem	0.03uM	up
REP.B025_JURKAT_24H_L23_naphazoline_0.03uM up	45715b45-655e-4e1f-af0b-c3324c473bd6	250	5.905217584741984e-05	0.025489589888778037	11.334	5	REP.B025	JURKAT	24H	L23	naphazoline	0.03uM	up
REP.B026_PC3_24H_A21_AVL-292_0.25uM down	fb2acc5c-379c-4dc8-ab0c-7de373028cf2	250	5.905217584741984e-05	0.025489589888778037	11.334	5	REP.B026	PC3	24H	A21	AVL-292	0.25uM	down
XPR015_U251MG.311_96H_C24_CSRP2 up	11de3d3a-e32d-451f-8dce-4cbf489d3d5f	250	5.905217584741984e-05	0.025489589888778037	11.334	5	XPR015	U251MG.311	96H	C24	CSRP2	N/A	up
XPR023_BICR6.311_96H_H24_SEMA4G up	b61d1930-4b2c-4778-a925-2c67d18685a4	250	5.905217584741984e-05	0.025489589888778037	11.334	5	XPR023	BICR6.311	96H	H24	SEMA4G	N/A	up
XPR025_MCF7.311_96H_B15_TBC1D7 up	d4d2b740-0238-4a8f-9c27-394818c1a2a6	250	5.905217584741984e-05	0.025489589888778037	11.334	5	XPR025	MCF7.311	96H	B15	TBC1D7	N/A	up
XPR038_KYSE30.311_96H_P09_ASNS down	61390f55-57c6-4be1-b595-9be6558cccbd	250	5.905217584741984e-05	0.025489589888778037	11.334	5	XPR038	KYSE30.311	96H	P09	ASNS	N/A	down
AICHI001_TMD8_4H_N15_GW-5074_0.66uM down	85aa12dc-9aaa-4714-a038-d656e817042d	250	5.905217584741984e-05	0.025489589888778037	11.334	5	AICHI001	TMD8	4H	N15	GW-5074	0.66uM	down
ASG002_A204_24H_L22_azathioprine_10uM up	30cdd21c-6b2a-4a01-9a7e-aebb473deb89	250	5.905217584741984e-05	0.025489589888778037	11.334	5	ASG002	A204	24H	L22	azathioprine	10uM	up
ASG002_BICR6_24H_F04_alvocidib_10uM down	60630840-9584-47de-b464-d172522e5402	250	5.905217584741984e-05	0.025489589888778037	11.334	5	ASG002	BICR6	24H	F04	alvocidib	10uM	down
ASG003_XC.P907_24H_A09_NVP-BEZ235_0.12uM down	f6459c79-7975-4d95-8027-a1de9c40896e	250	5.905217584741984e-05	0.025489589888778037	11.334	5	ASG003	XC.P907	24H	A09	NVP-BEZ235	0.12uM	down
ASG003_XC.P910_24H_G07_atorvastatin_10uM up	ee708b5d-2c70-41f0-aebb-54e9a0d8b24f	250	5.905217584741984e-05	0.025489589888778037	11.334	5	ASG003	XC.P910	24H	G07	atorvastatin	10uM	up
CPC006_SNUC5_6H_L13_nifedipine_10uM up	71c5e9bd-df52-4fc1-aba1-77b999319e4b	250	5.905217584741984e-05	0.025489589888778037	11.334	5	CPC006	SNUC5	6H	L13	nifedipine	10uM	up
ASG003_XC.P930_24H_K23_fostamatinib_1.11uM down	d4f1e467-a566-43bb-94e0-c4f72c03fc74	250	5.905217584741984e-05	0.025489589888778037	11.334	5	ASG003	XC.P930	24H	K23	fostamatinib	1.11uM	down
CPC008_A549_6H_G05_BRD-A63949900_10uM up	600ce301-73fa-4342-a969-717139ad9b64	250	5.905217584741984e-05	0.025489589888778037	11.334	5	CPC008	A549	6H	G05	BRD-A63949900	10uM	up
CPC006_HA1E_6H_N19_NVP-BEZ235_0.66uM up	358a7d69-8985-40d8-9bfc-e4c69932b134	250	5.905217584741984e-05	0.025489589888778037	11.334	5	CPC006	HA1E	6H	N19	NVP-BEZ235	0.66uM	up
CPC006_HT29_24H_J09_YM-155_0.3uM up	62c3b9af-21a9-4d2d-b19e-37978dbef231	250	5.905217584741984e-05	0.025489589888778037	11.334	5	CPC006	HT29	24H	J09	YM-155	0.3uM	up
CPC006_SNU1040_6H_L19_triptolide_0.08uM down	e9211090-e58b-4972-86a3-bbc02adbc5ae	250	5.905217584741984e-05	0.025489589888778037	11.334	5	CPC006	SNU1040	6H	L19	triptolide	0.08uM	down
CPC007_A375_24H_H12_BRD-A24021119_10uM up	ae01b2ff-bdb5-42df-83d3-3dd61b5e0aa0	250	5.905217584741984e-05	0.025489589888778037	11.334	5	CPC007	A375	24H	H12	BRD-A24021119	10uM	up
CPC008_HCC515_6H_N21_VU-0418934-2_10uM up	f5ce5411-2529-42d9-bc9a-18e89682e45f	250	5.905217584741984e-05	0.025489589888778037	11.334	5	CPC008	HCC515	6H	N21	VU-0418934-2	10uM	up
CPC011_PC3_24H_M20_zileuton_10uM down	a2025ce4-0196-4a8a-be23-c10836d2c00c	250	5.905217584741984e-05	0.025489589888778037	11.334	5	CPC011	PC3	24H	M20	zileuton	10uM	down
CPC008_HT29_6H_A21_BRD-K41185612_10uM down	4541e161-d511-4d61-908d-3cdd897cc875	250	5.905217584741984e-05	0.025489589888778037	11.334	5	CPC008	HT29	6H	A21	BRD-K41185612	10uM	down
CPC013_HEPG2_6H_D16_BRD-K57019930_10uM down	086dbe6a-fb22-4a53-9be1-c9ae731ad221	250	5.905217584741984e-05	0.025489589888778037	11.334	5	CPC013	HEPG2	6H	D16	BRD-K57019930	10uM	down
CPC014_HA1E_6H_G01_vemurafenib_10uM up	597b1e0d-2939-4d0a-8c2a-6782d00ec0b9	250	5.905217584741984e-05	0.025489589888778037	11.334	5	CPC014	HA1E	6H	G01	vemurafenib	10uM	up
CPC014_HA1E_6H_K15_gefitinib_10uM up	c09f75be-ba20-4ef7-8f66-99ffe8789fd2	250	5.905217584741984e-05	0.025489589888778037	11.334	5	CPC014	HA1E	6H	K15	gefitinib	10uM	up
CPC016_NEU_24H_A22_SR-57227A_10uM up	7f70ed80-5e6d-4dc2-b719-d2984010ebfb	250	5.905217584741984e-05	0.025489589888778037	11.334	5	CPC016	NEU	24H	A22	SR-57227A	10uM	up
CPC014_HA1E_6H_G19_QL-XII-47_10uM down	d58fb9fd-8426-432e-b3f0-76019f825cc2	250	5.905217584741984e-05	0.025489589888778037	11.334	5	CPC014	HA1E	6H	G19	QL-XII-47	10uM	down
CPD002_MCF7_6H_N12_methyl-benzethonium_10uM up	df0e6b51-f53f-406a-b488-31e7e65f42e2	250	5.905217584741984e-05	0.025489589888778037	11.334	5	CPD002	MCF7	6H	N12	methyl-benzethonium	10uM	up
CPD002_PC3_6H_H02_chlorotrianisene_10uM down	746932f5-3893-49a3-903b-8e5c9337c6c9	250	5.905217584741984e-05	0.025489589888778037	11.334	5	CPD002	PC3	6H	H02	chlorotrianisene	10uM	down
DOS047_PC3_24H_E21_BRD-K58856256_4uM down	4fb3abaa-710f-4c1a-94f0-904bd7f0325d	250	5.905217584741984e-05	0.025489589888778037	11.334	5	DOS047	PC3	24H	E21	BRD-K58856256	4uM	down
DOSBIO001_PC3_24H_M07_BRD-K45230579_10uM up	be385c22-a476-458f-a75f-552422983432	250	5.905217584741984e-05	0.025489589888778037	11.334	5	DOSBIO001	PC3	24H	M07	BRD-K45230579	10uM	up
DOSVAL006_MCF7_24H_D14_BRD-K75781834_10uM down	c6ddec10-1ee3-4ebe-aaf3-bf6da4d7c849	250	5.905217584741984e-05	0.025489589888778037	11.334	5	DOSVAL006	MCF7	24H	D14	BRD-K75781834	10uM	down
ENR001_NPC_24H_H07_L-23_10uM down	6a6abe37-4496-4cf3-be89-3f4d26527ccf	250	5.905217584741984e-05	0.025489589888778037	11.334	5	ENR001	NPC	24H	H07	L-23	10uM	down
CPC016_NPC_24H_B04_vorinostat_10uM down	4fed0290-09ea-4d5a-8376-d3e5e1a63406	250	5.905217584741984e-05	0.025489589888778037	11.334	5	CPC016	NPC	24H	B04	vorinostat	10uM	down
FIBR015_MCLF022CN_6H_G11_BRD-K86574132_4uM down	bbe87729-679e-4f0f-8665-13f2b7ec8696	250	5.905217584741984e-05	0.025489589888778037	11.334	5	FIBR015	MCLF022CN	6H	G11	BRD-K86574132	4uM	down
FIBR019_MCLF135CN_6H_N01_BRD-A36275421_0.37uM up	ed19196e-749f-4c08-a13f-b7f722b4d041	250	5.905217584741984e-05	0.025489589888778037	11.334	5	FIBR019	MCLF135CN	6H	N01	BRD-A36275421	0.37uM	up
CPC017_ASC_24H_K14_cyclopentolate_10uM down	e32ff6f2-6278-4c20-bc42-acbbdea8fb1c	250	5.905217584741984e-05	0.025489589888778037	11.334	5	CPC017	ASC	24H	K14	cyclopentolate	10uM	down
LJP006_PC3_24H_E11_OSI-027_0.12uM down	049ee965-17e6-4467-baf9-2b453bb6fdcd	250	5.905217584741984e-05	0.025489589888778037	11.334	5	LJP006	PC3	24H	E11	OSI-027	0.12uM	down
LJP007_NEU_24H_K11_GSK-1059615_0.12uM up	e050fd3c-9043-49e8-8288-06923ccd95a1	250	5.905217584741984e-05	0.025489589888778037	11.334	5	LJP007	NEU	24H	K11	GSK-1059615	0.12uM	up
CPC006_HA1E_6H_D14_BRD-K40853697_150uM up	0f344224-fa5c-458c-b68b-4505a92eb4d4	250	5.905217584741984e-05	0.025489589888778037	11.334	5	CPC006	HA1E	6H	D14	BRD-K40853697	150uM	up
CPC006_HCC515_24H_I10_MST-312_12uM up	9384d739-6494-470d-b17c-a71bf7febcb2	250	5.905217584741984e-05	0.025489589888778037	11.334	5	CPC006	HCC515	24H	I10	MST-312	12uM	up
MOAR010_BEN_24H_A07_zaleplon_10uM up	73a23bcd-339a-45cd-8f3a-89007d1e95b2	250	5.905217584741984e-05	0.025489589888778037	11.334	5	MOAR010	BEN	24H	A07	zaleplon	10uM	up
DOS011_VCAP_6H_G17_BRD-K56215045_4uM up	c59995f2-4f2a-44c4-bc30-e689d34a0f42	250	5.905217584741984e-05	0.025489589888778037	11.334	5	DOS011	VCAP	6H	G17	BRD-K56215045	4uM	up
DOS027_VCAP_6H_E15_BRD-K71353154_4uM down	7c42d7a9-b5c8-4bef-8f32-71ebc3e0a9ab	250	5.905217584741984e-05	0.025489589888778037	11.334	5	DOS027	VCAP	6H	E15	BRD-K71353154	4uM	down
MOAR014_HAP1.BRD4_24H_N01_masitinib_3.33uM up	387fad50-e417-4131-abf6-880dde651002	250	5.905217584741984e-05	0.025489589888778037	11.334	5	MOAR014	HAP1.BRD4	24H	N01	masitinib	3.33uM	up
NMH001_NEU_6H_O15_dopamine_10uM down	c177a69f-9d50-482f-ab09-195d9946c5b4	250	5.905217584741984e-05	0.025489589888778037	11.334	5	NMH001	NEU	6H	O15	dopamine	10uM	down
PBIOA004_XC.R10_24H_P01_VU-0418934-2_10uM up	2a46299f-9f8c-4a9e-bb0e-f357f4bb1bd0	250	5.905217584741984e-05	0.025489589888778037	11.334	5	PBIOA004	XC.R10	24H	P01	VU-0418934-2	10uM	up
PBIOA014_MCF7_24H_J04_iniparib_0.37uM up	64b333c7-e6f4-4db8-b8a9-fbb6c1ee3f76	250	5.905217584741984e-05	0.025489589888778037	11.334	5	PBIOA014	MCF7	24H	J04	iniparib	0.37uM	up
REP.A009_HT29_24H_D11_nicotinamide_0.125uM up	69aa3041-cf2c-4cdb-833d-0bedb0f7f2e5	250	5.905217584741984e-05	0.025489589888778037	11.334	5	REP.A009	HT29	24H	D11	nicotinamide	0.125uM	up
REP.A023_MCF7_24H_D17_mazindol_0.125uM down	a362faaa-5e56-41eb-905a-4bbe4c895dbc	250	5.905217584741984e-05	0.025489589888778037	11.334	5	REP.A023	MCF7	24H	D17	mazindol	0.125uM	down
REP.B013_JURKAT_24H_J02_KW-2478_0.74uM down	3b5ac1b0-0ebd-44ac-9ab6-6f88736be5d1	250	5.905217584741984e-05	0.025489589888778037	11.334	5	REP.B013	JURKAT	24H	J02	KW-2478	0.74uM	down
REP.B014_MCF7_24H_O24_BRD-K41708980_0.01uM down	74a65258-2196-45e2-aae9-7c256b89eb61	250	5.905217584741984e-05	0.025489589888778037	11.334	5	REP.B014	MCF7	24H	O24	BRD-K41708980	0.01uM	down
REP.B016_MCF7_24H_P01_inositol_2.22uM up	f47930cb-d032-41a4-b5c1-07c65925df21	250	5.905217584741984e-05	0.025489589888778037	11.334	5	REP.B016	MCF7	24H	P01	inositol	2.22uM	up
REP.B018_A549_24H_D14_arglabin_0.74uM up	ca1820c3-a83f-4014-86e0-5a0ef0ef03e5	250	5.905217584741984e-05	0.025489589888778037	11.334	5	REP.B018	A549	24H	D14	arglabin	0.74uM	up
REP.B025_MCF7_24H_J12_anidulafungin_0.01uM down	e43c2217-2d9c-402b-807b-b5c101d03bc5	250	5.905217584741984e-05	0.025489589888778037	11.334	5	REP.B025	MCF7	24H	J12	anidulafungin	0.01uM	down
XPR009_BICR6.311_96H_P09_TACR3 down	8e3106c6-6484-45f8-ad58-11080211ef90	250	5.905217584741984e-05	0.025489589888778037	11.334	5	XPR009	BICR6.311	96H	P09	TACR3	N/A	down
XPR010_A549.311_96H_L09_KCNQ1 up	cddc64f2-0db2-4be5-9809-b492f3a33b73	250	5.905217584741984e-05	0.025489589888778037	11.334	5	XPR010	A549.311	96H	L09	KCNQ1	N/A	up
XPR032_YAPC.311_96H_F07_RNASE3 up	032adeec-0de8-4a28-aed8-4b384f14a718	250	5.905217584741984e-05	0.025489589888778037	11.334	5	XPR032	YAPC.311	96H	F07	RNASE3	N/A	up
AICHI001_TMD8_4H_E24_baricitinib_0.01uM up	92df9c46-f6fe-4741-b65d-6339f4630577	250	5.905217584741984e-05	0.025489589888778037	11.334	5	AICHI001	TMD8	4H	E24	baricitinib	0.01uM	up
DOS033_HT29_24H_M12_BRD-K93577185_4uM down	7e338e06-78d3-4ab7-a329-fb9d69510fb3	250	5.905217584741984e-05	0.025489589888778037	11.334	5	DOS033	HT29	24H	M12	BRD-K93577185	4uM	down
ASG003_U2OS_6H_F06_vorinostat_0.12uM down	8bb62671-e9c1-4ff2-90dd-bca140986c7f	250	5.905217584741984e-05	0.025489589888778037	11.334	5	ASG003	U2OS	6H	F06	vorinostat	0.12uM	down
ASG003_XC.P092_24H_N07_TW-37_10uM up	92a9297f-b601-48d2-8707-16f9dc125bce	250	5.905217584741984e-05	0.025489589888778037	11.334	5	ASG003	XC.P092	24H	N07	TW-37	10uM	up
ASG003_XC.P915_24H_G19_calcipotriol_10uM up	6e6a35fa-32a4-4cb0-bfc5-626784493cb2	250	5.905217584741984e-05	0.025489589888778037	11.334	5	ASG003	XC.P915	24H	G19	calcipotriol	10uM	up
ASG003_XC.P915_24H_L08_roscovitine_1.11uM down	e1ead601-2532-40c0-9476-743f8d855960	250	5.905217584741984e-05	0.025489589888778037	11.334	5	ASG003	XC.P915	24H	L08	roscovitine	1.11uM	down
ASG003_XC.P931_24H_N02_dasatinib_1.11uM up	1b0c4e4f-ad41-46d9-894f-f6cb8c545eea	250	5.905217584741984e-05	0.025489589888778037	11.334	5	ASG003	XC.P931	24H	N02	dasatinib	1.11uM	up
CPC005_HA1E_24H_K03_warfarin_10uM down	b50fcbf6-f33f-4acc-905a-28e68b607992	250	5.905217584741984e-05	0.025489589888778037	11.334	5	CPC005	HA1E	24H	K03	warfarin	10uM	down
CPC006_SKM1_6H_F22_ursolic-acid_70uM up	66dff417-42ad-4034-9005-a73e045b78a7	250	5.905217584741984e-05	0.025489589888778037	11.334	5	CPC006	SKM1	6H	F22	ursolic-acid	70uM	up
CPC008_MCF7_24H_L23_VU-0418939-2_10uM up	27ce95eb-201c-4959-8883-acb0697c3b2e	250	5.905217584741984e-05	0.025489589888778037	11.334	5	CPC008	MCF7	24H	L23	VU-0418939-2	10uM	up
CPC008_PC3_24H_A10_BRD-K28362289_10uM down	6fd193cf-c408-4d33-aa5c-8d5e3b9d7c2d	250	5.905217584741984e-05	0.025489589888778037	11.334	5	CPC008	PC3	24H	A10	BRD-K28362289	10uM	down
CPC008_VCAP_24H_M05_BRD-K89209981_10uM down	a7b2ef3f-b3b1-488e-95bd-147ee13cea08	250	5.905217584741984e-05	0.025489589888778037	11.334	5	CPC008	VCAP	24H	M05	BRD-K89209981	10uM	down
CPC010_MCF7_24H_G22_duloxetine_10uM up	87d19d0a-6269-4557-810b-e5cc1cb779f4	250	5.905217584741984e-05	0.025489589888778037	11.334	5	CPC010	MCF7	24H	G22	duloxetine	10uM	up
CPC011_HA1E_6H_G06_tocainide_10uM down	156e66be-7b7a-4c51-8826-1880b8a221f1	250	5.905217584741984e-05	0.025489589888778037	11.334	5	CPC011	HA1E	6H	G06	tocainide	10uM	down
DOSBIO002_A375_24H_F04_BRD-K69295800_10uM down	8910241c-ddb6-42b0-aead-51aa2a15eb9f	250	5.905217584741984e-05	0.025489589888778037	11.334	5	DOSBIO002	A375	24H	F04	BRD-K69295800	10uM	down
DOSVAL001_HCC515_24H_H16_BRD-K55767450_10uM up	1dd0eeb2-3630-4d01-9530-cacb6c5a5835	250	5.905217584741984e-05	0.025489589888778037	11.334	5	DOSVAL001	HCC515	24H	H16	BRD-K55767450	10uM	up
CPC012_PC3_6H_I23_BRD-K16346331_10uM down	9a504ce0-7474-4a88-8a32-704c38e48ebd	250	5.905217584741984e-05	0.025489589888778037	11.334	5	CPC012	PC3	6H	I23	BRD-K16346331	10uM	down
CPC012_PHH_24H_H18_BRD-K61717269_10uM up	40a66e52-ca7d-4d65-996f-21edb2ef9f32	250	5.905217584741984e-05	0.025489589888778037	11.334	5	CPC012	PHH	24H	H18	BRD-K61717269	10uM	up
CPC009_A549_6H_K21_BRD-K14788918_10uM up	8278beeb-f1c3-4da1-858b-d3e9ebb27830	250	5.905217584741984e-05	0.025489589888778037	11.334	5	CPC009	A549	6H	K21	BRD-K14788918	10uM	up
CPC019_MCF7_24H_D13_ST-014366_10uM down	74aaa20b-e785-476a-8cc5-77ba4df5aa1a	250	5.905217584741984e-05	0.025489589888778037	11.334	5	CPC019	MCF7	24H	D13	ST-014366	10uM	down
CVD001_HUH7_24H_A12_BRD-K89205986_10uM up	1b18f1c1-dd13-4fd3-b3ed-b3acd75e6bfd	250	5.905217584741984e-05	0.025489589888778037	11.334	5	CVD001	HUH7	24H	A12	BRD-K89205986	10uM	up
CVD001_HUH7_6H_A12_BRD-K89205986_10uM up	af3f9f4b-529f-4012-a5f9-776094b432d4	250	5.905217584741984e-05	0.025489589888778037	11.334	5	CVD001	HUH7	6H	A12	BRD-K89205986	10uM	up
DOS049_MCF7_24H_M24_BRD-A41228941_4uM up	f95057de-2202-4842-a635-7b8781fcf9fd	250	5.905217584741984e-05	0.025489589888778037	11.334	5	DOS049	MCF7	24H	M24	BRD-A41228941	4uM	up
DOSVAL002_HEPG2_24H_N02_BRD-K40064462_10uM up	4fc84efb-b0f7-49df-a09d-f4cb03929a2f	250	5.905217584741984e-05	0.025489589888778037	11.334	5	DOSVAL002	HEPG2	24H	N02	BRD-K40064462	10uM	up
DOSVAL002_HT29_24H_C10_BRD-K99115033_20uM up	572929dd-cae8-419d-932f-f212e4efa2aa	250	5.905217584741984e-05	0.025489589888778037	11.334	5	DOSVAL002	HT29	24H	C10	BRD-K99115033	20uM	up
DOSVAL005_HT29_24H_B17_BRD-K54263226_10uM up	ab474d3b-f980-48f1-b4fe-7612dbaa815e	250	5.905217584741984e-05	0.025489589888778037	11.334	5	DOSVAL005	HT29	24H	B17	BRD-K54263226	10uM	up
HOG002_MCF7_24H_H19_estradiol_0.04uM down	1a3b3d63-dde9-4c44-9338-b7657c92dfbb	250	5.905217584741984e-05	0.025489589888778037	11.334	5	HOG002	MCF7	24H	H19	estradiol	0.04uM	down
FIBR005_MCLF033SZ_6H_B08_ASN-05257430_4uM up	3897b64a-0d1e-4d89-91ec-e6d908b9f58e	250	5.905217584741984e-05	0.025489589888778037	11.334	5	FIBR005	MCLF033SZ	6H	B08	ASN-05257430	4uM	up
FIBR015_MCLF022CN_6H_E12_triptolide_0.004uM down	d60361bd-d3da-4db3-8e29-f3fa097b385a	250	5.905217584741984e-05	0.025489589888778037	11.334	5	FIBR015	MCLF022CN	6H	E12	triptolide	0.004uM	down
FIBR027_MCLF130CN_6H_G10_TL-HRAS-61_0.37uM up	8ae39929-a9d3-4377-9eaf-8f2530187ce8	250	5.905217584741984e-05	0.025489589888778037	11.334	5	FIBR027	MCLF130CN	6H	G10	TL-HRAS-61	0.37uM	up
FIBR040_MCLF056CN_6H_L01_necrostatin-1_4uM down	687bc39c-4258-4435-86c5-ed951c92755c	250	5.905217584741984e-05	0.025489589888778037	11.334	5	FIBR040	MCLF056CN	6H	L01	necrostatin-1	4uM	down
ISO002_HCT116.TP53.HR_24H_K15_BRD-K47438704_1.11uM down	ed70a7e5-3272-4a23-85df-055c642b7189	250	5.905217584741984e-05	0.025489589888778037	11.334	5	ISO002	HCT116.TP53.HR	24H	K15	BRD-K47438704	1.11uM	down
LJP001_MCF10A_6H_I05_GDC-0941_10uM up	8fd7789e-f886-4802-908a-63985086cd90	250	5.905217584741984e-05	0.025489589888778037	11.334	5	LJP001	MCF10A	6H	I05	GDC-0941	10uM	up
LJP006_HME1_24H_E21_PHA-793887_1.11uM down	c04dc14b-6e75-496e-a333-dbb2933a00c0	250	5.905217584741984e-05	0.025489589888778037	11.334	5	LJP006	HME1	24H	E21	PHA-793887	1.11uM	down
LJP006_LNCAP_3H_N08_gefitinib_3.33uM up	70f53db2-b412-4615-89f3-62491ff28ca8	250	5.905217584741984e-05	0.025489589888778037	11.334	5	LJP006	LNCAP	3H	N08	gefitinib	3.33uM	up
LJP006_MCF10A_24H_P09_XMD-1150_1.11uM down	d44a8546-549e-4ab9-a691-da6f89e67044	250	5.905217584741984e-05	0.025489589888778037	11.334	5	LJP006	MCF10A	24H	P09	XMD-1150	1.11uM	down
LJP008_HME1_24H_I13_BIX-01294_10uM up	72cc115c-1e91-456a-aa6a-f858b432c918	250	5.905217584741984e-05	0.025489589888778037	11.334	5	LJP008	HME1	24H	I13	BIX-01294	10uM	up
KMS002_THP1_24H_C16_methyl-fasudil_1.11uM down	0e7147bd-b9ba-4f24-8a59-d723e50ad388	250	5.905217584741984e-05	0.025489589888778037	11.334	5	KMS002	THP1	24H	C16	methyl-fasudil	1.11uM	down
MOAR009_BC3C_24H_M03_mabuprofen_1.11uM up	a4aec466-9e80-4c6d-8113-570c27752c3e	250	5.905217584741984e-05	0.025489589888778037	11.334	5	MOAR009	BC3C	24H	M03	mabuprofen	1.11uM	up
MOAR010_GI1_24H_I10_NNC-711_10uM up	e55899f3-633c-40f7-b172-6954f0cb1a6d	250	5.905217584741984e-05	0.025489589888778037	11.334	5	MOAR010	GI1	24H	I10	NNC-711	10uM	up
MUC.CP002_NKDBA_24H_J04_SA-90030_0.37uM up	bdfb0b3b-04f5-4ab3-baa8-08857c65e244	250	5.905217584741984e-05	0.025489589888778037	11.334	5	MUC.CP002	NKDBA	24H	J04	SA-90030	0.37uM	up
PAC062_U2OS_6H_L12_BRD-K44893543_20uM down	b1597412-5b48-42f1-8d30-37578e47389d	250	5.905217584741984e-05	0.025489589888778037	11.334	5	PAC062	U2OS	6H	L12	BRD-K44893543	20uM	down
PAC066_U2OS_6H_M08_BRD-K29850806_10uM down	1c034b8b-31ae-4b68-9b00-395f068992bf	250	5.905217584741984e-05	0.025489589888778037	11.334	5	PAC066	U2OS	6H	M08	BRD-K29850806	10uM	down
PBIOA004_XC.L10_24H_E17_BRD-K89663091_3.33uM up	740d5f6a-fa1a-4405-964f-910b1537fcb1	250	5.905217584741984e-05	0.025489589888778037	11.334	5	PBIOA004	XC.L10	24H	E17	BRD-K89663091	3.33uM	up
PBIOA004_XC.R10_24H_P02_VU-0418934-2_3.33uM up	dc0f35d3-9379-4345-a83c-497c8b507ac1	250	5.905217584741984e-05	0.025489589888778037	11.334	5	PBIOA004	XC.R10	24H	P02	VU-0418934-2	3.33uM	up
LJP006_HME1_24H_C19_mitoxantrone_10uM down	713fb04e-0d6f-4839-af19-a330d190a4e5	250	5.905217584741984e-05	0.025489589888778037	11.334	5	LJP006	HME1	24H	C19	mitoxantrone	10uM	down
PBIOA017_PC3_24H_M17_PF-4800567_0.125uM down	2115c352-3e90-46c5-b887-00a2865c3535	250	5.905217584741984e-05	0.025489589888778037	11.334	5	PBIOA017	PC3	24H	M17	PF-4800567	0.125uM	down
PCL001_HEPG2_24H_K03_BRD-K11413513_1.11uM down	37a322dc-69fe-40d1-b26e-392b57711f5b	250	5.905217584741984e-05	0.025489589888778037	11.334	5	PCL001	HEPG2	24H	K03	BRD-K11413513	1.11uM	down
REP.A005_HELA_3H_G03_D-4476_1.11uM up	a9cb83cb-a049-4517-b8a4-9894133cef9a	250	5.905217584741984e-05	0.025489589888778037	11.334	5	REP.A005	HELA	3H	G03	D-4476	1.11uM	up
REP.A007_HELA_24H_P24_halofantrine_0.04uM up	65054c02-5272-4b07-b8db-1821c2b3945d	250	5.905217584741984e-05	0.025489589888778037	11.334	5	REP.A007	HELA	24H	P24	halofantrine	0.04uM	up
REP.A007_HT29_24H_L19_dosulepin_10uM up	ca0f0ff5-5bef-4b99-a8fb-bf35af2e4aa0	250	5.905217584741984e-05	0.025489589888778037	11.334	5	REP.A007	HT29	24H	L19	dosulepin	10uM	up
REP.A012_THP1_24H_L08_caffeine_3.33uM down	0a7f6ec0-7fcf-4785-b1c0-37236f8f76f8	250	5.905217584741984e-05	0.025489589888778037	11.334	5	REP.A012	THP1	24H	L08	caffeine	3.33uM	down
REP.A013_MCF10A_24H_H08_ketorolac_3.33uM up	ceabbbaa-eede-4fc1-8239-1c390e3323d8	250	5.905217584741984e-05	0.025489589888778037	11.334	5	REP.A013	MCF10A	24H	H08	ketorolac	3.33uM	up
REP.B008_MCF10A_24H_N08_fingolimod_0.74uM down	97ff1df7-ec46-4302-b4b7-342e0a0fea14	250	5.905217584741984e-05	0.025489589888778037	11.334	5	REP.B008	MCF10A	24H	N08	fingolimod	0.74uM	down
REP.B009_HELA_24H_H04_levothyroxine_0.08uM up	2aaf8a95-c762-4c4e-8327-3c2f6a1eefc9	250	5.905217584741984e-05	0.025489589888778037	11.334	5	REP.B009	HELA	24H	H04	levothyroxine	0.08uM	up
REP.B013_HA1E_24H_I06_ambrisentan_0.01uM up	4b96f35c-fb3e-41a2-bc15-0b27f3d3fc5b	250	5.905217584741984e-05	0.025489589888778037	11.334	5	REP.B013	HA1E	24H	I06	ambrisentan	0.01uM	up
REP.B018_JURKAT_24H_G21_milacemide_0.25uM down	67b71b15-ca5d-46ec-97ff-68705801aacf	250	5.905217584741984e-05	0.025489589888778037	11.334	5	REP.B018	JURKAT	24H	G21	milacemide	0.25uM	down
REP.B018_JURKAT_24H_O11_bruceantin_0.03uM down	c0afbbac-6f47-4815-89ba-fcf326b3a8d8	250	5.905217584741984e-05	0.025489589888778037	11.334	5	REP.B018	JURKAT	24H	O11	bruceantin	0.03uM	down
REP.B022_YAPC_24H_P06_triptolide_0.01uM up	26edbda9-b4fd-45be-a846-3fa2fdf80958	250	5.905217584741984e-05	0.025489589888778037	11.334	5	REP.B022	YAPC	24H	P06	triptolide	0.01uM	up
REP.B024_PC3_24H_F23_alisertib_0.03uM up	5661d43a-5c10-4891-aeb3-0959208cb916	250	5.905217584741984e-05	0.025489589888778037	11.334	5	REP.B024	PC3	24H	F23	alisertib	0.03uM	up
XPR018_A375.311_96H_A23_IFNGR1 up	75864a7a-f129-45e2-bcd4-2750aea7f7a6	250	5.905217584741984e-05	0.025489589888778037	11.334	5	XPR018	A375.311	96H	A23	IFNGR1	N/A	up
XPR019_U251MG.311_96H_K10_RPS6KA1 up	a2e53a98-77e6-4d40-8162-955e78c7d516	250	5.905217584741984e-05	0.025489589888778037	11.334	5	XPR019	U251MG.311	96H	K10	RPS6KA1	N/A	up
XPR021_PC3.311B_96H_J09_NLN down	9591e40d-4887-4a41-895e-c700c04cce2d	250	5.905217584741984e-05	0.025489589888778037	11.334	5	XPR021	PC3.311B	96H	J09	NLN	N/A	down
XPR028_BICR6.311_96H_C08_GRPR up	58df6a76-2e35-4a7a-acc0-d615fbc3c602	250	5.905217584741984e-05	0.025489589888778037	11.334	5	XPR028	BICR6.311	96H	C08	GRPR	N/A	up
XPR028_U251MG.311_96H_L10_CCR1 down	e077708a-88ab-4a6b-93ce-c96ca82b79f0	250	5.905217584741984e-05	0.025489589888778037	11.334	5	XPR028	U251MG.311	96H	L10	CCR1	N/A	down
XPR030_BICR6.311_96H_F02_ODC1 up	6217462c-991f-4e17-b5a2-58ae3af2a378	250	5.905217584741984e-05	0.025489589888778037	11.334	5	XPR030	BICR6.311	96H	F02	ODC1	N/A	up
XPR033_ES2.311_96H_D18_KCNA1 up	fa469eb8-6732-45f6-892d-604b31bcc0dd	250	5.905217584741984e-05	0.025489589888778037	11.334	5	XPR033	ES2.311	96H	D18	KCNA1	N/A	up
ABY001_SKBR3_XH_G15_mitoxantrone_0.66uM up	133801fb-14ff-492f-8188-377dbdbd64f3	250	5.905217584741984e-05	0.025489589888778037	11.334	5	ABY001	SKBR3	XH	G15	mitoxantrone	0.66uM	up
ASG002_NCIH1573_24H_B16_indinavir_10uM down	565bf1f3-cbcb-4bf9-a03f-ed26b918e983	250	5.905217584741984e-05	0.025489589888778037	11.334	5	ASG002	NCIH1573	24H	B16	indinavir	10uM	down
ASG002_PC3_24H_H24_YM-155_0.12uM up	ad9ed5f3-a989-438e-9b15-607bfc61085d	250	5.905217584741984e-05	0.025489589888778037	11.334	5	ASG002	PC3	24H	H24	YM-155	0.12uM	up
BRAF001_HEK293T_6H_B07_metformin_0.66uM up	d8720e09-4d10-4ebd-b9b2-01f1645d5a86	250	5.905217584741984e-05	0.025489589888778037	11.334	5	BRAF001	HEK293T	6H	B07	metformin	0.66uM	up
CEGS001_NPC.215_24H_O05_AZD-8055_0.66uM up	9bab009a-cf89-4d86-bd6f-d86c0e311dc3	250	5.905217584741984e-05	0.025489589888778037	11.334	5	CEGS001	NPC.215	24H	O05	AZD-8055	0.66uM	up
CPC001_HA1E_6H_H03_nisoxetine_10uM up	2a79b573-d0c1-4116-b48d-7cb7dd2e9d6d	250	5.905217584741984e-05	0.025489589888778037	11.334	5	CPC001	HA1E	6H	H03	nisoxetine	10uM	up
LJP006_MCF7_3H_D12_saracatinib_0.04uM down	4861f2f8-5db4-432c-a925-52127c48370d	250	5.905217584741984e-05	0.025489589888778037	11.334	5	LJP006	MCF7	3H	D12	saracatinib	0.04uM	down
CPC009_VCAP_24H_I21_BRD-K52321331_10uM up	36272f95-76d2-4986-8b31-8512b2d7ba01	250	5.905217584741984e-05	0.025489589888778037	11.334	5	CPC009	VCAP	24H	I21	BRD-K52321331	10uM	up
LJP009_HT29_24H_E19_ponatinib_10uM down	387fb08d-a84d-4851-9839-bde148bad4e1	250	5.905217584741984e-05	0.025489589888778037	11.334	5	LJP009	HT29	24H	E19	ponatinib	10uM	down
CPC010_PC3_24H_O04_BRD-K88511582_10uM down	ea778df3-8e8e-4597-9d25-676271678714	250	5.905217584741984e-05	0.025489589888778037	11.334	5	CPC010	PC3	24H	O04	BRD-K88511582	10uM	down
CPC012_MCF7_24H_H20_BRD-K08307026_10uM up	e92eb06a-babb-4b40-9620-d4ab95830171	250	5.905217584741984e-05	0.025489589888778037	11.334	5	CPC012	MCF7	24H	H20	BRD-K08307026	10uM	up
MOA001_U2OS_24H_F09_BRD-K37029603_1.11uM up	de7f971c-3e12-43d7-a382-773ba88ada26	250	5.905217584741984e-05	0.025489589888778037	11.334	5	MOA001	U2OS	24H	F09	BRD-K37029603	1.11uM	up
CPC015_SKB_24H_C07_BRD-A49765801_10uM up	6ee07ef9-b459-42dc-8211-017c385398e7	250	5.905217584741984e-05	0.025489589888778037	11.334	5	CPC015	SKB	24H	C07	BRD-A49765801	10uM	up
CPC020_A549_6H_J19_BRD-K47869605_10uM up	a05c175a-911d-4ecf-bede-78e6c126af84	250	5.905217584741984e-05	0.025489589888778037	11.334	5	CPC020	A549	6H	J19	BRD-K47869605	10uM	up
DOS005_VCAP_6H_F14_BRD-K88033714_4uM up	0247c962-7a63-4bb9-a012-74325c592a63	250	5.905217584741984e-05	0.025489589888778037	11.334	5	DOS005	VCAP	6H	F14	BRD-K88033714	4uM	up
CPC011_HA1E_6H_P09_fenoldopam_10uM up	4540c8a6-87f6-45e6-a542-f8b78af1001f	250	5.905217584741984e-05	0.025489589888778037	11.334	5	CPC011	HA1E	6H	P09	fenoldopam	10uM	up
ERG004_VCAP_6H_M13_BRD-K11006288_10uM down	baef7f54-bc7c-4c40-8fd9-62abf44e3828	250	5.905217584741984e-05	0.025489589888778037	11.334	5	ERG004	VCAP	6H	M13	BRD-K11006288	10uM	down
FIBR004_MCLF027CN_6H_J08_tubacin_4uM up	05e76314-f6c8-4dc9-9585-ae2e1a80f67d	250	5.905217584741984e-05	0.025489589888778037	11.334	5	FIBR004	MCLF027CN	6H	J08	tubacin	4uM	up
FIBR039_MCLF056CN_6H_A22_BRD-K05402890_0.08uM down	788f3d8d-e8b3-4b3b-bae7-24b93b32a053	250	5.905217584741984e-05	0.025489589888778037	11.334	5	FIBR039	MCLF056CN	6H	A22	BRD-K05402890	0.08uM	down
FIBR041_MCLF0067SZ_6H_N07_harmine_0.37uM up	b9c854e0-cc16-438b-8b38-6a320f61a1ca	250	5.905217584741984e-05	0.025489589888778037	11.334	5	FIBR041	MCLF0067SZ	6H	N07	harmine	0.37uM	up
FIBR042_MCLF0067SZ_6H_H19_BRD-K55591206_4uM down	fe8b2d1a-a42e-40c1-8360-9d39e83c93f4	250	5.905217584741984e-05	0.025489589888778037	11.334	5	FIBR042	MCLF0067SZ	6H	H19	BRD-K55591206	4uM	down
ISO001_MCF10A.IDH1.HR_24H_I01_bortezomib_10uM up	8def4b71-aad6-42d6-b1db-31cf0dbd88d2	250	5.905217584741984e-05	0.025489589888778037	11.334	5	ISO001	MCF10A.IDH1.HR	24H	I01	bortezomib	10uM	up
LJP007_HT29_24H_I19_rebastinib_10uM down	f87a7501-62c6-433f-84ee-2996a8df065a	250	5.905217584741984e-05	0.025489589888778037	11.334	5	LJP007	HT29	24H	I19	rebastinib	10uM	down
LJP008_NPC.CAS9_24H_A23_MK-1775_0.12uM up	fed3e2be-c5bc-4c36-8384-6cac3140837d	250	5.905217584741984e-05	0.025489589888778037	11.334	5	LJP008	NPC.CAS9	24H	A23	MK-1775	0.12uM	up
LJP009_HA1E_24H_J03_GDC-0879_1.11uM down	05efb8e5-0f7d-4e35-bdd6-4485411891bd	250	5.905217584741984e-05	0.025489589888778037	11.334	5	LJP009	HA1E	24H	J03	GDC-0879	1.11uM	down
MOAR001_PC3_24H_B12_mesulergine_1.11uM down	e3f3877d-2027-4547-bb37-d749e4e42409	250	5.905217584741984e-05	0.025489589888778037	11.334	5	MOAR001	PC3	24H	B12	mesulergine	1.11uM	down
MOAR008_NCIH1573_24H_I24_papaverine_1.11uM down	a35b6f0b-dffd-4889-80c9-225c750caa31	250	5.905217584741984e-05	0.025489589888778037	11.334	5	MOAR008	NCIH1573	24H	I24	papaverine	1.11uM	down
MOAR009_A204_24H_M01_mabuprofen_10uM up	235649c0-44b7-4c5e-8cd3-a0bd541eb965	250	5.905217584741984e-05	0.025489589888778037	11.334	5	MOAR009	A204	24H	M01	mabuprofen	10uM	up
MOAR011_CAL29_24H_H04_pranidipine_10uM down	0e6da80c-1349-4ffa-bb40-832f6875108d	250	5.905217584741984e-05	0.025489589888778037	11.334	5	MOAR011	CAL29	24H	H04	pranidipine	10uM	down
MOAR011_OVTOKO_24H_E15_mephenytoin_1.11uM up	e2b96c47-66b5-4784-b8ef-3c53e2f64730	250	5.905217584741984e-05	0.025489589888778037	11.334	5	MOAR011	OVTOKO	24H	E15	mephenytoin	1.11uM	up
MOAR012_GI1_24H_B14_remimazolam_3.33uM up	7608c91f-4b45-4105-9db6-490a158ba074	250	5.905217584741984e-05	0.025489589888778037	11.334	5	MOAR012	GI1	24H	B14	remimazolam	3.33uM	up
PAC066_U2OS_6H_B13_BRD-A03940741_10uM up	e188f14b-da40-429c-aa10-625926e3951f	250	5.905217584741984e-05	0.025489589888778037	11.334	5	PAC066	U2OS	6H	B13	BRD-A03940741	10uM	up
PBIOA004_XC.L10_24H_P01_VU-0418934-2_10uM up	94b45030-e26e-44b2-bece-2f04be782bce	250	5.905217584741984e-05	0.025489589888778037	11.334	5	PBIOA004	XC.L10	24H	P01	VU-0418934-2	10uM	up
PBIOA011_XC.L10_24H_D19_BRD-K06723172_10uM up	d4db2ca2-18d7-4116-b404-7fafbb0c15c9	250	5.905217584741984e-05	0.025489589888778037	11.334	5	PBIOA011	XC.L10	24H	D19	BRD-K06723172	10uM	up
PBIOA015_HCC515_24H_C05_O6-benzylguanine_0.125uM up	cce762fe-d2d2-45ea-ac2d-1ef8c1189f2e	250	5.905217584741984e-05	0.025489589888778037	11.334	5	PBIOA015	HCC515	24H	C05	O6-benzylguanine	0.125uM	up
PBIOA020_HT29_24H_L02_BRD-K89637195_3.33uM down	f75bcfb3-408a-459c-9f53-166372ad0574	250	5.905217584741984e-05	0.025489589888778037	11.334	5	PBIOA020	HT29	24H	L02	BRD-K89637195	3.33uM	down
POL001_PC3_24H_N09_BRD-K97808269_1.11uM down	1b24276c-d19e-409c-8cab-2f9c5c419751	250	5.905217584741984e-05	0.025489589888778037	11.334	5	POL001	PC3	24H	N09	BRD-K97808269	1.11uM	down
REP.A001_HT29_24H_L17_potassium-canrenoate_0.125uM down	5f755486-4b45-4f0d-a9a6-ca6d4a6edacf	250	5.905217584741984e-05	0.025489589888778037	11.334	5	REP.A001	HT29	24H	L17	potassium-canrenoate	0.125uM	down
REP.A003_PC3_24H_B20_ivabradine_3.33uM up	1cfbb173-8f6d-4bee-ab6b-da90f93719e8	250	5.905217584741984e-05	0.025489589888778037	11.334	5	REP.A003	PC3	24H	B20	ivabradine	3.33uM	up
REP.A006_HT29_24H_L09_benfluorex_1.11uM up	3a1eb692-49be-4be8-8879-7f3006cd311a	250	5.905217584741984e-05	0.025489589888778037	11.334	5	REP.A006	HT29	24H	L09	benfluorex	1.11uM	up
REP.A018_THP1_24H_O22_progesterone_0.37uM down	cfdb43e8-bee7-43ab-9214-e648151e8210	250	5.905217584741984e-05	0.025489589888778037	11.334	5	REP.A018	THP1	24H	O22	progesterone	0.37uM	down
REP.A028_HELA_24H_G20_ribavirin_3.33uM up	582486e4-4089-4bcd-87bd-220a9fb70aa1	250	5.905217584741984e-05	0.025489589888778037	11.334	5	REP.A028	HELA	24H	G20	ribavirin	3.33uM	up
REP.B004_A375_24H_B16_MK-0752_0.08uM down	6788d9d0-cc95-4f4f-84ae-ac4493fcc25a	250	5.905217584741984e-05	0.025489589888778037	11.334	5	REP.B004	A375	24H	B16	MK-0752	0.08uM	down
REP.B004_MCF7_24H_C15_ondansetron_0.25uM down	18b27c44-5654-4c2e-8408-3fa35318c2db	250	5.905217584741984e-05	0.025489589888778037	11.334	5	REP.B004	MCF7	24H	C15	ondansetron	0.25uM	down
REP.B008_MCF10A_24H_I06_BRD-A20131130_0.01uM up	fb1ded94-db70-49d9-b876-910b2f2bc3eb	250	5.905217584741984e-05	0.025489589888778037	11.334	5	REP.B008	MCF10A	24H	I06	BRD-A20131130	0.01uM	up
REP.B015_HELA_24H_B22_phenytoin_0.08uM down	b7eb9938-5055-472f-8699-f07bb82e82cf	250	5.905217584741984e-05	0.025489589888778037	11.334	5	REP.B015	HELA	24H	B22	phenytoin	0.08uM	down
XPR011_HT29.311_96H_M11_MAPK11 down	35b65579-cca4-422f-ae54-7abe09e40573	250	5.905217584741984e-05	0.025489589888778037	11.334	5	XPR011	HT29.311	96H	M11	MAPK11	N/A	down
XPR012_YAPC.311_96H_I02_AXIN1 down	2a1e201f-ec2f-438f-a9c9-f827d3c6bb43	250	5.905217584741984e-05	0.025489589888778037	11.334	5	XPR012	YAPC.311	96H	I02	AXIN1	N/A	down
XPR015_HT29.311_96H_C23_CPLX1 up	b9f72aad-ef4e-40c3-822d-86669752eb04	250	5.905217584741984e-05	0.025489589888778037	11.334	5	XPR015	HT29.311	96H	C23	CPLX1	N/A	up
XPR021_PC3.311B_96H_C14_NCBP2 up	5c42f829-4c72-4577-adb3-d2850357fb63	250	5.905217584741984e-05	0.025489589888778037	11.334	5	XPR021	PC3.311B	96H	C14	NCBP2	N/A	up
PAC004_U2OS_6H_C10_parbendazole_8uM up	1481da1c-ff58-4bad-a0b7-11ff45401f5e	250	5.905217584741984e-05	0.025489589888778037	11.334	5	PAC004	U2OS	6H	C10	parbendazole	8uM	up
XPR033_A549.311_96H_P10_ATF7 down	cf616b46-091f-4ede-8ff6-7a2ba46653d0	250	5.905217584741984e-05	0.025489589888778037	11.334	5	XPR033	A549.311	96H	P10	ATF7	N/A	down
XPR035_MCF7.311_96H_F14_MAPK4 down	bbd80a25-3696-4f0b-879b-4185d0b91e9d	250	5.905217584741984e-05	0.025489589888778037	11.334	5	XPR035	MCF7.311	96H	F14	MAPK4	N/A	down
XPR038_HCC1806.311_96H_C14_NFKBIA down	166de37d-a7df-4873-87d9-c2c9d295f930	250	5.905217584741984e-05	0.025489589888778037	11.334	5	XPR038	HCC1806.311	96H	C14	NFKBIA	N/A	down
ASG003_XC.P091_24H_I02_nocodazole_1.11uM down	8f948dc8-ecf3-4d4b-b254-eed711f327ad	250	5.905217584741984e-05	0.025489589888778037	11.334	5	ASG003	XC.P091	24H	I02	nocodazole	1.11uM	down
ASG003_XC.P915_24H_A18_tozasertib_0.12uM down	10b3a734-b44e-4ce3-8a29-3f485160b988	250	5.905217584741984e-05	0.025489589888778037	11.334	5	ASG003	XC.P915	24H	A18	tozasertib	0.12uM	down
PAC018_U2OS_6H_K07_sirolimus_20uM up	2ec4a5f2-980f-4e5e-9675-1349bb872154	250	5.905217584741984e-05	0.025489589888778037	11.334	5	PAC018	U2OS	6H	K07	sirolimus	20uM	up
CPC006_HCT116_6H_P19_BMS-536924_12uM down	9ccabb3f-5fb3-49f7-a699-917696e313c8	250	5.905217584741984e-05	0.025489589888778037	11.334	5	CPC006	HCT116	6H	P19	BMS-536924	12uM	down
CPC006_NCIH1836_6H_K22_7b-cis_10uM down	83c83133-e769-4246-a1c3-749055f0aa6e	250	5.905217584741984e-05	0.025489589888778037	11.334	5	CPC006	NCIH1836	6H	K22	7b-cis	10uM	down
PBIOA013_HA1E_24H_P22_BRD-K12901964_0.37uM down	bf46112e-48df-4339-ae61-09c23c706193	250	5.905217584741984e-05	0.025489589888778037	11.334	5	PBIOA013	HA1E	24H	P22	BRD-K12901964	0.37uM	down
CPC012_A375_6H_H18_BRD-K61717269_10uM up	8889e346-ff43-4501-b868-e81aa529aa27	250	5.905217584741984e-05	0.025489589888778037	11.334	5	CPC012	A375	6H	H18	BRD-K61717269	10uM	up
CPC012_NEU_24H_F19_VU-0418946-1_10uM up	035bd6e2-78b7-43f4-b8d1-e530a4aeae11	250	5.905217584741984e-05	0.025489589888778037	11.334	5	CPC012	NEU	24H	F19	VU-0418946-1	10uM	up
CPC015_MCF7_24H_H19_terfenadine_10uM up	3d314505-ffdb-4d35-bae0-7c40ae36a929	250	5.905217584741984e-05	0.025489589888778037	11.334	5	CPC015	MCF7	24H	H19	terfenadine	10uM	up
CPC020_VCAP_24H_A04_wortmannin_10uM up	eef0719f-0892-42c3-8e09-b4826bd661d4	250	5.905217584741984e-05	0.025489589888778037	11.334	5	CPC020	VCAP	24H	A04	wortmannin	10uM	up
DOS012_VCAP_24H_H12_BRD-K71357056_4uM down	2d7b9ff9-79ca-4e33-9c11-dde57185e069	250	5.905217584741984e-05	0.025489589888778037	11.334	5	DOS012	VCAP	24H	H12	BRD-K71357056	4uM	down
DOS048_A549_24H_P13_BRD-K89644093_4uM down	d1e0827e-7843-47b9-9250-48035c516978	250	5.905217584741984e-05	0.025489589888778037	11.334	5	DOS048	A549	24H	P13	BRD-K89644093	4uM	down
EMU001_THP1_6H_A07_BRD-K50495309_10uM up	1a24208c-4300-432b-8d4a-bcc1d4b8fd9f	250	5.905217584741984e-05	0.025489589888778037	11.334	5	EMU001	THP1	6H	A07	BRD-K50495309	10uM	up
FIBR003_MCLF027CN_6H_B17_TW-37_0.74uM up	1e5a5b6a-0e32-48d0-9fcb-5b9c50c09c60	250	5.905217584741984e-05	0.025489589888778037	11.334	5	FIBR003	MCLF027CN	6H	B17	TW-37	0.74uM	up
FIBR008_MCLF051CN_6H_D13_kinetin-riboside_2.22uM down	a15f286a-ae14-4f56-bb34-5f09f3561035	250	5.905217584741984e-05	0.025489589888778037	11.334	5	FIBR008	MCLF051CN	6H	D13	kinetin-riboside	2.22uM	down
FIBR025_MCLF141SZ_6H_A05_entinostat_4uM up	3af63cc3-b1eb-4349-8dfa-08b05067583d	250	5.905217584741984e-05	0.025489589888778037	11.334	5	FIBR025	MCLF141SZ	6H	A05	entinostat	4uM	up
PBIOA021_HEPG2_24H_O03_bortezomib_10uM up	eac3c2d4-3eb2-4b1a-8cc4-27056942e001	250	5.905217584741984e-05	0.025489589888778037	11.334	5	PBIOA021	HEPG2	24H	O03	bortezomib	10uM	up
FIBR040_MCLF056CN_6H_M17_selumetinib_4uM up	106d6cd7-eba1-4f52-8ed5-682ca5e69e42	250	5.905217584741984e-05	0.025489589888778037	11.334	5	FIBR040	MCLF056CN	6H	M17	selumetinib	4uM	up
ISO002_HCT116.WT_24H_B24_BRD-K27859162_0.04uM down	d3a00476-e6e4-4af9-8d4a-dd3f56301ed5	250	5.905217584741984e-05	0.025489589888778037	11.334	5	ISO002	HCT116.WT	24H	B24	BRD-K27859162	0.04uM	down
RAD001_MCF7_6H_L07_enalapril_0.125uM down	d5f2b444-955b-4eec-9f72-4cd63d79b5ce	250	5.905217584741984e-05	0.025489589888778037	11.334	5	RAD001	MCF7	6H	L07	enalapril	0.125uM	down
LJP006_HS578T_24H_O01_geldanamycin_10uM down	e410e1a1-264c-4543-a301-28882a8b2c38	250	5.905217584741984e-05	0.025489589888778037	11.334	5	LJP006	HS578T	24H	O01	geldanamycin	10uM	down
LJP006_HS578T_24H_O02_geldanamycin_3.33uM down	9050806f-0cf8-4995-a9f7-3c66d16d0c0b	250	5.905217584741984e-05	0.025489589888778037	11.334	5	LJP006	HS578T	24H	O02	geldanamycin	3.33uM	down
LKCP001_U2OS_24H_F16_benazepril_10uM down	82b218a9-c9aa-43da-a971-700b9e92772b	250	5.905217584741984e-05	0.025489589888778037	11.334	5	LKCP001	U2OS	24H	F16	benazepril	10uM	down
LKCP002_U2OS_6H_F19_LY-2784544_10uM up	d5840f06-64ff-4bfe-a79c-baedf4f64436	250	5.905217584741984e-05	0.025489589888778037	11.334	5	LKCP002	U2OS	6H	F19	LY-2784544	10uM	up
LRS001_PHH.MGH_24H_C14_linifanib_3.33uM up	f41796c4-8b18-422a-98bf-376b5af81969	250	5.905217584741984e-05	0.025489589888778037	11.334	5	LRS001	PHH.MGH	24H	C14	linifanib	3.33uM	up
LRS001_PHH.MGH_24H_L18_tipifarnib_1.11uM up	83870df4-0661-450d-8639-4c766cc90652	250	5.905217584741984e-05	0.025489589888778037	11.334	5	LRS001	PHH.MGH	24H	L18	tipifarnib	1.11uM	up
MOA001_U2OS_24H_O22_E-7438_3.33uM up	0c41a164-b8e3-4fb8-8c97-3701b40e8153	250	5.905217584741984e-05	0.025489589888778037	11.334	5	MOA001	U2OS	24H	O22	E-7438	3.33uM	up
MOAR009_HEC1A_24H_J10_phenelzine_10uM down	aec76a10-3212-4cde-b556-84c96add40ba	250	5.905217584741984e-05	0.025489589888778037	11.334	5	MOAR009	HEC1A	24H	J10	phenelzine	10uM	down
MOAR009_NCIH1573_24H_L22_ivermectin_10uM down	0c2b758e-b91a-4be1-a076-ba1762eb721f	250	5.905217584741984e-05	0.025489589888778037	11.334	5	MOAR009	NCIH1573	24H	L22	ivermectin	10uM	down
MOAR012_CAL29_24H_A16_dehydrocorydaline_10uM up	a7c64800-eca3-4812-a5c4-e3b3d1d87288	250	5.905217584741984e-05	0.025489589888778037	11.334	5	MOAR012	CAL29	24H	A16	dehydrocorydaline	10uM	up
REP.A005_PC3_24H_O07_norfloxacin_10uM down	9e45cecf-b9e0-4aff-bf56-3b1fbcfab504	250	5.905217584741984e-05	0.025489589888778037	11.334	5	REP.A005	PC3	24H	O07	norfloxacin	10uM	down
PAC062_U2OS_6H_L11_BRD-K08307026_20uM up	b7e77a08-8ea8-46da-a09f-c330bdbc50d0	250	5.905217584741984e-05	0.025489589888778037	11.334	5	PAC062	U2OS	6H	L11	BRD-K08307026	20uM	up
PBIOA016_A375_24H_D16_BRD-K05071020_0.37uM down	b1a9ab2d-526b-4656-95ab-39cc49829c20	250	5.905217584741984e-05	0.025489589888778037	11.334	5	PBIOA016	A375	24H	D16	BRD-K05071020	0.37uM	down
PBIOA017_PC3_24H_E11_MW-A1-12_0.125uM up	8d913584-2a4e-4289-954a-38eed419c494	250	5.905217584741984e-05	0.025489589888778037	11.334	5	PBIOA017	PC3	24H	E11	MW-A1-12	0.125uM	up
PBIOA021_A549_24H_A10_BRD-K51831558_0.37uM down	2ec2c925-a063-4769-89e7-01d25d5cf863	250	5.905217584741984e-05	0.025489589888778037	11.334	5	PBIOA021	A549	24H	A10	BRD-K51831558	0.37uM	down
REP.A014_MCF7_24H_I01_idelalisib_10uM down	f9acbbeb-4817-40af-a2e3-bea8b49fd11c	250	5.905217584741984e-05	0.025489589888778037	11.334	5	REP.A014	MCF7	24H	I01	idelalisib	10uM	down
REP.A015_THP1_24H_E14_dacinostat_3.33uM down	79134667-e7c8-4268-8ff8-afe1823feead	250	5.905217584741984e-05	0.025489589888778037	11.334	5	REP.A015	THP1	24H	E14	dacinostat	3.33uM	down
REP.A024_THP1_24H_P22_sirolimus_0.37uM down	b64b04a2-d5e2-46a5-b22b-b6761ec74240	250	5.905217584741984e-05	0.025489589888778037	11.334	5	REP.A024	THP1	24H	P22	sirolimus	0.37uM	down
REP.B008_JURKAT_24H_J10_GSK-923295_0.08uM up	d496c610-e373-4ab4-8cef-d6d8d31dc557	250	5.905217584741984e-05	0.025489589888778037	11.334	5	REP.B008	JURKAT	24H	J10	GSK-923295	0.08uM	up
REP.B010_HEK293_24H_P19_BMY-14802_2.22uM down	53a9db2b-5466-42a7-8484-2da347af6a37	250	5.905217584741984e-05	0.025489589888778037	11.334	5	REP.B010	HEK293	24H	P19	BMY-14802	2.22uM	down
REP.B023_HA1E_24H_H09_volasertib_0.25uM up	123f1259-084a-41aa-babe-733c60d130e6	250	5.905217584741984e-05	0.025489589888778037	11.334	5	REP.B023	HA1E	24H	H09	volasertib	0.25uM	up
REP.B026_JURKAT_24H_L19_doxorubicin_2.22uM up	63f204fc-1b10-4b98-95dd-6269128ab2e1	250	5.905217584741984e-05	0.025489589888778037	11.334	5	REP.B026	JURKAT	24H	L19	doxorubicin	2.22uM	up
XPR011_U251MG.311_96H_F06_ARG1 down	8a188d79-7ac3-44d6-8f11-97c2403ac742	250	5.905217584741984e-05	0.025489589888778037	11.334	5	XPR011	U251MG.311	96H	F06	ARG1	N/A	down
XPR012_PC3.311B_96H_D19_BOC down	a6f399cb-671f-465f-b4d7-e434a98bb11d	250	5.905217584741984e-05	0.025489589888778037	11.334	5	XPR012	PC3.311B	96H	D19	BOC	N/A	down
XPR013_BICR6.311_96H_E08_CBX1 up	408fc0b8-35b7-4ba7-a3cd-d64e80d798d2	250	5.905217584741984e-05	0.025489589888778037	11.334	5	XPR013	BICR6.311	96H	E08	CBX1	N/A	up
XPR015_PC3.311B_96H_F12_DNLZ up	34437453-3b32-4570-8cfa-6edbc25d75c3	250	5.905217584741984e-05	0.025489589888778037	11.334	5	XPR015	PC3.311B	96H	F12	DNLZ	N/A	up
XPR020_AGS.311_96H_C02_MECP2 down	60fa04d9-eeaa-419d-9c75-d54a657fb65c	250	5.905217584741984e-05	0.025489589888778037	11.334	5	XPR020	AGS.311	96H	C02	MECP2	N/A	down
XPR023_U251MG.311_96H_N02_SERPINB2 up	3c9ee7e2-e064-4476-987f-7a428993de0b	250	5.905217584741984e-05	0.025489589888778037	11.334	5	XPR023	U251MG.311	96H	N02	SERPINB2	N/A	up
XPR032_BICR6.311_96H_O07_QDPR down	69e65274-2d5e-4448-b23e-189542eaa6eb	250	5.905217584741984e-05	0.025489589888778037	11.334	5	XPR032	BICR6.311	96H	O07	QDPR	N/A	down
XPR036_A549.311_96H_C05_ATP23 up	e6de97a2-ff66-47f3-b125-c5aa81423dd1	250	5.905217584741984e-05	0.025489589888778037	11.334	5	XPR036	A549.311	96H	C05	ATP23	N/A	up
XPR037_BICR6.311_96H_H22_GP6 down	db05774b-c150-4023-bf93-d81a400cc1f1	250	5.905217584741984e-05	0.025489589888778037	11.334	5	XPR037	BICR6.311	96H	H22	GP6	N/A	down
XPR039_HS944T.311_96H_D01_TTC37 down	7885c1d6-4440-4431-88e9-21e53ea12bb8	250	5.905217584741984e-05	0.025489589888778037	11.334	5	XPR039	HS944T.311	96H	D01	TTC37	N/A	down
XPR043_KELLY.311_96H_B11_SLC1A4 up	a6dcf06e-726f-42d0-979b-d3f7487099dc	250	5.905217584741984e-05	0.025489589888778037	11.334	5	XPR043	KELLY.311	96H	B11	SLC1A4	N/A	up
XPR044_KYSE30.311_96H_M01_PFDN2 up	2fe9779d-81bc-4236-a393-bf5086ee2cd1	250	5.905217584741984e-05	0.025489589888778037	11.334	5	XPR044	KYSE30.311	96H	M01	PFDN2	N/A	up
XPR044_LCLC103H.311_96H_L24_PLSCR1 up	b8b7ddf2-5e52-4c30-a9f5-14266650a187	250	5.905217584741984e-05	0.025489589888778037	11.334	5	XPR044	LCLC103H.311	96H	L24	PLSCR1	N/A	up
ASG002_22RV1_24H_K04_quizartinib_10uM up	bf756bfa-b029-4088-8d6f-e6ef597d005c	250	5.905217584741984e-05	0.025489589888778037	11.334	5	ASG002	22RV1	24H	K04	quizartinib	10uM	up
ASG002_OAW28_24H_B22_nocodazole_10uM down	40ad2394-9863-460e-b017-8438b283395e	250	5.905217584741984e-05	0.025489589888778037	11.334	5	ASG002	OAW28	24H	B22	nocodazole	10uM	down
CPC001_HCC515_6H_D08_U-74389F_10uM up	047b63dd-014f-4f7d-97a3-f1db7e97ea94	250	5.905217584741984e-05	0.025489589888778037	11.334	5	CPC001	HCC515	6H	D08	U-74389F	10uM	up
CPC004_HA1E_6H_G11_digoxin_10uM up	dbc687f6-5787-40c1-bb95-c7012831716d	250	5.905217584741984e-05	0.025489589888778037	11.334	5	CPC004	HA1E	6H	G11	digoxin	10uM	up
REP.A015_A375_24H_H18_vilazodone_0.04uM down	5e31c909-eb00-41d3-a721-2326e76b1208	250	5.905217584741984e-05	0.025489589888778037	11.334	5	REP.A015	A375	24H	H18	vilazodone	0.04uM	down
CPC008_VCAP_6H_C10_BRD-K66634822_10uM down	dbbf38a1-0bef-463b-bebd-1c0e52215e59	250	5.905217584741984e-05	0.025489589888778037	11.334	5	CPC008	VCAP	6H	C10	BRD-K66634822	10uM	down
CPC010_A375_6H_C23_BRD-K30697463_10uM down	cb111982-4af3-4e03-9a40-f4240dd7b8fe	250	5.905217584741984e-05	0.025489589888778037	11.334	5	CPC010	A375	6H	C23	BRD-K30697463	10uM	down
CPC010_HA1E_6H_F03_BRD-A73747855_10uM down	0539401b-ba09-40ec-996e-cb2e1c5e28aa	250	5.905217584741984e-05	0.025489589888778037	11.334	5	CPC010	HA1E	6H	F03	BRD-A73747855	10uM	down
CPC013_VCAP_24H_C19_andarine_10uM down	b3887569-9a8c-43fb-901f-e69e920387e2	250	5.905217584741984e-05	0.025489589888778037	11.334	5	CPC013	VCAP	24H	C19	andarine	10uM	down
REP.A016_MDAMB231_24H_F06_clindamycin_0.04uM up	b255531b-501e-4439-b501-be9fd0ecf701	250	5.905217584741984e-05	0.025489589888778037	11.334	5	REP.A016	MDAMB231	24H	F06	clindamycin	0.04uM	up
REP.A022_HELA_24H_C09_epothilone-b_1.11uM down	fc1a3b04-46d3-41ec-8a50-318eaaf50b35	250	5.905217584741984e-05	0.025489589888778037	11.334	5	REP.A022	HELA	24H	C09	epothilone-b	1.11uM	down
CPD001_MCF7_6H_N11_nifenazone_10uM up	6010cc30-1e57-4c54-8e7a-d4b493b99a49	250	5.905217584741984e-05	0.025489589888778037	11.334	5	CPD001	MCF7	6H	N11	nifenazone	10uM	up
CPD002_PC3_6H_A05_haloprogin_10uM up	bd917b08-1e91-4f4e-ac89-ba3fee849f5c	250	5.905217584741984e-05	0.025489589888778037	11.334	5	CPD002	PC3	6H	A05	haloprogin	10uM	up
DOSVAL006_HT29_24H_B16_BRD-K60703313_20uM up	0290d7c7-2e35-46da-a15c-c5fe0ddaeff5	250	5.905217584741984e-05	0.025489589888778037	11.334	5	DOSVAL006	HT29	24H	B16	BRD-K60703313	20uM	up
REP.B019_HT29_24H_K24_thioguanine_0.01uM down	74b20475-33f1-44cd-a29d-f93da5b09ee6	250	5.905217584741984e-05	0.025489589888778037	11.334	5	REP.B019	HT29	24H	K24	thioguanine	0.01uM	down
FIBR017_MCLF076SZ_6H_O04_ixazomib_0.04uM down	45c33dec-0a2a-4b5c-beb1-d5833e0d8eac	250	5.905217584741984e-05	0.025489589888778037	11.334	5	FIBR017	MCLF076SZ	6H	O04	ixazomib	0.04uM	down
FIBR022_MCLF037SZ_6H_N15_narciclasine_0.37uM up	7252ab24-b161-42fc-beb2-e298d89278e1	250	5.905217584741984e-05	0.025489589888778037	11.334	5	FIBR022	MCLF037SZ	6H	N15	narciclasine	0.37uM	up
FIBR023_MCLF126CN_6H_O15_methylphenidate_4uM up	f98c4b17-bc84-43ff-8034-a6ce3ccec437	250	5.905217584741984e-05	0.025489589888778037	11.334	5	FIBR023	MCLF126CN	6H	O15	methylphenidate	4uM	up
GMB001_HL60_2H_D01_GW-4064_10uM down	6c1ba51a-9ca4-4515-bb7a-ff6721053748	250	5.905217584741984e-05	0.025489589888778037	11.334	5	GMB001	HL60	2H	D01	GW-4064	10uM	down
HDAC002_HA1E_6H_B15_vorinostat_0.002uM up	77269934-f03e-472b-8f1c-0c06caa122d0	250	5.905217584741984e-05	0.025489589888778037	11.334	5	HDAC002	HA1E	6H	B15	vorinostat	0.002uM	up
KHW001_SKM1_6H_C01_lovastatin_10uM down	ccbdd2ed-7c8e-4de9-9a4e-5c010cf31001	250	5.905217584741984e-05	0.025489589888778037	11.334	5	KHW001	SKM1	6H	C01	lovastatin	10uM	down
LCP001_MCF10A.WT_12H_L05_nilotinib_3.33uM down	9f052172-b073-4b1e-a670-d55f6dd2bb9b	250	5.905217584741984e-05	0.025489589888778037	11.334	5	LCP001	MCF10A.WT	12H	L05	nilotinib	3.33uM	down
LJP001_MCF7_6H_J22_AS-605240_0.08uM down	07f8b287-0136-4f55-85b0-0fce91325366	250	5.905217584741984e-05	0.025489589888778037	11.334	5	LJP001	MCF7	6H	J22	AS-605240	0.08uM	down
LJP005_MCF10A_3H_P21_trametinib_1.11uM down	8f9aee2d-d89e-4bf2-9d9e-5b64f229742e	250	5.905217584741984e-05	0.025489589888778037	11.334	5	LJP005	MCF10A	3H	P21	trametinib	1.11uM	down
LJP006_HME1_24H_O15_torin-1_1.11uM up	998498b4-b6b1-4115-8734-0784a82c9721	250	5.905217584741984e-05	0.025489589888778037	11.334	5	LJP006	HME1	24H	O15	torin-1	1.11uM	up
LJP008_SHSY5Y_24H_I19_methylstat_10uM up	dd007a23-c018-40a7-8118-b13eb14fb39a	250	5.905217584741984e-05	0.025489589888778037	11.334	5	LJP008	SHSY5Y	24H	I19	methylstat	10uM	up
LJP009_HUVEC.A_24H_G19_D-4476_10uM down	f07a8092-ec3e-48de-98a4-bd85b082912c	250	5.905217584741984e-05	0.025489589888778037	11.334	5	LJP009	HUVEC.A	24H	G19	D-4476	10uM	down
LJP009_NPC_24H_G16_dasatinib_0.37uM down	b4ae9e97-344b-43ce-b583-0f88a12b90c6	250	5.905217584741984e-05	0.025489589888778037	11.334	5	LJP009	NPC	24H	G16	dasatinib	0.37uM	down
MOAR005_PC3_24H_E11_ciclopirox_3.33uM up	ea50dc13-d476-4115-902b-a150acfdee83	250	5.905217584741984e-05	0.025489589888778037	11.334	5	MOAR005	PC3	24H	E11	ciclopirox	3.33uM	up
MOAR009_T47D_24H_N18_3-MPPI_1.11uM down	d31d87c8-798a-4e2f-95f5-21c3aaa1ab43	250	5.905217584741984e-05	0.025489589888778037	11.334	5	MOAR009	T47D	24H	N18	3-MPPI	1.11uM	down
MOAR010_22RV1_24H_G05_arofylline_3.33uM up	3ea1f230-19c4-48fd-b627-bc677de43bc8	250	5.905217584741984e-05	0.025489589888778037	11.334	5	MOAR010	22RV1	24H	G05	arofylline	3.33uM	up
MOAR011_CAL29_24H_F07_serdemetan_10uM up	94fd8dd2-c78e-4006-be12-b301a4d02a67	250	5.905217584741984e-05	0.025489589888778037	11.334	5	MOAR011	CAL29	24H	F07	serdemetan	10uM	up
MOAR018_HAP1.RELA_24H_I17_GSK-1838705A_3.33uM up	9120aac8-d2d6-4393-b648-687ccc07dd2e	250	5.905217584741984e-05	0.025489589888778037	11.334	5	MOAR018	HAP1.RELA	24H	I17	GSK-1838705A	3.33uM	up
NMH001_NEU_24H_G20_propanoic-acid_10uM down	f65c08ae-e2cf-49c6-b5d5-acac2be8a48f	250	5.905217584741984e-05	0.025489589888778037	11.334	5	NMH001	NEU	24H	G20	propanoic-acid	10uM	down
REP.B020_JURKAT_24H_E10_dehydroepiandrosterone_0.08uM down	d72ce2c4-c70a-4c0d-9bc0-42d32f70d6ce	250	5.905217584741984e-05	0.025489589888778037	11.334	5	REP.B020	JURKAT	24H	E10	dehydroepiandrosterone	0.08uM	down
PAC032_U2OS_6H_B22_BRD-K80996561_10uM down	84ac52e5-55c8-487f-b8be-deeaff50f532	250	5.905217584741984e-05	0.025489589888778037	11.334	5	PAC032	U2OS	6H	B22	BRD-K80996561	10uM	down
PBIOA013_A375_24H_K02_BRD-K11055147_3.33uM up	26419e0a-0967-4537-939d-9d1d9834c30e	250	5.905217584741984e-05	0.025489589888778037	11.334	5	PBIOA013	A375	24H	K02	BRD-K11055147	3.33uM	up
PBIOA015_A549_24H_L24_BRD-K78333516_0.04uM up	a0dbbbf3-e654-4be6-9eff-29af18351d10	250	5.905217584741984e-05	0.025489589888778037	11.334	5	PBIOA015	A549	24H	L24	BRD-K78333516	0.04uM	up
PBIOA016_A375_24H_A20_BRD-K35030377_3.33uM up	25ca8704-e45b-45e6-87cb-3d6d8f4d4ba0	250	5.905217584741984e-05	0.025489589888778037	11.334	5	PBIOA016	A375	24H	A20	BRD-K35030377	3.33uM	up
REP.A003_MCF7_24H_H14_tivantinib_3.33uM down	b51dcfe7-2a6c-4242-b032-fbf330e8fd23	250	5.905217584741984e-05	0.025489589888778037	11.334	5	REP.A003	MCF7	24H	H14	tivantinib	3.33uM	down
REP.A012_HT29_24H_M18_alizapride_0.04uM up	4ce1e800-a2d8-4a6d-b17b-ce35c7318ee5	250	5.905217584741984e-05	0.025489589888778037	11.334	5	REP.A012	HT29	24H	M18	alizapride	0.04uM	up
REP.A012_MDAMB231_24H_P11_lersivirine_0.125uM down	a354fc6e-023d-4b51-8dfe-e37b99cc27f6	250	5.905217584741984e-05	0.025489589888778037	11.334	5	REP.A012	MDAMB231	24H	P11	lersivirine	0.125uM	down
REP.A013_HA1E_24H_P23_nateglinide_0.125uM down	53a9c112-11a9-4d64-8e38-7412383df191	250	5.905217584741984e-05	0.025489589888778037	11.334	5	REP.A013	HA1E	24H	P23	nateglinide	0.125uM	down
REP.A022_PC3_24H_H06_BAY-87-2243_0.04uM up	7a652c09-cbd3-4b83-9784-c8b80f26a4d2	250	5.905217584741984e-05	0.025489589888778037	11.334	5	REP.A022	PC3	24H	H06	BAY-87-2243	0.04uM	up
REP.A025_A549_24H_H14_telmisartan_3.33uM up	860dbb80-b24b-48a7-a514-d9262eddedb3	250	5.905217584741984e-05	0.025489589888778037	11.334	5	REP.A025	A549	24H	H14	telmisartan	3.33uM	up
REP.A027_HA1E_24H_B17_zaleplon_0.125uM down	cf260185-029b-465f-ab92-025adec0230f	250	5.905217584741984e-05	0.025489589888778037	11.334	5	REP.A027	HA1E	24H	B17	zaleplon	0.125uM	down
REP.B021_MDAMB231_24H_O10_allopurinol_0.08uM up	2ebfc656-cefe-473c-a073-7dfc9617bf29	250	5.905217584741984e-05	0.025489589888778037	11.334	5	REP.B021	MDAMB231	24H	O10	allopurinol	0.08uM	up
REP.B005_MCF7_24H_H02_clioquinol_0.74uM up	c600a00f-d524-4a18-a924-deaff2ca446a	250	5.905217584741984e-05	0.025489589888778037	11.334	5	REP.B005	MCF7	24H	H02	clioquinol	0.74uM	up
REP.B012_MCF7_24H_E18_picolinic-acid_0.01uM up	9d9f2420-0494-48a8-9d4f-af0007cc3fa2	250	5.905217584741984e-05	0.025489589888778037	11.334	5	REP.B012	MCF7	24H	E18	picolinic-acid	0.01uM	up
REP.B014_MCF7_24H_H12_BRD-K59573506_0.01uM up	991de397-afc6-4d45-8054-8eddb64eb4e7	250	5.905217584741984e-05	0.025489589888778037	11.334	5	REP.B014	MCF7	24H	H12	BRD-K59573506	0.01uM	up
REP.B022_PC3_24H_H04_BAY-87-2243_0.08uM up	4e10bc97-77af-4aa0-90b9-d0c181a4c1c2	250	5.905217584741984e-05	0.025489589888778037	11.334	5	REP.B022	PC3	24H	H04	BAY-87-2243	0.08uM	up
REP.B023_MCF10A_24H_G10_mericitabine_0.08uM down	f9ffce07-2263-4e44-82ea-e24272573829	250	5.905217584741984e-05	0.025489589888778037	11.334	5	REP.B023	MCF10A	24H	G10	mericitabine	0.08uM	down
XPR015_A375.311_96H_F16_DNAJC5G down	2d2289bd-a7de-475a-b63a-c46e9abb609c	250	5.905217584741984e-05	0.025489589888778037	11.334	5	XPR015	A375.311	96H	F16	DNAJC5G	N/A	down
XPR020_PC3.311B_96H_J14_MS4A13 down	f13feba6-a5e9-4dc9-a5ea-b50b18dccbd4	250	5.905217584741984e-05	0.025489589888778037	11.334	5	XPR020	PC3.311B	96H	J14	MS4A13	N/A	down
XPR021_U251MG.311_96H_E03_NACA2 up	fd82575d-3218-4855-b568-03bd5c2f2f42	250	5.905217584741984e-05	0.025489589888778037	11.334	5	XPR021	U251MG.311	96H	E03	NACA2	N/A	up
XPR022_U251MG.311_96H_P12_RGCC down	18930684-ff90-4f1e-b31f-380c6947b46e	250	5.905217584741984e-05	0.025489589888778037	11.334	5	XPR022	U251MG.311	96H	P12	RGCC	N/A	down
XPR029_U251MG.311_96H_D13_KCTD8 down	b878dba9-ca2c-4361-86f7-66d748bbab3f	250	5.905217584741984e-05	0.025489589888778037	11.334	5	XPR029	U251MG.311	96H	D13	KCTD8	N/A	down
XPR041_LCLC103H.311_96H_J02_CREG1 up	7717b5f6-0a81-40d9-965b-50ed505e81d0	250	5.905217584741984e-05	0.025489589888778037	11.334	5	XPR041	LCLC103H.311	96H	J02	CREG1	N/A	up
REP.B026_JURKAT_24H_E11_sorbinil_0.03uM down	b4fbafef-7db2-4a5a-b88c-8dad489267dc	250	5.905217584741984e-05	0.025489589888778037	11.334	5	REP.B026	JURKAT	24H	E11	sorbinil	0.03uM	down
ASG003_U2OS_48H_E02_moxifloxacin_1.11uM down	53dfe2a1-140b-4592-a252-67f025ea2f75	250	5.905217584741984e-05	0.025489589888778037	11.334	5	ASG003	U2OS	48H	E02	moxifloxacin	1.11uM	down
CEGS002_HIMG001_24H_F24_tianeptine_8uM down	8eb996a9-f31d-4874-af10-8e1f8f97d0d2	250	5.905217584741984e-05	0.025489589888778037	11.334	5	CEGS002	HIMG001	24H	F24	tianeptine	8uM	down
CPC003_HA1E_24H_I19_hydrocortisone_10uM up	1b10509b-2025-4389-9d4a-16a14b344647	250	5.905217584741984e-05	0.025489589888778037	11.334	5	CPC003	HA1E	24H	I19	hydrocortisone	10uM	up
XPR009_MCF7.311_96H_L01_SENP2 up	18983ba3-2bba-4cab-9f36-cf84a1ec7117	250	5.905217584741984e-05	0.025489589888778037	11.334	5	XPR009	MCF7.311	96H	L01	SENP2	N/A	up
CPC006_PC3_24H_N22_nimodipine_10uM down	1c5ce01e-3d6d-461b-ba4f-b62a5c7e3546	250	5.905217584741984e-05	0.025489589888778037	11.334	5	CPC006	PC3	24H	N22	nimodipine	10uM	down
CPC006_SNGM_6H_P07_fostamatinib_10uM down	e69253ed-e50c-4c0f-843c-e9ff802c5198	250	5.905217584741984e-05	0.025489589888778037	11.334	5	CPC006	SNGM	6H	P07	fostamatinib	10uM	down
CPC008_PC3_6H_K19_VU-0410183-2_10uM up	caa5462d-6913-4e7b-bec2-e51ef093be72	250	5.905217584741984e-05	0.025489589888778037	11.334	5	CPC008	PC3	6H	K19	VU-0410183-2	10uM	up
XPR010_PC3.311B_96H_N15_SCN9A up	17b4a19b-a18a-4d93-b6f6-10893024418f	250	5.905217584741984e-05	0.025489589888778037	11.334	5	XPR010	PC3.311B	96H	N15	SCN9A	N/A	up
CPC012_HA1E_6H_M02_BRD-K68588778_10uM down	81089b5f-6d30-4512-9a86-c49a61b5dbe2	250	5.905217584741984e-05	0.025489589888778037	11.334	5	CPC012	HA1E	6H	M02	BRD-K68588778	10uM	down
CPC012_HCC515_6H_K18_BRD-K30381304_10uM down	a0deaac5-6744-43d4-82bd-b59c7d9185c7	250	5.905217584741984e-05	0.025489589888778037	11.334	5	CPC012	HCC515	6H	K18	BRD-K30381304	10uM	down
CPC012_VCAP_24H_A10_BRD-A27640568_10uM up	8ba86d4e-0f0e-4614-8c8b-85cec2498c47	250	5.905217584741984e-05	0.025489589888778037	11.334	5	CPC012	VCAP	24H	A10	BRD-A27640568	10uM	up
CPC019_A549_6H_O12_BRD-K30523950_10uM up	76dd388f-00e8-4a81-9a87-d196de69206e	250	5.905217584741984e-05	0.025489589888778037	11.334	5	CPC019	A549	6H	O12	BRD-K30523950	10uM	up
CVD001_PHH_24H_M15_BRD-K03113036_10uM up	b47b69d8-41ab-4f46-989c-15083a6dce69	250	5.905217584741984e-05	0.025489589888778037	11.334	5	CVD001	PHH	24H	M15	BRD-K03113036	10uM	up
DOS018_VCAP_6H_B03_BRD-K91809691_4uM up	c3054293-96f3-4106-8a6d-4b5ac258f82e	250	5.905217584741984e-05	0.025489589888778037	11.334	5	DOS018	VCAP	6H	B03	BRD-K91809691	4uM	up
DOS040_HT29_24H_C24_BRD-K31671785_4uM up	617153fe-5e14-4955-bb59-dd0c1252d458	250	5.905217584741984e-05	0.025489589888778037	11.334	5	DOS040	HT29	24H	C24	BRD-K31671785	4uM	up
EMU001_MINO_24H_L17_lapatinib_0.04uM down	f3a6f93b-3814-44bb-b2f8-1575d8ebb58c	250	5.905217584741984e-05	0.025489589888778037	11.334	5	EMU001	MINO	24H	L17	lapatinib	0.04uM	down
FIBR012_MCLF015CN_6H_E24_HLI-373_4uM down	57c3a8c0-050f-4f86-b8ef-378fc4f437d4	250	5.905217584741984e-05	0.025489589888778037	11.334	5	FIBR012	MCLF015CN	6H	E24	HLI-373	4uM	down
FIBR014_MCLF162SZ_6H_O14_GMX-1778_0.004uM up	b5ca37f0-2bcf-4e9e-8bdc-8e5b2fdf092d	250	5.905217584741984e-05	0.025489589888778037	11.334	5	FIBR014	MCLF162SZ	6H	O14	GMX-1778	0.004uM	up
FIBR023_MCLF126CN_6H_D19_CT-200783_2.22uM down	32b716c3-a5c8-479f-bc3b-f5315febf265	250	5.905217584741984e-05	0.025489589888778037	11.334	5	FIBR023	MCLF126CN	6H	D19	CT-200783	2.22uM	down
XPR011_HT29.311_96H_I01_AAMP up	b39c3087-10ce-43dd-bfc2-9e40d4a4055e	250	5.905217584741984e-05	0.025489589888778037	11.334	5	XPR011	HT29.311	96H	I01	AAMP	N/A	up
FIBR039_MCLF056CN_6H_J19_BRD-K55591206_4uM down	3d2420c9-8223-4df9-bc26-7d09510800aa	250	5.905217584741984e-05	0.025489589888778037	11.334	5	FIBR039	MCLF056CN	6H	J19	BRD-K55591206	4uM	down
LJP005_SKBR3_3H_E07_PF-431396_10uM down	bd339e25-0f6e-4429-a632-8314721137a1	250	5.905217584741984e-05	0.025489589888778037	11.334	5	LJP005	SKBR3	3H	E07	PF-431396	10uM	down
LJP006_HS578T_24H_O03_geldanamycin_1.11uM down	edb79aef-2428-42dc-a8a1-1219a9fb3be5	250	5.905217584741984e-05	0.025489589888778037	11.334	5	LJP006	HS578T	24H	O03	geldanamycin	1.11uM	down
LJP007_ASC_24H_F18_AZD-4547_0.04uM up	01183ede-22e0-4859-be8f-90c8ef76ad5e	250	5.905217584741984e-05	0.025489589888778037	11.334	5	LJP007	ASC	24H	F18	AZD-4547	0.04uM	up
LJP008_HA1E_24H_E21_AGK-2_1.11uM up	d071e563-9b39-42a6-a4a5-af9b26ef7838	250	5.905217584741984e-05	0.025489589888778037	11.334	5	LJP008	HA1E	24H	E21	AGK-2	1.11uM	up
LJP008_HUVEC.A_24H_M16_decitabine_0.37uM up	37197e22-8b80-4fc1-87ab-23ad24775e0d	250	5.905217584741984e-05	0.025489589888778037	11.334	5	LJP008	HUVEC.A	24H	M16	decitabine	0.37uM	up
LJP009_MCF7_24H_L01_GSK-2334470_10uM up	d38453e7-5618-4d44-abcc-678693f3bc02	250	5.905217584741984e-05	0.025489589888778037	11.334	5	LJP009	MCF7	24H	L01	GSK-2334470	10uM	up
LKCP001_A549_24H_N02_tofacitinib_1.11uM down	c3ad0321-d039-4e22-bdd3-3e76eba3f7eb	250	5.905217584741984e-05	0.025489589888778037	11.334	5	LKCP001	A549	24H	N02	tofacitinib	1.11uM	down
MOAR009_NCIH1573_24H_H16_LDN-193189_10uM up	a6b2d3cb-00e4-4a19-9f03-248bdca068d0	250	5.905217584741984e-05	0.025489589888778037	11.334	5	MOAR009	NCIH1573	24H	H16	LDN-193189	10uM	up
XPR014_MCF7.311_96H_D16_CLIC4 up	53a257d3-4020-4f06-8930-940d211d306b	250	5.905217584741984e-05	0.025489589888778037	11.334	5	XPR014	MCF7.311	96H	D16	CLIC4	N/A	up
MOAR011_BEN_24H_N03_PF-562271_1.11uM up	86267333-fad0-4037-8259-19a97c0aceab	250	5.905217584741984e-05	0.025489589888778037	11.334	5	MOAR011	BEN	24H	N03	PF-562271	1.11uM	up
MOAR012_BC3C_24H_E02_piperine_3.33uM up	01a6679a-a963-4982-b4c3-a6738a7a241f	250	5.905217584741984e-05	0.025489589888778037	11.334	5	MOAR012	BC3C	24H	E02	piperine	3.33uM	up
NMH001_NPC_6H_H21_n-methylphenothiazine_10uM down	f2ac80ab-2155-4b40-a88e-5fa54fe1a65d	250	5.905217584741984e-05	0.025489589888778037	11.334	5	NMH001	NPC	6H	H21	n-methylphenothiazine	10uM	down
PAC057_U2OS_6H_H02_BRD-M31016039_10uM up	cdbbd245-64ae-4320-b601-6c858b823353	250	5.905217584741984e-05	0.025489589888778037	11.334	5	PAC057	U2OS	6H	H02	BRD-M31016039	10uM	up
PAC066_U2OS_6H_F08_BRD-K94444134_10uM up	2c30ba96-de75-4fbf-9979-f03bffcabf37	250	5.905217584741984e-05	0.025489589888778037	11.334	5	PAC066	U2OS	6H	F08	BRD-K94444134	10uM	up
PAC068_U2OS_6H_H07_BRD-K25363217_10uM down	1d916064-52e2-40cb-bbe9-18dfb8aa6857	250	5.905217584741984e-05	0.025489589888778037	11.334	5	PAC068	U2OS	6H	H07	BRD-K25363217	10uM	down
PBIOA009_XC.L10_24H_B17_BRD-K42871839_3.33uM up	f2e77afd-3951-46cd-a0fb-37dc6033ad8f	250	5.905217584741984e-05	0.025489589888778037	11.334	5	PBIOA009	XC.L10	24H	B17	BRD-K42871839	3.33uM	up
REP.A011_YAPC_24H_I22_isbufylline_0.37uM up	e27df567-d305-4e71-bc4c-bde870cbd7b8	250	5.905217584741984e-05	0.025489589888778037	11.334	5	REP.A011	YAPC	24H	I22	isbufylline	0.37uM	up
REP.A021_MCF7_24H_D01_maxacalcitol_10uM up	e83963ef-743c-48f8-a041-b9a5a959c988	250	5.905217584741984e-05	0.025489589888778037	11.334	5	REP.A021	MCF7	24H	D01	maxacalcitol	10uM	up
REP.A022_MDAMB231_24H_K06_urapidil_0.04uM down	2d0293a0-b39a-41db-a1e5-6e95637b19f4	250	5.905217584741984e-05	0.025489589888778037	11.334	5	REP.A022	MDAMB231	24H	K06	urapidil	0.04uM	down
REP.A024_PC3_24H_C20_bortezomib_20uM up	5e82cc47-cc47-495f-bcf3-3293ba6cc0f5	250	5.905217584741984e-05	0.025489589888778037	11.334	5	REP.A024	PC3	24H	C20	bortezomib	20uM	up
REP.A026_MCF7_24H_N01_desvenlafaxine_10uM up	70a2dc5a-0341-4ec4-bacf-cc32e2b66f73	250	5.905217584741984e-05	0.025489589888778037	11.334	5	REP.A026	MCF7	24H	N01	desvenlafaxine	10uM	up
REP.B002_HELA_3H_L08_talmapimod_0.74uM down	a76ebe82-3692-4514-a926-e2f7452302d1	250	5.905217584741984e-05	0.025489589888778037	11.334	5	REP.B002	HELA	3H	L08	talmapimod	0.74uM	down
XPR019_MCF7.311_96H_L07_LGALS3 down	00b7b0e0-6c45-4d3c-be53-48647630910f	250	5.905217584741984e-05	0.025489589888778037	11.334	5	XPR019	MCF7.311	96H	L07	LGALS3	N/A	down
REP.B022_PC3_24H_J19_choline-alfoscerate_2.22uM down	85f7dc38-b9ea-47e9-89d3-25eaa94a7212	250	5.905217584741984e-05	0.025489589888778037	11.334	5	REP.B022	PC3	24H	J19	choline-alfoscerate	2.22uM	down
XPR011_PC3.311B_96H_L12_APOBEC3B up	8ea3a5f5-409d-41ba-98c5-512c047c8528	250	5.905217584741984e-05	0.025489589888778037	11.334	5	XPR011	PC3.311B	96H	L12	APOBEC3B	N/A	up
XPR013_A375.311_96H_D22_CD3E down	8f6da697-42b9-4f47-9d92-e5bf6ce777d8	250	5.905217584741984e-05	0.025489589888778037	11.334	5	XPR013	A375.311	96H	D22	CD3E	N/A	down
XPR016_AGS.311_96H_N24_FAS up	de2b99fb-9ed7-4381-ab60-6bbf5df068b6	250	5.905217584741984e-05	0.025489589888778037	11.334	5	XPR016	AGS.311	96H	N24	FAS	N/A	up
XPR028_BICR6.311_96H_E11_SST down	586d079a-83fe-4f6d-a7ec-681a37dd4187	250	5.905217584741984e-05	0.025489589888778037	11.334	5	XPR028	BICR6.311	96H	E11	SST	N/A	down
XPR028_ES2.311_96H_D03_PDE10A up	52bc2452-c392-4c50-86ea-5df39e2c3c8c	250	5.905217584741984e-05	0.025489589888778037	11.334	5	XPR028	ES2.311	96H	D03	PDE10A	N/A	up
XPR029_A549.311_96H_G04_PRDX5 down	74701f78-9af8-49ab-8374-a620a0dd245c	250	5.905217584741984e-05	0.025489589888778037	11.334	5	XPR029	A549.311	96H	G04	PRDX5	N/A	down
XPR020_U251MG.311_96H_E12_MCTP2 down	8a60fb77-23e7-4da8-9d63-c1834eada76d	250	5.905217584741984e-05	0.025489589888778037	11.334	5	XPR020	U251MG.311	96H	E12	MCTP2	N/A	down
XPR038_DANG.311_96H_P13_SCARB2 down	a7905742-c1e9-4eae-abe2-3d3b36a83543	250	5.905217584741984e-05	0.025489589888778037	11.334	5	XPR038	DANG.311	96H	P13	SCARB2	N/A	down
XPR028_BICR6.311_96H_J02_APLNR up	bcc1df26-98d0-49b0-bd7d-ee446cdba72d	250	5.905217584741984e-05	0.025489589888778037	11.334	5	XPR028	BICR6.311	96H	J02	APLNR	N/A	up
AICHI001_TMD8_4H_D21_sotrastaurin_0.66uM down	9ec21721-e898-4869-a04c-5a5cb9cda915	250	5.905217584741984e-05	0.025489589888778037	11.334	5	AICHI001	TMD8	4H	D21	sotrastaurin	0.66uM	down
XPR029_A549.311_96H_H02_SULT2B1 up	b6cb9a3b-1242-42af-8ad4-d53403f2554a	250	5.905217584741984e-05	0.025489589888778037	11.334	5	XPR029	A549.311	96H	H02	SULT2B1	N/A	up
ASG002_CAL29_24H_P14_ixazomib_1.11uM down	9e8ea473-3bad-4a43-93dc-6fa0ccaa391b	250	5.905217584741984e-05	0.025489589888778037	11.334	5	ASG002	CAL29	24H	P14	ixazomib	1.11uM	down
ASG002_COV434_24H_N18_GW-501516_0.12uM down	5f60f238-e6a8-4355-8ad6-422fbe1f70c4	250	5.905217584741984e-05	0.025489589888778037	11.334	5	ASG002	COV434	24H	N18	GW-501516	0.12uM	down
ASG002_U251MG_24H_E17_obatoclax_1.11uM up	7dbe274b-5ad8-4f37-a303-7f92dfa78dfc	250	5.905217584741984e-05	0.025489589888778037	11.334	5	ASG002	U251MG	24H	E17	obatoclax	1.11uM	up
CPC006_A673_6H_N11_LDN-193189_10uM up	1c711f97-7492-4267-bcde-ac77c79946ab	250	5.905217584741984e-05	0.025489589888778037	11.334	5	CPC006	A673	6H	N11	LDN-193189	10uM	up
CPC006_CL34_6H_O07_BRD-A81936046_10uM down	ab006a81-76c7-4639-afd7-204f85547e1f	250	5.905217584741984e-05	0.025489589888778037	11.334	5	CPC006	CL34	6H	O07	BRD-A81936046	10uM	down
CPC006_HT29_24H_L07_BRD-K92317137_10uM up	69586ad8-e6d5-42c3-965d-26a030ddc23c	250	5.905217584741984e-05	0.025489589888778037	11.334	5	CPC006	HT29	24H	L07	BRD-K92317137	10uM	up
XPR029_U251MG.311_96H_B05_MTAP down	7279ed79-6aa1-40ed-9bc1-3381609856f6	250	5.905217584741984e-05	0.025489589888778037	11.334	5	XPR029	U251MG.311	96H	B05	MTAP	N/A	down
CPC008_A375_24H_F16_BRD-K33159591_10uM up	cf1abb34-c3f9-46c9-8d75-3da9601239e2	250	5.905217584741984e-05	0.025489589888778037	11.334	5	CPC008	A375	24H	F16	BRD-K33159591	10uM	up
CPC008_A549_6H_H16_BRD-A11968133_10uM down	d695f369-f775-4b42-805a-21ed8fb4484b	250	5.905217584741984e-05	0.025489589888778037	11.334	5	CPC008	A549	6H	H16	BRD-A11968133	10uM	down
CPC009_PC3_6H_M19_BRD-K94390040_10uM up	75ac396e-0272-41f4-a198-783c868d3ae7	250	5.905217584741984e-05	0.025489589888778037	11.334	5	CPC009	PC3	6H	M19	BRD-K94390040	10uM	up
XPR041_SNGM.311_96H_J02_CREG1 down	516bbbdf-bd2c-4830-8bdb-28d85813fbf8	250	5.905217584741984e-05	0.025489589888778037	11.334	5	XPR041	SNGM.311	96H	J02	CREG1	N/A	down
CPC012_NPC_24H_B07_BRD-K40087974_10uM down	f6a7c92a-1a1e-4873-8b38-27866092f177	250	5.905217584741984e-05	0.025489589888778037	11.334	5	CPC012	NPC	24H	B07	BRD-K40087974	10uM	down
CPC012_PC3_6H_N04_BRD-K96403486_10uM down	42f937d0-dac1-4db3-bc7c-e298e292286b	250	5.905217584741984e-05	0.025489589888778037	11.334	5	CPC012	PC3	6H	N04	BRD-K96403486	10uM	down
CPC013_HA1E_6H_M23_BRD-K24346336_10uM up	730e1b1a-3756-46df-8a49-87853b16ad7d	250	5.905217584741984e-05	0.025489589888778037	11.334	5	CPC013	HA1E	6H	M23	BRD-K24346336	10uM	up
CPC019_HEPG2_6H_I07_BRD-K53610452_10uM up	fd7c2daf-e927-4eea-8c43-4f3bc2cb767d	250	5.905217584741984e-05	0.025489589888778037	11.334	5	CPC019	HEPG2	6H	I07	BRD-K53610452	10uM	up
CPC019_HT29_6H_P01_BRD-A47832959_10uM down	0c89fcc4-c567-40fd-982c-ecc4403caf15	250	5.905217584741984e-05	0.025489589888778037	11.334	5	CPC019	HT29	6H	P01	BRD-A47832959	10uM	down
CRCGN015_MCF10A_48H_J08_BRD-A58013617_30uM up	c8a05123-f74a-44dc-b7e0-01595a6e0787	250	5.905217584741984e-05	0.025489589888778037	11.334	5	CRCGN015	MCF10A	48H	J08	BRD-A58013617	30uM	up
CVD001_HUH7_6H_K13_dropropizine_10uM down	3a5f8574-ed50-4f82-bded-918512494798	250	5.905217584741984e-05	0.025489589888778037	11.334	5	CVD001	HUH7	6H	K13	dropropizine	10uM	down
DOS003_VCAP_6H_P10_BRD-K87126403_4uM up	f72e6592-8f66-4a48-907c-67c6a032e2c6	250	5.905217584741984e-05	0.025489589888778037	11.334	5	DOS003	VCAP	6H	P10	BRD-K87126403	4uM	up
DOS042_A375_24H_C01_BRD-K86979665_4uM down	66f7bbb2-e0d0-4c39-9a7a-533a3ced3b30	250	5.905217584741984e-05	0.025489589888778037	11.334	5	DOS042	A375	24H	C01	BRD-K86979665	4uM	down
DOSBIO002_NEU_24H_H21_BRD-K97758158_10uM down	c2289cb3-01d3-4664-aabf-85944dd32cee	250	5.905217584741984e-05	0.025489589888778037	11.334	5	DOSBIO002	NEU	24H	H21	BRD-K97758158	10uM	down
ERG017_VCAP_24H_D13_BRD-K99842945_1.11uM up	376fe99a-5e10-403c-87ad-7e21832e7406	250	5.905217584741984e-05	0.025489589888778037	11.334	5	ERG017	VCAP	24H	D13	BRD-K99842945	1.11uM	up
FIBR023_MCLF126CN_6H_N01_BRD-A36275421_0.37uM up	05912add-68b5-4344-b5f4-9996bbb3950d	250	5.905217584741984e-05	0.025489589888778037	11.334	5	FIBR023	MCLF126CN	6H	N01	BRD-A36275421	0.37uM	up
FIBR025_MCLF141SZ_6H_N15_narciclasine_0.37uM up	d03e5d47-99b8-4a07-9631-521094ce4098	250	5.905217584741984e-05	0.025489589888778037	11.334	5	FIBR025	MCLF141SZ	6H	N15	narciclasine	0.37uM	up
FIBR026_MCLF141SZ_6H_B10_SJ-172550_4uM down	a1ad6f24-346f-479f-b6a5-84c2bd259e42	250	5.905217584741984e-05	0.025489589888778037	11.334	5	FIBR026	MCLF141SZ	6H	B10	SJ-172550	4uM	down
FIBR028_MCLF130CN_6H_E05_UK-356618_4uM up	998f4357-ede9-465b-ae32-af9d765054c8	250	5.905217584741984e-05	0.025489589888778037	11.334	5	FIBR028	MCLF130CN	6H	E05	UK-356618	4uM	up
AML001_PC3_6H_D14_BRD-K03439359_0.37uM down	786a09d4-2be9-4dd4-8b66-c200374052a9	250	5.905217584741984e-05	0.025489589888778037	11.334	5	AML001	PC3	6H	D14	BRD-K03439359	0.37uM	down
FIBR042_MCLF0067SZ_6H_D13_kinetin-riboside_2.22uM down	97e95e85-407e-4081-b788-4c8e59aece79	250	5.905217584741984e-05	0.025489589888778037	11.334	5	FIBR042	MCLF0067SZ	6H	D13	kinetin-riboside	2.22uM	down
KTOX002_HPTEC_6H_F20_arsenic-trioxide_30uM down	8d022bfd-c168-46e1-891c-2cb796d11e74	250	5.905217584741984e-05	0.025489589888778037	11.334	5	KTOX002	HPTEC	6H	F20	arsenic-trioxide	30uM	down
LJP001_HS578T_24H_K13_GSK-1070916_10uM down	dab913e3-8e7f-4ae7-ae60-9ca85a0e9509	250	5.905217584741984e-05	0.025489589888778037	11.334	5	LJP001	HS578T	24H	K13	GSK-1070916	10uM	down
LJP001_HS578T_6H_I13_lapatinib_10uM up	8028236f-1c52-4986-9e06-95701fad7762	250	5.905217584741984e-05	0.025489589888778037	11.334	5	LJP001	HS578T	6H	I13	lapatinib	10uM	up
LJP008_YAPC_24H_G19_azacitidine_10uM up	054c0891-fb80-4688-8415-40a3e9ec14e6	250	5.905217584741984e-05	0.025489589888778037	11.334	5	LJP008	YAPC	24H	G19	azacitidine	10uM	up
LJP009_HELA_24H_G20_D-4476_3.33uM down	7e3bb0ba-c8f6-47d1-9612-29569fc15296	250	5.905217584741984e-05	0.025489589888778037	11.334	5	LJP009	HELA	24H	G20	D-4476	3.33uM	down
LJP009_HEPG2_24H_I15_rigosertib_1.11uM down	16657c54-c1c4-48bf-8b39-231f8136bf8c	250	5.905217584741984e-05	0.025489589888778037	11.334	5	LJP009	HEPG2	24H	I15	rigosertib	1.11uM	down
LUNG001_HFL1_24H_D05_erastin_10uM up	31485f07-86a3-464c-b817-10cddc256095	250	5.905217584741984e-05	0.025489589888778037	11.334	5	LUNG001	HFL1	24H	D05	erastin	10uM	up
ASG002_NCIH1573_24H_L01_PHA-793887_10uM down	f6ca7b13-af0e-443c-bf22-5defcce53329	250	5.905217584741984e-05	0.025489589888778037	11.334	5	ASG002	NCIH1573	24H	L01	PHA-793887	10uM	down
ASG002_OVTOKO_24H_A13_TW-37_10uM up	a97aa70b-5366-45c6-99bd-8a8a889f131d	250	5.905217584741984e-05	0.025489589888778037	11.334	5	ASG002	OVTOKO	24H	A13	TW-37	10uM	up
PAC006_U2OS_6H_H04_alvespimycin_20uM up	95b3d96a-a75c-42f8-a86f-783378b9c9be	250	5.905217584741984e-05	0.025489589888778037	11.334	5	PAC006	U2OS	6H	H04	alvespimycin	20uM	up
PAC064_U2OS_6H_K17_BRD-K11275619_10uM down	51919780-e9ae-4c13-8531-211111d59c6c	250	5.905217584741984e-05	0.025489589888778037	11.334	5	PAC064	U2OS	6H	K17	BRD-K11275619	10uM	down
PBIOA019_HA1E_24H_G05_BRD-K89748417_0.125uM down	2e062c77-37f2-47d9-9205-23f2a048a432	250	5.905217584741984e-05	0.025489589888778037	11.334	5	PBIOA019	HA1E	24H	G05	BRD-K89748417	0.125uM	down
PBIOA020_HA1E_24H_L15_BRD-K18235559_1.11uM up	029d496d-4a47-446b-99d4-cd58eef74c39	250	5.905217584741984e-05	0.025489589888778037	11.334	5	PBIOA020	HA1E	24H	L15	BRD-K18235559	1.11uM	up
ASG003_XC.P934_24H_N08_TW-37_0.74uM up	d6878847-b82b-408b-9f74-e660307974f6	250	5.905217584741984e-05	0.025489589888778037	11.334	5	ASG003	XC.P934	24H	N08	TW-37	0.74uM	up
CEGS001_NPC.177_24H_E01_amitriptyline_25uM up	4f16b451-d062-4dcd-8463-2f209fb21145	250	5.905217584741984e-05	0.025489589888778037	11.334	5	CEGS001	NPC.177	24H	E01	amitriptyline	25uM	up
PCLB001_HA1E_24H_I08_avicin-d_2.5uM up	e9b08ab4-4580-4729-9cec-71fefa50476d	250	5.905217584741984e-05	0.025489589888778037	11.334	5	PCLB001	HA1E	24H	I08	avicin-d	2.5uM	up
RAD001_PC3_24H_P15_JMW-MITF1_3.33uM down	b51fac59-212c-4d17-a0c1-ebe679cdcb30	250	5.905217584741984e-05	0.025489589888778037	11.334	5	RAD001	PC3	24H	P15	JMW-MITF1	3.33uM	down
REP.A012_A549_24H_G21_naftopidil_1.11uM down	3dc30d5b-2781-43e5-b4c4-617d85cdc7cf	250	5.905217584741984e-05	0.025489589888778037	11.334	5	REP.A012	A549	24H	G21	naftopidil	1.11uM	down
REP.A013_HA1E_24H_D24_clonazepam_0.04uM down	f0f47508-95a7-4e32-ab9b-62369bcba8b1	250	5.905217584741984e-05	0.025489589888778037	11.334	5	REP.A013	HA1E	24H	D24	clonazepam	0.04uM	down
REP.A017_PC3_24H_A15_MDL-73005EF_1.11uM down	aadfdab6-abcf-4c1a-b74a-2889c2dddf99	250	5.905217584741984e-05	0.025489589888778037	11.334	5	REP.A017	PC3	24H	A15	MDL-73005EF	1.11uM	down
CPC001_HA1E_24H_P15_BRD-K04546108_10uM down	800372b6-71af-47a6-8632-c8134ed97f4d	250	5.905217584741984e-05	0.025489589888778037	11.334	5	CPC001	HA1E	24H	P15	BRD-K04546108	10uM	down
REP.A028_HUVEC.A_24H_A10_mycophenolate-mofetil_0.37uM up	65a8a243-fb28-46d7-b061-ef178c367fa8	250	5.905217584741984e-05	0.025489589888778037	11.334	5	REP.A028	HUVEC.A	24H	A10	mycophenolate-mofetil	0.37uM	up
REP.B003_HELA_3H_M15_SR-27897_0.25uM up	10e797af-24dd-484e-822b-9a0cc6f08c05	250	5.905217584741984e-05	0.025489589888778037	11.334	5	REP.B003	HELA	3H	M15	SR-27897	0.25uM	up
REP.B004_A375_24H_A14_bifemelane_0.74uM up	39fc66d2-0402-4ffd-9e88-4e1f15c50382	250	5.905217584741984e-05	0.025489589888778037	11.334	5	REP.B004	A375	24H	A14	bifemelane	0.74uM	up
REP.B004_A375_24H_G04_AZD-1208_0.08uM up	9de0eef5-3d20-4ba8-947d-5c458350daa4	250	5.905217584741984e-05	0.025489589888778037	11.334	5	REP.B004	A375	24H	G04	AZD-1208	0.08uM	up
REP.B008_A375_24H_H16_YM-155_0.08uM up	27f5b1fb-4ec8-46b4-bb00-0a1a3f289381	250	5.905217584741984e-05	0.025489589888778037	11.334	5	REP.B008	A375	24H	H16	YM-155	0.08uM	up
REP.B011_HEK293_24H_D14_nebivolol_0.74uM up	b9a1696b-e74e-4eb0-a2fd-b17da1ab9459	250	5.905217584741984e-05	0.025489589888778037	11.334	5	REP.B011	HEK293	24H	D14	nebivolol	0.74uM	up
REP.B014_PC3_24H_B13_AP-26113_2.22uM down	d9bca8fa-75aa-4b28-a952-c2dabdd01ce8	250	5.905217584741984e-05	0.025489589888778037	11.334	5	REP.B014	PC3	24H	B13	AP-26113	2.22uM	down
REP.B019_JURKAT_24H_N14_etofylline-clofibrate_0.74uM down	32def579-b140-4bc5-a7db-86ca5d82bf7b	250	5.905217584741984e-05	0.025489589888778037	11.334	5	REP.B019	JURKAT	24H	N14	etofylline-clofibrate	0.74uM	down
CPC005_HT29_24H_G10_amisulpride_10uM up	38440f89-19f6-4bf6-9038-6126c19b8ac6	250	5.905217584741984e-05	0.025489589888778037	11.334	5	CPC005	HT29	24H	G10	amisulpride	10uM	up
REP.B021_A549_24H_M07_otilonium_2.22uM down	d4eaebb6-10a3-475c-8555-5788145a1dfb	250	5.905217584741984e-05	0.025489589888778037	11.334	5	REP.B021	A549	24H	M07	otilonium	2.22uM	down
REP.B024_HEK293_24H_L13_LY-2090314_2.22uM down	6236f364-ef2b-4672-89b6-6e2b19ced28d	250	5.905217584741984e-05	0.025489589888778037	11.334	5	REP.B024	HEK293	24H	L13	LY-2090314	2.22uM	down
XPR011_U251MG.311_96H_B10_APOLD1 down	783b0aa1-36e2-4c5e-b0e2-7a1296b99a66	250	5.905217584741984e-05	0.025489589888778037	11.334	5	XPR011	U251MG.311	96H	B10	APOLD1	N/A	down
XPR011_U251MG.311_96H_P01_ANKRD22 up	1b35a940-9c37-4158-82ff-88d1f95234e9	250	5.905217584741984e-05	0.025489589888778037	11.334	5	XPR011	U251MG.311	96H	P01	ANKRD22	N/A	up
XPR019_A375.311_96H_C09_KDM3B up	b475bbb0-81cb-401b-9496-e7e36572bdbe	250	5.905217584741984e-05	0.025489589888778037	11.334	5	XPR019	A375.311	96H	C09	KDM3B	N/A	up
XPR030_A375.311_96H_P10_RDH8 down	0a7a391e-4f82-4223-bc5d-161a8a147115	250	5.905217584741984e-05	0.025489589888778037	11.334	5	XPR030	A375.311	96H	P10	RDH8	N/A	down
XPR036_YAPC.311_96H_H02_RPL19 up	690d07b8-3930-4e83-8aaf-e4e19c5b2ca6	250	5.905217584741984e-05	0.025489589888778037	11.334	5	XPR036	YAPC.311	96H	H02	RPL19	N/A	up
XPR037_BICR6.311_96H_L10_GK5 up	8b5724ac-c83a-42d6-9584-2e28f438905e	250	5.905217584741984e-05	0.025489589888778037	11.334	5	XPR037	BICR6.311	96H	L10	GK5	N/A	up
XPR040_LCLC103H.311_96H_L05_ALDH1A1 down	4d3da206-51d3-427b-ba32-6aaaef76b5be	250	5.905217584741984e-05	0.025489589888778037	11.334	5	XPR040	LCLC103H.311	96H	L05	ALDH1A1	N/A	down
XPR042_U251MG.311_96H_H01_PGRMC1 up	c9dff1e8-3034-49cd-88fe-aad433662217	250	5.905217584741984e-05	0.025489589888778037	11.334	5	XPR042	U251MG.311	96H	H01	PGRMC1	N/A	up
ASG002_HEC151_24H_I16_AM-580_10uM down	1b201123-983d-4e24-9e91-0fc3a2ab2364	250	5.905217584741984e-05	0.025489589888778037	11.334	5	ASG002	HEC151	24H	I16	AM-580	10uM	down
ASG002_NCIH838_24H_M10_marbofloxacin_10uM up	87226cad-5156-4921-803c-5d1cf6257a79	250	5.905217584741984e-05	0.025489589888778037	11.334	5	ASG002	NCIH838	24H	M10	marbofloxacin	10uM	up
ASG002_SNU407_24H_J04_selumetinib_10uM down	b7a878be-21fc-4702-b49a-63c821c64de5	250	5.905217584741984e-05	0.025489589888778037	11.334	5	ASG002	SNU407	24H	J04	selumetinib	10uM	down
ASG002_U251MG_24H_A14_TW-37_0.74uM up	1ca1ccd9-9059-45f6-933c-acf3735e2761	250	5.905217584741984e-05	0.025489589888778037	11.334	5	ASG002	U251MG	24H	A14	TW-37	0.74uM	up
ASG003_MCF7_6H_B16_erlotinib_10uM up	abefbe81-131b-4e3e-b09a-b136b22b4664	250	5.905217584741984e-05	0.025489589888778037	11.334	5	ASG003	MCF7	6H	B16	erlotinib	10uM	up
CPC006_A375_24H_L02_TW-37_10uM up	36362671-5574-4b37-8923-dd145a65ac91	250	5.905217584741984e-05	0.025489589888778037	11.334	5	CPC006	A375	24H	L02	TW-37	10uM	up
CPC006_HA1E_6H_O15_BRD-A28105619_10uM down	79d5b7b2-c149-4c01-ba19-4a1b1d32a8c3	250	5.905217584741984e-05	0.025489589888778037	11.334	5	CPC006	HA1E	6H	O15	BRD-A28105619	10uM	down
CPC006_RKO_6H_A14_valproic-acid_10uM up	cab37e70-21a2-4da0-a8b9-843d0e56b28f	250	5.905217584741984e-05	0.025489589888778037	11.334	5	CPC006	RKO	6H	A14	valproic-acid	10uM	up
CPC006_THP1_6H_J23_tozasertib_10uM down	b2f468b9-ff5f-488b-a910-7a7f966aa27d	250	5.905217584741984e-05	0.025489589888778037	11.334	5	CPC006	THP1	6H	J23	tozasertib	10uM	down
CPC011_VCAP_6H_K14_itraconazole_10uM down	3a55bcc9-82df-4b6d-ab3b-e1947445c3b6	250	5.905217584741984e-05	0.025489589888778037	11.334	5	CPC011	VCAP	6H	K14	itraconazole	10uM	down
CPC012_MCF7_24H_H14_VU-0418933-1_10uM up	2fcdd14d-41c1-4dd1-9044-ddd741125adf	250	5.905217584741984e-05	0.025489589888778037	11.334	5	CPC012	MCF7	24H	H14	VU-0418933-1	10uM	up
CPC012_MCF7_6H_F10_antimycin-a_10uM up	7474b0d0-93a7-4d01-906a-0d4f5efde949	250	5.905217584741984e-05	0.025489589888778037	11.334	5	CPC012	MCF7	6H	F10	antimycin-a	10uM	up
CPC013_HCC515_6H_A13_belinostat_10uM down	f01b535f-7b33-4f79-b1ba-f16a85d3bbc1	250	5.905217584741984e-05	0.025489589888778037	11.334	5	CPC013	HCC515	6H	A13	belinostat	10uM	down
CPC017_ASC_24H_A03_geldanamycin_10uM down	a4d500c3-8954-4bdd-b48f-2d8320f0ebe7	250	5.905217584741984e-05	0.025489589888778037	11.334	5	CPC017	ASC	24H	A03	geldanamycin	10uM	down
CPC020_HT29_6H_A13_BRD-K04238564_10uM down	4eaec430-8b58-40e5-b96d-39f8f45b0fb9	250	5.905217584741984e-05	0.025489589888778037	11.334	5	CPC020	HT29	6H	A13	BRD-K04238564	10uM	down
CPC006_CL34_6H_B12_rosiglitazone_80uM up	671d58d7-e068-4ec3-8301-e830e78b3305	250	5.905217584741984e-05	0.025489589888778037	11.334	5	CPC006	CL34	6H	B12	rosiglitazone	80uM	up
DOS011_VCAP_6H_B19_BRD-K41916320_3.33uM up	10eae1f4-46b1-48b2-9340-d8f9d0b76ff0	250	5.905217584741984e-05	0.025489589888778037	11.334	5	DOS011	VCAP	6H	B19	BRD-K41916320	3.33uM	up
DOS041_A549_24H_N17_BRD-K00695053_4uM down	788d1c66-6f30-40d0-8d26-283881188473	250	5.905217584741984e-05	0.025489589888778037	11.334	5	DOS041	A549	24H	N17	BRD-K00695053	4uM	down
FIBR009_MCLF123SZ_6H_P03_teniposide_0.3uM down	bdffbccb-af89-47f0-83ca-a57c84508af9	250	5.905217584741984e-05	0.025489589888778037	11.334	5	FIBR009	MCLF123SZ	6H	P03	teniposide	0.3uM	down
FIBR013_MCLF162SZ_6H_I17_alprostadil_4uM down	2415b376-4420-4a5b-b934-c65d1054047f	250	5.905217584741984e-05	0.025489589888778037	11.334	5	FIBR013	MCLF162SZ	6H	I17	alprostadil	4uM	down
FIBR015_MCLF022CN_6H_E07_CAY-10618_4uM up	71853c64-4640-4638-b7e2-ef9f1321b79e	250	5.905217584741984e-05	0.025489589888778037	11.334	5	FIBR015	MCLF022CN	6H	E07	CAY-10618	4uM	up
CPC006_MCF7_6H_N02_DG-041_40uM up	94377909-1507-46d7-b5df-7726a2211488	250	5.905217584741984e-05	0.025489589888778037	11.334	5	CPC006	MCF7	6H	N02	DG-041	40uM	up
FIBR017_MCLF076SZ_6H_C02_BRD-A14233223_0.04uM up	849dc0a6-c2e7-4558-b0f3-bd1bbcb5f508	250	5.905217584741984e-05	0.025489589888778037	11.334	5	FIBR017	MCLF076SZ	6H	C02	BRD-A14233223	0.04uM	up
FIBR020_MCLF135CN_6H_E16_BRD-K34311178_40uM down	2e7f70d9-fc5a-49e7-8cb3-104c43c737b5	250	5.905217584741984e-05	0.025489589888778037	11.334	5	FIBR020	MCLF135CN	6H	E16	BRD-K34311178	40uM	down
FIBR040_MCLF056CN_6H_B17_TW-37_0.74uM up	aeb738a4-f8b2-401f-8dc9-0e1883b9b516	250	5.905217584741984e-05	0.025489589888778037	11.334	5	FIBR040	MCLF056CN	6H	B17	TW-37	0.74uM	up
LJP002_MDAMB231_24H_L20_pelitinib_0.08uM up	2d0ecda5-4972-47fe-84ea-94ced412cad5	250	5.905217584741984e-05	0.025489589888778037	11.334	5	LJP002	MDAMB231	24H	L20	pelitinib	0.08uM	up
LJP005_HA1E_24H_G20_AZD-8330_3.33uM up	f1519f1a-1c6e-4050-ae76-33182306eee5	250	5.905217584741984e-05	0.025489589888778037	11.334	5	LJP005	HA1E	24H	G20	AZD-8330	3.33uM	up
LJP005_MCF10A_3H_G22_AZD-8330_0.37uM down	c43f6be5-de28-422a-8cf8-eae8ad554af7	250	5.905217584741984e-05	0.025489589888778037	11.334	5	LJP005	MCF10A	3H	G22	AZD-8330	0.37uM	down
MOAR008_A204_24H_A23_daprodustat_3.33uM up	251818f7-5a38-4fba-a0b4-310323149166	250	5.905217584741984e-05	0.025489589888778037	11.334	5	MOAR008	A204	24H	A23	daprodustat	3.33uM	up
CPC012_HCC515_6H_C20_BRD-K03736784_10uM down	a85136cd-f192-4d16-b1cc-b9b30007bbad	250	5.905217584741984e-05	0.025489589888778037	11.334	5	CPC012	HCC515	6H	C20	BRD-K03736784	10uM	down
MOAR008_HEC1A_24H_E08_apafant_3.33uM down	4cd90cd3-7e5a-4953-86eb-f628b8770f52	250	5.905217584741984e-05	0.025489589888778037	11.334	5	MOAR008	HEC1A	24H	E08	apafant	3.33uM	down
MOAR011_HEC251_24H_P23_dimpylate_3.33uM down	665c4f42-adc9-496c-aa11-45f38017d00a	250	5.905217584741984e-05	0.025489589888778037	11.334	5	MOAR011	HEC251	24H	P23	dimpylate	3.33uM	down
MOAR011_OVTOKO_24H_C06_lisinopril_1.11uM down	9597f0c8-d355-4e73-abfa-dc250c318a7e	250	5.905217584741984e-05	0.025489589888778037	11.334	5	MOAR011	OVTOKO	24H	C06	lisinopril	1.11uM	down
MOAR011_T47D_24H_A10_diltiazem_10uM up	a50ceb76-fa21-4552-aea0-065da27242f0	250	5.905217584741984e-05	0.025489589888778037	11.334	5	MOAR011	T47D	24H	A10	diltiazem	10uM	up
MUC.CP003_NKDBA_24H_L12_SA-1459020_0.37uM down	b3828eb8-850b-4640-b8f8-91e4af3baf35	250	5.905217584741984e-05	0.025489589888778037	11.334	5	MUC.CP003	NKDBA	24H	L12	SA-1459020	0.37uM	down
NMH001_NEU_6H_M16_BRD-K96834847_10uM up	458658ec-bc5b-4575-8407-7686d9c524b1	250	5.905217584741984e-05	0.025489589888778037	11.334	5	NMH001	NEU	6H	M16	BRD-K96834847	10uM	up
PAC026_U2OS_6H_C14_BRD-K75961186_10uM down	4861f11d-98a3-433f-9c1c-32a241560189	250	5.905217584741984e-05	0.025489589888778037	11.334	5	PAC026	U2OS	6H	C14	BRD-K75961186	10uM	down
PAC047_U2OS_6H_I09_BRD-K65766198_10uM down	99a23153-e15d-4068-a17e-e59841d9d8ec	250	5.905217584741984e-05	0.025489589888778037	11.334	5	PAC047	U2OS	6H	I09	BRD-K65766198	10uM	down
PBIOA018_HEPG2_24H_H06_BRD-K54606188_0.04uM down	6edb54ee-7c99-47bf-a7cf-47b5e60f5498	250	5.905217584741984e-05	0.025489589888778037	11.334	5	PBIOA018	HEPG2	24H	H06	BRD-K54606188	0.04uM	down
PBIOA022_HA1E_24H_G13_geldanamycin_10uM down	becb5953-3cf9-40fc-8030-5c147137f5cf	250	5.905217584741984e-05	0.025489589888778037	11.334	5	PBIOA022	HA1E	24H	G13	geldanamycin	10uM	down
REP.A007_HA1E_24H_P01_PI-103_10uM up	6b9ba178-640a-4ad4-b35f-4e434bd23a75	250	5.905217584741984e-05	0.025489589888778037	11.334	5	REP.A007	HA1E	24H	P01	PI-103	10uM	up
REP.A009_HT29_24H_N11_adapalene_0.125uM down	031bd048-65f1-4ab9-b75c-8f2cac764e2b	250	5.905217584741984e-05	0.025489589888778037	11.334	5	REP.A009	HT29	24H	N11	adapalene	0.125uM	down
REP.B006_HT29_24H_K13_pantoprazole_2.22uM down	c63ff868-0ea9-401f-8304-e888a2a19d56	250	5.905217584741984e-05	0.025489589888778037	11.334	5	REP.B006	HT29	24H	K13	pantoprazole	2.22uM	down
REP.B009_YAPC_24H_H12_GDC-0834_0.01uM down	d3d52eb1-c7a5-4067-984d-ad566b52b9b7	250	5.905217584741984e-05	0.025489589888778037	11.334	5	REP.B009	YAPC	24H	H12	GDC-0834	0.01uM	down
REP.B016_MCF10A_24H_O17_etomidate_0.03uM up	6d9eff4d-c0a8-4903-9dcd-a2d4259633d9	250	5.905217584741984e-05	0.025489589888778037	11.334	5	REP.B016	MCF10A	24H	O17	etomidate	0.03uM	up
REP.B016_THP1_24H_K13_lorcaserin_2.22uM down	63af3dbe-cf1f-4f79-8b94-a2a50f9c78c3	250	5.905217584741984e-05	0.025489589888778037	11.334	5	REP.B016	THP1	24H	K13	lorcaserin	2.22uM	down
REP.B024_HA1E_24H_K03_tiabendazole_0.25uM up	df847e21-78df-4e31-a4cd-b4941b07e37c	250	5.905217584741984e-05	0.025489589888778037	11.334	5	REP.B024	HA1E	24H	K03	tiabendazole	0.25uM	up
REP.B028_JURKAT_24H_F14_hesperidin_0.74uM up	8fc82033-c6f9-4110-8b79-83db5b627b4b	250	5.905217584741984e-05	0.025489589888778037	11.334	5	REP.B028	JURKAT	24H	F14	hesperidin	0.74uM	up
REP.B028_MDAMB231_24H_I10_talazoparib_0.08uM up	4e36b443-99f8-4e10-ac0f-198be21caa07	250	5.905217584741984e-05	0.025489589888778037	11.334	5	REP.B028	MDAMB231	24H	I10	talazoparib	0.08uM	up
XPR022_U251MG.311_96H_K22_PTGFRN down	773c8619-08f7-4ed4-b0bf-fdd136aa388b	250	5.905217584741984e-05	0.025489589888778037	11.334	5	XPR022	U251MG.311	96H	K22	PTGFRN	N/A	down
XPR039_KELLY.311_96H_C09_PTPN12 down	0b27ada7-653b-4763-94f1-76c93b5df7c4	250	5.905217584741984e-05	0.025489589888778037	11.334	5	XPR039	KELLY.311	96H	C09	PTPN12	N/A	down
XPR042_SNGM.311_96H_O18_RELA down	6932ef2b-9111-4c4a-860a-2b915edc54d4	250	5.905217584741984e-05	0.025489589888778037	11.334	5	XPR042	SNGM.311	96H	O18	RELA	N/A	down
XPR043_U251MG.311_96H_O21_RPS17 up	d801c595-daea-4b84-a2ec-c2660e8af970	250	5.905217584741984e-05	0.025489589888778037	11.334	5	XPR043	U251MG.311	96H	O21	RPS17	N/A	up
AICHI001_TMD8_4H_M17_AZ-628_0.04uM down	a1f512bc-69df-479e-a63f-76a9d75ba35c	250	5.905217584741984e-05	0.025489589888778037	11.334	5	AICHI001	TMD8	4H	M17	AZ-628	0.04uM	down
ASG002_IM95_24H_I11_orciprenaline_1.11uM up	b8d2c615-c569-40cb-94dd-992c7e40cb9c	250	5.905217584741984e-05	0.025489589888778037	11.334	5	ASG002	IM95	24H	I11	orciprenaline	1.11uM	up
CPC003_HA1E_24H_O18_nefopam_10uM up	91d744dc-8bb9-453f-85dd-4f63111e28b6	250	5.905217584741984e-05	0.025489589888778037	11.334	5	CPC003	HA1E	24H	O18	nefopam	10uM	up
CPC006_HA1E_6H_O17_BRD-K08451418_10uM up	ffdeb70c-7ee2-46fa-8572-7c6d1a30570b	250	5.905217584741984e-05	0.025489589888778037	11.334	5	CPC006	HA1E	6H	O17	BRD-K08451418	10uM	up
CPC006_HT115_6H_F02_nutlin-3_40uM down	69080197-5c1a-4702-9b45-2ff5a1aa0529	250	5.905217584741984e-05	0.025489589888778037	11.334	5	CPC006	HT115	6H	F02	nutlin-3	40uM	down
CPC006_HT29_24H_L03_CCT-031374_10uM up	135f2935-1c3f-44b7-aa4e-47372ca159ac	250	5.905217584741984e-05	0.025489589888778037	11.334	5	CPC006	HT29	24H	L03	CCT-031374	10uM	up
CPC008_HCC515_6H_K19_VU-0410183-2_10uM up	96736f07-0d8f-482a-bf14-c3dea77ddd8a	250	5.905217584741984e-05	0.025489589888778037	11.334	5	CPC008	HCC515	6H	K19	VU-0410183-2	10uM	up
CPC006_VCAP_6H_E21_LY-2183240_10uM down	905d773f-34b0-457c-894f-9575d5ee7930	250	5.905217584741984e-05	0.025489589888778037	11.334	5	CPC006	VCAP	6H	E21	LY-2183240	10uM	down
CPC008_VCAP_6H_K17_BRD-K25536815_10uM down	a95ca4f1-b17b-420f-83ca-2ca62dbcec08	250	5.905217584741984e-05	0.025489589888778037	11.334	5	CPC008	VCAP	6H	K17	BRD-K25536815	10uM	down
CPC012_MCF7_6H_H09_BRD-K41652870_10uM up	aa3ea654-1b07-4906-8a7e-997b491852ec	250	5.905217584741984e-05	0.025489589888778037	11.334	5	CPC012	MCF7	6H	H09	BRD-K41652870	10uM	up
DOSBIO001_NPC_24H_L21_BRD-K63388446_10uM up	b9ed5d85-ddd3-423e-a229-421ebaa2c6be	250	5.905217584741984e-05	0.025489589888778037	11.334	5	DOSBIO001	NPC	24H	L21	BRD-K63388446	10uM	up
DOSVAL005_PC3_24H_L02_BRD-K73716473_10uM down	a4d925c8-7d4e-444b-8d90-52901daab9c7	250	5.905217584741984e-05	0.025489589888778037	11.334	5	DOSVAL005	PC3	24H	L02	BRD-K73716473	10uM	down
EMU001_OCILY19_24H_K04_BRD-K98039984_0.125uM down	9bf5c1f5-53eb-4e7d-807e-7439a07f7ac7	250	5.905217584741984e-05	0.025489589888778037	11.334	5	EMU001	OCILY19	24H	K04	BRD-K98039984	0.125uM	down
REP.B015_PC3_24H_A19_primaquine_2.22uM down	8682ba7e-3de4-45b4-a63e-61161f163fba	250	5.905217584741984e-05	0.025489589888778037	11.334	5	REP.B015	PC3	24H	A19	primaquine	2.22uM	down
CPC009_HEPG2_6H_F02_BRD-K74596421_10uM down	1e7e6979-5474-44af-b03b-63ebf91348e7	250	5.905217584741984e-05	0.025489589888778037	11.334	5	CPC009	HEPG2	6H	F02	BRD-K74596421	10uM	down
HDAC002_HA1E_6H_I24_panobinostat_10uM up	9c62a91e-5aaa-46d4-9218-191de48d5736	250	5.905217584741984e-05	0.025489589888778037	11.334	5	HDAC002	HA1E	6H	I24	panobinostat	10uM	up
HDAC002_MCF7_24H_G23_vorinostat_0.125uM down	9616932f-8dad-418d-a095-1681739f0ba9	250	5.905217584741984e-05	0.025489589888778037	11.334	5	HDAC002	MCF7	24H	G23	vorinostat	0.125uM	down
ISO002_HCT116.TP53.M_24H_J24_SB-590885_0.04uM up	1016736a-4e9f-4140-8292-4057855e71ec	250	5.905217584741984e-05	0.025489589888778037	11.334	5	ISO002	HCT116.TP53.M	24H	J24	SB-590885	0.04uM	up
ISO002_MCF10A.KRAS.HG_24H_J19_SB-590885_10uM up	1313a7a3-54a8-438a-a73d-b6d50bf9dc45	250	5.905217584741984e-05	0.025489589888778037	11.334	5	ISO002	MCF10A.KRAS.HG	24H	J19	SB-590885	10uM	up
LJP006_HS578T_3H_A09_AZD-8055_1.11uM down	b7bdb8aa-de69-4692-b39f-ed2d5c686123	250	5.905217584741984e-05	0.025489589888778037	11.334	5	LJP006	HS578T	3H	A09	AZD-8055	1.11uM	down
LJP006_MDAMB231_3H_H04_nintedanib_0.37uM down	c2f39a92-0a1c-4221-a758-774f7bb6d88a	250	5.905217584741984e-05	0.025489589888778037	11.334	5	LJP006	MDAMB231	3H	H04	nintedanib	0.37uM	down
LJP007_HA1E_24H_F05_PF-04217903_0.12uM up	1c47beed-4b90-4b88-90fd-c5dea194456d	250	5.905217584741984e-05	0.025489589888778037	11.334	5	LJP007	HA1E	24H	F05	PF-04217903	0.12uM	up
LJP008_NPC.CAS9_24H_C07_iniparib_10uM down	45649f23-6bba-4f33-b225-736a0f0b031b	250	5.905217584741984e-05	0.025489589888778037	11.334	5	LJP008	NPC.CAS9	24H	C07	iniparib	10uM	down
LKCP002_A549_24H_B10_tipifarnib_10uM up	14a6e9ff-e32a-4ba7-8259-9a28c9bc0c7b	250	5.905217584741984e-05	0.025489589888778037	11.334	5	LKCP002	A549	24H	B10	tipifarnib	10uM	up
MOAR008_MELHO_24H_N03_igmesine_1.11uM up	e842a5b8-2943-402e-bcc2-fb0d22b22982	250	5.905217584741984e-05	0.025489589888778037	11.334	5	MOAR008	MELHO	24H	N03	igmesine	1.11uM	up
MOAR008_NCIH838_24H_K09_pamidronate_1.11uM down	0c27396e-df9d-40d4-9e94-00ce070ba705	250	5.905217584741984e-05	0.025489589888778037	11.334	5	MOAR008	NCIH838	24H	K09	pamidronate	1.11uM	down
NMH001_NEU_6H_H02_kcl_0.12uM down	47bf5b74-0c46-4c72-b911-96ecf2f519e1	250	5.905217584741984e-05	0.025489589888778037	11.334	5	NMH001	NEU	6H	H02	kcl	0.12uM	down
PAC002_U2OS_6H_J15_alprostadil_10uM down	a211afe4-b077-4216-9e0f-ea72853bf182	250	5.905217584741984e-05	0.025489589888778037	11.334	5	PAC002	U2OS	6H	J15	alprostadil	10uM	down
PAC017_U2OS_6H_F13_BRD-K27373956_10uM down	0d3974f3-70d2-4290-8638-83e7b721374b	250	5.905217584741984e-05	0.025489589888778037	11.334	5	PAC017	U2OS	6H	F13	BRD-K27373956	10uM	down
PAC035_U2OS_6H_I17_BRD-K83935370_10uM up	3421ba6c-ffc8-4172-a83f-dafe4d4d6311	250	5.905217584741984e-05	0.025489589888778037	11.334	5	PAC035	U2OS	6H	I17	BRD-K83935370	10uM	up
CPC011_PC3_24H_A15_cotinine_10uM up	20c70ad3-e82e-4968-8bbc-f8c1d6d16942	250	5.905217584741984e-05	0.025489589888778037	11.334	5	CPC011	PC3	24H	A15	cotinine	10uM	up
PCLB002_HT29_24H_F21_geldanamycin_1.11uM down	a6951ec3-7334-4a7a-9286-b93059239b0c	250	5.905217584741984e-05	0.025489589888778037	11.334	5	PCLB002	HT29	24H	F21	geldanamycin	1.11uM	down
PCLB003_MCF7_24H_P07_tamoxifen_10uM up	a715fce1-48e6-42d0-a186-96fef6bd2c55	250	5.905217584741984e-05	0.025489589888778037	11.334	5	PCLB003	MCF7	24H	P07	tamoxifen	10uM	up
RAD001_MCF7_6H_C07_LY-294002_0.125uM down	f4a71f00-3c65-45e7-ad11-32f189b79450	250	5.905217584741984e-05	0.025489589888778037	11.334	5	RAD001	MCF7	6H	C07	LY-294002	0.125uM	down
REP.A001_MCF7_24H_H15_cyproheptadine_1.11uM down	2b8c9d90-d960-4be2-9ea8-dcf4297730d6	250	5.905217584741984e-05	0.025489589888778037	11.334	5	REP.A001	MCF7	24H	H15	cyproheptadine	1.11uM	down
REP.A001_MCF7_24H_J11_pyrazinamide_0.125uM up	e96ef7b0-40b6-45c1-8758-0cfb96433c64	250	5.905217584741984e-05	0.025489589888778037	11.334	5	REP.A001	MCF7	24H	J11	pyrazinamide	0.125uM	up
CPC014_NEU_24H_J17_oleoylethanolamide_10uM up	8df50a67-0674-48c4-9a5c-14c422c2ba3f	250	5.905217584741984e-05	0.025489589888778037	11.334	5	CPC014	NEU	24H	J17	oleoylethanolamide	10uM	up
REP.A014_PC3_24H_H22_paricalcitol_0.37uM up	df8c399b-9c32-480c-8d7c-882fc0257e60	250	5.905217584741984e-05	0.025489589888778037	11.334	5	REP.A014	PC3	24H	H22	paricalcitol	0.37uM	up
CPC012_A375_6H_I02_BRD-K62169556_10uM up	ba106fbf-d7cf-4eb2-869a-c92d3c815737	250	5.905217584741984e-05	0.025489589888778037	11.334	5	CPC012	A375	6H	I02	BRD-K62169556	10uM	up
REP.B010_A375_24H_E02_dapivirine_0.74uM up	c6892a1d-d273-4bf1-afa3-94c91eaa7225	250	5.905217584741984e-05	0.025489589888778037	11.334	5	REP.B010	A375	24H	E02	dapivirine	0.74uM	up
REP.B014_PC3_24H_E21_ritodrine_0.25uM up	4835cdf7-af0c-4216-94c6-5b8cbd389d5a	250	5.905217584741984e-05	0.025489589888778037	11.334	5	REP.B014	PC3	24H	E21	ritodrine	0.25uM	up
REP.B016_PC3_24H_P07_trehalose_2.22uM down	1ea4f049-efbc-440c-80e9-70776503e2c8	250	5.905217584741984e-05	0.025489589888778037	11.334	5	REP.B016	PC3	24H	P07	trehalose	2.22uM	down
XPR011_A375.311_96H_N23_AICDA down	b466d72b-35f5-46a2-8ed4-77e98b10786d	250	5.905217584741984e-05	0.025489589888778037	11.334	5	XPR011	A375.311	96H	N23	AICDA	N/A	down
XPR012_YAPC.311_96H_G02_ATP11B down	9b8484bd-e9e4-4f04-a029-c6f6e51c6468	250	5.905217584741984e-05	0.025489589888778037	11.334	5	XPR012	YAPC.311	96H	G02	ATP11B	N/A	down
XPR019_YAPC.311_96H_F22_LIMS1 down	15fa8994-0510-41d1-a7e7-867db5fa1bb0	250	5.905217584741984e-05	0.025489589888778037	11.334	5	XPR019	YAPC.311	96H	F22	LIMS1	N/A	down
XPR020_U251MG.311_96H_K07_MANBA down	4c59b19b-a2b3-4cc6-930b-291775e7bb38	250	5.905217584741984e-05	0.025489589888778037	11.334	5	XPR020	U251MG.311	96H	K07	MANBA	N/A	down
XPR023_YAPC.311_96H_M22_SLC5A6 down	43f2ca59-e694-411d-a9e9-fb479f91c073	250	5.905217584741984e-05	0.025489589888778037	11.334	5	XPR023	YAPC.311	96H	M22	SLC5A6	N/A	down
XPR030_AGS.311_96H_B11_KCNH7 down	a669a40b-55df-423d-bbbe-1c1518d88ded	250	5.905217584741984e-05	0.025489589888778037	11.334	5	XPR030	AGS.311	96H	B11	KCNH7	N/A	down
XPR032_BICR6.311_96H_N20_APRT down	93ff7140-7c0d-4f7c-8d71-4a320d328183	250	5.905217584741984e-05	0.025489589888778037	11.334	5	XPR032	BICR6.311	96H	N20	APRT	N/A	down
XPR033_MCF7.311_96H_C15_RGS4 up	637845be-73a8-4235-947e-73d2d28b14dc	250	5.905217584741984e-05	0.025489589888778037	11.334	5	XPR033	MCF7.311	96H	C15	RGS4	N/A	up
ASG003_U2OS_6H_N08_TW-37_0.74uM up	1eb443d5-c44e-4fa3-acf5-245080dcdf00	250	5.905217584741984e-05	0.025489589888778037	11.334	5	ASG003	U2OS	6H	N08	TW-37	0.74uM	up
CPC002_VCAP_24H_M15_metoclopramide_10uM down	b5b2a894-ec96-49ec-8954-686b989fa68a	250	5.905217584741984e-05	0.025489589888778037	11.334	5	CPC002	VCAP	24H	M15	metoclopramide	10uM	down
CPC004_HEPG2_6H_K19_icilin_10uM up	0bd8fb81-7ede-454d-8761-06fca50688f2	250	5.905217584741984e-05	0.025489589888778037	11.334	5	CPC004	HEPG2	6H	K19	icilin	10uM	up
CPC006_A375_6H_G05_oligomycin-a_10uM up	8d0cded3-4ff3-459b-b7e5-b3cf01bd3f21	250	5.905217584741984e-05	0.025489589888778037	11.334	5	CPC006	A375	6H	G05	oligomycin-a	10uM	up
CPC006_HCC515_24H_E11_BRD-K10882151_40uM down	a9fe9ce9-8538-4b16-8faf-41cb0bfca308	250	5.905217584741984e-05	0.025489589888778037	11.334	5	CPC006	HCC515	24H	E11	BRD-K10882151	40uM	down
CPC006_HEPG2_6H_N24_minoxidil_10uM down	29f22c99-0ef6-4bc8-b322-7c26ca06b37b	250	5.905217584741984e-05	0.025489589888778037	11.334	5	CPC006	HEPG2	6H	N24	minoxidil	10uM	down
CPC006_HT115_6H_N01_idarubicin_0.08uM down	6f7d1264-6671-4bd2-b8bb-99a78b32ee82	250	5.905217584741984e-05	0.025489589888778037	11.334	5	CPC006	HT115	6H	N01	idarubicin	0.08uM	down
CPC013_HA1E_6H_J10_BRD-K61175124_10uM up	22677691-5028-4e04-ab12-2fbb00c3c14c	250	5.905217584741984e-05	0.025489589888778037	11.334	5	CPC013	HA1E	6H	J10	BRD-K61175124	10uM	up
CPC011_VCAP_24H_O15_maprotiline_10uM up	355991f7-ea32-4b96-984f-7b97743f286b	250	5.905217584741984e-05	0.025489589888778037	11.334	5	CPC011	VCAP	24H	O15	maprotiline	10uM	up
CPC012_PC3_6H_D13_BRD-K87432599_10uM down	4826b52b-1314-4d61-afff-14a63b38f043	250	5.905217584741984e-05	0.025489589888778037	11.334	5	CPC012	PC3	6H	D13	BRD-K87432599	10uM	down
CPC012_PC3_6H_H08_BRD-K33392208_10uM down	9e194367-32a3-4ac1-9b5f-05562233265e	250	5.905217584741984e-05	0.025489589888778037	11.334	5	CPC012	PC3	6H	H08	BRD-K33392208	10uM	down
CPC012_SKB_24H_F21_VU-0410183-2_10uM up	2373af79-4e05-4259-aa0c-47016cf65bce	250	5.905217584741984e-05	0.025489589888778037	11.334	5	CPC012	SKB	24H	F21	VU-0410183-2	10uM	up
CPC012_VCAP_6H_P04_SPB02303_10uM up	5f8591ac-71a0-4b1f-b434-7f9aaf85ab08	250	5.905217584741984e-05	0.025489589888778037	11.334	5	CPC012	VCAP	6H	P04	SPB02303	10uM	up
CPC014_A549_24H_M13_KM-00927_10uM down	cff8396f-245c-4a94-bbd9-dc72bc02202a	250	5.905217584741984e-05	0.025489589888778037	11.334	5	CPC014	A549	24H	M13	KM-00927	10uM	down
CPC014_ASC_24H_H09_BRD-K41170226_10uM down	882331eb-a50e-40df-a3ad-ea549a34ca54	250	5.905217584741984e-05	0.025489589888778037	11.334	5	CPC014	ASC	24H	H09	BRD-K41170226	10uM	down
CPC017_HEPG2_6H_C01_FCCP_10uM up	918bf979-daa5-4e29-aa53-dd9916a19735	250	5.905217584741984e-05	0.025489589888778037	11.334	5	CPC017	HEPG2	6H	C01	FCCP	10uM	up
CPC017_NPC_24H_N04_SB-225002_10uM up	29013b23-e935-42bb-8782-637a4f55a88c	250	5.905217584741984e-05	0.025489589888778037	11.334	5	CPC017	NPC	24H	N04	SB-225002	10uM	up
CPC019_HT29_6H_C24_BRD-K67519589_10uM down	95463df1-9320-4624-ba29-5a60a8e287ed	250	5.905217584741984e-05	0.025489589888778037	11.334	5	CPC019	HT29	6H	C24	BRD-K67519589	10uM	down
CRCGN010_HEPG2_24H_F24_furfural_1.25uM up	403a4a49-20fa-474b-85fd-40427da5f220	250	5.905217584741984e-05	0.025489589888778037	11.334	5	CRCGN010	HEPG2	24H	F24	furfural	1.25uM	up
CRCGN017_MCF10A.TP53.M_24H_J17_BRD-K39893946_30uM up	a175bbb1-29ae-4cda-b731-947888a507b1	250	5.905217584741984e-05	0.025489589888778037	11.334	5	CRCGN017	MCF10A.TP53.M	24H	J17	BRD-K39893946	30uM	up
DOS008_VCAP_6H_F14_BRD-K32992890_4uM up	11361c0d-f124-4d9e-a06c-4bf48febe762	250	5.905217584741984e-05	0.025489589888778037	11.334	5	DOS008	VCAP	6H	F14	BRD-K32992890	4uM	up
DOSBIO001_HT29_24H_H07_BRD-K03006541_10uM up	d7f5c6a4-ead0-4eec-8cf8-9fc08fe1adeb	250	5.905217584741984e-05	0.025489589888778037	11.334	5	DOSBIO001	HT29	24H	H07	BRD-K03006541	10uM	up
DOSVAL001_MCF7_24H_J19_BRD-K06188599_10uM up	600872ac-0cdd-4bda-a077-d3abd48ed684	250	5.905217584741984e-05	0.025489589888778037	11.334	5	DOSVAL001	MCF7	24H	J19	BRD-K06188599	10uM	up
DOSVAL002_HT29_24H_L16_BRD-K16257584_20uM up	82d2a44f-3022-4385-a4bb-edd7d213db7f	250	5.905217584741984e-05	0.025489589888778037	11.334	5	DOSVAL002	HT29	24H	L16	BRD-K16257584	20uM	up
DOSVAL004_MCF7_24H_L10_BRD-K50266413_20uM up	4881746a-c4de-4166-9b54-a5ecc0251223	250	5.905217584741984e-05	0.025489589888778037	11.334	5	DOSVAL004	MCF7	24H	L10	BRD-K50266413	20uM	up
ENR001_MCF7_24H_H20_sodium-butyrate_3.33uM down	c1dc67e3-e5e3-4fd8-be07-c32e478e04f2	250	5.905217584741984e-05	0.025489589888778037	11.334	5	ENR001	MCF7	24H	H20	sodium-butyrate	3.33uM	down
ERG003_VCAP_6H_B07_benzbromarone_10uM down	612491fb-0aab-4611-a0d5-2cdfa722c3f3	250	5.905217584741984e-05	0.025489589888778037	11.334	5	ERG003	VCAP	6H	B07	benzbromarone	10uM	down
ERG012_PC3_6H_A11_BRD-K68211814_10uM up	1bcc8d8a-094f-403c-884b-482452e839c8	250	5.905217584741984e-05	0.025489589888778037	11.334	5	ERG012	PC3	6H	A11	BRD-K68211814	10uM	up
ERG014_PC3_24H_E05_fulvestrant_10uM up	d9088701-5b70-4997-a22c-83dbe8847a79	250	5.905217584741984e-05	0.025489589888778037	11.334	5	ERG014	PC3	24H	E05	fulvestrant	10uM	up
ERG015_PC3_6H_F02_BRD-K81646882_10uM up	102592ba-72c8-4e8e-a663-2bcc81de133c	250	5.905217584741984e-05	0.025489589888778037	11.334	5	ERG015	PC3	6H	F02	BRD-K81646882	10uM	up
CPC015_ASC_24H_F19_naltrexone_10uM up	b8d2e64e-c794-4587-9ebd-6c80b395e0cf	250	5.905217584741984e-05	0.025489589888778037	11.334	5	CPC015	ASC	24H	F19	naltrexone	10uM	up
CPC017_A549_6H_N12_vinpocetine_10uM up	3debce36-ea85-4da4-a905-2f6d837e4d91	250	5.905217584741984e-05	0.025489589888778037	11.334	5	CPC017	A549	6H	N12	vinpocetine	10uM	up
FIBR039_MCLF056CN_6H_F03_resveratrol_8uM up	43833064-53c6-4c7c-8082-77fa2d5efee8	250	5.905217584741984e-05	0.025489589888778037	11.334	5	FIBR039	MCLF056CN	6H	F03	resveratrol	8uM	up
FIBR042_MCLF0067SZ_6H_E14_D-4476_20uM up	1e77e4df-a754-4c39-bf1f-f8dfbfe17ee5	250	5.905217584741984e-05	0.025489589888778037	11.334	5	FIBR042	MCLF0067SZ	6H	E14	D-4476	20uM	up
GMB001_HT29_24H_A20_BRD-A20106178_0.37uM down	ffeec9b0-6500-4fb6-8f33-a9b90a7bafd4	250	5.905217584741984e-05	0.025489589888778037	11.334	5	GMB001	HT29	24H	A20	BRD-A20106178	0.37uM	down
ISO001_MCF10A.WTHP_24H_D04_doxorubicin_0.37uM down	6213eff3-c778-417d-8557-7f6ac72ec0c4	250	5.905217584741984e-05	0.025489589888778037	11.334	5	ISO001	MCF10A.WTHP	24H	D04	doxorubicin	0.37uM	down
LJP002_HS578T_24H_E14_SGX-523_2.22uM down	95d72f43-513d-4308-8144-74394729ee2c	250	5.905217584741984e-05	0.025489589888778037	11.334	5	LJP002	HS578T	24H	E14	SGX-523	2.22uM	down
LJP006_HA1E_24H_I12_PD-173074_0.04uM up	42615204-cf7f-4a05-b8f8-8fb92db7d565	250	5.905217584741984e-05	0.025489589888778037	11.334	5	LJP006	HA1E	24H	I12	PD-173074	0.04uM	up
LJP007_MCF7_24H_N12_BGT-226_0.04uM down	63985362-d0a6-49b6-8b6f-449aa9b66a8f	250	5.905217584741984e-05	0.025489589888778037	11.334	5	LJP007	MCF7	24H	N12	BGT-226	0.04uM	down
LJP007_MDAMB231_24H_G16_dasatinib_0.37uM up	df05d3d9-04b5-49c9-8f5c-3c2bf7442b26	250	5.905217584741984e-05	0.025489589888778037	11.334	5	LJP007	MDAMB231	24H	G16	dasatinib	0.37uM	up
LJP008_HELA_24H_C09_iniparib_1.11uM up	1aadeb4c-f361-4c05-85a1-34780192aef6	250	5.905217584741984e-05	0.025489589888778037	11.334	5	LJP008	HELA	24H	C09	iniparib	1.11uM	up
LJP008_HUVEC.A_24H_K05_I-BET-151_0.12uM down	be6d6e3d-c139-46ae-9ca4-d835cb05a5bb	250	5.905217584741984e-05	0.025489589888778037	11.334	5	LJP008	HUVEC.A	24H	K05	I-BET-151	0.12uM	down
LJP009_NPC_24H_C17_QL-XI-92_0.12uM up	8fc34052-8c9a-4305-b61f-01615731b87f	250	5.905217584741984e-05	0.025489589888778037	11.334	5	LJP009	NPC	24H	C17	QL-XI-92	0.12uM	up
LKCP002_MCF7_24H_G07_pacritinib_10uM up	fabbe43f-a85c-4f55-914c-5f62838b9fec	250	5.905217584741984e-05	0.025489589888778037	11.334	5	LKCP002	MCF7	24H	G07	pacritinib	10uM	up
MOAR004_PC3_24H_M06_CGH-2466_1.11uM down	ad3474dd-826b-47bd-a0af-5421d686774f	250	5.905217584741984e-05	0.025489589888778037	11.334	5	MOAR004	PC3	24H	M06	CGH-2466	1.11uM	down
MOAR009_A204_24H_I14_AZD-6765_3.33uM down	cd0ecd23-62a2-479e-a9a8-5e719262f8c1	250	5.905217584741984e-05	0.025489589888778037	11.334	5	MOAR009	A204	24H	I14	AZD-6765	3.33uM	down
MOAR011_A204_24H_B06_GP-2a_1.11uM down	3a61c35b-d3b5-4882-b48a-15e5ce3821ca	250	5.905217584741984e-05	0.025489589888778037	11.334	5	MOAR011	A204	24H	B06	GP-2a	1.11uM	down
MUC.CP002_MCF7_24H_O08_SA-1939838_3.33uM down	74db33a9-3030-45a9-82ae-8146a40429cb	250	5.905217584741984e-05	0.025489589888778037	11.334	5	MUC.CP002	MCF7	24H	O08	SA-1939838	3.33uM	down
NMH002_NPC_24H_N17_etoposide_10uM up	d8e148e8-b2f8-4aed-b5f4-f730d6991e5e	250	5.905217584741984e-05	0.025489589888778037	11.334	5	NMH002	NPC	24H	N17	etoposide	10uM	up
NMH002_NPC_6H_D21_fluspirilene_10uM up	05d61117-d41b-4e7d-8406-63786abafac7	250	5.905217584741984e-05	0.025489589888778037	11.334	5	NMH002	NPC	6H	D21	fluspirilene	10uM	up
PAC007_U2OS_6H_L13_BRD-K53168433_10uM down	36951943-f3cc-4cff-8963-0426f63e420f	250	5.905217584741984e-05	0.025489589888778037	11.334	5	PAC007	U2OS	6H	L13	BRD-K53168433	10uM	down
PAC016_U2OS_6H_D20_BRD-K44430448_10uM down	b03267af-36fd-4fca-a63b-b1bc486ef6dc	250	5.905217584741984e-05	0.025489589888778037	11.334	5	PAC016	U2OS	6H	D20	BRD-K44430448	10uM	down
PAC016_U2OS_6H_I18_BRD-K49673270_10uM down	cf8f8fef-8097-4ace-9df1-b1e434b47be4	250	5.905217584741984e-05	0.025489589888778037	11.334	5	PAC016	U2OS	6H	I18	BRD-K49673270	10uM	down
PBIOA005_XC.R10_24H_N10_fludarabine-phosphate_10uM up	cf69cb61-fd43-496a-8a53-d743eb4d5e25	250	5.905217584741984e-05	0.025489589888778037	11.334	5	PBIOA005	XC.R10	24H	N10	fludarabine-phosphate	10uM	up
PBIOA013_A375_24H_J23_BRD-K06723172_0.125uM down	01a7d9ea-64c2-4341-8e92-5057e61870e5	250	5.905217584741984e-05	0.025489589888778037	11.334	5	PBIOA013	A375	24H	J23	BRD-K06723172	0.125uM	down
PBIOA019_PC3_24H_M18_AC-55649_0.04uM up	dfd90bf8-f11f-4b40-bd93-942b8450843a	250	5.905217584741984e-05	0.025489589888778037	11.334	5	PBIOA019	PC3	24H	M18	AC-55649	0.04uM	up
PBIOA020_PC3_24H_O21_KHS-101_1.11uM up	923110a7-8c03-4f7e-93ac-917459ae59f1	250	5.905217584741984e-05	0.025489589888778037	11.334	5	PBIOA020	PC3	24H	O21	KHS-101	1.11uM	up
PCLB001_HEPG2_6H_D08_KUC111109N_0.37uM down	1fc0ff32-d222-4d8a-a8ac-ec52b6fabb7a	250	5.905217584741984e-05	0.025489589888778037	11.334	5	PCLB001	HEPG2	6H	D08	KUC111109N	0.37uM	down
PCLB003_MCF7_24H_E10_BRD-K47503321_0.37uM down	c533bf09-bffe-4d38-aa59-f717c25cd27e	250	5.905217584741984e-05	0.025489589888778037	11.334	5	PCLB003	MCF7	24H	E10	BRD-K47503321	0.37uM	down
PRISM001_PC3_6H_E03_tozasertib_10uM down	dadbb41c-5e4a-43cd-b7dd-283a7d6f67f1	250	5.905217584741984e-05	0.025489589888778037	11.334	5	PRISM001	PC3	6H	E03	tozasertib	10uM	down
RAD001_A549_6H_G04_alpha-tocopherol_3.33uM down	2a7f8d6d-85c3-4f54-9ba6-ba64227ef32c	250	5.905217584741984e-05	0.025489589888778037	11.334	5	RAD001	A549	6H	G04	alpha-tocopherol	3.33uM	down
REP.A005_PC3_24H_A19_I-BET-762_10uM down	914759db-e575-4a8f-89c9-c0da66151a9b	250	5.905217584741984e-05	0.025489589888778037	11.334	5	REP.A005	PC3	24H	A19	I-BET-762	10uM	down
REP.A011_MCF7_24H_J21_cabazitaxel_1.11uM down	76b65874-d274-44fc-86e8-85ca867da50b	250	5.905217584741984e-05	0.025489589888778037	11.334	5	REP.A011	MCF7	24H	J21	cabazitaxel	1.11uM	down
REP.A012_PC3_24H_K09_MG-132_20uM up	9c817e6c-89e0-4459-9bad-a6ef1a8f7d7d	250	5.905217584741984e-05	0.025489589888778037	11.334	5	REP.A012	PC3	24H	K09	MG-132	20uM	up
REP.A018_JURKAT_24H_E04_epinephrine_0.37uM down	dffc57a6-6abc-42d0-b1cd-9f13d0d46683	250	5.905217584741984e-05	0.025489589888778037	11.334	5	REP.A018	JURKAT	24H	E04	epinephrine	0.37uM	down
REP.A018_JURKAT_24H_L04_EMD-53998_0.37uM down	7aab07a6-c765-4012-8a59-72808eb10f2a	250	5.905217584741984e-05	0.025489589888778037	11.334	5	REP.A018	JURKAT	24H	L04	EMD-53998	0.37uM	down
REP.A023_HT29_24H_D11_amsacrine_0.125uM down	6df9f7b0-8646-476e-bf46-5876f736f69b	250	5.905217584741984e-05	0.025489589888778037	11.334	5	REP.A023	HT29	24H	D11	amsacrine	0.125uM	down
REP.A025_JURKAT_24H_F19_noscapine_10uM up	9f8747c8-f229-482b-933e-27576bd1c770	250	5.905217584741984e-05	0.025489589888778037	11.334	5	REP.A025	JURKAT	24H	F19	noscapine	10uM	up
REP.B002_HELA_24H_M23_phensuximide_0.03uM up	3c711b1f-eaee-40f7-b67f-716940e8a1f5	250	5.905217584741984e-05	0.025489589888778037	11.334	5	REP.B002	HELA	24H	M23	phensuximide	0.03uM	up
REP.B008_A375_24H_H15_YM-155_0.25uM up	6faafcda-6d34-4707-bb11-2ffa2c7e3f46	250	5.905217584741984e-05	0.025489589888778037	11.334	5	REP.B008	A375	24H	H15	YM-155	0.25uM	up
REP.B008_MCF10A_24H_N04_benzotript_0.08uM up	8f5a9c25-8a05-4e5d-8600-0330bd026627	250	5.905217584741984e-05	0.025489589888778037	11.334	5	REP.B008	MCF10A	24H	N04	benzotript	0.08uM	up
REP.B009_HT29_24H_F19_KX-2391_2.22uM down	8ce21165-cfde-4aaf-90aa-68902c6c9680	250	5.905217584741984e-05	0.025489589888778037	11.334	5	REP.B009	HT29	24H	F19	KX-2391	2.22uM	down
REP.B014_MDAMB231_24H_O20_BRD-K41708980_0.74uM up	180d48f3-23f0-46d7-a827-3052e9849a52	250	5.905217584741984e-05	0.025489589888778037	11.334	5	REP.B014	MDAMB231	24H	O20	BRD-K41708980	0.74uM	up
REP.B024_HELA_24H_P10_cyclizine_0.08uM down	498de053-431c-4a51-ae91-7595f7ec7e5f	250	5.905217584741984e-05	0.025489589888778037	11.334	5	REP.B024	HELA	24H	P10	cyclizine	0.08uM	down
REP.B025_MDAMB231_24H_I18_rimantadine_0.01uM up	70c203bd-de98-4a9a-b9c1-1458eacb7cda	250	5.905217584741984e-05	0.025489589888778037	11.334	5	REP.B025	MDAMB231	24H	I18	rimantadine	0.01uM	up
XPR010_ES2.311_96H_C23_ARFGAP1 up	2f794704-d5e8-4bd4-b469-a96f5aa1a6d2	250	5.905217584741984e-05	0.025489589888778037	11.334	5	XPR010	ES2.311	96H	C23	ARFGAP1	N/A	up
XPR020_ES2.311_96H_E03_LYAR down	c02e2ee2-9f74-4de7-ba16-ab73aae6105c	250	5.905217584741984e-05	0.025489589888778037	11.334	5	XPR020	ES2.311	96H	E03	LYAR	N/A	down
FIBR001_MCLF117SZ_6H_K14_BRD-A24054354_4uM up	bb5af18f-3e02-4b78-96d2-47863e6fac97	250	5.905217584741984e-05	0.025489589888778037	11.334	5	FIBR001	MCLF117SZ	6H	K14	BRD-A24054354	4uM	up
XPR025_PC3.311B_96H_O19_SRGN down	77b7b338-1a46-484e-a9cc-0a923a5afdfa	250	5.905217584741984e-05	0.025489589888778037	11.334	5	XPR025	PC3.311B	96H	O19	SRGN	N/A	down
XPR026_U251MG.311_96H_J23_TRIM29 up	de13db40-f1c1-43ad-b554-0f0376d7d33a	250	5.905217584741984e-05	0.025489589888778037	11.334	5	XPR026	U251MG.311	96H	J23	TRIM29	N/A	up
XPR029_PC3.311B_96H_M20_RETSAT down	ef4eae2d-01a6-495d-8959-a74defad5562	250	5.905217584741984e-05	0.025489589888778037	11.334	5	XPR029	PC3.311B	96H	M20	RETSAT	N/A	down
XPR033_MCF7.311_96H_P21_PADI3 down	94ce0276-6caf-4b0f-b674-f45f7e802d7e	250	5.905217584741984e-05	0.025489589888778037	11.334	5	XPR033	MCF7.311	96H	P21	PADI3	N/A	down
XPR040_KYSE30.311_96H_H10_NPC1 up	877c8188-4d4b-4ac9-b837-306c0e91650f	250	5.905217584741984e-05	0.025489589888778037	11.334	5	XPR040	KYSE30.311	96H	H10	NPC1	N/A	up
ASG002_OC316_24H_L01_PHA-793887_10uM down	6f6cdbf4-58a2-4206-b1df-c2f496326e79	250	5.905217584741984e-05	0.025489589888778037	11.334	5	ASG002	OC316	24H	L01	PHA-793887	10uM	down
CPC001_HCC515_6H_H22_BRD-K12244279_10uM up	40fb8836-037c-405e-800e-cb75d6055396	250	5.905217584741984e-05	0.025489589888778037	11.334	5	CPC001	HCC515	6H	H22	BRD-K12244279	10uM	up
CPC002_HA1E_24H_H05_PP-2_10uM down	fb347b84-ceb2-4e20-862b-d10e58a2455a	250	5.905217584741984e-05	0.025489589888778037	11.334	5	CPC002	HA1E	24H	H05	PP-2	10uM	down
CPC006_HA1E_24H_K12_BRD-K31342827_12uM down	a557dd5e-8e60-4f5c-9db6-53b761172748	250	5.905217584741984e-05	0.025489589888778037	11.334	5	CPC006	HA1E	24H	K12	BRD-K31342827	12uM	down
CPC015_A549_24H_M07_pantoprazole_10uM down	0c5a54b2-6449-4d23-a204-e0100881ff77	250	5.905217584741984e-05	0.025489589888778037	11.334	5	CPC015	A549	24H	M07	pantoprazole	10uM	down
CPC008_A375_24H_L23_VU-0418939-2_10uM up	3d653eb0-e5b1-4e84-80d2-e875d5454c45	250	5.905217584741984e-05	0.025489589888778037	11.334	5	CPC008	A375	24H	L23	VU-0418939-2	10uM	up
CPC008_PC3_6H_F03_BRD-K91600270_10uM down	51ceca87-81c9-4868-af86-1b4d76a50697	250	5.905217584741984e-05	0.025489589888778037	11.334	5	CPC008	PC3	6H	F03	BRD-K91600270	10uM	down
CPC011_MCF7_24H_B12_ticlopidine_10uM down	abdf91c5-3b8a-4a3a-bd65-5164cda3fe07	250	5.905217584741984e-05	0.025489589888778037	11.334	5	CPC011	MCF7	24H	B12	ticlopidine	10uM	down
CPC014_PC3_24H_P09_apigenin_10uM up	9fa6ae3b-45cf-4753-b5c5-fb0a2e0255a9	250	5.905217584741984e-05	0.025489589888778037	11.334	5	CPC014	PC3	24H	P09	apigenin	10uM	up
CPC015_A375_6H_K14_azaperone_10uM up	7b2b94a6-15d9-4563-8996-2fef0db4667f	250	5.905217584741984e-05	0.025489589888778037	11.334	5	CPC015	A375	6H	K14	azaperone	10uM	up
CPD002_PC3_24H_O20_BP-897_10uM down	7d1492f1-9a45-49ef-a3fe-3572637eb5fc	250	5.905217584741984e-05	0.025489589888778037	11.334	5	CPD002	PC3	24H	O20	BP-897	10uM	down
DOS012_VCAP_24H_H01_BRD-K60019754_4uM up	835d0b93-ca93-45cb-a092-464541a0f230	250	5.905217584741984e-05	0.025489589888778037	11.334	5	DOS012	VCAP	24H	H01	BRD-K60019754	4uM	up
FIBR023_MCLF126CN_6H_E21_endo-IWR-1_4uM down	a377fe3d-de05-41f5-9466-1250ed697e9e	250	5.905217584741984e-05	0.025489589888778037	11.334	5	FIBR023	MCLF126CN	6H	E21	endo-IWR-1	4uM	down
EMU001_BJAB_3H_I18_masitinib_0.01uM down	f62858ee-e666-4591-97b5-3c37b3beae34	250	5.905217584741984e-05	0.025489589888778037	11.334	5	EMU001	BJAB	3H	I18	masitinib	0.01uM	down
ERG010_VCAP_6H_H24_BRD-K67433402_10uM down	50f08954-8d42-4ff7-b5aa-f2d3aa1953f6	250	5.905217584741984e-05	0.025489589888778037	11.334	5	ERG010	VCAP	6H	H24	BRD-K67433402	10uM	down
FIBR034_MCLF100SZ_6H_F12_cyanoquinoline-11_4uM up	30477502-a704-4a13-9834-9937a537efeb	250	5.905217584741984e-05	0.025489589888778037	11.334	5	FIBR034	MCLF100SZ	6H	F12	cyanoquinoline-11	4uM	up
FIBR015_MCLF022CN_6H_I14_PAC-1_25uM up	4362d890-39f1-4447-8899-ae8036adf995	250	5.905217584741984e-05	0.025489589888778037	11.334	5	FIBR015	MCLF022CN	6H	I14	PAC-1	25uM	up
FIBR037_MCLF035SZ_6H_J08_tubacin_4uM up	4aab94c9-4803-4c03-9acb-73a78d9248f3	250	5.905217584741984e-05	0.025489589888778037	11.334	5	FIBR037	MCLF035SZ	6H	J08	tubacin	4uM	up
HOG002_MCF7_24H_J09_teniposide_0.01uM down	79227478-9ca9-4fcd-a9df-ec19c055494d	250	5.905217584741984e-05	0.025489589888778037	11.334	5	HOG002	MCF7	24H	J09	teniposide	0.01uM	down
ISO002_HCT116.WT_24H_I01_BU-224_10uM up	f6587a01-3cd1-4324-84d6-ab1c9a9a26a8	250	5.905217584741984e-05	0.025489589888778037	11.334	5	ISO002	HCT116.WT	24H	I01	BU-224	10uM	up
KMS002_THP1_24H_B14_TUL_XX087_10uM up	d90cb211-f228-4cee-b1cf-cbd93080342e	250	5.905217584741984e-05	0.025489589888778037	11.334	5	KMS002	THP1	24H	B14	TUL	XX087_10uM	up
LCP001_MCF10A.WT_3H_E02_dovitinib_3.33uM up	c59c7e21-655c-46df-b0f2-899e4c50572a	250	5.905217584741984e-05	0.025489589888778037	11.334	5	LCP001	MCF10A.WT	3H	E02	dovitinib	3.33uM	up
LJP006_BT20_3H_L01_AZD-7762_10uM down	a8dd9e7d-05aa-4251-862f-d39ccca740bd	250	5.905217584741984e-05	0.025489589888778037	11.334	5	LJP006	BT20	3H	L01	AZD-7762	10uM	down
LJP006_LNCAP_3H_I19_A-443654_10uM down	5d99f8a8-96d1-4045-b6e8-3286742e2832	250	5.905217584741984e-05	0.025489589888778037	11.334	5	LJP006	LNCAP	3H	I19	A-443654	10uM	down
LJP006_MCF10A_3H_D20_GDC-0941_3.33uM up	aa03fda9-0843-4216-8717-15f415cf26ab	250	5.905217584741984e-05	0.025489589888778037	11.334	5	LJP006	MCF10A	3H	D20	GDC-0941	3.33uM	up
LJP009_ASC.C_24H_J24_A-769662_0.04uM down	df29c78b-c130-4f57-a40d-57a9f96e38b3	250	5.905217584741984e-05	0.025489589888778037	11.334	5	LJP009	ASC.C	24H	J24	A-769662	0.04uM	down
LJP009_NPC_24H_C01_JWE-035_10uM down	a8a81ae3-3b92-4d38-8743-fff5ea7ed77a	250	5.905217584741984e-05	0.025489589888778037	11.334	5	LJP009	NPC	24H	C01	JWE-035	10uM	down
LKCP001_A549_24H_J07_delanzomib_10uM up	31d09ebe-489e-41bf-bf67-59033b12ba8a	250	5.905217584741984e-05	0.025489589888778037	11.334	5	LKCP001	A549	24H	J07	delanzomib	10uM	up
LKCP001_U2OS_24H_F09_ercalcitriol_0.12uM down	6ddffe6c-49e0-49c2-8f0a-95f095711344	250	5.905217584741984e-05	0.025489589888778037	11.334	5	LKCP001	U2OS	24H	F09	ercalcitriol	0.12uM	down
MOAR005_PC3_24H_P22_doxycycline_10uM down	8c08f95c-3c2b-4468-a9b2-8857407a08f4	250	5.905217584741984e-05	0.025489589888778037	11.334	5	MOAR005	PC3	24H	P22	doxycycline	10uM	down
MOAR011_NCIH1573_24H_A24_abiraterone_1.11uM down	a79601d0-7d18-433d-a350-df770167ed79	250	5.905217584741984e-05	0.025489589888778037	11.334	5	MOAR011	NCIH1573	24H	A24	abiraterone	1.11uM	down
MOAR011_NCIH838_24H_A20_BRD-K24048528_3.33uM up	5502d83b-cf30-4084-9612-c5fdab50eb19	250	5.905217584741984e-05	0.025489589888778037	11.334	5	MOAR011	NCIH838	24H	A20	BRD-K24048528	3.33uM	up
MOAR012_A204_24H_J13_piceatannol_10uM down	5d312d75-e088-484e-8806-d02808178df8	250	5.905217584741984e-05	0.025489589888778037	11.334	5	MOAR012	A204	24H	J13	piceatannol	10uM	down
FIBR041_MCLF0067SZ_6H_D19_CT-200783_2.22uM down	6e8bd461-d8cf-4127-881b-eff8f244d328	250	5.905217584741984e-05	0.025489589888778037	11.334	5	FIBR041	MCLF0067SZ	6H	D19	CT-200783	2.22uM	down
PAC051_U2OS_6H_A21_BRD-K37766746_10uM up	fc8f2925-28c2-49ac-a171-d627190c96f7	250	5.905217584741984e-05	0.025489589888778037	11.334	5	PAC051	U2OS	6H	A21	BRD-K37766746	10uM	up
PBIOA009_XC.R10_24H_C09_BRD-K32186766_1.11uM up	4ee363b5-6d88-48e4-9051-5ba87bf49323	250	5.905217584741984e-05	0.025489589888778037	11.334	5	PBIOA009	XC.R10	24H	C09	BRD-K32186766	1.11uM	up
PBIOA018_PC3_24H_D08_BRD-K89182571_3.33uM down	4bce8871-ad55-4f68-a850-7ae6d0cc198c	250	5.905217584741984e-05	0.025489589888778037	11.334	5	PBIOA018	PC3	24H	D08	BRD-K89182571	3.33uM	down
REP.A005_HA1E_24H_K22_tolcapone_0.37uM up	036e525e-6428-4794-92ec-ec9b560c2cc2	250	5.905217584741984e-05	0.025489589888778037	11.334	5	REP.A005	HA1E	24H	K22	tolcapone	0.37uM	up
REP.A006_HA1E_24H_E05_vernakalant_0.125uM up	e2d86251-ca9a-438d-9f60-0effa22014dd	250	5.905217584741984e-05	0.025489589888778037	11.334	5	REP.A006	HA1E	24H	E05	vernakalant	0.125uM	up
REP.A013_HEK293_24H_P10_BRD-K43966364_0.37uM down	2c1c9011-6784-44a0-9f93-898adb051139	250	5.905217584741984e-05	0.025489589888778037	11.334	5	REP.A013	HEK293	24H	P10	BRD-K43966364	0.37uM	down
REP.A014_HUVEC.A_24H_M06_AZD-8330_0.04uM down	66e94626-f253-4e6e-8609-337562fd23f0	250	5.905217584741984e-05	0.025489589888778037	11.334	5	REP.A014	HUVEC.A	24H	M06	AZD-8330	0.04uM	down
REP.B003_YAPC_24H_P08_dolutegravir_0.74uM down	1e5de127-8772-425d-9744-920b7b0a5024	250	5.905217584741984e-05	0.025489589888778037	11.334	5	REP.B003	YAPC	24H	P08	dolutegravir	0.74uM	down
REP.B010_HEK293_24H_E11_YM-976_0.03uM down	d827303c-d6ee-4e2d-b58a-f17ba26d58c4	250	5.905217584741984e-05	0.025489589888778037	11.334	5	REP.B010	HEK293	24H	E11	YM-976	0.03uM	down
REP.B011_HELA_24H_N02_cinnarizine_0.74uM down	0a2067c0-9497-4940-99ca-f944920c404d	250	5.905217584741984e-05	0.025489589888778037	11.334	5	REP.B011	HELA	24H	N02	cinnarizine	0.74uM	down
REP.B016_THP1_24H_I12_vortioxetine_0.01uM down	793aa57b-5304-4d83-ab4f-7ce127f3f488	250	5.905217584741984e-05	0.025489589888778037	11.334	5	REP.B016	THP1	24H	I12	vortioxetine	0.01uM	down
ISO002_MCF10A.TP53.M.EGFR.HL_24H_A16_AGN-192403_0.37uM down	511fd480-8453-4009-80ef-b9a16444233f	250	5.905217584741984e-05	0.025489589888778037	11.334	5	ISO002	MCF10A.TP53.M.EGFR.HL	24H	A16	AGN-192403	0.37uM	down
XPR011_YAPC.311_96H_A21_CSF1R up	39b679f6-67c8-49cf-ab77-86e21c164c9e	250	5.905217584741984e-05	0.025489589888778037	11.334	5	XPR011	YAPC.311	96H	A21	CSF1R	N/A	up
KMS002_THP1_24H_F08_MW-STK33-1C_0.04uM up	a82bd0a2-99f8-4e19-8fee-a2426c22d9c5	250	5.905217584741984e-05	0.025489589888778037	11.334	5	KMS002	THP1	24H	F08	MW-STK33-1C	0.04uM	up
XPR015_U251MG.311_96H_K12_CTRC up	424beb7c-de6b-47cf-b640-a08d710c3938	250	5.905217584741984e-05	0.025489589888778037	11.334	5	XPR015	U251MG.311	96H	K12	CTRC	N/A	up
XPR019_A375.311_96H_C17_KIR2DS4 down	0c626f61-7390-42c4-8866-9f458fb8a9c1	250	5.905217584741984e-05	0.025489589888778037	11.334	5	XPR019	A375.311	96H	C17	KIR2DS4	N/A	down
XPR019_AGS.311_96H_B17_LGR4 down	e454f577-e994-4d0e-9898-5b7ec735056c	250	5.905217584741984e-05	0.025489589888778037	11.334	5	XPR019	AGS.311	96H	B17	LGR4	N/A	down
LJP001_HS578T_24H_K20_WYE-125132_2.22uM up	824b1c4b-e8fb-4096-90f4-1692746c67fe	250	5.905217584741984e-05	0.025489589888778037	11.334	5	LJP001	HS578T	24H	K20	WYE-125132	2.22uM	up
XPR029_PC3.311B_96H_N14_NR2C2 down	bad1f02e-2930-4df1-a5eb-93a101e1b8e8	250	5.905217584741984e-05	0.025489589888778037	11.334	5	XPR029	PC3.311B	96H	N14	NR2C2	N/A	down
XPR031_A549.311_96H_G21_P2RY8 down	fce94600-6e64-4099-b82a-6f739e389552	250	5.905217584741984e-05	0.025489589888778037	11.334	5	XPR031	A549.311	96H	G21	P2RY8	N/A	down
ASG002_BICR6_24H_C18_NVP-BEZ235_0.12uM down	d6663a74-a20f-469c-85b0-bb458902dca6	250	5.905217584741984e-05	0.025489589888778037	11.334	5	ASG002	BICR6	24H	C18	NVP-BEZ235	0.12uM	down
ASG002_OC316_24H_G04_axitinib_10uM down	8b2fb237-4298-4ab8-b581-5e0e6dea6327	250	5.905217584741984e-05	0.025489589888778037	11.334	5	ASG002	OC316	24H	G04	axitinib	10uM	down
LJP005_PC3_24H_I19_torin-2_10uM up	cce1a27d-3774-4417-9d31-399ebb9ce197	250	5.905217584741984e-05	0.025489589888778037	11.334	5	LJP005	PC3	24H	I19	torin-2	10uM	up
CPC006_SNUC5_6H_A21_PJ-34_10uM down	d816d213-8d63-4fbc-b922-0820a202dcd0	250	5.905217584741984e-05	0.025489589888778037	11.334	5	CPC006	SNUC5	6H	A21	PJ-34	10uM	down
CPC012_PC3_6H_J01_BRD-K74711637_10uM down	0ac86a8d-aacb-45bb-9251-c4884e3d8953	250	5.905217584741984e-05	0.025489589888778037	11.334	5	CPC012	PC3	6H	J01	BRD-K74711637	10uM	down
CPC013_MCF7_6H_D02_BRD-K52914903_10uM up	ed36da82-ca09-462d-93c2-2b75e052aac8	250	5.905217584741984e-05	0.025489589888778037	11.334	5	CPC013	MCF7	6H	D02	BRD-K52914903	10uM	up
CPC014_HT29_6H_G14_BRD-K32111336_10uM up	955e8b88-52e2-4606-baec-77f42fb6fa15	250	5.905217584741984e-05	0.025489589888778037	11.334	5	CPC014	HT29	6H	G14	BRD-K32111336	10uM	up
DOS002_VCAP_6H_G22_BRD-K73199200_4uM up	27b56dc7-d29d-4758-8f46-fb4f66cf4981	250	5.905217584741984e-05	0.025489589888778037	11.334	5	DOS002	VCAP	6H	G22	BRD-K73199200	4uM	up
DOS011_VCAP_6H_I08_BRD-K39629581_4uM down	8a90a2fb-97f5-4753-83e3-5e175446ca79	250	5.905217584741984e-05	0.025489589888778037	11.334	5	DOS011	VCAP	6H	I08	BRD-K39629581	4uM	down
DOS028_VCAP_6H_E14_BRD-K35562235_4uM up	bc194872-c733-4edd-a93b-fc08afbe1822	250	5.905217584741984e-05	0.025489589888778037	11.334	5	DOS028	VCAP	6H	E14	BRD-K35562235	4uM	up
DOS036_A549_24H_A16_BRD-K76703685_4uM up	49592747-3210-4285-91b7-3fa179c3db36	250	5.905217584741984e-05	0.025489589888778037	11.334	5	DOS036	A549	24H	A16	BRD-K76703685	4uM	up
DOSVAL002_HT29_24H_E22_BRD-K03222452_20uM down	2e10dc9c-3858-4c58-8a41-87e1ce04b69b	250	5.905217584741984e-05	0.025489589888778037	11.334	5	DOSVAL002	HT29	24H	E22	BRD-K03222452	20uM	down
DOSVAL003_HA1E_24H_B19_BRD-K63455741_20uM down	43e648da-6129-4d20-9b1b-02675033bd48	250	5.905217584741984e-05	0.025489589888778037	11.334	5	DOSVAL003	HA1E	24H	B19	BRD-K63455741	20uM	down
CPC016_MCF7_6H_A14_NNC-711_10uM down	a279b909-4817-4892-a8d5-ea9ceb5b70e9	250	5.905217584741984e-05	0.025489589888778037	11.334	5	CPC016	MCF7	6H	A14	NNC-711	10uM	down
FIBR003_MCLF027CN_6H_H17_CD-1530_4uM down	48b5c8d3-c6de-46c4-9b10-29d28dfce984	250	5.905217584741984e-05	0.025489589888778037	11.334	5	FIBR003	MCLF027CN	6H	H17	CD-1530	4uM	down
LJP006_LNCAP_3H_A11_AZD-8055_0.12uM up	007dbbc6-5f30-48d7-91d6-3e6a5816585c	250	5.905217584741984e-05	0.025489589888778037	11.334	5	LJP006	LNCAP	3H	A11	AZD-8055	0.12uM	up
FIBR025_MCLF141SZ_6H_A24_emetine_0.08uM up	e8c967cf-1329-4e17-b6ae-f137c0e5f83e	250	5.905217584741984e-05	0.025489589888778037	11.334	5	FIBR025	MCLF141SZ	6H	A24	emetine	0.08uM	up
FIBR033_MCLF100SZ_6H_E05_UK-356618_4uM up	64770f5d-ed66-4ba1-8887-0a6495369973	250	5.905217584741984e-05	0.025489589888778037	11.334	5	FIBR033	MCLF100SZ	6H	E05	UK-356618	4uM	up
KMS002_THP1_24H_C06_TUL_XXI035_0.37uM down	84b64805-7aa1-4019-81ab-b2de33fa77dc	250	5.905217584741984e-05	0.025489589888778037	11.334	5	KMS002	THP1	24H	C06	TUL	XXI035_0.37uM	down
LJP002_HS578T_24H_B21_gefitinib_0.37uM up	6642e201-7211-4dde-971c-efba092bdda3	250	5.905217584741984e-05	0.025489589888778037	11.334	5	LJP002	HS578T	24H	B21	gefitinib	0.37uM	up
LJP002_MCF10A_6H_J04_TG-101348_0.08uM up	5b2963b8-ec73-4673-8f18-737f3567c291	250	5.905217584741984e-05	0.025489589888778037	11.334	5	LJP002	MCF10A	6H	J04	TG-101348	0.08uM	up
LJP006_HA1E_24H_O17_torin-1_0.12uM up	20c76c53-549f-4deb-8d11-144e7698354c	250	5.905217584741984e-05	0.025489589888778037	11.334	5	LJP006	HA1E	24H	O17	torin-1	0.12uM	up
LJP006_HS578T_3H_O17_torin-1_0.12uM up	cbca1f33-e4ec-49ef-a6a7-2472ad65f1f9	250	5.905217584741984e-05	0.025489589888778037	11.334	5	LJP006	HS578T	3H	O17	torin-1	0.12uM	up
LJP008_HUVEC_24H_O07_AZ-20_10uM up	66ea1884-3943-4276-8f03-4f9707beb06f	250	5.905217584741984e-05	0.025489589888778037	11.334	5	LJP008	HUVEC	24H	O07	AZ-20	10uM	up
LJP007_A375_24H_K20_everolimus_3.33uM up	837b72ba-5257-4c12-a725-2a392f5fca7e	250	5.905217584741984e-05	0.025489589888778037	11.334	5	LJP007	A375	24H	K20	everolimus	3.33uM	up
LJP007_SKL.C_24H_I19_rebastinib_10uM down	49d6647a-90cd-4b02-8876-759d23ddf696	250	5.905217584741984e-05	0.025489589888778037	11.334	5	LJP007	SKL.C	24H	I19	rebastinib	10uM	down
LJP008_SHSY5Y_24H_B08_GSK-461364_3.33uM up	4266a2fa-db24-4b9d-aa6c-f38e9ceed673	250	5.905217584741984e-05	0.025489589888778037	11.334	5	LJP008	SHSY5Y	24H	B08	GSK-461364	3.33uM	up
LUNG001_HFL1_24H_I14_gossypol_10uM up	f805090a-982a-4b76-a8b1-04daf04cf163	250	5.905217584741984e-05	0.025489589888778037	11.334	5	LUNG001	HFL1	24H	I14	gossypol	10uM	up
MOAR008_IGR37_24H_G24_ML-133_1.11uM down	b2a098cf-da91-42d4-a261-d1dafb30acfc	250	5.905217584741984e-05	0.025489589888778037	11.334	5	MOAR008	IGR37	24H	G24	ML-133	1.11uM	down
MOAR009_NCIH838_24H_A20_vardenafil_3.33uM down	6b248f62-207b-4438-b5d2-9f07a9f67915	250	5.905217584741984e-05	0.025489589888778037	11.334	5	MOAR009	NCIH838	24H	A20	vardenafil	3.33uM	down
MOAR011_GI1_24H_H06_pranidipine_1.11uM up	3da5a6e0-3dfa-45e0-a625-59b0f44cb4bc	250	5.905217584741984e-05	0.025489589888778037	11.334	5	MOAR011	GI1	24H	H06	pranidipine	1.11uM	up
MOAR011_SH4_24H_C07_AGP-103_10uM down	68e81328-5622-4135-967e-4ddaa048a438	250	5.905217584741984e-05	0.025489589888778037	11.334	5	MOAR011	SH4	24H	C07	AGP-103	10uM	down
PBIOA016_A375_24H_B17_YM-155_0.125uM up	ff9b9b70-0d6c-4b9c-82dc-f7592acebdb2	250	5.905217584741984e-05	0.025489589888778037	11.334	5	PBIOA016	A375	24H	B17	YM-155	0.125uM	up
LJP008_JURKAT_24H_I22_methylstat_0.37uM down	6de9ff05-7741-40d5-b67e-90083410f8f3	250	5.905217584741984e-05	0.025489589888778037	11.334	5	LJP008	JURKAT	24H	I22	methylstat	0.37uM	down
PCLB003_HT29_24H_P21_wortmannin_1.11uM down	682dd18a-809c-4db0-8312-49e17aacedfb	250	5.905217584741984e-05	0.025489589888778037	11.334	5	PCLB003	HT29	24H	P21	wortmannin	1.11uM	down
REP.A011_HT29_24H_I03_UK-383367_1.11uM up	945ba219-4163-4d20-8c45-fad4aa5108a5	250	5.905217584741984e-05	0.025489589888778037	11.334	5	REP.A011	HT29	24H	I03	UK-383367	1.11uM	up
REP.A013_JURKAT_24H_G23_efavirenz_0.125uM down	e2a33956-98f4-4fb9-9ddd-9ee5ccdf3bba	250	5.905217584741984e-05	0.025489589888778037	11.334	5	REP.A013	JURKAT	24H	G23	efavirenz	0.125uM	down
REP.A023_HA1E_24H_F02_flumatinib_3.33uM up	be350dac-9a42-41e6-aee5-b61a47941862	250	5.905217584741984e-05	0.025489589888778037	11.334	5	REP.A023	HA1E	24H	F02	flumatinib	3.33uM	up
REP.A025_THP1_24H_N14_nefopam_3.33uM down	74c323fa-5afd-4245-8ef1-0636769ed07e	250	5.905217584741984e-05	0.025489589888778037	11.334	5	REP.A025	THP1	24H	N14	nefopam	3.33uM	down
REP.A028_HELA_24H_K21_brequinar_1.11uM up	ac487184-d965-446c-98cc-26231f4be883	250	5.905217584741984e-05	0.025489589888778037	11.334	5	REP.A028	HELA	24H	K21	brequinar	1.11uM	up
REP.B009_THP1_24H_L17_AZD-7687_0.03uM down	cd045374-fed3-42d5-b7f2-09480696498b	250	5.905217584741984e-05	0.025489589888778037	11.334	5	REP.B009	THP1	24H	L17	AZD-7687	0.03uM	down
REP.B011_MCF10A_24H_A24_nepafenac_0.01uM down	dea73c5e-37de-4015-817e-7e6cea5046a2	250	5.905217584741984e-05	0.025489589888778037	11.334	5	REP.B011	MCF10A	24H	A24	nepafenac	0.01uM	down
REP.B012_HA1E_24H_M22_roflumilast_0.08uM down	4f4559eb-fd6f-480d-a82f-1998326006d5	250	5.905217584741984e-05	0.025489589888778037	11.334	5	REP.B012	HA1E	24H	M22	roflumilast	0.08uM	down
LJP009_MCF10A_24H_H12_dabrafenib_0.04uM up	fcb16797-eb42-491e-8b87-5ea9e2f2d5c0	250	5.905217584741984e-05	0.025489589888778037	11.334	5	LJP009	MCF10A	24H	H12	dabrafenib	0.04uM	up
LRS001_PHH.MGH_24H_K01_BRD-K59222562_10uM down	9add92d0-7d42-4b6c-8b36-becb34fe2364	250	5.905217584741984e-05	0.025489589888778037	11.334	5	LRS001	PHH.MGH	24H	K01	BRD-K59222562	10uM	down
XPR009_AGS.311_96H_G22_PLA2G1B down	87b6fda2-602e-4dd0-bc06-c7e533dad1fd	250	5.905217584741984e-05	0.025489589888778037	11.334	5	XPR009	AGS.311	96H	G22	PLA2G1B	N/A	down
XPR010_PC3.311B_96H_D22_PREP down	fa12a9e6-62f2-4d63-940f-61c647e1fbd1	250	5.905217584741984e-05	0.025489589888778037	11.334	5	XPR010	PC3.311B	96H	D22	PREP	N/A	down
XPR020_A375.311_96H_O19_MAGT1 up	a47004f6-b830-4e2d-8af6-319b72e7a0b2	250	5.905217584741984e-05	0.025489589888778037	11.334	5	XPR020	A375.311	96H	O19	MAGT1	N/A	up
XPR020_A549.311_96H_E05_MAMLD1 down	8a5616f4-55d8-49d6-a504-13ae6f9eecfe	250	5.905217584741984e-05	0.025489589888778037	11.334	5	XPR020	A549.311	96H	E05	MAMLD1	N/A	down
XPR025_PC3.311B_96H_E20_SYT11 up	1473dc71-33ee-48f3-8e59-1fdd234af5f6	250	5.905217584741984e-05	0.025489589888778037	11.334	5	XPR025	PC3.311B	96H	E20	SYT11	N/A	up
XPR029_HT29.311_96H_A22_DPYSL2 down	539cece4-c0d4-4207-a8fb-2a675c377a86	250	5.905217584741984e-05	0.025489589888778037	11.334	5	XPR029	HT29.311	96H	A22	DPYSL2	N/A	down
XPR031_U251MG.311_96H_A16_PDSS2 down	8f6c00f0-6abe-4aab-8eea-d4123c9fa22b	250	5.905217584741984e-05	0.025489589888778037	11.334	5	XPR031	U251MG.311	96H	A16	PDSS2	N/A	down
XPR032_BICR6.311_96H_P12_PLOD1 down	d97d3f31-d6b8-4cd7-b572-d7fda0a60954	250	5.905217584741984e-05	0.025489589888778037	11.334	5	XPR032	BICR6.311	96H	P12	PLOD1	N/A	down
XPR034_U251MG.311_96H_O07_MAP3K8 down	332f57a9-7c46-48b5-a9de-bfb5c911b8c8	250	5.905217584741984e-05	0.025489589888778037	11.334	5	XPR034	U251MG.311	96H	O07	MAP3K8	N/A	down
XPR036_MCF7.311_96H_H04_POLA1 up	242d30b8-2c36-41dc-b7c9-3c18775374cf	250	5.905217584741984e-05	0.025489589888778037	11.334	5	XPR036	MCF7.311	96H	H04	POLA1	N/A	up
XPR037_BICR6.311_96H_M05_FBXO22 down	fb7ea96b-3056-4699-b2fc-5fd21ca6eca0	250	5.905217584741984e-05	0.025489589888778037	11.334	5	XPR037	BICR6.311	96H	M05	FBXO22	N/A	down
XPR038_HCC1806.311_96H_P06_EBNA1BP2 down	b602936f-8413-45df-ae87-0791f505b7ba	250	5.905217584741984e-05	0.025489589888778037	11.334	5	XPR038	HCC1806.311	96H	P06	EBNA1BP2	N/A	down
XPR038_IPC298.311_96H_K02_PARP2 up	cb2b8207-4688-4519-a1a3-facb8b20b579	250	5.905217584741984e-05	0.025489589888778037	11.334	5	XPR038	IPC298.311	96H	K02	PARP2	N/A	up
MOA001_U2OS_24H_G05_BRD-K82710617_10uM down	f578c309-4424-4071-bd56-fd3c92870d20	250	5.905217584741984e-05	0.025489589888778037	11.334	5	MOA001	U2OS	24H	G05	BRD-K82710617	10uM	down
AICHI001_OCILY19_4H_O03_wortmannin_0.66uM down	b72237c8-2352-4a00-8aa8-909cbc08a356	250	5.905217584741984e-05	0.025489589888778037	11.334	5	AICHI001	OCILY19	4H	O03	wortmannin	0.66uM	down
ASG002_IM95_24H_D11_panobinostat_1.11uM down	34421985-c308-41ad-943d-21550e5d2e7b	250	5.905217584741984e-05	0.025489589888778037	11.334	5	ASG002	IM95	24H	D11	panobinostat	1.11uM	down
ASG002_MDAMB468_24H_C01_nelfinavir_10uM up	c6fe8641-f322-4565-ba26-fedf9e656cc0	250	5.905217584741984e-05	0.025489589888778037	11.334	5	ASG002	MDAMB468	24H	C01	nelfinavir	10uM	up
CPC017_A549_24H_E23_glimepiride_10uM down	b4d55463-fbcc-4f80-9da8-08f69ce888f2	250	5.905217584741984e-05	0.025489589888778037	11.334	5	CPC017	A549	24H	E23	glimepiride	10uM	down
CPC002_PC3_24H_K24_MDL-72832_10uM down	69be37bb-6e2f-4328-879c-5f975843b112	250	5.905217584741984e-05	0.025489589888778037	11.334	5	CPC002	PC3	24H	K24	MDL-72832	10uM	down
CPC006_A549_6H_P18_piperlongumine_10uM down	8d9d810f-850c-48d7-bd8e-6a107ce296b3	250	5.905217584741984e-05	0.025489589888778037	11.334	5	CPC006	A549	6H	P18	piperlongumine	10uM	down
CPC006_DV90_6H_B15_Gly-Gly-PALO_80uM up	f8392c89-7ff7-4b02-8115-8e6ad9536fda	250	5.905217584741984e-05	0.025489589888778037	11.334	5	CPC006	DV90	6H	B15	Gly-Gly-PALO	80uM	up
CPC006_HT115_6H_I24_loperamide_10uM up	973b5c63-1dc8-45ca-b2eb-d87f4d2c5a2a	250	5.905217584741984e-05	0.025489589888778037	11.334	5	CPC006	HT115	6H	I24	loperamide	10uM	up
CPC006_SNGM_6H_H14_cyanoquinoline-11_40uM down	77ac0989-f6c5-462d-a581-fdfe2c430c5b	250	5.905217584741984e-05	0.025489589888778037	11.334	5	CPC006	SNGM	6H	H14	cyanoquinoline-11	40uM	down
CPC013_ASC_24H_K20_alvocidib_10uM up	c3caa759-30ea-4307-a3ae-3870a4f37c4e	250	5.905217584741984e-05	0.025489589888778037	11.334	5	CPC013	ASC	24H	K20	alvocidib	10uM	up
MOAR008_HEC1A_24H_D03_DPO-1_1.11uM up	4f6758b9-c8d8-41ad-badc-f5ee55f802c5	250	5.905217584741984e-05	0.025489589888778037	11.334	5	MOAR008	HEC1A	24H	D03	DPO-1	1.11uM	up
CPC015_NPC_24H_M15_testosterone-propionate_10uM up	23bd95b5-2523-46df-a597-8f1f59d2aacc	250	5.905217584741984e-05	0.025489589888778037	11.334	5	CPC015	NPC	24H	M15	testosterone-propionate	10uM	up
CPC016_A549_24H_F23_clofibric-acid_10uM down	70df44f9-5a08-4757-b561-e87d0f771833	250	5.905217584741984e-05	0.025489589888778037	11.334	5	CPC016	A549	24H	F23	clofibric-acid	10uM	down
CPC016_MCF7_6H_C15_nafcillin_10uM down	fc21cd25-0e65-4173-bf42-464af6c29e7d	250	5.905217584741984e-05	0.025489589888778037	11.334	5	CPC016	MCF7	6H	C15	nafcillin	10uM	down
CPC019_HA1E_6H_L15_BRD-K71380401_10uM up	be73e193-cf18-4feb-93e9-72592d151753	250	5.905217584741984e-05	0.025489589888778037	11.334	5	CPC019	HA1E	6H	L15	BRD-K71380401	10uM	up
CVD001_HUH7_6H_E08_BRD-K74228917_10uM up	b2afd685-f576-4441-a120-63e5213437ab	250	5.905217584741984e-05	0.025489589888778037	11.334	5	CVD001	HUH7	6H	E08	BRD-K74228917	10uM	up
DOS020_VCAP_6H_P07_BRD-K65065275_4uM down	77027718-a448-4f8c-9cf5-a73c0c2ee422	250	5.905217584741984e-05	0.025489589888778037	11.334	5	DOS020	VCAP	6H	P07	BRD-K65065275	4uM	down
DOS047_MCF7_24H_P17_BRD-K83132555_4uM down	cb35f614-41db-4794-aba1-ef622695dbdf	250	5.905217584741984e-05	0.025489589888778037	11.334	5	DOS047	MCF7	24H	P17	BRD-K83132555	4uM	down
EMU001_K562_24H_B19_palomid-529_10uM up	142c9957-f420-4e06-9843-a22c60dfc16e	250	5.905217584741984e-05	0.025489589888778037	11.334	5	EMU001	K562	24H	B19	palomid-529	10uM	up
FIBR007_MCLF051CN_6H_L05_phenelzine_4uM down	b5b390f4-3604-4af7-a6c5-d7ea81776997	250	5.905217584741984e-05	0.025489589888778037	11.334	5	FIBR007	MCLF051CN	6H	L05	phenelzine	4uM	down
CPC017_HEPG2_6H_N21_JTE-907_10uM up	e8a0b1e3-14fc-48be-892d-6915a9988771	250	5.905217584741984e-05	0.025489589888778037	11.334	5	CPC017	HEPG2	6H	N21	JTE-907	10uM	up
FIBR025_MCLF141SZ_6H_D23_BRD-K26664453_2.22uM up	ed21e6c7-6517-4fc5-9ccc-7fd4dc59c151	250	5.905217584741984e-05	0.025489589888778037	11.334	5	FIBR025	MCLF141SZ	6H	D23	BRD-K26664453	2.22uM	up
FIBR036_MCLF137CN_6H_N15_narciclasine_0.37uM up	61d37c69-feac-44eb-a276-840329c2df2f	250	5.905217584741984e-05	0.025489589888778037	11.334	5	FIBR036	MCLF137CN	6H	N15	narciclasine	0.37uM	up
HOG002_MCF7_6H_K09_niclosamide_0.01uM down	322fbec2-0cc1-47b0-864a-41b5dbeebd50	250	5.905217584741984e-05	0.025489589888778037	11.334	5	HOG002	MCF7	6H	K09	niclosamide	0.01uM	down
LJP002_MCF7_6H_L14_foretinib_0.08uM up	e763769e-42fc-4a2a-ae98-6eb86c61210a	250	5.905217584741984e-05	0.025489589888778037	11.334	5	LJP002	MCF7	6H	L14	foretinib	0.08uM	up
LJP005_MCF10A_3H_F17_PHA-665752_0.12uM down	8eb1bfa8-66c6-4976-839d-b75c7eb85bf2	250	5.905217584741984e-05	0.025489589888778037	11.334	5	LJP005	MCF10A	3H	F17	PHA-665752	0.12uM	down
CPD001_MCF7_6H_P05_scopolamine_10uM down	0305e64e-9632-47d5-9423-b0b5dc7257c5	250	5.905217584741984e-05	0.025489589888778037	11.334	5	CPD001	MCF7	6H	P05	scopolamine	10uM	down
LJP006_HA1E_24H_O07_AS-605240_10uM up	b382dba4-090f-4760-9591-8c9eab8fde32	250	5.905217584741984e-05	0.025489589888778037	11.334	5	LJP006	HA1E	24H	O07	AS-605240	10uM	up
LJP007_PC3_24H_C17_SAR-245409_0.12uM up	b3764f3f-551b-4cab-8891-be7830178461	250	5.905217584741984e-05	0.025489589888778037	11.334	5	LJP007	PC3	24H	C17	SAR-245409	0.12uM	up
LJP008_HUVEC.A_24H_M11_UNC-0638_0.12uM down	80c36159-dafb-464e-b07c-43416cb2986a	250	5.905217584741984e-05	0.025489589888778037	11.334	5	LJP008	HUVEC.A	24H	M11	UNC-0638	0.12uM	down
LRS001_PHH.MGH_24H_H06_KIN-001-220_1.11uM up	8e4c3954-2b00-40c4-a1ba-f2c4aa1f3fee	250	5.905217584741984e-05	0.025489589888778037	11.334	5	LRS001	PHH.MGH	24H	H06	KIN-001-220	1.11uM	up
LTC005_MDAMB231_3H_A10_PD-0325901_0.01uM up	a86006e4-0d84-474e-90c4-287db9570a83	250	5.905217584741984e-05	0.025489589888778037	11.334	5	LTC005	MDAMB231	3H	A10	PD-0325901	0.01uM	up
DOS027_VCAP_24H_C10_BRD-K42634310_4uM down	8c162770-706f-4b85-9fd1-38fbc59fc428	250	5.905217584741984e-05	0.025489589888778037	11.334	5	DOS027	VCAP	24H	C10	BRD-K42634310	4uM	down
MOAR008_NCIH1573_24H_O14_BRD-K62353271_3.33uM down	e577a652-83f0-4049-a301-2271f91ffa80	250	5.905217584741984e-05	0.025489589888778037	11.334	5	MOAR008	NCIH1573	24H	O14	BRD-K62353271	3.33uM	down
MOAR011_HEC1A_24H_F16_SC-144_10uM up	07ce7ac2-9b1e-460f-9fb8-54335e2ce7fe	250	5.905217584741984e-05	0.025489589888778037	11.334	5	MOAR011	HEC1A	24H	F16	SC-144	10uM	up
MOAR011_NCIH838_24H_M03_mozavaptan_1.11uM up	36b57647-4549-4ac9-8c66-959f2f95ff8c	250	5.905217584741984e-05	0.025489589888778037	11.334	5	MOAR011	NCIH838	24H	M03	mozavaptan	1.11uM	up
MOAR011_OVTOKO_24H_F08_serdemetan_3.33uM down	ae3a1769-4595-49ac-b358-3ad81a27b882	250	5.905217584741984e-05	0.025489589888778037	11.334	5	MOAR011	OVTOKO	24H	F08	serdemetan	3.33uM	down
PAC001_U2OS_6H_C03_FG-7142_10uM down	f0e2b197-c0a2-40fc-999d-004ad2a944f2	250	5.905217584741984e-05	0.025489589888778037	11.334	5	PAC001	U2OS	6H	C03	FG-7142	10uM	down
PAC004_U2OS_6H_G10_BRL-37344_10uM down	9270a595-927b-4226-8388-e7145fc0dfa8	250	5.905217584741984e-05	0.025489589888778037	11.334	5	PAC004	U2OS	6H	G10	BRL-37344	10uM	down
PAC004_U2OS_6H_M22_cinoxacin_10uM down	89689ede-b993-4766-9b0f-6f6b5b2cb3be	250	5.905217584741984e-05	0.025489589888778037	11.334	5	PAC004	U2OS	6H	M22	cinoxacin	10uM	down
PAC057_U2OS_6H_C08_BRD-K83744912_10uM up	3c0e14b9-0d61-426d-99ec-6a2f82f4d7bd	250	5.905217584741984e-05	0.025489589888778037	11.334	5	PAC057	U2OS	6H	C08	BRD-K83744912	10uM	up
REP.A001_A375_24H_J10_pyrazinamide_0.37uM down	602b1e90-e4c3-45f8-8191-1a430ea5cc08	250	5.905217584741984e-05	0.025489589888778037	11.334	5	REP.A001	A375	24H	J10	pyrazinamide	0.37uM	down
REP.A005_HELA_24H_H14_SR-57227A_3.33uM up	909fadd3-c609-497e-a359-8398bdaee5ef	250	5.905217584741984e-05	0.025489589888778037	11.334	5	REP.A005	HELA	24H	H14	SR-57227A	3.33uM	up
REP.A012_MCF10A_24H_C19_bortezomib_20uM up	7c30dfe8-1f19-48ce-ba17-8e9934f1628d	250	5.905217584741984e-05	0.025489589888778037	11.334	5	REP.A012	MCF10A	24H	C19	bortezomib	20uM	up
REP.A013_HEK293_24H_K20_tasisulam_3.33uM down	47ba7ba0-ecc8-496d-97fc-6957111c1699	250	5.905217584741984e-05	0.025489589888778037	11.334	5	REP.A013	HEK293	24H	K20	tasisulam	3.33uM	down
REP.A019_MCF10A_24H_D19_CC-401_10uM down	b601542b-089f-49a1-8a8b-d6b09f5ebcd0	250	5.905217584741984e-05	0.025489589888778037	11.334	5	REP.A019	MCF10A	24H	D19	CC-401	10uM	down
REP.A020_HELA_24H_M02_BRD-K47000838_1.25uM up	b0aa0300-de64-4fc6-a493-86d041b9496b	250	5.905217584741984e-05	0.025489589888778037	11.334	5	REP.A020	HELA	24H	M02	BRD-K47000838	1.25uM	up
REP.A022_MCF7_24H_M23_moxisylyte_0.125uM down	35d4b2ad-139a-41fb-8c74-1e39c679b71e	250	5.905217584741984e-05	0.025489589888778037	11.334	5	REP.A022	MCF7	24H	M23	moxisylyte	0.125uM	down
REP.A023_A375_24H_D18_mazindol_0.04uM down	9c834a15-0af7-483c-8d88-89622475f8e5	250	5.905217584741984e-05	0.025489589888778037	11.334	5	REP.A023	A375	24H	D18	mazindol	0.04uM	down
REP.A024_HEK293_24H_D04_naftifine_0.37uM down	8b58d6c2-626c-4f3a-9f40-0d22ec8a3f7c	250	5.905217584741984e-05	0.025489589888778037	11.334	5	REP.A024	HEK293	24H	D04	naftifine	0.37uM	down
REP.A024_THP1_24H_H06_clenbuterol_0.04uM down	0d27e902-e841-4e98-a089-850df4c93991	250	5.905217584741984e-05	0.025489589888778037	11.334	5	REP.A024	THP1	24H	H06	clenbuterol	0.04uM	down
REP.B008_A549_24H_O13_SN-38_2.22uM down	d29ab0a9-d3ae-4109-a091-7a5281679a32	250	5.905217584741984e-05	0.025489589888778037	11.334	5	REP.B008	A549	24H	O13	SN-38	2.22uM	down
REP.B014_MDAMB231_24H_K23_narlaprevir_0.03uM up	6acbc5f9-71af-4510-bbd0-4b2f048cc724	250	5.905217584741984e-05	0.025489589888778037	11.334	5	REP.B014	MDAMB231	24H	K23	narlaprevir	0.03uM	up
REP.B019_MDAMB231_24H_H21_penciclovir_0.25uM up	e7e23b64-e768-49ea-945a-224a675d7af4	250	5.905217584741984e-05	0.025489589888778037	11.334	5	REP.B019	MDAMB231	24H	H21	penciclovir	0.25uM	up
NMH002_FIBRNPC_24H_N22_BG-1024_10uM up	152514a7-ac79-4dac-b242-6520b7771b85	250	5.905217584741984e-05	0.025489589888778037	11.334	5	NMH002	FIBRNPC	24H	N22	BG-1024	10uM	up
REP.B028_THP1_24H_O19_piperidolate_2.22uM up	fa954d9c-8d4e-41a4-837f-3ef843139caa	250	5.905217584741984e-05	0.025489589888778037	11.334	5	REP.B028	THP1	24H	O19	piperidolate	2.22uM	up
XPR014_ES2.311_96H_H11_CHD4 down	96147efe-b5f8-4766-a719-1808cb930ba0	250	5.905217584741984e-05	0.025489589888778037	11.334	5	XPR014	ES2.311	96H	H11	CHD4	N/A	down
XPR014_PC3.311B_96H_J05_CFHR3 down	99f15f7a-87d8-4089-aa2c-2ffade1b368d	250	5.905217584741984e-05	0.025489589888778037	11.334	5	XPR014	PC3.311B	96H	J05	CFHR3	N/A	down
XPR018_PC3.311B_96H_K11_IL11 up	8072a593-20d8-4143-aec3-d09e104c9375	250	5.905217584741984e-05	0.025489589888778037	11.334	5	XPR018	PC3.311B	96H	K11	IL11	N/A	up
XPR031_U251MG.311_96H_N16_POLH up	dd30f6a5-244e-4ed1-a21c-f5990816c505	250	5.905217584741984e-05	0.025489589888778037	11.334	5	XPR031	U251MG.311	96H	N16	POLH	N/A	up
XPR039_HS944T.311_96H_E17_CHD3 up	70a54f9d-cdbb-4dc2-8c67-4b8bfb8a9f19	250	5.905217584741984e-05	0.025489589888778037	11.334	5	XPR039	HS944T.311	96H	E17	CHD3	N/A	up
XPR040_A549.311_96H_H22_ARID5B up	2563d10d-1b6b-4ad4-ae35-fed6925e323f	250	5.905217584741984e-05	0.025489589888778037	11.334	5	XPR040	A549.311	96H	H22	ARID5B	N/A	up
XPR041_SNU761.311_96H_H22_TRA2B up	481b72e2-42e0-4c22-9fed-20cf58792293	250	5.905217584741984e-05	0.025489589888778037	11.334	5	XPR041	SNU761.311	96H	H22	TRA2B	N/A	up
XPRJJ001_A375_96H_L02_PRMT5 down	64496f10-2c6d-4dd7-8ba1-b5c2e8b1fea0	250	5.905217584741984e-05	0.025489589888778037	11.334	5	XPRJJ001	A375	96H	L02	PRMT5	N/A	down
AICHI002_KMS34_24H_L20_everolimus_2.5uM down	911998fe-f542-4005-93f3-f43561cb0882	250	5.905217584741984e-05	0.025489589888778037	11.334	5	AICHI002	KMS34	24H	L20	everolimus	2.5uM	down
AICHI002_KMS34_24H_M03_BRD-K51348184_0.66uM up	c7018513-b20a-455a-aa38-8c048b171aef	250	5.905217584741984e-05	0.025489589888778037	11.334	5	AICHI002	KMS34	24H	M03	BRD-K51348184	0.66uM	up
AICHI002_MINO_24H_G09_BRD-K32972437_0.66uM up	059fe9b4-21b2-424c-8063-f7ae3ebc0be2	250	5.905217584741984e-05	0.025489589888778037	11.334	5	AICHI002	MINO	24H	G09	BRD-K32972437	0.66uM	up
ASG002_A375_24H_I12_orciprenaline_0.12uM down	396bf5a8-ac6c-416d-be65-909ddfcbe285	250	5.905217584741984e-05	0.025489589888778037	11.334	5	ASG002	A375	24H	I12	orciprenaline	0.12uM	down
ASG002_ES2_24H_D24_imatinib_0.12uM up	a7cf7d0e-cdea-4bbe-981b-5e5d836b6694	250	5.905217584741984e-05	0.025489589888778037	11.334	5	ASG002	ES2	24H	D24	imatinib	0.12uM	up
ASG002_PC3_24H_O17_parbendazole_1.11uM down	af53073c-1421-43c2-85a0-80a5fb678b49	250	5.905217584741984e-05	0.025489589888778037	11.334	5	ASG002	PC3	24H	O17	parbendazole	1.11uM	down
ASG002_SKMEL3_24H_E14_levosulpiride_1.11uM up	ecd8d05c-8e4f-4976-bdd6-b7f15e868e7b	250	5.905217584741984e-05	0.025489589888778037	11.334	5	ASG002	SKMEL3	24H	E14	levosulpiride	1.11uM	up
ASG003_MCF7_48H_C05_epirubicin_1.11uM up	c3509f40-b732-4108-9ce4-a0d086223a26	250	5.905217584741984e-05	0.025489589888778037	11.334	5	ASG003	MCF7	48H	C05	epirubicin	1.11uM	up
ASG003_XC.P908_24H_P03_panobinostat_0.12uM down	d2971daa-3532-46eb-94f4-9d4aed4d6823	250	5.905217584741984e-05	0.025489589888778037	11.334	5	ASG003	XC.P908	24H	P03	panobinostat	0.12uM	down
CPC006_HA1E_6H_I06_TL-HRAS-61_10uM up	b9aba50f-b7cd-497e-81a3-3c0431173bcb	250	5.905217584741984e-05	0.025489589888778037	11.334	5	CPC006	HA1E	6H	I06	TL-HRAS-61	10uM	up
CPC006_HT29_24H_H17_BI-2536_10uM down	2bcc9eb3-7fbf-4588-a05d-aa4b15cb587a	250	5.905217584741984e-05	0.025489589888778037	11.334	5	CPC006	HT29	24H	H17	BI-2536	10uM	down
CPC006_MDST8_6H_L15_BRD-K98404142_12uM down	4f888d38-5bed-4ea2-b46f-47d61cb506f3	250	5.905217584741984e-05	0.025489589888778037	11.334	5	CPC006	MDST8	6H	L15	BRD-K98404142	12uM	down
CPC006_PC3_6H_P18_piperlongumine_10uM down	1f658864-94fb-46dd-a46c-89db325f157d	250	5.905217584741984e-05	0.025489589888778037	11.334	5	CPC006	PC3	6H	P18	piperlongumine	10uM	down
PAC026_U2OS_6H_M16_BRD-K96925976_10uM down	8921161c-1d5b-4bc6-8944-98aa9b82afd5	250	5.905217584741984e-05	0.025489589888778037	11.334	5	PAC026	U2OS	6H	M16	BRD-K96925976	10uM	down
CPC012_NEU_24H_H18_BRD-K61717269_10uM up	1a4c387d-a841-4d9b-bca9-7bf9871a238f	250	5.905217584741984e-05	0.025489589888778037	11.334	5	CPC012	NEU	24H	H18	BRD-K61717269	10uM	up
CPC012_PC3_6H_E07_tunicamycin_10uM up	54a0a844-b90c-4ea0-806d-3b65858c7ba5	250	5.905217584741984e-05	0.025489589888778037	11.334	5	CPC012	PC3	6H	E07	tunicamycin	10uM	up
CPC014_A375_6H_H04_safinamide_10uM down	ab033965-ebdb-4397-8fec-10b36006e04e	250	5.905217584741984e-05	0.025489589888778037	11.334	5	CPC014	A375	6H	H04	safinamide	10uM	down
CPC016_MCF7_6H_F16_BRD-A06276885_10uM up	3d96495f-e231-4e99-985d-8de34e562529	250	5.905217584741984e-05	0.025489589888778037	11.334	5	CPC016	MCF7	6H	F16	BRD-A06276885	10uM	up
CPC017_A375_6H_D16_NPC-15199_10uM down	203bacac-742a-4c6b-b8cf-2a67653290d5	250	5.905217584741984e-05	0.025489589888778037	11.334	5	CPC017	A375	6H	D16	NPC-15199	10uM	down
CPC017_MCF7_6H_D06_L-689560_10uM down	bf1588d5-3284-40fc-be6b-35d58b757835	250	5.905217584741984e-05	0.025489589888778037	11.334	5	CPC017	MCF7	6H	D06	L-689560	10uM	down
CPC019_MCF7_24H_M18_BRD-K31706415_10uM up	56c9a0e5-e490-471a-896c-825adbaa58c0	250	5.905217584741984e-05	0.025489589888778037	11.334	5	CPC019	MCF7	24H	M18	BRD-K31706415	10uM	up
CPD002_MCF7_24H_D04_glimepiride_10uM down	8a59d191-e090-4b51-a1eb-277e8b952c66	250	5.905217584741984e-05	0.025489589888778037	11.334	5	CPD002	MCF7	24H	D04	glimepiride	10uM	down
CVD001_PHH_24H_A22_BRD-K86574132_50uM up	c228671b-b9f2-4dd5-a400-929ff60e9d1b	250	5.905217584741984e-05	0.025489589888778037	11.334	5	CVD001	PHH	24H	A22	BRD-K86574132	50uM	up
CVD001_PHH_6H_C06_FCCP_10uM up	dae100f6-4ba5-4fde-b9f0-cab083d9a8db	250	5.905217584741984e-05	0.025489589888778037	11.334	5	CVD001	PHH	6H	C06	FCCP	10uM	up
EMU001_HBL1_24H_L23_tofacitinib_0.04uM up	6328dd3b-4f54-454e-8970-3a40fb10c8e6	250	5.905217584741984e-05	0.025489589888778037	11.334	5	EMU001	HBL1	24H	L23	tofacitinib	0.04uM	up
FIBR023_MCLF126CN_6H_P02_BRD-K90826279_4uM up	eb45d3d9-a132-40a2-a62a-a5274983ce07	250	5.905217584741984e-05	0.025489589888778037	11.334	5	FIBR023	MCLF126CN	6H	P02	BRD-K90826279	4uM	up
FIBR024_MCLF126CN_6H_N15_narciclasine_0.37uM up	76997d13-5fdd-4529-87b9-ae0036353ac9	250	5.905217584741984e-05	0.025489589888778037	11.334	5	FIBR024	MCLF126CN	6H	N15	narciclasine	0.37uM	up
FIBR039_MCLF056CN_6H_K14_BRD-A24054354_4uM up	cac5db53-6365-4a83-9f8b-f63350a94d54	250	5.905217584741984e-05	0.025489589888778037	11.334	5	FIBR039	MCLF056CN	6H	K14	BRD-A24054354	4uM	up
ISO002_HCT116.TP53.HR_24H_P03_hydrocortisone_1.11uM up	87680929-cf80-4356-a43d-988bf4c14acb	250	5.905217584741984e-05	0.025489589888778037	11.334	5	ISO002	HCT116.TP53.HR	24H	P03	hydrocortisone	1.11uM	up
LJP002_SKBR3_6H_J14_GSK-2126458_0.08uM up	e77d686e-1103-4f12-b8c5-fe7914791642	250	5.905217584741984e-05	0.025489589888778037	11.334	5	LJP002	SKBR3	6H	J14	GSK-2126458	0.08uM	up
LJP005_HS578T_24H_L05_TG-101348_0.12uM down	059482c1-7ac0-43eb-989e-58a826ad9403	250	5.905217584741984e-05	0.025489589888778037	11.334	5	LJP005	HS578T	24H	L05	TG-101348	0.12uM	down
LJP005_MCF10A_3H_A14_neratinib_3.33uM up	6432cdf6-e0e0-468c-8653-a2a5257acf1d	250	5.905217584741984e-05	0.025489589888778037	11.334	5	LJP005	MCF10A	3H	A14	neratinib	3.33uM	up
LJP005_MCF10A_3H_J21_PF-477736_1.11uM up	88f52479-88c3-491f-919d-fdb2b063ea7d	250	5.905217584741984e-05	0.025489589888778037	11.334	5	LJP005	MCF10A	3H	J21	PF-477736	1.11uM	up
LJP006_HA1E_24H_D15_BI-2536_1.11uM down	9d652e80-b2b2-429d-95f7-f89c6354a33d	250	5.905217584741984e-05	0.025489589888778037	11.334	5	LJP006	HA1E	24H	D15	BI-2536	1.11uM	down
LJP007_HT29_24H_B12_ALW-II-49-7_0.04uM down	7081583d-3f50-4517-bb34-66308cc8bacb	250	5.905217584741984e-05	0.025489589888778037	11.334	5	LJP007	HT29	24H	B12	ALW-II-49-7	0.04uM	down
LJP007_NEU_24H_I16_masitinib_0.37uM up	923c4534-4a5e-4b48-a189-410bb0b29282	250	5.905217584741984e-05	0.025489589888778037	11.334	5	LJP007	NEU	24H	I16	masitinib	0.37uM	up
LJP008_HUVEC_24H_O08_AZ-20_3.33uM up	e6bd126c-d730-4b7d-96fd-15301b991531	250	5.905217584741984e-05	0.025489589888778037	11.334	5	LJP008	HUVEC	24H	O08	AZ-20	3.33uM	up
LJP009_PC3_24H_O20_veliparib_3.33uM up	b40a1174-3495-4016-8a7c-1aaa830b0e73	250	5.905217584741984e-05	0.025489589888778037	11.334	5	LJP009	PC3	24H	O20	veliparib	3.33uM	up
PBIOA006_XC.L10_24H_A23_VU-0418939-2_3.33uM up	7257ca5f-3ed3-4aea-9e1d-cc68a5eebd45	250	5.905217584741984e-05	0.025489589888778037	11.334	5	PBIOA006	XC.L10	24H	A23	VU-0418939-2	3.33uM	up
LKCP002_A549_48H_B10_tipifarnib_10uM up	0817f92b-17fe-408d-94dc-d77e8e9d6af0	250	5.905217584741984e-05	0.025489589888778037	11.334	5	LKCP002	A549	48H	B10	tipifarnib	10uM	up
LRS001_PHH.MGH_24H_L02_VU-0418947-2_3.33uM up	374a1cf4-c425-435f-9e51-490073d373b3	250	5.905217584741984e-05	0.025489589888778037	11.334	5	LRS001	PHH.MGH	24H	L02	VU-0418947-2	3.33uM	up
MOAR008_GI1_24H_M13_INCB-3284_10uM up	a5d2e051-ed09-427b-9ca9-fe091633c1a5	250	5.905217584741984e-05	0.025489589888778037	11.334	5	MOAR008	GI1	24H	M13	INCB-3284	10uM	up
MOAR012_GI1_24H_O08_CGM-097_3.33uM down	57ed26e4-95e3-45b7-9085-a5ded0a9a480	250	5.905217584741984e-05	0.025489589888778037	11.334	5	MOAR012	GI1	24H	O08	CGM-097	3.33uM	down
PAC010_U2OS_6H_K17_BRD-K77782946_10uM down	a6f92557-7b88-4b63-9616-f5a0fcbec5fa	250	5.905217584741984e-05	0.025489589888778037	11.334	5	PAC010	U2OS	6H	K17	BRD-K77782946	10uM	down
PAC024_U2OS_6H_N17_BRD-K83276573_10uM down	ded6384f-17ee-4a67-9d7f-7a01189b22c7	250	5.905217584741984e-05	0.025489589888778037	11.334	5	PAC024	U2OS	6H	N17	BRD-K83276573	10uM	down
PAC032_U2OS_6H_E11_BRD-K83775558_10uM down	14f6a473-d7d9-4602-acaa-505d950e6eed	250	5.905217584741984e-05	0.025489589888778037	11.334	5	PAC032	U2OS	6H	E11	BRD-K83775558	10uM	down
PAC065_U2OS_6H_B18_BRD-K71419092_10uM down	082851b2-885b-4bdd-805f-da563f18a8b4	250	5.905217584741984e-05	0.025489589888778037	11.334	5	PAC065	U2OS	6H	B18	BRD-K71419092	10uM	down
PAC067_U2OS_6H_D14_BRD-K07662722_10uM down	e35a9677-966b-455f-983c-db039bee03d5	250	5.905217584741984e-05	0.025489589888778037	11.334	5	PAC067	U2OS	6H	D14	BRD-K07662722	10uM	down
PCLB003_HA1E_24H_O20_crizotinib_3.33uM down	f83d3db9-0d1f-45ea-ab5c-545083ac4271	250	5.905217584741984e-05	0.025489589888778037	11.334	5	PCLB003	HA1E	24H	O20	crizotinib	3.33uM	down
PCLB001_HT29_24H_G05_BRD-K93367411_10uM up	33126483-7b2e-48a7-b8c5-e8cdd46b30f7	250	5.905217584741984e-05	0.025489589888778037	11.334	5	PCLB001	HT29	24H	G05	BRD-K93367411	10uM	up
REP.A006_MCF7_24H_A22_mubritinib_0.37uM up	c0f4c101-6ff2-42ca-b1b2-050bd0029de4	250	5.905217584741984e-05	0.025489589888778037	11.334	5	REP.A006	MCF7	24H	A22	mubritinib	0.37uM	up
REP.A009_HA1E_24H_J20_pravastatin_3.33uM down	5fcd9d31-18e1-4117-8873-7ea50fccbfec	250	5.905217584741984e-05	0.025489589888778037	11.334	5	REP.A009	HA1E	24H	J20	pravastatin	3.33uM	down
REP.A017_A375_24H_E15_lerisetron_1.11uM up	3a422fc1-023e-4fbb-95bd-e18000e10689	250	5.905217584741984e-05	0.025489589888778037	11.334	5	REP.A017	A375	24H	E15	lerisetron	1.11uM	up
REP.A021_MCF10A_24H_C18_nilotinib_0.04uM down	c5c82735-1eca-4c9b-bc32-ff551f11086a	250	5.905217584741984e-05	0.025489589888778037	11.334	5	REP.A021	MCF10A	24H	C18	nilotinib	0.04uM	down
REP.A021_MDAMB231_24H_K18_dideoxyadenosine_0.04uM down	313e72a5-7293-466a-b9bf-cc302192685c	250	5.905217584741984e-05	0.025489589888778037	11.334	5	REP.A021	MDAMB231	24H	K18	dideoxyadenosine	0.04uM	down
REP.A022_JURKAT_24H_B20_decitabine_3.33uM down	36797f62-b287-48dd-8bdd-d1232f24a04b	250	5.905217584741984e-05	0.025489589888778037	11.334	5	REP.A022	JURKAT	24H	B20	decitabine	3.33uM	down
REP.A023_PC3_24H_P19_diazoxide_10uM down	4c5b073a-4e94-4586-b424-136400221a8a	250	5.905217584741984e-05	0.025489589888778037	11.334	5	REP.A023	PC3	24H	P19	diazoxide	10uM	down
REP.A026_MCF7_24H_M08_epinastine_3.33uM down	b90d11cf-c635-4f10-8aaf-c65bd9b970f5	250	5.905217584741984e-05	0.025489589888778037	11.334	5	REP.A026	MCF7	24H	M08	epinastine	3.33uM	down
REP.B005_HELA_3H_I23_dabrafenib_0.03uM up	7b101825-b639-4cdb-8f36-92b283636bf4	250	5.905217584741984e-05	0.025489589888778037	11.334	5	REP.B005	HELA	3H	I23	dabrafenib	0.03uM	up
REP.B009_MDAMB231_24H_C19_bortezomib_20uM down	a6da5c6b-4c2c-4950-8609-a02b313fc7d4	250	5.905217584741984e-05	0.025489589888778037	11.334	5	REP.B009	MDAMB231	24H	C19	bortezomib	20uM	down
REP.B017_MCF7_24H_F20_tipifarnib-P2_0.74uM down	f704f3fb-33c7-403c-adda-3ff87631fdce	250	5.905217584741984e-05	0.025489589888778037	11.334	5	REP.B017	MCF7	24H	F20	tipifarnib-P2	0.74uM	down
RAD001_HCC515_6H_F03_gefitinib_10uM up	2bf2e13d-0414-4f4b-8039-ccebb501ac89	250	5.905217584741984e-05	0.025489589888778037	11.334	5	RAD001	HCC515	6H	F03	gefitinib	10uM	up
REP.B024_HT29_24H_N06_crizotinib_0.01uM up	28e10d82-9433-4a2d-8e63-7cd21661665c	250	5.905217584741984e-05	0.025489589888778037	11.334	5	REP.B024	HT29	24H	N06	crizotinib	0.01uM	up
XPR008_BICR6.311_96H_A10_KIF11 up	5861bef3-4703-4992-9467-3a26a989605f	250	5.905217584741984e-05	0.025489589888778037	11.334	5	XPR008	BICR6.311	96H	A10	KIF11	N/A	up
XPR009_PC3.311B_96H_P05_ACACB down	3d19fb60-9af3-45c9-bd03-f1ebac8cc0ec	250	5.905217584741984e-05	0.025489589888778037	11.334	5	XPR009	PC3.311B	96H	P05	ACACB	N/A	down
XPR011_PC3.311B_96H_P02_APEH down	bd4f6367-f84e-427d-b25c-f8e0072983b5	250	5.905217584741984e-05	0.025489589888778037	11.334	5	XPR011	PC3.311B	96H	P02	APEH	N/A	down
REP.A009_HT29_24H_H11_GDC-0834_0.125uM up	d0e5404a-5067-4a6c-8ff2-3cb517b66ebc	250	5.905217584741984e-05	0.025489589888778037	11.334	5	REP.A009	HT29	24H	H11	GDC-0834	0.125uM	up
XPR022_A375.311_96H_G09_PRSS16 down	e54811f7-7865-409c-90a4-6dac3bb5a09a	250	5.905217584741984e-05	0.025489589888778037	11.334	5	XPR022	A375.311	96H	G09	PRSS16	N/A	down
XPR025_BICR6.311_96H_N02_TIMP3 down	c398fa5f-cbdb-4628-9b81-34caa1505b8f	250	5.905217584741984e-05	0.025489589888778037	11.334	5	XPR025	BICR6.311	96H	N02	TIMP3	N/A	down
XPR037_AGS.311_96H_M11_FCGR2A up	7107e91b-34bd-4704-aaa7-fdcbc4bbf311	250	5.905217584741984e-05	0.025489589888778037	11.334	5	XPR037	AGS.311	96H	M11	FCGR2A	N/A	up
XPR037_BICR6.311_96H_J10_GGT7 down	d535d1ae-cb28-4dca-b820-cdc6914860ea	250	5.905217584741984e-05	0.025489589888778037	11.334	5	XPR037	BICR6.311	96H	J10	GGT7	N/A	down
REP.A012_PC3_24H_O21_cobimetinib_1.11uM up	2be09409-6ffe-4e77-8ebf-5ce5ebc19672	250	5.905217584741984e-05	0.025489589888778037	11.334	5	REP.A012	PC3	24H	O21	cobimetinib	1.11uM	up
XPR043_DANG.311_96H_F13_SLC25A4 up	6bbb7793-56fa-48ea-b8ca-b960d37b5f38	250	5.905217584741984e-05	0.025489589888778037	11.334	5	XPR043	DANG.311	96H	F13	SLC25A4	N/A	up
ASG002_CAL29_24H_I03_equilin_0.12uM up	0ca83c62-4091-4fb8-813c-28c24a83e7b0	250	5.905217584741984e-05	0.025489589888778037	11.334	5	ASG002	CAL29	24H	I03	equilin	0.12uM	up
REP.A024_MCF7_24H_L13_LY-2090314_10uM down	6b5db58f-31f2-4202-afbc-50b18bfc1e67	250	5.905217584741984e-05	0.025489589888778037	11.334	5	REP.A024	MCF7	24H	L13	LY-2090314	10uM	down
REP.B002_A549_24H_H02_PRX-08066_0.74uM up	d6aa2502-744c-4947-b28f-927d1a30d54e	250	5.905217584741984e-05	0.025489589888778037	11.334	5	REP.B002	A549	24H	H02	PRX-08066	0.74uM	up
CEGS002_HIMG001_24H_K20_verapamil_12.5uM up	af2fb392-9927-4456-a87f-0d1dad5c09c1	250	5.905217584741984e-05	0.025489589888778037	11.334	5	CEGS002	HIMG001	24H	K20	verapamil	12.5uM	up
REP.B008_MDAMB231_24H_H13_YM-155_2.22uM up	7f758928-3f8f-4e31-8d0e-a56d9573a471	250	5.905217584741984e-05	0.025489589888778037	11.334	5	REP.B008	MDAMB231	24H	H13	YM-155	2.22uM	up
CPC006_PC3_24H_N14_BRD-K93725829_0.5uM down	5981c6f7-4e98-4611-bec5-ddde031eb4f4	250	5.905217584741984e-05	0.025489589888778037	11.334	5	CPC006	PC3	24H	N14	BRD-K93725829	0.5uM	down
CPC006_PC3_6H_F21_parbendazole_0.3uM down	5b652689-8c98-4502-8ad1-0f17ccd32cfe	250	5.905217584741984e-05	0.025489589888778037	11.334	5	CPC006	PC3	6H	F21	parbendazole	0.3uM	down
CPC010_PC3_6H_H17_BRD-K27169919_10uM up	eb6a34b9-9611-492d-a90c-30480262a5e2	250	5.905217584741984e-05	0.025489589888778037	11.334	5	CPC010	PC3	6H	H17	BRD-K27169919	10uM	up
REP.B017_MCF10A_24H_H24_DPI-201106_0.01uM down	c504b4b7-857d-41d1-bb65-22187a86c502	250	5.905217584741984e-05	0.025489589888778037	11.334	5	REP.B017	MCF10A	24H	H24	DPI-201106	0.01uM	down
CPC013_NEU_24H_L13_BRD-K96704748_10uM up	42a4d515-4401-425e-ae3c-80eada0fb1bf	250	5.905217584741984e-05	0.025489589888778037	11.334	5	CPC013	NEU	24H	L13	BRD-K96704748	10uM	up
CPC014_HA1E_6H_N24_NVP-TAE684_10uM down	e22774ce-d2f4-4756-adbb-13ae860347e6	250	5.905217584741984e-05	0.025489589888778037	11.334	5	CPC014	HA1E	6H	N24	NVP-TAE684	10uM	down
CPC016_A549_6H_N17_AG-592_10uM up	41838a04-de09-41b4-8c88-038bfaa81c47	250	5.905217584741984e-05	0.025489589888778037	11.334	5	CPC016	A549	6H	N17	AG-592	10uM	up
CPC017_A549_6H_B04_vorinostat_10uM down	954796ed-ff72-46ca-9a84-b98f5c8b08bb	250	5.905217584741984e-05	0.025489589888778037	11.334	5	CPC017	A549	6H	B04	vorinostat	10uM	down
REP.B026_JURKAT_24H_N22_carisoprodol_0.08uM up	593ab0c5-a4cb-426c-823f-74b916477bd2	250	5.905217584741984e-05	0.025489589888778037	11.334	5	REP.B026	JURKAT	24H	N22	carisoprodol	0.08uM	up
CPD001_MCF7_24H_E23_methapyrilene_10uM up	aa85cde6-272e-406d-86f9-b1cbd823cb65	250	5.905217584741984e-05	0.025489589888778037	11.334	5	CPD001	MCF7	24H	E23	methapyrilene	10uM	up
CPD001_MCF7_6H_M12_chlortetracycline_10uM down	8a9bdf8b-b69c-42b5-a984-16da17b2c0ca	250	5.905217584741984e-05	0.025489589888778037	11.334	5	CPD001	MCF7	6H	M12	chlortetracycline	10uM	down
CRCGN016_MCF10A.TP53.M_24H_G14_tanespimycin_3.33uM down	658d516c-15e5-4d35-b07d-c884c432a6f4	250	5.905217584741984e-05	0.025489589888778037	11.334	5	CRCGN016	MCF10A.TP53.M	24H	G14	tanespimycin	3.33uM	down
DOS019_VCAP_24H_H11_BRD-K37993296_4uM down	426a4eea-2606-47ee-9467-c6067247fa64	250	5.905217584741984e-05	0.025489589888778037	11.334	5	DOS019	VCAP	24H	H11	BRD-K37993296	4uM	down
DOS027_VCAP_6H_J17_BRD-M79326715_4uM up	75e3f869-d297-45dc-b59c-18c46ee3df50	250	5.905217584741984e-05	0.025489589888778037	11.334	5	DOS027	VCAP	6H	J17	BRD-M79326715	4uM	up
DOS039_A375_24H_F22_BRD-K24282403_4uM down	2b1d0d75-ebb6-42c6-8e19-f5b08952de65	250	5.905217584741984e-05	0.025489589888778037	11.334	5	DOS039	A375	24H	F22	BRD-K24282403	4uM	down
DOSBIO002_PC3_24H_H19_BRD-K64864583_10uM down	4deb5f9c-3326-448e-a29d-2cf3d2439819	250	5.905217584741984e-05	0.025489589888778037	11.334	5	DOSBIO002	PC3	24H	H19	BRD-K64864583	10uM	down
DOSVAL003_MCF7_24H_J07_BRD-K08266813_20uM up	4e29946e-7e5b-4e33-856b-21cce9dc8723	250	5.905217584741984e-05	0.025489589888778037	11.334	5	DOSVAL003	MCF7	24H	J07	BRD-K08266813	20uM	up
DOSVAL005_HA1E_24H_J12_BRD-K46769156_4uM up	c12c7b21-e607-41a0-b57b-3f499c462a91	250	5.905217584741984e-05	0.025489589888778037	11.334	5	DOSVAL005	HA1E	24H	J12	BRD-K46769156	4uM	up
DOSVAL006_HT29_24H_C24_tanespimycin_4uM down	07fad7b5-bc24-4eea-9dad-b1451c0c606e	250	5.905217584741984e-05	0.025489589888778037	11.334	5	DOSVAL006	HT29	24H	C24	tanespimycin	4uM	down
EMU001_THP1_6H_N21_GDC-0199_0.66uM up	44803d48-f355-4f94-9bf1-b6cec0e7dfd9	250	5.905217584741984e-05	0.025489589888778037	11.334	5	EMU001	THP1	6H	N21	GDC-0199	0.66uM	up
ISO002_HCT116.WT_24H_N11_LGX-818_0.125uM down	ad446045-9d0c-440c-bc6c-54d945136b46	250	5.905217584741984e-05	0.025489589888778037	11.334	5	ISO002	HCT116.WT	24H	N11	LGX-818	0.125uM	down
REP.B027_HA1E_24H_D24_ingenol-mebutate_0.01uM down	f7b3305c-a611-4832-940c-e57bf43b6f43	250	5.905217584741984e-05	0.025489589888778037	11.334	5	REP.B027	HA1E	24H	D24	ingenol-mebutate	0.01uM	down
REP.B027_THP1_24H_N20_tanaproget_0.74uM up	307334ab-2d82-4c80-8272-cd7c7132e801	250	5.905217584741984e-05	0.025489589888778037	11.334	5	REP.B027	THP1	24H	N20	tanaproget	0.74uM	up
LJP001_HS578T_24H_L01_selumetinib_0.37uM up	49a05b05-b3c1-40b0-9597-6806061771ad	250	5.905217584741984e-05	0.025489589888778037	11.334	5	LJP001	HS578T	24H	L01	selumetinib	0.37uM	up
LJP007_MDAMB231_24H_P12_AT-7867_0.04uM up	f82a4bbe-e26b-449e-929d-ce6d0d343563	250	5.905217584741984e-05	0.025489589888778037	11.334	5	LJP007	MDAMB231	24H	P12	AT-7867	0.04uM	up
LJP008_HUVEC.A_24H_G04_PFI-1_0.37uM down	a617bccb-12bf-4c8b-9867-ba04afbf4441	250	5.905217584741984e-05	0.025489589888778037	11.334	5	LJP008	HUVEC.A	24H	G04	PFI-1	0.37uM	down
LJP008_SKL_24H_C12_iniparib_0.04uM up	7d32a97c-7ddd-4805-9e82-6c590996f12d	250	5.905217584741984e-05	0.025489589888778037	11.334	5	LJP008	SKL	24H	C12	iniparib	0.04uM	up
LKCP002_A549_6H_O10_azacitidine_10uM up	1967a2db-35f5-4ba5-84f6-68144a28aeee	250	5.905217584741984e-05	0.025489589888778037	11.334	5	LKCP002	A549	6H	O10	azacitidine	10uM	up
LKCP002_MCF7_48H_M09_canertinib_0.12uM down	586c1a50-3cba-4166-a403-4f13cae1dc44	250	5.905217584741984e-05	0.025489589888778037	11.334	5	LKCP002	MCF7	48H	M09	canertinib	0.12uM	down
MOAR003_PC3_24H_G21_SMI-4a_1.11uM up	41dd5729-69f4-47e3-bb0b-814d2a98ec97	250	5.905217584741984e-05	0.025489589888778037	11.334	5	MOAR003	PC3	24H	G21	SMI-4a	1.11uM	up
MOAR009_BEN_24H_J10_phenelzine_10uM up	5d69e300-9523-4e1b-8197-a53423a7baa5	250	5.905217584741984e-05	0.025489589888778037	11.334	5	MOAR009	BEN	24H	J10	phenelzine	10uM	up
MOAR017_HAP1_24H_H24_dequalinium_0.66uM up	d929a0a7-5f28-4bf2-a668-365afda81190	250	5.905217584741984e-05	0.025489589888778037	11.334	5	MOAR017	HAP1	24H	H24	dequalinium	0.66uM	up
XPR016_AGS.311_96H_O23_DOHH up	d34c07ed-fae1-4d07-97a4-74fbfc7cf344	250	5.905217584741984e-05	0.025489589888778037	11.334	5	XPR016	AGS.311	96H	O23	DOHH	N/A	up
MUC.CP008_HA1E_24H_N14_TG-101348_3.33uM down	01b50184-0514-4219-bff5-7312f5557c50	250	5.905217584741984e-05	0.025489589888778037	11.334	5	MUC.CP008	HA1E	24H	N14	TG-101348	3.33uM	down
PAC018_U2OS_6H_C13_BRD-K03810133_10uM down	1fcc2d4c-4bed-46da-a6f9-46edfed284ca	250	5.905217584741984e-05	0.025489589888778037	11.334	5	PAC018	U2OS	6H	C13	BRD-K03810133	10uM	down
PAC036_U2OS_6H_C02_BRD-K63813530_10uM down	caab172e-6b21-4cfa-8cb2-ac2427fd4763	250	5.905217584741984e-05	0.025489589888778037	11.334	5	PAC036	U2OS	6H	C02	BRD-K63813530	10uM	down
XPR017_BICR6.311_96H_L11_HOMER2 down	59fc881a-cf97-4d30-bb5a-805327c73f30	250	5.905217584741984e-05	0.025489589888778037	11.334	5	XPR017	BICR6.311	96H	L11	HOMER2	N/A	down
PBIOA019_A375_24H_B14_BRD-K83525166_3.33uM down	93d9d520-5131-4a26-92e1-0fad63c7a6e7	250	5.905217584741984e-05	0.025489589888778037	11.334	5	PBIOA019	A375	24H	B14	BRD-K83525166	3.33uM	down
PCL001_HEPG2_24H_J10_BRD-A89859721_0.37uM down	d12a8476-a57b-4cfc-813d-bd51bca6660b	250	5.905217584741984e-05	0.025489589888778037	11.334	5	PCL001	HEPG2	24H	J10	BRD-A89859721	0.37uM	down
REP.A012_THP1_24H_P07_lersivirine_10uM up	8dc6633d-45da-4b26-bfcc-336a6caaea5e	250	5.905217584741984e-05	0.025489589888778037	11.334	5	REP.A012	THP1	24H	P07	lersivirine	10uM	up
REP.A022_THP1_24H_H20_birinapant_3.33uM down	9244c83c-9b18-4003-a428-2ecc1996933f	250	5.905217584741984e-05	0.025489589888778037	11.334	5	REP.A022	THP1	24H	H20	birinapant	3.33uM	down
REP.A023_HA1E_24H_G23_ibrutinib_0.125uM down	795cc52c-a354-4634-be69-6ec06c5cb628	250	5.905217584741984e-05	0.025489589888778037	11.334	5	REP.A023	HA1E	24H	G23	ibrutinib	0.125uM	down
REP.A027_YAPC_24H_D24_ingenol-mebutate_0.04uM up	015fcf11-9326-4762-98b3-78791968b324	250	5.905217584741984e-05	0.025489589888778037	11.334	5	REP.A027	YAPC	24H	D24	ingenol-mebutate	0.04uM	up
XPR034_YAPC.311_96H_M14_MAP3K15 down	0c1a2f2b-e7e1-463b-b4be-ccd8d3085438	250	5.905217584741984e-05	0.025489589888778037	11.334	5	XPR034	YAPC.311	96H	M14	MAP3K15	N/A	down
REP.B024_HA1E_24H_L13_LY-2090314_2.22uM down	bb6a4f47-17ec-4aa7-bfaa-644167b32332	250	5.905217584741984e-05	0.025489589888778037	11.334	5	REP.B024	HA1E	24H	L13	LY-2090314	2.22uM	down
REP.B027_A375_24H_K17_istaroxime_0.03uM up	6b1c8e7c-e25e-4bf9-9430-2962c1589e02	250	5.905217584741984e-05	0.025489589888778037	11.334	5	REP.B027	A375	24H	K17	istaroxime	0.03uM	up
REP.B027_HA1E_24H_F21_darifenacin_0.25uM up	bc2619fd-2544-47b3-84f9-285d0371620e	250	5.905217584741984e-05	0.025489589888778037	11.334	5	REP.B027	HA1E	24H	F21	darifenacin	0.25uM	up
XPR008_BICR6.311_96H_I19_VCP up	fd440d60-0812-478f-94bd-eefb01c322a1	250	5.905217584741984e-05	0.025489589888778037	11.334	5	XPR008	BICR6.311	96H	I19	VCP	N/A	up
XPR014_A549.311_96H_J03_CHD8 up	ac0a8f69-c098-41d3-b077-217423398875	250	5.905217584741984e-05	0.025489589888778037	11.334	5	XPR014	A549.311	96H	J03	CHD8	N/A	up
XPR016_A375.311_96H_C19_DUSP4 up	60ef4069-ed73-473a-8b50-5c4949d50143	250	5.905217584741984e-05	0.025489589888778037	11.334	5	XPR016	A375.311	96H	C19	DUSP4	N/A	up
XPR018_AGS.311_96H_L17_ITGA3 up	ad1d3e00-7fda-44d9-a892-e1bbde608ddf	250	5.905217584741984e-05	0.025489589888778037	11.334	5	XPR018	AGS.311	96H	L17	ITGA3	N/A	up
XPR018_MCF7.311_96H_B09_ISM1 up	cf804f67-ce3f-4811-ab75-600b2c11f524	250	5.905217584741984e-05	0.025489589888778037	11.334	5	XPR018	MCF7.311	96H	B09	ISM1	N/A	up
XPR022_YAPC.311_96H_J21_QKI down	3074bc7b-b95e-4d7d-adc3-78527ed43cac	250	5.905217584741984e-05	0.025489589888778037	11.334	5	XPR022	YAPC.311	96H	J21	QKI	N/A	down
XPR032_YAPC.311_96H_A20_ORM2 down	09bde50b-26fa-483d-b26d-cb82b28b067a	250	5.905217584741984e-05	0.025489589888778037	11.334	5	XPR032	YAPC.311	96H	A20	ORM2	N/A	down
XPR036_A549.311_96H_F13_PTK7 down	8d9a4711-5c4d-45fe-a6da-c3ea55a58cc0	250	5.905217584741984e-05	0.025489589888778037	11.334	5	XPR036	A549.311	96H	F13	PTK7	N/A	down
XPR041_SNGM.311_96H_F14_IL4R down	910e347a-477f-4111-a462-d7cee83b829c	250	5.905217584741984e-05	0.025489589888778037	11.334	5	XPR041	SNGM.311	96H	F14	IL4R	N/A	down
DOSVAL002_HT29_24H_B17_BRD-K95549765_10uM down	c429e148-716c-443a-bb3a-0403226ec2e2	250	5.905217584741984e-05	0.025489589888778037	11.334	5	DOSVAL002	HT29	24H	B17	BRD-K95549765	10uM	down
AICHI002_OCILY19_24H_B09_ZM-447439_0.66uM up	05eb6e2c-7ba5-40ec-ae41-8b0fc7993d32	250	5.905217584741984e-05	0.025489589888778037	11.334	5	AICHI002	OCILY19	24H	B09	ZM-447439	0.66uM	up
ASG003_XC.500_24H_F17_idarubicin_1.11uM up	b69d8b2b-4758-4edb-bb2b-9484ad1b89a9	250	5.905217584741984e-05	0.025489589888778037	11.334	5	ASG003	XC.500	24H	F17	idarubicin	1.11uM	up
ASG003_XC.P031_24H_D02_obatoclax_1.11uM up	e324c2be-a1cd-4f3d-bfd1-b747c21c5b8a	250	5.905217584741984e-05	0.025489589888778037	11.334	5	ASG003	XC.P031	24H	D02	obatoclax	1.11uM	up
ASG003_XC.P906_24H_D03_obatoclax_0.12uM up	abf26db8-1a06-4ea5-81ba-c031273b52cb	250	5.905217584741984e-05	0.025489589888778037	11.334	5	ASG003	XC.P906	24H	D03	obatoclax	0.12uM	up
ASG003_XC.P932_24H_N08_TW-37_0.74uM up	649a2a65-cc7a-4317-a7ce-8c008b7ef3b4	250	5.905217584741984e-05	0.025489589888778037	11.334	5	ASG003	XC.P932	24H	N08	TW-37	0.74uM	up
CPC001_HA1E_6H_F11_sarmentogenin_10uM up	1a3f26f4-19bf-4219-bd0a-fbd6f74d0575	250	5.905217584741984e-05	0.025489589888778037	11.334	5	CPC001	HA1E	6H	F11	sarmentogenin	10uM	up
EMU001_MINO_24H_D24_edaravone_0.01uM down	c7ee927f-cd97-4f83-b963-27b5f1c6a31c	250	5.905217584741984e-05	0.025489589888778037	11.334	5	EMU001	MINO	24H	D24	edaravone	0.01uM	down
CPC003_HA1E_24H_L19_BRD-K63792901_10uM up	9a51ac1c-a5d7-442d-b6d5-22b0e4f2ccca	250	5.905217584741984e-05	0.025489589888778037	11.334	5	CPC003	HA1E	24H	L19	BRD-K63792901	10uM	up
ASG003_MCF7_6H_G04_amlodipine_10uM up	054f05bc-a35b-4c11-a8b5-9e8d199da98e	250	5.905217584741984e-05	0.025489589888778037	11.334	5	ASG003	MCF7	6H	G04	amlodipine	10uM	up
CPC006_VCAP_24H_N02_DG-041_40uM up	11c77947-0223-4eca-97c9-c885c2b5cb39	250	5.905217584741984e-05	0.025489589888778037	11.334	5	CPC006	VCAP	24H	N02	DG-041	40uM	up
CPC008_HEPG2_6H_L13_VU-0413243-1_10uM down	56431a37-69fa-4cd3-b6d1-c6882f68543f	250	5.905217584741984e-05	0.025489589888778037	11.334	5	CPC008	HEPG2	6H	L13	VU-0413243-1	10uM	down
ASG003_U2OS_48H_N09_TW-37_0.08uM up	206d006a-692f-4d21-a499-157455ea258b	250	5.905217584741984e-05	0.025489589888778037	11.334	5	ASG003	U2OS	48H	N09	TW-37	0.08uM	up
CPC014_VCAP_24H_P17_antimycin-a_10uM up	5c4bcb98-c10c-441f-8bb4-29b90be04792	250	5.905217584741984e-05	0.025489589888778037	11.334	5	CPC014	VCAP	24H	P17	antimycin-a	10uM	up
CPC019_PC3_6H_C15_BRD-K50177987_10uM down	48cfd080-e853-4683-875c-460c2716b244	250	5.905217584741984e-05	0.025489589888778037	11.334	5	CPC019	PC3	6H	C15	BRD-K50177987	10uM	down
ASG003_XC.P033_24H_B16_erlotinib_10uM up	ce93718e-80de-44a2-bd4d-d066015f9fd6	250	5.905217584741984e-05	0.025489589888778037	11.334	5	ASG003	XC.P033	24H	B16	erlotinib	10uM	up
CRCGN012_HEPG2_24H_M22_pregnenolone_2.5uM up	44ac8c4d-685c-4bc0-9def-d4351aa5561a	250	5.905217584741984e-05	0.025489589888778037	11.334	5	CRCGN012	HEPG2	24H	M22	pregnenolone	2.5uM	up
DOS022_VCAP_24H_F04_BRD-K65481562_4uM up	8960b3e0-b34f-47e1-ae6f-541fc6cf8213	250	5.905217584741984e-05	0.025489589888778037	11.334	5	DOS022	VCAP	24H	F04	BRD-K65481562	4uM	up
DOS056_A549_24H_P04_BRD-K85885948_4uM down	1779532f-3e99-430e-ad12-500db3cc2a6c	250	5.905217584741984e-05	0.025489589888778037	11.334	5	DOS056	A549	24H	P04	BRD-K85885948	4uM	down
DOSVAL004_HA1E_24H_M20_BRD-K55596430_10uM up	982036ca-0c6c-4f66-90ad-60080efd1ea6	250	5.905217584741984e-05	0.025489589888778037	11.334	5	DOSVAL004	HA1E	24H	M20	BRD-K55596430	10uM	up
DOSVAL005_MCF7_24H_P05_BRD-K44732214_10uM up	d79bb3ef-1339-4d7a-a97a-77f8f28ef5ec	250	5.905217584741984e-05	0.025489589888778037	11.334	5	DOSVAL005	MCF7	24H	P05	BRD-K44732214	10uM	up
ASG003_XC.P908_24H_I05_crizotinib_1.11uM up	b8165dd4-d22a-4f1b-a9ac-e2113f18e392	250	5.905217584741984e-05	0.025489589888778037	11.334	5	ASG003	XC.P908	24H	I05	crizotinib	1.11uM	up
CPC001_VCAP_24H_P23_SYK-inhibitor_10uM down	79e55d2b-d2a7-4df4-bfcf-26bee0c94b7c	250	5.905217584741984e-05	0.025489589888778037	11.334	5	CPC001	VCAP	24H	P23	SYK-inhibitor	10uM	down
ERG012_VCAP_6H_J10_BRD-K85413794_0.66uM down	4cea743a-5eb0-4e7c-9cc5-8303b8ce9c95	250	5.905217584741984e-05	0.025489589888778037	11.334	5	ERG012	VCAP	6H	J10	BRD-K85413794	0.66uM	down
CPC006_HA1E_6H_F12_GW-405833_40uM up	5ce88e7a-a48d-48db-bcf6-3d183d0d9265	250	5.905217584741984e-05	0.025489589888778037	11.334	5	CPC006	HA1E	6H	F12	GW-405833	40uM	up
FIBR013_MCLF162SZ_6H_N14_FCCP_4uM up	9a8b6149-2adb-42a5-9357-41444e312fae	250	5.905217584741984e-05	0.025489589888778037	11.334	5	FIBR013	MCLF162SZ	6H	N14	FCCP	4uM	up
FIBR040_MCLF056CN_6H_D09_pyrvinium-pamoate_2.22uM down	672aabee-7922-4e0e-904a-8c1722760928	250	5.905217584741984e-05	0.025489589888778037	11.334	5	FIBR040	MCLF056CN	6H	D09	pyrvinium-pamoate	2.22uM	down
LJP001_BT20_6H_I07_PD-184352_10uM down	5840f73f-0a12-4f74-a2f8-929a73890940	250	5.905217584741984e-05	0.025489589888778037	11.334	5	LJP001	BT20	6H	I07	PD-184352	10uM	down
LJP001_BT20_6H_O15_WZ-4002_10uM down	ad563849-15a5-4d8c-a2c5-747716226ead	250	5.905217584741984e-05	0.025489589888778037	11.334	5	LJP001	BT20	6H	O15	WZ-4002	10uM	down
LJP005_HA1E_24H_M01_TWS-119_10uM down	90f7fa95-4b55-4bca-be19-785f707169c9	250	5.905217584741984e-05	0.025489589888778037	11.334	5	LJP005	HA1E	24H	M01	TWS-119	10uM	down
LJP006_HA1E_24H_P03_Y-39983_1.11uM down	d8c351cb-1c64-458c-bd8d-5193fb59be54	250	5.905217584741984e-05	0.025489589888778037	11.334	5	LJP006	HA1E	24H	P03	Y-39983	1.11uM	down
LJP006_HS578T_3H_L14_sirolimus_3.33uM up	600baf10-9aa0-4ee0-8b3d-e820a5710b19	250	5.905217584741984e-05	0.025489589888778037	11.334	5	LJP006	HS578T	3H	L14	sirolimus	3.33uM	up
LJP007_HEK293_24H_G16_dasatinib_0.37uM down	4e153085-72d6-43d1-9c57-54c2c59a805f	250	5.905217584741984e-05	0.025489589888778037	11.334	5	LJP007	HEK293	24H	G16	dasatinib	0.37uM	down
LKCP001_U2OS_24H_J07_delanzomib_10uM up	e50c5467-ade6-4662-a105-e9a86d60f323	250	5.905217584741984e-05	0.025489589888778037	11.334	5	LKCP001	U2OS	24H	J07	delanzomib	10uM	up
LRS001_PHH.MGH_24H_H03_rucaparib_1.11uM up	65dffda8-e73e-402d-b9b7-4e717eaa2bb3	250	5.905217584741984e-05	0.025489589888778037	11.334	5	LRS001	PHH.MGH	24H	H03	rucaparib	1.11uM	up
MOAR009_IGR37_24H_J11_phenelzine_3.33uM up	e4db7535-57c0-4be9-95c2-420f9132a575	250	5.905217584741984e-05	0.025489589888778037	11.334	5	MOAR009	IGR37	24H	J11	phenelzine	3.33uM	up
CPC006_SNUC5_6H_D20_BRD-K07303502_80uM up	31081dea-9415-43c6-a0f9-ab747419dacc	250	5.905217584741984e-05	0.025489589888778037	11.334	5	CPC006	SNUC5	6H	D20	BRD-K07303502	80uM	up
MOAR011_MDAMB468_24H_F15_floctafenine_1.11uM up	2b9c0798-f316-44fe-8751-e731a4b6479d	250	5.905217584741984e-05	0.025489589888778037	11.334	5	MOAR011	MDAMB468	24H	F15	floctafenine	1.11uM	up
MUC.CP002_MCF7_24H_J20_benfluorex_0.37uM down	35293237-3651-4287-af0d-f3294001af7d	250	5.905217584741984e-05	0.025489589888778037	11.334	5	MUC.CP002	MCF7	24H	J20	benfluorex	0.37uM	down
CPC009_HCC515_6H_K21_BRD-K14788918_10uM up	0a87e109-9a92-401c-9eec-8db45bb25440	250	5.905217584741984e-05	0.025489589888778037	11.334	5	CPC009	HCC515	6H	K21	BRD-K14788918	10uM	up
PAC016_U2OS_6H_N08_BRD-K56341841_10uM down	4c358e68-b29b-4d18-a788-5f163290d693	250	5.905217584741984e-05	0.025489589888778037	11.334	5	PAC016	U2OS	6H	N08	BRD-K56341841	10uM	down
PAC026_U2OS_6H_D06_BRD-K91575768_10uM down	d4a8202f-2a3a-49a1-a857-08c09ff5c97e	250	5.905217584741984e-05	0.025489589888778037	11.334	5	PAC026	U2OS	6H	D06	BRD-K91575768	10uM	down
PBIOA018_A375_24H_C01_glibenclamide_10uM up	d9143b92-4035-4082-97a0-6fe50ec93a46	250	5.905217584741984e-05	0.025489589888778037	11.334	5	PBIOA018	A375	24H	C01	glibenclamide	10uM	up
PCLB002_HA1E_24H_B10_raloxifene_0.37uM down	ec1244b2-7c3c-4b10-9c50-9b8dd1465c26	250	5.905217584741984e-05	0.025489589888778037	11.334	5	PCLB002	HA1E	24H	B10	raloxifene	0.37uM	down
REP.A002_XC.L10_24H_P16_estriol_0.37uM down	220dca91-7553-46be-b89c-e6428ae13258	250	5.905217584741984e-05	0.025489589888778037	11.334	5	REP.A002	XC.L10	24H	P16	estriol	0.37uM	down
REP.A003_JURKAT_24H_L15_PD-123319_1.11uM up	14ffa6d8-7ef1-4962-9d70-6fc421b3dae3	250	5.905217584741984e-05	0.025489589888778037	11.334	5	REP.A003	JURKAT	24H	L15	PD-123319	1.11uM	up
REP.A005_HELA_24H_E06_pelitinib_0.04uM down	25d714fb-59b4-4aee-9ad4-2039b363eec6	250	5.905217584741984e-05	0.025489589888778037	11.334	5	REP.A005	HELA	24H	E06	pelitinib	0.04uM	down
REP.A005_HELA_24H_H21_levofloxacin_1.11uM up	93d6a6da-76b5-46f4-bdb3-93acb3256da7	250	5.905217584741984e-05	0.025489589888778037	11.334	5	REP.A005	HELA	24H	H21	levofloxacin	1.11uM	up
REP.A005_MCF7_24H_A12_danusertib_0.04uM down	f373ca07-de85-4e88-b36d-639a9598dc84	250	5.905217584741984e-05	0.025489589888778037	11.334	5	REP.A005	MCF7	24H	A12	danusertib	0.04uM	down
REP.A010_MCF10A_24H_P03_carfilzomib_1.11uM down	41a70578-0f57-4d73-a548-14d3abd9076a	250	5.905217584741984e-05	0.025489589888778037	11.334	5	REP.A010	MCF10A	24H	P03	carfilzomib	1.11uM	down
REP.A011_PC3_24H_D24_LY-2334737_0.04uM up	254af5c0-8a85-4e06-b52d-ed13ffbd76fb	250	5.905217584741984e-05	0.025489589888778037	11.334	5	REP.A011	PC3	24H	D24	LY-2334737	0.04uM	up
REP.A015_HEK293_24H_I14_rocuronium_3.33uM up	84009e61-df7b-4f6b-8d10-e0eab230a717	250	5.905217584741984e-05	0.025489589888778037	11.334	5	REP.A015	HEK293	24H	I14	rocuronium	3.33uM	up
REP.B016_HEK293_24H_K24_fluphenazine_0.01uM down	b6f7a848-092a-4530-b253-e9b34967f5dd	250	5.905217584741984e-05	0.025489589888778037	11.334	5	REP.B016	HEK293	24H	K24	fluphenazine	0.01uM	down
REP.B020_HEK293_24H_H09_bromocriptine_0.25uM down	8b333d65-c53c-4d10-b709-322aaf47e7c1	250	5.905217584741984e-05	0.025489589888778037	11.334	5	REP.B020	HEK293	24H	H09	bromocriptine	0.25uM	down
REP.B024_MDAMB231_24H_D06_naftifine_0.01uM down	9bffa799-6f55-4a51-8196-34550ee4502a	250	5.905217584741984e-05	0.025489589888778037	11.334	5	REP.B024	MDAMB231	24H	D06	naftifine	0.01uM	down
XPR008_BICR6.311_96H_E03_DNMT1 up	aca30592-b656-465e-940b-9e52ca86e2f5	250	5.905217584741984e-05	0.025489589888778037	11.334	5	XPR008	BICR6.311	96H	E03	DNMT1	N/A	up
XPR008_U251MG.311_96H_J05_SOAT2 down	b0fd698f-0363-41f6-bc6e-3c431ec29018	250	5.905217584741984e-05	0.025489589888778037	11.334	5	XPR008	U251MG.311	96H	J05	SOAT2	N/A	down
XPR009_BICR6.311_96H_F15_P2RY12 up	806f35b5-3403-4bae-bd9c-5b3d2392a890	250	5.905217584741984e-05	0.025489589888778037	11.334	5	XPR009	BICR6.311	96H	F15	P2RY12	N/A	up
XPR009_MCF7.311_96H_D22_OPRL1 up	4b781271-520f-42e1-a229-a5a9512c8141	250	5.905217584741984e-05	0.025489589888778037	11.334	5	XPR009	MCF7.311	96H	D22	OPRL1	N/A	up
XPR015_U251MG.311_96H_L09_DAPP1 down	c0f8d18f-063b-4ac6-a9c8-c42e5bbad0ef	250	5.905217584741984e-05	0.025489589888778037	11.334	5	XPR015	U251MG.311	96H	L09	DAPP1	N/A	down
XPR018_YAPC.311_96H_P08_ITLN1 down	1b513ad4-8c76-4a09-b6b6-2c1ccb41eda2	250	5.905217584741984e-05	0.025489589888778037	11.334	5	XPR018	YAPC.311	96H	P08	ITLN1	N/A	down
XPR025_PC3.311B_96H_H04_TGFB2 up	6af61a60-48f9-4485-ad58-954ad92561d5	250	5.905217584741984e-05	0.025489589888778037	11.334	5	XPR025	PC3.311B	96H	H04	TGFB2	N/A	up
XPR029_PC3.311B_96H_H14_KCNA10 down	7e4c07bb-cbba-4fb0-915b-82c4f2b79f7d	250	5.905217584741984e-05	0.025489589888778037	11.334	5	XPR029	PC3.311B	96H	H14	KCNA10	N/A	down
XPR032_A549.311_96H_G01_CTSF up	37cdb630-bab8-4858-9dd9-193c5f5cf52d	250	5.905217584741984e-05	0.025489589888778037	11.334	5	XPR032	A549.311	96H	G01	CTSF	N/A	up
XPR040_DANG.311_96H_N22_SARS up	0dfe063f-5902-4c84-8b55-8e75b17c5516	250	5.905217584741984e-05	0.025489589888778037	11.334	5	XPR040	DANG.311	96H	N22	SARS	N/A	up
XPR043_HCC1806.311_96H_A23_BCL2L1 down	62b61b00-d38a-4026-aeca-e88ea481375e	250	5.905217584741984e-05	0.025489589888778037	11.334	5	XPR043	HCC1806.311	96H	A23	BCL2L1	N/A	down
ASG002_G401_24H_F11_floxuridine_1.11uM down	a9ca28ea-898a-48b3-83e1-0396a721ef23	250	5.905217584741984e-05	0.025489589888778037	11.334	5	ASG002	G401	24H	F11	floxuridine	1.11uM	down
ASG002_GP2D_24H_J09_lopinavir_0.12uM down	1537b6c9-57cf-4c7e-9d88-3f686a4e7328	250	5.905217584741984e-05	0.025489589888778037	11.334	5	ASG002	GP2D	24H	J09	lopinavir	0.12uM	down
ASG002_HEC1A_24H_N06_BRD-K61033289_0.12uM down	a70d0146-7ec9-4551-9609-c99884e33da3	250	5.905217584741984e-05	0.025489589888778037	11.334	5	ASG002	HEC1A	24H	N06	BRD-K61033289	0.12uM	down
ASG002_MDAMB468_24H_P15_ixazomib_0.12uM down	62f667cb-7614-48cd-8b0a-7c7d685761fc	250	5.905217584741984e-05	0.025489589888778037	11.334	5	ASG002	MDAMB468	24H	P15	ixazomib	0.12uM	down
ASG002_MKN45_24H_E19_masitinib_10uM up	9797c6bc-ed81-41d0-bd1f-f3a6e56d27f5	250	5.905217584741984e-05	0.025489589888778037	11.334	5	ASG002	MKN45	24H	E19	masitinib	10uM	up
ASG002_MKN45_24H_J19_AZ-628_10uM down	2cec14cb-1774-426a-9f6b-8db6c619b0f4	250	5.905217584741984e-05	0.025489589888778037	11.334	5	ASG002	MKN45	24H	J19	AZ-628	10uM	down
ASG003_XC.P031_24H_P06_PHA-793887_0.12uM down	6e0cd48e-9c74-4b4e-99fe-9be295185614	250	5.905217584741984e-05	0.025489589888778037	11.334	5	ASG003	XC.P031	24H	P06	PHA-793887	0.12uM	down
ASG003_XC.P033_24H_K19_BRD-K63750851_10uM up	6daa47f6-4b55-48d4-98c0-3a9f8d3a59ec	250	5.905217584741984e-05	0.025489589888778037	11.334	5	ASG003	XC.P033	24H	K19	BRD-K63750851	10uM	up
CPC005_VCAP_24H_P07_U-0124_10uM down	3cf7ae51-94ba-40a8-9d1e-36c722706171	250	5.905217584741984e-05	0.025489589888778037	11.334	5	CPC005	VCAP	24H	P07	U-0124	10uM	down
CPC006_HT115_6H_F13_maraviroc_10uM down	33d25191-dc67-4d17-95a8-4304de4fbc4c	250	5.905217584741984e-05	0.025489589888778037	11.334	5	CPC006	HT115	6H	F13	maraviroc	10uM	down
CPC010_PC3_6H_M08_BRD-K36772364_10uM up	9ea0ff6e-d769-4862-85d6-3c08e819e8cc	250	5.905217584741984e-05	0.025489589888778037	11.334	5	CPC010	PC3	6H	M08	BRD-K36772364	10uM	up
CPC006_T3M10_6H_N21_BMS-754807_10uM up	57659fed-cb7c-4112-80b0-7baebed06d67	250	5.905217584741984e-05	0.025489589888778037	11.334	5	CPC006	T3M10	6H	N21	BMS-754807	10uM	up
CPC007_HA1E_24H_H12_BRD-A24021119_10uM up	4fcd5669-c1b7-4b71-9f7d-ffbf522bbd92	250	5.905217584741984e-05	0.025489589888778037	11.334	5	CPC007	HA1E	24H	H12	BRD-A24021119	10uM	up
CPC011_A549_24H_D01_BRD-A19037878_10uM down	5ffe2057-5ec0-4120-9878-ac2ba58b9649	250	5.905217584741984e-05	0.025489589888778037	11.334	5	CPC011	A549	24H	D01	BRD-A19037878	10uM	down
CPC012_HCC515_6H_F21_VU-0410183-2_10uM up	51427010-29a3-45d1-a7d1-4690f279d403	250	5.905217584741984e-05	0.025489589888778037	11.334	5	CPC012	HCC515	6H	F21	VU-0410183-2	10uM	up
CPC012_HCC515_6H_O20_BRD-A43155244_10uM down	2c87c965-ed3c-4903-8e7f-2c49cb871191	250	5.905217584741984e-05	0.025489589888778037	11.334	5	CPC012	HCC515	6H	O20	BRD-A43155244	10uM	down
CPC014_ASC_24H_D17_TTNPB_10uM down	8e9f44d8-4074-4189-b9a4-c210742ae385	250	5.905217584741984e-05	0.025489589888778037	11.334	5	CPC014	ASC	24H	D17	TTNPB	10uM	down
CPC014_HT29_6H_H07_cholic-acid_10uM up	3b678bd3-82eb-4e8e-9514-669e9b090bea	250	5.905217584741984e-05	0.025489589888778037	11.334	5	CPC014	HT29	6H	H07	cholic-acid	10uM	up
CPC014_NPC_24H_C04_vinorelbine_10uM up	87206f22-b4ec-4d1d-bd3f-2652af89393c	250	5.905217584741984e-05	0.025489589888778037	11.334	5	CPC014	NPC	24H	C04	vinorelbine	10uM	up
CPC019_PC3_6H_F14_BRD-K08995965_10uM down	84a28ff5-787e-4437-b71c-e908f84c989a	250	5.905217584741984e-05	0.025489589888778037	11.334	5	CPC019	PC3	6H	F14	BRD-K08995965	10uM	down
CPC020_PC3_6H_G12_meropenem_10uM down	95646911-16b2-4ca1-be1c-dd77b35b2be2	250	5.905217584741984e-05	0.025489589888778037	11.334	5	CPC020	PC3	6H	G12	meropenem	10uM	down
CRCGN007_A549_24H_C05_BRD-K80980337_0.25uM up	b20f4ad1-98f7-4d8d-980f-2b2bb4773f42	250	5.905217584741984e-05	0.025489589888778037	11.334	5	CRCGN007	A549	24H	C05	BRD-K80980337	0.25uM	up
CVD001_HUH7_6H_E18_BRD-K55851396_10uM up	ca134dfe-5117-45e8-9618-cc7753c6d11a	250	5.905217584741984e-05	0.025489589888778037	11.334	5	CVD001	HUH7	6H	E18	BRD-K55851396	10uM	up
DOS060_HT29_24H_M08_BRD-K56222361_4uM up	fd9616fc-c16c-45ee-8af0-4e3363889bfa	250	5.905217584741984e-05	0.025489589888778037	11.334	5	DOS060	HT29	24H	M08	BRD-K56222361	4uM	up
EMU001_MINO_6H_C03_bortezomib_0.66uM up	9c273e45-1b62-4109-8123-46786e155851	250	5.905217584741984e-05	0.025489589888778037	11.334	5	EMU001	MINO	6H	C03	bortezomib	0.66uM	up
ENR001_NPC_24H_I05_U-69_0.125uM down	ab9d4779-f718-49bc-b569-a382178e201a	250	5.905217584741984e-05	0.025489589888778037	11.334	5	ENR001	NPC	24H	I05	U-69	0.125uM	down
ERG011_VCAP_6H_O15_BRD-K10017294_10uM up	23541549-749f-4cab-8b36-6955051ed6de	250	5.905217584741984e-05	0.025489589888778037	11.334	5	ERG011	VCAP	6H	O15	BRD-K10017294	10uM	up
FIBR001_MCLF117SZ_6H_I14_PAC-1_25uM up	e64e798b-f96a-4f65-aea2-2ebdf5501ab9	250	5.905217584741984e-05	0.025489589888778037	11.334	5	FIBR001	MCLF117SZ	6H	I14	PAC-1	25uM	up
FIBR002_MCLF117SZ_6H_P05_TGX-115_4uM down	3af28762-b36e-48e6-a929-f6958fad7e2b	250	5.905217584741984e-05	0.025489589888778037	11.334	5	FIBR002	MCLF117SZ	6H	P05	TGX-115	4uM	down
FIBR019_MCLF135CN_6H_H24_tozasertib_4uM up	624ef90e-143d-4b63-aff5-9edf5babb318	250	5.905217584741984e-05	0.025489589888778037	11.334	5	FIBR019	MCLF135CN	6H	H24	tozasertib	4uM	up
FIBR021_MCLF037SZ_6H_C05_piperlongumine_4uM down	da5fcb5b-4aec-4296-847c-e86d5252676c	250	5.905217584741984e-05	0.025489589888778037	11.334	5	FIBR021	MCLF037SZ	6H	C05	piperlongumine	4uM	down
DOS012_VCAP_24H_D03_BRD-K70202431_4uM up	c98df56f-f164-4ded-9ba3-b5cee644efc8	250	5.905217584741984e-05	0.025489589888778037	11.334	5	DOS012	VCAP	24H	D03	BRD-K70202431	4uM	up
DOSBIO001_NEU_24H_E01_BRD-K30229575_10uM up	29d7d35c-9719-471c-9154-ecbc18e051a4	250	5.905217584741984e-05	0.025489589888778037	11.334	5	DOSBIO001	NEU	24H	E01	BRD-K30229575	10uM	up
FIBR031_MCLF054CN_6H_E12_triptolide_0.004uM down	a113d9ac-d2ee-49a7-b24c-270b2fa1f92f	250	5.905217584741984e-05	0.025489589888778037	11.334	5	FIBR031	MCLF054CN	6H	E12	triptolide	0.004uM	down
DOSBIO002_NEU_24H_O16_BRD-K57638192_10uM up	a84905b7-e8e8-4b29-98d4-27a809f6727a	250	5.905217584741984e-05	0.025489589888778037	11.334	5	DOSBIO002	NEU	24H	O16	BRD-K57638192	10uM	up
FIBR034_MCLF100SZ_6H_K14_BRD-A24054354_4uM up	7d27f302-95a0-4a2c-a495-9442b7211107	250	5.905217584741984e-05	0.025489589888778037	11.334	5	FIBR034	MCLF100SZ	6H	K14	BRD-A24054354	4uM	up
LJP005_HS578T_3H_E01_GSK-1059615_10uM down	7b89f1aa-095e-44f0-8fb0-66a9b6e80531	250	5.905217584741984e-05	0.025489589888778037	11.334	5	LJP005	HS578T	3H	E01	GSK-1059615	10uM	down
LJP006_HS578T_24H_K12_radicicol_0.04uM up	5143c7a2-0870-4e79-8981-552a897e62b5	250	5.905217584741984e-05	0.025489589888778037	11.334	5	LJP006	HS578T	24H	K12	radicicol	0.04uM	up
LJP006_HS578T_3H_J01_AZD-5438_10uM down	1a5474c2-c789-4c75-a39a-7240fdbe6855	250	5.905217584741984e-05	0.025489589888778037	11.334	5	LJP006	HS578T	3H	J01	AZD-5438	10uM	down
LJP007_HA1E_24H_C19_CGP-60474_10uM up	86d2c965-9d46-49d9-938a-edd3a749deea	250	5.905217584741984e-05	0.025489589888778037	11.334	5	LJP007	HA1E	24H	C19	CGP-60474	10uM	up
LJP007_HME1_24H_I24_rebastinib_0.04uM down	d50f14f2-92b6-4a20-b9d2-f8c67fcb60a5	250	5.905217584741984e-05	0.025489589888778037	11.334	5	LJP007	HME1	24H	I24	rebastinib	0.04uM	down
LJP008_JURKAT_24H_B14_KU-55933_3.33uM up	2e5c47fc-4d94-4104-a8b1-60b12e2db2af	250	5.905217584741984e-05	0.025489589888778037	11.334	5	LJP008	JURKAT	24H	B14	KU-55933	3.33uM	up
LJP008_PC3_24H_B21_KU-60019_1.11uM up	4f0b39ef-3851-49c2-a336-b2cc0c09df65	250	5.905217584741984e-05	0.025489589888778037	11.334	5	LJP008	PC3	24H	B21	KU-60019	1.11uM	up
LJP008_PC3_24H_I23_methylstat_0.12uM up	157332e3-f117-4e59-acde-7e98f32b36b2	250	5.905217584741984e-05	0.025489589888778037	11.334	5	LJP008	PC3	24H	I23	methylstat	0.12uM	up
LJP009_HEPG2_24H_H16_VX-745_0.37uM up	f8341ec3-163b-40ec-a031-01fcbbc93b10	250	5.905217584741984e-05	0.025489589888778037	11.334	5	LJP009	HEPG2	24H	H16	VX-745	0.37uM	up
DOSVAL002_HA1E_24H_A21_BRD-K71387353_4uM down	d9f0bfd2-64be-4ab1-acc3-ba47bbe33e82	250	5.905217584741984e-05	0.025489589888778037	11.334	5	DOSVAL002	HA1E	24H	A21	BRD-K71387353	4uM	down
MOAR003_A375_24H_I12_VLX-600_1.11uM up	a2187858-6bbd-411d-8199-d239f39970ac	250	5.905217584741984e-05	0.025489589888778037	11.334	5	MOAR003	A375	24H	I12	VLX-600	1.11uM	up
MOAR004_PC3_24H_P23_withaferin-a_3.33uM up	2793d85d-e279-4ac0-86b0-73b57f8cdf6f	250	5.905217584741984e-05	0.025489589888778037	11.334	5	MOAR004	PC3	24H	P23	withaferin-a	3.33uM	up
MOAR009_OVTOKO_24H_J01_R-428_10uM up	fb452d58-5998-4b78-9a2a-91e6ee3383f0	250	5.905217584741984e-05	0.025489589888778037	11.334	5	MOAR009	OVTOKO	24H	J01	R-428	10uM	up
MOAR010_BC3C_24H_J14_pargyline_3.33uM up	821e0995-9910-42f7-a1e8-6191a2be8f4e	250	5.905217584741984e-05	0.025489589888778037	11.334	5	MOAR010	BC3C	24H	J14	pargyline	3.33uM	up
MOAR017_HAP1.PIK3CA_24H_H12_dequalinium_0.66uM up	c6fe52b9-b7eb-4de2-8b10-7d0d4f005b0b	250	5.905217584741984e-05	0.025489589888778037	11.334	5	MOAR017	HAP1.PIK3CA	24H	H12	dequalinium	0.66uM	up
PAC047_U2OS_6H_P02_BRD-K80059205_10uM up	c1c2f4a7-2356-4dbb-9bed-013e3e19266a	250	5.905217584741984e-05	0.025489589888778037	11.334	5	PAC047	U2OS	6H	P02	BRD-K80059205	10uM	up
PBIOA006_XC.R10_24H_K16_BRD-K63603058_10uM up	5c3d5416-3c4b-404e-bd54-cf4c712a108e	250	5.905217584741984e-05	0.025489589888778037	11.334	5	PBIOA006	XC.R10	24H	K16	BRD-K63603058	10uM	up
PCLB001_MCF7_6H_P23_hydroxyl_0.66uM down	744a59b5-192f-48de-8855-afa76fedc83b	250	5.905217584741984e-05	0.025489589888778037	11.334	5	PCLB001	MCF7	6H	P23	hydroxyl	0.66uM	down
POL001_HEPG2_24H_G10_sirolimus_0.37uM up	fd85d2d6-e154-49c2-9262-a428e0071597	250	5.905217584741984e-05	0.025489589888778037	11.334	5	POL001	HEPG2	24H	G10	sirolimus	0.37uM	up
REP.A004_A375_24H_I23_CYT-997_0.125uM down	63c91247-ef68-486c-8c72-e656d664398c	250	5.905217584741984e-05	0.025489589888778037	11.334	5	REP.A004	A375	24H	I23	CYT-997	0.125uM	down
REP.A013_MCF7_24H_F03_cilomilast_1.11uM up	c985e118-446f-49d0-b7f0-65bb0b1f7cd1	250	5.905217584741984e-05	0.025489589888778037	11.334	5	REP.A013	MCF7	24H	F03	cilomilast	1.11uM	up
REP.A024_HT29_24H_F22_alisertib_0.37uM up	c59868f1-dd5d-4412-98d7-2144cfabfd11	250	5.905217584741984e-05	0.025489589888778037	11.334	5	REP.A024	HT29	24H	F22	alisertib	0.37uM	up
REP.A027_HT29_24H_D08_indoximod_3.33uM up	57680508-3edd-460d-8092-550eceb3bcba	250	5.905217584741984e-05	0.025489589888778037	11.334	5	REP.A027	HT29	24H	D08	indoximod	3.33uM	up
REP.B004_HT29_24H_H13_BRD-K22848513_2.22uM up	f4474e40-e941-4d8d-8752-371edf453d25	250	5.905217584741984e-05	0.025489589888778037	11.334	5	REP.B004	HT29	24H	H13	BRD-K22848513	2.22uM	up
REP.B010_A375_24H_K03_meisoindigo_0.25uM up	2e534262-ca9b-42da-a5ef-e4b27cd61586	250	5.905217584741984e-05	0.025489589888778037	11.334	5	REP.B010	A375	24H	K03	meisoindigo	0.25uM	up
REP.B010_MDAMB231_24H_D10_TG-100801_0.08uM up	8ad4fa57-4b3d-4d3a-ac39-20c620bacb9f	250	5.905217584741984e-05	0.025489589888778037	11.334	5	REP.B010	MDAMB231	24H	D10	TG-100801	0.08uM	up
REP.B018_A375_24H_E05_epinephrine_0.03uM up	6136ea6d-8bcb-434e-8882-808cfde415a4	250	5.905217584741984e-05	0.025489589888778037	11.334	5	REP.B018	A375	24H	E05	epinephrine	0.03uM	up
REP.B022_PC3_24H_D18_BRD-K68552125_0.006uM up	c4f8a7fb-88b4-4209-a8e8-091fae664e2a	250	5.905217584741984e-05	0.025489589888778037	11.334	5	REP.B022	PC3	24H	D18	BRD-K68552125	0.006uM	up
REP.B026_JURKAT_24H_F14_DMP-543_0.74uM up	6b4b9e80-60e0-4d88-860d-d0c03b964bb4	250	5.905217584741984e-05	0.025489589888778037	11.334	5	REP.B026	JURKAT	24H	F14	DMP-543	0.74uM	up
XPR009_MCF7.311_96H_O06_PTGER2 down	ba23c38c-57b2-4006-8ce7-6b7c7e7c86db	250	5.905217584741984e-05	0.025489589888778037	11.334	5	XPR009	MCF7.311	96H	O06	PTGER2	N/A	down
DOSVAL006_MCF7_24H_L16_BRD-K90805324_20uM up	7a2ae501-a1c9-4cd7-b447-95f76eeafec6	250	5.905217584741984e-05	0.025489589888778037	11.334	5	DOSVAL006	MCF7	24H	L16	BRD-K90805324	20uM	up
ERG021_VCAP_24H_A21_BRD-K61717269_1.11uM up	0a18d6d0-1812-4300-a894-bed87f733455	250	5.905217584741984e-05	0.025489589888778037	11.334	5	ERG021	VCAP	24H	A21	BRD-K61717269	1.11uM	up
XPR019_PC3.311B_96H_H07_LDLR up	d9d179f7-dced-4808-a1a9-92f6aa96a221	250	5.905217584741984e-05	0.025489589888778037	11.334	5	XPR019	PC3.311B	96H	H07	LDLR	N/A	up
XPR021_MCF7.311_96H_L24_NR4A2 up	09162e22-e7bf-4c81-80eb-d94880853431	250	5.905217584741984e-05	0.025489589888778037	11.334	5	XPR021	MCF7.311	96H	L24	NR4A2	N/A	up
XPR033_YAPC.311_96H_O16_SLC3A1 down	b44ffc09-e2c6-4b38-91dd-0630b194185b	250	5.905217584741984e-05	0.025489589888778037	11.334	5	XPR033	YAPC.311	96H	O16	SLC3A1	N/A	down
XPR034_HT29.311_96H_F24_MAP4K3 up	df996063-90e4-4022-ad89-c58af95e5bc5	250	5.905217584741984e-05	0.025489589888778037	11.334	5	XPR034	HT29.311	96H	F24	MAP4K3	N/A	up
XPR034_MCF7.311_96H_G11_RPS6KC1 down	386fa8a9-268b-4a26-9114-146c5bc4f8b1	250	5.905217584741984e-05	0.025489589888778037	11.334	5	XPR034	MCF7.311	96H	G11	RPS6KC1	N/A	down
XPR039_U251MG.311_96H_M24_LTA4H down	78fa2ed7-1fe2-4580-82aa-8138a29da37b	250	5.905217584741984e-05	0.025489589888778037	11.334	5	XPR039	U251MG.311	96H	M24	LTA4H	N/A	down
XPR041_U251MG.311_96H_I01_BAZ1B up	51e6f234-fd40-4b26-9ce7-99341d5ab07c	250	5.905217584741984e-05	0.025489589888778037	11.334	5	XPR041	U251MG.311	96H	I01	BAZ1B	N/A	up
ASG002_GI1_24H_I04_daunorubicin_10uM up	07d3c7d8-517e-4f5d-bc1a-8eead509ef1a	250	5.905217584741984e-05	0.025489589888778037	11.334	5	ASG002	GI1	24H	I04	daunorubicin	10uM	up
ASG002_HEC151_24H_G19_chelidonine_6.66uM down	b6e1abbd-effb-44f7-884d-647a94cf2dbf	250	5.905217584741984e-05	0.025489589888778037	11.334	5	ASG002	HEC151	24H	G19	chelidonine	6.66uM	down
CPC006_A375_6H_F12_GW-405833_40uM up	5486f53b-02c7-4a56-a069-0a43b8d19770	250	5.905217584741984e-05	0.025489589888778037	11.334	5	CPC006	A375	6H	F12	GW-405833	40uM	up
CPC006_HCC515_24H_H15_NVP-AUY922_10uM down	661f379d-6aa0-45db-a2a5-0c78d54875a7	250	5.905217584741984e-05	0.025489589888778037	11.334	5	CPC006	HCC515	24H	H15	NVP-AUY922	10uM	down
CPC006_HCC515_24H_L07_BRD-K92317137_10uM up	22ea35f4-ccc7-447d-b205-b38634dc4cd9	250	5.905217584741984e-05	0.025489589888778037	11.334	5	CPC006	HCC515	24H	L07	BRD-K92317137	10uM	up
FIBR028_MCLF130CN_6H_F19_sildenafil_4uM down	ecac7acf-176a-4471-844d-bb5216925055	250	5.905217584741984e-05	0.025489589888778037	11.334	5	FIBR028	MCLF130CN	6H	F19	sildenafil	4uM	down
CPC010_PC3_6H_N12_BRD-A65516924_10uM down	9220ea4a-7b57-4437-b8f8-870f538d2369	250	5.905217584741984e-05	0.025489589888778037	11.334	5	CPC010	PC3	6H	N12	BRD-A65516924	10uM	down
CPC011_VCAP_6H_B23_clofazimine_10uM up	fb91343e-7a95-47a8-8cfb-e449179e2b64	250	5.905217584741984e-05	0.025489589888778037	11.334	5	CPC011	VCAP	6H	B23	clofazimine	10uM	up
FIBR036_MCLF137CN_6H_K14_BRD-A24054354_4uM up	005710ea-ea71-458e-9f6c-6f360f0efb00	250	5.905217584741984e-05	0.025489589888778037	11.334	5	FIBR036	MCLF137CN	6H	K14	BRD-A24054354	4uM	up
CPC012_VCAP_24H_J08_BRD-K81795824_10uM up	0dd3794d-36ee-4e20-9dcc-068759f0168f	250	5.905217584741984e-05	0.025489589888778037	11.334	5	CPC012	VCAP	24H	J08	BRD-K81795824	10uM	up
CPC014_HA1E_6H_J05_farnesol_10uM down	58a6dfd8-76b6-4338-b838-f9d1bde737d8	250	5.905217584741984e-05	0.025489589888778037	11.334	5	CPC014	HA1E	6H	J05	farnesol	10uM	down
CVD001_HUH7_6H_D05_BRD-K32602441_2.5uM down	b9ee0fa6-3427-442f-981f-8945b62c4ecb	250	5.905217584741984e-05	0.025489589888778037	11.334	5	CVD001	HUH7	6H	D05	BRD-K32602441	2.5uM	down
DOS024_VCAP_24H_J17_BRD-K67190692_4uM down	76a4299c-c01d-405b-a3e1-0672f6010a5b	250	5.905217584741984e-05	0.025489589888778037	11.334	5	DOS024	VCAP	24H	J17	BRD-K67190692	4uM	down
DOSVAL002_HEPG2_24H_J02_BRD-K68211814_10uM up	04cd6a5e-2195-4ca2-965c-c7e829c034b5	250	5.905217584741984e-05	0.025489589888778037	11.334	5	DOSVAL002	HEPG2	24H	J02	BRD-K68211814	10uM	up
ERAM001_A549_24H_C19_mitoxantrone_20uM up	bd90794c-e5ad-4276-bb21-e4bb40330e6c	250	5.905217584741984e-05	0.025489589888778037	11.334	5	ERAM001	A549	24H	C19	mitoxantrone	20uM	up
ERG021_VCAP_24H_G13_wortmannin_10uM down	5e2e35c7-b5f1-4979-bff9-70d80b66664d	250	5.905217584741984e-05	0.025489589888778037	11.334	5	ERG021	VCAP	24H	G13	wortmannin	10uM	down
FIBR028_MCLF130CN_6H_C16_fostamatinib_4uM down	6f70e809-143d-4962-8fbb-99ee6d07c2b8	250	5.905217584741984e-05	0.025489589888778037	11.334	5	FIBR028	MCLF130CN	6H	C16	fostamatinib	4uM	down
FIBR041_MCLF0067SZ_6H_O04_ixazomib_0.04uM down	394190a6-3e76-4e2d-91d0-bbe04bf0ca09	250	5.905217584741984e-05	0.025489589888778037	11.334	5	FIBR041	MCLF0067SZ	6H	O04	ixazomib	0.04uM	down
LJP005_BT20_3H_J02_roscovitine_3.33uM up	509148ed-5924-463a-9d33-7fecc2cec365	250	5.905217584741984e-05	0.025489589888778037	11.334	5	LJP005	BT20	3H	J02	roscovitine	3.33uM	up
LJP005_MCF7_24H_D03_dasatinib_1.11uM down	934bfc70-39e6-4ed8-801d-e0abb8b1b4e5	250	5.905217584741984e-05	0.025489589888778037	11.334	5	LJP005	MCF7	24H	D03	dasatinib	1.11uM	down
LJP006_A375_24H_M05_HG-6-64-01_0.12uM down	c916d35e-e6ec-47d5-9edf-7904b30c1ac9	250	5.905217584741984e-05	0.025489589888778037	11.334	5	LJP006	A375	24H	M05	HG-6-64-01	0.12uM	down
LJP006_HEPG2_24H_H09_canertinib_1.11uM up	fe2e4b98-d94f-445b-8199-f524428c8c83	250	5.905217584741984e-05	0.025489589888778037	11.334	5	LJP006	HEPG2	24H	H09	canertinib	1.11uM	up
FIBR042_MCLF0067SZ_6H_D07_erastin_2.22uM up	89855015-cd64-4632-bf57-076aa8b42f21	250	5.905217584741984e-05	0.025489589888778037	11.334	5	FIBR042	MCLF0067SZ	6H	D07	erastin	2.22uM	up
FIBR042_MCLF0067SZ_6H_H16_IWP-2_4uM down	89ad1e08-0122-4d5e-a6ff-a2fc1f93843f	250	5.905217584741984e-05	0.025489589888778037	11.334	5	FIBR042	MCLF0067SZ	6H	H16	IWP-2	4uM	down
LJP008_MCF7_24H_C07_iniparib_10uM down	1f4f8e08-af63-4d9e-aae3-77297ec177bb	250	5.905217584741984e-05	0.025489589888778037	11.334	5	LJP008	MCF7	24H	C07	iniparib	10uM	down
LJP008_YAPC_24H_A12_veliparib_0.04uM up	71cae276-7cea-491a-9613-3f0797a5797b	250	5.905217584741984e-05	0.025489589888778037	11.334	5	LJP008	YAPC	24H	A12	veliparib	0.04uM	up
LKCP002_A549_48H_E17_radicicol_1.11uM down	4cf9fe9e-403e-4c98-845c-4dfdb3aa8eb5	250	5.905217584741984e-05	0.025489589888778037	11.334	5	LKCP002	A549	48H	E17	radicicol	1.11uM	down
MOAR010_22RV1_24H_C08_moclobemide_3.33uM down	22bb6c74-553e-482c-a133-eb0d18865018	250	5.905217584741984e-05	0.025489589888778037	11.334	5	MOAR010	22RV1	24H	C08	moclobemide	3.33uM	down
PAC067_U2OS_6H_C14_BRD-K80679698_10uM down	e63f4eb8-d0ae-4fcb-9358-96c93dc5a4a3	250	5.905217584741984e-05	0.025489589888778037	11.334	5	PAC067	U2OS	6H	C14	BRD-K80679698	10uM	down
PBIOA018_PC3_24H_H16_tivantinib_0.37uM up	99374eb4-b994-4d09-9433-5959275bf556	250	5.905217584741984e-05	0.025489589888778037	11.334	5	PBIOA018	PC3	24H	H16	tivantinib	0.37uM	up
PBIOA019_HA1E_24H_H16_imiquimod_0.37uM up	75608fc4-d0dd-429b-a49c-a492d28c0480	250	5.905217584741984e-05	0.025489589888778037	11.334	5	PBIOA019	HA1E	24H	H16	imiquimod	0.37uM	up
PBIOA021_MCF7_24H_F24_RG-4733_0.04uM down	2443c7e1-8e55-420f-887c-6d2c93f01995	250	5.905217584741984e-05	0.025489589888778037	11.334	5	PBIOA021	MCF7	24H	F24	RG-4733	0.04uM	down
REP.A017_HA1E_24H_K07_MG-132_20uM down	fcf6e4e0-7f6f-408b-b57e-64687188f783	250	5.905217584741984e-05	0.025489589888778037	11.334	5	REP.A017	HA1E	24H	K07	MG-132	20uM	down
REP.A017_HT29_24H_J11_aminocaproic-acid_0.125uM down	6f52d245-ce5a-44d7-8034-e39b494ebef3	250	5.905217584741984e-05	0.025489589888778037	11.334	5	REP.A017	HT29	24H	J11	aminocaproic-acid	0.125uM	down
REP.A022_A549_24H_F05_VX-809_0.125uM up	e5b017c4-b1a8-4366-927d-6ec3cf529fdb	250	5.905217584741984e-05	0.025489589888778037	11.334	5	REP.A022	A549	24H	F05	VX-809	0.125uM	up
KMS002_THP1_24H_K08_BG-STK33-03_0.04uM down	f4fb9c50-7a64-4b69-9214-109d612b1d0d	250	5.905217584741984e-05	0.025489589888778037	11.334	5	KMS002	THP1	24H	K08	BG-STK33-03	0.04uM	down
REP.B010_HEK293_24H_D02_sulbutiamine_0.74uM up	8f834548-e302-4dbd-a87c-dca3823f42e5	250	5.905217584741984e-05	0.025489589888778037	11.334	5	REP.B010	HEK293	24H	D02	sulbutiamine	0.74uM	up
REP.B020_JURKAT_24H_J06_vicriviroc_0.01uM up	0e515d4d-6c87-4f7b-bd90-f5e38abc9782	250	5.905217584741984e-05	0.025489589888778037	11.334	5	REP.B020	JURKAT	24H	J06	vicriviroc	0.01uM	up
REP.B022_PC3_24H_H02_BAY-87-2243_0.74uM up	326d97a2-5100-4996-a557-7f9e89e978eb	250	5.905217584741984e-05	0.025489589888778037	11.334	5	REP.B022	PC3	24H	H02	BAY-87-2243	0.74uM	up
REP.B025_JURKAT_24H_E11_baicalin_0.03uM down	1c4cbccb-5226-421c-a71a-4b0b5732dcd5	250	5.905217584741984e-05	0.025489589888778037	11.334	5	REP.B025	JURKAT	24H	E11	baicalin	0.03uM	down
REP.B028_JURKAT_24H_P04_quercetin_0.08uM up	0d0fc959-62f3-4fb9-953c-7b5256f6210f	250	5.905217584741984e-05	0.025489589888778037	11.334	5	REP.B028	JURKAT	24H	P04	quercetin	0.08uM	up
XPR008_U251MG.311_96H_A21_BCL2 up	e388f940-0a65-4a80-a983-40f58427fb6d	250	5.905217584741984e-05	0.025489589888778037	11.334	5	XPR008	U251MG.311	96H	A21	BCL2	N/A	up
XPR013_PC3.311B_96H_L15_CCR6 up	24f2e596-174d-429b-9725-f3618d06b2c7	250	5.905217584741984e-05	0.025489589888778037	11.334	5	XPR013	PC3.311B	96H	L15	CCR6	N/A	up
XPR015_ES2.311_96H_M02_CSDC2 up	489b2b76-5ffd-4822-96a5-087c62e86f39	250	5.905217584741984e-05	0.025489589888778037	11.334	5	XPR015	ES2.311	96H	M02	CSDC2	N/A	up
XPR016_HT29.311_96H_F08_FAM92B down	faa3b6b3-a07d-4dd3-b3a5-88c00d583350	250	5.905217584741984e-05	0.025489589888778037	11.334	5	XPR016	HT29.311	96H	F08	FAM92B	N/A	down
XPR019_A375.311_96H_M03_KDM5A up	b169a5ca-d647-44a8-a663-c4b7ee19aa76	250	5.905217584741984e-05	0.025489589888778037	11.334	5	XPR019	A375.311	96H	M03	KDM5A	N/A	up
REP.A022_HEK293_24H_F15_diltiazem_1.11uM down	763a1ec7-9bdd-4cdc-b4ae-dbec00d9ba7b	250	5.905217584741984e-05	0.025489589888778037	11.334	5	REP.A022	HEK293	24H	F15	diltiazem	1.11uM	down
XPR022_YAPC.311_96H_B06_RELT down	21a82068-0a18-4a1d-938d-9836772ae041	250	5.905217584741984e-05	0.025489589888778037	11.334	5	XPR022	YAPC.311	96H	B06	RELT	N/A	down
XPR025_A549.311_96H_C02_SUZ12 up	8e48a7cc-d2ea-4fd7-b2d1-0b6cd3a1ab13	250	5.905217584741984e-05	0.025489589888778037	11.334	5	XPR025	A549.311	96H	C02	SUZ12	N/A	up
XPR028_BICR6.311_96H_F03_ANG down	b0d1cc5b-d9b9-4338-bdd2-d7ccad9d3f11	250	5.905217584741984e-05	0.025489589888778037	11.334	5	XPR028	BICR6.311	96H	F03	ANG	N/A	down
XPR032_BICR6.311_96H_N08_CYB5R1 down	6464c4bc-ca3f-4eda-92e3-2d14a024e3ff	250	5.905217584741984e-05	0.025489589888778037	11.334	5	XPR032	BICR6.311	96H	N08	CYB5R1	N/A	down
XPR039_SNGM.311_96H_B04_HADH down	cff2869a-1990-4918-8b8b-332cf59751bf	250	5.905217584741984e-05	0.025489589888778037	11.334	5	XPR039	SNGM.311	96H	B04	HADH	N/A	down
XPR043_U251MG.311_96H_K17_PHB2 up	7ac648a2-f366-4474-84cc-19d3efa9a6b5	250	5.905217584741984e-05	0.025489589888778037	11.334	5	XPR043	U251MG.311	96H	K17	PHB2	N/A	up
AICHI001_K562_4H_M11_NVP-TAE684_0.04uM up	52eb7b5a-c91c-4076-a349-19d958f23c99	250	5.905217584741984e-05	0.025489589888778037	11.334	5	AICHI001	K562	4H	M11	NVP-TAE684	0.04uM	up
AICHI001_SKMEL5_24H_D19_sotrastaurin_10uM up	ac430315-7156-4703-a1e1-356259fab568	250	5.905217584741984e-05	0.025489589888778037	11.334	5	AICHI001	SKMEL5	24H	D19	sotrastaurin	10uM	up
AICHI002_MINO_24H_F19_NVP-BEZ235_10uM down	1babfd72-47c0-4927-87d9-fdfc5621eef6	250	5.905217584741984e-05	0.025489589888778037	11.334	5	AICHI002	MINO	24H	F19	NVP-BEZ235	10uM	down
ASG002_MELHO_24H_G02_epirubicin_1.11uM up	99738ecb-1445-4fdc-ba2c-2b1a70b7d55a	250	5.905217584741984e-05	0.025489589888778037	11.334	5	ASG002	MELHO	24H	G02	epirubicin	1.11uM	up
ASG003_XC.P908_24H_J22_azathioprine_10uM up	15975621-b86f-49d5-80cb-0a6175a8410d	250	5.905217584741984e-05	0.025489589888778037	11.334	5	ASG003	XC.P908	24H	J22	azathioprine	10uM	up
CPC005_HA1E_6H_E22_tetrindole_10uM up	cbe29cbd-2262-4f5d-8e62-68399571fdeb	250	5.905217584741984e-05	0.025489589888778037	11.334	5	CPC005	HA1E	6H	E22	tetrindole	10uM	up
CPC006_AGS_6H_H19_quinoclamine_12uM up	c9d8388f-79d0-4fab-b4fd-80a7b36b1037	250	5.905217584741984e-05	0.025489589888778037	11.334	5	CPC006	AGS	6H	H19	quinoclamine	12uM	up
CPC006_CL34_6H_B15_Gly-Gly-PALO_80uM down	291f9704-c850-4d6f-af92-6c8f2eac997a	250	5.905217584741984e-05	0.025489589888778037	11.334	5	CPC006	CL34	6H	B15	Gly-Gly-PALO	80uM	down
CPC006_NCIH2073_6H_J09_YM-155_0.3uM up	a293cdae-5a76-4221-9f4c-4c624d448eea	250	5.905217584741984e-05	0.025489589888778037	11.334	5	CPC006	NCIH2073	6H	J09	YM-155	0.3uM	up
LCP001_MCF10A.WT_12H_H11_epothilone-a_3.33uM down	de7abf4d-8400-40bb-b0e9-c4bd86434380	250	5.905217584741984e-05	0.025489589888778037	11.334	5	LCP001	MCF10A.WT	12H	H11	epothilone-a	3.33uM	down
LCP001_MCF10A.WT_12H_M01_niclosamide_10uM up	5d794918-dab2-404e-b977-3f3ffb14a957	250	5.905217584741984e-05	0.025489589888778037	11.334	5	LCP001	MCF10A.WT	12H	M01	niclosamide	10uM	up
LJP001_MCF7_6H_E03_NVP-TAE684_10uM up	86791ee2-0ea0-4734-b1c4-fe64cacae933	250	5.905217584741984e-05	0.025489589888778037	11.334	5	LJP001	MCF7	6H	E03	NVP-TAE684	10uM	up
CPC009_MCF7_24H_A08_KU-C104145_10uM up	67f26597-91a5-4ab6-8c7d-6354f2236677	250	5.905217584741984e-05	0.025489589888778037	11.334	5	CPC009	MCF7	24H	A08	KU-C104145	10uM	up
LJP007_HEPG2_24H_M19_quizartinib_10uM up	ea9138bf-a188-49b6-8373-3e1b3f227f3b	250	5.905217584741984e-05	0.025489589888778037	11.334	5	LJP007	HEPG2	24H	M19	quizartinib	10uM	up
EMU001_MINO_24H_M04_gossypol_0.125uM up	4ee2deb3-c55d-4741-93e6-b674f1eebfbb	250	5.905217584741984e-05	0.025489589888778037	11.334	5	EMU001	MINO	24H	M04	gossypol	0.125uM	up
LJP008_HEK293_24H_B22_KU-60019_0.37uM up	a2df9499-c771-417e-862d-81d85ee242b0	250	5.905217584741984e-05	0.025489589888778037	11.334	5	LJP008	HEK293	24H	B22	KU-60019	0.37uM	up
CPC012_A375_6H_C01_BRD-K98731749_10uM up	13da7e9d-5dab-4b67-bf47-6c705ac604ab	250	5.905217584741984e-05	0.025489589888778037	11.334	5	CPC012	A375	6H	C01	BRD-K98731749	10uM	up
LKCP002_A549_48H_F20_LY-2784544_1.11uM down	9e7bd18a-0df9-4300-ba8f-9fa69064bf03	250	5.905217584741984e-05	0.025489589888778037	11.334	5	LKCP002	A549	48H	F20	LY-2784544	1.11uM	down
CPC013_A549_6H_N04_BRD-K80786583_10uM up	f68ce38e-7263-42a0-a024-55d3ea333807	250	5.905217584741984e-05	0.025489589888778037	11.334	5	CPC013	A549	6H	N04	BRD-K80786583	10uM	up
ERG021_PC3_24H_P23_BRD-K13529284_0.12uM up	0426eec2-05f0-4986-8d2a-d09e0fecb2bc	250	5.905217584741984e-05	0.025489589888778037	11.334	5	ERG021	PC3	24H	P23	BRD-K13529284	0.12uM	up
CPC014_MCF7_6H_E08_BRD-K24426149_10uM down	b3bccec9-2203-4f73-82f6-f257ac1e3320	250	5.905217584741984e-05	0.025489589888778037	11.334	5	CPC014	MCF7	6H	E08	BRD-K24426149	10uM	down
CPC015_MCF7_24H_L12_salmeterol_10uM up	5c5abef5-1b32-430c-b6c9-a9b9be5c9052	250	5.905217584741984e-05	0.025489589888778037	11.334	5	CPC015	MCF7	24H	L12	salmeterol	10uM	up
CPC020_VCAP_24H_F17_raloxifene_10uM up	4ba26f3b-7722-48d9-b6fa-4bea7f5ba2cf	250	5.905217584741984e-05	0.025489589888778037	11.334	5	CPC020	VCAP	24H	F17	raloxifene	10uM	up
CVD001_HUH7_6H_C12_BRD-K46088987_10uM up	392dd4df-c187-493e-88e5-f4eb2c50464c	250	5.905217584741984e-05	0.025489589888778037	11.334	5	CVD001	HUH7	6H	C12	BRD-K46088987	10uM	up
MOAR011_HEC251_24H_I08_LDN-212854_3.33uM up	73177c1c-3a50-44c3-93bd-00cc76ecda03	250	5.905217584741984e-05	0.025489589888778037	11.334	5	MOAR011	HEC251	24H	I08	LDN-212854	3.33uM	up
CVD001_PHH_6H_G12_BRD-K83694683_10uM down	b36b9a82-b2f0-4489-a687-779b02063431	250	5.905217584741984e-05	0.025489589888778037	11.334	5	CVD001	PHH	6H	G12	BRD-K83694683	10uM	down
DOSVAL003_MCF7_24H_B16_BRD-K33218708_20uM up	cf5ab109-f018-4edc-a24e-b7599caf4058	250	5.905217584741984e-05	0.025489589888778037	11.334	5	DOSVAL003	MCF7	24H	B16	BRD-K33218708	20uM	up
DOSVAL006_PC3_24H_D05_BRD-K60756411_10uM up	96743ce9-9700-4ac3-b0c2-e7dd09ca9904	250	5.905217584741984e-05	0.025489589888778037	11.334	5	DOSVAL006	PC3	24H	D05	BRD-K60756411	10uM	up
ERG011_VCAP_6H_D04_azacitidine_10uM up	9fb70cfb-d100-475c-a7e1-fdb53ae16596	250	5.905217584741984e-05	0.025489589888778037	11.334	5	ERG011	VCAP	6H	D04	azacitidine	10uM	up
ERG021_VCAP_24H_N04_zamifenacin_0.37uM up	6fa69733-e269-45ad-a3be-c57578b1820b	250	5.905217584741984e-05	0.025489589888778037	11.334	5	ERG021	VCAP	24H	N04	zamifenacin	0.37uM	up
FIBR005_MCLF033SZ_6H_H16_IWP-2_4uM up	805166be-ffad-4db3-92dd-c6c7947f6987	250	5.905217584741984e-05	0.025489589888778037	11.334	5	FIBR005	MCLF033SZ	6H	H16	IWP-2	4uM	up
FIBR015_MCLF022CN_6H_C05_piperlongumine_4uM down	f6c44ee1-5b01-4776-b76a-88b5f1d71f01	250	5.905217584741984e-05	0.025489589888778037	11.334	5	FIBR015	MCLF022CN	6H	C05	piperlongumine	4uM	down
FIBR039_MCLF056CN_6H_E14_D-4476_20uM up	642e2231-4e49-4662-93ee-a63370fd034c	250	5.905217584741984e-05	0.025489589888778037	11.334	5	FIBR039	MCLF056CN	6H	E14	D-4476	20uM	up
ISO002_HCT116.TP53.M_24H_O07_dexniguldipine_10uM up	cea0f56c-3c9a-4a59-bbf4-f000f1e86c3a	250	5.905217584741984e-05	0.025489589888778037	11.334	5	ISO002	HCT116.TP53.M	24H	O07	dexniguldipine	10uM	up
ISO002_MCF10A.TP53.M.KRAS.HG_24H_K03_SPP-301_1.11uM down	875964f1-c46d-4c48-8825-05a9e5b315d8	250	5.905217584741984e-05	0.025489589888778037	11.334	5	ISO002	MCF10A.TP53.M.KRAS.HG	24H	K03	SPP-301	1.11uM	down
PAC017_U2OS_6H_J07_BRD-K31533112_10uM down	98820e49-76bf-45e2-9f86-91210b4b6e0b	250	5.905217584741984e-05	0.025489589888778037	11.334	5	PAC017	U2OS	6H	J07	BRD-K31533112	10uM	down
LCP001_MCF10A.WT_24H_H23_BMS-387032_3.33uM up	780c7d75-df07-45e2-bf1f-e73586cc6624	250	5.905217584741984e-05	0.025489589888778037	11.334	5	LCP001	MCF10A.WT	24H	H23	BMS-387032	3.33uM	up
LJP001_HS578T_6H_D07_GW-843682X_0.37uM down	f6c91f26-d90b-471e-9e3c-5a2ef873e33d	250	5.905217584741984e-05	0.025489589888778037	11.334	5	LJP001	HS578T	6H	D07	GW-843682X	0.37uM	down
LJP002_HS578T_6H_I04_TG-101348_2.22uM up	572cff34-7d82-4c1a-bdca-f7bc7b2206f4	250	5.905217584741984e-05	0.025489589888778037	11.334	5	LJP002	HS578T	6H	I04	TG-101348	2.22uM	up
LJP009_HA1E_24H_D20_MLN-8054_3.33uM up	5e317989-6414-40ae-be84-37fe465da45a	250	5.905217584741984e-05	0.025489589888778037	11.334	5	LJP009	HA1E	24H	D20	MLN-8054	3.33uM	up
LKCP001_U2OS_24H_G12_vandetanib_0.12uM down	6bf9f584-4f54-47e2-a4e1-3e34ad36e50f	250	5.905217584741984e-05	0.025489589888778037	11.334	5	LKCP001	U2OS	24H	G12	vandetanib	0.12uM	down
MOAR010_T47D_24H_O08_fipronil_3.33uM down	ba5d53b2-f656-486e-8017-10f4f737ebf3	250	5.905217584741984e-05	0.025489589888778037	11.334	5	MOAR010	T47D	24H	O08	fipronil	3.33uM	down
MOAR011_HEC1A_24H_H07_deferasirox_10uM up	2eb0f527-e8cb-41d7-875c-308fef7da20c	250	5.905217584741984e-05	0.025489589888778037	11.334	5	MOAR011	HEC1A	24H	H07	deferasirox	10uM	up
MOAR012_SH4_24H_O16_4-IBP_10uM down	499603e4-4910-4759-8f80-57c6eb1d394e	250	5.905217584741984e-05	0.025489589888778037	11.334	5	MOAR012	SH4	24H	O16	4-IBP	10uM	down
PBIOA014_A549_24H_C19_BRD-A19037878_10uM down	33d25e0e-494c-48f7-8af7-35b945be2dbf	250	5.905217584741984e-05	0.025489589888778037	11.334	5	PBIOA014	A549	24H	C19	BRD-A19037878	10uM	down
PBIOA016_A375_24H_I24_linsitinib_0.04uM up	97163833-7844-4f5b-9978-786e0d42eaa4	250	5.905217584741984e-05	0.025489589888778037	11.334	5	PBIOA016	A375	24H	I24	linsitinib	0.04uM	up
PBIOA017_HCC515_24H_J24_BRD-K68252161_0.04uM down	20ddd401-3593-4e40-962d-b0a69e2ed244	250	5.905217584741984e-05	0.025489589888778037	11.334	5	PBIOA017	HCC515	24H	J24	BRD-K68252161	0.04uM	down
REP.A002_MCF7_24H_M21_phensuximide_1.11uM down	c0266b9b-d84f-44d0-9a2a-1dcf72bc99c0	250	5.905217584741984e-05	0.025489589888778037	11.334	5	REP.A002	MCF7	24H	M21	phensuximide	1.11uM	down
REP.A008_HT29_24H_I03_BRD-A20131130_1.11uM up	3862267a-81a2-4e57-9a17-fb3c42442d6a	250	5.905217584741984e-05	0.025489589888778037	11.334	5	REP.A008	HT29	24H	I03	BRD-A20131130	1.11uM	up
REP.A013_HA1E_24H_B24_GSK-256066_0.04uM down	19b0e7fc-b377-4f97-b805-cf5e90f80593	250	5.905217584741984e-05	0.025489589888778037	11.334	5	REP.A013	HA1E	24H	B24	GSK-256066	0.04uM	down
PAC035_U2OS_6H_A11_BRD-K86155080_10uM down	4abce313-8e2b-4e64-a7a8-a26dcd2eb738	250	5.905217584741984e-05	0.025489589888778037	11.334	5	PAC035	U2OS	6H	A11	BRD-K86155080	10uM	down
REP.A015_HEK293_24H_P06_gliclazide_0.04uM down	f877830f-9d71-4c90-98e0-90050db18758	250	5.905217584741984e-05	0.025489589888778037	11.334	5	REP.A015	HEK293	24H	P06	gliclazide	0.04uM	down
REP.A022_HEK293_24H_B23_decitabine_0.125uM up	de4bc439-613f-4163-b3cb-22b1de26be0c	250	5.905217584741984e-05	0.025489589888778037	11.334	5	REP.A022	HEK293	24H	B23	decitabine	0.125uM	up
REP.A024_HA1E_24H_L16_LY-2090314_0.37uM down	d983fd6c-b22d-42e1-8a07-4f7628d48ee2	250	5.905217584741984e-05	0.025489589888778037	11.334	5	REP.A024	HA1E	24H	L16	LY-2090314	0.37uM	down
REP.A028_HELA_24H_M22_deferasirox_0.37uM up	9e178a81-1b00-48d3-b15e-6bf7d0a64f73	250	5.905217584741984e-05	0.025489589888778037	11.334	5	REP.A028	HELA	24H	M22	deferasirox	0.37uM	up
REP.B008_HELA_24H_H13_YM-155_2.22uM up	06fd1143-f6af-4609-83c2-a858345cb1dd	250	5.905217584741984e-05	0.025489589888778037	11.334	5	REP.B008	HELA	24H	H13	YM-155	2.22uM	up
REP.B008_THP1_24H_P06_AS-703026_0.01uM down	449e4c04-18a5-4e36-b3c8-df1e42ddf351	250	5.905217584741984e-05	0.025489589888778037	11.334	5	REP.B008	THP1	24H	P06	AS-703026	0.01uM	down
REP.B010_MDAMB231_24H_F13_valdecoxib_2.22uM down	8aa047c4-d6da-4fe3-87f5-a9a3702f7277	250	5.905217584741984e-05	0.025489589888778037	11.334	5	REP.B010	MDAMB231	24H	F13	valdecoxib	2.22uM	down
FIBR025_MCLF141SZ_6H_J21_malonoben_4uM up	ca4457dc-6068-46ea-accc-0e1605a8ca18	250	5.905217584741984e-05	0.025489589888778037	11.334	5	FIBR025	MCLF141SZ	6H	J21	malonoben	4uM	up
REP.B019_JURKAT_24H_P21_CTS-1027_0.25uM down	90ae19c4-208e-4069-a93f-f58fef80999d	250	5.905217584741984e-05	0.025489589888778037	11.334	5	REP.B019	JURKAT	24H	P21	CTS-1027	0.25uM	down
XPR010_HT29.311_96H_O11_GRM4 up	d311299d-15d0-4dee-8f89-bdd56d01be32	250	5.905217584741984e-05	0.025489589888778037	11.334	5	XPR010	HT29.311	96H	O11	GRM4	N/A	up
XPR013_MCF7.311_96H_I16_CAPN15 down	f5e41b7d-ca89-4e12-a09c-840e00a59042	250	5.905217584741984e-05	0.025489589888778037	11.334	5	XPR013	MCF7.311	96H	I16	CAPN15	N/A	down
XPR023_U251MG.311_96H_J15_SEC23IP up	8651a10d-c146-40a9-9cea-17c57c5b32a0	250	5.905217584741984e-05	0.025489589888778037	11.334	5	XPR023	U251MG.311	96H	J15	SEC23IP	N/A	up
XPR024_AGS.311_96H_N08_CAT up	3d7eb50a-e1d9-4c2a-a3ec-c4354eacb771	250	5.905217584741984e-05	0.025489589888778037	11.334	5	XPR024	AGS.311	96H	N08	CAT	N/A	up
XPR028_PC3.311B_96H_B06_KLK3 up	11cd7c47-ade7-4e40-b4c3-b8a17b247db9	250	5.905217584741984e-05	0.025489589888778037	11.334	5	XPR028	PC3.311B	96H	B06	KLK3	N/A	up
XPR030_AGS.311_96H_A10_RPL26L1 down	78927773-58de-4cd9-9759-2f748657caed	250	5.905217584741984e-05	0.025489589888778037	11.334	5	XPR030	AGS.311	96H	A10	RPL26L1	N/A	down
XPR033_PC3.311B_96H_P23_ABCC2 down	474cd766-0afd-44f3-9fad-522e8669c3ea	250	5.905217584741984e-05	0.025489589888778037	11.334	5	XPR033	PC3.311B	96H	P23	ABCC2	N/A	down
PBIOA022_HCC515_24H_G22_BRD-K91047982_0.37uM down	bb0b02c7-bd4d-4469-9748-fdf60561162f	250	5.905217584741984e-05	0.025489589888778037	11.334	5	PBIOA022	HCC515	24H	G22	BRD-K91047982	0.37uM	down
XPR036_PC3.311B_96H_P09_PGK1 down	88edbd3c-038a-4b4d-860d-086ef9cdcaac	250	5.905217584741984e-05	0.025489589888778037	11.334	5	XPR036	PC3.311B	96H	P09	PGK1	N/A	down
XPR037_YAPC.311_96H_E03_FGD2 up	c21ebd7b-0fe3-4c4e-9ec5-b0509719bc2c	250	5.905217584741984e-05	0.025489589888778037	11.334	5	XPR037	YAPC.311	96H	E03	FGD2	N/A	up
RAD001_A549_6H_N03_curcumin_10uM up	70331f12-d1b7-4ae8-ac78-dbd579fd6d53	250	5.905217584741984e-05	0.025489589888778037	11.334	5	RAD001	A549	6H	N03	curcumin	10uM	up
ASG002_A375_24H_L03_PHA-793887_0.12uM down	0f819f71-4a28-4b13-a994-750e78cbe9b4	250	5.905217584741984e-05	0.025489589888778037	11.334	5	ASG002	A375	24H	L03	PHA-793887	0.12uM	down
ASG002_GP2D_24H_E21_masitinib_0.12uM up	ce017c8e-b158-4c9c-b68b-1ad37c18d881	250	5.905217584741984e-05	0.025489589888778037	11.334	5	ASG002	GP2D	24H	E21	masitinib	0.12uM	up
REP.A001_HT29_24H_N23_ostarine_0.125uM up	f854b5c0-4c62-4af7-b192-9a58d3aa34e9	250	5.905217584741984e-05	0.025489589888778037	11.334	5	REP.A001	HT29	24H	N23	ostarine	0.125uM	up
ASG002_JHH7_24H_B22_nocodazole_10uM down	90bd0e87-8bd6-412b-8f7a-70643fec5efa	250	5.905217584741984e-05	0.025489589888778037	11.334	5	ASG002	JHH7	24H	B22	nocodazole	10uM	down
ASG002_TOV112D_24H_O18_parbendazole_0.12uM down	7ac19764-56b9-4800-ba61-de3485becbbb	250	5.905217584741984e-05	0.025489589888778037	11.334	5	ASG002	TOV112D	24H	O18	parbendazole	0.12uM	down
REP.A006_HA1E_24H_I24_praziquantel_0.04uM down	bb3c7dd1-ef51-408a-8915-e640ca50ee60	250	5.905217584741984e-05	0.025489589888778037	11.334	5	REP.A006	HA1E	24H	I24	praziquantel	0.04uM	down
ASG003_XC.P901_24H_N08_TW-37_0.74uM up	2ca02401-22df-481c-b9a1-95d16b08cd59	250	5.905217584741984e-05	0.025489589888778037	11.334	5	ASG003	XC.P901	24H	N08	TW-37	0.74uM	up
CPC001_VCAP_6H_F16_SB-222200_10uM down	04aec2bb-1e69-4fe2-bd58-34ad7dec82dc	250	5.905217584741984e-05	0.025489589888778037	11.334	5	CPC001	VCAP	6H	F16	SB-222200	10uM	down
CPC006_A549_6H_G11_gossypol_12uM up	872b8121-7931-403a-9dab-b7339a2f2f1e	250	5.905217584741984e-05	0.025489589888778037	11.334	5	CPC006	A549	6H	G11	gossypol	12uM	up
CPC006_CORL23_6H_D16_CAY-10594_20uM up	90d6be15-63fd-49c7-abb3-6d71cace8267	250	5.905217584741984e-05	0.025489589888778037	11.334	5	CPC006	CORL23	6H	D16	CAY-10594	20uM	up
CPC006_HA1E_24H_K04_ARP-101_10uM up	20ae1ad4-ec7a-4fd9-9c79-63615d8db34f	250	5.905217584741984e-05	0.025489589888778037	11.334	5	CPC006	HA1E	24H	K04	ARP-101	10uM	up
CPC006_HA1E_6H_B13_PP-110_20uM down	aa3813a9-214d-4e29-806f-6ac2b32b341b	250	5.905217584741984e-05	0.025489589888778037	11.334	5	CPC006	HA1E	6H	B13	PP-110	20uM	down
REP.A008_HT29_24H_E07_dolasetron_10uM up	1a21cb1c-42e2-4c7a-abfe-a4ce0e9deead	250	5.905217584741984e-05	0.025489589888778037	11.334	5	REP.A008	HT29	24H	E07	dolasetron	10uM	up
REP.B024_HA1E_24H_P22_sirolimus_0.08uM up	5905c711-8a5a-4d32-a2cf-d30d9abeb0ed	250	5.905217584741984e-05	0.025489589888778037	11.334	5	REP.B024	HA1E	24H	P22	sirolimus	0.08uM	up
CPC006_VCAP_24H_C09_CAY-10618_10uM up	87539c85-979d-4a43-b9ed-26466445b28e	250	5.905217584741984e-05	0.025489589888778037	11.334	5	CPC006	VCAP	24H	C09	CAY-10618	10uM	up
REP.A014_HT29_24H_A24_LGX-818_0.04uM down	15d7fe73-9719-42d1-821f-78966fe188ae	250	5.905217584741984e-05	0.025489589888778037	11.334	5	REP.A014	HT29	24H	A24	LGX-818	0.04uM	down
REP.A024_PC3_24H_A24_exemestane_0.04uM down	d841f894-6147-4a8d-8a1b-89a1082c8173	250	5.905217584741984e-05	0.025489589888778037	11.334	5	REP.A024	PC3	24H	A24	exemestane	0.04uM	down
REP.B008_HELA_24H_J11_GSK-923295_0.03uM down	43f7e610-4307-4e14-8cb0-d8fd9de67652	250	5.905217584741984e-05	0.025489589888778037	11.334	5	REP.B008	HELA	24H	J11	GSK-923295	0.03uM	down
CPC012_VCAP_24H_I22_BRD-K72615639_10uM up	c1e3cd6a-2676-4749-ab86-8133bc9ac245	250	5.905217584741984e-05	0.025489589888778037	11.334	5	CPC012	VCAP	24H	I22	BRD-K72615639	10uM	up
REP.B011_PC3_24H_L14_fusidic-acid_0.74uM down	6eea6162-9c8c-4c0d-ba59-9a18e7a44efb	250	5.905217584741984e-05	0.025489589888778037	11.334	5	REP.B011	PC3	24H	L14	fusidic-acid	0.74uM	down
CPC014_PC3_24H_K01_BRD-U29336476_10uM down	45991511-dade-4cc4-8946-1160357757cf	250	5.905217584741984e-05	0.025489589888778037	11.334	5	CPC014	PC3	24H	K01	BRD-U29336476	10uM	down
CPC014_VCAP_24H_H12_ruxolitinib_10uM down	1b7c127c-1b11-48c0-a297-50c279d0b90b	250	5.905217584741984e-05	0.025489589888778037	11.334	5	CPC014	VCAP	24H	H12	ruxolitinib	10uM	down
CPC017_MCF7_6H_D10_BRD-K76293260_10uM down	6dde2945-f897-410b-a367-465548c299a7	250	5.905217584741984e-05	0.025489589888778037	11.334	5	CPC017	MCF7	6H	D10	BRD-K76293260	10uM	down
CPC018_A375_6H_F24_U-0126_10uM down	214b8d96-12e8-4126-b7c2-3a0109ff91bd	250	5.905217584741984e-05	0.025489589888778037	11.334	5	CPC018	A375	6H	F24	U-0126	10uM	down
CVD001_HUH7_24H_O11_AG-879_10uM up	423b4598-8dff-47cc-8237-a7781a4bc88a	250	5.905217584741984e-05	0.025489589888778037	11.334	5	CVD001	HUH7	24H	O11	AG-879	10uM	up
DOS043_HT29_24H_K05_BRD-K33620583_4uM up	f1163a0e-80aa-4e9e-95b7-2b082bfcd75a	250	5.905217584741984e-05	0.025489589888778037	11.334	5	DOS043	HT29	24H	K05	BRD-K33620583	4uM	up
DOS046_PC3_24H_C18_BRD-K66123981_4uM down	a4ae2d93-5f1a-4ec9-8be1-f58993c2bae5	250	5.905217584741984e-05	0.025489589888778037	11.334	5	DOS046	PC3	24H	C18	BRD-K66123981	4uM	down
DOSBIO001_MCF7_24H_O12_BRD-K28934562_10uM up	af1bebe6-d5d7-4423-8a6c-a82bbb1a44fe	250	5.905217584741984e-05	0.025489589888778037	11.334	5	DOSBIO001	MCF7	24H	O12	BRD-K28934562	10uM	up
REP.B014_YAPC_24H_B15_AP-26113_0.25uM down	546f7dad-0e50-4c21-9659-18462dae9c25	250	5.905217584741984e-05	0.025489589888778037	11.334	5	REP.B014	YAPC	24H	B15	AP-26113	0.25uM	down
FIBR007_MCLF051CN_6H_I12_MK-1775_0.12uM down	e1c82fcf-52b2-4b7b-b5ee-d99f1b4bf81d	250	5.905217584741984e-05	0.025489589888778037	11.334	5	FIBR007	MCLF051CN	6H	I12	MK-1775	0.12uM	down
FIBR011_MCLF015CN_6H_E21_endo-IWR-1_4uM down	00a51eca-99ce-4e81-87d3-9b036fe52e51	250	5.905217584741984e-05	0.025489589888778037	11.334	5	FIBR011	MCLF015CN	6H	E21	endo-IWR-1	4uM	down
REP.B015_MDAMB231_24H_P03_gliclazide_0.25uM up	5b48319b-649a-4d6e-9afa-1a68ed30f8f7	250	5.905217584741984e-05	0.025489589888778037	11.334	5	REP.B015	MDAMB231	24H	P03	gliclazide	0.25uM	up
LJP005_HS578T_3H_I19_torin-2_10uM down	b31de32c-bcca-4c2c-97ed-7ca990c308e5	250	5.905217584741984e-05	0.025489589888778037	11.334	5	LJP005	HS578T	3H	I19	torin-2	10uM	down
LJP007_HEPG2_24H_B04_mitoxantrone_10uM up	eb310d2f-b586-4848-9afa-78bdbf7cfe65	250	5.905217584741984e-05	0.025489589888778037	11.334	5	LJP007	HEPG2	24H	B04	mitoxantrone	10uM	up
LJP009_HUVEC_24H_G07_SB-203580_10uM down	29f6f3ae-01ca-4222-9b66-267da57bc5c1	250	5.905217584741984e-05	0.025489589888778037	11.334	5	LJP009	HUVEC	24H	G07	SB-203580	10uM	down
LJP009_MCF7_24H_O06_PD-0325901_0.04uM down	c630aea4-b094-4978-872d-161985ff0a5b	250	5.905217584741984e-05	0.025489589888778037	11.334	5	LJP009	MCF7	24H	O06	PD-0325901	0.04uM	down
LUNG001_WI38_24H_H23_withaferin-a_3.33uM up	669c750b-7146-41b8-a725-a92789b3e4d7	250	5.905217584741984e-05	0.025489589888778037	11.334	5	LUNG001	WI38	24H	H23	withaferin-a	3.33uM	up
LUNG001_WI38_24H_O07_canertinib_10uM up	6add3948-c247-4e2f-86ed-f47b15171b6b	250	5.905217584741984e-05	0.025489589888778037	11.334	5	LUNG001	WI38	24H	O07	canertinib	10uM	up
MOAR004_PC3_24H_J02_BRD-K81491172_3.33uM down	5cc507f6-84b8-4ce8-b43e-4fc72383e6d5	250	5.905217584741984e-05	0.025489589888778037	11.334	5	MOAR004	PC3	24H	J02	BRD-K81491172	3.33uM	down
MOAR008_GI1_24H_L20_L-693403_3.33uM up	47afbd19-5b82-4b52-b84e-86a4fd2ffc95	250	5.905217584741984e-05	0.025489589888778037	11.334	5	MOAR008	GI1	24H	L20	L-693403	3.33uM	up
MOAR011_HEC108_24H_I06_CTS-1027_1.11uM down	8332dc88-9545-48b6-80d4-649e439a0591	250	5.905217584741984e-05	0.025489589888778037	11.334	5	MOAR011	HEC108	24H	I06	CTS-1027	1.11uM	down
MOAR014_HAP1.HDAC5_24H_H05_PD-407824_3.33uM up	146dcf85-7cc9-4d77-bfcc-5dba2d4c951a	250	5.905217584741984e-05	0.025489589888778037	11.334	5	MOAR014	HAP1.HDAC5	24H	H05	PD-407824	3.33uM	up
MUC.CP008_P1A82_24H_E15_fostamatinib_1.11uM down	b73ab392-81ac-4bdf-b7ce-213aec1e319a	250	5.905217584741984e-05	0.025489589888778037	11.334	5	MUC.CP008	P1A82	24H	E15	fostamatinib	1.11uM	down
NMH002_NPC_24H_H05_STF-62247_10uM down	41f87fce-98ec-4ebc-8b14-2f27241645a5	250	5.905217584741984e-05	0.025489589888778037	11.334	5	NMH002	NPC	24H	H05	STF-62247	10uM	down
PAC030_U2OS_6H_J10_BRD-K22725588_10uM down	20fe9535-5837-4796-bc15-3fdc29c587dd	250	5.905217584741984e-05	0.025489589888778037	11.334	5	PAC030	U2OS	6H	J10	BRD-K22725588	10uM	down
PAC062_U2OS_6H_G22_VU-0410183-2_20uM up	263515e6-2b95-461c-a6b7-547d56799c5c	250	5.905217584741984e-05	0.025489589888778037	11.334	5	PAC062	U2OS	6H	G22	VU-0410183-2	20uM	up
PBIOA005_XC.L10_24H_H24_BRD-K71364762_1.11uM up	cbcf44fb-fe73-4be5-8eee-71ef30bffe03	250	5.905217584741984e-05	0.025489589888778037	11.334	5	PBIOA005	XC.L10	24H	H24	BRD-K71364762	1.11uM	up
PBIOA015_HT29_24H_B17_BRD-K53500355_0.125uM down	8d29b422-fb3f-46e4-8223-8a1801643d2f	250	5.905217584741984e-05	0.025489589888778037	11.334	5	PBIOA015	HT29	24H	B17	BRD-K53500355	0.125uM	down
PCLB002_HT29_24H_A21_BRD-K98645985_1.11uM down	2919ac1f-9ead-4062-bc72-bc3c87c13066	250	5.905217584741984e-05	0.025489589888778037	11.334	5	PCLB002	HT29	24H	A21	BRD-K98645985	1.11uM	down
REP.A008_HT29_24H_O17_SN-38_0.125uM down	46145c59-baa1-40fa-b8f6-a9e2166483ab	250	5.905217584741984e-05	0.025489589888778037	11.334	5	REP.A008	HT29	24H	O17	SN-38	0.125uM	down
REP.A009_HT29_24H_M21_zidovudine_1.11uM up	48d531e8-8a39-4f01-afd3-f3460e366d48	250	5.905217584741984e-05	0.025489589888778037	11.334	5	REP.A009	HT29	24H	M21	zidovudine	1.11uM	up
REP.A012_A549_24H_C15_altanserin_1.11uM down	52d27263-96a4-4fb2-9083-d6066e542e46	250	5.905217584741984e-05	0.025489589888778037	11.334	5	REP.A012	A549	24H	C15	altanserin	1.11uM	down
REP.A014_HA1E_24H_J03_PHA-848125_1.11uM down	74373da4-9ad9-435b-8992-61bd30d1a99b	250	5.905217584741984e-05	0.025489589888778037	11.334	5	REP.A014	HA1E	24H	J03	PHA-848125	1.11uM	down
REP.A014_HELA_24H_H07_BRD-K59573506_10uM up	8f484157-844d-49f3-b7c1-04fd6c9febad	250	5.905217584741984e-05	0.025489589888778037	11.334	5	REP.A014	HELA	24H	H07	BRD-K59573506	10uM	up
REP.A014_MDAMB231_24H_C09_Y-39983_1.11uM up	f73eb471-e7e2-441a-9b52-03215233e6a5	250	5.905217584741984e-05	0.025489589888778037	11.334	5	REP.A014	MDAMB231	24H	C09	Y-39983	1.11uM	up
REP.A017_HA1E_24H_B07_canertinib_10uM down	8570da25-0094-44e4-b021-7182718dcec7	250	5.905217584741984e-05	0.025489589888778037	11.334	5	REP.A017	HA1E	24H	B07	canertinib	10uM	down
REP.A017_HELA_24H_N17_moxidectin_0.125uM up	53910595-d6f2-421b-a9e9-45f03db7afa9	250	5.905217584741984e-05	0.025489589888778037	11.334	5	REP.A017	HELA	24H	N17	moxidectin	0.125uM	up
REP.A018_A549_24H_E09_telotristat_1.11uM up	7f2672be-79a9-4194-af6f-6fb2eb14bcc3	250	5.905217584741984e-05	0.025489589888778037	11.334	5	REP.A018	A549	24H	E09	telotristat	1.11uM	up
REP.A026_A549_24H_P12_lopinavir_0.04uM down	ca532d9d-b03d-4dd3-978a-880a14a14245	250	5.905217584741984e-05	0.025489589888778037	11.334	5	REP.A026	A549	24H	P12	lopinavir	0.04uM	down
REP.A028_MCF10A_24H_D18_ciglitazone_0.04uM up	f7ba1963-9f0b-49f8-a58e-ed4bcd4a5c8b	250	5.905217584741984e-05	0.025489589888778037	11.334	5	REP.A028	MCF10A	24H	D18	ciglitazone	0.04uM	up
REP.B003_PC3_24H_I13_suprofen_2.22uM down	e0e947a2-b9bb-40c8-b57d-566f0458f213	250	5.905217584741984e-05	0.025489589888778037	11.334	5	REP.B003	PC3	24H	I13	suprofen	2.22uM	down
REP.B005_HA1E_24H_E13_palonosetron_2.22uM down	35b586f9-0755-4716-ac14-fc2a9cc1177b	250	5.905217584741984e-05	0.025489589888778037	11.334	5	REP.B005	HA1E	24H	E13	palonosetron	2.22uM	down
REP.B016_MCF7_24H_G18_bortezomib_20uM down	b75d3df7-5162-4585-b266-29c711d176f1	250	5.905217584741984e-05	0.025489589888778037	11.334	5	REP.B016	MCF7	24H	G18	bortezomib	20uM	down
REP.B024_HA1E_24H_L17_LY-2090314_0.03uM down	556f98db-dbde-456f-b05e-a4a38c21afc0	250	5.905217584741984e-05	0.025489589888778037	11.334	5	REP.B024	HA1E	24H	L17	LY-2090314	0.03uM	down
REP.B016_MCF7_24H_O01_MG-132_20uM down	3a3c28bb-f770-4a9b-9ae1-6a64fce1b1dc	250	5.905217584741984e-05	0.025489589888778037	11.334	5	REP.B016	MCF7	24H	O01	MG-132	20uM	down
REP.B027_MCF10A_24H_O09_spironolactone_0.25uM down	36cce248-a7cd-4d45-9882-f1b7f54eb019	250	5.905217584741984e-05	0.025489589888778037	11.334	5	REP.B027	MCF10A	24H	O09	spironolactone	0.25uM	down
REP.B022_HEK293_24H_L13_adatanserin_2.22uM up	c86c8b4b-7935-47dd-9b41-846edfd497a5	250	5.905217584741984e-05	0.025489589888778037	11.334	5	REP.B022	HEK293	24H	L13	adatanserin	2.22uM	up
XPR015_PC3.311B_96H_H11_DCAF13 up	3d4b9bf9-6648-4271-9ca9-b40ae78a302c	250	5.905217584741984e-05	0.025489589888778037	11.334	5	XPR015	PC3.311B	96H	H11	DCAF13	N/A	up
XPR016_HT29.311_96H_A09_DVL1 down	bec3b2aa-81d5-4e51-a251-fcec66dec294	250	5.905217584741984e-05	0.025489589888778037	11.334	5	XPR016	HT29.311	96H	A09	DVL1	N/A	down
XPR021_HT29.311_96H_F06_NUPL2 up	65871360-0d76-44aa-a24d-bc3878958c2a	250	5.905217584741984e-05	0.025489589888778037	11.334	5	XPR021	HT29.311	96H	F06	NUPL2	N/A	up
XPR024_U251MG.311_96H_P01_SLC7A14 up	71712d4f-aed1-47e6-b02a-dbc695dcdfb2	250	5.905217584741984e-05	0.025489589888778037	11.334	5	XPR024	U251MG.311	96H	P01	SLC7A14	N/A	up
XPR030_YAPC.311_96H_E19_ADH1A down	734a5ecb-6a3a-43a4-a5d7-c3f909653e25	250	5.905217584741984e-05	0.025489589888778037	11.334	5	XPR030	YAPC.311	96H	E19	ADH1A	N/A	down
XPR039_KELLY.311_96H_K14_CYTH2 up	c125f439-48a6-4310-9ddc-ff38402b6c45	250	5.905217584741984e-05	0.025489589888778037	11.334	5	XPR039	KELLY.311	96H	K14	CYTH2	N/A	up
REP.B025_MDAMB231_24H_E24_phentolamine_0.01uM up	e8afb025-a5f9-4a11-a78d-26efc869f517	250	5.905217584741984e-05	0.025489589888778037	11.334	5	REP.B025	MDAMB231	24H	E24	phentolamine	0.01uM	up
ASG003_XC.P905_24H_L17_nutlin-3_1.11uM down	4c44f3da-11f3-44e2-b894-8339e0d5e67b	250	5.905217584741984e-05	0.025489589888778037	11.334	5	ASG003	XC.P905	24H	L17	nutlin-3	1.11uM	down
CPC004_HCC515_24H_H04_albendazole_10uM down	0a860dd7-2797-4749-8212-e53af6166c3a	250	5.905217584741984e-05	0.025489589888778037	11.334	5	CPC004	HCC515	24H	H04	albendazole	10uM	down
CPC008_PC3_24H_P22_KU-C103672_10uM down	ed603dcd-6303-422c-89b2-b92d8836f498	250	5.905217584741984e-05	0.025489589888778037	11.334	5	CPC008	PC3	24H	P22	KU-C103672	10uM	down
CPC014_HA1E_6H_K24_dovitinib_10uM down	d224353f-5849-41f0-aed5-d9e6b3042fc3	250	5.905217584741984e-05	0.025489589888778037	11.334	5	CPC014	HA1E	6H	K24	dovitinib	10uM	down
CPC017_A549_6H_N23_cefotiam_10uM up	13c0d089-5d6c-401c-8cd7-f8188c0f7f50	250	5.905217584741984e-05	0.025489589888778037	11.334	5	CPC017	A549	6H	N23	cefotiam	10uM	up
REP.B028_JURKAT_24H_L10_BRD-K63750851_0.08uM down	61ee6851-9585-4324-97e4-7f76cf37fab7	250	5.905217584741984e-05	0.025489589888778037	11.334	5	REP.B028	JURKAT	24H	L10	BRD-K63750851	0.08uM	down
DOS019_VCAP_6H_M04_BRD-K67921699_4uM down	bf6829e5-b4a3-46d4-bca2-b0f2641fd487	250	5.905217584741984e-05	0.025489589888778037	11.334	5	DOS019	VCAP	6H	M04	BRD-K67921699	4uM	down
DOS027_VCAP_6H_C21_BRD-K59893315_4uM down	8e11d430-d49a-4b60-84fe-e36d0664a0cb	250	5.905217584741984e-05	0.025489589888778037	11.334	5	DOS027	VCAP	6H	C21	BRD-K59893315	4uM	down
XPR009_MCF7.311_96H_P18_CALY up	2b97864f-fa81-4e82-bd22-e9512bfe777d	250	5.905217584741984e-05	0.025489589888778037	11.334	5	XPR009	MCF7.311	96H	P18	CALY	N/A	up
DOS047_HT29_24H_M22_BRD-K79064338_4uM down	be6ddb34-4a75-4ece-b39b-776f9297168c	250	5.905217584741984e-05	0.025489589888778037	11.334	5	DOS047	HT29	24H	M22	BRD-K79064338	4uM	down
DOS049_HT29_24H_C23_BRD-K62423074_4uM down	a66195b2-f4d9-4fbb-b98e-c07199b194f9	250	5.905217584741984e-05	0.025489589888778037	11.334	5	DOS049	HT29	24H	C23	BRD-K62423074	4uM	down
XPR015_BICR6.311_96H_A04_ASAH1 down	7d849416-68d4-422f-845d-551516206966	250	5.905217584741984e-05	0.025489589888778037	11.334	5	XPR015	BICR6.311	96H	A04	ASAH1	N/A	down
EMU001_THP1_3H_C04_bortezomib_0.125uM up	dce5bde6-d5e8-400f-a261-3b384d9d7ab3	250	5.905217584741984e-05	0.025489589888778037	11.334	5	EMU001	THP1	3H	C04	bortezomib	0.125uM	up
FIBR015_MCLF022CN_6H_M05_tipifarnib-P2_4uM down	d975f3a4-b7c5-4861-98d8-061d51e3875a	250	5.905217584741984e-05	0.025489589888778037	11.334	5	FIBR015	MCLF022CN	6H	M05	tipifarnib-P2	4uM	down
FIBR015_MCLF022CN_6H_N11_estradiol_0.37uM down	75e30ee7-d88b-43d2-9f18-1006a91d4563	250	5.905217584741984e-05	0.025489589888778037	11.334	5	FIBR015	MCLF022CN	6H	N11	estradiol	0.37uM	down
FIBR019_MCLF135CN_6H_G10_TL-HRAS-61_0.37uM up	3d3be75b-a141-47fe-a3d5-493883f61633	250	5.905217584741984e-05	0.025489589888778037	11.334	5	FIBR019	MCLF135CN	6H	G10	TL-HRAS-61	0.37uM	up
FIBR032_MCLF054CN_6H_E14_D-4476_20uM up	cead3f29-55e0-43d0-bfa8-0a4a385636eb	250	5.905217584741984e-05	0.025489589888778037	11.334	5	FIBR032	MCLF054CN	6H	E14	D-4476	20uM	up
FIBR040_MCLF056CN_6H_K02_gemcitabine_0.02uM down	defae7a0-f695-4f9d-bb30-9350e05ac312	250	5.905217584741984e-05	0.025489589888778037	11.334	5	FIBR040	MCLF056CN	6H	K02	gemcitabine	0.02uM	down
KMS002_THP1_24H_C07_TUL_XXI035_0.12uM down	77c0c63d-a5ed-4684-a49f-757ee0a0153c	250	5.905217584741984e-05	0.025489589888778037	11.334	5	KMS002	THP1	24H	C07	TUL	XXI035_0.12uM	down
LCP001_MCF10A.WT_12H_E12_ABT-751_1.11uM down	1ab1aba9-05c0-4590-84cb-02d18a24d10e	250	5.905217584741984e-05	0.025489589888778037	11.334	5	LCP001	MCF10A.WT	12H	E12	ABT-751	1.11uM	down
LCP001_MCF10A.WT_3H_D02_idoxuridin_3.33uM up	4f991090-8e9e-4237-88ac-175561a67b62	250	5.905217584741984e-05	0.025489589888778037	11.334	5	LCP001	MCF10A.WT	3H	D02	idoxuridin	3.33uM	up
LJP001_HS578T_24H_P09_WZ-4-145_0.37uM up	b9322b78-ee05-4109-bdeb-d69d0173a07f	250	5.905217584741984e-05	0.025489589888778037	11.334	5	LJP001	HS578T	24H	P09	WZ-4-145	0.37uM	up
LJP005_MCF10A_3H_C04_PD-0325901_0.37uM down	4f28e1f5-6475-458a-af38-925da200b685	250	5.905217584741984e-05	0.025489589888778037	11.334	5	LJP005	MCF10A	3H	C04	PD-0325901	0.37uM	down
LJP006_HT29_24H_E05_PD-0325901_0.12uM down	834013d4-ad76-4200-a3f0-3a8025c5517b	250	5.905217584741984e-05	0.025489589888778037	11.334	5	LJP006	HT29	24H	E05	PD-0325901	0.12uM	down
LJP007_NPC.CAS9_24H_L09_MLN-0128_1.11uM up	690aadc3-8574-48a4-b9b0-e57001d7528e	250	5.905217584741984e-05	0.025489589888778037	11.334	5	LJP007	NPC.CAS9	24H	L09	MLN-0128	1.11uM	up
LKCP002_U2OS_24H_N07_cediranib_10uM down	7f96946a-a285-4d0b-8a6c-b4880debb62e	250	5.905217584741984e-05	0.025489589888778037	11.334	5	LKCP002	U2OS	24H	N07	cediranib	10uM	down
MOA001_U2OS_24H_L19_BRD-K14929173_1.11uM down	78f64b56-2c17-491f-b57e-3194730f6569	250	5.905217584741984e-05	0.025489589888778037	11.334	5	MOA001	U2OS	24H	L19	BRD-K14929173	1.11uM	down
MOAR002_A375_24H_N02_carfilzomib_3.33uM down	c98abe93-b6f7-4239-ab65-d72673e5fc01	250	5.905217584741984e-05	0.025489589888778037	11.334	5	MOAR002	A375	24H	N02	carfilzomib	3.33uM	down
MOAR003_A375_24H_I10_VLX-600_10uM up	cfd34d93-0c45-4560-a5ce-241f3be46873	250	5.905217584741984e-05	0.025489589888778037	11.334	5	MOAR003	A375	24H	I10	VLX-600	10uM	up
MOAR004_PC3_24H_K16_CP-724714_10uM up	c613a4f4-ce1b-4bfd-8860-fa2a8b8a97ca	250	5.905217584741984e-05	0.025489589888778037	11.334	5	MOAR004	PC3	24H	K16	CP-724714	10uM	up
MOAR006_A375_24H_P11_SD-208_3.33uM down	0f504805-4fa6-4c60-952a-f2f0f4f27e6b	250	5.905217584741984e-05	0.025489589888778037	11.334	5	MOAR006	A375	24H	P11	SD-208	3.33uM	down
MOAR007_A375_24H_H15_saclofen_1.11uM up	166f903b-9e1c-415c-8c62-42aafb9388db	250	5.905217584741984e-05	0.025489589888778037	11.334	5	MOAR007	A375	24H	H15	saclofen	1.11uM	up
MOAR009_OVTOKO_24H_C19_2-cyanopyrimidine_10uM up	aa6af9ee-4eb1-489f-ad4a-157142af95e2	250	5.905217584741984e-05	0.025489589888778037	11.334	5	MOAR009	OVTOKO	24H	C19	2-cyanopyrimidine	10uM	up
XPR019_A375.311_96H_M06_LAMP1 up	2bb0046a-6296-4acc-9cff-2c917a7cc3e6	250	5.905217584741984e-05	0.025489589888778037	11.334	5	XPR019	A375.311	96H	M06	LAMP1	N/A	up
MOAR012_NCIH838_24H_D02_molidustat_3.33uM up	a9aec1da-09ea-4edd-afb5-faaab211aeae	250	5.905217584741984e-05	0.025489589888778037	11.334	5	MOAR012	NCIH838	24H	D02	molidustat	3.33uM	up
MUC.CP008_HA1E_24H_I22_GDC-0349_0.37uM up	3f9b8cf9-b96c-4936-82cf-bb721e1e9332	250	5.905217584741984e-05	0.025489589888778037	11.334	5	MUC.CP008	HA1E	24H	I22	GDC-0349	0.37uM	up
XPR034_PC3.311B_96H_I15_RIPK4 up	0e3a7143-3c13-45c6-8abd-905bbe31da5c	250	5.905217584741984e-05	0.025489589888778037	11.334	5	XPR034	PC3.311B	96H	I15	RIPK4	N/A	up
PAC002_U2OS_6H_K05_CITCO_12uM down	15c6791a-d88c-4f27-a9fe-d8ac0a47dd67	250	5.905217584741984e-05	0.025489589888778037	11.334	5	PAC002	U2OS	6H	K05	CITCO	12uM	down
PAC011_U2OS_6H_P24_BRD-K45328741_10uM up	a6d3859a-2f2e-4804-a0a0-38cc6a6335fc	250	5.905217584741984e-05	0.025489589888778037	11.334	5	PAC011	U2OS	6H	P24	BRD-K45328741	10uM	up
PAC013_U2OS_6H_I01_BRD-K31439714_10uM down	757a0b18-ede9-42f9-b65c-5238a169d721	250	5.905217584741984e-05	0.025489589888778037	11.334	5	PAC013	U2OS	6H	I01	BRD-K31439714	10uM	down
PBIOA004_XC.L10_24H_I22_linsitinib_10uM down	d6636332-927f-4cd5-9714-b713a92f0ccd	250	5.905217584741984e-05	0.025489589888778037	11.334	5	PBIOA004	XC.L10	24H	I22	linsitinib	10uM	down
PBIOA015_PC3_24H_E12_BRD-K99006945_0.04uM up	ef096cc4-978b-4655-8dc2-4d31dccc0b81	250	5.905217584741984e-05	0.025489589888778037	11.334	5	PBIOA015	PC3	24H	E12	BRD-K99006945	0.04uM	up
PBIOA021_MCF7_24H_P05_saracatinib_0.125uM down	f1c8e996-7b2d-48fd-b0a0-115a06b806ef	250	5.905217584741984e-05	0.025489589888778037	11.334	5	PBIOA021	MCF7	24H	P05	saracatinib	0.125uM	down
REP.A016_HT29_24H_O21_BRD-K23875128_1.11uM up	986f7718-eae7-4a05-8114-2c094f4f6793	250	5.905217584741984e-05	0.025489589888778037	11.334	5	REP.A016	HT29	24H	O21	BRD-K23875128	1.11uM	up
REP.A017_A375_24H_G16_bortezomib_20uM down	9dc055a1-01b7-4548-ad85-b82dacac2fa6	250	5.905217584741984e-05	0.025489589888778037	11.334	5	REP.A017	A375	24H	G16	bortezomib	20uM	down
REP.B005_HT29_24H_E10_DU-728_0.08uM up	128c414b-3d9b-43ab-8033-1cd14aa10c55	250	5.905217584741984e-05	0.025489589888778037	11.334	5	REP.B005	HT29	24H	E10	DU-728	0.08uM	up
REP.B002_HT29_24H_I22_bambuterol_0.08uM up	5a2fbc00-e09f-4878-8e12-b602566b9315	250	5.905217584741984e-05	0.025489589888778037	11.334	5	REP.B002	HT29	24H	I22	bambuterol	0.08uM	up
REP.B010_HEK293_24H_A22_nutlin-3_0.08uM up	1248ba6e-9c73-400f-b53e-67424f175521	250	5.905217584741984e-05	0.025489589888778037	11.334	5	REP.B010	HEK293	24H	A22	nutlin-3	0.08uM	up
REP.B017_THP1_24H_L24_ORE-1001_0.01uM down	4d4f84f1-09a9-4610-a86e-b9b754df7c53	250	5.905217584741984e-05	0.025489589888778037	11.334	5	REP.B017	THP1	24H	L24	ORE-1001	0.01uM	down
REP.B019_JURKAT_24H_C02_valsartan_0.74uM up	4c85acf5-ab6b-4deb-8d1c-8be4fe9d55d0	250	5.905217584741984e-05	0.025489589888778037	11.334	5	REP.B019	JURKAT	24H	C02	valsartan	0.74uM	up
REP.B021_HA1E_24H_A08_nemonapride_0.74uM down	70e9e0e6-1314-4a16-98c1-0e2c7a47de9a	250	5.905217584741984e-05	0.025489589888778037	11.334	5	REP.B021	HA1E	24H	A08	nemonapride	0.74uM	down
REP.B022_THP1_24H_K15_PF-04217903_0.25uM down	a91dbc02-46fb-43d1-b6bc-4be79f1574b6	250	5.905217584741984e-05	0.025489589888778037	11.334	5	REP.B022	THP1	24H	K15	PF-04217903	0.25uM	down
REP.B024_HA1E_24H_E10_pralatrexate_0.08uM up	a048a885-2b40-4bb4-a94c-08d01d748865	250	5.905217584741984e-05	0.025489589888778037	11.334	5	REP.B024	HA1E	24H	E10	pralatrexate	0.08uM	up
XPR037_AGS.311_96H_D17_GBP1 down	aa7f0206-b454-4913-a0f0-74b701f113bf	250	5.905217584741984e-05	0.025489589888778037	11.334	5	XPR037	AGS.311	96H	D17	GBP1	N/A	down
XPR010_A549.311_96H_K11_CACNG1 up	e8bc572b-3d97-4547-8626-401e8851a1be	250	5.905217584741984e-05	0.025489589888778037	11.334	5	XPR010	A549.311	96H	K11	CACNG1	N/A	up
XPR012_A549.311_96H_O01_ASXL1 up	d75b23d8-c0e5-4526-a8a2-512e49016e34	250	5.905217584741984e-05	0.025489589888778037	11.334	5	XPR012	A549.311	96H	O01	ASXL1	N/A	up
XPR015_U251MG.311_96H_O21_COL7A1 up	ef89e4cf-9762-4e45-b045-dcea651fc7f1	250	5.905217584741984e-05	0.025489589888778037	11.334	5	XPR015	U251MG.311	96H	O21	COL7A1	N/A	up
XPR019_MCF7.311_96H_I12_KRTAP4-11 down	7ea9d251-76a8-4474-86d6-f4e5a0d820d8	250	5.905217584741984e-05	0.025489589888778037	11.334	5	XPR019	MCF7.311	96H	I12	KRTAP4-11	N/A	down
XPR030_AGS.311_96H_G04_KCNA4 up	f935b66f-1a0b-427d-b118-4c7ca91eceb5	250	5.905217584741984e-05	0.025489589888778037	11.334	5	XPR030	AGS.311	96H	G04	KCNA4	N/A	up
XPR032_PC3.311B_96H_L24_AQP9 up	f8a2d5d8-53e2-4672-bae5-379566edd6cd	250	5.905217584741984e-05	0.025489589888778037	11.334	5	XPR032	PC3.311B	96H	L24	AQP9	N/A	up
XPR042_ES2.311_96H_N01_PGRMC1 up	13c18bb2-d66a-4cd9-8a6a-87cccc4d5250	250	5.905217584741984e-05	0.025489589888778037	11.334	5	XPR042	ES2.311	96H	N01	PGRMC1	N/A	up
ASG001_MCF7_24H_N24_LY-294002_0.08uM up	684bb733-7c8a-481d-b6f9-59fc4d18d161	250	5.905217584741984e-05	0.025489589888778037	11.334	5	ASG001	MCF7	24H	N24	LY-294002	0.08uM	up
ASG002_A549_24H_D11_panobinostat_1.11uM down	4e77efd8-8db8-4750-a9b8-c298cc8c5efc	250	5.905217584741984e-05	0.025489589888778037	11.334	5	ASG002	A549	24H	D11	panobinostat	1.11uM	down
ASG002_HEC108_24H_F12_floxuridine_0.12uM down	b784e689-32df-4df0-9909-084e225a8af6	250	5.905217584741984e-05	0.025489589888778037	11.334	5	ASG002	HEC108	24H	F12	floxuridine	0.12uM	down
ASG002_HEC151_24H_F23_trifluoperazine_1.25uM up	17f3f28c-bb32-4898-a3e7-ac25051a3c33	250	5.905217584741984e-05	0.025489589888778037	11.334	5	ASG002	HEC151	24H	F23	trifluoperazine	1.25uM	up
ASG003_U2OS_24H_I15_raloxifene_0.12uM down	cf7eee6b-e348-4413-ae03-a74b8a610ec1	250	5.905217584741984e-05	0.025489589888778037	11.334	5	ASG003	U2OS	24H	I15	raloxifene	0.12uM	down
ASG003_XC.P904_24H_J16_simvastatin_10uM up	039dc5be-ef90-42c4-bc8d-6f1b004bbe57	250	5.905217584741984e-05	0.025489589888778037	11.334	5	ASG003	XC.P904	24H	J16	simvastatin	10uM	up
CPC001_HA1E_24H_K21_cromakalim_10uM up	2f7874c9-d942-4a51-9c51-5c4c8a1827d2	250	5.905217584741984e-05	0.025489589888778037	11.334	5	CPC001	HA1E	24H	K21	cromakalim	10uM	up
CPC001_HCC515_24H_E22_ARP-101_10uM up	73ab543e-6cf7-4464-a96b-056f1ef91a2a	250	5.905217584741984e-05	0.025489589888778037	11.334	5	CPC001	HCC515	24H	E22	ARP-101	10uM	up
CPC005_MCF7_24H_O04_MDL-11939_10uM up	bfba2162-e9e0-40af-b90a-a5e85ef80140	250	5.905217584741984e-05	0.025489589888778037	11.334	5	CPC005	MCF7	24H	O04	MDL-11939	10uM	up
XPR039_KYSE30.311_96H_P16_SHC1 down	56669058-7365-4dfa-8f1a-20ffbd25e367	250	5.905217584741984e-05	0.025489589888778037	11.334	5	XPR039	KYSE30.311	96H	P16	SHC1	N/A	down
CPC006_EFO27_6H_M14_tivozanib_10uM up	182bd2a8-2724-485f-ae01-0cb05e446800	250	5.905217584741984e-05	0.025489589888778037	11.334	5	CPC006	EFO27	6H	M14	tivozanib	10uM	up
CPC006_HCC515_6H_O23_STK-064652_10uM down	55428e79-78b5-427a-8eb3-120b9f541f78	250	5.905217584741984e-05	0.025489589888778037	11.334	5	CPC006	HCC515	6H	O23	STK-064652	10uM	down
XPR042_A549.311_96H_B21_PNP up	bd101f1b-f47d-49b4-9da1-f29892f4d649	250	5.905217584741984e-05	0.025489589888778037	11.334	5	XPR042	A549.311	96H	B21	PNP	N/A	up
CPC008_A375_6H_H01_BRD-K03601405_10uM down	39933bd8-a328-44db-af37-830b2eba1344	250	5.905217584741984e-05	0.025489589888778037	11.334	5	CPC008	A375	6H	H01	BRD-K03601405	10uM	down
CPC009_A375_6H_H23_meloxicam_10uM down	22e41745-8c68-431e-92ec-24aa8e4f4560	250	5.905217584741984e-05	0.025489589888778037	11.334	5	CPC009	A375	6H	H23	meloxicam	10uM	down
CPC012_MCF7_6H_F19_VU-0418946-1_10uM up	23a2ff78-44d2-4120-a690-4f21cecbfb26	250	5.905217584741984e-05	0.025489589888778037	11.334	5	CPC012	MCF7	6H	F19	VU-0418946-1	10uM	up
ASG003_U2OS_6H_L19_lomerizine_10uM down	12254e1e-b78c-461c-8683-fc311ad04c69	250	5.905217584741984e-05	0.025489589888778037	11.334	5	ASG003	U2OS	6H	L19	lomerizine	10uM	down
CPC014_PC3_24H_K07_XMD-892_10uM down	8abcdc46-373c-4fff-9ed1-df290b3af6a8	250	5.905217584741984e-05	0.025489589888778037	11.334	5	CPC014	PC3	24H	K07	XMD-892	10uM	down
CPC014_SKB_24H_J02_HC-toxin_10uM down	a3405680-9366-4ab5-b3eb-f4403b2cf387	250	5.905217584741984e-05	0.025489589888778037	11.334	5	CPC014	SKB	24H	J02	HC-toxin	10uM	down
CPC016_ASC_24H_K24_SR-142948_10uM up	1d40954a-90b6-45bd-8110-cd6ac83dfc93	250	5.905217584741984e-05	0.025489589888778037	11.334	5	CPC016	ASC	24H	K24	SR-142948	10uM	up
CPC017_HT29_6H_K01_SB-431542_10uM down	dc6d4da8-a35a-45fc-b49d-ed4fa748b69f	250	5.905217584741984e-05	0.025489589888778037	11.334	5	CPC017	HT29	6H	K01	SB-431542	10uM	down
CPC019_PC3_6H_K13_BRD-K69021489_10uM up	c9638354-1ba7-4bd3-a6cb-9708989d1f57	250	5.905217584741984e-05	0.025489589888778037	11.334	5	CPC019	PC3	6H	K13	BRD-K69021489	10uM	up
CPC020_A375_6H_I03_BRD-K41775742_10uM up	e12355bc-6c1b-451e-b03b-cbf1fdf8eb0a	250	5.905217584741984e-05	0.025489589888778037	11.334	5	CPC020	A375	6H	I03	BRD-K41775742	10uM	up
CVD001_PHH_6H_O05_BRD-K67774729_10uM up	9a619aaf-e270-487f-8888-4d111ea34f1d	250	5.905217584741984e-05	0.025489589888778037	11.334	5	CVD001	PHH	6H	O05	BRD-K67774729	10uM	up
DOS002_VCAP_24H_H02_BRD-K06397242_4uM up	486095d1-8d3e-4fe1-97c7-2e9bcba135be	250	5.905217584741984e-05	0.025489589888778037	11.334	5	DOS002	VCAP	24H	H02	BRD-K06397242	4uM	up
DOS043_A549_24H_L20_BRD-K45409613_4uM up	048f4315-6879-4ed9-9635-6dff97f535b2	250	5.905217584741984e-05	0.025489589888778037	11.334	5	DOS043	A549	24H	L20	BRD-K45409613	4uM	up
DOSVAL002_PC3_24H_I05_BRD-K64864583_10uM down	d51cef99-85e3-4301-8d61-ba4a369e23b5	250	5.905217584741984e-05	0.025489589888778037	11.334	5	DOSVAL002	PC3	24H	I05	BRD-K64864583	10uM	down
EMU001_MINO_24H_B13_SB-2343_10uM down	7b924711-6c54-4b9d-8dc5-bc6fa1e158df	250	5.905217584741984e-05	0.025489589888778037	11.334	5	EMU001	MINO	24H	B13	SB-2343	10uM	down
EMU001_TMD8_6H_E03_mepazine_0.66uM down	882a22ca-faaf-45fd-b85e-c70de1c57804	250	5.905217584741984e-05	0.025489589888778037	11.334	5	EMU001	TMD8	6H	E03	mepazine	0.66uM	down
ERG020_VCAP_24H_B12_BRD-K81795824_10uM up	490c5803-f708-4db1-a19c-401a4ab76d4a	250	5.905217584741984e-05	0.025489589888778037	11.334	5	ERG020	VCAP	24H	B12	BRD-K81795824	10uM	up
ASG003_XC.P915_24H_D02_obatoclax_1.11uM up	9ffb0e08-8991-4122-b50d-6c5b0448ca7c	250	5.905217584741984e-05	0.025489589888778037	11.334	5	ASG003	XC.P915	24H	D02	obatoclax	1.11uM	up
FIBR004_MCLF027CN_6H_I14_PAC-1_25uM up	0e521fbc-67b2-441b-b597-d9c516ec200c	250	5.905217584741984e-05	0.025489589888778037	11.334	5	FIBR004	MCLF027CN	6H	I14	PAC-1	25uM	up
FIBR004_MCLF027CN_6H_O15_methylphenidate_4uM up	047b03b6-6631-4d98-b417-1f01ecaffee7	250	5.905217584741984e-05	0.025489589888778037	11.334	5	FIBR004	MCLF027CN	6H	O15	methylphenidate	4uM	up
FIBR005_MCLF033SZ_6H_N02_losartan_4uM down	89db7849-9adf-43a7-96a4-2b3cab00adf5	250	5.905217584741984e-05	0.025489589888778037	11.334	5	FIBR005	MCLF033SZ	6H	N02	losartan	4uM	down
LJP005_HEPG2_24H_B17_tozasertib_0.12uM down	1032721c-cc03-489f-a40c-07ed3d9c337b	250	5.905217584741984e-05	0.025489589888778037	11.334	5	LJP005	HEPG2	24H	B17	tozasertib	0.12uM	down
LJP006_HA1E_24H_P09_XMD-1150_1.11uM down	1374e82b-f6be-42b9-af5c-986b6ec07732	250	5.905217584741984e-05	0.025489589888778037	11.334	5	LJP006	HA1E	24H	P09	XMD-1150	1.11uM	down
LJP006_HS578T_24H_P09_XMD-1150_1.11uM down	2f386534-671c-4e0b-837f-75309dcfced6	250	5.905217584741984e-05	0.025489589888778037	11.334	5	LJP006	HS578T	24H	P09	XMD-1150	1.11uM	down
LJP007_A375_24H_F21_BRD-K68336408_1.11uM down	1c16936b-97ad-42bf-9cd9-77c1b12ecd43	250	5.905217584741984e-05	0.025489589888778037	11.334	5	LJP007	A375	24H	F21	BRD-K68336408	1.11uM	down
LJP007_HME1_24H_O02_PD-0325901_3.33uM up	878158f0-8585-466e-9f12-7f9522904f53	250	5.905217584741984e-05	0.025489589888778037	11.334	5	LJP007	HME1	24H	O02	PD-0325901	3.33uM	up
LJP009_MCF7_24H_G10_SB-203580_0.37uM down	1e7fdbef-ee3d-4fbf-ab75-1bb817fb907e	250	5.905217584741984e-05	0.025489589888778037	11.334	5	LJP009	MCF7	24H	G10	SB-203580	0.37uM	down
LPROT003_A549_6H_C02_etoposide_4uM down	42ad398c-ced7-4eb3-a329-65128498b750	250	5.905217584741984e-05	0.025489589888778037	11.334	5	LPROT003	A549	6H	C02	etoposide	4uM	down
MOAR012_MELHO_24H_D19_latrepirdine_10uM up	5f0ef10c-0e36-470c-a095-3d8ec0ae98ab	250	5.905217584741984e-05	0.025489589888778037	11.334	5	MOAR012	MELHO	24H	D19	latrepirdine	10uM	up
MUC.CP003_MCF7_6H_B22_SA-3676_0.37uM up	9f21125e-7cbd-4881-8985-726b089ece8d	250	5.905217584741984e-05	0.025489589888778037	11.334	5	MUC.CP003	MCF7	6H	B22	SA-3676	0.37uM	up
MUC.CP008_P1A82_24H_I21_GDC-0349_1.11uM up	a62e6987-4251-496c-a20a-c723beca6062	250	5.905217584741984e-05	0.025489589888778037	11.334	5	MUC.CP008	P1A82	24H	I21	GDC-0349	1.11uM	up
XPR016_BICR6.311_96H_M04_EDIL3 down	f672e4c0-1e8b-4f18-a80f-214dc83f55f8	250	5.905217584741984e-05	0.025489589888778037	11.334	5	XPR016	BICR6.311	96H	M04	EDIL3	N/A	down
PAC006_U2OS_6H_P07_BRD-A43076080_10uM up	85ffe0d8-4add-4fac-acda-f7aceeed9a74	250	5.905217584741984e-05	0.025489589888778037	11.334	5	PAC006	U2OS	6H	P07	BRD-A43076080	10uM	up
PAC016_U2OS_6H_K20_BRD-K52595962_10uM down	d4f5fc15-2b04-4bb1-9310-7fa28e58016a	250	5.905217584741984e-05	0.025489589888778037	11.334	5	PAC016	U2OS	6H	K20	BRD-K52595962	10uM	down
PAC016_U2OS_6H_M20_BRD-K55489373_10uM down	1faaac4d-1e1d-4370-bba4-7c97ec8caad5	250	5.905217584741984e-05	0.025489589888778037	11.334	5	PAC016	U2OS	6H	M20	BRD-K55489373	10uM	down
PAC025_U2OS_6H_B09_BRD-K37770214_10uM down	9e71872e-a4a1-402a-b402-d2b3b3e10aa8	250	5.905217584741984e-05	0.025489589888778037	11.334	5	PAC025	U2OS	6H	B09	BRD-K37770214	10uM	down
PAC065_U2OS_6H_C03_BRD-K84459640_10uM up	fe982b64-c92a-4f86-b412-4765e6b27967	250	5.905217584741984e-05	0.025489589888778037	11.334	5	PAC065	U2OS	6H	C03	BRD-K84459640	10uM	up
PBIOA017_HEPG2_24H_F24_BRD-K52643615_0.04uM up	1516a21f-c2be-4b83-aab1-e19fb4305d9f	250	5.905217584741984e-05	0.025489589888778037	11.334	5	PBIOA017	HEPG2	24H	F24	BRD-K52643615	0.04uM	up
PBIOA021_MCF7_24H_O19_sonidegib_10uM up	8a4d4277-8039-4722-83bd-1997059cfda3	250	5.905217584741984e-05	0.025489589888778037	11.334	5	PBIOA021	MCF7	24H	O19	sonidegib	10uM	up
REP.A003_MCF7_24H_G03_L-NAME_1.11uM down	16ba1189-ed85-4ee0-8e44-ab4cc44e50c5	250	5.905217584741984e-05	0.025489589888778037	11.334	5	REP.A003	MCF7	24H	G03	L-NAME	1.11uM	down
REP.A007_HELA_24H_O24_cobicistat_0.04uM up	f0914514-9f75-4042-8610-1fc11ebc9c96	250	5.905217584741984e-05	0.025489589888778037	11.334	5	REP.A007	HELA	24H	O24	cobicistat	0.04uM	up
REP.A015_HEK293_24H_O03_MG-132_20uM down	068113d6-6481-4d90-b540-4b2e6fff2a70	250	5.905217584741984e-05	0.025489589888778037	11.334	5	REP.A015	HEK293	24H	O03	MG-132	20uM	down
REP.B011_HEK293_24H_A13_metoprolol_2.22uM up	347e5e16-5ce9-4ede-aed2-a6573af84ea3	250	5.905217584741984e-05	0.025489589888778037	11.334	5	REP.B011	HEK293	24H	A13	metoprolol	2.22uM	up
REP.B014_HELA_24H_C01_PX-12_2.22uM down	f1f663fd-f064-4d58-aa20-9c5d1bc0b6e4	250	5.905217584741984e-05	0.025489589888778037	11.334	5	REP.B014	HELA	24H	C01	PX-12	2.22uM	down
REP.B015_HEK293_24H_E23_selumetinib_0.03uM up	f0a0fe35-9378-4f3f-980a-6243609feeb9	250	5.905217584741984e-05	0.025489589888778037	11.334	5	REP.B015	HEK293	24H	E23	selumetinib	0.03uM	up
REP.B015_MCF10A_24H_N21_carglumic-acid_0.25uM up	36f4b43f-1394-4cd8-9fcd-9887eefba78c	250	5.905217584741984e-05	0.025489589888778037	11.334	5	REP.B015	MCF10A	24H	N21	carglumic-acid	0.25uM	up
REP.B020_HT29_24H_N05_BRD-K47869605_0.03uM down	84d06240-d8ba-4962-86fe-49f5f9dbc437	250	5.905217584741984e-05	0.025489589888778037	11.334	5	REP.B020	HT29	24H	N05	BRD-K47869605	0.03uM	down
REP.B025_YAPC_24H_F21_noscapine_0.25uM up	58d96e7d-5f56-4972-bf01-78f44b6108ed	250	5.905217584741984e-05	0.025489589888778037	11.334	5	REP.B025	YAPC	24H	F21	noscapine	0.25uM	up
XPR009_MCF7.311_96H_B13_NFE2 up	9f4d402f-d2a3-4a87-b1f2-7408aac1084d	250	5.905217584741984e-05	0.025489589888778037	11.334	5	XPR009	MCF7.311	96H	B13	NFE2	N/A	up
XPR017_MCF7.311_96H_M17_ADH1B down	dda65532-9d14-4006-8e23-d319bf49ba59	250	5.905217584741984e-05	0.025489589888778037	11.334	5	XPR017	MCF7.311	96H	M17	ADH1B	N/A	down
XPR018_MCF7.311_96H_A12_IL1RN up	7b1bb24d-575c-492b-9915-b7fdb0924785	250	5.905217584741984e-05	0.025489589888778037	11.334	5	XPR018	MCF7.311	96H	A12	IL1RN	N/A	up
CEGS002_HIMG001_24H_F02_aripiprazole_12.5uM down	60d933c8-87fc-4f9d-a0c7-b97f113b1380	250	5.905217584741984e-05	0.025489589888778037	11.334	5	CEGS002	HIMG001	24H	F02	aripiprazole	12.5uM	down
XPR028_PC3.311B_96H_G03_ANXA5 up	6dcf8b98-7d6e-4389-a47d-0aec0fe5845f	250	5.905217584741984e-05	0.025489589888778037	11.334	5	XPR028	PC3.311B	96H	G03	ANXA5	N/A	up
XPR032_U251MG.311_96H_J22_ELN up	25aacf3d-ca9e-47eb-a53b-b72531e209ff	250	5.905217584741984e-05	0.025489589888778037	11.334	5	XPR032	U251MG.311	96H	J22	ELN	N/A	up
ABY001_NCIH596_XH_A13_afatinib_10uM up	59466c39-de59-420c-9350-720abdf373c5	250	5.905217584741984e-05	0.025489589888778037	11.334	5	ABY001	NCIH596	XH	A13	afatinib	10uM	up
ASG002_YAPC_24H_A14_TW-37_0.74uM up	8d3e708e-17db-4a14-9513-281e379e9a71	250	5.905217584741984e-05	0.025489589888778037	11.334	5	ASG002	YAPC	24H	A14	TW-37	0.74uM	up
ASG003_U2OS_6H_D24_birinapant_0.12uM up	95d508f9-1154-4bbe-a309-15a3f775ab76	250	5.905217584741984e-05	0.025489589888778037	11.334	5	ASG003	U2OS	6H	D24	birinapant	0.12uM	up
ASG003_XC.P908_24H_J08_ibrutinib_1.11uM down	ac4eee51-511f-471e-aeb7-e3fc46d54148	250	5.905217584741984e-05	0.025489589888778037	11.334	5	ASG003	XC.P908	24H	J08	ibrutinib	1.11uM	down
ASG003_XC.P915_24H_C17_equilin_1.11uM down	52fc8c72-f9b4-4045-8c57-d77745c1c79e	250	5.905217584741984e-05	0.025489589888778037	11.334	5	ASG003	XC.P915	24H	C17	equilin	1.11uM	down
CEGS002_HIMG001_24H_D24_sertraline_0.74uM down	a6be87e7-8b7e-4002-a5aa-8608e9f9283d	250	5.905217584741984e-05	0.025489589888778037	11.334	5	CEGS002	HIMG001	24H	D24	sertraline	0.74uM	down
CPC003_HCC515_6H_B20_LY-341495_10uM up	649f851e-d8b7-4e83-b74b-fc4b7f11c0bc	250	5.905217584741984e-05	0.025489589888778037	11.334	5	CPC003	HCC515	6H	B20	LY-341495	10uM	up
CPC002_VCAP_24H_G02_benzamil_10uM down	49739cbc-92ff-4e16-8232-993223c9cbfc	250	5.905217584741984e-05	0.025489589888778037	11.334	5	CPC002	VCAP	24H	G02	benzamil	10uM	down
CPC005_HA1E_6H_C07_chlorphensin_10uM down	dbf55bc1-de44-45cd-95c9-4b8554a9133a	250	5.905217584741984e-05	0.025489589888778037	11.334	5	CPC005	HA1E	6H	C07	chlorphensin	10uM	down
CPC006_HCC515_24H_N03_chaetocin_0.08uM down	4c9fc4f2-b843-4ee1-b223-280a285e961d	250	5.905217584741984e-05	0.025489589888778037	11.334	5	CPC006	HCC515	24H	N03	chaetocin	0.08uM	down
CPC006_MCF7_6H_O12_CHEMBL-374350_10uM up	cb3e43f7-6d0f-42be-84a8-04cc92c1cb40	250	5.905217584741984e-05	0.025489589888778037	11.334	5	CPC006	MCF7	6H	O12	CHEMBL-374350	10uM	up
CPC007_A549_6H_J09_BRD-A47816767_10uM up	b07dfa93-3b48-4626-be0c-7dc78b92016b	250	5.905217584741984e-05	0.025489589888778037	11.334	5	CPC007	A549	6H	J09	BRD-A47816767	10uM	up
CPC004_HCC515_24H_D08_nadolol_10uM up	9270b789-3c0c-44a9-b3fa-61f0486f1fab	250	5.905217584741984e-05	0.025489589888778037	11.334	5	CPC004	HCC515	24H	D08	nadolol	10uM	up
CPC008_A375_24H_N11_VU-0418947-2_10uM up	bdc554d4-e2b7-499b-b63f-43dbe7b7ac71	250	5.905217584741984e-05	0.025489589888778037	11.334	5	CPC008	A375	24H	N11	VU-0418947-2	10uM	up
CPC008_VCAP_6H_D21_BRD-K76772814_10uM up	07cea695-1ad3-4b94-82f1-6a2bab1ab644	250	5.905217584741984e-05	0.025489589888778037	11.334	5	CPC008	VCAP	6H	D21	BRD-K76772814	10uM	up
CPC010_MCF7_24H_H12_VU-0366968_10uM up	b4dc1962-b736-4682-b9c4-018a3b50d22f	250	5.905217584741984e-05	0.025489589888778037	11.334	5	CPC010	MCF7	24H	H12	VU-0366968	10uM	up
CPC010_PC3_24H_G14_BRD-K48969316_10uM down	8b31f961-9a2f-485c-95c6-f42a335cb0d8	250	5.905217584741984e-05	0.025489589888778037	11.334	5	CPC010	PC3	24H	G14	BRD-K48969316	10uM	down
CPC014_A375_6H_O24_elvitegravir_10uM up	d73544ca-176a-44a4-9edb-cb9ebd472ae3	250	5.905217584741984e-05	0.025489589888778037	11.334	5	CPC014	A375	6H	O24	elvitegravir	10uM	up
CPC017_HEPG2_6H_K15_niguldipine_10uM up	e417c698-0cb2-4180-ab96-530dab888527	250	5.905217584741984e-05	0.025489589888778037	11.334	5	CPC017	HEPG2	6H	K15	niguldipine	10uM	up
CPC020_VCAP_24H_N13_BRD-A51182606_10uM down	c481cb13-727d-4dcc-9154-f1cbb6b80bde	250	5.905217584741984e-05	0.025489589888778037	11.334	5	CPC020	VCAP	24H	N13	BRD-A51182606	10uM	down
CRCGN005_A549_24H_O24_BRD-K26043946_0.08uM up	3a0b990b-0317-440f-89d0-6da38eb9356a	250	5.905217584741984e-05	0.025489589888778037	11.334	5	CRCGN005	A549	24H	O24	BRD-K26043946	0.08uM	up
CRCGN011_HEPG2_24H_K07_vorinostat_20uM down	05abdcd0-8973-4229-b7b4-6f582252b6b5	250	5.905217584741984e-05	0.025489589888778037	11.334	5	CRCGN011	HEPG2	24H	K07	vorinostat	20uM	down
CRCGN014_HEPG2_3H_A07_BRD-K92860374_40uM up	66da6c29-4153-4e85-a02c-3d8a3f76f23e	250	5.905217584741984e-05	0.025489589888778037	11.334	5	CRCGN014	HEPG2	3H	A07	BRD-K92860374	40uM	up
DOS042_A549_24H_C09_BRD-K88187036_4uM up	73cc4ed1-90f9-4a18-a345-d7bcc6317b22	250	5.905217584741984e-05	0.025489589888778037	11.334	5	DOS042	A549	24H	C09	BRD-K88187036	4uM	up
DOS050_PC3_24H_G16_BRD-K40862820_4uM up	2fbb60b3-92b0-4c38-b357-a8aa26656c9b	250	5.905217584741984e-05	0.025489589888778037	11.334	5	DOS050	PC3	24H	G16	BRD-K40862820	4uM	up
DOSBIO001_MCF7_24H_C17_BRD-K45627302_10uM up	8175d4b9-22c1-43f2-8d66-7401177a497a	250	5.905217584741984e-05	0.025489589888778037	11.334	5	DOSBIO001	MCF7	24H	C17	BRD-K45627302	10uM	up
EMU001_OCILY3_24H_D06_AVL-292_0.01uM down	343344f6-36ca-4173-b11d-1cdcfd0d63ab	250	5.905217584741984e-05	0.025489589888778037	11.334	5	EMU001	OCILY3	24H	D06	AVL-292	0.01uM	down
ERG004_VCAP_6H_J15_BRD-K12450081_30uM down	2c88265d-8ece-4259-b125-17e93993c996	250	5.905217584741984e-05	0.025489589888778037	11.334	5	ERG004	VCAP	6H	J15	BRD-K12450081	30uM	down
ERG012_VCAP_24H_O13_BRD-K39658422_10uM down	481d0c8a-f6bd-40f4-a3ce-5822c121f48d	250	5.905217584741984e-05	0.025489589888778037	11.334	5	ERG012	VCAP	24H	O13	BRD-K39658422	10uM	down
ERG014_PC3_6H_B22_BRD-K09110452_10uM down	96492ce3-9dc9-4f42-bc3b-6c2aec56c131	250	5.905217584741984e-05	0.025489589888778037	11.334	5	ERG014	PC3	6H	B22	BRD-K09110452	10uM	down
FIBR006_MCLF033SZ_6H_N15_narciclasine_0.37uM up	20cb2ee4-40d7-45ea-b00a-8a84505c0eef	250	5.905217584741984e-05	0.025489589888778037	11.334	5	FIBR006	MCLF033SZ	6H	N15	narciclasine	0.37uM	up
FIBR016_MCLF022CN_6H_M04_rucaparib_4uM down	ef2e73d8-a6c2-4245-8944-575a7fe2d41d	250	5.905217584741984e-05	0.025489589888778037	11.334	5	FIBR016	MCLF022CN	6H	M04	rucaparib	4uM	down
CPC004_VCAP_24H_P17_primaquine_10uM up	89fc41ab-12bd-4529-9778-839f457733e5	250	5.905217584741984e-05	0.025489589888778037	11.334	5	CPC004	VCAP	24H	P17	primaquine	10uM	up
FIBR039_MCLF056CN_6H_N01_BRD-A36275421_0.37uM up	d5617e69-8fce-4409-9537-72766a5d6b93	250	5.905217584741984e-05	0.025489589888778037	11.334	5	FIBR039	MCLF056CN	6H	N01	BRD-A36275421	0.37uM	up
HOG001_MCF7_6H_L18_wortmannin_0.125uM down	26d50da4-42d1-418d-a5dc-ce418ec604cb	250	5.905217584741984e-05	0.025489589888778037	11.334	5	HOG001	MCF7	6H	L18	wortmannin	0.125uM	down
KMS002_THP1_24H_D09_TUL_XIX002_0.01uM down	c9e3d7cb-2b4a-4ee9-8a7c-f65eab5721de	250	5.905217584741984e-05	0.025489589888778037	11.334	5	KMS002	THP1	24H	D09	TUL	XIX002_0.01uM	down
LJP002_MCF7_6H_B06_XMD-1527_0.08uM down	607c5935-ec53-452a-a2fb-33f6c946b3c7	250	5.905217584741984e-05	0.025489589888778037	11.334	5	LJP002	MCF7	6H	B06	XMD-1527	0.08uM	down
LJP005_HS578T_24H_M21_erlotinib_1.11uM up	736cadfe-eb4f-41d3-8126-4cdb4da85bda	250	5.905217584741984e-05	0.025489589888778037	11.334	5	LJP005	HS578T	24H	M21	erlotinib	1.11uM	up
LJP006_LNCAP_3H_G02_CGP-60474_3.33uM down	f83f34d9-cf8a-4eaf-b9c1-661532b492c6	250	5.905217584741984e-05	0.025489589888778037	11.334	5	LJP006	LNCAP	3H	G02	CGP-60474	3.33uM	down
LJP007_NEU_24H_J07_KIN001-270_10uM down	4ebb0da0-1838-4b9c-a651-fae290ace4b9	250	5.905217584741984e-05	0.025489589888778037	11.334	5	LJP007	NEU	24H	J07	KIN001-270	10uM	down
LJP008_HUVEC.A_24H_D14_IOX2_3.33uM up	d0eeb9d2-c044-412f-be20-fea3040ad857	250	5.905217584741984e-05	0.025489589888778037	11.334	5	LJP008	HUVEC.A	24H	D14	IOX2	3.33uM	up
LJP009_HUVEC.A_24H_K12_GSK-1059615_0.04uM up	eac03ad1-c2ee-4067-92ec-d9e8628a50b1	250	5.905217584741984e-05	0.025489589888778037	11.334	5	LJP009	HUVEC.A	24H	K12	GSK-1059615	0.04uM	up
LJP009_NPC_24H_G05_BRD-K29983336_0.12uM up	c6dd37d2-d3d1-482f-b47c-e2e195cee166	250	5.905217584741984e-05	0.025489589888778037	11.334	5	LJP009	NPC	24H	G05	BRD-K29983336	0.12uM	up
LJP009_PC3_24H_E19_ponatinib_10uM down	229a99de-7c60-4f02-86f9-5f9c0902a3cc	250	5.905217584741984e-05	0.025489589888778037	11.334	5	LJP009	PC3	24H	E19	ponatinib	10uM	down
LKCP002_U2OS_6H_K23_ganetespib_1.11uM down	f3e52630-eca3-4b1c-a951-ccad71d675a1	250	5.905217584741984e-05	0.025489589888778037	11.334	5	LKCP002	U2OS	6H	K23	ganetespib	1.11uM	down
CPC006_HA1E_24H_J09_YM-155_0.3uM up	6b0cf8b7-b95c-4fec-b6e9-ee76688e246e	250	5.905217584741984e-05	0.025489589888778037	11.334	5	CPC006	HA1E	24H	J09	YM-155	0.3uM	up
MOAR012_22RV1_24H_G11_BD-1008_3.33uM down	4ddcb2ce-486b-48f0-a90f-778c414c0bb2	250	5.905217584741984e-05	0.025489589888778037	11.334	5	MOAR012	22RV1	24H	G11	BD-1008	3.33uM	down
CPC006_HT115_6H_E09_AG-14361_25uM down	b90471bf-dc36-4e1a-a900-c32f6f7220d6	250	5.905217584741984e-05	0.025489589888778037	11.334	5	CPC006	HT115	6H	E09	AG-14361	25uM	down
PAC035_U2OS_6H_E24_BRD-K67414432_10uM down	8fd02f9e-e429-4445-bd9c-39f8f4a9b849	250	5.905217584741984e-05	0.025489589888778037	11.334	5	PAC035	U2OS	6H	E24	BRD-K67414432	10uM	down
PBIOA006_XC.R10_24H_I15_BRD-K53930447_1.11uM up	c279d227-32ef-45e8-a2fc-4ff0646d3958	250	5.905217584741984e-05	0.025489589888778037	11.334	5	PBIOA006	XC.R10	24H	I15	BRD-K53930447	1.11uM	up
PBIOA013_HCC515_24H_K16_BRD-K61048996_0.37uM up	0eaee70a-5035-40c8-b984-ce5da33a8c82	250	5.905217584741984e-05	0.025489589888778037	11.334	5	PBIOA013	HCC515	24H	K16	BRD-K61048996	0.37uM	up
PBIOA014_HT29_24H_L19_AT-CSC-18_10uM up	1d6b4fe4-758e-4f99-a87b-35d6e07019c0	250	5.905217584741984e-05	0.025489589888778037	11.334	5	PBIOA014	HT29	24H	L19	AT-CSC-18	10uM	up
PBIOA015_HEPG2_24H_H03_vorinostat_1.11uM up	94ab8b68-2b44-46bb-a48c-97400de07c88	250	5.905217584741984e-05	0.025489589888778037	11.334	5	PBIOA015	HEPG2	24H	H03	vorinostat	1.11uM	up
PBIOA018_PC3_24H_F21_RVE-VIII-11_1.11uM up	9a666ad8-b586-4e0b-a7b3-28daf66ae290	250	5.905217584741984e-05	0.025489589888778037	11.334	5	PBIOA018	PC3	24H	F21	RVE-VIII-11	1.11uM	up
REP.A009_HA1E_24H_M07_cytarabine_10uM up	588289bc-cdc8-421d-9f1f-03bce66976f8	250	5.905217584741984e-05	0.025489589888778037	11.334	5	REP.A009	HA1E	24H	M07	cytarabine	10uM	up
REP.A021_MCF7_24H_G06_dazoxiben_0.04uM down	cef3062e-aecb-4999-b626-ecbe0d73c874	250	5.905217584741984e-05	0.025489589888778037	11.334	5	REP.A021	MCF7	24H	G06	dazoxiben	0.04uM	down
REP.A022_HA1E_24H_I02_SNX-2112_3.33uM down	e764e343-4188-4515-8273-642fc66c8e69	250	5.905217584741984e-05	0.025489589888778037	11.334	5	REP.A022	HA1E	24H	I02	SNX-2112	3.33uM	down
REP.A025_MCF7_24H_O15_bendroflumethiazide_1.11uM up	ce24200f-712f-4aeb-9d60-8dc691aa199e	250	5.905217584741984e-05	0.025489589888778037	11.334	5	REP.A025	MCF7	24H	O15	bendroflumethiazide	1.11uM	up
REP.B003_HT29_24H_F16_vanoxerine_0.08uM down	ef50f73b-21ec-44ac-8ab5-77b619178c17	250	5.905217584741984e-05	0.025489589888778037	11.334	5	REP.B003	HT29	24H	F16	vanoxerine	0.08uM	down
REP.B004_A375_24H_O06_MG-132_20uM down	36dc63fe-0f03-44d8-8fa8-2d35cb9d039e	250	5.905217584741984e-05	0.025489589888778037	11.334	5	REP.B004	A375	24H	O06	MG-132	20uM	down
REP.B015_YAPC_24H_F17_dabigatran-etexilate_0.03uM up	31ad46cf-9e07-4d95-86ac-a7992453a21d	250	5.905217584741984e-05	0.025489589888778037	11.334	5	REP.B015	YAPC	24H	F17	dabigatran-etexilate	0.03uM	up
XPR015_U251MG.311_96H_I06_CTNNB1 down	a8dfd3c5-ce83-4404-8d30-623c56f1d26a	250	5.905217584741984e-05	0.025489589888778037	11.334	5	XPR015	U251MG.311	96H	I06	CTNNB1	N/A	down
XPR023_MCF7.311_96H_N23_SARM1 down	ea3e4ef4-5ed0-41a6-8c5d-3d42735321e5	250	5.905217584741984e-05	0.025489589888778037	11.334	5	XPR023	MCF7.311	96H	N23	SARM1	N/A	down
XPR032_U251MG.311_96H_B10_SI down	0a51a6ac-8a05-4e1c-a243-69e11af2120f	250	5.905217584741984e-05	0.025489589888778037	11.334	5	XPR032	U251MG.311	96H	B10	SI	N/A	down
XPR034_YAPC.311_96H_K02_SCYL1 down	5cfec480-6213-4fce-8c34-c3d7a3c7ae6a	250	5.905217584741984e-05	0.025489589888778037	11.334	5	XPR034	YAPC.311	96H	K02	SCYL1	N/A	down
XPR035_PC3.311B_96H_P13_MIF down	c2ec6dae-3464-4947-9a68-82fc8c65ea54	250	5.905217584741984e-05	0.025489589888778037	11.334	5	XPR035	PC3.311B	96H	P13	MIF	N/A	down
ASG002_A375_24H_L22_azathioprine_10uM up	cd4f07c4-b878-4170-963e-ce6b565511c9	250	5.905217584741984e-05	0.025489589888778037	11.334	5	ASG002	A375	24H	L22	azathioprine	10uM	up
ASG002_BICR6_24H_J02_GDC-0199_1.11uM up	1a991776-72d9-4d4c-824a-88711cf4570b	250	5.905217584741984e-05	0.025489589888778037	11.334	5	ASG002	BICR6	24H	J02	GDC-0199	1.11uM	up
ASG002_BT474_24H_E22_roscovitine_10uM down	4f7b0975-b050-4446-a1c8-e3544402d6f7	250	5.905217584741984e-05	0.025489589888778037	11.334	5	ASG002	BT474	24H	E22	roscovitine	10uM	down
ASG002_HEC108_24H_O12_raloxifene_0.12uM down	3b3dd68f-65fd-4c59-b6a5-77ac357d7c52	250	5.905217584741984e-05	0.025489589888778037	11.334	5	ASG002	HEC108	24H	O12	raloxifene	0.12uM	down
ASG002_IGR37_24H_E19_masitinib_10uM down	96e33f43-1ee6-4838-b4d0-0cbbc9fd8218	250	5.905217584741984e-05	0.025489589888778037	11.334	5	ASG002	IGR37	24H	E19	masitinib	10uM	down
ASG002_LNCAP.FGC_24H_D12_panobinostat_0.12uM down	7060adbc-d338-480d-a710-398ad8686963	250	5.905217584741984e-05	0.025489589888778037	11.334	5	ASG002	LNCAP.FGC	24H	D12	panobinostat	0.12uM	down
CPC006_HT29_24H_H13_PF-750_80uM up	6e2fa8df-121d-47e0-be53-90eeed49fc34	250	5.905217584741984e-05	0.025489589888778037	11.334	5	CPC006	HT29	24H	H13	PF-750	80uM	up
ASG003_XC.P933_24H_D02_obatoclax_1.11uM up	92c90ae0-43e8-4a40-b403-08ada2e41a68	250	5.905217584741984e-05	0.025489589888778037	11.334	5	ASG003	XC.P933	24H	D02	obatoclax	1.11uM	up
CPC001_HA1E_6H_G10_BRD-K76293260_10uM down	536aa316-a0dc-40a9-bec1-7a1aaa6f43c7	250	5.905217584741984e-05	0.025489589888778037	11.334	5	CPC001	HA1E	6H	G10	BRD-K76293260	10uM	down
CPC008_A375_6H_L11_VU-0418946-1_10uM up	e16f1ad5-adb3-4cf7-83e4-6e9ed5966d23	250	5.905217584741984e-05	0.025489589888778037	11.334	5	CPC008	A375	6H	L11	VU-0418946-1	10uM	up
CPC002_VCAP_6H_P20_danazol_10uM down	ca1808c5-d520-4019-8e86-04f7e99ca9f0	250	5.905217584741984e-05	0.025489589888778037	11.334	5	CPC002	VCAP	6H	P20	danazol	10uM	down
CPC009_PC3_6H_O10_BRD-K42499654_10uM up	7c422363-54ea-49d4-a9a4-53148b750817	250	5.905217584741984e-05	0.025489589888778037	11.334	5	CPC009	PC3	6H	O10	BRD-K42499654	10uM	up
CPC014_VCAP_24H_L06_apigenin_10uM down	ff2ae49e-3c36-4863-8320-1ddb9f3847d4	250	5.905217584741984e-05	0.025489589888778037	11.334	5	CPC014	VCAP	24H	L06	apigenin	10uM	down
LJP005_SKBR3_3H_F01_CGP-60474_10uM down	d8907566-be1f-422b-8c2e-23d684a073ff	250	5.905217584741984e-05	0.025489589888778037	11.334	5	LJP005	SKBR3	3H	F01	CGP-60474	10uM	down
CPC014_VCAP_6H_E07_AZD-6482_10uM down	f0ce4080-3af7-460e-8c89-03c3e7b09292	250	5.905217584741984e-05	0.025489589888778037	11.334	5	CPC014	VCAP	6H	E07	AZD-6482	10uM	down
CPC019_PC3_6H_D06_BRD-K11224669_10uM down	936da456-6c3e-4a09-8ded-37bf95225a26	250	5.905217584741984e-05	0.025489589888778037	11.334	5	CPC019	PC3	6H	D06	BRD-K11224669	10uM	down
CPD001_MCF7_24H_K01_ketotifen_10uM down	4e5d4667-f37a-4949-b8f8-97cc1da322df	250	5.905217584741984e-05	0.025489589888778037	11.334	5	CPD001	MCF7	24H	K01	ketotifen	10uM	down
DOS009_VCAP_24H_H13_BRD-K49473389_4uM down	0e68ae64-a84f-4e64-a4a6-0376abd76d50	250	5.905217584741984e-05	0.025489589888778037	11.334	5	DOS009	VCAP	24H	H13	BRD-K49473389	4uM	down
DOS048_A549_24H_F20_BRD-K35400569_4uM up	cb53979a-9125-4da5-abbb-c91ebb751c60	250	5.905217584741984e-05	0.025489589888778037	11.334	5	DOS048	A549	24H	F20	BRD-K35400569	4uM	up
DOS056_HT29_24H_N07_BRD-K61484309_4uM down	af498d13-89a2-4103-b725-2e104c81671b	250	5.905217584741984e-05	0.025489589888778037	11.334	5	DOS056	HT29	24H	N07	BRD-K61484309	4uM	down
DOSBIO001_PC3_24H_N22_SA-84902_10uM down	55e6ead5-8caf-4d04-b5be-b0927ddb5f3f	250	5.905217584741984e-05	0.025489589888778037	11.334	5	DOSBIO001	PC3	24H	N22	SA-84902	10uM	down
DOSVAL006_HEPG2_24H_B20_BRD-K82004360_10uM down	80f7b763-34b0-4b47-90df-c9de7ae610b4	250	5.905217584741984e-05	0.025489589888778037	11.334	5	DOSVAL006	HEPG2	24H	B20	BRD-K82004360	10uM	down
CPD001_MCF7_6H_B21_phenelzine_10uM up	75e5bdc3-520b-4e33-b126-8944cf3de2e5	250	5.905217584741984e-05	0.025489589888778037	11.334	5	CPD001	MCF7	6H	B21	phenelzine	10uM	up
ERG021_VCAP_24H_P14_WAY-170523_3.33uM up	9866c201-45af-4d4d-8991-a3a1ce659018	250	5.905217584741984e-05	0.025489589888778037	11.334	5	ERG021	VCAP	24H	P14	WAY-170523	3.33uM	up
FIBR001_MCLF117SZ_6H_E14_D-4476_20uM up	a12f1260-ea42-47a4-9a15-127378b12bb2	250	5.905217584741984e-05	0.025489589888778037	11.334	5	FIBR001	MCLF117SZ	6H	E14	D-4476	20uM	up
FIBR002_MCLF117SZ_6H_J21_malonoben_4uM up	6a2fadba-cbb5-4786-b552-67dfec874bc2	250	5.905217584741984e-05	0.025489589888778037	11.334	5	FIBR002	MCLF117SZ	6H	J21	malonoben	4uM	up
DOS043_A375_24H_K22_BRD-K53674232_4uM down	23d6060b-07bd-4932-8140-d49c952b10ab	250	5.905217584741984e-05	0.025489589888778037	11.334	5	DOS043	A375	24H	K22	BRD-K53674232	4uM	down
FIBR018_MCLF076SZ_6H_G10_TL-HRAS-61_0.37uM up	35c4eb3a-68f2-49e7-946a-d70d459bcbac	250	5.905217584741984e-05	0.025489589888778037	11.334	5	FIBR018	MCLF076SZ	6H	G10	TL-HRAS-61	0.37uM	up
FIBR023_MCLF126CN_6H_G10_TL-HRAS-61_0.37uM up	f60be289-c039-467b-81aa-b459845d56cb	250	5.905217584741984e-05	0.025489589888778037	11.334	5	FIBR023	MCLF126CN	6H	G10	TL-HRAS-61	0.37uM	up
FIBR036_MCLF137CN_6H_N07_harmine_0.37uM down	644d8ea6-028b-4501-8a45-4777b279796e	250	5.905217584741984e-05	0.025489589888778037	11.334	5	FIBR036	MCLF137CN	6H	N07	harmine	0.37uM	down
FIBR038_MCLF035SZ_6H_M17_selumetinib_4uM up	c3283019-19d4-49da-915b-0dacddf1cb51	250	5.905217584741984e-05	0.025489589888778037	11.334	5	FIBR038	MCLF035SZ	6H	M17	selumetinib	4uM	up
ISO002_HCT116.WT_24H_N09_LGX-818_1.11uM down	197df2d5-4692-403d-88c9-7f93e64b1762	250	5.905217584741984e-05	0.025489589888778037	11.334	5	ISO002	HCT116.WT	24H	N09	LGX-818	1.11uM	down
ISO002_MCF10A.EGFR.HL_24H_H19_maxacalcitol_4uM down	add500cd-ac80-4283-9ad6-48966feb8f24	250	5.905217584741984e-05	0.025489589888778037	11.334	5	ISO002	MCF10A.EGFR.HL	24H	H19	maxacalcitol	4uM	down
LJP006_HS578T_3H_C13_fostamatinib_10uM down	aa59eefa-f118-413a-8c39-8e23fe9ffa2d	250	5.905217584741984e-05	0.025489589888778037	11.334	5	LJP006	HS578T	3H	C13	fostamatinib	10uM	down
LJP007_HEPG2_24H_K18_HG-9-91-01_0.04uM up	f7a4655b-9eb5-4b85-b7ab-801ca815ecba	250	5.905217584741984e-05	0.025489589888778037	11.334	5	LJP007	HEPG2	24H	K18	HG-9-91-01	0.04uM	up
LUNG001_HFL1_24H_L03_arctigenin_10uM up	c0512296-4b00-4141-b3c5-c7cafcba9d9f	250	5.905217584741984e-05	0.025489589888778037	11.334	5	LUNG001	HFL1	24H	L03	arctigenin	10uM	up
MOAR008_GI1_24H_F05_RS-45041-190_3.33uM up	0084738d-ff4d-4899-8cb6-a7b4f7229791	250	5.905217584741984e-05	0.025489589888778037	11.334	5	MOAR008	GI1	24H	F05	RS-45041-190	3.33uM	up
MOAR008_HCC95_24H_L12_PRE-084_1.11uM up	5ca50138-7de1-4f2c-8a3d-a8b87356a07b	250	5.905217584741984e-05	0.025489589888778037	11.334	5	MOAR008	HCC95	24H	L12	PRE-084	1.11uM	up
DOSVAL003_MCF7_24H_L07_BRD-K30371494_20uM down	d8254d0b-ecdb-4b2d-bb3b-7197535539b5	250	5.905217584741984e-05	0.025489589888778037	11.334	5	DOSVAL003	MCF7	24H	L07	BRD-K30371494	20uM	down
MOAR011_IGR37_24H_E18_desoxycortone_1.11uM up	fc3de30c-6487-429e-bd4b-dd7a5c117e0c	250	5.905217584741984e-05	0.025489589888778037	11.334	5	MOAR011	IGR37	24H	E18	desoxycortone	1.11uM	up
MOAR012_SKES1_24H_C02_tofogliflozin_3.33uM down	f83270ef-07b3-4272-9529-8cb6b1237a8a	250	5.905217584741984e-05	0.025489589888778037	11.334	5	MOAR012	SKES1	24H	C02	tofogliflozin	3.33uM	down
MOAR015_HAP1.PIK3CA_24H_G11_AT-7519_3.33uM down	e08d46a4-4c81-441c-a6d6-37d6fb66d063	250	5.905217584741984e-05	0.025489589888778037	11.334	5	MOAR015	HAP1.PIK3CA	24H	G11	AT-7519	3.33uM	down
MUC.CP001_MCF7_24H_M03_SA-427730_10uM up	2d08239d-4601-4ec4-ade9-0310e3b2a637	250	5.905217584741984e-05	0.025489589888778037	11.334	5	MUC.CP001	MCF7	24H	M03	SA-427730	10uM	up
PAC003_U2OS_6H_E18_tanespimycin_20uM down	30a447c9-7b4f-4063-9888-eee9caf4db30	250	5.905217584741984e-05	0.025489589888778037	11.334	5	PAC003	U2OS	6H	E18	tanespimycin	20uM	down
PAC035_U2OS_6H_A15_BRD-K68086276_10uM down	6674ada7-94a2-4b2c-8731-24a01acb622c	250	5.905217584741984e-05	0.025489589888778037	11.334	5	PAC035	U2OS	6H	A15	BRD-K68086276	10uM	down
EMU001_TMD8_6H_D19_edaravone_10uM down	ea47a37e-fb59-4f99-b685-8631d119d143	250	5.905217584741984e-05	0.025489589888778037	11.334	5	EMU001	TMD8	6H	D19	edaravone	10uM	down
POL001_HT29_24H_P18_GSK-2126458_0.04uM up	f7b5aa69-a9f5-4af7-a150-b07aaaed80b3	250	5.905217584741984e-05	0.025489589888778037	11.334	5	POL001	HT29	24H	P18	GSK-2126458	0.04uM	up
REP.A010_HA1E_24H_J03_dinaciclib_1.11uM up	69de2159-2c55-4929-9f28-d778ca8932c5	250	5.905217584741984e-05	0.025489589888778037	11.334	5	REP.A010	HA1E	24H	J03	dinaciclib	1.11uM	up
REP.A015_HEK293_24H_P08_medroxyprogesterone-acetate_3.33uM down	edda0732-83fe-4ad1-a131-d5b65572077f	250	5.905217584741984e-05	0.025489589888778037	11.334	5	REP.A015	HEK293	24H	P08	medroxyprogesterone-acetate	3.33uM	down
REP.A018_MDAMB231_24H_P01_ifosfamide_10uM up	5fab7194-e015-416f-a2be-0beae2e502cc	250	5.905217584741984e-05	0.025489589888778037	11.334	5	REP.A018	MDAMB231	24H	P01	ifosfamide	10uM	up
FIBR017_MCLF076SZ_6H_E10_NSC-95397_2.22uM down	8f859e9f-5de6-44d5-a9b6-bd126b635a44	250	5.905217584741984e-05	0.025489589888778037	11.334	5	FIBR017	MCLF076SZ	6H	E10	NSC-95397	2.22uM	down
REP.A028_MCF10A_24H_N20_pranlukast_3.33uM up	d1d33807-dea8-4d99-ad94-6b1a72584b16	250	5.905217584741984e-05	0.025489589888778037	11.334	5	REP.A028	MCF10A	24H	N20	pranlukast	3.33uM	up
REP.B002_HT29_24H_C19_bortezomib_20uM up	540cea42-4231-4c88-8e49-91c6d18b7659	250	5.905217584741984e-05	0.025489589888778037	11.334	5	REP.B002	HT29	24H	C19	bortezomib	20uM	up
REP.B003_YAPC_24H_O07_oprozomib_2.22uM down	2d84f951-4680-4861-bf1e-49784efd7390	250	5.905217584741984e-05	0.025489589888778037	11.334	5	REP.B003	YAPC	24H	O07	oprozomib	2.22uM	down
REP.B005_HT29_24H_B21_racecadotril_0.25uM down	bc61b5ef-2e32-45f0-bd82-0c714d841ff0	250	5.905217584741984e-05	0.025489589888778037	11.334	5	REP.B005	HT29	24H	B21	racecadotril	0.25uM	down
REP.B008_PC3_24H_H10_moxonidine_0.08uM down	30c6ca89-f747-4e09-b01f-4572cfc5ae51	250	5.905217584741984e-05	0.025489589888778037	11.334	5	REP.B008	PC3	24H	H10	moxonidine	0.08uM	down
REP.B009_THP1_24H_M02_eugenol_0.74uM down	082722a2-455c-4b25-a446-81eb93ef8909	250	5.905217584741984e-05	0.025489589888778037	11.334	5	REP.B009	THP1	24H	M02	eugenol	0.74uM	down
REP.B011_PC3_24H_K13_CPI-613_2.22uM up	80a4a691-0d6f-4331-bfac-70f8abeb9d09	250	5.905217584741984e-05	0.025489589888778037	11.334	5	REP.B011	PC3	24H	K13	CPI-613	2.22uM	up
REP.B014_A375_24H_G07_maribavir_2.22uM down	a6e9b049-a2a1-428a-b67e-47aca7819d96	250	5.905217584741984e-05	0.025489589888778037	11.334	5	REP.B014	A375	24H	G07	maribavir	2.22uM	down
REP.B015_YAPC_24H_G08_pentoxifylline_0.74uM up	1f5be429-d46f-46bd-a4d1-71717924bee5	250	5.905217584741984e-05	0.025489589888778037	11.334	5	REP.B015	YAPC	24H	G08	pentoxifylline	0.74uM	up
REP.B024_HT29_24H_N21_cefotetan_0.25uM up	36994a0b-bfce-4886-ae95-72468a1ac483	250	5.905217584741984e-05	0.025489589888778037	11.334	5	REP.B024	HT29	24H	N21	cefotetan	0.25uM	up
XPR010_HT29.311_96H_H16_CAMKK1 down	a318a86e-bb2e-4d5e-9a11-bedf2a195148	250	5.905217584741984e-05	0.025489589888778037	11.334	5	XPR010	HT29.311	96H	H16	CAMKK1	N/A	down
XPR011_HT29.311_96H_G18_ACKR3 down	70251cd1-3ada-4c20-bf52-af80ed8eefeb	250	5.905217584741984e-05	0.025489589888778037	11.334	5	XPR011	HT29.311	96H	G18	ACKR3	N/A	down
FIBR026_MCLF141SZ_6H_B12_BMS-641988_4uM down	f10d6fcf-ada3-4aca-86cd-dced36b42aa6	250	5.905217584741984e-05	0.025489589888778037	11.334	5	FIBR026	MCLF141SZ	6H	B12	BMS-641988	4uM	down
XPR021_U251MG.311_96H_M15_NCAPG down	aa5e8be2-d035-4eb4-b1f2-a0398eada3d3	250	5.905217584741984e-05	0.025489589888778037	11.334	5	XPR021	U251MG.311	96H	M15	NCAPG	N/A	down
XPR025_A549.311_96H_O03_STAMBP up	54f62f4b-bfef-4f68-9f9f-cf57d3e280e8	250	5.905217584741984e-05	0.025489589888778037	11.334	5	XPR025	A549.311	96H	O03	STAMBP	N/A	up
XPR029_PC3.311B_96H_I02_GABRR3 up	751160c5-891f-41b5-a5a3-2115032e2a87	250	5.905217584741984e-05	0.025489589888778037	11.334	5	XPR029	PC3.311B	96H	I02	GABRR3	N/A	up
XPR038_ES2.311_96H_B23_MDH2 up	4d633f38-118a-4031-bcbf-a5c7bb4f4b3b	250	5.905217584741984e-05	0.025489589888778037	11.334	5	XPR038	ES2.311	96H	B23	MDH2	N/A	up
XPR044_A549.311_96H_O20_PSMD1 down	a1ddac63-0919-484b-91ac-385e85977f72	250	5.905217584741984e-05	0.025489589888778037	11.334	5	XPR044	A549.311	96H	O20	PSMD1	N/A	down
ASG002_22RV1_24H_P03_emetine_0.12uM down	4f55352b-a30e-4e17-8bc1-7a6ac70af541	250	5.905217584741984e-05	0.025489589888778037	11.334	5	ASG002	22RV1	24H	P03	emetine	0.12uM	down
ASG002_OAW28_24H_H22_YM-155_10uM up	e554e197-af0b-458c-8cba-b274188934f1	250	5.905217584741984e-05	0.025489589888778037	11.334	5	ASG002	OAW28	24H	H22	YM-155	10uM	up
FIBR033_MCLF100SZ_6H_J08_tubacin_4uM up	d9ac1b88-eadc-4204-9f3c-41d007b0af41	250	5.905217584741984e-05	0.025489589888778037	11.334	5	FIBR033	MCLF100SZ	6H	J08	tubacin	4uM	up
CEGS001_NPC.215_24H_L04_clozapine_3.33uM down	98be35a2-7dfa-4bb8-9fbc-8912cd141ce6	250	5.905217584741984e-05	0.025489589888778037	11.334	5	CEGS001	NPC.215	24H	L04	clozapine	3.33uM	down
CEGS001_NPC.8330_24H_I20_troglitazone_12.5uM up	0e8a9b0b-0825-4498-8097-a0a50d40878c	250	5.905217584741984e-05	0.025489589888778037	11.334	5	CEGS001	NPC.8330	24H	I20	troglitazone	12.5uM	up
CPC002_VCAP_6H_M19_auraptene_10uM down	a764ce05-9468-4ea2-8165-1442fac63c12	250	5.905217584741984e-05	0.025489589888778037	11.334	5	CPC002	VCAP	6H	M19	auraptene	10uM	down
CPC006_CL34_6H_F18_BRD-K71726959_125uM up	4e40fd4d-10e6-472b-9c3c-eba23349f27d	250	5.905217584741984e-05	0.025489589888778037	11.334	5	CPC006	CL34	6H	F18	BRD-K71726959	125uM	up
CPC006_HCT116_6H_G03_evodiamine_10uM down	60800906-fc56-48fa-a770-373a498b3940	250	5.905217584741984e-05	0.025489589888778037	11.334	5	CPC006	HCT116	6H	G03	evodiamine	10uM	down
CPC007_A549_24H_A14_BRD-K59761766_10uM down	1d73c163-c649-4595-8865-1e82159ce036	250	5.905217584741984e-05	0.025489589888778037	11.334	5	CPC007	A549	24H	A14	BRD-K59761766	10uM	down
FIBR041_MCLF0067SZ_6H_D17_BMS-754807_2.22uM down	4a39ad6f-a2f0-49f4-9c3f-8954f5979806	250	5.905217584741984e-05	0.025489589888778037	11.334	5	FIBR041	MCLF0067SZ	6H	D17	BMS-754807	2.22uM	down
CPC010_PC3_6H_G15_BRD-A37735495_10uM up	d0712c31-b8bf-4c26-8fca-3ee24859e07a	250	5.905217584741984e-05	0.025489589888778037	11.334	5	CPC010	PC3	6H	G15	BRD-A37735495	10uM	up
CPC010_VCAP_24H_F18_BRD-K53335770_10uM down	4a45aafd-1472-474d-b53a-5e2205ecea41	250	5.905217584741984e-05	0.025489589888778037	11.334	5	CPC010	VCAP	24H	F18	BRD-K53335770	10uM	down
CPC012_A375_6H_E07_tunicamycin_10uM up	cc140891-5df1-4657-b35b-55c361e9ce7a	250	5.905217584741984e-05	0.025489589888778037	11.334	5	CPC012	A375	6H	E07	tunicamycin	10uM	up
CPC012_A549_6H_H14_VU-0418933-1_10uM up	b0050b76-7c80-49ca-8435-0f057f61bada	250	5.905217584741984e-05	0.025489589888778037	11.334	5	CPC012	A549	6H	H14	VU-0418933-1	10uM	up
CPC012_HCC515_6H_I22_BRD-K72615639_10uM up	6abeac11-cb5c-4ff2-a122-ba6a61587a54	250	5.905217584741984e-05	0.025489589888778037	11.334	5	CPC012	HCC515	6H	I22	BRD-K72615639	10uM	up
CPC014_HA1E_6H_P07_triciribine_10uM up	94956c2b-d734-4aa6-b602-b49e53b6729c	250	5.905217584741984e-05	0.025489589888778037	11.334	5	CPC014	HA1E	6H	P07	triciribine	10uM	up
CRCGN007_HEPG2_24H_E21_dimpylate_2.22uM up	40c83677-2458-4776-a07f-1f22ee386ec6	250	5.905217584741984e-05	0.025489589888778037	11.334	5	CRCGN007	HEPG2	24H	E21	dimpylate	2.22uM	up
CVD001_PHH_24H_A10_malonoben_10uM up	b50c5d0b-4e93-47e0-ab9b-60740ab19a9e	250	5.905217584741984e-05	0.025489589888778037	11.334	5	CVD001	PHH	24H	A10	malonoben	10uM	up
DOS022_VCAP_24H_C07_BRD-K45033698_4uM down	dfe8d8ef-8e90-4bff-80b1-65665faa462d	250	5.905217584741984e-05	0.025489589888778037	11.334	5	DOS022	VCAP	24H	C07	BRD-K45033698	4uM	down
DOS054_PC3_24H_A16_BRD-K59085546_4uM down	e18a9695-4e0e-44da-9574-73890a6285a4	250	5.905217584741984e-05	0.025489589888778037	11.334	5	DOS054	PC3	24H	A16	BRD-K59085546	4uM	down
FIBR009_MCLF123SZ_6H_J08_tubacin_4uM down	254bbcb4-1710-416c-97c7-93cff59cff1f	250	5.905217584741984e-05	0.025489589888778037	11.334	5	FIBR009	MCLF123SZ	6H	J08	tubacin	4uM	down
FIBR017_MCLF076SZ_6H_I14_PAC-1_25uM up	2fa3fc9e-f6f2-40fe-a255-6ecff5407dc5	250	5.905217584741984e-05	0.025489589888778037	11.334	5	FIBR017	MCLF076SZ	6H	I14	PAC-1	25uM	up
FIBR027_MCLF130CN_6H_K14_BRD-A24054354_4uM up	214512cd-f439-4550-aa90-cc58a6653eb3	250	5.905217584741984e-05	0.025489589888778037	11.334	5	FIBR027	MCLF130CN	6H	K14	BRD-A24054354	4uM	up
LCP001_MCF10A.WT_6H_N03_GDC-0941_1.11uM up	4aa1dea6-245a-4e79-be2b-342685413b88	250	5.905217584741984e-05	0.025489589888778037	11.334	5	LCP001	MCF10A.WT	6H	N03	GDC-0941	1.11uM	up
LJP009_HA1E_24H_N09_regorafenib_1.11uM up	c4cc96a3-8ff8-480e-b9a9-8fa850784397	250	5.905217584741984e-05	0.025489589888778037	11.334	5	LJP009	HA1E	24H	N09	regorafenib	1.11uM	up
LCP001_MCF10A.WT_3H_M05_ponatinib_3.33uM up	61bb68f7-7c3a-4366-971b-6174782e6437	250	5.905217584741984e-05	0.025489589888778037	11.334	5	LCP001	MCF10A.WT	3H	M05	ponatinib	3.33uM	up
LJP006_SKBR3_3H_O20_QL-XII-47_3.33uM up	90c64763-5436-4af7-9998-e4e19fefcde9	250	5.905217584741984e-05	0.025489589888778037	11.334	5	LJP006	SKBR3	3H	O20	QL-XII-47	3.33uM	up
LJP007_NEU_24H_C16_SAR-245409_0.37uM up	c4c145f1-2ec6-489a-9764-67af2d02a273	250	5.905217584741984e-05	0.025489589888778037	11.334	5	LJP007	NEU	24H	C16	SAR-245409	0.37uM	up
LJP008_SHSY5Y_24H_A17_NPK76-II-72-1_0.12uM up	ccc31b71-9502-422a-95cb-e520be153887	250	5.905217584741984e-05	0.025489589888778037	11.334	5	LJP008	SHSY5Y	24H	A17	NPK76-II-72-1	0.12uM	up
LJP009_HA1E_24H_M20_MGCD-265_3.33uM down	3afb0b2c-8c72-4239-a327-b4ca7adaed26	250	5.905217584741984e-05	0.025489589888778037	11.334	5	LJP009	HA1E	24H	M20	MGCD-265	3.33uM	down
LRS001_PHH.MGH_24H_A15_Merck60_1.11uM down	9183e575-104c-484d-a1e0-29b128be742e	250	5.905217584741984e-05	0.025489589888778037	11.334	5	LRS001	PHH.MGH	24H	A15	Merck60	1.11uM	down
MOAR008_HEC1A_24H_A22_daprodustat_10uM up	2ed4b0a7-ac9f-4008-8004-8a84e8f1848e	250	5.905217584741984e-05	0.025489589888778037	11.334	5	MOAR008	HEC1A	24H	A22	daprodustat	10uM	up
MOAR008_JHH5_24H_E10_BRD-K84214706_10uM down	32136122-d2bf-40e2-824e-87fde4238a2c	250	5.905217584741984e-05	0.025489589888778037	11.334	5	MOAR008	JHH5	24H	E10	BRD-K84214706	10uM	down
MOAR009_HEC1A_24H_B22_lonafarnib_10uM up	815dd501-ef54-45cc-a3d6-81d700573045	250	5.905217584741984e-05	0.025489589888778037	11.334	5	MOAR009	HEC1A	24H	B22	lonafarnib	10uM	up
MOAR011_SNU407_24H_J04_PF-02545920_10uM up	b879d5ad-f39f-47b1-8d8c-fe9251a90ce1	250	5.905217584741984e-05	0.025489589888778037	11.334	5	MOAR011	SNU407	24H	J04	PF-02545920	10uM	up
PAC002_U2OS_6H_I05_alpha-estradiol_20uM down	eb8e4f65-3eb1-4243-9ceb-15f1024332dd	250	5.905217584741984e-05	0.025489589888778037	11.334	5	PAC002	U2OS	6H	I05	alpha-estradiol	20uM	down
PBIOA015_HA1E_24H_G03_614_6900_7557_1.67uM up	3be165d4-9889-456c-91f3-70a0faf4bd76	250	5.905217584741984e-05	0.025489589888778037	11.334	5	PBIOA015	HA1E	24H	G03	614	6900_7557_1.67uM	up
PCLB003_PC3_24H_C19_BRD-K75627148_10uM up	7fab38ed-3113-4cb2-9717-3e7138e89df4	250	5.905217584741984e-05	0.025489589888778037	11.334	5	PCLB003	PC3	24H	C19	BRD-K75627148	10uM	up
RAD001_MCF7_24H_F16_etanidazole_1.11uM down	673b6fe9-8409-46d8-b542-fcba67d64472	250	5.905217584741984e-05	0.025489589888778037	11.334	5	RAD001	MCF7	24H	F16	etanidazole	1.11uM	down
REP.A008_PC3_24H_K09_MG-132_20uM up	91502836-ccde-4fd9-88bf-024ae144b059	250	5.905217584741984e-05	0.025489589888778037	11.334	5	REP.A008	PC3	24H	K09	MG-132	20uM	up
REP.A013_MCF10A_24H_P01_pinacidil_10uM down	5b3c07d0-af9e-4936-95e2-68f8f86bdb81	250	5.905217584741984e-05	0.025489589888778037	11.334	5	REP.A013	MCF10A	24H	P01	pinacidil	10uM	down
REP.A024_HA1E_24H_L17_LY-2090314_0.125uM down	43b4d5f5-16c0-4bbf-a9f3-b9091c32769f	250	5.905217584741984e-05	0.025489589888778037	11.334	5	REP.A024	HA1E	24H	L17	LY-2090314	0.125uM	down
MOAR010_HEC108_24H_M11_relcovaptan_3.33uM up	fc916647-a70b-470d-8aee-0faba629ad47	250	5.905217584741984e-05	0.025489589888778037	11.334	5	MOAR010	HEC108	24H	M11	relcovaptan	3.33uM	up
REP.A027_HELA_24H_H01_PH-797804_10uM up	6b0620ab-1968-479d-8bbe-eb36bdaad35c	250	5.905217584741984e-05	0.025489589888778037	11.334	5	REP.A027	HELA	24H	H01	PH-797804	10uM	up
REP.B003_HT29_24H_N19_liranaftate_2.22uM down	be3d2521-eddd-40b7-8c1d-9c3d7ff07b6e	250	5.905217584741984e-05	0.025489589888778037	11.334	5	REP.B003	HT29	24H	N19	liranaftate	2.22uM	down
REP.B007_HA1E_24H_P08_torin-1_0.74uM up	2111f2c1-3dbc-4c29-9787-e701f0afb4e7	250	5.905217584741984e-05	0.025489589888778037	11.334	5	REP.B007	HA1E	24H	P08	torin-1	0.74uM	up
REP.B022_HA1E_24H_G23_BIBX-1382_0.03uM up	be592fa5-3d3e-4e43-9772-d2f007effcbc	250	5.905217584741984e-05	0.025489589888778037	11.334	5	REP.B022	HA1E	24H	G23	BIBX-1382	0.03uM	up
REP.B026_PC3_24H_A08_ursodiol_0.74uM down	fc741931-dc6d-4590-ba24-8233761f0c4b	250	5.905217584741984e-05	0.025489589888778037	11.334	5	REP.B026	PC3	24H	A08	ursodiol	0.74uM	down
XPR013_BICR6.311_96H_N09_CCNT2 down	9d4b1fb1-a56b-416a-9a8d-9b044126f7aa	250	5.905217584741984e-05	0.025489589888778037	11.334	5	XPR013	BICR6.311	96H	N09	CCNT2	N/A	down
XPR017_BICR6.311_96H_A03_COASY up	28babd8b-2e74-42df-9c70-923b84f64090	250	5.905217584741984e-05	0.025489589888778037	11.334	5	XPR017	BICR6.311	96H	A03	COASY	N/A	up
XPR017_MCF7.311_96H_H24_IDI1 up	d5c54c9d-81a0-4dab-a767-1e536585b1e0	250	5.905217584741984e-05	0.025489589888778037	11.334	5	XPR017	MCF7.311	96H	H24	IDI1	N/A	up
LJP006_HA1E_24H_D24_GDC-0941_0.04uM down	dbca6e53-f052-4cf9-ac92-0273faea5beb	250	5.905217584741984e-05	0.025489589888778037	11.334	5	LJP006	HA1E	24H	D24	GDC-0941	0.04uM	down
XPR024_AGS.311_96H_K20_SLC1A4 up	e11b6ba9-51bd-4b96-8e6c-b73ad2edb300	250	5.905217584741984e-05	0.025489589888778037	11.334	5	XPR024	AGS.311	96H	K20	SLC1A4	N/A	up
XPR028_AGS.311_96H_B23_VCAM1 up	1c36dd29-8c2c-4326-a88f-5f59c6fea650	250	5.905217584741984e-05	0.025489589888778037	11.334	5	XPR028	AGS.311	96H	B23	VCAM1	N/A	up
AICHI001_OCILY19_4H_P17_IPI-145_0.04uM down	f9797b3c-ce87-4a51-bf64-0419a418ee2b	250	5.905217584741984e-05	0.025489589888778037	11.334	5	AICHI001	OCILY19	4H	P17	IPI-145	0.04uM	down
AICHI002_TMD8_4H_E21_BRD-K28372487_0.66uM down	adc66a85-c53f-4b16-9fc6-6ccb9c6f0ef5	250	5.905217584741984e-05	0.025489589888778037	11.334	5	AICHI002	TMD8	4H	E21	BRD-K28372487	0.66uM	down
AICHI002_TMD8_4H_J23_enzastaurin_0.04uM up	2a0d776a-af2f-4ec7-abba-5aba55eaad9a	250	5.905217584741984e-05	0.025489589888778037	11.334	5	AICHI002	TMD8	4H	J23	enzastaurin	0.04uM	up
ASG002_BC3C_24H_A07_CGS-15943_10uM up	0d367f31-98c9-49ea-8795-b56ee50fdc99	250	5.905217584741984e-05	0.025489589888778037	11.334	5	ASG002	BC3C	24H	A07	CGS-15943	10uM	up
MOAR012_MDAMB468_24H_L07_doxycycline_10uM down	7ed77691-3c67-4894-bb10-169210fd118f	250	5.905217584741984e-05	0.025489589888778037	11.334	5	MOAR012	MDAMB468	24H	L07	doxycycline	10uM	down
ASG002_OC316_24H_A23_calcipotriol_1.11uM up	879e4c84-0af9-44f9-b1c4-d62756349a35	250	5.905217584741984e-05	0.025489589888778037	11.334	5	ASG002	OC316	24H	A23	calcipotriol	1.11uM	up
ASG002_SH4_24H_F08_lomerizine_1.11uM down	b7f17c71-0003-46a8-bd3e-8471ac052094	250	5.905217584741984e-05	0.025489589888778037	11.334	5	ASG002	SH4	24H	F08	lomerizine	1.11uM	down
ASG003_XC.P930_24H_O21_daunorubicin_0.12uM up	e0348ae1-d637-4ea3-af56-606bbf677f5e	250	5.905217584741984e-05	0.025489589888778037	11.334	5	ASG003	XC.P930	24H	O21	daunorubicin	0.12uM	up
MOAR016_HAP1.BRD4_24H_M01_fasudil_3.33uM up	d6233a73-1a98-49f0-881d-1f304595c061	250	5.905217584741984e-05	0.025489589888778037	11.334	5	MOAR016	HAP1.BRD4	24H	M01	fasudil	3.33uM	up
CPC004_VCAP_24H_E14_spiperone_10uM up	bd31d8e0-1a85-4d80-b188-d70e9979b00c	250	5.905217584741984e-05	0.025489589888778037	11.334	5	CPC004	VCAP	24H	E14	spiperone	10uM	up
CPC005_A549_6H_J06_budesonide_10uM down	5c93824c-c6b8-481f-b7d6-b5343b27fb4f	250	5.905217584741984e-05	0.025489589888778037	11.334	5	CPC005	A549	6H	J06	budesonide	10uM	down
CPC006_EFO27_6H_H24_BRD-K19216856_90uM up	dd04b6a0-3369-47ea-87d8-2f9e7e540068	250	5.905217584741984e-05	0.025489589888778037	11.334	5	CPC006	EFO27	6H	H24	BRD-K19216856	90uM	up
CPC006_HCC515_24H_O01_L-690488_10uM down	be29c7da-a3b6-4704-9287-c29ef58f6b6f	250	5.905217584741984e-05	0.025489589888778037	11.334	5	CPC006	HCC515	24H	O01	L-690488	10uM	down
MUC.CP008_P1A82_24H_J07_sirolimus_10uM down	c2b6916b-9294-4d80-8e40-8f8f859b97e1	250	5.905217584741984e-05	0.025489589888778037	11.334	5	MUC.CP008	P1A82	24H	J07	sirolimus	10uM	down
CPC006_VCAP_6H_K02_BRD-K56411643_10uM down	c37b9e8f-eecb-47df-b3df-1e544eb48b1e	250	5.905217584741984e-05	0.025489589888778037	11.334	5	CPC006	VCAP	6H	K02	BRD-K56411643	10uM	down
CPC006_WSUDLCL2_6H_D13_cerulenin_40uM down	020dfeed-1db9-49b7-9bb8-2e029e13ff7d	250	5.905217584741984e-05	0.025489589888778037	11.334	5	CPC006	WSUDLCL2	6H	D13	cerulenin	40uM	down
CPC008_HCC515_6H_B11_BRD-K63308290_10uM up	a45a627f-2782-4437-b88c-481671799fbd	250	5.905217584741984e-05	0.025489589888778037	11.334	5	CPC008	HCC515	6H	B11	BRD-K63308290	10uM	up
CPC008_PC3_6H_N02_BRD-K16618170_10uM down	01f12f07-73da-4822-8b03-36704349f4bc	250	5.905217584741984e-05	0.025489589888778037	11.334	5	CPC008	PC3	6H	N02	BRD-K16618170	10uM	down
CPC013_NEU_24H_O16_GNF-2_10uM up	2bdd80aa-d34e-45fb-ac8f-bd8d24aa1e69	250	5.905217584741984e-05	0.025489589888778037	11.334	5	CPC013	NEU	24H	O16	GNF-2	10uM	up
CPC013_PC3_6H_O23_PD-173074_10uM up	ad6083ae-48b5-4745-b4eb-f3de38909186	250	5.905217584741984e-05	0.025489589888778037	11.334	5	CPC013	PC3	6H	O23	PD-173074	10uM	up
CPC014_A375_6H_J06_etodolac_10uM down	2e6043b0-d8ec-48ce-a178-01e108c5ddd0	250	5.905217584741984e-05	0.025489589888778037	11.334	5	CPC014	A375	6H	J06	etodolac	10uM	down
CPC014_NEU_24H_H08_VX-222_10uM down	908c3bb3-1e4f-48cb-ac31-fb2c7b111797	250	5.905217584741984e-05	0.025489589888778037	11.334	5	CPC014	NEU	24H	H08	VX-222	10uM	down
PAC006_U2OS_6H_B22_BRD-A06232236_10uM down	f04e46cf-dcbd-4ffe-b53f-284af380e20d	250	5.905217584741984e-05	0.025489589888778037	11.334	5	PAC006	U2OS	6H	B22	BRD-A06232236	10uM	down
CPC019_PC3_24H_L19_BRD-K19196783_10uM down	cd5711b9-8470-4cd2-942a-e30c0ad3198a	250	5.905217584741984e-05	0.025489589888778037	11.334	5	CPC019	PC3	24H	L19	BRD-K19196783	10uM	down
CPC019_VCAP_24H_K12_BRD-K07005393_10uM up	40e9b052-a434-41cd-a12c-83b1c0d09c0d	250	5.905217584741984e-05	0.025489589888778037	11.334	5	CPC019	VCAP	24H	K12	BRD-K07005393	10uM	up
CVD001_PHH_24H_C06_FCCP_10uM up	26df80fb-688e-424f-a469-19060c0de444	250	5.905217584741984e-05	0.025489589888778037	11.334	5	CVD001	PHH	24H	C06	FCCP	10uM	up
EMU001_MINO_24H_J13_gefitinib_10uM up	0d3c42a1-8348-492b-8c55-2a467513cc7d	250	5.905217584741984e-05	0.025489589888778037	11.334	5	EMU001	MINO	24H	J13	gefitinib	10uM	up
EMU001_TMD8_6H_N14_parthenolide_2.5uM down	d787d31b-66b5-430c-ab1e-0a995d93243a	250	5.905217584741984e-05	0.025489589888778037	11.334	5	EMU001	TMD8	6H	N14	parthenolide	2.5uM	down
ERAM001_A549_24H_O01_BRD-A19037878_20uM down	6e84af22-3b1a-4e90-863f-ceeebcb8fe3a	250	5.905217584741984e-05	0.025489589888778037	11.334	5	ERAM001	A549	24H	O01	BRD-A19037878	20uM	down
PBIOA015_PC3_24H_M17_deguelin_0.125uM up	757f1121-8d16-45c3-a7c0-c55c972f47b0	250	5.905217584741984e-05	0.025489589888778037	11.334	5	PBIOA015	PC3	24H	M17	deguelin	0.125uM	up
FIBR007_MCLF051CN_6H_N15_narciclasine_0.37uM up	12b91dea-4615-4b3a-93a3-07cdd214f027	250	5.905217584741984e-05	0.025489589888778037	11.334	5	FIBR007	MCLF051CN	6H	N15	narciclasine	0.37uM	up
FIBR021_MCLF037SZ_6H_K14_BRD-A24054354_4uM up	21c9595b-2d54-42d3-9b08-1f2eebf3bfd5	250	5.905217584741984e-05	0.025489589888778037	11.334	5	FIBR021	MCLF037SZ	6H	K14	BRD-A24054354	4uM	up
LJP006_HT29_24H_C06_GSK-1059615_0.04uM up	38473e63-749f-4d28-9d9f-c87cb104aab2	250	5.905217584741984e-05	0.025489589888778037	11.334	5	LJP006	HT29	24H	C06	GSK-1059615	0.04uM	up
FIBR029_MCLF040SZ_6H_P05_TGX-115_4uM down	3117cc6b-0722-4c00-a695-ba39ba64ebbf	250	5.905217584741984e-05	0.025489589888778037	11.334	5	FIBR029	MCLF040SZ	6H	P05	TGX-115	4uM	down
ISO002_MCF10A.TP53.M_24H_C13_BRD-A63236097_10uM up	a9925d2b-6046-4fb0-b2f0-74ac209fccd3	250	5.905217584741984e-05	0.025489589888778037	11.334	5	ISO002	MCF10A.TP53.M	24H	C13	BRD-A63236097	10uM	up
ISO002_MCF10A.TP53.M_24H_L05_baricitinib_0.125uM up	25accad6-111c-4f71-ba7a-1b4be4096fc0	250	5.905217584741984e-05	0.025489589888778037	11.334	5	ISO002	MCF10A.TP53.M	24H	L05	baricitinib	0.125uM	up
KMS002_THP1_24H_E18_TUL-XXI039_0.12uM up	83246d0b-4dd4-4d88-9b9b-d36b4aaaa9fe	250	5.905217584741984e-05	0.025489589888778037	11.334	5	KMS002	THP1	24H	E18	TUL-XXI039	0.12uM	up
POL001_PC3_24H_C23_mitoxantrone_0.125uM up	ce29b25a-b168-461e-ae77-6bf0d86ad3cd	250	5.905217584741984e-05	0.025489589888778037	11.334	5	POL001	PC3	24H	C23	mitoxantrone	0.125uM	up
LJP002_HS578T_6H_H16_linsitinib_0.08uM up	3043be4c-27a5-4358-827f-c449e18bce2e	250	5.905217584741984e-05	0.025489589888778037	11.334	5	LJP002	HS578T	6H	H16	linsitinib	0.08uM	up
LJP006_BT20_3H_G21_afatinib_1.11uM down	7607df2d-74cf-47b8-8dda-62a7a1a6b249	250	5.905217584741984e-05	0.025489589888778037	11.334	5	LJP006	BT20	3H	G21	afatinib	1.11uM	down
LJP007_HUES3_24H_O18_OTS-167_0.04uM up	928b1884-65c6-4207-aa61-4cad960fffe2	250	5.905217584741984e-05	0.025489589888778037	11.334	5	LJP007	HUES3	24H	O18	OTS-167	0.04uM	up
LJP008_HUVEC.A_24H_D03_olaparib_1.11uM up	9fdfe532-1c1a-46cd-a96b-fbf9571a4137	250	5.905217584741984e-05	0.025489589888778037	11.334	5	LJP008	HUVEC.A	24H	D03	olaparib	1.11uM	up
LJP008_HUVEC.A_24H_O02_PD-0325901_3.33uM up	e87f76aa-bfbe-40c3-a4a4-fd3987d5b9e1	250	5.905217584741984e-05	0.025489589888778037	11.334	5	LJP008	HUVEC.A	24H	O02	PD-0325901	3.33uM	up
LJP009_THP1_24H_G05_BRD-K29983336_0.12uM down	4c1c9255-54ea-42d3-9b8b-75b6f4c83b8e	250	5.905217584741984e-05	0.025489589888778037	11.334	5	LJP009	THP1	24H	G05	BRD-K29983336	0.12uM	down
LKCP001_A549_6H_A12_phenylbutyrate_0.12uM down	79a82ec6-0774-4e30-85d6-11c4c868b777	250	5.905217584741984e-05	0.025489589888778037	11.334	5	LKCP001	A549	6H	A12	phenylbutyrate	0.12uM	down
LUNG001_1HAE_24H_O07_canertinib_10uM up	a94b35f6-7cd6-42f7-9ac6-edba11e87a76	250	5.905217584741984e-05	0.025489589888778037	11.334	5	LUNG001	1HAE	24H	O07	canertinib	10uM	up
MOAR008_HEC108_24H_E12_BRD-K84214706_1.11uM up	32d1b9e4-2200-47ef-9d0a-7237cb84d379	250	5.905217584741984e-05	0.025489589888778037	11.334	5	MOAR008	HEC108	24H	E12	BRD-K84214706	1.11uM	up
MOAR010_HEC1A_24H_H13_DUP-697_10uM down	99d9ebf5-7426-408f-a60a-c15f6a8f7a1b	250	5.905217584741984e-05	0.025489589888778037	11.334	5	MOAR010	HEC1A	24H	H13	DUP-697	10uM	down
MOAR011_HEC251_24H_G01_CPI-1189_10uM up	b3e38557-558c-4aa2-9731-3b619391337c	250	5.905217584741984e-05	0.025489589888778037	11.334	5	MOAR011	HEC251	24H	G01	CPI-1189	10uM	up
MUC.CP002_NKDBA_24H_I12_SA-424827_3.33uM up	f33941e5-391d-4022-8402-3f6237eaf4bb	250	5.905217584741984e-05	0.025489589888778037	11.334	5	MUC.CP002	NKDBA	24H	I12	SA-424827	3.33uM	up
MUC.CP008_HA1E_24H_J10_sirolimus_0.37uM up	0c01ed0f-d7ed-4343-9d7c-5b2b3237d574	250	5.905217584741984e-05	0.025489589888778037	11.334	5	MUC.CP008	HA1E	24H	J10	sirolimus	0.37uM	up
PAC036_U2OS_6H_D21_BRD-K09804899_10uM up	ed774607-2c14-4f59-b31e-9a320c572cbc	250	5.905217584741984e-05	0.025489589888778037	11.334	5	PAC036	U2OS	6H	D21	BRD-K09804899	10uM	up
PBIOA021_PC3_24H_N18_BRD-K30064966_0.05uM down	a0586691-bd51-4b4e-bb23-701cff209882	250	5.905217584741984e-05	0.025489589888778037	11.334	5	PBIOA021	PC3	24H	N18	BRD-K30064966	0.05uM	down
PBIOA022_HEPG2_24H_E13_VU-0418946-1_10uM up	2cba8686-0d86-41be-8352-364c632c870d	250	5.905217584741984e-05	0.025489589888778037	11.334	5	PBIOA022	HEPG2	24H	E13	VU-0418946-1	10uM	up
PCL001_HT29_24H_L01_UMB-32_10uM down	2ae43b51-0b01-470c-a3a2-4e7739c2aae2	250	5.905217584741984e-05	0.025489589888778037	11.334	5	PCL001	HT29	24H	L01	UMB-32	10uM	down
REP.A005_HELA_24H_I24_dabrafenib_0.04uM up	209ad6c7-3717-4846-9aee-682b9eb16b82	250	5.905217584741984e-05	0.025489589888778037	11.334	5	REP.A005	HELA	24H	I24	dabrafenib	0.04uM	up
REP.A013_A375_24H_L20_Y-27152_3.33uM down	73d5f321-b0bd-40ca-9769-c8f2743cbcee	250	5.905217584741984e-05	0.025489589888778037	11.334	5	REP.A013	A375	24H	L20	Y-27152	3.33uM	down
REP.A018_HEK293_24H_L02_EMD-53998_3.33uM up	51447c3f-a0d0-4ef2-9557-051dbbd5ba06	250	5.905217584741984e-05	0.025489589888778037	11.334	5	REP.A018	HEK293	24H	L02	EMD-53998	3.33uM	up
REP.A018_HELA_24H_P06_ifosfamide_0.04uM down	322d6013-091e-46bc-8844-ffd5fa6992ac	250	5.905217584741984e-05	0.025489589888778037	11.334	5	REP.A018	HELA	24H	P06	ifosfamide	0.04uM	down
REP.A018_THP1_24H_K19_SDZ-NKT-343_10uM down	a5e7003f-b696-40ca-99a5-e5591332b35d	250	5.905217584741984e-05	0.025489589888778037	11.334	5	REP.A018	THP1	24H	K19	SDZ-NKT-343	10uM	down
REP.A022_MCF10A_24H_B24_decitabine_0.04uM down	5b8adb67-e432-4bd8-84c6-214665fd413b	250	5.905217584741984e-05	0.025489589888778037	11.334	5	REP.A022	MCF10A	24H	B24	decitabine	0.04uM	down
REP.A024_A549_24H_G23_ulipristal_0.125uM up	8a640e26-0b17-4487-92ac-6d8d5949a9b0	250	5.905217584741984e-05	0.025489589888778037	11.334	5	REP.A024	A549	24H	G23	ulipristal	0.125uM	up
REP.A025_A375_24H_N15_nefopam_1.11uM down	1bb98ecb-1bcd-40e4-9249-254edc0df251	250	5.905217584741984e-05	0.025489589888778037	11.334	5	REP.A025	A375	24H	N15	nefopam	1.11uM	down
REP.A026_YAPC_24H_B19_alvocidib_10uM up	51607656-5676-4c3d-9030-b8d6edabf5ae	250	5.905217584741984e-05	0.025489589888778037	11.334	5	REP.A026	YAPC	24H	B19	alvocidib	10uM	up
REP.A027_A549_24H_D23_ingenol-mebutate_0.125uM up	d51cd8ea-b6b5-4adf-ba3d-c7bab197ee22	250	5.905217584741984e-05	0.025489589888778037	11.334	5	REP.A027	A549	24H	D23	ingenol-mebutate	0.125uM	up
REP.B005_A549_24H_C18_irinotecan_0.01uM up	53496e07-938e-4b6e-bfac-b8b42200df4f	250	5.905217584741984e-05	0.025489589888778037	11.334	5	REP.B005	A549	24H	C18	irinotecan	0.01uM	up
REP.B010_JURKAT_24H_G03_BRD-A13133631_0.25uM up	63a64c69-03da-4d79-a910-97b5de98545d	250	5.905217584741984e-05	0.025489589888778037	11.334	5	REP.B010	JURKAT	24H	G03	BRD-A13133631	0.25uM	up
POL001_PC3_24H_M16_oligomycin-a_0.37uM up	0ef9540e-a2f0-4353-8e2b-5b80432b5793	250	5.905217584741984e-05	0.025489589888778037	11.334	5	POL001	PC3	24H	M16	oligomycin-a	0.37uM	up
REP.B025_YAPC_24H_L14_topiroxostat_0.74uM down	a3b63735-a978-4a92-bfa3-1e671f18bcd2	250	5.905217584741984e-05	0.025489589888778037	11.334	5	REP.B025	YAPC	24H	L14	topiroxostat	0.74uM	down
REP.B027_HEK293_24H_F16_LY-2811376_0.08uM up	b6fbdf96-eef5-4acc-9e40-6c180929fccb	250	5.905217584741984e-05	0.025489589888778037	11.334	5	REP.B027	HEK293	24H	F16	LY-2811376	0.08uM	up
REP.B027_MCF7_24H_G16_bortezomib_20uM up	6e3a74e9-52bd-47fc-9ded-f9497340e468	250	5.905217584741984e-05	0.025489589888778037	11.334	5	REP.B027	MCF7	24H	G16	bortezomib	20uM	up
TAA001_SHSY5Y_24H_F08_BRD-K47569187_3.33uM up	9de6c3ca-53d6-4771-9c4e-2267a2460e91	250	5.905217584741984e-05	0.025489589888778037	11.334	5	TAA001	SHSY5Y	24H	F08	BRD-K47569187	3.33uM	up
XPR010_ES2.311_96H_G14_ABCC8 down	0d30d4a3-0651-45e6-a0e8-66372dbc087f	250	5.905217584741984e-05	0.025489589888778037	11.334	5	XPR010	ES2.311	96H	G14	ABCC8	N/A	down
XPR015_HT29.311_96H_E22_CTSW up	3d6747f4-c03f-4d5f-adb1-6300dc7fbdc2	250	5.905217584741984e-05	0.025489589888778037	11.334	5	XPR015	HT29.311	96H	E22	CTSW	N/A	up
XPR022_PC3.311B_96H_E04_DCK up	00f76183-0f9e-4151-a6a0-79af8ce3d820	250	5.905217584741984e-05	0.025489589888778037	11.334	5	XPR022	PC3.311B	96H	E04	DCK	N/A	up
XPR029_A549.311_96H_F08_AKR1B10 up	60f4e388-9c00-4651-bff2-09ee1204987d	250	5.905217584741984e-05	0.025489589888778037	11.334	5	XPR029	A549.311	96H	F08	AKR1B10	N/A	up
XPR030_PC3.311B_96H_H11_INPP5D up	a59e0b1d-1411-4641-90fe-e1c7ee997002	250	5.905217584741984e-05	0.025489589888778037	11.334	5	XPR030	PC3.311B	96H	H11	INPP5D	N/A	up
XPR034_HT29.311_96H_K17_GSTK1 up	9894a09f-91bb-4068-baac-1a44babd5e67	250	5.905217584741984e-05	0.025489589888778037	11.334	5	XPR034	HT29.311	96H	K17	GSTK1	N/A	up
XPR038_A549.311_96H_D22_IFNAR1 up	faf33f91-9b4b-45c3-9103-2621108f31e2	250	5.905217584741984e-05	0.025489589888778037	11.334	5	XPR038	A549.311	96H	D22	IFNAR1	N/A	up
XPR041_SNGM.311_96H_J23_HIF1A down	5a356d41-1609-409e-9ac0-8ed2e744b300	250	5.905217584741984e-05	0.025489589888778037	11.334	5	XPR041	SNGM.311	96H	J23	HIF1A	N/A	down
XPR042_U251MG.311_96H_C11_HMGCR up	47c5cf18-f1e6-496c-b046-1a75cc10b651	250	5.905217584741984e-05	0.025489589888778037	11.334	5	XPR042	U251MG.311	96H	C11	HMGCR	N/A	up
AICHI002_MINO_24H_G19_BRD-K79432418_10uM down	d23efc55-e2d7-4432-81d0-dd227d2699f8	250	5.905217584741984e-05	0.025489589888778037	11.334	5	AICHI002	MINO	24H	G19	BRD-K79432418	10uM	down
ASG002_JHH7_24H_J04_selumetinib_10uM down	5e994a71-38e0-4863-9525-b18a5184906d	250	5.905217584741984e-05	0.025489589888778037	11.334	5	ASG002	JHH7	24H	J04	selumetinib	10uM	down
REP.A002_MCF7_24H_L10_talmapimod_0.37uM down	169fa7d0-aa77-4b4d-b006-6a520167d788	250	5.905217584741984e-05	0.025489589888778037	11.334	5	REP.A002	MCF7	24H	L10	talmapimod	0.37uM	down
ASG002_MELHO_24H_H22_YM-155_10uM down	498fa7dd-6544-4d9a-a5c3-c2d1a5f1a392	250	5.905217584741984e-05	0.025489589888778037	11.334	5	ASG002	MELHO	24H	H22	YM-155	10uM	down
ASG003_XC.P901_24H_D01_obatoclax_10uM up	a367e109-77ce-4b82-bb91-b1e38be8cbf1	250	5.905217584741984e-05	0.025489589888778037	11.334	5	ASG003	XC.P901	24H	D01	obatoclax	10uM	up
CPC002_VCAP_24H_G20_clomipramine_10uM up	2ee5b9bd-b353-4f38-bd35-84caea770cd3	250	5.905217584741984e-05	0.025489589888778037	11.334	5	CPC002	VCAP	24H	G20	clomipramine	10uM	up
CPC005_VCAP_24H_N11_rhodomyrtoxin-b_10uM up	02c70f2f-0eb6-4151-aee2-0fbde5961507	250	5.905217584741984e-05	0.025489589888778037	11.334	5	CPC005	VCAP	24H	N11	rhodomyrtoxin-b	10uM	up
CPC006_EFO27_6H_B16_DL-PDMP_60uM up	b8f3760d-8ec6-462b-a8cb-c406f0885282	250	5.905217584741984e-05	0.025489589888778037	11.334	5	CPC006	EFO27	6H	B16	DL-PDMP	60uM	up
CPC006_NCIH1836_6H_M18_MK-1775_10uM down	8d8295ad-a111-4f3c-821b-1ea3cc1d3b9a	250	5.905217584741984e-05	0.025489589888778037	11.334	5	CPC006	NCIH1836	6H	M18	MK-1775	10uM	down
CPC006_NCIH2073_6H_A07_BRD-K86574132_50uM up	7610b8f8-2fa7-48fc-9566-661227bdf896	250	5.905217584741984e-05	0.025489589888778037	11.334	5	CPC006	NCIH2073	6H	A07	BRD-K86574132	50uM	up
CPC006_RKO_6H_P19_BMS-536924_12uM down	82645817-29a5-4ef4-9cde-b9d4059e23e4	250	5.905217584741984e-05	0.025489589888778037	11.334	5	CPC006	RKO	6H	P19	BMS-536924	12uM	down
CPC006_SW948_6H_M04_BX-795_10uM up	3a7bfe2f-fd62-44d2-a138-886111024f4c	250	5.905217584741984e-05	0.025489589888778037	11.334	5	CPC006	SW948	6H	M04	BX-795	10uM	up
CPC007_MCF7_24H_H06_BRD-K72883421_10uM up	f69ae65b-0af7-4a62-8c23-cb5d2905cad3	250	5.905217584741984e-05	0.025489589888778037	11.334	5	CPC007	MCF7	24H	H06	BRD-K72883421	10uM	up
CPC010_PC3_6H_H15_BRD-K92317137_10uM up	25055d70-4cf7-45f3-b229-b051eb0c0ee9	250	5.905217584741984e-05	0.025489589888778037	11.334	5	CPC010	PC3	6H	H15	BRD-K92317137	10uM	up
REP.A003_YAPC_24H_A19_alvespimycin_10uM up	b9e5b48d-f299-4c71-8cf2-2708a2aa0dff	250	5.905217584741984e-05	0.025489589888778037	11.334	5	REP.A003	YAPC	24H	A19	alvespimycin	10uM	up
CPC013_A549_6H_G14_BRD-K26048285_10uM down	12e22b7d-750c-481d-ae2f-969ae502882a	250	5.905217584741984e-05	0.025489589888778037	11.334	5	CPC013	A549	6H	G14	BRD-K26048285	10uM	down
CPC013_PC3_24H_O17_BRD-K86631041_10uM up	af9ba0c5-e71f-4b5a-a52c-313d9bd89585	250	5.905217584741984e-05	0.025489589888778037	11.334	5	CPC013	PC3	24H	O17	BRD-K86631041	10uM	up
CPC014_HT29_6H_I21_BRD-U04166717_10uM up	17acffa0-27a1-468a-a8e6-87ffc442e685	250	5.905217584741984e-05	0.025489589888778037	11.334	5	CPC014	HT29	6H	I21	BRD-U04166717	10uM	up
CPC014_PC3_6H_E14_BRD-K68313733_10uM up	2f6a0d3d-079a-4d17-9653-92e4043ac3c6	250	5.905217584741984e-05	0.025489589888778037	11.334	5	CPC014	PC3	6H	E14	BRD-K68313733	10uM	up
CPC019_HA1E_6H_D02_BRD-K61105081_10uM up	bbc0713f-5e05-4484-8553-df199fef8167	250	5.905217584741984e-05	0.025489589888778037	11.334	5	CPC019	HA1E	6H	D02	BRD-K61105081	10uM	up
CVD001_PHH_24H_A05_BRD-K07339740_10uM up	6e227e06-74a2-4f02-8a4b-df996a63b534	250	5.905217584741984e-05	0.025489589888778037	11.334	5	CVD001	PHH	24H	A05	BRD-K07339740	10uM	up
DOS019_VCAP_24H_N20_BRD-K57667228_4uM up	9fe9775e-63e8-4e2b-b5da-9ad57f601b2a	250	5.905217584741984e-05	0.025489589888778037	11.334	5	DOS019	VCAP	24H	N20	BRD-K57667228	4uM	up
DOSBIO002_A375_24H_O24_BRD-K98437249_10uM down	7d45193b-cbf3-4b6c-95b9-b314cf25cef8	250	5.905217584741984e-05	0.025489589888778037	11.334	5	DOSBIO002	A375	24H	O24	BRD-K98437249	10uM	down
DOSVAL004_HEPG2_24H_K10_troglitazone_20uM up	a5a940e1-738c-4cdd-95c0-984738a4b513	250	5.905217584741984e-05	0.025489589888778037	11.334	5	DOSVAL004	HEPG2	24H	K10	troglitazone	20uM	up
FIBR006_MCLF033SZ_6H_G16_NSC-632839_0.74uM down	c6262569-80e8-49a6-91ad-2bc45a9a4df9	250	5.905217584741984e-05	0.025489589888778037	11.334	5	FIBR006	MCLF033SZ	6H	G16	NSC-632839	0.74uM	down
FIBR042_MCLF0067SZ_6H_F23_BRD-K84924563_4uM down	6126ff29-79f2-4b37-86b5-3d3b59144ebd	250	5.905217584741984e-05	0.025489589888778037	11.334	5	FIBR042	MCLF0067SZ	6H	F23	BRD-K84924563	4uM	down
LGR001_XC.L100.M_24H_D05_linsitinib_0.125uM down	46281770-e8bf-4444-8e97-aff8aacf9015	250	5.905217584741984e-05	0.025489589888778037	11.334	5	LGR001	XC.L100.M	24H	D05	linsitinib	0.125uM	down
LJP001_HS578T_24H_B05_ALW-II-38-3_0.37uM down	32c9d72d-43ad-49fe-afed-5a4ba35231b2	250	5.905217584741984e-05	0.025489589888778037	11.334	5	LJP001	HS578T	24H	B05	ALW-II-38-3	0.37uM	down
REP.A028_A549_24H_E06_isoconazole_0.04uM down	9920805c-90a0-4e96-8e54-a895484a8b44	250	5.905217584741984e-05	0.025489589888778037	11.334	5	REP.A028	A549	24H	E06	isoconazole	0.04uM	down
LJP002_MCF7_24H_C14_PF-477736_2.22uM down	724bd23e-cf90-4dfd-aea4-7856cfead92a	250	5.905217584741984e-05	0.025489589888778037	11.334	5	LJP002	MCF7	24H	C14	PF-477736	2.22uM	down
LJP002_MCF7_6H_L10_KU-60019_0.08uM up	8d432905-e335-4aaa-93f7-46cc4d3c1b25	250	5.905217584741984e-05	0.025489589888778037	11.334	5	LJP002	MCF7	6H	L10	KU-60019	0.08uM	up
LJP002_SKBR3_6H_K15_AZD-5438_10uM down	b1c6e3ee-9859-4277-ba6c-d438644ca9db	250	5.905217584741984e-05	0.025489589888778037	11.334	5	LJP002	SKBR3	6H	K15	AZD-5438	10uM	down
LJP006_HS578T_3H_A12_AZD-8055_0.04uM up	df8256ab-97a3-433d-b3dc-6527837edd02	250	5.905217584741984e-05	0.025489589888778037	11.334	5	LJP006	HS578T	3H	A12	AZD-8055	0.04uM	up
LJP007_HUES3_24H_F14_AZD-4547_3.33uM up	2ac2b947-3aae-40f7-b250-4f944169e20e	250	5.905217584741984e-05	0.025489589888778037	11.334	5	LJP007	HUES3	24H	F14	AZD-4547	3.33uM	up
LJP007_HUVEC_24H_N10_BGT-226_0.37uM up	d2c1899e-2644-499e-88d2-cc7b3f9e3bd6	250	5.905217584741984e-05	0.025489589888778037	11.334	5	LJP007	HUVEC	24H	N10	BGT-226	0.37uM	up
LJP007_JURKAT_24H_P02_idelalisib_3.33uM down	a22566b7-09f7-48a4-baf8-2483bb8d7909	250	5.905217584741984e-05	0.025489589888778037	11.334	5	LJP007	JURKAT	24H	P02	idelalisib	3.33uM	down
LJP007_YAPC_24H_J02_PHA-767491_3.33uM down	195d57a3-a875-491c-931f-89f55401dfbe	250	5.905217584741984e-05	0.025489589888778037	11.334	5	LJP007	YAPC	24H	J02	PHA-767491	3.33uM	down
LJP009_HUVEC_24H_O02_PD-0325901_3.33uM up	b7840bc7-56c3-4b94-aad9-e8fd7274ef24	250	5.905217584741984e-05	0.025489589888778037	11.334	5	LJP009	HUVEC	24H	O02	PD-0325901	3.33uM	up
LKCP001_U2OS_24H_I22_teneligliptin_10uM up	279ec2d2-7f01-4c55-b0a5-7a92b4bd1ed2	250	5.905217584741984e-05	0.025489589888778037	11.334	5	LKCP001	U2OS	24H	I22	teneligliptin	10uM	up
MOAR004_PC3_24H_P22_withaferin-a_10uM up	76b2a33e-8f6c-461e-a359-7f9c3c6dfde7	250	5.905217584741984e-05	0.025489589888778037	11.334	5	MOAR004	PC3	24H	P22	withaferin-a	10uM	up
MOAR009_HEC108_24H_K13_medronic-acid_10uM down	a4ff7557-a974-4aa1-994e-5b481ed6641a	250	5.905217584741984e-05	0.025489589888778037	11.334	5	MOAR009	HEC108	24H	K13	medronic-acid	10uM	down
MOAR011_22RV1_24H_I14_siramesine_3.33uM down	cdaf27f8-2a86-47f2-a5b0-88511c508f9a	250	5.905217584741984e-05	0.025489589888778037	11.334	5	MOAR011	22RV1	24H	I14	siramesine	3.33uM	down
MOAR011_HEC108_24H_F22_SCH-900776_10uM down	878d55bf-3db4-4b6c-a00d-21af1f0184e5	250	5.905217584741984e-05	0.025489589888778037	11.334	5	MOAR011	HEC108	24H	F22	SCH-900776	10uM	down
MOAR012_HEC265_24H_I10_fosinopril_10uM down	91936b4d-3328-4f7f-854e-411cd2e6bd9a	250	5.905217584741984e-05	0.025489589888778037	11.334	5	MOAR012	HEC265	24H	I10	fosinopril	10uM	down
PAC044_U2OS_6H_A08_BRD-K33891131_10uM up	c1bf7fe7-0a7f-49d9-9b7b-d567ee1c9306	250	5.905217584741984e-05	0.025489589888778037	11.334	5	PAC044	U2OS	6H	A08	BRD-K33891131	10uM	up
PAC065_U2OS_6H_F19_BRD-K76353834_10uM down	b72a5681-2634-48cd-9e95-f2f77a74a6fc	250	5.905217584741984e-05	0.025489589888778037	11.334	5	PAC065	U2OS	6H	F19	BRD-K76353834	10uM	down
PAC068_U2OS_6H_C14_BRD-K76015448_10uM up	662ab21f-21b9-4b1c-8248-21562ca1d6d2	250	5.905217584741984e-05	0.025489589888778037	11.334	5	PAC068	U2OS	6H	C14	BRD-K76015448	10uM	up
REP.A004_PC3_24H_A16_bifemelane_0.37uM down	d0a3bb5d-a2e7-446e-976e-54996c77dba9	250	5.905217584741984e-05	0.025489589888778037	11.334	5	REP.A004	PC3	24H	A16	bifemelane	0.37uM	down
REP.A012_HT29_24H_J07_JNJ-38877605_10uM down	505dc943-f991-4af3-918f-6d5948300f2a	250	5.905217584741984e-05	0.025489589888778037	11.334	5	REP.A012	HT29	24H	J07	JNJ-38877605	10uM	down
REP.A022_MCF10A_24H_E18_pinitol_0.04uM down	5ee42516-6a86-4028-ad5a-fc90d8b332eb	250	5.905217584741984e-05	0.025489589888778037	11.334	5	REP.A022	MCF10A	24H	E18	pinitol	0.04uM	down
REP.A026_MCF7_24H_L04_chloroquine_0.37uM down	4ada3dc4-22ef-470c-abff-9e2359e90f08	250	5.905217584741984e-05	0.025489589888778037	11.334	5	REP.A026	MCF7	24H	L04	chloroquine	0.37uM	down
REP.A027_YAPC_24H_B15_zaleplon_1.11uM up	b15956e3-0139-4067-9a0e-ea92b28072db	250	5.905217584741984e-05	0.025489589888778037	11.334	5	REP.A027	YAPC	24H	B15	zaleplon	1.11uM	up
REP.B001_HELA_24H_G01_lestaurtinib_2.22uM down	8c2a72b6-65fa-4d5a-baea-767d58b92534	250	5.905217584741984e-05	0.025489589888778037	11.334	5	REP.B001	HELA	24H	G01	lestaurtinib	2.22uM	down
REP.B003_HT29_24H_A23_alvespimycin_0.03uM down	f5772cd7-f178-4d61-a171-04034c0d9cea	250	5.905217584741984e-05	0.025489589888778037	11.334	5	REP.B003	HT29	24H	A23	alvespimycin	0.03uM	down
REP.B009_JURKAT_24H_D08_nicotinamide_0.74uM up	054f4a5f-4294-4bd1-b141-e633023b70bb	250	5.905217584741984e-05	0.025489589888778037	11.334	5	REP.B009	JURKAT	24H	D08	nicotinamide	0.74uM	up
REP.B014_HEK293_24H_I01_idelalisib_2.22uM up	63673d37-29b9-4d1c-83dd-8c9e77dbed61	250	5.905217584741984e-05	0.025489589888778037	11.334	5	REP.B014	HEK293	24H	I01	idelalisib	2.22uM	up
REP.B021_A549_24H_L08_riociguat_0.74uM down	bdbe4f82-c1b5-4959-be4c-65238fe9fc9e	250	5.905217584741984e-05	0.025489589888778037	11.334	5	REP.B021	A549	24H	L08	riociguat	0.74uM	down
REP.B022_PC3_24H_J23_choline-alfoscerate_0.03uM up	4ffa5fff-0f5a-4ae9-bf49-8d7306839ad7	250	5.905217584741984e-05	0.025489589888778037	11.334	5	REP.B022	PC3	24H	J23	choline-alfoscerate	0.03uM	up
REP.B023_HA1E_24H_D01_REV-5901_0.22uM up	1b2688fb-46a3-482c-ac9c-ad6d9189833f	250	5.905217584741984e-05	0.025489589888778037	11.334	5	REP.B023	HA1E	24H	D01	REV-5901	0.22uM	up
REP.B024_PC3_24H_P13_metformin_2.22uM down	dd6c0c49-3bb1-45f6-8faa-085f76677de7	250	5.905217584741984e-05	0.025489589888778037	11.334	5	REP.B024	PC3	24H	P13	metformin	2.22uM	down
REP.B028_JURKAT_24H_C14_melperone_0.74uM up	05740926-9122-4dd3-a525-5eb859be01db	250	5.905217584741984e-05	0.025489589888778037	11.334	5	REP.B028	JURKAT	24H	C14	melperone	0.74uM	up
XPR016_BICR6.311_96H_I15_DSEL down	ee3fc40a-451a-47e4-ad24-edbbc30439b4	250	5.905217584741984e-05	0.025489589888778037	11.334	5	XPR016	BICR6.311	96H	I15	DSEL	N/A	down
XPR017_HT29.311_96H_P12_IFIT1 down	407c4f09-d098-469b-a2c8-abe4201dfff5	250	5.905217584741984e-05	0.025489589888778037	11.334	5	XPR017	HT29.311	96H	P12	IFIT1	N/A	down
REP.B004_A375_24H_M18_SB-683698_0.01uM up	d1b481be-6930-4d7a-ba0b-8199c8da7116	250	5.905217584741984e-05	0.025489589888778037	11.334	5	REP.B004	A375	24H	M18	SB-683698	0.01uM	up
ASG002_BEN_24H_O10_raloxifene_10uM up	99e0fd5d-01b1-4501-97ef-0a4648744ef6	250	5.905217584741984e-05	0.025489589888778037	11.334	5	ASG002	BEN	24H	O10	raloxifene	10uM	up
ASG002_BICR6_24H_H19_ABT-737_10uM down	d9041b54-78e5-4934-9579-fe430efddbf7	250	5.905217584741984e-05	0.025489589888778037	11.334	5	ASG002	BICR6	24H	H19	ABT-737	10uM	down
ASG002_JHH7_24H_L16_estradiol-cypionate_10uM up	d0e4fad3-614d-45c1-ad29-bdce7456addd	250	5.905217584741984e-05	0.025489589888778037	11.334	5	ASG002	JHH7	24H	L16	estradiol-cypionate	10uM	up
ASG002_OAW28_24H_E09_MG-132_0.12uM up	4cc9d6af-86b8-4089-a10a-a8340b2808a3	250	5.905217584741984e-05	0.025489589888778037	11.334	5	ASG002	OAW28	24H	E09	MG-132	0.12uM	up
ASG003_XC.L10_24H_D01_obatoclax_10uM up	eccb4cc8-1a71-4a9e-b9c8-9cf6fa6ca2fa	250	5.905217584741984e-05	0.025489589888778037	11.334	5	ASG003	XC.L10	24H	D01	obatoclax	10uM	up
ASG003_XC.P931_24H_F22_BRD-K61033289_10uM up	e261ca6c-c6f2-4af6-8320-09b88d9371f8	250	5.905217584741984e-05	0.025489589888778037	11.334	5	ASG003	XC.P931	24H	F22	BRD-K61033289	10uM	up
ASG003_XC.P935_24H_B23_DL-PDMP_1.11uM down	08a5f1d3-b994-4012-97e7-4248ddec1edb	250	5.905217584741984e-05	0.025489589888778037	11.334	5	ASG003	XC.P935	24H	B23	DL-PDMP	1.11uM	down
CEGS001_NPC.215_24H_F17_pramipexole_1.67uM up	831aebf6-b0ab-4d99-ba86-29674851352b	250	5.905217584741984e-05	0.025489589888778037	11.334	5	CEGS001	NPC.215	24H	F17	pramipexole	1.67uM	up
CPC003_VCAP_24H_K13_BRD-A95513702_10uM down	d4c77d3d-75de-492a-810f-fe882dae8b3b	250	5.905217584741984e-05	0.025489589888778037	11.334	5	CPC003	VCAP	24H	K13	BRD-A95513702	10uM	down
CPC004_HCC515_24H_C06_BRD-K88741031_10uM down	90094208-b2bd-475d-a9d1-0f40d2d2e225	250	5.905217584741984e-05	0.025489589888778037	11.334	5	CPC004	HCC515	24H	C06	BRD-K88741031	10uM	down
CPC006_A673_6H_F08_necrostatin-1_150uM down	1ffbc081-cfea-4407-9e89-3d5d66ee85f4	250	5.905217584741984e-05	0.025489589888778037	11.334	5	CPC006	A673	6H	F08	necrostatin-1	150uM	down
CPC006_MDST8_6H_J03_PF-3845_10uM up	162c10ee-f716-4e33-8bf3-8b3783ed66ba	250	5.905217584741984e-05	0.025489589888778037	11.334	5	CPC006	MDST8	6H	J03	PF-3845	10uM	up
CPC006_PC3_24H_K12_BRD-K31342827_12uM down	e24b2e1c-89d4-461e-a25b-ebed84caa0a2	250	5.905217584741984e-05	0.025489589888778037	11.334	5	CPC006	PC3	24H	K12	BRD-K31342827	12uM	down
CPC009_HA1E_6H_L03_BRD-K49094915_10uM up	fed0a101-8234-4367-a560-944ba7ccd61b	250	5.905217584741984e-05	0.025489589888778037	11.334	5	CPC009	HA1E	6H	L03	BRD-K49094915	10uM	up
REP.B008_HELA_24H_N18_letrozole_0.01uM up	5773d385-47b5-4055-a240-61939683ee5e	250	5.905217584741984e-05	0.025489589888778037	11.334	5	REP.B008	HELA	24H	N18	letrozole	0.01uM	up
CPC013_ASC_24H_O20_NVP-TAE684_10uM down	a30a5680-4fa2-43f6-97d8-3e46883569b5	250	5.905217584741984e-05	0.025489589888778037	11.334	5	CPC013	ASC	24H	O20	NVP-TAE684	10uM	down
CPC015_ASC_24H_I23_homosalate_10uM down	508e0c57-0a33-4bab-a79f-ca378e6369e2	250	5.905217584741984e-05	0.025489589888778037	11.334	5	CPC015	ASC	24H	I23	homosalate	10uM	down
DOS010_VCAP_24H_K06_BRD-K40260510_4uM down	8b94156d-5262-49e3-889e-79256d51df17	250	5.905217584741984e-05	0.025489589888778037	11.334	5	DOS010	VCAP	24H	K06	BRD-K40260510	4uM	down
DOS032_PC3_24H_P15_BRD-K28312904_4uM down	deee83b3-7993-4e04-be72-0d103dcddb3d	250	5.905217584741984e-05	0.025489589888778037	11.334	5	DOS032	PC3	24H	P15	BRD-K28312904	4uM	down
DOS057_PC3_24H_H05_BRD-K32893176_4uM down	65ef95d0-fab8-4c60-ba16-f27fb9e9fa54	250	5.905217584741984e-05	0.025489589888778037	11.334	5	DOS057	PC3	24H	H05	BRD-K32893176	4uM	down
LJP006_MCF7_3H_N08_gefitinib_3.33uM down	a2234f92-ddb0-40a0-a5cf-1715fb5733b8	250	5.905217584741984e-05	0.025489589888778037	11.334	5	LJP006	MCF7	3H	N08	gefitinib	3.33uM	down
EMU001_BJAB_24H_K02_BRD-K98039984_2.5uM up	920e08da-346f-49cc-ba25-9c2a27e5c9a5	250	5.905217584741984e-05	0.025489589888778037	11.334	5	EMU001	BJAB	24H	K02	BRD-K98039984	2.5uM	up
EMU001_SKMEL5_24H_P24_E-7438_0.01uM down	312cab21-dfb4-4f51-b379-75f01fe473dc	250	5.905217584741984e-05	0.025489589888778037	11.334	5	EMU001	SKMEL5	24H	P24	E-7438	0.01uM	down
ERAM001_A549_24H_O03_BRD-A19037878_8uM down	5373a7ce-2806-44f4-bdad-644101d8cd93	250	5.905217584741984e-05	0.025489589888778037	11.334	5	ERAM001	A549	24H	O03	BRD-A19037878	8uM	down
FIBR001_MCLF117SZ_6H_O15_methylphenidate_4uM up	7ba83a7b-076b-4cea-95f6-34a1775791c7	250	5.905217584741984e-05	0.025489589888778037	11.334	5	FIBR001	MCLF117SZ	6H	O15	methylphenidate	4uM	up
FIBR030_MCLF040SZ_6H_O17_gallic-acid_4uM down	85f9d697-3b15-4de2-84e3-8a9c6177d7c7	250	5.905217584741984e-05	0.025489589888778037	11.334	5	FIBR030	MCLF040SZ	6H	O17	gallic-acid	4uM	down
FIBR039_MCLF056CN_6H_O17_gallic-acid_4uM down	bf4949ee-d505-46a3-bfbc-56ea6050d641	250	5.905217584741984e-05	0.025489589888778037	11.334	5	FIBR039	MCLF056CN	6H	O17	gallic-acid	4uM	down
LJP005_PC3_24H_H10_foretinib_0.37uM down	d1c86937-3ffb-46c8-b0fd-3c86aa1117cd	250	5.905217584741984e-05	0.025489589888778037	11.334	5	LJP005	PC3	24H	H10	foretinib	0.37uM	down
LJP006_HA1E_24H_O08_AS-605240_3.33uM up	4520d326-48d7-4932-915d-44d2815c1991	250	5.905217584741984e-05	0.025489589888778037	11.334	5	LJP006	HA1E	24H	O08	AS-605240	3.33uM	up
LJP006_HS578T_3H_I02_dasatinib_3.33uM down	c5f71992-11d1-40e2-93bc-3b839f76e72e	250	5.905217584741984e-05	0.025489589888778037	11.334	5	LJP006	HS578T	3H	I02	dasatinib	3.33uM	down
LJP007_NPC.CAS9_24H_B11_ALW-II-49-7_0.12uM down	3d71f8e3-845e-4b84-885d-bdb6f48a1524	250	5.905217584741984e-05	0.025489589888778037	11.334	5	LJP007	NPC.CAS9	24H	B11	ALW-II-49-7	0.12uM	down
LJP009_HT29_24H_C24_CGP-60474_0.04uM up	eeefe1ac-7005-42b5-99fa-f34a6c472916	250	5.905217584741984e-05	0.025489589888778037	11.334	5	LJP009	HT29	24H	C24	CGP-60474	0.04uM	up
LJP009_NEU_24H_A13_XMD-892_10uM down	a3afb16e-0df8-41b3-a9fb-1979ecd62296	250	5.905217584741984e-05	0.025489589888778037	11.334	5	LJP009	NEU	24H	A13	XMD-892	10uM	down
LKCP001_MCF7_48H_L16_taselisib_10uM up	b871c652-6430-4b2e-a1fb-98625e40b74c	250	5.905217584741984e-05	0.025489589888778037	11.334	5	LKCP001	MCF7	48H	L16	taselisib	10uM	up
MOAR011_NCIH2110_24H_A08_amrinone_3.33uM down	fecfab0d-dd70-4491-9c18-df1aee7a1fc7	250	5.905217584741984e-05	0.025489589888778037	11.334	5	MOAR011	NCIH2110	24H	A08	amrinone	3.33uM	down
MOAR012_22RV1_24H_I24_fenthion_1.11uM up	62b67e17-c382-4342-b945-003716c48961	250	5.905217584741984e-05	0.025489589888778037	11.334	5	MOAR012	22RV1	24H	I24	fenthion	1.11uM	up
PAC003_U2OS_6H_D02_digoxin_2.5uM up	a8e19959-bcdd-466e-928f-f6cf65f2242d	250	5.905217584741984e-05	0.025489589888778037	11.334	5	PAC003	U2OS	6H	D02	digoxin	2.5uM	up
PAC009_U2OS_6H_E23_BRD-K56884305_10uM down	1e62cd65-8fef-4419-b4f1-7892a290ad4f	250	5.905217584741984e-05	0.025489589888778037	11.334	5	PAC009	U2OS	6H	E23	BRD-K56884305	10uM	down
PAC068_U2OS_6H_D12_BRD-K63912037_10uM down	91e30d22-3e74-43da-aaff-d022873c699c	250	5.905217584741984e-05	0.025489589888778037	11.334	5	PAC068	U2OS	6H	D12	BRD-K63912037	10uM	down
PBIOA019_MCF7_24H_P05_exemestane_0.125uM down	5e017345-5c7e-47fd-a187-f052d2f7e446	250	5.905217584741984e-05	0.025489589888778037	11.334	5	PBIOA019	MCF7	24H	P05	exemestane	0.125uM	down
PBIOA022_MCF7_24H_L14_CD-1530_3.33uM up	34cb196a-665c-48ef-8300-a40e83949a75	250	5.905217584741984e-05	0.025489589888778037	11.334	5	PBIOA022	MCF7	24H	L14	CD-1530	3.33uM	up
REP.A005_YAPC_24H_I03_flecainide_1.11uM up	b2238e12-730b-4dd9-b58d-ee3a224b3365	250	5.905217584741984e-05	0.025489589888778037	11.334	5	REP.A005	YAPC	24H	I03	flecainide	1.11uM	up
REP.A022_MCF7_24H_G01_erlotinib_10uM up	66940a16-7437-4fb5-8348-1551443c2333	250	5.905217584741984e-05	0.025489589888778037	11.334	5	REP.A022	MCF7	24H	G01	erlotinib	10uM	up
REP.A026_MCF10A_24H_C09_trimetazidine_1.11uM up	f40f4b21-e856-412b-a3e2-c02759db8063	250	5.905217584741984e-05	0.025489589888778037	11.334	5	REP.A026	MCF10A	24H	C09	trimetazidine	1.11uM	up
REP.A027_HT29_24H_M18_nikethamide_0.04uM up	99c58637-bfe0-4180-8533-808b223463ff	250	5.905217584741984e-05	0.025489589888778037	11.334	5	REP.A027	HT29	24H	M18	nikethamide	0.04uM	up
REP.B003_PC3_24H_O07_oprozomib_2.22uM down	15df6477-a01e-4215-9c69-cba882b7deb4	250	5.905217584741984e-05	0.025489589888778037	11.334	5	REP.B003	PC3	24H	O07	oprozomib	2.22uM	down
REP.B009_JURKAT_24H_H17_API-001_0.03uM up	92b9e84f-74f7-473d-b7a3-cd9669bb68dc	250	5.905217584741984e-05	0.025489589888778037	11.334	5	REP.B009	JURKAT	24H	H17	API-001	0.03uM	up
REP.B010_YAPC_24H_D20_PCI-24781_0.74uM down	491c4188-fa38-4689-af77-8925c6147b07	250	5.905217584741984e-05	0.025489589888778037	11.334	5	REP.B010	YAPC	24H	D20	PCI-24781	0.74uM	down
REP.B012_HT29_24H_P06_mepivacaine_0.01uM up	25336bd5-2450-4246-80f2-39f159653cc8	250	5.905217584741984e-05	0.025489589888778037	11.334	5	REP.B012	HT29	24H	P06	mepivacaine	0.01uM	up
REP.B017_MCF10A_24H_N08_haloperidol_0.74uM down	924e340a-24e6-4572-8f22-6ce5d98e1ef6	250	5.905217584741984e-05	0.025489589888778037	11.334	5	REP.B017	MCF10A	24H	N08	haloperidol	0.74uM	down
REP.B022_THP1_24H_I23_metergoline_0.03uM down	f4a1d2f2-4da8-4014-a6b9-179987204f17	250	5.905217584741984e-05	0.025489589888778037	11.334	5	REP.B022	THP1	24H	I23	metergoline	0.03uM	down
REP.B024_HA1E_24H_C12_resorcinol_0.01uM up	4cf7d880-58ec-44dc-acd0-0d88e231feb6	250	5.905217584741984e-05	0.025489589888778037	11.334	5	REP.B024	HA1E	24H	C12	resorcinol	0.01uM	up
REP.B028_HELA_24H_E12_lamotrigine_0.01uM down	8eaba2c9-e9d6-40fe-8cb3-0258f9e02869	250	5.905217584741984e-05	0.025489589888778037	11.334	5	REP.B028	HELA	24H	E12	lamotrigine	0.01uM	down
XPR013_A375.311_96H_A22_CCDC50 down	bdf7ec96-fbef-49c8-a677-d236540fe1a7	250	5.905217584741984e-05	0.025489589888778037	11.334	5	XPR013	A375.311	96H	A22	CCDC50	N/A	down
XPR022_YAPC.311_96H_O15_PROX1 down	2aac6a4c-5324-4080-9d1b-e2980034d666	250	5.905217584741984e-05	0.025489589888778037	11.334	5	XPR022	YAPC.311	96H	O15	PROX1	N/A	down
XPR030_BICR6.311_96H_A22_AZIN2 down	6cef87be-f026-4abf-82a1-9127d971ea78	250	5.905217584741984e-05	0.025489589888778037	11.334	5	XPR030	BICR6.311	96H	A22	AZIN2	N/A	down
XPR032_YAPC.311_96H_P23_NQO1 down	0480d44c-7bbd-4d4c-aea3-c0897b87f4ef	250	5.905217584741984e-05	0.025489589888778037	11.334	5	XPR032	YAPC.311	96H	P23	NQO1	N/A	down
XPR034_AGS.311_96H_P09_NAGK down	978ec1ff-4221-4c30-b7b9-0213a0156bb3	250	5.905217584741984e-05	0.025489589888778037	11.334	5	XPR034	AGS.311	96H	P09	NAGK	N/A	down
XPR034_YAPC.311_96H_A12_MAP2K6 down	45b0ee32-d09c-42ee-9c8a-237073bfa81b	250	5.905217584741984e-05	0.025489589888778037	11.334	5	XPR034	YAPC.311	96H	A12	MAP2K6	N/A	down
XPR037_ES2.311_96H_I14_FOS down	f9962e13-2adc-4681-a285-d400b9c62381	250	5.905217584741984e-05	0.025489589888778037	11.334	5	XPR037	ES2.311	96H	I14	FOS	N/A	down
XPR046_U251MG.311_96H_N13_MUC1 up	ee470d76-931b-43ff-9683-a1a735adf700	250	5.905217584741984e-05	0.025489589888778037	11.334	5	XPR046	U251MG.311	96H	N13	MUC1	N/A	up
AICHI002_OCILY19_24H_D06_copanlisib_0.01uM up	fc0d23f3-d1d0-456f-876a-a5fad3dc3804	250	5.905217584741984e-05	0.025489589888778037	11.334	5	AICHI002	OCILY19	24H	D06	copanlisib	0.01uM	up
AICHI002_TMD8_4H_L23_everolimus_0.04uM up	b84e445c-c05b-4b65-8fbb-781eb0fc333f	250	5.905217584741984e-05	0.025489589888778037	11.334	5	AICHI002	TMD8	4H	L23	everolimus	0.04uM	up
LJP008_ASC.C_24H_K09_GSK-1059615_1.11uM down	e6ea3be7-74fe-4cac-bae4-49a8a50765cf	250	5.905217584741984e-05	0.025489589888778037	11.334	5	LJP008	ASC.C	24H	K09	GSK-1059615	1.11uM	down
ASG002_PC3_24H_E13_levosulpiride_10uM down	9b215104-63e3-412b-a1c6-f8abd7a6452a	250	5.905217584741984e-05	0.025489589888778037	11.334	5	ASG002	PC3	24H	E13	levosulpiride	10uM	down
REP.B019_JURKAT_24H_P06_meclofenamic-acid_0.01uM down	4e9f030a-af05-4e88-b44a-b8c97eca5c21	250	5.905217584741984e-05	0.025489589888778037	11.334	5	REP.B019	JURKAT	24H	P06	meclofenamic-acid	0.01uM	down
ASG003_U2OS_6H_B09_oncrasin-1_0.12uM up	c72b769d-6f02-4d7f-9763-9e3cf98126e7	250	5.905217584741984e-05	0.025489589888778037	11.334	5	ASG003	U2OS	6H	B09	oncrasin-1	0.12uM	up
ASG003_XC.P033_24H_H17_dabrafenib_1.11uM up	751c2408-7ae6-4c2b-a88e-9e3726707598	250	5.905217584741984e-05	0.025489589888778037	11.334	5	ASG003	XC.P033	24H	H17	dabrafenib	1.11uM	up
CEGS001_NPC.8330_24H_I18_sirolimus_0.3uM up	7501cc57-1ade-4797-9d9d-bd762f0a705a	250	5.905217584741984e-05	0.025489589888778037	11.334	5	CEGS001	NPC.8330	24H	I18	sirolimus	0.3uM	up
CPC006_HA1E_24H_G02_methylene-blue_10uM up	d7e21ebe-2771-456c-91ef-b2a2c26ba0b1	250	5.905217584741984e-05	0.025489589888778037	11.334	5	CPC006	HA1E	24H	G02	methylene-blue	10uM	up
CPC006_HA1E_6H_I17_forskolin_10uM down	a9e10299-dbac-4f0d-b8a8-af83615e06a9	250	5.905217584741984e-05	0.025489589888778037	11.334	5	CPC006	HA1E	6H	I17	forskolin	10uM	down
REP.B019_THP1_24H_G01_talnetant_2.22uM up	9b569603-7863-46ba-844c-4bb1b6e1dea2	250	5.905217584741984e-05	0.025489589888778037	11.334	5	REP.B019	THP1	24H	G01	talnetant	2.22uM	up
CPC006_NCIH1836_6H_P16_salermide_125uM up	6a165c4d-3b7e-44ed-8fb2-f432c01c6e5f	250	5.905217584741984e-05	0.025489589888778037	11.334	5	CPC006	NCIH1836	6H	P16	salermide	125uM	up
CPC008_A549_6H_E13_BRD-K67678077_10uM down	0b3d6a2a-54e8-4d8f-a81c-2cd8ee29c07e	250	5.905217584741984e-05	0.025489589888778037	11.334	5	CPC008	A549	6H	E13	BRD-K67678077	10uM	down
CPC009_HA1E_6H_L09_BRD-K33459729_10uM down	c7960cb1-2679-443d-9558-5e0ca13d4c5a	250	5.905217584741984e-05	0.025489589888778037	11.334	5	CPC009	HA1E	6H	L09	BRD-K33459729	10uM	down
XPR010_PC3.311B_96H_D06_CSNK2A1 down	0604d4dc-c5ba-4ace-88f8-03e6da223cc7	250	5.905217584741984e-05	0.025489589888778037	11.334	5	XPR010	PC3.311B	96H	D06	CSNK2A1	N/A	down
CPC013_ASC_24H_F08_BRD-K85694079_10uM down	c87b2daa-9157-4f30-8f81-597f23f66dd8	250	5.905217584741984e-05	0.025489589888778037	11.334	5	CPC013	ASC	24H	F08	BRD-K85694079	10uM	down
CPD001_MCF7_24H_P21_proglumide_10uM up	0298f289-b9d5-4d6d-a16c-62d7b80b7bd4	250	5.905217584741984e-05	0.025489589888778037	11.334	5	CPD001	MCF7	24H	P21	proglumide	10uM	up
CRCGN013_HEPG2_24H_N04_chlorobenzene_4uM up	151bcf39-4d19-43b4-9cac-d6772d94eef5	250	5.905217584741984e-05	0.025489589888778037	11.334	5	CRCGN013	HEPG2	24H	N04	chlorobenzene	4uM	up
CRCGN016_MCF10A.TP53.M_24H_L02_sorbic-acid_30uM down	2951b310-086c-4a3f-b28b-00ba72906bfa	250	5.905217584741984e-05	0.025489589888778037	11.334	5	CRCGN016	MCF10A.TP53.M	24H	L02	sorbic-acid	30uM	down
CVD001_PHH_6H_H11_BRD-K60932973_2.5uM down	930717f1-e644-4b88-8e62-daa9a2710485	250	5.905217584741984e-05	0.025489589888778037	11.334	5	CVD001	PHH	6H	H11	BRD-K60932973	2.5uM	down
DOS011_VCAP_6H_B10_BRD-K62337120_4uM up	e9292b06-14db-49e2-8448-67517f71bb87	250	5.905217584741984e-05	0.025489589888778037	11.334	5	DOS011	VCAP	6H	B10	BRD-K62337120	4uM	up
DOS023_VCAP_24H_N06_BRD-K60759206_4uM up	8357c87d-bc22-489e-b5f5-e5f4803fc97c	250	5.905217584741984e-05	0.025489589888778037	11.334	5	DOS023	VCAP	24H	N06	BRD-K60759206	4uM	up
DOS025_VCAP_6H_A18_BRD-K61284851_4uM down	d53bbf54-4754-4a45-82c5-2822de00f2ce	250	5.905217584741984e-05	0.025489589888778037	11.334	5	DOS025	VCAP	6H	A18	BRD-K61284851	4uM	down
DOSBIO001_PC3_24H_C03_BRD-K80058284_10uM down	a4ab9717-404c-4087-af4a-32a2ecdd353f	250	5.905217584741984e-05	0.025489589888778037	11.334	5	DOSBIO001	PC3	24H	C03	BRD-K80058284	10uM	down
DOSBIO002_HT29_24H_D08_BRD-K71498541_10uM down	8738856d-4e83-4d35-a612-5518b2785cbd	250	5.905217584741984e-05	0.025489589888778037	11.334	5	DOSBIO002	HT29	24H	D08	BRD-K71498541	10uM	down
DOSVAL003_A549_24H_J22_BRD-K78822642_20uM up	721821d6-f190-444d-b99f-39f5458864d9	250	5.905217584741984e-05	0.025489589888778037	11.334	5	DOSVAL003	A549	24H	J22	BRD-K78822642	20uM	up
ERG020_VCAP_24H_J21_hinokitiol_30uM up	418afaa2-3008-4dcd-84cc-20ea715fbccb	250	5.905217584741984e-05	0.025489589888778037	11.334	5	ERG020	VCAP	24H	J21	hinokitiol	30uM	up
FIBR009_MCLF123SZ_6H_E14_D-4476_20uM up	5c26e771-db0d-46b5-a9bd-cb23b93f383a	250	5.905217584741984e-05	0.025489589888778037	11.334	5	FIBR009	MCLF123SZ	6H	E14	D-4476	20uM	up
FIBR027_MCLF130CN_6H_H22_CHEMBL-374350_4uM up	6cafe30b-b67b-4b8d-bcd0-4587f39add5a	250	5.905217584741984e-05	0.025489589888778037	11.334	5	FIBR027	MCLF130CN	6H	H22	CHEMBL-374350	4uM	up
XPR012_A549.311_96H_A24_BCL3 up	4efa2313-cdf8-447e-8beb-1c1b2aae3192	250	5.905217584741984e-05	0.025489589888778037	11.334	5	XPR012	A549.311	96H	A24	BCL3	N/A	up
HOG002_MCF7_24H_K14_importazole_10uM up	73417f73-da76-4662-8009-35f63a94fa47	250	5.905217584741984e-05	0.025489589888778037	11.334	5	HOG002	MCF7	24H	K14	importazole	10uM	up
ISO002_HCT116.TP53.HR_24H_J19_SB-590885_10uM up	1f7ba2b4-c47c-4b15-a845-c310bcdb5057	250	5.905217584741984e-05	0.025489589888778037	11.334	5	ISO002	HCT116.TP53.HR	24H	J19	SB-590885	10uM	up
KMS002_THP1_24H_E15_TUL-XXI039_3.33uM up	89452dc3-f6ea-4640-b914-1e499244cb38	250	5.905217584741984e-05	0.025489589888778037	11.334	5	KMS002	THP1	24H	E15	TUL-XXI039	3.33uM	up
KMS002_THP1_24H_F19_BRD-K95985487_0.04uM up	dc2fdf91-cd7c-41fa-b8cf-0d17de9e0eb2	250	5.905217584741984e-05	0.025489589888778037	11.334	5	KMS002	THP1	24H	F19	BRD-K95985487	0.04uM	up
LJP002_HS578T_6H_B24_nilotinib_0.08uM down	a7fbc619-bd9d-4ccc-b715-a39d39834c5c	250	5.905217584741984e-05	0.025489589888778037	11.334	5	LJP002	HS578T	6H	B24	nilotinib	0.08uM	down
LJP005_HT29_24H_E16_NVP-AEW541_0.37uM up	56c89479-67a6-42ce-8894-eca980725bb4	250	5.905217584741984e-05	0.025489589888778037	11.334	5	LJP005	HT29	24H	E16	NVP-AEW541	0.37uM	up
LJP006_HS578T_3H_F20_QL-X-138_3.33uM up	17cf22e0-f6b3-40b0-a27e-fa91a30ec4b3	250	5.905217584741984e-05	0.025489589888778037	11.334	5	LJP006	HS578T	3H	F20	QL-X-138	3.33uM	up
LRS001_PHH.MGH_24H_I01_spectinomycin_10uM down	f47952ad-9879-43f2-9fb8-489ef27cbdb5	250	5.905217584741984e-05	0.025489589888778037	11.334	5	LRS001	PHH.MGH	24H	I01	spectinomycin	10uM	down
MOAR009_MELHO_24H_P18_ligustilide_1.11uM up	f70a78ea-5cce-444a-8829-76b23f52db31	250	5.905217584741984e-05	0.025489589888778037	11.334	5	MOAR009	MELHO	24H	P18	ligustilide	1.11uM	up
MOAR010_22RV1_24H_M19_KB-R7943_10uM up	91b067a1-7592-4685-82c2-a29a8b89b110	250	5.905217584741984e-05	0.025489589888778037	11.334	5	MOAR010	22RV1	24H	M19	KB-R7943	10uM	up
MOAR011_MDAMB468_24H_P12_NSC-405020_1.11uM down	590f2b7f-e877-499c-8db5-59a00b8fa2fe	250	5.905217584741984e-05	0.025489589888778037	11.334	5	MOAR011	MDAMB468	24H	P12	NSC-405020	1.11uM	down
MOAR012_BC3C_24H_I10_fosinopril_10uM up	e0d9ee67-0f3a-49cb-be3f-37fce41a7a40	250	5.905217584741984e-05	0.025489589888778037	11.334	5	MOAR012	BC3C	24H	I10	fosinopril	10uM	up
PAC032_U2OS_6H_P16_BRD-K99404845_10uM up	b55f5543-2b9c-4bbf-94f3-70163523c30f	250	5.905217584741984e-05	0.025489589888778037	11.334	5	PAC032	U2OS	6H	P16	BRD-K99404845	10uM	up
PBIOA005_XC.R10_24H_P16_VU-0418942-1_10uM up	456f1e90-b7be-4db7-b187-926fbe62bdef	250	5.905217584741984e-05	0.025489589888778037	11.334	5	PBIOA005	XC.R10	24H	P16	VU-0418942-1	10uM	up
POL001_MCF7_24H_A10_torin-1_0.37uM up	b1444769-2fe8-4539-b978-98b5f5522bd1	250	5.905217584741984e-05	0.025489589888778037	11.334	5	POL001	MCF7	24H	A10	torin-1	0.37uM	up
RAD001_MCF7_24H_I11_pentoxifylline_0.002uM down	8adcc909-efd6-4de4-9bf0-8b1e19c1eb58	250	5.905217584741984e-05	0.025489589888778037	11.334	5	RAD001	MCF7	24H	I11	pentoxifylline	0.002uM	down
REP.A011_HT29_24H_I15_nafamostat_1.11uM up	45eaf825-b27c-4347-ad6b-aeefbfd70720	250	5.905217584741984e-05	0.025489589888778037	11.334	5	REP.A011	HT29	24H	I15	nafamostat	1.11uM	up
REP.A012_THP1_24H_N02_BMS-299897_3.33uM down	7ee86cd4-2cf9-46a6-b6ae-9c179d12a81e	250	5.905217584741984e-05	0.025489589888778037	11.334	5	REP.A012	THP1	24H	N02	BMS-299897	3.33uM	down
REP.A013_A375_24H_K23_tasisulam_0.125uM up	d422e125-df6d-41a0-848c-1d526ec08347	250	5.905217584741984e-05	0.025489589888778037	11.334	5	REP.A013	A375	24H	K23	tasisulam	0.125uM	up
REP.A020_HT29_24H_E18_zalcitabine_0.04uM down	f20e9ab7-934c-49ee-9899-8adca3c44497	250	5.905217584741984e-05	0.025489589888778037	11.334	5	REP.A020	HT29	24H	E18	zalcitabine	0.04uM	down
REP.A023_THP1_24H_L18_duloxetine_0.04uM down	a2c36ce1-67b5-4287-9d28-4de179253282	250	5.905217584741984e-05	0.025489589888778037	11.334	5	REP.A023	THP1	24H	L18	duloxetine	0.04uM	down
REP.A025_JURKAT_24H_N23_idalopirdine_0.125uM down	12231208-32e2-4886-bebb-c2de9341e5bf	250	5.905217584741984e-05	0.025489589888778037	11.334	5	REP.A025	JURKAT	24H	N23	idalopirdine	0.125uM	down
REP.B003_YAPC_24H_K12_MG-132_20uM down	b8a893cf-d1dd-4b36-b615-03fd7310a950	250	5.905217584741984e-05	0.025489589888778037	11.334	5	REP.B003	YAPC	24H	K12	MG-132	20uM	down
REP.B018_THP1_24H_D06_SR-2640_0.01uM down	eac8abaa-b051-4a69-997e-7a50949d8cfd	250	5.905217584741984e-05	0.025489589888778037	11.334	5	REP.B018	THP1	24H	D06	SR-2640	0.01uM	down
XPR015_U251MG.311_96H_H04_DESI1 down	a720fb1b-c19c-4d02-9d5c-345ad712ffc1	250	5.905217584741984e-05	0.025489589888778037	11.334	5	XPR015	U251MG.311	96H	H04	DESI1	N/A	down
XPR017_BICR6.311_96H_N02_IFI27 up	d90c5f9b-6c40-474b-8772-ea222b6c2bf3	250	5.905217584741984e-05	0.025489589888778037	11.334	5	XPR017	BICR6.311	96H	N02	IFI27	N/A	up
XPR019_A375.311_96H_K10_RPS6KA1 up	32a6a966-39e7-4b5e-b99c-eab89a71704d	250	5.905217584741984e-05	0.025489589888778037	11.334	5	XPR019	A375.311	96H	K10	RPS6KA1	N/A	up
XPR021_HT29.311_96H_K05_NAF1 up	540b3c6b-4e94-45a3-b34e-092b74b097db	250	5.905217584741984e-05	0.025489589888778037	11.334	5	XPR021	HT29.311	96H	K05	NAF1	N/A	up
XPR025_U251MG.311_96H_K18_CDK2 down	6d26cd77-dc23-4d27-9e28-9b27867e1f96	250	5.905217584741984e-05	0.025489589888778037	11.334	5	XPR025	U251MG.311	96H	K18	CDK2	N/A	down
XPR026_A549.311_96H_L08_TSPAN4 up	d1edad1d-de18-4377-b529-f3539549093e	250	5.905217584741984e-05	0.025489589888778037	11.334	5	XPR026	A549.311	96H	L08	TSPAN4	N/A	up
XPR032_AGS.311_96H_N18_ME3 down	aaeb1b7b-3287-411d-b974-dcb8ca074760	250	5.905217584741984e-05	0.025489589888778037	11.334	5	XPR032	AGS.311	96H	N18	ME3	N/A	down
ASG002_PC3_24H_F15_sorafenib_0.12uM down	bfc9d039-0251-4f1e-9f15-cc7a868a5157	250	5.905217584741984e-05	0.025489589888778037	11.334	5	ASG002	PC3	24H	F15	sorafenib	0.12uM	down
ASG003_U2OS_24H_L01_ABT-737_10uM up	d0c120bf-af56-4375-bd0c-e3022cba2f90	250	5.905217584741984e-05	0.025489589888778037	11.334	5	ASG003	U2OS	24H	L01	ABT-737	10uM	up
ASG003_WA09.AST_24H_G03_fludarabine_0.12uM up	319c0e35-d7a4-4033-bfc9-1a1f42c76688	250	5.905217584741984e-05	0.025489589888778037	11.334	5	ASG003	WA09.AST	24H	G03	fludarabine	0.12uM	up
ASG003_XC.P092_24H_E10_AM-580_10uM up	9f092ee8-8fcc-418c-8445-d00c562dc4e9	250	5.905217584741984e-05	0.025489589888778037	11.334	5	ASG003	XC.P092	24H	E10	AM-580	10uM	up
ASG003_XC.P909_24H_L01_ABT-737_10uM up	88321cb4-580d-44c2-9fb8-69783bffaf25	250	5.905217584741984e-05	0.025489589888778037	11.334	5	ASG003	XC.P909	24H	L01	ABT-737	10uM	up
ASG003_XC.P915_24H_K05_imatinib_1.11uM down	ffc719a4-2992-433b-9470-ec2a2da63185	250	5.905217584741984e-05	0.025489589888778037	11.334	5	ASG003	XC.P915	24H	K05	imatinib	1.11uM	down
ASG003_XC.P934_24H_K02_rucaparib_1.11uM up	a7295131-e53c-433d-a437-454e578935d7	250	5.905217584741984e-05	0.025489589888778037	11.334	5	ASG003	XC.P934	24H	K02	rucaparib	1.11uM	up
ASG003_XC.P936_24H_G09_atorvastatin_0.12uM up	c3a52f3f-0214-4be9-a100-e539b1c3891a	250	5.905217584741984e-05	0.025489589888778037	11.334	5	ASG003	XC.P936	24H	G09	atorvastatin	0.12uM	up
CEGS001_NPC.8330_24H_D04_agomelatine_3.33uM up	9ce0932e-0fb3-4409-b02a-a237654d7f1f	250	5.905217584741984e-05	0.025489589888778037	11.334	5	CEGS001	NPC.8330	24H	D04	agomelatine	3.33uM	up
CPC006_H1299_6H_F17_teniposide_1.25uM up	911407cf-a6aa-4e5b-9e45-59f31f1fdff9	250	5.905217584741984e-05	0.025489589888778037	11.334	5	CPC006	H1299	6H	F17	teniposide	1.25uM	up
CPC006_MDST8_6H_B19_COT-10b_40uM down	78fd9530-06f1-451a-98d3-df0488e35167	250	5.905217584741984e-05	0.025489589888778037	11.334	5	CPC006	MDST8	6H	B19	COT-10b	40uM	down
CPC006_MDST8_6H_N14_BRD-K93725829_0.5uM up	659b9f1e-72ce-4899-ad47-7c3337c7cbdb	250	5.905217584741984e-05	0.025489589888778037	11.334	5	CPC006	MDST8	6H	N14	BRD-K93725829	0.5uM	up
XPR023_A549.311_96H_B13_SEMA3B down	fb66fa45-fd9d-499e-9575-2aeae9a555f3	250	5.905217584741984e-05	0.025489589888778037	11.334	5	XPR023	A549.311	96H	B13	SEMA3B	N/A	down
CPC008_MCF7_24H_B21_BRD-K16940042_10uM down	6896403a-dd58-4440-9056-9802ba4c14e1	250	5.905217584741984e-05	0.025489589888778037	11.334	5	CPC008	MCF7	24H	B21	BRD-K16940042	10uM	down
CPC011_MCF7_24H_N05_nelfinavir_10uM up	9d3f512a-37d7-4d77-8fc1-cb541ccb0142	250	5.905217584741984e-05	0.025489589888778037	11.334	5	CPC011	MCF7	24H	N05	nelfinavir	10uM	up
CPC012_NPC_24H_M03_BRD-K07850148_10uM up	6bddbbc2-7526-47cc-a8b2-e9e91ecdb1d7	250	5.905217584741984e-05	0.025489589888778037	11.334	5	CPC012	NPC	24H	M03	BRD-K07850148	10uM	up
CPC012_PC3_24H_O22_SA-1447005_10uM down	a325b84f-c013-43b4-9309-236f674be6d4	250	5.905217584741984e-05	0.025489589888778037	11.334	5	CPC012	PC3	24H	O22	SA-1447005	10uM	down
CPC013_PC3_24H_E11_BIIB-021_10uM down	5f4c77f5-569b-468e-aa71-eff56b7c8d2d	250	5.905217584741984e-05	0.025489589888778037	11.334	5	CPC013	PC3	24H	E11	BIIB-021	10uM	down
CPC015_NPC_24H_P21_GW-5074_10uM up	0806b76e-6d6a-4c89-9e87-1e5e160dfe69	250	5.905217584741984e-05	0.025489589888778037	11.334	5	CPC015	NPC	24H	P21	GW-5074	10uM	up
CPC019_PC3_24H_M20_SD-6-035-B3_10uM down	a1b8f4d3-91e5-419d-b12b-a08c0fcc0b69	250	5.905217584741984e-05	0.025489589888778037	11.334	5	CPC019	PC3	24H	M20	SD-6-035-B3	10uM	down
XPR029_A549.311_96H_J15_MTAP down	fde0fb5e-e1d3-4307-8e00-6d16b47435a5	250	5.905217584741984e-05	0.025489589888778037	11.334	5	XPR029	A549.311	96H	J15	MTAP	N/A	down
DOS058_PC3_24H_N01_BRD-K34573832_4uM down	022797d9-e4a6-443c-8d7f-03baf20a059d	250	5.905217584741984e-05	0.025489589888778037	11.334	5	DOS058	PC3	24H	N01	BRD-K34573832	4uM	down
DOSBIO002_MCF7_24H_J06_BRD-K23564937_10uM down	2fdc7867-b6bd-4fc3-a54e-8890c0a902ce	250	5.905217584741984e-05	0.025489589888778037	11.334	5	DOSBIO002	MCF7	24H	J06	BRD-K23564937	10uM	down
ERG010_VCAP_24H_H12_BRD-K71585907_10uM up	721007cb-c1ec-4d7c-b60a-3c8dd263000a	250	5.905217584741984e-05	0.025489589888778037	11.334	5	ERG010	VCAP	24H	H12	BRD-K71585907	10uM	up
FIBR025_MCLF141SZ_6H_N03_BRD-A20602349_0.37uM up	7c15a068-bcf7-42bb-9881-8961f27a5625	250	5.905217584741984e-05	0.025489589888778037	11.334	5	FIBR025	MCLF141SZ	6H	N03	BRD-A20602349	0.37uM	up
FIBR031_MCLF054CN_6H_J12_BRD-A29957585_4uM down	43c5b259-5b54-401a-8dd8-59c63f64dee2	250	5.905217584741984e-05	0.025489589888778037	11.334	5	FIBR031	MCLF054CN	6H	J12	BRD-A29957585	4uM	down
FIBR033_MCLF100SZ_6H_I19_PP-2_4uM down	18eef665-6970-4af7-b448-4c48121e6de4	250	5.905217584741984e-05	0.025489589888778037	11.334	5	FIBR033	MCLF100SZ	6H	I19	PP-2	4uM	down
AICHI001_TMD8_4H_C03_tozasertib_0.66uM up	90b276a6-a7c4-412a-8301-6e0e0f085327	250	5.905217584741984e-05	0.025489589888778037	11.334	5	AICHI001	TMD8	4H	C03	tozasertib	0.66uM	up
ASG003_U2OS_6H_C10_tamibarotene_10uM up	d0e54051-725d-433a-830a-7083a758dff6	250	5.905217584741984e-05	0.025489589888778037	11.334	5	ASG003	U2OS	6H	C10	tamibarotene	10uM	up
LJP006_HA1E_24H_K08_radicicol_3.33uM up	79e8163e-0f85-4bf5-948d-7b37dc92c485	250	5.905217584741984e-05	0.025489589888778037	11.334	5	LJP006	HA1E	24H	K08	radicicol	3.33uM	up
LJP007_SKL.C_24H_E01_GDC-0068_10uM up	97b9411c-93b6-4655-91c3-7717621ee60b	250	5.905217584741984e-05	0.025489589888778037	11.334	5	LJP007	SKL.C	24H	E01	GDC-0068	10uM	up
LJP009_NPC.TAK_24H_B17_saracatinib_0.12uM down	35b3d0d3-ea65-4a42-997f-71bb21d650f7	250	5.905217584741984e-05	0.025489589888778037	11.334	5	LJP009	NPC.TAK	24H	B17	saracatinib	0.12uM	down
LKCP001_A549_6H_K01_everolimus_10uM up	3a519a4d-9657-48c4-80dc-1322c54ad540	250	5.905217584741984e-05	0.025489589888778037	11.334	5	LKCP001	A549	6H	K01	everolimus	10uM	up
LKCP001_MCF7_24H_D02_olmesartan-medoxomil_1.11uM up	2d3263c1-2d68-48ac-a4e5-fa77f1a7307d	250	5.905217584741984e-05	0.025489589888778037	11.334	5	LKCP001	MCF7	24H	D02	olmesartan-medoxomil	1.11uM	up
MOAR008_CJM_24H_A22_daprodustat_10uM up	56332533-09ac-4bae-8111-e8344bae1489	250	5.905217584741984e-05	0.025489589888778037	11.334	5	MOAR008	CJM	24H	A22	daprodustat	10uM	up
MOAR010_CAL29_24H_K09_SAR405838_1.11uM down	7f2730a9-5e6f-41db-ab36-6ec59a6a2b09	250	5.905217584741984e-05	0.025489589888778037	11.334	5	MOAR010	CAL29	24H	K09	SAR405838	1.11uM	down
MOAR011_HEC251_24H_G22_batimastat_10uM down	f35b2623-6383-47b4-8681-f5e61044528c	250	5.905217584741984e-05	0.025489589888778037	11.334	5	MOAR011	HEC251	24H	G22	batimastat	10uM	down
MOAR011_SH4_24H_N23_guvacine_3.33uM up	a23c95b8-6048-4944-b11c-47efbb552059	250	5.905217584741984e-05	0.025489589888778037	11.334	5	MOAR011	SH4	24H	N23	guvacine	3.33uM	up
MOAR017_HAP1.PIK3CA_24H_N11_wortmannin_3.33uM down	149fdf66-44d4-42e2-b51c-8d45488d8ada	250	5.905217584741984e-05	0.025489589888778037	11.334	5	MOAR017	HAP1.PIK3CA	24H	N11	wortmannin	3.33uM	down
NMH002_NPC_6H_M19_androstenedione_10uM down	035f9f0b-d91a-4aca-9fd9-1876ced12193	250	5.905217584741984e-05	0.025489589888778037	11.334	5	NMH002	NPC	6H	M19	androstenedione	10uM	down
PAC003_U2OS_6H_H02_BRD-K28761384_4uM down	cf6eaac7-7184-4f51-8e32-4f4c690314be	250	5.905217584741984e-05	0.025489589888778037	11.334	5	PAC003	U2OS	6H	H02	BRD-K28761384	4uM	down
PAC030_U2OS_6H_I07_BRD-K46951445_10uM up	980d8124-d624-4a02-bd1f-3a51c2e612e7	250	5.905217584741984e-05	0.025489589888778037	11.334	5	PAC030	U2OS	6H	I07	BRD-K46951445	10uM	up
PAC054_U2OS_6H_O21_BRD-K35756640_10uM up	59792624-b1f4-457b-bebf-87facd8048ec	250	5.905217584741984e-05	0.025489589888778037	11.334	5	PAC054	U2OS	6H	O21	BRD-K35756640	10uM	up
PAC065_U2OS_6H_E18_BRD-K36884445_10uM down	9a88bccf-cc46-4dc6-a830-6c6d763d4ebe	250	5.905217584741984e-05	0.025489589888778037	11.334	5	PAC065	U2OS	6H	E18	BRD-K36884445	10uM	down
PBIOA017_PC3_24H_A15_tanespimycin_1.11uM up	f3896f4d-a103-49f0-bf62-63c3b1ff22b3	250	5.905217584741984e-05	0.025489589888778037	11.334	5	PBIOA017	PC3	24H	A15	tanespimycin	1.11uM	up
PBIOA019_HA1E_24H_H23_BRD-K97651142_0.125uM up	6693e1f8-b8f2-43d9-bd39-dee03a7f96fe	250	5.905217584741984e-05	0.025489589888778037	11.334	5	PBIOA019	HA1E	24H	H23	BRD-K97651142	0.125uM	up
PBIOA021_A375_24H_I17_cyclopentene_0.125uM up	187042fc-3a6a-4f3b-86ac-bda2db25faba	250	5.905217584741984e-05	0.025489589888778037	11.334	5	PBIOA021	A375	24H	I17	cyclopentene	0.125uM	up
PBIOA022_HEPG2_24H_K23_importazole_0.125uM up	f1859a92-ce4e-4e82-804c-d7797c9812b3	250	5.905217584741984e-05	0.025489589888778037	11.334	5	PBIOA022	HEPG2	24H	K23	importazole	0.125uM	up
PCLB001_HEPG2_6H_O08_hydroxyl_3.33uM down	542e2f18-85ae-442d-aea2-a4799ca06b95	250	5.905217584741984e-05	0.025489589888778037	11.334	5	PCLB001	HEPG2	6H	O08	hydroxyl	3.33uM	down
POL001_PC3_24H_O07_JG-98_4uM up	392b6d7f-cd7d-44f6-9096-151062416745	250	5.905217584741984e-05	0.025489589888778037	11.334	5	POL001	PC3	24H	O07	JG-98	4uM	up
REP.A015_YAPC_24H_D01_losmapimod_10uM down	8eb2d802-d53a-4d17-9f3e-49a8ebcd34e3	250	5.905217584741984e-05	0.025489589888778037	11.334	5	REP.A015	YAPC	24H	D01	losmapimod	10uM	down
REP.A016_YAPC_24H_O24_BRD-K23875128_0.04uM up	c672c7ad-f32c-4543-8d5f-24e41e9839f2	250	5.905217584741984e-05	0.025489589888778037	11.334	5	REP.A016	YAPC	24H	O24	BRD-K23875128	0.04uM	up
REP.A022_MCF10A_24H_A08_aclidinium_3.33uM down	79a8e504-30d0-4358-a08b-49a6cf785b9f	250	5.905217584741984e-05	0.025489589888778037	11.334	5	REP.A022	MCF10A	24H	A08	aclidinium	3.33uM	down
REP.A024_HA1E_24H_L18_LY-2090314_0.04uM down	70ff3670-008b-4110-a801-aeeb235d8b28	250	5.905217584741984e-05	0.025489589888778037	11.334	5	REP.A024	HA1E	24H	L18	LY-2090314	0.04uM	down
REP.B002_PC3_24H_I08_chloroxine_0.74uM down	2fa6793d-bb79-4026-a7c7-024eaea9c7c0	250	5.905217584741984e-05	0.025489589888778037	11.334	5	REP.B002	PC3	24H	I08	chloroxine	0.74uM	down
REP.B011_HELA_24H_B18_raclopride_0.01uM up	1bc9ad07-442b-4d38-beaa-bfd15cfd5b3c	250	5.905217584741984e-05	0.025489589888778037	11.334	5	REP.B011	HELA	24H	B18	raclopride	0.01uM	up
REP.B012_HA1E_24H_P03_mepivacaine_0.25uM down	5a9b98eb-9754-4de4-8560-5bd67c9b2d2a	250	5.905217584741984e-05	0.025489589888778037	11.334	5	REP.B012	HA1E	24H	P03	mepivacaine	0.25uM	down
REP.B013_THP1_24H_K22_tasisulam_0.08uM down	1fbfe762-6660-408e-af56-9fbc67949994	250	5.905217584741984e-05	0.025489589888778037	11.334	5	REP.B013	THP1	24H	K22	tasisulam	0.08uM	down
REP.B015_A375_24H_C13_amonafide_2.22uM up	468597a0-cfde-4be8-966d-bf7818bcf9f5	250	5.905217584741984e-05	0.025489589888778037	11.334	5	REP.B015	A375	24H	C13	amonafide	2.22uM	up
REP.B015_HA1E_24H_I14_rocuronium_0.74uM up	956a35dd-897f-4ed0-b750-16193dfa37fb	250	5.905217584741984e-05	0.025489589888778037	11.334	5	REP.B015	HA1E	24H	I14	rocuronium	0.74uM	up
REP.B017_MCF10A_24H_O15_milrinone_0.25uM down	a8083414-e31c-494c-9797-64f5b7583d55	250	5.905217584741984e-05	0.025489589888778037	11.334	5	REP.B017	MCF10A	24H	O15	milrinone	0.25uM	down
REP.B024_THP1_24H_A16_tagatose_0.08uM up	c8d70099-d2cb-4b8a-a8fc-4730e3b1e4da	250	5.905217584741984e-05	0.025489589888778037	11.334	5	REP.B024	THP1	24H	A16	tagatose	0.08uM	up
XPR011_U251MG.311_96H_K17_ATM down	8ba73d3f-610a-47ec-98ff-9dbb80c7099d	250	5.905217584741984e-05	0.025489589888778037	11.334	5	XPR011	U251MG.311	96H	K17	ATM	N/A	down
XPR017_BICR6.311_96H_J15_HMCN2 down	7b0d8140-49b0-4ad1-b15e-220dc16d0306	250	5.905217584741984e-05	0.025489589888778037	11.334	5	XPR017	BICR6.311	96H	J15	HMCN2	N/A	down
XPR022_AGS.311_96H_N07_RBBP6 down	a1da8e66-93c0-4fbc-9fc3-54f6bf57eabb	250	5.905217584741984e-05	0.025489589888778037	11.334	5	XPR022	AGS.311	96H	N07	RBBP6	N/A	down
XPR032_BICR6.311_96H_P22_BIRC3 down	d62b29ff-63c1-4b5a-a0b3-249b6f158a4a	250	5.905217584741984e-05	0.025489589888778037	11.334	5	XPR032	BICR6.311	96H	P22	BIRC3	N/A	down
XPR037_BICR6.311_96H_G06_FHAD1 down	b6c1f3f0-c064-4192-baff-0bd4208faa2a	250	5.905217584741984e-05	0.025489589888778037	11.334	5	XPR037	BICR6.311	96H	G06	FHAD1	N/A	down
XPR043_IPC298.311_96H_H17_SBNO2 up	598d3340-3aa7-4e12-bdee-5c76253369b4	250	5.905217584741984e-05	0.025489589888778037	11.334	5	XPR043	IPC298.311	96H	H17	SBNO2	N/A	up
CPC001_VCAP_24H_G17_umbelliferone_10uM up	d3de2b67-e8d1-4ad1-9892-e87476224f39	250	5.905217584741984e-05	0.025489589888778037	11.334	5	CPC001	VCAP	24H	G17	umbelliferone	10uM	up
ASG002_A375_24H_O07_calcitriol_10uM up	04c5ee20-e661-4900-b7ff-f004dcc02269	250	5.905217584741984e-05	0.025489589888778037	11.334	5	ASG002	A375	24H	O07	calcitriol	10uM	up
ASG002_COV434_24H_N13_JNJ-7706621_10uM up	888c9955-7720-44c5-b981-ca8555c193d1	250	5.905217584741984e-05	0.025489589888778037	11.334	5	ASG002	COV434	24H	N13	JNJ-7706621	10uM	up
ASG002_GI1_24H_M21_thioridazine_0.12uM down	ee6d0f91-6427-47b8-983e-9b4faf952f5c	250	5.905217584741984e-05	0.025489589888778037	11.334	5	ASG002	GI1	24H	M21	thioridazine	0.12uM	down
ASG002_HEC151_24H_I11_orciprenaline_1.11uM up	5914cc1c-7fe3-40ec-abb7-728c96f98fbd	250	5.905217584741984e-05	0.025489589888778037	11.334	5	ASG002	HEC151	24H	I11	orciprenaline	1.11uM	up
ASG002_PC3_24H_H22_YM-155_10uM up	4290479d-8210-47e4-a556-0690f2c5c80d	250	5.905217584741984e-05	0.025489589888778037	11.334	5	ASG002	PC3	24H	H22	YM-155	10uM	up
CPC003_HA1E_24H_A11_econazole_10uM down	dfda0c87-9bc3-4eb3-99e5-b5a49ab961ab	250	5.905217584741984e-05	0.025489589888778037	11.334	5	CPC003	HA1E	24H	A11	econazole	10uM	down
ASG003_XC.P931_24H_M04_dienestrol_10uM down	666371e0-1294-413b-a658-2e92870787f1	250	5.905217584741984e-05	0.025489589888778037	11.334	5	ASG003	XC.P931	24H	M04	dienestrol	10uM	down
CPC001_HA1E_6H_L08_sericetin_10uM up	759f7867-bd92-4e57-85be-4446aefb1e51	250	5.905217584741984e-05	0.025489589888778037	11.334	5	CPC001	HA1E	6H	L08	sericetin	10uM	up
CPC001_VCAP_24H_M05_BRD-A89208012_10uM down	d7bcb90f-9d40-4f57-b483-ab6974e4dfff	250	5.905217584741984e-05	0.025489589888778037	11.334	5	CPC001	VCAP	24H	M05	BRD-A89208012	10uM	down
CPC003_VCAP_24H_L21_progesterone_10uM up	fe17373c-2526-4c34-babf-5aaf73b3e978	250	5.905217584741984e-05	0.025489589888778037	11.334	5	CPC003	VCAP	24H	L21	progesterone	10uM	up
CPC006_HA1E_24H_N13_BRD-K05402890_0.37uM down	b3ac4bcb-9c55-484e-8944-911b70efd4cb	250	5.905217584741984e-05	0.025489589888778037	11.334	5	CPC006	HA1E	24H	N13	BRD-K05402890	0.37uM	down
CPC006_HA1E_24H_O13_BRD-K61033289_10uM down	bf22abea-a047-44a0-9699-c9c343d5b9ef	250	5.905217584741984e-05	0.025489589888778037	11.334	5	CPC006	HA1E	24H	O13	BRD-K61033289	10uM	down
CPC006_HCC515_24H_L02_TW-37_10uM up	a461d009-16a3-4ef5-9b19-1e1e8f53464f	250	5.905217584741984e-05	0.025489589888778037	11.334	5	CPC006	HCC515	24H	L02	TW-37	10uM	up
CPC006_RKO_6H_I05_ingenol_10uM up	5cc57423-c6ef-41d5-8508-89bc2c449b78	250	5.905217584741984e-05	0.025489589888778037	11.334	5	CPC006	RKO	6H	I05	ingenol	10uM	up
CPC008_A549_6H_H24_BRD-K93623501_10uM down	148ed939-515f-40ce-bc6b-13a03a258289	250	5.905217584741984e-05	0.025489589888778037	11.334	5	CPC008	A549	6H	H24	BRD-K93623501	10uM	down
CPC009_HCC515_6H_E21_BRD-K86846944_10uM up	38fbddf2-f9b7-4058-ab3e-e0221e14f944	250	5.905217584741984e-05	0.025489589888778037	11.334	5	CPC009	HCC515	6H	E21	BRD-K86846944	10uM	up
CPC004_VCAP_6H_C12_potassium-canrenoate_10uM down	30c2f2d1-4190-4c7d-8646-c4ed5a69e4b6	250	5.905217584741984e-05	0.025489589888778037	11.334	5	CPC004	VCAP	6H	C12	potassium-canrenoate	10uM	down
CPC015_A549_24H_L12_salmeterol_10uM up	1a2de3b9-4bb2-4c1b-8bb9-750ec713bac6	250	5.905217584741984e-05	0.025489589888778037	11.334	5	CPC015	A549	24H	L12	salmeterol	10uM	up
CPC015_SKB_24H_K07_hydrocortisone_10uM down	4272b61d-7add-4704-a872-67d0050357f6	250	5.905217584741984e-05	0.025489589888778037	11.334	5	CPC015	SKB	24H	K07	hydrocortisone	10uM	down
CPC016_NPC_24H_G05_SU-1498_10uM up	10d0c00b-2d11-4089-9505-5c82b4a96596	250	5.905217584741984e-05	0.025489589888778037	11.334	5	CPC016	NPC	24H	G05	SU-1498	10uM	up
CPC017_A375_6H_K09_STO-609_10uM down	f42d78ee-5fdb-4331-83b8-97ad7ef8e9ca	250	5.905217584741984e-05	0.025489589888778037	11.334	5	CPC017	A375	6H	K09	STO-609	10uM	down
CPC019_MCF7_6H_F21_BRD-K53923665_10uM down	f1c41fd8-2232-4452-8998-f3f84492963e	250	5.905217584741984e-05	0.025489589888778037	11.334	5	CPC019	MCF7	6H	F21	BRD-K53923665	10uM	down
CPC020_HA1E_6H_I21_BRD-K32112425_10uM down	93913f7d-3d04-470b-97c1-acb3c12b6bb2	250	5.905217584741984e-05	0.025489589888778037	11.334	5	CPC020	HA1E	6H	I21	BRD-K32112425	10uM	down
CRCGN013_HEPG2_24H_G15_withaferin-a_4uM up	f8da5b29-6c57-4615-b459-aaffba5a00a0	250	5.905217584741984e-05	0.025489589888778037	11.334	5	CRCGN013	HEPG2	24H	G15	withaferin-a	4uM	up
CVD001_HEPG2_6H_D23_SA-1973507_2.5uM up	290461c1-dac8-459a-bfee-d29c89d3e693	250	5.905217584741984e-05	0.025489589888778037	11.334	5	CVD001	HEPG2	6H	D23	SA-1973507	2.5uM	up
DOS002_VCAP_6H_I04_BRD-K76812993_4uM down	f21e17b8-0ad2-4d09-8111-4e211700c0f7	250	5.905217584741984e-05	0.025489589888778037	11.334	5	DOS002	VCAP	6H	I04	BRD-K76812993	4uM	down
EMU001_BJAB_24H_E11_manumycin-a_0.04uM down	4d5855a9-72cc-4f49-8d22-154efbf3b655	250	5.905217584741984e-05	0.025489589888778037	11.334	5	EMU001	BJAB	24H	E11	manumycin-a	0.04uM	down
FIBR002_MCLF117SZ_6H_N15_narciclasine_0.37uM up	b1d6cfe5-fc42-4d34-a30d-fb8642ed5f59	250	5.905217584741984e-05	0.025489589888778037	11.334	5	FIBR002	MCLF117SZ	6H	N15	narciclasine	0.37uM	up
FIBR021_MCLF037SZ_6H_D10_lenalidomide_4uM down	9f426a0a-710d-4c30-8e94-3387b7cdd3c1	250	5.905217584741984e-05	0.025489589888778037	11.334	5	FIBR021	MCLF037SZ	6H	D10	lenalidomide	4uM	down
FIBR032_MCLF054CN_6H_N12_BRD-K73261812_4uM up	43dbed24-46cf-460a-a8da-5bb1500dc0d5	250	5.905217584741984e-05	0.025489589888778037	11.334	5	FIBR032	MCLF054CN	6H	N12	BRD-K73261812	4uM	up
LJP001_HS578T_24H_O01_THZ-2-98-01_10uM down	e21a98a8-7a7e-4f98-919c-17efeaa227d5	250	5.905217584741984e-05	0.025489589888778037	11.334	5	LJP001	HS578T	24H	O01	THZ-2-98-01	10uM	down
LJP001_HS578T_6H_E04_NVP-TAE684_2.22uM down	28bd7866-23e0-4a86-9902-1f4ff739b717	250	5.905217584741984e-05	0.025489589888778037	11.334	5	LJP001	HS578T	6H	E04	NVP-TAE684	2.22uM	down
LJP005_MCF10A_3H_F05_CGP-60474_0.12uM down	b83b75b0-feba-4278-b1ba-3fe99c20d83c	250	5.905217584741984e-05	0.025489589888778037	11.334	5	LJP005	MCF10A	3H	F05	CGP-60474	0.12uM	down
LJP008_HA1E_24H_I11_mocetinostat_0.12uM up	f11dc29c-4b34-4e0b-b623-a846aa044779	250	5.905217584741984e-05	0.025489589888778037	11.334	5	LJP008	HA1E	24H	I11	mocetinostat	0.12uM	up
LJP009_HUVEC.A_24H_N08_regorafenib_3.33uM up	6a6481b3-cfd4-47ef-a8b9-e8be65d0f67e	250	5.905217584741984e-05	0.025489589888778037	11.334	5	LJP009	HUVEC.A	24H	N08	regorafenib	3.33uM	up
MOAR004_PC3_24H_F07_AZ-6102_10uM up	6790e075-fd29-4467-b458-0520412a3344	250	5.905217584741984e-05	0.025489589888778037	11.334	5	MOAR004	PC3	24H	F07	AZ-6102	10uM	up
MOAR008_NCIH2110_24H_A22_daprodustat_10uM up	3fbf0da9-9ac6-417c-b851-d26b5949c06b	250	5.905217584741984e-05	0.025489589888778037	11.334	5	MOAR008	NCIH2110	24H	A22	daprodustat	10uM	up
MOAR010_BC3C_24H_O22_ZK-93423_10uM up	301a717c-947d-4d47-b039-421104cc838a	250	5.905217584741984e-05	0.025489589888778037	11.334	5	MOAR010	BC3C	24H	O22	ZK-93423	10uM	up
MOAR011_A204_24H_G15_enflurane_1.11uM down	aabce91d-e92e-4173-a897-6fc12b076f21	250	5.905217584741984e-05	0.025489589888778037	11.334	5	MOAR011	A204	24H	G15	enflurane	1.11uM	down
PBIOA013_PC3_24H_P09_BRD-A98248982_1.25uM up	12bd1736-b51d-4a11-9266-07b472988a54	250	5.905217584741984e-05	0.025489589888778037	11.334	5	PBIOA013	PC3	24H	P09	BRD-A98248982	1.25uM	up
PCLB001_HEPG2_6H_A09_COL-3_10uM up	be20e270-06a4-4d06-8045-12191c0369f1	250	5.905217584741984e-05	0.025489589888778037	11.334	5	PCLB001	HEPG2	6H	A09	COL-3	10uM	up
CPC006_MCF7_24H_L02_TW-37_10uM up	610406c0-f47b-4e48-97aa-aff78b3b872f	250	5.905217584741984e-05	0.025489589888778037	11.334	5	CPC006	MCF7	24H	L02	TW-37	10uM	up
REP.A014_MDAMB231_24H_P08_CT-7758_3.33uM down	b476c531-bbca-4fe3-a217-f9005e6d7ab9	250	5.905217584741984e-05	0.025489589888778037	11.334	5	REP.A014	MDAMB231	24H	P08	CT-7758	3.33uM	down
REP.A015_A549_24H_P18_romidepsin_0.04uM down	a80341ad-c91a-4b76-8f0f-8ba5ee696a43	250	5.905217584741984e-05	0.025489589888778037	11.334	5	REP.A015	A549	24H	P18	romidepsin	0.04uM	down
REP.A021_PC3_24H_A21_clofibric-acid_1.11uM down	6da706c0-eeec-4571-b82d-290b005e01bd	250	5.905217584741984e-05	0.025489589888778037	11.334	5	REP.A021	PC3	24H	A21	clofibric-acid	1.11uM	down
REP.A022_HEK293_24H_P15_saxagliptin_1.11uM up	8584510c-b77b-4a48-9e3f-5e053e7f5e77	250	5.905217584741984e-05	0.025489589888778037	11.334	5	REP.A022	HEK293	24H	P15	saxagliptin	1.11uM	up
REP.B001_HELA_3H_E05_PD-153035_0.03uM up	e2ca8e85-9360-4f24-9fd1-85ec1c5ebc98	250	5.905217584741984e-05	0.025489589888778037	11.334	5	REP.B001	HELA	3H	E05	PD-153035	0.03uM	up
REP.B006_A375_24H_C17_buflomedil_0.03uM down	32d1e074-657f-4501-ae59-23e4d7553de4	250	5.905217584741984e-05	0.025489589888778037	11.334	5	REP.B006	A375	24H	C17	buflomedil	0.03uM	down
REP.B013_HELA_24H_H03_CGP-12177_0.25uM down	bd0f2e14-58fb-4874-aa14-c2aaf681c738	250	5.905217584741984e-05	0.025489589888778037	11.334	5	REP.B013	HELA	24H	H03	CGP-12177	0.25uM	down
CPC006_SKM1_6H_H18_lonidamine_200uM up	9355a31f-1080-4385-87dd-4d4f42132702	250	5.905217584741984e-05	0.025489589888778037	11.334	5	CPC006	SKM1	6H	H18	lonidamine	200uM	up
REP.B022_MCF10A_24H_O05_MG-132_20uM up	b47eea04-4dba-4ebe-84df-c9e83bb1c4ad	250	5.905217584741984e-05	0.025489589888778037	11.334	5	REP.B022	MCF10A	24H	O05	MG-132	20uM	up
REP.B023_A549_24H_H23_escitalopram_0.03uM up	37148093-4994-4484-9722-3dbe8c5b1048	250	5.905217584741984e-05	0.025489589888778037	11.334	5	REP.B023	A549	24H	H23	escitalopram	0.03uM	up
REP.B023_MCF7_24H_N19_BRD-K72166146_2.22uM up	a849620a-fb22-437e-bc94-f616ae896162	250	5.905217584741984e-05	0.025489589888778037	11.334	5	REP.B023	MCF7	24H	N19	BRD-K72166146	2.22uM	up
XPR015_AGS.311_96H_I05_COQ6 up	7b685818-7a00-4005-be89-ff5157e99081	250	5.905217584741984e-05	0.025489589888778037	11.334	5	XPR015	AGS.311	96H	I05	COQ6	N/A	up
XPR015_YAPC.311_96H_B24_DDRGK1 down	95f7f837-59b5-4595-9c7e-85a3c29a3b13	250	5.905217584741984e-05	0.025489589888778037	11.334	5	XPR015	YAPC.311	96H	B24	DDRGK1	N/A	down
XPR020_A375.311_96H_G02_MCM6 up	8e25ddea-4fd3-4ab1-aaea-0c6234a3b85f	250	5.905217584741984e-05	0.025489589888778037	11.334	5	XPR020	A375.311	96H	G02	MCM6	N/A	up
XPR033_ES2.311_96H_G07_NDUFB2 down	949d5dd8-1855-46c6-8d8c-dd0c200b0385	250	5.905217584741984e-05	0.025489589888778037	11.334	5	XPR033	ES2.311	96H	G07	NDUFB2	N/A	down
XPR042_U251MG.311_96H_M18_CDC25B down	54cd4e00-f331-4478-ba87-5696c24e56c5	250	5.905217584741984e-05	0.025489589888778037	11.334	5	XPR042	U251MG.311	96H	M18	CDC25B	N/A	down
AICHI002_K562_4H_M13_CINK-4_10uM up	4e7b7409-e7d3-4b74-aed7-c26838bcd6bd	250	5.905217584741984e-05	0.025489589888778037	11.334	5	AICHI002	K562	4H	M13	CINK-4	10uM	up
AICHI002_MINO_24H_E20_BRD-K28372487_2.5uM up	f9f64ddd-daf8-461b-b611-d602d033f7f5	250	5.905217584741984e-05	0.025489589888778037	11.334	5	AICHI002	MINO	24H	E20	BRD-K28372487	2.5uM	up
ASG002_BC3C_24H_D10_panobinostat_10uM down	8c07ac4f-cc27-457c-8380-68514a574bad	250	5.905217584741984e-05	0.025489589888778037	11.334	5	ASG002	BC3C	24H	D10	panobinostat	10uM	down
CPC012_A549_24H_O14_BRD-K68202742_10uM down	a95ea35f-ceda-4148-bc0a-133a29c559d0	250	5.905217584741984e-05	0.025489589888778037	11.334	5	CPC012	A549	24H	O14	BRD-K68202742	10uM	down
ASG002_HEC108_24H_H24_YM-155_0.12uM up	2750dece-3c9e-43b1-8e8a-92345fd785f5	250	5.905217584741984e-05	0.025489589888778037	11.334	5	ASG002	HEC108	24H	H24	YM-155	0.12uM	up
LJP008_HUVEC.A_24H_D04_olaparib_0.37uM down	ac1cae66-84d6-4a4d-8eb3-0a1ebf079c28	250	5.905217584741984e-05	0.025489589888778037	11.334	5	LJP008	HUVEC.A	24H	D04	olaparib	0.37uM	down
ASG002_SH4_24H_H04_olaparib_10uM down	addd4a33-8a2e-4d5e-868d-e49ca226d20c	250	5.905217584741984e-05	0.025489589888778037	11.334	5	ASG002	SH4	24H	H04	olaparib	10uM	down
ASG002_SKMEL3_24H_I13_lapatinib_10uM up	3a5206a7-beb0-40ee-8ffe-fb056c141190	250	5.905217584741984e-05	0.025489589888778037	11.334	5	ASG002	SKMEL3	24H	I13	lapatinib	10uM	up
ASG003_XC.P033_24H_K13_CGS-15943_10uM up	063525b5-62e5-43c4-92c3-22e4d550558f	250	5.905217584741984e-05	0.025489589888778037	11.334	5	ASG003	XC.P033	24H	K13	CGS-15943	10uM	up
ASG003_XC.P909_24H_D09_olaparib_0.12uM up	3e51498f-8682-4ed1-96ff-c14de8f555b5	250	5.905217584741984e-05	0.025489589888778037	11.334	5	ASG003	XC.P909	24H	D09	olaparib	0.12uM	up
CPC004_VCAP_6H_L14_pizotifen_10uM up	b2f32680-42fd-4bad-b4eb-7ecd24a0f696	250	5.905217584741984e-05	0.025489589888778037	11.334	5	CPC004	VCAP	6H	L14	pizotifen	10uM	up
CPC009_HA1E_6H_K21_BRD-K14788918_10uM down	2ff432e7-9ef2-4bf3-9bca-b996608c3601	250	5.905217584741984e-05	0.025489589888778037	11.334	5	CPC009	HA1E	6H	K21	BRD-K14788918	10uM	down
CPC012_MCF7_24H_B21_BRD-K70771662_10uM up	5a61532e-995a-42ef-83e6-a6706c4e9b92	250	5.905217584741984e-05	0.025489589888778037	11.334	5	CPC012	MCF7	24H	B21	BRD-K70771662	10uM	up
CPC017_HEPG2_6H_M04_dexamethasone_10uM down	ec772f8c-5c92-487e-bd18-d429ebab4b42	250	5.905217584741984e-05	0.025489589888778037	11.334	5	CPC017	HEPG2	6H	M04	dexamethasone	10uM	down
CPC013_VCAP_6H_N16_BRD-A39121618_10uM up	eb531237-a84f-48d4-a4af-70aa3b2b4ead	250	5.905217584741984e-05	0.025489589888778037	11.334	5	CPC013	VCAP	6H	N16	BRD-A39121618	10uM	up
CPC014_HA1E_6H_E04_BRD-K19499941_10uM up	c78b8621-17e9-48e5-9fd0-22523a1d2c61	250	5.905217584741984e-05	0.025489589888778037	11.334	5	CPC014	HA1E	6H	E04	BRD-K19499941	10uM	up
CPC015_NPC_24H_E22_testosterone_10uM up	cc59a920-4655-4cdc-9fa9-88d0f2ccd01b	250	5.905217584741984e-05	0.025489589888778037	11.334	5	CPC015	NPC	24H	E22	testosterone	10uM	up
CPC017_A549_24H_M01_PCI-24781_10uM down	3a25bbcd-6160-44b1-bd40-338fabcc7bba	250	5.905217584741984e-05	0.025489589888778037	11.334	5	CPC017	A549	24H	M01	PCI-24781	10uM	down
CPC019_HEPG2_6H_F07_KM-00519SC_10uM down	9a75752c-bee8-4e3a-bf0e-d669f54b9ce0	250	5.905217584741984e-05	0.025489589888778037	11.334	5	CPC019	HEPG2	6H	F07	KM-00519SC	10uM	down
DOS053_MCF7_24H_B07_BRD-K20182751_4uM down	76ee28da-61c6-4b16-81ee-ff392fd48da1	250	5.905217584741984e-05	0.025489589888778037	11.334	5	DOS053	MCF7	24H	B07	BRD-K20182751	4uM	down
ERG004_VCAP_6H_H21_BRD-K21994180_30uM down	80c830a6-5621-452b-b6d3-384026c8a41c	250	5.905217584741984e-05	0.025489589888778037	11.334	5	ERG004	VCAP	6H	H21	BRD-K21994180	30uM	down
CPC020_MCF7_24H_B10_clobetasol_10uM down	839a85c7-fac4-47fc-8fc4-2eccf06bfdcd	250	5.905217584741984e-05	0.025489589888778037	11.334	5	CPC020	MCF7	24H	B10	clobetasol	10uM	down
CPC020_PC3_6H_M05_YL-57_10uM down	0a7a2032-e47d-445d-88a3-df81577d908a	250	5.905217584741984e-05	0.025489589888778037	11.334	5	CPC020	PC3	6H	M05	YL-57	10uM	down
FIBR029_MCLF040SZ_6H_N15_narciclasine_0.37uM up	8c4e737d-3c01-4661-be1a-866493d5126f	250	5.905217584741984e-05	0.025489589888778037	11.334	5	FIBR029	MCLF040SZ	6H	N15	narciclasine	0.37uM	up
HOG001_MCF7_24H_L21_wortmannin_0.004uM down	cdb58f86-22d5-4c8c-85c1-014c6152e276	250	5.905217584741984e-05	0.025489589888778037	11.334	5	HOG001	MCF7	24H	L21	wortmannin	0.004uM	down
ISO002_HCT116.TP53.HR_24H_O08_dexniguldipine_3.33uM up	27d78659-a04b-4087-826e-86f7048e71c7	250	5.905217584741984e-05	0.025489589888778037	11.334	5	ISO002	HCT116.TP53.HR	24H	O08	dexniguldipine	3.33uM	up
ISO002_MCF10A.EGFR.HL_24H_O08_dexniguldipine_3.33uM up	e781d310-d1a8-4c40-a2e7-00d6a488e896	250	5.905217584741984e-05	0.025489589888778037	11.334	5	ISO002	MCF10A.EGFR.HL	24H	O08	dexniguldipine	3.33uM	up
LJP001_HS578T_6H_C13_HG-6-64-01_10uM down	6281021d-7f5e-43c3-9357-4e2779442685	250	5.905217584741984e-05	0.025489589888778037	11.334	5	LJP001	HS578T	6H	C13	HG-6-64-01	10uM	down
LJP008_HUVEC.A_24H_G18_dasatinib_0.04uM down	0f20915d-a631-41b6-b76a-8d78f532f410	250	5.905217584741984e-05	0.025489589888778037	11.334	5	LJP008	HUVEC.A	24H	G18	dasatinib	0.04uM	down
CPD002_PC3_24H_B05_mevastatin_10uM up	cdac357c-a72e-40d8-aec0-7befbce269b1	250	5.905217584741984e-05	0.025489589888778037	11.334	5	CPD002	PC3	24H	B05	mevastatin	10uM	up
LJP009_NPC_24H_E22_ponatinib_0.37uM down	a195afdd-55db-4553-9063-ab7c590540d8	250	5.905217584741984e-05	0.025489589888778037	11.334	5	LJP009	NPC	24H	E22	ponatinib	0.37uM	down
MOAR002_A375_24H_B24_calcitriol_1.11uM down	a63ac3b0-652e-475c-911d-4822623481d5	250	5.905217584741984e-05	0.025489589888778037	11.334	5	MOAR002	A375	24H	B24	calcitriol	1.11uM	down
MOAR006_A375_24H_K12_GSK-591_1.11uM up	daf0d527-bfc6-4009-81d3-85fcb595970a	250	5.905217584741984e-05	0.025489589888778037	11.334	5	MOAR006	A375	24H	K12	GSK-591	1.11uM	up
MOAR009_A204_24H_B19_BRD-K53156626_10uM down	4d8a1a19-92ad-4a70-933d-db6558af2a07	250	5.905217584741984e-05	0.025489589888778037	11.334	5	MOAR009	A204	24H	B19	BRD-K53156626	10uM	down
MOAR009_HEC1A_24H_A09_costunolide_1.11uM up	df73d1b5-5698-4a46-bdb6-471fcd902f8d	250	5.905217584741984e-05	0.025489589888778037	11.334	5	MOAR009	HEC1A	24H	A09	costunolide	1.11uM	up
MOAR012_NCIH1573_24H_P15_DNQX_1.11uM up	c076b556-19f3-48d1-a5ef-6366532e3c2f	250	5.905217584741984e-05	0.025489589888778037	11.334	5	MOAR012	NCIH1573	24H	P15	DNQX	1.11uM	up
MUC.CP002_MCF7_24H_G23_SA-103150_10uM up	8e0130f7-022e-4ef5-aba8-2e6e3ba354f1	250	5.905217584741984e-05	0.025489589888778037	11.334	5	MUC.CP002	MCF7	24H	G23	SA-103150	10uM	up
PAC018_U2OS_6H_H04_thioridazine_20uM up	20ea2d9f-2bda-43c0-83ef-53afbaee3ca7	250	5.905217584741984e-05	0.025489589888778037	11.334	5	PAC018	U2OS	6H	H04	thioridazine	20uM	up
PBIOA006_XC.L10_24H_D22_VU-0410183-2_10uM up	0f2ecb0d-e532-4171-9158-fa6dac7940a1	250	5.905217584741984e-05	0.025489589888778037	11.334	5	PBIOA006	XC.L10	24H	D22	VU-0410183-2	10uM	up
PBIOA013_HA1E_24H_A22_BRD-K59385073_0.37uM up	550c80ed-77c6-4f23-b168-74e1a65f50ce	250	5.905217584741984e-05	0.025489589888778037	11.334	5	PBIOA013	HA1E	24H	A22	BRD-K59385073	0.37uM	up
REP.A002_HA1E_24H_I04_pibenzimol_0.37uM up	9e1d2657-be2a-4c2c-a330-93f194825de3	250	5.905217584741984e-05	0.025489589888778037	11.334	5	REP.A002	HA1E	24H	I04	pibenzimol	0.37uM	up
REP.A004_MCF7_24H_F18_marimastat_0.04uM down	96d64c5a-ecc4-4bc5-b231-81bd3197e727	250	5.905217584741984e-05	0.025489589888778037	11.334	5	REP.A004	MCF7	24H	F18	marimastat	0.04uM	down
REP.A012_HT29_24H_G03_adenosine_1.11uM down	93dc1ead-3c7b-47ef-b066-bd274b664774	250	5.905217584741984e-05	0.025489589888778037	11.334	5	REP.A012	HT29	24H	G03	adenosine	1.11uM	down
REP.A012_HT29_24H_G14_bortezomib_20uM up	d44e11c0-c2c5-4345-865d-ff76e75e1171	250	5.905217584741984e-05	0.025489589888778037	11.334	5	REP.A012	HT29	24H	G14	bortezomib	20uM	up
REP.A013_HEK293_24H_A20_zardaverine_3.33uM up	8a527db8-c14c-424c-b0bb-23a6c9c1f6fa	250	5.905217584741984e-05	0.025489589888778037	11.334	5	REP.A013	HEK293	24H	A20	zardaverine	3.33uM	up
REP.A016_HA1E_24H_L23_benzylpenicillin_0.125uM up	acb68dac-c2e1-4d08-86f2-a8a9d0b2b797	250	5.905217584741984e-05	0.025489589888778037	11.334	5	REP.A016	HA1E	24H	L23	benzylpenicillin	0.125uM	up
LKCP002_U2OS_6H_K22_ganetespib_10uM down	56271a9f-0163-4ff0-805c-e8dc31b27edc	250	5.905217584741984e-05	0.025489589888778037	11.334	5	LKCP002	U2OS	6H	K22	ganetespib	10uM	down
REP.B001_YAPC_24H_H20_ganaxolone_0.74uM up	198d3c42-bba3-492b-959b-ef172a54caf4	250	5.905217584741984e-05	0.025489589888778037	11.334	5	REP.B001	YAPC	24H	H20	ganaxolone	0.74uM	up
REP.B005_HELA_24H_D11_doxycycline_0.03uM down	d7043d20-1bc8-46e0-a18b-e98528e9ebf5	250	5.905217584741984e-05	0.025489589888778037	11.334	5	REP.B005	HELA	24H	D11	doxycycline	0.03uM	down
REP.B009_HA1E_24H_I05_apafant_0.03uM down	dbd132e8-2e6e-4c02-9adb-49d9127273b9	250	5.905217584741984e-05	0.025489589888778037	11.334	5	REP.B009	HA1E	24H	I05	apafant	0.03uM	down
REP.B012_PC3_24H_O12_fulvestrant_0.01uM down	531c2304-42b8-4417-a384-4a4d458e301e	250	5.905217584741984e-05	0.025489589888778037	11.334	5	REP.B012	PC3	24H	O12	fulvestrant	0.01uM	down
REP.B020_HELA_24H_C10_telatinib_0.08uM up	c6ec1d7f-9718-4e5e-85f5-f2f148bbef2e	250	5.905217584741984e-05	0.025489589888778037	11.334	5	REP.B020	HELA	24H	C10	telatinib	0.08uM	up
REP.B025_THP1_24H_P08_nesbuvir_0.74uM down	d43d7be5-e3f4-44ff-85cf-31dbf9b801c9	250	5.905217584741984e-05	0.025489589888778037	11.334	5	REP.B025	THP1	24H	P08	nesbuvir	0.74uM	down
REP.B027_A375_24H_I07_amiloride_2.22uM down	3f5fa74a-9e62-4972-8d82-aa29cff1a4ab	250	5.905217584741984e-05	0.025489589888778037	11.334	5	REP.B027	A375	24H	I07	amiloride	2.22uM	down
HAHN001_ES2_96H_N18_PSMA1 down	b6a07422-4115-4d59-9978-ce46c4099a3c	250	5.905217584741984e-05	0.025489589888778037	11.334	5	HAHN001	ES2	96H	N18	PSMA1	N/A	down
DOS043_HT29_24H_M20_BRD-K51088127_4uM down	a36b43f0-d6f9-4640-8e88-c82bf2c34ca9	250	5.905217584741984e-05	0.025489589888778037	11.334	5	DOS043	HT29	24H	M20	BRD-K51088127	4uM	down
XPR011_BICR6.311_96H_F20_AP3B1 down	24decf89-5ab2-4e7f-a207-e7af08f63092	250	5.905217584741984e-05	0.025489589888778037	11.334	5	XPR011	BICR6.311	96H	F20	AP3B1	N/A	down
XPR017_MCF7.311_96H_K18_HEATR9 down	5fbaa488-e7f3-47d6-b961-43437aa86085	250	5.905217584741984e-05	0.025489589888778037	11.334	5	XPR017	MCF7.311	96H	K18	HEATR9	N/A	down
XPR021_MCF7.311_96H_P23_NME1-NME2 up	10f3a329-8587-490c-99f6-0fc90745ccea	250	5.905217584741984e-05	0.025489589888778037	11.334	5	XPR021	MCF7.311	96H	P23	NME1-NME2	N/A	up
DOSVAL003_HA1E_24H_K19_BRD-K80643530_20uM up	5a0ef960-8b16-49f2-98d1-a4ed72319bc7	250	5.905217584741984e-05	0.025489589888778037	11.334	5	DOSVAL003	HA1E	24H	K19	BRD-K80643530	20uM	up
XPR029_BICR6.311_96H_O09_TUBA4A down	1c7757e9-1325-4e7a-9ff1-585359ceaaf6	250	5.905217584741984e-05	0.025489589888778037	11.334	5	XPR029	BICR6.311	96H	O09	TUBA4A	N/A	down
XPR030_A375.311_96H_O19_FCGR1A down	24d43994-9a0f-418e-8721-e91e5619e2f0	250	5.905217584741984e-05	0.025489589888778037	11.334	5	XPR030	A375.311	96H	O19	FCGR1A	N/A	down
EMU001_BJAB_3H_A12_BRD-K50495309_0.01uM up	8430a2f4-4838-401f-a899-9b8845f8839b	250	5.905217584741984e-05	0.025489589888778037	11.334	5	EMU001	BJAB	3H	A12	BRD-K50495309	0.01uM	up
CEGS001_NPC.215_24H_I12_isradipine_0.74uM up	7797c243-046e-4b8d-bc2b-f337d4191aea	250	5.905217584741984e-05	0.025489589888778037	11.334	5	CEGS001	NPC.215	24H	I12	isradipine	0.74uM	up
CEGS002_HIMG001_24H_J07_ketamine_25uM up	db1a8805-26d3-4eb5-b535-2f454c0f7d32	250	5.905217584741984e-05	0.025489589888778037	11.334	5	CEGS002	HIMG001	24H	J07	ketamine	25uM	up
CPC004_MCF7_6H_G14_salicin_10uM down	bae15ab5-7be8-4e99-9eab-d6971e424d5e	250	5.905217584741984e-05	0.025489589888778037	11.334	5	CPC004	MCF7	6H	G14	salicin	10uM	down
CPC006_A375_6H_H19_quinoclamine_12uM up	f3508862-5a80-4b1e-869d-ca5bae728914	250	5.905217584741984e-05	0.025489589888778037	11.334	5	CPC006	A375	6H	H19	quinoclamine	12uM	up
CPC006_TYKNU_6H_E12_niclosamide_10uM up	00c80d18-288a-449f-af19-3e7237fba3b7	250	5.905217584741984e-05	0.025489589888778037	11.334	5	CPC006	TYKNU	6H	E12	niclosamide	10uM	up
CPC012_A375_6H_A09_BRD-K07023879_10uM up	0d9ef3ed-6da1-44fd-97d5-9b41328d38a3	250	5.905217584741984e-05	0.025489589888778037	11.334	5	CPC012	A375	6H	A09	BRD-K07023879	10uM	up
CPC012_A549_24H_F21_VU-0410183-2_10uM up	4c2f8ca1-9378-4915-ae7b-030ac24b8bf8	250	5.905217584741984e-05	0.025489589888778037	11.334	5	CPC012	A549	24H	F21	VU-0410183-2	10uM	up
CPC014_PC3_6H_M23_STK-397047_10uM up	f54f4f8d-0a3f-4456-b5fa-4ba638d2f458	250	5.905217584741984e-05	0.025489589888778037	11.334	5	CPC014	PC3	6H	M23	STK-397047	10uM	up
CPC019_HCC515_6H_G15_tubastatin-a_10uM down	cdcc3673-c431-4b95-ae33-beb4749a9195	250	5.905217584741984e-05	0.025489589888778037	11.334	5	CPC019	HCC515	6H	G15	tubastatin-a	10uM	down
EMU001_MINO_6H_K03_BRD-K98039984_0.66uM up	eff2cf9a-dee9-4920-a5d4-34f5e3192258	250	5.905217584741984e-05	0.025489589888778037	11.334	5	EMU001	MINO	6H	K03	BRD-K98039984	0.66uM	up
EMU001_MINO_24H_D02_AVL-292_2.5uM up	878ae90c-2179-4c8c-a8ff-48be872bb50c	250	5.905217584741984e-05	0.025489589888778037	11.334	5	EMU001	MINO	24H	D02	AVL-292	2.5uM	up
FIBR001_MCLF117SZ_6H_D07_erastin_2.22uM up	e20dbc01-5d4b-4d52-98ad-98916bde59a0	250	5.905217584741984e-05	0.025489589888778037	11.334	5	FIBR001	MCLF117SZ	6H	D07	erastin	2.22uM	up
FIBR007_MCLF051CN_6H_L16_BRD-A94451536_4uM up	03aba34f-51f8-4afb-8347-a1699a82e953	250	5.905217584741984e-05	0.025489589888778037	11.334	5	FIBR007	MCLF051CN	6H	L16	BRD-A94451536	4uM	up
FIBR009_MCLF123SZ_6H_L11_PIK-75_0.37uM up	ed2a5f70-a01b-4bd9-9561-e763b6f607f4	250	5.905217584741984e-05	0.025489589888778037	11.334	5	FIBR009	MCLF123SZ	6H	L11	PIK-75	0.37uM	up
FIBR011_MCLF015CN_6H_N15_narciclasine_0.37uM up	401f5022-90be-4fd1-b1e2-117a8b3489f2	250	5.905217584741984e-05	0.025489589888778037	11.334	5	FIBR011	MCLF015CN	6H	N15	narciclasine	0.37uM	up
FIBR023_MCLF126CN_6H_O19_clozapine_4uM up	a3ddaac5-d412-4a2d-a7d1-c77bdbce7836	250	5.905217584741984e-05	0.025489589888778037	11.334	5	FIBR023	MCLF126CN	6H	O19	clozapine	4uM	up
FIBR023_MCLF126CN_6H_P15_ZM-336372_4uM down	6cee283b-abfd-4168-a091-26c73b5d27e9	250	5.905217584741984e-05	0.025489589888778037	11.334	5	FIBR023	MCLF126CN	6H	P15	ZM-336372	4uM	down
FIBR024_MCLF126CN_6H_F09_valproic-acid_625uM down	115994bd-f1b5-44c7-8480-e961811fc35e	250	5.905217584741984e-05	0.025489589888778037	11.334	5	FIBR024	MCLF126CN	6H	F09	valproic-acid	625uM	down
ISO002_MCF10A.KRAS.HG_24H_M14_endo-IWR-1_3.33uM up	9830e332-453f-423c-ad88-af3d5c2e2181	250	5.905217584741984e-05	0.025489589888778037	11.334	5	ISO002	MCF10A.KRAS.HG	24H	M14	endo-IWR-1	3.33uM	up
LJP002_BT20_6H_D17_pazopanib_0.37uM down	3b49edff-9d13-471f-8e40-08b4550ab2f1	250	5.905217584741984e-05	0.025489589888778037	11.334	5	LJP002	BT20	6H	D17	pazopanib	0.37uM	down
LJP002_SKBR3_6H_I16_buparlisib_2.22uM up	ea2a2144-7323-49e0-9d4b-75cac30d45a2	250	5.905217584741984e-05	0.025489589888778037	11.334	5	LJP002	SKBR3	6H	I16	buparlisib	2.22uM	up
LJP005_MCF7_3H_E04_GSK-1059615_0.37uM up	7e48fbea-b857-4524-8b63-cb16fe8a132b	250	5.905217584741984e-05	0.025489589888778037	11.334	5	LJP005	MCF7	3H	E04	GSK-1059615	0.37uM	up
LKCP002_MCF7_6H_E04_raltitrexed_10uM down	9497f6f0-25e7-48b5-bc52-2f9bbc7d107c	250	5.905217584741984e-05	0.025489589888778037	11.334	5	LKCP002	MCF7	6H	E04	raltitrexed	10uM	down
LTC005_MDAMB231_3H_E17_torin-1_0.002uM down	bfe941fb-6ec6-4dc5-988f-4a39cb79d78e	250	5.905217584741984e-05	0.025489589888778037	11.334	5	LTC005	MDAMB231	3H	E17	torin-1	0.002uM	down
MOAR011_BEN_24H_I13_siramesine_10uM up	24ba1040-f659-4cf7-873e-d5eb11c4e97a	250	5.905217584741984e-05	0.025489589888778037	11.334	5	MOAR011	BEN	24H	I13	siramesine	10uM	up
MOAR011_HEC251_24H_E13_mephenytoin_10uM up	f61f08e2-f2d0-4d08-97d9-c611525c4fad	250	5.905217584741984e-05	0.025489589888778037	11.334	5	MOAR011	HEC251	24H	E13	mephenytoin	10uM	up
MOAR012_BC3C_24H_F10_epalrestat_10uM up	1e6951e4-ad72-4b63-ac3f-ddd9d46a1fa2	250	5.905217584741984e-05	0.025489589888778037	11.334	5	MOAR012	BC3C	24H	F10	epalrestat	10uM	up
ENR001_NPC_24H_H01_L-8_10uM up	bc6e6a64-3eb7-4136-be97-6e4d941b1963	250	5.905217584741984e-05	0.025489589888778037	11.334	5	ENR001	NPC	24H	H01	L-8	10uM	up
PAC013_U2OS_6H_P14_BRD-K33575007_10uM down	3095cea6-19d2-4d1c-9ac2-b82e4c0a96f2	250	5.905217584741984e-05	0.025489589888778037	11.334	5	PAC013	U2OS	6H	P14	BRD-K33575007	10uM	down
PAC064_U2OS_6H_J18_BRD-A64237946_10uM down	2f44bb9f-f1e7-457e-acba-80ee316dea02	250	5.905217584741984e-05	0.025489589888778037	11.334	5	PAC064	U2OS	6H	J18	BRD-A64237946	10uM	down
PBIOA022_HCC515_24H_B08_TW-37_3.33uM up	97ea596a-9e5a-4309-ae56-e2e8f02396c9	250	5.905217584741984e-05	0.025489589888778037	11.334	5	PBIOA022	HCC515	24H	B08	TW-37	3.33uM	up
REP.A013_HUVEC.A_24H_E23_epirizole_0.125uM up	1229f41c-553d-44b3-bbcc-7a72cee1a0d4	250	5.905217584741984e-05	0.025489589888778037	11.334	5	REP.A013	HUVEC.A	24H	E23	epirizole	0.125uM	up
REP.A018_YAPC_24H_G17_bortezomib_20uM up	3be69b40-a78f-4fcd-9f63-544f96cc80b8	250	5.905217584741984e-05	0.025489589888778037	11.334	5	REP.A018	YAPC	24H	G17	bortezomib	20uM	up
REP.A024_PC3_24H_L16_LY-2090314_0.37uM down	a7d98cba-2256-4529-8610-43b11bd25793	250	5.905217584741984e-05	0.025489589888778037	11.334	5	REP.A024	PC3	24H	L16	LY-2090314	0.37uM	down
REP.A026_HUVEC.A_24H_L11_ZK-811752_0.125uM up	9610224a-9ae7-464b-b9c2-7630fd115833	250	5.905217584741984e-05	0.025489589888778037	11.334	5	REP.A026	HUVEC.A	24H	L11	ZK-811752	0.125uM	up
REP.A028_JURKAT_24H_K22_brequinar_0.37uM down	b645cf50-c36d-4532-a102-c362cf04ec52	250	5.905217584741984e-05	0.025489589888778037	11.334	5	REP.A028	JURKAT	24H	K22	brequinar	0.37uM	down
REP.B002_PC3_24H_E15_diazepam_0.25uM down	9d2b05d5-cd1b-4356-a057-3993d816dc49	250	5.905217584741984e-05	0.025489589888778037	11.334	5	REP.B002	PC3	24H	E15	diazepam	0.25uM	down
REP.B005_HA1E_24H_P09_alectinib_0.25uM down	eb72683b-40f2-4de5-8ccb-67c66ac077c4	250	5.905217584741984e-05	0.025489589888778037	11.334	5	REP.B005	HA1E	24H	P09	alectinib	0.25uM	down
REP.B013_HA1E_24H_E10_AICA-ribonucleotide_0.08uM up	a3650fa4-330c-4a49-a685-e108e96366da	250	5.905217584741984e-05	0.025489589888778037	11.334	5	REP.B013	HA1E	24H	E10	AICA-ribonucleotide	0.08uM	up
REP.B013_YAPC_24H_K16_anandamide_0.08uM up	70e9ac50-4f13-4bb7-97c9-3d038932a8f6	250	5.905217584741984e-05	0.025489589888778037	11.334	5	REP.B013	YAPC	24H	K16	anandamide	0.08uM	up
REP.B017_HEK293_24H_K12_MG-132_20uM up	1dd076c5-5cba-4fa6-8948-4a5db08b1ee2	250	5.905217584741984e-05	0.025489589888778037	11.334	5	REP.B017	HEK293	24H	K12	MG-132	20uM	up
REP.B025_HELA_24H_P14_sodium-gualenate_0.74uM up	7b7c2e53-a8c7-42d6-a555-be501dbae96b	250	5.905217584741984e-05	0.025489589888778037	11.334	5	REP.B025	HELA	24H	P14	sodium-gualenate	0.74uM	up
XPR009_YAPC.311_96H_P13_TOP1 down	87c7298b-fb40-483f-a108-9209f2712f4e	250	5.905217584741984e-05	0.025489589888778037	11.334	5	XPR009	YAPC.311	96H	P13	TOP1	N/A	down
XPR017_BICR6.311_96H_E02_HDGFL3 up	f672c83c-3aa0-443a-8bcd-3e1ebfe2d018	250	5.905217584741984e-05	0.025489589888778037	11.334	5	XPR017	BICR6.311	96H	E02	HDGFL3	N/A	up
XPR026_HT29.311_96H_A17_TMEM173 up	e7542575-fdad-4003-93f5-6c6d58a544d6	250	5.905217584741984e-05	0.025489589888778037	11.334	5	XPR026	HT29.311	96H	A17	TMEM173	N/A	up
XPR042_U251MG.311_96H_M01_EPHB2 up	ae88e58b-bce6-4400-a884-eccfcde23129	250	5.905217584741984e-05	0.025489589888778037	11.334	5	XPR042	U251MG.311	96H	M01	EPHB2	N/A	up
AICHI001_OCILY19_4H_C02_tozasertib_2.5uM down	459cfe7b-cabd-4507-9cb5-dec258f387ef	250	5.905217584741984e-05	0.025489589888778037	11.334	5	AICHI001	OCILY19	4H	C02	tozasertib	2.5uM	down
ASG002_HCC95_24H_J20_AZ-628_1.11uM down	f2615be8-ef23-4223-9b35-7b722df3000f	250	5.905217584741984e-05	0.025489589888778037	11.334	5	ASG002	HCC95	24H	J20	AZ-628	1.11uM	down
ERG021_PC3_24H_C18_BRD-K71095875_0.04uM down	a6cdf1ae-374a-4490-8c64-4dba29f86ddd	250	5.905217584741984e-05	0.025489589888778037	11.334	5	ERG021	PC3	24H	C18	BRD-K71095875	0.04uM	down
ASG003_U2OS_24H_F04_vorinostat_10uM down	4addeabe-50c7-407f-a681-3e630c1498a4	250	5.905217584741984e-05	0.025489589888778037	11.334	5	ASG003	U2OS	24H	F04	vorinostat	10uM	down
ASG003_U2OS_6H_L15_XL-888_0.12uM down	c3f5d937-e645-427e-92af-5a162ca3411c	250	5.905217584741984e-05	0.025489589888778037	11.334	5	ASG003	U2OS	6H	L15	XL-888	0.12uM	down
FIBR002_MCLF117SZ_6H_I14_PAC-1_25uM up	87f4a1df-785b-49d4-9ac8-4b0fcfe73fdd	250	5.905217584741984e-05	0.025489589888778037	11.334	5	FIBR002	MCLF117SZ	6H	I14	PAC-1	25uM	up
CPC002_PC3_24H_L01_cilostamide_10uM down	f11188fb-487a-46f8-8de8-af75d5af06cb	250	5.905217584741984e-05	0.025489589888778037	11.334	5	CPC002	PC3	24H	L01	cilostamide	10uM	down
CPC006_RMGI_6H_H14_cyanoquinoline-11_40uM down	a8b5d910-9315-4af0-ba85-6fce4be8fa95	250	5.905217584741984e-05	0.025489589888778037	11.334	5	CPC006	RMGI	6H	H14	cyanoquinoline-11	40uM	down
CPC008_HCC515_6H_G23_BRD-K92202821_10uM up	46e5d377-f50e-411e-8426-2eb768f7bf13	250	5.905217584741984e-05	0.025489589888778037	11.334	5	CPC008	HCC515	6H	G23	BRD-K92202821	10uM	up
CPC008_MCF7_6H_L11_VU-0418946-1_10uM up	67b3383c-c238-48b6-8037-be14844fd6b1	250	5.905217584741984e-05	0.025489589888778037	11.334	5	CPC008	MCF7	6H	L11	VU-0418946-1	10uM	up
CPC009_MCF7_6H_C22_BRD-K64314806_10uM down	eb9ea924-7b42-48d3-a126-396de8f9093b	250	5.905217584741984e-05	0.025489589888778037	11.334	5	CPC009	MCF7	6H	C22	BRD-K64314806	10uM	down
CPC012_MCF7_6H_H18_BRD-K61717269_10uM up	2a96054d-e436-4522-8b5d-e3e8bcb2842b	250	5.905217584741984e-05	0.025489589888778037	11.334	5	CPC012	MCF7	6H	H18	BRD-K61717269	10uM	up
CPC014_A549_24H_O24_elvitegravir_10uM up	b864add7-dde1-4b75-b23d-ac3272023b8a	250	5.905217584741984e-05	0.025489589888778037	11.334	5	CPC014	A549	24H	O24	elvitegravir	10uM	up
CRCGN008_HEPG2_24H_N11_pyrazinamide_2.5uM down	6ba80363-4637-4048-ab30-8f8b933cf3fb	250	5.905217584741984e-05	0.025489589888778037	11.334	5	CRCGN008	HEPG2	24H	N11	pyrazinamide	2.5uM	down
CRCGN014_HEPG2_24H_K19_1-NITROSOAZOCANE_20uM down	66e7c4a8-b86c-4ff4-afbf-4beed5d14027	250	5.905217584741984e-05	0.025489589888778037	11.334	5	CRCGN014	HEPG2	24H	K19	1-NITROSOAZOCANE	20uM	down
XPR022_U251MG.311_96H_L11_PXYLP1 down	10219143-8bae-4279-91dc-1464f6d185f6	250	5.905217584741984e-05	0.025489589888778037	11.334	5	XPR022	U251MG.311	96H	L11	PXYLP1	N/A	down
DOS026_VCAP_6H_L09_BRD-K75639577_4uM down	88b66479-f1e3-490f-97cf-0aa75cd0a314	250	5.905217584741984e-05	0.025489589888778037	11.334	5	DOS026	VCAP	6H	L09	BRD-K75639577	4uM	down
DOSVAL003_HT29_24H_C24_tanespimycin_4uM down	b845503b-6941-473b-8e52-c82d8f674e6f	250	5.905217584741984e-05	0.025489589888778037	11.334	5	DOSVAL003	HT29	24H	C24	tanespimycin	4uM	down
DTAK001_DU145_24H_I03_cabozantinib_30uM up	6284fb18-75e1-49c6-ac3d-ec66b06aeef5	250	5.905217584741984e-05	0.025489589888778037	11.334	5	DTAK001	DU145	24H	I03	cabozantinib	30uM	up
FIBR014_MCLF162SZ_6H_G07_fatostatin_4uM down	9d327f76-0d92-4b6c-ba6e-82bfc833629b	250	5.905217584741984e-05	0.025489589888778037	11.334	5	FIBR014	MCLF162SZ	6H	G07	fatostatin	4uM	down
FIBR023_MCLF126CN_6H_L04_BRD-A83255679_4uM up	00b50887-6d3a-492d-9d71-20fb3e24465b	250	5.905217584741984e-05	0.025489589888778037	11.334	5	FIBR023	MCLF126CN	6H	L04	BRD-A83255679	4uM	up
HOG001_MCF7_6H_A17_wortmannin_0.37uM up	22250bb6-b415-4d18-9949-2321973bc551	250	5.905217584741984e-05	0.025489589888778037	11.334	5	HOG001	MCF7	6H	A17	wortmannin	0.37uM	up
LJP005_BT20_24H_E01_GSK-1059615_10uM up	c2423131-673b-4bb7-a9a3-fc91e1e25ec8	250	5.905217584741984e-05	0.025489589888778037	11.334	5	LJP005	BT20	24H	E01	GSK-1059615	10uM	up
LJP005_HS578T_3H_G13_withaferin-a_10uM up	06f65e6a-a893-4146-b490-5f9228d9ad66	250	5.905217584741984e-05	0.025489589888778037	11.334	5	LJP005	HS578T	3H	G13	withaferin-a	10uM	up
LJP006_LNCAP_24H_E03_PD-0325901_1.11uM up	8c4b38c0-4038-4ac7-a408-2630fbcf8d0b	250	5.905217584741984e-05	0.025489589888778037	11.334	5	LJP006	LNCAP	24H	E03	PD-0325901	1.11uM	up
LJP007_HUES3_24H_K21_everolimus_1.11uM down	2553fbe0-33ae-49ef-9599-d95287ddefac	250	5.905217584741984e-05	0.025489589888778037	11.334	5	LJP007	HUES3	24H	K21	everolimus	1.11uM	down
FIBR033_MCLF100SZ_6H_D19_CT-200783_2.22uM down	70ac25a3-97ac-4c8c-8eba-1ad2ef7305bb	250	5.905217584741984e-05	0.025489589888778037	11.334	5	FIBR033	MCLF100SZ	6H	D19	CT-200783	2.22uM	down
LJP009_HA1E_24H_O13_serdemetan_10uM down	373c84a8-f55b-4504-a7c8-8775bb6237de	250	5.905217584741984e-05	0.025489589888778037	11.334	5	LJP009	HA1E	24H	O13	serdemetan	10uM	down
LRS001_PHH.MGH_24H_N04_BRD-K23875128_10uM up	60ce2e4d-4d33-42b6-b969-3bc6d80dcb1e	250	5.905217584741984e-05	0.025489589888778037	11.334	5	LRS001	PHH.MGH	24H	N04	BRD-K23875128	10uM	up
LUNG001_WI38_24H_C20_fluticasone_10uM down	43b1af38-3359-4ed5-b582-1375e58f22c1	250	5.905217584741984e-05	0.025489589888778037	11.334	5	LUNG001	WI38	24H	C20	fluticasone	10uM	down
MOAR003_PC3_24H_M18_UNC-669_1.11uM down	82685702-16f0-4b67-a0aa-2b1755a6f9aa	250	5.905217584741984e-05	0.025489589888778037	11.334	5	MOAR003	PC3	24H	M18	UNC-669	1.11uM	down
MOAR011_GI1_24H_M13_AZD-1208_10uM up	8c201bf3-a2ef-4fa3-b293-fffe4d59d30d	250	5.905217584741984e-05	0.025489589888778037	11.334	5	MOAR011	GI1	24H	M13	AZD-1208	10uM	up
MOAR011_SH4_24H_M16_BRD-K47869605_10uM down	32f41f51-f396-47c4-806d-0cf76900e8d6	250	5.905217584741984e-05	0.025489589888778037	11.334	5	MOAR011	SH4	24H	M16	BRD-K47869605	10uM	down
MOAR012_22RV1_24H_O02_ethyl-pyruvate_3.33uM up	59998e7c-5f49-40e3-86f3-ea4d79e8ebe0	250	5.905217584741984e-05	0.025489589888778037	11.334	5	MOAR012	22RV1	24H	O02	ethyl-pyruvate	3.33uM	up
PAC001_U2OS_6H_F13_CCT-018159_10uM down	d69c7294-dd19-4fcb-9307-347776721d23	250	5.905217584741984e-05	0.025489589888778037	11.334	5	PAC001	U2OS	6H	F13	CCT-018159	10uM	down
PAC004_U2OS_6H_L20_L-741742_10uM down	76d39b24-511c-4a3d-ad8a-83b764287d58	250	5.905217584741984e-05	0.025489589888778037	11.334	5	PAC004	U2OS	6H	L20	L-741742	10uM	down
PAC006_U2OS_6H_M04_proscillaridin_4uM up	000d4148-199c-416d-8c3a-c4b3075f18f9	250	5.905217584741984e-05	0.025489589888778037	11.334	5	PAC006	U2OS	6H	M04	proscillaridin	4uM	up
PCLB001_MCF7_6H_A09_COL-3_10uM up	1df30fff-1f2b-4f08-8b9a-670677935372	250	5.905217584741984e-05	0.025489589888778037	11.334	5	PCLB001	MCF7	6H	A09	COL-3	10uM	up
PCLB002_HA1E_24H_C16_vorinostat_0.37uM up	0b44c40c-ed07-40bd-8d0c-19147422c88f	250	5.905217584741984e-05	0.025489589888778037	11.334	5	PCLB002	HA1E	24H	C16	vorinostat	0.37uM	up
REP.A010_MCF7_24H_P06_carfilzomib_0.04uM up	4f09851b-acc2-490a-a75a-63d7cf7aa4f6	250	5.905217584741984e-05	0.025489589888778037	11.334	5	REP.A010	MCF7	24H	P06	carfilzomib	0.04uM	up
REP.A016_PC3_24H_C23_bortezomib_20uM up	2b675ee8-9b4b-4b39-9f57-9e30d8db7ec8	250	5.905217584741984e-05	0.025489589888778037	11.334	5	REP.A016	PC3	24H	C23	bortezomib	20uM	up
REP.A023_MDAMB231_24H_M12_D-serine_0.04uM down	51ed0108-0f66-48b6-a6ea-f2c9065ab150	250	5.905217584741984e-05	0.025489589888778037	11.334	5	REP.A023	MDAMB231	24H	M12	D-serine	0.04uM	down
REP.A023_PC3_24H_K23_fludarabine-phosphate_0.125uM up	5c18d2e4-6650-4fc5-9f93-ac0b8be25808	250	5.905217584741984e-05	0.025489589888778037	11.334	5	REP.A023	PC3	24H	K23	fludarabine-phosphate	0.125uM	up
REP.A024_MDAMB231_24H_M19_leflunomide_10uM up	08b51dbf-8598-4959-ae4e-22af3b9199ae	250	5.905217584741984e-05	0.025489589888778037	11.334	5	REP.A024	MDAMB231	24H	M19	leflunomide	10uM	up
REP.A025_A549_24H_K11_MG-132_20uM down	71227c6c-32f0-4caa-b7a5-02c982d7bde6	250	5.905217584741984e-05	0.025489589888778037	11.334	5	REP.A025	A549	24H	K11	MG-132	20uM	down
REP.A025_JURKAT_24H_P24_cinaciguat_0.04uM down	524c9ee3-3d89-4313-abb8-86d375243388	250	5.905217584741984e-05	0.025489589888778037	11.334	5	REP.A025	JURKAT	24H	P24	cinaciguat	0.04uM	down
REP.B006_HA1E_24H_I07_medetomidine_2.22uM up	a6564aef-08de-4b24-9b76-6b1f1dbd6669	250	5.905217584741984e-05	0.025489589888778037	11.334	5	REP.B006	HA1E	24H	I07	medetomidine	2.22uM	up
REP.B008_MCF10A_24H_A20_temoporfin_0.74uM down	33915757-e9a8-4aae-ac86-2969535d6fca	250	5.905217584741984e-05	0.025489589888778037	11.334	5	REP.B008	MCF10A	24H	A20	temoporfin	0.74uM	down
HOG002_MCF7_24H_D14_mitoxantrone_10uM down	1bb8f3e1-85fe-47f2-a7c8-1e059a7ede6e	250	5.905217584741984e-05	0.025489589888778037	11.334	5	HOG002	MCF7	24H	D14	mitoxantrone	10uM	down
REP.B014_A375_24H_L03_delanzomib_0.25uM down	dd79d2fb-1215-43b4-9eb7-2981241017be	250	5.905217584741984e-05	0.025489589888778037	11.334	5	REP.B014	A375	24H	L03	delanzomib	0.25uM	down
REP.B016_MCF7_24H_H11_tivozanib_0.03uM up	8dd0c6f0-0cd1-4ecd-8ce8-ad04f55743b4	250	5.905217584741984e-05	0.025489589888778037	11.334	5	REP.B016	MCF7	24H	H11	tivozanib	0.03uM	up
REP.B018_MDAMB231_24H_M06_afatinib_0.01uM down	fe2b6ef4-76e9-43dc-bd4f-7b656eb2eef4	250	5.905217584741984e-05	0.025489589888778037	11.334	5	REP.B018	MDAMB231	24H	M06	afatinib	0.01uM	down
REP.B019_JURKAT_24H_N17_etofylline-clofibrate_0.03uM down	8223b3ff-ab6d-479d-b236-293805f502da	250	5.905217584741984e-05	0.025489589888778037	11.334	5	REP.B019	JURKAT	24H	N17	etofylline-clofibrate	0.03uM	down
REP.B023_HA1E_24H_B24_palmitoylethanolamide_0.01uM down	d24b84c3-337a-49b7-9950-ca8b2bdc60d3	250	5.905217584741984e-05	0.025489589888778037	11.334	5	REP.B023	HA1E	24H	B24	palmitoylethanolamide	0.01uM	down
REP.B023_HA1E_24H_D07_amsacrine_2.22uM down	f11fa635-4644-4f60-9cf2-5755c9184c29	250	5.905217584741984e-05	0.025489589888778037	11.334	5	REP.B023	HA1E	24H	D07	amsacrine	2.22uM	down
REP.B025_HA1E_24H_E18_CI-976_0.01uM down	d31e4ac2-f839-44f2-9540-29682ae2ec7e	250	5.905217584741984e-05	0.025489589888778037	11.334	5	REP.B025	HA1E	24H	E18	CI-976	0.01uM	down
REP.B025_HELA_24H_N10_imexon_0.08uM up	a3ecbfeb-71be-477d-b1ca-5b5b1800bc78	250	5.905217584741984e-05	0.025489589888778037	11.334	5	REP.B025	HELA	24H	N10	imexon	0.08uM	up
XPR019_PC3.311B_96H_J05_LEP down	59948199-7961-43ec-947b-70e252e237f6	250	5.905217584741984e-05	0.025489589888778037	11.334	5	XPR019	PC3.311B	96H	J05	LEP	N/A	down
XPR039_DANG.311_96H_K14_CYTH2 down	c75d429a-bdaa-4b5e-a1df-ec84b7eda1e0	250	5.905217584741984e-05	0.025489589888778037	11.334	5	XPR039	DANG.311	96H	K14	CYTH2	N/A	down
XPR040_DANG.311_96H_K20_SUZ12 up	71323648-ba66-4f19-a0a1-062ad4163d19	250	5.905217584741984e-05	0.025489589888778037	11.334	5	XPR040	DANG.311	96H	K20	SUZ12	N/A	up
ASG002_A204_24H_P13_ixazomib_10uM up	5ae98039-061d-42ca-b361-073ba09d6cbd	250	5.905217584741984e-05	0.025489589888778037	11.334	5	ASG002	A204	24H	P13	ixazomib	10uM	up
ASG002_A375_24H_O17_parbendazole_1.11uM down	4215705d-6a69-4019-87b3-3d6ebce56e2f	250	5.905217584741984e-05	0.025489589888778037	11.334	5	ASG002	A375	24H	O17	parbendazole	1.11uM	down
CPC002_HA1E_6H_O04_cinobufagin_10uM up	dd0e9715-58c6-4d36-8276-011a6a7c67bb	250	5.905217584741984e-05	0.025489589888778037	11.334	5	CPC002	HA1E	6H	O04	cinobufagin	10uM	up
CPC003_HCC515_24H_O07_WAY-170523_10uM up	d26ffbf5-7217-4bf3-b8ef-26b98a84495d	250	5.905217584741984e-05	0.025489589888778037	11.334	5	CPC003	HCC515	24H	O07	WAY-170523	10uM	up
CPC006_VCAP_6H_K04_ARP-101_10uM up	7facbe99-d33c-49ee-9627-126906ca4834	250	5.905217584741984e-05	0.025489589888778037	11.334	5	CPC006	VCAP	6H	K04	ARP-101	10uM	up
CPC012_PC3_6H_P21_BRD-K59488055_10uM up	10d9a491-3ac8-45d6-a7f8-b3206abedd97	250	5.905217584741984e-05	0.025489589888778037	11.334	5	CPC012	PC3	6H	P21	BRD-K59488055	10uM	up
CPC013_HT29_6H_I19_zibotentan_10uM down	0ad37e8f-a012-461a-b845-6897c9e0d009	250	5.905217584741984e-05	0.025489589888778037	11.334	5	CPC013	HT29	6H	I19	zibotentan	10uM	down
CPC015_HEPG2_6H_E23_fluphenazine_10uM up	1e53dd8b-146d-48ca-b758-bc881e1d74aa	250	5.905217584741984e-05	0.025489589888778037	11.334	5	CPC015	HEPG2	6H	E23	fluphenazine	10uM	up
CPC018_HEPG2_6H_G12_rottlerin_10uM up	899f6a2a-641c-406f-b5d8-b4f19507e2c7	250	5.905217584741984e-05	0.025489589888778037	11.334	5	CPC018	HEPG2	6H	G12	rottlerin	10uM	up
CPC020_A549_6H_H03_beclomethasone-dipropionate_10uM down	546ab84e-a825-4bed-adc5-549b07874454	250	5.905217584741984e-05	0.025489589888778037	11.334	5	CPC020	A549	6H	H03	beclomethasone-dipropionate	10uM	down
CRCGN017_MCF10A.WT.HP_24H_A14_pyocyanin_30uM up	db2b842e-6f3a-4496-aba2-efddb224bc27	250	5.905217584741984e-05	0.025489589888778037	11.334	5	CRCGN017	MCF10A.WT.HP	24H	A14	pyocyanin	30uM	up
CVD001_PHH_6H_J13_BRD-K22033393_2.5uM down	640d6d0f-0362-46dd-8ecb-e95b30136503	250	5.905217584741984e-05	0.025489589888778037	11.334	5	CVD001	PHH	6H	J13	BRD-K22033393	2.5uM	down
DOS047_MCF7_24H_O08_BRD-K75813018_4uM up	df076d1b-3c24-45bc-b6bb-6f724f9b6884	250	5.905217584741984e-05	0.025489589888778037	11.334	5	DOS047	MCF7	24H	O08	BRD-K75813018	4uM	up
DOSVAL002_HEPG2_24H_O08_BRD-K12189280_10uM down	cddd9df2-4480-4812-9690-df578c491043	250	5.905217584741984e-05	0.025489589888778037	11.334	5	DOSVAL002	HEPG2	24H	O08	BRD-K12189280	10uM	down
EMU001_BJAB_24H_E12_manumycin-a_0.01uM down	0925bd42-5e4b-4943-9af4-b16da858f2ce	250	5.905217584741984e-05	0.025489589888778037	11.334	5	EMU001	BJAB	24H	E12	manumycin-a	0.01uM	down
HOG002_MCF7_6H_K04_niclosamide_3.33uM up	2667c273-1638-4485-8254-e4fdf6610e77	250	5.905217584741984e-05	0.025489589888778037	11.334	5	HOG002	MCF7	6H	K04	niclosamide	3.33uM	up
FIBR018_MCLF076SZ_6H_B10_SJ-172550_4uM up	ce47fa22-d55b-4d36-8b3d-d44836cc3da4	250	5.905217584741984e-05	0.025489589888778037	11.334	5	FIBR018	MCLF076SZ	6H	B10	SJ-172550	4uM	up
FIBR027_MCLF130CN_6H_E18_PX-12_4uM up	b6d2c487-f547-4db3-9623-2c79c26a9346	250	5.905217584741984e-05	0.025489589888778037	11.334	5	FIBR027	MCLF130CN	6H	E18	PX-12	4uM	up
MOAR008_CJM_24H_N11_SAL-003_3.33uM down	298bea3d-7b26-4b95-b2bc-0d2fee08154b	250	5.905217584741984e-05	0.025489589888778037	11.334	5	MOAR008	CJM	24H	N11	SAL-003	3.33uM	down
LJP001_HS578T_24H_F09_PD-173074_0.37uM up	52b9a79d-8799-4861-a3ef-9d398261a72c	250	5.905217584741984e-05	0.025489589888778037	11.334	5	LJP001	HS578T	24H	F09	PD-173074	0.37uM	up
LJP002_SKBR3_24H_B11_XMD-885_0.37uM down	07293176-3e25-4dcd-b52c-8554069ee1ff	250	5.905217584741984e-05	0.025489589888778037	11.334	5	LJP002	SKBR3	24H	B11	XMD-885	0.37uM	down
LJP006_HEPG2_24H_P09_XMD-1150_1.11uM down	b190512d-fd19-468d-98e8-ee63e82c9dc3	250	5.905217584741984e-05	0.025489589888778037	11.334	5	LJP006	HEPG2	24H	P09	XMD-1150	1.11uM	down
LJP009_NEU_24H_D21_MLN-8054_1.11uM up	063b88cb-fb58-42ab-a633-ce7364f30ab7	250	5.905217584741984e-05	0.025489589888778037	11.334	5	LJP009	NEU	24H	D21	MLN-8054	1.11uM	up
LJP009_NPC.CAS9_24H_A15_XMD-892_1.11uM down	2630537b-55b7-4815-a1b7-6161a447bd90	250	5.905217584741984e-05	0.025489589888778037	11.334	5	LJP009	NPC.CAS9	24H	A15	XMD-892	1.11uM	down
MOAR008_MELHO_24H_D16_salicylic-acid_10uM down	c5fcf1a8-e140-43df-81d2-a3fe73794e95	250	5.905217584741984e-05	0.025489589888778037	11.334	5	MOAR008	MELHO	24H	D16	salicylic-acid	10uM	down
MOAR009_HEC108_24H_D19_ABT-639_10uM up	4afd161b-4ca8-413e-b778-bc8cbbbe64d9	250	5.905217584741984e-05	0.025489589888778037	11.334	5	MOAR009	HEC108	24H	D19	ABT-639	10uM	up
MOAR012_HCC95_24H_K17_nitrendipine_3.33uM down	73833f6f-1c3e-48be-8624-83768d988f9d	250	5.905217584741984e-05	0.025489589888778037	11.334	5	MOAR012	HCC95	24H	K17	nitrendipine	3.33uM	down
MOAR018_HAP1.CDK4_24H_M04_TG-100115_0.66uM down	2539de8c-c877-4709-9f26-ded30568a565	250	5.905217584741984e-05	0.025489589888778037	11.334	5	MOAR018	HAP1.CDK4	24H	M04	TG-100115	0.66uM	down
PBIOA006_XC.R10_24H_N16_VU-0418947-2_10uM up	a1151cb4-2149-49d7-b932-f432225344f0	250	5.905217584741984e-05	0.025489589888778037	11.334	5	PBIOA006	XC.R10	24H	N16	VU-0418947-2	10uM	up
PBIOA017_PC3_24H_E13_BRD-K18379838_10uM up	baa024b0-d894-4ea1-868d-8e994527f17d	250	5.905217584741984e-05	0.025489589888778037	11.334	5	PBIOA017	PC3	24H	E13	BRD-K18379838	10uM	up
PBIOA018_MCF7_24H_A24_trametinib_0.04uM down	ab53fc36-434f-4bf2-9969-0d7fbcccee2a	250	5.905217584741984e-05	0.025489589888778037	11.334	5	PBIOA018	MCF7	24H	A24	trametinib	0.04uM	down
ISO002_HCT116.TP53.M_24H_N09_LGX-818_1.11uM down	dec0c605-4633-46df-b9ad-ebcbfee6ca3a	250	5.905217584741984e-05	0.025489589888778037	11.334	5	ISO002	HCT116.TP53.M	24H	N09	LGX-818	1.11uM	down
REP.A001_A375_24H_H05_tolperisone_0.125uM down	af9c73e6-dcc1-4f3f-ab57-a54f96685878	250	5.905217584741984e-05	0.025489589888778037	11.334	5	REP.A001	A375	24H	H05	tolperisone	0.125uM	down
REP.A002_PC3_24H_G13_bortezomib_20uM up	fc3be837-b65f-4e98-9e26-e3b46427fca2	250	5.905217584741984e-05	0.025489589888778037	11.334	5	REP.A002	PC3	24H	G13	bortezomib	20uM	up
MOAR008_GI1_24H_F07_AM-630_10uM down	d1247276-e0fc-4da9-9c35-dc9b9d8f87cb	250	5.905217584741984e-05	0.025489589888778037	11.334	5	MOAR008	GI1	24H	F07	AM-630	10uM	down
REP.A012_PC3_24H_A11_estramustine-phosphate_0.125uM up	8b353d14-052d-4b22-8c8c-598f43712bea	250	5.905217584741984e-05	0.025489589888778037	11.334	5	REP.A012	PC3	24H	A11	estramustine-phosphate	0.125uM	up
REP.A018_MDAMB231_24H_J06_etazolate_0.04uM up	766a590c-a319-4e1a-80fb-4e0f32859d1d	250	5.905217584741984e-05	0.025489589888778037	11.334	5	REP.A018	MDAMB231	24H	J06	etazolate	0.04uM	up
REP.A019_A375_24H_N17_etofylline-clofibrate_0.125uM down	51f2f6da-76bf-4ede-a09f-6d9dcb619237	250	5.905217584741984e-05	0.025489589888778037	11.334	5	REP.A019	A375	24H	N17	etofylline-clofibrate	0.125uM	down
REP.A027_A549_24H_L06_buspirone_0.04uM down	be66972a-2b4f-4dde-a3c0-9316c61c536a	250	5.905217584741984e-05	0.025489589888778037	11.334	5	REP.A027	A549	24H	L06	buspirone	0.04uM	down
REP.B009_JURKAT_24H_I23_mozavaptan_0.03uM down	2218faaa-1004-4c6a-a234-a5e75258b0da	250	5.905217584741984e-05	0.025489589888778037	11.334	5	REP.B009	JURKAT	24H	I23	mozavaptan	0.03uM	down
REP.B009_MCF7_24H_M21_zidovudine_0.25uM up	d1357f4e-fa7e-428e-8f00-68c930fa0a01	250	5.905217584741984e-05	0.025489589888778037	11.334	5	REP.B009	MCF7	24H	M21	zidovudine	0.25uM	up
REP.B014_HA1E_24H_L18_rucinol_0.01uM down	0fe4b1de-365c-4dec-beee-d199f59d776b	250	5.905217584741984e-05	0.025489589888778037	11.334	5	REP.B014	HA1E	24H	L18	rucinol	0.01uM	down
REP.B014_HELA_24H_G11_maribavir_0.03uM up	1c73a550-e83d-4e3c-b671-0286193c44f1	250	5.905217584741984e-05	0.025489589888778037	11.334	5	REP.B014	HELA	24H	G11	maribavir	0.03uM	up
REP.B017_THP1_24H_P15_pyrazinoylguanidine_0.25uM down	81fab846-5a58-4eb0-b38e-6a7480e99596	250	5.905217584741984e-05	0.025489589888778037	11.334	5	REP.B017	THP1	24H	P15	pyrazinoylguanidine	0.25uM	down
REP.B020_HEK293_24H_A12_N-6022_0.01uM up	929c4615-9abf-4dfe-aa4c-bcd1b4733ef4	250	5.905217584741984e-05	0.025489589888778037	11.334	5	REP.B020	HEK293	24H	A12	N-6022	0.01uM	up
XPR021_A375.311_96H_I01_NPSR1 up	8acb2c1c-7426-46bb-a513-884ac8d027af	250	5.905217584741984e-05	0.025489589888778037	11.334	5	XPR021	A375.311	96H	I01	NPSR1	N/A	up
XPR025_U251MG.311_96H_B09_TAF5L down	18d9c3bd-cf18-459f-9cdc-e27dac4b1b9d	250	5.905217584741984e-05	0.025489589888778037	11.334	5	XPR025	U251MG.311	96H	B09	TAF5L	N/A	down
XPR040_HCC1806.311_96H_C19_CUL3 up	350e47d2-766e-4a49-bc51-76cfff8c6539	250	5.905217584741984e-05	0.025489589888778037	11.334	5	XPR040	HCC1806.311	96H	C19	CUL3	N/A	up
XPR044_KYSE30.311_96H_P18_SLC2A6 up	9dea966c-331c-4104-ada9-c1ba33f80578	250	5.905217584741984e-05	0.025489589888778037	11.334	5	XPR044	KYSE30.311	96H	P18	SLC2A6	N/A	up
LJP007_MDAMB231_24H_C22_CGP-60474_0.37uM up	42d38f64-48a8-4944-aa2e-9e7d9ea94de5	250	5.905217584741984e-05	0.025489589888778037	11.334	5	LJP007	MDAMB231	24H	C22	CGP-60474	0.37uM	up
ASG002_CAL29_24H_A13_TW-37_10uM up	bcc79aeb-a4f8-4c2d-8b81-3df308dd02b4	250	5.905217584741984e-05	0.025489589888778037	11.334	5	ASG002	CAL29	24H	A13	TW-37	10uM	up
ASG002_ES2_24H_A14_TW-37_0.74uM up	e7561d9b-da19-48b3-8b58-76cfb5a6b138	250	5.905217584741984e-05	0.025489589888778037	11.334	5	ASG002	ES2	24H	A14	TW-37	0.74uM	up
ASG002_GP2D_24H_M12_marbofloxacin_0.12uM down	875cc324-91e9-486a-9bb5-8c0da974f76c	250	5.905217584741984e-05	0.025489589888778037	11.334	5	ASG002	GP2D	24H	M12	marbofloxacin	0.12uM	down
ASG003_XC.P031_24H_K24_fostamatinib_0.12uM down	9676afba-0592-4db6-bf27-cffe8e232173	250	5.905217584741984e-05	0.025489589888778037	11.334	5	ASG003	XC.P031	24H	K24	fostamatinib	0.12uM	down
ASG003_XC.P033_24H_J22_azathioprine_10uM up	7ea77f10-6431-4ef7-8c9a-34cd813901e8	250	5.905217584741984e-05	0.025489589888778037	11.334	5	ASG003	XC.P033	24H	J22	azathioprine	10uM	up
CPC002_VCAP_6H_K01_U-0126_10uM up	5ec18e28-3a83-49a5-930d-e91d57fd5e9a	250	5.905217584741984e-05	0.025489589888778037	11.334	5	CPC002	VCAP	6H	K01	U-0126	10uM	up
CPC005_VCAP_6H_P06_TCS-359_10uM up	0f9a1b79-4a76-455e-8b21-1bd5ceec80d8	250	5.905217584741984e-05	0.025489589888778037	11.334	5	CPC005	VCAP	6H	P06	TCS-359	10uM	up
CPC006_A375_6H_M15_SU-11652_10uM down	8701dbea-a082-411d-9b4a-8dc7aa486857	250	5.905217584741984e-05	0.025489589888778037	11.334	5	CPC006	A375	6H	M15	SU-11652	10uM	down
CPC006_HA1E_6H_E20_tolazamide_10uM down	8ffe8c2a-7384-49b0-b676-831290615172	250	5.905217584741984e-05	0.025489589888778037	11.334	5	CPC006	HA1E	6H	E20	tolazamide	10uM	down
CPC006_MDST8_6H_J13_DC-45-A2_12uM down	518735b9-0b9b-476d-8d04-b03a8600aa4f	250	5.905217584741984e-05	0.025489589888778037	11.334	5	CPC006	MDST8	6H	J13	DC-45-A2	12uM	down
CPC006_NCIH2073_6H_O07_BRD-A81936046_10uM down	eef24ca6-a533-4eb2-b23e-cc4dd1a421f4	250	5.905217584741984e-05	0.025489589888778037	11.334	5	CPC006	NCIH2073	6H	O07	BRD-A81936046	10uM	down
CPC006_NCIH508_6H_L06_BRD-K95606637_10uM down	c7f8e0cc-8449-42b2-8d5b-aecfc71399c9	250	5.905217584741984e-05	0.025489589888778037	11.334	5	CPC006	NCIH508	6H	L06	BRD-K95606637	10uM	down
CPC006_PC3_24H_A15_narciclasine_10uM up	f376ab08-11fa-4f38-8ae5-d6eb2d45add7	250	5.905217584741984e-05	0.025489589888778037	11.334	5	CPC006	PC3	24H	A15	narciclasine	10uM	up
CPC006_PC3_24H_I02_ABT-737_12uM down	9096c3bc-e7cb-4347-b656-f118bced0b3c	250	5.905217584741984e-05	0.025489589888778037	11.334	5	CPC006	PC3	24H	I02	ABT-737	12uM	down
CPC006_VCAP_24H_A14_valproic-acid_10uM down	1b8ccb14-54f8-4bb6-85cc-826797a92f09	250	5.905217584741984e-05	0.025489589888778037	11.334	5	CPC006	VCAP	24H	A14	valproic-acid	10uM	down
CPC006_VCAP_24H_M13_BRD-K28296557_10uM up	c475f29b-bf0e-469a-bdfe-c1e517d6cc01	250	5.905217584741984e-05	0.025489589888778037	11.334	5	CPC006	VCAP	24H	M13	BRD-K28296557	10uM	up
CPC006_VCAP_6H_G18_elesclomol_10uM down	7f509413-33fa-4b44-869d-ac169375cb52	250	5.905217584741984e-05	0.025489589888778037	11.334	5	CPC006	VCAP	6H	G18	elesclomol	10uM	down
CPC006_VCAP_6H_L02_TW-37_10uM up	f8b1fb4e-cc3c-4421-be07-46fd2353d5d2	250	5.905217584741984e-05	0.025489589888778037	11.334	5	CPC006	VCAP	6H	L02	TW-37	10uM	up
CPC008_HT29_6H_M06_BRD-A62496920_10uM down	b18815db-11b2-42d1-b862-301fee607232	250	5.905217584741984e-05	0.025489589888778037	11.334	5	CPC008	HT29	6H	M06	BRD-A62496920	10uM	down
CPC008_VCAP_6H_H15_BRD-K00637033_10uM up	5d7937d0-3bb5-4e92-bfe3-58ed9b7edbdd	250	5.905217584741984e-05	0.025489589888778037	11.334	5	CPC008	VCAP	6H	H15	BRD-K00637033	10uM	up
CPC012_SKB_24H_O19_BRD-K90090262_10uM down	51c1a677-b717-4109-a633-9313751d3325	250	5.905217584741984e-05	0.025489589888778037	11.334	5	CPC012	SKB	24H	O19	BRD-K90090262	10uM	down
CPC014_HT29_6H_L18_thiostrepton_10uM up	767a089d-f77e-4907-b433-43604378b5f1	250	5.905217584741984e-05	0.025489589888778037	11.334	5	CPC014	HT29	6H	L18	thiostrepton	10uM	up
LJP009_HCC515_24H_A17_XMD-892_0.12uM down	4cbb725c-0b3d-4b0c-af08-0edcb791bd08	250	5.905217584741984e-05	0.025489589888778037	11.334	5	LJP009	HCC515	24H	A17	XMD-892	0.12uM	down
CVD001_HUH7_6H_D13_BRD-A84238007_2.5uM down	0a7e4e39-5103-4cfb-b413-82830f7e43f7	250	5.905217584741984e-05	0.025489589888778037	11.334	5	CVD001	HUH7	6H	D13	BRD-A84238007	2.5uM	down
DOS029_VCAP_24H_B07_BRD-K62431786_4uM down	55c35f8c-8b40-4553-8447-daa20f58016b	250	5.905217584741984e-05	0.025489589888778037	11.334	5	DOS029	VCAP	24H	B07	BRD-K62431786	4uM	down
DOS057_MCF7_24H_B05_BRD-K62919978_4uM down	21c98781-4807-40d6-8785-5e601be1a284	250	5.905217584741984e-05	0.025489589888778037	11.334	5	DOS057	MCF7	24H	B05	BRD-K62919978	4uM	down
DOSVAL002_PC3_24H_N03_BRD-K40064462_4uM down	85fbbfe2-1ac3-4bfd-9bfd-c3630f746f70	250	5.905217584741984e-05	0.025489589888778037	11.334	5	DOSVAL002	PC3	24H	N03	BRD-K40064462	4uM	down
DOSVAL003_MCF7_24H_I12_BRD-K20597651_4uM down	67ecd216-754b-420b-8039-78eaf0c3a17f	250	5.905217584741984e-05	0.025489589888778037	11.334	5	DOSVAL003	MCF7	24H	I12	BRD-K20597651	4uM	down
DOSVAL006_HT29_24H_H15_BRD-K98168679_4uM down	d42889ae-b691-4608-bdba-b2934ae63ac3	250	5.905217584741984e-05	0.025489589888778037	11.334	5	DOSVAL006	HT29	24H	H15	BRD-K98168679	4uM	down
EMU001_OCILY19_24H_B24_palomid-529_0.01uM down	a1312e3c-4337-4a62-a41d-d374628c46c4	250	5.905217584741984e-05	0.025489589888778037	11.334	5	EMU001	OCILY19	24H	B24	palomid-529	0.01uM	down
EMU001_TMD8_3H_F04_sirolimus_0.125uM up	0901152a-8d3d-4932-99fd-a2f4fa8299b9	250	5.905217584741984e-05	0.025489589888778037	11.334	5	EMU001	TMD8	3H	F04	sirolimus	0.125uM	up
ERG020_VCAP_24H_A04_BRD-A98444709_10uM down	365dc3ff-72a2-40b1-96f2-edaedd6e045a	250	5.905217584741984e-05	0.025489589888778037	11.334	5	ERG020	VCAP	24H	A04	BRD-A98444709	10uM	down
ERG021_VCAP_24H_C03_BRD-K83694683_1.11uM down	1db56f50-9e9e-4f9f-9765-9a65aed9d45d	250	5.905217584741984e-05	0.025489589888778037	11.334	5	ERG021	VCAP	24H	C03	BRD-K83694683	1.11uM	down
FIBR005_MCLF033SZ_6H_H24_tozasertib_4uM up	96eabfc8-7b96-49c0-910f-07b1a01a5952	250	5.905217584741984e-05	0.025489589888778037	11.334	5	FIBR005	MCLF033SZ	6H	H24	tozasertib	4uM	up
FIBR006_MCLF033SZ_6H_M02_BRD-K55591206_4uM up	53cea93b-19c4-4d94-b5db-afcb99686472	250	5.905217584741984e-05	0.025489589888778037	11.334	5	FIBR006	MCLF033SZ	6H	M02	BRD-K55591206	4uM	up
FIBR040_MCLF056CN_6H_N15_narciclasine_0.37uM up	9f73e547-ac96-4e46-9ef3-7333888be6dc	250	5.905217584741984e-05	0.025489589888778037	11.334	5	FIBR040	MCLF056CN	6H	N15	narciclasine	0.37uM	up
HDAC002_PC3_6H_G14_entinostat_4uM up	4eb03a6b-15fc-4670-85be-27f1c8790c8b	250	5.905217584741984e-05	0.025489589888778037	11.334	5	HDAC002	PC3	6H	G14	entinostat	4uM	up
LKCP002_A549_48H_K05_AT-9283_1.11uM down	5e556928-97f4-47ea-9bd5-14dc98eb25ee	250	5.905217584741984e-05	0.025489589888778037	11.334	5	LKCP002	A549	48H	K05	AT-9283	1.11uM	down
LJP005_MCF7_24H_E18_NVP-AEW541_0.04uM up	73f56062-783e-45c2-bf51-3ff275ab425a	250	5.905217584741984e-05	0.025489589888778037	11.334	5	LJP005	MCF7	24H	E18	NVP-AEW541	0.04uM	up
LJP006_LNCAP_24H_K10_radicicol_0.37uM down	1be98e82-d6c2-41e0-ba77-0eb4e9063aa5	250	5.905217584741984e-05	0.025489589888778037	11.334	5	LJP006	LNCAP	24H	K10	radicicol	0.37uM	down
LJP006_MCF7_3H_P14_CHIR-99021_3.33uM down	5f1e9e17-e7fa-4f3a-937e-d19d7e11951b	250	5.905217584741984e-05	0.025489589888778037	11.334	5	LJP006	MCF7	3H	P14	CHIR-99021	3.33uM	down
LJP006_PC3_24H_F14_PF-562271_3.33uM up	41a3bdb8-9b67-4ef8-9290-727399b84bd8	250	5.905217584741984e-05	0.025489589888778037	11.334	5	LJP006	PC3	24H	F14	PF-562271	3.33uM	up
LJP008_MDAMB231_24H_H03_UNC-669_1.11uM down	3141c7c3-a14f-43c3-8cfa-76fe406b5db3	250	5.905217584741984e-05	0.025489589888778037	11.334	5	LJP008	MDAMB231	24H	H03	UNC-669	1.11uM	down
LJP009_NPC.CAS9_24H_K01_HMN-214_10uM up	5854a699-27e3-427f-b987-6590b00267a8	250	5.905217584741984e-05	0.025489589888778037	11.334	5	LJP009	NPC.CAS9	24H	K01	HMN-214	10uM	up
MOAR006_PC3_24H_L06_KPT-185_1.11uM up	5b8be2a0-762a-4971-afd2-e091083ac22f	250	5.905217584741984e-05	0.025489589888778037	11.334	5	MOAR006	PC3	24H	L06	KPT-185	1.11uM	up
MOAR008_CJM_24H_A23_daprodustat_3.33uM up	2cbbabb8-b620-4592-898b-d15db7e522d7	250	5.905217584741984e-05	0.025489589888778037	11.334	5	MOAR008	CJM	24H	A23	daprodustat	3.33uM	up
MOAR008_CJM_24H_I08_tipifarnib_1.25uM down	6d31bbee-2748-4593-b965-d8a1155c90c9	250	5.905217584741984e-05	0.025489589888778037	11.334	5	MOAR008	CJM	24H	I08	tipifarnib	1.25uM	down
MOAR010_BEN_24H_N12_canrenone_1.11uM down	833d8dea-f122-480b-a867-95fb833cda3f	250	5.905217584741984e-05	0.025489589888778037	11.334	5	MOAR010	BEN	24H	N12	canrenone	1.11uM	down
MOAR010_T47D_24H_A14_RITA_3.33uM up	5892fa88-4d96-43c3-8d4e-dada5b2127d2	250	5.905217584741984e-05	0.025489589888778037	11.334	5	MOAR010	T47D	24H	A14	RITA	3.33uM	up
MOAR012_SNU407_24H_O10_BMS-182874_10uM down	80e113cb-d192-4458-99ac-fec8f94d915b	250	5.905217584741984e-05	0.025489589888778037	11.334	5	MOAR012	SNU407	24H	O10	BMS-182874	10uM	down
PAC035_U2OS_6H_M12_SA-244587_10uM up	c4efbffa-ca5d-4566-840a-7d501bec8d9d	250	5.905217584741984e-05	0.025489589888778037	11.334	5	PAC035	U2OS	6H	M12	SA-244587	10uM	up
PAC069_U2OS_6H_E18_BRD-K72336314_20uM up	57b0c095-cc38-4b4a-ab71-343d5b826e6f	250	5.905217584741984e-05	0.025489589888778037	11.334	5	PAC069	U2OS	6H	E18	BRD-K72336314	20uM	up
PBIOA017_A375_24H_G24_BRD-K24090480_0.04uM down	ca14ddce-2f9d-4356-b4ce-f33ec43120b0	250	5.905217584741984e-05	0.025489589888778037	11.334	5	PBIOA017	A375	24H	G24	BRD-K24090480	0.04uM	down
PCLB001_HEPG2_6H_B05_BRD-K55896799_1.11uM down	7ed6d1e3-a470-4ca7-8723-dc8a0437f9b2	250	5.905217584741984e-05	0.025489589888778037	11.334	5	PCLB001	HEPG2	6H	B05	BRD-K55896799	1.11uM	down
MOAR008_MDAMB468_24H_C06_L-701252_1.11uM down	8b36a84b-7900-40f7-8520-eb5f86ff5f4a	250	5.905217584741984e-05	0.025489589888778037	11.334	5	MOAR008	MDAMB468	24H	C06	L-701252	1.11uM	down
REP.A015_A375_24H_L09_voglibose_1.11uM down	9a8be780-2ec4-49dd-adb9-c36ba54749e6	250	5.905217584741984e-05	0.025489589888778037	11.334	5	REP.A015	A375	24H	L09	voglibose	1.11uM	down
REP.A016_HELA_24H_A13_lurasidone_10uM up	b1564520-67e2-47bd-b9ee-86838027192a	250	5.905217584741984e-05	0.025489589888778037	11.334	5	REP.A016	HELA	24H	A13	lurasidone	10uM	up
REP.A019_THP1_24H_B14_fomocaine_3.33uM down	78b920fa-ac10-47ff-a9c7-ab0ff591e920	250	5.905217584741984e-05	0.025489589888778037	11.334	5	REP.A019	THP1	24H	B14	fomocaine	3.33uM	down
REP.A021_A549_24H_E08_tramiprosate_3.33uM down	b7024521-ada1-4656-a832-9f43e74b7a51	250	5.905217584741984e-05	0.025489589888778037	11.334	5	REP.A021	A549	24H	E08	tramiprosate	3.33uM	down
REP.A023_MDAMB231_24H_D09_amsacrine_1.11uM down	eecff811-6206-4ea2-bca0-d9c409bd597e	250	5.905217584741984e-05	0.025489589888778037	11.334	5	REP.A023	MDAMB231	24H	D09	amsacrine	1.11uM	down
REP.A027_HA1E_24H_M19_PF-562271_10uM up	dca50a1f-95cf-49c5-9858-89912f90075c	250	5.905217584741984e-05	0.025489589888778037	11.334	5	REP.A027	HA1E	24H	M19	PF-562271	10uM	up
REP.B003_PC3_24H_K08_MG-132_20uM down	814fd6d2-c220-4683-b86d-5e1f1922d05b	250	5.905217584741984e-05	0.025489589888778037	11.334	5	REP.B003	PC3	24H	K08	MG-132	20uM	down
REP.B005_HT29_24H_H23_levofloxacin_0.03uM down	b2c51034-ff79-44f6-ac76-b1dfa77919f5	250	5.905217584741984e-05	0.025489589888778037	11.334	5	REP.B005	HT29	24H	H23	levofloxacin	0.03uM	down
REP.B007_HT29_24H_G11_toremifene_0.03uM up	7dbfef1f-f7fc-4ce6-9995-488f1dfea7d9	250	5.905217584741984e-05	0.025489589888778037	11.334	5	REP.B007	HT29	24H	G11	toremifene	0.03uM	up
REP.B011_HA1E_24H_N02_cinnarizine_0.74uM up	78768a0c-8697-4a0c-b985-41a4f7e162c2	250	5.905217584741984e-05	0.025489589888778037	11.334	5	REP.B011	HA1E	24H	N02	cinnarizine	0.74uM	up
REP.B025_HEK293_24H_J24_tioguanine_0.01uM up	b9fe90fb-3959-4377-b00c-21684b2b8844	250	5.905217584741984e-05	0.025489589888778037	11.334	5	REP.B025	HEK293	24H	J24	tioguanine	0.01uM	up
HAHN001_ES2_96H_F05_ORC4 down	819526d4-ca16-46da-9c7c-ea1b4577f772	250	5.905217584741984e-05	0.025489589888778037	11.334	5	HAHN001	ES2	96H	F05	ORC4	N/A	down
XPR019_PC3.311B_96H_D16_LRP1 up	4f214986-0b98-4bf2-871c-1423cf6924a8	250	5.905217584741984e-05	0.025489589888778037	11.334	5	XPR019	PC3.311B	96H	D16	LRP1	N/A	up
XPR033_ES2.311_96H_C21_GJA5 up	e252de8a-0764-456a-a13a-54d51f074e9d	250	5.905217584741984e-05	0.025489589888778037	11.334	5	XPR033	ES2.311	96H	C21	GJA5	N/A	up
XPRJJ001_A375_96H_P24_CHD1 down	e1e470aa-6924-4e03-b217-06b8eb7c725e	250	5.905217584741984e-05	0.025489589888778037	11.334	5	XPRJJ001	A375	96H	P24	CHD1	N/A	down
ASG002_MDAMB468_24H_D05_birinapant_1.11uM up	c5f480d1-9041-4599-bb86-b822a1ed6087	250	5.905217584741984e-05	0.025489589888778037	11.334	5	ASG002	MDAMB468	24H	D05	birinapant	1.11uM	up
ASG002_PC3_24H_K17_fludarabine_1.11uM down	67b53ccd-d25c-425e-947d-1a0d10967afb	250	5.905217584741984e-05	0.025489589888778037	11.334	5	ASG002	PC3	24H	K17	fludarabine	1.11uM	down
ASG003_XC.P901_24H_K05_imatinib_1.11uM up	2766c103-2418-458b-bbf3-c8d6082dfd0e	250	5.905217584741984e-05	0.025489589888778037	11.334	5	ASG003	XC.P901	24H	K05	imatinib	1.11uM	up
MOAR019_A375_24H_E03_ZG-10_3.33uM up	0209a631-a5af-44f2-ac01-53953bf30b08	250	5.905217584741984e-05	0.025489589888778037	11.334	5	MOAR019	A375	24H	E03	ZG-10	3.33uM	up
CEGS001_NPC.8330_24H_I05_BRD-K89997465_1.67uM up	30566ce2-11a5-4e16-bfee-04ebe58a3f58	250	5.905217584741984e-05	0.025489589888778037	11.334	5	CEGS001	NPC.8330	24H	I05	BRD-K89997465	1.67uM	up
CEGS001_NPC.8330_24H_I15_sirolimus_2.5uM up	6efe4255-2c02-46bf-8756-65beab28ba62	250	5.905217584741984e-05	0.025489589888778037	11.334	5	CEGS001	NPC.8330	24H	I15	sirolimus	2.5uM	up
CEGS001_NPC.8330_24H_K21_verapamil_6.66uM up	31994f33-fbc0-4207-a3bc-1a497a64e053	250	5.905217584741984e-05	0.025489589888778037	11.334	5	CEGS001	NPC.8330	24H	K21	verapamil	6.66uM	up
CPC005_HT29_24H_A03_geldanamycin_10uM down	b06e8add-d379-4c08-9da1-939b4b04e673	250	5.905217584741984e-05	0.025489589888778037	11.334	5	CPC005	HT29	24H	A03	geldanamycin	10uM	down
PAC018_U2OS_6H_O11_geldanamycin_20uM up	f315ec7a-909d-4a05-9b62-90cab6bffd09	250	5.905217584741984e-05	0.025489589888778037	11.334	5	PAC018	U2OS	6H	O11	geldanamycin	20uM	up
CPC006_HA1E_6H_O22_BRD-K80672993_90uM up	29bc6deb-ab99-45cf-a640-db2850f60dc9	250	5.905217584741984e-05	0.025489589888778037	11.334	5	CPC006	HA1E	6H	O22	BRD-K80672993	90uM	up
CPC006_VCAP_6H_M14_tivozanib_10uM up	7891df42-3b8f-4647-848b-5d2a316eb689	250	5.905217584741984e-05	0.025489589888778037	11.334	5	CPC006	VCAP	6H	M14	tivozanib	10uM	up
CPC008_MCF7_24H_L11_VU-0418946-1_10uM up	91142c8f-17bf-481b-9e78-4c49f677e071	250	5.905217584741984e-05	0.025489589888778037	11.334	5	CPC008	MCF7	24H	L11	VU-0418946-1	10uM	up
CPC008_VCAP_24H_L23_VU-0418939-2_10uM up	6f379591-83a9-4991-bfbd-4e0f720432da	250	5.905217584741984e-05	0.025489589888778037	11.334	5	CPC008	VCAP	24H	L23	VU-0418939-2	10uM	up
CPC008_VCAP_24H_N21_VU-0418934-2_10uM up	602c7257-b813-446f-803c-fd2448fa9b07	250	5.905217584741984e-05	0.025489589888778037	11.334	5	CPC008	VCAP	24H	N21	VU-0418934-2	10uM	up
CPC009_A549_6H_D08_BRD-K55034844_10uM down	15d7aace-32b5-40bb-bc69-4bc32c2954a0	250	5.905217584741984e-05	0.025489589888778037	11.334	5	CPC009	A549	6H	D08	BRD-K55034844	10uM	down
CRCGN011_HEPG2_24H_K19_p-chloroaniline_40uM up	5a52f94d-43ee-4e43-a078-1579ead94cea	250	5.905217584741984e-05	0.025489589888778037	11.334	5	CRCGN011	HEPG2	24H	K19	p-chloroaniline	40uM	up
CRCGN014_HEPG2_3H_N17_BRD-K95017486_40uM up	99b0f299-2c87-4272-9c4f-bca6c56afc1a	250	5.905217584741984e-05	0.025489589888778037	11.334	5	CRCGN014	HEPG2	3H	N17	BRD-K95017486	40uM	up
PBIOA006_XC.R10_24H_N17_VU-0418947-2_3.33uM up	4233003a-a2bc-4219-9fa7-f47cdeb25c00	250	5.905217584741984e-05	0.025489589888778037	11.334	5	PBIOA006	XC.R10	24H	N17	VU-0418947-2	3.33uM	up
DOS020_VCAP_6H_H23_BRD-K11068374_4uM down	f8598ba9-a78c-4f9f-8c59-b71493b0abb0	250	5.905217584741984e-05	0.025489589888778037	11.334	5	DOS020	VCAP	6H	H23	BRD-K11068374	4uM	down
DOS041_A375_24H_I13_BRD-K00382464_4uM up	7de352c7-8a8f-4af9-af3d-71df4955edfb	250	5.905217584741984e-05	0.025489589888778037	11.334	5	DOS041	A375	24H	I13	BRD-K00382464	4uM	up
DOSBIO001_HT29_24H_I11_BRD-K17890048_10uM up	2bea2196-df6f-4310-9324-a85cf3360f2a	250	5.905217584741984e-05	0.025489589888778037	11.334	5	DOSBIO001	HT29	24H	I11	BRD-K17890048	10uM	up
DOSBIO001_MCF7_24H_O14_BRD-K23319301_10uM up	b8d7d67d-995f-4658-ac28-66ba06a72e1f	250	5.905217584741984e-05	0.025489589888778037	11.334	5	DOSBIO001	MCF7	24H	O14	BRD-K23319301	10uM	up
PCLB001_HT29_24H_C23_KUC111109N_10uM up	36d19fbd-6607-40fc-b73b-8776f08dfad9	250	5.905217584741984e-05	0.025489589888778037	11.334	5	PCLB001	HT29	24H	C23	KUC111109N	10uM	up
ERG014_VCAP_6H_K18_BRD-K44079161_10uM down	7a6e3d77-e69b-420d-a719-a4eb46674497	250	5.905217584741984e-05	0.025489589888778037	11.334	5	ERG014	VCAP	6H	K18	BRD-K44079161	10uM	down
FIBR029_MCLF040SZ_6H_K14_BRD-A24054354_4uM up	9f3091d4-720c-4cdb-b20e-8959d1c9c2f8	250	5.905217584741984e-05	0.025489589888778037	11.334	5	FIBR029	MCLF040SZ	6H	K14	BRD-A24054354	4uM	up
FIBR038_MCLF035SZ_6H_N01_BRD-A36275421_0.37uM up	34715654-9a35-41be-b98c-5900290da420	250	5.905217584741984e-05	0.025489589888778037	11.334	5	FIBR038	MCLF035SZ	6H	N01	BRD-A36275421	0.37uM	up
LJP005_A375_24H_M08_XMD-16144_3.33uM down	09f23bbf-f467-460d-acf4-caa9bad3130e	250	5.905217584741984e-05	0.025489589888778037	11.334	5	LJP005	A375	24H	M08	XMD-16144	3.33uM	down
LJP006_MCF7_3H_O13_torin-1_10uM up	ede2f132-7d28-40a4-9c20-b90635a92cd9	250	5.905217584741984e-05	0.025489589888778037	11.334	5	LJP006	MCF7	3H	O13	torin-1	10uM	up
LJP006_PC3_24H_H08_canertinib_3.33uM down	48e9a176-d771-4a05-98e1-54ed4b933d75	250	5.905217584741984e-05	0.025489589888778037	11.334	5	LJP006	PC3	24H	H08	canertinib	3.33uM	down
LJP009_NPC.CAS9_24H_B24_BI-2536_0.04uM up	803d5d05-04fc-4356-a449-b2c66dab5368	250	5.905217584741984e-05	0.025489589888778037	11.334	5	LJP009	NPC.CAS9	24H	B24	BI-2536	0.04uM	up
LJP009_NPC.CAS9_24H_N15_JNK-IN-5A_1.11uM up	8e086d4a-5216-4428-9212-4291bf8db146	250	5.905217584741984e-05	0.025489589888778037	11.334	5	LJP009	NPC.CAS9	24H	N15	JNK-IN-5A	1.11uM	up
LRS001_PHH.MGH_24H_M01_amsacrine_10uM down	b132195e-58e6-4e17-a07e-df4b41444b0b	250	5.905217584741984e-05	0.025489589888778037	11.334	5	LRS001	PHH.MGH	24H	M01	amsacrine	10uM	down
MOA001_U2OS_24H_C21_BRD-M25360017_10uM down	427dd451-086f-44f1-89ed-c27ce6b9e47e	250	5.905217584741984e-05	0.025489589888778037	11.334	5	MOA001	U2OS	24H	C21	BRD-M25360017	10uM	down
MOAR004_PC3_24H_O18_doramapimod_1.11uM down	823f094f-36f4-4632-95fd-a3d6ea16618e	250	5.905217584741984e-05	0.025489589888778037	11.334	5	MOAR004	PC3	24H	O18	doramapimod	1.11uM	down
MOAR005_PC3_24H_C08_NH-125_3.33uM up	f4d7eff6-ca5a-461e-b843-8b666d578dd5	250	5.905217584741984e-05	0.025489589888778037	11.334	5	MOAR005	PC3	24H	C08	NH-125	3.33uM	up
REP.A009_HT29_24H_G24_TAK-733_0.04uM down	c20e2062-3e79-42b9-b1af-ce9698d7f783	250	5.905217584741984e-05	0.025489589888778037	11.334	5	REP.A009	HT29	24H	G24	TAK-733	0.04uM	down
MOAR011_IGR37_24H_M05_alogliptin_3.33uM down	821bb127-d9a3-45c2-81bc-120b15df4554	250	5.905217584741984e-05	0.025489589888778037	11.334	5	MOAR011	IGR37	24H	M05	alogliptin	3.33uM	down
PAC005_U2OS_6H_J23_SYM-2206_10uM down	2f70c405-8e5f-4627-a12f-f42b79e33467	250	5.905217584741984e-05	0.025489589888778037	11.334	5	PAC005	U2OS	6H	J23	SYM-2206	10uM	down
PAC016_U2OS_6H_I17_BRD-K49662642_10uM down	6b1294c6-611e-49fb-9b88-28be0c15fef4	250	5.905217584741984e-05	0.025489589888778037	11.334	5	PAC016	U2OS	6H	I17	BRD-K49662642	10uM	down
PAC026_U2OS_6H_B10_BRD-K81471597_10uM down	e8c11e59-b1e1-47bf-b77b-0145d70198a1	250	5.905217584741984e-05	0.025489589888778037	11.334	5	PAC026	U2OS	6H	B10	BRD-K81471597	10uM	down
PAC068_U2OS_6H_D18_BRD-K16542972_10uM up	df81a222-903c-4765-96bf-3b9cc1e3d43d	250	5.905217584741984e-05	0.025489589888778037	11.334	5	PAC068	U2OS	6H	D18	BRD-K16542972	10uM	up
PBIOA016_A549_24H_K17_BRD-K53995654_0.125uM down	4f0809b1-5665-44a8-a2b4-95eaf0701313	250	5.905217584741984e-05	0.025489589888778037	11.334	5	PBIOA016	A549	24H	K17	BRD-K53995654	0.125uM	down
PBIOA016_HA1E_24H_D20_BRD-K88970431_3.33uM down	85b99129-62be-4a2b-89c1-3c03a9000bc9	250	5.905217584741984e-05	0.025489589888778037	11.334	5	PBIOA016	HA1E	24H	D20	BRD-K88970431	3.33uM	down
PBIOA017_MCF7_24H_L18_alizarin_0.04uM up	07eafd7f-e2a8-4c6d-ae02-a3663538dc0b	250	5.905217584741984e-05	0.025489589888778037	11.334	5	PBIOA017	MCF7	24H	L18	alizarin	0.04uM	up
PCLB003_HCC515_24H_H14_staurosporine_3.33uM down	b97e8654-7a6e-4125-abc5-dd391d617855	250	5.905217584741984e-05	0.025489589888778037	11.334	5	PCLB003	HCC515	24H	H14	staurosporine	3.33uM	down
POL001_PC3_24H_M14_oligomycin-a_3.33uM up	ca471ee0-2a96-4267-b39a-76ed8a24bf82	250	5.905217584741984e-05	0.025489589888778037	11.334	5	POL001	PC3	24H	M14	oligomycin-a	3.33uM	up
RAD001_PC3_24H_O06_glutamine_0.37uM down	3574d8b6-490f-4063-92f8-ea6d8054a5a7	250	5.905217584741984e-05	0.025489589888778037	11.334	5	RAD001	PC3	24H	O06	glutamine	0.37uM	down
REP.A001_HA1E_24H_C23_bortezomib_20uM down	13b9912c-590d-45a6-841b-8cb2e7265410	250	5.905217584741984e-05	0.025489589888778037	11.334	5	REP.A001	HA1E	24H	C23	bortezomib	20uM	down
REP.A011_A375_24H_P03_dexloxiglumide_1.11uM down	0ae9cf45-7226-4682-83bf-83cdcc0eb3d9	250	5.905217584741984e-05	0.025489589888778037	11.334	5	REP.A011	A375	24H	P03	dexloxiglumide	1.11uM	down
REP.A014_MDAMB231_24H_P13_lonafarnib_10uM up	4ffb986a-91aa-451b-8233-9abcdb332641	250	5.905217584741984e-05	0.025489589888778037	11.334	5	REP.A014	MDAMB231	24H	P13	lonafarnib	10uM	up
REP.A014_PC3_24H_G09_maribavir_1.11uM up	2cfbc437-3e3a-4925-984c-48134356712e	250	5.905217584741984e-05	0.025489589888778037	11.334	5	REP.A014	PC3	24H	G09	maribavir	1.11uM	up
REP.A014_THP1_24H_I10_testosterone_0.37uM down	a4e6b66a-9216-4a73-9368-3974e5116d0e	250	5.905217584741984e-05	0.025489589888778037	11.334	5	REP.A014	THP1	24H	I10	testosterone	0.37uM	down
REP.A018_HA1E_24H_N09_MLN-9708_1.11uM down	96d4fdd4-9910-4ab0-a67f-ff77eedd00a5	250	5.905217584741984e-05	0.025489589888778037	11.334	5	REP.A018	HA1E	24H	N09	MLN-9708	1.11uM	down
REP.B009_JURKAT_24H_I02_apafant_0.74uM up	296559c9-8262-4e61-8c20-6184ef7ba4d5	250	5.905217584741984e-05	0.025489589888778037	11.334	5	REP.B009	JURKAT	24H	I02	apafant	0.74uM	up
REP.B011_A549_24H_L17_fusidic-acid_0.03uM down	417b83d9-e362-4778-9ef6-9504ee15a686	250	5.905217584741984e-05	0.025489589888778037	11.334	5	REP.B011	A549	24H	L17	fusidic-acid	0.03uM	down
REP.B013_MCF10A_24H_N21_defactinib_0.25uM up	b671377b-dfbc-46f8-81b9-680f12dbe396	250	5.905217584741984e-05	0.025489589888778037	11.334	5	REP.B013	MCF10A	24H	N21	defactinib	0.25uM	up
REP.B015_HT29_24H_L06_MLN-0128_0.01uM up	68d04e2c-9921-4a2f-8840-22d10fc6754c	250	5.905217584741984e-05	0.025489589888778037	11.334	5	REP.B015	HT29	24H	L06	MLN-0128	0.01uM	up
MOAR008_HEC108_24H_E17_LY-456236_3.33uM down	4475e72c-443d-47c3-a45b-3bf08c115b8e	250	5.905217584741984e-05	0.025489589888778037	11.334	5	MOAR008	HEC108	24H	E17	LY-456236	3.33uM	down
REP.A014_HELA_24H_K13_PF-03758309_10uM down	e1883f28-c587-4789-a47e-7b0907bc306a	250	5.905217584741984e-05	0.025489589888778037	11.334	5	REP.A014	HELA	24H	K13	PF-03758309	10uM	down
REP.B023_PC3_24H_J09_doxofylline_0.25uM down	107990da-2ca8-4fe5-a1a2-53b46577858e	250	5.905217584741984e-05	0.025489589888778037	11.334	5	REP.B023	PC3	24H	J09	doxofylline	0.25uM	down
REP.A020_HUVEC.A_24H_N05_BRD-K47869605_0.125uM down	cb4a63f9-6aa2-4c31-822b-3066740e9f13	250	5.905217584741984e-05	0.025489589888778037	11.334	5	REP.A020	HUVEC.A	24H	N05	BRD-K47869605	0.125uM	down
TSAI002_IPS-15-2_XH_K15_compe_2.22uM down	fc26ed6b-1f6d-44e0-b717-dab2e83c69d5	250	5.905217584741984e-05	0.025489589888778037	11.334	5	TSAI002	IPS-15-2	XH	K15	compe	2.22uM	down
XPR008_HT29.311_96H_M24_MCL1 up	7f795e03-d6f0-481e-b82e-abd1e392f630	250	5.905217584741984e-05	0.025489589888778037	11.334	5	XPR008	HT29.311	96H	M24	MCL1	N/A	up
XPR011_U251MG.311_96H_F20_AP3B1 down	50d69dd8-277d-4ed7-a802-63cd5fefa63b	250	5.905217584741984e-05	0.025489589888778037	11.334	5	XPR011	U251MG.311	96H	F20	AP3B1	N/A	down
XPR012_MCF7.311_96H_A19_ARID4A up	a8e9ea44-3ee8-425b-a98f-b9ac2a252ff0	250	5.905217584741984e-05	0.025489589888778037	11.334	5	XPR012	MCF7.311	96H	A19	ARID4A	N/A	up
XPR016_BICR6.311_96H_B05_EMP1 down	55e69db6-5d2d-4c27-b313-4670fe36e312	250	5.905217584741984e-05	0.025489589888778037	11.334	5	XPR016	BICR6.311	96H	B05	EMP1	N/A	down
XPR020_A375.311_96H_H10_MUC1 down	d49b8584-a8d6-4e6e-99eb-a8fd6661c23f	250	5.905217584741984e-05	0.025489589888778037	11.334	5	XPR020	A375.311	96H	H10	MUC1	N/A	down
XPR025_U251MG.311_96H_F24_TLR3 up	351806a2-12e2-4794-bfe8-5a6d14700ffb	250	5.905217584741984e-05	0.025489589888778037	11.334	5	XPR025	U251MG.311	96H	F24	TLR3	N/A	up
XPR031_BICR6.311_96H_P10_PARP2 down	7952c07b-d1bf-4d74-80df-a4d2dc3022ff	250	5.905217584741984e-05	0.025489589888778037	11.334	5	XPR031	BICR6.311	96H	P10	PARP2	N/A	down
XPR033_AGS.311_96H_P08_GLUD1 down	b649f290-5f74-425a-bece-7d2aab0c56d7	250	5.905217584741984e-05	0.025489589888778037	11.334	5	XPR033	AGS.311	96H	P08	GLUD1	N/A	down
XPR037_AGS.311_96H_A10_FOXP1 down	85df7f76-887f-4d34-b22e-10276887734c	250	5.905217584741984e-05	0.025489589888778037	11.334	5	XPR037	AGS.311	96H	A10	FOXP1	N/A	down
ABY001_PC3_XH_P03_tanespimycin_0.66uM down	e9c11d20-d096-49b0-b641-531152358304	250	5.905217584741984e-05	0.025489589888778037	11.334	5	ABY001	PC3	XH	P03	tanespimycin	0.66uM	down
ASG002_OAW28_24H_A13_TW-37_10uM up	ecf348bc-0f26-423f-96fa-547963a77a63	250	5.905217584741984e-05	0.025489589888778037	11.334	5	ASG002	OAW28	24H	A13	TW-37	10uM	up
REP.B009_A375_24H_K06_temozolomide_0.01uM up	049a3afc-873b-4412-a44f-d913d5603d0d	250	5.905217584741984e-05	0.025489589888778037	11.334	5	REP.B009	A375	24H	K06	temozolomide	0.01uM	up
ASG002_T47D_24H_A22_calcipotriol_10uM down	baf1a744-4b0c-49a1-a012-2bfb100a4eb7	250	5.905217584741984e-05	0.025489589888778037	11.334	5	ASG002	T47D	24H	A22	calcipotriol	10uM	down
REP.B015_A549_24H_P06_gliclazide_0.01uM down	0c8ff1de-f992-433e-95fe-625b9ff55229	250	5.905217584741984e-05	0.025489589888778037	11.334	5	REP.B015	A549	24H	P06	gliclazide	0.01uM	down
CPC005_PC3_24H_K13_mephenytoin_10uM down	43519f8f-c507-44fc-be7e-efbd366b343c	250	5.905217584741984e-05	0.025489589888778037	11.334	5	CPC005	PC3	24H	K13	mephenytoin	10uM	down
CPC006_HT29_6H_L09_kinetin-riboside_10uM up	6eff90af-d272-4bc9-838f-5a8eb71c9a1c	250	5.905217584741984e-05	0.025489589888778037	11.334	5	CPC006	HT29	6H	L09	kinetin-riboside	10uM	up
CPC006_PC3_24H_B12_rosiglitazone_80uM up	e0d86e36-15d5-44c7-bd64-bec6dc493e55	250	5.905217584741984e-05	0.025489589888778037	11.334	5	CPC006	PC3	24H	B12	rosiglitazone	80uM	up
CPC006_PC3_24H_G02_methylene-blue_10uM up	d7f04f76-0c1c-44ea-95d6-c4be216bbb66	250	5.905217584741984e-05	0.025489589888778037	11.334	5	CPC006	PC3	24H	G02	methylene-blue	10uM	up
CPC006_PC3_24H_N06_orteronel_40uM down	0adee0fa-56b5-409c-8bbe-e8803b1495c5	250	5.905217584741984e-05	0.025489589888778037	11.334	5	CPC006	PC3	24H	N06	orteronel	40uM	down
CPC006_PC3_6H_O16_quiflapon_80uM up	4be33b7d-f73d-408c-96c6-147f92ad7622	250	5.905217584741984e-05	0.025489589888778037	11.334	5	CPC006	PC3	6H	O16	quiflapon	80uM	up
REP.B025_HT29_24H_C06_bepotastine_0.01uM down	ff2673fa-7eb5-42cc-bd3d-2b3709f66634	250	5.905217584741984e-05	0.025489589888778037	11.334	5	REP.B025	HT29	24H	C06	bepotastine	0.01uM	down
CPC014_HA1E_6H_C17_PLX-4720_10uM up	bb1a0f1f-dfd1-4f50-b896-b2923701a660	250	5.905217584741984e-05	0.025489589888778037	11.334	5	CPC014	HA1E	6H	C17	PLX-4720	10uM	up
CPC019_HEPG2_6H_H22_BRD-K10649245_10uM down	d073b33d-3a87-4de7-97c9-ef67977912a0	250	5.905217584741984e-05	0.025489589888778037	11.334	5	CPC019	HEPG2	6H	H22	BRD-K10649245	10uM	down
CPC020_PC3_6H_I22_niflumic-acid_10uM down	91fb13fa-cd09-4cf8-806e-25a830293bc8	250	5.905217584741984e-05	0.025489589888778037	11.334	5	CPC020	PC3	6H	I22	niflumic-acid	10uM	down
XPR012_MCF7.311_96H_A20_BCAM up	cc21668e-413f-4cfd-8ce8-3c01519ea6aa	250	5.905217584741984e-05	0.025489589888778037	11.334	5	XPR012	MCF7.311	96H	A20	BCAM	N/A	up
DOS014_VCAP_6H_G10_BRD-K75111717_4uM down	1e3f4287-28bd-4632-b392-06aba4ed5161	250	5.905217584741984e-05	0.025489589888778037	11.334	5	DOS014	VCAP	6H	G10	BRD-K75111717	4uM	down
DOS016_VCAP_24H_J09_BRD-K66328731_4uM down	2e85089c-02cf-4855-a31f-02e04fd6d776	250	5.905217584741984e-05	0.025489589888778037	11.334	5	DOS016	VCAP	24H	J09	BRD-K66328731	4uM	down
ERG015_PC3_24H_I22_BRD-K71448503_10uM up	fecca42c-4e8a-473f-be29-d9663c32637d	250	5.905217584741984e-05	0.025489589888778037	11.334	5	ERG015	PC3	24H	I22	BRD-K71448503	10uM	up
FIBR012_MCLF015CN_6H_F23_BRD-K84924563_4uM up	11615fbd-824e-498f-b6b0-3f9f3c8982f6	250	5.905217584741984e-05	0.025489589888778037	11.334	5	FIBR012	MCLF015CN	6H	F23	BRD-K84924563	4uM	up
FIBR016_MCLF022CN_6H_K14_BRD-A24054354_4uM up	ca536cac-4f25-4787-84ac-fb90f1379d78	250	5.905217584741984e-05	0.025489589888778037	11.334	5	FIBR016	MCLF022CN	6H	K14	BRD-A24054354	4uM	up
HOG001_MCF7_6H_I06_BRD-A28105619_0.37uM up	e5de3ce0-a74a-4a9c-84fc-41a36d6a2034	250	5.905217584741984e-05	0.025489589888778037	11.334	5	HOG001	MCF7	6H	I06	BRD-A28105619	0.37uM	up
MOAR008_HEC265_24H_M22_tiagabine_10uM down	2cebc259-d3b7-42db-b4d8-2ecfc88c01e4	250	5.905217584741984e-05	0.025489589888778037	11.334	5	MOAR008	HEC265	24H	M22	tiagabine	10uM	down
LUNG001_1HAE_24H_J01_wortmannin_3.33uM down	a7c9d99e-8022-4163-9351-e6d7abf266ba	250	5.905217584741984e-05	0.025489589888778037	11.334	5	LUNG001	1HAE	24H	J01	wortmannin	3.33uM	down
MOAR008_JHH5_24H_J17_BRD-K44408410_3.33uM up	9bd6143d-75a0-45af-8eaf-393024c125fa	250	5.905217584741984e-05	0.025489589888778037	11.334	5	MOAR008	JHH5	24H	J17	BRD-K44408410	3.33uM	up
MOAR010_HEC1A_24H_M19_KB-R7943_10uM down	384ff874-0146-468f-9d37-7bc55741b77c	250	5.905217584741984e-05	0.025489589888778037	11.334	5	MOAR010	HEC1A	24H	M19	KB-R7943	10uM	down
MUC.CP002_MCF7_6H_C20_ketotifen_3.33uM down	e342e8b8-5b8a-4279-a7e1-91d756b01c8f	250	5.905217584741984e-05	0.025489589888778037	11.334	5	MUC.CP002	MCF7	6H	C20	ketotifen	3.33uM	down
NMH002_NPC_24H_N13_BRD-K31342827_10uM up	cbec3df6-0224-4b29-9525-8af31e1b9a76	250	5.905217584741984e-05	0.025489589888778037	11.334	5	NMH002	NPC	24H	N13	BRD-K31342827	10uM	up
PAC002_U2OS_6H_M03_WAY-629_10uM down	840f1188-0956-46e9-bc39-c6be7e2c5d3d	250	5.905217584741984e-05	0.025489589888778037	11.334	5	PAC002	U2OS	6H	M03	WAY-629	10uM	down
PBIOA010_XC.R10_24H_E22_BRD-K01409032_10uM down	ec648786-4313-420c-af40-3d09868debbf	250	5.905217584741984e-05	0.025489589888778037	11.334	5	PBIOA010	XC.R10	24H	E22	BRD-K01409032	10uM	down
PCL001_MCF7_24H_E22_BRD-K38292946_0.37uM down	e010f87d-f330-4c6a-9b68-597899488082	250	5.905217584741984e-05	0.025489589888778037	11.334	5	PCL001	MCF7	24H	E22	BRD-K38292946	0.37uM	down
REP.A001_HA1E_24H_G07_ASA-404_10uM down	00508a1e-5853-4163-8bac-e6204d306381	250	5.905217584741984e-05	0.025489589888778037	11.334	5	REP.A001	HA1E	24H	G07	ASA-404	10uM	down
REP.A003_HELA_24H_A12_dimethyl-fumarate_0.04uM up	d8f4f1ea-5b01-44b5-8050-35a92b781af7	250	5.905217584741984e-05	0.025489589888778037	11.334	5	REP.A003	HELA	24H	A12	dimethyl-fumarate	0.04uM	up
REP.A006_HA1E_24H_B09_estradiol_1.11uM down	06f71d7f-e4b9-4d26-9887-09b9dc86d944	250	5.905217584741984e-05	0.025489589888778037	11.334	5	REP.A006	HA1E	24H	B09	estradiol	1.11uM	down
XPR032_A549.311_96H_F24_GRIN2D up	7a08d7d3-a9c4-4366-af6e-f2770f00bed6	250	5.905217584741984e-05	0.025489589888778037	11.334	5	XPR032	A549.311	96H	F24	GRIN2D	N/A	up
REP.A011_YAPC_24H_G20_fluconazole_3.33uM up	9f4decb9-4ffd-4c46-a7b0-89cc83b0373d	250	5.905217584741984e-05	0.025489589888778037	11.334	5	REP.A011	YAPC	24H	G20	fluconazole	3.33uM	up
REP.A024_HA1E_24H_L15_LY-2090314_1.11uM down	ea4f9b23-5061-4307-8d01-8f7569d36962	250	5.905217584741984e-05	0.025489589888778037	11.334	5	REP.A024	HA1E	24H	L15	LY-2090314	1.11uM	down
REP.B001_YAPC_24H_B13_aminoglutethimide_2.22uM up	a0d8989d-f384-43a7-a707-8881656b8e31	250	5.905217584741984e-05	0.025489589888778037	11.334	5	REP.B001	YAPC	24H	B13	aminoglutethimide	2.22uM	up
REP.B009_A549_24H_K18_methiopril_0.01uM down	1ca0ee2c-12b2-4eb2-8a9c-72d31112a487	250	5.905217584741984e-05	0.025489589888778037	11.334	5	REP.B009	A549	24H	K18	methiopril	0.01uM	down
REP.B019_JURKAT_24H_M19_PD-0325901_2.22uM down	c01bff9b-5ec1-41a7-9136-827c527c0764	250	5.905217584741984e-05	0.025489589888778037	11.334	5	REP.B019	JURKAT	24H	M19	PD-0325901	2.22uM	down
REP.B024_HA1E_24H_N16_ixazomib_0.08uM down	49a8f9f1-41b9-4a0c-b435-ff162b4a060c	250	5.905217584741984e-05	0.025489589888778037	11.334	5	REP.B024	HA1E	24H	N16	ixazomib	0.08uM	down
XPR033_HT29.311_96H_E17_AIFM1 down	cd2b0d1c-b2da-49c4-b7bb-a375dbc412ba	250	5.905217584741984e-05	0.025489589888778037	11.334	5	XPR033	HT29.311	96H	E17	AIFM1	N/A	down
XPR016_HT29.311_96H_B19_EVI2A down	851ccfe6-1a51-4db5-8e07-eeafc45797c9	250	5.905217584741984e-05	0.025489589888778037	11.334	5	XPR016	HT29.311	96H	B19	EVI2A	N/A	down
XPR038_HS944T.311_96H_F15_CDC25A up	b938c36e-d7aa-42fa-bac9-efcfba226c92	250	5.905217584741984e-05	0.025489589888778037	11.334	5	XPR038	HS944T.311	96H	F15	CDC25A	N/A	up
XPR024_U251MG.311_96H_C14_ATF6 up	179ed424-5ca0-47ea-a215-e925654ab316	250	5.905217584741984e-05	0.025489589888778037	11.334	5	XPR024	U251MG.311	96H	C14	ATF6	N/A	up
XPR028_YAPC.311_96H_D01_SLCO1C1 down	5566ec58-5fef-426d-91bf-d663fde305f6	250	5.905217584741984e-05	0.025489589888778037	11.334	5	XPR028	YAPC.311	96H	D01	SLCO1C1	N/A	down
XPR032_U251MG.311_96H_C07_QDPR down	82da3b82-ab05-4e78-8de6-10f4ccc21a12	250	5.905217584741984e-05	0.025489589888778037	11.334	5	XPR032	U251MG.311	96H	C07	QDPR	N/A	down
XPR034_HT29.311_96H_K01_HUNK down	b56c96a7-d241-40c4-87a0-a80e2e0efcc4	250	5.905217584741984e-05	0.025489589888778037	11.334	5	XPR034	HT29.311	96H	K01	HUNK	N/A	down
AICHI002_BJAB_24H_C12_alpelisib_0.01uM down	d5668558-9dfb-4424-94a2-508f4ce7b044	250	5.905217584741984e-05	0.025489589888778037	11.334	5	AICHI002	BJAB	24H	C12	alpelisib	0.01uM	down
ASG002_IM95_24H_K15_BRD-K63750851_0.12uM down	f97d8656-6dfe-43b8-af46-974ec820ce51	250	5.905217584741984e-05	0.025489589888778037	11.334	5	ASG002	IM95	24H	K15	BRD-K63750851	0.12uM	down
ASG002_PC3_24H_K01_ceritinib_10uM up	3d5577c2-b362-4457-a472-c8f471668de0	250	5.905217584741984e-05	0.025489589888778037	11.334	5	ASG002	PC3	24H	K01	ceritinib	10uM	up
ASG003_U2OS_48H_C06_epirubicin_0.12uM down	58fdc70a-632a-4d76-a5e8-bb5036135564	250	5.905217584741984e-05	0.025489589888778037	11.334	5	ASG003	U2OS	48H	C06	epirubicin	0.12uM	down
XPR044_LCLC103H.311_96H_H12_HADH up	fb6b2874-17fe-4307-b2bd-14e53dad2e60	250	5.905217584741984e-05	0.025489589888778037	11.334	5	XPR044	LCLC103H.311	96H	H12	HADH	N/A	up
AICHI001_OCILY19_4H_P08_GDC-834_2.5uM down	ff2f340d-31e5-4825-aa64-41ac84afff89	250	5.905217584741984e-05	0.025489589888778037	11.334	5	AICHI001	OCILY19	4H	P08	GDC-834	2.5uM	down
XPR023_U251MG.311_96H_K13_PARP2 down	8939cdd1-0d57-4bfd-a772-7a971cfa3e95	250	5.905217584741984e-05	0.025489589888778037	11.334	5	XPR023	U251MG.311	96H	K13	PARP2	N/A	down
CPC006_VCAP_6H_J14_erastin_4uM up	178c7db3-6a36-4cfc-ade4-08f15464dcf8	250	5.905217584741984e-05	0.025489589888778037	11.334	5	CPC006	VCAP	6H	J14	erastin	4uM	up
CPC001_VCAP_24H_O02_ginsenoside_10uM down	2ed21c63-692a-4045-acc7-a63e5bc021bf	250	5.905217584741984e-05	0.025489589888778037	11.334	5	CPC001	VCAP	24H	O02	ginsenoside	10uM	down
CPC017_MCF7_24H_I24_talampicillin_10uM down	0fb97476-3e08-4a2b-bd8c-c7a6e2672921	250	5.905217584741984e-05	0.025489589888778037	11.334	5	CPC017	MCF7	24H	I24	talampicillin	10uM	down
CPD002_PC3_24H_O12_nifuroxazide_10uM up	c043bb28-32c4-47f9-a703-cf4ac76ee8ed	250	5.905217584741984e-05	0.025489589888778037	11.334	5	CPD002	PC3	24H	O12	nifuroxazide	10uM	up
DOS010_VCAP_6H_M17_BRD-K14558018_4uM up	5c922677-4af3-4725-b154-e78c7d27007f	250	5.905217584741984e-05	0.025489589888778037	11.334	5	DOS010	VCAP	6H	M17	BRD-K14558018	4uM	up
DOS032_A549_24H_N23_BRD-K27818252_4uM down	4b5670b8-92a2-4f3f-8383-ae68063f1a65	250	5.905217584741984e-05	0.025489589888778037	11.334	5	DOS032	A549	24H	N23	BRD-K27818252	4uM	down
CPC003_HA1E_24H_J13_TER-14687_10uM down	cd106699-dfec-4c78-a22a-06d955e082b6	250	5.905217584741984e-05	0.025489589888778037	11.334	5	CPC003	HA1E	24H	J13	TER-14687	10uM	down
ERG005_VCAP_48H_I02_BRD-A52934756_1.11uM down	73151d92-50d8-4ba5-b979-ccc644c3dbc8	250	5.905217584741984e-05	0.025489589888778037	11.334	5	ERG005	VCAP	48H	I02	BRD-A52934756	1.11uM	down
FIBR037_MCLF035SZ_6H_N15_narciclasine_0.37uM up	5752e6a2-6aba-45fa-8917-cd40192ec4f0	250	5.905217584741984e-05	0.025489589888778037	11.334	5	FIBR037	MCLF035SZ	6H	N15	narciclasine	0.37uM	up
FIBR038_MCLF035SZ_6H_N15_narciclasine_0.37uM up	fcae9bf6-841b-4596-9496-86527330a897	250	5.905217584741984e-05	0.025489589888778037	11.334	5	FIBR038	MCLF035SZ	6H	N15	narciclasine	0.37uM	up
FIBR041_MCLF0067SZ_6H_K11_paroxetine_4uM up	7a34de10-35a2-4ab6-af4a-dbb0dfc05326	250	5.905217584741984e-05	0.025489589888778037	11.334	5	FIBR041	MCLF0067SZ	6H	K11	paroxetine	4uM	up
GPR001_XC_XH_A19_GALR2_GALP_4uM up	ae77f240-fd42-473b-a253-06750309e892	250	5.905217584741984e-05	0.025489589888778037	11.334	5	GPR001	XC	XH	A19	GALR2	GALP_4uM	up
ISO002_HCT116.TP53.HR_24H_O07_dexniguldipine_10uM up	6584ede5-8911-4f51-ad03-12c4f0caba9d	250	5.905217584741984e-05	0.025489589888778037	11.334	5	ISO002	HCT116.TP53.HR	24H	O07	dexniguldipine	10uM	up
LJP001_HS578T_6H_B11_tivozanib_0.37uM up	f770515b-2927-4c6e-a980-1bb287684d58	250	5.905217584741984e-05	0.025489589888778037	11.334	5	LJP001	HS578T	6H	B11	tivozanib	0.37uM	up
LJP006_HA1E_24H_I18_PI-103_0.04uM up	8aaa80d8-f8c8-4c3a-9bd3-42d144d10add	250	5.905217584741984e-05	0.025489589888778037	11.334	5	LJP006	HA1E	24H	I18	PI-103	0.04uM	up
LJP006_MCF7_3H_E07_OSI-027_10uM up	1c78ce65-740b-4017-b583-ac9f09d49572	250	5.905217584741984e-05	0.025489589888778037	11.334	5	LJP006	MCF7	3H	E07	OSI-027	10uM	up
LJP007_JURKAT_24H_N06_BRD-K09991945_0.04uM down	003e2d8a-27bf-45d3-ae2f-4b6f05616364	250	5.905217584741984e-05	0.025489589888778037	11.334	5	LJP007	JURKAT	24H	N06	BRD-K09991945	0.04uM	down
LJP008_HUVEC.A_24H_J08_SB-939_3.33uM up	345f34c9-a0d9-4e73-a0a0-76d4569ed0be	250	5.905217584741984e-05	0.025489589888778037	11.334	5	LJP008	HUVEC.A	24H	J08	SB-939	3.33uM	up
MOA001_U2OS_24H_D07_IND-125_1.11uM up	1dd2bff4-595e-4d87-95f8-c35ac751d1f5	250	5.905217584741984e-05	0.025489589888778037	11.334	5	MOA001	U2OS	24H	D07	IND-125	1.11uM	up
CPC004_HA1E_24H_I04_triflupromazine_10uM up	c75635fc-74bd-47f9-81fa-444edff17cea	250	5.905217584741984e-05	0.025489589888778037	11.334	5	CPC004	HA1E	24H	I04	triflupromazine	10uM	up
MOAR005_PC3_24H_A22_trequinsin_10uM down	ebd32868-521f-4338-84db-16ba486ddca6	250	5.905217584741984e-05	0.025489589888778037	11.334	5	MOAR005	PC3	24H	A22	trequinsin	10uM	down
MOAR008_CAL29_24H_N17_omarigliptin_3.33uM down	71dab31a-20b8-4dfe-85f2-cd0ddf93fd8b	250	5.905217584741984e-05	0.025489589888778037	11.334	5	MOAR008	CAL29	24H	N17	omarigliptin	3.33uM	down
MOAR009_JHH5_24H_B12_caffeine_1.11uM down	4ff48377-1015-4548-bd10-92d93d631c2b	250	5.905217584741984e-05	0.025489589888778037	11.334	5	MOAR009	JHH5	24H	B12	caffeine	1.11uM	down
MOAR012_HCC95_24H_L07_doxycycline_10uM up	55938264-aa4b-4241-a9f6-555a318ac5b6	250	5.905217584741984e-05	0.025489589888778037	11.334	5	MOAR012	HCC95	24H	L07	doxycycline	10uM	up
MUC.CP001_MCF7_24H_L23_CGS-15943_10uM up	6ad89b39-aaee-4991-991b-5e0167db13de	250	5.905217584741984e-05	0.025489589888778037	11.334	5	MUC.CP001	MCF7	24H	L23	CGS-15943	10uM	up
PAC018_U2OS_6H_J14_BRD-K12341671_10uM down	81b8ef3e-a0ee-4652-bd59-e92e1fdfabab	250	5.905217584741984e-05	0.025489589888778037	11.334	5	PAC018	U2OS	6H	J14	BRD-K12341671	10uM	down
CPC006_CORL23_6H_C02_SB-216763_10uM down	be72fbf3-073a-4214-8401-894c95fad7c0	250	5.905217584741984e-05	0.025489589888778037	11.334	5	CPC006	CORL23	6H	C02	SB-216763	10uM	down
PAC067_U2OS_6H_J14_BRD-A80010944_10uM down	1f59752c-9d3c-4d90-acd6-9f64e491c984	250	5.905217584741984e-05	0.025489589888778037	11.334	5	PAC067	U2OS	6H	J14	BRD-A80010944	10uM	down
REP.A005_HT29_24H_E03_pelitinib_1.11uM up	b927ff21-15d8-41f7-befe-dfb1b4002ca8	250	5.905217584741984e-05	0.025489589888778037	11.334	5	REP.A005	HT29	24H	E03	pelitinib	1.11uM	up
REP.A009_HUVEC.A_24H_G20_TAK-733_3.33uM up	dd31a67f-ed09-403c-8bdc-c8b0bceeee9b	250	5.905217584741984e-05	0.025489589888778037	11.334	5	REP.A009	HUVEC.A	24H	G20	TAK-733	3.33uM	up
REP.A010_A375_24H_O11_milnacipran_0.125uM up	c17d70e1-591e-4d00-bb7f-3882a4d5a247	250	5.905217584741984e-05	0.025489589888778037	11.334	5	REP.A010	A375	24H	O11	milnacipran	0.125uM	up
MOAR010_MELHO_24H_J04_CAY-10585_10uM up	0ee77604-288a-4d93-b6ca-ef78eabdd747	250	5.905217584741984e-05	0.025489589888778037	11.334	5	MOAR010	MELHO	24H	J04	CAY-10585	10uM	up
REP.A025_MCF7_24H_C12_mesulergine_0.04uM down	f2a76eee-0bee-4e7d-926d-bd5fd7342aff	250	5.905217584741984e-05	0.025489589888778037	11.334	5	REP.A025	MCF7	24H	C12	mesulergine	0.04uM	down
REP.B007_HA1E_24H_H19_nandrolone_2.22uM down	ac399bae-7266-4d9d-bfd2-d0b6e93d5da7	250	5.905217584741984e-05	0.025489589888778037	11.334	5	REP.B007	HA1E	24H	H19	nandrolone	2.22uM	down
REP.B013_HT29_24H_D08_camptothecin_0.74uM down	799c4d85-3585-4ad2-a805-cb343052f2de	250	5.905217584741984e-05	0.025489589888778037	11.334	5	REP.B013	HT29	24H	D08	camptothecin	0.74uM	down
REP.B016_MCF7_24H_H21_orphenadrine_0.25uM down	29220d2e-57f8-45d0-9fee-ef2c006cbdfe	250	5.905217584741984e-05	0.025489589888778037	11.334	5	REP.B016	MCF7	24H	H21	orphenadrine	0.25uM	down
REP.B024_HA1E_24H_L15_LY-2090314_0.25uM down	d8707027-f4cf-44d6-96ab-924d92328d34	250	5.905217584741984e-05	0.025489589888778037	11.334	5	REP.B024	HA1E	24H	L15	LY-2090314	0.25uM	down
XPR009_YAPC.311_96H_P11_ALB down	ea39d95b-b4b5-49ce-87ce-f13b1393451f	250	5.905217584741984e-05	0.025489589888778037	11.334	5	XPR009	YAPC.311	96H	P11	ALB	N/A	down
XPR018_A549.311_96H_J02_JAM2 up	80aac8d1-0355-4202-b4c2-65843ee7c3ee	250	5.905217584741984e-05	0.025489589888778037	11.334	5	XPR018	A549.311	96H	J02	JAM2	N/A	up
XPR019_PC3.311B_96H_P02_LRIT1 down	ba22f91f-3c69-4394-8fba-8906a6b4260a	250	5.905217584741984e-05	0.025489589888778037	11.334	5	XPR019	PC3.311B	96H	P02	LRIT1	N/A	down
ASG002_A375_24H_H24_YM-155_0.12uM up	dd5c14e8-c51c-48c6-852d-8065e1e40a7d	250	5.905217584741984e-05	0.025489589888778037	11.334	5	ASG002	A375	24H	H24	YM-155	0.12uM	up
ASG002_NCIH841_24H_P18_palbociclib_0.12uM down	98ef1543-5ce4-4064-a2ef-cb08e19c721a	250	5.905217584741984e-05	0.025489589888778037	11.334	5	ASG002	NCIH841	24H	P18	palbociclib	0.12uM	down
CPC009_PC3_6H_H06_BRD-K23149109_10uM up	46ef432e-df29-4b7d-b535-27be01aafc4c	250	5.905217584741984e-05	0.025489589888778037	11.334	5	CPC009	PC3	6H	H06	BRD-K23149109	10uM	up
ASG003_XC.P906_24H_P02_panobinostat_1.11uM down	086382fb-6d37-41ba-b8ff-24f1bcd2b378	250	5.905217584741984e-05	0.025489589888778037	11.334	5	ASG003	XC.P906	24H	P02	panobinostat	1.11uM	down
CPC006_H1299_6H_P09_CD-437_12uM up	760d999c-4940-4697-a963-98a22f385955	250	5.905217584741984e-05	0.025489589888778037	11.334	5	CPC006	H1299	6H	P09	CD-437	12uM	up
CPC006_HA1E_24H_F20_BML-259_80uM down	698d1b01-b1ea-4ed8-81d4-5c97ac8aa18a	250	5.905217584741984e-05	0.025489589888778037	11.334	5	CPC006	HA1E	24H	F20	BML-259	80uM	down
CPC006_HA1E_6H_N14_BRD-K93725829_0.5uM down	85620db1-b7df-44ae-8f11-605d7d587f17	250	5.905217584741984e-05	0.025489589888778037	11.334	5	CPC006	HA1E	6H	N14	BRD-K93725829	0.5uM	down
CPC006_VCAP_6H_N06_orteronel_40uM down	db411217-3b50-41e2-967e-9e824d49f024	250	5.905217584741984e-05	0.025489589888778037	11.334	5	CPC006	VCAP	6H	N06	orteronel	40uM	down
CPC007_PC3_24H_E12_BRD-K60870698_10uM up	fa14166b-5381-4b33-9f11-7ebbcd0ea5fd	250	5.905217584741984e-05	0.025489589888778037	11.334	5	CPC007	PC3	24H	E12	BRD-K60870698	10uM	up
CPC012_A549_6H_H20_BRD-K08307026_10uM up	2369feb2-9448-49fc-b3da-8c8422224f9d	250	5.905217584741984e-05	0.025489589888778037	11.334	5	CPC012	A549	6H	H20	BRD-K08307026	10uM	up
CPC012_HA1E_6H_M03_BRD-K07850148_10uM down	b04b8587-c522-4ea0-847d-598f710e0c89	250	5.905217584741984e-05	0.025489589888778037	11.334	5	CPC012	HA1E	6H	M03	BRD-K07850148	10uM	down
CPC012_MCF7_24H_G09_BRD-K82971429_10uM up	56bf6b9d-e29f-41c1-89f0-d53c1addb607	250	5.905217584741984e-05	0.025489589888778037	11.334	5	CPC012	MCF7	24H	G09	BRD-K82971429	10uM	up
CPC012_PC3_6H_J08_BRD-K81795824_10uM up	c85a5008-7c1d-4863-b6ac-5d9885878f70	250	5.905217584741984e-05	0.025489589888778037	11.334	5	CPC012	PC3	6H	J08	BRD-K81795824	10uM	up
CPC015_MCF7_24H_H07_ritanserin_10uM down	c07894f4-d77e-4e6d-904a-9aff7f94e902	250	5.905217584741984e-05	0.025489589888778037	11.334	5	CPC015	MCF7	24H	H07	ritanserin	10uM	down
CPC015_MCF7_6H_F17_nadolol_10uM up	f0ab75ee-9b71-4ef3-ab17-07d6f1dc218f	250	5.905217584741984e-05	0.025489589888778037	11.334	5	CPC015	MCF7	6H	F17	nadolol	10uM	up
CPC018_MCF7_6H_J14_acarbose_10uM down	9b4c50cd-5d33-4f7f-a77c-c83b01130725	250	5.905217584741984e-05	0.025489589888778037	11.334	5	CPC018	MCF7	6H	J14	acarbose	10uM	down
CPC019_HT29_6H_G04_BRD-K08887444_10uM down	3c19489f-5808-4de3-b812-5dccb90f8745	250	5.905217584741984e-05	0.025489589888778037	11.334	5	CPC019	HT29	6H	G04	BRD-K08887444	10uM	down
CRCGN004_HMELZ_6H_C06_genistein_20uM down	30c9379a-4c96-4bb2-b17b-63feea4b6844	250	5.905217584741984e-05	0.025489589888778037	11.334	5	CRCGN004	HMELZ	6H	C06	genistein	20uM	down
CVD001_HEPG2_6H_G20_BRD-K47977047_10uM up	b152be30-e8ef-4af3-85d9-894da6c7fc6e	250	5.905217584741984e-05	0.025489589888778037	11.334	5	CVD001	HEPG2	6H	G20	BRD-K47977047	10uM	up
CVD001_HUH7_6H_D18_PD-98059_4uM down	8719086d-be39-4d9f-9dda-5a7027f3b61f	250	5.905217584741984e-05	0.025489589888778037	11.334	5	CVD001	HUH7	6H	D18	PD-98059	4uM	down
CVD001_PHH_24H_C23_SA-1973507_10uM up	9cc10924-1e81-46fa-bf62-8ac5bd8fc0a2	250	5.905217584741984e-05	0.025489589888778037	11.334	5	CVD001	PHH	24H	C23	SA-1973507	10uM	up
DEB001_MCF7_6H_F15_ST-057710_0.2uM down	10c7b766-9bb4-45f1-8700-3b2b16aae264	250	5.905217584741984e-05	0.025489589888778037	11.334	5	DEB001	MCF7	6H	F15	ST-057710	0.2uM	down
DOS055_MCF7_24H_A21_BRD-K28772322_4uM up	aeec6acd-2867-4324-a025-8dfa1e609baa	250	5.905217584741984e-05	0.025489589888778037	11.334	5	DOS055	MCF7	24H	A21	BRD-K28772322	4uM	up
DOSVAL002_MCF7_24H_J12_BRD-K76915833_4uM up	b32889e1-ae2a-4085-85c8-6f91184c2ec0	250	5.905217584741984e-05	0.025489589888778037	11.334	5	DOSVAL002	MCF7	24H	J12	BRD-K76915833	4uM	up
CPC010_MCF7_24H_P23_dactinomycin_10uM up	e7706cce-79a7-42fa-b2dd-714936d2b8c6	250	5.905217584741984e-05	0.025489589888778037	11.334	5	CPC010	MCF7	24H	P23	dactinomycin	10uM	up
FIBR029_MCLF040SZ_6H_J16_BRD-K09398529_4uM up	55af83f0-5a0f-4f2b-bfde-a526e23ad47a	250	5.905217584741984e-05	0.025489589888778037	11.334	5	FIBR029	MCLF040SZ	6H	J16	BRD-K09398529	4uM	up
KTOX002_HPTEC_24H_G09_mannitol_10uM up	0649ca02-b6db-4555-9c64-7b952eff1f0a	250	5.905217584741984e-05	0.025489589888778037	11.334	5	KTOX002	HPTEC	24H	G09	mannitol	10uM	up
LJP006_HA1E_24H_F18_PF-562271_0.04uM up	d472cd29-5d40-4f65-af5c-1fd1879dbfa0	250	5.905217584741984e-05	0.025489589888778037	11.334	5	LJP006	HA1E	24H	F18	PF-562271	0.04uM	up
LJP007_HA1E_24H_M12_motesanib_0.04uM down	e371eecd-bc07-4d23-9b84-0e56b195721c	250	5.905217584741984e-05	0.025489589888778037	11.334	5	LJP007	HA1E	24H	M12	motesanib	0.04uM	down
LJP007_HUVEC_24H_A07_XMD-885_10uM down	5d324026-46af-4c0a-bdb2-22885be8ea58	250	5.905217584741984e-05	0.025489589888778037	11.334	5	LJP007	HUVEC	24H	A07	XMD-885	10uM	down
LJP008_HEK293_24H_M09_UNC-0638_1.11uM down	35fa9b17-9a51-42e8-8e6a-5088183621f9	250	5.905217584741984e-05	0.025489589888778037	11.334	5	LJP008	HEK293	24H	M09	UNC-0638	1.11uM	down
LJP009_PC3_24H_C04_JWE-035_0.37uM down	55ac1a88-9496-4a26-9616-c9a9a0ecb5a2	250	5.905217584741984e-05	0.025489589888778037	11.334	5	LJP009	PC3	24H	C04	JWE-035	0.37uM	down
MOAR005_PC3_24H_F17_IKK-16_3.33uM down	444ee95a-c743-4731-a648-8b0ccba56a5e	250	5.905217584741984e-05	0.025489589888778037	11.334	5	MOAR005	PC3	24H	F17	IKK-16	3.33uM	down
MOAR008_CJM_24H_A16_etacrynic-acid_10uM down	965ed3d2-7953-4f2f-8d03-b303b311ebb0	250	5.905217584741984e-05	0.025489589888778037	11.334	5	MOAR008	CJM	24H	A16	etacrynic-acid	10uM	down
CPC016_A549_6H_C11_malonoben_10uM up	9e9780e3-870f-468e-9408-3159e57fd0ed	250	5.905217584741984e-05	0.025489589888778037	11.334	5	CPC016	A549	6H	C11	malonoben	10uM	up
MOAR011_HEC108_24H_B18_potassium-canrenoate_1.11uM up	893b813f-91ba-492f-a881-0ec2781d13dc	250	5.905217584741984e-05	0.025489589888778037	11.334	5	MOAR011	HEC108	24H	B18	potassium-canrenoate	1.11uM	up
MOAR011_SNU407_24H_I20_epirizole_3.33uM up	7a02b3bd-cd87-44bd-900b-699c5b89737e	250	5.905217584741984e-05	0.025489589888778037	11.334	5	MOAR011	SNU407	24H	I20	epirizole	3.33uM	up
MOAR012_BEN_24H_P24_ethaverine_1.11uM up	c56f7d75-4382-48da-967a-c414f762945e	250	5.905217584741984e-05	0.025489589888778037	11.334	5	MOAR012	BEN	24H	P24	ethaverine	1.11uM	up
MUC.CP003_NKDBA_24H_M11_SA-423167_10uM up	8f9601ac-a9a7-45fd-b0ea-2a341aa102a3	250	5.905217584741984e-05	0.025489589888778037	11.334	5	MUC.CP003	NKDBA	24H	M11	SA-423167	10uM	up
MUC.CP008_P1A82_24H_L21_kifunensine_1.11uM up	ea4df70c-23ee-4b58-8069-8d51c229b763	250	5.905217584741984e-05	0.025489589888778037	11.334	5	MUC.CP008	P1A82	24H	L21	kifunensine	1.11uM	up
MUC.CP008_P1A82_24H_M09_MLN-4924_1.11uM up	4edc177a-666c-4739-80a3-b337f2543351	250	5.905217584741984e-05	0.025489589888778037	11.334	5	MUC.CP008	P1A82	24H	M09	MLN-4924	1.11uM	up
NMH001_FIBRNPC_6H_E15_BRD-K30553817_10uM up	6b132f20-b91c-4b7b-bad0-e0ff90685443	250	5.905217584741984e-05	0.025489589888778037	11.334	5	NMH001	FIBRNPC	6H	E15	BRD-K30553817	10uM	up
PAC069_U2OS_6H_B07_BRD-K03857568_20uM up	82f0a4b5-bf8b-4e2f-9434-56301a390719	250	5.905217584741984e-05	0.025489589888778037	11.334	5	PAC069	U2OS	6H	B07	BRD-K03857568	20uM	up
PBIOA008_XC.R10_24H_N15_verapamil_1.25uM down	bacd615b-5f0a-48eb-ab03-4e6f18cd57c1	250	5.905217584741984e-05	0.025489589888778037	11.334	5	PBIOA008	XC.R10	24H	N15	verapamil	1.25uM	down
PBIOA013_HCC515_24H_P04_BRD-K64360401_0.37uM down	97a6c54e-18ea-48fd-9572-a55fccfd9eff	250	5.905217584741984e-05	0.025489589888778037	11.334	5	PBIOA013	HCC515	24H	P04	BRD-K64360401	0.37uM	down
CPC018_SKB_24H_P20_BRD-A15914070_10uM down	8e7535fd-2a88-419c-99f0-6e1cbd30a4a6	250	5.905217584741984e-05	0.025489589888778037	11.334	5	CPC018	SKB	24H	P20	BRD-A15914070	10uM	down
PCLB003_MCF7_24H_H23_BRD-K59019422_0.12uM up	cbaee263-3a47-461c-a54e-6d6e5c4e9247	250	5.905217584741984e-05	0.025489589888778037	11.334	5	PCLB003	MCF7	24H	H23	BRD-K59019422	0.12uM	up
REP.A008_A375_24H_H18_YM-155_0.04uM up	265b0be7-cd44-42c4-bbef-ec2d5690afc6	250	5.905217584741984e-05	0.025489589888778037	11.334	5	REP.A008	A375	24H	H18	YM-155	0.04uM	up
REP.A012_HT29_24H_O15_rottlerin_1.11uM up	da82ee21-81ae-4f81-ae8a-a4fe0bdeb91f	250	5.905217584741984e-05	0.025489589888778037	11.334	5	REP.A012	HT29	24H	O15	rottlerin	1.11uM	up
REP.A015_HT29_24H_L05_MLN-0128_0.125uM up	c0d5daa9-10b7-4455-be03-2e0c1f579067	250	5.905217584741984e-05	0.025489589888778037	11.334	5	REP.A015	HT29	24H	L05	MLN-0128	0.125uM	up
REP.A020_MCF7_24H_P06_macitentan_0.04uM down	cfe22ac8-6243-4748-9c79-1f57e37ad67a	250	5.905217584741984e-05	0.025489589888778037	11.334	5	REP.A020	MCF7	24H	P06	macitentan	0.04uM	down
REP.A023_MCF10A_24H_L17_duloxetine_0.125uM up	a123b5fb-2a29-4200-b015-d548484b32f1	250	5.905217584741984e-05	0.025489589888778037	11.334	5	REP.A023	MCF10A	24H	L17	duloxetine	0.125uM	up
REP.B003_HA1E_24H_O16_bindarit_0.08uM down	d9b2186f-217e-4281-923d-da1dfd667460	250	5.905217584741984e-05	0.025489589888778037	11.334	5	REP.B003	HA1E	24H	O16	bindarit	0.08uM	down
REP.B012_PC3_24H_K18_S-18986_0.01uM down	7402f9df-5f19-4027-9b58-f9f117a6325c	250	5.905217584741984e-05	0.025489589888778037	11.334	5	REP.B012	PC3	24H	K18	S-18986	0.01uM	down
REP.B019_YAPC_24H_H04_BRD-A47364545_0.08uM up	5c28e18c-a328-40dc-a4b9-e00d5aca35d0	250	5.905217584741984e-05	0.025489589888778037	11.334	5	REP.B019	YAPC	24H	H04	BRD-A47364545	0.08uM	up
REP.B026_A375_24H_N15_linifanib_0.25uM up	f2bd0425-b185-47b0-92da-7a449ff63147	250	5.905217584741984e-05	0.025489589888778037	11.334	5	REP.B026	A375	24H	N15	linifanib	0.25uM	up
XPR016_HT29.311_96H_B18_FAM20C down	210841f8-3b8e-4208-9cf4-36b0da1b7761	250	5.905217584741984e-05	0.025489589888778037	11.334	5	XPR016	HT29.311	96H	B18	FAM20C	N/A	down
XPR021_HT29.311_96H_K14_NEDD9 up	26e20de1-5d1b-4cb6-8be5-7378b881aa08	250	5.905217584741984e-05	0.025489589888778037	11.334	5	XPR021	HT29.311	96H	K14	NEDD9	N/A	up
XPR024_AGS.311_96H_I07_RPL19 down	cdf59358-40e3-4050-8d27-e43a805ab8b0	250	5.905217584741984e-05	0.025489589888778037	11.334	5	XPR024	AGS.311	96H	I07	RPL19	N/A	down
XPR036_A549.311_96H_G08_IP6K3 up	fbc98692-65cb-4475-b65e-28e626f9b89f	250	5.905217584741984e-05	0.025489589888778037	11.334	5	XPR036	A549.311	96H	G08	IP6K3	N/A	up
XPR037_ES2.311_96H_D16_GMFG down	d9c05193-dc3c-4e6d-a222-5bcc74f45eba	250	5.905217584741984e-05	0.025489589888778037	11.334	5	XPR037	ES2.311	96H	D16	GMFG	N/A	down
XPR043_DANG.311_96H_F09_HSP90AB1 down	61f97873-2e05-4e9e-bbb2-4ac92577714d	250	5.905217584741984e-05	0.025489589888778037	11.334	5	XPR043	DANG.311	96H	F09	HSP90AB1	N/A	down
XPR043_ES2.311_96H_I10_SSTR4 up	fb8dfb07-f7d0-45fe-9596-79ee0a27679a	250	5.905217584741984e-05	0.025489589888778037	11.334	5	XPR043	ES2.311	96H	I10	SSTR4	N/A	up
AICHI001_TMD8_4H_M03_CX-4945_0.66uM down	b77c8997-0dce-423f-a767-173a0250d924	250	5.905217584741984e-05	0.025489589888778037	11.334	5	AICHI001	TMD8	4H	M03	CX-4945	0.66uM	down
ASG002_HCC1588_24H_B19_cabozantinib_10uM down	d473446c-e7f0-42e2-bfad-b3ab388b61d8	250	5.905217584741984e-05	0.025489589888778037	11.334	5	ASG002	HCC1588	24H	B19	cabozantinib	10uM	down
CPC019_MCF7_24H_E02_BRD-K46692335_10uM down	25cc6381-49b7-4fbb-b61e-b971a6c7d032	250	5.905217584741984e-05	0.025489589888778037	11.334	5	CPC019	MCF7	24H	E02	BRD-K46692335	10uM	down
ASG002_OVK18_24H_O14_PD-0325901_1.11uM up	b2e5be35-0816-4014-8299-f269aeab2d3a	250	5.905217584741984e-05	0.025489589888778037	11.334	5	ASG002	OVK18	24H	O14	PD-0325901	1.11uM	up
CPC020_PC3_6H_C18_BRD-A49848186_10uM up	bbf05cd9-6a8b-4629-9d03-ba34d787d100	250	5.905217584741984e-05	0.025489589888778037	11.334	5	CPC020	PC3	6H	C18	BRD-A49848186	10uM	up
ASG003_A549_24H_A14_parbendazole_1.11uM down	9d2231f7-708f-461a-ac27-8ae60b7e58ba	250	5.905217584741984e-05	0.025489589888778037	11.334	5	ASG003	A549	24H	A14	parbendazole	1.11uM	down
ASG003_XC.P933_24H_A19_procaterol_10uM down	d795c31e-9bd7-4a04-b226-3b8d4f8f3d81	250	5.905217584741984e-05	0.025489589888778037	11.334	5	ASG003	XC.P933	24H	A19	procaterol	10uM	down
CPC006_HA1E_6H_D24_lovastatin_40uM down	3cbc652e-203f-4218-8e7b-16b1247f2b8a	250	5.905217584741984e-05	0.025489589888778037	11.334	5	CPC006	HA1E	6H	D24	lovastatin	40uM	down
CPC012_ASC_24H_F21_VU-0410183-2_10uM up	2a186117-a2e7-4d44-8625-16ab9753cca5	250	5.905217584741984e-05	0.025489589888778037	11.334	5	CPC012	ASC	24H	F21	VU-0410183-2	10uM	up
CPC012_PC3_24H_D04_BRD-K09977233_10uM up	9e79894c-9717-4484-8091-2af53a9fd433	250	5.905217584741984e-05	0.025489589888778037	11.334	5	CPC012	PC3	24H	D04	BRD-K09977233	10uM	up
CPC019_A549_6H_K14_BRD-K98739056_10uM down	6b3262b8-1e3b-4352-9557-1923db5cfe8b	250	5.905217584741984e-05	0.025489589888778037	11.334	5	CPC019	A549	6H	K14	BRD-K98739056	10uM	down
CPC020_VCAP_24H_B23_etacrynic-acid_10uM up	7c15fea6-506c-4be2-8423-bd67dcf41344	250	5.905217584741984e-05	0.025489589888778037	11.334	5	CPC020	VCAP	24H	B23	etacrynic-acid	10uM	up
CPC020_HA1E_6H_D01_dipyridamole_10uM up	605930ab-5af5-4ff2-999d-8f9c34cd13a8	250	5.905217584741984e-05	0.025489589888778037	11.334	5	CPC020	HA1E	6H	D01	dipyridamole	10uM	up
CRCGN014_HEPG2_3H_M14_vorinostat_10uM down	1f6c0556-274b-4bd3-9199-7a43c62c6532	250	5.905217584741984e-05	0.025489589888778037	11.334	5	CRCGN014	HEPG2	3H	M14	vorinostat	10uM	down
CVD001_HUH7_6H_J05_BRD-K69096174_2.5uM down	deb1cca3-5e0b-4037-a8e4-c60bcf2d6cbc	250	5.905217584741984e-05	0.025489589888778037	11.334	5	CVD001	HUH7	6H	J05	BRD-K69096174	2.5uM	down
DOS044_A375_24H_B22_BRD-K16633334_4uM up	72e323e9-8d7b-41f6-9340-b52901dc2f0c	250	5.905217584741984e-05	0.025489589888778037	11.334	5	DOS044	A375	24H	B22	BRD-K16633334	4uM	up
DOS055_A549_24H_M03_BRD-K49330073_4uM up	d0260098-7171-480c-8b4d-098fe3d6fc76	250	5.905217584741984e-05	0.025489589888778037	11.334	5	DOS055	A549	24H	M03	BRD-K49330073	4uM	up
DOS057_A375_24H_I16_BRD-K81052803_4uM up	708ddf66-1bd1-4315-8970-891461b6f97d	250	5.905217584741984e-05	0.025489589888778037	11.334	5	DOS057	A375	24H	I16	BRD-K81052803	4uM	up
CPD002_PC3_6H_L23_guaifenesin_10uM up	c5923b88-24e6-4f49-835b-e9e8ff1870b9	250	5.905217584741984e-05	0.025489589888778037	11.334	5	CPD002	PC3	6H	L23	guaifenesin	10uM	up
DOSVAL001_PC3_24H_N04_BRD-K18978393_10uM up	0f6b7235-6af0-4d6f-8ba3-33549e858d22	250	5.905217584741984e-05	0.025489589888778037	11.334	5	DOSVAL001	PC3	24H	N04	BRD-K18978393	10uM	up
DOSVAL002_PC3_24H_J06_BRD-K99999497_4uM up	3121597a-46b9-4cbe-b9e3-b211dd407e94	250	5.905217584741984e-05	0.025489589888778037	11.334	5	DOSVAL002	PC3	24H	J06	BRD-K99999497	4uM	up
EMU001_SKMEL5_24H_D23_edaravone_0.04uM up	05b1ae41-eb4b-459a-92a3-6cd62e5f04e1	250	5.905217584741984e-05	0.025489589888778037	11.334	5	EMU001	SKMEL5	24H	D23	edaravone	0.04uM	up
EMU001_SKMEL5_24H_I05_ruxolitinib_0.04uM up	b8493436-8418-4fc4-af8d-00ba5ca129e3	250	5.905217584741984e-05	0.025489589888778037	11.334	5	EMU001	SKMEL5	24H	I05	ruxolitinib	0.04uM	up
FIBR013_MCLF162SZ_6H_M12_dinoprostone_4uM down	17d548d1-b4a3-4f8f-a2fc-15fc4e465b09	250	5.905217584741984e-05	0.025489589888778037	11.334	5	FIBR013	MCLF162SZ	6H	M12	dinoprostone	4uM	down
FIBR014_MCLF162SZ_6H_A12_capsaicin_4uM up	ab120e6f-ce9e-459f-b295-22f9c76fbdd9	250	5.905217584741984e-05	0.025489589888778037	11.334	5	FIBR014	MCLF162SZ	6H	A12	capsaicin	4uM	up
FIBR040_MCLF056CN_6H_O18_PJ-34_4uM down	692ba71c-e862-4130-973f-5beddb1de716	250	5.905217584741984e-05	0.025489589888778037	11.334	5	FIBR040	MCLF056CN	6H	O18	PJ-34	4uM	down
ISO002_MCF10A.TP53.M.EGFR.HL_24H_I16_AZD-3514_0.37uM down	3928bbf6-e8da-4410-8243-95d15bbfa2d0	250	5.905217584741984e-05	0.025489589888778037	11.334	5	ISO002	MCF10A.TP53.M.EGFR.HL	24H	I16	AZD-3514	0.37uM	down
LJP005_MDAMB231_24H_C19_mitoxantrone_10uM down	866ccae1-415f-4f4d-8de0-67084852eca6	250	5.905217584741984e-05	0.025489589888778037	11.334	5	LJP005	MDAMB231	24H	C19	mitoxantrone	10uM	down
LJP008_HUVEC.A_24H_H13_entinostat_10uM up	9c8a4814-6dfc-4b2a-a667-afbf15611e5a	250	5.905217584741984e-05	0.025489589888778037	11.334	5	LJP008	HUVEC.A	24H	H13	entinostat	10uM	up
LJP008_HUVEC.A_24H_O06_PD-0325901_0.04uM up	69320f5f-9954-4a7c-a66f-ca97170de19c	250	5.905217584741984e-05	0.025489589888778037	11.334	5	LJP008	HUVEC.A	24H	O06	PD-0325901	0.04uM	up
MOAR005_PC3_24H_M24_SB-525334_1.11uM down	4c91f496-9baf-44e0-a497-54f739c4d463	250	5.905217584741984e-05	0.025489589888778037	11.334	5	MOAR005	PC3	24H	M24	SB-525334	1.11uM	down
MOAR010_MELHO_24H_L04_SC-560_10uM up	a8080078-3352-4126-9053-c982bb2a8e62	250	5.905217584741984e-05	0.025489589888778037	11.334	5	MOAR010	MELHO	24H	L04	SC-560	10uM	up
MOAR011_HCC95_24H_H18_eptifibatide_1.11uM down	94769d2e-a0ef-4046-995e-a9fb6eb49b5c	250	5.905217584741984e-05	0.025489589888778037	11.334	5	MOAR011	HCC95	24H	H18	eptifibatide	1.11uM	down
NMH001_NPC_24H_B15_BRD-M91737268_10uM up	8837ff10-ccce-4ea0-a484-d5b521817bf4	250	5.905217584741984e-05	0.025489589888778037	11.334	5	NMH001	NPC	24H	B15	BRD-M91737268	10uM	up
PBIOA017_PC3_24H_F06_BRD-K35716340_0.05uM up	10440fc9-7387-49eb-8111-746543a5b5e3	250	5.905217584741984e-05	0.025489589888778037	11.334	5	PBIOA017	PC3	24H	F06	BRD-K35716340	0.05uM	up
PBIOA021_HA1E_24H_C08_CYT-387_3.33uM down	ece55999-8b18-4bb0-9e91-68917bc36f06	250	5.905217584741984e-05	0.025489589888778037	11.334	5	PBIOA021	HA1E	24H	C08	CYT-387	3.33uM	down
PBIOA021_MCF7_24H_I11_linifanib_0.125uM down	049d710d-8739-48d3-ac60-d5650e9e0eb0	250	5.905217584741984e-05	0.025489589888778037	11.334	5	PBIOA021	MCF7	24H	I11	linifanib	0.125uM	down
CRCGN008_HEPG2_24H_D12_BRD-K18242959_1.25uM up	f457672b-d6ec-46a9-9c52-c9fdc66c2de6	250	5.905217584741984e-05	0.025489589888778037	11.334	5	CRCGN008	HEPG2	24H	D12	BRD-K18242959	1.25uM	up
REP.A011_A375_24H_O21_kakonein_1.11uM up	f5fefff5-609d-4550-868a-eb98dade15c9	250	5.905217584741984e-05	0.025489589888778037	11.334	5	REP.A011	A375	24H	O21	kakonein	1.11uM	up
REP.A012_MDAMB231_24H_A14_adarotene_3.33uM down	4cdfbcc1-b3b2-4cd6-8ef1-74fb73ad75cd	250	5.905217584741984e-05	0.025489589888778037	11.334	5	REP.A012	MDAMB231	24H	A14	adarotene	3.33uM	down
REP.A014_PC3_24H_J20_cariprazine_3.33uM down	f0f17245-379c-4f29-89e5-2c65dd2ae0b3	250	5.905217584741984e-05	0.025489589888778037	11.334	5	REP.A014	PC3	24H	J20	cariprazine	3.33uM	down
REP.B010_MCF7_24H_M17_emedastine_0.03uM down	4342d20e-2d5b-4bf9-bee7-e83616f69198	250	5.905217584741984e-05	0.025489589888778037	11.334	5	REP.B010	MCF7	24H	M17	emedastine	0.03uM	down
REP.B015_HT29_24H_H14_vilazodone_0.74uM up	739e1ee9-77d7-4635-9859-8846f7114f4e	250	5.905217584741984e-05	0.025489589888778037	11.334	5	REP.B015	HT29	24H	H14	vilazodone	0.74uM	up
REP.B015_HT29_24H_L05_MLN-0128_0.03uM up	95d833e0-418b-46bc-9b82-8fc300f27f3a	250	5.905217584741984e-05	0.025489589888778037	11.334	5	REP.B015	HT29	24H	L05	MLN-0128	0.03uM	up
REP.B017_JURKAT_24H_A09_acrivastine_0.25uM up	99eeb026-404e-4094-840b-f78e39285d46	250	5.905217584741984e-05	0.025489589888778037	11.334	5	REP.B017	JURKAT	24H	A09	acrivastine	0.25uM	up
REP.B019_HEK293_24H_E17_hymecromone_0.03uM down	971e2273-dd71-4bbf-b2a1-c5f8fdfeaae1	250	5.905217584741984e-05	0.025489589888778037	11.334	5	REP.B019	HEK293	24H	E17	hymecromone	0.03uM	down
REP.B025_JURKAT_24H_P01_albendazole_2.22uM up	6a66de95-ec73-407e-b23c-7230bc2199f6	250	5.905217584741984e-05	0.025489589888778037	11.334	5	REP.B025	JURKAT	24H	P01	albendazole	2.22uM	up
REP.B027_PC3_24H_D19_ingenol-mebutate_2.22uM up	cc8c0145-8f4d-4cf8-8736-fb28e29ccf79	250	5.905217584741984e-05	0.025489589888778037	11.334	5	REP.B027	PC3	24H	D19	ingenol-mebutate	2.22uM	up
XPR009_BICR6.311_96H_I06_CYP2C8 down	f7a32524-fda0-498f-938c-8a22336d6465	250	5.905217584741984e-05	0.025489589888778037	11.334	5	XPR009	BICR6.311	96H	I06	CYP2C8	N/A	down
XPR011_PC3.311B_96H_H04_APBA2 down	a6833bf1-716d-4307-b977-5958cf0b4c5c	250	5.905217584741984e-05	0.025489589888778037	11.334	5	XPR011	PC3.311B	96H	H04	APBA2	N/A	down
XPR015_A549.311_96H_D14_DDX39B down	4fb8ae5e-fdcd-43e7-b2cc-019959c5fb77	250	5.905217584741984e-05	0.025489589888778037	11.334	5	XPR015	A549.311	96H	D14	DDX39B	N/A	down
XPR017_AGS.311_96H_E10_HIST1H2AG down	97e4d334-e052-483e-bff3-29aaabc956d7	250	5.905217584741984e-05	0.025489589888778037	11.334	5	XPR017	AGS.311	96H	E10	HIST1H2AG	N/A	down
XPR022_YAPC.311_96H_M19_LIG1 up	430f72e5-5a2c-4742-9670-e2680685d248	250	5.905217584741984e-05	0.025489589888778037	11.334	5	XPR022	YAPC.311	96H	M19	LIG1	N/A	up
XPR023_U251MG.311_96H_E16_RUBCNL down	8d64accf-1ca9-44ff-a45b-33aaaf5831a0	250	5.905217584741984e-05	0.025489589888778037	11.334	5	XPR023	U251MG.311	96H	E16	RUBCNL	N/A	down
XPR025_PC3.311B_96H_H21_TCEAL3 down	10fb7980-0784-4236-bfd8-3f79abd50098	250	5.905217584741984e-05	0.025489589888778037	11.334	5	XPR025	PC3.311B	96H	H21	TCEAL3	N/A	down
XPR028_BICR6.311_96H_P10_S1PR3 up	e397f7f9-57d6-4009-8428-b03bf836e4c7	250	5.905217584741984e-05	0.025489589888778037	11.334	5	XPR028	BICR6.311	96H	P10	S1PR3	N/A	up
XPR031_U251MG.311_96H_N01_PIGL up	e24b3326-7a70-4196-b1f8-bb46e923de63	250	5.905217584741984e-05	0.025489589888778037	11.334	5	XPR031	U251MG.311	96H	N01	PIGL	N/A	up
XPR037_YAPC.311_96H_H18_GINS2 up	1060b488-33da-4200-8374-b23d1dbab5a8	250	5.905217584741984e-05	0.025489589888778037	11.334	5	XPR037	YAPC.311	96H	H18	GINS2	N/A	up
XPR039_IPC298.311_96H_J19_CCNA2 down	02899985-3480-4d75-a845-b4e158f685af	250	5.905217584741984e-05	0.025489589888778037	11.334	5	XPR039	IPC298.311	96H	J19	CCNA2	N/A	down
XPR040_DANG.311_96H_P15_GLRX down	11c2cabb-b904-4e60-b218-d4a381341a73	250	5.905217584741984e-05	0.025489589888778037	11.334	5	XPR040	DANG.311	96H	P15	GLRX	N/A	down
ASG002_A204_24H_F21_alectinib_0.12uM down	19e627ab-99ae-4a26-bcc5-817be7fadac5	250	5.905217584741984e-05	0.025489589888778037	11.334	5	ASG002	A204	24H	F21	alectinib	0.12uM	down
CVD001_HUH7_6H_O01_BRD-K75627148_10uM up	180ae724-21cc-477e-897c-4ce2b3e51a2a	250	5.905217584741984e-05	0.025489589888778037	11.334	5	CVD001	HUH7	6H	O01	BRD-K75627148	10uM	up
ASG002_BEN_24H_P19_idarubicin_12uM down	d1616d9f-20a7-4db6-9930-cefea6f2097d	250	5.905217584741984e-05	0.025489589888778037	11.334	5	ASG002	BEN	24H	P19	idarubicin	12uM	down
ASG002_HT29_24H_K22_dabrafenib_10uM down	060ac13a-a35d-493f-a84a-158f16e63185	250	5.905217584741984e-05	0.025489589888778037	11.334	5	ASG002	HT29	24H	K22	dabrafenib	10uM	down
ASG002_PC3_24H_H23_YM-155_1.11uM up	e028210a-d9f6-41cf-bb11-ad7fc95c922e	250	5.905217584741984e-05	0.025489589888778037	11.334	5	ASG002	PC3	24H	H23	YM-155	1.11uM	up
ASG003_XC.P026_24H_M11_lorazepam_1.11uM down	678361eb-e33e-4567-8dac-0531775cecbb	250	5.905217584741984e-05	0.025489589888778037	11.334	5	ASG003	XC.P026	24H	M11	lorazepam	1.11uM	down
CPC006_OV7_6H_I12_troglitazone_10uM down	e5e17f29-cc18-443c-a143-d6d5752bb6e0	250	5.905217584741984e-05	0.025489589888778037	11.334	5	CPC006	OV7	6H	I12	troglitazone	10uM	down
CPC012_A549_24H_E10_panobinostat_10uM down	52090f98-2a0b-4305-a629-5ad6d14c0126	250	5.905217584741984e-05	0.025489589888778037	11.334	5	CPC012	A549	24H	E10	panobinostat	10uM	down
CPC012_A549_6H_P04_SPB02303_10uM up	68661623-bf12-4b64-bdea-b464bb911466	250	5.905217584741984e-05	0.025489589888778037	11.334	5	CPC012	A549	6H	P04	SPB02303	10uM	up
CPC012_MCF7_6H_J08_BRD-K81795824_10uM up	12ef0b92-1552-4b1e-9ee7-af5ffc118775	250	5.905217584741984e-05	0.025489589888778037	11.334	5	CPC012	MCF7	6H	J08	BRD-K81795824	10uM	up
CPC014_HA1E_6H_D24_iloperidone_10uM down	09c5ec1e-cdc9-4c42-a5d4-a7e8cef3f39e	250	5.905217584741984e-05	0.025489589888778037	11.334	5	CPC014	HA1E	6H	D24	iloperidone	10uM	down
CPC014_HA1E_6H_G23_torin-1_10uM up	e840b236-e041-40fd-b4b2-3f3c76624d6b	250	5.905217584741984e-05	0.025489589888778037	11.334	5	CPC014	HA1E	6H	G23	torin-1	10uM	up
CPC015_MCF7_24H_I18_perindopril_10uM down	975dbd86-6b88-4e26-8ddd-2b485c228c49	250	5.905217584741984e-05	0.025489589888778037	11.334	5	CPC015	MCF7	24H	I18	perindopril	10uM	down
CPC019_PC3_6H_J18_BRD-K23582869_10uM up	58415b2a-5af7-4cec-a8ad-f76d8d5045c2	250	5.905217584741984e-05	0.025489589888778037	11.334	5	CPC019	PC3	6H	J18	BRD-K23582869	10uM	up
CRCGN014_HEPG2_24H_E20_BRD-K39893946_40uM down	a707d36c-cf18-4ecc-9c2c-0e615ac99f5b	250	5.905217584741984e-05	0.025489589888778037	11.334	5	CRCGN014	HEPG2	24H	E20	BRD-K39893946	40uM	down
CVD001_HUH7_24H_E03_BRD-A65142661_20uM down	e168a484-3aeb-4148-9e0c-2d9180c328cf	250	5.905217584741984e-05	0.025489589888778037	11.334	5	CVD001	HUH7	24H	E03	BRD-A65142661	20uM	down
CVD001_HUH7_24H_H12_BRD-K83694683_2.5uM down	f684df25-dc24-4cf6-bb5a-e00778511bd5	250	5.905217584741984e-05	0.025489589888778037	11.334	5	CVD001	HUH7	24H	H12	BRD-K83694683	2.5uM	down
DOS037_A549_24H_D17_BRD-K83121797_4uM down	33adb072-3398-4ac3-b190-8c386fc0cc1a	250	5.905217584741984e-05	0.025489589888778037	11.334	5	DOS037	A549	24H	D17	BRD-K83121797	4uM	down
DOS054_HT29_24H_B12_BRD-K15886574_4uM down	0d874f98-1aa8-435e-ab34-40aee86fa7d1	250	5.905217584741984e-05	0.025489589888778037	11.334	5	DOS054	HT29	24H	B12	BRD-K15886574	4uM	down
FIBR017_MCLF076SZ_6H_J08_tubacin_4uM down	487cd7ba-ff8b-42f8-84f4-2f1247d27a3d	250	5.905217584741984e-05	0.025489589888778037	11.334	5	FIBR017	MCLF076SZ	6H	J08	tubacin	4uM	down
FIBR033_MCLF100SZ_6H_I13_modafinil_4uM down	e25203df-2b2f-4d71-87e8-81c951173e81	250	5.905217584741984e-05	0.025489589888778037	11.334	5	FIBR033	MCLF100SZ	6H	I13	modafinil	4uM	down
FIBR038_MCLF035SZ_6H_L04_BRD-A83255679_4uM up	face2733-ff09-4a4a-b7ae-d7457cbefe0e	250	5.905217584741984e-05	0.025489589888778037	11.334	5	FIBR038	MCLF035SZ	6H	L04	BRD-A83255679	4uM	up
CVD001_PHH_24H_F16_BRD-K09701578_2.5uM down	182475f8-2e5c-4004-a640-50a51d004fa6	250	5.905217584741984e-05	0.025489589888778037	11.334	5	CVD001	PHH	24H	F16	BRD-K09701578	2.5uM	down
HOG002_MCF7_24H_N20_vorinostat_0.01uM down	e3561644-83ca-40d5-85b8-2566359959d7	250	5.905217584741984e-05	0.025489589888778037	11.334	5	HOG002	MCF7	24H	N20	vorinostat	0.01uM	down
ISO001_MCF10A.EGFR.HD_24H_K10_vorinostat_0.37uM up	4b9038be-012f-4cf9-9efb-774e4d29682f	250	5.905217584741984e-05	0.025489589888778037	11.334	5	ISO001	MCF10A.EGFR.HD	24H	K10	vorinostat	0.37uM	up
KTOX002_HPTEC_6H_N16_tcv-cys_320uM down	8e73e9e7-6f8b-4036-b021-08c80abfec24	250	5.905217584741984e-05	0.025489589888778037	11.334	5	KTOX002	HPTEC	6H	N16	tcv-cys	320uM	down
LIVB002_HUH7_72H_N16_efavirenz_10uM up	21c19953-7246-44b6-bce2-0c22e2a45bea	250	5.905217584741984e-05	0.025489589888778037	11.334	5	LIVB002	HUH7	72H	N16	efavirenz	10uM	up
LJP002_SKBR3_6H_F20_PI-103_0.08uM up	1b71aa98-015b-461b-85db-bc97f4f6b646	250	5.905217584741984e-05	0.025489589888778037	11.334	5	LJP002	SKBR3	6H	F20	PI-103	0.08uM	up
LJP006_HT29_24H_M07_selumetinib_10uM down	ca913f1c-7f92-40dd-8075-0af72f6ec22a	250	5.905217584741984e-05	0.025489589888778037	11.334	5	LJP006	HT29	24H	M07	selumetinib	10uM	down
LJP008_PC3_24H_L12_anacardic-acid_0.04uM up	eefbbe73-6650-4549-8fc2-e73589c21cb8	250	5.905217584741984e-05	0.025489589888778037	11.334	5	LJP008	PC3	24H	L12	anacardic-acid	0.04uM	up
LRS001_PHH.MGH_24H_J12_colforsin_1.11uM up	629e1183-cd26-494e-a188-c087a2713f1a	250	5.905217584741984e-05	0.025489589888778037	11.334	5	LRS001	PHH.MGH	24H	J12	colforsin	1.11uM	up
MOAR011_A204_24H_K17_MK-0812_3.33uM down	ccd697a6-da3e-4614-9502-db7635ed8601	250	5.905217584741984e-05	0.025489589888778037	11.334	5	MOAR011	A204	24H	K17	MK-0812	3.33uM	down
MOAR003_PC3_24H_I11_VLX-600_3.33uM up	346c97f0-bb10-4b3a-96c6-950a87c5f697	250	5.905217584741984e-05	0.025489589888778037	11.334	5	MOAR003	PC3	24H	I11	VLX-600	3.33uM	up
MOAR011_MDAMB468_24H_P19_splitomycin_10uM down	9e308dd8-00f4-4273-a2b2-dd3fff479b7c	250	5.905217584741984e-05	0.025489589888778037	11.334	5	MOAR011	MDAMB468	24H	P19	splitomycin	10uM	down
MOAR011_SNU407_24H_E02_theobromine_3.33uM up	a571b9a2-b1b7-4824-b84a-e6f592421763	250	5.905217584741984e-05	0.025489589888778037	11.334	5	MOAR011	SNU407	24H	E02	theobromine	3.33uM	up
MUC.CP001_NKDBA_24H_G20_ixazomib_3.33uM down	fc75e2be-8d70-40f5-b20e-fb9fab29140d	250	5.905217584741984e-05	0.025489589888778037	11.334	5	MUC.CP001	NKDBA	24H	G20	ixazomib	3.33uM	down
PAC069_U2OS_6H_J02_sirolimus_20uM down	64507888-dfca-4b6b-b91e-da49b9ad3a19	250	5.905217584741984e-05	0.025489589888778037	11.334	5	PAC069	U2OS	6H	J02	sirolimus	20uM	down
PBIOA014_A549_24H_O01_vorinostat_10uM down	f112e38b-d42f-4220-9fa4-73fd0e053c38	250	5.905217584741984e-05	0.025489589888778037	11.334	5	PBIOA014	A549	24H	O01	vorinostat	10uM	down
PBIOA019_PC3_24H_G20_BRD-K66616402_3.33uM up	dbff5f02-72f6-419c-8dda-0bd3e204999d	250	5.905217584741984e-05	0.025489589888778037	11.334	5	PBIOA019	PC3	24H	G20	BRD-K66616402	3.33uM	up
PCLB001_U266_6H_K03_MW-SHH-250_10uM down	b7cabcea-a1e1-4af5-99b4-220e8c196e08	250	5.905217584741984e-05	0.025489589888778037	11.334	5	PCLB001	U266	6H	K03	MW-SHH-250	10uM	down
POL001_HT29_24H_M09_PD-198306_1.11uM down	97fd9744-b081-4653-a2d1-3b141c458ca7	250	5.905217584741984e-05	0.025489589888778037	11.334	5	POL001	HT29	24H	M09	PD-198306	1.11uM	down
REP.A002_HA1E_24H_J06_bendamustine_0.04uM up	e9c0351e-4b02-4546-bdae-c455b667b368	250	5.905217584741984e-05	0.025489589888778037	11.334	5	REP.A002	HA1E	24H	J06	bendamustine	0.04uM	up
ENR001_NPC_24H_H11_L-23_0.125uM down	db55aaaa-1632-47dd-9686-eb097b5311d0	250	5.905217584741984e-05	0.025489589888778037	11.334	5	ENR001	NPC	24H	H11	L-23	0.125uM	down
REP.A021_HA1E_24H_I04_NMS-1286937_0.37uM down	977bed21-517c-4542-b491-5db6c96663b8	250	5.905217584741984e-05	0.025489589888778037	11.334	5	REP.A021	HA1E	24H	I04	NMS-1286937	0.37uM	down
REP.A022_HA1E_24H_I03_SNX-2112_1.11uM down	bf9eb9cc-5a0b-495f-b0b5-e0d48edf7d4b	250	5.905217584741984e-05	0.025489589888778037	11.334	5	REP.A022	HA1E	24H	I03	SNX-2112	1.11uM	down
REP.A023_JURKAT_24H_H07_volasertib_10uM down	8ee32662-6a65-404f-814e-06310d81cdb2	250	5.905217584741984e-05	0.025489589888778037	11.334	5	REP.A023	JURKAT	24H	H07	volasertib	10uM	down
REP.A025_HEK293_24H_C05_bepotastine_0.125uM down	7f4244db-e316-45ef-be2b-2c5aa5b0f61c	250	5.905217584741984e-05	0.025489589888778037	11.334	5	REP.A025	HEK293	24H	C05	bepotastine	0.125uM	down
REP.B003_A549_24H_M10_yohimbine_0.08uM up	812f0147-85b2-4b40-a629-413e39482ed3	250	5.905217584741984e-05	0.025489589888778037	11.334	5	REP.B003	A549	24H	M10	yohimbine	0.08uM	up
ERAM001_A549_24H_P11_BRD-K46897165_4uM down	3b6b34eb-dc71-4695-ba32-43e406cd13a9	250	5.905217584741984e-05	0.025489589888778037	11.334	5	ERAM001	A549	24H	P11	BRD-K46897165	4uM	down
ERG011_VCAP_6H_O13_BRD-K37516186_10uM down	9feae253-1962-48e7-a2a7-942b1ebb0da3	250	5.905217584741984e-05	0.025489589888778037	11.334	5	ERG011	VCAP	6H	O13	BRD-K37516186	10uM	down
XPR011_HT29.311_96H_O24_ABHD6 up	55669932-9ee2-4089-8d08-e11695f4cf14	250	5.905217584741984e-05	0.025489589888778037	11.334	5	XPR011	HT29.311	96H	O24	ABHD6	N/A	up
XPR028_YAPC.311_96H_K05_MIF down	1c1cca8f-1eba-4236-844e-434c243f3fd8	250	5.905217584741984e-05	0.025489589888778037	11.334	5	XPR028	YAPC.311	96H	K05	MIF	N/A	down
XPR019_A375.311_96H_O06_KLRC3 up	5b9ba4d0-476d-4817-b89f-b58292af9e4e	250	5.905217584741984e-05	0.025489589888778037	11.334	5	XPR019	A375.311	96H	O06	KLRC3	N/A	up
XPR021_HT29.311_96H_L14_NUCKS1 up	747a627b-acb6-4274-9d7a-9fccc30b2654	250	5.905217584741984e-05	0.025489589888778037	11.334	5	XPR021	HT29.311	96H	L14	NUCKS1	N/A	up
XPR024_AGS.311_96H_A18_SLC35C1 up	a7d9c586-b2fe-4528-b566-ba4633b63aed	250	5.905217584741984e-05	0.025489589888778037	11.334	5	XPR024	AGS.311	96H	A18	SLC35C1	N/A	up
XPR024_MCF7.311_96H_O09_SIGLEC6 down	22a8bca4-2274-4816-a609-291f6eb18aa6	250	5.905217584741984e-05	0.025489589888778037	11.334	5	XPR024	MCF7.311	96H	O09	SIGLEC6	N/A	down
FIBR008_MCLF051CN_6H_K14_BRD-A24054354_4uM up	8569bdf1-dba1-474f-bf8a-20f07a849e8d	250	5.905217584741984e-05	0.025489589888778037	11.334	5	FIBR008	MCLF051CN	6H	K14	BRD-A24054354	4uM	up
XPR040_ES2.311_96H_C02_ATP5B up	9af79235-a8fc-4fb1-9061-75d7d803a153	250	5.905217584741984e-05	0.025489589888778037	11.334	5	XPR040	ES2.311	96H	C02	ATP5B	N/A	up
XPR043_IPC298.311_96H_E02_SSTR4 up	55e3548a-edda-458f-8a19-23c58121b11e	250	5.905217584741984e-05	0.025489589888778037	11.334	5	XPR043	IPC298.311	96H	E02	SSTR4	N/A	up
ASG002_BICR6_24H_I13_lapatinib_10uM down	4530d71e-f343-48b9-84f9-7a02a13d52fd	250	5.905217584741984e-05	0.025489589888778037	11.334	5	ASG002	BICR6	24H	I13	lapatinib	10uM	down
CEGS001_NPC.215_24H_K24_verapamil_0.74uM down	14011907-27fa-405e-9d39-2bcc74d56560	250	5.905217584741984e-05	0.025489589888778037	11.334	5	CEGS001	NPC.215	24H	K24	verapamil	0.74uM	down
CEGS001_NPC.8330_24H_H18_quetiapine_0.74uM up	5f61306d-1ef7-4d41-8487-59b4cf30a209	250	5.905217584741984e-05	0.025489589888778037	11.334	5	CEGS001	NPC.8330	24H	H18	quetiapine	0.74uM	up
CPC002_VCAP_24H_P20_danazol_10uM down	f199cc9e-7a47-4c32-9ac5-8bc897e32a43	250	5.905217584741984e-05	0.025489589888778037	11.334	5	CPC002	VCAP	24H	P20	danazol	10uM	down
CPC006_AGS_6H_P07_fostamatinib_10uM down	474f48c4-aeb7-4582-bb2d-d90e98a41692	250	5.905217584741984e-05	0.025489589888778037	11.334	5	CPC006	AGS	6H	P07	fostamatinib	10uM	down
CPC006_HCT116_6H_H03_PTB1_10uM down	d27fa62a-52b2-40c1-bc64-a52bcfc15a13	250	5.905217584741984e-05	0.025489589888778037	11.334	5	CPC006	HCT116	6H	H03	PTB1	10uM	down
FIBR027_MCLF130CN_6H_M24_cytosporone-b_4uM down	880e46f4-5b3f-488c-a03f-9739aeb2ad38	250	5.905217584741984e-05	0.025489589888778037	11.334	5	FIBR027	MCLF130CN	6H	M24	cytosporone-b	4uM	down
CPC006_MCF7_6H_L18_BRD-A94451536_40uM down	6f39946a-a582-45e6-9b0d-afd256fef7da	250	5.905217584741984e-05	0.025489589888778037	11.334	5	CPC006	MCF7	6H	L18	BRD-A94451536	40uM	down
CPC006_NCIH596_6H_G11_gossypol_12uM up	10a24e66-5231-4841-af9b-5f2e74bf0cb3	250	5.905217584741984e-05	0.025489589888778037	11.334	5	CPC006	NCIH596	6H	G11	gossypol	12uM	up
FIBR034_MCLF100SZ_6H_E05_UK-356618_4uM up	1b4ecf59-2c3c-47a2-ba22-cac203154726	250	5.905217584741984e-05	0.025489589888778037	11.334	5	FIBR034	MCLF100SZ	6H	E05	UK-356618	4uM	up
CPC006_SNGM_6H_P18_piperlongumine_10uM down	ec059554-21aa-4a1a-8d13-2249232d4e4e	250	5.905217584741984e-05	0.025489589888778037	11.334	5	CPC006	SNGM	6H	P18	piperlongumine	10uM	down
CPC006_SW620_6H_J06_zileuton_150uM down	40e23fa0-9d2f-41b2-aea7-2faf7fba22c3	250	5.905217584741984e-05	0.025489589888778037	11.334	5	CPC006	SW620	6H	J06	zileuton	150uM	down
CPC007_HA1E_6H_F20_BRD-A06641369_10uM up	bcf336c0-a228-4020-b136-02d8e973cd77	250	5.905217584741984e-05	0.025489589888778037	11.334	5	CPC007	HA1E	6H	F20	BRD-A06641369	10uM	up
CPC008_VCAP_6H_J12_BRD-K66686673_10uM down	828c3858-ed3c-4106-8bf5-541f8cd74b2b	250	5.905217584741984e-05	0.025489589888778037	11.334	5	CPC008	VCAP	6H	J12	BRD-K66686673	10uM	down
CPC009_VCAP_6H_L05_BRD-A05565054_10uM up	c27bb67d-48f3-4a58-b552-a6eb0333c98f	250	5.905217584741984e-05	0.025489589888778037	11.334	5	CPC009	VCAP	6H	L05	BRD-A05565054	10uM	up
CPC013_ASC_24H_O10_JW-7-24-1_10uM down	a1180f9d-2c82-447f-ab68-f3f80b656487	250	5.905217584741984e-05	0.025489589888778037	11.334	5	CPC013	ASC	24H	O10	JW-7-24-1	10uM	down
CPC016_NPC_24H_E16_zardaverine_10uM up	ea682028-854c-4a8c-9074-34d547d58d2c	250	5.905217584741984e-05	0.025489589888778037	11.334	5	CPC016	NPC	24H	E16	zardaverine	10uM	up
CPC019_PC3_6H_H19_BRD-K10405667_10uM down	ff699a82-60dd-4ed8-bc3f-d426f3d2cb68	250	5.905217584741984e-05	0.025489589888778037	11.334	5	CPC019	PC3	6H	H19	BRD-K10405667	10uM	down
CPC019_VCAP_6H_E01_BRD-K64099269_10uM down	aa5e89a9-6377-47e3-86d9-e0a72b975413	250	5.905217584741984e-05	0.025489589888778037	11.334	5	CPC019	VCAP	6H	E01	BRD-K64099269	10uM	down
CVD001_HEPG2_24H_K13_dropropizine_10uM up	5f1ac1de-9f48-441c-ab87-910af446be42	250	5.905217584741984e-05	0.025489589888778037	11.334	5	CVD001	HEPG2	24H	K13	dropropizine	10uM	up
DEB001_MCF7_24H_F09_wortmannin_0.2uM down	101cc520-7ae6-47d9-8c76-402638b623da	250	5.905217584741984e-05	0.025489589888778037	11.334	5	DEB001	MCF7	24H	F09	wortmannin	0.2uM	down
DOS056_A375_24H_C10_BRD-K31411295_4uM up	955bde95-424e-4b62-b39a-85b2c03b9cb7	250	5.905217584741984e-05	0.025489589888778037	11.334	5	DOS056	A375	24H	C10	BRD-K31411295	4uM	up
DOSVAL005_MCF7_24H_K22_BRD-K32581454_20uM up	d80a08e5-beb1-45a6-8201-65bc903eb505	250	5.905217584741984e-05	0.025489589888778037	11.334	5	DOSVAL005	MCF7	24H	K22	BRD-K32581454	20uM	up
EMU001_MINO_6H_K19_I-BET-762_10uM down	cf77a08c-6c3b-4240-8f7c-ba7026e32e92	250	5.905217584741984e-05	0.025489589888778037	11.334	5	EMU001	MINO	6H	K19	I-BET-762	10uM	down
NMH001_NEU_6H_I20_BRD-A76934284_10uM up	e7774aec-6bed-4019-97c0-2302afe77512	250	5.905217584741984e-05	0.025489589888778037	11.334	5	NMH001	NEU	6H	I20	BRD-A76934284	10uM	up
FIBR002_MCLF117SZ_6H_P13_salermide_4uM up	c5268f34-68ce-4820-9a7d-723217a259a1	250	5.905217584741984e-05	0.025489589888778037	11.334	5	FIBR002	MCLF117SZ	6H	P13	salermide	4uM	up
FIBR005_MCLF033SZ_6H_E12_triptolide_0.004uM down	1fc403db-f2ce-439b-995d-a2d8c3178220	250	5.905217584741984e-05	0.025489589888778037	11.334	5	FIBR005	MCLF033SZ	6H	E12	triptolide	0.004uM	down
FIBR008_MCLF051CN_6H_I17_alprostadil_4uM down	81ccc6f9-bcec-416b-a0da-08dc419312cd	250	5.905217584741984e-05	0.025489589888778037	11.334	5	FIBR008	MCLF051CN	6H	I17	alprostadil	4uM	down
FIBR018_MCLF076SZ_6H_N15_narciclasine_0.37uM up	0a86a702-3133-44dc-9ba0-13455e3bc414	250	5.905217584741984e-05	0.025489589888778037	11.334	5	FIBR018	MCLF076SZ	6H	N15	narciclasine	0.37uM	up
LJP007_MDAMB231_24H_B04_mitoxantrone_10uM down	19cec533-f3a3-4bbc-80a0-e945aa22e459	250	5.905217584741984e-05	0.025489589888778037	11.334	5	LJP007	MDAMB231	24H	B04	mitoxantrone	10uM	down
FIBR027_MCLF130CN_6H_O02_manumycin-a_4uM down	e0bc6dc3-2a4a-4688-b735-a024381267c1	250	5.905217584741984e-05	0.025489589888778037	11.334	5	FIBR027	MCLF130CN	6H	O02	manumycin-a	4uM	down
FIBR032_MCLF054CN_6H_B06_AR-C133057XX_4uM down	77b177d2-22f7-4211-9eb0-d74b21124514	250	5.905217584741984e-05	0.025489589888778037	11.334	5	FIBR032	MCLF054CN	6H	B06	AR-C133057XX	4uM	down
FIBR040_MCLF056CN_6H_G13_fluoxetine_4uM down	450cd866-f874-4d89-89b1-50adf981ba6d	250	5.905217584741984e-05	0.025489589888778037	11.334	5	FIBR040	MCLF056CN	6H	G13	fluoxetine	4uM	down
LJP005_HS578T_3H_C18_vemurafenib_0.04uM up	09b9c9ae-550f-47c6-ae4d-19469d78bf9f	250	5.905217584741984e-05	0.025489589888778037	11.334	5	LJP005	HS578T	3H	C18	vemurafenib	0.04uM	up
LJP006_HS578T_24H_P16_CHIR-99021_0.37uM up	16ee350b-b1b3-4ca8-a088-5b64689139d9	250	5.905217584741984e-05	0.025489589888778037	11.334	5	LJP006	HS578T	24H	P16	CHIR-99021	0.37uM	up
LJP006_MCF10A_24H_P07_XMD-1150_10uM down	b0c4dcf1-af9c-4722-93e9-1cb76634b7b3	250	5.905217584741984e-05	0.025489589888778037	11.334	5	LJP006	MCF10A	24H	P07	XMD-1150	10uM	down
LJP007_SHSY5Y_24H_K09_GSK-1059615_1.11uM down	ac6a9df0-2606-4647-810b-58c7abe91ae5	250	5.905217584741984e-05	0.025489589888778037	11.334	5	LJP007	SHSY5Y	24H	K09	GSK-1059615	1.11uM	down
LPROT004_YAPC_6H_I14_methylstat_10uM down	32659a38-5724-4b02-9dce-626d32f4b8b3	250	5.905217584741984e-05	0.025489589888778037	11.334	5	LPROT004	YAPC	6H	I14	methylstat	10uM	down
MOAR003_PC3_24H_J23_doxifluridine_3.33uM down	6c17582c-46df-42db-a473-13295cbc90de	250	5.905217584741984e-05	0.025489589888778037	11.334	5	MOAR003	PC3	24H	J23	doxifluridine	3.33uM	down
LJP007_NEU_24H_B09_ALW-II-49-7_1.11uM down	6a648119-dcc6-4768-89e2-c80679756bdd	250	5.905217584741984e-05	0.025489589888778037	11.334	5	LJP007	NEU	24H	B09	ALW-II-49-7	1.11uM	down
MOAR009_MDAMB468_24H_D22_K-02288_10uM down	1c08bfd8-751d-4339-b5d6-ba7ecad97442	250	5.905217584741984e-05	0.025489589888778037	11.334	5	MOAR009	MDAMB468	24H	D22	K-02288	10uM	down
MOAR012_HEC108_24H_A09_PT-2385_1.11uM down	a2f1dae3-ced4-4110-a7b6-03a28be0d5ce	250	5.905217584741984e-05	0.025489589888778037	11.334	5	MOAR012	HEC108	24H	A09	PT-2385	1.11uM	down
MUC.CP008_P1A82_24H_L19_kifunensine_10uM down	919bc09f-6bf1-4e34-811f-5b6ee6151963	250	5.905217584741984e-05	0.025489589888778037	11.334	5	MUC.CP008	P1A82	24H	L19	kifunensine	10uM	down
PAC006_U2OS_6H_G06_BRD-A17658676_10uM down	a347c3a0-89e4-4e66-b5d2-3a2d8bbb9771	250	5.905217584741984e-05	0.025489589888778037	11.334	5	PAC006	U2OS	6H	G06	BRD-A17658676	10uM	down
PAC066_U2OS_6H_A21_BRD-K07313741_10uM up	eef952d9-d1cc-4d91-8436-49a979c3d796	250	5.905217584741984e-05	0.025489589888778037	11.334	5	PAC066	U2OS	6H	A21	BRD-K07313741	10uM	up
PBIOA019_HT29_24H_D10_selumetinib_0.37uM down	74d9525b-56d2-4e8a-8ea3-720344d0e535	250	5.905217584741984e-05	0.025489589888778037	11.334	5	PBIOA019	HT29	24H	D10	selumetinib	0.37uM	down
PCLB001_A549_6H_A12_BRD-A19037878_2.5uM down	ad5f4e6c-c414-4987-94f1-595a8c7e7d4d	250	5.905217584741984e-05	0.025489589888778037	11.334	5	PCLB001	A549	6H	A12	BRD-A19037878	2.5uM	down
PCLB001_HA1E_6H_F07_BRD-K00640357_0.66uM down	943e33fb-099c-4e71-8403-ec0b3bf77eac	250	5.905217584741984e-05	0.025489589888778037	11.334	5	PCLB001	HA1E	6H	F07	BRD-K00640357	0.66uM	down
RAD001_MCF7_24H_C09_LY-294002_0.01uM down	87956922-70be-483f-a900-0fd7880538fb	250	5.905217584741984e-05	0.025489589888778037	11.334	5	RAD001	MCF7	24H	C09	LY-294002	0.01uM	down
REP.A005_MCF7_24H_O22_aspirin_0.37uM down	fabccc4c-7778-4d0c-b751-8aca83d238f2	250	5.905217584741984e-05	0.025489589888778037	11.334	5	REP.A005	MCF7	24H	O22	aspirin	0.37uM	down
REP.A007_HA1E_24H_D24_pentobarbital_0.04uM up	92ec439a-6f5e-4940-b313-611a05a0c93f	250	5.905217584741984e-05	0.025489589888778037	11.334	5	REP.A007	HA1E	24H	D24	pentobarbital	0.04uM	up
REP.A007_HT29_24H_E02_trientine_3.33uM down	bca91840-2a00-47b2-aa6b-98b1cb109c21	250	5.905217584741984e-05	0.025489589888778037	11.334	5	REP.A007	HT29	24H	E02	trientine	3.33uM	down
PAC002_U2OS_6H_E18_tanespimycin_20uM down	231176ba-fd0c-4b57-9086-2627ebbdcb20	250	5.905217584741984e-05	0.025489589888778037	11.334	5	PAC002	U2OS	6H	E18	tanespimycin	20uM	down
REP.A014_MCF10A_24H_H22_paricalcitol_0.37uM up	b04fbb6f-bdba-49a6-8699-258a258e99e2	250	5.905217584741984e-05	0.025489589888778037	11.334	5	REP.A014	MCF10A	24H	H22	paricalcitol	0.37uM	up
LJP009_HUVEC.A_24H_D13_TAK-715_10uM down	64e88b29-f4ff-4127-95ae-2d1ddb678c12	250	5.905217584741984e-05	0.025489589888778037	11.334	5	LJP009	HUVEC.A	24H	D13	TAK-715	10uM	down
REP.A023_MDAMB231_24H_H07_volasertib_10uM down	3bd45ae0-c350-42f0-8170-5acdfd4c4575	250	5.905217584741984e-05	0.025489589888778037	11.334	5	REP.A023	MDAMB231	24H	H07	volasertib	10uM	down
REP.B023_HEK293_24H_L24_KD-023_0.01uM down	ea54071d-d8ba-4696-b4b7-3145b048be54	250	5.905217584741984e-05	0.025489589888778037	11.334	5	REP.B023	HEK293	24H	L24	KD-023	0.01uM	down
XPR009_MCF7.311_96H_M08_SELP down	83c41f85-cbb2-4900-b671-e5bd962c8669	250	5.905217584741984e-05	0.025489589888778037	11.334	5	XPR009	MCF7.311	96H	M08	SELP	N/A	down
XPR010_AGS.311_96H_I11_MMP13 up	87089385-97f9-40d4-beee-bbc20ce050e2	250	5.905217584741984e-05	0.025489589888778037	11.334	5	XPR010	AGS.311	96H	I11	MMP13	N/A	up
XPR019_HT29.311_96H_K24_KMT2B up	980e450d-36cc-459f-94e8-471c09f229a2	250	5.905217584741984e-05	0.025489589888778037	11.334	5	XPR019	HT29.311	96H	K24	KMT2B	N/A	up
XPR021_HT29.311_96H_L13_NLRP7 up	e6c021d1-64bc-4527-9ace-268b7201183f	250	5.905217584741984e-05	0.025489589888778037	11.334	5	XPR021	HT29.311	96H	L13	NLRP7	N/A	up
XPR025_HT29.311_96H_L24_TFRC up	9afe52f2-d23d-4ace-9573-7a0f674efb3d	250	5.905217584741984e-05	0.025489589888778037	11.334	5	XPR025	HT29.311	96H	L24	TFRC	N/A	up
XPR030_A375.311_96H_N11_ALPL down	04cd3f46-5102-497f-9776-87df02a2dfdf	250	5.905217584741984e-05	0.025489589888778037	11.334	5	XPR030	A375.311	96H	N11	ALPL	N/A	down
XPR032_AGS.311_96H_B03_CCNA2 down	a9a2d11d-473c-409f-a9e8-d45ee9f6bac2	250	5.905217584741984e-05	0.025489589888778037	11.334	5	XPR032	AGS.311	96H	B03	CCNA2	N/A	down
XPR035_YAPC.311_96H_J02_PRKAG3 up	e8124047-213b-4d65-b5a3-7de87fbefa5f	250	5.905217584741984e-05	0.025489589888778037	11.334	5	XPR035	YAPC.311	96H	J02	PRKAG3	N/A	up
XPR037_PC3.311B_96H_C13_FGF14 up	a4248f6b-c6c9-4a9a-aad4-c39449f21b3f	250	5.905217584741984e-05	0.025489589888778037	11.334	5	XPR037	PC3.311B	96H	C13	FGF14	N/A	up
XPR041_HS944T.311_96H_M24_MBNL1 down	2cce0e4b-df70-4813-adbc-e33369c62507	250	5.905217584741984e-05	0.025489589888778037	11.334	5	XPR041	HS944T.311	96H	M24	MBNL1	N/A	down
ASG002_NCIH2172_24H_C03_nelfinavir_0.12uM up	ea147094-8785-4f5c-9a1a-8d92d23c5b30	250	5.905217584741984e-05	0.025489589888778037	11.334	5	ASG002	NCIH2172	24H	C03	nelfinavir	0.12uM	up
ASG002_NCIH838_24H_L11_barasertib-HQPA_1.11uM down	671b4c88-8161-4d77-bdcc-d30563aa371b	250	5.905217584741984e-05	0.025489589888778037	11.334	5	ASG002	NCIH838	24H	L11	barasertib-HQPA	1.11uM	down
ASG003_XC.P931_24H_I02_nocodazole_1.11uM down	ba4f1386-ac91-4374-9217-a87fcaa0bcb2	250	5.905217584741984e-05	0.025489589888778037	11.334	5	ASG003	XC.P931	24H	I02	nocodazole	1.11uM	down
CEGS001_NPC.215_24H_P06_doconexent_3.33uM up	5bb19532-0ccb-4183-8acf-c034c66afba8	250	5.905217584741984e-05	0.025489589888778037	11.334	5	CEGS001	NPC.215	24H	P06	doconexent	3.33uM	up
CPC006_HEC108_6H_J04_sparfosic-acid_80uM down	831cc0ed-c8cc-4e0a-a580-b5beb876416a	250	5.905217584741984e-05	0.025489589888778037	11.334	5	CPC006	HEC108	6H	J04	sparfosic-acid	80uM	down
CPC006_VCAP_24H_I07_BRD-K01192156_10uM up	d2bba15b-9d48-4ceb-8562-cfd7f972eab5	250	5.905217584741984e-05	0.025489589888778037	11.334	5	CPC006	VCAP	24H	I07	BRD-K01192156	10uM	up
CPC008_HCC515_6H_G18_VU-0415113-1_10uM down	a3b5ec3a-d398-472d-9d25-708679eaf6bc	250	5.905217584741984e-05	0.025489589888778037	11.334	5	CPC008	HCC515	6H	G18	VU-0415113-1	10uM	down
LJP009_SHSY5Y_24H_C17_QL-XI-92_0.12uM down	764ed83f-faa5-4891-8e49-211bbb778072	250	5.905217584741984e-05	0.025489589888778037	11.334	5	LJP009	SHSY5Y	24H	C17	QL-XI-92	0.12uM	down
CPC011_A375_6H_P13_rosiglitazone_10uM down	5a19a951-b116-4ee9-97d3-49ea8b3e1412	250	5.905217584741984e-05	0.025489589888778037	11.334	5	CPC011	A375	6H	P13	rosiglitazone	10uM	down
CPC015_A375_6H_F24_thiothixene_10uM up	9463ec1d-014f-4b87-843d-a64d935135da	250	5.905217584741984e-05	0.025489589888778037	11.334	5	CPC015	A375	6H	F24	thiothixene	10uM	up
CPC017_HEPG2_6H_A12_LY-165163_10uM up	ffe11c9c-bab1-4a1e-a24a-41e3de8ee646	250	5.905217584741984e-05	0.025489589888778037	11.334	5	CPC017	HEPG2	6H	A12	LY-165163	10uM	up
CVD001_HUH7_6H_K07_BRD-A94546435_10uM down	fa62a7b9-b42f-4a8b-9978-0472d2b5c75f	250	5.905217584741984e-05	0.025489589888778037	11.334	5	CVD001	HUH7	6H	K07	BRD-A94546435	10uM	down
DOS049_MCF7_24H_A03_geldanamycin_10uM down	689d5fc1-a5bd-416c-9b96-872f3e60241f	250	5.905217584741984e-05	0.025489589888778037	11.334	5	DOS049	MCF7	24H	A03	geldanamycin	10uM	down
DOS051_MCF7_24H_F06_BRD-K11144279_4uM down	e1cd8797-ad31-485a-971d-786a4d2f7c5c	250	5.905217584741984e-05	0.025489589888778037	11.334	5	DOS051	MCF7	24H	F06	BRD-K11144279	4uM	down
DOSVAL001_A375_24H_O19_BRD-K79330383_10uM up	06397f21-a0dc-4d51-a265-4a7e36b1e863	250	5.905217584741984e-05	0.025489589888778037	11.334	5	DOSVAL001	A375	24H	O19	BRD-K79330383	10uM	up
DOSVAL004_HEPG2_24H_H13_BRD-K28934562_20uM down	9dbb9099-8114-4330-ba75-c4ef80fdfb18	250	5.905217584741984e-05	0.025489589888778037	11.334	5	DOSVAL004	HEPG2	24H	H13	BRD-K28934562	20uM	down
LPROT001_MCF7_6H_I19_geldanamycin_2.22uM down	4d33487a-6ecb-4d42-9704-9f64327fa76c	250	5.905217584741984e-05	0.025489589888778037	11.334	5	LPROT001	MCF7	6H	I19	geldanamycin	2.22uM	down
FIBR005_MCLF033SZ_6H_L14_AM-580_4uM down	f669f797-e5f7-4933-b95b-6e77d856e9b5	250	5.905217584741984e-05	0.025489589888778037	11.334	5	FIBR005	MCLF033SZ	6H	L14	AM-580	4uM	down
FIBR008_MCLF051CN_6H_N06_Ro-28-1675_4uM down	c61d4d60-fb89-448c-890d-64ed2c87db34	250	5.905217584741984e-05	0.025489589888778037	11.334	5	FIBR008	MCLF051CN	6H	N06	Ro-28-1675	4uM	down
FIBR012_MCLF015CN_6H_A18_BI-2536_0.08uM down	c203973b-94b6-460c-97f3-3440b1448996	250	5.905217584741984e-05	0.025489589888778037	11.334	5	FIBR012	MCLF015CN	6H	A18	BI-2536	0.08uM	down
FIBR024_MCLF126CN_6H_O04_ixazomib_0.04uM down	1b00ecf1-f0e3-42fa-8c9b-b64205ef09d3	250	5.905217584741984e-05	0.025489589888778037	11.334	5	FIBR024	MCLF126CN	6H	O04	ixazomib	0.04uM	down
FIBR030_MCLF040SZ_6H_A20_APO-866_0.08uM down	956c99b5-46da-4f79-b33b-d4ceab9680fc	250	5.905217584741984e-05	0.025489589888778037	11.334	5	FIBR030	MCLF040SZ	6H	A20	APO-866	0.08uM	down
FIBR037_MCLF035SZ_6H_B17_TW-37_0.74uM up	5f56b3ec-08d4-4a5f-af82-21607b581251	250	5.905217584741984e-05	0.025489589888778037	11.334	5	FIBR037	MCLF035SZ	6H	B17	TW-37	0.74uM	up
MOAR008_22RV1_24H_I24_papaverine_1.11uM up	93a7f591-8ce6-480f-8863-80f7c7d96c88	250	5.905217584741984e-05	0.025489589888778037	11.334	5	MOAR008	22RV1	24H	I24	papaverine	1.11uM	up
ISO002_HCT116.TP53.HR_24H_N07_LGX-818_10uM down	aa6aa9c0-2149-4a2f-bc61-1132a4916053	250	5.905217584741984e-05	0.025489589888778037	11.334	5	ISO002	HCT116.TP53.HR	24H	N07	LGX-818	10uM	down
KMS002_NOMO1_24H_H06_BRD-K23582869_0.37uM down	6a8e0961-e7ec-40ea-9c5c-771c702bc2ee	250	5.905217584741984e-05	0.025489589888778037	11.334	5	KMS002	NOMO1	24H	H06	BRD-K23582869	0.37uM	down
LJP007_NPC.CAS9_24H_M02_FR-180204_3.33uM down	184f0193-a0a7-4d70-9261-8330cdbf9457	250	5.905217584741984e-05	0.025489589888778037	11.334	5	LJP007	NPC.CAS9	24H	M02	FR-180204	3.33uM	down
LJP007_SKL.C_24H_E15_AZ-628_1.11uM down	96ba5fee-8ebb-4527-8260-275d8b7be77a	250	5.905217584741984e-05	0.025489589888778037	11.334	5	LJP007	SKL.C	24H	E15	AZ-628	1.11uM	down
LJP008_HUVEC.A_24H_O04_PD-0325901_0.37uM up	24761304-b3d9-4df1-876e-f9c0b91aca25	250	5.905217584741984e-05	0.025489589888778037	11.334	5	LJP008	HUVEC.A	24H	O04	PD-0325901	0.37uM	up
LJP008_HUVEC_24H_K11_GSK-1059615_0.12uM up	f9d77460-4a1b-44f4-8ea2-a352dd24c2ec	250	5.905217584741984e-05	0.025489589888778037	11.334	5	LJP008	HUVEC	24H	K11	GSK-1059615	0.12uM	up
LJP009_HEPG2_24H_K19_CC-401_10uM down	863613f4-5f07-4579-b268-d10640eb68cf	250	5.905217584741984e-05	0.025489589888778037	11.334	5	LJP009	HEPG2	24H	K19	CC-401	10uM	down
LKCP001_A549_6H_G07_ixazomib_10uM up	e45228ec-6c1c-4b5a-b1f8-ffae5b8880d9	250	5.905217584741984e-05	0.025489589888778037	11.334	5	LKCP001	A549	6H	G07	ixazomib	10uM	up
MOAR003_A375_24H_H14_methiopril_3.33uM down	89481f28-a80e-4d2d-a9ab-735e94aaa661	250	5.905217584741984e-05	0.025489589888778037	11.334	5	MOAR003	A375	24H	H14	methiopril	3.33uM	down
MOAR009_BC3C_24H_B16_adaptavir_10uM up	755ad158-5174-450d-ba5e-8f55d6098241	250	5.905217584741984e-05	0.025489589888778037	11.334	5	MOAR009	BC3C	24H	B16	adaptavir	10uM	up
MOAR011_MELHO_24H_N13_SMI-4a_10uM down	d658a6e3-53f1-4905-9c4c-240d9f871c29	250	5.905217584741984e-05	0.025489589888778037	11.334	5	MOAR011	MELHO	24H	N13	SMI-4a	10uM	down
MOAR011_NCIH1573_24H_G20_SKI-II_3.33uM down	8943a346-0a47-49d2-a898-b0a7ad505d40	250	5.905217584741984e-05	0.025489589888778037	11.334	5	MOAR011	NCIH1573	24H	G20	SKI-II	3.33uM	down
MOAR012_SH4_24H_A17_dehydrocorydaline_3.33uM up	d594df4b-45e9-42ac-a4b0-8c1a9dec8b61	250	5.905217584741984e-05	0.025489589888778037	11.334	5	MOAR012	SH4	24H	A17	dehydrocorydaline	3.33uM	up
MUC.CP008_P1A82_24H_F24_SR-27897_0.04uM up	03a75e9d-a8c4-42f6-9e36-5544cf302516	250	5.905217584741984e-05	0.025489589888778037	11.334	5	MUC.CP008	P1A82	24H	F24	SR-27897	0.04uM	up
NMH002_NEU_24H_L16_BG-1011_10uM down	3a501e5d-7243-4b64-ae3e-0b604846b0ef	250	5.905217584741984e-05	0.025489589888778037	11.334	5	NMH002	NEU	24H	L16	BG-1011	10uM	down
PAC002_U2OS_6H_O02_meticrane_6.66uM down	42dc4a44-b833-4c1a-973d-7227a244ded6	250	5.905217584741984e-05	0.025489589888778037	11.334	5	PAC002	U2OS	6H	O02	meticrane	6.66uM	down
MOAR008_JHH5_24H_I07_tipifarnib_4uM up	b7b2580e-c973-4d08-86cc-edb5a3e5276c	250	5.905217584741984e-05	0.025489589888778037	11.334	5	MOAR008	JHH5	24H	I07	tipifarnib	4uM	up
PBIOA015_MCF7_24H_O02_MG-132_10uM down	e1b2eb92-7653-4fbf-b179-6d64c56f3c3c	250	5.905217584741984e-05	0.025489589888778037	11.334	5	PBIOA015	MCF7	24H	O02	MG-132	10uM	down
PBIOA018_MCF7_24H_P04_BRD-K06023321_0.37uM down	dc0454a7-f11a-4cb9-b15a-1918707f3917	250	5.905217584741984e-05	0.025489589888778037	11.334	5	PBIOA018	MCF7	24H	P04	BRD-K06023321	0.37uM	down
PBIOA020_HEPG2_24H_L19_BRD-K19203541_10uM down	9a8102f8-288c-488b-a7b7-8c2c6322118c	250	5.905217584741984e-05	0.025489589888778037	11.334	5	PBIOA020	HEPG2	24H	L19	BRD-K19203541	10uM	down
PBIOA020_PC3_24H_J11_BRD-K37390332_0.125uM down	8d8f0e2e-5649-4b25-87a5-40d256de98c0	250	5.905217584741984e-05	0.025489589888778037	11.334	5	PBIOA020	PC3	24H	J11	BRD-K37390332	0.125uM	down
PCLB001_A549_24H_A03_BRD-A19037878_10uM down	8a937976-a9e4-4be1-896f-73cbb99135d6	250	5.905217584741984e-05	0.025489589888778037	11.334	5	PCLB001	A549	24H	A03	BRD-A19037878	10uM	down
REP.A002_HA1E_24H_E20_butoconazole_3.33uM up	1e5faa56-b64a-40d8-8d75-37c991736568	250	5.905217584741984e-05	0.025489589888778037	11.334	5	REP.A002	HA1E	24H	E20	butoconazole	3.33uM	up
REP.A002_PC3_24H_J02_bendamustine_3.33uM down	c2ff3145-4202-4eb6-ab57-c75cdf26383c	250	5.905217584741984e-05	0.025489589888778037	11.334	5	REP.A002	PC3	24H	J02	bendamustine	3.33uM	down
REP.A005_MCF7_24H_E24_deforolimus_0.04uM up	83b022ff-7864-4780-814b-ffd0bca211c2	250	5.905217584741984e-05	0.025489589888778037	11.334	5	REP.A005	MCF7	24H	E24	deforolimus	0.04uM	up
REP.A007_PC3_24H_E19_perampanel_10uM up	bf8159d9-04c8-49f9-a7b7-070f063c2acd	250	5.905217584741984e-05	0.025489589888778037	11.334	5	REP.A007	PC3	24H	E19	perampanel	10uM	up
REP.A013_JURKAT_24H_N17_MLN-2480_0.125uM up	56086776-0274-41f7-994e-aac22a83ef34	250	5.905217584741984e-05	0.025489589888778037	11.334	5	REP.A013	JURKAT	24H	N17	MLN-2480	0.125uM	up
REP.A014_HT29_24H_J06_PHA-848125_0.04uM up	7bb74a8a-4c84-4fac-8705-9f9a7a1142ef	250	5.905217584741984e-05	0.025489589888778037	11.334	5	REP.A014	HT29	24H	J06	PHA-848125	0.04uM	up
PAC034_U2OS_6H_I15_BRD-K57443386_10uM up	4728e9d4-f6f0-405a-afb5-184c098eab69	250	5.905217584741984e-05	0.025489589888778037	11.334	5	PAC034	U2OS	6H	I15	BRD-K57443386	10uM	up
REP.A016_JURKAT_24H_E04_R-547_0.37uM down	e0db1b7e-c25e-41f2-b7fd-dc7c4ce94f52	250	5.905217584741984e-05	0.025489589888778037	11.334	5	REP.A016	JURKAT	24H	E04	R-547	0.37uM	down
REP.A016_MDAMB231_24H_G19_anecortave-acetate_10uM up	2d47013c-7c68-462c-be51-991832383a2f	250	5.905217584741984e-05	0.025489589888778037	11.334	5	REP.A016	MDAMB231	24H	G19	anecortave-acetate	10uM	up
REP.B004_HA1E_24H_B17_MK-0752_0.03uM down	7d647e20-f697-4aac-b059-5796a5894723	250	5.905217584741984e-05	0.025489589888778037	11.334	5	REP.B004	HA1E	24H	B17	MK-0752	0.03uM	down
REP.B011_MCF10A_24H_P03_dexloxiglumide_0.25uM down	7448ee7b-9d8e-415c-93d1-ef8c29a40dd3	250	5.905217584741984e-05	0.025489589888778037	11.334	5	REP.B011	MCF10A	24H	P03	dexloxiglumide	0.25uM	down
REP.B013_HT29_24H_E23_epirizole_0.03uM down	f3ef6008-4bfc-4384-9856-7d2c12041a0d	250	5.905217584741984e-05	0.025489589888778037	11.334	5	REP.B013	HT29	24H	E23	epirizole	0.03uM	down
REP.B015_MCF10A_24H_M13_diclofensine_2.22uM up	5e12b402-9776-428c-8d90-cda1452ba1af	250	5.905217584741984e-05	0.025489589888778037	11.334	5	REP.B015	MCF10A	24H	M13	diclofensine	2.22uM	up
MOAR012_SKES1_24H_P01_tacrine_10uM up	94565030-5f7b-4b18-bfb1-7fdbcc9ec75e	250	5.905217584741984e-05	0.025489589888778037	11.334	5	MOAR012	SKES1	24H	P01	tacrine	10uM	up
REP.B024_PC3_24H_P02_enzastaurin_0.74uM down	5693f28c-49ed-4470-801f-5d4e8754b688	250	5.905217584741984e-05	0.025489589888778037	11.334	5	REP.B024	PC3	24H	P02	enzastaurin	0.74uM	down
REP.B026_MCF7_24H_A10_ursodiol_0.08uM up	d2b3c38a-49fb-4676-91cc-e0fa29aca945	250	5.905217584741984e-05	0.025489589888778037	11.334	5	REP.B026	MCF7	24H	A10	ursodiol	0.08uM	up
REP.B027_HT29_24H_N02_RS-127445_0.74uM down	7f0066e2-bf15-4718-9429-94b4992301b4	250	5.905217584741984e-05	0.025489589888778037	11.334	5	REP.B027	HT29	24H	N02	RS-127445	0.74uM	down
XPR011_BICR6.311_96H_O20_ACKR1 down	9717d4b6-09be-49bb-b84a-0c2b36b0edf8	250	5.905217584741984e-05	0.025489589888778037	11.334	5	XPR011	BICR6.311	96H	O20	ACKR1	N/A	down
XPR021_MCF7.311_96H_J13_NOD2 down	2b85421e-4d7e-4511-ae17-00981693596f	250	5.905217584741984e-05	0.025489589888778037	11.334	5	XPR021	MCF7.311	96H	J13	NOD2	N/A	down
XPR024_AGS.311_96H_F19_SLC50A1 down	64f3511a-a58b-41a3-98df-d67edd59de5d	250	5.905217584741984e-05	0.025489589888778037	11.334	5	XPR024	AGS.311	96H	F19	SLC50A1	N/A	down
XPR026_AGS.311_96H_M16_TNFRSF18 down	bede9dec-fc27-4e1e-9ce1-9d08e0c3a9ad	250	5.905217584741984e-05	0.025489589888778037	11.334	5	XPR026	AGS.311	96H	M16	TNFRSF18	N/A	down
PAC003_U2OS_6H_O06_ABT-724_10uM down	54aad0d6-93d1-4ce0-86b6-b454192af15f	250	5.905217584741984e-05	0.025489589888778037	11.334	5	PAC003	U2OS	6H	O06	ABT-724	10uM	down
ASG002_OC316_24H_J02_GDC-0199_1.11uM down	7afa65cb-2a4b-4b67-8806-f69c425a8ffb	250	5.905217584741984e-05	0.025489589888778037	11.334	5	ASG002	OC316	24H	J02	GDC-0199	1.11uM	down
CPC003_HA1E_6H_B21_fluprostenol_10uM up	d3b74c42-960d-472f-83a9-0c0706ae72d1	250	5.905217584741984e-05	0.025489589888778037	11.334	5	CPC003	HA1E	6H	B21	fluprostenol	10uM	up
CPC004_HEPG2_6H_L19_toltrazuril_10uM down	fe43ded1-98ac-4d1f-a8f1-8dbe0449756a	250	5.905217584741984e-05	0.025489589888778037	11.334	5	CPC004	HEPG2	6H	L19	toltrazuril	10uM	down
PAC006_U2OS_6H_K14_felodipine_4uM down	f13baecf-a2ed-4ce6-9d30-36763d4b7f5c	250	5.905217584741984e-05	0.025489589888778037	11.334	5	PAC006	U2OS	6H	K14	felodipine	4uM	down
CPC006_H1299_6H_H03_PTB1_10uM down	b5f14841-ed47-4ec0-9559-d85c2e5a3cf4	250	5.905217584741984e-05	0.025489589888778037	11.334	5	CPC006	H1299	6H	H03	PTB1	10uM	down
CPC006_HA1E_6H_H23_PI-103_12uM up	0b0521e1-860c-4589-89f9-18415de4d055	250	5.905217584741984e-05	0.025489589888778037	11.334	5	CPC006	HA1E	6H	H23	PI-103	12uM	up
CPC006_HCC515_24H_O10_PAC-1_10uM up	8cb9955b-2d59-4cfe-9cbd-22e803a628f3	250	5.905217584741984e-05	0.025489589888778037	11.334	5	CPC006	HCC515	24H	O10	PAC-1	10uM	up
CPC008_HT29_6H_N07_BRD-K08447949_10uM up	191a80b2-1c97-4e35-a852-780db5261c96	250	5.905217584741984e-05	0.025489589888778037	11.334	5	CPC008	HT29	6H	N07	BRD-K08447949	10uM	up
PCLB003_A375_24H_E11_BRD-K47503321_0.12uM up	96b5d8c2-c598-447d-9f8b-7d8617b08d4c	250	5.905217584741984e-05	0.025489589888778037	11.334	5	PCLB003	A375	24H	E11	BRD-K47503321	0.12uM	up
REP.A004_HA1E_24H_J21_fluorouracil_1.11uM up	07d6871c-c2f3-461b-93ce-b40b976878b1	250	5.905217584741984e-05	0.025489589888778037	11.334	5	REP.A004	HA1E	24H	J21	fluorouracil	1.11uM	up
CPC013_HEPG2_6H_P22_BRD-K85266146_10uM up	46366a23-4f48-42b3-a744-6ffb1879c884	250	5.905217584741984e-05	0.025489589888778037	11.334	5	CPC013	HEPG2	6H	P22	BRD-K85266146	10uM	up
CPC013_PC3_24H_E01_deforolimus_10uM down	32c2dd2f-77c6-4c40-affd-be9dd0f18429	250	5.905217584741984e-05	0.025489589888778037	11.334	5	CPC013	PC3	24H	E01	deforolimus	10uM	down
CPC014_PC3_6H_O18_XL-147_10uM up	051862cc-3d57-40a4-a346-3a128429ed25	250	5.905217584741984e-05	0.025489589888778037	11.334	5	CPC014	PC3	6H	O18	XL-147	10uM	up
CPC019_PC3_6H_I04_SD-6-035-A4_10uM down	dbfafcf8-d8ff-4873-ae46-3efb67f3f9d2	250	5.905217584741984e-05	0.025489589888778037	11.334	5	CPC019	PC3	6H	I04	SD-6-035-A4	10uM	down
REP.A005_HA1E_24H_B12_2-iminobiotin_0.04uM up	d7fd3e94-344c-43de-92a3-c07788de1cd1	250	5.905217584741984e-05	0.025489589888778037	11.334	5	REP.A005	HA1E	24H	B12	2-iminobiotin	0.04uM	up
CRCGN015_MCF10A_48H_M11_methylhydrazine-sulfate_30uM down	a43ca50d-fd54-4175-846e-8bbc3eaec68a	250	5.905217584741984e-05	0.025489589888778037	11.334	5	CRCGN015	MCF10A	48H	M11	methylhydrazine-sulfate	30uM	down
DOS057_MCF7_24H_J02_BRD-K79094264_4uM down	b1e20133-5380-4dba-bb81-13b3c4b764e5	250	5.905217584741984e-05	0.025489589888778037	11.334	5	DOS057	MCF7	24H	J02	BRD-K79094264	4uM	down
ERAM001_MCF7_24H_O22_rociletinib_6.66uM down	06e304bb-ecaf-4781-a985-a5f590aa7f3f	250	5.905217584741984e-05	0.025489589888778037	11.334	5	ERAM001	MCF7	24H	O22	rociletinib	6.66uM	down
ERG004_VCAP_6H_H11_BRD-K92801790_30uM up	18c5caff-8c52-447c-9955-6576ed957b45	250	5.905217584741984e-05	0.025489589888778037	11.334	5	ERG004	VCAP	6H	H11	BRD-K92801790	30uM	up
KMS002_THP1_24H_E10_BRD-K51556300 up	92aed433-9d7d-4338-8c41-911c37cacf51	250	5.905217584741984e-05	0.025489589888778037	11.334	5	KMS002	THP1	24H	E10	BRD-K51556300	N/A	up
FIBR008_MCLF051CN_6H_L21_LDN-193189_0.37uM up	50650999-b216-4d4b-9e56-eca86c3764a1	250	5.905217584741984e-05	0.025489589888778037	11.334	5	FIBR008	MCLF051CN	6H	L21	LDN-193189	0.37uM	up
FIBR013_MCLF162SZ_6H_D19_CT-200783_2.22uM down	04845e64-61d7-4139-8ad3-d851616abc5c	250	5.905217584741984e-05	0.025489589888778037	11.334	5	FIBR013	MCLF162SZ	6H	D19	CT-200783	2.22uM	down
FIBR025_MCLF141SZ_6H_K19_entinostat_4uM up	9e43f7f1-ce1b-49d3-b935-5aa40eb4f739	250	5.905217584741984e-05	0.025489589888778037	11.334	5	FIBR025	MCLF141SZ	6H	K19	entinostat	4uM	up
FIBR032_MCLF054CN_6H_E24_HLI-373_4uM down	c777c782-efa4-4a05-92d9-45aca3828b5c	250	5.905217584741984e-05	0.025489589888778037	11.334	5	FIBR032	MCLF054CN	6H	E24	HLI-373	4uM	down
FIBR038_MCLF035SZ_6H_I14_PAC-1_25uM up	82028f4a-92a6-4b90-b848-5a62f64ac883	250	5.905217584741984e-05	0.025489589888778037	11.334	5	FIBR038	MCLF035SZ	6H	I14	PAC-1	25uM	up
HOG001_A549_6H_E15_perhexiline_3.33uM down	b84e01ec-109b-4b01-86ff-8d66f3d9e0f7	250	5.905217584741984e-05	0.025489589888778037	11.334	5	HOG001	A549	6H	E15	perhexiline	3.33uM	down
HOG002_MCF7_24H_B20_BRD-K76674262_0.01uM down	994a6ac6-6c4c-43a0-a23d-3d9f7e51098c	250	5.905217584741984e-05	0.025489589888778037	11.334	5	HOG002	MCF7	24H	B20	BRD-K76674262	0.01uM	down
PBIOA021_MCF7_24H_A15_BRD-K59968781_1.11uM down	b1f352a1-c59b-4a97-a4b2-ccc633d69671	250	5.905217584741984e-05	0.025489589888778037	11.334	5	PBIOA021	MCF7	24H	A15	BRD-K59968781	1.11uM	down
LJP006_A549_24H_A07_AZD-8055_10uM up	56ef6f40-9169-43ed-91e6-4672e8514b08	250	5.905217584741984e-05	0.025489589888778037	11.334	5	LJP006	A549	24H	A07	AZD-8055	10uM	up
LJP007_NPC.TAK_24H_C09_SB-216763_1.11uM down	ad2b8f16-5012-4154-9862-5c57399d54fd	250	5.905217584741984e-05	0.025489589888778037	11.334	5	LJP007	NPC.TAK	24H	C09	SB-216763	1.11uM	down
LJP008_HUVEC.A_24H_O01_PD-0325901_10uM up	8b387743-ef59-45d5-9a8a-309312b2a1dd	250	5.905217584741984e-05	0.025489589888778037	11.334	5	LJP008	HUVEC.A	24H	O01	PD-0325901	10uM	up
MOAR008_NCIH2110_24H_K04_trequinsin_10uM down	7710ec65-a89e-4504-97ea-3c1ba4ce3f08	250	5.905217584741984e-05	0.025489589888778037	11.334	5	MOAR008	NCIH2110	24H	K04	trequinsin	10uM	down
REP.A025_HA1E_24H_C08_mesulergine_3.33uM up	8538f06c-82e5-4b68-90b9-e79f1bf5fa2a	250	5.905217584741984e-05	0.025489589888778037	11.334	5	REP.A025	HA1E	24H	C08	mesulergine	3.33uM	up
NMH002_NPC_24H_F10_BML-210_10uM down	11638d0c-dabc-45da-9e77-8871c24d49bf	250	5.905217584741984e-05	0.025489589888778037	11.334	5	NMH002	NPC	24H	F10	BML-210	10uM	down
PAC013_U2OS_6H_I02_BRD-K19396909_10uM down	cb8047e6-3571-473f-a5f8-71c1e73dfbf2	250	5.905217584741984e-05	0.025489589888778037	11.334	5	PAC013	U2OS	6H	I02	BRD-K19396909	10uM	down
PAC051_U2OS_6H_E22_BRD-K32310489_10uM up	cc49c813-811f-4f6a-8a45-659106f34b8a	250	5.905217584741984e-05	0.025489589888778037	11.334	5	PAC051	U2OS	6H	E22	BRD-K32310489	10uM	up
PBIOA006_XC.R10_24H_F05_BRD-K11092807_3.33uM up	1e6c568a-3f60-46dc-a955-5d4cf731c0df	250	5.905217584741984e-05	0.025489589888778037	11.334	5	PBIOA006	XC.R10	24H	F05	BRD-K11092807	3.33uM	up
PBIOA015_A549_24H_B20_BRD-K13552602_3.33uM up	528d033d-d9fb-4cc4-b4f1-d2cac9063a68	250	5.905217584741984e-05	0.025489589888778037	11.334	5	PBIOA015	A549	24H	B20	BRD-K13552602	3.33uM	up
PBIOA015_HT29_24H_M21_BRD-K09587429_1.11uM down	bd713276-9366-47db-ad9d-9582c74d7254	250	5.905217584741984e-05	0.025489589888778037	11.334	5	PBIOA015	HT29	24H	M21	BRD-K09587429	1.11uM	down
PBIOA022_HCC515_24H_E14_VU-0418946-1_3.33uM up	65fb4e05-224d-4234-a544-4a11cecc6963	250	5.905217584741984e-05	0.025489589888778037	11.334	5	PBIOA022	HCC515	24H	E14	VU-0418946-1	3.33uM	up
PCLB003_HCC515_24H_H13_staurosporine_10uM down	6ba9c3a7-fdd8-47ff-b901-f859734a47b3	250	5.905217584741984e-05	0.025489589888778037	11.334	5	PCLB003	HCC515	24H	H13	staurosporine	10uM	down
POL001_HT29_24H_G11_sirolimus_0.125uM up	c1eb4546-681d-489a-aba2-e3e80781ca14	250	5.905217584741984e-05	0.025489589888778037	11.334	5	POL001	HT29	24H	G11	sirolimus	0.125uM	up
REP.A005_XC.L10_24H_A21_I-BET-762_1.11uM down	455f4df7-cc46-4304-9fc8-e95a9b6ff419	250	5.905217584741984e-05	0.025489589888778037	11.334	5	REP.A005	XC.L10	24H	A21	I-BET-762	1.11uM	down
REP.A011_HA1E_24H_C24_bortezomib_20uM up	7401897b-20da-4eaf-bd5d-035ec23e89e2	250	5.905217584741984e-05	0.025489589888778037	11.334	5	REP.A011	HA1E	24H	C24	bortezomib	20uM	up
REP.B001_HELA_3H_D17_clobetasol_0.03uM down	26092a7c-fc9b-4f7c-8ed8-edc191ab56b3	250	5.905217584741984e-05	0.025489589888778037	11.334	5	REP.B001	HELA	3H	D17	clobetasol	0.03uM	down
