signatureID	similarity	pValue	nGenes	compound	lincsPertID	GeneTargets	concentration	cellLine	time	_row
LINCSCP_116175	-0.9933203728	6.978764765e-06	7	AKT Inhibitor VIII	LSM-1035	AKT1|AKT2	10uM	HT29	24h	LINCSCP_116175
LINCSCP_129398	0.9880988827	2.948822684e-05	7	Mitoxantrone	LSM-2481	TOP2A	10uM	JURKAT	24h	LINCSCP_129398
LINCSCP_129506	0.9864122246	4.103515591e-05	7	Dacomitinib	LSM-42808	EGFR|ERBB2|ERBB3|ERBB4	10uM	JURKAT	24h	LINCSCP_129506
LINCSCP_77427	-0.9851152436	5.150344667e-05	7	Lafutidine	LSM-45448	NA	0.12uM	A375	24h	LINCSCP_77427
LINCSCP_27265	0.9847560994	5.465605057e-05	7	AC1NSOND	LSM-43112	NA	10uM	HT29	6h	LINCSCP_27265
LINCSCP_51001	0.9841339709	6.038416608e-05	7	3,5-Bis(4-methylbenzylidene)piperidin-4-one	LSM-42949	SENP2|USP1|USP2|USP7	10uM	RMGI	6h	LINCSCP_51001
LINCSCP_87393	0.9834405801	6.717428183e-05	7	Rigosertib	LSM-44531	CDK1|F2R|FLT1|FYN|PDGFRA|PLK1|PLK2|SRC	0.12uM	CD34	24h	LINCSCP_87393
LINCSCP_129439	0.9832303325	6.931898094e-05	7	SGI-1776	LSM-6307	PIM1|PIM2|PIM3	10uM	JURKAT	24h	LINCSCP_129439
LINCSCP_50133	0.9826916302	7.499898568e-05	7	Dipyridamole	LSM-3927	ADA|PDE10A|PDE1A|PDE1B|PDE1C|PDE2A|PDE3A|PDE3B|PDE4A|PDE4B|PDE4C|PDE4D|PDE5A|PDE6A|PDE6B|PDE6C|PDE6D|PDE6G|PDE6H|PDE7A|PDE7B|PDE8A|PDE8B|PDE9A|SLC29A1	10uM	PHH	24h	LINCSCP_50133
LINCSCP_129690	0.9824760015	7.734772196e-05	7	OTSSP167	LSM-6340	NA	0.04uM	JURKAT	24h	LINCSCP_129690
LINCSCP_129688	0.9817547505	8.552049188e-05	7	OTSSP167	LSM-6340	NA	10uM	JURKAT	24h	LINCSCP_129688
LINCSCP_17043	-0.9815508055	8.792076315e-05	7	Benzofuran	LSM-36964	NA	10uM	HA1E	24h	LINCSCP_17043
LINCSCP_298858	0.9802765128	0.0001038266321	7	BRD-K01008530	LSM-6870	NA	5uM	VCAP	6h	LINCSCP_298858
LINCSCP_56860	0.9802573467	0.0001040779701	7	TW 37	LSM-6236	BCL2|BCL2L1|MCL1	10uM	VCAP	24h	LINCSCP_56860
LINCSCP_18731	0.9794225597	0.0001153792818	7	Tyrphostin B46	LSM-3628	EGFR	10uM	HCC515	6h	LINCSCP_18731
LINCSCP_59495	0.9786559231	0.0001263756043	7	Loperamide	LSM-3365	OPRD1|OPRM1	10uM	VCAP	24h	LINCSCP_59495
LINCSCP_3018	0.9784001871	0.000130177174	7	BRD-K73945663	LSM-41290	NA	10uM	A375	6h	LINCSCP_3018
LINCSCP_44808	0.9783634636	0.0001307285995	7	BDBM50127227	LSM-43025	FNTA|IKBKB	10uM	PC3	6h	LINCSCP_44808
LINCSCP_38547	0.9783303082	0.0001312276422	7	Vorinostat	LSM-3828	HDAC1|HDAC2|HDAC3|HDAC6|HDAC8	3.33uM	MCF7	24h	LINCSCP_38547
LINCSCP_25973	0.9776295284	0.0001420420925	7	MLS000089581	LSM-3886	NA	10uM	HT29	24h	LINCSCP_25973
LINCSCP_290155	-0.9771086355	0.0001504133148	7	NSC95397	LSM-3521	NA	10uM	VCAP	24h	LINCSCP_290155
LINCSCP_21517	-0.9763251955	0.0001635457822	7	6-(4-Hydroxy-6-methoxy-7-methyl-3-oxo-1H-2-benzofuran-5-yl)-4-methylhex-4-enoic acid	LSM-2681	IMPDH1|IMPDH2	10uM	HEPG2	6h	LINCSCP_21517
LINCSCP_310533	-0.9761763701	0.0001661147795	7	BRD-K20347026	LSM-38365	NA	10uM	VCAP	6h	LINCSCP_310533
LINCSCP_47227	0.9750742965	0.0001858867534	7	BRD-K60297835	LSM-40570	NA	10uM	PC3	6h	LINCSCP_47227
LINCSCP_106783	-0.9745445139	0.0001958659945	7	Aphidicolin	LSM-45486	NA	3.33uM	HELA	24h	LINCSCP_106783
LINCSCP_261898	0.9736543573	0.0002133381884	7	ZSTK 474	LSM-1053	PIK3CG	10uM	NPC	24h	LINCSCP_261898
LINCSCP_119248	0.9733984689	0.000218526	7	Saracatinib	LSM-1032	ABL1|SRC	1.11uM	HT29	24h	LINCSCP_119248
LINCSCP_52886	0.9733536157	0.0002194429928	7	BD-1047	LSM-2810	SIGMAR1	10uM	SKB	24h	LINCSCP_52886
LINCSCP_139048	-0.9730140909	0.0002264586488	7	Anandamide	LSM-43816	CNR1|CNR2|TRPV1	0.12uM	MCF7	24h	LINCSCP_139048
LINCSCP_147693	-0.9728816259	0.000229231498	7	Idelalisib	LSM-1205	PIK3CD|PIK3CG	10uM	NPC.CAS9	24h	LINCSCP_147693
LINCSCP_138374	0.9726035733	0.0002351173491	7	Esmolol	LSM-4957	ADRB1|ADRB2	1.11uM	MCF7	24h	LINCSCP_138374
LINCSCP_153295	0.9722192087	0.0002434003114	7	Amiodarone	LSM-2379	KCNH2	10uM	PC3	24h	LINCSCP_153295
LINCSCP_165263	-0.9722116918	0.0002435640025	7	TPCA-1	LSM-1136	IKBKB	0.37uM	SKL	24h	LINCSCP_165263
LINCSCP_17015	-0.970954132	0.0002718775122	7	Piperacillin	LSM-5924	NA	10uM	HA1E	6h	LINCSCP_17015
LINCSCP_41896	0.9705694043	0.0002809115586	7	3,5-Bis(4-methylbenzylidene)piperidin-4-one	LSM-42949	SENP2|USP1|USP2|USP7	10uM	NOMO1	6h	LINCSCP_41896
LINCSCP_30906	0.9704386311	0.0002840224009	7	MLS000108814	LSM-1588	NA	10uM	MCF7	24h	LINCSCP_30906
LINCSCP_28646	0.9700547266	0.000293272753	7	Apatinib Hydrochloride	LSM-4810	HDAC1|HDAC10|HDAC11|HDAC2|HDAC3|HDAC4|HDAC5|HDAC6|HDAC7|HDAC8|HDAC9	0.04uM	HT29	24h	LINCSCP_28646
LINCSCP_152995	-0.9699804023	0.0002950840309	7	ANISODAMINE HYDROBROMIDE	LSM-45481	NA	10uM	PC3	24h	LINCSCP_152995
LINCSCP_18372	-0.9699729091	0.000295267008	7	Monastrol	LSM-1809	KIF11	10uM	HCC515	6h	LINCSCP_18372
LINCSCP_85906	0.9692497897	0.0003132434508	7	PHA-793887	LSM-1073	CDK1|CDK10|CDK11B|CDK12|CDK13|CDK14|CDK15|CDK16|CDK17|CDK18|CDK19|CDK2|CDK20|CDK3|CDK4|CDK5|CDK6|CDK7|CDK8|CDK9	0.12uM	BT20	24h	LINCSCP_85906
LINCSCP_112266	-0.9690005139	0.0003195872154	7	SCHEMBL618594	LSM-1070	NA	0.04uM	HEPG2	24h	LINCSCP_112266
LINCSCP_35711	0.9687840612	0.000325157117	7	3,5-Bis(4-methylbenzylidene)piperidin-4-one	LSM-42949	SENP2|USP1|USP2|USP7	10uM	MCF7	24h	LINCSCP_35711
LINCSCP_151435	-0.9685574584	0.0003310496107	7	LRRK2-IN-1	LSM-1086	LRRK2	10uM	PC3	24h	LINCSCP_151435
LINCSCP_225860	0.9679592012	0.0003469098225	7	Latrunculin B	LSM-43068	WWTR1|YAP1	10uM	HT29	6h	LINCSCP_225860
LINCSCP_151609	-0.9679226867	0.0003478921542	7	SCHEMBL17378613	LSM-5749	CSF1R	1.11uM	PC3	24h	LINCSCP_151609
LINCSCP_30406	0.9677582994	0.0003523350524	7	6-(7-Hydroxy-6,7-dihydro-5H-pyrrolo[1,2-c]imidazol-7-yl)-n-methyl-2-naphthamide	LSM-6184	CYP17A1	40uM	MCF7	24h	LINCSCP_30406
LINCSCP_30443	0.9676225427	0.0003560294404	7	Blebbistatin	LSM-6195	MYH2	40uM	MCF7	24h	LINCSCP_30443
LINCSCP_60671	-0.9672407323	0.0003665428019	7	BRD-K27835062	LSM-7203	NA	5uM	VCAP	6h	LINCSCP_60671
LINCSCP_904	-0.9672133717	0.0003673031809	7	AG 14361	LSM-1988	PARP1	20uM	A375	6h	LINCSCP_904
LINCSCP_53837	0.9670026753	0.0003731900399	7	MLN 2238	LSM-4944	PSMB1	10uM	SNUC4	6h	LINCSCP_53837
LINCSCP_55554	0.9666356985	0.0003835764674	7	MLS000038106	LSM-4068	NA	10uM	U937	6h	LINCSCP_55554
LINCSCP_312226	0.9665374641	0.0003863855423	7	CHEMBL3184316	LSM-41974	NA	10uM	VCAP	6h	LINCSCP_312226
LINCSCP_55775	0.9657918622	0.0004081049214	7	CHEMBL323994	LSM-42851	JAK3	10uM	VCAP	6h	LINCSCP_55775
LINCSCP_150159	-0.9654493901	0.0004183183548	7	Daminozide	LSM-6329	NA	10uM	NPC.TAK	24h	LINCSCP_150159
LINCSCP_142309	-0.9653517454	0.0004212578817	7	BRD-A02747686	LSM-45850	NA	1.11uM	MCF7	24h	LINCSCP_142309
LINCSCP_103818	-0.9652016077	0.0004258015487	7	5-(6-Aminopurin-9-yl)-2-methyltetrahydrofuran-3-ol	LSM-4354	NA	3.33uM	HELA	24h	LINCSCP_103818
LINCSCP_15454	0.964466816	0.0004484577836	7	Bromopyruvate	LSM-6288	HK2	100uM	HA1E	24h	LINCSCP_15454
LINCSCP_153240	-0.9641273238	0.0004591617901	7	PROTIRELIN	LSM-45252	NA	0.04uM	PC3	24h	LINCSCP_153240
LINCSCP_57976	-0.9625120753	0.000512158321	7	KUC103904N	LSM-3468	NA	10uM	VCAP	24h	LINCSCP_57976
LINCSCP_146596	-0.9621233252	0.0005254286194	7	WZ 4002	LSM-1085	EGFR|ERBB2	0.04uM	NEU	24h	LINCSCP_146596
LINCSCP_165625	0.961937476	0.0005318440027	7	GSK-461364	LSM-1013	PLK1	0.37uM	SKL	24h	LINCSCP_165625
LINCSCP_132919	-0.9616076159	0.0005433444709	7	Sorafenib	LSM-1008	BRAF|DDR2|FGFR1|FLT1|FLT3|FLT4|KDR|KIT|PDGFRB|RAF1|RET	1.11uM	MCF7	3h	LINCSCP_132919
LINCSCP_30784	0.9613507622	0.0005524008369	7	PNU-74654	LSM-44945	CTNNB1|TCF4	80uM	MCF7	6h	LINCSCP_30784
LINCSCP_201990	0.9611796193	0.0005584844896	7	Withaferin A	LSM-6685	IKBKB|NAMPT	0.5uM	A549	6h	LINCSCP_201990
LINCSCP_289166	0.9611188229	0.0005606551513	7	CHEMBL198368	LSM-1382	SLC1A2	10uM	VCAP	24h	LINCSCP_289166
LINCSCP_16703	-0.9610892019	0.0005617145437	7	WYE 354	LSM-5840	MTOR	10uM	HA1E	6h	LINCSCP_16703
LINCSCP_29097	0.9608180394	0.0005714678354	7	Salermide	LSM-5123	SIRT1|SIRT2	100uM	JHUEM2	6h	LINCSCP_29097
LINCSCP_52155	0.9604232972	0.000585844445	7	CHEMBL2134949	LSM-40355	NA	10uM	SKB	24h	LINCSCP_52155
LINCSCP_31906	0.9590013461	0.0006393988507	7	AC1O9CBL	LSM-4596	NA	10uM	MCF7	24h	LINCSCP_31906
LINCSCP_7647	-0.9588408313	0.000645619245	7	Ciglitazone	LSM-1911	PPARG	10uM	A549	6h	LINCSCP_7647
LINCSCP_50012	-0.9585981419	0.0006550919958	7	SPECTRUM2_000920	LSM-1590	NA	10uM	PHH	24h	LINCSCP_50012
LINCSCP_153623	-0.9585552115	0.0006567761874	7	Clofarabine	LSM-45668	POLA1|POLD1|POLE|RRM1|RRM2|RRM2B	0.04uM	PC3	24h	LINCSCP_153623
LINCSCP_143088	0.9573961284	0.0007032207174	7	MG-132	LSM-1107	PSMB1	20uM	MCF7	24h	LINCSCP_143088
LINCSCP_111998	0.9572826415	0.0007078694488	7	AZ628	LSM-1050	BRAF|RAF1	0.37uM	HEPG2	24h	LINCSCP_111998
LINCSCP_116983	-0.9571661595	0.0007126597511	7	KW-2449	LSM-42803	ABL1|AURKA|AURKB|FLT3	10uM	HT29	24h	LINCSCP_116983
LINCSCP_32589	0.9570803115	0.0007162024907	7	EI-346-ERLOTINIB-ANALOG	LSM-42715	NA	10uM	MCF7	24h	LINCSCP_32589
LINCSCP_58318	0.9567336703	0.0007306135335	7	MEGXP0_000831	LSM-43078	NA	10uM	VCAP	24h	LINCSCP_58318
LINCSCP_36382	-0.9565555787	0.0007380836054	7	RO-281675	LSM-6231	GCK	0.1uM	MCF7	6h	LINCSCP_36382
LINCSCP_76368	-0.9565041001	0.0007402512692	7	Palbociclib	LSM-1071	CCND1|CDK4|CDK6	3.33uM	A375	24h	LINCSCP_76368
LINCSCP_283729	-0.9556942233	0.0007748505728	7	BRD-K18364651	LSM-6777	NA	10uM	SKB	24h	LINCSCP_283729
LINCSCP_103225	-0.9556058078	0.0007786845919	7	AV-412 (free base)	LSM-45753	NA	3.33uM	HELA	24h	LINCSCP_103225
LINCSCP_235680	-0.9553521845	0.0007897448554	7	Trifluoperazine	LSM-4010	DRD2|DRD3|DRD4|HTR2A|HTR2C	0.1uM	MCF7	6h	LINCSCP_235680
LINCSCP_129789	0.9549671084	0.0008067145161	7	Saracatinib	LSM-1032	ABL1|SRC	1.11uM	LNCAP	24h	LINCSCP_129789
LINCSCP_170035	0.9549108575	0.0008092112908	7	PSI-7977	LSM-45846	NA	3.33uM	YAPC	24h	LINCSCP_170035
LINCSCP_22463	0.9548760401	0.0008107589997	7	1-(4-Bromophenyl)-3-morpholin-4-yl-2-phenylpropan-1-one	LSM-4836	NA	10uM	HEPG2	6h	LINCSCP_22463
LINCSCP_161173	-0.9547084353	0.0008182339113	7	STK-674938	LSM-45580	NA	0.04uM	PC3	24h	LINCSCP_161173
LINCSCP_148404	-0.9546186802	0.0008222535484	7	BCPP000194	LSM-1188	NA	1.11uM	NPC.CAS9	24h	LINCSCP_148404
LINCSCP_165111	0.9545021732	0.0008274886632	7	HMN-214	LSM-42802	CSF1R|FLT1|FLT3|FLT4|KDR|KIT|PDGFRB|RET	0.37uM	SKL.C	24h	LINCSCP_165111
LINCSCP_102841	0.9544783999	0.0008285593069	7	GRANISETRON HYDROCHLORIDE	LSM-45509	HTR3A	0.12uM	HELA	24h	LINCSCP_102841
LINCSCP_48597	0.954106508	0.0008454144535	7	BRD-K91946056	LSM-44905	NA	10uM	PC3	24h	LINCSCP_48597
LINCSCP_87486	0.9540516298	0.0008479187034	7	MGCD-265	LSM-1124	AXL|FLT1|FLT4|KDR|MET|MST1R|TEK	3.33uM	CD34	24h	LINCSCP_87486
LINCSCP_62575	-0.9536687261	0.0008655138679	7	BRD-K71611609	LSM-12812	NA	5uM	VCAP	6h	LINCSCP_62575
LINCSCP_53662	0.9535471418	0.0008711456802	7	Arachidonyl Trifluoromethylketone	LSM-43275	PLA2G4A	80uM	SNU1040	6h	LINCSCP_53662
LINCSCP_74451	-0.9529763598	0.0008978739066	7	STOCK1N-09285	LSM-1332	ESR1	0.04uM	A375	24h	LINCSCP_74451
LINCSCP_57113	0.952858565	0.0009034494944	7	VER 155008	LSM-6239	HSPA1A	10uM	VCAP	6h	LINCSCP_57113
LINCSCP_244976	0.9528369331	0.0009044756211	7	Theophylline	LSM-6010	ADORA1|ADORA2A|ADORA2B|ADORA3|PDE3A|PDE4A|PDE4B	10uM	MCF7	6h	LINCSCP_244976
LINCSCP_252235	0.9527136037	0.0009103390023	7	SCH-23390	LSM-3005	DRD1|DRD5|HTR2C	0.5uM	MCF7	24h	LINCSCP_252235
LINCSCP_68243	0.9526339825	0.0009141363022	7	13-Hydroxy-8,14,19-trimethoxy-4,10,12,16-tetramethyl-3,20,22-trioxo-2-azabicyclo[16.3.1]docosa-1(21),4,6,10,18-pentaen-9-yl carbamate	LSM-42815	HSP90AA1	10uM	SNUC4	6h	LINCSCP_68243
LINCSCP_161287	-0.9523527841	0.00092762213	7	CEFOTETAN	LSM-45671	NA	0.04uM	PC3	24h	LINCSCP_161287
LINCSCP_12677	0.9522700101	0.0009316141087	7	Cucurbitacin-I	LSM-43115	JAK2|STAT3	10uM	COV644	6h	LINCSCP_12677
LINCSCP_101635	0.9521883182	0.0009355638464	7	Bevirimat	LSM-45795	NA	1.11uM	HELA	24h	LINCSCP_101635
LINCSCP_154136	-0.9517625922	0.0009563075536	7	BMS-794833	LSM-45864	NA	1.11uM	PC3	24h	LINCSCP_154136
LINCSCP_295192	-0.9512516988	0.000981557023	7	ST4029010	LSM-4786	NA	10uM	VCAP	6h	LINCSCP_295192
LINCSCP_50008	0.9512339268	0.0009824423618	7	Bicalutamide	LSM-1437	AR	10uM	PHH	24h	LINCSCP_50008
LINCSCP_32105	-0.9511869104	0.0009847868368	7	ACON1_001770	LSM-4478	NA	10uM	MCF7	24h	LINCSCP_32105
LINCSCP_61493	0.9510160042	0.0009933369211	7	BRD-K74318028	LSM-12979	NA	5uM	VCAP	24h	LINCSCP_61493
LINCSCP_61879	0.9509936415	0.0009944589146	7	BRD-K40225343	LSM-10883	NA	5uM	VCAP	6h	LINCSCP_61879
LINCSCP_57909	0.9508712961	0.001000610561	7	MLS002264457	LSM-3858	NA	10uM	VCAP	6h	LINCSCP_57909
LINCSCP_19844	-0.9507186651	0.001008316459	7	F1298-0937	LSM-2321	NA	10uM	HCC515	6h	LINCSCP_19844
LINCSCP_94939	-0.950686598	0.001009939876	7	Azacitidine	LSM-5218	DNMT1|DNMT3A	0.37uM	HA1E	24h	LINCSCP_94939
LINCSCP_659	-0.9505052679	0.001019148911	7	XAV 939	LSM-5303	TNKS|TNKS2	10uM	A375	24h	LINCSCP_659
LINCSCP_31545	0.9503578059	0.001026674372	7	CHEMBL1573436	LSM-1638	ALOX12	10uM	MCF7	24h	LINCSCP_31545
LINCSCP_27299	-0.9499274543	0.001048824017	7	Caffeic acid	LSM-43168	ALOX5	10uM	HT29	6h	LINCSCP_27299
LINCSCP_62316	0.9493902292	0.001076867325	7	BRD-K75576199	LSM-13050	NA	5uM	VCAP	24h	LINCSCP_62316
LINCSCP_146386	0.9493683886	0.001078016666	7	SB-216763	LSM-1161	GSK3B	10uM	NEU	24h	LINCSCP_146386
LINCSCP_132614	0.9492225403	0.001085710399	7	Saracatinib	LSM-1032	ABL1|SRC	0.37uM	MCF7	24h	LINCSCP_132614
LINCSCP_115240	-0.9490313927	0.001095842731	7	Buparlisib	LSM-1148	PIK3CA|PIK3CB|PIK3CD|PIK3CG|PIK3R1|PIK3R2|PIK3R3|PIK3R5	0.12uM	HS578T	3h	LINCSCP_115240
LINCSCP_259040	-0.948614111	0.001118155469	7	BRD-K67787765	LSM-14901	NA	10uM	NEU	24h	LINCSCP_259040
LINCSCP_204181	-0.9483442608	0.001132726478	7	Nicergoline	LSM-3720	ADRA1A	10uM	ASC	24h	LINCSCP_204181
LINCSCP_51900	-0.9480819992	0.001146994643	7	331771-20-1	LSM-1096	AURKA|AURKB	0.5uM	SKBR3	24h	LINCSCP_51900
LINCSCP_292729	0.9476439982	0.001171059397	7	KUC103654	LSM-1883	NA	10uM	VCAP	24h	LINCSCP_292729
LINCSCP_36855	0.9473585452	0.001186901896	7	Cyclohexanecarboxamide, 4-(1-aminoethyl)-n-4-pyridinyl-, trans-	LSM-1177	ROCK1|ROCK2	10uM	MCF7	6h	LINCSCP_36855
LINCSCP_54096	-0.9472281709	0.001194179458	7	Nimodipine	LSM-1659	CACNA1C|CACNA1D|CACNA1F|CACNA1S|NR3C2	10uM	SW620	6h	LINCSCP_54096
LINCSCP_291549	0.9470907907	0.001201876538	7	Nicardipine	LSM-1418	CACNA1C|CACNA1D|CACNA1F|CACNA1S	10uM	VCAP	24h	LINCSCP_291549
LINCSCP_14574	-0.9470297206	0.001205307529	7	RO 16-6941	LSM-2985	NA	10uM	HA1E	6h	LINCSCP_14574
LINCSCP_120492	0.9468989341	0.001212674701	7	179324-69-7	LSM-6281	ADRM1|PSMA1|PSMA2|PSMA3|PSMA4|PSMA5|PSMA6|PSMA7|PSMA8|PSMB1|PSMB10|PSMB11|PSMB2|PSMB3|PSMB4|PSMB5|PSMB6|PSMB7|PSMB8|PSMB9|PSMC1|PSMC2|PSMC3|PSMC4|PSMC5|PSMC6|PSMD1|PSMD11|PSMD12|PSMD13|PSMD14|PSMD2|PSMD3|PSMD4|PSMD6|PSMD7|PSMD8|SEM1	20uM	HT29	24h	LINCSCP_120492
LINCSCP_29155	0.9468462815	0.001215648096	7	Tyrphostin AG-1478	LSM-1224	EGFR	60uM	JHUEM2	6h	LINCSCP_29155
LINCSCP_12140	0.9466807337	0.001225024932	7	NVP-AUY922	LSM-1162	HSP90AA1|HSP90AB1	0.5uM	BT20	24h	LINCSCP_12140
LINCSCP_30286	0.9465458165	0.001232698297	7	PAC-1	LSM-3119	CASP3	10uM	MCF7	24h	LINCSCP_30286
LINCSCP_42144	0.9463821681	0.001242043725	7	T5820451	LSM-2682	NA	10uM	NPC	24h	LINCSCP_42144
LINCSCP_75262	-0.9463202915	0.001245588157	7	Lersivirine	LSM-45853	NA	3.33uM	A375	24h	LINCSCP_75262
LINCSCP_55792	0.9461204467	0.001257076479	7	IN1434	LSM-2306	EGFR	10uM	VCAP	6h	LINCSCP_55792
LINCSCP_16652	-0.9456152826	0.001286394531	7	F0012-0289	LSM-4634	NA	10uM	HA1E	6h	LINCSCP_16652
LINCSCP_117380	0.9454546983	0.001295797972	7	Entinostat	LSM-4811	HDAC1|HDAC10|HDAC11|HDAC2|HDAC3|HDAC4|HDAC5|HDAC6|HDAC7|HDAC8|HDAC9	0.37uM	HT29	24h	LINCSCP_117380
LINCSCP_147023	-0.9445762303	0.001347956234	7	Rabusertib	LSM-36359	CHEK1	10uM	NEU	24h	LINCSCP_147023
LINCSCP_77416	-0.944157225	0.001373263091	7	APIXABAN	LSM-45660	F10	0.04uM	A375	24h	LINCSCP_77416
LINCSCP_227841	0.9441340101	0.001374673336	7	Erythromycin Ethyl Succinate	LSM-5056	MLNR	10uM	HT29	6h	LINCSCP_227841
LINCSCP_133214	0.9440303708	0.001380979575	7	AS-605240	LSM-42784	PIK3CG	0.37uM	MCF7	3h	LINCSCP_133214
LINCSCP_5152	0.943512655	0.001412736886	7	MLS002276465	LSM-3644	NA	10uM	A549	6h	LINCSCP_5152
LINCSCP_164308	0.9434780742	0.0014148733	7	Tyrphostin AG-1478	LSM-1224	EGFR	10uM	SKL.C	24h	LINCSCP_164308
LINCSCP_62122	0.9429950516	0.0014449139	7	BRD-K12857449	LSM-9190	NA	5uM	VCAP	24h	LINCSCP_62122
LINCSCP_83047	0.9429743698	0.001446208477	7	Bosutinib	LSM-1190	ABL1|BCR|CAMK2G|HCK|LYN|SRC	1.11uM	ASC.C	24h	LINCSCP_83047
LINCSCP_24867	-0.9427953925	0.001457440145	7	GSK 1059615	LSM-42799	PIK3CA|PIK3CB|PIK3CD|PIK3CG	0.1uM	HS578T	6h	LINCSCP_24867
LINCSCP_163313	0.9427485244	0.001460389808	7	Pelitinib	LSM-42796	EGFR	10uM	SKBR3	3h	LINCSCP_163313
LINCSCP_17793	0.9427119113	0.00146269651	7	MLN 2238	LSM-4944	PSMB1	10uM	HCC15	6h	LINCSCP_17793
LINCSCP_83302	-0.9426534321	0.001466385285	7	AT 7867	LSM-1155	NA	1.11uM	ASC.C	24h	LINCSCP_83302
LINCSCP_134890	0.942470043	0.001477988727	7	Clotrimazole	LSM-5341	KCNN4	10uM	MCF7	24h	LINCSCP_134890
LINCSCP_145727	-0.9424091283	0.001481854868	7	936890-98-1	LSM-42786	MTOR	0.12uM	MDAMB231	3h	LINCSCP_145727
LINCSCP_6225	0.9416924521	0.001527789021	7	HG-6-64-01	LSM-42721	NA	10uM	A549	24h	LINCSCP_6225
LINCSCP_31998	0.9414187544	0.001545549691	7	SPOX1_002925	LSM-4769	NA	10uM	MCF7	24h	LINCSCP_31998
LINCSCP_118212	-0.9412624106	0.001555749422	7	ANISODAMINE HYDROBROMIDE	LSM-45481	NA	0.37uM	HT29	24h	LINCSCP_118212
LINCSCP_110215	-0.9411843846	0.001560854567	7	Tandutinib	LSM-5949	FLT3|KIT|PDGFRA|PDGFRB	10uM	HELA	24h	LINCSCP_110215
LINCSCP_36249	0.9411296638	0.001564440765	7	KU0060648	LSM-4935	PIK3CA|PIK3CB|PIK3CD|PRKDC	10uM	MCF7	24h	LINCSCP_36249
LINCSCP_33773	0.9407802855	0.00158745218	7	Clomipramine	LSM-3171	SLC6A2|SLC6A4	10uM	MCF7	6h	LINCSCP_33773
LINCSCP_59568	0.9403644449	0.001615099545	7	GSK-1059615	LSM-42798	PIK3CA|PIK3CB|PIK3CD|PIK3CG|PIK3R1|PIK3R2|PIK3R3|PIK3R5	10uM	VCAP	6h	LINCSCP_59568
LINCSCP_165760	0.9401848322	0.00162712825	7	JW 55	LSM-6318	NA	10uM	SKL	24h	LINCSCP_165760
LINCSCP_135082	0.9399560623	0.001642525242	7	MG-132	LSM-1107	PSMB1	20uM	MCF7	24h	LINCSCP_135082
LINCSCP_28662	0.9398702488	0.001648322824	7	Entinostat	LSM-4811	HDAC1|HDAC10|HDAC11|HDAC2|HDAC3|HDAC4|HDAC5|HDAC6|HDAC7|HDAC8|HDAC9	10uM	HT29	24h	LINCSCP_28662
LINCSCP_132576	0.9395485889	0.001670161451	7	SCHEMBL6874948	LSM-5674	LCK	3.33uM	MCF7	24h	LINCSCP_132576
LINCSCP_10427	0.9391120459	0.001700071122	7	MLN 2238	LSM-4944	PSMB1	10uM	A673	6h	LINCSCP_10427
LINCSCP_23633	-0.9389147635	0.001713690592	7	Kenpaullone	LSM-2824	CDK1|CDK5|GSK3B	3uM	HEPG2	6h	LINCSCP_23633
LINCSCP_43034	0.9387084656	0.001728000959	7	CHEMBL2358056	LSM-43490	NA	10uM	NPC	24h	LINCSCP_43034
LINCSCP_82212	-0.9384320062	0.00174728824	7	Vorinostat	LSM-3828	HDAC1|HDAC2|HDAC3|HDAC6|HDAC8	1.11uM	A549	24h	LINCSCP_82212
LINCSCP_112521	-0.9382496007	0.001760082905	7	Resveratrol	LSM-42917	PTGS1|PTGS2|SIRT1	10uM	HEPG2	24h	LINCSCP_112521
LINCSCP_27101	-0.9382181997	0.001762291045	7	Mestranol	LSM-2693	ESR1	10uM	HT29	6h	LINCSCP_27101
LINCSCP_116608	-0.9380868655	0.001771544232	7	MK-2206	LSM-1057	AKT1|AKT2|AKT3	3.33uM	HT29	24h	LINCSCP_116608
LINCSCP_67616	0.9380393226	0.001774900922	7	Wortmannin	LSM-3947	PIK3CA|PIK3CG|PLK1	10uM	MCF7	6h	LINCSCP_67616
LINCSCP_117881	-0.9378708672	0.001786824556	7	ITK Inhibitor	LSM-1043	ITK	1.11uM	HT29	24h	LINCSCP_117881
LINCSCP_312021	0.9377267545	0.001797062488	7	BRD-K51388814	LSM-14850	NA	10uM	VCAP	24h	LINCSCP_312021
LINCSCP_152113	-0.9374751211	0.001815021434	7	Tranylcypromine	LSM-5578	KDM1A|MAOA|MAOB	0.12uM	PC3	24h	LINCSCP_152113
LINCSCP_14555	0.9372710732	0.001829661477	7	Ergocornine	LSM-2437	DRD2	10uM	HA1E	6h	LINCSCP_14555
LINCSCP_24012	0.9371575853	0.001837833998	7	SCHEMBL12410954	LSM-37026	NA	10uM	HEPG2	24h	LINCSCP_24012
LINCSCP_45819	-0.9370735901	0.00184389649	7	SCH-23390	LSM-3005	DRD1|DRD5|HTR2C	10uM	PC3	6h	LINCSCP_45819
LINCSCP_65542	0.9370606229	0.001844833461	7	BRD-K92959281	LSM-42317	NA	10uM	VCAP	6h	LINCSCP_65542
LINCSCP_151701	-0.9370552648	0.001845220709	7	SB525334	LSM-1121	TGFBR1	0.12uM	PC3	24h	LINCSCP_151701
LINCSCP_56973	-0.9369325312	0.001854104098	7	VX-11E	LSM-6291	MAPK1	0.5uM	VCAP	24h	LINCSCP_56973
LINCSCP_259779	-0.9368319657	0.001861401699	7	ZINC100309116	LSM-37114	CNR2	10uM	NEU	6h	LINCSCP_259779
LINCSCP_113586	0.9363239205	0.001898526561	7	Selumetinib	LSM-1056	MAP2K1|MAP2K2	0.37uM	HME1	3h	LINCSCP_113586
LINCSCP_163941	-0.9360891466	0.001915828331	7	MK-2206	LSM-1057	AKT1|AKT2|AKT3	3.33uM	SKBR3	3h	LINCSCP_163941
LINCSCP_5109	-0.9360498756	0.001918731449	7	ZINC00704339	LSM-2651	NA	10uM	A549	6h	LINCSCP_5109
LINCSCP_57195	0.9359769482	0.001924129482	7	3,5-Bis(4-methylbenzylidene)piperidin-4-one	LSM-42949	SENP2|USP1|USP2|USP7	10uM	VCAP	6h	LINCSCP_57195
LINCSCP_23317	-0.9359036943	0.001929560669	7	F0566-0457	LSM-36620	NA	10uM	HEPG2	24h	LINCSCP_23317
LINCSCP_133231	0.9355134247	0.001958647985	7	Y-39983	LSM-1150	ROCK1|ROCK2	0.37uM	MCF7	3h	LINCSCP_133231
LINCSCP_243666	-0.9351968891	0.001982428077	7	Thalidomide	LSM-1914	CRBN|CUL4A|DDB1|RBX1|TNF	10uM	MCF7	6h	LINCSCP_243666
LINCSCP_26730	0.9351054872	0.001989326175	7	Cediranib	LSM-5926	FLT1|FLT4|KDR|KIT|PDGFRA|PDGFRB	10uM	HT29	6h	LINCSCP_26730
LINCSCP_45462	0.9350479584	0.001993675107	7	KUC104487	LSM-2155	NA	10uM	PC3	24h	LINCSCP_45462
LINCSCP_8150	0.9349101482	0.002004115683	7	BRD-K44261129	LSM-39710	NA	5uM	A549	24h	LINCSCP_8150
LINCSCP_116580	-0.9348003292	0.002012458607	7	Pictilisib	LSM-1047	PIK3CA|PIK3CB|PIK3CD|PIK3CG|PIK3R1|PIK3R2|PIK3R3|PIK3R5	0.37uM	HT29	24h	LINCSCP_116580
LINCSCP_82737	0.9345184801	0.002033963988	7	PD-0325901	LSM-1101	MAP2K1|MAP2K2	0.37uM	A549	24h	LINCSCP_82737
LINCSCP_153761	-0.9344939098	0.002035845097	7	Omecamtiv mecarbil (CK-1827452)	LSM-45390	MYH6|MYH7|MYH7B|MYL2|MYL3|MYL4|MYL7	0.04uM	PC3	24h	LINCSCP_153761
LINCSCP_249879	-0.9344619785	0.002038291305	7	BRD-K87920375	LSM-13827	NA	10uM	MCF7	24h	LINCSCP_249879
LINCSCP_284305	0.9343393326	0.002047703062	7	Oxibendazole	LSM-3153	TUBB	10uM	SKB	24h	LINCSCP_284305
LINCSCP_309977	0.9342779069	0.002052426411	7	BRD-K08121566	LSM-37711	NA	30uM	VCAP	24h	LINCSCP_309977
LINCSCP_26359	0.9341304205	0.002063793572	7	Mevastatin	LSM-4123	HMGCR	10uM	HT29	6h	LINCSCP_26359
LINCSCP_39402	-0.9340759842	0.002067998448	7	Infigratinib	LSM-1184	FGFR1|FGFR2|FGFR3|FGFR4	0.5uM	MDAMB231	24h	LINCSCP_39402
LINCSCP_27123	0.9339827277	0.002075213653	7	316173-57-6	LSM-3027	ADORA1|ADORA2A	10uM	HT29	6h	LINCSCP_27123
LINCSCP_14883	-0.9339375474	0.002078714548	7	Phenolphthalein	LSM-2432	NA	10uM	HA1E	6h	LINCSCP_14883
LINCSCP_25332	0.9338035849	0.002089115317	7	PRESTWICK3_000989	LSM-1719	NA	10uM	HT29	6h	LINCSCP_25332
LINCSCP_15114	-0.9336169438	0.002103656934	7	PRESTWICK3_000646	LSM-1699	NA	10uM	HA1E	6h	LINCSCP_15114
LINCSCP_211671	0.9333234672	0.002126642387	7	SCHEMBL6463149	LSM-4817	CASP3	10uM	HA1E	6h	LINCSCP_211671
LINCSCP_110935	0.9332615322	0.002131511987	7	Dexamethasone Acetate	LSM-1915	NR3C1	10uM	HELA	24h	LINCSCP_110935
LINCSCP_135288	-0.9332256209	0.002134338488	7	MILTEFOSINE [5mM]	LSM-45587	NA	0.12uM	MCF7	24h	LINCSCP_135288
LINCSCP_132749	0.9328207163	0.002166360193	7	Linifanib	LSM-1183	CSF1R|FLT1|FLT3|FLT4|KDR|PDGFRA|PDGFRB	10uM	MCF7	24h	LINCSCP_132749
LINCSCP_181558	0.93253538	0.002189094434	7	BRD-K38517635	LSM-10761	NA	5uM	A375	24h	LINCSCP_181558
LINCSCP_61532	0.9325240319	0.002190001481	7	BRD-K53285126	LSM-11678	NA	5uM	VCAP	6h	LINCSCP_61532
LINCSCP_56997	0.932494159	0.002192390262	7	Cucurbitacin-I	LSM-43115	JAK2|STAT3	10uM	VCAP	6h	LINCSCP_56997
LINCSCP_74431	-0.9321011043	0.002223963491	7	Meisoindigo	LSM-45840	NA	0.37uM	A375	24h	LINCSCP_74431
LINCSCP_301890	-0.9318681367	0.002242802615	7	BRD-K47173028	LSM-11310	NA	5uM	VCAP	6h	LINCSCP_301890
LINCSCP_81817	0.9318065204	0.002247800893	7	AZ628	LSM-1050	BRAF|RAF1	10uM	A549	24h	LINCSCP_81817
LINCSCP_28703	0.9317746087	0.002250392119	7	BDBM50442904	LSM-4418	NA	3uM	HUH7	24h	LINCSCP_28703
LINCSCP_297458	0.9317383091	0.002253341777	7	BRD-K70055050	LSM-7788	NA	5uM	VCAP	24h	LINCSCP_297458
LINCSCP_68444	0.9316635844	0.002259420956	7	Genistein	LSM-5549	CFTR|ESR2	10uM	VCAP	6h	LINCSCP_68444
LINCSCP_132863	0.9315267658	0.002270576691	7	TORIN1	LSM-1079	MTOR	10uM	MCF7	24h	LINCSCP_132863
LINCSCP_661	-0.9312541268	0.002292903109	7	BMS-754807	LSM-6218	IGF1R|INSR	10uM	A375	24h	LINCSCP_661
LINCSCP_120602	0.9312303364	0.002294857397	7	Sepantronium	LSM-5399	BIRC5	0.37uM	HT29	24h	LINCSCP_120602
LINCSCP_5017	0.9311596421	0.002300670428	7	CHEMBL493153	LSM-3872	NA	10uM	A549	24h	LINCSCP_5017
LINCSCP_32843	0.9311526809	0.002301243298	7	Selamectin	LSM-44969	NA	10uM	MCF7	24h	LINCSCP_32843
LINCSCP_33252	-0.9310270521	0.002311596305	7	Olomoucine	LSM-3857	CDK1|CDK2|CDK5	10uM	MCF7	6h	LINCSCP_33252
LINCSCP_47717	0.9310170458	0.002312422095	7	1,4-Chrysenequinone	LSM-5357	NA	10uM	PC3	6h	LINCSCP_47717
LINCSCP_37773	-0.9309328761	0.002319375213	7	SA-101776	LSM-38209	NA	1uM	MCF7	6h	LINCSCP_37773
LINCSCP_132824	0.9307635051	0.002333403844	7	ZSTK 474	LSM-1053	PIK3CG	0.37uM	MCF7	24h	LINCSCP_132824
LINCSCP_27121	0.9305219099	0.002353500716	7	RO 16-6941	LSM-2985	NA	10uM	HT29	6h	LINCSCP_27121
LINCSCP_28009	-0.9305020861	0.002355154237	7	BRD-M49151292	LSM-45039	NA	5uM	HT29	24h	LINCSCP_28009
LINCSCP_8115	-0.9304837867	0.002356681203	7	BRD-K20126873	LSM-38355	NA	5uM	A549	24h	LINCSCP_8115
LINCSCP_152880	-0.9303268755	0.002369798356	7	Ganaxolone	LSM-45679	NA	0.04uM	PC3	24h	LINCSCP_152880
LINCSCP_46255	0.9302071008	0.002379839838	7	BRD-K59488055	LSM-40525	NA	10uM	PC3	24h	LINCSCP_46255
LINCSCP_236529	0.930123625	0.002386852898	7	ML162	LSM-1493	NA	10uM	MCF7	24h	LINCSCP_236529
LINCSCP_160184	-0.9296452714	0.002427274814	7	Novobiocin	LSM-5910	NA	10uM	PC3	24h	LINCSCP_160184
LINCSCP_56407	-0.9295468368	0.002435642235	7	Benzthiazide	LSM-2474	CA2|SLC12A3	10uM	VCAP	24h	LINCSCP_56407
LINCSCP_49978	0.9294449705	0.002444319179	7	Enzastaurin	LSM-1069	PRKCB	10uM	PHH	24h	LINCSCP_49978
LINCSCP_56817	0.9293889757	0.002449096518	7	AKT Inhibitor VIII	LSM-1035	AKT1|AKT2	10uM	VCAP	24h	LINCSCP_56817
LINCSCP_58284	0.9292767319	0.002458689384	7	Lofepramine	LSM-5879	SLC6A2|SLC6A4	10uM	VCAP	6h	LINCSCP_58284
LINCSCP_61150	-0.9292649459	0.00245969795	7	BRD-K67660075	LSM-12546	NA	5uM	VCAP	6h	LINCSCP_61150
LINCSCP_46598	0.9291494604	0.002469593231	7	SUGA1_010064	LSM-36686	NA	10uM	PC3	6h	LINCSCP_46598
LINCSCP_205005	0.929011712	0.002481426606	7	GSK-1904529A	LSM-1134	IGF1R|INSR	0.1uM	BT20	24h	LINCSCP_205005
LINCSCP_35250	0.928862801	0.002494256291	7	BRD-K81658952	LSM-13413	NA	10uM	MCF7	24h	LINCSCP_35250
LINCSCP_24333	-0.9287212947	0.00250648401	7	Aurora A Inhibitor I	LSM-1065	AURKA	1uM	HS578T	24h	LINCSCP_24333
LINCSCP_81157	0.9286853576	0.002509594969	7	AZD-8330	LSM-1165	MAP2K1|MAP2K2	0.37uM	A549	24h	LINCSCP_81157
LINCSCP_6297	-0.9285852869	0.002518269691	7	HG-5-113-01	LSM-42739	NA	10uM	A549	6h	LINCSCP_6297
LINCSCP_158438	-0.9285470892	0.002521585535	7	INOSITOL	LSM-45237	NA	0.04uM	PC3	24h	LINCSCP_158438
LINCSCP_82734	0.9284367992	0.002531173895	7	PD-0325901	LSM-1101	MAP2K1|MAP2K2	10uM	A549	24h	LINCSCP_82734
LINCSCP_53368	-0.9283340558	0.002540125386	7	Purmorphamine	LSM-3649	SMO	40uM	SKMEL1	6h	LINCSCP_53368
LINCSCP_307121	0.9282728683	0.002545465156	7	BRD-K73408523	LSM-12925	NA	5uM	VCAP	6h	LINCSCP_307121
LINCSCP_124085	0.9282367814	0.002548617504	7	179324-69-7	LSM-6281	ADRM1|PSMA1|PSMA2|PSMA3|PSMA4|PSMA5|PSMA6|PSMA7|PSMA8|PSMB1|PSMB10|PSMB11|PSMB2|PSMB3|PSMB4|PSMB5|PSMB6|PSMB7|PSMB8|PSMB9|PSMC1|PSMC2|PSMC3|PSMC4|PSMC5|PSMC6|PSMD1|PSMD11|PSMD12|PSMD13|PSMD14|PSMD2|PSMD3|PSMD4|PSMD6|PSMD7|PSMD8|SEM1	20uM	HT29	24h	LINCSCP_124085
LINCSCP_78794	-0.9281847699	0.002553164956	7	Moxisylyte	LSM-5868	NA	0.04uM	A375	24h	LINCSCP_78794
LINCSCP_155421	-0.9279278098	0.002575701307	7	Gaboxadol	LSM-5947	GABRA1|GABRA2|GABRA3|GABRA4|GABRA5|GABRA6|GABRB1|GABRB2|GABRB3|GABRD	10uM	PC3	24h	LINCSCP_155421
LINCSCP_55533	0.9277973183	0.002587190414	7	3,5-Bis(4-methylbenzylidene)piperidin-4-one	LSM-42949	SENP2|USP1|USP2|USP7	10uM	U937	6h	LINCSCP_55533
LINCSCP_20590	-0.9277263995	0.002593447035	7	AC1MDYV9	LSM-4905	NA	10uM	HCC515	6h	LINCSCP_20590
LINCSCP_153665	-0.9275594948	0.002608206776	7	Glimepiride	LSM-44957	ABCC8|KCNJ11	0.04uM	PC3	24h	LINCSCP_153665
LINCSCP_36667	0.9274067454	0.00262175783	7	Pictilisib	LSM-1047	PIK3CA|PIK3CB|PIK3CD|PIK3CG|PIK3R1|PIK3R2|PIK3R3|PIK3R5	1uM	MCF7	6h	LINCSCP_36667
LINCSCP_25586	0.927322298	0.002629267204	7	Tyrphostin AG-1478	LSM-1224	EGFR	60uM	HT29	24h	LINCSCP_25586
LINCSCP_4255	0.926952759	0.002662276361	7	Hexylresorcinol	LSM-4250	NA	10uM	A549	24h	LINCSCP_4255
LINCSCP_131900	0.9267726871	0.002678448934	7	Dasatinib	LSM-1020	ABL1|BCR|BLK|EPHA2|FGR|FRK|FYN|HCK|KIT|LCK|LYN|PDGFRB|SRC|SRMS|YES1	1.11uM	MCF7	24h	LINCSCP_131900
LINCSCP_121214	0.9267129768	0.002683824309	7	179324-69-7	LSM-6281	ADRM1|PSMA1|PSMA2|PSMA3|PSMA4|PSMA5|PSMA6|PSMA7|PSMA8|PSMB1|PSMB10|PSMB11|PSMB2|PSMB3|PSMB4|PSMB5|PSMB6|PSMB7|PSMB8|PSMB9|PSMC1|PSMC2|PSMC3|PSMC4|PSMC5|PSMC6|PSMD1|PSMD11|PSMD12|PSMD13|PSMD14|PSMD2|PSMD3|PSMD4|PSMD6|PSMD7|PSMD8|SEM1	20uM	HT29	24h	LINCSCP_121214
LINCSCP_28609	0.9267108681	0.002684014258	7	AT-9283	LSM-37023	ABL1|AURKA|AURKB|FLT3|JAK2|JAK3	0.12uM	HT29	24h	LINCSCP_28609
LINCSCP_122516	0.926702279	0.002684788038	7	Cholic acid	LSM-5541	CES1|FECH|PLA2G1B	0.12uM	HT29	24h	LINCSCP_122516
LINCSCP_10283	0.9262219726	0.002728266584	7	SMR000075319	LSM-6371	KPNB1	60uM	A673	6h	LINCSCP_10283
LINCSCP_191641	0.9261043914	0.002738972797	7	WZ 4002	LSM-1085	EGFR|ERBB2	10uM	A549	6h	LINCSCP_191641
LINCSCP_81359	0.9259749138	0.00275079068	7	Trametinib	LSM-1143	MAP2K1|MAP2K2	3.33uM	A549	24h	LINCSCP_81359
LINCSCP_137690	0.9257118462	0.002774893769	7	MG-132	LSM-1107	PSMB1	20uM	MCF7	24h	LINCSCP_137690
LINCSCP_48201	0.9255136767	0.002793132176	7	BRD-K68078697	LSM-40978	NA	5uM	PC3	24h	LINCSCP_48201
LINCSCP_57178	0.9255094129	0.002793525359	7	Tyrphostin AG-1478	LSM-1224	EGFR	60uM	VCAP	6h	LINCSCP_57178
LINCSCP_26678	-0.925449467	0.002799056709	7	ALD1-H_001117	LSM-45107	NA	10uM	HT29	6h	LINCSCP_26678
LINCSCP_132079	0.9253666592	0.002806708127	7	Fedratinib	LSM-1142	FLT3|JAK2	3.33uM	MCF7	24h	LINCSCP_132079
LINCSCP_22742	0.9251232492	0.002829270105	7	Skimmianine	LSM-2560	NA	10uM	HEPG2	6h	LINCSCP_22742
LINCSCP_19829	-0.9250374219	0.002837250812	7	MLS002264437	LSM-1962	NA	10uM	HCC515	6h	LINCSCP_19829
LINCSCP_191332	-0.9250348193	0.00283749302	7	Linezolid	LSM-5750	MAOA|MAOB	10uM	A549	6h	LINCSCP_191332
LINCSCP_131168	-0.9250192034	0.002838946566	7	SCHEMBL6874948	LSM-5674	LCK	0.12uM	MCF10A	24h	LINCSCP_131168
LINCSCP_296984	0.924889532	0.00285103338	7	BRD-K72449498	LSM-41198	NA	5uM	VCAP	24h	LINCSCP_296984
LINCSCP_120289	0.9248744239	0.002852443585	7	Baricitinib	LSM-6709	JAK1|JAK2	1.11uM	HT29	24h	LINCSCP_120289
LINCSCP_134106	0.9248122074	0.002858255223	7	Dasatinib	LSM-1020	ABL1|BCR|BLK|EPHA2|FGR|FRK|FYN|HCK|KIT|LCK|LYN|PDGFRB|SRC|SRMS|YES1	0.37uM	MCF7	24h	LINCSCP_134106
LINCSCP_99006	-0.9245624552	0.002881654407	7	Bexarotene	LSM-45378	RXRA|RXRB|RXRG	0.12uM	HA1E	24h	LINCSCP_99006
LINCSCP_140479	0.9245500451	0.002882820016	7	MG-132	LSM-1107	PSMB1	20uM	MCF7	24h	LINCSCP_140479
LINCSCP_87445	-0.9244349802	0.002893640616	7	GSK-2334470	LSM-1222	PDK1|PDPK1	1.11uM	CD34	24h	LINCSCP_87445
LINCSCP_165714	0.9242191436	0.002914001811	7	Ricolinostat	LSM-6324	NA	1.11uM	SKL	24h	LINCSCP_165714
LINCSCP_82307	-0.9240354367	0.002931397972	7	852475-26-4	LSM-43291	NA	3.33uM	A549	24h	LINCSCP_82307
LINCSCP_120493	0.9238227668	0.002951612624	7	179324-69-7	LSM-6281	ADRM1|PSMA1|PSMA2|PSMA3|PSMA4|PSMA5|PSMA6|PSMA7|PSMA8|PSMB1|PSMB10|PSMB11|PSMB2|PSMB3|PSMB4|PSMB5|PSMB6|PSMB7|PSMB8|PSMB9|PSMC1|PSMC2|PSMC3|PSMC4|PSMC5|PSMC6|PSMD1|PSMD11|PSMD12|PSMD13|PSMD14|PSMD2|PSMD3|PSMD4|PSMD6|PSMD7|PSMD8|SEM1	20uM	HT29	24h	LINCSCP_120493
LINCSCP_25333	0.9237267227	0.00296076849	7	Mepireserpate	LSM-1758	SLC18A1|SLC18A2	10uM	HT29	6h	LINCSCP_25333
LINCSCP_82722	0.9237054669	0.00296279705	7	Regorafenib	LSM-1226	ABL1|BRAF|DDR2|FGFR1|FGFR2|FLT1|FLT4|FRK|KDR|KIT|MAPK11|PDGFRA|PDGFRB|RAF1|RET|TEK	10uM	A549	24h	LINCSCP_82722
LINCSCP_78767	-0.9234003652	0.002992004334	7	ENMD-2076	LSM-45335	AURKA|AURKB|CSF1R|FGFR3|FLT3|KDR|KIT|PDGFRA|SRC	1.11uM	A375	24h	LINCSCP_78767
LINCSCP_147402	-0.9233430836	0.002997506612	7	Sirolimus	LSM-42783	FKBP1A|MTOR	10uM	NPC.CAS9	24h	LINCSCP_147402
LINCSCP_54656	0.9232391264	0.003007507521	7	Tanespimycin	LSM-43238	HSP90AA1|HSP90AB1	0.5uM	SW948	6h	LINCSCP_54656
LINCSCP_281320	-0.9232097494	0.003010337192	7	MLS-0435438.0001	LSM-43016	NA	10uM	PHH	24h	LINCSCP_281320
LINCSCP_10542	-0.9231198891	0.003019002454	7	3-(4-Pyridyl)indole	LSM-4569	ROCK1	10uM	AGS	6h	LINCSCP_10542
LINCSCP_92978	0.9230488517	0.003025862948	7	Clemizole	LSM-5225	NA	10uM	HA1E	24h	LINCSCP_92978
LINCSCP_158433	-0.9229014959	0.003040123053	7	INOSITOL	LSM-45237	NA	10uM	PC3	24h	LINCSCP_158433
LINCSCP_151484	0.9227764665	0.003052253375	7	Tivantinib	LSM-1131	MET	0.37uM	PC3	24h	LINCSCP_151484
LINCSCP_163244	-0.9227318099	0.003056592811	7	PHA-665752	LSM-42793	MET	0.37uM	SKBR3	3h	LINCSCP_163244
LINCSCP_32627	-0.9226997029	0.003059714982	7	5,6-Dichlorobenzimidazole riboside	LSM-5138	CSNK2A1	10uM	MCF7	6h	LINCSCP_32627
LINCSCP_164350	0.9225561295	0.003073699336	7	Allitinib	LSM-1225	NA	10uM	SKL.C	24h	LINCSCP_164350
LINCSCP_151749	-0.9225500788	0.003074289504	7	GSK-3 Inhibitor II	LSM-1030	GSK3B	0.12uM	PC3	24h	LINCSCP_151749
LINCSCP_70564	0.9224080024	0.003088166383	7	BX-795	LSM-1189	PDK1|PDPK1	0.12uM	A375	24h	LINCSCP_70564
LINCSCP_298978	0.9220509183	0.003123205261	7	BRD-K46807184	LSM-7444	NA	5uM	VCAP	6h	LINCSCP_298978
LINCSCP_133923	0.9219980154	0.003128416052	7	PD-0325901	LSM-1101	MAP2K1|MAP2K2	0.12uM	MCF7	24h	LINCSCP_133923
LINCSCP_115594	0.9219273423	0.003135385115	7	CHEMBL2136735	LSM-1152	FGFR1|FGFR3|FLT1|FLT4|KDR|PDGFRA|PDGFRB	0.12uM	HS578T	24h	LINCSCP_115594
LINCSCP_308034	-0.9216129314	0.00316649924	7	BRD-K80806285	LSM-13370	NA	5uM	VCAP	6h	LINCSCP_308034
LINCSCP_4447	-0.9214184225	0.003185838003	7	L-Sulforaphane	LSM-4919	NFE2L2	10uM	A549	24h	LINCSCP_4447
LINCSCP_134724	0.9214051844	0.003187156688	7	MG-132	LSM-1107	PSMB1	20uM	MCF7	24h	LINCSCP_134724
LINCSCP_66323	0.9211599595	0.003211642061	7	Pifithrin MU	LSM-4188	HSPA1A|TP53	10uM	WSUDLCL2	6h	LINCSCP_66323
LINCSCP_45038	0.9211540939	0.003212229075	7	Neratinib	LSM-42778	EGFR|ERBB2|ERBB4	10uM	PC3	24h	LINCSCP_45038
LINCSCP_81113	0.9208659101	0.00324114727	7	Dovitinib	LSM-1127	EGFR|FGFR1|FGFR2|FGFR3|FLT1|FLT3|FLT4|KDR|KIT|PDGFRA|PDGFRB	3.33uM	A549	24h	LINCSCP_81113
LINCSCP_159512	-0.920815631	0.00324620815	7	Meclofenamic acid	LSM-3108	ALOX5|PTGS1|PTGS2	10uM	PC3	24h	LINCSCP_159512
LINCSCP_24478	-0.9207083417	0.003257022886	7	AT-7519	LSM-1004	CDK1|CDK10|CDK11B|CDK12|CDK13|CDK14|CDK15|CDK16|CDK17|CDK18|CDK19|CDK2|CDK20|CDK3|CDK4|CDK5|CDK6|CDK7|CDK8|CDK9	0.5uM	HS578T	6h	LINCSCP_24478
LINCSCP_75192	0.9205428125	0.00327374951	7	Lofexidine	LSM-4951	ADRA2A	3.33uM	A375	24h	LINCSCP_75192
LINCSCP_43644	-0.9204910725	0.003278988101	7	Farnesylthioacetic acid	LSM-42994	NA	10uM	NPC	6h	LINCSCP_43644
LINCSCP_68941	0.9204430632	0.003283853354	7	13-Hydroxy-8,14,19-trimethoxy-4,10,12,16-tetramethyl-3,20,22-trioxo-2-azabicyclo[16.3.1]docosa-1(21),4,6,10,18-pentaen-9-yl carbamate	LSM-42815	HSP90AA1	10uM	VCAP	6h	LINCSCP_68941
LINCSCP_16618	0.9202935081	0.003299036293	7	Daph	LSM-5309	EGFR	10uM	HA1E	6h	LINCSCP_16618
LINCSCP_32953	-0.920239722	0.003304506724	7	Alaproclate	LSM-1333	SLC6A4	10uM	MCF7	6h	LINCSCP_32953
LINCSCP_22099	0.9200024414	0.003328703215	7	CHEMBL1270004	LSM-3790	NA	10uM	HEPG2	6h	LINCSCP_22099
LINCSCP_147028	-0.9199338593	0.003335716071	7	Rabusertib	LSM-36359	CHEK1	0.04uM	NEU	24h	LINCSCP_147028
LINCSCP_120697	0.9198941337	0.003339782165	7	Isoniazid	LSM-46042	CYP1A2|CYP2C19|CYP2C8|CYP2E1|CYP3A4	1.11uM	HT29	24h	LINCSCP_120697
LINCSCP_31025	0.9197325839	0.003356347371	7	SMR000030495	LSM-4137	NA	10uM	MCF7	24h	LINCSCP_31025
LINCSCP_47598	0.9197274876	0.003356870723	7	Thiostrepton	LSM-43142	FOXM1	10uM	PC3	24h	LINCSCP_47598
LINCSCP_2016	0.9196959709	0.003360108308	7	BRD-K30194621	LSM-38918	NA	10uM	A375	6h	LINCSCP_2016
LINCSCP_169558	-0.919689853	0.003360736994	7	NUTLIN 3	LSM-4288	MDM2	0.12uM	YAPC	24h	LINCSCP_169558
LINCSCP_120578	0.9196832218	0.0033614185	7	179324-69-7	LSM-6281	ADRM1|PSMA1|PSMA2|PSMA3|PSMA4|PSMA5|PSMA6|PSMA7|PSMA8|PSMB1|PSMB10|PSMB11|PSMB2|PSMB3|PSMB4|PSMB5|PSMB6|PSMB7|PSMB8|PSMB9|PSMC1|PSMC2|PSMC3|PSMC4|PSMC5|PSMC6|PSMD1|PSMD11|PSMD12|PSMD13|PSMD14|PSMD2|PSMD3|PSMD4|PSMD6|PSMD7|PSMD8|SEM1	20uM	HT29	24h	LINCSCP_120578
LINCSCP_116231	-0.9194534744	0.003385080164	7	GSK 1059615	LSM-42799	PIK3CA|PIK3CB|PIK3CD|PIK3CG	1.11uM	HT29	24h	LINCSCP_116231
LINCSCP_83906	0.9193396607	0.00339683782	7	ZINC6718453	LSM-1198	NA	0.12uM	ASC.C	24h	LINCSCP_83906
LINCSCP_154124	-0.9192371201	0.003407451332	7	Ergothioneine	LSM-45829	NA	1.11uM	PC3	24h	LINCSCP_154124
LINCSCP_152254	-0.919167905	0.003414626429	7	GW-5074	LSM-42779	RAF1	0.37uM	PC3	24h	LINCSCP_152254
LINCSCP_81156	0.9191358034	0.003417957203	7	AZD-8330	LSM-1165	MAP2K1|MAP2K2	1.11uM	A549	24h	LINCSCP_81156
LINCSCP_101549	-0.9190841502	0.00342332058	7	Telbivudine	LSM-45942	NA	10uM	HELA	24h	LINCSCP_101549
LINCSCP_27821	0.9190452385	0.0034273642	7	BRD-K75843415	LSM-13067	NA	5uM	HT29	24h	LINCSCP_27821
LINCSCP_259443	0.9190034677	0.003431708044	7	3-Amino-7-hydroxy-3,4-dihydroquinolin-2(1H)-one	LSM-36913	NA	10uM	NEU	24h	LINCSCP_259443
LINCSCP_49879	-0.9188194269	0.003450885224	7	ZINC04889240	LSM-4055	NA	10uM	PHH	24h	LINCSCP_49879
LINCSCP_51713	0.9187325381	0.003459960831	7	Crizotinib	LSM-1027	ALK|MET	1uM	SKBR3	6h	LINCSCP_51713
LINCSCP_67083	0.9185054741	0.003483743735	7	13-Hydroxy-8,14,19-trimethoxy-4,10,12,16-tetramethyl-3,20,22-trioxo-2-azabicyclo[16.3.1]docosa-1(21),4,6,10,18-pentaen-9-yl carbamate	LSM-42815	HSP90AA1	10uM	HT29	6h	LINCSCP_67083
LINCSCP_63199	0.9183940358	0.00349545076	7	BRD-K94781393	LSM-14241	NA	5uM	VCAP	6h	LINCSCP_63199
LINCSCP_8299	0.9182468329	0.00351095024	7	CHEMBL2360586	LSM-42624	NA	5uM	A549	24h	LINCSCP_8299
LINCSCP_153078	-0.9182358198	0.003512111467	7	Papaverine	LSM-2338	PDE10A	0.04uM	PC3	24h	LINCSCP_153078
LINCSCP_120601	0.9182181083	0.003513979428	7	Sepantronium	LSM-5399	BIRC5	1.11uM	HT29	24h	LINCSCP_120601
LINCSCP_130140	0.9182166765	0.003514130457	7	Saracatinib	LSM-1032	ABL1|SRC	10uM	LNCAP	3h	LINCSCP_130140
LINCSCP_14257	-0.9181398172	0.00352224347	7	Glimepiride	LSM-2760	ABCC8|KCNJ11	10uM	HA1E	6h	LINCSCP_14257
LINCSCP_64748	-0.9180940606	0.003527078577	7	BRD-K17705111	LSM-38206	NA	10uM	VCAP	6h	LINCSCP_64748
LINCSCP_130598	0.9180769955	0.00352888285	7	TGX 221	LSM-1172	PIK3CB	0.37uM	MCF10A	24h	LINCSCP_130598
LINCSCP_165404	0.9179934689	0.003537721765	7	SCHEMBL17378613	LSM-5749	CSF1R	0.12uM	SKL	24h	LINCSCP_165404
LINCSCP_301545	0.9177749178	0.003560910428	7	BRD-K75749796	LSM-13062	NA	5uM	VCAP	6h	LINCSCP_301545
LINCSCP_155397	-0.9177482191	0.003563749287	7	5-(6-Aminopurin-9-yl)-2-methyltetrahydrofuran-3-ol	LSM-4354	NA	10uM	PC3	24h	LINCSCP_155397
LINCSCP_277290	0.9177164909	0.003567124637	7	BRD-K40115967	LSM-39480	NA	5uM	PC3	24h	LINCSCP_277290
LINCSCP_53698	0.9176873298	0.003570228548	7	AZD7545	LSM-6250	NA	20uM	SNU1040	6h	LINCSCP_53698
LINCSCP_65746	0.9175539112	0.003584449776	7	BRD-K99439802	LSM-42654	NA	10uM	VCAP	24h	LINCSCP_65746
LINCSCP_96458	-0.917496739	0.003590553941	7	Macitentan	LSM-45420	EDNRA|EDNRB	1.11uM	HA1E	24h	LINCSCP_96458
LINCSCP_93268	-0.9174918327	0.003591078068	7	ETOPOSIDE	LSM-6348	TOP2A|TOP2B	1.11uM	HA1E	24h	LINCSCP_93268
LINCSCP_30990	0.9174591937	0.003594565893	7	CHEMBL1555451	LSM-3423	NA	10uM	MCF7	24h	LINCSCP_30990
LINCSCP_153510	-0.9173766611	0.003603394214	7	Primidone	LSM-2700	GABRA1|GABRA2|GABRA3|GABRA4|GABRA5|GABRA6|GABRB1|GABRB2|GABRB3|GABRD|GABRE|GABRG1|GABRG2|GABRG3|GABRP|GABRQ|SCN10A|SCN11A|SCN1A|SCN2A|SCN3A|SCN4A|SCN5A|SCN7A|SCN8A|SCN9A	10uM	PC3	24h	LINCSCP_153510
LINCSCP_103705	-0.9173170155	0.003609782252	7	Hydroflumethiazide	LSM-5497	SLC12A1|SLC12A3	1.11uM	HELA	24h	LINCSCP_103705
LINCSCP_4342	-0.917297967	0.003611823734	7	Clebopride	LSM-2375	DRD2	10uM	A549	6h	LINCSCP_4342
LINCSCP_33450	0.9172351037	0.003618565778	7	SPECTRUM_000886	LSM-1906	ESR1|GNRHR	10uM	MCF7	6h	LINCSCP_33450
LINCSCP_152334	0.9172012995	0.003622194297	7	VX-745	LSM-1169	MAPK14	0.04uM	PC3	24h	LINCSCP_152334
LINCSCP_58843	0.917188771	0.003623539635	7	Somatostatin	LSM-5326	SSTR1|SSTR2|SSTR3|SSTR4|SSTR5	10uM	VCAP	24h	LINCSCP_58843
LINCSCP_235060	-0.9170359887	0.003639969267	7	SCHEMBL15556278	LSM-1002	DDR1	10uM	MCF10A	6h	LINCSCP_235060
LINCSCP_64331	-0.916953926	0.003648811925	7	BRD-K83541009	LSM-41836	NA	5uM	VCAP	24h	LINCSCP_64331
LINCSCP_46848	-0.9168082066	0.003664544835	7	856437-59-7	LSM-4751	NA	10uM	PC3	24h	LINCSCP_46848
LINCSCP_277470	-0.9167685927	0.003668828677	7	Wortmannin	LSM-3947	PIK3CA|PIK3CG|PLK1	10uM	PC3	24h	LINCSCP_277470
LINCSCP_262988	-0.9167664559	0.003669059826	7	BRD-K23589333	LSM-9847	NA	10uM	NPC	24h	LINCSCP_262988
LINCSCP_95800	-0.9166414634	0.003682596196	7	Valsartan	LSM-2993	AGTR1	1.11uM	HA1E	24h	LINCSCP_95800
LINCSCP_53503	0.9165641708	0.003690981365	7	MLN 2238	LSM-4944	PSMB1	10uM	SKMEL28	6h	LINCSCP_53503
LINCSCP_108197	0.9163552937	0.003713697433	7	Inamrinone	LSM-6600	PDE3A	10uM	HELA	24h	LINCSCP_108197
LINCSCP_212386	-0.9162592828	0.003724166272	7	Methapyrilene	LSM-5582	HRH1	20uM	HA1E	6h	LINCSCP_212386
LINCSCP_32253	0.9162249579	0.003727913168	7	N,N-Dimethyl-n'-{5-[(2-methyl-4-quinolyl)thio]-1,3,4-thiadiazol-2-yl}iminoformamide	LSM-4930	NA	10uM	MCF7	24h	LINCSCP_32253
LINCSCP_120491	0.9159918345	0.003753419194	7	179324-69-7	LSM-6281	ADRM1|PSMA1|PSMA2|PSMA3|PSMA4|PSMA5|PSMA6|PSMA7|PSMA8|PSMB1|PSMB10|PSMB11|PSMB2|PSMB3|PSMB4|PSMB5|PSMB6|PSMB7|PSMB8|PSMB9|PSMC1|PSMC2|PSMC3|PSMC4|PSMC5|PSMC6|PSMD1|PSMD11|PSMD12|PSMD13|PSMD14|PSMD2|PSMD3|PSMD4|PSMD6|PSMD7|PSMD8|SEM1	20uM	HT29	24h	LINCSCP_120491
LINCSCP_6426	-0.9159375632	0.003759371601	7	Mirin	LSM-43213	MRE11	10uM	A549	24h	LINCSCP_6426
LINCSCP_82028	0.9156856035	0.003787078491	7	PD-0325901	LSM-1101	MAP2K1|MAP2K2	1.11uM	A549	24h	LINCSCP_82028
LINCSCP_163439	0.9153829895	0.003820512888	7	WH-4-025	LSM-44937	NA	10uM	SKBR3	3h	LINCSCP_163439
LINCSCP_140891	0.9153200871	0.003827484239	7	Amuvatinib	LSM-1118	FLT3|KIT|MET|PDGFRA	10uM	MCF7	24h	LINCSCP_140891
LINCSCP_92318	-0.9152434026	0.0038359931	7	KX2-391	LSM-45890	SRC	0.04uM	HA1E	24h	LINCSCP_92318
LINCSCP_115536	0.9152137854	0.003839282359	7	Palbociclib	LSM-1071	CCND1|CDK4|CDK6	10uM	HS578T	24h	LINCSCP_115536
LINCSCP_223587	-0.9149779644	0.00386553121	7	LY-294002	LSM-2597	MTOR|PIK3CA|PIK3CB|PIK3CD|PIK3CG|PLK1|PRKDC	10uM	HT29	24h	LINCSCP_223587
LINCSCP_135591	-0.9149181315	0.003872207739	7	Trimipramine	LSM-1371	ADRA1A|ADRA1B|ADRA1D|DRD2|HRH1|HTR2A|HTR2C|SLC6A2|SLC6A3|SLC6A4	3.33uM	MCF7	24h	LINCSCP_135591
LINCSCP_119246	0.9149063544	0.003873522697	7	Saracatinib	LSM-1032	ABL1|SRC	10uM	HT29	24h	LINCSCP_119246
LINCSCP_6301	-0.9146419899	0.003903108629	7	CVF-SUMO-13	LSM-4834	NA	10uM	A549	24h	LINCSCP_6301
LINCSCP_112335	-0.9145037963	0.003918626715	7	848193-68-0	LSM-6271	SIRT1	10uM	HEPG2	24h	LINCSCP_112335
LINCSCP_136986	0.9144535816	0.00392427436	7	Cobicistat (GS-9350)	LSM-45771	CYP3A4|CYP3A43|CYP3A5|CYP3A7|CYP3A7-CYP3A51P	10uM	MCF7	24h	LINCSCP_136986
LINCSCP_130180	-0.914354015	0.003935486651	7	PHA-793887	LSM-1073	CDK1|CDK10|CDK11B|CDK12|CDK13|CDK14|CDK15|CDK16|CDK17|CDK18|CDK19|CDK2|CDK20|CDK3|CDK4|CDK5|CDK6|CDK7|CDK8|CDK9	0.12uM	LNCAP	3h	LINCSCP_130180
LINCSCP_155821	-0.9143136154	0.003940041426	7	Tolazamide	LSM-2699	ABCC8|KCNJ11	10uM	PC3	24h	LINCSCP_155821
LINCSCP_20676	0.9140265957	0.003972489529	7	BRD-K88217904	LSM-6162	NA	10uM	HCC515	6h	LINCSCP_20676
LINCSCP_155236	-0.91399363	0.003976226314	7	Temoporfin	LSM-45995	NA	3.33uM	PC3	24h	LINCSCP_155236
LINCSCP_45772	-0.9139121165	0.003985475005	7	1-Pentofuranosyl-1H-1,2,4-triazole-3-carboxamide	LSM-5189	IMPDH1	10uM	PC3	6h	LINCSCP_45772
LINCSCP_56835	0.9139091292	0.003985814186	7	Valdecoxib	LSM-5305	PTGS2	100uM	VCAP	24h	LINCSCP_56835
LINCSCP_4349	-0.9137886074	0.003999512507	7	Phenylalanyltyrosine	LSM-2496	NA	10uM	A549	6h	LINCSCP_4349
LINCSCP_33496	0.9137773891	0.004000788958	7	Clopenthixol	LSM-42927	DRD1|DRD2	10uM	MCF7	6h	LINCSCP_33496
LINCSCP_64956	0.9137516022	0.004003723972	7	CHEMBL2140960	LSM-41167	NA	10uM	VCAP	24h	LINCSCP_64956
LINCSCP_43193	-0.9137407832	0.004004955737	7	BRD-K91461129	LSM-42253	NA	10uM	NPC	24h	LINCSCP_43193
LINCSCP_68586	0.9137195723	0.004007371297	7	Vorinostat	LSM-3828	HDAC1|HDAC2|HDAC3|HDAC6|HDAC8	10uM	VCAP	24h	LINCSCP_68586
LINCSCP_146517	0.9136136709	0.004019444385	7	Pazopanib	LSM-1114	CSF1R|FGFR1|FGFR3|FLT1|FLT4|ITK|KDR|KIT|LCK|PDGFRA|PDGFRB	0.37uM	NEU	24h	LINCSCP_146517
LINCSCP_137156	0.9135814877	0.004023117564	7	179324-69-7	LSM-6281	ADRM1|PSMA1|PSMA2|PSMA3|PSMA4|PSMA5|PSMA6|PSMA7|PSMA8|PSMB1|PSMB10|PSMB11|PSMB2|PSMB3|PSMB4|PSMB5|PSMB6|PSMB7|PSMB8|PSMB9|PSMC1|PSMC2|PSMC3|PSMC4|PSMC5|PSMC6|PSMD1|PSMD11|PSMD12|PSMD13|PSMD14|PSMD2|PSMD3|PSMD4|PSMD6|PSMD7|PSMD8|SEM1	20uM	MCF7	24h	LINCSCP_137156
LINCSCP_138569	0.9135615979	0.004025388646	7	Brexpiprazole	LSM-45790	DRD2|HTR1A|HTR2A	0.04uM	MCF7	24h	LINCSCP_138569
LINCSCP_82030	0.9135569605	0.004025918264	7	PD-0325901	LSM-1101	MAP2K1|MAP2K2	0.12uM	A549	24h	LINCSCP_82030
LINCSCP_19086	-0.9134623484	0.004036732428	7	Cimetidine	LSM-2404	HRH2	10uM	HCC515	6h	LINCSCP_19086
LINCSCP_212299	0.9134547837	0.004037597803	7	Benzo[E]Pyrene	LSM-36984	NA	10uM	HA1E	24h	LINCSCP_212299
LINCSCP_27919	0.9132328316	0.004063036632	7	BRD-K51579714	LSM-40118	NA	5uM	HT29	24h	LINCSCP_27919
LINCSCP_30675	-0.9131639737	0.00407094768	7	Kinetin Riboside	LSM-6292	NA	10uM	MCF7	24h	LINCSCP_30675
LINCSCP_31867	0.9131478645	0.00407279976	7	CHEMBL2130568	LSM-29353	NA	10uM	MCF7	24h	LINCSCP_31867
LINCSCP_27014	0.9130438312	0.004084772315	7	MG-132	LSM-1107	PSMB1	10uM	HT29	6h	LINCSCP_27014
LINCSCP_30874	0.9130402366	0.004085186371	7	STK178014	LSM-43108	NA	50uM	MCF7	6h	LINCSCP_30874
LINCSCP_16649	-0.9126736665	0.004127538851	7	F1679-0128	LSM-4626	NA	10uM	HA1E	6h	LINCSCP_16649
LINCSCP_108965	-0.9126029788	0.004135735263	7	Masitinib	LSM-1130	FGFR3|KIT|LYN|PDGFRA|PDGFRB	10uM	HELA	24h	LINCSCP_108965
LINCSCP_133075	0.9125914472	0.004137073278	7	Dasatinib	LSM-1020	ABL1|BCR|BLK|EPHA2|FGR|FRK|FYN|HCK|KIT|LCK|LYN|PDGFRB|SRC|SRMS|YES1	1.11uM	MCF7	3h	LINCSCP_133075
LINCSCP_115016	0.9124403636	0.004154626929	7	Erlotinib	LSM-1097	EGFR	3.33uM	HS578T	24h	LINCSCP_115016
LINCSCP_138300	0.9124257958	0.00415632178	7	Voriconazole	LSM-5244	CYP2C19|CYP2C9|CYP3A4|CYP3A5|PTGS1	10uM	MCF7	24h	LINCSCP_138300
LINCSCP_38034	0.9121670538	0.004186491737	7	BRD-K32581454-001-01-5	LSM-6827	NA	3uM	MCF7	6h	LINCSCP_38034
LINCSCP_51613	0.91213945	0.004189717925	7	AS-605240	LSM-42784	PIK3CG	0.5uM	SKBR3	6h	LINCSCP_51613
LINCSCP_120579	0.9121384328	0.004189836844	7	179324-69-7	LSM-6281	ADRM1|PSMA1|PSMA2|PSMA3|PSMA4|PSMA5|PSMA6|PSMA7|PSMA8|PSMB1|PSMB10|PSMB11|PSMB2|PSMB3|PSMB4|PSMB5|PSMB6|PSMB7|PSMB8|PSMB9|PSMC1|PSMC2|PSMC3|PSMC4|PSMC5|PSMC6|PSMD1|PSMD11|PSMD12|PSMD13|PSMD14|PSMD2|PSMD3|PSMD4|PSMD6|PSMD7|PSMD8|SEM1	20uM	HT29	24h	LINCSCP_120579
LINCSCP_152424	0.9121289394	0.004190946735	7	C-Fms Inhibitor	LSM-1196	NA	0.04uM	PC3	24h	LINCSCP_152424
LINCSCP_43033	0.9119910579	0.004207086119	7	BRD-K65526065	LSM-40849	NA	10uM	NPC	24h	LINCSCP_43033
LINCSCP_121449	0.9119406315	0.004212997697	7	Dofequidar (fumarate)	LSM-45877	NA	0.12uM	HT29	24h	LINCSCP_121449
LINCSCP_155799	-0.9117367797	0.004236945036	7	Temozolomide	LSM-4590	MGMT	1.11uM	PC3	24h	LINCSCP_155799
LINCSCP_112304	-0.9116900005	0.004242451575	7	Iniparib	LSM-6317	PARP1	0.04uM	HEPG2	24h	LINCSCP_112304
LINCSCP_175002	0.9116334931	0.004249108803	7	Tosedostat	LSM-6286	ANPEP|C9orf3|DNPEP|ENPEP|ERAP1|ERAP2|LAP3|LNPEP|LVRN|METAP1|METAP1D|METAP2|NPEPL1|NPEPPS|RNPEP|RNPEPL1|XPNPEP1|XPNPEP2|XPNPEP3	3.33uM	YAPC	24h	LINCSCP_175002
LINCSCP_113630	0.9115730218	0.004256239789	7	AS-605240	LSM-42784	PIK3CG	0.04uM	HME1	3h	LINCSCP_113630
LINCSCP_262119	0.9114687176	0.004268556092	7	Hypericin	LSM-2650	NA	10uM	NPC	24h	LINCSCP_262119
LINCSCP_147421	-0.9112958998	0.004289008258	7	1166227-08-2	LSM-1204	NA	0.04uM	NPC.CAS9	24h	LINCSCP_147421
LINCSCP_86768	0.9112900747	0.004289698627	7	WZ 4002	LSM-1085	EGFR|ERBB2	10uM	CD34	24h	LINCSCP_86768
LINCSCP_30751	-0.9111623269	0.004304855079	7	3-Aminobenzamide	LSM-4525	NA	40uM	MCF7	6h	LINCSCP_30751
LINCSCP_89966	-0.9111272541	0.004309021711	7	Phensuximide	LSM-1359	CACNA1G|CACNA1H|CACNA1I	0.04uM	HA1E	24h	LINCSCP_89966
LINCSCP_124169	0.9110388782	0.004319531124	7	179324-69-7	LSM-6281	ADRM1|PSMA1|PSMA2|PSMA3|PSMA4|PSMA5|PSMA6|PSMA7|PSMA8|PSMB1|PSMB10|PSMB11|PSMB2|PSMB3|PSMB4|PSMB5|PSMB6|PSMB7|PSMB8|PSMB9|PSMC1|PSMC2|PSMC3|PSMC4|PSMC5|PSMC6|PSMD1|PSMD11|PSMD12|PSMD13|PSMD14|PSMD2|PSMD3|PSMD4|PSMD6|PSMD7|PSMD8|SEM1	20uM	HT29	24h	LINCSCP_124169
LINCSCP_54175	-0.9109430661	0.004330941726	7	9-Methyl-5H-6-thia-4,5-diaza-chrysene 6,6-dioxide	LSM-6219	NA	10uM	SW620	6h	LINCSCP_54175
LINCSCP_21586	0.91083496	0.00434383755	7	CYTO7H11	LSM-4351	BAX	10uM	HEPG2	6h	LINCSCP_21586
LINCSCP_120938	0.9107775478	0.00435069527	7	179324-69-7	LSM-6281	ADRM1|PSMA1|PSMA2|PSMA3|PSMA4|PSMA5|PSMA6|PSMA7|PSMA8|PSMB1|PSMB10|PSMB11|PSMB2|PSMB3|PSMB4|PSMB5|PSMB6|PSMB7|PSMB8|PSMB9|PSMC1|PSMC2|PSMC3|PSMC4|PSMC5|PSMC6|PSMD1|PSMD11|PSMD12|PSMD13|PSMD14|PSMD2|PSMD3|PSMD4|PSMD6|PSMD7|PSMD8|SEM1	20uM	HT29	24h	LINCSCP_120938
LINCSCP_56275	0.9107438381	0.004354724726	7	Puromycin	LSM-2788	NA	10uM	VCAP	24h	LINCSCP_56275
LINCSCP_43583	0.9107177275	0.004357847334	7	Retinol	LSM-43173	RXRA|RXRB|RXRG	10uM	NPC	6h	LINCSCP_43583
LINCSCP_220898	-0.9106186501	0.004369708044	7	Ciprofibrate	LSM-1600	PPARA	10uM	HEPG2	6h	LINCSCP_220898
LINCSCP_212314	0.9105458685	0.004378432829	7	Carbaril	LSM-37123	NA	10uM	HA1E	24h	LINCSCP_212314
LINCSCP_164327	0.9105103233	0.004382697545	7	Dasatinib	LSM-1020	ABL1|BCR|BLK|EPHA2|FGR|FRK|FYN|HCK|KIT|LCK|LYN|PDGFRB|SRC|SRMS|YES1	3.33uM	SKL.C	24h	LINCSCP_164327
LINCSCP_83652	-0.9104385455	0.004391316839	7	GSK-J2	LSM-44940	NA	10uM	ASC.C	24h	LINCSCP_83652
LINCSCP_25508	0.9104076522	0.004395029629	7	AKT Inhibitor IV	LSM-43091	AKT1	10uM	HT29	24h	LINCSCP_25508
LINCSCP_295300	0.9102051641	0.004419410269	7	Nilotinib	LSM-1099	ABL1|BCR|KIT	10uM	VCAP	24h	LINCSCP_295300
LINCSCP_81643	-0.9100216936	0.004441569064	7	ZSTK 474	LSM-1053	PIK3CG	0.12uM	A549	24h	LINCSCP_81643
LINCSCP_27114	0.9099573114	0.004449360204	7	3,5-Bis(4-methylbenzylidene)piperidin-4-one	LSM-2827	SENP2|USP1|USP2|USP7	10uM	HT29	6h	LINCSCP_27114
LINCSCP_25503	-0.909945607	0.004450777451	7	4-Iodo-6-phenylpyrimidine	LSM-6233	MIF	40uM	HT29	24h	LINCSCP_25503
LINCSCP_68990	-0.9099267545	0.004453060796	7	Tozasertib	LSM-1021	ABL1|AURKA|AURKB|AURKC|BCR|FLT3|JAK2	0.04uM	A375	24h	LINCSCP_68990
LINCSCP_68749	0.9098488917	0.00446249849	7	Vorinostat	LSM-3828	HDAC1|HDAC2|HDAC3|HDAC6|HDAC8	10uM	VCAP	24h	LINCSCP_68749
LINCSCP_62832	0.9097606514	0.00447320813	7	BRD-K97717522	LSM-14430	NA	5uM	VCAP	24h	LINCSCP_62832
LINCSCP_282259	0.9097288215	0.004477074969	7	Roquinimex	LSM-2046	NA	10uM	PHH	24h	LINCSCP_282259
LINCSCP_137074	0.9097101125	0.00447934873	7	179324-69-7	LSM-6281	ADRM1|PSMA1|PSMA2|PSMA3|PSMA4|PSMA5|PSMA6|PSMA7|PSMA8|PSMB1|PSMB10|PSMB11|PSMB2|PSMB3|PSMB4|PSMB5|PSMB6|PSMB7|PSMB8|PSMB9|PSMC1|PSMC2|PSMC3|PSMC4|PSMC5|PSMC6|PSMD1|PSMD11|PSMD12|PSMD13|PSMD14|PSMD2|PSMD3|PSMD4|PSMD6|PSMD7|PSMD8|SEM1	20uM	MCF7	24h	LINCSCP_137074
LINCSCP_57009	-0.9095970499	0.004493103896	7	Artesunate	LSM-4916	NA	10uM	VCAP	6h	LINCSCP_57009
LINCSCP_121657	0.9095166863	0.004502895887	7	179324-69-7	LSM-6281	ADRM1|PSMA1|PSMA2|PSMA3|PSMA4|PSMA5|PSMA6|PSMA7|PSMA8|PSMB1|PSMB10|PSMB11|PSMB2|PSMB3|PSMB4|PSMB5|PSMB6|PSMB7|PSMB8|PSMB9|PSMC1|PSMC2|PSMC3|PSMC4|PSMC5|PSMC6|PSMD1|PSMD11|PSMD12|PSMD13|PSMD14|PSMD2|PSMD3|PSMD4|PSMD6|PSMD7|PSMD8|SEM1	20uM	HT29	24h	LINCSCP_121657
LINCSCP_83689	-0.909415755	0.004515211573	7	GSK429286A	LSM-1012	ROCK1	0.04uM	ASC.C	24h	LINCSCP_83689
LINCSCP_30651	0.9093287699	0.004525841272	7	STK178014	LSM-43108	NA	50uM	MCF7	24h	LINCSCP_30651
LINCSCP_84549	0.9093133316	0.004527729387	7	Entinostat	LSM-4811	HDAC1|HDAC10|HDAC11|HDAC2|HDAC3|HDAC4|HDAC5|HDAC6|HDAC7|HDAC8|HDAC9	3.33uM	ASC	24h	LINCSCP_84549
LINCSCP_53889	0.9090067846	0.004565315273	7	SMR001317659	LSM-2094	NA	0.5uM	SNUC5	6h	LINCSCP_53889
LINCSCP_26494	0.9086619083	0.004607817491	7	SPOX1_000651	LSM-4624	NA	10uM	HT29	6h	LINCSCP_26494
LINCSCP_121558	-0.9086038933	0.004614989779	7	376348-65-1, Uk-427857, uk427857	LSM-6182	CCR5	0.04uM	HT29	24h	LINCSCP_121558
LINCSCP_88437	0.908513166	0.004626219259	7	Sunitinib	LSM-42800	CSF1R|FLT1|FLT3|FLT4|KDR|KIT|PDGFRA|PDGFRB|RET	10uM	HA1E	24h	LINCSCP_88437
LINCSCP_82389	0.9083928008	0.004641141649	7	PD-0325901	LSM-1101	MAP2K1|MAP2K2	0.04uM	A549	24h	LINCSCP_82389
LINCSCP_137691	0.9083651099	0.004644578622	7	MG-132	LSM-1107	PSMB1	20uM	MCF7	24h	LINCSCP_137691
LINCSCP_8277	-0.9081274813	0.004674133869	7	BRD-K27239120-001-01-1	LSM-6802	NA	5uM	A549	24h	LINCSCP_8277
LINCSCP_135434	-0.9080667687	0.004681702579	7	Linagliptin	LSM-45916	DPP4	10uM	MCF7	24h	LINCSCP_135434
LINCSCP_44278	0.9080225334	0.004687221655	7	Puromycin Hydrochloride	LSM-1431	NA	10uM	PC3	6h	LINCSCP_44278
LINCSCP_310442	-0.9080036853	0.004689574411	7	BRD-K81224183	LSM-15056	NA	10uM	VCAP	24h	LINCSCP_310442
LINCSCP_25079	-0.9079169082	0.004700415449	7	AC1M52QF	LSM-43140	NA	10uM	HT115	6h	LINCSCP_25079
LINCSCP_191389	0.9077444429	0.004722004819	7	FPA1_000317	LSM-36751	NA	10uM	A549	6h	LINCSCP_191389
LINCSCP_56267	0.9077306523	0.004723733636	7	CBIOL_001848	LSM-2616	RARA	10uM	VCAP	24h	LINCSCP_56267
LINCSCP_84316	-0.907636044	0.004735603823	7	GSK-3 Inhibitor II	LSM-1030	GSK3B	10uM	ASC	24h	LINCSCP_84316
LINCSCP_54642	-0.9076082639	0.004739092599	7	BRD32048	LSM-4943	NA	10uM	SW948	6h	LINCSCP_54642
LINCSCP_68098	-0.9075323128	0.004748638593	7	13-Methyl-7-[9-(4,4,5,5,5-pentafluoropentylsulfinyl)nonyl]-6,7,8,9,11,12,14,15,16,17-decahydrocyclopenta[a]phenanthrene-3,17-diol	LSM-1895	ESR1	0.1uM	PC3	24h	LINCSCP_68098
LINCSCP_84201	-0.9074257239	0.004762054218	7	COT Inhibitor-2	LSM-1154	NA	0.04uM	ASC	24h	LINCSCP_84201
LINCSCP_117907	-0.9072212632	0.00478785006	7	TIE2 Kinase Inhibitor	LSM-1194	NA	0.12uM	HT29	24h	LINCSCP_117907
LINCSCP_90929	0.907217908	0.00478827405	7	Levofloxacin	LSM-5270	NA	0.37uM	HA1E	24h	LINCSCP_90929
LINCSCP_136513	-0.9070884289	0.004804652678	7	Sulmazole	LSM-4362	NA	10uM	MCF7	24h	LINCSCP_136513
LINCSCP_54397	-0.9070872941	0.004804796368	7	NUTLIN 3	LSM-4288	MDM2	40uM	SW948	6h	LINCSCP_54397
LINCSCP_150022	-0.9070384571	0.004810982638	7	UNC 669	LSM-6337	NA	10uM	NPC.TAK	24h	LINCSCP_150022
LINCSCP_294527	0.906912909	0.004826907351	7	BRD-K10609180	LSM-6774	NA	10uM	VCAP	6h	LINCSCP_294527
LINCSCP_165362	0.9069100302	0.004827272854	7	PF-04217903	LSM-1166	MET	0.12uM	SKL	24h	LINCSCP_165362
LINCSCP_45828	-0.9068984415	0.004828744398	7	Cis-N,N-Dimethyl-9-(3-(1-Piperazinyl)Propylidene)Thioxanthene-2-Sulfonamide	LSM-43212	HTR2A	10uM	PC3	6h	LINCSCP_45828
LINCSCP_292144	0.9068416098	0.004835964704	7	4-Methoxy-2-(4-propoxyphenyl)quinazoline	LSM-3300	NA	10uM	VCAP	6h	LINCSCP_292144
LINCSCP_132864	0.9067877641	0.004842811444	7	TORIN1	LSM-1079	MTOR	3.33uM	MCF7	24h	LINCSCP_132864
LINCSCP_149216	0.9067623131	0.004846049626	7	Chelerythrine	LSM-1187	NA	0.04uM	NPC	24h	LINCSCP_149216
LINCSCP_227932	0.9067387056	0.004849054375	7	Dexamethasone	LSM-5512	NR3C1	10uM	HT29	6h	LINCSCP_227932
LINCSCP_307029	0.9066420823	0.004861363886	7	CHEMBL2361748	LSM-6831	NA	5uM	VCAP	6h	LINCSCP_307029
LINCSCP_154295	-0.9066112291	0.004865298312	7	TAS-103 (dihydrochloride)	LSM-45292	NA	0.04uM	PC3	24h	LINCSCP_154295
LINCSCP_48402	0.9064334877	0.004888000203	7	BRD-K79579182	LSM-41613	NA	5uM	PC3	24h	LINCSCP_48402
LINCSCP_119860	0.9063507248	0.00489859205	7	179324-69-7	LSM-6281	ADRM1|PSMA1|PSMA2|PSMA3|PSMA4|PSMA5|PSMA6|PSMA7|PSMA8|PSMB1|PSMB10|PSMB11|PSMB2|PSMB3|PSMB4|PSMB5|PSMB6|PSMB7|PSMB8|PSMB9|PSMC1|PSMC2|PSMC3|PSMC4|PSMC5|PSMC6|PSMD1|PSMD11|PSMD12|PSMD13|PSMD14|PSMD2|PSMD3|PSMD4|PSMD6|PSMD7|PSMD8|SEM1	20uM	HT29	24h	LINCSCP_119860
LINCSCP_73852	-0.9062334283	0.004913626329	7	Nefazodone	LSM-4031	HTR2A|HTR2C|SLC6A2|SLC6A4	0.12uM	A375	24h	LINCSCP_73852
LINCSCP_129377	0.9062326177	0.004913730311	7	Vorinostat	LSM-3828	HDAC1|HDAC2|HDAC3|HDAC6|HDAC8	10uM	JURKAT	24h	LINCSCP_129377
LINCSCP_55881	0.9061928103	0.004918838725	7	Puromycin Hydrochloride	LSM-1431	NA	10uM	VCAP	24h	LINCSCP_55881
LINCSCP_149267	-0.9061841762	0.004919947124	7	CHEMBL1950303	LSM-1058	NA	1.11uM	NPC	24h	LINCSCP_149267
LINCSCP_25395	0.906116231	0.004928674702	7	Perhexiline	LSM-4353	CPT1A|CPT2	10uM	HT29	24h	LINCSCP_25395
LINCSCP_35631	0.9059398944	0.004951367212	7	Cucurbitacin-I	LSM-43115	JAK2|STAT3	3uM	MCF7	24h	LINCSCP_35631
LINCSCP_146042	-0.9057879238	0.004970972825	7	SAR245409	LSM-1174	NA	0.12uM	MNEU.E	24h	LINCSCP_146042
LINCSCP_24630	-0.9057277068	0.004978753872	7	Imatinib	LSM-1023	ABL1|BCR|CSF1R|KIT|PDGFRA|PDGFRB	10uM	HS578T	6h	LINCSCP_24630
LINCSCP_92002	0.9056393246	0.004990187155	7	Enoxolone	LSM-45606	NA	10uM	HA1E	24h	LINCSCP_92002
LINCSCP_49867	-0.9055768419	0.00499827925	7	NINDS_000152	LSM-4661	CYCS	10uM	PHH	24h	LINCSCP_49867
LINCSCP_10152	0.9055205848	0.005005571622	7	Nilotinib	LSM-1099	ABL1|BCR|KIT	3.33uM	A549	24h	LINCSCP_10152
LINCSCP_147876	0.9054893305	0.005009625654	7	JW 55	LSM-6318	NA	0.04uM	NPC.CAS9	24h	LINCSCP_147876
LINCSCP_58235	0.9054748044	0.005011510499	7	(R,S)-Indatraline	LSM-5209	MAOA|MAOB	10uM	VCAP	6h	LINCSCP_58235
LINCSCP_50796	0.9053559468	0.005026948503	7	MLS003448149	LSM-3003	NA	10uM	RKO	6h	LINCSCP_50796
LINCSCP_70424	-0.9053379173	0.005029292707	7	HY-11007	LSM-1022	ABL1|BCR	3.33uM	A375	24h	LINCSCP_70424
LINCSCP_17027	0.9052940329	0.00503500124	7	BRD-K99017327	LSM-42630	NA	10uM	HA1E	6h	LINCSCP_17027
LINCSCP_131534	-0.9052887784	0.005035685003	7	Tamatinib	LSM-1040	SYK	1.11uM	MCF10A	3h	LINCSCP_131534
LINCSCP_133043	0.9052726632	0.0050377824	7	C24H25CLFN5O3	LSM-42794	EGFR|ERBB2|ERBB4	10uM	MCF7	3h	LINCSCP_133043
LINCSCP_24568	-0.9050902121	0.005061563947	7	PHA-793887	LSM-1073	CDK1|CDK10|CDK11B|CDK12|CDK13|CDK14|CDK15|CDK16|CDK17|CDK18|CDK19|CDK2|CDK20|CDK3|CDK4|CDK5|CDK6|CDK7|CDK8|CDK9	1uM	HS578T	6h	LINCSCP_24568
LINCSCP_25818	0.9050270463	0.005069812469	7	3,5-Bis(4-methylbenzylidene)piperidin-4-one	LSM-42949	SENP2|USP1|USP2|USP7	10uM	HT29	6h	LINCSCP_25818
LINCSCP_117408	0.9049742275	0.005076715844	7	CHEMBL3347630	LSM-43292	NA	3.33uM	HT29	24h	LINCSCP_117408
LINCSCP_291642	0.9049143098	0.005084553657	7	NSC95397	LSM-3521	NA	10uM	VCAP	24h	LINCSCP_291642
LINCSCP_164221	-0.9049057626	0.005085672278	7	1166227-08-2	LSM-1204	NA	3.33uM	SKL.C	24h	LINCSCP_164221
LINCSCP_81360	0.904836154	0.005094787773	7	Trametinib	LSM-1143	MAP2K1|MAP2K2	1.11uM	A549	24h	LINCSCP_81360
LINCSCP_93748	0.904762295	0.005104470259	7	Vinburnine	LSM-2891	NA	0.08uM	HA1E	24h	LINCSCP_93748
LINCSCP_10498	-0.9046864937	0.005114418491	7	Pala	LSM-6202	CAD	80uM	AGS	6h	LINCSCP_10498
LINCSCP_113257	0.9046683094	0.005116806696	7	Gefitinib	LSM-1098	EGFR	0.12uM	HME1	24h	LINCSCP_113257
LINCSCP_2132	0.9046509014	0.00511909356	7	CP466722	LSM-1009	ATM	10uM	A375	6h	LINCSCP_2132
LINCSCP_51091	0.9046196066	0.005123206201	7	Rotenone	LSM-5260	MT-ND1	0.5uM	RMUGS	6h	LINCSCP_51091
LINCSCP_95547	-0.904618015	0.005123415404	7	BRD-A70541707	LSM-45654	NA	3.33uM	HA1E	24h	LINCSCP_95547
LINCSCP_5197	-0.9046063452	0.005124949536	7	VU0413807-2	LSM-1620	CACNA1G|CACNA1H|CACNA1I	10uM	A549	6h	LINCSCP_5197
LINCSCP_24600	-0.9045867629	0.005127524452	7	CGP 60474	LSM-1025	CDK1	0.1uM	HS578T	6h	LINCSCP_24600
LINCSCP_64549	0.9044839664	0.005141053726	7	SCHEMBL16226068	LSM-43297	HSP90AA1	5uM	VCAP	6h	LINCSCP_64549
LINCSCP_121299	0.9043475983	0.00515903348	7	179324-69-7	LSM-6281	ADRM1|PSMA1|PSMA2|PSMA3|PSMA4|PSMA5|PSMA6|PSMA7|PSMA8|PSMB1|PSMB10|PSMB11|PSMB2|PSMB3|PSMB4|PSMB5|PSMB6|PSMB7|PSMB8|PSMB9|PSMC1|PSMC2|PSMC3|PSMC4|PSMC5|PSMC6|PSMD1|PSMD11|PSMD12|PSMD13|PSMD14|PSMD2|PSMD3|PSMD4|PSMD6|PSMD7|PSMD8|SEM1	20uM	HT29	24h	LINCSCP_121299
LINCSCP_146618	-0.9042754967	0.005168554637	7	Quizartinib	LSM-1037	CSF1R|FLT3|KIT|PDGFRA|PDGFRB|RET	0.37uM	NEU	24h	LINCSCP_146618
LINCSCP_148622	-0.9040067654	0.005204131227	7	BMS-777607	LSM-1144	AXL|MERTK|MET|MST1R|TYRO3	1.11uM	NPC	24h	LINCSCP_148622
LINCSCP_53227	0.903933671	0.005213832583	7	3,5-Bis(4-methylbenzylidene)piperidin-4-one	LSM-42949	SENP2|USP1|USP2|USP7	10uM	SKM1	6h	LINCSCP_53227
LINCSCP_108181	0.9038013831	0.005231417053	7	Bezafibrate	LSM-3015	PPARA|PPARD|PPARG	1.11uM	HELA	24h	LINCSCP_108181
LINCSCP_250998	-0.9037680445	0.005235854045	7	3-Chloro-l-alanine	LSM-6205	RPS2	0.001uM	MCF7	24h	LINCSCP_250998
LINCSCP_51153	0.9036953245	0.005245539859	7	AZD7545	LSM-6250	NA	20uM	RMUGS	6h	LINCSCP_51153
LINCSCP_121572	0.9036907878	0.005246144471	7	179324-69-7	LSM-6281	ADRM1|PSMA1|PSMA2|PSMA3|PSMA4|PSMA5|PSMA6|PSMA7|PSMA8|PSMB1|PSMB10|PSMB11|PSMB2|PSMB3|PSMB4|PSMB5|PSMB6|PSMB7|PSMB8|PSMB9|PSMC1|PSMC2|PSMC3|PSMC4|PSMC5|PSMC6|PSMD1|PSMD11|PSMD12|PSMD13|PSMD14|PSMD2|PSMD3|PSMD4|PSMD6|PSMD7|PSMD8|SEM1	20uM	HT29	24h	LINCSCP_121572
LINCSCP_22802	0.9036771057	0.005247968126	7	2-Cyano-3-(3,4-dihydroxyphenyl)-n-phenylprop-2-enamide	LSM-2755	EGFR	10uM	HEPG2	6h	LINCSCP_22802
LINCSCP_20084	0.9034243868	0.005281718727	7	AC1LGTHT	LSM-4553	NA	10uM	HCC515	6h	LINCSCP_20084
LINCSCP_143490	-0.9033247798	0.005295055861	7	Cinaciguat	LSM-45801	NA	3.33uM	MCF7	24h	LINCSCP_143490
LINCSCP_111487	0.9031639889	0.005316626667	7	Nilotinib	LSM-1099	ABL1|BCR|KIT	10uM	HEPG2	24h	LINCSCP_111487
LINCSCP_51005	0.9031278517	0.005321481652	7	MLN 2238	LSM-4944	PSMB1	10uM	RMGI	6h	LINCSCP_51005
LINCSCP_69857	-0.9031097486	0.005323914752	7	Pazopanib	LSM-1114	CSF1R|FGFR1|FGFR3|FLT1|FLT4|ITK|KDR|KIT|LCK|PDGFRA|PDGFRB	0.04uM	A375	24h	LINCSCP_69857
LINCSCP_39837	0.9030494788	0.005332019832	7	Troglitazone	LSM-4890	PPARG	10uM	NCIH1694	6h	LINCSCP_39837
LINCSCP_112808	-0.9030080389	0.005337596812	7	MLS006011051	LSM-42801	BRAF	1.11uM	HEPG2	24h	LINCSCP_112808
LINCSCP_24466	-0.9028606867	0.005357454994	7	Seliciclib	LSM-1001	CDK1|CDK2|CDK5|CDK7|CDK9	10uM	HS578T	6h	LINCSCP_24466
LINCSCP_120494	0.9028384317	0.005360457965	7	179324-69-7	LSM-6281	ADRM1|PSMA1|PSMA2|PSMA3|PSMA4|PSMA5|PSMA6|PSMA7|PSMA8|PSMB1|PSMB10|PSMB11|PSMB2|PSMB3|PSMB4|PSMB5|PSMB6|PSMB7|PSMB8|PSMB9|PSMC1|PSMC2|PSMC3|PSMC4|PSMC5|PSMC6|PSMD1|PSMD11|PSMD12|PSMD13|PSMD14|PSMD2|PSMD3|PSMD4|PSMD6|PSMD7|PSMD8|SEM1	20uM	HT29	24h	LINCSCP_120494
LINCSCP_33081	-0.9028083208	0.005364522515	7	Lintitript	LSM-2780	CCKAR	10uM	MCF7	24h	LINCSCP_33081
LINCSCP_158744	-0.9027749542	0.005369028643	7	Gabapentin	LSM-5716	CACNA1A|CACNA1B|CACNA1C|CACNA1D|CACNA1E|CACNA1F|CACNA1G|CACNA1H|CACNA1I|CACNA1S|CACNA2D1|CACNA2D2|CACNA2D3|CACNA2D4|CACNB1|CACNB2|CACNB3|CACNB4|CACNG1|CACNG2|CACNG3|CACNG4|CACNG5|CACNG6|CACNG7|CACNG8	0.04uM	PC3	24h	LINCSCP_158744
LINCSCP_81155	0.9027502109	0.005372371614	7	AZD-8330	LSM-1165	MAP2K1|MAP2K2	3.33uM	A549	24h	LINCSCP_81155
LINCSCP_124172	0.9027298415	0.005375124566	7	179324-69-7	LSM-6281	ADRM1|PSMA1|PSMA2|PSMA3|PSMA4|PSMA5|PSMA6|PSMA7|PSMA8|PSMB1|PSMB10|PSMB11|PSMB2|PSMB3|PSMB4|PSMB5|PSMB6|PSMB7|PSMB8|PSMB9|PSMC1|PSMC2|PSMC3|PSMC4|PSMC5|PSMC6|PSMD1|PSMD11|PSMD12|PSMD13|PSMD14|PSMD2|PSMD3|PSMD4|PSMD6|PSMD7|PSMD8|SEM1	20uM	HT29	24h	LINCSCP_124172
LINCSCP_116016	0.9026130862	0.00539092	7	Radicicol	LSM-43303	NA	1.11uM	HS578T	3h	LINCSCP_116016
LINCSCP_136644	-0.9025532418	0.005399026594	7	Amineptine	LSM-45457	NA	0.04uM	MCF7	24h	LINCSCP_136644
LINCSCP_14245	-0.9025307317	0.005402077686	7	CHEMBL586058	LSM-2796	CASP3	10uM	HA1E	6h	LINCSCP_14245
LINCSCP_121297	0.9024313364	0.005415561995	7	179324-69-7	LSM-6281	ADRM1|PSMA1|PSMA2|PSMA3|PSMA4|PSMA5|PSMA6|PSMA7|PSMA8|PSMB1|PSMB10|PSMB11|PSMB2|PSMB3|PSMB4|PSMB5|PSMB6|PSMB7|PSMB8|PSMB9|PSMC1|PSMC2|PSMC3|PSMC4|PSMC5|PSMC6|PSMD1|PSMD11|PSMD12|PSMD13|PSMD14|PSMD2|PSMD3|PSMD4|PSMD6|PSMD7|PSMD8|SEM1	20uM	HT29	24h	LINCSCP_121297
LINCSCP_31886	0.9023813904	0.005422345223	7	ARG-CSC2-23	LSM-36801	NA	10uM	MCF7	24h	LINCSCP_31886
LINCSCP_54364	-0.9022542366	0.005439636455	7	MLS000106215	LSM-4009	NA	100uM	SW620	6h	LINCSCP_54364
LINCSCP_93833	0.9022306871	0.005442842399	7	Apilimod	LSM-45286	NA	0.04uM	HA1E	24h	LINCSCP_93833
LINCSCP_31760	0.9021956902	0.005447608762	7	Tegaserod	LSM-5375	HTR2B|HTR4	10uM	MCF7	24h	LINCSCP_31760
LINCSCP_43024	0.9021379533	0.005455477484	7	BRD-K59253994	LSM-36435	NA	10uM	NPC	24h	LINCSCP_43024
LINCSCP_22981	0.9020339675	0.005469665963	7	SCH-58261	LSM-3822	ADORA1|ADORA2A	10uM	HEPG2	6h	LINCSCP_22981
LINCSCP_14568	-0.9019811371	0.005476882688	7	Fluprostenol	LSM-42934	NA	10uM	HA1E	6h	LINCSCP_14568
LINCSCP_223967	0.9019331853	0.005483437769	7	RS-79948	LSM-3932	ADRA2A	10uM	HT29	6h	LINCSCP_223967
LINCSCP_137204	-0.9018733013	0.005491630414	7	BRD-A03684405	LSM-45399	NA	1.11uM	MCF7	24h	LINCSCP_137204
LINCSCP_177879	-0.9018337554	0.005497044542	7	SMR000623171	LSM-3447	NA	10uM	A375	24h	LINCSCP_177879
LINCSCP_473	-0.901774171	0.005505207941	7	Clioquinol	LSM-2186	NA	10uM	A375	6h	LINCSCP_473
LINCSCP_28331	0.9017586436	0.005507336443	7	BRD-K06898795	LSM-37639	NA	10uM	HT29	24h	LINCSCP_28331
LINCSCP_105703	0.9017404181	0.0055098354	7	127408-30-4	LSM-2947	KCNJ8	0.12uM	HELA	24h	LINCSCP_105703
LINCSCP_47579	-0.9015991461	0.005529228091	7	Amiloride	LSM-4194	ASIC1|ASIC2|SCNN1A|SCNN1B|SCNN1G	10uM	PC3	24h	LINCSCP_47579
LINCSCP_104371	0.9015271135	0.005539131414	7	CEFEPIME HYDROCHLORIDE	LSM-45262	NA	1.11uM	HELA	24h	LINCSCP_104371
LINCSCP_27202	-0.90150845	0.005541699027	7	BRD-K38594532	LSM-6805	NA	10uM	HT29	6h	LINCSCP_27202
LINCSCP_12311	0.9014361358	0.00555165411	7	AZD-1775	LSM-1153	WEE1	10uM	BT20	6h	LINCSCP_12311
LINCSCP_73510	-0.9013761549	0.005559919235	7	Temoporfin	LSM-45995	NA	3.33uM	A375	24h	LINCSCP_73510
LINCSCP_257367	-0.9013523138	0.005563206418	7	MLS002699429	LSM-44942	NA	40uM	NCIH508	6h	LINCSCP_257367
LINCSCP_244919	0.9012533885	0.005576858226	7	ZINC21991644	LSM-5796	PGR	10uM	MCF7	6h	LINCSCP_244919
LINCSCP_159871	-0.9012382792	0.005578945032	7	BMS-707035	LSM-45501	NA	0.04uM	PC3	24h	LINCSCP_159871
LINCSCP_64780	-0.9011249291	0.005594614822	7	BRD-K47636083	LSM-39914	NA	10uM	VCAP	6h	LINCSCP_64780
LINCSCP_25974	0.9010899965	0.005599449131	7	MLS000089581	LSM-3886	NA	10uM	HT29	24h	LINCSCP_25974
LINCSCP_21028	-0.9010538933	0.005604447998	7	Crizotinib	LSM-1027	ALK|MET	10uM	HCC515	24h	LINCSCP_21028
LINCSCP_164352	0.9009543974	0.005618237675	7	Allitinib	LSM-1225	NA	1.11uM	SKL.C	24h	LINCSCP_164352
LINCSCP_56428	0.9009406037	0.005620150976	7	Suloctidil	LSM-1469	NA	10uM	VCAP	24h	LINCSCP_56428
LINCSCP_68251	0.9007439215	0.005647473636	7	Wortmannin	LSM-3947	PIK3CA|PIK3CG|PLK1	10uM	SW620	6h	LINCSCP_68251
LINCSCP_148513	0.9006938066	0.005654447815	7	AZ628	LSM-1050	BRAF|RAF1	0.12uM	NPC	24h	LINCSCP_148513
LINCSCP_54331	0.9006893398	0.005655069667	7	MLN 2238	LSM-4944	PSMB1	10uM	SW620	6h	LINCSCP_54331
LINCSCP_155796	-0.9006559023	0.005659726033	7	Pravastatin sodium	LSM-45836	NA	0.04uM	PC3	24h	LINCSCP_155796
LINCSCP_121574	0.9005918761	0.005668648272	7	179324-69-7	LSM-6281	ADRM1|PSMA1|PSMA2|PSMA3|PSMA4|PSMA5|PSMA6|PSMA7|PSMA8|PSMB1|PSMB10|PSMB11|PSMB2|PSMB3|PSMB4|PSMB5|PSMB6|PSMB7|PSMB8|PSMB9|PSMC1|PSMC2|PSMC3|PSMC4|PSMC5|PSMC6|PSMD1|PSMD11|PSMD12|PSMD13|PSMD14|PSMD2|PSMD3|PSMD4|PSMD6|PSMD7|PSMD8|SEM1	20uM	HT29	24h	LINCSCP_121574
LINCSCP_82384	0.90055009	0.005674475701	7	PD-0325901	LSM-1101	MAP2K1|MAP2K2	10uM	A549	24h	LINCSCP_82384
LINCSCP_147166	0.9004953994	0.005682108023	7	Dasatinib	LSM-1020	ABL1|BCR|BLK|EPHA2|FGR|FRK|FYN|HCK|KIT|LCK|LYN|PDGFRB|SRC|SRMS|YES1	10uM	NEU	24h	LINCSCP_147166
LINCSCP_173195	-0.9004211602	0.005692477989	7	Pimobendan	LSM-45256	NA	10uM	YAPC	24h	LINCSCP_173195
LINCSCP_137333	0.9003685628	0.00569983162	7	MG-132	LSM-1107	PSMB1	20uM	MCF7	24h	LINCSCP_137333
LINCSCP_14972	0.9001948595	0.005724156243	7	CHEMBL128444	LSM-1496	NA	10uM	HA1E	24h	LINCSCP_14972
LINCSCP_293868	0.9001887928	0.005725006879	7	Megestrol Acetate	LSM-2441	PGR	10uM	VCAP	24h	LINCSCP_293868
LINCSCP_14353	0.900174959	0.005726946864	7	Felodipine	LSM-1447	CACNA1C|CACNA1D|CACNA1F|CACNA1S|NR3C2	10uM	HA1E	24h	LINCSCP_14353
LINCSCP_253034	0.9001656145	0.005728257509	7	BRD-K14614387-001-01-8	LSM-38030	NA	1uM	MCF7	24h	LINCSCP_253034
LINCSCP_21399	0.9001128877	0.005735656118	7	Sepantronium	LSM-5399	BIRC5	0.5uM	HEC108	6h	LINCSCP_21399
LINCSCP_133224	0.9000589555	0.005743229627	7	QL47	LSM-6019	BMX|BTK	3.33uM	MCF7	3h	LINCSCP_133224
LINCSCP_51231	-0.9000572523	0.005743468893	7	N-[4-(1-Benzoylpiperidin-4-yl)butyl]-3-pyridin-3-ylpropanamide	LSM-6279	NA	0.5uM	RMUGS	6h	LINCSCP_51231
LINCSCP_250013	-0.899911163	0.005764013374	7	BRD-K56130969	LSM-11821	NA	10uM	MCF7	24h	LINCSCP_250013
LINCSCP_68424	0.8998771531	0.005768802291	7	Wortmannin	LSM-3947	PIK3CA|PIK3CG|PLK1	10uM	VCAP	6h	LINCSCP_68424
LINCSCP_113457	0.8997132393	0.005791915344	7	C24H25CLFN5O3	LSM-42794	EGFR|ERBB2|ERBB4	10uM	HME1	3h	LINCSCP_113457
LINCSCP_81239	-0.8996787403	0.005796786808	7	PIK-93	LSM-1191	NA	3.33uM	A549	24h	LINCSCP_81239
LINCSCP_115284	-0.899593657	0.005808811238	7	Seliciclib	LSM-1001	CDK1|CDK2|CDK5|CDK7|CDK9	10uM	HS578T	3h	LINCSCP_115284
LINCSCP_12595	-0.8995755363	0.005811374027	7	L-Sulforaphane	LSM-4919	NFE2L2	10uM	CORL23	6h	LINCSCP_12595
LINCSCP_158859	0.899572002	0.005811873953	7	RG7388	LSM-45958	NA	10uM	PC3	24h	LINCSCP_158859
LINCSCP_29398	0.8993408616	0.005844623112	7	Elesclomol	LSM-4929	HSPA1A	10uM	LOVO	6h	LINCSCP_29398
LINCSCP_111345	-0.8992751121	0.005853958389	7	Foretinib	LSM-1158	FLT1|FLT3|FLT4|KDR|KIT|MET|PDGFRA|PDGFRB|TEK	1.11uM	HEPG2	24h	LINCSCP_111345
LINCSCP_24936	-0.8992462901	0.005858053326	7	XMD 8-92	LSM-1094	MAPK7	10uM	HS578T	6h	LINCSCP_24936
LINCSCP_104648	0.8991837647	0.005866942481	7	Swainsonine	LSM-45602	NA	0.43uM	HELA	24h	LINCSCP_104648
LINCSCP_130680	0.8991769704	0.005867908894	7	SB590885	LSM-42746	NA	3.33uM	MCF10A	24h	LINCSCP_130680
LINCSCP_22913	0.8991273752	0.005874966019	7	N-(4-Hydroxyphenyl)icosa-5,8,11,14-tetraenamide	LSM-2480	TRPV1	10uM	HEPG2	6h	LINCSCP_22913
LINCSCP_84635	-0.8990336215	0.005888320127	7	Anacardic acid	LSM-6320	NA	0.37uM	ASC	24h	LINCSCP_84635
LINCSCP_82739	0.8988398758	0.005915972767	7	PD-0325901	LSM-1101	MAP2K1|MAP2K2	0.04uM	A549	24h	LINCSCP_82739
LINCSCP_780	0.8986724748	0.005939925972	7	Ursolic acid	LSM-4889	HSD11B1|PTPN1	70uM	A375	24h	LINCSCP_780
LINCSCP_62940	0.8985115743	0.005963002045	7	BRD-K85297660	LSM-13645	NA	5uM	VCAP	24h	LINCSCP_62940
LINCSCP_56587	0.8984353018	0.005973959088	7	Falnidamol	LSM-3584	EGFR	10uM	VCAP	6h	LINCSCP_56587
LINCSCP_30904	0.8983985905	0.005979237063	7	CHEMBL1406616	LSM-1551	NA	10uM	MCF7	24h	LINCSCP_30904
LINCSCP_21557	0.8983064283	0.005992499157	7	Pizotyline	LSM-3695	HTR2A|HTR2C	10uM	HEPG2	6h	LINCSCP_21557
LINCSCP_16733	-0.8982236715	0.006004422356	7	Quizartinib	LSM-1037	CSF1R|FLT3|KIT|PDGFRA|PDGFRB|RET	10uM	HA1E	6h	LINCSCP_16733
LINCSCP_67510	0.8982151644	0.006005648802	7	Vorinostat	LSM-3828	HDAC1|HDAC2|HDAC3|HDAC6|HDAC8	3uM	MCF7	24h	LINCSCP_67510
LINCSCP_4640	-0.8981292227	0.006018046929	7	PIK 90	LSM-6697	NA	10uM	A549	24h	LINCSCP_4640
LINCSCP_106136	0.898094712	0.00602302968	7	SPECTRUM_000224	LSM-1905	NA	0.04uM	HELA	24h	LINCSCP_106136
LINCSCP_8415	-0.8980675278	0.006026956308	7	BRD-K68849294	LSM-12631	NA	5uM	A549	24h	LINCSCP_8415
LINCSCP_59819	0.8980029707	0.006036287226	7	SCHEMBL15635152	LSM-42659	NA	5uM	VCAP	6h	LINCSCP_59819
LINCSCP_132342	0.8978942433	0.006052021364	7	Buparlisib	LSM-1148	PIK3CA|PIK3CB|PIK3CD|PIK3CG|PIK3R1|PIK3R2|PIK3R3|PIK3R5	10uM	MCF7	3h	LINCSCP_132342
LINCSCP_142939	0.8978938747	0.006052074752	7	Apomorphine	LSM-25611	DRD2|DRD3|DRD4	1.11uM	MCF7	24h	LINCSCP_142939
LINCSCP_157330	-0.8978771023	0.006054504036	7	Defactinib	LSM-45153	PTK2|PTK2B	0.04uM	PC3	24h	LINCSCP_157330
LINCSCP_25608	0.8978554675	0.006057638444	7	Sepantronium	LSM-5399	BIRC5	0.5uM	HT29	24h	LINCSCP_25608
LINCSCP_78329	0.8978246291	0.006062107862	7	Palovarotene	LSM-45512	RARG	3.33uM	A375	24h	LINCSCP_78329
LINCSCP_61972	-0.8977249339	0.006076569819	7	BRD-K28585560	LSM-10160	NA	5uM	VCAP	24h	LINCSCP_61972
LINCSCP_312031	-0.8976952174	0.006080884419	7	BRD-K61612515	LSM-40641	NA	10uM	VCAP	24h	LINCSCP_312031
LINCSCP_60987	-0.8976095497	0.006093332648	7	BRD-K71073890	LSM-12767	NA	5uM	VCAP	6h	LINCSCP_60987
LINCSCP_45124	0.8974598978	0.006115113801	7	Arachidonyl Trifluoromethylketone	LSM-43275	PLA2G4A	80uM	PC3	6h	LINCSCP_45124
LINCSCP_49671	0.8972931492	0.006139436475	7	BRD-K57064803	LSM-6841	NA	0.12uM	PC3	24h	LINCSCP_49671
LINCSCP_264131	-0.8972908007	0.006139779443	7	QS-11	LSM-5212	ARFGAP1	10uM	OV7	6h	LINCSCP_264131
LINCSCP_9586	0.8971785143	0.006156190158	7	AKT Inhibitor IV	LSM-43091	AKT1	0.01uM	A549	6h	LINCSCP_9586
LINCSCP_31199	0.8971151109	0.006165467841	7	VU0418947-2	LSM-3725	NA	10uM	MCF7	24h	LINCSCP_31199
LINCSCP_22886	-0.8969673253	0.006187124484	7	Seliciclib	LSM-1001	CDK1|CDK2|CDK5|CDK7|CDK9	10uM	HEPG2	6h	LINCSCP_22886
LINCSCP_158798	-0.8969668363	0.006187196217	7	Corvasal	LSM-25617	NA	0.04uM	PC3	24h	LINCSCP_158798
LINCSCP_309834	-0.8968862839	0.006199019106	7	BRD-A15501135	LSM-45357	NA	10uM	VCAP	6h	LINCSCP_309834
LINCSCP_59615	0.8968617574	0.006202621514	7	Cobalt (Ii) Chloride	LSM-5958	HIF1A	10uM	VCAP	6h	LINCSCP_59615
LINCSCP_120496	0.8968585205	0.00620309704	7	179324-69-7	LSM-6281	ADRM1|PSMA1|PSMA2|PSMA3|PSMA4|PSMA5|PSMA6|PSMA7|PSMA8|PSMB1|PSMB10|PSMB11|PSMB2|PSMB3|PSMB4|PSMB5|PSMB6|PSMB7|PSMB8|PSMB9|PSMC1|PSMC2|PSMC3|PSMC4|PSMC5|PSMC6|PSMD1|PSMD11|PSMD12|PSMD13|PSMD14|PSMD2|PSMD3|PSMD4|PSMD6|PSMD7|PSMD8|SEM1	20uM	HT29	24h	LINCSCP_120496
LINCSCP_27289	0.8967181732	0.006223735363	7	Bethanechol	LSM-5196	CHRM2|CHRM3	10uM	HT29	6h	LINCSCP_27289
LINCSCP_13157	0.8966976724	0.006226753381	7	Scriptaid	LSM-2499	HDAC1	10uM	FIBRNPC	24h	LINCSCP_13157
LINCSCP_99369	-0.8965446971	0.006249300352	7	Crizotinib	LSM-1027	ALK|MET	0.37uM	HCC515	24h	LINCSCP_99369
LINCSCP_29137	0.896538811	0.006250168858	7	CHEMBL399379	LSM-6245	ACLY	80uM	JHUEM2	6h	LINCSCP_29137
LINCSCP_120937	0.8965356297	0.006250638286	7	179324-69-7	LSM-6281	ADRM1|PSMA1|PSMA2|PSMA3|PSMA4|PSMA5|PSMA6|PSMA7|PSMA8|PSMB1|PSMB10|PSMB11|PSMB2|PSMB3|PSMB4|PSMB5|PSMB6|PSMB7|PSMB8|PSMB9|PSMC1|PSMC2|PSMC3|PSMC4|PSMC5|PSMC6|PSMD1|PSMD11|PSMD12|PSMD13|PSMD14|PSMD2|PSMD3|PSMD4|PSMD6|PSMD7|PSMD8|SEM1	20uM	HT29	24h	LINCSCP_120937
LINCSCP_36531	0.8965271153	0.00625189477	7	TORIN-2	LSM-1080	MTOR	0.5uM	MCF7	24h	LINCSCP_36531
LINCSCP_59416	0.8965058847	0.006255028435	7	CHEMBL2135524	LSM-42623	NA	10uM	VCAP	6h	LINCSCP_59416
LINCSCP_114903	0.8965056357	0.006255065193	7	TGX 221	LSM-1172	PIK3CB	1.11uM	HS578T	24h	LINCSCP_114903
LINCSCP_30609	0.8965045202	0.006255229866	7	Tyrphostin AG-1478	LSM-1224	EGFR	60uM	MCF7	24h	LINCSCP_30609
LINCSCP_87328	-0.8964999398	0.006255906076	7	Chelerythrine	LSM-1187	NA	0.04uM	CD34	24h	LINCSCP_87328
LINCSCP_143878	-0.8964981483	0.00625617056	7	Oglemilast	LSM-45656	NA	0.04uM	MCF7	24h	LINCSCP_143878
LINCSCP_102336	0.8964296991	0.006266281033	7	AZD1208	LSM-45651	NA	1.11uM	HELA	24h	LINCSCP_102336
LINCSCP_106796	0.8964034939	0.006270154257	7	AC1NSM0X	LSM-4605	P2RX1	1.11uM	HELA	24h	LINCSCP_106796
LINCSCP_28650	0.8963893334	0.006272247813	7	Apatinib Hydrochloride	LSM-4810	HDAC1|HDAC10|HDAC11|HDAC2|HDAC3|HDAC4|HDAC5|HDAC6|HDAC7|HDAC8|HDAC9	1.11uM	HT29	24h	LINCSCP_28650
LINCSCP_12780	0.8963022625	0.006285129664	7	CT-200783	LSM-43273	NA	10uM	DV90	6h	LINCSCP_12780
LINCSCP_31547	0.8962763916	0.006288960134	7	MLS002276542	LSM-1681	NA	10uM	MCF7	24h	LINCSCP_31547
LINCSCP_222883	0.8962182065	0.006297580036	7	FR-180204	LSM-42790	MAPK1|MAPK3	10uM	HS578T	6h	LINCSCP_222883
LINCSCP_107283	0.8960545674	0.006321859305	7	Triptorelin	LSM-46025	GNRHR	10uM	HELA	24h	LINCSCP_107283
LINCSCP_104121	0.8960208894	0.006326862859	7	Lorglumide	LSM-4389	CCKAR|CCKBR	0.12uM	HELA	24h	LINCSCP_104121
LINCSCP_64721	0.8959870153	0.00633189788	7	BRD-K93219845	LSM-42338	NA	10uM	VCAP	24h	LINCSCP_64721
LINCSCP_16644	-0.8958608635	0.006350669425	7	3R14S-Ochratoxin a	LSM-5521	NA	10uM	HA1E	6h	LINCSCP_16644
LINCSCP_218424	-0.8956598217	0.006380651378	7	Verapamil	LSM-1298	CACNA1C|CACNA1D|CACNA1F|CACNA1G|CACNA1S	10uM	HCT116	6h	LINCSCP_218424
LINCSCP_20483	0.8955877044	0.006391426412	7	Ebelactone-B	LSM-43223	PNLIP	10uM	HCC515	6h	LINCSCP_20483
LINCSCP_114174	0.8954929557	0.006405598849	7	Azacitidine	LSM-5218	DNMT1|DNMT3A	3.33uM	HME1	24h	LINCSCP_114174
LINCSCP_86755	-0.8954532762	0.006411539492	7	SB525334	LSM-1121	TGFBR1	0.04uM	CD34	24h	LINCSCP_86755
LINCSCP_43040	-0.8954431317	0.006413058801	7	BRD-K70200040	LSM-12712	NA	10uM	NPC	24h	LINCSCP_43040
LINCSCP_294430	-0.8953258639	0.006430636725	7	I-212148	LSM-44586	NA	10uM	VCAP	24h	LINCSCP_294430
LINCSCP_105416	-0.8952978169	0.006434844989	7	Cobimetinib	LSM-45714	MAP2K1|MAP2K2	0.04uM	HELA	24h	LINCSCP_105416
LINCSCP_54316	0.8952680866	0.006439307558	7	ZM336372	LSM-6268	NA	100uM	SW620	6h	LINCSCP_54316
LINCSCP_84373	-0.8951868501	0.006451510472	7	Vandetanib	LSM-1199	EGFR|EPHA1|EPHA10|EPHA2|EPHA3|EPHA4|EPHA5|EPHA6|EPHA7|EPHA8|EPHB1|EPHB2|EPHB3|EPHB4|EPHB6|ERBB2|ERBB3|ERBB4|FLT1|FLT4|KDR|PTK6|RET|SRC|TEK	0.37uM	ASC	24h	LINCSCP_84373
LINCSCP_110954	-0.8951662318	0.006454609764	7	Quizartinib	LSM-1037	CSF1R|FLT3|KIT|PDGFRA|PDGFRB|RET	3.33uM	HELA	24h	LINCSCP_110954
LINCSCP_116610	-0.8951635697	0.006455010002	7	MK-2206	LSM-1057	AKT1|AKT2|AKT3	0.37uM	HT29	24h	LINCSCP_116610
LINCSCP_53731	0.8951598416	0.006455570513	7	179324-69-7	LSM-6281	ADRM1|PSMA1|PSMA2|PSMA3|PSMA4|PSMA5|PSMA6|PSMA7|PSMA8|PSMB1|PSMB10|PSMB11|PSMB2|PSMB3|PSMB4|PSMB5|PSMB6|PSMB7|PSMB8|PSMB9|PSMC1|PSMC2|PSMC3|PSMC4|PSMC5|PSMC6|PSMD1|PSMD11|PSMD12|PSMD13|PSMD14|PSMD2|PSMD3|PSMD4|PSMD6|PSMD7|PSMD8|SEM1	0.01uM	SNU1040	6h	LINCSCP_53731
LINCSCP_25474	0.8951524657	0.006456679548	7	GW 405833	LSM-2217	CNR2	40uM	HT29	24h	LINCSCP_25474
LINCSCP_171297	-0.8951042841	0.006463926829	7	Vidofludimus	LSM-45600	NA	10uM	YAPC	24h	LINCSCP_171297
LINCSCP_235734	0.8950924499	0.006465707599	7	Desoxymetasone	LSM-1602	NR3C1	10uM	MCF7	6h	LINCSCP_235734
LINCSCP_272273	0.8949949123	0.006480395599	7	BRD-K42543304	LSM-6114	NA	10uM	PC3	6h	LINCSCP_272273
LINCSCP_36532	0.8948524152	0.006501888731	7	TORIN-2	LSM-1080	MTOR	1uM	MCF7	24h	LINCSCP_36532
LINCSCP_97895	0.8948358953	0.006504383134	7	Enzastaurin	LSM-1069	PRKCB	3.33uM	HA1E	24h	LINCSCP_97895
LINCSCP_95641	-0.8947431604	0.006518395846	7	SDZ NKT 343	LSM-45398	NA	0.04uM	HA1E	24h	LINCSCP_95641
LINCSCP_124090	0.8947016593	0.006524672536	7	179324-69-7	LSM-6281	ADRM1|PSMA1|PSMA2|PSMA3|PSMA4|PSMA5|PSMA6|PSMA7|PSMA8|PSMB1|PSMB10|PSMB11|PSMB2|PSMB3|PSMB4|PSMB5|PSMB6|PSMB7|PSMB8|PSMB9|PSMC1|PSMC2|PSMC3|PSMC4|PSMC5|PSMC6|PSMD1|PSMD11|PSMD12|PSMD13|PSMD14|PSMD2|PSMD3|PSMD4|PSMD6|PSMD7|PSMD8|SEM1	20uM	HT29	24h	LINCSCP_124090
LINCSCP_59577	0.8945943476	0.006540918782	7	CHEMBL2002102	LSM-39063	NA	10uM	VCAP	6h	LINCSCP_59577
LINCSCP_66296	0.8944911269	0.006556567794	7	Sepantronium	LSM-5399	BIRC5	0.5uM	WSUDLCL2	6h	LINCSCP_66296
LINCSCP_7445	0.8944818479	0.006557975626	7	Dioxybenzone	LSM-2493	NA	10uM	A549	6h	LINCSCP_7445
LINCSCP_85354	-0.894424056	0.006566747869	7	BX 912	LSM-1055	PDK1|PDPK1	0.12uM	BT20	24h	LINCSCP_85354
LINCSCP_105033	-0.8943749554	0.006574206203	7	Benoxinate	LSM-2069	SCN10A|SCN11A|SCN1A|SCN2A|SCN3A|SCN4A|SCN5A|SCN7A|SCN8A|SCN9A	0.04uM	HELA	24h	LINCSCP_105033
LINCSCP_121655	0.8942727472	0.006589747289	7	179324-69-7	LSM-6281	ADRM1|PSMA1|PSMA2|PSMA3|PSMA4|PSMA5|PSMA6|PSMA7|PSMA8|PSMB1|PSMB10|PSMB11|PSMB2|PSMB3|PSMB4|PSMB5|PSMB6|PSMB7|PSMB8|PSMB9|PSMC1|PSMC2|PSMC3|PSMC4|PSMC5|PSMC6|PSMD1|PSMD11|PSMD12|PSMD13|PSMD14|PSMD2|PSMD3|PSMD4|PSMD6|PSMD7|PSMD8|SEM1	20uM	HT29	24h	LINCSCP_121655
LINCSCP_169198	-0.8942082106	0.006599571252	7	Flutamide	LSM-2621	AR	0.12uM	YAPC	24h	LINCSCP_169198
LINCSCP_15180	0.8941778625	0.006604193875	7	Rolipram	LSM-1471	PDE4A|PDE4B|PDE4C|PDE4D	10uM	HA1E	24h	LINCSCP_15180
LINCSCP_239464	-0.8941398388	0.006609988294	7	4-(Trans-4-butylcyclohexyl)benzoic acid	LSM-4640	NA	10uM	MCF7	24h	LINCSCP_239464
LINCSCP_4347	-0.8940945941	0.006616886944	7	Phenamil	LSM-2472	PKD2L1	10uM	A549	6h	LINCSCP_4347
LINCSCP_54176	-0.894064971	0.006621405974	7	Minoxidil	LSM-2134	ABCC9|KCNJ11|KCNJ8	10uM	SW620	6h	LINCSCP_54176
LINCSCP_147896	0.8940543856	0.006623021218	7	Mocetinostat	LSM-5344	HDAC1|HDAC11|HDAC2|HDAC3|HDAC8	3.33uM	NPC.CAS9	24h	LINCSCP_147896
LINCSCP_84369	-0.8939906358	0.006632753756	7	AT 7867	LSM-1155	NA	0.04uM	ASC	24h	LINCSCP_84369
LINCSCP_156317	-0.8939466231	0.006639477909	7	Nepafenac	LSM-45729	PTGS1|PTGS2	0.04uM	PC3	24h	LINCSCP_156317
LINCSCP_121300	0.8939431525	0.006640008313	7	179324-69-7	LSM-6281	ADRM1|PSMA1|PSMA2|PSMA3|PSMA4|PSMA5|PSMA6|PSMA7|PSMA8|PSMB1|PSMB10|PSMB11|PSMB2|PSMB3|PSMB4|PSMB5|PSMB6|PSMB7|PSMB8|PSMB9|PSMC1|PSMC2|PSMC3|PSMC4|PSMC5|PSMC6|PSMD1|PSMD11|PSMD12|PSMD13|PSMD14|PSMD2|PSMD3|PSMD4|PSMD6|PSMD7|PSMD8|SEM1	20uM	HT29	24h	LINCSCP_121300
LINCSCP_141978	0.8937224299	0.006673790958	7	Neratinib	LSM-42778	EGFR|ERBB2|ERBB4	3.33uM	MCF7	24h	LINCSCP_141978
LINCSCP_66282	0.8936645695	0.006682663223	7	NSC95397	LSM-3521	NA	10uM	WSUDLCL2	6h	LINCSCP_66282
LINCSCP_111406	-0.8936329376	0.006687516519	7	PLX-4720	LSM-1049	BRAF	0.37uM	HEPG2	24h	LINCSCP_111406
LINCSCP_44093	-0.8936118202	0.006690757712	7	979-32-8	LSM-1523	ESR1	10uM	PC3	6h	LINCSCP_44093
LINCSCP_45274	0.8935094871	0.006706477164	7	AC1LCS2I	LSM-1738	NA	10uM	PC3	24h	LINCSCP_45274
LINCSCP_111403	-0.8934778785	0.006711336902	7	PLX-4720	LSM-1049	BRAF	10uM	HEPG2	24h	LINCSCP_111403
LINCSCP_21753	0.8934217901	0.006719965362	7	3,5-Bis(4-methylbenzylidene)piperidin-4-one	LSM-42949	SENP2|USP1|USP2|USP7	10uM	HEPG2	6h	LINCSCP_21753
LINCSCP_14315	0.8933442635	0.006731902419	7	MY 5445	LSM-4024	PDE5A	10uM	HA1E	6h	LINCSCP_14315
LINCSCP_8448	-0.8932682198	0.006743623065	7	CHEMBL3183425	LSM-9420	NA	5uM	A549	24h	LINCSCP_8448
LINCSCP_89536	-0.8931122269	0.00676770335	7	ZD 7114 hydrochloride	LSM-45452	NA	10uM	HA1E	24h	LINCSCP_89536
LINCSCP_133225	0.8930909559	0.006770990772	7	QL47	LSM-6019	BMX|BTK	1.11uM	MCF7	3h	LINCSCP_133225
LINCSCP_5642	0.8930489846	0.006777480119	7	CHEMBL1612677	LSM-2370	NA	10uM	A549	6h	LINCSCP_5642
LINCSCP_116943	-0.8930131034	0.006783030699	7	Ipatasertib	LSM-6341	AKT1|AKT2|AKT3	1.11uM	HT29	24h	LINCSCP_116943
LINCSCP_11968	-0.8929976717	0.006785418694	7	sorafenib	NA	BRAF|DDR2|FGFR1|FLT1|FLT3|FLT4|KDR|KIT|PDGFRB|RAF1|RET	0.5uM	BT20	6h	LINCSCP_11968
LINCSCP_49590	0.8929351137	0.006795104289	7	CHEMBL3183436	LSM-15092	NA	10uM	PC3	24h	LINCSCP_49590
LINCSCP_41521	0.8929158826	0.006798083374	7	GF-109203	LSM-2677	PRKCA	10uM	NEU	6h	LINCSCP_41521
LINCSCP_66057	0.8929157942	0.006798097072	7	BRD-K88925856	LSM-15063	NA	3uM	VCAP	24h	LINCSCP_66057
LINCSCP_263324	-0.8928932159	0.006801595635	7	CHEMBL57055	LSM-36444	NA	10uM	NPC	24h	LINCSCP_263324
LINCSCP_284167	0.8928150652	0.00681371334	7	SPECTRUM_001418	LSM-1664	ADRB2	10uM	SKB	24h	LINCSCP_284167
LINCSCP_19496	-0.8927768735	0.006819639732	7	CHEMBL258148	LSM-6214	CTSL	90uM	HCC515	6h	LINCSCP_19496
LINCSCP_102046	-0.89275039	0.00682375106	7	Methylnaltrexone (Bromide)	LSM-45638	NA	10uM	HELA	24h	LINCSCP_102046
LINCSCP_30649	0.8927182014	0.006828749982	7	Neratinib	LSM-42778	EGFR|ERBB2|ERBB4	10uM	MCF7	24h	LINCSCP_30649
LINCSCP_53163	-0.8926518422	0.006839062342	7	VER 155008	LSM-6239	HSPA1A	10uM	SKM1	6h	LINCSCP_53163
LINCSCP_119857	0.8925624743	0.006852964571	7	179324-69-7	LSM-6281	ADRM1|PSMA1|PSMA2|PSMA3|PSMA4|PSMA5|PSMA6|PSMA7|PSMA8|PSMB1|PSMB10|PSMB11|PSMB2|PSMB3|PSMB4|PSMB5|PSMB6|PSMB7|PSMB8|PSMB9|PSMC1|PSMC2|PSMC3|PSMC4|PSMC5|PSMC6|PSMD1|PSMD11|PSMD12|PSMD13|PSMD14|PSMD2|PSMD3|PSMD4|PSMD6|PSMD7|PSMD8|SEM1	20uM	HT29	24h	LINCSCP_119857
LINCSCP_307879	0.8925515114	0.006854671103	7	BRD-K07634536	LSM-8889	NA	5uM	VCAP	6h	LINCSCP_307879
LINCSCP_122518	0.8923067032	0.006892843232	7	Acetazolamide	LSM-5543	CA1|CA12|CA14|CA2|CA4|CA7	10uM	HT29	24h	LINCSCP_122518
LINCSCP_57336	0.8921229084	0.006921582549	7	SMR000030495	LSM-4137	NA	10uM	VCAP	24h	LINCSCP_57336
LINCSCP_129891	0.8921218395	0.006921749885	7	GSK-1904529A	LSM-1134	IGF1R|INSR	1.11uM	LNCAP	24h	LINCSCP_129891
LINCSCP_151127	0.8921121369	0.006923269004	7	GW843682X	LSM-1014	PLK1|PLK3	0.12uM	PC3	24h	LINCSCP_151127
LINCSCP_26257	0.8920918025	0.006926453317	7	SCHEMBL2557158	LSM-4121	NA	10uM	HT29	6h	LINCSCP_26257
LINCSCP_310174	-0.8920769333	0.006928782352	7	BRD-K72462994	LSM-45366	NA	30uM	VCAP	6h	LINCSCP_310174
LINCSCP_140398	0.8919857874	0.006943068818	7	179324-69-7	LSM-6281	ADRM1|PSMA1|PSMA2|PSMA3|PSMA4|PSMA5|PSMA6|PSMA7|PSMA8|PSMB1|PSMB10|PSMB11|PSMB2|PSMB3|PSMB4|PSMB5|PSMB6|PSMB7|PSMB8|PSMB9|PSMC1|PSMC2|PSMC3|PSMC4|PSMC5|PSMC6|PSMD1|PSMD11|PSMD12|PSMD13|PSMD14|PSMD2|PSMD3|PSMD4|PSMD6|PSMD7|PSMD8|SEM1	20uM	MCF7	24h	LINCSCP_140398
LINCSCP_27757	0.891961326	0.006946905869	7	CHEMBL2354737	LSM-37571	NA	5uM	HT29	24h	LINCSCP_27757
LINCSCP_74285	-0.8919258568	0.006952471801	7	CX-5461	LSM-6342	NA	10uM	A375	24h	LINCSCP_74285
LINCSCP_29152	0.8918948671	0.00695733692	7	BI-2536	LSM-1041	PLK1	10uM	JHUEM2	6h	LINCSCP_29152
LINCSCP_122091	-0.8918379342	0.006966280036	7	Epitiostanol	LSM-45392	NA	0.04uM	HT29	24h	LINCSCP_122091
LINCSCP_133132	0.8918314389	0.006967300754	7	TAE-684	LSM-1024	ALK	0.04uM	MCF7	3h	LINCSCP_133132
LINCSCP_273044	0.8918127866	0.006970232389	7	Methimazole	LSM-5646	TPO	10uM	PC3	6h	LINCSCP_273044
LINCSCP_212311	-0.8917320029	0.00698293763	7	Methapyrilene	LSM-5582	HRH1	20uM	HA1E	24h	LINCSCP_212311
LINCSCP_36652	-0.8916043969	0.00700303417	7	sorafenib	NA	BRAF|DDR2|FGFR1|FLT1|FLT3|FLT4|KDR|KIT|PDGFRB|RAF1|RET	1uM	MCF7	6h	LINCSCP_36652
LINCSCP_11014	-0.8915359296	0.007013830825	7	SMR000217164	LSM-2440	NA	10uM	ASC	24h	LINCSCP_11014
LINCSCP_151924	0.8914979146	0.007019829594	7	Ricolinostat	LSM-6324	NA	3.33uM	PC3	24h	LINCSCP_151924
LINCSCP_5831	-0.8914698333	0.007024262734	7	Moclobemide	LSM-5247	MAOA	10uM	A549	6h	LINCSCP_5831
LINCSCP_83945	0.891440309	0.007028925417	7	SB239063	LSM-1036	MAPK11|MAPK14	3.33uM	ASC.C	24h	LINCSCP_83945
LINCSCP_111877	-0.8913427386	0.007044347213	7	LRRK2-IN-1	LSM-1086	LRRK2	10uM	HEPG2	24h	LINCSCP_111877
LINCSCP_137689	0.891310407	0.007049461793	7	MG-132	LSM-1107	PSMB1	20uM	MCF7	24h	LINCSCP_137689
LINCSCP_2019	0.8913050911	0.007050302933	7	AC1O9CBL	LSM-4596	NA	10uM	A375	6h	LINCSCP_2019
LINCSCP_82062	0.8911987576	0.007067140345	7	Vandetanib	LSM-1199	EGFR|EPHA1|EPHA10|EPHA2|EPHA3|EPHA4|EPHA5|EPHA6|EPHA7|EPHA8|EPHB1|EPHB2|EPHB3|EPHB4|EPHB6|ERBB2|ERBB3|ERBB4|FLT1|FLT4|KDR|PTK6|RET|SRC|TEK	10uM	A549	24h	LINCSCP_82062
LINCSCP_25189	0.8911849309	0.007069331451	7	Paroxetine	LSM-2843	SLC6A4	10uM	HT29	6h	LINCSCP_25189
LINCSCP_33130	0.8910475519	0.007091123158	7	PD-198306	LSM-3974	MAP2K1|MAP2K2	10uM	MCF7	24h	LINCSCP_33130
LINCSCP_25109	-0.8910127469	0.007096650273	7	UNC-0321	LSM-4942	EHMT2	10uM	HT115	6h	LINCSCP_25109
LINCSCP_224772	0.8909774235	0.007102262241	7	Wortmannin	LSM-3947	PIK3CA|PIK3CG|PLK1	10uM	HT29	6h	LINCSCP_224772
LINCSCP_92088	-0.8909133519	0.007112448138	7	Cevimeline hydrochloride	LSM-45454	NA	1.11uM	HA1E	24h	LINCSCP_92088
LINCSCP_137329	0.8909096678	0.007113034083	7	MG-132	LSM-1107	PSMB1	20uM	MCF7	24h	LINCSCP_137329
LINCSCP_115855	-0.890857302	0.0071213657	7	BMS-345541	LSM-1028	IKBKB	0.37uM	HS578T	3h	LINCSCP_115855
LINCSCP_147877	0.8908476711	0.007122898636	7	Entinostat	LSM-4811	HDAC1|HDAC10|HDAC11|HDAC2|HDAC3|HDAC4|HDAC5|HDAC6|HDAC7|HDAC8|HDAC9	10uM	NPC.CAS9	24h	LINCSCP_147877
LINCSCP_44109	0.8908298772	0.007125731354	7	O-2050	LSM-2030	CNR1	10uM	PC3	6h	LINCSCP_44109
LINCSCP_147895	0.8907086975	0.007145040081	7	Mocetinostat	LSM-5344	HDAC1|HDAC11|HDAC2|HDAC3|HDAC8	10uM	NPC.CAS9	24h	LINCSCP_147895
LINCSCP_138771	0.8906584055	0.007153062483	7	MG-132	LSM-1107	PSMB1	20uM	MCF7	24h	LINCSCP_138771
LINCSCP_28030	0.8905775406	0.007165972699	7	BRD-K71104315	LSM-12771	NA	5uM	HT29	24h	LINCSCP_28030
LINCSCP_81449	0.890568179	0.007167468176	7	PD-0325901	LSM-1101	MAP2K1|MAP2K2	3.33uM	A549	24h	LINCSCP_81449
LINCSCP_130654	0.890512159	0.007176420845	7	Radicicol	LSM-43303	NA	0.04uM	MCF10A	24h	LINCSCP_130654
LINCSCP_121277	-0.8903444252	0.00720326547	7	Troglitazone	LSM-4890	PPARG	10uM	HT29	24h	LINCSCP_121277
LINCSCP_164659	-0.8903133202	0.007208249998	7	UNC1215	LSM-6338	NA	3.33uM	SKL.C	24h	LINCSCP_164659
LINCSCP_137515	0.8902884418	0.007212238154	7	179324-69-7	LSM-6281	ADRM1|PSMA1|PSMA2|PSMA3|PSMA4|PSMA5|PSMA6|PSMA7|PSMA8|PSMB1|PSMB10|PSMB11|PSMB2|PSMB3|PSMB4|PSMB5|PSMB6|PSMB7|PSMB8|PSMB9|PSMC1|PSMC2|PSMC3|PSMC4|PSMC5|PSMC6|PSMD1|PSMD11|PSMD12|PSMD13|PSMD14|PSMD2|PSMD3|PSMD4|PSMD6|PSMD7|PSMD8|SEM1	20uM	MCF7	24h	LINCSCP_137515
LINCSCP_138512	0.8902202505	0.007223176198	7	179324-69-7	LSM-6281	ADRM1|PSMA1|PSMA2|PSMA3|PSMA4|PSMA5|PSMA6|PSMA7|PSMA8|PSMB1|PSMB10|PSMB11|PSMB2|PSMB3|PSMB4|PSMB5|PSMB6|PSMB7|PSMB8|PSMB9|PSMC1|PSMC2|PSMC3|PSMC4|PSMC5|PSMC6|PSMD1|PSMD11|PSMD12|PSMD13|PSMD14|PSMD2|PSMD3|PSMD4|PSMD6|PSMD7|PSMD8|SEM1	20uM	MCF7	24h	LINCSCP_138512
LINCSCP_6584	0.890156658	0.007233385224	7	Mocetinostat	LSM-5344	HDAC1|HDAC11|HDAC2|HDAC3|HDAC8	10uM	A549	6h	LINCSCP_6584
LINCSCP_112674	-0.8901257394	0.007238351854	7	PF-03758309	LSM-4254	PAK4	0.04uM	HEPG2	24h	LINCSCP_112674
LINCSCP_150071	-0.8900753818	0.007246445313	7	Epigalocatechin Gallate	LSM-5661	FASN	1.11uM	NPC.TAK	24h	LINCSCP_150071
LINCSCP_120940	0.8900419864	0.007251815515	7	179324-69-7	LSM-6281	ADRM1|PSMA1|PSMA2|PSMA3|PSMA4|PSMA5|PSMA6|PSMA7|PSMA8|PSMB1|PSMB10|PSMB11|PSMB2|PSMB3|PSMB4|PSMB5|PSMB6|PSMB7|PSMB8|PSMB9|PSMC1|PSMC2|PSMC3|PSMC4|PSMC5|PSMC6|PSMD1|PSMD11|PSMD12|PSMD13|PSMD14|PSMD2|PSMD3|PSMD4|PSMD6|PSMD7|PSMD8|SEM1	20uM	HT29	24h	LINCSCP_120940
LINCSCP_79924	-0.8900417722	0.00725184996	7	Nesbuvir	LSM-45670	NA	1.11uM	A375	24h	LINCSCP_79924
LINCSCP_143089	0.8899365572	0.007268784313	7	MG-132	LSM-1107	PSMB1	20uM	MCF7	24h	LINCSCP_143089
LINCSCP_137434	0.8899192782	0.00727156757	7	179324-69-7	LSM-6281	ADRM1|PSMA1|PSMA2|PSMA3|PSMA4|PSMA5|PSMA6|PSMA7|PSMA8|PSMB1|PSMB10|PSMB11|PSMB2|PSMB3|PSMB4|PSMB5|PSMB6|PSMB7|PSMB8|PSMB9|PSMC1|PSMC2|PSMC3|PSMC4|PSMC5|PSMC6|PSMD1|PSMD11|PSMD12|PSMD13|PSMD14|PSMD2|PSMD3|PSMD4|PSMD6|PSMD7|PSMD8|SEM1	20uM	MCF7	24h	LINCSCP_137434
LINCSCP_126700	-0.8898933891	0.00727573884	7	AZD2014	LSM-45472	MTOR	10uM	HT29	24h	LINCSCP_126700
LINCSCP_36475	0.8898928723	0.007275822133	7	WH-4-025	LSM-45317	NA	0.1uM	MCF7	24h	LINCSCP_36475
LINCSCP_1023	0.8898819929	0.00727757545	7	MLN 2238	LSM-4944	PSMB1	10uM	A375	6h	LINCSCP_1023
LINCSCP_150135	-0.8898799436	0.007277905749	7	Resveratrol	LSM-42917	PTGS1|PTGS2|SIRT1	10uM	NPC.TAK	24h	LINCSCP_150135
LINCSCP_6068	-0.889811624	0.007288922043	7	2-(5H-[1,2,4]triazino[5,6-B]indol-3-ylsulfanyl)-n-[3-(trifluoromethyl)phenyl]acetamide	LSM-4639	NA	10uM	A549	6h	LINCSCP_6068
LINCSCP_81448	0.8897884401	0.007292662556	7	PD-0325901	LSM-1101	MAP2K1|MAP2K2	10uM	A549	24h	LINCSCP_81448
LINCSCP_4559	0.8897633064	0.007296718913	7	Selumetinib	LSM-1056	MAP2K1|MAP2K2	80uM	A549	24h	LINCSCP_4559
LINCSCP_219259	0.88964462	0.007315891481	7	CID 91122153	LSM-44934	NA	10uM	HEPG2	6h	LINCSCP_219259
LINCSCP_125652	-0.8896313382	0.007318038824	7	GDC-0068	LSM-45747	NA	1.11uM	HT29	24h	LINCSCP_125652
LINCSCP_67107	0.8895817577	0.007326058044	7	13-Hydroxy-8,14,19-trimethoxy-4,10,12,16-tetramethyl-3,20,22-trioxo-2-azabicyclo[16.3.1]docosa-1(21),4,6,10,18-pentaen-9-yl carbamate	LSM-42815	HSP90AA1	10uM	HT29	6h	LINCSCP_67107
LINCSCP_20919	0.889577866	0.007326687701	7	4LY1	LSM-6529	HDAC1|HDAC2	0.12uM	HCC515	24h	LINCSCP_20919
LINCSCP_31897	0.8895287276	0.007334640831	7	FPA1_000218	LSM-36664	NA	10uM	MCF7	24h	LINCSCP_31897
LINCSCP_152328	0.8895141243	0.007337005356	7	Dabrafenib	LSM-6303	BRAF	0.04uM	PC3	24h	LINCSCP_152328
LINCSCP_64865	0.8895014441	0.007339058862	7	BRD-K07033348	LSM-37651	NA	10uM	VCAP	24h	LINCSCP_64865
LINCSCP_30868	0.889498666	0.007339508803	7	Elesclomol	LSM-4929	HSPA1A	10uM	MCF7	6h	LINCSCP_30868
LINCSCP_156651	-0.8894806796	0.00734242231	7	PSI-6130	LSM-45483	NA	0.37uM	PC3	24h	LINCSCP_156651
LINCSCP_120132	0.889479181	0.007342665082	7	179324-69-7	LSM-6281	ADRM1|PSMA1|PSMA2|PSMA3|PSMA4|PSMA5|PSMA6|PSMA7|PSMA8|PSMB1|PSMB10|PSMB11|PSMB2|PSMB3|PSMB4|PSMB5|PSMB6|PSMB7|PSMB8|PSMB9|PSMC1|PSMC2|PSMC3|PSMC4|PSMC5|PSMC6|PSMD1|PSMD11|PSMD12|PSMD13|PSMD14|PSMD2|PSMD3|PSMD4|PSMD6|PSMD7|PSMD8|SEM1	20uM	HT29	24h	LINCSCP_120132
LINCSCP_132541	0.8893815717	0.007358488137	7	Trametinib	LSM-1143	MAP2K1|MAP2K2	1.11uM	MCF7	3h	LINCSCP_132541
LINCSCP_30870	0.8893737569	0.007359755811	7	CAY10618	LSM-4946	NAMPT	10uM	MCF7	6h	LINCSCP_30870
LINCSCP_45984	0.889252196	0.007379491106	7	ML162	LSM-1493	NA	10uM	PC3	6h	LINCSCP_45984
LINCSCP_8539	-0.8892259432	0.00738375725	7	BRD-K64582453	LSM-12374	NA	5uM	A549	24h	LINCSCP_8539
LINCSCP_164351	0.8892068157	0.007386866401	7	Allitinib	LSM-1225	NA	3.33uM	SKL.C	24h	LINCSCP_164351
LINCSCP_147705	0.8891767774	0.007391750641	7	Vandetanib	LSM-1199	EGFR|EPHA1|EPHA10|EPHA2|EPHA3|EPHA4|EPHA5|EPHA6|EPHA7|EPHA8|EPHB1|EPHB2|EPHB3|EPHB4|EPHB6|ERBB2|ERBB3|ERBB4|FLT1|FLT4|KDR|PTK6|RET|SRC|TEK	10uM	NPC.CAS9	24h	LINCSCP_147705
LINCSCP_282314	-0.8891071755	0.0074030751	7	Rosmarinic acid	LSM-42907	NA	10uM	PHH	24h	LINCSCP_282314
LINCSCP_81450	0.8890689199	0.007409303677	7	PD-0325901	LSM-1101	MAP2K1|MAP2K2	1.11uM	A549	24h	LINCSCP_81450
LINCSCP_33140	0.8890326096	0.007415218363	7	Isomammeisin	LSM-4064	NA	10uM	MCF7	24h	LINCSCP_33140
LINCSCP_142667	-0.8889915586	0.007421908547	7	Duloxetine	LSM-3591	SLC6A2|SLC6A3|SLC6A4	10uM	MCF7	24h	LINCSCP_142667
LINCSCP_72209	-0.8889459925	0.007429338651	7	AZD1208	LSM-45651	NA	3.33uM	A375	24h	LINCSCP_72209
LINCSCP_60816	-0.8888535031	0.007444433437	7	BRD-K87438596	LSM-8395	NA	5uM	VCAP	24h	LINCSCP_60816
LINCSCP_25569	0.8888244334	0.007449181441	7	CHEMBL520231	LSM-43280	XPO1	10uM	HT29	24h	LINCSCP_25569
LINCSCP_102330	0.8888123497	0.007451155595	7	Senicapoc	LSM-45645	KCNN4	1.11uM	HELA	24h	LINCSCP_102330
LINCSCP_112850	-0.8887921044	0.007454463845	7	GSK-2334470	LSM-1222	PDK1|PDPK1	1.11uM	HEPG2	24h	LINCSCP_112850
LINCSCP_36509	0.8887417615	0.007462693956	7	Pictilisib	LSM-1047	PIK3CA|PIK3CB|PIK3CD|PIK3CG|PIK3R1|PIK3R2|PIK3R3|PIK3R5	1uM	MCF7	24h	LINCSCP_36509
LINCSCP_162960	0.8886690929	0.007474583159	7	Pelitinib	LSM-42796	EGFR	10uM	SKBR3	24h	LINCSCP_162960
LINCSCP_146444	0.8885920432	0.007487201116	7	PF-04217903	LSM-1166	MET	1.11uM	NEU	24h	LINCSCP_146444
LINCSCP_88929	-0.8885896821	0.007487587976	7	AZ20	LSM-36357	NA	3.33uM	HA1E	24h	LINCSCP_88929
LINCSCP_173117	-0.8885205031	0.007498927845	7	Capsaicin	LSM-43180	TRPV1	10uM	YAPC	24h	LINCSCP_173117
LINCSCP_137951	-0.8884183732	0.007515687212	7	Guanadrel	LSM-43257	SLC6A2	0.04uM	MCF7	24h	LINCSCP_137951
LINCSCP_26649	-0.8884116238	0.007516795541	7	Cholic acid	LSM-5541	CES1|FECH|PLA2G1B	10uM	HT29	6h	LINCSCP_26649
LINCSCP_188847	0.8882167417	0.007548838261	7	KUC105998N	LSM-2033	NA	10uM	A549	24h	LINCSCP_188847
LINCSCP_99251	0.8880913564	0.007569495958	7	IPRATROPIUM BROMIDE	LSM-45290	NA	0.04uM	HA1E	24h	LINCSCP_99251
LINCSCP_26003	-0.8880835984	0.007570775198	7	2-Bromo-n-phenylbenzamide	LSM-2067	NA	10uM	HT29	6h	LINCSCP_26003
LINCSCP_85280	0.8880555284	0.007575404758	7	Pelitinib	LSM-42796	EGFR	1.11uM	BT20	24h	LINCSCP_85280
LINCSCP_50812	0.8880203424	0.007581210288	7	CHEMBL607856	LSM-3321	NA	10uM	RKO	6h	LINCSCP_50812
LINCSCP_137519	0.8879401657	0.007594448662	7	179324-69-7	LSM-6281	ADRM1|PSMA1|PSMA2|PSMA3|PSMA4|PSMA5|PSMA6|PSMA7|PSMA8|PSMB1|PSMB10|PSMB11|PSMB2|PSMB3|PSMB4|PSMB5|PSMB6|PSMB7|PSMB8|PSMB9|PSMC1|PSMC2|PSMC3|PSMC4|PSMC5|PSMC6|PSMD1|PSMD11|PSMD12|PSMD13|PSMD14|PSMD2|PSMD3|PSMD4|PSMD6|PSMD7|PSMD8|SEM1	20uM	MCF7	24h	LINCSCP_137519
LINCSCP_47558	0.8879146632	0.007598662325	7	Thioguanosine	LSM-5832	NA	10uM	PC3	24h	LINCSCP_47558
LINCSCP_259733	-0.8879108126	0.007599298657	7	(S)-2-Amino-3-(2,4-dihydroxyphenyl)propanoic acid	LSM-37021	NA	10uM	NEU	6h	LINCSCP_259733
LINCSCP_174300	0.8878821898	0.0076040297	7	Azelastine	LSM-5127	HRH1	3.33uM	YAPC	24h	LINCSCP_174300
LINCSCP_298976	0.8878463886	0.007609949656	7	BRD-K46205969	LSM-7436	NA	5uM	VCAP	6h	LINCSCP_298976
LINCSCP_153779	-0.8878356259	0.007611729847	7	Tamibarotene	LSM-5493	RARA|RARB	0.04uM	PC3	24h	LINCSCP_153779
LINCSCP_59902	0.8877788033	0.007621132576	7	BRD-K65158783	LSM-40830	NA	5uM	VCAP	24h	LINCSCP_59902
LINCSCP_175005	0.8875382309	0.00766101579	7	Tosedostat	LSM-6286	ANPEP|C9orf3|DNPEP|ENPEP|ERAP1|ERAP2|LAP3|LNPEP|LVRN|METAP1|METAP1D|METAP2|NPEPL1|NPEPPS|RNPEP|RNPEPL1|XPNPEP1|XPNPEP2|XPNPEP3	0.12uM	YAPC	24h	LINCSCP_175005
LINCSCP_65416	0.8875142995	0.00766498983	7	BRD-K15234288	LSM-38064	NA	10uM	VCAP	6h	LINCSCP_65416
LINCSCP_312141	0.8874103808	0.007682260413	7	BRD-K29143341	LSM-38852	NA	10uM	VCAP	6h	LINCSCP_312141
LINCSCP_127049	0.8873951418	0.007684794929	7	179324-69-7	LSM-6281	ADRM1|PSMA1|PSMA2|PSMA3|PSMA4|PSMA5|PSMA6|PSMA7|PSMA8|PSMB1|PSMB10|PSMB11|PSMB2|PSMB3|PSMB4|PSMB5|PSMB6|PSMB7|PSMB8|PSMB9|PSMC1|PSMC2|PSMC3|PSMC4|PSMC5|PSMC6|PSMD1|PSMD11|PSMD12|PSMD13|PSMD14|PSMD2|PSMD3|PSMD4|PSMD6|PSMD7|PSMD8|SEM1	20uM	HT29	24h	LINCSCP_127049
LINCSCP_149635	0.8872063358	0.007716236762	7	AZ628	LSM-1050	BRAF|RAF1	0.12uM	NPC.TAK	24h	LINCSCP_149635
LINCSCP_136309	-0.8871715851	0.007722031891	7	Neostigmine	LSM-5360	ACHE	0.04uM	MCF7	24h	LINCSCP_136309
LINCSCP_5980	-0.8871332671	0.00772842482	7	ST50764508	LSM-4742	NA	10uM	A549	24h	LINCSCP_5980
LINCSCP_45181	-0.8869016504	0.007767132725	7	CHEMBL1222381	LSM-6252	NA	80uM	PC3	6h	LINCSCP_45181
LINCSCP_11456	0.8868981094	0.007767725379	7	Mometasone Furoate	LSM-3349	NR3C1	10uM	ASC	24h	LINCSCP_11456
LINCSCP_83414	0.8868151549	0.007781616597	7	GSK-J1	LSM-44939	NA	1.11uM	ASC.C	24h	LINCSCP_83414
LINCSCP_289177	0.8868126231	0.007782040794	7	SCHEMBL12636892	LSM-1559	OXTR	10uM	VCAP	24h	LINCSCP_289177
LINCSCP_131257	-0.8867691728	0.007789322776	7	SCHEMBL17052537	LSM-5803	BTK|JAK3|MKNK2|MTOR|PRKDC	0.37uM	MCF10A	24h	LINCSCP_131257
LINCSCP_63451	0.8867611467	0.007790668322	7	BRD-K36796217	LSM-10655	NA	5uM	VCAP	6h	LINCSCP_63451
LINCSCP_52793	0.8867470314	0.00779303503	7	Verapamil	LSM-1298	CACNA1C|CACNA1D|CACNA1F|CACNA1G|CACNA1S	10uM	SKB	24h	LINCSCP_52793
LINCSCP_151676	-0.8866713623	0.007805729567	7	BMS-777607	LSM-1144	AXL|MERTK|MET|MST1R|TYRO3	0.37uM	PC3	24h	LINCSCP_151676
LINCSCP_171786	-0.8866691075	0.007806108036	7	Tacedinaline	LSM-19036	HDAC1|HDAC10|HDAC11|HDAC2|HDAC3|HDAC4|HDAC5|HDAC6|HDAC7|HDAC8|HDAC9	10uM	YAPC	24h	LINCSCP_171786
LINCSCP_212289	-0.88657007	0.007822741479	7	17-Hydroxyandrost-4-en-3-one	LSM-5153	NA	20uM	HA1E	24h	LINCSCP_212289
LINCSCP_265890	-0.8865057305	0.007833558326	7	SPECTRUM_001418	LSM-1664	ADRB2	10uM	PC3	6h	LINCSCP_265890
LINCSCP_212409	-0.8864927518	0.007835741377	7	CB7993113	LSM-46018	NA	10uM	HA1E	6h	LINCSCP_212409
LINCSCP_194124	0.8864515807	0.007842668777	7	5807-14-7	LSM-5565	NA	10uM	A549	6h	LINCSCP_194124
LINCSCP_1668	0.8864335669	0.007845700877	7	MLS003370625	LSM-43052	NA	10uM	A375	6h	LINCSCP_1668
LINCSCP_25027	-0.88639913	0.007851499212	7	AG 14361	LSM-1988	PARP1	20uM	HT115	6h	LINCSCP_25027
LINCSCP_105779	-0.8863247963	0.007864023628	7	Pinacidil	LSM-1557	ABCC8|ABCC9	1.11uM	HELA	24h	LINCSCP_105779
LINCSCP_65804	0.8862556227	0.007875688999	7	BRD-K32593492	LSM-39065	NA	10uM	VCAP	6h	LINCSCP_65804
LINCSCP_199745	-0.8862494362	0.007876732778	7	BRD-K96797558	LSM-42524	NA	5uM	A549	24h	LINCSCP_199745
LINCSCP_36654	0.8862344468	0.007879262099	7	TAE-684	LSM-1024	ALK	10uM	MCF7	6h	LINCSCP_36654
LINCSCP_141199	0.8861489073	0.007893705016	7	MG-132	LSM-1107	PSMB1	20uM	MCF7	24h	LINCSCP_141199
LINCSCP_74300	0.8861417249	0.007894918437	7	Dapivirine (TMC120)	LSM-45463	NA	0.37uM	A375	24h	LINCSCP_74300
LINCSCP_121656	0.8860974761	0.007902396293	7	179324-69-7	LSM-6281	ADRM1|PSMA1|PSMA2|PSMA3|PSMA4|PSMA5|PSMA6|PSMA7|PSMA8|PSMB1|PSMB10|PSMB11|PSMB2|PSMB3|PSMB4|PSMB5|PSMB6|PSMB7|PSMB8|PSMB9|PSMC1|PSMC2|PSMC3|PSMC4|PSMC5|PSMC6|PSMD1|PSMD11|PSMD12|PSMD13|PSMD14|PSMD2|PSMD3|PSMD4|PSMD6|PSMD7|PSMD8|SEM1	20uM	HT29	24h	LINCSCP_121656
LINCSCP_152332	0.8860451876	0.007911238127	7	VX-745	LSM-1169	MAPK14	0.37uM	PC3	24h	LINCSCP_152332
LINCSCP_58929	-0.8859969093	0.007919406903	7	Tretinoin	LSM-42854	RARA|RARB|RARG|RORB	10uM	VCAP	24h	LINCSCP_58929
LINCSCP_107050	-0.8859780098	0.007922606078	7	NCGC00166323-01	LSM-6478	NA	3.33uM	HELA	24h	LINCSCP_107050
LINCSCP_7679	-0.8859006395	0.007935710514	7	Oxymetazoline	LSM-2353	ADRA1A|ADRA1B|ADRA1D|ADRA2A|ADRA2B|ADRA2C	10uM	A549	6h	LINCSCP_7679
LINCSCP_7741	-0.8858965611	0.007936401641	7	BRD-K90610876	LSM-36750	NA	10uM	A549	6h	LINCSCP_7741
LINCSCP_9166	-0.8858814668	0.007938959788	7	Wortmannin	LSM-3947	PIK3CA|PIK3CG|PLK1	1uM	A549	24h	LINCSCP_9166
LINCSCP_754	-0.8858260305	0.007948359128	7	Phenothiazine	LSM-3324	NA	10uM	A375	24h	LINCSCP_754
LINCSCP_32984	0.8856887104	0.007971669758	7	SPECTRUM_000090	LSM-1817	ADRA2A|ADRA2B|ADRA2C|DRD1|DRD2|DRD3|DRD4|DRD5|HTR1A|HTR1B|HTR1D|HTR2A|HTR2B|HTR2C	10uM	MCF7	6h	LINCSCP_32984
LINCSCP_129709	0.8856565682	0.007977131727	7	Vandetanib	LSM-1199	EGFR|EPHA1|EPHA10|EPHA2|EPHA3|EPHA4|EPHA5|EPHA6|EPHA7|EPHA8|EPHB1|EPHB2|EPHB3|EPHB4|EPHB6|ERBB2|ERBB3|ERBB4|FLT1|FLT4|KDR|PTK6|RET|SRC|TEK	10uM	JURKAT	24h	LINCSCP_129709
LINCSCP_131033	0.8855586209	0.007993789405	7	SB590885	LSM-42746	NA	10uM	MCF10A	3h	LINCSCP_131033
LINCSCP_43021	0.8854904998	0.00800538644	7	BRD-K56208365	LSM-14865	NA	10uM	NPC	24h	LINCSCP_43021
LINCSCP_151476	-0.8853913327	0.008022286178	7	CHEMBL552425	LSM-1003	DDR1	3.33uM	PC3	24h	LINCSCP_151476
LINCSCP_137455	0.8852286463	0.008050055338	7	Chlorambucil	LSM-2645	NA	3.33uM	MCF7	24h	LINCSCP_137455
LINCSCP_85962	-0.8851725663	0.00805964057	7	BMS-387032	LSM-1132	CDK2|CDK7|CDK9	10uM	BT20	24h	LINCSCP_85962
LINCSCP_125844	-0.8851271816	0.008067402586	7	MK-2206	LSM-1057	AKT1|AKT2|AKT3	1.11uM	HT29	24h	LINCSCP_125844
LINCSCP_241668	-0.885092086	0.008073407839	7	Benzylamine	LSM-3700	NA	10uM	MCF7	24h	LINCSCP_241668
LINCSCP_4244	0.8850396689	0.008082381831	7	BDBM50127227	LSM-43025	FNTA|IKBKB	10uM	A549	24h	LINCSCP_4244
LINCSCP_64727	-0.8849304515	0.00810109873	7	BRD-K97255584	LSM-42542	NA	10uM	VCAP	24h	LINCSCP_64727
LINCSCP_26025	0.8848322091	0.008117956208	7	Vorinostat	LSM-3828	HDAC1|HDAC2|HDAC3|HDAC6|HDAC8	10uM	HT29	6h	LINCSCP_26025
LINCSCP_117899	-0.884818036	0.008120389838	7	WHI-P97	LSM-1033	JAK3	1.11uM	HT29	24h	LINCSCP_117899
LINCSCP_121571	0.8848130572	0.00812124484	7	179324-69-7	LSM-6281	ADRM1|PSMA1|PSMA2|PSMA3|PSMA4|PSMA5|PSMA6|PSMA7|PSMA8|PSMB1|PSMB10|PSMB11|PSMB2|PSMB3|PSMB4|PSMB5|PSMB6|PSMB7|PSMB8|PSMB9|PSMC1|PSMC2|PSMC3|PSMC4|PSMC5|PSMC6|PSMD1|PSMD11|PSMD12|PSMD13|PSMD14|PSMD2|PSMD3|PSMD4|PSMD6|PSMD7|PSMD8|SEM1	20uM	HT29	24h	LINCSCP_121571
LINCSCP_44459	0.884629614	0.0081527836	7	Puromycin	LSM-2788	NA	10uM	PC3	6h	LINCSCP_44459
LINCSCP_59949	-0.8845628849	0.00816427365	7	BRD-K03289154	LSM-37454	NA	5uM	VCAP	6h	LINCSCP_59949
LINCSCP_60915	0.8844846058	0.008177764405	7	BRD-K71857815	LSM-12831	NA	5uM	VCAP	24h	LINCSCP_60915
LINCSCP_22455	-0.8844796752	0.008178614573	7	7,8-Dihydro-l-biopterin	LSM-4949	NOS2	10uM	HEPG2	6h	LINCSCP_22455
LINCSCP_45673	-0.8844057958	0.008191359659	7	F1298-0937	LSM-2321	NA	10uM	PC3	24h	LINCSCP_45673
LINCSCP_27259	0.8843545619	0.008200204845	7	BRD-K88278225	LSM-42082	NA	10uM	HT29	6h	LINCSCP_27259
LINCSCP_122375	0.884264518	0.008215763717	7	179324-69-7	LSM-6281	ADRM1|PSMA1|PSMA2|PSMA3|PSMA4|PSMA5|PSMA6|PSMA7|PSMA8|PSMB1|PSMB10|PSMB11|PSMB2|PSMB3|PSMB4|PSMB5|PSMB6|PSMB7|PSMB8|PSMB9|PSMC1|PSMC2|PSMC3|PSMC4|PSMC5|PSMC6|PSMD1|PSMD11|PSMD12|PSMD13|PSMD14|PSMD2|PSMD3|PSMD4|PSMD6|PSMD7|PSMD8|SEM1	20uM	HT29	24h	LINCSCP_122375
LINCSCP_81256	0.8842499946	0.008218274835	7	CI-1040	LSM-1048	MAP2K1|MAP2K2	10uM	A549	24h	LINCSCP_81256
LINCSCP_2086	0.8840968015	0.00824478924	7	BRD-K90446118	LSM-42207	NA	10uM	A375	6h	LINCSCP_2086
LINCSCP_41579	0.883957738	0.008268900875	7	IM-12	LSM-37170	GSK3B	10uM	NEU	6h	LINCSCP_41579
LINCSCP_139037	0.8839458861	0.008270957701	7	Apilimod	LSM-45286	NA	0.04uM	MCF7	24h	LINCSCP_139037
LINCSCP_38120	-0.8839360616	0.00827266292	7	BRD-K98822179	LSM-42621	NA	3uM	MCF7	6h	LINCSCP_38120
LINCSCP_112124	-0.8839264636	0.008274329011	7	GSK 1059615	LSM-42799	PIK3CA|PIK3CB|PIK3CD|PIK3CG	0.37uM	HEPG2	24h	LINCSCP_112124
LINCSCP_270505	0.8839043701	0.008278164913	7	BRD-K36767861	LSM-6107	NA	10uM	PC3	6h	LINCSCP_270505
LINCSCP_65401	-0.8838790371	0.008282564524	7	BRD-K09110452	LSM-37760	NA	10uM	VCAP	6h	LINCSCP_65401
LINCSCP_75584	0.8838205409	0.008292728794	7	Defactinib	LSM-45153	PTK2|PTK2B	10uM	A375	24h	LINCSCP_75584
LINCSCP_311992	0.8838033582	0.008295715821	7	BRD-K28013436	LSM-44726	NA	10uM	VCAP	24h	LINCSCP_311992
LINCSCP_133175	0.8837302797	0.008308426662	7	ZSTK 474	LSM-1053	PIK3CG	10uM	MCF7	3h	LINCSCP_133175
LINCSCP_114888	-0.8836925855	0.00831498736	7	Buparlisib	LSM-1148	PIK3CA|PIK3CB|PIK3CD|PIK3CG|PIK3R1|PIK3R2|PIK3R3|PIK3R5	0.04uM	HS578T	24h	LINCSCP_114888
LINCSCP_123067	-0.8836695699	0.008318994715	7	Fomepizole	LSM-5671	ADH1A|ADH1B|ADH1C	0.12uM	HT29	24h	LINCSCP_123067
LINCSCP_238016	-0.8836290674	0.008326049511	7	D,L Carbidopa	LSM-5128	DDC	10uM	MCF7	6h	LINCSCP_238016
LINCSCP_59703	0.88354173	0.008341273843	7	BRD-K80988607	LSM-41688	NA	5uM	VCAP	24h	LINCSCP_59703
LINCSCP_25821	0.8835020387	0.008348197998	7	MLN 2238	LSM-4944	PSMB1	10uM	HT29	6h	LINCSCP_25821
LINCSCP_69772	0.8834866598	0.008350881749	7	AZ628	LSM-1050	BRAF|RAF1	0.12uM	A375	24h	LINCSCP_69772
LINCSCP_22096	0.8834697783	0.008353828273	7	MLS002264454	LSM-3735	NA	10uM	HEPG2	6h	LINCSCP_22096
LINCSCP_31653	0.8833970107	0.008366536172	7	NM-PP1	LSM-3760	NA	10uM	MCF7	24h	LINCSCP_31653
LINCSCP_149374	0.8833699817	0.008371259267	7	MGCD-265	LSM-1124	AXL|FLT1|FLT4|KDR|MET|MST1R|TEK	3.33uM	NPC	24h	LINCSCP_149374
LINCSCP_70416	-0.8833539585	0.008374059913	7	amcinonide	NA	NA	0.04uM	A375	24h	LINCSCP_70416
LINCSCP_283692	-0.8833428283	0.008376005649	7	N-Benzyl-1-(3-chlorobenzyl)-n-methylpiperidine-3-carboxamide	LSM-1845	NA	10uM	SKB	24h	LINCSCP_283692
LINCSCP_54232	0.8833048371	0.008382649089	7	Valproic acid	LSM-4620	ABAT|ALDH5A1|HDAC1|SCN1A|SCN3A	10uM	SW620	6h	LINCSCP_54232
LINCSCP_26196	0.8832218299	0.008397174961	7	Lovastatin	LSM-2189	HMGCR	10uM	HT29	6h	LINCSCP_26196
LINCSCP_287683	-0.8831957776	0.008401736979	7	Evodiamine	LSM-6483	TRPV1	10uM	SW620	6h	LINCSCP_287683
LINCSCP_104878	0.8829946857	0.008436998443	7	AZ628	LSM-1050	BRAF|RAF1	10uM	HELA	24h	LINCSCP_104878
LINCSCP_54269	-0.8828530967	0.008461877267	7	MLS003672589	LSM-36804	NA	10uM	SW620	6h	LINCSCP_54269
LINCSCP_155238	-0.8827625038	0.008477817699	7	Temoporfin	LSM-45995	NA	0.37uM	PC3	24h	LINCSCP_155238
LINCSCP_100048	-0.882719443	0.008485400606	7	LRRK2-IN-1	LSM-1086	LRRK2	0.12uM	HCC515	24h	LINCSCP_100048
LINCSCP_27785	0.8827010046	0.008488648771	7	BRD-K91868345	LSM-42275	NA	5uM	HT29	24h	LINCSCP_27785
LINCSCP_19877	-0.8825404724	0.008516958941	7	CHEMBL2057941	LSM-2856	NA	10uM	HCC515	6h	LINCSCP_19877
LINCSCP_121576	0.8825396024	0.008517112506	7	179324-69-7	LSM-6281	ADRM1|PSMA1|PSMA2|PSMA3|PSMA4|PSMA5|PSMA6|PSMA7|PSMA8|PSMB1|PSMB10|PSMB11|PSMB2|PSMB3|PSMB4|PSMB5|PSMB6|PSMB7|PSMB8|PSMB9|PSMC1|PSMC2|PSMC3|PSMC4|PSMC5|PSMC6|PSMD1|PSMD11|PSMD12|PSMD13|PSMD14|PSMD2|PSMD3|PSMD4|PSMD6|PSMD7|PSMD8|SEM1	20uM	HT29	24h	LINCSCP_121576
LINCSCP_217018	-0.8825248837	0.008519710932	7	MLS000536845	LSM-4496	NA	10uM	HCC515	6h	LINCSCP_217018
LINCSCP_43071	-0.8824874833	0.008526315616	7	BRD-K93158953	LSM-42330	NA	10uM	NPC	24h	LINCSCP_43071
LINCSCP_57316	0.8824501297	0.008532915002	7	MLS002276469	LSM-3652	NA	10uM	VCAP	24h	LINCSCP_57316
LINCSCP_37942	-0.8824272092	0.008536965898	7	BRD-K74489738	LSM-41328	NA	0.5uM	MCF7	24h	LINCSCP_37942
LINCSCP_122379	0.8823181809	0.008556250413	7	179324-69-7	LSM-6281	ADRM1|PSMA1|PSMA2|PSMA3|PSMA4|PSMA5|PSMA6|PSMA7|PSMA8|PSMB1|PSMB10|PSMB11|PSMB2|PSMB3|PSMB4|PSMB5|PSMB6|PSMB7|PSMB8|PSMB9|PSMC1|PSMC2|PSMC3|PSMC4|PSMC5|PSMC6|PSMD1|PSMD11|PSMD12|PSMD13|PSMD14|PSMD2|PSMD3|PSMD4|PSMD6|PSMD7|PSMD8|SEM1	20uM	HT29	24h	LINCSCP_122379
LINCSCP_151367	0.8823013851	0.008559223422	7	noscapine	NA	NA	0.12uM	PC3	24h	LINCSCP_151367
LINCSCP_156652	-0.8822610056	0.008566373413	7	PSI-6130	LSM-45483	NA	0.12uM	PC3	24h	LINCSCP_156652
LINCSCP_30398	0.8822567799	0.008567121848	7	BDBM50127227	LSM-43025	FNTA|IKBKB	10uM	MCF7	6h	LINCSCP_30398
LINCSCP_67103	0.8821685766	0.008582752768	7	13-Hydroxy-8,14,19-trimethoxy-4,10,12,16-tetramethyl-3,20,22-trioxo-2-azabicyclo[16.3.1]docosa-1(21),4,6,10,18-pentaen-9-yl carbamate	LSM-42815	HSP90AA1	10uM	HT29	6h	LINCSCP_67103
LINCSCP_59412	0.882144915	0.008586948759	7	AC1NSOND	LSM-43112	NA	10uM	VCAP	6h	LINCSCP_59412
LINCSCP_66691	-0.8821219405	0.00859102403	7	LY-294002	LSM-2597	MTOR|PIK3CA|PIK3CB|PIK3CD|PIK3CG|PLK1|PRKDC	0.5uM	A549	24h	LINCSCP_66691
LINCSCP_57077	0.8821115685	0.008592864193	7	BMS-754807	LSM-6218	IGF1R|INSR	10uM	VCAP	6h	LINCSCP_57077
LINCSCP_66678	0.8820427022	0.00860508807	7	Troglitazone	LSM-4890	PPARG	10uM	A549	24h	LINCSCP_66678
LINCSCP_289881	-0.881932497	0.008624670548	7	PNU-99194A	LSM-3568	DRD3	10uM	VCAP	6h	LINCSCP_289881
LINCSCP_85454	0.8818622204	0.0086371715	7	Neratinib	LSM-42778	EGFR|ERBB2|ERBB4	1.11uM	BT20	3h	LINCSCP_85454
LINCSCP_106496	-0.881830217	0.008642867784	7	Gliclazide	LSM-5096	ABCC8	10uM	HELA	24h	LINCSCP_106496
LINCSCP_48506	0.8817821215	0.008651432399	7	BRD-K20332840	LSM-9670	NA	10uM	PC3	24h	LINCSCP_48506
LINCSCP_30514	0.8817054914	0.008665088455	7	RO-281675	LSM-6231	GCK	100uM	MCF7	24h	LINCSCP_30514
LINCSCP_137692	0.8816619871	0.008672846772	7	MG-132	LSM-1107	PSMB1	20uM	MCF7	24h	LINCSCP_137692
LINCSCP_57702	0.8816020053	0.008683550175	7	VU0418947-2	LSM-3725	NA	10uM	VCAP	6h	LINCSCP_57702
LINCSCP_396	-0.881571809	0.008688941404	7	Hexylresorcinol	LSM-4250	NA	10uM	A375	24h	LINCSCP_396
LINCSCP_137599	0.8815689139	0.008689458398	7	MG-132	LSM-1107	PSMB1	20uM	MCF7	24h	LINCSCP_137599
LINCSCP_152904	-0.8815533081	0.00869224551	7	Ramelteon	LSM-20965	MTNR1A|MTNR1B	0.04uM	PC3	24h	LINCSCP_152904
LINCSCP_81361	0.8814735028	0.008706506361	7	Trametinib	LSM-1143	MAP2K1|MAP2K2	0.37uM	A549	24h	LINCSCP_81361
LINCSCP_22479	0.8813607106	0.008726684847	7	BRD-A59145032	LSM-36421	NA	10uM	HEPG2	6h	LINCSCP_22479
LINCSCP_261468	0.8813597962	0.008726848541	7	BRD-K55715339	LSM-45106	NA	10uM	NPC	24h	LINCSCP_261468
LINCSCP_205758	-0.8813312301	0.00873196334	7	IWR-1-ENDO	LSM-5707	TNKS|TNKS2	10uM	CL34	6h	LINCSCP_205758
LINCSCP_152296	-0.8812783139	0.008741442633	7	N-(3-Fluoro-4-((7-methoxyquinolin-4-yl)oxy)phenyl)-1-(2-hydroxy-2-methylpropyl)-5-methyl-3-oxo-2-phenyl-2,3-dihydro-1H-pyrazole-4-carboxamide	LSM-1113	NA	0.37uM	PC3	24h	LINCSCP_152296
LINCSCP_114280	0.8812776192	0.008741567134	7	Anacardic acid	LSM-6320	NA	0.04uM	HME1	24h	LINCSCP_114280
LINCSCP_5711	-0.8812607368	0.008744592682	7	Pramipexole	LSM-5243	DRD2|DRD3|DRD4	10uM	A549	24h	LINCSCP_5711
LINCSCP_130488	0.8812338595	0.008749410703	7	Dasatinib	LSM-1020	ABL1|BCR|BLK|EPHA2|FGR|FRK|FYN|HCK|KIT|LCK|LYN|PDGFRB|SRC|SRMS|YES1	10uM	MCF10A	24h	LINCSCP_130488
LINCSCP_39488	0.8812242841	0.008751127546	7	PF431396	LSM-1116	NA	1uM	MDAMB231	24h	LINCSCP_39488
LINCSCP_124088	0.881161859	0.008762325044	7	179324-69-7	LSM-6281	ADRM1|PSMA1|PSMA2|PSMA3|PSMA4|PSMA5|PSMA6|PSMA7|PSMA8|PSMB1|PSMB10|PSMB11|PSMB2|PSMB3|PSMB4|PSMB5|PSMB6|PSMB7|PSMB8|PSMB9|PSMC1|PSMC2|PSMC3|PSMC4|PSMC5|PSMC6|PSMD1|PSMD11|PSMD12|PSMD13|PSMD14|PSMD2|PSMD3|PSMD4|PSMD6|PSMD7|PSMD8|SEM1	20uM	HT29	24h	LINCSCP_124088
LINCSCP_307095	-0.8811535911	0.008763808714	7	BRD-K63337793	LSM-12282	NA	5uM	VCAP	6h	LINCSCP_307095
LINCSCP_66295	0.8811527894	0.008763952603	7	3,5-Bis(4-methylbenzylidene)piperidin-4-one	LSM-42949	SENP2|USP1|USP2|USP7	10uM	WSUDLCL2	6h	LINCSCP_66295
LINCSCP_267933	0.8810226491	0.008787325578	7	MLS002460474	LSM-3256	NA	10uM	PC3	6h	LINCSCP_267933
LINCSCP_167133	-0.8810154018	0.008788628249	7	VGX-1027	LSM-45622	NA	3.33uM	YAPC	24h	LINCSCP_167133
LINCSCP_24249	0.8809632635	0.008798003088	7	Seliciclib	LSM-1001	CDK1|CDK2|CDK5|CDK7|CDK9	0.1uM	HS578T	24h	LINCSCP_24249
LINCSCP_67068	0.880838046	0.008820541679	7	Vorinostat	LSM-3828	HDAC1|HDAC2|HDAC3|HDAC6|HDAC8	10uM	HT29	6h	LINCSCP_67068
LINCSCP_121295	0.8806943745	0.008846442936	7	179324-69-7	LSM-6281	ADRM1|PSMA1|PSMA2|PSMA3|PSMA4|PSMA5|PSMA6|PSMA7|PSMA8|PSMB1|PSMB10|PSMB11|PSMB2|PSMB3|PSMB4|PSMB5|PSMB6|PSMB7|PSMB8|PSMB9|PSMC1|PSMC2|PSMC3|PSMC4|PSMC5|PSMC6|PSMD1|PSMD11|PSMD12|PSMD13|PSMD14|PSMD2|PSMD3|PSMD4|PSMD6|PSMD7|PSMD8|SEM1	20uM	HT29	24h	LINCSCP_121295
LINCSCP_120851	0.8805010361	0.00888136741	7	179324-69-7	LSM-6281	ADRM1|PSMA1|PSMA2|PSMA3|PSMA4|PSMA5|PSMA6|PSMA7|PSMA8|PSMB1|PSMB10|PSMB11|PSMB2|PSMB3|PSMB4|PSMB5|PSMB6|PSMB7|PSMB8|PSMB9|PSMC1|PSMC2|PSMC3|PSMC4|PSMC5|PSMC6|PSMD1|PSMD11|PSMD12|PSMD13|PSMD14|PSMD2|PSMD3|PSMD4|PSMD6|PSMD7|PSMD8|SEM1	20uM	HT29	24h	LINCSCP_120851
LINCSCP_16012	0.8804923311	0.008882941733	7	CHEMBL1270915	LSM-3056	NA	10uM	HA1E	6h	LINCSCP_16012
LINCSCP_26285	0.880470668	0.008886860291	7	Pitavastatin Calcium	LSM-45806	HMGCR	10uM	HT29	6h	LINCSCP_26285
LINCSCP_17818	0.8804479728	0.008890966604	7	179324-69-7	LSM-6281	ADRM1|PSMA1|PSMA2|PSMA3|PSMA4|PSMA5|PSMA6|PSMA7|PSMA8|PSMB1|PSMB10|PSMB11|PSMB2|PSMB3|PSMB4|PSMB5|PSMB6|PSMB7|PSMB8|PSMB9|PSMC1|PSMC2|PSMC3|PSMC4|PSMC5|PSMC6|PSMD1|PSMD11|PSMD12|PSMD13|PSMD14|PSMD2|PSMD3|PSMD4|PSMD6|PSMD7|PSMD8|SEM1	0.01uM	HCC15	6h	LINCSCP_17818
LINCSCP_45740	0.880444675	0.008891563375	7	DASA-58	LSM-3813	PKM	10uM	PC3	24h	LINCSCP_45740
LINCSCP_121212	0.8803877609	0.00890186625	7	179324-69-7	LSM-6281	ADRM1|PSMA1|PSMA2|PSMA3|PSMA4|PSMA5|PSMA6|PSMA7|PSMA8|PSMB1|PSMB10|PSMB11|PSMB2|PSMB3|PSMB4|PSMB5|PSMB6|PSMB7|PSMB8|PSMB9|PSMC1|PSMC2|PSMC3|PSMC4|PSMC5|PSMC6|PSMD1|PSMD11|PSMD12|PSMD13|PSMD14|PSMD2|PSMD3|PSMD4|PSMD6|PSMD7|PSMD8|SEM1	20uM	HT29	24h	LINCSCP_121212
LINCSCP_162285	0.8803875995	0.008901895471	7	Istaroxime (hydrochloride)	LSM-45263	NA	3.33uM	PC3	24h	LINCSCP_162285
LINCSCP_138805	-0.8803669695	0.008905631723	7	Roquinimex	LSM-2046	NA	3.33uM	MCF7	24h	LINCSCP_138805
LINCSCP_153241	-0.880327304	0.008912818001	7	Hoechst 33258	LSM-45280	NA	10uM	PC3	24h	LINCSCP_153241
LINCSCP_131985	0.8802922124	0.008919178384	7	AZD-8330	LSM-1165	MAP2K1|MAP2K2	0.37uM	MCF7	24h	LINCSCP_131985
LINCSCP_153191	-0.880277493	0.008921847083	7	Regorafenib	LSM-1226	ABL1|BRAF|DDR2|FGFR1|FGFR2|FLT1|FLT4|FRK|KDR|KIT|MAPK11|PDGFRA|PDGFRB|RAF1|RET|TEK	0.12uM	PC3	24h	LINCSCP_153191
LINCSCP_130741	0.8802193215	0.008932398336	7	WH-4-025	LSM-44937	NA	1.11uM	MCF10A	24h	LINCSCP_130741
LINCSCP_29443	-0.8801851569	0.008938598529	7	LRRK2-IN-1	LSM-1086	LRRK2	0.5uM	MCF10A	24h	LINCSCP_29443
LINCSCP_160550	0.8801747456	0.008940488452	7	Masitinib	LSM-1130	FGFR3|KIT|LYN|PDGFRA|PDGFRB	10uM	PC3	24h	LINCSCP_160550
LINCSCP_307931	0.8801157551	0.0089512012	7	BRD-K32655366	LSM-10410	NA	5uM	VCAP	6h	LINCSCP_307931
LINCSCP_310136	-0.8800859534	0.008956616045	7	BRD-K34952911	LSM-45367	NA	30uM	VCAP	6h	LINCSCP_310136
LINCSCP_20149	-0.8800337931	0.008966097899	7	FPA1_000112	LSM-36718	NA	10uM	HCC515	6h	LINCSCP_20149
LINCSCP_282198	-0.8800268501	0.008967360459	7	3-[(3-Hydroxy-2-phenylpropanoyl)oxy]-8-methyl-8-(propan-2-yl)-8-azoniabicyclo[3.2.1]octane	LSM-1268	CHRM1|CHRM2|CHRM3|CHRM4	10uM	PHH	24h	LINCSCP_282198
LINCSCP_59830	0.8800215906	0.008968316935	7	BRD-K07063907	LSM-37653	NA	5uM	VCAP	24h	LINCSCP_59830
LINCSCP_101687	-0.880014045	0.008969689279	7	Bendamustine HCl	LSM-45554	NA	10uM	HELA	24h	LINCSCP_101687
LINCSCP_60409	0.8799847271	0.008975022543	7	BRD-K66975912	LSM-7742	NA	5uM	VCAP	24h	LINCSCP_60409
LINCSCP_31645	0.8799123966	0.008988188132	7	CHEMBL1433941	LSM-3587	NA	10uM	MCF7	24h	LINCSCP_31645
LINCSCP_82388	0.8798493452	0.008999673839	7	PD-0325901	LSM-1101	MAP2K1|MAP2K2	0.12uM	A549	24h	LINCSCP_82388
LINCSCP_287705	-0.8798354682	0.009002202861	7	Verapamil	LSM-1298	CACNA1C|CACNA1D|CACNA1F|CACNA1G|CACNA1S	10uM	SW948	6h	LINCSCP_287705
LINCSCP_141202	0.8797106719	0.009024964902	7	MG-132	LSM-1107	PSMB1	20uM	MCF7	24h	LINCSCP_141202
LINCSCP_22561	-0.8796186196	0.009041775929	7	Pictilisib	LSM-1047	PIK3CA|PIK3CB|PIK3CD|PIK3CG|PIK3R1|PIK3R2|PIK3R3|PIK3R5	10uM	HEPG2	6h	LINCSCP_22561
LINCSCP_146561	0.8796135092	0.009042709737	7	HG-9-91-01	LSM-6343	NA	10uM	NEU	24h	LINCSCP_146561
LINCSCP_25652	0.8796135024	0.009042710985	7	Tamoxifen	LSM-42959	ESR1|ESR2	30uM	HT29	24h	LINCSCP_25652
LINCSCP_66468	-0.8795642398	0.0090517155	7	LY-294002	LSM-2597	MTOR|PIK3CA|PIK3CB|PIK3CD|PIK3CG|PLK1|PRKDC	10uM	A375	24h	LINCSCP_66468
LINCSCP_137433	0.879541533	0.009055867722	7	179324-69-7	LSM-6281	ADRM1|PSMA1|PSMA2|PSMA3|PSMA4|PSMA5|PSMA6|PSMA7|PSMA8|PSMB1|PSMB10|PSMB11|PSMB2|PSMB3|PSMB4|PSMB5|PSMB6|PSMB7|PSMB8|PSMB9|PSMC1|PSMC2|PSMC3|PSMC4|PSMC5|PSMC6|PSMD1|PSMD11|PSMD12|PSMD13|PSMD14|PSMD2|PSMD3|PSMD4|PSMD6|PSMD7|PSMD8|SEM1	20uM	MCF7	24h	LINCSCP_137433
LINCSCP_44897	-0.879417937	0.009078488097	7	PJ34	LSM-4937	NA	10uM	PC3	24h	LINCSCP_44897
LINCSCP_65658	0.8793948758	0.009082712343	7	CHEMBL2356076	LSM-40121	NA	10uM	VCAP	24h	LINCSCP_65658
LINCSCP_70565	0.8793782488	0.009085758688	7	BX-795	LSM-1189	PDK1|PDPK1	0.04uM	A375	24h	LINCSCP_70565
LINCSCP_81164	-0.8792959231	0.009100850884	7	Buparlisib	LSM-1148	PIK3CA|PIK3CB|PIK3CD|PIK3CG|PIK3R1|PIK3R2|PIK3R3|PIK3R5	0.12uM	A549	24h	LINCSCP_81164
LINCSCP_46535	-0.8792113445	0.009116371123	7	4449-51-8	LSM-4304	SMO	10uM	PC3	6h	LINCSCP_46535
LINCSCP_70496	0.8791180941	0.009133500335	7	Aurora A Inhibitor I	LSM-1065	AURKA	1.11uM	A375	24h	LINCSCP_70496
LINCSCP_13974	0.8790492896	0.009146150972	7	SPECTRUM_000897	LSM-1378	NR3C1	10uM	HA1E	24h	LINCSCP_13974
LINCSCP_310065	0.8788877977	0.00917588311	7	Vorinostat	LSM-3828	HDAC1|HDAC2|HDAC3|HDAC6|HDAC8	10uM	VCAP	24h	LINCSCP_310065
LINCSCP_36273	0.8788401829	0.009184660071	7	MG-132	LSM-1107	PSMB1	10uM	MCF7	24h	LINCSCP_36273
LINCSCP_57251	0.8787354503	0.009203982714	7	MLS000108814	LSM-1588	NA	10uM	VCAP	24h	LINCSCP_57251
LINCSCP_137430	0.8786504797	0.009219676598	7	179324-69-7	LSM-6281	ADRM1|PSMA1|PSMA2|PSMA3|PSMA4|PSMA5|PSMA6|PSMA7|PSMA8|PSMB1|PSMB10|PSMB11|PSMB2|PSMB3|PSMB4|PSMB5|PSMB6|PSMB7|PSMB8|PSMB9|PSMC1|PSMC2|PSMC3|PSMC4|PSMC5|PSMC6|PSMD1|PSMD11|PSMD12|PSMD13|PSMD14|PSMD2|PSMD3|PSMD4|PSMD6|PSMD7|PSMD8|SEM1	20uM	MCF7	24h	LINCSCP_137430
LINCSCP_8735	0.8786272646	0.009223967057	7	BRD-K42543764	LSM-39614	NA	5uM	A549	24h	LINCSCP_8735
LINCSCP_83125	-0.8786161499	0.009226021607	7	PCI-32765	LSM-1129	BTK	0.37uM	ASC.C	24h	LINCSCP_83125
LINCSCP_31280	0.8785956351	0.009229814469	7	KUC104135	LSM-3448	NA	10uM	MCF7	6h	LINCSCP_31280
LINCSCP_41383	-0.8785685986	0.009234814439	7	Plumbagin	LSM-37061	NA	10uM	NEU	24h	LINCSCP_41383
LINCSCP_19962	0.8785110652	0.009245459566	7	Triazolothiadiazine, 7	LSM-4205	NA	10uM	HCC515	6h	LINCSCP_19962
LINCSCP_137897	0.8784888624	0.009249569519	7	Doxazosin	LSM-4335	ADRA1A|ADRA1B|ADRA1D	0.04uM	MCF7	24h	LINCSCP_137897
LINCSCP_53020	-0.8783325518	0.009278534031	7	Cerulenin	LSM-43210	FASN	40uM	SKLU1	6h	LINCSCP_53020
LINCSCP_17488	0.8783302784	0.009278955676	7	BRD-K64106162	LSM-45347	NA	10uM	HA1E	24h	LINCSCP_17488
LINCSCP_35630	0.8783202933	0.009280807745	7	Cucurbitacin-I	LSM-43115	JAK2|STAT3	1uM	MCF7	24h	LINCSCP_35630
LINCSCP_81154	0.8782763165	0.009288967272	7	AZD-8330	LSM-1165	MAP2K1|MAP2K2	10uM	A549	24h	LINCSCP_81154
LINCSCP_132821	0.8782445597	0.009294862031	7	ZSTK 474	LSM-1053	PIK3CG	10uM	MCF7	24h	LINCSCP_132821
LINCSCP_151657	-0.8782419235	0.009295351473	7	PHA-767491	LSM-6304	NA	1.11uM	PC3	24h	LINCSCP_151657
LINCSCP_93811	-0.8782409677	0.009295528932	7	KW-2478	LSM-45404	NA	3.33uM	HA1E	24h	LINCSCP_93811
LINCSCP_141918	0.8782232465	0.009298819449	7	MG-132	LSM-1107	PSMB1	20uM	MCF7	24h	LINCSCP_141918
LINCSCP_74296	-0.8782186339	0.009299676051	7	Abexinostat	LSM-2269	HDAC1|HDAC10|HDAC2|HDAC3|HDAC6	0.04uM	A375	24h	LINCSCP_74296
LINCSCP_47838	0.8782092635	0.009301416338	7	Iocetamic acid	LSM-1498	NA	10uM	PC3	6h	LINCSCP_47838
LINCSCP_133260	0.8782044871	0.009302303486	7	Amuvatinib	LSM-1118	FLT3|KIT|MET|PDGFRA	10uM	MCF7	24h	LINCSCP_133260
LINCSCP_52428	0.878146001	0.009313170461	7	Entinostat	LSM-4811	HDAC1|HDAC10|HDAC11|HDAC2|HDAC3|HDAC4|HDAC5|HDAC6|HDAC7|HDAC8|HDAC9	10uM	SKB	24h	LINCSCP_52428
LINCSCP_50135	-0.8780815377	0.009325156521	7	(-)-Chlorpheniramine	LSM-4008	HRH1	10uM	PHH	24h	LINCSCP_50135
LINCSCP_4472	0.8780754842	0.009326282538	7	BIBR-1532	LSM-43274	TERT	80uM	A549	24h	LINCSCP_4472
LINCSCP_9860	-0.8780356157	0.009333700501	7	Menadione	LSM-3755	NA	1uM	A549	6h	LINCSCP_9860
LINCSCP_81162	-0.8780050987	0.009339380814	7	Buparlisib	LSM-1148	PIK3CA|PIK3CB|PIK3CD|PIK3CG|PIK3R1|PIK3R2|PIK3R3|PIK3R5	1.11uM	A549	24h	LINCSCP_81162
LINCSCP_112385	-0.8779883366	0.009342501686	7	PFI-1	LSM-6331	NA	1.11uM	HEPG2	24h	LINCSCP_112385
LINCSCP_24223	0.8779265166	0.009354016946	7	AS601245	LSM-1034	MAPK10|MAPK8|MAPK9	1uM	HS578T	24h	LINCSCP_24223
LINCSCP_82735	0.8778866453	0.009361448142	7	PD-0325901	LSM-1101	MAP2K1|MAP2K2	3.33uM	A549	24h	LINCSCP_82735
LINCSCP_26653	0.8777941667	0.009378697351	7	ST-4062971	LSM-36806	NA	10uM	HT29	6h	LINCSCP_26653
LINCSCP_299434	0.8777892877	0.009379607898	7	BRD-K60826706	LSM-12109	NA	5uM	VCAP	24h	LINCSCP_299434
LINCSCP_159540	-0.877782533	0.009380868583	7	N6022	LSM-45697	NA	0.12uM	PC3	24h	LINCSCP_159540
LINCSCP_66787	-0.8777358403	0.009389585898	7	Wortmannin	LSM-3947	PIK3CA|PIK3CG|PLK1	10uM	HA1E	24h	LINCSCP_66787
LINCSCP_65329	-0.8776910298	0.009397956176	7	BRD-K68689263	LSM-41002	NA	10uM	VCAP	24h	LINCSCP_65329
LINCSCP_66672	-0.8776559452	0.009404512752	7	Wortmannin	LSM-3947	PIK3CA|PIK3CG|PLK1	1uM	A549	24h	LINCSCP_66672
LINCSCP_147367	-0.8776543513	0.009404810674	7	TIE2 Kinase Inhibitor	LSM-1194	NA	0.37uM	NEU	24h	LINCSCP_147367
LINCSCP_61439	0.8774323037	0.009446368576	7	CHEMBL2359335	LSM-10404	NA	5uM	VCAP	24h	LINCSCP_61439
LINCSCP_59059	-0.8774281067	0.009447155103	7	N-Cyclooctyl-4-methylbenzenesulfonamide	LSM-6588	NA	10uM	VCAP	6h	LINCSCP_59059
LINCSCP_74317	-0.8774119319	0.009450186616	7	Acivicin	LSM-45583	NA	1.24uM	A375	24h	LINCSCP_74317
LINCSCP_407	-0.8773740106	0.009457296091	7	Ethopropazine	LSM-1342	CHRM1	10uM	A375	6h	LINCSCP_407
LINCSCP_174051	-0.8773333436	0.009464923762	7	Zafirlukast	LSM-5792	CYSLTR1	0.12uM	YAPC	24h	LINCSCP_174051
LINCSCP_57864	0.8771923493	0.009491396699	7	Dicloxacillin	LSM-5234	NA	10uM	VCAP	6h	LINCSCP_57864
LINCSCP_129928	0.8771193376	0.00950512205	7	Linifanib	LSM-1183	CSF1R|FLT1|FLT3|FLT4|KDR|PDGFRA|PDGFRB	0.12uM	LNCAP	24h	LINCSCP_129928
LINCSCP_148305	-0.8770663121	0.009515097398	7	GSK-2334470	LSM-1222	PDK1|PDPK1	0.04uM	NPC.CAS9	24h	LINCSCP_148305
LINCSCP_68680	0.8770639611	0.009515539814	7	Vorinostat	LSM-3828	HDAC1|HDAC2|HDAC3|HDAC6|HDAC8	10uM	VCAP	24h	LINCSCP_68680
LINCSCP_132127	0.8770612239	0.009516054928	7	Alpelisib	LSM-4256	PIK3CA	3.33uM	MCF7	24h	LINCSCP_132127
LINCSCP_89519	-0.8770482627	0.009518494291	7	Benzydamine	LSM-5423	NA	3.33uM	HA1E	24h	LINCSCP_89519
LINCSCP_36699	0.8770000887	0.009527564056	7	TORIN-2	LSM-1080	MTOR	1uM	MCF7	6h	LINCSCP_36699
LINCSCP_34055	0.8769945735	0.009528602721	7	BRD-K60297835	LSM-40570	NA	10uM	MCF7	6h	LINCSCP_34055
LINCSCP_15872	-0.8769717949	0.009532893285	7	MLS-0311344.0001	LSM-2815	NA	10uM	HA1E	6h	LINCSCP_15872
LINCSCP_122803	-0.8769539296	0.009536259155	7	MK-8033	LSM-45677	MET|MST1R	0.37uM	HT29	24h	LINCSCP_122803
LINCSCP_18622	0.8768617041	0.009553645553	7	Nizatidine	LSM-42962	HRH2	10uM	HCC515	24h	LINCSCP_18622
LINCSCP_112852	-0.876856664	0.009554596245	7	GSK-2334470	LSM-1222	PDK1|PDPK1	0.12uM	HEPG2	24h	LINCSCP_112852
LINCSCP_81153	0.8768555469	0.009554806971	7	Withaferin A	LSM-6685	IKBKB|NAMPT	0.04uM	A549	24h	LINCSCP_81153
LINCSCP_24972	-0.876837087	0.009558289484	7	AZD-5438	LSM-1159	CDK1|CDK10|CDK11B|CDK12|CDK13|CDK14|CDK15|CDK16|CDK17|CDK18|CDK19|CDK2|CDK20|CDK3|CDK4|CDK5|CDK6|CDK7|CDK8|CDK9	0.5uM	HS578T	6h	LINCSCP_24972
LINCSCP_145848	-0.8768157731	0.009562311322	7	BRD-K01425431	NA	NA	0.04uM	MDAMB231	3h	LINCSCP_145848
LINCSCP_5078	0.8767994302	0.009565395813	7	MLS000040279	LSM-2086	NA	10uM	A549	6h	LINCSCP_5078
LINCSCP_38682	-0.8767968372	0.009565885245	7	BL003-049-HDAC3	LSM-36785	NA	0.37uM	MCF7	24h	LINCSCP_38682
LINCSCP_10490	-0.8767394991	0.009576711857	7	NSC23766	LSM-1818	NA	100uM	AGS	6h	LINCSCP_10490
LINCSCP_138472	-0.8767016823	0.009583856306	7	Colchicine	LSM-5199	TUBA1A|TUBA1B|TUBA1C|TUBA3E|TUBA4A|TUBB|TUBB1|TUBB2A|TUBB2B|TUBB3|TUBB4A|TUBB4B|TUBB6|TUBB8	0.12uM	MCF7	24h	LINCSCP_138472
LINCSCP_48490	0.876690956	0.009585883312	7	BRD-K09824708	LSM-14715	NA	10uM	PC3	24h	LINCSCP_48490
LINCSCP_81678	0.8766318443	0.009597058371	7	AS-605240	LSM-42784	PIK3CG	0.37uM	A549	24h	LINCSCP_81678
LINCSCP_100630	-0.8766256445	0.009598230879	7	Pracinostat	LSM-43290	NA	1.11uM	HCC515	24h	LINCSCP_100630
LINCSCP_120939	0.8765559613	0.009611415038	7	179324-69-7	LSM-6281	ADRM1|PSMA1|PSMA2|PSMA3|PSMA4|PSMA5|PSMA6|PSMA7|PSMA8|PSMB1|PSMB10|PSMB11|PSMB2|PSMB3|PSMB4|PSMB5|PSMB6|PSMB7|PSMB8|PSMB9|PSMC1|PSMC2|PSMC3|PSMC4|PSMC5|PSMC6|PSMD1|PSMD11|PSMD12|PSMD13|PSMD14|PSMD2|PSMD3|PSMD4|PSMD6|PSMD7|PSMD8|SEM1	20uM	HT29	24h	LINCSCP_120939
LINCSCP_281369	-0.8765523603	0.009612096634	7	Calmidazolium	LSM-5017	ATP2B1|PDE1A	10uM	PHH	24h	LINCSCP_281369
LINCSCP_133216	0.8765410978	0.009614228589	7	AS-605240	LSM-42784	PIK3CG	0.04uM	MCF7	3h	LINCSCP_133216
LINCSCP_66985	0.8765397851	0.0096144771	7	13-Hydroxy-8,14,19-trimethoxy-4,10,12,16-tetramethyl-3,20,22-trioxo-2-azabicyclo[16.3.1]docosa-1(21),4,6,10,18-pentaen-9-yl carbamate	LSM-42815	HSP90AA1	10uM	HEPG2	6h	LINCSCP_66985
LINCSCP_32037	-0.8765015799	0.009621711324	7	BIX-01338	LSM-4923	NA	10uM	MCF7	6h	LINCSCP_32037
LINCSCP_201196	0.8764231085	0.009636579897	7	13-Hydroxy-8,14,19-trimethoxy-4,10,12,16-tetramethyl-3,20,22-trioxo-2-azabicyclo[16.3.1]docosa-1(21),4,6,10,18-pentaen-9-yl carbamate	LSM-42815	HSP90AA1	0.001uM	A549	6h	LINCSCP_201196
LINCSCP_37421	-0.8763756305	0.009645582343	7	Ingenol 3,20-dibenzoate	LSM-4445	PRKCD|PRKCE	1uM	MCF7	24h	LINCSCP_37421
LINCSCP_139129	0.8762917351	0.009661501823	7	MG-132	LSM-1107	PSMB1	20uM	MCF7	24h	LINCSCP_139129
LINCSCP_75429	-0.8762416357	0.009671015608	7	CGP-12177	LSM-1474	NA	3.33uM	A375	24h	LINCSCP_75429
LINCSCP_6940	-0.8762286314	0.009673485991	7	Tetramisole	LSM-1579	NA	10uM	A549	6h	LINCSCP_6940
LINCSCP_7917	0.8761993545	0.009679048933	7	SAN1_004207	LSM-36734	NA	10uM	A549	24h	LINCSCP_7917
LINCSCP_297226	0.8761952436	0.009679830199	7	BRD-K65160467	LSM-40831	NA	5uM	VCAP	6h	LINCSCP_297226
LINCSCP_310029	0.8761015314	0.009697649816	7	BRD-K50777342	LSM-40073	NA	30uM	VCAP	24h	LINCSCP_310029
LINCSCP_17867	0.8760543704	0.009706624746	7	BH3I 1	LSM-42819	BCL2L1	10uM	HCC515	24h	LINCSCP_17867
LINCSCP_117021	0.8759785881	0.00972105645	7	Allitinib	LSM-1225	NA	1.11uM	HT29	24h	LINCSCP_117021
LINCSCP_39450	-0.8759285685	0.00973058876	7	CHEMBL1673039	LSM-1093	LRRK2|MAPK7	0.1uM	MDAMB231	24h	LINCSCP_39450
LINCSCP_50999	0.8758853122	0.009738836522	7	ZM336372	LSM-6268	NA	100uM	RMGI	6h	LINCSCP_50999
LINCSCP_25719	0.8758709149	0.009741582589	7	KU0060648	LSM-4935	PIK3CA|PIK3CB|PIK3CD|PRKDC	10uM	HT29	6h	LINCSCP_25719
LINCSCP_1509	0.8758658116	0.009742556057	7	AC1N1YO4	LSM-2304	NA	10uM	A375	6h	LINCSCP_1509
LINCSCP_223889	0.8757510759	0.009764457277	7	N-Benzylquinazolin-4-amine	LSM-2968	NA	10uM	HT29	6h	LINCSCP_223889
LINCSCP_68323	0.8756258569	0.00978839194	7	Wortmannin	LSM-3947	PIK3CA|PIK3CG|PLK1	10uM	VCAP	6h	LINCSCP_68323
LINCSCP_56687	0.8756187376	0.009789753767	7	PAC-1	LSM-3119	CASP3	10uM	VCAP	24h	LINCSCP_56687
LINCSCP_25315	-0.8755886652	0.009795507363	7	Gelsemine	LSM-1353	GLRA3	10uM	HT29	6h	LINCSCP_25315
LINCSCP_153102	-0.8755545562	0.009802035612	7	Clotrimazole	LSM-5341	KCNN4	0.04uM	PC3	24h	LINCSCP_153102
LINCSCP_25043	0.875552637	0.009802403024	7	KU0060648	LSM-4935	PIK3CA|PIK3CB|PIK3CD|PRKDC	10uM	HT115	6h	LINCSCP_25043
LINCSCP_1815	0.8754984012	0.00981278881	7	Triazine Scaffold, 19	LSM-2920	NA	10uM	A375	6h	LINCSCP_1815
LINCSCP_84222	0.8754920246	0.009814010304	7	Rebastinib	LSM-6708	ABL1	1.11uM	ASC	24h	LINCSCP_84222
LINCSCP_163379	0.8754833637	0.009815669518	7	SB590885	LSM-42746	NA	10uM	SKBR3	3h	LINCSCP_163379
LINCSCP_127311	-0.8754555437	0.009821000228	7	CHIR-265	LSM-1207	BRAF|KDR	0.04uM	HT29	24h	LINCSCP_127311
LINCSCP_31681	0.8754532969	0.009821430825	7	MLS-0435432.0001	LSM-4242	NA	10uM	MCF7	24h	LINCSCP_31681
LINCSCP_82738	0.8754526445	0.009821555846	7	PD-0325901	LSM-1101	MAP2K1|MAP2K2	0.12uM	A549	24h	LINCSCP_82738
LINCSCP_138849	-0.8754274227	0.009826390312	7	GSK256066	LSM-45984	NA	0.37uM	MCF7	24h	LINCSCP_138849
LINCSCP_50549	-0.8753624476	0.00983885089	7	SCHEMBL3092652	LSM-6193	DPP4	10uM	PL21	6h	LINCSCP_50549
LINCSCP_77082	0.8753444765	0.009842298904	7	AVN-944	LSM-45510	NA	0.04uM	A375	24h	LINCSCP_77082
LINCSCP_244390	-0.8753029094	0.009850276814	7	Trimipramine	LSM-1371	ADRA1A|ADRA1B|ADRA1D|DRD2|HRH1|HTR2A|HTR2C|SLC6A2|SLC6A3|SLC6A4	10uM	MCF7	24h	LINCSCP_244390
LINCSCP_87763	0.8752566157	0.009859166254	7	SU 11274	LSM-42792	MET	0.12uM	HA1E	24h	LINCSCP_87763
LINCSCP_262284	0.8752337653	0.009863555769	7	SR57227A	LSM-2188	HTR3A	10uM	NPC	24h	LINCSCP_262284
LINCSCP_36402	0.8752276242	0.009864735659	7	IWR-1-ENDO	LSM-5707	TNKS|TNKS2	1uM	MCF7	6h	LINCSCP_36402
LINCSCP_239917	0.8752209443	0.009866019148	7	sorafenib	NA	BRAF|DDR2|FGFR1|FLT1|FLT3|FLT4|KDR|KIT|PDGFRB|RAF1|RET	10uM	MCF7	24h	LINCSCP_239917
LINCSCP_12431	0.8752157638	0.009867014609	7	Wortmannin	LSM-3947	PIK3CA|PIK3CG|PLK1	3uM	CD34	6h	LINCSCP_12431
LINCSCP_22398	0.8751923822	0.009871508233	7	Ispinesib	LSM-5732	KIF11	10uM	HEPG2	6h	LINCSCP_22398
LINCSCP_134979	0.8751611785	0.009877506991	7	Regorafenib	LSM-1226	ABL1|BRAF|DDR2|FGFR1|FGFR2|FLT1|FLT4|FRK|KDR|KIT|MAPK11|PDGFRA|PDGFRB|RAF1|RET|TEK	10uM	MCF7	24h	LINCSCP_134979
LINCSCP_116795	0.8751196012	0.009885503287	7	Gefitinib	LSM-1098	EGFR	1.11uM	HT29	24h	LINCSCP_116795
LINCSCP_115097	0.8750717502	0.009894710775	7	Neratinib	LSM-42778	EGFR|ERBB2|ERBB4	0.04uM	HS578T	3h	LINCSCP_115097
LINCSCP_83186	0.8750563212	0.009897680682	7	BMS-777607	LSM-1144	AXL|MERTK|MET|MST1R|TYRO3	0.12uM	ASC.C	24h	LINCSCP_83186
LINCSCP_29285	-0.8749907052	0.009910316715	7	Chaetocin	LSM-6198	SUV39H1	0.1uM	LOVO	6h	LINCSCP_29285
LINCSCP_146157	0.8749473385	0.009918673194	7	COT Inhibitor-2	LSM-1154	NA	10uM	MNEU.E	24h	LINCSCP_146157
LINCSCP_161059	-0.874935317	0.009920990372	7	NSI-189	LSM-45446	NA	0.04uM	PC3	24h	LINCSCP_161059
LINCSCP_21469	0.8749098366	0.00992590283	7	SPECTRUM2_000920	LSM-1590	NA	10uM	HEPG2	6h	LINCSCP_21469
LINCSCP_37245	0.8748396434	0.009939442863	7	MG-132	LSM-1107	PSMB1	10uM	MCF7	24h	LINCSCP_37245
LINCSCP_29376	0.8747811754	0.009950729263	7	Tyrphostin AG-1478	LSM-1224	EGFR	60uM	LOVO	6h	LINCSCP_29376
LINCSCP_285462	-0.8745907898	0.009987531581	7	LDN 193189	LSM-1115	ACVR1|BMPR1A	1uM	SKBR3	6h	LINCSCP_285462
LINCSCP_102848	0.8745386474	0.009997624574	7	ICI 162846	LSM-3484	NA	0.04uM	HELA	24h	LINCSCP_102848
LINCSCP_134501	-0.8745309381	0.009999117331	7	PIMAGEDINE HYDROCHLORIDE	LSM-45273	NA	3.33uM	MCF7	24h	LINCSCP_134501
LINCSCP_32571	0.8745308196	0.009999140287	7	AC1LUIBL	LSM-6693	NA	10uM	MCF7	24h	LINCSCP_32571
LINCSCP_71043	-0.8743762982	0.01002908747	7	Physostigmine	LSM-2558	ACHE	10uM	A375	24h	LINCSCP_71043
LINCSCP_132462	0.8743710992	0.01003009596	7	apigenin	LSM-5206	NA	10uM	MCF7	3h	LINCSCP_132462
LINCSCP_192014	0.8742956959	0.01004472916	7	Naproxol	LSM-2742	PTGS1|PTGS2	10uM	A549	6h	LINCSCP_192014
LINCSCP_171715	-0.8742897454	0.01004588448	7	Palbociclib	LSM-1071	CCND1|CDK4|CDK6	0.04uM	YAPC	24h	LINCSCP_171715
LINCSCP_131407	0.8742305711	0.01005737755	7	Selumetinib	LSM-1056	MAP2K1|MAP2K2	0.04uM	MCF10A	24h	LINCSCP_131407
LINCSCP_117184	0.8741903014	0.01006520323	7	BS-181	LSM-6305	NA	0.37uM	HT29	24h	LINCSCP_117184
LINCSCP_152001	0.8741788182	0.01006743542	7	BIX01294	LSM-4571	EHMT2	10uM	PC3	24h	LINCSCP_152001
LINCSCP_137364	-0.8741689773	0.01006934858	7	Mefloquine	LSM-5525	NA	10uM	MCF7	24h	LINCSCP_137364
LINCSCP_49916	0.8741422749	0.01007454087	7	MLS000583957	LSM-1763	NA	10uM	PHH	24h	LINCSCP_49916
LINCSCP_25835	0.8741347334	0.0100760076	7	179324-69-7	LSM-6281	ADRM1|PSMA1|PSMA2|PSMA3|PSMA4|PSMA5|PSMA6|PSMA7|PSMA8|PSMB1|PSMB10|PSMB11|PSMB2|PSMB3|PSMB4|PSMB5|PSMB6|PSMB7|PSMB8|PSMB9|PSMC1|PSMC2|PSMC3|PSMC4|PSMC5|PSMC6|PSMD1|PSMD11|PSMD12|PSMD13|PSMD14|PSMD2|PSMD3|PSMD4|PSMD6|PSMD7|PSMD8|SEM1	0.01uM	HT29	6h	LINCSCP_25835
LINCSCP_126702	-0.8740915648	0.01008440569	7	AZD2014	LSM-45472	MTOR	1.11uM	HT29	24h	LINCSCP_126702
LINCSCP_295588	0.874071427	0.01008832472	7	BRD-K36022244	LSM-39239	NA	10uM	VCAP	24h	LINCSCP_295588
LINCSCP_57667	0.8740274698	0.0100968823	7	ML228	LSM-2978	HIF1A	10uM	VCAP	6h	LINCSCP_57667
LINCSCP_116812	0.8739695953	0.01010815565	7	AS-605240	LSM-42784	PIK3CG	3.33uM	HT29	24h	LINCSCP_116812
LINCSCP_137693	0.8739674477	0.01010857412	7	MG-132	LSM-1107	PSMB1	20uM	MCF7	24h	LINCSCP_137693
LINCSCP_91896	-0.8739558736	0.01011082957	7	Hydroflumethiazide	LSM-5497	SLC12A1|SLC12A3	1.11uM	HA1E	24h	LINCSCP_91896
LINCSCP_162653	-0.8739203155	0.01011776056	7	Dihydroorotate Dehydrogenase Inhibitor, Brequinar	LSM-45952	NA	0.37uM	PC3	24h	LINCSCP_162653
LINCSCP_164322	0.8739194051	0.01011793805	7	Dacomitinib	LSM-42808	EGFR|ERBB2|ERBB3|ERBB4	1.11uM	SKL.C	24h	LINCSCP_164322
LINCSCP_27314	0.8739128444	0.01011921719	7	Bumetanide	LSM-2848	SLC12A1|SLC12A2	10uM	HT29	6h	LINCSCP_27314
LINCSCP_147663	-0.8739103915	0.01011969545	7	GSK-3 Inhibitor II	LSM-1030	GSK3B	0.12uM	NPC.CAS9	24h	LINCSCP_147663
LINCSCP_103539	0.8738997844	0.01012176374	7	LXR-623	LSM-45897	NR1H2|NR1H3	0.37uM	HELA	24h	LINCSCP_103539
LINCSCP_64122	-0.873873773	0.01012683678	7	BRD-K86578973	LSM-13731	NA	5uM	VCAP	6h	LINCSCP_64122
LINCSCP_102871	0.8738730822	0.01012697154	7	cucurbitacin-i	LSM-45610	NA	0.12uM	HELA	24h	LINCSCP_102871
LINCSCP_112810	-0.8738684908	0.01012786716	7	MLS006011051	LSM-42801	BRAF	0.12uM	HEPG2	24h	LINCSCP_112810
LINCSCP_22762	-0.8738610485	0.01012931899	7	Ceforanide	LSM-2838	NA	10uM	HEPG2	6h	LINCSCP_22762
LINCSCP_7889	0.8738145375	0.01013839505	7	CHEMBL2138962	LSM-40974	NA	10uM	A549	24h	LINCSCP_7889
LINCSCP_154181	-0.8737352397	0.01015387981	7	Racecadotril	LSM-1286	MME	0.04uM	PC3	24h	LINCSCP_154181
LINCSCP_122174	0.8737249249	0.01015589503	7	Lamivudine	LSM-5215	NA	0.12uM	HT29	24h	LINCSCP_122174
LINCSCP_74467	-0.8737084396	0.01015911623	7	Berberine	LSM-6553	NA	0.37uM	A375	24h	LINCSCP_74467
LINCSCP_6213	-0.8736917937	0.01016236943	7	N,N-Dimethyl-n'-{5-[(2-methyl-4-quinolyl)thio]-1,3,4-thiadiazol-2-yl}iminoformamide	LSM-4930	NA	10uM	A549	24h	LINCSCP_6213
LINCSCP_161072	0.8736687529	0.01016687343	7	Carbachol Chloride	LSM-5827	CHRM1|CHRM2|CHRM3|CHRNA2	10uM	PC3	24h	LINCSCP_161072
LINCSCP_164727	0.8736356128	0.01017335361	7	Mocetinostat	LSM-5344	HDAC1|HDAC11|HDAC2|HDAC3|HDAC8	0.37uM	SKL.C	24h	LINCSCP_164727
LINCSCP_250488	-0.8735388128	0.01019229542	7	MLS002699429	LSM-44942	NA	0.001uM	MCF7	24h	LINCSCP_250488
LINCSCP_159552	-0.8734618664	0.01020736676	7	Pimavanserin	LSM-45960	HTR2A	0.12uM	PC3	24h	LINCSCP_159552
LINCSCP_63457	-0.873429142	0.01021378032	7	CHEMBL3188678	LSM-12676	NA	5uM	VCAP	6h	LINCSCP_63457
LINCSCP_85806	-0.8733426174	0.01023074917	7	Alvocidib	LSM-1011	CDK1|CDK2|CDK4|CDK5|CDK6|CDK7|CDK8|CDK9|EGFR|PYGM	10uM	BT20	24h	LINCSCP_85806
LINCSCP_121841	-0.8732566667	0.01024762153	7	ACECAINIDE HYDROCHLORIDE	LSM-45665	NA	10uM	HT29	24h	LINCSCP_121841
LINCSCP_122374	0.8732266473	0.0102535182	7	179324-69-7	LSM-6281	ADRM1|PSMA1|PSMA2|PSMA3|PSMA4|PSMA5|PSMA6|PSMA7|PSMA8|PSMB1|PSMB10|PSMB11|PSMB2|PSMB3|PSMB4|PSMB5|PSMB6|PSMB7|PSMB8|PSMB9|PSMC1|PSMC2|PSMC3|PSMC4|PSMC5|PSMC6|PSMD1|PSMD11|PSMD12|PSMD13|PSMD14|PSMD2|PSMD3|PSMD4|PSMD6|PSMD7|PSMD8|SEM1	20uM	HT29	24h	LINCSCP_122374
LINCSCP_81358	0.8732238594	0.01025406593	7	Trametinib	LSM-1143	MAP2K1|MAP2K2	10uM	A549	24h	LINCSCP_81358
LINCSCP_309813	0.8732125671	0.01025628463	7	BRD-K79826210	LSM-41628	NA	30uM	VCAP	24h	LINCSCP_309813
LINCSCP_115007	-0.8731884547	0.01026102312	7	apigenin	LSM-5206	NA	0.12uM	HS578T	24h	LINCSCP_115007
LINCSCP_21522	0.8731707627	0.01026450073	7	AG-957	LSM-2807	ABL1|EGFR	10uM	HEPG2	6h	LINCSCP_21522
LINCSCP_10924	-0.87309942	0.01027853093	7	F1566-0341	LSM-4706	NA	10uM	ASC	24h	LINCSCP_10924
LINCSCP_116942	-0.8730743265	0.01028346843	7	Ipatasertib	LSM-6341	AKT1|AKT2|AKT3	3.33uM	HT29	24h	LINCSCP_116942
LINCSCP_82385	0.8730730658	0.01028371652	7	PD-0325901	LSM-1101	MAP2K1|MAP2K2	3.33uM	A549	24h	LINCSCP_82385
LINCSCP_251395	0.873019891	0.01029418408	7	AZD-6482	LSM-1059	PIK3CA|PIK3CB|PIK3CD|PIK3CG|PIK3R1|PIK3R2|PIK3R3|PIK3R5	10uM	MCF7	24h	LINCSCP_251395
LINCSCP_31403	0.8729638021	0.01030523191	7	MLS002548992	LSM-3673	NA	10uM	MCF7	24h	LINCSCP_31403
LINCSCP_58104	0.872960257	0.01030593041	7	Prednisolone 21-hemisuccinate	LSM-36396	NA	10uM	VCAP	24h	LINCSCP_58104
LINCSCP_6562	0.8729580039	0.01030637437	7	BCB03_000082	LSM-36632	NA	10uM	A549	6h	LINCSCP_6562
LINCSCP_244876	-0.8729181397	0.01031423107	7	Clarithromycin	LSM-5606	CYP3A4	10uM	MCF7	6h	LINCSCP_244876
LINCSCP_7881	-0.8728601819	0.01032565992	7	BRD-K65404805-001-01-6	LSM-6784	NA	10uM	A549	24h	LINCSCP_7881
LINCSCP_120218	0.8727794629	0.01034158925	7	179324-69-7	LSM-6281	ADRM1|PSMA1|PSMA2|PSMA3|PSMA4|PSMA5|PSMA6|PSMA7|PSMA8|PSMB1|PSMB10|PSMB11|PSMB2|PSMB3|PSMB4|PSMB5|PSMB6|PSMB7|PSMB8|PSMB9|PSMC1|PSMC2|PSMC3|PSMC4|PSMC5|PSMC6|PSMD1|PSMD11|PSMD12|PSMD13|PSMD14|PSMD2|PSMD3|PSMD4|PSMD6|PSMD7|PSMD8|SEM1	20uM	HT29	24h	LINCSCP_120218
LINCSCP_116459	0.8726950553	0.01035826164	7	WH-4-025	LSM-44937	NA	1.11uM	HT29	24h	LINCSCP_116459
LINCSCP_93219	0.872691171	0.01035902925	7	Benoxinate	LSM-2069	SCN10A|SCN11A|SCN1A|SCN2A|SCN3A|SCN4A|SCN5A|SCN7A|SCN8A|SCN9A	3.33uM	HA1E	24h	LINCSCP_93219
LINCSCP_282204	-0.8726754886	0.0103621287	7	13-Hydroxy-8,14,19-trimethoxy-4,10,12,16-tetramethyl-3,20,22-trioxo-2-azabicyclo[16.3.1]docosa-1(21),4,6,10,18-pentaen-9-yl carbamate	LSM-42815	HSP90AA1	10uM	PHH	24h	LINCSCP_282204
LINCSCP_112308	-0.8726489065	0.0103673836	7	(R)-(-)-Jq1 enantiomer	LSM-6333	NA	0.37uM	HEPG2	24h	LINCSCP_112308
LINCSCP_137688	0.8726406922	0.01036900774	7	MG-132	LSM-1107	PSMB1	20uM	MCF7	24h	LINCSCP_137688
LINCSCP_17680	0.8726382499	0.01036949067	7	CHEMBL1434137	LSM-6234	RARG	40uM	HCC15	6h	LINCSCP_17680
LINCSCP_39840	-0.8726263628	0.01037184135	7	PX 12	LSM-4918	TXN|TXNRD1	30uM	NCIH1694	6h	LINCSCP_39840
LINCSCP_60390	0.8726238374	0.01037234079	7	BRD-K51252203	LSM-7508	NA	5uM	VCAP	24h	LINCSCP_60390
LINCSCP_45540	0.8726102832	0.01037502158	7	DM-55-3	LSM-3831	NA	10uM	PC3	24h	LINCSCP_45540
LINCSCP_137073	0.8726060876	0.01037585148	7	179324-69-7	LSM-6281	ADRM1|PSMA1|PSMA2|PSMA3|PSMA4|PSMA5|PSMA6|PSMA7|PSMA8|PSMB1|PSMB10|PSMB11|PSMB2|PSMB3|PSMB4|PSMB5|PSMB6|PSMB7|PSMB8|PSMB9|PSMC1|PSMC2|PSMC3|PSMC4|PSMC5|PSMC6|PSMD1|PSMD11|PSMD12|PSMD13|PSMD14|PSMD2|PSMD3|PSMD4|PSMD6|PSMD7|PSMD8|SEM1	20uM	MCF7	24h	LINCSCP_137073
LINCSCP_122290	0.8725975154	0.0103775472	7	179324-69-7	LSM-6281	ADRM1|PSMA1|PSMA2|PSMA3|PSMA4|PSMA5|PSMA6|PSMA7|PSMA8|PSMB1|PSMB10|PSMB11|PSMB2|PSMB3|PSMB4|PSMB5|PSMB6|PSMB7|PSMB8|PSMB9|PSMC1|PSMC2|PSMC3|PSMC4|PSMC5|PSMC6|PSMD1|PSMD11|PSMD12|PSMD13|PSMD14|PSMD2|PSMD3|PSMD4|PSMD6|PSMD7|PSMD8|SEM1	20uM	HT29	24h	LINCSCP_122290
LINCSCP_124089	0.872495075	0.01039782392	7	179324-69-7	LSM-6281	ADRM1|PSMA1|PSMA2|PSMA3|PSMA4|PSMA5|PSMA6|PSMA7|PSMA8|PSMB1|PSMB10|PSMB11|PSMB2|PSMB3|PSMB4|PSMB5|PSMB6|PSMB7|PSMB8|PSMB9|PSMC1|PSMC2|PSMC3|PSMC4|PSMC5|PSMC6|PSMD1|PSMD11|PSMD12|PSMD13|PSMD14|PSMD2|PSMD3|PSMD4|PSMD6|PSMD7|PSMD8|SEM1	20uM	HT29	24h	LINCSCP_124089
LINCSCP_146871	0.8724594525	0.01040488026	7	BIX01294	LSM-4571	EHMT2	0.12uM	NEU	24h	LINCSCP_146871
LINCSCP_120577	0.8724335569	0.01041001156	7	179324-69-7	LSM-6281	ADRM1|PSMA1|PSMA2|PSMA3|PSMA4|PSMA5|PSMA6|PSMA7|PSMA8|PSMB1|PSMB10|PSMB11|PSMB2|PSMB3|PSMB4|PSMB5|PSMB6|PSMB7|PSMB8|PSMB9|PSMC1|PSMC2|PSMC3|PSMC4|PSMC5|PSMC6|PSMD1|PSMD11|PSMD12|PSMD13|PSMD14|PSMD2|PSMD3|PSMD4|PSMD6|PSMD7|PSMD8|SEM1	20uM	HT29	24h	LINCSCP_120577
LINCSCP_34449	0.87241424	0.01041384021	7	Thiostrepton	LSM-43142	FOXM1	10uM	MCF7	24h	LINCSCP_34449
LINCSCP_160159	-0.8723995562	0.01041675112	7	IOWH032	LSM-45258	NA	0.04uM	PC3	24h	LINCSCP_160159
LINCSCP_188939	0.8721850479	0.01045932851	7	CID 46937231	LSM-3033	NA	10uM	A549	24h	LINCSCP_188939
LINCSCP_15132	-0.8721573331	0.01046483687	7	KI8751	LSM-3040	KDR	10uM	HA1E	6h	LINCSCP_15132
LINCSCP_10026	0.872152736	0.01046575071	7	4LY1	LSM-6529	HDAC1|HDAC2	3.33uM	A549	24h	LINCSCP_10026
LINCSCP_84183	0.8721202346	0.01047221286	7	SCHEMBL17378613	LSM-5749	CSF1R	0.04uM	ASC	24h	LINCSCP_84183
LINCSCP_134295	0.8721110944	0.0104740306	7	WHI-P97	LSM-1033	JAK3	10uM	MCF7	24h	LINCSCP_134295
LINCSCP_112453	0.8721079933	0.01047464736	7	CHEMBL3347630	LSM-43292	NA	0.12uM	HEPG2	24h	LINCSCP_112453
LINCSCP_48318	0.8721063151	0.01047498114	7	BRD-K11742792	LSM-37871	NA	5uM	PC3	24h	LINCSCP_48318
LINCSCP_112123	-0.8720846531	0.01047929006	7	GSK 1059615	LSM-42799	PIK3CA|PIK3CB|PIK3CD|PIK3CG	1.11uM	HEPG2	24h	LINCSCP_112123
LINCSCP_227174	-0.8720249945	0.01049116237	7	Estriol	LSM-2368	ESR1|ESR2	10uM	HT29	6h	LINCSCP_227174
LINCSCP_83394	0.871945789	0.01050693658	7	IOX2	LSM-6339	NA	10uM	ASC.C	24h	LINCSCP_83394
LINCSCP_199028	-0.8718958099	0.0105168972	7	BRD-K51475868	LSM-40113	NA	5uM	A549	24h	LINCSCP_199028
LINCSCP_21124	0.8718260532	0.01053080849	7	SMR000075319	LSM-6371	KPNB1	60uM	HCT116	6h	LINCSCP_21124
LINCSCP_82386	0.8718113218	0.01053374766	7	PD-0325901	LSM-1101	MAP2K1|MAP2K2	1.11uM	A549	24h	LINCSCP_82386
LINCSCP_132010	-0.8717187998	0.01055221823	7	TGX 221	LSM-1172	PIK3CB	0.12uM	MCF7	24h	LINCSCP_132010
LINCSCP_82969	0.8716430367	0.01056735703	7	CHEMBL1673039	LSM-1093	LRRK2|MAPK7	1.11uM	ASC.C	24h	LINCSCP_82969
LINCSCP_137158	0.8716069836	0.01057456545	7	179324-69-7	LSM-6281	ADRM1|PSMA1|PSMA2|PSMA3|PSMA4|PSMA5|PSMA6|PSMA7|PSMA8|PSMB1|PSMB10|PSMB11|PSMB2|PSMB3|PSMB4|PSMB5|PSMB6|PSMB7|PSMB8|PSMB9|PSMC1|PSMC2|PSMC3|PSMC4|PSMC5|PSMC6|PSMD1|PSMD11|PSMD12|PSMD13|PSMD14|PSMD2|PSMD3|PSMD4|PSMD6|PSMD7|PSMD8|SEM1	20uM	MCF7	24h	LINCSCP_137158
LINCSCP_192919	0.8716066692	0.01057462832	7	Piperacetazine	LSM-2355	NA	10uM	A549	6h	LINCSCP_192919
LINCSCP_45534	0.8716017878	0.01057560452	7	ML179	LSM-3734	NA	10uM	PC3	24h	LINCSCP_45534
LINCSCP_28651	0.8715848538	0.01057899147	7	Apatinib Hydrochloride	LSM-4810	HDAC1|HDAC10|HDAC11|HDAC2|HDAC3|HDAC4|HDAC5|HDAC6|HDAC7|HDAC8|HDAC9	3.33uM	HT29	24h	LINCSCP_28651
LINCSCP_11281	0.8715792139	0.01058011963	7	Dextromethorphan	LSM-2726	GRIN2A|SIGMAR1|SLC6A4	10uM	ASC	24h	LINCSCP_11281
LINCSCP_117418	-0.871577523	0.01058045789	7	Epigalocatechin Gallate	LSM-5661	FASN	0.04uM	HT29	24h	LINCSCP_117418
LINCSCP_117126	-0.8715517753	0.01058560923	7	FR-180204	LSM-42790	MAPK1|MAPK3	0.04uM	HT29	24h	LINCSCP_117126
LINCSCP_3955	-0.8715407909	0.01058780734	7	CHEMBL2381524	LSM-44612	NA	10uM	A375	24h	LINCSCP_3955
LINCSCP_3584	-0.8714562946	0.0106047247	7	BRD-K52225919	LSM-11625	NA	10uM	A375	24h	LINCSCP_3584
LINCSCP_40930	-0.8713919727	0.01061761328	7	TORIN1	LSM-1079	MTOR	10uM	NEU	24h	LINCSCP_40930
LINCSCP_188029	0.8713844657	0.0106191181	7	Capsaicin	LSM-43180	TRPV1	100uM	A549	24h	LINCSCP_188029
LINCSCP_223791	0.8713419386	0.01062764516	7	Medetomidine	LSM-1722	ADRA2A|ADRA2B|ADRA2C	10uM	HT29	6h	LINCSCP_223791
LINCSCP_56269	0.8713131069	0.01063342841	7	Devazepide	LSM-2674	CCKAR	10uM	VCAP	24h	LINCSCP_56269
LINCSCP_22918	0.8712466028	0.01064677514	7	Pfmrk inhibitor, wr 216174	LSM-42921	NA	10uM	HEPG2	6h	LINCSCP_22918
LINCSCP_12735	0.8710922112	0.01067779721	7	179324-69-7	LSM-6281	ADRM1|PSMA1|PSMA2|PSMA3|PSMA4|PSMA5|PSMA6|PSMA7|PSMA8|PSMB1|PSMB10|PSMB11|PSMB2|PSMB3|PSMB4|PSMB5|PSMB6|PSMB7|PSMB8|PSMB9|PSMC1|PSMC2|PSMC3|PSMC4|PSMC5|PSMC6|PSMD1|PSMD11|PSMD12|PSMD13|PSMD14|PSMD2|PSMD3|PSMD4|PSMD6|PSMD7|PSMD8|SEM1	0.01uM	COV644	6h	LINCSCP_12735
LINCSCP_103681	-0.8710598226	0.01068431169	7	GSK-1070916	LSM-1062	AURKB|AURKC	1.11uM	HELA	24h	LINCSCP_103681
LINCSCP_17814	0.871030084	0.01069029515	7	STK178014	LSM-43108	NA	50uM	HCC15	6h	LINCSCP_17814
LINCSCP_5788	-0.871021798	0.01069196265	7	Perospirone	LSM-5912	DRD2|HTR2A	10uM	A549	24h	LINCSCP_5788
LINCSCP_151181	-0.8709757572	0.01070123081	7	Pictilisib	LSM-1047	PIK3CA|PIK3CB|PIK3CD|PIK3CG|PIK3R1|PIK3R2|PIK3R3|PIK3R5	0.12uM	PC3	24h	LINCSCP_151181
LINCSCP_64448	-0.8709438061	0.01070766536	7	BRD-K79797751	LSM-41627	NA	5uM	VCAP	6h	LINCSCP_64448
LINCSCP_17026	-0.8709198296	0.0107124954	7	Theophylline	LSM-6010	ADORA1|ADORA2A|ADORA2B|ADORA3|PDE3A|PDE4A|PDE4B	10uM	HA1E	6h	LINCSCP_17026
LINCSCP_132030	0.8708990637	0.01071667968	7	TORIN-2	LSM-1080	MTOR	10uM	MCF7	24h	LINCSCP_132030
LINCSCP_291641	-0.8708833476	0.01071984706	7	Pifithrin	LSM-3485	TP53	70uM	VCAP	24h	LINCSCP_291641
LINCSCP_8121	0.8708605178	0.01072444907	7	BRD-K23607904	LSM-38557	NA	5uM	A549	24h	LINCSCP_8121
LINCSCP_17059	-0.8708283142	0.01073094259	7	Actinomycin-D	LSM-36885	NA	10uM	HA1E	6h	LINCSCP_17059
LINCSCP_145483	0.8708061915	0.01073540471	7	AZD-5438	LSM-1159	CDK1|CDK10|CDK11B|CDK12|CDK13|CDK14|CDK15|CDK16|CDK17|CDK18|CDK19|CDK2|CDK20|CDK3|CDK4|CDK5|CDK6|CDK7|CDK8|CDK9	0.04uM	MDAMB231	24h	LINCSCP_145483
LINCSCP_71564	-0.8707664846	0.0107434162	7	Bendamustine HCl	LSM-45554	NA	10uM	A375	24h	LINCSCP_71564
LINCSCP_39616	-0.8706546988	0.01076598924	7	Gefitinib	LSM-1098	EGFR	1uM	MDAMB231	6h	LINCSCP_39616
LINCSCP_51806	0.8705634522	0.01078443495	7	SCHEMBL570779	LSM-1149	NA	10uM	SKBR3	24h	LINCSCP_51806
LINCSCP_25330	0.8704144003	0.01081460524	7	RX821002	LSM-1714	ADRA2A|ADRA2B|ADRA2C	10uM	HT29	6h	LINCSCP_25330
LINCSCP_35727	0.8703613746	0.01082535012	7	Withaferin A	LSM-6685	IKBKB|NAMPT	3uM	MCF7	24h	LINCSCP_35727
LINCSCP_146550	0.8703469863	0.01082826674	7	BMS-777607	LSM-1144	AXL|MERTK|MET|MST1R|TYRO3	3.33uM	NEU	24h	LINCSCP_146550
LINCSCP_38684	0.8703337575	0.01083094874	7	Avrainvillamide-analog-6	LSM-37107	NA	10uM	MCF7	24h	LINCSCP_38684
LINCSCP_121659	0.8703121635	0.01083532749	7	179324-69-7	LSM-6281	ADRM1|PSMA1|PSMA2|PSMA3|PSMA4|PSMA5|PSMA6|PSMA7|PSMA8|PSMB1|PSMB10|PSMB11|PSMB2|PSMB3|PSMB4|PSMB5|PSMB6|PSMB7|PSMB8|PSMB9|PSMC1|PSMC2|PSMC3|PSMC4|PSMC5|PSMC6|PSMD1|PSMD11|PSMD12|PSMD13|PSMD14|PSMD2|PSMD3|PSMD4|PSMD6|PSMD7|PSMD8|SEM1	20uM	HT29	24h	LINCSCP_121659
LINCSCP_222994	0.8702054998	0.01085697137	7	CHEMBL416418	LSM-6211	ASAH1|UGCG	60uM	HT115	6h	LINCSCP_222994
LINCSCP_84223	0.8701653974	0.01086511524	7	Rebastinib	LSM-6708	ABL1	0.37uM	ASC	24h	LINCSCP_84223
LINCSCP_131991	0.870158918	0.01086643139	7	Buparlisib	LSM-1148	PIK3CA|PIK3CB|PIK3CD|PIK3CG|PIK3R1|PIK3R2|PIK3R3|PIK3R5	0.37uM	MCF7	24h	LINCSCP_131991
LINCSCP_152253	-0.8701236483	0.01087359725	7	GW-5074	LSM-42779	RAF1	1.11uM	PC3	24h	LINCSCP_152253
LINCSCP_42210	0.8701116911	0.01087602727	7	SPOX1_002925	LSM-4769	NA	10uM	NPC	24h	LINCSCP_42210
LINCSCP_47356	0.8700771307	0.01088305257	7	Beclomethasone Dipropionate	LSM-4209	NR3C1	10uM	PC3	24h	LINCSCP_47356
LINCSCP_62838	0.8700238814	0.01089388198	7	BRD-K29636459	LSM-10226	NA	5uM	VCAP	6h	LINCSCP_62838
LINCSCP_22068	0.8700152728	0.0108956333	7	MLS002607703	LSM-3242	NA	10uM	HEPG2	6h	LINCSCP_22068
LINCSCP_74909	-0.8700087165	0.01089696721	7	omeprazole	LSM-45749	NA	0.37uM	A375	24h	LINCSCP_74909
LINCSCP_33411	0.8699897533	0.01090082592	7	Purmorphamine	LSM-3649	SMO	10uM	MCF7	24h	LINCSCP_33411
LINCSCP_122377	0.869950875	0.01090873948	7	179324-69-7	LSM-6281	ADRM1|PSMA1|PSMA2|PSMA3|PSMA4|PSMA5|PSMA6|PSMA7|PSMA8|PSMB1|PSMB10|PSMB11|PSMB2|PSMB3|PSMB4|PSMB5|PSMB6|PSMB7|PSMB8|PSMB9|PSMC1|PSMC2|PSMC3|PSMC4|PSMC5|PSMC6|PSMD1|PSMD11|PSMD12|PSMD13|PSMD14|PSMD2|PSMD3|PSMD4|PSMD6|PSMD7|PSMD8|SEM1	20uM	HT29	24h	LINCSCP_122377
LINCSCP_98612	-0.869931646	0.01091265471	7	9-Epiquinine	LSM-6020	SCN5A	10uM	HA1E	24h	LINCSCP_98612
LINCSCP_11704	-0.8699236786	0.01091427718	7	SCHEMBL1564574	LSM-1006	CHEK1|CHEK2	0.5uM	BT20	24h	LINCSCP_11704
LINCSCP_106135	0.869826005	0.01093417874	7	SPECTRUM_000224	LSM-1905	NA	0.12uM	HELA	24h	LINCSCP_106135
LINCSCP_40030	-0.8697578131	0.01094808557	7	AG 14361	LSM-1988	PARP1	20uM	NCIH2073	6h	LINCSCP_40030
LINCSCP_129386	0.8697374939	0.01095223137	7	Amuvatinib	LSM-1118	FLT3|KIT|MET|PDGFRA	3.33uM	JURKAT	24h	LINCSCP_129386
LINCSCP_155286	-0.8697336141	0.01095302308	7	Hydroflumethiazide	LSM-5497	SLC12A1|SLC12A3	0.37uM	PC3	24h	LINCSCP_155286
LINCSCP_25203	-0.8697228956	0.01095521047	7	Triciribine	LSM-3810	AKT1|AKT2|AKT3	10uM	HT29	6h	LINCSCP_25203
LINCSCP_17670	-0.8697003356	0.01095981524	7	MST-312	LSM-6230	TERT	10uM	HCC15	6h	LINCSCP_17670
LINCSCP_141977	0.8695991841	0.01098047521	7	Neratinib	LSM-42778	EGFR|ERBB2|ERBB4	10uM	MCF7	24h	LINCSCP_141977
LINCSCP_149427	-0.8695274835	0.01099513343	7	TIE2 Kinase Inhibitor	LSM-1194	NA	10uM	NPC	24h	LINCSCP_149427
LINCSCP_152246	-0.8695022911	0.01100028635	7	MLN-8054	LSM-1066	AURKA	3.33uM	PC3	24h	LINCSCP_152246
LINCSCP_148512	0.8694721279	0.01100645783	7	AZ628	LSM-1050	BRAF|RAF1	0.37uM	NPC	24h	LINCSCP_148512
LINCSCP_65664	-0.8694399449	0.01101304477	7	BRD-K56621049	LSM-40378	NA	10uM	VCAP	24h	LINCSCP_65664
LINCSCP_51092	-0.869396683	0.0110219028	7	916985-21-2	LSM-4790	NA	10uM	RMUGS	6h	LINCSCP_51092
LINCSCP_154163	-0.8693742608	0.01102649545	7	GSK 525762A	LSM-6334	NA	0.04uM	PC3	24h	LINCSCP_154163
LINCSCP_115139	-0.8692549421	0.01105095348	7	Vemurafenib	LSM-1068	BRAF	0.04uM	HS578T	3h	LINCSCP_115139
LINCSCP_9039	0.8692461315	0.01105276072	7	BRD-K44242139	LSM-39708	NA	10uM	A549	24h	LINCSCP_9039
LINCSCP_58365	0.8692442455	0.0110531476	7	BRD-K36767861	LSM-6107	NA	10uM	VCAP	24h	LINCSCP_58365
LINCSCP_56501	0.8692392966	0.01105416282	7	Budesonide	LSM-1472	NR3C1	10uM	VCAP	6h	LINCSCP_56501
LINCSCP_18213	-0.8691821691	0.01106588585	7	ST-91	LSM-2419	NA	10uM	HCC515	24h	LINCSCP_18213
LINCSCP_16681	0.8691803162	0.01106626619	7	MLS003179190	LSM-3441	CASP3	10uM	HA1E	6h	LINCSCP_16681
LINCSCP_224472	0.8691699336	0.0110683976	7	SMR000043984	LSM-1798	NA	10uM	HT29	6h	LINCSCP_224472
LINCSCP_153350	0.869151631	0.01107215543	7	Phensuximide	LSM-1359	CACNA1G|CACNA1H|CACNA1I	1.11uM	PC3	24h	LINCSCP_153350
LINCSCP_8575	-0.8690575062	0.01109149248	7	CHEMBL2359168	LSM-13718	NA	5uM	A549	24h	LINCSCP_8575
LINCSCP_15774	0.8690303151	0.01109708225	7	AC1MCK4M	LSM-3199	NA	10uM	HA1E	24h	LINCSCP_15774
LINCSCP_55243	-0.8689992394	0.01110347256	7	Vorinostat	LSM-3828	HDAC1|HDAC2|HDAC3|HDAC6|HDAC8	10uM	TYKNU	6h	LINCSCP_55243
LINCSCP_138515	0.8689720693	0.01110906148	7	179324-69-7	LSM-6281	ADRM1|PSMA1|PSMA2|PSMA3|PSMA4|PSMA5|PSMA6|PSMA7|PSMA8|PSMB1|PSMB10|PSMB11|PSMB2|PSMB3|PSMB4|PSMB5|PSMB6|PSMB7|PSMB8|PSMB9|PSMC1|PSMC2|PSMC3|PSMC4|PSMC5|PSMC6|PSMD1|PSMD11|PSMD12|PSMD13|PSMD14|PSMD2|PSMD3|PSMD4|PSMD6|PSMD7|PSMD8|SEM1	20uM	MCF7	24h	LINCSCP_138515
LINCSCP_138594	0.868848782	0.01113444209	7	179324-69-7	LSM-6281	ADRM1|PSMA1|PSMA2|PSMA3|PSMA4|PSMA5|PSMA6|PSMA7|PSMA8|PSMB1|PSMB10|PSMB11|PSMB2|PSMB3|PSMB4|PSMB5|PSMB6|PSMB7|PSMB8|PSMB9|PSMC1|PSMC2|PSMC3|PSMC4|PSMC5|PSMC6|PSMD1|PSMD11|PSMD12|PSMD13|PSMD14|PSMD2|PSMD3|PSMD4|PSMD6|PSMD7|PSMD8|SEM1	20uM	MCF7	24h	LINCSCP_138594
LINCSCP_121494	0.8687586898	0.01115301003	7	Carfilzomib (PR-171)	LSM-45547	ADRM1|PSMA1|PSMA2|PSMA3|PSMA4|PSMA5|PSMA6|PSMA7|PSMA8|PSMB1|PSMB10|PSMB11|PSMB2|PSMB3|PSMB4|PSMB5|PSMB6|PSMB7|PSMB8|PSMB9|PSMC1|PSMC2|PSMC3|PSMC4|PSMC5|PSMC6|PSMD1|PSMD11|PSMD12|PSMD13|PSMD14|PSMD2|PSMD3|PSMD4|PSMD6|PSMD7|PSMD8|SEM1	3.33uM	HT29	24h	LINCSCP_121494
LINCSCP_7000	-0.8687513446	0.01115452465	7	THR1 Inhibitor, 2	LSM-1445	BTK	10uM	A549	24h	LINCSCP_7000
LINCSCP_17946	-0.8687482761	0.01115515744	7	201038-74-6	LSM-2529	HTR7	10uM	HCC515	24h	LINCSCP_17946
LINCSCP_112145	-0.868678361	0.01116958075	7	MLN-0128	LSM-1206	MTOR	10uM	HEPG2	24h	LINCSCP_112145
LINCSCP_69472	-0.8685344978	0.01119929305	7	Canertinib	LSM-1120	EGFR|ERBB2|ERBB4	1.11uM	A375	24h	LINCSCP_69472
LINCSCP_146402	0.8684774008	0.01121109798	7	SGI-1776	LSM-6307	PIM1|PIM2|PIM3	0.37uM	NEU	24h	LINCSCP_146402
LINCSCP_54433	0.868474963	0.01121160216	7	Fumonisin-B1	LSM-6190	CERS1	100uM	SW948	6h	LINCSCP_54433
LINCSCP_11345	0.8684516264	0.01121642923	7	AM 251	LSM-4057	CNR1	10uM	ASC	24h	LINCSCP_11345
LINCSCP_122737	0.8684126432	0.01122449539	7	179324-69-7	LSM-6281	ADRM1|PSMA1|PSMA2|PSMA3|PSMA4|PSMA5|PSMA6|PSMA7|PSMA8|PSMB1|PSMB10|PSMB11|PSMB2|PSMB3|PSMB4|PSMB5|PSMB6|PSMB7|PSMB8|PSMB9|PSMC1|PSMC2|PSMC3|PSMC4|PSMC5|PSMC6|PSMD1|PSMD11|PSMD12|PSMD13|PSMD14|PSMD2|PSMD3|PSMD4|PSMD6|PSMD7|PSMD8|SEM1	20uM	HT29	24h	LINCSCP_122737
LINCSCP_117759	0.8683685761	0.01123361751	7	Alectinib	LSM-1202	ALK|RET	10uM	HT29	24h	LINCSCP_117759
LINCSCP_147033	-0.8683536611	0.01123670594	7	NCGC00346967-01	LSM-6297	EPHB3	1.11uM	NEU	24h	LINCSCP_147033
LINCSCP_111527	0.8682748099	0.01125304175	7	Momelotinib	LSM-1141	JAK1|JAK2	0.12uM	HEPG2	24h	LINCSCP_111527
LINCSCP_50765	-0.8680756085	0.01129437155	7	Gly-Gly-Palo	LSM-6223	NA	80uM	RKO	6h	LINCSCP_50765
LINCSCP_71403	-0.8680540848	0.01129884244	7	Ropinirole	LSM-2351	DRD2|DRD3|DRD4	10uM	A375	24h	LINCSCP_71403
LINCSCP_294368	-0.8680154819	0.01130686357	7	NSC217091	LSM-44943	NA	10uM	VCAP	24h	LINCSCP_294368
LINCSCP_50382	-0.8679345245	0.01132369597	7	CHEMBL2143628	LSM-6855	NA	10uM	PHH	24h	LINCSCP_50382
LINCSCP_162654	-0.867876501	0.01133576889	7	Dihydroorotate Dehydrogenase Inhibitor, Brequinar	LSM-45952	NA	0.12uM	PC3	24h	LINCSCP_162654
LINCSCP_47969	-0.8678651894	0.01133812335	7	Famciclovir	LSM-2990	NA	10uM	PC3	6h	LINCSCP_47969
LINCSCP_83187	0.8678345135	0.01134450982	7	BMS-777607	LSM-1144	AXL|MERTK|MET|MST1R|TYRO3	0.04uM	ASC.C	24h	LINCSCP_83187
LINCSCP_152994	-0.8678061267	0.01135042155	7	Disopyramide	LSM-1439	SCN10A|SCN11A|SCN1A|SCN2A|SCN3A|SCN4A|SCN5A|SCN7A|SCN8A|SCN9A	0.04uM	PC3	24h	LINCSCP_152994
LINCSCP_163749	0.8677967746	0.01135236958	7	Selumetinib	LSM-1056	MAP2K1|MAP2K2	10uM	SKBR3	24h	LINCSCP_163749
LINCSCP_25246	0.8677729705	0.01135732878	7	Cercosporin	LSM-1808	NA	10uM	HT29	24h	LINCSCP_25246
LINCSCP_192412	-0.86773578	0.01136507933	7	GR-89696	LSM-1919	OPRK1	10uM	A549	6h	LINCSCP_192412
LINCSCP_171942	0.8677340098	0.01136544832	7	DMP 777	LSM-45678	NA	10uM	YAPC	24h	LINCSCP_171942
LINCSCP_109178	0.8677185873	0.01136866333	7	Ibrutinib (PCI-32765)	LSM-45830	BTK	0.04uM	HELA	24h	LINCSCP_109178
LINCSCP_112571	-0.8677133735	0.01136975034	7	AZ20	LSM-36357	NA	1.11uM	HEPG2	24h	LINCSCP_112571
LINCSCP_119247	0.8677102035	0.01137041127	7	Saracatinib	LSM-1032	ABL1|SRC	3.33uM	HT29	24h	LINCSCP_119247
LINCSCP_98491	-0.8676598615	0.01138091028	7	Betahistine	LSM-4044	HRH1|HRH3	0.04uM	HA1E	24h	LINCSCP_98491
LINCSCP_180438	-0.867604658	0.01139242957	7	MLS000562366	LSM-4845	NA	10uM	A375	6h	LINCSCP_180438
LINCSCP_33651	-0.8675753656	0.01139854471	7	SSR 69071	LSM-3634	ELANE	10uM	MCF7	24h	LINCSCP_33651
LINCSCP_5065	0.8675632027	0.01140108444	7	KUC103428N	LSM-1833	NFE2	10uM	A549	6h	LINCSCP_5065
LINCSCP_116967	-0.8675129501	0.01141158103	7	PF-04217903	LSM-1166	MET	1.11uM	HT29	24h	LINCSCP_116967
LINCSCP_115853	-0.8675007049	0.0114141396	7	BMS-345541	LSM-1028	IKBKB	3.33uM	HS578T	3h	LINCSCP_115853
LINCSCP_23265	0.8674837341	0.01141768612	7	MLS000589843	LSM-43120	NA	10uM	HEPG2	6h	LINCSCP_23265
LINCSCP_87058	-0.8674683497	0.01142090165	7	Epigalocatechin Gallate	LSM-5661	FASN	10uM	CD34	24h	LINCSCP_87058
LINCSCP_68633	0.8674667565	0.01142123468	7	Wortmannin	LSM-3947	PIK3CA|PIK3CG|PLK1	10uM	VCAP	6h	LINCSCP_68633
LINCSCP_141197	0.8674636483	0.0114218844	7	MG-132	LSM-1107	PSMB1	20uM	MCF7	24h	LINCSCP_141197
LINCSCP_20200	0.8674271704	0.01142951121	7	CID 6167421	LSM-44973	NA	10uM	HCC515	6h	LINCSCP_20200
LINCSCP_56542	0.8674121424	0.01143265412	7	Prochlorperazine	LSM-2436	DRD2	10uM	VCAP	6h	LINCSCP_56542
LINCSCP_16168	-0.8674058526	0.0114339697	7	MLS-0435432.0001	LSM-4242	NA	10uM	HA1E	6h	LINCSCP_16168
LINCSCP_69611	0.8673294565	0.01144995565	7	Gefitinib	LSM-1098	EGFR	0.37uM	A375	24h	LINCSCP_69611
LINCSCP_125651	-0.867326152	0.01145064743	7	GDC-0068	LSM-45747	NA	3.33uM	HT29	24h	LINCSCP_125651
LINCSCP_87554	-0.867294513	0.0114572719	7	Olaparib	LSM-1145	PARP1|PARP2|PARP3	0.37uM	CD34	24h	LINCSCP_87554
LINCSCP_48541	0.8672254505	0.01147173967	7	BRD-K54335715	LSM-40248	NA	10uM	PC3	24h	LINCSCP_48541
LINCSCP_130740	0.8671840337	0.011480421	7	WH-4-025	LSM-44937	NA	3.33uM	MCF10A	24h	LINCSCP_130740
LINCSCP_138648	0.8671044229	0.01149711876	7	Cefoperazone	LSM-15520	NA	10uM	MCF7	24h	LINCSCP_138648
LINCSCP_125843	-0.8670652579	0.01150533845	7	MK-2206	LSM-1057	AKT1|AKT2|AKT3	3.33uM	HT29	24h	LINCSCP_125843
LINCSCP_134866	0.8670224293	0.01151433087	7	Papaverine	LSM-2338	PDE10A	10uM	MCF7	24h	LINCSCP_134866
LINCSCP_294917	0.8669882904	0.01152150169	7	AO-343/41780842	LSM-6674	NA	10uM	VCAP	24h	LINCSCP_294917
LINCSCP_63598	-0.8669860291	0.01152197676	7	CHEMBL3186769	LSM-11083	NA	5uM	VCAP	6h	LINCSCP_63598
LINCSCP_12938	-0.8669491576	0.01152972462	7	Cytochalasin B	LSM-43278	ACTB	10uM	EFO27	6h	LINCSCP_12938
LINCSCP_26238	0.8669484666	0.01152986983	7	CID 67066889	LSM-3488	NA	10uM	HT29	6h	LINCSCP_26238
LINCSCP_118589	0.8669189114	0.01153608251	7	Bosutinib	LSM-1190	ABL1|BCR|CAMK2G|HCK|LYN|SRC	1.11uM	HT29	24h	LINCSCP_118589
LINCSCP_49424	-0.8668782494	0.01154463303	7	Hydroxyl	LSM-44628	NA	0.5uM	PC3	6h	LINCSCP_49424
LINCSCP_152094	0.8668387601	0.01155294044	7	Decitabine	LSM-5855	DNMT1|DNMT3A	0.37uM	PC3	24h	LINCSCP_152094
LINCSCP_152344	-0.866810547	0.01155887775	7	CHEMBL1950303	LSM-1058	NA	0.37uM	PC3	24h	LINCSCP_152344
LINCSCP_70619	-0.8667837558	0.01156451747	7	CC-401	LSM-1186	NA	0.04uM	A375	24h	LINCSCP_70619
LINCSCP_116676	0.8667407889	0.01157356558	7	Dasatinib	LSM-1020	ABL1|BCR|BLK|EPHA2|FGR|FRK|FYN|HCK|KIT|LCK|LYN|PDGFRB|SRC|SRMS|YES1	0.37uM	HT29	24h	LINCSCP_116676
LINCSCP_95538	0.8667222581	0.01157746909	7	benproperine	LSM-45733	NA	0.12uM	HA1E	24h	LINCSCP_95538
LINCSCP_32302	0.8667051004	0.01158108406	7	Pyroxamide	LSM-4534	NA	10uM	MCF7	6h	LINCSCP_32302
LINCSCP_9643	0.8666242812	0.01159812057	7	Withaferin A	LSM-6685	IKBKB|NAMPT	1uM	A549	6h	LINCSCP_9643
LINCSCP_34709	-0.8665572575	0.01161225991	7	Ibudilast	LSM-2357	MIF|PDE10A|PDE3A|PDE4A|PDE4B|PDE4C|PDE4D|TLR4	10uM	MCF7	6h	LINCSCP_34709
LINCSCP_153408	-0.8664915167	0.01162613825	7	BUDIPINE	LSM-45817	NA	10uM	PC3	24h	LINCSCP_153408
LINCSCP_67101	0.8664119506	0.01164294794	7	Vorinostat	LSM-3828	HDAC1|HDAC2|HDAC3|HDAC6|HDAC8	10uM	HT29	6h	LINCSCP_67101
LINCSCP_79143	0.8663651023	0.01165285195	7	Probucol	LSM-3617	ABCA1	1.11uM	A375	24h	LINCSCP_79143
LINCSCP_24093	0.8663616525	0.01165358146	7	Nilotinib	LSM-1099	ABL1|BCR|KIT	10uM	HEPG2	24h	LINCSCP_24093
LINCSCP_135536	0.8663303112	0.01166021014	7	Oprozomib (ONX 0912)	LSM-45496	NA	10uM	MCF7	24h	LINCSCP_135536
LINCSCP_16433	-0.8662604836	0.01167498645	7	AC1NAR46	LSM-4866	NA	10uM	HA1E	6h	LINCSCP_16433
LINCSCP_25252	0.8662512943	0.01167693179	7	Dubinidine	LSM-1971	NA	10uM	HT29	24h	LINCSCP_25252
LINCSCP_111235	0.8661987176	0.01168806579	7	Vemurafenib	LSM-1068	BRAF	10uM	HEPG2	24h	LINCSCP_111235
LINCSCP_121573	0.8661982232	0.01168817051	7	179324-69-7	LSM-6281	ADRM1|PSMA1|PSMA2|PSMA3|PSMA4|PSMA5|PSMA6|PSMA7|PSMA8|PSMB1|PSMB10|PSMB11|PSMB2|PSMB3|PSMB4|PSMB5|PSMB6|PSMB7|PSMB8|PSMB9|PSMC1|PSMC2|PSMC3|PSMC4|PSMC5|PSMC6|PSMD1|PSMD11|PSMD12|PSMD13|PSMD14|PSMD2|PSMD3|PSMD4|PSMD6|PSMD7|PSMD8|SEM1	20uM	HT29	24h	LINCSCP_121573
LINCSCP_286502	0.8661615073	0.01169594936	7	CHEMBL416418	LSM-6211	ASAH1|UGCG	60uM	SNGM	6h	LINCSCP_286502
LINCSCP_28615	0.8661328888	0.01170201471	7	SCHEMBL12410954	LSM-37026	NA	10uM	HT29	24h	LINCSCP_28615
LINCSCP_22798	-0.8661053519	0.01170785254	7	Haematoxylone, Tetramethyl-	LSM-3804	NA	10uM	HEPG2	6h	LINCSCP_22798
LINCSCP_4898	-0.8660800988	0.01171320766	7	CID755673	LSM-2050	NA	10uM	A549	24h	LINCSCP_4898
LINCSCP_29172	0.8660259137	0.0117247028	7	Neratinib	LSM-42778	EGFR|ERBB2|ERBB4	10uM	JHUEM2	6h	LINCSCP_29172
LINCSCP_144170	0.8660126913	0.01172750885	7	MG-132	LSM-1107	PSMB1	20uM	MCF7	24h	LINCSCP_144170
LINCSCP_98976	-0.8659427128	0.01174236611	7	Rupatadine Fumarate	LSM-45384	NA	0.12uM	HA1E	24h	LINCSCP_98976
LINCSCP_1240	0.8658694081	0.01175794115	7	AC1LDJYQ	LSM-3928	NA	10uM	A375	24h	LINCSCP_1240
LINCSCP_44991	-0.8658553434	0.01176093082	7	SMR000651449	LSM-3511	NA	10uM	PC3	24h	LINCSCP_44991
LINCSCP_39647	-0.8658352697	0.01176519858	7	SAR245409	LSM-1174	NA	1uM	MDAMB231	6h	LINCSCP_39647
LINCSCP_74227	-0.865802057	0.01177226167	7	NUTLIN 3	LSM-4288	MDM2	1.11uM	A375	24h	LINCSCP_74227
LINCSCP_8493	-0.8657924428	0.01177430671	7	BRD-K41539131	LSM-10949	NA	5uM	A549	24h	LINCSCP_8493
LINCSCP_125503	-0.8657332771	0.01178689633	7	Decitabine	LSM-5855	DNMT1|DNMT3A	0.37uM	HT29	24h	LINCSCP_125503
LINCSCP_62895	0.8657087724	0.01179211284	7	BRD-K55194575	LSM-11773	NA	5uM	VCAP	24h	LINCSCP_62895
LINCSCP_83254	-0.8656837336	0.01179744442	7	GSK-3 Inhibitor II	LSM-1030	GSK3B	10uM	ASC.C	24h	LINCSCP_83254
LINCSCP_67272	0.8656528536	0.01180402169	7	Trichostatin A, Streptomyces Sp.	LSM-42814	HDAC1|HDAC10|HDAC3|HDAC4|HDAC6|HDAC7|HDAC8	10uM	MCF7	6h	LINCSCP_67272
LINCSCP_65175	0.8656279357	0.0118093306	7	BRD-K69236395	LSM-41037	NA	10uM	VCAP	6h	LINCSCP_65175
LINCSCP_7112	-0.86562179	0.0118106402	7	SB-218078	LSM-1274	CHEK1	10uM	A549	6h	LINCSCP_7112
LINCSCP_51894	-0.8655885807	0.01181771822	7	FR-180204	LSM-42790	MAPK1|MAPK3	1uM	SKBR3	24h	LINCSCP_51894
LINCSCP_148708	0.8655816386	0.01181919812	7	PD-0325901	LSM-1101	MAP2K1|MAP2K2	0.04uM	NPC	24h	LINCSCP_148708
LINCSCP_93771	0.865535	0.01182914321	7	Ketorolac	LSM-1526	PTGS1|PTGS2	0.37uM	HA1E	24h	LINCSCP_93771
LINCSCP_57309	0.8655322865	0.01182972197	7	CHEMBL1555451	LSM-3423	NA	10uM	VCAP	24h	LINCSCP_57309
LINCSCP_42157	0.8655099364	0.01183448968	7	ML228	LSM-2978	HIF1A	10uM	NPC	24h	LINCSCP_42157
LINCSCP_145178	0.8654639546	0.01184430196	7	CI-1040	LSM-1048	MAP2K1|MAP2K2	0.04uM	MDAMB231	3h	LINCSCP_145178
LINCSCP_55559	0.8651525054	0.01191088652	7	pyrvinium-pamoate	NA	AR	10uM	U937	6h	LINCSCP_55559
LINCSCP_108532	0.865151954	0.0119110046	7	Radezolid	LSM-45296	NA	0.04uM	HELA	24h	LINCSCP_108532
LINCSCP_125332	0.8651098173	0.01192002949	7	MG-132	LSM-1107	PSMB1	20uM	HT29	24h	LINCSCP_125332
LINCSCP_115547	-0.8651077299	0.01192047667	7	PHA-793887	LSM-1073	CDK1|CDK10|CDK11B|CDK12|CDK13|CDK14|CDK15|CDK16|CDK17|CDK18|CDK19|CDK2|CDK20|CDK3|CDK4|CDK5|CDK6|CDK7|CDK8|CDK9	0.04uM	HS578T	24h	LINCSCP_115547
LINCSCP_21988	0.8650382217	0.01193537293	7	5-Nonyloxytryptamine	LSM-20005	NA	10uM	HEPG2	6h	LINCSCP_21988
LINCSCP_163834	-0.864990328	0.01194564322	7	AZD-8055	LSM-1007	MTOR	1.11uM	SKBR3	3h	LINCSCP_163834
LINCSCP_59994	0.8649678265	0.01195047016	7	BRD-K08942755	LSM-43364	NA	5uM	VCAP	24h	LINCSCP_59994
LINCSCP_304266	0.8648681244	0.01197187141	7	BRD-K51186655	LSM-11559	NA	5uM	VCAP	6h	LINCSCP_304266
LINCSCP_113602	0.8648624484	0.01197309044	7	EX-8678	LSM-1147	NA	3.33uM	HME1	3h	LINCSCP_113602
LINCSCP_151856	-0.8648387307	0.01197818503	7	GSK-1070916	LSM-1062	AURKB|AURKC	0.04uM	PC3	24h	LINCSCP_151856
LINCSCP_26102	-0.864800686	0.01198635966	7	CHEMBL3186688	LSM-3014	NA	10uM	HT29	6h	LINCSCP_26102
LINCSCP_151528	-0.8647958459	0.01198739988	7	Cabozantinib	LSM-1195	KDR|MET	0.04uM	PC3	24h	LINCSCP_151528
LINCSCP_87533	-0.8647759632	0.01199167353	7	WHI-P97	LSM-1033	JAK3	10uM	CD34	24h	LINCSCP_87533
LINCSCP_309772	0.8647702881	0.01199289353	7	BRD-K48672996	LSM-39974	NA	30uM	VCAP	24h	LINCSCP_309772
LINCSCP_38733	0.8647627392	0.01199451644	7	Apatinib Hydrochloride	LSM-4810	HDAC1|HDAC10|HDAC11|HDAC2|HDAC3|HDAC4|HDAC5|HDAC6|HDAC7|HDAC8|HDAC9	1.11uM	MCF7	24h	LINCSCP_38733
LINCSCP_27082	0.864653416	0.01201803362	7	Papaverine	LSM-2338	PDE10A	10uM	HT29	6h	LINCSCP_27082
LINCSCP_5268	-0.8646079499	0.0120278219	7	MLS002264476	LSM-2977	NA	10uM	A549	6h	LINCSCP_5268
LINCSCP_140927	0.8645832385	0.01203314387	7	MG-132	LSM-1107	PSMB1	20uM	MCF7	24h	LINCSCP_140927
LINCSCP_31608	0.8645785168	0.0120341609	7	MLS002699336	LSM-2967	NA	10uM	MCF7	24h	LINCSCP_31608
LINCSCP_166940	0.8645592745	0.01203830618	7	ARTESUNATE	LSM-45731	NA	10uM	YAPC	24h	LINCSCP_166940
LINCSCP_292805	-0.8645396418	0.01204253637	7	SCHEMBL2557982	LSM-2776	NA	10uM	VCAP	24h	LINCSCP_292805
LINCSCP_24971	-0.8645332897	0.01204390522	7	AZD-5438	LSM-1159	CDK1|CDK10|CDK11B|CDK12|CDK13|CDK14|CDK15|CDK16|CDK17|CDK18|CDK19|CDK2|CDK20|CDK3|CDK4|CDK5|CDK6|CDK7|CDK8|CDK9	0.1uM	HS578T	6h	LINCSCP_24971
LINCSCP_114759	-0.8644925652	0.01205268331	7	Tozasertib	LSM-1021	ABL1|AURKA|AURKB|AURKC|BCR|FLT3|JAK2	1.11uM	HS578T	24h	LINCSCP_114759
LINCSCP_121959	-0.8644737495	0.01205674022	7	Famotidine	LSM-5201	HRH2	0.12uM	HT29	24h	LINCSCP_121959
LINCSCP_26015	0.8644518996	0.01206145234	7	N-(4-(4-Hydroxypiperidin-1-yl)but-2-ynyl)-n-methylacetamide	LSM-3061	NA	10uM	HT29	6h	LINCSCP_26015
LINCSCP_251297	0.8644271519	0.01206679068	7	CI-1040	LSM-1048	MAP2K1|MAP2K2	10uM	MCF7	24h	LINCSCP_251297
LINCSCP_74913	-0.8644239996	0.01206747075	7	PSI-6130	LSM-45483	NA	3.33uM	A375	24h	LINCSCP_74913
LINCSCP_70624	-0.8644080836	0.01207090483	7	GSK-2334470	LSM-1222	PDK1|PDPK1	0.12uM	A375	24h	LINCSCP_70624
LINCSCP_206323	0.8644002406	0.01207259726	7	Tyrphostin AG-1478	LSM-1224	EGFR	60uM	COV644	6h	LINCSCP_206323
LINCSCP_129427	0.8643849652	0.01207589392	7	SB-216763	LSM-1161	GSK3B	0.12uM	JURKAT	24h	LINCSCP_129427
LINCSCP_51084	-0.8643827857	0.01207636431	7	Prostoglandin A1	LSM-42846	NA	1uM	RMUGS	6h	LINCSCP_51084
LINCSCP_43798	0.8643483215	0.01208380425	7	3,5-Bis(4-methylbenzylidene)piperidin-4-one	LSM-42949	SENP2|USP1|USP2|USP7	10uM	OV7	6h	LINCSCP_43798
LINCSCP_46749	0.8643120985	0.01209162668	7	ZINC28755859	LSM-5466	INSR	10uM	PC3	24h	LINCSCP_46749
LINCSCP_152723	-0.8642274011	0.01210992863	7	Batimastat	LSM-6276	NA	0.12uM	PC3	24h	LINCSCP_152723
LINCSCP_73324	0.8642053444	0.01211469737	7	Pictilisib	LSM-1047	PIK3CA|PIK3CB|PIK3CD|PIK3CG|PIK3R1|PIK3R2|PIK3R3|PIK3R5	0.04uM	A375	24h	LINCSCP_73324
LINCSCP_22027	0.8641760553	0.01212103146	7	KUC104140	LSM-2639	NA	10uM	HEPG2	6h	LINCSCP_22027
LINCSCP_156128	-0.8641396728	0.01212890224	7	Vardenafil	LSM-2292	PDE5A	3.33uM	PC3	24h	LINCSCP_156128
LINCSCP_223771	0.8641262725	0.01213180192	7	AC1MR9ZN	LSM-1642	GABBR1|GABBR2	10uM	HT29	6h	LINCSCP_223771
LINCSCP_139761	0.8640726123	0.01214341738	7	MG-132	LSM-1107	PSMB1	20uM	MCF7	24h	LINCSCP_139761
LINCSCP_32740	0.8640288609	0.01215289267	7	CHEMBL12760	LSM-43231	NA	10uM	MCF7	6h	LINCSCP_32740
LINCSCP_49498	-0.8640141996	0.01215606883	7	Genistein	LSM-5549	CFTR|ESR2	10uM	PC3	24h	LINCSCP_49498
LINCSCP_20238	0.8639996901	0.01215921259	7	T6129388	LSM-2451	NA	10uM	HCC515	6h	LINCSCP_20238
LINCSCP_27072	0.8639858457	0.01216221267	7	Colforsin	LSM-2193	ADCY2	10uM	HT29	6h	LINCSCP_27072
LINCSCP_137516	0.8639629525	0.01216717456	7	179324-69-7	LSM-6281	ADRM1|PSMA1|PSMA2|PSMA3|PSMA4|PSMA5|PSMA6|PSMA7|PSMA8|PSMB1|PSMB10|PSMB11|PSMB2|PSMB3|PSMB4|PSMB5|PSMB6|PSMB7|PSMB8|PSMB9|PSMC1|PSMC2|PSMC3|PSMC4|PSMC5|PSMC6|PSMD1|PSMD11|PSMD12|PSMD13|PSMD14|PSMD2|PSMD3|PSMD4|PSMD6|PSMD7|PSMD8|SEM1	20uM	MCF7	24h	LINCSCP_137516
LINCSCP_52757	-0.8638813717	0.01218486585	7	Rescinnamine	LSM-42980	ACE|SLC18A2	10uM	SKB	24h	LINCSCP_52757
LINCSCP_49081	-0.8638261736	0.01219684425	7	BRD-K08043379	LSM-37708	NA	10uM	PC3	6h	LINCSCP_49081
LINCSCP_4634	-0.8637719241	0.01220862339	7	ML100	LSM-6293	NA	10uM	A549	24h	LINCSCP_4634
LINCSCP_5096	0.8637398135	0.01221559861	7	SMR000074300	LSM-2495	NA	10uM	A549	6h	LINCSCP_5096
LINCSCP_81633	0.8636867301	0.01222713464	7	Selumetinib	LSM-1056	MAP2K1|MAP2K2	10uM	A549	24h	LINCSCP_81633
LINCSCP_312191	-0.863685176	0.01222747248	7	BRD-K61612515	LSM-40641	NA	10uM	VCAP	6h	LINCSCP_312191
LINCSCP_30894	0.863669814	0.01223081215	7	Parthenolide	LSM-43090	NA	10uM	MCF7	6h	LINCSCP_30894
LINCSCP_53952	0.8636547803	0.01223408096	7	Tozasertib	LSM-1021	ABL1|AURKA|AURKB|AURKC|BCR|FLT3|JAK2	10uM	SNUC5	6h	LINCSCP_53952
LINCSCP_141837	0.8636379422	0.01223774269	7	179324-69-7	LSM-6281	ADRM1|PSMA1|PSMA2|PSMA3|PSMA4|PSMA5|PSMA6|PSMA7|PSMA8|PSMB1|PSMB10|PSMB11|PSMB2|PSMB3|PSMB4|PSMB5|PSMB6|PSMB7|PSMB8|PSMB9|PSMC1|PSMC2|PSMC3|PSMC4|PSMC5|PSMC6|PSMD1|PSMD11|PSMD12|PSMD13|PSMD14|PSMD2|PSMD3|PSMD4|PSMD6|PSMD7|PSMD8|SEM1	20uM	MCF7	24h	LINCSCP_141837
LINCSCP_147986	0.863609131	0.01224400964	7	UNC0638	LSM-6325	NA	0.37uM	NPC.CAS9	24h	LINCSCP_147986
LINCSCP_81382	0.8635757596	0.01225127083	7	Sorafenib	LSM-1008	BRAF|DDR2|FGFR1|FLT1|FLT3|FLT4|KDR|KIT|PDGFRB|RAF1|RET	10uM	A549	24h	LINCSCP_81382
LINCSCP_30902	0.8635590969	0.01225489733	7	CHEMBL1394624	LSM-1401	NA	10uM	MCF7	24h	LINCSCP_30902
LINCSCP_93498	0.8634490613	0.01227886121	7	RG2833 (RGFP109)	LSM-45565	NA	10uM	HA1E	24h	LINCSCP_93498
LINCSCP_59669	0.8633978591	0.01229002134	7	BRD-K42197878	LSM-39600	NA	5uM	VCAP	24h	LINCSCP_59669
LINCSCP_2934	-0.8633956379	0.01229050561	7	AMBCB17415880	LSM-6488	NA	10uM	A375	6h	LINCSCP_2934
LINCSCP_138790	-0.8633506838	0.0123003089	7	Cobimetinib	LSM-45714	MAP2K1|MAP2K2	0.12uM	MCF7	24h	LINCSCP_138790
LINCSCP_148332	0.8632882678	0.01231392761	7	SB239063	LSM-1036	MAPK11|MAPK14	1.11uM	NPC.CAS9	24h	LINCSCP_148332
LINCSCP_29406	0.8632718249	0.01231751676	7	179324-69-7	LSM-6281	ADRM1|PSMA1|PSMA2|PSMA3|PSMA4|PSMA5|PSMA6|PSMA7|PSMA8|PSMB1|PSMB10|PSMB11|PSMB2|PSMB3|PSMB4|PSMB5|PSMB6|PSMB7|PSMB8|PSMB9|PSMC1|PSMC2|PSMC3|PSMC4|PSMC5|PSMC6|PSMD1|PSMD11|PSMD12|PSMD13|PSMD14|PSMD2|PSMD3|PSMD4|PSMD6|PSMD7|PSMD8|SEM1	0.01uM	LOVO	6h	LINCSCP_29406
LINCSCP_59390	0.8632637684	0.01231927554	7	MLS000589843	LSM-43120	NA	10uM	VCAP	6h	LINCSCP_59390
LINCSCP_192402	-0.8632188905	0.01232907535	7	AC1L1E8W	LSM-1832	ADORA1|ADORA2A	10uM	A549	6h	LINCSCP_192402
LINCSCP_225331	0.8632147643	0.01232997659	7	Fluperlapine	LSM-2343	NA	10uM	HT29	6h	LINCSCP_225331
LINCSCP_70586	0.8631793242	0.012337719	7	869288-64-2	LSM-1200	NA	1.11uM	A375	24h	LINCSCP_70586
LINCSCP_81096	-0.8631629271	0.01234130211	7	GSK 1059615	LSM-42799	PIK3CA|PIK3CB|PIK3CD|PIK3CG	1.11uM	A549	24h	LINCSCP_81096
LINCSCP_3319	-0.8631473763	0.01234470086	7	BRD-K65603160	LSM-12429	NA	5uM	A375	24h	LINCSCP_3319
LINCSCP_48704	0.8631129469	0.01235222755	7	BRD-K85413794	LSM-15060	NA	3uM	PC3	6h	LINCSCP_48704
LINCSCP_173681	0.8630799242	0.0123594492	7	Candesartan	LSM-5903	AGTR1	10uM	YAPC	24h	LINCSCP_173681
LINCSCP_86033	-0.8630372692	0.01236878091	7	TAE-684	LSM-1024	ALK	0.04uM	BT20	24h	LINCSCP_86033
LINCSCP_13532	-0.8630108649	0.01237455943	7	Alimta	LSM-6253	DHFR|GART|TYMS	90uM	H1299	6h	LINCSCP_13532
LINCSCP_117727	0.8629611742	0.01238543836	7	Dabrafenib	LSM-6303	BRAF	0.12uM	HT29	24h	LINCSCP_117727
LINCSCP_153354	-0.8629489316	0.01238811949	7	Lenalidomide	LSM-6187	CRBN|CUL4A|DDB1|RBX1|TNF	10uM	PC3	24h	LINCSCP_153354
LINCSCP_31654	0.8629478751	0.01238835089	7	MLS002729057	LSM-3764	NA	10uM	MCF7	24h	LINCSCP_31654
LINCSCP_67138	0.862861403	0.0124072981	7	Wortmannin	LSM-3947	PIK3CA|PIK3CG|PLK1	10uM	HT29	24h	LINCSCP_67138
LINCSCP_310101	0.8628579267	0.01240806014	7	BRD-K08121566	LSM-37711	NA	10uM	VCAP	6h	LINCSCP_310101
LINCSCP_18523	0.8627797932	0.01242519512	7	Tremorine	LSM-2171	NA	10uM	HCC515	24h	LINCSCP_18523
LINCSCP_132815	0.8627080238	0.01244094638	7	Selumetinib	LSM-1056	MAP2K1|MAP2K2	10uM	MCF7	24h	LINCSCP_132815
LINCSCP_249072	-0.8626475988	0.01245421676	7	BRD-K78032863	LSM-41531	NA	5uM	MCF7	24h	LINCSCP_249072
LINCSCP_33395	0.8626161956	0.01246111664	7	1446-61-3	LSM-3383	CNR1	10uM	MCF7	24h	LINCSCP_33395
LINCSCP_145078	-0.8625988144	0.01246493657	7	Buparlisib	LSM-1148	PIK3CA|PIK3CB|PIK3CD|PIK3CG|PIK3R1|PIK3R2|PIK3R3|PIK3R5	3.33uM	MDAMB231	3h	LINCSCP_145078
LINCSCP_119763	-0.8625928273	0.01246625253	7	Cnqx	LSM-3184	NA	3.33uM	HT29	24h	LINCSCP_119763
LINCSCP_124171	0.8625493218	0.01247581743	7	179324-69-7	LSM-6281	ADRM1|PSMA1|PSMA2|PSMA3|PSMA4|PSMA5|PSMA6|PSMA7|PSMA8|PSMB1|PSMB10|PSMB11|PSMB2|PSMB3|PSMB4|PSMB5|PSMB6|PSMB7|PSMB8|PSMB9|PSMC1|PSMC2|PSMC3|PSMC4|PSMC5|PSMC6|PSMD1|PSMD11|PSMD12|PSMD13|PSMD14|PSMD2|PSMD3|PSMD4|PSMD6|PSMD7|PSMD8|SEM1	20uM	HT29	24h	LINCSCP_124171
LINCSCP_46405	-0.8625440251	0.01247698221	7	Carbetocin	LSM-5025	OXTR	10uM	PC3	24h	LINCSCP_46405
LINCSCP_50512	-0.8623794881	0.01251319639	7	CHEMBL2143628	LSM-6855	NA	3uM	PHH	6h	LINCSCP_50512
LINCSCP_67067	0.8623746418	0.01251426395	7	13-Hydroxy-8,14,19-trimethoxy-4,10,12,16-tetramethyl-3,20,22-trioxo-2-azabicyclo[16.3.1]docosa-1(21),4,6,10,18-pentaen-9-yl carbamate	LSM-42815	HSP90AA1	10uM	HT29	6h	LINCSCP_67067
LINCSCP_157355	-0.8623724079	0.01251475608	7	Pinacidil	LSM-1557	ABCC8|ABCC9	10uM	PC3	24h	LINCSCP_157355
LINCSCP_151787	-0.8621847303	0.0125561399	7	Idelalisib	LSM-1205	PIK3CD|PIK3CG	10uM	PC3	24h	LINCSCP_151787
LINCSCP_219156	0.8621467613	0.01256452177	7	Ketotifen	LSM-2637	HRH1	10uM	HEPG2	6h	LINCSCP_219156
LINCSCP_2701	0.8621412225	0.01256574476	7	Puromycin	LSM-2788	NA	10uM	A375	6h	LINCSCP_2701
LINCSCP_83757	-0.8621177743	0.01257092298	7	MLN-8054	LSM-1066	AURKA	0.04uM	ASC.C	24h	LINCSCP_83757
LINCSCP_116945	-0.8618956843	0.01262002921	7	Ipatasertib	LSM-6341	AKT1|AKT2|AKT3	0.12uM	HT29	24h	LINCSCP_116945
LINCSCP_263089	-0.8618530754	0.01262946301	7	BRD-K80666761	LSM-13361	NA	10uM	NPC	24h	LINCSCP_263089
LINCSCP_10339	-0.8617751612	0.01264672397	7	CHEMBL3186197	LSM-6215	IGF1R|INSR	10uM	A673	6h	LINCSCP_10339
LINCSCP_68545	0.8617339132	0.01265586747	7	Wortmannin	LSM-3947	PIK3CA|PIK3CG|PLK1	10uM	VCAP	6h	LINCSCP_68545
LINCSCP_151326	0.8617031291	0.01266269388	7	Radicicol	LSM-43303	NA	0.04uM	PC3	24h	LINCSCP_151326
LINCSCP_147897	0.8616985602	0.01266370722	7	Mocetinostat	LSM-5344	HDAC1|HDAC11|HDAC2|HDAC3|HDAC8	1.11uM	NPC.CAS9	24h	LINCSCP_147897
LINCSCP_62925	0.861672272	0.01266953858	7	CHEMBL3182780	LSM-13024	NA	5uM	VCAP	24h	LINCSCP_62925
LINCSCP_137070	0.8616667706	0.01267075914	7	179324-69-7	LSM-6281	ADRM1|PSMA1|PSMA2|PSMA3|PSMA4|PSMA5|PSMA6|PSMA7|PSMA8|PSMB1|PSMB10|PSMB11|PSMB2|PSMB3|PSMB4|PSMB5|PSMB6|PSMB7|PSMB8|PSMB9|PSMC1|PSMC2|PSMC3|PSMC4|PSMC5|PSMC6|PSMD1|PSMD11|PSMD12|PSMD13|PSMD14|PSMD2|PSMD3|PSMD4|PSMD6|PSMD7|PSMD8|SEM1	20uM	MCF7	24h	LINCSCP_137070
LINCSCP_138514	0.861658856	0.01267251518	7	179324-69-7	LSM-6281	ADRM1|PSMA1|PSMA2|PSMA3|PSMA4|PSMA5|PSMA6|PSMA7|PSMA8|PSMB1|PSMB10|PSMB11|PSMB2|PSMB3|PSMB4|PSMB5|PSMB6|PSMB7|PSMB8|PSMB9|PSMC1|PSMC2|PSMC3|PSMC4|PSMC5|PSMC6|PSMD1|PSMD11|PSMD12|PSMD13|PSMD14|PSMD2|PSMD3|PSMD4|PSMD6|PSMD7|PSMD8|SEM1	20uM	MCF7	24h	LINCSCP_138514
LINCSCP_159535	-0.8616146627	0.01268232314	7	CTS-1027	LSM-45524	NA	0.04uM	PC3	24h	LINCSCP_159535
LINCSCP_111855	0.8615639811	0.01269357644	7	AS-605240	LSM-42784	PIK3CG	1.11uM	HEPG2	24h	LINCSCP_111855
LINCSCP_36514	0.8614349943	0.01272224234	7	Selumetinib	LSM-1056	MAP2K1|MAP2K2	1uM	MCF7	24h	LINCSCP_36514
LINCSCP_243462	-0.8614052276	0.01272886291	7	Levodopa	LSM-5481	DRD3	10uM	MCF7	24h	LINCSCP_243462
LINCSCP_50072	0.8613630947	0.01273823733	7	PRESTWICK3_000689	LSM-1944	NA	10uM	PHH	24h	LINCSCP_50072
LINCSCP_155229	0.8613533492	0.01274040623	7	Niclosamide	LSM-2787	STAT3	10uM	PC3	24h	LINCSCP_155229
LINCSCP_137432	0.8611873033	0.01277739288	7	179324-69-7	LSM-6281	ADRM1|PSMA1|PSMA2|PSMA3|PSMA4|PSMA5|PSMA6|PSMA7|PSMA8|PSMB1|PSMB10|PSMB11|PSMB2|PSMB3|PSMB4|PSMB5|PSMB6|PSMB7|PSMB8|PSMB9|PSMC1|PSMC2|PSMC3|PSMC4|PSMC5|PSMC6|PSMD1|PSMD11|PSMD12|PSMD13|PSMD14|PSMD2|PSMD3|PSMD4|PSMD6|PSMD7|PSMD8|SEM1	20uM	MCF7	24h	LINCSCP_137432
LINCSCP_156653	-0.8611185899	0.01279271677	7	PSI-6130	LSM-45483	NA	0.04uM	PC3	24h	LINCSCP_156653
LINCSCP_52138	-0.8610981629	0.01279727425	7	ALD1-H_001128	LSM-45103	NA	10uM	SKB	24h	LINCSCP_52138
LINCSCP_95958	-0.8610942725	0.01279814233	7	Fosfomycin Tromethamine	LSM-45458	NA	0.04uM	HA1E	24h	LINCSCP_95958
LINCSCP_31229	-0.8610590217	0.01280600967	7	BRD-U88878891	LSM-42709	NA	10uM	MCF7	24h	LINCSCP_31229
LINCSCP_249132	-0.8610585877	0.01280610654	7	BRD-K96694631	LSM-42518	NA	5uM	MCF7	24h	LINCSCP_249132
LINCSCP_44155	-0.8609259774	0.01283572766	7	RG 13022	LSM-43030	NA	10uM	PC3	6h	LINCSCP_44155
LINCSCP_245623	-0.8609145726	0.01283827697	7	BRD-K64790987	LSM-40812	NA	5uM	MCF7	24h	LINCSCP_245623
LINCSCP_62276	0.8608205075	0.01285931443	7	BRD-K34435836	LSM-10509	NA	5uM	VCAP	24h	LINCSCP_62276
LINCSCP_36482	0.8607654462	0.01287163794	7	TORIN1	LSM-1079	MTOR	1uM	MCF7	24h	LINCSCP_36482
LINCSCP_38055	0.8607479729	0.01287555011	7	BRD-K42677417	LSM-11018	NA	10uM	MCF7	6h	LINCSCP_38055
LINCSCP_115342	-0.8607375307	0.01287788839	7	SB590885	LSM-42746	NA	0.12uM	HS578T	3h	LINCSCP_115342
LINCSCP_165109	0.8607298801	0.01287960171	7	HMN-214	LSM-42802	CSF1R|FLT1|FLT3|FLT4|KDR|KIT|PDGFRB|RET	3.33uM	SKL.C	24h	LINCSCP_165109
LINCSCP_131986	0.8606754642	0.01289179174	7	AZD-8330	LSM-1165	MAP2K1|MAP2K2	0.12uM	MCF7	24h	LINCSCP_131986
LINCSCP_134698	-0.8606751317	0.01289186624	7	Benzydamine	LSM-5423	NA	10uM	MCF7	24h	LINCSCP_134698
LINCSCP_6416	0.8606650385	0.01289412801	7	PD-0325901	LSM-1101	MAP2K1|MAP2K2	10uM	A549	24h	LINCSCP_6416
LINCSCP_149373	0.8606543421	0.01289652521	7	MGCD-265	LSM-1124	AXL|FLT1|FLT4|KDR|MET|MST1R|TEK	10uM	NPC	24h	LINCSCP_149373
LINCSCP_124336	0.8606537835	0.01289665039	7	Moxifloxacin	LSM-5746	NA	0.04uM	HT29	24h	LINCSCP_124336
LINCSCP_164740	-0.8606437758	0.01289889349	7	CHEMBL3347630	LSM-43292	NA	0.12uM	SKL.C	24h	LINCSCP_164740
LINCSCP_66301	0.860559733	0.01291773933	7	4-(3-Ethyl[1,2,4]triazolo[3,4-b][1,3,4]thiadiazol-6-yl)aniline	LSM-4945	NA	10uM	WSUDLCL2	6h	LINCSCP_66301
LINCSCP_124086	0.8604424825	0.01294405805	7	179324-69-7	LSM-6281	ADRM1|PSMA1|PSMA2|PSMA3|PSMA4|PSMA5|PSMA6|PSMA7|PSMA8|PSMB1|PSMB10|PSMB11|PSMB2|PSMB3|PSMB4|PSMB5|PSMB6|PSMB7|PSMB8|PSMB9|PSMC1|PSMC2|PSMC3|PSMC4|PSMC5|PSMC6|PSMD1|PSMD11|PSMD12|PSMD13|PSMD14|PSMD2|PSMD3|PSMD4|PSMD6|PSMD7|PSMD8|SEM1	20uM	HT29	24h	LINCSCP_124086
LINCSCP_30237	0.8603804275	0.01295799968	7	SCHEMBL10195776	LSM-1393	PTPN1|PTPN11|PTPN2	10uM	MCF7	24h	LINCSCP_30237
LINCSCP_28001	0.8603564606	0.01296338651	7	BRD-K75609900	LSM-13052	NA	5uM	HT29	24h	LINCSCP_28001
LINCSCP_136165	0.8603555818	0.01296358407	7	MG-132	LSM-1107	PSMB1	20uM	MCF7	24h	LINCSCP_136165
LINCSCP_7434	0.8603514228	0.01296451898	7	Syrosingopine	LSM-2297	NA	10uM	A549	6h	LINCSCP_7434
LINCSCP_43038	0.8603283709	0.01296970165	7	CHEMBL3186554	LSM-41075	NA	10uM	NPC	24h	LINCSCP_43038
LINCSCP_148932	0.8602984089	0.01297643965	7	BIX01294	LSM-4571	EHMT2	10uM	NPC	24h	LINCSCP_148932
LINCSCP_312166	-0.8602950057	0.0129772051	7	CHEMBL2358216	LSM-39859	NA	10uM	VCAP	6h	LINCSCP_312166
LINCSCP_87212	-0.8602791031	0.01298078228	7	NCGC00346967-01	LSM-6297	EPHB3	1.11uM	CD34	24h	LINCSCP_87212
LINCSCP_62355	0.8602192907	0.01299424176	7	BRD-K24077273	LSM-9883	NA	5uM	VCAP	6h	LINCSCP_62355
LINCSCP_115433	-0.8601761416	0.0130039565	7	C19H19FN4O3	LSM-1178	FGFR1|FLT1|KDR	0.04uM	HS578T	3h	LINCSCP_115433
LINCSCP_9040	0.8601641061	0.01300666695	7	CHEMBL3182128	LSM-39744	NA	10uM	A549	24h	LINCSCP_9040
LINCSCP_31878	0.860118098	0.01301703118	7	BAS 08302902	LSM-4541	NA	10uM	MCF7	24h	LINCSCP_31878
LINCSCP_37268	0.8600949824	0.01302224021	7	SA-432137	LSM-14980	NA	10uM	MCF7	24h	LINCSCP_37268
LINCSCP_45208	0.8600816018	0.01302525604	7	Tyrphostin AG-1478	LSM-1224	EGFR	60uM	PC3	6h	LINCSCP_45208
LINCSCP_147064	-0.8600146165	0.01304035971	7	amcinonide	NA	NA	0.37uM	NEU	24h	LINCSCP_147064
LINCSCP_125845	-0.8600051435	0.01304249647	7	MK-2206	LSM-1057	AKT1|AKT2|AKT3	0.37uM	HT29	24h	LINCSCP_125845
LINCSCP_115926	-0.8600003575	0.0130435761	7	BRD-A24396574-001-01-5	LSM-5006	NA	1.11uM	HS578T	3h	LINCSCP_115926
LINCSCP_71295	-0.8599660008	0.01305132775	7	ANISODAMINE HYDROBROMIDE	LSM-45481	NA	10uM	A375	24h	LINCSCP_71295
LINCSCP_137238	0.8598334642	0.01308125573	7	MG-132	LSM-1107	PSMB1	20uM	MCF7	24h	LINCSCP_137238
LINCSCP_30795	0.8597987305	0.01308910541	7	NVP-AUY922	LSM-1162	HSP90AA1|HSP90AB1	10uM	MCF7	6h	LINCSCP_30795
LINCSCP_29393	0.8597736864	0.01309476695	7	MLN 2238	LSM-4944	PSMB1	10uM	LOVO	6h	LINCSCP_29393
LINCSCP_23199	0.8597727334	0.01309498243	7	BRD-K46692335	LSM-39864	NA	10uM	HEPG2	6h	LINCSCP_23199
LINCSCP_112897	-0.8597144886	0.01310815495	7	SCHEMBL15556278	LSM-1002	DDR1	3.33uM	HEPG2	24h	LINCSCP_112897
LINCSCP_32793	0.8596765414	0.01311674111	7	QL-X-138	LSM-42720	BTK|JAK3|MKNK2|MTOR|PRKDC	10uM	MCF7	6h	LINCSCP_32793
LINCSCP_79891	-0.859629556	0.01312737677	7	Lu AE58054 (Hydrochloride)	LSM-45537	HTR6	0.12uM	A375	24h	LINCSCP_79891
LINCSCP_18096	0.8595764496	0.01313940392	7	(Z,E)-3-(imidazol-4-Ylmethylene)indolin-2-one	LSM-42866	EGFR	10uM	HCC515	6h	LINCSCP_18096
LINCSCP_159401	0.8595680579	0.01314130499	7	MG-132	LSM-1107	PSMB1	20uM	PC3	24h	LINCSCP_159401
LINCSCP_47896	-0.8595275816	0.01315047677	7	Methantheline	LSM-2202	HRH2	10uM	PC3	6h	LINCSCP_47896
LINCSCP_26111	-0.859473964	0.01316263196	7	Latrepirdine	LSM-3241	HTR6	10uM	HT29	6h	LINCSCP_26111
LINCSCP_61149	-0.8594713678	0.01316322067	7	BRD-K67641117	LSM-12544	NA	5uM	VCAP	6h	LINCSCP_61149
LINCSCP_113105	0.8594624169	0.01316525053	7	C24H25CLFN5O3	LSM-42794	EGFR|ERBB2|ERBB4	3.33uM	HME1	24h	LINCSCP_113105
LINCSCP_131934	0.8594600485	0.01316578767	7	CHEMBL1083527	LSM-1122	NA	10uM	MCF7	24h	LINCSCP_131934
LINCSCP_132858	0.859433447	0.01317182148	7	AS-605240	LSM-42784	PIK3CG	3.33uM	MCF7	24h	LINCSCP_132858
LINCSCP_310296	-0.8594002088	0.01317936288	7	Wortmannin	LSM-3947	PIK3CA|PIK3CG|PLK1	1uM	VCAP	24h	LINCSCP_310296
LINCSCP_86525	-0.859368224	0.01318662222	7	TPCA-1	LSM-1136	IKBKB	0.37uM	CD34	24h	LINCSCP_86525
LINCSCP_40191	0.8592667162	0.01320967583	7	COT-10B	LSM-6226	NA	40uM	NCIH508	6h	LINCSCP_40191
LINCSCP_34214	0.8592550182	0.01321233406	7	NCH-51	LSM-5635	HDAC1|HDAC10|HDAC11|HDAC2|HDAC3|HDAC4|HDAC5|HDAC6|HDAC7|HDAC8|HDAC9	10uM	MCF7	6h	LINCSCP_34214
LINCSCP_27406	0.8592506692	0.0132133224	7	BRD-K16535949	LSM-14732	NA	5uM	HT29	24h	LINCSCP_27406
LINCSCP_137001	-0.8592478724	0.01321395801	7	TORIN1	LSM-1079	MTOR	0.37uM	MCF7	24h	LINCSCP_137001
LINCSCP_226793	0.8592424374	0.01321519324	7	9-[3-(3,5-Dimethylpiperazin-1-yl)propyl]-9H-carbazole	LSM-1693	SIGMAR1	10uM	HT29	6h	LINCSCP_226793
LINCSCP_50157	-0.8592155099	0.01322131413	7	SPECTRUM1505034	LSM-1856	NA	10uM	PHH	24h	LINCSCP_50157
LINCSCP_85809	-0.8591988524	0.01322510135	7	Alvocidib	LSM-1011	CDK1|CDK2|CDK4|CDK5|CDK6|CDK7|CDK8|CDK9|EGFR|PYGM	0.37uM	BT20	24h	LINCSCP_85809
LINCSCP_61363	0.8591814437	0.01322906003	7	BRD-K64023191	LSM-12337	NA	5uM	VCAP	6h	LINCSCP_61363
LINCSCP_14279	0.8591623408	0.01323340474	7	SB-202190	LSM-3209	MAPK14	10uM	HA1E	6h	LINCSCP_14279
LINCSCP_179690	-0.85911503	0.01324416852	7	Ergocornine	LSM-2437	DRD2	10uM	A375	6h	LINCSCP_179690
LINCSCP_123851	0.8590900838	0.01324984609	7	RO4987655	LSM-45489	MAP2K1|MAP2K2	10uM	HT29	24h	LINCSCP_123851
LINCSCP_54152	-0.8590790321	0.01325236183	7	AM-580	LSM-2132	RARA	10uM	SW620	6h	LINCSCP_54152
LINCSCP_258858	-0.8590711462	0.01325415708	7	Wortmannin	LSM-3947	PIK3CA|PIK3CG|PLK1	3uM	NEU	24h	LINCSCP_258858
LINCSCP_51818	0.8589366658	0.01328479358	7	Trametinib	LSM-1143	MAP2K1|MAP2K2	10uM	SKBR3	24h	LINCSCP_51818
LINCSCP_82733	-0.8589201238	0.01328856486	7	GW620972X	LSM-1209	NA	0.04uM	A549	24h	LINCSCP_82733
LINCSCP_43553	-0.8589142468	0.01328990486	7	Rosiglitazone	LSM-1949	PPARG	10uM	NPC	6h	LINCSCP_43553
LINCSCP_30277	0.8588637576	0.01330142	7	N-Benzylquinazolin-4-amine	LSM-2968	NA	10uM	MCF7	24h	LINCSCP_30277
LINCSCP_25604	0.8588471955	0.01330519858	7	IMD-0354	LSM-3667	IKBKB	10uM	HT29	24h	LINCSCP_25604
LINCSCP_119776	0.8588400559	0.01330682764	7	179324-69-7	LSM-6281	ADRM1|PSMA1|PSMA2|PSMA3|PSMA4|PSMA5|PSMA6|PSMA7|PSMA8|PSMB1|PSMB10|PSMB11|PSMB2|PSMB3|PSMB4|PSMB5|PSMB6|PSMB7|PSMB8|PSMB9|PSMC1|PSMC2|PSMC3|PSMC4|PSMC5|PSMC6|PSMD1|PSMD11|PSMD12|PSMD13|PSMD14|PSMD2|PSMD3|PSMD4|PSMD6|PSMD7|PSMD8|SEM1	20uM	HT29	24h	LINCSCP_119776
LINCSCP_67554	0.8588219586	0.01331095745	7	Mebendazole	LSM-3749	NA	20uM	MCF7	6h	LINCSCP_67554
LINCSCP_165892	-0.8588180411	0.01331185154	7	Daminozide	LSM-6329	NA	10uM	SKL	24h	LINCSCP_165892
LINCSCP_46911	-0.8588175961	0.0133119531	7	1-[1-(3-Chloro-4-fluorophenyl)-2,5-dioxopyrrolidin-3-yl]piperidine-4-carboxamide	LSM-4452	NA	10uM	PC3	6h	LINCSCP_46911
LINCSCP_111484	0.8587697228	0.01332288185	7	YM 201636	LSM-1109	NA	0.37uM	HEPG2	24h	LINCSCP_111484
LINCSCP_129182	0.8587093866	0.013336663	7	Dabrafenib	LSM-6303	BRAF	0.37uM	HUVEC	24h	LINCSCP_129182
LINCSCP_120852	0.8586142978	0.01335839841	7	179324-69-7	LSM-6281	ADRM1|PSMA1|PSMA2|PSMA3|PSMA4|PSMA5|PSMA6|PSMA7|PSMA8|PSMB1|PSMB10|PSMB11|PSMB2|PSMB3|PSMB4|PSMB5|PSMB6|PSMB7|PSMB8|PSMB9|PSMC1|PSMC2|PSMC3|PSMC4|PSMC5|PSMC6|PSMD1|PSMD11|PSMD12|PSMD13|PSMD14|PSMD2|PSMD3|PSMD4|PSMD6|PSMD7|PSMD8|SEM1	20uM	HT29	24h	LINCSCP_120852
LINCSCP_150521	0.8586088624	0.01335964145	7	PD-0325901	LSM-1101	MAP2K1|MAP2K2	1.11uM	NPC.TAK	24h	LINCSCP_150521
LINCSCP_35020	0.8585744266	0.01336751821	7	BRD-K36226647	LSM-39254	NA	5uM	MCF7	24h	LINCSCP_35020
LINCSCP_164430	-0.8585577138	0.01337134201	7	SB525334	LSM-1121	TGFBR1	1.11uM	SKL.C	24h	LINCSCP_164430
LINCSCP_25599	0.8584677441	0.01339193738	7	CHEMBL179288	LSM-3648	NA	10uM	HT29	24h	LINCSCP_25599
LINCSCP_298918	0.8584011886	0.01340718457	7	BRD-K20037743	LSM-7113	NA	5uM	VCAP	6h	LINCSCP_298918
LINCSCP_267620	0.8583320717	0.01342302907	7	MLS002703118	LSM-2728	NA	10uM	PC3	24h	LINCSCP_267620
LINCSCP_70022	-0.8582619291	0.01343911967	7	Infigratinib	LSM-1184	FGFR1|FGFR2|FGFR3|FGFR4	0.37uM	A375	24h	LINCSCP_70022
LINCSCP_270659	-0.8582565611	0.01344035152	7	MEGXP0_000778	LSM-4431	NA	10uM	PC3	24h	LINCSCP_270659
LINCSCP_51166	-0.8582226153	0.013448143	7	FK 866	LSM-43216	NAMPT	0.1uM	RMUGS	6h	LINCSCP_51166
LINCSCP_16067	-0.8581903592	0.01345554904	7	MLS002607669	LSM-3914	NA	10uM	HA1E	6h	LINCSCP_16067
LINCSCP_93876	-0.858119051	0.0134719298	7	AMD-070 (hydrochloride)	LSM-45591	NA	10uM	HA1E	24h	LINCSCP_93876
LINCSCP_137372	-0.8580982836	0.01347670257	7	Nefazodone	LSM-4031	HTR2A|HTR2C|SLC6A2|SLC6A4	1.11uM	MCF7	24h	LINCSCP_137372
LINCSCP_121575	0.8580714941	0.01348286078	7	179324-69-7	LSM-6281	ADRM1|PSMA1|PSMA2|PSMA3|PSMA4|PSMA5|PSMA6|PSMA7|PSMA8|PSMB1|PSMB10|PSMB11|PSMB2|PSMB3|PSMB4|PSMB5|PSMB6|PSMB7|PSMB8|PSMB9|PSMC1|PSMC2|PSMC3|PSMC4|PSMC5|PSMC6|PSMD1|PSMD11|PSMD12|PSMD13|PSMD14|PSMD2|PSMD3|PSMD4|PSMD6|PSMD7|PSMD8|SEM1	20uM	HT29	24h	LINCSCP_121575
LINCSCP_30553	0.8580220977	0.01349421997	7	CHEMBL399379	LSM-6245	ACLY	80uM	MCF7	24h	LINCSCP_30553
LINCSCP_65267	-0.8580168193	0.01349543411	7	BRD-K34960081	LSM-39183	NA	10uM	VCAP	24h	LINCSCP_65267
LINCSCP_73169	-0.858012373	0.0134964569	7	Teriflunomide	LSM-45555	NA	3.33uM	A375	24h	LINCSCP_73169
LINCSCP_22325	-0.8579540607	0.01350987469	7	PLX-4720	LSM-1049	BRAF	10uM	HEPG2	6h	LINCSCP_22325
LINCSCP_32796	-0.8579438995	0.01351221359	7	ZG-10	LSM-42727	IRAK1	10uM	MCF7	6h	LINCSCP_32796
LINCSCP_227195	0.857922055	0.01351724253	7	Isoflupredone Acetate	LSM-2641	NR3C1	10uM	HT29	6h	LINCSCP_227195
LINCSCP_129418	0.8578902957	0.0135245559	7	Tivozanib	LSM-1005	FLT1|FLT4|KDR|KIT|PDGFRA|PDGFRB	3.33uM	JURKAT	24h	LINCSCP_129418
LINCSCP_4317	0.8578408441	0.01353594789	7	AC1MD3YP	LSM-1801	EIF2S1	10uM	A549	6h	LINCSCP_4317
LINCSCP_7944	0.857793626	0.01354683049	7	SMR000173514	LSM-4860	NA	10uM	A549	24h	LINCSCP_7944
LINCSCP_166814	0.8577443965	0.01355818198	7	PRX-08066 Maleic acid	LSM-45523	NA	10uM	YAPC	24h	LINCSCP_166814
LINCSCP_20514	-0.8577235142	0.01356299874	7	PCL2_000350	LSM-36729	NA	10uM	HCC515	6h	LINCSCP_20514
LINCSCP_130235	0.8576867844	0.01357147328	7	Canertinib	LSM-1120	EGFR|ERBB2|ERBB4	0.04uM	LNCAP	3h	LINCSCP_130235
LINCSCP_58818	-0.8576444359	0.01358124798	7	MLS-0435542.0001	LSM-1937	NA	10uM	VCAP	24h	LINCSCP_58818
LINCSCP_35532	0.8576070461	0.01358988147	7	Vorinostat	LSM-3828	HDAC1|HDAC2|HDAC3|HDAC6|HDAC8	0.5uM	MCF7	24h	LINCSCP_35532
LINCSCP_47731	0.857572276	0.01359791286	7	ZINC03849784	LSM-5513	NA	10uM	PC3	6h	LINCSCP_47731
LINCSCP_124256	0.8575505964	0.01360292193	7	MG-132	LSM-1107	PSMB1	20uM	HT29	24h	LINCSCP_124256
LINCSCP_155779	-0.8575435542	0.01360454926	7	Mozavaptan	LSM-45912	NA	0.04uM	PC3	24h	LINCSCP_155779
LINCSCP_112714	-0.8575069827	0.01361300206	7	Ponatinib	LSM-1151	ABL1|BCR|FGFR1|FGFR2|FGFR3|FGFR4|FLT3|KIT|RET|TEK	0.12uM	HEPG2	24h	LINCSCP_112714
LINCSCP_56969	0.8574496904	0.0136262501	7	PAC-1	LSM-3119	CASP3	10uM	VCAP	24h	LINCSCP_56969
LINCSCP_30920	-0.8574450873	0.01362731483	7	MLS001060823	LSM-1957	NA	10uM	MCF7	24h	LINCSCP_30920
LINCSCP_310153	-0.8574077745	0.01363594724	7	BRD-K50777342	LSM-40073	NA	10uM	VCAP	6h	LINCSCP_310153
LINCSCP_60217	0.8573423562	0.01365108951	7	BRD-K61070477	LSM-7663	NA	5uM	VCAP	24h	LINCSCP_60217
LINCSCP_168659	-0.8573019567	0.01366044552	7	Clomipramine	LSM-3171	SLC6A2|SLC6A4	0.12uM	YAPC	24h	LINCSCP_168659
LINCSCP_15550	0.8572879892	0.01366368106	7	XAV 939	LSM-5303	TNKS|TNKS2	10uM	HA1E	6h	LINCSCP_15550
LINCSCP_213164	-0.8572705232	0.01366772766	7	Wortmannin	LSM-3947	PIK3CA|PIK3CG|PLK1	1.11uM	HA1E	24h	LINCSCP_213164
LINCSCP_34832	0.8572619419	0.01366971606	7	BRD-K01404579	LSM-37350	NA	5uM	MCF7	24h	LINCSCP_34832
LINCSCP_133937	-0.8572556185	0.01367118138	7	NU-7026	LSM-2191	PRKDC	10uM	MCF7	24h	LINCSCP_133937
LINCSCP_112135	-0.8572299102	0.01367713966	7	BRD-A25736793	LSM-43054	MTOR	1.11uM	HEPG2	24h	LINCSCP_112135
LINCSCP_189358	0.8572176558	0.01367998034	7	MLS001065871	LSM-2017	NA	10uM	A549	24h	LINCSCP_189358
LINCSCP_74182	-0.8572041027	0.01368312247	7	Cimetidine	LSM-2404	HRH2	0.12uM	A375	24h	LINCSCP_74182
LINCSCP_111499	0.8571942067	0.01368541699	7	WH-4-025	LSM-44937	NA	10uM	HEPG2	24h	LINCSCP_111499
LINCSCP_159733	-0.8570562485	0.01371742742	7	Merbarone	LSM-45500	NA	0.04uM	PC3	24h	LINCSCP_159733
LINCSCP_16391	-0.8570458556	0.0137198406	7	ST50426557	LSM-4770	NA	10uM	HA1E	6h	LINCSCP_16391
LINCSCP_138797	0.857034473	0.01372248388	7	Mepivacaine	LSM-4306	SCN10A|SCN11A|SCN1A|SCN2A|SCN3A|SCN4A|SCN5A|SCN7A|SCN8A|SCN9A	0.04uM	MCF7	24h	LINCSCP_138797
LINCSCP_34333	-0.8569940521	0.01373187284	7	Ofloxacin	LSM-4370	NA	10uM	MCF7	6h	LINCSCP_34333
LINCSCP_15452	-0.8569657113	0.013738458	7	16,16-Dimethyl prostaglandin e2	LSM-43285	HPGD	10uM	HA1E	24h	LINCSCP_15452
LINCSCP_65579	0.8569358118	0.01374540732	7	BRD-K12285126	LSM-37903	NA	10uM	VCAP	24h	LINCSCP_65579
LINCSCP_45239	0.856905348	0.01375248985	7	Neratinib	LSM-42778	EGFR|ERBB2|ERBB4	10uM	PC3	6h	LINCSCP_45239
LINCSCP_122376	0.8568600387	0.01376302769	7	179324-69-7	LSM-6281	ADRM1|PSMA1|PSMA2|PSMA3|PSMA4|PSMA5|PSMA6|PSMA7|PSMA8|PSMB1|PSMB10|PSMB11|PSMB2|PSMB3|PSMB4|PSMB5|PSMB6|PSMB7|PSMB8|PSMB9|PSMC1|PSMC2|PSMC3|PSMC4|PSMC5|PSMC6|PSMD1|PSMD11|PSMD12|PSMD13|PSMD14|PSMD2|PSMD3|PSMD4|PSMD6|PSMD7|PSMD8|SEM1	20uM	HT29	24h	LINCSCP_122376
LINCSCP_132971	0.8567931398	0.01377859517	7	BI-2536	LSM-1041	PLK1	10uM	MCF7	3h	LINCSCP_132971
LINCSCP_121371	-0.8567867451	0.01378008374	7	Guanadrel	LSM-43257	SLC6A2	0.12uM	HT29	24h	LINCSCP_121371
LINCSCP_103609	0.8567468062	0.01378938298	7	Zileuton	LSM-5084	ALOX5	3.33uM	HELA	24h	LINCSCP_103609
LINCSCP_156407	-0.8566880881	0.0138030612	7	Ledipasvir	LSM-45925	NA	0.04uM	PC3	24h	LINCSCP_156407
LINCSCP_44918	0.8566231214	0.01381820404	7	CHEMBL1434137	LSM-6234	RARG	40uM	PC3	24h	LINCSCP_44918
LINCSCP_251715	-0.8566148639	0.01382012944	7	LDN 193189	LSM-1115	ACVR1|BMPR1A	1uM	MCF7	24h	LINCSCP_251715
LINCSCP_67308	0.8564554735	0.01385732439	7	13-Hydroxy-8,14,19-trimethoxy-4,10,12,16-tetramethyl-3,20,22-trioxo-2-azabicyclo[16.3.1]docosa-1(21),4,6,10,18-pentaen-9-yl carbamate	LSM-42815	HSP90AA1	10uM	MCF7	6h	LINCSCP_67308
LINCSCP_68782	0.8563728615	0.01387662502	7	Vorinostat	LSM-3828	HDAC1|HDAC2|HDAC3|HDAC6|HDAC8	10uM	VCAP	24h	LINCSCP_68782
LINCSCP_137040	0.8563143312	0.01389030876	7	SPECTRUM_001522	LSM-1487	NR3C1	10uM	MCF7	24h	LINCSCP_137040
LINCSCP_25537	0.8563131091	0.01389059456	7	CHEMBL399379	LSM-6245	ACLY	80uM	HT29	24h	LINCSCP_25537
LINCSCP_10438	-0.8563100599	0.01389130764	7	SCHEMBL13991002	LSM-6278	NA	40uM	A673	6h	LINCSCP_10438
LINCSCP_45094	0.8563090918	0.01389153405	7	Manumycin-A	LSM-43075	FNTA|IKBKB	10uM	PC3	6h	LINCSCP_45094
LINCSCP_42946	0.8562670132	0.01390137683	7	BRD-K05984448	LSM-8777	NA	10uM	NPC	24h	LINCSCP_42946
LINCSCP_117057	-0.8562568883	0.01390374577	7	PHA-767491	LSM-6304	NA	1.11uM	HT29	24h	LINCSCP_117057
LINCSCP_15918	-0.856193605	0.01391855757	7	ST50910137	LSM-1438	NA	10uM	HA1E	6h	LINCSCP_15918
LINCSCP_116584	0.8561710211	0.01392384565	7	PD-0325901	LSM-1101	MAP2K1|MAP2K2	3.33uM	HT29	24h	LINCSCP_116584
LINCSCP_134608	-0.856146443	0.01392960198	7	Thiocolchicoside	LSM-1316	NA	10uM	MCF7	24h	LINCSCP_134608
LINCSCP_85279	0.856128708	0.01393375644	7	Pelitinib	LSM-42796	EGFR	3.33uM	BT20	24h	LINCSCP_85279
LINCSCP_164729	0.8561040981	0.01393952256	7	Mocetinostat	LSM-5344	HDAC1|HDAC11|HDAC2|HDAC3|HDAC8	0.04uM	SKL.C	24h	LINCSCP_164729
LINCSCP_68671	0.8559894428	0.01396640439	7	Wortmannin	LSM-3947	PIK3CA|PIK3CG|PLK1	10uM	VCAP	6h	LINCSCP_68671
LINCSCP_106138	-0.8559824864	0.01396803632	7	Deoxycholic acid	LSM-5529	GPBAR1	3.33uM	HELA	24h	LINCSCP_106138
LINCSCP_83052	-0.8559353234	0.01397910338	7	Ipatasertib	LSM-6341	AKT1|AKT2|AKT3	3.33uM	ASC.C	24h	LINCSCP_83052
LINCSCP_17587	0.8559328177	0.01397969149	7	AC1MSUFC	LSM-6191	HMGCR	40uM	HCC15	6h	LINCSCP_17587
LINCSCP_130014	0.8559202174	0.01398264913	7	Gefitinib	LSM-1098	EGFR	10uM	LNCAP	24h	LINCSCP_130014
LINCSCP_125937	-0.8558664336	0.01399527776	7	Sertindole	LSM-5765	DRD2|HTR2A|HTR2C	0.04uM	HT29	24h	LINCSCP_125937
LINCSCP_227972	0.8558253787	0.01400492198	7	Loperamide	LSM-3365	OPRD1|OPRM1	10uM	HT29	6h	LINCSCP_227972
LINCSCP_141290	0.8557703688	0.01401785033	7	MG-132	LSM-1107	PSMB1	20uM	MCF7	24h	LINCSCP_141290
LINCSCP_81181	0.8556890347	0.01403697786	7	TGX 221	LSM-1172	PIK3CB	0.37uM	A549	24h	LINCSCP_81181
LINCSCP_14592	-0.8556844425	0.01403805828	7	SSR 69071	LSM-3634	ELANE	10uM	HA1E	6h	LINCSCP_14592
LINCSCP_128718	0.8556017733	0.01405751594	7	GSK-1070916	LSM-1062	AURKB|AURKC	0.04uM	HUVEC	24h	LINCSCP_128718
LINCSCP_55873	-0.8555627703	0.01406670134	7	STOCK1N-09285	LSM-1332	ESR1	10uM	VCAP	24h	LINCSCP_55873
LINCSCP_161372	-0.8555589995	0.01406758957	7	Bepotastine Besilate	LSM-45480	HRH1	10uM	PC3	24h	LINCSCP_161372
LINCSCP_264450	0.8555524369	0.01406913547	7	13-Hydroxy-8,14,19-trimethoxy-4,10,12,16-tetramethyl-3,20,22-trioxo-2-azabicyclo[16.3.1]docosa-1(21),4,6,10,18-pentaen-9-yl carbamate	LSM-42815	HSP90AA1	10uM	PC3	6h	LINCSCP_264450
LINCSCP_143909	0.855515575	0.01407782064	7	179324-69-7	LSM-6281	ADRM1|PSMA1|PSMA2|PSMA3|PSMA4|PSMA5|PSMA6|PSMA7|PSMA8|PSMB1|PSMB10|PSMB11|PSMB2|PSMB3|PSMB4|PSMB5|PSMB6|PSMB7|PSMB8|PSMB9|PSMC1|PSMC2|PSMC3|PSMC4|PSMC5|PSMC6|PSMD1|PSMD11|PSMD12|PSMD13|PSMD14|PSMD2|PSMD3|PSMD4|PSMD6|PSMD7|PSMD8|SEM1	20uM	MCF7	24h	LINCSCP_143909
LINCSCP_105149	0.8554837535	0.0140853207	7	Ticlopidine	LSM-1986	P2RY12	3.33uM	HELA	24h	LINCSCP_105149
LINCSCP_57002	0.8554417498	0.01409522409	7	ML162	LSM-1493	NA	10uM	VCAP	6h	LINCSCP_57002
LINCSCP_26327	0.8554320075	0.01409752166	7	Pramipexole	LSM-5243	DRD2|DRD3|DRD4	10uM	HT29	6h	LINCSCP_26327
LINCSCP_131449	0.8554288599	0.01409826401	7	AS-605240	LSM-42784	PIK3CG	0.04uM	MCF10A	24h	LINCSCP_131449
LINCSCP_29113	0.8554197601	0.0141004103	7	ZINC01050121	LSM-6210	NA	20uM	JHUEM2	6h	LINCSCP_29113
LINCSCP_150065	0.8553913208	0.01410711923	7	CHEMBL3347630	LSM-43292	NA	1.11uM	NPC.TAK	24h	LINCSCP_150065
LINCSCP_72680	-0.8553710835	0.0141118944	7	Propranolol	LSM-4329	ADRB1|ADRB2|ADRB3	10uM	A375	24h	LINCSCP_72680
LINCSCP_130387	0.8553102574	0.01412625241	7	AS-605240	LSM-42784	PIK3CG	3.33uM	LNCAP	3h	LINCSCP_130387
LINCSCP_68403	0.8553014556	0.01412833077	7	Vorinostat	LSM-3828	HDAC1|HDAC2|HDAC3|HDAC6|HDAC8	10uM	VCAP	24h	LINCSCP_68403
LINCSCP_51862	-0.8552828152	0.01413273286	7	TPCA-1	LSM-1136	IKBKB	0.5uM	SKBR3	24h	LINCSCP_51862
LINCSCP_144323	-0.855240842	0.0141426481	7	Dexamethasone Acetate	LSM-1915	NR3C1	10uM	MCF7	24h	LINCSCP_144323
LINCSCP_225558	0.8552153393	0.01414867449	7	Trichostatin A, Streptomyces Sp.	LSM-42814	HDAC1|HDAC10|HDAC3|HDAC4|HDAC6|HDAC7|HDAC8	10uM	HT29	6h	LINCSCP_225558
LINCSCP_102102	0.8552037556	0.01415141225	7	PD123319	LSM-45533	NA	1.11uM	HELA	24h	LINCSCP_102102
LINCSCP_16174	0.8551150877	0.0141723786	7	Tosufloxacin	LSM-5050	NA	10uM	HA1E	6h	LINCSCP_16174
LINCSCP_294810	0.855105907	0.01417455047	7	Fluticasone	LSM-5328	NR3C1|PGR	10uM	VCAP	24h	LINCSCP_294810
LINCSCP_135531	0.8549889155	0.01420224377	7	MG-132	LSM-1107	PSMB1	20uM	MCF7	24h	LINCSCP_135531
LINCSCP_1188	-0.8549732414	0.01420595635	7	172516-41-5	LSM-3332	NA	10uM	A375	24h	LINCSCP_1188
LINCSCP_31536	0.854872305	0.01422987763	7	SMR000206948	LSM-1366	NA	10uM	MCF7	24h	LINCSCP_31536
LINCSCP_78796	0.85482575	0.01424091863	7	Cyclosporin A	LSM-42829	PPIA|PPP3CA	3.33uM	A375	24h	LINCSCP_78796
LINCSCP_161319	-0.8547798682	0.01425180474	7	Cyclizine	LSM-5857	HRH1	3.33uM	PC3	24h	LINCSCP_161319
LINCSCP_240682	-0.8547737114	0.0142532659	7	SPECTRUM_001131	LSM-2307	NA	10uM	MCF7	24h	LINCSCP_240682
LINCSCP_159491	0.8547725899	0.01425353206	7	MG-132	LSM-1107	PSMB1	20uM	PC3	24h	LINCSCP_159491
LINCSCP_41306	0.8547700825	0.01425412716	7	CHIR-99021	LSM-1181	NA	10uM	NEU	6h	LINCSCP_41306
LINCSCP_73126	-0.8547509016	0.01425867993	7	Inolitazone (dihydrochloride)	LSM-45726	PPARG	0.04uM	A375	24h	LINCSCP_73126
LINCSCP_86244	-0.8547308854	0.01426343186	7	936890-98-1	LSM-42786	MTOR	10uM	BT20	3h	LINCSCP_86244
LINCSCP_63390	0.8547254277	0.01426472771	7	SCHEMBL16984312	LSM-6840	NA	5uM	VCAP	24h	LINCSCP_63390
LINCSCP_68590	0.8547252738	0.01426476426	7	Wortmannin	LSM-3947	PIK3CA|PIK3CG|PLK1	10uM	VCAP	6h	LINCSCP_68590
LINCSCP_29083	0.8546828353	0.01427484288	7	SMR000075319	LSM-6371	KPNB1	60uM	JHUEM2	6h	LINCSCP_29083
LINCSCP_106495	-0.8546611659	0.01427999067	7	Emtricitabine	LSM-45730	NA	0.04uM	HELA	24h	LINCSCP_106495
LINCSCP_52732	0.8546611142	0.01428000294	7	IN1434	LSM-2306	EGFR	10uM	SKB	24h	LINCSCP_52732
LINCSCP_2648	0.8546303813	0.01428730568	7	Pirenzepine	LSM-4001	CHRM1	10uM	A375	6h	LINCSCP_2648
LINCSCP_59020	-0.8546187713	0.01429006499	7	15D-PGJ2	LSM-43081	PPARG	10uM	VCAP	6h	LINCSCP_59020
LINCSCP_141289	0.8545576945	0.01430458597	7	MG-132	LSM-1107	PSMB1	20uM	MCF7	24h	LINCSCP_141289
LINCSCP_59770	0.8545232319	0.01431278314	7	BRD-K48986374	LSM-39996	NA	5uM	VCAP	6h	LINCSCP_59770
LINCSCP_132116	0.8545040887	0.01431733767	7	Dactolisib	LSM-4255	MTOR|PIK3CA|PIK3CB|PIK3CD|PIK3CG|PIK3R1|PIK3R2|PIK3R3|PIK3R5	1.11uM	MCF7	24h	LINCSCP_132116
LINCSCP_36637	0.8544852641	0.01432181718	7	TORIN1	LSM-1079	MTOR	10uM	MCF7	6h	LINCSCP_36637
LINCSCP_31178	-0.8543923418	0.0143439408	7	MLS002264455	LSM-3236	NA	10uM	MCF7	24h	LINCSCP_31178
LINCSCP_23138	0.8543536097	0.01435316818	7	CHEMBL2355034	LSM-37650	NA	10uM	HEPG2	6h	LINCSCP_23138
LINCSCP_152502	-0.8543065434	0.01436438562	7	WHI-P97	LSM-1033	JAK3	0.04uM	PC3	24h	LINCSCP_152502
LINCSCP_74014	-0.8542681383	0.01437354254	7	GDC-0834 (Racemate)	LSM-45549	NA	0.12uM	A375	24h	LINCSCP_74014
LINCSCP_61829	0.854262825	0.01437480965	7	BRD-K79944151	LSM-13307	NA	5uM	VCAP	24h	LINCSCP_61829
LINCSCP_252799	0.8542097299	0.01438747524	7	Parthenolide	LSM-43090	NA	10uM	MCF7	24h	LINCSCP_252799
LINCSCP_64211	-0.8542012694	0.01438949402	7	BRD-K69747917	LSM-14908	NA	5uM	VCAP	24h	LINCSCP_64211
LINCSCP_74199	-0.8541666178	0.01439776411	7	Tezampanel	LSM-45407	NA	0.12uM	A375	24h	LINCSCP_74199
LINCSCP_54537	-0.8541198545	0.01440892912	7	Tolazamide	LSM-2699	ABCC8|KCNJ11	10uM	SW948	6h	LINCSCP_54537
LINCSCP_65169	0.8541105344	0.01441115493	7	BRD-K63874400	LSM-40761	NA	10uM	VCAP	6h	LINCSCP_65169
LINCSCP_153133	0.8539650201	0.01444593201	7	Fentiazac	LSM-5342	PTGS1|PTGS2	10uM	PC3	24h	LINCSCP_153133
LINCSCP_165193	0.8539430795	0.01445117984	7	GW620972X	LSM-1209	NA	3.33uM	SKL.C	24h	LINCSCP_165193
LINCSCP_155729	0.8539224863	0.0144561064	7	TAK-733	LSM-45834	MAP2K1|MAP2K2	0.37uM	PC3	24h	LINCSCP_155729
LINCSCP_27770	0.8539120192	0.01445861081	7	BRD-K56366698	LSM-40367	NA	5uM	HT29	24h	LINCSCP_27770
LINCSCP_150838	-0.8538650444	0.0144698534	7	PF431396	LSM-1116	NA	0.37uM	PC3	24h	LINCSCP_150838
LINCSCP_132568	-0.8538556568	0.01447210074	7	Sorafenib	LSM-1008	BRAF|DDR2|FGFR1|FLT1|FLT3|FLT4|KDR|KIT|PDGFRB|RAF1|RET	0.04uM	MCF7	24h	LINCSCP_132568
LINCSCP_86374	-0.8537837709	0.01448931654	7	AT-7519	LSM-1004	CDK1|CDK10|CDK11B|CDK12|CDK13|CDK14|CDK15|CDK16|CDK17|CDK18|CDK19|CDK2|CDK20|CDK3|CDK4|CDK5|CDK6|CDK7|CDK8|CDK9	0.12uM	BT20	3h	LINCSCP_86374
LINCSCP_55840	0.8537814748	0.01448986662	7	L-Cis-Diltiazem	LSM-3819	CACNA1C	10uM	VCAP	6h	LINCSCP_55840
LINCSCP_146536	0.8537043623	0.01450834752	7	PHA-767491	LSM-6304	NA	0.04uM	NEU	24h	LINCSCP_146536
LINCSCP_41458	0.8536956099	0.01451044599	7	Troglitazone	LSM-4890	PPARG	10uM	NEU	6h	LINCSCP_41458
LINCSCP_141198	0.8536913154	0.01451147569	7	MG-132	LSM-1107	PSMB1	20uM	MCF7	24h	LINCSCP_141198
LINCSCP_163689	0.8536819356	0.01451372487	7	BRD-K01425431	NA	NA	10uM	SKBR3	24h	LINCSCP_163689
LINCSCP_116941	-0.853662694	0.01451833941	7	Ipatasertib	LSM-6341	AKT1|AKT2|AKT3	10uM	HT29	24h	LINCSCP_116941
LINCSCP_124529	0.8536550177	0.01452018059	7	179324-69-7	LSM-6281	ADRM1|PSMA1|PSMA2|PSMA3|PSMA4|PSMA5|PSMA6|PSMA7|PSMA8|PSMB1|PSMB10|PSMB11|PSMB2|PSMB3|PSMB4|PSMB5|PSMB6|PSMB7|PSMB8|PSMB9|PSMC1|PSMC2|PSMC3|PSMC4|PSMC5|PSMC6|PSMD1|PSMD11|PSMD12|PSMD13|PSMD14|PSMD2|PSMD3|PSMD4|PSMD6|PSMD7|PSMD8|SEM1	20uM	HT29	24h	LINCSCP_124529
LINCSCP_167553	-0.8534498241	0.01456944613	7	Odanacatib (MK-0822)	LSM-45851	CTSK	3.33uM	YAPC	24h	LINCSCP_167553
LINCSCP_165978	0.8534497629	0.01456946085	7	EMF-sumo1-1	NA	NA	3.33uM	SKL	24h	LINCSCP_165978
LINCSCP_38758	0.853421819	0.01457617737	7	Crizotinib	LSM-1027	ALK|MET	1.11uM	MCF7	24h	LINCSCP_38758
LINCSCP_138051	0.8534050963	0.01458019763	7	MG-132	LSM-1107	PSMB1	20uM	MCF7	24h	LINCSCP_138051
LINCSCP_290529	0.8534000532	0.01458141015	7	Flecainide	LSM-1297	SCN5A	10uM	VCAP	24h	LINCSCP_290529
LINCSCP_28759	-0.8533709736	0.01458840297	7	CGP-53353	LSM-2701	EGFR	3uM	HUH7	24h	LINCSCP_28759
LINCSCP_7459	0.8533237818	0.0145997553	7	Tyrphostin AG-494	LSM-42942	EGFR	10uM	A549	6h	LINCSCP_7459
LINCSCP_21848	-0.8532984612	0.01460584844	7	CHEMBL1887751	LSM-2647	NA	10uM	HEPG2	6h	LINCSCP_21848
LINCSCP_5587	0.8532960186	0.0146064363	7	AC1LDAF7	LSM-2506	NA	10uM	A549	24h	LINCSCP_5587
LINCSCP_5653	0.8532772501	0.01461095379	7	KUC103898N	LSM-2754	NA	10uM	A549	6h	LINCSCP_5653
LINCSCP_66224	0.8532329069	0.01462163015	7	3-Chloro-l-alanine	LSM-6205	RPS2	0.5uM	WSUDLCL2	6h	LINCSCP_66224
LINCSCP_31678	-0.8532284998	0.01462269147	7	STK468807	LSM-4170	NA	10uM	MCF7	24h	LINCSCP_31678
LINCSCP_25488	0.8532009282	0.01462933233	7	3,7-Bis(dimethylamino)phenothiazin-5-ium	LSM-4555	ACHE	10uM	HT29	24h	LINCSCP_25488
LINCSCP_116791	-0.8531484668	0.01464197282	7	EX-8678	LSM-1147	NA	0.12uM	HT29	24h	LINCSCP_116791
LINCSCP_301927	0.8530801272	0.01465844853	7	BRD-K62814224	LSM-12245	NA	5uM	VCAP	6h	LINCSCP_301927
LINCSCP_117775	-0.8530765677	0.01465930697	7	869288-64-2	LSM-1200	NA	0.12uM	HT29	24h	LINCSCP_117775
LINCSCP_84362	-0.8530202563	0.01467289125	7	Idelalisib	LSM-1205	PIK3CD|PIK3CG	0.12uM	ASC	24h	LINCSCP_84362
LINCSCP_21312	0.8530091205	0.01467557845	7	AG 14361	LSM-1988	PARP1	20uM	HEC108	6h	LINCSCP_21312
LINCSCP_39400	-0.8529184204	0.0146974759	7	Buparlisib	LSM-1148	PIK3CA|PIK3CB|PIK3CD|PIK3CG|PIK3R1|PIK3R2|PIK3R3|PIK3R5	10uM	MDAMB231	24h	LINCSCP_39400
LINCSCP_111481	0.8528852527	0.01470548813	7	YM 201636	LSM-1109	NA	10uM	HEPG2	24h	LINCSCP_111481
LINCSCP_11052	-0.8528595188	0.01471170631	7	Acitretin	LSM-43217	RARA|RARB|RARG|RXRA|RXRB|RXRG	10uM	ASC	24h	LINCSCP_11052
LINCSCP_38099	0.8528540024	0.01471303948	7	Vorinostat	LSM-3828	HDAC1|HDAC2|HDAC3|HDAC6|HDAC8	1uM	MCF7	6h	LINCSCP_38099
LINCSCP_155875	0.8528329608	0.01471812522	7	Adapalene	LSM-37048	RARA|RARB|RARG	10uM	PC3	24h	LINCSCP_155875
LINCSCP_61554	-0.8528005563	0.01472595935	7	BRD-K11517399	LSM-9131	NA	5uM	VCAP	24h	LINCSCP_61554
LINCSCP_36614	0.8527954193	0.01472720149	7	CP466722	LSM-1009	ATM	1uM	MCF7	6h	LINCSCP_36614
LINCSCP_79755	-0.8527029169	0.01474957908	7	Ibutilide	LSM-43264	KCNH2	0.04uM	A375	24h	LINCSCP_79755
LINCSCP_168657	-0.8525887929	0.01477721399	7	Clomipramine	LSM-3171	SLC6A2|SLC6A4	1.11uM	YAPC	24h	LINCSCP_168657
LINCSCP_152708	-0.8525771386	0.01478003771	7	PIMAGEDINE HYDROCHLORIDE	LSM-45273	NA	3.33uM	PC3	24h	LINCSCP_152708
LINCSCP_83807	0.8525751288	0.01478052471	7	SB-203580	LSM-1168	MAPK1|MAPK11|MAPK14	3.33uM	ASC.C	24h	LINCSCP_83807
LINCSCP_61747	0.8525462026	0.01478753472	7	BRD-K21528100	LSM-9734	NA	5uM	VCAP	24h	LINCSCP_61747
LINCSCP_212308	0.8524854702	0.01480225887	7	Dioxane	LSM-37087	NA	20uM	HA1E	24h	LINCSCP_212308
LINCSCP_35174	-0.85248351	0.01480273424	7	BRD-K00141503	LSM-37287	NA	10uM	MCF7	24h	LINCSCP_35174
LINCSCP_85102	0.8524664852	0.01480686337	7	Neratinib	LSM-42778	EGFR|ERBB2|ERBB4	0.12uM	BT20	24h	LINCSCP_85102
LINCSCP_49075	-0.8524602862	0.01480836701	7	BRD-K03464662	LSM-37463	NA	10uM	PC3	6h	LINCSCP_49075
LINCSCP_159686	0.8523921234	0.01482490649	7	Thioridazine	LSM-1863	DRD1|DRD2|DRD3|DRD4|HTR2A|HTR2C	10uM	PC3	24h	LINCSCP_159686
LINCSCP_112825	-0.8523771329	0.01482854529	7	HMN-214	LSM-42802	CSF1R|FLT1|FLT3|FLT4|KDR|KIT|PDGFRB|RET	3.33uM	HEPG2	24h	LINCSCP_112825
LINCSCP_60155	0.8523468892	0.01483588823	7	CHEMBL2141591	LSM-7182	NA	5uM	VCAP	24h	LINCSCP_60155
LINCSCP_77117	0.8523005042	0.01484715417	7	RG7388	LSM-45958	NA	0.12uM	A375	24h	LINCSCP_77117
LINCSCP_134765	-0.8522755767	0.01485321057	7	Ziprasidone	LSM-5433	DRD2|HRH1|HTR1A|HTR1B|HTR1D|HTR1E|HTR2A|HTR2C|HTR7	3.33uM	MCF7	24h	LINCSCP_134765
LINCSCP_17786	0.852232914	0.01486357918	7	3,5-Bis(4-methylbenzylidene)piperidin-4-one	LSM-42949	SENP2|USP1|USP2|USP7	10uM	HCC15	6h	LINCSCP_17786
LINCSCP_56887	0.8521768346	0.01487721483	7	Tivozanib	LSM-1005	FLT1|FLT4|KDR|KIT|PDGFRA|PDGFRB	10uM	VCAP	24h	LINCSCP_56887
LINCSCP_226	-0.8521462964	0.01488464316	7	Amisulpride	LSM-1669	DRD2|DRD3	10uM	A375	24h	LINCSCP_226
LINCSCP_135001	0.8521323853	0.01488802771	7	179324-69-7	LSM-6281	ADRM1|PSMA1|PSMA2|PSMA3|PSMA4|PSMA5|PSMA6|PSMA7|PSMA8|PSMB1|PSMB10|PSMB11|PSMB2|PSMB3|PSMB4|PSMB5|PSMB6|PSMB7|PSMB8|PSMB9|PSMC1|PSMC2|PSMC3|PSMC4|PSMC5|PSMC6|PSMD1|PSMD11|PSMD12|PSMD13|PSMD14|PSMD2|PSMD3|PSMD4|PSMD6|PSMD7|PSMD8|SEM1	20uM	MCF7	24h	LINCSCP_135001
LINCSCP_74302	0.8521088742	0.01489374891	7	Dapivirine (TMC120)	LSM-45463	NA	0.04uM	A375	24h	LINCSCP_74302
LINCSCP_85112	-0.8520874994	0.01489895134	7	SCHEMBL3954849	LSM-5982	NA	1.11uM	BT20	24h	LINCSCP_85112
LINCSCP_94840	0.8519607413	0.01492982449	7	Tivozanib	LSM-1005	FLT1|FLT4|KDR|KIT|PDGFRA|PDGFRB	10uM	HA1E	24h	LINCSCP_94840
LINCSCP_172776	-0.8519162521	0.01494066891	7	Taselisib	LSM-45140	PIK3CA|PIK3CB|PIK3CD|PIK3CG|PIK3R1|PIK3R2|PIK3R3|PIK3R5	0.04uM	YAPC	24h	LINCSCP_172776
LINCSCP_8433	-0.8519030944	0.01494387703	7	BRD-K03785392	LSM-8664	NA	5uM	A549	24h	LINCSCP_8433
LINCSCP_15279	-0.851871615	0.01495155391	7	MST-312	LSM-6230	TERT	10uM	HA1E	24h	LINCSCP_15279
LINCSCP_172759	-0.8518311212	0.01496143246	7	Picotamide	LSM-3497	TBXA2R	10uM	YAPC	24h	LINCSCP_172759
LINCSCP_161134	0.8517932113	0.01497068404	7	SU14813	LSM-45732	NA	1.11uM	PC3	24h	LINCSCP_161134
LINCSCP_59769	-0.851748448	0.01498161233	7	BRD-K45835269	LSM-39807	NA	5uM	VCAP	6h	LINCSCP_59769
LINCSCP_177986	0.8517418169	0.01498323161	7	MLS003530001	LSM-2099	NA	10uM	A375	6h	LINCSCP_177986
LINCSCP_218176	-0.8517406321	0.01498352094	7	Raloxifene	LSM-3425	ESR1|ESR2	0.37uM	HCC515	24h	LINCSCP_218176
LINCSCP_124087	0.8516965587	0.01499428604	7	179324-69-7	LSM-6281	ADRM1|PSMA1|PSMA2|PSMA3|PSMA4|PSMA5|PSMA6|PSMA7|PSMA8|PSMB1|PSMB10|PSMB11|PSMB2|PSMB3|PSMB4|PSMB5|PSMB6|PSMB7|PSMB8|PSMB9|PSMC1|PSMC2|PSMC3|PSMC4|PSMC5|PSMC6|PSMD1|PSMD11|PSMD12|PSMD13|PSMD14|PSMD2|PSMD3|PSMD4|PSMD6|PSMD7|PSMD8|SEM1	20uM	HT29	24h	LINCSCP_124087
LINCSCP_54506	-0.8516960909	0.01499440031	7	PRIMA 1	LSM-6220	ACHE	40uM	SW948	6h	LINCSCP_54506
LINCSCP_37186	0.8516672976	0.01500143561	7	SA-97378	LSM-41563	NA	10uM	MCF7	6h	LINCSCP_37186
LINCSCP_97871	0.851650414	0.01500556178	7	MG-132	LSM-1107	PSMB1	20uM	HA1E	24h	LINCSCP_97871
LINCSCP_144099	-0.8516236018	0.01501211575	7	Buspirone	LSM-4105	HTR1A	0.12uM	MCF7	24h	LINCSCP_144099
LINCSCP_117795	0.8516190841	0.01501322019	7	ZINC6718453	LSM-1198	NA	10uM	HT29	24h	LINCSCP_117795
LINCSCP_215424	0.8516094932	0.01501556509	7	Nimodipine	LSM-1659	CACNA1C|CACNA1D|CACNA1F|CACNA1S|NR3C2	10uM	HCC515	6h	LINCSCP_215424
LINCSCP_20588	0.851608338	0.01501584753	7	MLS000583375	LSM-4850	NA	10uM	HCC515	6h	LINCSCP_20588
LINCSCP_292093	0.8515675668	0.01502581817	7	VU0359995	LSM-2603	NA	10uM	VCAP	6h	LINCSCP_292093
LINCSCP_136405	-0.8515066728	0.01504071689	7	LCQ-908	LSM-45255	DGAT1	0.04uM	MCF7	24h	LINCSCP_136405
LINCSCP_70235	-0.8514979033	0.01504286319	7	Pracinostat	LSM-43290	NA	1.11uM	A375	24h	LINCSCP_70235
LINCSCP_29226	-0.8514957608	0.01504338759	7	SCHEMBL17497838	LSM-44600	NA	0.5uM	JURKAT	6h	LINCSCP_29226
LINCSCP_53964	0.8514909232	0.01504457165	7	VX-11E	LSM-6291	MAPK1	0.5uM	SNUC5	6h	LINCSCP_53964
LINCSCP_43646	-0.851466501	0.01505055019	7	SPECTRUM5_001963	LSM-44129	NA	10uM	NPC	6h	LINCSCP_43646
LINCSCP_153848	-0.8514008551	0.01506662697	7	Forskolin, NKH477	LSM-45443	NA	1.11uM	PC3	24h	LINCSCP_153848
LINCSCP_5289	-0.8513939486	0.01506831896	7	MLS003271309	LSM-3432	NA	10uM	A549	6h	LINCSCP_5289
LINCSCP_67570	0.851382403	0.0150711477	7	Wortmannin	LSM-3947	PIK3CA|PIK3CG|PLK1	10uM	MCF7	24h	LINCSCP_67570
LINCSCP_112843	0.8513525927	0.01507845278	7	CC-401	LSM-1186	NA	3.33uM	HEPG2	24h	LINCSCP_112843
LINCSCP_49313	0.8513465591	0.01507993156	7	Tacedinaline	LSM-19036	HDAC1|HDAC10|HDAC11|HDAC2|HDAC3|HDAC4|HDAC5|HDAC6|HDAC7|HDAC8|HDAC9	0.5uM	PC3	24h	LINCSCP_49313
LINCSCP_27401	0.8513248521	0.01508525248	7	BRD-K07064094	LSM-14706	NA	5uM	HT29	24h	LINCSCP_27401
LINCSCP_147588	-0.8512655919	0.01509978406	7	Doramapimod	LSM-1170	MAPK11|MAPK12|MAPK14	0.12uM	NPC.CAS9	24h	LINCSCP_147588
LINCSCP_153067	-0.8512557316	0.01510220273	7	Nevirapine	LSM-5336	CYP1A2|CYP2A6|CYP2B6|CYP2C9|CYP2D6|CYP3A4|CYP3A5	10uM	PC3	24h	LINCSCP_153067
LINCSCP_101316	0.851194428	0.01511724518	7	Calcitriol	LSM-45950	NA	3.33uM	HELA	24h	LINCSCP_101316
LINCSCP_310350	-0.8511935379	0.01511746365	7	BRD-K31096204	LSM-7254	NA	10uM	VCAP	24h	LINCSCP_310350
LINCSCP_51519	0.8511891472	0.01511854136	7	ITK Inhibitor	LSM-1043	ITK	10uM	SKBR3	6h	LINCSCP_51519
LINCSCP_298798	0.8511581428	0.01512615273	7	BRD-K54647996	LSM-7563	NA	5uM	VCAP	24h	LINCSCP_298798
LINCSCP_143002	0.8511220491	0.01513501625	7	MG-132	LSM-1107	PSMB1	20uM	MCF7	24h	LINCSCP_143002
LINCSCP_74905	-0.8510903057	0.01514281391	7	BRD-A32440707	LSM-45970	NA	0.04uM	A375	24h	LINCSCP_74905
LINCSCP_61377	0.850999414	0.01516515383	7	BRD-K79992300	LSM-13312	NA	5uM	VCAP	6h	LINCSCP_61377
LINCSCP_16919	-0.8509268789	0.01518299546	7	Methyl 1-hydroxy-7-(hydroxymethyl)-1,4a,5,7a-tetrahydrocyclopenta[c]pyran-4-carboxylate	LSM-4955	NA	10uM	HA1E	6h	LINCSCP_16919
LINCSCP_31617	0.850912167	0.01518661563	7	CHEMBL1550983	LSM-3129	NA	10uM	MCF7	24h	LINCSCP_31617
LINCSCP_65519	0.850852461	0.01520131263	7	MLS003128877	LSM-41449	NA	10uM	VCAP	6h	LINCSCP_65519
LINCSCP_66210	0.8508247401	0.01520813906	7	PX 12	LSM-4918	TXN|TXNRD1	30uM	WSUDLCL2	6h	LINCSCP_66210
LINCSCP_121428	0.8508109497	0.01521153569	7	Alaproclate	LSM-1333	SLC6A4	3.33uM	HT29	24h	LINCSCP_121428
LINCSCP_25338	0.8507360158	0.01522999969	7	Resmethrin	LSM-1846	NA	10uM	HT29	6h	LINCSCP_25338
LINCSCP_11534	-0.8507286114	0.01523182486	7	Butein	LSM-42896	ACE	10uM	ASC	24h	LINCSCP_11534
LINCSCP_26914	0.8507219926	0.01523345648	7	PP 1	LSM-3047	NA	10uM	HT29	6h	LINCSCP_26914
LINCSCP_153853	0.8507215083	0.01523357588	7	Lapatinib	LSM-1051	EGFR|ERBB2	3.33uM	PC3	24h	LINCSCP_153853
LINCSCP_307311	0.8506668833	0.01524704556	7	BRD-K47228813	LSM-11313	NA	5uM	VCAP	24h	LINCSCP_307311
LINCSCP_137159	0.8505885316	0.01526637775	7	179324-69-7	LSM-6281	ADRM1|PSMA1|PSMA2|PSMA3|PSMA4|PSMA5|PSMA6|PSMA7|PSMA8|PSMB1|PSMB10|PSMB11|PSMB2|PSMB3|PSMB4|PSMB5|PSMB6|PSMB7|PSMB8|PSMB9|PSMC1|PSMC2|PSMC3|PSMC4|PSMC5|PSMC6|PSMD1|PSMD11|PSMD12|PSMD13|PSMD14|PSMD2|PSMD3|PSMD4|PSMD6|PSMD7|PSMD8|SEM1	20uM	MCF7	24h	LINCSCP_137159
LINCSCP_12429	0.8505879233	0.01526652789	7	Wortmannin	LSM-3947	PIK3CA|PIK3CG|PLK1	10uM	CD34	6h	LINCSCP_12429
LINCSCP_45621	-0.8505846924	0.01526732536	7	ML179	LSM-3734	NA	10uM	PC3	6h	LINCSCP_45621
LINCSCP_135174	0.8505610356	0.0152731653	7	MG-132	LSM-1107	PSMB1	20uM	MCF7	24h	LINCSCP_135174
LINCSCP_160242	-0.8505535526	0.01527501283	7	AZD7762	LSM-45536	CHEK1	0.12uM	PC3	24h	LINCSCP_160242
LINCSCP_70521	0.8505495119	0.01527601052	7	Dasatinib	LSM-1020	ABL1|BCR|BLK|EPHA2|FGR|FRK|FYN|HCK|KIT|LCK|LYN|PDGFRB|SRC|SRMS|YES1	0.37uM	A375	24h	LINCSCP_70521
LINCSCP_56314	-0.8504714971	0.01529528041	7	Securinine	LSM-6733	GABRA1	10uM	VCAP	6h	LINCSCP_56314
LINCSCP_81163	-0.850461351	0.01529778754	7	Buparlisib	LSM-1148	PIK3CA|PIK3CB|PIK3CD|PIK3CG|PIK3R1|PIK3R2|PIK3R3|PIK3R5	0.37uM	A549	24h	LINCSCP_81163
LINCSCP_164012	0.8504191398	0.0153082206	7	PD-173074	LSM-1026	FGFR1|FGFR3	10uM	SKBR3	3h	LINCSCP_164012
LINCSCP_139822	-0.8503967049	0.01531376732	7	Niacin	LSM-4676	HCAR2|HCAR3	0.12uM	MCF7	24h	LINCSCP_139822
LINCSCP_24808	-0.8503901847	0.01531537957	7	HMN-214	LSM-42802	CSF1R|FLT1|FLT3|FLT4|KDR|KIT|PDGFRB|RET	0.1uM	HS578T	24h	LINCSCP_24808
LINCSCP_165617	0.8503823649	0.0153173133	7	AZD-1775	LSM-1153	WEE1	1.11uM	SKL	24h	LINCSCP_165617
LINCSCP_162418	-0.8503567242	0.01532365486	7	Mycophenolate Mofetil	LSM-43041	IMPDH1|IMPDH2	1.11uM	PC3	24h	LINCSCP_162418
LINCSCP_5225	-0.8503525479	0.01532468792	7	MLS002264514	LSM-42882	NA	10uM	A549	6h	LINCSCP_5225
LINCSCP_13602	-0.8503258027	0.0153313045	7	PS-1145	LSM-5975	IKBKB	5uM	H1299	6h	LINCSCP_13602
LINCSCP_36698	0.8503142418	0.01533416509	7	TORIN-2	LSM-1080	MTOR	10uM	MCF7	6h	LINCSCP_36698
LINCSCP_115169	-0.850314113	0.01533419696	7	WZ3105	LSM-5970	CLK2|CSNK1E|FLT3|ULK1	0.04uM	HS578T	3h	LINCSCP_115169
LINCSCP_88524	0.8502954485	0.01533881591	7	WZ 4002	LSM-1085	EGFR|ERBB2	0.37uM	HA1E	24h	LINCSCP_88524
LINCSCP_66610	-0.8502806454	0.0153424798	7	Vorinostat	LSM-3828	HDAC1|HDAC2|HDAC3|HDAC6|HDAC8	0.5uM	A549	24h	LINCSCP_66610
LINCSCP_220355	0.8502476125	0.01535065758	7	Amlodipine	LSM-1388	CACNA1C|CACNA1D|CACNA1F|CACNA1S|CACNA2D1	10uM	HEPG2	6h	LINCSCP_220355
LINCSCP_306583	0.8502367826	0.01535333921	7	BRD-K48225424	LSM-11362	NA	5uM	VCAP	6h	LINCSCP_306583
LINCSCP_17763	-0.8501867998	0.01536571916	7	PI-103	LSM-1126	MTOR|PIK3CA|PIK3CB|PIK3CD|PIK3CG	10uM	HCC15	6h	LINCSCP_17763
LINCSCP_37783	0.8501485677	0.01537519247	7	SA-1920756	LSM-38561	NA	1uM	MCF7	6h	LINCSCP_37783
LINCSCP_65898	0.8500458488	0.01540066109	7	BRD-K97863769	LSM-42568	NA	10uM	VCAP	6h	LINCSCP_65898
LINCSCP_139894	-0.8500001469	0.01541200039	7	TAK-242	LSM-45934	NA	0.04uM	MCF7	24h	LINCSCP_139894
LINCSCP_113019	-0.8499990923	0.01541226209	7	Mitoxantrone	LSM-2481	TOP2A	0.12uM	HME1	24h	LINCSCP_113019
LINCSCP_173993	0.8499036275	0.01543596387	7	Falnidamol	LSM-3584	EGFR	10uM	YAPC	24h	LINCSCP_173993
LINCSCP_43331	0.8498954855	0.01543798629	7	BRD-K47535255	LSM-37099	NA	10uM	NPC	6h	LINCSCP_43331
LINCSCP_25478	0.8498708389	0.01544410933	7	Fedratinib	LSM-1142	FLT3|JAK2	10uM	HT29	24h	LINCSCP_25478
LINCSCP_33275	-0.8498686608	0.01544465051	7	Aloisine A	LSM-4110	CDK2	10uM	MCF7	6h	LINCSCP_33275
LINCSCP_138239	0.8498449256	0.01545054856	7	179324-69-7	LSM-6281	ADRM1|PSMA1|PSMA2|PSMA3|PSMA4|PSMA5|PSMA6|PSMA7|PSMA8|PSMB1|PSMB10|PSMB11|PSMB2|PSMB3|PSMB4|PSMB5|PSMB6|PSMB7|PSMB8|PSMB9|PSMC1|PSMC2|PSMC3|PSMC4|PSMC5|PSMC6|PSMD1|PSMD11|PSMD12|PSMD13|PSMD14|PSMD2|PSMD3|PSMD4|PSMD6|PSMD7|PSMD8|SEM1	20uM	MCF7	24h	LINCSCP_138239
LINCSCP_155420	-0.8498376283	0.01545236214	7	Lesinurad	LSM-45661	SLC22A12	0.04uM	PC3	24h	LINCSCP_155420
LINCSCP_284741	-0.8498259552	0.0154552635	7	E-Doxepin	LSM-42947	HRH1|HRH2|SLC6A2|SLC6A4	10uM	SKB	24h	LINCSCP_284741
LINCSCP_40115	0.8498136973	0.01545831052	7	10-DEBC	LSM-4710	PIM1	20uM	NCIH2073	6h	LINCSCP_40115
LINCSCP_136969	0.8497581683	0.01547211808	7	MG-132	LSM-1107	PSMB1	20uM	MCF7	24h	LINCSCP_136969
LINCSCP_122016	0.8497015043	0.01548621511	7	179324-69-7	LSM-6281	ADRM1|PSMA1|PSMA2|PSMA3|PSMA4|PSMA5|PSMA6|PSMA7|PSMA8|PSMB1|PSMB10|PSMB11|PSMB2|PSMB3|PSMB4|PSMB5|PSMB6|PSMB7|PSMB8|PSMB9|PSMC1|PSMC2|PSMC3|PSMC4|PSMC5|PSMC6|PSMD1|PSMD11|PSMD12|PSMD13|PSMD14|PSMD2|PSMD3|PSMD4|PSMD6|PSMD7|PSMD8|SEM1	20uM	HT29	24h	LINCSCP_122016
LINCSCP_19799	-0.8496527747	0.01549834405	7	CHEMBL1890309	LSM-4107	NA	10uM	HCC515	6h	LINCSCP_19799
LINCSCP_137517	0.8496471501	0.01549974438	7	179324-69-7	LSM-6281	ADRM1|PSMA1|PSMA2|PSMA3|PSMA4|PSMA5|PSMA6|PSMA7|PSMA8|PSMB1|PSMB10|PSMB11|PSMB2|PSMB3|PSMB4|PSMB5|PSMB6|PSMB7|PSMB8|PSMB9|PSMC1|PSMC2|PSMC3|PSMC4|PSMC5|PSMC6|PSMD1|PSMD11|PSMD12|PSMD13|PSMD14|PSMD2|PSMD3|PSMD4|PSMD6|PSMD7|PSMD8|SEM1	20uM	MCF7	24h	LINCSCP_137517
LINCSCP_83596	0.8496391392	0.01550173896	7	UNC0638	LSM-6325	NA	0.12uM	ASC.C	24h	LINCSCP_83596
LINCSCP_165477	-0.8496073722	0.01550964975	7	GSK 1059615	LSM-42799	PIK3CA|PIK3CB|PIK3CD|PIK3CG	0.04uM	SKL	24h	LINCSCP_165477
LINCSCP_4243	0.8495980775	0.01551196482	7	BDBM50127227	LSM-43025	FNTA|IKBKB	10uM	A549	24h	LINCSCP_4243
LINCSCP_104164	0.8495617453	0.01552101607	7	GDC-0834 (Racemate)	LSM-45549	NA	0.04uM	HELA	24h	LINCSCP_104164
LINCSCP_260210	-0.8495309886	0.0155286807	7	HEMICHOLINIUM-3	LSM-4994	NA	10uM	NKDBA	24h	LINCSCP_260210
LINCSCP_56523	0.8494698032	0.0155439346	7	L-755,507	LSM-1912	ADRB3	10uM	VCAP	6h	LINCSCP_56523
LINCSCP_39621	0.8493773495	0.01556700012	7	MLS006011051	LSM-42801	BRAF	10uM	MDAMB231	6h	LINCSCP_39621
LINCSCP_153005	0.8493331317	0.01557803857	7	MK-8245	LSM-45756	NA	0.12uM	PC3	24h	LINCSCP_153005
LINCSCP_2805	0.8493015277	0.01558593086	7	MG-132	LSM-1107	PSMB1	10uM	A375	6h	LINCSCP_2805
LINCSCP_309993	-0.8492819545	0.01559081991	7	BRD-K21994180	LSM-38461	NA	30uM	VCAP	24h	LINCSCP_309993
LINCSCP_148954	0.8492443157	0.0156002239	7	Pracinostat	LSM-43290	NA	0.04uM	NPC	24h	LINCSCP_148954
LINCSCP_16019	0.8492383791	0.01560170744	7	CHEMBL2426181	LSM-3160	NA	10uM	HA1E	6h	LINCSCP_16019
LINCSCP_1039	0.8492342755	0.01560273295	7	179324-69-7	LSM-6281	ADRM1|PSMA1|PSMA2|PSMA3|PSMA4|PSMA5|PSMA6|PSMA7|PSMA8|PSMB1|PSMB10|PSMB11|PSMB2|PSMB3|PSMB4|PSMB5|PSMB6|PSMB7|PSMB8|PSMB9|PSMC1|PSMC2|PSMC3|PSMC4|PSMC5|PSMC6|PSMD1|PSMD11|PSMD12|PSMD13|PSMD14|PSMD2|PSMD3|PSMD4|PSMD6|PSMD7|PSMD8|SEM1	0.01uM	A375	6h	LINCSCP_1039
LINCSCP_36690	0.8492295365	0.01560391732	7	BI-2536	LSM-1041	PLK1	10uM	MCF7	6h	LINCSCP_36690
LINCSCP_179608	-0.8491938553	0.0156128364	7	Triamterene	LSM-4060	SCNN1A|SCNN1B|SCNN1G	10uM	A375	6h	LINCSCP_179608
LINCSCP_157059	0.8491227861	0.01563060993	7	AC1NWAQV	LSM-1503	NR3C1	0.37uM	PC3	24h	LINCSCP_157059
LINCSCP_85219	-0.8490748649	0.01564260093	7	LDN 193189	LSM-1115	ACVR1|BMPR1A	3.33uM	BT20	24h	LINCSCP_85219
LINCSCP_32090	-0.849056042	0.01564731229	7	AC1MGQL6	LSM-4334	NA	10uM	MCF7	24h	LINCSCP_32090
LINCSCP_26402	-0.8490323849	0.01565323481	7	2-(1-Pyrrolidinyl)-4(3H)-quinazolinone	LSM-4815	NA	10uM	HT29	6h	LINCSCP_26402
LINCSCP_235577	-0.8489780177	0.01566685038	7	SCHEMBL16226068	LSM-43297	HSP90AA1	0.1uM	MCF7	24h	LINCSCP_235577
LINCSCP_137155	0.8489547717	0.0156726741	7	179324-69-7	LSM-6281	ADRM1|PSMA1|PSMA2|PSMA3|PSMA4|PSMA5|PSMA6|PSMA7|PSMA8|PSMB1|PSMB10|PSMB11|PSMB2|PSMB3|PSMB4|PSMB5|PSMB6|PSMB7|PSMB8|PSMB9|PSMC1|PSMC2|PSMC3|PSMC4|PSMC5|PSMC6|PSMD1|PSMD11|PSMD12|PSMD13|PSMD14|PSMD2|PSMD3|PSMD4|PSMD6|PSMD7|PSMD8|SEM1	20uM	MCF7	24h	LINCSCP_137155
LINCSCP_146775	0.848941748	0.01567593741	7	GSK-J1	LSM-44939	NA	0.12uM	NEU	24h	LINCSCP_146775
LINCSCP_56385	0.8489279845	0.01567938652	7	SKF96365	LSM-1766	CYP3A4|TRPC1	10uM	VCAP	24h	LINCSCP_56385
LINCSCP_61525	0.8489018364	0.01568594039	7	CHEMBL2358923	LSM-9008	NA	5uM	VCAP	6h	LINCSCP_61525
LINCSCP_137603	0.848835404	0.01570259828	7	MG-132	LSM-1107	PSMB1	20uM	MCF7	24h	LINCSCP_137603
LINCSCP_151987	0.8487186409	0.015731901	7	STK219801	LSM-43281	NA	0.12uM	PC3	24h	LINCSCP_151987
LINCSCP_151906	-0.8486646636	0.01574545759	7	GSK-J1	LSM-44939	NA	3.33uM	PC3	24h	LINCSCP_151906
LINCSCP_119779	0.8486528219	0.01574843258	7	179324-69-7	LSM-6281	ADRM1|PSMA1|PSMA2|PSMA3|PSMA4|PSMA5|PSMA6|PSMA7|PSMA8|PSMB1|PSMB10|PSMB11|PSMB2|PSMB3|PSMB4|PSMB5|PSMB6|PSMB7|PSMB8|PSMB9|PSMC1|PSMC2|PSMC3|PSMC4|PSMC5|PSMC6|PSMD1|PSMD11|PSMD12|PSMD13|PSMD14|PSMD2|PSMD3|PSMD4|PSMD6|PSMD7|PSMD8|SEM1	20uM	HT29	24h	LINCSCP_119779
LINCSCP_226074	0.8486430657	0.01575088386	7	NSC403917	LSM-4816	NA	10uM	HT29	6h	LINCSCP_226074
LINCSCP_121658	0.8486368775	0.01575243878	7	179324-69-7	LSM-6281	ADRM1|PSMA1|PSMA2|PSMA3|PSMA4|PSMA5|PSMA6|PSMA7|PSMA8|PSMB1|PSMB10|PSMB11|PSMB2|PSMB3|PSMB4|PSMB5|PSMB6|PSMB7|PSMB8|PSMB9|PSMC1|PSMC2|PSMC3|PSMC4|PSMC5|PSMC6|PSMD1|PSMD11|PSMD12|PSMD13|PSMD14|PSMD2|PSMD3|PSMD4|PSMD6|PSMD7|PSMD8|SEM1	20uM	HT29	24h	LINCSCP_121658
LINCSCP_19631	0.8485992492	0.0157618956	7	MLS000108814	LSM-1588	NA	10uM	HCC515	6h	LINCSCP_19631
LINCSCP_148547	0.848564546	0.01577062017	7	Dasatinib	LSM-1020	ABL1|BCR|BLK|EPHA2|FGR|FRK|FYN|HCK|KIT|LCK|LYN|PDGFRB|SRC|SRMS|YES1	0.37uM	NPC	24h	LINCSCP_148547
LINCSCP_81048	0.8485372471	0.01577748516	7	PD-0325901	LSM-1101	MAP2K1|MAP2K2	1.11uM	A549	24h	LINCSCP_81048
LINCSCP_154679	-0.8485294583	0.01577944417	7	Sufentanil	LSM-45544	OPRM1	10uM	PC3	24h	LINCSCP_154679
LINCSCP_111318	-0.8485215208	0.01578144072	7	LDN 193189	LSM-1115	ACVR1|BMPR1A	0.04uM	HEPG2	24h	LINCSCP_111318
LINCSCP_141118	0.8484562691	0.01579785918	7	179324-69-7	LSM-6281	ADRM1|PSMA1|PSMA2|PSMA3|PSMA4|PSMA5|PSMA6|PSMA7|PSMA8|PSMB1|PSMB10|PSMB11|PSMB2|PSMB3|PSMB4|PSMB5|PSMB6|PSMB7|PSMB8|PSMB9|PSMC1|PSMC2|PSMC3|PSMC4|PSMC5|PSMC6|PSMD1|PSMD11|PSMD12|PSMD13|PSMD14|PSMD2|PSMD3|PSMD4|PSMD6|PSMD7|PSMD8|SEM1	20uM	MCF7	24h	LINCSCP_141118
LINCSCP_152206	-0.8483656888	0.01582066693	7	SCHEMBL16980224	LSM-1092	AURKA	0.37uM	PC3	24h	LINCSCP_152206
LINCSCP_97145	0.848330407	0.0158295558	7	Glycopyrrolate	LSM-5163	CHRM1|CHRM2|CHRM3	10uM	HA1E	24h	LINCSCP_97145
LINCSCP_147369	-0.8483259485	0.01583067928	7	TIE2 Kinase Inhibitor	LSM-1194	NA	0.04uM	NEU	24h	LINCSCP_147369
LINCSCP_163566	0.8482899916	0.01583974154	7	PD-0325901	LSM-1101	MAP2K1|MAP2K2	1.11uM	SKBR3	24h	LINCSCP_163566
LINCSCP_160471	-0.8481962036	0.01586339299	7	sn-Glycero-3-phosphocholine	LSM-45427	NA	0.04uM	PC3	24h	LINCSCP_160471
LINCSCP_54579	0.8481931053	0.01586417464	7	ABT737	LSM-1180	BCL2|BCL2L1|BCL2L2	10uM	SW948	6h	LINCSCP_54579
LINCSCP_257951	-0.8481660745	0.01587099519	7	ST50920250	LSM-4230	NA	10uM	NEU	24h	LINCSCP_257951
LINCSCP_79936	-0.848109211	0.01588534873	7	Cinaciguat	LSM-45801	NA	1.11uM	A375	24h	LINCSCP_79936
LINCSCP_113702	-0.8480852956	0.0158913877	7	1166227-08-2	LSM-1204	NA	3.33uM	HME1	24h	LINCSCP_113702
LINCSCP_28739	0.8479638526	0.01592207389	7	CHEMBL2355890	LSM-6823	NA	10uM	HUH7	24h	LINCSCP_28739
LINCSCP_147603	0.8478519102	0.01595038937	7	HG-9-91-01	LSM-6343	NA	1.11uM	NPC.CAS9	24h	LINCSCP_147603
LINCSCP_160862	0.8478119866	0.01596049487	7	Luliconazole	LSM-45409	NA	10uM	PC3	24h	LINCSCP_160862
LINCSCP_155623	-0.8477868614	0.01596685645	7	Brivanib	LSM-5421	FGFR1|FGFR2|FGFR3|FGFR4|FLT1|FLT4|KDR	0.04uM	PC3	24h	LINCSCP_155623
LINCSCP_165081	0.8477830093	0.01596783192	7	Rigosertib	LSM-44531	CDK1|F2R|FLT1|FYN|PDGFRA|PLK1|PLK2|SRC	0.37uM	SKL.C	24h	LINCSCP_165081
LINCSCP_25632	-0.8477675829	0.01597173867	7	Veliparib	LSM-1146	PARP1|PARP2	10uM	HT29	24h	LINCSCP_25632
LINCSCP_129353	-0.8477085693	0.0159866889	7	WHI-P97	LSM-1033	JAK3	10uM	HUVEC	24h	LINCSCP_129353
LINCSCP_310685	-0.8476967626	0.01598968092	7	BRD-K86335338	LSM-41981	NA	10uM	VCAP	6h	LINCSCP_310685
LINCSCP_54520	0.8476838982	0.01599294134	7	Skiii	LSM-2462	SPHK1	40uM	SW948	6h	LINCSCP_54520
LINCSCP_1961	0.8476585128	0.01599937625	7	Thiostrepton	LSM-43142	FOXM1	10uM	A375	6h	LINCSCP_1961
LINCSCP_88887	-0.8476471364	0.01600226053	7	UNC0638	LSM-6325	NA	3.33uM	HA1E	24h	LINCSCP_88887
LINCSCP_151276	-0.8475750256	0.01602054974	7	Dasatinib	LSM-1020	ABL1|BCR|BLK|EPHA2|FGR|FRK|FYN|HCK|KIT|LCK|LYN|PDGFRB|SRC|SRMS|YES1	0.37uM	PC3	24h	LINCSCP_151276
LINCSCP_28394	0.8475546101	0.01602572984	7	CHEMBL2358276	LSM-44891	NA	10uM	HT29	24h	LINCSCP_28394
LINCSCP_20599	-0.8475225193	0.01603387424	7	CHEMBL2142832	LSM-6098	NA	10uM	HCC515	6h	LINCSCP_20599
LINCSCP_257290	-0.8475178972	0.01603504748	7	Chloroquine	LSM-1901	NA	10uM	NCIH508	6h	LINCSCP_257290
LINCSCP_58516	0.8474957634	0.01604066649	7	CHEMBL2359502	LSM-42618	NA	10uM	VCAP	6h	LINCSCP_58516
LINCSCP_42072	-0.8474729536	0.01604645828	7	CHEMBL2204241	LSM-36798	NA	0.1uM	NOMO1	6h	LINCSCP_42072
LINCSCP_39958	0.8474401147	0.01605479873	7	CHEMBL3182405	LSM-4793	NA	10uM	NCIH1836	6h	LINCSCP_39958
LINCSCP_156668	0.8474375055	0.01605546153	7	Adarotene	LSM-45863	NA	1.11uM	PC3	24h	LINCSCP_156668
LINCSCP_109965	-0.8474368815	0.01605562003	7	Resiquimod	LSM-45841	NA	10uM	HELA	24h	LINCSCP_109965
LINCSCP_153375	-0.8474177388	0.0160604832	7	Bosutinib	LSM-1190	ABL1|BCR|CAMK2G|HCK|LYN|SRC	0.37uM	PC3	24h	LINCSCP_153375
LINCSCP_134554	0.8473925119	0.0160668933	7	179324-69-7	LSM-6281	ADRM1|PSMA1|PSMA2|PSMA3|PSMA4|PSMA5|PSMA6|PSMA7|PSMA8|PSMB1|PSMB10|PSMB11|PSMB2|PSMB3|PSMB4|PSMB5|PSMB6|PSMB7|PSMB8|PSMB9|PSMC1|PSMC2|PSMC3|PSMC4|PSMC5|PSMC6|PSMD1|PSMD11|PSMD12|PSMD13|PSMD14|PSMD2|PSMD3|PSMD4|PSMD6|PSMD7|PSMD8|SEM1	20uM	MCF7	24h	LINCSCP_134554
LINCSCP_14063	0.8473715574	0.01607221892	7	Clozapine	LSM-2823	ADRA1A|ADRA1B|CHRM1|CHRM2|CHRM3|CHRM4|DRD1|DRD2|DRD3|DRD4|HRH1|HRH4|HTR1A|HTR1B|HTR1D|HTR1E|HTR2A|HTR2C|HTR6|HTR7	10uM	HA1E	24h	LINCSCP_14063
LINCSCP_111997	0.8473085203	0.01608824596	7	AZ628	LSM-1050	BRAF|RAF1	1.11uM	HEPG2	24h	LINCSCP_111997
LINCSCP_117900	-0.8473014624	0.01609004096	7	WHI-P97	LSM-1033	JAK3	0.37uM	HT29	24h	LINCSCP_117900
LINCSCP_140596	-0.8472921521	0.01609240902	7	Corvasal	LSM-25617	NA	0.04uM	MCF7	24h	LINCSCP_140596
LINCSCP_25979	0.8472751644	0.01609673029	7	AC1MJZSK	LSM-4002	NA	10uM	HT29	24h	LINCSCP_25979
LINCSCP_151858	-0.8472432409	0.01610485269	7	Iniparib	LSM-6317	PARP1	3.33uM	PC3	24h	LINCSCP_151858
LINCSCP_14695	-0.8471783484	0.01612137066	7	Chloroxine	LSM-2371	NA	10uM	HA1E	24h	LINCSCP_14695
LINCSCP_94959	-0.8471685444	0.01612386705	7	Manumycin-A	LSM-43075	FNTA|IKBKB	0.04uM	HA1E	24h	LINCSCP_94959
LINCSCP_85201	-0.847149379	0.01612874778	7	CGP 60474	LSM-1025	CDK1	3.33uM	BT20	24h	LINCSCP_85201
LINCSCP_155738	0.8471365396	0.01613201796	7	GDC-0834 (Racemate)	LSM-45549	NA	10uM	PC3	24h	LINCSCP_155738
LINCSCP_129417	0.8471169236	0.01613701486	7	Tivozanib	LSM-1005	FLT1|FLT4|KDR|KIT|PDGFRA|PDGFRB	10uM	JURKAT	24h	LINCSCP_129417
LINCSCP_53725	0.8471163197	0.01613716871	7	MLN 2238	LSM-4944	PSMB1	10uM	SNU1040	6h	LINCSCP_53725
LINCSCP_138220	-0.8471129683	0.01613802252	7	BRD-K00486725	LSM-45808	NA	0.12uM	MCF7	24h	LINCSCP_138220
LINCSCP_67567	0.8471116991	0.01613834588	7	Mebendazole	LSM-3749	NA	40uM	MCF7	6h	LINCSCP_67567
LINCSCP_25492	-0.8470858013	0.01614494467	7	Gallocatechin Gallate	LSM-6228	BACE1|FASN	90uM	HT29	24h	LINCSCP_25492
LINCSCP_124345	0.8470623463	0.01615092234	7	MG-132	LSM-1107	PSMB1	20uM	HT29	24h	LINCSCP_124345
LINCSCP_33001	0.8470538403	0.01615309047	7	CGP71683A	LSM-2692	NPY5R	10uM	MCF7	6h	LINCSCP_33001
LINCSCP_30732	0.8470534931	0.01615317897	7	RS-23597-190	LSM-6204	HTR4	100uM	MCF7	6h	LINCSCP_30732
LINCSCP_19630	0.847017152	0.01616244399	7	CHEMBL1406616	LSM-1551	NA	10uM	HCC515	6h	LINCSCP_19630
LINCSCP_138727	0.8469981727	0.01616728389	7	Lofexidine	LSM-4951	ADRA2A	3.33uM	MCF7	24h	LINCSCP_138727
LINCSCP_238410	0.8469739758	0.01617345553	7	MLS001065858	LSM-3606	NA	10uM	MCF7	24h	LINCSCP_238410
LINCSCP_116093	-0.8469624447	0.01617639712	7	Imatinib	LSM-1023	ABL1|BCR|CSF1R|KIT|PDGFRA|PDGFRB	3.33uM	HS578T	3h	LINCSCP_116093
LINCSCP_42910	0.8469420892	0.01618159054	7	GP 1A	LSM-3458	CNR2	10uM	NPC	24h	LINCSCP_42910
LINCSCP_4033	0.8468475247	0.01620572986	7	Apatinib Hydrochloride	LSM-4810	HDAC1|HDAC10|HDAC11|HDAC2|HDAC3|HDAC4|HDAC5|HDAC6|HDAC7|HDAC8|HDAC9	0.12uM	A375	24h	LINCSCP_4033
LINCSCP_75452	-0.8468455508	0.01620623396	7	Ambrisentan	LSM-45789	EDNRA|EDNRB	10uM	A375	24h	LINCSCP_75452
LINCSCP_212310	-0.8468129812	0.01621455284	7	Trichloroethylene	LSM-37096	NA	10uM	HA1E	24h	LINCSCP_212310
LINCSCP_115552	-0.8467831941	0.01622216316	7	MK-2206	LSM-1057	AKT1|AKT2|AKT3	0.12uM	HS578T	24h	LINCSCP_115552
LINCSCP_145119	0.8467601661	0.01622804797	7	TORIN-2	LSM-1080	MTOR	10uM	MDAMB231	3h	LINCSCP_145119
LINCSCP_120133	0.8467465039	0.01623153995	7	179324-69-7	LSM-6281	ADRM1|PSMA1|PSMA2|PSMA3|PSMA4|PSMA5|PSMA6|PSMA7|PSMA8|PSMB1|PSMB10|PSMB11|PSMB2|PSMB3|PSMB4|PSMB5|PSMB6|PSMB7|PSMB8|PSMB9|PSMC1|PSMC2|PSMC3|PSMC4|PSMC5|PSMC6|PSMD1|PSMD11|PSMD12|PSMD13|PSMD14|PSMD2|PSMD3|PSMD4|PSMD6|PSMD7|PSMD8|SEM1	20uM	HT29	24h	LINCSCP_120133
LINCSCP_116385	0.8467428275	0.01623247968	7	Fedratinib	LSM-1142	FLT3|JAK2	10uM	HT29	24h	LINCSCP_116385
LINCSCP_137518	0.8467312824	0.01623543097	7	179324-69-7	LSM-6281	ADRM1|PSMA1|PSMA2|PSMA3|PSMA4|PSMA5|PSMA6|PSMA7|PSMA8|PSMB1|PSMB10|PSMB11|PSMB2|PSMB3|PSMB4|PSMB5|PSMB6|PSMB7|PSMB8|PSMB9|PSMC1|PSMC2|PSMC3|PSMC4|PSMC5|PSMC6|PSMD1|PSMD11|PSMD12|PSMD13|PSMD14|PSMD2|PSMD3|PSMD4|PSMD6|PSMD7|PSMD8|SEM1	20uM	MCF7	24h	LINCSCP_137518
LINCSCP_250412	0.8467242576	0.01623722684	7	Perhexiline	LSM-4353	CPT1A|CPT2	10uM	MCF7	24h	LINCSCP_250412
LINCSCP_12720	-0.8466918826	0.01624550504	7	MLS003672589	LSM-36804	NA	10uM	COV644	6h	LINCSCP_12720
LINCSCP_17118	0.8466765878	0.0162494167	7	Broad-Sai-296	LSM-45315	NA	0.5uM	HA1E	24h	LINCSCP_17118
LINCSCP_15588	-0.8466039387	0.01626800415	7	ST021200	LSM-4601	NA	10uM	HA1E	6h	LINCSCP_15588
LINCSCP_300951	-0.8465898805	0.01627160236	7	BRD-K37847786	LSM-10719	NA	5uM	VCAP	6h	LINCSCP_300951
LINCSCP_273157	-0.8465882082	0.01627203042	7	Doxazosin	LSM-4335	ADRA1A|ADRA1B|ADRA1D	10uM	PC3	24h	LINCSCP_273157
LINCSCP_135173	0.8465769776	0.01627490529	7	MG-132	LSM-1107	PSMB1	20uM	MCF7	24h	LINCSCP_135173
LINCSCP_65645	-0.8465655455	0.01627783203	7	BRD-K45845536	LSM-39808	NA	10uM	VCAP	24h	LINCSCP_65645
LINCSCP_238701	0.8465118794	0.01629157514	7	KUC103893N	LSM-3951	NA	10uM	MCF7	6h	LINCSCP_238701
LINCSCP_130036	0.8464809532	0.01629949787	7	AS-605240	LSM-42784	PIK3CG	0.12uM	LNCAP	24h	LINCSCP_130036
LINCSCP_21682	-0.8464806561	0.016299574	7	PP-30	LSM-6238	RAF1	10uM	HEPG2	6h	LINCSCP_21682
LINCSCP_141114	0.8464480163	0.01630793813	7	179324-69-7	LSM-6281	ADRM1|PSMA1|PSMA2|PSMA3|PSMA4|PSMA5|PSMA6|PSMA7|PSMA8|PSMB1|PSMB10|PSMB11|PSMB2|PSMB3|PSMB4|PSMB5|PSMB6|PSMB7|PSMB8|PSMB9|PSMC1|PSMC2|PSMC3|PSMC4|PSMC5|PSMC6|PSMD1|PSMD11|PSMD12|PSMD13|PSMD14|PSMD2|PSMD3|PSMD4|PSMD6|PSMD7|PSMD8|SEM1	20uM	MCF7	24h	LINCSCP_141114
LINCSCP_63003	0.8464373932	0.01631066091	7	BRD-K00347903	LSM-37298	NA	5uM	VCAP	24h	LINCSCP_63003
LINCSCP_62116	0.8464265038	0.01631345219	7	BRD-K07601300	LSM-8884	NA	5uM	VCAP	24h	LINCSCP_62116
LINCSCP_125653	-0.8464069822	0.01631845685	7	GDC-0068	LSM-45747	NA	0.37uM	HT29	24h	LINCSCP_125653
LINCSCP_188741	-0.8463780398	0.01632587828	7	MLS003529999	LSM-3481	NA	10uM	A549	6h	LINCSCP_188741
LINCSCP_28356	0.8463281462	0.01633867657	7	BRD-K41335306	LSM-44762	NA	10uM	HT29	24h	LINCSCP_28356
LINCSCP_51360	0.8463266222	0.01633906759	7	AS-605240	LSM-42784	PIK3CG	10uM	SKBR3	24h	LINCSCP_51360
LINCSCP_81051	0.8463254635	0.01633936487	7	PD-0325901	LSM-1101	MAP2K1|MAP2K2	0.04uM	A549	24h	LINCSCP_81051
LINCSCP_61846	0.8462916966	0.01634802991	7	BRD-K91787616	LSM-14070	NA	5uM	VCAP	24h	LINCSCP_61846
LINCSCP_27150	-0.8462195405	0.01636655492	7	Triciribine	LSM-3810	AKT1|AKT2|AKT3	10uM	HT29	6h	LINCSCP_27150
LINCSCP_37204	0.846162908	0.01638110287	7	SA-1925621	LSM-42390	NA	1uM	MCF7	6h	LINCSCP_37204
LINCSCP_143358	0.8461535484	0.01638350789	7	MG-132	LSM-1107	PSMB1	20uM	MCF7	24h	LINCSCP_143358
LINCSCP_36360	0.8460938359	0.0163988563	7	3-Chloro-l-alanine	LSM-6205	RPS2	1uM	MCF7	6h	LINCSCP_36360
LINCSCP_36456	0.8460903886	0.01639974263	7	SCHEMBL3958507	LSM-5245	COQ8B|EGFR	10uM	MCF7	24h	LINCSCP_36456
LINCSCP_18339	-0.8460647793	0.01640632791	7	Lamotrigine	LSM-4104	SCN10A|SCN11A|SCN1A|SCN2A|SCN3A|SCN4A|SCN5A|SCN7A|SCN8A|SCN9A	10uM	HCC515	24h	LINCSCP_18339
LINCSCP_67081	0.8460481359	0.01641060847	7	Vorinostat	LSM-3828	HDAC1|HDAC2|HDAC3|HDAC6|HDAC8	10uM	HT29	6h	LINCSCP_67081
LINCSCP_57194	0.8460069595	0.01642120148	7	IMD-0354	LSM-3667	IKBKB	10uM	VCAP	6h	LINCSCP_57194
LINCSCP_35978	0.8460036874	0.01642204343	7	BMS-536924	LSM-1210	IGF1R	10uM	MCF7	24h	LINCSCP_35978
LINCSCP_59708	0.8459228591	0.01644284916	7	BRD-K83718139	LSM-41842	NA	5uM	VCAP	24h	LINCSCP_59708
LINCSCP_163812	0.8459064003	0.01644708762	7	Y-39983	LSM-1150	ROCK1|ROCK2	0.37uM	SKBR3	24h	LINCSCP_163812
LINCSCP_17036	-0.8459004061	0.01644863137	7	Actinomycin-D	LSM-36885	NA	10uM	HA1E	24h	LINCSCP_17036
LINCSCP_124257	0.8458929328	0.01645055621	7	MG-132	LSM-1107	PSMB1	20uM	HT29	24h	LINCSCP_124257
LINCSCP_85807	-0.8458867139	0.01645215803	7	Alvocidib	LSM-1011	CDK1|CDK2|CDK4|CDK5|CDK6|CDK7|CDK8|CDK9|EGFR|PYGM	3.33uM	BT20	24h	LINCSCP_85807
LINCSCP_149259	0.8458564974	0.01645994232	7	NVP-BHG712	LSM-1201	NA	10uM	NPC	24h	LINCSCP_149259
LINCSCP_132031	0.8458496714	0.01646170111	7	TORIN-2	LSM-1080	MTOR	3.33uM	MCF7	24h	LINCSCP_132031
LINCSCP_46705	-0.8458385674	0.0164645624	7	BCB03_000082	LSM-36632	NA	10uM	PC3	24h	LINCSCP_46705
LINCSCP_81049	0.845837351	0.01646487587	7	PD-0325901	LSM-1101	MAP2K1|MAP2K2	0.37uM	A549	24h	LINCSCP_81049
LINCSCP_117706	0.8457555219	0.01648597059	7	Dasatinib	LSM-1020	ABL1|BCR|BLK|EPHA2|FGR|FRK|FYN|HCK|KIT|LCK|LYN|PDGFRB|SRC|SRMS|YES1	3.33uM	HT29	24h	LINCSCP_117706
LINCSCP_141113	0.8457453835	0.01648858523	7	179324-69-7	LSM-6281	ADRM1|PSMA1|PSMA2|PSMA3|PSMA4|PSMA5|PSMA6|PSMA7|PSMA8|PSMB1|PSMB10|PSMB11|PSMB2|PSMB3|PSMB4|PSMB5|PSMB6|PSMB7|PSMB8|PSMB9|PSMC1|PSMC2|PSMC3|PSMC4|PSMC5|PSMC6|PSMD1|PSMD11|PSMD12|PSMD13|PSMD14|PSMD2|PSMD3|PSMD4|PSMD6|PSMD7|PSMD8|SEM1	20uM	MCF7	24h	LINCSCP_141113
LINCSCP_93762	-0.8457169546	0.0164959182	7	CGP-12177	LSM-1474	NA	10uM	HA1E	24h	LINCSCP_93762
LINCSCP_159400	0.8457028402	0.01649955956	7	MG-132	LSM-1107	PSMB1	20uM	PC3	24h	LINCSCP_159400
LINCSCP_220569	-0.8456507397	0.01651300488	7	Pentoxifylline	LSM-3285	ADORA2A|ADORA2B|PDE10A|PDE1A|PDE1B|PDE1C|PDE2A|PDE3A|PDE3B|PDE4A|PDE4B|PDE4C|PDE4D|PDE5A|PDE6A|PDE6B|PDE6C|PDE6D|PDE6G|PDE6H|PDE7A|PDE7B|PDE8A|PDE8B|PDE9A|TNF	10uM	HEPG2	6h	LINCSCP_220569
LINCSCP_65241	0.8456165918	0.01652182063	7	CHEMBL2358037	LSM-38324	NA	10uM	VCAP	24h	LINCSCP_65241
LINCSCP_35635	0.8456055747	0.01652466542	7	4,11-Diethyl-4,9-dihydroxy-1H-pyrano[3',4':6,7]indolizino[1,2-b]quinoline-3,14(4H,12H)-dione	LSM-6189	TOP1	10uM	MCF7	24h	LINCSCP_35635
LINCSCP_164725	0.8455805682	0.01653112355	7	Mocetinostat	LSM-5344	HDAC1|HDAC11|HDAC2|HDAC3|HDAC8	3.33uM	SKL.C	24h	LINCSCP_164725
LINCSCP_21440	0.8455503582	0.01653892742	7	Sorafenib	LSM-1008	BRAF|DDR2|FGFR1|FLT1|FLT3|FLT4|KDR|KIT|PDGFRB|RAF1|RET	10uM	HEK293T	6h	LINCSCP_21440
LINCSCP_173766	-0.8454321437	0.01656948489	7	IDOXURIDINE	LSM-45784	NA	3.33uM	YAPC	24h	LINCSCP_173766
LINCSCP_244774	0.8453771984	0.01658369871	7	Cefdinir	LSM-5216	NA	10uM	MCF7	6h	LINCSCP_244774
LINCSCP_31854	0.8452935439	0.01660535268	7	PCL2_000472	LSM-36636	NA	10uM	MCF7	24h	LINCSCP_31854
LINCSCP_116781	0.8452786059	0.01660922108	7	Lapatinib	LSM-1051	EGFR|ERBB2	10uM	HT29	24h	LINCSCP_116781
LINCSCP_49856	0.8451871676	0.01663291146	7	BRD-K36767861	LSM-6107	NA	10uM	PHH	24h	LINCSCP_49856
LINCSCP_132993	-0.8451704143	0.01663725408	7	936890-98-1	LSM-42786	MTOR	0.12uM	MCF7	3h	LINCSCP_132993
LINCSCP_86452	0.8451214819	0.01664994156	7	Gefitinib	LSM-1098	EGFR	0.12uM	BT20	3h	LINCSCP_86452
LINCSCP_37381	0.8449774535	0.01668731805	7	Vorinostat	LSM-3828	HDAC1|HDAC2|HDAC3|HDAC6|HDAC8	1uM	MCF7	6h	LINCSCP_37381
LINCSCP_122143	0.8449759872	0.01668769882	7	ABT-333	LSM-45402	NA	0.37uM	HT29	24h	LINCSCP_122143
LINCSCP_84047	-0.844955214	0.01669309363	7	TPCA-1	LSM-1136	IKBKB	0.04uM	ASC	24h	LINCSCP_84047
LINCSCP_117883	-0.844938964	0.01669731448	7	ITK Inhibitor	LSM-1043	ITK	0.12uM	HT29	24h	LINCSCP_117883
LINCSCP_115199	-0.8449206788	0.01670206465	7	CGP 60474	LSM-1025	CDK1	0.04uM	HS578T	3h	LINCSCP_115199
LINCSCP_20734	-0.8449159985	0.01670328065	7	CHEMBL2357823	LSM-6125	NA	10uM	HCC515	6h	LINCSCP_20734
LINCSCP_73342	-0.8448984939	0.01670782897	7	Pregnenolone	LSM-5550	NA	0.04uM	A375	24h	LINCSCP_73342
LINCSCP_101148	-0.8448915433	0.01670963515	7	1-(1,3-Benzodioxol-5-ylcarbonyl)piperidine	LSM-20930	NA	10uM	HELA	24h	LINCSCP_101148
LINCSCP_297052	-0.8448746316	0.01671403037	7	BRD-K06589444	LSM-37625	NA	5uM	VCAP	6h	LINCSCP_297052
LINCSCP_152336	0.8448294516	0.01672577546	7	NVP-BHG712	LSM-1201	NA	3.33uM	PC3	24h	LINCSCP_152336
LINCSCP_293	0.8448222775	0.01672764088	7	Phenylalanyltyrosine	LSM-2496	NA	10uM	A375	24h	LINCSCP_293
LINCSCP_212948	0.8447222598	0.01675366008	7	Robotnikinin	LSM-43116	NA	3uM	HA1E	6h	LINCSCP_212948
LINCSCP_17798	-0.8446855386	0.01676321872	7	DC-45-A2	LSM-6274	NA	10uM	HCC15	6h	LINCSCP_17798
LINCSCP_212246	-0.8446198257	0.01678033176	7	Selegiline	LSM-5920	MAOA|MAOB	10uM	HA1E	6h	LINCSCP_212246
LINCSCP_148514	0.8445868524	0.01678892245	7	AZ628	LSM-1050	BRAF|RAF1	0.04uM	NPC	24h	LINCSCP_148514
LINCSCP_189320	-0.8445780564	0.01679121454	7	AC1LB5IQ	LSM-1648	NA	10uM	A549	24h	LINCSCP_189320
LINCSCP_24892	-0.8445737691	0.01679233181	7	CHEMBL585951	LSM-36386	MAPK8	10uM	HS578T	6h	LINCSCP_24892
LINCSCP_127204	-0.8445411489	0.01680083395	7	AZD5363	LSM-45868	AKT1|AKT2|AKT3	10uM	HT29	24h	LINCSCP_127204
LINCSCP_138412	0.8445197921	0.01680640171	7	MG-132	LSM-1107	PSMB1	20uM	MCF7	24h	LINCSCP_138412
LINCSCP_35998	-0.8444829156	0.016816018	7	Tretinoin	LSM-42854	RARA|RARB|RARG|RORB	0.001uM	MCF7	24h	LINCSCP_35998
LINCSCP_113512	-0.8444645332	0.01682081276	7	AZD-5438	LSM-1159	CDK1|CDK10|CDK11B|CDK12|CDK13|CDK14|CDK15|CDK16|CDK17|CDK18|CDK19|CDK2|CDK20|CDK3|CDK4|CDK5|CDK6|CDK7|CDK8|CDK9	3.33uM	HME1	3h	LINCSCP_113512
LINCSCP_36554	0.8444203876	0.01683233058	7	Quizartinib	LSM-1037	CSF1R|FLT3|KIT|PDGFRA|PDGFRB|RET	1uM	MCF7	24h	LINCSCP_36554
LINCSCP_120723	0.8444122003	0.01683446718	7	Elacridar	LSM-45579	NA	0.12uM	HT29	24h	LINCSCP_120723
LINCSCP_149631	0.8443544555	0.01684954097	7	AZ628	LSM-1050	BRAF|RAF1	10uM	NPC.TAK	24h	LINCSCP_149631
LINCSCP_125650	-0.844312781	0.01686042453	7	GDC-0068	LSM-45747	NA	10uM	HT29	24h	LINCSCP_125650
LINCSCP_113513	-0.8442483044	0.01687727087	7	AZD-5438	LSM-1159	CDK1|CDK10|CDK11B|CDK12|CDK13|CDK14|CDK15|CDK16|CDK17|CDK18|CDK19|CDK2|CDK20|CDK3|CDK4|CDK5|CDK6|CDK7|CDK8|CDK9	1.11uM	HME1	3h	LINCSCP_113513
LINCSCP_52026	-0.8442120776	0.01688674037	7	BAY 61-3606	LSM-1167	SYK	1uM	SKBR3	6h	LINCSCP_52026
LINCSCP_84074	-0.8442042504	0.01688878674	7	SB-216763	LSM-1161	GSK3B	10uM	ASC	24h	LINCSCP_84074
LINCSCP_30798	0.8441944478	0.01689134979	7	CHEMBL399379	LSM-6245	ACLY	80uM	MCF7	6h	LINCSCP_30798
LINCSCP_201055	-0.844176172	0.01689612888	7	PG 490	LSM-6185	NA	0.001uM	A549	24h	LINCSCP_201055
LINCSCP_68661	0.8441172398	0.01691154478	7	LY-294002	LSM-2597	MTOR|PIK3CA|PIK3CB|PIK3CD|PIK3CG|PLK1|PRKDC	10uM	VCAP	6h	LINCSCP_68661
LINCSCP_25304	-0.8440566681	0.01692739788	7	Dipropyldopamine	LSM-3854	NA	10uM	HT29	24h	LINCSCP_25304
LINCSCP_4269	0.8440496725	0.01692922934	7	Phensuximide	LSM-1359	CACNA1G|CACNA1H|CACNA1I	10uM	A549	6h	LINCSCP_4269
LINCSCP_112696	-0.8439180109	0.01696371972	7	GW-5074	LSM-42779	RAF1	0.37uM	HEPG2	24h	LINCSCP_112696
LINCSCP_122017	0.843896694	0.01696930771	7	179324-69-7	LSM-6281	ADRM1|PSMA1|PSMA2|PSMA3|PSMA4|PSMA5|PSMA6|PSMA7|PSMA8|PSMB1|PSMB10|PSMB11|PSMB2|PSMB3|PSMB4|PSMB5|PSMB6|PSMB7|PSMB8|PSMB9|PSMC1|PSMC2|PSMC3|PSMC4|PSMC5|PSMC6|PSMD1|PSMD11|PSMD12|PSMD13|PSMD14|PSMD2|PSMD3|PSMD4|PSMD6|PSMD7|PSMD8|SEM1	20uM	HT29	24h	LINCSCP_122017
LINCSCP_57371	0.8438720078	0.01697578023	7	4-Methoxy-6-phenyl-1H-pyrimidine-2-thione	LSM-2060	NA	10uM	VCAP	6h	LINCSCP_57371
LINCSCP_131169	-0.8438402692	0.01698410388	7	SCHEMBL6874948	LSM-5674	LCK	0.04uM	MCF10A	24h	LINCSCP_131169
LINCSCP_85533	-0.843810469	0.0169919213	7	GSK 1059615	LSM-42799	PIK3CA|PIK3CB|PIK3CD|PIK3CG	0.37uM	BT20	3h	LINCSCP_85533
LINCSCP_20441	-0.8438101596	0.0169920025	7	BRD-K34387287	LSM-6106	NA	10uM	HCC515	6h	LINCSCP_20441
LINCSCP_192124	-0.8437884098	0.01699770937	7	Probenecid	LSM-4140	SLC22A11|SLC22A6|SLC22A8	10uM	A549	6h	LINCSCP_192124
LINCSCP_160585	0.8437564587	0.01700609494	7	Elesclomol	LSM-4929	HSPA1A	0.04uM	PC3	24h	LINCSCP_160585
LINCSCP_142498	-0.8437282503	0.01701350017	7	Simeprevir	LSM-45598	NA	0.04uM	MCF7	24h	LINCSCP_142498
LINCSCP_5262	0.8436379361	0.01703722174	7	VU0424182-2	LSM-2902	NA	10uM	A549	6h	LINCSCP_5262
LINCSCP_14970	-0.8436371953	0.01703741641	7	Sotalol	LSM-1465	ADRB1|ADRB2|KCNH2	10uM	HA1E	24h	LINCSCP_14970
LINCSCP_86883	0.843541411	0.01706259544	7	GSK-461364	LSM-1013	PLK1	10uM	CD34	24h	LINCSCP_86883
LINCSCP_30773	0.8435142439	0.01706974076	7	RO-281675	LSM-6231	GCK	100uM	MCF7	6h	LINCSCP_30773
LINCSCP_24688	0.8435055288	0.01707203332	7	GSK-1904529A	LSM-1134	IGF1R|INSR	0.5uM	HS578T	24h	LINCSCP_24688
LINCSCP_55810	0.843420964	0.01709428765	7	Clopenthixol	LSM-42927	DRD1|DRD2	10uM	VCAP	6h	LINCSCP_55810
LINCSCP_124388	0.8433940405	0.0171013764	7	Lafutidine	LSM-45448	NA	0.37uM	HT29	24h	LINCSCP_124388
LINCSCP_85998	-0.8433705468	0.01710756347	7	AZD-5438	LSM-1159	CDK1|CDK10|CDK11B|CDK12|CDK13|CDK14|CDK15|CDK16|CDK17|CDK18|CDK19|CDK2|CDK20|CDK3|CDK4|CDK5|CDK6|CDK7|CDK8|CDK9	10uM	BT20	24h	LINCSCP_85998
LINCSCP_56596	-0.8433561579	0.0171113534	7	Sildenafil	LSM-3797	PDE5A	10uM	VCAP	6h	LINCSCP_56596
LINCSCP_6809	0.8433501216	0.01711294347	7	MLS002222336	LSM-1855	PTGS1|PTGS2	10uM	A549	24h	LINCSCP_6809
LINCSCP_32771	0.8433492554	0.01711317166	7	AC1LUIBL	LSM-6693	NA	10uM	MCF7	6h	LINCSCP_32771
LINCSCP_75203	0.8432728306	0.01713331068	7	Roflumilast	LSM-45821	PDE4A|PDE4B|PDE4C|PDE4D	10uM	A375	24h	LINCSCP_75203
LINCSCP_250845	-0.8432355343	0.01714314371	7	ZINC01050121	LSM-6210	NA	0.1uM	MCF7	6h	LINCSCP_250845
LINCSCP_142731	0.8431841535	0.01715669529	7	MG-132	LSM-1107	PSMB1	20uM	MCF7	24h	LINCSCP_142731
LINCSCP_116896	-0.8431503704	0.01716560884	7	Tivozanib	LSM-1005	FLT1|FLT4|KDR|KIT|PDGFRA|PDGFRB	0.37uM	HT29	24h	LINCSCP_116896
LINCSCP_149634	0.8431467916	0.01716655324	7	AZ628	LSM-1050	BRAF|RAF1	0.37uM	NPC.TAK	24h	LINCSCP_149634
LINCSCP_154573	-0.8430808164	0.01718396869	7	Piracetam	LSM-5364	NA	3.33uM	PC3	24h	LINCSCP_154573
LINCSCP_31149	0.8430100605	0.01720265727	7	MLS002473458	LSM-2735	NA	10uM	MCF7	24h	LINCSCP_31149
LINCSCP_116012	-0.8430037871	0.01720431481	7	AT-7519	LSM-1004	CDK1|CDK10|CDK11B|CDK12|CDK13|CDK14|CDK15|CDK16|CDK17|CDK18|CDK19|CDK2|CDK20|CDK3|CDK4|CDK5|CDK6|CDK7|CDK8|CDK9	0.12uM	HS578T	3h	LINCSCP_116012
LINCSCP_165243	-0.8429992283	0.01720551938	7	Olaparib	LSM-1145	PARP1|PARP2|PARP3	0.37uM	SKL.C	24h	LINCSCP_165243
LINCSCP_164536	-0.8429937618	0.01720696386	7	Infigratinib	LSM-1184	FGFR1|FGFR2|FGFR3|FGFR4	3.33uM	SKL.C	24h	LINCSCP_164536
LINCSCP_115309	0.842952538	0.01721785909	7	Radicicol	LSM-43303	NA	3.33uM	HS578T	3h	LINCSCP_115309
LINCSCP_282	0.8429328205	0.0172230717	7	Gemfibrozil	LSM-2227	CYP2C8|LPL|PPARA	10uM	A375	24h	LINCSCP_282
LINCSCP_95779	-0.8429257692	0.01722493604	7	Ticagrelor	LSM-45528	NA	0.04uM	HA1E	24h	LINCSCP_95779
LINCSCP_117124	-0.8429111836	0.01722879276	7	FR-180204	LSM-42790	MAPK1|MAPK3	0.37uM	HT29	24h	LINCSCP_117124
LINCSCP_63400	0.8428888217	0.01723470668	7	BRD-K71571889	LSM-12809	NA	5uM	VCAP	24h	LINCSCP_63400
LINCSCP_23159	0.8428774284	0.01723772024	7	CHEMBL2360064	LSM-38576	NA	10uM	HEPG2	6h	LINCSCP_23159
LINCSCP_63612	-0.8428736503	0.01723871962	7	BRD-K56206243	LSM-11826	NA	5uM	VCAP	6h	LINCSCP_63612
LINCSCP_112849	-0.8428249398	0.01725160748	7	GSK-2334470	LSM-1222	PDK1|PDPK1	3.33uM	HEPG2	24h	LINCSCP_112849
LINCSCP_204210	-0.8428240019	0.01725185568	7	RS504393	LSM-3952	CCR2	10uM	ASC	24h	LINCSCP_204210
LINCSCP_77771	-0.842806124	0.01725658722	7	LY2940680	LSM-45539	SMO	3.33uM	A375	24h	LINCSCP_77771
LINCSCP_151722	-0.8427814958	0.01726310655	7	FR-180204	LSM-42790	MAPK1|MAPK3	3.33uM	PC3	24h	LINCSCP_151722
LINCSCP_11011	0.8427707733	0.01726594531	7	Mocetinostat	LSM-5344	HDAC1|HDAC11|HDAC2|HDAC3|HDAC8	10uM	ASC	24h	LINCSCP_11011
LINCSCP_34233	0.8427406244	0.01727392866	7	AC1LEPRU	LSM-2516	NA	10uM	MCF7	6h	LINCSCP_34233
LINCSCP_243909	0.8427074844	0.01728270643	7	Demeclocycline	LSM-5135	NA	10uM	MCF7	24h	LINCSCP_243909
LINCSCP_113416	-0.8426896924	0.01728742005	7	PHA-793887	LSM-1073	CDK1|CDK10|CDK11B|CDK12|CDK13|CDK14|CDK15|CDK16|CDK17|CDK18|CDK19|CDK2|CDK20|CDK3|CDK4|CDK5|CDK6|CDK7|CDK8|CDK9	3.33uM	HME1	3h	LINCSCP_113416
LINCSCP_85888	0.8426851522	0.01728862299	7	PD-0325901	LSM-1101	MAP2K1|MAP2K2	0.12uM	BT20	24h	LINCSCP_85888
LINCSCP_48003	-0.8426709062	0.01729239785	7	Gabapentin	LSM-5716	CACNA1A|CACNA1B|CACNA1C|CACNA1D|CACNA1E|CACNA1F|CACNA1G|CACNA1H|CACNA1I|CACNA1S|CACNA2D1|CACNA2D2|CACNA2D3|CACNA2D4|CACNB1|CACNB2|CACNB3|CACNB4|CACNG1|CACNG2|CACNG3|CACNG4|CACNG5|CACNG6|CACNG7|CACNG8	10uM	PC3	6h	LINCSCP_48003
LINCSCP_21771	0.8425741932	0.01731803691	7	179324-69-7	LSM-6281	ADRM1|PSMA1|PSMA2|PSMA3|PSMA4|PSMA5|PSMA6|PSMA7|PSMA8|PSMB1|PSMB10|PSMB11|PSMB2|PSMB3|PSMB4|PSMB5|PSMB6|PSMB7|PSMB8|PSMB9|PSMC1|PSMC2|PSMC3|PSMC4|PSMC5|PSMC6|PSMD1|PSMD11|PSMD12|PSMD13|PSMD14|PSMD2|PSMD3|PSMD4|PSMD6|PSMD7|PSMD8|SEM1	0.01uM	HEPG2	6h	LINCSCP_21771
LINCSCP_148235	-0.842570403	0.01731904216	7	CHEMBL1950303	LSM-1058	NA	10uM	NPC.CAS9	24h	LINCSCP_148235
LINCSCP_116807	0.8425609328	0.01732155398	7	13-Hydroxy-8,14,19-trimethoxy-4,10,12,16-tetramethyl-3,20,22-trioxo-2-azabicyclo[16.3.1]docosa-1(21),4,6,10,18-pentaen-9-yl carbamate	LSM-42815	HSP90AA1	1.11uM	HT29	24h	LINCSCP_116807
LINCSCP_61502	-0.8425147474	0.01733380699	7	BRD-K81415316	LSM-13399	NA	5uM	VCAP	24h	LINCSCP_61502
LINCSCP_222955	0.84248368	0.01734205195	7	Necrostatin	LSM-1494	RIPK1	100uM	HT115	6h	LINCSCP_222955
LINCSCP_126249	0.8424714582	0.01734529611	7	179324-69-7	LSM-6281	ADRM1|PSMA1|PSMA2|PSMA3|PSMA4|PSMA5|PSMA6|PSMA7|PSMA8|PSMB1|PSMB10|PSMB11|PSMB2|PSMB3|PSMB4|PSMB5|PSMB6|PSMB7|PSMB8|PSMB9|PSMC1|PSMC2|PSMC3|PSMC4|PSMC5|PSMC6|PSMD1|PSMD11|PSMD12|PSMD13|PSMD14|PSMD2|PSMD3|PSMD4|PSMD6|PSMD7|PSMD8|SEM1	20uM	HT29	24h	LINCSCP_126249
LINCSCP_165110	0.8424638599	0.01734731318	7	HMN-214	LSM-42802	CSF1R|FLT1|FLT3|FLT4|KDR|KIT|PDGFRB|RET	1.11uM	SKL.C	24h	LINCSCP_165110
LINCSCP_67097	0.8424515871	0.01735057143	7	Vorinostat	LSM-3828	HDAC1|HDAC2|HDAC3|HDAC6|HDAC8	10uM	HT29	6h	LINCSCP_67097
LINCSCP_206154	0.8424400747	0.01735362812	7	AC1MSUFC	LSM-6191	HMGCR	40uM	COV644	6h	LINCSCP_206154
LINCSCP_64898	-0.8424339894	0.01735524397	7	Cycloheximide	LSM-2791	RPL3	0.5uM	VCAP	24h	LINCSCP_64898
LINCSCP_15821	0.8423952488	0.01736553288	7	CHEMBL1408258	LSM-4175	NA	10uM	HA1E	24h	LINCSCP_15821
LINCSCP_174941	0.8423448002	0.0173789365	7	Honokiol	LSM-6013	NA	10uM	YAPC	24h	LINCSCP_174941
LINCSCP_54438	0.8422629039	0.0174007079	7	AC1MSUFC	LSM-6191	HMGCR	40uM	SW948	6h	LINCSCP_54438
LINCSCP_138510	0.8422378086	0.01740738237	7	179324-69-7	LSM-6281	ADRM1|PSMA1|PSMA2|PSMA3|PSMA4|PSMA5|PSMA6|PSMA7|PSMA8|PSMB1|PSMB10|PSMB11|PSMB2|PSMB3|PSMB4|PSMB5|PSMB6|PSMB7|PSMB8|PSMB9|PSMC1|PSMC2|PSMC3|PSMC4|PSMC5|PSMC6|PSMD1|PSMD11|PSMD12|PSMD13|PSMD14|PSMD2|PSMD3|PSMD4|PSMD6|PSMD7|PSMD8|SEM1	20uM	MCF7	24h	LINCSCP_138510
LINCSCP_120936	0.8421495016	0.01743088052	7	179324-69-7	LSM-6281	ADRM1|PSMA1|PSMA2|PSMA3|PSMA4|PSMA5|PSMA6|PSMA7|PSMA8|PSMB1|PSMB10|PSMB11|PSMB2|PSMB3|PSMB4|PSMB5|PSMB6|PSMB7|PSMB8|PSMB9|PSMC1|PSMC2|PSMC3|PSMC4|PSMC5|PSMC6|PSMD1|PSMD11|PSMD12|PSMD13|PSMD14|PSMD2|PSMD3|PSMD4|PSMD6|PSMD7|PSMD8|SEM1	20uM	HT29	24h	LINCSCP_120936
LINCSCP_135675	0.8421388742	0.01743370965	7	KPT-330	LSM-45842	XPO1	3.33uM	MCF7	24h	LINCSCP_135675
LINCSCP_65995	0.8420806752	0.01744920746	7	BRD-K54127914	LSM-46099	NA	3uM	VCAP	24h	LINCSCP_65995
LINCSCP_16436	0.8420386334	0.01746040765	7	Pyroxamide	LSM-4534	NA	10uM	HA1E	6h	LINCSCP_16436
LINCSCP_170431	-0.841990842	0.01747314453	7	Indole-3-carbinol	LSM-2011	AHR	3.33uM	YAPC	24h	LINCSCP_170431
LINCSCP_121934	0.8419678602	0.0174792713	7	179324-69-7	LSM-6281	ADRM1|PSMA1|PSMA2|PSMA3|PSMA4|PSMA5|PSMA6|PSMA7|PSMA8|PSMB1|PSMB10|PSMB11|PSMB2|PSMB3|PSMB4|PSMB5|PSMB6|PSMB7|PSMB8|PSMB9|PSMC1|PSMC2|PSMC3|PSMC4|PSMC5|PSMC6|PSMD1|PSMD11|PSMD12|PSMD13|PSMD14|PSMD2|PSMD3|PSMD4|PSMD6|PSMD7|PSMD8|SEM1	20uM	HT29	24h	LINCSCP_121934
LINCSCP_260268	-0.8419327735	0.01748862747	7	LY-294002	LSM-2597	MTOR|PIK3CA|PIK3CB|PIK3CD|PIK3CG|PLK1|PRKDC	3uM	NKDBA	24h	LINCSCP_260268
LINCSCP_70472	0.8419145461	0.01749348909	7	Pyrazolanthrone	LSM-1163	MAPK10|MAPK8|MAPK9|TTK	1.11uM	A375	24h	LINCSCP_70472
LINCSCP_165380	0.8418315202	0.01751564355	7	KW-2449	LSM-42803	ABL1|AURKA|AURKB|FLT3	0.12uM	SKL	24h	LINCSCP_165380
LINCSCP_23743	-0.8418203956	0.01751861322	7	Strophanthidin	LSM-3891	ATP1A1	5uM	HEPG2	6h	LINCSCP_23743
LINCSCP_125617	0.8417693112	0.0175322537	7	Falnidamol	LSM-3584	EGFR	0.37uM	HT29	24h	LINCSCP_125617
LINCSCP_138309	-0.8417442281	0.01753895358	7	Cabazitaxel	LSM-46002	NA	0.37uM	MCF7	24h	LINCSCP_138309
LINCSCP_5898	-0.8417258175	0.01754387211	7	2-Chloroadenosine	LSM-37201	NA	10uM	A549	6h	LINCSCP_5898
LINCSCP_111492	-0.841709011	0.01754836275	7	Nilotinib	LSM-1099	ABL1|BCR|KIT	0.04uM	HEPG2	24h	LINCSCP_111492
LINCSCP_2954	-0.8417057068	0.01754924573	7	CHEMBL2141431	LSM-6089	NA	10uM	A375	6h	LINCSCP_2954
LINCSCP_100994	0.8416874876	0.01755411472	7	HMN-214	LSM-42802	CSF1R|FLT1|FLT3|FLT4|KDR|KIT|PDGFRB|RET	1.11uM	HCC515	24h	LINCSCP_100994
LINCSCP_116494	0.8416580056	0.01756199531	7	Trametinib	LSM-1143	MAP2K1|MAP2K2	3.33uM	HT29	24h	LINCSCP_116494
LINCSCP_61369	0.8416352462	0.0175680803	7	BRD-K71604153	LSM-12811	NA	5uM	VCAP	6h	LINCSCP_61369
LINCSCP_17890	-0.841608605	0.01757520465	7	100599-27-7	LSM-1878	NA	10uM	HCC515	24h	LINCSCP_17890
LINCSCP_33727	0.8416033507	0.01757660996	7	Butein	LSM-42896	ACE	10uM	MCF7	6h	LINCSCP_33727
LINCSCP_148510	0.8415685702	0.01758591382	7	AZ628	LSM-1050	BRAF|RAF1	3.33uM	NPC	24h	LINCSCP_148510
LINCSCP_35966	0.8415328483	0.01759547241	7	AKT Inhibitor IV	LSM-43091	AKT1	10uM	MCF7	24h	LINCSCP_35966
LINCSCP_22977	0.8414816695	0.01760917219	7	NCGC00025321-01	LSM-3669	NA	10uM	HEPG2	6h	LINCSCP_22977
LINCSCP_100343	0.8414757741	0.01761075068	7	761437-28-9	LSM-1208	NA	3.33uM	HCC515	24h	LINCSCP_100343
LINCSCP_124254	0.8414320787	0.01762245265	7	MG-132	LSM-1107	PSMB1	20uM	HT29	24h	LINCSCP_124254
LINCSCP_55472	0.8413737869	0.01763807053	7	Piplartine	LSM-42914	NA	10uM	U937	6h	LINCSCP_55472
LINCSCP_127349	-0.8413556865	0.0176429217	7	Ingenol Mebutate	LSM-45681	NA	3.33uM	HT29	24h	LINCSCP_127349
LINCSCP_81959	-0.8413156836	0.01765364576	7	BRD-A25736793	LSM-43054	MTOR	0.12uM	A549	24h	LINCSCP_81959
LINCSCP_62579	0.8412919337	0.01766001441	7	BRD-K77621546	LSM-13172	NA	5uM	VCAP	6h	LINCSCP_62579
LINCSCP_116397	0.8412866897	0.01766142081	7	SB590885	LSM-42746	NA	10uM	HT29	24h	LINCSCP_116397
LINCSCP_95740	-0.8412860291	0.01766159798	7	Ifosfamide	LSM-5118	CYP2A6|CYP2B6|CYP2C18|CYP2C19|CYP2C8|CYP2C9|CYP3A4|CYP3A5|CYP3A7|PTGS1	1.11uM	HA1E	24h	LINCSCP_95740
LINCSCP_48807	0.8412318303	0.01767613731	7	BRD-K63157607	LSM-15152	NA	10uM	PC3	24h	LINCSCP_48807
LINCSCP_111408	-0.84121495	0.01768066701	7	PLX-4720	LSM-1049	BRAF	0.04uM	HEPG2	24h	LINCSCP_111408
LINCSCP_295038	-0.841184321	0.01768888772	7	264236-77-3	LSM-36668	NA	10uM	VCAP	6h	LINCSCP_295038
LINCSCP_160992	-0.8411368349	0.01770163716	7	SPECTRUM1505012	LSM-1773	CYP19A1	0.12uM	PC3	24h	LINCSCP_160992
LINCSCP_136612	0.8411314523	0.01770308263	7	MG-132	LSM-1107	PSMB1	20uM	MCF7	24h	LINCSCP_136612
LINCSCP_29173	0.8410930755	0.01771339062	7	179324-69-7	LSM-6281	ADRM1|PSMA1|PSMA2|PSMA3|PSMA4|PSMA5|PSMA6|PSMA7|PSMA8|PSMB1|PSMB10|PSMB11|PSMB2|PSMB3|PSMB4|PSMB5|PSMB6|PSMB7|PSMB8|PSMB9|PSMC1|PSMC2|PSMC3|PSMC4|PSMC5|PSMC6|PSMD1|PSMD11|PSMD12|PSMD13|PSMD14|PSMD2|PSMD3|PSMD4|PSMD6|PSMD7|PSMD8|SEM1	0.01uM	JHUEM2	6h	LINCSCP_29173
LINCSCP_48342	0.8410924558	0.01771355711	7	BRD-K85685363	LSM-41943	NA	5uM	PC3	24h	LINCSCP_48342
LINCSCP_5144	0.8410756931	0.01771806065	7	BRD-K67118123	LSM-3495	NA	10uM	A549	6h	LINCSCP_5144
LINCSCP_45904	0.8410616217	0.01772184164	7	SMR000024485	LSM-42913	NA	10uM	PC3	24h	LINCSCP_45904
LINCSCP_138234	0.8410437165	0.01772665344	7	179324-69-7	LSM-6281	ADRM1|PSMA1|PSMA2|PSMA3|PSMA4|PSMA5|PSMA6|PSMA7|PSMA8|PSMB1|PSMB10|PSMB11|PSMB2|PSMB3|PSMB4|PSMB5|PSMB6|PSMB7|PSMB8|PSMB9|PSMC1|PSMC2|PSMC3|PSMC4|PSMC5|PSMC6|PSMD1|PSMD11|PSMD12|PSMD13|PSMD14|PSMD2|PSMD3|PSMD4|PSMD6|PSMD7|PSMD8|SEM1	20uM	MCF7	24h	LINCSCP_138234
LINCSCP_91796	0.8410314293	0.0177299559	7	SU-11652	LSM-43098	KDR|PDGFRB	0.12uM	HA1E	24h	LINCSCP_91796
LINCSCP_187485	-0.8410061807	0.01773674311	7	MLN-8054	LSM-1066	AURKA	0.5uM	A375	24h	LINCSCP_187485
LINCSCP_125846	-0.841002227	0.01773780605	7	MK-2206	LSM-1057	AKT1|AKT2|AKT3	0.12uM	HT29	24h	LINCSCP_125846
LINCSCP_171011	-0.8409187098	0.0177602681	7	Ambroxol	LSM-3260	CYP3A4	3.33uM	YAPC	24h	LINCSCP_171011
LINCSCP_85902	-0.8408788163	0.01777100321	7	PHA-793887	LSM-1073	CDK1|CDK10|CDK11B|CDK12|CDK13|CDK14|CDK15|CDK16|CDK17|CDK18|CDK19|CDK2|CDK20|CDK3|CDK4|CDK5|CDK6|CDK7|CDK8|CDK9	10uM	BT20	24h	LINCSCP_85902
LINCSCP_28077	0.8408447297	0.01778017861	7	BRD-K37184875	LSM-39311	NA	5uM	HT29	24h	LINCSCP_28077
LINCSCP_58525	0.8406972426	0.0178199102	7	ACON1_001667	LSM-43070	NA	10uM	VCAP	24h	LINCSCP_58525
LINCSCP_80556	-0.8406427516	0.01783460229	7	AZD8931 (Sapitinib)	LSM-45462	EGFR|ERBB2|ERBB3	10uM	A375	24h	LINCSCP_80556
LINCSCP_7452	0.8405748373	0.01785292328	7	Pfmrk inhibitor, wr 216174	LSM-42921	NA	10uM	A549	6h	LINCSCP_7452
LINCSCP_297021	0.8405720642	0.0178536716	7	BRD-K93774845	LSM-42368	NA	5uM	VCAP	24h	LINCSCP_297021
LINCSCP_141029	0.840561067	0.01785663937	7	179324-69-7	LSM-6281	ADRM1|PSMA1|PSMA2|PSMA3|PSMA4|PSMA5|PSMA6|PSMA7|PSMA8|PSMB1|PSMB10|PSMB11|PSMB2|PSMB3|PSMB4|PSMB5|PSMB6|PSMB7|PSMB8|PSMB9|PSMC1|PSMC2|PSMC3|PSMC4|PSMC5|PSMC6|PSMD1|PSMD11|PSMD12|PSMD13|PSMD14|PSMD2|PSMD3|PSMD4|PSMD6|PSMD7|PSMD8|SEM1	20uM	MCF7	24h	LINCSCP_141029
LINCSCP_6006	0.8405348849	0.01786370609	7	CBDIVE_007485	LSM-4465	NA	10uM	A549	6h	LINCSCP_6006
LINCSCP_148068	-0.840518659	0.01786808638	7	NCGC00346967-01	LSM-6297	EPHB3	0.04uM	NPC.CAS9	24h	LINCSCP_148068
LINCSCP_139403	0.8405141185	0.01786931223	7	MG-132	LSM-1107	PSMB1	20uM	MCF7	24h	LINCSCP_139403
LINCSCP_244779	-0.8404913089	0.01787547111	7	Sparfloxacin	LSM-5251	NA	10uM	MCF7	6h	LINCSCP_244779
LINCSCP_137330	0.8404615833	0.0178834992	7	MG-132	LSM-1107	PSMB1	20uM	MCF7	24h	LINCSCP_137330
LINCSCP_266726	-0.8404480977	0.01788714196	7	Dipivefrin	LSM-1583	ADRA1A|ADRA1B|ADRA1D|ADRA2A|ADRA2B|ADRA2C|ADRB1|ADRB2|ADRB3	10uM	PC3	24h	LINCSCP_266726
LINCSCP_144143	-0.8404459844	0.01788771285	7	RS-127445	LSM-45551	NA	10uM	MCF7	24h	LINCSCP_144143
LINCSCP_23641	0.8404380434	0.01788985813	7	ST004815	LSM-36681	NA	20uM	HEPG2	6h	LINCSCP_23641
LINCSCP_7784	0.8404360074	0.0178904082	7	CHEMBL2143415	LSM-6085	NA	10uM	A549	24h	LINCSCP_7784
LINCSCP_139675	0.8404222278	0.0178941312	7	179324-69-7	LSM-6281	ADRM1|PSMA1|PSMA2|PSMA3|PSMA4|PSMA5|PSMA6|PSMA7|PSMA8|PSMB1|PSMB10|PSMB11|PSMB2|PSMB3|PSMB4|PSMB5|PSMB6|PSMB7|PSMB8|PSMB9|PSMC1|PSMC2|PSMC3|PSMC4|PSMC5|PSMC6|PSMD1|PSMD11|PSMD12|PSMD13|PSMD14|PSMD2|PSMD3|PSMD4|PSMD6|PSMD7|PSMD8|SEM1	20uM	MCF7	24h	LINCSCP_139675
LINCSCP_359	-0.8403852924	0.01790411268	7	BMS-182874	LSM-3258	EDNRA	10uM	A375	24h	LINCSCP_359
LINCSCP_140838	0.8403620182	0.01791040398	7	MG-132	LSM-1107	PSMB1	20uM	MCF7	24h	LINCSCP_140838
LINCSCP_245115	0.8403265312	0.01791999894	7	Vorinostat	LSM-3828	HDAC1|HDAC2|HDAC3|HDAC6|HDAC8	0.1uM	MCF7	6h	LINCSCP_245115
LINCSCP_168108	-0.8403158868	0.01792287756	7	Olanzapine	LSM-5359	DRD1|DRD2|DRD3|DRD4|HRH1|HTR1A|HTR1B|HTR1D|HTR1E|HTR2A|HTR2C|HTR6|HTR7	0.12uM	YAPC	24h	LINCSCP_168108
LINCSCP_297408	0.8403157901	0.01792290371	7	BRD-K49309964	LSM-7484	NA	5uM	VCAP	24h	LINCSCP_297408
LINCSCP_54301	0.8402962917	0.01792817739	7	PF 3845	LSM-6265	FAAH	10uM	SW620	6h	LINCSCP_54301
LINCSCP_75195	0.8402156704	0.0179499923	7	Lofexidine	LSM-4951	ADRA2A	0.12uM	A375	24h	LINCSCP_75195
LINCSCP_12750	-0.8401936285	0.01795595912	7	NUTLIN 3	LSM-4288	MDM2	40uM	DV90	6h	LINCSCP_12750
LINCSCP_86173	-0.8401756082	0.01796083811	7	Sorafenib	LSM-1008	BRAF|DDR2|FGFR1|FLT1|FLT3|FLT4|KDR|KIT|PDGFRB|RAF1|RET	3.33uM	BT20	3h	LINCSCP_86173
LINCSCP_34912	-0.84016565	0.01796353463	7	BRD-K72636868	LSM-41209	NA	5uM	MCF7	24h	LINCSCP_34912
LINCSCP_112150	-0.8401469235	0.01796860607	7	MLN-0128	LSM-1206	MTOR	0.04uM	HEPG2	24h	LINCSCP_112150
LINCSCP_147426	-0.8401213336	0.01797553752	7	Tivozanib	LSM-1005	FLT1|FLT4|KDR|KIT|PDGFRA|PDGFRB	0.12uM	NPC.CAS9	24h	LINCSCP_147426
LINCSCP_121816	-0.8401097759	0.01797866864	7	PF-04691502	LSM-45239	MTOR|PIK3CA|PIK3CB|PIK3CD|PIK3CG|PIK3R1|PIK3R2|PIK3R3|PIK3R5	0.04uM	HT29	24h	LINCSCP_121816
LINCSCP_112900	-0.8401054953	0.01797982837	7	SCHEMBL15556278	LSM-1002	DDR1	0.12uM	HEPG2	24h	LINCSCP_112900
LINCSCP_293925	-0.840090657	0.01798384883	7	Rufloxacin	LSM-5715	NA	10uM	VCAP	24h	LINCSCP_293925
LINCSCP_55781	0.8400863632	0.01798501232	7	(Z,E)-3-(imidazol-4-Ylmethylene)indolin-2-one	LSM-42866	EGFR	10uM	VCAP	6h	LINCSCP_55781
LINCSCP_68681	0.8400791503	0.01798696693	7	Olaparib	LSM-1145	PARP1|PARP2|PARP3	10uM	VCAP	24h	LINCSCP_68681
LINCSCP_152515	0.8400443397	0.01799640182	7	Olaparib	LSM-1145	PARP1|PARP2|PARP3	10uM	PC3	24h	LINCSCP_152515
LINCSCP_126246	0.8399240018	0.01802903933	7	179324-69-7	LSM-6281	ADRM1|PSMA1|PSMA2|PSMA3|PSMA4|PSMA5|PSMA6|PSMA7|PSMA8|PSMB1|PSMB10|PSMB11|PSMB2|PSMB3|PSMB4|PSMB5|PSMB6|PSMB7|PSMB8|PSMB9|PSMC1|PSMC2|PSMC3|PSMC4|PSMC5|PSMC6|PSMD1|PSMD11|PSMD12|PSMD13|PSMD14|PSMD2|PSMD3|PSMD4|PSMD6|PSMD7|PSMD8|SEM1	20uM	HT29	24h	LINCSCP_126246
LINCSCP_141185	0.8399061179	0.01803389258	7	Ivermectin	LSM-42824	NA	10uM	MCF7	24h	LINCSCP_141185
LINCSCP_111553	-0.8398959254	0.01803665892	7	SCHEMBL3958507	LSM-5245	COQ8B|EGFR	10uM	HEPG2	24h	LINCSCP_111553
LINCSCP_17047	-0.8398476981	0.01804975148	7	Chlorotrianisene	LSM-5411	ESR1|ESR2	20uM	HA1E	24h	LINCSCP_17047
LINCSCP_163923	-0.8398106717	0.01805980695	7	936890-98-1	LSM-42786	MTOR	3.33uM	SKBR3	3h	LINCSCP_163923
LINCSCP_69707	-0.8397866582	0.01806633011	7	1166227-08-2	LSM-1204	NA	0.04uM	A375	24h	LINCSCP_69707
LINCSCP_155483	-0.8397725009	0.01807017651	7	Isoniazid	LSM-46042	CYP1A2|CYP2C19|CYP2C8|CYP2E1|CYP3A4	0.37uM	PC3	24h	LINCSCP_155483
LINCSCP_138767	-0.8397661866	0.01807189219	7	Raltegravir	LSM-5233	NA	0.04uM	MCF7	24h	LINCSCP_138767
LINCSCP_110874	-0.8397533225	0.01807538784	7	DIMINAZENE ACETURATE	LSM-45976	NA	0.04uM	HELA	24h	LINCSCP_110874
LINCSCP_26172	0.8397363199	0.01808000866	7	MLS003126522	LSM-4227	NA	10uM	HT29	6h	LINCSCP_26172
LINCSCP_192975	0.8396293507	0.0181090952	7	JNJ-16259685	LSM-3443	GRM1	10uM	A549	6h	LINCSCP_192975
LINCSCP_132713	0.8395748193	0.01812393333	7	GSK-1904529A	LSM-1134	IGF1R|INSR	10uM	MCF7	24h	LINCSCP_132713
LINCSCP_176633	0.8395313803	0.01813575815	7	GW-5074	LSM-42779	RAF1	10uM	A375	6h	LINCSCP_176633
LINCSCP_3309	-0.8395277681	0.01813674165	7	BRD-K32310489	LSM-10386	NA	5uM	A375	24h	LINCSCP_3309
LINCSCP_33090	-0.8394877553	0.018147638	7	Erythromycin Estolate	LSM-2876	ABCB1|ALB|CYP3A4|CYP51A1|KCNH2|MLNR|SLC47A1	10uM	MCF7	24h	LINCSCP_33090
LINCSCP_44809	0.8394490348	0.01815818598	7	BDBM50127227	LSM-43025	FNTA|IKBKB	10uM	PC3	6h	LINCSCP_44809
LINCSCP_113232	0.8394000534	0.01817153414	7	Selumetinib	LSM-1056	MAP2K1|MAP2K2	0.37uM	HME1	24h	LINCSCP_113232
LINCSCP_120092	-0.8393976975	0.01817217632	7	Temsirolimus (CCI-779, NSC 683864)	LSM-45994	MTOR	1.11uM	HT29	24h	LINCSCP_120092
LINCSCP_295021	-0.839378301	0.0181774638	7	PLX-4720	LSM-1049	BRAF	10uM	VCAP	6h	LINCSCP_295021
LINCSCP_57104	-0.8393434438	0.01818696805	7	MLS000063560	LSM-2612	NA	10uM	VCAP	6h	LINCSCP_57104
LINCSCP_62347	0.8393427499	0.01818715728	7	CHEMBL2355314	LSM-9253	NA	5uM	VCAP	6h	LINCSCP_62347
LINCSCP_119926	-0.8393400289	0.01818789932	7	brivanib	LSM-45738	NA	0.37uM	HT29	24h	LINCSCP_119926
LINCSCP_292325	0.8393131801	0.01819522215	7	ZINC00621344	LSM-2727	NA	10uM	VCAP	24h	LINCSCP_292325
LINCSCP_165047	0.8392762667	0.01820529275	7	BAY 61-3606	LSM-1167	SYK	0.04uM	SKL.C	24h	LINCSCP_165047
LINCSCP_25491	0.8392314732	0.0182175174	7	COT-10B	LSM-6226	NA	40uM	HT29	24h	LINCSCP_25491
LINCSCP_137072	0.839207401	0.01822408892	7	179324-69-7	LSM-6281	ADRM1|PSMA1|PSMA2|PSMA3|PSMA4|PSMA5|PSMA6|PSMA7|PSMA8|PSMB1|PSMB10|PSMB11|PSMB2|PSMB3|PSMB4|PSMB5|PSMB6|PSMB7|PSMB8|PSMB9|PSMC1|PSMC2|PSMC3|PSMC4|PSMC5|PSMC6|PSMD1|PSMD11|PSMD12|PSMD13|PSMD14|PSMD2|PSMD3|PSMD4|PSMD6|PSMD7|PSMD8|SEM1	20uM	MCF7	24h	LINCSCP_137072
LINCSCP_235006	0.8391826399	0.0182308499	7	KU-55933	LSM-1074	ATM	10uM	MCF10A	6h	LINCSCP_235006
LINCSCP_28135	-0.8391493813	0.01823993335	7	BRD-K82414981	LSM-41774	NA	5uM	HT29	24h	LINCSCP_28135
LINCSCP_15700	-0.8391480106	0.01824030776	7	CHEMBL1394624	LSM-1401	NA	10uM	HA1E	24h	LINCSCP_15700
LINCSCP_128092	0.8391202792	0.01824788372	7	PF-04217903	LSM-1166	MET	0.12uM	HUES3	24h	LINCSCP_128092
LINCSCP_155898	0.8390274134	0.01827326673	7	MG-132	LSM-1107	PSMB1	20uM	PC3	24h	LINCSCP_155898
LINCSCP_41996	0.8389917893	0.01828300921	7	MLS000589843	LSM-43120	NA	0.5uM	NOMO1	24h	LINCSCP_41996
LINCSCP_26991	0.8389674527	0.01828966645	7	NCGC00025073-01	LSM-2384	SLC8A1	10uM	HT29	6h	LINCSCP_26991
LINCSCP_50713	0.8389059315	0.01830650166	7	BRD-A43331270-001-01-6	LSM-4436	ADRA1A|CACNA1C	10uM	RKO	6h	LINCSCP_50713
LINCSCP_46249	-0.8388653961	0.01831759895	7	CHEMBL2142684	LSM-40126	NA	10uM	PC3	24h	LINCSCP_46249
LINCSCP_150971	0.8388356993	0.0183257314	7	Radicicol	LSM-43303	NA	0.12uM	PC3	24h	LINCSCP_150971
LINCSCP_34312	-0.8388317773	0.01832680561	7	Albendazole	LSM-3782	NA	10uM	MCF7	24h	LINCSCP_34312
LINCSCP_64857	0.8388180204	0.01833057374	7	BRD-K04540960	LSM-37522	NA	10uM	VCAP	24h	LINCSCP_64857
LINCSCP_105059	-0.8388114216	0.01833238135	7	BRD-A32440707	LSM-45970	NA	3.33uM	HELA	24h	LINCSCP_105059
LINCSCP_164781	-0.838795773	0.01833666844	7	Rucaparib	LSM-4947	PARP1|PARP2|PARP3	0.37uM	SKL.C	24h	LINCSCP_164781
LINCSCP_38121	-0.8387444227	0.01835074028	7	Carvedilol	LSM-1310	ADRA1A|ADRA1B|ADRA1D|ADRB1|ADRB2|ADRB3	0.5uM	MCF7	24h	LINCSCP_38121
LINCSCP_62865	0.8387285311	0.01835509641	7	BRD-K18102341	LSM-9513	NA	5uM	VCAP	24h	LINCSCP_62865
LINCSCP_2027	0.8385870615	0.01839390119	7	12K-516S	LSM-2954	NA	10uM	A375	6h	LINCSCP_2027
LINCSCP_117665	0.8385425335	0.01840612477	7	JNJ-38877605	LSM-1157	MET	1.11uM	HT29	24h	LINCSCP_117665
LINCSCP_81675	0.8385395847	0.0184069344	7	AS-605240	LSM-42784	PIK3CG	10uM	A549	24h	LINCSCP_81675
LINCSCP_309815	0.8384906136	0.01842038333	7	Vorinostat	LSM-3828	HDAC1|HDAC2|HDAC3|HDAC6|HDAC8	30uM	VCAP	24h	LINCSCP_309815
LINCSCP_25456	-0.8384667905	0.01842692788	7	Prostoglandin A1	LSM-42846	NA	1uM	HT29	24h	LINCSCP_25456
LINCSCP_140931	0.8384576857	0.01842942945	7	MG-132	LSM-1107	PSMB1	20uM	MCF7	24h	LINCSCP_140931
LINCSCP_66259	0.8384074616	0.01844323213	7	LY 2183240	LSM-2839	FAAH	10uM	WSUDLCL2	6h	LINCSCP_66259
LINCSCP_151875	-0.8384023345	0.01844464149	7	Olaparib	LSM-1145	PARP1|PARP2|PARP3	10uM	PC3	24h	LINCSCP_151875
LINCSCP_2935	0.8383156552	0.0184684777	7	MEGXP0_001658	LSM-43137	NA	10uM	A375	6h	LINCSCP_2935
LINCSCP_16364	-0.8382793112	0.01847847723	7	2-Bromo-n-[3-(pentanoylamino)phenyl]benzamide	LSM-3693	NA	10uM	HA1E	6h	LINCSCP_16364
LINCSCP_175216	-0.8382776864	0.01847892436	7	LY2157299	LSM-45601	TGFBR1	1.11uM	YAPC	24h	LINCSCP_175216
LINCSCP_47340	0.8382318455	0.01849154141	7	Medroxyprogesterone Acetate	LSM-5882	PGR	10uM	PC3	24h	LINCSCP_47340
LINCSCP_107841	0.8382309139	0.01849179787	7	Donepezil	LSM-1598	ACHE	0.12uM	HELA	24h	LINCSCP_107841
LINCSCP_1482	0.8382217407	0.01849432326	7	NSC643180	LSM-42839	NA	10uM	A375	6h	LINCSCP_1482
LINCSCP_91353	-0.8382215421	0.01849437793	7	Licarbazepine	LSM-45929	NA	1.11uM	HA1E	24h	LINCSCP_91353
LINCSCP_17055	-0.8381696403	0.01850867032	7	Tributyltin Chloride	LSM-37227	NA	10uM	HA1E	24h	LINCSCP_17055
LINCSCP_124173	0.8381323837	0.01851893365	7	179324-69-7	LSM-6281	ADRM1|PSMA1|PSMA2|PSMA3|PSMA4|PSMA5|PSMA6|PSMA7|PSMA8|PSMB1|PSMB10|PSMB11|PSMB2|PSMB3|PSMB4|PSMB5|PSMB6|PSMB7|PSMB8|PSMB9|PSMC1|PSMC2|PSMC3|PSMC4|PSMC5|PSMC6|PSMD1|PSMD11|PSMD12|PSMD13|PSMD14|PSMD2|PSMD3|PSMD4|PSMD6|PSMD7|PSMD8|SEM1	20uM	HT29	24h	LINCSCP_124173
LINCSCP_221208	0.8381015962	0.01852741736	7	INCA-6	LSM-2729	NFATC1	10uM	HEPG2	6h	LINCSCP_221208
LINCSCP_120854	0.8380955132	0.01852909382	7	179324-69-7	LSM-6281	ADRM1|PSMA1|PSMA2|PSMA3|PSMA4|PSMA5|PSMA6|PSMA7|PSMA8|PSMB1|PSMB10|PSMB11|PSMB2|PSMB3|PSMB4|PSMB5|PSMB6|PSMB7|PSMB8|PSMB9|PSMC1|PSMC2|PSMC3|PSMC4|PSMC5|PSMC6|PSMD1|PSMD11|PSMD12|PSMD13|PSMD14|PSMD2|PSMD3|PSMD4|PSMD6|PSMD7|PSMD8|SEM1	20uM	HT29	24h	LINCSCP_120854
LINCSCP_130177	-0.8380629365	0.0185380734	7	PHA-793887	LSM-1073	CDK1|CDK10|CDK11B|CDK12|CDK13|CDK14|CDK15|CDK16|CDK17|CDK18|CDK19|CDK2|CDK20|CDK3|CDK4|CDK5|CDK6|CDK7|CDK8|CDK9	3.33uM	LNCAP	3h	LINCSCP_130177
LINCSCP_152481	-0.8379828486	0.01856015969	7	ITK Inhibitor	LSM-1043	ITK	1.11uM	PC3	24h	LINCSCP_152481
LINCSCP_137600	0.8379209674	0.01857723525	7	MG-132	LSM-1107	PSMB1	20uM	MCF7	24h	LINCSCP_137600
LINCSCP_38614	0.837900213	0.01858296423	7	CHEMBL3183436	LSM-15092	NA	10uM	MCF7	24h	LINCSCP_38614
LINCSCP_141333	-0.8378936385	0.01858477924	7	CTS-1027	LSM-45524	NA	0.12uM	MCF7	24h	LINCSCP_141333
LINCSCP_46544	-0.8378725611	0.01859059873	7	ACON1_001770	LSM-4478	NA	10uM	PC3	6h	LINCSCP_46544
LINCSCP_122292	0.837858416	0.01859450478	7	179324-69-7	LSM-6281	ADRM1|PSMA1|PSMA2|PSMA3|PSMA4|PSMA5|PSMA6|PSMA7|PSMA8|PSMB1|PSMB10|PSMB11|PSMB2|PSMB3|PSMB4|PSMB5|PSMB6|PSMB7|PSMB8|PSMB9|PSMC1|PSMC2|PSMC3|PSMC4|PSMC5|PSMC6|PSMD1|PSMD11|PSMD12|PSMD13|PSMD14|PSMD2|PSMD3|PSMD4|PSMD6|PSMD7|PSMD8|SEM1	20uM	HT29	24h	LINCSCP_122292
LINCSCP_40369	-0.8378562151	0.01859511259	7	CHEMBL520231	LSM-43280	XPO1	10uM	NCIH596	6h	LINCSCP_40369
LINCSCP_119730	-0.8378219018	0.01860459005	7	Neostigmine	LSM-5360	ACHE	0.12uM	HT29	24h	LINCSCP_119730
LINCSCP_148635	0.8377811995	0.01861583573	7	HG-9-91-01	LSM-6343	NA	0.37uM	NPC	24h	LINCSCP_148635
LINCSCP_91111	-0.837673927	0.01864549266	7	Phenformin	LSM-2233	NA	0.04uM	HA1E	24h	LINCSCP_91111
LINCSCP_67066	0.8376479299	0.01865268394	7	Trichostatin A, Streptomyces Sp.	LSM-42814	HDAC1|HDAC10|HDAC3|HDAC4|HDAC6|HDAC7|HDAC8	10uM	HT29	6h	LINCSCP_67066
LINCSCP_127774	-0.8376196554	0.01866050698	7	Ribavirin	LSM-45572	NA	10uM	HT29	24h	LINCSCP_127774
LINCSCP_84220	0.8375950257	0.01866732308	7	Rebastinib	LSM-6708	ABL1	10uM	ASC	24h	LINCSCP_84220
LINCSCP_254069	0.8375915543	0.01866828388	7	BRD-K18170480	LSM-38234	NA	0.5uM	MCF7	6h	LINCSCP_254069
LINCSCP_33187	-0.8375822117	0.01867086983	7	ICI 192,605	LSM-1887	NA	10uM	MCF7	6h	LINCSCP_33187
LINCSCP_40046	0.837493698	0.01869537975	7	Promazine	LSM-2137	CHRM5|DRD2|DRD3|DRD4|HTR2A	10uM	NCIH2073	6h	LINCSCP_40046
LINCSCP_26296	0.8374879501	0.01869697201	7	MLS-0208612.0001	LSM-3196	NA	10uM	HT29	6h	LINCSCP_26296
LINCSCP_152142	0.8374527511	0.01870672433	7	NU-7026	LSM-2191	PRKDC	0.37uM	PC3	24h	LINCSCP_152142
LINCSCP_109854	0.8374186542	0.01871617408	7	Phentolamine	LSM-4022	ADRA1A|ADRA1B|ADRA1D|ADRA2A|ADRA2B|ADRA2C	0.37uM	HELA	24h	LINCSCP_109854
LINCSCP_164545	-0.8374048076	0.01872001235	7	Veliparib	LSM-1146	PARP1|PARP2	1.11uM	SKL.C	24h	LINCSCP_164545
LINCSCP_22470	0.8374002053	0.01872128819	7	CHEMBL97698	LSM-5039	ADRA1B	10uM	HEPG2	6h	LINCSCP_22470
LINCSCP_149636	0.83736977	0.01872972674	7	AZ628	LSM-1050	BRAF|RAF1	0.04uM	NPC.TAK	24h	LINCSCP_149636
LINCSCP_163768	0.8373355859	0.01873920726	7	EX-8678	LSM-1147	NA	3.33uM	SKBR3	24h	LINCSCP_163768
LINCSCP_46532	0.8372257873	0.01876967694	7	HG-6-64-01	LSM-42721	NA	10uM	PC3	24h	LINCSCP_46532
LINCSCP_117708	0.837174894	0.01878380959	7	Dasatinib	LSM-1020	ABL1|BCR|BLK|EPHA2|FGR|FRK|FYN|HCK|KIT|LCK|LYN|PDGFRB|SRC|SRMS|YES1	0.37uM	HT29	24h	LINCSCP_117708
LINCSCP_50082	0.8371319998	0.01879572567	7	IC 261	LSM-42870	NA	10uM	PHH	24h	LINCSCP_50082
LINCSCP_303225	0.8370946902	0.01880609385	7	BRD-K02311587	LSM-8576	NA	5uM	VCAP	6h	LINCSCP_303225
LINCSCP_113065	-0.8370933869	0.01880645609	7	PHA-793887	LSM-1073	CDK1|CDK10|CDK11B|CDK12|CDK13|CDK14|CDK15|CDK16|CDK17|CDK18|CDK19|CDK2|CDK20|CDK3|CDK4|CDK5|CDK6|CDK7|CDK8|CDK9	1.11uM	HME1	24h	LINCSCP_113065
LINCSCP_171852	0.8370315105	0.01882365858	7	Tivozanib	LSM-1005	FLT1|FLT4|KDR|KIT|PDGFRA|PDGFRB	10uM	YAPC	24h	LINCSCP_171852
LINCSCP_24477	-0.83702255	0.01882615047	7	AT-7519	LSM-1004	CDK1|CDK10|CDK11B|CDK12|CDK13|CDK14|CDK15|CDK16|CDK17|CDK18|CDK19|CDK2|CDK20|CDK3|CDK4|CDK5|CDK6|CDK7|CDK8|CDK9	0.1uM	HS578T	6h	LINCSCP_24477
LINCSCP_2634	0.8370031309	0.0188315515	7	Toltrazuril	LSM-3440	NA	10uM	A375	6h	LINCSCP_2634
LINCSCP_15906	-0.8369956449	0.01883363382	7	CHEMBL1269897	LSM-4133	NA	10uM	HA1E	6h	LINCSCP_15906
LINCSCP_157325	0.836926561	0.01885285643	7	Defactinib	LSM-45153	PTK2|PTK2B	10uM	PC3	24h	LINCSCP_157325
LINCSCP_62601	0.8369161748	0.01885574735	7	BRD-K97364711	LSM-14411	NA	5uM	VCAP	6h	LINCSCP_62601
LINCSCP_50803	-0.836897794	0.01886086414	7	Phenoxazine	LSM-4657	NA	10uM	RKO	6h	LINCSCP_50803
LINCSCP_38058	-0.8368553711	0.01887267668	7	BRD-K46666779	LSM-15075	NA	3uM	MCF7	6h	LINCSCP_38058
LINCSCP_29676	-0.8368426373	0.0188762232	7	SB590885	LSM-42746	BRAF	0.1uM	MCF10A	6h	LINCSCP_29676
LINCSCP_134642	0.8368414397	0.01887655675	7	179324-69-7	LSM-6281	ADRM1|PSMA1|PSMA2|PSMA3|PSMA4|PSMA5|PSMA6|PSMA7|PSMA8|PSMB1|PSMB10|PSMB11|PSMB2|PSMB3|PSMB4|PSMB5|PSMB6|PSMB7|PSMB8|PSMB9|PSMC1|PSMC2|PSMC3|PSMC4|PSMC5|PSMC6|PSMD1|PSMD11|PSMD12|PSMD13|PSMD14|PSMD2|PSMD3|PSMD4|PSMD6|PSMD7|PSMD8|SEM1	20uM	MCF7	24h	LINCSCP_134642
LINCSCP_122293	0.8368365543	0.01887791752	7	179324-69-7	LSM-6281	ADRM1|PSMA1|PSMA2|PSMA3|PSMA4|PSMA5|PSMA6|PSMA7|PSMA8|PSMB1|PSMB10|PSMB11|PSMB2|PSMB3|PSMB4|PSMB5|PSMB6|PSMB7|PSMB8|PSMB9|PSMC1|PSMC2|PSMC3|PSMC4|PSMC5|PSMC6|PSMD1|PSMD11|PSMD12|PSMD13|PSMD14|PSMD2|PSMD3|PSMD4|PSMD6|PSMD7|PSMD8|SEM1	20uM	HT29	24h	LINCSCP_122293
LINCSCP_88017	-0.8368292561	0.01887995042	7	MK-2206	LSM-1057	AKT1|AKT2|AKT3	3.33uM	HA1E	24h	LINCSCP_88017
LINCSCP_138136	-0.836828128	0.01888026467	7	376348-65-1, Uk-427857, uk427857	LSM-6182	CCR5	0.12uM	MCF7	24h	LINCSCP_138136
LINCSCP_111317	-0.8368170794	0.01888334253	7	LDN 193189	LSM-1115	ACVR1|BMPR1A	0.12uM	HEPG2	24h	LINCSCP_111317
LINCSCP_150520	0.836789023	0.01889115957	7	PD-0325901	LSM-1101	MAP2K1|MAP2K2	3.33uM	NPC.TAK	24h	LINCSCP_150520
LINCSCP_65547	0.8367643103	0.01889804652	7	BRD-K94766884	LSM-8060	NA	10uM	VCAP	6h	LINCSCP_65547
LINCSCP_35689	0.8367357569	0.01890600557	7	3,7-Bis(dimethylamino)phenothiazin-5-ium	LSM-4555	ACHE	3uM	MCF7	24h	LINCSCP_35689
LINCSCP_52304	-0.8367266939	0.01890853222	7	HMS1484F20	LSM-43110	NA	10uM	SKB	24h	LINCSCP_52304
LINCSCP_6701	-0.8367048355	0.01891462682	7	Quizartinib	LSM-1037	CSF1R|FLT3|KIT|PDGFRA|PDGFRB|RET	10uM	A549	6h	LINCSCP_6701
LINCSCP_13142	0.8367006533	0.01891579305	7	BG-1024	LSM-36975	NA	10uM	FIBRNPC	24h	LINCSCP_13142
LINCSCP_56254	0.8366867326	0.01891967519	7	Penfluridol	LSM-2334	NA	10uM	VCAP	24h	LINCSCP_56254
LINCSCP_26634	0.8366553582	0.01892842633	7	Deoxy Cholate	LSM-5477	NA	10uM	HT29	6h	LINCSCP_26634
LINCSCP_16098	-0.8366312707	0.01893514654	7	MLS001065843	LSM-1459	NA	10uM	HA1E	6h	LINCSCP_16098
LINCSCP_126247	0.8366175343	0.01893897951	7	179324-69-7	LSM-6281	ADRM1|PSMA1|PSMA2|PSMA3|PSMA4|PSMA5|PSMA6|PSMA7|PSMA8|PSMB1|PSMB10|PSMB11|PSMB2|PSMB3|PSMB4|PSMB5|PSMB6|PSMB7|PSMB8|PSMB9|PSMC1|PSMC2|PSMC3|PSMC4|PSMC5|PSMC6|PSMD1|PSMD11|PSMD12|PSMD13|PSMD14|PSMD2|PSMD3|PSMD4|PSMD6|PSMD7|PSMD8|SEM1	20uM	HT29	24h	LINCSCP_126247
LINCSCP_22846	-0.8366014489	0.01894346847	7	BRD-A38898897	LSM-42818	ELANE	10uM	HEPG2	6h	LINCSCP_22846
LINCSCP_87388	0.8365652894	0.01895356173	7	BX-795	LSM-1189	PDK1|PDPK1	0.04uM	CD34	24h	LINCSCP_87388
LINCSCP_134867	-0.8365647298	0.01895371797	7	Papaverine	LSM-2338	PDE10A	3.33uM	MCF7	24h	LINCSCP_134867
LINCSCP_162415	-0.8365351115	0.01896198768	7	Alvimopan (monohydrate)	LSM-45414	OPRM1	0.04uM	PC3	24h	LINCSCP_162415
LINCSCP_25090	-0.8365334098	0.01896246287	7	CHEMBL1617726	LSM-6255	NA	80uM	HT115	6h	LINCSCP_25090
LINCSCP_142237	-0.8365314241	0.01896301737	7	GDC-0068	LSM-45747	NA	1.11uM	MCF7	24h	LINCSCP_142237
LINCSCP_126330	0.8365115822	0.01896855876	7	179324-69-7	LSM-6281	ADRM1|PSMA1|PSMA2|PSMA3|PSMA4|PSMA5|PSMA6|PSMA7|PSMA8|PSMB1|PSMB10|PSMB11|PSMB2|PSMB3|PSMB4|PSMB5|PSMB6|PSMB7|PSMB8|PSMB9|PSMC1|PSMC2|PSMC3|PSMC4|PSMC5|PSMC6|PSMD1|PSMD11|PSMD12|PSMD13|PSMD14|PSMD2|PSMD3|PSMD4|PSMD6|PSMD7|PSMD8|SEM1	20uM	HT29	24h	LINCSCP_126330
LINCSCP_7997	0.8364572276	0.01898374339	7	CHEMBL2135524	LSM-42623	NA	10uM	A549	6h	LINCSCP_7997
LINCSCP_58222	0.8364226099	0.0189934179	7	Armodafinil	LSM-1343	SLC6A3	10uM	VCAP	6h	LINCSCP_58222
LINCSCP_31287	0.8364089777	0.01899722842	7	KUC104495	LSM-3636	NA	10uM	MCF7	6h	LINCSCP_31287
LINCSCP_112231	0.8363953435	0.01900103991	7	Idelalisib	LSM-1205	PIK3CD|PIK3CG	1.11uM	HEPG2	24h	LINCSCP_112231
LINCSCP_14828	0.8363584611	0.01901135274	7	Brucinum	LSM-1539	NA	10uM	HA1E	6h	LINCSCP_14828
LINCSCP_26505	0.8363401481	0.0190164745	7	BIIB 021	LSM-5627	HSP90AA1	10uM	HT29	6h	LINCSCP_26505
LINCSCP_65204	0.8363209902	0.01902183337	7	BRD-K04076294	LSM-37493	NA	10uM	VCAP	24h	LINCSCP_65204
LINCSCP_46463	0.8362261294	0.01904838065	7	CHEMBL2355399	LSM-39827	NA	10uM	PC3	24h	LINCSCP_46463
LINCSCP_67930	0.8362154036	0.01905138364	7	13-Hydroxy-8,14,19-trimethoxy-4,10,12,16-tetramethyl-3,20,22-trioxo-2-azabicyclo[16.3.1]docosa-1(21),4,6,10,18-pentaen-9-yl carbamate	LSM-42815	HSP90AA1	10uM	PC3	6h	LINCSCP_67930
LINCSCP_131133	0.8361507108	0.01906950192	7	Trametinib	LSM-1143	MAP2K1|MAP2K2	0.12uM	MCF10A	3h	LINCSCP_131133
LINCSCP_6772	-0.8361274775	0.01907601117	7	Methoprene acid	LSM-42820	RXRA	10uM	A549	24h	LINCSCP_6772
LINCSCP_65219	0.8361210998	0.01907779823	7	BRD-K08607084	LSM-37738	NA	10uM	VCAP	24h	LINCSCP_65219
LINCSCP_117275	0.8360917925	0.01908601147	7	Olaparib	LSM-1145	PARP1|PARP2|PARP3	10uM	HT29	24h	LINCSCP_117275
LINCSCP_104776	-0.8360733431	0.01909118285	7	Ciprofloxacin	LSM-5226	NA	0.04uM	HELA	24h	LINCSCP_104776
LINCSCP_36023	0.8360688162	0.01909245186	7	Withaferin A	LSM-6685	IKBKB|NAMPT	3uM	MCF7	24h	LINCSCP_36023
LINCSCP_153462	-0.8360380242	0.01910108501	7	Methocarbamol	LSM-1453	CA1	10uM	PC3	24h	LINCSCP_153462
LINCSCP_155619	-0.8360236993	0.01910510202	7	Brivanib	LSM-5421	FGFR1|FGFR2|FGFR3|FGFR4|FLT1|FLT4|KDR	3.33uM	PC3	24h	LINCSCP_155619
LINCSCP_29375	0.836014184	0.01910777058	7	Ursolic acid	LSM-4889	HSD11B1|PTPN1	70uM	LOVO	6h	LINCSCP_29375
LINCSCP_57689	0.8359999275	0.0191117692	7	T5578409	LSM-3486	NA	10uM	VCAP	6h	LINCSCP_57689
LINCSCP_9736	0.8359704766	0.01912003102	7	BRD32048	LSM-4943	NA	0.01uM	A549	24h	LINCSCP_9736
LINCSCP_45778	-0.8359602816	0.01912289149	7	CHEMBL1271220	LSM-2153	NA	10uM	PC3	6h	LINCSCP_45778
LINCSCP_230589	0.8359422974	0.01912793798	7	BRD-K16425314	LSM-9422	NA	5uM	HT29	24h	LINCSCP_230589
LINCSCP_38764	0.8359268508	0.01913227304	7	Nilotinib	LSM-1099	ABL1|BCR|KIT	10uM	MCF7	24h	LINCSCP_38764
LINCSCP_129406	0.8359237142	0.01913315337	7	Tivantinib	LSM-1131	MET	3.33uM	JURKAT	24h	LINCSCP_129406
LINCSCP_294576	0.8359154213	0.01913548106	7	5-Bromo-n-[(3-methylpyridin-2-yl)carbamothioyl]pyridine-3-carboxamide	LSM-4572	NA	10uM	VCAP	6h	LINCSCP_294576
LINCSCP_4273	-0.835866729	0.01914915134	7	Homochlorcyclizine	LSM-1394	HRH1	10uM	A549	6h	LINCSCP_4273
LINCSCP_119061	-0.8358485825	0.01915424737	7	Forskolin, NKH477	LSM-45443	NA	3.33uM	HT29	24h	LINCSCP_119061
LINCSCP_148520	-0.835823193	0.0191613787	7	PF-04217903	LSM-1166	MET	0.12uM	NPC	24h	LINCSCP_148520
LINCSCP_42503	-0.8358227036	0.01916151617	7	Thiocolchicoside	LSM-1316	NA	10uM	NPC	24h	LINCSCP_42503
LINCSCP_76607	0.83580809	0.01916562149	7	Azacitidine	LSM-5218	DNMT1|DNMT3A	3.33uM	A375	24h	LINCSCP_76607
LINCSCP_133122	0.8357817573	0.0191730203	7	Radicicol	LSM-43303	NA	3.33uM	MCF7	3h	LINCSCP_133122
LINCSCP_56239	-0.8357679815	0.01917689155	7	Catechin Pentabenzoate	LSM-2051	NA	10uM	VCAP	24h	LINCSCP_56239
LINCSCP_63618	0.8357537398	0.01918089424	7	BRD-K63818532	LSM-12315	NA	5uM	VCAP	6h	LINCSCP_63618
LINCSCP_26041	0.8357113995	0.01919279691	7	BRD-A43805296	LSM-1555	NA	10uM	HT29	6h	LINCSCP_26041
LINCSCP_6086	-0.8356879523	0.01919939015	7	AN-465/40934524	LSM-4681	NA	10uM	A549	6h	LINCSCP_6086
LINCSCP_108373	0.8356446108	0.01921158099	7	Maxacalcitol-D6	LSM-45401	NA	1.11uM	HELA	24h	LINCSCP_108373
LINCSCP_125472	-0.8356205354	0.01921835466	7	Aclidinium Bromide	LSM-45884	CHRM3	1.11uM	HT29	24h	LINCSCP_125472
LINCSCP_138265	0.8356115614	0.01922087987	7	Rilpivirine	LSM-45777	NA	3.33uM	MCF7	24h	LINCSCP_138265
LINCSCP_62633	-0.8355883834	0.01922740284	7	BRD-K21629388	LSM-9743	NA	5uM	VCAP	24h	LINCSCP_62633
LINCSCP_16254	0.8355825819	0.01922903573	7	BRD-K10010115	LSM-45102	NA	10uM	HA1E	6h	LINCSCP_16254
LINCSCP_157420	-0.8355773411	0.01923051091	7	PX 12	LSM-4918	TXN|TXNRD1	0.04uM	PC3	24h	LINCSCP_157420
LINCSCP_24102	-0.8354970495	0.01925311907	7	Broad-Sai-560	LSM-45991	NA	10uM	HEPG2	24h	LINCSCP_24102
LINCSCP_15735	-0.835479966	0.01925793129	7	MLS000033898	LSM-2342	NA	10uM	HA1E	24h	LINCSCP_15735
LINCSCP_81616	-0.8354690811	0.01926099782	7	Sirolimus	LSM-42783	FKBP1A|MTOR	3.33uM	A549	24h	LINCSCP_81616
LINCSCP_19500	-0.8354537373	0.01926532099	7	PJ34	LSM-4937	NA	10uM	HCC515	6h	LINCSCP_19500
LINCSCP_20188	0.8354444449	0.0192679394	7	GSK429286A	LSM-1012	ROCK1	10uM	HCC515	6h	LINCSCP_20188
LINCSCP_1299	0.835438141	0.01926971584	7	CHEMBL567340	LSM-2494	NA	10uM	A375	6h	LINCSCP_1299
LINCSCP_49832	0.8354134986	0.01927666097	7	MD-II-038	LSM-43121	NA	10uM	PHH	24h	LINCSCP_49832
LINCSCP_115494	-0.8353757359	0.01928730662	7	Mitoxantrone	LSM-2481	TOP2A	10uM	HS578T	24h	LINCSCP_115494
LINCSCP_62188	0.835359796	0.01929180122	7	BRD-K92951265	LSM-14128	NA	5uM	VCAP	24h	LINCSCP_62188
LINCSCP_150333	0.8353498957	0.01929459314	7	Aurora A Inhibitor I	LSM-1065	AURKA	0.04uM	NPC.TAK	24h	LINCSCP_150333
LINCSCP_3627	-0.8353418788	0.01929685409	7	BRD-K79112806	LSM-14936	NA	10uM	A375	24h	LINCSCP_3627
LINCSCP_112901	-0.8353190581	0.01930329086	7	SCHEMBL15556278	LSM-1002	DDR1	0.04uM	HEPG2	24h	LINCSCP_112901
LINCSCP_12312	0.835288696	0.01931185665	7	Rigosertib	LSM-44531	CDK1|F2R|FLT1|FYN|PDGFRA|PLK1|PLK2|SRC	1uM	BT20	6h	LINCSCP_12312
LINCSCP_10494	0.8352084526	0.01933450542	7	Chloroquine	LSM-1901	NA	10uM	AGS	6h	LINCSCP_10494
LINCSCP_146074	-0.8351336472	0.01935563284	7	Ipatasertib	LSM-6341	AKT1|AKT2|AKT3	10uM	MNEU.E	24h	LINCSCP_146074
LINCSCP_258537	0.835120605	0.01935931772	7	Fenretinide	LSM-42925	RARA	10uM	NEU	24h	LINCSCP_258537
LINCSCP_21812	0.8350980324	0.01936569622	7	MLS003153123	LSM-2020	NA	10uM	HEPG2	6h	LINCSCP_21812
LINCSCP_20667	-0.8350968906	0.01936601888	7	MLS004683634	LSM-6156	NA	10uM	HCC515	6h	LINCSCP_20667
LINCSCP_146735	-0.8350948702	0.01936658986	7	Iniparib	LSM-6317	PARP1	0.04uM	NEU	24h	LINCSCP_146735
LINCSCP_26482	0.8350655733	0.01937487047	7	Saracatinib	LSM-1032	ABL1|SRC	10uM	HT29	6h	LINCSCP_26482
LINCSCP_141058	-0.8350457409	0.01938047713	7	CC-401	LSM-1186	NA	0.04uM	MCF7	24h	LINCSCP_141058
LINCSCP_153425	-0.8350437899	0.01938102873	7	ZD-7288	LSM-2406	HCN1|HCN2|HCN3|HCN4	0.04uM	PC3	24h	LINCSCP_153425
LINCSCP_144585	0.8350267135	0.0193858571	7	Neratinib	LSM-42778	EGFR|ERBB2|ERBB4	0.12uM	MDAMB231	24h	LINCSCP_144585
LINCSCP_24031	0.8349862299	0.01939730654	7	BL003-049-HDAC3	LSM-36785	NA	10uM	HEPG2	24h	LINCSCP_24031
LINCSCP_141287	0.8349816866	0.0193985917	7	MG-132	LSM-1107	PSMB1	20uM	MCF7	24h	LINCSCP_141287
LINCSCP_159130	0.8349485087	0.0194079782	7	MG-132	LSM-1107	PSMB1	20uM	PC3	24h	LINCSCP_159130
LINCSCP_31624	0.8349292043	0.01941344087	7	6-Azauridine	LSM-37135	NA	10uM	MCF7	24h	LINCSCP_31624
LINCSCP_63823	0.8349095507	0.01941900324	7	BRD-K66775134	LSM-12498	NA	5uM	VCAP	6h	LINCSCP_63823
LINCSCP_172609	-0.8348983023	0.01942218719	7	Etazolate	LSM-3446	GABRB3|PDE4A	10uM	YAPC	24h	LINCSCP_172609
LINCSCP_69963	0.8348756957	0.01942858703	7	GSK-3 Inhibitor II	LSM-1030	GSK3B	0.37uM	A375	24h	LINCSCP_69963
LINCSCP_85927	-0.834869532	0.01943033216	7	CGP 60474	LSM-1025	CDK1	3.33uM	BT20	24h	LINCSCP_85927
LINCSCP_38629	-0.834855142	0.01943440674	7	Curcumin	LSM-43083	PTGS1|PTGS2	1.23uM	MCF7	24h	LINCSCP_38629
LINCSCP_44179	-0.8348412356	0.01943834486	7	SKF 89976-A	LSM-1596	SLC6A1	10uM	PC3	24h	LINCSCP_44179
LINCSCP_46126	0.8348354704	0.01943997764	7	Mevastatin	LSM-4123	HMGCR	10uM	PC3	24h	LINCSCP_46126
LINCSCP_55238	-0.8348271485	0.01944233461	7	AZD-8055	LSM-1007	MTOR	10uM	TYKNU	6h	LINCSCP_55238
LINCSCP_165937	-0.8347691869	0.01945875541	7	GSK-J2	LSM-44940	NA	0.04uM	SKL	24h	LINCSCP_165937
LINCSCP_36191	-0.8346413765	0.01949499247	7	CYTO7H11	LSM-4351	BAX	0.5uM	MCF7	24h	LINCSCP_36191
LINCSCP_254285	0.8346356935	0.01949660462	7	SA-1919248	LSM-39747	NA	3uM	MCF7	24h	LINCSCP_254285
LINCSCP_20053	0.834610395	0.01950378218	7	CHEMBL2142321	LSM-4813	NA	10uM	HCC515	6h	LINCSCP_20053
LINCSCP_81636	0.8345896136	0.01950967927	7	Selumetinib	LSM-1056	MAP2K1|MAP2K2	0.37uM	A549	24h	LINCSCP_81636
LINCSCP_43272	0.834589554	0.01950969619	7	BRD-A35153197	LSM-36388	NA	10uM	NPC	6h	LINCSCP_43272
LINCSCP_117104	-0.8345626316	0.01951733744	7	MLN-0128	LSM-1206	MTOR	3.33uM	HT29	24h	LINCSCP_117104
LINCSCP_123853	0.8345561315	0.01951918257	7	RO4987655	LSM-45489	MAP2K1|MAP2K2	1.11uM	HT29	24h	LINCSCP_123853
LINCSCP_80292	-0.8345051175	0.01953366702	7	16,16-Dimethyl prostaglandin e2	LSM-43285	HPGD	1uM	A375	24h	LINCSCP_80292
LINCSCP_5016	0.8344737393	0.0195425793	7	CHEMBL1773273	LSM-3866	NA	10uM	A549	24h	LINCSCP_5016
LINCSCP_123854	0.8344701526	0.01954359815	7	RO4987655	LSM-45489	MAP2K1|MAP2K2	0.37uM	HT29	24h	LINCSCP_123854
LINCSCP_71928	0.8344588722	0.01954680276	7	ZK-93423	LSM-2741	GABRA1|GABRA2|GABRA3|GABRA5	3.33uM	A375	24h	LINCSCP_71928
LINCSCP_7991	0.8343997097	0.01956361486	7	BRD-K81927853	LSM-41744	NA	10uM	A549	6h	LINCSCP_7991
LINCSCP_102012	-0.8343741485	0.01957088107	7	Tivantinib	LSM-1131	MET	1.11uM	HELA	24h	LINCSCP_102012
LINCSCP_28544	0.8343300045	0.01958343339	7	Broad-Sai-686	LSM-45328	NA	0.37uM	HT29	24h	LINCSCP_28544
LINCSCP_130092	0.8343140804	0.01958796252	7	Sorafenib	LSM-1008	BRAF|DDR2|FGFR1|FLT1|FLT3|FLT4|KDR|KIT|PDGFRB|RAF1|RET	10uM	LNCAP	3h	LINCSCP_130092
LINCSCP_131370	-0.8342817057	0.01959717233	7	CHEMBL585951	LSM-36386	MAPK8	0.12uM	MCF10A	24h	LINCSCP_131370
LINCSCP_11326	-0.8342699706	0.01960051129	7	AQ-RA-741	LSM-3833	CHRM2	10uM	ASC	24h	LINCSCP_11326
LINCSCP_116292	0.8342636428	0.01960231187	7	AZD-8330	LSM-1165	MAP2K1|MAP2K2	0.37uM	HT29	24h	LINCSCP_116292
LINCSCP_159799	-0.8342536442	0.01960515715	7	Cefozopran (hydrochloride)	LSM-45260	NA	0.04uM	PC3	24h	LINCSCP_159799
LINCSCP_1701	0.8342504231	0.01960607383	7	MLS002264410	LSM-2524	NA	10uM	A375	6h	LINCSCP_1701
LINCSCP_31334	0.8342219946	0.01961416515	7	MLS002548990	LSM-2210	NA	10uM	MCF7	24h	LINCSCP_31334
LINCSCP_54183	0.8341735553	0.01962795635	7	SCH-79797	LSM-6224	F2R	10uM	SW620	6h	LINCSCP_54183
LINCSCP_96824	-0.8341678919	0.01962956913	7	AZD7762	LSM-45536	CHEK1	1.11uM	HA1E	24h	LINCSCP_96824
LINCSCP_126245	0.8341567131	0.01963275279	7	179324-69-7	LSM-6281	ADRM1|PSMA1|PSMA2|PSMA3|PSMA4|PSMA5|PSMA6|PSMA7|PSMA8|PSMB1|PSMB10|PSMB11|PSMB2|PSMB3|PSMB4|PSMB5|PSMB6|PSMB7|PSMB8|PSMB9|PSMC1|PSMC2|PSMC3|PSMC4|PSMC5|PSMC6|PSMD1|PSMD11|PSMD12|PSMD13|PSMD14|PSMD2|PSMD3|PSMD4|PSMD6|PSMD7|PSMD8|SEM1	20uM	HT29	24h	LINCSCP_126245
LINCSCP_201635	-0.8341476882	0.01963532324	7	Trichostatin	LSM-43005	HDAC1|HDAC10|HDAC3|HDAC4|HDAC6|HDAC7|HDAC8	0.01uM	A549	6h	LINCSCP_201635
LINCSCP_36843	0.8340471255	0.01966397814	7	NVP-AEW541	LSM-44953	IGF1R	0.5uM	MCF7	24h	LINCSCP_36843
LINCSCP_92541	0.8340177573	0.01967235097	7	Theobromine	LSM-5483	NA	10uM	HA1E	24h	LINCSCP_92541
LINCSCP_37417	0.833998143	0.01967794409	7	Thiostrepton	LSM-43142	FOXM1	10uM	MCF7	24h	LINCSCP_37417
LINCSCP_124258	0.8339690666	0.01968623702	7	MG-132	LSM-1107	PSMB1	20uM	HT29	24h	LINCSCP_124258
LINCSCP_109497	-0.8339308835	0.01969713033	7	Tomelukast	LSM-3675	CYSLTR1	1uM	HELA	24h	LINCSCP_109497
LINCSCP_56897	0.8339172058	0.01970103332	7	UK 356618	LSM-4940	MMP3	10uM	VCAP	24h	LINCSCP_56897
LINCSCP_223746	0.8338692913	0.01971470927	7	Oxprenolol	LSM-1554	ADRB1|ADRB2	10uM	HT29	6h	LINCSCP_223746
LINCSCP_86882	-0.8337947948	0.01973598306	7	Sirolimus	LSM-42783	FKBP1A|MTOR	10uM	CD34	24h	LINCSCP_86882
LINCSCP_52436	-0.8337742319	0.01974185744	7	SB 239063	LSM-44951	MAPK11|MAPK14	10uM	SKB	24h	LINCSCP_52436
LINCSCP_128608	-0.8336941387	0.01976474784	7	GSK-3 Inhibitor II	LSM-1030	GSK3B	10uM	HUVEC	24h	LINCSCP_128608
LINCSCP_34305	-0.8336902826	0.01976585031	7	Dicyclomine	LSM-3534	CHRM1|CHRM2|CHRM3	10uM	MCF7	24h	LINCSCP_34305
LINCSCP_118340	0.8336474862	0.01977808794	7	179324-69-7	LSM-6281	ADRM1|PSMA1|PSMA2|PSMA3|PSMA4|PSMA5|PSMA6|PSMA7|PSMA8|PSMB1|PSMB10|PSMB11|PSMB2|PSMB3|PSMB4|PSMB5|PSMB6|PSMB7|PSMB8|PSMB9|PSMC1|PSMC2|PSMC3|PSMC4|PSMC5|PSMC6|PSMD1|PSMD11|PSMD12|PSMD13|PSMD14|PSMD2|PSMD3|PSMD4|PSMD6|PSMD7|PSMD8|SEM1	20uM	HT29	24h	LINCSCP_118340
LINCSCP_118098	-0.8336257856	0.01978429486	7	PI 3-K/mTOR Inhibitor III, PKI-179	LSM-45478	MTOR|PIK3CA	0.37uM	HT29	24h	LINCSCP_118098
LINCSCP_58992	0.8336034934	0.01979067217	7	MLS002725683	LSM-1326	NA	10uM	VCAP	6h	LINCSCP_58992
LINCSCP_139861	0.8335701135	0.01980022359	7	Loperamide	LSM-3365	OPRD1|OPRM1	3.33uM	MCF7	24h	LINCSCP_139861
LINCSCP_156258	0.8335144288	0.01981616316	7	MG-132	LSM-1107	PSMB1	20uM	PC3	24h	LINCSCP_156258
LINCSCP_316	-0.833492304	0.01982249836	7	Y-27632	LSM-44936	ROCK1|ROCK2	10uM	A375	24h	LINCSCP_316
LINCSCP_86030	-0.8334352107	0.01983885165	7	TAE-684	LSM-1024	ALK	1.11uM	BT20	24h	LINCSCP_86030
LINCSCP_32950	-0.8334328827	0.01983951865	7	N-[(1-Ethylpyrrolidin-3-yl)methyl]-2-methoxy-5-sulfamoylbenzamide	LSM-1307	CA7|DRD2|DRD3	10uM	MCF7	6h	LINCSCP_32950
LINCSCP_149835	0.8334049787	0.01984751416	7	PD-0325901	LSM-1101	MAP2K1|MAP2K2	0.04uM	NPC.TAK	24h	LINCSCP_149835
LINCSCP_143091	0.8334028006	0.01984813834	7	MG-132	LSM-1107	PSMB1	20uM	MCF7	24h	LINCSCP_143091
LINCSCP_156114	-0.833364798	0.0198590306	7	AT-7519	LSM-1004	CDK1|CDK10|CDK11B|CDK12|CDK13|CDK14|CDK15|CDK16|CDK17|CDK18|CDK19|CDK2|CDK20|CDK3|CDK4|CDK5|CDK6|CDK7|CDK8|CDK9	0.04uM	PC3	24h	LINCSCP_156114
LINCSCP_137879	0.8333393944	0.01986631364	7	179324-69-7	LSM-6281	ADRM1|PSMA1|PSMA2|PSMA3|PSMA4|PSMA5|PSMA6|PSMA7|PSMA8|PSMB1|PSMB10|PSMB11|PSMB2|PSMB3|PSMB4|PSMB5|PSMB6|PSMB7|PSMB8|PSMB9|PSMC1|PSMC2|PSMC3|PSMC4|PSMC5|PSMC6|PSMD1|PSMD11|PSMD12|PSMD13|PSMD14|PSMD2|PSMD3|PSMD4|PSMD6|PSMD7|PSMD8|SEM1	20uM	MCF7	24h	LINCSCP_137879
LINCSCP_149770	-0.8332577197	0.01988973947	7	SB525334	LSM-1121	TGFBR1	10uM	NPC.TAK	24h	LINCSCP_149770
LINCSCP_152463	0.8332121946	0.01990280372	7	Regorafenib	LSM-1226	ABL1|BRAF|DDR2|FGFR1|FGFR2|FLT1|FLT4|FRK|KDR|KIT|MAPK11|PDGFRA|PDGFRB|RAF1|RET|TEK	1.11uM	PC3	24h	LINCSCP_152463
LINCSCP_99368	-0.8332024637	0.01990559681	7	Crizotinib	LSM-1027	ALK|MET	1.11uM	HCC515	24h	LINCSCP_99368
LINCSCP_48204	0.8331985676	0.01990671517	7	BRD-K74461819	LSM-44851	NA	5uM	PC3	24h	LINCSCP_48204
LINCSCP_155806	0.8331763558	0.01991309174	7	MG-132	LSM-1107	PSMB1	20uM	PC3	24h	LINCSCP_155806
LINCSCP_57886	0.8331579398	0.01991837949	7	KUC104337	LSM-2893	NA	10uM	VCAP	6h	LINCSCP_57886
LINCSCP_190146	0.8331554219	0.01991910249	7	Benproperine	LSM-5053	NA	10uM	A549	6h	LINCSCP_190146
LINCSCP_83666	-0.8331140388	0.01993098785	7	Rabusertib	LSM-36359	CHEK1	1.11uM	ASC.C	24h	LINCSCP_83666
LINCSCP_125899	-0.8330953979	0.01993634288	7	AMSACRINE	LSM-45972	NA	0.37uM	HT29	24h	LINCSCP_125899
LINCSCP_19628	0.8330851854	0.01993927703	7	CHEMBL1394624	LSM-1401	NA	10uM	HCC515	6h	LINCSCP_19628
LINCSCP_20575	-0.833049773	0.01994945317	7	4,6-Dimethyl-n-phenylquinolin-2-amine	LSM-4902	NA	10uM	HCC515	6h	LINCSCP_20575
LINCSCP_68485	0.833048893	0.01994970608	7	Vorinostat	LSM-3828	HDAC1|HDAC2|HDAC3|HDAC6|HDAC8	10uM	VCAP	24h	LINCSCP_68485
LINCSCP_93218	0.833026425	0.01995616407	7	Benoxinate	LSM-2069	SCN10A|SCN11A|SCN1A|SCN2A|SCN3A|SCN4A|SCN5A|SCN7A|SCN8A|SCN9A	10uM	HA1E	24h	LINCSCP_93218
LINCSCP_22114	0.8329918403	0.01996610713	7	MLS000526305	LSM-4036	NA	10uM	HEPG2	6h	LINCSCP_22114
LINCSCP_86045	-0.8329519487	0.01997757937	7	SCHEMBL1564574	LSM-1006	CHEK1|CHEK2	0.04uM	BT20	24h	LINCSCP_86045
LINCSCP_145031	0.8329505346	0.01997798612	7	Dovitinib	LSM-1127	EGFR|FGFR1|FGFR2|FGFR3|FLT1|FLT3|FLT4|KDR|KIT|PDGFRA|PDGFRB	1.11uM	MDAMB231	3h	LINCSCP_145031
LINCSCP_117433	-0.8329271992	0.01998469883	7	I-BET151	LSM-6335	NA	1.11uM	HT29	24h	LINCSCP_117433
LINCSCP_137071	0.8328935639	0.01999437671	7	179324-69-7	LSM-6281	ADRM1|PSMA1|PSMA2|PSMA3|PSMA4|PSMA5|PSMA6|PSMA7|PSMA8|PSMB1|PSMB10|PSMB11|PSMB2|PSMB3|PSMB4|PSMB5|PSMB6|PSMB7|PSMB8|PSMB9|PSMC1|PSMC2|PSMC3|PSMC4|PSMC5|PSMC6|PSMD1|PSMD11|PSMD12|PSMD13|PSMD14|PSMD2|PSMD3|PSMD4|PSMD6|PSMD7|PSMD8|SEM1	20uM	MCF7	24h	LINCSCP_137071
LINCSCP_131984	0.8328744459	0.01999987873	7	AZD-8330	LSM-1165	MAP2K1|MAP2K2	1.11uM	MCF7	24h	LINCSCP_131984
LINCSCP_56439	-0.8328278846	0.02001328227	7	Benzylpenicillin	LSM-3229	NA	10uM	VCAP	24h	LINCSCP_56439
LINCSCP_162394	-0.8327999326	0.02002133123	7	Rupatadine Fumarate	LSM-45384	NA	1.11uM	PC3	24h	LINCSCP_162394
LINCSCP_69764	-0.8327633198	0.02003187688	7	OSI-930	LSM-1179	FLT1|FLT4|KDR|KIT	1.11uM	A375	24h	LINCSCP_69764
LINCSCP_5740	-0.8327501452	0.02003567237	7	Ethylestrenol	LSM-5515	AR	10uM	A549	24h	LINCSCP_5740
LINCSCP_120575	0.8327456383	0.02003697085	7	179324-69-7	LSM-6281	ADRM1|PSMA1|PSMA2|PSMA3|PSMA4|PSMA5|PSMA6|PSMA7|PSMA8|PSMB1|PSMB10|PSMB11|PSMB2|PSMB3|PSMB4|PSMB5|PSMB6|PSMB7|PSMB8|PSMB9|PSMC1|PSMC2|PSMC3|PSMC4|PSMC5|PSMC6|PSMD1|PSMD11|PSMD12|PSMD13|PSMD14|PSMD2|PSMD3|PSMD4|PSMD6|PSMD7|PSMD8|SEM1	20uM	HT29	24h	LINCSCP_120575
LINCSCP_167240	-0.8327417145	0.02003810137	7	Linagliptin	LSM-45916	DPP4	10uM	YAPC	24h	LINCSCP_167240
LINCSCP_141699	-0.8327393616	0.02003877932	7	Nemonapride	LSM-45497	NA	0.12uM	MCF7	24h	LINCSCP_141699
LINCSCP_16115	0.8326645798	0.02006033285	7	Vardenafil	LSM-2292	PDE5A	10uM	HA1E	6h	LINCSCP_16115
LINCSCP_58656	0.8326280834	0.02007085661	7	ST51024947	LSM-43106	NA	10uM	VCAP	24h	LINCSCP_58656
LINCSCP_9169	-0.8325661978	0.02008870845	7	Wortmannin	LSM-3947	PIK3CA|PIK3CG|PLK1	1uM	A549	24h	LINCSCP_9169
LINCSCP_90507	0.8325636984	0.02008942962	7	SPECTRUM_000897	LSM-1378	NR3C1	10uM	HA1E	24h	LINCSCP_90507
LINCSCP_124806	0.8325381724	0.02009679578	7	179324-69-7	LSM-6281	ADRM1|PSMA1|PSMA2|PSMA3|PSMA4|PSMA5|PSMA6|PSMA7|PSMA8|PSMB1|PSMB10|PSMB11|PSMB2|PSMB3|PSMB4|PSMB5|PSMB6|PSMB7|PSMB8|PSMB9|PSMC1|PSMC2|PSMC3|PSMC4|PSMC5|PSMC6|PSMD1|PSMD11|PSMD12|PSMD13|PSMD14|PSMD2|PSMD3|PSMD4|PSMD6|PSMD7|PSMD8|SEM1	20uM	HT29	24h	LINCSCP_124806
LINCSCP_116493	0.8325225617	0.02010130137	7	Trametinib	LSM-1143	MAP2K1|MAP2K2	10uM	HT29	24h	LINCSCP_116493
LINCSCP_12847	0.8324974969	0.02010853683	7	Pifithrin	LSM-3485	TP53	70uM	DV90	6h	LINCSCP_12847
LINCSCP_64737	-0.8324835346	0.02011256796	7	BRD-K04104496	LSM-37495	NA	10uM	VCAP	6h	LINCSCP_64737
LINCSCP_139668	0.8324785949	0.02011399424	7	Pentoxifylline	LSM-3285	ADORA2A|ADORA2B|PDE10A|PDE1A|PDE1B|PDE1C|PDE2A|PDE3A|PDE3B|PDE4A|PDE4B|PDE4C|PDE4D|PDE5A|PDE6A|PDE6B|PDE6C|PDE6D|PDE6G|PDE6H|PDE7A|PDE7B|PDE8A|PDE8B|PDE9A|TNF	10uM	MCF7	24h	LINCSCP_139668
LINCSCP_307954	-0.8324321725	0.02012740093	7	BRD-K42207609	LSM-10991	NA	5uM	VCAP	6h	LINCSCP_307954
LINCSCP_65227	0.8324308727	0.02012777639	7	CHEMBL2355346	LSM-38033	NA	10uM	VCAP	24h	LINCSCP_65227
LINCSCP_214006	-0.8324131197	0.02013290484	7	Orphenadrine	LSM-1630	GRIN1|GRIN2A|GRIN2B|GRIN2C|GRIN2D|GRIN3A|GRIN3B|HRH1|SCN10A|SCN11A|SCN1A|SCN2A|SCN3A|SCN4A|SCN5A|SCN7A|SCN8A|SCN9A|SLC6A2	10uM	HCC515	6h	LINCSCP_214006
LINCSCP_141096	0.832404831	0.02013529948	7	Umeclidinium (bromide)	LSM-45495	CHRM3	3.33uM	MCF7	24h	LINCSCP_141096
LINCSCP_154	-0.8323966669	0.02013765832	7	(-)-Chlorpheniramine	LSM-4008	HRH1	10uM	A375	6h	LINCSCP_154
LINCSCP_310205	-0.8323925132	0.02013885851	7	BRD-K92801790	LSM-45311	NA	10uM	VCAP	6h	LINCSCP_310205
LINCSCP_77804	-0.8323832407	0.02014153784	7	Pimavanserin	LSM-45960	HTR2A	0.12uM	A375	24h	LINCSCP_77804
LINCSCP_123812	0.8323030591	0.0201647153	7	179324-69-7	LSM-6281	ADRM1|PSMA1|PSMA2|PSMA3|PSMA4|PSMA5|PSMA6|PSMA7|PSMA8|PSMB1|PSMB10|PSMB11|PSMB2|PSMB3|PSMB4|PSMB5|PSMB6|PSMB7|PSMB8|PSMB9|PSMC1|PSMC2|PSMC3|PSMC4|PSMC5|PSMC6|PSMD1|PSMD11|PSMD12|PSMD13|PSMD14|PSMD2|PSMD3|PSMD4|PSMD6|PSMD7|PSMD8|SEM1	20uM	HT29	24h	LINCSCP_123812
LINCSCP_151548	-0.8322978088	0.02016623349	7	OSI-930	LSM-1179	FLT1|FLT4|KDR|KIT	3.33uM	PC3	24h	LINCSCP_151548
LINCSCP_10970	-0.8322826509	0.02017061695	7	NCGC00092314-01	LSM-4969	AKT1|AKT2|AKT3	10uM	ASC	24h	LINCSCP_10970
LINCSCP_107779	0.8322617821	0.0201766528	7	Febuxostat	LSM-3064	XDH	3.33uM	HELA	24h	LINCSCP_107779
LINCSCP_125767	-0.8322109156	0.02019136914	7	Masitinib	LSM-1130	FGFR3|KIT|LYN|PDGFRA|PDGFRB	0.37uM	HT29	24h	LINCSCP_125767
LINCSCP_29116	0.8322075505	0.02019234293	7	KU0060648	LSM-4935	PIK3CA|PIK3CB|PIK3CD|PRKDC	10uM	JHUEM2	6h	LINCSCP_29116
LINCSCP_58097	0.8322049402	0.02019309829	7	Oxcarbazepine	LSM-5219	SCN10A|SCN11A|SCN1A|SCN2A|SCN3A|SCN4A|SCN5A|SCN7A|SCN8A|SCN9A	10uM	VCAP	24h	LINCSCP_58097
LINCSCP_164554	-0.832197889	0.02019513888	7	SCHEMBL618594	LSM-1070	NA	0.04uM	SKL.C	24h	LINCSCP_164554
LINCSCP_70628	0.8321460693	0.02021013884	7	CHIR-265	LSM-1207	BRAF|KDR	1.11uM	A375	24h	LINCSCP_70628
LINCSCP_6206	0.8321296398	0.02021489591	7	BRD-K76938712	LSM-41474	NA	10uM	A549	24h	LINCSCP_6206
LINCSCP_53597	0.8321122613	0.02021992845	7	Tyrphostin AG-1478	LSM-1224	EGFR	60uM	SNGM	6h	LINCSCP_53597
LINCSCP_58495	-0.8320780532	0.02022983665	7	BRD-K72505034	LSM-45109	NA	10uM	VCAP	6h	LINCSCP_58495
LINCSCP_134723	0.8320719553	0.02023160315	7	MG-132	LSM-1107	PSMB1	20uM	MCF7	24h	LINCSCP_134723
LINCSCP_51777	0.832066805	0.02023309522	7	C19H19FN4O3	LSM-1178	FGFR1|FLT1|KDR	10uM	SKBR3	24h	LINCSCP_51777
LINCSCP_118696	0.8320346544	0.02024241083	7	179324-69-7	LSM-6281	ADRM1|PSMA1|PSMA2|PSMA3|PSMA4|PSMA5|PSMA6|PSMA7|PSMA8|PSMB1|PSMB10|PSMB11|PSMB2|PSMB3|PSMB4|PSMB5|PSMB6|PSMB7|PSMB8|PSMB9|PSMC1|PSMC2|PSMC3|PSMC4|PSMC5|PSMC6|PSMD1|PSMD11|PSMD12|PSMD13|PSMD14|PSMD2|PSMD3|PSMD4|PSMD6|PSMD7|PSMD8|SEM1	20uM	HT29	24h	LINCSCP_118696
LINCSCP_54046	0.8320038507	0.02025133846	7	Tanespimycin	LSM-43238	HSP90AA1|HSP90AB1	0.5uM	SW480	6h	LINCSCP_54046
LINCSCP_18882	-0.8320038394	0.02025134175	7	Hypericin	LSM-2650	NA	10uM	HCC515	24h	LINCSCP_18882
LINCSCP_83034	0.8319627597	0.02026325108	7	Cabozantinib	LSM-1195	KDR|MET	3.33uM	ASC.C	24h	LINCSCP_83034
LINCSCP_311695	0.831956839	0.02026496786	7	BRD-K30934390	LSM-14787	NA	10uM	VCAP	24h	LINCSCP_311695
LINCSCP_120431	0.8319486386	0.02026734578	7	Halofantrine	LSM-5072	NA	10uM	HT29	24h	LINCSCP_120431
LINCSCP_39535	0.8319056015	0.02027982827	7	Linsitinib	LSM-1135	IGF1R|INSR	10uM	MDAMB231	6h	LINCSCP_39535
LINCSCP_67521	-0.8318719486	0.02028959198	7	Wortmannin	LSM-3947	PIK3CA|PIK3CG|PLK1	3uM	MCF7	24h	LINCSCP_67521
LINCSCP_120576	0.8318611934	0.02029271294	7	179324-69-7	LSM-6281	ADRM1|PSMA1|PSMA2|PSMA3|PSMA4|PSMA5|PSMA6|PSMA7|PSMA8|PSMB1|PSMB10|PSMB11|PSMB2|PSMB3|PSMB4|PSMB5|PSMB6|PSMB7|PSMB8|PSMB9|PSMC1|PSMC2|PSMC3|PSMC4|PSMC5|PSMC6|PSMD1|PSMD11|PSMD12|PSMD13|PSMD14|PSMD2|PSMD3|PSMD4|PSMD6|PSMD7|PSMD8|SEM1	20uM	HT29	24h	LINCSCP_120576
LINCSCP_232846	-0.8318517148	0.02029546369	7	BRD-K18972207	LSM-38285	NA	10uM	HT29	24h	LINCSCP_232846
LINCSCP_58887	-0.8318387973	0.02029921277	7	59826-53-8	LSM-3066	NA	10uM	VCAP	24h	LINCSCP_58887
LINCSCP_16262	-0.8318258569	0.0203029689	7	Doxercalciferol	LSM-43175	VDR	10uM	HA1E	6h	LINCSCP_16262
LINCSCP_30560	-0.8318109075	0.02030730862	7	PIK 75	LSM-44948	PIK3CA	0.1uM	MCF7	24h	LINCSCP_30560
LINCSCP_119140	0.8317184313	0.02033416574	7	179324-69-7	LSM-6281	ADRM1|PSMA1|PSMA2|PSMA3|PSMA4|PSMA5|PSMA6|PSMA7|PSMA8|PSMB1|PSMB10|PSMB11|PSMB2|PSMB3|PSMB4|PSMB5|PSMB6|PSMB7|PSMB8|PSMB9|PSMC1|PSMC2|PSMC3|PSMC4|PSMC5|PSMC6|PSMD1|PSMD11|PSMD12|PSMD13|PSMD14|PSMD2|PSMD3|PSMD4|PSMD6|PSMD7|PSMD8|SEM1	20uM	HT29	24h	LINCSCP_119140
LINCSCP_221431	-0.8316828328	0.02034450967	7	BRD-K71746288	LSM-6147	NA	10uM	HEPG2	6h	LINCSCP_221431
LINCSCP_122291	0.831663952	0.02034999712	7	179324-69-7	LSM-6281	ADRM1|PSMA1|PSMA2|PSMA3|PSMA4|PSMA5|PSMA6|PSMA7|PSMA8|PSMB1|PSMB10|PSMB11|PSMB2|PSMB3|PSMB4|PSMB5|PSMB6|PSMB7|PSMB8|PSMB9|PSMC1|PSMC2|PSMC3|PSMC4|PSMC5|PSMC6|PSMD1|PSMD11|PSMD12|PSMD13|PSMD14|PSMD2|PSMD3|PSMD4|PSMD6|PSMD7|PSMD8|SEM1	20uM	HT29	24h	LINCSCP_122291
LINCSCP_59092	0.8316208862	0.02036251675	7	CHEMBL1673039	LSM-1093	LRRK2|MAPK7	10uM	VCAP	6h	LINCSCP_59092
LINCSCP_138955	0.8316015617	0.02036813597	7	179324-69-7	LSM-6281	ADRM1|PSMA1|PSMA2|PSMA3|PSMA4|PSMA5|PSMA6|PSMA7|PSMA8|PSMB1|PSMB10|PSMB11|PSMB2|PSMB3|PSMB4|PSMB5|PSMB6|PSMB7|PSMB8|PSMB9|PSMC1|PSMC2|PSMC3|PSMC4|PSMC5|PSMC6|PSMD1|PSMD11|PSMD12|PSMD13|PSMD14|PSMD2|PSMD3|PSMD4|PSMD6|PSMD7|PSMD8|SEM1	20uM	MCF7	24h	LINCSCP_138955
LINCSCP_101874	-0.8315975354	0.02036930688	7	E-3810	LSM-45728	FGFR1|FGFR2|FLT1|FLT4|KDR	1.11uM	HELA	24h	LINCSCP_101874
LINCSCP_52434	0.8315876395	0.02037218484	7	PCL2_000350	LSM-36729	NA	10uM	SKB	24h	LINCSCP_52434
LINCSCP_26785	0.8315404212	0.02038592037	7	CGK733	LSM-1610	ATM|ATR	10uM	HT29	6h	LINCSCP_26785
LINCSCP_76097	-0.8315317266	0.02038845013	7	Dacinostat	LSM-43097	HDAC1	0.04uM	A375	24h	LINCSCP_76097
LINCSCP_64315	0.8314862687	0.02040167943	7	BRD-K74329753	LSM-41317	NA	5uM	VCAP	24h	LINCSCP_64315
LINCSCP_119774	0.8314457888	0.02041346413	7	179324-69-7	LSM-6281	ADRM1|PSMA1|PSMA2|PSMA3|PSMA4|PSMA5|PSMA6|PSMA7|PSMA8|PSMB1|PSMB10|PSMB11|PSMB2|PSMB3|PSMB4|PSMB5|PSMB6|PSMB7|PSMB8|PSMB9|PSMC1|PSMC2|PSMC3|PSMC4|PSMC5|PSMC6|PSMD1|PSMD11|PSMD12|PSMD13|PSMD14|PSMD2|PSMD3|PSMD4|PSMD6|PSMD7|PSMD8|SEM1	20uM	HT29	24h	LINCSCP_119774
LINCSCP_267333	-0.8314319618	0.02041749036	7	Trifluoperazine	LSM-4010	DRD2|DRD3|DRD4|HTR2A|HTR2C	10uM	PC3	24h	LINCSCP_267333
LINCSCP_42472	0.8314124557	0.02042317109	7	Pimasertib	LSM-5946	MAP2K1|MAP2K2	10uM	NPC	24h	LINCSCP_42472
LINCSCP_141116	0.831381835	0.02043209049	7	179324-69-7	LSM-6281	ADRM1|PSMA1|PSMA2|PSMA3|PSMA4|PSMA5|PSMA6|PSMA7|PSMA8|PSMB1|PSMB10|PSMB11|PSMB2|PSMB3|PSMB4|PSMB5|PSMB6|PSMB7|PSMB8|PSMB9|PSMC1|PSMC2|PSMC3|PSMC4|PSMC5|PSMC6|PSMD1|PSMD11|PSMD12|PSMD13|PSMD14|PSMD2|PSMD3|PSMD4|PSMD6|PSMD7|PSMD8|SEM1	20uM	MCF7	24h	LINCSCP_141116
LINCSCP_13713	-0.8313691999	0.02043577156	7	Levcromakalim	LSM-2535	KCNJ8	10uM	HA1E	24h	LINCSCP_13713
LINCSCP_61358	0.8313374533	0.02044502219	7	BRD-K59472190	LSM-12024	NA	5uM	VCAP	6h	LINCSCP_61358
LINCSCP_29163	0.8313373084	0.02044506439	7	3,5-Bis(4-methylbenzylidene)piperidin-4-one	LSM-42949	SENP2|USP1|USP2|USP7	10uM	JHUEM2	6h	LINCSCP_29163
LINCSCP_168710	-0.8312848561	0.02046035365	7	Empagliflozin (BI 10773)	LSM-45879	SLC5A2	3.33uM	YAPC	24h	LINCSCP_168710
LINCSCP_1156	-0.8312669202	0.02046558324	7	2-(2,5-Dimethoxyphenylcarbamoyl)phenyl acetate	LSM-2829	NA	10uM	A375	24h	LINCSCP_1156
LINCSCP_307615	-0.8312381697	0.02047396767	7	BRD-K85322309	LSM-13647	NA	5uM	VCAP	6h	LINCSCP_307615
LINCSCP_7410	0.8312276186	0.02047704514	7	SB-222200	LSM-2075	TACR3	10uM	A549	6h	LINCSCP_7410
LINCSCP_139230	0.8311891807	0.02048825865	7	179324-69-7	LSM-6281	ADRM1|PSMA1|PSMA2|PSMA3|PSMA4|PSMA5|PSMA6|PSMA7|PSMA8|PSMB1|PSMB10|PSMB11|PSMB2|PSMB3|PSMB4|PSMB5|PSMB6|PSMB7|PSMB8|PSMB9|PSMC1|PSMC2|PSMC3|PSMC4|PSMC5|PSMC6|PSMD1|PSMD11|PSMD12|PSMD13|PSMD14|PSMD2|PSMD3|PSMD4|PSMD6|PSMD7|PSMD8|SEM1	20uM	MCF7	24h	LINCSCP_139230
LINCSCP_84717	-0.8311138118	0.02051025615	7	GSK-J2	LSM-44940	NA	3.33uM	ASC	24h	LINCSCP_84717
LINCSCP_272035	0.831029562	0.02053486148	7	Dexamethasone	LSM-5512	NR3C1	10uM	PC3	24h	LINCSCP_272035
LINCSCP_124870	-0.8310041134	0.02054229708	7	OSI-906 (Linsitinib)	LSM-45278	IGF1R|INSR	0.04uM	HT29	24h	LINCSCP_124870
LINCSCP_31637	0.8309864522	0.02054745825	7	GNF-PF-1339	LSM-43001	NA	10uM	MCF7	24h	LINCSCP_31637
LINCSCP_85871	0.830945184	0.02055952102	7	Saracatinib	LSM-1032	ABL1|SRC	0.04uM	BT20	24h	LINCSCP_85871
LINCSCP_138053	0.8309293038	0.02056416388	7	MG-132	LSM-1107	PSMB1	20uM	MCF7	24h	LINCSCP_138053
LINCSCP_81820	0.8307966149	0.0206029812	7	AZ628	LSM-1050	BRAF|RAF1	0.37uM	A549	24h	LINCSCP_81820
LINCSCP_87573	-0.8307328195	0.02062165888	7	Crizotinib	LSM-1027	ALK|MET	0.12uM	HA1E	24h	LINCSCP_87573
LINCSCP_151988	0.8307281931	0.02062301376	7	STK219801	LSM-43281	NA	0.04uM	PC3	24h	LINCSCP_151988
LINCSCP_113231	0.8307142208	0.02062710592	7	Selumetinib	LSM-1056	MAP2K1|MAP2K2	1.11uM	HME1	24h	LINCSCP_113231
LINCSCP_44804	-0.8306889358	0.0206345125	7	FG7142	LSM-3376	NA	10uM	PC3	6h	LINCSCP_44804
LINCSCP_107268	0.8306534888	0.02064489831	7	Fluticasone Propionate	LSM-3384	NR3C1|PGR	0.37uM	HELA	24h	LINCSCP_107268
LINCSCP_63376	0.8306263483	0.02065285235	7	BRD-K40454949	LSM-10896	NA	5uM	VCAP	24h	LINCSCP_63376
LINCSCP_23100	-0.8306193294	0.02065490964	7	Strophanthidin	LSM-3891	ATP1A1	10uM	HEPG2	6h	LINCSCP_23100
LINCSCP_148204	0.8306068283	0.02065857411	7	Dasatinib	LSM-1020	ABL1|BCR|BLK|EPHA2|FGR|FRK|FYN|HCK|KIT|LCK|LYN|PDGFRB|SRC|SRMS|YES1	0.04uM	NPC.CAS9	24h	LINCSCP_148204
LINCSCP_104400	-0.8305839488	0.02066528179	7	Griseofulvin	LSM-5259	NA	3.33uM	HELA	24h	LINCSCP_104400
LINCSCP_133177	0.8305804765	0.02066629989	7	ZSTK 474	LSM-1053	PIK3CG	1.11uM	MCF7	3h	LINCSCP_133177
LINCSCP_129257	0.8305448052	0.02067676052	7	CC-401	LSM-1186	NA	10uM	HUVEC	24h	LINCSCP_129257
LINCSCP_112414	-0.8305005835	0.02068973275	7	JW 55	LSM-6318	NA	3.33uM	HEPG2	24h	LINCSCP_112414
LINCSCP_212668	-0.8304477138	0.02070524785	7	Broad-Sai-045	LSM-45330	NA	0.5uM	HA1E	6h	LINCSCP_212668
LINCSCP_143450	0.8304178985	0.02071400034	7	MG-132	LSM-1107	PSMB1	20uM	MCF7	24h	LINCSCP_143450
LINCSCP_137240	0.8304059607	0.02071750536	7	MG-132	LSM-1107	PSMB1	20uM	MCF7	24h	LINCSCP_137240
LINCSCP_83824	-0.8304000664	0.02071923608	7	BAY 61-3606	LSM-1167	SYK	10uM	ASC.C	24h	LINCSCP_83824
LINCSCP_35629	0.8303485768	0.02073435833	7	Cucurbitacin-I	LSM-43115	JAK2|STAT3	10uM	MCF7	24h	LINCSCP_35629
LINCSCP_123852	0.8303465768	0.02073494583	7	RO4987655	LSM-45489	MAP2K1|MAP2K2	3.33uM	HT29	24h	LINCSCP_123852
LINCSCP_45164	0.8303343977	0.02073852374	7	DG-041	LSM-43279	PTGER3	40uM	PC3	6h	LINCSCP_45164
LINCSCP_150381	0.8303018394	0.02074809024	7	NVP-BHG712	LSM-1201	NA	10uM	NPC.TAK	24h	LINCSCP_150381
LINCSCP_68379	0.8303003493	0.02074852815	7	Wortmannin	LSM-3947	PIK3CA|PIK3CG|PLK1	10uM	VCAP	6h	LINCSCP_68379
LINCSCP_65887	-0.8302158501	0.02077336827	7	BRD-K86947329	LSM-42013	NA	10uM	VCAP	6h	LINCSCP_65887
LINCSCP_138595	0.8302061669	0.02077621589	7	179324-69-7	LSM-6281	ADRM1|PSMA1|PSMA2|PSMA3|PSMA4|PSMA5|PSMA6|PSMA7|PSMA8|PSMB1|PSMB10|PSMB11|PSMB2|PSMB3|PSMB4|PSMB5|PSMB6|PSMB7|PSMB8|PSMB9|PSMC1|PSMC2|PSMC3|PSMC4|PSMC5|PSMC6|PSMD1|PSMD11|PSMD12|PSMD13|PSMD14|PSMD2|PSMD3|PSMD4|PSMD6|PSMD7|PSMD8|SEM1	20uM	MCF7	24h	LINCSCP_138595
LINCSCP_7340	0.8302042498	0.02077677968	7	Tyrphostin AG-1478	LSM-1224	EGFR	10uM	A549	24h	LINCSCP_7340
LINCSCP_141031	0.8302003506	0.02077792644	7	179324-69-7	LSM-6281	ADRM1|PSMA1|PSMA2|PSMA3|PSMA4|PSMA5|PSMA6|PSMA7|PSMA8|PSMB1|PSMB10|PSMB11|PSMB2|PSMB3|PSMB4|PSMB5|PSMB6|PSMB7|PSMB8|PSMB9|PSMC1|PSMC2|PSMC3|PSMC4|PSMC5|PSMC6|PSMD1|PSMD11|PSMD12|PSMD13|PSMD14|PSMD2|PSMD3|PSMD4|PSMD6|PSMD7|PSMD8|SEM1	20uM	MCF7	24h	LINCSCP_141031
LINCSCP_43011	0.8301999214	0.02077805267	7	BRD-K47512679	LSM-39902	NA	10uM	NPC	24h	LINCSCP_43011
LINCSCP_131448	0.8301787583	0.02078427738	7	AS-605240	LSM-42784	PIK3CG	0.12uM	MCF10A	24h	LINCSCP_131448
LINCSCP_116496	0.8301420913	0.02079506479	7	Trametinib	LSM-1143	MAP2K1|MAP2K2	0.37uM	HT29	24h	LINCSCP_116496
LINCSCP_68126	-0.8301323073	0.02079794377	7	LY-294002	LSM-2597	MTOR|PIK3CA|PIK3CB|PIK3CD|PIK3CG|PLK1|PRKDC	10uM	PC3	24h	LINCSCP_68126
LINCSCP_138769	0.830097929	0.02080806149	7	MG-132	LSM-1107	PSMB1	20uM	MCF7	24h	LINCSCP_138769
LINCSCP_63840	0.8300944132	0.02080909637	7	BRD-K76665419	LSM-13120	NA	5uM	VCAP	6h	LINCSCP_63840
LINCSCP_25466	0.8300914192	0.02080997768	7	Promazine	LSM-2137	CHRM5|DRD2|DRD3|DRD4|HTR2A	10uM	HT29	24h	LINCSCP_25466
LINCSCP_37192	0.830068474	0.02081673249	7	Vorinostat	LSM-3828	HDAC1|HDAC2|HDAC3|HDAC6|HDAC8	1uM	MCF7	6h	LINCSCP_37192
LINCSCP_151992	-0.8300647817	0.02081781956	7	GSK 525762A	LSM-6334	NA	0.37uM	PC3	24h	LINCSCP_151992
LINCSCP_37199	0.8300566985	0.02082019953	7	BRD-K85102293	LSM-41914	NA	3uM	MCF7	6h	LINCSCP_37199
LINCSCP_131402	0.8300280093	0.02082864785	7	Selumetinib	LSM-1056	MAP2K1|MAP2K2	10uM	MCF10A	24h	LINCSCP_131402
LINCSCP_153413	-0.8300264226	0.02082911513	7	BUDIPINE	LSM-45817	NA	0.04uM	PC3	24h	LINCSCP_153413
LINCSCP_139826	-0.8299891443	0.0208400958	7	Pasireotide (ditrifluoroacetate)	LSM-45412	NA	1.11uM	MCF7	24h	LINCSCP_139826
LINCSCP_42166	0.8299704126	0.0208456146	7	BRD-K54822214	LSM-40272	NA	10uM	NPC	24h	LINCSCP_42166
LINCSCP_17049	0.8299671299	0.02084658185	7	10-Undecenal	LSM-37049	NA	10uM	HA1E	24h	LINCSCP_17049
LINCSCP_51496	0.8299581766	0.02084922009	7	Quizartinib	LSM-1037	CSF1R|FLT3|KIT|PDGFRA|PDGFRB|RET	1uM	SKBR3	24h	LINCSCP_51496
LINCSCP_60060	0.8299577986	0.02084933149	7	CHEMBL2359332	LSM-7690	NA	5uM	VCAP	24h	LINCSCP_60060
LINCSCP_18575	-0.829935301	0.02085596158	7	Lintitript	LSM-2780	CCKAR	10uM	HCC515	24h	LINCSCP_18575
LINCSCP_163411	0.8298772888	0.02087306346	7	Erlotinib	LSM-1097	EGFR	1.11uM	SKBR3	3h	LINCSCP_163411
LINCSCP_197308	0.8298636184	0.02087709464	7	BRD-K61952473	LSM-12184	NA	5uM	A549	24h	LINCSCP_197308
LINCSCP_6355	-0.8298378889	0.020884683	7	N-(4-Bromophenyl)-2-{[5-(2-chlorophenyl)-4-phenyl-4H-1,2,4-triazol-3-yl]sulfanyl}acetamide	LSM-4520	NA	10uM	A549	24h	LINCSCP_6355
LINCSCP_74231	-0.8298234247	0.02088894961	7	Lorazepam	LSM-4970	GABRA1|GABRA2|GABRA3|GABRA4|GABRA5|GABRA6|GABRB1|GABRB2|GABRB3|GABRD|GABRE|GABRG1|GABRG2|GABRG3|GABRP|GABRQ	10uM	A375	24h	LINCSCP_74231
LINCSCP_101315	0.8298222815	0.02088928683	7	Calcitriol	LSM-45950	NA	10uM	HELA	24h	LINCSCP_101315
LINCSCP_94685	-0.8298145258	0.0208915748	7	TAK-242	LSM-45934	NA	0.12uM	HA1E	24h	LINCSCP_94685
LINCSCP_120495	0.8298068097	0.02089385124	7	179324-69-7	LSM-6281	ADRM1|PSMA1|PSMA2|PSMA3|PSMA4|PSMA5|PSMA6|PSMA7|PSMA8|PSMB1|PSMB10|PSMB11|PSMB2|PSMB3|PSMB4|PSMB5|PSMB6|PSMB7|PSMB8|PSMB9|PSMC1|PSMC2|PSMC3|PSMC4|PSMC5|PSMC6|PSMD1|PSMD11|PSMD12|PSMD13|PSMD14|PSMD2|PSMD3|PSMD4|PSMD6|PSMD7|PSMD8|SEM1	20uM	HT29	24h	LINCSCP_120495
LINCSCP_28306	0.8298003777	0.02089574894	7	BRD-K86671899	LSM-13737	NA	10uM	HT29	24h	LINCSCP_28306
LINCSCP_244701	-0.829775458	0.02090310219	7	MLS002695992	LSM-5003	IDE	10uM	MCF7	6h	LINCSCP_244701
LINCSCP_9769	0.8297669296	0.02090561903	7	13-Hydroxy-8,14,19-trimethoxy-4,10,12,16-tetramethyl-3,20,22-trioxo-2-azabicyclo[16.3.1]docosa-1(21),4,6,10,18-pentaen-9-yl carbamate	LSM-42815	HSP90AA1	0.1uM	A549	6h	LINCSCP_9769
LINCSCP_155876	0.8297257629	0.02091777044	7	Adapalene	LSM-37048	RARA|RARB|RARG	3.33uM	PC3	24h	LINCSCP_155876
LINCSCP_32552	0.8296986083	0.02092578797	7	NSC650841	LSM-4740	NA	10uM	MCF7	24h	LINCSCP_32552
LINCSCP_20075	-0.8296942911	0.02092706282	7	MLS001116189	LSM-6172	NA	10uM	HCC515	6h	LINCSCP_20075
LINCSCP_126332	0.8296670552	0.02093510641	7	179324-69-7	LSM-6281	ADRM1|PSMA1|PSMA2|PSMA3|PSMA4|PSMA5|PSMA6|PSMA7|PSMA8|PSMB1|PSMB10|PSMB11|PSMB2|PSMB3|PSMB4|PSMB5|PSMB6|PSMB7|PSMB8|PSMB9|PSMC1|PSMC2|PSMC3|PSMC4|PSMC5|PSMC6|PSMD1|PSMD11|PSMD12|PSMD13|PSMD14|PSMD2|PSMD3|PSMD4|PSMD6|PSMD7|PSMD8|SEM1	20uM	HT29	24h	LINCSCP_126332
LINCSCP_235118	-0.8296219735	0.02094842424	7	Motesanib	LSM-1042	FLT1|FLT4|KDR|KIT|PDGFRA|PDGFRB|RET	10uM	MCF10A	6h	LINCSCP_235118
LINCSCP_288133	0.8296030652	0.02095401145	7	MW-STK33-97	LSM-44613	NA	0.001uM	THP1	24h	LINCSCP_288133
LINCSCP_126333	0.8295876917	0.02095855482	7	179324-69-7	LSM-6281	ADRM1|PSMA1|PSMA2|PSMA3|PSMA4|PSMA5|PSMA6|PSMA7|PSMA8|PSMB1|PSMB10|PSMB11|PSMB2|PSMB3|PSMB4|PSMB5|PSMB6|PSMB7|PSMB8|PSMB9|PSMC1|PSMC2|PSMC3|PSMC4|PSMC5|PSMC6|PSMD1|PSMD11|PSMD12|PSMD13|PSMD14|PSMD2|PSMD3|PSMD4|PSMD6|PSMD7|PSMD8|SEM1	20uM	HT29	24h	LINCSCP_126333
LINCSCP_154481	-0.8295742993	0.02096251315	7	Aspirin	LSM-5288	PTGS1|PTGS2|TP53	0.04uM	PC3	24h	LINCSCP_154481
LINCSCP_117582	-0.8295379239	0.02097326659	7	GSK429286A	LSM-1012	ROCK1	0.04uM	HT29	24h	LINCSCP_117582
LINCSCP_44137	-0.8295370771	0.02097351694	7	4-(4-Octadecylphenyl)-4-oxobut-2-enoic acid	LSM-3058	PLA2G1B	10uM	PC3	6h	LINCSCP_44137
LINCSCP_57560	0.8295343124	0.0209743344	7	MLS002264467	LSM-3387	NA	10uM	VCAP	24h	LINCSCP_57560
LINCSCP_45362	0.8294794561	0.02099055761	7	MLS002703104	LSM-1920	NA	10uM	PC3	6h	LINCSCP_45362
LINCSCP_150772	0.8294655515	0.02099467087	7	Tozasertib	LSM-1021	ABL1|AURKA|AURKB|AURKC|BCR|FLT3|JAK2	0.37uM	PC3	24h	LINCSCP_150772
LINCSCP_124860	0.829460377	0.02099620174	7	Refametinib	LSM-45886	NA	3.33uM	HT29	24h	LINCSCP_124860
LINCSCP_111928	0.8294259956	0.02100637484	7	Tivantinib	LSM-1131	MET	0.04uM	HEPG2	24h	LINCSCP_111928
LINCSCP_279651	-0.8294095558	0.02101124022	7	HDACi1,2+3_mix	NA	NA	10uM	PC3	24h	LINCSCP_279651
LINCSCP_39970	0.8293368506	0.02103276499	7	Tyrphostin AG-1478	LSM-1224	EGFR	60uM	NCIH1836	6h	LINCSCP_39970
LINCSCP_147515	0.8293267935	0.02103574343	7	Dasatinib	LSM-1020	ABL1|BCR|BLK|EPHA2|FGR|FRK|FYN|HCK|KIT|LCK|LYN|PDGFRB|SRC|SRMS|YES1	0.37uM	NPC.CAS9	24h	LINCSCP_147515
LINCSCP_54043	0.8292845055	0.02104826976	7	MLN 2238	LSM-4944	PSMB1	10uM	SW480	6h	LINCSCP_54043
LINCSCP_152264	-0.8292123884	0.02106964166	7	JNJ-38877605	LSM-1157	MET	3.33uM	PC3	24h	LINCSCP_152264
LINCSCP_253058	0.8291931475	0.02107534579	7	BRD-K23558120	LSM-9843	NA	3uM	MCF7	24h	LINCSCP_253058
LINCSCP_10586	0.8291394501	0.02109126942	7	ABT737	LSM-1180	BCL2|BCL2L1|BCL2L2	10uM	AGS	6h	LINCSCP_10586
LINCSCP_111401	-0.8290882961	0.02110644516	7	PF477736	LSM-1112	CHEK1	0.12uM	HEPG2	24h	LINCSCP_111401
LINCSCP_164899	-0.8290861971	0.02110706801	7	NCGC00346967-01	LSM-6297	EPHB3	0.04uM	SKL.C	24h	LINCSCP_164899
LINCSCP_37125	0.829017464	0.02112746894	7	SA-96805	LSM-39472	NA	1uM	MCF7	6h	LINCSCP_37125
LINCSCP_120855	0.8290069051	0.02113060398	7	179324-69-7	LSM-6281	ADRM1|PSMA1|PSMA2|PSMA3|PSMA4|PSMA5|PSMA6|PSMA7|PSMA8|PSMB1|PSMB10|PSMB11|PSMB2|PSMB3|PSMB4|PSMB5|PSMB6|PSMB7|PSMB8|PSMB9|PSMC1|PSMC2|PSMC3|PSMC4|PSMC5|PSMC6|PSMD1|PSMD11|PSMD12|PSMD13|PSMD14|PSMD2|PSMD3|PSMD4|PSMD6|PSMD7|PSMD8|SEM1	20uM	HT29	24h	LINCSCP_120855
LINCSCP_27833	0.8289677142	0.02114224235	7	BRD-K39647256	LSM-36409	NA	5uM	HT29	24h	LINCSCP_27833
LINCSCP_26885	0.8289185635	0.02115684359	7	Cucurbitacin I	LSM-42825	JAK2|STAT3	10uM	HT29	6h	LINCSCP_26885
LINCSCP_104800	0.8289018504	0.02116180987	7	Nebivolol	LSM-45235	NA	0.04uM	HELA	24h	LINCSCP_104800
LINCSCP_118779	0.8288906238	0.0211651462	7	179324-69-7	LSM-6281	ADRM1|PSMA1|PSMA2|PSMA3|PSMA4|PSMA5|PSMA6|PSMA7|PSMA8|PSMB1|PSMB10|PSMB11|PSMB2|PSMB3|PSMB4|PSMB5|PSMB6|PSMB7|PSMB8|PSMB9|PSMC1|PSMC2|PSMC3|PSMC4|PSMC5|PSMC6|PSMD1|PSMD11|PSMD12|PSMD13|PSMD14|PSMD2|PSMD3|PSMD4|PSMD6|PSMD7|PSMD8|SEM1	20uM	HT29	24h	LINCSCP_118779
LINCSCP_83752	0.8288726148	0.02117049875	7	MLN-8054	LSM-1066	AURKA	10uM	ASC.C	24h	LINCSCP_83752
LINCSCP_126506	0.8288523733	0.02117651579	7	MG-132	LSM-1107	PSMB1	20uM	HT29	24h	LINCSCP_126506
LINCSCP_303242	0.828835988	0.02118138719	7	BRD-K10287818-001-01-6	LSM-9054	NA	5uM	VCAP	6h	LINCSCP_303242
LINCSCP_107830	-0.8288312723	0.02118278931	7	Thioguanine	LSM-6723	NA	0.04uM	HELA	24h	LINCSCP_107830
LINCSCP_124253	0.8288262693	0.02118427692	7	MG-132	LSM-1107	PSMB1	20uM	HT29	24h	LINCSCP_124253
LINCSCP_57584	-0.8287628845	0.02120312893	7	MLS002264391	LSM-4007	NA	10uM	VCAP	24h	LINCSCP_57584
LINCSCP_72232	-0.828745924	0.02120817496	7	RO4929097	LSM-42762	NA	3.33uM	A375	24h	LINCSCP_72232
LINCSCP_306715	0.8286922843	0.02122413811	7	BRD-K06039860-001-01-4	LSM-8779	NA	5uM	VCAP	24h	LINCSCP_306715
LINCSCP_17068	-0.828663786	0.02123262197	7	Tributyltin Chloride	LSM-37227	NA	10uM	HA1E	6h	LINCSCP_17068
LINCSCP_166246	0.8286352381	0.02124112251	7	Regorafenib	LSM-1226	ABL1|BRAF|DDR2|FGFR1|FGFR2|FLT1|FLT4|FRK|KDR|KIT|MAPK11|PDGFRA|PDGFRB|RAF1|RET|TEK	10uM	SKL	24h	LINCSCP_166246
LINCSCP_78582	-0.8285597463	0.02126361054	7	Phorbol Myristate Acetate	LSM-25630	NA	0.9uM	A375	24h	LINCSCP_78582
LINCSCP_284226	0.8285537645	0.02126539303	7	Xanthoxylin	LSM-2254	NA	10uM	SKB	24h	LINCSCP_284226
LINCSCP_130829	0.8285268278	0.02127342076	7	Vemurafenib	LSM-1068	BRAF	10uM	MCF10A	3h	LINCSCP_130829
LINCSCP_131034	0.8284543013	0.02129504381	7	SB590885	LSM-42746	NA	3.33uM	MCF10A	3h	LINCSCP_131034
LINCSCP_10236	0.8283558933	0.02132440302	7	179324-69-7	LSM-6281	ADRM1|PSMA1|PSMA2|PSMA3|PSMA4|PSMA5|PSMA6|PSMA7|PSMA8|PSMB1|PSMB10|PSMB11|PSMB2|PSMB3|PSMB4|PSMB5|PSMB6|PSMB7|PSMB8|PSMB9|PSMC1|PSMC2|PSMC3|PSMC4|PSMC5|PSMC6|PSMD1|PSMD11|PSMD12|PSMD13|PSMD14|PSMD2|PSMD3|PSMD4|PSMD6|PSMD7|PSMD8|SEM1	3uM	A549	6h	LINCSCP_10236
LINCSCP_32071	-0.8283491723	0.02132640901	7	2-Fluoroadenosine	LSM-4828	RRM1	10uM	MCF7	6h	LINCSCP_32071
LINCSCP_142331	-0.8283250188	0.0213336189	7	AZD-5438	LSM-1159	CDK1|CDK10|CDK11B|CDK12|CDK13|CDK14|CDK15|CDK16|CDK17|CDK18|CDK19|CDK2|CDK20|CDK3|CDK4|CDK5|CDK6|CDK7|CDK8|CDK9	10uM	MCF7	24h	LINCSCP_142331
LINCSCP_299470	-0.8282782293	0.02134758959	7	BRD-K80866887	LSM-13377	NA	5uM	VCAP	24h	LINCSCP_299470
LINCSCP_81452	0.8282781275	0.02134761999	7	PD-0325901	LSM-1101	MAP2K1|MAP2K2	0.12uM	A549	24h	LINCSCP_81452
LINCSCP_156256	0.8282754803	0.02134841057	7	MG-132	LSM-1107	PSMB1	20uM	PC3	24h	LINCSCP_156256
LINCSCP_116833	0.8282711248	0.02134971135	7	Y-39983	LSM-1150	ROCK1|ROCK2	0.12uM	HT29	24h	LINCSCP_116833
LINCSCP_45058	-0.8282417117	0.02135849685	7	PS-1145	LSM-5975	IKBKB	5uM	PC3	24h	LINCSCP_45058
LINCSCP_307122	0.8281866841	0.02137493872	7	BRD-K73522157	LSM-12934	NA	5uM	VCAP	6h	LINCSCP_307122
LINCSCP_146377	-0.8281011569	0.02140050786	7	1166227-08-2	LSM-1204	NA	0.37uM	NEU	24h	LINCSCP_146377
LINCSCP_294883	-0.8280524814	0.02141506754	7	AZD-1152-HQPA	LSM-1067	AURKA|AURKB	10uM	VCAP	24h	LINCSCP_294883
LINCSCP_62104	0.8280442303	0.02141753616	7	BRD-K78227082	LSM-13212	NA	5uM	VCAP	6h	LINCSCP_62104
LINCSCP_101168	-0.8279690813	0.02144002701	7	Physostigmine	LSM-2558	ACHE	1.11uM	HELA	24h	LINCSCP_101168
LINCSCP_37906	-0.8279519318	0.02144516145	7	AC1O9CBL	LSM-4596	NA	3uM	MCF7	24h	LINCSCP_37906
LINCSCP_151984	0.8279182336	0.02145525249	7	STK219801	LSM-43281	NA	3.33uM	PC3	24h	LINCSCP_151984
LINCSCP_106794	0.8278820535	0.02146608972	7	AC1NSM0X	LSM-4605	P2RX1	10uM	HELA	24h	LINCSCP_106794
LINCSCP_115206	-0.827870037	0.02146968975	7	C21H27N7O3	LSM-1128	AKT1|AKT2|AKT3|PRKCQ	10uM	HS578T	3h	LINCSCP_115206
LINCSCP_15384	-0.8278289719	0.02148199512	7	Pevonedistat	LSM-6263	NAE1|UBA3	10uM	HA1E	24h	LINCSCP_15384
LINCSCP_113233	0.8277879822	0.02149428188	7	Selumetinib	LSM-1056	MAP2K1|MAP2K2	0.12uM	HME1	24h	LINCSCP_113233
LINCSCP_164908	-0.8277547672	0.02150424109	7	GSK429286A	LSM-1012	ROCK1	1.11uM	SKL.C	24h	LINCSCP_164908
LINCSCP_63385	0.8277495803	0.02150579655	7	BRD-K50266413	LSM-11488	NA	5uM	VCAP	24h	LINCSCP_63385
LINCSCP_156143	0.82774506	0.02150715217	7	Dinaciclib	LSM-6306	CDK1|CDK2|CDK5|CDK9	0.12uM	PC3	24h	LINCSCP_156143
LINCSCP_39117	-0.8277408477	0.02150841548	7	HY-11007	LSM-1022	ABL1|BCR	0.1uM	MDAMB231	24h	LINCSCP_39117
LINCSCP_10249	-0.8277035537	0.02151960205	7	Acetylcysteine	LSM-4672	NA	0.1uM	A549	6h	LINCSCP_10249
LINCSCP_25401	0.827695649	0.02152197354	7	Cucurbitacin-I	LSM-43115	JAK2|STAT3	10uM	HT29	24h	LINCSCP_25401
LINCSCP_38802	0.8276907166	0.02152345338	7	GSK-1070916	LSM-1062	AURKB|AURKC	3uM	MCF7	24h	LINCSCP_38802
LINCSCP_162320	-0.8276854999	0.02152501858	7	AZD8931 (Sapitinib)	LSM-45462	EGFR|ERBB2|ERBB3	10uM	PC3	24h	LINCSCP_162320
LINCSCP_132693	0.8276716805	0.02152916524	7	C24H25CLFN5O3	LSM-42794	EGFR|ERBB2|ERBB4	0.12uM	MCF7	24h	LINCSCP_132693
LINCSCP_162841	-0.8276697263	0.02152975164	7	Dasatinib	LSM-1020	ABL1|BCR|BLK|EPHA2|FGR|FRK|FYN|HCK|KIT|LCK|LYN|PDGFRB|SRC|SRMS|YES1	0.04uM	SKBR3	24h	LINCSCP_162841
LINCSCP_112922	-0.8275736631	0.02155858925	7	ITK Inhibitor	LSM-1043	ITK	1.11uM	HEPG2	24h	LINCSCP_112922
LINCSCP_132818	0.8275479527	0.02156631107	7	Selumetinib	LSM-1056	MAP2K1|MAP2K2	0.37uM	MCF7	24h	LINCSCP_132818
LINCSCP_36805	-0.827534866	0.02157024211	7	BMS-387032	LSM-1132	CDK2|CDK7|CDK9	10uM	MCF7	24h	LINCSCP_36805
LINCSCP_151877	-0.8274669307	0.0215906553	7	Olaparib	LSM-1145	PARP1|PARP2|PARP3	1.11uM	PC3	24h	LINCSCP_151877
LINCSCP_129739	0.8274665039	0.02159078357	7	Sorafenib	LSM-1008	BRAF|DDR2|FGFR1|FLT1|FLT3|FLT4|KDR|KIT|PDGFRB|RAF1|RET	10uM	LNCAP	24h	LINCSCP_129739
LINCSCP_147849	0.8274626995	0.02159192705	7	Vorinostat	LSM-3828	HDAC1|HDAC2|HDAC3|HDAC6|HDAC8	1.11uM	NPC.CAS9	24h	LINCSCP_147849
LINCSCP_37872	0.8274619321	0.02159215772	7	Fedratinib	LSM-1142	FLT3|JAK2	10uM	MCF7	24h	LINCSCP_37872
LINCSCP_156884	0.8273943419	0.02161247886	7	MG-132	LSM-1107	PSMB1	20uM	PC3	24h	LINCSCP_156884
LINCSCP_4755	0.8273759242	0.02161801803	7	ST021200	LSM-4601	NA	10uM	A549	6h	LINCSCP_4755
LINCSCP_141030	0.827375777	0.02161806232	7	179324-69-7	LSM-6281	ADRM1|PSMA1|PSMA2|PSMA3|PSMA4|PSMA5|PSMA6|PSMA7|PSMA8|PSMB1|PSMB10|PSMB11|PSMB2|PSMB3|PSMB4|PSMB5|PSMB6|PSMB7|PSMB8|PSMB9|PSMC1|PSMC2|PSMC3|PSMC4|PSMC5|PSMC6|PSMD1|PSMD11|PSMD12|PSMD13|PSMD14|PSMD2|PSMD3|PSMD4|PSMD6|PSMD7|PSMD8|SEM1	20uM	MCF7	24h	LINCSCP_141030
LINCSCP_78835	0.8273596919	0.02162290062	7	Elesclomol	LSM-4929	HSPA1A	0.04uM	A375	24h	LINCSCP_78835
LINCSCP_39778	0.8273562541	0.02162393478	7	CID-2858522	LSM-3337	NA	10uM	MDST8	6h	LINCSCP_39778
LINCSCP_65209	0.8273288496	0.02163217957	7	BRD-K05469482	LSM-37562	NA	10uM	VCAP	24h	LINCSCP_65209
LINCSCP_102341	0.8273163748	0.02163593325	7	Diflunisal	LSM-2490	PTGS1|PTGS2	3.33uM	HELA	24h	LINCSCP_102341
LINCSCP_150936	-0.8272969095	0.02164179112	7	Pelitinib	LSM-42796	EGFR	0.04uM	PC3	24h	LINCSCP_150936
LINCSCP_124933	-0.8271962194	0.02167210711	7	Varenicline Tartrate	LSM-45774	CHRNA4|CHRNB2	0.37uM	HT29	24h	LINCSCP_124933
LINCSCP_25217	0.8271901565	0.02167393329	7	etoposide	LSM-6348	TOP2A|TOP2B	10uM	HT29	24h	LINCSCP_25217
LINCSCP_20670	-0.827174322	0.0216787032	7	BRD-K83509924	LSM-41833	NA	10uM	HCC515	6h	LINCSCP_20670
LINCSCP_145166	-0.8271332132	0.02169108932	7	Apitolisib (gdc-0980, rg7422)	LSM-4257	PIK3CA|PIK3CB|PIK3CD|PIK3CG|MTOR	0.04uM	MDAMB231	3h	LINCSCP_145166
LINCSCP_129220	-0.8271118862	0.02169751678	7	Alectinib	LSM-1202	ALK|RET	0.04uM	HUVEC	24h	LINCSCP_129220
LINCSCP_137431	0.8270964774	0.02170216126	7	179324-69-7	LSM-6281	ADRM1|PSMA1|PSMA2|PSMA3|PSMA4|PSMA5|PSMA6|PSMA7|PSMA8|PSMB1|PSMB10|PSMB11|PSMB2|PSMB3|PSMB4|PSMB5|PSMB6|PSMB7|PSMB8|PSMB9|PSMC1|PSMC2|PSMC3|PSMC4|PSMC5|PSMC6|PSMD1|PSMD11|PSMD12|PSMD13|PSMD14|PSMD2|PSMD3|PSMD4|PSMD6|PSMD7|PSMD8|SEM1	20uM	MCF7	24h	LINCSCP_137431
LINCSCP_96528	-0.8270863027	0.02170522842	7	Nilotinib	LSM-1099	ABL1|BCR|KIT	10uM	HA1E	24h	LINCSCP_96528
LINCSCP_117858	-0.8270840116	0.02170591911	7	SCHEMBL15556278	LSM-1002	DDR1	0.37uM	HT29	24h	LINCSCP_117858
LINCSCP_15106	-0.827060783	0.02171292239	7	Ondansetron	LSM-1375	HTR3A	10uM	HA1E	6h	LINCSCP_15106
LINCSCP_300923	-0.8270441628	0.02171793409	7	BRD-K26835110	LSM-10054	NA	5uM	VCAP	6h	LINCSCP_300923
LINCSCP_66112	0.8270381281	0.02171975395	7	BRD-K43579410	LSM-39667	NA	10uM	VCAP	24h	LINCSCP_66112
LINCSCP_80466	-0.8270349512	0.02172071205	7	Fenoterol	LSM-1948	ADRB2	10uM	A375	24h	LINCSCP_80466
LINCSCP_36308	0.8270141422	0.0217269882	7	Withaferin A	LSM-6685	IKBKB|NAMPT	3uM	MCF7	24h	LINCSCP_36308
LINCSCP_165479	0.8269779558	0.02173790473	7	HG-9-91-01	LSM-6343	NA	3.33uM	SKL	24h	LINCSCP_165479
LINCSCP_130024	0.8269762687	0.02173841374	7	Imatinib	LSM-1023	ABL1|BCR|CSF1R|KIT|PDGFRA|PDGFRB	0.12uM	LNCAP	24h	LINCSCP_130024
LINCSCP_101456	0.8269591789	0.02174357046	7	(+)-Timolol	LSM-15524	NA	0.37uM	HELA	24h	LINCSCP_101456
LINCSCP_212389	0.8269557456	0.02174460653	7	Benzoic acid	LSM-37118	RAB9A	20uM	HA1E	6h	LINCSCP_212389
LINCSCP_155639	0.8269492961	0.02174655284	7	179324-69-7	LSM-6281	ADRM1|PSMA1|PSMA2|PSMA3|PSMA4|PSMA5|PSMA6|PSMA7|PSMA8|PSMB1|PSMB10|PSMB11|PSMB2|PSMB3|PSMB4|PSMB5|PSMB6|PSMB7|PSMB8|PSMB9|PSMC1|PSMC2|PSMC3|PSMC4|PSMC5|PSMC6|PSMD1|PSMD11|PSMD12|PSMD13|PSMD14|PSMD2|PSMD3|PSMD4|PSMD6|PSMD7|PSMD8|SEM1	20uM	PC3	24h	LINCSCP_155639
LINCSCP_28668	0.8269039809	0.02176023074	7	Crizotinib	LSM-1027	ALK|MET	10uM	HT29	24h	LINCSCP_28668
LINCSCP_193743	-0.8268188396	0.02178594289	7	MLS003587250	LSM-44615	NA	10uM	A549	6h	LINCSCP_193743
LINCSCP_102324	0.8267925475	0.02179388642	7	Marimastat	LSM-45636	NA	1.11uM	HELA	24h	LINCSCP_102324
LINCSCP_196420	0.8267621441	0.0218030741	7	BRD-K01490356	LSM-8526	NA	5uM	A549	24h	LINCSCP_196420
LINCSCP_30861	0.8267560678	0.02180491058	7	MLN 2238	LSM-4944	PSMB1	10uM	MCF7	6h	LINCSCP_30861
LINCSCP_92024	0.8267324182	0.02181205918	7	BRD-A03684405	LSM-45399	NA	0.12uM	HA1E	24h	LINCSCP_92024
LINCSCP_155396	-0.8267296581	0.02181289358	7	Enoxolone	LSM-45606	NA	0.04uM	PC3	24h	LINCSCP_155396
LINCSCP_161308	-0.826728722	0.02181317655	7	Sildenafil	LSM-3797	PDE5A	1.11uM	PC3	24h	LINCSCP_161308
LINCSCP_174354	0.8267000254	0.02182185274	7	Ibrutinib (PCI-32765)	LSM-45830	BTK	3.33uM	YAPC	24h	LINCSCP_174354
LINCSCP_57787	-0.8266756015	0.02182923864	7	TCMDC-125221	LSM-2819	NA	10uM	VCAP	24h	LINCSCP_57787
LINCSCP_124893	0.8266288257	0.02184338783	7	179324-69-7	LSM-6281	ADRM1|PSMA1|PSMA2|PSMA3|PSMA4|PSMA5|PSMA6|PSMA7|PSMA8|PSMB1|PSMB10|PSMB11|PSMB2|PSMB3|PSMB4|PSMB5|PSMB6|PSMB7|PSMB8|PSMB9|PSMC1|PSMC2|PSMC3|PSMC4|PSMC5|PSMC6|PSMD1|PSMD11|PSMD12|PSMD13|PSMD14|PSMD2|PSMD3|PSMD4|PSMD6|PSMD7|PSMD8|SEM1	20uM	HT29	24h	LINCSCP_124893
LINCSCP_22882	-0.8265826411	0.02185736328	7	N-Arachidonoyl-gaba (na-gaba)	LSM-2110	NA	10uM	HEPG2	6h	LINCSCP_22882
LINCSCP_152369	-0.826580434	0.02185803127	7	MLS006011051	LSM-42801	BRAF	0.12uM	PC3	24h	LINCSCP_152369
LINCSCP_50028	-0.8265796115	0.02185828022	7	Oxaprozin	LSM-2553	PTGS1|PTGS2	10uM	PHH	24h	LINCSCP_50028
LINCSCP_50291	0.8265666716	0.02186219682	7	U 0126	LSM-42806	MAP2K1|MAP2K2	10uM	PHH	24h	LINCSCP_50291
LINCSCP_33260	-0.8265240586	0.02187509759	7	Fusaric acid	LSM-3944	DBH	10uM	MCF7	6h	LINCSCP_33260
LINCSCP_122149	0.8264896521	0.02188551703	7	Lofexidine	LSM-4951	ADRA2A	0.37uM	HT29	24h	LINCSCP_122149
LINCSCP_56467	0.8264366842	0.02190156299	7	SPECTRUM_000826	LSM-1243	NR3C1	10uM	VCAP	6h	LINCSCP_56467
LINCSCP_66320	0.8264034103	0.02191164629	7	MLS000038106	LSM-4068	NA	10uM	WSUDLCL2	6h	LINCSCP_66320
LINCSCP_138323	0.8263929541	0.02191481547	7	MG-132	LSM-1107	PSMB1	20uM	MCF7	24h	LINCSCP_138323
LINCSCP_129180	0.8263792248	0.0219189771	7	Dabrafenib	LSM-6303	BRAF	3.33uM	HUVEC	24h	LINCSCP_129180
LINCSCP_192021	-0.8263557378	0.02192609751	7	Ethamivan	LSM-2846	NA	10uM	A549	6h	LINCSCP_192021
LINCSCP_28648	0.826347084	0.02192872137	7	Apatinib Hydrochloride	LSM-4810	HDAC1|HDAC10|HDAC11|HDAC2|HDAC3|HDAC4|HDAC5|HDAC6|HDAC7|HDAC8|HDAC9	0.37uM	HT29	24h	LINCSCP_28648
LINCSCP_118497	-0.8263378307	0.02193152717	7	estriol	LSM-2368	ESR1|ESR2	10uM	HT29	24h	LINCSCP_118497
LINCSCP_173114	-0.8263051383	0.0219414419	7	LY2940680	LSM-45539	SMO	0.37uM	YAPC	24h	LINCSCP_173114
LINCSCP_81596	-0.8262832972	0.02194806712	7	TAE-684	LSM-1024	ALK	0.04uM	A549	24h	LINCSCP_81596
LINCSCP_14225	0.8262744043	0.02195076499	7	U 0126	LSM-42806	MAP2K1|MAP2K2	10uM	HA1E	6h	LINCSCP_14225
LINCSCP_112851	-0.8262583794	0.02195562703	7	GSK-2334470	LSM-1222	PDK1|PDPK1	0.37uM	HEPG2	24h	LINCSCP_112851
LINCSCP_284016	-0.8261238305	0.02199647365	7	Moxifloxacin	LSM-5746	NA	10uM	SKB	24h	LINCSCP_284016
LINCSCP_20305	0.8260562531	0.02201700513	7	Afatinib	LSM-43226	EGFR|ERBB2|ERBB4	10uM	HCC515	6h	LINCSCP_20305
LINCSCP_251370	0.8260533194	0.0220178967	7	TAE-684	LSM-1024	ALK	0.5uM	MCF7	24h	LINCSCP_251370
LINCSCP_190751	-0.8260505075	0.02201875128	7	5-Benzyl-5H-[1,2,4]triazino[5,6-b]indole-3-thiol	LSM-4619	NA	10uM	A549	6h	LINCSCP_190751
LINCSCP_4295	-0.8260371386	0.02202281452	7	MLS000766281	LSM-1597	ACHE|BCHE	10uM	A549	6h	LINCSCP_4295
LINCSCP_53823	0.8260142537	0.02202977092	7	Tyrphostin AG-1478	LSM-1224	EGFR	60uM	SNUC4	6h	LINCSCP_53823
LINCSCP_116997	0.8259954245	0.02203549546	7	Dasatinib	LSM-1020	ABL1|BCR|BLK|EPHA2|FGR|FRK|FYN|HCK|KIT|LCK|LYN|PDGFRB|SRC|SRMS|YES1	1.11uM	HT29	24h	LINCSCP_116997
LINCSCP_129441	0.8259690628	0.02204351144	7	SGI-1776	LSM-6307	PIM1|PIM2|PIM3	1.11uM	JURKAT	24h	LINCSCP_129441
LINCSCP_68668	0.8259288148	0.02205575313	7	Vorinostat	LSM-3828	HDAC1|HDAC2|HDAC3|HDAC6|HDAC8	10uM	VCAP	24h	LINCSCP_68668
LINCSCP_303362	0.8259107139	0.02206125989	7	BRD-K66836247	LSM-12500	NA	5uM	VCAP	6h	LINCSCP_303362
LINCSCP_42952	-0.8259100553	0.02206146026	7	BRD-K09059649	LSM-8977	NA	10uM	NPC	24h	LINCSCP_42952
LINCSCP_6736	0.8258807866	0.02207036625	7	SPECTRUM3_001992	LSM-1242	PGR	10uM	A549	24h	LINCSCP_6736
LINCSCP_35071	0.8258231354	0.02208791448	7	BRD-K23020884	LSM-38521	NA	5uM	MCF7	24h	LINCSCP_35071
LINCSCP_125336	0.8256972093	0.02212627205	7	MG-132	LSM-1107	PSMB1	20uM	HT29	24h	LINCSCP_125336
LINCSCP_45227	0.8256906737	0.02212826387	7	BDBM50127227	LSM-43025	FNTA|IKBKB	10uM	PC3	6h	LINCSCP_45227
LINCSCP_56580	0.8256356177	0.02214504681	7	PRE-084	LSM-3278	SIGMAR1	10uM	VCAP	6h	LINCSCP_56580
LINCSCP_131430	0.8256132974	0.02215185283	7	Gefitinib	LSM-1098	EGFR	0.12uM	MCF10A	24h	LINCSCP_131430
LINCSCP_165203	0.8255970006	0.02215682292	7	PD-0325901	LSM-1101	MAP2K1|MAP2K2	0.04uM	SKL.C	24h	LINCSCP_165203
LINCSCP_78633	-0.8255123247	0.0221826568	7	Aripiprazole	LSM-5776	DRD2|HRH1|HTR1A|HTR1B|HTR1D|HTR2A|HTR2C	0.04uM	A375	24h	LINCSCP_78633
LINCSCP_173862	-0.8254890149	0.02218977141	7	Entinostat	LSM-4811	HDAC1|HDAC10|HDAC11|HDAC2|HDAC3|HDAC4|HDAC5|HDAC6|HDAC7|HDAC8|HDAC9	3.33uM	YAPC	24h	LINCSCP_173862
LINCSCP_108375	0.8254849146	0.02219102304	7	Maxacalcitol-D6	LSM-45401	NA	0.12uM	HELA	24h	LINCSCP_108375
LINCSCP_161149	-0.8254407212	0.0222045157	7	114798-26-4	LSM-3701	AGTR1	0.04uM	PC3	24h	LINCSCP_161149
LINCSCP_303323	0.8254170544	0.0222117433	7	BRD-K52184420	LSM-11620	NA	5uM	VCAP	6h	LINCSCP_303323
LINCSCP_44778	0.8254143358	0.02221257364	7	Cercosporin	LSM-1808	NA	10uM	PC3	6h	LINCSCP_44778
LINCSCP_96855	0.8254129316	0.0222130025	7	Entinostat	LSM-4811	HDAC1|HDAC10|HDAC11|HDAC2|HDAC3|HDAC4|HDAC5|HDAC6|HDAC7|HDAC8|HDAC9	0.37uM	HA1E	24h	LINCSCP_96855
LINCSCP_3195	-0.8254105151	0.02221374058	7	SA-424763	LSM-40551	NA	5uM	A375	24h	LINCSCP_3195
LINCSCP_83346	0.8253898935	0.02222003962	7	KU-55933	LSM-1074	ATM	10uM	ASC.C	24h	LINCSCP_83346
LINCSCP_133342	-0.8253406964	0.02223507134	7	Ipatasertib	LSM-6341	AKT1|AKT2|AKT3	1.11uM	MCF7	24h	LINCSCP_133342
LINCSCP_33606	0.8253358863	0.02223654134	7	Palmitoyl Dopamine	LSM-2468	NA	10uM	MCF7	24h	LINCSCP_33606
LINCSCP_68391	0.8253238914	0.02224020726	7	Wortmannin	LSM-3947	PIK3CA|PIK3CG|PLK1	10uM	VCAP	6h	LINCSCP_68391
LINCSCP_130420	0.8253188666	0.02224174308	7	CHIR-99021	LSM-1181	NA	0.12uM	LNCAP	3h	LINCSCP_130420
LINCSCP_45153	0.8252637711	0.02225858667	7	CHEMBL1434137	LSM-6234	RARG	40uM	PC3	6h	LINCSCP_45153
LINCSCP_95451	-0.825250096	0.02226276851	7	Triptorelin	LSM-46025	GNRHR	3.33uM	HA1E	24h	LINCSCP_95451
LINCSCP_105519	0.82520868	0.02227543614	7	CLONAZEPAM	LSM-45776	GABRA1|GABRA2|GABRA3|GABRA4|GABRA5|GABRA6|GABRB1|GABRB2|GABRB3|GABRD|GABRE|GABRG1|GABRG2|GABRG3|GABRP|GABRQ	10uM	HELA	24h	LINCSCP_105519
LINCSCP_24397	-0.8251837691	0.02228305744	7	MLN-8054	LSM-1066	AURKA	10uM	HS578T	24h	LINCSCP_24397
LINCSCP_102244	-0.8251625504	0.0222895503	7	Prochlorperazine	LSM-2436	DRD2	10uM	HELA	24h	LINCSCP_102244
LINCSCP_63552	0.8251503791	0.02229327518	7	CHEMBL2360806	LSM-8653	NA	5uM	VCAP	6h	LINCSCP_63552
LINCSCP_175092	0.8251239252	0.02230137223	7	Telmisartan	LSM-3657	AGTR1|PPARG	1.11uM	YAPC	24h	LINCSCP_175092
LINCSCP_18446	0.825116767	0.02230356352	7	BRD-K86727142-001-06-6	LSM-3937	XIAP	10uM	HCC515	6h	LINCSCP_18446
LINCSCP_209130	0.8251011099	0.02230835694	7	Cinchonine	LSM-2310	NA	10uM	HA1E	24h	LINCSCP_209130
LINCSCP_309726	0.8250969673	0.02230962528	7	BRD-K08121566	LSM-37711	NA	30uM	VCAP	24h	LINCSCP_309726
LINCSCP_163750	0.825091475	0.02231130695	7	Selumetinib	LSM-1056	MAP2K1|MAP2K2	3.33uM	SKBR3	24h	LINCSCP_163750
LINCSCP_53791	0.825081976	0.02231421557	7	GF-109203	LSM-2677	PRKCA	10uM	SNUC4	6h	LINCSCP_53791
LINCSCP_12907	-0.8250638279	0.02231977315	7	Chaetocin	LSM-6198	SUV39H1	0.1uM	EFO27	6h	LINCSCP_12907
LINCSCP_43059	-0.8250198549	0.02233324245	7	BRD-K82096551	LSM-13444	NA	10uM	NPC	24h	LINCSCP_43059
LINCSCP_120853	0.8250100221	0.02233625496	7	179324-69-7	LSM-6281	ADRM1|PSMA1|PSMA2|PSMA3|PSMA4|PSMA5|PSMA6|PSMA7|PSMA8|PSMB1|PSMB10|PSMB11|PSMB2|PSMB3|PSMB4|PSMB5|PSMB6|PSMB7|PSMB8|PSMB9|PSMC1|PSMC2|PSMC3|PSMC4|PSMC5|PSMC6|PSMD1|PSMD11|PSMD12|PSMD13|PSMD14|PSMD2|PSMD3|PSMD4|PSMD6|PSMD7|PSMD8|SEM1	20uM	HT29	24h	LINCSCP_120853
LINCSCP_129270	0.8249923551	0.02234166821	7	CHIR-265	LSM-1207	BRAF|KDR	3.33uM	HUVEC	24h	LINCSCP_129270
LINCSCP_152024	0.8248924649	0.02237228904	7	Pracinostat	LSM-43290	NA	0.04uM	PC3	24h	LINCSCP_152024
LINCSCP_33722	0.8248844209	0.02237475592	7	5-Nitroso-8-cinnolinol	LSM-2275	HDAC1	10uM	MCF7	6h	LINCSCP_33722
LINCSCP_21450	0.824861562	0.02238176696	7	SB-218078	LSM-1274	CHEK1	10uM	HEPG2	6h	LINCSCP_21450
LINCSCP_151519	-0.8248241297	0.0223932505	7	SGI-1776	LSM-6307	PIM1|PIM2|PIM3	1.11uM	PC3	24h	LINCSCP_151519
LINCSCP_104610	-0.8248005185	0.02240049568	7	Tasquinimod	LSM-45815	NA	3.33uM	HELA	24h	LINCSCP_104610
LINCSCP_234772	-0.8247914624	0.02240327492	7	TSU-68	LSM-43215	AURKA|AURKB|FGFR1|FGFR2|FGFR3|FGFR4|KDR|PDGFRA|PDGFRB	5uM	LOVO	6h	LINCSCP_234772
LINCSCP_20834	0.8247772034	0.02240765133	7	Tacedinaline	LSM-19036	HDAC1|HDAC10|HDAC11|HDAC2|HDAC3|HDAC4|HDAC5|HDAC6|HDAC7|HDAC8|HDAC9	0.04uM	HCC515	24h	LINCSCP_20834
LINCSCP_310168	0.8247751047	0.02240829548	7	BRD-K66805710	LSM-15049	NA	30uM	VCAP	6h	LINCSCP_310168
LINCSCP_137791	0.8247603122	0.02241283619	7	179324-69-7	LSM-6281	ADRM1|PSMA1|PSMA2|PSMA3|PSMA4|PSMA5|PSMA6|PSMA7|PSMA8|PSMB1|PSMB10|PSMB11|PSMB2|PSMB3|PSMB4|PSMB5|PSMB6|PSMB7|PSMB8|PSMB9|PSMC1|PSMC2|PSMC3|PSMC4|PSMC5|PSMC6|PSMD1|PSMD11|PSMD12|PSMD13|PSMD14|PSMD2|PSMD3|PSMD4|PSMD6|PSMD7|PSMD8|SEM1	20uM	MCF7	24h	LINCSCP_137791
LINCSCP_222621	0.8247254881	0.02242352784	7	Linsitinib	LSM-1135	IGF1R|INSR	0.5uM	HS578T	24h	LINCSCP_222621
LINCSCP_43468	-0.8247174439	0.02242599798	7	E-Guggulsterone	LSM-43186	NR1H4	10uM	NPC	24h	LINCSCP_43468
LINCSCP_107474	-0.8246889694	0.02243474286	7	SDZ NKT 343	LSM-45398	NA	0.04uM	HELA	24h	LINCSCP_107474
LINCSCP_33679	0.8246648684	0.0224421461	7	Puromycin Hydrochloride	LSM-1431	NA	10uM	MCF7	6h	LINCSCP_33679
LINCSCP_58803	0.8246617826	0.02244309407	7	H7	LSM-5082	NA	10uM	VCAP	24h	LINCSCP_58803
LINCSCP_74906	-0.8246528256	0.02244584586	7	omeprazole	LSM-45749	NA	10uM	A375	24h	LINCSCP_74906
LINCSCP_126331	0.8246079057	0.02245964913	7	179324-69-7	LSM-6281	ADRM1|PSMA1|PSMA2|PSMA3|PSMA4|PSMA5|PSMA6|PSMA7|PSMA8|PSMB1|PSMB10|PSMB11|PSMB2|PSMB3|PSMB4|PSMB5|PSMB6|PSMB7|PSMB8|PSMB9|PSMC1|PSMC2|PSMC3|PSMC4|PSMC5|PSMC6|PSMD1|PSMD11|PSMD12|PSMD13|PSMD14|PSMD2|PSMD3|PSMD4|PSMD6|PSMD7|PSMD8|SEM1	20uM	HT29	24h	LINCSCP_126331
LINCSCP_21397	0.8245895259	0.02246529835	7	3,5-Bis(4-methylbenzylidene)piperidin-4-one	LSM-42949	SENP2|USP1|USP2|USP7	10uM	HEC108	6h	LINCSCP_21397
LINCSCP_34022	0.8245429222	0.02247962613	7	CHEMBL1886242	LSM-6116	NA	10uM	MCF7	6h	LINCSCP_34022
LINCSCP_136584	-0.8245416946	0.02248000362	7	Busulfan	LSM-5388	NA	0.04uM	MCF7	24h	LINCSCP_136584
LINCSCP_147901	0.8245251973	0.0224850768	7	BIX01294	LSM-4571	EHMT2	10uM	NPC.CAS9	24h	LINCSCP_147901
LINCSCP_32711	0.8244708814	0.02250178439	7	Dacinostat	LSM-43097	HDAC1	10uM	MCF7	6h	LINCSCP_32711
LINCSCP_89492	-0.8244377324	0.02251198448	7	Ganaxolone	LSM-45679	NA	0.12uM	HA1E	24h	LINCSCP_89492
LINCSCP_29176	0.8244138385	0.02251933836	7	Pifithrin MU	LSM-4188	HSPA1A|TP53	10uM	JHUEM2	6h	LINCSCP_29176
LINCSCP_51435	-0.824397989	0.02252421713	7	MK-2206	LSM-1057	AKT1|AKT2|AKT3	10uM	SKBR3	24h	LINCSCP_51435
LINCSCP_38431	-0.8243761564	0.0225309386	7	BRD-A08658758	LSM-45324	NA	0.12uM	MCF7	24h	LINCSCP_38431
LINCSCP_25521	0.8243701359	0.02253279232	7	DG-041	LSM-43279	PTGER3	40uM	HT29	24h	LINCSCP_25521
LINCSCP_163448	-0.8243588436	0.0225362694	7	Ruxolitinib	LSM-1139	JAK1|JAK2|TYK2	0.37uM	SKBR3	3h	LINCSCP_163448
LINCSCP_157334	0.8243024201	0.02255364774	7	MG-132	LSM-1107	PSMB1	20uM	PC3	24h	LINCSCP_157334
LINCSCP_145557	-0.8243013257	0.02255398488	7	ZSTK 474	LSM-1053	PIK3CG	3.33uM	MDAMB231	24h	LINCSCP_145557
LINCSCP_48010	-0.8242740859	0.02256237749	7	Meprylcaine	LSM-3460	NA	10uM	PC3	6h	LINCSCP_48010
LINCSCP_56308	0.8242304679	0.02257581987	7	Triamterene	LSM-4060	SCNN1A|SCNN1B|SCNN1G	10uM	VCAP	24h	LINCSCP_56308
LINCSCP_81485	-0.8242145294	0.02258073301	7	SCHEMBL17052537	LSM-5803	BTK|JAK3|MKNK2|MTOR|PRKDC	3.33uM	A549	24h	LINCSCP_81485
LINCSCP_57212	0.8241726031	0.02259365988	7	Neratinib	LSM-42778	EGFR|ERBB2|ERBB4	10uM	VCAP	6h	LINCSCP_57212
LINCSCP_139133	0.8241337427	0.02260564522	7	MG-132	LSM-1107	PSMB1	20uM	MCF7	24h	LINCSCP_139133
LINCSCP_2440	-0.8241190852	0.02261016681	7	Lavendustin C	LSM-5864	CAMK2A|EGFR|SRC	10uM	A375	6h	LINCSCP_2440
LINCSCP_100484	0.8241075371	0.02261372956	7	Olaparib	LSM-1145	PARP1|PARP2|PARP3	10uM	HCC515	24h	LINCSCP_100484
LINCSCP_150168	-0.824091673	0.0226186244	7	Tranylcypromine	LSM-5578	KDM1A|MAOA|MAOB	0.37uM	NPC.TAK	24h	LINCSCP_150168
LINCSCP_99686	0.824040291	0.02263448228	7	AS601245	LSM-1034	MAPK10|MAPK8|MAPK9	1.11uM	HCC515	24h	LINCSCP_99686
LINCSCP_35397	0.8239764107	0.02265420624	7	4LY1	LSM-6529	HDAC1|HDAC2	3uM	MCF7	24h	LINCSCP_35397
LINCSCP_86528	-0.8239270204	0.02266946286	7	Sirolimus	LSM-42783	FKBP1A|MTOR	10uM	CD34	24h	LINCSCP_86528
LINCSCP_253079	0.8239174379	0.02267242356	7	BRD-K31830150	LSM-10360	NA	0.5uM	MCF7	24h	LINCSCP_253079
LINCSCP_157032	0.8239145906	0.02267330332	7	Zardaverine	LSM-2833	PDE4D	10uM	PC3	24h	LINCSCP_157032
LINCSCP_16672	-0.8239139442	0.02267350307	7	AZD-6482	LSM-1059	PIK3CA|PIK3CB|PIK3CD|PIK3CG|PIK3R1|PIK3R2|PIK3R3|PIK3R5	10uM	HA1E	6h	LINCSCP_16672
LINCSCP_131924	0.8238949939	0.02267935891	7	GSK 1059615	LSM-42799	PIK3CA|PIK3CB|PIK3CD|PIK3CG	1.11uM	MCF7	24h	LINCSCP_131924
LINCSCP_139402	0.8238071083	0.02270652772	7	MG-132	LSM-1107	PSMB1	20uM	MCF7	24h	LINCSCP_139402
LINCSCP_16874	-0.8237695603	0.02271814088	7	BRD-K67519589	LSM-40951	NA	10uM	HA1E	6h	LINCSCP_16874
LINCSCP_45316	-0.8237246097	0.02273204793	7	F2704-0009	LSM-3237	NA	10uM	PC3	24h	LINCSCP_45316
LINCSCP_6399	0.8236550725	0.02275357122	7	N-Cyclooctyl-4-methylbenzenesulfonamide	LSM-6588	NA	10uM	A549	24h	LINCSCP_6399
LINCSCP_79510	-0.8236512139	0.02275476587	7	Leflunomide	LSM-3771	DHODH	0.04uM	A375	24h	LINCSCP_79510
LINCSCP_48843	0.8236206791	0.02276422099	7	BRD-K89419248	LSM-42148	NA	10uM	PC3	24h	LINCSCP_48843
LINCSCP_122508	0.8236130447	0.02276658532	7	SR 33805 oxalate	LSM-45933	NA	1.11uM	HT29	24h	LINCSCP_122508
LINCSCP_86094	0.8236029976	0.02276969708	7	Gefitinib	LSM-1098	EGFR	10uM	BT20	24h	LINCSCP_86094
LINCSCP_37589	0.8235895525	0.02277386161	7	Vorinostat	LSM-3828	HDAC1|HDAC2|HDAC3|HDAC6|HDAC8	1uM	MCF7	6h	LINCSCP_37589
LINCSCP_26154	-0.8235655765	0.02278128912	7	MLS000559245	LSM-3942	NA	10uM	HT29	6h	LINCSCP_26154
LINCSCP_14295	-0.8235467713	0.02278711572	7	Skatole	LSM-3655	CYP2F1	10uM	HA1E	6h	LINCSCP_14295
LINCSCP_137508	0.8235301543	0.02279226503	7	Felodipine	LSM-1447	CACNA1C|CACNA1D|CACNA1F|CACNA1S|NR3C2	10uM	MCF7	24h	LINCSCP_137508
LINCSCP_26764	0.8235061236	0.02279971288	7	Terfenadine	LSM-1273	HRH1|KCNH2	10uM	HT29	6h	LINCSCP_26764
LINCSCP_108522	0.8234863945	0.02280582855	7	Ercalcitriol	LSM-45788	NA	3.33uM	HELA	24h	LINCSCP_108522
LINCSCP_137157	0.8234358394	0.02282150397	7	179324-69-7	LSM-6281	ADRM1|PSMA1|PSMA2|PSMA3|PSMA4|PSMA5|PSMA6|PSMA7|PSMA8|PSMB1|PSMB10|PSMB11|PSMB2|PSMB3|PSMB4|PSMB5|PSMB6|PSMB7|PSMB8|PSMB9|PSMC1|PSMC2|PSMC3|PSMC4|PSMC5|PSMC6|PSMD1|PSMD11|PSMD12|PSMD13|PSMD14|PSMD2|PSMD3|PSMD4|PSMD6|PSMD7|PSMD8|SEM1	20uM	MCF7	24h	LINCSCP_137157
LINCSCP_95822	-0.8234325278	0.02282253099	7	BRD-A98888159	LSM-45917	NA	10uM	HA1E	24h	LINCSCP_95822
LINCSCP_138511	0.8233802783	0.0228387386	7	179324-69-7	LSM-6281	ADRM1|PSMA1|PSMA2|PSMA3|PSMA4|PSMA5|PSMA6|PSMA7|PSMA8|PSMB1|PSMB10|PSMB11|PSMB2|PSMB3|PSMB4|PSMB5|PSMB6|PSMB7|PSMB8|PSMB9|PSMC1|PSMC2|PSMC3|PSMC4|PSMC5|PSMC6|PSMD1|PSMD11|PSMD12|PSMD13|PSMD14|PSMD2|PSMD3|PSMD4|PSMD6|PSMD7|PSMD8|SEM1	20uM	MCF7	24h	LINCSCP_138511
LINCSCP_63909	0.8233685831	0.0228423673	7	BRD-K98641517	LSM-43505	NA	5uM	VCAP	24h	LINCSCP_63909
LINCSCP_93318	0.8233553098	0.02284648602	7	Biperiden	LSM-1235	CHRM1	0.12uM	HA1E	24h	LINCSCP_93318
LINCSCP_27269	0.8233544003	0.02284676825	7	MLS002729074	LSM-1256	NA	10uM	HT29	6h	LINCSCP_27269
LINCSCP_260235	0.8233371054	0.02285213556	7	BRD-K14091022	LSM-9278	NA	10uM	NKDBA	24h	LINCSCP_260235
LINCSCP_113533	-0.8233265741	0.02285540421	7	AT-7519	LSM-1004	CDK1|CDK10|CDK11B|CDK12|CDK13|CDK14|CDK15|CDK16|CDK17|CDK18|CDK19|CDK2|CDK20|CDK3|CDK4|CDK5|CDK6|CDK7|CDK8|CDK9	0.12uM	HME1	3h	LINCSCP_113533
LINCSCP_146638	0.8233114933	0.02286008535	7	PD-0325901	LSM-1101	MAP2K1|MAP2K2	3.33uM	NEU	24h	LINCSCP_146638
LINCSCP_38543	0.8232899336	0.02286677851	7	Vorinostat	LSM-3828	HDAC1|HDAC2|HDAC3|HDAC6|HDAC8	0.12uM	MCF7	24h	LINCSCP_38543
LINCSCP_212537	-0.8232617164	0.02287554013	7	BG-51	LSM-45301	HDAC3	0.1uM	HA1E	24h	LINCSCP_212537
LINCSCP_169395	-0.8232149333	0.02289007078	7	Pravastatin sodium	LSM-45836	NA	0.37uM	YAPC	24h	LINCSCP_169395
LINCSCP_298878	0.8231408939	0.02291307779	7	BRD-K08212968	LSM-6963	NA	5uM	VCAP	6h	LINCSCP_298878
LINCSCP_60630	0.8231244737	0.02291818197	7	MLS003129502	LSM-7945	NA	5uM	VCAP	24h	LINCSCP_60630
LINCSCP_84359	-0.8230681561	0.02293569305	7	Idelalisib	LSM-1205	PIK3CD|PIK3CG	3.33uM	ASC	24h	LINCSCP_84359
LINCSCP_161215	-0.8230218454	0.0229500983	7	testosterone	LSM-4025	AR	0.04uM	PC3	24h	LINCSCP_161215
LINCSCP_17431	-0.8230145038	0.02295238242	7	SCHEMBL16980377	LSM-6821	NA	0.12uM	HA1E	24h	LINCSCP_17431
LINCSCP_117939	-0.8229942335	0.02295868957	7	1-(1,3-Benzodioxol-5-ylcarbonyl)piperidine	LSM-20930	NA	10uM	HT29	24h	LINCSCP_117939
LINCSCP_12437	0.8229681043	0.02296682122	7	BRD-K04986062	LSM-45341	NA	0.5uM	CD34	6h	LINCSCP_12437
LINCSCP_131128	-0.8229652313	0.02296771543	7	C19H19FN4O3	LSM-1178	FGFR1|FLT1|KDR	0.04uM	MCF10A	3h	LINCSCP_131128
LINCSCP_116391	0.8229419414	0.02297496494	7	CI-1040	LSM-1048	MAP2K1|MAP2K2	10uM	HT29	24h	LINCSCP_116391
LINCSCP_52655	0.8229062204	0.02298608647	7	Prostoglandin B2	LSM-43031	NA	10uM	SKB	24h	LINCSCP_52655
LINCSCP_86112	0.822896698	0.02298905175	7	AS-605240	LSM-42784	PIK3CG	10uM	BT20	24h	LINCSCP_86112
LINCSCP_103672	0.8228847392	0.02299277601	7	SPECTRUM_001522	LSM-1487	NR3C1	0.04uM	HELA	24h	LINCSCP_103672
LINCSCP_222863	-0.8228761739	0.02299544363	7	C28H30CIN5O4S	LSM-42791	MET	1uM	HS578T	6h	LINCSCP_222863
LINCSCP_111405	-0.8228460213	0.02300483601	7	PLX-4720	LSM-1049	BRAF	1.11uM	HEPG2	24h	LINCSCP_111405
LINCSCP_165828	-0.8228240228	0.02301168978	7	GSK 1059615	LSM-42799	PIK3CA|PIK3CB|PIK3CD|PIK3CG	1.11uM	SKL	24h	LINCSCP_165828
LINCSCP_76369	-0.8227867152	0.02302331583	7	Palbociclib	LSM-1071	CCND1|CDK4|CDK6	1.11uM	A375	24h	LINCSCP_76369
LINCSCP_35832	0.8227727731	0.02302766144	7	3,5-Bis(4-methylbenzylidene)piperidin-4-one	LSM-42949	SENP2|USP1|USP2|USP7	10uM	MCF7	6h	LINCSCP_35832
LINCSCP_25580	-0.8227504993	0.02303460485	7	AZD-2014	LSM-5754	MTOR	10uM	HT29	24h	LINCSCP_25580
LINCSCP_251377	0.822740317	0.02303777941	7	Pictilisib	LSM-1047	PIK3CA|PIK3CB|PIK3CD|PIK3CG|PIK3R1|PIK3R2|PIK3R3|PIK3R5	0.5uM	MCF7	24h	LINCSCP_251377
LINCSCP_85087	-0.8226376117	0.02306981361	7	Olaparib	LSM-1145	PARP1|PARP2|PARP3	3.33uM	ASC	24h	LINCSCP_85087
LINCSCP_116457	0.8226298273	0.02307224264	7	WH-4-025	LSM-44937	NA	10uM	HT29	24h	LINCSCP_116457
LINCSCP_4805	0.8226037917	0.02308036774	7	PF 3845	LSM-6265	FAAH	10uM	A549	6h	LINCSCP_4805
LINCSCP_11643	0.8225993899	0.02308174158	7	SCHEMBL3958507	LSM-5245	COQ8B|EGFR	10uM	BT20	24h	LINCSCP_11643
LINCSCP_38734	0.8225968257	0.02308254193	7	Apatinib Hydrochloride	LSM-4810	HDAC1|HDAC10|HDAC11|HDAC2|HDAC3|HDAC4|HDAC5|HDAC6|HDAC7|HDAC8|HDAC9	3.33uM	MCF7	24h	LINCSCP_38734
LINCSCP_271141	-0.8225921141	0.02308401255	7	SAN1_009051	LSM-36665	NA	10uM	PC3	24h	LINCSCP_271141
LINCSCP_141115	0.8225546091	0.02309572086	7	179324-69-7	LSM-6281	ADRM1|PSMA1|PSMA2|PSMA3|PSMA4|PSMA5|PSMA6|PSMA7|PSMA8|PSMB1|PSMB10|PSMB11|PSMB2|PSMB3|PSMB4|PSMB5|PSMB6|PSMB7|PSMB8|PSMB9|PSMC1|PSMC2|PSMC3|PSMC4|PSMC5|PSMC6|PSMD1|PSMD11|PSMD12|PSMD13|PSMD14|PSMD2|PSMD3|PSMD4|PSMD6|PSMD7|PSMD8|SEM1	20uM	MCF7	24h	LINCSCP_141115
LINCSCP_36381	0.8225220731	0.02310588066	7	RO-281675	LSM-6231	GCK	0.001uM	MCF7	6h	LINCSCP_36381
LINCSCP_41300	-0.8224650741	0.0231236854	7	2,4-Dihydroxy-d-phenylalanine	LSM-37137	NA	10uM	NEU	6h	LINCSCP_41300
LINCSCP_307627	0.8224474053	0.02312920619	7	BRD-K90163207	LSM-13991	NA	5uM	VCAP	6h	LINCSCP_307627
LINCSCP_158615	0.8224454029	0.0231298319	7	Ethacrynic acid	LSM-3420	SLC12A1	1.11uM	PC3	24h	LINCSCP_158615
LINCSCP_146435	0.822430019	0.02313463941	7	AZ628	LSM-1050	BRAF|RAF1	10uM	NEU	24h	LINCSCP_146435
LINCSCP_73400	0.822421391	0.02313733593	7	Prothiaden Spofa	LSM-42985	SLC6A2|SLC6A4	0.37uM	A375	24h	LINCSCP_73400
LINCSCP_85452	0.8223942056	0.02314583337	7	Neratinib	LSM-42778	EGFR|ERBB2|ERBB4	10uM	BT20	3h	LINCSCP_85452
LINCSCP_51087	0.8223762885	0.02315143476	7	SMR001317659	LSM-2094	NA	0.5uM	RMUGS	6h	LINCSCP_51087
LINCSCP_141033	0.8223557456	0.02315785798	7	179324-69-7	LSM-6281	ADRM1|PSMA1|PSMA2|PSMA3|PSMA4|PSMA5|PSMA6|PSMA7|PSMA8|PSMB1|PSMB10|PSMB11|PSMB2|PSMB3|PSMB4|PSMB5|PSMB6|PSMB7|PSMB8|PSMB9|PSMC1|PSMC2|PSMC3|PSMC4|PSMC5|PSMC6|PSMD1|PSMD11|PSMD12|PSMD13|PSMD14|PSMD2|PSMD3|PSMD4|PSMD6|PSMD7|PSMD8|SEM1	20uM	MCF7	24h	LINCSCP_141033
LINCSCP_36778	0.8223041587	0.02317399229	7	Fedratinib	LSM-1142	FLT3|JAK2	10uM	MCF7	24h	LINCSCP_36778
LINCSCP_31965	0.8222941308	0.02317712934	7	AC1O9BJ3	LSM-4717	NA	10uM	MCF7	24h	LINCSCP_31965
LINCSCP_24861	0.8222897498	0.02317849993	7	C21H27N7O3	LSM-1128	AKT1|AKT2|AKT3|PRKCQ	0.5uM	HS578T	6h	LINCSCP_24861
LINCSCP_17621	-0.822280016	0.02318154534	7	QS-11	LSM-5212	ARFGAP1	10uM	HCC15	6h	LINCSCP_17621
LINCSCP_39497	0.82226363	0.02318667249	7	BRD-A24396574-001-01-5	LSM-5006	NA	10uM	MDAMB231	6h	LINCSCP_39497
LINCSCP_118588	0.8222462621	0.02319210757	7	Bosutinib	LSM-1190	ABL1|BCR|CAMK2G|HCK|LYN|SRC	3.33uM	HT29	24h	LINCSCP_118588
LINCSCP_85794	0.8222189818	0.02320064607	7	Trametinib	LSM-1143	MAP2K1|MAP2K2	10uM	BT20	3h	LINCSCP_85794
LINCSCP_149847	-0.8222015423	0.02320610541	7	BS-181	LSM-6305	NA	0.04uM	NPC.TAK	24h	LINCSCP_149847
LINCSCP_115595	0.8221952019	0.02320809043	7	CHEMBL2136735	LSM-1152	FGFR1|FGFR3|FLT1|FLT4|KDR|PDGFRA|PDGFRB	0.04uM	HS578T	24h	LINCSCP_115595
LINCSCP_142997	0.8221616564	0.0232185942	7	MG-132	LSM-1107	PSMB1	20uM	MCF7	24h	LINCSCP_142997
LINCSCP_281737	-0.8221330149	0.02322756459	7	13-Methyl-7-[9-(4,4,5,5,5-pentafluoropentylsulfinyl)nonyl]-6,7,8,9,11,12,14,15,16,17-decahydrocyclopenta[a]phenanthrene-3,17-diol	LSM-1895	ESR1	10uM	PHH	24h	LINCSCP_281737
LINCSCP_155894	0.8220888659	0.02324139565	7	MG-132	LSM-1107	PSMB1	20uM	PC3	24h	LINCSCP_155894
LINCSCP_33879	0.8220231817	0.02326198192	7	BRD-K54285697	LSM-40244	NA	10uM	MCF7	24h	LINCSCP_33879
LINCSCP_94937	-0.8219184092	0.02329484021	7	Azacitidine	LSM-5218	DNMT1|DNMT3A	3.33uM	HA1E	24h	LINCSCP_94937
LINCSCP_163211	0.8218997313	0.02330070064	7	GSK 1059615	LSM-42799	PIK3CA|PIK3CB|PIK3CD|PIK3CG	10uM	SKBR3	3h	LINCSCP_163211
LINCSCP_43437	0.8218979184	0.02330126952	7	Mifepristone	LSM-2822	AR|NR3C1|PGR	10uM	NPC	24h	LINCSCP_43437
LINCSCP_17708	-0.8218027054	0.02333115714	7	Tyrphostin 1	LSM-2933	NA	10uM	HCC15	6h	LINCSCP_17708
LINCSCP_23838	0.8217945727	0.02333371103	7	TL_HRAS26	LSM-2013	NA	0.04uM	HEPG2	24h	LINCSCP_23838
LINCSCP_62025	0.821783676	0.02333713315	7	BRD-K65378566	LSM-12415	NA	5uM	VCAP	24h	LINCSCP_62025
LINCSCP_251214	0.8217644009	0.02334318717	7	MG-132	LSM-1107	PSMB1	0.01uM	MCF7	6h	LINCSCP_251214
LINCSCP_80610	-0.8217267009	0.02335503071	7	SPIRONOLACTONE	LSM-4018	NR3C2	10uM	A375	24h	LINCSCP_80610
LINCSCP_29483	0.8217232268	0.02335612228	7	Lapatinib	LSM-1051	EGFR|ERBB2	10uM	MCF10A	24h	LINCSCP_29483
LINCSCP_25141	0.821710255	0.02336019831	7	atorvastatin	NA	DPP4|HMGCR	10uM	HT115	6h	LINCSCP_25141
LINCSCP_138597	0.8216802406	0.02336963101	7	179324-69-7	LSM-6281	ADRM1|PSMA1|PSMA2|PSMA3|PSMA4|PSMA5|PSMA6|PSMA7|PSMA8|PSMB1|PSMB10|PSMB11|PSMB2|PSMB3|PSMB4|PSMB5|PSMB6|PSMB7|PSMB8|PSMB9|PSMC1|PSMC2|PSMC3|PSMC4|PSMC5|PSMC6|PSMD1|PSMD11|PSMD12|PSMD13|PSMD14|PSMD2|PSMD3|PSMD4|PSMD6|PSMD7|PSMD8|SEM1	20uM	MCF7	24h	LINCSCP_138597
LINCSCP_151675	-0.82166637	0.0233739909	7	BMS-777607	LSM-1144	AXL|MERTK|MET|MST1R|TYRO3	1.11uM	PC3	24h	LINCSCP_151675
LINCSCP_124614	0.8216409809	0.02338197252	7	MG-132	LSM-1107	PSMB1	20uM	HT29	24h	LINCSCP_124614
LINCSCP_175122	0.8216356771	0.02338364008	7	Metoclopramide	LSM-3689	DRD2|HTR3A|HTR4	1.11uM	YAPC	24h	LINCSCP_175122
LINCSCP_63627	0.8215955741	0.02339625098	7	BRD-K74553461	LSM-12995	NA	5uM	VCAP	6h	LINCSCP_63627
LINCSCP_138889	-0.8215460886	0.0234118176	7	Paroxetine	LSM-2843	SLC6A4	3.33uM	MCF7	24h	LINCSCP_138889
LINCSCP_67047	0.821544423	0.02341234165	7	Vorinostat	LSM-3828	HDAC1|HDAC2|HDAC3|HDAC6|HDAC8	10uM	HT29	24h	LINCSCP_67047
LINCSCP_36788	-0.8215198768	0.02342006542	7	SCHEMBL16065773	LSM-43287	NA	0.5uM	MCF7	24h	LINCSCP_36788
LINCSCP_30470	0.8214994321	0.02342649969	7	BIBR-1532	LSM-43274	TERT	80uM	MCF7	24h	LINCSCP_30470
LINCSCP_1074	0.8214553249	0.02344038429	7	MLS-0351065.0001	LSM-1627	NA	10uM	A375	24h	LINCSCP_1074
LINCSCP_16605	0.82143837	0.02344572279	7	SB590885	LSM-42746	BRAF	10uM	HA1E	6h	LINCSCP_16605
LINCSCP_67997	-0.8213789856	0.02346442631	7	Wortmannin	LSM-3947	PIK3CA|PIK3CG|PLK1	0.1uM	PC3	6h	LINCSCP_67997
LINCSCP_251222	-0.8213774386	0.02346491365	7	Trichostatin	LSM-43005	HDAC1|HDAC10|HDAC3|HDAC4|HDAC6|HDAC7|HDAC8	0.001uM	MCF7	6h	LINCSCP_251222
LINCSCP_234162	0.8213577145	0.02347112782	7	COT-10B	LSM-6226	NA	40uM	JHUEM2	6h	LINCSCP_234162
LINCSCP_97493	0.8213303902	0.02347973799	7	VT-464	LSM-45264	NA	10uM	HA1E	24h	LINCSCP_97493
LINCSCP_278239	-0.8212756283	0.02349699943	7	Wortmannin	LSM-3947	PIK3CA|PIK3CG|PLK1	1uM	PC3	24h	LINCSCP_278239
LINCSCP_42970	-0.8212611702	0.02350155793	7	BRD-K24106654	LSM-9885	NA	10uM	NPC	24h	LINCSCP_42970
LINCSCP_131880	0.8212348645	0.02350985317	7	NU-7441	LSM-1061	PRKDC	10uM	MCF7	24h	LINCSCP_131880
LINCSCP_106010	0.8212134331	0.02351661257	7	MK-8033	LSM-45677	MET|MST1R	0.04uM	HELA	24h	LINCSCP_106010
LINCSCP_155258	-0.8212021837	0.02352016102	7	NG,NG-Dimethyl-L-arginine, Dihydrochloride	LSM-45294	NA	0.04uM	PC3	24h	LINCSCP_155258
LINCSCP_29321	0.8211800664	0.02352713849	7	Gallocatechin Gallate	LSM-6228	BACE1|FASN	90uM	LOVO	6h	LINCSCP_29321
LINCSCP_71344	-0.8211783107	0.02352769241	7	AMIKACIN HYDRATE	LSM-45899	NA	3.33uM	A375	24h	LINCSCP_71344
LINCSCP_56011	0.8211710915	0.02352997017	7	Iodophenpropit	LSM-3151	HRH3|HRH4	10uM	VCAP	24h	LINCSCP_56011
LINCSCP_52372	0.8211596063	0.02353359418	7	CAY10577	LSM-5469	NA	10uM	SKB	24h	LINCSCP_52372
LINCSCP_161353	-0.8211554706	0.02353489925	7	Honokiol	LSM-6013	NA	0.04uM	PC3	24h	LINCSCP_161353
LINCSCP_54627	0.8211514801	0.02353615851	7	10-DEBC	LSM-4710	PIM1	20uM	SW948	6h	LINCSCP_54627
LINCSCP_117801	0.8211151954	0.02354761045	7	CC-401	LSM-1186	NA	10uM	HT29	24h	LINCSCP_117801
LINCSCP_67566	0.8210927118	0.02355470815	7	Mebendazole	LSM-3749	NA	20uM	MCF7	6h	LINCSCP_67566
LINCSCP_173879	-0.8210810409	0.02355839294	7	Decitabine	LSM-5855	DNMT1|DNMT3A	10uM	YAPC	24h	LINCSCP_173879
LINCSCP_49085	0.8210466904	0.02356924012	7	CHEMBL2138407	LSM-37782	NA	10uM	PC3	6h	LINCSCP_49085
LINCSCP_30836	-0.8210319394	0.02357389902	7	PI-103	LSM-1126	MTOR|PIK3CA|PIK3CB|PIK3CD|PIK3CG	10uM	MCF7	6h	LINCSCP_30836
LINCSCP_55572	0.8209930913	0.02358617122	7	Ipratropium	LSM-1281	CHRM1|CHRM2|CHRM3|CHRM4	10uM	VCAP	24h	LINCSCP_55572
LINCSCP_28618	0.8209675445	0.02359424348	7	Broad-Sai-045	LSM-45330	NA	10uM	HT29	24h	LINCSCP_28618
LINCSCP_30665	0.8209627128	0.02359577035	7	Tosedostat	LSM-6286	ANPEP|C9orf3|DNPEP|ENPEP|ERAP1|ERAP2|LAP3|LNPEP|LVRN|METAP1|METAP1D|METAP2|NPEPL1|NPEPPS|RNPEP|RNPEPL1|XPNPEP1|XPNPEP2|XPNPEP3	80uM	MCF7	24h	LINCSCP_30665
LINCSCP_37986	0.8209439212	0.02360170933	7	CHEMBL2133926	LSM-6788	NA	0.5uM	MCF7	6h	LINCSCP_37986
LINCSCP_156522	0.8209321008	0.02360544552	7	MG-132	LSM-1107	PSMB1	20uM	PC3	24h	LINCSCP_156522
LINCSCP_117300	0.8209134025	0.02361135635	7	ABT737	LSM-1180	BCL2|BCL2L1|BCL2L2	3.33uM	HT29	24h	LINCSCP_117300
LINCSCP_176173	0.8208727733	0.02362420276	7	PF-4136309	LSM-45276	NA	10uM	YAPC	24h	LINCSCP_176173
LINCSCP_124343	0.8208602943	0.02362814927	7	MG-132	LSM-1107	PSMB1	20uM	HT29	24h	LINCSCP_124343
LINCSCP_94592	0.8208470266	0.0236323456	7	Quinidine Gluconate	LSM-46038	SCN5A	10uM	HA1E	24h	LINCSCP_94592
LINCSCP_308513	0.8208342834	0.02363637641	7	BRD-K69332942	LSM-12656	NA	5uM	VCAP	6h	LINCSCP_308513
LINCSCP_154821	0.8208002941	0.02364712955	7	MG-132	LSM-1107	PSMB1	20uM	PC3	24h	LINCSCP_154821
LINCSCP_188742	-0.8207392176	0.02366645912	7	MLS003529999	LSM-3481	NA	10uM	A549	6h	LINCSCP_188742
LINCSCP_44369	-0.8207118279	0.02367513033	7	SCHEMBL5945809	LSM-2339	HTR2A	10uM	PC3	24h	LINCSCP_44369
LINCSCP_31521	0.8207028661	0.02367796793	7	CHEMBL1719251	LSM-3895	NA	10uM	MCF7	6h	LINCSCP_31521
LINCSCP_164447	0.8206754336	0.02368665509	7	WZ 4002	LSM-1085	EGFR|ERBB2	3.33uM	SKL.C	24h	LINCSCP_164447
LINCSCP_218485	0.8206672241	0.02368925518	7	KU0060648	LSM-4935	PIK3CA|PIK3CB|PIK3CD|PRKDC	10uM	HCT116	6h	LINCSCP_218485
LINCSCP_63452	0.8205987072	0.02371096189	7	BRD-K37010295	LSM-10667	NA	5uM	VCAP	6h	LINCSCP_63452
LINCSCP_58374	0.8204986362	0.02374268534	7	12K-516S	LSM-2954	NA	10uM	VCAP	24h	LINCSCP_58374
LINCSCP_120552	0.8204984934	0.02374273062	7	Tetradecylthioacetic acid	LSM-5584	NA	3.33uM	HT29	24h	LINCSCP_120552
LINCSCP_21191	-0.8204936036	0.02374428137	7	NSC119236	LSM-4575	NA	20uM	HCT116	6h	LINCSCP_21191
LINCSCP_211053	-0.8204906465	0.02374521918	7	CHEMBL306319	LSM-5037	ACHE	10uM	HA1E	6h	LINCSCP_211053
LINCSCP_19878	0.8204842128	0.02374725969	7	F1396-0210	LSM-2879	NA	10uM	HCC515	6h	LINCSCP_19878
LINCSCP_90755	-0.8204615277	0.02375445516	7	Balicatib	LSM-45647	NA	0.37uM	HA1E	24h	LINCSCP_90755
LINCSCP_207639	0.8204600119	0.02375493601	7	Pyridine-2,4-dicarboxylic acid	LSM-37062	NA	10uM	FIBRNPC	6h	LINCSCP_207639
LINCSCP_159905	-0.8204571631	0.02375583972	7	TAK-285	LSM-45987	EGFR|ERBB2	0.37uM	PC3	24h	LINCSCP_159905
LINCSCP_253576	-0.8204458987	0.02375941326	7	BRD-K74671783	LSM-13005	NA	3uM	MCF7	24h	LINCSCP_253576
LINCSCP_25590	0.8203919595	0.02377652921	7	L-690488	LSM-4703	IMPA1	10uM	HT29	24h	LINCSCP_25590
LINCSCP_82031	0.82035185	0.02378926124	7	PD-0325901	LSM-1101	MAP2K1|MAP2K2	0.04uM	A549	24h	LINCSCP_82031
LINCSCP_84291	-0.8203460113	0.02379111495	7	WZ 4002	LSM-1085	EGFR|ERBB2	0.04uM	ASC	24h	LINCSCP_84291
LINCSCP_18005	-0.8203327693	0.02379531941	7	GW9508	LSM-3604	FFAR1|FFAR4	10uM	HCC515	24h	LINCSCP_18005
LINCSCP_4595	0.8202882978	0.02380944261	7	ZM336372	LSM-6268	NA	100uM	A549	24h	LINCSCP_4595
LINCSCP_12395	-0.8202825015	0.02381128375	7	2-(4-chlorophenyl)-3-(2-methoxyphenyl)hexahydro-1H-pyrrolo[1,2-c]imidazol-1-one	LSM-45309	NA	3uM	CD34	6h	LINCSCP_12395
LINCSCP_145342	-0.8202674563	0.02381606306	7	BMS-345541	LSM-1028	IKBKB	1.11uM	MDAMB231	24h	LINCSCP_145342
LINCSCP_42555	0.8202606426	0.02381822768	7	GW3965	LSM-2738	NR1H2|NR1H3	10uM	NPC	24h	LINCSCP_42555
LINCSCP_66021	-0.8202126484	0.02383347809	7	BRD-K75725875	LSM-41393	NA	1uM	VCAP	24h	LINCSCP_66021
LINCSCP_111995	0.8202097344	0.02383440422	7	AZ628	LSM-1050	BRAF|RAF1	10uM	HEPG2	24h	LINCSCP_111995
LINCSCP_40241	0.8201963668	0.02383865288	7	MLN 2238	LSM-4944	PSMB1	10uM	NCIH508	6h	LINCSCP_40241
LINCSCP_164309	0.8201924647	0.02383989319	7	Tyrphostin AG-1478	LSM-1224	EGFR	3.33uM	SKL.C	24h	LINCSCP_164309
LINCSCP_126414	0.8201852172	0.02384219696	7	MG-132	LSM-1107	PSMB1	20uM	HT29	24h	LINCSCP_126414
LINCSCP_147005	-0.8201552229	0.02385173255	7	NU-7026	LSM-2191	PRKDC	10uM	NEU	24h	LINCSCP_147005
LINCSCP_77195	-0.8201512608	0.02385299231	7	Semaxanib	LSM-42995	FLT1|FLT4|KDR|KIT|PDGFRB	0.12uM	A375	24h	LINCSCP_77195
LINCSCP_303820	0.8201456237	0.02385478474	7	BRD-K58052247	LSM-11935	NA	5uM	VCAP	6h	LINCSCP_303820
LINCSCP_9539	-0.8201276695	0.02386049407	7	Wortmannin	LSM-3947	PIK3CA|PIK3CG|PLK1	1uM	A549	6h	LINCSCP_9539
LINCSCP_9172	0.820110168	0.02386606017	7	AC1NXRFO	LSM-43270	NA	10uM	A549	24h	LINCSCP_9172
LINCSCP_159489	0.8200843909	0.02387425956	7	MG-132	LSM-1107	PSMB1	20uM	PC3	24h	LINCSCP_159489
LINCSCP_137243	0.8200680855	0.02387944693	7	MG-132	LSM-1107	PSMB1	20uM	MCF7	24h	LINCSCP_137243
LINCSCP_59835	0.8200303847	0.02389144342	7	BRD-K10232869	LSM-37804	NA	5uM	VCAP	24h	LINCSCP_59835
LINCSCP_20986	-0.8200258024	0.02389290176	7	CHEMBL3182405	LSM-4793	NA	0.37uM	HCC515	24h	LINCSCP_20986
LINCSCP_122015	0.8199946383	0.02390282119	7	179324-69-7	LSM-6281	ADRM1|PSMA1|PSMA2|PSMA3|PSMA4|PSMA5|PSMA6|PSMA7|PSMA8|PSMB1|PSMB10|PSMB11|PSMB2|PSMB3|PSMB4|PSMB5|PSMB6|PSMB7|PSMB8|PSMB9|PSMC1|PSMC2|PSMC3|PSMC4|PSMC5|PSMC6|PSMD1|PSMD11|PSMD12|PSMD13|PSMD14|PSMD2|PSMD3|PSMD4|PSMD6|PSMD7|PSMD8|SEM1	20uM	HT29	24h	LINCSCP_122015
LINCSCP_51219	0.8199813446	0.02390705321	7	4-(3-Ethyl[1,2,4]triazolo[3,4-b][1,3,4]thiadiazol-6-yl)aniline	LSM-4945	NA	10uM	RMUGS	6h	LINCSCP_51219
LINCSCP_31803	0.8199716813	0.02391012979	7	Actarit	LSM-5475	NA	10uM	MCF7	6h	LINCSCP_31803
LINCSCP_126244	0.8199416439	0.02391969443	7	179324-69-7	LSM-6281	ADRM1|PSMA1|PSMA2|PSMA3|PSMA4|PSMA5|PSMA6|PSMA7|PSMA8|PSMB1|PSMB10|PSMB11|PSMB2|PSMB3|PSMB4|PSMB5|PSMB6|PSMB7|PSMB8|PSMB9|PSMC1|PSMC2|PSMC3|PSMC4|PSMC5|PSMC6|PSMD1|PSMD11|PSMD12|PSMD13|PSMD14|PSMD2|PSMD3|PSMD4|PSMD6|PSMD7|PSMD8|SEM1	20uM	HT29	24h	LINCSCP_126244
LINCSCP_116792	-0.8199405878	0.02392003075	7	EX-8678	LSM-1147	NA	0.04uM	HT29	24h	LINCSCP_116792
LINCSCP_106512	-0.8199381367	0.02392081135	7	Romidepsin	LSM-45396	NA	0.04uM	HELA	24h	LINCSCP_106512
LINCSCP_49676	0.8198565991	0.02394678644	7	Avrainvillamide-analog-1	LSM-37146	NA	1.11uM	PC3	24h	LINCSCP_49676
LINCSCP_84732	-0.8198499959	0.02394889068	7	Rabusertib	LSM-36359	CHEK1	0.12uM	ASC	24h	LINCSCP_84732
LINCSCP_62296	0.8198423221	0.02395133624	7	BRD-K53183074	LSM-11671	NA	5uM	VCAP	24h	LINCSCP_62296
LINCSCP_221068	0.819807467	0.02396244592	7	AM-92016	LSM-1319	NA	10uM	HEPG2	6h	LINCSCP_221068
LINCSCP_121936	0.8198073082	0.02396249654	7	179324-69-7	LSM-6281	ADRM1|PSMA1|PSMA2|PSMA3|PSMA4|PSMA5|PSMA6|PSMA7|PSMA8|PSMB1|PSMB10|PSMB11|PSMB2|PSMB3|PSMB4|PSMB5|PSMB6|PSMB7|PSMB8|PSMB9|PSMC1|PSMC2|PSMC3|PSMC4|PSMC5|PSMC6|PSMD1|PSMD11|PSMD12|PSMD13|PSMD14|PSMD2|PSMD3|PSMD4|PSMD6|PSMD7|PSMD8|SEM1	20uM	HT29	24h	LINCSCP_121936
LINCSCP_75432	-0.8197578261	0.02397827342	7	CGP-12177	LSM-1474	NA	0.12uM	A375	24h	LINCSCP_75432
LINCSCP_4825	0.8197499018	0.02398080058	7	MLN 2238	LSM-4944	PSMB1	10uM	A549	6h	LINCSCP_4825
LINCSCP_152079	-0.8197191516	0.02399060851	7	Resveratrol	LSM-42917	PTGS1|PTGS2|SIRT1	10uM	PC3	24h	LINCSCP_152079
LINCSCP_3843	-0.8197168687	0.02399133673	7	Avrainvillamide Analog 3	LSM-45356	NA	3.33uM	A375	24h	LINCSCP_3843
LINCSCP_106911	-0.8197030345	0.02399575003	7	Ibutamoren (Mesylate)	LSM-45605	NA	10uM	HELA	24h	LINCSCP_106911
LINCSCP_72331	-0.8196935396	0.0239987793	7	Saracatinib	LSM-1032	ABL1|SRC	0.12uM	A375	24h	LINCSCP_72331
LINCSCP_259668	-0.8196817249	0.024002549	7	L 744832	LSM-36916	NA	10uM	NEU	6h	LINCSCP_259668
LINCSCP_126328	0.8196658608	0.02400761125	7	179324-69-7	LSM-6281	ADRM1|PSMA1|PSMA2|PSMA3|PSMA4|PSMA5|PSMA6|PSMA7|PSMA8|PSMB1|PSMB10|PSMB11|PSMB2|PSMB3|PSMB4|PSMB5|PSMB6|PSMB7|PSMB8|PSMB9|PSMC1|PSMC2|PSMC3|PSMC4|PSMC5|PSMC6|PSMD1|PSMD11|PSMD12|PSMD13|PSMD14|PSMD2|PSMD3|PSMD4|PSMD6|PSMD7|PSMD8|SEM1	20uM	HT29	24h	LINCSCP_126328
LINCSCP_59169	-0.819663864	0.02400824847	7	4LY1	LSM-6529	HDAC1|HDAC2	10uM	VCAP	24h	LINCSCP_59169
LINCSCP_11483	0.8196581683	0.02401006615	7	Chlorpromazine	LSM-4017	ADRA2A|ADRA2B|ADRA2C|DRD1|DRD2|DRD3|DRD4|DRD5|HRH1|HTR1A|HTR2A|HTR2C|HTR6|HTR7	10uM	ASC	24h	LINCSCP_11483
LINCSCP_294250	-0.8196549126	0.02401110517	7	MLS003179196	LSM-1356	NA	10uM	VCAP	24h	LINCSCP_294250
LINCSCP_81458	-0.8196192899	0.02402247551	7	936890-98-1	LSM-42786	MTOR	0.12uM	A549	24h	LINCSCP_81458
LINCSCP_140669	0.8196137133	0.02402425577	7	179324-69-7	LSM-6281	ADRM1|PSMA1|PSMA2|PSMA3|PSMA4|PSMA5|PSMA6|PSMA7|PSMA8|PSMB1|PSMB10|PSMB11|PSMB2|PSMB3|PSMB4|PSMB5|PSMB6|PSMB7|PSMB8|PSMB9|PSMC1|PSMC2|PSMC3|PSMC4|PSMC5|PSMC6|PSMD1|PSMD11|PSMD12|PSMD13|PSMD14|PSMD2|PSMD3|PSMD4|PSMD6|PSMD7|PSMD8|SEM1	20uM	MCF7	24h	LINCSCP_140669
LINCSCP_29262	0.8195794403	0.02403519864	7	Cucurbitacin-I	LSM-43115	JAK2|STAT3	10uM	LOVO	6h	LINCSCP_29262
LINCSCP_138982	0.8195621675	0.02404071463	7	BMS-777607	LSM-1144	AXL|MERTK|MET|MST1R|TYRO3	0.12uM	MCF7	24h	LINCSCP_138982
LINCSCP_62648	0.8194989096	0.02406092193	7	BRD-K36994929	LSM-10666	NA	5uM	VCAP	24h	LINCSCP_62648
LINCSCP_180822	0.8194909327	0.02406347078	7	Amoxicillin	LSM-5654	CYP2C19|SLC15A1|SLC15A2|SLC22A6	10uM	A375	6h	LINCSCP_180822
LINCSCP_15347	-0.8194632236	0.02407232581	7	AZD-1775	LSM-1153	WEE1	10uM	HA1E	24h	LINCSCP_15347
LINCSCP_154320	-0.8194103503	0.02408922767	7	Flecainide	LSM-1297	SCN5A	10uM	PC3	24h	LINCSCP_154320
LINCSCP_311091	0.819396867	0.02409353893	7	BRD-K71059148	LSM-41140	NA	10uM	VCAP	6h	LINCSCP_311091
LINCSCP_36655	0.8193858464	0.02409706302	7	TAE-684	LSM-1024	ALK	1uM	MCF7	6h	LINCSCP_36655
LINCSCP_142920	0.8193761877	0.02410015191	7	Ulipristal	LSM-45584	NA	3.33uM	MCF7	24h	LINCSCP_142920
LINCSCP_31552	0.8193487704	0.0241089212	7	SMR000206939	LSM-1733	NA	10uM	MCF7	24h	LINCSCP_31552
LINCSCP_6115	0.8193397488	0.02411180711	7	BRD-K88710727	LSM-45116	NA	10uM	A549	6h	LINCSCP_6115
LINCSCP_282395	0.8193237285	0.02411693228	7	Mnitmt	LSM-3401	NA	10uM	PHH	24h	LINCSCP_282395
LINCSCP_23057	-0.8193172804	0.02411899533	7	6-(4-Hydroxy-6-methoxy-7-methyl-3-oxo-1H-2-benzofuran-5-yl)-4-methylhex-4-enoic acid	LSM-2681	IMPDH1|IMPDH2	10uM	HEPG2	6h	LINCSCP_23057
LINCSCP_117255	0.8193114935	0.0241208469	7	GSK-1070916	LSM-1062	AURKB|AURKC	0.12uM	HT29	24h	LINCSCP_117255
LINCSCP_132842	0.8193025997	0.02412369273	7	Gefitinib	LSM-1098	EGFR	0.37uM	MCF7	24h	LINCSCP_132842
LINCSCP_92723	-0.8192899755	0.02412773249	7	AT-7519	LSM-1004	CDK1|CDK10|CDK11B|CDK12|CDK13|CDK14|CDK15|CDK16|CDK17|CDK18|CDK19|CDK2|CDK20|CDK3|CDK4|CDK5|CDK6|CDK7|CDK8|CDK9	1.11uM	HA1E	24h	LINCSCP_92723
LINCSCP_152923	-0.8192464839	0.02414165288	7	ZD 7114 hydrochloride	LSM-45452	NA	10uM	PC3	24h	LINCSCP_152923
LINCSCP_27581	0.8192388909	0.02414408365	7	BRD-K72443777	LSM-12873	NA	5uM	HT29	24h	LINCSCP_27581
LINCSCP_4345	0.8192175045	0.02415093084	7	MK-212	LSM-2443	HTR2C	10uM	A549	6h	LINCSCP_4345
LINCSCP_98307	-0.8191933214	0.02415867478	7	Alvocidib	LSM-1011	CDK1|CDK2|CDK4|CDK5|CDK6|CDK7|CDK8|CDK9|EGFR|PYGM	3.33uM	HA1E	24h	LINCSCP_98307
LINCSCP_60976	-0.8191829974	0.02416198117	7	BRD-K54029516	LSM-11717	NA	5uM	VCAP	6h	LINCSCP_60976
LINCSCP_35667	-0.819149394	0.02417274485	7	Chaetocin	LSM-6198	SUV39H1	0.5uM	MCF7	24h	LINCSCP_35667
LINCSCP_120450	-0.819064284	0.02420001889	7	Temoporfin	LSM-45995	NA	3.33uM	HT29	24h	LINCSCP_120450
LINCSCP_164254	0.8190179148	0.02421488551	7	Cabozantinib	LSM-1195	KDR|MET	10uM	SKL.C	24h	LINCSCP_164254
LINCSCP_32622	-0.8190085005	0.02421790452	7	AS601245	LSM-1034	MAPK10|MAPK8|MAPK9	10uM	MCF7	6h	LINCSCP_32622
LINCSCP_131799	0.819002497	0.02421982983	7	AS-605240	LSM-42784	PIK3CG	0.37uM	MCF10A	3h	LINCSCP_131799
LINCSCP_38730	0.8189973585	0.02422147781	7	Apatinib Hydrochloride	LSM-4810	HDAC1|HDAC10|HDAC11|HDAC2|HDAC3|HDAC4|HDAC5|HDAC6|HDAC7|HDAC8|HDAC9	0.12uM	MCF7	24h	LINCSCP_38730
LINCSCP_110868	-0.8189659879	0.02423154012	7	Gibberellin A3	LSM-4083	NA	0.02uM	HELA	24h	LINCSCP_110868
LINCSCP_128234	0.8189591852	0.02423372245	7	WZ 4002	LSM-1085	EGFR|ERBB2	10uM	HUES3	24h	LINCSCP_128234
LINCSCP_89481	-0.8188626647	0.02426469833	7	Lomeguatrib	LSM-45635	NA	0.04uM	HA1E	24h	LINCSCP_89481
LINCSCP_9436	0.8188308257	0.0242749212	7	Gemcitabine	LSM-5333	POLA1|POLD1|POLE|RRM1|RRM2|RRM2B	0.01uM	A549	24h	LINCSCP_9436
LINCSCP_25242	0.818822037	0.02427774348	7	Mepireserpate	LSM-1758	SLC18A1|SLC18A2	10uM	HT29	24h	LINCSCP_25242
LINCSCP_56863	0.8188075677	0.02428239039	7	PNU-74654	LSM-44945	CTNNB1|TCF4	80uM	VCAP	24h	LINCSCP_56863
LINCSCP_74156	-0.8187950054	0.02428642525	7	CO-1686 (AVL-301)	LSM-45736	EGFR	1.11uM	A375	24h	LINCSCP_74156
LINCSCP_146271	0.8187867944	0.02428906272	7	Quizartinib	LSM-1037	CSF1R|FLT3|KIT|PDGFRA|PDGFRB|RET	10uM	MNEU.E	24h	LINCSCP_146271
LINCSCP_46580	0.8187644257	0.02429624866	7	Sorafenib	LSM-1008	BRAF|DDR2|FGFR1|FLT1|FLT3|FLT4|KDR|KIT|PDGFRB|RAF1|RET	10uM	PC3	6h	LINCSCP_46580
LINCSCP_112788	-0.818736288	0.02430528959	7	BX-795	LSM-1189	PDK1|PDPK1	10uM	HEPG2	24h	LINCSCP_112788
LINCSCP_138596	0.8186417693	0.02433567327	7	179324-69-7	LSM-6281	ADRM1|PSMA1|PSMA2|PSMA3|PSMA4|PSMA5|PSMA6|PSMA7|PSMA8|PSMB1|PSMB10|PSMB11|PSMB2|PSMB3|PSMB4|PSMB5|PSMB6|PSMB7|PSMB8|PSMB9|PSMC1|PSMC2|PSMC3|PSMC4|PSMC5|PSMC6|PSMD1|PSMD11|PSMD12|PSMD13|PSMD14|PSMD2|PSMD3|PSMD4|PSMD6|PSMD7|PSMD8|SEM1	20uM	MCF7	24h	LINCSCP_138596
LINCSCP_134271	0.8186403954	0.02433611507	7	PD-0325901	LSM-1101	MAP2K1|MAP2K2	10uM	MCF7	24h	LINCSCP_134271
LINCSCP_36881	-0.8186386446	0.0243366781	7	Linsitinib	LSM-1135	IGF1R|INSR	1uM	MCF7	6h	LINCSCP_36881
LINCSCP_87374	0.8186338286	0.02433822683	7	NVP-BHG712	LSM-1201	NA	0.37uM	CD34	24h	LINCSCP_87374
LINCSCP_49497	0.8186150088	0.02434427948	7	Avrainvillamide Analog 3	LSM-45356	NA	10uM	PC3	24h	LINCSCP_49497
LINCSCP_232812	-0.8185899762	0.02435233157	7	Wortmannin	LSM-3947	PIK3CA|PIK3CG|PLK1	3uM	HT29	24h	LINCSCP_232812
LINCSCP_43511	-0.8185637572	0.0243607669	7	Merodantoin	LSM-37221	NA	10uM	NPC	24h	LINCSCP_43511
LINCSCP_112026	-0.818545899	0.02436651328	7	KW-2449	LSM-42803	ABL1|AURKA|AURKB|FLT3	3.33uM	HEPG2	24h	LINCSCP_112026
LINCSCP_254350	0.8185128054	0.0243771641	7	CHEMBL2361406	LSM-41857	NA	0.5uM	MCF7	24h	LINCSCP_254350
LINCSCP_74433	-0.8184995474	0.02438143179	7	Meisoindigo	LSM-45840	NA	0.04uM	A375	24h	LINCSCP_74433
LINCSCP_32731	0.8184842191	0.02438636641	7	TORIN-2	LSM-1080	MTOR	10uM	MCF7	6h	LINCSCP_32731
LINCSCP_9295	-0.8184659792	0.02439223908	7	Ingenol 3,20-dibenzoate	LSM-4445	PRKCD|PRKCE	0.01uM	A549	6h	LINCSCP_9295
LINCSCP_5397	-0.818461367	0.0243937242	7	Triazolothiadiazine, 35	LSM-2880	NA	10uM	A549	24h	LINCSCP_5397
LINCSCP_66324	0.8184203577	0.02440693128	7	Parthenolide	LSM-43090	NA	10uM	WSUDLCL2	6h	LINCSCP_66324
LINCSCP_82387	0.8184168917	0.0244080477	7	PD-0325901	LSM-1101	MAP2K1|MAP2K2	0.37uM	A549	24h	LINCSCP_82387
LINCSCP_119788	-0.8184044502	0.02441205538	7	Piracetam	LSM-5364	NA	1.11uM	HT29	24h	LINCSCP_119788
LINCSCP_12471	0.8183585343	0.02442684918	7	BRD-K63513868	LSM-45333	NA	10uM	CD34	6h	LINCSCP_12471
LINCSCP_261403	0.8183392353	0.0244330687	7	BRD-K21165668	LSM-38416	NA	10uM	NPC	24h	LINCSCP_261403
LINCSCP_92015	0.8183351637	0.02443438097	7	Amodiaquine	LSM-4042	HNMT	3.33uM	HA1E	24h	LINCSCP_92015
LINCSCP_81184	-0.8183051691	0.02444404945	7	AZD-6482	LSM-1059	PIK3CA|PIK3CB|PIK3CD|PIK3CG|PIK3R1|PIK3R2|PIK3R3|PIK3R5	10uM	A549	24h	LINCSCP_81184
LINCSCP_84716	-0.8183029083	0.02444477829	7	GSK-J2	LSM-44940	NA	10uM	ASC	24h	LINCSCP_84716
LINCSCP_40977	-0.8182879815	0.02444959068	7	BRL54443	LSM-2389	HTR1E|HTR1F	10uM	NEU	24h	LINCSCP_40977
LINCSCP_232159	0.8182568756	0.02445962092	7	BRD-K86149906	LSM-41972	NA	5uM	HT29	24h	LINCSCP_232159
LINCSCP_69685	-0.8182355458	0.02446650015	7	TPCA-1	LSM-1136	IKBKB	0.37uM	A375	24h	LINCSCP_69685
LINCSCP_126505	0.8182345796	0.02446681177	7	MG-132	LSM-1107	PSMB1	20uM	HT29	24h	LINCSCP_126505
LINCSCP_115401	0.81818729	0.02448206751	7	WH-4-025	LSM-44937	NA	0.37uM	HS578T	3h	LINCSCP_115401
LINCSCP_112456	-0.8181450072	0.02449571255	7	Epigalocatechin Gallate	LSM-5661	FASN	3.33uM	HEPG2	24h	LINCSCP_112456
LINCSCP_29345	0.8181250912	0.02450214112	7	MLS003448149	LSM-3003	NA	10uM	LOVO	6h	LINCSCP_29345
LINCSCP_145663	0.8180962937	0.02451143814	7	SCHEMBL6874948	LSM-5674	LCK	10uM	MDAMB231	3h	LINCSCP_145663
LINCSCP_16319	0.8180827986	0.02451579561	7	CHEMBL2142684	LSM-40126	NA	10uM	HA1E	6h	LINCSCP_16319
LINCSCP_151927	-0.8180752755	0.02451822496	7	Ricolinostat	LSM-6324	NA	0.12uM	PC3	24h	LINCSCP_151927
LINCSCP_83563	-0.8180473295	0.02452725042	7	CX-5461	LSM-6342	NA	3.33uM	ASC.C	24h	LINCSCP_83563
LINCSCP_164323	0.818037641	0.02453037985	7	Dacomitinib	LSM-42808	EGFR|ERBB2|ERBB3|ERBB4	0.37uM	SKL.C	24h	LINCSCP_164323
LINCSCP_138681	0.8180327365	0.02453196412	7	MG-132	LSM-1107	PSMB1	20uM	MCF7	24h	LINCSCP_138681
LINCSCP_157174	-0.8180281703	0.02453343916	7	CGP-12177	LSM-1474	NA	0.04uM	PC3	24h	LINCSCP_157174
LINCSCP_22483	-0.817974019	0.0245509357	7	K858	LSM-5122	KIF11	10uM	HEPG2	6h	LINCSCP_22483
LINCSCP_309780	0.8179540308	0.02455739576	7	AC1O9HQ4	LSM-36688	NA	30uM	VCAP	24h	LINCSCP_309780
LINCSCP_125972	0.81793724	0.02456282317	7	179324-69-7	LSM-6281	ADRM1|PSMA1|PSMA2|PSMA3|PSMA4|PSMA5|PSMA6|PSMA7|PSMA8|PSMB1|PSMB10|PSMB11|PSMB2|PSMB3|PSMB4|PSMB5|PSMB6|PSMB7|PSMB8|PSMB9|PSMC1|PSMC2|PSMC3|PSMC4|PSMC5|PSMC6|PSMD1|PSMD11|PSMD12|PSMD13|PSMD14|PSMD2|PSMD3|PSMD4|PSMD6|PSMD7|PSMD8|SEM1	20uM	HT29	24h	LINCSCP_125972
LINCSCP_157336	0.8179213258	0.02456796785	7	MG-132	LSM-1107	PSMB1	20uM	PC3	24h	LINCSCP_157336
LINCSCP_25354	0.8179154481	0.02456986813	7	QX-222	LSM-2905	NA	10uM	HT29	6h	LINCSCP_25354
LINCSCP_284788	-0.8178777262	0.0245820657	7	4-[(6-Amino-4-pyrimidinyl)amino]benzenesulfonamide	LSM-3612	NA	10uM	SKB	24h	LINCSCP_284788
LINCSCP_151976	0.8178640076	0.02458650253	7	JW 55	LSM-6318	NA	0.04uM	PC3	24h	LINCSCP_151976
LINCSCP_26442	0.8178191518	0.02460101279	7	SCHEMBL15422032	LSM-43336	NA	10uM	HT29	6h	LINCSCP_26442
LINCSCP_259445	0.8178186535	0.02460117402	7	BRD-A68802837	LSM-36919	NA	10uM	NEU	24h	LINCSCP_259445
LINCSCP_164550	-0.8178067958	0.02460501065	7	SCHEMBL618594	LSM-1070	NA	3.33uM	SKL.C	24h	LINCSCP_164550
LINCSCP_118780	0.8177928876	0.02460951115	7	179324-69-7	LSM-6281	ADRM1|PSMA1|PSMA2|PSMA3|PSMA4|PSMA5|PSMA6|PSMA7|PSMA8|PSMB1|PSMB10|PSMB11|PSMB2|PSMB3|PSMB4|PSMB5|PSMB6|PSMB7|PSMB8|PSMB9|PSMC1|PSMC2|PSMC3|PSMC4|PSMC5|PSMC6|PSMD1|PSMD11|PSMD12|PSMD13|PSMD14|PSMD2|PSMD3|PSMD4|PSMD6|PSMD7|PSMD8|SEM1	20uM	HT29	24h	LINCSCP_118780
LINCSCP_64092	0.8177844765	0.02461223313	7	BRD-K46120075	LSM-11239	NA	5uM	VCAP	6h	LINCSCP_64092
LINCSCP_101605	0.8177679338	0.02461758706	7	Zaprinast	LSM-2259	PDE5A	1.11uM	HELA	24h	LINCSCP_101605
LINCSCP_87542	-0.8177285852	0.02463032462	7	TIE2 Kinase Inhibitor	LSM-1194	NA	0.37uM	CD34	24h	LINCSCP_87542
LINCSCP_22101	0.8177246779	0.02463158964	7	KUC104122	LSM-3825	NA	10uM	HEPG2	6h	LINCSCP_22101
LINCSCP_48731	0.8176999925	0.0246395827	7	BRD-K12360898	LSM-15110	NA	10uM	PC3	24h	LINCSCP_48731
LINCSCP_152434	-0.8176776965	0.02464680333	7	331771-20-1	LSM-1096	AURKA|AURKB	0.37uM	PC3	24h	LINCSCP_152434
LINCSCP_155306	-0.8176074129	0.02466957268	7	Trimethobenzamide	LSM-2750	DRD2	0.04uM	PC3	24h	LINCSCP_155306
LINCSCP_109011	0.8175875408	0.02467601268	7	Tolvaptan	LSM-45837	AVPR2	10uM	HELA	24h	LINCSCP_109011
LINCSCP_64430	0.8175694673	0.02468187061	7	BRD-K68253248	LSM-40985	NA	5uM	VCAP	6h	LINCSCP_64430
LINCSCP_82653	-0.8175668491	0.02468271928	7	GSK 1059615	LSM-42799	PIK3CA|PIK3CB|PIK3CD|PIK3CG	0.37uM	A549	24h	LINCSCP_82653
LINCSCP_131404	0.8175659453	0.02468301225	7	Selumetinib	LSM-1056	MAP2K1|MAP2K2	1.11uM	MCF10A	24h	LINCSCP_131404
LINCSCP_264951	-0.8175600313	0.02468492931	7	Herniarin	LSM-3820	NA	10uM	PC3	6h	LINCSCP_264951
LINCSCP_70396	-0.8175524023	0.0246874024	7	GSK429286A	LSM-1012	ROCK1	0.04uM	A375	24h	LINCSCP_70396
LINCSCP_56584	0.817504103	0.0247030629	7	Fluvastatin	LSM-43003	HMGCR	10uM	VCAP	6h	LINCSCP_56584
LINCSCP_30536	0.8175011196	0.02470403041	7	DG-041	LSM-43279	PTGER3	40uM	MCF7	24h	LINCSCP_30536
LINCSCP_30984	0.8174660789	0.02471539567	7	MLS000094939	LSM-3353	NA	10uM	MCF7	24h	LINCSCP_30984
LINCSCP_211225	0.8174532315	0.0247195634	7	Rifapentine	LSM-43188	CYP2C8|CYP2C9|CYP3A4	10uM	HA1E	6h	LINCSCP_211225
LINCSCP_174933	-0.8174472065	0.02472151806	7	Pindolol	LSM-1953	ADRB1|ADRB2|HTR1A	0.12uM	YAPC	24h	LINCSCP_174933
LINCSCP_27546	0.8173992996	0.02473706339	7	BRD-K53359544	LSM-11683	NA	5uM	HT29	24h	LINCSCP_27546
LINCSCP_69659	-0.817398524	0.02473731511	7	CHIR-99021	LSM-1181	NA	0.37uM	A375	24h	LINCSCP_69659
LINCSCP_24724	-0.8173769782	0.02474430832	7	SCHEMBL16065773	LSM-43287	NA	0.1uM	HS578T	24h	LINCSCP_24724
LINCSCP_137598	0.8173702892	0.02474647963	7	MG-132	LSM-1107	PSMB1	20uM	MCF7	24h	LINCSCP_137598
LINCSCP_43810	0.8173662934	0.02474777676	7	N-[4-(1-Benzoylpiperidin-4-yl)butyl]-3-pyridin-3-ylpropanamide	LSM-6279	NA	0.5uM	OV7	6h	LINCSCP_43810
LINCSCP_25385	0.8173634815	0.0247486896	7	SMR000075319	LSM-6371	KPNB1	60uM	HT29	24h	LINCSCP_25385
LINCSCP_110848	-0.8173309142	0.02475926328	7	GSK-461364	LSM-1013	PLK1	0.37uM	HELA	24h	LINCSCP_110848
LINCSCP_1459	0.8173115861	0.02476553977	7	MLS003370610	LSM-1383	NA	10uM	A375	6h	LINCSCP_1459
LINCSCP_57249	0.8172901203	0.02477251153	7	CHEMBL1406616	LSM-1551	NA	10uM	VCAP	24h	LINCSCP_57249
LINCSCP_1828	0.8172729929	0.02477807501	7	Triazine Scaffold, 51	LSM-3296	NA	10uM	A375	6h	LINCSCP_1828
LINCSCP_84367	-0.8172513402	0.02478510946	7	AT 7867	LSM-1155	NA	0.37uM	ASC	24h	LINCSCP_84367
LINCSCP_108589	0.8172158031	0.02479665707	7	IDOXURIDINE	LSM-45784	NA	1.11uM	HELA	24h	LINCSCP_108589
LINCSCP_145657	0.8172109264	0.02479824196	7	GW843682X	LSM-1014	PLK1|PLK3	10uM	MDAMB231	3h	LINCSCP_145657
LINCSCP_14832	-0.8171960872	0.02480306495	7	Venlafaxine	LSM-1616	SLC6A2|SLC6A4	10uM	HA1E	6h	LINCSCP_14832
LINCSCP_138954	0.8171805605	0.02480811195	7	179324-69-7	LSM-6281	ADRM1|PSMA1|PSMA2|PSMA3|PSMA4|PSMA5|PSMA6|PSMA7|PSMA8|PSMB1|PSMB10|PSMB11|PSMB2|PSMB3|PSMB4|PSMB5|PSMB6|PSMB7|PSMB8|PSMB9|PSMC1|PSMC2|PSMC3|PSMC4|PSMC5|PSMC6|PSMD1|PSMD11|PSMD12|PSMD13|PSMD14|PSMD2|PSMD3|PSMD4|PSMD6|PSMD7|PSMD8|SEM1	20uM	MCF7	24h	LINCSCP_138954
LINCSCP_101468	-0.8171640289	0.02481348623	7	AMIKACIN HYDRATE	LSM-45899	NA	0.37uM	HELA	24h	LINCSCP_101468
LINCSCP_58863	0.8171433249	0.02482021785	7	2-(2,4-Dichlorophenoxy)-n-(4-methyl-2-nitrophenyl)acetamide	LSM-4588	NA	10uM	VCAP	24h	LINCSCP_58863
LINCSCP_56996	0.8170773099	0.02484168861	7	Nicardipine	LSM-1418	CACNA1C|CACNA1D|CACNA1F|CACNA1S	10uM	VCAP	6h	LINCSCP_56996
LINCSCP_277443	0.8170548393	0.02484899934	7	BRD-K92129795	LSM-42284	NA	5uM	PC3	24h	LINCSCP_277443
LINCSCP_131358	0.817030045	0.0248570675	7	Radicicol	LSM-43303	NA	0.12uM	MCF10A	24h	LINCSCP_131358
LINCSCP_53884	-0.8170197029	0.02486043328	7	BMS-299897	LSM-6207	NA	10uM	SNUC5	6h	LINCSCP_53884
LINCSCP_121660	0.8170132776	0.0248625245	7	179324-69-7	LSM-6281	ADRM1|PSMA1|PSMA2|PSMA3|PSMA4|PSMA5|PSMA6|PSMA7|PSMA8|PSMB1|PSMB10|PSMB11|PSMB2|PSMB3|PSMB4|PSMB5|PSMB6|PSMB7|PSMB8|PSMB9|PSMC1|PSMC2|PSMC3|PSMC4|PSMC5|PSMC6|PSMD1|PSMD11|PSMD12|PSMD13|PSMD14|PSMD2|PSMD3|PSMD4|PSMD6|PSMD7|PSMD8|SEM1	20uM	HT29	24h	LINCSCP_121660
LINCSCP_68097	-0.8170073372	0.02486445798	7	Wortmannin	LSM-3947	PIK3CA|PIK3CG|PLK1	1uM	PC3	24h	LINCSCP_68097
LINCSCP_64598	-0.8169919587	0.02486946377	7	Withaferin A	LSM-6685	IKBKB|NAMPT	20uM	VCAP	6h	LINCSCP_64598
LINCSCP_53546	0.8169916599	0.02486956104	7	Olaparib	LSM-1145	PARP1|PARP2|PARP3	40uM	SNGM	6h	LINCSCP_53546
LINCSCP_23551	0.816977427	0.02487419446	7	BDBM50442904	LSM-4418	NA	3uM	HEPG2	6h	LINCSCP_23551
LINCSCP_115400	0.8169598897	0.02487990424	7	WH-4-025	LSM-44937	NA	1.11uM	HS578T	3h	LINCSCP_115400
LINCSCP_24288	0.8169367527	0.02488743834	7	GSK-1070916	LSM-1062	AURKB|AURKC	0.5uM	HS578T	24h	LINCSCP_24288
LINCSCP_25999	0.8169210682	0.02489254641	7	SMR001318079	LSM-1972	NA	10uM	HT29	6h	LINCSCP_25999
LINCSCP_3274	-0.8169105488	0.02489597265	7	BRD-K58962381-001-01-4	LSM-11990	NA	5uM	A375	24h	LINCSCP_3274
LINCSCP_34229	0.8168991353	0.02489969039	7	RO-3306	LSM-42788	CDK1	10uM	MCF7	6h	LINCSCP_34229
LINCSCP_68707	-0.8168928811	0.02490172773	7	LY-294002	LSM-2597	MTOR|PIK3CA|PIK3CB|PIK3CD|PIK3CG|PLK1|PRKDC	10uM	VCAP	6h	LINCSCP_68707
LINCSCP_24763	-0.8168208066	0.02492521313	7	XMD 8-92	LSM-1094	MAPK7	0.5uM	HS578T	24h	LINCSCP_24763
LINCSCP_164726	0.8168182261	0.0249260542	7	Mocetinostat	LSM-5344	HDAC1|HDAC11|HDAC2|HDAC3|HDAC8	1.11uM	SKL.C	24h	LINCSCP_164726
LINCSCP_132612	0.81679623	0.02493322423	7	Saracatinib	LSM-1032	ABL1|SRC	3.33uM	MCF7	24h	LINCSCP_132612
LINCSCP_25568	0.8167956138	0.02493342511	7	CAY-10594	LSM-6256	PLD2	20uM	HT29	24h	LINCSCP_25568
LINCSCP_22923	0.8167949307	0.02493364779	7	CHEMBL73824	LSM-2649	SIGMAR1	10uM	HEPG2	6h	LINCSCP_22923
LINCSCP_11894	0.8167454305	0.02494978764	7	SCHEMBL3958507	LSM-5245	COQ8B|EGFR	10uM	BT20	6h	LINCSCP_11894
LINCSCP_105295	-0.8166979858	0.02496526285	7	Epitiostanol	LSM-45392	NA	0.12uM	HELA	24h	LINCSCP_105295
LINCSCP_5395	0.8166693622	0.0249746017	7	MLS002607711	LSM-2877	NA	10uM	A549	24h	LINCSCP_5395
LINCSCP_112533	-0.8166672484	0.02497529144	7	Decitabine	LSM-5855	DNMT1|DNMT3A	10uM	HEPG2	24h	LINCSCP_112533
LINCSCP_156819	-0.8166489904	0.02498124947	7	Diphenidol	LSM-2008	CHRM1|CHRM3|CHRM4	0.37uM	PC3	24h	LINCSCP_156819
LINCSCP_125057	-0.8165958362	0.02499859961	7	Dilazep	LSM-3068	SLC29A1	3.33uM	HT29	24h	LINCSCP_125057
LINCSCP_147569	0.816592819	0.02499958468	7	Rebastinib	LSM-6708	ABL1	0.37uM	NPC.CAS9	24h	LINCSCP_147569
LINCSCP_124255	0.8165850607	0.02500211768	7	MG-132	LSM-1107	PSMB1	20uM	HT29	24h	LINCSCP_124255
LINCSCP_116966	-0.8165847234	0.02500222781	7	PF-04217903	LSM-1166	MET	3.33uM	HT29	24h	LINCSCP_116966
LINCSCP_297237	0.8165798083	0.02500383264	7	BRD-K71498541	LSM-41160	NA	5uM	VCAP	6h	LINCSCP_297237
LINCSCP_311870	0.8165790217	0.02500408947	7	BRD-K47436535	LSM-39896	NA	10uM	VCAP	6h	LINCSCP_311870
LINCSCP_116585	0.8165630309	0.02500931103	7	PD-0325901	LSM-1101	MAP2K1|MAP2K2	1.11uM	HT29	24h	LINCSCP_116585
LINCSCP_234103	-0.816558021	0.02501094704	7	Wortmannin	LSM-3947	PIK3CA|PIK3CG|PLK1	10uM	JHUEM2	6h	LINCSCP_234103
LINCSCP_294342	-0.8165139962	0.02502532639	7	Alitretinoin	LSM-42856	RARA|RARB|RARG|RXRA|RXRB|RXRG	10uM	VCAP	24h	LINCSCP_294342
LINCSCP_32593	0.8164782259	0.02503701305	7	XMD-1527	LSM-42719	NA	10uM	MCF7	24h	LINCSCP_32593
LINCSCP_64577	-0.8164546425	0.02504471977	7	13-Methyl-7-[9-(4,4,5,5,5-pentafluoropentylsulfinyl)nonyl]-6,7,8,9,11,12,14,15,16,17-decahydrocyclopenta[a]phenanthrene-3,17-diol	LSM-1895	ESR1	5uM	VCAP	6h	LINCSCP_64577
LINCSCP_250726	0.8164274775	0.02505359856	7	Wortmannin	LSM-3947	PIK3CA|PIK3CG|PLK1	0.1uM	MCF7	24h	LINCSCP_250726
LINCSCP_46376	0.8164234114	0.02505492771	7	SCHEMBL15422156	LSM-43123	NA	10uM	PC3	6h	LINCSCP_46376
LINCSCP_27088	0.8164125492	0.02505847859	7	U 0126	LSM-42806	MAP2K1|MAP2K2	10uM	HT29	6h	LINCSCP_27088
LINCSCP_24619	-0.8163715392	0.02507188739	7	Alvocidib	LSM-1011	CDK1|CDK2|CDK4|CDK5|CDK6|CDK7|CDK8|CDK9|EGFR|PYGM	0.5uM	HS578T	6h	LINCSCP_24619
LINCSCP_112174	-0.8163697887	0.02507245985	7	Motesanib	LSM-1042	FLT1|FLT4|KDR|KIT|PDGFRA|PDGFRB|RET	0.04uM	HEPG2	24h	LINCSCP_112174
LINCSCP_30529	-0.8163692609	0.02507263245	7	PP-30	LSM-6238	RAF1	10uM	MCF7	24h	LINCSCP_30529
LINCSCP_4464	0.8163530575	0.02507793158	7	Rosiglitazone	LSM-1949	PPARG	80uM	A549	24h	LINCSCP_4464
LINCSCP_83319	-0.8163210053	0.02508841576	7	SCHEMBL16226502	LSM-43056	HSP90AA1	10uM	ASC.C	24h	LINCSCP_83319
LINCSCP_117101	-0.8162927531	0.02509765897	7	SB525334	LSM-1121	TGFBR1	0.12uM	HT29	24h	LINCSCP_117101
LINCSCP_74923	-0.8162610501	0.02510803348	7	ETOPOSIDE	LSM-6348	TOP2A|TOP2B	0.04uM	A375	24h	LINCSCP_74923
LINCSCP_158356	0.816248739	0.02511206283	7	Benzylpenicillin	LSM-3229	NA	3.33uM	PC3	24h	LINCSCP_158356
LINCSCP_156527	0.8162466864	0.02511273469	7	MG-132	LSM-1107	PSMB1	20uM	PC3	24h	LINCSCP_156527
LINCSCP_63062	-0.8162436973	0.02511371306	7	BRD-K21109208	LSM-9714	NA	5uM	VCAP	24h	LINCSCP_63062
LINCSCP_68224	0.8162429188	0.02511396788	7	Trichostatin A, Streptomyces Sp.	LSM-42814	HDAC1|HDAC10|HDAC3|HDAC4|HDAC6|HDAC7|HDAC8	10uM	SKM1	6h	LINCSCP_68224
LINCSCP_69907	-0.8162355686	0.02511637384	7	BRD-A25736793	LSM-43054	MTOR	3.33uM	A375	24h	LINCSCP_69907
LINCSCP_145381	-0.8161870786	0.0251322494	7	Palbociclib	LSM-1071	CCND1|CDK4|CDK6	0.04uM	MDAMB231	24h	LINCSCP_145381
LINCSCP_41745	-0.8161688906	0.02513820557	7	Pevonedistat	LSM-6263	NAE1|UBA3	10uM	NKDBA	24h	LINCSCP_41745
LINCSCP_48294	-0.8161487318	0.02514480805	7	BRD-K55743249	LSM-11804	NA	5uM	PC3	24h	LINCSCP_48294
LINCSCP_32436	0.8161421494	0.02514696417	7	BDBM50377913	LSM-5158	ALOX5|NR1I2|PTGS1	10uM	MCF7	24h	LINCSCP_32436
LINCSCP_155804	0.8161382168	0.02514825238	7	MG-132	LSM-1107	PSMB1	20uM	PC3	24h	LINCSCP_155804
LINCSCP_151767	-0.8160944318	0.02516259751	7	PD-0325901	LSM-1101	MAP2K1|MAP2K2	0.12uM	PC3	24h	LINCSCP_151767
LINCSCP_61494	0.8160870109	0.02516502925	7	BRD-K75403700	LSM-13042	NA	5uM	VCAP	24h	LINCSCP_61494
LINCSCP_16940	0.8160411225	0.02518006927	7	CHEMBL2137729	LSM-6076	NA	10uM	HA1E	6h	LINCSCP_16940
LINCSCP_112777	0.816039636	0.02518055656	7	NVP-BHG712	LSM-1201	NA	3.33uM	HEPG2	24h	LINCSCP_112777
LINCSCP_223968	0.8160356874	0.02518185095	7	Naltrexone	LSM-3962	OPRD1|OPRK1|OPRM1	10uM	HT29	6h	LINCSCP_223968
LINCSCP_47919	-0.8160354725	0.02518192141	7	Cromolyn	LSM-5370	NA	10uM	PC3	6h	LINCSCP_47919
LINCSCP_163955	-0.81599223	0.02519609944	7	SCHEMBL17052537	LSM-5803	BTK|JAK3|MKNK2|MTOR|PRKDC	0.37uM	SKBR3	3h	LINCSCP_163955
LINCSCP_282971	0.815973744	0.02520216186	7	BX-795	LSM-1189	PDK1|PDPK1	10uM	RKO	6h	LINCSCP_282971
LINCSCP_85968	0.8159581935	0.02520726225	7	GSK-1904529A	LSM-1134	IGF1R|INSR	10uM	BT20	24h	LINCSCP_85968
LINCSCP_102486	0.8159073716	0.02522393527	7	TR-14035	LSM-45616	NA	0.37uM	HELA	24h	LINCSCP_102486
LINCSCP_139038	0.8158442948	0.02524463735	7	MG-132	LSM-1107	PSMB1	20uM	MCF7	24h	LINCSCP_139038
LINCSCP_13582	-0.8158373006	0.02524693345	7	DASA-58	LSM-3813	PKM	90uM	H1299	6h	LINCSCP_13582
LINCSCP_27280	0.8157871039	0.02526341592	7	Chloromycetny	LSM-5069	NA	10uM	HT29	6h	LINCSCP_27280
LINCSCP_43061	-0.8157857035	0.02526387583	7	BRD-K85549762	LSM-13658	NA	10uM	NPC	24h	LINCSCP_43061
LINCSCP_117809	-0.81577448	0.02526756201	7	GSK-2334470	LSM-1222	PDK1|PDPK1	1.11uM	HT29	24h	LINCSCP_117809
LINCSCP_5562	0.8157633227	0.02527122674	7	SCHEMBL13736177	LSM-3938	NA	10uM	A549	6h	LINCSCP_5562
LINCSCP_172743	-0.8157558486	0.02527368185	7	AC1NSZSY	LSM-1728	CYP17A1|NR3C2|PGR	1.11uM	YAPC	24h	LINCSCP_172743
LINCSCP_31787	0.8157504289	0.02527546224	7	Esomeprazole	LSM-44961	ATP4A	10uM	MCF7	6h	LINCSCP_31787
LINCSCP_44505	-0.8157304327	0.02528203156	7	Mexiletine	LSM-1700	SCN10A|SCN11A|SCN1A|SCN2A|SCN3A|SCN4A|SCN5A|SCN7A|SCN8A|SCN9A	10uM	PC3	24h	LINCSCP_44505
LINCSCP_32632	-0.8157213434	0.02528501801	7	BCB03_000082	LSM-36632	NA	10uM	MCF7	6h	LINCSCP_32632
LINCSCP_48179	0.815713283	0.02528766652	7	BRD-K20490522	LSM-38373	NA	5uM	PC3	24h	LINCSCP_48179
LINCSCP_20114	0.8157103249	0.02528863854	7	ML228	LSM-2978	HIF1A	10uM	HCC515	6h	LINCSCP_20114
LINCSCP_135927	-0.8157078437	0.02528945387	7	BMS-794833	LSM-45864	NA	3.33uM	MCF7	24h	LINCSCP_135927
LINCSCP_119501	0.8156633269	0.02530408483	7	179324-69-7	LSM-6281	ADRM1|PSMA1|PSMA2|PSMA3|PSMA4|PSMA5|PSMA6|PSMA7|PSMA8|PSMB1|PSMB10|PSMB11|PSMB2|PSMB3|PSMB4|PSMB5|PSMB6|PSMB7|PSMB8|PSMB9|PSMC1|PSMC2|PSMC3|PSMC4|PSMC5|PSMC6|PSMD1|PSMD11|PSMD12|PSMD13|PSMD14|PSMD2|PSMD3|PSMD4|PSMD6|PSMD7|PSMD8|SEM1	20uM	HT29	24h	LINCSCP_119501
LINCSCP_69647	-0.8156477052	0.02530922023	7	Y-39983	LSM-1150	ROCK1|ROCK2	0.37uM	A375	24h	LINCSCP_69647
LINCSCP_30921	0.8156335526	0.02531387317	7	SMR001318079	LSM-1972	NA	10uM	MCF7	24h	LINCSCP_30921
LINCSCP_150507	0.8155997083	0.02532500208	7	Regorafenib	LSM-1226	ABL1|BRAF|DDR2|FGFR1|FGFR2|FLT1|FLT4|FRK|KDR|KIT|MAPK11|PDGFRA|PDGFRB|RAF1|RET|TEK	10uM	NPC.TAK	24h	LINCSCP_150507
LINCSCP_121213	0.8155697346	0.02533486057	7	179324-69-7	LSM-6281	ADRM1|PSMA1|PSMA2|PSMA3|PSMA4|PSMA5|PSMA6|PSMA7|PSMA8|PSMB1|PSMB10|PSMB11|PSMB2|PSMB3|PSMB4|PSMB5|PSMB6|PSMB7|PSMB8|PSMB9|PSMC1|PSMC2|PSMC3|PSMC4|PSMC5|PSMC6|PSMD1|PSMD11|PSMD12|PSMD13|PSMD14|PSMD2|PSMD3|PSMD4|PSMD6|PSMD7|PSMD8|SEM1	20uM	HT29	24h	LINCSCP_121213
LINCSCP_87781	-0.8155679837	0.02533543649	7	Radicicol	LSM-43303	NA	0.12uM	HA1E	24h	LINCSCP_87781
LINCSCP_112000	0.8155510622	0.02534100307	7	AZ628	LSM-1050	BRAF|RAF1	0.04uM	HEPG2	24h	LINCSCP_112000
LINCSCP_141201	0.8155020703	0.02535712356	7	MG-132	LSM-1107	PSMB1	20uM	MCF7	24h	LINCSCP_141201
LINCSCP_56716	-0.8154856291	0.02536253471	7	N-Ethylmaleimide	LSM-4219	NA	10uM	VCAP	24h	LINCSCP_56716
LINCSCP_281441	0.8154319099	0.02538021942	7	Neurodazine	LSM-5381	NA	10uM	PHH	24h	LINCSCP_281441
LINCSCP_58212	0.8153966942	0.02539181643	7	Cotinine	LSM-5986	NA	10uM	VCAP	24h	LINCSCP_58212
LINCSCP_156524	0.8153966839	0.02539181984	7	MG-132	LSM-1107	PSMB1	20uM	PC3	24h	LINCSCP_156524
LINCSCP_130142	0.8153787219	0.02539773611	7	Saracatinib	LSM-1032	ABL1|SRC	1.11uM	LNCAP	3h	LINCSCP_130142
LINCSCP_295319	0.8153675209	0.02540142584	7	Lopinavir	LSM-6027	NA	10uM	VCAP	24h	LINCSCP_295319
LINCSCP_49031	0.8153601347	0.02540385914	7	CHEMBL2361244	LSM-41839	NA	10uM	PC3	24h	LINCSCP_49031
LINCSCP_98977	-0.8153381756	0.025411094	7	Rupatadine Fumarate	LSM-45384	NA	0.04uM	HA1E	24h	LINCSCP_98977
LINCSCP_81554	-0.815331888	0.02541316579	7	PI-103	LSM-1126	MTOR|PIK3CA|PIK3CB|PIK3CD|PIK3CG	0.12uM	A549	24h	LINCSCP_81554
LINCSCP_156885	0.8153182218	0.02541766917	7	MG-132	LSM-1107	PSMB1	20uM	PC3	24h	LINCSCP_156885
LINCSCP_135175	0.8153115023	0.02541988361	7	MG-132	LSM-1107	PSMB1	20uM	MCF7	24h	LINCSCP_135175
LINCSCP_166222	0.8152570795	0.02543782279	7	SB239063	LSM-1036	MAPK11|MAPK14	10uM	SKL	24h	LINCSCP_166222
LINCSCP_27535	0.8152354877	0.02544494198	7	BRD-K48724570	LSM-11398	NA	5uM	HT29	24h	LINCSCP_27535
LINCSCP_113629	0.8152005298	0.02545647059	7	AS-605240	LSM-42784	PIK3CG	0.12uM	HME1	3h	LINCSCP_113629
LINCSCP_60929	0.8151931381	0.02545890864	7	CHEMBL2143628	LSM-6855	NA	5uM	VCAP	24h	LINCSCP_60929
LINCSCP_9614	-0.815170801	0.02546627704	7	Trichostatin	LSM-43005	HDAC1|HDAC10|HDAC3|HDAC4|HDAC6|HDAC7|HDAC8	0.001uM	A549	6h	LINCSCP_9614
LINCSCP_5477	0.8151693435	0.02546675785	7	CHEMBL1456638	LSM-42884	NA	10uM	A549	6h	LINCSCP_5477
LINCSCP_58335	0.8151346719	0.02547819753	7	[(Mesitylsulfonyl)amino]acetic acid	LSM-4533	NA	10uM	VCAP	24h	LINCSCP_58335
LINCSCP_91824	-0.8151213767	0.02548258499	7	(-)-Tramadol	LSM-3125	OPRM1|SLC6A2|SLC6A4	1.11uM	HA1E	24h	LINCSCP_91824
LINCSCP_137514	0.8151148138	0.02548475092	7	179324-69-7	LSM-6281	ADRM1|PSMA1|PSMA2|PSMA3|PSMA4|PSMA5|PSMA6|PSMA7|PSMA8|PSMB1|PSMB10|PSMB11|PSMB2|PSMB3|PSMB4|PSMB5|PSMB6|PSMB7|PSMB8|PSMB9|PSMC1|PSMC2|PSMC3|PSMC4|PSMC5|PSMC6|PSMD1|PSMD11|PSMD12|PSMD13|PSMD14|PSMD2|PSMD3|PSMD4|PSMD6|PSMD7|PSMD8|SEM1	20uM	MCF7	24h	LINCSCP_137514
LINCSCP_20101	-0.8151083596	0.02548688107	7	SC_I_004	LSM-45332	NA	10uM	HCC515	6h	LINCSCP_20101
LINCSCP_145236	0.8151029109	0.02548867942	7	13-Hydroxy-8,14,19-trimethoxy-4,10,12,16-tetramethyl-3,20,22-trioxo-2-azabicyclo[16.3.1]docosa-1(21),4,6,10,18-pentaen-9-yl carbamate	LSM-42815	HSP90AA1	0.37uM	MDAMB231	3h	LINCSCP_145236
LINCSCP_124174	0.8150710317	0.02549920278	7	179324-69-7	LSM-6281	ADRM1|PSMA1|PSMA2|PSMA3|PSMA4|PSMA5|PSMA6|PSMA7|PSMA8|PSMB1|PSMB10|PSMB11|PSMB2|PSMB3|PSMB4|PSMB5|PSMB6|PSMB7|PSMB8|PSMB9|PSMC1|PSMC2|PSMC3|PSMC4|PSMC5|PSMC6|PSMD1|PSMD11|PSMD12|PSMD13|PSMD14|PSMD2|PSMD3|PSMD4|PSMD6|PSMD7|PSMD8|SEM1	20uM	HT29	24h	LINCSCP_124174
LINCSCP_144969	0.815060282	0.0255027518	7	NU-7441	LSM-1061	PRKDC	10uM	MDAMB231	3h	LINCSCP_144969
LINCSCP_52963	-0.8150529652	0.02550516764	7	Chaetocin	LSM-6198	SUV39H1	0.1uM	SKLU1	6h	LINCSCP_52963
LINCSCP_137075	0.8150427832	0.02550852967	7	179324-69-7	LSM-6281	ADRM1|PSMA1|PSMA2|PSMA3|PSMA4|PSMA5|PSMA6|PSMA7|PSMA8|PSMB1|PSMB10|PSMB11|PSMB2|PSMB3|PSMB4|PSMB5|PSMB6|PSMB7|PSMB8|PSMB9|PSMC1|PSMC2|PSMC3|PSMC4|PSMC5|PSMC6|PSMD1|PSMD11|PSMD12|PSMD13|PSMD14|PSMD2|PSMD3|PSMD4|PSMD6|PSMD7|PSMD8|SEM1	20uM	MCF7	24h	LINCSCP_137075
LINCSCP_241275	-0.8150308653	0.02551246522	7	Monastrol	LSM-1809	KIF11	10uM	MCF7	6h	LINCSCP_241275
LINCSCP_38466	0.8150061038	0.02552064309	7	TL_HRAS26	LSM-2013	NA	0.12uM	MCF7	24h	LINCSCP_38466
LINCSCP_151747	-0.8149850216	0.02552760697	7	GSK-3 Inhibitor II	LSM-1030	GSK3B	1.11uM	PC3	24h	LINCSCP_151747
LINCSCP_139799	-0.8149837336	0.02552803245	7	Tedizolid	LSM-45778	NA	0.04uM	MCF7	24h	LINCSCP_139799
LINCSCP_46276	0.8149776399	0.02553004553	7	CID 75037095	LSM-36727	NA	10uM	PC3	24h	LINCSCP_46276
LINCSCP_56140	0.8149628316	0.02553493791	7	JLK-6	LSM-2489	PSEN1	10uM	VCAP	6h	LINCSCP_56140
LINCSCP_27930	0.8149477425	0.02553992362	7	BRD-K58606467	LSM-44803	NA	5uM	HT29	24h	LINCSCP_27930
LINCSCP_15895	0.814946313	0.02554039597	7	MLS-0390851.0001	LSM-3751	NA	10uM	HA1E	6h	LINCSCP_15895
LINCSCP_6139	0.814936027	0.02554379501	7	CI-1040	LSM-1048	MAP2K1|MAP2K2	10uM	A549	24h	LINCSCP_6139
LINCSCP_125167	0.8149359676	0.02554381463	7	179324-69-7	LSM-6281	ADRM1|PSMA1|PSMA2|PSMA3|PSMA4|PSMA5|PSMA6|PSMA7|PSMA8|PSMB1|PSMB10|PSMB11|PSMB2|PSMB3|PSMB4|PSMB5|PSMB6|PSMB7|PSMB8|PSMB9|PSMC1|PSMC2|PSMC3|PSMC4|PSMC5|PSMC6|PSMD1|PSMD11|PSMD12|PSMD13|PSMD14|PSMD2|PSMD3|PSMD4|PSMD6|PSMD7|PSMD8|SEM1	20uM	HT29	24h	LINCSCP_125167
LINCSCP_21464	0.8149274593	0.02554662641	7	Teniposide	LSM-1483	TOP2A	10uM	HEPG2	6h	LINCSCP_21464
LINCSCP_116250	0.8148595682	0.02556906887	7	Dovitinib	LSM-1127	EGFR|FGFR1|FGFR2|FGFR3|FLT1|FLT3|FLT4|KDR|KIT|PDGFRA|PDGFRB	0.37uM	HT29	24h	LINCSCP_116250
LINCSCP_42988	-0.8148535593	0.02557105575	7	BRD-K32782699	LSM-10416	NA	10uM	NPC	24h	LINCSCP_42988
LINCSCP_65182	0.8148519135	0.02557159998	7	BRD-K76390333	LSM-46045	NA	10uM	VCAP	6h	LINCSCP_65182
LINCSCP_112671	-0.8148359899	0.02557686567	7	PF-03758309	LSM-4254	PAK4	1.11uM	HEPG2	24h	LINCSCP_112671
LINCSCP_50746	0.8148250963	0.02558046835	7	ZINC01050121	LSM-6210	NA	20uM	RKO	6h	LINCSCP_50746
LINCSCP_131535	-0.8148160797	0.02558345051	7	Tamatinib	LSM-1040	SYK	0.37uM	MCF10A	3h	LINCSCP_131535
LINCSCP_89422	0.8147933892	0.02559095609	7	SAQUINAVIR MESYLATE	LSM-45573	NA	0.04uM	HA1E	24h	LINCSCP_89422
LINCSCP_309888	0.8147232197	0.02561417453	7	CHEMBL2141055	LSM-15033	NA	10uM	VCAP	6h	LINCSCP_309888
LINCSCP_139234	0.8146961179	0.02562314548	7	179324-69-7	LSM-6281	ADRM1|PSMA1|PSMA2|PSMA3|PSMA4|PSMA5|PSMA6|PSMA7|PSMA8|PSMB1|PSMB10|PSMB11|PSMB2|PSMB3|PSMB4|PSMB5|PSMB6|PSMB7|PSMB8|PSMB9|PSMC1|PSMC2|PSMC3|PSMC4|PSMC5|PSMC6|PSMD1|PSMD11|PSMD12|PSMD13|PSMD14|PSMD2|PSMD3|PSMD4|PSMD6|PSMD7|PSMD8|SEM1	20uM	MCF7	24h	LINCSCP_139234
LINCSCP_5099	0.8146581863	0.02563570411	7	AC1LEPRU	LSM-2516	NA	10uM	A549	6h	LINCSCP_5099
LINCSCP_140207	0.8146384441	0.02564224184	7	MG-132	LSM-1107	PSMB1	20uM	MCF7	24h	LINCSCP_140207
LINCSCP_47059	0.8146240831	0.02564699815	7	XMD-1527	LSM-42719	NA	10uM	PC3	6h	LINCSCP_47059
LINCSCP_36194	0.8145777953	0.02566233192	7	13-Hydroxy-8,14,19-trimethoxy-4,10,12,16-tetramethyl-3,20,22-trioxo-2-azabicyclo[16.3.1]docosa-1(21),4,6,10,18-pentaen-9-yl carbamate	LSM-42815	HSP90AA1	0.01uM	MCF7	24h	LINCSCP_36194
LINCSCP_21088	0.8145714516	0.0256644338	7	179324-69-7	LSM-6281	ADRM1|PSMA1|PSMA2|PSMA3|PSMA4|PSMA5|PSMA6|PSMA7|PSMA8|PSMB1|PSMB10|PSMB11|PSMB2|PSMB3|PSMB4|PSMB5|PSMB6|PSMB7|PSMB8|PSMB9|PSMC1|PSMC2|PSMC3|PSMC4|PSMC5|PSMC6|PSMD1|PSMD11|PSMD12|PSMD13|PSMD14|PSMD2|PSMD3|PSMD4|PSMD6|PSMD7|PSMD8|SEM1	1uM	HCC515	6h	LINCSCP_21088
LINCSCP_154680	-0.8145679406	0.02566559715	7	Sufentanil	LSM-45544	OPRM1	3.33uM	PC3	24h	LINCSCP_154680
LINCSCP_138956	0.8144865304	0.02569258032	7	179324-69-7	LSM-6281	ADRM1|PSMA1|PSMA2|PSMA3|PSMA4|PSMA5|PSMA6|PSMA7|PSMA8|PSMB1|PSMB10|PSMB11|PSMB2|PSMB3|PSMB4|PSMB5|PSMB6|PSMB7|PSMB8|PSMB9|PSMC1|PSMC2|PSMC3|PSMC4|PSMC5|PSMC6|PSMD1|PSMD11|PSMD12|PSMD13|PSMD14|PSMD2|PSMD3|PSMD4|PSMD6|PSMD7|PSMD8|SEM1	20uM	MCF7	24h	LINCSCP_138956
LINCSCP_62852	0.8144853587	0.0256929688	7	BRD-K07568447	LSM-8879	NA	5uM	VCAP	24h	LINCSCP_62852
LINCSCP_149349	0.814439985	0.02570801483	7	AZD 1480	LSM-1140	JAK1|JAK2	10uM	NPC	24h	LINCSCP_149349
LINCSCP_118420	0.8144260043	0.02571265187	7	179324-69-7	LSM-6281	ADRM1|PSMA1|PSMA2|PSMA3|PSMA4|PSMA5|PSMA6|PSMA7|PSMA8|PSMB1|PSMB10|PSMB11|PSMB2|PSMB3|PSMB4|PSMB5|PSMB6|PSMB7|PSMB8|PSMB9|PSMC1|PSMC2|PSMC3|PSMC4|PSMC5|PSMC6|PSMD1|PSMD11|PSMD12|PSMD13|PSMD14|PSMD2|PSMD3|PSMD4|PSMD6|PSMD7|PSMD8|SEM1	20uM	HT29	24h	LINCSCP_118420
LINCSCP_77350	-0.8144200729	0.02571461929	7	Amuvatinib	LSM-1118	FLT3|KIT|MET|PDGFRA	0.37uM	A375	24h	LINCSCP_77350
LINCSCP_162396	-0.8143893633	0.02572480696	7	Rupatadine Fumarate	LSM-45384	NA	0.12uM	PC3	24h	LINCSCP_162396
LINCSCP_152013	-0.814364527	0.02573304786	7	Epigalocatechin Gallate	LSM-5661	FASN	10uM	PC3	24h	LINCSCP_152013
LINCSCP_123987	0.8143429731	0.02574020086	7	MG-132	LSM-1107	PSMB1	20uM	HT29	24h	LINCSCP_123987
LINCSCP_236682	-0.8143388863	0.02574155723	7	TPCA-1	LSM-1136	IKBKB	10uM	MCF7	6h	LINCSCP_236682
LINCSCP_299060	0.8143369521	0.02574219921	7	MLS003129654	LSM-7850	NA	5uM	VCAP	6h	LINCSCP_299060
LINCSCP_27447	0.8143364688	0.02574235962	7	BRD-K42841961	LSM-39625	NA	5uM	HT29	24h	LINCSCP_27447
LINCSCP_76877	0.8143341651	0.02574312423	7	wiskostatin	LSM-45383	NA	3.33uM	A375	24h	LINCSCP_76877
LINCSCP_58483	0.8143266956	0.02574560351	7	CHEMBL2131973	LSM-40649	NA	10uM	VCAP	6h	LINCSCP_58483
LINCSCP_35688	0.814296997	0.02575546241	7	3,7-Bis(dimethylamino)phenothiazin-5-ium	LSM-4555	ACHE	10uM	MCF7	24h	LINCSCP_35688
LINCSCP_216391	0.8142613079	0.02576731277	7	VU0366968-1	LSM-2285	NA	10uM	HCC515	6h	LINCSCP_216391
LINCSCP_131403	0.814257742	0.025768497	7	Selumetinib	LSM-1056	MAP2K1|MAP2K2	3.33uM	MCF10A	24h	LINCSCP_131403
LINCSCP_67494	0.8142391097	0.02577468512	7	13-Hydroxy-8,14,19-trimethoxy-4,10,12,16-tetramethyl-3,20,22-trioxo-2-azabicyclo[16.3.1]docosa-1(21),4,6,10,18-pentaen-9-yl carbamate	LSM-42815	HSP90AA1	0.5uM	MCF7	24h	LINCSCP_67494
LINCSCP_150887	0.8142334147	0.0257765767	7	Withaferin A	LSM-6685	IKBKB|NAMPT	0.12uM	PC3	24h	LINCSCP_150887
LINCSCP_52255	-0.8142261238	0.02577899848	7	Amonafide	LSM-5667	TOP2A	10uM	SKB	24h	LINCSCP_52255
LINCSCP_9077	-0.8142249061	0.02577940296	7	BRD-K75264577	LSM-41371	NA	10uM	A549	24h	LINCSCP_9077
LINCSCP_51468	0.8141897768	0.02579107351	7	SB 239063	LSM-44951	MAPK11|MAPK14	10uM	SKBR3	24h	LINCSCP_51468
LINCSCP_129868	0.8141851011	0.02579262709	7	C24H25CLFN5O3	LSM-42794	EGFR|ERBB2|ERBB4	0.37uM	LNCAP	24h	LINCSCP_129868
LINCSCP_154989	-0.8141595918	0.02580110386	7	Camostat Mesilate	LSM-45240	NA	10uM	PC3	24h	LINCSCP_154989
LINCSCP_31076	0.8141421888	0.02580688782	7	MLS000094939	LSM-3353	NA	10uM	MCF7	6h	LINCSCP_31076
LINCSCP_164329	0.8141215197	0.02581375821	7	Dasatinib	LSM-1020	ABL1|BCR|BLK|EPHA2|FGR|FRK|FYN|HCK|KIT|LCK|LYN|PDGFRB|SRC|SRMS|YES1	0.37uM	SKL.C	24h	LINCSCP_164329
LINCSCP_156163	0.8141069961	0.02581858643	7	MG-132	LSM-1107	PSMB1	20uM	PC3	24h	LINCSCP_156163
LINCSCP_83040	0.8140990222	0.0258212375	7	CHEMBL3182395	LSM-1164	MAP2K5|MAPK7	3.33uM	ASC.C	24h	LINCSCP_83040
LINCSCP_10533	-0.814065242	0.02583247004	7	HLI-373	LSM-6225	MDM2	10uM	AGS	6h	LINCSCP_10533
LINCSCP_160877	0.8140645685	0.02583269402	7	TOFA	LSM-45429	NA	0.37uM	PC3	24h	LINCSCP_160877
LINCSCP_141214	-0.8140601445	0.02583416529	7	Thioguanine	LSM-6723	NA	0.04uM	MCF7	24h	LINCSCP_141214
LINCSCP_112682	-0.8140424499	0.0258400504	7	TAK-715	LSM-1060	MAPK14	3.33uM	HEPG2	24h	LINCSCP_112682
LINCSCP_58323	0.8140143022	0.02584941369	7	CID755673	LSM-2050	NA	10uM	VCAP	24h	LINCSCP_58323
LINCSCP_72797	-0.8140112539	0.0258504278	7	Benzbromarone	LSM-2239	NA	0.37uM	A375	24h	LINCSCP_72797
LINCSCP_43215	-0.8140044853	0.02585267971	7	Adapiprazine	LSM-36960	NA	10uM	NPC	24h	LINCSCP_43215
LINCSCP_136437	0.8139527587	0.02586989265	7	179324-69-7	LSM-6281	ADRM1|PSMA1|PSMA2|PSMA3|PSMA4|PSMA5|PSMA6|PSMA7|PSMA8|PSMB1|PSMB10|PSMB11|PSMB2|PSMB3|PSMB4|PSMB5|PSMB6|PSMB7|PSMB8|PSMB9|PSMC1|PSMC2|PSMC3|PSMC4|PSMC5|PSMC6|PSMD1|PSMD11|PSMD12|PSMD13|PSMD14|PSMD2|PSMD3|PSMD4|PSMD6|PSMD7|PSMD8|SEM1	20uM	MCF7	24h	LINCSCP_136437
LINCSCP_101117	0.8139526218	0.02586993822	7	TIE2 Kinase Inhibitor	LSM-1194	NA	0.04uM	HCC515	24h	LINCSCP_101117
LINCSCP_52064	0.8139219472	0.02588014878	7	Erlotinib	LSM-1097	EGFR	10uM	SKBR3	6h	LINCSCP_52064
LINCSCP_37558	0.8138916321	0.02589024193	7	SA-1457810	LSM-39355	NA	10uM	MCF7	6h	LINCSCP_37558
LINCSCP_119430	-0.8138847914	0.02589251977	7	BDBM52947	LSM-4323	NA	0.12uM	HT29	24h	LINCSCP_119430
LINCSCP_104752	0.8138632786	0.02589968397	7	Raclopride	LSM-2064	DRD2|DRD3	0.04uM	HELA	24h	LINCSCP_104752
LINCSCP_212244	-0.8138356858	0.02590887455	7	BRD-K85592362	LSM-41939	NA	10uM	HA1E	6h	LINCSCP_212244
LINCSCP_131982	0.8138295342	0.02591092376	7	AZD-8330	LSM-1165	MAP2K1|MAP2K2	10uM	MCF7	24h	LINCSCP_131982
LINCSCP_249544	-0.8137979791	0.02592143683	7	BRD-K60238549	LSM-44809	NA	5uM	MCF7	24h	LINCSCP_249544
LINCSCP_38674	-0.8137845916	0.0259258978	7	E319	LSM-36677	NA	1.23uM	MCF7	24h	LINCSCP_38674
LINCSCP_8576	-0.8137753633	0.02592897308	7	BRD-K86838317	LSM-13751	NA	5uM	A549	24h	LINCSCP_8576
LINCSCP_55301	-0.8137700194	0.02593075401	7	BRD-A95504714	LSM-45336	NA	10uM	U937	24h	LINCSCP_55301
LINCSCP_87705	-0.8137576425	0.02593487904	7	Buparlisib	LSM-1148	PIK3CA|PIK3CB|PIK3CD|PIK3CG|PIK3R1|PIK3R2|PIK3R3|PIK3R5	10uM	HA1E	24h	LINCSCP_87705
LINCSCP_55427	-0.8137204566	0.02594727477	7	Chloroquine	LSM-1901	NA	10uM	U937	6h	LINCSCP_55427
LINCSCP_65606	-0.8136777577	0.02596151235	7	CHEMBL2140476	LSM-38593	NA	10uM	VCAP	24h	LINCSCP_65606
LINCSCP_152459	-0.8136476728	0.02597154652	7	SCHEMBL15556278	LSM-1002	DDR1	0.12uM	PC3	24h	LINCSCP_152459
LINCSCP_24514	-0.8136136529	0.02598289577	7	TORIN1	LSM-1079	MTOR	0.5uM	HS578T	6h	LINCSCP_24514
LINCSCP_126503	0.8136064432	0.02598530133	7	MG-132	LSM-1107	PSMB1	20uM	HT29	24h	LINCSCP_126503
LINCSCP_32331	0.8136013657	0.02598699554	7	SPOX1_000651	LSM-4624	NA	10uM	MCF7	6h	LINCSCP_32331
LINCSCP_82108	0.8135649441	0.02599915018	7	C30H33N3O5S	LSM-1156	ATM	10uM	A549	24h	LINCSCP_82108
LINCSCP_119141	0.8135440604	0.02600612092	7	179324-69-7	LSM-6281	ADRM1|PSMA1|PSMA2|PSMA3|PSMA4|PSMA5|PSMA6|PSMA7|PSMA8|PSMB1|PSMB10|PSMB11|PSMB2|PSMB3|PSMB4|PSMB5|PSMB6|PSMB7|PSMB8|PSMB9|PSMC1|PSMC2|PSMC3|PSMC4|PSMC5|PSMC6|PSMD1|PSMD11|PSMD12|PSMD13|PSMD14|PSMD2|PSMD3|PSMD4|PSMD6|PSMD7|PSMD8|SEM1	20uM	HT29	24h	LINCSCP_119141
LINCSCP_12908	0.8135305192	0.02601064141	7	CHEMBL436817	LSM-6200	NA	40uM	EFO27	6h	LINCSCP_12908
LINCSCP_38668	0.8135252038	0.02601241597	7	Broad-Sai-045	LSM-45330	NA	0.37uM	MCF7	24h	LINCSCP_38668
LINCSCP_104027	-0.8134896232	0.02602429644	7	GF-109203	LSM-2677	PRKCA	10uM	HELA	24h	LINCSCP_104027
LINCSCP_72210	-0.8134777573	0.02602825918	7	AZD1208	LSM-45651	NA	1.11uM	A375	24h	LINCSCP_72210
LINCSCP_125165	0.8134747863	0.02602925142	7	179324-69-7	LSM-6281	ADRM1|PSMA1|PSMA2|PSMA3|PSMA4|PSMA5|PSMA6|PSMA7|PSMA8|PSMB1|PSMB10|PSMB11|PSMB2|PSMB3|PSMB4|PSMB5|PSMB6|PSMB7|PSMB8|PSMB9|PSMC1|PSMC2|PSMC3|PSMC4|PSMC5|PSMC6|PSMD1|PSMD11|PSMD12|PSMD13|PSMD14|PSMD2|PSMD3|PSMD4|PSMD6|PSMD7|PSMD8|SEM1	20uM	HT29	24h	LINCSCP_125165
LINCSCP_14309	-0.8134695184	0.02603101084	7	IAA-94	LSM-3913	NA	10uM	HA1E	6h	LINCSCP_14309
LINCSCP_5107	0.8134599068	0.02603422115	7	CHEMBL578162	LSM-2638	NA	10uM	A549	6h	LINCSCP_5107
LINCSCP_65375	-0.813440758	0.02604061764	7	BRD-K95195947	LSM-42430	NA	10uM	VCAP	24h	LINCSCP_65375
LINCSCP_50132	-0.8134094572	0.02605107528	7	CHEMBL453376	LSM-3800	EGFR|ERBB2	10uM	PHH	24h	LINCSCP_50132
LINCSCP_120216	0.8133481332	0.02607157053	7	179324-69-7	LSM-6281	ADRM1|PSMA1|PSMA2|PSMA3|PSMA4|PSMA5|PSMA6|PSMA7|PSMA8|PSMB1|PSMB10|PSMB11|PSMB2|PSMB3|PSMB4|PSMB5|PSMB6|PSMB7|PSMB8|PSMB9|PSMC1|PSMC2|PSMC3|PSMC4|PSMC5|PSMC6|PSMD1|PSMD11|PSMD12|PSMD13|PSMD14|PSMD2|PSMD3|PSMD4|PSMD6|PSMD7|PSMD8|SEM1	20uM	HT29	24h	LINCSCP_120216
LINCSCP_28630	0.8133428699	0.02607333002	7	Avrainvillamide-analog-6	LSM-37107	NA	10uM	HT29	24h	LINCSCP_28630
LINCSCP_67604	0.8133165014	0.02608214584	7	CGS-15943	LSM-3076	ADORA1|ADORA2A|ADORA2B	40uM	MCF7	6h	LINCSCP_67604
LINCSCP_47841	-0.8132683266	0.0260982565	7	Cyclopenthiazide	LSM-1529	NA	10uM	PC3	6h	LINCSCP_47841
LINCSCP_42925	0.8132653808	0.02609924183	7	Menadione	LSM-3755	NA	10uM	NPC	24h	LINCSCP_42925
LINCSCP_148397	-0.8132299667	0.02611108886	7	TIE2 Kinase Inhibitor	LSM-1194	NA	3.33uM	NPC.CAS9	24h	LINCSCP_148397
LINCSCP_151465	-0.8132238438	0.02611313744	7	Amuvatinib	LSM-1118	FLT3|KIT|MET|PDGFRA	0.12uM	PC3	24h	LINCSCP_151465
LINCSCP_74737	0.8132219989	0.02611375472	7	Rilpivirine	LSM-45777	NA	0.37uM	A375	24h	LINCSCP_74737
LINCSCP_125047	0.813184963	0.02612614824	7	Piribedil	LSM-3057	ADRA2A|DRD2|DRD3	0.37uM	HT29	24h	LINCSCP_125047
LINCSCP_250910	-0.8131551457	0.02613612857	7	O-Demethylated Adapalene	LSM-6237	RARG	0.01uM	MCF7	6h	LINCSCP_250910
LINCSCP_116873	-0.8130680083	0.02616530714	7	Sirolimus	LSM-42783	FKBP1A|MTOR	10uM	HT29	24h	LINCSCP_116873
LINCSCP_160778	0.8130668594	0.026165692	7	Secnidazole	LSM-5131	NA	10uM	PC3	24h	LINCSCP_160778
LINCSCP_32030	0.8130655626	0.02616612636	7	Givinostat	LSM-4807	HDAC2	10uM	MCF7	6h	LINCSCP_32030
LINCSCP_166120	0.8130651892	0.02616625143	7	NVP-BHG712	LSM-1201	NA	10uM	SKL	24h	LINCSCP_166120
LINCSCP_11741	-0.8130540335	0.02616998841	7	Tivozanib	LSM-1005	FLT1|FLT4|KDR|KIT|PDGFRA|PDGFRB	1uM	BT20	24h	LINCSCP_11741
LINCSCP_15741	0.8130457552	0.02617276169	7	SMR000074300	LSM-2495	NA	10uM	HA1E	24h	LINCSCP_15741
LINCSCP_110847	-0.8130278457	0.02617876203	7	GSK-461364	LSM-1013	PLK1	1.11uM	HELA	24h	LINCSCP_110847
LINCSCP_31003	0.8130012247	0.02618768249	7	MLS002276469	LSM-3652	NA	10uM	MCF7	24h	LINCSCP_31003
LINCSCP_112288	0.8129812504	0.02619437682	7	C30H33N3O5S	LSM-1156	ATM	3.33uM	HEPG2	24h	LINCSCP_112288
LINCSCP_28454	0.8129248761	0.02621327568	7	MW-SHH-61	LSM-44611	NA	0.1uM	HT29	24h	LINCSCP_28454
LINCSCP_139954	0.8129011388	0.02622123563	7	179324-69-7	LSM-6281	ADRM1|PSMA1|PSMA2|PSMA3|PSMA4|PSMA5|PSMA6|PSMA7|PSMA8|PSMB1|PSMB10|PSMB11|PSMB2|PSMB3|PSMB4|PSMB5|PSMB6|PSMB7|PSMB8|PSMB9|PSMC1|PSMC2|PSMC3|PSMC4|PSMC5|PSMC6|PSMD1|PSMD11|PSMD12|PSMD13|PSMD14|PSMD2|PSMD3|PSMD4|PSMD6|PSMD7|PSMD8|SEM1	20uM	MCF7	24h	LINCSCP_139954
LINCSCP_35768	0.8128955168	0.02622312108	7	Quinacrine	LSM-1577	TP53	3uM	MCF7	6h	LINCSCP_35768
LINCSCP_49060	0.8128923285	0.02622419038	7	CHEMBL3186447	LSM-42507	NA	10uM	PC3	24h	LINCSCP_49060
LINCSCP_206618	0.8128833769	0.02622719273	7	NUTLIN 3	LSM-4288	MDM2	40uM	EFO27	6h	LINCSCP_206618
LINCSCP_99445	0.8128745534	0.02623015229	7	PF431396	LSM-1116	NA	3.33uM	HCC515	24h	LINCSCP_99445
LINCSCP_6668	0.8128607069	0.02623479704	7	CHEMBL12760	LSM-43231	NA	10uM	A549	6h	LINCSCP_6668
LINCSCP_81634	0.812850191	0.02623832484	7	Selumetinib	LSM-1056	MAP2K1|MAP2K2	3.33uM	A549	24h	LINCSCP_81634
LINCSCP_30826	0.8128248972	0.02624681135	7	Tipifarnib	LSM-6258	CHURC1-FNTB|FNTA|FNTB	10uM	MCF7	6h	LINCSCP_30826
LINCSCP_55918	0.8128098872	0.0262518482	7	GW441756X	LSM-2066	NTRK1	10uM	VCAP	24h	LINCSCP_55918
LINCSCP_100209	0.8127960626	0.02625648774	7	Dasatinib	LSM-1020	ABL1|BCR|BLK|EPHA2|FGR|FRK|FYN|HCK|KIT|LCK|LYN|PDGFRB|SRC|SRMS|YES1	0.04uM	HCC515	24h	LINCSCP_100209
LINCSCP_137239	0.8127870029	0.02625952843	7	MG-132	LSM-1107	PSMB1	20uM	MCF7	24h	LINCSCP_137239
LINCSCP_81092	-0.8127587422	0.02626901481	7	WZ3105	LSM-5970	CLK2|CSNK1E|FLT3|ULK1	0.12uM	A549	24h	LINCSCP_81092
LINCSCP_116582	-0.8127295803	0.02627880569	7	Pictilisib	LSM-1047	PIK3CA|PIK3CB|PIK3CD|PIK3CG|PIK3R1|PIK3R2|PIK3R3|PIK3R5	0.04uM	HT29	24h	LINCSCP_116582
LINCSCP_20159	0.8127179362	0.0262827157	7	CHEMBL2142877	LSM-29356	NA	10uM	HCC515	6h	LINCSCP_20159
LINCSCP_83946	0.8127140558	0.02628401878	7	SB239063	LSM-1036	MAPK11|MAPK14	1.11uM	ASC.C	24h	LINCSCP_83946
LINCSCP_3119	0.8127061011	0.02628669017	7	BRD-K81514393	LSM-41722	NA	10uM	A375	6h	LINCSCP_3119
LINCSCP_258816	-0.8126614934	0.02630167337	7	Riboflavin	LSM-4084	NA	10uM	NEU	24h	LINCSCP_258816
LINCSCP_4812	-0.8126598303	0.02630223209	7	BML-259	LSM-6266	CDK2|CDK5	80uM	A549	6h	LINCSCP_4812
LINCSCP_33245	0.8126571538	0.02630313125	7	Tesmilifene	LSM-3805	NA	10uM	MCF7	6h	LINCSCP_33245
LINCSCP_65135	0.8126218809	0.02631498278	7	BRD-K26119753	LSM-38700	NA	10uM	VCAP	6h	LINCSCP_65135
LINCSCP_85755	0.8125882824	0.0263262745	7	13-Hydroxy-8,14,19-trimethoxy-4,10,12,16-tetramethyl-3,20,22-trioxo-2-azabicyclo[16.3.1]docosa-1(21),4,6,10,18-pentaen-9-yl carbamate	LSM-42815	HSP90AA1	0.37uM	BT20	3h	LINCSCP_85755
LINCSCP_3429	-0.8125766089	0.02633019833	7	BRD-K71943487	LSM-12837	NA	5uM	A375	24h	LINCSCP_3429
LINCSCP_22207	0.8125642997	0.02633433624	7	MLS000094380	LSM-3180	NA	10uM	HEPG2	6h	LINCSCP_22207
LINCSCP_149398	0.8125605068	0.02633561132	7	PD-0325901	LSM-1101	MAP2K1|MAP2K2	3.33uM	NPC	24h	LINCSCP_149398
LINCSCP_141753	0.8125593905	0.02633598663	7	179324-69-7	LSM-6281	ADRM1|PSMA1|PSMA2|PSMA3|PSMA4|PSMA5|PSMA6|PSMA7|PSMA8|PSMB1|PSMB10|PSMB11|PSMB2|PSMB3|PSMB4|PSMB5|PSMB6|PSMB7|PSMB8|PSMB9|PSMC1|PSMC2|PSMC3|PSMC4|PSMC5|PSMC6|PSMD1|PSMD11|PSMD12|PSMD13|PSMD14|PSMD2|PSMD3|PSMD4|PSMD6|PSMD7|PSMD8|SEM1	20uM	MCF7	24h	LINCSCP_141753
LINCSCP_159043	0.8125511097	0.0263387706	7	MG-132	LSM-1107	PSMB1	20uM	PC3	24h	LINCSCP_159043
LINCSCP_61705	0.8125480956	0.02633978398	7	BRD-K49111930	LSM-11414	NA	5uM	VCAP	6h	LINCSCP_61705
LINCSCP_219299	0.8125478456	0.02633986804	7	TL_HRAS26	LSM-2013	NA	10uM	HEPG2	6h	LINCSCP_219299
LINCSCP_156525	0.8123925789	0.02639210031	7	MG-132	LSM-1107	PSMB1	20uM	PC3	24h	LINCSCP_156525
LINCSCP_81300	-0.8123492189	0.02640669715	7	Alpelisib	LSM-4256	PIK3CA	1.11uM	A549	24h	LINCSCP_81300
LINCSCP_12672	0.8123270192	0.0264141723	7	6-(7-Hydroxy-6,7-dihydro-5H-pyrrolo[1,2-c]imidazol-7-yl)-n-methyl-2-naphthamide	LSM-6184	CYP17A1	40uM	COV644	6h	LINCSCP_12672
LINCSCP_157333	0.8123260714	0.02641449147	7	MG-132	LSM-1107	PSMB1	20uM	PC3	24h	LINCSCP_157333
LINCSCP_60526	-0.8122899275	0.02642666456	7	BRD-K23349860	LSM-7154	NA	5uM	VCAP	24h	LINCSCP_60526
LINCSCP_7718	-0.8122503754	0.02643998911	7	Fenbendazole	LSM-3134	TUBB	10uM	A549	6h	LINCSCP_7718
LINCSCP_119055	0.8122452502	0.02644171597	7	179324-69-7	LSM-6281	ADRM1|PSMA1|PSMA2|PSMA3|PSMA4|PSMA5|PSMA6|PSMA7|PSMA8|PSMB1|PSMB10|PSMB11|PSMB2|PSMB3|PSMB4|PSMB5|PSMB6|PSMB7|PSMB8|PSMB9|PSMC1|PSMC2|PSMC3|PSMC4|PSMC5|PSMC6|PSMD1|PSMD11|PSMD12|PSMD13|PSMD14|PSMD2|PSMD3|PSMD4|PSMD6|PSMD7|PSMD8|SEM1	20uM	HT29	24h	LINCSCP_119055
LINCSCP_112386	-0.8122056137	0.02645507327	7	PFI-1	LSM-6331	NA	0.37uM	HEPG2	24h	LINCSCP_112386
LINCSCP_83938	-0.812204086	0.02645558815	7	331771-20-1	LSM-1096	AURKA|AURKB	10uM	ASC.C	24h	LINCSCP_83938
LINCSCP_164938	-0.8121906052	0.02646013203	7	HY-11007	LSM-1022	ABL1|BCR	3.33uM	SKL.C	24h	LINCSCP_164938
LINCSCP_140568	0.8121771171	0.02646467877	7	MG-132	LSM-1107	PSMB1	20uM	MCF7	24h	LINCSCP_140568
LINCSCP_84050	-0.8121624584	0.02646962063	7	CHEMBL552425	LSM-1003	DDR1	10uM	ASC	24h	LINCSCP_84050
LINCSCP_152204	-0.8121571898	0.02647139696	7	SCHEMBL16980224	LSM-1092	AURKA	3.33uM	PC3	24h	LINCSCP_152204
LINCSCP_228975	0.8121388001	0.02647759762	7	BRD-K69886508	LSM-12695	NA	5uM	HT29	24h	LINCSCP_228975
LINCSCP_54657	0.8121373097	0.02647810019	7	3-Methyladenine	LSM-4733	NA	10uM	SW948	6h	LINCSCP_54657
LINCSCP_149911	-0.8120992821	0.02649092511	7	C30H33N3O5S	LSM-1156	ATM	0.04uM	NPC.TAK	24h	LINCSCP_149911
LINCSCP_105676	0.8120916123	0.02649351219	7	Tasisulam	LSM-45766	NA	3.33uM	HELA	24h	LINCSCP_105676
LINCSCP_124240	-0.8120897545	0.02649413885	7	PHA-793887	LSM-1073	CDK1|CDK10|CDK11B|CDK12|CDK13|CDK14|CDK15|CDK16|CDK17|CDK18|CDK19|CDK2|CDK20|CDK3|CDK4|CDK5|CDK6|CDK7|CDK8|CDK9	0.04uM	HT29	24h	LINCSCP_124240
LINCSCP_253435	0.8120408388	0.02651064207	7	ML162	LSM-1493	NA	10uM	MCF7	24h	LINCSCP_253435
LINCSCP_254462	-0.8120093422	0.02652127147	7	SA-1456102	LSM-39403	NA	3uM	MCF7	6h	LINCSCP_254462
LINCSCP_16674	0.8119915664	0.02652727147	7	24(S),25-epoxycholesterol	LSM-5712	NR1H2|NR1H3	10uM	HA1E	6h	LINCSCP_16674
LINCSCP_91693	-0.8119708722	0.0265342575	7	MK-5108	LSM-36812	AURKA|AURKB	0.37uM	HA1E	24h	LINCSCP_91693
LINCSCP_65363	-0.8119459268	0.02654268002	7	BRD-K90234489	LSM-42196	NA	10uM	VCAP	24h	LINCSCP_65363
LINCSCP_120580	0.8119455686	0.02654280098	7	179324-69-7	LSM-6281	ADRM1|PSMA1|PSMA2|PSMA3|PSMA4|PSMA5|PSMA6|PSMA7|PSMA8|PSMB1|PSMB10|PSMB11|PSMB2|PSMB3|PSMB4|PSMB5|PSMB6|PSMB7|PSMB8|PSMB9|PSMC1|PSMC2|PSMC3|PSMC4|PSMC5|PSMC6|PSMD1|PSMD11|PSMD12|PSMD13|PSMD14|PSMD2|PSMD3|PSMD4|PSMD6|PSMD7|PSMD8|SEM1	20uM	HT29	24h	LINCSCP_120580
LINCSCP_132093	-0.8119431639	0.02654361295	7	SB590885	LSM-42746	NA	0.37uM	MCF7	24h	LINCSCP_132093
LINCSCP_35913	-0.8119378893	0.0265453941	7	Dactolisib	LSM-4255	MTOR|PIK3CA|PIK3CB|PIK3CD|PIK3CG|PIK3R1|PIK3R2|PIK3R3|PIK3R5	0.5uM	MCF7	24h	LINCSCP_35913
LINCSCP_10192	-0.8119019174	0.02655754294	7	Curcumin	LSM-43083	PTGS1|PTGS2	1uM	A549	6h	LINCSCP_10192
LINCSCP_40101	0.811873231	0.0265672335	7	(S)-Tipifarnib	LSM-6259	NA	10uM	NCIH2073	6h	LINCSCP_40101
LINCSCP_64017	0.8118382605	0.02657904956	7	BRD-K68908437	LSM-12637	NA	5uM	VCAP	24h	LINCSCP_64017
LINCSCP_76732	-0.8118368331	0.0265795319	7	Canertinib	LSM-1120	EGFR|ERBB2|ERBB4	10uM	A375	24h	LINCSCP_76732
LINCSCP_13790	-0.8117955798	0.02659347478	7	Strophanthidin	LSM-3891	ATP1A1	10uM	HA1E	24h	LINCSCP_13790
LINCSCP_69287	-0.811780634	0.02659852721	7	Linsitinib	LSM-1135	IGF1R|INSR	0.37uM	A375	24h	LINCSCP_69287
LINCSCP_282049	-0.8117750511	0.02660041462	7	Arecaidine Propargyl Ester	LSM-2520	CHRM1	10uM	PHH	24h	LINCSCP_282049
LINCSCP_58350	0.8117685455	0.02660261409	7	BRD-K21165668	LSM-38416	NA	10uM	VCAP	24h	LINCSCP_58350
LINCSCP_22837	0.8117661863	0.02660341174	7	Ethyl eburnamenine-14-carboxylate	LSM-1372	PDE1A	10uM	HEPG2	6h	LINCSCP_22837
LINCSCP_32106	0.8117011122	0.02662541859	7	CID 6167421	LSM-44973	NA	10uM	MCF7	24h	LINCSCP_32106
LINCSCP_15368	-0.8117009953	0.02662545814	7	SB225002	LSM-3367	CXCR2	10uM	HA1E	24h	LINCSCP_15368
LINCSCP_21989	0.8116956381	0.0266272703	7	MLS003337112	LSM-2162	NA	10uM	HEPG2	6h	LINCSCP_21989
LINCSCP_111769	0.8116837796	0.02663128185	7	TAE-684	LSM-1024	ALK	10uM	HEPG2	24h	LINCSCP_111769
LINCSCP_150383	0.8116594344	0.02663951862	7	NVP-BHG712	LSM-1201	NA	1.11uM	NPC.TAK	24h	LINCSCP_150383
LINCSCP_55855	0.8116292049	0.02664974815	7	Piretanide	LSM-3959	SLC12A1|SLC12A2	10uM	VCAP	6h	LINCSCP_55855
LINCSCP_30317	0.8116000556	0.02665961429	7	BRD-A26787626-001-02-9	LSM-1420	ATP2A1	10uM	MCF7	6h	LINCSCP_30317
LINCSCP_112898	-0.8115910801	0.02666265262	7	SCHEMBL15556278	LSM-1002	DDR1	1.11uM	HEPG2	24h	LINCSCP_112898
LINCSCP_253101	0.8115867302	0.02666412522	7	SA-1922261	LSM-39682	NA	1uM	MCF7	24h	LINCSCP_253101
LINCSCP_159233	0.8115638434	0.02667187384	7	179324-69-7	LSM-6281	ADRM1|PSMA1|PSMA2|PSMA3|PSMA4|PSMA5|PSMA6|PSMA7|PSMA8|PSMB1|PSMB10|PSMB11|PSMB2|PSMB3|PSMB4|PSMB5|PSMB6|PSMB7|PSMB8|PSMB9|PSMC1|PSMC2|PSMC3|PSMC4|PSMC5|PSMC6|PSMD1|PSMD11|PSMD12|PSMD13|PSMD14|PSMD2|PSMD3|PSMD4|PSMD6|PSMD7|PSMD8|SEM1	20uM	PC3	24h	LINCSCP_159233
LINCSCP_59192	-0.81153813	0.02668058096	7	BRD-K27986637	LSM-6803	NA	10uM	VCAP	24h	LINCSCP_59192
LINCSCP_46299	0.8115367424	0.02668105089	7	SCHEMBL15422014	LSM-44566	NA	10uM	PC3	6h	LINCSCP_46299
LINCSCP_56058	-0.8115274702	0.02668419109	7	Prostoglandin B2	LSM-43031	NA	10uM	VCAP	24h	LINCSCP_56058
LINCSCP_67745	-0.8115185736	0.02668720428	7	CGS-15943	LSM-3076	ADORA1|ADORA2A|ADORA2B	40uM	NKDBA	24h	LINCSCP_67745
LINCSCP_250587	0.8115155221	0.02668823783	7	SCHEMBL16226502	LSM-43056	HSP90AA1	0.001uM	MCF7	6h	LINCSCP_250587
LINCSCP_12532	0.8114615645	0.02670651721	7	Tamatinib	LSM-1040	SYK	10uM	CL34	6h	LINCSCP_12532
LINCSCP_131446	0.811460448	0.02670689551	7	AS-605240	LSM-42784	PIK3CG	1.11uM	MCF10A	24h	LINCSCP_131446
LINCSCP_25455	0.8114530613	0.02670939852	7	Rottlerin	LSM-42845	NA	10uM	HT29	24h	LINCSCP_25455
LINCSCP_10936	0.8114395899	0.02671396364	7	BRD-K76938712	LSM-41474	NA	10uM	ASC	24h	LINCSCP_10936
LINCSCP_146481	-0.8113951799	0.02672901618	7	PDK1 Inhibitor	LSM-1081	PDPK1	0.37uM	NEU	24h	LINCSCP_146481
LINCSCP_65162	0.8113932699	0.02672966365	7	BRD-K53923090	LSM-40230	NA	10uM	VCAP	6h	LINCSCP_65162
LINCSCP_130532	0.811372226	0.02673679816	7	Dovitinib	LSM-1127	EGFR|FGFR1|FGFR2|FGFR3|FLT1|FLT3|FLT4|KDR|KIT|PDGFRA|PDGFRB	1.11uM	MCF10A	24h	LINCSCP_130532
LINCSCP_48468	0.8113609332	0.02674062716	7	BRD-K88822846	LSM-42112	NA	10uM	PC3	24h	LINCSCP_48468
LINCSCP_83977	-0.8113587639	0.02674136276	7	GW620972X	LSM-1209	NA	0.37uM	ASC.C	24h	LINCSCP_83977
LINCSCP_96975	-0.811304862	0.02675964367	7	Trazodone	LSM-3580	HTR2A|HTR2C|SLC6A4	0.12uM	HA1E	24h	LINCSCP_96975
LINCSCP_132344	0.8113011381	0.0267609069	7	Buparlisib	LSM-1148	PIK3CA|PIK3CB|PIK3CD|PIK3CG|PIK3R1|PIK3R2|PIK3R3|PIK3R5	1.11uM	MCF7	3h	LINCSCP_132344
LINCSCP_112478	-0.8112849001	0.02676641554	7	I-BET151	LSM-6335	NA	0.04uM	HEPG2	24h	LINCSCP_112478
LINCSCP_30646	0.8112715088	0.02677095897	7	CAY10618	LSM-4946	NAMPT	10uM	MCF7	24h	LINCSCP_30646
LINCSCP_63157	0.8112420919	0.02678094108	7	BRD-K44410738	LSM-11132	NA	5uM	VCAP	6h	LINCSCP_63157
LINCSCP_102849	0.8112156667	0.02678990982	7	Gemfibrozil	LSM-2227	CYP2C8|LPL|PPARA	10uM	HELA	24h	LINCSCP_102849
LINCSCP_139685	-0.8111790943	0.02680232526	7	Nimodipine	LSM-1659	CACNA1C|CACNA1D|CACNA1F|CACNA1S|NR3C2	0.04uM	MCF7	24h	LINCSCP_139685
LINCSCP_139401	0.8111749152	0.02680374418	7	MG-132	LSM-1107	PSMB1	20uM	MCF7	24h	LINCSCP_139401
LINCSCP_144169	0.8111647594	0.02680719251	7	MG-132	LSM-1107	PSMB1	20uM	MCF7	24h	LINCSCP_144169
LINCSCP_11567	-0.8111409647	0.0268152728	7	Capsazepine	LSM-2983	TRPV1	10uM	ASC	24h	LINCSCP_11567
LINCSCP_82145	-0.8111386828	0.02681604779	7	N-[4-Chloro-3-(trifluoromethyl)phenyl]-2-ethoxybenzamide	LSM-6321	NA	3.33uM	A549	24h	LINCSCP_82145
LINCSCP_151570	-0.8111364362	0.02681681078	7	PF-04217903	LSM-1166	MET	0.04uM	PC3	24h	LINCSCP_151570
LINCSCP_137959	0.8111224263	0.02682156911	7	MG-132	LSM-1107	PSMB1	20uM	MCF7	24h	LINCSCP_137959
LINCSCP_17787	0.8111166294	0.0268235381	7	FTI276	LSM-4727	FNTA	10uM	HCC15	6h	LINCSCP_17787
LINCSCP_67239	0.8111071296	0.02682676503	7	Wortmannin	LSM-3947	PIK3CA|PIK3CG|PLK1	10uM	LOVO	6h	LINCSCP_67239
LINCSCP_148135	0.8111011663	0.02682879077	7	TAK-715	LSM-1060	MAPK14	10uM	NPC.CAS9	24h	LINCSCP_148135
LINCSCP_122026	-0.8110952403	0.02683080394	7	Acarbose	LSM-4631	AMY2A|MGAM	10uM	HT29	24h	LINCSCP_122026
LINCSCP_62137	0.811048274	0.02684676213	7	BRD-K27161987	LSM-10072	NA	5uM	VCAP	24h	LINCSCP_62137
LINCSCP_42964	0.8109871602	0.02686753534	7	BRD-K19888970	LSM-38336	NA	10uM	NPC	24h	LINCSCP_42964
LINCSCP_52539	-0.8109738485	0.02687206133	7	NCGC00167821-01	LSM-1692	ADRA1A|ADRA2A|ADRA2B|ADRA2C|DRD1|DRD2|DRD3|DRD4|DRD5|HTR1A|HTR1B|HTR1D|HTR2A|HTR2B|HTR2C	10uM	SKB	24h	LINCSCP_52539
LINCSCP_136973	0.8109488084	0.02688057613	7	MG-132	LSM-1107	PSMB1	20uM	MCF7	24h	LINCSCP_136973
LINCSCP_230872	0.8109436398	0.02688233389	7	BRD-K16117792	LSM-9399	NA	5uM	HT29	24h	LINCSCP_230872
LINCSCP_19843	0.8109421575	0.026882838	7	CHEMBL1551506	LSM-2315	NA	10uM	HCC515	6h	LINCSCP_19843
LINCSCP_27881	0.8109340186	0.02688560607	7	BRD-K30296979	LSM-38925	NA	5uM	HT29	24h	LINCSCP_27881
LINCSCP_118782	0.8109338509	0.02688566311	7	179324-69-7	LSM-6281	ADRM1|PSMA1|PSMA2|PSMA3|PSMA4|PSMA5|PSMA6|PSMA7|PSMA8|PSMB1|PSMB10|PSMB11|PSMB2|PSMB3|PSMB4|PSMB5|PSMB6|PSMB7|PSMB8|PSMB9|PSMC1|PSMC2|PSMC3|PSMC4|PSMC5|PSMC6|PSMD1|PSMD11|PSMD12|PSMD13|PSMD14|PSMD2|PSMD3|PSMD4|PSMD6|PSMD7|PSMD8|SEM1	20uM	HT29	24h	LINCSCP_118782
LINCSCP_151634	-0.8109169254	0.02689142003	7	Sunitinib	LSM-42800	CSF1R|FLT1|FLT3|FLT4|KDR|KIT|PDGFRA|PDGFRB|RET	0.37uM	PC3	24h	LINCSCP_151634
LINCSCP_46743	0.8108833527	0.02690284131	7	(Z)-Guggulsterone	LSM-43187	NR1H4	10uM	PC3	24h	LINCSCP_46743
LINCSCP_124738	-0.8108687458	0.02690781133	7	LY2940680	LSM-45539	SMO	0.04uM	HT29	24h	LINCSCP_124738
LINCSCP_173119	-0.8108245013	0.02692286879	7	Capsaicin	LSM-43180	TRPV1	1.11uM	YAPC	24h	LINCSCP_173119
LINCSCP_159551	-0.8108028429	0.02693024138	7	Pimavanserin	LSM-45960	HTR2A	0.37uM	PC3	24h	LINCSCP_159551
LINCSCP_162641	0.8107651776	0.02694306548	7	MG-132	LSM-1107	PSMB1	20uM	PC3	24h	LINCSCP_162641
LINCSCP_74205	-0.8107249308	0.02695677234	7	Theobromine	LSM-5483	NA	0.12uM	A375	24h	LINCSCP_74205
LINCSCP_113601	0.810698527	0.02696576679	7	EX-8678	LSM-1147	NA	10uM	HME1	3h	LINCSCP_113601
LINCSCP_18344	-0.8106837985	0.02697078476	7	CGP13501	LSM-4158	GABBR1	10uM	HCC515	24h	LINCSCP_18344
LINCSCP_111308	-0.8106523965	0.02698148516	7	C21H27N7O3	LSM-1128	AKT1|AKT2|AKT3|PRKCQ	3.33uM	HEPG2	24h	LINCSCP_111308
LINCSCP_68642	0.8106230804	0.02699147695	7	Vorinostat	LSM-3828	HDAC1|HDAC2|HDAC3|HDAC6|HDAC8	10uM	VCAP	24h	LINCSCP_68642
LINCSCP_3841	-0.8105575498	0.02701381919	7	Avrainvillamide Analog 3	LSM-45356	NA	0.37uM	A375	24h	LINCSCP_3841
LINCSCP_65213	0.8105562553	0.02701426064	7	BRD-K06432527	LSM-37618	NA	10uM	VCAP	24h	LINCSCP_65213
LINCSCP_281520	-0.8105545705	0.02701483521	7	Gefitinib	LSM-1098	EGFR	10uM	PHH	24h	LINCSCP_281520
LINCSCP_235854	-0.8105069987	0.02703106134	7	L-161,982	LSM-2875	PTGER4	10uM	MCF7	6h	LINCSCP_235854
LINCSCP_52744	-0.8105054032	0.02703160565	7	LOPAC-L-133	LSM-2633	DRD4	10uM	SKB	24h	LINCSCP_52744
LINCSCP_152464	-0.8104356964	0.0270553919	7	Regorafenib	LSM-1226	ABL1|BRAF|DDR2|FGFR1|FGFR2|FLT1|FLT4|FRK|KDR|KIT|MAPK11|PDGFRA|PDGFRB|RAF1|RET|TEK	0.37uM	PC3	24h	LINCSCP_152464
LINCSCP_47240	0.8104244681	0.02705922446	7	ZINC00158302	LSM-4912	NA	10uM	PC3	6h	LINCSCP_47240
LINCSCP_103682	-0.8104034662	0.02706639389	7	GSK-1070916	LSM-1062	AURKB|AURKC	0.37uM	HELA	24h	LINCSCP_103682
LINCSCP_124862	0.8103921494	0.02707025756	7	Refametinib	LSM-45886	NA	0.37uM	HT29	24h	LINCSCP_124862
LINCSCP_57473	0.810374956	0.02707612812	7	MLS001065876	LSM-3794	NA	10uM	VCAP	6h	LINCSCP_57473
LINCSCP_2088	0.8103616453	0.02708067346	7	SPOX1_002925	LSM-4769	NA	10uM	A375	6h	LINCSCP_2088
LINCSCP_212492	0.8103483956	0.02708519842	7	BRD-K01621458	LSM-45313	NA	10uM	HA1E	24h	LINCSCP_212492
LINCSCP_5550	0.8103302751	0.02709138747	7	MLS002264454	LSM-3735	NA	10uM	A549	6h	LINCSCP_5550
LINCSCP_57224	0.8103080378	0.0270989837	7	GW843682X	LSM-1014	PLK1|PLK3	10uM	VCAP	6h	LINCSCP_57224
LINCSCP_35194	0.8102978863	0.02710245186	7	CHEMBL3184324	LSM-38840	NA	10uM	MCF7	24h	LINCSCP_35194
LINCSCP_159398	0.810286146	0.02710646309	7	MG-132	LSM-1107	PSMB1	20uM	PC3	24h	LINCSCP_159398
LINCSCP_32312	0.8102788962	0.02710894025	7	CHEMBL2360967	LSM-36663	NA	10uM	MCF7	6h	LINCSCP_32312
LINCSCP_37739	0.8102046944	0.02713430142	7	SA-1920722	LSM-42297	NA	3uM	MCF7	24h	LINCSCP_37739
LINCSCP_75204	0.8101928887	0.02713833768	7	Roflumilast	LSM-45821	PDE4A|PDE4B|PDE4C|PDE4D	3.33uM	A375	24h	LINCSCP_75204
LINCSCP_112811	-0.8101678421	0.02714690199	7	MLS006011051	LSM-42801	BRAF	0.04uM	HEPG2	24h	LINCSCP_112811
LINCSCP_131046	-0.8101071269	0.02716766893	7	TWS 119	LSM-1111	GSK3B	3.33uM	MCF10A	3h	LINCSCP_131046
LINCSCP_139775	-0.8100958597	0.0271715237	7	ICI 192,605	LSM-45545	NA	0.04uM	MCF7	24h	LINCSCP_139775
LINCSCP_287484	0.810072235	0.02717960732	7	CT-200783	LSM-43273	NA	10uM	SW480	6h	LINCSCP_287484
LINCSCP_30502	0.8100582002	0.0271844102	7	Phloretin	LSM-6221	NA	100uM	MCF7	24h	LINCSCP_30502
LINCSCP_190129	-0.8100536631	0.02718596296	7	CID 78428958	LSM-4971	CACNA1C|CACNA1D|CACNA2D1	10uM	A549	6h	LINCSCP_190129
LINCSCP_291563	0.810047026	0.02718823452	7	Evodiamine	LSM-6483	TRPV1	10uM	VCAP	24h	LINCSCP_291563
LINCSCP_143832	-0.8100456746	0.02718869706	7	9-Epiquinine	LSM-6020	SCN5A	3.33uM	MCF7	24h	LINCSCP_143832
LINCSCP_100856	0.8100205125	0.0271973098	7	MLN-8054	LSM-1066	AURKA	1.11uM	HCC515	24h	LINCSCP_100856
LINCSCP_25499	0.8100078778	0.02720163514	7	RO-281675	LSM-6231	GCK	100uM	HT29	24h	LINCSCP_25499
LINCSCP_19805	-0.8099986918	0.02720478009	7	MLS002264477	LSM-4186	NA	10uM	HCC515	6h	LINCSCP_19805
LINCSCP_107060	0.8099968039	0.02720542644	7	RO4987655	LSM-45489	MAP2K1|MAP2K2	0.04uM	HELA	24h	LINCSCP_107060
LINCSCP_84550	0.8099386477	0.02722534201	7	Entinostat	LSM-4811	HDAC1|HDAC10|HDAC11|HDAC2|HDAC3|HDAC4|HDAC5|HDAC6|HDAC7|HDAC8|HDAC9	1.11uM	ASC	24h	LINCSCP_84550
LINCSCP_18407	-0.809925664	0.02722978937	7	CHEMBL586058	LSM-2796	CASP3	10uM	HCC515	6h	LINCSCP_18407
LINCSCP_10367	-0.8099255127	0.0272298412	7	Fcodpguefhccia-Uhfffaoysa-N	LSM-42689	CASP3	10uM	A673	6h	LINCSCP_10367
LINCSCP_131116	-0.809899336	0.0272388089	7	AS601245	LSM-1034	MAPK10|MAPK8|MAPK9	0.04uM	MCF10A	3h	LINCSCP_131116
LINCSCP_116290	0.8098945045	0.02724046427	7	AZD-8330	LSM-1165	MAP2K1|MAP2K2	3.33uM	HT29	24h	LINCSCP_116290
LINCSCP_154820	0.8098804528	0.02724527898	7	MG-132	LSM-1107	PSMB1	20uM	PC3	24h	LINCSCP_154820
LINCSCP_58482	0.8098214381	0.02726550518	7	ZINC01207723	LSM-4675	NA	10uM	VCAP	6h	LINCSCP_58482
LINCSCP_83151	0.8097565482	0.02728775475	7	Pazopanib	LSM-1114	CSF1R|FGFR1|FGFR3|FLT1|FLT4|ITK|KDR|KIT|LCK|PDGFRA|PDGFRB	0.04uM	ASC.C	24h	LINCSCP_83151
LINCSCP_33621	0.8097011274	0.02730676559	7	ZK-93423	LSM-2741	GABRA1|GABRA2|GABRA3|GABRA5	10uM	MCF7	24h	LINCSCP_33621
LINCSCP_10416	-0.8096752396	0.02731564835	7	BML-259	LSM-6266	CDK2|CDK5	80uM	A673	6h	LINCSCP_10416
LINCSCP_14547	-0.8096661601	0.02731876414	7	Quinelorane	LSM-2277	DRD2|DRD3	10uM	HA1E	6h	LINCSCP_14547
LINCSCP_8013	0.8096577739	0.02732164222	7	Nadolol	LSM-1879	ADRB1|ADRB2	10uM	A549	6h	LINCSCP_8013
LINCSCP_139040	0.8096572407	0.0273218252	7	MG-132	LSM-1107	PSMB1	20uM	MCF7	24h	LINCSCP_139040
LINCSCP_53773	0.809645661	0.0273257995	7	CHEMBL258148	LSM-6214	CTSL	90uM	SNUC4	6h	LINCSCP_53773
LINCSCP_51137	0.8095948532	0.02734324132	7	BMS-536924	LSM-1210	IGF1R	10uM	RMUGS	6h	LINCSCP_51137
LINCSCP_155725	0.8095931198	0.02734383649	7	179324-69-7	LSM-6281	ADRM1|PSMA1|PSMA2|PSMA3|PSMA4|PSMA5|PSMA6|PSMA7|PSMA8|PSMB1|PSMB10|PSMB11|PSMB2|PSMB3|PSMB4|PSMB5|PSMB6|PSMB7|PSMB8|PSMB9|PSMC1|PSMC2|PSMC3|PSMC4|PSMC5|PSMC6|PSMD1|PSMD11|PSMD12|PSMD13|PSMD14|PSMD2|PSMD3|PSMD4|PSMD6|PSMD7|PSMD8|SEM1	20uM	PC3	24h	LINCSCP_155725
LINCSCP_10146	0.8095762304	0.02734963592	7	PF 543	LSM-42693	SPHK1	3.33uM	A549	24h	LINCSCP_10146
LINCSCP_130368	0.8095731143	0.02735070599	7	Gefitinib	LSM-1098	EGFR	10uM	LNCAP	3h	LINCSCP_130368
LINCSCP_153763	-0.8095562211	0.02735650753	7	Tofacitinib (CP-690550) Citrate	LSM-45505	NA	3.33uM	PC3	24h	LINCSCP_153763
LINCSCP_263169	0.8094985483	0.02737631899	7	BRD-K20099363	LSM-9651	NA	10uM	NPC	24h	LINCSCP_263169
LINCSCP_180755	0.8094824205	0.02738186058	7	Megestrol	LSM-5299	NA	10uM	A375	6h	LINCSCP_180755
LINCSCP_151739	0.8094382701	0.02739703405	7	Quizartinib	LSM-1037	CSF1R|FLT3|KIT|PDGFRA|PDGFRB|RET	10uM	PC3	24h	LINCSCP_151739
LINCSCP_154727	0.8094286799	0.0274003306	7	MG-132	LSM-1107	PSMB1	20uM	PC3	24h	LINCSCP_154727
LINCSCP_152285	0.8094186161	0.02740379019	7	Aurora A Inhibitor I	LSM-1065	AURKA	0.12uM	PC3	24h	LINCSCP_152285
LINCSCP_154620	-0.8094084102	0.02740729887	7	RVX-208	LSM-45724	NA	10uM	PC3	24h	LINCSCP_154620
LINCSCP_54550	-0.8093411016	0.02743044525	7	MLS002699429	LSM-44942	NA	40uM	SW948	6h	LINCSCP_54550
LINCSCP_155808	0.8092589471	0.02745871173	7	MG-132	LSM-1107	PSMB1	20uM	PC3	24h	LINCSCP_155808
LINCSCP_30463	0.8092371108	0.02746622761	7	Olaparib	LSM-1145	PARP1|PARP2|PARP3	40uM	MCF7	24h	LINCSCP_30463
LINCSCP_69951	-0.8092102336	0.02747548008	7	761437-28-9	LSM-1208	NA	0.37uM	A375	24h	LINCSCP_69951
LINCSCP_24889	-0.8091934919	0.02748124429	7	CHIR-99021	LSM-1181	NA	1uM	HS578T	6h	LINCSCP_24889
LINCSCP_65936	0.809166153	0.02749065861	7	BRD-K22663811	LSM-38500	NA	1uM	VCAP	24h	LINCSCP_65936
LINCSCP_262186	-0.8091396296	0.02749979383	7	Amantadine	LSM-3571	GRIN1|GRIN2A|GRIN2B|GRIN2C|GRIN2D|GRIN3A|GRIN3B	10uM	NPC	24h	LINCSCP_262186
LINCSCP_286031	0.8090958255	0.02751488463	7	Prostoglandin A1	LSM-42846	NA	1uM	SKMEL1	6h	LINCSCP_286031
LINCSCP_10535	0.8090957369	0.02751491516	7	Gallocatechin Gallate	LSM-6228	BACE1|FASN	90uM	AGS	6h	LINCSCP_10535
LINCSCP_83484	0.8090922134	0.02751612925	7	Entinostat	LSM-4811	HDAC1|HDAC10|HDAC11|HDAC2|HDAC3|HDAC4|HDAC5|HDAC6|HDAC7|HDAC8|HDAC9	10uM	ASC.C	24h	LINCSCP_83484
LINCSCP_54293	-0.8090683355	0.02752435749	7	SMR000651449	LSM-3511	NA	10uM	SW620	6h	LINCSCP_54293
LINCSCP_74698	0.8090299604	0.02753758433	7	Dronedarone HCl	LSM-45428	CACNA1C|CACNA1D|CACNA1F|CACNA1S|HCN4|KCNJ2|SCN10A|SCN11A|SCN1A|SCN2A|SCN3A|SCN4A|SCN5A|SCN7A|SCN8A|SCN9A	0.04uM	A375	24h	LINCSCP_74698
LINCSCP_146562	0.8090150873	0.02754271165	7	HG-9-91-01	LSM-6343	NA	3.33uM	NEU	24h	LINCSCP_146562
LINCSCP_304243	0.8089975034	0.02754877418	7	BRD-K43626867	LSM-11090	NA	5uM	VCAP	6h	LINCSCP_304243
LINCSCP_54574	-0.8089917509	0.02755075767	7	CHEMBL1222381	LSM-6252	NA	80uM	SW948	6h	LINCSCP_54574
LINCSCP_60059	-0.8089596223	0.02756183722	7	BRD-K61412007	LSM-7666	NA	5uM	VCAP	24h	LINCSCP_60059
LINCSCP_43225	-0.8089556294	0.02756321436	7	CHEMBL27449	LSM-36998	NA	10uM	NPC	24h	LINCSCP_43225
LINCSCP_133230	0.8089545721	0.02756357902	7	Y-39983	LSM-1150	ROCK1|ROCK2	1.11uM	MCF7	3h	LINCSCP_133230
LINCSCP_276613	-0.8089539199	0.02756380395	7	BRD-K98675009	LSM-42614	NA	5uM	PC3	24h	LINCSCP_276613
LINCSCP_85241	0.8088570933	0.02759721111	7	AZD-8330	LSM-1165	MAP2K1|MAP2K2	0.04uM	BT20	24h	LINCSCP_85241
LINCSCP_283916	-0.8088451903	0.02760131947	7	NU-7441	LSM-1061	PRKDC	10uM	SKB	24h	LINCSCP_283916
LINCSCP_33778	-0.8087962599	0.02761821151	7	Mnitmt	LSM-3401	NA	10uM	MCF7	6h	LINCSCP_33778
LINCSCP_77728	-0.8087823816	0.02762300372	7	BRD-A40163033	LSM-45750	NA	10uM	A375	24h	LINCSCP_77728
LINCSCP_138599	0.8087525374	0.02763331057	7	179324-69-7	LSM-6281	ADRM1|PSMA1|PSMA2|PSMA3|PSMA4|PSMA5|PSMA6|PSMA7|PSMA8|PSMB1|PSMB10|PSMB11|PSMB2|PSMB3|PSMB4|PSMB5|PSMB6|PSMB7|PSMB8|PSMB9|PSMC1|PSMC2|PSMC3|PSMC4|PSMC5|PSMC6|PSMD1|PSMD11|PSMD12|PSMD13|PSMD14|PSMD2|PSMD3|PSMD4|PSMD6|PSMD7|PSMD8|SEM1	20uM	MCF7	24h	LINCSCP_138599
LINCSCP_111604	-0.8087487184	0.02763462962	7	BMS-345541	LSM-1028	IKBKB	0.37uM	HEPG2	24h	LINCSCP_111604
LINCSCP_121296	0.8087364652	0.02763886207	7	179324-69-7	LSM-6281	ADRM1|PSMA1|PSMA2|PSMA3|PSMA4|PSMA5|PSMA6|PSMA7|PSMA8|PSMB1|PSMB10|PSMB11|PSMB2|PSMB3|PSMB4|PSMB5|PSMB6|PSMB7|PSMB8|PSMB9|PSMC1|PSMC2|PSMC3|PSMC4|PSMC5|PSMC6|PSMD1|PSMD11|PSMD12|PSMD13|PSMD14|PSMD2|PSMD3|PSMD4|PSMD6|PSMD7|PSMD8|SEM1	20uM	HT29	24h	LINCSCP_121296
LINCSCP_138236	0.8087261697	0.02764241856	7	179324-69-7	LSM-6281	ADRM1|PSMA1|PSMA2|PSMA3|PSMA4|PSMA5|PSMA6|PSMA7|PSMA8|PSMB1|PSMB10|PSMB11|PSMB2|PSMB3|PSMB4|PSMB5|PSMB6|PSMB7|PSMB8|PSMB9|PSMC1|PSMC2|PSMC3|PSMC4|PSMC5|PSMC6|PSMD1|PSMD11|PSMD12|PSMD13|PSMD14|PSMD2|PSMD3|PSMD4|PSMD6|PSMD7|PSMD8|SEM1	20uM	MCF7	24h	LINCSCP_138236
LINCSCP_139042	0.8086724528	0.02766097882	7	MG-132	LSM-1107	PSMB1	20uM	MCF7	24h	LINCSCP_139042
LINCSCP_117409	0.8086459543	0.02767013716	7	CHEMBL3347630	LSM-43292	NA	1.11uM	HT29	24h	LINCSCP_117409
LINCSCP_23564	-0.8085645268	0.02769829057	7	MLS000107144	LSM-36458	NA	5uM	HEPG2	6h	LINCSCP_23564
LINCSCP_139192	-0.8085582637	0.02770045667	7	LGX818	LSM-45655	NA	0.12uM	MCF7	24h	LINCSCP_139192
LINCSCP_219204	-0.8085580056	0.02770054594	7	Robustic acid	LSM-3210	NA	10uM	HEPG2	6h	LINCSCP_219204
LINCSCP_222181	0.8085318438	0.02770959515	7	BRD-K64877338	LSM-45344	NA	0.5uM	HL60	24h	LINCSCP_222181
LINCSCP_86627	0.808522728	0.02771274864	7	AZD4547	LSM-6308	NA	0.37uM	CD34	24h	LINCSCP_86627
LINCSCP_22146	0.8084875879	0.02772490679	7	MLS001060803	LSM-1865	NA	10uM	HEPG2	6h	LINCSCP_22146
LINCSCP_2707	0.8084689175	0.02773136779	7	Ceforanide	LSM-2838	NA	10uM	A375	6h	LINCSCP_2707
LINCSCP_17243	-0.8083249104	0.02778123065	7	SCHEMBL17497626	LSM-44605	NA	0.5uM	HA1E	24h	LINCSCP_17243
LINCSCP_115671	0.80831533	0.02778454967	7	TAE-684	LSM-1024	ALK	0.12uM	HS578T	24h	LINCSCP_115671
LINCSCP_34181	0.808302409	0.02778902636	7	Ketoconazole	LSM-5148	AR|CYP19A1	10uM	MCF7	6h	LINCSCP_34181
LINCSCP_60820	0.8082649296	0.02780201398	7	MLS003129717	LSM-8414	NA	5uM	VCAP	24h	LINCSCP_60820
LINCSCP_48764	0.8082410219	0.02781030043	7	CHEMBL2355647	LSM-39249	NA	10uM	PC3	24h	LINCSCP_48764
LINCSCP_31973	0.8082312697	0.02781368095	7	CHEMBL2141722	LSM-3674	NA	10uM	MCF7	24h	LINCSCP_31973
LINCSCP_130249	0.8082282099	0.02781474165	7	Dasatinib	LSM-1020	ABL1|BCR|BLK|EPHA2|FGR|FRK|FYN|HCK|KIT|LCK|LYN|PDGFRB|SRC|SRMS|YES1	3.33uM	LNCAP	3h	LINCSCP_130249
LINCSCP_193212	0.8082210074	0.02781723855	7	U0126	LSM-1220	NA	10uM	A549	24h	LINCSCP_193212
LINCSCP_304485	0.8082132992	0.02781991089	7	BRD-K35829399	LSM-10580	NA	5uM	VCAP	24h	LINCSCP_304485
LINCSCP_251135	-0.8081850451	0.02782970749	7	Wortmannin	LSM-3947	PIK3CA|PIK3CG|PLK1	0.001uM	MCF7	6h	LINCSCP_251135
LINCSCP_4517	0.8081789632	0.02783181654	7	Flutamide	LSM-2621	AR	30uM	A549	24h	LINCSCP_4517
LINCSCP_67746	-0.8081755944	0.02783298478	7	CGS-15943	LSM-3076	ADORA1|ADORA2A|ADORA2B	5uM	NKDBA	24h	LINCSCP_67746
LINCSCP_116301	0.8081538438	0.02784052825	7	Foretinib	LSM-1158	FLT1|FLT3|FLT4|KDR|KIT|MET|PDGFRA|PDGFRB|TEK	10uM	HT29	24h	LINCSCP_116301
LINCSCP_236611	-0.8081523812	0.02784103554	7	Nimodipine	LSM-1659	CACNA1C|CACNA1D|CACNA1F|CACNA1S|NR3C2	10uM	MCF7	6h	LINCSCP_236611
LINCSCP_65293	0.808140786	0.02784505744	7	BRD-K48031880	LSM-39936	NA	10uM	VCAP	24h	LINCSCP_65293
LINCSCP_143448	0.8080628053	0.02787211425	7	MG-132	LSM-1107	PSMB1	20uM	MCF7	24h	LINCSCP_143448
LINCSCP_25185	-0.8080567438	0.02787421801	7	Alrestatin	LSM-2775	AKR1B1	10uM	HT29	6h	LINCSCP_25185
LINCSCP_47271	0.8080220732	0.02788625286	7	Propafenone	LSM-1416	ADRB1|ADRB2|KCNH2|SCN10A|SCN11A|SCN1A|SCN2A|SCN3A|SCN4A|SCN5A|SCN7A|SCN8A|SCN9A	10uM	PC3	24h	LINCSCP_47271
LINCSCP_6179	0.8080127789	0.0278894796	7	PD-0325901	LSM-1101	MAP2K1|MAP2K2	10uM	A549	24h	LINCSCP_6179
LINCSCP_130159	0.8080082833	0.02789104041	7	PD-0325901	LSM-1101	MAP2K1|MAP2K2	3.33uM	LNCAP	3h	LINCSCP_130159
LINCSCP_252578	-0.8079883622	0.02789795738	7	BRD-K07569193	LSM-8880	NA	0.5uM	MCF7	24h	LINCSCP_252578
LINCSCP_86372	-0.8079723679	0.0279035116	7	AT-7519	LSM-1004	CDK1|CDK10|CDK11B|CDK12|CDK13|CDK14|CDK15|CDK16|CDK17|CDK18|CDK19|CDK2|CDK20|CDK3|CDK4|CDK5|CDK6|CDK7|CDK8|CDK9	1.11uM	BT20	3h	LINCSCP_86372
LINCSCP_84650	-0.8079453971	0.02791287896	7	Resveratrol	LSM-42917	PTGS1|PTGS2|SIRT1	10uM	ASC	24h	LINCSCP_84650
LINCSCP_122553	0.8079325823	0.02791733033	7	MG-132	LSM-1107	PSMB1	20uM	HT29	24h	LINCSCP_122553
LINCSCP_81131	-0.8079012311	0.02792822227	7	C21H27N7O3	LSM-1128	AKT1|AKT2|AKT3|PRKCQ	3.33uM	A549	24h	LINCSCP_81131
LINCSCP_193447	-0.8078765101	0.02793681244	7	Pregnenolone Carbonitrile	LSM-2870	NA	10uM	A549	6h	LINCSCP_193447
LINCSCP_23995	0.8078325709	0.02795208426	7	Staurosporine	LSM-1103	CDK2|GSK3B	0.37uM	HEPG2	24h	LINCSCP_23995
LINCSCP_70064	-0.8077970352	0.02796443875	7	C30H33N3O5S	LSM-1156	ATM	0.04uM	A375	24h	LINCSCP_70064
LINCSCP_20629	-0.8077675147	0.02797470431	7	CHEMBL1986318	LSM-6610	NA	10uM	HCC515	6h	LINCSCP_20629
LINCSCP_267252	-0.8077651658	0.02797552118	7	Nicardipine	LSM-1418	CACNA1C|CACNA1D|CACNA1F|CACNA1S	10uM	PC3	24h	LINCSCP_267252
LINCSCP_23221	0.8077467237	0.02798193549	7	CHEMBL2140299	LSM-36699	NA	10uM	HEPG2	6h	LINCSCP_23221
LINCSCP_63226	0.807744391	0.02798274688	7	CHEMBL3188568	LSM-11468	NA	5uM	VCAP	24h	LINCSCP_63226
LINCSCP_25574	0.8077441016	0.02798284753	7	KO143	LSM-6260	ABCG2	40uM	HT29	24h	LINCSCP_25574
LINCSCP_84328	-0.8077408954	0.02798396276	7	Osimertinib	LSM-6344	EGFR|ERBB2|ERBB3|ERBB4	10uM	ASC	24h	LINCSCP_84328
LINCSCP_95932	-0.8077377257	0.02798506533	7	Penciclovir	LSM-5587	NA	0.37uM	HA1E	24h	LINCSCP_95932
LINCSCP_67111	0.8077158964	0.02799265927	7	13-Hydroxy-8,14,19-trimethoxy-4,10,12,16-tetramethyl-3,20,22-trioxo-2-azabicyclo[16.3.1]docosa-1(21),4,6,10,18-pentaen-9-yl carbamate	LSM-42815	HSP90AA1	10uM	HT29	6h	LINCSCP_67111
LINCSCP_165262	-0.807709286	0.0279949591	7	TPCA-1	LSM-1136	IKBKB	1.11uM	SKL	24h	LINCSCP_165262
LINCSCP_51552	0.8076999233	0.02799821666	7	AZ628	LSM-1050	BRAF|RAF1	0.5uM	SKBR3	6h	LINCSCP_51552
LINCSCP_18618	-0.8076971718	0.02799917404	7	(Z) Fluvoxamine	LSM-3625	SLC6A4	10uM	HCC515	24h	LINCSCP_18618
LINCSCP_105484	0.8076190344	0.02802636931	7	TIROFIBAN HYDROCHLORIDE	LSM-45871	ITGA2B|ITGB3	3.33uM	HELA	24h	LINCSCP_105484
LINCSCP_27290	-0.8075889001	0.02803686133	7	AC1LNRY5	LSM-2542	NA	10uM	HT29	6h	LINCSCP_27290
LINCSCP_154162	-0.8075818891	0.02803930269	7	GSK 525762A	LSM-6334	NA	0.12uM	PC3	24h	LINCSCP_154162
LINCSCP_68815	-0.8075643321	0.02804541693	7	Troglitazone	LSM-4890	PPARG	0.1uM	VCAP	24h	LINCSCP_68815
LINCSCP_39783	0.8075635056	0.02804570478	7	Tipifarnib	LSM-6258	CHURC1-FNTB|FNTA|FNTB	10uM	MDST8	6h	LINCSCP_39783
LINCSCP_119750	0.807504911	0.02806611589	7	Darapladib	LSM-45613	PLA2G7	10uM	HT29	24h	LINCSCP_119750
LINCSCP_215425	-0.8074306687	0.02809198973	7	L-Sulforaphane	LSM-4919	NFE2L2	10uM	HCC515	6h	LINCSCP_215425
LINCSCP_58433	-0.8074129972	0.02809815031	7	AC1M08Y6	LSM-4783	NA	10uM	VCAP	24h	LINCSCP_58433
LINCSCP_17637	0.8073522015	0.02811935052	7	Arachidonyl Trifluoromethylketone	LSM-43275	PLA2G4A	80uM	HCC15	6h	LINCSCP_17637
LINCSCP_23744	-0.807350974	0.02811977868	7	Elliptecine	LSM-4842	TOP2A|TOP2B	3uM	HEPG2	6h	LINCSCP_23744
LINCSCP_27060	-0.8073431314	0.02812251415	7	149759-96-6	LSM-2081	NA	10uM	HT29	6h	LINCSCP_27060
LINCSCP_112503	-0.8073402543	0.02812351773	7	Anacardic acid	LSM-6320	NA	10uM	HEPG2	24h	LINCSCP_112503
LINCSCP_115304	-0.8073117559	0.02813345938	7	PLX-4720	LSM-1049	BRAF	1.11uM	HS578T	3h	LINCSCP_115304
LINCSCP_16044	0.8073043285	0.02813605074	7	MLS002607744	LSM-3517	NA	10uM	HA1E	6h	LINCSCP_16044
LINCSCP_64759	-0.8072914862	0.02814053166	7	BRD-K28249211	LSM-38811	NA	10uM	VCAP	6h	LINCSCP_64759
LINCSCP_164454	-0.8072657138	0.02814952531	7	FR-180204	LSM-42790	MAPK1|MAPK3	1.11uM	SKL.C	24h	LINCSCP_164454
LINCSCP_168536	-0.8071973874	0.02817337661	7	Pidotimod	LSM-5556	NA	3.33uM	YAPC	24h	LINCSCP_168536
LINCSCP_109515	0.8071658207	0.02818439972	7	Rizatriptan	LSM-3691	HTR1B|HTR1D|HTR1F	10uM	HELA	24h	LINCSCP_109515
LINCSCP_25899	0.8071598105	0.02818649875	7	SMR000074300	LSM-2495	NA	10uM	HT29	24h	LINCSCP_25899
LINCSCP_134601	0.8071469264	0.02819099876	7	SAQUINAVIR MESYLATE	LSM-45573	NA	0.04uM	MCF7	24h	LINCSCP_134601
LINCSCP_153305	-0.8071411229	0.02819302587	7	UNII-BXU45ZH6LI	LSM-2382	OPRL1	0.04uM	PC3	24h	LINCSCP_153305
LINCSCP_60664	0.8071377407	0.02819420728	7	BRD-K20931972	LSM-7124	NA	5uM	VCAP	6h	LINCSCP_60664
LINCSCP_134788	-0.8071277367	0.02819770185	7	ANISODAMINE HYDROBROMIDE	LSM-45481	NA	10uM	MCF7	24h	LINCSCP_134788
LINCSCP_172140	-0.8071076465	0.02820472046	7	Meclizine	LSM-1607	HRH1|NR1I3	3.33uM	YAPC	24h	LINCSCP_172140
LINCSCP_14475	-0.8070751953	0.02821605952	7	Lidoflazine	LSM-3397	NA	10uM	HA1E	24h	LINCSCP_14475
LINCSCP_120798	-0.8070688909	0.0282182627	7	Afuresertib	LSM-42768	AKT1|AKT2|AKT3	3.33uM	HT29	24h	LINCSCP_120798
LINCSCP_112899	-0.8070314266	0.0282313572	7	SCHEMBL15556278	LSM-1002	DDR1	0.37uM	HEPG2	24h	LINCSCP_112899
LINCSCP_27749	0.807021909	0.02823468433	7	BRD-K95919017	LSM-14312	NA	5uM	HT29	24h	LINCSCP_27749
LINCSCP_19841	0.807010766	0.02823857991	7	CHEMBL1511856	LSM-2241	NPSR1	10uM	HCC515	6h	LINCSCP_19841
LINCSCP_11570	0.8070060863	0.02824021602	7	U0126	LSM-1220	NA	10uM	ASC	24h	LINCSCP_11570
LINCSCP_113374	-0.8069906723	0.02824560545	7	BMS-345541	LSM-1028	IKBKB	3.33uM	HME1	3h	LINCSCP_113374
LINCSCP_149401	0.8069499892	0.02825983286	7	PD-0325901	LSM-1101	MAP2K1|MAP2K2	0.12uM	NPC	24h	LINCSCP_149401
LINCSCP_59507	0.806908057	0.02827450129	7	Pyridostigmine	LSM-5770	ACHE	10uM	VCAP	24h	LINCSCP_59507
LINCSCP_25461	0.8069049903	0.02827557423	7	CHEMBL416418	LSM-6211	ASAH1|UGCG	60uM	HT29	24h	LINCSCP_25461
LINCSCP_20271	0.8068994327	0.02827751872	7	ST081814	LSM-4638	NA	10uM	HCC515	6h	LINCSCP_20271
LINCSCP_133684	-0.8068427472	0.02829735599	7	N-[4-Chloro-3-(trifluoromethyl)phenyl]-2-ethoxybenzamide	LSM-6321	NA	0.04uM	MCF7	24h	LINCSCP_133684
LINCSCP_101452	0.8068381576	0.02829896251	7	Dimesna	LSM-45769	NA	0.04uM	HELA	24h	LINCSCP_101452
LINCSCP_157255	-0.8067757539	0.02832081062	7	Tasisulam	LSM-45766	NA	1.11uM	PC3	24h	LINCSCP_157255
LINCSCP_122863	0.8067049475	0.02834561206	7	AZD-8330	LSM-1165	MAP2K1|MAP2K2	0.37uM	HT29	24h	LINCSCP_122863
LINCSCP_123057	0.8066758738	0.02835579924	7	Selumetinib	LSM-1056	MAP2K1|MAP2K2	10uM	HT29	24h	LINCSCP_123057
LINCSCP_141391	0.806659302	0.02836160679	7	179324-69-7	LSM-6281	ADRM1|PSMA1|PSMA2|PSMA3|PSMA4|PSMA5|PSMA6|PSMA7|PSMA8|PSMB1|PSMB10|PSMB11|PSMB2|PSMB3|PSMB4|PSMB5|PSMB6|PSMB7|PSMB8|PSMB9|PSMC1|PSMC2|PSMC3|PSMC4|PSMC5|PSMC6|PSMD1|PSMD11|PSMD12|PSMD13|PSMD14|PSMD2|PSMD3|PSMD4|PSMD6|PSMD7|PSMD8|SEM1	20uM	MCF7	24h	LINCSCP_141391
LINCSCP_267577	0.8066398119	0.02836843792	7	MLS001065841	LSM-2365	NA	10uM	PC3	24h	LINCSCP_267577
LINCSCP_109948	-0.8066349514	0.02837014161	7	Etodolac	LSM-1781	PTGS2	3.33uM	HELA	24h	LINCSCP_109948
LINCSCP_13248	0.8066078201	0.02837965276	7	105101-25-5	LSM-37206	NA	10uM	FIBRNPC	24h	LINCSCP_13248
LINCSCP_116897	-0.8065903815	0.02838576699	7	Tivozanib	LSM-1005	FLT1|FLT4|KDR|KIT|PDGFRA|PDGFRB	0.12uM	HT29	24h	LINCSCP_116897
LINCSCP_160951	-0.8065725705	0.02839201252	7	Levamisole	LSM-6655	NA	0.04uM	PC3	24h	LINCSCP_160951
LINCSCP_16997	-0.806549523	0.02840009542	7	BRD-K74507776	LSM-41330	NA	10uM	HA1E	6h	LINCSCP_16997
LINCSCP_167678	0.8065449222	0.02840170913	7	MK-5172	LSM-45592	NA	10uM	YAPC	24h	LINCSCP_167678
LINCSCP_147554	0.8065247852	0.02840877258	7	Pazopanib	LSM-1114	CSF1R|FGFR1|FGFR3|FLT1|FLT4|ITK|KDR|KIT|LCK|PDGFRA|PDGFRB	10uM	NPC.CAS9	24h	LINCSCP_147554
LINCSCP_119408	0.8065108202	0.02841367165	7	Irinotecan	LSM-2167	TOP1	10uM	HT29	24h	LINCSCP_119408
LINCSCP_60635	0.8064746855	0.02842635031	7	BRD-K87400432	LSM-7972	NA	5uM	VCAP	24h	LINCSCP_60635
LINCSCP_12660	0.8064275473	0.02844289459	7	179324-69-7	LSM-6281	ADRM1|PSMA1|PSMA2|PSMA3|PSMA4|PSMA5|PSMA6|PSMA7|PSMA8|PSMB1|PSMB10|PSMB11|PSMB2|PSMB3|PSMB4|PSMB5|PSMB6|PSMB7|PSMB8|PSMB9|PSMC1|PSMC2|PSMC3|PSMC4|PSMC5|PSMC6|PSMD1|PSMD11|PSMD12|PSMD13|PSMD14|PSMD2|PSMD3|PSMD4|PSMD6|PSMD7|PSMD8|SEM1	0.01uM	CORL23	6h	LINCSCP_12660
LINCSCP_141200	0.8063554235	0.02846821855	7	MG-132	LSM-1107	PSMB1	20uM	MCF7	24h	LINCSCP_141200
LINCSCP_59729	0.8063399343	0.02847365875	7	BRD-K04632192	LSM-37525	NA	5uM	VCAP	6h	LINCSCP_59729
LINCSCP_117811	-0.8063336431	0.02847586855	7	GSK-2334470	LSM-1222	PDK1|PDPK1	0.12uM	HT29	24h	LINCSCP_117811
LINCSCP_133313	-0.8063309612	0.0284768106	7	CGP 60474	LSM-1025	CDK1	0.37uM	MCF7	24h	LINCSCP_133313
LINCSCP_142834	0.8063083444	0.02848475569	7	179324-69-7	LSM-6281	ADRM1|PSMA1|PSMA2|PSMA3|PSMA4|PSMA5|PSMA6|PSMA7|PSMA8|PSMB1|PSMB10|PSMB11|PSMB2|PSMB3|PSMB4|PSMB5|PSMB6|PSMB7|PSMB8|PSMB9|PSMC1|PSMC2|PSMC3|PSMC4|PSMC5|PSMC6|PSMD1|PSMD11|PSMD12|PSMD13|PSMD14|PSMD2|PSMD3|PSMD4|PSMD6|PSMD7|PSMD8|SEM1	20uM	MCF7	24h	LINCSCP_142834
LINCSCP_58227	-0.8062734915	0.02849700169	7	Dexlansoprazole	LSM-5064	ATP4A|ATP4B	10uM	VCAP	6h	LINCSCP_58227
LINCSCP_116339	-0.8062548223	0.02850356259	7	TORIN-2	LSM-1080	MTOR	1.11uM	HT29	24h	LINCSCP_116339
LINCSCP_36844	0.8062269974	0.02851334257	7	NVP-AEW541	LSM-44953	IGF1R	10uM	MCF7	24h	LINCSCP_36844
LINCSCP_144503	-0.8061963597	0.0285241134	7	Relcovaptan	LSM-4185	AVPR1A|OXTR	10uM	MCF7	24h	LINCSCP_144503
LINCSCP_49925	-0.8061577395	0.02853769379	7	TENOVIN-1	LSM-5238	SIRT1	10uM	PHH	24h	LINCSCP_49925
LINCSCP_16002	0.8061566581	0.0285380741	7	KUC104547N	LSM-2884	NA	10uM	HA1E	6h	LINCSCP_16002
LINCSCP_58875	0.8061559049	0.02853833899	7	Rivaroxaban	LSM-5499	F10	10uM	VCAP	24h	LINCSCP_58875
LINCSCP_51428	-0.806127793	0.02854822665	7	PHA-793887	LSM-1073	CDK1|CDK10|CDK11B|CDK12|CDK13|CDK14|CDK15|CDK16|CDK17|CDK18|CDK19|CDK2|CDK20|CDK3|CDK4|CDK5|CDK6|CDK7|CDK8|CDK9	10uM	SKBR3	24h	LINCSCP_51428
LINCSCP_148511	0.80608231	0.02856422819	7	AZ628	LSM-1050	BRAF|RAF1	1.11uM	NPC	24h	LINCSCP_148511
LINCSCP_191897	-0.806081821	0.02856440028	7	Bongkrekic acid	LSM-42821	SLC25A4	10uM	A549	6h	LINCSCP_191897
LINCSCP_29304	0.8060462144	0.02857693072	7	Arachidonyl Trifluoromethylketone	LSM-43275	PLA2G4A	80uM	LOVO	6h	LINCSCP_29304
LINCSCP_146705	-0.8060459769	0.0285770143	7	Sirolimus	LSM-42783	FKBP1A|MTOR	10uM	NEU	24h	LINCSCP_146705
LINCSCP_139400	0.8060321819	0.02858186978	7	MG-132	LSM-1107	PSMB1	20uM	MCF7	24h	LINCSCP_139400
LINCSCP_250947	0.8059315067	0.02861731888	7	CYTO7H11	LSM-4351	BAX	10uM	MCF7	24h	LINCSCP_250947
LINCSCP_209530	0.8058982126	0.02862904757	7	FGIN1-27	LSM-2201	TSPO	10uM	HA1E	24h	LINCSCP_209530
LINCSCP_121677	0.8058617093	0.02864190992	7	AZ628	LSM-1050	BRAF|RAF1	0.12uM	HT29	24h	LINCSCP_121677
LINCSCP_124347	0.8058427346	0.02864859714	7	MG-132	LSM-1107	PSMB1	20uM	HT29	24h	LINCSCP_124347
LINCSCP_291864	0.8058268958	0.02865417985	7	MLS001065837	LSM-2605	NA	10uM	VCAP	24h	LINCSCP_291864
LINCSCP_68597	0.8057884883	0.02866771988	7	Sirolimus	LSM-42783	FKBP1A|MTOR	10uM	VCAP	24h	LINCSCP_68597
LINCSCP_31362	-0.8057833167	0.02866954336	7	4-(4-Bromophenyl)-2-(methylsulfonyl)thiazole	LSM-2784	NA	10uM	MCF7	24h	LINCSCP_31362
LINCSCP_260007	0.8057163664	0.02869315518	7	AC1O7M2R	LSM-3745	ADCY2	10uM	NEU	24h	LINCSCP_260007
LINCSCP_84268	-0.8056995585	0.02869908466	7	SB525334	LSM-1121	TGFBR1	10uM	ASC	24h	LINCSCP_84268
LINCSCP_28058	0.8056874244	0.02870336575	7	CHEMBL2134588	LSM-42520	NA	5uM	HT29	24h	LINCSCP_28058
LINCSCP_53619	0.8056865821	0.02870366293	7	179324-69-7	LSM-6281	ADRM1|PSMA1|PSMA2|PSMA3|PSMA4|PSMA5|PSMA6|PSMA7|PSMA8|PSMB1|PSMB10|PSMB11|PSMB2|PSMB3|PSMB4|PSMB5|PSMB6|PSMB7|PSMB8|PSMB9|PSMC1|PSMC2|PSMC3|PSMC4|PSMC5|PSMC6|PSMD1|PSMD11|PSMD12|PSMD13|PSMD14|PSMD2|PSMD3|PSMD4|PSMD6|PSMD7|PSMD8|SEM1	0.01uM	SNGM	6h	LINCSCP_53619
LINCSCP_132708	-0.8056805223	0.02870580106	7	BMS-387032	LSM-1132	CDK2|CDK7|CDK9	3.33uM	MCF7	24h	LINCSCP_132708
LINCSCP_87901	-0.8056707389	0.0287092532	7	C19H19FN4O3	LSM-1178	FGFR1|FLT1|KDR	0.04uM	HA1E	24h	LINCSCP_87901
LINCSCP_31809	-0.8056568649	0.02871414916	7	Lidocaine	LSM-3165	SCN10A|SCN11A|SCN1A|SCN2A|SCN3A|SCN4A|SCN5A|SCN7A|SCN8A|SCN9A	10uM	MCF7	6h	LINCSCP_31809
LINCSCP_84954	-0.8056331493	0.02872251915	7	HMN-214	LSM-42802	CSF1R|FLT1|FLT3|FLT4|KDR|KIT|PDGFRB|RET	10uM	ASC	24h	LINCSCP_84954
LINCSCP_172850	0.805590905	0.02873743189	7	CC-401	LSM-1186	NA	3.33uM	YAPC	24h	LINCSCP_172850
LINCSCP_284414	-0.8055745418	0.02874320948	7	3-Tropanyl-3,5-dichlorobenzoate	LSM-1871	HTR3A	10uM	SKB	24h	LINCSCP_284414
LINCSCP_41411	0.8055731418	0.0287437038	7	SB-216763	LSM-1161	GSK3B	10uM	NEU	24h	LINCSCP_41411
LINCSCP_174762	0.8055716564	0.02874422834	7	STK-674938	LSM-45580	NA	3.33uM	YAPC	24h	LINCSCP_174762
LINCSCP_147258	0.8055345469	0.02875733372	7	ZINC6718453	LSM-1198	NA	1.11uM	NEU	24h	LINCSCP_147258
LINCSCP_30593	0.8055230824	0.02876138318	7	CHEMBL520231	LSM-43280	XPO1	10uM	MCF7	24h	LINCSCP_30593
LINCSCP_86648	0.8055184914	0.02876300486	7	Dasatinib	LSM-1020	ABL1|BCR|BLK|EPHA2|FGR|FRK|FYN|HCK|KIT|LCK|LYN|PDGFRB|SRC|SRMS|YES1	10uM	CD34	24h	LINCSCP_86648
LINCSCP_21490	-0.8054906753	0.02877283156	7	AC1NWALC	LSM-1913	ATP1A1	10uM	HEPG2	6h	LINCSCP_21490
LINCSCP_115477	-0.8054876711	0.02877389297	7	GSK 1059615	LSM-42799	PIK3CA|PIK3CB|PIK3CD|PIK3CG	3.33uM	HS578T	24h	LINCSCP_115477
LINCSCP_23106	-0.8054631569	0.02878255493	7	Dihydrorobustic acid	LSM-4122	NA	10uM	HEPG2	6h	LINCSCP_23106
LINCSCP_138048	0.8054308343	0.02879397814	7	MG-132	LSM-1107	PSMB1	20uM	MCF7	24h	LINCSCP_138048
LINCSCP_101326	-0.805407864	0.0288020977	7	Ramelteon	LSM-20965	MTNR1A|MTNR1B	0.04uM	HELA	24h	LINCSCP_101326
LINCSCP_81302	-0.8053983369	0.02880546574	7	Alpelisib	LSM-4256	PIK3CA	0.12uM	A549	24h	LINCSCP_81302
LINCSCP_109599	0.8053961751	0.02880622999	7	NVP DPP 728 dihydrochloride	LSM-45615	NA	10uM	HELA	24h	LINCSCP_109599
LINCSCP_7841	0.8053399332	0.02882611743	7	BRD-K43226598	LSM-39644	NA	10uM	A549	24h	LINCSCP_7841
LINCSCP_51059	-0.8053391602	0.02882639081	7	Evodiamine	LSM-6483	TRPV1	10uM	RMUGS	6h	LINCSCP_51059
LINCSCP_83305	-0.805314283	0.02883519001	7	AT 7867	LSM-1155	NA	0.04uM	ASC.C	24h	LINCSCP_83305
LINCSCP_138238	0.8052843827	0.02884576792	7	179324-69-7	LSM-6281	ADRM1|PSMA1|PSMA2|PSMA3|PSMA4|PSMA5|PSMA6|PSMA7|PSMA8|PSMB1|PSMB10|PSMB11|PSMB2|PSMB3|PSMB4|PSMB5|PSMB6|PSMB7|PSMB8|PSMB9|PSMC1|PSMC2|PSMC3|PSMC4|PSMC5|PSMC6|PSMD1|PSMD11|PSMD12|PSMD13|PSMD14|PSMD2|PSMD3|PSMD4|PSMD6|PSMD7|PSMD8|SEM1	20uM	MCF7	24h	LINCSCP_138238
LINCSCP_156081	0.8052649484	0.0288526444	7	179324-69-7	LSM-6281	ADRM1|PSMA1|PSMA2|PSMA3|PSMA4|PSMA5|PSMA6|PSMA7|PSMA8|PSMB1|PSMB10|PSMB11|PSMB2|PSMB3|PSMB4|PSMB5|PSMB6|PSMB7|PSMB8|PSMB9|PSMC1|PSMC2|PSMC3|PSMC4|PSMC5|PSMC6|PSMD1|PSMD11|PSMD12|PSMD13|PSMD14|PSMD2|PSMD3|PSMD4|PSMD6|PSMD7|PSMD8|SEM1	20uM	PC3	24h	LINCSCP_156081
LINCSCP_64360	-0.8052493387	0.0288581683	7	BRD-K10170503	LSM-37801	NA	5uM	VCAP	6h	LINCSCP_64360
LINCSCP_83564	-0.8052345324	0.02886340842	7	CX-5461	LSM-6342	NA	1.11uM	ASC.C	24h	LINCSCP_83564
LINCSCP_56790	0.8052266325	0.02886620452	7	AC1MSUFC	LSM-6191	HMGCR	40uM	VCAP	24h	LINCSCP_56790
LINCSCP_138409	0.8052217114	0.02886794635	7	MG-132	LSM-1107	PSMB1	20uM	MCF7	24h	LINCSCP_138409
LINCSCP_133712	0.805219304	0.02886879848	7	1268524-70-4	LSM-6332	NA	0.37uM	MCF7	24h	LINCSCP_133712
LINCSCP_4944	-0.8052107398	0.02887183003	7	Azathioprine	LSM-42936	PPAT	10uM	A549	24h	LINCSCP_4944
LINCSCP_166718	0.8051805523	0.02888251715	7	179324-69-7	LSM-6281	ADRM1|PSMA1|PSMA2|PSMA3|PSMA4|PSMA5|PSMA6|PSMA7|PSMA8|PSMB1|PSMB10|PSMB11|PSMB2|PSMB3|PSMB4|PSMB5|PSMB6|PSMB7|PSMB8|PSMB9|PSMC1|PSMC2|PSMC3|PSMC4|PSMC5|PSMC6|PSMD1|PSMD11|PSMD12|PSMD13|PSMD14|PSMD2|PSMD3|PSMD4|PSMD6|PSMD7|PSMD8|SEM1	20uM	YAPC	24h	LINCSCP_166718
LINCSCP_47821	-0.8051550485	0.02889154781	7	Idazoxan	LSM-4350	ADRA2A	10uM	PC3	6h	LINCSCP_47821
LINCSCP_194043	-0.8051435518	0.02889561922	7	Tropicamide	LSM-1814	CHRM3|CHRM4	10uM	A549	6h	LINCSCP_194043
LINCSCP_71540	-0.8051310639	0.02890004203	7	Hoechst 33258	LSM-45280	NA	10uM	A375	24h	LINCSCP_71540
LINCSCP_31301	0.8051010858	0.02891066082	7	AN-465/41673090	LSM-4159	NA	10uM	MCF7	6h	LINCSCP_31301
LINCSCP_13214	-0.8050882212	0.02891521834	7	IWR-1-ENDO	LSM-5707	TNKS|TNKS2	10uM	FIBRNPC	24h	LINCSCP_13214
LINCSCP_83038	0.8050738871	0.02892029696	7	Cabozantinib	LSM-1195	KDR|MET	0.04uM	ASC.C	24h	LINCSCP_83038
LINCSCP_122862	0.8050721637	0.02892090759	7	AZD-8330	LSM-1165	MAP2K1|MAP2K2	1.11uM	HT29	24h	LINCSCP_122862
LINCSCP_28498	0.8050391796	0.02893259603	7	BRD-K11533227	LSM-36781	NA	10uM	HT29	24h	LINCSCP_28498
LINCSCP_14919	-0.8050285305	0.02893637025	7	Immethridine	LSM-3087	HRH3	10uM	HA1E	6h	LINCSCP_14919
LINCSCP_15017	-0.8050247083	0.02893772497	7	Chromanol 293B	LSM-1847	NA	10uM	HA1E	24h	LINCSCP_15017
LINCSCP_67744	-0.804974859	0.02895539657	7	CGS-15943	LSM-3076	ADORA1|ADORA2A|ADORA2B	20uM	NKDBA	24h	LINCSCP_67744
LINCSCP_34493	0.8049747905	0.02895542088	7	Methylbenzethonium	LSM-5574	NA	10uM	MCF7	24h	LINCSCP_34493
LINCSCP_85869	0.8049667291	0.02895827923	7	Saracatinib	LSM-1032	ABL1|SRC	0.37uM	BT20	24h	LINCSCP_85869
LINCSCP_63802	0.8049393214	0.02896799837	7	BRD-K47284302	LSM-11317	NA	5uM	VCAP	6h	LINCSCP_63802
LINCSCP_152265	0.8048988637	0.0289823486	7	JNJ-38877605	LSM-1157	MET	1.11uM	PC3	24h	LINCSCP_152265
LINCSCP_310077	-0.8048472766	0.02900065216	7	BRD-K92047490	LSM-42282	NA	10uM	VCAP	24h	LINCSCP_310077
LINCSCP_136080	0.8048416071	0.02900266415	7	179324-69-7	LSM-6281	ADRM1|PSMA1|PSMA2|PSMA3|PSMA4|PSMA5|PSMA6|PSMA7|PSMA8|PSMB1|PSMB10|PSMB11|PSMB2|PSMB3|PSMB4|PSMB5|PSMB6|PSMB7|PSMB8|PSMB9|PSMC1|PSMC2|PSMC3|PSMC4|PSMC5|PSMC6|PSMD1|PSMD11|PSMD12|PSMD13|PSMD14|PSMD2|PSMD3|PSMD4|PSMD6|PSMD7|PSMD8|SEM1	20uM	MCF7	24h	LINCSCP_136080
LINCSCP_17709	0.8048234253	0.02900911703	7	CHEMBL399379	LSM-6245	ACLY	80uM	HCC15	6h	LINCSCP_17709
LINCSCP_39908	0.8048080731	0.02901456625	7	Manumycin-A	LSM-43075	FNTA|IKBKB	10uM	NCIH1836	6h	LINCSCP_39908
LINCSCP_124859	0.8047958458	0.02901890674	7	Refametinib	LSM-45886	NA	10uM	HT29	24h	LINCSCP_124859
LINCSCP_117394	-0.8047946525	0.02901933037	7	GSK 525762A	LSM-6334	NA	0.04uM	HT29	24h	LINCSCP_117394
LINCSCP_151249	-0.804788442	0.02902153512	7	CHEMBL2136735	LSM-1152	FGFR1|FGFR3|FLT1|FLT4|KDR|PDGFRA|PDGFRB	10uM	PC3	24h	LINCSCP_151249
LINCSCP_164742	-0.804761479	0.02903110828	7	Epigalocatechin Gallate	LSM-5661	FASN	10uM	SKL.C	24h	LINCSCP_164742
LINCSCP_189367	0.8047403412	0.02903861443	7	MLS002703099	LSM-2090	NA	10uM	A549	24h	LINCSCP_189367
LINCSCP_131156	-0.8047279488	0.02904301558	7	Sorafenib	LSM-1008	BRAF|DDR2|FGFR1|FLT1|FLT3|FLT4|KDR|KIT|PDGFRB|RAF1|RET	0.12uM	MCF10A	24h	LINCSCP_131156
LINCSCP_101723	-0.8047130101	0.02904832149	7	UNII-BXU45ZH6LI	LSM-2382	OPRL1	3.33uM	HELA	24h	LINCSCP_101723
LINCSCP_147899	0.8046953829	0.02905458305	7	Mocetinostat	LSM-5344	HDAC1|HDAC11|HDAC2|HDAC3|HDAC8	0.12uM	NPC.CAS9	24h	LINCSCP_147899
LINCSCP_148766	0.8046851978	0.02905820132	7	GSK-461364	LSM-1013	PLK1	10uM	NPC	24h	LINCSCP_148766
LINCSCP_122241	-0.8046210333	0.02908100181	7	Clozapine	LSM-2823	ADRA1A|ADRA1B|CHRM1|CHRM2|CHRM3|CHRM4|DRD1|DRD2|DRD3|DRD4|HRH1|HRH4|HTR1A|HTR1B|HTR1D|HTR1E|HTR2A|HTR2C|HTR6|HTR7	0.04uM	HT29	24h	LINCSCP_122241
LINCSCP_26330	-0.8046092174	0.02908520163	7	SR57227A	LSM-2188	HTR3A	10uM	HT29	6h	LINCSCP_26330
LINCSCP_44412	0.8045688175	0.02909956377	7	Tyrphostin B46	LSM-3628	EGFR	10uM	PC3	24h	LINCSCP_44412
LINCSCP_116289	0.8045002006	0.02912396619	7	AZD-8330	LSM-1165	MAP2K1|MAP2K2	10uM	HT29	24h	LINCSCP_116289
LINCSCP_9004	0.8044865462	0.02912882352	7	CHEMBL3186722	LSM-38352	NA	10uM	A549	24h	LINCSCP_9004
LINCSCP_75601	-0.8044737028	0.02913339276	7	Dopamine	LSM-4630	ADRB1|DRD1|DRD2|DRD3|DRD4|DRD5	0.04uM	A375	24h	LINCSCP_75601
LINCSCP_27504	0.8044544565	0.02914024068	7	CHEMBL2356998	LSM-10504	NA	5uM	HT29	24h	LINCSCP_27504
LINCSCP_132626	0.8044084403	0.02915661708	7	Pictilisib	LSM-1047	PIK3CA|PIK3CB|PIK3CD|PIK3CG|PIK3R1|PIK3R2|PIK3R3|PIK3R5	0.37uM	MCF7	24h	LINCSCP_132626
LINCSCP_84156	0.8043791589	0.02916704052	7	KW-2449	LSM-42803	ABL1|AURKA|AURKB|FLT3	1.11uM	ASC	24h	LINCSCP_84156
LINCSCP_132823	0.8043776591	0.02916757448	7	ZSTK 474	LSM-1053	PIK3CG	1.11uM	MCF7	24h	LINCSCP_132823
LINCSCP_35308	-0.8043566674	0.02917504836	7	BRD-K34230554	LSM-39140	NA	10uM	MCF7	24h	LINCSCP_35308
LINCSCP_137264	0.8043291897	0.02918483314	7	3-N-Propylxanthine	LSM-45973	NA	1.11uM	MCF7	24h	LINCSCP_137264
LINCSCP_63117	-0.8043260406	0.02918595464	7	BRD-K85976669	LSM-6765	NA	5uM	VCAP	24h	LINCSCP_63117
LINCSCP_263792	0.8043046612	0.02919356927	7	Terreic-acid	LSM-5107	BTK	10uM	NPC	24h	LINCSCP_263792
LINCSCP_49459	-0.8042699605	0.02920593087	7	ST013886	LSM-6474	ESR1|ESR2|NR1I2	3.33uM	PC3	24h	LINCSCP_49459
LINCSCP_116422	-0.8042665944	0.02920713013	7	Dactolisib	LSM-4255	MTOR|PIK3CA|PIK3CB|PIK3CD|PIK3CG|PIK3R1|PIK3R2|PIK3R3|PIK3R5	3.33uM	HT29	24h	LINCSCP_116422
LINCSCP_60757	0.8042590088	0.02920983284	7	MLS003129114	LSM-8219	NA	5uM	VCAP	24h	LINCSCP_60757
LINCSCP_116586	0.8042346843	0.02921850044	7	PD-0325901	LSM-1101	MAP2K1|MAP2K2	0.37uM	HT29	24h	LINCSCP_116586
LINCSCP_133721	0.8042291436	0.02922047498	7	Ricolinostat	LSM-6324	NA	10uM	MCF7	24h	LINCSCP_133721
LINCSCP_85570	-0.8042265617	0.02922139513	7	C21H27N7O3	LSM-1128	AKT1|AKT2|AKT3|PRKCQ	0.12uM	BT20	3h	LINCSCP_85570
LINCSCP_116769	0.8041685245	0.02924208266	7	Selumetinib	LSM-1056	MAP2K1|MAP2K2	10uM	HT29	24h	LINCSCP_116769
LINCSCP_151744	0.8041508161	0.0292483965	7	Quizartinib	LSM-1037	CSF1R|FLT3|KIT|PDGFRA|PDGFRB|RET	0.04uM	PC3	24h	LINCSCP_151744
LINCSCP_29174	-0.8041226871	0.02925842735	7	Rucaparib	LSM-4947	PARP1|PARP2|PARP3	10uM	JHUEM2	6h	LINCSCP_29174
LINCSCP_310028	0.8041178311	0.02926015919	7	BRD-K50777342	LSM-40073	NA	10uM	VCAP	24h	LINCSCP_310028
LINCSCP_61105	0.8040952657	0.02926820767	7	BRD-K08080638	LSM-8916	NA	5uM	VCAP	6h	LINCSCP_61105
LINCSCP_154732	0.8040924179	0.02926922349	7	MG-132	LSM-1107	PSMB1	20uM	PC3	24h	LINCSCP_154732
LINCSCP_37562	0.8040913597	0.02926960097	7	CHEMBL2132717	LSM-40200	NA	10uM	MCF7	6h	LINCSCP_37562
LINCSCP_22703	0.8040650893	0.02927897279	7	Thiothixene	LSM-43048	HTR2A	10uM	HEPG2	6h	LINCSCP_22703
LINCSCP_72421	-0.8040376921	0.02928874833	7	Ergothioneine	LSM-45829	NA	0.12uM	A375	24h	LINCSCP_72421
LINCSCP_36720	0.8040182323	0.02929569288	7	Neratinib	LSM-42778	EGFR|ERBB2|ERBB4	10uM	MCF7	6h	LINCSCP_36720
LINCSCP_193372	-0.8040165261	0.02929630181	7	Phenylbutazone	LSM-2219	PTGS1|PTGS2	10uM	A549	6h	LINCSCP_193372
LINCSCP_239546	0.8039931516	0.02930464466	7	SPB02303	LSM-4241	NA	10uM	MCF7	24h	LINCSCP_239546
LINCSCP_43635	-0.8039813492	0.02930885773	7	Suberohydroxamic acid	LSM-37125	NA	10uM	NPC	6h	LINCSCP_43635
LINCSCP_81677	0.8039392277	0.02932389637	7	AS-605240	LSM-42784	PIK3CG	1.11uM	A549	24h	LINCSCP_81677
LINCSCP_161263	-0.8039378624	0.02932438391	7	Leflunomide	LSM-3771	DHODH	0.04uM	PC3	24h	LINCSCP_161263
LINCSCP_28602	0.8039235504	0.02932949476	7	Estradiol	LSM-2421	ESR1|ESR2|NR1I2	0.37uM	HT29	24h	LINCSCP_28602
LINCSCP_62175	0.8038915016	0.02934094129	7	BRD-K76166520	LSM-13083	NA	5uM	VCAP	24h	LINCSCP_62175
LINCSCP_48986	0.8038472371	0.02935675487	7	BRD-K53321531	LSM-40202	NA	10uM	PC3	24h	LINCSCP_48986
LINCSCP_26703	-0.8038184581	0.02936703876	7	WZ 3146	LSM-5809	EGFR	10uM	HT29	6h	LINCSCP_26703
LINCSCP_36306	0.8037988604	0.02937404298	7	Withaferin A	LSM-6685	IKBKB|NAMPT	10uM	MCF7	24h	LINCSCP_36306
LINCSCP_112904	0.8037640132	0.02938649968	7	Regorafenib	LSM-1226	ABL1|BRAF|DDR2|FGFR1|FGFR2|FLT1|FLT4|FRK|KDR|KIT|MAPK11|PDGFRA|PDGFRB|RAF1|RET|TEK	1.11uM	HEPG2	24h	LINCSCP_112904
LINCSCP_129788	0.8037593654	0.02938816132	7	Saracatinib	LSM-1032	ABL1|SRC	3.33uM	LNCAP	24h	LINCSCP_129788
LINCSCP_12273	0.8037488435	0.02939192326	7	Trametinib	LSM-1143	MAP2K1|MAP2K2	10uM	BT20	6h	LINCSCP_12273
LINCSCP_136971	0.8037412861	0.02939462545	7	MG-132	LSM-1107	PSMB1	20uM	MCF7	24h	LINCSCP_136971
LINCSCP_60057	-0.8037299908	0.02939866438	7	BRD-K60656884	LSM-7653	NA	5uM	VCAP	24h	LINCSCP_60057
LINCSCP_141651	0.8037061076	0.02940720552	7	MG-132	LSM-1107	PSMB1	20uM	MCF7	24h	LINCSCP_141651
LINCSCP_5339	-0.80365155	0.02942672164	7	N-(6-Butyl-1,3-benzothiazol-2-yl)furan-2-carboxamide	LSM-4141	NA	10uM	A549	6h	LINCSCP_5339
LINCSCP_169261	-0.8036432306	0.02942969825	7	Chlorambucil	LSM-2645	NA	3.33uM	YAPC	24h	LINCSCP_169261
LINCSCP_154822	0.8036341665	0.02943294152	7	MG-132	LSM-1107	PSMB1	20uM	PC3	24h	LINCSCP_154822
LINCSCP_152455	-0.8036252016	0.02943614946	7	SCHEMBL15556278	LSM-1002	DDR1	10uM	PC3	24h	LINCSCP_152455
LINCSCP_31774	0.803606108	0.02944298249	7	Cerivastatin	LSM-43237	HMGCR	10uM	MCF7	24h	LINCSCP_31774
LINCSCP_219904	0.8035676468	0.02945674931	7	MLS001060778	LSM-2982	NA	10uM	HEPG2	6h	LINCSCP_219904
LINCSCP_82027	0.8035630507	0.02945839465	7	PD-0325901	LSM-1101	MAP2K1|MAP2K2	3.33uM	A549	24h	LINCSCP_82027
LINCSCP_138513	0.8035579028	0.02946023763	7	179324-69-7	LSM-6281	ADRM1|PSMA1|PSMA2|PSMA3|PSMA4|PSMA5|PSMA6|PSMA7|PSMA8|PSMB1|PSMB10|PSMB11|PSMB2|PSMB3|PSMB4|PSMB5|PSMB6|PSMB7|PSMB8|PSMB9|PSMC1|PSMC2|PSMC3|PSMC4|PSMC5|PSMC6|PSMD1|PSMD11|PSMD12|PSMD13|PSMD14|PSMD2|PSMD3|PSMD4|PSMD6|PSMD7|PSMD8|SEM1	20uM	MCF7	24h	LINCSCP_138513
LINCSCP_152409	-0.8035460759	0.02946447196	7	GSK-2334470	LSM-1222	PDK1|PDPK1	1.11uM	PC3	24h	LINCSCP_152409
LINCSCP_40886	-0.8035252985	0.02947191162	7	Belinostat	LSM-43181	HDAC1|HDAC10|HDAC11|HDAC2|HDAC3|HDAC4|HDAC5|HDAC6|HDAC7|HDAC8|HDAC9	10uM	NEU	24h	LINCSCP_40886
LINCSCP_149056	0.8034786709	0.02948861114	7	PD-0325901	LSM-1101	MAP2K1|MAP2K2	0.04uM	NPC	24h	LINCSCP_149056
LINCSCP_137154	0.8033986706	0.02951727533	7	179324-69-7	LSM-6281	ADRM1|PSMA1|PSMA2|PSMA3|PSMA4|PSMA5|PSMA6|PSMA7|PSMA8|PSMB1|PSMB10|PSMB11|PSMB2|PSMB3|PSMB4|PSMB5|PSMB6|PSMB7|PSMB8|PSMB9|PSMC1|PSMC2|PSMC3|PSMC4|PSMC5|PSMC6|PSMD1|PSMD11|PSMD12|PSMD13|PSMD14|PSMD2|PSMD3|PSMD4|PSMD6|PSMD7|PSMD8|SEM1	20uM	MCF7	24h	LINCSCP_137154
LINCSCP_22641	0.8033886996	0.02952084903	7	WZ-4-145	LSM-42716	NA	10uM	HEPG2	6h	LINCSCP_22641
LINCSCP_311319	0.8032761494	0.02956120502	7	BRD-K63874400	LSM-40761	NA	10uM	VCAP	24h	LINCSCP_311319
LINCSCP_138410	0.803268504	0.02956394748	7	MG-132	LSM-1107	PSMB1	20uM	MCF7	24h	LINCSCP_138410
LINCSCP_18428	0.8032665191	0.0295646595	7	MG-132	LSM-1107	PSMB1	10uM	HCC515	6h	LINCSCP_18428
LINCSCP_111996	0.8032436628	0.02957285916	7	AZ628	LSM-1050	BRAF|RAF1	3.33uM	HEPG2	24h	LINCSCP_111996
LINCSCP_152315	-0.8032335969	0.0295764707	7	301836-43-1	LSM-1203	CSNK1A1|TGFB1	0.12uM	PC3	24h	LINCSCP_152315
LINCSCP_29720	-0.8032001224	0.02958848272	7	CHEMBL552425	LSM-1003	DDR1	1uM	MCF10A	6h	LINCSCP_29720
LINCSCP_3694	0.8031874648	0.02959302549	7	CHEMBL3187691	LSM-44757	NA	10uM	A375	24h	LINCSCP_3694
LINCSCP_81021	0.8031517209	0.02960585602	7	Neratinib	LSM-42778	EGFR|ERBB2|ERBB4	0.12uM	A549	24h	LINCSCP_81021
LINCSCP_105718	0.8031368131	0.0296112082	7	Cholic acid	LSM-5541	CES1|FECH|PLA2G1B	3.33uM	HELA	24h	LINCSCP_105718
LINCSCP_236402	-0.8031082791	0.02962145392	7	LY-294002	LSM-2597	MTOR|PIK3CA|PIK3CB|PIK3CD|PIK3CG|PLK1|PRKDC	10uM	MCF7	6h	LINCSCP_236402
LINCSCP_135997	0.8031001736	0.02962436473	7	179324-69-7	LSM-6281	ADRM1|PSMA1|PSMA2|PSMA3|PSMA4|PSMA5|PSMA6|PSMA7|PSMA8|PSMB1|PSMB10|PSMB11|PSMB2|PSMB3|PSMB4|PSMB5|PSMB6|PSMB7|PSMB8|PSMB9|PSMC1|PSMC2|PSMC3|PSMC4|PSMC5|PSMC6|PSMD1|PSMD11|PSMD12|PSMD13|PSMD14|PSMD2|PSMD3|PSMD4|PSMD6|PSMD7|PSMD8|SEM1	20uM	MCF7	24h	LINCSCP_135997
LINCSCP_137100	-0.8031000243	0.02962441836	7	Acyclovir	LSM-5459	NA	10uM	MCF7	24h	LINCSCP_137100
LINCSCP_164706	0.8030617744	0.02963815668	7	Entinostat	LSM-4811	HDAC1|HDAC10|HDAC11|HDAC2|HDAC3|HDAC4|HDAC5|HDAC6|HDAC7|HDAC8|HDAC9	10uM	SKL.C	24h	LINCSCP_164706
LINCSCP_155538	0.8030489044	0.02964278006	7	MG-132	LSM-1107	PSMB1	20uM	PC3	24h	LINCSCP_155538
LINCSCP_54672	0.8030428951	0.02964493893	7	179324-69-7	LSM-6281	ADRM1|PSMA1|PSMA2|PSMA3|PSMA4|PSMA5|PSMA6|PSMA7|PSMA8|PSMB1|PSMB10|PSMB11|PSMB2|PSMB3|PSMB4|PSMB5|PSMB6|PSMB7|PSMB8|PSMB9|PSMC1|PSMC2|PSMC3|PSMC4|PSMC5|PSMC6|PSMD1|PSMD11|PSMD12|PSMD13|PSMD14|PSMD2|PSMD3|PSMD4|PSMD6|PSMD7|PSMD8|SEM1	0.01uM	SW948	6h	LINCSCP_54672
LINCSCP_53081	-0.8030308273	0.02964927464	7	362-74-3	LSM-1265	PRKACA	10uM	SKM1	6h	LINCSCP_53081
LINCSCP_1117	-0.8029648372	0.02967298985	7	MLS001065904	LSM-2412	NA	10uM	A375	24h	LINCSCP_1117
LINCSCP_126413	0.8029614536	0.02967420612	7	MG-132	LSM-1107	PSMB1	20uM	HT29	24h	LINCSCP_126413
LINCSCP_117404	0.8029513761	0.02967782874	7	BIX01294	LSM-4571	EHMT2	0.37uM	HT29	24h	LINCSCP_117404
LINCSCP_155805	0.8029414904	0.02968138268	7	MG-132	LSM-1107	PSMB1	20uM	PC3	24h	LINCSCP_155805
LINCSCP_50324	-0.8029344384	0.02968391803	7	Tyrphostin AG 527	LSM-42874	EGFR	10uM	PHH	24h	LINCSCP_50324
LINCSCP_6533	-0.8029267006	0.02968670007	7	Androstanol	LSM-42733	NA	10uM	A549	24h	LINCSCP_6533
LINCSCP_57200	0.8029144856	0.02969109213	7	MLN 2238	LSM-4944	PSMB1	10uM	VCAP	6h	LINCSCP_57200
LINCSCP_154149	-0.8029038884	0.02969490278	7	Danusertib	LSM-5253	AURKA|AURKB|AURKC|FGFR1|NTRK1|RET	0.37uM	PC3	24h	LINCSCP_154149
LINCSCP_156439	0.8028998725	0.02969634694	7	179324-69-7	LSM-6281	ADRM1|PSMA1|PSMA2|PSMA3|PSMA4|PSMA5|PSMA6|PSMA7|PSMA8|PSMB1|PSMB10|PSMB11|PSMB2|PSMB3|PSMB4|PSMB5|PSMB6|PSMB7|PSMB8|PSMB9|PSMC1|PSMC2|PSMC3|PSMC4|PSMC5|PSMC6|PSMD1|PSMD11|PSMD12|PSMD13|PSMD14|PSMD2|PSMD3|PSMD4|PSMD6|PSMD7|PSMD8|SEM1	20uM	PC3	24h	LINCSCP_156439
LINCSCP_65808	-0.8028851522	0.02970164082	7	BRD-K33932270	LSM-15132	NA	10uM	VCAP	6h	LINCSCP_65808
LINCSCP_117982	-0.8028712562	0.02970663878	7	Josamycin	LSM-46041	NA	3.33uM	HT29	24h	LINCSCP_117982
LINCSCP_131405	0.8027989819	0.02973264103	7	Selumetinib	LSM-1056	MAP2K1|MAP2K2	0.37uM	MCF10A	24h	LINCSCP_131405
LINCSCP_34323	-0.8027950709	0.02973404845	7	(+)-Tranylcypromine	LSM-5943	KDM1A|MAOA|MAOB	10uM	MCF7	24h	LINCSCP_34323
LINCSCP_139399	0.8026904552	0.02977170978	7	MG-132	LSM-1107	PSMB1	20uM	MCF7	24h	LINCSCP_139399
LINCSCP_163136	0.8026850373	0.02977366096	7	Neratinib	LSM-42778	EGFR|ERBB2|ERBB4	0.37uM	SKBR3	3h	LINCSCP_163136
LINCSCP_142236	-0.8026793833	0.02977569722	7	GDC-0068	LSM-45747	NA	3.33uM	MCF7	24h	LINCSCP_142236
LINCSCP_118099	-0.8026523939	0.02978541838	7	PI 3-K/mTOR Inhibitor III, PKI-179	LSM-45478	MTOR|PIK3CA	0.12uM	HT29	24h	LINCSCP_118099
LINCSCP_30595	0.8026485956	0.02978678659	7	Tipifarnib	LSM-6258	CHURC1-FNTB|FNTA|FNTB	10uM	MCF7	24h	LINCSCP_30595
LINCSCP_38227	0.8026448462	0.02978813726	7	BRD-K70392319	LSM-12722	NA	10uM	MCF7	24h	LINCSCP_38227
LINCSCP_28995	0.8025825447	0.02981058522	7	CGS-15943	LSM-3076	ADORA1|ADORA2A|ADORA2B	10uM	HUH7	6h	LINCSCP_28995
LINCSCP_131280	0.8025417318	0.0298252957	7	C24H25CLFN5O3	LSM-42794	EGFR|ERBB2|ERBB4	1.11uM	MCF10A	24h	LINCSCP_131280
LINCSCP_94131	-0.8025088905	0.02983713589	7	Cyproterone Acetate	LSM-45961	NA	0.12uM	HA1E	24h	LINCSCP_94131
LINCSCP_171382	-0.8025020102	0.02983961676	7	UNII-CVL1685GPH	LSM-36356	NA	3.33uM	YAPC	24h	LINCSCP_171382
LINCSCP_53650	-0.8023887816	0.02988046082	7	Chaetocin	LSM-6198	SUV39H1	0.1uM	SNU1040	6h	LINCSCP_53650
LINCSCP_137874	0.8023271359	0.02990271093	7	179324-69-7	LSM-6281	ADRM1|PSMA1|PSMA2|PSMA3|PSMA4|PSMA5|PSMA6|PSMA7|PSMA8|PSMB1|PSMB10|PSMB11|PSMB2|PSMB3|PSMB4|PSMB5|PSMB6|PSMB7|PSMB8|PSMB9|PSMC1|PSMC2|PSMC3|PSMC4|PSMC5|PSMC6|PSMD1|PSMD11|PSMD12|PSMD13|PSMD14|PSMD2|PSMD3|PSMD4|PSMD6|PSMD7|PSMD8|SEM1	20uM	MCF7	24h	LINCSCP_137874
LINCSCP_101207	0.8023180693	0.02990598418	7	(8Xi,11beta,14xi,16beta)-21-Chloro-9-fluoro-11-hydroxy-16-methyl-3,20-dioxopregna-1,4-dien-17-yl propanoate	LSM-1414	NR3C1	0.04uM	HELA	24h	LINCSCP_101207
LINCSCP_193858	0.8023110702	0.02990851114	7	SCHEMBL12684744	LSM-40288	NA	10uM	A549	6h	LINCSCP_193858
LINCSCP_283740	0.8022479079	0.02993132073	7	SAN1_000362	LSM-36667	NA	10uM	SKB	24h	LINCSCP_283740
LINCSCP_15109	-0.8022380383	0.02993488577	7	Periplocymarin	LSM-1573	NA	10uM	HA1E	6h	LINCSCP_15109
LINCSCP_28770	0.8021941805	0.0299507308	7	5-(3,3-Dimethyl-2-oxobutoxy)-4-ethyl-7-methyl-2H-chromen-2-one	LSM-36676	NA	10uM	HUH7	24h	LINCSCP_28770
LINCSCP_224509	0.8021823201	0.02995501652	7	MLS001060804	LSM-2231	NA	10uM	HT29	6h	LINCSCP_224509
LINCSCP_258965	-0.8021753428	0.02995753794	7	BRD-K37088230	LSM-10671	NA	10uM	NEU	24h	LINCSCP_258965
LINCSCP_83086	0.8021553079	0.02996477864	7	Tyrphostin AG-1478	LSM-1224	EGFR	10uM	ASC.C	24h	LINCSCP_83086
LINCSCP_160898	-0.80212692	0.02997503985	7	Vidarabine	LSM-5800	ADA	10uM	PC3	24h	LINCSCP_160898
LINCSCP_157245	0.8021038152	0.02998339287	7	MG-132	LSM-1107	PSMB1	20uM	PC3	24h	LINCSCP_157245
LINCSCP_253543	-0.8020845948	0.02999034256	7	SA-243193	LSM-15077	NA	10uM	MCF7	24h	LINCSCP_253543
LINCSCP_125887	0.802082764	0.0299910046	7	179324-69-7	LSM-6281	ADRM1|PSMA1|PSMA2|PSMA3|PSMA4|PSMA5|PSMA6|PSMA7|PSMA8|PSMB1|PSMB10|PSMB11|PSMB2|PSMB3|PSMB4|PSMB5|PSMB6|PSMB7|PSMB8|PSMB9|PSMC1|PSMC2|PSMC3|PSMC4|PSMC5|PSMC6|PSMD1|PSMD11|PSMD12|PSMD13|PSMD14|PSMD2|PSMD3|PSMD4|PSMD6|PSMD7|PSMD8|SEM1	20uM	HT29	24h	LINCSCP_125887
LINCSCP_131406	0.8020722657	0.02999480099	7	Selumetinib	LSM-1056	MAP2K1|MAP2K2	0.12uM	MCF10A	24h	LINCSCP_131406
LINCSCP_33286	0.8020707221	0.02999535918	7	SKF 81297	LSM-1301	DRD1|DRD5	10uM	MCF7	24h	LINCSCP_33286
LINCSCP_12095	0.8020528646	0.03000181752	7	C24H25CLFN5O3	LSM-42794	EGFR|ERBB2|ERBB4	1uM	BT20	24h	LINCSCP_12095
LINCSCP_273500	-0.8020329848	0.03000900808	7	Pramipexole	LSM-5243	DRD2|DRD3|DRD4	10uM	PC3	6h	LINCSCP_273500
LINCSCP_30747	0.802011788	0.03001667611	7	Arachidonyl Trifluoromethylketone	LSM-43275	PLA2G4A	80uM	MCF7	6h	LINCSCP_30747
LINCSCP_50209	-0.801992236	0.03002375011	7	Acepromazine	LSM-4609	NA	10uM	PHH	24h	LINCSCP_50209
LINCSCP_155486	-0.8019874979	0.0300254645	7	Salirasib	LSM-45698	NA	10uM	PC3	24h	LINCSCP_155486
LINCSCP_142193	0.8019542014	0.03003751382	7	179324-69-7	LSM-6281	ADRM1|PSMA1|PSMA2|PSMA3|PSMA4|PSMA5|PSMA6|PSMA7|PSMA8|PSMB1|PSMB10|PSMB11|PSMB2|PSMB3|PSMB4|PSMB5|PSMB6|PSMB7|PSMB8|PSMB9|PSMC1|PSMC2|PSMC3|PSMC4|PSMC5|PSMC6|PSMD1|PSMD11|PSMD12|PSMD13|PSMD14|PSMD2|PSMD3|PSMD4|PSMD6|PSMD7|PSMD8|SEM1	20uM	MCF7	24h	LINCSCP_142193
LINCSCP_131444	0.8019512372	0.03003858666	7	AS-605240	LSM-42784	PIK3CG	10uM	MCF10A	24h	LINCSCP_131444
LINCSCP_163474	-0.8019133927	0.03005228539	7	C19H19FN4O3	LSM-1178	FGFR1|FLT1|KDR	0.04uM	SKBR3	3h	LINCSCP_163474
LINCSCP_112769	-0.8018590258	0.03007197087	7	Dabrafenib	LSM-6303	BRAF	0.04uM	HEPG2	24h	LINCSCP_112769
LINCSCP_125884	0.8018420292	0.03007812658	7	179324-69-7	LSM-6281	ADRM1|PSMA1|PSMA2|PSMA3|PSMA4|PSMA5|PSMA6|PSMA7|PSMA8|PSMB1|PSMB10|PSMB11|PSMB2|PSMB3|PSMB4|PSMB5|PSMB6|PSMB7|PSMB8|PSMB9|PSMC1|PSMC2|PSMC3|PSMC4|PSMC5|PSMC6|PSMD1|PSMD11|PSMD12|PSMD13|PSMD14|PSMD2|PSMD3|PSMD4|PSMD6|PSMD7|PSMD8|SEM1	20uM	HT29	24h	LINCSCP_125884
LINCSCP_14515	-0.8018413131	0.03007838597	7	N-[(1-Ethylpyrrolidin-3-yl)methyl]-2-methoxy-5-sulfamoylbenzamide	LSM-1307	CA7|DRD2|DRD3	10uM	HA1E	6h	LINCSCP_14515
LINCSCP_25715	0.8018134562	0.03008847654	7	Arachidonyl Trifluoromethylketone	LSM-43275	PLA2G4A	80uM	HT29	6h	LINCSCP_25715
LINCSCP_111814	0.8017543895	0.03010987854	7	Selumetinib	LSM-1056	MAP2K1|MAP2K2	0.37uM	HEPG2	24h	LINCSCP_111814
LINCSCP_575	-0.8017487932	0.03011190671	7	THR1 Inhibitor, 2	LSM-1445	BTK	100uM	A375	24h	LINCSCP_575
LINCSCP_129408	0.8017477319	0.03011229135	7	Tivantinib	LSM-1131	MET	0.37uM	JURKAT	24h	LINCSCP_129408
LINCSCP_143905	-0.8017252945	0.03012042382	7	Taltirelin	LSM-45418	NA	1.11uM	MCF7	24h	LINCSCP_143905
LINCSCP_165615	0.8017138473	0.03012457336	7	AZD-1775	LSM-1153	WEE1	10uM	SKL	24h	LINCSCP_165615
LINCSCP_292252	-0.8016802832	0.03013674193	7	AC1MCK56	LSM-2024	NA	10uM	VCAP	24h	LINCSCP_292252
LINCSCP_98865	0.8016228407	0.03015757395	7	Istaroxime (hydrochloride)	LSM-45263	NA	3.33uM	HA1E	24h	LINCSCP_98865
LINCSCP_253540	-0.8016154307	0.03016026184	7	CHEMBL2001494	LSM-6630	NA	3uM	MCF7	24h	LINCSCP_253540
LINCSCP_18923	-0.8015739945	0.0301752948	7	CHEMBL364005	LSM-3051	HTR6	10uM	HCC515	24h	LINCSCP_18923
LINCSCP_96661	0.8015711208	0.03017633753	7	Palovarotene	LSM-45512	RARG	3.33uM	HA1E	24h	LINCSCP_96661
LINCSCP_68227	0.8015650212	0.03017855084	7	Vorinostat	LSM-3828	HDAC1|HDAC2|HDAC3|HDAC6|HDAC8	10uM	SKM1	6h	LINCSCP_68227
LINCSCP_52676	-0.8015582782	0.03018099773	7	SR-142948	LSM-4038	NA	10uM	SKB	24h	LINCSCP_52676
LINCSCP_79975	-0.8015530168	0.03018290708	7	Alvocidib	LSM-1011	CDK1|CDK2|CDK4|CDK5|CDK6|CDK7|CDK8|CDK9|EGFR|PYGM	0.04uM	A375	24h	LINCSCP_79975
LINCSCP_185213	-0.8015368745	0.03018876539	7	BRD-K75101679	LSM-41365	NA	5uM	A375	24h	LINCSCP_185213
LINCSCP_4592	0.801508002	0.03019924539	7	ICG-001	LSM-6267	NA	10uM	A549	24h	LINCSCP_4592
LINCSCP_148890	0.8014853213	0.03020747932	7	Azacitidine	LSM-5218	DNMT1|DNMT3A	10uM	NPC	24h	LINCSCP_148890
LINCSCP_40170	-0.8014659269	0.03021452117	7	Tyrphostin AG-112	LSM-43079	NA	10uM	NCIH508	6h	LINCSCP_40170
LINCSCP_19907	-0.801461178	0.03021624558	7	SR-02000000346	LSM-3297	NA	10uM	HCC515	6h	LINCSCP_19907
LINCSCP_73491	0.8014425599	0.0302230067	7	Halofantrine	LSM-5072	NA	10uM	A375	24h	LINCSCP_73491
LINCSCP_23104	0.8013760867	0.0302471531	7	Nortriptyline	LSM-4039	KCNJ10|SLC6A2|SLC6A4	10uM	HEPG2	6h	LINCSCP_23104
LINCSCP_155637	0.8013718447	0.03024869437	7	179324-69-7	LSM-6281	ADRM1|PSMA1|PSMA2|PSMA3|PSMA4|PSMA5|PSMA6|PSMA7|PSMA8|PSMB1|PSMB10|PSMB11|PSMB2|PSMB3|PSMB4|PSMB5|PSMB6|PSMB7|PSMB8|PSMB9|PSMC1|PSMC2|PSMC3|PSMC4|PSMC5|PSMC6|PSMD1|PSMD11|PSMD12|PSMD13|PSMD14|PSMD2|PSMD3|PSMD4|PSMD6|PSMD7|PSMD8|SEM1	20uM	PC3	24h	LINCSCP_155637
LINCSCP_127413	0.8013689491	0.03024974647	7	179324-69-7	LSM-6281	ADRM1|PSMA1|PSMA2|PSMA3|PSMA4|PSMA5|PSMA6|PSMA7|PSMA8|PSMB1|PSMB10|PSMB11|PSMB2|PSMB3|PSMB4|PSMB5|PSMB6|PSMB7|PSMB8|PSMB9|PSMC1|PSMC2|PSMC3|PSMC4|PSMC5|PSMC6|PSMD1|PSMD11|PSMD12|PSMD13|PSMD14|PSMD2|PSMD3|PSMD4|PSMD6|PSMD7|PSMD8|SEM1	20uM	HT29	24h	LINCSCP_127413
LINCSCP_149018	0.8013658167	0.03025088464	7	UNC0638	LSM-6325	NA	0.37uM	NPC	24h	LINCSCP_149018
LINCSCP_5678	-0.8013309836	0.03026354292	7	Naftopidil	LSM-4302	NA	10uM	A549	24h	LINCSCP_5678
LINCSCP_165403	0.8012835176	0.03028079679	7	SCHEMBL17378613	LSM-5749	CSF1R	0.37uM	SKL	24h	LINCSCP_165403
LINCSCP_104918	0.8012269651	0.03030136076	7	phylloquinone	LSM-45941	NA	0.12uM	HELA	24h	LINCSCP_104918
LINCSCP_44884	0.8011791762	0.03031874417	7	ALDA 1	LSM-6212	ALDH2	40uM	PC3	24h	LINCSCP_44884
LINCSCP_136609	0.8011750629	0.03032024064	7	MG-132	LSM-1107	PSMB1	20uM	MCF7	24h	LINCSCP_136609
LINCSCP_115110	0.8011696343	0.03032221571	7	Tozasertib	LSM-1021	ABL1|AURKA|AURKB|AURKC|BCR|FLT3|JAK2	10uM	HS578T	3h	LINCSCP_115110
LINCSCP_35073	-0.8011496091	0.03032950209	7	BRD-K23674074	LSM-38563	NA	5uM	MCF7	24h	LINCSCP_35073
LINCSCP_58587	0.8011432209	0.03033182671	7	Pimelic diphenylamide 106	LSM-4808	NA	10uM	VCAP	24h	LINCSCP_58587
LINCSCP_81132	-0.8011190592	0.03034061984	7	C21H27N7O3	LSM-1128	AKT1|AKT2|AKT3|PRKCQ	1.11uM	A549	24h	LINCSCP_81132
LINCSCP_5688	-0.801117686	0.03034111964	7	Rabeprazole	LSM-5045	ATP4A|ATP4B	10uM	A549	24h	LINCSCP_5688
LINCSCP_77434	-0.8010949005	0.03034941334	7	Taselisib	LSM-45140	PIK3CA|PIK3CB|PIK3CD|PIK3CG|PIK3R1|PIK3R2|PIK3R3|PIK3R5	0.04uM	A375	24h	LINCSCP_77434
LINCSCP_37905	0.8010645049	0.030360479	7	AC1O9CBL	LSM-4596	NA	10uM	MCF7	24h	LINCSCP_37905
LINCSCP_31423	-0.8010406184	0.03036917657	7	KUC103884	LSM-4076	NA	10uM	MCF7	24h	LINCSCP_31423
LINCSCP_7785	-0.8010039964	0.03038251413	7	BRD-K15428056	LSM-6801	NA	10uM	A549	24h	LINCSCP_7785
LINCSCP_126068	-0.8009826627	0.03039028527	7	FLUDARABINE PHOSPHATE	LSM-45862	POLA1|POLD1|POLE|RRM1|RRM2|RRM2B	0.12uM	HT29	24h	LINCSCP_126068
LINCSCP_4408	0.8009779968	0.03039198506	7	BDBM50127227	LSM-43025	FNTA|IKBKB	10uM	A549	6h	LINCSCP_4408
LINCSCP_32976	0.8009749037	0.0303931119	7	SPECTRUM_001418	LSM-1664	ADRB2	10uM	MCF7	6h	LINCSCP_32976
LINCSCP_56848	0.8009664124	0.03039620546	7	MST-312	LSM-6230	TERT	10uM	VCAP	24h	LINCSCP_56848
LINCSCP_19715	-0.8009567009	0.03039974378	7	CHEMBL1706858	LSM-2657	APEX1	10uM	HCC515	6h	LINCSCP_19715
LINCSCP_22126	0.8009324601	0.03040857676	7	MLS000583963	LSM-1362	NA	10uM	HEPG2	6h	LINCSCP_22126
LINCSCP_99134	0.8009301322	0.03040942507	7	179324-69-7	LSM-6281	ADRM1|PSMA1|PSMA2|PSMA3|PSMA4|PSMA5|PSMA6|PSMA7|PSMA8|PSMB1|PSMB10|PSMB11|PSMB2|PSMB3|PSMB4|PSMB5|PSMB6|PSMB7|PSMB8|PSMB9|PSMC1|PSMC2|PSMC3|PSMC4|PSMC5|PSMC6|PSMD1|PSMD11|PSMD12|PSMD13|PSMD14|PSMD2|PSMD3|PSMD4|PSMD6|PSMD7|PSMD8|SEM1	20uM	HA1E	24h	LINCSCP_99134
LINCSCP_296433	0.8009298348	0.03040953346	7	BRD-K14600622	LSM-38028	NA	5uM	VCAP	24h	LINCSCP_296433
LINCSCP_157755	-0.8009120481	0.03041601569	7	Primaquine	LSM-1649	NA	0.04uM	PC3	24h	LINCSCP_157755
LINCSCP_134273	0.8009048154	0.03041865184	7	PD-0325901	LSM-1101	MAP2K1|MAP2K2	1.11uM	MCF7	24h	LINCSCP_134273
LINCSCP_112082	-0.8009012926	0.03041993584	7	Pazopanib	LSM-1114	CSF1R|FGFR1|FGFR3|FLT1|FLT4|ITK|KDR|KIT|LCK|PDGFRA|PDGFRB	0.37uM	HEPG2	24h	LINCSCP_112082
LINCSCP_164877	-0.8008548669	0.03043686018	7	GSK-J2	LSM-44940	NA	0.37uM	SKL.C	24h	LINCSCP_164877
LINCSCP_21012	0.8008325959	0.0304449809	7	2-(4-(4-Chloro-1,2-diphenylbut-1-en-1-yl)phenoxy)-n,n-dimethylethanamine	LSM-42974	ESR1	1.11uM	HCC515	24h	LINCSCP_21012
LINCSCP_120856	0.8008274599	0.0304468538	7	179324-69-7	LSM-6281	ADRM1|PSMA1|PSMA2|PSMA3|PSMA4|PSMA5|PSMA6|PSMA7|PSMA8|PSMB1|PSMB10|PSMB11|PSMB2|PSMB3|PSMB4|PSMB5|PSMB6|PSMB7|PSMB8|PSMB9|PSMC1|PSMC2|PSMC3|PSMC4|PSMC5|PSMC6|PSMD1|PSMD11|PSMD12|PSMD13|PSMD14|PSMD2|PSMD3|PSMD4|PSMD6|PSMD7|PSMD8|SEM1	20uM	HT29	24h	LINCSCP_120856
LINCSCP_7793	-0.8008100208	0.03045321374	7	BRD-K20859359	LSM-38399	NA	10uM	A549	24h	LINCSCP_7793
LINCSCP_139233	0.8008091658	0.03045352557	7	179324-69-7	LSM-6281	ADRM1|PSMA1|PSMA2|PSMA3|PSMA4|PSMA5|PSMA6|PSMA7|PSMA8|PSMB1|PSMB10|PSMB11|PSMB2|PSMB3|PSMB4|PSMB5|PSMB6|PSMB7|PSMB8|PSMB9|PSMC1|PSMC2|PSMC3|PSMC4|PSMC5|PSMC6|PSMD1|PSMD11|PSMD12|PSMD13|PSMD14|PSMD2|PSMD3|PSMD4|PSMD6|PSMD7|PSMD8|SEM1	20uM	MCF7	24h	LINCSCP_139233
LINCSCP_138768	0.8008040619	0.03045538706	7	MG-132	LSM-1107	PSMB1	20uM	MCF7	24h	LINCSCP_138768
LINCSCP_81615	-0.8008006034	0.03045664848	7	Sirolimus	LSM-42783	FKBP1A|MTOR	10uM	A549	24h	LINCSCP_81615
LINCSCP_152063	0.800788765	0.03046096654	7	Anacardic acid	LSM-6320	NA	1.11uM	PC3	24h	LINCSCP_152063
LINCSCP_111501	0.800786441	0.03046181426	7	WH-4-025	LSM-44937	NA	1.11uM	HEPG2	24h	LINCSCP_111501
LINCSCP_125253	0.8007832205	0.03046298902	7	179324-69-7	LSM-6281	ADRM1|PSMA1|PSMA2|PSMA3|PSMA4|PSMA5|PSMA6|PSMA7|PSMA8|PSMB1|PSMB10|PSMB11|PSMB2|PSMB3|PSMB4|PSMB5|PSMB6|PSMB7|PSMB8|PSMB9|PSMC1|PSMC2|PSMC3|PSMC4|PSMC5|PSMC6|PSMD1|PSMD11|PSMD12|PSMD13|PSMD14|PSMD2|PSMD3|PSMD4|PSMD6|PSMD7|PSMD8|SEM1	20uM	HT29	24h	LINCSCP_125253
LINCSCP_154600	0.8007530679	0.03047398919	7	BRD-A19795905	LSM-44955	NA	0.12uM	PC3	24h	LINCSCP_154600
LINCSCP_54351	-0.8007309377	0.03048206403	7	N-[4-(1-Benzoylpiperidin-4-yl)butyl]-3-pyridin-3-ylpropanamide	LSM-6279	NA	0.5uM	SW620	6h	LINCSCP_54351
LINCSCP_30816	-0.8007045385	0.03049169815	7	MLS003672589	LSM-36804	NA	10uM	MCF7	6h	LINCSCP_30816
LINCSCP_64365	0.8006362949	0.03051661077	7	BRD-K13559922	LSM-37967	NA	5uM	VCAP	6h	LINCSCP_64365
LINCSCP_78592	0.8006324376	0.03051801925	7	PF-03814735	LSM-45437	NA	10uM	A375	24h	LINCSCP_78592
LINCSCP_795	-0.800599851	0.03052991946	7	PF-04217903	LSM-1166	MET	40uM	A375	24h	LINCSCP_795
LINCSCP_141010	-0.8005984561	0.03053042893	7	Famciclovir	LSM-2990	NA	0.04uM	MCF7	24h	LINCSCP_141010
LINCSCP_10422	0.8005457553	0.03054968025	7	3,5-Bis(4-methylbenzylidene)piperidin-4-one	LSM-42949	SENP2|USP1|USP2|USP7	10uM	A673	6h	LINCSCP_10422
LINCSCP_282410	-0.8005337447	0.03055406862	7	Skatole	LSM-3655	CYP2F1	10uM	PHH	24h	LINCSCP_282410
LINCSCP_136536	-0.8005268996	0.03055656977	7	Licarbazepine	LSM-45929	NA	0.04uM	MCF7	24h	LINCSCP_136536
LINCSCP_271430	-0.8005187618	0.03055954345	7	CHEMBL2361177	LSM-37819	NA	10uM	PC3	24h	LINCSCP_271430
LINCSCP_130679	0.8005085153	0.03056328791	7	SB590885	LSM-42746	NA	10uM	MCF10A	24h	LINCSCP_130679
LINCSCP_5475	0.8005057307	0.03056430556	7	MLS002548990	LSM-2210	NA	10uM	A549	6h	LINCSCP_5475
LINCSCP_109275	0.8004888373	0.03057047973	7	Luliconazole	LSM-45409	NA	10uM	HELA	24h	LINCSCP_109275
LINCSCP_62890	0.8004824644	0.03057280904	7	BRD-K49480198	LSM-11437	NA	5uM	VCAP	24h	LINCSCP_62890
LINCSCP_77408	-0.8004755365	0.03057534134	7	Ifosfamide	LSM-5118	CYP2A6|CYP2B6|CYP2C18|CYP2C19|CYP2C8|CYP2C9|CYP3A4|CYP3A5|CYP3A7|PTGS1	0.37uM	A375	24h	LINCSCP_77408
LINCSCP_34176	0.8004516318	0.03058407995	7	AC1NQXBX	LSM-5062	CACNA1C|CACNA1G|CACNA1H|CACNA1I	10uM	MCF7	6h	LINCSCP_34176
LINCSCP_191494	0.8004432024	0.03058716173	7	WZ 4002	LSM-1085	EGFR|ERBB2	10uM	A549	24h	LINCSCP_191494
LINCSCP_139148	-0.8004017095	0.03060233406	7	Dexniguldipine	LSM-15285	NA	1.11uM	MCF7	24h	LINCSCP_139148
LINCSCP_47784	0.8003864928	0.03060789926	7	ZINC04521755	LSM-5468	ESR1|ESR2	10uM	PC3	24h	LINCSCP_47784
LINCSCP_92558	-0.8003851199	0.03060840137	7	Tipiracil (hydrochloride)	LSM-45561	TYMP	0.04uM	HA1E	24h	LINCSCP_92558
LINCSCP_51039	-0.8003661811	0.03061532873	7	5-(6-Aminopurin-9-yl)-2-methyltetrahydrofuran-3-ol	LSM-4354	NA	10uM	RMUGS	6h	LINCSCP_51039
LINCSCP_172952	0.8003586888	0.03061806944	7	SPECTRUM2_000920	LSM-1590	NA	1.11uM	YAPC	24h	LINCSCP_172952
LINCSCP_42712	0.800355219	0.03061933879	7	1-Methyllysergic acid butanolamide	LSM-1964	HTR1B|HTR1E|HTR1F|HTR2A|HTR2B|HTR2C|HTR7	10uM	NPC	24h	LINCSCP_42712
LINCSCP_7801	-0.8003541699	0.03061972257	7	BRD-K25719068	LSM-6095	NA	10uM	A549	24h	LINCSCP_7801
LINCSCP_156355	0.8002902702	0.03064310383	7	179324-69-7	LSM-6281	ADRM1|PSMA1|PSMA2|PSMA3|PSMA4|PSMA5|PSMA6|PSMA7|PSMA8|PSMB1|PSMB10|PSMB11|PSMB2|PSMB3|PSMB4|PSMB5|PSMB6|PSMB7|PSMB8|PSMB9|PSMC1|PSMC2|PSMC3|PSMC4|PSMC5|PSMC6|PSMD1|PSMD11|PSMD12|PSMD13|PSMD14|PSMD2|PSMD3|PSMD4|PSMD6|PSMD7|PSMD8|SEM1	20uM	PC3	24h	LINCSCP_156355
LINCSCP_41997	0.8002726115	0.03064956698	7	MLS000589843	LSM-43120	NA	10uM	NOMO1	24h	LINCSCP_41997
LINCSCP_155807	0.8002709921	0.03065015975	7	MG-132	LSM-1107	PSMB1	20uM	PC3	24h	LINCSCP_155807
LINCSCP_136076	0.8002650629	0.03065233003	7	179324-69-7	LSM-6281	ADRM1|PSMA1|PSMA2|PSMA3|PSMA4|PSMA5|PSMA6|PSMA7|PSMA8|PSMB1|PSMB10|PSMB11|PSMB2|PSMB3|PSMB4|PSMB5|PSMB6|PSMB7|PSMB8|PSMB9|PSMC1|PSMC2|PSMC3|PSMC4|PSMC5|PSMC6|PSMD1|PSMD11|PSMD12|PSMD13|PSMD14|PSMD2|PSMD3|PSMD4|PSMD6|PSMD7|PSMD8|SEM1	20uM	MCF7	24h	LINCSCP_136076
LINCSCP_212388	0.8002577723	0.03065499879	7	Pentachlorophenol	LSM-37108	NA	20uM	HA1E	6h	LINCSCP_212388
LINCSCP_60342	0.8002533559	0.03065661552	7	BRD-K07426711	LSM-6952	NA	5uM	VCAP	24h	LINCSCP_60342
LINCSCP_147614	-0.8002523979	0.0306569662	7	SB525334	LSM-1121	TGFBR1	3.33uM	NPC.CAS9	24h	LINCSCP_147614
LINCSCP_149724	0.8002319346	0.03066445783	7	Rebastinib	LSM-6708	ABL1	1.11uM	NPC.TAK	24h	LINCSCP_149724
LINCSCP_59816	0.8002286337	0.03066566642	7	BRD-K95057125	LSM-42421	NA	5uM	VCAP	6h	LINCSCP_59816
LINCSCP_96696	-0.8002066252	0.03067372505	7	Radezolid	LSM-45296	NA	10uM	HA1E	24h	LINCSCP_96696
LINCSCP_137416	-0.8001915329	0.03067925194	7	Brivanib	LSM-5421	FGFR1|FGFR2|FGFR3|FGFR4|FLT1|FLT4|KDR	0.12uM	MCF7	24h	LINCSCP_137416
LINCSCP_167758	-0.8001712082	0.03068669585	7	GSK 525762A	LSM-6334	NA	1.11uM	YAPC	24h	LINCSCP_167758
LINCSCP_140670	0.8001449959	0.0306962976	7	179324-69-7	LSM-6281	ADRM1|PSMA1|PSMA2|PSMA3|PSMA4|PSMA5|PSMA6|PSMA7|PSMA8|PSMB1|PSMB10|PSMB11|PSMB2|PSMB3|PSMB4|PSMB5|PSMB6|PSMB7|PSMB8|PSMB9|PSMC1|PSMC2|PSMC3|PSMC4|PSMC5|PSMC6|PSMD1|PSMD11|PSMD12|PSMD13|PSMD14|PSMD2|PSMD3|PSMD4|PSMD6|PSMD7|PSMD8|SEM1	20uM	MCF7	24h	LINCSCP_140670
LINCSCP_22597	0.8001299594	0.03070180633	7	MLS001173269	LSM-3752	NA	10uM	HEPG2	6h	LINCSCP_22597
LINCSCP_105736	0.8001256714	0.03070337737	7	Loxoprofen	LSM-5054	NA	3.33uM	HELA	24h	LINCSCP_105736
LINCSCP_148230	0.8000787336	0.03072057741	7	NVP-BHG712	LSM-1201	NA	3.33uM	NPC.CAS9	24h	LINCSCP_148230
LINCSCP_32898	0.8000705347	0.03072358237	7	Bithionol	LSM-2862	NA	10uM	MCF7	24h	LINCSCP_32898
LINCSCP_27514	0.8000483252	0.03073172324	7	BRD-K40225343	LSM-10883	NA	5uM	HT29	24h	LINCSCP_27514
LINCSCP_21664	-0.8000308557	0.03073812747	7	Tamatinib	LSM-1040	SYK	10uM	HEPG2	6h	LINCSCP_21664
LINCSCP_9012	-0.7999975091	0.03075035429	7	BRD-K25990552	LSM-38695	NA	10uM	A549	24h	LINCSCP_9012
LINCSCP_27043	-0.7999638494	0.03076269864	7	CHEMBL372631	LSM-1574	GRIK1	10uM	HT29	6h	LINCSCP_27043
LINCSCP_119054	0.7999490215	0.03076813751	7	179324-69-7	LSM-6281	ADRM1|PSMA1|PSMA2|PSMA3|PSMA4|PSMA5|PSMA6|PSMA7|PSMA8|PSMB1|PSMB10|PSMB11|PSMB2|PSMB3|PSMB4|PSMB5|PSMB6|PSMB7|PSMB8|PSMB9|PSMC1|PSMC2|PSMC3|PSMC4|PSMC5|PSMC6|PSMD1|PSMD11|PSMD12|PSMD13|PSMD14|PSMD2|PSMD3|PSMD4|PSMD6|PSMD7|PSMD8|SEM1	20uM	HT29	24h	LINCSCP_119054
LINCSCP_28877	0.7999309297	0.03077477432	7	STK178014	LSM-43108	NA	50uM	HUH7	24h	LINCSCP_28877
LINCSCP_39006	-0.799905366	0.03078415344	7	BX 912	LSM-1055	PDK1|PDPK1	1uM	MDAMB231	24h	LINCSCP_39006
LINCSCP_138325	0.7998987809	0.03078656976	7	CPI-613	LSM-45873	NA	3.33uM	MCF7	24h	LINCSCP_138325
LINCSCP_159318	0.7998947381	0.03078805321	7	179324-69-7	LSM-6281	ADRM1|PSMA1|PSMA2|PSMA3|PSMA4|PSMA5|PSMA6|PSMA7|PSMA8|PSMB1|PSMB10|PSMB11|PSMB2|PSMB3|PSMB4|PSMB5|PSMB6|PSMB7|PSMB8|PSMB9|PSMC1|PSMC2|PSMC3|PSMC4|PSMC5|PSMC6|PSMD1|PSMD11|PSMD12|PSMD13|PSMD14|PSMD2|PSMD3|PSMD4|PSMD6|PSMD7|PSMD8|SEM1	20uM	PC3	24h	LINCSCP_159318
LINCSCP_104112	-0.7998773101	0.03079444882	7	Acifran	LSM-45845	NA	3.33uM	HELA	24h	LINCSCP_104112
LINCSCP_48857	0.7998771503	0.03079450745	7	CHEMBL2356746	LSM-42554	NA	10uM	PC3	24h	LINCSCP_48857
LINCSCP_56914	0.7998614141	0.03080028285	7	Quinoclamine	LSM-6261	NA	10uM	VCAP	24h	LINCSCP_56914
LINCSCP_33266	0.7998603535	0.03080067211	7	NSC653260	LSM-43039	NA	10uM	MCF7	6h	LINCSCP_33266
LINCSCP_44222	0.7998600992	0.03080076544	7	3,5-Bis(4-methylbenzylidene)piperidin-4-one	LSM-2827	SENP2|USP1|USP2|USP7	10uM	PC3	24h	LINCSCP_44222
LINCSCP_130555	0.7998148898	0.03081736139	7	LDN 193189	LSM-1115	ACVR1|BMPR1A	1.11uM	MCF10A	24h	LINCSCP_130555
LINCSCP_15236	-0.7997970049	0.03082392814	7	CHEMBL1242477	LSM-6208	PIK3CA|PIK3CB|PIK3CD|PIK3CG	20uM	HA1E	24h	LINCSCP_15236
LINCSCP_205655	0.7997677622	0.03083466679	7	Rotenone	LSM-5260	MT-ND1	0.5uM	CL34	6h	LINCSCP_205655
LINCSCP_84401	-0.7997601132	0.03083747603	7	AZD-1775	LSM-1153	WEE1	0.04uM	ASC	24h	LINCSCP_84401
LINCSCP_130995	-0.7996975603	0.03086045522	7	PF477736	LSM-1112	CHEK1	0.12uM	MCF10A	3h	LINCSCP_130995
LINCSCP_145358	-0.7996792807	0.03086717215	7	Pictilisib	LSM-1047	PIK3CA|PIK3CB|PIK3CD|PIK3CG|PIK3R1|PIK3R2|PIK3R3|PIK3R5	10uM	MDAMB231	24h	LINCSCP_145358
LINCSCP_238003	0.799673566	0.0308692722	7	Fluoxetine	LSM-1449	SLC6A4	10uM	MCF7	6h	LINCSCP_238003
LINCSCP_211516	-0.7996603505	0.030874129	7	KI-16425	LSM-5013	LPAR1|LPAR3	10uM	HA1E	6h	LINCSCP_211516
LINCSCP_122551	0.799655135	0.03087604584	7	MG-132	LSM-1107	PSMB1	20uM	HT29	24h	LINCSCP_122551
LINCSCP_82102	0.799646646	0.03087916595	7	KU-55933	LSM-1074	ATM	10uM	A549	24h	LINCSCP_82102
LINCSCP_122048	-0.7996316395	0.03088468199	7	Indole-3-carbinol	LSM-2011	AHR	0.12uM	HT29	24h	LINCSCP_122048
LINCSCP_155897	0.799601508	0.03089575923	7	MG-132	LSM-1107	PSMB1	20uM	PC3	24h	LINCSCP_155897
LINCSCP_105073	-0.7995737774	0.03090595582	7	PSI-6130	LSM-45483	NA	0.37uM	HELA	24h	LINCSCP_105073
LINCSCP_250940	-0.7995515513	0.03091412973	7	Withaferin A	LSM-6685	IKBKB|NAMPT	0.01uM	MCF7	6h	LINCSCP_250940
LINCSCP_30375	0.7995286462	0.03092255464	7	171179-06-9	LSM-3069	EGFR	10uM	MCF7	6h	LINCSCP_30375
LINCSCP_37956	0.799525373	0.03092375867	7	179324-69-7	LSM-6281	ADRM1|PSMA1|PSMA2|PSMA3|PSMA4|PSMA5|PSMA6|PSMA7|PSMA8|PSMB1|PSMB10|PSMB11|PSMB2|PSMB3|PSMB4|PSMB5|PSMB6|PSMB7|PSMB8|PSMB9|PSMC1|PSMC2|PSMC3|PSMC4|PSMC5|PSMC6|PSMD1|PSMD11|PSMD12|PSMD13|PSMD14|PSMD2|PSMD3|PSMD4|PSMD6|PSMD7|PSMD8|SEM1	50uM	MCF7	24h	LINCSCP_37956
LINCSCP_94169	-0.7995198834	0.03092577807	7	Milciclib (PHA-848125)	LSM-45577	CDK1|CDK2|CDK4|NTRK1	10uM	HA1E	24h	LINCSCP_94169
LINCSCP_23806	-0.7995085833	0.03092993516	7	BRD-A08658758	LSM-45324	NA	0.37uM	HEPG2	24h	LINCSCP_23806
LINCSCP_57660	-0.7995064317	0.03093072675	7	MLS002473639	LSM-2934	NA	10uM	VCAP	6h	LINCSCP_57660
LINCSCP_122865	0.7995053956	0.03093110793	7	AZD-8330	LSM-1165	MAP2K1|MAP2K2	0.04uM	HT29	24h	LINCSCP_122865
LINCSCP_33247	0.7994489807	0.03095186699	7	Cephaeline	LSM-3808	NA	10uM	MCF7	6h	LINCSCP_33247
LINCSCP_50859	0.7993685058	0.03098149291	7	CL-976	LSM-6282	ACAT1	80uM	RKO	6h	LINCSCP_50859
LINCSCP_31044	0.799345399	0.03099000236	7	Emetine	LSM-2041	RPS2	10uM	MCF7	6h	LINCSCP_31044
LINCSCP_65187	0.7993360432	0.03099344814	7	BRD-K83860226-019-01-0	LSM-36593	NA	10uM	VCAP	6h	LINCSCP_65187
LINCSCP_78583	-0.799294817	0.03100863451	7	Phorbol Myristate Acetate	LSM-25630	NA	0.3uM	A375	24h	LINCSCP_78583
LINCSCP_37741	-0.7992845533	0.03101241597	7	MLS003650115	LSM-42475	NA	1uM	MCF7	24h	LINCSCP_37741
LINCSCP_61059	-0.7992772685	0.03101510005	7	BRD-K55819735	LSM-11811	NA	5uM	VCAP	24h	LINCSCP_61059
LINCSCP_126504	0.7992685589	0.03101830932	7	MG-132	LSM-1107	PSMB1	20uM	HT29	24h	LINCSCP_126504
LINCSCP_111566	-0.7992547112	0.03102341216	7	GW843682X	LSM-1014	PLK1|PLK3	3.33uM	HEPG2	24h	LINCSCP_111566
LINCSCP_65741	0.799250107	0.03102510892	7	BRD-K97863769	LSM-42568	NA	10uM	VCAP	24h	LINCSCP_65741
LINCSCP_1721	0.7992494259	0.03102535992	7	SCH-23390	LSM-3005	DRD1|DRD5|HTR2C	10uM	A375	6h	LINCSCP_1721
LINCSCP_67119	0.7992436377	0.03102749305	7	Vorinostat	LSM-3828	HDAC1|HDAC2|HDAC3|HDAC6|HDAC8	10uM	HT29	24h	LINCSCP_67119
LINCSCP_131950	-0.7992347174	0.03103078067	7	CGP 60474	LSM-1025	CDK1	0.12uM	MCF7	24h	LINCSCP_131950
LINCSCP_23189	-0.7992322452	0.03103169186	7	BRD-K38594532	LSM-6805	NA	10uM	HEPG2	6h	LINCSCP_23189
LINCSCP_127769	0.7992299379	0.03103254228	7	179324-69-7	LSM-6281	ADRM1|PSMA1|PSMA2|PSMA3|PSMA4|PSMA5|PSMA6|PSMA7|PSMA8|PSMB1|PSMB10|PSMB11|PSMB2|PSMB3|PSMB4|PSMB5|PSMB6|PSMB7|PSMB8|PSMB9|PSMC1|PSMC2|PSMC3|PSMC4|PSMC5|PSMC6|PSMD1|PSMD11|PSMD12|PSMD13|PSMD14|PSMD2|PSMD3|PSMD4|PSMD6|PSMD7|PSMD8|SEM1	20uM	HT29	24h	LINCSCP_127769
LINCSCP_136357	0.7992195045	0.03103638791	7	179324-69-7	LSM-6281	ADRM1|PSMA1|PSMA2|PSMA3|PSMA4|PSMA5|PSMA6|PSMA7|PSMA8|PSMB1|PSMB10|PSMB11|PSMB2|PSMB3|PSMB4|PSMB5|PSMB6|PSMB7|PSMB8|PSMB9|PSMC1|PSMC2|PSMC3|PSMC4|PSMC5|PSMC6|PSMD1|PSMD11|PSMD12|PSMD13|PSMD14|PSMD2|PSMD3|PSMD4|PSMD6|PSMD7|PSMD8|SEM1	20uM	MCF7	24h	LINCSCP_136357
LINCSCP_105809	-0.7992097005	0.03104000178	7	TSU-68	LSM-43215	AURKA|AURKB|FGFR1|FGFR2|FGFR3|FGFR4|KDR|PDGFRA|PDGFRB	1.11uM	HELA	24h	LINCSCP_105809
LINCSCP_7812	-0.7991620846	0.03105755702	7	BRD-K31260488	LSM-38973	NA	10uM	A549	24h	LINCSCP_7812
LINCSCP_165868	-0.7991506883	0.03106175947	7	Resveratrol	LSM-42917	PTGS1|PTGS2|SIRT1	10uM	SKL	24h	LINCSCP_165868
LINCSCP_152412	-0.799102598	0.03107949655	7	GSK-2334470	LSM-1222	PDK1|PDPK1	0.04uM	PC3	24h	LINCSCP_152412
LINCSCP_270325	-0.7990819971	0.03108709648	7	BRD4770	LSM-42692	EHMT2	10uM	PC3	24h	LINCSCP_270325
LINCSCP_147601	0.7990776964	0.03108868322	7	HG-9-91-01	LSM-6343	NA	10uM	NPC.CAS9	24h	LINCSCP_147601
LINCSCP_120135	0.7990725979	0.03109056433	7	179324-69-7	LSM-6281	ADRM1|PSMA1|PSMA2|PSMA3|PSMA4|PSMA5|PSMA6|PSMA7|PSMA8|PSMB1|PSMB10|PSMB11|PSMB2|PSMB3|PSMB4|PSMB5|PSMB6|PSMB7|PSMB8|PSMB9|PSMC1|PSMC2|PSMC3|PSMC4|PSMC5|PSMC6|PSMD1|PSMD11|PSMD12|PSMD13|PSMD14|PSMD2|PSMD3|PSMD4|PSMD6|PSMD7|PSMD8|SEM1	20uM	HT29	24h	LINCSCP_120135
LINCSCP_124892	0.7990040594	0.0311158581	7	179324-69-7	LSM-6281	ADRM1|PSMA1|PSMA2|PSMA3|PSMA4|PSMA5|PSMA6|PSMA7|PSMA8|PSMB1|PSMB10|PSMB11|PSMB2|PSMB3|PSMB4|PSMB5|PSMB6|PSMB7|PSMB8|PSMB9|PSMC1|PSMC2|PSMC3|PSMC4|PSMC5|PSMC6|PSMD1|PSMD11|PSMD12|PSMD13|PSMD14|PSMD2|PSMD3|PSMD4|PSMD6|PSMD7|PSMD8|SEM1	20uM	HT29	24h	LINCSCP_124892
LINCSCP_18040	-0.7989920907	0.03112027628	7	MDM2 Inhibitor	LSM-43034	MDM2	10uM	HCC515	24h	LINCSCP_18040
LINCSCP_86750	-0.7989877327	0.0311218851	7	SB525334	LSM-1121	TGFBR1	10uM	CD34	24h	LINCSCP_86750
LINCSCP_1273	-0.7989719919	0.03112769643	7	MLS-0258268.0001	LSM-1866	NA	10uM	A375	6h	LINCSCP_1273
LINCSCP_79584	-0.7989531732	0.03113464485	7	Pindolol	LSM-1953	ADRB1|ADRB2|HTR1A	3.33uM	A375	24h	LINCSCP_79584
LINCSCP_226758	0.7989451711	0.03113759974	7	Pirenzepine	LSM-4001	CHRM1	10uM	HT29	6h	LINCSCP_226758
LINCSCP_88248	0.7989347896	0.03114143348	7	CHIR-99021	LSM-1181	NA	3.33uM	HA1E	24h	LINCSCP_88248
LINCSCP_154818	0.7989243961	0.03114527191	7	MG-132	LSM-1107	PSMB1	20uM	PC3	24h	LINCSCP_154818
LINCSCP_135827	0.798896235	0.03115567344	7	Saracatinib	LSM-1032	ABL1|SRC	0.37uM	MCF7	24h	LINCSCP_135827
LINCSCP_39822	0.7988867266	0.03115918587	7	Trifluoperazine	LSM-4010	DRD2|DRD3|DRD4|HTR2A|HTR2C	10uM	MDST8	6h	LINCSCP_39822
LINCSCP_148552	-0.7988553982	0.03117076028	7	PDK1 Inhibitor	LSM-1081	PDPK1	1.11uM	NPC	24h	LINCSCP_148552
LINCSCP_38103	0.798837748	0.0311772823	7	179324-69-7	LSM-6281	ADRM1|PSMA1|PSMA2|PSMA3|PSMA4|PSMA5|PSMA6|PSMA7|PSMA8|PSMB1|PSMB10|PSMB11|PSMB2|PSMB3|PSMB4|PSMB5|PSMB6|PSMB7|PSMB8|PSMB9|PSMC1|PSMC2|PSMC3|PSMC4|PSMC5|PSMC6|PSMD1|PSMD11|PSMD12|PSMD13|PSMD14|PSMD2|PSMD3|PSMD4|PSMD6|PSMD7|PSMD8|SEM1	50uM	MCF7	6h	LINCSCP_38103
LINCSCP_68806	0.7988369469	0.03117757834	7	Vorinostat	LSM-3828	HDAC1|HDAC2|HDAC3|HDAC6|HDAC8	10uM	VCAP	24h	LINCSCP_68806
LINCSCP_165259	-0.7988124448	0.03118663351	7	Amuvatinib	LSM-1118	FLT3|KIT|MET|PDGFRA	0.04uM	SKL	24h	LINCSCP_165259
LINCSCP_161094	0.7988109756	0.03118717652	7	Procainamide	LSM-3681	SCN10A|SCN11A|SCN1A|SCN2A|SCN3A|SCN4A|SCN5A|SCN7A|SCN8A|SCN9A	0.12uM	PC3	24h	LINCSCP_161094
LINCSCP_13381	-0.7987961156	0.03119266909	7	Triacetylresveratrol	LSM-44077	NA	10uM	FIBRNPC	6h	LINCSCP_13381
LINCSCP_22859	0.7987864005	0.03119626026	7	AC1O8PYD	LSM-1697	NR3C1	10uM	HEPG2	6h	LINCSCP_22859
LINCSCP_110915	-0.7987729982	0.03120121481	7	Isoconazole	LSM-6515	NA	0.12uM	HELA	24h	LINCSCP_110915
LINCSCP_55831	0.7987666603	0.03120355792	7	Tyrphostin AG-1478	LSM-1224	EGFR	10uM	VCAP	6h	LINCSCP_55831
LINCSCP_30162	0.7987607372	0.03120574781	7	AC1NWALX	LSM-1410	RPS2	10uM	MCF7	6h	LINCSCP_30162
LINCSCP_136353	0.7987363964	0.03121474793	7	179324-69-7	LSM-6281	ADRM1|PSMA1|PSMA2|PSMA3|PSMA4|PSMA5|PSMA6|PSMA7|PSMA8|PSMB1|PSMB10|PSMB11|PSMB2|PSMB3|PSMB4|PSMB5|PSMB6|PSMB7|PSMB8|PSMB9|PSMC1|PSMC2|PSMC3|PSMC4|PSMC5|PSMC6|PSMD1|PSMD11|PSMD12|PSMD13|PSMD14|PSMD2|PSMD3|PSMD4|PSMD6|PSMD7|PSMD8|SEM1	20uM	MCF7	24h	LINCSCP_136353
LINCSCP_283841	0.7987217006	0.03122018245	7	CHEMBL1900088	LSM-6657	NA	10uM	SKB	24h	LINCSCP_283841
LINCSCP_14458	0.7986873568	0.03123288491	7	Valsartan	LSM-2993	AGTR1	10uM	HA1E	24h	LINCSCP_14458
LINCSCP_95216	-0.798667831	0.03124010807	7	NCGC00166323-01	LSM-6478	NA	10uM	HA1E	24h	LINCSCP_95216
LINCSCP_136251	0.7986164053	0.03125913633	7	MG-132	LSM-1107	PSMB1	20uM	MCF7	24h	LINCSCP_136251
LINCSCP_67643	0.7985784422	0.03127318738	7	Mebendazole	LSM-3749	NA	20uM	MCF7	6h	LINCSCP_67643
LINCSCP_293422	-0.7985743643	0.03127469692	7	SMR000151874	LSM-3456	NA	10uM	VCAP	24h	LINCSCP_293422
LINCSCP_1661	0.7985650156	0.03127815772	7	AN-465/41673090	LSM-4159	NA	10uM	A375	6h	LINCSCP_1661
LINCSCP_155893	0.7985493555	0.03128395544	7	MG-132	LSM-1107	PSMB1	20uM	PC3	24h	LINCSCP_155893
LINCSCP_119270	0.7985492257	0.0312840035	7	GSK962040	LSM-45854	MLNR	10uM	HT29	24h	LINCSCP_119270
LINCSCP_75120	-0.7985262821	0.03129249882	7	ascorbic-acid	LSM-45932	NA	3.33uM	A375	24h	LINCSCP_75120
LINCSCP_10805	0.7985214465	0.03129428946	7	BRD-K88556033	LSM-42098	NA	10uM	ASC	24h	LINCSCP_10805
LINCSCP_96360	-0.7985054908	0.03130019834	7	Quinacrine	LSM-1577	TP53	10uM	HA1E	24h	LINCSCP_96360
LINCSCP_30839	0.7984994295	0.03130244318	7	Tyrphostin AG-1478	LSM-1224	EGFR	60uM	MCF7	6h	LINCSCP_30839
LINCSCP_117171	-0.7984883314	0.03130655369	7	BMS-509744	LSM-1137	NA	1.11uM	HT29	24h	LINCSCP_117171
LINCSCP_113253	0.7984744266	0.03131170415	7	Gefitinib	LSM-1098	EGFR	10uM	HME1	24h	LINCSCP_113253
LINCSCP_116291	0.7983972985	0.03134028158	7	AZD-8330	LSM-1165	MAP2K1|MAP2K2	1.11uM	HT29	24h	LINCSCP_116291
LINCSCP_65226	0.7983876217	0.03134386809	7	BRD-K14593092	LSM-38027	NA	10uM	VCAP	24h	LINCSCP_65226
LINCSCP_37061	0.7983865597	0.03134426169	7	HEMICHOLINIUM-3	LSM-4994	NA	3uM	MCF7	6h	LINCSCP_37061
LINCSCP_57917	0.7983610966	0.03135370012	7	MLS002264466	LSM-3995	NA	10uM	VCAP	6h	LINCSCP_57917
LINCSCP_118515	0.7983152905	0.03137068315	7	UNII-BXU45ZH6LI	LSM-2382	OPRL1	10uM	HT29	24h	LINCSCP_118515
LINCSCP_140932	0.798292727	0.03137905064	7	MG-132	LSM-1107	PSMB1	20uM	MCF7	24h	LINCSCP_140932
LINCSCP_45460	0.7982888457	0.03138049013	7	MLS002264453	LSM-2143	NA	10uM	PC3	24h	LINCSCP_45460
LINCSCP_85753	0.7982708187	0.03138717636	7	13-Hydroxy-8,14,19-trimethoxy-4,10,12,16-tetramethyl-3,20,22-trioxo-2-azabicyclo[16.3.1]docosa-1(21),4,6,10,18-pentaen-9-yl carbamate	LSM-42815	HSP90AA1	3.33uM	BT20	3h	LINCSCP_85753
LINCSCP_217012	-0.7982534776	0.03139360898	7	Terreic-acid	LSM-5107	BTK	10uM	HCC515	6h	LINCSCP_217012
LINCSCP_138413	0.7982313154	0.03140183099	7	MG-132	LSM-1107	PSMB1	20uM	MCF7	24h	LINCSCP_138413
LINCSCP_32034	0.7982185163	0.03140657991	7	BRD-K21165668	LSM-38416	NA	10uM	MCF7	6h	LINCSCP_32034
LINCSCP_65592	0.7982155691	0.03140767351	7	MLS003130126	LSM-38194	NA	10uM	VCAP	24h	LINCSCP_65592
LINCSCP_12142	0.7981787269	0.03142134578	7	NVP-AUY922	LSM-1162	HSP90AA1|HSP90AB1	1uM	BT20	24h	LINCSCP_12142
LINCSCP_112170	-0.7981773994	0.03142183849	7	Motesanib	LSM-1042	FLT1|FLT4|KDR|KIT|PDGFRA|PDGFRB|RET	3.33uM	HEPG2	24h	LINCSCP_112170
LINCSCP_64319	-0.7981751042	0.03142269037	7	BRD-K76352008	LSM-41440	NA	5uM	VCAP	24h	LINCSCP_64319
LINCSCP_4249	0.798154496	0.03143033979	7	Repaglinide	LSM-3863	ABCC8|KCNJ11	10uM	A549	24h	LINCSCP_4249
LINCSCP_117724	0.7981419003	0.03143501562	7	Dabrafenib	LSM-6303	BRAF	3.33uM	HT29	24h	LINCSCP_117724
LINCSCP_145120	0.798118739	0.03144361467	7	TORIN-2	LSM-1080	MTOR	3.33uM	MDAMB231	3h	LINCSCP_145120
LINCSCP_310596	0.7981126901	0.03144586064	7	BRD-K46385262	LSM-39837	NA	10uM	VCAP	6h	LINCSCP_310596
LINCSCP_26828	0.7981065633	0.03144813561	7	CGP71683A	LSM-2692	NPY5R	10uM	HT29	6h	LINCSCP_26828
LINCSCP_58484	0.7980590194	0.03146579267	7	NCGC00170564-01	LSM-36705	NA	10uM	VCAP	6h	LINCSCP_58484
LINCSCP_65855	0.798038318	0.03147348258	7	BRD-K70052069	LSM-41076	NA	10uM	VCAP	6h	LINCSCP_65855
LINCSCP_65099	-0.7980348377	0.03147477551	7	BRD-K46791751	LSM-39872	NA	0.5uM	VCAP	24h	LINCSCP_65099
LINCSCP_22713	0.7980306022	0.03147634901	7	(+)-Camptothecin	LSM-1442	TOP1	10uM	HEPG2	6h	LINCSCP_22713
LINCSCP_155534	0.7980303876	0.03147642875	7	MG-132	LSM-1107	PSMB1	20uM	PC3	24h	LINCSCP_155534
LINCSCP_43221	0.7980220162	0.03147953893	7	Nocodazole	LSM-2260	NA	10uM	NPC	24h	LINCSCP_43221
LINCSCP_10719	-0.7980206824	0.03148003445	7	BRD-K21165668	LSM-38416	NA	10uM	ASC	24h	LINCSCP_10719
LINCSCP_260375	0.7980089279	0.03148440185	7	SA-1473405	LSM-40861	NA	10uM	NKDBA	24h	LINCSCP_260375
LINCSCP_229861	0.7979865726	0.03149270892	7	BRD-K20281332	LSM-9667	NA	5uM	HT29	24h	LINCSCP_229861
LINCSCP_51721	0.7979537978	0.03150489001	7	SB 239063	LSM-44951	MAPK11|MAPK14	10uM	SKBR3	6h	LINCSCP_51721
LINCSCP_148561	0.797942777	0.03150898656	7	SCHEMBL17378613	LSM-5749	CSF1R	0.04uM	NPC	24h	LINCSCP_148561
LINCSCP_6175	0.7978994208	0.03152510555	7	Floxuridine	LSM-5588	TYMS	10uM	A549	24h	LINCSCP_6175
LINCSCP_124530	0.7978819683	0.03153159535	7	179324-69-7	LSM-6281	ADRM1|PSMA1|PSMA2|PSMA3|PSMA4|PSMA5|PSMA6|PSMA7|PSMA8|PSMB1|PSMB10|PSMB11|PSMB2|PSMB3|PSMB4|PSMB5|PSMB6|PSMB7|PSMB8|PSMB9|PSMC1|PSMC2|PSMC3|PSMC4|PSMC5|PSMC6|PSMD1|PSMD11|PSMD12|PSMD13|PSMD14|PSMD2|PSMD3|PSMD4|PSMD6|PSMD7|PSMD8|SEM1	20uM	HT29	24h	LINCSCP_124530
LINCSCP_71451	-0.7978649116	0.03153793867	7	levopropoxyphene	LSM-45704	NA	10uM	A375	24h	LINCSCP_71451
LINCSCP_141657	-0.7978518215	0.03154280732	7	Sasapyrine	LSM-45517	NA	0.12uM	MCF7	24h	LINCSCP_141657
LINCSCP_50955	0.7978026474	0.03156110058	7	AGK 2	LSM-43196	SIRT2	10uM	RMGI	6h	LINCSCP_50955
LINCSCP_157243	0.7977890113	0.03156617441	7	MG-132	LSM-1107	PSMB1	20uM	PC3	24h	LINCSCP_157243
LINCSCP_10639	0.7977769689	0.03157065561	7	Elesclomol	LSM-4929	HSPA1A	10uM	AGS	6h	LINCSCP_10639
LINCSCP_55536	0.7977685914	0.03157377324	7	MLN 2238	LSM-4944	PSMB1	10uM	U937	6h	LINCSCP_55536
LINCSCP_38577	-0.7977273734	0.03158911476	7	CHEMBL2130605	LSM-22206	NA	0.37uM	MCF7	24h	LINCSCP_38577
LINCSCP_119777	0.7977262778	0.03158952261	7	179324-69-7	LSM-6281	ADRM1|PSMA1|PSMA2|PSMA3|PSMA4|PSMA5|PSMA6|PSMA7|PSMA8|PSMB1|PSMB10|PSMB11|PSMB2|PSMB3|PSMB4|PSMB5|PSMB6|PSMB7|PSMB8|PSMB9|PSMC1|PSMC2|PSMC3|PSMC4|PSMC5|PSMC6|PSMD1|PSMD11|PSMD12|PSMD13|PSMD14|PSMD2|PSMD3|PSMD4|PSMD6|PSMD7|PSMD8|SEM1	20uM	HT29	24h	LINCSCP_119777
LINCSCP_91320	0.7977115076	0.03159502119	7	Moricizine	LSM-2476	SCN10A|SCN11A|SCN1A|SCN2A|SCN3A|SCN4A|SCN5A|SCN7A|SCN8A|SCN9A	0.04uM	HA1E	24h	LINCSCP_91320
LINCSCP_303730	0.7976910559	0.03160263574	7	BRD-K10501200	LSM-9061	NA	5uM	VCAP	6h	LINCSCP_303730
LINCSCP_45008	-0.7976894668	0.03160322744	7	PF-04217903	LSM-1166	MET	40uM	PC3	24h	LINCSCP_45008
LINCSCP_61504	0.797674759	0.03160870413	7	BRD-K85536714	LSM-13657	NA	5uM	VCAP	24h	LINCSCP_61504
LINCSCP_55545	0.7976539138	0.03161646706	7	179324-69-7	LSM-6281	ADRM1|PSMA1|PSMA2|PSMA3|PSMA4|PSMA5|PSMA6|PSMA7|PSMA8|PSMB1|PSMB10|PSMB11|PSMB2|PSMB3|PSMB4|PSMB5|PSMB6|PSMB7|PSMB8|PSMB9|PSMC1|PSMC2|PSMC3|PSMC4|PSMC5|PSMC6|PSMD1|PSMD11|PSMD12|PSMD13|PSMD14|PSMD2|PSMD3|PSMD4|PSMD6|PSMD7|PSMD8|SEM1	0.01uM	U937	6h	LINCSCP_55545
LINCSCP_112927	0.7976406376	0.03162141178	7	ZINC77024257	LSM-1171	MDM2	3.33uM	HEPG2	24h	LINCSCP_112927
LINCSCP_109491	0.7976399929	0.03162165193	7	AC1NSZCT	LSM-1785	NR3C1	10uM	HELA	24h	LINCSCP_109491
LINCSCP_138154	0.7975853149	0.03164202146	7	179324-69-7	LSM-6281	ADRM1|PSMA1|PSMA2|PSMA3|PSMA4|PSMA5|PSMA6|PSMA7|PSMA8|PSMB1|PSMB10|PSMB11|PSMB2|PSMB3|PSMB4|PSMB5|PSMB6|PSMB7|PSMB8|PSMB9|PSMC1|PSMC2|PSMC3|PSMC4|PSMC5|PSMC6|PSMD1|PSMD11|PSMD12|PSMD13|PSMD14|PSMD2|PSMD3|PSMD4|PSMD6|PSMD7|PSMD8|SEM1	20uM	MCF7	24h	LINCSCP_138154
LINCSCP_48227	0.7975847963	0.03164221467	7	BRD-K97194822	LSM-44922	NA	5uM	PC3	24h	LINCSCP_48227
LINCSCP_32398	-0.7975604368	0.03165129186	7	BRD-K98634983	LSM-45119	NA	10uM	MCF7	6h	LINCSCP_32398
LINCSCP_136839	0.7975552706	0.03165321713	7	Pictilisib	LSM-1047	PIK3CA|PIK3CB|PIK3CD|PIK3CG|PIK3R1|PIK3R2|PIK3R3|PIK3R5	0.37uM	MCF7	24h	LINCSCP_136839
LINCSCP_113518	-0.7975491851	0.03165548511	7	Linifanib	LSM-1183	CSF1R|FLT1|FLT3|FLT4|KDR|PDGFRA|PDGFRB	3.33uM	HME1	3h	LINCSCP_113518
LINCSCP_243533	-0.7975450958	0.03165700916	7	Aceclofenac	LSM-5762	PTGS2	10uM	MCF7	24h	LINCSCP_243533
LINCSCP_16408	-0.7975332189	0.03166143588	7	GNF-PF-5186	LSM-4449	NA	10uM	HA1E	6h	LINCSCP_16408
LINCSCP_287243	-0.7975297572	0.03166272619	7	916985-21-2	LSM-4790	NA	10uM	SNUC5	6h	LINCSCP_287243
LINCSCP_35624	-0.797464629	0.03168700718	7	Perhexiline	LSM-4353	CPT1A|CPT2	1uM	MCF7	24h	LINCSCP_35624
LINCSCP_110144	0.7974611937	0.03168828823	7	SPECTRUM_001579	LSM-6509	NA	3.33uM	HELA	24h	LINCSCP_110144
LINCSCP_136162	0.7974592814	0.03168900136	7	MG-132	LSM-1107	PSMB1	20uM	MCF7	24h	LINCSCP_136162
LINCSCP_26279	-0.7974555502	0.03169039276	7	Palonosetron	LSM-5266	HTR3A	10uM	HT29	6h	LINCSCP_26279
LINCSCP_124446	0.7974195815	0.03170380784	7	179324-69-7	LSM-6281	ADRM1|PSMA1|PSMA2|PSMA3|PSMA4|PSMA5|PSMA6|PSMA7|PSMA8|PSMB1|PSMB10|PSMB11|PSMB2|PSMB3|PSMB4|PSMB5|PSMB6|PSMB7|PSMB8|PSMB9|PSMC1|PSMC2|PSMC3|PSMC4|PSMC5|PSMC6|PSMD1|PSMD11|PSMD12|PSMD13|PSMD14|PSMD2|PSMD3|PSMD4|PSMD6|PSMD7|PSMD8|SEM1	20uM	HT29	24h	LINCSCP_124446
LINCSCP_85133	0.7974179149	0.03170442948	7	PD-0325901	LSM-1101	MAP2K1|MAP2K2	0.04uM	BT20	24h	LINCSCP_85133
LINCSCP_131445	0.7973724589	0.0317213877	7	AS-605240	LSM-42784	PIK3CG	3.33uM	MCF10A	24h	LINCSCP_131445
LINCSCP_116811	0.797335426	0.03173520726	7	AS-605240	LSM-42784	PIK3CG	10uM	HT29	24h	LINCSCP_116811
LINCSCP_147359	-0.797293938	0.03175069333	7	WHI-P97	LSM-1033	JAK3	3.33uM	NEU	24h	LINCSCP_147359
LINCSCP_60432	-0.7972731033	0.0317584718	7	BRD-K84838433	LSM-7938	NA	5uM	VCAP	24h	LINCSCP_60432
LINCSCP_87278	-0.7972599745	0.03176337389	7	TAK-715	LSM-1060	MAPK14	3.33uM	CD34	24h	LINCSCP_87278
LINCSCP_43881	0.7972337001	0.03177318559	7	Tretinoin	LSM-42854	RARA|RARB|RARG|RORB	3uM	PC3	6h	LINCSCP_43881
LINCSCP_294941	0.7971417373	0.03180754082	7	BRD-K99303177	LSM-42639	NA	10uM	VCAP	24h	LINCSCP_294941
LINCSCP_116495	0.7971207094	0.03181539926	7	Trametinib	LSM-1143	MAP2K1|MAP2K2	1.11uM	HT29	24h	LINCSCP_116495
LINCSCP_139231	0.7971195655	0.03181582676	7	179324-69-7	LSM-6281	ADRM1|PSMA1|PSMA2|PSMA3|PSMA4|PSMA5|PSMA6|PSMA7|PSMA8|PSMB1|PSMB10|PSMB11|PSMB2|PSMB3|PSMB4|PSMB5|PSMB6|PSMB7|PSMB8|PSMB9|PSMC1|PSMC2|PSMC3|PSMC4|PSMC5|PSMC6|PSMD1|PSMD11|PSMD12|PSMD13|PSMD14|PSMD2|PSMD3|PSMD4|PSMD6|PSMD7|PSMD8|SEM1	20uM	MCF7	24h	LINCSCP_139231
LINCSCP_5111	-0.7970964604	0.03182446282	7	SMR000127643	LSM-2658	NA	10uM	A549	6h	LINCSCP_5111
LINCSCP_30324	-0.7970953693	0.03182487068	7	Safrolglycol	LSM-1505	NA	10uM	MCF7	6h	LINCSCP_30324
LINCSCP_152417	0.7970708097	0.03183405189	7	CHIR-265	LSM-1207	BRAF|KDR	0.12uM	PC3	24h	LINCSCP_152417
LINCSCP_84548	0.7970654061	0.03183607215	7	Entinostat	LSM-4811	HDAC1|HDAC10|HDAC11|HDAC2|HDAC3|HDAC4|HDAC5|HDAC6|HDAC7|HDAC8|HDAC9	10uM	ASC	24h	LINCSCP_84548
LINCSCP_65734	0.7969858344	0.03186582994	7	BRD-K93340102	LSM-42345	NA	10uM	VCAP	24h	LINCSCP_65734
LINCSCP_57299	0.7969845357	0.03186631573	7	ZINC02121610	LSM-3277	NA	10uM	VCAP	24h	LINCSCP_57299
LINCSCP_5030	0.7969515942	0.03187863966	7	CHEMBL566722	LSM-4073	NA	10uM	A549	24h	LINCSCP_5030
LINCSCP_112273	-0.7969448387	0.03188116736	7	Sirolimus	LSM-42783	FKBP1A|MTOR	10uM	HEPG2	24h	LINCSCP_112273
LINCSCP_137601	0.7969395816	0.03188313443	7	MG-132	LSM-1107	PSMB1	20uM	MCF7	24h	LINCSCP_137601
LINCSCP_20650	-0.7969390361	0.03188333856	7	BRD-K67519589	LSM-40951	NA	10uM	HCC515	6h	LINCSCP_20650
LINCSCP_149758	0.7969309117	0.03188637868	7	HG-9-91-01	LSM-6343	NA	10uM	NPC.TAK	24h	LINCSCP_149758
LINCSCP_143092	0.7969092788	0.03189447442	7	MG-132	LSM-1107	PSMB1	20uM	MCF7	24h	LINCSCP_143092
LINCSCP_65200	0.7969091938	0.03189450624	7	BRD-K01615174	LSM-37364	NA	10uM	VCAP	24h	LINCSCP_65200
LINCSCP_135171	0.7968973253	0.03189894832	7	MG-132	LSM-1107	PSMB1	20uM	MCF7	24h	LINCSCP_135171
LINCSCP_146361	-0.7968789306	0.03190583369	7	Sirolimus	LSM-42783	FKBP1A|MTOR	10uM	NEU	24h	LINCSCP_146361
LINCSCP_25861	0.7968648039	0.03191112205	7	MLS002703293	LSM-1412	NA	10uM	HT29	24h	LINCSCP_25861
LINCSCP_126507	0.7968472492	0.03191769435	7	MG-132	LSM-1107	PSMB1	20uM	HT29	24h	LINCSCP_126507
LINCSCP_140929	0.7968453741	0.0319183964	7	MG-132	LSM-1107	PSMB1	20uM	MCF7	24h	LINCSCP_140929
LINCSCP_164337	-0.7968349624	0.03192229487	7	PDK1 Inhibitor	LSM-1081	PDPK1	0.04uM	SKL.C	24h	LINCSCP_164337
LINCSCP_123449	-0.79677641	0.03194422354	7	Vinpocetine	LSM-3178	PDE1A	0.04uM	HT29	24h	LINCSCP_123449
LINCSCP_50164	0.7967662254	0.03194803868	7	Trans-1,4-bis(2-chlorobenzaminomethyl)cyclohexane dihydrochloride	LSM-2053	NA	10uM	PHH	24h	LINCSCP_50164
LINCSCP_160318	0.7967582458	0.03195102798	7	Terbinafine	LSM-43227	NA	1.11uM	PC3	24h	LINCSCP_160318
LINCSCP_132860	0.7967581119	0.03195107817	7	AS-605240	LSM-42784	PIK3CG	0.37uM	MCF7	24h	LINCSCP_132860
LINCSCP_149633	0.7967107777	0.03196881373	7	AZ628	LSM-1050	BRAF|RAF1	1.11uM	NPC.TAK	24h	LINCSCP_149633
LINCSCP_136737	0.796709732	0.03196920561	7	Pentobarbital	LSM-1566	GABRA1|GABRA2|GABRA3|GABRA4|GABRA5|GABRA6|GABRB1|GABRB2|GABRB3|GABRD|GABRE|GABRG1|GABRG2|GABRG3|GABRP|GABRQ	1.11uM	MCF7	24h	LINCSCP_136737
LINCSCP_113271	0.7966855297	0.0319782761	7	AS-605240	LSM-42784	PIK3CG	10uM	HME1	24h	LINCSCP_113271
LINCSCP_156975	0.7966580286	0.03198858468	7	MG-132	LSM-1107	PSMB1	20uM	PC3	24h	LINCSCP_156975
LINCSCP_243523	-0.7966528038	0.03199054337	7	Zoxazolamine	LSM-3476	NA	10uM	MCF7	24h	LINCSCP_243523
LINCSCP_74306	0.7966284384	0.03199967841	7	YM 976	LSM-2271	PDE4A	0.37uM	A375	24h	LINCSCP_74306
LINCSCP_47736	-0.7966195571	0.03200300856	7	ZINC43393638	LSM-5566	CYP2B6	10uM	PC3	6h	LINCSCP_47736
LINCSCP_115299	0.7964833821	0.03205409287	7	PF477736	LSM-1112	CHEK1	0.37uM	HS578T	3h	LINCSCP_115299
LINCSCP_54522	0.7964572501	0.03206390115	7	Lexibulin	LSM-6232	TUBA1A|TUBA1B|TUBA1C|TUBA3E|TUBA4A|TUBB|TUBB1|TUBB2A|TUBB2B|TUBB3|TUBB4A|TUBB4B|TUBB6|TUBB8	1uM	SW948	6h	LINCSCP_54522
LINCSCP_165280	-0.7964260297	0.0320756215	7	1166227-08-2	LSM-1204	NA	10uM	SKL	24h	LINCSCP_165280
LINCSCP_132711	-0.7964222987	0.03207702229	7	BMS-387032	LSM-1132	CDK2|CDK7|CDK9	0.12uM	MCF7	24h	LINCSCP_132711
LINCSCP_138153	0.7963956111	0.03208704315	7	179324-69-7	LSM-6281	ADRM1|PSMA1|PSMA2|PSMA3|PSMA4|PSMA5|PSMA6|PSMA7|PSMA8|PSMB1|PSMB10|PSMB11|PSMB2|PSMB3|PSMB4|PSMB5|PSMB6|PSMB7|PSMB8|PSMB9|PSMC1|PSMC2|PSMC3|PSMC4|PSMC5|PSMC6|PSMD1|PSMD11|PSMD12|PSMD13|PSMD14|PSMD2|PSMD3|PSMD4|PSMD6|PSMD7|PSMD8|SEM1	20uM	MCF7	24h	LINCSCP_138153
LINCSCP_308398	-0.7963518247	0.03210348813	7	BRD-K19938940	LSM-9637	NA	5uM	VCAP	6h	LINCSCP_308398
LINCSCP_4458	0.7963444279	0.03210626663	7	AC1NXRFO	LSM-43270	NA	40uM	A549	24h	LINCSCP_4458
LINCSCP_115236	-0.79632918	0.03211199472	7	Buparlisib	LSM-1148	PIK3CA|PIK3CB|PIK3CD|PIK3CG|PIK3R1|PIK3R2|PIK3R3|PIK3R5	10uM	HS578T	3h	LINCSCP_115236
LINCSCP_26964	0.7963289714	0.03211207307	7	SMR000304369	LSM-1950	ADRB1|ADRB2	10uM	HT29	6h	LINCSCP_26964
LINCSCP_45542	0.7962997415	0.03212305532	7	ML239	LSM-3882	NA	10uM	PC3	24h	LINCSCP_45542
LINCSCP_146614	-0.7962944088	0.03212505912	7	761437-28-9	LSM-1208	NA	0.04uM	NEU	24h	LINCSCP_146614
LINCSCP_10335	0.7962917788	0.03212604741	7	Arachidonyl Trifluoromethylketone	LSM-43275	PLA2G4A	80uM	A673	6h	LINCSCP_10335
LINCSCP_139490	0.7962771356	0.0321315502	7	MG-132	LSM-1107	PSMB1	20uM	MCF7	24h	LINCSCP_139490
LINCSCP_57400	0.7962721031	0.0321334415	7	SMR000024485	LSM-42913	NA	10uM	VCAP	6h	LINCSCP_57400
LINCSCP_135423	0.7962424206	0.03214459793	7	ZK-93423	LSM-2741	GABRA1|GABRA2|GABRA3|GABRA5	3.33uM	MCF7	24h	LINCSCP_135423
LINCSCP_125524	0.7962197386	0.03215312463	7	179324-69-7	LSM-6281	ADRM1|PSMA1|PSMA2|PSMA3|PSMA4|PSMA5|PSMA6|PSMA7|PSMA8|PSMB1|PSMB10|PSMB11|PSMB2|PSMB3|PSMB4|PSMB5|PSMB6|PSMB7|PSMB8|PSMB9|PSMC1|PSMC2|PSMC3|PSMC4|PSMC5|PSMC6|PSMD1|PSMD11|PSMD12|PSMD13|PSMD14|PSMD2|PSMD3|PSMD4|PSMD6|PSMD7|PSMD8|SEM1	20uM	HT29	24h	LINCSCP_125524
LINCSCP_72812	0.7962174222	0.03215399548	7	Mubritinib (TAK 165)	LSM-45710	ERBB2	10uM	A375	24h	LINCSCP_72812
LINCSCP_122294	0.7962049027	0.03215870246	7	179324-69-7	LSM-6281	ADRM1|PSMA1|PSMA2|PSMA3|PSMA4|PSMA5|PSMA6|PSMA7|PSMA8|PSMB1|PSMB10|PSMB11|PSMB2|PSMB3|PSMB4|PSMB5|PSMB6|PSMB7|PSMB8|PSMB9|PSMC1|PSMC2|PSMC3|PSMC4|PSMC5|PSMC6|PSMD1|PSMD11|PSMD12|PSMD13|PSMD14|PSMD2|PSMD3|PSMD4|PSMD6|PSMD7|PSMD8|SEM1	20uM	HT29	24h	LINCSCP_122294
LINCSCP_235679	0.7961979053	0.03216133348	7	Withaferin A	LSM-6685	IKBKB|NAMPT	1uM	MCF7	6h	LINCSCP_235679
LINCSCP_28336	0.7961724102	0.03217092053	7	BRD-K13559922	LSM-37967	NA	10uM	HT29	24h	LINCSCP_28336
LINCSCP_17349	-0.7961452237	0.0321811454	7	SCHEMBL16980366	LSM-6847	NA	1.11uM	HA1E	24h	LINCSCP_17349
LINCSCP_140395	0.7960509043	0.03221663303	7	179324-69-7	LSM-6281	ADRM1|PSMA1|PSMA2|PSMA3|PSMA4|PSMA5|PSMA6|PSMA7|PSMA8|PSMB1|PSMB10|PSMB11|PSMB2|PSMB3|PSMB4|PSMB5|PSMB6|PSMB7|PSMB8|PSMB9|PSMC1|PSMC2|PSMC3|PSMC4|PSMC5|PSMC6|PSMD1|PSMD11|PSMD12|PSMD13|PSMD14|PSMD2|PSMD3|PSMD4|PSMD6|PSMD7|PSMD8|SEM1	20uM	MCF7	24h	LINCSCP_140395
LINCSCP_43556	-0.7960232812	0.03222703034	7	Apigenin	LSM-5206	NA	10uM	NPC	6h	LINCSCP_43556
LINCSCP_108974	0.7959491086	0.03225495808	7	SGI-1776	LSM-6307	PIM1|PIM2|PIM3	0.37uM	HELA	24h	LINCSCP_108974
LINCSCP_119660	-0.7959394567	0.03225859327	7	cucurbitacin-i	LSM-45610	NA	10uM	HT29	24h	LINCSCP_119660
LINCSCP_15889	-0.795925665	0.03226378799	7	MLS002264487	LSM-3550	NA	10uM	HA1E	6h	LINCSCP_15889
LINCSCP_140754	0.7958953158	0.03227522082	7	179324-69-7	LSM-6281	ADRM1|PSMA1|PSMA2|PSMA3|PSMA4|PSMA5|PSMA6|PSMA7|PSMA8|PSMB1|PSMB10|PSMB11|PSMB2|PSMB3|PSMB4|PSMB5|PSMB6|PSMB7|PSMB8|PSMB9|PSMC1|PSMC2|PSMC3|PSMC4|PSMC5|PSMC6|PSMD1|PSMD11|PSMD12|PSMD13|PSMD14|PSMD2|PSMD3|PSMD4|PSMD6|PSMD7|PSMD8|SEM1	20uM	MCF7	24h	LINCSCP_140754
LINCSCP_155636	0.7958733603	0.03228349307	7	179324-69-7	LSM-6281	ADRM1|PSMA1|PSMA2|PSMA3|PSMA4|PSMA5|PSMA6|PSMA7|PSMA8|PSMB1|PSMB10|PSMB11|PSMB2|PSMB3|PSMB4|PSMB5|PSMB6|PSMB7|PSMB8|PSMB9|PSMC1|PSMC2|PSMC3|PSMC4|PSMC5|PSMC6|PSMD1|PSMD11|PSMD12|PSMD13|PSMD14|PSMD2|PSMD3|PSMD4|PSMD6|PSMD7|PSMD8|SEM1	20uM	PC3	24h	LINCSCP_155636
LINCSCP_53468	0.7958435609	0.0322947226	7	Tivozanib	LSM-1005	FLT1|FLT4|KDR|KIT|PDGFRA|PDGFRB	10uM	SKMEL28	6h	LINCSCP_53468
LINCSCP_155535	0.7958375415	0.0322969912	7	MG-132	LSM-1107	PSMB1	20uM	PC3	24h	LINCSCP_155535
LINCSCP_2170	0.7958198577	0.03230365642	7	sorafenib	NA	BRAF|DDR2|FGFR1|FLT1|FLT3|FLT4|KDR|KIT|PDGFRB|RAF1|RET	10uM	A375	6h	LINCSCP_2170
LINCSCP_65271	0.7958171144	0.03230469046	7	CHEMBL2355647	LSM-39249	NA	10uM	VCAP	24h	LINCSCP_65271
LINCSCP_268040	-0.7957851881	0.032316726	7	MLS002264502	LSM-1258	NA	10uM	PC3	24h	LINCSCP_268040
LINCSCP_164489	0.7957823344	0.0323178019	7	Osimertinib	LSM-6344	EGFR|ERBB2|ERBB3|ERBB4	1.11uM	SKL.C	24h	LINCSCP_164489
LINCSCP_282379	-0.7957817286	0.03231803031	7	Sulfisoxazole	LSM-3120	NA	10uM	PHH	24h	LINCSCP_282379
LINCSCP_146850	-0.7957635114	0.03232489906	7	STK219801	LSM-43281	NA	3.33uM	NEU	24h	LINCSCP_146850
LINCSCP_43414	-0.7957590347	0.0323265871	7	Chenodiol	LSM-5353	NR1H4	10uM	NPC	24h	LINCSCP_43414
LINCSCP_139041	0.7957368287	0.03233496117	7	MG-132	LSM-1107	PSMB1	20uM	MCF7	24h	LINCSCP_139041
LINCSCP_56562	0.7957328068	0.032336478	7	CGP 57380	LSM-2944	MKNK1	10uM	VCAP	6h	LINCSCP_56562
LINCSCP_132634	0.7957205557	0.03234109864	7	PD-0325901	LSM-1101	MAP2K1|MAP2K2	0.04uM	MCF7	24h	LINCSCP_132634
LINCSCP_5330	-0.7956742667	0.03235856036	7	MLS002264494	LSM-4028	NA	10uM	A549	6h	LINCSCP_5330
LINCSCP_173115	-0.7956529132	0.03236661739	7	LY2940680	LSM-45539	SMO	0.12uM	YAPC	24h	LINCSCP_173115
LINCSCP_148356	0.7956389548	0.0323718847	7	Regorafenib	LSM-1226	ABL1|BRAF|DDR2|FGFR1|FGFR2|FLT1|FLT4|FRK|KDR|KIT|MAPK11|PDGFRA|PDGFRB|RAF1|RET|TEK	1.11uM	NPC.CAS9	24h	LINCSCP_148356
LINCSCP_93802	0.7956184576	0.0323796204	7	BRD-A77864279	LSM-45397	NA	0.12uM	HA1E	24h	LINCSCP_93802
LINCSCP_25591	0.7955834153	0.03239284778	7	CAY10603	LSM-4941	HDAC6	10uM	HT29	24h	LINCSCP_25591
LINCSCP_77602	-0.7955831039	0.03239296536	7	Penciclovir	LSM-5587	NA	0.04uM	A375	24h	LINCSCP_77602
LINCSCP_239412	-0.7955178505	0.03241760459	7	AB00540134	LSM-4868	NA	10uM	MCF7	24h	LINCSCP_239412
LINCSCP_227354	-0.7954935527	0.03242678195	7	Fenoldopam	LSM-1609	DRD1	10uM	HT29	6h	LINCSCP_227354
LINCSCP_17610	-0.7954577576	0.03244030453	7	AG 14361	LSM-1988	PARP1	20uM	HCC15	6h	LINCSCP_17610
LINCSCP_144973	-0.7954165473	0.03245587673	7	NU-7441	LSM-1061	PRKDC	0.12uM	MDAMB231	3h	LINCSCP_144973
LINCSCP_78105	0.7954164976	0.03245589551	7	MG-132	LSM-1107	PSMB1	20uM	A375	24h	LINCSCP_78105
LINCSCP_25644	0.7953712123	0.03247301237	7	Tosedostat	LSM-6286	ANPEP|C9orf3|DNPEP|ENPEP|ERAP1|ERAP2|LAP3|LNPEP|LVRN|METAP1|METAP1D|METAP2|NPEPL1|NPEPPS|RNPEP|RNPEPL1|XPNPEP1|XPNPEP2|XPNPEP3	80uM	HT29	24h	LINCSCP_25644
LINCSCP_86098	0.7953709918	0.03247309571	7	Gefitinib	LSM-1098	EGFR	0.12uM	BT20	24h	LINCSCP_86098
LINCSCP_61071	0.7953664989	0.0324747942	7	BRD-K68236123	LSM-12588	NA	5uM	VCAP	24h	LINCSCP_61071
LINCSCP_53047	-0.7953551306	0.0324790921	7	BML-259	LSM-6266	CDK2|CDK5	80uM	SKLU1	6h	LINCSCP_53047
LINCSCP_154140	-0.7953419419	0.0324840786	7	Balicatib	LSM-45647	NA	10uM	PC3	24h	LINCSCP_154140
LINCSCP_163497	-0.7953353224	0.03248658152	7	SCHEMBL3958507	LSM-5245	COQ8B|EGFR	0.04uM	SKBR3	24h	LINCSCP_163497
LINCSCP_38664	-0.7953199398	0.03249239832	7	AT-9283	LSM-37023	ABL1|AURKA|AURKB|FLT3|JAK2|JAK3	10uM	MCF7	24h	LINCSCP_38664
LINCSCP_123415	0.7953066386	0.03249742849	7	TAK-715	LSM-1060	MAPK14	10uM	HT29	24h	LINCSCP_123415
LINCSCP_124808	0.7952557298	0.032516685	7	179324-69-7	LSM-6281	ADRM1|PSMA1|PSMA2|PSMA3|PSMA4|PSMA5|PSMA6|PSMA7|PSMA8|PSMB1|PSMB10|PSMB11|PSMB2|PSMB3|PSMB4|PSMB5|PSMB6|PSMB7|PSMB8|PSMB9|PSMC1|PSMC2|PSMC3|PSMC4|PSMC5|PSMC6|PSMD1|PSMD11|PSMD12|PSMD13|PSMD14|PSMD2|PSMD3|PSMD4|PSMD6|PSMD7|PSMD8|SEM1	20uM	HT29	24h	LINCSCP_124808
LINCSCP_56361	0.7952293708	0.03252665793	7	Wortmannin	LSM-1318	PIK3CA|PIK3CG|PLK1	10uM	VCAP	24h	LINCSCP_56361
LINCSCP_39483	0.7952269963	0.0325275564	7	Momelotinib	LSM-1141	JAK1|JAK2	10uM	MDAMB231	24h	LINCSCP_39483
LINCSCP_149861	-0.7951305029	0.03256407974	7	Vandetanib	LSM-1199	EGFR|EPHA1|EPHA10|EPHA2|EPHA3|EPHA4|EPHA5|EPHA6|EPHA7|EPHA8|EPHB1|EPHB2|EPHB3|EPHB4|EPHB6|ERBB2|ERBB3|ERBB4|FLT1|FLT4|KDR|PTK6|RET|SRC|TEK	3.33uM	NPC.TAK	24h	LINCSCP_149861
LINCSCP_11333	-0.7951297165	0.03256437747	7	Fusaric acid	LSM-3944	DBH	10uM	ASC	24h	LINCSCP_11333
LINCSCP_120915	0.7951251424	0.03256610938	7	Lorglumide	LSM-4389	CCKAR|CCKBR	0.12uM	HT29	24h	LINCSCP_120915
LINCSCP_119778	0.7951099223	0.03257187257	7	179324-69-7	LSM-6281	ADRM1|PSMA1|PSMA2|PSMA3|PSMA4|PSMA5|PSMA6|PSMA7|PSMA8|PSMB1|PSMB10|PSMB11|PSMB2|PSMB3|PSMB4|PSMB5|PSMB6|PSMB7|PSMB8|PSMB9|PSMC1|PSMC2|PSMC3|PSMC4|PSMC5|PSMC6|PSMD1|PSMD11|PSMD12|PSMD13|PSMD14|PSMD2|PSMD3|PSMD4|PSMD6|PSMD7|PSMD8|SEM1	20uM	HT29	24h	LINCSCP_119778
LINCSCP_30621	0.7950802762	0.03258309989	7	ICG-001	LSM-6267	NA	10uM	MCF7	24h	LINCSCP_30621
LINCSCP_159129	0.7950702528	0.03258689636	7	MG-132	LSM-1107	PSMB1	20uM	PC3	24h	LINCSCP_159129
LINCSCP_151571	0.7950677383	0.03258784879	7	AZD4547	LSM-6308	NA	10uM	PC3	24h	LINCSCP_151571
LINCSCP_65930	-0.795036479	0.03259969035	7	BRD-K21516480	LSM-38437	NA	1uM	VCAP	24h	LINCSCP_65930
LINCSCP_118423	0.7950355241	0.03260005213	7	179324-69-7	LSM-6281	ADRM1|PSMA1|PSMA2|PSMA3|PSMA4|PSMA5|PSMA6|PSMA7|PSMA8|PSMB1|PSMB10|PSMB11|PSMB2|PSMB3|PSMB4|PSMB5|PSMB6|PSMB7|PSMB8|PSMB9|PSMC1|PSMC2|PSMC3|PSMC4|PSMC5|PSMC6|PSMD1|PSMD11|PSMD12|PSMD13|PSMD14|PSMD2|PSMD3|PSMD4|PSMD6|PSMD7|PSMD8|SEM1	20uM	HT29	24h	LINCSCP_118423
LINCSCP_241373	0.7950223426	0.03260504624	7	Lidoflazine	LSM-3397	NA	10uM	MCF7	6h	LINCSCP_241373
LINCSCP_223698	0.7950028315	0.03261243926	7	362-74-3	LSM-1265	PRKACA	10uM	HT29	6h	LINCSCP_223698
LINCSCP_140438	0.7950018769	0.032612801	7	RO4987655	LSM-45489	MAP2K1|MAP2K2	0.37uM	MCF7	24h	LINCSCP_140438
LINCSCP_286477	0.7949794809	0.0326212884	7	Blebbistatin	LSM-6195	MYH2	40uM	SNGM	6h	LINCSCP_286477
LINCSCP_31366	-0.7949640054	0.03262715382	7	TCMDC-125221	LSM-2819	NA	10uM	MCF7	24h	LINCSCP_31366
LINCSCP_31597	0.7949546035	0.03263071756	7	MLS-0002494.0001	LSM-2762	NA	10uM	MCF7	24h	LINCSCP_31597
LINCSCP_17687	0.794939256	0.03263653542	7	Fcodpguefhccia-Uhfffaoysa-N	LSM-42689	CASP3	10uM	HCC15	6h	LINCSCP_17687
LINCSCP_113241	0.7949305218	0.03263984659	7	Lapatinib	LSM-1051	EGFR|ERBB2	10uM	HME1	24h	LINCSCP_113241
LINCSCP_132182	-0.7949291579	0.0326403637	7	C19H19FN4O3	LSM-1178	FGFR1|FLT1|KDR	1.11uM	MCF7	24h	LINCSCP_132182
LINCSCP_190204	0.7948981695	0.03265211315	7	Nevirapine	LSM-5336	CYP1A2|CYP2A6|CYP2B6|CYP2C9|CYP2D6|CYP3A4|CYP3A5	10uM	A549	6h	LINCSCP_190204
LINCSCP_213925	-0.7948365851	0.03267547032	7	QX314	LSM-3262	NA	10uM	HCC515	24h	LINCSCP_213925
LINCSCP_130252	0.7948333046	0.03267671481	7	Dasatinib	LSM-1020	ABL1|BCR|BLK|EPHA2|FGR|FRK|FYN|HCK|KIT|LCK|LYN|PDGFRB|SRC|SRMS|YES1	0.12uM	LNCAP	3h	LINCSCP_130252
LINCSCP_62640	-0.794797921	0.03269013927	7	BRD-K30635390	LSM-10272	NA	5uM	VCAP	24h	LINCSCP_62640
LINCSCP_61436	0.7947739206	0.03269924672	7	BRD-K31487013	LSM-10336	NA	5uM	VCAP	24h	LINCSCP_61436
LINCSCP_96569	-0.7947699642	0.0327007482	7	SCHEMBL6851809	LSM-43061	MTOR	0.04uM	HA1E	24h	LINCSCP_96569
LINCSCP_126551	-0.7947572485	0.03270557412	7	Pindolol	LSM-1953	ADRB1|ADRB2|HTR1A	3.33uM	HT29	24h	LINCSCP_126551
LINCSCP_146312	0.7947466385	0.03270960118	7	BS-181	LSM-6305	NA	3.33uM	MNEU.E	24h	LINCSCP_146312
LINCSCP_5288	0.7947201393	0.03271966028	7	ASN 04454474	LSM-3422	NA	10uM	A549	6h	LINCSCP_5288
LINCSCP_65224	-0.7947026059	0.03272631692	7	MLS003129275	LSM-37886	NA	10uM	VCAP	24h	LINCSCP_65224
LINCSCP_156547	0.7946880905	0.03273182833	7	Minoxidil	LSM-2134	ABCC9|KCNJ11|KCNJ8	3.33uM	PC3	24h	LINCSCP_156547
LINCSCP_154080	0.7946681022	0.03273941859	7	MK-5172	LSM-45592	NA	10uM	PC3	24h	LINCSCP_154080
LINCSCP_116591	-0.7946677839	0.03273953946	7	936890-98-1	LSM-42786	MTOR	1.11uM	HT29	24h	LINCSCP_116591
LINCSCP_25538	0.7946635376	0.03274115207	7	MLS003448149	LSM-3003	NA	10uM	HT29	24h	LINCSCP_25538
LINCSCP_17723	0.794635461	0.03275181576	7	Tivozanib	LSM-1005	FLT1|FLT4|KDR|KIT|PDGFRA|PDGFRB	10uM	HCC15	6h	LINCSCP_17723
LINCSCP_11859	-0.7946322318	0.03275304235	7	PF-562271	LSM-1072	PTK2|PTK2B	10uM	BT20	24h	LINCSCP_11859
LINCSCP_25969	0.7946277959	0.03275472732	7	Vorinostat	LSM-3828	HDAC1|HDAC2|HDAC3|HDAC6|HDAC8	10uM	HT29	24h	LINCSCP_25969
LINCSCP_46603	0.7946062271	0.03276292103	7	sorafenib	NA	BRAF|DDR2|FGFR1|FLT1|FLT3|FLT4|KDR|KIT|PDGFRB|RAF1|RET	10uM	PC3	6h	LINCSCP_46603
LINCSCP_32484	-0.7945901789	0.03276901826	7	3R14S-Ochratoxin a	LSM-5521	NA	10uM	MCF7	24h	LINCSCP_32484
LINCSCP_138177	-0.7945864464	0.03277043641	7	LY2334737	LSM-45658	NA	0.37uM	MCF7	24h	LINCSCP_138177
LINCSCP_12863	0.7945823072	0.0327720092	7	MLN 2238	LSM-4944	PSMB1	10uM	DV90	6h	LINCSCP_12863
LINCSCP_33210	0.7945617797	0.03277980956	7	Puromycin	LSM-2788	NA	10uM	MCF7	6h	LINCSCP_33210
LINCSCP_193777	-0.7945471361	0.03278537471	7	BRD-K30468800	LSM-38936	NA	10uM	A549	6h	LINCSCP_193777
LINCSCP_154565	0.7945056566	0.03280114142	7	179324-69-7	LSM-6281	ADRM1|PSMA1|PSMA2|PSMA3|PSMA4|PSMA5|PSMA6|PSMA7|PSMA8|PSMB1|PSMB10|PSMB11|PSMB2|PSMB3|PSMB4|PSMB5|PSMB6|PSMB7|PSMB8|PSMB9|PSMC1|PSMC2|PSMC3|PSMC4|PSMC5|PSMC6|PSMD1|PSMD11|PSMD12|PSMD13|PSMD14|PSMD2|PSMD3|PSMD4|PSMD6|PSMD7|PSMD8|SEM1	20uM	PC3	24h	LINCSCP_154565
LINCSCP_30645	0.7945033277	0.03280202679	7	PF750	LSM-6277	FAAH	80uM	MCF7	24h	LINCSCP_30645
LINCSCP_7819	0.794489667	0.03280722032	7	CHEMBL2131985	LSM-39083	NA	10uM	A549	24h	LINCSCP_7819
LINCSCP_238325	0.7944422904	0.03282523561	7	AC1LDAF7	LSM-2506	NA	10uM	MCF7	24h	LINCSCP_238325
LINCSCP_11255	0.7944393984	0.03282633551	7	GR-89696	LSM-1919	OPRK1	10uM	ASC	24h	LINCSCP_11255
LINCSCP_68556	0.7944065566	0.03283882732	7	13-Methyl-7-[9-(4,4,5,5,5-pentafluoropentylsulfinyl)nonyl]-6,7,8,9,11,12,14,15,16,17-decahydrocyclopenta[a]phenanthrene-3,17-diol	LSM-1895	ESR1	10uM	VCAP	24h	LINCSCP_68556
LINCSCP_19304	0.7943674861	0.03285369172	7	COT-10B	LSM-6226	NA	40uM	HCC515	24h	LINCSCP_19304
LINCSCP_105346	-0.7943636281	0.0328551597	7	ABT-333	LSM-45402	NA	3.33uM	HELA	24h	LINCSCP_105346
LINCSCP_155445	0.7943593122	0.03285680196	7	MG-132	LSM-1107	PSMB1	20uM	PC3	24h	LINCSCP_155445
LINCSCP_83354	0.7943511574	0.0328599051	7	C30H33N3O5S	LSM-1156	ATM	1.11uM	ASC.C	24h	LINCSCP_83354
LINCSCP_106309	-0.7943318159	0.03286726577	7	Nimodipine	LSM-1659	CACNA1C|CACNA1D|CACNA1F|CACNA1S|NR3C2	0.04uM	HELA	24h	LINCSCP_106309
LINCSCP_1064	-0.794310426	0.03287540703	7	MLS002276523	LSM-1250	NA	10uM	A375	24h	LINCSCP_1064
LINCSCP_136970	0.7942946621	0.03288140768	7	MG-132	LSM-1107	PSMB1	20uM	MCF7	24h	LINCSCP_136970
LINCSCP_148706	0.7942860286	0.03288469438	7	PD-0325901	LSM-1101	MAP2K1|MAP2K2	0.37uM	NPC	24h	LINCSCP_148706
LINCSCP_165199	0.7942806771	0.03288673171	7	PD-0325901	LSM-1101	MAP2K1|MAP2K2	3.33uM	SKL.C	24h	LINCSCP_165199
LINCSCP_26613	0.7942402792	0.03290211371	7	Mocetinostat	LSM-5344	HDAC1|HDAC11|HDAC2|HDAC3|HDAC8	10uM	HT29	6h	LINCSCP_26613
LINCSCP_4865	-0.7942213499	0.03290932267	7	PIK 90	LSM-6697	NA	10uM	A549	6h	LINCSCP_4865
LINCSCP_156612	0.7942163931	0.03291121053	7	MG-132	LSM-1107	PSMB1	20uM	PC3	24h	LINCSCP_156612
LINCSCP_124708	0.7942055739	0.03291533136	7	MG-132	LSM-1107	PSMB1	20uM	HT29	24h	LINCSCP_124708
LINCSCP_62217	0.7941860395	0.03292277245	7	BRD-K52473019	LSM-11637	NA	5uM	VCAP	6h	LINCSCP_62217
LINCSCP_4834	0.7941688558	0.03292931885	7	Elesclomol	LSM-4929	HSPA1A	10uM	A549	6h	LINCSCP_4834
LINCSCP_140021	-0.7941639493	0.03293118818	7	Ozagrel	LSM-42902	TBXAS1	10uM	MCF7	24h	LINCSCP_140021
LINCSCP_122385	-0.7941164745	0.03294927882	7	Efavirenz	LSM-5526	CYP1A2|CYP2B6|CYP2C19|CYP2C9|CYP2D6|CYP3A4	0.04uM	HT29	24h	LINCSCP_122385
LINCSCP_19196	0.7941164121	0.03294930261	7	PAC-1	LSM-3119	CASP3	10uM	HCC515	6h	LINCSCP_19196
LINCSCP_50978	0.7941044977	0.03295384355	7	SCHEMBL14379041	LSM-43082	PPARG	10uM	RMGI	6h	LINCSCP_50978
LINCSCP_72632	0.7940399614	0.0329784464	7	Dabrafenib	LSM-6303	BRAF	10uM	A375	24h	LINCSCP_72632
LINCSCP_149337	0.7939914487	0.03299694739	7	CHIR-265	LSM-1207	BRAF|KDR	10uM	NPC	24h	LINCSCP_149337
LINCSCP_42568	0.7939782958	0.0330019644	7	Podofilox	LSM-3055	NA	10uM	NPC	24h	LINCSCP_42568
LINCSCP_62221	0.7939751196	0.03300317601	7	BRD-K61388502	LSM-12147	NA	5uM	VCAP	6h	LINCSCP_62221
LINCSCP_175001	0.7939320506	0.03301960754	7	Tosedostat	LSM-6286	ANPEP|C9orf3|DNPEP|ENPEP|ERAP1|ERAP2|LAP3|LNPEP|LVRN|METAP1|METAP1D|METAP2|NPEPL1|NPEPPS|RNPEP|RNPEPL1|XPNPEP1|XPNPEP2|XPNPEP3	10uM	YAPC	24h	LINCSCP_175001
LINCSCP_14932	0.7939162122	0.03302565129	7	Anagrelide	LSM-3380	PDE3A|PDE3B	10uM	HA1E	6h	LINCSCP_14932
LINCSCP_43204	0.7938803135	0.0330393521	7	SKF-83822	LSM-36847	NA	10uM	NPC	24h	LINCSCP_43204
LINCSCP_84368	-0.7938523947	0.03305000959	7	AT 7867	LSM-1155	NA	0.12uM	ASC	24h	LINCSCP_84368
LINCSCP_136610	0.7938255599	0.03306025506	7	MG-132	LSM-1107	PSMB1	20uM	MCF7	24h	LINCSCP_136610
LINCSCP_140674	0.7938174771	0.03306334141	7	179324-69-7	LSM-6281	ADRM1|PSMA1|PSMA2|PSMA3|PSMA4|PSMA5|PSMA6|PSMA7|PSMA8|PSMB1|PSMB10|PSMB11|PSMB2|PSMB3|PSMB4|PSMB5|PSMB6|PSMB7|PSMB8|PSMB9|PSMC1|PSMC2|PSMC3|PSMC4|PSMC5|PSMC6|PSMD1|PSMD11|PSMD12|PSMD13|PSMD14|PSMD2|PSMD3|PSMD4|PSMD6|PSMD7|PSMD8|SEM1	20uM	MCF7	24h	LINCSCP_140674
LINCSCP_5090	0.7938103817	0.03306605085	7	SMR000132203	LSM-2358	NA	10uM	A549	6h	LINCSCP_5090
LINCSCP_38704	0.7938075047	0.03306714949	7	Raloxifene	LSM-3425	ESR1|ESR2	0.37uM	MCF7	24h	LINCSCP_38704
LINCSCP_113926	-0.7937552573	0.03308710488	7	HG-14-10-04	LSM-6345	NA	0.37uM	HME1	24h	LINCSCP_113926
LINCSCP_36676	0.7937538803	0.03308763087	7	Selumetinib	LSM-1056	MAP2K1|MAP2K2	10uM	MCF7	6h	LINCSCP_36676
LINCSCP_59578	0.7937440178	0.03309139857	7	Azathioprine	LSM-42936	PPAT	10uM	VCAP	6h	LINCSCP_59578
LINCSCP_143456	-0.7937369548	0.0330940969	7	Midodrine	LSM-1815	ADRA1A|ADRA1B|ADRA1D	0.37uM	MCF7	24h	LINCSCP_143456
LINCSCP_77930	0.7937182046	0.03310126082	7	179324-69-7	LSM-6281	ADRM1|PSMA1|PSMA2|PSMA3|PSMA4|PSMA5|PSMA6|PSMA7|PSMA8|PSMB1|PSMB10|PSMB11|PSMB2|PSMB3|PSMB4|PSMB5|PSMB6|PSMB7|PSMB8|PSMB9|PSMC1|PSMC2|PSMC3|PSMC4|PSMC5|PSMC6|PSMD1|PSMD11|PSMD12|PSMD13|PSMD14|PSMD2|PSMD3|PSMD4|PSMD6|PSMD7|PSMD8|SEM1	20uM	A375	24h	LINCSCP_77930
LINCSCP_21756	0.7937147861	0.03310256703	7	MLN 2238	LSM-4944	PSMB1	10uM	HEPG2	6h	LINCSCP_21756
LINCSCP_148334	0.7936963413	0.03310961528	7	SB239063	LSM-1036	MAPK11|MAPK14	0.12uM	NPC.CAS9	24h	LINCSCP_148334
LINCSCP_138957	0.7936876081	0.03311295275	7	179324-69-7	LSM-6281	ADRM1|PSMA1|PSMA2|PSMA3|PSMA4|PSMA5|PSMA6|PSMA7|PSMA8|PSMB1|PSMB10|PSMB11|PSMB2|PSMB3|PSMB4|PSMB5|PSMB6|PSMB7|PSMB8|PSMB9|PSMC1|PSMC2|PSMC3|PSMC4|PSMC5|PSMC6|PSMD1|PSMD11|PSMD12|PSMD13|PSMD14|PSMD2|PSMD3|PSMD4|PSMD6|PSMD7|PSMD8|SEM1	20uM	MCF7	24h	LINCSCP_138957
LINCSCP_27465	0.7936388391	0.03313159375	7	BRD-K02409808	LSM-8583	NA	5uM	HT29	24h	LINCSCP_27465
LINCSCP_141100	-0.7936036898	0.03314503251	7	Umeclidinium (bromide)	LSM-45495	CHRM3	0.04uM	MCF7	24h	LINCSCP_141100
LINCSCP_100976	-0.7935943878	0.03314858948	7	MLS006011051	LSM-42801	BRAF	1.11uM	HCC515	24h	LINCSCP_100976
LINCSCP_121787	0.7935692846	0.03315818973	7	Moclobemide	LSM-5247	MAOA	10uM	HT29	24h	LINCSCP_121787
LINCSCP_64592	-0.7935684069	0.03315852539	7	Tretinoin	LSM-42854	RARA|RARB|RARG|RORB	20uM	VCAP	6h	LINCSCP_64592
LINCSCP_103470	0.7935052074	0.03318270181	7	Mitiglinide calcium	LSM-45488	NA	10uM	HELA	24h	LINCSCP_103470
LINCSCP_157246	0.7934984174	0.03318529984	7	MG-132	LSM-1107	PSMB1	20uM	PC3	24h	LINCSCP_157246
LINCSCP_104393	0.7934833534	0.03319106417	7	amisulpride	LSM-45926	NA	10uM	HELA	24h	LINCSCP_104393
LINCSCP_17291	-0.7934604679	0.03319982247	7	Avrainvillamide Analog 5	LSM-45314	NA	3.33uM	HA1E	24h	LINCSCP_17291
LINCSCP_170436	-0.7934347094	0.03320968181	7	1,3-Dipropyl-8-cyclopentylxanthine	LSM-19971	NA	10uM	YAPC	24h	LINCSCP_170436
LINCSCP_27076	0.7934325338	0.03321051459	7	MEK1/2 Inhibitor	LSM-42879	MAP2K1|MAP2K2	10uM	HT29	6h	LINCSCP_27076
LINCSCP_5853	-0.793431588	0.03321087664	7	Actarit	LSM-5475	NA	10uM	A549	6h	LINCSCP_5853
LINCSCP_37952	0.793428008	0.03321224708	7	Vorinostat	LSM-3828	HDAC1|HDAC2|HDAC3|HDAC6|HDAC8	1uM	MCF7	24h	LINCSCP_37952
LINCSCP_61360	0.7934199058	0.03321534876	7	BRD-K61220066	LSM-12136	NA	5uM	VCAP	6h	LINCSCP_61360
LINCSCP_145921	0.7934138555	0.03321766505	7	EX-8678	LSM-1147	NA	10uM	MDAMB231	3h	LINCSCP_145921
LINCSCP_68765	0.7933599493	0.03323830626	7	Vorinostat	LSM-3828	HDAC1|HDAC2|HDAC3|HDAC6|HDAC8	10uM	VCAP	24h	LINCSCP_68765
LINCSCP_23008	0.7933509011	0.03324177161	7	Dobutamine	LSM-1807	ADRB1|ADRB2	10uM	HEPG2	6h	LINCSCP_23008
LINCSCP_156715	0.7933484216	0.03324272125	7	179324-69-7	LSM-6281	ADRM1|PSMA1|PSMA2|PSMA3|PSMA4|PSMA5|PSMA6|PSMA7|PSMA8|PSMB1|PSMB10|PSMB11|PSMB2|PSMB3|PSMB4|PSMB5|PSMB6|PSMB7|PSMB8|PSMB9|PSMC1|PSMC2|PSMC3|PSMC4|PSMC5|PSMC6|PSMD1|PSMD11|PSMD12|PSMD13|PSMD14|PSMD2|PSMD3|PSMD4|PSMD6|PSMD7|PSMD8|SEM1	20uM	PC3	24h	LINCSCP_156715
LINCSCP_132441	0.793334427	0.03324808152	7	CI-1040	LSM-1048	MAP2K1|MAP2K2	0.37uM	MCF7	3h	LINCSCP_132441
LINCSCP_16444	-0.7933317036	0.03324912466	7	Obatoclax	LSM-43178	BCL2	10uM	HA1E	6h	LINCSCP_16444
LINCSCP_16533	-0.7933080453	0.03325818757	7	ST019365	LSM-4719	NA	10uM	HA1E	6h	LINCSCP_16533
LINCSCP_157332	0.7932563923	0.03327797931	7	MG-132	LSM-1107	PSMB1	20uM	PC3	24h	LINCSCP_157332
LINCSCP_294869	-0.7932486924	0.03328093022	7	ST022313	LSM-4659	NA	10uM	VCAP	24h	LINCSCP_294869
LINCSCP_219181	0.7931920687	0.03330263521	7	127408-30-4	LSM-2947	KCNJ8	10uM	HEPG2	6h	LINCSCP_219181
LINCSCP_94675	0.7931781162	0.03330798468	7	AC1NWAOC	LSM-21624	NA	0.04uM	HA1E	24h	LINCSCP_94675
LINCSCP_70427	-0.7931339013	0.03332494011	7	HY-11007	LSM-1022	ABL1|BCR	0.12uM	A375	24h	LINCSCP_70427
LINCSCP_45328	0.7930716623	0.03334881555	7	MLS-0390851.0001	LSM-3751	NA	10uM	PC3	24h	LINCSCP_45328
LINCSCP_132762	-0.7930546163	0.03335535622	7	AT-7519	LSM-1004	CDK1|CDK10|CDK11B|CDK12|CDK13|CDK14|CDK15|CDK16|CDK17|CDK18|CDK19|CDK2|CDK20|CDK3|CDK4|CDK5|CDK6|CDK7|CDK8|CDK9	3.33uM	MCF7	24h	LINCSCP_132762
LINCSCP_240754	-0.7930493812	0.0333573651	7	AC1O8PZP	LSM-1327	NA	10uM	MCF7	6h	LINCSCP_240754
LINCSCP_101524	-0.7930188953	0.03336906489	7	Clotrimazole	LSM-5341	KCNN4	0.04uM	HELA	24h	LINCSCP_101524
LINCSCP_142008	0.7929798015	0.03338407157	7	MG-132	LSM-1107	PSMB1	20uM	MCF7	24h	LINCSCP_142008
LINCSCP_31986	-0.7929726723	0.03338680863	7	I-212148	LSM-44586	NA	10uM	MCF7	24h	LINCSCP_31986
LINCSCP_112826	-0.7929662975	0.03338925614	7	HMN-214	LSM-42802	CSF1R|FLT1|FLT3|FLT4|KDR|KIT|PDGFRB|RET	1.11uM	HEPG2	24h	LINCSCP_112826
LINCSCP_113939	0.7929309702	0.03340282142	7	FR-180204	LSM-42790	MAPK1|MAPK3	0.12uM	HME1	24h	LINCSCP_113939
LINCSCP_57266	-0.7929173741	0.03340804296	7	SMR000002300	LSM-2089	NA	10uM	VCAP	24h	LINCSCP_57266
LINCSCP_81241	-0.7928855775	0.03342025617	7	PIK-93	LSM-1191	NA	0.37uM	A549	24h	LINCSCP_81241
LINCSCP_133713	0.7928471937	0.03343500285	7	1268524-70-4	LSM-6332	NA	0.12uM	MCF7	24h	LINCSCP_133713
LINCSCP_8456	-0.7928398191	0.03343783651	7	BRD-K20827004	LSM-9697	NA	5uM	A549	24h	LINCSCP_8456
LINCSCP_166354	-0.7928256278	0.03344328986	7	Zaldaride	LSM-1413	CALM1	1.11uM	YAPC	24h	LINCSCP_166354
LINCSCP_147155	-0.7928149876	0.03344737895	7	N-(3-Fluoro-4-((7-methoxyquinolin-4-yl)oxy)phenyl)-1-(2-hydroxy-2-methylpropyl)-5-methyl-3-oxo-2-phenyl-2,3-dihydro-1H-pyrazole-4-carboxamide	LSM-1113	NA	3.33uM	NEU	24h	LINCSCP_147155
LINCSCP_52776	-0.7928100277	0.03344928515	7	Dydrogesterone	LSM-3538	PGR	10uM	SKB	24h	LINCSCP_52776
LINCSCP_49147	-0.7927887135	0.03345747736	7	BRD-K51846078	LSM-40129	NA	10uM	PC3	6h	LINCSCP_49147
LINCSCP_137141	-0.7927716675	0.03346402988	7	FK 866	LSM-43216	NAMPT	0.04uM	MCF7	24h	LINCSCP_137141
LINCSCP_229950	0.7927518677	0.03347164189	7	BRD-K52662613	LSM-11645	NA	5uM	HT29	24h	LINCSCP_229950
LINCSCP_88803	-0.7927245449	0.03348214768	7	BIX01294	LSM-4571	EHMT2	3.33uM	HA1E	24h	LINCSCP_88803
LINCSCP_17391	0.7927204611	0.03348371805	7	Broad-Sai-686	LSM-45328	NA	1.11uM	HA1E	24h	LINCSCP_17391
LINCSCP_116921	-0.792675113	0.03350115919	7	SGI-1776	LSM-6307	PIM1|PIM2|PIM3	0.12uM	HT29	24h	LINCSCP_116921
LINCSCP_5874	-0.7926479393	0.03351161278	7	Tripelennamine	LSM-3271	HRH1	10uM	A549	6h	LINCSCP_5874
LINCSCP_25132	0.7925960104	0.03353159461	7	AC1LDBAO	LSM-4032	NA	20uM	HT115	6h	LINCSCP_25132
LINCSCP_45036	-0.7925825302	0.03353678276	7	SCHEMBL13991002	LSM-6278	NA	40uM	PC3	24h	LINCSCP_45036
LINCSCP_92917	-0.7925505002	0.03354911202	7	XL888	LSM-45553	NA	0.04uM	HA1E	24h	LINCSCP_92917
LINCSCP_112110	-0.7925307381	0.03355672029	7	Doramapimod	LSM-1170	MAPK11|MAPK12|MAPK14	3.33uM	HEPG2	24h	LINCSCP_112110
LINCSCP_109636	-0.7924957951	0.0335701754	7	Fluspirilene	LSM-3748	DRD2|HTR2A	3.33uM	HELA	24h	LINCSCP_109636
LINCSCP_33649	0.7924503197	0.03358769066	7	CGP-7930	LSM-3466	GABBR1	10uM	MCF7	24h	LINCSCP_33649
LINCSCP_32011	0.792427925	0.03359631804	7	SCHEMBL15422014	LSM-44566	NA	10uM	MCF7	6h	LINCSCP_32011
LINCSCP_277141	0.7924064979	0.0336045738	7	BRD-K85885948	LSM-41959	NA	5uM	PC3	24h	LINCSCP_277141
LINCSCP_251796	-0.7923976422	0.0336079862	7	XMD15-27	LSM-45209	NA	0.5uM	MCF7	24h	LINCSCP_251796
LINCSCP_56192	-0.7923722367	0.03361777685	7	GBR12783	LSM-42940	NA	10uM	VCAP	6h	LINCSCP_56192
LINCSCP_68995	-0.7923321901	0.03363321306	7	AKT Inhibitor VIII	LSM-1035	AKT1|AKT2	0.12uM	A375	24h	LINCSCP_68995
LINCSCP_49897	-0.7923297286	0.03363416198	7	Alvocidib	LSM-1011	CDK1|CDK2|CDK4|CDK5|CDK6|CDK7|CDK8|CDK9|EGFR|PYGM	10uM	PHH	24h	LINCSCP_49897
LINCSCP_14611	-0.7923172471	0.03363897395	7	SB-218078	LSM-1274	CHEK1	10uM	HA1E	24h	LINCSCP_14611
LINCSCP_85319	0.7923084108	0.0336423808	7	Radicicol	LSM-43303	NA	0.04uM	BT20	24h	LINCSCP_85319
LINCSCP_51575	0.7922981954	0.03364631961	7	CP466722	LSM-1009	ATM	10uM	SKBR3	6h	LINCSCP_51575
LINCSCP_83649	-0.792291066	0.03364906871	7	NU-7026	LSM-2191	PRKDC	0.37uM	ASC.C	24h	LINCSCP_83649
LINCSCP_66270	0.7922861201	0.03365097589	7	Vemurafenib	LSM-1068	BRAF	10uM	WSUDLCL2	6h	LINCSCP_66270
LINCSCP_37907	-0.7922711721	0.03365674041	7	BRD-K33449128	LSM-39103	NA	3uM	MCF7	24h	LINCSCP_37907
LINCSCP_67402	0.7922505714	0.0336646857	7	Vorinostat	LSM-3828	HDAC1|HDAC2|HDAC3|HDAC6|HDAC8	1uM	MCF7	24h	LINCSCP_67402
LINCSCP_220703	0.7922003237	0.03368406966	7	Chloroxine	LSM-2371	NA	10uM	HEPG2	6h	LINCSCP_220703
LINCSCP_73445	0.792194632	0.03368626573	7	IN1549	LSM-4488	NA	10uM	A375	24h	LINCSCP_73445
LINCSCP_114175	0.792189243	0.03368834507	7	Azacitidine	LSM-5218	DNMT1|DNMT3A	1.11uM	HME1	24h	LINCSCP_114175
LINCSCP_289878	0.7921882836	0.03368871526	7	PD-98059	LSM-3394	MAP2K1	10uM	VCAP	6h	LINCSCP_289878
LINCSCP_109493	0.7921562965	0.03370105907	7	AC1NSZCT	LSM-1785	NR3C1	1.11uM	HELA	24h	LINCSCP_109493
LINCSCP_250169	0.7921442034	0.03370572644	7	HDACi1,2+3_mix	NA	NA	0.5uM	MCF7	24h	LINCSCP_250169
LINCSCP_60501	0.7921440562	0.03370578325	7	BRD-K08460070	LSM-6965	NA	5uM	VCAP	24h	LINCSCP_60501
LINCSCP_272648	-0.792136253	0.03370879511	7	Dipivefrin	LSM-1583	ADRA1A|ADRA1B|ADRA1D|ADRA2A|ADRA2B|ADRA2C|ADRB1|ADRB2|ADRB3	10uM	PC3	24h	LINCSCP_272648
LINCSCP_40139	0.7920662758	0.03373581147	7	STK178014	LSM-43108	NA	50uM	NCIH2073	6h	LINCSCP_40139
LINCSCP_148676	-0.7920628573	0.03373713158	7	Motesanib	LSM-1042	FLT1|FLT4|KDR|KIT|PDGFRA|PDGFRB|RET	0.12uM	NPC	24h	LINCSCP_148676
LINCSCP_51133	0.7919891802	0.03376559006	7	GF-109203	LSM-2677	PRKCA	10uM	RMUGS	6h	LINCSCP_51133
LINCSCP_22354	-0.7919869942	0.03376643461	7	CHEMDIV3_001232	LSM-4612	NA	10uM	HEPG2	6h	LINCSCP_22354
LINCSCP_117357	0.7919797305	0.03376924106	7	Dasatinib	LSM-1020	ABL1|BCR|BLK|EPHA2|FGR|FRK|FYN|HCK|KIT|LCK|LYN|PDGFRB|SRC|SRMS|YES1	0.12uM	HT29	24h	LINCSCP_117357
LINCSCP_46683	0.7919632444	0.03377561116	7	Calmidazolium	LSM-5017	ATP2B1|PDE1A	10uM	PC3	24h	LINCSCP_46683
LINCSCP_8892	0.7919616344	0.0337762333	7	CHEMBL3188581	LSM-38540	NA	10uM	A549	24h	LINCSCP_8892
LINCSCP_42527	0.791938542	0.03378515725	7	SCHEMBL14177979	LSM-1672	TUBB	10uM	NPC	24h	LINCSCP_42527
LINCSCP_120873	0.7919328381	0.0337873617	7	VRT752271	LSM-45974	NA	0.12uM	HT29	24h	LINCSCP_120873
LINCSCP_154805	0.791904342	0.03379837615	7	AV-412 (free base)	LSM-45753	NA	10uM	PC3	24h	LINCSCP_154805
LINCSCP_15997	-0.7918884809	0.03380450771	7	CHEMBL2057941	LSM-2856	NA	10uM	HA1E	6h	LINCSCP_15997
LINCSCP_17591	-0.7918781561	0.03380849937	7	AC1NXRFO	LSM-43270	NA	40uM	HCC15	6h	LINCSCP_17591
LINCSCP_165133	-0.7918777867	0.03380864218	7	GSK-2334470	LSM-1222	PDK1|PDPK1	3.33uM	SKL.C	24h	LINCSCP_165133
LINCSCP_27073	0.7918668142	0.03381288458	7	Lasalocid	LSM-2214	NA	10uM	HT29	6h	LINCSCP_27073
LINCSCP_147523	-0.7918651024	0.03381354644	7	PDK1 Inhibitor	LSM-1081	PDPK1	0.04uM	NPC.CAS9	24h	LINCSCP_147523
LINCSCP_84165	0.7917958327	0.03384033587	7	Dacomitinib	LSM-42808	EGFR|ERBB2|ERBB3|ERBB4	0.04uM	ASC	24h	LINCSCP_84165
LINCSCP_91562	0.7917680266	0.03385109296	7	TRIENTINE HYDROCHLORIDE	LSM-45752	NA	0.12uM	HA1E	24h	LINCSCP_91562
LINCSCP_48830	-0.7917652242	0.03385217718	7	BRD-K81261525	LSM-44866	NA	10uM	PC3	24h	LINCSCP_48830
LINCSCP_43967	-0.7917295587	0.03386597779	7	Heat	LSM-1404	ADRA1A	10uM	PC3	24h	LINCSCP_43967
LINCSCP_13844	-0.7917274598	0.03386679006	7	AC1N92C7	LSM-1822	EDNRA	10uM	HA1E	6h	LINCSCP_13844
LINCSCP_93088	-0.7917011367	0.0338769778	7	UK 383367	LSM-45910	NA	1.11uM	HA1E	24h	LINCSCP_93088
LINCSCP_18802	0.7916848263	0.03388329123	7	Mexiletine	LSM-1700	SCN10A|SCN11A|SCN1A|SCN2A|SCN3A|SCN4A|SCN5A|SCN7A|SCN8A|SCN9A	10uM	HCC515	24h	LINCSCP_18802
LINCSCP_251968	0.7916429385	0.03389950814	7	Trametinib	LSM-1143	MAP2K1|MAP2K2	1uM	MCF7	6h	LINCSCP_251968
LINCSCP_75161	-0.791640958	0.033900275	7	RG2833 (RGFP109)	LSM-45565	NA	10uM	A375	24h	LINCSCP_75161
LINCSCP_86624	0.7916301964	0.03390444212	7	AZD4547	LSM-6308	NA	10uM	CD34	24h	LINCSCP_86624
LINCSCP_12822	0.7916294474	0.03390473214	7	ST021200	LSM-4601	NA	10uM	DV90	6h	LINCSCP_12822
LINCSCP_132836	0.7916214764	0.03390781888	7	EX-8678	LSM-1147	NA	0.37uM	MCF7	24h	LINCSCP_132836
LINCSCP_130999	-0.7916133573	0.03391096311	7	PLX-4720	LSM-1049	BRAF	1.11uM	MCF10A	3h	LINCSCP_130999
LINCSCP_146853	-0.7916106904	0.03391199594	7	STK219801	LSM-43281	NA	0.12uM	NEU	24h	LINCSCP_146853
LINCSCP_93165	0.7916044176	0.03391442534	7	AC1Q5RFA	LSM-43063	NA	3.33uM	HA1E	24h	LINCSCP_93165
LINCSCP_47877	-0.7916033101	0.0339148543	7	Piperidolate	LSM-1951	CHRM1	10uM	PC3	6h	LINCSCP_47877
LINCSCP_6713	0.79158239	0.03392295717	7	Bosutinib	LSM-1190	ABL1|BCR|CAMK2G|HCK|LYN|SRC	10uM	A549	6h	LINCSCP_6713
LINCSCP_126248	0.7915790409	0.03392425448	7	179324-69-7	LSM-6281	ADRM1|PSMA1|PSMA2|PSMA3|PSMA4|PSMA5|PSMA6|PSMA7|PSMA8|PSMB1|PSMB10|PSMB11|PSMB2|PSMB3|PSMB4|PSMB5|PSMB6|PSMB7|PSMB8|PSMB9|PSMC1|PSMC2|PSMC3|PSMC4|PSMC5|PSMC6|PSMD1|PSMD11|PSMD12|PSMD13|PSMD14|PSMD2|PSMD3|PSMD4|PSMD6|PSMD7|PSMD8|SEM1	20uM	HT29	24h	LINCSCP_126248
LINCSCP_36289	-0.7915736704	0.03392633485	7	PF-04217903	LSM-1166	MET	3uM	MCF7	24h	LINCSCP_36289
LINCSCP_1732	0.7915514904	0.03393492738	7	MLS002607703	LSM-3242	NA	10uM	A375	6h	LINCSCP_1732
LINCSCP_103050	-0.7915051099	0.03395289914	7	Rufinamide	LSM-45759	SCN10A|SCN11A|SCN1A|SCN2A|SCN3A|SCN4A|SCN5A|SCN7A|SCN8A|SCN9A	0.04uM	HELA	24h	LINCSCP_103050
LINCSCP_155574	-0.7914769226	0.03396382387	7	Mefloquine	LSM-5525	NA	0.12uM	PC3	24h	LINCSCP_155574
LINCSCP_155667	-0.7914753445	0.03396443559	7	Bicalutamide	LSM-1437	AR	3.33uM	PC3	24h	LINCSCP_155667
LINCSCP_251627	0.7914671239	0.0339676221	7	GW843682X	LSM-1014	PLK1|PLK3	10uM	MCF7	6h	LINCSCP_251627
LINCSCP_23959	0.7914582239	0.03397107216	7	Wortmannin	LSM-3947	PIK3CA|PIK3CG|PLK1	0.04uM	HEPG2	24h	LINCSCP_23959
LINCSCP_156253	0.7914464669	0.03397563002	7	MG-132	LSM-1107	PSMB1	20uM	PC3	24h	LINCSCP_156253
LINCSCP_79027	0.7914461955	0.03397573521	7	Secnidazole	LSM-5131	NA	10uM	A375	24h	LINCSCP_79027
LINCSCP_135356	0.7914405154	0.03397793737	7	179324-69-7	LSM-6281	ADRM1|PSMA1|PSMA2|PSMA3|PSMA4|PSMA5|PSMA6|PSMA7|PSMA8|PSMB1|PSMB10|PSMB11|PSMB2|PSMB3|PSMB4|PSMB5|PSMB6|PSMB7|PSMB8|PSMB9|PSMC1|PSMC2|PSMC3|PSMC4|PSMC5|PSMC6|PSMD1|PSMD11|PSMD12|PSMD13|PSMD14|PSMD2|PSMD3|PSMD4|PSMD6|PSMD7|PSMD8|SEM1	20uM	MCF7	24h	LINCSCP_135356
LINCSCP_165201	0.7914273716	0.03398303347	7	PD-0325901	LSM-1101	MAP2K1|MAP2K2	0.37uM	SKL.C	24h	LINCSCP_165201
LINCSCP_48058	-0.7913989931	0.03399403775	7	Tetroquinone	LSM-5953	NA	10uM	PC3	6h	LINCSCP_48058
LINCSCP_29344	0.7913069052	0.03402976024	7	CHEMBL399379	LSM-6245	ACLY	80uM	LOVO	6h	LINCSCP_29344
LINCSCP_151432	-0.7912576496	0.03404887588	7	Y-39983	LSM-1150	ROCK1|ROCK2	0.37uM	PC3	24h	LINCSCP_151432
LINCSCP_32283	-0.7912465709	0.03405317626	7	ST019366	LSM-4420	NA	10uM	MCF7	6h	LINCSCP_32283
LINCSCP_85808	-0.7911746207	0.03408111221	7	Alvocidib	LSM-1011	CDK1|CDK2|CDK4|CDK5|CDK6|CDK7|CDK8|CDK9|EGFR|PYGM	1.11uM	BT20	24h	LINCSCP_85808
LINCSCP_133805	0.7911732639	0.03408163915	7	CHEMBL3347630	LSM-43292	NA	10uM	MCF7	24h	LINCSCP_133805
LINCSCP_48842	-0.7911496383	0.03409081507	7	BRD-K89185880	LSM-42130	NA	10uM	PC3	24h	LINCSCP_48842
LINCSCP_179791	0.7911468447	0.03409190016	7	RS-16566	LSM-3814	NA	10uM	A375	6h	LINCSCP_179791
LINCSCP_148243	0.7911446917	0.03409273646	7	BX-795	LSM-1189	PDK1|PDPK1	1.11uM	NPC.CAS9	24h	LINCSCP_148243
LINCSCP_29328	0.7911013636	0.03410956872	7	CHEMBL1434137	LSM-6234	RARG	40uM	LOVO	6h	LINCSCP_29328
LINCSCP_104476	-0.7910815478	0.03411726838	7	Cisapride	LSM-6397	HTR4	0.04uM	HELA	24h	LINCSCP_104476
LINCSCP_164145	0.7910629296	0.03412450358	7	AS-605240	LSM-42784	PIK3CG	3.33uM	SKBR3	3h	LINCSCP_164145
LINCSCP_254213	0.7910329245	0.03413616562	7	SA-433965	LSM-14707	NA	10uM	MCF7	24h	LINCSCP_254213
LINCSCP_121931	0.7909625306	0.03416353422	7	179324-69-7	LSM-6281	ADRM1|PSMA1|PSMA2|PSMA3|PSMA4|PSMA5|PSMA6|PSMA7|PSMA8|PSMB1|PSMB10|PSMB11|PSMB2|PSMB3|PSMB4|PSMB5|PSMB6|PSMB7|PSMB8|PSMB9|PSMC1|PSMC2|PSMC3|PSMC4|PSMC5|PSMC6|PSMD1|PSMD11|PSMD12|PSMD13|PSMD14|PSMD2|PSMD3|PSMD4|PSMD6|PSMD7|PSMD8|SEM1	20uM	HT29	24h	LINCSCP_121931
LINCSCP_134210	-0.7909448697	0.03417040259	7	GSK-2334470	LSM-1222	PDK1|PDPK1	0.04uM	MCF7	24h	LINCSCP_134210
LINCSCP_65240	0.7909028668	0.03418674064	7	CHEMBL2361140	LSM-15118	NA	10uM	VCAP	24h	LINCSCP_65240
LINCSCP_16377	-0.7908982497	0.03418853685	7	MLS000859112	LSM-6180	NA	10uM	HA1E	6h	LINCSCP_16377
LINCSCP_112262	-0.7908896442	0.03419188479	7	SCHEMBL618594	LSM-1070	NA	3.33uM	HEPG2	24h	LINCSCP_112262
LINCSCP_43594	0.7908785806	0.03419618934	7	ALD1-H_001115	LSM-37033	NA	10uM	NPC	6h	LINCSCP_43594
LINCSCP_112488	0.7908727355	0.03419846363	7	852475-26-4	LSM-43291	NA	0.37uM	HEPG2	24h	LINCSCP_112488
LINCSCP_153995	0.7908539611	0.03420576919	7	Voreloxin (Hydrochloride)	LSM-45617	TOP2A|TOP2B	0.04uM	PC3	24h	LINCSCP_153995
LINCSCP_55874	0.7908341834	0.0342134661	7	BW-723C86	LSM-1351	HTR2B	10uM	VCAP	24h	LINCSCP_55874
LINCSCP_6747	0.790804375	0.03422506852	7	Praziquantel	LSM-1387	NA	10uM	A549	24h	LINCSCP_6747
LINCSCP_111491	-0.7907721987	0.034237595	7	Nilotinib	LSM-1099	ABL1|BCR|KIT	0.12uM	HEPG2	24h	LINCSCP_111491
LINCSCP_35347	-0.7907711965	0.03423798524	7	BRD-K63671514	LSM-12307	NA	10uM	MCF7	24h	LINCSCP_35347
LINCSCP_31293	0.790754339	0.03424454904	7	VU0420364-1	LSM-3965	NA	10uM	MCF7	6h	LINCSCP_31293
LINCSCP_55786	0.7907349212	0.03425211068	7	ZD-7155	LSM-2232	AGTR1	10uM	VCAP	6h	LINCSCP_55786
LINCSCP_146213	-0.7907203619	0.0342577809	7	GSK 1059615	LSM-42799	PIK3CA|PIK3CB|PIK3CD|PIK3CG	1.11uM	MNEU.E	24h	LINCSCP_146213
LINCSCP_47942	-0.7907024806	0.03426474563	7	BRD-K30618791-001-01-9	LSM-5444	TUBB	10uM	PC3	6h	LINCSCP_47942
LINCSCP_45862	0.7906956732	0.03426739732	7	5-Phenethylquinoline-8-ol	LSM-4135	NA	10uM	PC3	6h	LINCSCP_45862
LINCSCP_26427	0.7906464117	0.0342865895	7	Trichostatin	LSM-43005	HDAC1|HDAC10|HDAC3|HDAC4|HDAC6|HDAC7|HDAC8	10uM	HT29	6h	LINCSCP_26427
LINCSCP_138679	0.79058141	0.03431192315	7	MG-132	LSM-1107	PSMB1	20uM	MCF7	24h	LINCSCP_138679
LINCSCP_151624	-0.7905562304	0.03432173944	7	Allitinib	LSM-1225	NA	0.04uM	PC3	24h	LINCSCP_151624
LINCSCP_4977	-0.7905506994	0.03432389591	7	4-[5-(4-Fluorophenyl)-1,2,4-oxadiazol-3-yl]benzoic acid	LSM-3281	NA	10uM	A549	24h	LINCSCP_4977
LINCSCP_56372	-0.7905483775	0.03432480121	7	Practolol	LSM-1531	ADRB1	10uM	VCAP	24h	LINCSCP_56372
LINCSCP_195693	-0.7905288776	0.03433240468	7	BRD-K58925245	LSM-11987	NA	5uM	A549	24h	LINCSCP_195693
LINCSCP_32206	0.790519526	0.03433605142	7	Sydowinin B	LSM-4927	NA	10uM	MCF7	24h	LINCSCP_32206
LINCSCP_17564	0.7905137114	0.03433831902	7	Rolipram	LSM-1471	PDE4A|PDE4B|PDE4C|PDE4D	10uM	HCC15	6h	LINCSCP_17564
LINCSCP_37252	-0.7905044173	0.03434194369	7	SA-1457415	LSM-40938	NA	3uM	MCF7	24h	LINCSCP_37252
LINCSCP_250481	0.7904996089	0.03434381903	7	3,7-Bis(dimethylamino)phenothiazin-5-ium	LSM-4555	ACHE	1uM	MCF7	24h	LINCSCP_250481
LINCSCP_67297	0.7904857479	0.03434922534	7	Wortmannin	LSM-3947	PIK3CA|PIK3CG|PLK1	10uM	MCF7	24h	LINCSCP_67297
LINCSCP_10219	0.7904457578	0.03436482565	7	Camptothecin	LSM-4611	TOP1	0.5uM	A549	6h	LINCSCP_10219
LINCSCP_165233	-0.7904241554	0.03437325446	7	TIE2 Kinase Inhibitor	LSM-1194	NA	0.04uM	SKL.C	24h	LINCSCP_165233
LINCSCP_251859	-0.7903470224	0.0344033596	7	331771-20-1	LSM-1096	AURKA|AURKB	0.5uM	MCF7	24h	LINCSCP_251859
LINCSCP_27959	-0.7903330099	0.03440883029	7	BRD-K78717223	LSM-41565	NA	5uM	HT29	24h	LINCSCP_27959
LINCSCP_11114	-0.7903285006	0.03441059087	7	Thiocolchicoside	LSM-1316	NA	10uM	ASC	24h	LINCSCP_11114
LINCSCP_92220	-0.7903106492	0.03441756121	7	GF-109203	LSM-2677	PRKCA	1.11uM	HA1E	24h	LINCSCP_92220
LINCSCP_142446	-0.7902921274	0.03442479416	7	Palmidrol	LSM-3518	CNR2|GPR119	3.33uM	MCF7	24h	LINCSCP_142446
LINCSCP_263848	-0.7902667389	0.03443470997	7	Pyridine-2,4-dicarboxylic acid	LSM-37062	NA	10uM	NPC	24h	LINCSCP_263848
LINCSCP_68317	0.7902611772	0.03443688239	7	Wortmannin	LSM-3947	PIK3CA|PIK3CG|PLK1	10uM	VCAP	6h	LINCSCP_68317
LINCSCP_54388	-0.7902339483	0.03444751912	7	Fatostatin	LSM-6295	SREBF1|SREBF2	10uM	SW620	6h	LINCSCP_54388
LINCSCP_223728	0.7902102391	0.03445678245	7	AC1NA5E1	LSM-1464	OPRK1	10uM	HT29	6h	LINCSCP_223728
LINCSCP_50532	0.7901979028	0.03446160283	7	Perhexiline	LSM-4353	CPT1A|CPT2	10uM	PL21	6h	LINCSCP_50532
LINCSCP_148889	0.7901906446	0.03446443913	7	Dasatinib	LSM-1020	ABL1|BCR|BLK|EPHA2|FGR|FRK|FYN|HCK|KIT|LCK|LYN|PDGFRB|SRC|SRMS|YES1	0.04uM	NPC	24h	LINCSCP_148889
LINCSCP_63799	-0.7901906394	0.03446444116	7	BRD-K44787412	LSM-11154	NA	5uM	VCAP	6h	LINCSCP_63799
LINCSCP_25278	0.7901890028	0.03446508072	7	171179-06-9	LSM-3069	EGFR	10uM	HT29	24h	LINCSCP_25278
LINCSCP_36300	0.7901675458	0.03447346643	7	Vorinostat	LSM-3828	HDAC1|HDAC2|HDAC3|HDAC6|HDAC8	3uM	MCF7	24h	LINCSCP_36300
LINCSCP_21179	-0.7901659673	0.03447408335	7	3,7-Bis(dimethylamino)phenothiazin-5-ium	LSM-4555	ACHE	10uM	HCT116	6h	LINCSCP_21179
LINCSCP_36618	0.7901582655	0.03447709363	7	Saracatinib	LSM-1032	ABL1|SRC	0.5uM	MCF7	6h	LINCSCP_36618
LINCSCP_35616	0.790154991	0.03447837351	7	13-Hydroxy-8,14,19-trimethoxy-4,10,12,16-tetramethyl-3,20,22-trioxo-2-azabicyclo[16.3.1]docosa-1(21),4,6,10,18-pentaen-9-yl carbamate	LSM-42815	HSP90AA1	0.01uM	MCF7	24h	LINCSCP_35616
LINCSCP_44089	-0.7901204141	0.03449189006	7	AC1MLYN7	LSM-1317	OPRD1	10uM	PC3	6h	LINCSCP_44089
LINCSCP_193906	0.7901131257	0.03449473959	7	BRD-K70508482	LSM-41104	NA	10uM	A549	6h	LINCSCP_193906
LINCSCP_121447	0.7901115625	0.03449535077	7	Dofequidar (fumarate)	LSM-45877	NA	1.11uM	HT29	24h	LINCSCP_121447
LINCSCP_46942	0.7901101823	0.03449589038	7	Daph	LSM-5309	EGFR	10uM	PC3	6h	LINCSCP_46942
LINCSCP_44318	0.7901079082	0.03449677951	7	MG-132	LSM-1107	PSMB1	10uM	PC3	6h	LINCSCP_44318
LINCSCP_75609	0.7900857284	0.03450545212	7	Dexniguldipine	LSM-15285	NA	3.33uM	A375	24h	LINCSCP_75609
LINCSCP_56921	0.790073609	0.03451019151	7	Ursolic acid	LSM-4889	HSD11B1|PTPN1	70uM	VCAP	24h	LINCSCP_56921
LINCSCP_57906	0.7900715091	0.03451101271	7	MLS002264454	LSM-3735	NA	10uM	VCAP	6h	LINCSCP_57906
LINCSCP_88606	0.7900524816	0.03451845437	7	Vandetanib	LSM-1199	EGFR|EPHA1|EPHA10|EPHA2|EPHA3|EPHA4|EPHA5|EPHA6|EPHA7|EPHA8|EPHB1|EPHB2|EPHB3|EPHB4|EPHB6|ERBB2|ERBB3|ERBB4|FLT1|FLT4|KDR|PTK6|RET|SRC|TEK	0.04uM	HA1E	24h	LINCSCP_88606
LINCSCP_33016	0.7900420473	0.0345225356	7	PRE-084	LSM-3278	SIGMAR1	10uM	MCF7	6h	LINCSCP_33016
LINCSCP_6762	-0.7900328812	0.034526121	7	Homosalate	LSM-1475	NA	10uM	A549	24h	LINCSCP_6762
LINCSCP_86855	-0.7900084461	0.03453568004	7	Vandetanib	LSM-1199	EGFR|EPHA1|EPHA10|EPHA2|EPHA3|EPHA4|EPHA5|EPHA6|EPHA7|EPHA8|EPHB1|EPHB2|EPHB3|EPHB4|EPHB6|ERBB2|ERBB3|ERBB4|FLT1|FLT4|KDR|PTK6|RET|SRC|TEK	0.04uM	CD34	24h	LINCSCP_86855
LINCSCP_131223	0.7900054123	0.034536867	7	PD-0325901	LSM-1101	MAP2K1|MAP2K2	0.04uM	MCF10A	24h	LINCSCP_131223
LINCSCP_111227	0.7900007102	0.03453870667	7	PD-0325901	LSM-1101	MAP2K1|MAP2K2	0.12uM	HEPG2	24h	LINCSCP_111227
LINCSCP_212385	0.789991046	0.0345424879	7	Trichloroethylene	LSM-37096	NA	10uM	HA1E	6h	LINCSCP_212385
LINCSCP_212305	0.7899823982	0.03454587168	7	N-Nitrosodiethylamine	LSM-37024	NA	20uM	HA1E	24h	LINCSCP_212305
LINCSCP_67102	0.7899740102	0.03454915394	7	Trichostatin A, Streptomyces Sp.	LSM-42814	HDAC1|HDAC10|HDAC3|HDAC4|HDAC6|HDAC7|HDAC8	10uM	HT29	6h	LINCSCP_67102
LINCSCP_162802	0.7899730323	0.03454953662	7	Tozasertib	LSM-1021	ABL1|AURKA|AURKB|AURKC|BCR|FLT3|JAK2	1.11uM	SKBR3	24h	LINCSCP_162802
LINCSCP_42948	0.7899383965	0.03456309173	7	BRD-K07244661	LSM-8853	NA	10uM	NPC	24h	LINCSCP_42948
LINCSCP_26401	-0.7899300123	0.03456637345	7	MLS000766411	LSM-4603	NA	10uM	HT29	6h	LINCSCP_26401
LINCSCP_130652	0.7898593732	0.03459402953	7	Radicicol	LSM-43303	NA	0.37uM	MCF10A	24h	LINCSCP_130652
LINCSCP_163791	0.7898490292	0.03459808037	7	AS-605240	LSM-42784	PIK3CG	10uM	SKBR3	24h	LINCSCP_163791
LINCSCP_66079	-0.7898253506	0.0346073542	7	BRD-K09989112	LSM-37791	NA	3uM	VCAP	24h	LINCSCP_66079
LINCSCP_126417	0.7898101405	0.03461331203	7	MG-132	LSM-1107	PSMB1	20uM	HT29	24h	LINCSCP_126417
LINCSCP_111910	0.7898092689	0.03461365346	7	TPCA-1	LSM-1136	IKBKB	3.33uM	HEPG2	24h	LINCSCP_111910
LINCSCP_25797	0.7897996991	0.03461740227	7	Quinoclamine	LSM-6261	NA	10uM	HT29	6h	LINCSCP_25797
LINCSCP_283535	-0.7897970436	0.03461844258	7	BRD-K52831896	LSM-40179	NA	10uM	SKB	24h	LINCSCP_283535
LINCSCP_125207	0.7897534322	0.03463552985	7	MEK162 (ARRY-162, ARRY-438162)	LSM-45640	MAP2K1|MAP2K2	3.33uM	HT29	24h	LINCSCP_125207
LINCSCP_9097	-0.7897346973	0.03464287173	7	BRD-K94740841	LSM-42414	NA	10uM	A549	24h	LINCSCP_9097
LINCSCP_56982	0.7897269869	0.03464589357	7	SMR000075319	LSM-6371	KPNB1	60uM	VCAP	6h	LINCSCP_56982
LINCSCP_63591	-0.7897164744	0.03465001384	7	BRD-K35060373	LSM-10536	NA	5uM	VCAP	6h	LINCSCP_63591
LINCSCP_156357	0.789687612	0.03466132755	7	179324-69-7	LSM-6281	ADRM1|PSMA1|PSMA2|PSMA3|PSMA4|PSMA5|PSMA6|PSMA7|PSMA8|PSMB1|PSMB10|PSMB11|PSMB2|PSMB3|PSMB4|PSMB5|PSMB6|PSMB7|PSMB8|PSMB9|PSMC1|PSMC2|PSMC3|PSMC4|PSMC5|PSMC6|PSMD1|PSMD11|PSMD12|PSMD13|PSMD14|PSMD2|PSMD3|PSMD4|PSMD6|PSMD7|PSMD8|SEM1	20uM	PC3	24h	LINCSCP_156357
LINCSCP_70213	0.7896769847	0.03466549385	7	Mocetinostat	LSM-5344	HDAC1|HDAC11|HDAC2|HDAC3|HDAC8	0.12uM	A375	24h	LINCSCP_70213
LINCSCP_95846	-0.7896644104	0.0346704238	7	NXY 059	LSM-45683	NA	10uM	HA1E	24h	LINCSCP_95846
LINCSCP_53512	0.7896611107	0.03467171757	7	179324-69-7	LSM-6281	ADRM1|PSMA1|PSMA2|PSMA3|PSMA4|PSMA5|PSMA6|PSMA7|PSMA8|PSMB1|PSMB10|PSMB11|PSMB2|PSMB3|PSMB4|PSMB5|PSMB6|PSMB7|PSMB8|PSMB9|PSMC1|PSMC2|PSMC3|PSMC4|PSMC5|PSMC6|PSMD1|PSMD11|PSMD12|PSMD13|PSMD14|PSMD2|PSMD3|PSMD4|PSMD6|PSMD7|PSMD8|SEM1	0.01uM	SKMEL28	6h	LINCSCP_53512
LINCSCP_116154	0.7896163484	0.0346892708	7	Neratinib	LSM-42778	EGFR|ERBB2|ERBB4	0.37uM	HT29	24h	LINCSCP_116154
LINCSCP_158298	-0.7895582816	0.03471204875	7	Risperidone	LSM-3193	ADRA1A|ADRA1B|DRD2|DRD3|DRD4|HRH1|HTR1A|HTR1D|HTR2A|HTR2C	0.37uM	PC3	24h	LINCSCP_158298
LINCSCP_112778	0.7895553385	0.03471320343	7	NVP-BHG712	LSM-1201	NA	1.11uM	HEPG2	24h	LINCSCP_112778
LINCSCP_31967	-0.7895552649	0.03471323231	7	2-Fluoroadenosine	LSM-4828	RRM1	10uM	MCF7	24h	LINCSCP_31967
LINCSCP_15216	-0.7895502148	0.03471521375	7	Chaetocin	LSM-6198	SUV39H1	0.1uM	HA1E	24h	LINCSCP_15216
LINCSCP_53348	-0.7895376865	0.0347201296	7	CHEMBL607856	LSM-3321	NA	10uM	SKMEL1	6h	LINCSCP_53348
LINCSCP_126416	0.7895104667	0.03473081139	7	MG-132	LSM-1107	PSMB1	20uM	HT29	24h	LINCSCP_126416
LINCSCP_25285	0.7894963141	0.03473636594	7	PAC-1	LSM-3119	CASP3	10uM	HT29	24h	LINCSCP_25285
LINCSCP_27994	0.789490774	0.03473854046	7	BRD-K19938940	LSM-9637	NA	5uM	HT29	24h	LINCSCP_27994
LINCSCP_117709	0.7894454113	0.03475634828	7	Dasatinib	LSM-1020	ABL1|BCR|BLK|EPHA2|FGR|FRK|FYN|HCK|KIT|LCK|LYN|PDGFRB|SRC|SRMS|YES1	0.12uM	HT29	24h	LINCSCP_117709
LINCSCP_134016	-0.7894145099	0.03476848198	7	CHEMBL3188661	LSM-5394	DDR1	0.37uM	MCF7	24h	LINCSCP_134016
LINCSCP_27587	-0.7893984588	0.03477478555	7	BRD-K73876582	LSM-12955	NA	5uM	HT29	24h	LINCSCP_27587
LINCSCP_235331	0.7893905021	0.03477791049	7	FR-180204	LSM-42790	MAPK1|MAPK3	10uM	MCF10A	24h	LINCSCP_235331
LINCSCP_141032	0.7893567984	0.03479114926	7	179324-69-7	LSM-6281	ADRM1|PSMA1|PSMA2|PSMA3|PSMA4|PSMA5|PSMA6|PSMA7|PSMA8|PSMB1|PSMB10|PSMB11|PSMB2|PSMB3|PSMB4|PSMB5|PSMB6|PSMB7|PSMB8|PSMB9|PSMC1|PSMC2|PSMC3|PSMC4|PSMC5|PSMC6|PSMD1|PSMD11|PSMD12|PSMD13|PSMD14|PSMD2|PSMD3|PSMD4|PSMD6|PSMD7|PSMD8|SEM1	20uM	MCF7	24h	LINCSCP_141032
LINCSCP_260666	-0.7893493598	0.03479407151	7	SA-244358	LSM-42146	NA	1uM	NKDBA	24h	LINCSCP_260666
LINCSCP_102171	0.7893289757	0.03480208006	7	Oprozomib (ONX 0912)	LSM-45496	NA	0.04uM	HELA	24h	LINCSCP_102171
LINCSCP_64538	-0.7893272562	0.03480275569	7	Tretinoin	LSM-42854	RARA|RARB|RARG|RORB	1uM	VCAP	48h	LINCSCP_64538
LINCSCP_116698	0.789325018	0.03480363509	7	AZD-5438	LSM-1159	CDK1|CDK10|CDK11B|CDK12|CDK13|CDK14|CDK15|CDK16|CDK17|CDK18|CDK19|CDK2|CDK20|CDK3|CDK4|CDK5|CDK6|CDK7|CDK8|CDK9	3.33uM	HT29	24h	LINCSCP_116698
LINCSCP_121216	0.7892968741	0.03481469432	7	179324-69-7	LSM-6281	ADRM1|PSMA1|PSMA2|PSMA3|PSMA4|PSMA5|PSMA6|PSMA7|PSMA8|PSMB1|PSMB10|PSMB11|PSMB2|PSMB3|PSMB4|PSMB5|PSMB6|PSMB7|PSMB8|PSMB9|PSMC1|PSMC2|PSMC3|PSMC4|PSMC5|PSMC6|PSMD1|PSMD11|PSMD12|PSMD13|PSMD14|PSMD2|PSMD3|PSMD4|PSMD6|PSMD7|PSMD8|SEM1	20uM	HT29	24h	LINCSCP_121216
LINCSCP_24692	-0.7892792374	0.03482162572	7	NCGC00346967-01	LSM-6297	EPHB3	0.1uM	HS578T	24h	LINCSCP_24692
LINCSCP_53217	0.7892625044	0.03482820265	7	CAY10603	LSM-4941	HDAC6	10uM	SKM1	6h	LINCSCP_53217
LINCSCP_304983	0.789244365	0.03483533315	7	BRD-K16636143	LSM-9433	NA	5uM	VCAP	24h	LINCSCP_304983
LINCSCP_9578	0.7892403391	0.03483691583	7	Mitoxantrone	LSM-2481	TOP2A	0.1uM	A549	6h	LINCSCP_9578
LINCSCP_113274	0.7892352717	0.03483890801	7	AS-605240	LSM-42784	PIK3CG	0.37uM	HME1	24h	LINCSCP_113274
LINCSCP_56871	0.7891958873	0.0348543935	7	Niclosamide	LSM-2787	STAT3	10uM	VCAP	24h	LINCSCP_56871
LINCSCP_39924	0.7891796426	0.03486078184	7	CHEMBL258148	LSM-6214	CTSL	90uM	NCIH1836	6h	LINCSCP_39924
LINCSCP_11703	-0.7891741315	0.03486294924	7	SCHEMBL1564574	LSM-1006	CHEK1|CHEK2	0.1uM	BT20	24h	LINCSCP_11703
LINCSCP_151964	0.7891666757	0.03486588163	7	Azacitidine	LSM-5218	DNMT1|DNMT3A	0.04uM	PC3	24h	LINCSCP_151964
LINCSCP_59554	0.7891572218	0.03486960004	7	EMF-SUMO1-39	LSM-36422	NA	10uM	VCAP	6h	LINCSCP_59554
LINCSCP_69950	-0.7891557353	0.03487018471	7	761437-28-9	LSM-1208	NA	1.11uM	A375	24h	LINCSCP_69950
LINCSCP_139456	0.7891556052	0.03487023588	7	Rabeprazole	LSM-5045	ATP4A|ATP4B	0.12uM	MCF7	24h	LINCSCP_139456
LINCSCP_297050	0.7891324648	0.03487933852	7	BRD-K06397242	LSM-37615	NA	5uM	VCAP	6h	LINCSCP_297050
LINCSCP_83872	-0.7891286793	0.03488082775	7	MLS006011051	LSM-42801	BRAF	10uM	ASC.C	24h	LINCSCP_83872
LINCSCP_35082	-0.7891260044	0.03488188006	7	BRD-K54260596	LSM-40242	NA	5uM	MCF7	24h	LINCSCP_35082
LINCSCP_111938	-0.789112831	0.03488706282	7	Tivozanib	LSM-1005	FLT1|FLT4|KDR|KIT|PDGFRA|PDGFRB	0.37uM	HEPG2	24h	LINCSCP_111938
LINCSCP_117749	0.7891095054	0.03488837124	7	BX-795	LSM-1189	PDK1|PDPK1	1.11uM	HT29	24h	LINCSCP_117749
LINCSCP_212376	0.7890866795	0.03489735274	7	N-Nitrosodiethylamine	LSM-37024	NA	20uM	HA1E	6h	LINCSCP_212376
LINCSCP_154483	-0.7890752634	0.03490184521	7	Iniparib	LSM-6317	PARP1	3.33uM	PC3	24h	LINCSCP_154483
LINCSCP_4785	0.7890691332	0.03490425771	7	Selumetinib	LSM-1056	MAP2K1|MAP2K2	80uM	A549	6h	LINCSCP_4785
LINCSCP_27254	-0.7890635235	0.03490646544	7	BRN 1601185	LSM-4832	NA	10uM	HT29	6h	LINCSCP_27254
LINCSCP_122000	-0.7890456669	0.03491349353	7	Pimozide	LSM-2001	DRD1|DRD2|DRD3|DRD4|DRD5|HTR2A	0.12uM	HT29	24h	LINCSCP_122000
LINCSCP_111439	0.7890415485	0.03491511462	7	SB590885	LSM-42746	NA	10uM	HEPG2	24h	LINCSCP_111439
LINCSCP_13156	-0.789036502	0.03491710105	7	Retinol	LSM-43173	RXRA|RXRB|RXRG	10uM	FIBRNPC	24h	LINCSCP_13156
LINCSCP_296121	-0.7889661055	0.03494481733	7	Isotretinoin	LSM-42855	RARA|RARB|RARG	10uM	VCAP	24h	LINCSCP_296121
LINCSCP_61697	-0.7889330431	0.03495783879	7	BRD-K38865695	LSM-10782	NA	5uM	VCAP	6h	LINCSCP_61697
LINCSCP_119859	0.7889225667	0.03496196543	7	179324-69-7	LSM-6281	ADRM1|PSMA1|PSMA2|PSMA3|PSMA4|PSMA5|PSMA6|PSMA7|PSMA8|PSMB1|PSMB10|PSMB11|PSMB2|PSMB3|PSMB4|PSMB5|PSMB6|PSMB7|PSMB8|PSMB9|PSMC1|PSMC2|PSMC3|PSMC4|PSMC5|PSMC6|PSMD1|PSMD11|PSMD12|PSMD13|PSMD14|PSMD2|PSMD3|PSMD4|PSMD6|PSMD7|PSMD8|SEM1	20uM	HT29	24h	LINCSCP_119859
LINCSCP_251508	0.7889177546	0.03496386101	7	AZ628	LSM-1050	BRAF|RAF1	0.5uM	MCF7	6h	LINCSCP_251508
LINCSCP_132817	0.7889097103	0.03496702992	7	Selumetinib	LSM-1056	MAP2K1|MAP2K2	1.11uM	MCF7	24h	LINCSCP_132817
LINCSCP_29019	0.7889038526	0.03496933758	7	YC1	LSM-3346	GUCY1A2|HIF1A	20uM	HUH7	6h	LINCSCP_29019
LINCSCP_35534	0.7888854524	0.03497658692	7	Vorinostat	LSM-3828	HDAC1|HDAC2|HDAC3|HDAC6|HDAC8	1uM	MCF7	24h	LINCSCP_35534
LINCSCP_132872	0.7888752723	0.03498059801	7	QL47	LSM-6019	BMX|BTK	0.37uM	MCF7	24h	LINCSCP_132872
LINCSCP_131878	0.7888540819	0.03498894822	7	PD-0325901	LSM-1101	MAP2K1|MAP2K2	0.12uM	MCF7	24h	LINCSCP_131878
LINCSCP_76066	-0.7888483384	0.03499121165	7	ABT737	LSM-1180	BCL2|BCL2L1|BCL2L2	0.12uM	A375	24h	LINCSCP_76066
LINCSCP_188819	-0.7888444101	0.03499275978	7	Triazolothiadiazine, 36	LSM-1553	NA	10uM	A549	24h	LINCSCP_188819
LINCSCP_82302	-0.7888098856	0.03500636754	7	GSK 1059615	LSM-42799	PIK3CA|PIK3CB|PIK3CD|PIK3CG	1.11uM	A549	24h	LINCSCP_82302
LINCSCP_229771	-0.7887980532	0.03501103191	7	BRD-K86764949	LSM-42002	NA	5uM	HT29	24h	LINCSCP_229771
LINCSCP_5497	0.7887890224	0.03501459213	7	Rifapentine	LSM-46028	CYP2C8|CYP2C9|CYP3A4	10uM	A549	6h	LINCSCP_5497
LINCSCP_164324	0.7887740455	0.03502049692	7	Dacomitinib	LSM-42808	EGFR|ERBB2|ERBB3|ERBB4	0.12uM	SKL.C	24h	LINCSCP_164324
LINCSCP_85182	-0.7887405093	0.03503372092	7	PF431396	LSM-1116	NA	10uM	BT20	24h	LINCSCP_85182
LINCSCP_36613	0.7887401644	0.03503385694	7	CP466722	LSM-1009	ATM	10uM	MCF7	6h	LINCSCP_36613
LINCSCP_115537	0.7887166848	0.03504311707	7	Palbociclib	LSM-1071	CCND1|CDK4|CDK6	3.33uM	HS578T	24h	LINCSCP_115537
LINCSCP_126179	0.788708251	0.03504644363	7	Floxuridine	LSM-45624	NA	3.33uM	HT29	24h	LINCSCP_126179
LINCSCP_116023	0.7886906733	0.03505337736	7	TAE-684	LSM-1024	ALK	0.37uM	HS578T	3h	LINCSCP_116023
LINCSCP_32770	0.7886901832	0.03505357071	7	Quizartinib	LSM-1037	CSF1R|FLT3|KIT|PDGFRA|PDGFRB|RET	10uM	MCF7	6h	LINCSCP_32770
LINCSCP_85339	0.7886581987	0.03506618939	7	CI-1040	LSM-1048	MAP2K1|MAP2K2	3.33uM	BT20	24h	LINCSCP_85339
LINCSCP_58196	0.7886453578	0.03507125614	7	Loratadine	LSM-5891	HRH1	10uM	VCAP	24h	LINCSCP_58196
LINCSCP_95343	0.788629559	0.0350774906	7	MOXIDECTIN	LSM-45247	NA	3.33uM	HA1E	24h	LINCSCP_95343
LINCSCP_68606	0.788627234	0.03507840814	7	Thioridazine	LSM-1863	DRD1|DRD2|DRD3|DRD4|HTR2A|HTR2C	10uM	VCAP	6h	LINCSCP_68606
LINCSCP_99220	0.7886236537	0.03507982108	7	MG-132	LSM-1107	PSMB1	20uM	HA1E	24h	LINCSCP_99220
LINCSCP_307626	0.7886167844	0.03508253211	7	BRD-K89986699	LSM-13979	NA	5uM	VCAP	6h	LINCSCP_307626
LINCSCP_21228	0.7885916338	0.03509245902	7	CID-2858522	LSM-3337	NA	10uM	HCT116	6h	LINCSCP_21228
LINCSCP_113494	0.7885822884	0.03509614799	7	PD-173074	LSM-1026	FGFR1|FGFR3	3.33uM	HME1	3h	LINCSCP_113494
LINCSCP_121240	-0.7885739331	0.03509944636	7	Abexinostat	LSM-2269	HDAC1|HDAC10|HDAC2|HDAC3|HDAC6	0.04uM	HT29	24h	LINCSCP_121240
LINCSCP_56925	0.7885525588	0.0351078849	7	L-690488	LSM-4703	IMPA1	10uM	VCAP	24h	LINCSCP_56925
LINCSCP_34388	-0.788523817	0.03511923394	7	Meclofenamic acid	LSM-3108	ALOX5|PTGS1|PTGS2	10uM	MCF7	6h	LINCSCP_34388
LINCSCP_112809	-0.7885168476	0.03512198616	7	MLS006011051	LSM-42801	BRAF	0.37uM	HEPG2	24h	LINCSCP_112809
LINCSCP_123651	0.7885018782	0.03512789808	7	INOSITOL	LSM-45237	NA	0.37uM	HT29	24h	LINCSCP_123651
LINCSCP_116927	-0.7884884147	0.03513321572	7	Cabozantinib	LSM-1195	KDR|MET	0.12uM	HT29	24h	LINCSCP_116927
LINCSCP_16981	0.7884869288	0.03513380262	7	YL-61	LSM-44650	NA	10uM	HA1E	6h	LINCSCP_16981
LINCSCP_24865	0.7884688279	0.03514095265	7	Pyrazolanthrone	LSM-1163	MAPK10|MAPK8|MAPK9|TTK	10uM	HS578T	6h	LINCSCP_24865
LINCSCP_17560	0.7884620154	0.03514364389	7	Nicardipine	LSM-1418	CACNA1C|CACNA1D|CACNA1F|CACNA1S	10uM	HCC15	6h	LINCSCP_17560
LINCSCP_27643	0.7884569361	0.03514565049	7	BRD-K05713002	LSM-8764	NA	5uM	HT29	24h	LINCSCP_27643
LINCSCP_36808	0.7884412226	0.03515185857	7	PD-0325901	LSM-1101	MAP2K1|MAP2K2	0.5uM	MCF7	24h	LINCSCP_36808
LINCSCP_292148	0.788428872	0.03515673849	7	Phenothiazine	LSM-3324	NA	10uM	VCAP	6h	LINCSCP_292148
LINCSCP_281518	0.7884125127	0.03516320291	7	AZD-1152-HQPA	LSM-1067	AURKA|AURKB	10uM	PHH	24h	LINCSCP_281518
LINCSCP_115663	0.7884061276	0.03516572614	7	Radicicol	LSM-43303	NA	1.11uM	HS578T	24h	LINCSCP_115663
LINCSCP_29548	-0.7883587145	0.03518446598	7	Tivozanib	LSM-1005	FLT1|FLT4|KDR|KIT|PDGFRA|PDGFRB	1uM	MCF10A	24h	LINCSCP_29548
LINCSCP_156526	0.7883522607	0.03518701724	7	MG-132	LSM-1107	PSMB1	20uM	PC3	24h	LINCSCP_156526
LINCSCP_249588	-0.7883311363	0.0351953687	7	BRD-K72738889	LSM-41217	NA	5uM	MCF7	24h	LINCSCP_249588
LINCSCP_158491	-0.7882738092	0.0352180383	7	Palomid 529 (P529)	LSM-45432	MTOR	0.12uM	PC3	24h	LINCSCP_158491
LINCSCP_163685	0.7882620453	0.03522269126	7	Linifanib	LSM-1183	CSF1R|FLT1|FLT3|FLT4|KDR|PDGFRA|PDGFRB	1.11uM	SKBR3	24h	LINCSCP_163685
LINCSCP_27034	0.7882608634	0.03522315873	7	TWS 119	LSM-1111	GSK3B	10uM	HT29	6h	LINCSCP_27034
LINCSCP_32535	0.7882352385	0.03523329539	7	CHEMBL12760	LSM-43231	NA	10uM	MCF7	24h	LINCSCP_32535
LINCSCP_117815	0.7882339692	0.03523379754	7	CHIR-265	LSM-1207	BRAF|KDR	1.11uM	HT29	24h	LINCSCP_117815
LINCSCP_24434	-0.7882328227	0.03523425111	7	ITK Inhibitor	LSM-1043	ITK	1uM	HS578T	6h	LINCSCP_24434
LINCSCP_137875	0.7882282377	0.03523606503	7	179324-69-7	LSM-6281	ADRM1|PSMA1|PSMA2|PSMA3|PSMA4|PSMA5|PSMA6|PSMA7|PSMA8|PSMB1|PSMB10|PSMB11|PSMB2|PSMB3|PSMB4|PSMB5|PSMB6|PSMB7|PSMB8|PSMB9|PSMC1|PSMC2|PSMC3|PSMC4|PSMC5|PSMC6|PSMD1|PSMD11|PSMD12|PSMD13|PSMD14|PSMD2|PSMD3|PSMD4|PSMD6|PSMD7|PSMD8|SEM1	20uM	MCF7	24h	LINCSCP_137875
LINCSCP_22251	-0.7882238093	0.03523781705	7	MLS000039538	LSM-3906	NA	10uM	HEPG2	6h	LINCSCP_22251
LINCSCP_125211	0.7882084011	0.0352439134	7	MEK162 (ARRY-162, ARRY-438162)	LSM-45640	MAP2K1|MAP2K2	0.04uM	HT29	24h	LINCSCP_125211
LINCSCP_152145	-0.7882036907	0.03524577721	7	GSK-J2	LSM-44940	NA	10uM	PC3	24h	LINCSCP_152145
LINCSCP_109635	-0.7881191663	0.03527923125	7	Fluspirilene	LSM-3748	DRD2|HTR2A	10uM	HELA	24h	LINCSCP_109635
LINCSCP_312542	0.7880513075	0.03530610195	7	CHEMBL2356201	LSM-41555	NA	10uM	VCAP	24h	LINCSCP_312542
LINCSCP_147226	-0.7880381519	0.03531131261	7	MLS006011051	LSM-42801	BRAF	10uM	NEU	24h	LINCSCP_147226
LINCSCP_128912	-0.7880340921	0.03531292072	7	CX-5461	LSM-6342	NA	10uM	HUVEC	24h	LINCSCP_128912
LINCSCP_98308	-0.7880145582	0.0353206587	7	Alvocidib	LSM-1011	CDK1|CDK2|CDK4|CDK5|CDK6|CDK7|CDK8|CDK9|EGFR|PYGM	1.11uM	HA1E	24h	LINCSCP_98308
LINCSCP_117170	-0.7880045374	0.0353246286	7	BMS-509744	LSM-1137	NA	3.33uM	HT29	24h	LINCSCP_117170
LINCSCP_147111	-0.7880014298	0.03532585977	7	MLN-8054	LSM-1066	AURKA	0.04uM	NEU	24h	LINCSCP_147111
LINCSCP_111299	-0.7879879666	0.03533119396	7	CGP 60474	LSM-1025	CDK1	0.12uM	HEPG2	24h	LINCSCP_111299
LINCSCP_141649	0.7879824663	0.03533337329	7	MG-132	LSM-1107	PSMB1	20uM	MCF7	24h	LINCSCP_141649
LINCSCP_9728	0.7879797176	0.03533446244	7	IWR-1-ENDO	LSM-5707	TNKS|TNKS2	3uM	A549	24h	LINCSCP_9728
LINCSCP_19846	0.7879697311	0.03533841963	7	KUC104254	LSM-2369	NA	10uM	HCC515	6h	LINCSCP_19846
LINCSCP_115854	-0.7879409791	0.03534981406	7	BMS-345541	LSM-1028	IKBKB	1.11uM	HS578T	3h	LINCSCP_115854
LINCSCP_116233	-0.7879354902	0.03535198953	7	GSK 1059615	LSM-42799	PIK3CA|PIK3CB|PIK3CD|PIK3CG	0.12uM	HT29	24h	LINCSCP_116233
LINCSCP_100665	-0.7879208998	0.03535777273	7	CX-5461	LSM-6342	NA	3.33uM	HCC515	24h	LINCSCP_100665
LINCSCP_46612	-0.7879187096	0.03535864089	7	STK568087	LSM-4669	NA	10uM	PC3	6h	LINCSCP_46612
LINCSCP_167300	-0.7878932444	0.03536873588	7	Lintitript	LSM-2780	CCKAR	10uM	YAPC	24h	LINCSCP_167300
LINCSCP_176221	0.7878883903	0.03537066031	7	Pilaralisib	LSM-5998	PIK3CA|PIK3CD|PIK3CG	10uM	YAPC	24h	LINCSCP_176221
LINCSCP_67093	0.7878823054	0.03537307281	7	Vorinostat	LSM-3828	HDAC1|HDAC2|HDAC3|HDAC6|HDAC8	10uM	HT29	6h	LINCSCP_67093
LINCSCP_57616	0.7878564234	0.03538333538	7	TL_HRAS26	LSM-2013	NA	10uM	VCAP	6h	LINCSCP_57616
LINCSCP_58867	-0.787854999	0.03538390022	7	CAY10577	LSM-5469	NA	10uM	VCAP	24h	LINCSCP_58867
LINCSCP_148354	0.7878466355	0.03538721683	7	Regorafenib	LSM-1226	ABL1|BRAF|DDR2|FGFR1|FGFR2|FLT1|FLT4|FRK|KDR|KIT|MAPK11|PDGFRA|PDGFRB|RAF1|RET|TEK	10uM	NPC.CAS9	24h	LINCSCP_148354
LINCSCP_15286	-0.7878436166	0.03538841405	7	Lexibulin	LSM-6232	TUBA1A|TUBA1B|TUBA1C|TUBA3E|TUBA4A|TUBB|TUBB1|TUBB2A|TUBB2B|TUBB3|TUBB4A|TUBB4B|TUBB6|TUBB8	1uM	HA1E	24h	LINCSCP_15286
LINCSCP_310003	0.787816705	0.03539908745	7	BRD-K31367750	LSM-15031	NA	30uM	VCAP	24h	LINCSCP_310003
LINCSCP_233302	0.78781002	0.03540173909	7	E319	LSM-36677	NA	0.5uM	HT29	24h	LINCSCP_233302
LINCSCP_5804	-0.7878013808	0.035405166	7	SCHEMBL722708	LSM-4983	OPRD1|OPRK1|OPRM1	10uM	A549	6h	LINCSCP_5804
LINCSCP_21768	0.7877882634	0.03541036964	7	Neratinib	LSM-42778	EGFR|ERBB2|ERBB4	10uM	HEPG2	6h	LINCSCP_21768
LINCSCP_128090	0.7877774343	0.03541466582	7	PF-04217903	LSM-1166	MET	1.11uM	HUES3	24h	LINCSCP_128090
LINCSCP_32629	-0.7877664467	0.03541902523	7	Oxalomalicacid	LSM-5156	ACO1|IDH1	10uM	MCF7	6h	LINCSCP_32629
LINCSCP_133205	0.7877657511	0.03541930119	7	13-Hydroxy-8,14,19-trimethoxy-4,10,12,16-tetramethyl-3,20,22-trioxo-2-azabicyclo[16.3.1]docosa-1(21),4,6,10,18-pentaen-9-yl carbamate	LSM-42815	HSP90AA1	10uM	MCF7	3h	LINCSCP_133205
LINCSCP_29394	-0.7877436515	0.03542807025	7	DC-45-A2	LSM-6274	NA	10uM	LOVO	6h	LINCSCP_29394
LINCSCP_86072	0.7876992038	0.03544571058	7	Selumetinib	LSM-1056	MAP2K1|MAP2K2	1.11uM	BT20	24h	LINCSCP_86072
LINCSCP_112743	-0.787680269	0.0354532269	7	SB-203580	LSM-1168	MAPK1|MAPK11|MAPK14	0.37uM	HEPG2	24h	LINCSCP_112743
LINCSCP_16999	-0.7876594756	0.03546148201	7	Procainamide	LSM-3681	SCN10A|SCN11A|SCN1A|SCN2A|SCN3A|SCN4A|SCN5A|SCN7A|SCN8A|SCN9A	10uM	HA1E	6h	LINCSCP_16999
LINCSCP_22002	-0.7876174359	0.03547817527	7	SCHEMBL2560033	LSM-2383	NA	10uM	HEPG2	6h	LINCSCP_22002
LINCSCP_143911	0.7876108934	0.03548077359	7	179324-69-7	LSM-6281	ADRM1|PSMA1|PSMA2|PSMA3|PSMA4|PSMA5|PSMA6|PSMA7|PSMA8|PSMB1|PSMB10|PSMB11|PSMB2|PSMB3|PSMB4|PSMB5|PSMB6|PSMB7|PSMB8|PSMB9|PSMC1|PSMC2|PSMC3|PSMC4|PSMC5|PSMC6|PSMD1|PSMD11|PSMD12|PSMD13|PSMD14|PSMD2|PSMD3|PSMD4|PSMD6|PSMD7|PSMD8|SEM1	20uM	MCF7	24h	LINCSCP_143911
LINCSCP_39588	-0.7876069187	0.03548235219	7	XMD 8-92	LSM-1094	MAPK7	0.5uM	MDAMB231	6h	LINCSCP_39588
LINCSCP_126415	0.7875997518	0.03548519867	7	MG-132	LSM-1107	PSMB1	20uM	HT29	24h	LINCSCP_126415
LINCSCP_152426	0.7875994817	0.03548530596	7	AZD 1480	LSM-1140	JAK1|JAK2	3.33uM	PC3	24h	LINCSCP_152426
LINCSCP_115572	-0.7875956153	0.03548684162	7	BRD-A24396574-001-01-5	LSM-5006	NA	10uM	HS578T	24h	LINCSCP_115572
LINCSCP_116365	0.7875520591	0.03550414403	7	PLX-4720	LSM-1049	BRAF	0.12uM	HT29	24h	LINCSCP_116365
LINCSCP_524	0.7875458943	0.03550659335	7	1-(2,6-Dichlorobenzylideneamino)guanidine	LSM-3266	NA	10uM	A375	6h	LINCSCP_524
LINCSCP_117705	0.7875431054	0.03550770141	7	Dasatinib	LSM-1020	ABL1|BCR|BLK|EPHA2|FGR|FRK|FYN|HCK|KIT|LCK|LYN|PDGFRB|SRC|SRMS|YES1	10uM	HT29	24h	LINCSCP_117705
LINCSCP_154635	-0.7875393766	0.03550918295	7	CEP-32496	LSM-45568	BRAF|EGFR|RET	0.12uM	PC3	24h	LINCSCP_154635
LINCSCP_138052	0.7875302916	0.03551279278	7	MG-132	LSM-1107	PSMB1	20uM	MCF7	24h	LINCSCP_138052
LINCSCP_36018	0.7874679876	0.03553755415	7	Vorinostat	LSM-3828	HDAC1|HDAC2|HDAC3|HDAC6|HDAC8	1uM	MCF7	24h	LINCSCP_36018
LINCSCP_108523	0.7874668967	0.0355379878	7	Ercalcitriol	LSM-45788	NA	1.11uM	HELA	24h	LINCSCP_108523
LINCSCP_174361	0.7874592627	0.03554102246	7	Atorvastatin	LSM-5771	DPP4|HMGCR	1.11uM	YAPC	24h	LINCSCP_174361
LINCSCP_164808	-0.7874568227	0.03554199243	7	Resveratrol	LSM-42917	PTGS1|PTGS2|SIRT1	10uM	SKL.C	24h	LINCSCP_164808
LINCSCP_300544	0.7874237603	0.03555513715	7	BRD-K57140889-001-01-5	LSM-11890	NA	5uM	VCAP	6h	LINCSCP_300544
LINCSCP_135801	0.7873866111	0.03556990994	7	MG-132	LSM-1107	PSMB1	20uM	MCF7	24h	LINCSCP_135801
LINCSCP_19285	0.7873743261	0.03557479595	7	SMER28	LSM-4523	NA	10uM	HCC515	24h	LINCSCP_19285
LINCSCP_142833	0.7873632399	0.03557920548	7	179324-69-7	LSM-6281	ADRM1|PSMA1|PSMA2|PSMA3|PSMA4|PSMA5|PSMA6|PSMA7|PSMA8|PSMB1|PSMB10|PSMB11|PSMB2|PSMB3|PSMB4|PSMB5|PSMB6|PSMB7|PSMB8|PSMB9|PSMC1|PSMC2|PSMC3|PSMC4|PSMC5|PSMC6|PSMD1|PSMD11|PSMD12|PSMD13|PSMD14|PSMD2|PSMD3|PSMD4|PSMD6|PSMD7|PSMD8|SEM1	20uM	MCF7	24h	LINCSCP_142833
LINCSCP_164533	-0.7873448151	0.03558653462	7	Vandetanib	LSM-1199	EGFR|EPHA1|EPHA10|EPHA2|EPHA3|EPHA4|EPHA5|EPHA6|EPHA7|EPHA8|EPHB1|EPHB2|EPHB3|EPHB4|EPHB6|ERBB2|ERBB3|ERBB4|FLT1|FLT4|KDR|PTK6|RET|SRC|TEK	0.12uM	SKL.C	24h	LINCSCP_164533
LINCSCP_111188	-0.7873333134	0.03559111027	7	CP-724714	LSM-42777	ERBB2	3.33uM	HEPG2	24h	LINCSCP_111188
LINCSCP_298882	0.7873076229	0.03560133173	7	BRD-K09300252-001-01-3	LSM-6975	NA	5uM	VCAP	6h	LINCSCP_298882
LINCSCP_70348	0.7873050907	0.03560233931	7	CGK733	LSM-1610	ATM|ATR	3.33uM	A375	24h	LINCSCP_70348
LINCSCP_156615	0.7872928752	0.03560720017	7	MG-132	LSM-1107	PSMB1	20uM	PC3	24h	LINCSCP_156615
LINCSCP_122861	0.7872866981	0.03560965831	7	AZD-8330	LSM-1165	MAP2K1|MAP2K2	3.33uM	HT29	24h	LINCSCP_122861
LINCSCP_96457	-0.7872586688	0.03562081362	7	Macitentan	LSM-45420	EDNRA|EDNRB	3.33uM	HA1E	24h	LINCSCP_96457
LINCSCP_133733	0.7872439703	0.03562666425	7	GSK J4	LSM-6328	NA	10uM	MCF7	24h	LINCSCP_133733
LINCSCP_172770	-0.7872431147	0.03562700482	7	Lafutidine	LSM-45448	NA	0.04uM	YAPC	24h	LINCSCP_172770
LINCSCP_46922	-0.7872212783	0.03563569763	7	AC1N39OF	LSM-6516	NA	10uM	PC3	6h	LINCSCP_46922
LINCSCP_112146	-0.7872127203	0.0356391048	7	MLN-0128	LSM-1206	MTOR	3.33uM	HEPG2	24h	LINCSCP_112146
LINCSCP_111385	-0.7872099458	0.03564020942	7	Seliciclib	LSM-1001	CDK1|CDK2|CDK5|CDK7|CDK9	10uM	HEPG2	24h	LINCSCP_111385
LINCSCP_106510	-0.7871969223	0.03564539483	7	Romidepsin	LSM-45396	NA	0.37uM	HELA	24h	LINCSCP_106510
LINCSCP_111685	0.7871790934	0.03565249426	7	C24H25CLFN5O3	LSM-42794	EGFR|ERBB2|ERBB4	10uM	HEPG2	24h	LINCSCP_111685
LINCSCP_138770	0.787150956	0.03566370009	7	MG-132	LSM-1107	PSMB1	20uM	MCF7	24h	LINCSCP_138770
LINCSCP_132567	-0.7871273956	0.03567308461	7	Sorafenib	LSM-1008	BRAF|DDR2|FGFR1|FLT1|FLT3|FLT4|KDR|KIT|PDGFRB|RAF1|RET	0.12uM	MCF7	24h	LINCSCP_132567
LINCSCP_100586	-0.7871201715	0.03567596242	7	Entinostat	LSM-4811	HDAC1|HDAC10|HDAC11|HDAC2|HDAC3|HDAC4|HDAC5|HDAC6|HDAC7|HDAC8|HDAC9	10uM	HCC515	24h	LINCSCP_100586
LINCSCP_23260	0.7871187804	0.03567651658	7	CHEMBL1970015	LSM-6658	NA	10uM	HEPG2	6h	LINCSCP_23260
LINCSCP_40111	-0.7870799925	0.03569197031	7	STK219801	LSM-43281	NA	20uM	NCIH2073	6h	LINCSCP_40111
LINCSCP_12434	0.7870725583	0.03569493264	7	BRD-A95504714	LSM-45336	NA	3uM	CD34	6h	LINCSCP_12434
LINCSCP_160142	0.7870654253	0.03569777508	7	Riociguat	LSM-45758	GUCY1A2|GUCY1A3|GUCY1B3	10uM	PC3	24h	LINCSCP_160142
LINCSCP_67821	0.7870512631	0.03570341898	7	13-Hydroxy-8,14,19-trimethoxy-4,10,12,16-tetramethyl-3,20,22-trioxo-2-azabicyclo[16.3.1]docosa-1(21),4,6,10,18-pentaen-9-yl carbamate	LSM-42815	HSP90AA1	10uM	NPC	6h	LINCSCP_67821
LINCSCP_134848	-0.7870324354	0.03571092293	7	Ellagic acid	LSM-36455	CA1|CA12|CA14|CA2|CA4|CA6|CA9|SYK	10uM	MCF7	24h	LINCSCP_134848
LINCSCP_137639	-0.7870296638	0.03571202762	7	Alvelestat	LSM-45793	NA	0.04uM	MCF7	24h	LINCSCP_137639
LINCSCP_137793	0.7870148852	0.03571791848	7	179324-69-7	LSM-6281	ADRM1|PSMA1|PSMA2|PSMA3|PSMA4|PSMA5|PSMA6|PSMA7|PSMA8|PSMB1|PSMB10|PSMB11|PSMB2|PSMB3|PSMB4|PSMB5|PSMB6|PSMB7|PSMB8|PSMB9|PSMC1|PSMC2|PSMC3|PSMC4|PSMC5|PSMC6|PSMD1|PSMD11|PSMD12|PSMD13|PSMD14|PSMD2|PSMD3|PSMD4|PSMD6|PSMD7|PSMD8|SEM1	20uM	MCF7	24h	LINCSCP_137793
LINCSCP_130240	-0.7869746192	0.03573397155	7	BMS-387032	LSM-1132	CDK2|CDK7|CDK9	0.12uM	LNCAP	3h	LINCSCP_130240
LINCSCP_13134	-0.7869542036	0.03574211227	7	QS-11	LSM-5212	ARFGAP1	10uM	FIBRNPC	24h	LINCSCP_13134
LINCSCP_169258	0.78694109	0.03574734188	7	VRT752271	LSM-45974	NA	0.12uM	YAPC	24h	LINCSCP_169258
LINCSCP_139678	0.7869305066	0.03575156276	7	179324-69-7	LSM-6281	ADRM1|PSMA1|PSMA2|PSMA3|PSMA4|PSMA5|PSMA6|PSMA7|PSMA8|PSMB1|PSMB10|PSMB11|PSMB2|PSMB3|PSMB4|PSMB5|PSMB6|PSMB7|PSMB8|PSMB9|PSMC1|PSMC2|PSMC3|PSMC4|PSMC5|PSMC6|PSMD1|PSMD11|PSMD12|PSMD13|PSMD14|PSMD2|PSMD3|PSMD4|PSMD6|PSMD7|PSMD8|SEM1	20uM	MCF7	24h	LINCSCP_139678
LINCSCP_54009	-0.7869050356	0.03576172223	7	AC1NSM0X	LSM-4605	P2RX1	10uM	SW480	6h	LINCSCP_54009
LINCSCP_65503	0.7869035013	0.03576233428	7	BRD-K67794838	LSM-40965	NA	10uM	VCAP	6h	LINCSCP_65503
LINCSCP_20161	0.7868902489	0.03576762088	7	AC1O9ZP5	LSM-6676	NA	10uM	HCC515	6h	LINCSCP_20161
LINCSCP_152379	0.7868646639	0.03577782842	7	844499-71-4	LSM-1175	NA	1.11uM	PC3	24h	LINCSCP_152379
LINCSCP_35100	-0.7868622337	0.03577879806	7	BRD-K24893212	LSM-38631	NA	5uM	MCF7	24h	LINCSCP_35100
LINCSCP_128124	-0.7868446249	0.03578582444	7	PDK1 Inhibitor	LSM-1081	PDPK1	10uM	HUES3	24h	LINCSCP_128124
LINCSCP_131929	0.7868404052	0.03578750828	7	PF431396	LSM-1116	NA	3.33uM	MCF7	24h	LINCSCP_131929
LINCSCP_139163	-0.7867630165	0.03581839818	7	PENICILLIN V POTASSIUM	LSM-45657	NA	0.04uM	MCF7	24h	LINCSCP_139163
LINCSCP_116288	0.7867447261	0.03582570103	7	Withaferin A	LSM-6685	IKBKB|NAMPT	0.04uM	HT29	24h	LINCSCP_116288
LINCSCP_54647	0.7867404387	0.03582741296	7	MLN 2238	LSM-4944	PSMB1	10uM	SW948	6h	LINCSCP_54647
LINCSCP_51018	0.7867370528	0.035828765	7	179324-69-7	LSM-6281	ADRM1|PSMA1|PSMA2|PSMA3|PSMA4|PSMA5|PSMA6|PSMA7|PSMA8|PSMB1|PSMB10|PSMB11|PSMB2|PSMB3|PSMB4|PSMB5|PSMB6|PSMB7|PSMB8|PSMB9|PSMC1|PSMC2|PSMC3|PSMC4|PSMC5|PSMC6|PSMD1|PSMD11|PSMD12|PSMD13|PSMD14|PSMD2|PSMD3|PSMD4|PSMD6|PSMD7|PSMD8|SEM1	0.01uM	RMGI	6h	LINCSCP_51018
LINCSCP_133969	0.7867284643	0.03583219457	7	XMD 8-92	LSM-1094	MAPK7	10uM	MCF7	24h	LINCSCP_133969
LINCSCP_175048	0.7867082271	0.03584027647	7	Beta-Narcotine	LSM-4043	SIGMAR1	10uM	YAPC	24h	LINCSCP_175048
LINCSCP_94672	0.7867061575	0.03584110304	7	AC1NWAOC	LSM-21624	NA	1.11uM	HA1E	24h	LINCSCP_94672
LINCSCP_54920	0.786704343	0.03584182775	7	Piplartine	LSM-42914	NA	10uM	THP1	6h	LINCSCP_54920
LINCSCP_18824	0.7866937866	0.03584604404	7	SPECTRUM_000211	LSM-1877	ADRA2A|ADRA2B|ADRA2C|HTR1A|HTR1B|HTR1D|HTR2B	10uM	HCC515	24h	LINCSCP_18824
LINCSCP_154934	0.7866865381	0.03584893929	7	Anacetrapib (MK-0859)	LSM-45618	NA	0.12uM	PC3	24h	LINCSCP_154934
LINCSCP_12785	0.7866671176	0.03585669704	7	ZINC01050121	LSM-6210	NA	20uM	DV90	6h	LINCSCP_12785
LINCSCP_47264	0.7866624938	0.0358585442	7	Racepinephrine	LSM-4958	ADRA1A|ADRA1B|ADRA1D|ADRA2A|ADRA2B|ADRA2C|ADRB1|ADRB2|ADRB3	10uM	PC3	24h	LINCSCP_47264
LINCSCP_57130	0.7866461046	0.03586509198	7	CHEMBL399379	LSM-6245	ACLY	80uM	VCAP	6h	LINCSCP_57130
LINCSCP_126624	0.7866326471	0.03587046897	7	Tosedostat	LSM-6286	ANPEP|C9orf3|DNPEP|ENPEP|ERAP1|ERAP2|LAP3|LNPEP|LVRN|METAP1|METAP1D|METAP2|NPEPL1|NPEPPS|RNPEP|RNPEPL1|XPNPEP1|XPNPEP2|XPNPEP3	1.11uM	HT29	24h	LINCSCP_126624
LINCSCP_32010	0.7866019449	0.03588273784	7	SCHEMBL15422158	LSM-44565	NA	10uM	MCF7	6h	LINCSCP_32010
LINCSCP_131721	-0.7865571927	0.03590062537	7	CHEMBL585951	LSM-36386	MAPK8	0.37uM	MCF10A	3h	LINCSCP_131721
LINCSCP_212198	-0.7865213183	0.03591496802	7	Abiraterone	LSM-5658	CYP17A1	10uM	HA1E	6h	LINCSCP_212198
LINCSCP_64290	0.7865107821	0.03591918103	7	BRD-K50277523	LSM-40056	NA	5uM	VCAP	24h	LINCSCP_64290
LINCSCP_147501	0.78650431	0.0359217691	7	KW-2449	LSM-42803	ABL1|AURKA|AURKB|FLT3	10uM	NPC.CAS9	24h	LINCSCP_147501
LINCSCP_146484	0.7864995869	0.03592365783	7	SCHEMBL17378613	LSM-5749	CSF1R	10uM	NEU	24h	LINCSCP_146484
LINCSCP_203395	0.7864839501	0.0359299113	7	MEGXM0_000433	LSM-43072	NA	10uM	ASC	24h	LINCSCP_203395
LINCSCP_38521	0.7864777052	0.03593240893	7	Raloxifene	LSM-3425	ESR1|ESR2	1.11uM	MCF7	24h	LINCSCP_38521
LINCSCP_26180	-0.7864594347	0.03593971669	7	VU0447127-2	LSM-1419	NA	10uM	HT29	6h	LINCSCP_26180
LINCSCP_145728	-0.7864565751	0.03594086054	7	936890-98-1	LSM-42786	MTOR	0.04uM	MDAMB231	3h	LINCSCP_145728
LINCSCP_25397	-0.7864479204	0.03594432257	7	Sirolimus	LSM-42782	FKBP1A|MTOR	10uM	HT29	24h	LINCSCP_25397
LINCSCP_22747	0.7864126555	0.03595843105	7	Devazepide	LSM-2674	CCKAR	10uM	HEPG2	6h	LINCSCP_22747
LINCSCP_118335	0.786394123	0.03596584658	7	179324-69-7	LSM-6281	ADRM1|PSMA1|PSMA2|PSMA3|PSMA4|PSMA5|PSMA6|PSMA7|PSMA8|PSMB1|PSMB10|PSMB11|PSMB2|PSMB3|PSMB4|PSMB5|PSMB6|PSMB7|PSMB8|PSMB9|PSMC1|PSMC2|PSMC3|PSMC4|PSMC5|PSMC6|PSMD1|PSMD11|PSMD12|PSMD13|PSMD14|PSMD2|PSMD3|PSMD4|PSMD6|PSMD7|PSMD8|SEM1	20uM	HT29	24h	LINCSCP_118335
LINCSCP_110036	-0.7863872913	0.03596858044	7	LY2157299	LSM-45601	TGFBR1	10uM	HELA	24h	LINCSCP_110036
LINCSCP_117346	-0.7863850591	0.03596947371	7	PFI-1	LSM-6331	NA	0.04uM	HT29	24h	LINCSCP_117346
LINCSCP_54666	0.7863660428	0.03597708417	7	Neratinib	LSM-42778	EGFR|ERBB2|ERBB4	10uM	SW948	6h	LINCSCP_54666
LINCSCP_85963	-0.7863105622	0.03599929299	7	BMS-387032	LSM-1132	CDK2|CDK7|CDK9	3.33uM	BT20	24h	LINCSCP_85963
LINCSCP_238406	0.786262809	0.03601841466	7	CHEMBL568636	LSM-3576	NA	10uM	MCF7	24h	LINCSCP_238406
LINCSCP_36397	0.7862159312	0.03603719127	7	MG-132	LSM-1107	PSMB1	10uM	MCF7	6h	LINCSCP_36397
LINCSCP_116399	0.7861696109	0.03605574992	7	SB590885	LSM-42746	NA	1.11uM	HT29	24h	LINCSCP_116399
LINCSCP_24028	0.7861605518	0.03605938013	7	BRD-K42573370-001-01-1	LSM-37084	NA	0.12uM	HEPG2	24h	LINCSCP_24028
LINCSCP_116045	-0.7861258316	0.03607329535	7	Sirolimus	LSM-42783	FKBP1A|MTOR	3.33uM	HS578T	3h	LINCSCP_116045
LINCSCP_106711	-0.7861218969	0.03607487252	7	AZD-1775	LSM-1153	WEE1	3.33uM	HELA	24h	LINCSCP_106711
LINCSCP_21758	0.7861211307	0.03607517964	7	Triacsin C	LSM-43284	ACSL1	10uM	HEPG2	6h	LINCSCP_21758
LINCSCP_25659	0.7860996758	0.03608378011	7	pyrvinium-pamoate	NA	AR	10uM	HT29	24h	LINCSCP_25659
LINCSCP_106132	0.7860925423	0.03608663991	7	SPECTRUM_000224	LSM-1905	NA	3.33uM	HELA	24h	LINCSCP_106132
LINCSCP_218660	-0.7860844275	0.03608989328	7	Manumycin-A	LSM-43075	FNTA|IKBKB	10uM	HEC108	6h	LINCSCP_218660
LINCSCP_104041	-0.7860765613	0.0360930471	7	Brivanib	LSM-5421	FGFR1|FGFR2|FGFR3|FGFR4|FLT1|FLT4|KDR	1.11uM	HELA	24h	LINCSCP_104041
LINCSCP_131290	0.7860307595	0.03611141377	7	Canertinib	LSM-1120	EGFR|ERBB2|ERBB4	10uM	MCF10A	24h	LINCSCP_131290
LINCSCP_114464	0.7860159492	0.03611735387	7	GW-5074	LSM-42779	RAF1	10uM	HME1	24h	LINCSCP_114464
LINCSCP_46034	0.7860108557	0.03611939689	7	SR-02000000240	LSM-3680	NA	10uM	PC3	6h	LINCSCP_46034
LINCSCP_126623	0.7859304272	0.03615166553	7	Tosedostat	LSM-6286	ANPEP|C9orf3|DNPEP|ENPEP|ERAP1|ERAP2|LAP3|LNPEP|LVRN|METAP1|METAP1D|METAP2|NPEPL1|NPEPPS|RNPEP|RNPEPL1|XPNPEP1|XPNPEP2|XPNPEP3	3.33uM	HT29	24h	LINCSCP_126623
LINCSCP_159348	-0.7859276327	0.03615278696	7	Penciclovir	LSM-5587	NA	0.12uM	PC3	24h	LINCSCP_159348
LINCSCP_77126	0.7859173038	0.03615693226	7	179324-69-7	LSM-6281	ADRM1|PSMA1|PSMA2|PSMA3|PSMA4|PSMA5|PSMA6|PSMA7|PSMA8|PSMB1|PSMB10|PSMB11|PSMB2|PSMB3|PSMB4|PSMB5|PSMB6|PSMB7|PSMB8|PSMB9|PSMC1|PSMC2|PSMC3|PSMC4|PSMC5|PSMC6|PSMD1|PSMD11|PSMD12|PSMD13|PSMD14|PSMD2|PSMD3|PSMD4|PSMD6|PSMD7|PSMD8|SEM1	20uM	A375	24h	LINCSCP_77126
LINCSCP_44906	-0.7859127893	0.03615874414	7	CHEMBL259628	LSM-6222	PTPN1	10uM	PC3	24h	LINCSCP_44906
LINCSCP_30583	0.7858863069	0.03616937375	7	Selumetinib	LSM-1056	MAP2K1|MAP2K2	80uM	MCF7	24h	LINCSCP_30583
LINCSCP_147621	-0.7858742058	0.03617423152	7	MLN-0128	LSM-1206	MTOR	1.11uM	NPC.CAS9	24h	LINCSCP_147621
LINCSCP_21428	0.7858363716	0.03618942175	7	Sorafenib	LSM-1008	BRAF|DDR2|FGFR1|FLT1|FLT3|FLT4|KDR|KIT|PDGFRB|RAF1|RET	10uM	HEK293T	24h	LINCSCP_21428
LINCSCP_82026	0.7858321679	0.03619110972	7	PD-0325901	LSM-1101	MAP2K1|MAP2K2	10uM	A549	24h	LINCSCP_82026
LINCSCP_104187	0.7857302322	0.03623205502	7	Aliskiren	LSM-2653	REN	0.12uM	HELA	24h	LINCSCP_104187
LINCSCP_63782	0.7857006227	0.03624395329	7	BRD-K19405573	LSM-9598	NA	5uM	VCAP	6h	LINCSCP_63782
LINCSCP_139173	-0.7856745122	0.03625444735	7	Nateglinide	LSM-5555	ABCC8|KCNJ11	0.37uM	MCF7	24h	LINCSCP_139173
LINCSCP_119138	0.7856458582	0.03626596563	7	179324-69-7	LSM-6281	ADRM1|PSMA1|PSMA2|PSMA3|PSMA4|PSMA5|PSMA6|PSMA7|PSMA8|PSMB1|PSMB10|PSMB11|PSMB2|PSMB3|PSMB4|PSMB5|PSMB6|PSMB7|PSMB8|PSMB9|PSMC1|PSMC2|PSMC3|PSMC4|PSMC5|PSMC6|PSMD1|PSMD11|PSMD12|PSMD13|PSMD14|PSMD2|PSMD3|PSMD4|PSMD6|PSMD7|PSMD8|SEM1	20uM	HT29	24h	LINCSCP_119138
LINCSCP_160069	-0.7856438565	0.03626677031	7	Doxifluridine	LSM-45881	NA	0.04uM	PC3	24h	LINCSCP_160069
LINCSCP_130037	0.7856351836	0.03627025706	7	AS-605240	LSM-42784	PIK3CG	0.04uM	LNCAP	24h	LINCSCP_130037
LINCSCP_156802	0.7856349789	0.03627033938	7	179324-69-7	LSM-6281	ADRM1|PSMA1|PSMA2|PSMA3|PSMA4|PSMA5|PSMA6|PSMA7|PSMA8|PSMB1|PSMB10|PSMB11|PSMB2|PSMB3|PSMB4|PSMB5|PSMB6|PSMB7|PSMB8|PSMB9|PSMC1|PSMC2|PSMC3|PSMC4|PSMC5|PSMC6|PSMD1|PSMD11|PSMD12|PSMD13|PSMD14|PSMD2|PSMD3|PSMD4|PSMD6|PSMD7|PSMD8|SEM1	20uM	PC3	24h	LINCSCP_156802
LINCSCP_127411	0.7856328049	0.0362712134	7	179324-69-7	LSM-6281	ADRM1|PSMA1|PSMA2|PSMA3|PSMA4|PSMA5|PSMA6|PSMA7|PSMA8|PSMB1|PSMB10|PSMB11|PSMB2|PSMB3|PSMB4|PSMB5|PSMB6|PSMB7|PSMB8|PSMB9|PSMC1|PSMC2|PSMC3|PSMC4|PSMC5|PSMC6|PSMD1|PSMD11|PSMD12|PSMD13|PSMD14|PSMD2|PSMD3|PSMD4|PSMD6|PSMD7|PSMD8|SEM1	20uM	HT29	24h	LINCSCP_127411
LINCSCP_161191	-0.7856229773	0.03627516465	7	NVP DPP 728 dihydrochloride	LSM-45615	NA	0.04uM	PC3	24h	LINCSCP_161191
LINCSCP_146950	0.7856162917	0.03627785279	7	Resveratrol	LSM-42917	PTGS1|PTGS2|SIRT1	0.04uM	NEU	24h	LINCSCP_146950
LINCSCP_261580	0.7855825519	0.03629142051	7	MLS-0315872.0001	LSM-4863	NA	10uM	NPC	24h	LINCSCP_261580
LINCSCP_42903	0.7855624618	0.0362995006	7	Erythromycin Ethylsuccinate	LSM-3144	ABCB1|ALB|CYP3A4|CYP51A1|KCNH2|MLNR|SLC47A1	10uM	NPC	24h	LINCSCP_42903
LINCSCP_119467	-0.7855474371	0.03630554414	7	Ridaforolimus (Deforolimus, MK-8669)	LSM-45997	MTOR	0.04uM	HT29	24h	LINCSCP_119467
LINCSCP_33810	-0.7855450421	0.03630650752	7	AC1O9ZTN	LSM-2009	NA	10uM	MCF7	24h	LINCSCP_33810
LINCSCP_34536	0.785534052	0.03631092859	7	Lofexidine	LSM-4951	ADRA2A	10uM	MCF7	6h	LINCSCP_34536
LINCSCP_51565	-0.7855300241	0.036312549	7	PDK1 Inhibitor	LSM-1081	PDPK1	1uM	SKBR3	6h	LINCSCP_51565
LINCSCP_104261	0.7855282641	0.03631325705	7	Alvelestat	LSM-45793	NA	10uM	HELA	24h	LINCSCP_104261
LINCSCP_18193	-0.7855278034	0.03631344236	7	Nobiletin	LSM-2130	MAP2K1	10uM	HCC515	24h	LINCSCP_18193
LINCSCP_21910	-0.7855216849	0.03631590394	7	MLS003178538	LSM-3562	NA	10uM	HEPG2	6h	LINCSCP_21910
LINCSCP_1053	0.7855183159	0.03631725936	7	VX-11E	LSM-6291	MAPK1	0.5uM	A375	6h	LINCSCP_1053
LINCSCP_72795	-0.7855046895	0.03632274188	7	Benzbromarone	LSM-2239	NA	3.33uM	A375	24h	LINCSCP_72795
LINCSCP_20029	0.7854877531	0.03632955678	7	MLS002729057	LSM-3764	NA	10uM	HCC515	6h	LINCSCP_20029
LINCSCP_236831	0.7854875905	0.03632962221	7	N-(4-Methoxybenzyl)-1-(naphthalen-1-yl)methanamine	LSM-2737	NA	10uM	MCF7	24h	LINCSCP_236831
LINCSCP_292155	-0.7853676985	0.0363778851	7	MLS001065848	LSM-3392	NA	10uM	VCAP	6h	LINCSCP_292155
LINCSCP_84551	0.7853451137	0.03638698066	7	Entinostat	LSM-4811	HDAC1|HDAC10|HDAC11|HDAC2|HDAC3|HDAC4|HDAC5|HDAC6|HDAC7|HDAC8|HDAC9	0.37uM	ASC	24h	LINCSCP_84551
LINCSCP_131720	-0.7853425639	0.0363880076	7	CHEMBL585951	LSM-36386	MAPK8	1.11uM	MCF10A	3h	LINCSCP_131720
LINCSCP_2128	-0.7853162017	0.0363986262	7	CHEMBL2354474	LSM-37873	NA	10uM	A375	6h	LINCSCP_2128
LINCSCP_117195	-0.7853106781	0.0364008513	7	AT 7867	LSM-1155	NA	1.11uM	HT29	24h	LINCSCP_117195
LINCSCP_134916	0.7853069689	0.03640234556	7	179324-69-7	LSM-6281	ADRM1|PSMA1|PSMA2|PSMA3|PSMA4|PSMA5|PSMA6|PSMA7|PSMA8|PSMB1|PSMB10|PSMB11|PSMB2|PSMB3|PSMB4|PSMB5|PSMB6|PSMB7|PSMB8|PSMB9|PSMC1|PSMC2|PSMC3|PSMC4|PSMC5|PSMC6|PSMD1|PSMD11|PSMD12|PSMD13|PSMD14|PSMD2|PSMD3|PSMD4|PSMD6|PSMD7|PSMD8|SEM1	20uM	MCF7	24h	LINCSCP_134916
LINCSCP_43570	0.7852984095	0.03640579378	7	NO-ASA	LSM-36980	PTGS2	10uM	NPC	6h	LINCSCP_43570
LINCSCP_85204	-0.7852690322	0.03641763019	7	CGP 60474	LSM-1025	CDK1	0.12uM	BT20	24h	LINCSCP_85204
LINCSCP_38581	0.7852640975	0.03641961863	7	4L7B	LSM-36813	KEAP1	10uM	MCF7	24h	LINCSCP_38581
LINCSCP_63261	0.785256931	0.03642250648	7	BRD-K07686903	LSM-8892	NA	5uM	VCAP	6h	LINCSCP_63261
LINCSCP_36941	-0.7852471555	0.0364264459	7	Ruxolitinib	LSM-1139	JAK1|JAK2|TYK2	10uM	MCF7	6h	LINCSCP_36941
LINCSCP_135892	0.7852254576	0.03643519074	7	MG-132	LSM-1107	PSMB1	20uM	MCF7	24h	LINCSCP_135892
LINCSCP_131641	0.7851954987	0.03644726689	7	Canertinib	LSM-1120	EGFR|ERBB2|ERBB4	3.33uM	MCF10A	3h	LINCSCP_131641
LINCSCP_141117	0.7851940999	0.03644783079	7	179324-69-7	LSM-6281	ADRM1|PSMA1|PSMA2|PSMA3|PSMA4|PSMA5|PSMA6|PSMA7|PSMA8|PSMB1|PSMB10|PSMB11|PSMB2|PSMB3|PSMB4|PSMB5|PSMB6|PSMB7|PSMB8|PSMB9|PSMC1|PSMC2|PSMC3|PSMC4|PSMC5|PSMC6|PSMD1|PSMD11|PSMD12|PSMD13|PSMD14|PSMD2|PSMD3|PSMD4|PSMD6|PSMD7|PSMD8|SEM1	20uM	MCF7	24h	LINCSCP_141117
LINCSCP_117523	0.7851693197	0.03645782121	7	PD-0325901	LSM-1101	MAP2K1|MAP2K2	1.11uM	HT29	24h	LINCSCP_117523
LINCSCP_27935	-0.7851619608	0.03646078833	7	BRD-K60994540	LSM-40606	NA	5uM	HT29	24h	LINCSCP_27935
LINCSCP_17032	-0.785144295	0.03646791175	7	Streptozotocin	LSM-6395	NA	20uM	HA1E	24h	LINCSCP_17032
LINCSCP_85064	-0.785122459	0.03647671782	7	Veliparib	LSM-1146	PARP1|PARP2	1.11uM	ASC	24h	LINCSCP_85064
LINCSCP_118783	0.7851127555	0.03648063143	7	179324-69-7	LSM-6281	ADRM1|PSMA1|PSMA2|PSMA3|PSMA4|PSMA5|PSMA6|PSMA7|PSMA8|PSMB1|PSMB10|PSMB11|PSMB2|PSMB3|PSMB4|PSMB5|PSMB6|PSMB7|PSMB8|PSMB9|PSMC1|PSMC2|PSMC3|PSMC4|PSMC5|PSMC6|PSMD1|PSMD11|PSMD12|PSMD13|PSMD14|PSMD2|PSMD3|PSMD4|PSMD6|PSMD7|PSMD8|SEM1	20uM	HT29	24h	LINCSCP_118783
LINCSCP_54833	-0.7850848135	0.03649190232	7	Sirolimus	LSM-42782	FKBP1A|MTOR	10uM	THP1	6h	LINCSCP_54833
LINCSCP_9090	-0.7850719351	0.03649709768	7	BRD-K88373420	LSM-42088	NA	10uM	A549	24h	LINCSCP_9090
LINCSCP_71637	-0.7850543439	0.03650419496	7	Indigo Red	LSM-42899	CDK1|CDK5|GSK3A	1.11uM	A375	24h	LINCSCP_71637
LINCSCP_71761	-0.7849865597	0.03653155003	7	Methocarbamol	LSM-1453	CA1	1.11uM	A375	24h	LINCSCP_71761
LINCSCP_65167	0.7849532785	0.0365449852	7	BRD-K62368279	LSM-46070	NA	10uM	VCAP	6h	LINCSCP_65167
LINCSCP_136079	0.7849293871	0.03655463153	7	179324-69-7	LSM-6281	ADRM1|PSMA1|PSMA2|PSMA3|PSMA4|PSMA5|PSMA6|PSMA7|PSMA8|PSMB1|PSMB10|PSMB11|PSMB2|PSMB3|PSMB4|PSMB5|PSMB6|PSMB7|PSMB8|PSMB9|PSMC1|PSMC2|PSMC3|PSMC4|PSMC5|PSMC6|PSMD1|PSMD11|PSMD12|PSMD13|PSMD14|PSMD2|PSMD3|PSMD4|PSMD6|PSMD7|PSMD8|SEM1	20uM	MCF7	24h	LINCSCP_136079
LINCSCP_1754	0.7849212278	0.03655792623	7	CHEMBL1731235	LSM-4006	NA	10uM	A375	6h	LINCSCP_1754
LINCSCP_156613	0.7849106855	0.03656218338	7	MG-132	LSM-1107	PSMB1	20uM	PC3	24h	LINCSCP_156613
LINCSCP_124617	0.7848345908	0.03659292014	7	MG-132	LSM-1107	PSMB1	20uM	HT29	24h	LINCSCP_124617
LINCSCP_156084	0.7848320824	0.03659393359	7	179324-69-7	LSM-6281	ADRM1|PSMA1|PSMA2|PSMA3|PSMA4|PSMA5|PSMA6|PSMA7|PSMA8|PSMB1|PSMB10|PSMB11|PSMB2|PSMB3|PSMB4|PSMB5|PSMB6|PSMB7|PSMB8|PSMB9|PSMC1|PSMC2|PSMC3|PSMC4|PSMC5|PSMC6|PSMD1|PSMD11|PSMD12|PSMD13|PSMD14|PSMD2|PSMD3|PSMD4|PSMD6|PSMD7|PSMD8|SEM1	20uM	PC3	24h	LINCSCP_156084
LINCSCP_155536	0.7847901756	0.03661086728	7	MG-132	LSM-1107	PSMB1	20uM	PC3	24h	LINCSCP_155536
LINCSCP_7706	0.7847530792	0.03662586079	7	3,5-Bis(4-methylbenzylidene)piperidin-4-one	LSM-2827	SENP2|USP1|USP2|USP7	10uM	A549	6h	LINCSCP_7706
LINCSCP_190452	-0.7847317228	0.0366344941	7	MLS000860958	LSM-2484	NA	10uM	A549	24h	LINCSCP_190452
LINCSCP_62219	0.7847265365	0.03663659086	7	BRD-K55078218	LSM-11766	NA	5uM	VCAP	6h	LINCSCP_62219
LINCSCP_121935	0.7847091828	0.03664360715	7	179324-69-7	LSM-6281	ADRM1|PSMA1|PSMA2|PSMA3|PSMA4|PSMA5|PSMA6|PSMA7|PSMA8|PSMB1|PSMB10|PSMB11|PSMB2|PSMB3|PSMB4|PSMB5|PSMB6|PSMB7|PSMB8|PSMB9|PSMC1|PSMC2|PSMC3|PSMC4|PSMC5|PSMC6|PSMD1|PSMD11|PSMD12|PSMD13|PSMD14|PSMD2|PSMD3|PSMD4|PSMD6|PSMD7|PSMD8|SEM1	20uM	HT29	24h	LINCSCP_121935
LINCSCP_131220	0.7846756392	0.0366571713	7	PD-0325901	LSM-1101	MAP2K1|MAP2K2	1.11uM	MCF10A	24h	LINCSCP_131220
LINCSCP_78941	0.7846693066	0.03665973233	7	Mazindol	LSM-45791	SLC6A2|SLC6A3|SLC6A4	0.37uM	A375	24h	LINCSCP_78941
LINCSCP_19716	0.7846527576	0.03666642559	7	MLS002276503	LSM-2660	NA	10uM	HCC515	6h	LINCSCP_19716
LINCSCP_294075	0.784598405	0.03668841335	7	Zucapsaicin	LSM-43179	TRPV1	10uM	VCAP	6h	LINCSCP_294075
LINCSCP_25952	0.7845948699	0.03668984373	7	MLS001065848	LSM-3392	NA	10uM	HT29	24h	LINCSCP_25952
LINCSCP_137974	0.7845939314	0.03669022345	7	STOCK1N-09285	LSM-1332	ESR1	0.12uM	MCF7	24h	LINCSCP_137974
LINCSCP_6359	-0.7845401139	0.03671200254	7	Entecavir	LSM-5258	NA	10uM	A549	24h	LINCSCP_6359
LINCSCP_160991	-0.7845005858	0.03672800352	7	SPECTRUM1505012	LSM-1773	CYP19A1	0.37uM	PC3	24h	LINCSCP_160991
LINCSCP_190203	-0.7844986033	0.03672880612	7	Vesamicol	LSM-2313	SLC18A3	10uM	A549	6h	LINCSCP_190203
LINCSCP_152244	0.7844775246	0.03673734048	7	TAK-715	LSM-1060	MAPK14	0.04uM	PC3	24h	LINCSCP_152244
LINCSCP_131428	0.7844633833	0.03674306664	7	Gefitinib	LSM-1098	EGFR	1.11uM	MCF10A	24h	LINCSCP_131428
LINCSCP_57841	0.7844565814	0.03674582106	7	SR-02000000477	LSM-4204	NA	10uM	VCAP	24h	LINCSCP_57841
LINCSCP_126701	-0.7844562836	0.03674594164	7	AZD2014	LSM-45472	MTOR	3.33uM	HT29	24h	LINCSCP_126701
LINCSCP_121566	-0.7844533044	0.03674714812	7	Ciprofloxacin	LSM-5226	NA	3.33uM	HT29	24h	LINCSCP_121566
LINCSCP_146553	0.7844398353	0.03675260286	7	BMS-777607	LSM-1144	AXL|MERTK|MET|MST1R|TYRO3	0.12uM	NEU	24h	LINCSCP_146553
LINCSCP_295367	0.7844356667	0.03675429118	7	PDK1 Inhibitor	LSM-1081	PDPK1	10uM	VCAP	6h	LINCSCP_295367
LINCSCP_244828	-0.7843935245	0.03677136138	7	Fosfosal	LSM-5426	PTGS1|PTGS2	10uM	MCF7	6h	LINCSCP_244828
LINCSCP_125969	0.7843769231	0.03677808718	7	179324-69-7	LSM-6281	ADRM1|PSMA1|PSMA2|PSMA3|PSMA4|PSMA5|PSMA6|PSMA7|PSMA8|PSMB1|PSMB10|PSMB11|PSMB2|PSMB3|PSMB4|PSMB5|PSMB6|PSMB7|PSMB8|PSMB9|PSMC1|PSMC2|PSMC3|PSMC4|PSMC5|PSMC6|PSMD1|PSMD11|PSMD12|PSMD13|PSMD14|PSMD2|PSMD3|PSMD4|PSMD6|PSMD7|PSMD8|SEM1	20uM	HT29	24h	LINCSCP_125969
LINCSCP_220633	0.7843523843	0.03678802995	7	Alprenolol	LSM-1238	ADRB1|ADRB2	10uM	HEPG2	6h	LINCSCP_220633
LINCSCP_116620	-0.7843463554	0.036790473	7	SCHEMBL17052537	LSM-5803	BTK|JAK3|MKNK2|MTOR|PRKDC	3.33uM	HT29	24h	LINCSCP_116620
LINCSCP_164515	-0.784314976	0.03680319014	7	BS-181	LSM-6305	NA	0.12uM	SKL.C	24h	LINCSCP_164515
LINCSCP_88188	0.7843029125	0.03680807974	7	Lapatinib	LSM-1051	EGFR|ERBB2	3.33uM	HA1E	24h	LINCSCP_88188
LINCSCP_57923	0.7842778555	0.03681823711	7	CID 78435479	LSM-5011	CACNA1C|CACNA1D|CACNA1F|CACNA1S|NR3C2	10uM	VCAP	24h	LINCSCP_57923
LINCSCP_48421	0.7842347646	0.03683570849	7	BRD-K07516181	LSM-8874	NA	10uM	PC3	24h	LINCSCP_48421
LINCSCP_129	0.7841889411	0.0368542929	7	AC1L2X6Z	LSM-3132	RARA|RARB	10uM	A375	6h	LINCSCP_129
LINCSCP_242234	0.7841808992	0.03685755491	7	Promazine	LSM-2137	CHRM5|DRD2|DRD3|DRD4|HTR2A	10uM	MCF7	6h	LINCSCP_242234
LINCSCP_51108	0.7841718884	0.03686121017	7	Phloretin	LSM-6221	NA	100uM	RMUGS	6h	LINCSCP_51108
LINCSCP_114152	0.7841491095	0.0368704514	7	GSK J4	LSM-6328	NA	0.37uM	HME1	24h	LINCSCP_114152
LINCSCP_125250	0.7841435639	0.0368727014	7	179324-69-7	LSM-6281	ADRM1|PSMA1|PSMA2|PSMA3|PSMA4|PSMA5|PSMA6|PSMA7|PSMA8|PSMB1|PSMB10|PSMB11|PSMB2|PSMB3|PSMB4|PSMB5|PSMB6|PSMB7|PSMB8|PSMB9|PSMC1|PSMC2|PSMC3|PSMC4|PSMC5|PSMC6|PSMD1|PSMD11|PSMD12|PSMD13|PSMD14|PSMD2|PSMD3|PSMD4|PSMD6|PSMD7|PSMD8|SEM1	20uM	HT29	24h	LINCSCP_125250
LINCSCP_5383	-0.784140434	0.03687397129	7	KUC103656	LSM-2531	NA	10uM	A549	24h	LINCSCP_5383
LINCSCP_16686	-0.7841193893	0.03688251055	7	MLS-0315771.0002	LSM-4882	NA	10uM	HA1E	6h	LINCSCP_16686
LINCSCP_31402	0.7841100205	0.03688631248	7	MLS002264419	LSM-3651	NA	10uM	MCF7	24h	LINCSCP_31402
LINCSCP_35589	0.7841033722	0.0368890105	7	CHEMBL2333346	LSM-36791	NA	10uM	MCF7	6h	LINCSCP_35589
LINCSCP_152280	-0.7840757098	0.0369002378	7	galantamine	NA	NA	0.04uM	PC3	24h	LINCSCP_152280
LINCSCP_112734	0.784038529	0.03691533127	7	N-(3-Fluoro-4-((7-methoxyquinolin-4-yl)oxy)phenyl)-1-(2-hydroxy-2-methylpropyl)-5-methyl-3-oxo-2-phenyl-2,3-dihydro-1H-pyrazole-4-carboxamide	LSM-1113	NA	10uM	HEPG2	24h	LINCSCP_112734
LINCSCP_285494	-0.7840198111	0.03692293103	7	SB525334	LSM-1121	TGFBR1	0.5uM	SKBR3	6h	LINCSCP_285494
LINCSCP_298938	-0.7839933577	0.03693367304	7	BRD-K31039264	LSM-7252	NA	5uM	VCAP	6h	LINCSCP_298938
LINCSCP_137792	0.7839884833	0.0369356526	7	179324-69-7	LSM-6281	ADRM1|PSMA1|PSMA2|PSMA3|PSMA4|PSMA5|PSMA6|PSMA7|PSMA8|PSMB1|PSMB10|PSMB11|PSMB2|PSMB3|PSMB4|PSMB5|PSMB6|PSMB7|PSMB8|PSMB9|PSMC1|PSMC2|PSMC3|PSMC4|PSMC5|PSMC6|PSMD1|PSMD11|PSMD12|PSMD13|PSMD14|PSMD2|PSMD3|PSMD4|PSMD6|PSMD7|PSMD8|SEM1	20uM	MCF7	24h	LINCSCP_137792
LINCSCP_12794	-0.7839555804	0.0369490164	7	Dactolisib	LSM-4255	MTOR|PIK3CA|PIK3CB|PIK3CD|PIK3CG|PIK3R1|PIK3R2|PIK3R3|PIK3R5	0.5uM	DV90	6h	LINCSCP_12794
LINCSCP_34213	0.7839426661	0.03695426242	7	AK-968/11369213	LSM-6608	NA	10uM	MCF7	6h	LINCSCP_34213
LINCSCP_82993	-0.7839262301	0.03696093955	7	Tivantinib	LSM-1131	MET	10uM	ASC.C	24h	LINCSCP_82993
LINCSCP_27174	0.7839106843	0.03696725569	7	Merck-Ketone	LSM-36779	NA	10uM	HT29	6h	LINCSCP_27174
LINCSCP_141560	0.7839033586	0.03697023227	7	MG-132	LSM-1107	PSMB1	20uM	MCF7	24h	LINCSCP_141560
LINCSCP_67061	0.7839012003	0.03697110924	7	Vorinostat	LSM-3828	HDAC1|HDAC2|HDAC3|HDAC6|HDAC8	10uM	HT29	24h	LINCSCP_67061
LINCSCP_46184	-0.7838921738	0.03697477713	7	AC1MG7IW	LSM-4330	NA	10uM	PC3	24h	LINCSCP_46184
LINCSCP_57216	0.7838615951	0.03698720417	7	179324-69-7	LSM-6281	ADRM1|PSMA1|PSMA2|PSMA3|PSMA4|PSMA5|PSMA6|PSMA7|PSMA8|PSMB1|PSMB10|PSMB11|PSMB2|PSMB3|PSMB4|PSMB5|PSMB6|PSMB7|PSMB8|PSMB9|PSMC1|PSMC2|PSMC3|PSMC4|PSMC5|PSMC6|PSMD1|PSMD11|PSMD12|PSMD13|PSMD14|PSMD2|PSMD3|PSMD4|PSMD6|PSMD7|PSMD8|SEM1	0.01uM	VCAP	6h	LINCSCP_57216
LINCSCP_33250	0.7838219743	0.03700330927	7	Halcinonide	LSM-3832	NR3C1	10uM	MCF7	6h	LINCSCP_33250
LINCSCP_22570	-0.7838204348	0.03700393514	7	ZSTK 474	LSM-1053	PIK3CG	10uM	HEPG2	6h	LINCSCP_22570
LINCSCP_144583	0.7838089786	0.03700859264	7	Neratinib	LSM-42778	EGFR|ERBB2|ERBB4	1.11uM	MDAMB231	24h	LINCSCP_144583
LINCSCP_124676	0.7837735949	0.03702297991	7	PD-0325901	LSM-1101	MAP2K1|MAP2K2	0.37uM	HT29	24h	LINCSCP_124676
LINCSCP_61134	-0.7837134096	0.03704745878	7	BRD-K49014970	LSM-11409	NA	5uM	VCAP	6h	LINCSCP_61134
LINCSCP_120594	0.7837133045	0.03704750153	7	Moxonidine	LSM-3743	NISCH	3.33uM	HT29	24h	LINCSCP_120594
LINCSCP_147568	0.7837117659	0.03704812742	7	Rebastinib	LSM-6708	ABL1	1.11uM	NPC.CAS9	24h	LINCSCP_147568
LINCSCP_8460	-0.7836589153	0.03706963073	7	BRD-K25300451	LSM-9966	NA	5uM	A549	24h	LINCSCP_8460
LINCSCP_34585	0.7836096228	0.03708969261	7	Chlorotrianisene	LSM-5411	ESR1|ESR2	10uM	MCF7	6h	LINCSCP_34585
LINCSCP_43057	0.7835988984	0.0370940582	7	BRD-K80138901	LSM-14943	NA	10uM	NPC	24h	LINCSCP_43057
LINCSCP_19976	0.7835837818	0.03710021221	7	KUC103420N	LSM-1752	NA	10uM	HCC515	6h	LINCSCP_19976
LINCSCP_28522	0.7835773707	0.03710282233	7	Vorinostat	LSM-3828	HDAC1|HDAC2|HDAC3|HDAC6|HDAC8	10uM	HT29	24h	LINCSCP_28522
LINCSCP_19547	-0.78353003	0.03712209928	7	Cerulenin	LSM-43210	FASN	40uM	HCC515	6h	LINCSCP_19547
LINCSCP_133556	0.7834909172	0.03713803003	7	Osimertinib	LSM-6344	EGFR|ERBB2|ERBB3|ERBB4	3.33uM	MCF7	24h	LINCSCP_133556
LINCSCP_26118	0.7834836622	0.03714098544	7	CHEMBL607856	LSM-3321	NA	10uM	HT29	6h	LINCSCP_26118
LINCSCP_11902	0.7834767901	0.03714378498	7	GSK-3 Inhibitor II	LSM-1030	GSK3B	0.5uM	BT20	6h	LINCSCP_11902
LINCSCP_165044	0.7834390181	0.03715917455	7	BAY 61-3606	LSM-1167	SYK	1.11uM	SKL.C	24h	LINCSCP_165044
LINCSCP_54327	-0.7834284517	0.03716348029	7	Fluspirilene	LSM-3748	DRD2|HTR2A	5uM	SW620	6h	LINCSCP_54327
LINCSCP_116452	0.7834233603	0.0371655551	7	13-Hydroxy-8,14,19-trimethoxy-4,10,12,16-tetramethyl-3,20,22-trioxo-2-azabicyclo[16.3.1]docosa-1(21),4,6,10,18-pentaen-9-yl carbamate	LSM-42815	HSP90AA1	3.33uM	HT29	24h	LINCSCP_116452
LINCSCP_142442	-0.7833982585	0.03717578535	7	Phenylbutanoic acid	LSM-5751	NA	0.37uM	MCF7	24h	LINCSCP_142442
LINCSCP_310118	-0.7833919862	0.03717834189	7	BRD-K21994180	LSM-38461	NA	30uM	VCAP	6h	LINCSCP_310118
LINCSCP_43077	0.7833875421	0.03718015331	7	CHEMBL2358729	LSM-42483	NA	10uM	NPC	24h	LINCSCP_43077
LINCSCP_30427	0.7833818387	0.03718247809	7	Artesunate	LSM-4916	NA	10uM	MCF7	24h	LINCSCP_30427
LINCSCP_26731	0.783380141	0.03718317013	7	Pimasertib	LSM-5946	MAP2K1|MAP2K2	10uM	HT29	6h	LINCSCP_26731
LINCSCP_42733	0.7833765606	0.03718462959	7	Fccp	LSM-2317	NA	10uM	NPC	24h	LINCSCP_42733
LINCSCP_52761	0.7833723677	0.03718633877	7	Metergoline	LSM-3265	HTR1A|HTR2A	10uM	SKB	24h	LINCSCP_52761
LINCSCP_25434	-0.7833536324	0.03719397659	7	BRD-A81936046	LSM-4484	NA	10uM	HT29	24h	LINCSCP_25434
LINCSCP_142998	0.7833300846	0.03720357753	7	MG-132	LSM-1107	PSMB1	20uM	MCF7	24h	LINCSCP_142998
LINCSCP_84363	-0.7833278575	0.03720448561	7	Idelalisib	LSM-1205	PIK3CD|PIK3CG	0.04uM	ASC	24h	LINCSCP_84363
LINCSCP_278710	0.7833253979	0.03720548856	7	BRD-K84023371	LSM-15058	NA	0.1uM	PC3	6h	LINCSCP_278710
LINCSCP_292117	-0.7833127735	0.03721063649	7	MLS002699429	LSM-44942	NA	10uM	VCAP	6h	LINCSCP_292117
LINCSCP_68469	0.7833112256	0.03721126774	7	Vorinostat	LSM-3828	HDAC1|HDAC2|HDAC3|HDAC6|HDAC8	10uM	VCAP	24h	LINCSCP_68469
LINCSCP_129677	0.7832837949	0.03722245483	7	PD-0325901	LSM-1101	MAP2K1|MAP2K2	3.33uM	JURKAT	24h	LINCSCP_129677
LINCSCP_39591	0.7832748826	0.03722608996	7	TPCA-1	LSM-1136	IKBKB	10uM	MDAMB231	6h	LINCSCP_39591
LINCSCP_111362	-0.7832728416	0.03722692246	7	AZD-6482	LSM-1059	PIK3CA|PIK3CB|PIK3CD|PIK3CG|PIK3R1|PIK3R2|PIK3R3|PIK3R5	3.33uM	HEPG2	24h	LINCSCP_111362
LINCSCP_32768	0.7832713936	0.03722751306	7	U-0126	LSM-42807	MAP2K1|MAP2K2	10uM	MCF7	6h	LINCSCP_32768
LINCSCP_27215	0.7832678253	0.03722896858	7	CHEMBL2141330	LSM-39999	NA	10uM	HT29	6h	LINCSCP_27215
LINCSCP_253904	0.7832170436	0.03724968588	7	BRD-K31315646	LSM-14790	NA	0.5uM	MCF7	24h	LINCSCP_253904
LINCSCP_58358	-0.78320605	0.03725417175	7	BRD-K30194621	LSM-38918	NA	10uM	VCAP	24h	LINCSCP_58358
LINCSCP_26651	0.783200449	0.03725645734	7	Genistein	LSM-5549	CFTR|ESR2	10uM	HT29	6h	LINCSCP_26651
LINCSCP_7422	0.7831681002	0.03726965925	7	M3M3FBS	LSM-2196	PLCB2|PLCB3|PLCD1|PLCG1|PLCG2	10uM	A549	6h	LINCSCP_7422
LINCSCP_138235	0.7831424428	0.0372801322	7	179324-69-7	LSM-6281	ADRM1|PSMA1|PSMA2|PSMA3|PSMA4|PSMA5|PSMA6|PSMA7|PSMA8|PSMB1|PSMB10|PSMB11|PSMB2|PSMB3|PSMB4|PSMB5|PSMB6|PSMB7|PSMB8|PSMB9|PSMC1|PSMC2|PSMC3|PSMC4|PSMC5|PSMC6|PSMD1|PSMD11|PSMD12|PSMD13|PSMD14|PSMD2|PSMD3|PSMD4|PSMD6|PSMD7|PSMD8|SEM1	20uM	MCF7	24h	LINCSCP_138235
LINCSCP_112171	-0.7831336255	0.03728373165	7	Motesanib	LSM-1042	FLT1|FLT4|KDR|KIT|PDGFRA|PDGFRB|RET	1.11uM	HEPG2	24h	LINCSCP_112171
LINCSCP_155778	0.7830960544	0.03729907134	7	Mozavaptan	LSM-45912	NA	0.12uM	PC3	24h	LINCSCP_155778
LINCSCP_15057	-0.7830863673	0.03730302699	7	Zimelidine (E-Isomer)	LSM-42965	SLC6A4	10uM	HA1E	24h	LINCSCP_15057
LINCSCP_241819	0.7830761091	0.03730721611	7	Clemastine	LSM-2655	HRH1	10uM	MCF7	6h	LINCSCP_241819
LINCSCP_35654	0.7830754774	0.0373074741	7	Wortmannin	LSM-3947	PIK3CA|PIK3CG|PLK1	10uM	MCF7	24h	LINCSCP_35654
LINCSCP_4980	-0.7830441903	0.03732025238	7	172516-41-5	LSM-3332	NA	10uM	A549	24h	LINCSCP_4980
LINCSCP_43359	-0.7830409125	0.03732159124	7	N-Methyltyramine	LSM-37200	NA	10uM	NPC	6h	LINCSCP_43359
LINCSCP_310750	0.7830381218	0.03732273117	7	13-Methyl-7-[9-(4,4,5,5,5-pentafluoropentylsulfinyl)nonyl]-6,7,8,9,11,12,14,15,16,17-decahydrocyclopenta[a]phenanthrene-3,17-diol	LSM-1895	ESR1	1uM	VCAP	24h	LINCSCP_310750
LINCSCP_12820	0.7830267818	0.03732736343	7	Isoliquiritigenin	LSM-43093	GABBR1	10uM	DV90	6h	LINCSCP_12820
LINCSCP_203002	-0.7829935541	0.0373409384	7	MLS000106215	LSM-4009	NA	100uM	A673	6h	LINCSCP_203002
LINCSCP_148704	0.782987332	0.0373434807	7	PD-0325901	LSM-1101	MAP2K1|MAP2K2	3.33uM	NPC	24h	LINCSCP_148704
LINCSCP_14817	-0.7829848584	0.03734449142	7	16Beta-hydroxydisitoxigenin	LSM-1432	ATP1A1	10uM	HA1E	6h	LINCSCP_14817
LINCSCP_22666	0.7829714628	0.03734996519	7	SPECTRUM2_000920	LSM-1590	NA	10uM	HEPG2	6h	LINCSCP_22666
LINCSCP_117108	-0.7829408553	0.03736247381	7	MLN-0128	LSM-1206	MTOR	0.04uM	HT29	24h	LINCSCP_117108
LINCSCP_75034	-0.7829182604	0.03737170932	7	Brexpiprazole	LSM-45790	DRD2|HTR1A|HTR2A	0.12uM	A375	24h	LINCSCP_75034
LINCSCP_205797	0.7829175465	0.03737200114	7	MLN 2238	LSM-4944	PSMB1	10uM	CL34	6h	LINCSCP_205797
LINCSCP_42168	0.7829113859	0.03737451949	7	CHEMBL2134949	LSM-40355	NA	10uM	NPC	24h	LINCSCP_42168
LINCSCP_4553	-0.7829090223	0.03737548569	7	TSU-68	LSM-43215	AURKA|AURKB|FGFR1|FGFR2|FGFR3|FGFR4|KDR|PDGFRA|PDGFRB	5uM	A549	24h	LINCSCP_4553
LINCSCP_56450	0.7829054706	0.03737693762	7	Benzoxiquine	LSM-3570	NA	10uM	VCAP	24h	LINCSCP_56450
LINCSCP_23973	-0.7829012461	0.03737866465	7	Enclomiphene	LSM-42850	ESR1	1.11uM	HEPG2	24h	LINCSCP_23973
LINCSCP_147620	-0.7828849922	0.03738530979	7	MLN-0128	LSM-1206	MTOR	3.33uM	NPC.CAS9	24h	LINCSCP_147620
LINCSCP_64851	0.782822921	0.03741069267	7	BRD-K02990757	LSM-37438	NA	10uM	VCAP	24h	LINCSCP_64851
LINCSCP_32983	0.7828146144	0.03741409018	7	Midodrine	LSM-1815	ADRA1A|ADRA1B|ADRA1D	10uM	MCF7	6h	LINCSCP_32983
LINCSCP_16061	0.7828054426	0.03741784183	7	KUC104132	LSM-3848	NA	10uM	HA1E	6h	LINCSCP_16061
LINCSCP_96796	0.782797252	0.03742119231	7	MG-132	LSM-1107	PSMB1	20uM	HA1E	24h	LINCSCP_96796
LINCSCP_29129	0.7827788678	0.03742871319	7	AKT Inhibitor IV	LSM-43091	AKT1	10uM	JHUEM2	6h	LINCSCP_29129
LINCSCP_21410	0.782751576	0.03743987964	7	179324-69-7	LSM-6281	ADRM1|PSMA1|PSMA2|PSMA3|PSMA4|PSMA5|PSMA6|PSMA7|PSMA8|PSMB1|PSMB10|PSMB11|PSMB2|PSMB3|PSMB4|PSMB5|PSMB6|PSMB7|PSMB8|PSMB9|PSMC1|PSMC2|PSMC3|PSMC4|PSMC5|PSMC6|PSMD1|PSMD11|PSMD12|PSMD13|PSMD14|PSMD2|PSMD3|PSMD4|PSMD6|PSMD7|PSMD8|SEM1	0.01uM	HEC108	6h	LINCSCP_21410
LINCSCP_139320	0.7827116008	0.0374562389	7	GSK1292263	LSM-45911	NA	10uM	MCF7	24h	LINCSCP_139320
LINCSCP_164518	-0.7827109259	0.03745651513	7	Idelalisib	LSM-1205	PIK3CD|PIK3CG	3.33uM	SKL.C	24h	LINCSCP_164518
LINCSCP_54034	0.7827008664	0.03746063248	7	CAY10603	LSM-4941	HDAC6	10uM	SW480	6h	LINCSCP_54034
LINCSCP_14192	0.7826548984	0.03747945031	7	Fenoldopam	LSM-1609	DRD1	10uM	HA1E	6h	LINCSCP_14192
LINCSCP_128683	0.7826181766	0.03749448682	7	SCHEMBL618594	LSM-1070	NA	1.11uM	HUVEC	24h	LINCSCP_128683
LINCSCP_69695	-0.7826084817	0.03749845715	7	CHEMBL552425	LSM-1003	DDR1	0.04uM	A375	24h	LINCSCP_69695
LINCSCP_46905	0.7825846404	0.03750822182	7	SUDAHWBOROXANE-UHFFFAOYSA-N	LSM-5068	MAP2K1	10uM	PC3	6h	LINCSCP_46905
LINCSCP_956	0.7825598981	0.03751835704	7	PNU-74654	LSM-44945	CTNNB1|TCF4	80uM	A375	6h	LINCSCP_956
LINCSCP_51063	-0.7825451419	0.03752440232	7	AC1NXRFO	LSM-43270	NA	40uM	RMUGS	6h	LINCSCP_51063
LINCSCP_86843	-0.7825296355	0.03753075557	7	Idelalisib	LSM-1205	PIK3CD|PIK3CG	0.04uM	CD34	24h	LINCSCP_86843
LINCSCP_32249	0.7824905323	0.03754677943	7	BRN 1088757	LSM-43334	NA	10uM	MCF7	24h	LINCSCP_32249
LINCSCP_137369	-0.7824621304	0.03755842047	7	Mefloquine	LSM-5525	NA	0.04uM	MCF7	24h	LINCSCP_137369
LINCSCP_32069	0.7824537074	0.0375618732	7	11K-629S	LSM-3579	NA	10uM	MCF7	6h	LINCSCP_32069
LINCSCP_57274	-0.7824492385	0.03756370512	7	MLS001065904	LSM-2412	NA	10uM	VCAP	24h	LINCSCP_57274
LINCSCP_144082	0.7824352431	0.0375694426	7	MG-132	LSM-1107	PSMB1	20uM	MCF7	24h	LINCSCP_144082
LINCSCP_155638	0.7824183831	0.03757635503	7	179324-69-7	LSM-6281	ADRM1|PSMA1|PSMA2|PSMA3|PSMA4|PSMA5|PSMA6|PSMA7|PSMA8|PSMB1|PSMB10|PSMB11|PSMB2|PSMB3|PSMB4|PSMB5|PSMB6|PSMB7|PSMB8|PSMB9|PSMC1|PSMC2|PSMC3|PSMC4|PSMC5|PSMC6|PSMD1|PSMD11|PSMD12|PSMD13|PSMD14|PSMD2|PSMD3|PSMD4|PSMD6|PSMD7|PSMD8|SEM1	20uM	PC3	24h	LINCSCP_155638
LINCSCP_9193	-0.7823769532	0.03759334394	7	CHEMBL1242477	LSM-6208	PIK3CA|PIK3CB|PIK3CD|PIK3CG	1uM	A549	24h	LINCSCP_9193
LINCSCP_36453	0.7823660863	0.03759780075	7	CI-1040	LSM-1048	MAP2K1|MAP2K2	0.1uM	MCF7	24h	LINCSCP_36453
LINCSCP_293903	0.7823613906	0.03759972668	7	Piribedil	LSM-3057	ADRA2A|DRD2|DRD3	10uM	VCAP	24h	LINCSCP_293903
LINCSCP_13659	-0.782354252	0.03760265468	7	SPECTRUM_000715	LSM-1890	NA	10uM	HA1E	24h	LINCSCP_13659
LINCSCP_212380	0.7823276393	0.03761357132	7	Azathioprine	LSM-42936	PPAT	20uM	HA1E	6h	LINCSCP_212380
LINCSCP_147517	0.7823259039	0.03761428322	7	Dasatinib	LSM-1020	ABL1|BCR|BLK|EPHA2|FGR|FRK|FYN|HCK|KIT|LCK|LYN|PDGFRB|SRC|SRMS|YES1	0.04uM	NPC.CAS9	24h	LINCSCP_147517
LINCSCP_136163	0.78232333	0.03761533915	7	MG-132	LSM-1107	PSMB1	20uM	MCF7	24h	LINCSCP_136163
LINCSCP_167177	-0.7822660159	0.03763885622	7	Sotalol	LSM-1465	ADRB1|ADRB2|KCNH2	0.37uM	YAPC	24h	LINCSCP_167177
LINCSCP_90587	0.782258906	0.03764177412	7	Tafamidis	LSM-45558	TTR	0.37uM	HA1E	24h	LINCSCP_90587
LINCSCP_234932	-0.7822511534	0.03764495594	7	CHEMBL3188944	LSM-6296	NA	0.5uM	MCF10A	24h	LINCSCP_234932
LINCSCP_59552	-0.7822437405	0.03764799847	7	Fdurd	LSM-5157	NA	10uM	VCAP	6h	LINCSCP_59552
LINCSCP_86343	-0.7822241422	0.03765604297	7	PI-103	LSM-1126	MTOR|PIK3CA|PIK3CB|PIK3CD|PIK3CG	0.37uM	BT20	3h	LINCSCP_86343
LINCSCP_271998	0.7822021012	0.03766509126	7	Clobetasol Propionate	LSM-5281	NR3C1	10uM	PC3	24h	LINCSCP_271998
LINCSCP_84899	-0.7821652749	0.03768021195	7	Dabrafenib	LSM-6303	BRAF	0.04uM	ASC	24h	LINCSCP_84899
LINCSCP_21649	-0.7821453068	0.03768841212	7	Dactolisib	LSM-4255	MTOR|PIK3CA|PIK3CB|PIK3CD|PIK3CG|PIK3R1|PIK3R2|PIK3R3|PIK3R5	0.5uM	HEPG2	6h	LINCSCP_21649
LINCSCP_124673	0.7820949468	0.03770909762	7	PD-0325901	LSM-1101	MAP2K1|MAP2K2	10uM	HT29	24h	LINCSCP_124673
LINCSCP_47806	-0.7820761794	0.03771680799	7	Racepinephrine	LSM-4958	ADRA1A|ADRA1B|ADRA1D|ADRA2A|ADRA2B|ADRA2C|ADRB1|ADRB2|ADRB3	10uM	PC3	6h	LINCSCP_47806
LINCSCP_86115	0.7820654391	0.03772122091	7	AS-605240	LSM-42784	PIK3CG	0.37uM	BT20	24h	LINCSCP_86115
LINCSCP_154643	0.7820298188	0.03773585845	7	179324-69-7	LSM-6281	ADRM1|PSMA1|PSMA2|PSMA3|PSMA4|PSMA5|PSMA6|PSMA7|PSMA8|PSMB1|PSMB10|PSMB11|PSMB2|PSMB3|PSMB4|PSMB5|PSMB6|PSMB7|PSMB8|PSMB9|PSMC1|PSMC2|PSMC3|PSMC4|PSMC5|PSMC6|PSMD1|PSMD11|PSMD12|PSMD13|PSMD14|PSMD2|PSMD3|PSMD4|PSMD6|PSMD7|PSMD8|SEM1	20uM	PC3	24h	LINCSCP_154643
LINCSCP_60902	0.7820254597	0.03773764994	7	BRD-K58590337	LSM-11964	NA	5uM	VCAP	24h	LINCSCP_60902
LINCSCP_77927	0.7820175948	0.03774088238	7	179324-69-7	LSM-6281	ADRM1|PSMA1|PSMA2|PSMA3|PSMA4|PSMA5|PSMA6|PSMA7|PSMA8|PSMB1|PSMB10|PSMB11|PSMB2|PSMB3|PSMB4|PSMB5|PSMB6|PSMB7|PSMB8|PSMB9|PSMC1|PSMC2|PSMC3|PSMC4|PSMC5|PSMC6|PSMD1|PSMD11|PSMD12|PSMD13|PSMD14|PSMD2|PSMD3|PSMD4|PSMD6|PSMD7|PSMD8|SEM1	20uM	A375	24h	LINCSCP_77927
LINCSCP_39272	-0.782008478	0.03774462957	7	AZD-8055	LSM-1007	MTOR	0.1uM	MDAMB231	6h	LINCSCP_39272
LINCSCP_57059	-0.781975424	0.03775821709	7	ALDA 1	LSM-6212	ALDH2	40uM	VCAP	6h	LINCSCP_57059
LINCSCP_85386	0.7819732418	0.03775911423	7	YM 201636	LSM-1109	NA	10uM	BT20	24h	LINCSCP_85386
LINCSCP_49994	-0.7819590034	0.03776496811	7	PF-562271	LSM-1072	PTK2|PTK2B	10uM	PHH	24h	LINCSCP_49994
LINCSCP_140375	0.7819584621	0.03776519069	7	Tipifarnib	LSM-6258	CHURC1-FNTB|FNTA|FNTB	10uM	MCF7	24h	LINCSCP_140375
LINCSCP_45221	0.7819252628	0.03777884205	7	3,5-Bis(4-methylbenzylidene)piperidin-4-one	LSM-42949	SENP2|USP1|USP2|USP7	10uM	PC3	6h	LINCSCP_45221
LINCSCP_56517	0.781860244	0.03780558536	7	Estra-1,3,5(10),7-tetraen-17-one, 3-hydroxy-	LSM-1881	HSD17B1	10uM	VCAP	6h	LINCSCP_56517
LINCSCP_31294	0.7818546683	0.03780787923	7	VU0418934-2	LSM-3990	NA	10uM	MCF7	6h	LINCSCP_31294
LINCSCP_137860	-0.7818063806	0.03782774823	7	Troglitazone	LSM-4890	PPARG	0.12uM	MCF7	24h	LINCSCP_137860
LINCSCP_77775	-0.7817901096	0.0378344446	7	LY2940680	LSM-45539	SMO	0.04uM	A375	24h	LINCSCP_77775
LINCSCP_140506	-0.7817782515	0.03783932524	7	Sorbitol	LSM-45695	NA	0.04uM	MCF7	24h	LINCSCP_140506
LINCSCP_164326	0.7817769766	0.03783984996	7	Dasatinib	LSM-1020	ABL1|BCR|BLK|EPHA2|FGR|FRK|FYN|HCK|KIT|LCK|LYN|PDGFRB|SRC|SRMS|YES1	10uM	SKL.C	24h	LINCSCP_164326
LINCSCP_310177	-0.7817722481	0.03784179629	7	BRD-K76005220	LSM-15054	NA	10uM	VCAP	6h	LINCSCP_310177
LINCSCP_57819	0.7817572651	0.03784796379	7	MLS002264419	LSM-3651	NA	10uM	VCAP	24h	LINCSCP_57819
LINCSCP_119139	0.7817568843	0.03784812056	7	179324-69-7	LSM-6281	ADRM1|PSMA1|PSMA2|PSMA3|PSMA4|PSMA5|PSMA6|PSMA7|PSMA8|PSMB1|PSMB10|PSMB11|PSMB2|PSMB3|PSMB4|PSMB5|PSMB6|PSMB7|PSMB8|PSMB9|PSMC1|PSMC2|PSMC3|PSMC4|PSMC5|PSMC6|PSMD1|PSMD11|PSMD12|PSMD13|PSMD14|PSMD2|PSMD3|PSMD4|PSMD6|PSMD7|PSMD8|SEM1	20uM	HT29	24h	LINCSCP_119139
LINCSCP_9015	-0.7817554895	0.03784869472	7	BRD-K30934336	LSM-38962	NA	10uM	A549	24h	LINCSCP_9015
LINCSCP_7254	0.7817502739	0.0378508418	7	fluticasone	NA	NR3C1|PGR	10uM	A549	24h	LINCSCP_7254
LINCSCP_83213	-0.7817344683	0.03785734882	7	MLN-0128	LSM-1206	MTOR	3.33uM	ASC.C	24h	LINCSCP_83213
LINCSCP_21089	0.7817148889	0.03786541029	7	179324-69-7	LSM-6281	ADRM1|PSMA1|PSMA2|PSMA3|PSMA4|PSMA5|PSMA6|PSMA7|PSMA8|PSMB1|PSMB10|PSMB11|PSMB2|PSMB3|PSMB4|PSMB5|PSMB6|PSMB7|PSMB8|PSMB9|PSMC1|PSMC2|PSMC3|PSMC4|PSMC5|PSMC6|PSMD1|PSMD11|PSMD12|PSMD13|PSMD14|PSMD2|PSMD3|PSMD4|PSMD6|PSMD7|PSMD8|SEM1	3uM	HCC515	6h	LINCSCP_21089
LINCSCP_56706	0.7817091307	0.03786778135	7	Rivafurazon	LSM-3779	NA	10uM	VCAP	24h	LINCSCP_56706
LINCSCP_104468	0.7816896274	0.03787581273	7	Acivicin	LSM-45583	NA	0.41uM	HELA	24h	LINCSCP_104468
LINCSCP_23475	0.781678873	0.03788024177	7	SCHEMBL16980374	LSM-6846	NA	10uM	HEPG2	24h	LINCSCP_23475
LINCSCP_40238	0.7816669644	0.03788514646	7	3,5-Bis(4-methylbenzylidene)piperidin-4-one	LSM-42949	SENP2|USP1|USP2|USP7	10uM	NCIH508	6h	LINCSCP_40238
LINCSCP_53077	-0.7816471632	0.03789330264	7	BMS 191011	LSM-4148	KCNMA1	10uM	SKLU1	6h	LINCSCP_53077
LINCSCP_139346	0.7816306405	0.0379001091	7	Paricalcitol	LSM-45519	VDR	1.11uM	MCF7	24h	LINCSCP_139346
LINCSCP_2007	0.7816247135	0.03790255087	7	4-[(5-Bromoquinolin-8-yl)amino]-4-oxobutanoic acid	LSM-4561	NA	10uM	A375	6h	LINCSCP_2007
LINCSCP_69901	0.7816068015	0.03790993068	7	HG-9-91-01	LSM-6343	NA	3.33uM	A375	24h	LINCSCP_69901
LINCSCP_59583	0.7816059892	0.03791026538	7	MLS002473918	LSM-6112	NA	10uM	VCAP	6h	LINCSCP_59583
LINCSCP_151085	-0.7815970554	0.03791394649	7	Momelotinib	LSM-1141	JAK1|JAK2	0.12uM	PC3	24h	LINCSCP_151085
LINCSCP_222945	-0.7815788141	0.03792146324	7	CYTO7H11	LSM-4351	BAX	10uM	HT115	6h	LINCSCP_222945
LINCSCP_56536	0.7815713847	0.03792452494	7	NU-7026	LSM-2191	PRKDC	10uM	VCAP	6h	LINCSCP_56536
LINCSCP_7670	0.7815521572	0.03793244933	7	YM 976	LSM-2271	PDE4A	10uM	A549	6h	LINCSCP_7670
LINCSCP_62654	0.7815508056	0.0379330064	7	BRD-K44781836	LSM-11153	NA	5uM	VCAP	24h	LINCSCP_62654
LINCSCP_270236	-0.7815398496	0.03793752225	7	BRD-K30194621	LSM-38918	NA	10uM	PC3	24h	LINCSCP_270236
LINCSCP_107676	-0.7815162127	0.03794726587	7	NXY 059	LSM-45683	NA	10uM	HELA	24h	LINCSCP_107676
LINCSCP_67055	0.7814952275	0.03795591763	7	13-Hydroxy-8,14,19-trimethoxy-4,10,12,16-tetramethyl-3,20,22-trioxo-2-azabicyclo[16.3.1]docosa-1(21),4,6,10,18-pentaen-9-yl carbamate	LSM-42815	HSP90AA1	10uM	HT29	6h	LINCSCP_67055
LINCSCP_131447	0.7814710301	0.03796589504	7	AS-605240	LSM-42784	PIK3CG	0.37uM	MCF10A	24h	LINCSCP_131447
LINCSCP_57032	-0.7814625411	0.03796939567	7	IN1549	LSM-4488	NA	10uM	VCAP	6h	LINCSCP_57032
LINCSCP_144934	0.7814588411	0.03797092151	7	Neratinib	LSM-42778	EGFR|ERBB2|ERBB4	3.33uM	MDAMB231	3h	LINCSCP_144934
LINCSCP_138152	0.7814530311	0.03797331757	7	179324-69-7	LSM-6281	ADRM1|PSMA1|PSMA2|PSMA3|PSMA4|PSMA5|PSMA6|PSMA7|PSMA8|PSMB1|PSMB10|PSMB11|PSMB2|PSMB3|PSMB4|PSMB5|PSMB6|PSMB7|PSMB8|PSMB9|PSMC1|PSMC2|PSMC3|PSMC4|PSMC5|PSMC6|PSMD1|PSMD11|PSMD12|PSMD13|PSMD14|PSMD2|PSMD3|PSMD4|PSMD6|PSMD7|PSMD8|SEM1	20uM	MCF7	24h	LINCSCP_138152
LINCSCP_19808	0.7814514475	0.03797397067	7	BRD-U88878891	LSM-42709	NA	10uM	HCC515	6h	LINCSCP_19808
LINCSCP_91983	-0.7814371277	0.03797987657	7	Andarine	LSM-5880	AR	0.04uM	HA1E	24h	LINCSCP_91983
LINCSCP_65901	0.7814181474	0.03798770541	7	BRD-K98327170	LSM-42600	NA	10uM	VCAP	6h	LINCSCP_65901
LINCSCP_30853	0.7813674612	0.03800861639	7	3,5-Bis(4-methylbenzylidene)piperidin-4-one	LSM-42949	SENP2|USP1|USP2|USP7	10uM	MCF7	6h	LINCSCP_30853
LINCSCP_88916	-0.7813567	0.03801305683	7	BRD-A01645196	LSM-42745	NA	10uM	HA1E	24h	LINCSCP_88916
LINCSCP_79033	-0.781333385	0.0380226784	7	Escitalopram	LSM-3569	SLC6A4	10uM	A375	24h	LINCSCP_79033
LINCSCP_151426	-0.781314047	0.03803065978	7	QL47	LSM-6019	BMX|BTK	0.37uM	PC3	24h	LINCSCP_151426
LINCSCP_117810	-0.7813107336	0.0380320274	7	GSK-2334470	LSM-1222	PDK1|PDPK1	0.37uM	HT29	24h	LINCSCP_117810
LINCSCP_171820	-0.7812983285	0.03803714793	7	Ivacaftor (VX-770)	LSM-45975	CFTR	0.12uM	YAPC	24h	LINCSCP_171820
LINCSCP_74507	0.7812965832	0.03803786838	7	Bemegride	LSM-2325	GABRA1	3.33uM	A375	24h	LINCSCP_74507
LINCSCP_81689	-0.7812813004	0.0380441774	7	QL47	LSM-6019	BMX|BTK	1.11uM	A549	24h	LINCSCP_81689
LINCSCP_37791	-0.7812422618	0.03806029577	7	Chelidonine	LSM-2715	NA	3uM	MCF7	6h	LINCSCP_37791
LINCSCP_118402	0.7812373113	0.03806234001	7	Regorafenib	LSM-1226	ABL1|BRAF|DDR2|FGFR1|FGFR2|FLT1|FLT4|FRK|KDR|KIT|MAPK11|PDGFRA|PDGFRB|RAF1|RET|TEK	3.33uM	HT29	24h	LINCSCP_118402
LINCSCP_62443	0.781232664	0.03806425911	7	BRD-K30438246	LSM-10263	NA	5uM	VCAP	24h	LINCSCP_62443
LINCSCP_48982	0.7812060984	0.03807523041	7	CHEMBL2356076	LSM-40121	NA	10uM	PC3	24h	LINCSCP_48982
LINCSCP_58130	-0.7811991423	0.0380781035	7	Indinavir	LSM-5471	CYP3A4|CYP3A5|CYP3A7	10uM	VCAP	24h	LINCSCP_58130
LINCSCP_46205	-0.7811931185	0.03808059162	7	6-Aminochrysene	LSM-4506	NA	10uM	PC3	24h	LINCSCP_46205
LINCSCP_175091	0.7811860267	0.03808352095	7	Telmisartan	LSM-3657	AGTR1|PPARG	3.33uM	YAPC	24h	LINCSCP_175091
LINCSCP_154303	-0.7811831203	0.03808472152	7	Merimepodib	LSM-45503	NA	3.33uM	PC3	24h	LINCSCP_154303
LINCSCP_166242	0.7811168985	0.03811208179	7	SCHEMBL15556278	LSM-1002	DDR1	1.11uM	SKL	24h	LINCSCP_166242
LINCSCP_108596	0.7810982434	0.03811979135	7	Neratinib	LSM-42778	EGFR|ERBB2|ERBB4	0.37uM	HELA	24h	LINCSCP_108596
LINCSCP_234595	-0.7810882624	0.03812391651	7	SCHEMBL17497626	LSM-44605	NA	10uM	JURKAT	6h	LINCSCP_234595
LINCSCP_22838	0.7810813361	0.03812677927	7	Heat	LSM-1404	ADRA1A	10uM	HEPG2	6h	LINCSCP_22838
LINCSCP_140842	0.7810728601	0.03813028277	7	MG-132	LSM-1107	PSMB1	20uM	MCF7	24h	LINCSCP_140842
LINCSCP_43163	0.781053487	0.03813829117	7	BRD-K74316684	LSM-41315	NA	10uM	NPC	24h	LINCSCP_43163
LINCSCP_250395	-0.7810354291	0.03814575671	7	4-Deoxyuridine	LSM-6181	CDA|DNMT1	10uM	MCF7	24h	LINCSCP_250395
LINCSCP_56346	0.781032989	0.03814676557	7	CGS 20625	LSM-3520	GABRA1|GABRA2|GABRA3|GABRA4|GABRA5|GABRA6	10uM	VCAP	6h	LINCSCP_56346
LINCSCP_73577	-0.7810237204	0.03815059781	7	Trimethobenzamide	LSM-2750	DRD2	1.11uM	A375	24h	LINCSCP_73577
LINCSCP_107831	-0.7810096076	0.03815643332	7	CHEMBL2136735	LSM-1152	FGFR1|FGFR3|FLT1|FLT4|KDR|PDGFRA|PDGFRB	10uM	HELA	24h	LINCSCP_107831
LINCSCP_87534	-0.781008966	0.03815669866	7	WHI-P97	LSM-1033	JAK3	3.33uM	CD34	24h	LINCSCP_87534
LINCSCP_39877	0.7810067624	0.03815760989	7	CHEMBL520231	LSM-43280	XPO1	10uM	NCIH1694	6h	LINCSCP_39877
LINCSCP_176029	-0.7809906944	0.03816425458	7	Oxandrolone	LSM-45444	AR	10uM	YAPC	24h	LINCSCP_176029
LINCSCP_121564	-0.7809789422	0.03816911496	7	AGI-6780	LSM-45921	NA	0.04uM	HT29	24h	LINCSCP_121564
LINCSCP_82994	-0.7809183362	0.03819418532	7	Tivantinib	LSM-1131	MET	3.33uM	ASC.C	24h	LINCSCP_82994
LINCSCP_122913	0.7809028224	0.03820060425	7	MG-132	LSM-1107	PSMB1	20uM	HT29	24h	LINCSCP_122913
LINCSCP_9597	0.7808732895	0.03821282528	7	O-Demethylated Adapalene	LSM-6237	RARG	3uM	A549	6h	LINCSCP_9597
LINCSCP_25419	0.7808608258	0.03821798359	7	AC1NS4S0	LSM-43073	ATP2A1	10uM	HT29	24h	LINCSCP_25419
LINCSCP_33511	0.7808347572	0.03822877369	7	MG-132	LSM-1107	PSMB1	10uM	MCF7	6h	LINCSCP_33511
LINCSCP_81335	-0.7808191631	0.03823522905	7	Linsitinib	LSM-1135	IGF1R|INSR	3.33uM	A549	24h	LINCSCP_81335
LINCSCP_12836	0.7808088407	0.03823950249	7	Dorsomorphin	LSM-3207	BMPR1A|BMPR1B|PRKAA1	10uM	DV90	6h	LINCSCP_12836
LINCSCP_191405	-0.7807749673	0.03825352779	7	BRD-K98634983	LSM-45119	NA	10uM	A549	6h	LINCSCP_191405
LINCSCP_154155	-0.7807680642	0.0382563864	7	Galeterone	LSM-45479	NA	0.37uM	PC3	24h	LINCSCP_154155
LINCSCP_140755	0.7807336693	0.03827063113	7	179324-69-7	LSM-6281	ADRM1|PSMA1|PSMA2|PSMA3|PSMA4|PSMA5|PSMA6|PSMA7|PSMA8|PSMB1|PSMB10|PSMB11|PSMB2|PSMB3|PSMB4|PSMB5|PSMB6|PSMB7|PSMB8|PSMB9|PSMC1|PSMC2|PSMC3|PSMC4|PSMC5|PSMC6|PSMD1|PSMD11|PSMD12|PSMD13|PSMD14|PSMD2|PSMD3|PSMD4|PSMD6|PSMD7|PSMD8|SEM1	20uM	MCF7	24h	LINCSCP_140755
LINCSCP_106131	0.7807274603	0.03827320289	7	SPECTRUM_000224	LSM-1905	NA	10uM	HELA	24h	LINCSCP_106131
LINCSCP_121933	0.7807223109	0.03827533589	7	179324-69-7	LSM-6281	ADRM1|PSMA1|PSMA2|PSMA3|PSMA4|PSMA5|PSMA6|PSMA7|PSMA8|PSMB1|PSMB10|PSMB11|PSMB2|PSMB3|PSMB4|PSMB5|PSMB6|PSMB7|PSMB8|PSMB9|PSMC1|PSMC2|PSMC3|PSMC4|PSMC5|PSMC6|PSMD1|PSMD11|PSMD12|PSMD13|PSMD14|PSMD2|PSMD3|PSMD4|PSMD6|PSMD7|PSMD8|SEM1	20uM	HT29	24h	LINCSCP_121933
LINCSCP_30729	-0.7806887208	0.0382892511	7	AG 14361	LSM-1988	PARP1	20uM	MCF7	6h	LINCSCP_30729
LINCSCP_310107	0.7806628181	0.03829998358	7	Benzbromarone	LSM-2239	NA	10uM	VCAP	6h	LINCSCP_310107
LINCSCP_56117	-0.78065132	0.03830474826	7	Estriol Methyl Ether	LSM-1857	ESR1|ESR2	10uM	VCAP	6h	LINCSCP_56117
LINCSCP_46190	0.7806372197	0.03831059164	7	Thiostrepton	LSM-43142	FOXM1	10uM	PC3	24h	LINCSCP_46190
LINCSCP_57062	0.7806148347	0.0383198694	7	CHEMBL258148	LSM-6214	CTSL	90uM	VCAP	6h	LINCSCP_57062
LINCSCP_159235	0.7806056515	0.03832367586	7	179324-69-7	LSM-6281	ADRM1|PSMA1|PSMA2|PSMA3|PSMA4|PSMA5|PSMA6|PSMA7|PSMA8|PSMB1|PSMB10|PSMB11|PSMB2|PSMB3|PSMB4|PSMB5|PSMB6|PSMB7|PSMB8|PSMB9|PSMC1|PSMC2|PSMC3|PSMC4|PSMC5|PSMC6|PSMD1|PSMD11|PSMD12|PSMD13|PSMD14|PSMD2|PSMD3|PSMD4|PSMD6|PSMD7|PSMD8|SEM1	20uM	PC3	24h	LINCSCP_159235
LINCSCP_42305	0.7805925255	0.038329117	7	BRD-K65261396-002-01-3	LSM-43224	FKBP1A	10uM	NPC	24h	LINCSCP_42305
LINCSCP_137794	0.7805908566	0.03832980882	7	179324-69-7	LSM-6281	ADRM1|PSMA1|PSMA2|PSMA3|PSMA4|PSMA5|PSMA6|PSMA7|PSMA8|PSMB1|PSMB10|PSMB11|PSMB2|PSMB3|PSMB4|PSMB5|PSMB6|PSMB7|PSMB8|PSMB9|PSMC1|PSMC2|PSMC3|PSMC4|PSMC5|PSMC6|PSMD1|PSMD11|PSMD12|PSMD13|PSMD14|PSMD2|PSMD3|PSMD4|PSMD6|PSMD7|PSMD8|SEM1	20uM	MCF7	24h	LINCSCP_137794
LINCSCP_33063	-0.7805763718	0.03833581374	7	Pyrazolanthrone	LSM-1163	MAPK10|MAPK8|MAPK9|TTK	10uM	MCF7	24h	LINCSCP_33063
LINCSCP_54338	-0.7805609179	0.03834222102	7	DASA-58	LSM-3813	PKM	90uM	SW620	6h	LINCSCP_54338
LINCSCP_145228	0.7805589039	0.03834305607	7	Nilotinib	LSM-1099	ABL1|BCR|KIT	3.33uM	MDAMB231	3h	LINCSCP_145228
LINCSCP_68798	0.7805272217	0.0383561937	7	Vorinostat	LSM-3828	HDAC1|HDAC2|HDAC3|HDAC6|HDAC8	10uM	VCAP	24h	LINCSCP_68798
LINCSCP_136358	-0.7805161388	0.03836079005	7	Sitagliptin	LSM-5363	DPP4	10uM	MCF7	24h	LINCSCP_136358
LINCSCP_251060	-0.7804936669	0.03837011058	7	PF-04217903	LSM-1166	MET	0.001uM	MCF7	24h	LINCSCP_251060
LINCSCP_37422	-0.7804780895	0.03837657226	7	Ingenol 3,20-dibenzoate	LSM-4445	PRKCD|PRKCE	3uM	MCF7	24h	LINCSCP_37422
LINCSCP_112208	0.7804723437	0.0383789558	7	PD-0325901	LSM-1101	MAP2K1|MAP2K2	0.37uM	HEPG2	24h	LINCSCP_112208
LINCSCP_100629	-0.7804565048	0.03838552681	7	Pracinostat	LSM-43290	NA	3.33uM	HCC515	24h	LINCSCP_100629
LINCSCP_134257	-0.7804047858	0.03840698753	7	SCHEMBL15556278	LSM-1002	DDR1	0.12uM	MCF7	24h	LINCSCP_134257
LINCSCP_158072	-0.7803764598	0.03841874416	7	Emtricitabine	LSM-45730	NA	0.04uM	PC3	24h	LINCSCP_158072
LINCSCP_116772	0.7803474895	0.03843077031	7	Selumetinib	LSM-1056	MAP2K1|MAP2K2	0.37uM	HT29	24h	LINCSCP_116772
LINCSCP_128357	-0.7803413607	0.03843331473	7	1166227-08-2	LSM-1204	NA	0.37uM	HUVEC	24h	LINCSCP_128357
LINCSCP_117158	0.7803308929	0.03843766081	7	Osimertinib	LSM-6344	EGFR|ERBB2|ERBB3|ERBB4	3.33uM	HT29	24h	LINCSCP_117158
LINCSCP_261534	0.7803119283	0.03844553526	7	ALD1-H_001009	LSM-45117	NA	10uM	NPC	24h	LINCSCP_261534
LINCSCP_36087	0.7802876012	0.03845563767	7	Dactolisib	LSM-4255	MTOR|PIK3CA|PIK3CB|PIK3CD|PIK3CG|PIK3R1|PIK3R2|PIK3R3|PIK3R5	10uM	MCF7	6h	LINCSCP_36087
LINCSCP_33227	0.7802853203	0.03845658494	7	NBI 27914	LSM-3360	CRHR1	10uM	MCF7	6h	LINCSCP_33227
LINCSCP_211825	0.7802831802	0.03845747376	7	Enzastaurin	LSM-1069	PRKCB	10uM	HA1E	6h	LINCSCP_211825
LINCSCP_123856	0.7802410791	0.03847496119	7	RO4987655	LSM-45489	MAP2K1|MAP2K2	0.04uM	HT29	24h	LINCSCP_123856
LINCSCP_94619	0.7802365444	0.03847684501	7	Pasireotide (ditrifluoroacetate)	LSM-45412	NA	0.37uM	HA1E	24h	LINCSCP_94619
LINCSCP_155581	-0.7802261603	0.038481159	7	Nefazodone	LSM-4031	HTR2A|HTR2C|SLC6A2|SLC6A4	0.04uM	PC3	24h	LINCSCP_155581
LINCSCP_38102	0.7802169674	0.03848497839	7	179324-69-7	LSM-6281	ADRM1|PSMA1|PSMA2|PSMA3|PSMA4|PSMA5|PSMA6|PSMA7|PSMA8|PSMB1|PSMB10|PSMB11|PSMB2|PSMB3|PSMB4|PSMB5|PSMB6|PSMB7|PSMB8|PSMB9|PSMC1|PSMC2|PSMC3|PSMC4|PSMC5|PSMC6|PSMD1|PSMD11|PSMD12|PSMD13|PSMD14|PSMD2|PSMD3|PSMD4|PSMD6|PSMD7|PSMD8|SEM1	1uM	MCF7	6h	LINCSCP_38102
LINCSCP_154330	0.7802142244	0.03848611802	7	Mibefradil	LSM-2192	CACNA1C|CACNA1G|CACNA1H|CACNA1I	0.12uM	PC3	24h	LINCSCP_154330
LINCSCP_20104	0.7802029847	0.03849078812	7	CID 75060944	LSM-36674	NA	10uM	HCC515	6h	LINCSCP_20104
LINCSCP_155896	0.7802012449	0.03849151106	7	MG-132	LSM-1107	PSMB1	20uM	PC3	24h	LINCSCP_155896
LINCSCP_31090	0.7801363489	0.03851848177	7	Vorinostat	LSM-3828	HDAC1|HDAC2|HDAC3|HDAC6|HDAC8	10uM	MCF7	6h	LINCSCP_31090
LINCSCP_29123	0.7800946087	0.03853583451	7	Gossypol	LSM-6229	BCL2|BCL2L1|MCL1	10uM	JHUEM2	6h	LINCSCP_29123
LINCSCP_48752	0.7800757445	0.03854367836	7	BRD-K27431449	LSM-38765	NA	10uM	PC3	24h	LINCSCP_48752
LINCSCP_119240	0.7800715004	0.03854544321	7	Solifenacin succinate	LSM-45423	CHRM2|CHRM3	10uM	HT29	24h	LINCSCP_119240
LINCSCP_15618	-0.7800472809	0.0385555154	7	SU-11652	LSM-43098	KDR|PDGFRB	10uM	HA1E	6h	LINCSCP_15618
LINCSCP_141478	0.7800204968	0.03856665582	7	179324-69-7	LSM-6281	ADRM1|PSMA1|PSMA2|PSMA3|PSMA4|PSMA5|PSMA6|PSMA7|PSMA8|PSMB1|PSMB10|PSMB11|PSMB2|PSMB3|PSMB4|PSMB5|PSMB6|PSMB7|PSMB8|PSMB9|PSMC1|PSMC2|PSMC3|PSMC4|PSMC5|PSMC6|PSMD1|PSMD11|PSMD12|PSMD13|PSMD14|PSMD2|PSMD3|PSMD4|PSMD6|PSMD7|PSMD8|SEM1	20uM	MCF7	24h	LINCSCP_141478
LINCSCP_253286	-0.7799924811	0.03857831043	7	Buddleoflavonoloside	LSM-2566	NA	1uM	MCF7	6h	LINCSCP_253286
LINCSCP_166138	0.7799742809	0.03858588281	7	Rigosertib	LSM-44531	CDK1|F2R|FLT1|FYN|PDGFRA|PLK1|PLK2|SRC	10uM	SKL	24h	LINCSCP_166138
LINCSCP_116065	0.7799504432	0.03859580199	7	Selumetinib	LSM-1056	MAP2K1|MAP2K2	0.37uM	HS578T	3h	LINCSCP_116065
LINCSCP_147500	-0.7799482801	0.03859670212	7	Tyrphostin AG-1478	LSM-1224	EGFR	0.04uM	NPC.CAS9	24h	LINCSCP_147500
LINCSCP_106305	0.7799214081	0.03860788574	7	Nimodipine	LSM-1659	CACNA1C|CACNA1D|CACNA1F|CACNA1S|NR3C2	3.33uM	HELA	24h	LINCSCP_106305
LINCSCP_94307	-0.7799186602	0.03860902948	7	Deoxycholic acid	LSM-5529	GPBAR1	10uM	HA1E	24h	LINCSCP_94307
LINCSCP_123855	0.7799116606	0.0386119429	7	RO4987655	LSM-45489	MAP2K1|MAP2K2	0.12uM	HT29	24h	LINCSCP_123855
LINCSCP_154502	-0.779903298	0.03861542382	7	Benzbromarone	LSM-2239	NA	1.11uM	PC3	24h	LINCSCP_154502
LINCSCP_220296	0.7798644228	0.03863160786	7	Enzastaurin	LSM-1069	PRKCB	10uM	HEPG2	6h	LINCSCP_220296
LINCSCP_54616	-0.7797911021	0.03866214205	7	MK-2206	LSM-1057	AKT1|AKT2|AKT3	10uM	SW948	6h	LINCSCP_54616
LINCSCP_111485	0.7797771369	0.03866795933	7	YM 201636	LSM-1109	NA	0.12uM	HEPG2	24h	LINCSCP_111485
LINCSCP_254555	0.7797185285	0.03869237824	7	SA-1925996	LSM-42061	NA	3uM	MCF7	6h	LINCSCP_254555
LINCSCP_11200	-0.7796961191	0.0387017173	7	Carbamazepine	LSM-3610	SCN10A|SCN11A|SCN1A|SCN2A|SCN3A|SCN4A|SCN5A|SCN7A|SCN8A|SCN9A	10uM	ASC	24h	LINCSCP_11200
LINCSCP_54612	-0.7796693003	0.03871289557	7	AZD-2014	LSM-5754	MTOR	10uM	SW948	6h	LINCSCP_54612
LINCSCP_287306	-0.779661602	0.03871610463	7	GSK-319347A	LSM-1216	IKBKG	5uM	SNUC5	6h	LINCSCP_287306
LINCSCP_65797	0.7796363103	0.03872664851	7	BRD-K28995283	LSM-38845	NA	10uM	VCAP	6h	LINCSCP_65797
LINCSCP_239854	-0.779618141	0.0387342241	7	Heraclenol	LSM-4476	NA	10uM	MCF7	24h	LINCSCP_239854
LINCSCP_19490	0.779611487	0.03873699868	7	SMR001317659	LSM-2094	NA	0.5uM	HCC515	6h	LINCSCP_19490
LINCSCP_34083	0.7796095504	0.03873780619	7	MLS004683634	LSM-6156	NA	10uM	MCF7	6h	LINCSCP_34083
LINCSCP_37263	0.7796094952	0.03873782925	7	Vorinostat	LSM-3828	HDAC1|HDAC2|HDAC3|HDAC6|HDAC8	1uM	MCF7	24h	LINCSCP_37263
LINCSCP_262968	-0.7795811816	0.0387496367	7	BRD-K14471942	LSM-9305	NA	10uM	NPC	24h	LINCSCP_262968
LINCSCP_42599	0.7795465273	0.03876409113	7	AC1L1KV5	LSM-1395	TUBB	10uM	NPC	24h	LINCSCP_42599
LINCSCP_25671	0.7795456963	0.03876443777	7	Cucurbitacin-I	LSM-43115	JAK2|STAT3	10uM	HT29	6h	LINCSCP_25671
LINCSCP_66241	0.7795182051	0.03877590663	7	SCH-79797	LSM-6224	F2R	10uM	WSUDLCL2	6h	LINCSCP_66241
LINCSCP_152075	0.7795160893	0.03877678938	7	Belinostat	LSM-43181	HDAC1|HDAC10|HDAC11|HDAC2|HDAC3|HDAC4|HDAC5|HDAC6|HDAC7|HDAC8|HDAC9	1.11uM	PC3	24h	LINCSCP_152075
LINCSCP_127331	-0.7795069198	0.03878061517	7	Apremilast (CC-10004)	LSM-45894	PDE4A|PDE4B|PDE4C|PDE4D	3.33uM	HT29	24h	LINCSCP_127331
LINCSCP_158140	0.779491649	0.03878698712	7	Erythromycin Ethylsuccinate	LSM-3144	ABCB1|ALB|CYP3A4|CYP51A1|KCNH2|MLNR|SLC47A1	3.33uM	PC3	24h	LINCSCP_158140
LINCSCP_281992	0.779487451	0.03878873893	7	Ethyl 1-benzyl-4,5-dioxopyrrolidine-3-carboxylate	LSM-1941	AKR1B1	10uM	PHH	24h	LINCSCP_281992
LINCSCP_303486	0.7794822504	0.03879090911	7	BRD-K13697129	LSM-9255	NA	5uM	VCAP	24h	LINCSCP_303486
LINCSCP_59806	0.7794516573	0.03880367698	7	BRD-K83725960	LSM-41844	NA	5uM	VCAP	6h	LINCSCP_59806
LINCSCP_164728	0.7794276573	0.03881369487	7	Mocetinostat	LSM-5344	HDAC1|HDAC11|HDAC2|HDAC3|HDAC8	0.12uM	SKL.C	24h	LINCSCP_164728
LINCSCP_311912	0.7794126894	0.03881994336	7	BRD-K81654062	LSM-43609	NA	10uM	VCAP	6h	LINCSCP_311912
LINCSCP_292130	0.7794061545	0.03882267161	7	MLS001065910	LSM-3175	NA	10uM	VCAP	6h	LINCSCP_292130
LINCSCP_57448	0.7793930045	0.03882816188	7	CHEMBL1555451	LSM-3423	NA	10uM	VCAP	6h	LINCSCP_57448
LINCSCP_125168	0.7793624497	0.03884092052	7	179324-69-7	LSM-6281	ADRM1|PSMA1|PSMA2|PSMA3|PSMA4|PSMA5|PSMA6|PSMA7|PSMA8|PSMB1|PSMB10|PSMB11|PSMB2|PSMB3|PSMB4|PSMB5|PSMB6|PSMB7|PSMB8|PSMB9|PSMC1|PSMC2|PSMC3|PSMC4|PSMC5|PSMC6|PSMD1|PSMD11|PSMD12|PSMD13|PSMD14|PSMD2|PSMD3|PSMD4|PSMD6|PSMD7|PSMD8|SEM1	20uM	HT29	24h	LINCSCP_125168
LINCSCP_253450	-0.7793571291	0.03884314245	7	SA-1919551	LSM-37598	NA	1uM	MCF7	24h	LINCSCP_253450
LINCSCP_111226	0.7793461368	0.03884773319	7	PD-0325901	LSM-1101	MAP2K1|MAP2K2	0.37uM	HEPG2	24h	LINCSCP_111226
LINCSCP_166802	0.7793206066	0.03885839655	7	179324-69-7	LSM-6281	ADRM1|PSMA1|PSMA2|PSMA3|PSMA4|PSMA5|PSMA6|PSMA7|PSMA8|PSMB1|PSMB10|PSMB11|PSMB2|PSMB3|PSMB4|PSMB5|PSMB6|PSMB7|PSMB8|PSMB9|PSMC1|PSMC2|PSMC3|PSMC4|PSMC5|PSMC6|PSMD1|PSMD11|PSMD12|PSMD13|PSMD14|PSMD2|PSMD3|PSMD4|PSMD6|PSMD7|PSMD8|SEM1	20uM	YAPC	24h	LINCSCP_166802
LINCSCP_70001	-0.7793188665	0.03885912339	7	Idelalisib	LSM-1205	PIK3CD|PIK3CG	10uM	A375	24h	LINCSCP_70001
LINCSCP_113928	-0.7793121173	0.03886194269	7	HG-14-10-04	LSM-6345	NA	0.04uM	HME1	24h	LINCSCP_113928
LINCSCP_122018	0.7792796307	0.03887551458	7	179324-69-7	LSM-6281	ADRM1|PSMA1|PSMA2|PSMA3|PSMA4|PSMA5|PSMA6|PSMA7|PSMA8|PSMB1|PSMB10|PSMB11|PSMB2|PSMB3|PSMB4|PSMB5|PSMB6|PSMB7|PSMB8|PSMB9|PSMC1|PSMC2|PSMC3|PSMC4|PSMC5|PSMC6|PSMD1|PSMD11|PSMD12|PSMD13|PSMD14|PSMD2|PSMD3|PSMD4|PSMD6|PSMD7|PSMD8|SEM1	20uM	HT29	24h	LINCSCP_122018
LINCSCP_115661	0.7792781559	0.03887613081	7	Radicicol	LSM-43303	NA	10uM	HS578T	24h	LINCSCP_115661
LINCSCP_82596	0.779181579	0.03891649353	7	NVP-BHG712	LSM-1201	NA	10uM	A549	24h	LINCSCP_82596
LINCSCP_148908	0.7791660624	0.03892298061	7	Entinostat	LSM-4811	HDAC1|HDAC10|HDAC11|HDAC2|HDAC3|HDAC4|HDAC5|HDAC6|HDAC7|HDAC8|HDAC9	10uM	NPC	24h	LINCSCP_148908
LINCSCP_27766	0.7791590751	0.038925902	7	BRD-K49477330	LSM-44782	NA	5uM	HT29	24h	LINCSCP_27766
LINCSCP_164354	0.7791578915	0.03892639689	7	Allitinib	LSM-1225	NA	0.12uM	SKL.C	24h	LINCSCP_164354
LINCSCP_36455	0.7791500174	0.03892968921	7	CI-1040	LSM-1048	MAP2K1|MAP2K2	1uM	MCF7	24h	LINCSCP_36455
LINCSCP_13393	0.7791404246	0.03893370039	7	Merodantoin	LSM-37221	NA	10uM	FIBRNPC	6h	LINCSCP_13393
LINCSCP_239478	-0.7791396223	0.03893403588	7	ZINC00164494	LSM-4660	NA	10uM	MCF7	24h	LINCSCP_239478
LINCSCP_101318	0.7791243613	0.03894041767	7	Calcitriol	LSM-45950	NA	0.37uM	HELA	24h	LINCSCP_101318
LINCSCP_35840	0.7791185188	0.03894286102	7	Vorinostat	LSM-3828	HDAC1|HDAC2|HDAC3|HDAC6|HDAC8	3uM	MCF7	6h	LINCSCP_35840
LINCSCP_240378	0.7791134354	0.03894498698	7	Thiostrepton	LSM-43142	FOXM1	10uM	MCF7	6h	LINCSCP_240378
LINCSCP_129002	-0.7791059605	0.03894811325	7	GSK-J2	LSM-44940	NA	10uM	HUVEC	24h	LINCSCP_129002
LINCSCP_148375	-0.7790983923	0.03895127867	7	ITK Inhibitor	LSM-1043	ITK	0.37uM	NPC.CAS9	24h	LINCSCP_148375
LINCSCP_84182	0.7790837089	0.03895742042	7	SCHEMBL17378613	LSM-5749	CSF1R	0.12uM	ASC	24h	LINCSCP_84182
LINCSCP_25615	-0.7790748505	0.03896112596	7	DC-45-A2	LSM-6274	NA	10uM	HT29	24h	LINCSCP_25615
LINCSCP_15832	0.7790537666	0.0389699463	7	SMR001318078	LSM-1737	NA	10uM	HA1E	6h	LINCSCP_15832
LINCSCP_170471	-0.7790252839	0.0389818637	7	JNJ-38877605	LSM-1157	MET	0.04uM	YAPC	24h	LINCSCP_170471
LINCSCP_132780	-0.7789882956	0.03899734288	7	CHEMBL585951	LSM-36386	MAPK8	3.33uM	MCF7	24h	LINCSCP_132780
LINCSCP_224739	-0.7789807496	0.03900050118	7	CHEMBL567134	LSM-4156	NA	10uM	HT29	6h	LINCSCP_224739
LINCSCP_163269	-0.7789752341	0.03900280977	7	Withaferin A	LSM-6685	IKBKB|NAMPT	0.12uM	SKBR3	3h	LINCSCP_163269
LINCSCP_108819	0.7789728891	0.03900379131	7	Falnidamol	LSM-3584	EGFR	0.12uM	HELA	24h	LINCSCP_108819
LINCSCP_96413	-0.778959874	0.0390092393	7	Podofilox	LSM-3055	NA	0.04uM	HA1E	24h	LINCSCP_96413
LINCSCP_22331	0.7789435577	0.03901606971	7	BRD-K19166598	LSM-38298	NA	10uM	HEPG2	6h	LINCSCP_22331
LINCSCP_21792	0.778937442	0.03901863005	7	atorvastatin	NA	DPP4|HMGCR	10uM	HEPG2	6h	LINCSCP_21792
LINCSCP_6317	0.7789173104	0.0390270589	7	SUDAHWBOROXANE-UHFFFAOYSA-N	LSM-5068	MAP2K1	10uM	A549	24h	LINCSCP_6317
LINCSCP_212620	-0.77889288	0.03903728892	7	Tubastatin A	LSM-4806	HDAC6	1uM	HA1E	6h	LINCSCP_212620
LINCSCP_8062	-0.7788857747	0.03904026449	7	YL-51	LSM-44655	NA	10uM	A549	6h	LINCSCP_8062
LINCSCP_5974	0.7788638556	0.03904944459	7	SCHEMBL2608041	LSM-44987	HDAC6	10uM	A549	24h	LINCSCP_5974
LINCSCP_108960	0.778842571	0.03905836008	7	Cyclosporin A	LSM-42829	PPIA|PPP3CA	3.33uM	HELA	24h	LINCSCP_108960
LINCSCP_93263	-0.7788322793	0.03906267136	7	PSI-6130	LSM-45483	NA	0.37uM	HA1E	24h	LINCSCP_93263
LINCSCP_66795	-0.7788313719	0.03906305151	7	Wortmannin	LSM-3947	PIK3CA|PIK3CG|PLK1	10uM	HA1E	24h	LINCSCP_66795
LINCSCP_21952	0.7788175559	0.03906883958	7	MLS003370625	LSM-43052	NA	10uM	HEPG2	6h	LINCSCP_21952
LINCSCP_25616	-0.7787996003	0.03907636265	7	Triacsin C	LSM-43284	ACSL1	10uM	HT29	24h	LINCSCP_25616
LINCSCP_151970	0.7787848674	0.03908253607	7	UNC 669	LSM-6337	NA	0.04uM	PC3	24h	LINCSCP_151970
LINCSCP_134998	0.7787406538	0.03910106583	7	179324-69-7	LSM-6281	ADRM1|PSMA1|PSMA2|PSMA3|PSMA4|PSMA5|PSMA6|PSMA7|PSMA8|PSMB1|PSMB10|PSMB11|PSMB2|PSMB3|PSMB4|PSMB5|PSMB6|PSMB7|PSMB8|PSMB9|PSMC1|PSMC2|PSMC3|PSMC4|PSMC5|PSMC6|PSMD1|PSMD11|PSMD12|PSMD13|PSMD14|PSMD2|PSMD3|PSMD4|PSMD6|PSMD7|PSMD8|SEM1	20uM	MCF7	24h	LINCSCP_134998
LINCSCP_59124	0.7787205274	0.03910950232	7	Alvespimycin	LSM-43241	HSP90AA1	10uM	VCAP	6h	LINCSCP_59124
LINCSCP_186561	-0.7787177256	0.03911067684	7	BRD-K38024502	LSM-39360	NA	10uM	A375	24h	LINCSCP_186561
LINCSCP_120501	-0.7786893898	0.03912255642	7	Hydroflumethiazide	LSM-5497	SLC12A1|SLC12A3	0.12uM	HT29	24h	LINCSCP_120501
LINCSCP_83294	-0.7786655209	0.03913256483	7	Idelalisib	LSM-1205	PIK3CD|PIK3CG	10uM	ASC.C	24h	LINCSCP_83294
LINCSCP_92316	-0.7786357126	0.0391450657	7	KX2-391	LSM-45890	SRC	0.37uM	HA1E	24h	LINCSCP_92316
LINCSCP_132829	0.7785703991	0.03917246426	7	Lapatinib	LSM-1051	EGFR|ERBB2	1.11uM	MCF7	24h	LINCSCP_132829
LINCSCP_25070	-0.7785657725	0.03917440548	7	501919-59-1	LSM-6243	STAT3	100uM	HT115	6h	LINCSCP_25070
LINCSCP_65893	0.7785488474	0.03918150738	7	BRD-K93340102	LSM-42345	NA	10uM	VCAP	6h	LINCSCP_65893
LINCSCP_33272	-0.7785364271	0.03918671948	7	GW-9662	LSM-4097	PPARG	10uM	MCF7	6h	LINCSCP_33272
LINCSCP_148215	0.7785212507	0.03919308869	7	BAY 61-3606	LSM-1167	SYK	0.12uM	NPC.CAS9	24h	LINCSCP_148215
LINCSCP_302845	0.7785158336	0.03919536225	7	BRD-K40478655	LSM-10898	NA	5uM	VCAP	6h	LINCSCP_302845
LINCSCP_119057	0.7785153705	0.03919555662	7	179324-69-7	LSM-6281	ADRM1|PSMA1|PSMA2|PSMA3|PSMA4|PSMA5|PSMA6|PSMA7|PSMA8|PSMB1|PSMB10|PSMB11|PSMB2|PSMB3|PSMB4|PSMB5|PSMB6|PSMB7|PSMB8|PSMB9|PSMC1|PSMC2|PSMC3|PSMC4|PSMC5|PSMC6|PSMD1|PSMD11|PSMD12|PSMD13|PSMD14|PSMD2|PSMD3|PSMD4|PSMD6|PSMD7|PSMD8|SEM1	20uM	HT29	24h	LINCSCP_119057
LINCSCP_15788	-0.7784770509	0.03921164162	7	T5291115	LSM-3638	NA	10uM	HA1E	24h	LINCSCP_15788
LINCSCP_75637	-0.7784237293	0.03923402993	7	Nateglinide	LSM-5555	ABCC8|KCNJ11	0.04uM	A375	24h	LINCSCP_75637
LINCSCP_112723	0.7784161858	0.03923719781	7	Aurora A Inhibitor I	LSM-1065	AURKA	3.33uM	HEPG2	24h	LINCSCP_112723
LINCSCP_21243	0.7784103548	0.03923964663	7	NSC95397	LSM-3521	NA	10uM	HCT116	6h	LINCSCP_21243
LINCSCP_10554	0.7784093369	0.03924007412	7	PNU-74654	LSM-44945	CTNNB1|TCF4	80uM	AGS	6h	LINCSCP_10554
LINCSCP_59141	0.7783995972	0.03924416468	7	EI-346-ERLOTINIB-ANALOG	LSM-42715	NA	10uM	VCAP	6h	LINCSCP_59141
LINCSCP_175921	0.7783808998	0.03925201799	7	CANAGLIFLOZIN	LSM-45965	SLC5A2	0.04uM	YAPC	24h	LINCSCP_175921
LINCSCP_41993	0.7783721772	0.03925568199	7	MW-STK33-100	LSM-44614	NA	10uM	NOMO1	24h	LINCSCP_41993
LINCSCP_4643	-0.7783449272	0.03926712977	7	Quinine	LSM-42710	KCNN4	10uM	A549	24h	LINCSCP_4643
LINCSCP_133208	0.7783124699	0.03928076754	7	13-Hydroxy-8,14,19-trimethoxy-4,10,12,16-tetramethyl-3,20,22-trioxo-2-azabicyclo[16.3.1]docosa-1(21),4,6,10,18-pentaen-9-yl carbamate	LSM-42815	HSP90AA1	0.37uM	MCF7	3h	LINCSCP_133208
LINCSCP_26579	0.7782782009	0.03929516939	7	MLS000583957	LSM-1763	NA	10uM	HT29	6h	LINCSCP_26579
LINCSCP_191443	-0.7781832682	0.03933508096	7	Saracatinib	LSM-1032	ABL1|SRC	10uM	A549	24h	LINCSCP_191443
LINCSCP_698	-0.7781762944	0.03933801375	7	Temozolomide	LSM-4590	MGMT	10uM	A375	24h	LINCSCP_698
LINCSCP_161552	-0.7781534404	0.03934762577	7	Resiquimod	LSM-45841	NA	10uM	PC3	24h	LINCSCP_161552
LINCSCP_113118	0.7781374035	0.03935437141	7	Canertinib	LSM-1120	EGFR|ERBB2|ERBB4	1.11uM	HME1	24h	LINCSCP_113118
LINCSCP_77761	-0.7781217674	0.03936094909	7	Fipronil	LSM-1608	NA	0.37uM	A375	24h	LINCSCP_77761
LINCSCP_25648	0.7781216275	0.03936100793	7	PAC-1	LSM-3119	CASP3	10uM	HT29	24h	LINCSCP_25648
LINCSCP_16978	0.7780894865	0.03937453068	7	CHEMBL2132717	LSM-40200	NA	10uM	HA1E	6h	LINCSCP_16978
LINCSCP_13581	-0.7780829606	0.03937727661	7	TH02453-036-P1	LSM-6273	NA	10uM	H1299	6h	LINCSCP_13581
LINCSCP_132384	0.7780535165	0.03938966743	7	TORIN-2	LSM-1080	MTOR	10uM	MCF7	3h	LINCSCP_132384
LINCSCP_40276	0.778015515	0.03940566254	7	BRD-A43331270-001-01-6	LSM-4436	ADRA1A|CACNA1C	10uM	NCIH596	6h	LINCSCP_40276
LINCSCP_72711	0.7780086253	0.03940856288	7	GRANISETRON HYDROCHLORIDE	LSM-45509	HTR3A	3.33uM	A375	24h	LINCSCP_72711
LINCSCP_65464	-0.7780071775	0.03940917236	7	BRD-K47170156	LSM-39892	NA	10uM	VCAP	6h	LINCSCP_65464
LINCSCP_26628	-0.777956693	0.03943042829	7	CHEMBL1880923	LSM-6101	NA	10uM	HT29	6h	LINCSCP_26628
LINCSCP_4167	0.7779465712	0.03943469074	7	GNF-PF-4997	LSM-1718	NR3C1	10uM	A549	24h	LINCSCP_4167
LINCSCP_26124	0.777945446	0.0394351646	7	MLS003271309	LSM-3432	NA	10uM	HT29	6h	LINCSCP_26124
LINCSCP_80651	-0.7779357901	0.03943923107	7	Alvimopan (monohydrate)	LSM-45414	OPRM1	0.04uM	A375	24h	LINCSCP_80651
LINCSCP_19544	0.7779289703	0.03944210332	7	Capsaicin	LSM-43180	TRPV1	100uM	HCC515	6h	LINCSCP_19544
LINCSCP_81476	-0.7779021322	0.03945340765	7	MK-2206	LSM-1057	AKT1|AKT2|AKT3	0.12uM	A549	24h	LINCSCP_81476
LINCSCP_51719	0.7778722022	0.03946601642	7	SB 239063	LSM-44951	MAPK11|MAPK14	0.1uM	SKBR3	6h	LINCSCP_51719
LINCSCP_25486	0.7778630178	0.03946988604	7	Gemcitabine	LSM-5333	POLA1|POLD1|POLE|RRM1|RRM2|RRM2B	0.1uM	HT29	24h	LINCSCP_25486
LINCSCP_240911	0.7778256417	0.03948563563	7	Bithionol	LSM-2862	NA	10uM	MCF7	6h	LINCSCP_240911
LINCSCP_106360	0.7777703946	0.03950892209	7	Selamectin	LSM-44969	NA	1.11uM	HELA	24h	LINCSCP_106360
LINCSCP_47166	0.7777674628	0.03951015805	7	BRD-K90700939	LSM-42217	NA	10uM	PC3	24h	LINCSCP_47166
LINCSCP_28463	0.7777652682	0.03951108323	7	Hydroxyl	LSM-44628	NA	0.1uM	HT29	6h	LINCSCP_28463
LINCSCP_18108	-0.7777602735	0.03951318892	7	Pfmrk inhibitor, wr 216174	LSM-42921	NA	10uM	HCC515	6h	LINCSCP_18108
LINCSCP_310679	-0.7777049995	0.03953649575	7	BRD-K85580817	LSM-36443	NA	10uM	VCAP	6h	LINCSCP_310679
LINCSCP_60684	-0.7777049473	0.03953651778	7	MLS003129588	LSM-7434	NA	5uM	VCAP	6h	LINCSCP_60684
LINCSCP_71369	-0.7776893392	0.03954310046	7	Nevirapine	LSM-5336	CYP1A2|CYP2A6|CYP2B6|CYP2C9|CYP2D6|CYP3A4|CYP3A5	1.11uM	A375	24h	LINCSCP_71369
LINCSCP_142430	-0.7776648677	0.03955342247	7	MK-2206	LSM-1057	AKT1|AKT2|AKT3	0.37uM	MCF7	24h	LINCSCP_142430
LINCSCP_143913	0.7776300394	0.03956811555	7	179324-69-7	LSM-6281	ADRM1|PSMA1|PSMA2|PSMA3|PSMA4|PSMA5|PSMA6|PSMA7|PSMA8|PSMB1|PSMB10|PSMB11|PSMB2|PSMB3|PSMB4|PSMB5|PSMB6|PSMB7|PSMB8|PSMB9|PSMC1|PSMC2|PSMC3|PSMC4|PSMC5|PSMC6|PSMD1|PSMD11|PSMD12|PSMD13|PSMD14|PSMD2|PSMD3|PSMD4|PSMD6|PSMD7|PSMD8|SEM1	20uM	MCF7	24h	LINCSCP_143913
LINCSCP_141713	-0.7776201448	0.03957229036	7	Aminosalicylic acid	LSM-5862	PTGS1|PTGS2	10uM	MCF7	24h	LINCSCP_141713
LINCSCP_239045	-0.7776176618	0.03957333804	7	(+)-Taxifolin	LSM-5990	ADIPOR2	10uM	MCF7	24h	LINCSCP_239045
LINCSCP_152465	-0.7776129864	0.03957531084	7	Regorafenib	LSM-1226	ABL1|BRAF|DDR2|FGFR1|FGFR2|FLT1|FLT4|FRK|KDR|KIT|MAPK11|PDGFRA|PDGFRB|RAF1|RET|TEK	0.12uM	PC3	24h	LINCSCP_152465
LINCSCP_86659	-0.7776014015	0.03958019936	7	PDK1 Inhibitor	LSM-1081	PDPK1	0.04uM	CD34	24h	LINCSCP_86659
LINCSCP_158013	0.7775922908	0.03958404402	7	Diclofensine (hydrochloride)	LSM-45632	NA	10uM	PC3	24h	LINCSCP_158013
LINCSCP_119282	0.777582095	0.0395883469	7	LY2784544	LSM-45265	NA	10uM	HT29	24h	LINCSCP_119282
LINCSCP_125938	0.7775255821	0.03961220128	7	Flumatinib (mesylate)	LSM-45582	ABL1	10uM	HT29	24h	LINCSCP_125938
LINCSCP_87521	0.7775224866	0.03961350812	7	ZINC77024257	LSM-1171	MDM2	10uM	CD34	24h	LINCSCP_87521
LINCSCP_304594	0.7775067047	0.03962017127	7	BRD-K80394569	LSM-13341	NA	5uM	VCAP	24h	LINCSCP_304594
LINCSCP_25028	0.7774967498	0.03962437459	7	Pimozide	LSM-2001	DRD1|DRD2|DRD3|DRD4|DRD5|HTR2A	10uM	HT115	6h	LINCSCP_25028
LINCSCP_54295	-0.7774905231	0.03962700384	7	PI-103	LSM-1126	MTOR|PIK3CA|PIK3CB|PIK3CD|PIK3CG	10uM	SW620	6h	LINCSCP_54295
LINCSCP_10329	0.7774797586	0.03963154941	7	BIBR-1532	LSM-43274	TERT	80uM	A673	6h	LINCSCP_10329
LINCSCP_57095	-0.7774693891	0.03963592849	7	STK151112	LSM-2478	NA	10uM	VCAP	6h	LINCSCP_57095
LINCSCP_312499	0.7774674514	0.03963674679	7	BRD-K64615396	LSM-40799	NA	10uM	VCAP	24h	LINCSCP_312499
LINCSCP_23635	0.7774354518	0.03965026218	7	3,5-Bis(4-methylbenzylidene)piperidin-4-one	LSM-2827	SENP2|USP1|USP2|USP7	3uM	HEPG2	6h	LINCSCP_23635
LINCSCP_146411	0.7774263243	0.03965411771	7	CHEMBL3182395	LSM-1164	MAP2K5|MAPK7	10uM	NEU	24h	LINCSCP_146411
LINCSCP_189578	-0.7774101424	0.03966095365	7	CHEMBL105897	LSM-4005	NA	10uM	A549	24h	LINCSCP_189578
LINCSCP_132032	0.7773700338	0.03967790002	7	TORIN-2	LSM-1080	MTOR	1.11uM	MCF7	24h	LINCSCP_132032
LINCSCP_42174	0.7773451958	0.03968839641	7	CHEMBL2131973	LSM-40649	NA	10uM	NPC	24h	LINCSCP_42174
LINCSCP_103841	-0.7773350955	0.03969266515	7	Gaboxadol	LSM-5947	GABRA1|GABRA2|GABRA3|GABRA4|GABRA5|GABRA6|GABRB1|GABRB2|GABRB3|GABRD	10uM	HELA	24h	LINCSCP_103841
LINCSCP_126056	0.7773154397	0.03970097316	7	MG-132	LSM-1107	PSMB1	20uM	HT29	24h	LINCSCP_126056
LINCSCP_149195	0.7772659708	0.03972188665	7	Ponatinib	LSM-1151	ABL1|BCR|FGFR1|FGFR2|FGFR3|FGFR4|FLT3|KIT|RET|TEK	1.11uM	NPC	24h	LINCSCP_149195
LINCSCP_34353	0.7772635196	0.03972292309	7	Benoxinate	LSM-2069	SCN10A|SCN11A|SCN1A|SCN2A|SCN3A|SCN4A|SCN5A|SCN7A|SCN8A|SCN9A	10uM	MCF7	6h	LINCSCP_34353
LINCSCP_102422	-0.7772599977	0.03972441225	7	Fluorouracil	LSM-4261	DPYD|TYMS	0.04uM	HELA	24h	LINCSCP_102422
LINCSCP_116185	0.7772564426	0.03972591551	7	PD-0325901	LSM-1101	MAP2K1|MAP2K2	0.12uM	HT29	24h	LINCSCP_116185
LINCSCP_27170	0.7772453122	0.03973062206	7	BRN 1549781	LSM-4461	NA	10uM	HT29	6h	LINCSCP_27170
LINCSCP_148229	0.7772350119	0.03973497795	7	NVP-BHG712	LSM-1201	NA	10uM	NPC.CAS9	24h	LINCSCP_148229
LINCSCP_38636	0.7772098552	0.03974561747	7	Avrainvillamide	LSM-42688	NA	10uM	MCF7	24h	LINCSCP_38636
LINCSCP_116805	0.777201723	0.03974905716	7	13-Hydroxy-8,14,19-trimethoxy-4,10,12,16-tetramethyl-3,20,22-trioxo-2-azabicyclo[16.3.1]docosa-1(21),4,6,10,18-pentaen-9-yl carbamate	LSM-42815	HSP90AA1	10uM	HT29	24h	LINCSCP_116805
LINCSCP_116609	-0.7771804962	0.03975803626	7	MK-2206	LSM-1057	AKT1|AKT2|AKT3	1.11uM	HT29	24h	LINCSCP_116609
LINCSCP_165200	0.7771705203	0.03976225656	7	PD-0325901	LSM-1101	MAP2K1|MAP2K2	1.11uM	SKL.C	24h	LINCSCP_165200
LINCSCP_131605	0.7771554345	0.03976863901	7	SCHEMBL17052537	LSM-5803	BTK|JAK3|MKNK2|MTOR|PRKDC	3.33uM	MCF10A	3h	LINCSCP_131605
LINCSCP_74650	-0.7771539226	0.03976927869	7	LY2334737	LSM-45658	NA	0.04uM	A375	24h	LINCSCP_74650
LINCSCP_54692	0.7771470904	0.03977216947	7	VX-11E	LSM-6291	MAPK1	0.5uM	SW948	6h	LINCSCP_54692
LINCSCP_118145	0.7771469647	0.03977222265	7	MG-132	LSM-1107	PSMB1	20uM	HT29	24h	LINCSCP_118145
LINCSCP_22953	0.7771326188	0.03977829291	7	MG-132	LSM-1107	PSMB1	10uM	HEPG2	6h	LINCSCP_22953
LINCSCP_106658	-0.7771243181	0.03978180547	7	179324-69-7	LSM-6281	ADRM1|PSMA1|PSMA2|PSMA3|PSMA4|PSMA5|PSMA6|PSMA7|PSMA8|PSMB1|PSMB10|PSMB11|PSMB2|PSMB3|PSMB4|PSMB5|PSMB6|PSMB7|PSMB8|PSMB9|PSMC1|PSMC2|PSMC3|PSMC4|PSMC5|PSMC6|PSMD1|PSMD11|PSMD12|PSMD13|PSMD14|PSMD2|PSMD3|PSMD4|PSMD6|PSMD7|PSMD8|SEM1	20uM	HELA	24h	LINCSCP_106658
LINCSCP_53111	0.7771164776	0.03978512346	7	CT-200783	LSM-43273	NA	10uM	SKM1	6h	LINCSCP_53111
LINCSCP_6462	0.7771099905	0.03978786881	7	Masitinib	LSM-1130	FGFR3|KIT|LYN|PDGFRA|PDGFRB	10uM	A549	24h	LINCSCP_6462
LINCSCP_36934	0.777090632	0.03979606202	7	PD-0325901	LSM-1101	MAP2K1|MAP2K2	1uM	MCF7	6h	LINCSCP_36934
LINCSCP_57046	-0.7770423294	0.03981650938	7	QS-11	LSM-5212	ARFGAP1	10uM	VCAP	6h	LINCSCP_57046
LINCSCP_150181	0.7770358061	0.03981927127	7	PD-0325901	LSM-1101	MAP2K1|MAP2K2	0.12uM	NPC.TAK	24h	LINCSCP_150181
LINCSCP_81404	-0.7770270614	0.03982297385	7	GSK 1059615	LSM-42799	PIK3CA|PIK3CB|PIK3CD|PIK3CG	0.12uM	A549	24h	LINCSCP_81404
LINCSCP_113423	-0.7769842888	0.03984108675	7	MK-2206	LSM-1057	AKT1|AKT2|AKT3	1.11uM	HME1	3h	LINCSCP_113423
LINCSCP_212097	-0.7769824477	0.0398418665	7	Tetrahydrobiopterin	LSM-5120	PAH|TH	10uM	HA1E	6h	LINCSCP_212097
LINCSCP_290837	0.7769746495	0.03984516931	7	Penitrem A	LSM-2058	KCNMA1	10uM	VCAP	6h	LINCSCP_290837
LINCSCP_147494	0.7769692462	0.03984745791	7	AZD4547	LSM-6308	NA	0.04uM	NPC.CAS9	24h	LINCSCP_147494
LINCSCP_9626	-0.7769346573	0.03986210991	7	Omacetaxine Mepesuccinate	LSM-3716	NA	0.001uM	A549	6h	LINCSCP_9626
LINCSCP_165384	0.7769211177	0.03986784616	7	Dacomitinib	LSM-42808	EGFR|ERBB2|ERBB3|ERBB4	1.11uM	SKL	24h	LINCSCP_165384
LINCSCP_105010	-0.7768861576	0.03988265959	7	Cinnarizine	LSM-42858	HRH1	10uM	HELA	24h	LINCSCP_105010
LINCSCP_57975	0.7768659902	0.03989120642	7	MLS000773738	LSM-3464	NA	10uM	VCAP	24h	LINCSCP_57975
LINCSCP_105430	-0.7768400511	0.03990220071	7	Roquinimex	LSM-2046	NA	3.33uM	HELA	24h	LINCSCP_105430
LINCSCP_31132	0.7768207531	0.03991038124	7	BAS 07529539	LSM-2407	NA	10uM	MCF7	24h	LINCSCP_31132
LINCSCP_27676	0.7768023807	0.0399181703	7	BRD-K36471847	LSM-10632	NA	5uM	HT29	24h	LINCSCP_27676
LINCSCP_149052	0.7767373718	0.0399457378	7	PD-0325901	LSM-1101	MAP2K1|MAP2K2	3.33uM	NPC	24h	LINCSCP_149052
LINCSCP_44250	-0.7767175375	0.03995415081	7	Skatole	LSM-3655	CYP2F1	10uM	PC3	24h	LINCSCP_44250
LINCSCP_220761	0.7767136248	0.03995581056	7	Triflupromazine	LSM-3421	DRD2|HTR2B	10uM	HEPG2	6h	LINCSCP_220761
LINCSCP_121415	0.7767123941	0.0399563326	7	R428	LSM-45574	NA	10uM	HT29	24h	LINCSCP_121415
LINCSCP_170039	0.7766936336	0.03996429125	7	PSI-7977	LSM-45846	NA	0.04uM	YAPC	24h	LINCSCP_170039
LINCSCP_107471	0.7766814582	0.03996945684	7	SDZ NKT 343	LSM-45398	NA	1.11uM	HELA	24h	LINCSCP_107471
LINCSCP_40297	0.7766579035	0.03997945124	7	Olaparib	LSM-1145	PARP1|PARP2|PARP3	40uM	NCIH596	6h	LINCSCP_40297
LINCSCP_30827	0.7766568771	0.03997988681	7	(S)-Tipifarnib	LSM-6259	NA	10uM	MCF7	6h	LINCSCP_30827
LINCSCP_57447	0.7766463459	0.03998435572	7	CHEMBL566899	LSM-3418	NA	10uM	VCAP	6h	LINCSCP_57447
LINCSCP_159210	-0.776628981	0.03999172516	7	Famciclovir	LSM-2990	NA	0.12uM	PC3	24h	LINCSCP_159210
LINCSCP_92032	-0.7766273927	0.03999239925	7	Gaboxadol	LSM-5947	GABRA1|GABRA2|GABRA3|GABRA4|GABRA5|GABRA6|GABRB1|GABRB2|GABRB3|GABRD	10uM	HA1E	24h	LINCSCP_92032
LINCSCP_106134	0.7766018618	0.04000323573	7	SPECTRUM_000224	LSM-1905	NA	0.37uM	HELA	24h	LINCSCP_106134
LINCSCP_137789	0.7765973828	0.04000513699	7	Veliparib (ABT-888)	LSM-45805	NA	0.04uM	MCF7	24h	LINCSCP_137789
LINCSCP_170061	0.7765904346	0.04000808645	7	AZ628	LSM-1050	BRAF|RAF1	0.37uM	YAPC	24h	LINCSCP_170061
LINCSCP_164928	-0.7765400323	0.04002948563	7	amcinonide	NA	NA	0.37uM	SKL.C	24h	LINCSCP_164928
LINCSCP_126966	0.7765318715	0.04003295104	7	179324-69-7	LSM-6281	ADRM1|PSMA1|PSMA2|PSMA3|PSMA4|PSMA5|PSMA6|PSMA7|PSMA8|PSMB1|PSMB10|PSMB11|PSMB2|PSMB3|PSMB4|PSMB5|PSMB6|PSMB7|PSMB8|PSMB9|PSMC1|PSMC2|PSMC3|PSMC4|PSMC5|PSMC6|PSMD1|PSMD11|PSMD12|PSMD13|PSMD14|PSMD2|PSMD3|PSMD4|PSMD6|PSMD7|PSMD8|SEM1	20uM	HT29	24h	LINCSCP_126966
LINCSCP_66488	-0.7765254276	0.04003568751	7	Vorinostat	LSM-3828	HDAC1|HDAC2|HDAC3|HDAC6|HDAC8	1uM	A375	24h	LINCSCP_66488
LINCSCP_111563	-0.7765145558	0.04004030452	7	Sorafenib	LSM-1008	BRAF|DDR2|FGFR1|FLT1|FLT3|FLT4|KDR|KIT|PDGFRB|RAF1|RET	0.12uM	HEPG2	24h	LINCSCP_111563
LINCSCP_42953	0.7765010517	0.04004603985	7	BRD-K09069264	LSM-6970	NA	10uM	NPC	24h	LINCSCP_42953
LINCSCP_62311	0.7764820373	0.04005411624	7	BRD-K69792693-001-01-5	LSM-12689	NA	5uM	VCAP	24h	LINCSCP_62311
LINCSCP_115427	-0.7764811374	0.04005449849	7	Momelotinib	LSM-1141	JAK1|JAK2	0.04uM	HS578T	3h	LINCSCP_115427
LINCSCP_110830	-0.7764652048	0.04006126661	7	Mycophenolate Mofetil	LSM-43041	IMPDH1|IMPDH2	0.37uM	HELA	24h	LINCSCP_110830
LINCSCP_27632	0.7764440048	0.04007027332	7	BRD-K99055802	LSM-14511	NA	5uM	HT29	24h	LINCSCP_27632
LINCSCP_22132	0.7764373982	0.04007308031	7	MLS001065843	LSM-1459	NA	10uM	HEPG2	6h	LINCSCP_22132
LINCSCP_204060	0.7764288527	0.04007671123	7	Cucurbitacin I	LSM-42825	JAK2|STAT3	10uM	ASC	24h	LINCSCP_204060
LINCSCP_85374	0.7764233111	0.04007906595	7	Erlotinib	LSM-1097	EGFR	10uM	BT20	24h	LINCSCP_85374
LINCSCP_3271	-0.7764150954	0.04008255707	7	BRD-K55065943-001-01-0	LSM-11765	NA	5uM	A375	24h	LINCSCP_3271
LINCSCP_112853	-0.776408042	0.04008555442	7	GSK-2334470	LSM-1222	PDK1|PDPK1	0.04uM	HEPG2	24h	LINCSCP_112853
LINCSCP_52285	0.7764058711	0.04008647695	7	BRD-K76938712	LSM-41474	NA	10uM	SKB	24h	LINCSCP_52285
LINCSCP_65247	0.7764056107	0.04008658764	7	BRD-K25029498	LSM-38636	NA	10uM	VCAP	24h	LINCSCP_65247
LINCSCP_65235	0.7763911859	0.04009271793	7	CHEMBL2358401	LSM-15117	NA	10uM	VCAP	24h	LINCSCP_65235
LINCSCP_165667	0.7763775792	0.04009850101	7	Olaparib	LSM-1145	PARP1|PARP2|PARP3	0.37uM	SKL	24h	LINCSCP_165667
LINCSCP_50096	-0.7763690636	0.04010212054	7	15332-10-2	LSM-2515	NA	10uM	PHH	24h	LINCSCP_50096
LINCSCP_120660	0.7763598201	0.04010604967	7	MG-132	LSM-1107	PSMB1	20uM	HT29	24h	LINCSCP_120660
LINCSCP_223312	0.7763538977	0.04010856717	7	Rhamnetin	LSM-2821	ALOX5	10uM	HT29	6h	LINCSCP_223312
LINCSCP_84358	-0.7763441933	0.04011269257	7	Idelalisib	LSM-1205	PIK3CD|PIK3CG	10uM	ASC	24h	LINCSCP_84358
LINCSCP_19957	0.7763308873	0.04011834942	7	5-Phenethylquinoline-8-ol	LSM-4135	NA	10uM	HCC515	6h	LINCSCP_19957
LINCSCP_8527	-0.7763218716	0.04012218257	7	BRD-K57611352	LSM-6753	NA	5uM	A549	24h	LINCSCP_8527
LINCSCP_138150	0.7763201182	0.04012292808	7	179324-69-7	LSM-6281	ADRM1|PSMA1|PSMA2|PSMA3|PSMA4|PSMA5|PSMA6|PSMA7|PSMA8|PSMB1|PSMB10|PSMB11|PSMB2|PSMB3|PSMB4|PSMB5|PSMB6|PSMB7|PSMB8|PSMB9|PSMC1|PSMC2|PSMC3|PSMC4|PSMC5|PSMC6|PSMD1|PSMD11|PSMD12|PSMD13|PSMD14|PSMD2|PSMD3|PSMD4|PSMD6|PSMD7|PSMD8|SEM1	20uM	MCF7	24h	LINCSCP_138150
LINCSCP_42756	-0.776313846	0.04012559491	7	Iodophenpropit	LSM-3151	HRH3|HRH4	10uM	NPC	24h	LINCSCP_42756
LINCSCP_167642	0.7762892216	0.04013606583	7	Simvastatin	LSM-2492	HMGCR	10uM	YAPC	24h	LINCSCP_167642
LINCSCP_25601	0.7762817208	0.04013925564	7	ZM336372	LSM-6268	NA	100uM	HT29	24h	LINCSCP_25601
LINCSCP_269924	-0.776248479	0.04015339391	7	Pramipexole	LSM-5243	DRD2|DRD3|DRD4	10uM	PC3	6h	LINCSCP_269924
LINCSCP_189186	0.776247466	0.04015382479	7	Flunisolide	LSM-3089	NR3C1	10uM	A549	6h	LINCSCP_189186
LINCSCP_155537	0.7762270167	0.04016252362	7	MG-132	LSM-1107	PSMB1	20uM	PC3	24h	LINCSCP_155537
LINCSCP_88856	-0.7762163869	0.04016704577	7	CX-5461	LSM-6342	NA	10uM	HA1E	24h	LINCSCP_88856
LINCSCP_67098	0.7762038667	0.04017237255	7	Trichostatin A, Streptomyces Sp.	LSM-42814	HDAC1|HDAC10|HDAC3|HDAC4|HDAC6|HDAC7|HDAC8	10uM	HT29	6h	LINCSCP_67098
LINCSCP_138773	0.7761877062	0.04017924863	7	MG-132	LSM-1107	PSMB1	20uM	MCF7	24h	LINCSCP_138773
LINCSCP_14664	-0.7761862913	0.0401798507	7	Brazilin	LSM-1844	NA	10uM	HA1E	24h	LINCSCP_14664
LINCSCP_81445	-0.7761842764	0.04018070806	7	Pictilisib	LSM-1047	PIK3CA|PIK3CB|PIK3CD|PIK3CG|PIK3R1|PIK3R2|PIK3R3|PIK3R5	0.37uM	A549	24h	LINCSCP_81445
LINCSCP_63595	0.7761822353	0.04018157658	7	BRD-K41430135	LSM-10945	NA	5uM	VCAP	6h	LINCSCP_63595
LINCSCP_89904	0.7761422391	0.04019859782	7	MG-132	LSM-1107	PSMB1	20uM	HA1E	24h	LINCSCP_89904
LINCSCP_156257	0.776123315	0.04020665279	7	MG-132	LSM-1107	PSMB1	20uM	PC3	24h	LINCSCP_156257
LINCSCP_138873	0.7761219006	0.04020725486	7	179324-69-7	LSM-6281	ADRM1|PSMA1|PSMA2|PSMA3|PSMA4|PSMA5|PSMA6|PSMA7|PSMA8|PSMB1|PSMB10|PSMB11|PSMB2|PSMB3|PSMB4|PSMB5|PSMB6|PSMB7|PSMB8|PSMB9|PSMC1|PSMC2|PSMC3|PSMC4|PSMC5|PSMC6|PSMD1|PSMD11|PSMD12|PSMD13|PSMD14|PSMD2|PSMD3|PSMD4|PSMD6|PSMD7|PSMD8|SEM1	20uM	MCF7	24h	LINCSCP_138873
LINCSCP_117436	-0.7761213473	0.04020749038	7	I-BET151	LSM-6335	NA	0.04uM	HT29	24h	LINCSCP_117436
LINCSCP_36880	-0.7761038309	0.04021494702	7	Linsitinib	LSM-1135	IGF1R|INSR	10uM	MCF7	6h	LINCSCP_36880
LINCSCP_153410	-0.7760862394	0.04022243641	7	BUDIPINE	LSM-45817	NA	1.11uM	PC3	24h	LINCSCP_153410
LINCSCP_58542	-0.7760676321	0.04023035911	7	GSK-1904529A	LSM-1134	IGF1R|INSR	10uM	VCAP	24h	LINCSCP_58542
LINCSCP_118336	0.7760639368	0.04023193265	7	179324-69-7	LSM-6281	ADRM1|PSMA1|PSMA2|PSMA3|PSMA4|PSMA5|PSMA6|PSMA7|PSMA8|PSMB1|PSMB10|PSMB11|PSMB2|PSMB3|PSMB4|PSMB5|PSMB6|PSMB7|PSMB8|PSMB9|PSMC1|PSMC2|PSMC3|PSMC4|PSMC5|PSMC6|PSMD1|PSMD11|PSMD12|PSMD13|PSMD14|PSMD2|PSMD3|PSMD4|PSMD6|PSMD7|PSMD8|SEM1	20uM	HT29	24h	LINCSCP_118336
LINCSCP_86321	-0.7760299885	0.04024638984	7	BMS-387032	LSM-1132	CDK2|CDK7|CDK9	0.04uM	BT20	3h	LINCSCP_86321
LINCSCP_615	0.7760234747	0.04024916412	7	Rosiglitazone	LSM-1949	PPARG	80uM	A375	24h	LINCSCP_615
LINCSCP_54177	-0.7760019882	0.04025831618	7	BAY-117821	LSM-42889	NA	10uM	SW620	6h	LINCSCP_54177
LINCSCP_27627	-0.7759669133	0.04027325861	7	BRD-K93330237	LSM-14152	NA	5uM	HT29	24h	LINCSCP_27627
LINCSCP_84729	-0.7759662867	0.04027352557	7	Rabusertib	LSM-36359	CHEK1	3.33uM	ASC	24h	LINCSCP_84729
LINCSCP_5529	0.7759616451	0.04027550318	7	SCHEMBL2559280	LSM-3182	NA	10uM	A549	6h	LINCSCP_5529
LINCSCP_146229	-0.7759611264	0.04027572421	7	SB525334	LSM-1121	TGFBR1	10uM	MNEU.E	24h	LINCSCP_146229
LINCSCP_158114	-0.7759069888	0.04029879445	7	Palbociclib	LSM-1071	CCND1|CDK4|CDK6	0.04uM	PC3	24h	LINCSCP_158114
LINCSCP_104557	0.7759051865	0.04029956257	7	MK-0812	LSM-45856	NA	1.11uM	HELA	24h	LINCSCP_104557
LINCSCP_20513	0.7759010432	0.04030132852	7	STK249718	LSM-6671	NA	10uM	HCC515	6h	LINCSCP_20513
LINCSCP_124448	0.775895461	0.04030370785	7	179324-69-7	LSM-6281	ADRM1|PSMA1|PSMA2|PSMA3|PSMA4|PSMA5|PSMA6|PSMA7|PSMA8|PSMB1|PSMB10|PSMB11|PSMB2|PSMB3|PSMB4|PSMB5|PSMB6|PSMB7|PSMB8|PSMB9|PSMC1|PSMC2|PSMC3|PSMC4|PSMC5|PSMC6|PSMD1|PSMD11|PSMD12|PSMD13|PSMD14|PSMD2|PSMD3|PSMD4|PSMD6|PSMD7|PSMD8|SEM1	20uM	HT29	24h	LINCSCP_124448
LINCSCP_26555	0.7758952746	0.0403037873	7	AC1NUE3V	LSM-43141	DUSP1|DUSP6	10uM	HT29	6h	LINCSCP_26555
LINCSCP_93019	-0.7758944863	0.0403041233	7	Ledipasvir	LSM-45925	NA	0.04uM	HA1E	24h	LINCSCP_93019
LINCSCP_21460	-0.7758890084	0.0403064582	7	SPECTRUM_001133	LSM-1434	NR3C2	10uM	HEPG2	6h	LINCSCP_21460
LINCSCP_254918	-0.7758605719	0.04031858038	7	Genistein	LSM-5549	CFTR|ESR2	0.37uM	MCF7	24h	LINCSCP_254918
LINCSCP_24398	-0.7758345859	0.04032965966	7	MLN-8054	LSM-1066	AURKA	1uM	HS578T	24h	LINCSCP_24398
LINCSCP_67141	0.7757921031	0.04034777608	7	Vorinostat	LSM-3828	HDAC1|HDAC2|HDAC3|HDAC6|HDAC8	10uM	HT29	24h	LINCSCP_67141
LINCSCP_33018	-0.7757680882	0.04035801902	7	MDL 29951	LSM-3330	FBP1	10uM	MCF7	6h	LINCSCP_33018
LINCSCP_137682	0.77575613	0.04036312003	7	Fenticonazole Nitrate	LSM-45431	NA	10uM	MCF7	24h	LINCSCP_137682
LINCSCP_93188	0.7757483701	0.04036643035	7	Esmolol	LSM-4957	ADRB1|ADRB2	10uM	HA1E	24h	LINCSCP_93188
LINCSCP_123450	0.7757144357	0.04038090833	7	179324-69-7	LSM-6281	ADRM1|PSMA1|PSMA2|PSMA3|PSMA4|PSMA5|PSMA6|PSMA7|PSMA8|PSMB1|PSMB10|PSMB11|PSMB2|PSMB3|PSMB4|PSMB5|PSMB6|PSMB7|PSMB8|PSMB9|PSMC1|PSMC2|PSMC3|PSMC4|PSMC5|PSMC6|PSMD1|PSMD11|PSMD12|PSMD13|PSMD14|PSMD2|PSMD3|PSMD4|PSMD6|PSMD7|PSMD8|SEM1	20uM	HT29	24h	LINCSCP_123450
LINCSCP_163786	-0.7757131373	0.04038146234	7	13-Hydroxy-8,14,19-trimethoxy-4,10,12,16-tetramethyl-3,20,22-trioxo-2-azabicyclo[16.3.1]docosa-1(21),4,6,10,18-pentaen-9-yl carbamate	LSM-42815	HSP90AA1	3.33uM	SKBR3	24h	LINCSCP_163786
LINCSCP_50561	-0.7756589119	0.04040460353	7	QS-11	LSM-5212	ARFGAP1	10uM	PL21	6h	LINCSCP_50561
LINCSCP_125525	0.7756348831	0.04041486035	7	179324-69-7	LSM-6281	ADRM1|PSMA1|PSMA2|PSMA3|PSMA4|PSMA5|PSMA6|PSMA7|PSMA8|PSMB1|PSMB10|PSMB11|PSMB2|PSMB3|PSMB4|PSMB5|PSMB6|PSMB7|PSMB8|PSMB9|PSMC1|PSMC2|PSMC3|PSMC4|PSMC5|PSMC6|PSMD1|PSMD11|PSMD12|PSMD13|PSMD14|PSMD2|PSMD3|PSMD4|PSMD6|PSMD7|PSMD8|SEM1	20uM	HT29	24h	LINCSCP_125525
LINCSCP_251786	0.7756287737	0.04041746841	7	Canertinib	LSM-1120	EGFR|ERBB2|ERBB4	1uM	MCF7	24h	LINCSCP_251786
LINCSCP_103727	-0.775628043	0.04041778038	7	Acyclovir	LSM-5459	NA	10uM	HELA	24h	LINCSCP_103727
LINCSCP_136782	-0.7756115698	0.04042481319	7	Camostat Mesilate	LSM-45240	NA	10uM	MCF7	24h	LINCSCP_136782
LINCSCP_103671	0.7756017901	0.04042898867	7	SPECTRUM_001522	LSM-1487	NR3C1	0.12uM	HELA	24h	LINCSCP_103671
LINCSCP_44641	0.7755903653	0.04043386688	7	AG-957	LSM-2807	ABL1|EGFR	10uM	PC3	6h	LINCSCP_44641
LINCSCP_31289	0.7755885206	0.04043465457	7	VU0418947-2	LSM-3725	NA	10uM	MCF7	6h	LINCSCP_31289
LINCSCP_155178	0.7755861112	0.04043568338	7	MG-132	LSM-1107	PSMB1	20uM	PC3	24h	LINCSCP_155178
LINCSCP_124869	-0.7755810889	0.04043782797	7	OSI-906 (Linsitinib)	LSM-45278	IGF1R|INSR	0.12uM	HT29	24h	LINCSCP_124869
LINCSCP_164891	-0.7755810129	0.04043786046	7	Rabusertib	LSM-36359	CHEK1	0.04uM	SKL.C	24h	LINCSCP_164891
LINCSCP_93215	0.7755724151	0.04044153199	7	Labetalol	LSM-1282	ADRA1A|ADRA1B|ADRA1D|ADRA2A|ADRA2B|ADRA2C|ADRB1|ADRB2|ADRB3	0.37uM	HA1E	24h	LINCSCP_93215
LINCSCP_57137	-0.7755668356	0.04044391468	7	SMR000162699	LSM-3117	NA	40uM	VCAP	6h	LINCSCP_57137
LINCSCP_47021	-0.7755564344	0.04044835673	7	Entinostat	LSM-4811	HDAC1|HDAC10|HDAC11|HDAC2|HDAC3|HDAC4|HDAC5|HDAC6|HDAC7|HDAC8|HDAC9	10uM	PC3	6h	LINCSCP_47021
LINCSCP_152035	-0.7755477577	0.04045206248	7	I-BET151	LSM-6335	NA	0.12uM	PC3	24h	LINCSCP_152035
LINCSCP_50743	0.7755444139	0.04045349064	7	Prostoglandin A1	LSM-42846	NA	1uM	RKO	6h	LINCSCP_50743
LINCSCP_47051	0.7755394323	0.04045561836	7	Bosutinib	LSM-1190	ABL1|BCR|CAMK2G|HCK|LYN|SRC	10uM	PC3	6h	LINCSCP_47051
LINCSCP_13206	0.7755207868	0.04046358274	7	Suberohydroxamic acid	LSM-37125	NA	10uM	FIBRNPC	24h	LINCSCP_13206
LINCSCP_54197	0.7755195102	0.04046412807	7	Lexibulin	LSM-6232	TUBA1A|TUBA1B|TUBA1C|TUBA3E|TUBA4A|TUBB|TUBB1|TUBB2A|TUBB2B|TUBB3|TUBB4A|TUBB4B|TUBB6|TUBB8	1uM	SW620	6h	LINCSCP_54197
LINCSCP_222147	0.7755076258	0.04046920497	7	BRD-K26684619	LSM-45323	NA	0.5uM	HL60	24h	LINCSCP_222147
LINCSCP_58240	0.7755065179	0.04046967825	7	Dichloroacetic acid	LSM-5314	NA	10uM	VCAP	6h	LINCSCP_58240
LINCSCP_21452	-0.7754614187	0.04048894747	7	Alfuzosin	LSM-1291	ADRA1A|ADRA1B|ADRA1D	10uM	HEPG2	6h	LINCSCP_21452
LINCSCP_58092	0.7754449471	0.04049598642	7	Midazolam	LSM-5200	GABRA1|GABRA2|GABRA3|GABRA4|GABRA5|GABRA6|GABRB1|GABRB2|GABRB3|GABRD|GABRE|GABRG1|GABRG2|GABRG3|GABRP|GABRQ	10uM	VCAP	24h	LINCSCP_58092
LINCSCP_28782	0.7754370137	0.04049937692	7	Tyrphostin A9	LSM-4617	NA	3uM	HUH7	24h	LINCSCP_28782
LINCSCP_26552	0.7754214588	0.04050602508	7	JW-7-24-1	LSM-42734	LCK	10uM	HT29	6h	LINCSCP_26552
LINCSCP_117879	-0.7754204022	0.04050647668	7	ITK Inhibitor	LSM-1043	ITK	10uM	HT29	24h	LINCSCP_117879
LINCSCP_92043	0.7754092516	0.04051124287	7	GSK-923295	LSM-45692	NA	0.04uM	HA1E	24h	LINCSCP_92043
LINCSCP_125835	-0.7753794724	0.04052397306	7	Nafronyl	LSM-1730	NA	0.04uM	HT29	24h	LINCSCP_125835
LINCSCP_28082	-0.775366275	0.04052961549	7	BRD-K43782840	LSM-39685	NA	5uM	HT29	24h	LINCSCP_28082
LINCSCP_132865	0.775354688	0.04053456971	7	TORIN1	LSM-1079	MTOR	1.11uM	MCF7	24h	LINCSCP_132865
LINCSCP_212365	0.7753414884	0.04054021392	7	Oxymetholone	LSM-36952	AR	20uM	HA1E	6h	LINCSCP_212365
LINCSCP_294604	0.7753274631	0.04054621162	7	CHEMBL1332325	LSM-2845	NA	10uM	VCAP	6h	LINCSCP_294604
LINCSCP_133103	0.7753222112	0.04054845765	7	Linifanib	LSM-1183	CSF1R|FLT1|FLT3|FLT4|KDR|PDGFRA|PDGFRB	10uM	MCF7	3h	LINCSCP_133103
LINCSCP_129770	-0.775298742	0.04055849532	7	Tamatinib	LSM-1040	SYK	3.33uM	LNCAP	24h	LINCSCP_129770
LINCSCP_113120	0.7752949061	0.04056013603	7	Canertinib	LSM-1120	EGFR|ERBB2|ERBB4	0.12uM	HME1	24h	LINCSCP_113120
LINCSCP_49270	0.7752882814	0.04056296972	7	Panobinostat	LSM-43059	HDAC1|HDAC10|HDAC11|HDAC2|HDAC3|HDAC4|HDAC5|HDAC6|HDAC7|HDAC8|HDAC9	10uM	PC3	6h	LINCSCP_49270
LINCSCP_130278	0.7752791246	0.04056688663	7	Linifanib	LSM-1183	CSF1R|FLT1|FLT3|FLT4|KDR|PDGFRA|PDGFRB	10uM	LNCAP	3h	LINCSCP_130278
LINCSCP_136422	-0.775270977	0.04057037205	7	Rufinamide	LSM-45759	SCN10A|SCN11A|SCN1A|SCN2A|SCN3A|SCN4A|SCN5A|SCN7A|SCN8A|SCN9A	0.04uM	MCF7	24h	LINCSCP_136422
LINCSCP_42376	0.7752612913	0.04057451564	7	AZ628	LSM-1050	BRAF|RAF1	10uM	NPC	24h	LINCSCP_42376
LINCSCP_244788	-0.7752488274	0.04057984812	7	Phenylbutazone	LSM-2219	PTGS1|PTGS2	10uM	MCF7	6h	LINCSCP_244788
LINCSCP_20074	0.7752344828	0.04058598569	7	CHEMBL2130568	LSM-29353	NA	10uM	HCC515	6h	LINCSCP_20074
LINCSCP_3491	0.7752333671	0.04058646311	7	BRD-K37795473-019-01-5	LSM-44553	NA	5uM	A375	24h	LINCSCP_3491
LINCSCP_164852	0.7752236834	0.04059060676	7	PD-0325901	LSM-1101	MAP2K1|MAP2K2	1.11uM	SKL.C	24h	LINCSCP_164852
LINCSCP_27285	0.775191782	0.040604259	7	Ascorbic-acid	LSM-5152	SLC23A1	10uM	HT29	6h	LINCSCP_27285
LINCSCP_39960	0.7751763472	0.04061086527	7	CID-2858522	LSM-3337	NA	10uM	NCIH1836	6h	LINCSCP_39960
LINCSCP_30692	0.7751569317	0.04061917615	7	CYTO7H11	LSM-4351	BAX	10uM	MCF7	6h	LINCSCP_30692
LINCSCP_1965	0.7751365056	0.04062792063	7	SCHEMBL15422158	LSM-44565	NA	10uM	A375	6h	LINCSCP_1965
LINCSCP_11887	0.7751298545	0.04063076823	7	CI-1040	LSM-1048	MAP2K1|MAP2K2	0.1uM	BT20	6h	LINCSCP_11887
LINCSCP_85930	-0.7751108045	0.04063892486	7	CGP 60474	LSM-1025	CDK1	0.12uM	BT20	24h	LINCSCP_85930
LINCSCP_33767	0.7751014063	0.04064294922	7	Capsazepine	LSM-2983	TRPV1	10uM	MCF7	6h	LINCSCP_33767
LINCSCP_6224	0.7750960299	0.04064525153	7	NCGC00172361-01	LSM-36761	NA	10uM	A549	24h	LINCSCP_6224
LINCSCP_132555	-0.7750935038	0.04064633329	7	Alvocidib	LSM-1011	CDK1|CDK2|CDK4|CDK5|CDK6|CDK7|CDK8|CDK9|EGFR|PYGM	0.12uM	MCF7	24h	LINCSCP_132555
LINCSCP_85929	-0.7750770747	0.04065336916	7	CGP 60474	LSM-1025	CDK1	0.37uM	BT20	24h	LINCSCP_85929
LINCSCP_39664	-0.7750565776	0.04066214814	7	TWS 119	LSM-1111	GSK3B	0.5uM	MDAMB231	6h	LINCSCP_39664
LINCSCP_5373	0.7750391203	0.04066962596	7	CHEMBL1456638	LSM-42884	NA	10uM	A549	24h	LINCSCP_5373
LINCSCP_16566	-0.7750339941	0.04067182193	7	F3284-4453	LSM-4777	NA	10uM	HA1E	6h	LINCSCP_16566
LINCSCP_116267	-0.7750306422	0.04067325783	7	C21H27N7O3	LSM-1128	AKT1|AKT2|AKT3|PRKCQ	1.11uM	HT29	24h	LINCSCP_116267
LINCSCP_50229	-0.775008162	0.04068288882	7	Fenbendazole	LSM-3134	TUBB	10uM	PHH	24h	LINCSCP_50229
LINCSCP_281353	0.7750067972	0.0406834736	7	ST50920250	LSM-4230	NA	10uM	PHH	24h	LINCSCP_281353
LINCSCP_113582	0.7749790025	0.04069538325	7	noscapine	NA	NA	0.04uM	HME1	3h	LINCSCP_113582
LINCSCP_45021	0.7749693969	0.04069949958	7	Lonidamine	LSM-6272	NA	100uM	PC3	24h	LINCSCP_45021
LINCSCP_9062	0.7749685574	0.04069985935	7	BRD-K63000292	LSM-12262	NA	10uM	A549	24h	LINCSCP_9062
LINCSCP_158427	0.7749129772	0.04072368201	7	3-(4-Pyridyl)indole	LSM-4569	ROCK1	10uM	PC3	24h	LINCSCP_158427
LINCSCP_48196	0.7748672256	0.04074329774	7	BRD-K63158888	LSM-44813	NA	5uM	PC3	24h	LINCSCP_48196
LINCSCP_55729	0.7748453028	0.04075269883	7	SKF 81297	LSM-1301	DRD1|DRD5	10uM	VCAP	6h	LINCSCP_55729
LINCSCP_19111	-0.7748348425	0.04075718494	7	Bromhexine	LSM-3048	NA	10uM	HCC515	6h	LINCSCP_19111
LINCSCP_312205	0.7748247856	0.04076149826	7	BRD-K74200139	LSM-41306	NA	10uM	VCAP	6h	LINCSCP_312205
LINCSCP_81109	-0.7747974164	0.04077323805	7	CHEMBL1083527	LSM-1122	NA	0.37uM	A549	24h	LINCSCP_81109
LINCSCP_4475	0.774765628	0.04078687576	7	ZINC01050121	LSM-6210	NA	20uM	A549	24h	LINCSCP_4475
LINCSCP_153265	-0.7747652394	0.0407870425	7	Bendamustine HCl	LSM-45554	NA	10uM	PC3	24h	LINCSCP_153265
LINCSCP_19622	0.7747575771	0.0407903301	7	Nifedipine	LSM-4176	CACNA1C|CACNA1D|CACNA1F|CACNA1S|CACNA2D1	10uM	HCC515	6h	LINCSCP_19622
LINCSCP_26722	0.7747410344	0.04079742849	7	SCHEMBL16980224	LSM-1092	AURKA	10uM	HT29	6h	LINCSCP_26722
LINCSCP_31944	0.7747401798	0.0407977952	7	CHEMBL2139663	LSM-29347	NA	10uM	MCF7	24h	LINCSCP_31944
LINCSCP_124616	0.7747382505	0.04079862313	7	MG-132	LSM-1107	PSMB1	20uM	HT29	24h	LINCSCP_124616
LINCSCP_24793	-0.7747370366	0.04079914405	7	Gefitinib	LSM-1098	EGFR	1uM	HS578T	24h	LINCSCP_24793
LINCSCP_170440	0.7747154733	0.04080839798	7	1,3-Dipropyl-8-cyclopentylxanthine	LSM-19971	NA	0.12uM	YAPC	24h	LINCSCP_170440
LINCSCP_251506	0.7746811884	0.04082311384	7	CI-1040	LSM-1048	MAP2K1|MAP2K2	10uM	MCF7	6h	LINCSCP_251506
LINCSCP_177960	0.7746372032	0.04084199756	7	MLS003221389	LSM-4220	NA	10uM	A375	24h	LINCSCP_177960
LINCSCP_205836	-0.7745976488	0.04085898318	7	Fatostatin	LSM-6295	SREBF1|SREBF2	10uM	CL34	6h	LINCSCP_205836
LINCSCP_267253	-0.7745935546	0.04086074152	7	Itrazole	LSM-5032	NA	10uM	PC3	24h	LINCSCP_267253
LINCSCP_156616	0.7745905144	0.04086204728	7	MG-132	LSM-1107	PSMB1	20uM	PC3	24h	LINCSCP_156616
LINCSCP_99367	-0.7745551463	0.04087723911	7	Crizotinib	LSM-1027	ALK|MET	3.33uM	HCC515	24h	LINCSCP_99367
LINCSCP_52620	0.7745412523	0.04088320795	7	SB-202190	LSM-3209	MAPK14	10uM	SKB	24h	LINCSCP_52620
LINCSCP_48572	0.774537533	0.04088480583	7	CHEMBL2140651	LSM-13022	NA	10uM	PC3	24h	LINCSCP_48572
LINCSCP_121463	0.7745232049	0.04089096174	7	Rilmenidine	LSM-4253	ADRA2A|NISCH	10uM	HT29	24h	LINCSCP_121463
LINCSCP_302345	0.7745138367	0.04089498702	7	BRD-K47569804-001-01-0	LSM-11326	NA	5uM	VCAP	6h	LINCSCP_302345
LINCSCP_116814	0.7745052481	0.04089867747	7	AS-605240	LSM-42784	PIK3CG	0.37uM	HT29	24h	LINCSCP_116814
LINCSCP_59792	0.7744864341	0.04090676235	7	BRD-K77644833	LSM-41505	NA	5uM	VCAP	6h	LINCSCP_59792
LINCSCP_115394	0.7744682143	0.04091459276	7	13-Hydroxy-8,14,19-trimethoxy-4,10,12,16-tetramethyl-3,20,22-trioxo-2-azabicyclo[16.3.1]docosa-1(21),4,6,10,18-pentaen-9-yl carbamate	LSM-42815	HSP90AA1	1.11uM	HS578T	3h	LINCSCP_115394
LINCSCP_72045	0.7744553458	0.04092012381	7	Oprozomib (ONX 0912)	LSM-45496	NA	0.12uM	A375	24h	LINCSCP_72045
LINCSCP_116193	0.7744348369	0.04092893961	7	Vemurafenib	LSM-1068	BRAF	10uM	HT29	24h	LINCSCP_116193
LINCSCP_97503	0.7744194342	0.04093556125	7	Mifobate	LSM-1761	PPARG	0.12uM	HA1E	24h	LINCSCP_97503
LINCSCP_39645	-0.7743979093	0.04094481574	7	SAR245409	LSM-1174	NA	0.5uM	MDAMB231	6h	LINCSCP_39645
LINCSCP_138237	0.7743654099	0.04095879091	7	179324-69-7	LSM-6281	ADRM1|PSMA1|PSMA2|PSMA3|PSMA4|PSMA5|PSMA6|PSMA7|PSMA8|PSMB1|PSMB10|PSMB11|PSMB2|PSMB3|PSMB4|PSMB5|PSMB6|PSMB7|PSMB8|PSMB9|PSMC1|PSMC2|PSMC3|PSMC4|PSMC5|PSMC6|PSMD1|PSMD11|PSMD12|PSMD13|PSMD14|PSMD2|PSMD3|PSMD4|PSMD6|PSMD7|PSMD8|SEM1	20uM	MCF7	24h	LINCSCP_138237
LINCSCP_138958	0.7743599848	0.04096112403	7	179324-69-7	LSM-6281	ADRM1|PSMA1|PSMA2|PSMA3|PSMA4|PSMA5|PSMA6|PSMA7|PSMA8|PSMB1|PSMB10|PSMB11|PSMB2|PSMB3|PSMB4|PSMB5|PSMB6|PSMB7|PSMB8|PSMB9|PSMC1|PSMC2|PSMC3|PSMC4|PSMC5|PSMC6|PSMD1|PSMD11|PSMD12|PSMD13|PSMD14|PSMD2|PSMD3|PSMD4|PSMD6|PSMD7|PSMD8|SEM1	20uM	MCF7	24h	LINCSCP_138958
LINCSCP_118419	0.77435417	0.04096362481	7	179324-69-7	LSM-6281	ADRM1|PSMA1|PSMA2|PSMA3|PSMA4|PSMA5|PSMA6|PSMA7|PSMA8|PSMB1|PSMB10|PSMB11|PSMB2|PSMB3|PSMB4|PSMB5|PSMB6|PSMB7|PSMB8|PSMB9|PSMC1|PSMC2|PSMC3|PSMC4|PSMC5|PSMC6|PSMD1|PSMD11|PSMD12|PSMD13|PSMD14|PSMD2|PSMD3|PSMD4|PSMD6|PSMD7|PSMD8|SEM1	20uM	HT29	24h	LINCSCP_118419
LINCSCP_312581	-0.7743410795	0.040969255	7	BRD-K90469014	LSM-42209	NA	10uM	VCAP	24h	LINCSCP_312581
LINCSCP_104128	-0.7743226945	0.04097716305	7	KX2-391	LSM-45890	SRC	0.04uM	HELA	24h	LINCSCP_104128
LINCSCP_154730	0.7742845831	0.04099355885	7	MG-132	LSM-1107	PSMB1	20uM	PC3	24h	LINCSCP_154730
LINCSCP_160839	0.7742576127	0.04100516392	7	MG-132	LSM-1107	PSMB1	20uM	PC3	24h	LINCSCP_160839
LINCSCP_190822	-0.7742569097	0.04100546643	7	I-212148	LSM-44586	NA	10uM	A549	6h	LINCSCP_190822
LINCSCP_38104	0.77425443	0.04100653349	7	179324-69-7	LSM-6281	ADRM1|PSMA1|PSMA2|PSMA3|PSMA4|PSMA5|PSMA6|PSMA7|PSMA8|PSMB1|PSMB10|PSMB11|PSMB2|PSMB3|PSMB4|PSMB5|PSMB6|PSMB7|PSMB8|PSMB9|PSMC1|PSMC2|PSMC3|PSMC4|PSMC5|PSMC6|PSMD1|PSMD11|PSMD12|PSMD13|PSMD14|PSMD2|PSMD3|PSMD4|PSMD6|PSMD7|PSMD8|SEM1	5uM	MCF7	6h	LINCSCP_38104
LINCSCP_24708	-0.7742474512	0.04100953677	7	CHEMBL585951	LSM-36386	MAPK8	0.5uM	HS578T	24h	LINCSCP_24708
LINCSCP_11925	-0.7742045657	0.04102799469	7	CHEMBL552425	LSM-1003	DDR1	10uM	BT20	6h	LINCSCP_11925
LINCSCP_243812	0.7741772737	0.04103974359	7	Cefotaxime	LSM-5834	NA	10uM	MCF7	6h	LINCSCP_243812
LINCSCP_23206	0.7741480946	0.04105230691	7	AK-968/11369213	LSM-6608	NA	10uM	HEPG2	6h	LINCSCP_23206
LINCSCP_151260	0.7741423711	0.04105477148	7	Canertinib	LSM-1120	EGFR|ERBB2|ERBB4	0.04uM	PC3	24h	LINCSCP_151260
LINCSCP_48902	0.7741240014	0.04106268209	7	CHEMBL2355600	LSM-37384	NA	10uM	PC3	24h	LINCSCP_48902
LINCSCP_75405	-0.774115139	0.0410664988	7	Lenvatinib (E7080)	LSM-45581	FLT1|FLT4|KDR	3.33uM	A375	24h	LINCSCP_75405
LINCSCP_92655	0.7740879049	0.04107822883	7	Acivicin	LSM-45583	NA	11.2uM	HA1E	24h	LINCSCP_92655
LINCSCP_44395	-0.7740720912	0.04108504085	7	Tazac, Axid, Axid Ar, Nizatidine	LSM-42963	HRH2	10uM	PC3	24h	LINCSCP_44395
LINCSCP_86070	0.7740704186	0.04108576136	7	Selumetinib	LSM-1056	MAP2K1|MAP2K2	10uM	BT20	24h	LINCSCP_86070
LINCSCP_87819	0.774053033	0.0410932513	7	TWS 119	LSM-1111	GSK3B	3.33uM	HA1E	24h	LINCSCP_87819
LINCSCP_37676	-0.7740054771	0.04111374275	7	Tolazamide	LSM-2699	ABCC8|KCNJ11	1uM	MCF7	24h	LINCSCP_37676
LINCSCP_57101	0.7740052481	0.04111384141	7	CHEMBL1434137	LSM-6234	RARG	40uM	VCAP	6h	LINCSCP_57101
LINCSCP_21268	0.7740050172	0.04111394095	7	Neratinib	LSM-42778	EGFR|ERBB2|ERBB4	10uM	HCT116	6h	LINCSCP_21268
LINCSCP_116421	-0.7739952953	0.04111813072	7	Dactolisib	LSM-4255	MTOR|PIK3CA|PIK3CB|PIK3CD|PIK3CG|PIK3R1|PIK3R2|PIK3R3|PIK3R5	10uM	HT29	24h	LINCSCP_116421
LINCSCP_102812	0.7739795303	0.04112492537	7	Propranolol	LSM-4329	ADRB1|ADRB2|ADRB3	0.04uM	HELA	24h	LINCSCP_102812
LINCSCP_8114	0.7739794137	0.04112497562	7	BRD-K19418153	LSM-38318	NA	5uM	A549	24h	LINCSCP_8114
LINCSCP_156977	0.7739776764	0.04112572446	7	MG-132	LSM-1107	PSMB1	20uM	PC3	24h	LINCSCP_156977
LINCSCP_30606	-0.773974047	0.04112728881	7	Pevonedistat	LSM-6263	NAE1|UBA3	10uM	MCF7	24h	LINCSCP_30606
LINCSCP_69494	0.7739730171	0.04112773274	7	PD-173074	LSM-1026	FGFR1|FGFR3	10uM	A375	24h	LINCSCP_69494
LINCSCP_164868	0.7739695227	0.04112923892	7	NU-7026	LSM-2191	PRKDC	10uM	SKL.C	24h	LINCSCP_164868
LINCSCP_164778	-0.7739619916	0.04113248521	7	Rucaparib	LSM-4947	PARP1|PARP2|PARP3	10uM	SKL.C	24h	LINCSCP_164778
LINCSCP_160586	0.773960333	0.04113320018	7	SKF-83959	LSM-45641	NA	10uM	PC3	24h	LINCSCP_160586
LINCSCP_91291	-0.7739238314	0.04114893638	7	Sufentanil	LSM-45544	OPRM1	10uM	HA1E	24h	LINCSCP_91291
LINCSCP_271330	-0.7738768828	0.04116918127	7	ZSTK 474	LSM-1053	PIK3CG	10uM	PC3	6h	LINCSCP_271330
LINCSCP_38533	0.7738708748	0.04117177239	7	ENMD-2076	LSM-45335	AURKA|AURKB|CSF1R|FGFR3|FLT3|KDR|KIT|PDGFRA|SRC	10uM	MCF7	24h	LINCSCP_38533
LINCSCP_121815	-0.7738575284	0.04117752875	7	PF-04691502	LSM-45239	MTOR|PIK3CA|PIK3CB|PIK3CD|PIK3CG|PIK3R1|PIK3R2|PIK3R3|PIK3R5	0.12uM	HT29	24h	LINCSCP_121815
LINCSCP_39121	0.7738463292	0.04118235932	7	PD-173074	LSM-1026	FGFR1|FGFR3	0.5uM	MDAMB231	24h	LINCSCP_39121
LINCSCP_36203	0.7738367383	0.04118649646	7	SCHEMBL16226502	LSM-43056	HSP90AA1	0.01uM	MCF7	24h	LINCSCP_36203
LINCSCP_52900	0.7738286264	0.04118999582	7	U0126	LSM-1220	NA	10uM	SKB	24h	LINCSCP_52900
LINCSCP_147422	0.7738130712	0.04119670652	7	Tivozanib	LSM-1005	FLT1|FLT4|KDR|KIT|PDGFRA|PDGFRB	10uM	NPC.CAS9	24h	LINCSCP_147422
LINCSCP_46921	0.7738001452	0.0412022834	7	4-Hydroxy-retinoic acid	LSM-43161	NA	10uM	PC3	6h	LINCSCP_46921
LINCSCP_164212	-0.7737934886	0.04120515554	7	CHEMBL552425	LSM-1003	DDR1	0.12uM	SKL.C	24h	LINCSCP_164212
LINCSCP_134198	0.7737836535	0.0412093993	7	ZINC6718453	LSM-1198	NA	0.04uM	MCF7	24h	LINCSCP_134198
LINCSCP_103281	-0.7737694724	0.04121551877	7	AT-9283	LSM-37023	ABL1|AURKA|AURKB|FLT3|JAK2|JAK3	0.37uM	HELA	24h	LINCSCP_103281
LINCSCP_45601	-0.7737495172	0.04122413072	7	MLS003153124	LSM-3217	NA	10uM	PC3	6h	LINCSCP_45601
LINCSCP_109044	-0.7737328108	0.04123134143	7	MK-2206	LSM-1057	AKT1|AKT2|AKT3	0.37uM	HELA	24h	LINCSCP_109044
LINCSCP_53927	0.7737213031	0.04123630866	7	Vemurafenib	LSM-1068	BRAF	10uM	SNUC5	6h	LINCSCP_53927
LINCSCP_310102	0.7737193696	0.0412371433	7	BRD-K08121566	LSM-37711	NA	30uM	VCAP	6h	LINCSCP_310102
LINCSCP_114815	-0.77369787	0.04124642451	7	WZ3105	LSM-5970	CLK2|CSNK1E|FLT3|ULK1	0.12uM	HS578T	24h	LINCSCP_114815
LINCSCP_133439	-0.7736970355	0.04124678478	7	Pazopanib	LSM-1114	CSF1R|FGFR1|FGFR3|FLT1|FLT4|ITK|KDR|KIT|LCK|PDGFRA|PDGFRB	0.37uM	MCF7	24h	LINCSCP_133439
LINCSCP_290474	0.773691538	0.0412491582	7	Alpha-Solanine	LSM-3583	NA	10uM	VCAP	6h	LINCSCP_290474
LINCSCP_10861	-0.7736470768	0.04126835611	7	PLX-4720	LSM-1049	BRAF	10uM	ASC	24h	LINCSCP_10861
LINCSCP_6138	0.7736423695	0.04127038898	7	AN-329/41044431	LSM-4512	NA	10uM	A549	24h	LINCSCP_6138
LINCSCP_227613	0.773632356	0.04127471351	7	BRD-K20178228	LSM-38360	NA	10uM	HT29	6h	LINCSCP_227613
LINCSCP_128456	0.7735310201	0.04131849155	7	Dacomitinib	LSM-42808	EGFR|ERBB2|ERBB3|ERBB4	0.12uM	HUVEC	24h	LINCSCP_128456
LINCSCP_210021	-0.7735232836	0.04132183481	7	LY 2183240	LSM-2839	FAAH	10uM	HA1E	6h	LINCSCP_210021
LINCSCP_136597	0.7735020479	0.0413310125	7	AV-412 (free base)	LSM-45753	NA	10uM	MCF7	24h	LINCSCP_136597
LINCSCP_138256	0.7734995145	0.04133210748	7	AZ628	LSM-1050	BRAF|RAF1	0.12uM	MCF7	24h	LINCSCP_138256
LINCSCP_115328	0.7734971299	0.04133313814	7	Fedratinib	LSM-1142	FLT3|JAK2	1.11uM	HS578T	3h	LINCSCP_115328
LINCSCP_97679	-0.7734802415	0.04134043798	7	Alisertib	LSM-37184	AURKA	3.33uM	HA1E	24h	LINCSCP_97679
LINCSCP_50124	-0.773476638	0.04134199568	7	MRS 1754	LSM-3616	ADORA2B	10uM	PHH	24h	LINCSCP_50124
LINCSCP_19528	-0.7734730858	0.04134353123	7	PP-30	LSM-6238	RAF1	10uM	HCC515	6h	LINCSCP_19528
LINCSCP_145698	-0.7734652436	0.04134692132	7	BMS-345541	LSM-1028	IKBKB	0.04uM	MDAMB231	3h	LINCSCP_145698
LINCSCP_119500	0.773424975	0.04136433144	7	179324-69-7	LSM-6281	ADRM1|PSMA1|PSMA2|PSMA3|PSMA4|PSMA5|PSMA6|PSMA7|PSMA8|PSMB1|PSMB10|PSMB11|PSMB2|PSMB3|PSMB4|PSMB5|PSMB6|PSMB7|PSMB8|PSMB9|PSMC1|PSMC2|PSMC3|PSMC4|PSMC5|PSMC6|PSMD1|PSMD11|PSMD12|PSMD13|PSMD14|PSMD2|PSMD3|PSMD4|PSMD6|PSMD7|PSMD8|SEM1	20uM	HT29	24h	LINCSCP_119500
LINCSCP_52122	-0.773416873	0.04136783485	7	BRD-K04534322	LSM-36643	NA	10uM	SKB	24h	LINCSCP_52122
LINCSCP_14301	-0.7734009184	0.04137473427	7	Indolophenanthridine	LSM-3788	NA	10uM	HA1E	6h	LINCSCP_14301
LINCSCP_21322	0.7733858492	0.04138125139	7	CHEMBL416418	LSM-6211	ASAH1|UGCG	60uM	HEC108	6h	LINCSCP_21322
LINCSCP_51467	0.7733695062	0.04138832002	7	SB 239063	LSM-44951	MAPK11|MAPK14	0.5uM	SKBR3	24h	LINCSCP_51467
LINCSCP_136879	0.7733514492	0.0413961308	7	MG-132	LSM-1107	PSMB1	20uM	MCF7	24h	LINCSCP_136879
LINCSCP_136883	0.7733394884	0.04140130503	7	MG-132	LSM-1107	PSMB1	20uM	MCF7	24h	LINCSCP_136883
LINCSCP_133877	-0.7733115236	0.04141340394	7	Resveratrol	LSM-42917	PTGS1|PTGS2|SIRT1	10uM	MCF7	24h	LINCSCP_133877
LINCSCP_133318	-0.7733047938	0.0414163159	7	SGI-1776	LSM-6307	PIM1|PIM2|PIM3	1.11uM	MCF7	24h	LINCSCP_133318
LINCSCP_131796	0.7733026713	0.04141723431	7	AS-605240	LSM-42784	PIK3CG	10uM	MCF10A	3h	LINCSCP_131796
LINCSCP_59817	0.7732741813	0.04142956311	7	BRD-K95409124	LSM-42440	NA	5uM	VCAP	6h	LINCSCP_59817
LINCSCP_49496	-0.7732725907	0.04143025148	7	BG-51	LSM-45301	HDAC3	1.11uM	PC3	24h	LINCSCP_49496
LINCSCP_43373	0.7732694025	0.04143163129	7	2-Hydroxydesipramine	LSM-37249	NA	10uM	NPC	6h	LINCSCP_43373
LINCSCP_125164	0.7732648264	0.04143361179	7	179324-69-7	LSM-6281	ADRM1|PSMA1|PSMA2|PSMA3|PSMA4|PSMA5|PSMA6|PSMA7|PSMA8|PSMB1|PSMB10|PSMB11|PSMB2|PSMB3|PSMB4|PSMB5|PSMB6|PSMB7|PSMB8|PSMB9|PSMC1|PSMC2|PSMC3|PSMC4|PSMC5|PSMC6|PSMD1|PSMD11|PSMD12|PSMD13|PSMD14|PSMD2|PSMD3|PSMD4|PSMD6|PSMD7|PSMD8|SEM1	20uM	HT29	24h	LINCSCP_125164
LINCSCP_119056	0.7732584075	0.04143638995	7	179324-69-7	LSM-6281	ADRM1|PSMA1|PSMA2|PSMA3|PSMA4|PSMA5|PSMA6|PSMA7|PSMA8|PSMB1|PSMB10|PSMB11|PSMB2|PSMB3|PSMB4|PSMB5|PSMB6|PSMB7|PSMB8|PSMB9|PSMC1|PSMC2|PSMC3|PSMC4|PSMC5|PSMC6|PSMD1|PSMD11|PSMD12|PSMD13|PSMD14|PSMD2|PSMD3|PSMD4|PSMD6|PSMD7|PSMD8|SEM1	20uM	HT29	24h	LINCSCP_119056
LINCSCP_38309	-0.7732567703	0.04143709856	7	SA-1459187	LSM-39169	NA	3uM	MCF7	6h	LINCSCP_38309
LINCSCP_95804	0.7732513075	0.04143946302	7	Tauroursodeoxy cholic acid dihydrate	LSM-45947	NA	10uM	HA1E	24h	LINCSCP_95804
LINCSCP_156441	0.7732472948	0.04144119988	7	179324-69-7	LSM-6281	ADRM1|PSMA1|PSMA2|PSMA3|PSMA4|PSMA5|PSMA6|PSMA7|PSMA8|PSMB1|PSMB10|PSMB11|PSMB2|PSMB3|PSMB4|PSMB5|PSMB6|PSMB7|PSMB8|PSMB9|PSMC1|PSMC2|PSMC3|PSMC4|PSMC5|PSMC6|PSMD1|PSMD11|PSMD12|PSMD13|PSMD14|PSMD2|PSMD3|PSMD4|PSMD6|PSMD7|PSMD8|SEM1	20uM	PC3	24h	LINCSCP_156441
LINCSCP_117835	-0.7732454284	0.04144200775	7	331771-20-1	LSM-1096	AURKA|AURKB	0.12uM	HT29	24h	LINCSCP_117835
LINCSCP_296172	0.7732293978	0.04144894686	7	Cyclophosphamide	LSM-4961	CYP2A6|CYP2B6|CYP2C18|CYP2C19|CYP2C8|CYP2C9|CYP2D6|CYP3A4|CYP3A5|CYP3A7	10uM	VCAP	6h	LINCSCP_296172
LINCSCP_188655	0.7732290237	0.04144910882	7	MLS001163538	LSM-42888	PPARG	10uM	A549	6h	LINCSCP_188655
LINCSCP_30629	0.7732259023	0.04145046006	7	3,5-Bis(4-methylbenzylidene)piperidin-4-one	LSM-42949	SENP2|USP1|USP2|USP7	10uM	MCF7	24h	LINCSCP_30629
LINCSCP_23000	0.7732137073	0.0414557394	7	MLS000877024	LSM-1479	NFE2L2	10uM	HEPG2	6h	LINCSCP_23000
LINCSCP_30608	-0.7732119776	0.04145648827	7	Ursolic acid	LSM-4889	HSD11B1|PTPN1	70uM	MCF7	24h	LINCSCP_30608
LINCSCP_30545	0.7731945933	0.04146401487	7	Quiflapon	LSM-6242	ALOX5AP	80uM	MCF7	24h	LINCSCP_30545
LINCSCP_48333	0.7731740944	0.04147289093	7	BRD-K65526065	LSM-40849	NA	5uM	PC3	24h	LINCSCP_48333
LINCSCP_294189	-0.7731312966	0.04149142582	7	Zafirlukast	LSM-5792	CYSLTR1	10uM	VCAP	6h	LINCSCP_294189
LINCSCP_71645	-0.7731273309	0.04149314352	7	ARTESUNATE	LSM-45731	NA	0.12uM	A375	24h	LINCSCP_71645
LINCSCP_26638	0.7731055802	0.04150256528	7	PU-H-71	LSM-5492	HSP90AA1	10uM	HT29	6h	LINCSCP_26638
LINCSCP_49789	-0.7731017313	0.04150423262	7	Camptothecin	LSM-4611	TOP1	0.5uM	PC3	6h	LINCSCP_49789
LINCSCP_120095	-0.7730875676	0.0415103687	7	Temsirolimus (CCI-779, NSC 683864)	LSM-45994	MTOR	0.04uM	HT29	24h	LINCSCP_120095
LINCSCP_17454	0.7730688251	0.04151848922	7	Broad-Sai-045	LSM-45330	NA	10uM	HA1E	24h	LINCSCP_17454
LINCSCP_26780	0.7730323387	0.04153430005	7	Remacemide	LSM-1489	GRIN1	10uM	HT29	6h	LINCSCP_26780
LINCSCP_22399	0.7730298444	0.04153538104	7	Afatinib	LSM-43226	EGFR|ERBB2|ERBB4	10uM	HEPG2	6h	LINCSCP_22399
LINCSCP_116437	-0.7730237879	0.04153800587	7	Alpelisib	LSM-4256	PIK3CA	0.12uM	HT29	24h	LINCSCP_116437
LINCSCP_188704	0.7729876616	0.04155366474	7	MLS003448149	LSM-3003	NA	10uM	A549	6h	LINCSCP_188704
LINCSCP_58419	0.7729817059	0.04155624654	7	BRD-K85123403	LSM-41918	NA	10uM	VCAP	24h	LINCSCP_58419
LINCSCP_70139	-0.7729718046	0.04156053895	7	Ricolinostat	LSM-6324	NA	1.11uM	A375	24h	LINCSCP_70139
LINCSCP_173861	-0.7729439308	0.0415726241	7	Entinostat	LSM-4811	HDAC1|HDAC10|HDAC11|HDAC2|HDAC3|HDAC4|HDAC5|HDAC6|HDAC7|HDAC8|HDAC9	10uM	YAPC	24h	LINCSCP_173861
LINCSCP_101458	0.7729302039	0.04157857635	7	(+)-Timolol	LSM-15524	NA	0.04uM	HELA	24h	LINCSCP_101458
LINCSCP_165561	0.7729287281	0.0415792163	7	PD-0325901	LSM-1101	MAP2K1|MAP2K2	0.04uM	SKL	24h	LINCSCP_165561
LINCSCP_25557	-0.7729243066	0.04158113368	7	Enzalutamide	LSM-6254	AR	0.1uM	HT29	24h	LINCSCP_25557
LINCSCP_59123	0.7729216899	0.04158226844	7	SCHEMBL16980224	LSM-1092	AURKA	10uM	VCAP	6h	LINCSCP_59123
LINCSCP_66249	0.7729141661	0.04158553124	7	Piplartine	LSM-42914	NA	10uM	WSUDLCL2	6h	LINCSCP_66249
LINCSCP_141034	0.7729083957	0.04158803377	7	179324-69-7	LSM-6281	ADRM1|PSMA1|PSMA2|PSMA3|PSMA4|PSMA5|PSMA6|PSMA7|PSMA8|PSMB1|PSMB10|PSMB11|PSMB2|PSMB3|PSMB4|PSMB5|PSMB6|PSMB7|PSMB8|PSMB9|PSMC1|PSMC2|PSMC3|PSMC4|PSMC5|PSMC6|PSMD1|PSMD11|PSMD12|PSMD13|PSMD14|PSMD2|PSMD3|PSMD4|PSMD6|PSMD7|PSMD8|SEM1	20uM	MCF7	24h	LINCSCP_141034
LINCSCP_85378	0.7729042078	0.04158985002	7	Erlotinib	LSM-1097	EGFR	0.12uM	BT20	24h	LINCSCP_85378
LINCSCP_56774	0.7728625935	0.04160790038	7	Cucurbitacin-I	LSM-43115	JAK2|STAT3	10uM	VCAP	24h	LINCSCP_56774
LINCSCP_282163	-0.7728401066	0.04161765591	7	Mapp, D-Erythro	LSM-3703	NA	10uM	PHH	24h	LINCSCP_282163
LINCSCP_112280	-0.7728336525	0.04162045615	7	GSK-461364	LSM-1013	PLK1	0.04uM	HEPG2	24h	LINCSCP_112280
LINCSCP_116999	0.7728257429	0.04162388805	7	Dasatinib	LSM-1020	ABL1|BCR|BLK|EPHA2|FGR|FRK|FYN|HCK|KIT|LCK|LYN|PDGFRB|SRC|SRMS|YES1	0.12uM	HT29	24h	LINCSCP_116999
LINCSCP_134197	-0.7728170605	0.04162765538	7	ZINC6718453	LSM-1198	NA	0.12uM	MCF7	24h	LINCSCP_134197
LINCSCP_141340	-0.772811465	0.04163008341	7	N6022	LSM-45697	NA	0.04uM	MCF7	24h	LINCSCP_141340
LINCSCP_155444	0.7727813802	0.04164313931	7	MG-132	LSM-1107	PSMB1	20uM	PC3	24h	LINCSCP_155444
LINCSCP_280292	0.772774372	0.04164618098	7	Raloxifene	LSM-3425	ESR1|ESR2	10uM	PC3	24h	LINCSCP_280292
LINCSCP_149632	0.7727580835	0.04165325096	7	AZ628	LSM-1050	BRAF|RAF1	3.33uM	NPC.TAK	24h	LINCSCP_149632
LINCSCP_37452	-0.7727492195	0.04165709861	7	CHEMBL2359109	LSM-10316	NA	3uM	MCF7	24h	LINCSCP_37452
LINCSCP_168807	-0.7727301129	0.04166539303	7	TORIN1	LSM-1079	MTOR	1.11uM	YAPC	24h	LINCSCP_168807
LINCSCP_111589	-0.7727086123	0.04167472778	7	Tamatinib	LSM-1040	SYK	10uM	HEPG2	24h	LINCSCP_111589
LINCSCP_32425	0.7727073565	0.04167527304	7	Antimycin A	LSM-5076	CYCS	10uM	MCF7	24h	LINCSCP_32425
LINCSCP_140671	0.7726896355	0.04168296777	7	179324-69-7	LSM-6281	ADRM1|PSMA1|PSMA2|PSMA3|PSMA4|PSMA5|PSMA6|PSMA7|PSMA8|PSMB1|PSMB10|PSMB11|PSMB2|PSMB3|PSMB4|PSMB5|PSMB6|PSMB7|PSMB8|PSMB9|PSMC1|PSMC2|PSMC3|PSMC4|PSMC5|PSMC6|PSMD1|PSMD11|PSMD12|PSMD13|PSMD14|PSMD2|PSMD3|PSMD4|PSMD6|PSMD7|PSMD8|SEM1	20uM	MCF7	24h	LINCSCP_140671
LINCSCP_263411	0.7726786388	0.04168774306	7	4-[1-(2-Thienyl)cyclohexyl]morpholine	LSM-36985	NA	10uM	NPC	24h	LINCSCP_263411
LINCSCP_25099	0.7726004014	0.04172172644	7	Tyrphostin AG-1478	LSM-1224	EGFR	60uM	HT115	6h	LINCSCP_25099
LINCSCP_149444	-0.7725979438	0.04172279417	7	Olaparib	LSM-1145	PARP1|PARP2|PARP3	0.04uM	NPC	24h	LINCSCP_149444
LINCSCP_123897	0.7725948716	0.04172412896	7	MG-132	LSM-1107	PSMB1	20uM	HT29	24h	LINCSCP_123897
LINCSCP_73842	-0.7725463315	0.04174522129	7	Mefloquine	LSM-5525	NA	10uM	A375	24h	LINCSCP_73842
LINCSCP_114537	0.7725182969	0.04175740598	7	Dabrafenib	LSM-6303	BRAF	1.11uM	HME1	24h	LINCSCP_114537
LINCSCP_85236	0.7724928911	0.0417684498	7	AZD-8330	LSM-1165	MAP2K1|MAP2K2	10uM	BT20	24h	LINCSCP_85236
LINCSCP_58524	-0.772474378	0.0417764984	7	NSC667463	LSM-4400	NA	10uM	VCAP	24h	LINCSCP_58524
LINCSCP_37350	0.7724279245	0.04179669789	7	MG-132	LSM-1107	PSMB1	10uM	MCF7	6h	LINCSCP_37350
LINCSCP_20076	-0.7724128249	0.04180326487	7	ACON1_002097	LSM-4527	NA	10uM	HCC515	6h	LINCSCP_20076
LINCSCP_117807	-0.7724127568	0.04180329446	7	GSK-2334470	LSM-1222	PDK1|PDPK1	10uM	HT29	24h	LINCSCP_117807
LINCSCP_60198	0.7723944905	0.04181123944	7	BRD-K50639228	LSM-7497	NA	5uM	VCAP	24h	LINCSCP_60198
LINCSCP_23379	-0.7723668503	0.04182326316	7	6-(4-Hydroxy-6-methoxy-7-methyl-3-oxo-1H-2-benzofuran-5-yl)-4-methylhex-4-enoic acid	LSM-2681	IMPDH1|IMPDH2	10uM	HEPG2	24h	LINCSCP_23379
LINCSCP_73931	0.7723632394	0.04182483408	7	VRT752271	LSM-45974	NA	0.04uM	A375	24h	LINCSCP_73931
LINCSCP_117214	-0.7723559034	0.04182802569	7	Veliparib	LSM-1146	PARP1|PARP2	3.33uM	HT29	24h	LINCSCP_117214
LINCSCP_153613	0.772352369	0.04182956343	7	Suprofen	LSM-4406	PTGS1|PTGS2	3.33uM	PC3	24h	LINCSCP_153613
LINCSCP_81396	-0.7723475236	0.0418316716	7	SCHEMBL6874948	LSM-5674	LCK	1.11uM	A549	24h	LINCSCP_81396
LINCSCP_151452	-0.7723252585	0.04184135957	7	rifampicin	NA	NA	0.04uM	PC3	24h	LINCSCP_151452
LINCSCP_3371	-0.7723057844	0.04184983414	7	BRD-K85174275	LSM-41920	NA	5uM	A375	24h	LINCSCP_3371
LINCSCP_225381	0.7722937613	0.0418550667	7	KUC104235N	LSM-2734	NA	10uM	HT29	6h	LINCSCP_225381
LINCSCP_32397	-0.7722845987	0.04185905461	7	HY-11007	LSM-1022	ABL1|BCR	10uM	MCF7	6h	LINCSCP_32397
LINCSCP_194123	-0.77227565	0.04186294963	7	Zolpidem	LSM-5560	GABRA1|GABRA2|GABRA3|GABRB1|GABRG2	10uM	A549	6h	LINCSCP_194123
LINCSCP_37445	0.7722599859	0.04186976806	7	SA-424936	LSM-38729	NA	0.5uM	MCF7	24h	LINCSCP_37445
LINCSCP_147865	-0.7722539174	0.04187240982	7	UNC 669	LSM-6337	NA	10uM	NPC.CAS9	24h	LINCSCP_147865
LINCSCP_76276	0.7722438181	0.04187680639	7	Diclofensine (hydrochloride)	LSM-45632	NA	0.12uM	A375	24h	LINCSCP_76276
LINCSCP_155385	0.7722422775	0.0418774771	7	Sepantronium	LSM-5399	BIRC5	10uM	PC3	24h	LINCSCP_155385
LINCSCP_59411	-0.7722086601	0.041892114	7	Prostratin	LSM-4888	NA	10uM	VCAP	6h	LINCSCP_59411
LINCSCP_141445	0.7722072934	0.04189270913	7	Refametinib	LSM-45886	NA	1.11uM	MCF7	24h	LINCSCP_141445
LINCSCP_83009	0.7721897209	0.0419003613	7	Tivozanib	LSM-1005	FLT1|FLT4|KDR|KIT|PDGFRA|PDGFRB	0.12uM	ASC.C	24h	LINCSCP_83009
LINCSCP_7692	-0.7721656452	0.04191084669	7	Methyl beta-carboline-3 carboxylate	LSM-2630	NA	10uM	A549	6h	LINCSCP_7692
LINCSCP_74295	-0.7721495771	0.04191784538	7	Abexinostat	LSM-2269	HDAC1|HDAC10|HDAC2|HDAC3|HDAC6	0.12uM	A375	24h	LINCSCP_74295
LINCSCP_297154	0.7721432248	0.04192061244	7	BRD-K40185230	LSM-39485	NA	5uM	VCAP	6h	LINCSCP_297154
LINCSCP_59664	-0.7721202615	0.04193061593	7	BRD-K39880131	LSM-39464	NA	5uM	VCAP	24h	LINCSCP_59664
LINCSCP_163824	0.7721059889	0.04193683421	7	CHIR-99021	LSM-1181	NA	0.37uM	SKBR3	24h	LINCSCP_163824
LINCSCP_27549	0.7721007308	0.04193912517	7	BRD-K54247306	LSM-11728	NA	5uM	HT29	24h	LINCSCP_27549
LINCSCP_145042	-0.7720943313	0.04194191352	7	PHA-665752	LSM-42793	MET	3.33uM	MDAMB231	3h	LINCSCP_145042
LINCSCP_50005	-0.7720662285	0.04195415958	7	Cpccoet	LSM-1360	GRM1	10uM	PHH	24h	LINCSCP_50005
LINCSCP_155448	0.7720640791	0.04195509629	7	MG-132	LSM-1107	PSMB1	20uM	PC3	24h	LINCSCP_155448
LINCSCP_65418	-0.7720605703	0.04195662546	7	BRD-K16826857	LSM-38157	NA	10uM	VCAP	6h	LINCSCP_65418
LINCSCP_49729	-0.7720556983	0.04195874873	7	GSK-1070916	LSM-1062	AURKB|AURKC	3uM	PC3	24h	LINCSCP_49729
LINCSCP_87789	-0.7720221847	0.04197335605	7	Apitolisib (gdc-0980, rg7422)	LSM-4257	PIK3CA|PIK3CB|PIK3CD|PIK3CG|MTOR	10uM	HA1E	24h	LINCSCP_87789
LINCSCP_7979	0.7720035764	0.04198146792	7	CHEMBL2143402	LSM-40215	NA	10uM	A549	6h	LINCSCP_7979
LINCSCP_19810	0.7719947036	0.04198533614	7	Triazolothiadiazine, 9	LSM-1347	NA	10uM	HCC515	6h	LINCSCP_19810
LINCSCP_230988	0.7719478765	0.04200575424	7	BRD-K61045941	LSM-12122	NA	5uM	HT29	24h	LINCSCP_230988
LINCSCP_104039	-0.7719290209	0.04201397743	7	Brivanib	LSM-5421	FGFR1|FGFR2|FGFR3|FGFR4|FLT1|FLT4|KDR	10uM	HELA	24h	LINCSCP_104039
LINCSCP_93062	-0.7719233283	0.04201646023	7	Dicloxacillin	LSM-5234	NA	10uM	HA1E	24h	LINCSCP_93062
LINCSCP_48172	0.7719177528	0.04201889201	7	BRD-K00540336	LSM-37312	NA	5uM	PC3	24h	LINCSCP_48172
LINCSCP_135530	0.7719172472	0.04201911255	7	MG-132	LSM-1107	PSMB1	20uM	MCF7	24h	LINCSCP_135530
LINCSCP_39861	0.771892128	0.04203006949	7	Gallocatechin Gallate	LSM-6228	BACE1|FASN	90uM	NCIH1694	6h	LINCSCP_39861
LINCSCP_190362	0.7718863555	0.0420325877	7	Thiostrepton	LSM-43142	FOXM1	10uM	A549	24h	LINCSCP_190362
LINCSCP_70527	-0.7718797872	0.04203545311	7	301836-43-1	LSM-1203	CSNK1A1|TGFB1	0.37uM	A375	24h	LINCSCP_70527
LINCSCP_126688	0.7718588929	0.04204456904	7	179324-69-7	LSM-6281	ADRM1|PSMA1|PSMA2|PSMA3|PSMA4|PSMA5|PSMA6|PSMA7|PSMA8|PSMB1|PSMB10|PSMB11|PSMB2|PSMB3|PSMB4|PSMB5|PSMB6|PSMB7|PSMB8|PSMB9|PSMC1|PSMC2|PSMC3|PSMC4|PSMC5|PSMC6|PSMD1|PSMD11|PSMD12|PSMD13|PSMD14|PSMD2|PSMD3|PSMD4|PSMD6|PSMD7|PSMD8|SEM1	20uM	HT29	24h	LINCSCP_126688
LINCSCP_155280	0.771852422	0.0420473924	7	179324-69-7	LSM-6281	ADRM1|PSMA1|PSMA2|PSMA3|PSMA4|PSMA5|PSMA6|PSMA7|PSMA8|PSMB1|PSMB10|PSMB11|PSMB2|PSMB3|PSMB4|PSMB5|PSMB6|PSMB7|PSMB8|PSMB9|PSMC1|PSMC2|PSMC3|PSMC4|PSMC5|PSMC6|PSMD1|PSMD11|PSMD12|PSMD13|PSMD14|PSMD2|PSMD3|PSMD4|PSMD6|PSMD7|PSMD8|SEM1	20uM	PC3	24h	LINCSCP_155280
LINCSCP_296046	0.7717692344	0.04208369822	7	Chlorambucil	LSM-2645	NA	10uM	VCAP	24h	LINCSCP_296046
LINCSCP_159317	0.7717577371	0.04208871739	7	179324-69-7	LSM-6281	ADRM1|PSMA1|PSMA2|PSMA3|PSMA4|PSMA5|PSMA6|PSMA7|PSMA8|PSMB1|PSMB10|PSMB11|PSMB2|PSMB3|PSMB4|PSMB5|PSMB6|PSMB7|PSMB8|PSMB9|PSMC1|PSMC2|PSMC3|PSMC4|PSMC5|PSMC6|PSMD1|PSMD11|PSMD12|PSMD13|PSMD14|PSMD2|PSMD3|PSMD4|PSMD6|PSMD7|PSMD8|SEM1	20uM	PC3	24h	LINCSCP_159317
LINCSCP_254048	0.7717547327	0.04209002902	7	BRD-K01282863	LSM-15072	NA	1uM	MCF7	6h	LINCSCP_254048
LINCSCP_32779	0.7717444413	0.04209452206	7	Plinabulin	LSM-43250	TUBA1A|TUBA1B|TUBA1C|TUBA3E|TUBA4A|TUBB|TUBB1|TUBB2A|TUBB2B|TUBB3|TUBB4A|TUBB4B|TUBB6|TUBB8	10uM	MCF7	6h	LINCSCP_32779
LINCSCP_61409	0.7717179819	0.04210607509	7	BRD-K09426613	LSM-9000	NA	5uM	VCAP	24h	LINCSCP_61409
LINCSCP_30946	0.7717178371	0.04210613832	7	639090-55-4	LSM-2500	NA	10uM	MCF7	24h	LINCSCP_30946
LINCSCP_116426	-0.7716969501	0.04211525949	7	Dactolisib	LSM-4255	MTOR|PIK3CA|PIK3CB|PIK3CD|PIK3CG|PIK3R1|PIK3R2|PIK3R3|PIK3R5	0.04uM	HT29	24h	LINCSCP_116426
LINCSCP_27192	0.7716773249	0.04212383066	7	BRD-K27151060	LSM-6096	NA	10uM	HT29	6h	LINCSCP_27192
LINCSCP_77764	-0.7716696235	0.04212719445	7	Meclofenamic acid	LSM-3108	ALOX5|PTGS1|PTGS2	10uM	A375	24h	LINCSCP_77764
LINCSCP_238428	0.7716676565	0.04212805361	7	CHEMBL1593913	LSM-3929	NA	10uM	MCF7	24h	LINCSCP_238428
LINCSCP_21591	0.7716665899	0.04212851947	7	Cucurbitacin-I	LSM-43115	JAK2|STAT3	10uM	HEPG2	6h	LINCSCP_21591
LINCSCP_111272	-0.7716299808	0.04214451178	7	GSK 1059615	LSM-42799	PIK3CA|PIK3CB|PIK3CD|PIK3CG	3.33uM	HEPG2	24h	LINCSCP_111272
LINCSCP_171693	-0.7716214786	0.04214822634	7	TAK-242	LSM-45934	NA	3.33uM	YAPC	24h	LINCSCP_171693
LINCSCP_49603	0.771620748	0.04214854556	7	Curcumin	LSM-43083	PTGS1|PTGS2	0.41uM	PC3	24h	LINCSCP_49603
LINCSCP_130653	0.7715804819	0.04216614014	7	Radicicol	LSM-43303	NA	0.12uM	MCF10A	24h	LINCSCP_130653
LINCSCP_34028	0.7715740949	0.04216893139	7	BRD-K46692335	LSM-39864	NA	10uM	MCF7	6h	LINCSCP_34028
LINCSCP_17151	0.7715593411	0.04217537942	7	SCHEMBL16892136	LSM-44965	NA	10uM	HA1E	6h	LINCSCP_17151
LINCSCP_190686	0.7715419045	0.04218300066	7	[(Mesitylsulfonyl)amino]acetic acid	LSM-4533	NA	10uM	A549	6h	LINCSCP_190686
LINCSCP_79580	-0.7715284504	0.04218888177	7	Sirolimus	LSM-42783	FKBP1A|MTOR	0.37uM	A375	24h	LINCSCP_79580
LINCSCP_145179	0.7715186322	0.0421931738	7	SB590885	LSM-42746	NA	10uM	MDAMB231	3h	LINCSCP_145179
LINCSCP_18158	-0.7715137692	0.04219529973	7	THR1 Inhibitor, 2	LSM-1445	BTK	10uM	HCC515	24h	LINCSCP_18158
LINCSCP_156165	0.7714998342	0.04220139203	7	MG-132	LSM-1107	PSMB1	20uM	PC3	24h	LINCSCP_156165
LINCSCP_227944	0.771481209	0.04220953557	7	YL-53	LSM-44644	NA	10uM	HT29	6h	LINCSCP_227944
LINCSCP_64454	0.7714676398	0.04221546903	7	CHEMBL3184316	LSM-41974	NA	5uM	VCAP	6h	LINCSCP_64454
LINCSCP_64429	0.7714601537	0.04221874271	7	MLS003130365	LSM-6785	NA	5uM	VCAP	6h	LINCSCP_64429
LINCSCP_135954	-0.7714418152	0.04222676272	7	GSK 525762A	LSM-6334	NA	0.12uM	MCF7	24h	LINCSCP_135954
LINCSCP_51151	-0.7713975543	0.04224612293	7	GSK-319347A	LSM-1216	IKBKG	5uM	RMUGS	6h	LINCSCP_51151
LINCSCP_164475	-0.7713437069	0.04226968296	7	Quizartinib	LSM-1037	CSF1R|FLT3|KIT|PDGFRA|PDGFRB|RET	0.04uM	SKL.C	24h	LINCSCP_164475
LINCSCP_68711	0.7713378117	0.04227226275	7	Trichostatin A, Streptomyces Sp.	LSM-42814	HDAC1|HDAC10|HDAC3|HDAC4|HDAC6|HDAC7|HDAC8	10uM	VCAP	24h	LINCSCP_68711
LINCSCP_15563	-0.7713343411	0.04227378155	7	Dalcetrapib	LSM-6227	CETP	80uM	HA1E	6h	LINCSCP_15563
LINCSCP_14488	-0.7713034244	0.04228731262	7	CI-966	LSM-3509	SLC6A1	10uM	HA1E	24h	LINCSCP_14488
LINCSCP_27322	0.7712983214	0.04228954622	7	NCH-51	LSM-5635	HDAC1|HDAC10|HDAC11|HDAC2|HDAC3|HDAC4|HDAC5|HDAC6|HDAC7|HDAC8|HDAC9	10uM	HT29	6h	LINCSCP_27322
LINCSCP_164494	0.77128676	0.04229460698	7	PD-0325901	LSM-1101	MAP2K1|MAP2K2	3.33uM	SKL.C	24h	LINCSCP_164494
LINCSCP_85046	0.7712733541	0.04230047555	7	PD-0325901	LSM-1101	MAP2K1|MAP2K2	1.11uM	ASC	24h	LINCSCP_85046
LINCSCP_911	0.7712397287	0.0423151974	7	CT-200783	LSM-43273	NA	10uM	A375	6h	LINCSCP_911
LINCSCP_126502	0.7711906876	0.04233667354	7	MG-132	LSM-1107	PSMB1	20uM	HT29	24h	LINCSCP_126502
LINCSCP_88539	0.7711865703	0.04233847687	7	761437-28-9	LSM-1208	NA	10uM	HA1E	24h	LINCSCP_88539
LINCSCP_310155	0.7711810439	0.04234089743	7	AC1O9HQ4	LSM-36688	NA	10uM	VCAP	6h	LINCSCP_310155
LINCSCP_139997	0.7711479473	0.04235539537	7	TAK-715	LSM-1060	MAPK14	10uM	MCF7	24h	LINCSCP_139997
LINCSCP_13535	-0.7711206091	0.04236737287	7	Phenethylisothiocyanate	LSM-4926	CYP2E1	10uM	H1299	6h	LINCSCP_13535
LINCSCP_126609	0.7710799634	0.0423851842	7	179324-69-7	LSM-6281	ADRM1|PSMA1|PSMA2|PSMA3|PSMA4|PSMA5|PSMA6|PSMA7|PSMA8|PSMB1|PSMB10|PSMB11|PSMB2|PSMB3|PSMB4|PSMB5|PSMB6|PSMB7|PSMB8|PSMB9|PSMC1|PSMC2|PSMC3|PSMC4|PSMC5|PSMC6|PSMD1|PSMD11|PSMD12|PSMD13|PSMD14|PSMD2|PSMD3|PSMD4|PSMD6|PSMD7|PSMD8|SEM1	20uM	HT29	24h	LINCSCP_126609
LINCSCP_26079	0.7710391321	0.04240308102	7	AC1MCK5A	LSM-2707	NA	10uM	HT29	6h	LINCSCP_26079
LINCSCP_59740	0.771020991	0.0424110338	7	BRD-K18000410	LSM-38223	NA	5uM	VCAP	6h	LINCSCP_59740
LINCSCP_41475	-0.7709690619	0.04243380329	7	ST056354	LSM-44631	NA	10uM	NEU	6h	LINCSCP_41475
LINCSCP_244054	-0.7709493873	0.04244243181	7	Dimethisoquin	LSM-3647	NA	10uM	MCF7	24h	LINCSCP_244054
LINCSCP_29385	0.770935098	0.04244869917	7	ZM336372	LSM-6268	NA	100uM	LOVO	6h	LINCSCP_29385
LINCSCP_28528	0.7709086555	0.04246029827	7	CHEMBL2143628	LSM-6855	NA	3.33uM	HT29	24h	LINCSCP_28528
LINCSCP_46118	0.770893239	0.04246706161	7	Cerivastatin	LSM-43237	HMGCR	10uM	PC3	24h	LINCSCP_46118
LINCSCP_386	0.7708469996	0.04248735076	7	BMY45778	LSM-3901	PTGIR	10uM	A375	24h	LINCSCP_386
LINCSCP_86717	0.7708296246	0.04249497604	7	CDK9 Inhibitor	LSM-1197	NA	0.37uM	CD34	24h	LINCSCP_86717
LINCSCP_10577	-0.7708217684	0.04249842407	7	GSK-319347A	LSM-1216	IKBKG	5uM	AGS	6h	LINCSCP_10577
LINCSCP_20719	-0.7708155747	0.0425011426	7	Trimidox	LSM-5297	RRM1	10uM	HCC515	6h	LINCSCP_20719
LINCSCP_10585	-0.7707922698	0.04251137229	7	Alimta	LSM-6253	DHFR|GART|TYMS	90uM	AGS	6h	LINCSCP_10585
LINCSCP_37678	-0.7707920728	0.04251145877	7	Acyclovir	LSM-5459	NA	0.5uM	MCF7	24h	LINCSCP_37678
LINCSCP_159131	0.7707857833	0.04251421978	7	MG-132	LSM-1107	PSMB1	20uM	PC3	24h	LINCSCP_159131
LINCSCP_147476	0.7707765548	0.04251827118	7	AZ628	LSM-1050	BRAF|RAF1	10uM	NPC.CAS9	24h	LINCSCP_147476
LINCSCP_114738	-0.7707600078	0.04252553593	7	CP-724714	LSM-42777	ERBB2	0.04uM	HS578T	24h	LINCSCP_114738
LINCSCP_231709	-0.7707341916	0.04253687163	7	BRD-K22101161	LSM-38463	NA	5uM	HT29	24h	LINCSCP_231709
LINCSCP_6571	0.7707244806	0.0425411361	7	CI-1040	LSM-1048	MAP2K1|MAP2K2	10uM	A549	6h	LINCSCP_6571
LINCSCP_56445	0.7707091483	0.04254786955	7	LY83583	LSM-3393	GUCY1A2	10uM	VCAP	24h	LINCSCP_56445
LINCSCP_174725	0.7707040213	0.0425501213	7	SU14813	LSM-45732	NA	10uM	YAPC	24h	LINCSCP_174725
LINCSCP_4654	0.7706792111	0.04256101872	7	Nicardipine	LSM-1418	CACNA1C|CACNA1D|CACNA1F|CACNA1S	10uM	A549	6h	LINCSCP_4654
LINCSCP_131373	0.7706380756	0.04257909008	7	SCHEMBL1564574	LSM-1006	CHEK1|CHEK2	3.33uM	MCF10A	24h	LINCSCP_131373
LINCSCP_150522	0.7706379523	0.04257914427	7	PD-0325901	LSM-1101	MAP2K1|MAP2K2	0.37uM	NPC.TAK	24h	LINCSCP_150522
LINCSCP_64539	-0.7706281468	0.0425834526	7	Tretinoin	LSM-42854	RARA|RARB|RARG|RORB	20uM	VCAP	48h	LINCSCP_64539
LINCSCP_201742	0.7706091276	0.04259180988	7	PJ34	LSM-4937	NA	0.5uM	A549	24h	LINCSCP_201742
LINCSCP_8100	0.7705833957	0.04260311827	7	CHEMBL3400875	LSM-37911	NA	5uM	A549	24h	LINCSCP_8100
LINCSCP_116176	-0.7705721431	0.04260806399	7	AKT Inhibitor VIII	LSM-1035	AKT1|AKT2	3.33uM	HT29	24h	LINCSCP_116176
LINCSCP_43010	0.7705543197	0.04261589827	7	BRD-K46295497	LSM-14837	NA	10uM	NPC	24h	LINCSCP_43010
LINCSCP_124531	0.7705230724	0.04262963504	7	179324-69-7	LSM-6281	ADRM1|PSMA1|PSMA2|PSMA3|PSMA4|PSMA5|PSMA6|PSMA7|PSMA8|PSMB1|PSMB10|PSMB11|PSMB2|PSMB3|PSMB4|PSMB5|PSMB6|PSMB7|PSMB8|PSMB9|PSMC1|PSMC2|PSMC3|PSMC4|PSMC5|PSMC6|PSMD1|PSMD11|PSMD12|PSMD13|PSMD14|PSMD2|PSMD3|PSMD4|PSMD6|PSMD7|PSMD8|SEM1	20uM	HT29	24h	LINCSCP_124531
LINCSCP_162404	-0.7705226068	0.04262983973	7	Malotilate	LSM-45977	NA	10uM	PC3	24h	LINCSCP_162404
LINCSCP_58584	-0.7705219563	0.04263012572	7	BRD-K42125900-001-01-9	LSM-5535	TUBB	10uM	VCAP	24h	LINCSCP_58584
LINCSCP_8525	-0.7705026902	0.04263859664	7	BRD-K55854370	LSM-11812	NA	5uM	A549	24h	LINCSCP_8525
LINCSCP_43081	-0.7705004437	0.04263958445	7	BRD-K97633445	LSM-14427	NA	10uM	NPC	24h	LINCSCP_43081
LINCSCP_93653	0.7704539358	0.04266003709	7	AC1NWAQV	LSM-1503	NR3C1	0.04uM	HA1E	24h	LINCSCP_93653
LINCSCP_23519	-0.7704480172	0.04266264032	7	AC1LOPLX	LSM-36735	NA	5uM	HEPG2	24h	LINCSCP_23519
LINCSCP_144441	0.7704219333	0.0426741139	7	MG-132	LSM-1107	PSMB1	20uM	MCF7	24h	LINCSCP_144441
LINCSCP_111483	0.7704201701	0.04267488955	7	YM 201636	LSM-1109	NA	1.11uM	HEPG2	24h	LINCSCP_111483
LINCSCP_114769	0.7704094239	0.04267961706	7	PD-0325901	LSM-1101	MAP2K1|MAP2K2	10uM	HS578T	24h	LINCSCP_114769
LINCSCP_1667	0.7704021101	0.04268283475	7	MLS003126522	LSM-4227	NA	10uM	A375	6h	LINCSCP_1667
LINCSCP_63087	0.7703732123	0.04269554951	7	BRD-K47234370	LSM-11314	NA	5uM	VCAP	24h	LINCSCP_63087
LINCSCP_82173	-0.7703593762	0.04270163804	7	GSK-J1	LSM-44939	NA	0.04uM	A549	24h	LINCSCP_82173
LINCSCP_137602	0.7703569602	0.04270270122	7	MG-132	LSM-1107	PSMB1	20uM	MCF7	24h	LINCSCP_137602
LINCSCP_68993	-0.7703046055	0.04272574428	7	AKT Inhibitor VIII	LSM-1035	AKT1|AKT2	1.11uM	A375	24h	LINCSCP_68993
LINCSCP_53068	0.7702532173	0.04274836863	7	179324-69-7	LSM-6281	ADRM1|PSMA1|PSMA2|PSMA3|PSMA4|PSMA5|PSMA6|PSMA7|PSMA8|PSMB1|PSMB10|PSMB11|PSMB2|PSMB3|PSMB4|PSMB5|PSMB6|PSMB7|PSMB8|PSMB9|PSMC1|PSMC2|PSMC3|PSMC4|PSMC5|PSMC6|PSMD1|PSMD11|PSMD12|PSMD13|PSMD14|PSMD2|PSMD3|PSMD4|PSMD6|PSMD7|PSMD8|SEM1	0.01uM	SKLU1	6h	LINCSCP_53068
LINCSCP_144907	0.7702346186	0.0427565586	7	AS601245	LSM-1034	MAPK10|MAPK8|MAPK9	0.12uM	MDAMB231	24h	LINCSCP_144907
LINCSCP_125518	0.770217572	0.04276406586	7	SB743921	LSM-45775	NA	10uM	HT29	24h	LINCSCP_125518
LINCSCP_12054	0.7702136099	0.04276581086	7	GW843682X	LSM-1014	PLK1|PLK3	0.5uM	BT20	6h	LINCSCP_12054
LINCSCP_81457	-0.7702002745	0.04277168433	7	936890-98-1	LSM-42786	MTOR	0.37uM	A549	24h	LINCSCP_81457
LINCSCP_156974	0.7701941954	0.04277436196	7	MG-132	LSM-1107	PSMB1	20uM	PC3	24h	LINCSCP_156974
LINCSCP_122501	0.7701514129	0.0427932089	7	AMD-070 (hydrochloride)	LSM-45591	NA	3.33uM	HT29	24h	LINCSCP_122501
LINCSCP_172627	-0.7701496482	0.04279398644	7	Aprepitant	LSM-45261	NA	10uM	YAPC	24h	LINCSCP_172627
LINCSCP_34318	0.7701356147	0.04280016966	7	Etofylline	LSM-5892	ADORA1	10uM	MCF7	24h	LINCSCP_34318
LINCSCP_88247	0.7701247841	0.04280494199	7	CHIR-99021	LSM-1181	NA	10uM	HA1E	24h	LINCSCP_88247
LINCSCP_146487	0.7701200587	0.04280702428	7	SCHEMBL17378613	LSM-5749	CSF1R	0.37uM	NEU	24h	LINCSCP_146487
LINCSCP_44225	-0.7701117895	0.04281066825	7	GR-79236	LSM-2899	ADORA1	10uM	PC3	24h	LINCSCP_44225
LINCSCP_124445	0.7701080729	0.04281230609	7	179324-69-7	LSM-6281	ADRM1|PSMA1|PSMA2|PSMA3|PSMA4|PSMA5|PSMA6|PSMA7|PSMA8|PSMB1|PSMB10|PSMB11|PSMB2|PSMB3|PSMB4|PSMB5|PSMB6|PSMB7|PSMB8|PSMB9|PSMC1|PSMC2|PSMC3|PSMC4|PSMC5|PSMC6|PSMD1|PSMD11|PSMD12|PSMD13|PSMD14|PSMD2|PSMD3|PSMD4|PSMD6|PSMD7|PSMD8|SEM1	20uM	HT29	24h	LINCSCP_124445
LINCSCP_68139	-0.7701024262	0.04281479462	7	LY-294002	LSM-2597	MTOR|PIK3CA|PIK3CB|PIK3CD|PIK3CG|PLK1|PRKDC	10uM	PC3	6h	LINCSCP_68139
LINCSCP_282916	-0.7700719767	0.04282821499	7	Fluoropyruvate	LSM-6203	NA	40uM	RKO	6h	LINCSCP_282916
LINCSCP_68346	0.7700677105	0.04283009549	7	Wortmannin	LSM-3947	PIK3CA|PIK3CG|PLK1	10uM	VCAP	6h	LINCSCP_68346
LINCSCP_23667	0.7700589832	0.04283394252	7	Syringic acid	LSM-19009	NA	10uM	HEPG2	6h	LINCSCP_23667
LINCSCP_67041	0.7700370686	0.04284360336	7	13-Hydroxy-8,14,19-trimethoxy-4,10,12,16-tetramethyl-3,20,22-trioxo-2-azabicyclo[16.3.1]docosa-1(21),4,6,10,18-pentaen-9-yl carbamate	LSM-42815	HSP90AA1	10uM	HT29	6h	LINCSCP_67041
LINCSCP_129947	0.770035523	0.04284428479	7	Radicicol	LSM-43303	NA	0.04uM	LNCAP	24h	LINCSCP_129947
LINCSCP_225772	0.7700307732	0.04284637885	7	Linezolid	LSM-5750	MAOA|MAOB	10uM	HT29	6h	LINCSCP_225772
LINCSCP_85146	-0.7700199922	0.04285113218	7	Mitoxantrone	LSM-2481	TOP2A	10uM	BT20	24h	LINCSCP_85146
LINCSCP_137958	0.770018966	0.04285158465	7	MG-132	LSM-1107	PSMB1	20uM	MCF7	24h	LINCSCP_137958
LINCSCP_2472	0.7700009327	0.04285953621	7	Pilaralisib	LSM-5998	PIK3CA|PIK3CD|PIK3CG	10uM	A375	6h	LINCSCP_2472
LINCSCP_125169	0.76999662	0.04286143792	7	179324-69-7	LSM-6281	ADRM1|PSMA1|PSMA2|PSMA3|PSMA4|PSMA5|PSMA6|PSMA7|PSMA8|PSMB1|PSMB10|PSMB11|PSMB2|PSMB3|PSMB4|PSMB5|PSMB6|PSMB7|PSMB8|PSMB9|PSMC1|PSMC2|PSMC3|PSMC4|PSMC5|PSMC6|PSMD1|PSMD11|PSMD12|PSMD13|PSMD14|PSMD2|PSMD3|PSMD4|PSMD6|PSMD7|PSMD8|SEM1	20uM	HT29	24h	LINCSCP_125169
LINCSCP_108687	-0.7699623978	0.04287653035	7	Entinostat	LSM-4811	HDAC1|HDAC10|HDAC11|HDAC2|HDAC3|HDAC4|HDAC5|HDAC6|HDAC7|HDAC8|HDAC9	0.12uM	HELA	24h	LINCSCP_108687
LINCSCP_55744	0.7699498958	0.04288204463	7	Cucurbitacin I	LSM-42825	JAK2|STAT3	10uM	VCAP	6h	LINCSCP_55744
LINCSCP_136511	-0.7699488678	0.04288249807	7	Mizolastine	LSM-5377	HRH1	0.12uM	MCF7	24h	LINCSCP_136511
LINCSCP_101430	0.7699416349	0.04288568846	7	Hydroxyprogesterone Caproate	LSM-4900	AR|ESR1|ESR2|NR1H4|NR1I2|NR3C1|PGR	3.33uM	HELA	24h	LINCSCP_101430
LINCSCP_12272	0.7699413975	0.04288579321	7	Trametinib	LSM-1143	MAP2K1|MAP2K2	0.1uM	BT20	6h	LINCSCP_12272
LINCSCP_1137	-0.7699338142	0.04288913835	7	VU0359995	LSM-2603	NA	10uM	A375	24h	LINCSCP_1137
LINCSCP_145432	0.7699121021	0.04289871672	7	CHEMBL2136735	LSM-1152	FGFR1|FGFR3|FLT1|FLT4|KDR|PDGFRA|PDGFRB	1.11uM	MDAMB231	24h	LINCSCP_145432
LINCSCP_2102	0.7699094291	0.04289989599	7	CHEMDIV3_007370	LSM-4399	NA	10uM	A375	6h	LINCSCP_2102
LINCSCP_17642	0.7699054756	0.04290164025	7	SMP2_000081	LSM-43276	FKBP1A	20uM	HCC15	6h	LINCSCP_17642
LINCSCP_147546	-0.7698976729	0.04290508287	7	COT Inhibitor-2	LSM-1154	NA	0.12uM	NPC.CAS9	24h	LINCSCP_147546
LINCSCP_26693	0.7698719075	0.04291645182	7	TORIN-2	LSM-1080	MTOR	10uM	HT29	6h	LINCSCP_26693
LINCSCP_22051	0.7698535479	0.042924554	7	MLS002264465	LSM-2943	NA	10uM	HEPG2	6h	LINCSCP_22051
LINCSCP_92315	-0.7698363933	0.04293212521	7	KX2-391	LSM-45890	SRC	1.11uM	HA1E	24h	LINCSCP_92315
LINCSCP_86427	0.769797972	0.04294908506	7	Selumetinib	LSM-1056	MAP2K1|MAP2K2	0.37uM	BT20	3h	LINCSCP_86427
LINCSCP_12671	-0.7697755952	0.04295896431	7	362-74-3	LSM-1265	PRKACA	10uM	COV644	6h	LINCSCP_12671
LINCSCP_148624	-0.7697692805	0.04296175246	7	BMS-777607	LSM-1144	AXL|MERTK|MET|MST1R|TYRO3	0.12uM	NPC	24h	LINCSCP_148624
LINCSCP_2541	0.7697651734	0.04296356592	7	Practolol	LSM-1531	ADRB1	10uM	A375	6h	LINCSCP_2541
LINCSCP_27723	-0.7697329652	0.04297778869	7	CHEMBL2357707	LSM-13116	NA	5uM	HT29	24h	LINCSCP_27723
LINCSCP_36033	-0.7697060733	0.04298966588	7	SMR000075319	LSM-6371	KPNB1	0.5uM	MCF7	6h	LINCSCP_36033
LINCSCP_134816	0.7696983597	0.04299307302	7	MG-132	LSM-1107	PSMB1	20uM	MCF7	24h	LINCSCP_134816
LINCSCP_4811	-0.7696877415	0.0429977634	7	N9-Isopropylolomoucine	LSM-3607	CDK1|CDK5	100uM	A549	6h	LINCSCP_4811
LINCSCP_213162	-0.7696726365	0.04300443619	7	Wortmannin	LSM-3947	PIK3CA|PIK3CG|PLK1	0.12uM	HA1E	24h	LINCSCP_213162
LINCSCP_111856	0.7696387151	0.04301942345	7	AS-605240	LSM-42784	PIK3CG	0.37uM	HEPG2	24h	LINCSCP_111856
LINCSCP_40209	0.769633382	0.04302178001	7	CHEMBL399379	LSM-6245	ACLY	80uM	NCIH508	6h	LINCSCP_40209
LINCSCP_133130	0.7696290579	0.04302369074	7	TAE-684	LSM-1024	ALK	0.37uM	MCF7	3h	LINCSCP_133130
LINCSCP_310187	0.7696203678	0.04302753091	7	4-(3-Ethyl[1,2,4]triazolo[3,4-b][1,3,4]thiadiazol-6-yl)aniline	LSM-4945	NA	10uM	VCAP	6h	LINCSCP_310187
LINCSCP_31526	0.7695994654	0.04303676848	7	5-Phenethylquinoline-8-ol	LSM-4135	NA	10uM	MCF7	6h	LINCSCP_31526
LINCSCP_134307	0.7695918567	0.04304013129	7	BCPP000194	LSM-1188	NA	10uM	MCF7	24h	LINCSCP_134307
LINCSCP_295180	-0.7695868662	0.04304233706	7	AC1OAATK	LSM-4772	NA	10uM	VCAP	6h	LINCSCP_295180
LINCSCP_146699	-0.7695797855	0.04304546675	7	AZD-1775	LSM-1153	WEE1	10uM	NEU	24h	LINCSCP_146699
LINCSCP_150179	0.7695639033	0.04305248722	7	PD-0325901	LSM-1101	MAP2K1|MAP2K2	1.11uM	NPC.TAK	24h	LINCSCP_150179
LINCSCP_50518	-0.7695468807	0.04306001244	7	Elliptecine	LSM-4842	TOP2A|TOP2B	10uM	PHH	6h	LINCSCP_50518
LINCSCP_28317	0.7694970103	0.04308206302	7	CHEMBL2358729	LSM-42483	NA	10uM	HT29	24h	LINCSCP_28317
LINCSCP_23039	0.7694918781	0.04308433263	7	Butein	LSM-42896	ACE	10uM	HEPG2	6h	LINCSCP_23039
LINCSCP_12401	0.769488849	0.04308567221	7	13-Hydroxy-8,14,19-trimethoxy-4,10,12,16-tetramethyl-3,20,22-trioxo-2-azabicyclo[16.3.1]docosa-1(21),4,6,10,18-pentaen-9-yl carbamate	LSM-42815	HSP90AA1	10uM	CD34	6h	LINCSCP_12401
LINCSCP_26478	0.7694449565	0.04310508566	7	Belinostat	LSM-43181	HDAC1|HDAC10|HDAC11|HDAC2|HDAC3|HDAC4|HDAC5|HDAC6|HDAC7|HDAC8|HDAC9	10uM	HT29	6h	LINCSCP_26478
LINCSCP_26522	0.7694370152	0.04310859857	7	NCGC00170189-01	LSM-36714	NA	10uM	HT29	6h	LINCSCP_26522
LINCSCP_54313	-0.7694047433	0.04312287601	7	PF-04217903	LSM-1166	MET	40uM	SW620	6h	LINCSCP_54313
LINCSCP_77762	-0.7693980088	0.04312585577	7	Fipronil	LSM-1608	NA	0.12uM	A375	24h	LINCSCP_77762
LINCSCP_24499	-0.7693673136	0.04313943855	7	CHEMBL552425	LSM-1003	DDR1	0.1uM	HS578T	6h	LINCSCP_24499
LINCSCP_28741	0.7693512718	0.04314653809	7	U 0126	LSM-42806	MAP2K1|MAP2K2	10uM	HUH7	24h	LINCSCP_28741
LINCSCP_68717	0.7693250757	0.04315813295	7	Vorinostat	LSM-3828	HDAC1|HDAC2|HDAC3|HDAC6|HDAC8	10uM	VCAP	24h	LINCSCP_68717
LINCSCP_122007	0.7693100748	0.04316477338	7	Adenosine	LSM-28568	ADORA1|ADORA2A|ADORA2B|ADORA3	0.04uM	HT29	24h	LINCSCP_122007
LINCSCP_95599	-0.7693059764	0.04316658772	7	BI-2536	LSM-1041	PLK1	0.04uM	HA1E	24h	LINCSCP_95599
LINCSCP_239523	0.7692787246	0.04317865296	7	BRD-K90446118	LSM-42207	NA	10uM	MCF7	24h	LINCSCP_239523
LINCSCP_108720	-0.7692728803	0.04318124069	7	SB743921	LSM-45775	NA	3.33uM	HELA	24h	LINCSCP_108720
LINCSCP_78485	0.7692567074	0.04318840206	7	Tetrahydrouridine	LSM-45757	NA	3.33uM	A375	24h	LINCSCP_78485
LINCSCP_67258	0.7692560485	0.04318869384	7	13-Hydroxy-8,14,19-trimethoxy-4,10,12,16-tetramethyl-3,20,22-trioxo-2-azabicyclo[16.3.1]docosa-1(21),4,6,10,18-pentaen-9-yl carbamate	LSM-42815	HSP90AA1	10uM	MCF7	6h	LINCSCP_67258
LINCSCP_67091	0.769236059	0.04319754616	7	13-Hydroxy-8,14,19-trimethoxy-4,10,12,16-tetramethyl-3,20,22-trioxo-2-azabicyclo[16.3.1]docosa-1(21),4,6,10,18-pentaen-9-yl carbamate	LSM-42815	HSP90AA1	10uM	HT29	6h	LINCSCP_67091
LINCSCP_39505	-0.7692344351	0.04319826532	7	ABT-888,VELIPARIB	LSM-5067	PARP1|PARP2	0.1uM	MDAMB231	6h	LINCSCP_39505
LINCSCP_125610	0.7692286259	0.04320083814	7	179324-69-7	LSM-6281	ADRM1|PSMA1|PSMA2|PSMA3|PSMA4|PSMA5|PSMA6|PSMA7|PSMA8|PSMB1|PSMB10|PSMB11|PSMB2|PSMB3|PSMB4|PSMB5|PSMB6|PSMB7|PSMB8|PSMB9|PSMC1|PSMC2|PSMC3|PSMC4|PSMC5|PSMC6|PSMD1|PSMD11|PSMD12|PSMD13|PSMD14|PSMD2|PSMD3|PSMD4|PSMD6|PSMD7|PSMD8|SEM1	20uM	HT29	24h	LINCSCP_125610
LINCSCP_112987	0.7692225657	0.04320352218	7	GW843682X	LSM-1014	PLK1|PLK3	3.33uM	HME1	24h	LINCSCP_112987
LINCSCP_292902	-0.7692075311	0.04321018143	7	CHEMBL1270413	LSM-3758	NA	10uM	VCAP	24h	LINCSCP_292902
LINCSCP_156442	0.7691719235	0.0432259552	7	179324-69-7	LSM-6281	ADRM1|PSMA1|PSMA2|PSMA3|PSMA4|PSMA5|PSMA6|PSMA7|PSMA8|PSMB1|PSMB10|PSMB11|PSMB2|PSMB3|PSMB4|PSMB5|PSMB6|PSMB7|PSMB8|PSMB9|PSMC1|PSMC2|PSMC3|PSMC4|PSMC5|PSMC6|PSMD1|PSMD11|PSMD12|PSMD13|PSMD14|PSMD2|PSMD3|PSMD4|PSMD6|PSMD7|PSMD8|SEM1	20uM	PC3	24h	LINCSCP_156442
LINCSCP_162787	0.7691484797	0.04323634228	7	Neratinib	LSM-42778	EGFR|ERBB2|ERBB4	0.04uM	SKBR3	24h	LINCSCP_162787
LINCSCP_54073	-0.7691483915	0.04323638137	7	5-(6-Aminopurin-9-yl)-2-methyltetrahydrofuran-3-ol	LSM-4354	NA	10uM	SW620	6h	LINCSCP_54073
LINCSCP_64046	0.7691472349	0.04323689387	7	BRD-M58692868	LSM-45050	NA	5uM	VCAP	24h	LINCSCP_64046
LINCSCP_139314	0.769145154	0.04323781587	7	179324-69-7	LSM-6281	ADRM1|PSMA1|PSMA2|PSMA3|PSMA4|PSMA5|PSMA6|PSMA7|PSMA8|PSMB1|PSMB10|PSMB11|PSMB2|PSMB3|PSMB4|PSMB5|PSMB6|PSMB7|PSMB8|PSMB9|PSMC1|PSMC2|PSMC3|PSMC4|PSMC5|PSMC6|PSMD1|PSMD11|PSMD12|PSMD13|PSMD14|PSMD2|PSMD3|PSMD4|PSMD6|PSMD7|PSMD8|SEM1	20uM	MCF7	24h	LINCSCP_139314
LINCSCP_44058	0.7691439718	0.04323833973	7	IMD-0354	LSM-3667	IKBKB	10uM	PC3	24h	LINCSCP_44058
LINCSCP_2694	0.7691359568	0.04324189127	7	CGS-12066A	LSM-2420	HTR1B	10uM	A375	6h	LINCSCP_2694
LINCSCP_161311	-0.7691224831	0.04324786203	7	Sildenafil	LSM-3797	PDE5A	0.04uM	PC3	24h	LINCSCP_161311
LINCSCP_116859	-0.7691121317	0.04325244944	7	CHEMBL1673039	LSM-1093	LRRK2|MAPK7	0.12uM	HT29	24h	LINCSCP_116859
LINCSCP_25669	0.7690964319	0.04325940766	7	Perhexiline	LSM-4353	CPT1A|CPT2	10uM	HT29	6h	LINCSCP_25669
LINCSCP_115849	-0.7690962441	0.04325949091	7	Mitoxantrone	LSM-2481	TOP2A	0.37uM	HS578T	3h	LINCSCP_115849
LINCSCP_121505	0.7690912551	0.04326170216	7	Penfluridol	LSM-2334	NA	10uM	HT29	24h	LINCSCP_121505
LINCSCP_31436	0.7690835522	0.04326511644	7	MLS003179196	LSM-1356	NA	10uM	MCF7	6h	LINCSCP_31436
LINCSCP_87550	0.7690762841	0.04326833814	7	BCPP000194	LSM-1188	NA	0.04uM	CD34	24h	LINCSCP_87550
LINCSCP_2385	0.7690576732	0.0432765883	7	Vemurafenib	LSM-1068	BRAF	10uM	A375	6h	LINCSCP_2385
LINCSCP_157242	0.7690370511	0.04328573098	7	MG-132	LSM-1107	PSMB1	20uM	PC3	24h	LINCSCP_157242
LINCSCP_116425	-0.7690357499	0.04328630794	7	Dactolisib	LSM-4255	MTOR|PIK3CA|PIK3CB|PIK3CD|PIK3CG|PIK3R1|PIK3R2|PIK3R3|PIK3R5	0.12uM	HT29	24h	LINCSCP_116425
LINCSCP_277252	0.7690313542	0.04328825686	7	SCHEMBL17783919	LSM-38779	NA	5uM	PC3	24h	LINCSCP_277252
LINCSCP_25593	0.7690225888	0.04329214342	7	10-DEBC	LSM-4710	PIM1	20uM	HT29	24h	LINCSCP_25593
LINCSCP_131342	0.7690107057	0.04329741265	7	BRD-K01425431	NA	NA	10uM	MCF10A	24h	LINCSCP_131342
LINCSCP_131754	0.7689790756	0.04331143988	7	Selumetinib	LSM-1056	MAP2K1|MAP2K2	10uM	MCF10A	3h	LINCSCP_131754
LINCSCP_305030	0.7689593921	0.04332017032	7	BRD-K42733037	LSM-11026	NA	5uM	VCAP	24h	LINCSCP_305030
LINCSCP_111315	-0.7689377005	0.04332979258	7	LDN 193189	LSM-1115	ACVR1|BMPR1A	1.11uM	HEPG2	24h	LINCSCP_111315
LINCSCP_105956	0.7689278739	0.04333415198	7	Targinine	LSM-36418	NA	0.04uM	HELA	24h	LINCSCP_105956
LINCSCP_57370	0.7689204673	0.04333743793	7	CID755673	LSM-2050	NA	10uM	VCAP	6h	LINCSCP_57370
LINCSCP_62714	-0.7689179976	0.04333853367	7	BRD-K07373355	LSM-8861	NA	5uM	VCAP	6h	LINCSCP_62714
LINCSCP_53761	0.768862053	0.04336335851	7	Sirolimus	LSM-42783	FKBP1A|MTOR	10uM	SNUC4	6h	LINCSCP_53761
LINCSCP_143721	0.7688602729	0.04336414851	7	MG-132	LSM-1107	PSMB1	20uM	MCF7	24h	LINCSCP_143721
LINCSCP_115720	0.768857553	0.04336535565	7	Lapatinib	LSM-1051	EGFR|ERBB2	10uM	HS578T	24h	LINCSCP_115720
LINCSCP_56119	0.7688223218	0.04338099357	7	L741,626	LSM-2088	DRD2	10uM	VCAP	6h	LINCSCP_56119
LINCSCP_125614	0.7688204467	0.04338182592	7	Falnidamol	LSM-3584	EGFR	10uM	HT29	24h	LINCSCP_125614
LINCSCP_117922	-0.7687876251	0.04339639726	7	PIMAGEDINE HYDROCHLORIDE	LSM-45273	NA	3.33uM	HT29	24h	LINCSCP_117922
LINCSCP_116747	-0.7687626754	0.04340747561	7	WYE 125132	LSM-1064	MTOR	1.11uM	HT29	24h	LINCSCP_116747
LINCSCP_138408	0.7687289592	0.04342244898	7	MG-132	LSM-1107	PSMB1	20uM	MCF7	24h	LINCSCP_138408
LINCSCP_54754	0.7687283698	0.04342271078	7	Lexibulin	LSM-6232	TUBA1A|TUBA1B|TUBA1C|TUBA3E|TUBA4A|TUBB|TUBB1|TUBB2A|TUBB2B|TUBB3|TUBB4A|TUBB4B|TUBB6|TUBB8	1uM	T3M10	6h	LINCSCP_54754
LINCSCP_113377	-0.7687029597	0.04343399732	7	BMS-345541	LSM-1028	IKBKB	0.12uM	HME1	3h	LINCSCP_113377
LINCSCP_104821	0.7686461445	0.04345923912	7	Lisofylline	LSM-45727	NA	1.11uM	HELA	24h	LINCSCP_104821
LINCSCP_52747	0.7686417832	0.0434611771	7	EO 1428	LSM-1228	MAPK11|MAPK14	10uM	SKB	24h	LINCSCP_52747
LINCSCP_243784	-0.7686238219	0.04346915878	7	Methotrexate	LSM-5690	DHFR	10uM	MCF7	6h	LINCSCP_243784
LINCSCP_132365	0.7686160215	0.04347262542	7	TGX 221	LSM-1172	PIK3CB	0.04uM	MCF7	3h	LINCSCP_132365
LINCSCP_123365	0.7685925106	0.04348307496	7	HYDROXYUREA	LSM-45988	RRM1|RRM2|RRM2B	0.12uM	HT29	24h	LINCSCP_123365
LINCSCP_66132	-0.768578755	0.04348918935	7	BRD-K67526586	LSM-40953	NA	0.5uM	VCAP	24h	LINCSCP_66132
LINCSCP_47448	0.7685544196	0.04350000764	7	Bambuterol	LSM-4346	ADRB2	10uM	PC3	24h	LINCSCP_47448
LINCSCP_57307	-0.7685511817	0.04350144717	7	AC1LBR3D	LSM-3395	NA	10uM	VCAP	24h	LINCSCP_57307
LINCSCP_132783	-0.7685509646	0.04350154366	7	CHEMBL585951	LSM-36386	MAPK8	0.12uM	MCF7	24h	LINCSCP_132783
LINCSCP_136352	0.7685468972	0.043503352	7	179324-69-7	LSM-6281	ADRM1|PSMA1|PSMA2|PSMA3|PSMA4|PSMA5|PSMA6|PSMA7|PSMA8|PSMB1|PSMB10|PSMB11|PSMB2|PSMB3|PSMB4|PSMB5|PSMB6|PSMB7|PSMB8|PSMB9|PSMC1|PSMC2|PSMC3|PSMC4|PSMC5|PSMC6|PSMD1|PSMD11|PSMD12|PSMD13|PSMD14|PSMD2|PSMD3|PSMD4|PSMD6|PSMD7|PSMD8|SEM1	20uM	MCF7	24h	LINCSCP_136352
LINCSCP_64034	0.7685461737	0.04350367366	7	BRD-K91834385	LSM-14073	NA	5uM	VCAP	24h	LINCSCP_64034
LINCSCP_128619	0.7685147481	0.04351764677	7	Osimertinib	LSM-6344	EGFR|ERBB2|ERBB3|ERBB4	10uM	HUVEC	24h	LINCSCP_128619
LINCSCP_159523	-0.7685134838	0.04351820897	7	LY2940680	LSM-45539	SMO	0.04uM	PC3	24h	LINCSCP_159523
LINCSCP_104685	0.76847665	0.04353459002	7	MILNACIPRAN HYDROCHLORIDE	LSM-45870	SLC6A2|SLC6A4	0.12uM	HELA	24h	LINCSCP_104685
LINCSCP_47226	-0.768475929	0.04353491068	7	BRD-K60067222	LSM-40556	NA	10uM	PC3	6h	LINCSCP_47226
LINCSCP_5894	0.7684678216	0.04353851675	7	Nizatidine	LSM-42962	HRH2	10uM	A549	6h	LINCSCP_5894
LINCSCP_35591	0.7684284264	0.04355604156	7	CHEMBL2333346	LSM-36791	NA	3uM	MCF7	6h	LINCSCP_35591
LINCSCP_31286	0.7684213256	0.04355920075	7	AC1MCK4Q	LSM-3599	NA	10uM	MCF7	6h	LINCSCP_31286
LINCSCP_35437	0.7683903276	0.04357299334	7	Panobinostat	LSM-43059	HDAC1|HDAC10|HDAC11|HDAC2|HDAC3|HDAC4|HDAC5|HDAC6|HDAC7|HDAC8|HDAC9	10uM	MCF7	6h	LINCSCP_35437
LINCSCP_47869	-0.768387266	0.04357435573	7	Cyclopentolate	LSM-1800	CHRM3	10uM	PC3	6h	LINCSCP_47869
LINCSCP_132732	0.7683835082	0.04357602797	7	PI-103	LSM-1126	MTOR|PIK3CA|PIK3CB|PIK3CD|PIK3CG	3.33uM	MCF7	24h	LINCSCP_132732
LINCSCP_16934	0.7683761805	0.04357928894	7	Doxycycline	LSM-5179	MMP8	10uM	HA1E	6h	LINCSCP_16934
LINCSCP_29171	0.7683608753	0.04358610047	7	CAY10618	LSM-4946	NAMPT	10uM	JHUEM2	6h	LINCSCP_29171
LINCSCP_144733	-0.7683594278	0.04358674467	7	Foretinib	LSM-1158	FLT1|FLT3|FLT4|KDR|KIT|MET|PDGFRA|PDGFRB|TEK	0.12uM	MDAMB231	24h	LINCSCP_144733
LINCSCP_30577	0.7683495896	0.04359112346	7	ABT737	LSM-1180	BCL2|BCL2L1|BCL2L2	10uM	MCF7	24h	LINCSCP_30577
LINCSCP_104572	0.7683262332	0.04360151994	7	Desoxypeganine	LSM-2290	ACHE|MAOA	0.04uM	HELA	24h	LINCSCP_104572
LINCSCP_138151	0.7683183789	0.04360501636	7	179324-69-7	LSM-6281	ADRM1|PSMA1|PSMA2|PSMA3|PSMA4|PSMA5|PSMA6|PSMA7|PSMA8|PSMB1|PSMB10|PSMB11|PSMB2|PSMB3|PSMB4|PSMB5|PSMB6|PSMB7|PSMB8|PSMB9|PSMC1|PSMC2|PSMC3|PSMC4|PSMC5|PSMC6|PSMD1|PSMD11|PSMD12|PSMD13|PSMD14|PSMD2|PSMD3|PSMD4|PSMD6|PSMD7|PSMD8|SEM1	20uM	MCF7	24h	LINCSCP_138151
LINCSCP_78010	0.7683088774	0.04360924628	7	MG-132	LSM-1107	PSMB1	20uM	A375	24h	LINCSCP_78010
LINCSCP_3199	0.7683003271	0.04361305288	7	BRD-K68319707	LSM-40988	NA	5uM	A375	24h	LINCSCP_3199
LINCSCP_49822	-0.7682731571	0.04362515034	7	C23H24CLN3O5	LSM-4296	TOP1	10uM	PHH	24h	LINCSCP_49822
LINCSCP_137331	0.7682564846	0.04363257472	7	MG-132	LSM-1107	PSMB1	20uM	MCF7	24h	LINCSCP_137331
LINCSCP_88928	-0.7682469697	0.04363681206	7	AZ20	LSM-36357	NA	10uM	HA1E	24h	LINCSCP_88928
LINCSCP_56190	0.7682270414	0.04364568762	7	Nortriptyline	LSM-4039	KCNJ10|SLC6A2|SLC6A4	10uM	VCAP	6h	LINCSCP_56190
LINCSCP_74255	0.7682231771	0.04364740878	7	EXALAMIDE	LSM-45860	NA	10uM	A375	24h	LINCSCP_74255
LINCSCP_150087	-0.7682082967	0.04365403692	7	I-BET151	LSM-6335	NA	10uM	NPC.TAK	24h	LINCSCP_150087
LINCSCP_149145	0.7681841152	0.04366480923	7	CHEMBL3188661	LSM-5394	DDR1	10uM	NPC	24h	LINCSCP_149145
LINCSCP_76623	-0.7681654218	0.04367313775	7	Aphidicolin	LSM-45486	NA	0.04uM	A375	24h	LINCSCP_76623
LINCSCP_58862	0.7681653147	0.04367318545	7	Rifabutin	LSM-5004	NA	10uM	VCAP	24h	LINCSCP_58862
LINCSCP_4764	0.7681556272	0.04367750185	7	AS-605240	LSM-42784	PIK3CG	10uM	A549	6h	LINCSCP_4764
LINCSCP_103863	-0.7681451731	0.04368216013	7	AMG 487	LSM-45938	NA	0.12uM	HELA	24h	LINCSCP_103863
LINCSCP_117207	0.76813684	0.04368587348	7	Infigratinib	LSM-1184	FGFR1|FGFR2|FGFR3|FGFR4	1.11uM	HT29	24h	LINCSCP_117207
LINCSCP_81311	-0.7681319651	0.04368804589	7	Nilotinib	LSM-1099	ABL1|BCR|KIT	3.33uM	A549	24h	LINCSCP_81311
LINCSCP_17313	-0.7681154089	0.04369542431	7	BRD-K11533227	LSM-36781	NA	1.11uM	HA1E	24h	LINCSCP_17313
LINCSCP_129945	-0.7680593584	0.0437204088	7	Radicicol	LSM-43303	NA	0.37uM	LNCAP	24h	LINCSCP_129945
LINCSCP_130469	0.768036216	0.04373072683	7	PD-0325901	LSM-1101	MAP2K1|MAP2K2	0.04uM	MCF10A	24h	LINCSCP_130469
LINCSCP_106432	0.768017048	0.04373927387	7	N-(4-METHOXYPHENYL)-1-PHENYL-1H-PYRAZOL-3-AMINE	LSM-45685	NA	1.11uM	HELA	24h	LINCSCP_106432
LINCSCP_120753	0.7680119139	0.0437415633	7	MG-132	LSM-1107	PSMB1	20uM	HT29	24h	LINCSCP_120753
LINCSCP_56215	0.7680047057	0.04374477779	7	Suloctidil	LSM-1469	NA	10uM	VCAP	24h	LINCSCP_56215
LINCSCP_163401	-0.7679923291	0.04375029744	7	apigenin	LSM-5206	NA	0.12uM	SKBR3	3h	LINCSCP_163401
LINCSCP_81400	-0.7679692148	0.04376060677	7	GSK 1059615	LSM-42799	PIK3CA|PIK3CB|PIK3CD|PIK3CG	10uM	A549	24h	LINCSCP_81400
LINCSCP_33120	0.7679493048	0.04376948805	7	FK888	LSM-3876	TACR1	10uM	MCF7	24h	LINCSCP_33120
LINCSCP_48269	-0.7679251997	0.04378024194	7	BRD-K75048204	LSM-41360	NA	5uM	PC3	24h	LINCSCP_48269
LINCSCP_131222	0.7679213243	0.04378197102	7	PD-0325901	LSM-1101	MAP2K1|MAP2K2	0.12uM	MCF10A	24h	LINCSCP_131222
LINCSCP_80628	-0.7679132781	0.04378556105	7	Rupatadine Fumarate	LSM-45384	NA	10uM	A375	24h	LINCSCP_80628
LINCSCP_44309	0.7678966821	0.04379296629	7	3,5-Bis(4-methylbenzylidene)piperidin-4-one	LSM-2827	SENP2|USP1|USP2|USP7	10uM	PC3	6h	LINCSCP_44309
LINCSCP_27062	0.7678906276	0.04379566798	7	Isorotenone	LSM-2115	NA	10uM	HT29	6h	LINCSCP_27062
LINCSCP_127396	-0.7678768029	0.0438018374	7	Indapamide	LSM-1936	KCNQ1|SLC12A3	10uM	HT29	24h	LINCSCP_127396
LINCSCP_18417	0.7678587987	0.04380987267	7	U0126	LSM-1220	NA	10uM	HCC515	6h	LINCSCP_18417
LINCSCP_81265	-0.7678568851	0.04381072677	7	SB590885	LSM-42746	NA	0.37uM	A549	24h	LINCSCP_81265
LINCSCP_140840	0.7678493561	0.04381408722	7	MG-132	LSM-1107	PSMB1	20uM	MCF7	24h	LINCSCP_140840
LINCSCP_34717	-0.7678337549	0.04382105109	7	Auranofin	LSM-43205	NA	10uM	MCF7	6h	LINCSCP_34717
LINCSCP_30452	-0.767831202	0.04382219065	7	Chaetocin	LSM-6198	SUV39H1	0.1uM	MCF7	24h	LINCSCP_30452
LINCSCP_144172	0.7678308651	0.04382234104	7	MG-132	LSM-1107	PSMB1	20uM	MCF7	24h	LINCSCP_144172
LINCSCP_12492	-0.7677859986	0.04384237163	7	BRD-K80368509	LSM-45306	NA	3uM	CD34	6h	LINCSCP_12492
LINCSCP_260658	-0.7677762282	0.0438467343	7	SA-441092	LSM-42095	NA	0.5uM	NKDBA	24h	LINCSCP_260658
LINCSCP_133137	-0.7677760477	0.04384681487	7	CHEMBL585951	LSM-36386	MAPK8	0.12uM	MCF7	3h	LINCSCP_133137
LINCSCP_125889	0.7677750527	0.04384725915	7	179324-69-7	LSM-6281	ADRM1|PSMA1|PSMA2|PSMA3|PSMA4|PSMA5|PSMA6|PSMA7|PSMA8|PSMB1|PSMB10|PSMB11|PSMB2|PSMB3|PSMB4|PSMB5|PSMB6|PSMB7|PSMB8|PSMB9|PSMC1|PSMC2|PSMC3|PSMC4|PSMC5|PSMC6|PSMD1|PSMD11|PSMD12|PSMD13|PSMD14|PSMD2|PSMD3|PSMD4|PSMD6|PSMD7|PSMD8|SEM1	20uM	HT29	24h	LINCSCP_125889
LINCSCP_32412	0.7677714437	0.04384887073	7	Thiostrepton	LSM-43142	FOXM1	10uM	MCF7	24h	LINCSCP_32412
LINCSCP_285557	-0.7677631945	0.04385255441	7	331771-20-1	LSM-1096	AURKA|AURKB	0.5uM	SKBR3	6h	LINCSCP_285557
LINCSCP_170113	0.7677589086	0.04385446836	7	Cabazitaxel	LSM-46002	NA	3.33uM	YAPC	24h	LINCSCP_170113
LINCSCP_50966	0.7677515732	0.04385774419	7	Tivozanib	LSM-1005	FLT1|FLT4|KDR|KIT|PDGFRA|PDGFRB	10uM	RMGI	6h	LINCSCP_50966
LINCSCP_167740	-0.7677430145	0.04386156655	7	Balicatib	LSM-45647	NA	1.11uM	YAPC	24h	LINCSCP_167740
LINCSCP_115094	0.7677429443	0.04386159791	7	Neratinib	LSM-42778	EGFR|ERBB2|ERBB4	1.11uM	HS578T	3h	LINCSCP_115094
LINCSCP_38469	0.7677405102	0.04386268499	7	TL_HRAS26	LSM-2013	NA	3.33uM	MCF7	24h	LINCSCP_38469
LINCSCP_60980	0.7677396064	0.04386308864	7	BRD-K62237490	LSM-12209	NA	5uM	VCAP	6h	LINCSCP_60980
LINCSCP_124239	-0.7677343505	0.0438654361	7	PHA-793887	LSM-1073	CDK1|CDK10|CDK11B|CDK12|CDK13|CDK14|CDK15|CDK16|CDK17|CDK18|CDK19|CDK2|CDK20|CDK3|CDK4|CDK5|CDK6|CDK7|CDK8|CDK9	0.12uM	HT29	24h	LINCSCP_124239
LINCSCP_260952	-0.7677138918	0.04387457417	7	SA-1922975	LSM-42076	NA	3uM	NKDBA	24h	LINCSCP_260952
LINCSCP_56959	0.7677077908	0.04387729945	7	RG 108	LSM-6283	DNMT1	80uM	VCAP	24h	LINCSCP_56959
LINCSCP_38314	0.767704001	0.04387899238	7	SA-1456576	LSM-39456	NA	10uM	MCF7	6h	LINCSCP_38314
LINCSCP_152737	0.7677006923	0.04388047041	7	Oxaprozin	LSM-2553	PTGS1|PTGS2	10uM	PC3	24h	LINCSCP_152737
LINCSCP_56958	0.7676727926	0.04389293471	7	32703-82-5	LSM-4897	KIF11	40uM	VCAP	24h	LINCSCP_56958
LINCSCP_155365	0.7676724878	0.04389307088	7	179324-69-7	LSM-6281	ADRM1|PSMA1|PSMA2|PSMA3|PSMA4|PSMA5|PSMA6|PSMA7|PSMA8|PSMB1|PSMB10|PSMB11|PSMB2|PSMB3|PSMB4|PSMB5|PSMB6|PSMB7|PSMB8|PSMB9|PSMC1|PSMC2|PSMC3|PSMC4|PSMC5|PSMC6|PSMD1|PSMD11|PSMD12|PSMD13|PSMD14|PSMD2|PSMD3|PSMD4|PSMD6|PSMD7|PSMD8|SEM1	20uM	PC3	24h	LINCSCP_155365
LINCSCP_81142	0.7676533342	0.04390162895	7	SCHEMBL570779	LSM-1149	NA	10uM	A549	24h	LINCSCP_81142
LINCSCP_115883	-0.767641367	0.0439069765	7	936890-98-1	LSM-42786	MTOR	3.33uM	HS578T	3h	LINCSCP_115883
LINCSCP_249742	-0.767641319	0.04390699796	7	BRD-K24106654	LSM-9885	NA	10uM	MCF7	24h	LINCSCP_249742
LINCSCP_87318	0.7676038962	0.04392372275	7	Aurora A Inhibitor I	LSM-1065	AURKA	10uM	CD34	24h	LINCSCP_87318
LINCSCP_125251	0.7675780854	0.04393526	7	179324-69-7	LSM-6281	ADRM1|PSMA1|PSMA2|PSMA3|PSMA4|PSMA5|PSMA6|PSMA7|PSMA8|PSMB1|PSMB10|PSMB11|PSMB2|PSMB3|PSMB4|PSMB5|PSMB6|PSMB7|PSMB8|PSMB9|PSMC1|PSMC2|PSMC3|PSMC4|PSMC5|PSMC6|PSMD1|PSMD11|PSMD12|PSMD13|PSMD14|PSMD2|PSMD3|PSMD4|PSMD6|PSMD7|PSMD8|SEM1	20uM	HT29	24h	LINCSCP_125251
LINCSCP_111939	-0.7675730025	0.04393753219	7	Tivozanib	LSM-1005	FLT1|FLT4|KDR|KIT|PDGFRA|PDGFRB	0.12uM	HEPG2	24h	LINCSCP_111939
LINCSCP_295298	0.7675595165	0.04394356118	7	STK249718	LSM-6671	NA	10uM	VCAP	24h	LINCSCP_295298
LINCSCP_176092	-0.7675585992	0.04394397131	7	Isoconazole	LSM-6515	NA	0.37uM	YAPC	24h	LINCSCP_176092
LINCSCP_83067	0.7675536432	0.04394618704	7	AZ628	LSM-1050	BRAF|RAF1	0.12uM	ASC.C	24h	LINCSCP_83067
LINCSCP_142238	-0.7675305008	0.04395653434	7	GDC-0068	LSM-45747	NA	0.37uM	MCF7	24h	LINCSCP_142238
LINCSCP_156187	0.7675255299	0.04395875711	7	Tasquinimod	LSM-45815	NA	10uM	PC3	24h	LINCSCP_156187
LINCSCP_166261	0.7675248085	0.04395907967	7	PD-0325901	LSM-1101	MAP2K1|MAP2K2	0.37uM	SKL	24h	LINCSCP_166261
LINCSCP_40207	-0.7675152035	0.04396337478	7	AR-C133057XX	LSM-6244	NOS2	10uM	NCIH508	6h	LINCSCP_40207
LINCSCP_51469	0.7674940616	0.04397282961	7	SB 239063	LSM-44951	MAPK11|MAPK14	1uM	SKBR3	24h	LINCSCP_51469
LINCSCP_67076	0.7674938275	0.04397293433	7	13-Hydroxy-8,14,19-trimethoxy-4,10,12,16-tetramethyl-3,20,22-trioxo-2-azabicyclo[16.3.1]docosa-1(21),4,6,10,18-pentaen-9-yl carbamate	LSM-42815	HSP90AA1	10uM	HT29	6h	LINCSCP_67076
LINCSCP_23218	0.7674732061	0.0439821575	7	BRD-K57786095	LSM-6622	NA	10uM	HEPG2	6h	LINCSCP_23218
LINCSCP_2126	-0.7674644224	0.04398608645	7	JNJ-7706621	LSM-5294	AURKA|AURKB|CDK1|CDK2	10uM	A375	6h	LINCSCP_2126
LINCSCP_212275	-0.7674623123	0.04398703031	7	Ampi	LSM-4982	NA	20uM	HA1E	24h	LINCSCP_212275
LINCSCP_132720	0.7674309395	0.04400106509	7	Dasatinib	LSM-1020	ABL1|BCR|BLK|EPHA2|FGR|FRK|FYN|HCK|KIT|LCK|LYN|PDGFRB|SRC|SRMS|YES1	3.33uM	MCF7	24h	LINCSCP_132720
LINCSCP_77788	-0.7674289589	0.0440019512	7	N6022	LSM-45697	NA	10uM	A375	24h	LINCSCP_77788
LINCSCP_85614	0.7674031924	0.04401347997	7	TGX 221	LSM-1172	PIK3CB	10uM	BT20	3h	LINCSCP_85614
LINCSCP_53195	0.7673903809	0.04401921286	7	SCHEMBL14379041	LSM-43082	PPARG	10uM	SKM1	6h	LINCSCP_53195
LINCSCP_12775	0.7673825406	0.04402272144	7	CHEMBL436817	LSM-6200	NA	40uM	DV90	6h	LINCSCP_12775
LINCSCP_49773	0.7673790071	0.04402430273	7	L-Sulforaphane	LSM-4919	NFE2L2	0.001uM	PC3	6h	LINCSCP_49773
LINCSCP_226450	-0.7673751554	0.04402602649	7	Pregnenolone	LSM-5550	NA	10uM	HT29	6h	LINCSCP_226450
LINCSCP_147136	-0.7673600021	0.0440328084	7	galantamine	NA	NA	10uM	NEU	24h	LINCSCP_147136
LINCSCP_28647	0.7673465098	0.04403884742	7	Apatinib Hydrochloride	LSM-4810	HDAC1|HDAC10|HDAC11|HDAC2|HDAC3|HDAC4|HDAC5|HDAC6|HDAC7|HDAC8|HDAC9	0.12uM	HT29	24h	LINCSCP_28647
LINCSCP_153624	-0.7673330475	0.04404487344	7	Methylnaltrexone (Bromide)	LSM-45638	NA	10uM	PC3	24h	LINCSCP_153624
LINCSCP_116764	0.7673309482	0.04404581318	7	noscapine	NA	NA	3.33uM	HT29	24h	LINCSCP_116764
LINCSCP_3931	0.7673285556	0.0440468842	7	13-Hydroxy-8,14,19-trimethoxy-4,10,12,16-tetramethyl-3,20,22-trioxo-2-azabicyclo[16.3.1]docosa-1(21),4,6,10,18-pentaen-9-yl carbamate	LSM-42815	HSP90AA1	0.12uM	A375	24h	LINCSCP_3931
LINCSCP_193091	0.7673030418	0.04405830628	7	DH 97	LSM-2108	NA	10uM	A549	24h	LINCSCP_193091
LINCSCP_7156	-0.7672801793	0.04406854285	7	LY288513	LSM-2541	CCKBR	10uM	A549	6h	LINCSCP_7156
LINCSCP_22995	-0.7672546296	0.0440799841	7	Felbamate	LSM-4232	GRIN1|GRIN2A|GRIN2B|GRIN2C|GRIN2D|GRIN3A|GRIN3B	10uM	HEPG2	6h	LINCSCP_22995
LINCSCP_87556	-0.7672363966	0.0440881499	7	Olaparib	LSM-1145	PARP1|PARP2|PARP3	0.04uM	CD34	24h	LINCSCP_87556
LINCSCP_1603	0.7672105744	0.04409971602	7	MLS001030720	LSM-3506	NA	10uM	A375	6h	LINCSCP_1603
LINCSCP_16103	0.7672041608	0.04410258904	7	Reichsteins Substance S	LSM-36903	AR	10uM	HA1E	6h	LINCSCP_16103
LINCSCP_279076	0.7671657714	0.04411978791	7	BRD-K46047563	LSM-39824	NA	10uM	PC3	6h	LINCSCP_279076
LINCSCP_156356	0.7671367384	0.04413279745	7	179324-69-7	LSM-6281	ADRM1|PSMA1|PSMA2|PSMA3|PSMA4|PSMA5|PSMA6|PSMA7|PSMA8|PSMB1|PSMB10|PSMB11|PSMB2|PSMB3|PSMB4|PSMB5|PSMB6|PSMB7|PSMB8|PSMB9|PSMC1|PSMC2|PSMC3|PSMC4|PSMC5|PSMC6|PSMD1|PSMD11|PSMD12|PSMD13|PSMD14|PSMD2|PSMD3|PSMD4|PSMD6|PSMD7|PSMD8|SEM1	20uM	PC3	24h	LINCSCP_156356
LINCSCP_64684	0.7671331495	0.04413440575	7	CHEMBL2362931	LSM-40792	NA	10uM	VCAP	24h	LINCSCP_64684
LINCSCP_151746	-0.76712182	0.04413948313	7	GSK-3 Inhibitor II	LSM-1030	GSK3B	3.33uM	PC3	24h	LINCSCP_151746
LINCSCP_145469	-0.7671159291	0.04414212331	7	PI-103	LSM-1126	MTOR|PIK3CA|PIK3CB|PIK3CD|PIK3CG	0.37uM	MDAMB231	24h	LINCSCP_145469
LINCSCP_29718	-0.767091097	0.0441532534	7	CHEMBL552425	LSM-1003	DDR1	0.5uM	MCF10A	6h	LINCSCP_29718
LINCSCP_157161	0.7670901616	0.04415367272	7	179324-69-7	LSM-6281	ADRM1|PSMA1|PSMA2|PSMA3|PSMA4|PSMA5|PSMA6|PSMA7|PSMA8|PSMB1|PSMB10|PSMB11|PSMB2|PSMB3|PSMB4|PSMB5|PSMB6|PSMB7|PSMB8|PSMB9|PSMC1|PSMC2|PSMC3|PSMC4|PSMC5|PSMC6|PSMD1|PSMD11|PSMD12|PSMD13|PSMD14|PSMD2|PSMD3|PSMD4|PSMD6|PSMD7|PSMD8|SEM1	20uM	PC3	24h	LINCSCP_157161
LINCSCP_152435	-0.7670888345	0.04415426756	7	331771-20-1	LSM-1096	AURKA|AURKB	0.12uM	PC3	24h	LINCSCP_152435
LINCSCP_115495	-0.7670859064	0.0441555801	7	Mitoxantrone	LSM-2481	TOP2A	3.33uM	HS578T	24h	LINCSCP_115495
LINCSCP_85947	0.7670816979	0.04415746663	7	C24H25CLFN5O3	LSM-42794	EGFR|ERBB2|ERBB4	0.37uM	BT20	24h	LINCSCP_85947
LINCSCP_28574	0.7670740731	0.04416088467	7	4LY1	LSM-6529	HDAC1|HDAC2	0.12uM	HT29	24h	LINCSCP_28574
LINCSCP_117884	-0.7670688076	0.04416324515	7	ITK Inhibitor	LSM-1043	ITK	0.04uM	HT29	24h	LINCSCP_117884
LINCSCP_78103	0.7670386976	0.04417674466	7	MG-132	LSM-1107	PSMB1	20uM	A375	24h	LINCSCP_78103
LINCSCP_28400	0.7670141038	0.04418777272	7	BRD-K92656786	LSM-14107	NA	10uM	HT29	24h	LINCSCP_28400
LINCSCP_13154	0.7670088384	0.04419013398	7	BML 210	LSM-37001	NA	10uM	FIBRNPC	24h	LINCSCP_13154
LINCSCP_115634	-0.7669550887	0.04421424176	7	A-443654	LSM-1045	NA	1.11uM	HS578T	24h	LINCSCP_115634
LINCSCP_119555	0.7669522378	0.04421552064	7	Dabrafenib	LSM-6303	BRAF	0.37uM	HT29	24h	LINCSCP_119555
LINCSCP_164538	-0.7669495421	0.04421672993	7	Infigratinib	LSM-1184	FGFR1|FGFR2|FGFR3|FGFR4	0.37uM	SKL.C	24h	LINCSCP_164538
LINCSCP_134159	0.7669480331	0.04421740688	7	Alectinib	LSM-1202	ALK|RET	1.11uM	MCF7	24h	LINCSCP_134159
LINCSCP_28545	0.7668968798	0.04424035775	7	Broad-Sai-686	LSM-45328	NA	10uM	HT29	24h	LINCSCP_28545
LINCSCP_138854	-0.7668867781	0.04424489087	7	AC1NWAQV	LSM-1503	NR3C1	1.11uM	MCF7	24h	LINCSCP_138854
LINCSCP_55893	0.7668728742	0.0442511306	7	Norgestrel	LSM-1612	NA	10uM	VCAP	24h	LINCSCP_55893
LINCSCP_42898	0.7667753716	0.04429490097	7	U0126	LSM-1220	NA	10uM	NPC	24h	LINCSCP_42898
LINCSCP_67203	0.7667709119	0.04429690355	7	Trichostatin A, Streptomyces Sp.	LSM-42814	HDAC1|HDAC10|HDAC3|HDAC4|HDAC6|HDAC7|HDAC8	0.5uM	HT29	24h	LINCSCP_67203
LINCSCP_235646	-0.7667436364	0.04430915254	7	Sirolimus	LSM-42783	FKBP1A|MTOR	0.5uM	MCF7	6h	LINCSCP_235646
LINCSCP_23997	0.7667380499	0.04431166157	7	Staurosporine	LSM-1103	CDK2|GSK3B	1.11uM	HEPG2	24h	LINCSCP_23997
LINCSCP_83317	-0.7667020912	0.04432781336	7	Infigratinib	LSM-1184	FGFR1|FGFR2|FGFR3|FGFR4	0.04uM	ASC.C	24h	LINCSCP_83317
LINCSCP_12538	0.7666958351	0.04433062375	7	PNU-74654	LSM-44945	CTNNB1|TCF4	80uM	CL34	6h	LINCSCP_12538
LINCSCP_14273	-0.7666795111	0.04433795744	7	UCL 2077	LSM-3106	NA	10uM	HA1E	6h	LINCSCP_14273
LINCSCP_311829	0.7666151347	0.04436688552	7	BRD-K25214457	LSM-38645	NA	10uM	VCAP	6h	LINCSCP_311829
LINCSCP_130227	0.7666086373	0.04436980574	7	CHEMBL2136735	LSM-1152	FGFR1|FGFR3|FLT1|FLT4|KDR|PDGFRA|PDGFRB	0.37uM	LNCAP	3h	LINCSCP_130227
LINCSCP_87218	-0.7666075606	0.04437028967	7	XMD 8-92	LSM-1094	MAPK7	1.11uM	CD34	24h	LINCSCP_87218
LINCSCP_48397	0.7666060134	0.04437098509	7	BRD-K47950966	LSM-39930	NA	5uM	PC3	24h	LINCSCP_48397
LINCSCP_16937	0.7665964384	0.04437528878	7	JNJ-38877605	LSM-1157	MET	10uM	HA1E	6h	LINCSCP_16937
LINCSCP_36543	-0.7665938144	0.04437646825	7	CGP 60474	LSM-1025	CDK1	1uM	MCF7	24h	LINCSCP_36543
LINCSCP_53330	0.7665853041	0.04438029366	7	Glyburide	LSM-2811	ABCC8|CFTR|KCNJ11|KCNJ5|KCNJ8	10uM	SKMEL1	6h	LINCSCP_53330
LINCSCP_149022	0.7665841866	0.04438079602	7	Decitabine	LSM-5855	DNMT1|DNMT3A	3.33uM	NPC	24h	LINCSCP_149022
LINCSCP_45024	-0.7665529635	0.04439483252	7	4-(3-Ethyl[1,2,4]triazolo[3,4-b][1,3,4]thiadiazol-6-yl)aniline	LSM-4945	NA	10uM	PC3	24h	LINCSCP_45024
LINCSCP_81200	0.7665508548	0.04439578061	7	Pelitinib	LSM-42796	EGFR	0.12uM	A549	24h	LINCSCP_81200
LINCSCP_83502	0.7665363377	0.04440230774	7	Mocetinostat	LSM-5344	HDAC1|HDAC11|HDAC2|HDAC3|HDAC8	10uM	ASC.C	24h	LINCSCP_83502
LINCSCP_156438	0.7665359334	0.04440248956	7	179324-69-7	LSM-6281	ADRM1|PSMA1|PSMA2|PSMA3|PSMA4|PSMA5|PSMA6|PSMA7|PSMA8|PSMB1|PSMB10|PSMB11|PSMB2|PSMB3|PSMB4|PSMB5|PSMB6|PSMB7|PSMB8|PSMB9|PSMC1|PSMC2|PSMC3|PSMC4|PSMC5|PSMC6|PSMD1|PSMD11|PSMD12|PSMD13|PSMD14|PSMD2|PSMD3|PSMD4|PSMD6|PSMD7|PSMD8|SEM1	20uM	PC3	24h	LINCSCP_156438
LINCSCP_250728	0.7665339951	0.04440336108	7	Wortmannin	LSM-3947	PIK3CA|PIK3CG|PLK1	10uM	MCF7	24h	LINCSCP_250728
LINCSCP_254372	0.7665225973	0.04440848618	7	Carvedilol	LSM-1310	ADRA1A|ADRA1B|ADRA1D|ADRB1|ADRB2|ADRB3	10uM	MCF7	6h	LINCSCP_254372
LINCSCP_102894	0.7664920345	0.04442223055	7	BECLOMETHASONE DIPROPIONATE	LSM-45855	NA	0.37uM	HELA	24h	LINCSCP_102894
LINCSCP_252380	0.766471392	0.044431515	7	SA-97110	LSM-37431	NA	0.5uM	MCF7	6h	LINCSCP_252380
LINCSCP_56554	0.7664487333	0.0444417075	7	Paroxetine	LSM-2843	SLC6A4	10uM	VCAP	6h	LINCSCP_56554
LINCSCP_148026	0.7664195974	0.04445481555	7	AZ20	LSM-36357	NA	3.33uM	NPC.CAS9	24h	LINCSCP_148026
LINCSCP_12489	0.7664135539	0.04445753474	7	BRD-K80368509	LSM-45306	NA	0.5uM	CD34	6h	LINCSCP_12489
LINCSCP_59105	0.7664055348	0.04446114299	7	HMN-214	LSM-42802	CSF1R|FLT1|FLT3|FLT4|KDR|KIT|PDGFRB|RET	10uM	VCAP	6h	LINCSCP_59105
LINCSCP_227183	-0.7663651561	0.044479314	7	201038-74-6	LSM-2529	HTR7	10uM	HT29	6h	LINCSCP_227183
LINCSCP_65879	0.7663593957	0.04448190659	7	BRD-K81858524	LSM-41739	NA	10uM	VCAP	6h	LINCSCP_65879
LINCSCP_25697	0.7663481232	0.0444869803	7	Rita	LSM-6201	MDM2	10uM	HT29	6h	LINCSCP_25697
LINCSCP_133874	0.7663464644	0.04448772694	7	Belinostat	LSM-43181	HDAC1|HDAC10|HDAC11|HDAC2|HDAC3|HDAC4|HDAC5|HDAC6|HDAC7|HDAC8|HDAC9	0.37uM	MCF7	24h	LINCSCP_133874
LINCSCP_21348	0.7663114416	0.04450349269	7	AKT Inhibitor IV	LSM-43091	AKT1	10uM	HEC108	6h	LINCSCP_21348
LINCSCP_37182	0.7662965491	0.04451019757	7	MLN 2238	LSM-4944	PSMB1	0.5uM	MCF7	6h	LINCSCP_37182
LINCSCP_17035	-0.766262027	0.0445257422	7	Calcipotriol	LSM-44621	VDR	10uM	HA1E	24h	LINCSCP_17035
LINCSCP_27442	0.7662508337	0.044530783	7	BRD-K31175437	LSM-38970	NA	5uM	HT29	24h	LINCSCP_27442
LINCSCP_5318	-0.766246727	0.04453263245	7	MLS003126523	LSM-3860	NA	10uM	A549	6h	LINCSCP_5318
LINCSCP_13529	0.7662432867	0.04453418185	7	CHEMBL1222381	LSM-6252	NA	80uM	H1299	6h	LINCSCP_13529
LINCSCP_88371	-0.7662335105	0.04453858491	7	PF-04217903	LSM-1166	MET	10uM	HA1E	24h	LINCSCP_88371
LINCSCP_36496	0.7662134404	0.04454762491	7	Dasatinib	LSM-1020	ABL1|BCR|BLK|EPHA2|FGR|FRK|FYN|HCK|KIT|LCK|LYN|PDGFRB|SRC|SRMS|YES1	0.1uM	MCF7	24h	LINCSCP_36496
LINCSCP_156614	0.7661984517	0.04455437678	7	MG-132	LSM-1107	PSMB1	20uM	PC3	24h	LINCSCP_156614
LINCSCP_16601	-0.7661871365	0.04455947425	7	BRD-A80960055-001-01-7	LSM-5162	NA	10uM	HA1E	6h	LINCSCP_16601
LINCSCP_39941	0.7661000964	0.04459869637	7	AKT Inhibitor IV	LSM-43091	AKT1	10uM	NCIH1836	6h	LINCSCP_39941
LINCSCP_26528	0.7660967319	0.04460021287	7	CHEMBL2139070	LSM-41430	NA	10uM	HT29	6h	LINCSCP_26528
LINCSCP_294271	0.766090536	0.04460300567	7	STK224476	LSM-4490	NA	10uM	VCAP	24h	LINCSCP_294271
LINCSCP_165934	-0.7660236134	0.04463317694	7	GSK-J2	LSM-44940	NA	1.11uM	SKL	24h	LINCSCP_165934
LINCSCP_15755	-0.7660115761	0.044638605	7	ZINC01792951	LSM-2717	NA	10uM	HA1E	24h	LINCSCP_15755
LINCSCP_289194	0.7659920329	0.04464741856	7	Nemonapride	LSM-1726	DRD2|DRD3	10uM	VCAP	24h	LINCSCP_289194
LINCSCP_117065	-0.7659870874	0.04464964898	7	CDK9 Inhibitor	LSM-1197	NA	0.12uM	HT29	24h	LINCSCP_117065
LINCSCP_110148	0.7659836417	0.04465120306	7	SPECTRUM_001579	LSM-6509	NA	0.04uM	HELA	24h	LINCSCP_110148
LINCSCP_131219	0.7659415093	0.04467020797	7	PD-0325901	LSM-1101	MAP2K1|MAP2K2	3.33uM	MCF10A	24h	LINCSCP_131219
LINCSCP_67180	-0.7659086933	0.04468501352	7	Wortmannin	LSM-3947	PIK3CA|PIK3CG|PLK1	10uM	HT29	24h	LINCSCP_67180
LINCSCP_20061	-0.7659002827	0.04468880854	7	PCL2_000472	LSM-36636	NA	10uM	HCC515	6h	LINCSCP_20061
LINCSCP_193442	0.7658954157	0.04469100473	7	Arundine	LSM-4610	AR|HIF1A|IFNG|PI3	10uM	A549	6h	LINCSCP_193442
LINCSCP_42559	0.7658943779	0.04469147304	7	Rhamnetin	LSM-2821	ALOX5	10uM	NPC	24h	LINCSCP_42559
LINCSCP_126692	0.7658879557	0.04469437108	7	179324-69-7	LSM-6281	ADRM1|PSMA1|PSMA2|PSMA3|PSMA4|PSMA5|PSMA6|PSMA7|PSMA8|PSMB1|PSMB10|PSMB11|PSMB2|PSMB3|PSMB4|PSMB5|PSMB6|PSMB7|PSMB8|PSMB9|PSMC1|PSMC2|PSMC3|PSMC4|PSMC5|PSMC6|PSMD1|PSMD11|PSMD12|PSMD13|PSMD14|PSMD2|PSMD3|PSMD4|PSMD6|PSMD7|PSMD8|SEM1	20uM	HT29	24h	LINCSCP_126692
LINCSCP_48286	-0.76587045	0.04470227115	7	BRD-K13807179	LSM-9264	NA	5uM	PC3	24h	LINCSCP_48286
LINCSCP_3807	-0.7658557755	0.0447088941	7	Wortmannin	LSM-3947	PIK3CA|PIK3CG|PLK1	3.33uM	A375	24h	LINCSCP_3807
LINCSCP_123454	0.7658378687	0.04471697663	7	179324-69-7	LSM-6281	ADRM1|PSMA1|PSMA2|PSMA3|PSMA4|PSMA5|PSMA6|PSMA7|PSMA8|PSMB1|PSMB10|PSMB11|PSMB2|PSMB3|PSMB4|PSMB5|PSMB6|PSMB7|PSMB8|PSMB9|PSMC1|PSMC2|PSMC3|PSMC4|PSMC5|PSMC6|PSMD1|PSMD11|PSMD12|PSMD13|PSMD14|PSMD2|PSMD3|PSMD4|PSMD6|PSMD7|PSMD8|SEM1	20uM	HT29	24h	LINCSCP_123454
LINCSCP_165202	0.7658179501	0.04472596813	7	PD-0325901	LSM-1101	MAP2K1|MAP2K2	0.12uM	SKL.C	24h	LINCSCP_165202
LINCSCP_90491	0.7658129647	0.04472821874	7	Atomoxetine	LSM-2452	SLC6A2|SLC6A3|SLC6A4	1.11uM	HA1E	24h	LINCSCP_90491
LINCSCP_83500	0.7658068975	0.04473095783	7	GSK 525762A	LSM-6334	NA	0.12uM	ASC.C	24h	LINCSCP_83500
LINCSCP_159039	0.7657955727	0.04473607076	7	MG-132	LSM-1107	PSMB1	20uM	PC3	24h	LINCSCP_159039
LINCSCP_65229	0.765791481	0.04473791817	7	BRD-K15234288	LSM-38064	NA	10uM	VCAP	24h	LINCSCP_65229
LINCSCP_56566	0.7657882035	0.044739398	7	Diethylstilbestrol	LSM-42960	ESR1|ESR2|ESRRG	10uM	VCAP	6h	LINCSCP_56566
LINCSCP_37725	0.7657699804	0.04474762636	7	SA-1920453	LSM-41275	NA	10uM	MCF7	24h	LINCSCP_37725
LINCSCP_69755	-0.7657591537	0.04475251542	7	Bosutinib	LSM-1190	ABL1|BCR|CAMK2G|HCK|LYN|SRC	0.04uM	A375	24h	LINCSCP_69755
LINCSCP_64428	-0.7657516792	0.04475589084	7	BRD-K66586010	LSM-40898	NA	5uM	VCAP	6h	LINCSCP_64428
LINCSCP_40	0.7657230452	0.0447688231	7	Sorafenib	LSM-1008	BRAF|DDR2|FGFR1|FLT1|FLT3|FLT4|KDR|KIT|PDGFRB|RAF1|RET	10uM	A375	6h	LINCSCP_40
LINCSCP_129307	-0.7656904942	0.04478352693	7	MGCD-265	LSM-1124	AXL|FLT1|FLT4|KDR|MET|MST1R|TEK	1.11uM	HUVEC	24h	LINCSCP_129307
LINCSCP_119099	0.7656900226	0.04478373999	7	KPT-330	LSM-45842	XPO1	0.37uM	HT29	24h	LINCSCP_119099
LINCSCP_159040	0.7656775331	0.04478938245	7	MG-132	LSM-1107	PSMB1	20uM	PC3	24h	LINCSCP_159040
LINCSCP_88824	-0.7656629408	0.04479597538	7	Pracinostat	LSM-43290	NA	0.12uM	HA1E	24h	LINCSCP_88824
LINCSCP_161239	-0.7656281729	0.04481168597	7	Enoxacin	LSM-5848	NA	0.04uM	PC3	24h	LINCSCP_161239
LINCSCP_116099	0.765625088	0.04481308008	7	13-Hydroxy-8,14,19-trimethoxy-4,10,12,16-tetramethyl-3,20,22-trioxo-2-azabicyclo[16.3.1]docosa-1(21),4,6,10,18-pentaen-9-yl carbamate	LSM-42815	HSP90AA1	3.33uM	HS578T	3h	LINCSCP_116099
LINCSCP_110548	-0.7656222661	0.04481435537	7	Ingenol Mebutate	LSM-45681	NA	0.37uM	HELA	24h	LINCSCP_110548
LINCSCP_159823	-0.7656068202	0.04482133609	7	Methyldopa	LSM-5596	ADRA2A|ADRA2B|ADRA2C|DDC	0.04uM	PC3	24h	LINCSCP_159823
LINCSCP_136439	0.7655743497	0.04483601301	7	179324-69-7	LSM-6281	ADRM1|PSMA1|PSMA2|PSMA3|PSMA4|PSMA5|PSMA6|PSMA7|PSMA8|PSMB1|PSMB10|PSMB11|PSMB2|PSMB3|PSMB4|PSMB5|PSMB6|PSMB7|PSMB8|PSMB9|PSMC1|PSMC2|PSMC3|PSMC4|PSMC5|PSMC6|PSMD1|PSMD11|PSMD12|PSMD13|PSMD14|PSMD2|PSMD3|PSMD4|PSMD6|PSMD7|PSMD8|SEM1	20uM	MCF7	24h	LINCSCP_136439
LINCSCP_147575	-0.7655717646	0.04483718165	7	PHA-767491	LSM-6304	NA	0.37uM	NPC.CAS9	24h	LINCSCP_147575
LINCSCP_148568	0.7655583517	0.04484324523	7	Allitinib	LSM-1225	NA	10uM	NPC	24h	LINCSCP_148568
LINCSCP_148355	0.765538125	0.04485239001	7	Regorafenib	LSM-1226	ABL1|BRAF|DDR2|FGFR1|FGFR2|FLT1|FLT4|FRK|KDR|KIT|MAPK11|PDGFRA|PDGFRB|RAF1|RET|TEK	3.33uM	NPC.CAS9	24h	LINCSCP_148355
LINCSCP_5763	0.7654766869	0.04488017337	7	Progesterone	LSM-3452	CYP17A1|NR3C2|PGR	10uM	A549	24h	LINCSCP_5763
LINCSCP_111289	0.7654752962	0.04488080239	7	Dovitinib	LSM-1127	EGFR|FGFR1|FGFR2|FGFR3|FLT1|FLT3|FLT4|KDR|KIT|PDGFRA|PDGFRB	10uM	HEPG2	24h	LINCSCP_111289
LINCSCP_36520	-0.765458759	0.04488828248	7	PHA-793887	LSM-1073	CDK1|CDK10|CDK11B|CDK12|CDK13|CDK14|CDK15|CDK16|CDK17|CDK18|CDK19|CDK2|CDK20|CDK3|CDK4|CDK5|CDK6|CDK7|CDK8|CDK9	0.1uM	MCF7	24h	LINCSCP_36520
LINCSCP_28699	-0.7654526583	0.0448910421	7	2-(3,4-Dichlorophenyl)-2,3-dihydro-1,3-benzoxazole	LSM-36611	NA	3uM	HUH7	24h	LINCSCP_28699
LINCSCP_65173	0.7654489154	0.04489273524	7	BRD-K67526586	LSM-40953	NA	10uM	VCAP	6h	LINCSCP_65173
LINCSCP_81047	0.7654484211	0.04489295885	7	PD-0325901	LSM-1101	MAP2K1|MAP2K2	3.33uM	A549	24h	LINCSCP_81047
LINCSCP_59190	0.7654416274	0.04489603213	7	BRD-K25719068	LSM-6095	NA	10uM	VCAP	24h	LINCSCP_59190
LINCSCP_12040	-0.765405526	0.04491236536	7	MLN-8054	LSM-1066	AURKA	0.1uM	BT20	6h	LINCSCP_12040
LINCSCP_190807	-0.7654010951	0.04491437027	7	ST50998710	LSM-43133	NA	10uM	A549	6h	LINCSCP_190807
LINCSCP_81138	-0.7653996135	0.04491504067	7	LDN 193189	LSM-1115	ACVR1|BMPR1A	1.11uM	A549	24h	LINCSCP_81138
LINCSCP_258274	-0.7653792296	0.04492426466	7	HG-5-113-01	LSM-42739	NA	10uM	NEU	24h	LINCSCP_258274
LINCSCP_165316	0.7653640118	0.04493115157	7	Cabozantinib	LSM-1195	KDR|MET	10uM	SKL	24h	LINCSCP_165316
LINCSCP_15868	-0.7653633932	0.04493143154	7	2-(3-Chlorophenyl)-5-(prop-2-en-1-ylamino)-1,3-oxazole-4-carbonitrile	LSM-2652	NA	10uM	HA1E	6h	LINCSCP_15868
LINCSCP_139618	-0.765361047	0.04493249337	7	MK-2461	LSM-45560	MET	0.12uM	MCF7	24h	LINCSCP_139618
LINCSCP_73446	0.7653603917	0.04493278999	7	IN1549	LSM-4488	NA	3.33uM	A375	24h	LINCSCP_73446
LINCSCP_120901	-0.7653549457	0.04493525479	7	Zuclomiphene	LSM-42849	ESR1	1.11uM	HT29	24h	LINCSCP_120901
LINCSCP_33980	0.7653501918	0.04493740643	7	BRD-K08448573	LSM-36650	NA	10uM	MCF7	6h	LINCSCP_33980
LINCSCP_11180	0.7653329881	0.04494519337	7	Domperidone	LSM-2850	DRD2|DRD3	10uM	ASC	24h	LINCSCP_11180
LINCSCP_149051	0.7653204588	0.04495086504	7	PD-0325901	LSM-1101	MAP2K1|MAP2K2	10uM	NPC	24h	LINCSCP_149051
LINCSCP_125611	0.765315045	0.04495331581	7	179324-69-7	LSM-6281	ADRM1|PSMA1|PSMA2|PSMA3|PSMA4|PSMA5|PSMA6|PSMA7|PSMA8|PSMB1|PSMB10|PSMB11|PSMB2|PSMB3|PSMB4|PSMB5|PSMB6|PSMB7|PSMB8|PSMB9|PSMC1|PSMC2|PSMC3|PSMC4|PSMC5|PSMC6|PSMD1|PSMD11|PSMD12|PSMD13|PSMD14|PSMD2|PSMD3|PSMD4|PSMD6|PSMD7|PSMD8|SEM1	20uM	HT29	24h	LINCSCP_125611
LINCSCP_165867	-0.7653094675	0.04495584077	7	Belinostat	LSM-43181	HDAC1|HDAC10|HDAC11|HDAC2|HDAC3|HDAC4|HDAC5|HDAC6|HDAC7|HDAC8|HDAC9	0.04uM	SKL	24h	LINCSCP_165867
LINCSCP_50794	0.7652976713	0.04496118124	7	CHEMBL399379	LSM-6245	ACLY	80uM	RKO	6h	LINCSCP_50794
LINCSCP_140928	0.7652850067	0.04496691528	7	MG-132	LSM-1107	PSMB1	20uM	MCF7	24h	LINCSCP_140928
LINCSCP_71302	0.7652228155	0.04499507873	7	MK-8245	LSM-45756	NA	3.33uM	A375	24h	LINCSCP_71302
LINCSCP_237499	0.7652167963	0.04499780509	7	Wortmannin	LSM-3947	PIK3CA|PIK3CG|PLK1	10uM	MCF7	6h	LINCSCP_237499
LINCSCP_45308	0.7652119447	0.04500000259	7	T5285107	LSM-2951	NA	10uM	PC3	24h	LINCSCP_45308
LINCSCP_24618	-0.7652096484	0.04500104274	7	Alvocidib	LSM-1011	CDK1|CDK2|CDK4|CDK5|CDK6|CDK7|CDK8|CDK9|EGFR|PYGM	0.1uM	HS578T	6h	LINCSCP_24618
LINCSCP_131839	-0.7651427535	0.04503134936	7	CP-724714	LSM-42777	ERBB2	3.33uM	MCF7	24h	LINCSCP_131839
LINCSCP_30908	0.7651385904	0.04503323577	7	SMR000206938	LSM-1663	NA	10uM	MCF7	24h	LINCSCP_30908
LINCSCP_67070	0.7651326422	0.04503593122	7	13-Hydroxy-8,14,19-trimethoxy-4,10,12,16-tetramethyl-3,20,22-trioxo-2-azabicyclo[16.3.1]docosa-1(21),4,6,10,18-pentaen-9-yl carbamate	LSM-42815	HSP90AA1	10uM	HT29	6h	LINCSCP_67070
LINCSCP_17482	-0.7651213414	0.04504105241	7	Raloxifene	LSM-3425	ESR1|ESR2	0.37uM	HA1E	24h	LINCSCP_17482
LINCSCP_37677	-0.7651193014	0.0450419769	7	Tolazamide	LSM-2699	ABCC8|KCNJ11	3uM	MCF7	24h	LINCSCP_37677
LINCSCP_220715	-0.7651133319	0.04504468229	7	Ehna	LSM-2600	ADA|PDE2A	10uM	HEPG2	6h	LINCSCP_220715
LINCSCP_62874	0.7651051841	0.04504837501	7	BRD-K28513938	LSM-10155	NA	5uM	VCAP	24h	LINCSCP_62874
LINCSCP_39473	0.7650967785	0.04505218471	7	Pazopanib	LSM-1114	CSF1R|FGFR1|FGFR3|FLT1|FLT4|ITK|KDR|KIT|LCK|PDGFRA|PDGFRB	1uM	MDAMB231	24h	LINCSCP_39473
LINCSCP_137961	0.7650140595	0.04508968544	7	MG-132	LSM-1107	PSMB1	20uM	MCF7	24h	LINCSCP_137961
LINCSCP_241774	-0.7650024989	0.04509492783	7	YS-035	LSM-2117	NA	10uM	MCF7	6h	LINCSCP_241774
LINCSCP_74911	-0.7649958812	0.04509792891	7	omeprazole	LSM-45749	NA	0.04uM	A375	24h	LINCSCP_74911
LINCSCP_56043	0.7649905414	0.04510035054	7	Skatole	LSM-3655	CYP2F1	10uM	VCAP	24h	LINCSCP_56043
LINCSCP_122549	0.7649592957	0.04511452211	7	MG-132	LSM-1107	PSMB1	20uM	HT29	24h	LINCSCP_122549
LINCSCP_63414	-0.7649339098	0.04512603778	7	BRD-K87159745	LSM-13773	NA	5uM	VCAP	24h	LINCSCP_63414
LINCSCP_65150	0.7649069131	0.04513828589	7	BRD-K43498025	LSM-39661	NA	10uM	VCAP	6h	LINCSCP_65150
LINCSCP_264153	0.7649025538	0.04514026386	7	(S)-(-)-BAY K 8644	LSM-4545	CACNA1C	10uM	OV7	6h	LINCSCP_264153
LINCSCP_68521	0.764878272	0.0451512821	7	Thioridazine	LSM-1863	DRD1|DRD2|DRD3|DRD4|HTR2A|HTR2C	10uM	VCAP	24h	LINCSCP_68521
LINCSCP_142913	0.7648762087	0.04515221839	7	179324-69-7	LSM-6281	ADRM1|PSMA1|PSMA2|PSMA3|PSMA4|PSMA5|PSMA6|PSMA7|PSMA8|PSMB1|PSMB10|PSMB11|PSMB2|PSMB3|PSMB4|PSMB5|PSMB6|PSMB7|PSMB8|PSMB9|PSMC1|PSMC2|PSMC3|PSMC4|PSMC5|PSMC6|PSMD1|PSMD11|PSMD12|PSMD13|PSMD14|PSMD2|PSMD3|PSMD4|PSMD6|PSMD7|PSMD8|SEM1	20uM	MCF7	24h	LINCSCP_142913
LINCSCP_111411	0.7648720958	0.04515408486	7	Radicicol	LSM-43303	NA	1.11uM	HEPG2	24h	LINCSCP_111411
LINCSCP_128323	-0.7648652683	0.04515718329	7	CHEMBL1673039	LSM-1093	LRRK2|MAPK7	3.33uM	HUVEC	24h	LINCSCP_128323
LINCSCP_115227	-0.764862268	0.04515854495	7	Withaferin A	LSM-6685	IKBKB|NAMPT	0.37uM	HS578T	3h	LINCSCP_115227
LINCSCP_80656	-0.7648313714	0.04517256813	7	Mycophenolate Mofetil	LSM-43041	IMPDH1|IMPDH2	0.12uM	A375	24h	LINCSCP_80656
LINCSCP_159042	0.7648257072	0.04517513922	7	MG-132	LSM-1107	PSMB1	20uM	PC3	24h	LINCSCP_159042
LINCSCP_8600	-0.7648174493	0.04517888779	7	BRD-K79552375	LSM-41612	NA	5uM	A549	24h	LINCSCP_8600
LINCSCP_164651	-0.7648157111	0.04517967683	7	AGK 2	LSM-43196	SIRT2	0.04uM	SKL.C	24h	LINCSCP_164651
LINCSCP_104006	-0.7648033204	0.04518530184	7	Afuresertib	LSM-42768	AKT1|AKT2|AKT3	0.37uM	HELA	24h	LINCSCP_104006
LINCSCP_146968	-0.7647919985	0.04519044192	7	Ischemin	LSM-6336	NA	0.04uM	NEU	24h	LINCSCP_146968
LINCSCP_26929	0.7647433604	0.04521252718	7	PD-198306	LSM-3974	MAP2K1|MAP2K2	10uM	HT29	6h	LINCSCP_26929
LINCSCP_252956	0.7647023981	0.04523113165	7	SA-441092	LSM-42095	NA	0.5uM	MCF7	6h	LINCSCP_252956
LINCSCP_134898	0.7647017962	0.04523140508	7	Ropinirole	LSM-2351	DRD2|DRD3|DRD4	1.11uM	MCF7	24h	LINCSCP_134898
LINCSCP_2314	0.7646847123	0.0452391656	7	GW501516	LSM-5330	PPARD	10uM	A375	6h	LINCSCP_2314
LINCSCP_188686	0.764642005	0.045258569	7	5-Bromo-n-(6-butyl-1,3-benzothiazol-2-yl)furan-2-carboxamide	LSM-2765	NA	10uM	A549	6h	LINCSCP_188686
LINCSCP_32345	-0.7646403688	0.04525931248	7	MLS002474283	LSM-6132	NA	10uM	MCF7	6h	LINCSCP_32345
LINCSCP_34319	-0.7646216762	0.0452678067	7	BRD-K86858124-001-01-2	LSM-5923	NR1I2|TUBB	10uM	MCF7	24h	LINCSCP_34319
LINCSCP_156167	0.7646210216	0.04526810418	7	MG-132	LSM-1107	PSMB1	20uM	PC3	24h	LINCSCP_156167
LINCSCP_154159	-0.7646031456	0.04527622819	7	GSK 525762A	LSM-6334	NA	3.33uM	PC3	24h	LINCSCP_154159
LINCSCP_236848	0.7646028599	0.04527635801	7	MLS001065861	LSM-2986	NA	10uM	MCF7	24h	LINCSCP_236848
LINCSCP_45157	0.7646010865	0.04527716399	7	TW 37	LSM-6236	BCL2|BCL2L1|MCL1	10uM	PC3	6h	LINCSCP_45157
LINCSCP_130775	0.7645906868	0.04528189073	7	Trametinib	LSM-1143	MAP2K1|MAP2K2	10uM	MCF10A	24h	LINCSCP_130775
LINCSCP_89256	-0.7645482041	0.04530120211	7	SCHEMBL15556278	LSM-1002	DDR1	3.33uM	HA1E	24h	LINCSCP_89256
LINCSCP_26070	0.7645459982	0.04530220494	7	CHEMBL2136110	LSM-2505	NA	10uM	HT29	6h	LINCSCP_26070
LINCSCP_57807	-0.7645402083	0.04530483723	7	CHEMBL1270003	LSM-3311	NA	10uM	VCAP	24h	LINCSCP_57807
LINCSCP_144274	0.7645383731	0.04530567164	7	179324-69-7	LSM-6281	ADRM1|PSMA1|PSMA2|PSMA3|PSMA4|PSMA5|PSMA6|PSMA7|PSMA8|PSMB1|PSMB10|PSMB11|PSMB2|PSMB3|PSMB4|PSMB5|PSMB6|PSMB7|PSMB8|PSMB9|PSMC1|PSMC2|PSMC3|PSMC4|PSMC5|PSMC6|PSMD1|PSMD11|PSMD12|PSMD13|PSMD14|PSMD2|PSMD3|PSMD4|PSMD6|PSMD7|PSMD8|SEM1	20uM	MCF7	24h	LINCSCP_144274
LINCSCP_132707	-0.7645290684	0.04530990209	7	BMS-387032	LSM-1132	CDK2|CDK7|CDK9	10uM	MCF7	24h	LINCSCP_132707
LINCSCP_111307	0.7644916111	0.04532693463	7	C21H27N7O3	LSM-1128	AKT1|AKT2|AKT3|PRKCQ	10uM	HEPG2	24h	LINCSCP_111307
LINCSCP_254362	0.7644857265	0.04532961078	7	SA-1939945	LSM-42073	NA	1uM	MCF7	24h	LINCSCP_254362
LINCSCP_15448	-0.7644719197	0.04533589011	7	AC1LDBAO	LSM-4032	NA	20uM	HA1E	24h	LINCSCP_15448
LINCSCP_211841	0.7644665648	0.04533832561	7	PD-173074	LSM-1026	FGFR1|FGFR3	10uM	HA1E	6h	LINCSCP_211841
LINCSCP_146721	-0.7644610853	0.04534081789	7	C30H33N3O5S	LSM-1156	ATM	0.37uM	NEU	24h	LINCSCP_146721
LINCSCP_93093	0.7644517371	0.04534506997	7	Pramipexole	LSM-5243	DRD2|DRD3|DRD4	3.33uM	HA1E	24h	LINCSCP_93093
LINCSCP_144873	0.7644075311	0.0453651802	7	Nilotinib	LSM-1099	ABL1|BCR|KIT	10uM	MDAMB231	24h	LINCSCP_144873
LINCSCP_81276	-0.7644020271	0.04536768442	7	TWS 119	LSM-1111	GSK3B	1.11uM	A549	24h	LINCSCP_81276
LINCSCP_130429	-0.7643900491	0.0453731345	7	CP-724714	LSM-42777	ERBB2	3.33uM	MCF10A	24h	LINCSCP_130429
LINCSCP_283745	-0.7643696691	0.04538240834	7	ZINC00368262	LSM-4814	NA	10uM	SKB	24h	LINCSCP_283745
LINCSCP_83120	0.7643587207	0.04538739082	7	SCHEMBL17378613	LSM-5749	CSF1R	0.12uM	ASC.C	24h	LINCSCP_83120
LINCSCP_4899	0.7643480407	0.04539225141	7	MLS000040279	LSM-2086	NA	10uM	A549	24h	LINCSCP_4899
LINCSCP_64672	0.7643424804	0.04539478208	7	BRD-K53223020	LSM-40194	NA	10uM	VCAP	24h	LINCSCP_64672
LINCSCP_39824	0.7643037025	0.04541243335	7	BAS 00631343	LSM-6284	NA	10uM	MDST8	6h	LINCSCP_39824
LINCSCP_804	-0.7643030264	0.04541274114	7	N-(Carboxycarbonyl)-d-phenylalanine	LSM-6270	NA	100uM	A375	24h	LINCSCP_804
LINCSCP_143810	0.7642965031	0.04541571087	7	MG-132	LSM-1107	PSMB1	20uM	MCF7	24h	LINCSCP_143810
LINCSCP_5597	0.7642670005	0.04542914318	7	MLS001060813	LSM-3268	NA	10uM	A549	24h	LINCSCP_5597
LINCSCP_296061	0.7642535198	0.04543528155	7	Dexamethasone	LSM-5512	NR3C1	10uM	VCAP	24h	LINCSCP_296061
LINCSCP_54276	0.7642493356	0.04543718694	7	SCHEMBL14379041	LSM-43082	PPARG	10uM	SW620	6h	LINCSCP_54276
LINCSCP_631	0.764242438	0.04544032798	7	Rottlerin	LSM-42845	NA	10uM	A375	24h	LINCSCP_631
LINCSCP_104968	0.7642405651	0.04544118086	7	Minoxidil	LSM-2134	ABCC9|KCNJ11|KCNJ8	10uM	HELA	24h	LINCSCP_104968
LINCSCP_116197	0.7641959959	0.04546148001	7	Vemurafenib	LSM-1068	BRAF	0.12uM	HT29	24h	LINCSCP_116197
LINCSCP_65243	-0.7641950637	0.04546190463	7	MLS002473890	LSM-38356	NA	10uM	VCAP	24h	LINCSCP_65243
LINCSCP_59097	-0.764152199	0.04548143225	7	Oleoylethanolamide	LSM-42935	GPR119|PPARA	10uM	VCAP	6h	LINCSCP_59097
LINCSCP_62767	0.7641475777	0.04548353783	7	BRD-K17863985	LSM-9501	NA	5uM	VCAP	24h	LINCSCP_62767
LINCSCP_85964	-0.7641465256	0.04548401717	7	BMS-387032	LSM-1132	CDK2|CDK7|CDK9	1.11uM	BT20	24h	LINCSCP_85964
LINCSCP_8962	0.7641404813	0.04548677118	7	BRD-K79758054	LSM-41623	NA	10uM	A549	24h	LINCSCP_8962
LINCSCP_67428	0.7641387473	0.04548756128	7	Vorinostat	LSM-3828	HDAC1|HDAC2|HDAC3|HDAC6|HDAC8	10uM	MCF7	6h	LINCSCP_67428
LINCSCP_156667	0.7641048845	0.04550299237	7	Adarotene	LSM-45863	NA	3.33uM	PC3	24h	LINCSCP_156667
LINCSCP_129273	0.7640895702	0.04550997197	7	CHIR-265	LSM-1207	BRAF|KDR	0.12uM	HUVEC	24h	LINCSCP_129273
LINCSCP_36515	0.7640469356	0.045529406	7	SCHEMBL6874948	LSM-5674	LCK	10uM	MCF7	24h	LINCSCP_36515
LINCSCP_129385	0.7640212418	0.04554112021	7	Amuvatinib	LSM-1118	FLT3|KIT|MET|PDGFRA	10uM	JURKAT	24h	LINCSCP_129385
LINCSCP_588	0.7639987616	0.04555137061	7	Zileuton	LSM-5084	ALOX5	100uM	A375	24h	LINCSCP_588
LINCSCP_54094	0.7639936702	0.04555369231	7	Zileuton	LSM-5084	ALOX5	100uM	SW620	6h	LINCSCP_54094
LINCSCP_54694	0.7639925654	0.04555419612	7	Kinetin Riboside	LSM-6292	NA	10uM	SW948	6h	LINCSCP_54694
LINCSCP_51256	-0.7639905755	0.04555510357	7	ML100	LSM-6293	NA	10uM	RMUGS	6h	LINCSCP_51256
LINCSCP_78380	0.7639849193	0.04555768297	7	tioconazole	LSM-45902	NA	0.12uM	A375	24h	LINCSCP_78380
LINCSCP_57540	-0.7639817192	0.04555914236	7	CHEMBL1089333	LSM-2832	NA	10uM	VCAP	24h	LINCSCP_57540
LINCSCP_123369	0.7639773762	0.04556112297	7	179324-69-7	LSM-6281	ADRM1|PSMA1|PSMA2|PSMA3|PSMA4|PSMA5|PSMA6|PSMA7|PSMA8|PSMB1|PSMB10|PSMB11|PSMB2|PSMB3|PSMB4|PSMB5|PSMB6|PSMB7|PSMB8|PSMB9|PSMC1|PSMC2|PSMC3|PSMC4|PSMC5|PSMC6|PSMD1|PSMD11|PSMD12|PSMD13|PSMD14|PSMD2|PSMD3|PSMD4|PSMD6|PSMD7|PSMD8|SEM1	20uM	HT29	24h	LINCSCP_123369
LINCSCP_116042	-0.7639558045	0.04557096148	7	WYE 125132	LSM-1064	MTOR	0.12uM	HS578T	3h	LINCSCP_116042
LINCSCP_85882	0.7639557657	0.04557097917	7	Pictilisib	LSM-1047	PIK3CA|PIK3CB|PIK3CD|PIK3CG|PIK3R1|PIK3R2|PIK3R3|PIK3R5	0.12uM	BT20	24h	LINCSCP_85882
LINCSCP_2058	0.7639506397	0.04557331723	7	AC1O9BJ3	LSM-4717	NA	10uM	A375	6h	LINCSCP_2058
LINCSCP_34962	-0.7639451304	0.04557583022	7	BRD-K70875408	LSM-12758	NA	5uM	MCF7	24h	LINCSCP_34962
LINCSCP_23938	0.7639401683	0.04557809363	7	4L7B	LSM-36813	KEAP1	3.33uM	HEPG2	24h	LINCSCP_23938
LINCSCP_131939	-0.7639275804	0.04558383582	7	CHEMBL1083527	LSM-1122	NA	0.04uM	MCF7	24h	LINCSCP_131939
LINCSCP_57867	-0.7638927578	0.04559972274	7	MLS002548990	LSM-2210	NA	10uM	VCAP	6h	LINCSCP_57867
LINCSCP_284029	-0.7638647032	0.04561252421	7	Isotretinoin	LSM-42855	RARA|RARB|RARG	10uM	SKB	24h	LINCSCP_284029
LINCSCP_45716	0.7638636625	0.04561299909	7	MLS002607703	LSM-3242	NA	10uM	PC3	24h	LINCSCP_45716
LINCSCP_87193	-0.7638602788	0.04561454326	7	GSK-J2	LSM-44940	NA	0.37uM	CD34	24h	LINCSCP_87193
LINCSCP_27240	0.7638563761	0.04561632426	7	CHEMBL3189080	LSM-40877	NA	10uM	HT29	6h	LINCSCP_27240
LINCSCP_125529	0.7638554499	0.04561674695	7	179324-69-7	LSM-6281	ADRM1|PSMA1|PSMA2|PSMA3|PSMA4|PSMA5|PSMA6|PSMA7|PSMA8|PSMB1|PSMB10|PSMB11|PSMB2|PSMB3|PSMB4|PSMB5|PSMB6|PSMB7|PSMB8|PSMB9|PSMC1|PSMC2|PSMC3|PSMC4|PSMC5|PSMC6|PSMD1|PSMD11|PSMD12|PSMD13|PSMD14|PSMD2|PSMD3|PSMD4|PSMD6|PSMD7|PSMD8|SEM1	20uM	HT29	24h	LINCSCP_125529
LINCSCP_62085	0.7638453334	0.04562136387	7	BRD-K23958338	LSM-9875	NA	5uM	VCAP	6h	LINCSCP_62085
LINCSCP_37149	0.7638424598	0.04562267534	7	CHEMBL2357852	LSM-40442	NA	10uM	MCF7	6h	LINCSCP_37149
LINCSCP_58285	0.7638385223	0.04562447241	7	Desloratadine	LSM-5887	HRH1	10uM	VCAP	6h	LINCSCP_58285
LINCSCP_5129	0.7638179035	0.0456338835	7	MLS001065872	LSM-3213	NA	10uM	A549	6h	LINCSCP_5129
LINCSCP_45560	0.7638009542	0.04564162048	7	BRD-A07407288	LSM-1460	NA	10uM	PC3	6h	LINCSCP_45560
LINCSCP_49640	0.7637935975	0.04564497889	7	SCHEMBL12410954	LSM-37026	NA	10uM	PC3	24h	LINCSCP_49640
LINCSCP_969	0.7637872232	0.0456478889	7	NVP-AUY922	LSM-1162	HSP90AA1|HSP90AB1	10uM	A375	6h	LINCSCP_969
LINCSCP_31047	-0.7637832277	0.04564971302	7	SMR000002300	LSM-2089	NA	10uM	MCF7	6h	LINCSCP_31047
LINCSCP_2522	0.7637784893	0.04565187634	7	CHEMBL1201939	LSM-1399	HTR1B	10uM	A375	6h	LINCSCP_2522
LINCSCP_43435	0.7637663325	0.04565742679	7	Calpain Inhibitor I	LSM-37060	NA	10uM	NPC	24h	LINCSCP_43435
LINCSCP_26520	-0.7637610901	0.04565982041	7	ST012525	LSM-4714	NA	10uM	HT29	6h	LINCSCP_26520
LINCSCP_21260	0.7637454953	0.0456669413	7	MLN 2238	LSM-4944	PSMB1	10uM	HCT116	6h	LINCSCP_21260
LINCSCP_156830	0.7637356683	0.0456714288	7	Indole-3-carbinol	LSM-2011	AHR	1.11uM	PC3	24h	LINCSCP_156830
LINCSCP_40833	0.7637297049	0.04567415212	7	MLS000594029	LSM-4801	NA	10uM	NEU	24h	LINCSCP_40833
LINCSCP_82029	0.7637209738	0.04567813955	7	PD-0325901	LSM-1101	MAP2K1|MAP2K2	0.37uM	A549	24h	LINCSCP_82029
LINCSCP_136934	-0.7637203594	0.04567842013	7	CHEMBL179288	LSM-3648	NA	1.11uM	MCF7	24h	LINCSCP_136934
LINCSCP_51180	-0.7637180097	0.04567949323	7	(S)-Tipifarnib	LSM-6259	NA	10uM	RMUGS	6h	LINCSCP_51180
LINCSCP_169197	-0.7637090402	0.04568358978	7	Flutamide	LSM-2621	AR	0.37uM	YAPC	24h	LINCSCP_169197
LINCSCP_36187	-0.7637072664	0.04568439996	7	Doxorubicin	LSM-4062	TOP2A	3uM	MCF7	6h	LINCSCP_36187
LINCSCP_166941	0.7636946858	0.04569014615	7	ARTESUNATE	LSM-45731	NA	3.33uM	YAPC	24h	LINCSCP_166941
LINCSCP_120124	-0.7636884719	0.04569298449	7	AMG 837 (calcium hydrate)	LSM-45945	NA	0.12uM	HT29	24h	LINCSCP_120124
LINCSCP_127458	-0.7636751212	0.04569908307	7	Pyrilamine	LSM-4206	HRH1	1.11uM	HT29	24h	LINCSCP_127458
LINCSCP_43253	0.7636682684	0.04570221359	7	BRD-K75971499	LSM-37185	NA	10uM	NPC	24h	LINCSCP_43253
LINCSCP_24709	-0.7636610839	0.04570549578	7	CHEMBL585951	LSM-36386	MAPK8	10uM	HS578T	24h	LINCSCP_24709
LINCSCP_277148	-0.763648326	0.04571132443	7	BRD-K87733826	LSM-42052	NA	5uM	PC3	24h	LINCSCP_277148
LINCSCP_118781	0.7636108658	0.04572844113	7	179324-69-7	LSM-6281	ADRM1|PSMA1|PSMA2|PSMA3|PSMA4|PSMA5|PSMA6|PSMA7|PSMA8|PSMB1|PSMB10|PSMB11|PSMB2|PSMB3|PSMB4|PSMB5|PSMB6|PSMB7|PSMB8|PSMB9|PSMC1|PSMC2|PSMC3|PSMC4|PSMC5|PSMC6|PSMD1|PSMD11|PSMD12|PSMD13|PSMD14|PSMD2|PSMD3|PSMD4|PSMD6|PSMD7|PSMD8|SEM1	20uM	HT29	24h	LINCSCP_118781
LINCSCP_104783	-0.76360708	0.04573017116	7	Chlorpheniramine	LSM-1263	HRH1	10uM	HELA	24h	LINCSCP_104783
LINCSCP_309939	0.7635932698	0.04573648247	7	BRD-K79826210	LSM-41628	NA	30uM	VCAP	6h	LINCSCP_309939
LINCSCP_131798	0.7635539438	0.04575445725	7	AS-605240	LSM-42784	PIK3CG	1.11uM	MCF10A	3h	LINCSCP_131798
LINCSCP_116701	0.7635442863	0.04575887198	7	AZD-5438	LSM-1159	CDK1|CDK10|CDK11B|CDK12|CDK13|CDK14|CDK15|CDK16|CDK17|CDK18|CDK19|CDK2|CDK20|CDK3|CDK4|CDK5|CDK6|CDK7|CDK8|CDK9	0.12uM	HT29	24h	LINCSCP_116701
LINCSCP_17464	0.7635439098	0.0457590441	7	Genistein	LSM-5549	CFTR|ESR2	1.11uM	HA1E	24h	LINCSCP_17464
LINCSCP_64370	0.7635019545	0.04577822598	7	MLS003128760	LSM-9490	NA	5uM	VCAP	6h	LINCSCP_64370
LINCSCP_111495	0.7634443231	0.04580458212	7	13-Hydroxy-8,14,19-trimethoxy-4,10,12,16-tetramethyl-3,20,22-trioxo-2-azabicyclo[16.3.1]docosa-1(21),4,6,10,18-pentaen-9-yl carbamate	LSM-42815	HSP90AA1	1.11uM	HEPG2	24h	LINCSCP_111495
LINCSCP_147625	0.7634317727	0.04581032281	7	HG-14-10-04	LSM-6345	NA	3.33uM	NPC.CAS9	24h	LINCSCP_147625
LINCSCP_135441	0.7634204776	0.04581548964	7	MG-132	LSM-1107	PSMB1	20uM	MCF7	24h	LINCSCP_135441
LINCSCP_22243	0.7634030652	0.04582345543	7	MLS001173269	LSM-3752	NA	10uM	HEPG2	6h	LINCSCP_22243
LINCSCP_12271	-0.7633451229	0.04584996817	7	AT 7867	LSM-1155	NA	10uM	BT20	6h	LINCSCP_12271
LINCSCP_176455	0.7633437859	0.04585058005	7	Trichlorfon	LSM-4995	ACHE	10uM	A375	6h	LINCSCP_176455
LINCSCP_88351	-0.7633233536	0.04585993135	7	Ipatasertib	LSM-6341	AKT1|AKT2|AKT3	0.12uM	HA1E	24h	LINCSCP_88351
LINCSCP_28040	0.7633055298	0.04586808969	7	BRD-K97614198	LSM-14425	NA	5uM	HT29	24h	LINCSCP_28040
LINCSCP_122552	0.7633036839	0.04586893465	7	MG-132	LSM-1107	PSMB1	20uM	HT29	24h	LINCSCP_122552
LINCSCP_175208	-0.7632990061	0.04587107593	7	5-BrdU	LSM-45493	NA	10uM	YAPC	24h	LINCSCP_175208
LINCSCP_143936	-0.7632868403	0.04587664512	7	Ingenol Mebutate	LSM-45681	NA	0.37uM	MCF7	24h	LINCSCP_143936
LINCSCP_25807	0.7632649439	0.0458866697	7	CAY10603	LSM-4941	HDAC6	10uM	HT29	6h	LINCSCP_25807
LINCSCP_110086	-0.7632481923	0.04589433969	7	Albendazole	LSM-3782	NA	1.11uM	HELA	24h	LINCSCP_110086
LINCSCP_52358	0.7632331626	0.04590122189	7	Mocetinostat	LSM-5344	HDAC1|HDAC11|HDAC2|HDAC3|HDAC8	10uM	SKB	24h	LINCSCP_52358
LINCSCP_154729	0.7632265469	0.04590425145	7	MG-132	LSM-1107	PSMB1	20uM	PC3	24h	LINCSCP_154729
LINCSCP_167454	-0.7631566858	0.0459362499	7	Lapatinib	LSM-1051	EGFR|ERBB2	0.12uM	YAPC	24h	LINCSCP_167454
LINCSCP_57202	-0.7631284203	0.04594919982	7	DC-45-A2	LSM-6274	NA	10uM	VCAP	6h	LINCSCP_57202
LINCSCP_50513	-0.7631261346	0.04595024712	7	CHEMBL2143628	LSM-6855	NA	10uM	PHH	6h	LINCSCP_50513
LINCSCP_24233	-0.7630892647	0.04596714242	7	SB590885	LSM-42746	BRAF	1uM	HS578T	24h	LINCSCP_24233
LINCSCP_202530	-0.7630857779	0.0459687404	7	Wortmannin	LSM-3947	PIK3CA|PIK3CG|PLK1	3.33uM	A549	24h	LINCSCP_202530
LINCSCP_129457	0.7630772148	0.0459726649	7	Bosutinib	LSM-1190	ABL1|BCR|CAMK2G|HCK|LYN|SRC	10uM	JURKAT	24h	LINCSCP_129457
LINCSCP_112198	-0.7630183432	0.04599965114	7	BGT-226	LSM-6710	MTOR|PIK3CA|PIK3CB|PIK3CD|PIK3CG|PIK3R1|PIK3R2|PIK3R3|PIK3R5	0.04uM	HEPG2	24h	LINCSCP_112198
LINCSCP_148705	0.7630077174	0.04600452281	7	PD-0325901	LSM-1101	MAP2K1|MAP2K2	1.11uM	NPC	24h	LINCSCP_148705
LINCSCP_156973	0.7630011941	0.04600751374	7	MG-132	LSM-1107	PSMB1	20uM	PC3	24h	LINCSCP_156973
LINCSCP_46832	0.7629788509	0.04601775893	7	STK249718	LSM-6671	NA	10uM	PC3	24h	LINCSCP_46832
LINCSCP_137169	0.7629741457	0.04601991658	7	Pyridostigmine	LSM-5770	ACHE	0.37uM	MCF7	24h	LINCSCP_137169
LINCSCP_25765	0.7629612046	0.04602585129	7	CHEMBL399379	LSM-6245	ACLY	80uM	HT29	6h	LINCSCP_25765
LINCSCP_132764	-0.7629446492	0.04603344408	7	AT-7519	LSM-1004	CDK1|CDK10|CDK11B|CDK12|CDK13|CDK14|CDK15|CDK16|CDK17|CDK18|CDK19|CDK2|CDK20|CDK3|CDK4|CDK5|CDK6|CDK7|CDK8|CDK9	0.37uM	MCF7	24h	LINCSCP_132764
LINCSCP_193673	-0.7629240729	0.04604288194	7	PK04PUR_000117	LSM-36756	NA	10uM	A549	24h	LINCSCP_193673
LINCSCP_25970	0.7629188402	0.04604528222	7	MLS001065878	LSM-3853	NA	10uM	HT29	24h	LINCSCP_25970
LINCSCP_13742	-0.7628995684	0.04605412295	7	DY131	LSM-3385	ESR2|ESRRG	10uM	HA1E	24h	LINCSCP_13742
LINCSCP_15184	0.7628853403	0.04606065053	7	Necrostatin	LSM-1494	RIPK1	100uM	HA1E	24h	LINCSCP_15184
LINCSCP_4845	-0.7628819299	0.04606221522	7	Rucaparib	LSM-4947	PARP1|PARP2|PARP3	10uM	A549	6h	LINCSCP_4845
LINCSCP_140930	0.7628757776	0.04606503799	7	MG-132	LSM-1107	PSMB1	20uM	MCF7	24h	LINCSCP_140930
LINCSCP_129940	0.7628631636	0.04607082579	7	AT-7519	LSM-1004	CDK1|CDK10|CDK11B|CDK12|CDK13|CDK14|CDK15|CDK16|CDK17|CDK18|CDK19|CDK2|CDK20|CDK3|CDK4|CDK5|CDK6|CDK7|CDK8|CDK9	0.12uM	LNCAP	24h	LINCSCP_129940
LINCSCP_62901	0.7628630315	0.0460708864	7	BRD-K60477597	LSM-12084	NA	5uM	VCAP	24h	LINCSCP_62901
LINCSCP_60529	0.7628547312	0.04607469511	7	BRD-K27675859	LSM-7197	NA	5uM	VCAP	24h	LINCSCP_60529
LINCSCP_52446	0.7628529419	0.04607551617	7	Pimasertib	LSM-5946	MAP2K1|MAP2K2	10uM	SKB	24h	LINCSCP_52446
LINCSCP_65652	0.7628427873	0.04608017608	7	BRD-K48332509	LSM-39950	NA	10uM	VCAP	24h	LINCSCP_65652
LINCSCP_117188	-0.7628328012	0.04608475887	7	Idelalisib	LSM-1205	PIK3CD|PIK3CG	3.33uM	HT29	24h	LINCSCP_117188
LINCSCP_147044	-0.7628236308	0.04608896756	7	GSK429286A	LSM-1012	ROCK1	3.33uM	NEU	24h	LINCSCP_147044
LINCSCP_122066	-0.7628235714	0.04608899483	7	Amoxapine	LSM-2021	DRD1|DRD2|DRD3|DRD4|DRD5|HTR2A|HTR6|SLC6A2|SLC6A4	0.12uM	HT29	24h	LINCSCP_122066
LINCSCP_38358	0.7628211156	0.04609012192	7	Vorinostat	LSM-3828	HDAC1|HDAC2|HDAC3|HDAC6|HDAC8	1uM	MCF7	6h	LINCSCP_38358
LINCSCP_151582	0.7627773578	0.04611020745	7	Tyrphostin AG-1478	LSM-1224	EGFR	0.04uM	PC3	24h	LINCSCP_151582
LINCSCP_271597	0.7627640221	0.0461163297	7	BRD-K78524708	LSM-6154	NA	10uM	PC3	24h	LINCSCP_271597
LINCSCP_45009	0.7627610882	0.04611767665	7	CHEMBL179288	LSM-3648	NA	10uM	PC3	24h	LINCSCP_45009
LINCSCP_85200	-0.7627574113	0.0461193648	7	CGP 60474	LSM-1025	CDK1	10uM	BT20	24h	LINCSCP_85200
LINCSCP_22439	-0.7627497777	0.04612286962	7	HMS1484F20	LSM-43110	NA	10uM	HEPG2	6h	LINCSCP_22439
LINCSCP_40227	0.7627313306	0.04613133982	7	BI-2536	LSM-1041	PLK1	10uM	NCIH508	6h	LINCSCP_40227
LINCSCP_34663	0.7626853619	0.04615245067	7	(3S,5R) Fluvastatin sodium salt	LSM-5520	HMGCR	10uM	MCF7	24h	LINCSCP_34663
LINCSCP_30669	0.7626841337	0.0461530148	7	PAC-1	LSM-3119	CASP3	10uM	MCF7	24h	LINCSCP_30669
LINCSCP_116673	0.7626824924	0.04615376863	7	Dasatinib	LSM-1020	ABL1|BCR|BLK|EPHA2|FGR|FRK|FYN|HCK|KIT|LCK|LYN|PDGFRB|SRC|SRMS|YES1	10uM	HT29	24h	LINCSCP_116673
LINCSCP_31656	0.7626742008	0.04615757712	7	CHEMBL565856	LSM-3793	NA	10uM	MCF7	24h	LINCSCP_31656
LINCSCP_40229	0.7626646229	0.04616197664	7	Tyrphostin AG-1478	LSM-1224	EGFR	60uM	NCIH508	6h	LINCSCP_40229
LINCSCP_150382	0.762650632	0.04616840366	7	NVP-BHG712	LSM-1201	NA	3.33uM	NPC.TAK	24h	LINCSCP_150382
LINCSCP_15524	0.7626492481	0.04616903944	7	Olaparib	LSM-1145	PARP1|PARP2|PARP3	40uM	HA1E	6h	LINCSCP_15524
LINCSCP_151660	-0.762646743	0.04617019026	7	PHA-767491	LSM-6304	NA	0.04uM	PC3	24h	LINCSCP_151660
LINCSCP_10513	-0.762630991	0.04617742701	7	Narciclasine	LSM-4934	RHOA	10uM	AGS	6h	LINCSCP_10513
LINCSCP_223159	0.762628441	0.04617859858	7	SPECTRUM_000898	LSM-1303	NR3C1	10uM	HT29	6h	LINCSCP_223159
LINCSCP_63793	0.7626268775	0.04617931692	7	MLS003650140	LSM-10549	NA	5uM	VCAP	6h	LINCSCP_63793
LINCSCP_19893	0.7626109696	0.04618662608	7	KUC104486	LSM-3137	NA	10uM	HCC515	6h	LINCSCP_19893
LINCSCP_45878	0.762609657	0.04618722925	7	CHEMBL2181097	LSM-1712	NA	10uM	PC3	24h	LINCSCP_45878
LINCSCP_42531	0.762600551	0.04619141347	7	Sulconazole	LSM-1751	NA	10uM	NPC	24h	LINCSCP_42531
LINCSCP_55832	-0.7625771149	0.04620218338	7	Phenylacetohydroxamic acid	LSM-3659	NA	10uM	VCAP	6h	LINCSCP_55832
LINCSCP_112027	-0.7625648313	0.04620782877	7	KW-2449	LSM-42803	ABL1|AURKA|AURKB|FLT3	1.11uM	HEPG2	24h	LINCSCP_112027
LINCSCP_255003	-0.7625430186	0.04621785459	7	Wortmannin	LSM-3947	PIK3CA|PIK3CG|PLK1	10uM	MCF7	24h	LINCSCP_255003
LINCSCP_30322	0.7625309666	0.04622339459	7	Methixene	LSM-1467	CHRM1|CHRM5|HTR2C	10uM	MCF7	6h	LINCSCP_30322
LINCSCP_42456	0.7625154282	0.04623053774	7	MLS001173269	LSM-3752	NA	10uM	NPC	24h	LINCSCP_42456
LINCSCP_55946	0.762504555	0.04623553659	7	Skiii	LSM-2462	SPHK1	10uM	VCAP	24h	LINCSCP_55946
LINCSCP_41261	-0.7624821533	0.04624583657	7	BM 5	LSM-36899	NA	10uM	NEU	6h	LINCSCP_41261
LINCSCP_26500	0.7624715937	0.04625069211	7	Dasatinib	LSM-1020	ABL1|BCR|BLK|EPHA2|FGR|FRK|FYN|HCK|KIT|LCK|LYN|PDGFRB|SRC|SRMS|YES1	10uM	HT29	6h	LINCSCP_26500
LINCSCP_51943	-0.7624503958	0.04626044028	7	C21H27N7O3	LSM-1128	AKT1|AKT2|AKT3|PRKCQ	10uM	SKBR3	6h	LINCSCP_51943
LINCSCP_162276	-0.7624258423	0.04627173302	7	Cladribine	LSM-5976	ADA	0.12uM	PC3	24h	LINCSCP_162276
LINCSCP_31192	0.7624092826	0.04627935005	7	VU0418939-2	LSM-3547	NA	10uM	MCF7	24h	LINCSCP_31192
LINCSCP_8028	-0.7624000622	0.0462835915	7	Methazolamide	LSM-5311	CA1|CA2|CA4|CA7	10uM	A549	6h	LINCSCP_8028
LINCSCP_1099	0.7623937467	0.04628649677	7	N-[2-Chloro-5-(trifluoromethyl)phenyl]-5-(pyridin-4-yl)-1,3,4-thiadiazol-2-amine	LSM-2109	NA	10uM	A375	24h	LINCSCP_1099
LINCSCP_13630	0.7623919106	0.04628734145	7	OMDM-2	LSM-1521	NA	10uM	HA1E	24h	LINCSCP_13630
LINCSCP_143703	0.7623913443	0.04628760195	7	Nortriptyline	LSM-4039	KCNJ10|SLC6A2|SLC6A4	0.12uM	MCF7	24h	LINCSCP_143703
LINCSCP_48932	-0.7623815156	0.04629212367	7	BRD-K17530818	LSM-44707	NA	10uM	PC3	24h	LINCSCP_48932
LINCSCP_26485	0.7623407307	0.04631088947	7	AC1MVW5E	LSM-4870	NA	10uM	HT29	6h	LINCSCP_26485
LINCSCP_107766	-0.7623229311	0.04631908068	7	1-(4-fluorobenzyl)-N-(piperidin-4-yl)-1H-benzo[d]imidazol-2-amine	LSM-45608	NA	10uM	HELA	24h	LINCSCP_107766
LINCSCP_276676	-0.7623061909	0.04632678508	7	BRD-K23488072	LSM-38549	NA	5uM	PC3	24h	LINCSCP_276676
LINCSCP_57027	0.7622727335	0.04634218539	7	Manumycin-A	LSM-43075	FNTA|IKBKB	10uM	VCAP	6h	LINCSCP_57027
LINCSCP_45402	-0.7622612821	0.04634745706	7	MLS001060859	LSM-3341	NA	10uM	PC3	6h	LINCSCP_45402
LINCSCP_67177	0.7622560193	0.04634987991	7	13-Hydroxy-8,14,19-trimethoxy-4,10,12,16-tetramethyl-3,20,22-trioxo-2-azabicyclo[16.3.1]docosa-1(21),4,6,10,18-pentaen-9-yl carbamate	LSM-42815	HSP90AA1	10uM	HT29	24h	LINCSCP_67177
LINCSCP_119499	0.7622315155	0.04636116173	7	179324-69-7	LSM-6281	ADRM1|PSMA1|PSMA2|PSMA3|PSMA4|PSMA5|PSMA6|PSMA7|PSMA8|PSMB1|PSMB10|PSMB11|PSMB2|PSMB3|PSMB4|PSMB5|PSMB6|PSMB7|PSMB8|PSMB9|PSMC1|PSMC2|PSMC3|PSMC4|PSMC5|PSMC6|PSMD1|PSMD11|PSMD12|PSMD13|PSMD14|PSMD2|PSMD3|PSMD4|PSMD6|PSMD7|PSMD8|SEM1	20uM	HT29	24h	LINCSCP_119499
LINCSCP_69670	0.7622275952	0.04636296683	7	CHEMBL1673039	LSM-1093	LRRK2|MAPK7	10uM	A375	24h	LINCSCP_69670
LINCSCP_161695	-0.7622257525	0.04636381531	7	Cinaciguat	LSM-45801	NA	0.04uM	PC3	24h	LINCSCP_161695
LINCSCP_25624	0.7621992433	0.04637602249	7	PF750	LSM-6277	FAAH	80uM	HT29	24h	LINCSCP_25624
LINCSCP_173856	0.7621931318	0.04637883706	7	Pitavastatin Calcium	LSM-45806	HMGCR	3.33uM	YAPC	24h	LINCSCP_173856
LINCSCP_221903	-0.7621877496	0.04638131579	7	Wortmannin	LSM-3947	PIK3CA|PIK3CG|PLK1	3.33uM	HEPG2	24h	LINCSCP_221903
LINCSCP_145968	0.7621737264	0.04638777445	7	Y-39983	LSM-1150	ROCK1|ROCK2	0.04uM	MDAMB231	3h	LINCSCP_145968
LINCSCP_149013	-0.7621699897	0.04638949555	7	Resveratrol	LSM-42917	PTGS1|PTGS2|SIRT1	0.12uM	NPC	24h	LINCSCP_149013
LINCSCP_149723	0.7621434617	0.04640171512	7	Rebastinib	LSM-6708	ABL1	3.33uM	NPC.TAK	24h	LINCSCP_149723
LINCSCP_149846	-0.7621429954	0.04640192994	7	BS-181	LSM-6305	NA	0.12uM	NPC.TAK	24h	LINCSCP_149846
LINCSCP_36596	0.7621280045	0.04640883598	7	SCHEMBL3958507	LSM-5245	COQ8B|EGFR	10uM	MCF7	6h	LINCSCP_36596
LINCSCP_129405	0.7621218789	0.04641165813	7	Tivantinib	LSM-1131	MET	10uM	JURKAT	24h	LINCSCP_129405
LINCSCP_120217	0.7620913527	0.04642572322	7	179324-69-7	LSM-6281	ADRM1|PSMA1|PSMA2|PSMA3|PSMA4|PSMA5|PSMA6|PSMA7|PSMA8|PSMB1|PSMB10|PSMB11|PSMB2|PSMB3|PSMB4|PSMB5|PSMB6|PSMB7|PSMB8|PSMB9|PSMC1|PSMC2|PSMC3|PSMC4|PSMC5|PSMC6|PSMD1|PSMD11|PSMD12|PSMD13|PSMD14|PSMD2|PSMD3|PSMD4|PSMD6|PSMD7|PSMD8|SEM1	20uM	HT29	24h	LINCSCP_120217
LINCSCP_234218	0.7620912732	0.04642575987	7	SRT-1720	LSM-42691	SIRT1	10uM	JHUEM2	6h	LINCSCP_234218
LINCSCP_115624	0.7620528917	0.04644344768	7	PD-173074	LSM-1026	FGFR1|FGFR3	0.12uM	HS578T	24h	LINCSCP_115624
LINCSCP_142108	-0.7620501575	0.04644470785	7	SB743921	LSM-45775	NA	0.04uM	MCF7	24h	LINCSCP_142108
LINCSCP_25668	0.7620474164	0.04644597126	7	CYTO7H11	LSM-4351	BAX	10uM	HT29	6h	LINCSCP_25668
LINCSCP_54518	0.7620379158	0.04645035023	7	Erismodegib	LSM-4938	SMO	10uM	SW948	6h	LINCSCP_54518
LINCSCP_57522	0.7620327513	0.04645273074	7	VU0424206-1	LSM-2295	NA	10uM	VCAP	24h	LINCSCP_57522
LINCSCP_36666	0.762025207	0.04645620829	7	Pictilisib	LSM-1047	PIK3CA|PIK3CB|PIK3CD|PIK3CG|PIK3R1|PIK3R2|PIK3R3|PIK3R5	10uM	MCF7	6h	LINCSCP_36666
LINCSCP_130791	0.7619924215	0.04647132243	7	Neratinib	LSM-42778	EGFR|ERBB2|ERBB4	0.12uM	MCF10A	3h	LINCSCP_130791
LINCSCP_148886	0.7619744982	0.04647958622	7	Dasatinib	LSM-1020	ABL1|BCR|BLK|EPHA2|FGR|FRK|FYN|HCK|KIT|LCK|LYN|PDGFRB|SRC|SRMS|YES1	1.11uM	NPC	24h	LINCSCP_148886
LINCSCP_5847	-0.7619482016	0.04649171216	7	Nifekalant	LSM-5458	NA	10uM	A549	6h	LINCSCP_5847
LINCSCP_92292	0.761934331	0.04649810889	7	chlormadinone-acetate	LSM-45604	NA	1.11uM	HA1E	24h	LINCSCP_92292
LINCSCP_227912	0.7619051667	0.04651156021	7	Diltiazem	LSM-2523	CACNA1C|CACNA1D|CACNA1F|CACNA1S	10uM	HT29	6h	LINCSCP_227912
LINCSCP_161125	-0.7618926072	0.04651735361	7	Ulipristal	LSM-45584	NA	0.04uM	PC3	24h	LINCSCP_161125
LINCSCP_219398	0.7618925307	0.04651738888	7	Pifithrin MU	LSM-4188	HSPA1A|TP53	10uM	HEPG2	6h	LINCSCP_219398
LINCSCP_5860	-0.7618819156	0.04652228572	7	Piceid	LSM-43202	ICAM1	10uM	A549	6h	LINCSCP_5860
LINCSCP_138322	0.761862973	0.04653102475	7	MG-132	LSM-1107	PSMB1	20uM	MCF7	24h	LINCSCP_138322
LINCSCP_122462	0.7618590596	0.04653283031	7	MG-132	LSM-1107	PSMB1	20uM	HT29	24h	LINCSCP_122462
LINCSCP_46097	0.761856546	0.04653399002	7	CGS-15943	LSM-3076	ADORA1|ADORA2A|ADORA2B	10uM	PC3	24h	LINCSCP_46097
LINCSCP_92301	-0.761849096	0.04653742741	7	Zuclomiphene	LSM-42849	ESR1	0.04uM	HA1E	24h	LINCSCP_92301
LINCSCP_25921	-0.7618432945	0.04654010427	7	MLS001060776	LSM-2826	NA	10uM	HT29	24h	LINCSCP_25921
LINCSCP_165394	-0.7618399901	0.04654162901	7	PDK1 Inhibitor	LSM-1081	PDPK1	10uM	SKL	24h	LINCSCP_165394
LINCSCP_25290	0.7618393102	0.04654194275	7	Fluphenazine	LSM-3226	DRD1|DRD2	10uM	HT29	24h	LINCSCP_25290
LINCSCP_99017	-0.7618253627	0.04654837875	7	GSK-461364	LSM-1013	PLK1	0.37uM	HA1E	24h	LINCSCP_99017
LINCSCP_153760	-0.7618160122	0.04655269376	7	Omecamtiv mecarbil (CK-1827452)	LSM-45390	MYH6|MYH7|MYH7B|MYL2|MYL3|MYL4|MYL7	0.12uM	PC3	24h	LINCSCP_153760
LINCSCP_27295	0.7618131939	0.04655399437	7	Tizanidine	LSM-5242	ADRA2A|ADRA2B|ADRA2C	10uM	HT29	6h	LINCSCP_27295
LINCSCP_120301	0.7618072479	0.04655673847	7	MG-132	LSM-1107	PSMB1	20uM	HT29	24h	LINCSCP_120301
LINCSCP_159132	0.7617744918	0.046571857	7	MG-132	LSM-1107	PSMB1	20uM	PC3	24h	LINCSCP_159132
LINCSCP_105351	-0.7617686142	0.0465745701	7	Lofexidine	LSM-4951	ADRA2A	10uM	HELA	24h	LINCSCP_105351
LINCSCP_189060	-0.7617399766	0.04658779037	7	BRD-U32049204	LSM-42706	NA	10uM	A549	24h	LINCSCP_189060
LINCSCP_146438	0.7617379594	0.04658872169	7	AZ628	LSM-1050	BRAF|RAF1	0.37uM	NEU	24h	LINCSCP_146438
LINCSCP_70254	-0.7617187074	0.04659761045	7	GSK 1059615	LSM-42799	PIK3CA|PIK3CB|PIK3CD|PIK3CG	0.37uM	A375	24h	LINCSCP_70254
LINCSCP_51160	-0.761714623	0.04659949638	7	TSU-68	LSM-43215	AURKA|AURKB|FGFR1|FGFR2|FGFR3|FGFR4|KDR|PDGFRA|PDGFRB	5uM	RMUGS	6h	LINCSCP_51160
LINCSCP_36483	0.7617033085	0.04660472087	7	AS-605240	LSM-42784	PIK3CG	10uM	MCF7	24h	LINCSCP_36483
LINCSCP_262944	-0.7616980365	0.04660715538	7	Wortmannin	LSM-3947	PIK3CA|PIK3CG|PLK1	1uM	NPC	24h	LINCSCP_262944
LINCSCP_101205	0.7616374148	0.04663515405	7	(8Xi,11beta,14xi,16beta)-21-Chloro-9-fluoro-11-hydroxy-16-methyl-3,20-dioxopregna-1,4-dien-17-yl propanoate	LSM-1414	NR3C1	0.37uM	HELA	24h	LINCSCP_101205
LINCSCP_140673	0.761622472	0.0466420569	7	179324-69-7	LSM-6281	ADRM1|PSMA1|PSMA2|PSMA3|PSMA4|PSMA5|PSMA6|PSMA7|PSMA8|PSMB1|PSMB10|PSMB11|PSMB2|PSMB3|PSMB4|PSMB5|PSMB6|PSMB7|PSMB8|PSMB9|PSMC1|PSMC2|PSMC3|PSMC4|PSMC5|PSMC6|PSMD1|PSMD11|PSMD12|PSMD13|PSMD14|PSMD2|PSMD3|PSMD4|PSMD6|PSMD7|PSMD8|SEM1	20uM	MCF7	24h	LINCSCP_140673
LINCSCP_27204	0.7616163916	0.04664486594	7	BRD-K40566034	LSM-39507	NA	10uM	HT29	6h	LINCSCP_27204
LINCSCP_58817	-0.7616097538	0.04664793257	7	BCB03_000082	LSM-36632	NA	10uM	VCAP	24h	LINCSCP_58817
LINCSCP_105660	-0.7616096613	0.0466479753	7	Apilimod	LSM-45286	NA	0.37uM	HELA	24h	LINCSCP_105660
LINCSCP_139619	-0.7616014514	0.04665176839	7	MK-2461	LSM-45560	MET	0.04uM	MCF7	24h	LINCSCP_139619
LINCSCP_44064	0.7616005526	0.04665218369	7	2-Cyano-3-(3,4-dihydroxyphenyl)-n-phenylprop-2-enamide	LSM-2755	EGFR	10uM	PC3	24h	LINCSCP_44064
LINCSCP_106838	-0.7615995672	0.04665263896	7	OTSSP167	LSM-6340	NA	0.04uM	HELA	24h	LINCSCP_106838
LINCSCP_26901	0.7615832783	0.04666016525	7	JLK-6	LSM-2489	PSEN1	10uM	HT29	6h	LINCSCP_26901
LINCSCP_71655	-0.7615764025	0.04666334242	7	Lenalidomide	LSM-6187	CRBN|CUL4A|DDB1|RBX1|TNF	1.11uM	A375	24h	LINCSCP_71655
LINCSCP_5731	-0.7615732793	0.04666478562	7	Ebselen	LSM-2644	NA	10uM	A549	24h	LINCSCP_5731
LINCSCP_39793	0.7615667056	0.04666782336	7	NSC95397	LSM-3521	NA	10uM	MDST8	6h	LINCSCP_39793
LINCSCP_157335	0.7615452254	0.04667775021	7	MG-132	LSM-1107	PSMB1	20uM	PC3	24h	LINCSCP_157335
LINCSCP_66976	0.7615230113	0.04668801744	7	Trichostatin A, Streptomyces Sp.	LSM-42814	HDAC1|HDAC10|HDAC3|HDAC4|HDAC6|HDAC7|HDAC8	3uM	HEK293T	6h	LINCSCP_66976
LINCSCP_116797	0.7615215664	0.0466886853	7	Gefitinib	LSM-1098	EGFR	0.12uM	HT29	24h	LINCSCP_116797
LINCSCP_47898	-0.7615193181	0.04668972457	7	Rivastigmine	LSM-5280	ACHE|BCHE	10uM	PC3	6h	LINCSCP_47898
LINCSCP_17572	0.7615187673	0.04668997914	7	BRD-A43331270-001-01-6	LSM-4436	ADRA1A|CACNA1C	10uM	HCC15	6h	LINCSCP_17572
LINCSCP_68303	0.7614901122	0.04670322551	7	Wortmannin	LSM-3947	PIK3CA|PIK3CG|PLK1	10uM	VCAP	6h	LINCSCP_68303
LINCSCP_7123	0.761469758	0.04671263587	7	Brucinum	LSM-1539	NA	10uM	A549	6h	LINCSCP_7123
LINCSCP_83326	0.7614319831	0.04673010315	7	SCHEMBL618594	LSM-1070	NA	10uM	ASC.C	24h	LINCSCP_83326
LINCSCP_111806	0.761417783	0.04673667024	7	noscapine	NA	NA	3.33uM	HEPG2	24h	LINCSCP_111806
LINCSCP_122014	0.761413564	0.0467386215	7	179324-69-7	LSM-6281	ADRM1|PSMA1|PSMA2|PSMA3|PSMA4|PSMA5|PSMA6|PSMA7|PSMA8|PSMB1|PSMB10|PSMB11|PSMB2|PSMB3|PSMB4|PSMB5|PSMB6|PSMB7|PSMB8|PSMB9|PSMC1|PSMC2|PSMC3|PSMC4|PSMC5|PSMC6|PSMD1|PSMD11|PSMD12|PSMD13|PSMD14|PSMD2|PSMD3|PSMD4|PSMD6|PSMD7|PSMD8|SEM1	20uM	HT29	24h	LINCSCP_122014
LINCSCP_149833	0.7614044473	0.04674283805	7	PD-0325901	LSM-1101	MAP2K1|MAP2K2	0.37uM	NPC.TAK	24h	LINCSCP_149833
LINCSCP_68631	0.7614015021	0.04674420028	7	Trichostatin A, Streptomyces Sp.	LSM-42814	HDAC1|HDAC10|HDAC3|HDAC4|HDAC6|HDAC7|HDAC8	10uM	VCAP	6h	LINCSCP_68631
LINCSCP_57354	0.7613578727	0.04676438249	7	2-(Biphenyl-4-ylsulfonamido)pentanedioic acid	LSM-1757	NA	10uM	VCAP	6h	LINCSCP_57354
LINCSCP_117816	0.7613564548	0.04676503846	7	CHIR-265	LSM-1207	BRAF|KDR	0.37uM	HT29	24h	LINCSCP_117816
LINCSCP_94936	-0.7613507958	0.04676765661	7	Azacitidine	LSM-5218	DNMT1|DNMT3A	10uM	HA1E	24h	LINCSCP_94936
LINCSCP_3642	-0.7613462177	0.04676977471	7	BRD-K87790979	LSM-42057	NA	10uM	A375	24h	LINCSCP_3642
LINCSCP_87538	-0.7613317735	0.04677645784	7	WHI-P97	LSM-1033	JAK3	0.04uM	CD34	24h	LINCSCP_87538
LINCSCP_81637	0.7613317601	0.04677646403	7	Selumetinib	LSM-1056	MAP2K1|MAP2K2	0.12uM	A549	24h	LINCSCP_81637
LINCSCP_59852	0.7613291708	0.04677766211	7	BRD-K20352452	LSM-38366	NA	5uM	VCAP	24h	LINCSCP_59852
LINCSCP_68331	0.7612749707	0.04680274473	7	Wortmannin	LSM-3947	PIK3CA|PIK3CG|PLK1	10uM	VCAP	6h	LINCSCP_68331
LINCSCP_123684	-0.761257538	0.04681081377	7	Sumatriptan	LSM-5618	HTR1A|HTR1B|HTR1D|HTR1F	10uM	HT29	24h	LINCSCP_123684
LINCSCP_135677	0.7612500473	0.04681428121	7	KPT-330	LSM-45842	XPO1	0.37uM	MCF7	24h	LINCSCP_135677
LINCSCP_31873	-0.7612339568	0.04682172998	7	[(Mesitylsulfonyl)amino]acetic acid	LSM-4533	NA	10uM	MCF7	24h	LINCSCP_31873
LINCSCP_120659	0.7611978952	0.04683842628	7	MG-132	LSM-1107	PSMB1	20uM	HT29	24h	LINCSCP_120659
LINCSCP_165560	0.7611908987	0.04684166601	7	PD-0325901	LSM-1101	MAP2K1|MAP2K2	0.12uM	SKL	24h	LINCSCP_165560
LINCSCP_148509	0.7611826682	0.04684547729	7	AZ628	LSM-1050	BRAF|RAF1	10uM	NPC	24h	LINCSCP_148509
LINCSCP_37822	0.7611786432	0.04684734118	7	CHEMBL1984778	LSM-6640	NA	3uM	MCF7	6h	LINCSCP_37822
LINCSCP_239989	0.7611527232	0.04685934528	7	SA-103006	LSM-42617	NA	10uM	MCF7	24h	LINCSCP_239989
LINCSCP_112831	-0.7611234868	0.04687288729	7	GSK 1059615	LSM-42799	PIK3CA|PIK3CB|PIK3CD|PIK3CG	3.33uM	HEPG2	24h	LINCSCP_112831
LINCSCP_24464	0.7611228463	0.04687318399	7	AZ628	LSM-1050	BRAF|RAF1	1uM	HS578T	6h	LINCSCP_24464
LINCSCP_63933	0.7610995211	0.04688398958	7	BRD-K30155575	LSM-10250	NA	5uM	VCAP	6h	LINCSCP_63933
LINCSCP_28513	0.7610826294	0.04689181561	7	Broad-Sai-424	LSM-45346	NA	3.33uM	HT29	24h	LINCSCP_28513
LINCSCP_27645	0.7610402035	0.04691147508	7	BRD-K07442049	LSM-8867	NA	5uM	HT29	24h	LINCSCP_27645
LINCSCP_113242	0.7610348339	0.04691396359	7	Lapatinib	LSM-1051	EGFR|ERBB2	3.33uM	HME1	24h	LINCSCP_113242
LINCSCP_226636	0.7609900436	0.04693472417	7	NSC 663284	LSM-2042	CDC25A|CDC25B	10uM	HT29	6h	LINCSCP_226636
LINCSCP_148947	-0.760989667	0.04693489875	7	Epigalocatechin Gallate	LSM-5661	FASN	0.12uM	NPC	24h	LINCSCP_148947
LINCSCP_54713	0.7609848986	0.04693710922	7	Erastin	LSM-4914	VDAC2	5uM	T3M10	6h	LINCSCP_54713
LINCSCP_91919	-0.7609725234	0.04694284623	7	Acyclovir	LSM-5459	NA	3.33uM	HA1E	24h	LINCSCP_91919
LINCSCP_310096	0.7609706891	0.04694369663	7	AC1O9CB0	LSM-36639	NA	30uM	VCAP	6h	LINCSCP_310096
LINCSCP_112964	-0.7609454868	0.04695538152	7	AZD-8055	LSM-1007	MTOR	1.11uM	HME1	24h	LINCSCP_112964
LINCSCP_302426	0.7609260971	0.04696437249	7	BRD-K78584123	LSM-13231	NA	5uM	VCAP	6h	LINCSCP_302426
LINCSCP_145058	-0.7609125678	0.04697064656	7	LDN 193189	LSM-1115	ACVR1|BMPR1A	0.04uM	MDAMB231	3h	LINCSCP_145058
LINCSCP_63444	-0.7608957217	0.04697845942	7	BRD-K12382140	LSM-9164	NA	5uM	VCAP	6h	LINCSCP_63444
LINCSCP_207155	0.7608765542	0.04698734975	7	1-Methyl-1,2,3,4-tetrahydroisoquinoline	LSM-36851	NA	10uM	FIBRNPC	6h	LINCSCP_207155
LINCSCP_43971	-0.7608645086	0.04699293728	7	LFM-A12	LSM-1567	EGFR	10uM	PC3	24h	LINCSCP_43971
LINCSCP_251267	-0.7608593605	0.0469953254	7	DR 2313	LSM-4130	NA	3uM	MCF7	6h	LINCSCP_251267
LINCSCP_93156	0.7608504068	0.04699947904	7	Tebipenem Pivoxil	LSM-46000	NA	0.12uM	HA1E	24h	LINCSCP_93156
LINCSCP_155723	0.7608466162	0.04700123756	7	179324-69-7	LSM-6281	ADRM1|PSMA1|PSMA2|PSMA3|PSMA4|PSMA5|PSMA6|PSMA7|PSMA8|PSMB1|PSMB10|PSMB11|PSMB2|PSMB3|PSMB4|PSMB5|PSMB6|PSMB7|PSMB8|PSMB9|PSMC1|PSMC2|PSMC3|PSMC4|PSMC5|PSMC6|PSMD1|PSMD11|PSMD12|PSMD13|PSMD14|PSMD2|PSMD3|PSMD4|PSMD6|PSMD7|PSMD8|SEM1	20uM	PC3	24h	LINCSCP_155723
LINCSCP_165946	-0.7608194266	0.04701385236	7	Rabusertib	LSM-36359	CHEK1	1.11uM	SKL	24h	LINCSCP_165946
LINCSCP_54405	-0.7607989949	0.04702333303	7	CYTO7H11	LSM-4351	BAX	10uM	SW948	6h	LINCSCP_54405
LINCSCP_149053	0.7607851457	0.04702975988	7	PD-0325901	LSM-1101	MAP2K1|MAP2K2	1.11uM	NPC	24h	LINCSCP_149053
LINCSCP_37233	-0.7607812389	0.04703157299	7	SA-1459031	LSM-38951	NA	0.5uM	MCF7	24h	LINCSCP_37233
LINCSCP_311792	0.7607666052	0.04703836454	7	BRD-K00600835	LSM-15095	NA	10uM	VCAP	6h	LINCSCP_311792
LINCSCP_146911	0.7607511121	0.04704555558	7	852475-26-4	LSM-43291	NA	1.11uM	NEU	24h	LINCSCP_146911
LINCSCP_31626	0.7607275116	0.04705651077	7	MLS002276510	LSM-3272	NA	10uM	MCF7	24h	LINCSCP_31626
LINCSCP_44216	0.7607247988	0.04705777014	7	Arvanil	LSM-42941	CNR1|TRPV1	10uM	PC3	24h	LINCSCP_44216
LINCSCP_21619	0.7607239972	0.04705814226	7	Chaetocin	LSM-6198	SUV39H1	0.1uM	HEPG2	6h	LINCSCP_21619
LINCSCP_121309	-0.7607145375	0.04706253385	7	Everolimus	LSM-43172	FKBP1A|MTOR	1.11uM	HT29	24h	LINCSCP_121309
LINCSCP_155811	0.7607085514	0.04706531297	7	BRD-A69421747	LSM-45546	NA	1.11uM	PC3	24h	LINCSCP_155811
LINCSCP_32246	-0.760704789	0.04706705978	7	Decitabine	LSM-5855	DNMT1|DNMT3A	10uM	MCF7	24h	LINCSCP_32246
LINCSCP_115804	0.7606947034	0.04707174243	7	SCHEMBL3958507	LSM-5245	COQ8B|EGFR	10uM	HS578T	3h	LINCSCP_115804
LINCSCP_2197	0.7606821589	0.04707756712	7	CHEMBL3188326	LSM-44581	NA	10uM	A375	6h	LINCSCP_2197
LINCSCP_161216	-0.7606745422	0.04708110387	7	Betrixaban	LSM-45445	F10	10uM	PC3	24h	LINCSCP_161216
LINCSCP_151521	-0.7606676871	0.04708428714	7	SGI-1776	LSM-6307	PIM1|PIM2|PIM3	0.12uM	PC3	24h	LINCSCP_151521
LINCSCP_137241	0.7606612538	0.04708727467	7	MG-132	LSM-1107	PSMB1	20uM	MCF7	24h	LINCSCP_137241
LINCSCP_252155	-0.7606378285	0.0470981538	7	Estradiol	LSM-2421	ESR1|ESR2|NR1I2	10uM	MCF7	24h	LINCSCP_252155
LINCSCP_263127	-0.760604011	0.0471138617	7	Wortmannin	LSM-3947	PIK3CA|PIK3CG|PLK1	1uM	NPC	24h	LINCSCP_263127
LINCSCP_30050	-0.7605997603	0.04711583634	7	JNK-IN-2	LSM-43288	IRAK1	10uM	MCF10A	6h	LINCSCP_30050
LINCSCP_119552	0.7605840549	0.04712313246	7	Dabrafenib	LSM-6303	BRAF	10uM	HT29	24h	LINCSCP_119552
LINCSCP_60770	0.7605791792	0.04712539766	7	MLS003129190	LSM-8258	NA	5uM	VCAP	24h	LINCSCP_60770
LINCSCP_135360	0.7605771885	0.04712632256	7	179324-69-7	LSM-6281	ADRM1|PSMA1|PSMA2|PSMA3|PSMA4|PSMA5|PSMA6|PSMA7|PSMA8|PSMB1|PSMB10|PSMB11|PSMB2|PSMB3|PSMB4|PSMB5|PSMB6|PSMB7|PSMB8|PSMB9|PSMC1|PSMC2|PSMC3|PSMC4|PSMC5|PSMC6|PSMD1|PSMD11|PSMD12|PSMD13|PSMD14|PSMD2|PSMD3|PSMD4|PSMD6|PSMD7|PSMD8|SEM1	20uM	MCF7	24h	LINCSCP_135360
LINCSCP_44321	-0.760572675	0.04712841955	7	T-0156	LSM-3414	PDE5A	10uM	PC3	6h	LINCSCP_44321
LINCSCP_6186	-0.760570772	0.04712930371	7	Sydowinin B	LSM-4927	NA	10uM	A549	24h	LINCSCP_6186
LINCSCP_166805	0.7605601192	0.04713425333	7	179324-69-7	LSM-6281	ADRM1|PSMA1|PSMA2|PSMA3|PSMA4|PSMA5|PSMA6|PSMA7|PSMA8|PSMB1|PSMB10|PSMB11|PSMB2|PSMB3|PSMB4|PSMB5|PSMB6|PSMB7|PSMB8|PSMB9|PSMC1|PSMC2|PSMC3|PSMC4|PSMC5|PSMC6|PSMD1|PSMD11|PSMD12|PSMD13|PSMD14|PSMD2|PSMD3|PSMD4|PSMD6|PSMD7|PSMD8|SEM1	20uM	YAPC	24h	LINCSCP_166805
LINCSCP_131282	0.7605591623	0.04713469796	7	C24H25CLFN5O3	LSM-42794	EGFR|ERBB2|ERBB4	0.12uM	MCF10A	24h	LINCSCP_131282
LINCSCP_115305	-0.7605323957	0.04714713584	7	PLX-4720	LSM-1049	BRAF	0.37uM	HS578T	3h	LINCSCP_115305
LINCSCP_23034	0.7605137842	0.04715578526	7	5-Nitroso-8-cinnolinol	LSM-2275	HDAC1	10uM	HEPG2	6h	LINCSCP_23034
LINCSCP_30249	0.7604917483	0.04716602729	7	CHEMBL1616521	LSM-1793	OPRD1	10uM	MCF7	24h	LINCSCP_30249
LINCSCP_1172	-0.7604796663	0.04717164338	7	MLS002415569	LSM-3074	NA	10uM	A375	24h	LINCSCP_1172
LINCSCP_19717	-0.7604742396	0.04717416598	7	CHEMBL1720543	LSM-2670	NA	10uM	HCC515	6h	LINCSCP_19717
LINCSCP_52417	0.7604698094	0.04717622546	7	Masitinib	LSM-1130	FGFR3|KIT|LYN|PDGFRA|PDGFRB	10uM	SKB	24h	LINCSCP_52417
LINCSCP_31606	0.7604439819	0.04718823272	7	MLS002703112	LSM-2931	NA	10uM	MCF7	24h	LINCSCP_31606
LINCSCP_67179	0.7604215638	0.04719865632	7	13-Hydroxy-8,14,19-trimethoxy-4,10,12,16-tetramethyl-3,20,22-trioxo-2-azabicyclo[16.3.1]docosa-1(21),4,6,10,18-pentaen-9-yl carbamate	LSM-42815	HSP90AA1	3uM	HT29	24h	LINCSCP_67179
LINCSCP_112661	-0.7604096273	0.04720420691	7	CHEMBL3188661	LSM-5394	DDR1	0.12uM	HEPG2	24h	LINCSCP_112661
LINCSCP_77196	-0.7603673365	0.04722387527	7	Semaxanib	LSM-42995	FLT1|FLT4|KDR|KIT|PDGFRB	0.04uM	A375	24h	LINCSCP_77196
LINCSCP_234173	0.760357243	0.04722857018	7	CHEMBL1434137	LSM-6234	RARG	40uM	JHUEM2	6h	LINCSCP_234173
LINCSCP_111202	-0.7603378366	0.04723759763	7	Crizotinib	LSM-1027	ALK|MET	0.37uM	HEPG2	24h	LINCSCP_111202
LINCSCP_12839	0.7603325772	0.04724004437	7	Selumetinib	LSM-1056	MAP2K1|MAP2K2	80uM	DV90	6h	LINCSCP_12839
LINCSCP_131221	0.7603302008	0.0472411499	7	PD-0325901	LSM-1101	MAP2K1|MAP2K2	0.37uM	MCF10A	24h	LINCSCP_131221
LINCSCP_106509	-0.7602979596	0.04725615053	7	Romidepsin	LSM-45396	NA	1.11uM	HELA	24h	LINCSCP_106509
LINCSCP_121587	-0.7602851814	0.04726209646	7	Clemizole	LSM-5225	NA	0.12uM	HT29	24h	LINCSCP_121587
LINCSCP_5439	0.7602732401	0.04726765335	7	KUC104133	LSM-3981	NA	10uM	A549	24h	LINCSCP_5439
LINCSCP_10305	-0.7602627025	0.04727255728	7	SCHEMBL6851809	LSM-43061	MTOR	10uM	A673	6h	LINCSCP_10305
LINCSCP_35477	0.7602355279	0.04728520506	7	Tubastatin A	LSM-4806	HDAC6	0.1uM	MCF7	24h	LINCSCP_35477
LINCSCP_136201	-0.7602321263	0.0472867884	7	APD668	LSM-45930	NA	0.04uM	MCF7	24h	LINCSCP_136201
LINCSCP_86353	-0.7601863595	0.047308094	7	AZD-5438	LSM-1159	CDK1|CDK10|CDK11B|CDK12|CDK13|CDK14|CDK15|CDK16|CDK17|CDK18|CDK19|CDK2|CDK20|CDK3|CDK4|CDK5|CDK6|CDK7|CDK8|CDK9	3.33uM	BT20	3h	LINCSCP_86353
LINCSCP_285964	0.760185896	0.0473083098	7	BRD7116	LSM-36825	NA	10uM	SKM1	6h	LINCSCP_285964
LINCSCP_32786	-0.7601683685	0.04731647073	7	WZ-3105	LSM-42711	CLK2|CSNK1E|FLT3|ULK1	10uM	MCF7	6h	LINCSCP_32786
LINCSCP_114775	-0.7601679913	0.04731664639	7	NU-7441	LSM-1061	PRKDC	10uM	HS578T	24h	LINCSCP_114775
LINCSCP_58455	-0.7601657013	0.0473177127	7	MLS-0435557.0001	LSM-4864	NA	10uM	VCAP	6h	LINCSCP_58455
LINCSCP_78723	-0.7601636994	0.04731864483	7	sn-Glycero-3-phosphocholine	LSM-45427	NA	0.04uM	A375	24h	LINCSCP_78723
LINCSCP_103623	-0.7601356137	0.04733172365	7	PI-103	LSM-1126	MTOR|PIK3CA|PIK3CB|PIK3CD|PIK3CG	0.37uM	HELA	24h	LINCSCP_103623
LINCSCP_30538	0.760106996	0.04734505228	7	BMS-536924	LSM-1210	IGF1R	10uM	MCF7	24h	LINCSCP_30538
LINCSCP_154142	-0.7600924472	0.04735182912	7	Balicatib	LSM-45647	NA	1.11uM	PC3	24h	LINCSCP_154142
LINCSCP_125885	0.7600486743	0.04737222184	7	179324-69-7	LSM-6281	ADRM1|PSMA1|PSMA2|PSMA3|PSMA4|PSMA5|PSMA6|PSMA7|PSMA8|PSMB1|PSMB10|PSMB11|PSMB2|PSMB3|PSMB4|PSMB5|PSMB6|PSMB7|PSMB8|PSMB9|PSMC1|PSMC2|PSMC3|PSMC4|PSMC5|PSMC6|PSMD1|PSMD11|PSMD12|PSMD13|PSMD14|PSMD2|PSMD3|PSMD4|PSMD6|PSMD7|PSMD8|SEM1	20uM	HT29	24h	LINCSCP_125885
LINCSCP_291041	0.7600448715	0.04737399367	7	PRESTWICK3_000121	LSM-1670	ADRA2A|ADRA2B|ADRA2C|DRD1|DRD2|DRD3|DRD4|DRD5|HTR1A|HTR1B|HTR1D|HTR2A|HTR2B|HTR2C	10uM	VCAP	24h	LINCSCP_291041
LINCSCP_131184	-0.7600289923	0.04738139276	7	Tamatinib	LSM-1040	SYK	1.11uM	MCF10A	24h	LINCSCP_131184
LINCSCP_103551	-0.7600283035	0.04738171372	7	Sulfadoxine	LSM-5657	NA	0.37uM	HELA	24h	LINCSCP_103551
LINCSCP_7510	0.7600096695	0.04739039723	7	Tyrphostin AG-1478	LSM-1224	EGFR	10uM	A549	6h	LINCSCP_7510
LINCSCP_139130	0.7599677069	0.0474099552	7	MG-132	LSM-1107	PSMB1	20uM	MCF7	24h	LINCSCP_139130
LINCSCP_147527	0.7599521149	0.04741722348	7	SCHEMBL17378613	LSM-5749	CSF1R	0.37uM	NPC.CAS9	24h	LINCSCP_147527
LINCSCP_147140	-0.7599131888	0.04743537168	7	galantamine	NA	NA	0.12uM	NEU	24h	LINCSCP_147140
LINCSCP_1196	0.7598731057	0.04745406328	7	CHEMBL566899	LSM-3418	NA	10uM	A375	24h	LINCSCP_1196
LINCSCP_130739	0.7598422547	0.04746845248	7	WH-4-025	LSM-44937	NA	10uM	MCF10A	24h	LINCSCP_130739
LINCSCP_57240	-0.7598252893	0.04747636636	7	Clonidine	LSM-4223	ADRA2A|ADRA2B|ADRA2C	10uM	VCAP	6h	LINCSCP_57240
LINCSCP_56276	0.7598087799	0.04748406818	7	WAY-170523	LSM-2795	MMP13	10uM	VCAP	24h	LINCSCP_56276
LINCSCP_42833	0.7597904092	0.04749263915	7	Isorotenone	LSM-2115	NA	10uM	NPC	24h	LINCSCP_42833
LINCSCP_9017	-0.7597867141	0.04749436324	7	BRD-K31175437	LSM-38970	NA	10uM	A549	24h	LINCSCP_9017
LINCSCP_86086	0.7597478774	0.04751248592	7	Lapatinib	LSM-1051	EGFR|ERBB2	0.12uM	BT20	24h	LINCSCP_86086
LINCSCP_68816	0.759726381	0.04752251859	7	Troglitazone	LSM-4890	PPARG	0.5uM	VCAP	24h	LINCSCP_68816
LINCSCP_25562	0.7597181467	0.04752636195	7	SB-216763	LSM-1161	GSK3B	10uM	HT29	24h	LINCSCP_25562
LINCSCP_285982	0.7597027366	0.04753355507	7	Erastin	LSM-4914	VDAC2	5uM	SKMEL1	6h	LINCSCP_285982
LINCSCP_33509	0.7596834851	0.04754254214	7	Cyclopamine	LSM-3304	SMO	10uM	MCF7	6h	LINCSCP_33509
LINCSCP_138321	0.7596768044	0.04754566111	7	MG-132	LSM-1107	PSMB1	20uM	MCF7	24h	LINCSCP_138321
LINCSCP_134536	-0.7596759939	0.04754603947	7	Physostigmine	LSM-2558	ACHE	10uM	MCF7	24h	LINCSCP_134536
LINCSCP_149782	0.7596675102	0.04755000032	7	HG-14-10-04	LSM-6345	NA	3.33uM	NPC.TAK	24h	LINCSCP_149782
LINCSCP_58827	-0.759658648	0.04755413809	7	CHEMBL83092	LSM-5224	NA	10uM	VCAP	24h	LINCSCP_58827
LINCSCP_113323	-0.759652734	0.04755689946	7	Alvocidib	LSM-1011	CDK1|CDK2|CDK4|CDK5|CDK6|CDK7|CDK8|CDK9|EGFR|PYGM	0.12uM	HME1	3h	LINCSCP_113323
LINCSCP_72782	-0.7596396843	0.04756299293	7	Alectinib	LSM-1202	ALK|RET	10uM	A375	24h	LINCSCP_72782
LINCSCP_107563	0.7596196778	0.04757233562	7	AC1NSZSY	LSM-1728	CYP17A1|NR3C2|PGR	3.33uM	HELA	24h	LINCSCP_107563
LINCSCP_15702	-0.7596191938	0.04757256164	7	CHEMBL1406616	LSM-1551	NA	10uM	HA1E	24h	LINCSCP_15702
LINCSCP_213193	0.7596169583	0.04757360567	7	BRD-K10436544	LSM-45992	NA	3.33uM	HA1E	24h	LINCSCP_213193
LINCSCP_4843	0.7596106741	0.04757654055	7	179324-69-7	LSM-6281	ADRM1|PSMA1|PSMA2|PSMA3|PSMA4|PSMA5|PSMA6|PSMA7|PSMA8|PSMB1|PSMB10|PSMB11|PSMB2|PSMB3|PSMB4|PSMB5|PSMB6|PSMB7|PSMB8|PSMB9|PSMC1|PSMC2|PSMC3|PSMC4|PSMC5|PSMC6|PSMD1|PSMD11|PSMD12|PSMD13|PSMD14|PSMD2|PSMD3|PSMD4|PSMD6|PSMD7|PSMD8|SEM1	0.01uM	A549	6h	LINCSCP_4843
LINCSCP_126147	0.7596102068	0.0475767588	7	MG-132	LSM-1107	PSMB1	20uM	HT29	24h	LINCSCP_126147
LINCSCP_82978	-0.7596084782	0.04757756609	7	Amuvatinib	LSM-1118	FLT3|KIT|MET|PDGFRA	0.04uM	ASC.C	24h	LINCSCP_82978
LINCSCP_9191	-0.7595780164	0.04759179409	7	CHEMBL1242477	LSM-6208	PIK3CA|PIK3CB|PIK3CD|PIK3CG	0.5uM	A549	24h	LINCSCP_9191
LINCSCP_138430	-0.7595604995	0.04759997687	7	citiolone	LSM-45723	NA	0.12uM	MCF7	24h	LINCSCP_138430
LINCSCP_309776	0.7595401196	0.04760949802	7	BRD-K50204028	LSM-40053	NA	30uM	VCAP	24h	LINCSCP_309776
LINCSCP_156348	0.7595020545	0.04762728421	7	Ciprofloxacin	LSM-5226	NA	10uM	PC3	24h	LINCSCP_156348
LINCSCP_4031	0.759499947	0.04762826907	7	BRD-K64106162	LSM-45347	NA	3.33uM	A375	24h	LINCSCP_4031
LINCSCP_65325	0.7594829876	0.04763619473	7	CHEMBL2356120	LSM-40887	NA	10uM	VCAP	24h	LINCSCP_65325
LINCSCP_55119	0.7594669853	0.04764367375	7	Vorinostat	LSM-3828	HDAC1|HDAC2|HDAC3|HDAC6|HDAC8	10uM	THP1	24h	LINCSCP_55119
LINCSCP_63450	0.759462909	0.04764557904	7	BRD-K33328711	LSM-10452	NA	5uM	VCAP	6h	LINCSCP_63450
LINCSCP_122295	0.7594329096	0.047659602	7	179324-69-7	LSM-6281	ADRM1|PSMA1|PSMA2|PSMA3|PSMA4|PSMA5|PSMA6|PSMA7|PSMA8|PSMB1|PSMB10|PSMB11|PSMB2|PSMB3|PSMB4|PSMB5|PSMB6|PSMB7|PSMB8|PSMB9|PSMC1|PSMC2|PSMC3|PSMC4|PSMC5|PSMC6|PSMD1|PSMD11|PSMD12|PSMD13|PSMD14|PSMD2|PSMD3|PSMD4|PSMD6|PSMD7|PSMD8|SEM1	20uM	HT29	24h	LINCSCP_122295
LINCSCP_43990	0.7593843036	0.04768232724	7	Rottlerin	LSM-42845	NA	10uM	PC3	24h	LINCSCP_43990
LINCSCP_53110	-0.7593828204	0.04768302078	7	QS-11	LSM-5212	ARFGAP1	10uM	SKM1	6h	LINCSCP_53110
LINCSCP_22733	0.759382223	0.04768330017	7	N-Desmethylclozapine	LSM-2206	CHRM1|DRD2|DRD3|HTR2A|HTR2C	10uM	HEPG2	6h	LINCSCP_22733
LINCSCP_1105	0.7593698035	0.04768910779	7	CHEMBL1520057	LSM-2178	NA	10uM	A375	24h	LINCSCP_1105
LINCSCP_31868	-0.7593671382	0.04769035418	7	MLS001116189	LSM-6172	NA	10uM	MCF7	24h	LINCSCP_31868
LINCSCP_212157	-0.7593598702	0.04769375307	7	Sulfacetamide	LSM-5374	NA	10uM	HA1E	6h	LINCSCP_212157
LINCSCP_291206	0.759347353	0.0476996071	7	Protopine	LSM-3874	ACHE	10uM	VCAP	24h	LINCSCP_291206
LINCSCP_27665	0.7593435462	0.04770138755	7	BRD-K27887926	LSM-10114	NA	5uM	HT29	24h	LINCSCP_27665
LINCSCP_73419	0.7593093991	0.04771735978	7	CHEMBL179288	LSM-3648	NA	0.12uM	A375	24h	LINCSCP_73419
LINCSCP_131568	0.759304698	0.04771955893	7	PD-0325901	LSM-1101	MAP2K1|MAP2K2	10uM	MCF10A	3h	LINCSCP_131568
LINCSCP_83240	0.759281383	0.0477304664	7	Motesanib	LSM-1042	FLT1|FLT4|KDR|KIT|PDGFRA|PDGFRB|RET	0.12uM	ASC.C	24h	LINCSCP_83240
LINCSCP_83026	-0.7592807426	0.04773076603	7	CGP 60474	LSM-1025	CDK1	0.04uM	ASC.C	24h	LINCSCP_83026
LINCSCP_43232	0.7592766282	0.04773269103	7	BG-51	LSM-45301	HDAC3	10uM	NPC	24h	LINCSCP_43232
LINCSCP_60394	0.7592758058	0.04773307578	7	BRD-K55452151	LSM-7580	NA	5uM	VCAP	24h	LINCSCP_60394
LINCSCP_84986	0.7592462424	0.04774690884	7	CHIR-265	LSM-1207	BRAF|KDR	1.11uM	ASC	24h	LINCSCP_84986
LINCSCP_669	-0.7592289129	0.04775501855	7	Gly-Gly-Palo	LSM-6223	NA	80uM	A375	24h	LINCSCP_669
LINCSCP_43208	0.7592132113	0.04776236711	7	Oxyphenbutazone	LSM-5029	PTGS1|PTGS2	10uM	NPC	24h	LINCSCP_43208
LINCSCP_154703	-0.7592109554	0.04776342295	7	Moricizine	LSM-2476	SCN10A|SCN11A|SCN1A|SCN2A|SCN3A|SCN4A|SCN5A|SCN7A|SCN8A|SCN9A	10uM	PC3	24h	LINCSCP_154703
LINCSCP_275736	0.7591650054	0.04778493191	7	BRD-K11402657	LSM-9122	NA	5uM	PC3	24h	LINCSCP_275736
LINCSCP_14172	-0.7591591042	0.04778769462	7	SIB1757	LSM-4215	GRM5	10uM	HA1E	24h	LINCSCP_14172
LINCSCP_27677	0.7591567663	0.04778878916	7	CHEMBL2360034	LSM-10650	NA	5uM	HT29	24h	LINCSCP_27677
LINCSCP_165187	0.759135252	0.0477988622	7	Regorafenib	LSM-1226	ABL1|BRAF|DDR2|FGFR1|FGFR2|FLT1|FLT4|FRK|KDR|KIT|MAPK11|PDGFRA|PDGFRB|RAF1|RET|TEK	3.33uM	SKL.C	24h	LINCSCP_165187
LINCSCP_71305	0.7591293651	0.04780161865	7	MK-8245	LSM-45756	NA	0.12uM	A375	24h	LINCSCP_71305
LINCSCP_87945	-0.7590964891	0.04781701395	7	GSK 1059615	LSM-42799	PIK3CA|PIK3CB|PIK3CD|PIK3CG	3.33uM	HA1E	24h	LINCSCP_87945
LINCSCP_67072	0.7590902775	0.04781992308	7	Trichostatin A, Streptomyces Sp.	LSM-42814	HDAC1|HDAC10|HDAC3|HDAC4|HDAC6|HDAC7|HDAC8	10uM	HT29	6h	LINCSCP_67072
LINCSCP_159231	0.759088454	0.04782077707	7	179324-69-7	LSM-6281	ADRM1|PSMA1|PSMA2|PSMA3|PSMA4|PSMA5|PSMA6|PSMA7|PSMA8|PSMB1|PSMB10|PSMB11|PSMB2|PSMB3|PSMB4|PSMB5|PSMB6|PSMB7|PSMB8|PSMB9|PSMC1|PSMC2|PSMC3|PSMC4|PSMC5|PSMC6|PSMD1|PSMD11|PSMD12|PSMD13|PSMD14|PSMD2|PSMD3|PSMD4|PSMD6|PSMD7|PSMD8|SEM1	20uM	PC3	24h	LINCSCP_159231
LINCSCP_28435	0.7590601319	0.04783404265	7	KUC111109N	LSM-36808	NA	3uM	HT29	24h	LINCSCP_28435
LINCSCP_40045	-0.7590219923	0.0478519097	7	AM-580	LSM-2132	RARA	10uM	NCIH2073	6h	LINCSCP_40045
LINCSCP_25444	0.7589634745	0.04787933039	7	Pimozide	LSM-2001	DRD1|DRD2|DRD3|DRD4|DRD5|HTR2A	10uM	HT29	24h	LINCSCP_25444
LINCSCP_56362	0.7589399356	0.04789036286	7	SPECTRUM_001048	LSM-1367	ESR1|ESR2|NR1I2	10uM	VCAP	24h	LINCSCP_56362
LINCSCP_99398	0.7589368166	0.04789182478	7	NU-7441	LSM-1061	PRKDC	1.11uM	HCC515	24h	LINCSCP_99398
LINCSCP_65286	-0.7589322149	0.04789398174	7	BRD-K43838150	LSM-39687	NA	10uM	VCAP	24h	LINCSCP_65286
LINCSCP_60862	-0.7589306668	0.04789470741	7	CHEMBL3185534	LSM-10173	NA	5uM	VCAP	24h	LINCSCP_60862
LINCSCP_16776	-0.7589240554	0.0478978065	7	MLS000662068	LSM-4843	NA	10uM	HA1E	6h	LINCSCP_16776
LINCSCP_222716	-0.7589033067	0.04790753319	7	SAR245409	LSM-1174	NA	1uM	HS578T	24h	LINCSCP_222716
LINCSCP_174816	0.7588989721	0.04790956537	7	Fluspirilene	LSM-3748	DRD2|HTR2A	3.33uM	YAPC	24h	LINCSCP_174816
LINCSCP_112903	0.7588896873	0.04791391837	7	Regorafenib	LSM-1226	ABL1|BRAF|DDR2|FGFR1|FGFR2|FLT1|FLT4|FRK|KDR|KIT|MAPK11|PDGFRA|PDGFRB|RAF1|RET|TEK	3.33uM	HEPG2	24h	LINCSCP_112903
LINCSCP_139326	-0.7588793207	0.04791877885	7	Targinine	LSM-36418	NA	10uM	MCF7	24h	LINCSCP_139326
LINCSCP_153560	0.758872571	0.04792194369	7	Dextromethorphan	LSM-2726	GRIN2A|SIGMAR1|SLC6A4	1.11uM	PC3	24h	LINCSCP_153560
LINCSCP_8945	0.7588719089	0.04792225411	7	BRD-K68319707	LSM-40988	NA	10uM	A549	24h	LINCSCP_8945
LINCSCP_68502	0.7588602071	0.04792774118	7	Vorinostat	LSM-3828	HDAC1|HDAC2|HDAC3|HDAC6|HDAC8	10uM	VCAP	6h	LINCSCP_68502
LINCSCP_157091	0.7588516034	0.04793177571	7	Camptothecin	LSM-4611	TOP1	0.04uM	PC3	24h	LINCSCP_157091
LINCSCP_52756	0.7588443807	0.04793516282	7	WHI-P154	NA	EGFR|JAK3	10uM	SKB	24h	LINCSCP_52756
LINCSCP_77845	0.7588436659	0.04793549799	7	179324-69-7	LSM-6281	ADRM1|PSMA1|PSMA2|PSMA3|PSMA4|PSMA5|PSMA6|PSMA7|PSMA8|PSMB1|PSMB10|PSMB11|PSMB2|PSMB3|PSMB4|PSMB5|PSMB6|PSMB7|PSMB8|PSMB9|PSMC1|PSMC2|PSMC3|PSMC4|PSMC5|PSMC6|PSMD1|PSMD11|PSMD12|PSMD13|PSMD14|PSMD2|PSMD3|PSMD4|PSMD6|PSMD7|PSMD8|SEM1	20uM	A375	24h	LINCSCP_77845
LINCSCP_123132	-0.7588139144	0.04794945144	7	Mebendazole	LSM-3749	NA	0.37uM	HT29	24h	LINCSCP_123132
LINCSCP_58496	0.7587973286	0.04795723116	7	SCHEMBL2608041	LSM-44987	HDAC6	10uM	VCAP	6h	LINCSCP_58496
LINCSCP_74565	-0.7587926669	0.04795941786	7	BMY-14802	LSM-1339	HTR1A	0.37uM	A375	24h	LINCSCP_74565
LINCSCP_118401	0.7587733581	0.04796847593	7	Regorafenib	LSM-1226	ABL1|BRAF|DDR2|FGFR1|FGFR2|FLT1|FLT4|FRK|KDR|KIT|MAPK11|PDGFRA|PDGFRB|RAF1|RET|TEK	10uM	HT29	24h	LINCSCP_118401
LINCSCP_116264	0.7587684025	0.04797080083	7	PHA-665752	LSM-42793	MET	0.04uM	HT29	24h	LINCSCP_116264
LINCSCP_81018	0.7587652043	0.04797230129	7	Neratinib	LSM-42778	EGFR|ERBB2|ERBB4	3.33uM	A549	24h	LINCSCP_81018
LINCSCP_28042	0.7587596773	0.04797489437	7	BRD-K08351986	LSM-37726	NA	5uM	HT29	24h	LINCSCP_28042
LINCSCP_122912	0.758743632	0.04798242272	7	MG-132	LSM-1107	PSMB1	20uM	HT29	24h	LINCSCP_122912
LINCSCP_167158	0.7587355455	0.0479862171	7	Dextromethorphan	LSM-2726	GRIN2A|SIGMAR1|SLC6A4	1.11uM	YAPC	24h	LINCSCP_167158
LINCSCP_32356	0.7587229047	0.04799214879	7	CHEMBL2141850	LSM-6136	NA	10uM	MCF7	6h	LINCSCP_32356
LINCSCP_13512	0.7587148117	0.04799594663	7	LY 2183240	LSM-2839	FAAH	10uM	H1299	6h	LINCSCP_13512
LINCSCP_152114	-0.758696529	0.0480045269	7	Tranylcypromine	LSM-5578	KDM1A|MAOA|MAOB	0.04uM	PC3	24h	LINCSCP_152114
LINCSCP_149385	0.7586858871	0.04800952163	7	Regorafenib	LSM-1226	ABL1|BRAF|DDR2|FGFR1|FGFR2|FLT1|FLT4|FRK|KDR|KIT|MAPK11|PDGFRA|PDGFRB|RAF1|RET|TEK	10uM	NPC	24h	LINCSCP_149385
LINCSCP_146175	-0.7586833794	0.04801069863	7	Masitinib	LSM-1130	FGFR3|KIT|LYN|PDGFRA|PDGFRB	10uM	MNEU.E	24h	LINCSCP_146175
LINCSCP_88250	0.7586736549	0.04801526312	7	CHIR-99021	LSM-1181	NA	0.37uM	HA1E	24h	LINCSCP_88250
LINCSCP_120664	0.758662359	0.04802056546	7	MG-132	LSM-1107	PSMB1	20uM	HT29	24h	LINCSCP_120664
LINCSCP_119862	0.7586590761	0.04802210649	7	179324-69-7	LSM-6281	ADRM1|PSMA1|PSMA2|PSMA3|PSMA4|PSMA5|PSMA6|PSMA7|PSMA8|PSMB1|PSMB10|PSMB11|PSMB2|PSMB3|PSMB4|PSMB5|PSMB6|PSMB7|PSMB8|PSMB9|PSMC1|PSMC2|PSMC3|PSMC4|PSMC5|PSMC6|PSMD1|PSMD11|PSMD12|PSMD13|PSMD14|PSMD2|PSMD3|PSMD4|PSMD6|PSMD7|PSMD8|SEM1	20uM	HT29	24h	LINCSCP_119862
LINCSCP_42882	0.7586543999	0.04802430167	7	ZK-93423	LSM-2741	GABRA1|GABRA2|GABRA3|GABRA5	10uM	NPC	24h	LINCSCP_42882
LINCSCP_116746	-0.7586413167	0.04803044363	7	WYE 125132	LSM-1064	MTOR	3.33uM	HT29	24h	LINCSCP_116746
LINCSCP_26450	0.7586325812	0.04803454479	7	SPOX1_002925	LSM-4769	NA	10uM	HT29	6h	LINCSCP_26450
LINCSCP_60124	0.7585997762	0.04804994788	7	BRD-K00278564	LSM-6864	NA	5uM	VCAP	24h	LINCSCP_60124
LINCSCP_65490	0.7585942657	0.04805253553	7	BRD-K56847293	LSM-40389	NA	10uM	VCAP	6h	LINCSCP_65490
LINCSCP_51844	-0.7585859036	0.04805646237	7	Buparlisib	LSM-1148	PIK3CA|PIK3CB|PIK3CD|PIK3CG|PIK3R1|PIK3R2|PIK3R3|PIK3R5	10uM	SKBR3	24h	LINCSCP_51844
LINCSCP_45592	0.7585840706	0.04805732318	7	ML228	LSM-2978	HIF1A	10uM	PC3	6h	LINCSCP_45592
LINCSCP_46770	0.7585458306	0.04807528312	7	ST-4062971	LSM-36806	NA	10uM	PC3	24h	LINCSCP_46770
LINCSCP_20129	0.7585432601	0.0480764905	7	CHEMBL2139663	LSM-29347	NA	10uM	HCC515	6h	LINCSCP_20129
LINCSCP_123095	0.7585425424	0.04807682765	7	179324-69-7	LSM-6281	ADRM1|PSMA1|PSMA2|PSMA3|PSMA4|PSMA5|PSMA6|PSMA7|PSMA8|PSMB1|PSMB10|PSMB11|PSMB2|PSMB3|PSMB4|PSMB5|PSMB6|PSMB7|PSMB8|PSMB9|PSMC1|PSMC2|PSMC3|PSMC4|PSMC5|PSMC6|PSMD1|PSMD11|PSMD12|PSMD13|PSMD14|PSMD2|PSMD3|PSMD4|PSMD6|PSMD7|PSMD8|SEM1	20uM	HT29	24h	LINCSCP_123095
LINCSCP_614	0.7585216737	0.04808663064	7	2-Fluoropalmitic acid	LSM-6199	ACSL1	40uM	A375	24h	LINCSCP_614
LINCSCP_124449	0.7585093049	0.04809244137	7	179324-69-7	LSM-6281	ADRM1|PSMA1|PSMA2|PSMA3|PSMA4|PSMA5|PSMA6|PSMA7|PSMA8|PSMB1|PSMB10|PSMB11|PSMB2|PSMB3|PSMB4|PSMB5|PSMB6|PSMB7|PSMB8|PSMB9|PSMC1|PSMC2|PSMC3|PSMC4|PSMC5|PSMC6|PSMD1|PSMD11|PSMD12|PSMD13|PSMD14|PSMD2|PSMD3|PSMD4|PSMD6|PSMD7|PSMD8|SEM1	20uM	HT29	24h	LINCSCP_124449
LINCSCP_31457	0.7584645299	0.04811347934	7	KUC104493	LSM-2344	NA	10uM	MCF7	6h	LINCSCP_31457
LINCSCP_70013	0.75843825	0.04812582958	7	Vandetanib	LSM-1199	EGFR|EPHA1|EPHA10|EPHA2|EPHA3|EPHA4|EPHA5|EPHA6|EPHA7|EPHA8|EPHB1|EPHB2|EPHB3|EPHB4|EPHB6|ERBB2|ERBB3|ERBB4|FLT1|FLT4|KDR|PTK6|RET|SRC|TEK	10uM	A375	24h	LINCSCP_70013
LINCSCP_49660	0.7584357819	0.04812698955	7	Avrainvillamide-analog-6	LSM-37107	NA	10uM	PC3	24h	LINCSCP_49660
LINCSCP_103683	-0.7584002435	0.04814369375	7	GSK-1070916	LSM-1062	AURKB|AURKC	0.12uM	HELA	24h	LINCSCP_103683
LINCSCP_73127	0.7583754351	0.04815535644	7	Sorafenib	LSM-1008	BRAF|DDR2|FGFR1|FLT1|FLT3|FLT4|KDR|KIT|PDGFRB|RAF1|RET	10uM	A375	24h	LINCSCP_73127
LINCSCP_301922	0.7583631364	0.04816113874	7	BRD-K61083743	LSM-12126	NA	5uM	VCAP	6h	LINCSCP_301922
LINCSCP_237921	0.7583586089	0.04816326748	7	MLS003179192	LSM-3532	NA	10uM	MCF7	24h	LINCSCP_237921
LINCSCP_28377	0.7583499517	0.04816733802	7	BRD-K63423329	LSM-44816	NA	10uM	HT29	24h	LINCSCP_28377
LINCSCP_295	-0.7583459133	0.04816923692	7	LY-294002	LSM-2597	MTOR|PIK3CA|PIK3CB|PIK3CD|PIK3CG|PLK1|PRKDC	10uM	A375	24h	LINCSCP_295
LINCSCP_16390	0.7583349191	0.04817440673	7	SPOX1_002925	LSM-4769	NA	10uM	HA1E	6h	LINCSCP_16390
LINCSCP_2217	-0.7582960415	0.04819269052	7	AO-343/41780842	LSM-6674	NA	10uM	A375	6h	LINCSCP_2217
LINCSCP_138203	-0.7582765391	0.04820186378	7	Ledipasvir	LSM-45925	NA	0.04uM	MCF7	24h	LINCSCP_138203
LINCSCP_74775	-0.7582609061	0.04820921771	7	Voriconazole	LSM-5244	CYP2C19|CYP2C9|CYP3A4|CYP3A5|PTGS1	0.04uM	A375	24h	LINCSCP_74775
LINCSCP_127495	0.7582552011	0.04821190154	7	MG-132	LSM-1107	PSMB1	20uM	HT29	24h	LINCSCP_127495
LINCSCP_119557	0.7582407361	0.04821870678	7	Dabrafenib	LSM-6303	BRAF	0.04uM	HT29	24h	LINCSCP_119557
LINCSCP_136435	0.7582282365	0.04822458776	7	179324-69-7	LSM-6281	ADRM1|PSMA1|PSMA2|PSMA3|PSMA4|PSMA5|PSMA6|PSMA7|PSMA8|PSMB1|PSMB10|PSMB11|PSMB2|PSMB3|PSMB4|PSMB5|PSMB6|PSMB7|PSMB8|PSMB9|PSMC1|PSMC2|PSMC3|PSMC4|PSMC5|PSMC6|PSMD1|PSMD11|PSMD12|PSMD13|PSMD14|PSMD2|PSMD3|PSMD4|PSMD6|PSMD7|PSMD8|SEM1	20uM	MCF7	24h	LINCSCP_136435
LINCSCP_31223	0.7582170574	0.04822984782	7	MLS002473457	LSM-4212	NA	10uM	MCF7	24h	LINCSCP_31223
LINCSCP_252205	-0.7582165925	0.04823006656	7	BRD-K33780441	LSM-10478	NA	3uM	MCF7	24h	LINCSCP_252205
LINCSCP_311643	-0.7581956774	0.04823990851	7	13-Methyl-7-[9-(4,4,5,5,5-pentafluoropentylsulfinyl)nonyl]-6,7,8,9,11,12,14,15,16,17-decahydrocyclopenta[a]phenanthrene-3,17-diol	LSM-1895	ESR1	0.5uM	VCAP	24h	LINCSCP_311643
LINCSCP_167757	-0.7581867746	0.04824409823	7	GSK 525762A	LSM-6334	NA	3.33uM	YAPC	24h	LINCSCP_167757
LINCSCP_3825	-0.7581668468	0.04825347705	7	BRD-K11533227	LSM-36781	NA	3.33uM	A375	24h	LINCSCP_3825
LINCSCP_9366	0.7581654018	0.04825415719	7	Withaferin A	LSM-6685	IKBKB|NAMPT	3uM	A549	6h	LINCSCP_9366
LINCSCP_121477	0.7581483844	0.04826216713	7	MILNACIPRAN HYDROCHLORIDE	LSM-45870	SLC6A2|SLC6A4	1.11uM	HT29	24h	LINCSCP_121477
LINCSCP_63299	0.7581418698	0.04826523365	7	BRD-K65124350	LSM-12403	NA	5uM	VCAP	6h	LINCSCP_63299
LINCSCP_92502	-0.758140283	0.04826598063	7	Fenticonazole Nitrate	LSM-45431	NA	0.37uM	HA1E	24h	LINCSCP_92502
LINCSCP_27111	0.7581398971	0.04826616227	7	Doxepin	LSM-2803	HRH1|HRH2|SLC6A2|SLC6A4	10uM	HT29	6h	LINCSCP_27111
LINCSCP_68701	0.7581382635	0.0482669313	7	Vorinostat	LSM-3828	HDAC1|HDAC2|HDAC3|HDAC6|HDAC8	10uM	VCAP	24h	LINCSCP_68701
LINCSCP_131429	0.758134111	0.04826888603	7	Gefitinib	LSM-1098	EGFR	0.37uM	MCF10A	24h	LINCSCP_131429
LINCSCP_9828	-0.7581127865	0.04827892508	7	RO-281675	LSM-6231	GCK	0.01uM	A549	6h	LINCSCP_9828
LINCSCP_152048	0.7580909342	0.04828921379	7	852475-26-4	LSM-43291	NA	0.04uM	PC3	24h	LINCSCP_152048
LINCSCP_63553	0.7580762523	0.04829612715	7	BRD-K04229162	LSM-8686	NA	5uM	VCAP	6h	LINCSCP_63553
LINCSCP_85268	0.7580554095	0.04830594244	7	AZD-6482	LSM-1059	PIK3CA|PIK3CB|PIK3CD|PIK3CG|PIK3R1|PIK3R2|PIK3R3|PIK3R5	1.11uM	BT20	24h	LINCSCP_85268
LINCSCP_52625	0.758030062	0.04831788056	7	SU-4312	LSM-2454	KDR	10uM	SKB	24h	LINCSCP_52625
LINCSCP_10234	0.7580053471	0.04832952231	7	179324-69-7	LSM-6281	ADRM1|PSMA1|PSMA2|PSMA3|PSMA4|PSMA5|PSMA6|PSMA7|PSMA8|PSMB1|PSMB10|PSMB11|PSMB2|PSMB3|PSMB4|PSMB5|PSMB6|PSMB7|PSMB8|PSMB9|PSMC1|PSMC2|PSMC3|PSMC4|PSMC5|PSMC6|PSMD1|PSMD11|PSMD12|PSMD13|PSMD14|PSMD2|PSMD3|PSMD4|PSMD6|PSMD7|PSMD8|SEM1	10uM	A549	6h	LINCSCP_10234
LINCSCP_67202	0.7580050596	0.04832965774	7	Trichostatin A, Streptomyces Sp.	LSM-42814	HDAC1|HDAC10|HDAC3|HDAC4|HDAC6|HDAC7|HDAC8	0.1uM	HT29	24h	LINCSCP_67202
LINCSCP_91301	0.7579570317	0.04835228532	7	Medetomidine	LSM-1722	NA	0.12uM	HA1E	24h	LINCSCP_91301
LINCSCP_19180	0.7579228289	0.04836840292	7	GSK-3 Inhibitor II	LSM-1030	GSK3B	10uM	HCC515	6h	LINCSCP_19180
LINCSCP_32708	-0.7578620678	0.0483970431	7	Ruxolitinib	LSM-1139	JAK1|JAK2|TYK2	10uM	MCF7	6h	LINCSCP_32708
LINCSCP_139319	0.75785248	0.04840156324	7	179324-69-7	LSM-6281	ADRM1|PSMA1|PSMA2|PSMA3|PSMA4|PSMA5|PSMA6|PSMA7|PSMA8|PSMB1|PSMB10|PSMB11|PSMB2|PSMB3|PSMB4|PSMB5|PSMB6|PSMB7|PSMB8|PSMB9|PSMC1|PSMC2|PSMC3|PSMC4|PSMC5|PSMC6|PSMD1|PSMD11|PSMD12|PSMD13|PSMD14|PSMD2|PSMD3|PSMD4|PSMD6|PSMD7|PSMD8|SEM1	20uM	MCF7	24h	LINCSCP_139319
LINCSCP_54281	-0.7578493357	0.04840304562	7	CHEMBL520231	LSM-43280	XPO1	10uM	SW620	6h	LINCSCP_54281
LINCSCP_170784	0.757832692	0.0484108929	7	BMS-777607	LSM-1144	AXL|MERTK|MET|MST1R|TYRO3	1.11uM	YAPC	24h	LINCSCP_170784
LINCSCP_75974	-0.7577995548	0.04842651873	7	Deoxycholic acid	LSM-5529	GPBAR1	1.11uM	A375	24h	LINCSCP_75974
LINCSCP_27873	0.7577922187	0.04842997844	7	BRD-K25199340	LSM-38644	NA	5uM	HT29	24h	LINCSCP_27873
LINCSCP_124786	-0.757785396	0.04843319615	7	FK888	LSM-3876	TACR1	0.04uM	HT29	24h	LINCSCP_124786
LINCSCP_158459	-0.7577717403	0.04843963676	7	ACRIVASTINE	LSM-45461	HRH1	1.11uM	PC3	24h	LINCSCP_158459
LINCSCP_109596	0.7577505047	0.04844965332	7	Dipyrone	LSM-5839	PTGS1	0.37uM	HELA	24h	LINCSCP_109596
LINCSCP_55687	0.7577454676	0.04845202944	7	IMD-0354	LSM-3667	IKBKB	10uM	VCAP	24h	LINCSCP_55687
LINCSCP_12262	-0.7577404281	0.04845440673	7	Foretinib	LSM-1158	FLT1|FLT3|FLT4|KDR|KIT|MET|PDGFRA|PDGFRB|TEK	1uM	BT20	6h	LINCSCP_12262
LINCSCP_69218	0.7577320349	0.04845836623	7	SB590885	LSM-42746	NA	0.04uM	A375	24h	LINCSCP_69218
LINCSCP_120215	0.7577064982	0.04847041428	7	179324-69-7	LSM-6281	ADRM1|PSMA1|PSMA2|PSMA3|PSMA4|PSMA5|PSMA6|PSMA7|PSMA8|PSMB1|PSMB10|PSMB11|PSMB2|PSMB3|PSMB4|PSMB5|PSMB6|PSMB7|PSMB8|PSMB9|PSMC1|PSMC2|PSMC3|PSMC4|PSMC5|PSMC6|PSMD1|PSMD11|PSMD12|PSMD13|PSMD14|PSMD2|PSMD3|PSMD4|PSMD6|PSMD7|PSMD8|SEM1	20uM	HT29	24h	LINCSCP_120215
LINCSCP_129691	0.7577026118	0.04847224796	7	BS-181	LSM-6305	NA	10uM	JURKAT	24h	LINCSCP_129691
LINCSCP_147090	-0.7576818848	0.04848202825	7	PF-03758309	LSM-4254	PAK4	1.11uM	NEU	24h	LINCSCP_147090
LINCSCP_120134	0.7576579536	0.04849332179	7	179324-69-7	LSM-6281	ADRM1|PSMA1|PSMA2|PSMA3|PSMA4|PSMA5|PSMA6|PSMA7|PSMA8|PSMB1|PSMB10|PSMB11|PSMB2|PSMB3|PSMB4|PSMB5|PSMB6|PSMB7|PSMB8|PSMB9|PSMC1|PSMC2|PSMC3|PSMC4|PSMC5|PSMC6|PSMD1|PSMD11|PSMD12|PSMD13|PSMD14|PSMD2|PSMD3|PSMD4|PSMD6|PSMD7|PSMD8|SEM1	20uM	HT29	24h	LINCSCP_120134
LINCSCP_228990	0.7576514309	0.04849640023	7	BRD-K79410674	LSM-13281	NA	5uM	HT29	24h	LINCSCP_228990
LINCSCP_118424	0.7576422186	0.04850074821	7	179324-69-7	LSM-6281	ADRM1|PSMA1|PSMA2|PSMA3|PSMA4|PSMA5|PSMA6|PSMA7|PSMA8|PSMB1|PSMB10|PSMB11|PSMB2|PSMB3|PSMB4|PSMB5|PSMB6|PSMB7|PSMB8|PSMB9|PSMC1|PSMC2|PSMC3|PSMC4|PSMC5|PSMC6|PSMD1|PSMD11|PSMD12|PSMD13|PSMD14|PSMD2|PSMD3|PSMD4|PSMD6|PSMD7|PSMD8|SEM1	20uM	HT29	24h	LINCSCP_118424
LINCSCP_19775	0.7575997134	0.04852081237	7	MLS003448162	LSM-3552	NA	10uM	HCC515	6h	LINCSCP_19775
LINCSCP_5588	-0.7575805334	0.04852986762	7	AC1MXYGS	LSM-2620	NA	10uM	A549	24h	LINCSCP_5588
LINCSCP_83035	0.7575794813	0.04853036433	7	Cabozantinib	LSM-1195	KDR|MET	1.11uM	ASC.C	24h	LINCSCP_83035
LINCSCP_136438	0.7575790638	0.04853056145	7	179324-69-7	LSM-6281	ADRM1|PSMA1|PSMA2|PSMA3|PSMA4|PSMA5|PSMA6|PSMA7|PSMA8|PSMB1|PSMB10|PSMB11|PSMB2|PSMB3|PSMB4|PSMB5|PSMB6|PSMB7|PSMB8|PSMB9|PSMC1|PSMC2|PSMC3|PSMC4|PSMC5|PSMC6|PSMD1|PSMD11|PSMD12|PSMD13|PSMD14|PSMD2|PSMD3|PSMD4|PSMD6|PSMD7|PSMD8|SEM1	20uM	MCF7	24h	LINCSCP_136438
LINCSCP_60330	0.7575388048	0.04854957165	7	MLS003129093	LSM-7993	NA	5uM	VCAP	6h	LINCSCP_60330
LINCSCP_83382	-0.7575376765	0.04855010449	7	Olaparib	LSM-1145	PARP1|PARP2|PARP3	10uM	ASC.C	24h	LINCSCP_83382
LINCSCP_123098	0.7575260398	0.04855560009	7	179324-69-7	LSM-6281	ADRM1|PSMA1|PSMA2|PSMA3|PSMA4|PSMA5|PSMA6|PSMA7|PSMA8|PSMB1|PSMB10|PSMB11|PSMB2|PSMB3|PSMB4|PSMB5|PSMB6|PSMB7|PSMB8|PSMB9|PSMC1|PSMC2|PSMC3|PSMC4|PSMC5|PSMC6|PSMD1|PSMD11|PSMD12|PSMD13|PSMD14|PSMD2|PSMD3|PSMD4|PSMD6|PSMD7|PSMD8|SEM1	20uM	HT29	24h	LINCSCP_123098
LINCSCP_159044	0.7575003859	0.04856771672	7	MG-132	LSM-1107	PSMB1	20uM	PC3	24h	LINCSCP_159044
LINCSCP_118339	0.7574869108	0.04857408183	7	179324-69-7	LSM-6281	ADRM1|PSMA1|PSMA2|PSMA3|PSMA4|PSMA5|PSMA6|PSMA7|PSMA8|PSMB1|PSMB10|PSMB11|PSMB2|PSMB3|PSMB4|PSMB5|PSMB6|PSMB7|PSMB8|PSMB9|PSMC1|PSMC2|PSMC3|PSMC4|PSMC5|PSMC6|PSMD1|PSMD11|PSMD12|PSMD13|PSMD14|PSMD2|PSMD3|PSMD4|PSMD6|PSMD7|PSMD8|SEM1	20uM	HT29	24h	LINCSCP_118339
LINCSCP_53245	0.7574731398	0.04858058721	7	179324-69-7	LSM-6281	ADRM1|PSMA1|PSMA2|PSMA3|PSMA4|PSMA5|PSMA6|PSMA7|PSMA8|PSMB1|PSMB10|PSMB11|PSMB2|PSMB3|PSMB4|PSMB5|PSMB6|PSMB7|PSMB8|PSMB9|PSMC1|PSMC2|PSMC3|PSMC4|PSMC5|PSMC6|PSMD1|PSMD11|PSMD12|PSMD13|PSMD14|PSMD2|PSMD3|PSMD4|PSMD6|PSMD7|PSMD8|SEM1	0.01uM	SKM1	6h	LINCSCP_53245
LINCSCP_132673	-0.757468477	0.04858278998	7	CGP 60474	LSM-1025	CDK1	1.11uM	MCF7	24h	LINCSCP_132673
LINCSCP_20304	0.7574410966	0.0485957261	7	SPOX1_002953	LSM-4692	NA	10uM	HCC515	6h	LINCSCP_20304
LINCSCP_24879	-0.7574322672	0.04859989803	7	Linsitinib	LSM-1135	IGF1R|INSR	1uM	HS578T	6h	LINCSCP_24879
LINCSCP_190140	0.7574246462	0.04860349914	7	Itrazole	LSM-5032	NA	10uM	A549	6h	LINCSCP_190140
LINCSCP_161049	0.7574221972	0.04860465639	7	Tamsulosin HCl	LSM-45903	ADRA1A|ADRA1B|ADRA1D	3.33uM	PC3	24h	LINCSCP_161049
LINCSCP_77900	0.7574121853	0.04860938757	7	Refametinib	LSM-45886	NA	0.12uM	A375	24h	LINCSCP_77900
LINCSCP_135532	0.7574058538	0.04861237964	7	MG-132	LSM-1107	PSMB1	20uM	MCF7	24h	LINCSCP_135532
LINCSCP_42191	0.7574058113	0.04861239976	7	SCHEMBL10028379	LSM-4720	NA	10uM	NPC	24h	LINCSCP_42191
LINCSCP_31142	0.757381802	0.04862374682	7	CHEMBL1706858	LSM-2657	APEX1	10uM	MCF7	24h	LINCSCP_31142
LINCSCP_16789	0.7573728858	0.04862796111	7	CHEMBL3183439	LSM-38213	NA	10uM	HA1E	6h	LINCSCP_16789
LINCSCP_133346	0.7573582743	0.04863486776	7	OSI-930	LSM-1179	FLT1|FLT4|KDR|KIT	10uM	MCF7	24h	LINCSCP_133346
LINCSCP_309884	-0.7573573694	0.04863529549	7	BRD-K34952911	LSM-45367	NA	10uM	VCAP	6h	LINCSCP_309884
LINCSCP_114547	0.7573420047	0.04864255874	7	NVP-BHG712	LSM-1201	NA	10uM	HME1	24h	LINCSCP_114547
LINCSCP_289887	-0.7573346591	0.04864603138	7	Skatole	LSM-3655	CYP2F1	10uM	VCAP	6h	LINCSCP_289887
LINCSCP_150566	-0.7573020939	0.04866142829	7	Olaparib	LSM-1145	PARP1|PARP2|PARP3	0.04uM	NPC.TAK	24h	LINCSCP_150566
LINCSCP_37046	0.7572859039	0.04866908397	7	MLN 2238	LSM-4944	PSMB1	1uM	MCF7	24h	LINCSCP_37046
LINCSCP_32746	0.7572681602	0.04867747508	7	Xanthohumol	LSM-43235	VCP	10uM	MCF7	6h	LINCSCP_32746
LINCSCP_44231	0.757267336	0.04867786489	7	U0126	LSM-1220	NA	10uM	PC3	24h	LINCSCP_44231
LINCSCP_1095	0.7572575193	0.04868250763	7	NCGC00012852	LSM-2080	NA	10uM	A375	24h	LINCSCP_1095
LINCSCP_159230	0.7572456382	0.04868812706	7	179324-69-7	LSM-6281	ADRM1|PSMA1|PSMA2|PSMA3|PSMA4|PSMA5|PSMA6|PSMA7|PSMA8|PSMB1|PSMB10|PSMB11|PSMB2|PSMB3|PSMB4|PSMB5|PSMB6|PSMB7|PSMB8|PSMB9|PSMC1|PSMC2|PSMC3|PSMC4|PSMC5|PSMC6|PSMD1|PSMD11|PSMD12|PSMD13|PSMD14|PSMD2|PSMD3|PSMD4|PSMD6|PSMD7|PSMD8|SEM1	20uM	PC3	24h	LINCSCP_159230
LINCSCP_68809	-0.7572415274	0.04869007142	7	Sirolimus	LSM-42783	FKBP1A|MTOR	10uM	VCAP	6h	LINCSCP_68809
LINCSCP_22899	-0.7572234797	0.0486986083	7	GR-144053	LSM-2248	ITGB3	10uM	HEPG2	6h	LINCSCP_22899
LINCSCP_35974	0.7572164517	0.04870193293	7	O-Demethylated Adapalene	LSM-6237	RARG	3uM	MCF7	24h	LINCSCP_35974
LINCSCP_223252	0.7572060493	0.04870685402	7	Ticlopidine	LSM-1986	P2RY12	10uM	HT29	6h	LINCSCP_223252
LINCSCP_73091	0.7571737926	0.04872211548	7	ITRACONAZOLE HYDROCHLORIDE	LSM-45773	NA	0.12uM	A375	24h	LINCSCP_73091
LINCSCP_164488	0.7571611516	0.04872809701	7	Osimertinib	LSM-6344	EGFR|ERBB2|ERBB3|ERBB4	3.33uM	SKL.C	24h	LINCSCP_164488
LINCSCP_86375	-0.7571506652	0.04873305927	7	AT-7519	LSM-1004	CDK1|CDK10|CDK11B|CDK12|CDK13|CDK14|CDK15|CDK16|CDK17|CDK18|CDK19|CDK2|CDK20|CDK3|CDK4|CDK5|CDK6|CDK7|CDK8|CDK9	0.04uM	BT20	3h	LINCSCP_86375
LINCSCP_36889	-0.7571306578	0.0487425278	7	CHEMBL214378	LSM-36991	NA	1uM	MCF7	6h	LINCSCP_36889
LINCSCP_4981	0.7570876861	0.04876286758	7	MLS000094939	LSM-3353	NA	10uM	A549	24h	LINCSCP_4981
LINCSCP_151879	-0.7570608809	0.04877555764	7	Olaparib	LSM-1145	PARP1|PARP2|PARP3	0.12uM	PC3	24h	LINCSCP_151879
LINCSCP_132779	-0.7570594416	0.04877623905	7	CHEMBL585951	LSM-36386	MAPK8	10uM	MCF7	24h	LINCSCP_132779
LINCSCP_20144	0.7570587606	0.04877656148	7	AC1O9BJ3	LSM-4717	NA	10uM	HCC515	6h	LINCSCP_20144
LINCSCP_50015	0.757049119	0.04878112649	7	BRD-A72596465	LSM-1765	PPARA	10uM	PHH	24h	LINCSCP_50015
LINCSCP_154647	0.7570085389	0.04880034243	7	179324-69-7	LSM-6281	ADRM1|PSMA1|PSMA2|PSMA3|PSMA4|PSMA5|PSMA6|PSMA7|PSMA8|PSMB1|PSMB10|PSMB11|PSMB2|PSMB3|PSMB4|PSMB5|PSMB6|PSMB7|PSMB8|PSMB9|PSMC1|PSMC2|PSMC3|PSMC4|PSMC5|PSMC6|PSMD1|PSMD11|PSMD12|PSMD13|PSMD14|PSMD2|PSMD3|PSMD4|PSMD6|PSMD7|PSMD8|SEM1	20uM	PC3	24h	LINCSCP_154647
LINCSCP_111765	0.7570043362	0.0488023328	7	Radicicol	LSM-43303	NA	1.11uM	HEPG2	24h	LINCSCP_111765
LINCSCP_191136	-0.7569976113	0.04880551775	7	MEGXP0_001444	LSM-4390	NA	10uM	A549	6h	LINCSCP_191136
LINCSCP_87208	0.7569856834	0.0488111671	7	Vorinostat	LSM-3828	HDAC1|HDAC2|HDAC3|HDAC6|HDAC8	10uM	CD34	24h	LINCSCP_87208
LINCSCP_112741	-0.7569813218	0.04881323293	7	SB-203580	LSM-1168	MAPK1|MAPK11|MAPK14	3.33uM	HEPG2	24h	LINCSCP_112741
LINCSCP_122897	-0.7569752508	0.04881610854	7	AC1NWAOX	LSM-1520	NA	3.33uM	HT29	24h	LINCSCP_122897
LINCSCP_65339	-0.7569515925	0.04882731539	7	BRD-K75035820	LSM-41359	NA	10uM	VCAP	24h	LINCSCP_65339
LINCSCP_146836	0.756947674	0.04882917168	7	UNC 669	LSM-6337	NA	0.04uM	NEU	24h	LINCSCP_146836
LINCSCP_252608	0.7569342612	0.04883552608	7	LY-294002	LSM-2597	MTOR|PIK3CA|PIK3CB|PIK3CD|PIK3CG|PLK1|PRKDC	10uM	MCF7	24h	LINCSCP_252608
LINCSCP_47378	0.7569316	0.04883678686	7	Doxycycline	LSM-5179	MMP8	10uM	PC3	6h	LINCSCP_47378
LINCSCP_15036	-0.756900461	0.04885154104	7	Mitoxantrone	LSM-2481	TOP2A	10uM	HA1E	24h	LINCSCP_15036
LINCSCP_19714	-0.7568943136	0.04885445408	7	CHEMBL1887751	LSM-2647	NA	10uM	HCC515	6h	LINCSCP_19714
LINCSCP_8882	-0.7568648636	0.04886841062	7	BRD-K12683703	LSM-37923	NA	10uM	A549	24h	LINCSCP_8882
LINCSCP_14805	-0.7568564198	0.04887241264	7	Alfuzosin	LSM-1291	ADRA1A|ADRA1B|ADRA1D	10uM	HA1E	6h	LINCSCP_14805
LINCSCP_7089	0.7568451192	0.04887776891	7	PD-198306	LSM-3974	MAP2K1|MAP2K2	10uM	A549	24h	LINCSCP_7089
LINCSCP_66337	0.7568287976	0.04888550559	7	Vorinostat	LSM-3828	HDAC1|HDAC2|HDAC3|HDAC6|HDAC8	0.1uM	A375	6h	LINCSCP_66337
LINCSCP_146926	0.7568043889	0.04889707694	7	CX-5461	LSM-6342	NA	0.04uM	NEU	24h	LINCSCP_146926
LINCSCP_25559	0.7568038884	0.0488973142	7	Selumetinib	LSM-1056	MAP2K1|MAP2K2	80uM	HT29	24h	LINCSCP_25559
LINCSCP_151694	-0.7567996387	0.048899329	7	BRD-A25736793	LSM-43054	MTOR	0.37uM	PC3	24h	LINCSCP_151694
LINCSCP_19230	0.7567826359	0.04890739058	7	Zileuton	LSM-5084	ALOX5	100uM	HCC515	24h	LINCSCP_19230
LINCSCP_1957	-0.7567808085	0.04890825705	7	MEGXP0_000860	LSM-4309	NA	10uM	A375	6h	LINCSCP_1957
LINCSCP_130522	0.7567707545	0.04891302433	7	PF431396	LSM-1116	NA	0.12uM	MCF10A	24h	LINCSCP_130522
LINCSCP_163854	-0.7567536655	0.04892112801	7	Sorafenib	LSM-1008	BRAF|DDR2|FGFR1|FLT1|FLT3|FLT4|KDR|KIT|PDGFRB|RAF1|RET	0.12uM	SKBR3	3h	LINCSCP_163854
LINCSCP_43591	-0.7567348523	0.04893005012	7	Carbacyclin	LSM-42923	PPARD|PTGIR	10uM	NPC	6h	LINCSCP_43591
LINCSCP_143276	0.7567245298	0.04893494595	7	179324-69-7	LSM-6281	ADRM1|PSMA1|PSMA2|PSMA3|PSMA4|PSMA5|PSMA6|PSMA7|PSMA8|PSMB1|PSMB10|PSMB11|PSMB2|PSMB3|PSMB4|PSMB5|PSMB6|PSMB7|PSMB8|PSMB9|PSMC1|PSMC2|PSMC3|PSMC4|PSMC5|PSMC6|PSMD1|PSMD11|PSMD12|PSMD13|PSMD14|PSMD2|PSMD3|PSMD4|PSMD6|PSMD7|PSMD8|SEM1	20uM	MCF7	24h	LINCSCP_143276
LINCSCP_137876	0.7567222937	0.04893600657	7	179324-69-7	LSM-6281	ADRM1|PSMA1|PSMA2|PSMA3|PSMA4|PSMA5|PSMA6|PSMA7|PSMA8|PSMB1|PSMB10|PSMB11|PSMB2|PSMB3|PSMB4|PSMB5|PSMB6|PSMB7|PSMB8|PSMB9|PSMC1|PSMC2|PSMC3|PSMC4|PSMC5|PSMC6|PSMD1|PSMD11|PSMD12|PSMD13|PSMD14|PSMD2|PSMD3|PSMD4|PSMD6|PSMD7|PSMD8|SEM1	20uM	MCF7	24h	LINCSCP_137876
LINCSCP_15907	0.7566816654	0.04895527879	7	SMR000030495	LSM-4137	NA	10uM	HA1E	6h	LINCSCP_15907
LINCSCP_10243	0.7566746746	0.04895859533	7	Enalapril	LSM-3282	ACE	0.01uM	A549	6h	LINCSCP_10243
LINCSCP_138049	0.7566318388	0.04897891999	7	MG-132	LSM-1107	PSMB1	20uM	MCF7	24h	LINCSCP_138049
LINCSCP_103806	0.7566315795	0.04897904303	7	Sepantronium	LSM-5399	BIRC5	3.33uM	HELA	24h	LINCSCP_103806
LINCSCP_153600	-0.7566238106	0.0489827297	7	Methixene	LSM-1467	CHRM1|CHRM5|HTR2C	10uM	PC3	24h	LINCSCP_153600
LINCSCP_12537	0.7566133069	0.04898771442	7	Flutamide	LSM-2621	AR	30uM	CL34	6h	LINCSCP_12537
LINCSCP_67423	-0.7566056443	0.048991351	7	Wortmannin	LSM-3947	PIK3CA|PIK3CG|PLK1	0.1uM	MCF7	6h	LINCSCP_67423
LINCSCP_156440	0.7565937229	0.04899700906	7	179324-69-7	LSM-6281	ADRM1|PSMA1|PSMA2|PSMA3|PSMA4|PSMA5|PSMA6|PSMA7|PSMA8|PSMB1|PSMB10|PSMB11|PSMB2|PSMB3|PSMB4|PSMB5|PSMB6|PSMB7|PSMB8|PSMB9|PSMC1|PSMC2|PSMC3|PSMC4|PSMC5|PSMC6|PSMD1|PSMD11|PSMD12|PSMD13|PSMD14|PSMD2|PSMD3|PSMD4|PSMD6|PSMD7|PSMD8|SEM1	20uM	PC3	24h	LINCSCP_156440
LINCSCP_99636	0.7565816823	0.04900272405	7	Erlotinib	LSM-1097	EGFR	10uM	HCC515	24h	LINCSCP_99636
LINCSCP_205118	-0.7565685128	0.04900897525	7	331771-20-1	LSM-1096	AURKA|AURKB	0.5uM	BT20	24h	LINCSCP_205118
LINCSCP_83782	-0.7565568777	0.0490144985	7	galantamine	NA	NA	10uM	ASC.C	24h	LINCSCP_83782
LINCSCP_146486	0.7565533973	0.04901615078	7	SCHEMBL17378613	LSM-5749	CSF1R	1.11uM	NEU	24h	LINCSCP_146486
LINCSCP_263081	0.7565377855	0.04902356245	7	BRD-K76876037	LSM-13132	NA	10uM	NPC	24h	LINCSCP_263081
LINCSCP_34252	0.7565371957	0.04902384246	7	Mephenesin	LSM-5081	NA	10uM	MCF7	24h	LINCSCP_34252
LINCSCP_221335	0.7565299284	0.04902729286	7	BRD-K18059480	LSM-6087	NA	10uM	HEPG2	6h	LINCSCP_221335
LINCSCP_97516	0.7565275812	0.04902840728	7	MG-132	LSM-1107	PSMB1	20uM	HA1E	24h	LINCSCP_97516
LINCSCP_133074	0.7565248121	0.04902972201	7	Dasatinib	LSM-1020	ABL1|BCR|BLK|EPHA2|FGR|FRK|FYN|HCK|KIT|LCK|LYN|PDGFRB|SRC|SRMS|YES1	3.33uM	MCF7	3h	LINCSCP_133074
LINCSCP_155449	0.7565238912	0.04903015928	7	MG-132	LSM-1107	PSMB1	20uM	PC3	24h	LINCSCP_155449
LINCSCP_115468	-0.7565131374	0.04903526535	7	GW843682X	LSM-1014	PLK1|PLK3	0.12uM	HS578T	24h	LINCSCP_115468
LINCSCP_62764	0.756510796	0.04903637717	7	BRD-K12767001	LSM-9184	NA	5uM	VCAP	24h	LINCSCP_62764
LINCSCP_67368	-0.7565095686	0.04903695995	7	Wortmannin	LSM-3947	PIK3CA|PIK3CG|PLK1	10uM	MCF7	24h	LINCSCP_67368
LINCSCP_129407	0.7565006216	0.04904120844	7	Tivantinib	LSM-1131	MET	1.11uM	JURKAT	24h	LINCSCP_129407
LINCSCP_99372	-0.7564911653	0.049045699	7	SCHEMBL3954849	LSM-5982	NA	10uM	HCC515	24h	LINCSCP_99372
LINCSCP_86754	-0.7564751283	0.04905331511	7	SB525334	LSM-1121	TGFBR1	0.12uM	CD34	24h	LINCSCP_86754
LINCSCP_4008	-0.7564748207	0.04905346119	7	MK-5108	LSM-36812	AURKA|AURKB	0.04uM	A375	24h	LINCSCP_4008
LINCSCP_177106	0.7564566251	0.04906210319	7	362-74-3	LSM-1265	PRKACA	10uM	A375	24h	LINCSCP_177106
LINCSCP_156222	0.7564565123	0.04906215679	7	Emedastine	LSM-5331	HRH1	0.04uM	PC3	24h	LINCSCP_156222
LINCSCP_19826	-0.7564550516	0.0490628506	7	MLS002264411	LSM-1873	NA	10uM	HCC515	6h	LINCSCP_19826
LINCSCP_27231	0.7564350617	0.04907234582	7	CHEMBL2359459	LSM-6810	NA	10uM	HT29	6h	LINCSCP_27231
LINCSCP_130465	0.7564267018	0.04907631712	7	PD-0325901	LSM-1101	MAP2K1|MAP2K2	3.33uM	MCF10A	24h	LINCSCP_130465
LINCSCP_60971	0.7564119844	0.04908330886	7	BRD-K41700431	LSM-10962	NA	5uM	VCAP	6h	LINCSCP_60971
LINCSCP_139762	0.7564112219	0.04908367113	7	MG-132	LSM-1107	PSMB1	20uM	MCF7	24h	LINCSCP_139762
LINCSCP_4684	0.7563998565	0.04908907086	7	Rosiglitazone	LSM-1949	PPARG	80uM	A549	6h	LINCSCP_4684
LINCSCP_28890	0.7563976578	0.0490901155	7	AC1N0EYN	LSM-36610	NA	20uM	HUH7	6h	LINCSCP_28890
LINCSCP_135996	0.7563772783	0.04909979876	7	179324-69-7	LSM-6281	ADRM1|PSMA1|PSMA2|PSMA3|PSMA4|PSMA5|PSMA6|PSMA7|PSMA8|PSMB1|PSMB10|PSMB11|PSMB2|PSMB3|PSMB4|PSMB5|PSMB6|PSMB7|PSMB8|PSMB9|PSMC1|PSMC2|PSMC3|PSMC4|PSMC5|PSMC6|PSMD1|PSMD11|PSMD12|PSMD13|PSMD14|PSMD2|PSMD3|PSMD4|PSMD6|PSMD7|PSMD8|SEM1	20uM	MCF7	24h	LINCSCP_135996
LINCSCP_115386	-0.7563721142	0.04910225265	7	Nilotinib	LSM-1099	ABL1|BCR|KIT	10uM	HS578T	3h	LINCSCP_115386
LINCSCP_67159	0.7563644877	0.04910587673	7	13-Hydroxy-8,14,19-trimethoxy-4,10,12,16-tetramethyl-3,20,22-trioxo-2-azabicyclo[16.3.1]docosa-1(21),4,6,10,18-pentaen-9-yl carbamate	LSM-42815	HSP90AA1	10uM	HT29	24h	LINCSCP_67159
LINCSCP_125973	0.7563620721	0.04910702466	7	179324-69-7	LSM-6281	ADRM1|PSMA1|PSMA2|PSMA3|PSMA4|PSMA5|PSMA6|PSMA7|PSMA8|PSMB1|PSMB10|PSMB11|PSMB2|PSMB3|PSMB4|PSMB5|PSMB6|PSMB7|PSMB8|PSMB9|PSMC1|PSMC2|PSMC3|PSMC4|PSMC5|PSMC6|PSMD1|PSMD11|PSMD12|PSMD13|PSMD14|PSMD2|PSMD3|PSMD4|PSMD6|PSMD7|PSMD8|SEM1	20uM	HT29	24h	LINCSCP_125973
LINCSCP_142941	0.7563602364	0.04910789698	7	Apomorphine	LSM-25611	DRD2|DRD3|DRD4	0.12uM	MCF7	24h	LINCSCP_142941
LINCSCP_125795	0.7563599085	0.04910805284	7	Elesclomol	LSM-4929	HSPA1A	3.33uM	HT29	24h	LINCSCP_125795
LINCSCP_144552	-0.7563292788	0.04912260975	7	Quercetin	LSM-4199	PIK3CG	3.33uM	MCF7	24h	LINCSCP_144552
LINCSCP_147492	0.7563196128	0.04912720408	7	AZD4547	LSM-6308	NA	0.37uM	NPC.CAS9	24h	LINCSCP_147492
LINCSCP_111999	0.7563183014	0.04912782741	7	AZ628	LSM-1050	BRAF|RAF1	0.12uM	HEPG2	24h	LINCSCP_111999
LINCSCP_32572	0.7563151563	0.04912932234	7	OSI-027	LSM-1063	MTOR	10uM	MCF7	24h	LINCSCP_32572
LINCSCP_12197	0.7562877806	0.04914233578	7	Amuvatinib	LSM-1118	FLT3|KIT|MET|PDGFRA	1uM	BT20	24h	LINCSCP_12197
LINCSCP_59544	-0.7562572979	0.04915682843	7	BRD-A49848186	LSM-36420	NA	10uM	VCAP	6h	LINCSCP_59544
LINCSCP_47139	0.75625175	0.04915946634	7	CHEMBL3189080	LSM-40877	NA	10uM	PC3	24h	LINCSCP_47139
LINCSCP_104831	-0.7562496055	0.04916048602	7	Bupropion	LSM-1267	SLC6A2|SLC6A3	10uM	HELA	24h	LINCSCP_104831
LINCSCP_26002	-0.7562460666	0.04916216877	7	CID755673	LSM-2050	NA	10uM	HT29	6h	LINCSCP_26002
LINCSCP_24259	-0.7562371247	0.04916642079	7	BMS-345541	LSM-1028	IKBKB	1uM	HS578T	24h	LINCSCP_24259
LINCSCP_101203	0.7562366578	0.04916664281	7	(8Xi,11beta,14xi,16beta)-21-Chloro-9-fluoro-11-hydroxy-16-methyl-3,20-dioxopregna-1,4-dien-17-yl propanoate	LSM-1414	NR3C1	3.33uM	HELA	24h	LINCSCP_101203
LINCSCP_178372	0.7562312342	0.04916922195	7	MLS003271342	LSM-4224	NA	10uM	A375	6h	LINCSCP_178372
LINCSCP_154468	0.7562266491	0.04917140236	7	Norfloxacin	LSM-5286	NA	0.12uM	PC3	24h	LINCSCP_154468
LINCSCP_58714	0.7562131008	0.04917784555	7	T6129388	LSM-2451	NA	10uM	VCAP	6h	LINCSCP_58714
LINCSCP_33940	-0.7561837119	0.04919182362	7	CHEMBL1991045	LSM-6686	NA	10uM	MCF7	24h	LINCSCP_33940
LINCSCP_15983	-0.7561510244	0.04920737313	7	SCHEMBL1725480	LSM-2667	NA	10uM	HA1E	6h	LINCSCP_15983
LINCSCP_22259	0.7561508699	0.04920744663	7	AM 251	LSM-4057	CNR1	10uM	HEPG2	6h	LINCSCP_22259
LINCSCP_98731	-0.7561490228	0.04920832541	7	AC1NWALF	LSM-1930	ATP1A1	0.04uM	HA1E	24h	LINCSCP_98731
LINCSCP_61926	0.7561457258	0.04920989394	7	BRD-K92593565	LSM-14104	NA	5uM	VCAP	6h	LINCSCP_61926
LINCSCP_16957	-0.7561417947	0.04921176422	7	Ticrynafen	LSM-5478	CYP2C9|SLC12A1	10uM	HA1E	6h	LINCSCP_16957
LINCSCP_133312	-0.7561388318	0.04921317389	7	CGP 60474	LSM-1025	CDK1	1.11uM	MCF7	24h	LINCSCP_133312
LINCSCP_126143	0.7561315094	0.04921665775	7	MG-132	LSM-1107	PSMB1	20uM	HT29	24h	LINCSCP_126143
LINCSCP_21142	0.7561255033	0.04921951546	7	Salermide	LSM-5123	SIRT1|SIRT2	100uM	HCT116	6h	LINCSCP_21142
LINCSCP_41936	0.7561205634	0.04922186594	7	TUL_XX087	LSM-36794	NA	0.01uM	NOMO1	24h	LINCSCP_41936
LINCSCP_45031	0.7561104517	0.04922667744	7	Elesclomol	LSM-4929	HSPA1A	10uM	PC3	24h	LINCSCP_45031
LINCSCP_102268	-0.7560843418	0.04923910258	7	Forskolin, NKH477	LSM-45443	NA	10uM	HELA	24h	LINCSCP_102268
LINCSCP_84696	0.7560692157	0.04924630156	7	PD-0325901	LSM-1101	MAP2K1|MAP2K2	0.12uM	ASC	24h	LINCSCP_84696
LINCSCP_29095	0.7560552064	0.04925296953	7	SCHEMBL6851809	LSM-43061	MTOR	10uM	JHUEM2	6h	LINCSCP_29095
LINCSCP_54716	-0.7560452012	0.04925773196	7	Teniposide	LSM-1483	TOP2A	1uM	T3M10	6h	LINCSCP_54716
LINCSCP_28387	0.7560397294	0.04926033666	7	BRD-K74461819	LSM-44851	NA	10uM	HT29	24h	LINCSCP_28387
LINCSCP_143001	0.7559991266	0.04927966661	7	MG-132	LSM-1107	PSMB1	20uM	MCF7	24h	LINCSCP_143001
LINCSCP_251326	0.7559976129	0.04928038733	7	Saracatinib	LSM-1032	ABL1|SRC	10uM	MCF7	24h	LINCSCP_251326
LINCSCP_4533	0.7559690614	0.04929398263	7	Quiflapon	LSM-6242	ALOX5AP	80uM	A549	24h	LINCSCP_4533
LINCSCP_44747	0.7559635926	0.04929658688	7	BDBM50127227	LSM-43025	FNTA|IKBKB	10uM	PC3	24h	LINCSCP_44747
LINCSCP_174565	0.7559626425	0.04929703937	7	Diazoxide	LSM-3639	KCNJ11	1.11uM	YAPC	24h	LINCSCP_174565
LINCSCP_275613	0.7559279568	0.04931355883	7	CHEMBL2144686	LSM-41089	NA	5uM	PC3	24h	LINCSCP_275613
LINCSCP_124674	0.75592442	0.04931524347	7	PD-0325901	LSM-1101	MAP2K1|MAP2K2	3.33uM	HT29	24h	LINCSCP_124674
LINCSCP_47386	0.755905684	0.04932416813	7	Azacitidine	LSM-5218	DNMT1|DNMT3A	10uM	PC3	6h	LINCSCP_47386
LINCSCP_116892	0.755905282	0.04932435963	7	1166227-08-2	LSM-1204	NA	0.04uM	HT29	24h	LINCSCP_116892
LINCSCP_128191	0.7559048889	0.0493245469	7	Doramapimod	LSM-1170	MAPK11|MAPK12|MAPK14	1.11uM	HUES3	24h	LINCSCP_128191
LINCSCP_113229	0.7558935065	0.0493299692	7	Selumetinib	LSM-1056	MAP2K1|MAP2K2	10uM	HME1	24h	LINCSCP_113229
LINCSCP_111165	-0.7558818285	0.04933553269	7	Quercetin	LSM-4199	PIK3CG	1.11uM	HELA	24h	LINCSCP_111165
LINCSCP_146507	-0.7558639066	0.04934407149	7	COT Inhibitor-2	LSM-1154	NA	0.04uM	NEU	24h	LINCSCP_146507
LINCSCP_47995	0.7558613573	0.04934528617	7	Oxybenzone	LSM-3309	NA	10uM	PC3	6h	LINCSCP_47995
LINCSCP_191423	-0.7558341202	0.04935826487	7	Wortmannin	LSM-3947	PIK3CA|PIK3CG|PLK1	10uM	A549	24h	LINCSCP_191423
LINCSCP_133061	-0.7558314866	0.04935951988	7	BMS-387032	LSM-1132	CDK2|CDK7|CDK9	10uM	MCF7	3h	LINCSCP_133061
LINCSCP_62542	0.7558314599	0.04935953264	7	BRD-K40959762	LSM-10920	NA	5uM	VCAP	6h	LINCSCP_62542
LINCSCP_92221	-0.7558164199	0.04936670018	7	GF-109203	LSM-2677	PRKCA	0.37uM	HA1E	24h	LINCSCP_92221
LINCSCP_52357	-0.7557986511	0.04937516896	7	Everolimus	LSM-43172	FKBP1A|MTOR	10uM	SKB	24h	LINCSCP_52357
LINCSCP_111337	-0.7557984967	0.04937524258	7	Buparlisib	LSM-1148	PIK3CA|PIK3CB|PIK3CD|PIK3CG|PIK3R1|PIK3R2|PIK3R3|PIK3R5	10uM	HEPG2	24h	LINCSCP_111337
LINCSCP_36355	-0.7557344012	0.04940579774	7	3-Chloro-l-alanine	LSM-6205	RPS2	0.001uM	MCF7	6h	LINCSCP_36355
LINCSCP_100446	0.7557245295	0.0494105046	7	GSK-461364	LSM-1013	PLK1	0.12uM	HCC515	24h	LINCSCP_100446
LINCSCP_221450	0.7556836549	0.04942999648	7	BRN 1601185	LSM-4832	NA	10uM	HEPG2	6h	LINCSCP_221450
LINCSCP_120137	0.7556834089	0.04943011383	7	179324-69-7	LSM-6281	ADRM1|PSMA1|PSMA2|PSMA3|PSMA4|PSMA5|PSMA6|PSMA7|PSMA8|PSMB1|PSMB10|PSMB11|PSMB2|PSMB3|PSMB4|PSMB5|PSMB6|PSMB7|PSMB8|PSMB9|PSMC1|PSMC2|PSMC3|PSMC4|PSMC5|PSMC6|PSMD1|PSMD11|PSMD12|PSMD13|PSMD14|PSMD2|PSMD3|PSMD4|PSMD6|PSMD7|PSMD8|SEM1	20uM	HT29	24h	LINCSCP_120137
LINCSCP_22787	0.7556435943	0.04944910428	7	Flupentixol	LSM-43011	DRD1|DRD2	10uM	HEPG2	6h	LINCSCP_22787
LINCSCP_56629	0.7556391318	0.04945123302	7	Pentobarbital	LSM-1566	GABRA1|GABRA2|GABRA3|GABRA4|GABRA5|GABRA6|GABRB1|GABRB2|GABRB3|GABRD|GABRE|GABRG1|GABRG2|GABRG3|GABRP|GABRQ	10uM	VCAP	24h	LINCSCP_56629
LINCSCP_156800	0.75562879	0.04945616656	7	179324-69-7	LSM-6281	ADRM1|PSMA1|PSMA2|PSMA3|PSMA4|PSMA5|PSMA6|PSMA7|PSMA8|PSMB1|PSMB10|PSMB11|PSMB2|PSMB3|PSMB4|PSMB5|PSMB6|PSMB7|PSMB8|PSMB9|PSMC1|PSMC2|PSMC3|PSMC4|PSMC5|PSMC6|PSMD1|PSMD11|PSMD12|PSMD13|PSMD14|PSMD2|PSMD3|PSMD4|PSMD6|PSMD7|PSMD8|SEM1	20uM	PC3	24h	LINCSCP_156800
LINCSCP_62584	0.755607214	0.04946646017	7	BRD-K82758569	LSM-13481	NA	5uM	VCAP	6h	LINCSCP_62584
LINCSCP_16684	0.7556019726	0.04946896095	7	Ebelactone-B	LSM-43223	PNLIP	10uM	HA1E	6h	LINCSCP_16684
LINCSCP_179897	0.755600995	0.04946942739	7	BMY-14802	LSM-1339	HTR1A	10uM	A375	6h	LINCSCP_179897
LINCSCP_165026	-0.7555874158	0.04947590668	7	SB-203580	LSM-1168	MAPK1|MAPK11|MAPK14	1.11uM	SKL.C	24h	LINCSCP_165026
LINCSCP_17093	0.7555863652	0.04947640797	7	HDACi1,2+3_mix	NA	NA	10uM	HA1E	24h	LINCSCP_17093
LINCSCP_41529	-0.7555833428	0.04947785021	7	Plumbagin	LSM-37061	NA	10uM	NEU	6h	LINCSCP_41529
LINCSCP_263820	-0.7555807524	0.04947908626	7	FOXY-5	LSM-36992	NA	10uM	NPC	24h	LINCSCP_263820
LINCSCP_36422	0.7555692118	0.0494845934	7	Vorinostat	LSM-3828	HDAC1|HDAC2|HDAC3|HDAC6|HDAC8	3uM	MCF7	6h	LINCSCP_36422
LINCSCP_4915	0.7555670488	0.04948562559	7	MLS001065841	LSM-2365	NA	10uM	A549	24h	LINCSCP_4915
LINCSCP_147711	0.7555669965	0.04948565058	7	Infigratinib	LSM-1184	FGFR1|FGFR2|FGFR3|FGFR4	10uM	NPC.CAS9	24h	LINCSCP_147711
LINCSCP_81865	-0.7555652594	0.04948647955	7	PDK1 Inhibitor	LSM-1081	PDPK1	10uM	A549	24h	LINCSCP_81865
LINCSCP_193579	0.755540973	0.04949807022	7	BRD-K35024477	LSM-39188	NA	10uM	A549	24h	LINCSCP_193579
LINCSCP_68273	0.7555219479	0.04950715101	7	Wortmannin	LSM-3947	PIK3CA|PIK3CG|PLK1	10uM	U937	6h	LINCSCP_68273
LINCSCP_216724	0.7555097762	0.04951296111	7	CAY10578	LSM-5652	NA	10uM	HCC515	6h	LINCSCP_216724
LINCSCP_171580	-0.7554816915	0.0495263686	7	MLN-0128	LSM-1206	MTOR	1.11uM	YAPC	24h	LINCSCP_171580
LINCSCP_224033	-0.7554811421	0.04952663094	7	MLS002460474	LSM-3256	NA	10uM	HT29	24h	LINCSCP_224033
LINCSCP_163624	0.7554715463	0.0495312124	7	C24H25CLFN5O3	LSM-42794	EGFR|ERBB2|ERBB4	10uM	SKBR3	24h	LINCSCP_163624
LINCSCP_112479	-0.7554429545	0.04954486475	7	GSK 1059615	LSM-42799	PIK3CA|PIK3CB|PIK3CD|PIK3CG	10uM	HEPG2	24h	LINCSCP_112479
LINCSCP_102759	0.7554416442	0.04954549046	7	Dabrafenib	LSM-6303	BRAF	10uM	HELA	24h	LINCSCP_102759
LINCSCP_116547	0.7554185992	0.04955649586	7	Tamatinib	LSM-1040	SYK	10uM	HT29	24h	LINCSCP_116547
LINCSCP_163954	-0.7554137566	0.04955880866	7	SCHEMBL17052537	LSM-5803	BTK|JAK3|MKNK2|MTOR|PRKDC	1.11uM	SKBR3	3h	LINCSCP_163954
LINCSCP_126054	0.7554132168	0.04955906645	7	MG-132	LSM-1107	PSMB1	20uM	HT29	24h	LINCSCP_126054
LINCSCP_170403	0.7553581602	0.04958536548	7	179324-69-7	LSM-6281	ADRM1|PSMA1|PSMA2|PSMA3|PSMA4|PSMA5|PSMA6|PSMA7|PSMA8|PSMB1|PSMB10|PSMB11|PSMB2|PSMB3|PSMB4|PSMB5|PSMB6|PSMB7|PSMB8|PSMB9|PSMC1|PSMC2|PSMC3|PSMC4|PSMC5|PSMC6|PSMD1|PSMD11|PSMD12|PSMD13|PSMD14|PSMD2|PSMD3|PSMD4|PSMD6|PSMD7|PSMD8|SEM1	20uM	YAPC	24h	LINCSCP_170403
LINCSCP_70288	-0.7553357237	0.04959608497	7	Belinostat	LSM-43181	HDAC1|HDAC10|HDAC11|HDAC2|HDAC3|HDAC4|HDAC5|HDAC6|HDAC7|HDAC8|HDAC9	3.33uM	A375	24h	LINCSCP_70288
LINCSCP_124703	0.755332856	0.04959745521	7	MG-132	LSM-1107	PSMB1	20uM	HT29	24h	LINCSCP_124703
LINCSCP_130380	0.7553281419	0.04959970764	7	13-Hydroxy-8,14,19-trimethoxy-4,10,12,16-tetramethyl-3,20,22-trioxo-2-azabicyclo[16.3.1]docosa-1(21),4,6,10,18-pentaen-9-yl carbamate	LSM-42815	HSP90AA1	10uM	LNCAP	3h	LINCSCP_130380
LINCSCP_116008	-0.7553090979	0.04960880765	7	AT-7519	LSM-1004	CDK1|CDK10|CDK11B|CDK12|CDK13|CDK14|CDK15|CDK16|CDK17|CDK18|CDK19|CDK2|CDK20|CDK3|CDK4|CDK5|CDK6|CDK7|CDK8|CDK9	10uM	HS578T	3h	LINCSCP_116008
LINCSCP_103439	0.7552875571	0.04961910184	7	Siramesine (hydrochloride)	LSM-45705	NA	0.04uM	HELA	24h	LINCSCP_103439
LINCSCP_132671	-0.7552794272	0.0496229874	7	CGP 60474	LSM-1025	CDK1	10uM	MCF7	24h	LINCSCP_132671
LINCSCP_37600	0.7552783286	0.04962351245	7	AC1NSOND	LSM-43112	NA	5uM	MCF7	6h	LINCSCP_37600
LINCSCP_144440	0.7552755464	0.0496248422	7	MG-132	LSM-1107	PSMB1	20uM	MCF7	24h	LINCSCP_144440
LINCSCP_27459	0.7552707756	0.0496271224	7	CHEMBL2360586	LSM-42624	NA	5uM	HT29	24h	LINCSCP_27459
LINCSCP_67059	0.7552547953	0.04963476073	7	13-Hydroxy-8,14,19-trimethoxy-4,10,12,16-tetramethyl-3,20,22-trioxo-2-azabicyclo[16.3.1]docosa-1(21),4,6,10,18-pentaen-9-yl carbamate	LSM-42815	HSP90AA1	10uM	HT29	24h	LINCSCP_67059
LINCSCP_57262	-0.7552346975	0.04964436804	7	MLS001060771	LSM-2045	NA	10uM	VCAP	24h	LINCSCP_57262
LINCSCP_138319	0.755220658	0.0496510799	7	MG-132	LSM-1107	PSMB1	20uM	MCF7	24h	LINCSCP_138319
LINCSCP_87228	-0.7551907088	0.04966539941	7	Sirolimus	LSM-42783	FKBP1A|MTOR	10uM	CD34	24h	LINCSCP_87228
LINCSCP_31160	0.7551784552	0.04967125883	7	ML228	LSM-2978	HIF1A	10uM	MCF7	24h	LINCSCP_31160
LINCSCP_33491	-0.755172933	0.04967389957	7	Calpeptin	LSM-2570	NA	10uM	MCF7	6h	LINCSCP_33491
LINCSCP_19721	-0.7551645513	0.0496779079	7	CHEMBL1700271	LSM-2719	NA	10uM	HCC515	6h	LINCSCP_19721
LINCSCP_142832	0.7551617262	0.04967925893	7	179324-69-7	LSM-6281	ADRM1|PSMA1|PSMA2|PSMA3|PSMA4|PSMA5|PSMA6|PSMA7|PSMA8|PSMB1|PSMB10|PSMB11|PSMB2|PSMB3|PSMB4|PSMB5|PSMB6|PSMB7|PSMB8|PSMB9|PSMC1|PSMC2|PSMC3|PSMC4|PSMC5|PSMC6|PSMD1|PSMD11|PSMD12|PSMD13|PSMD14|PSMD2|PSMD3|PSMD4|PSMD6|PSMD7|PSMD8|SEM1	20uM	MCF7	24h	LINCSCP_142832
LINCSCP_70322	-0.7551347825	0.04969214533	7	Daminozide	LSM-6329	NA	0.04uM	A375	24h	LINCSCP_70322
LINCSCP_32307	0.7551120142	0.04970303617	7	CP466722	LSM-1009	ATM	10uM	MCF7	6h	LINCSCP_32307
LINCSCP_149397	0.7551057567	0.04970602959	7	PD-0325901	LSM-1101	MAP2K1|MAP2K2	10uM	NPC	24h	LINCSCP_149397
LINCSCP_164787	-0.7550613102	0.04972729432	7	CX-5461	LSM-6342	NA	0.37uM	SKL.C	24h	LINCSCP_164787
LINCSCP_133454	-0.7550582892	0.04972873989	7	PHA-767491	LSM-6304	NA	10uM	MCF7	24h	LINCSCP_133454
LINCSCP_76525	0.7550522688	0.04973162065	7	Orphenadrine	LSM-1630	GRIN1|GRIN2A|GRIN2B|GRIN2C|GRIN2D|GRIN3A|GRIN3B|HRH1|SCN10A|SCN11A|SCN1A|SCN2A|SCN3A|SCN4A|SCN5A|SCN7A|SCN8A|SCN9A|SLC6A2	0.37uM	A375	24h	LINCSCP_76525
LINCSCP_26757	0.7550482075	0.04973356408	7	WH-4025	LSM-42723	NA	10uM	HT29	6h	LINCSCP_26757
LINCSCP_136254	0.7550381882	0.04973835865	7	MG-132	LSM-1107	PSMB1	20uM	MCF7	24h	LINCSCP_136254
LINCSCP_145879	0.7550234287	0.04974542206	7	WYE 125132	LSM-1064	MTOR	10uM	MDAMB231	3h	LINCSCP_145879
LINCSCP_142187	0.7550109726	0.04975138358	7	Trazodone	LSM-3580	HTR2A|HTR2C|SLC6A4	10uM	MCF7	24h	LINCSCP_142187
LINCSCP_7695	-0.7550038695	0.04975478331	7	6-(4-Hydroxy-6-methoxy-7-methyl-3-oxo-1H-2-benzofuran-5-yl)-4-methylhex-4-enoic acid	LSM-2681	IMPDH1|IMPDH2	10uM	A549	6h	LINCSCP_7695
LINCSCP_130602	0.7549896786	0.04976157585	7	AZD-6482	LSM-1059	PIK3CA|PIK3CB|PIK3CD|PIK3CG|PIK3R1|PIK3R2|PIK3R3|PIK3R5	3.33uM	MCF10A	24h	LINCSCP_130602
LINCSCP_122770	-0.7549884667	0.04976215593	7	Idelalisib	LSM-1205	PIK3CD|PIK3CG	10uM	HT29	24h	LINCSCP_122770
LINCSCP_34128	0.7549772924	0.04976750495	7	GSK-1059615	LSM-42798	PIK3CA|PIK3CB|PIK3CD|PIK3CG|PIK3R1|PIK3R2|PIK3R3|PIK3R5	10uM	MCF7	24h	LINCSCP_34128
LINCSCP_163989	0.7549615842	0.04977502482	7	Canertinib	LSM-1120	EGFR|ERBB2|ERBB4	3.33uM	SKBR3	3h	LINCSCP_163989
LINCSCP_240331	-0.7549591813	0.04977617517	7	Ebelactone-B	LSM-43223	PNLIP	10uM	MCF7	24h	LINCSCP_240331
LINCSCP_140699	-0.7549490749	0.04978101372	7	Epinephrine HCl	LSM-45900	ADRA1A|ADRA1B|ADRA1D|ADRA2A|ADRA2B|ADRA2C|ADRB1|ADRB2|ADRB3	10uM	MCF7	24h	LINCSCP_140699
LINCSCP_7390	0.7549055285	0.04980186499	7	1-[4-[3-(4-Fluorophenoxy)phenyl]but-3-en-2-yl]-1-hydroxyurea	LSM-1650	ALOX5	10uM	A549	6h	LINCSCP_7390
LINCSCP_34793	0.7548814401	0.04981340128	7	BRD-K76150323	LSM-41426	NA	5uM	MCF7	24h	LINCSCP_34793
LINCSCP_44939	0.7548776296	0.04981522631	7	AC1NSM0X	LSM-4605	P2RX1	10uM	PC3	24h	LINCSCP_44939
LINCSCP_101913	0.7548394777	0.04983350115	7	Rimexolone	LSM-2685	NR3C1	0.04uM	HELA	24h	LINCSCP_101913
LINCSCP_269194	-0.7548272645	0.04983935207	7	Cefdinir	LSM-5216	NA	10uM	PC3	24h	LINCSCP_269194
LINCSCP_56922	0.7548151639	0.04984514941	7	Tyrphostin AG-1478	LSM-1224	EGFR	60uM	VCAP	24h	LINCSCP_56922
LINCSCP_148559	0.7548150147	0.04984522089	7	SCHEMBL17378613	LSM-5749	CSF1R	0.37uM	NPC	24h	LINCSCP_148559
LINCSCP_129676	0.7548136721	0.04984586414	7	PD-0325901	LSM-1101	MAP2K1|MAP2K2	10uM	JURKAT	24h	LINCSCP_129676
LINCSCP_84237	0.7548098336	0.04984770322	7	CDK9 Inhibitor	LSM-1197	NA	0.04uM	ASC	24h	LINCSCP_84237
LINCSCP_220826	0.7547927125	0.04985590677	7	AM 251	LSM-4057	CNR1	10uM	HEPG2	6h	LINCSCP_220826
LINCSCP_148067	-0.7547786984	0.0498626221	7	NCGC00346967-01	LSM-6297	EPHB3	0.12uM	NPC.CAS9	24h	LINCSCP_148067
LINCSCP_86029	-0.7547754707	0.04986416886	7	TAE-684	LSM-1024	ALK	3.33uM	BT20	24h	LINCSCP_86029
LINCSCP_65039	0.7547699792	0.04986680047	7	BX 912	LSM-1055	PDK1|PDPK1	1uM	VCAP	6h	LINCSCP_65039
LINCSCP_1333	0.7547631	0.0498700972	7	MLS002474581	LSM-3621	NA	10uM	A375	6h	LINCSCP_1333
LINCSCP_87240	0.7547526362	0.04987511206	7	amcinonide	NA	NA	10uM	CD34	24h	LINCSCP_87240
LINCSCP_103499	-0.7547406258	0.04988086845	7	Baricitinib	LSM-6709	JAK1|JAK2	0.04uM	HELA	24h	LINCSCP_103499
LINCSCP_5844	0.7547346553	0.04988373016	7	Dimethylphenylpiperazinium	LSM-36445	NA	10uM	A549	6h	LINCSCP_5844
LINCSCP_30860	0.754725626	0.04988805812	7	BDBM50127227	LSM-43025	FNTA|IKBKB	10uM	MCF7	6h	LINCSCP_30860
LINCSCP_109067	-0.7547230574	0.04988928936	7	LACOSAMIDE	LSM-45385	SCN10A|SCN11A|SCN1A|SCN2A|SCN3A|SCN4A|SCN5A|SCN7A|SCN8A|SCN9A	1.11uM	HELA	24h	LINCSCP_109067
LINCSCP_10235	0.7547055522	0.04989768077	7	179324-69-7	LSM-6281	ADRM1|PSMA1|PSMA2|PSMA3|PSMA4|PSMA5|PSMA6|PSMA7|PSMA8|PSMB1|PSMB10|PSMB11|PSMB2|PSMB3|PSMB4|PSMB5|PSMB6|PSMB7|PSMB8|PSMB9|PSMC1|PSMC2|PSMC3|PSMC4|PSMC5|PSMC6|PSMD1|PSMD11|PSMD12|PSMD13|PSMD14|PSMD2|PSMD3|PSMD4|PSMD6|PSMD7|PSMD8|SEM1	1uM	A549	6h	LINCSCP_10235
LINCSCP_31959	-0.7546926861	0.0499038488	7	F3098-7034	LSM-4702	NA	10uM	MCF7	24h	LINCSCP_31959
LINCSCP_142131	-0.7546897137	0.04990527385	7	Phorbol Myristate Acetate	LSM-25630	NA	0.1uM	MCF7	24h	LINCSCP_142131
LINCSCP_103687	0.7546796755	0.04991008657	7	Glyburide	LSM-2811	ABCC8|CFTR|KCNJ11|KCNJ5|KCNJ8	1.11uM	HELA	24h	LINCSCP_103687
LINCSCP_7646	-0.7546788742	0.04991047073	7	CHEMBL472694	LSM-42830	GABBR1|GABBR2|SLC52A2	10uM	A549	6h	LINCSCP_7646
LINCSCP_27502	0.7546788041	0.04991050437	7	BRD-K33668351	LSM-10470	NA	5uM	HT29	24h	LINCSCP_27502
LINCSCP_44647	0.7546777129	0.04991102754	7	ZINC1569718	LSM-3105	NA	10uM	PC3	6h	LINCSCP_44647
LINCSCP_124615	0.754673852	0.0499128787	7	MG-132	LSM-1107	PSMB1	20uM	HT29	24h	LINCSCP_124615
LINCSCP_38670	-0.7546719801	0.0499137762	7	CHEMBL2356537	LSM-6830	NA	0.12uM	MCF7	24h	LINCSCP_38670
LINCSCP_46358	0.7546072456	0.04994481987	7	MD-041	LSM-43138	NA	10uM	PC3	6h	LINCSCP_46358
LINCSCP_240929	0.7546051293	0.04994583493	7	313981-55-4	LSM-3024	NA	10uM	MCF7	6h	LINCSCP_240929
LINCSCP_41908	0.7545946432	0.04995086465	7	Neratinib	LSM-42778	EGFR|ERBB2|ERBB4	10uM	NOMO1	6h	LINCSCP_41908
LINCSCP_160543	-0.7545310184	0.0499813885	7	Moxisylyte	LSM-5868	NA	0.04uM	PC3	24h	LINCSCP_160543
LINCSCP_112358	-0.754512887	0.04999008888	7	1268524-70-4	LSM-6332	NA	0.04uM	HEPG2	24h	LINCSCP_112358
LINCSCP_161325	-0.75449733	0.04999755453	7	Metformin	LSM-4730	GPD2|MT-ND1|ND2|ND3|ND4|ND4L|ND5|ND6|NDUFA1|NDUFA10|NDUFA11|NDUFA12|NDUFA13|NDUFA2|NDUFA3|NDUFA4|NDUFA4L2|NDUFA5|NDUFA6|NDUFA7|NDUFA8|NDUFA9|NDUFAB1|NDUFAF1|NDUFAF2|NDUFAF3|NDUFAF4|NDUFB1|NDUFB10|NDUFB11|NDUFB2|NDUFB3|NDUFB4|NDUFB5|NDUFB6|NDUFB7|NDUFB8|NDUFB9|NDUFC1|NDUFC2|NDUFS1|NDUFS2|NDUFS3|NDUFS4|NDUFS5|NDUFS6|NDUFS7|NDUFS8|NDUFV1|NDUFV2|NDUFV3	3.33uM	PC3	24h	LINCSCP_161325
